{"target_qps": 5.0, "actual_qps": 4.997869856639021, "success_rate": 100.0, "input_tokens": 3807, "output_tokens": 199, "model": "QwQ-32B", "input_tokens_per_minute": 1142390.2834008096, "output_tokens_per_minute": 59802.024291497975, "slo_seconds": 5.0, "slo_attainment": 0.4048582995951417, "ttft_slo_ms": 1000, "ttft_slo_attainment": 57.89473684210527, "tpot_slo_ms": 50, "tpot_slo_attainment": 20.242914979757085, "Latency": {"unit": "s", "min": 4.896541131005506, "p50": 12.756889206997585, "p90": 15.412134178001725, "p95": 16.386402820699004, "p99": 18.217517964038848, "max": 18.620664976995613}, "Throughput": {"unit": "tokens/s", "min": 7.556354375481789, "p50": 15.646448586893001, "p90": 20.279276255270503, "p95": 23.016829426158594, "p99": 27.419850049190256, "max": 33.347610306788596}, "TTFT": {"unit": "s", "min": 0.08350801799679175, "p50": 0.8589107670049998, "p90": 1.92213804860221, "p95": 2.291019475196663, "p99": 3.0084238149823794, "max": 5.81704802600143}, "TPOT": {"unit": "ms", "min": 28.59934067840474, "p50": 58.773955824103695, "p90": 71.53537877788973, "p95": 75.55529850452243, "p99": 81.51757635527109, "max": 86.91754204523224}, "Input Tokens per Minute": {"unit": "tokens/min", "min": 1142390.2834008096, "p50": 1142390.2834008096, "p90": 1142390.2834008096, "p95": 1142390.2834008096, "p99": 1142390.2834008096, "max": 1142390.2834008096}, "Output Tokens per Minute": {"unit": "tokens/min", "min": 59802.024291497975, "p50": 59802.024291497975, "p90": 59802.024291497975, "p95": 59802.024291497975, "p99": 59802.024291497975, "max": 59802.024291497975}}
{"target_qps": 5.0, "actual_qps": 4.989600703984303, "success_rate": 100.0, "input_tokens": 3747, "output_tokens": 199, "model": "QwQ-32B", "input_tokens_per_minute": 1124158.9285714286, "output_tokens_per_minute": 59844.642857142855, "slo_seconds": 5.0, "slo_attainment": 0.35714285714285715, "ttft_slo_ms": 1000, "ttft_slo_attainment": 52.142857142857146, "tpot_slo_ms": 50, "tpot_slo_attainment": 21.428571428571427, "Latency": {"unit": "s", "min": 4.976594016006857, "p50": 12.878247361502872, "p90": 17.00097640290114, "p95": 17.767027781494107, "p99": 19.58023452342661, "max": 22.070312062001904}, "Throughput": {"unit": "tokens/s", "min": 7.890948513633108, "p50": 15.515226699730633, "p90": 20.385652464438184, "p95": 23.74444470445143, "p99": 31.837373985755924, "max": 40.18812853865804}, "TTFT": {"unit": "s", "min": 0.08688380099920323, "p50": 0.9464228665019618, "p90": 2.2334963175017037, "p95": 2.6905560950479415, "p99": 3.9045561381165923, "max": 5.038301423002849}, "TPOT": {"unit": "ms", "min": 23.589612301531186, "p50": 60.15813872614105, "p90": 76.6790953366599, "p95": 81.14642419020664, "p99": 89.94507836314912, "max": 101.48726945227287}, "Input Tokens per Minute": {"unit": "tokens/min", "min": 1124158.9285714286, "p50": 1124158.9285714286, "p90": 1124158.9285714286, "p95": 1124158.9285714286, "p99": 1124158.9285714286, "max": 1124158.9285714286}, "Output Tokens per Minute": {"unit": "tokens/min", "min": 59844.642857142855, "p50": 59844.642857142855, "p90": 59844.642857142855, "p95": 59844.642857142855, "p99": 59844.642857142855, "max": 59844.642857142855}}
{"target_qps": 5.0, "actual_qps": 4.991430104258603, "success_rate": 100.0, "input_tokens": 3872, "output_tokens": 199, "model": "QwQ-32B", "input_tokens_per_minute": 1171053.2977042713, "output_tokens_per_minute": 60348.222594549356, "slo_seconds": 5.0, "slo_attainment": 0.0, "ttft_slo_ms": 1000, "ttft_slo_attainment": 60.726072607260726, "tpot_slo_ms": 50, "tpot_slo_attainment": 12.871287128712872, "Latency": {"unit": "s", "min": 7.3772328940031, "p50": 12.847311145997082, "p90": 15.847666322800798, "p95": 16.625904661705135, "p99": 18.33743855972178, "max": 19.23688515699905}, "Throughput": {"unit": "tokens/s", "min": 10.030861308466223, "p50": 15.551394943993316, "p90": 18.942777365501282, "p95": 21.752686653701865, "p99": 23.243695752507605, "max": 26.365944323724513}, "TTFT": {"unit": "s", "min": 0.16970351099735126, "p50": 0.8556307920007384, "p90": 1.898564113203611, "p95": 2.13575383589632, "p99": 2.9808137485817183, "max": 3.6713768799963873}, "TPOT": {"unit": "ms", "min": 35.481146306532786, "p50": 59.432210512545566, "p90": 72.57584275074663, "p95": 76.44630138242081, "p99": 85.6939493512604, "max": 95.05965973978961}, "Input Tokens per Minute": {"unit": "tokens/min", "min": 1171053.2977042713, "p50": 1171053.2977042713, "p90": 1171053.2977042713, "p95": 1171053.2977042713, "p99": 1171053.2977042713, "max": 1171053.2977042713}, "Output Tokens per Minute": {"unit": "tokens/min", "min": 60348.222594549356, "p50": 60348.222594549356, "p90": 60348.222594549356, "p95": 60348.222594549356, "p99": 60348.222594549356, "max": 60348.222594549356}}
{"target_qps": 5.0, "actual_qps": 4.999890178745381, "success_rate": 100.0, "input_tokens": 3741, "output_tokens": 200, "model": "QwQ-32B", "input_tokens_per_minute": 1187448.1276974229, "output_tokens_per_minute": 63467.72095468034, "slo_seconds": 5.0, "slo_attainment": 0.0, "ttft_slo_ms": 1000, "ttft_slo_attainment": 81.44654088050315, "tpot_slo_ms": 50, "tpot_slo_attainment": 16.666666666666664, "Latency": {"unit": "s", "min": 8.314626598999894, "p50": 12.355904743501014, "p90": 15.101747146600975, "p95": 16.261542407597517, "p99": 18.068842638014758, "max": 18.820125448997715}, "Throughput": {"unit": "tokens/s", "min": 10.626921724937343, "p50": 16.1866106229497, "p90": 19.801136516313527, "p95": 20.605474012334316, "p99": 22.442082470266374, "max": 24.053996606901933}, "TTFT": {"unit": "s", "min": 0.04723245999775827, "p50": 0.4998152799962554, "p90": 1.3967745072011895, "p95": 2.113988811601302, "p99": 3.06368560651739, "max": 4.097308067000995}, "TPOT": {"unit": "ms", "min": 39.64046450754032, "p50": 58.29737132160919, "p90": 70.78382899847534, "p95": 77.0111287567881, "p99": 84.38836684592073, "max": 86.03711952763199}, "Input Tokens per Minute": {"unit": "tokens/min", "min": 1187448.1276974229, "p50": 1187448.1276974229, "p90": 1187448.1276974229, "p95": 1187448.1276974229, "p99": 1187448.1276974229, "max": 1187448.1276974229}, "Output Tokens per Minute": {"unit": "tokens/min", "min": 63467.72095468034, "p50": 63467.72095468034, "p90": 63467.72095468034, "p95": 63467.72095468034, "p99": 63467.72095468034, "max": 63467.72095468034}}
{"target_qps": 5.0, "actual_qps": 4.999957248198603, "success_rate": 100.0, "input_tokens": 3667, "output_tokens": 199, "model": "QwQ-32B", "input_tokens_per_minute": 1100278.5467128027, "output_tokens_per_minute": 59872.31833910034, "slo_seconds": 5.0, "slo_attainment": 0.0, "ttft_slo_ms": 1000, "ttft_slo_attainment": 100.0, "tpot_slo_ms": 50, "tpot_slo_attainment": 37.0242214532872, "Latency": {"unit": "s", "min": 5.951037583006837, "p50": 11.009621780001908, "p90": 13.612472263201198, "p95": 14.319583296201014, "p99": 14.918861638964735, "max": 15.462817779000034}, "Throughput": {"unit": "tokens/s", "min": 12.934253178073332, "p50": 18.16062841177226, "p90": 23.37789529399441, "p95": 24.28268595851439, "p99": 25.69103923794022, "max": 26.967498947985032}, "TTFT": {"unit": "s", "min": 0.05245396999816876, "p50": 0.3069084020025912, "p90": 0.48648834820487535, "p95": 0.4971784719993593, "p99": 0.6548981562809791, "max": 0.9798427159985295}, "TPOT": {"unit": "ms", "min": 36.90540481406445, "p50": 53.80748914068871, "p90": 67.37267525025541, "p95": 70.32298250150183, "p99": 73.65507615236278, "max": 75.28766100000925}, "Input Tokens per Minute": {"unit": "tokens/min", "min": 1100278.5467128027, "p50": 1100278.5467128027, "p90": 1100278.5467128027, "p95": 1100278.5467128027, "p99": 1100278.5467128027, "max": 1100278.5467128027}, "Output Tokens per Minute": {"unit": "tokens/min", "min": 59872.31833910034, "p50": 59872.31833910034, "p90": 59872.31833910034, "p95": 59872.31833910034, "p99": 59872.31833910034, "max": 59872.31833910034}}
{"target_qps": 5.0, "actual_qps": 4.999941694179975, "success_rate": 100.0, "input_tokens": 3821,