{"target_qps": 5.0, "actual_qps": 4.999631561151535, "success_rate": 100.0, "input_tokens": 3822, "output_tokens": 199, "model": "QwQ-32B", "input_tokens_per_minute": 1146677.8723404256, "output_tokens_per_minute": 59703.82978723404, "slo_seconds": 5.0, "slo_attainment": 1.276595744680851, "ttft_slo_ms": 1000, "ttft_slo_attainment": 59.57446808510638, "tpot_slo_ms": 50, "tpot_slo_attainment": 53.61702127659574, "Latency": {"unit": "s", "min": 4.639246753002226, "p50": 10.716463138996914, "p90": 13.994319018399983, "p95": 14.750476439999327, "p99": 16.87160672449856, "max": 17.85591244999523}, "Throughput": {"unit": "tokens/s", "min": 10.343751035713824, "p50": 18.64089754185301, "p90": 30.470335740941447, "p95": 34.01121851874582, "p99": 38.23259502825274, "max": 43.110446727278024}, "TTFT": {"unit": "s", "min": 0.13442232799570775, "p50": 0.8397518249985296, "p90": 2.5010644683963617, "p95": 3.192583258297964, "p99": 4.6838217093212, "max": 7.416421583999181}, "TPOT": {"unit": "ms", "min": 14.165515587912305, "p50": 47.860227773896476, "p90": 66.78523105328163, "p95": 69.77673018190761, "p99": 78.93199034584961, "max": 84.67200346734641}, "Input Tokens per Minute": {"unit": "tokens/min", "min": 1146677.8723404256, "p50": 1146677.8723404256, "p90": 1146677.8723404256, "p95": 1146677.8723404256, "p99": 1146677.8723404256, "max": 1146677.8723404256}, "Output Tokens per Minute": {"unit": "tokens/min", "min": 59703.82978723404, "p50": 59703.82978723404, "p90": 59703.82978723404, "p95": 59703.82978723404, "p99": 59703.82978723404, "max": 59703.82978723404}}
{"target_qps": 5.0, "actual_qps": 4.9986701407158, "success_rate": 100.0, "input_tokens": 3948, "output_tokens": 198, "model": "QwQ-32B", "input_tokens_per_minute": 1211847.596894294, "output_tokens_per_minute": 60794.82598541369, "slo_seconds": 5.0, "slo_attainment": 0.6514657980456027, "ttft_slo_ms": 1000, "ttft_slo_attainment": 71.00977198697068, "tpot_slo_ms": 50, "tpot_slo_attainment": 23.12703583061889, "Latency": {"unit": "s", "min": 3.789324122000835, "p50": 12.829171234996466, "p90": 16.92978460060258, "p95": 18.639369063099, "p99": 20.73806461754313, "max": 22.859406382995076}, "Throughput": {"unit": "tokens/s", "min": 7.134850188530074, "p50": 15.547095170128317, "p90": 21.02560917851073, "p95": 25.65509022389162, "p99": 30.7680771735344, "max": 36.87539004313832}, "TTFT": {"unit": "s", "min": 0.09800150199589552, "p50": 0.6944400990032591, "p90": 2.0747533887988547, "p95": 2.429984565998893, "p99": 3.4443460090941516, "max": 5.116983739004354}, "TPOT": {"unit": "ms", "min": 25.53857778391044, "p50": 59.17963229649789, "p90": 80.5772295276238, "p95": 86.31750181909351, "p99": 94.63243479728209, "max": 100.48583051722179}, "Input Tokens per Minute": {"unit": "tokens/min", "min": 1211847.596894294, "p50": 1211847.596894294, "p90": 1211847.596894294, "p95": 1211847.596894294, "p99": 1211847.596894294, "max": 1211847.596894294}, "Output Tokens per Minute": {"unit": "tokens/min", "min": 60794.82598541369, "p50": 60794.82598541369, "p90": 60794.82598541369, "p95": 60794.82598541369, "p99": 60794.82598541369, "max": 60794.82598541369}}
{"target_qps": 5.0, "actual_qps": 4.999515286077315, "success_rate": 100.0, "input_tokens": 3999, "output_tokens": 199, "model": "QwQ-32B", "input_tokens_per_minute": 1199894.2953020134, "output_tokens_per_minute": 59809.73154362416, "slo_seconds": 5.0, "slo_attainment": 0.0, "ttft_slo_ms": 1000, "ttft_slo_attainment": 73.15436241610739, "tpot_slo_ms": 50, "tpot_slo_attainment": 15.100671140939598, "Latency": {"unit": "s", "min": 6.589451617001032, "p50": 12.472557832999883, "p90": 15.541372288899584, "p95": 16.488458666549924, "p99": 17.908035206357663, "max": 19.75124965899886}, "Throughput": {"unit": "tokens/s", "min": 10.125941570936403, "p50": 15.970396354384139, "p90": 20.26672434484668, "p95": 23.53981438550692, "p99": 26.940788180130564, "max": 30.351539342665863}, "TTFT": {"unit": "s", "min": 0.06888768199860351, "p50": 0.6805298479994235, "p90": 1.5202785081048207, "p95": 1.9490428772984156, "p99": 2.7175988264685236, "max": 3.1244316489974153}, "TPOT": {"unit": "ms", "min": 31.868038381886876, "p50": 58.767979032651496, "p90": 72.63145275374428, "p95": 76.45415922638517, "p99": 85.63312002457458, "max": 87.40656169348726}, "Input Tokens per Minute": {"unit": "tokens/min", "min": 1199894.2953020134, "p50": 1199894.2953020134, "p90": 1199894.2953020134, "p95": 1199894.2953020134, "p99": 1199894.2953020134, "max": 1199894.2953020134}, "Output Tokens per Minute": {"unit": "tokens/min", "min": 59809.73154362416, "p50": 59809.73154362416, "p90": 59809.73154362416, "p95": 59809.73154362416, "p99": 59809.73154362416, "max": 59809.73154362416}}
{"target_qps": 5.0, "actual_qps": 4.999932875984825, "success_rate": 100.0, "input_tokens": 3912, "output_tokens": 199, "model": "QwQ-32B", "input_tokens_per_minute": 1173713.5135135134, "output_tokens_per_minute": 59843.91891891892, "slo_seconds": 5.0, "slo_attainment": 0.33783783783783783, "ttft_slo_ms": 1000, "ttft_slo_attainment": 85.13513513513513, "tpot_slo_ms": 50, "tpot_slo_attainment": 16.89189189189189, "Latency": {"unit": "s", "min": 2.5483304010049324, "p50": 12.527543714499188, "p90": 15.135217799001111, "p95": 16.118444246751096, "p99": 18.658019519095255, "max": 19.743752207999933}, "Throughput": {"unit": "tokens/s", "min": 10.129786774722708, "p50": 15.96483431102278, "p90": 20.44768781672272, "p95": 21.48783561326343, "p99": 25.26323612671471, "max": 26.932913799494116}, "TTFT": {"unit": "s", "min": 0.0731762700015679, "p50": 0.5355296800007636, "p90": 1.281223169498844, "p95": 1.7108923724972556, "p99": 2.4734269690510717, "max": 3.310838794001029}, "TPOT": {"unit": "ms", "min": 35.79855985427188, "p50": 59.96935522109115, "p90": 71.9422777587919, "p95": 74.87703716710095, "p99": 83.2625783874136, "max": 89.2204148492316}, "Input Tokens per Minute": {"unit": "tokens/min", "min": 1173713.5135135134, "p50": 1173713.5135135134, "p90": 1173713.5135135134, "p95": 1173713.5135135134, "p99": 1173713.5135135134, "max": 1173713.5135135134}, "Output Tokens per Minute": {"unit": "tokens/min", "min": 59843.91891891892, "p50": 59843.91891891892, "p90": 59843.91891891892, "p95": 59843.91891891892, "p99": 59843.91891891892, "max": 59843.91891891892}}
{"target_qps": 5.0, "actual_qps": 4.999970868252867, "success_rate": 100.0, "input_tokens": 4030, "output_tokens": 198, "model": "QwQ-32B", "input_tokens_per_minute": 1220977.1680392975, "output_tokens_per_minute": 60185.98796227451, "slo_seconds": 5.0, "slo_attainment": 0.6600660066006601, "ttft_slo_ms": 1000, "ttft_slo_attainment": 100.0, "tpot_slo_ms": 50, "tpot_slo_attainment": 16.5016501650165, "Latency": {"unit": "s", "min": 4.483702530997107, "p50": 11.922889549001411, "p90": 14.359242958994582, "p95": 14.913133526997987, "p99": 15.639151020640131, "max": 16.666945022996515}, "Throughput": {"unit": "tokens/s", "min": 11.999799586789687, "p50": 16.749328114076558, "p90": 20.416210940285886, "p95": 21.255658394078498, "p99": 23.680187817429413, "max": 25.485935184365122}, "TTFT": {"unit": "s", "min": 0.04626969000673853, "p50": 0.38181418800377287, "p90": 0.5066876877986942, "p95": 0.5378112428013992, "p99": 0.612338991816214, "max": 0.6828194550034823}, "TPOT": {"unit": "ms", "min": 36.76580613064837, "p50": 58.00545704521791, "p90": 69.73155912765198, "p95": 73.02785930102009, "p99": 76.57187833597425, "max": 82.33731503515175}, "Input Tokens per Minute": {"unit": "tokens/min", "min": 1220977.1680392975, "p50": 1220977.1680392975, "p90": 1220977.1680392975, "p95": 1220977.1680392975, "p99": 1220977.1680392975, "max": 1220977.1680392975}, "Output Tokens per Minute": {"unit": "tokens/min", "min": 60185.98796227451, "p50": 60185.98796227451, "p90": 60185.98796227451, "p95": 60185.98796227451, "p99": 60185.98796227451, "max": 60185.98796227451}}
{"target_qps": 5.0, "actual_qps": 4.9999618032914785, "success_rate": 100.0, "input_tokens": 3895, "output_tokens": 199,