{"actual_qps": 5.525443335853792, "success_rate": 98.34254143646409, "input_tokens": 4102, "output_tokens": 200, "model": "QwQ-32B", "input_tokens_per_minute": 716200.4453592427, "output_tokens_per_minute": 34918.18628811745, "slo_seconds": 5.0, "slo_attainment": 0.0, "ttft_slo_ms": 1000, "ttft_slo_attainment": 0.0, "tpot_slo_ms": 50, "tpot_slo_attainment": 25.41436464088398, "Latency": {"unit": "s", "min": 11.336526203995163, "p50": 18.05217215650191, "p90": 31.74847011160382, "p95": 34.6575334383986, "p99": 36.355593806150644, "max": 36.60521993400471}, "Throughput": {"unit": "tokens/s", "min": 5.463701634919243, "p50": 11.079382863586474, "p90": 13.207679318716215, "p95": 16.176794716072948, "p99": 17.1710659657042, "max": 17.642088625836458}, "TTFT": {"unit": "s", "min": 2.266832956003782, "p50": 6.929528493001271, "p90": 19.56747302569638, "p95": 21.52217815754521, "p99": 25.29236974739957, "max": 25.570997886999976}, "TPOT": {"unit": "ms", "min": 33.42683078393126, "p50": 61.299152200998876, "p90": 73.57138643919049, "p95": 75.70250668166538, "p99": 80.7203341293859, "max": 83.3722021658589}, "Input Tokens per Minute": {"unit": "tokens/min", "min": 716200.4453592427, "p50": 716200.4453592427, "p90": 716200.4453592427, "p95": 716200.4453592427, "p99": 716200.4453592427, "max": 716200.4453592427}, "Output Tokens per Minute": {"unit": "tokens/min", "min": 34918.18628811745, "p50": 34918.18628811745, "p90": 34918.18628811745, "p95": 34918.18628811745, "p99": 34918.18628811745, "max": 34918.18628811745}, "exceptions": {"Request timed out.": 2, "Connection error.": 1}}
{"actual_qps": 4.747406567588482, "success_rate": 93.63636363636364, "input_tokens": 3896, "output_tokens": 199, "model": "QwQ-32B", "input_tokens_per_minute": 1181099.8044121373, "output_tokens_per_minute": 60611.49779983758, "slo_seconds": 5.0, "slo_attainment": 0.0, "ttft_slo_ms": 1000, "ttft_slo_attainment": 0.0, "tpot_slo_ms": 50, "tpot_slo_attainment": 41.81818181818181, "Latency": {"unit": "s", "min": 9.344743481000478, "p50": 25.152674627002853, "p90": 36.37018878340022, "p95": 39.7188337737985, "p99": 45.610806935203165, "max": 51.664495288998296}, "Throughput": {"unit": "tokens/s", "min": 3.871130432635602, "p50": 7.951440670460088, "p90": 12.082683933949026, "p95": 13.981547151892084, "p99": 18.358575077697697, "max": 21.402406647826716}, "TTFT": {"unit": "s", "min": 1.1028989059996093, "p50": 13.62859424600174, "p90": 26.68930434299982, "p95": 29.254929543001335, "p99": 34.57030405788071, "max": 41.600401830997725}, "TPOT": {"unit": "ms", "min": 12.888742452240185, "p50": 53.4939738643141, "p90": 77.06063271255347, "p95": 83.25689515880192, "p99": 88.3998665342768, "max": 99.22185934676838}, "Input Tokens per Minute": {"unit": "tokens/min", "min": 1181099.8044121373, "p50": 1181099.8044121373, "p90": 1181099.8044121373, "p95": 1181099.8044121373, "p99": 1181099.8044121373, "max": 1181099.8044121373}, "Output Tokens per Minute": {"unit": "tokens/min", "min": 60611.49779983758, "p50": 60611.49779983758, "p90": 60611.49779983758, "p95": 60611.49779983758, "p99": 60611.49779983758, "max": 60611.49779983758}, "exceptions": {"Request timed out.": 21}}
{"actual_qps": 4.82957198467419, "success_rate": 100.0, "input_tokens": 4080, "output_tokens": 199, "model": "QwQ-32B", "input_tokens_per_minute": 1032682.7999686965, "output_tokens_per_minute": 50544.07465205001, "slo_seconds": 5.0, "slo_attainment": 0.0, "ttft_slo_ms": 1000, "ttft_slo_attainment": 0.7751937984496124, "tpot_slo_ms": 50, "tpot_slo_attainment": 36.434108527131784, "Latency": {"unit": "s", "min": 10.11924660299701, "p50": 19.617832236501272, "p90": 32.04559873409817, "p95": 36.43077713344719, "p99": 40.40374858308257, "max": 51.29824107099557}, "Throughput": {"unit": "tokens/s", "min": 3.898769155129601, "p50": 10.195030729612387, "p90": 13.898800313583205, "p95": 15.153586088874317, "p99": 18.319715013976325, "max": 19.764317230965215}, "TTFT": {"unit": "s", "min": 0.7154307739983778, "p50": 8.921687773501617, "p90": 18.367709018399914, "p95": 22.913764594903114, "p99": 27.529240652549273, "max": 31.362228194004274}, "TPOT": {"unit": "ms", "min": 20.969364814046095, "p50": 55.94637144220806, "p90": 74.51716247086364, "p95": 96.32137745781678, "p99": 130.64240195242198, "max": 133.37931129145414}, "Input Tokens per Minute": {"unit": "tokens/min", "min": 1032682.7999686965, "p50": 1032682.7999686965, "p90": 1032682.7999686965, "p95": 1032682.7999686965, "p99": 1032682.7999686965, "max": 1032682.7999686965}, "Output Tokens per Minute": {"unit": "tokens/min", "min": 50544.07465205001, "p50": 50544.07465205001, "p90": 50544.07465205001, "p95": 50544.07465205001, "p99": 50544.07465205001, "max": 50544.07465205001}}
{"actual_qps": 4.749502469905768, "success_rate": 100.0, "input_tokens": 3962, "output_tokens": 199, "model": "QwQ-32B", "input_tokens_per_minute": 1301877.495051846, "output_tokens_per_minute": 65570.66493109381, "slo_seconds": 5.0, "slo_attainment": 0.0, "ttft_slo_ms": 1000, "ttft_slo_attainment": 8.955223880597014, "tpot_slo_ms": 50, "tpot_slo_attainment": 21.19402985074627, "Latency": {"unit": "s", "min": 6.104238977000932, "p50": 19.152458477001346, "p90": 29.867129488196227, "p95": 32.4344965837001, "p99": 36.078041172884404, "max": 39.253181864005455}, "Throughput": {"unit": "tokens/s", "min": 5.095128356547239, "p50": 10.442523618582126, "p90": 18.946096963279324, "p95": 20.934064308986365, "p99": 23.790139888065003, "max": 32.7641169937062}, "TTFT": {"unit": "s", "min": 0.1220150220033247, "p50": 4.228711136005586, "p90": 11.956591235601813, "p95": 14.800638934699966, "p99": 21.069812630002428, "max": 22.85108662299899}, "TPOT": {"unit": "ms", "min": 29.621145668326662, "p50": 75.16591352258953, "p90": 100.0153686834298, "p95": 107.00452240251884, "p99": 120.97650827567288, "max": 141.49489884924944}, "Input Tokens per Minute": {"unit": "tokens/min", "min": 1301877.495051846, "p50": 1301877.495051846, "p90": 1301877.495051846, "p95": 1301877.495051846, "p99": 1301877.495051846, "max": 1301877.495051846}, "Output Tokens per Minute": {"unit": "tokens/min", "min": 65570.66493109381, "p50": 65570.66493109381, "p90": 65570.66493109381, "p95": 65570.66493109381, "p99": 65570.66493109381, "max": 65570.66493109381}}
{"actual_qps": 5.508811042967624, "success_rate": 100.0, "input_tokens": 3994, "output_tokens": 199, "model": "QwQ-32B", "input_tokens_per_minute": 1281279.6885335746, "output_tokens_per_minute": 64012.09757121127, "slo_seconds": 5.0, "slo_attainment": 0.0, "ttft_slo_ms": 1000, "ttft_slo_attainment": 15.902140672782874, "tpot_slo_ms": 50, "tpot_slo_attainment": 29.357798165137616, "Latency": {"unit": "s", "min": 7.6122747769986745, "p50": 14.285627370998554, "p90": 27.65263897219994, "p95": 33.87417993039926, "p99": 36.781968602357374, "max": 37.480818516}, "Throughput": {"unit": "tokens/s", "min": 5.336062762733503, "p50": 13.980206666818932, "p90": 20.416652776211723, "p95": 21.856685724879302, "p99": 25.154388858234967, "max": 26.27335531874414}, "TTFT": {"unit": "s", "min": 0.15494978099741274, "p50": 2.3181476239988115, "p90": 6.174860313000686, "p95": 13.031807076297989, "p99": 16.20815668637704, "max": 17.171006094002223}, "TPOT": {"unit": "ms", "min": 35.60576178392351, "p50": 60.248272954755414, "p90": 101.0197504211057, "p95": 111.0787044623112, "p99": 127.2939838404905, "max": 128.6025657336448}, "Input Tokens per Minute": {"unit": "tokens/min", "min": 1281279.6885335746, "p50": 1281279.6885335746, "p90": 1281279.6885335746, "p95": 1281279.6885335746, "p99": 1281279.6885335746, "max": 1281279.6885335746}, "Output Tokens per Minute": {"unit": "tokens/min", "min": 64012.09757121127, "p50": 64012.09757121127, "p90": 64012.09757121127, "p95": 64012.09757121127, "p99": 64012.09757121127, "max": 64012.09757121127}}
{"actual_qps": 4.599965808377429, "success_rate": 100.0, "input_tokens": 3966, "output_tokens": 200, "model": "QwQ-32B", "input_tokens_per_minute": 1182711.3375602097,