{"actual_qps": 2.2064910666299546, "success_rate": 100.0, "input_tokens": 3325, "output_tokens": 198, "model": "QwQ-32B", "input_tokens_per_minute": 328569.902039966, "output_tokens_per_minute": 19576.844993405623, "slo_seconds": 5.0, "slo_attainment": 1.0, "ttft_slo_ms": 1000, "ttft_slo_attainment": 25.0, "tpot_slo_ms": 50, "tpot_slo_attainment": 65.0, "Latency": {"unit": "s", "min": 1.1045931210028357, "p50": 10.521392522005044, "p90": 15.261566886394576, "p95": 16.694824825549222, "p99": 18.043757243167715, "max": 18.945952476999082}, "Throughput": {"unit": "tokens/s", "min": 10.556344435192985, "p50": 18.946058654741677, "p90": 25.565730724942135, "p95": 27.742145679822674, "p99": 31.058799249893575, "max": 33.04149888714735}, "TTFT": {"unit": "s", "min": 0.1940944119996857, "p50": 1.8475211580007453, "p90": 3.8294164635983194, "p95": 4.773707200897479, "p99": 5.8995947779536175, "max": 7.878897021000739}, "TPOT": {"unit": "ms", "min": 20.52420249986296, "p50": 43.3718858969874, "p90": 67.26074138291072, "p95": 69.62291001833894, "p99": 70.96712931697319, "max": 72.72020493969397}, "Input Tokens per Minute": {"unit": "tokens/min", "min": 328569.902039966, "p50": 328569.902039966, "p90": 328569.902039966, "p95": 328569.902039966, "p99": 328569.902039966, "max": 328569.902039966}, "Output Tokens per Minute": {"unit": "tokens/min", "min": 19576.844993405623, "p50": 19576.844993405623, "p90": 19576.844993405623, "p95": 19576.844993405623, "p99": 19576.844993405623, "max": 19576.844993405623}}
{"actual_qps": 2.0502793701426705, "success_rate": 100.0, "input_tokens": 3739, "output_tokens": 198, "model": "QwQ-32B", "input_tokens_per_minute": 504206.34292898164, "output_tokens_per_minute": 26794.034943122086, "slo_seconds": 5.0, "slo_attainment": 0.7299270072992701, "ttft_slo_ms": 1000, "ttft_slo_attainment": 18.97810218978102, "tpot_slo_ms": 50, "tpot_slo_attainment": 64.96350364963503, "Latency": {"unit": "s", "min": 2.8265948460029904, "p50": 11.025439067001571, "p90": 15.43686718360259, "p95": 15.689320453601246, "p99": 17.18965230703994, "max": 17.738086408004165}, "Throughput": {"unit": "tokens/s", "min": 11.275173398058973, "p50": 18.06631948853573, "p90": 24.146739245193256, "p95": 25.88973676540727, "p99": 28.37666059764255, "max": 31.455014821950847}, "TTFT": {"unit": "s", "min": 0.2859651440012385, "p50": 1.819266988997697, "p90": 4.362312827000279, "p95": 5.11141244660248, "p99": 6.060940880802227, "max": 7.079595489994972}, "TPOT": {"unit": "ms", "min": 20.11851624623128, "p50": 44.764384763830414, "p90": 61.6649989236217, "p95": 66.5692409839195, "p99": 74.01350885990013, "max": 78.00888452762574}, "Input Tokens per Minute": {"unit": "tokens/min", "min": 504206.34292898164, "p50": 504206.34292898164, "p90": 504206.34292898164, "p95": 504206.34292898164, "p99": 504206.34292898164, "max": 504206.34292898164}, "Output Tokens per Minute": {"unit": "tokens/min", "min": 26794.034943122086, "p50": 26794.034943122086, "p90": 26794.034943122086, "p95": 26794.034943122086, "p99": 26794.034943122086, "max": 26794.034943122086}}
{"actual_qps": 2.0011680608996976, "success_rate": 100.0, "input_tokens": 3625, "output_tokens": 196, "model": "QwQ-32B", "input_tokens_per_minute": 413893.34092004277, "output_tokens_per_minute": 22458.924242892426, "slo_seconds": 5.0, "slo_attainment": 0.0, "ttft_slo_ms": 1000, "ttft_slo_attainment": 12.068965517241379, "tpot_slo_ms": 50, "tpot_slo_attainment": 42.241379310344826, "Latency": {"unit": "s", "min": 7.971036859999003, "p50": 14.641675546499755, "p90": 23.379640749495593, "p95": 25.23870621449896, "p99": 26.33006236259825, "max": 30.914215114004037}, "Throughput": {"unit": "tokens/s", "min": 2.6157361788710003, "p50": 13.401744229976579, "p90": 20.907883485007318, "p95": 22.767768902723272, "p99": 24.614628490976283, "max": 25.090838684194093}, "TTFT": {"unit": "s", "min": 0.25075215700053377, "p50": 2.559958692498185, "p90": 6.071464589502284, "p95": 7.6972381237519585, "p99": 8.447418049403858, "max": 8.757916497001133}, "TPOT": {"unit": "ms", "min": 31.09949695978351, "p50": 52.476358510035084, "p90": 96.03708460300692, "p95": 102.33835837563456, "p99": 127.98048461932007, "max": 145.64839518593476}, "Input Tokens per Minute": {"unit": "tokens/min", "min": 413893.34092004277, "p50": 413893.34092004277, "p90": 413893.34092004277, "p95": 413893.34092004277, "p99": 413893.34092004277, "max": 413893.34092004277}, "Output Tokens per Minute": {"unit": "tokens/min", "min": 22458.924242892426, "p50": 22458.924242892426, "p90": 22458.924242892426, "p95": 22458.924242892426, "p99": 22458.924242892426, "max": 22458.924242892426}}
{"actual_qps": 2.0655775122685855, "success_rate": 100.0, "input_tokens": 3707, "output_tokens": 199, "model": "QwQ-32B", "input_tokens_per_minute": 412071.8940058519, "output_tokens_per_minute": 22126.269589753254, "slo_seconds": 5.0, "slo_attainment": 0.0, "ttft_slo_ms": 1000, "ttft_slo_attainment": 9.734513274336283, "tpot_slo_ms": 50, "tpot_slo_attainment": 15.04424778761062, "Latency": {"unit": "s", "min": 6.317914289997134, "p50": 17.418794851000712, "p90": 34.33774837360251, "p95": 35.81208995619818, "p99": 37.10934002952126, "max": 37.14626695000334}, "Throughput": {"unit": "tokens/s", "min": 5.384121108836807, "p50": 11.444117963968118, "p90": 18.083958117958524, "p95": 19.68051925706643, "p99": 23.158536486539596, "max": 31.65601665673922}, "TTFT": {"unit": "s", "min": 0.19592266400286462, "p50": 2.786520134002785, "p90": 13.432170838201996, "p95": 16.121471805201146, "p99": 18.151574361205853, "max": 19.250446685997304}, "TPOT": {"unit": "ms", "min": 29.782743879379506, "p50": 74.0859949195757, "p90": 100.67387332060595, "p95": 106.36252378091336, "p99": 119.2176006188945, "max": 121.0639640201078}, "Input Tokens per Minute": {"unit": "tokens/min", "min": 412071.8940058519, "p50": 412071.8940058519, "p90": 412071.8940058519, "p95": 412071.8940058519, "p99": 412071.8940058519, "max": 412071.8940058519}, "Output Tokens per Minute": {"unit": "tokens/min", "min": 22126.269589753254, "p50": 22126.269589753254, "p90": 22126.269589753254, "p95": 22126.269589753254, "p99": 22126.269589753254, "max": 22126.269589753254}}
{"actual_qps": 2.333296003552777, "success_rate": 100.0, "input_tokens": 3636, "output_tokens": 199, "model": "QwQ-32B", "input_tokens_per_minute": 522210.45417669124, "output_tokens_per_minute": 28644.642053469404, "slo_seconds": 5.0, "slo_attainment": 0.0, "ttft_slo_ms": 1000, "ttft_slo_attainment": 18.493150684931507, "tpot_slo_ms": 50, "tpot_slo_attainment": 37.67123287671233, "Latency": {"unit": "s", "min": 7.643702551999013, "p50": 12.879407106498547, "p90": 21.028121960000135, "p95": 26.562652729251568, "p99": 29.045380483100605, "max": 29.562431530997856}, "Throughput": {"unit": "tokens/s", "min": 5.550941558079945, "p50": 15.528794095394048, "p90": 20.940571551078726, "p95": 23.166080125883806, "p99": 25.119216771909173, "max": 26.16533003991569}, "TTFT": {"unit": "s", "min": 0.14053170999977738, "p50": 2.041709749497386, "p90": 4.547127384503256, "p95": 6.592088265999337, "p99": 8.868393328801183, "max": 9.41994599300233}, "TPOT": {"unit": "ms", "min": 35.442858241212114, "p50": 53.97409680653021, "p90": 90.21554785679987, "p95": 105.43235184681777, "p99": 112.21723488667692, "max": 128.41420916580986}, "Input Tokens per Minute": {"unit": "tokens/min", "min": 522210.45417669124, "p50": 522210.45417669124, "p90": 522210.45417669124, "p95": 522210.45417669124, "p99": 522210.45417669124, "max": 522210.45417669124}, "Output Tokens per Minute": {"unit": "tokens/min", "min": 28644.642053469404, "p50": 28644.642053469404, "p90": 28644.642053469404, "p95": 28644.642053469404, "p99": 28644.642053469404, "max": 28644.642053469404}}
{"actual_qps": 2.2623362135390432, "success_rate": 100.0, "input_tokens": 3580, "output_tokens": 198, "model": "QwQ-32B", "input_tokens_per_minute": 493110.40146218357, "output_tokens_per_minute": 27387.590596003094, "slo_seconds": 5.0,