{"target_qps": 5.0, "actual_qps": 4.992619089591971, "success_rate": 100.0, "input_tokens": 3927, "output_tokens": 200, "model": "QwQ-32B", "input_tokens_per_minute": 1178170.4453441296, "output_tokens_per_minute": 60000.0, "slo_seconds": 5.0, "slo_attainment": 2.42914979757085, "ttft_slo_ms": 1000, "ttft_slo_attainment": 59.91902834008097, "tpot_slo_ms": 50, "tpot_slo_attainment": 75.7085020242915, "Latency": {"unit": "s", "min": 4.374973074000081, "p50": 8.768627922000633, "p90": 13.806696184200154, "p95": 14.483944928699657, "p99": 16.893513329559678, "max": 18.229930557000444}, "Throughput": {"unit": "tokens/s", "min": 10.970968834722102, "p50": 22.80858553687706, "p90": 32.69680483097357, "p95": 36.060518702893155, "p99": 42.63392169306917, "max": 45.714567065240935}, "TTFT": {"unit": "s", "min": 0.06849883700033388, "p50": 0.8221897739995256, "p90": 2.247583943400241, "p95": 2.5185334907998365, "p99": 3.210578968220088, "max": 6.9733458690006955}, "TPOT": {"unit": "ms", "min": 18.514336447239184, "p50": 39.040658145728486, "p90": 60.30049694170738, "p95": 64.51505809145692, "p99": 78.8206494155783, "max": 86.42517098492799}, "Input Tokens per Minute": {"unit": "tokens/min", "min": 1178170.4453441296, "p50": 1178170.4453441296, "p90": 1178170.4453441296, "p95": 1178170.4453441296, "p99": 1178170.4453441296, "max": 1178170.4453441296}, "Output Tokens per Minute": {"unit": "tokens/min", "min": 60000.0, "p50": 60000.0, "p90": 60000.0, "p95": 60000.0, "p99": 60000.0, "max": 60000.0}}
{"target_qps": 5.0, "actual_qps": 4.994016997756934, "success_rate": 100.0, "input_tokens": 3992, "output_tokens": 199, "model": "QwQ-32B", "input_tokens_per_minute": 1243748.2867895188, "output_tokens_per_minute": 62161.103236873794, "slo_seconds": 5.0, "slo_attainment": 1.6025641025641024, "ttft_slo_ms": 1000, "ttft_slo_attainment": 71.7948717948718, "tpot_slo_ms": 50, "tpot_slo_attainment": 74.67948717948718, "Latency": {"unit": "s", "min": 3.0854247500001293, "p50": 8.336323133499718, "p90": 13.311886937299914, "p95": 16.400402143100244, "p99": 17.38733713858028, "max": 18.420099199000106}, "Throughput": {"unit": "tokens/s", "min": 10.857704827716484, "p50": 23.921522364277028, "p90": 34.82161814547387, "p95": 36.81272600018981, "p99": 40.49656862897429, "max": 44.76447374474797}, "TTFT": {"unit": "s", "min": 0.09196134099966002, "p50": 0.6943234929999562, "p90": 1.51310488399977, "p95": 1.784925272949476, "p99": 2.3647690812304334, "max": 2.5846188840005198}, "TPOT": {"unit": "ms", "min": 20.908374020100336, "p50": 38.44523875627898, "p90": 60.930218357786174, "p95": 77.84637516708344, "p99": 84.45551371211171, "max": 88.01270123115332}, "Input Tokens per Minute": {"unit": "tokens/min", "min": 1243748.2867895188, "p50": 1243748.2867895188, "p90": 1243748.2867895188, "p95": 1243748.2867895188, "p99": 1243748.2867895188, "max": 1243748.2867895188}, "Output Tokens per Minute": {"unit": "tokens/min", "min": 62161.103236873794, "p50": 62161.103236873794, "p90": 62161.103236873794, "p95": 62161.103236873794, "p99": 62161.103236873794, "max": 62161.103236873794}}
{"target_qps": 5.0, "actual_qps": 4.997203138945245, "success_rate": 100.0, "input_tokens": 4088, "output_tokens": 198, "model": "QwQ-32B", "input_tokens_per_minute": 1226571.2837837837, "output_tokens_per_minute": 59580.40540540541, "slo_seconds": 5.0, "slo_attainment": 4.391891891891892, "ttft_slo_ms": 1000, "ttft_slo_attainment": 81.41891891891892, "tpot_slo_ms": 50, "tpot_slo_attainment": 74.32432432432432, "Latency": {"unit": "s", "min": 1.655566909999834, "p50": 7.900142985500224, "p90": 14.157264502499856, "p95": 16.09181884924965, "p99": 20.137924173599686, "max": 20.693550746000255}, "Throughput": {"unit": "tokens/s", "min": 9.664846910753434, "p50": 25.143841118191563, "p90": 36.15910326564768, "p95": 39.03811555400537, "p99": 42.75466422380807, "max": 47.196996445637865}, "TTFT": {"unit": "s", "min": 0.0870692609996695, "p50": 0.6406216564996612, "p90": 1.2365091739998206, "p95": 1.4591569905001052, "p99": 1.6389666572996715, "max": 1.7803680540000641}, "TPOT": {"unit": "ms", "min": 19.576330522612803, "p50": 36.066999969850016, "p90": 66.24741349246301, "p95": 76.36485701633049, "p99": 96.32096992160758, "max": 101.94921689447314}, "Input Tokens per Minute": {"unit": "tokens/min", "min": 1226571.2837837837, "p50": 1226571.2837837837, "p90": 1226571.2837837837, "p95": 1226571.2837837837, "p99": 1226571.2837837837, "max": 1226571.2837837837}, "Output Tokens per Minute": {"unit": "tokens/min", "min": 59580.40540540541, "p50": 59580.40540540541, "p90": 59580.40540540541, "p95": 59580.40540540541, "p99": 59580.40540540541, "max": 59580.40540540541}}
{"target_qps": 5.0, "actual_qps": 4.999937097958013, "success_rate": 100.0, "input_tokens": 4015, "output_tokens": 199, "model": "QwQ-32B", "input_tokens_per_minute": 1206804.902574174, "output_tokens_per_minute": 60050.22388579431, "slo_seconds": 5.0, "slo_attainment": 4.983388704318937, "ttft_slo_ms": 1000, "ttft_slo_attainment": 89.3687707641196, "tpot_slo_ms": 50, "tpot_slo_attainment": 77.0764119601329, "Latency": {"unit": "s", "min": 4.171115809999719, "p50": 8.207517730999825, "p90": 12.23016965900024, "p95": 13.543200002000049, "p99": 14.97556238099969, "max": 16.38400821600044}, "Throughput": {"unit": "tokens/s", "min": 12.207025128605725, "p50": 24.27569630285837, "p90": 35.48306991397339, "p95": 39.97633945980731, "p99": 45.536872373347435, "max": 47.94880053930065}, "TTFT": {"unit": "s", "min": 0.04215627600024163, "p50": 0.5180727380002281, "p90": 1.0101004529997226, "p95": 1.2909120360000088, "p99": 1.7081589319996056, "max": 1.944265866999558}, "TPOT": {"unit": "ms", "min": 17.370361266330292, "p50": 37.90155999497677, "p90": 57.66457541708794, "p95": 63.2289563819088, "p99": 71.87116064824066, "max": 80.53834232663549}, "Input Tokens per Minute": {"unit": "tokens/min", "min": 1206804.902574174, "p50": 1206804.902574174, "p90": 1206804.902574174, "p95": 1206804.902574174, "p99": 1206804.902574174, "max": 1206804.902574174}, "Output Tokens per Minute": {"unit": "tokens/min", "min": 60050.22388579431, "p50": 60050.22388579431, "p90": 60050.22388579431, "p95": 60050.22388579431, "p99": 60050.22388579431, "max": 60050.22388579431}}
{"target_qps": 5.0, "actual_qps": 4.999910185613379, "success_rate": 100.0, "input_tokens": 3891, "output_tokens": 199, "model": "QwQ-32B", "input_tokens_per_minute": 1212472.523764679, "output_tokens_per_minute": 62295.90395229277, "slo_seconds": 5.0, "slo_attainment": 6.41025641025641, "ttft_slo_ms": 1000, "ttft_slo_attainment": 91.02564102564102, "tpot_slo_ms": 50, "tpot_slo_attainment": 80.12820512820514, "Latency": {"unit": "s", "min": 3.809393280999757, "p50": 8.024663336500453, "p90": 11.930008831600027, "p95": 12.998295386450215, "p99": 14.740584471019496, "max": 15.527258836000328}, "Throughput": {"unit": "tokens/s", "min": 12.880573584327397, "p50": 24.923168841050018, "p90": 38.056980240100195, "p95": 41.00254848421702, "p99": 47.51294778582185, "max": 52.50179890785941}, "TTFT": {"unit": "s", "min": 0.0372344699999303, "p50": 0.4037199999997938, "p90": 0.8784475367995584, "p95": 1.2013568343002134, "p99": 1.4553250827000193, "max": 1.9775418529998205}, "TPOT": {"unit": "ms", "min": 18.8503423266306, "p50": 38.86739887437115, "p90": 56.72566967990148, "p95": 61.84221964321497, "p99": 68.79322356924571, "max": 74.06131395477425}, "Input Tokens per Minute": {"unit": "tokens/min", "min": 1212472.523764679, "p50": 1212472.523764679, "p90": 1212472.523764679, "p95": 1212472.523764679, "p99": 1212472.523764679, "max": 1212472.523764679}, "Output Tokens per Minute": {"unit": "tokens/min", "min": 62295.90395229277, "p50": 62295.90395229277, "p90": 62295.90395229277, "p95": 62295.90395229277, "p99": 62295.90395229277, "max": 62295.90395229277}}
{"target_qps": 5.0, "actual_qps": 4.99993527283791, "success_rate": 100.0, "input_tokens": 3772, "output_tokens": 200, "model": "QwQ-32B",