{"target_qps": 4.0, "actual_qps": 3.9973063282559003, "success_rate": 100.0, "input_tokens": 3891, "output_tokens": 200, "model": "QwQ-32B", "input_tokens_per_minute": 933949.4117647059, "output_tokens_per_minute": 48000.0, "slo_seconds": 5.0, "slo_attainment": 4.901960784313726, "ttft_slo_ms": 1000, "ttft_slo_attainment": 71.07843137254902, "tpot_slo_ms": 50, "tpot_slo_attainment": 70.09803921568627, "Latency": {"unit": "s", "min": 4.232073215000128, "p50": 9.173056326500046, "p90": 15.187741886500136, "p95": 16.34793519735058, "p99": 17.724123777430087, "max": 20.05173743799969}, "Throughput": {"unit": "tokens/s", "min": 9.974198027398042, "p50": 21.80383677416566, "p90": 33.56168978023489, "p95": 39.31930135939823, "p99": 46.17255341366586, "max": 47.25816162421802}, "TTFT": {"unit": "s", "min": 0.08742122300009214, "p50": 0.6834029670003474, "p90": 1.5163323270999192, "p95": 1.857466926750385, "p99": 2.98566884004992, "max": 6.628530967999723}, "TPOT": {"unit": "ms", "min": 19.401584025126336, "p50": 42.21033555778655, "p90": 68.96198734824358, "p95": 74.48059258592764, "p99": 80.53156569562954, "max": 88.21162398492301}, "Input Tokens per Minute": {"unit": "tokens/min", "min": 933949.4117647059, "p50": 933949.4117647059, "p90": 933949.4117647059, "p95": 933949.4117647059, "p99": 933949.4117647059, "max": 933949.4117647059}, "Output Tokens per Minute": {"unit": "tokens/min", "min": 48000.0, "p50": 48000.0, "p90": 48000.0, "p95": 48000.0, "p99": 48000.0, "max": 48000.0}}
{"target_qps": 4.0, "actual_qps": 3.996759994203588, "success_rate": 100.0, "input_tokens": 3904, "output_tokens": 199, "model": "QwQ-32B", "input_tokens_per_minute": 937137.4789915966, "output_tokens_per_minute": 47865.882352941175, "slo_seconds": 5.0, "slo_attainment": 2.5210084033613445, "ttft_slo_ms": 1000, "ttft_slo_attainment": 84.87394957983193, "tpot_slo_ms": 50, "tpot_slo_attainment": 78.99159663865547, "Latency": {"unit": "s", "min": 2.8981258930007243, "p50": 7.460833787499723, "p90": 12.736129066599824, "p95": 14.355387046400569, "p99": 17.16724203282999, "max": 17.9561726919992}, "Throughput": {"unit": "tokens/s", "min": 11.138231037904573, "p50": 26.74025230045257, "p90": 35.00643408039972, "p95": 36.890144181893795, "p99": 41.183296980503044, "max": 42.316107842268615}, "TTFT": {"unit": "s", "min": 0.06680221900023753, "p50": 0.5702254134998839, "p90": 1.078434791900145, "p95": 1.3342733108506297, "p99": 1.8175558595603793, "max": 2.0019945659996665}, "TPOT": {"unit": "ms", "min": 20.95195510552533, "p50": 34.42792117839326, "p90": 59.39760529145682, "p95": 65.23861381206166, "p99": 81.53124281120873, "max": 86.19635708040202}, "Input Tokens per Minute": {"unit": "tokens/min", "min": 937137.4789915966, "p50": 937137.4789915966, "p90": 937137.4789915966, "p95": 937137.4789915966, "p99": 937137.4789915966, "max": 937137.4789915966}, "Output Tokens per Minute": {"unit": "tokens/min", "min": 47865.882352941175, "p50": 47865.882352941175, "p90": 47865.882352941175, "p95": 47865.882352941175, "p99": 47865.882352941175, "max": 47865.882352941175}}
{"target_qps": 4.0, "actual_qps": 3.998411523465022, "success_rate": 100.0, "input_tokens": 3815, "output_tokens": 199, "model": "QwQ-32B", "input_tokens_per_minute": 915648.0, "output_tokens_per_minute": 47826.0, "slo_seconds": 5.0, "slo_attainment": 4.583333333333333, "ttft_slo_ms": 1000, "ttft_slo_attainment": 82.91666666666667, "tpot_slo_ms": 50, "tpot_slo_attainment": 74.58333333333333, "Latency": {"unit": "s", "min": 4.285949973999777, "p50": 7.879932256500069, "p90": 14.441061298699696, "p95": 15.852737185100427, "p99": 18.87571655053991, "max": 20.694004578000204}, "Throughput": {"unit": "tokens/s", "min": 9.66463495483228, "p50": 25.125714862409083, "p90": 36.24506846307531, "p95": 39.1098744382069, "p99": 44.06223451749618, "max": 46.6641004242413}, "TTFT": {"unit": "s", "min": 0.06112289399970905, "p50": 0.578893432500081, "p90": 1.1924552073001902, "p95": 1.47365079379947, "p99": 1.670856406110233, "max": 1.9640194820003671}, "TPOT": {"unit": "ms", "min": 20.270820984921954, "p50": 36.554302213569635, "p90": 65.62670507839229, "p95": 73.94946373743893, "p99": 91.44153018934563, "max": 100.06570060803865}, "Input Tokens per Minute": {"unit": "tokens/min", "min": 915648.0, "p50": 915648.0, "p90": 915648.0, "p95": 915648.0, "p99": 915648.0, "max": 915648.0}, "Output Tokens per Minute": {"unit": "tokens/min", "min": 47826.0, "p50": 47826.0, "p90": 47826.0, "p95": 47826.0, "p99": 47826.0, "max": 47826.0}}
{"target_qps": 4.0, "actual_qps": 3.999948221470272, "success_rate": 100.0, "input_tokens": 3757, "output_tokens": 199, "model": "QwQ-32B", "input_tokens_per_minute": 934914.104324115, "output_tokens_per_minute": 49634.76317801581, "slo_seconds": 5.0, "slo_attainment": 4.819277108433735, "ttft_slo_ms": 1000, "ttft_slo_attainment": 91.56626506024097, "tpot_slo_ms": 50, "tpot_slo_attainment": 79.11646586345381, "Latency": {"unit": "s", "min": 3.508228493000388, "p50": 8.479296579999755, "p90": 12.006074843600073, "p95": 13.777828139399935, "p99": 15.275616010240162, "max": 16.689872048000325}, "Throughput": {"unit": "tokens/s", "min": 11.983315355851559, "p50": 23.46889136661646, "p90": 34.87213357102544, "p95": 39.06291659891709, "p99": 45.36127325309822, "max": 53.00758944085361}, "TTFT": {"unit": "s", "min": 0.047616761999961454, "p50": 0.501153363999947, "p90": 0.9588920193995366, "p95": 1.2117072037997787, "p99": 1.6763696145603175, "max": 1.9110467450000215}, "TPOT": {"unit": "ms", "min": 18.46050419598255, "p50": 39.739068874370616, "p90": 57.89228619196182, "p95": 65.4540382753779, "p99": 72.45038284502539, "max": 80.8850103065325}, "Input Tokens per Minute": {"unit": "tokens/min", "min": 934914.104324115, "p50": 934914.104324115, "p90": 934914.104324115, "p95": 934914.104324115, "p99": 934914.104324115, "max": 934914.104324115}, "Output Tokens per Minute": {"unit": "tokens/min", "min": 49634.76317801581, "p50": 49634.76317801581, "p90": 49634.76317801581, "p95": 49634.76317801581, "p99": 49634.76317801581, "max": 49634.76317801581}}
{"target_qps": 4.0, "actual_qps": 3.999948523795787, "success_rate": 100.0, "input_tokens": 3617, "output_tokens": 199, "model": "QwQ-32B", "input_tokens_per_minute": 868317.9916317991, "output_tokens_per_minute": 47901.589958159, "slo_seconds": 5.0, "slo_attainment": 6.2761506276150625, "ttft_slo_ms": 1000, "ttft_slo_attainment": 94.56066945606695, "tpot_slo_ms": 50, "tpot_slo_attainment": 78.66108786610879, "Latency": {"unit": "s", "min": 4.129418427999553, "p50": 7.740897689999656, "p90": 12.085363011600386, "p95": 13.210679934299787, "p99": 14.87255717492004, "max": 15.493716338000013}, "Throughput": {"unit": "tokens/s", "min": 12.908458864028535, "p50": 25.475510673348857, "p90": 37.41369551368369, "p95": 40.997490040329, "p99": 46.576726293062976, "max": 48.43297028072972}, "TTFT": {"unit": "s", "min": 0.037089419000039925, "p50": 0.420886402999713, "p90": 0.9054076408005131, "p95": 1.0230436210994411, "p99": 1.4771474780200151, "max": 1.8780104369998298}, "TPOT": {"unit": "ms", "min": 18.902048522611025, "p50": 36.635569984921965, "p90": 57.25076721808812, "p95": 63.252532775375165, "p99": 72.620817034975, "max": 72.9227521708539}, "Input Tokens per Minute": {"unit": "tokens/min", "min": 868317.9916317991, "p50": 868317.9916317991, "p90": 868317.9916317991, "p95": 868317.9916317991, "p99": 868317.9916317991, "max": 868317.9916317991}, "Output Tokens per Minute": {"unit": "tokens/min", "min": 47901.589958159, "p50": 47901.589958159, "p90": 47901.589958159, "p95": 47901.589958159, "p99": 47901.589958159, "max": 47901.589958159}}
{"target_qps": 4.0, "actual_qps": 3.9999184718617222, "success_rate": 100.0, "input_tokens": 3850, "output_tokens": 199, "model": "QwQ-32B", "input_tokens_per_minute": 961961.1783948892, "output_tokens_per_minute": 49934.52017758108, "slo_seconds": 5.0, "slo_attainment": 17.599999999999998, "ttft_slo_ms": 1000, "ttft_slo_attainment": 93.2,