{"target_qps": 5.0, "actual_qps": 4.98867237370389, "success_rate": 100.0, "input_tokens": 3845, "output_tokens": 198, "model": "QwQ-32B", "input_tokens_per_minute": 1153605.5084745763, "output_tokens_per_minute": 59612.288135593226, "slo_seconds": 5.0, "slo_attainment": 2.5423728813559325, "ttft_slo_ms": 1000, "ttft_slo_attainment": 48.30508474576271, "tpot_slo_ms": 50, "tpot_slo_attainment": 74.15254237288136, "Latency": {"unit": "s", "min": 3.9493968680035323, "p50": 8.41785353600062, "p90": 13.29050505250052, "p95": 16.115375182002026, "p99": 19.885725782999003, "max": 21.095343675995537}, "Throughput": {"unit": "tokens/s", "min": 8.503887006729885, "p50": 23.752527727613412, "p90": 31.28271064821133, "p95": 34.05804477475584, "p99": 42.61459704614167, "max": 43.61334754385737}, "TTFT": {"unit": "s", "min": 0.06167594100406859, "p50": 1.0584488089989463, "p90": 2.5083011649985565, "p95": 2.9424788169999374, "p99": 3.4665151423985665, "max": 8.102172859995335}, "TPOT": {"unit": "ms", "min": 20.33248160303665, "p50": 35.13684685176897, "p90": 60.828634982412524, "p95": 73.78175101634106, "p99": 91.76886281808157, "max": 102.48647547235868}, "Input Tokens per Minute": {"unit": "tokens/min", "min": 1153605.5084745763, "p50": 1153605.5084745763, "p90": 1153605.5084745763, "p95": 1153605.5084745763, "p99": 1153605.5084745763, "max": 1153605.5084745763}, "Output Tokens per Minute": {"unit": "tokens/min", "min": 59612.288135593226, "p50": 59612.288135593226, "p90": 59612.288135593226, "p95": 59612.288135593226, "p99": 59612.288135593226, "max": 59612.288135593226}}
{"target_qps": 5.0, "actual_qps": 4.9949444850923035, "success_rate": 100.0, "input_tokens": 3940, "output_tokens": 197, "model": "QwQ-32B", "input_tokens_per_minute": 1199031.5484353227, "output_tokens_per_minute": 60229.020529858506, "slo_seconds": 5.0, "slo_attainment": 3.9215686274509802, "ttft_slo_ms": 1000, "ttft_slo_attainment": 64.37908496732027, "tpot_slo_ms": 50, "tpot_slo_attainment": 50.326797385620914, "Latency": {"unit": "s", "min": 1.6256942190011614, "p50": 10.502281968503667, "p90": 16.04093938600272, "p95": 17.33280763675066, "p99": 19.093146444345617, "max": 20.420382259995677}, "Throughput": {"unit": "tokens/s", "min": 5.924015517066595, "p50": 18.824817139848868, "p90": 33.45779456576337, "p95": 36.36915206352299, "p99": 44.68538756318211, "max": 46.17937631546449}, "TTFT": {"unit": "s", "min": 0.08390672400128096, "p50": 0.8307575470025768, "p90": 1.7763082479978038, "p95": 2.12928950299829, "p99": 2.6997942013531424, "max": 3.2781886130032944}, "TPOT": {"unit": "ms", "min": 19.12271139699259, "p50": 49.666331492466924, "p90": 74.39248552009532, "p95": 78.90447620016235, "p99": 90.50449661156027, "max": 118.24522472226009}, "Input Tokens per Minute": {"unit": "tokens/min", "min": 1199031.5484353227, "p50": 1199031.5484353227, "p90": 1199031.5484353227, "p95": 1199031.5484353227, "p99": 1199031.5484353227, "max": 1199031.5484353227}, "Output Tokens per Minute": {"unit": "tokens/min", "min": 60229.020529858506, "p50": 60229.020529858506, "p90": 60229.020529858506, "p95": 60229.020529858506, "p99": 60229.020529858506, "max": 60229.020529858506}}
{"target_qps": 5.0, "actual_qps": 4.990892107684063, "success_rate": 100.0, "input_tokens": 4007, "output_tokens": 199, "model": "QwQ-32B", "input_tokens_per_minute": 1219447.9801637975, "output_tokens_per_minute": 60749.102055063915, "slo_seconds": 5.0, "slo_attainment": 2.6143790849673203, "ttft_slo_ms": 1000, "ttft_slo_attainment": 64.70588235294117, "tpot_slo_ms": 50, "tpot_slo_attainment": 48.36601307189542, "Latency": {"unit": "s", "min": 3.4888198519984144, "p50": 10.959100920499623, "p90": 14.674038963501516, "p95": 16.189907587748166, "p99": 18.813031943351586, "max": 21.08405456100445}, "Throughput": {"unit": "tokens/s", "min": 9.485841512187395, "p50": 18.24996532859213, "p90": 32.70617773855369, "p95": 36.289468557333414, "p99": 44.36970146068649, "max": 51.742005243886766}, "TTFT": {"unit": "s", "min": 0.07582232600543648, "p50": 0.805133862002549, "p90": 1.7909133879984438, "p95": 2.1664039067491103, "p99": 3.4062613358964855, "max": 4.7993234079986}, "TPOT": {"unit": "ms", "min": 18.95736689949449, "p50": 50.75043531907804, "p90": 70.42367237185107, "p95": 74.18176351633126, "p99": 82.24447645829531, "max": 90.39414868845539}, "Input Tokens per Minute": {"unit": "tokens/min", "min": 1219447.9801637975, "p50": 1219447.9801637975, "p90": 1219447.9801637975, "p95": 1219447.9801637975, "p99": 1219447.9801637975, "max": 1219447.9801637975}, "Output Tokens per Minute": {"unit": "tokens/min", "min": 60749.102055063915, "p50": 60749.102055063915, "p90": 60749.102055063915, "p95": 60749.102055063915, "p99": 60749.102055063915, "max": 60749.102055063915}}
{"target_qps": 5.0, "actual_qps": 4.999692594150795, "success_rate": 100.0, "input_tokens": 3878, "output_tokens": 199, "model": "QwQ-32B", "input_tokens_per_minute": 1163626.0, "output_tokens_per_minute": 59841.0, "slo_seconds": 5.0, "slo_attainment": 3.6666666666666665, "ttft_slo_ms": 1000, "ttft_slo_attainment": 82.0, "tpot_slo_ms": 50, "tpot_slo_attainment": 53.666666666666664, "Latency": {"unit": "s", "min": 3.2250644029991236, "p50": 10.110329380499024, "p90": 14.424927404600023, "p95": 15.924884882995684, "p99": 18.571332341580046, "max": 20.31819547899795}, "Throughput": {"unit": "tokens/s", "min": 9.843393829276396, "p50": 19.750329312655012, "p90": 34.35545734462544, "p95": 36.73513920146427, "p99": 47.6780198754212, "max": 55.80663880053481}, "TTFT": {"unit": "s", "min": 0.044579955996596254, "p50": 0.5375098394979432, "p90": 1.2172454084968196, "p95": 1.437561722049577, "p99": 1.8731991585938506, "max": 2.31776665399957}, "TPOT": {"unit": "ms", "min": 17.72476596483989, "p50": 48.011558045229194, "p90": 68.24590064973944, "p95": 75.82710522776031, "p99": 89.92968886707428, "max": 98.76929992964479}, "Input Tokens per Minute": {"unit": "tokens/min", "min": 1163626.0, "p50": 1163626.0, "p90": 1163626.0, "p95": 1163626.0, "p99": 1163626.0, "max": 1163626.0}, "Output Tokens per Minute": {"unit": "tokens/min", "min": 59841.0, "p50": 59841.0, "p90": 59841.0, "p95": 59841.0, "p99": 59841.0, "max": 59841.0}}
{"target_qps": 5.0, "actual_qps": 4.999973295642259, "success_rate": 100.0, "input_tokens": 3995, "output_tokens": 198, "model": "QwQ-32B", "input_tokens_per_minute": 1198673.469387755, "output_tokens_per_minute": 59594.897959183676, "slo_seconds": 5.0, "slo_attainment": 4.761904761904762, "ttft_slo_ms": 1000, "ttft_slo_attainment": 88.77551020408163, "tpot_slo_ms": 50, "tpot_slo_attainment": 60.8843537414966, "Latency": {"unit": "s", "min": 3.954807932001131, "p50": 9.350837174497428, "p90": 17.91774956830268, "p95": 25.148775806300158, "p99": 29.205608715370616, "max": 29.702972731000045}, "Throughput": {"unit": "tokens/s", "min": 6.26020530844181, "p50": 21.203868731228077, "p90": 36.12838840146307, "p95": 39.076328774112696, "p99": 50.1324473071446, "max": 50.5713560402414}, "TTFT": {"unit": "s", "min": 0.043020211000111885, "p50": 0.45025253999847337, "p90": 1.0396481846968526, "p95": 1.327624715198544, "p99": 1.962723973332249, "max": 2.343212826999661}, "TPOT": {"unit": "ms", "min": 19.44759786935569, "p50": 44.755461165852154, "p90": 86.8467523361879, "p95": 126.09590858566887, "p99": 142.0388574837158, "max": 144.0685644374753}, "Input Tokens per Minute": {"unit": "tokens/min", "min": 1198673.469387755, "p50": 1198673.469387755, "p90": 1198673.469387755, "p95": 1198673.469387755, "p99": 1198673.469387755, "max": 1198673.469387755}, "Output Tokens per Minute": {"unit": "tokens/min", "min": 59594.897959183676, "p50": 59594.897959183676, "p90": 59594.897959183676, "p95": 59594.897959183676, "p99": 59594.897959183676, "max": 59594.897959183676}}
{"target_qps": 5.0, "actual_qps": 4.999908846162004, "success_rate": 100.0, "input_tokens": 3989, "output_tokens": 199, "model": "QwQ-32B", "input_tokens_per_minute": 1253562.543841994,