{"target_qps": 1.0, "actual_qps": 0.9999809884281435, "success_rate": 100.0, "input_tokens": 3738, "output_tokens": 200, "model": "QwQ-32B", "input_tokens_per_minute": 224288.4, "output_tokens_per_minute": 12000.0, "slo_seconds": 5.0, "slo_attainment": 4.0, "ttft_slo_ms": 1000, "ttft_slo_attainment": 86.0, "tpot_slo_ms": 50, "tpot_slo_attainment": 50.0, "Latency": {"unit": "s", "min": 4.301525587005017, "p50": 10.60178203599935, "p90": 15.371439416999056, "p95": 16.084509493203587, "p99": 17.79871322761624, "max": 19.238844474995858}, "Throughput": {"unit": "tokens/s", "min": 10.395634740949953, "p50": 18.88197845652649, "p90": 32.40918814870797, "p95": 36.98460077855308, "p99": 43.7415695251971, "max": 46.49513200716589}, "TTFT": {"unit": "s", "min": 0.05743272999825422, "p50": 0.5179088304976176, "p90": 1.3283775966003306, "p95": 1.5727351393041316, "p99": 3.905653679322998, "max": 5.512246584999957}, "TPOT": {"unit": "ms", "min": 20.17616412564194, "p50": 50.367687148244286, "p90": 71.37187206029209, "p95": 72.423205141953, "p99": 84.56685778452774, "max": 94.11764923114144}, "Input Tokens per Minute": {"unit": "tokens/min", "min": 224288.4, "p50": 224288.4, "p90": 224288.4, "p95": 224288.4, "p99": 224288.4, "max": 224288.4}, "Output Tokens per Minute": {"unit": "tokens/min", "min": 12000.0, "p50": 12000.0, "p90": 12000.0, "p95": 12000.0, "p99": 12000.0, "max": 12000.0}}
{"target_qps": 1.0, "actual_qps": 0.9999769990624394, "success_rate": 100.0, "input_tokens": 3700, "output_tokens": 200, "model": "QwQ-32B", "input_tokens_per_minute": 222058.0, "output_tokens_per_minute": 12000.0, "slo_seconds": 5.0, "slo_attainment": 5.0, "ttft_slo_ms": 1000, "ttft_slo_attainment": 75.0, "tpot_slo_ms": 50, "tpot_slo_attainment": 63.33333333333333, "Latency": {"unit": "s", "min": 3.9836123779969057, "p50": 9.039192834497953, "p90": 15.241058676994, "p95": 16.370650721544735, "p99": 19.096355932702277, "max": 19.80646941300074}, "Throughput": {"unit": "tokens/s", "min": 10.097710794874036, "p50": 22.126490649216144, "p90": 34.06633318002728, "p95": 39.35204700607355, "p99": 46.58989205990232, "max": 50.20568795917004}, "TTFT": {"unit": "s", "min": 0.10761437399924034, "p50": 0.506196729002113, "p90": 1.4094776179008477, "p95": 1.6459918148513675, "p99": 2.0911376895009735, "max": 2.2227448300036485}, "TPOT": {"unit": "ms", "min": 19.308605110541865, "p50": 42.304362211055846, "p90": 71.91603570099322, "p95": 77.92115982941976, "p99": 93.01756178090778, "max": 97.27481719095174}, "Input Tokens per Minute": {"unit": "tokens/min", "min": 222058.0, "p50": 222058.0, "p90": 222058.0, "p95": 222058.0, "p99": 222058.0, "max": 222058.0}, "Output Tokens per Minute": {"unit": "tokens/min", "min": 12000.0, "p50": 12000.0, "p90": 12000.0, "p95": 12000.0, "p99": 12000.0, "max": 12000.0}}
{"target_qps": 1.0, "actual_qps": 0.9999835491039459, "success_rate": 100.0, "input_tokens": 3804, "output_tokens": 197, "model": "QwQ-32B", "input_tokens_per_minute": 228242.0338983051, "output_tokens_per_minute": 11842.372881355934, "slo_seconds": 5.0, "slo_attainment": 5.084745762711865, "ttft_slo_ms": 1000, "ttft_slo_attainment": 83.05084745762711, "tpot_slo_ms": 50, "tpot_slo_attainment": 52.54237288135594, "Latency": {"unit": "s", "min": 1.5661428709936445, "p50": 10.369632754001941, "p90": 14.636806009804422, "p95": 15.4500628206988, "p99": 17.212756260201573, "max": 18.791245580003306}, "Throughput": {"unit": "tokens/s", "min": 10.643254016797583, "p50": 19.287086123933772, "p90": 33.13716160195669, "p95": 36.08016083728731, "p99": 42.93741044606227, "max": 46.09438152253432}, "TTFT": {"unit": "s", "min": 0.04770583100616932, "p50": 0.5041343769989908, "p90": 1.3774606677994605, "p95": 1.6533751554008622, "p99": 1.8964416622235152, "max": 2.0356985260004876}, "TPOT": {"unit": "ms", "min": 20.235179190943075, "p50": 47.892985497471166, "p90": 70.50051563116664, "p95": 72.72840575275936, "p99": 80.68469354695857, "max": 84.19872891458704}, "Input Tokens per Minute": {"unit": "tokens/min", "min": 228242.0338983051, "p50": 228242.0338983051, "p90": 228242.0338983051, "p95": 228242.0338983051, "p99": 228242.0338983051, "max": 228242.0338983051}, "Output Tokens per Minute": {"unit": "tokens/min", "min": 11842.372881355934, "p50": 11842.372881355934, "p90": 11842.372881355934, "p95": 11842.372881355934, "p99": 11842.372881355934, "max": 11842.372881355934}}
{"target_qps": 1.0, "actual_qps": 0.9999898188036601, "success_rate": 100.0, "input_tokens": 4040, "output_tokens": 200, "model": "QwQ-32B", "input_tokens_per_minute": 242425.0, "output_tokens_per_minute": 12000.0, "slo_seconds": 5.0, "slo_attainment": 1.6666666666666667, "ttft_slo_ms": 1000, "ttft_slo_attainment": 81.66666666666667, "tpot_slo_ms": 50, "tpot_slo_attainment": 51.66666666666667, "Latency": {"unit": "s", "min": 4.45139187300083, "p50": 10.220094874501228, "p90": 16.586067174197524, "p95": 17.063097781044778, "p99": 17.943204324140165, "max": 18.670132676998037}, "Throughput": {"unit": "tokens/s", "min": 10.712296664415451, "p50": 19.570915836172922, "p90": 35.01036013159384, "p95": 36.933861514107846, "p99": 41.89957492361073, "max": 44.9297670719728}, "TTFT": {"unit": "s", "min": 0.07429041299474193, "p50": 0.48910234950017184, "p90": 1.3743079713989572, "p95": 1.4779168364490032, "p99": 1.5784177952765455, "max": 1.6417004329996416}, "TPOT": {"unit": "ms", "min": 21.93863976382049, "p50": 47.054553736182896, "p90": 80.36138841157093, "p95": 83.00748002991932, "p99": 87.10537227245749, "max": 89.67030548744181}, "Input Tokens per Minute": {"unit": "tokens/min", "min": 242425.0, "p50": 242425.0, "p90": 242425.0, "p95": 242425.0, "p99": 242425.0, "max": 242425.0}, "Output Tokens per Minute": {"unit": "tokens/min", "min": 12000.0, "p50": 12000.0, "p90": 12000.0, "p95": 12000.0, "p99": 12000.0, "max": 12000.0}}
{"target_qps": 1.0, "actual_qps": 0.9999542923059659, "success_rate": 100.0, "input_tokens": 3908, "output_tokens": 200, "model": "QwQ-32B", "input_tokens_per_minute": 242288.92502573555, "output_tokens_per_minute": 12399.433224593977, "slo_seconds": 5.0, "slo_attainment": 4.838709677419355, "ttft_slo_ms": 1000, "ttft_slo_attainment": 80.64516129032258, "tpot_slo_ms": 50, "tpot_slo_attainment": 43.54838709677419, "Latency": {"unit": "s", "min": 4.39908929199737, "p50": 11.623747565998201, "p90": 26.918781546405803, "p95": 27.98019625005472, "p99": 29.017857383558294, "max": 29.22618147499452}, "Throughput": {"unit": "tokens/s", "min": 6.843179296998378, "p50": 17.213911043543614, "p90": 34.59833747293717, "p95": 39.15315412156462, "p99": 42.9502125181805, "max": 45.46395554276}, "TTFT": {"unit": "s", "min": 0.10508454099908704, "p50": 0.5030665390004287, "p90": 1.342236601199693, "p95": 1.7631360862545988, "p99": 1.9889083170719823, "max": 2.08442816400202}, "TPOT": {"unit": "ms", "min": 21.178846994943477, "p50": 55.618683067817315, "p90": 131.22901966480592, "p95": 137.50657565148902, "p99": 139.31635103903875, "max": 141.12546280905838}, "Input Tokens per Minute": {"unit": "tokens/min", "min": 242288.92502573555, "p50": 242288.92502573555, "p90": 242288.92502573555, "p95": 242288.92502573555, "p99": 242288.92502573555, "max": 242288.92502573555}, "Output Tokens per Minute": {"unit": "tokens/min", "min": 12399.433224593977, "p50": 12399.433224593977, "p90": 12399.433224593977, "p95": 12399.433224593977, "p99": 12399.433224593977, "max": 12399.433224593977}}
{"target_qps": 1.0, "actual_qps": 0.9999829992390545, "success_rate": 100.0, "input_tokens": 3975, "output_tokens": 198, "model": "QwQ-32B", "input_tokens_per_minute": 238501.07142857142, "output_tokens_per_minute": 11885.357142857143, "slo_seconds": 5.0, "slo_attainment": 3.571428571428571, "ttft_slo_ms": 1000, "ttft_slo_attainment": 91.07142857142857, "tpot_slo_ms": 50, "tpot_slo_attainment": 76.78571428571429, "Latency": {"unit": "s", "min": 4.709203128004447, "p50": 8.602332664999267, "p90": 14.40975362950121, "p95": 21.95055225725264, "p99": 26.613117165551742,