{"target_qps": 5.0, "actual_qps": 4.983544464007957, "success_rate": 100.0, "input_tokens": 4169, "output_tokens": 199, "model": "QwQ-32B", "input_tokens_per_minute": 1250964.406779661, "output_tokens_per_minute": 59880.50847457627, "slo_seconds": 5.0, "slo_attainment": 0.847457627118644, "ttft_slo_ms": 1000, "ttft_slo_attainment": 31.779661016949152, "tpot_slo_ms": 50, "tpot_slo_attainment": 57.6271186440678, "Latency": {"unit": "s", "min": 4.457939362997422, "p50": 10.068801868495939, "p90": 17.73383985250257, "p95": 19.5641615572531, "p99": 21.725564107896936, "max": 23.410023071999603}, "Throughput": {"unit": "tokens/s", "min": 8.543349119515272, "p50": 19.863391989522295, "p90": 29.287229318528333, "p95": 32.67969874297498, "p99": 38.89597371853075, "max": 44.86377756953704}, "TTFT": {"unit": "s", "min": 0.07225766099872999, "p50": 1.5339385900006164, "p90": 3.1433870980035863, "p95": 3.5275838972502243, "p99": 4.657098710852007, "max": 8.355435664001561}, "TPOT": {"unit": "ms", "min": 21.90603517085412, "p50": 43.43850860049996, "p90": 80.6126698617987, "p95": 83.74179976884413, "p99": 92.39830984747711, "max": 104.05534739197606}, "Input Tokens per Minute": {"unit": "tokens/min", "min": 1250964.406779661, "p50": 1250964.406779661, "p90": 1250964.406779661, "p95": 1250964.406779661, "p99": 1250964.406779661, "max": 1250964.406779661}, "Output Tokens per Minute": {"unit": "tokens/min", "min": 59880.50847457627, "p50": 59880.50847457627, "p90": 59880.50847457627, "p95": 59880.50847457627, "p99": 59880.50847457627, "max": 59880.50847457627}}
{"target_qps": 5.0, "actual_qps": 4.9974489646375515, "success_rate": 100.0, "input_tokens": 4237, "output_tokens": 199, "model": "QwQ-32B", "input_tokens_per_minute": 1355852.011435896, "output_tokens_per_minute": 63922.92813093726, "slo_seconds": 5.0, "slo_attainment": 0.9345794392523363, "ttft_slo_ms": 1000, "ttft_slo_attainment": 62.30529595015576, "tpot_slo_ms": 50, "tpot_slo_attainment": 49.532710280373834, "Latency": {"unit": "s", "min": 4.724876692001999, "p50": 10.813703101994179, "p90": 16.884520257000986, "p95": 18.01809990000038, "p99": 19.647585163595796, "max": 20.80859872000292}, "Throughput": {"unit": "tokens/s", "min": 9.611411257969221, "p50": 18.495051890514503, "p90": 31.741416191452927, "p95": 34.844571785663824, "p99": 39.43056710468947, "max": 42.32914698886186}, "TTFT": {"unit": "s", "min": 0.0970538200053852, "p50": 0.8113295689981896, "p90": 1.6133123249965138, "p95": 1.942186391002906, "p99": 2.840683924997576, "max": 4.105426027999783}, "TPOT": {"unit": "ms", "min": 21.59896500000026, "p50": 50.35312579896905, "p90": 78.51896482912049, "p95": 84.81949776380783, "p99": 95.31257321004934, "max": 98.75106723619632}, "Input Tokens per Minute": {"unit": "tokens/min", "min": 1355852.011435896, "p50": 1355852.011435896, "p90": 1355852.011435896, "p95": 1355852.011435896, "p99": 1355852.011435896, "max": 1355852.011435896}, "Output Tokens per Minute": {"unit": "tokens/min", "min": 63922.92813093726, "p50": 63922.92813093726, "p90": 63922.92813093726, "p95": 63922.92813093726, "p99": 63922.92813093726, "max": 63922.92813093726}}
{"target_qps": 5.0, "actual_qps": 4.999806533235758, "success_rate": 100.0, "input_tokens": 4035, "output_tokens": 199, "model": "QwQ-32B", "input_tokens_per_minute": 1210521.7993079585, "output_tokens_per_minute": 59909.68858131488, "slo_seconds": 5.0, "slo_attainment": 2.422145328719723, "ttft_slo_ms": 1000, "ttft_slo_attainment": 75.4325259515571, "tpot_slo_ms": 50, "tpot_slo_attainment": 50.51903114186851, "Latency": {"unit": "s", "min": 4.366710600996157, "p50": 10.711158719997911, "p90": 14.309403957996983, "p95": 15.016804929001953, "p99": 17.328369972558576, "max": 20.490009102999466}, "Throughput": {"unit": "tokens/s", "min": 9.760854619177433, "p50": 18.672116176058214, "p90": 32.68300910646371, "p95": 35.16229148292655, "p99": 41.146751890558214, "max": 45.801065899438115}, "TTFT": {"unit": "s", "min": 0.0753139660009765, "p50": 0.6826385129970731, "p90": 1.3959406245980062, "p95": 1.656658943199727, "p99": 2.0398231509211477, "max": 3.058008077998238}, "TPOT": {"unit": "ms", "min": 20.88676288942005, "p50": 49.89960342212744, "p90": 68.87957937386584, "p95": 72.68512289747058, "p99": 82.1626093545952, "max": 94.3653654974687}, "Input Tokens per Minute": {"unit": "tokens/min", "min": 1210521.7993079585, "p50": 1210521.7993079585, "p90": 1210521.7993079585, "p95": 1210521.7993079585, "p99": 1210521.7993079585, "max": 1210521.7993079585}, "Output Tokens per Minute": {"unit": "tokens/min", "min": 59909.68858131488, "p50": 59909.68858131488, "p90": 59909.68858131488, "p95": 59909.68858131488, "p99": 59909.68858131488, "max": 59909.68858131488}}
{"target_qps": 5.0, "actual_qps": 4.999809988638291, "success_rate": 100.0, "input_tokens": 4183, "output_tokens": 200, "model": "QwQ-32B", "input_tokens_per_minute": 1255205.344149684, "output_tokens_per_minute": 60001.875346655805, "slo_seconds": 5.0, "slo_attainment": 1.3289036544850499, "ttft_slo_ms": 1000, "ttft_slo_attainment": 76.41196013289037, "tpot_slo_ms": 50, "tpot_slo_attainment": 55.81395348837209, "Latency": {"unit": "s", "min": 3.810670218001178, "p50": 10.009507808004855, "p90": 15.701071952003986, "p95": 16.649422861002677, "p99": 19.84013228299591, "max": 20.912241840000206}, "Throughput": {"unit": "tokens/s", "min": 9.563776161838707, "p50": 19.981002446499414, "p90": 32.14959365905291, "p95": 35.52515414542257, "p99": 41.827301656324444, "max": 52.48420581115166}, "TTFT": {"unit": "s", "min": 0.04068508500495227, "p50": 0.6078530920058256, "p90": 1.4148073119940818, "p95": 1.6005802500003483, "p99": 2.032253902994853, "max": 2.2212898950019735}, "TPOT": {"unit": "ms", "min": 18.767013025134286, "p50": 46.711067603024986, "p90": 75.2925441859465, "p95": 80.76114734673075, "p99": 96.4443246030261, "max": 96.93743766331694}, "Input Tokens per Minute": {"unit": "tokens/min", "min": 1255205.344149684, "p50": 1255205.344149684, "p90": 1255205.344149684, "p95": 1255205.344149684, "p99": 1255205.344149684, "max": 1255205.344149684}, "Output Tokens per Minute": {"unit": "tokens/min", "min": 60001.875346655805, "p50": 60001.875346655805, "p90": 60001.875346655805, "p95": 60001.875346655805, "p99": 60001.875346655805, "max": 60001.875346655805}}
{"target_qps": 5.0, "actual_qps": 4.9999412770227085, "success_rate": 100.0, "input_tokens": 4066, "output_tokens": 199, "model": "QwQ-32B", "input_tokens_per_minute": 1219868.085106383, "output_tokens_per_minute": 59967.02127659575, "slo_seconds": 5.0, "slo_attainment": 4.609929078014184, "ttft_slo_ms": 1000, "ttft_slo_attainment": 89.71631205673759, "tpot_slo_ms": 50, "tpot_slo_attainment": 58.86524822695035, "Latency": {"unit": "s", "min": 4.286436105001485, "p50": 9.123708331495436, "p90": 20.696419580298972, "p95": 27.391018080450156, "p99": 29.064184788933126, "max": 29.606664029000967}, "Throughput": {"unit": "tokens/s", "min": 6.755235909188945, "p50": 21.920921501930238, "p90": 36.581414329183545, "p95": 38.9038696887556, "p99": 43.82716866299584, "max": 46.658808180212155}, "TTFT": {"unit": "s", "min": 0.03784860199812101, "p50": 0.46639263649922214, "p90": 1.054608497701702, "p95": 1.355923922245711, "p99": 1.8733576996138432, "max": 2.7357122380053625}, "TPOT": {"unit": "ms", "min": 20.530222748753136, "p50": 44.12438115326237, "p90": 101.56162749947696, "p95": 132.5205565957292, "p99": 139.24563329503601, "max": 142.01118165828802}, "Input Tokens per Minute": {"unit": "tokens/min", "min": 1219868.085106383, "p50": 1219868.085106383, "p90": 1219868.085106383, "p95": 1219868.085106383, "p99": 1219868.085106383, "max": 1219868.085106383}, "Output Tokens per Minute": {"unit": "tokens/min", "min": 59967.02127659575, "p50": 59967.02127659575, "p90": 59967.02127659575, "p95": 59967.02127659575, "p99": 59967.02127659575, "max": 59967.02127659575}}
{"target_qps": 5.0, "actual_qps": 4.999972692982412, "success_rate": 100.0, "input_tokens": 4055,