{"actual_qps": 5.262616433439377, "success_rate": 100.0, "input_tokens": 3900, "output_tokens": 198, "model": "QwQ-32B", "input_tokens_per_minute": 906384.350778295, "output_tokens_per_minute": 46216.23214434742, "slo_seconds": 5.0, "slo_attainment": 0.0, "ttft_slo_ms": 1000, "ttft_slo_attainment": 0.0, "tpot_slo_ms": 50, "tpot_slo_attainment": 69.19831223628692, "Latency": {"unit": "s", "min": 6.675362608992145, "p50": 15.139322581002489, "p90": 24.091314350999895, "p95": 27.299614515402936, "p99": 33.56284073472139, "max": 38.55510126199806}, "Throughput": {"unit": "tokens/s", "min": 4.432001679703481, "p50": 13.189906966456242, "p90": 19.269414808659175, "p95": 19.34044213646225, "p99": 25.47208998998886, "max": 29.960919236145624}, "TTFT": {"unit": "s", "min": 1.5924030939931981, "p50": 6.500910835995455, "p90": 13.839061560991103, "p95": 15.811880357793413, "p99": 23.82558531504298, "max": 31.924629589993856}, "TPOT": {"unit": "ms", "min": 23.645920311519056, "p50": 44.10201926130963, "p90": 58.5007682140658, "p95": 67.64693283215608, "p99": 75.805089395963, "max": 77.50479868841627}, "Input Tokens per Minute": {"unit": "tokens/min", "min": 906384.350778295, "p50": 906384.350778295, "p90": 906384.350778295, "p95": 906384.350778295, "p99": 906384.350778295, "max": 906384.350778295}, "Output Tokens per Minute": {"unit": "tokens/min", "min": 46216.23214434742, "p50": 46216.23214434742, "p90": 46216.23214434742, "p95": 46216.23214434742, "p99": 46216.23214434742, "max": 46216.23214434742}}
{"actual_qps": 5.2053727687626745, "success_rate": 100.0, "input_tokens": 3973, "output_tokens": 198, "model": "QwQ-32B", "input_tokens_per_minute": 1040357.4903502243, "output_tokens_per_minute": 51995.95784472475, "slo_seconds": 5.0, "slo_attainment": 0.37453183520599254, "ttft_slo_ms": 1000, "ttft_slo_attainment": 0.0, "tpot_slo_ms": 50, "tpot_slo_attainment": 64.04494382022472, "Latency": {"unit": "s", "min": 4.355163237996749, "p50": 17.9353669280099, "p90": 28.41532471199462, "p95": 31.73645692649733, "p99": 37.97029515261819, "max": 40.3110889899981}, "Throughput": {"unit": "tokens/s", "min": 4.650978290621986, "p50": 11.116059890192993, "p90": 17.736622852369194, "p95": 20.27433107872484, "p99": 23.38997174651207, "max": 25.463601215804516}, "TTFT": {"unit": "s", "min": 1.0790397340024356, "p50": 7.577900288000819, "p90": 18.684244833793493, "p95": 21.149897530501764, "p99": 28.25344020584681, "max": 30.647580417993595}, "TPOT": {"unit": "ms", "min": 20.4291440151344, "p50": 44.954581527596915, "p90": 65.6550598653278, "p95": 72.59467211457633, "p99": 78.26460752068742, "max": 86.92893972863145}, "Input Tokens per Minute": {"unit": "tokens/min", "min": 1040357.4903502243, "p50": 1040357.4903502243, "p90": 1040357.4903502243, "p95": 1040357.4903502243, "p99": 1040357.4903502243, "max": 1040357.4903502243}, "Output Tokens per Minute": {"unit": "tokens/min", "min": 51995.95784472475, "p50": 51995.95784472475, "p90": 51995.95784472475, "p95": 51995.95784472475, "p99": 51995.95784472475, "max": 51995.95784472475}}
{"actual_qps": 4.906332262170155, "success_rate": 100.0, "input_tokens": 3965, "output_tokens": 198, "model": "QwQ-32B", "input_tokens_per_minute": 1193911.4855015795, "output_tokens_per_minute": 59729.062166607284, "slo_seconds": 5.0, "slo_attainment": 0.32573289902280134, "ttft_slo_ms": 1000, "ttft_slo_attainment": 1.9543973941368076, "tpot_slo_ms": 50, "tpot_slo_attainment": 60.26058631921825, "Latency": {"unit": "s", "min": 4.704032729001483, "p50": 13.39407886400295, "p90": 22.644586076799897, "p95": 24.250836709597205, "p99": 26.43212233778846, "max": 28.733087073007482}, "Throughput": {"unit": "tokens/s", "min": 5.090165236794129, "p50": 14.886455184583436, "p90": 21.885285406475845, "p95": 23.67524066610751, "p99": 29.260202927355046, "max": 35.696100673639094}, "TTFT": {"unit": "s", "min": 0.4430070880043786, "p50": 4.574897732003592, "p90": 9.697347188991262, "p95": 11.328331062501821, "p99": 15.26619204741582, "max": 18.014440554994508}, "TPOT": {"unit": "ms", "min": 17.5648503869552, "p50": 46.820788251279374, "p90": 70.67459012363013, "p95": 82.257020604016, "p99": 93.59334372570616, "max": 97.09327716587156}, "Input Tokens per Minute": {"unit": "tokens/min", "min": 1193911.4855015795, "p50": 1193911.4855015795, "p90": 1193911.4855015795, "p95": 1193911.4855015795, "p99": 1193911.4855015795, "max": 1193911.4855015795}, "Output Tokens per Minute": {"unit": "tokens/min", "min": 59729.062166607284, "p50": 59729.062166607284, "p90": 59729.062166607284, "p95": 59729.062166607284, "p99": 59729.062166607284, "max": 59729.062166607284}}
{"actual_qps": 5.304494562176238, "success_rate": 100.0, "input_tokens": 4033, "output_tokens": 199, "model": "QwQ-32B", "input_tokens_per_minute": 1427776.6030036644, "output_tokens_per_minute": 70787.42095913446, "slo_seconds": 5.0, "slo_attainment": 0.0, "ttft_slo_ms": 1000, "ttft_slo_attainment": 9.141274238227147, "tpot_slo_ms": 50, "tpot_slo_attainment": 18.282548476454295, "Latency": {"unit": "s", "min": 6.421236141002737, "p50": 17.588642725997488, "p90": 28.19012873500469, "p95": 29.278505308000604, "p99": 31.464860917805314, "max": 37.41972037999949}, "Throughput": {"unit": "tokens/s", "min": 5.344775374294305, "p50": 11.370974049315542, "p90": 16.318018466439348, "p95": 17.215840852646647, "p99": 22.040103938585357, "max": 31.146650832991806}, "TTFT": {"unit": "s", "min": 0.1493636230006814, "p50": 4.486660697002662, "p90": 9.954597522009863, "p95": 12.441390086998581, "p99": 16.58941297779673, "max": 20.385842343996046}, "TPOT": {"unit": "ms", "min": 25.525723065392363, "p50": 65.91156811048873, "p90": 106.85439174373262, "p95": 119.4542471557679, "p99": 130.631946255254, "max": 133.69119807539025}, "Input Tokens per Minute": {"unit": "tokens/min", "min": 1427776.6030036644, "p50": 1427776.6030036644, "p90": 1427776.6030036644, "p95": 1427776.6030036644, "p99": 1427776.6030036644, "max": 1427776.6030036644}, "Output Tokens per Minute": {"unit": "tokens/min", "min": 70787.42095913446, "p50": 70787.42095913446, "p90": 70787.42095913446, "p95": 70787.42095913446, "p99": 70787.42095913446, "max": 70787.42095913446}}
{"actual_qps": 5.033290531824696, "success_rate": 100.0, "input_tokens": 4046, "output_tokens": 199, "model": "QwQ-32B", "input_tokens_per_minute": 1317350.893571396, "output_tokens_per_minute": 64951.80038856345, "slo_seconds": 5.0, "slo_attainment": 0.30120481927710846, "ttft_slo_ms": 1000, "ttft_slo_attainment": 51.50602409638554, "tpot_slo_ms": 50, "tpot_slo_attainment": 77.40963855421687, "Latency": {"unit": "s", "min": 2.295243030996062, "p50": 9.602882743500231, "p90": 13.389469448995088, "p95": 15.05222362399727, "p99": 17.540667056513485, "max": 28.052308618993266}, "Throughput": {"unit": "tokens/s", "min": 7.129537989774816, "p50": 20.768619454518756, "p90": 26.547246098281036, "p95": 27.416211228194925, "p99": 31.115352080217, "max": 33.71956546939419}, "TTFT": {"unit": "s", "min": 0.05914465300156735, "p50": 0.960583307503839, "p90": 2.2340788029076073, "p95": 2.766277890755009, "p99": 4.108923414304298, "max": 13.131188979998115}, "TPOT": {"unit": "ms", "min": 28.786596964814247, "p50": 43.030529118126346, "p90": 58.111951803018094, "p95": 63.89142263240629, "p99": 74.84636096610882, "max": 99.02267081908128}, "Input Tokens per Minute": {"unit": "tokens/min", "min": 1317350.893571396, "p50": 1317350.893571396, "p90": 1317350.893571396, "p95": 1317350.893571396, "p99": 1317350.893571396, "max": 1317350.893571396}, "Output Tokens per Minute": {"unit": "tokens/min", "min": 64951.80038856345, "p50": 64951.80038856345, "p90": 64951.80038856345, "p95": 64951.80038856345, "p99": 64951.80038856345, "max": 64951.80038856345}}
{"actual_qps": 5.316550206659932, "success_rate": 100.0, "input_tokens": 3973, "output_tokens": 198, "model": "QwQ-32B", "input_tokens_per_minute": 1227498.41881743, "output_tokens_per_minute": 61337.26544937261, "slo_seconds": 5.0,