{"actual_qps": 5.680735482463255, "success_rate": 100.0, "input_tokens": 4008, "output_tokens": 200, "model": "QwQ-32B", "input_tokens_per_minute": 1004903.6114299, "output_tokens_per_minute": 50135.79338592571, "slo_seconds": 5.0, "slo_attainment": 0.0, "ttft_slo_ms": 1000, "ttft_slo_attainment": 0.7905138339920948, "tpot_slo_ms": 50, "tpot_slo_attainment": 39.920948616600796, "Latency": {"unit": "s", "min": 8.523771342996042, "p50": 16.96099050300836, "p90": 20.656947699398735, "p95": 24.68483244139934, "p99": 26.410706976763322, "max": 27.373391825996805}, "Throughput": {"unit": "tokens/s", "min": 7.306365293396262, "p50": 11.79176416404019, "p90": 16.8176261216494, "p95": 17.906186679476345, "p99": 21.808412166119442, "max": 23.46379225251501}, "TTFT": {"unit": "s", "min": 0.457177425007103, "p50": 5.223050289001549, "p90": 11.565079869798502, "p95": 13.803833849204239, "p99": 15.469257317758158, "max": 18.94613453700731}, "TPOT": {"unit": "ms", "min": 27.412552849258574, "p50": 55.363577648256694, "p90": 70.66206352461431, "p95": 73.31371290652237, "p99": 77.77228305769158, "max": 81.55928873872367}, "Input Tokens per Minute": {"unit": "tokens/min", "min": 1004903.6114299, "p50": 1004903.6114299, "p90": 1004903.6114299, "p95": 1004903.6114299, "p99": 1004903.6114299, "max": 1004903.6114299}, "Output Tokens per Minute": {"unit": "tokens/min", "min": 50135.79338592571, "p50": 50135.79338592571, "p90": 50135.79338592571, "p95": 50135.79338592571, "p99": 50135.79338592571, "max": 50135.79338592571}}
{"actual_qps": 4.557111736158719, "success_rate": 100.0, "input_tokens": 3947, "output_tokens": 199, "model": "QwQ-32B", "input_tokens_per_minute": 1130503.6821212065, "output_tokens_per_minute": 57120.12555148679, "slo_seconds": 5.0, "slo_attainment": 0.0, "ttft_slo_ms": 1000, "ttft_slo_attainment": 0.0, "tpot_slo_ms": 50, "tpot_slo_attainment": 45.32871972318339, "Latency": {"unit": "s", "min": 9.585206080999342, "p50": 17.904748453001957, "p90": 26.164760455206842, "p95": 28.9477662543999, "p99": 29.7811345497187, "max": 32.42082292899431}, "Throughput": {"unit": "tokens/s", "min": 3.0213348299663148, "p50": 11.1387691693954, "p90": 17.07261654643487, "p95": 19.072028661661125, "p99": 20.162604418050194, "max": 20.865487743289943}, "TTFT": {"unit": "s", "min": 1.220923914006562, "p50": 6.692658212996321, "p90": 13.66308975520951, "p95": 15.67725411959982, "p99": 18.24432105355722, "max": 20.733090757988975}, "TPOT": {"unit": "ms", "min": 19.582070185903497, "p50": 52.978611256238125, "p90": 79.82868061305301, "p95": 84.49686179901342, "p99": 93.86032269829147, "max": 101.3263041256218}, "Input Tokens per Minute": {"unit": "tokens/min", "min": 1130503.6821212065, "p50": 1130503.6821212065, "p90": 1130503.6821212065, "p95": 1130503.6821212065, "p99": 1130503.6821212065, "max": 1130503.6821212065}, "Output Tokens per Minute": {"unit": "tokens/min", "min": 57120.12555148679, "p50": 57120.12555148679, "p90": 57120.12555148679, "p95": 57120.12555148679, "p99": 57120.12555148679, "max": 57120.12555148679}}
{"actual_qps": 4.757123017865689, "success_rate": 100.0, "input_tokens": 4020, "output_tokens": 199, "model": "QwQ-32B", "input_tokens_per_minute": 1107333.21713445, "output_tokens_per_minute": 55088.93234118742, "slo_seconds": 5.0, "slo_attainment": 0.0, "ttft_slo_ms": 1000, "ttft_slo_attainment": 5.755395683453238, "tpot_slo_ms": 50, "tpot_slo_attainment": 68.34532374100719, "Latency": {"unit": "s", "min": 6.320229953998933, "p50": 13.82704266449582, "p90": 20.66516784559499, "p95": 22.77762704700508, "p99": 25.082133323707385, "max": 27.70714673299517}, "Throughput": {"unit": "tokens/s", "min": 7.218354236447926, "p50": 14.464409056208229, "p90": 21.93671594638804, "p95": 25.241163437412556, "p99": 30.46433398992512, "max": 31.64441823409544}, "TTFT": {"unit": "s", "min": 0.14560659999551717, "p50": 4.132958298498124, "p90": 8.883804619390867, "p95": 10.502421633199262, "p99": 15.149603025945696, "max": 17.42022398300469}, "TPOT": {"unit": "ms", "min": 23.371048396919505, "p50": 42.15845366081851, "p90": 80.64441766634343, "p95": 91.57693617493186, "p99": 97.47908767580257, "max": 102.15010881908331}, "Input Tokens per Minute": {"unit": "tokens/min", "min": 1107333.21713445, "p50": 1107333.21713445, "p90": 1107333.21713445, "p95": 1107333.21713445, "p99": 1107333.21713445, "max": 1107333.21713445}, "Output Tokens per Minute": {"unit": "tokens/min", "min": 55088.93234118742, "p50": 55088.93234118742, "p90": 55088.93234118742, "p95": 55088.93234118742, "p99": 55088.93234118742, "max": 55088.93234118742}}
{"actual_qps": 4.803212930648744, "success_rate": 100.0, "input_tokens": 4025, "output_tokens": 199, "model": "QwQ-32B", "input_tokens_per_minute": 1342362.606134047, "output_tokens_per_minute": 66520.40078493678, "slo_seconds": 5.0, "slo_attainment": 0.0, "ttft_slo_ms": 1000, "ttft_slo_attainment": 5.604719764011799, "tpot_slo_ms": 50, "tpot_slo_attainment": 14.15929203539823, "Latency": {"unit": "s", "min": 7.171381002990529, "p50": 16.583722809999017, "p90": 25.006873302807797, "p95": 29.030475218006174, "p99": 34.90708130643849, "max": 37.80275612899277}, "Throughput": {"unit": "tokens/s", "min": 5.290619533600893, "p50": 12.054934195294225, "p90": 16.212338468550698, "p95": 17.337807607793632, "p99": 21.73885961922333, "max": 27.888631201800358}, "TTFT": {"unit": "s", "min": 0.30892357499396894, "p50": 3.1475624769955175, "p90": 7.580520497189718, "p95": 11.55897443859285, "p99": 16.857847349474333, "max": 20.082384089997504}, "TPOT": {"unit": "ms", "min": 26.769062959742335, "p50": 66.64282405028241, "p90": 95.3544049366844, "p95": 104.84906907030144, "p99": 128.23608018884067, "max": 133.7695696381513}, "Input Tokens per Minute": {"unit": "tokens/min", "min": 1342362.606134047, "p50": 1342362.606134047, "p90": 1342362.606134047, "p95": 1342362.606134047, "p99": 1342362.606134047, "max": 1342362.606134047}, "Output Tokens per Minute": {"unit": "tokens/min", "min": 66520.40078493678, "p50": 66520.40078493678, "p90": 66520.40078493678, "p95": 66520.40078493678, "p99": 66520.40078493678, "max": 66520.40078493678}}
{"actual_qps": 5.5083029805401855, "success_rate": 100.0, "input_tokens": 3908, "output_tokens": 199, "model": "QwQ-32B", "input_tokens_per_minute": 1214673.5345755713, "output_tokens_per_minute": 62007.67568067402, "slo_seconds": 5.0, "slo_attainment": 0.31645569620253167, "ttft_slo_ms": 1000, "ttft_slo_attainment": 33.22784810126582, "tpot_slo_ms": 50, "tpot_slo_attainment": 86.70886075949366, "Latency": {"unit": "s", "min": 4.813131202987279, "p50": 9.89305984100065, "p90": 12.081182433998038, "p95": 12.551684165999177, "p99": 13.145397688858793, "max": 14.126027614998748}, "Throughput": {"unit": "tokens/s", "min": 8.726128216478417, "p50": 20.207024686721013, "p90": 25.488511174186517, "p95": 27.058020825901878, "p99": 30.80013519262017, "max": 32.793765598354135}, "TTFT": {"unit": "s", "min": 0.13308491099451203, "p50": 1.4063584830000764, "p90": 2.8113493420023588, "p95": 3.2953413125032966, "p99": 4.346166748992986, "max": 4.835032727001817}, "TPOT": {"unit": "ms", "min": 29.35044297988845, "p50": 42.11894077636873, "p90": 51.47633078389909, "p95": 52.86250627135239, "p99": 54.79908907942061, "max": 61.368568487701054}, "Input Tokens per Minute": {"unit": "tokens/min", "min": 1214673.5345755713, "p50": 1214673.5345755713, "p90": 1214673.5345755713, "p95": 1214673.5345755713, "p99": 1214673.5345755713, "max": 1214673.5345755713}, "Output Tokens per Minute": {"unit": "tokens/min", "min": 62007.67568067402, "p50": 62007.67568067402, "p90": 62007.67568067402, "p95": 62007.67568067402, "p99": 62007.67568067402, "max": 62007.67568067402}}
{"actual_qps": 4.599959833074039, "success_rate": 100.0, "input_tokens": 3984, "output_tokens": 199, "model": "QwQ-32B", "input_tokens_per_minute": 1183585.1077293567, "output_tokens_per_minute": 59380.49853300928, "slo_seconds": 5.0, "slo_attainment": 0.0, "ttft_slo_ms": 1000,