{"actual_qps": 1.243385264436921, "success_rate": 100.0, "input_tokens": 3585, "output_tokens": 197, "model": "QwQ-32B", "input_tokens_per_minute": 192608.33512697145, "output_tokens_per_minute": 10597.621285848765, "slo_seconds": 5.0, "slo_attainment": 1.8518518518518516, "ttft_slo_ms": 1000, "ttft_slo_attainment": 27.77777777777778, "tpot_slo_ms": 50, "tpot_slo_attainment": 68.51851851851852, "Latency": {"unit": "s", "min": 2.204245818007621, "p50": 10.578391833994829, "p90": 14.359137757997086, "p95": 15.003500257943234, "p99": 16.266041155020936, "max": 17.096551295995596}, "Throughput": {"unit": "tokens/s", "min": 11.698265722563859, "p50": 18.9073125797414, "p90": 24.47807692522165, "p95": 25.099626541456413, "p99": 26.915021801688418, "max": 28.20417931350051}, "TTFT": {"unit": "s", "min": 0.08401082499767654, "p50": 1.4613862089972827, "p90": 3.695923260394193, "p95": 4.463621325649722, "p99": 8.315743741596087, "max": 9.053751982995891}, "TPOT": {"unit": "ms", "min": 21.395964301982016, "p50": 42.2983480804312, "p90": 62.324778070395766, "p95": 64.52691979648446, "p99": 70.21311239640393, "max": 73.9539994221431}, "Input Tokens per Minute": {"unit": "tokens/min", "min": 192608.33512697145, "p50": 192608.33512697145, "p90": 192608.33512697145, "p95": 192608.33512697145, "p99": 192608.33512697145, "max": 192608.33512697145}, "Output Tokens per Minute": {"unit": "tokens/min", "min": 10597.621285848765, "p50": 10597.621285848765, "p90": 10597.621285848765, "p95": 10597.621285848765, "p99": 10597.621285848765, "max": 10597.621285848765}}
{"actual_qps": 1.0070070185886482, "success_rate": 100.0, "input_tokens": 4261, "output_tokens": 197, "model": "QwQ-32B", "input_tokens_per_minute": 308109.480233388, "output_tokens_per_minute": 14279.029357351428, "slo_seconds": 5.0, "slo_attainment": 2.73972602739726, "ttft_slo_ms": 1000, "ttft_slo_attainment": 30.136986301369863, "tpot_slo_ms": 50, "tpot_slo_attainment": 71.23287671232876, "Latency": {"unit": "s", "min": 4.988624582998455, "p50": 9.809687325992854, "p90": 16.633528584401937, "p95": 19.957189938996446, "p99": 21.2642931864789, "max": 21.387782593999873}, "Throughput": {"unit": "tokens/s", "min": 9.351133018160938, "p50": 20.3865543872165, "p90": 28.75631919333383, "p95": 30.72724208308086, "p99": 40.077365879957526, "max": 40.091210848299255}, "TTFT": {"unit": "s", "min": 0.11441686499165371, "p50": 1.759571173999575, "p90": 3.9222125884029073, "p95": 4.407283038398598, "p99": 7.533601115598578, "max": 8.365688785997918}, "TPOT": {"unit": "ms", "min": 19.010865502542085, "p50": 41.01516554777361, "p90": 76.15621936279081, "p95": 78.35849970751721, "p99": 92.00704676644635, "max": 94.94640826633442}, "Input Tokens per Minute": {"unit": "tokens/min", "min": 308109.480233388, "p50": 308109.480233388, "p90": 308109.480233388, "p95": 308109.480233388, "p99": 308109.480233388, "max": 308109.480233388}, "Output Tokens per Minute": {"unit": "tokens/min", "min": 14279.029357351428, "p50": 14279.029357351428, "p90": 14279.029357351428, "p95": 14279.029357351428, "p99": 14279.029357351428, "max": 14279.029357351428}}
{"actual_qps": 1.099251033090225, "success_rate": 100.0, "input_tokens": 4034, "output_tokens": 200, "model": "QwQ-32B", "input_tokens_per_minute": 178733.29596091944, "output_tokens_per_minute": 8859.635192070471, "slo_seconds": 5.0, "slo_attainment": 0.0, "ttft_slo_ms": 1000, "ttft_slo_attainment": 33.33333333333333, "tpot_slo_ms": 50, "tpot_slo_attainment": 46.666666666666664, "Latency": {"unit": "s", "min": 6.124407103998237, "p50": 12.622464515006868, "p90": 18.82388964459824, "p95": 20.230109909403833, "p99": 21.50756096067897, "max": 22.247337955996045}, "Throughput": {"unit": "tokens/s", "min": 8.989839611174537, "p50": 15.844766270661303, "p90": 26.053560449702225, "p95": 28.241968847718937, "p99": 31.51906908128592, "max": 32.656222325493786}, "TTFT": {"unit": "s", "min": 0.23284397600218654, "p50": 1.627297572005773, "p90": 3.585714488200029, "p95": 5.262805861400554, "p99": 6.407886972433772, "max": 6.613977977991453}, "TPOT": {"unit": "ms", "min": 28.417874422101608, "p50": 51.69847226637619, "p90": 76.92040121106751, "p95": 82.39315030052111, "p99": 94.61615368279271, "max": 100.98936579395823}, "Input Tokens per Minute": {"unit": "tokens/min", "min": 178733.29596091944, "p50": 178733.29596091944, "p90": 178733.29596091944, "p95": 178733.29596091944, "p99": 178733.29596091944, "max": 178733.29596091944}, "Output Tokens per Minute": {"unit": "tokens/min", "min": 8859.635192070471, "p50": 8859.635192070471, "p90": 8859.635192070471, "p95": 8859.635192070471, "p99": 8859.635192070471, "max": 8859.635192070471}}
{"actual_qps": 1.1774396078445883, "success_rate": 100.0, "input_tokens": 4028, "output_tokens": 198, "model": "QwQ-32B", "input_tokens_per_minute": 354757.06987827766, "output_tokens_per_minute": 17501.913951673465, "slo_seconds": 5.0, "slo_attainment": 1.098901098901099, "ttft_slo_ms": 1000, "ttft_slo_attainment": 14.285714285714285, "tpot_slo_ms": 50, "tpot_slo_attainment": 35.16483516483517, "Latency": {"unit": "s", "min": 4.7075434350117575, "p50": 14.705620339998859, "p90": 21.315542776996153, "p95": 26.276854690004257, "p99": 34.32827453000791, "max": 34.87847647999297}, "Throughput": {"unit": "tokens/s", "min": 5.734195417472556, "p50": 13.600242313886334, "p90": 21.86122284795349, "p95": 22.997589156820084, "p99": 25.892068742939713, "max": 26.660331297519175}, "TTFT": {"unit": "s", "min": 0.22544131299946457, "p50": 2.2658773510047467, "p90": 4.510162314007175, "p95": 7.407502208501683, "p99": 14.001692752893721, "max": 14.20775929899537}, "TPOT": {"unit": "ms", "min": 33.76093734671179, "p50": 60.12192185423817, "p90": 84.99956650755382, "p95": 105.3494308291567, "p99": 132.39869633467222, "max": 133.65551085932645}, "Input Tokens per Minute": {"unit": "tokens/min", "min": 354757.06987827766, "p50": 354757.06987827766, "p90": 354757.06987827766, "p95": 354757.06987827766, "p99": 354757.06987827766, "max": 354757.06987827766}, "Output Tokens per Minute": {"unit": "tokens/min", "min": 17501.913951673465, "p50": 17501.913951673465, "p90": 17501.913951673465, "p95": 17501.913951673465, "p99": 17501.913951673465, "max": 17501.913951673465}}
{"actual_qps": 1.2166481074295274, "success_rate": 100.0, "input_tokens": 3778, "output_tokens": 199, "model": "QwQ-32B", "input_tokens_per_minute": 277883.1669337832, "output_tokens_per_minute": 14637.348549574848, "slo_seconds": 5.0, "slo_attainment": 0.0, "ttft_slo_ms": 1000, "ttft_slo_attainment": 39.473684210526315, "tpot_slo_ms": 50, "tpot_slo_attainment": 81.57894736842105, "Latency": {"unit": "s", "min": 6.8880994799983455, "p50": 9.788874011006556, "p90": 12.978150343500602, "p95": 13.414504052503617, "p99": 14.674755989744881, "max": 14.864896661005332}, "Throughput": {"unit": "tokens/s", "min": 11.601822322252886, "p50": 20.431405056252682, "p90": 26.029448998792763, "p95": 26.951402311969005, "p99": 28.325152337025894, "max": 29.035585299074114}, "TTFT": {"unit": "s", "min": 0.09162220099824481, "p50": 1.490546467997774, "p90": 3.4275660575003712, "p95": 4.2367295254989585, "p99": 5.319717255744763, "max": 5.952561462006997}, "TPOT": {"unit": "ms", "min": 30.774849522554657, "p50": 39.748564673381175, "p90": 52.70217344726158, "p95": 55.98719633918112, "p99": 62.91572211431509, "max": 66.29636893965872}, "Input Tokens per Minute": {"unit": "tokens/min", "min": 277883.1669337832, "p50": 277883.1669337832, "p90": 277883.1669337832, "p95": 277883.1669337832, "p99": 277883.1669337832, "max": 277883.1669337832}, "Output Tokens per Minute": {"unit": "tokens/min", "min": 14637.348549574848, "p50": 14637.348549574848, "p90": 14637.348549574848, "p95": 14637.348549574848, "p99": 14637.348549574848, "max": 14637.348549574848}}
{"actual_qps": 1.0476054569172124, "success_rate": 100.0, "input_tokens": 3784, "output_tokens": 198, "model": "QwQ-32B", "input_tokens_per_minute": 263133.7291940767,