{"actual_qps": 5.803838746205942, "success_rate": 100.0, "input_tokens": 4026, "output_tokens": 199, "model": "QwQ-32B", "input_tokens_per_minute": 1106534.100512753, "output_tokens_per_minute": 54886.456573735275, "slo_seconds": 5.0, "slo_attainment": 0.36101083032490977, "ttft_slo_ms": 1000, "ttft_slo_attainment": 9.386281588447654, "tpot_slo_ms": 50, "tpot_slo_attainment": 33.57400722021661, "Latency": {"unit": "s", "min": 4.477399385999888, "p50": 16.350764777998847, "p90": 32.849104215404076, "p95": 33.67416193260142, "p99": 33.695747477881376, "max": 39.920507912000176}, "Throughput": {"unit": "tokens/s", "min": 5.00995629717125, "p50": 12.231843752600163, "p90": 19.710974804597566, "p95": 21.33257321335173, "p99": 26.45949988493553, "max": 29.354186413099264}, "TTFT": {"unit": "s", "min": 0.14593144600075902, "p50": 4.863302566001948, "p90": 10.580653049401008, "p95": 14.443699323404871, "p99": 15.719805632919597, "max": 16.743815870002436}, "TPOT": {"unit": "ms", "min": 22.766084336686234, "p50": 61.21042989446383, "p90": 131.68476946633214, "p95": 140.95871472762238, "p99": 147.42431952120813, "max": 149.98474300001138}, "Input Tokens per Minute": {"unit": "tokens/min", "min": 1106534.100512753, "p50": 1106534.100512753, "p90": 1106534.100512753, "p95": 1106534.100512753, "p99": 1106534.100512753, "max": 1106534.100512753}, "Output Tokens per Minute": {"unit": "tokens/min", "min": 54886.456573735275, "p50": 54886.456573735275, "p90": 54886.456573735275, "p95": 54886.456573735275, "p99": 54886.456573735275, "max": 54886.456573735275}}
{"actual_qps": 4.522702629727602, "success_rate": 100.0, "input_tokens": 4017, "output_tokens": 199, "model": "QwQ-32B", "input_tokens_per_minute": 1265421.1641155062, "output_tokens_per_minute": 62705.45627763573, "slo_seconds": 5.0, "slo_attainment": 0.0, "ttft_slo_ms": 1000, "ttft_slo_attainment": 16.037735849056602, "tpot_slo_ms": 50, "tpot_slo_attainment": 67.9245283018868, "Latency": {"unit": "s", "min": 5.132212172000436, "p50": 11.358776908502477, "p90": 19.74443040839833, "p95": 22.51340799225034, "p99": 25.870328195801044, "max": 30.569715625002573}, "Throughput": {"unit": "tokens/s", "min": 3.5469553449314213, "p50": 17.600991950673922, "p90": 25.797503247253243, "p95": 27.43175918406306, "p99": 34.619686280945615, "max": 36.057248547830675}, "TTFT": {"unit": "s", "min": 0.2174731960039935, "p50": 2.4502142455021385, "p90": 9.519326323799033, "p95": 11.24789037510308, "p99": 14.231282287924977, "max": 16.97166008500062}, "TPOT": {"unit": "ms", "min": 22.19490933166343, "p50": 44.82574529395802, "p90": 57.80827854723795, "p95": 61.37405581757044, "p99": 73.87229581230848, "max": 89.47979628645035}, "Input Tokens per Minute": {"unit": "tokens/min", "min": 1265421.1641155062, "p50": 1265421.1641155062, "p90": 1265421.1641155062, "p95": 1265421.1641155062, "p99": 1265421.1641155062, "max": 1265421.1641155062}, "Output Tokens per Minute": {"unit": "tokens/min", "min": 62705.45627763573, "p50": 62705.45627763573, "p90": 62705.45627763573, "p95": 62705.45627763573, "p99": 62705.45627763573, "max": 62705.45627763573}}
{"actual_qps": 4.816404338716268, "success_rate": 100.0, "input_tokens": 4015, "output_tokens": 199, "model": "QwQ-32B", "input_tokens_per_minute": 1105439.3068823002, "output_tokens_per_minute": 54961.73105241526, "slo_seconds": 5.0, "slo_attainment": 1.079136690647482, "ttft_slo_ms": 1000, "ttft_slo_attainment": 56.4748201438849, "tpot_slo_ms": 50, "tpot_slo_attainment": 83.45323741007195, "Latency": {"unit": "s", "min": 4.732180551996862, "p50": 7.998268963998271, "p90": 13.516153199697873, "p95": 15.276494197952342, "p99": 17.327570319760706, "max": 18.242972142004874}, "Throughput": {"unit": "tokens/s", "min": 10.963125879006046, "p50": 24.97007768808116, "p90": 30.074236673804783, "p95": 33.70105450615789, "p99": 38.05395372792222, "max": 42.26381428231959}, "TTFT": {"unit": "s", "min": 0.09022845900472021, "p50": 0.8740188864976517, "p90": 1.9679536760020713, "p95": 2.3770930852475396, "p99": 4.1607675859489275, "max": 4.678695288996096}, "TPOT": {"unit": "ms", "min": 22.24164732662995, "p50": 35.38146847486087, "p90": 57.41922499749597, "p95": 63.005328265064605, "p99": 74.63203359317389, "max": 89.39598839195918}, "Input Tokens per Minute": {"unit": "tokens/min", "min": 1105439.3068823002, "p50": 1105439.3068823002, "p90": 1105439.3068823002, "p95": 1105439.3068823002, "p99": 1105439.3068823002, "max": 1105439.3068823002}, "Output Tokens per Minute": {"unit": "tokens/min", "min": 54961.73105241526, "p50": 54961.73105241526, "p90": 54961.73105241526, "p95": 54961.73105241526, "p99": 54961.73105241526, "max": 54961.73105241526}}
{"actual_qps": 4.754753911906196, "success_rate": 100.0, "input_tokens": 3991, "output_tokens": 199, "model": "QwQ-32B", "input_tokens_per_minute": 1201470.8960620675, "output_tokens_per_minute": 60073.20049333733, "slo_seconds": 5.0, "slo_attainment": 0.6535947712418301, "ttft_slo_ms": 1000, "ttft_slo_attainment": 51.307189542483655, "tpot_slo_ms": 50, "tpot_slo_attainment": 74.18300653594771, "Latency": {"unit": "s", "min": 4.6088318709953455, "p50": 8.42937332600195, "p90": 15.360278872998606, "p95": 18.917873572003373, "p99": 21.68643769634508, "max": 22.02011103899713}, "Throughput": {"unit": "tokens/s", "min": 9.082606334082714, "p50": 23.582433139747295, "p90": 31.3303623869472, "p95": 34.27301223194393, "p99": 36.62587313183354, "max": 43.083451481797304}, "TTFT": {"unit": "s", "min": 0.07377107399952365, "p50": 0.9951563575014006, "p90": 2.380567844003963, "p95": 3.4582930507494893, "p99": 5.056878786549346, "max": 6.359614597997279}, "TPOT": {"unit": "ms", "min": 22.0300883819111, "p50": 37.2352351557891, "p90": 68.45616641959768, "p95": 78.29161027010416, "p99": 104.76501266558215, "max": 106.17525895476726}, "Input Tokens per Minute": {"unit": "tokens/min", "min": 1201470.8960620675, "p50": 1201470.8960620675, "p90": 1201470.8960620675, "p95": 1201470.8960620675, "p99": 1201470.8960620675, "max": 1201470.8960620675}, "Output Tokens per Minute": {"unit": "tokens/min", "min": 60073.20049333733, "p50": 60073.20049333733, "p90": 60073.20049333733, "p95": 60073.20049333733, "p99": 60073.20049333733, "max": 60073.20049333733}}
{"actual_qps": 5.524597671771854, "success_rate": 100.0, "input_tokens": 3895, "output_tokens": 200, "model": "QwQ-32B", "input_tokens_per_minute": 1168656.9980217167, "output_tokens_per_minute": 60000.0815391246, "slo_seconds": 5.0, "slo_attainment": 0.0, "ttft_slo_ms": 1000, "ttft_slo_attainment": 60.983606557377044, "tpot_slo_ms": 50, "tpot_slo_attainment": 79.01639344262294, "Latency": {"unit": "s", "min": 5.402341451997927, "p50": 8.718455857000663, "p90": 13.682822698200475, "p95": 14.886375436198431, "p99": 20.525776211997727, "max": 20.568710337000084}, "Throughput": {"unit": "tokens/s", "min": 9.723507051398814, "p50": 22.93984201794242, "p90": 29.622525828686356, "p95": 32.90696054322059, "p99": 35.13572657867848, "max": 37.020984655835626}, "TTFT": {"unit": "s", "min": 0.08520634999877075, "p50": 0.7834504769998603, "p90": 1.920581091598433, "p95": 2.2481223796014103, "p99": 3.2261244150824457, "max": 3.645034881999891}, "TPOT": {"unit": "ms", "min": 24.39358070852959, "p50": 39.85880861808657, "p90": 60.33678012965139, "p95": 68.67318343517111, "p99": 92.7526916303697, "max": 98.88109547238453}, "Input Tokens per Minute": {"unit": "tokens/min", "min": 1168656.9980217167, "p50": 1168656.9980217167, "p90": 1168656.9980217167, "p95": 1168656.9980217167, "p99": 1168656.9980217167, "max": 1168656.9980217167}, "Output Tokens per Minute": {"unit": "tokens/min", "min": 60000.0815391246, "p50": 60000.0815391246, "p90": 60000.0815391246, "p95": 60000.0815391246, "p99": 60000.0815391246, "max": 60000.0815391246}}
{"actual_qps": 4.672170525973188, "success_rate": 100.0, "input_tokens": 3932, "output_tokens": 199, "model": "QwQ-32B", "input_tokens_per_minute": 1179695.0458091276, "output_tokens_per_minute": 59889.91745498719,