{"actual_qps": 5.295672656620158, "success_rate": 100.0, "input_tokens": 3946, "output_tokens": 199, "model": "QwQ-32B", "input_tokens_per_minute": 986542.977825717, "output_tokens_per_minute": 49836.42991247642, "slo_seconds": 5.0, "slo_attainment": 0.0, "ttft_slo_ms": 1000, "ttft_slo_attainment": 0.0, "tpot_slo_ms": 50, "tpot_slo_attainment": 29.482071713147413, "Latency": {"unit": "s", "min": 7.438490261993138, "p50": 20.014503897000395, "p90": 31.683729169999424, "p95": 31.852138228499825, "p99": 38.15307152999958, "max": 38.15683626499958}, "Throughput": {"unit": "tokens/s", "min": 4.1221468565207795, "p50": 9.992753306764417, "p90": 18.669550875549003, "p95": 19.604665250550028, "p99": 24.960100831295215, "max": 26.88717642367527}, "TTFT": {"unit": "s", "min": 1.0065437340017525, "p50": 5.482022276999487, "p90": 11.271830239005794, "p95": 14.161095536001085, "p99": 16.236022309498367, "max": 18.77063303199975}, "TPOT": {"unit": "ms", "min": 23.072207834157417, "p50": 69.93118004522248, "p90": 120.11891333667103, "p95": 138.33395313566547, "p99": 149.89265324872196, "max": 153.16788215074928}, "Input Tokens per Minute": {"unit": "tokens/min", "min": 986542.977825717, "p50": 986542.977825717, "p90": 986542.977825717, "p95": 986542.977825717, "p99": 986542.977825717, "max": 986542.977825717}, "Output Tokens per Minute": {"unit": "tokens/min", "min": 49836.42991247642, "p50": 49836.42991247642, "p90": 49836.42991247642, "p95": 49836.42991247642, "p99": 49836.42991247642, "max": 49836.42991247642}}
{"actual_qps": 5.1006711716804745, "success_rate": 100.0, "input_tokens": 3946, "output_tokens": 198, "model": "QwQ-32B", "input_tokens_per_minute": 1194939.815487668, "output_tokens_per_minute": 60144.56464414326, "slo_seconds": 5.0, "slo_attainment": 0.6578947368421052, "ttft_slo_ms": 1000, "ttft_slo_attainment": 21.052631578947366, "tpot_slo_ms": 50, "tpot_slo_attainment": 70.39473684210526, "Latency": {"unit": "s", "min": 3.396865467002499, "p50": 11.310869631997775, "p90": 19.89902007490527, "p95": 22.779515058549798, "p99": 29.425705782956364, "max": 33.37501773499389}, "Throughput": {"unit": "tokens/s", "min": 5.99250617896448, "p50": 17.51095840715609, "p90": 26.327572607878576, "p95": 29.175038511944745, "p99": 33.24649062872815, "max": 35.314792540687314}, "TTFT": {"unit": "s", "min": 0.10807797699817456, "p50": 2.1331832129981194, "p90": 8.077893656102242, "p95": 10.694772672297766, "p99": 15.724390050690838, "max": 18.812012149996008}, "TPOT": {"unit": "ms", "min": 21.51642866292707, "p50": 44.52305037436724, "p90": 62.664952286436176, "p95": 72.8050573409384, "p99": 102.00789095769474, "max": 130.6898119547811}, "Input Tokens per Minute": {"unit": "tokens/min", "min": 1194939.815487668, "p50": 1194939.815487668, "p90": 1194939.815487668, "p95": 1194939.815487668, "p99": 1194939.815487668, "max": 1194939.815487668}, "Output Tokens per Minute": {"unit": "tokens/min", "min": 60144.56464414326, "p50": 60144.56464414326, "p90": 60144.56464414326, "p95": 60144.56464414326, "p99": 60144.56464414326, "max": 60144.56464414326}}
{"actual_qps": 5.074017854348893, "success_rate": 100.0, "input_tokens": 3961, "output_tokens": 198, "model": "QwQ-32B", "input_tokens_per_minute": 1178640.1590250558, "output_tokens_per_minute": 59186.69409015554, "slo_seconds": 5.0, "slo_attainment": 0.33112582781456956, "ttft_slo_ms": 1000, "ttft_slo_attainment": 36.75496688741722, "tpot_slo_ms": 50, "tpot_slo_attainment": 83.77483443708608, "Latency": {"unit": "s", "min": 1.8057200979965273, "p50": 8.824918466500094, "p90": 13.044119689500079, "p95": 13.800518354196537, "p99": 14.536284604568577, "max": 15.92858529399382}, "Throughput": {"unit": "tokens/s", "min": 10.219012265245556, "p50": 22.645014128010562, "p90": 28.538420014038344, "p95": 30.21839040212788, "p99": 33.54702878050838, "max": 37.74740169161936}, "TTFT": {"unit": "s", "min": 0.09221873299975414, "p50": 1.2805704374986817, "p90": 3.2695657637996196, "p95": 4.515638729500278, "p99": 5.768066511813743, "max": 6.317856808003853}, "TPOT": {"unit": "ms", "min": 22.36276282413351, "p50": 37.0112462889537, "p90": 53.92415523970363, "p95": 58.15812514925555, "p99": 64.49248897177478, "max": 66.56451112563381}, "Input Tokens per Minute": {"unit": "tokens/min", "min": 1178640.1590250558, "p50": 1178640.1590250558, "p90": 1178640.1590250558, "p95": 1178640.1590250558, "p99": 1178640.1590250558, "max": 1178640.1590250558}, "Output Tokens per Minute": {"unit": "tokens/min", "min": 59186.69409015554, "p50": 59186.69409015554, "p90": 59186.69409015554, "p95": 59186.69409015554, "p99": 59186.69409015554, "max": 59186.69409015554}}
{"actual_qps": 5.138156058202496, "success_rate": 100.0, "input_tokens": 4066, "output_tokens": 198, "model": "QwQ-32B", "input_tokens_per_minute": 1345870.2121514238, "output_tokens_per_minute": 65804.51237990583, "slo_seconds": 5.0, "slo_attainment": 0.5952380952380952, "ttft_slo_ms": 1000, "ttft_slo_attainment": 42.857142857142854, "tpot_slo_ms": 50, "tpot_slo_attainment": 69.64285714285714, "Latency": {"unit": "s", "min": 2.615684823002084, "p50": 9.29417790449952, "p90": 17.535723859000427, "p95": 18.66729997499897, "p99": 21.415484184051074, "max": 24.648496385001636}, "Throughput": {"unit": "tokens/s", "min": 6.493492124301699, "p50": 21.480802236198784, "p90": 28.800415123708493, "p95": 30.30939817454147, "p99": 35.1299679820099, "max": 42.87230654081682}, "TTFT": {"unit": "s", "min": 0.0645628809943446, "p50": 1.2596488900016993, "p90": 4.048889467499976, "p95": 4.98847698300051, "p99": 7.469274535300427, "max": 9.780167577999237}, "TPOT": {"unit": "ms", "min": 21.543004236149837, "p50": 40.0384065703553, "p90": 73.92836254773864, "p95": 85.10947676006994, "p99": 97.41400607712065, "max": 102.47700869345022}, "Input Tokens per Minute": {"unit": "tokens/min", "min": 1345870.2121514238, "p50": 1345870.2121514238, "p90": 1345870.2121514238, "p95": 1345870.2121514238, "p99": 1345870.2121514238, "max": 1345870.2121514238}, "Output Tokens per Minute": {"unit": "tokens/min", "min": 65804.51237990583, "p50": 65804.51237990583, "p90": 65804.51237990583, "p95": 65804.51237990583, "p99": 65804.51237990583, "max": 65804.51237990583}}
{"actual_qps": 5.06588874893474, "success_rate": 100.0, "input_tokens": 4014, "output_tokens": 200, "model": "QwQ-32B", "input_tokens_per_minute": 1220136.5193660015, "output_tokens_per_minute": 60790.664987216885, "slo_seconds": 5.0, "slo_attainment": 0.0, "ttft_slo_ms": 1000, "ttft_slo_attainment": 79.28802588996764, "tpot_slo_ms": 50, "tpot_slo_attainment": 80.90614886731392, "Latency": {"unit": "s", "min": 5.032955597002001, "p50": 8.25643042199954, "p90": 12.1672394402005, "p95": 13.828003328402701, "p99": 14.884322602165339, "max": 15.739658229002089}, "Throughput": {"unit": "tokens/s", "min": 12.706756213516602, "p50": 24.223543320500006, "p90": 32.533506842487064, "p95": 34.061042364114655, "p99": 37.23125145148673, "max": 39.73808155969719}, "TTFT": {"unit": "s", "min": 0.06004998400021577, "p50": 0.5011196940031368, "p90": 1.354608039004961, "p95": 1.8689416038017952, "p99": 2.417610659997158, "max": 2.7852036879994557}, "TPOT": {"unit": "ms", "min": 24.49119205529721, "p50": 38.27212868343475, "p90": 57.83244308646435, "p95": 63.954320450251366, "p99": 72.47329204564537, "max": 78.22495923616985}, "Input Tokens per Minute": {"unit": "tokens/min", "min": 1220136.5193660015, "p50": 1220136.5193660015, "p90": 1220136.5193660015, "p95": 1220136.5193660015, "p99": 1220136.5193660015, "max": 1220136.5193660015}, "Output Tokens per Minute": {"unit": "tokens/min", "min": 60790.664987216885, "p50": 60790.664987216885, "p90": 60790.664987216885, "p95": 60790.664987216885, "p99": 60790.664987216885, "max": 60790.664987216885}}
{"actual_qps": 5.328037725837188, "success_rate": 100.0, "input_tokens": 4009, "output_tokens": 200, "model": "QwQ-32B", "input_tokens_per_minute": 1305548.9206561884, "output_tokens_per_minute": 65116.81799084711, "slo_seconds": 5.0,