{"actual_qps": 4.279297343792928, "success_rate": 100.0, "input_tokens": 3850, "output_tokens": 200, "model": "QwQ-32B", "input_tokens_per_minute": 812965.708780899, "output_tokens_per_minute": 42231.21239665916, "slo_seconds": 5.0, "slo_attainment": 0.0, "ttft_slo_ms": 1000, "ttft_slo_attainment": 9.859154929577464, "tpot_slo_ms": 50, "tpot_slo_attainment": 61.03286384976526, "Latency": {"unit": "s", "min": 5.601359798005433, "p50": 12.167350536001322, "p90": 19.964888173600777, "p95": 28.731781525799306, "p99": 30.404418655162445, "max": 30.421915289996832}, "Throughput": {"unit": "tokens/s", "min": 6.574208036985854, "p50": 16.43743224198487, "p90": 26.036462344821516, "p95": 27.711608292903666, "p99": 34.87867508486951, "max": 35.70561563840574}, "TTFT": {"unit": "s", "min": 0.3218945900007384, "p50": 2.4658434349985328, "p90": 5.450362150000001, "p95": 6.65383519980096, "p99": 8.150957770678794, "max": 8.269704561003891}, "TPOT": {"unit": "ms", "min": 24.733731326632185, "p50": 45.313734361792484, "p90": 83.40405144320098, "p95": 116.72672328242098, "p99": 143.55056494595354, "max": 150.969454025124}, "Input Tokens per Minute": {"unit": "tokens/min", "min": 812965.708780899, "p50": 812965.708780899, "p90": 812965.708780899, "p95": 812965.708780899, "p99": 812965.708780899, "max": 812965.708780899}, "Output Tokens per Minute": {"unit": "tokens/min", "min": 42231.21239665916, "p50": 42231.21239665916, "p90": 42231.21239665916, "p95": 42231.21239665916, "p99": 42231.21239665916, "max": 42231.21239665916}}
{"actual_qps": 4.347967763273638, "success_rate": 100.0, "input_tokens": 3764, "output_tokens": 199, "model": "QwQ-32B", "input_tokens_per_minute": 996355.2442848984, "output_tokens_per_minute": 52849.48741967832, "slo_seconds": 5.0, "slo_attainment": 0.37453183520599254, "ttft_slo_ms": 1000, "ttft_slo_attainment": 27.715355805243448, "tpot_slo_ms": 50, "tpot_slo_attainment": 69.66292134831461, "Latency": {"unit": "s", "min": 4.935033479996491, "p50": 10.412701050001488, "p90": 12.865028855398123, "p95": 13.883068179298425, "p99": 15.002666412519163, "max": 15.355824234000465}, "Throughput": {"unit": "tokens/s", "min": 12.745461409475471, "p50": 19.039769779220034, "p90": 26.243370272986688, "p95": 30.575271784291097, "p99": 35.36515351774334, "max": 40.52657409735389}, "TTFT": {"unit": "s", "min": 0.14671511400229065, "p50": 1.4640388320040074, "p90": 2.9347669472001154, "p95": 3.8069049663950865, "p99": 5.258378679302695, "max": 5.5247987269976875}, "TPOT": {"unit": "ms", "min": 21.504172527656277, "p50": 43.51424885424961, "p90": 55.857000393976094, "p95": 60.9468561587918, "p99": 68.66751086060198, "max": 71.41310410052988}, "Input Tokens per Minute": {"unit": "tokens/min", "min": 996355.2442848984, "p50": 996355.2442848984, "p90": 996355.2442848984, "p95": 996355.2442848984, "p99": 996355.2442848984, "max": 996355.2442848984}, "Output Tokens per Minute": {"unit": "tokens/min", "min": 52849.48741967832, "p50": 52849.48741967832, "p90": 52849.48741967832, "p95": 52849.48741967832, "p99": 52849.48741967832, "max": 52849.48741967832}}
{"actual_qps": 4.361895377931331, "success_rate": 100.0, "input_tokens": 3781, "output_tokens": 198, "model": "QwQ-32B", "input_tokens_per_minute": 941410.8253918776, "output_tokens_per_minute": 49532.765618024416, "slo_seconds": 5.0, "slo_attainment": 0.0, "ttft_slo_ms": 1000, "ttft_slo_attainment": 54.9407114624506, "tpot_slo_ms": 50, "tpot_slo_attainment": 83.399209486166, "Latency": {"unit": "s", "min": 5.103992422998999, "p50": 7.988932019994536, "p90": 13.404597295001441, "p95": 15.108063330397998, "p99": 17.442781063958538, "max": 18.197447366001143}, "Throughput": {"unit": "tokens/s", "min": 10.990552464719103, "p50": 24.92597294494111, "p90": 31.377641069796432, "p95": 34.05097403488814, "p99": 36.62476641942906, "max": 39.18501114907302}, "TTFT": {"unit": "s", "min": 0.0990599659999134, "p50": 0.9384338710005977, "p90": 1.7998867220041583, "p95": 2.1887956923994345, "p99": 4.411064592520992, "max": 5.3836750730042695}, "TPOT": {"unit": "ms", "min": 21.02465475376329, "p50": 36.22938648241235, "p90": 60.360094770839176, "p95": 67.76164244724687, "p99": 80.19283699315159, "max": 86.41580686431077}, "Input Tokens per Minute": {"unit": "tokens/min", "min": 941410.8253918776, "p50": 941410.8253918776, "p90": 941410.8253918776, "p95": 941410.8253918776, "p99": 941410.8253918776, "max": 941410.8253918776}, "Output Tokens per Minute": {"unit": "tokens/min", "min": 49532.765618024416, "p50": 49532.765618024416, "p90": 49532.765618024416, "p95": 49532.765618024416, "p99": 49532.765618024416, "max": 49532.765618024416}}
{"actual_qps": 4.3297440011301855, "success_rate": 100.0, "input_tokens": 3659, "output_tokens": 200, "model": "QwQ-32B", "input_tokens_per_minute": 1011743.9286455816, "output_tokens_per_minute": 55294.403061595665, "slo_seconds": 5.0, "slo_attainment": 1.7793594306049825, "ttft_slo_ms": 1000, "ttft_slo_attainment": 66.90391459074732, "tpot_slo_ms": 50, "tpot_slo_attainment": 79.35943060498221, "Latency": {"unit": "s", "min": 4.620143709005788, "p50": 7.990021293000609, "p90": 13.721865445004369, "p95": 16.825177805993007, "p99": 20.832101918800618, "max": 22.404362029999902}, "Throughput": {"unit": "tokens/s", "min": 8.92683307528221, "p50": 25.031222404276107, "p90": 31.830504838255028, "p95": 34.760480125630714, "p99": 41.078717320438614, "max": 43.28869675853398}, "TTFT": {"unit": "s", "min": 0.05482849999680184, "p50": 0.6855814840018866, "p90": 1.9302016590008861, "p95": 2.517488155004685, "p99": 4.204522815601374, "max": 4.623027016998094}, "TPOT": {"unit": "ms", "min": 20.765682562798716, "p50": 36.87595420601999, "p90": 62.91670400501451, "p95": 72.06805096482174, "p99": 95.04377872761495, "max": 106.58255473869424}, "Input Tokens per Minute": {"unit": "tokens/min", "min": 1011743.9286455816, "p50": 1011743.9286455816, "p90": 1011743.9286455816, "p95": 1011743.9286455816, "p99": 1011743.9286455816, "max": 1011743.9286455816}, "Output Tokens per Minute": {"unit": "tokens/min", "min": 55294.403061595665, "p50": 55294.403061595665, "p90": 55294.403061595665, "p95": 55294.403061595665, "p99": 55294.403061595665, "max": 55294.403061595665}}
{"actual_qps": 4.524559045575066, "success_rate": 100.0, "input_tokens": 3805, "output_tokens": 199, "model": "QwQ-32B", "input_tokens_per_minute": 992001.7019439931, "output_tokens_per_minute": 51971.44583697725, "slo_seconds": 5.0, "slo_attainment": 0.37735849056603776, "ttft_slo_ms": 1000, "ttft_slo_attainment": 63.39622641509434, "tpot_slo_ms": 50, "tpot_slo_attainment": 78.11320754716982, "Latency": {"unit": "s", "min": 1.1808716870000353, "p50": 8.89820848099771, "p90": 14.63667035300168, "p95": 15.687652118402184, "p99": 19.657385891641606, "max": 20.472544206997554}, "Throughput": {"unit": "tokens/s", "min": 9.76918149389755, "p50": 22.47643448983059, "p90": 28.544978946396057, "p95": 29.578671371434716, "p99": 34.11812365485837, "max": 35.71568037971784}, "TTFT": {"unit": "s", "min": 0.05456863000290468, "p50": 0.7119036869989941, "p90": 1.7010751087989773, "p95": 2.0704732023965335, "p99": 2.5345852229208723, "max": 4.28204749100405}, "TPOT": {"unit": "ms", "min": 24.385810324314956, "p50": 41.18139055778679, "p90": 65.40516204222331, "p95": 74.04243312159643, "p99": 92.37473182633072, "max": 101.65883627640179}, "Input Tokens per Minute": {"unit": "tokens/min", "min": 992001.7019439931, "p50": 992001.7019439931, "p90": 992001.7019439931, "p95": 992001.7019439931, "p99": 992001.7019439931, "max": 992001.7019439931}, "Output Tokens per Minute": {"unit": "tokens/min", "min": 51971.44583697725, "p50": 51971.44583697725, "p90": 51971.44583697725, "p95": 51971.44583697725, "p99": 51971.44583697725, "max": 51971.44583697725}}
{"actual_qps": 4.516659457174541, "success_rate": 100.0, "input_tokens": 3680, "output_tokens": 199, "model": "QwQ-32B", "input_tokens_per_minute": 970276.9333266852, "output_tokens_per_minute": 52521.27812099387,