{"target_qps": 5.0, "actual_qps": 4.994425534536411, "success_rate": 100.0, "input_tokens": 4025, "output_tokens": 199, "model": "QwQ-32B", "input_tokens_per_minute": 1207641.791044776, "output_tokens_per_minute": 59788.05970149254, "slo_seconds": 5.0, "slo_attainment": 0.0, "ttft_slo_ms": 1000, "ttft_slo_attainment": 5.472636815920398, "tpot_slo_ms": 50, "tpot_slo_attainment": 72.13930348258707, "Latency": {"unit": "s", "min": 7.031951349003066, "p50": 14.116566577002231, "p90": 18.373483135997958, "p95": 22.427078803993936, "p99": 26.624762325998745, "max": 29.618620859997463}, "Throughput": {"unit": "tokens/s", "min": 5.196064726945916, "p50": 14.096890836228, "p90": 21.09050932335767, "p95": 22.783270705683652, "p99": 28.215315707694877, "max": 28.4416074676561}, "TTFT": {"unit": "s", "min": 0.2243617079948308, "p50": 4.249079132001498, "p90": 10.293236459001491, "p95": 13.890066432999447, "p99": 18.373871076997602, "max": 21.40697612200165}, "TPOT": {"unit": "ms", "min": 23.307154618055048, "p50": 42.07033574874086, "p90": 61.34965968843761, "p95": 63.762112894451164, "p99": 66.34309014573695, "max": 68.28720985928459}, "Input Tokens per Minute": {"unit": "tokens/min", "min": 1207641.791044776, "p50": 1207641.791044776, "p90": 1207641.791044776, "p95": 1207641.791044776, "p99": 1207641.791044776, "max": 1207641.791044776}, "Output Tokens per Minute": {"unit": "tokens/min", "min": 59788.05970149254, "p50": 59788.05970149254, "p90": 59788.05970149254, "p95": 59788.05970149254, "p99": 59788.05970149254, "max": 59788.05970149254}}
{"target_qps": 5.0, "actual_qps": 4.992212123134765, "success_rate": 100.0, "input_tokens": 3961, "output_tokens": 199, "model": "QwQ-32B", "input_tokens_per_minute": 1188377.1428571427, "output_tokens_per_minute": 59845.71428571428, "slo_seconds": 5.0, "slo_attainment": 0.0, "ttft_slo_ms": 1000, "ttft_slo_attainment": 0.7142857142857143, "tpot_slo_ms": 50, "tpot_slo_attainment": 36.78571428571429, "Latency": {"unit": "s", "min": 7.706933494999248, "p50": 19.93418645499696, "p90": 32.02950422170179, "p95": 36.991755240695056, "p99": 41.27642186082961, "max": 43.43257365300087}, "Throughput": {"unit": "tokens/s", "min": 3.7861714707767318, "p50": 9.99816375741209, "p90": 16.612806803856017, "p95": 18.179507395478797, "p99": 22.441788545256173, "max": 25.95065860238353}, "TTFT": {"unit": "s", "min": 0.8805024579996825, "p50": 7.908940957498999, "p90": 18.977861882196155, "p95": 21.62087245905423, "p99": 26.689401351169913, "max": 30.45031403300527}, "TPOT": {"unit": "ms", "min": 17.7257297336517, "p50": 61.094764168334756, "p90": 82.40670648544378, "p95": 90.67793001181529, "p99": 105.59780180677322, "max": 111.73978703015047}, "Input Tokens per Minute": {"unit": "tokens/min", "min": 1188377.1428571427, "p50": 1188377.1428571427, "p90": 1188377.1428571427, "p95": 1188377.1428571427, "p99": 1188377.1428571427, "max": 1188377.1428571427}, "Output Tokens per Minute": {"unit": "tokens/min", "min": 59845.71428571428, "p50": 59845.71428571428, "p90": 59845.71428571428, "p95": 59845.71428571428, "p99": 59845.71428571428, "max": 59845.71428571428}}
{"target_qps": 5.0, "actual_qps": 4.991852332253602, "success_rate": 100.0, "input_tokens": 4018, "output_tokens": 199, "model": "QwQ-32B", "input_tokens_per_minute": 1205594.1860465116, "output_tokens_per_minute": 59822.09302325582, "slo_seconds": 5.0, "slo_attainment": 0.0, "ttft_slo_ms": 1000, "ttft_slo_attainment": 0.3875968992248062, "tpot_slo_ms": 50, "tpot_slo_attainment": 36.04651162790697, "Latency": {"unit": "s", "min": 6.1593108079978265, "p50": 24.081317929998477, "p90": 40.34932164449856, "p95": 45.58747396539984, "p99": 55.00369820813947, "max": 60.97549324500142}, "Throughput": {"unit": "tokens/s", "min": 3.2800062673768595, "p50": 8.255181857155113, "p90": 13.282635945577013, "p95": 16.539995531694714, "p99": 22.184938702540055, "max": 32.47116540056742}, "TTFT": {"unit": "s", "min": 0.9226718439967954, "p50": 12.72453074549776, "p90": 28.799733252698935, "p95": 36.014994092850614, "p99": 42.78071761719841, "max": 46.345772877000854}, "TPOT": {"unit": "ms", "min": 18.68572469849558, "p50": 55.43488381908673, "p90": 84.4000975693257, "p95": 92.74725431407123, "p99": 110.20944471902925, "max": 114.93584019597473}, "Input Tokens per Minute": {"unit": "tokens/min", "min": 1205594.1860465116, "p50": 1205594.1860465116, "p90": 1205594.1860465116, "p95": 1205594.1860465116, "p99": 1205594.1860465116, "max": 1205594.1860465116}, "Output Tokens per Minute": {"unit": "tokens/min", "min": 59822.09302325582, "p50": 59822.09302325582, "p90": 59822.09302325582, "p95": 59822.09302325582, "p99": 59822.09302325582, "max": 59822.09302325582}}
{"target_qps": 5.0, "actual_qps": 4.999911625645358, "success_rate": 100.0, "input_tokens": 4134, "output_tokens": 199, "model": "QwQ-32B", "input_tokens_per_minute": 1620167.586367677, "output_tokens_per_minute": 78236.58848164896, "slo_seconds": 5.0, "slo_attainment": 0.0, "ttft_slo_ms": 1000, "ttft_slo_attainment": 3.225806451612903, "tpot_slo_ms": 50, "tpot_slo_attainment": 5.459057071960298, "Latency": {"unit": "s", "min": 9.732013234002807, "p50": 24.511237863000133, "p90": 41.16996405879763, "p95": 44.290445429200915, "p99": 51.176343594246, "max": 54.231827782001346}, "Throughput": {"unit": "tokens/s", "min": 3.6878712774341844, "p50": 8.15952262867561, "p90": 12.77101431736625, "p95": 14.247704666054627, "p99": 17.12632537572946, "max": 20.55073243234169}, "TTFT": {"unit": "s", "min": 0.2748420839998289, "p50": 8.625624077001703, "p90": 19.81737596979947, "p95": 24.271522368799918, "p99": 31.378291097677142, "max": 40.25715683100134}, "TPOT": {"unit": "ms", "min": 28.863265442202128, "p50": 83.09103625125414, "p90": 115.3791404361781, "p95": 124.19543749348672, "p99": 129.40913348593114, "max": 132.42838863816038}, "Input Tokens per Minute": {"unit": "tokens/min", "min": 1620167.586367677, "p50": 1620167.586367677, "p90": 1620167.586367677, "p95": 1620167.586367677, "p99": 1620167.586367677, "max": 1620167.586367677}, "Output Tokens per Minute": {"unit": "tokens/min", "min": 78236.58848164896, "p50": 78236.58848164896, "p90": 78236.58848164896, "p95": 78236.58848164896, "p99": 78236.58848164896, "max": 78236.58848164896}}
{"target_qps": 5.0, "actual_qps": 4.999939688477661, "success_rate": 100.0, "input_tokens": 3955, "output_tokens": 199, "model": "QwQ-32B", "input_tokens_per_minute": 1246278.4949743927, "output_tokens_per_minute": 62902.20158022551, "slo_seconds": 5.0, "slo_attainment": 0.0, "ttft_slo_ms": 1000, "ttft_slo_attainment": 59.25925925925925, "tpot_slo_ms": 50, "tpot_slo_attainment": 88.88888888888889, "Latency": {"unit": "s", "min": 5.357660645997385, "p50": 8.297706206001749, "p90": 11.434824047800065, "p95": 12.996363889949134, "p99": 15.831065553051369, "max": 17.141630352001812}, "Throughput": {"unit": "tokens/s", "min": 11.667501625750777, "p50": 24.10304828349301, "p90": 28.59032535392102, "p95": 29.775869296401495, "p99": 31.435049053872667, "max": 34.11194391099691}, "TTFT": {"unit": "s", "min": 0.05357399400236318, "p50": 0.8686801139992895, "p90": 1.9291886646045895, "p95": 2.3489989569985474, "p99": 3.180249686129027, "max": 3.9300823009980377}, "TPOT": {"unit": "ms", "min": 28.900866834196698, "p50": 37.34589037185973, "p90": 50.46649752159155, "p95": 55.720131967079475, "p99": 68.80762181565183, "max": 71.83524703515704}, "Input Tokens per Minute": {"unit": "tokens/min", "min": 1246278.4949743927, "p50": 1246278.4949743927, "p90": 1246278.4949743927, "p95": 1246278.4949743927, "p99": 1246278.4949743927, "max": 1246278.4949743927}, "Output Tokens per Minute": {"unit": "tokens/min", "min": 62902.20158022551, "p50": 62902.20158022551, "p90": 62902.20158022551, "p95": 62902.20158022551, "p99": 62902.20158022551, "max": 62902.20158022551}}
{"target_qps": 5.0, "actual_qps": 4.99985967152175, "success_rate": 100.0, "input_tokens": 4028, "output_tokens": 200, "model": "QwQ-32B",