{"target_qps": 5.0, "actual_qps": 4.991767811139025, "success_rate": 100.0, "input_tokens": 3857, "output_tokens": 199, "model": "QwQ-32B", "input_tokens_per_minute": 1157381.0810810812, "output_tokens_per_minute": 59836.48648648649, "slo_seconds": 5.0, "slo_attainment": 0.0, "ttft_slo_ms": 1000, "ttft_slo_attainment": 1.8018018018018018, "tpot_slo_ms": 50, "tpot_slo_attainment": 89.1891891891892, "Latency": {"unit": "s", "min": 7.322373826995317, "p50": 11.969242147501063, "p90": 16.7771139101038, "p95": 17.676186732244968, "p99": 21.069691061250186, "max": 27.531194691000564}, "Throughput": {"unit": "tokens/s", "min": 7.264486784708121, "p50": 16.693300584922675, "p90": 21.948120422432034, "p95": 23.098108448377925, "p99": 25.61709073619326, "max": 27.31354677122085}, "TTFT": {"unit": "s", "min": 0.463100511005905, "p50": 3.450508993500989, "p90": 7.805133537794609, "p95": 8.76825137664964, "p99": 11.81625076861739, "max": 14.949757741000212}, "TPOT": {"unit": "ms", "min": 21.897805954786556, "p50": 40.74421086180844, "p90": 50.54597111899931, "p95": 55.88780809976471, "p99": 67.97734285124831, "max": 71.30443345727258}, "Input Tokens per Minute": {"unit": "tokens/min", "min": 1157381.0810810812, "p50": 1157381.0810810812, "p90": 1157381.0810810812, "p95": 1157381.0810810812, "p99": 1157381.0810810812, "max": 1157381.0810810812}, "Output Tokens per Minute": {"unit": "tokens/min", "min": 59836.48648648649, "p50": 59836.48648648649, "p90": 59836.48648648649, "p95": 59836.48648648649, "p99": 59836.48648648649, "max": 59836.48648648649}}
{"target_qps": 5.0, "actual_qps": 4.996664534358823, "success_rate": 100.0, "input_tokens": 3950, "output_tokens": 198, "model": "QwQ-32B", "input_tokens_per_minute": 1185044.4444444445, "output_tokens_per_minute": 59544.444444444445, "slo_seconds": 5.0, "slo_attainment": 0.0, "ttft_slo_ms": 1000, "ttft_slo_attainment": 1.1111111111111112, "tpot_slo_ms": 50, "tpot_slo_attainment": 42.592592592592595, "Latency": {"unit": "s", "min": 5.76656492100301, "p50": 16.94075949550097, "p90": 26.847311939099747, "p95": 35.01971528185458, "p99": 41.417147664202346, "max": 43.474941305001266}, "Throughput": {"unit": "tokens/s", "min": 4.600351236747787, "p50": 11.648312135080372, "p90": 17.95290269605308, "p95": 20.331503742173357, "p99": 24.586558865234935, "max": 28.4573612391937}, "TTFT": {"unit": "s", "min": 0.5546981799998321, "p50": 6.469904741999926, "p90": 14.150520876198424, "p95": 19.762216648802465, "p99": 27.770650879368695, "max": 29.709836768997775}, "TPOT": {"unit": "ms", "min": 26.144599000017756, "p50": 55.72979455778226, "p90": 77.34026913469698, "p95": 81.26807444497543, "p99": 104.05371740172797, "max": 132.96176173033916}, "Input Tokens per Minute": {"unit": "tokens/min", "min": 1185044.4444444445, "p50": 1185044.4444444445, "p90": 1185044.4444444445, "p95": 1185044.4444444445, "p99": 1185044.4444444445, "max": 1185044.4444444445}, "Output Tokens per Minute": {"unit": "tokens/min", "min": 59544.444444444445, "p50": 59544.444444444445, "p90": 59544.444444444445, "p95": 59544.444444444445, "p99": 59544.444444444445, "max": 59544.444444444445}}
{"target_qps": 5.0, "actual_qps": 4.993860367868761, "success_rate": 99.61089494163424, "input_tokens": 4005, "output_tokens": 198, "model": "QwQ-32B", "input_tokens_per_minute": 1201662.890625, "output_tokens_per_minute": 59605.07812499999, "slo_seconds": 5.0, "slo_attainment": 0.0, "ttft_slo_ms": 1000, "ttft_slo_attainment": 0.38910505836575876, "tpot_slo_ms": 50, "tpot_slo_attainment": 35.797665369649806, "Latency": {"unit": "s", "min": 7.988298338997993, "p50": 23.665061782998237, "p90": 41.92209458550133, "p95": 45.001802157248676, "p99": 51.75412642030022, "max": 54.63938277499983}, "Throughput": {"unit": "tokens/s", "min": 3.660363456585562, "p50": 8.32615103190981, "p90": 14.666863412987038, "p95": 17.33568796740272, "p99": 24.265999319312506, "max": 25.036621256822873}, "TTFT": {"unit": "s", "min": 0.8500219720008317, "p50": 10.733974685001158, "p90": 23.070694240497687, "p95": 27.86020571674817, "p99": 36.347848823400994, "max": 45.28085730999737}, "TPOT": {"unit": "ms", "min": 12.43782007033368, "p50": 60.105088849242065, "p90": 106.49972107538491, "p95": 126.8945483153224, "p99": 138.05910031280027, "max": 140.203495799023}, "Input Tokens per Minute": {"unit": "tokens/min", "min": 1201662.890625, "p50": 1201662.890625, "p90": 1201662.890625, "p95": 1201662.890625, "p99": 1201662.890625, "max": 1201662.890625}, "Output Tokens per Minute": {"unit": "tokens/min", "min": 59605.07812499999, "p50": 59605.07812499999, "p90": 59605.07812499999, "p95": 59605.07812499999, "p99": 59605.07812499999, "max": 59605.07812499999}, "exceptions": {"Connection error.": 1}}
{"target_qps": 5.0, "actual_qps": 4.999986701368674, "success_rate": 100.0, "input_tokens": 4051, "output_tokens": 199, "model": "QwQ-32B", "input_tokens_per_minute": 1444543.3529817595, "output_tokens_per_minute": 71247.78819992485, "slo_seconds": 5.0, "slo_attainment": 0.0, "ttft_slo_ms": 1000, "ttft_slo_attainment": 1.1173184357541899, "tpot_slo_ms": 50, "tpot_slo_attainment": 5.027932960893855, "Latency": {"unit": "s", "min": 9.20866149700305, "p50": 24.069631289501558, "p90": 38.04458447640282, "p95": 43.206819079649705, "p99": 54.999618023949445, "max": 72.3731215020016}, "Throughput": {"unit": "tokens/s", "min": 2.7634568725140407, "p50": 8.309422854443287, "p90": 13.164951737525886, "p95": 14.577805923279474, "p99": 17.032547961649517, "max": 21.71868301002158}, "TTFT": {"unit": "s", "min": 0.6868352860037703, "p50": 7.300215848499647, "p90": 20.172136583195243, "p95": 25.318172900600974, "p99": 38.98457353203914, "max": 58.51532871800009}, "TPOT": {"unit": "ms", "min": 23.960674200995285, "p50": 80.42968864823312, "p90": 109.531638218597, "p95": 118.05024251783713, "p99": 126.92078692898258, "max": 128.64576875378117}, "Input Tokens per Minute": {"unit": "tokens/min", "min": 1444543.3529817595, "p50": 1444543.3529817595, "p90": 1444543.3529817595, "p95": 1444543.3529817595, "p99": 1444543.3529817595, "max": 1444543.3529817595}, "Output Tokens per Minute": {"unit": "tokens/min", "min": 71247.78819992485, "p50": 71247.78819992485, "p90": 71247.78819992485, "p95": 71247.78819992485, "p99": 71247.78819992485, "max": 71247.78819992485}}
{"target_qps": 5.0, "actual_qps": 4.999914704704873, "success_rate": 100.0, "input_tokens": 3939, "output_tokens": 198, "model": "QwQ-32B", "input_tokens_per_minute": 1400662.0142328732, "output_tokens_per_minute": 70702.96916332134, "slo_seconds": 5.0, "slo_attainment": 0.5602240896358543, "ttft_slo_ms": 1000, "ttft_slo_attainment": 48.739495798319325, "tpot_slo_ms": 50, "tpot_slo_attainment": 68.0672268907563, "Latency": {"unit": "s", "min": 2.6598703999989084, "p50": 9.058470016003412, "p90": 16.716881800199918, "p95": 18.646821418000037, "p99": 23.151976829876073, "max": 26.226891775004333}, "Throughput": {"unit": "tokens/s", "min": 7.625760677847879, "p50": 22.010578344472513, "p90": 27.257641200665834, "p95": 28.46970951462477, "p99": 31.494461130566897, "max": 34.05734613165487}, "TTFT": {"unit": "s", "min": 0.0511528709976119, "p50": 1.0258593960024882, "p90": 2.740765066201857, "p95": 3.435867476601561, "p99": 6.375609385801649, "max": 9.725719595997361}, "TPOT": {"unit": "ms", "min": 29.153744216086096, "p50": 40.70761960801106, "p90": 69.50644887839013, "p95": 80.32017584522161, "p99": 89.14197561265719, "max": 94.09139533668328}, "Input Tokens per Minute": {"unit": "tokens/min", "min": 1400662.0142328732, "p50": 1400662.0142328732, "p90": 1400662.0142328732, "p95": 1400662.0142328732, "p99": 1400662.0142328732, "max": 1400662.0142328732}, "Output Tokens per Minute": {"unit": "tokens/min", "min": 70702.96916332134, "p50": 70702.96916332134, "p90": 70702.96916332134, "p95": 70702.96916332134, "p99": 70702.96916332134, "max": 70702.96916332134}}
{"target_qps": 5.0, "actual_qps": 4.999830310926123, "success_rate": 100.0, "input_tokens": 3982, "output_tokens": 199,