{"actual_qps": 5.226411446835901, "success_rate": 62.43386243386243, "input_tokens": 3794, "output_tokens": 197, "model": "QwQ-32B", "input_tokens_per_minute": 447207.71577575477, "output_tokens_per_minute": 23272.178206168854, "slo_seconds": 5.0, "slo_attainment": 0.0, "ttft_slo_ms": 1000, "ttft_slo_attainment": 0.0, "tpot_slo_ms": 50, "tpot_slo_attainment": 55.55555555555556, "Latency": {"unit": "s", "min": 8.366308035001566, "p50": 18.229342265000014, "p90": 27.599664352000037, "p95": 29.57028632024794, "p99": 32.32820195203054, "max": 38.64078896000137}, "Throughput": {"unit": "tokens/s", "min": 1.7539249535449364, "p50": 10.918823737853577, "p90": 16.51775509480881, "p95": 18.162472466116515, "p99": 23.739283177734094, "max": 23.905407159678237}, "TTFT": {"unit": "s", "min": 1.993007403001684, "p50": 14.864828812500491, "p90": 22.47314025890082, "p95": 22.68241096034835, "p99": 26.13464500545251, "max": 30.92080867000186}, "TPOT": {"unit": "ms", "min": 6.363691276392137, "p50": 27.519939316581585, "p90": 51.15235204723479, "p95": 52.37224519397162, "p99": 60.87683817920116, "max": 61.69066408543201}, "Input Tokens per Minute": {"unit": "tokens/min", "min": 447207.71577575477, "p50": 447207.71577575477, "p90": 447207.71577575477, "p95": 447207.71577575477, "p99": 447207.71577575477, "max": 447207.71577575477}, "Output Tokens per Minute": {"unit": "tokens/min", "min": 23272.178206168854, "p50": 23272.178206168854, "p90": 23272.178206168854, "p95": 23272.178206168854, "p99": 23272.178206168854, "max": 23272.178206168854}, "exceptions": {"Request timed out.": 71}}
{"actual_qps": 5.283602227506035, "success_rate": 100.0, "input_tokens": 3943, "output_tokens": 199, "model": "QwQ-32B", "input_tokens_per_minute": 1513579.5734285244, "output_tokens_per_minute": 76473.66235362555, "slo_seconds": 5.0, "slo_attainment": 6.493506493506493, "ttft_slo_ms": 1000, "ttft_slo_attainment": 8.571428571428571, "tpot_slo_ms": 50, "tpot_slo_attainment": 100.0, "Latency": {"unit": "s", "min": 3.4767297950020293, "p50": 9.613283324000804, "p90": 25.026374929799932, "p95": 33.532486593198605, "p99": 41.054908197959435, "max": 46.84587187399666}, "Throughput": {"unit": "tokens/s", "min": 4.2693196219711425, "p50": 20.752817531149375, "p90": 35.40692253051018, "p95": 42.25134674945946, "p99": 46.37055722527104, "max": 51.227065712790385}, "TTFT": {"unit": "s", "min": 0.23401919400203042, "p50": 4.096162892998109, "p90": 19.40336975919854, "p95": 26.8261751073994, "p99": 35.9392203897213, "max": 41.16596170000048}, "TPOT": {"unit": "ms", "min": 13.887784914575732, "p50": 26.0872907989991, "p90": 38.036013012053054, "p95": 41.19707681205744, "p99": 47.26840620763272, "max": 48.613687442210804}, "Input Tokens per Minute": {"unit": "tokens/min", "min": 1513579.5734285244, "p50": 1513579.5734285244, "p90": 1513579.5734285244, "p95": 1513579.5734285244, "p99": 1513579.5734285244, "max": 1513579.5734285244}, "Output Tokens per Minute": {"unit": "tokens/min", "min": 76473.66235362555, "p50": 76473.66235362555, "p90": 76473.66235362555, "p95": 76473.66235362555, "p99": 76473.66235362555, "max": 76473.66235362555}}
{"actual_qps": 5.16693675217089, "success_rate": 100.0, "input_tokens": 4019, "output_tokens": 199, "model": "QwQ-32B", "input_tokens_per_minute": 1329680.3036129468, "output_tokens_per_minute": 66086.93691663226, "slo_seconds": 5.0, "slo_attainment": 35.029940119760475, "ttft_slo_ms": 1000, "ttft_slo_attainment": 54.49101796407185, "tpot_slo_ms": 50, "tpot_slo_attainment": 100.0, "Latency": {"unit": "s", "min": 3.5773759670009895, "p50": 5.527998599000057, "p90": 8.163023645400244, "p95": 9.458159472350044, "p99": 10.92447162682984, "max": 16.102477627002372}, "Throughput": {"unit": "tokens/s", "min": 12.420448867112128, "p50": 36.06334459930714, "p90": 48.76762108478889, "p95": 51.09572852786141, "p99": 54.3590395679762, "max": 55.90689987434152}, "TTFT": {"unit": "s", "min": 0.076467048998893, "p50": 0.9265759649988468, "p90": 2.86812440079957, "p95": 3.6635053755471683, "p99": 5.322736360740065, "max": 10.626983103000384}, "TPOT": {"unit": "ms", "min": 14.545224482403752, "p50": 22.740653771356094, "p90": 30.139735943217904, "p95": 31.868352947749905, "p99": 34.33743296522408, "max": 40.011181688439585}, "Input Tokens per Minute": {"unit": "tokens/min", "min": 1329680.3036129468, "p50": 1329680.3036129468, "p90": 1329680.3036129468, "p95": 1329680.3036129468, "p99": 1329680.3036129468, "max": 1329680.3036129468}, "Output Tokens per Minute": {"unit": "tokens/min", "min": 66086.93691663226, "p50": 66086.93691663226, "p90": 66086.93691663226, "p95": 66086.93691663226, "p99": 66086.93691663226, "max": 66086.93691663226}}
{"actual_qps": 5.082099816429694, "success_rate": 100.0, "input_tokens": 4078, "output_tokens": 200, "model": "QwQ-32B", "input_tokens_per_minute": 1279616.9946177201, "output_tokens_per_minute": 62755.73579771894, "slo_seconds": 5.0, "slo_attainment": 58.93416927899686, "ttft_slo_ms": 1000, "ttft_slo_attainment": 84.01253918495298, "tpot_slo_ms": 50, "tpot_slo_attainment": 100.0, "Latency": {"unit": "s", "min": 3.4346830469985434, "p50": 4.657662215002347, "p90": 6.973796259600203, "p95": 7.877623552298245, "p99": 9.294295771600664, "max": 9.645956609998393}, "Throughput": {"unit": "tokens/s", "min": 20.734076264939088, "p50": 42.93999666953075, "p90": 54.20700215962855, "p95": 55.79369904073156, "p99": 56.866046479185805, "max": 58.22953596104695}, "TTFT": {"unit": "s", "min": 0.041124299001239706, "p50": 0.38437961200179416, "p90": 1.418375586401089, "p95": 1.8627175403005805, "p99": 2.5372565289393236, "max": 3.364360076000594}, "TPOT": {"unit": "ms", "min": 15.79727845225292, "p50": 20.975862567847706, "p90": 29.198811194974542, "p95": 32.83502995125206, "p99": 41.51720658462806, "max": 44.14681816582121}, "Input Tokens per Minute": {"unit": "tokens/min", "min": 1279616.9946177201, "p50": 1279616.9946177201, "p90": 1279616.9946177201, "p95": 1279616.9946177201, "p99": 1279616.9946177201, "max": 1279616.9946177201}, "Output Tokens per Minute": {"unit": "tokens/min", "min": 62755.73579771894, "p50": 62755.73579771894, "p90": 62755.73579771894, "p95": 62755.73579771894, "p99": 62755.73579771894, "max": 62755.73579771894}}
{"actual_qps": 5.033283628902434, "success_rate": 100.0, "input_tokens": 3973, "output_tokens": 200, "model": "QwQ-32B", "input_tokens_per_minute": 1211588.9901072148, "output_tokens_per_minute": 60985.19779715633, "slo_seconds": 5.0, "slo_attainment": 59.03225806451613, "ttft_slo_ms": 1000, "ttft_slo_attainment": 84.51612903225806, "tpot_slo_ms": 50, "tpot_slo_attainment": 100.0, "Latency": {"unit": "s", "min": 3.4598319880024064, "p50": 4.791117792501609, "p90": 6.572390851999808, "p95": 7.0943814577995, "p99": 7.8606304926193875, "max": 8.733081998998387}, "Throughput": {"unit": "tokens/s", "min": 22.901422432875172, "p50": 41.74394910716951, "p90": 54.49845641773392, "p95": 56.158779872228486, "p99": 57.32423899964794, "max": 57.80627518721608}, "TTFT": {"unit": "s", "min": 0.0469306390004931, "p50": 0.34241629499956616, "p90": 1.2090061633996814, "p95": 1.5120195680487085, "p99": 1.9924914493809067, "max": 2.437709113000892}, "TPOT": {"unit": "ms", "min": 16.90823838192105, "p50": 21.239579170857848, "p90": 28.551440237187034, "p95": 31.19477904724111, "p99": 34.889558212715436, "max": 35.72300615073731}, "Input Tokens per Minute": {"unit": "tokens/min", "min": 1211588.9901072148, "p50": 1211588.9901072148, "p90": 1211588.9901072148, "p95": 1211588.9901072148, "p99": 1211588.9901072148, "max": 1211588.9901072148}, "Output Tokens per Minute": {"unit": "tokens/min", "min": 60985.19779715633, "p50": 60985.19779715633, "p90": 60985.19779715633, "p95": 60985.19779715633, "p99": 60985.19779715633, "max": 60985.19779715633}}
{"actual_qps": 5.327872799801326, "success_rate": 69.87951807228916, "input_tokens": 3962, "output_tokens": 199, "model": "QwQ-32B", "input_tokens_per_minute": 904323.6208196935,