{"target_qps": 5.0, "actual_qps": 4.99691479454035, "success_rate": 100.0, "input_tokens": 4043, "output_tokens": 198, "model": "QwQ-32B", "input_tokens_per_minute": 1213170.4225352113, "output_tokens_per_minute": 59684.50704225352, "slo_seconds": 5.0, "slo_attainment": 0.0, "ttft_slo_ms": 1000, "ttft_slo_attainment": 6.103286384976526, "tpot_slo_ms": 50, "tpot_slo_attainment": 16.431924882629108, "Latency": {"unit": "s", "min": 7.5856162599957315, "p50": 19.08022278799035, "p90": 22.91799451619736, "p95": 24.59380731280544, "p99": 26.80284050115908, "max": 35.478624000999844}, "Throughput": {"unit": "tokens/s", "min": 4.444789312954322, "p50": 10.402040205696442, "p90": 17.00884452997394, "p95": 20.40156714208603, "p99": 23.880230683666756, "max": 26.36568910752052}, "TTFT": {"unit": "s", "min": 0.39615145900461357, "p50": 3.918629169013002, "p90": 5.724751445202856, "p95": 6.056707004795316, "p99": 6.875638608363224, "max": 16.271645072993124}, "TPOT": {"unit": "ms", "min": 18.959080728605137, "p50": 78.4153768793626, "p90": 96.28015231053303, "p95": 101.55619885127498, "p99": 107.24246066432192, "max": 116.10277990955946}, "Input Tokens per Minute": {"unit": "tokens/min", "min": 1213170.4225352113, "p50": 1213170.4225352113, "p90": 1213170.4225352113, "p95": 1213170.4225352113, "p99": 1213170.4225352113, "max": 1213170.4225352113}, "Output Tokens per Minute": {"unit": "tokens/min", "min": 59684.50704225352, "p50": 59684.50704225352, "p90": 59684.50704225352, "p95": 59684.50704225352, "p99": 59684.50704225352, "max": 59684.50704225352}}
{"target_qps": 5.0, "actual_qps": 4.98769211186621, "success_rate": 100.0, "input_tokens": 4015, "output_tokens": 199, "model": "QwQ-32B", "input_tokens_per_minute": 1204588.2352941176, "output_tokens_per_minute": 59890.336134453784, "slo_seconds": 5.0, "slo_attainment": 0.0, "ttft_slo_ms": 1000, "ttft_slo_attainment": 5.88235294117647, "tpot_slo_ms": 50, "tpot_slo_attainment": 11.76470588235294, "Latency": {"unit": "s", "min": 8.185137385997223, "p50": 20.998283958993852, "p90": 29.148439488005533, "p95": 30.279591890747536, "p99": 32.06029378458319, "max": 34.87779131499701}, "Throughput": {"unit": "tokens/s", "min": 5.734308064226605, "p50": 9.524593405851391, "p90": 17.16736527741981, "p95": 19.129484782335837, "p99": 21.756276725862307, "max": 23.542788965749967}, "TTFT": {"unit": "s", "min": 0.31424862700805534, "p50": 3.771576864499366, "p90": 8.570009087394283, "p95": 9.43639535289476, "p99": 11.759796988899325, "max": 14.527736415999243}, "TPOT": {"unit": "ms", "min": 24.7504775980271, "p50": 85.17300720857054, "p90": 110.86576530304312, "p95": 114.77447990280542, "p99": 118.43270733298563, "max": 120.1033848140391}, "Input Tokens per Minute": {"unit": "tokens/min", "min": 1204588.2352941176, "p50": 1204588.2352941176, "p90": 1204588.2352941176, "p95": 1204588.2352941176, "p99": 1204588.2352941176, "max": 1204588.2352941176}, "Output Tokens per Minute": {"unit": "tokens/min", "min": 59890.336134453784, "p50": 59890.336134453784, "p90": 59890.336134453784, "p95": 59890.336134453784, "p99": 59890.336134453784, "max": 59890.336134453784}}
{"target_qps": 5.0, "actual_qps": 4.999947695548088, "success_rate": 100.0, "input_tokens": 3989, "output_tokens": 199, "model": "QwQ-32B", "input_tokens_per_minute": 1196736.0, "output_tokens_per_minute": 59721.818181818184, "slo_seconds": 5.0, "slo_attainment": 0.0, "ttft_slo_ms": 1000, "ttft_slo_attainment": 8.727272727272728, "tpot_slo_ms": 50, "tpot_slo_attainment": 13.454545454545455, "Latency": {"unit": "s", "min": 8.970479406998493, "p50": 21.161754109009053, "p90": 29.595314256401615, "p95": 31.132798086697584, "p99": 33.23134182940411, "max": 34.45168533299875}, "Throughput": {"unit": "tokens/s", "min": 3.862396855984496, "p50": 9.436760884260666, "p90": 17.538339515536812, "p95": 19.588011218824782, "p99": 21.646176612909166, "max": 22.295352447269}, "TTFT": {"unit": "s", "min": 0.17426135200366843, "p50": 3.3631188529980136, "p90": 7.102471191206131, "p95": 9.646078692602169, "p99": 11.566344262622877, "max": 13.17242879299738}, "TPOT": {"unit": "ms", "min": 24.680669693467582, "p50": 91.11685490950265, "p90": 114.41589012964636, "p95": 117.67942940103458, "p99": 130.02883891163776, "max": 222.55913141379588}, "Input Tokens per Minute": {"unit": "tokens/min", "min": 1196736.0, "p50": 1196736.0, "p90": 1196736.0, "p95": 1196736.0, "p99": 1196736.0, "max": 1196736.0}, "Output Tokens per Minute": {"unit": "tokens/min", "min": 59721.818181818184, "p50": 59721.818181818184, "p90": 59721.818181818184, "p95": 59721.818181818184, "p99": 59721.818181818184, "max": 59721.818181818184}}
{"target_qps": 5.0, "actual_qps": 4.999616714883001, "success_rate": 100.0, "input_tokens": 3988, "output_tokens": 199, "model": "QwQ-32B", "input_tokens_per_minute": 1550495.842830237, "output_tokens_per_minute": 77653.89217222133, "slo_seconds": 5.0, "slo_attainment": 0.0, "ttft_slo_ms": 1000, "ttft_slo_attainment": 34.271099744245525, "tpot_slo_ms": 50, "tpot_slo_attainment": 6.138107416879795, "Latency": {"unit": "s", "min": 6.924483739989228, "p50": 21.943406594000407, "p90": 32.44388851799886, "p95": 35.234560302997124, "p99": 39.690517771207666, "max": 40.984342743002344}, "Throughput": {"unit": "tokens/s", "min": 4.879912342479811, "p50": 9.114355109050498, "p90": 16.895336891031395, "p95": 19.299606636243624, "p99": 26.291760100755123, "max": 28.88301966036693}, "TTFT": {"unit": "s", "min": 0.08330433200171683, "p50": 1.9420779060019413, "p90": 4.963909754995257, "p95": 6.634106707497267, "p99": 10.147085996894749, "max": 11.740989440993872}, "TPOT": {"unit": "ms", "min": 12.579555708497303, "p50": 98.2303788241095, "p90": 146.05112065328285, "p95": 149.95491313062877, "p99": 154.21617661663342, "max": 158.6765968642986}, "Input Tokens per Minute": {"unit": "tokens/min", "min": 1550495.842830237, "p50": 1550495.842830237, "p90": 1550495.842830237, "p95": 1550495.842830237, "p99": 1550495.842830237, "max": 1550495.842830237}, "Output Tokens per Minute": {"unit": "tokens/min", "min": 77653.89217222133, "p50": 77653.89217222133, "p90": 77653.89217222133, "p95": 77653.89217222133, "p99": 77653.89217222133, "max": 77653.89217222133}}
{"target_qps": 5.0, "actual_qps": 4.999901246950594, "success_rate": 100.0, "input_tokens": 3952, "output_tokens": 199, "model": "QwQ-32B", "input_tokens_per_minute": 1245557.2951298081, "output_tokens_per_minute": 62947.32571666153, "slo_seconds": 5.0, "slo_attainment": 0.0, "ttft_slo_ms": 1000, "ttft_slo_attainment": 93.37539432176656, "tpot_slo_ms": 50, "tpot_slo_attainment": 8.201892744479496, "Latency": {"unit": "s", "min": 8.763262527994812, "p50": 13.703736288996879, "p90": 17.820447411006903, "p95": 19.797343437001107, "p99": 21.510329224600564, "max": 23.028795158999856}, "Throughput": {"unit": "tokens/s", "min": 8.684779147980663, "p50": 14.588242936739835, "p90": 19.08665579963593, "p95": 20.28942966822647, "p99": 22.16882725164503, "max": 22.579403579595628}, "TTFT": {"unit": "s", "min": 0.06602887700137217, "p50": 0.4315329140081303, "p90": 0.7161905430053598, "p95": 1.1221391338069224, "p99": 1.7625026512902688, "max": 4.654832069994882}, "TPOT": {"unit": "ms", "min": 42.44688788944289, "p50": 66.50827738189375, "p90": 85.5214876532859, "p95": 94.40112890959097, "p99": 105.07530740043089, "max": 112.20687991451301}, "Input Tokens per Minute": {"unit": "tokens/min", "min": 1245557.2951298081, "p50": 1245557.2951298081, "p90": 1245557.2951298081, "p95": 1245557.2951298081, "p99": 1245557.2951298081, "max": 1245557.2951298081}, "Output Tokens per Minute": {"unit": "tokens/min", "min": 62947.32571666153, "p50": 62947.32571666153, "p90": 62947.32571666153, "p95": 62947.32571666153, "p99": 62947.32571666153, "max": 62947.32571666153}}
{"target_qps": 5.0, "actual_qps": 4.999982806976129, "success_rate": 100.0, "input_tokens": 3951, "output_tokens": 200, "model": "QwQ-32B", "input_tokens_per_minute": 1296302.505506483,