{"target_qps": 5.0, "actual_qps": 4.994529370946217, "success_rate": 100.0, "input_tokens": 3817, "output_tokens": 200, "model": "QwQ-32B", "input_tokens_per_minute": 1145229.460580913, "output_tokens_per_minute": 60000.0, "slo_seconds": 5.0, "slo_attainment": 0.0, "ttft_slo_ms": 1000, "ttft_slo_attainment": 4.979253112033195, "tpot_slo_ms": 50, "tpot_slo_attainment": 7.883817427385892, "Latency": {"unit": "s", "min": 7.982611743005691, "p50": 21.00105673899816, "p90": 27.975217822997365, "p95": 29.50446434300102, "p99": 30.008353857009205, "max": 40.186964574997546}, "Throughput": {"unit": "tokens/s", "min": 4.976738156641735, "p50": 9.523330301213255, "p90": 15.34111307056772, "p95": 18.548609288462405, "p99": 23.701624401572182, "max": 25.054456666421064}, "TTFT": {"unit": "s", "min": 0.3227513320016442, "p50": 5.00745490299596, "p90": 8.468043247004971, "p95": 12.134460626999498, "p99": 15.135461671600932, "max": 20.553444727993337}, "TPOT": {"unit": "ms", "min": 22.531062613057685, "p50": 78.14593397991455, "p90": 101.71934562811602, "p95": 106.79384070352344, "p99": 111.95926740500859, "max": 113.64549256281472}, "Input Tokens per Minute": {"unit": "tokens/min", "min": 1145229.460580913, "p50": 1145229.460580913, "p90": 1145229.460580913, "p95": 1145229.460580913, "p99": 1145229.460580913, "max": 1145229.460580913}, "Output Tokens per Minute": {"unit": "tokens/min", "min": 60000.0, "p50": 60000.0, "p90": 60000.0, "p95": 60000.0, "p99": 60000.0, "max": 60000.0}}
{"target_qps": 5.0, "actual_qps": 4.999163237808105, "success_rate": 100.0, "input_tokens": 4042, "output_tokens": 199, "model": "QwQ-32B", "input_tokens_per_minute": 1212841.434262948, "output_tokens_per_minute": 59775.298804780876, "slo_seconds": 5.0, "slo_attainment": 0.0, "ttft_slo_ms": 1000, "ttft_slo_attainment": 10.358565737051793, "tpot_slo_ms": 50, "tpot_slo_attainment": 19.12350597609562, "Latency": {"unit": "s", "min": 7.795807072005118, "p50": 19.25170990699553, "p90": 27.39605690399185, "p95": 28.65833440899587, "p99": 30.88176094699884, "max": 32.88213672400161}, "Throughput": {"unit": "tokens/s", "min": 1.6188233001646266, "p50": 10.301797780770972, "p90": 20.180682363381152, "p95": 21.593222500968015, "p99": 23.811238523888747, "max": 25.654816512610164}, "TTFT": {"unit": "s", "min": 0.2823576640075771, "p50": 3.8085904870094964, "p90": 8.102646360988729, "p95": 9.126764592001564, "p99": 12.733491432503797, "max": 14.950505763990805}, "TPOT": {"unit": "ms", "min": 17.916177714999325, "p50": 77.96765955279982, "p90": 101.93095565327482, "p95": 105.86459169595153, "p99": 117.9012406582888, "max": 524.798422800086}, "Input Tokens per Minute": {"unit": "tokens/min", "min": 1212841.434262948, "p50": 1212841.434262948, "p90": 1212841.434262948, "p95": 1212841.434262948, "p99": 1212841.434262948, "max": 1212841.434262948}, "Output Tokens per Minute": {"unit": "tokens/min", "min": 59775.298804780876, "p50": 59775.298804780876, "p90": 59775.298804780876, "p95": 59775.298804780876, "p99": 59775.298804780876, "max": 59775.298804780876}}
{"target_qps": 5.0, "actual_qps": 4.999902774223372, "success_rate": 100.0, "input_tokens": 4004, "output_tokens": 198, "model": "QwQ-32B", "input_tokens_per_minute": 1201450.0, "output_tokens_per_minute": 59570.454545454544, "slo_seconds": 5.0, "slo_attainment": 0.0, "ttft_slo_ms": 1000, "ttft_slo_attainment": 7.575757575757576, "tpot_slo_ms": 50, "tpot_slo_attainment": 1.893939393939394, "Latency": {"unit": "s", "min": 10.31682438700227, "p50": 23.165239055502752, "p90": 32.14806657149603, "p95": 34.29212770525555, "p99": 36.309672025818436, "max": 37.188494846006506}, "Throughput": {"unit": "tokens/s", "min": 2.8323785773220718, "p50": 8.483460290758444, "p90": 14.970359895176484, "p95": 16.51497450747157, "p99": 18.427435925586792, "max": 19.385810254943518}, "TTFT": {"unit": "s", "min": 0.23833569000998978, "p50": 3.687882027006708, "p90": 10.099122121806433, "p95": 12.251009878097829, "p99": 15.597140132846983, "max": 17.414227411005413}, "TPOT": {"unit": "ms", "min": 39.83035498990761, "p50": 97.87759007541632, "p90": 115.45053815926032, "p95": 123.60626834323826, "p99": 127.1157803213633, "max": 305.85593826799595}, "Input Tokens per Minute": {"unit": "tokens/min", "min": 1201450.0, "p50": 1201450.0, "p90": 1201450.0, "p95": 1201450.0, "p99": 1201450.0, "max": 1201450.0}, "Output Tokens per Minute": {"unit": "tokens/min", "min": 59570.454545454544, "p50": 59570.454545454544, "p90": 59570.454545454544, "p95": 59570.454545454544, "p99": 59570.454545454544, "max": 59570.454545454544}}
{"target_qps": 5.0, "actual_qps": 4.999979338085311, "success_rate": 100.0, "input_tokens": 3971, "output_tokens": 199, "model": "QwQ-32B", "input_tokens_per_minute": 1321108.9573442289, "output_tokens_per_minute": 66444.2220334459, "slo_seconds": 5.0, "slo_attainment": 0.0, "ttft_slo_ms": 1000, "ttft_slo_attainment": 33.33333333333333, "tpot_slo_ms": 50, "tpot_slo_attainment": 7.807807807807808, "Latency": {"unit": "s", "min": 6.725971951993415, "p50": 22.37524824999855, "p90": 31.66792570060061, "p95": 33.40692959419975, "p99": 37.35730237051322, "max": 41.87436864800111}, "Throughput": {"unit": "tokens/s", "min": 4.776191413922299, "p50": 8.889765595991417, "p90": 16.787791909451162, "p95": 21.328983203695948, "p99": 27.91009190670302, "max": 29.735479337038395}, "TTFT": {"unit": "s", "min": 0.10004413400019985, "p50": 1.8019582780107157, "p90": 6.382625581193134, "p95": 7.408455776405751, "p99": 12.61063500223391, "max": 14.91368176099786}, "TPOT": {"unit": "ms", "min": 13.555221929713316, "p50": 99.87279879396966, "p90": 137.15867640688853, "p95": 143.4922939075605, "p99": 154.47589938974022, "max": 162.051023401998}, "Input Tokens per Minute": {"unit": "tokens/min", "min": 1321108.9573442289, "p50": 1321108.9573442289, "p90": 1321108.9573442289, "p95": 1321108.9573442289, "p99": 1321108.9573442289, "max": 1321108.9573442289}, "Output Tokens per Minute": {"unit": "tokens/min", "min": 66444.2220334459, "p50": 66444.2220334459, "p90": 66444.2220334459, "p95": 66444.2220334459, "p99": 66444.2220334459, "max": 66444.2220334459}}
{"target_qps": 5.0, "actual_qps": 4.9998600706669, "success_rate": 100.0, "input_tokens": 4029, "output_tokens": 199, "model": "QwQ-32B", "input_tokens_per_minute": 1368519.0279449988, "output_tokens_per_minute": 67694.85218793084, "slo_seconds": 5.0, "slo_attainment": 0.29411764705882354, "ttft_slo_ms": 1000, "ttft_slo_attainment": 85.58823529411764, "tpot_slo_ms": 50, "tpot_slo_attainment": 7.647058823529412, "Latency": {"unit": "s", "min": 1.7440811950073112, "p50": 13.948909489998186, "p90": 21.698144306194447, "p95": 26.537413741499776, "p99": 32.816446709444875, "max": 36.66830942599336}, "Throughput": {"unit": "tokens/s", "min": 5.454301088073191, "p50": 14.338038438094445, "p90": 18.801194134820214, "p95": 20.521796944437284, "p99": 22.6012608593788, "max": 23.425820619709462}, "TTFT": {"unit": "s", "min": 0.06752405500446912, "p50": 0.47110831100144424, "p90": 1.4965438858998834, "p95": 2.7367961282965556, "p99": 4.2377448604859875, "max": 8.324930570990546}, "TPOT": {"unit": "ms", "min": 39.663793538541846, "p50": 68.25899490701232, "p90": 103.29561312865741, "p95": 124.89578728084749, "p99": 145.97937283363996, "max": 158.63457862815724}, "Input Tokens per Minute": {"unit": "tokens/min", "min": 1368519.0279449988, "p50": 1368519.0279449988, "p90": 1368519.0279449988, "p95": 1368519.0279449988, "p99": 1368519.0279449988, "max": 1368519.0279449988}, "Output Tokens per Minute": {"unit": "tokens/min", "min": 67694.85218793084, "p50": 67694.85218793084, "p90": 67694.85218793084, "p95": 67694.85218793084, "p99": 67694.85218793084, "max": 67694.85218793084}}
{"target_qps": 5.0, "actual_qps": 4.999952550116886, "success_rate": 100.0, "input_tokens": 3950, "output_tokens": 199, "model": "QwQ-32B", "input_tokens_per_minute": 1185212.1212121213, "output_tokens_per_minute": 59922.222222222226, "slo_seconds": 5.0, "slo_attainment": 0.0,