{"actual_qps": 5.329378462439339, "success_rate": 100.0, "input_tokens": 3889, "output_tokens": 199, "model": "QwQ-32B", "input_tokens_per_minute": 1015709.3592742278, "output_tokens_per_minute": 52148.13376361684, "slo_seconds": 5.0, "slo_attainment": 0.0, "ttft_slo_ms": 1000, "ttft_slo_attainment": 2.2813688212927756, "tpot_slo_ms": 50, "tpot_slo_attainment": 23.954372623574145, "Latency": {"unit": "s", "min": 7.160450748997391, "p50": 20.720719559998543, "p90": 30.669566226999454, "p95": 33.650669050999525, "p99": 36.80017346655993, "max": 40.14355832999718}, "Throughput": {"unit": "tokens/s", "min": 4.982119381543476, "p50": 9.619623326658962, "p90": 17.39419820382944, "p95": 19.73578930764993, "p99": 26.404424337030203, "max": 27.931202519339173}, "TTFT": {"unit": "s", "min": 0.380712994003261, "p50": 5.426592017000075, "p90": 8.956528290201096, "p95": 11.649524590498912, "p99": 15.599546283903473, "max": 16.76984206799534}, "TPOT": {"unit": "ms", "min": 28.278034919588862, "p50": 72.2041813919646, "p90": 117.26654451858894, "p95": 138.7097809019906, "p99": 140.11290508996268, "max": 141.10984338693737}, "Input Tokens per Minute": {"unit": "tokens/min", "min": 1015709.3592742278, "p50": 1015709.3592742278, "p90": 1015709.3592742278, "p95": 1015709.3592742278, "p99": 1015709.3592742278, "max": 1015709.3592742278}, "Output Tokens per Minute": {"unit": "tokens/min", "min": 52148.13376361684, "p50": 52148.13376361684, "p90": 52148.13376361684, "p95": 52148.13376361684, "p99": 52148.13376361684, "max": 52148.13376361684}}
{"actual_qps": 5.162347603944685, "success_rate": 100.0, "input_tokens": 3950, "output_tokens": 199, "model": "QwQ-32B", "input_tokens_per_minute": 1161132.8707185902, "output_tokens_per_minute": 58625.81122519916, "slo_seconds": 5.0, "slo_attainment": 1.6891891891891893, "ttft_slo_ms": 1000, "ttft_slo_attainment": 30.743243243243246, "tpot_slo_ms": 50, "tpot_slo_attainment": 62.16216216216216, "Latency": {"unit": "s", "min": 4.7938342220004415, "p50": 10.375914020001801, "p90": 18.872581531999458, "p95": 21.876909261996843, "p99": 26.889831537346986, "max": 30.54607569300424}, "Throughput": {"unit": "tokens/s", "min": 3.4249072360612143, "p50": 19.27541657049842, "p90": 31.341621677827337, "p95": 34.62318550500817, "p99": 40.88740564418141, "max": 41.72025788504239}, "TTFT": {"unit": "s", "min": 0.168186570997932, "p50": 1.3901862994971452, "p90": 5.94643127100062, "p95": 7.792477227252675, "p99": 11.918380039099068, "max": 14.674895873999048}, "TPOT": {"unit": "ms", "min": 19.72239994975281, "p50": 42.63237949748712, "p90": 69.5405840351714, "p95": 76.56486511055004, "p99": 101.09361082362574, "max": 182.38246647611268}, "Input Tokens per Minute": {"unit": "tokens/min", "min": 1161132.8707185902, "p50": 1161132.8707185902, "p90": 1161132.8707185902, "p95": 1161132.8707185902, "p99": 1161132.8707185902, "max": 1161132.8707185902}, "Output Tokens per Minute": {"unit": "tokens/min", "min": 58625.81122519916, "p50": 58625.81122519916, "p90": 58625.81122519916, "p95": 58625.81122519916, "p99": 58625.81122519916, "max": 58625.81122519916}}
{"actual_qps": 5.145795109863165, "success_rate": 100.0, "input_tokens": 4030, "output_tokens": 199, "model": "QwQ-32B", "input_tokens_per_minute": 1232352.1678523577, "output_tokens_per_minute": 60956.464142320285, "slo_seconds": 5.0, "slo_attainment": 4.193548387096775, "ttft_slo_ms": 1000, "ttft_slo_attainment": 46.45161290322581, "tpot_slo_ms": 50, "tpot_slo_attainment": 81.61290322580645, "Latency": {"unit": "s", "min": 3.1917054030054715, "p50": 8.689026511998236, "p90": 13.67432454039954, "p95": 16.024142834198937, "p99": 17.873841702871726, "max": 19.211977473001753}, "Throughput": {"unit": "tokens/s", "min": 10.410172522899135, "p50": 23.003582142031107, "p90": 33.04060710039294, "p95": 37.97583729295284, "p99": 43.746299651737736, "max": 44.92357721664059}, "TTFT": {"unit": "s", "min": 0.16486004699982004, "p50": 1.0930762079988199, "p90": 2.1190068766969494, "p95": 2.7242604575509195, "p99": 3.5804765237416047, "max": 3.9224851060062065}, "TPOT": {"unit": "ms", "min": 19.100485874382933, "p50": 38.63249179648938, "p90": 61.296719408527714, "p95": 73.38313066583986, "p99": 79.35295773642183, "max": 81.3506203065565}, "Input Tokens per Minute": {"unit": "tokens/min", "min": 1232352.1678523577, "p50": 1232352.1678523577, "p90": 1232352.1678523577, "p95": 1232352.1678523577, "p99": 1232352.1678523577, "max": 1232352.1678523577}, "Output Tokens per Minute": {"unit": "tokens/min", "min": 60956.464142320285, "p50": 60956.464142320285, "p90": 60956.464142320285, "p95": 60956.464142320285, "p99": 60956.464142320285, "max": 60956.464142320285}}
{"actual_qps": 5.086276934547365, "success_rate": 100.0, "input_tokens": 4056, "output_tokens": 198, "model": "QwQ-32B", "input_tokens_per_minute": 1345714.6817603798, "output_tokens_per_minute": 65928.97791940095, "slo_seconds": 5.0, "slo_attainment": 4.451038575667656, "ttft_slo_ms": 1000, "ttft_slo_attainment": 53.41246290801187, "tpot_slo_ms": 50, "tpot_slo_attainment": 72.10682492581603, "Latency": {"unit": "s", "min": 2.5683753269986482, "p50": 9.433984729999793, "p90": 15.288733826001412, "p95": 19.117453026001744, "p99": 21.5586271708383, "max": 24.30311121699924}, "Throughput": {"unit": "tokens/s", "min": 8.22939903513697, "p50": 21.036032059337217, "p90": 31.56565776359364, "p95": 37.211631662045086, "p99": 44.908494956535804, "max": 47.16867963961474}, "TTFT": {"unit": "s", "min": 0.05337488200166263, "p50": 0.8874134590005269, "p90": 2.9384824933978995, "p95": 3.803071380598703, "p99": 4.9194244196434695, "max": 5.8885035130006145}, "TPOT": {"unit": "ms", "min": 20.17081879394804, "p50": 41.36114358292406, "p90": 64.31911208644341, "p95": 77.3338017909686, "p99": 99.69217832120228, "max": 109.57016778393063}, "Input Tokens per Minute": {"unit": "tokens/min", "min": 1345714.6817603798, "p50": 1345714.6817603798, "p90": 1345714.6817603798, "p95": 1345714.6817603798, "p99": 1345714.6817603798, "max": 1345714.6817603798}, "Output Tokens per Minute": {"unit": "tokens/min", "min": 65928.97791940095, "p50": 65928.97791940095, "p90": 65928.97791940095, "p95": 65928.97791940095, "p99": 65928.97791940095, "max": 65928.97791940095}}
{"actual_qps": 5.033096621094918, "success_rate": 100.0, "input_tokens": 4003, "output_tokens": 199, "model": "QwQ-32B", "input_tokens_per_minute": 1198051.5305310956, "output_tokens_per_minute": 59736.845935213285, "slo_seconds": 5.0, "slo_attainment": 9.210526315789473, "ttft_slo_ms": 1000, "ttft_slo_attainment": 83.22368421052632, "tpot_slo_ms": 50, "tpot_slo_attainment": 67.76315789473685, "Latency": {"unit": "s", "min": 3.850873829003831, "p50": 8.182073216998106, "p90": 14.810072289096569, "p95": 15.653834631898642, "p99": 17.704687233946892, "max": 18.51222687099653}, "Throughput": {"unit": "tokens/s", "min": 10.8036705358956, "p50": 24.0033824169057, "p90": 37.95518979499373, "p95": 43.272513540467266, "p99": 50.3554472586915, "max": 51.93626404834388}, "TTFT": {"unit": "s", "min": 0.05477633999544196, "p50": 0.48011061450233683, "p90": 1.1908243623009183, "p95": 1.4324963312516017, "p99": 1.7888872592102387, "max": 2.114891613004147}, "TPOT": {"unit": "ms", "min": 18.951211055262768, "p50": 39.57530500502712, "p90": 70.53580305978335, "p95": 73.47478277561505, "p99": 86.92210824807461, "max": 87.48653326130176}, "Input Tokens per Minute": {"unit": "tokens/min", "min": 1198051.5305310956, "p50": 1198051.5305310956, "p90": 1198051.5305310956, "p95": 1198051.5305310956, "p99": 1198051.5305310956, "max": 1198051.5305310956}, "Output Tokens per Minute": {"unit": "tokens/min", "min": 59736.845935213285, "p50": 59736.845935213285, "p90": 59736.845935213285, "p95": 59736.845935213285, "p99": 59736.845935213285, "max": 59736.845935213285}}
{"actual_qps": 5.328085338767479, "success_rate": 100.0, "input_tokens": 3993, "output_tokens": 198, "model": "QwQ-32B", "input_tokens_per_minute": 1253043.6995091252,