{"actual_qps": 5.775913986551748, "success_rate": 100.0, "input_tokens": 4060, "output_tokens": 199, "model": "QwQ-32B", "input_tokens_per_minute": 962192.2326444824, "output_tokens_per_minute": 47299.30520337574, "slo_seconds": 5.0, "slo_attainment": 0.0, "ttft_slo_ms": 1000, "ttft_slo_attainment": 2.083333333333333, "tpot_slo_ms": 50, "tpot_slo_attainment": 29.583333333333332, "Latency": {"unit": "s", "min": 6.948062198003754, "p50": 16.668262596500426, "p90": 24.124757643196787, "p95": 29.656346766044223, "p99": 32.27713170049254, "max": 38.04589270900033}, "Throughput": {"unit": "tokens/s", "min": 5.256809231149595, "p50": 11.888704724771397, "p90": 19.807245140613887, "p95": 21.26698999387893, "p99": 27.223565197012103, "max": 28.785004264564865}, "TTFT": {"unit": "s", "min": 0.5015590280017932, "p50": 3.9513049209999735, "p90": 7.868944651295169, "p95": 8.877264570302577, "p99": 12.37504785698809, "max": 13.17834458600555}, "TPOT": {"unit": "ms", "min": 18.529132311546828, "p50": 60.56624666081149, "p90": 95.32454952964487, "p95": 118.96558269746224, "p99": 132.60906339312945, "max": 138.579599386951}, "Input Tokens per Minute": {"unit": "tokens/min", "min": 962192.2326444824, "p50": 962192.2326444824, "p90": 962192.2326444824, "p95": 962192.2326444824, "p99": 962192.2326444824, "max": 962192.2326444824}, "Output Tokens per Minute": {"unit": "tokens/min", "min": 47299.30520337574, "p50": 47299.30520337574, "p90": 47299.30520337574, "p95": 47299.30520337574, "p99": 47299.30520337574, "max": 47299.30520337574}}
{"actual_qps": 4.625389707354199, "success_rate": 100.0, "input_tokens": 3982, "output_tokens": 198, "model": "QwQ-32B", "input_tokens_per_minute": 1384178.5338305046, "output_tokens_per_minute": 69016.74179281031, "slo_seconds": 5.0, "slo_attainment": 1.7045454545454544, "ttft_slo_ms": 1000, "ttft_slo_attainment": 31.53409090909091, "tpot_slo_ms": 50, "tpot_slo_attainment": 65.625, "Latency": {"unit": "s", "min": 4.313915265003743, "p50": 10.5148853565006, "p90": 19.833020689302067, "p95": 22.17412881585151, "p99": 29.932876378921865, "max": 35.40044054700411}, "Throughput": {"unit": "tokens/s", "min": 5.649647205221736, "p50": 18.881132258458628, "p90": 31.741172580854762, "p95": 34.27851369796123, "p99": 40.654588014504995, "max": 46.3615967662792}, "TTFT": {"unit": "s", "min": 0.15445779600122478, "p50": 1.5056698994994804, "p90": 5.636009206999736, "p95": 7.791132102395931, "p99": 12.33494330221278, "max": 16.93086833700363}, "TPOT": {"unit": "ms", "min": 19.742459587932125, "p50": 42.30840236935241, "p90": 76.38295933568565, "p95": 87.96328145802192, "p99": 105.27368485782557, "max": 113.22683087438514}, "Input Tokens per Minute": {"unit": "tokens/min", "min": 1384178.5338305046, "p50": 1384178.5338305046, "p90": 1384178.5338305046, "p95": 1384178.5338305046, "p99": 1384178.5338305046, "max": 1384178.5338305046}, "Output Tokens per Minute": {"unit": "tokens/min", "min": 69016.74179281031, "p50": 69016.74179281031, "p90": 69016.74179281031, "p95": 69016.74179281031, "p99": 69016.74179281031, "max": 69016.74179281031}}
{"actual_qps": 4.764952918392056, "success_rate": 100.0, "input_tokens": 4020, "output_tokens": 199, "model": "QwQ-32B", "input_tokens_per_minute": 1059988.8234619075, "output_tokens_per_minute": 52717.803657768214, "slo_seconds": 5.0, "slo_attainment": 2.9962546816479403, "ttft_slo_ms": 1000, "ttft_slo_attainment": 67.04119850187266, "tpot_slo_ms": 50, "tpot_slo_attainment": 76.02996254681648, "Latency": {"unit": "s", "min": 4.436238410002261, "p50": 8.450267624000844, "p90": 14.501744106800473, "p95": 16.22616727559871, "p99": 21.33907894457865, "max": 21.54120722600055}, "Throughput": {"unit": "tokens/s", "min": 9.284530709058734, "p50": 23.667889456181324, "p90": 34.52678023819698, "p95": 37.41038521083249, "p99": 42.05115571822094, "max": 45.083239789156885}, "TTFT": {"unit": "s", "min": 0.1651742390022264, "p50": 0.7939712269944721, "p90": 1.5567910449986813, "p95": 1.788613584903214, "p99": 2.3143283636978556, "max": 2.4675038489949657}, "TPOT": {"unit": "ms", "min": 18.683158954783593, "p50": 37.30347628642169, "p90": 67.93494727537119, "p95": 75.4502694874395, "p99": 97.31257362674903, "max": 102.94267217085776}, "Input Tokens per Minute": {"unit": "tokens/min", "min": 1059988.8234619075, "p50": 1059988.8234619075, "p90": 1059988.8234619075, "p95": 1059988.8234619075, "p99": 1059988.8234619075, "max": 1059988.8234619075}, "Output Tokens per Minute": {"unit": "tokens/min", "min": 52717.803657768214, "p50": 52717.803657768214, "p90": 52717.803657768214, "p95": 52717.803657768214, "p99": 52717.803657768214, "max": 52717.803657768214}}
{"actual_qps": 4.774787209680012, "success_rate": 100.0, "input_tokens": 3977, "output_tokens": 199, "model": "QwQ-32B", "input_tokens_per_minute": 1252914.9932343252, "output_tokens_per_minute": 62764.33174819171, "slo_seconds": 5.0, "slo_attainment": 6.25, "ttft_slo_ms": 1000, "ttft_slo_attainment": 62.5, "tpot_slo_ms": 50, "tpot_slo_attainment": 70.0, "Latency": {"unit": "s", "min": 1.7332656770013273, "p50": 9.476730379501532, "p90": 13.992924234802922, "p95": 15.149086842752157, "p99": 20.28369111020904, "max": 21.995963428002142}, "Throughput": {"unit": "tokens/s", "min": 9.092577401969507, "p50": 21.0548038574873, "p90": 32.89538409328942, "p95": 40.51896228600194, "p99": 47.941235958569656, "max": 48.59112958320762}, "TTFT": {"unit": "s", "min": 0.053321403996960726, "p50": 0.7936874594997789, "p90": 2.0235038523023836, "p95": 2.3589525883005993, "p99": 3.0710634846585165, "max": 3.6721662650015787}, "TPOT": {"unit": "ms", "min": 18.075986839181525, "p50": 42.94789760554444, "p90": 62.25092713415433, "p95": 71.65467402941724, "p99": 92.85232998637747, "max": 105.55240193470533}, "Input Tokens per Minute": {"unit": "tokens/min", "min": 1252914.9932343252, "p50": 1252914.9932343252, "p90": 1252914.9932343252, "p95": 1252914.9932343252, "p99": 1252914.9932343252, "max": 1252914.9932343252}, "Output Tokens per Minute": {"unit": "tokens/min", "min": 62764.33174819171, "p50": 62764.33174819171, "p90": 62764.33174819171, "p95": 62764.33174819171, "p99": 62764.33174819171, "max": 62764.33174819171}}
{"actual_qps": 5.524685320298831, "success_rate": 100.0, "input_tokens": 3940, "output_tokens": 199, "model": "QwQ-32B", "input_tokens_per_minute": 1158896.35410235, "output_tokens_per_minute": 58648.55113759367, "slo_seconds": 5.0, "slo_attainment": 6.354515050167224, "ttft_slo_ms": 1000, "ttft_slo_attainment": 86.95652173913044, "tpot_slo_ms": 50, "tpot_slo_attainment": 61.20401337792642, "Latency": {"unit": "s", "min": 2.870294594002189, "p50": 8.98858375200507, "p90": 15.708774286194238, "p95": 16.767479299796815, "p99": 19.550540524417578, "max": 20.498331668997707}, "Throughput": {"unit": "tokens/s", "min": 9.756891596328593, "p50": 22.233263935510912, "p90": 35.97620466681047, "p95": 40.63451578467191, "p99": 45.85503570236348, "max": 51.30303956600233}, "TTFT": {"unit": "s", "min": 0.048587648998363875, "p50": 0.48496882199833635, "p90": 1.1452316233990132, "p95": 1.3684857200030818, "p99": 1.604698149454924, "max": 2.0363290250024875}, "TPOT": {"unit": "ms", "min": 19.10252387435193, "p50": 42.93864690956084, "p90": 74.25667062108832, "p95": 81.01874032361218, "p99": 94.01045527879478, "max": 100.222388376896}, "Input Tokens per Minute": {"unit": "tokens/min", "min": 1158896.35410235, "p50": 1158896.35410235, "p90": 1158896.35410235, "p95": 1158896.35410235, "p99": 1158896.35410235, "max": 1158896.35410235}, "Output Tokens per Minute": {"unit": "tokens/min", "min": 58648.55113759367, "p50": 58648.55113759367, "p90": 58648.55113759367, "p95": 58648.55113759367, "p99": 58648.55113759367, "max": 58648.55113759367}}
{"actual_qps": 4.666605476735887, "success_rate": 100.0, "input_tokens": 3944, "output_tokens": 200, "model": "QwQ-32B", "input_tokens_per_minute": 1198752.7782884347, "output_tokens_per_minute": 60787.93224827319, "slo_seconds": 5.0, "slo_attainment": 7.119741100323624,