{"actual_qps": 5.707354262892534, "success_rate": 100.0, "input_tokens": 4025, "output_tokens": 200, "model": "QwQ-32B", "input_tokens_per_minute": 957708.6455219467, "output_tokens_per_minute": 47583.40705225519, "slo_seconds": 5.0, "slo_attainment": 0.0, "ttft_slo_ms": 1000, "ttft_slo_attainment": 1.6736401673640167, "tpot_slo_ms": 50, "tpot_slo_attainment": 7.112970711297072, "Latency": {"unit": "s", "min": 10.217003343001124, "p50": 20.03205258300295, "p90": 32.465619704801064, "p95": 33.999130069801325, "p99": 37.35364988255911, "max": 37.374995999998646}, "Throughput": {"unit": "tokens/s", "min": 5.3511711412626575, "p50": 9.983999351604066, "p90": 14.053320709128867, "p95": 15.096396095842335, "p99": 16.44527285458709, "max": 19.575211369291022}, "TTFT": {"unit": "s", "min": 0.5175230370005011, "p50": 4.646716019997257, "p90": 14.315209435399447, "p95": 16.795599179800046, "p99": 19.652001975719035, "max": 20.509284782005125}, "TPOT": {"unit": "ms", "min": 13.130083226118513, "p50": 74.73067989445352, "p90": 109.1690234723501, "p95": 126.00908381203742, "p99": 142.13966196702575, "max": 145.64743350254403}, "Input Tokens per Minute": {"unit": "tokens/min", "min": 957708.6455219467, "p50": 957708.6455219467, "p90": 957708.6455219467, "p95": 957708.6455219467, "p99": 957708.6455219467, "max": 957708.6455219467}, "Output Tokens per Minute": {"unit": "tokens/min", "min": 47583.40705225519, "p50": 47583.40705225519, "p90": 47583.40705225519, "p95": 47583.40705225519, "p99": 47583.40705225519, "max": 47583.40705225519}}
{"actual_qps": 4.439942528887742, "success_rate": 100.0, "input_tokens": 3972, "output_tokens": 198, "model": "QwQ-32B", "input_tokens_per_minute": 830459.1657722214, "output_tokens_per_minute": 41419.8025435786, "slo_seconds": 5.0, "slo_attainment": 0.0, "ttft_slo_ms": 1000, "ttft_slo_attainment": 3.255813953488372, "tpot_slo_ms": 50, "tpot_slo_attainment": 12.558139534883722, "Latency": {"unit": "s", "min": 8.19487092000054, "p50": 24.473862359998748, "p90": 36.477751642200744, "p95": 38.77280041679913, "p99": 44.14923358363812, "max": 44.1887791199988}, "Throughput": {"unit": "tokens/s", "min": 2.1371772230286172, "p50": 8.107076584170706, "p90": 16.167733854453825, "p95": 18.2930774779364, "p99": 23.432689008901132, "max": 24.405509489097216}, "TTFT": {"unit": "s", "min": 0.6440974169963738, "p50": 6.766964284004644, "p90": 11.682294274396554, "p95": 15.580911502201337, "p99": 18.653713014121458, "max": 20.522311914995953}, "TPOT": {"unit": "ms", "min": 32.484639045225464, "p50": 89.44783237186229, "p90": 135.60053566532167, "p95": 143.38444504771985, "p99": 156.7154307612999, "max": 365.6404779523857}, "Input Tokens per Minute": {"unit": "tokens/min", "min": 830459.1657722214, "p50": 830459.1657722214, "p90": 830459.1657722214, "p95": 830459.1657722214, "p99": 830459.1657722214, "max": 830459.1657722214}, "Output Tokens per Minute": {"unit": "tokens/min", "min": 41419.8025435786, "p50": 41419.8025435786, "p90": 41419.8025435786, "p95": 41419.8025435786, "p99": 41419.8025435786, "max": 41419.8025435786}}
{"actual_qps": 4.8863495554548, "success_rate": 100.0, "input_tokens": 4046, "output_tokens": 199, "model": "QwQ-32B", "input_tokens_per_minute": 1294282.7853451215, "output_tokens_per_minute": 63883.64315597668, "slo_seconds": 5.0, "slo_attainment": 0.0, "ttft_slo_ms": 1000, "ttft_slo_attainment": 2.43161094224924, "tpot_slo_ms": 50, "tpot_slo_attainment": 3.951367781155015, "Latency": {"unit": "s", "min": 9.72854640600417, "p50": 24.800589623999258, "p90": 39.065434435999485, "p95": 43.23648964820022, "p99": 46.434488711037844, "max": 50.8187272369978}, "Throughput": {"unit": "tokens/s", "min": 3.935557045088548, "p50": 8.048292156480793, "p90": 13.725041159680913, "p95": 16.04002599943637, "p99": 18.09975793412193, "max": 20.55805581361733}, "TTFT": {"unit": "s", "min": 0.4795436560016242, "p50": 6.097807830999955, "p90": 14.911791174000244, "p95": 17.20565238459821, "p99": 23.08258910112256, "max": 24.435205832000065}, "TPOT": {"unit": "ms", "min": 27.296176170846906, "p50": 92.02795868341539, "p90": 140.47008041709535, "p95": 165.95337146230776, "p99": 173.5731692042175, "max": 184.4551296683187}, "Input Tokens per Minute": {"unit": "tokens/min", "min": 1294282.7853451215, "p50": 1294282.7853451215, "p90": 1294282.7853451215, "p95": 1294282.7853451215, "p99": 1294282.7853451215, "max": 1294282.7853451215}, "Output Tokens per Minute": {"unit": "tokens/min", "min": 63883.64315597668, "p50": 63883.64315597668, "p90": 63883.64315597668, "p95": 63883.64315597668, "p99": 63883.64315597668, "max": 63883.64315597668}}
{"actual_qps": 4.778259885957121, "success_rate": 100.0, "input_tokens": 3997, "output_tokens": 199, "model": "QwQ-32B", "input_tokens_per_minute": 1367932.68164767, "output_tokens_per_minute": 68358.91077505777, "slo_seconds": 5.0, "slo_attainment": 0.8522727272727272, "ttft_slo_ms": 1000, "ttft_slo_attainment": 21.022727272727273, "tpot_slo_ms": 50, "tpot_slo_attainment": 19.318181818181817, "Latency": {"unit": "s", "min": 4.553750225997646, "p50": 21.775123358500423, "p90": 39.11542303229727, "p95": 41.39139378519975, "p99": 43.94972274266897, "max": 46.06535989200347}, "Throughput": {"unit": "tokens/s", "min": 4.341657168616155, "p50": 9.172556466421787, "p90": 21.504076791590418, "p95": 27.353417153999953, "p99": 35.70808615123574, "max": 43.91984410084405}, "TTFT": {"unit": "s", "min": 0.11213385400333209, "p50": 3.839483637995727, "p90": 11.57779356729953, "p95": 13.606697998200616, "p99": 17.296219175562946, "max": 20.003620581999712}, "TPOT": {"unit": "ms", "min": 20.072599798980598, "p50": 88.3903118316523, "p90": 148.50317836982921, "p95": 157.99017256985505, "p99": 165.61901930572924, "max": 167.60099757786392}, "Input Tokens per Minute": {"unit": "tokens/min", "min": 1367932.68164767, "p50": 1367932.68164767, "p90": 1367932.68164767, "p95": 1367932.68164767, "p99": 1367932.68164767, "max": 1367932.68164767}, "Output Tokens per Minute": {"unit": "tokens/min", "min": 68358.91077505777, "p50": 68358.91077505777, "p90": 68358.91077505777, "p95": 68358.91077505777, "p99": 68358.91077505777, "max": 68358.91077505777}}
{"actual_qps": 5.524597887865869, "success_rate": 100.0, "input_tokens": 3944, "output_tokens": 199, "model": "QwQ-32B", "input_tokens_per_minute": 1093003.6622574306, "output_tokens_per_minute": 55263.67298200908, "slo_seconds": 5.0, "slo_attainment": 0.0, "ttft_slo_ms": 1000, "ttft_slo_attainment": 50.526315789473685, "tpot_slo_ms": 50, "tpot_slo_attainment": 27.017543859649123, "Latency": {"unit": "s", "min": 5.074631411000155, "p50": 14.482384891998663, "p90": 33.25426984060177, "p95": 36.13865170260105, "p99": 38.86634290979769, "max": 39.80924335199961}, "Throughput": {"unit": "tokens/s", "min": 2.3591446834124645, "p50": 13.80988017453517, "p90": 24.847413393488193, "p95": 29.226647652223516, "p99": 34.686239139813516, "max": 39.411729404911036}, "TTFT": {"unit": "s", "min": 0.10364995899726637, "p50": 0.9735884110050392, "p90": 6.964079897799819, "p95": 8.107623252602934, "p99": 9.710326130319157, "max": 10.26058894599555}, "TPOT": {"unit": "ms", "min": 21.374011964833507, "p50": 66.31838793468683, "p90": 143.1163328030087, "p95": 149.06891067841397, "p99": 158.8818563019007, "max": 272.12546787504834}, "Input Tokens per Minute": {"unit": "tokens/min", "min": 1093003.6622574306, "p50": 1093003.6622574306, "p90": 1093003.6622574306, "p95": 1093003.6622574306, "p99": 1093003.6622574306, "max": 1093003.6622574306}, "Output Tokens per Minute": {"unit": "tokens/min", "min": 55263.67298200908, "p50": 55263.67298200908, "p90": 55263.67298200908, "p95": 55263.67298200908, "p99": 55263.67298200908, "max": 55263.67298200908}}
{"actual_qps": 4.649978183077244, "success_rate": 100.0, "input_tokens": 3883, "output_tokens": 199, "model": "QwQ-32B", "input_tokens_per_minute": 1147791.9048971126, "output_tokens_per_minute": 58987.39120514194, "slo_seconds": 5.0, "slo_attainment": 0.3289473684210526,