{"actual_qps": 4.314067626641806, "success_rate": 100.0, "input_tokens": 3864, "output_tokens": 200, "model": "QwQ-32B", "input_tokens_per_minute": 575447.317763998, "output_tokens_per_minute": 29782.057592415244, "slo_seconds": 5.0, "slo_attainment": 0.0, "ttft_slo_ms": 1000, "ttft_slo_attainment": 8.724832214765101, "tpot_slo_ms": 50, "tpot_slo_attainment": 25.503355704697988, "Latency": {"unit": "s", "min": 5.312628831998154, "p50": 22.641481954000483, "p90": 32.424124734995715, "p95": 35.81644350880087, "p99": 37.42298685995864, "max": 45.864419101999374}, "Throughput": {"unit": "tokens/s", "min": 4.360678798857421, "p50": 8.833344054348101, "p90": 20.280729954767615, "p95": 25.49035903928901, "p99": 36.23696572425113, "max": 37.646145877045434}, "TTFT": {"unit": "s", "min": 0.24173645099654095, "p50": 2.985720732998743, "p90": 6.335003426397453, "p95": 7.911726165800064, "p99": 11.20077409848077, "max": 13.11539315799746}, "TPOT": {"unit": "ms", "min": 23.182472592964416, "p50": 93.84986432159528, "p90": 144.81329273567925, "p95": 161.80755025426382, "p99": 172.85813565164293, "max": 178.30209229651157}, "Input Tokens per Minute": {"unit": "tokens/min", "min": 575447.317763998, "p50": 575447.317763998, "p90": 575447.317763998, "p95": 575447.317763998, "p99": 575447.317763998, "max": 575447.317763998}, "Output Tokens per Minute": {"unit": "tokens/min", "min": 29782.057592415244, "p50": 29782.057592415244, "p90": 29782.057592415244, "p95": 29782.057592415244, "p99": 29782.057592415244, "max": 29782.057592415244}}
{"actual_qps": 4.342823630376732, "success_rate": 100.0, "input_tokens": 3830, "output_tokens": 200, "model": "QwQ-32B", "input_tokens_per_minute": 1155040.3347909723, "output_tokens_per_minute": 60300.35569534589, "slo_seconds": 5.0, "slo_attainment": 0.0, "ttft_slo_ms": 1000, "ttft_slo_attainment": 3.9735099337748347, "tpot_slo_ms": 50, "tpot_slo_attainment": 11.920529801324504, "Latency": {"unit": "s", "min": 5.350926366998465, "p50": 22.512314048999542, "p90": 37.661681305305706, "p95": 42.48139253419977, "p99": 45.73612849425918, "max": 48.51179897899419}, "Throughput": {"unit": "tokens/s", "min": 4.122708376298327, "p50": 8.884710997990698, "p90": 15.953711328705722, "p95": 20.439424970127945, "p99": 26.721468867150822, "max": 37.37670569221223}, "TTFT": {"unit": "s", "min": 0.29320652699971106, "p50": 5.179327839501639, "p90": 14.677208052402433, "p95": 19.37956480965149, "p99": 25.992890179350656, "max": 28.47846724599367}, "TPOT": {"unit": "ms", "min": 25.415677587933434, "p50": 82.5616176105669, "p90": 133.38588654823712, "p95": 143.15510554774139, "p99": 153.3344316368019, "max": 159.75589667837838}, "Input Tokens per Minute": {"unit": "tokens/min", "min": 1155040.3347909723, "p50": 1155040.3347909723, "p90": 1155040.3347909723, "p95": 1155040.3347909723, "p99": 1155040.3347909723, "max": 1155040.3347909723}, "Output Tokens per Minute": {"unit": "tokens/min", "min": 60300.35569534589, "p50": 60300.35569534589, "p90": 60300.35569534589, "p95": 60300.35569534589, "p99": 60300.35569534589, "max": 60300.35569534589}}
{"actual_qps": 4.368763720205439, "success_rate": 100.0, "input_tokens": 3726, "output_tokens": 200, "model": "QwQ-32B", "input_tokens_per_minute": 932802.3340929803, "output_tokens_per_minute": 50060.11962100067, "slo_seconds": 5.0, "slo_attainment": 0.0, "ttft_slo_ms": 1000, "ttft_slo_attainment": 14.173228346456693, "tpot_slo_ms": 50, "tpot_slo_attainment": 24.409448818897637, "Latency": {"unit": "s", "min": 5.118883791001281, "p50": 18.133613235000666, "p90": 30.90821432099911, "p95": 32.09717390644909, "p99": 34.96465359169604, "max": 37.69875143399986}, "Throughput": {"unit": "tokens/s", "min": 5.305215488373533, "p50": 11.029374082126331, "p90": 21.123042156769014, "p95": 26.01745525271697, "p99": 30.77453496915529, "max": 39.07101785580464}, "TTFT": {"unit": "s", "min": 0.2151319619952119, "p50": 2.7239366244975827, "p90": 5.525360925497081, "p95": 8.17425123235116, "p99": 11.73440390669195, "max": 14.490212438999151}, "TPOT": {"unit": "ms", "min": 15.133185306521268, "p50": 72.18501412311315, "p90": 139.3285755849151, "p95": 146.81313490048765, "p99": 151.5296382671377, "max": 153.86918475379028}, "Input Tokens per Minute": {"unit": "tokens/min", "min": 932802.3340929803, "p50": 932802.3340929803, "p90": 932802.3340929803, "p95": 932802.3340929803, "p99": 932802.3340929803, "max": 932802.3340929803}, "Output Tokens per Minute": {"unit": "tokens/min", "min": 50060.11962100067, "p50": 50060.11962100067, "p90": 50060.11962100067, "p95": 50060.11962100067, "p99": 50060.11962100067, "max": 50060.11962100067}}
{"actual_qps": 4.327868924188235, "success_rate": 100.0, "input_tokens": 3668, "output_tokens": 199, "model": "QwQ-32B", "input_tokens_per_minute": 970533.458708375, "output_tokens_per_minute": 52750.82054641252, "slo_seconds": 5.0, "slo_attainment": 0.7434944237918215, "ttft_slo_ms": 1000, "ttft_slo_attainment": 34.94423791821561, "tpot_slo_ms": 50, "tpot_slo_attainment": 28.99628252788104, "Latency": {"unit": "s", "min": 4.126075526997738, "p50": 16.75061280999944, "p90": 32.82785173120211, "p95": 37.75446037320071, "p99": 44.1323160752785, "max": 46.631324925001536}, "Throughput": {"unit": "tokens/s", "min": 3.4599291572431055, "p50": 11.937289272200927, "p90": 26.030509537755453, "p95": 30.575983578766184, "p99": 36.83361061244767, "max": 48.472210140449434}, "TTFT": {"unit": "s", "min": 0.0916224019965739, "p50": 1.4663342310013832, "p90": 8.18803045020177, "p95": 10.636837767600081, "p99": 14.127622455604724, "max": 16.60936623300222}, "TPOT": {"unit": "ms", "min": 20.019331427121973, "p50": 75.65839203517274, "p90": 129.18841930552492, "p95": 142.46432551757715, "p99": 156.8803155476333, "max": 163.9036495527314}, "Input Tokens per Minute": {"unit": "tokens/min", "min": 970533.458708375, "p50": 970533.458708375, "p90": 970533.458708375, "p95": 970533.458708375, "p99": 970533.458708375, "max": 970533.458708375}, "Output Tokens per Minute": {"unit": "tokens/min", "min": 52750.82054641252, "p50": 52750.82054641252, "p90": 52750.82054641252, "p95": 52750.82054641252, "p99": 52750.82054641252, "max": 52750.82054641252}}
{"actual_qps": 4.524325293169356, "success_rate": 100.0, "input_tokens": 3829, "output_tokens": 199, "model": "QwQ-32B", "input_tokens_per_minute": 930331.1087405541, "output_tokens_per_minute": 48560.76363035883, "slo_seconds": 5.0, "slo_attainment": 0.0, "ttft_slo_ms": 1000, "ttft_slo_attainment": 43.31983805668016, "tpot_slo_ms": 50, "tpot_slo_attainment": 31.983805668016196, "Latency": {"unit": "s", "min": 5.541541483995388, "p50": 15.716830495999602, "p90": 31.939311040002213, "p95": 35.073029042201235, "p99": 38.726679660878865, "max": 39.05926475900196}, "Throughput": {"unit": "tokens/s", "min": 5.120424084631704, "p50": 12.725211998112846, "p90": 23.654418993714515, "p95": 27.423261563698638, "p99": 35.2795490617324, "max": 36.09104083721526}, "TTFT": {"unit": "s", "min": 0.1220992990056402, "p50": 1.100774326994724, "p90": 5.471253379601695, "p95": 7.315855653100877, "p99": 8.363876628619764, "max": 8.924122329000966}, "TPOT": {"unit": "ms", "min": 24.364459080385846, "p50": 69.05486737685067, "p90": 147.19901730253213, "p95": 153.461768306033, "p99": 156.17104777898822, "max": 157.43564873366782}, "Input Tokens per Minute": {"unit": "tokens/min", "min": 930331.1087405541, "p50": 930331.1087405541, "p90": 930331.1087405541, "p95": 930331.1087405541, "p99": 930331.1087405541, "max": 930331.1087405541}, "Output Tokens per Minute": {"unit": "tokens/min", "min": 48560.76363035883, "p50": 48560.76363035883, "p90": 48560.76363035883, "p95": 48560.76363035883, "p99": 48560.76363035883, "max": 48560.76363035883}}
{"actual_qps": 4.475677568823541, "success_rate": 100.0, "input_tokens": 3674, "output_tokens": 199, "model": "QwQ-32B", "input_tokens_per_minute": 1019161.3181270505, "output_tokens_per_minute": 55439.705173929804, "slo_seconds": 5.0, "slo_attainment": 0.0, "ttft_slo_ms": 1000,