{"actual_qps": 5.126398033123619, "success_rate": 100.0, "input_tokens": 3881, "output_tokens": 199, "model": "QwQ-32B", "input_tokens_per_minute": 600821.1729078498, "output_tokens_per_minute": 30950.128800500104, "slo_seconds": 5.0, "slo_attainment": 0.0, "ttft_slo_ms": 1000, "ttft_slo_attainment": 1.935483870967742, "tpot_slo_ms": 50, "tpot_slo_attainment": 20.0, "Latency": {"unit": "s", "min": 6.773012040997855, "p50": 21.02224455000396, "p90": 25.060342677003057, "p95": 26.329339664705174, "p99": 29.158369631221298, "max": 32.9002598050065}, "Throughput": {"unit": "tokens/s", "min": 6.078979351086024, "p50": 9.513306034377008, "p90": 16.227705350086346, "p95": 17.71984939287116, "p99": 29.495005245850685, "max": 29.528959758136555}, "TTFT": {"unit": "s", "min": 0.6968906010006322, "p50": 4.4671170379951946, "p90": 6.964532467997924, "p95": 9.772174410600565, "p99": 12.167165372161266, "max": 14.021257040003547}, "TPOT": {"unit": "ms", "min": 26.020801653238728, "p50": 80.11409150249027, "p90": 97.68079952763166, "p95": 100.54733799847985, "p99": 111.02893736975999, "max": 114.50734613567852}, "Input Tokens per Minute": {"unit": "tokens/min", "min": 600821.1729078498, "p50": 600821.1729078498, "p90": 600821.1729078498, "p95": 600821.1729078498, "p99": 600821.1729078498, "max": 600821.1729078498}, "Output Tokens per Minute": {"unit": "tokens/min", "min": 30950.128800500104, "p50": 30950.128800500104, "p90": 30950.128800500104, "p95": 30950.128800500104, "p99": 30950.128800500104, "max": 30950.128800500104}}
{"actual_qps": 5.190992880619275, "success_rate": 100.0, "input_tokens": 4076, "output_tokens": 199, "model": "QwQ-32B", "input_tokens_per_minute": 1098050.7240373953, "output_tokens_per_minute": 53722.85858393356, "slo_seconds": 5.0, "slo_attainment": 0.0, "ttft_slo_ms": 1000, "ttft_slo_attainment": 7.2727272727272725, "tpot_slo_ms": 50, "tpot_slo_attainment": 5.818181818181818, "Latency": {"unit": "s", "min": 8.541257329998189, "p50": 23.030519747000653, "p90": 34.43265483560244, "p95": 36.937209516901206, "p99": 41.47256972971969, "max": 41.66308551799739}, "Throughput": {"unit": "tokens/s", "min": 3.623704107335823, "p50": 8.684128808080708, "p90": 15.341292386262527, "p95": 17.715576898216135, "p99": 20.694556888889434, "max": 23.415756284214705}, "TTFT": {"unit": "s", "min": 0.21022730699769454, "p50": 4.317038161003438, "p90": 9.413097186399682, "p95": 13.144272189000917, "p99": 15.89414703301867, "max": 18.041535678996297}, "TPOT": {"unit": "ms", "min": 39.602388542709434, "p50": 92.81232180401459, "p90": 136.46021188744555, "p95": 148.4957340276384, "p99": 157.9229657353784, "max": 181.94403913404346}, "Input Tokens per Minute": {"unit": "tokens/min", "min": 1098050.7240373953, "p50": 1098050.7240373953, "p90": 1098050.7240373953, "p95": 1098050.7240373953, "p99": 1098050.7240373953, "max": 1098050.7240373953}, "Output Tokens per Minute": {"unit": "tokens/min", "min": 53722.85858393356, "p50": 53722.85858393356, "p90": 53722.85858393356, "p95": 53722.85858393356, "p99": 53722.85858393356, "max": 53722.85858393356}}
{"actual_qps": 5.259373819268463, "success_rate": 100.0, "input_tokens": 3895, "output_tokens": 199, "model": "QwQ-32B", "input_tokens_per_minute": 1312619.9250414835, "output_tokens_per_minute": 67106.80532236042, "slo_seconds": 5.0, "slo_attainment": 0.0, "ttft_slo_ms": 1000, "ttft_slo_attainment": 2.9069767441860463, "tpot_slo_ms": 50, "tpot_slo_attainment": 6.104651162790697, "Latency": {"unit": "s", "min": 6.705198848998407, "p50": 27.097112313502294, "p90": 41.21039608489955, "p95": 44.62701923600289, "p99": 48.28452633884916, "max": 51.263635066999996}, "Throughput": {"unit": "tokens/s", "min": 2.4367462708725336, "p50": 7.378691021277259, "p90": 11.828135112631974, "p95": 13.123457994721642, "p99": 21.527733571021443, "max": 29.827601612422743}, "TTFT": {"unit": "s", "min": 0.3055196330024046, "p50": 6.396469200997672, "p90": 14.353853791098663, "p95": 15.910762507049366, "p99": 19.58518929682883, "max": 23.70415459400101}, "TPOT": {"unit": "ms", "min": 21.12525111055101, "p50": 99.99926574120545, "p90": 163.6881137336626, "p95": 177.0344316733588, "p99": 184.1206769778214, "max": 259.93076680003594}, "Input Tokens per Minute": {"unit": "tokens/min", "min": 1312619.9250414835, "p50": 1312619.9250414835, "p90": 1312619.9250414835, "p95": 1312619.9250414835, "p99": 1312619.9250414835, "max": 1312619.9250414835}, "Output Tokens per Minute": {"unit": "tokens/min", "min": 67106.80532236042, "p50": 67106.80532236042, "p90": 67106.80532236042, "p95": 67106.80532236042, "p99": 67106.80532236042, "max": 67106.80532236042}}
{"actual_qps": 5.049934858281288, "success_rate": 100.0, "input_tokens": 4000, "output_tokens": 199, "model": "QwQ-32B", "input_tokens_per_minute": 1516389.9019886455, "output_tokens_per_minute": 75704.26485180872, "slo_seconds": 5.0, "slo_attainment": 0.0, "ttft_slo_ms": 1000, "ttft_slo_attainment": 23.25581395348837, "tpot_slo_ms": 50, "tpot_slo_attainment": 14.728682170542637, "Latency": {"unit": "s", "min": 5.157697823997296, "p50": 20.367908271000488, "p90": 36.412616908797645, "p95": 40.785075485300325, "p99": 43.10196831839856, "max": 49.124176577999606}, "Throughput": {"unit": "tokens/s", "min": 4.071315061789159, "p50": 9.819368652831027, "p90": 20.077635316674975, "p95": 23.07516584970821, "p99": 32.78417784668586, "max": 38.776990592480445}, "TTFT": {"unit": "s", "min": 0.10579552700073691, "p50": 3.0714809139972203, "p90": 10.466939182799258, "p95": 13.690712899703794, "p99": 20.597830856679202, "max": 22.769262160996732}, "TPOT": {"unit": "ms", "min": 22.674703030161393, "p50": 85.1609907839149, "p90": 140.3079379276456, "p95": 150.2299481271346, "p99": 155.25208160401618, "max": 161.16194049244947}, "Input Tokens per Minute": {"unit": "tokens/min", "min": 1516389.9019886455, "p50": 1516389.9019886455, "p90": 1516389.9019886455, "p95": 1516389.9019886455, "p99": 1516389.9019886455, "max": 1516389.9019886455}, "Output Tokens per Minute": {"unit": "tokens/min", "min": 75704.26485180872, "p50": 75704.26485180872, "p90": 75704.26485180872, "p95": 75704.26485180872, "p99": 75704.26485180872, "max": 75704.26485180872}}
{"actual_qps": 5.065299057983242, "success_rate": 100.0, "input_tokens": 4012, "output_tokens": 199, "model": "QwQ-32B", "input_tokens_per_minute": 1202693.305049728, "output_tokens_per_minute": 59929.52309044004, "slo_seconds": 5.0, "slo_attainment": 1.3071895424836601, "ttft_slo_ms": 1000, "ttft_slo_attainment": 57.84313725490197, "tpot_slo_ms": 50, "tpot_slo_attainment": 33.33333333333333, "Latency": {"unit": "s", "min": 4.332760771001631, "p50": 13.91097812750013, "p90": 30.922907058498822, "p95": 34.32636969650048, "p99": 38.15218269775214, "max": 38.186431967005774}, "Throughput": {"unit": "tokens/s", "min": 5.160077302705366, "p50": 14.377159223435806, "p90": 29.319847778693948, "p95": 33.889932425875756, "p99": 41.724754228660906, "max": 46.159945256743256}, "TTFT": {"unit": "s", "min": 0.09273416799987899, "p50": 0.8181016800008365, "p90": 5.786663179998868, "p95": 7.228394197749367, "p99": 8.371013608450811, "max": 8.96110304800095}, "TPOT": {"unit": "ms", "min": 20.330634437213025, "p50": 63.50575094470675, "p90": 130.2260948341701, "p95": 148.006004659573, "p99": 156.1069149406918, "max": 157.3754835628288}, "Input Tokens per Minute": {"unit": "tokens/min", "min": 1202693.305049728, "p50": 1202693.305049728, "p90": 1202693.305049728, "p95": 1202693.305049728, "p99": 1202693.305049728, "max": 1202693.305049728}, "Output Tokens per Minute": {"unit": "tokens/min", "min": 59929.52309044004, "p50": 59929.52309044004, "p90": 59929.52309044004, "p95": 59929.52309044004, "p99": 59929.52309044004, "max": 59929.52309044004}}
{"actual_qps": 5.3281079582910875, "success_rate": 100.0, "input_tokens": 3965, "output_tokens": 199, "model": "QwQ-32B", "input_tokens_per_minute": 1266078.2664199462, "output_tokens_per_minute": 63788.48760924003, "slo_seconds": 5.0, "slo_attainment": 0.0,