{"target_qps": 5.0, "actual_qps": 4.989614467756298, "success_rate": 100.0, "input_tokens": 3883, "output_tokens": 199, "model": "QwQ-32B", "input_tokens_per_minute": 1165147.7777777778, "output_tokens_per_minute": 59743.33333333333, "slo_seconds": 5.0, "slo_attainment": 15.925925925925927, "ttft_slo_ms": 1000, "ttft_slo_attainment": 52.22222222222223, "tpot_slo_ms": 50, "tpot_slo_attainment": 95.92592592592592, "Latency": {"unit": "s", "min": 2.6632672969999476, "p50": 6.883910660500078, "p90": 11.94241425839964, "p95": 14.380511539299869, "p99": 14.646963817519927, "max": 18.96723620100056}, "Throughput": {"unit": "tokens/s", "min": 10.54449883370196, "p50": 29.03052885995892, "p90": 42.115598393665955, "p95": 45.02669119528718, "p99": 49.517273868609394, "max": 51.26108623384083}, "TTFT": {"unit": "s", "min": 0.06829202399967471, "p50": 0.9206474794996211, "p90": 4.110045508600342, "p95": 4.566845261250134, "p99": 5.185044244730116, "max": 13.293754981000347}, "TPOT": {"unit": "ms", "min": 17.88074320602985, "p50": 28.537319638190873, "p90": 41.68052338994829, "p95": 48.287734885426936, "p99": 54.167907094522334, "max": 54.849082793970496}, "Input Tokens per Minute": {"unit": "tokens/min", "min": 1165147.7777777778, "p50": 1165147.7777777778, "p90": 1165147.7777777778, "p95": 1165147.7777777778, "p99": 1165147.7777777778, "max": 1165147.7777777778}, "Output Tokens per Minute": {"unit": "tokens/min", "min": 59743.33333333333, "p50": 59743.33333333333, "p90": 59743.33333333333, "p95": 59743.33333333333, "p99": 59743.33333333333, "max": 59743.33333333333}}
{"target_qps": 5.0, "actual_qps": 4.994729805185339, "success_rate": 100.0, "input_tokens": 3970, "output_tokens": 197, "model": "QwQ-32B", "input_tokens_per_minute": 1200580.076850756, "output_tokens_per_minute": 59778.57509240111, "slo_seconds": 5.0, "slo_attainment": 44.554455445544555, "ttft_slo_ms": 1000, "ttft_slo_attainment": 97.6897689768977, "tpot_slo_ms": 50, "tpot_slo_attainment": 100.0, "Latency": {"unit": "s", "min": 0.7717627520005408, "p50": 5.212438949999523, "p90": 6.931116464200568, "p95": 7.113089087499611, "p99": 7.690702127019523, "max": 8.051586669999779}, "Throughput": {"unit": "tokens/s", "min": 19.697243799448724, "p50": 38.21979980799298, "p90": 48.48321751344438, "p95": 50.91992254169439, "p99": 52.84563497081657, "max": 53.412941719372164}, "TTFT": {"unit": "s", "min": 0.10257668900067074, "p50": 0.38297081000018807, "p90": 0.7513885345997553, "p95": 0.8532858969001609, "p99": 1.1882914300599998, "max": 1.43154581699946}, "TPOT": {"unit": "ms", "min": 16.956470170852704, "p50": 23.73351045729002, "p90": 31.955332186934264, "p95": 33.71624189497256, "p99": 37.180705555477594, "max": 37.89304701004954}, "Input Tokens per Minute": {"unit": "tokens/min", "min": 1200580.076850756, "p50": 1200580.076850756, "p90": 1200580.076850756, "p95": 1200580.076850756, "p99": 1200580.076850756, "max": 1200580.076850756}, "Output Tokens per Minute": {"unit": "tokens/min", "min": 59778.57509240111, "p50": 59778.57509240111, "p90": 59778.57509240111, "p95": 59778.57509240111, "p99": 59778.57509240111, "max": 59778.57509240111}}
{"target_qps": 5.0, "actual_qps": 4.9985036692684774, "success_rate": 100.0, "input_tokens": 3932, "output_tokens": 199, "model": "QwQ-32B", "input_tokens_per_minute": 1189012.1546687097, "output_tokens_per_minute": 60265.56146445413, "slo_seconds": 5.0, "slo_attainment": 45.21452145214521, "ttft_slo_ms": 1000, "ttft_slo_attainment": 97.35973597359737, "tpot_slo_ms": 50, "tpot_slo_attainment": 100.0, "Latency": {"unit": "s", "min": 3.570551116000388, "p50": 5.121360536999418, "p90": 6.652449887799776, "p95": 6.955609797599846, "p99": 7.275424270459898, "max": 7.431980731999829}, "Throughput": {"unit": "tokens/s", "min": 22.03008713201421, "p50": 38.71198945171627, "p90": 47.90154507082126, "p95": 50.21267295715818, "p99": 53.07788980825238, "max": 56.01376188223663}, "TTFT": {"unit": "s", "min": 0.09207750899986422, "p50": 0.41777635299968097, "p90": 0.751656476399512, "p95": 0.8351221723998605, "p99": 1.0618001252199794, "max": 1.4826009059997887}, "TPOT": {"unit": "ms", "min": 16.849242939699355, "p50": 23.66588757286081, "p90": 30.750409333668543, "p95": 32.52648501256223, "p99": 34.40201017799122, "max": 35.53525508040316}, "Input Tokens per Minute": {"unit": "tokens/min", "min": 1189012.1546687097, "p50": 1189012.1546687097, "p90": 1189012.1546687097, "p95": 1189012.1546687097, "p99": 1189012.1546687097, "max": 1189012.1546687097}, "Output Tokens per Minute": {"unit": "tokens/min", "min": 60265.56146445413, "p50": 60265.56146445413, "p90": 60265.56146445413, "p95": 60265.56146445413, "p99": 60265.56146445413, "max": 60265.56146445413}}
{"target_qps": 5.0, "actual_qps": 4.999933364638102, "success_rate": 100.0, "input_tokens": 3936, "output_tokens": 198, "model": "QwQ-32B", "input_tokens_per_minute": 1180945.4545454546, "output_tokens_per_minute": 59650.50505050505, "slo_seconds": 5.0, "slo_attainment": 43.77104377104377, "ttft_slo_ms": 1000, "ttft_slo_attainment": 98.31649831649831, "tpot_slo_ms": 50, "tpot_slo_attainment": 100.0, "Latency": {"unit": "s", "min": 1.1821951780002564, "p50": 5.174686887000462, "p90": 6.6533433754002544, "p95": 7.023052123599881, "p99": 8.776744176960095, "max": 9.38199418000022}, "Throughput": {"unit": "tokens/s", "min": 21.317429553126765, "p50": 38.63166333987959, "p90": 47.55008653357301, "p95": 51.553518630062904, "p99": 54.60220322299752, "max": 55.30235908111408}, "TTFT": {"unit": "s", "min": 0.03505587600011495, "p50": 0.29631382599927747, "p90": 0.6571311891997539, "p95": 0.746962327799883, "p99": 1.0384255183600544, "max": 1.2150959040000089}, "TPOT": {"unit": "ms", "min": 17.377134864322006, "p50": 24.204079703520794, "p90": 31.446957972864528, "p95": 33.77974256985104, "p99": 42.9124669095476, "max": 44.61380435678442}, "Input Tokens per Minute": {"unit": "tokens/min", "min": 1180945.4545454546, "p50": 1180945.4545454546, "p90": 1180945.4545454546, "p95": 1180945.4545454546, "p99": 1180945.4545454546, "max": 1180945.4545454546}, "Output Tokens per Minute": {"unit": "tokens/min", "min": 59650.50505050505, "p50": 59650.50505050505, "p90": 59650.50505050505, "p95": 59650.50505050505, "p99": 59650.50505050505, "max": 59650.50505050505}}
{"target_qps": 5.0, "actual_qps": 4.99995758627643, "success_rate": 100.0, "input_tokens": 3980, "output_tokens": 198, "model": "QwQ-32B", "input_tokens_per_minute": 1199669.9711718373, "output_tokens_per_minute": 59779.57301529466, "slo_seconds": 5.0, "slo_attainment": 56.95364238410596, "ttft_slo_ms": 1000, "ttft_slo_attainment": 100.0, "tpot_slo_ms": 50, "tpot_slo_attainment": 100.0, "Latency": {"unit": "s", "min": 1.181209170999864, "p50": 4.812189783499889, "p90": 6.580758530099139, "p95": 7.397769784649608, "p99": 8.580297903490484, "max": 9.353678614999808}, "Throughput": {"unit": "tokens/s", "min": 21.381961924506864, "p50": 41.23360720726306, "p90": 51.60667828790647, "p95": 53.21527730791527, "p99": 55.5832695171532, "max": 57.001248079095596}, "TTFT": {"unit": "s", "min": 0.034153909999986354, "p50": 0.17463938600030815, "p90": 0.4733245878000162, "p95": 0.5471476586996231, "p99": 0.7068615286702337, "max": 0.7997246249997261}, "TPOT": {"unit": "ms", "min": 17.41068048743467, "p50": 22.926579645728044, "p90": 31.878922888443512, "p95": 35.56691907311623, "p99": 40.91781969547806, "max": 44.64578382914313}, "Input Tokens per Minute": {"unit": "tokens/min", "min": 1199669.9711718373, "p50": 1199669.9711718373, "p90": 1199669.9711718373, "p95": 1199669.9711718373, "p99": 1199669.9711718373, "max": 1199669.9711718373}, "Output Tokens per Minute": {"unit": "tokens/min", "min": 59779.57301529466, "p50": 59779.57301529466, "p90": 59779.57301529466, "p95": 59779.57301529466, "p99": 59779.57301529466, "max": 59779.57301529466}}
{"target_qps": 5.0, "actual_qps": 4.999957333947406, "success_rate": 100.0, "input_tokens": 3928, "output_tokens": 199, "model": "QwQ-32B",