{"target_qps": 3.0, "actual_qps": 2.9988225740420633, "success_rate": 100.0, "input_tokens": 4163, "output_tokens": 199, "model": "QwQ-32B", "input_tokens_per_minute": 749427.8048780488, "output_tokens_per_minute": 35968.170731707316, "slo_seconds": 5.0, "slo_attainment": 28.04878048780488, "ttft_slo_ms": 1000, "ttft_slo_attainment": 82.3170731707317, "tpot_slo_ms": 50, "tpot_slo_attainment": 100.0, "Latency": {"unit": "s", "min": 3.588412576999872, "p50": 5.797324132000085, "p90": 7.775904638999691, "p95": 8.397668602150041, "p99": 9.523979044620138, "max": 13.87012141699961}, "Throughput": {"unit": "tokens/s", "min": 14.41948444336431, "p50": 34.49879141597499, "p90": 46.80557571841421, "p95": 50.8492639118499, "p99": 53.78079576093409, "max": 55.734951237745356}, "TTFT": {"unit": "s", "min": 0.043964737000351306, "p50": 0.5269791004998297, "p90": 1.4208684311996878, "p95": 1.7995565313000041, "p99": 2.4168231693596316, "max": 7.902065442999628}, "TPOT": {"unit": "ms", "min": 17.292738688443183, "p50": 26.587336133166012, "p90": 33.44561717387214, "p95": 37.475234905528, "p99": 40.322650655426976, "max": 41.552889492462114}, "Input Tokens per Minute": {"unit": "tokens/min", "min": 749427.8048780488, "p50": 749427.8048780488, "p90": 749427.8048780488, "p95": 749427.8048780488, "p99": 749427.8048780488, "max": 749427.8048780488}, "Output Tokens per Minute": {"unit": "tokens/min", "min": 35968.170731707316, "p50": 35968.170731707316, "p90": 35968.170731707316, "p95": 35968.170731707316, "p99": 35968.170731707316, "max": 35968.170731707316}}
{"target_qps": 3.0, "actual_qps": 2.9985487388927248, "success_rate": 100.0, "input_tokens": 4201, "output_tokens": 200, "model": "QwQ-32B", "input_tokens_per_minute": 756246.1016949153, "output_tokens_per_minute": 36000.0, "slo_seconds": 5.0, "slo_attainment": 52.54237288135594, "ttft_slo_ms": 1000, "ttft_slo_attainment": 96.61016949152543, "tpot_slo_ms": 50, "tpot_slo_attainment": 100.0, "Latency": {"unit": "s", "min": 3.6902038460002586, "p50": 4.959136956000293, "p90": 6.760170201599795, "p95": 7.109545072199398, "p99": 7.756835197680267, "max": 8.10847358799947}, "Throughput": {"unit": "tokens/s", "min": 24.66555484573567, "p50": 40.3295980277396, "p90": 49.33114829753747, "p95": 52.39724380520004, "p99": 53.822544597820944, "max": 54.19754798011394}, "TTFT": {"unit": "s", "min": 0.06161457899997913, "p50": 0.41233613199983665, "p90": 0.7133245967996119, "p95": 0.773297703600474, "p99": 1.3006553479596201, "max": 2.0084872079996785}, "TPOT": {"unit": "ms", "min": 17.629139532663654, "p50": 22.82448637688229, "p90": 31.50301143718729, "p95": 33.03717908240937, "p99": 36.184706736481466, "max": 37.02911596482221}, "Input Tokens per Minute": {"unit": "tokens/min", "min": 756246.1016949153, "p50": 756246.1016949153, "p90": 756246.1016949153, "p95": 756246.1016949153, "p99": 756246.1016949153, "max": 756246.1016949153}, "Output Tokens per Minute": {"unit": "tokens/min", "min": 36000.0, "p50": 36000.0, "p90": 36000.0, "p95": 36000.0, "p99": 36000.0, "max": 36000.0}}
{"target_qps": 3.0, "actual_qps": 2.998041794174906, "success_rate": 100.0, "input_tokens": 4217, "output_tokens": 199, "model": "QwQ-32B", "input_tokens_per_minute": 767007.0204545313, "output_tokens_per_minute": 36206.351400985615, "slo_seconds": 5.0, "slo_attainment": 50.54945054945055, "ttft_slo_ms": 1000, "ttft_slo_attainment": 98.35164835164835, "tpot_slo_ms": 50, "tpot_slo_attainment": 100.0, "Latency": {"unit": "s", "min": 1.6187856970000212, "p50": 4.994560906500283, "p90": 6.3352806823000725, "p95": 6.638284030800014, "p99": 6.928339880190023, "max": 7.142465451000135}, "Throughput": {"unit": "tokens/s", "min": 18.532409852395432, "p50": 39.961663248460496, "p90": 50.419334110497324, "p95": 53.1630961964081, "p99": 54.73520622699559, "max": 55.36587920482632}, "TTFT": {"unit": "s", "min": 0.0638892320002924, "p50": 0.39528579700026967, "p90": 0.6471524132998641, "p95": 0.7463973908000753, "p99": 1.0715777327703289, "max": 1.2068052220001846}, "TPOT": {"unit": "ms", "min": 17.534596231155376, "p50": 23.300115932163145, "p90": 29.458033858794185, "p95": 30.882241202009215, "p99": 33.34851232949656, "max": 37.799457758629956}, "Input Tokens per Minute": {"unit": "tokens/min", "min": 767007.0204545313, "p50": 767007.0204545313, "p90": 767007.0204545313, "p95": 767007.0204545313, "p99": 767007.0204545313, "max": 767007.0204545313}, "Output Tokens per Minute": {"unit": "tokens/min", "min": 36206.351400985615, "p50": 36206.351400985615, "p90": 36206.351400985615, "p95": 36206.351400985615, "p99": 36206.351400985615, "max": 36206.351400985615}}
{"target_qps": 3.0, "actual_qps": 2.999980820172618, "success_rate": 100.0, "input_tokens": 4079, "output_tokens": 199, "model": "QwQ-32B", "input_tokens_per_minute": 734258.0, "output_tokens_per_minute": 35889.0, "slo_seconds": 5.0, "slo_attainment": 55.00000000000001, "ttft_slo_ms": 1000, "ttft_slo_attainment": 99.44444444444444, "tpot_slo_ms": 50, "tpot_slo_attainment": 100.0, "Latency": {"unit": "s", "min": 1.857991058999687, "p50": 4.922083113499866, "p90": 6.446899459800534, "p95": 6.894681367699737, "p99": 9.396037927770323, "max": 9.835487096000179}, "Throughput": {"unit": "tokens/s", "min": 20.334529245769076, "p50": 40.63320307399937, "p90": 49.282037938929754, "p95": 52.30897361552327, "p99": 54.28210997923142, "max": 54.86658288911794}, "TTFT": {"unit": "s", "min": 0.032111911000356486, "p50": 0.35600815050020174, "p90": 0.5838537907002318, "p95": 0.6396349196493246, "p99": 0.8353089916597772, "max": 1.0022911049991308}, "TPOT": {"unit": "ms", "min": 17.41603824120373, "p50": 22.935463022612517, "p90": 30.86329232311808, "p95": 32.92678044020261, "p99": 44.52671963497664, "max": 46.43746034673597}, "Input Tokens per Minute": {"unit": "tokens/min", "min": 734258.0, "p50": 734258.0, "p90": 734258.0, "p95": 734258.0, "p99": 734258.0, "max": 734258.0}, "Output Tokens per Minute": {"unit": "tokens/min", "min": 35889.0, "p50": 35889.0, "p90": 35889.0, "p95": 35889.0, "p99": 35889.0, "max": 35889.0}}
{"target_qps": 3.0, "actual_qps": 2.999906899289326, "success_rate": 100.0, "input_tokens": 4162, "output_tokens": 199, "model": "QwQ-32B", "input_tokens_per_minute": 749201.0, "output_tokens_per_minute": 35830.0, "slo_seconds": 5.0, "slo_attainment": 53.333333333333336, "ttft_slo_ms": 1000, "ttft_slo_attainment": 100.0, "tpot_slo_ms": 50, "tpot_slo_attainment": 100.0, "Latency": {"unit": "s", "min": 1.4810728989996278, "p50": 4.912309710000045, "p90": 6.451178132199766, "p95": 7.459645022849507, "p99": 7.9603328263597, "max": 8.7099750389998}, "Throughput": {"unit": "tokens/s", "min": 22.96217831905139, "p50": 40.686213452555236, "p90": 51.30498507237054, "p95": 53.861890486759116, "p99": 56.28490395877507, "max": 57.40732234357974}, "TTFT": {"unit": "s", "min": 0.035793179999927816, "p50": 0.2581482394998602, "p90": 0.4838090077003471, "p95": 0.5250922807499591, "p99": 0.7545406127099616, "max": 0.8417146270003286}, "TPOT": {"unit": "ms", "min": 17.26035059296672, "p50": 23.071102272172734, "p90": 30.58310861657976, "p95": 35.539631496986935, "p99": 39.22027483995005, "max": 41.39677263819108}, "Input Tokens per Minute": {"unit": "tokens/min", "min": 749201.0, "p50": 749201.0, "p90": 749201.0, "p95": 749201.0, "p99": 749201.0, "max": 749201.0}, "Output Tokens per Minute": {"unit": "tokens/min", "min": 35830.0, "p50": 35830.0, "p90": 35830.0, "p95": 35830.0, "p99": 35830.0, "max": 35830.0}}
{"target_qps": 3.0, "actual_qps": 2.999950229725686, "success_rate": 100.0, "input_tokens": 4196, "output_tokens": 199, "model": "QwQ-32B", "input_tokens_per_minute": 771646.9898046494, "output_tokens_per_minute": 36770.982605555226, "slo_seconds": 5.0, "slo_attainment": 64.67391304347827, "ttft_slo_ms": 1000, "ttft_slo_attainment": 100.0, "tpot_slo_ms": 50, "tpot_slo_attainment": 100.0, "Latency": {"unit": "s", "min": 3.4918987070004732, "p50": 4.692204644999947, "p90": 6.061185180899975, "p95": 6.387752478499943,