{"target_qps": 5.0, "actual_qps": 4.992123590973596, "success_rate": 100.0, "input_tokens": 3903, "output_tokens": 200, "model": "QwQ-32B", "input_tokens_per_minute": 1171031.330472103, "output_tokens_per_minute": 60000.00000000001, "slo_seconds": 5.0, "slo_attainment": 0.0, "ttft_slo_ms": 1000, "ttft_slo_attainment": 30.042918454935624, "tpot_slo_ms": 50, "tpot_slo_attainment": 30.90128755364807, "Latency": {"unit": "s", "min": 6.434253668005113, "p50": 12.706339403004677, "p90": 17.499865518200387, "p95": 18.36637912760052, "p99": 20.51520999584318, "max": 22.83712815999752}, "Throughput": {"unit": "tokens/s", "min": 8.757668591199154, "p50": 15.740174542536293, "p90": 21.468662963298343, "p95": 23.10707377348169, "p99": 26.886340598123102, "max": 31.083636163509908}, "TTFT": {"unit": "s", "min": 0.13950097499764524, "p50": 1.5486741190034081, "p90": 2.9391675936014514, "p95": 3.699812342802761, "p99": 5.721901759762852, "max": 8.250922844003071}, "TPOT": {"unit": "ms", "min": 28.452536020094197, "p50": 54.66085037688348, "p90": 81.25504121208043, "p95": 84.35764182713636, "p99": 88.70832021185694, "max": 100.04723701001865}, "Input Tokens per Minute": {"unit": "tokens/min", "min": 1171031.330472103, "p50": 1171031.330472103, "p90": 1171031.330472103, "p95": 1171031.330472103, "p99": 1171031.330472103, "max": 1171031.330472103}, "Output Tokens per Minute": {"unit": "tokens/min", "min": 60000.00000000001, "p50": 60000.00000000001, "p90": 60000.00000000001, "p95": 60000.00000000001, "p99": 60000.00000000001, "max": 60000.00000000001}}
{"target_qps": 5.0, "actual_qps": 4.985365464152086, "success_rate": 100.0, "input_tokens": 4025, "output_tokens": 199, "model": "QwQ-32B", "input_tokens_per_minute": 1207743.103448276, "output_tokens_per_minute": 59820.0, "slo_seconds": 5.0, "slo_attainment": 0.0, "ttft_slo_ms": 1000, "ttft_slo_attainment": 25.17241379310345, "tpot_slo_ms": 50, "tpot_slo_attainment": 16.206896551724135, "Latency": {"unit": "s", "min": 7.536613755000872, "p50": 15.528165596497274, "p90": 23.045426767098984, "p95": 25.892510031150596, "p99": 29.51504424582826, "max": 30.97496669800603}, "Throughput": {"unit": "tokens/s", "min": 4.365371365277517, "p50": 12.869399315660576, "p90": 18.875062782986323, "p95": 19.975958056385537, "p99": 22.447183180981515, "max": 26.537116867278925}, "TTFT": {"unit": "s", "min": 0.07383862700226018, "p50": 1.817741358998319, "p90": 4.871908680800699, "p95": 6.516974200347978, "p99": 10.233770051680695, "max": 12.697460187002434}, "TPOT": {"unit": "ms", "min": 33.62896536181045, "p50": 68.14780678894695, "p90": 99.22563957183753, "p95": 107.63223307510623, "p99": 116.68257493862859, "max": 174.8982152161802}, "Input Tokens per Minute": {"unit": "tokens/min", "min": 1207743.103448276, "p50": 1207743.103448276, "p90": 1207743.103448276, "p95": 1207743.103448276, "p99": 1207743.103448276, "max": 1207743.103448276}, "Output Tokens per Minute": {"unit": "tokens/min", "min": 59820.0, "p50": 59820.0, "p90": 59820.0, "p95": 59820.0, "p99": 59820.0, "max": 59820.0}}
{"target_qps": 5.0, "actual_qps": 4.999583432708391, "success_rate": 100.0, "input_tokens": 3978, "output_tokens": 199, "model": "QwQ-32B", "input_tokens_per_minute": 1193401.01010101, "output_tokens_per_minute": 59881.818181818184, "slo_seconds": 5.0, "slo_attainment": 0.0, "ttft_slo_ms": 1000, "ttft_slo_attainment": 32.323232323232325, "tpot_slo_ms": 50, "tpot_slo_attainment": 12.121212121212121, "Latency": {"unit": "s", "min": 6.5320503299954, "p50": 14.029185655002948, "p90": 18.141651326201107, "p95": 22.095144776799128, "p99": 31.527469897319687, "max": 33.17558200700296}, "Throughput": {"unit": "tokens/s", "min": 6.028530259326948, "p50": 14.235637023054617, "p90": 18.0270517639055, "p95": 20.09485734246809, "p99": 22.427559298349973, "max": 23.709200863513953}, "TTFT": {"unit": "s", "min": 0.10001478099729866, "p50": 1.3166020610005944, "p90": 2.726079004201167, "p95": 4.031325485403065, "p99": 5.82732964244177, "max": 6.7686199309973745}, "TPOT": {"unit": "ms", "min": 38.649184125634704, "p50": 62.69298831155803, "p90": 82.22921490452069, "p95": 107.37385417086253, "p99": 144.13580302293119, "max": 149.3275998793946}, "Input Tokens per Minute": {"unit": "tokens/min", "min": 1193401.01010101, "p50": 1193401.01010101, "p90": 1193401.01010101, "p95": 1193401.01010101, "p99": 1193401.01010101, "max": 1193401.01010101}, "Output Tokens per Minute": {"unit": "tokens/min", "min": 59881.818181818184, "p50": 59881.818181818184, "p90": 59881.818181818184, "p95": 59881.818181818184, "p99": 59881.818181818184, "max": 59881.818181818184}}
{"target_qps": 5.0, "actual_qps": 4.999881725964676, "success_rate": 100.0, "input_tokens": 4042, "output_tokens": 199, "model": "QwQ-32B", "input_tokens_per_minute": 1297479.6218270496, "output_tokens_per_minute": 64105.5060521308, "slo_seconds": 5.0, "slo_attainment": 0.0, "ttft_slo_ms": 1000, "ttft_slo_attainment": 44.89164086687307, "tpot_slo_ms": 50, "tpot_slo_attainment": 11.145510835913312, "Latency": {"unit": "s", "min": 7.843487461999757, "p50": 13.962443438002083, "p90": 18.653932085004634, "p95": 19.785331739798856, "p99": 21.617643887099693, "max": 22.043086064004456}, "Throughput": {"unit": "tokens/s", "min": 9.073139732761494, "p50": 14.2377376881522, "p90": 17.82837122158963, "p95": 19.710720626153577, "p99": 21.88204062514574, "max": 25.49886144001159}, "TTFT": {"unit": "s", "min": 0.05647921800118638, "p50": 1.1238691739999922, "p90": 2.446601295200526, "p95": 3.222723999600559, "p99": 3.7519438842225643, "max": 5.473397615001886}, "TPOT": {"unit": "ms", "min": 34.29572913566388, "p50": 65.02570244223324, "p90": 86.32673834070731, "p95": 93.00680475576176, "p99": 102.22547066191238, "max": 108.18943738193403}, "Input Tokens per Minute": {"unit": "tokens/min", "min": 1297479.6218270496, "p50": 1297479.6218270496, "p90": 1297479.6218270496, "p95": 1297479.6218270496, "p99": 1297479.6218270496, "max": 1297479.6218270496}, "Output Tokens per Minute": {"unit": "tokens/min", "min": 64105.5060521308, "p50": 64105.5060521308, "p90": 64105.5060521308, "p95": 64105.5060521308, "p99": 64105.5060521308, "max": 64105.5060521308}}
{"target_qps": 5.0, "actual_qps": 4.999904143087365, "success_rate": 100.0, "input_tokens": 3902, "output_tokens": 200, "model": "QwQ-32B", "input_tokens_per_minute": 1170703.7288135593, "output_tokens_per_minute": 60000.0, "slo_seconds": 5.0, "slo_attainment": 0.0, "ttft_slo_ms": 1000, "ttft_slo_attainment": 58.644067796610166, "tpot_slo_ms": 50, "tpot_slo_attainment": 17.966101694915253, "Latency": {"unit": "s", "min": 7.943570799005101, "p50": 13.032195710999076, "p90": 21.411646504201066, "p95": 27.244083393296027, "p99": 29.46255993393861, "max": 29.99602767399483}, "Throughput": {"unit": "tokens/s", "min": 6.667549522678656, "p50": 15.346608080110514, "p90": 20.08134577826166, "p95": 21.19301120137759, "p99": 23.764094634980076, "max": 25.177593938616265}, "TTFT": {"unit": "s", "min": 0.05815303700364893, "p50": 0.8442463850005879, "p90": 2.1644539316024747, "p95": 2.725458489697485, "p99": 3.6138614812844025, "max": 4.598661924996122}, "TPOT": {"unit": "ms", "min": 35.95854493466308, "p50": 60.50529155779154, "p90": 97.17125952060702, "p95": 130.01585931456634, "p99": 138.32500894691069, "max": 143.1064481105718}, "Input Tokens per Minute": {"unit": "tokens/min", "min": 1170703.7288135593, "p50": 1170703.7288135593, "p90": 1170703.7288135593, "p95": 1170703.7288135593, "p99": 1170703.7288135593, "max": 1170703.7288135593}, "Output Tokens per Minute": {"unit": "tokens/min", "min": 60000.0, "p50": 60000.0, "p90": 60000.0, "p95": 60000.0, "p99": 60000.0, "max": 60000.0}}
{"target_qps": 5.0, "actual_qps": 4.999945145768855, "success_rate": 100.0, "input_tokens": 3824, "output_tokens": 199, "model": "QwQ-32B", "input_tokens_per_minute": 1147786.4877483211, "output_tokens_per_minute": 59934.69299172289, "slo_seconds": 5.0, "slo_attainment": 0.0, "ttft_slo_ms": 1000,