{"target_qps": 5.0, "actual_qps": 4.996210073740051, "success_rate": 100.0, "input_tokens": 3982, "output_tokens": 198, "model": "QwQ-32B", "input_tokens_per_minute": 1194802.7027027027, "output_tokens_per_minute": 59658.10810810811, "slo_seconds": 5.0, "slo_attainment": 0.9009009009009009, "ttft_slo_ms": 1000, "ttft_slo_attainment": 24.774774774774773, "tpot_slo_ms": 50, "tpot_slo_attainment": 54.5045045045045, "Latency": {"unit": "s", "min": 4.315227206003328, "p50": 12.124324791504478, "p90": 17.03334275999732, "p95": 19.797721048644597, "p99": 21.52478913542363, "max": 22.276292299997294}, "Throughput": {"unit": "tokens/s", "min": 8.978154771295774, "p50": 16.345140503681453, "p90": 25.935922059839804, "p95": 27.725473278472265, "p99": 35.838740602774614, "max": 41.32566241013359}, "TTFT": {"unit": "s", "min": 0.17080960100429365, "p50": 1.8040767870006675, "p90": 4.384112236603687, "p95": 5.436998685199796, "p99": 6.537139539487468, "max": 9.969063338001433}, "TPOT": {"unit": "ms", "min": 21.225704869355457, "p50": 49.13620723116527, "p90": 76.1375476904724, "p95": 82.8147421542831, "p99": 91.68963460323678, "max": 100.47792226633925}, "Input Tokens per Minute": {"unit": "tokens/min", "min": 1194802.7027027027, "p50": 1194802.7027027027, "p90": 1194802.7027027027, "p95": 1194802.7027027027, "p99": 1194802.7027027027, "max": 1194802.7027027027}, "Output Tokens per Minute": {"unit": "tokens/min", "min": 59658.10810810811, "p50": 59658.10810810811, "p90": 59658.10810810811, "p95": 59658.10810810811, "p99": 59658.10810810811, "max": 59658.10810810811}}
{"target_qps": 5.0, "actual_qps": 4.99347789119286, "success_rate": 100.0, "input_tokens": 3938, "output_tokens": 199, "model": "QwQ-32B", "input_tokens_per_minute": 1181508.0808080807, "output_tokens_per_minute": 59756.56565656565, "slo_seconds": 5.0, "slo_attainment": 0.33670033670033667, "ttft_slo_ms": 1000, "ttft_slo_attainment": 25.589225589225588, "tpot_slo_ms": 50, "tpot_slo_attainment": 18.181818181818183, "Latency": {"unit": "s", "min": 4.145819928999117, "p50": 14.321123738001916, "p90": 21.11330657540385, "p95": 23.677257049396573, "p99": 27.10852749636194, "max": 28.53111831699789}, "Throughput": {"unit": "tokens/s", "min": 7.00988996568167, "p50": 13.937664597895374, "p90": 18.474914424408517, "p95": 21.157508991850413, "p99": 24.489158932220658, "max": 27.243795800544547}, "TTFT": {"unit": "s", "min": 0.13133195899717975, "p50": 1.647905546000402, "p90": 3.581657970001107, "p95": 4.20861037900031, "p99": 5.94454620264151, "max": 7.337983414996415}, "TPOT": {"unit": "ms", "min": 34.152567391965334, "p50": 62.89818071859395, "p90": 93.52681447236874, "p95": 104.22275405628407, "p99": 124.10131464945009, "max": 127.55601654772825}, "Input Tokens per Minute": {"unit": "tokens/min", "min": 1181508.0808080807, "p50": 1181508.0808080807, "p90": 1181508.0808080807, "p95": 1181508.0808080807, "p99": 1181508.0808080807, "max": 1181508.0808080807}, "Output Tokens per Minute": {"unit": "tokens/min", "min": 59756.56565656565, "p50": 59756.56565656565, "p90": 59756.56565656565, "p95": 59756.56565656565, "p99": 59756.56565656565, "max": 59756.56565656565}}
{"target_qps": 5.0, "actual_qps": 4.995433888602867, "success_rate": 100.0, "input_tokens": 4030, "output_tokens": 198, "model": "QwQ-32B", "input_tokens_per_minute": 1228143.7888018265, "output_tokens_per_minute": 60567.826147703, "slo_seconds": 5.0, "slo_attainment": 0.3225806451612903, "ttft_slo_ms": 1000, "ttft_slo_attainment": 44.83870967741935, "tpot_slo_ms": 50, "tpot_slo_attainment": 11.935483870967742, "Latency": {"unit": "s", "min": 4.3347230090002995, "p50": 14.447877379501733, "p90": 20.935932675798544, "p95": 24.3692500382007, "p99": 31.743047477237425, "max": 32.268797069002176}, "Throughput": {"unit": "tokens/s", "min": 6.1979378894208175, "p50": 13.820030417880961, "p90": 18.528523363801764, "p95": 19.99215226878691, "p99": 21.744808462852905, "max": 24.509538710934294}, "TTFT": {"unit": "s", "min": 0.12372071300342213, "p50": 1.1173576389992377, "p90": 2.9796186730003695, "p95": 4.129941146249622, "p99": 5.259023421730164, "max": 5.4668331849970855}, "TPOT": {"unit": "ms", "min": 40.22633358793761, "p50": 65.38825365579447, "p90": 94.03208177838368, "p95": 109.18840307889668, "p99": 144.37459597856457, "max": 151.11162113569105}, "Input Tokens per Minute": {"unit": "tokens/min", "min": 1228143.7888018265, "p50": 1228143.7888018265, "p90": 1228143.7888018265, "p95": 1228143.7888018265, "p99": 1228143.7888018265, "max": 1228143.7888018265}, "Output Tokens per Minute": {"unit": "tokens/min", "min": 60567.826147703, "p50": 60567.826147703, "p90": 60567.826147703, "p95": 60567.826147703, "p99": 60567.826147703, "max": 60567.826147703}}
{"target_qps": 5.0, "actual_qps": 4.999939594479409, "success_rate": 100.0, "input_tokens": 4050, "output_tokens": 199, "model": "QwQ-32B", "input_tokens_per_minute": 1215088.1188118812, "output_tokens_per_minute": 59888.118811881184, "slo_seconds": 5.0, "slo_attainment": 0.0, "ttft_slo_ms": 1000, "ttft_slo_attainment": 50.495049504950494, "tpot_slo_ms": 50, "tpot_slo_attainment": 10.561056105610561, "Latency": {"unit": "s", "min": 7.776083611999638, "p50": 14.148603141999047, "p90": 17.990673501200217, "p95": 18.79571976750085, "p99": 21.054261013077053, "max": 25.94797399699746}, "Throughput": {"unit": "tokens/s", "min": 7.707730862653969, "p50": 14.121838714616757, "p90": 18.01770535703526, "p95": 20.3208591859961, "p99": 22.502933618179142, "max": 25.719888054106136}, "TTFT": {"unit": "s", "min": 0.06774565300293034, "p50": 0.997492650996719, "p90": 2.670456498404383, "p95": 2.983537435303151, "p99": 3.9390801479827555, "max": 5.149027560000832}, "TPOT": {"unit": "ms", "min": 37.231814919629585, "p50": 64.83595471356934, "p90": 82.77280885827419, "p95": 86.18565125929601, "p99": 102.0940127032142, "max": 107.03514709546735}, "Input Tokens per Minute": {"unit": "tokens/min", "min": 1215088.1188118812, "p50": 1215088.1188118812, "p90": 1215088.1188118812, "p95": 1215088.1188118812, "p99": 1215088.1188118812, "max": 1215088.1188118812}, "Output Tokens per Minute": {"unit": "tokens/min", "min": 59888.118811881184, "p50": 59888.118811881184, "p90": 59888.118811881184, "p95": 59888.118811881184, "p99": 59888.118811881184, "max": 59888.118811881184}}
{"target_qps": 5.0, "actual_qps": 4.999822085830828, "success_rate": 100.0, "input_tokens": 3946, "output_tokens": 199, "model": "QwQ-32B", "input_tokens_per_minute": 1183973.1958762887, "output_tokens_per_minute": 59722.68041237113, "slo_seconds": 5.0, "slo_attainment": 0.0, "ttft_slo_ms": 1000, "ttft_slo_attainment": 68.04123711340206, "tpot_slo_ms": 50, "tpot_slo_attainment": 19.243986254295535, "Latency": {"unit": "s", "min": 5.2368847179968725, "p50": 13.184684485000616, "p90": 21.11780462400202, "p95": 26.293636391998007, "p99": 28.77466435869793, "max": 29.969899035000708}, "Throughput": {"unit": "tokens/s", "min": 6.67336248835632, "p50": 15.164361002349962, "p90": 20.946057939145078, "p95": 22.294356913039806, "p99": 24.78928867862887, "max": 26.012001553836622}, "TTFT": {"unit": "s", "min": 0.048432557996420655, "p50": 0.6908051799982786, "p90": 1.8333917690033559, "p95": 2.6200867484985793, "p99": 3.4857139574982328, "max": 4.0632367549987976}, "TPOT": {"unit": "ms", "min": 36.121814919608745, "p50": 62.184277522614885, "p90": 99.2188415075544, "p95": 114.95150482915965, "p99": 135.68681523919165, "max": 144.18898502009512}, "Input Tokens per Minute": {"unit": "tokens/min", "min": 1183973.1958762887, "p50": 1183973.1958762887, "p90": 1183973.1958762887, "p95": 1183973.1958762887, "p99": 1183973.1958762887, "max": 1183973.1958762887}, "Output Tokens per Minute": {"unit": "tokens/min", "min": 59722.68041237113, "p50": 59722.68041237113, "p90": 59722.68041237113, "p95": 59722.68041237113, "p99": 59722.68041237113, "max": 59722.68041237113}}
{"target_qps": 5.0, "actual_qps": 4.999981160737705, "success_rate": 100.0, "input_tokens": 4107,