{"target_qps": 5.0, "actual_qps": 4.995794198564984, "success_rate": 100.0, "input_tokens": 3852, "output_tokens": 199, "model": "QwQ-32B", "input_tokens_per_minute": 1155866.504854369, "output_tokens_per_minute": 59797.57281553398, "slo_seconds": 5.0, "slo_attainment": 0.0, "ttft_slo_ms": 1000, "ttft_slo_attainment": 35.43689320388349, "tpot_slo_ms": 50, "tpot_slo_attainment": 29.61165048543689, "Latency": {"unit": "s", "min": 5.493525306002994, "p50": 13.124230343000818, "p90": 17.578732699003012, "p95": 18.558649115497246, "p99": 21.415245279251028, "max": 22.69967695199739}, "Throughput": {"unit": "tokens/s", "min": 8.81069807393896, "p50": 15.2032011243756, "p90": 21.84663246731445, "p95": 23.994999280604098, "p99": 26.251384539764004, "max": 28.07744798233637}, "TTFT": {"unit": "s", "min": 0.1313974450022215, "p50": 1.2262574699998368, "p90": 2.739689868503774, "p95": 3.684991042749971, "p99": 4.405734545603262, "max": 5.874918847999652}, "TPOT": {"unit": "ms", "min": 32.566804613050216, "p50": 56.805154547723006, "p90": 80.85171744220756, "p95": 85.36088879771515, "p99": 105.91486289222071, "max": 112.7447619999922}, "Input Tokens per Minute": {"unit": "tokens/min", "min": 1155866.504854369, "p50": 1155866.504854369, "p90": 1155866.504854369, "p95": 1155866.504854369, "p99": 1155866.504854369, "max": 1155866.504854369}, "Output Tokens per Minute": {"unit": "tokens/min", "min": 59797.57281553398, "p50": 59797.57281553398, "p90": 59797.57281553398, "p95": 59797.57281553398, "p99": 59797.57281553398, "max": 59797.57281553398}}
{"target_qps": 5.0, "actual_qps": 4.996080224089636, "success_rate": 100.0, "input_tokens": 3966, "output_tokens": 199, "model": "QwQ-32B", "input_tokens_per_minute": 1291875.4108718357, "output_tokens_per_minute": 64897.364957038575, "slo_seconds": 5.0, "slo_attainment": 0.3067484662576687, "ttft_slo_ms": 1000, "ttft_slo_attainment": 22.699386503067483, "tpot_slo_ms": 50, "tpot_slo_attainment": 14.11042944785276, "Latency": {"unit": "s", "min": 2.7040708559943596, "p50": 15.553112527999474, "p90": 21.94408779799778, "p95": 24.003233031498894, "p99": 28.96012213549875, "max": 32.39646268499928}, "Throughput": {"unit": "tokens/s", "min": 6.173513508084547, "p50": 12.853999815273944, "p90": 18.453677809183535, "p95": 19.39383600042516, "p99": 22.281062543664603, "max": 23.491874314324814}, "TTFT": {"unit": "s", "min": 0.14663742599805119, "p50": 1.8273507269950642, "p90": 4.110915493998618, "p95": 5.533890048749527, "p99": 9.549408331498853, "max": 10.471980311005609}, "TPOT": {"unit": "ms", "min": 35.78680582916664, "p50": 68.42178462563, "p90": 96.45574944976883, "p95": 102.50528205526382, "p99": 114.3411699572768, "max": 130.87175910555771}, "Input Tokens per Minute": {"unit": "tokens/min", "min": 1291875.4108718357, "p50": 1291875.4108718357, "p90": 1291875.4108718357, "p95": 1291875.4108718357, "p99": 1291875.4108718357, "max": 1291875.4108718357}, "Output Tokens per Minute": {"unit": "tokens/min", "min": 64897.364957038575, "p50": 64897.364957038575, "p90": 64897.364957038575, "p95": 64897.364957038575, "p99": 64897.364957038575, "max": 64897.364957038575}}
{"target_qps": 5.0, "actual_qps": 4.989258161520505, "success_rate": 100.0, "input_tokens": 3833, "output_tokens": 199, "model": "QwQ-32B", "input_tokens_per_minute": 1150064.5833333335, "output_tokens_per_minute": 59823.958333333336, "slo_seconds": 5.0, "slo_attainment": 0.0, "ttft_slo_ms": 1000, "ttft_slo_attainment": 38.54166666666667, "tpot_slo_ms": 50, "tpot_slo_attainment": 11.458333333333332, "Latency": {"unit": "s", "min": 6.043412156999693, "p50": 14.435859784000058, "p90": 18.521243669500837, "p95": 22.556476215649667, "p99": 31.94073699154789, "max": 32.74898054799996}, "Throughput": {"unit": "tokens/s", "min": 5.8173530309744965, "p50": 13.854415391363098, "p90": 18.348392570877657, "p95": 19.92331450293471, "p99": 22.588388244104674, "max": 24.44693457279486}, "TTFT": {"unit": "s", "min": 0.14579465900169453, "p50": 1.276450080498762, "p90": 3.072412164995331, "p95": 4.1397071052975605, "p99": 4.806570414936796, "max": 6.693484802999592}, "TPOT": {"unit": "ms", "min": 35.86409506533528, "p50": 65.09556927387769, "p90": 84.29351281357144, "p95": 97.66084439372247, "p99": 145.00501224828986, "max": 147.91277320602885}, "Input Tokens per Minute": {"unit": "tokens/min", "min": 1150064.5833333335, "p50": 1150064.5833333335, "p90": 1150064.5833333335, "p95": 1150064.5833333335, "p99": 1150064.5833333335, "max": 1150064.5833333335}, "Output Tokens per Minute": {"unit": "tokens/min", "min": 59823.958333333336, "p50": 59823.958333333336, "p90": 59823.958333333336, "p95": 59823.958333333336, "p99": 59823.958333333336, "max": 59823.958333333336}}
{"target_qps": 5.0, "actual_qps": 4.999797822508936, "success_rate": 100.0, "input_tokens": 3730, "output_tokens": 200, "model": "QwQ-32B", "input_tokens_per_minute": 1165183.3682284404, "output_tokens_per_minute": 62465.51218223672, "slo_seconds": 5.0, "slo_attainment": 0.0, "ttft_slo_ms": 1000, "ttft_slo_attainment": 42.81150159744409, "tpot_slo_ms": 50, "tpot_slo_attainment": 13.418530351437699, "Latency": {"unit": "s", "min": 8.276045004997286, "p50": 13.70026538100501, "p90": 18.65553999520198, "p95": 19.660526957198453, "p99": 20.558693224120944, "max": 22.10001376600121}, "Throughput": {"unit": "tokens/s", "min": 9.049768118591906, "p50": 14.59825736494811, "p90": 18.515538258949995, "p95": 19.913540217082375, "p99": 23.189493759350842, "max": 24.1661324798542}, "TTFT": {"unit": "s", "min": 0.07996448400081135, "p50": 1.2031135229990468, "p90": 2.4623938184013245, "p95": 3.0032600153979714, "p99": 4.669478748516703, "max": 5.52892345500004}, "TPOT": {"unit": "ms", "min": 35.219303879428516, "p50": 63.26600935174259, "p90": 83.07183267538882, "p95": 92.75903303014411, "p99": 100.74239889406086, "max": 105.4400818944697}, "Input Tokens per Minute": {"unit": "tokens/min", "min": 1165183.3682284404, "p50": 1165183.3682284404, "p90": 1165183.3682284404, "p95": 1165183.3682284404, "p99": 1165183.3682284404, "max": 1165183.3682284404}, "Output Tokens per Minute": {"unit": "tokens/min", "min": 62465.51218223672, "p50": 62465.51218223672, "p90": 62465.51218223672, "p95": 62465.51218223672, "p99": 62465.51218223672, "max": 62465.51218223672}}
{"target_qps": 5.0, "actual_qps": 4.999908104689033, "success_rate": 100.0, "input_tokens": 3841, "output_tokens": 199, "model": "QwQ-32B", "input_tokens_per_minute": 1152334.2560553632, "output_tokens_per_minute": 59834.94809688581, "slo_seconds": 5.0, "slo_attainment": 0.0, "ttft_slo_ms": 1000, "ttft_slo_attainment": 73.35640138408304, "tpot_slo_ms": 50, "tpot_slo_attainment": 14.186851211072666, "Latency": {"unit": "s", "min": 7.4462790959951235, "p50": 13.390030579001177, "p90": 18.919957533800332, "p95": 22.253727231200898, "p99": 29.302233415718657, "max": 29.827026825005305}, "Throughput": {"unit": "tokens/s", "min": 6.610040316491477, "p50": 14.884759602324307, "p90": 20.317501313637912, "p95": 21.890654307901414, "p99": 24.6748245352241, "max": 26.859052343010777}, "TTFT": {"unit": "s", "min": 0.05951966300199274, "p50": 0.6202029470005073, "p90": 1.5978832487948238, "p95": 2.1216353533978674, "p99": 3.028353944999401, "max": 4.083337611002207}, "TPOT": {"unit": "ms", "min": 36.34593129646789, "p50": 64.81462598494728, "p90": 90.99512212663618, "p95": 105.91714223314435, "p99": 138.90827738956946, "max": 143.5240676935005}, "Input Tokens per Minute": {"unit": "tokens/min", "min": 1152334.2560553632, "p50": 1152334.2560553632, "p90": 1152334.2560553632, "p95": 1152334.2560553632, "p99": 1152334.2560553632, "max": 1152334.2560553632}, "Output Tokens per Minute": {"unit": "tokens/min", "min": 59834.94809688581, "p50": 59834.94809688581, "p90": 59834.94809688581, "p95": 59834.94809688581, "p99": 59834.94809688581, "max": 59834.94809688581}}
{"target_qps": 5.0, "actual_qps": 4.999905526785406, "success_rate": 100.0, "input_tokens": 3805, "output_tokens": 199, "model": "QwQ-32B",