{"target_qps": 3.0, "actual_qps": 2.9996046133671546, "success_rate": 100.0, "input_tokens": 3689, "output_tokens": 197, "model": "QwQ-32B", "input_tokens_per_minute": 664138.2481751825, "output_tokens_per_minute": 35575.620437956204, "slo_seconds": 5.0, "slo_attainment": 0.7299270072992701, "ttft_slo_ms": 1000, "ttft_slo_attainment": 51.82481751824818, "tpot_slo_ms": 50, "tpot_slo_attainment": 21.16788321167883, "Latency": {"unit": "s", "min": 3.9170283150015166, "p50": 13.004404169994814, "p90": 17.958700902001873, "p95": 19.471018897404406, "p99": 25.145271756322177, "max": 25.738647956997738}, "Throughput": {"unit": "tokens/s", "min": 7.770415926048076, "p50": 15.31634405929717, "p90": 20.46959522834436, "p95": 24.015084258807065, "p99": 28.450353940765805, "max": 29.88795988795927}, "TTFT": {"unit": "s", "min": 0.16321775199321564, "p50": 0.9746222480025608, "p90": 2.663778905599612, "p95": 3.7376997572035178, "p99": 4.690869865001004, "max": 6.095907648006687}, "TPOT": {"unit": "ms", "min": 27.934226130018942, "p50": 59.3381311156013, "p90": 83.4174574994767, "p95": 92.02098804624012, "p99": 123.15332753388688, "max": 125.44405311054285}, "Input Tokens per Minute": {"unit": "tokens/min", "min": 664138.2481751825, "p50": 664138.2481751825, "p90": 664138.2481751825, "p95": 664138.2481751825, "p99": 664138.2481751825, "max": 664138.2481751825}, "Output Tokens per Minute": {"unit": "tokens/min", "min": 35575.620437956204, "p50": 35575.620437956204, "p90": 35575.620437956204, "p95": 35575.620437956204, "p99": 35575.620437956204, "max": 35575.620437956204}}
{"target_qps": 3.0, "actual_qps": 2.999803447478219, "success_rate": 100.0, "input_tokens": 3655, "output_tokens": 198, "model": "QwQ-32B", "input_tokens_per_minute": 665236.3132612961, "output_tokens_per_minute": 36212.22676077274, "slo_seconds": 5.0, "slo_attainment": 0.5494505494505495, "ttft_slo_ms": 1000, "ttft_slo_attainment": 51.098901098901095, "tpot_slo_ms": 50, "tpot_slo_attainment": 9.340659340659341, "Latency": {"unit": "s", "min": 4.018494112002372, "p50": 14.530361797500518, "p90": 21.258745851399002, "p95": 22.80986911874715, "p99": 25.892540261660685, "max": 26.739177463001397}, "Throughput": {"unit": "tokens/s", "min": 7.479661641676788, "p50": 13.735526867018063, "p90": 17.903564104732297, "p95": 19.475249113934346, "p99": 21.69261227584425, "max": 22.897042127999903}, "TTFT": {"unit": "s", "min": 0.1265863860026002, "p50": 0.9772209984985238, "p90": 2.7470172619032382, "p95": 3.3811158866017617, "p99": 4.587479762489674, "max": 6.546764641003392}, "TPOT": {"unit": "ms", "min": 39.776665442222466, "p50": 67.77827310553272, "p90": 94.50312897586893, "p95": 103.93071454873734, "p99": 127.21330789485657, "max": 132.9726673366944}, "Input Tokens per Minute": {"unit": "tokens/min", "min": 665236.3132612961, "p50": 665236.3132612961, "p90": 665236.3132612961, "p95": 665236.3132612961, "p99": 665236.3132612961, "max": 665236.3132612961}, "Output Tokens per Minute": {"unit": "tokens/min", "min": 36212.22676077274, "p50": 36212.22676077274, "p90": 36212.22676077274, "p95": 36212.22676077274, "p99": 36212.22676077274, "max": 36212.22676077274}}
{"target_qps": 3.0, "actual_qps": 2.998735954727972, "success_rate": 100.0, "input_tokens": 3678, "output_tokens": 197, "model": "QwQ-32B", "input_tokens_per_minute": 662059.4318181819, "output_tokens_per_minute": 35605.22727272727, "slo_seconds": 5.0, "slo_attainment": 1.1363636363636365, "ttft_slo_ms": 1000, "ttft_slo_attainment": 52.27272727272727, "tpot_slo_ms": 50, "tpot_slo_attainment": 9.659090909090908, "Latency": {"unit": "s", "min": 2.675979188999918, "p50": 13.965529014498316, "p90": 18.460693257002276, "p95": 22.237185334246533, "p99": 31.624265544498485, "max": 31.89794991099916}, "Throughput": {"unit": "tokens/s", "min": 5.677581828538936, "p50": 14.205249007456391, "p90": 18.344353070765347, "p95": 19.61921847143377, "p99": 20.87088887960888, "max": 23.67407906243272}, "TTFT": {"unit": "s", "min": 0.15960886800166918, "p50": 0.9727616964955814, "p90": 2.823696346000361, "p95": 3.3394482932508254, "p99": 5.322288913501325, "max": 5.583425025004544}, "TPOT": {"unit": "ms", "min": 39.91973942715935, "p50": 63.43126497740376, "p90": 83.31591342452393, "p95": 105.23095954019696, "p99": 145.16430245225936, "max": 149.30599809044517}, "Input Tokens per Minute": {"unit": "tokens/min", "min": 662059.4318181819, "p50": 662059.4318181819, "p90": 662059.4318181819, "p95": 662059.4318181819, "p99": 662059.4318181819, "max": 662059.4318181819}, "Output Tokens per Minute": {"unit": "tokens/min", "min": 35605.22727272727, "p50": 35605.22727272727, "p90": 35605.22727272727, "p95": 35605.22727272727, "p99": 35605.22727272727, "max": 35605.22727272727}}
{"target_qps": 3.0, "actual_qps": 2.999936499844147, "success_rate": 100.0, "input_tokens": 3604, "output_tokens": 199, "model": "QwQ-32B", "input_tokens_per_minute": 666619.0027360282, "output_tokens_per_minute": 36841.47036113629, "slo_seconds": 5.0, "slo_attainment": 0.5405405405405406, "ttft_slo_ms": 1000, "ttft_slo_attainment": 69.72972972972973, "tpot_slo_ms": 50, "tpot_slo_attainment": 11.351351351351353, "Latency": {"unit": "s", "min": 3.547086742000829, "p50": 13.403522823005915, "p90": 17.805257364596763, "p95": 19.102572539597162, "p99": 21.64177625815937, "max": 21.945876338002563}, "Throughput": {"unit": "tokens/s", "min": 9.11332939818266, "p50": 14.921450326232025, "p90": 18.18191755447449, "p95": 19.77476958822725, "p99": 21.261346285043295, "max": 23.254973215898083}, "TTFT": {"unit": "s", "min": 0.059114686999237165, "p50": 0.713536766001198, "p90": 1.604354900601902, "p95": 2.205516186806196, "p99": 2.9635746717167777, "max": 3.974071445001755}, "TPOT": {"unit": "ms", "min": 41.088130427161744, "p50": 62.824517336708254, "p90": 85.60588730653589, "p95": 90.33380770050637, "p99": 106.08052439598048, "max": 108.56036098493175}, "Input Tokens per Minute": {"unit": "tokens/min", "min": 666619.0027360282, "p50": 666619.0027360282, "p90": 666619.0027360282, "p95": 666619.0027360282, "p99": 666619.0027360282, "max": 666619.0027360282}, "Output Tokens per Minute": {"unit": "tokens/min", "min": 36841.47036113629, "p50": 36841.47036113629, "p90": 36841.47036113629, "p95": 36841.47036113629, "p99": 36841.47036113629, "max": 36841.47036113629}}
{"target_qps": 3.0, "actual_qps": 2.9999704195418375, "success_rate": 100.0, "input_tokens": 3666, "output_tokens": 198, "model": "QwQ-32B", "input_tokens_per_minute": 659939.3181818182, "output_tokens_per_minute": 35797.5, "slo_seconds": 5.0, "slo_attainment": 0.5681818181818182, "ttft_slo_ms": 1000, "ttft_slo_attainment": 63.63636363636363, "tpot_slo_ms": 50, "tpot_slo_attainment": 12.5, "Latency": {"unit": "s", "min": 2.2885158650024096, "p50": 14.06040212049993, "p90": 22.183785053501197, "p95": 27.175879945501947, "p99": 29.519545058999938, "max": 29.77764538700285}, "Throughput": {"unit": "tokens/s", "min": 6.716447771498236, "p50": 14.172073191260623, "p90": 19.155174535536496, "p95": 20.343769905343684, "p99": 22.602056149757573, "max": 24.117441434234163}, "TTFT": {"unit": "s", "min": 0.05872713999997359, "p50": 0.6775415459997021, "p90": 2.053012917498563, "p95": 2.731879118748111, "p99": 3.3599730455043755, "max": 4.005904695004574}, "TPOT": {"unit": "ms", "min": 40.408954472352995, "p50": 67.24368868343839, "p90": 102.42524915074272, "p95": 130.74394188819196, "p99": 139.53933014572294, "max": 143.51471975880403}, "Input Tokens per Minute": {"unit": "tokens/min", "min": 659939.3181818182, "p50": 659939.3181818182, "p90": 659939.3181818182, "p95": 659939.3181818182, "p99": 659939.3181818182, "max": 659939.3181818182}, "Output Tokens per Minute": {"unit": "tokens/min", "min": 35797.5, "p50": 35797.5, "p90": 35797.5, "p95": 35797.5, "p99": 35797.5, "max": 35797.5}}
{"target_qps": 3.0, "actual_qps": 2.9998915143732923, "success_rate": 100.0, "input_tokens": 3747, "output_tokens": 199, "model": "QwQ-32B",