{"actual_qps": 5.276190987284527, "success_rate": 100.0, "input_tokens": 3844, "output_tokens": 199, "model": "QwQ-32B", "input_tokens_per_minute": 1113952.4446730232, "output_tokens_per_minute": 57864.10233603502, "slo_seconds": 5.0, "slo_attainment": 1.36986301369863, "ttft_slo_ms": 1000, "ttft_slo_attainment": 10.273972602739725, "tpot_slo_ms": 50, "tpot_slo_attainment": 92.8082191780822, "Latency": {"unit": "s", "min": 4.340914780997991, "p50": 10.638177930999518, "p90": 13.988354424100544, "p95": 14.49915708005028, "p99": 18.016056899440393, "max": 24.830609943001036}, "Throughput": {"unit": "tokens/s", "min": 8.054574593983087, "p50": 18.800325414598753, "p90": 32.30661458477661, "p95": 35.291670971059, "p99": 39.67599701532404, "max": 46.07323803625081}, "TTFT": {"unit": "s", "min": 0.19040576600309578, "p50": 3.327248741501535, "p90": 6.095067805998773, "p95": 7.310398450251157, "p99": 9.115788843671444, "max": 13.59140827200099}, "TPOT": {"unit": "ms", "min": 20.24963750752144, "p50": 35.46026821356861, "p90": 49.09100203115135, "p95": 50.96307178592728, "p99": 54.13104576063951, "max": 57.5812655167692}, "Input Tokens per Minute": {"unit": "tokens/min", "min": 1113952.4446730232, "p50": 1113952.4446730232, "p90": 1113952.4446730232, "p95": 1113952.4446730232, "p99": 1113952.4446730232, "max": 1113952.4446730232}, "Output Tokens per Minute": {"unit": "tokens/min", "min": 57864.10233603502, "p50": 57864.10233603502, "p90": 57864.10233603502, "p95": 57864.10233603502, "p99": 57864.10233603502, "max": 57864.10233603502}}
{"actual_qps": 5.131019428765265, "success_rate": 100.0, "input_tokens": 4006, "output_tokens": 199, "model": "QwQ-32B", "input_tokens_per_minute": 1178152.223027109, "output_tokens_per_minute": 58560.505063864475, "slo_seconds": 5.0, "slo_attainment": 8.361204013377927, "ttft_slo_ms": 1000, "ttft_slo_attainment": 87.29096989966555, "tpot_slo_ms": 50, "tpot_slo_attainment": 100.0, "Latency": {"unit": "s", "min": 1.140942158002872, "p50": 5.951811318998807, "p90": 6.879329303002305, "p95": 7.229712148598988, "p99": 8.112973700098369, "max": 8.59112505899975}, "Throughput": {"unit": "tokens/s", "min": 14.89996655900343, "p50": 33.4706951192198, "p90": 39.568913795856794, "p95": 41.05215884302526, "p99": 43.81577995891176, "max": 45.40571368367099}, "TTFT": {"unit": "s", "min": 0.17022478499711724, "p50": 0.6678923580002447, "p90": 1.016777605399693, "p95": 1.2552985160997179, "p99": 1.7236328218993726, "max": 2.2814654569992854}, "TPOT": {"unit": "ms", "min": 19.450824281408295, "p50": 26.28962980903891, "p90": 30.385075171874288, "p95": 31.41769353166075, "p99": 33.42033689698156, "max": 34.381034402012936}, "Input Tokens per Minute": {"unit": "tokens/min", "min": 1178152.223027109, "p50": 1178152.223027109, "p90": 1178152.223027109, "p95": 1178152.223027109, "p99": 1178152.223027109, "max": 1178152.223027109}, "Output Tokens per Minute": {"unit": "tokens/min", "min": 58560.505063864475, "p50": 58560.505063864475, "p90": 58560.505063864475, "p95": 58560.505063864475, "p99": 58560.505063864475, "max": 58560.505063864475}}
{"actual_qps": 5.0474897151988944, "success_rate": 100.0, "input_tokens": 4005, "output_tokens": 198, "model": "QwQ-32B", "input_tokens_per_minute": 1150389.6375198257, "output_tokens_per_minute": 57080.21415518236, "slo_seconds": 5.0, "slo_attainment": 9.931506849315069, "ttft_slo_ms": 1000, "ttft_slo_attainment": 68.4931506849315, "tpot_slo_ms": 50, "tpot_slo_attainment": 100.0, "Latency": {"unit": "s", "min": 2.907970167001622, "p50": 6.119679835499483, "p90": 8.093055862997792, "p95": 8.702514196299306, "p99": 10.129445415002515, "max": 11.135383992001152}, "Throughput": {"unit": "tokens/s", "min": 17.960763647096986, "p50": 32.48698911309415, "p90": 39.687958667856265, "p95": 41.291655588651984, "p99": 44.0764944952226, "max": 46.70347261949337}, "TTFT": {"unit": "s", "min": 0.15685733899954357, "p50": 0.740223053498994, "p90": 1.8443740220984193, "p95": 2.109703785000602, "p99": 3.044164544060984, "max": 3.5863371480008936}, "TPOT": {"unit": "ms", "min": 18.585196899509892, "p50": 26.6404597009957, "p90": 32.832819342201304, "p95": 35.35352891732744, "p99": 38.09265915507563, "max": 42.33635650252928}, "Input Tokens per Minute": {"unit": "tokens/min", "min": 1150389.6375198257, "p50": 1150389.6375198257, "p90": 1150389.6375198257, "p95": 1150389.6375198257, "p99": 1150389.6375198257, "max": 1150389.6375198257}, "Output Tokens per Minute": {"unit": "tokens/min", "min": 57080.21415518236, "p50": 57080.21415518236, "p90": 57080.21415518236, "p95": 57080.21415518236, "p99": 57080.21415518236, "max": 57080.21415518236}}
{"actual_qps": 5.136148705891783, "success_rate": 100.0, "input_tokens": 4109, "output_tokens": 199, "model": "QwQ-32B", "input_tokens_per_minute": 1357995.2736569976, "output_tokens_per_minute": 66059.33422518839, "slo_seconds": 5.0, "slo_attainment": 14.583333333333334, "ttft_slo_ms": 1000, "ttft_slo_attainment": 91.07142857142857, "tpot_slo_ms": 50, "tpot_slo_attainment": 100.0, "Latency": {"unit": "s", "min": 3.9830195680006, "p50": 5.75487408150002, "p90": 7.036896549498124, "p95": 7.453799720750794, "p99": 8.04889229390028, "max": 8.34245379099957}, "Throughput": {"unit": "tokens/s", "min": 23.973761798450013, "p50": 34.67088958469135, "p90": 40.53606673076445, "p95": 41.986112777483264, "p99": 44.6005835108283, "max": 50.213160288438196}, "TTFT": {"unit": "s", "min": 0.0651895670016529, "p50": 0.47202325299986114, "p90": 0.9551660684992385, "p95": 1.2546752520011069, "p99": 2.462304930299251, "max": 2.5934537409993936}, "TPOT": {"unit": "ms", "min": 19.366681793962467, "p50": 26.808583695983266, "p90": 31.16884019849082, "p95": 32.38573276885016, "p99": 36.24180673315968, "max": 37.24483294471286}, "Input Tokens per Minute": {"unit": "tokens/min", "min": 1357995.2736569976, "p50": 1357995.2736569976, "p90": 1357995.2736569976, "p95": 1357995.2736569976, "p99": 1357995.2736569976, "max": 1357995.2736569976}, "Output Tokens per Minute": {"unit": "tokens/min", "min": 66059.33422518839, "p50": 66059.33422518839, "p90": 66059.33422518839, "p95": 66059.33422518839, "p99": 66059.33422518839, "max": 66059.33422518839}}
{"actual_qps": 5.065610247287076, "success_rate": 100.0, "input_tokens": 3963, "output_tokens": 199, "model": "QwQ-32B", "input_tokens_per_minute": 1224089.436714212, "output_tokens_per_minute": 61675.50925509124, "slo_seconds": 5.0, "slo_attainment": 21.019108280254777, "ttft_slo_ms": 1000, "ttft_slo_attainment": 100.0, "tpot_slo_ms": 50, "tpot_slo_attainment": 100.0, "Latency": {"unit": "s", "min": 3.8749703070025134, "p50": 5.605242884499603, "p90": 6.554973320398494, "p95": 6.702613436099273, "p99": 7.472427179579901, "max": 7.6253352309977345}, "Throughput": {"unit": "tokens/s", "min": 26.2283550744078, "p50": 35.65114903397309, "p90": 41.23550418790104, "p95": 42.90184754540287, "p99": 47.07604048911909, "max": 51.613298723496584}, "TTFT": {"unit": "s", "min": 0.07172528099908959, "p50": 0.4061446315008652, "p90": 0.5107885135992547, "p95": 0.5203824375985278, "p99": 0.5983247482888328, "max": 0.6502201650000643}, "TPOT": {"unit": "ms", "min": 19.032206914584204, "p50": 26.35693443467725, "p90": 30.826161098493184, "p95": 32.03945480678185, "p99": 34.88339038865295, "max": 35.95099408040145}, "Input Tokens per Minute": {"unit": "tokens/min", "min": 1224089.436714212, "p50": 1224089.436714212, "p90": 1224089.436714212, "p95": 1224089.436714212, "p99": 1224089.436714212, "max": 1224089.436714212}, "Output Tokens per Minute": {"unit": "tokens/min", "min": 61675.50925509124, "p50": 61675.50925509124, "p90": 61675.50925509124, "p95": 61675.50925509124, "p99": 61675.50925509124, "max": 61675.50925509124}}
