{"actual_qps": 2.2447571670305524, "success_rate": 100.0, "input_tokens": 4120, "output_tokens": 198, "model": "QwQ-32B", "input_tokens_per_minute": 469286.6225599706, "output_tokens_per_minute": 22661.813935217702, "slo_seconds": 5.0, "slo_attainment": 7.82608695652174, "ttft_slo_ms": 1000, "ttft_slo_attainment": 82.6086956521739, "tpot_slo_ms": 50, "tpot_slo_attainment": 100.0, "Latency": {"unit": "s", "min": 2.953215410998382, "p50": 6.188501971999358, "p90": 9.265207516800002, "p95": 9.651065134300733, "p99": 10.442247531521062, "max": 12.888514411002689}, "Throughput": {"unit": "tokens/s", "min": 15.51769223528692, "p50": 31.96243114364175, "p90": 38.224610536926505, "p95": 40.27529816002137, "p99": 44.21339289886421, "max": 47.41625503615177}, "TTFT": {"unit": "s", "min": 0.09777867299999343, "p50": 0.593646978999459, "p90": 1.4404059120017345, "p95": 2.181318593999822, "p99": 2.9126251710419453, "max": 3.7097992100025294}, "TPOT": {"unit": "ms", "min": 19.906044743723914, "p50": 27.645054572864712, "p90": 40.10568977587059, "p95": 46.18647097789167, "p99": 48.65430760241912, "max": 49.562885281416335}, "Input Tokens per Minute": {"unit": "tokens/min", "min": 469286.6225599706, "p50": 469286.6225599706, "p90": 469286.6225599706, "p95": 469286.6225599706, "p99": 469286.6225599706, "max": 469286.6225599706}, "Output Tokens per Minute": {"unit": "tokens/min", "min": 22661.813935217702, "p50": 22661.813935217702, "p90": 22661.813935217702, "p95": 22661.813935217702, "p99": 22661.813935217702, "max": 22661.813935217702}}
{"actual_qps": 1.8694234604070181, "success_rate": 100.0, "input_tokens": 3977, "output_tokens": 200, "model": "QwQ-32B", "input_tokens_per_minute": 493055.51814692887, "output_tokens_per_minute": 24794.458527503604, "slo_seconds": 5.0, "slo_attainment": 15.079365079365079, "ttft_slo_ms": 1000, "ttft_slo_attainment": 96.82539682539682, "tpot_slo_ms": 50, "tpot_slo_attainment": 100.0, "Latency": {"unit": "s", "min": 4.2818009670008905, "p50": 5.805309157500233, "p90": 6.645618623499104, "p95": 6.923888729000282, "p99": 6.9783937657502975, "max": 7.027117289999296}, "Throughput": {"unit": "tokens/s", "min": 28.46117287449176, "p50": 34.45129107994457, "p90": 42.29113096135883, "p95": 44.660166839711366, "p99": 45.998884709563754, "max": 46.70931730394894}, "TTFT": {"unit": "s", "min": 0.09696678900218103, "p50": 0.5257553185001598, "p90": 0.7829873190021317, "p95": 0.8676404259995252, "p99": 1.0795993795027243, "max": 1.2904626829986228}, "TPOT": {"unit": "ms", "min": 18.35144357285951, "p50": 26.610492248739007, "p90": 30.185908092968003, "p95": 31.233887051511278, "p99": 32.6635355603086, "max": 33.02377506532769}, "Input Tokens per Minute": {"unit": "tokens/min", "min": 493055.51814692887, "p50": 493055.51814692887, "p90": 493055.51814692887, "p95": 493055.51814692887, "p99": 493055.51814692887, "max": 493055.51814692887}, "Output Tokens per Minute": {"unit": "tokens/min", "min": 24794.458527503604, "p50": 24794.458527503604, "p90": 24794.458527503604, "p95": 24794.458527503604, "p99": 24794.458527503604, "max": 24794.458527503604}}
{"actual_qps": 1.7881916854088307, "success_rate": 100.0, "input_tokens": 4132, "output_tokens": 199, "model": "QwQ-32B", "input_tokens_per_minute": 443185.2036657762, "output_tokens_per_minute": 21351.767639101417, "slo_seconds": 5.0, "slo_attainment": 22.018348623853214, "ttft_slo_ms": 1000, "ttft_slo_attainment": 99.08256880733946, "tpot_slo_ms": 50, "tpot_slo_attainment": 100.0, "Latency": {"unit": "s", "min": 2.266528674001165, "p50": 5.677763988001971, "p90": 6.863723343400489, "p95": 7.033413413400558, "p99": 8.156243643240451, "max": 8.389352346999658}, "Throughput": {"unit": "tokens/s", "min": 23.8397425364459, "p50": 35.22513447593669, "p90": 42.777197510775245, "p95": 44.59114371941316, "p99": 47.65161653411624, "max": 49.877159240314754}, "TTFT": {"unit": "s", "min": 0.06869156900211237, "p50": 0.47108531199774006, "p90": 0.630087693400128, "p95": 0.7346345787991593, "p99": 0.9785880408796948, "max": 1.0372265830010292}, "TPOT": {"unit": "ms", "min": 19.009425402013466, "p50": 26.10164507537985, "p90": 31.68703835878691, "p95": 32.93741581708207, "p99": 38.356610250862, "max": 39.666676708549325}, "Input Tokens per Minute": {"unit": "tokens/min", "min": 443185.2036657762, "p50": 443185.2036657762, "p90": 443185.2036657762, "p95": 443185.2036657762, "p99": 443185.2036657762, "max": 443185.2036657762}, "Output Tokens per Minute": {"unit": "tokens/min", "min": 21351.767639101417, "p50": 21351.767639101417, "p90": 21351.767639101417, "p95": 21351.767639101417, "p99": 21351.767639101417, "max": 21351.767639101417}}
{"actual_qps": 1.9016227696558647, "success_rate": 100.0, "input_tokens": 4197, "output_tokens": 198, "model": "QwQ-32B", "input_tokens_per_minute": 503692.6589785919, "output_tokens_per_minute": 23846.349531484542, "slo_seconds": 5.0, "slo_attainment": 21.311475409836063, "ttft_slo_ms": 1000, "ttft_slo_attainment": 100.0, "tpot_slo_ms": 50, "tpot_slo_attainment": 100.0, "Latency": {"unit": "s", "min": 2.4320798439985083, "p50": 5.5645199214995955, "p90": 6.544618768900182, "p95": 6.75389163754844, "p99": 7.173674625180062, "max": 7.460572896998201}, "Throughput": {"unit": "tokens/s", "min": 26.807592762811957, "p50": 35.94212538101645, "p90": 42.38133567350334, "p95": 43.79423635812042, "p99": 45.68060656935159, "max": 46.20426782282628}, "TTFT": {"unit": "s", "min": 0.06998305500019342, "p50": 0.46399670599930687, "p90": 0.547679244700339, "p95": 0.6371133556496714, "p99": 0.8044754769202331, "max": 0.8342250079986115}, "TPOT": {"unit": "ms", "min": 20.456550296490494, "p50": 25.880810464824854, "p90": 30.470545467333114, "p95": 31.538903881406053, "p99": 32.33558647814021, "max": 33.29823059798789}, "Input Tokens per Minute": {"unit": "tokens/min", "min": 503692.6589785919, "p50": 503692.6589785919, "p90": 503692.6589785919, "p95": 503692.6589785919, "p99": 503692.6589785919, "max": 503692.6589785919}, "Output Tokens per Minute": {"unit": "tokens/min", "min": 23846.349531484542, "p50": 23846.349531484542, "p90": 23846.349531484542, "p95": 23846.349531484542, "p99": 23846.349531484542, "max": 23846.349531484542}}
{"actual_qps": 2.1147959809936783, "success_rate": 100.0, "input_tokens": 3993, "output_tokens": 200, "model": "QwQ-32B", "input_tokens_per_minute": 487098.3773853863, "output_tokens_per_minute": 24393.230010757987, "slo_seconds": 5.0, "slo_attainment": 24.193548387096776, "ttft_slo_ms": 1000, "ttft_slo_attainment": 100.0, "tpot_slo_ms": 50, "tpot_slo_attainment": 100.0, "Latency": {"unit": "s", "min": 3.6069640169989725, "p50": 5.664822245998948, "p90": 6.582556060500428, "p95": 6.629137444099797, "p99": 6.83383264437034, "max": 6.861238388999482}, "Throughput": {"unit": "tokens/s", "min": 29.149256833964102, "p50": 35.30572965687733, "p90": 44.97056621240986, "p95": 50.00430215319243, "p99": 52.686407774159555, "max": 55.44829365012681}, "TTFT": {"unit": "s", "min": 0.06549149499915075, "p50": 0.4530238780007494, "p90": 0.5836067253021611, "p95": 0.7253848776486846, "p99": 0.8826207463301033, "max": 0.9211622859984345}, "TPOT": {"unit": "ms", "min": 17.371266854277007, "p50": 26.61791663820111, "p90": 30.220740074871706, "p95": 31.138003834419933, "p99": 32.175396557083225, "max": 32.653855145729004}, "Input Tokens per Minute": {"unit": "tokens/min", "min": 487098.3773853863, "p50": 487098.3773853863, "p90": 487098.3773853863, "p95": 487098.3773853863, "p99": 487098.3773853863, "max": 487098.3773853863}, "Output Tokens per Minute": {"unit": "tokens/min", "min": 24393.230010757987, "p50": 24393.230010757987, "p90": 24393.230010757987, "p95": 24393.230010757987, "p99": 24393.230010757987, "max": 24393.230010757987}}
