{"actual_qps": 5.362976122130663, "success_rate": 100.0, "input_tokens": 3915, "output_tokens": 199, "model": "QwQ-32B", "input_tokens_per_minute": 855199.6741663087, "output_tokens_per_minute": 43582.469228136746, "slo_seconds": 5.0, "slo_attainment": 0.0, "ttft_slo_ms": 1000, "ttft_slo_attainment": 4.464285714285714, "tpot_slo_ms": 50, "tpot_slo_attainment": 15.625, "Latency": {"unit": "s", "min": 7.505064822995337, "p50": 15.56849033949402, "p90": 24.964312971693296, "p95": 26.92800705585396, "p99": 29.155576199887147, "max": 30.455626654002117}, "Throughput": {"unit": "tokens/s", "min": 3.6807439632696504, "p50": 12.84693411813166, "p90": 18.514696994162968, "p95": 19.83430978629914, "p99": 23.748614261223015, "max": 26.648670560073626}, "TTFT": {"unit": "s", "min": 0.40576014399994165, "p50": 3.380961273491266, "p90": 6.356010314894958, "p95": 6.768912770894531, "p99": 11.54422331564478, "max": 12.067961239998112}, "TPOT": {"unit": "ms", "min": 17.16691818092388, "p50": 62.012744005041164, "p90": 99.95778358791372, "p95": 103.21506402509677, "p99": 107.48217146372015, "max": 156.39672366317092}, "Input Tokens per Minute": {"unit": "tokens/min", "min": 855199.6741663087, "p50": 855199.6741663087, "p90": 855199.6741663087, "p95": 855199.6741663087, "p99": 855199.6741663087, "max": 855199.6741663087}, "Output Tokens per Minute": {"unit": "tokens/min", "min": 43582.469228136746, "p50": 43582.469228136746, "p90": 43582.469228136746, "p95": 43582.469228136746, "p99": 43582.469228136746, "max": 43582.469228136746}}
{"actual_qps": 5.1798485905394624, "success_rate": 100.0, "input_tokens": 3948, "output_tokens": 199, "model": "QwQ-32B", "input_tokens_per_minute": 1320693.3254418708, "output_tokens_per_minute": 66588.66170550963, "slo_seconds": 5.0, "slo_attainment": 0.2915451895043732, "ttft_slo_ms": 1000, "ttft_slo_attainment": 5.247813411078718, "tpot_slo_ms": 50, "tpot_slo_attainment": 15.743440233236154, "Latency": {"unit": "s", "min": 3.6250925890053622, "p50": 19.560582545003854, "p90": 26.72752475499292, "p95": 28.434957090509112, "p99": 30.26025775055343, "max": 30.278074387999368}, "Throughput": {"unit": "tokens/s", "min": 4.541832642947907, "p50": 10.223976111496453, "p90": 17.058185727669553, "p95": 19.454692053975716, "p99": 22.622125545774963, "max": 24.70084843220279}, "TTFT": {"unit": "s", "min": 0.4171629999909783, "p50": 3.3412326730031054, "p90": 7.842752697793187, "p95": 11.11548278709524, "p99": 13.960979357246247, "max": 14.725420939998003}, "TPOT": {"unit": "ms", "min": 28.916162919635116, "p50": 77.09319363314549, "p90": 103.2137475256842, "p95": 106.68667001958617, "p99": 116.33671868454147, "max": 154.10747908506582}, "Input Tokens per Minute": {"unit": "tokens/min", "min": 1320693.3254418708, "p50": 1320693.3254418708, "p90": 1320693.3254418708, "p95": 1320693.3254418708, "p99": 1320693.3254418708, "max": 1320693.3254418708}, "Output Tokens per Minute": {"unit": "tokens/min", "min": 66588.66170550963, "p50": 66588.66170550963, "p90": 66588.66170550963, "p95": 66588.66170550963, "p99": 66588.66170550963, "max": 66588.66170550963}}
{"actual_qps": 5.065746933666951, "success_rate": 100.0, "input_tokens": 3951, "output_tokens": 199, "model": "QwQ-32B", "input_tokens_per_minute": 1098099.5886898506, "output_tokens_per_minute": 55322.5115027646, "slo_seconds": 5.0, "slo_attainment": 0.3508771929824561, "ttft_slo_ms": 1000, "ttft_slo_attainment": 15.087719298245613, "tpot_slo_ms": 50, "tpot_slo_attainment": 30.526315789473685, "Latency": {"unit": "s", "min": 4.4170914979913505, "p50": 15.202586628991412, "p90": 22.49370934700128, "p95": 24.863605953592923, "p99": 28.176167998121237, "max": 36.177914763000445}, "Throughput": {"unit": "tokens/s", "min": 5.5282345958905905, "p50": 13.116960636054225, "p90": 21.96886121149076, "p95": 25.91368893255381, "p99": 30.645066091425132, "max": 35.97464381556208}, "TTFT": {"unit": "s", "min": 0.2328466059989296, "p50": 2.9041849890054436, "p90": 6.633947599196108, "p95": 8.793554447396309, "p99": 11.027291822475963, "max": 13.714472445004503}, "TPOT": {"unit": "ms", "min": 25.26569465327664, "p50": 60.314196859320845, "p90": 88.67648862509685, "p95": 92.09197019200523, "p99": 110.68131403237642, "max": 127.3639771557763}, "Input Tokens per Minute": {"unit": "tokens/min", "min": 1098099.5886898506, "p50": 1098099.5886898506, "p90": 1098099.5886898506, "p95": 1098099.5886898506, "p99": 1098099.5886898506, "max": 1098099.5886898506}, "Output Tokens per Minute": {"unit": "tokens/min", "min": 55322.5115027646, "p50": 55322.5115027646, "p90": 55322.5115027646, "p95": 55322.5115027646, "p99": 55322.5115027646, "max": 55322.5115027646}}
{"actual_qps": 5.081889473618423, "success_rate": 100.0, "input_tokens": 4062, "output_tokens": 199, "model": "QwQ-32B", "input_tokens_per_minute": 1339003.5010093926, "output_tokens_per_minute": 65914.87688725648, "slo_seconds": 5.0, "slo_attainment": 0.0, "ttft_slo_ms": 1000, "ttft_slo_attainment": 57.100591715976336, "tpot_slo_ms": 50, "tpot_slo_attainment": 9.467455621301776, "Latency": {"unit": "s", "min": 8.5711208099965, "p50": 15.959924100003263, "p90": 26.156685820702116, "p95": 28.87030616325428, "p99": 32.06657453535401, "max": 32.21997712099983}, "Throughput": {"unit": "tokens/s", "min": 6.207329050821925, "p50": 12.53138793022559, "p90": 18.303208100853354, "p95": 20.549485131911826, "p99": 22.59658302385393, "max": 23.334171158425388}, "TTFT": {"unit": "s", "min": 0.10302044899435714, "p50": 0.823341529496247, "p90": 3.1851665308029626, "p95": 4.415308201549487, "p99": 6.630306747772117, "max": 7.447727146995021}, "TPOT": {"unit": "ms", "min": 41.69145132161691, "p50": 76.34604455025377, "p90": 114.18750133319617, "p95": 127.06063600880358, "p99": 137.34022292075534, "max": 140.58544606028298}, "Input Tokens per Minute": {"unit": "tokens/min", "min": 1339003.5010093926, "p50": 1339003.5010093926, "p90": 1339003.5010093926, "p95": 1339003.5010093926, "p99": 1339003.5010093926, "max": 1339003.5010093926}, "Output Tokens per Minute": {"unit": "tokens/min", "min": 65914.87688725648, "p50": 65914.87688725648, "p90": 65914.87688725648, "p95": 65914.87688725648, "p99": 65914.87688725648, "max": 65914.87688725648}}
{"actual_qps": 5.114867901152969, "success_rate": 100.0, "input_tokens": 4044, "output_tokens": 199, "model": "QwQ-32B", "input_tokens_per_minute": 1230491.9674139037, "output_tokens_per_minute": 60606.50561291479, "slo_seconds": 5.0, "slo_attainment": 0.3205128205128205, "ttft_slo_ms": 1000, "ttft_slo_attainment": 98.3974358974359, "tpot_slo_ms": 50, "tpot_slo_attainment": 17.307692307692307, "Latency": {"unit": "s", "min": 4.725146538999979, "p50": 12.621586885004945, "p90": 15.754585290601245, "p95": 18.297032433045388, "p99": 19.73452808987, "max": 20.006449217995396}, "Throughput": {"unit": "tokens/s", "min": 9.99677643047743, "p50": 15.829056491356024, "p90": 20.532977613406693, "p95": 22.661983828029218, "p99": 25.507213346856947, "max": 32.2896414783321}, "TTFT": {"unit": "s", "min": 0.1010446449945448, "p50": 0.5389472000024398, "p90": 0.7493430166985491, "p95": 0.8512223477067891, "p99": 1.0587112654362858, "max": 1.5871936559997266}, "TPOT": {"unit": "ms", "min": 28.363484251251485, "p50": 60.547889623112084, "p90": 76.37841705926525, "p95": 91.13090138214547, "p99": 95.7607887547999, "max": 97.31140007538693}, "Input Tokens per Minute": {"unit": "tokens/min", "min": 1230491.9674139037, "p50": 1230491.9674139037, "p90": 1230491.9674139037, "p95": 1230491.9674139037, "p99": 1230491.9674139037, "max": 1230491.9674139037}, "Output Tokens per Minute": {"unit": "tokens/min", "min": 60606.50561291479, "p50": 60606.50561291479, "p90": 60606.50561291479, "p95": 60606.50561291479, "p99": 60606.50561291479, "max": 60606.50561291479}}
{"actual_qps": 5.3442494426883815, "success_rate": 100.0, "input_tokens": 3973, "output_tokens": 198, "model": "QwQ-32B", "input_tokens_per_minute": 1259300.900055422, "output_tokens_per_minute": 62962.31476038165,