{"actual_qps": 5.390946790898546, "success_rate": 100.0, "input_tokens": 4037, "output_tokens": 200, "model": "QwQ-32B", "input_tokens_per_minute": 702270.8027718784, "output_tokens_per_minute": 34790.412429635966, "slo_seconds": 5.0, "slo_attainment": 0.0, "ttft_slo_ms": 1000, "ttft_slo_attainment": 1.0810810810810811, "tpot_slo_ms": 50, "tpot_slo_attainment": 25.945945945945947, "Latency": {"unit": "s", "min": 7.06158269700245, "p50": 19.522838763004984, "p90": 26.750763423397437, "p95": 29.32844265720049, "p99": 30.867134101960104, "max": 32.497637653999845}, "Throughput": {"unit": "tokens/s", "min": 6.15429349448063, "p50": 10.244411810591407, "p90": 22.070321829598807, "p95": 23.522522302614554, "p99": 25.2404605189006, "max": 28.322262668522935}, "TTFT": {"unit": "s", "min": 0.6685448500065831, "p50": 3.295932537992485, "p90": 6.813195065606851, "p95": 8.134692342201015, "p99": 11.165078637356048, "max": 13.345437710013357}, "TPOT": {"unit": "ms", "min": 22.241793804051444, "p50": 81.08839741703264, "p90": 110.96566981206304, "p95": 115.8157909014929, "p99": 119.85020729846522, "max": 120.431165502526}, "Input Tokens per Minute": {"unit": "tokens/min", "min": 702270.8027718784, "p50": 702270.8027718784, "p90": 702270.8027718784, "p95": 702270.8027718784, "p99": 702270.8027718784, "max": 702270.8027718784}, "Output Tokens per Minute": {"unit": "tokens/min", "min": 34790.412429635966, "p50": 34790.412429635966, "p90": 34790.412429635966, "p95": 34790.412429635966, "p99": 34790.412429635966, "max": 34790.412429635966}}
{"actual_qps": 4.79676972827664, "success_rate": 100.0, "input_tokens": 3972, "output_tokens": 198, "model": "QwQ-32B", "input_tokens_per_minute": 1296271.961499896, "output_tokens_per_minute": 64901.04424677739, "slo_seconds": 5.0, "slo_attainment": 0.0, "ttft_slo_ms": 1000, "ttft_slo_attainment": 0.5763688760806917, "tpot_slo_ms": 50, "tpot_slo_attainment": 6.051873198847262, "Latency": {"unit": "s", "min": 8.58294568999554, "p50": 21.713881324001704, "p90": 29.139285800402288, "p95": 32.04410279560106, "p99": 33.599428224164875, "max": 34.17743840700132}, "Throughput": {"unit": "tokens/s", "min": 1.9914312326658596, "p50": 9.209468119362832, "p90": 14.601129200051126, "p95": 15.899464337436788, "p99": 20.173662891174413, "max": 23.302023247464348}, "TTFT": {"unit": "s", "min": 0.29499583099095616, "p50": 6.603577011002926, "p90": 14.749870755002487, "p95": 15.267249881799216, "p99": 16.772763818352832, "max": 17.38075135499821}, "TPOT": {"unit": "ms", "min": 21.06984167840348, "p50": 74.90540191957648, "p90": 93.84761413264769, "p95": 96.89204931253599, "p99": 100.80739728261392, "max": 198.7651435096577}, "Input Tokens per Minute": {"unit": "tokens/min", "min": 1296271.961499896, "p50": 1296271.961499896, "p90": 1296271.961499896, "p95": 1296271.961499896, "p99": 1296271.961499896, "max": 1296271.961499896}, "Output Tokens per Minute": {"unit": "tokens/min", "min": 64901.04424677739, "p50": 64901.04424677739, "p90": 64901.04424677739, "p95": 64901.04424677739, "p99": 64901.04424677739, "max": 64901.04424677739}}
{"actual_qps": 4.9348926265893205, "success_rate": 100.0, "input_tokens": 4009, "output_tokens": 199, "model": "QwQ-32B", "input_tokens_per_minute": 953887.289121427, "output_tokens_per_minute": 47535.927037303954, "slo_seconds": 5.0, "slo_attainment": 0.0, "ttft_slo_ms": 1000, "ttft_slo_attainment": 3.9525691699604746, "tpot_slo_ms": 50, "tpot_slo_attainment": 18.972332015810274, "Latency": {"unit": "s", "min": 7.560236774996156, "p50": 17.175336440996034, "p90": 23.383600004404435, "p95": 24.212788680792436, "p99": 30.95478742652513, "max": 33.776244602995575}, "Throughput": {"unit": "tokens/s", "min": 5.921321400611311, "p50": 11.644604499427295, "p90": 17.847540397865526, "p95": 20.718925952169087, "p99": 25.739085017602623, "max": 26.454197924257695}, "TTFT": {"unit": "s", "min": 0.5136920520017156, "p50": 3.963261828001123, "p90": 8.353966454800684, "p95": 10.590800326602755, "p99": 12.233708881034392, "max": 14.254255002990249}, "TPOT": {"unit": "ms", "min": 19.274460909588043, "p50": 63.82652804518443, "p90": 80.8881791547934, "p95": 86.53756932056527, "p99": 123.08578025668989, "max": 132.2766113115168}, "Input Tokens per Minute": {"unit": "tokens/min", "min": 953887.289121427, "p50": 953887.289121427, "p90": 953887.289121427, "p95": 953887.289121427, "p99": 953887.289121427, "max": 953887.289121427}, "Output Tokens per Minute": {"unit": "tokens/min", "min": 47535.927037303954, "p50": 47535.927037303954, "p90": 47535.927037303954, "p95": 47535.927037303954, "p99": 47535.927037303954, "max": 47535.927037303954}}
{"actual_qps": 4.6558264725233185, "success_rate": 100.0, "input_tokens": 4022, "output_tokens": 199, "model": "QwQ-32B", "input_tokens_per_minute": 1486591.502274094, "output_tokens_per_minute": 73803.62870309612, "slo_seconds": 5.0, "slo_attainment": 0.2544529262086514, "ttft_slo_ms": 1000, "ttft_slo_attainment": 58.524173027989825, "tpot_slo_ms": 50, "tpot_slo_attainment": 15.521628498727736, "Latency": {"unit": "s", "min": 4.923209818996838, "p50": 14.831251633004285, "p90": 28.905466346599866, "p95": 32.3986091269966, "p99": 37.52543946627643, "max": 38.683272555994336}, "Throughput": {"unit": "tokens/s", "min": 5.170193388123987, "p50": 13.485038548933789, "p90": 20.445242557124278, "p95": 22.525820764813936, "p99": 25.086514354130603, "max": 29.467927429432038}, "TTFT": {"unit": "s", "min": 0.11118177999742329, "p50": 0.8442560569965281, "p90": 6.051317539002048, "p95": 7.6221350224077415, "p99": 14.594806522153666, "max": 15.370413953991374}, "TPOT": {"unit": "ms", "min": 32.070426085432075, "p50": 71.08753208546601, "p90": 110.71285993666928, "p95": 120.12934686632734, "p99": 137.64927482857814, "max": 143.67162770853173}, "Input Tokens per Minute": {"unit": "tokens/min", "min": 1486591.502274094, "p50": 1486591.502274094, "p90": 1486591.502274094, "p95": 1486591.502274094, "p99": 1486591.502274094, "max": 1486591.502274094}, "Output Tokens per Minute": {"unit": "tokens/min", "min": 73803.62870309612, "p50": 73803.62870309612, "p90": 73803.62870309612, "p95": 73803.62870309612, "p99": 73803.62870309612, "max": 73803.62870309612}}
{"actual_qps": 5.516592981258659, "success_rate": 100.0, "input_tokens": 3897, "output_tokens": 199, "model": "QwQ-32B", "input_tokens_per_minute": 1114217.4943812788, "output_tokens_per_minute": 57039.35131909668, "slo_seconds": 5.0, "slo_attainment": 0.3289473684210526, "ttft_slo_ms": 1000, "ttft_slo_attainment": 91.44736842105263, "tpot_slo_ms": 50, "tpot_slo_attainment": 8.881578947368421, "Latency": {"unit": "s", "min": 3.170155831001466, "p50": 13.536628240006394, "p90": 16.77674560400046, "p95": 17.622431247997152, "p99": 19.84769565849419, "max": 20.104794533996028}, "Throughput": {"unit": "tokens/s", "min": 9.947875849306081, "p50": 14.774730240394646, "p90": 18.874705914278472, "p95": 20.439443470442562, "p99": 24.303901108779428, "max": 25.55455426154232}, "TTFT": {"unit": "s", "min": 0.08763341201120056, "p50": 0.5917336845013779, "p90": 0.9754977787044481, "p95": 1.1146810081445429, "p99": 1.2526175558101387, "max": 1.3392759080015821}, "TPOT": {"unit": "ms", "min": 38.09516209544176, "p50": 63.87812161053842, "p90": 80.77344351257115, "p95": 85.99646593416334, "p99": 94.87692641662653, "max": 98.22518522106755}, "Input Tokens per Minute": {"unit": "tokens/min", "min": 1114217.4943812788, "p50": 1114217.4943812788, "p90": 1114217.4943812788, "p95": 1114217.4943812788, "p99": 1114217.4943812788, "max": 1114217.4943812788}, "Output Tokens per Minute": {"unit": "tokens/min", "min": 57039.35131909668, "p50": 57039.35131909668, "p90": 57039.35131909668, "p95": 57039.35131909668, "p99": 57039.35131909668, "max": 57039.35131909668}}
{"actual_qps": 4.655839705665093, "success_rate": 100.0, "input_tokens": 3917, "output_tokens": 200, "model": "QwQ-32B", "input_tokens_per_minute": 1175000.106021521, "output_tokens_per_minute": 59989.95440569661, "slo_seconds": 5.0,