{"target_qps": 5.0, "actual_qps": 4.999906107226792, "success_rate": 100.0, "input_tokens": 3902, "output_tokens": 198, "model": "QwQ-32B", "input_tokens_per_minute": 1170761.214953271, "output_tokens_per_minute": 59485.51401869159, "slo_seconds": 5.0, "slo_attainment": 0.0, "ttft_slo_ms": 1000, "ttft_slo_attainment": 3.2710280373831773, "tpot_slo_ms": 50, "tpot_slo_attainment": 79.90654205607477, "Latency": {"unit": "s", "min": 5.571933986997465, "p50": 11.486416889500106, "p90": 18.82783135650025, "p95": 21.117038450950346, "p99": 27.551708474791315, "max": 29.2864423899955}, "Throughput": {"unit": "tokens/s", "min": 6.0712094287932254, "p50": 17.22824915183014, "p90": 27.260954014158553, "p95": 30.05142126050714, "p99": 34.3524132174953, "max": 35.89417973484886}, "TTFT": {"unit": "s", "min": 0.5332349160016747, "p50": 4.226277165500505, "p90": 9.379161958497573, "p95": 11.028528270901004, "p99": 15.085976899413874, "max": 19.26832546499645}, "TPOT": {"unit": "ms", "min": 12.89880210553482, "p50": 32.38975786681938, "p90": 66.91986528845638, "p95": 70.17431559721975, "p99": 77.32063069255636, "max": 79.19733271359034}, "Input Tokens per Minute": {"unit": "tokens/min", "min": 1170761.214953271, "p50": 1170761.214953271, "p90": 1170761.214953271, "p95": 1170761.214953271, "p99": 1170761.214953271, "max": 1170761.214953271}, "Output Tokens per Minute": {"unit": "tokens/min", "min": 59485.51401869159, "p50": 59485.51401869159, "p90": 59485.51401869159, "p95": 59485.51401869159, "p99": 59485.51401869159, "max": 59485.51401869159}}
{"target_qps": 5.0, "actual_qps": 4.992588334714795, "success_rate": 100.0, "input_tokens": 3960, "output_tokens": 198, "model": "QwQ-32B", "input_tokens_per_minute": 1292113.497227498, "output_tokens_per_minute": 64859.159940388934, "slo_seconds": 5.0, "slo_attainment": 0.0, "ttft_slo_ms": 1000, "ttft_slo_attainment": 0.30303030303030304, "tpot_slo_ms": 50, "tpot_slo_attainment": 61.81818181818181, "Latency": {"unit": "s", "min": 7.824041022002348, "p50": 18.62379714800045, "p90": 29.18475689319967, "p95": 31.49170175534964, "p99": 34.59334081066363, "max": 38.00850661399454}, "Throughput": {"unit": "tokens/s", "min": 3.435047952716441, "p50": 10.667430518609198, "p90": 16.509087046885504, "p95": 18.43718191186781, "p99": 20.764524188698292, "max": 25.562238162807525}, "TTFT": {"unit": "s", "min": 0.8639569279985153, "p50": 9.183067197998753, "p90": 19.631577323197416, "p95": 21.859024931903697, "p99": 25.84259576082169, "max": 27.52164331599488}, "TPOT": {"unit": "ms", "min": 14.634786673365792, "p50": 43.91937322612081, "p90": 65.95976366279045, "p95": 76.64083846103867, "p99": 81.89306524581876, "max": 87.22128454776716}, "Input Tokens per Minute": {"unit": "tokens/min", "min": 1292113.497227498, "p50": 1292113.497227498, "p90": 1292113.497227498, "p95": 1292113.497227498, "p99": 1292113.497227498, "max": 1292113.497227498}, "Output Tokens per Minute": {"unit": "tokens/min", "min": 64859.159940388934, "p50": 64859.159940388934, "p90": 64859.159940388934, "p95": 64859.159940388934, "p99": 64859.159940388934, "max": 64859.159940388934}}
{"target_qps": 5.0, "actual_qps": 4.999247596489298, "success_rate": 100.0, "input_tokens": 3980, "output_tokens": 198, "model": "QwQ-32B", "input_tokens_per_minute": 1194146.0, "output_tokens_per_minute": 59535.0, "slo_seconds": 5.0, "slo_attainment": 0.33333333333333337, "ttft_slo_ms": 1000, "ttft_slo_attainment": 2.3333333333333335, "tpot_slo_ms": 50, "tpot_slo_attainment": 85.66666666666667, "Latency": {"unit": "s", "min": 3.5040181380027207, "p50": 13.284145256995544, "p90": 22.32516631760082, "p95": 24.66770111135047, "p99": 27.657494149987247, "max": 29.112981849997595}, "Throughput": {"unit": "tokens/s", "min": 5.583866264107538, "p50": 15.01507515181465, "p90": 22.67447124179656, "p95": 23.743981379625723, "p99": 28.564746484630852, "max": 37.76178111192155}, "TTFT": {"unit": "s", "min": 0.44010825399891473, "p50": 5.936256279997906, "p90": 13.182682453499005, "p95": 15.560450227898038, "p99": 18.64199311081363, "max": 20.542464611004107}, "TPOT": {"unit": "ms", "min": 15.325510402001797, "p50": 36.88126104522904, "p90": 53.575400243736766, "p95": 61.252531018096796, "p99": 82.14493281451998, "max": 85.07853681910443}, "Input Tokens per Minute": {"unit": "tokens/min", "min": 1194146.0, "p50": 1194146.0, "p90": 1194146.0, "p95": 1194146.0, "p99": 1194146.0, "max": 1194146.0}, "Output Tokens per Minute": {"unit": "tokens/min", "min": 59535.0, "p50": 59535.0, "p90": 59535.0, "p95": 59535.0, "p99": 59535.0, "max": 59535.0}}
{"target_qps": 5.0, "actual_qps": 4.999814076247082, "success_rate": 100.0, "input_tokens": 4026, "output_tokens": 200, "model": "QwQ-32B", "input_tokens_per_minute": 1277772.4108149488, "output_tokens_per_minute": 63470.132888849475, "slo_seconds": 5.0, "slo_attainment": 0.0, "ttft_slo_ms": 1000, "ttft_slo_attainment": 16.822429906542055, "tpot_slo_ms": 50, "tpot_slo_attainment": 39.25233644859813, "Latency": {"unit": "s", "min": 5.964910280999902, "p50": 17.11276051599998, "p90": 27.550629505996767, "p95": 30.80110020000575, "p99": 35.7392456843998, "max": 39.20927541299898}, "Throughput": {"unit": "tokens/s", "min": 5.100833868857836, "p50": 11.687185116218116, "p90": 24.373806831320014, "p95": 28.273901917841684, "p99": 30.173834649535433, "max": 33.52942300524826}, "TTFT": {"unit": "s", "min": 0.1584320449983352, "p50": 4.921962357002485, "p90": 13.562429698002234, "p95": 16.644456087000435, "p99": 20.738183409803607, "max": 26.60992404499848}, "TPOT": {"unit": "ms", "min": 28.77562852262229, "p50": 54.651795678415766, "p90": 82.10712513567127, "p95": 87.88539702010584, "p99": 114.87161517286577, "max": 129.92038989950606}, "Input Tokens per Minute": {"unit": "tokens/min", "min": 1277772.4108149488, "p50": 1277772.4108149488, "p90": 1277772.4108149488, "p95": 1277772.4108149488, "p99": 1277772.4108149488, "max": 1277772.4108149488}, "Output Tokens per Minute": {"unit": "tokens/min", "min": 63470.132888849475, "p50": 63470.132888849475, "p90": 63470.132888849475, "p95": 63470.132888849475, "p99": 63470.132888849475, "max": 63470.132888849475}}
{"target_qps": 5.0, "actual_qps": 4.999909444556847, "success_rate": 100.0, "input_tokens": 4012, "output_tokens": 199, "model": "QwQ-32B", "input_tokens_per_minute": 1203866.77852349, "output_tokens_per_minute": 59916.44295302014, "slo_seconds": 5.0, "slo_attainment": 0.33557046979865773, "ttft_slo_ms": 1000, "ttft_slo_attainment": 75.83892617449665, "tpot_slo_ms": 50, "tpot_slo_attainment": 100.0, "Latency": {"unit": "s", "min": 4.120783587000915, "p50": 7.4537610085026245, "p90": 8.968899528602924, "p95": 9.461035449699555, "p99": 10.569604461673947, "max": 11.508397646000958}, "Throughput": {"unit": "tokens/s", "min": 17.378613961040685, "p50": 26.832104454823526, "p90": 30.578751559751655, "p95": 32.01865777527604, "p99": 33.995208616313455, "max": 37.61179923968623}, "TTFT": {"unit": "s", "min": 0.04615205400477862, "p50": 0.663932980500249, "p90": 1.2706685478020519, "p95": 1.5480262201454, "p99": 2.1223503063924665, "max": 2.854320097998425}, "TPOT": {"unit": "ms", "min": 26.29469929144679, "p50": 33.946670761317144, "p90": 39.86757043669388, "p95": 42.39511075101652, "p99": 47.01970758526287, "max": 49.70632181909455}, "Input Tokens per Minute": {"unit": "tokens/min", "min": 1203866.77852349, "p50": 1203866.77852349, "p90": 1203866.77852349, "p95": 1203866.77852349, "p99": 1203866.77852349, "max": 1203866.77852349}, "Output Tokens per Minute": {"unit": "tokens/min", "min": 59916.44295302014, "p50": 59916.44295302014, "p90": 59916.44295302014, "p95": 59916.44295302014, "p99": 59916.44295302014, "max": 59916.44295302014}}
{"target_qps": 5.0, "actual_qps": 4.999916399230893, "success_rate": 100.0, "input_tokens": 4002, "output_tokens": 199, "model": "QwQ-32B", "input_tokens_per_minute": 1200717.391304348, "output_tokens_per_minute": 59838.46153846154, "slo_seconds": 5.0, "slo_attainment": 0.33444816053511706,