{"target_qps": 5.0, "actual_qps": 4.991809098332706, "success_rate": 100.0, "input_tokens": 3845, "output_tokens": 199, "model": "QwQ-32B", "input_tokens_per_minute": 1153565.1428571427, "output_tokens_per_minute": 59792.57142857143, "slo_seconds": 5.0, "slo_attainment": 0.0, "ttft_slo_ms": 1000, "ttft_slo_attainment": 0.0, "tpot_slo_ms": 50, "tpot_slo_attainment": 25.142857142857146, "Latency": {"unit": "s", "min": 12.956331272995158, "p50": 18.42432500600262, "p90": 26.934735311201074, "p95": 28.652665048600465, "p99": 30.63461669464057, "max": 30.642610861999856}, "Throughput": {"unit": "tokens/s", "min": 6.321273557366774, "p50": 10.854056099081028, "p90": 13.002296626377294, "p95": 14.035017091144079, "p99": 14.878577431333278, "max": 15.436468533099289}, "TTFT": {"unit": "s", "min": 1.8705050829958054, "p50": 6.845323752000695, "p90": 16.095473453200245, "p95": 17.097671247500692, "p99": 19.258826441517723, "max": 21.25452006100386}, "TPOT": {"unit": "ms", "min": 13.720938793939876, "p50": 59.540048381906, "p90": 72.78529664723264, "p95": 74.13002416281564, "p99": 77.21425823377821, "max": 85.10956356124608}, "Input Tokens per Minute": {"unit": "tokens/min", "min": 1153565.1428571427, "p50": 1153565.1428571427, "p90": 1153565.1428571427, "p95": 1153565.1428571427, "p99": 1153565.1428571427, "max": 1153565.1428571427}, "Output Tokens per Minute": {"unit": "tokens/min", "min": 59792.57142857143, "p50": 59792.57142857143, "p90": 59792.57142857143, "p95": 59792.57142857143, "p99": 59792.57142857143, "max": 59792.57142857143}}
{"target_qps": 5.0, "actual_qps": 4.986292931391637, "success_rate": 89.45147679324894, "input_tokens": 3909, "output_tokens": 198, "model": "QwQ-32B", "input_tokens_per_minute": 1172946.2264150945, "output_tokens_per_minute": 59455.188679245286, "slo_seconds": 5.0, "slo_attainment": 0.0, "ttft_slo_ms": 1000, "ttft_slo_attainment": 0.42194092827004215, "tpot_slo_ms": 50, "tpot_slo_attainment": 5.9071729957805905, "Latency": {"unit": "s", "min": 12.357818376003706, "p50": 26.389587492001738, "p90": 35.78128691790043, "p95": 38.26745649244985, "p99": 43.48737128509147, "max": 44.53529199799959}, "Throughput": {"unit": "tokens/s", "min": 2.2141997569706464, "p50": 7.545844214134128, "p90": 10.71612493164028, "p95": 11.168171138859904, "p99": 11.968741810084849, "max": 16.184086374692}, "TTFT": {"unit": "s", "min": 0.41696152400254505, "p50": 12.588049553494784, "p90": 22.204551285298656, "p95": 23.66637742740095, "p99": 30.885342565220704, "max": 37.29997222300153}, "TPOT": {"unit": "ms", "min": 20.109314462306017, "p50": 69.91644580652539, "p90": 85.25745859548061, "p95": 89.17377051783382, "p99": 120.90987955832087, "max": 175.7460578647206}, "Input Tokens per Minute": {"unit": "tokens/min", "min": 1172946.2264150945, "p50": 1172946.2264150945, "p90": 1172946.2264150945, "p95": 1172946.2264150945, "p99": 1172946.2264150945, "max": 1172946.2264150945}, "Output Tokens per Minute": {"unit": "tokens/min", "min": 59455.188679245286, "p50": 59455.188679245286, "p90": 59455.188679245286, "p95": 59455.188679245286, "p99": 59455.188679245286, "max": 59455.188679245286}, "exceptions": {"Request timed out.": 25}}
{"target_qps": 5.0, "actual_qps": 4.994838201839015, "success_rate": 77.07182320441989, "input_tokens": 3605, "output_tokens": 199, "model": "QwQ-32B", "input_tokens_per_minute": 1081530.1075268816, "output_tokens_per_minute": 59984.94623655914, "slo_seconds": 5.0, "slo_attainment": 0.0, "ttft_slo_ms": 1000, "ttft_slo_attainment": 0.8287292817679558, "tpot_slo_ms": 50, "tpot_slo_attainment": 11.049723756906078, "Latency": {"unit": "s", "min": 8.123211910002283, "p50": 25.089149744002498, "p90": 51.39212190239923, "p95": 56.305239333004266, "p99": 68.39376306282165, "max": 72.45324376499775}, "Throughput": {"unit": "tokens/s", "min": 2.760400909705305, "p50": 7.971547641269089, "p90": 15.036472191511228, "p95": 16.21381777532036, "p99": 20.20208798536974, "max": 24.62080297988235}, "TTFT": {"unit": "s", "min": 0.7533769910005503, "p50": 11.897568633001356, "p90": 35.81834962000139, "p95": 41.07350129300102, "p99": 51.02512760501929, "max": 56.9651956250018}, "TPOT": {"unit": "ms", "min": 25.35617698993693, "p50": 67.34034998993795, "p90": 88.57257529849255, "p95": 110.56042047286296, "p99": 116.57525979266526, "max": 120.30380894974763}, "Input Tokens per Minute": {"unit": "tokens/min", "min": 1081530.1075268816, "p50": 1081530.1075268816, "p90": 1081530.1075268816, "p95": 1081530.1075268816, "p99": 1081530.1075268816, "max": 1081530.1075268816}, "Output Tokens per Minute": {"unit": "tokens/min", "min": 59984.94623655914, "p50": 59984.94623655914, "p90": 59984.94623655914, "p95": 59984.94623655914, "p99": 59984.94623655914, "max": 59984.94623655914}, "exceptions": {"Request timed out.": 82, "Internal Server Error": 1}}
{"target_qps": 5.0, "actual_qps": 4.999977125105094, "success_rate": 100.0, "input_tokens": 3792, "output_tokens": 199, "model": "QwQ-32B", "input_tokens_per_minute": 1465935.9301061833, "output_tokens_per_minute": 77197.31227876425, "slo_seconds": 5.0, "slo_attainment": 0.0, "ttft_slo_ms": 1000, "ttft_slo_attainment": 40.78624078624078, "tpot_slo_ms": 50, "tpot_slo_attainment": 59.95085995085995, "Latency": {"unit": "s", "min": 5.871492940997996, "p50": 10.357998116996896, "p90": 45.20527640559885, "p95": 58.493961910504005, "p99": 74.36953170760388, "max": 83.36942400399857}, "Throughput": {"unit": "tokens/s", "min": 2.3989610386465854, "p50": 19.146033292847484, "p90": 28.333956761143813, "p95": 29.881166130904617, "p99": 32.46785048415612, "max": 34.062886902833505}, "TTFT": {"unit": "s", "min": 0.04923816000518855, "p50": 1.3283500489997095, "p90": 24.879101301197082, "p95": 36.13195078690187, "p99": 55.35247587406381, "max": 65.81080247600039}, "TPOT": {"unit": "ms", "min": 27.005257974862854, "p50": 45.57432725125556, "p90": 98.33227401908168, "p95": 103.95105774070872, "p99": 122.18504421557806, "max": 124.10329820602271}, "Input Tokens per Minute": {"unit": "tokens/min", "min": 1465935.9301061833, "p50": 1465935.9301061833, "p90": 1465935.9301061833, "p95": 1465935.9301061833, "p99": 1465935.9301061833, "max": 1465935.9301061833}, "Output Tokens per Minute": {"unit": "tokens/min", "min": 77197.31227876425, "p50": 77197.31227876425, "p90": 77197.31227876425, "p95": 77197.31227876425, "p99": 77197.31227876425, "max": 77197.31227876425}}
{"target_qps": 5.0, "actual_qps": 4.999946420656934, "success_rate": 100.0, "input_tokens": 3750, "output_tokens": 199, "model": "QwQ-32B", "input_tokens_per_minute": 1125138.53820598, "output_tokens_per_minute": 59911.295681063115, "slo_seconds": 5.0, "slo_attainment": 0.33222591362126247, "ttft_slo_ms": 1000, "ttft_slo_attainment": 76.41196013289037, "tpot_slo_ms": 50, "tpot_slo_attainment": 100.0, "Latency": {"unit": "s", "min": 4.7928933939983835, "p50": 7.439482447000046, "p90": 8.947147631006374, "p95": 9.517852753000625, "p99": 10.078828871999576, "max": 10.620968905001064}, "Throughput": {"unit": "tokens/s", "min": 18.830673716201787, "p50": 26.813769059449, "p90": 31.19654500773152, "p95": 32.08805132764139, "p99": 34.59056978699958, "max": 37.565265631891755}, "TTFT": {"unit": "s", "min": 0.04785522499878425, "p50": 0.6147877409966895, "p90": 1.3256373269978212, "p95": 1.5084634009981528, "p99": 2.080157717995462, "max": 2.6007789479990606}, "TPOT": {"unit": "ms", "min": 25.999308723620555, "p50": 33.909367271359706, "p90": 40.42707547239331, "p95": 42.480144834202356, "p99": 44.61338536681645, "max": 47.96816320101503}, "Input Tokens per Minute": {"unit": "tokens/min", "min": 1125138.53820598, "p50": 1125138.53820598, "p90": 1125138.53820598, "p95": 1125138.53820598, "p99": 1125138.53820598, "max": 1125138.53820598}, "Output Tokens per Minute": {"unit": "tokens/min", "min": 59911.295681063115, "p50": 59911.295681063115, "p90": 59911.295681063115, "p95": 59911.295681063115, "p99": 59911.295681063115, "max": 59911.295681063115}}
{"target_qps": 5.0,