{"target_qps": 5.0, "actual_qps": 4.987977719658119, "success_rate": 100.0, "input_tokens": 4154, "output_tokens": 199, "model": "QwQ-32B", "input_tokens_per_minute": 1246252.0958083833, "output_tokens_per_minute": 59992.81437125749, "slo_seconds": 5.0, "slo_attainment": 0.0, "ttft_slo_ms": 1000, "ttft_slo_attainment": 0.0, "tpot_slo_ms": 50, "tpot_slo_attainment": 59.2814371257485, "Latency": {"unit": "s", "min": 7.854445103002945, "p50": 16.097276870001224, "p90": 22.368834845001402, "p95": 28.31132710230085, "p99": 30.660949868377795, "max": 31.956919847005338}, "Throughput": {"unit": "tokens/s", "min": 6.258425435164142, "p50": 12.424461703377833, "p90": 16.48327045305533, "p95": 19.252941134315805, "p99": 22.429812350096384, "max": 25.46328828799569}, "TTFT": {"unit": "s", "min": 1.5643120459935744, "p50": 5.221239630001946, "p90": 15.019590811799572, "p95": 19.978688113302628, "p99": 23.689649068057626, "max": 25.49861105900345}, "TPOT": {"unit": "ms", "min": 21.486772251253697, "p50": 45.963257195987566, "p90": 64.78939216182364, "p95": 68.26513436128299, "p99": 70.94683346773884, "max": 73.06930231659213}, "Input Tokens per Minute": {"unit": "tokens/min", "min": 1246252.0958083833, "p50": 1246252.0958083833, "p90": 1246252.0958083833, "p95": 1246252.0958083833, "p99": 1246252.0958083833, "max": 1246252.0958083833}, "Output Tokens per Minute": {"unit": "tokens/min", "min": 59992.81437125749, "p50": 59992.81437125749, "p90": 59992.81437125749, "p95": 59992.81437125749, "p99": 59992.81437125749, "max": 59992.81437125749}}
{"target_qps": 5.0, "actual_qps": 4.988033829631737, "success_rate": 99.70760233918129, "input_tokens": 3919, "output_tokens": 199, "model": "QwQ-32B", "input_tokens_per_minute": 1328868.8527685804, "output_tokens_per_minute": 67649.90353511338, "slo_seconds": 5.0, "slo_attainment": 0.0, "ttft_slo_ms": 1000, "ttft_slo_attainment": 0.0, "tpot_slo_ms": 50, "tpot_slo_attainment": 27.77777777777778, "Latency": {"unit": "s", "min": 8.910108616000798, "p50": 20.35226221299672, "p90": 35.29689480300294, "p95": 38.81093572499958, "p99": 50.245264000803616, "max": 60.79908885099576}, "Throughput": {"unit": "tokens/s", "min": 3.2895229810129702, "p50": 9.776371481108207, "p90": 14.138328461649385, "p95": 15.099191144317244, "p99": 17.606041015230172, "max": 20.122063117143462}, "TTFT": {"unit": "s", "min": 1.0060551020069397, "p50": 8.616747130996373, "p90": 23.582624741000473, "p95": 28.726848790000076, "p99": 36.745622776403664, "max": 47.5853468399946}, "TPOT": {"unit": "ms", "min": 21.05144083417423, "p50": 57.418274949750824, "p90": 73.50873475880877, "p95": 77.81250959296766, "p99": 83.96881615979827, "max": 87.3984826033973}, "Input Tokens per Minute": {"unit": "tokens/min", "min": 1328868.8527685804, "p50": 1328868.8527685804, "p90": 1328868.8527685804, "p95": 1328868.8527685804, "p99": 1328868.8527685804, "max": 1328868.8527685804}, "Output Tokens per Minute": {"unit": "tokens/min", "min": 67649.90353511338, "p50": 67649.90353511338, "p90": 67649.90353511338, "p95": 67649.90353511338, "p99": 67649.90353511338, "max": 67649.90353511338}, "exceptions": {"Request timed out.": 1}}
{"target_qps": 5.0, "actual_qps": 4.99997243415155, "success_rate": 100.0, "input_tokens": 4051, "output_tokens": 199, "model": "QwQ-32B", "input_tokens_per_minute": 1215468.1208053692, "output_tokens_per_minute": 59867.11409395973, "slo_seconds": 5.0, "slo_attainment": 0.0, "ttft_slo_ms": 1000, "ttft_slo_attainment": 2.684563758389262, "tpot_slo_ms": 50, "tpot_slo_attainment": 48.65771812080537, "Latency": {"unit": "s", "min": 7.245012843995937, "p50": 14.210958994997782, "p90": 20.9479759051952, "p95": 23.717525951596325, "p99": 27.232415481406612, "max": 29.062264248001156}, "Throughput": {"unit": "tokens/s", "min": 6.881776254365851, "p50": 14.012733619546845, "p90": 19.691685817296356, "p95": 21.030427565551552, "p99": 25.20869599254926, "max": 27.6051960578294}, "TTFT": {"unit": "s", "min": 0.4510226189959212, "p50": 4.022743881003407, "p90": 8.158455110599608, "p95": 11.735019215198543, "p99": 14.200356632187104, "max": 16.00866957299877}, "TPOT": {"unit": "ms", "min": 25.38774507539259, "p50": 51.1038714321513, "p90": 74.31563750202561, "p95": 78.79647668793112, "p99": 82.44360249298177, "max": 118.29326397008714}, "Input Tokens per Minute": {"unit": "tokens/min", "min": 1215468.1208053692, "p50": 1215468.1208053692, "p90": 1215468.1208053692, "p95": 1215468.1208053692, "p99": 1215468.1208053692, "max": 1215468.1208053692}, "Output Tokens per Minute": {"unit": "tokens/min", "min": 59867.11409395973, "p50": 59867.11409395973, "p90": 59867.11409395973, "p95": 59867.11409395973, "p99": 59867.11409395973, "max": 59867.11409395973}}
{"target_qps": 5.0, "actual_qps": 4.999951731799536, "success_rate": 100.0, "input_tokens": 3967, "output_tokens": 198, "model": "QwQ-32B", "input_tokens_per_minute": 1384629.140840902, "output_tokens_per_minute": 69398.84429435828, "slo_seconds": 5.0, "slo_attainment": 0.5698005698005698, "ttft_slo_ms": 1000, "ttft_slo_attainment": 37.60683760683761, "tpot_slo_ms": 50, "tpot_slo_attainment": 68.09116809116809, "Latency": {"unit": "s", "min": 2.9951524490024894, "p50": 9.724621113004105, "p90": 18.542474405003304, "p95": 20.981065921499976, "p99": 25.046279892500024, "max": 30.136583772997255}, "Throughput": {"unit": "tokens/s", "min": 6.636452276956568, "p50": 20.33847027387565, "p90": 28.576471028562196, "p95": 29.748835928791067, "p99": 32.02383077844669, "max": 33.79753231166524}, "TTFT": {"unit": "s", "min": 0.053100817000085954, "p50": 1.2608115340044606, "p90": 5.078741038996668, "p95": 8.22024975700333, "p99": 11.322388577998936, "max": 15.108931996001047}, "TPOT": {"unit": "ms", "min": 27.13447066834027, "p50": 43.046716517586276, "p90": 66.21331693972408, "p95": 73.38350676631555, "p99": 82.22049267587224, "max": 83.06290666333192}, "Input Tokens per Minute": {"unit": "tokens/min", "min": 1384629.140840902, "p50": 1384629.140840902, "p90": 1384629.140840902, "p95": 1384629.140840902, "p99": 1384629.140840902, "max": 1384629.140840902}, "Output Tokens per Minute": {"unit": "tokens/min", "min": 69398.84429435828, "p50": 69398.84429435828, "p90": 69398.84429435828, "p95": 69398.84429435828, "p99": 69398.84429435828, "max": 69398.84429435828}}
{"target_qps": 5.0, "actual_qps": 4.9996056092779275, "success_rate": 100.0, "input_tokens": 3936, "output_tokens": 199, "model": "QwQ-32B", "input_tokens_per_minute": 1193881.2500180826, "output_tokens_per_minute": 60501.021182088414, "slo_seconds": 5.0, "slo_attainment": 0.32786885245901637, "ttft_slo_ms": 1000, "ttft_slo_attainment": 70.49180327868852, "tpot_slo_ms": 50, "tpot_slo_attainment": 98.36065573770492, "Latency": {"unit": "s", "min": 2.6414586039973074, "p50": 7.261078935000114, "p90": 8.879625401998057, "p95": 10.136872788995971, "p99": 12.027981655998438, "max": 13.03506703399762}, "Throughput": {"unit": "tokens/s", "min": 15.343227578221637, "p50": 27.540532006854864, "p90": 30.55093259634315, "p95": 31.638253340839878, "p99": 32.981600032020154, "max": 34.08989051793776}, "TTFT": {"unit": "s", "min": 0.05202166399976704, "p50": 0.7577658430018346, "p90": 1.5865093410015105, "p95": 1.7783177219956998, "p99": 2.1841628075164032, "max": 2.980267544997332}, "TPOT": {"unit": "ms", "min": 27.820247738692622, "p50": 32.71406173866784, "p90": 39.15484387436489, "p95": 43.346628809051445, "p99": 51.34926684098826, "max": 58.4916356281464}, "Input Tokens per Minute": {"unit": "tokens/min", "min": 1193881.2500180826, "p50": 1193881.2500180826, "p90": 1193881.2500180826, "p95": 1193881.2500180826, "p99": 1193881.2500180826, "max": 1193881.2500180826}, "Output Tokens per Minute": {"unit": "tokens/min", "min": 60501.021182088414, "p50": 60501.021182088414, "p90": 60501.021182088414, "p95": 60501.021182088414, "p99": 60501.021182088414, "max": 60501.021182088414}}
{"target_qps": 5.0, "actual_qps": 4.999976271279427, "success_rate": 100.0, "input_tokens": 3953,