{"actual_qps": 2.2996420694868105, "success_rate": 100.0, "input_tokens": 3367, "output_tokens": 198, "model": "QwQ-32B", "input_tokens_per_minute": 340983.64662098215, "output_tokens_per_minute": 20098.209919812714, "slo_seconds": 5.0, "slo_attainment": 1.9607843137254901, "ttft_slo_ms": 1000, "ttft_slo_attainment": 1.9607843137254901, "tpot_slo_ms": 50, "tpot_slo_attainment": 62.745098039215684, "Latency": {"unit": "s", "min": 3.576734315996873, "p50": 12.817195430998254, "p90": 21.543658251595488, "p95": 23.835408351647487, "p99": 27.045667588424326, "max": 28.307097001998045}, "Throughput": {"unit": "tokens/s", "min": 7.065365974684125, "p50": 15.597480726520585, "p90": 25.04878279883531, "p95": 28.671014779721677, "p99": 36.565361397246065, "max": 46.21925644553825}, "TTFT": {"unit": "s", "min": 0.4689725290008937, "p50": 4.283908507997694, "p90": 6.6310457976956965, "p95": 6.969249135301288, "p99": 7.467143079359157, "max": 21.05549116399925}, "TPOT": {"unit": "ms", "min": 19.388081386919957, "p50": 38.343714799000864, "p90": 85.66710234122938, "p95": 95.36255555728378, "p99": 102.94027191123105, "max": 103.88356532662992}, "Input Tokens per Minute": {"unit": "tokens/min", "min": 340983.64662098215, "p50": 340983.64662098215, "p90": 340983.64662098215, "p95": 340983.64662098215, "p99": 340983.64662098215, "max": 340983.64662098215}, "Output Tokens per Minute": {"unit": "tokens/min", "min": 20098.209919812714, "p50": 20098.209919812714, "p90": 20098.209919812714, "p95": 20098.209919812714, "p99": 20098.209919812714, "max": 20098.209919812714}}
{"actual_qps": 2.0104127039447595, "success_rate": 100.0, "input_tokens": 3715, "output_tokens": 197, "model": "QwQ-32B", "input_tokens_per_minute": 372539.0373031043, "output_tokens_per_minute": 19819.27491771525, "slo_seconds": 5.0, "slo_attainment": 0.0, "ttft_slo_ms": 1000, "ttft_slo_attainment": 0.0, "tpot_slo_ms": 50, "tpot_slo_attainment": 17.82178217821782, "Latency": {"unit": "s", "min": 9.928909073998511, "p50": 26.598425628995756, "p90": 32.80412841100042, "p95": 34.20624564100581, "p99": 39.90918172900274, "max": 41.81393525900057}, "Throughput": {"unit": "tokens/s", "min": 3.6765246649666876, "p50": 7.4776528376444835, "p90": 14.057210363114867, "p95": 15.368602284621247, "p99": 19.427297913465715, "max": 20.143199873161613}, "TTFT": {"unit": "s", "min": 1.0466542139984085, "p50": 7.822573625002406, "p90": 11.157715266002924, "p95": 12.376647370001592, "p99": 13.396204316006333, "max": 15.868944273002853}, "TPOT": {"unit": "ms", "min": 20.286170618081215, "p50": 94.75913497487852, "p90": 125.2422467688445, "p95": 128.940709070323, "p99": 136.04472528337888, "max": 143.57132857285754}, "Input Tokens per Minute": {"unit": "tokens/min", "min": 372539.0373031043, "p50": 372539.0373031043, "p90": 372539.0373031043, "p95": 372539.0373031043, "p99": 372539.0373031043, "max": 372539.0373031043}, "Output Tokens per Minute": {"unit": "tokens/min", "min": 19819.27491771525, "p50": 19819.27491771525, "p90": 19819.27491771525, "p95": 19819.27491771525, "p99": 19819.27491771525, "max": 19819.27491771525}}
{"actual_qps": 2.02222586227618, "success_rate": 100.0, "input_tokens": 3709, "output_tokens": 197, "model": "QwQ-32B", "input_tokens_per_minute": 450098.94352198305, "output_tokens_per_minute": 23993.95252301035, "slo_seconds": 5.0, "slo_attainment": 0.0, "ttft_slo_ms": 1000, "ttft_slo_attainment": 3.2, "tpot_slo_ms": 50, "tpot_slo_attainment": 27.200000000000003, "Latency": {"unit": "s", "min": 6.478371309996874, "p50": 18.351850182996714, "p90": 25.96762582120282, "p95": 28.017138294801406, "p99": 31.956385133356974, "max": 33.35723609100387}, "Throughput": {"unit": "tokens/s", "min": 3.9274598386014263, "p50": 10.738301275996417, "p90": 19.10060630398865, "p95": 23.13510973679271, "p99": 26.733627954452324, "max": 30.871956920928096}, "TTFT": {"unit": "s", "min": 0.36717088900331873, "p50": 5.405799831998593, "p90": 10.358963240998856, "p95": 11.188320972997461, "p99": 14.059052318837496, "max": 14.578545449003286}, "TPOT": {"unit": "ms", "min": 11.09453161806775, "p50": 62.00009091456986, "p90": 96.19498670855234, "p95": 104.88760236481201, "p99": 118.12488106070148, "max": 125.3668795427221}, "Input Tokens per Minute": {"unit": "tokens/min", "min": 450098.94352198305, "p50": 450098.94352198305, "p90": 450098.94352198305, "p95": 450098.94352198305, "p99": 450098.94352198305, "max": 450098.94352198305}, "Output Tokens per Minute": {"unit": "tokens/min", "min": 23993.95252301035, "p50": 23993.95252301035, "p90": 23993.95252301035, "p95": 23993.95252301035, "p99": 23993.95252301035, "max": 23993.95252301035}}
{"actual_qps": 2.0819880409136795, "success_rate": 100.0, "input_tokens": 3666, "output_tokens": 198, "model": "QwQ-32B", "input_tokens_per_minute": 476860.2716930011, "output_tokens_per_minute": 25818.809141128375, "slo_seconds": 5.0, "slo_attainment": 0.0, "ttft_slo_ms": 1000, "ttft_slo_attainment": 0.7462686567164178, "tpot_slo_ms": 50, "tpot_slo_attainment": 0.7462686567164178, "Latency": {"unit": "s", "min": 9.62226740099868, "p50": 27.079674419001094, "p90": 34.86045049019958, "p95": 35.7021012285506, "p99": 36.64723686672994, "max": 36.96653541900014}, "Throughput": {"unit": "tokens/s", "min": 4.106951136182864, "p50": 7.084362010305785, "p90": 11.572218403331853, "p95": 12.875785129618002, "p99": 17.321599798316356, "max": 20.785121808113782}, "TTFT": {"unit": "s", "min": 0.2341314449950005, "p50": 6.622884890999558, "p90": 10.543461343197851, "p95": 11.492168720750122, "p99": 12.660967246746582, "max": 13.22262532899913}, "TPOT": {"unit": "ms", "min": 37.27190116080063, "p50": 105.75748045728267, "p90": 122.80162394873976, "p95": 127.06829434722218, "p99": 130.93227890000895, "max": 131.9256704522577}, "Input Tokens per Minute": {"unit": "tokens/min", "min": 476860.2716930011, "p50": 476860.2716930011, "p90": 476860.2716930011, "p95": 476860.2716930011, "p99": 476860.2716930011, "max": 476860.2716930011}, "Output Tokens per Minute": {"unit": "tokens/min", "min": 25818.809141128375, "p50": 25818.809141128375, "p90": 25818.809141128375, "p95": 25818.809141128375, "p99": 25818.809141128375, "max": 25818.809141128375}}
{"actual_qps": 2.3606499987324305, "success_rate": 100.0, "input_tokens": 3633, "output_tokens": 198, "model": "QwQ-32B", "input_tokens_per_minute": 532531.0172349815, "output_tokens_per_minute": 29143.348458710414, "slo_seconds": 5.0, "slo_attainment": 0.0, "ttft_slo_ms": 1000, "ttft_slo_attainment": 1.3245033112582782, "tpot_slo_ms": 50, "tpot_slo_attainment": 1.3245033112582782, "Latency": {"unit": "s", "min": 6.9132974989988725, "p50": 17.676630105001095, "p90": 23.598747559000913, "p95": 25.079280917998403, "p99": 27.197602629999892, "max": 27.98441274099605}, "Throughput": {"unit": "tokens/s", "min": 7.146835699253677, "p50": 11.31437376988591, "p90": 16.166367567429376, "p95": 16.9992146850078, "p99": 18.067942805139527, "max": 18.75094358966661}, "TTFT": {"unit": "s", "min": 0.4349181360012153, "p50": 2.2687810780043947, "p90": 3.4604577040008735, "p95": 3.776664034001442, "p99": 4.5324211995030055, "max": 4.835180822999973}, "TPOT": {"unit": "ms", "min": 48.074563723632274, "p50": 76.15778746230946, "p90": 102.78971649245821, "p95": 110.74001294724238, "p99": 119.87725340954806, "max": 128.03359173870666}, "Input Tokens per Minute": {"unit": "tokens/min", "min": 532531.0172349815, "p50": 532531.0172349815, "p90": 532531.0172349815, "p95": 532531.0172349815, "p99": 532531.0172349815, "max": 532531.0172349815}, "Output Tokens per Minute": {"unit": "tokens/min", "min": 29143.348458710414, "p50": 29143.348458710414, "p90": 29143.348458710414, "p95": 29143.348458710414, "p99": 29143.348458710414, "max": 29143.348458710414}}
{"actual_qps": 2.142861009122631, "success_rate": 100.0, "input_tokens": 3488, "output_tokens": 198, "model": "QwQ-32B", "input_tokens_per_minute": 515026.6435245818, "output_tokens_per_minute": 29295.29095138317, "slo_seconds": 5.0,