{"actual_qps": 5.442102599972695, "success_rate": 100.0, "input_tokens": 4085, "output_tokens": 200, "model": "QwQ-32B", "input_tokens_per_minute": 693346.0366392081, "output_tokens_per_minute": 33942.84053235249, "slo_seconds": 5.0, "slo_attainment": 0.0, "ttft_slo_ms": 1000, "ttft_slo_attainment": 0.0, "tpot_slo_ms": 50, "tpot_slo_attainment": 67.83625730994152, "Latency": {"unit": "s", "min": 8.9358407250038, "p50": 16.580804502998944, "p90": 24.750784254996688, "p95": 27.664297510498727, "p99": 30.85296156969853, "max": 32.15411309099727}, "Throughput": {"unit": "tokens/s", "min": 6.220044055763347, "p50": 12.062140890921565, "p90": 18.78737346428965, "p95": 20.402468729345063, "p99": 22.139935991239433, "max": 22.381777625061122}, "TTFT": {"unit": "s", "min": 1.5009338580057374, "p50": 6.365821840998251, "p90": 15.187845882996044, "p95": 17.18162926700097, "p99": 20.322032621604052, "max": 23.716218952999043}, "TPOT": {"unit": "ms", "min": 24.25619296483279, "p50": 41.912837869342326, "p90": 68.6539075427002, "p95": 72.58771304270395, "p99": 75.99180145781482, "max": 77.4853965678137}, "Input Tokens per Minute": {"unit": "tokens/min", "min": 693346.0366392081, "p50": 693346.0366392081, "p90": 693346.0366392081, "p95": 693346.0366392081, "p99": 693346.0366392081, "max": 693346.0366392081}, "Output Tokens per Minute": {"unit": "tokens/min", "min": 33942.84053235249, "p50": 33942.84053235249, "p90": 33942.84053235249, "p95": 33942.84053235249, "p99": 33942.84053235249, "max": 33942.84053235249}}
{"actual_qps": 4.771925145571763, "success_rate": 100.0, "input_tokens": 3949, "output_tokens": 199, "model": "QwQ-32B", "input_tokens_per_minute": 1246582.5779335995, "output_tokens_per_minute": 62967.93911038315, "slo_seconds": 5.0, "slo_attainment": 0.0, "ttft_slo_ms": 1000, "ttft_slo_attainment": 0.0, "tpot_slo_ms": 50, "tpot_slo_attainment": 10.69182389937107, "Latency": {"unit": "s", "min": 17.976557955997123, "p50": 33.22645690100035, "p90": 48.36728854510075, "p95": 50.365927921699004, "p99": 53.91749178066864, "max": 55.01696503999847}, "Throughput": {"unit": "tokens/s", "min": 1.4178767654260946, "p50": 6.006814188250637, "p90": 9.606615847071478, "p95": 10.29162139543769, "p99": 10.740103435018373, "max": 11.125600378535113}, "TTFT": {"unit": "s", "min": 3.0103939789987635, "p50": 12.977549970495602, "p90": 25.180724559599188, "p95": 27.56992213959638, "p99": 31.756136025535074, "max": 37.06460628900095}, "TPOT": {"unit": "ms", "min": 8.099943809040141, "p50": 95.7244283517455, "p90": 145.39578642565468, "p95": 154.5484826824362, "p99": 161.71306653593442, "max": 175.52304822741212}, "Input Tokens per Minute": {"unit": "tokens/min", "min": 1246582.5779335995, "p50": 1246582.5779335995, "p90": 1246582.5779335995, "p95": 1246582.5779335995, "p99": 1246582.5779335995, "max": 1246582.5779335995}, "Output Tokens per Minute": {"unit": "tokens/min", "min": 62967.93911038315, "p50": 62967.93911038315, "p90": 62967.93911038315, "p95": 62967.93911038315, "p99": 62967.93911038315, "max": 62967.93911038315}}
{"actual_qps": 4.673590528543395, "success_rate": 100.0, "input_tokens": 4023, "output_tokens": 200, "model": "QwQ-32B", "input_tokens_per_minute": 1094236.7878249413, "output_tokens_per_minute": 54387.9433091496, "slo_seconds": 5.0, "slo_attainment": 0.0, "ttft_slo_ms": 1000, "ttft_slo_attainment": 0.36496350364963503, "tpot_slo_ms": 50, "tpot_slo_attainment": 6.204379562043796, "Latency": {"unit": "s", "min": 14.995581966002646, "p50": 30.21110777800277, "p90": 41.971923137097484, "p95": 45.53208312824463, "p99": 48.67841932648413, "max": 50.45535859600204}, "Throughput": {"unit": "tokens/s", "min": 3.9639000804930857, "p50": 6.620081695719437, "p90": 10.02073661344277, "p95": 10.481644600488588, "p99": 12.37107211556144, "max": 13.337261631688026}, "TTFT": {"unit": "s", "min": 0.6229552709992277, "p50": 9.789977199998248, "p90": 19.059559000099398, "p95": 20.55089798040352, "p99": 25.606287238728836, "max": 29.345620239997515}, "TPOT": {"unit": "ms", "min": 25.928829125615408, "p50": 90.15017145226815, "p90": 144.47961741807651, "p95": 148.87518671456925, "p99": 154.20877790396833, "max": 156.0496409849165}, "Input Tokens per Minute": {"unit": "tokens/min", "min": 1094236.7878249413, "p50": 1094236.7878249413, "p90": 1094236.7878249413, "p95": 1094236.7878249413, "p99": 1094236.7878249413, "max": 1094236.7878249413}, "Output Tokens per Minute": {"unit": "tokens/min", "min": 54387.9433091496, "p50": 54387.9433091496, "p90": 54387.9433091496, "p95": 54387.9433091496, "p99": 54387.9433091496, "max": 54387.9433091496}}
{"actual_qps": 4.8178022477002465, "success_rate": 100.0, "input_tokens": 3992, "output_tokens": 198, "model": "QwQ-32B", "input_tokens_per_minute": 1239905.029087631, "output_tokens_per_minute": 61750.22714682452, "slo_seconds": 5.0, "slo_attainment": 0.0, "ttft_slo_ms": 1000, "ttft_slo_attainment": 0.0, "tpot_slo_ms": 50, "tpot_slo_attainment": 0.628930817610063, "Latency": {"unit": "s", "min": 14.08479568099574, "p50": 34.06275875499705, "p90": 46.695470384899096, "p95": 49.066675949949776, "p99": 53.25480056581742, "max": 56.13092268600303}, "Throughput": {"unit": "tokens/s", "min": 2.8098769984076433, "p50": 5.8494996960666565, "p90": 7.839231244326514, "p95": 9.244723610586972, "p99": 11.831579447911539, "max": 14.199709000383653}, "TTFT": {"unit": "s", "min": 1.7866868569981307, "p50": 10.103975984999124, "p90": 21.529225403905006, "p95": 23.635625931350653, "p99": 28.442371682485245, "max": 31.367137453002215}, "TPOT": {"unit": "ms", "min": 42.95342638189921, "p50": 119.44662171858977, "p90": 129.69246361858106, "p95": 131.63751454973757, "p99": 133.6954938380828, "max": 148.64578990384942}, "Input Tokens per Minute": {"unit": "tokens/min", "min": 1239905.029087631, "p50": 1239905.029087631, "p90": 1239905.029087631, "p95": 1239905.029087631, "p99": 1239905.029087631, "max": 1239905.029087631}, "Output Tokens per Minute": {"unit": "tokens/min", "min": 61750.22714682452, "p50": 61750.22714682452, "p90": 61750.22714682452, "p95": 61750.22714682452, "p99": 61750.22714682452, "max": 61750.22714682452}}
{"actual_qps": 5.476256686194734, "success_rate": 100.0, "input_tokens": 3929, "output_tokens": 199, "model": "QwQ-32B", "input_tokens_per_minute": 1312301.9481475153, "output_tokens_per_minute": 66647.78355335495, "slo_seconds": 5.0, "slo_attainment": 0.0, "ttft_slo_ms": 1000, "ttft_slo_attainment": 2.923976608187134, "tpot_slo_ms": 50, "tpot_slo_attainment": 2.631578947368421, "Latency": {"unit": "s", "min": 7.074779736001801, "p50": 19.198286298498715, "p90": 25.748413147395333, "p95": 26.894371538303677, "p99": 30.51018586092118, "max": 32.389903053001035}, "Throughput": {"unit": "tokens/s", "min": 6.174763773535571, "p50": 10.410080909224178, "p90": 14.92862087520475, "p95": 16.366696372005222, "p99": 18.72155266120108, "max": 22.2667446399787}, "TTFT": {"unit": "s", "min": 0.6308910720035783, "p50": 2.711298441496183, "p90": 6.753312495598223, "p95": 7.984927283100477, "p99": 8.827857356459207, "max": 9.217143975998624}, "TPOT": {"unit": "ms", "min": 35.83980774872991, "p50": 80.69934500252285, "p90": 103.9735741633103, "p95": 109.68824395374885, "p99": 118.00134386786591, "max": 126.16161339195713}, "Input Tokens per Minute": {"unit": "tokens/min", "min": 1312301.9481475153, "p50": 1312301.9481475153, "p90": 1312301.9481475153, "p95": 1312301.9481475153, "p99": 1312301.9481475153, "max": 1312301.9481475153}, "Output Tokens per Minute": {"unit": "tokens/min", "min": 66647.78355335495, "p50": 66647.78355335495, "p90": 66647.78355335495, "p95": 66647.78355335495, "p99": 66647.78355335495, "max": 66647.78355335495}}
{"actual_qps": 4.666631241102446, "success_rate": 100.0, "input_tokens": 3957, "output_tokens": 200, "model": "QwQ-32B", "input_tokens_per_minute": 1232975.2065032362, "output_tokens_per_minute": 62305.90204120455, "slo_seconds": 5.0, "slo_attainment": 0.0, "ttft_slo_ms": 1000, "ttft_slo_attainment": 6.583072100313479,