{"target_qps": 3.0, "actual_qps": 2.9959058979592457, "success_rate": 100.0, "input_tokens": 4135, "output_tokens": 200, "model": "QwQ-32B", "input_tokens_per_minute": 744307.9245283019, "output_tokens_per_minute": 36000.0, "slo_seconds": 5.0, "slo_attainment": 5.660377358490567, "ttft_slo_ms": 1000, "ttft_slo_attainment": 47.79874213836478, "tpot_slo_ms": 50, "tpot_slo_attainment": 91.82389937106919, "Latency": {"unit": "s", "min": 3.954663955999422, "p50": 8.388858882000932, "p90": 12.252106805797666, "p95": 14.486540677899027, "p99": 17.87923176623982, "max": 18.772223435000342}, "Throughput": {"unit": "tokens/s", "min": 10.654038968399716, "p50": 23.841144881947937, "p90": 35.84116882410524, "p95": 40.5156569654599, "p99": 46.29668375755346, "max": 50.573197173072074}, "TTFT": {"unit": "s", "min": 0.1336304040014511, "p50": 1.0845215459994506, "p90": 4.022648977601057, "p95": 5.6857171726987845, "p99": 6.685401514700715, "max": 11.676229819000582}, "TPOT": {"unit": "ms", "min": 17.52787215074895, "p50": 33.42560698994436, "p90": 47.53085710450872, "p95": 55.17641403316725, "p99": 64.97336011116181, "max": 74.06681049246228}, "Input Tokens per Minute": {"unit": "tokens/min", "min": 744307.9245283019, "p50": 744307.9245283019, "p90": 744307.9245283019, "p95": 744307.9245283019, "p99": 744307.9245283019, "max": 744307.9245283019}, "Output Tokens per Minute": {"unit": "tokens/min", "min": 36000.0, "p50": 36000.0, "p90": 36000.0, "p95": 36000.0, "p99": 36000.0, "max": 36000.0}}
{"target_qps": 3.0, "actual_qps": 2.9995357210627356, "success_rate": 100.0, "input_tokens": 4217, "output_tokens": 200, "model": "QwQ-32B", "input_tokens_per_minute": 759100.2234636871, "output_tokens_per_minute": 36000.0, "slo_seconds": 5.0, "slo_attainment": 8.379888268156424, "ttft_slo_ms": 1000, "ttft_slo_attainment": 89.94413407821229, "tpot_slo_ms": 50, "tpot_slo_attainment": 91.62011173184358, "Latency": {"unit": "s", "min": 4.1916765899986785, "p50": 6.677730090003024, "p90": 9.737378250800976, "p95": 11.379048411502662, "p99": 12.149798462581021, "max": 12.88346932299828}, "Throughput": {"unit": "tokens/s", "min": 15.523768868916388, "p50": 29.95029707765703, "p90": 39.709531147906695, "p95": 40.96149714017099, "p99": 44.926490473277255, "max": 47.71360473687285}, "TTFT": {"unit": "s", "min": 0.10109439300140366, "p50": 0.6134279939979024, "p90": 0.9877275649996596, "p95": 1.0990254330004972, "p99": 1.4540075184807209, "max": 1.5886974470013229}, "TPOT": {"unit": "ms", "min": 18.038690371857722, "p50": 29.993425502511144, "p90": 44.796390049235576, "p95": 53.62143129698336, "p99": 57.59396363888565, "max": 60.98831740702516}, "Input Tokens per Minute": {"unit": "tokens/min", "min": 759100.2234636871, "p50": 759100.2234636871, "p90": 759100.2234636871, "p95": 759100.2234636871, "p99": 759100.2234636871, "max": 759100.2234636871}, "Output Tokens per Minute": {"unit": "tokens/min", "min": 36000.0, "p50": 36000.0, "p90": 36000.0, "p95": 36000.0, "p99": 36000.0, "max": 36000.0}}
{"target_qps": 3.0, "actual_qps": 2.99996698376337, "success_rate": 100.0, "input_tokens": 4203, "output_tokens": 200, "model": "QwQ-32B", "input_tokens_per_minute": 756564.2696629213, "output_tokens_per_minute": 36000.0, "slo_seconds": 5.0, "slo_attainment": 8.426966292134832, "ttft_slo_ms": 1000, "ttft_slo_attainment": 85.39325842696628, "tpot_slo_ms": 50, "tpot_slo_attainment": 91.57303370786516, "Latency": {"unit": "s", "min": 4.068224375001591, "p50": 6.858815727000547, "p90": 9.762825373499803, "p95": 11.308245673300918, "p99": 12.72413141998905, "max": 14.161119962001976}, "Throughput": {"unit": "tokens/s", "min": 14.123176735784515, "p50": 29.159583550737526, "p90": 39.2314612842355, "p95": 42.746030212557145, "p99": 47.845325396101906, "max": 49.16149689996431}, "TTFT": {"unit": "s", "min": 0.09147575200040592, "p50": 0.6434757004990388, "p90": 1.1018860741991379, "p95": 1.387792409197937, "p99": 1.8093872037193424, "max": 2.5704663090000395}, "TPOT": {"unit": "ms", "min": 17.99625953266806, "p50": 31.020726417089683, "p90": 46.04775386180895, "p95": 52.00145852739197, "p99": 61.57383326703839, "max": 68.21272779397896}, "Input Tokens per Minute": {"unit": "tokens/min", "min": 756564.2696629213, "p50": 756564.2696629213, "p90": 756564.2696629213, "p95": 756564.2696629213, "p99": 756564.2696629213, "max": 756564.2696629213}, "Output Tokens per Minute": {"unit": "tokens/min", "min": 36000.0, "p50": 36000.0, "p90": 36000.0, "p95": 36000.0, "p99": 36000.0, "max": 36000.0}}
{"target_qps": 3.0, "actual_qps": 2.999954583037469, "success_rate": 100.0, "input_tokens": 4102, "output_tokens": 199, "model": "QwQ-32B", "input_tokens_per_minute": 745641.0325900834, "output_tokens_per_minute": 36249.46273000755, "slo_seconds": 5.0, "slo_attainment": 14.835164835164836, "ttft_slo_ms": 1000, "ttft_slo_attainment": 98.35164835164835, "tpot_slo_ms": 50, "tpot_slo_attainment": 97.25274725274726, "Latency": {"unit": "s", "min": 2.4208782740024617, "p50": 6.352908061999187, "p90": 8.640041087700594, "p95": 9.50871401789809, "p99": 12.046049226768009, "max": 12.52395986999909}, "Throughput": {"unit": "tokens/s", "min": 15.969390039255575, "p50": 31.481653325597847, "p90": 42.961668081840806, "p95": 44.32967317742115, "p99": 51.4549516870134, "max": 52.080783490722986}, "TTFT": {"unit": "s", "min": 0.06236664800235303, "p50": 0.46578467799918144, "p90": 0.6614286433003146, "p95": 0.7764049608013011, "p99": 1.1445747427590682, "max": 1.371381119999569}, "TPOT": {"unit": "ms", "min": 18.18493189446727, "p50": 29.36930156281951, "p90": 41.073825727637, "p95": 44.6277941555336, "p99": 55.35934329536931, "max": 60.511125065327796}, "Input Tokens per Minute": {"unit": "tokens/min", "min": 745641.0325900834, "p50": 745641.0325900834, "p90": 745641.0325900834, "p95": 745641.0325900834, "p99": 745641.0325900834, "max": 745641.0325900834}, "Output Tokens per Minute": {"unit": "tokens/min", "min": 36249.46273000755, "p50": 36249.46273000755, "p90": 36249.46273000755, "p95": 36249.46273000755, "p99": 36249.46273000755, "max": 36249.46273000755}}
{"target_qps": 3.0, "actual_qps": 2.99999244881901, "success_rate": 100.0, "input_tokens": 4141, "output_tokens": 198, "model": "QwQ-32B", "input_tokens_per_minute": 745410.3370786516, "output_tokens_per_minute": 35653.14606741573, "slo_seconds": 5.0, "slo_attainment": 16.292134831460675, "ttft_slo_ms": 1000, "ttft_slo_attainment": 97.19101123595506, "tpot_slo_ms": 50, "tpot_slo_attainment": 88.20224719101124, "Latency": {"unit": "s", "min": 1.4036555540005793, "p50": 6.6090276795002865, "p90": 11.522301362999134, "p95": 12.031165778451214, "p99": 13.324903327639838, "max": 13.785272327000712}, "Throughput": {"unit": "tokens/s", "min": 14.508237142930232, "p50": 30.09441273091648, "p90": 42.22767053213148, "p95": 46.59314898180043, "p99": 51.43300915230699, "max": 55.02209502325659}, "TTFT": {"unit": "s", "min": 0.06252664000203367, "p50": 0.4669242909985769, "p90": 0.6808535536980344, "p95": 0.8325297436509574, "p99": 1.0804331934989022, "max": 1.0918704719988455}, "TPOT": {"unit": "ms", "min": 17.77400134673755, "p50": 30.80344689949733, "p90": 54.584261749746545, "p95": 58.3427024085544, "p99": 63.65191037451685, "max": 67.37891326632614}, "Input Tokens per Minute": {"unit": "tokens/min", "min": 745410.3370786516, "p50": 745410.3370786516, "p90": 745410.3370786516, "p95": 745410.3370786516, "p99": 745410.3370786516, "max": 745410.3370786516}, "Output Tokens per Minute": {"unit": "tokens/min", "min": 35653.14606741573, "p50": 35653.14606741573, "p90": 35653.14606741573, "p95": 35653.14606741573, "p99": 35653.14606741573, "max": 35653.14606741573}}
{"target_qps": 3.0, "actual_qps": 2.999969020419985, "success_rate": 100.0, "input_tokens": 4213, "output_tokens": 199, "model": "QwQ-32B", "input_tokens_per_minute": 791109.8964034109, "output_tokens_per_minute": 37511.73774834772, "slo_seconds": 5.0, "slo_attainment": 25.53191489361702, "ttft_slo_ms": 1000,