{"target_qps": 5.0, "actual_qps": 4.996431570556788, "success_rate": 100.0, "input_tokens": 3857, "output_tokens": 200, "model": "QwQ-32B", "input_tokens_per_minute": 1157395.1219512196, "output_tokens_per_minute": 60000.0, "slo_seconds": 5.0, "slo_attainment": 0.40650406504065045, "ttft_slo_ms": 1000, "ttft_slo_attainment": 8.94308943089431, "tpot_slo_ms": 50, "tpot_slo_attainment": 66.66666666666666, "Latency": {"unit": "s", "min": 4.813024228998984, "p50": 13.7324876269995, "p90": 18.354115599498982, "p95": 18.587879820752278, "p99": 22.496369093598894, "max": 29.79557643699809}, "Throughput": {"unit": "tokens/s", "min": 6.712405796977762, "p50": 14.564042262769721, "p90": 25.284118199227777, "p95": 28.985183551570618, "p99": 36.85547156649609, "max": 41.553915061340994}, "TTFT": {"unit": "s", "min": 0.1749284519974026, "p50": 4.457032326499757, "p90": 7.773268039498362, "p95": 9.571089730497988, "p99": 14.275023012547718, "max": 18.48989268600053}, "TPOT": {"unit": "ms", "min": 15.336864914566814, "p50": 43.78856112814893, "p90": 58.23343699246185, "p95": 62.2863404711079, "p99": 68.30551035779249, "max": 71.83820014070628}, "Input Tokens per Minute": {"unit": "tokens/min", "min": 1157395.1219512196, "p50": 1157395.1219512196, "p90": 1157395.1219512196, "p95": 1157395.1219512196, "p99": 1157395.1219512196, "max": 1157395.1219512196}, "Output Tokens per Minute": {"unit": "tokens/min", "min": 60000.0, "p50": 60000.0, "p90": 60000.0, "p95": 60000.0, "p99": 60000.0, "max": 60000.0}}
{"target_qps": 5.0, "actual_qps": 4.999440528608473, "success_rate": 100.0, "input_tokens": 3971, "output_tokens": 198, "model": "QwQ-32B", "input_tokens_per_minute": 1266023.811364474, "output_tokens_per_minute": 63307.78585789684, "slo_seconds": 5.0, "slo_attainment": 11.598746081504702, "ttft_slo_ms": 1000, "ttft_slo_attainment": 84.63949843260188, "tpot_slo_ms": 50, "tpot_slo_attainment": 88.40125391849529, "Latency": {"unit": "s", "min": 2.434961764000036, "p50": 7.032502229001693, "p90": 11.117532225597095, "p95": 13.062090613200409, "p99": 15.888521999541405, "max": 17.46293804599918}, "Throughput": {"unit": "tokens/s", "min": 11.452826521698661, "p50": 27.99914008368881, "p90": 40.22551642138883, "p95": 43.67303451025466, "p99": 47.02420217326913, "max": 52.24068486097056}, "TTFT": {"unit": "s", "min": 0.13824468399980105, "p50": 0.6098686350014759, "p90": 1.113995098199666, "p95": 1.780162332799223, "p99": 3.2242809180631578, "max": 3.4146546339979977}, "TPOT": {"unit": "ms", "min": 16.014571889437736, "p50": 32.2787608894585, "p90": 51.679959175886665, "p95": 58.9179804155701, "p99": 67.43726219467582, "max": 74.83816829648019}, "Input Tokens per Minute": {"unit": "tokens/min", "min": 1266023.811364474, "p50": 1266023.811364474, "p90": 1266023.811364474, "p95": 1266023.811364474, "p99": 1266023.811364474, "max": 1266023.811364474}, "Output Tokens per Minute": {"unit": "tokens/min", "min": 63307.78585789684, "p50": 63307.78585789684, "p90": 63307.78585789684, "p95": 63307.78585789684, "p99": 63307.78585789684, "max": 63307.78585789684}}
{"target_qps": 5.0, "actual_qps": 4.988824249106303, "success_rate": 100.0, "input_tokens": 3930, "output_tokens": 199, "model": "QwQ-32B", "input_tokens_per_minute": 1179062.2073578595, "output_tokens_per_minute": 59844.48160535117, "slo_seconds": 5.0, "slo_attainment": 8.695652173913043, "ttft_slo_ms": 1000, "ttft_slo_attainment": 89.63210702341136, "tpot_slo_ms": 50, "tpot_slo_attainment": 92.3076923076923, "Latency": {"unit": "s", "min": 2.4474396250006976, "p50": 7.141178627000045, "p90": 10.224573473399506, "p95": 11.220452730602483, "p99": 13.018239590842047, "max": 13.888954613998067}, "Throughput": {"unit": "tokens/s", "min": 14.399931856529273, "p50": 27.993649989291796, "p90": 39.21782739531988, "p95": 40.55814736725112, "p99": 46.05873145262904, "max": 52.842381097506355}, "TTFT": {"unit": "s", "min": 0.08780595699863625, "p50": 0.5843211780011188, "p90": 1.0232526691979729, "p95": 1.1720742318007977, "p99": 1.525173428018969, "max": 1.9940700490005838}, "TPOT": {"unit": "ms", "min": 18.32247161306514, "p50": 32.842828994967135, "p90": 49.06959415477569, "p95": 52.297646322102395, "p99": 62.73589241496902, "max": 67.9779876331644}, "Input Tokens per Minute": {"unit": "tokens/min", "min": 1179062.2073578595, "p50": 1179062.2073578595, "p90": 1179062.2073578595, "p95": 1179062.2073578595, "p99": 1179062.2073578595, "max": 1179062.2073578595}, "Output Tokens per Minute": {"unit": "tokens/min", "min": 59844.48160535117, "p50": 59844.48160535117, "p90": 59844.48160535117, "p95": 59844.48160535117, "p99": 59844.48160535117, "max": 59844.48160535117}}
{"target_qps": 5.0, "actual_qps": 4.999924637719185, "success_rate": 100.0, "input_tokens": 3973, "output_tokens": 199, "model": "QwQ-32B", "input_tokens_per_minute": 1191986.287625418, "output_tokens_per_minute": 59737.123745819394, "slo_seconds": 5.0, "slo_attainment": 10.367892976588628, "ttft_slo_ms": 1000, "ttft_slo_attainment": 96.32107023411372, "tpot_slo_ms": 50, "tpot_slo_attainment": 97.65886287625418, "Latency": {"unit": "s", "min": 2.2173031470010756, "p50": 6.8778187860007165, "p90": 8.844182659199578, "p95": 9.632306009600141, "p99": 11.263198636059297, "max": 12.660987215000205}, "Throughput": {"unit": "tokens/s", "min": 10.35035433294547, "p50": 28.923823278037798, "p90": 39.570155921820536, "p95": 41.98913955693159, "p99": 48.550394373155996, "max": 51.51088690465761}, "TTFT": {"unit": "s", "min": 0.0589051520000794, "p50": 0.4731006449983397, "p90": 0.7384590221969118, "p95": 0.9041713680009701, "p99": 1.118056008938363, "max": 1.337384012997063}, "TPOT": {"unit": "ms", "min": 17.750729226125387, "p50": 31.888173025134478, "p90": 42.067237267342776, "p95": 46.18370303367772, "p99": 55.395837775788685, "max": 85.91853494321681}, "Input Tokens per Minute": {"unit": "tokens/min", "min": 1191986.287625418, "p50": 1191986.287625418, "p90": 1191986.287625418, "p95": 1191986.287625418, "p99": 1191986.287625418, "max": 1191986.287625418}, "Output Tokens per Minute": {"unit": "tokens/min", "min": 59737.123745819394, "p50": 59737.123745819394, "p90": 59737.123745819394, "p95": 59737.123745819394, "p99": 59737.123745819394, "max": 59737.123745819394}}
{"target_qps": 5.0, "actual_qps": 4.999917224287027, "success_rate": 100.0, "input_tokens": 3949, "output_tokens": 199, "model": "QwQ-32B", "input_tokens_per_minute": 1184759.385665529, "output_tokens_per_minute": 59842.320819112625, "slo_seconds": 5.0, "slo_attainment": 12.969283276450511, "ttft_slo_ms": 1000, "ttft_slo_attainment": 97.61092150170649, "tpot_slo_ms": 50, "tpot_slo_attainment": 93.1740614334471, "Latency": {"unit": "s", "min": 2.6043594859984296, "p50": 6.467343664000509, "p90": 9.367487214198627, "p95": 11.434766360200591, "p99": 13.13231845408096, "max": 13.639186702999723}, "Throughput": {"unit": "tokens/s", "min": 14.66363093013553, "p50": 30.92459754586257, "p90": 40.86896772969126, "p95": 44.22656418840465, "p99": 50.623488337518616, "max": 53.08302354907715}, "TTFT": {"unit": "s", "min": 0.06591798700173968, "p50": 0.4407756000000518, "p90": 0.6939076790004038, "p95": 0.877930439999909, "p99": 1.1422501465197996, "max": 1.3981217879991163}, "TPOT": {"unit": "ms", "min": 17.647487271351018, "p50": 30.50961224622214, "p90": 45.2861474663424, "p95": 55.471994842217754, "p99": 62.37512439618429, "max": 65.45208705026184}, "Input Tokens per Minute": {"unit": "tokens/min", "min": 1184759.385665529, "p50": 1184759.385665529, "p90": 1184759.385665529, "p95": 1184759.385665529, "p99": 1184759.385665529, "max": 1184759.385665529}, "Output Tokens per Minute": {"unit": "tokens/min", "min": 59842.320819112625, "p50": 59842.320819112625, "p90": 59842.320819112625, "p95": 59842.320819112625, "p99": 59842.320819112625, "max": 59842.320819112625}}
{"target_qps": 5.0, "actual_qps": 4.999934118868132, "success_rate": 100.0, "input_tokens": 3944, "output_tokens": 199, "model": "QwQ-32B",