{"actual_qps": 1.2984376627698695, "success_rate": 100.0, "input_tokens": 3887, "output_tokens": 200, "model": "QwQ-32B", "input_tokens_per_minute": 260674.345177679, "output_tokens_per_minute": 13411.71054202802, "slo_seconds": 5.0, "slo_attainment": 0.0, "ttft_slo_ms": 1000, "ttft_slo_attainment": 17.647058823529413, "tpot_slo_ms": 50, "tpot_slo_attainment": 95.58823529411765, "Latency": {"unit": "s", "min": 5.580685541001003, "p50": 11.416340833000504, "p90": 12.436409003300469, "p95": 13.151415453701338, "p99": 19.60406256828957, "max": 28.236293399000715}, "Throughput": {"unit": "tokens/s", "min": 7.083082654435019, "p50": 17.51874837526215, "p90": 26.415663604389138, "p95": 27.070019473321413, "p99": 35.26776556752524, "max": 35.83789097783964}, "TTFT": {"unit": "s", "min": 0.08995130599942058, "p50": 3.70188472549944, "p90": 5.300359505900816, "p95": 5.986470423950413, "p99": 11.210853204010286, "max": 20.264610102000006}, "TPOT": {"unit": "ms", "min": 25.134532582913508, "p50": 36.37915688693681, "p90": 42.54521281809092, "p95": 47.19407998492815, "p99": 57.15209616286366, "max": 57.54818695477389}, "Input Tokens per Minute": {"unit": "tokens/min", "min": 260674.345177679, "p50": 260674.345177679, "p90": 260674.345177679, "p95": 260674.345177679, "p99": 260674.345177679, "max": 260674.345177679}, "Output Tokens per Minute": {"unit": "tokens/min", "min": 13411.71054202802, "p50": 13411.71054202802, "p90": 13411.71054202802, "p95": 13411.71054202802, "p99": 13411.71054202802, "max": 13411.71054202802}}
{"actual_qps": 1.4204611723397311, "success_rate": 100.0, "input_tokens": 3813, "output_tokens": 198, "model": "QwQ-32B", "input_tokens_per_minute": 332367.5759061658, "output_tokens_per_minute": 17306.059560367263, "slo_seconds": 5.0, "slo_attainment": 1.1111111111111112, "ttft_slo_ms": 1000, "ttft_slo_attainment": 33.33333333333333, "tpot_slo_ms": 50, "tpot_slo_attainment": 95.55555555555556, "Latency": {"unit": "s", "min": 4.451641752000796, "p50": 8.790519942500396, "p90": 11.061960221999293, "p95": 12.145542075200682, "p99": 13.48120209096125, "max": 13.612213415999577}, "Throughput": {"unit": "tokens/s", "min": 14.692687653936076, "p50": 22.605481294379395, "p90": 28.123063778744807, "p95": 31.883797932745626, "p99": 35.24676693904414, "max": 36.484323780324786}, "TTFT": {"unit": "s", "min": 0.15987207999933162, "p50": 1.3007583794997117, "p90": 3.0308970885007547, "p95": 4.341133267949772, "p99": 5.0477180486591156, "max": 6.503446376000284}, "TPOT": {"unit": "ms", "min": 23.966108924619974, "p50": 37.57661417336324, "p90": 45.30290660753616, "p95": 48.712634520850656, "p99": 57.00941356537268, "max": 58.7989501658301}, "Input Tokens per Minute": {"unit": "tokens/min", "min": 332367.5759061658, "p50": 332367.5759061658, "p90": 332367.5759061658, "p95": 332367.5759061658, "p99": 332367.5759061658, "max": 332367.5759061658}, "Output Tokens per Minute": {"unit": "tokens/min", "min": 17306.059560367263, "p50": 17306.059560367263, "p90": 17306.059560367263, "p95": 17306.059560367263, "p99": 17306.059560367263, "max": 17306.059560367263}}
{"actual_qps": 1.311657693615071, "success_rate": 100.0, "input_tokens": 4029, "output_tokens": 198, "model": "QwQ-32B", "input_tokens_per_minute": 308313.03444884636, "output_tokens_per_minute": 15168.588328080592, "slo_seconds": 5.0, "slo_attainment": 1.2658227848101267, "ttft_slo_ms": 1000, "ttft_slo_attainment": 34.177215189873415, "tpot_slo_ms": 50, "tpot_slo_attainment": 97.46835443037975, "Latency": {"unit": "s", "min": 3.7597615369995765, "p50": 8.663346991999788, "p90": 10.737597690000257, "p95": 11.087818741300543, "p99": 12.091713475120486, "max": 12.555355495000185}, "Throughput": {"unit": "tokens/s", "min": 15.929457360219258, "p50": 23.044517903327268, "p90": 28.513655007883933, "p95": 30.61000059465575, "p99": 37.813817517607156, "max": 38.61764929136426}, "TTFT": {"unit": "s", "min": 0.09987972100134357, "p50": 1.2373776000004, "p90": 2.434857369199017, "p95": 2.6140002970989373, "p99": 3.067461009999751, "max": 3.4278568509998877}, "TPOT": {"unit": "ms", "min": 20.541713080403234, "p50": 37.28729194472866, "p90": 45.93237773869027, "p95": 47.050013849251044, "p99": 50.6424265445249, "max": 52.52362285426528}, "Input Tokens per Minute": {"unit": "tokens/min", "min": 308313.03444884636, "p50": 308313.03444884636, "p90": 308313.03444884636, "p95": 308313.03444884636, "p99": 308313.03444884636, "max": 308313.03444884636}, "Output Tokens per Minute": {"unit": "tokens/min", "min": 15168.588328080592, "p50": 15168.588328080592, "p90": 15168.588328080592, "p95": 15168.588328080592, "p99": 15168.588328080592, "max": 15168.588328080592}}
{"actual_qps": 1.2999919933709678, "success_rate": 100.0, "input_tokens": 4001, "output_tokens": 200, "model": "QwQ-32B", "input_tokens_per_minute": 282931.6531237277, "output_tokens_per_minute": 14140.045306472777, "slo_seconds": 5.0, "slo_attainment": 0.0, "ttft_slo_ms": 1000, "ttft_slo_attainment": 49.31506849315068, "tpot_slo_ms": 50, "tpot_slo_attainment": 98.63013698630137, "Latency": {"unit": "s", "min": 5.284892134999609, "p50": 8.041538456998751, "p90": 9.765515826800401, "p95": 10.757549063599795, "p99": 11.50275537120033, "max": 12.0699283799986}, "Throughput": {"unit": "tokens/s", "min": 16.57010660737849, "p50": 24.870862841666202, "p90": 29.819229933497624, "p95": 31.93153855849337, "p99": 37.07320535865298, "max": 37.843724127401664}, "TTFT": {"unit": "s", "min": 0.12846941400130163, "p50": 1.0132837080000172, "p90": 1.938846648000981, "p95": 2.14429632180072, "p99": 2.44585487056007, "max": 2.682009633999769}, "TPOT": {"unit": "ms", "min": 24.08247818089675, "p50": 35.11295513567919, "p90": 42.5366741497481, "p95": 45.222356812060276, "p99": 49.746816344525925, "max": 51.173935135678825}, "Input Tokens per Minute": {"unit": "tokens/min", "min": 282931.6531237277, "p50": 282931.6531237277, "p90": 282931.6531237277, "p95": 282931.6531237277, "p99": 282931.6531237277, "max": 282931.6531237277}, "Output Tokens per Minute": {"unit": "tokens/min", "min": 14140.045306472777, "p50": 14140.045306472777, "p90": 14140.045306472777, "p95": 14140.045306472777, "p99": 14140.045306472777, "max": 14140.045306472777}}
{"actual_qps": 1.3166609812367838, "success_rate": 100.0, "input_tokens": 4109, "output_tokens": 199, "model": "QwQ-32B", "input_tokens_per_minute": 330311.45835920406, "output_tokens_per_minute": 16069.28984417783, "slo_seconds": 5.0, "slo_attainment": 0.0, "ttft_slo_ms": 1000, "ttft_slo_attainment": 54.21686746987952, "tpot_slo_ms": 50, "tpot_slo_attainment": 100.0, "Latency": {"unit": "s", "min": 5.621646584999326, "p50": 8.159215188999951, "p90": 9.243391275800969, "p95": 9.479412582599798, "p99": 9.848821093120161, "max": 10.686997979000807}, "Throughput": {"unit": "tokens/s", "min": 18.714329355445354, "p50": 24.512161447786667, "p90": 29.548106676471182, "p95": 30.44358879856922, "p99": 32.819301379324756, "max": 35.576765094710055}, "TTFT": {"unit": "s", "min": 0.06890737600042485, "p50": 0.8636737510005332, "p90": 1.790757438800574, "p95": 1.965170268699694, "p99": 2.200477215440549, "max": 2.3956158609998965}, "TPOT": {"unit": "ms", "min": 27.159097894468115, "p50": 35.48823530150574, "p90": 40.084604612057596, "p95": 40.33226645275849, "p99": 44.10618172643762, "max": 44.64613953769461}, "Input Tokens per Minute": {"unit": "tokens/min", "min": 330311.45835920406, "p50": 330311.45835920406, "p90": 330311.45835920406, "p95": 330311.45835920406, "p99": 330311.45835920406, "max": 330311.45835920406}, "Output Tokens per Minute": {"unit": "tokens/min", "min": 16069.28984417783, "p50": 16069.28984417783, "p90": 16069.28984417783, "p95": 16069.28984417783, "p99": 16069.28984417783, "max": 16069.28984417783}}
{"actual_qps": 1.1967201268009426, "success_rate": 100.0, "input_tokens": 3904, "output_tokens": 200, "model": "QwQ-32B", "input_tokens_per_minute": 279850.86654017365, "output_tokens_per_minute": 14333.744557246377, "slo_seconds": 5.0,