request_id,conversation_id,send_time,ttft_time,total_time,tokens_in,tokens_out,ttft,tpot,cached_tokens
dae8e1bb-a119-4119-b0ec-9933d1ed26b0,7c1a7613-f9a2-432e-8df2-8b7fa4ec50ea,7944958.222137436,7944958.429195428,7944964.125015291,973,200,0.2070579919964075,5.695819863118231,176
b7279cbc-e201-4836-b030-360f9997dd97,2a63fe5c-ad22-4030-9d20-22d7d1caa230,7944958.528989558,7944959.514881946,7944964.3990715,5301,200,0.9858923880383372,4.8841895535588264,192
36f0e72e-049f-4fb2-b315-c1589a911165,e3581f64-96f8-42a5-a501-06b5a508c8d5,7944958.528957897,7944959.300176222,7944964.40625803,5749,200,0.7712183250114322,5.106081807985902,176
0b714dbf-ea7b-4fbd-9be7-f08d8ba949d1,ab49bb54-64ef-482c-9fb4-5dcf7d4f3735,7944955.722687257,7944958.7029711595,7944964.790654007,4303,200,2.980283902026713,6.087682847864926,224
01a25687-796b-4a63-9878-09c8fd98b350,a382d28b-5d1c-4a7e-9847-e10e447f53f2,7944959.529225456,7944959.714754593,7944966.040900367,505,200,0.18552913703024387,6.326145774684846,192
34765c16-7ec2-436e-aaf7-af72aae44aea,ede4ea99-6bc7-47a9-97a8-7ea6a34f7071,7944959.529270685,7944959.92870352,7944966.057343593,1638,200,0.3994328351691365,6.1286400724202394,192
0aad2ead-e3e9-444d-8ea5-749f51dbc533,f4388798-3f35-4485-97c5-bae23c92d237,7944959.529260266,7944959.932201018,7944966.061884365,1395,200,0.40294075198471546,6.129683347418904,192
2f3ca636-cfb4-4caa-b15d-39b41b43a7b0,7e26fb2e-ff9e-4c44-9abf-7453e7c69fb2,7944958.222202162,7944958.689405696,7944966.354517482,4482,200,0.46720353327691555,7.665111786685884,192
fab6f564-d3bf-4fd6-9209-cf0657a15480,60e46cc0-973f-4e1b-a7fd-526b2f43a744,7944961.530959691,7944962.167133573,7944967.136926276,5313,200,0.6361738825216889,4.9697927022352815,160
8ee1daac-d0b5-42fb-852c-0f164f8db18b,c11d6802-d0ee-4c6c-bec7-507f0b2efb7d,7944958.52896958,7944958.76811973,7944967.312521176,1350,200,0.2391501497477293,8.54440144635737,16
c32c6620-1513-4024-846c-da7f53df064a,fcbf7757-a71d-4387-9517-a6118b505458,7944960.533022925,7944961.195704992,7944967.332974565,6647,200,0.6626820666715503,6.137269573286176,160
46e5acd6-4c1e-4392-9116-68b7010b7518,d26ad366-532a-4efa-8162-640fdbbd7d99,7944959.529256119,7944959.732482013,7944968.10882182,636,200,0.2032258938997984,8.376339806243777,160
5d7e3108-3740-424b-8e88-be857a33793f,91d75233-c614-4ff4-a23b-d5a49411e712,7944961.530970641,7944962.075452713,7944968.165568486,5821,200,0.5444820718839765,6.090115772560239,176
901561fc-1988-416b-a398-7de50c749a8c,3ac51539-0bf9-4496-b58b-bcfc7632d4a6,7944958.222198101,7944959.3949597785,7944969.16693704,1626,200,1.1727616777643561,9.771977261640131,176
419dfae5-3155-4250-80be-b5d36de434bb,617f782e-efb9-4c0f-b006-2590c59dcebb,7944958.528987322,7944959.550524793,7944969.24159526,2649,200,1.0215374706313014,9.691070467233658,160
0c79b7d0-cd23-403c-971d-62e2ee8687f8,57141fdc-eb30-4308-8044-b68dde5b2c65,7944962.55238906,7944963.10451954,7944969.3442374775,4636,200,0.5521304802969098,6.239717937074602,160
995bc03b-fc91-4f7f-805a-6589f7296792,2e7c3d8e-cd99-4d6b-be7f-c3e7f99b2724,7944960.53300787,7944961.676041633,7944969.777643603,5866,200,1.1430337624624372,8.101601970382035,160
a67cff06-387b-413b-ae58-eaa6ad302e66,4e79f1a7-f546-4b99-89f2-b8e49d5fd029,7944960.533025796,7944961.673824004,7944969.775316994,2524,200,1.1407982083037496,8.101492989808321,288
84a894db-cda5-41a7-aacf-b261df3bbd2a,bde9bed4-c70f-455d-8fd2-f39ccda69523,7944963.558549139,7944964.032586686,7944970.176494223,2650,200,0.47403754759579897,6.143907536752522,224
413e1b79-a47f-47b4-8970-dbc801423da1,abf579d0-bec5-4e6b-826a-8905fd77fdef,7944962.552392182,7944964.07534974,7944970.486224651,5909,200,1.522957557812333,6.41087491158396,176
606c04f3-cf96-46dd-9801-7e44e6fe8204,3aeee658-0d26-4b01-9045-17dc0a261d4c,7944961.530977927,7944962.769646235,7944971.012649682,5829,200,1.2386683076620102,8.243003447540104,176
831d31e6-03c4-42d3-a59d-ded5e875bc77,a08d6e4e-5150-40d5-9f49-bd756d8bf610,7944962.552394652,7944963.307828665,7944971.026173434,5810,200,0.7554340129718184,7.718344769440591,192
7b190554-89e7-46de-947d-431aff2fcc68,01a22053-c320-4f6f-ad40-18bd5f0b2841,7944963.558559684,7944964.362616389,7944971.4070436945,5981,200,0.8040567049756646,7.044427305459976,192
549ba40a-6c49-448b-ab57-fdf47c591820,c3f99789-28f2-48b0-8ff1-92f4b8f000a0,7944964.556483045,7944965.690181314,7944971.828341699,5770,200,1.1336982687935233,6.138160385191441,192
a7aaa42e-6a0a-4b77-86a4-9384839e066e,634a1cbf-6332-47a8-856d-2257eac7412a,7944958.222113386,7944959.0145820575,7944972.192739045,2209,200,0.7924686716869473,13.178156987763941,176
75dedeb7-fecb-415b-8fcc-443554590487,807c8997-0aa6-4419-b197-96c6e92c4c4e,7944958.222140661,7944958.9712884715,7944972.152950267,4910,200,0.7491478100419044,13.181661795824766,192
4d0f08cc-6b12-4962-bc85-a73bd901abaa,d3b984f1-4463-48e3-98c8-2d606dc9acf4,7944958.22213188,7944959.634887128,7944972.19462144,2052,200,1.4127552481368184,12.559734311886132,256
d4e2b11d-e8e2-4dbe-b44b-3b29deba2928,6a060b93-128d-4e54-a435-0af0dbc0a790,7944964.556474714,7944965.1112408275,7944972.292310506,1681,200,0.5547661138698459,7.1810696786269546,224
3bf25917-0183-44e6-b1d9-a9a2fc141686,eef276f3-d425-4aae-a870-00c97aebe434,7944965.528263123,7944966.0380967315,7944972.913979169,3661,200,0.5098336087539792,6.875882437452674,176
259af82e-a47d-4dd1-b4a3-6f55b397b489,19a9f068-ae9c-4887-ab6f-8a55cb185dab,7944961.530974646,7944962.443172023,7944973.18392666,6453,200,0.912197376601398,10.74075463693589,192
59778a12-be00-454d-a95d-340d9973fcb0,4693a909-b4f2-426b-a04f-81bb13685c3a,7944962.552400409,7944963.147598478,7944973.376991166,594,200,0.595198068767786,10.229392687790096,176
cc5a403f-e808-4407-bd66-f660c6711cbd,ef439dfb-7515-417c-922b-b929d1395933,7944966.528098293,7944966.964852658,7944973.511374538,5066,200,0.43675436545163393,6.546521879732609,160
5634d203-961e-461a-b9d4-f742739661cb,aef23cb9-de90-4c2c-999e-8d56eb9b8b92,7944964.556486274,7944966.0094449185,7944974.162535822,2979,200,1.4529586443677545,8.153090903535485,16
9619a493-dd7a-4103-bd18-6157cdcbe673,6bbde2a4-c8c9-4455-9ab7-556ea23da962,7944963.558563166,7944965.36760718,7944974.2040365245,5901,200,1.8090440137311816,8.83642934449017,176
efe62025-5da0-4733-9c0a-c17b7f5b5d86,1a3883ab-8911-4f11-8fd4-57ff9a7f320c,7944965.528249019,7944966.057439453,7944974.436926248,5782,200,0.5291904341429472,8.3794867945835,160
7a84d2e5-317d-4bc1-84e3-0c50f3f3dd6a,975b1cbe-dd44-4623-ba2e-c3952c5903b4,7944966.528108519,7944966.761419956,7944974.77145232,2671,200,0.23331143707036972,8.010032364167273,160
4faeee19-c43a-4968-8d43-1284dd664139,9066abd3-2def-4e32-a5b5-0b42961acda8,7944967.527894075,7944967.672811706,7944974.799004145,1276,200,0.14491763059049845,7.126192439347506,192
196584b1-5161-493b-978b-72b6f1328e9c,193369c0-8703-46d7-a33d-c5d2dc2cfa85,7944967.527907931,7944967.620724451,7944974.993313764,754,200,0.09281651955097914,7.372589313425124,192
dadb3868-d0cd-45ec-beb2-192c6ac85457,a5074d64-e207-4809-af4d-53dc770a0eeb,7944958.222195363,7944959.367416895,7944975.035868394,5165,200,1.1452215323224664,15.668451499193907,192
b6cdf5cc-f0f2-4b8e-a196-9e270ab03f37,55888691-83c7-42d7-9056-f7cf8b677d1e,7944968.528015352,7944969.174780555,7944975.595058127,5828,200,0.6467652032151818,6.420277572236955,192
d004a0ee-7500-42f4-bfe6-cee86e5eb76f,73515c88-7aa9-4cf1-9314-b1478a657937,7944958.222200017,7944959.986714584,7944975.670973272,2520,200,1.764514566399157,15.684258688241243,288
bd66d431-c814-437b-8335-c15963878e67,8bf324a6-f8e1-4e21-81f4-776dea52de73,7944968.528030076,7944969.08056265,7944976.26619717,1127,200,0.5525325741618872,7.185634519904852,224
62080c5e-716d-4bc8-8c85-0af675b51f43,b364d444-8745-4600-b91f-aad78b2bad15,7944958.528978155,7944960.6785914125,7944976.35575904,1429,200,2.149613257497549,15.677167627960443,176
bb57f875-42cb-4684-a4a7-569839646a9a,ac7f1381-f111-4d18-8740-d17fce20aef7,7944958.528975754,7944960.679381511,7944976.357266009,3684,200,2.1504057571291924,15.67788449767977,160
6060927e-b7b6-40f5-ab97-0f6988fa4a77,666b6a11-1b24-43ec-a8b0-67e4c6b834cc,7944958.528972988,7944960.680101217,7944976.35843461,3027,200,2.151128228753805,15.67833339329809,192
ac44889b-f560-4fdb-b87b-adec98fa34c6,3ce39b5f-5799-4fcb-89cc-2113064e6eff,7944958.528982806,7944961.28352371,7944976.963527201,5816,200,2.7545409044250846,15.680003490298986,224
6a8a1bfa-4e82-4515-b377-bac2dba1e8d1,84d5fb78-05a8-499c-b310-f083b5d8df92,7944969.528402503,7944969.934971776,7944977.241215568,705,200,0.40656927321106195,7.306243792176247,160
caa46153-9f10-4161-addc-8f104804003e,b1cb4177-f07b-4fd6-b15e-276752706e6d,7944959.52926347,7944961.897068477,7944977.618020321,1290,200,2.3678050069138408,15.720951844006777,224
f768887c-ef6e-4737-a3dd-1f8771d10ca0,7749eb9c-39d3-4dcf-9ab7-6caa74d2bf15,7944958.528985262,7944961.894864031,7944977.617348174,2387,200,3.36587876919657,15.722484142519534,176
e575bb80-b809-4a0c-87f1-f577f70fba04,49a6c2d2-5263-4b00-a0a0-87b111b6ea71,7944958.528980419,7944961.89638126,7944977.6199679375,5697,200,3.367400840856135,15.723586677573621,176
b5516c5b-547b-47df-ad1e-e39a4b4a2816,61323a0e-d648-4de7-b67b-b711daabcf13,7944967.527905109,7944968.029425912,7944977.966569118,5818,200,0.5015208022668958,9.937143206596375,192
8332da62-83be-486b-bc27-b9c82b756b7b,92c5bb60-fa3b-4201-8506-da490ee69f6d,7944959.529267671,7944962.53875519,7944978.238187251,6874,200,3.0094875190407038,15.699432061053813,160
25805277-a5f8-4a4b-a67d-aeef548f6f47,9a682087-2b9e-42b1-bd60-cd969c9655a0,7944960.533019333,7944963.1269252375,7944978.848649762,5322,200,2.593905904330313,15.72172452416271,160
5b697549-b650-48cc-bb27-7faee2b7de9d,b983d827-0d38-4308-847f-1f3af4f8a8f4,7944961.530980867,7944963.746294008,7944979.473877104,6717,200,2.2153131403028965,15.72758309636265,192
7e43b146-83c7-43df-a638-2dd4c1b2163b,0277ea41-78b9-4729-a215-26bc79fed3a4,7944962.552377624,7944963.746736187,7944979.470142829,2257,200,1.1943585621193051,15.7234066426754,160
b625a675-03dc-464a-9c7a-3f837df81683,855cfa0b-6ef0-46a5-98e5-c44eaa5c8887,7944961.530984635,7944963.763472718,7944979.47444708,3712,200,2.2324880827218294,15.710974361747503,160
646044f9-bf22-4b3d-87bb-abbec6e63396,ddeeb9ec-b605-424a-8be2-8354f50bdec6,7944969.528406206,7944970.303228266,7944979.498675662,5843,200,0.7748220600187778,9.195447396486998,176
fc982181-2892-4e59-9c22-4e87cf8eb787,35263c7a-afdd-4603-a04c-dfa1749bc114,7944962.552397174,7944963.808168315,7944980.079224206,1119,200,1.255771141499281,16.271055890247226,192
916bb8ed-3a9b-4bf4-95ea-3317e8b8dffe,fa6f0981-cf0a-43ec-b31f-ee25f8a18c02,7944969.528398438,7944969.78056744,7944980.132801701,1820,200,0.25216900184750557,10.352234261110425,192
023e43d9-d100-4670-8641-24c3260b91f5,4e79f1a7-f546-4b99-89f2-b8e49d5fd029,7944972.528193905,7944973.01497926,7944980.257760681,2507,200,0.48678535502403975,7.242781421169639,576
7cf6cf34-06b2-412d-8950-25b296539afb,948eb0b9-5da6-4af8-9f11-91ec22f359f0,7944970.528338473,7944970.829811581,7944980.446111139,2643,200,0.3014731081202626,9.616299557499588,192
c4a1472c-b951-4333-a082-00ffa4631fef,7c1a7613-f9a2-432e-8df2-8b7fa4ec50ea,7944971.5282199,7944971.897832212,7944980.638958021,973,200,0.3696123119443655,8.741125809028745,960
eb9e8fc3-f7b4-46b7-9d45-407e73e0fc85,542c1b34-a0bd-4ad3-853d-8d07f781a2b1,7944973.527967577,7944973.667548134,7944980.858928633,345,200,0.13958055712282658,7.191380498930812,176
c074bb77-509e-42ad-bab4-ba4eef36b0d0,e2c90a7d-7e53-4be2-af25-3867ba666d55,7944973.527975938,7944973.870596389,7944981.23463388,3386,200,0.34262045100331306,7.364037490449846,192
d3538a7e-fcf5-44f4-97ab-7e3ae2b3928a,c06919a8-a2b9-49b8-b076-7345f66f0757,7944973.527984673,7944974.325729129,7944982.075098536,2050,200,0.7977444557473063,7.749369407072663,176
f78bbf1d-85f3-4b77-9245-447fbf396d8e,86ea5c7d-886e-429f-82a7-678f68526718,7944971.528205007,7944971.727449078,7944982.204413719,1247,200,0.19924407079815865,10.476964640431106,160
66018c34-28d0-4150-b224-6fce393d7661,c2c054ad-b012-47b0-9399-472e2409b536,7944965.528266299,7944966.803439785,7944982.210347609,2224,200,1.2751734862104058,15.406907823868096,0
424acec7-014d-474b-a453-9f44eb7ff342,9a534a9e-501a-40df-83f4-624c8d7b5e03,7944965.528259514,7944966.806779972,7944982.215972752,4737,200,1.2785204583778977,15.409192780032754,192
3e485853-ebe9-463b-9ade-0ba03fcaa841,db2464c6-7136-4f5a-a354-23f360505371,7944970.528335259,7944971.452683054,7944982.2194619905,5956,200,0.9243477946147323,10.766778936609626,224
efa89f17-9f4d-4330-87ec-297f3e9f5adf,17ea2373-6630-4649-8ec5-c5b587c94c28,7944975.527824659,7944976.111464461,7944982.341444827,5955,200,0.5836398024111986,6.229980365373194,176
88e34d13-79ab-4828-8918-bdbbeacda176,92614048-780c-4c63-ba8e-4be26713e9a3,7944973.527982207,7944974.3127435595,7944982.551325472,5692,200,0.7847613524645567,8.238581912592053,224
f8323c4b-58d7-424f-955a-89b93635485f,d20f32a0-1790-4b0b-ade3-3c0e6d688476,7944974.528299431,7944975.350256728,7944982.583719621,5784,200,0.8219572966918349,7.233462893404067,224
6d2ab3b5-fd0b-410f-8a54-6758d93e2445,6a7cdf06-d078-4a3c-a49d-aad13f7aebc6,7944974.528303479,7944975.349691835,7944982.583621096,1665,200,0.8213883563876152,7.233929260633886,176
06131d5e-e51d-448d-88d8-ce3a5ba18200,d62e934d-f56c-4467-85a2-71fddb96e36a,7944974.528309917,7944975.768594502,7944982.604301954,6455,200,1.2402845844626427,6.835707452148199,224
bfb1c92e-90b1-4746-bfb8-317c4b0de7db,28b74a43-9076-4763-9179-b66506d65ff1,7944975.527835917,7944975.776390806,7944983.069477362,1819,200,0.24855488911271095,7.293086555786431,288
93ed52a5-329c-4f5f-9abf-aab7e011cf64,d3ee945a-0104-40b5-a827-4620a82f0b1d,7944975.527847419,7944976.196029671,7944983.089485169,5592,200,0.6681822519749403,6.893455498851836,224
923d463e-ccf7-4f2c-9c0d-fc48b4a54386,a1df00eb-f588-40d0-936b-9d82eb3d8ac0,7944975.527844127,7944975.7128067305,7944983.348426086,1237,200,0.18496260326355696,7.635619355365634,224
c35a85b8-d3f2-41db-9712-23e63cd78dca,2d2128fc-7156-43f7-8f87-5a6d5983d6ec,7944976.528394497,7944977.06384529,7944983.498734025,6090,200,0.5354507928714156,6.434888735413551,192
59d75def-c30d-453e-83ad-629e045364f0,d2fcae66-11a4-4459-8eca-43e7e9d45137,7944976.528379338,7944977.039640726,7944983.50683302,5992,200,0.5112613877281547,6.467192294076085,160
ea62f0ca-a0c6-4488-bd85-070a0aced706,7e26fb2e-ff9e-4c44-9abf-7453e7c69fb2,7944976.528391561,7944977.0872850595,7944983.520594996,4482,200,0.5588934989646077,6.4333099368959665,4480
59f460fe-4ad5-43c3-89c7-741be5d18559,d8d9ef11-342d-49bf-a156-464961649dfa,7944974.528328869,7944974.768972254,7944984.642716487,863,200,0.24064338579773903,9.873744232580066,160
f45403dd-1cee-4951-b635-ae1d0b4579fc,56bef7f0-de43-46e5-83eb-74f5c2e1436c,7944968.528025918,7944970.183877838,7944984.9665112635,1484,200,1.6558519201353192,14.782633425667882,192
5a4a1729-9c86-4327-9bba-b7bdf862663c,da76c283-228b-4af6-a640-10f0fa45521e,7944969.528388336,7944971.365865554,7944985.148011672,1330,200,1.8374772174283862,13.782146118581295,192
7d6c2f54-dbff-468b-8f76-724dd08a5e5a,aa2fdddc-b36a-472a-bad8-76a893911b77,7944977.528757166,7944978.050011785,7944985.25543655,5832,200,0.5212546186521649,7.205424765124917,224
e65ee3d6-a34e-4c74-8c7e-5364a8aade32,92cc2d2a-54fe-40c7-8aa5-3427729650ab,7944978.528205223,7944979.362900459,7944985.323406918,5836,200,0.8346952358260751,5.960506458766758,176
83fd197b-a99b-4a48-87ec-edc93d49e6e8,19af37dd-93d9-4ad9-a0e5-118deaba9abe,7944977.528717154,7944978.064724419,7944985.933511181,5793,200,0.536007265560329,7.868786761537194,160
4aaa5433-a488-4b83-9038-e3691306bc50,08603ce6-483c-4fd0-9d65-4b6051d47dda,7944978.528229988,7944979.323494087,7944986.529609297,3778,200,0.7952640987932682,7.206115210428834,160
cc35d479-7a24-4667-81bc-be4f0619c4e8,d922863e-4720-4a3c-8e68-e41a455f1826,7944979.52822126,7944979.748212818,7944987.195769487,2641,200,0.21999155823141336,7.447556668892503,192
e36bdfce-1328-47fa-887d-dc3c98204e05,0bfcbe81-4f79-46ce-9ef9-d330b9b3516c,7944974.528288163,7944975.634588734,7944987.443769248,2031,200,1.1063005710020661,11.809180513955653,192
bb69a86c-c1b8-4642-b8de-b2907c68a4cb,1cf43c54-4dfe-47b8-986c-c311b23d8744,7944975.527841174,7944976.267771775,7944987.492846473,5928,200,0.7399306008592248,11.225074698217213,192
a92bacfc-2b02-4578-bce7-bfda4bdc1055,badeaf84-dcdc-4669-bce3-d46480adddc5,7944975.527838484,7944976.91154253,7944987.521243754,5925,200,1.3837040457874537,10.609701223671436,176
ef8e1f92-21b7-4229-9e7a-e0bed57f8e68,cb76f2a0-8cab-45da-a588-c560bc78002a,7944976.52838839,7944977.649615071,7944987.607321544,2015,200,1.1212266804650426,9.957706472836435,176
7c01c15b-2e00-4d58-9d2b-baadce92ad36,73f1f467-ed35-49fd-b204-348d37c66efd,7944980.528751613,7944980.776181324,7944987.622688571,2342,200,0.24742971174418926,6.846507246606052,176
01529cf2-3138-4420-82fe-8c37b3dc5d86,06e11099-e772-4209-bc45-ae572a9bbff2,7944978.528220734,7944979.36467953,7944987.8905200185,4893,200,0.8364587966352701,8.525840488262475,192
bbe1be64-3cfd-4501-b50e-652ee5e2c97c,2d87254e-3945-44ac-adee-a0c944773c8d,7944980.528740159,7944981.352214048,7944988.929335096,5212,200,0.8234738884493709,7.577121048234403,192
ab2a930d-9c47-4c05-97d0-51f67d637602,5b0f91ce-6b7c-4bc1-acfb-82cdc77c12e4,7944970.528327108,7944974.783265031,7944988.935541291,5900,200,4.25493792258203,14.152276259846985,176
4b368af6-05c1-4da5-81bb-25c836eff9dd,14247eaa-84dd-4234-8d17-c164f5ae3af5,7944971.528225367,7944975.725499975,7944988.993999487,6007,200,4.197274607606232,13.26849951222539,192
a8044b55-7829-49e3-8184-541fae82b5d8,dce9acc2-6cb3-4a0d-a588-167463328340,7944973.527979218,7944976.359948936,7944989.023173916,2936,200,2.831969717517495,12.6632249802351,176
78f0c561-8594-49e5-a079-0e7ba27cdff9,c2c054ad-b012-47b0-9399-472e2409b536,7944974.528322396,7944976.959149162,7944989.049215615,2224,200,2.4308267664164305,12.090066452510655,2208
af374db0-325b-463a-8d98-e4df91338619,95344c70-f33e-4e79-8072-294194e7d7ec,7944974.528319815,7944976.960272539,7944989.050275432,2404,200,2.4319527242332697,12.090002892538905,192
98ebe803-a318-44d5-81aa-6eb94d451bbf,00cc26cb-1974-489f-8e43-64b601cfd560,7944974.52832583,7944977.616623618,7944989.075881506,5774,200,3.088297788053751,11.45925788860768,160
971480a2-f32e-4ae5-9ed9-818f67d869a2,cd884a1e-a028-4070-a8c7-14fd8ab2f0d6,7944974.528331791,7944977.616020387,7944989.07466242,5828,200,3.0876885959878564,11.458642032928765,192
a37bddcb-9c20-431c-aa30-9eaf76ef6c42,eb29e24f-e7df-4425-9e5c-44d0ba3a6467,7944975.527833066,7944978.849080485,7944989.1302232845,2822,200,3.3212474193423986,10.281142799183726,176
0327fd17-3a9c-453a-9c52-1de60be3ea72,04e4c99b-43cb-459a-ad17-fcb4dcef58b8,7944978.528223535,7944979.588724319,7944989.13924901,1163,200,1.0605007838457823,9.55052469111979,176
18732e59-17c0-4e6b-a4cd-4657d13acc4d,5a462909-810f-4da7-b5ce-7bb69d58822d,7944978.528216867,7944979.591115007,7944989.141438554,6016,200,1.0628981404006481,9.550323546864092,160
2b1de59b-2590-45a2-ab3f-2f39c8ba2896,4c037fdb-ceaf-4952-91f5-c490b8f88170,7944977.528740901,7944979.473379822,7944989.154021951,2337,200,1.944638921879232,9.680642128922045,176
09284ed2-6cb4-4494-beb5-7499d59f3dea,1f538a5d-36a8-41ea-97ee-2c339fa2c19e,7944977.528752423,7944980.085723487,7944989.174333323,5844,200,2.556971063837409,9.088609836064279,192
23462cb8-a971-4a1c-aff9-1c1a88aa90a3,13da331e-a394-440f-8413-c59aeafdd460,7944978.528226759,7944980.546248594,7944989.198308343,2212,200,2.018021835014224,8.652059748768806,176
479723c0-f2d8-4402-9a7d-c52a4a93d084,8739206c-6a73-440f-a8b7-7646ba00305f,7944974.528306548,7944975.112659572,7944990.087099761,4027,200,0.5843530241400003,14.97444018907845,224
aec65d48-81f7-4066-924f-06978b3e5f31,6f800154-3d41-4bb5-84b5-53c0e3a2be75,7944974.528313177,7944975.111748556,7944990.08841902,1569,200,0.5834353789687157,14.976670464500785,224
31a489cd-bf25-4298-a0d8-bffab318c277,73515c88-7aa9-4cf1-9314-b1478a657937,7944981.528316191,7944982.145011132,7944990.247617208,2519,200,0.6166949402540922,8.102606076747179,288
17fff1ab-d3ff-4040-9537-d1f00e57ea29,2eff3391-cb8b-418d-acf2-93b9394e0201,7944981.528303102,7944981.890004295,7944990.88584101,3535,200,0.3617011932656169,8.995836715213954,192
f9f8607c-67b2-43fc-8f03-7ddbf31b5523,63942722-5e62-407d-aa66-e9b53f9369a4,7944983.528462451,7944984.057608561,7944991.286720033,5770,200,0.5291461097076535,7.229111472144723,176
a97101e2-0401-419e-91f4-7e5f338c89ff,3bc8a356-3e30-4ac9-8263-e41522576a6e,7944986.527797596,7944987.196126299,7944992.04053206,5840,200,0.6683287033811212,4.844405760988593,160
166a3e49-c139-4f67-afa1-1c9014360321,2e7c3d8e-cd99-4d6b-be7f-c3e7f99b2724,7944986.527812221,7944987.161228121,7944992.220052332,5866,200,0.6334159001708031,5.0588242104277015,160
8f8cb314-68be-4fb2-8999-279d955285e6,c11d6802-d0ee-4c6c-bec7-507f0b2efb7d,7944987.528198861,7944987.742467772,7944992.46236583,1415,200,0.21426891162991524,4.719898058101535,288
d1d82fe0-cd3a-450c-9e45-f2445513aac8,c0bbe934-0e33-44cb-bfb0-1a493fc3290b,7944987.528201767,7944987.750568908,7944992.813758492,1707,200,0.2223671404644847,5.063189583830535,192
2da3fe76-5872-4fef-9e62-bddb54a17f2c,d412bcc2-d23d-4b9e-9b5f-3bdacd91e23c,7944984.528668115,7944985.856389573,7944993.17339307,2784,200,1.3277214579284191,7.317003496922553,160
ef036cb9-3d58-4b62-8432-6a7583a254f6,72e8684d-410e-4f4d-a69d-a327e8d181c4,7944986.527815235,7944987.032707598,7944993.498033449,3989,200,0.5048923632130027,6.465325850993395,192
915b214c-465e-4c73-8215-3a5e6f87af82,5e253d3f-0cc8-4fa5-aaeb-b330d7e8ea8e,7944988.528569019,7944989.17149081,7944993.580126771,5967,200,0.6429217904806137,4.408635960891843,176
46127021-40f3-43bd-93da-fe0632d9330e,0abd24c4-2550-4a74-9b24-ebefa10c413c,7944977.528746974,7944978.455145783,7944993.958346669,3737,200,0.926398809067905,15.50320088583976,160
c0d20aff-eb85-4d66-a07b-b9b3a6063a84,359231d7-6b15-49b2-ba8a-a015bee5f927,7944977.528734945,7944978.458764655,7944993.960668125,4811,200,0.9300297098234296,15.501903470605612,224
27607ceb-92c9-4422-a73c-15f4c1166803,61323a0e-d648-4de7-b67b-b711daabcf13,7944987.528196017,7944988.109669837,7944995.587200253,5970,200,0.58147381991148,7.477530416101217,5792
bfcb8a8f-d4d6-47b8-beb5-44d8ba3daf1d,c7b64170-f421-43cf-909e-3085b5bc5c82,7944989.52792887,7944989.732553376,7944995.607623045,991,200,0.20462450571358204,5.875069669447839,160
73d7f7e0-59c6-45bc-99d5-550d46c3b2ea,bafac00b-b0ab-49b8-a11f-1df8a2ea0cca,7944990.528586216,7944990.863072123,7944997.146171919,1903,200,0.33448590710759163,6.283099795691669,176
cdd94b02-cac6-40ff-96e0-76bab555e92d,9060883f-9ab6-4276-8422-61358b83b2fe,7944989.52793164,7944990.742723887,7944997.463125481,3326,200,1.2147922469303012,6.720401594415307,160
2e1e07b8-79fd-4f5b-97d0-fb40cf5dbf8f,c6c749a6-fad9-490e-b35d-ed4ff524a75c,7944983.528466079,7944984.143534526,7944998.165629974,3052,200,0.6150684468448162,14.022095447406173,288
131f8b03-1e05-408d-b67c-86b96c976a43,f404af1d-e873-4d23-a33e-fa036a38c6dd,7944983.528450998,7944984.144774562,7944998.168525218,4405,200,0.6163235642015934,14.023750656284392,160
eb288437-d402-4ab7-81d5-7ac0dd272a43,6ce0c14d-689c-4494-beee-7bc5715840a5,7944982.528704925,7944982.764392146,7944999.262728268,1691,200,0.23568722046911716,16.498336122371256,192
5bdc7241-94f5-4343-9592-8693741b2e92,b497fdbd-c0cd-41f4-a5b7-63a2cbdbbd28,7944984.528664486,7944985.150138958,7944999.345870824,5847,200,0.6214744728058577,14.195731865242124,176
37683337-743f-4a62-a564-58c9220ec840,48973e5e-bf47-46fb-8058-a0044ce987be,7944989.527925425,7944990.095647563,7944999.431276909,5855,200,0.567722138017416,9.335629345849156,176
6aaf3958-6c53-4273-b6a1-9a9f389c7ac8,370b0411-bb32-4286-b2c1-ef16725ba4d2,7944985.528025419,7944986.173574141,7945000.022587679,5937,200,0.6455487217754126,13.849013538099825,176
bdd08de2-2cdb-4599-a72d-e3bd04fa4830,3ba7797a-2ac8-4a86-b503-441614c8deec,7944989.527911636,7944989.991040424,7945000.443939251,2167,200,0.4631287883967161,10.45289882645011,192
3f804c2a-362f-4433-b493-53e05158c82a,8f48cda5-2fd9-446d-be71-16b2308c96fa,7944990.528578786,7944991.606503698,7945000.451980346,2377,200,1.0779249118641019,8.84547664783895,160
cbb50884-6539-4621-8da5-c1b015ebc2ef,49bf49bd-33b8-4a2e-8ff4-3ff04bea24f0,7944986.527818195,7944987.191974242,7945000.713090916,5976,200,0.6641560476273298,13.52111667394638,160
a7f5852a-f738-4242-a46f-ca07c0f6f9af,adca78ee-08e6-4b7a-8863-66167b4a3a70,7944984.528671963,7944985.381355542,7945001.103264783,1530,200,0.8526835786178708,15.721909240819514,160
a1f5a9df-4835-4dfd-95ca-a43c852919a6,762e40fb-aa89-4998-9dd3-5b22bcf87c95,7944987.52818254,7944988.714067029,7945001.410569974,3748,200,1.1858844887465239,12.696502945385873,0
fca2441d-4f2e-4985-928a-40d91df45f38,91d75233-c614-4ff4-a23b-d5a49411e712,7944987.528189739,7944989.029504747,7945001.438361527,5803,200,1.501315007917583,12.408856780268252,176
61794102-6968-4315-ab41-731378ff8b6e,2c1d692f-6883-4068-8bbf-8e139fc209b5,7944987.528193182,7944989.029287762,7945001.4388576355,2866,200,1.5010945796966553,12.409569873474538,160
6cc910d0-f83a-41e9-822e-a42fb038a0de,893e9c87-a38c-404f-ab45-62cb54422ae4,7944993.528666188,7944994.121175696,7945001.443582594,5995,200,0.5925095081329346,7.322406898252666,224
9574f084-7985-44b7-98c7-0330cbef39cb,eea619af-43e7-4d27-a8dc-7b2d35faa177,7944990.528567875,7944990.767118428,7945001.939223097,2406,200,0.23855055309832096,11.172104668803513,192
ef61e025-2b0c-400c-80a5-fc6a4028bbf2,c2c054ad-b012-47b0-9399-472e2409b536,7944990.52858277,7944990.912345565,7945001.966624566,2234,200,0.38376279454678297,11.054279001429677,272
5b910389-f169-4152-b744-7768e0ceb928,86ea5c7d-886e-429f-82a7-678f68526718,7944984.528652515,7944985.792238237,7945002.00509627,1247,200,1.2635857220739126,16.21285803243518,1232
816a5410-c104-4c30-9d2f-6d763eee9162,388115ee-cfd7-4965-aa31-059528c7936e,7944994.528438325,7944994.921241166,7945002.178480566,2951,200,0.39280284103006124,7.2572393994778395,192
ea215ee3-520a-4927-9093-a9b82ab87009,7ea2ccfa-2624-469e-86a2-3d37a9566288,7944984.528684613,7944986.399365553,7945002.6327780085,1466,200,1.8706809394061565,16.233412455767393,192
6a5050da-3eab-4ccb-9e7b-052297bf0d2f,61825907-0831-4156-b652-05df83addd95,7944984.528675849,7944986.401521583,7945002.636032962,4270,200,1.8728457344695926,16.234511379152536,224
cab0a4f2-e047-4791-b3e0-3492efd81b55,d255caec-ea5a-4101-b7b8-6297e1ff4298,7944984.528680174,7944986.401564082,7945002.639164283,3591,200,1.8728839084506035,16.23760020080954,224
8408bdd1-3e9d-44de-bd0b-e8454b058be8,5ae2a487-fa63-459b-ae67-aa51c5f29d8b,7944995.528340143,7944995.69957648,7945002.96188952,1116,200,0.17123633716255426,7.262313039973378,192
b2b86cbb-511c-4da0-9bd1-62d9a49a437d,6cbadc19-5c60-4557-9e0f-40b5e94fa44d,7944995.528328524,7944996.426224189,7945003.02072309,4456,200,0.8978956649079919,6.594498900696635,176
7358616c-6d84-4ab8-bb16-1d0cb776456f,08603ce6-483c-4fd0-9d65-4b6051d47dda,7944996.52821477,7944996.644502475,7945003.224964862,3957,200,0.1162877045571804,6.580462386831641,3776
8b9e8be7-de97-42e5-8eb8-9bb53e1ca95d,f8fe6d82-88ff-4036-a76d-2c961a7e8fda,7944986.527808609,7944987.214074473,7945003.304549483,2187,200,0.6862658634781837,16.0904750097543,160
2ee15675-2c56-4de9-94f2-708dddbc8d4b,b2fa6790-dd5b-4084-8a12-100919ea9d3e,7944991.528337078,7944992.055891453,7945003.448740093,5846,200,0.5275543751195073,11.39284863974899,160
18e9593c-0e69-4e1c-89f8-4f6e40205375,ca3f93ca-3854-4518-85a8-c7ae9ff60ffe,7944991.528347001,7944992.673266794,7945003.471746473,1871,200,1.1449197921901941,10.79847967904061,176
eaf2677d-88f4-4c84-84b1-b3b139fe4f37,f4388798-3f35-4485-97c5-bae23c92d237,7944992.528551436,7944993.276335017,7945003.50049745,1614,200,0.7477835807949305,10.224162433296442,192
6d2ae203-8852-45e4-b8a8-1a5089b8e8e2,3345cbcc-b4b1-4827-bce9-26777f705b86,7944993.528662541,7944994.192126844,7945003.607657474,6571,200,0.6634643031284213,9.415530629456043,192
32956210-27c0-4df2-9367-a5fab556fb35,db473b5a-9702-4deb-9f5f-b172fbe42243,7944994.528441858,7944995.137892385,7945004.351870222,6594,200,0.6094505274668336,9.213977837003767,176
cf0fac6d-66f5-41d2-97ea-eb1af7d1206c,2fecaf00-3c56-48e0-83ff-cc62525208a4,7944997.528240511,7944998.722306248,7945004.370214441,5975,200,1.194065736606717,5.647908193059266,176
e417029d-4049-4ec3-b5c2-38a29b0e2eee,b364d444-8745-4600-b91f-aad78b2bad15,7944991.528324666,7944992.327465465,7945004.478777118,1429,200,0.7991407988592982,12.151311652734876,176
62c93d44-7cd3-46fe-98ba-a6140ffa9fad,ebba42c8-d541-4401-b45c-cd2f4e131524,7944996.528202169,7944997.817197436,7945004.585629532,4928,200,1.288995266892016,6.768432096578181,192
3e19dda5-1731-4530-ae43-a5e1c41aec94,30c27ebf-96cc-4b2b-ab07-a06e23ff48f3,7944995.528332258,7944996.22714844,7945004.838110529,5759,200,0.6988161820918322,8.610962089151144,224
f9b2427d-8cf0-4b42-b99b-86c7b9f54e15,84d5fb78-05a8-499c-b310-f083b5d8df92,7944995.528320601,7944996.229714717,7945004.846870228,910,200,0.7013941155746579,8.617155510932207,160
23134d1f-04c1-4e9f-a5ac-33550cc7b0f5,73c85dd9-a852-4a52-9b15-4d56f95a2436,7944995.5283359,7944996.687243912,7945004.857810426,5958,200,1.1589080123230815,8.170566513203084,160
d623f1bf-cd06-45a5-8707-c61f6af6f1a2,c1905d2f-313a-45a4-832a-0b436c40d267,7944996.528210526,7944997.7969370885,7945004.901513576,5902,200,1.2687265621498227,7.104576487094164,176
f728aeb6-4bfc-4457-acd3-fac157d7f272,8c4449c9-0656-4caa-85f4-05bc80a54e6a,7944999.528341449,7944999.936599631,7945005.145235147,4078,200,0.40825818199664354,5.20863551646471,224
aa42fdf1-684f-401d-998b-50a1799c1431,a647f134-247a-45d1-9638-839d88720a01,7944987.528204351,7944988.390316984,7945005.469123808,2195,200,0.8621126329526305,17.078806824050844,192
e53c4639-1ed7-462d-a264-fb65a45e9358,3075185c-4dfa-4e5c-a7a2-6f798eac7aaa,7944988.528581379,7944989.833510239,7945006.429749987,5865,200,1.3049288596957922,16.59623974841088,160
f4b4c98c-4a55-4e20-8344-56d67c17d5e2,bde9bed4-c70f-455d-8fd2-f39ccda69523,7945001.528340249,7945001.799209486,7945006.724506396,2900,200,0.2708692364394665,4.925296910107136,224
f36fa3bf-6ce9-4eb7-bb91-c37e152b722f,617f782e-efb9-4c0f-b006-2590c59dcebb,7944989.527921589,7944989.899271112,7945006.810854517,2825,200,0.37134952284395695,16.91158340498805,224
4b486b72-7129-4a9e-87cc-d4702f7013e9,abf579d0-bec5-4e6b-826a-8905fd77fdef,7944998.527822934,7944999.154666754,7945007.865294655,5909,200,0.6268438203260303,8.71062790043652,176
69dc1931-57a0-4df4-ba1b-fdd4b44bcad8,0bfcbe81-4f79-46ce-9ef9-d330b9b3516c,7944998.52783019,7944999.046252871,7945008.341683184,2182,200,0.5184226809069514,9.295430312864482,192
fa5396cd-9ab4-4573-a949-d3c594c162a5,75f67f94-c23b-4fc9-a5eb-2efd0edd3ba1,7944998.527811499,7944999.473209554,7945008.371125125,5785,200,0.9453980550169945,8.897915570996702,176
4384b003-3557-4078-afd6-6ffc8eed611c,2d2128fc-7156-43f7-8f87-5a6d5983d6ec,7944999.528331739,7945000.535351212,7945008.427342779,6259,200,1.0070194732397795,7.891991566866636,2096
9648d140-f708-4beb-bc4d-e2e46887d797,b4b1bac4-6c71-437c-9c73-e02f18428429,7945000.528520798,7945000.940951607,7945008.547432279,2357,200,0.41243080887943506,7.60648067202419,160
5bab9e5f-48bb-4665-80c8-24b23658cf5b,61f803a7-3498-4de6-a1a2-6d57b33743fa,7945000.528500067,7945001.3816483,7945008.69904607,5874,200,0.8531482331454754,7.317397769540548,176
b5c8d320-0e50-4e07-9110-1d03e893f0b6,bcd520f5-bf67-439a-abaf-7abeaf00ad3b,7944991.528340955,7944992.258611362,7945008.8539149,5869,200,0.7302704071626067,16.59530353732407,192
1f77acc5-d45c-4ebf-8458-633cae8e4605,eef276f3-d425-4aae-a870-00c97aebe434,7945003.52797837,7945004.021741953,7945009.058467231,3832,200,0.4937635827809572,5.0367252780124545,160
3614b682-4514-4e1f-aaf0-13978f00ffda,77b4ae52-f6c1-41d1-91f1-b68909c594f4,7944991.528344226,7944992.624519124,7945009.289173228,3562,200,1.0961748976260424,16.664654104039073,160
b607ede8-ab08-4cae-919f-b2748db2cef5,190510e9-1b94-44f5-895a-8b5e8e0fd079,7945004.528081126,7945004.750576953,7945009.627969404,696,200,0.22249582782387733,4.877392450347543,160
6e74f69a-42c3-4f4b-a542-d56408690895,daf17ae7-56e2-41b3-b327-73a287b0645d,7944992.528539408,7944993.173807022,7945009.870046973,6052,200,0.6452676141634583,16.696239951066673,176
5b4eee60-4486-4a0d-b06a-4498d6a87911,d24e5417-b753-4820-aab6-0e27746af42b,7945003.527970433,7945003.822861528,7945010.556206698,2631,200,0.29489109478890896,6.733345169574022,192
844a0618-02c9-4330-87f8-c16b26eebf1e,6bbf67fa-e3a7-46a6-9cbc-3a9054443916,7945003.52797513,7945004.234848365,7945010.566320407,5792,200,0.7068732352927327,6.331472042016685,176
4e414388-92d9-436f-968e-9a56d09d4fc6,0fb9acc9-a9df-48ab-97bb-d5cbf74736cb,7944992.528548269,7944993.607178139,7945010.624179687,1894,200,1.078629869967699,17.01700154878199,176
61c6090a-c6b6-4256-b150-a456f7b95d7e,fa6f0981-cf0a-43ec-b31f-ee25f8a18c02,7945000.528524433,7945001.621477492,7945010.62980763,1820,200,1.0929530588909984,9.008330137468874,192
e1977521-8bee-4a4e-85b4-e52901f92d87,634a1cbf-6332-47a8-856d-2257eac7412a,7945000.528517929,7945002.228110077,7945010.650156771,2209,200,1.6995921479538083,8.422046693973243,176
b1b3b9b6-802e-44bb-8e24-17f80783cf5d,0ceb19fd-18e1-4a16-a3df-e81d2099468d,7944994.528426481,7944995.748948487,7945010.955832502,3957,200,1.2205220060423017,15.206884014420211,160
ae5c659f-fc63-4443-8496-490dd8d396fd,8d0ae58b-469f-4e1e-a872-529af1e03f11,7944995.528308121,7944996.730004422,7945011.620748634,1881,200,1.2016963018104434,14.890744212083519,192
c4fa6726-fbe1-4ff1-b644-7718c37099c7,10bcf0c5-a7c4-43f0-9664-79e32e9e57d8,7944993.528653306,7944994.819742462,7945011.661389448,5642,200,1.2910891557112336,16.841646986082196,192
88831efa-4bfd-4426-8af1-331d8f85172a,975b1cbe-dd44-4623-ba2e-c3952c5903b4,7945006.528170755,7945006.908086619,7945011.919537005,2814,200,0.37991586420685053,5.011450385674834,160
7022e30f-6e81-4b60-91ca-202e6b65cd61,4194fbf5-4d40-4ef2-9ff6-36979c053da7,7945002.527931035,7945002.73624908,7945012.089372238,1691,200,0.20831804536283016,9.353123158216476,192
f88d6a8b-11c8-4839-bfda-2f0b31abaeec,9fb69ac8-e201-48cf-b4e0-d53568cd2467,7944996.528206626,7944997.4854482,7945012.692826491,1902,200,0.9572415743023157,15.207378290593624,192
79de7f10-fbe1-4bf3-8944-e3f341606e34,c25d9c7d-1328-413d-8627-ce51dfec2736,7945006.52818228,7945007.271101153,7945012.75477499,5389,200,0.742918873205781,5.483673836104572,176
41235a06-d7c8-4804-9e30-d5e4d1c77793,de9dd036-4f1e-4b4b-af42-313691711d35,7945006.528186482,7945007.270825162,7945012.755737573,2185,200,0.7426386792212725,5.484912411309779,192
8042c67a-c2f1-43d6-9ecd-661cbd0dae04,74b4e688-4fc6-4a42-b004-5ea5ef335a5c,7945007.528150302,7945008.034638144,7945013.109191964,5798,200,0.5064878417178988,5.074553820304573,192
f14f7c48-2148-478d-9e79-fe06c7799b90,9ee405ba-02d7-4871-a193-208ea4beb42b,7944995.528324333,7944996.667869237,7945013.225096348,5717,200,1.1395449042320251,16.557227110490203,192
9198293d-e827-455a-a19d-b3913a5dd9d6,807c8997-0aa6-4419-b197-96c6e92c4c4e,7945003.527959163,7945004.656902756,7945013.3924759505,5148,200,1.1289435923099518,8.735573194921017,192
65ee614f-949c-4c22-ba90-0cff8e18488b,eb35ac2c-de06-4a24-85b2-5209248fff48,7945003.52799162,7945004.780427221,7945013.418603284,3697,200,1.2524356013163924,8.638176063075662,192
55763e0c-bf80-4b5f-8333-2fea9b6a19c1,b983d827-0d38-4308-847f-1f3af4f8a8f4,7944998.527833062,7944999.265961493,7945013.440900498,6744,200,0.7381284311413765,14.174939004704356,192
6809e7d7-29d9-483b-a796-7c8ef823b3c5,4a5518fe-1784-4114-80fa-356bfad60371,7944994.528444733,7944997.613281256,7945014.212814407,6297,200,3.0848365230485797,16.599533151835203,192
dfe454b7-f2b8-44b3-a893-3cca23c42620,a064ed6a-df7f-4bd4-8bf2-2a147fae5449,7944996.52821851,7944997.926575842,7945014.369765618,5728,200,1.3983573326840997,16.443189775571227,224
bc768fa5-de59-4742-9215-c85f6e9c1b83,f0406c42-c744-41c3-a30a-226ca7270043,7944996.528190626,7944997.931580014,7945014.3757244,2216,200,1.4033893877640367,16.444144386798143,176
ea68049b-28ac-47f9-ad52-f625ce5847dd,11be3da4-66ba-4d1a-ae13-d0717669c0d9,7944999.528348288,7944999.788220808,7945015.363017466,1065,200,0.2598725203424692,15.57479665800929,160
6b6282d4-5b25-4ac1-ac04-ca0b9fbb9174,4693a909-b4f2-426b-a04f-81bb13685c3a,7945006.5281932,7945007.311654949,7945015.561043116,594,200,0.7834617486223578,8.249388167634606,176
3fc93df6-025f-4231-a577-5f0f4684c730,001f8798-f5d5-419b-90be-53cd52b1c070,7944996.528229584,7944998.859748795,7945015.571588854,4628,200,2.3315192107111216,16.71184005960822,176
fe3bd963-6a57-438a-9c09-2a7cc4532f74,5c4f485b-02ad-4dc8-9f8f-65b63db43f6e,7944997.528256126,7944998.864753557,7945015.577352372,1352,200,1.3364974316209555,16.71259881462902,176
b0277566-afd9-4822-ab88-3533dec66ee5,561427d8-2917-4668-bb9f-e29ea68c80af,7945007.528137984,7945007.8275476815,7945015.887228699,2457,200,0.2994096977636218,8.059681017883122,320
086a258c-ca60-4b17-a3bb-953887f3b230,a488bf89-d0ea-4c7d-bb1c-a03b6f9a4b3c,7945007.528166873,7945008.253874101,7945015.905605545,5845,200,0.7257072273641825,7.6517314445227385,192
e7a9cdf1-a428-4054-9742-e9442d161cdb,92614048-780c-4c63-ba8e-4be26713e9a3,7944998.527827003,7945000.007791449,7945016.271957375,5692,200,1.4799644462764263,16.26416592579335,224
a406b0a4-9b83-44ce-ad48-9d886b7fe1b9,6a7cdf06-d078-4a3c-a49d-aad13f7aebc6,7944998.527836639,7945000.386816788,7945016.30088186,1789,200,1.8589801490306854,15.914065071381629,176
3093a936-8df8-4129-bfe5-0854262105f9,d34b060e-017b-49ea-9759-256fc37cf712,7944998.52784035,7945000.388379423,7945016.301824981,2895,200,1.860539073124528,15.913445558398962,176
e1d8110c-3df6-46ee-acd8-dc0d2dc3ca4d,11c17151-c660-4f18-a81e-fa7de1fa076b,7945000.528514417,7945001.132081431,7945016.887527518,1074,200,0.6035670144483447,15.755446086637676,192
22020b72-861b-43c7-bf18-42ac31cfeb0c,63942722-5e62-407d-aa66-e9b53f9369a4,7945000.528528622,7945001.129510051,7945016.890183267,5770,200,0.6009814282879233,15.760673216544092,5760
6e81300d-be29-458e-a2b1-90e135acc8d3,1a71a3c7-3427-4b19-80ec-96704f5aafd8,7945010.528095096,7945010.847830167,7945016.941810055,1738,200,0.31973507069051266,6.093979887664318,192
7f666876-e2c2-4f16-90cc-b4fc71dc3363,08603ce6-483c-4fd0-9d65-4b6051d47dda,7945010.528123255,7945010.842508177,7945016.936631972,4102,200,0.31438492238521576,6.094123794697225,3936
9dce5e0d-e0c0-4c82-ba97-9851be484916,20907513-6f2b-4ea5-a652-4c331e561f4b,7945007.528171834,7945008.212155273,7945016.982771665,6002,200,0.6839834395796061,8.770616391673684,160
6faa0bde-2232-4497-93c8-a47f15109ed0,b0e864ae-1a94-4ff1-8c76-d8676446b039,7944999.52834495,7945001.352277534,7945016.997255012,3084,200,1.823932584375143,15.644977478310466,288
e03cdddc-5fd2-4f09-83b9-0e64c9ce66df,83a4f7a2-3414-41cb-b62b-13828711c3e3,7945007.528175812,7945008.279852852,7945017.005467402,3142,200,0.7516770400106907,8.725614549592137,160
eb28f3d0-3dae-417f-92cd-f6c952a5beef,970a6644-9a33-4797-a2bf-49762e3f02a0,7945010.528116922,7945011.218286321,7945017.209760321,3790,200,0.6901693986728787,5.991474000737071,192
19cded50-dd37-4eb8-ac33-a28ed98483ab,8dddb25d-fe37-459d-ae01-c8d859fd69da,7944996.528226156,7945001.36942258,7945017.578922846,5765,200,4.841196424327791,16.209500266239047,160
202f1372-786c-435f-bdf4-01e14d16d1e5,aef23cb9-de90-4c2c-999e-8d56eb9b8b92,7944996.528222702,7945001.372346875,7945017.584297592,2952,200,4.84412417281419,16.21195071656257,288
2e709070-ec9e-459a-b904-282313006fd2,99cdea42-227f-4187-9a85-5a4c042468f4,7945000.528511271,7945003.92547739,7945018.325389289,2458,200,3.3969661192968488,14.399911899119616,192
8bded196-047b-4d6d-a139-50e09c80bd5a,3e079306-9bd9-4ab5-ace0-9e2803e63a19,7945001.528350624,7945004.58880538,7945018.3534560185,5770,200,3.0604547560214996,13.764650638215244,160
c7308363-db9d-48dd-bb28-54d7f536fcfb,211e1142-f3f9-4f09-a1ef-cc9c6ba3f927,7945003.527998514,7945005.853636578,7945018.400809746,5802,200,2.3256380641832948,12.547173168510199,224
cb92b2e8-8599-4da3-bb86-34b45de3bd44,c0df23d3-6150-43f7-a770-c020eb5f30ad,7945003.527988457,7945006.428630297,7945018.431832698,5833,200,2.900641839951277,12.00320240110159,192
63ce60ac-7c53-4db2-9a35-b42f97c9ca1c,147fcd8f-cd52-45ac-b342-1144be04281d,7945004.528097282,7945007.113205318,7945018.484134013,5774,200,2.58510803617537,11.370928694494069,192
ae5d7f86-0243-4212-9a6b-9ae200bdd747,cebd20f2-5ee0-43c4-94ad-1c355266cbd5,7945013.528036945,7945013.70125132,7945018.637191904,1354,200,0.17321437504142523,4.935940584167838,192
c7f1d23f-7727-49d6-b32a-c2c0f6b158bb,4e79f1a7-f546-4b99-89f2-b8e49d5fd029,7945013.528040589,7945013.772617448,7945018.649673751,2435,200,0.24457685928791761,4.877056302502751,288
17969b4b-b019-45cb-9879-d2caa8049a4c,d0f88edb-e209-444c-9c41-1068ec16e1c9,7944997.528253212,7945002.635903061,7945018.836694932,680,200,5.10764984972775,16.200791870243847,224
667a5c30-4bab-48fc-88bf-194a65188844,2e0ebd62-ed20-49e5-b3c5-44f67a92fb07,7944997.528249506,7945002.637733309,7945018.838118352,4099,200,5.109483802691102,16.200385043397546,160
035172c5-37fa-412a-82ef-1f04a3da01ae,170ea2c4-4d14-40fc-b37c-ea5faa943e4e,7945002.527921258,7945003.059869799,7945019.5117069455,5930,200,0.5319485412910581,16.451837146654725,192
4c390d7c-3dc9-42ce-aac8-1b65f8e6a68f,00cc26cb-1974-489f-8e43-64b601cfd560,7945002.527934588,7945003.508380455,7945019.744169863,5822,200,0.9804458674043417,16.23578940797597,160
be5d1e9c-a329-4fe5-b32f-69079c5bec1b,a780aaa3-d43a-44f0-b001-07e8681401fd,7945009.528121073,7945011.123353588,7945020.112776107,5966,200,1.5952325155958533,8.989422518759966,192
a93e3dc9-de54-4574-98b8-b51f5eddc80c,416527a2-a792-4e13-a9b8-1130c26752bc,7945010.528110515,7945011.123021597,7945020.112940608,6052,200,0.5949110817164183,8.989919010549784,192
5f26da31-6cf8-45a3-90aa-d06f5b782f53,f8fe6d82-88ff-4036-a76d-2c961a7e8fda,7945007.528162962,7945010.110324653,7945020.119976343,2187,200,2.5821616910398006,10.00965168979019,160
f9264177-aa41-4910-a35f-d4b3be71259c,e24543ef-8e01-4f81-96d6-3b725d1934f6,7945013.528026405,7945014.436917907,7945020.271541711,5889,200,0.9088915018364787,5.834623804315925,176
f5307aa3-3a0d-4bf5-b6f6-3d474897b2bd,2ae10bab-d488-43d5-b9e1-c6011afcaf66,7945013.528042894,7945014.709414681,7945020.289963573,5909,200,1.1813717875629663,5.580548891797662,160
e117c980-42c6-4539-9c9b-e60a27acc02d,0185fb43-110c-47b5-9bbc-d7a12b9b072f,7945003.527995715,7945004.24312195,7945020.500620347,4576,200,0.7151262350380421,16.257498397491872,192
0c839fcf-3d7b-4f34-8e42-058fe1e4186c,d39b3f1f-8b11-4b99-b8c8-98411d1454ed,7945003.527981994,7945004.24704934,7945020.50515687,2038,200,0.7190673463046551,16.258107529953122,176
de8a16c4-385e-4615-9ac4-d9fd0b317169,b6d73390-2ad0-497c-b0d3-d501b54cb3b6,7945010.528107305,7945011.420763654,7945020.55117287,5612,200,0.8926563486456871,9.13040921650827,160
e365300c-7492-4d1c-8593-4fc6de390269,92efd495-043a-491c-a9d8-1438b337451e,7945011.527853269,7945012.078796135,7945020.685041622,3640,200,0.5509428661316633,8.606245486997068,160
02d27f67-190c-439e-a6ea-a207b3fdea89,855cfa0b-6ef0-46a5-98e5-c44eaa5c8887,7945003.527985155,7945004.412494359,7945020.928133232,3952,200,0.8845092039555311,16.51563887298107,160
0126056e-f8ae-4bed-bff8-d7af9115698e,f192fa26-d719-4b35-8094-0a3b2eaa4693,7945014.528208255,7945015.3519376395,7945021.350027613,2272,200,0.8237293846905231,5.9980899738147855,192
43f5f65c-cc04-42bf-92bb-82d86c5684f5,edd89379-d2c9-4ac0-ad26-9773566c427c,7945004.528093884,7945005.362630356,7945021.577418071,5573,200,0.8345364723354578,16.214787715114653,176
733c8149-aa82-4c1f-8b61-c33c689fb824,d7cf37ff-7f8e-4329-9149-00c1e9db916c,7945004.528100134,7945005.652998891,7945021.602855603,441,200,1.1248987568542361,15.94985671248287,160
0b5b4463-cc26-41a9-8e87-57716d460691,9c8ff1e3-4d84-45f7-bcc3-23d7a60f9027,7945004.528090624,7945005.65896627,7945021.607503679,5923,200,1.130875646136701,15.94853740837425,192
11f35972-e1ed-442d-8b95-670b9a5bfb11,8fd022b6-2a29-403d-b62f-25b9e4f8498f,7945015.528140075,7945016.4425685685,7945021.647282435,5909,200,0.9144284939393401,5.204713866114616,176
4d90c3aa-4d54-4eb6-8e2a-84ae76936adf,b713d1b8-be7b-4e19-a4bc-dec8a4f71f9e,7945005.528741789,7945006.265258774,7945021.65057846,5987,200,0.7365169851109385,15.385319685563445,176
2ef00437-cbd0-421a-b656-fcb2878dbd53,49a6c2d2-5263-4b00-a0a0-87b111b6ea71,7945005.528732387,7945006.628360389,7945021.667542763,5705,200,1.0996280014514923,15.039182374253869,176
3d4a390a-9015-4c5f-8690-f21beabb8288,1b2cc5da-e2ec-4ec1-8fe4-ec4f1173369f,7945006.528189619,7945006.965898972,7945021.850732836,549,200,0.4377093529328704,14.884833863936365,192
e7ae92e6-b19d-45bd-b9f9-2c3ea993aea9,966645c6-6b89-4c9f-ac51-07d831370ba2,7945011.52786365,7945012.227994496,7945022.242882005,5780,200,0.7001308463513851,10.014887508936226,176
32ace4a0-5402-4a11-ae1d-6f76c348dfd4,c44ed8d3-6ec9-4798-bc04-299298c85669,7945007.528154302,7945009.375024962,7945023.393965944,5886,200,1.8468706598505378,14.018940981477499,192
938671bf-0577-4d81-84e6-a5c4a04cf24e,23dc353f-7f6d-46a5-a753-1fa331e78f1a,7945007.52815877,7945009.374438087,7945024.121128661,1817,200,1.8462793175131083,14.746690573170781,192
05089529-e1a5-4a9a-9601-6451177d5050,cab30879-0c4f-45d3-a4a4-2366d94f364e,7945015.528128548,7945016.644095779,7945024.644166919,843,200,1.1159672318026423,8.000071140006185,160
08fbd036-a4a4-4d48-b477-665fb46d735f,56385a8d-857f-4f1a-9f71-9d99a831e76d,7945009.528115121,7945012.246523804,7945024.672677575,5923,200,2.7184086833149195,12.426153770647943,160
8e576f7f-d12d-40f0-b179-b0a593b8ec72,c2c054ad-b012-47b0-9399-472e2409b536,7945009.528128686,7945012.244240057,7945024.670279199,2232,200,2.7161113703623414,12.426039142534137,0
1b07d89c-cb9b-4aa5-a1d7-437cce38aafd,ca9b1101-a4d6-40ac-8444-bee1d846e616,7945010.528119924,7945012.689218352,7945024.697530412,2132,200,2.161098428070545,12.008312060497701,176
fdc8c765-3e22-4878-9bfa-bdf47ed12eab,73515c88-7aa9-4cf1-9314-b1478a657937,7945011.52786651,7945013.238768098,7945024.726984892,2459,200,1.7109015882015228,11.488216794095933,288
d5b20be0-69f6-4240-929b-f185ecc652c7,ba2948fb-7a1d-48df-9586-f77294d86bcd,7945015.528143786,7945017.015814426,7945025.069687603,3268,200,1.4876706404611468,8.053873176686466,160
7ba5b1d4-985a-43b1-9f35-f176dbd5732e,cf7c3d83-83e4-4fc8-be78-554c3fa39f5d,7945014.528196981,7945015.676839595,7945026.720666096,5937,200,1.1486426135525107,11.043826500885189,176
aab00de6-fcfa-487f-a70f-89372145d3a0,3dcb46f7-1300-4da3-8c29-aabf89508273,7945018.527961666,7945019.309330176,7945026.855193284,436,200,0.7813685098662972,7.5458631087094545,160
9cc14d66-5ee6-4848-9c13-704fe6d82899,3ac51539-0bf9-4496-b58b-bcfc7632d4a6,7945009.528091597,7945010.489411498,7945026.941608637,1757,200,0.9613199010491371,16.452197138220072,176
11f9a95e-ad89-4e3b-9b5e-1ce350a888eb,2c1d692f-6883-4068-8bbf-8e139fc209b5,7945016.528601784,7945016.844611812,7945027.00158679,2866,200,0.3160100281238556,10.156974977813661,160
f56e0dd9-bd79-48aa-8470-adaba78023e8,3caf9b43-3af5-4d91-8314-56adfab17502,7945014.528212387,7945016.891393015,7945027.404490775,2915,200,2.3631806280463934,10.513097760267556,192
b4929299-ccac-4d6a-88de-2ab9e63cbfe7,0f5453ee-72f3-457f-ac7c-5c04a0c6126f,7945015.528146667,7945017.588576791,7945027.451849089,3078,200,2.0604301234707236,9.863272298127413,224
1511432f-ad8f-44f3-a768-f8f01198c3e0,ad4218dd-4e3a-4664-99b7-90c10307f0cc,7945009.52812574,7945010.984865504,7945027.676230991,5574,200,1.4567397646605968,16.69136548694223,224
16a84d39-1d5f-4d22-920d-754467d7f40f,70947ba3-d4c1-4b93-81e7-4db84122b195,7945017.528290731,7945018.678416216,7945028.111861915,5669,200,1.1501254849135876,9.433445699512959,160
ec15113b-9821-4e46-8c52-8dd4bde0f651,1e13717b-a37d-4356-b6e3-5327260b16ec,7945019.528690075,7945020.624418441,7945028.249215548,3611,200,1.0957283666357398,7.624797106720507,160
ec8a1faf-6423-4489-8919-a0582c48d319,d2fcae66-11a4-4459-8eca-43e7e9d45137,7945017.528279307,7945018.44721341,7945028.279189708,5935,200,0.9189341031014919,9.831976297311485,160
ba4c5991-eeff-402f-a4f2-b6a1791b27dd,dbe7dae0-7e52-4085-96ca-11d3ca587eab,7945023.527991933,7945023.685207341,7945028.364091476,725,200,0.15721540804952383,4.678884135559201,160
e95897fc-3f38-42f5-a143-2e3837994d3f,d412bcc2-d23d-4b9e-9b5f-3bdacd91e23c,7945018.527964994,7945019.3049780205,7945028.606186199,2864,200,0.7770130261778831,9.301208178512752,160
e9e44eba-605c-4f5a-ab84-e8d065f2a68b,04e4c99b-43cb-459a-ad17-fcb4dcef58b8,7945018.527957739,7945018.705379357,7945028.607267277,1163,200,0.17742161732167006,9.901887920685112,176
19420339-15de-4c3b-a8de-141e72410890,7e26fb2e-ff9e-4c44-9abf-7453e7c69fb2,7945021.528831651,7945022.25034373,7945028.612084688,4318,200,0.721512078307569,6.361740957945585,192
d0c53218-db3f-4fb9-8073-14b4c7a06408,13da331e-a394-440f-8413-c59aeafdd460,7945017.528294101,7945019.741861487,7945028.611079613,2375,200,2.2135673854500055,8.86921812593937,176
c58700b8-432b-49cc-895d-ec94a6aeeb43,aa0e450f-c390-4bae-8408-889b25d21c5a,7945010.528113652,7945012.037756557,7945028.67975946,3343,200,1.509642904624343,16.642002902925014,0
b57dcaa7-afe4-4ff6-9af9-3591bcaf5571,c2c054ad-b012-47b0-9399-472e2409b536,7945018.527953773,7945020.345766134,7945028.780525034,2260,200,1.8178123608231544,8.434758900664747,272
1d08555a-1177-43c3-ba3a-cfe5c9e3dd76,63942722-5e62-407d-aa66-e9b53f9369a4,7945018.527943632,7945020.34829761,7945028.782199302,5770,200,1.8203539783135056,8.433901691809297,176
717e1d20-cf16-4e9b-89ce-29b0d5afe8f1,4ee1f027-1f81-476a-8827-c03294c1b369,7945019.528707471,7945019.823504179,7945029.324954748,2598,200,0.2947967080399394,9.501450569368899,192
c9d2b333-d6ee-439a-9936-15b573bf430f,2d2128fc-7156-43f7-8f87-5a6d5983d6ec,7945022.528214582,7945023.040942055,7945029.336383615,6213,200,0.5127274729311466,6.2954415595158935,2096
e7521835-ba10-4347-ac3c-e8993f1aab71,c11d6802-d0ee-4c6c-bec7-507f0b2efb7d,7945020.527932683,7945021.297976806,7945029.540296493,1477,200,0.7700441228225827,8.242319687269628,288
fa461525-a03a-4fd9-9279-de636bfcf287,92cc2d2a-54fe-40c7-8aa5-3427729650ab,7945020.527919353,7945021.641026417,7945030.403183194,5836,200,1.113107063807547,8.762156777083874,176
46727c4a-1d2e-4583-a280-acc961887520,d403e92e-a296-490f-be3c-863ae9176280,7945020.52792906,7945022.24683758,7945030.426364133,4445,200,1.7189085194841027,8.179526553489268,192
61105225-e024-4dce-b2c8-3e7f6a8f2db2,fbcc8b63-5690-42bc-9cac-5fbfece77de4,7945021.528850742,7945022.761499771,7945030.907896512,4516,200,1.2326490292325616,8.146396741271019,224
4099237b-3acd-4d85-bbd7-efc3ab1743e8,26b9f4f7-be2d-4bfa-af30-f2f8fe9a8251,7945021.528842934,7945022.764133007,7945030.9098388655,3623,200,1.2352900728583336,8.145705858245492,176
60170594-58e3-499a-8eab-0d7961d0bdc9,2c04ca06-6ffe-4a2c-81be-67ab83b10777,7945022.528205028,7945022.817238569,7945031.054789204,3403,200,0.2890335414558649,8.237550634890795,160
4c40601e-ab0a-45b6-86a9-36a116ed4bdd,0ceb19fd-18e1-4a16-a3df-e81d2099468d,7945019.528703016,7945020.930388151,7945031.206171938,3957,200,1.4016851345077157,10.275783787481487,160
1ae276db-a4d4-423a-b172-08d43a77b39c,aef23cb9-de90-4c2c-999e-8d56eb9b8b92,7945012.528702677,7945014.631448631,7945031.267642904,2922,200,2.1027459539473057,16.636194272898138,992
4e25fa57-9fa0-4b92-a39d-3730a7de1085,0bfcbe81-4f79-46ce-9ef9-d330b9b3516c,7945024.527979684,7945025.0226047635,7945032.379141271,2349,200,0.4946250794455409,7.356536507606506,192
d8c6d6a7-3b76-44cf-a97d-1929712ce195,f5a1792a-e703-478a-8cd6-a3e7940b9421,7945024.527988845,7945025.136128019,7945032.39920935,1658,200,0.6081391740590334,7.2630813317373395,176
ea38f89e-bd2f-4ae3-b3de-30b03c2edc77,ddeeb9ec-b605-424a-8be2-8354f50bdec6,7945021.528847363,7945022.475172226,7945032.564008429,5862,200,0.9463248634710908,10.088836202397943,176
8eeb64e6-cc3e-497c-9423-a81167244a94,75cef145-13c5-4f24-b901-111a3ee9b61d,7945025.528281867,7945026.091694116,7945033.297936463,5977,200,0.5634122490882874,7.20624234713614,176
0eac88aa-8c6a-42b0-a2d6-c7bd116fc082,e7079942-3b6f-4ed3-803b-a2b8e25101ef,7945025.528298125,7945026.551301042,7945033.93475663,5809,200,1.0230029169470072,7.38345558848232,176
90ab295d-cbd8-466b-ae11-f080e3efc843,84d5fb78-05a8-499c-b310-f083b5d8df92,7945025.528302346,7945026.550712005,7945033.935164565,1111,200,1.0224096588790417,7.38445255998522,160
dd9da271-1485-4268-afa9-d34048926b8e,1a8c236d-cb3d-4a7b-80ad-b43d1c9d951a,7945027.528332343,7945028.023223442,7945034.422976628,1377,200,0.49489109870046377,6.399753185920417,176
c3f6a3b6-ea09-4da0-af33-4015b7c59682,06e11099-e772-4209-bc45-ae572a9bbff2,7945024.527985791,7945025.665898179,7945034.604493073,5132,200,1.137912387959659,8.938594894483685,192
4891743b-80b0-4958-99fb-b99b1a14afc1,ca9b1101-a4d6-40ac-8444-bee1d846e616,7945023.527995225,7945024.000524251,7945034.979780662,2132,200,0.4725290257483721,10.979256411083043,2128
43a8d692-fdbc-4c26-8153-bb19a077a913,a273d1a3-ada8-447c-a143-a2aef0fac395,7945028.528217136,7945028.73804371,7945035.007992505,1039,200,0.20982657372951508,6.269948795437813,160
d112496d-0c0c-4aec-8161-5fe9a2506e65,d3b984f1-4463-48e3-98c8-2d606dc9acf4,7945029.529181395,7945029.766350127,7945035.270649808,2130,200,0.23716873209923506,5.504299681633711,256
dc94c4b4-ca39-4c0f-9dba-8483a47ff3bc,e77b53eb-34ca-43c5-a24c-053d3db714c7,7945028.528213246,7945029.0783659285,7945036.13389538,462,200,0.5501526826992631,7.055529451929033,160
20138897-2d68-4216-91db-e1d01fab6b7b,d26ad366-532a-4efa-8162-640fdbbd7d99,7945024.527982686,7945024.986134907,7945036.179387651,984,200,0.4581522215157747,11.193252744153142,160
bbf8cd98-fa36-4906-8f7a-0cd300b2b5e3,bde9bed4-c70f-455d-8fd2-f39ccda69523,7945029.529185309,7945029.864016495,7945036.605610923,3125,200,0.33483118563890457,6.741594428196549,224
5df86cdf-b02e-4508-9b42-7dff5143e81e,bafac00b-b0ab-49b8-a11f-1df8a2ea0cca,7945025.528305846,7945025.875088921,7945037.052211655,1903,200,0.34678307455033064,11.177122734487057,176
e3c32a93-a47d-4516-a862-415837561e66,28b74a43-9076-4763-9179-b66506d65ff1,7945031.527842234,7945032.155349727,7945037.98415449,1876,200,0.6275074928998947,5.828804763033986,288
6d7a73c6-a316-418b-b416-7a61843e7e17,c06919a8-a2b9-49b8-b076-7345f66f0757,7945031.527851034,7945032.153713281,7945037.982339055,2245,200,0.6258622473105788,5.828625774011016,176
963d577d-c055-4f0d-ba39-41ccc2a8d230,6a060b93-128d-4e54-a435-0af0dbc0a790,7945031.527848482,7945032.154643578,7945037.98352184,1843,200,0.6267950963228941,5.82887826114893,224
165c142e-c122-4daf-904f-bd6301caeb5a,894ebd31-9861-4b30-a3d2-788c79189a8c,7945032.528376001,7945033.125996363,7945038.196854975,2984,200,0.5976203624159098,5.070858611725271,176
65bcb729-2db8-4841-adc8-f5d25092f143,388115ee-cfd7-4965-aa31-059528c7936e,7945026.527993782,7945026.856473924,7945038.261329597,2951,200,0.3284801412373781,11.404855673201382,192
c50a3708-288d-4c6f-9dde-8d1e2d3fa4ab,3e7fbc73-7734-4886-bf00-9441a89edd81,7945026.528011273,7945027.073033318,7945038.282032582,962,200,0.5450220452621579,11.208999264054,192
5f5f713c-4669-4e86-bf58-1f621f0ee2b2,c2c054ad-b012-47b0-9399-472e2409b536,7945026.528020595,7945027.071647295,7945038.281220627,2261,200,0.5436266995966434,11.209573332220316,272
86c2be54-e490-4f07-8673-fa3bbab52039,11be3da4-66ba-4d1a-ae13-d0717669c0d9,7945026.528017655,7945027.072323804,7945038.282141037,1065,200,0.5443061487749219,11.209817233495414,160
0ad7476a-f9e0-4d50-b161-29ab9f116c42,34e963c6-3946-4db0-b1d2-6a73280a65b0,7945020.527936137,7945022.3953372985,7945038.292242249,5961,200,1.8674011612311006,15.896904950030148,176
6376c68c-3899-49d1-b042-647601574897,26e23551-7d84-4676-bb9a-5c5d5e3197f6,7945033.528048079,7945034.100299086,7945039.125783077,5421,200,0.5722510069608688,5.025483991019428,192
134a7424-99ec-4598-81b9-ba6b230933f0,5611334a-865d-4971-92c4-36c439372140,7945027.528342143,7945028.313382662,7945039.367674426,4582,200,0.7850405192002654,11.05429176427424,160
d62e1940-b013-47d3-9106-5a85f419ed79,25fbc3ab-718f-4ec0-aafb-b0fc45768c15,7945032.528373382,7945033.034621893,7945039.4218162885,5943,200,0.5062485113739967,6.387194395065308,176
80a71350-08e5-4da6-bbd1-0caaa925f68a,14a2dbbf-bbfe-412d-9b56-8a31592b8dc3,7945029.529195061,7945030.869946613,7945039.424619776,2737,200,1.3407515520229936,8.554673163220286,224
fb4afb46-412e-49ee-a852-e3d34c1e9b32,3dfa8085-f583-4ac0-a4ba-0474a4eead99,7945030.528101511,7945031.007689308,7945039.454401969,1776,200,0.47958779707551,8.446712660603225,224
021557ac-671e-49c2-82e5-883adf7af966,b0c4f8eb-c780-455f-9b75-5261e6feeef7,7945028.528227375,7945029.088501606,7945039.801026066,5749,200,0.5602742312476039,10.712524459697306,176
354a3a97-c818-43a0-9ad9-d9803c33c619,a1df00eb-f588-40d0-936b-9d82eb3d8ac0,7945029.529188334,7945030.001331645,7945039.955986065,1237,200,0.4721433110535145,9.954654419794679,224
fac730e2-77d1-45fb-9334-187f7604441f,aa2fdddc-b36a-472a-bad8-76a893911b77,7945034.527994052,7945035.656291794,7945040.206785202,5815,200,1.1282977424561977,4.550493407994509,224
be67bf35-5efe-4a20-b004-0c161a908745,ae5f6e53-7c68-4f33-87bc-0fc6518eac13,7945023.527982263,7945025.677952254,7945040.678703422,1029,200,2.1499699912965298,15.000751167535782,176
62ee5dd8-2c66-4803-9109-5f6aa85ff9ed,d24e5417-b753-4820-aab6-0e27746af42b,7945033.528051263,7945034.0800451925,7945041.6194200395,2793,200,0.5519939297810197,7.5393748469650745,192
3d99730c-8111-42f0-ae63-9a9dd78a36be,e816ba8f-1a6e-48ce-9548-02de37953f21,7945031.527832703,7945033.082809771,7945041.86737062,5854,200,1.5549770686775446,8.78456084895879,160
8a0a657d-d40d-4127-9fa0-1ac27ed266ff,c3f99789-28f2-48b0-8ff1-92f4b8f000a0,7945031.527845795,7945033.118237217,7945041.889504171,5938,200,1.5903914216905832,8.771266954019666,192
62c9444a-3560-46d3-8ec6-1e97a159c658,b455fe72-17a5-469b-a590-c965280aa83b,7945029.529161271,7945031.344679233,7945042.279838262,791,200,1.8155179619789124,10.935159029439092,192
4915b104-b391-4456-8295-f68f79674209,77b4ae52-f6c1-41d1-91f1-b68909c594f4,7945029.529174821,7945031.343041181,7945042.280702859,3698,200,1.8138663591817021,10.937661678530276,160
0d78cb3d-533a-4d8d-8a01-b860570791c9,19af37dd-93d9-4ad9-a0e5-118deaba9abe,7945033.528026811,7945034.928411446,7945042.356197298,5974,200,1.4003846347332,7.427785851992667,160
0ac8fc0b-8de4-4b51-8b75-00d20cfcf169,d445bd9f-2225-4b50-ac7f-f423fa96dc31,7945033.528038656,7945034.927122472,7945042.355619881,5787,200,1.3990838155150414,7.428497409448028,192
bde9822f-d97b-4363-9c6d-7ba315e8028f,e2c90a7d-7e53-4be2-af25-3867ba666d55,7945035.528293234,7945035.895817185,7945042.517417799,3647,200,0.36752395052462816,6.621600613929331,192
c9a105d1-58b6-48d7-9a85-2a0170b0368a,bcd520f5-bf67-439a-abaf-7abeaf00ad3b,7945032.528370727,7945033.84238712,7945042.654419665,5869,200,1.3140163933858275,8.812032544985414,192
57cf9f1b-759d-4e76-b396-5902736599f4,71238cb8-2c84-4168-a137-2eae4fa66c66,7945024.527969272,7945026.622433963,7945043.092184411,5722,200,2.0944646913558245,16.46975044813007,176
db313244-2e76-4eeb-9827-108cd311943b,6a7cdf06-d078-4a3c-a49d-aad13f7aebc6,7945034.528012619,7945035.953050333,7945043.542892982,1902,200,1.4250377137213945,7.589842649176717,176
60ab2f2e-075a-4cab-a14d-367ddb5e7185,51e183f5-4240-464c-82a9-733617739b11,7945034.528015908,7945035.952045858,7945043.542959297,5900,200,1.4240299500524998,7.590913439169526,160
336a1f43-63f9-40e5-9c0b-c20860b7f493,5476c52a-338f-4026-9cc7-8ee997ff8178,7945038.528175459,7945039.0348543115,7945043.546490199,5769,200,0.5066788522526622,4.511635887436569,176
709f3087-3a92-4720-be8b-b27f67e49586,92614048-780c-4c63-ba8e-4be26713e9a3,7945034.528022512,7945036.301588348,7945043.576424633,5692,200,1.773565836250782,7.2748362850397825,224
0c5d6f5f-9c8a-46d2-9398-21fff5f343ed,d0f88edb-e209-444c-9c41-1068ec16e1c9,7945026.528014819,7945027.562985485,7945044.096301755,680,200,1.034970666281879,16.533316269516945,224
fc4f5efc-55aa-4479-8268-c43d5b233626,d255caec-ea5a-4101-b7b8-6297e1ff4298,7945025.528293779,7945027.563988354,7945044.09894171,3591,200,2.0356945749372244,16.534953355789185,224
ac4cfc89-2b4a-4596-8888-cb9f17fde0e5,08603ce6-483c-4fd0-9d65-4b6051d47dda,7945037.528791789,7945037.8867669655,7945044.14814266,3956,200,0.3579751765355468,6.261375694535673,160
32a878bf-2867-40aa-a66d-989b5d7119f5,f4388798-3f35-4485-97c5-bae23c92d237,7945039.527955554,7945039.758429966,7945044.37285751,1828,200,0.2304744115099311,4.6144275441765785,192
4bc1c415-6631-457c-8bc9-020bf81ed99b,95cf3795-9731-4d68-989b-eb41f5ae3149,7945039.527969523,7945039.852580774,7945044.388365912,1289,200,0.32461125031113625,4.535785138607025,224
7b4ec270-8845-4ac8-8219-cc60800bb915,9a534a9e-501a-40df-83f4-624c8d7b5e03,7945028.528202451,7945029.371503413,7945044.451276385,4943,200,0.8433009618893266,15.079772972501814,192
61e8e32f-c4ac-458e-9b5f-060ca56c3e8a,19c63e55-9c86-4e1b-96dc-a890c7bed47b,7945028.528224015,7945029.942788493,7945044.873118623,4659,200,1.4145644782111049,14.930330130271614,224
e30ab51d-de3f-42ee-8f19-bcaa4ff41b8b,3c85a765-4063-4b71-9147-47f287172897,7945037.528786257,7945037.843902444,7945045.195680021,3171,200,0.3151161866262555,7.3517775777727365,192
59d1d92b-e677-4463-bba5-b65494da6f6c,975b1cbe-dd44-4623-ba2e-c3952c5903b4,7945037.528788928,7945037.843475968,7945045.195556985,2948,200,0.3146870397031307,7.3520810175687075,2800
0bbf8337-c29d-46e9-a58e-609516c0d762,0abd24c4-2550-4a74-9b24-ebefa10c413c,7945027.528345267,7945028.682934466,7945045.48395612,3960,200,1.1545891985297203,16.80102165415883,160
a71642fc-054f-4644-81e9-39308545ff15,634a1cbf-6332-47a8-856d-2257eac7412a,7945034.528008909,7945034.769762234,7945045.57853674,2209,200,0.24175332486629486,10.808774505741894,176
6a3c70e9-de79-4836-8152-b9a99b3f9ed8,b364d444-8745-4600-b91f-aad78b2bad15,7945029.529191807,7945030.74101097,7945045.711165128,1429,200,1.2118191635236144,14.970154157839715,176
95c37aa4-7b43-48ea-b9aa-070de59eaba8,00cc26cb-1974-489f-8e43-64b601cfd560,7945029.529178379,7945030.744322846,7945045.714849782,5804,200,1.2151444666087627,14.970526936464012,160
3f942fc8-5358-4f84-a3aa-480b92708be5,9066abd3-2def-4e32-a5b5-0b42961acda8,7945037.528798173,7945038.103205414,7945046.029702174,1467,200,0.5744072403758764,7.926496759988368,192
367c539c-1b93-4249-b263-3c8d51a554f8,127c120b-15be-4874-8f9a-c017b2235a9b,7945031.52785331,7945032.304840033,7945046.444569476,2423,200,0.7769867228344083,14.139729443006217,160
a0bf0f49-3178-4439-b204-8a73e4ad8f23,fdf1b68d-e7b9-4a13-bf41-bc89f3c46791,7945028.52822087,7945030.157033777,7945046.747799282,5790,200,1.6288129072636366,16.590765505097806,176
927640f6-60f1-445f-aeb7-99737238755e,b860fb7d-f035-4d0f-948a-0a59ad3edeb4,7945032.528364895,7945033.123928017,7945046.806529163,5895,200,0.5955631220713258,13.682601146399975,192
625998ba-12cf-4387-9bf0-50c2617c5154,da76c283-228b-4af6-a640-10f0fa45521e,7945032.528355442,7945033.125080632,7945046.808220713,1565,200,0.5967251900583506,13.683140081353486,192
2365f286-bf16-4a6c-a110-e5f46c2edb18,aef23cb9-de90-4c2c-999e-8d56eb9b8b92,7945028.528231087,7945030.153155145,7945047.182303808,2914,200,1.6249240580946207,17.02914866246283,992
ea20584f-19ca-41a3-8990-82443f83eea3,170ea2c4-4d14-40fc-b37c-ea5faa943e4e,7945033.528042144,7945034.346236438,7945047.362156155,5937,200,0.8181942934170365,13.015919717028737,192
63fe6c27-d650-4032-89f0-939363cf57c7,12d2ab7f-cfac-4320-ac4c-af5f8e36b2dc,7945033.528045213,7945034.5253434945,7945047.389801537,4551,200,0.9972982816398144,12.86445804219693,224
abcbe015-9a2d-4339-b9e3-29d2a535dd0d,c2c054ad-b012-47b0-9399-472e2409b536,7945034.528019419,7945034.810080876,7945047.563219924,2277,200,0.2820614567026496,12.753139048814774,272
8f538e77-02d9-47f3-88db-fbc543426191,ed0f357c-1a6c-4264-97b5-17c128560df8,7945038.528188139,7945039.624042107,7945048.429383875,5803,200,1.0958539675921202,8.805341768078506,192
60c69e94-20c3-4580-ba10-48659ef0b90e,388115ee-cfd7-4965-aa31-059528c7936e,7945040.528699132,7945041.145369805,7945048.564947982,2951,200,0.616670673713088,7.419578176923096,2944
1f68ff3e-899f-4624-8f77-d1834504a0d9,2e7c3d8e-cd99-4d6b-be7f-c3e7f99b2724,7945042.528149259,7945043.06625475,7945048.868923339,5866,200,0.538105490617454,5.802668589167297,160
f5af7171-b0fb-46b4-98f3-66ec9363bf96,83a4f7a2-3414-41cb-b62b-13828711c3e3,7945043.528281833,7945043.8624580335,7945049.274645501,3298,200,0.3341762004420161,5.412187467329204,160
5f64c736-ea3d-40b0-9815-4dee1ccfc3a4,4e79f1a7-f546-4b99-89f2-b8e49d5fd029,7945043.528300222,7945044.240348044,7945049.39937802,2443,200,0.712047821842134,5.159029976464808,288
140ccd0e-ba22-4523-97b2-3050188ea859,665029e2-3b95-45da-b4e2-925fa0e68c62,7945043.528296948,7945044.241309875,7945049.401589921,5890,200,0.7130129262804985,5.160280046053231,176
05409f5a-8af6-42ac-bc0f-12e8fc3a71ca,73515c88-7aa9-4cf1-9314-b1478a657937,7945035.52831182,7945036.982337101,7945049.514798748,2456,200,1.4540252815932035,12.532461646944284,288
cf7ca4d9-c60e-425a-bd5b-723af250bb21,d8d9ef11-342d-49bf-a156-464961649dfa,7945041.527975275,7945042.1322124675,7945050.197210755,1050,200,0.6042371923103929,8.064998287707567,160
87e6ac57-e8d0-488d-8e80-2b75e896f3eb,855cfa0b-6ef0-46a5-98e5-c44eaa5c8887,7945044.528691517,7945045.715572754,7945050.244757238,3940,101,1.186881236732006,4.529184483923018,160
d25d902b-62da-4833-867a-c12a37965818,6ce0c14d-689c-4494-beee-7bc5715840a5,7945029.529171358,7945033.895853587,7945050.3263318315,1691,200,4.366682229563594,16.43047824408859,192
9101c763-42bf-430a-87fe-8120e2850176,0277ea41-78b9-4729-a215-26bc79fed3a4,7945037.528783037,7945037.865386945,7945050.759355021,2436,200,0.3366039078682661,12.89396807551384,176
e8d41fd0-569d-4786-a78b-9001abad3519,daf17ae7-56e2-41b3-b327-73a287b0645d,7945032.528368244,7945034.493181808,7945050.89805871,6039,200,1.9648135639727116,16.404876901768148,160
5b56c8c3-3fbc-4288-855c-c3397d109f80,6e685569-7e1c-4d50-a299-e16123a7946e,7945042.528142619,7945043.051058016,7945050.978946242,5917,200,0.5229153968393803,7.927888225764036,224
a515b45d-e8fb-4e0a-a301-13156bf496d2,cab30879-0c4f-45d3-a4a4-2366d94f364e,7945045.52880925,7945045.814916651,7945051.042121442,843,200,0.28610740043222904,5.227204791270196,160
2be8a2e4-1a53-49ed-b730-7410fb4223d4,211e1142-f3f9-4f09-a1ef-cc9c6ba3f927,7945044.528687733,7945045.726562165,7945051.316888982,5802,94,1.1978744314983487,5.590326817706227,224
ba116dd9-1504-435a-8bdf-5a21282451e5,d7cf37ff-7f8e-4329-9149-00c1e9db916c,7945038.528184648,7945039.016619661,7945051.586202823,547,200,0.48843501321971416,12.569583161734045,160
4c9c04b8-f753-4510-8abf-a82bbabbc8ae,db2464c6-7136-4f5a-a354-23f360505371,7945037.528773055,7945038.464405208,7945052.325499047,5925,200,0.9356321524828672,13.861093838699162,224
9c067121-3d9c-42dc-91a1-fb0bde6bdf15,f192fa26-d719-4b35-8094-0a3b2eaa4693,7945042.5281361,7945042.65130319,7945052.5676929215,2272,200,0.12316709011793137,9.916389731690288,2256
95871614-4f02-4e4a-bb63-468573b416d9,359231d7-6b15-49b2-ba8a-a015bee5f927,7945035.52830453,7945036.7811739,7945053.170456773,4987,200,1.2528693694621325,16.389282872900367,224
9cde40a0-f326-4a77-8a22-5d97ff9159d1,7ea2ccfa-2624-469e-86a2-3d37a9566288,7945035.528308426,7945036.780837036,7945053.169840298,1687,200,1.2525286097079515,16.38900326192379,192
fe62b216-34fd-4bf9-a1a2-89427465c07e,dce9acc2-6cb3-4a0d-a588-167463328340,7945039.527965641,7945040.864311879,7945053.303579977,3119,200,1.3363462379202247,12.439268098212779,176
c7a5ce1a-367a-4fb8-851d-ffe44d94c0e7,9e2c7f27-a157-4e4b-82b4-24e34cf1fbec,7945039.527944851,7945040.868184617,7945053.309104744,5829,200,1.3402397660538554,12.440920127555728,160
9bceabcb-0a5d-4fe7-8212-04c90b909723,44d13d84-8b48-4288-b326-4e8262be0c18,7945046.527985136,7945047.713048301,7945053.364009809,4893,200,1.1850631646811962,5.65096150804311,224
fbcd8e41-809e-4888-9bc5-f8c4371fea24,91d75233-c614-4ff4-a23b-d5a49411e712,7945047.528329716,7945048.122988474,7945053.380850925,5765,200,0.5946587575599551,5.2578624514862895,176
0756e88b-1679-4743-bf35-d67c95c7948e,5a462909-810f-4da7-b5ce-7bb69d58822d,7945039.52796267,7945040.37016591,7945053.515559157,5972,200,0.8422032399103045,13.145393247716129,160
05d9959c-b5c4-49f3-947a-ff5dbb7abd1a,26fe3d89-06a4-4da9-838d-f6a5b19a66c6,7945039.527959539,7945040.660264971,7945053.563441376,5768,200,1.1323054321110249,12.903176405467093,176
63d9d97e-0b51-4ccc-9d40-e5bf961359dc,561427d8-2917-4668-bb9f-e29ea68c80af,7945040.528696007,7945041.253687933,7945053.591757691,2513,200,0.7249919259920716,12.33806975837797,320
6a287615-3a54-4d21-924e-03fa7d3e80f8,d412bcc2-d23d-4b9e-9b5f-3bdacd91e23c,7945040.528682029,7945041.255677036,7945053.594186435,2928,200,0.726995007134974,12.338509399443865,160
834cae9f-1ce6-45d0-9b4c-17b944846867,56385a8d-857f-4f1a-9f71-9d99a831e76d,7945041.52799123,7945042.739507825,7945053.618103941,5841,200,1.2115165954455733,10.878596115857363,224
b47c3362-75b6-48b0-8b26-7f23106b5e98,b983d827-0d38-4308-847f-1f3af4f8a8f4,7945041.527994736,7945043.370224566,7945053.633113048,6693,200,1.8422298301011324,10.262888481840491,192
ff864448-6fe7-47a2-a6a7-c3f0b393f9f8,c2c054ad-b012-47b0-9399-472e2409b536,7945042.528139401,7945043.979042888,7945053.656500252,2261,200,1.4509034864604473,9.677457364276052,272
4d7d54e2-f3d0-4094-8695-a66bc1578fd7,11c17151-c660-4f18-a81e-fa7de1fa076b,7945042.528113559,7945043.982978867,7945053.661471543,1173,200,1.4548653084784746,9.67849267553538,192
b319393c-f7d6-49a5-ab39-f10a561ba686,31aa32c7-2f50-4d0f-93ba-956010709197,7945041.527998046,7945043.980450451,7945053.659940486,5864,200,2.4524524053558707,9.679490034468472,192
6a2cceed-3932-4702-9f01-669c6aa34691,ca9b1101-a4d6-40ac-8444-bee1d846e616,7945042.528132956,7945044.119494746,7945053.681053445,2132,200,1.591361790895462,9.561558698303998,176
291e114a-5ade-42f7-82d3-5d34a00dee5e,e07c2d42-a662-4c29-964f-169725261d2a,7945044.528694097,7945045.71385766,7945053.971649841,1085,200,1.185163563117385,8.25779218133539,192
48514f9b-fb4b-4903-baa3-77f031db9b4f,08603ce6-483c-4fd0-9d65-4b6051d47dda,7945046.528006201,7945047.585308871,7945054.004656152,4117,200,1.0573026705533266,6.41934728063643,3952
294aacf5-1989-4c75-a5d6-97737eec4396,6a5ebba8-014e-49fb-8dbd-f63e5af90cf8,7945046.528009097,7945047.584522917,7945054.004092671,3462,200,1.0565138198435307,6.419569754041731,192
362cdd22-c678-4404-b0d2-225199e74b7a,19a9f068-ae9c-4887-ab6f-8a55cb185dab,7945041.527986694,7945043.5732991155,7945054.219223449,6476,200,2.0453124213963747,10.64592433348298,192
ffbf9e68-8341-4200-a342-09db104d7be2,1cf43c54-4dfe-47b8-986c-c311b23d8744,7945042.528129465,7945044.071271988,7945054.242570561,6012,200,1.5431425226852298,10.171298573724926,192
dde500a2-ddf1-4a96-97f9-c01363bcf95c,1d790bb6-a192-4953-9704-590bf0dbfbb2,7945044.528678227,7945045.068172983,7945054.382225832,5903,200,0.5394947556778789,9.314052849076688,224
14fdaa9f-6dbb-46c5-9e2b-dce0c6918ee3,73515c88-7aa9-4cf1-9314-b1478a657937,7945046.527995539,7945046.660882207,7945054.653975037,2456,200,0.13288666773587465,7.9930928302928805,2448
fd93291d-2a5a-4943-aefd-fe456212a3bc,2e0ebd62-ed20-49e5-b3c5-44f67a92fb07,7945037.528794961,7945038.160364971,7945054.810662645,4099,200,0.6315700095146894,16.65029767435044,160
f020022c-6bd7-4935-97de-41b44ef41502,5ae2a487-fa63-459b-ae67-aa51c5f29d8b,7945045.528794321,7945046.400839011,7945054.908803869,1299,200,0.8720446899533272,8.507964857853949,192
e4181f25-d3b3-435c-aabe-b046ec101bef,a04b1a84-2bde-40ef-bdf8-601acf7aecfc,7945046.52799924,7945047.062306324,7945054.925638229,5841,200,0.5343070840463042,7.863331904634833,192
06156259-a568-4678-810d-36b9c7d20be1,da94db7f-0f1b-4adf-b765-aa75dc6141f4,7945048.527892868,7945048.809603937,7945055.247904068,2955,200,0.2817110689356923,6.43830013088882,224
10a3c47a-ed9e-440a-a2fa-85de81fca186,39dab552-2cfd-4d18-875b-c600b37d30df,7945047.528333218,7945048.225578376,7945055.3489954425,3744,200,0.6972451582551003,7.123417066410184,176
d49b5b41-6b8f-4100-b39f-04003e296114,c0df23d3-6150-43f7-a770-c020eb5f30ad,7945047.528312338,7945048.064259972,7945055.463722963,5872,200,0.5359476348385215,7.39946299046278,192
17908402-a708-4007-908f-f9d1baa45d3d,1863b02d-565f-4529-bcff-12b00b0b34e3,7945049.528045273,7945050.214671421,7945056.352098233,782,200,0.6866261474788189,6.137426812201738,160
5df175c3-fb40-4f28-8da2-4268f90d432f,3e079306-9bd9-4ab5-ace0-9e2803e63a19,7945048.527877443,7945049.381501947,7945056.629935942,5882,200,0.8536245040595531,7.248433995060623,160
264fd8fd-3b09-4b3f-9769-6ad11d15c75c,92efd495-043a-491c-a9d8-1438b337451e,7945048.527888812,7945050.01817722,7945057.073531926,3904,200,1.4902884075418115,7.0553547060117126,160
33e0e639-6669-4920-981d-5c5d988fb6cd,13da331e-a394-440f-8413-c59aeafdd460,7945049.528032346,7945050.183107663,7945057.120663181,2539,200,0.655075317248702,6.937555518001318,176
8b12bec1-c148-4961-95dc-967442d56d58,7749eb9c-39d3-4dcf-9ab7-6caa74d2bf15,7945049.528051156,7945050.180038132,7945057.1182071185,2611,200,0.6519869761541486,6.938168986700475,176
a103843a-e66a-44e0-9ead-a23d7701010d,84d5fb78-05a8-499c-b310-f083b5d8df92,7945049.528035906,7945049.63828308,7945057.226334662,1315,200,0.11024717427790165,7.5880515817552805,1104
08267e89-4782-4e00-b836-756afd189324,762e40fb-aa89-4998-9dd3-5b22bcf87c95,7945049.528048024,7945049.905496358,7945057.245535615,3829,200,0.37744833435863256,7.340039256960154,0
7b86e8bc-a183-4be5-83b0-8752a949c19b,aa0e450f-c390-4bae-8408-889b25d21c5a,7945039.527972331,7945041.289932047,7945057.414733245,3194,200,1.7619597157463431,16.124801198020577,0
5a41e69c-68b9-4616-b26d-9bc960fe1996,807c8997-0aa6-4419-b197-96c6e92c4c4e,7945050.528585069,7945051.250040554,7945057.6909969635,5329,200,0.7214554855599999,6.440956409089267,192
8dc7e411-a4db-4d65-9b2a-35640c00aa6c,6bbde2a4-c8c9-4455-9ab7-556ea23da962,7945050.528603629,7945051.497821732,7945057.707958062,5876,200,0.9692181032150984,6.210136329755187,176
0e50876f-9147-49b6-baaf-6c91144a7b93,617f782e-efb9-4c0f-b006-2590c59dcebb,7945040.528691858,7945041.801281944,7945058.039927392,3025,200,1.272590085864067,16.238645448349416,224
09e1e73c-6c47-4ab9-8cc0-eabfefce0125,c3f99789-28f2-48b0-8ff1-92f4b8f000a0,7945050.528600393,7945050.693650004,7945058.234370934,5938,200,0.16504961159080267,7.540720929391682,5936
df8647a2-6068-4cee-8d5f-1876bf932717,c2c054ad-b012-47b0-9399-472e2409b536,7945051.528380069,7945051.943599085,7945058.302456783,2281,200,0.4152190163731575,6.358857697807252,272
94c098fc-7bcd-48f6-b4f2-c2171582a931,eea619af-43e7-4d27-a8dc-7b2d35faa177,7945051.528389701,7945051.94293392,7945058.302215436,2643,200,0.41454421915113926,6.359281515702605,192
9ed2c308-775f-4cda-be99-ea0a274d6884,666b6a11-1b24-43ec-a8b0-67e4c6b834cc,7945052.527967219,7945053.308960878,7945058.967507471,3246,200,0.7809936590492725,5.658546593040228,192
29e4acdf-2960-41f7-ae64-37046ecb2dc4,4c10b736-1d1b-457a-a682-a14f3e43c75e,7945052.52795631,7945053.307217715,7945058.969397281,2690,200,0.7792614055797458,5.662179565988481,256
9b0a6ea9-190a-4e0d-9cbb-621118fec6f5,86ea5c7d-886e-429f-82a7-678f68526718,7945041.528014058,7945043.413512075,7945059.612380929,1516,200,1.8854980170726776,16.198868853971362,160
966b9aee-ee9a-4cd9-957f-c816645fe2f3,47f1d5e8-3be5-425c-8236-5313732185eb,7945042.528145785,7945043.9565140195,7945060.227875243,412,200,1.4283682340756059,16.27136122342199,192
88201e07-349a-4501-826f-b5689898e4f6,8f7977c9-2f9f-49d2-9103-2227a9f2d728,7945042.528125318,7945043.961316695,7945060.232565535,3455,200,1.4331913776695728,16.27124883979559,160
ef88d8d5-99fd-47d7-a4ad-0de097abb1e8,0fb9acc9-a9df-48ab-97bb-d5cbf74736cb,7945043.528293133,7945044.826616874,7945061.095937539,2102,200,1.298323741182685,16.269320664927363,176
a4a1ae34-2193-4283-b8db-a28da3ac0cc5,4693a909-b4f2-426b-a04f-81bb13685c3a,7945055.529019092,7945055.773965312,7945061.165397184,594,200,0.24494621995836496,5.391431871801615,176
6ce1c7ef-c996-4350-865b-b8d7bdcc54a2,4194fbf5-4d40-4ef2-9ff6-36979c053da7,7945056.528665497,7945057.374259587,7945061.935629936,1897,200,0.8455940904095769,4.56137034855783,176
fab9068d-7424-46d2-a20f-bd87201acd65,fc1fa1cf-6144-4d74-ac18-9416c84a0d70,7945049.528025076,7945049.67297984,7945062.334318714,881,200,0.14495476428419352,12.661338874138892,176
40928730-1050-4aea-9cad-30a0f6ca8a9b,ddeeb9ec-b605-424a-8be2-8354f50bdec6,7945049.528041784,7945050.099969999,7945062.363338143,5811,200,0.57192821521312,12.263368143700063,176
e97ea315-aae0-44fd-a965-defd99ecf98c,c7b64170-f421-43cf-909e-3085b5bc5c82,7945054.528210716,7945054.658056419,7945063.336891391,1159,200,0.12984570302069187,8.67883497197181,160
49ac0116-4be3-49a5-979d-858dc4ae06b6,3bc8a356-3e30-4ac9-8263-e41522576a6e,7945054.528228251,7945055.239409209,7945063.357513849,5828,200,0.7111809579655528,8.118104639463127,160
9318d198-74d5-47f4-a22a-1149a8aba221,2fecaf00-3c56-48e0-83ff-cc62525208a4,7945054.528225276,7945055.517479882,7945063.381920174,5980,200,0.9892546059563756,7.86444029211998,176
b25e9556-a72a-4d33-9a05-c2ab3d14a86c,48973e5e-bf47-46fb-8058-a0044ce987be,7945050.528596633,7945052.108949853,7945063.397366324,5908,200,1.5803532199934125,11.288416471332312,176
09d4d6ab-0484-4602-a227-1f810a133e9a,adca78ee-08e6-4b7a-8863-66167b4a3a70,7945054.52822113,7945054.726990996,7945063.444875013,1714,200,0.19876986555755138,8.717884017154574,160
d15851f1-63dd-4d15-acca-8811b3b812e5,6cbadc19-5c60-4557-9e0f-40b5e94fa44d,7945055.529052035,7945056.408429995,7945063.512276937,4583,200,0.8793779602274299,7.103846942074597,176
5498d894-d997-425e-b940-af81fb734dd1,00cc26cb-1974-489f-8e43-64b601cfd560,7945055.529049512,7945056.48030896,7945063.640481221,5799,200,0.9512594481930137,7.16017226036638,160
393d1e1a-e9b2-4e9a-a1d1-129bcf95c662,3d9ee3e9-ff56-41f8-8381-1a806193cfba,7945045.528805529,7945047.18809621,7945063.760475553,5992,200,1.65929068159312,16.57237934228033,192
bce33183-17cd-430f-9915-6121407d7e23,1c4af3d8-294c-4501-9d73-db20029dc88a,7945056.52868869,7945056.905094809,7945064.876150853,1690,200,0.3764061192050576,7.971056044101715,160
47ba0b90-7b29-4fdb-886a-32359de53c72,b4b1bac4-6c71-437c-9c73-e02f18428429,7945056.528654805,7945057.222958054,7945065.046778431,2549,200,0.6943032490089536,7.823820376768708,160
e1035642-be63-48e1-97a4-28cb013cf75b,7cc37c50-680d-4f9f-bab0-217033306a3d,7945056.528669481,7945057.85469035,7945065.067401837,4627,200,1.3260208684951067,7.212711486965418,224
b85b98ae-ea93-44c7-ad31-1f47cdd8c695,7e26fb2e-ff9e-4c44-9abf-7453e7c69fb2,7945057.528524219,7945058.307126976,7945065.090295415,4318,200,0.7786027565598488,6.783168439753354,192
c1ee5360-a78c-40eb-87e7-44cdb9c964a0,abf579d0-bec5-4e6b-826a-8905fd77fdef,7945056.528675147,7945058.304395296,7945065.088084119,5860,200,1.7757201483473182,6.783688823692501,176
b0f513e2-9e3f-4493-baa2-55ccc2649a3c,4d09ec06-e452-46e3-b7b3-e10e6c75e0d1,7945058.5280802,7945059.017419251,7945065.111411163,5823,200,0.48933905083686113,6.093991911970079,224
910b513c-1de3-463e-b2b1-debbcc191931,fcbf7757-a71d-4387-9517-a6118b505458,7945052.527971006,7945053.210673379,7945065.281881128,6526,200,0.6827023727819324,12.071207749657333,160
1a41b270-a973-4552-8469-19ef709fe89d,8bf324a6-f8e1-4e21-81f4-776dea52de73,7945052.527979543,7945053.20793008,7945065.282859567,1317,200,0.6799505362287164,12.074929486960173,224
6425672a-ca83-4405-bcda-584d309fd28f,5ae2a487-fa63-459b-ae67-aa51c5f29d8b,7945060.527947998,7945060.712119773,7945065.592681866,1299,200,0.1841717753559351,4.880562093108892,1296
38d5041e-0d9a-42f5-b6fc-5840c20fab72,a273d1a3-ada8-447c-a143-a2aef0fac395,7945060.527951694,7945060.712172237,7945065.592914428,1189,200,0.18422054313123226,4.880742190405726,160
307fc8ca-116a-4432-8871-37a7a7deefff,ebba42c8-d541-4401-b45c-cd2f4e131524,7945057.528550937,7945058.219505917,7945065.635045546,4928,200,0.6909549804404378,7.415539628826082,192
a8352d67-3276-4f49-92a8-5ee907944536,127c120b-15be-4874-8f9a-c017b2235a9b,7945057.528542851,7945057.812111501,7945066.154157695,2610,200,0.2835686495527625,8.342046194709837,176
42f1698e-566d-47b3-ad87-50cf13bc41b9,c2c054ad-b012-47b0-9399-472e2409b536,7945058.528052473,7945058.719105207,7945067.185170204,2281,200,0.19105273392051458,8.466064997017384,272
7c418225-e510-4426-bb9b-0abc061c9d10,3e7fbc73-7734-4886-bf00-9441a89edd81,7945058.528083263,7945058.800212554,7945067.205672764,1073,200,0.2721292907372117,8.405460210517049,192
de4f17fd-eeaf-4811-8e60-358a9f77efe5,99cdea42-227f-4187-9a85-5a4c042468f4,7945055.529046786,7945056.6248526685,7945067.483201467,2696,200,1.0958058824762702,10.858348798938096,192
ee8edfc1-2964-470b-89e9-e8933d914ca0,d4ecef87-c0ab-440e-b751-94e439a32764,7945055.529030579,7945056.628565186,7945067.48852,5732,200,1.0995346065610647,10.859954814426601,192
a84edea4-c1df-4eaa-a215-58535d85365d,8dbb2830-4cc7-4e07-8b86-79941e49f3c8,7945061.528582478,7945062.333461133,7945067.4949843,5927,200,0.8048786548897624,5.161523167043924,160
e1ed5e09-3caa-43af-b1b3-c2e664128a3a,5fde618c-9f1a-48cd-afa8-1bdaa7ac6a87,7945061.528585925,7945062.332192825,7945067.494580408,1465,200,0.8036069003865123,5.162387582473457,192
7176aa74-b3c0-4746-b2ef-f90f515392a4,f71e7f02-f524-4287-8f87-55abbb1c5c35,7945056.528672481,7945057.400762115,7945067.560794049,1782,200,0.872089633718133,10.160031934268773,192
b26dceaa-854e-49e1-a41e-7444aef31411,92614048-780c-4c63-ba8e-4be26713e9a3,7945056.528683613,7945057.398093705,7945067.558096457,5692,200,0.8694100920110941,10.16000275220722,5680
0ca4b171-0247-45bf-811e-6c9869ababd5,3085603c-e7b3-4b82-81c3-81d21d9fceb5,7945056.528678139,7945057.399356638,7945067.560186521,2856,200,0.870678499341011,10.1608298830688,176
863392ae-23e7-405c-a2cd-6bdf56aebdd1,f0406c42-c744-41c3-a30a-226ca7270043,7945057.528547083,7945057.776292565,7945067.955489974,2453,200,0.2477454822510481,10.179197408258915,176
148b42c2-bff4-4034-9166-6407f1c41948,f192fa26-d719-4b35-8094-0a3b2eaa4693,7945057.528539478,7945057.777653064,7945067.9584271265,2272,200,0.24911358579993248,10.180774062871933,2256
be5aa2bd-af15-474f-8ee0-71cb924038f7,193369c0-8703-46d7-a33d-c5d2dc2cfa85,7945055.529033755,7945056.638685578,7945068.057103022,995,200,1.1096518225967884,11.418417444452643,192
078e6155-fdd0-4554-a1c7-d2ae42cb40ab,41731666-b43c-49de-8780-49c3cbc903a4,7945055.529039376,7945056.984609267,7945068.083203424,5130,200,1.4555698903277516,11.098594157025218,224
4b445be4-6f38-45df-a7f8-c8823049d1ec,190510e9-1b94-44f5-895a-8b5e8e0fd079,7945055.529036374,7945056.985340218,7945068.084605032,839,200,1.4563038442283869,11.09926481358707,160
344fbc1b-b990-4f39-9778-ec83b7663ad2,e77b53eb-34ca-43c5-a24c-053d3db714c7,7945056.528686339,7945057.006532973,7945068.106499105,450,200,0.4778466336429119,11.099966132082045,448
50bd5a6a-eedb-40c8-beeb-1c79d5956ddb,aef23cb9-de90-4c2c-999e-8d56eb9b8b92,7945049.528038636,7945052.010329835,7945068.121490313,2916,200,2.4822911992669106,16.111160477623343,288
6f41c306-943f-40d4-b14a-351960ae5dc3,d26ad366-532a-4efa-8162-640fdbbd7d99,7945061.528578047,7945062.08468301,7945068.217474405,984,200,0.556104963645339,6.132791394367814,160
f54fcb94-a116-44f9-b885-40241fe1cf1a,9a534a9e-501a-40df-83f4-624c8d7b5e03,7945059.528161571,7945060.171546707,7945068.905823486,4943,200,0.6433851355686784,8.73427677899599,192
61b03bab-a127-4620-9954-61c032d81811,eb4e60ac-1359-4499-b9d4-c61b52b424da,7945060.527938967,7945060.778916188,7945068.918333813,2170,200,0.25097722094506025,8.139417625032365,224
c43dd4a9-f827-4243-abe2-81be8abfdd42,198baeec-5ede-4eed-aa82-1797c2c3393e,7945057.528533584,7945058.415516842,7945068.919878106,4633,200,0.8869832577183843,10.504361263476312,224
b9fcaee8-90ba-437e-a07f-4fa6b4a007ec,08603ce6-483c-4fd0-9d65-4b6051d47dda,7945062.527858891,7945063.120790563,7945069.0836777445,4323,200,0.5929316719993949,5.962887181900442,4096
5183159b-3d90-4b77-a045-cfc9e4ad3d94,61323a0e-d648-4de7-b67b-b711daabcf13,7945062.527855487,7945063.238701639,7945069.475858239,5970,200,0.7108461521565914,6.237156600691378,192
4007734c-d75c-4f84-9c9b-7e624b52dd19,64a20523-1b43-4e3c-9c70-a85cd41be10e,7945051.52839297,7945053.572247377,7945069.868660731,2689,200,2.0438544070348144,16.296413354575634,160
984dc8fd-ef6e-4357-86bf-993e195c46e2,e3581f64-96f8-42a5-a501-06b5a508c8d5,7945059.528158625,7945060.0452609025,7945070.102038408,5790,200,0.5171022778376937,10.056777505204082,176
57b8b1d1-af58-4d59-9d5e-6b2c01377550,f632d663-5e72-4781-b446-6f4a98b1dc1b,7945052.527973711,7945054.809081204,7945070.8997111395,2010,200,2.281107493676245,16.090629935264587,192
0eccb726-4246-4086-a9ea-0a6810814903,2e0ebd62-ed20-49e5-b3c5-44f67a92fb07,7945052.527976591,7945054.8087216485,7945070.902501507,4099,200,2.28074505738914,16.093779858201742,4096
97ec5702-ee2e-4ddd-86c6-175c9898c583,626aaf56-6bc2-4c8d-a3fa-d89ae97963e0,7945059.528152964,7945059.862379641,7945070.996967973,3134,200,0.3342266771942377,11.134588331915438,256
64156e55-c0d4-421b-a7c5-f53d31e9f8ff,49bf49bd-33b8-4a2e-8ff4-3ff04bea24f0,7945059.52814974,7945060.470577955,7945071.025314841,6038,200,0.9424282154068351,10.554736886173487,160
8e578d4c-7f03-4ef3-b08b-004f09d60bd7,a780aaa3-d43a-44f0-b001-07e8681401fd,7945059.528155719,7945061.0783367455,7945071.049129896,5896,200,1.550181026570499,9.970793150365353,192
3fa0b20a-b64a-4d97-9b98-5132125a2cd1,ab49bb54-64ef-482c-9fb4-5dcf7d4f3735,7945059.528139334,7945061.081158315,7945071.055040321,4555,200,1.5530189806595445,9.97388200648129,224
6867e7bf-45fb-451c-a856-03476f62f6c7,20907513-6f2b-4ea5-a652-4c331e561f4b,7945061.528566944,7945062.934744069,7945071.12732154,6014,200,1.406177124939859,8.192577471025288,160
339b02ad-242a-4769-be60-998e49ee8300,d2fcae66-11a4-4459-8eca-43e7e9d45137,7945061.52859013,7945063.276340807,7945071.147566053,5949,200,1.7477506771683693,7.871225246228278,160
ab2fd0ff-9924-42e8-a51d-9831c5705f23,8a57ee32-2494-4e73-9af9-4fd56f0ccb67,7945062.52786147,7945063.276158573,7945071.148571846,1989,200,0.7482971027493477,7.872413272969425,192
32e7172b-81c3-4576-9575-68b8663dd109,ca3f93ca-3854-4518-85a8-c7ae9ff60ffe,7945063.528728031,7945063.864493671,7945071.420958655,2087,200,0.3357656402513385,7.5564649840816855,176
39d2b116-a4e1-4d5c-b04f-7f977c641c03,d7f0638e-4f89-4fa6-8b46-907cef726e7f,7945066.527970695,7945067.291266939,7945072.600324253,5747,200,0.7632962437346578,5.30905731394887,224
0e22c596-e5e3-430b-b0aa-9847deef1b54,975b1cbe-dd44-4623-ba2e-c3952c5903b4,7945065.527895857,7945065.822632017,7945073.52618162,3092,200,0.2947361599653959,7.703549603000283,160
945aa9db-1855-4751-9547-6af42262b869,db2464c6-7136-4f5a-a354-23f360505371,7945068.528084161,7945069.04117027,7945073.555296599,5906,200,0.5130861094221473,4.514126328751445,224
4670031a-0a14-4fab-a4d7-ca180b1b3cdc,17ea2373-6630-4649-8ec5-c5b587c94c28,7945066.527958328,7945067.133752567,7945073.60255646,5915,200,0.6057942388579249,6.468803892843425,176
2ff89b59-2cbc-4124-b217-feb637df9a06,2c04ca06-6ffe-4a2c-81be-67ab83b10777,7945064.528513383,7945064.8809494,7945074.105748657,3591,200,0.35243601724505424,9.224799256771803,176
4b193798-001d-4f1d-a7e8-189ec158e6b1,61f803a7-3498-4de6-a1a2-6d57b33743fa,7945067.528117575,7945068.389488508,7945074.198263193,5898,200,0.8613709332421422,5.808774684555829,176
25fe3211-ecb7-4d1c-9cbc-3756204cae7a,92c5bb60-fa3b-4201-8506-da490ee69f6d,7945063.528712617,7945064.637128401,7945074.264540459,6617,200,1.1084157833829522,9.627412058413029,176
514e2d33-02a1-44c3-8005-47f653fa8afe,3ba7797a-2ac8-4a86-b503-441614c8deec,7945064.528524635,7945064.780251112,7945074.290320053,2167,200,0.25172647647559643,9.510068940930068,192
ac81f24e-104b-4dc3-bfc4-7380389a47b0,83cf931a-941f-4ebf-82f2-3323cbdfd009,7945068.528074873,7945068.754998386,7945074.319451849,2009,200,0.22692351322621107,5.564453463070095,160
9f0b6ff6-b0d7-4f03-bb3d-543a06c26ddf,a064ed6a-df7f-4bd4-8bf2-2a147fae5449,7945063.528725214,7945064.727991483,7945074.344838403,5695,200,1.1992662688717246,9.616846919991076,224
85d02820-964b-432f-97e9-58ec33208e91,86ea5c7d-886e-429f-82a7-678f68526718,7945055.529042882,7945058.682939902,7945074.851781692,1516,200,3.153897020034492,16.168841790407896,1504
70e587e2-d40a-4665-b591-f74e4d22284d,ad4218dd-4e3a-4664-99b7-90c10307f0cc,7945056.528680515,7945059.310598392,7945075.070750835,5574,200,2.781917877495289,15.760152443312109,224
3bf621b3-91db-4a50-ab30-b546b3201ba3,d0f88edb-e209-444c-9c41-1068ec16e1c9,7945058.528071638,7945060.23614039,7945075.167900686,675,200,1.7080687517300248,14.931760296225548,224
07f5d160-ed70-411b-b8a5-bc97f2b65757,d255caec-ea5a-4101-b7b8-6297e1ff4298,7945060.527955477,7945061.558484887,7945075.407275772,3591,200,1.030529409646988,13.848790884949267,224
750d299b-13c7-4589-8667-be4c26623a72,92cc2d2a-54fe-40c7-8aa5-3427729650ab,7945066.52796491,7945067.225703961,7945076.315799212,5836,200,0.6977390516549349,9.090095250867307,176
c29c1c4d-9a92-4074-b9c4-ef7e36b8480c,bde9bed4-c70f-455d-8fd2-f39ccda69523,7945066.527967563,7945067.303809797,7945076.339756282,3314,200,0.7758422344923019,9.035946484655142,224
ec29ae01-0eef-482d-a30c-464d5e1bf71b,762e40fb-aa89-4998-9dd3-5b22bcf87c95,7945067.52811397,7945067.795657059,7945076.664307078,3893,200,0.26754308957606554,8.868650019168854,3824
088cd43a-6bdc-499b-9343-022ebdc63dd0,5b0f91ce-6b7c-4bc1-acfb-82cdc77c12e4,7945065.527886068,7945066.009200032,7945077.150347184,5869,200,0.4813139634206891,11.141147152520716,176
d3877d28-a502-469d-af65-f06191eca070,6f800154-3d41-4bb5-84b5-53c0e3a2be75,7945062.527844159,7945063.649431913,7945077.349536661,1714,200,1.121587754227221,13.700104747898877,224
4d50ce28-4ff3-4b08-9a63-6fb3ef487965,b6d73390-2ad0-497c-b0d3-d501b54cb3b6,7945069.528256003,7945070.049002313,7945077.590282373,5799,200,0.5207463102415204,7.5412800600752234,160
e11d8879-613f-40c4-a2be-8f564c5f1da4,e07c2d42-a662-4c29-964f-169725261d2a,7945066.527961819,7945066.719928723,7945078.329742239,1085,200,0.1919669033959508,11.609813516028225,1072
ed25d60d-5ea2-4447-bfde-ae2375068038,84c4d2a8-6b31-4bcf-b81d-abbd737d2e72,7945070.528044616,7945071.03195872,7945079.574788104,5113,200,0.5039141038432717,8.542829384095967,176
ac8688d7-24ab-4d21-8e0a-1b4248035b94,22e7df0b-095c-4ac6-bd45-cfbc5114ef84,7945067.528102939,7945068.063765743,7945079.633402301,5916,200,0.535662803798914,11.569636558182538,160
01cedffd-73c6-42b0-a3cd-563758617fc4,1cf43c54-4dfe-47b8-986c-c311b23d8744,7945070.528048796,7945071.08577461,7945079.863274628,6011,200,0.5577258141711354,8.77750001847744,208
ea7aa967-8a3f-4b16-b3ec-8c2c47707d54,7667f33b-b26c-45bb-93e7-f88a17c26604,7945070.528058033,7945071.197358976,7945080.731941121,5808,200,0.6693009426817298,9.534582144580781,160
450933a0-e31a-4141-a968-24f4dee44193,d9fd7ec2-2f99-425f-9c69-93f6d7f2fea8,7945070.528060949,7945071.19589259,7945080.730845171,1824,200,0.6678316406905651,9.534952580928802,176
7f8bc1d9-8016-42bb-911e-fef293ca642d,4e79f1a7-f546-4b99-89f2-b8e49d5fd029,7945071.528045198,7945071.938724991,7945081.065762608,2454,200,0.4106797929853201,9.127037617377937,288
7914e81c-2f55-43c9-b139-c58a81e88842,de9dd036-4f1e-4b4b-af42-313691711d35,7945073.527850046,7945074.663200434,7945081.089127887,2370,200,1.1353503884747624,6.425927452743053,192
52f19665-9fb1-4cf1-99fa-605d738c7c9e,5d225bf1-f779-4530-b051-0511453c2e89,7945071.528042065,7945072.47715443,7945081.136347909,5795,200,0.9491123650223017,8.659193479456007,160
3eef97bb-da1c-433e-8c66-d77c06f5772e,77b4ae52-f6c1-41d1-91f1-b68909c594f4,7945072.528777957,7945072.89990793,7945081.271458292,3882,200,0.3711299728602171,8.371550362557173,160
767c5a18-f220-4614-8ccf-504823040162,51d7662f-1a16-41ef-8d52-8068171283ee,7945071.528049282,7945073.2189366,7945081.509305029,5968,200,1.6908873179927468,8.290368429385126,160
b3e41b74-7c26-42d8-be06-37fd2c306cc6,c6c749a6-fad9-490e-b35d-ed4ff524a75c,7945071.528026745,7945073.221339884,7945081.512403344,3095,200,1.6933131394907832,8.291063459590077,288
ff07cd00-6a2b-4d35-8d7f-75dd23912a41,c06919a8-a2b9-49b8-b076-7345f66f0757,7945072.52878497,7945073.729339619,7945081.539175906,2426,200,1.2005546493455768,7.809836287051439,176
93222667-11af-4271-87c7-42032a1a41de,7e26fb2e-ff9e-4c44-9abf-7453e7c69fb2,7945072.528782045,7945073.0991420625,7945081.879891485,4493,200,0.570360017940402,8.780749422498047,4288
ea7ddade-ebfe-4d2a-b6e3-024f3cf16eeb,08603ce6-483c-4fd0-9d65-4b6051d47dda,7945076.528444519,7945077.183189239,7945082.119397285,4492,200,0.6547447200864553,4.936208046041429,4304
50f10175-5cb6-4351-8b99-01dbdeef66fd,6a7cdf06-d078-4a3c-a49d-aad13f7aebc6,7945073.527844635,7945074.000343531,7945082.340707334,2032,200,0.4724988965317607,8.34036380238831,176
11fb6f7a-e39d-4131-98ee-6c4daafcf13e,db473b5a-9702-4deb-9f5f-b172fbe42243,7945074.528115136,7945075.109560965,7945082.347248678,6438,200,0.5814458290114999,7.237687713466585,176
76d0292d-1f69-426e-928b-88bfc0d551cb,1f538a5d-36a8-41ea-97ee-2c339fa2c19e,7945069.528251794,7945070.359966992,7945082.494474661,5814,200,0.8317151982337236,12.134507668204606,192
80c36052-cda8-4c9e-b130-a06d3c7ce049,13da331e-a394-440f-8413-c59aeafdd460,7945069.528239939,7945070.361021201,7945082.497211733,2682,200,0.8327812617644668,12.136190531775355,2496
34859398-4d34-4ab8-b319-fdc7feee755f,84d5fb78-05a8-499c-b310-f083b5d8df92,7945075.5283202,7945075.781147962,7945083.065816712,1480,200,0.2528277626261115,7.2846687491983175,160
e01f1843-1ba0-44d6-a0ff-6955480f61c3,c1905d2f-313a-45a4-832a-0b436c40d267,7945075.528340901,7945076.213226215,7945083.08460951,5936,200,0.6848853137344122,6.87138329539448,176
60d30719-c148-4bfb-9e64-e10aa571f8bf,d24e5417-b753-4820-aab6-0e27746af42b,7945072.528762502,7945073.28922173,7945083.188868229,3031,200,0.7604592284187675,9.899646499194205,192
b4bab036-1f8f-4dbe-9226-e4f98d3c6b5d,f382aa20-e786-450d-9179-e1aac0aec065,7945074.528104647,7945075.393994599,7945083.333866244,5926,200,0.8658899515867233,7.939871645532548,160
d572a2a1-c6a3-4ed3-8250-e88607a4e996,1ff046d0-e984-4bf9-b242-926f82d0baf0,7945063.528721156,7945068.091296413,7945084.34619158,5819,200,4.562575257383287,16.254895167425275,192
041ef680-c8a5-40a9-ad6f-615c74cdc681,14a2dbbf-bbfe-412d-9b56-8a31592b8dc3,7945075.528337753,7945075.916802698,7945084.508790542,2737,200,0.3884649444371462,8.59198784455657,224
551c9b58-9dba-46f3-bb6f-f3a032608d86,d7cb5386-ae68-4dcc-b88d-e9ecef717347,7945077.527851751,7945077.93594153,7945084.5719543,3919,200,0.408089779317379,6.636012769304216,176
13374a9c-b958-473e-bb22-cf0ef0040b89,416527a2-a792-4e13-a9b8-1130c26752bc,7945077.527870097,7945078.360788937,7945084.584848897,6046,200,0.8329188395291567,6.224059959873557,192
ce7484fa-751c-442c-b383-98d057651463,cab30879-0c4f-45d3-a4a4-2366d94f364e,7945076.52844793,7945076.659490728,7945085.130210059,843,200,0.13104279804974794,8.47071933094412,160
8625e446-18e8-490f-8e74-6a5209364e18,28b74a43-9076-4763-9179-b66506d65ff1,7945078.52870962,7945078.848888042,7945085.420917057,1948,200,0.3201784221455455,6.572029015049338,288
77569bee-0861-4815-bdbf-e45bc24d1ddb,edd89379-d2c9-4ac0-ad26-9773566c427c,7945070.528033343,7945071.618418285,7945086.074016472,5694,200,1.090384941548109,14.455598187632859,176
49dab757-aeec-4b9b-862c-4b0647dc4424,b2064242-4cbf-4acc-a886-909117c9b0c2,7945070.528052013,7945071.616690709,7945086.074468187,1987,200,1.0886386958882213,14.457777477800846,160
d5719dd3-ba11-470d-ba95-aa4df30bae03,d922863e-4720-4a3c-8e68-e41a455f1826,7945079.529067692,7945079.920624208,7945086.177811406,2838,200,0.3915565153583884,6.25718719791621,192
2e8eb43f-1e1f-4ad9-8197-076aa3b60089,cf7c3d83-83e4-4fc8-be78-554c3fa39f5d,7945071.528037969,7945072.578996008,7945086.200674899,5945,200,1.050958039239049,13.621678890660405,176
587aee97-fd21-414b-9172-576d825e9967,7c1a7613-f9a2-432e-8df2-8b7fa4ec50ea,7945080.531367704,7945080.680648349,7945086.248621719,1168,200,0.14928064495325089,5.567973369732499,176
aa5840cc-8a41-4667-a37e-94fbac4c6108,49a6c2d2-5263-4b00-a0a0-87b111b6ea71,7945072.528773802,7945073.121460621,7945086.290262375,5717,200,0.5926868189126253,13.168801753781736,176
ecceaf6d-c847-4855-a0a8-3746b53b3cd8,8a45062d-5c42-469a-aeea-5f639b187477,7945072.528788711,7945073.227788122,7945086.322485547,1312,200,0.6989994114264846,13.094697424210608,192
58e4d7f2-f452-4aec-b74b-32b5d840e947,610b0de9-dfe7-4b6c-89fe-a565eee072ca,7945066.527948283,7945070.905056114,7945086.9460064415,4854,200,4.377107831649482,16.040950327180326,192
f78045d3-6833-4e7c-a9af-124947fe3677,c2c054ad-b012-47b0-9399-472e2409b536,7945073.527852694,7945074.074526773,7945086.958325899,2269,200,0.5466740792617202,12.883799126371741,2256
bb43426f-2212-4595-80a2-37a2e128e259,d412bcc2-d23d-4b9e-9b5f-3bdacd91e23c,7945074.52812443,7945076.253484597,7945087.062584035,3009,200,1.7253601672127843,10.80909943766892,160
e417d500-6276-4045-87a1-e1795dc8715c,4ee1f027-1f81-476a-8827-c03294c1b369,7945075.52833084,7945076.3251645975,7945087.092695727,2598,200,0.7968337573111057,10.767531129531562,192
0e0447cc-2fbf-43f0-9c61-e32dc3c0b29b,a8ad934d-62d8-44f1-80d0-0b2a837babdc,7945075.528343932,7945076.322147177,7945087.091647666,534,200,0.7938032448291779,10.769500489346683,224
7e3bc6d6-cef4-4570-81ca-94f6f3c839c0,3bc8a356-3e30-4ac9-8263-e41522576a6e,7945080.531349263,7945080.639433759,7945087.418618841,5828,200,0.10808449611067772,6.779185081832111,5824
afa4e9ee-13cc-48a7-88a2-8d1b008000ab,aef23cb9-de90-4c2c-999e-8d56eb9b8b92,7945069.528259214,7945071.542887684,7945087.583182665,2904,200,2.0146284699440002,16.04029498063028,288
4e33314d-7938-4f9e-9466-9a35a01e19c5,e17aab6b-7bc4-4b34-8866-8e3239d66cfd,7945080.531364159,7945081.040796766,7945087.807464809,5866,200,0.5094326073303819,6.766668043099344,224
14c4a931-fa9d-4142-b213-2b3c7514636b,b364d444-8745-4600-b91f-aad78b2bad15,7945074.52811842,7945075.78157124,7945087.809375641,1675,200,1.2534528197720647,12.027804400771856,176
f3727b18-a104-4a21-b274-c3f60cf10fbd,ca9b1101-a4d6-40ac-8444-bee1d846e616,7945074.528121475,7945075.781297936,7945087.809202277,2236,200,1.2531764609739184,12.027904340997338,176
9fe59794-7af2-46c8-9411-2f643e3d2458,bcd520f5-bf67-439a-abaf-7abeaf00ad3b,7945081.528228622,7945082.023539879,7945087.90250177,5823,200,0.49531125742942095,5.878961890935898,192
ef02d15d-4dcf-47c1-83f7-f21910d78d06,d0f88edb-e209-444c-9c41-1068ec16e1c9,7945070.528054744,7945071.724316228,7945088.195177888,675,200,1.1962614841759205,16.470861659385264,672
b4839c28-61cc-47fc-a9da-f827a3c4a465,77703f86-e0e6-4d10-8c82-ddcb391c93b0,7945076.528431596,7945077.06184352,7945088.203892735,5660,200,0.5334119237959385,11.142049214802682,192
30843eb0-96ee-4897-98a7-65d3da816d8a,04e4c99b-43cb-459a-ad17-fcb4dcef58b8,7945077.527877864,7945079.201841882,7945088.388303831,1366,200,1.6739640180021524,9.186461948789656,176
685fde65-5fc3-449f-9420-fd99c065dc25,d3b984f1-4463-48e3-98c8-2d606dc9acf4,7945078.528712834,7945079.450056733,7945088.4142731195,2130,200,0.9213438984006643,8.964216386899352,256
bd06e1c0-ff7f-42c2-9224-c9e177e9793f,0bfcbe81-4f79-46ce-9ef9-d330b9b3516c,7945077.527862695,7945079.45132493,7945088.415683411,2588,200,1.9234622353687882,8.964358480647206,192
62106e3c-5ad9-4b52-8a4c-25ac96ab7274,f1ecce61-7933-489f-a87f-5479c4ab4812,7945077.527866558,7945078.152946568,7945089.274769642,6438,200,0.6250800099223852,11.121823074296117,160
c044fc29-9415-4e8d-a068-29f742760cc7,1a71a3c7-3427-4b19-80ec-96704f5aafd8,7945082.52804187,7945083.75459799,7945089.548002704,1738,200,1.2265561195090413,5.793404714204371,192
9f68756e-ed7b-4c7d-9985-30fad46f0f4b,8fd022b6-2a29-403d-b62f-25b9e4f8498f,7945079.529079188,7945081.80341468,7945090.083273198,5909,200,2.274335492402315,8.279858518391848,176
06c2442b-a4ac-4191-bb4d-d43c0ec22b18,36956ffd-e024-4f95-b862-07f8f3ac4f72,7945078.528705748,7945078.787700333,7945090.601455871,1081,200,0.258994584903121,11.813755538314581,160
035a8c7b-bfeb-43f3-9ad6-dd0a86196129,1863b02d-565f-4529-bcff-12b00b0b34e3,7945083.52836012,7945083.6428043395,7945092.363729625,782,200,0.11444421950727701,8.720925285480917,160
8e76c893-daa4-46e6-96f9-58ca3c364583,127c120b-15be-4874-8f9a-c017b2235a9b,7945079.529072027,7945080.668127132,7945092.415997573,2789,200,1.1390551049262285,11.747870441526175,160
cd768b5e-b52e-41cc-b1a6-f6cdbbbca600,70947ba3-d4c1-4b93-81e7-4db84122b195,7945079.529055612,7945080.67131921,7945092.420442691,5739,200,1.1422635978087783,11.749123481102288,160
a310bf7c-0121-42b8-890d-0286032d4933,0f5453ee-72f3-457f-ac7c-5c04a0c6126f,7945080.531360071,7945080.91174268,7945092.443252104,3288,200,0.38038260862231255,11.531509424559772,224
67acde7f-286b-4ab3-94ef-99bc8abbd587,da94db7f-0f1b-4adf-b765-aa75dc6141f4,7945084.528667076,7945084.836854941,7945092.521115221,3164,200,0.30818786565214396,7.684260279871523,224
bf6e435b-8eac-43d4-b4de-38dc89868ac8,ae5f6e53-7c68-4f33-87bc-0fc6518eac13,7945075.528334608,7945076.531019706,7945092.909347079,1186,200,1.002685097977519,16.37832737248391,176
8c2255e1-cded-4162-b92d-d684e914bb97,6ce0c14d-689c-4494-beee-7bc5715840a5,7945076.528441143,7945076.7575589735,7945093.234221828,1691,200,0.22911783028393984,16.476662854664028,192
b90ae9a6-3eb8-4a25-9feb-f13728a1cd31,19af37dd-93d9-4ad9-a0e5-118deaba9abe,7945086.528092926,7945087.246284271,7945093.385186278,5812,200,0.7181913442909718,6.138902007602155,160
fa6d7f2f-30e2-46b2-a1c5-8ec0d921bbf9,ccf25f28-621b-4405-a64d-00261fbc847f,7945085.528785394,7945086.220020868,7945093.897827091,5860,200,0.6912354743108153,7.677806222811341,192
94b31a72-49a3-48a5-9fc1-5eb1bdfc8502,ed812318-fc63-4d2d-9ef6-7e8d8c81a595,7945083.528363741,7945084.189023045,7945093.9395116,3624,200,0.6606593038886786,9.750488555058837,176
0438accb-71a8-428d-acd3-7b33efa740db,eb35ac2c-de06-4a24-85b2-5209248fff48,7945083.528356191,7945084.190867795,7945093.941523717,3697,200,0.6625116039067507,9.750655922107399,192
bbb2f6fd-cb8e-47cf-b2a3-96d9b119e5db,ae582ed2-5d57-4268-9b43-dbb1599f2f2e,7945084.52865242,7945086.06439417,7945094.0205495935,5787,200,1.535741750150919,7.956155423074961,192
e533c9a0-00de-43f3-8f8a-49b41d400ccc,d3b984f1-4463-48e3-98c8-2d606dc9acf4,7945085.528782208,7945086.976439139,7945094.061903758,2130,200,1.447656930424273,7.085464619100094,2128
24ebd1c8-a5e5-4bf0-8a8a-66708723b003,d7cf37ff-7f8e-4329-9149-00c1e9db916c,7945081.528220186,7945081.637945094,7945094.330250169,698,200,0.10972490813583136,12.692305075004697,160
4dbcccdd-6058-4570-8631-0181631fbf94,623c0d42-1c08-4857-8f8c-99e07238aefe,7945086.528095789,7945087.090667787,7945094.354045841,5821,200,0.5625719977542758,7.26337805390358,176
731bb4a4-1280-4182-972b-fc98910058c2,ba2948fb-7a1d-48df-9586-f77294d86bcd,7945086.528082934,7945087.330549156,7945094.376076091,3471,200,0.8024662220850587,7.045526934787631,160
9b68208b-a4c6-48ee-916e-abf90c280832,daf17ae7-56e2-41b3-b327-73a287b0645d,7945077.527873197,7945078.690566391,7945095.166492678,6045,200,1.1626931941136718,16.475926287472248,160
b4df1113-70fa-4573-bb1a-ae17dea5bcac,ff020ca9-56b7-42a7-b1d4-89fc232b4c6b,7945088.527899468,7945088.744471477,7945095.584190291,2214,200,0.21657200902700424,6.839718814007938,192
d470b0ac-52ce-4ae4-baa7-7522ea14c567,7ea2ccfa-2624-469e-86a2-3d37a9566288,7945078.528694457,7945078.804364902,7945095.672311157,1687,200,0.2756704445928335,16.867946255020797,192
d75a1bef-0cda-4663-88c1-af9e54f7537b,4e79f1a7-f546-4b99-89f2-b8e49d5fd029,7945089.527949747,7945089.987771008,7945096.093303271,2467,200,0.45982126146554947,6.1055322624742985,576
dc005e83-f4c0-4edf-9b80-f47ae779cb4a,d604e27e-38b5-4d32-aafb-9dbb5e7b3df6,7945079.529075939,7945080.679275567,7945097.468820667,3241,200,1.1501996275037527,16.789545100182295,176
46b72882-fa97-47f1-8c15-b33efe075f70,f4388798-3f35-4485-97c5-bae23c92d237,7945084.528660999,7945085.146685328,7945097.545373954,1828,200,0.6180243296548724,12.39868862554431,192
5a1b0fb9-78de-417e-add6-90ce9cd8de5e,762e40fb-aa89-4998-9dd3-5b22bcf87c95,7945084.528670147,7945085.144990962,7945097.544173097,3934,200,0.6163208149373531,12.399182135239244,3872
63d35ba7-8303-41d9-9394-7af3553e5575,9fb69ac8-e201-48cf-b4e0-d53568cd2467,7945082.528024556,7945082.769296014,7945098.077362102,2102,200,0.24127145763486624,15.308066088706255,192
4c1ab377-d190-4009-a357-592d042b3823,19c63e55-9c86-4e1b-96dc-a890c7bed47b,7945082.528033879,7945083.368957162,7945098.106596175,4659,200,0.8409232832491398,14.737639012746513,160
a237406c-1dc1-4f5a-8792-0b17e31f7a20,c2c054ad-b012-47b0-9399-472e2409b536,7945082.528039736,7945083.788390377,7945098.135348056,2307,200,1.2603506408631802,14.346957679837942,272
8b95a6c8-4a5c-487d-bed5-f42ab1a508f5,b983d827-0d38-4308-847f-1f3af4f8a8f4,7945082.528037159,7945083.790614677,7945098.13767627,6747,200,1.26257751788944,14.347061593085527,192
79031307-fcc3-4812-b789-fa75ebeb37cd,d39b3f1f-8b11-4b99-b8c8-98411d1454ed,7945083.528345698,7945084.378708916,7945098.17055239,2036,200,0.8503632182255387,13.791843473911285,176
5a5316ad-5c49-43d8-815b-f2f2977e0fcb,855cfa0b-6ef0-46a5-98e5-c44eaa5c8887,7945085.528787684,7945086.071768794,7945098.310909075,3940,200,0.5429811105132103,12.239140280522406,160
1bf2c406-a582-4f1b-b1cf-4fb534d4bf13,48cd51af-72e3-456a-bb36-8a6614305c06,7945090.528620942,7945091.157373128,7945098.778489663,5858,200,0.6287521868944168,7.621116534806788,192
e12bad44-6554-46f2-a1f9-d53126daedc8,5611334a-865d-4971-92c4-36c439372140,7945091.528178418,7945091.966536225,7945098.821831766,4550,200,0.43835780676454306,6.855295540764928,160
4060e7f2-9b93-4ccb-b1c3-b8eaa97eb5d1,8c4449c9-0656-4caa-85f4-05bc80a54e6a,7945092.528309942,7945092.98556738,7945099.396818424,4235,200,0.45725743751972914,6.411251043900847,224
abc54e3f-6c4c-4281-b680-cf0b712396a4,a780aaa3-d43a-44f0-b001-07e8681401fd,7945086.528098177,7945087.079122536,7945100.218576028,5877,200,0.5510243587195873,13.139453492127359,192
e954cb61-e03a-407a-aef9-5ba00b5ab6b7,4c10b736-1d1b-457a-a682-a14f3e43c75e,7945087.528619148,7945087.782423111,7945100.245016788,2691,200,0.25380396284163,12.462593677453697,256
6ff94efb-429a-4900-b2ea-5442d8069e5b,f404af1d-e873-4d23-a33e-fa036a38c6dd,7945086.52810054,7945087.678908723,7945100.248397862,4405,200,1.1508081834763288,12.569489138200879,160
7579073b-b805-4eeb-9d0e-dd10016de47a,c11d6802-d0ee-4c6c-bec7-507f0b2efb7d,7945093.528847168,7945093.6760337325,7945100.2727886485,1543,200,0.14718656428158283,6.596754916012287,288
157b2433-713c-4bff-8ebe-fb89c8dff7ba,198baeec-5ede-4eed-aa82-1797c2c3393e,7945088.527887896,7945089.525428158,7945100.332213191,4633,200,0.9975402625277638,10.806785033084452,224
d5968871-9261-4af6-bcb2-4a6c2ced900f,b2fa6790-dd5b-4084-8a12-100919ea9d3e,7945087.528628769,7945089.52589097,7945100.333846642,5832,200,1.9972622003406286,10.807955672033131,160
c2a685f1-4b2a-43b3-981e-cac8ecbaace8,6a060b93-128d-4e54-a435-0af0dbc0a790,7945089.527946429,7945090.4993773,7945100.383709217,1989,200,0.9714308707043529,9.884331917390227,224
eadf0f37-c5fe-4ae2-8a08-166e7d6acf6f,3d9ee3e9-ff56-41f8-8381-1a806193cfba,7945084.528664347,7945086.943111408,7945101.538593476,5886,200,2.4144470607861876,14.595482068136334,192
cb461e51-8996-4f97-a0cc-2fca8b4b861b,2e0ebd62-ed20-49e5-b3c5-44f67a92fb07,7945085.528778391,7945087.578996787,7945101.572154098,4101,200,2.0502183958888054,13.993157311342657,160
53224e7f-e3fd-4daf-a498-618d5ef708e6,10bcf0c5-a7c4-43f0-9664-79e32e9e57d8,7945085.528768128,7945087.58209256,7945101.5741136065,5838,200,2.0533244321122766,13.992021046578884,192
2559faa2-702b-4ec1-9b58-3eb71e309c40,0fb9acc9-a9df-48ab-97bb-d5cbf74736cb,7945086.528102996,7945088.190388691,7945101.610458592,2306,200,1.6622856948524714,13.420069901272655,176
e71c4b8b-d7af-42ae-b0d1-0b676770caf7,63942722-5e62-407d-aa66-e9b53f9369a4,7945088.527896888,7945089.009575391,7945102.507531672,5770,200,0.48167850356549025,13.497956280596554,176
0f6ba7d8-90f4-4514-8d3f-d5a0ad963f34,13da331e-a394-440f-8413-c59aeafdd460,7945089.527935786,7945090.391457252,7945103.095006048,2670,200,0.8635214660316706,12.703548795543611,176
b237880d-8477-4d09-8c07-114835ebb8bf,7749eb9c-39d3-4dcf-9ab7-6caa74d2bf15,7945089.52795267,7945090.391313919,7945103.095416772,2802,200,0.8633612487465143,12.704102853313088,176
4a03cb66-86d8-4a45-b2e4-cd5739b51d7f,73515c88-7aa9-4cf1-9314-b1478a657937,7945090.528631596,7945090.796605915,7945103.348484938,2467,200,0.26797431893646717,12.551879023201764,288
87d0fbd6-1706-4dba-bfcc-2b3542d274cb,1a8c236d-cb3d-4a7b-80ad-b43d1c9d951a,7945093.528858083,7945093.94156774,7945103.4993555825,1381,200,0.41270965710282326,9.55778784211725,176
3ad9ef22-36c6-4c51-9cc8-679fa5ed3560,9060883f-9ab6-4276-8422-61358b83b2fe,7945093.528862293,7945093.941345369,7945103.4993885625,3511,200,0.41248307656496763,9.55804319307208,160
729c0fab-71a3-4f72-8ccd-5fc8795bce51,e816ba8f-1a6e-48ce-9548-02de37953f21,7945094.527982888,7945095.474404552,7945103.59718614,5854,200,0.9464216642081738,8.12278158776462,160
c1a3d229-9438-43d7-964c-f74a09fe6f1d,388115ee-cfd7-4965-aa31-059528c7936e,7945095.52802905,7945095.8072005,7945103.745482182,2974,200,0.27917145006358624,7.938281682319939,192
47e5c62c-4953-46d5-b332-3e4fe7cc6cbc,617f782e-efb9-4c0f-b006-2590c59dcebb,7945087.528632642,7945090.998081404,7945103.925607995,3264,200,3.4694487620145082,12.927526591345668,224
08ef0037-5cc5-498d-9949-09f2bc0c34bb,0abd24c4-2550-4a74-9b24-ebefa10c413c,7945089.527955142,7945091.689421345,7945103.979486644,4207,200,2.161466202698648,12.290065299719572,160
c54a96ea-dca4-49a1-96f1-4bad0e8d83a2,8f48cda5-2fd9-446d-be71-16b2308c96fa,7945095.528038674,7945095.76207912,7945104.239443366,2377,200,0.23404044564813375,8.477364246733487,176
29d81d9d-8ba4-4f06-ade5-62e86155d612,7c1a7613-f9a2-432e-8df2-8b7fa4ec50ea,7945097.528312906,7945097.904082372,7945104.320061344,1168,200,0.3757694661617279,6.415978971868753,1152
5ae753a9-3c04-4a44-9767-53a14b65aa9d,92efd495-043a-491c-a9d8-1438b337451e,7945097.528329857,7945098.201904108,7945104.3376740385,4055,200,0.6735742511227727,6.135769930668175,160
41d5faec-b195-41e0-a82a-b76119a37caa,6a7cdf06-d078-4a3c-a49d-aad13f7aebc6,7945097.528333413,7945098.201414036,7945104.339206216,2159,200,0.6730806222185493,6.137792180292308,2000
f6123ef4-cb12-4aca-b069-647920b79f66,170ea2c4-4d14-40fc-b37c-ea5faa943e4e,7945092.52830216,7945093.213244552,7945104.55813669,5959,200,0.6849423917010427,11.34489213861525,192
d27196dd-fe0f-4783-b3f7-6fe5a6e35ea5,e24543ef-8e01-4f81-96d6-3b725d1934f6,7945096.528129222,7945097.042077005,7945104.635771799,5922,200,0.5139477830380201,7.5936947939917445,176
ff4d8003-c654-45b0-9dce-b94e8d4c7fc2,3e079306-9bd9-4ab5-ace0-9e2803e63a19,7945098.528581603,7945099.139170746,7945104.75170415,5811,200,0.6105891428887844,5.612533403560519,160
1af8a2ca-2ad3-4d90-8322-18d74e45f6f0,83a4f7a2-3414-41cb-b62b-13828711c3e3,7945094.527976298,7945094.945557679,7945105.40714893,3503,200,0.4175813812762499,10.461591251194477,160
2c39c353-e793-43e8-8de6-eaf6fd4b8de4,324bc838-7707-4b3b-9817-27416b426688,7945092.5283128,7945095.625220095,7945105.456389633,2577,200,3.096907294355333,9.831169538199902,192
651d9055-ff70-4dc8-b6d8-d412cf86b415,d255caec-ea5a-4101-b7b8-6297e1ff4298,7945094.527965103,7945096.984636307,7945105.833974319,3591,200,2.4566712034866214,8.849338011816144,224
c930fcb2-94de-44c3-87c3-2de20e20fa2d,b4b1bac4-6c71-437c-9c73-e02f18428429,7945100.527993376,7945100.8265408855,7945106.204046782,2329,200,0.2985475091263652,5.377505896613002,160
2adcbb58-0dfa-482d-8ca6-1219b17a13d8,975b1cbe-dd44-4623-ba2e-c3952c5903b4,7945100.527996665,7945101.048058559,7945106.221397889,3226,200,0.5200618943199515,5.173339329659939,160
3b17e532-054e-4646-941d-746ca37af672,495e7460-fe01-43cc-a5c0-ed020a585294,7945094.527988784,7945095.014912745,7945106.251755796,5051,200,0.48692396096885204,11.23684305138886,176
4ee0775c-644c-4c0a-a49c-82a1f2adc32c,aef23cb9-de90-4c2c-999e-8d56eb9b8b92,7945096.528152393,7945097.950097934,7945106.291298023,2906,200,1.421945541165769,8.341200089082122,16
3361e072-096e-4088-8ce4-e107b1d27015,cd884a1e-a028-4070-a8c7-14fd8ab2f0d6,7945094.527992383,7945096.055699383,7945106.422514091,5828,200,1.5277070002630353,10.366814708337188,192
56148dbd-93c3-4e15-9fab-eab643deaebd,ac7f1381-f111-4d18-8740-d17fce20aef7,7945094.527995252,7945096.055528228,7945106.42296394,3891,200,1.5275329761207104,10.367435711435974,160
b126789e-6779-4361-8dd4-5b254c036fb9,e07c2d42-a662-4c29-964f-169725261d2a,7945095.528042301,7945096.683755012,7945106.450234035,1085,200,1.1557127116248012,9.766479022800922,192
1cb471b1-eda9-4b2c-8ec7-3fe15c0cbd04,3ce39b5f-5799-4fcb-89cc-2113064e6eff,7945094.527979692,7945096.686186606,7945106.452366304,5800,200,2.1582069136202335,9.766179697588086,224
5203a39d-09f3-480d-a204-0f4dcb98183f,4c10b736-1d1b-457a-a682-a14f3e43c75e,7945096.528144711,7945097.490427312,7945106.498383653,2671,200,0.9622826017439365,9.007956340909004,416
c3441412-d51a-4aa5-b8a6-1d1f8c003cfc,c2c054ad-b012-47b0-9399-472e2409b536,7945096.528155241,7945097.489576744,7945106.497398699,2313,200,0.9614215027540922,9.007821954786777,272
e5350b0a-3d48-41f4-ad81-ee1a467120cd,f8fe6d82-88ff-4036-a76d-2c961a7e8fda,7945101.528970839,7945101.901024493,7945106.523038247,2196,200,0.37205365393310785,4.622013753280044,176
e18bac7b-acfc-4a2f-af03-d05769624c8e,b497fdbd-c0cd-41f4-a5b7-63a2cbdbbd28,7945096.528140919,7945097.285079221,7945107.0272863135,5853,200,0.7569383019581437,9.742207092233002,176
4e9b403d-0ed4-4b94-bab1-3942ebe83265,30c27ebf-96cc-4b2b-ab07-a06e23ff48f3,7945096.528148524,7945097.543317767,7945107.052381343,5759,200,1.0151692423969507,9.509063576348126,224
eb69cd9c-d4a7-4a4b-91db-221afdcfc5bc,3c85a765-4063-4b71-9147-47f287172897,7945102.528052805,7945102.813871765,7945108.20868266,3320,200,0.2858189595863223,5.394810895435512,192
3a089c0a-0fe8-437c-9dbf-7759b9343e56,3e7fbc73-7734-4886-bf00-9441a89edd81,7945099.528208397,7945099.651141494,7945108.461618548,1178,200,0.1229330962523818,8.810477054677904,192
a10d13f7-82d9-446a-936d-6661695abdfd,c25d9c7d-1328-413d-8627-ce51dfec2736,7945100.527984474,7945102.281521002,7945109.050256624,5370,200,1.7535365279763937,6.768735622055829,176
fe9475ff-34e2-4e59-804b-6d04e843dffc,c7b64170-f421-43cf-909e-3085b5bc5c82,7945101.529018436,7945102.873706215,7945109.065744211,1326,200,1.3446877794340253,6.192037995904684,160
8f98f3e1-76c7-4bfa-9cc3-7549073d50e9,56385a8d-857f-4f1a-9f71-9d99a831e76d,7945100.528004964,7945101.232485362,7945109.30571141,5832,200,0.7044803984463215,8.073226047679782,224
c6f4ce86-8cef-4b8d-a6b2-19269aed619b,ddeeb9ec-b605-424a-8be2-8354f50bdec6,7945101.528986916,7945102.096326119,7945109.545297991,5809,200,0.5673392033204436,7.448971871286631,176
a793252e-6cfa-47e1-8dc2-c24d33056eea,da76c283-228b-4af6-a640-10f0fa45521e,7945101.529004754,7945102.268698847,7945109.97077594,1805,200,0.7396940933540463,7.702077093534172,192
e8728c02-e865-4566-b257-3be34cfbda65,dce9acc2-6cb3-4a0d-a588-167463328340,7945101.528983259,7945102.274078173,7945109.976701284,3344,200,0.7450949139893055,7.702623111195862,176
b466f2e6-10a0-4af9-854f-0ff8e7c02901,73d9570a-d227-4056-8777-dba15b0c31d5,7945101.529021254,7945102.501218543,7945109.994328815,5891,200,0.9721972895786166,7.493110271170735,160
64aba82a-a68d-4814-80b4-094182bb92d4,6bbde2a4-c8c9-4455-9ab7-556ea23da962,7945097.528322895,7945098.671528666,7945110.009567175,5876,200,1.1432057712227106,11.3380385087803,176
e1edd19c-e0bc-40a4-b5a1-d0f572a24f06,0bfcbe81-4f79-46ce-9ef9-d330b9b3516c,7945098.528591583,7945098.761078836,7945110.039225763,2760,200,0.232487253844738,11.278146926313639,2560
bf12ec84-ce38-4417-baba-0b8e69d54787,26b9f4f7-be2d-4bfa-af30-f2f8fe9a8251,7945097.528326969,7945098.76023109,7945110.039647953,2946,200,1.2319041211158037,11.279416862875223,176
504c792b-da1a-463e-86c6-3eefe9dae993,4693a909-b4f2-426b-a04f-81bb13685c3a,7945098.528594994,7945098.760638696,7945110.040377888,594,200,0.23204370215535164,11.279739191755652,176
53477094-7466-4879-b377-a0783ed366e7,2d2593d9-0207-4a64-b650-04ccd16e66b1,7945100.528007612,7945101.507052964,7945111.08900052,488,200,0.9790453519672155,9.581947556696832,16
0bd2141b-1880-4566-98e7-5db2bba7497c,d3ee945a-0104-40b5-a827-4620a82f0b1d,7945100.528009932,7945101.505045868,7945111.090629348,5604,200,0.9770359368994832,9.58558347914368,224
d6b0620e-87dc-44d3-9c11-e7c014fa47c8,762e40fb-aa89-4998-9dd3-5b22bcf87c95,7945101.52899384,7945102.667750479,7945111.247223205,3995,200,1.138756638392806,8.579472726210952,3920
bde4c4cb-9973-4efc-a350-e4f8f60ea287,92cc2d2a-54fe-40c7-8aa5-3427729650ab,7945101.528997782,7945102.66722115,7945111.247053903,5836,200,1.1382233686745167,8.579832752235234,176
f8b3aa41-f502-4e0f-b8af-794ee0f8e010,e91d0ed4-885a-4a60-b5f6-5b3563d19f21,7945101.529015273,7945102.777550836,7945111.26922599,3769,200,1.248535563237965,8.491675154305995,176
eed1143a-4743-4ac2-b640-3ae2d78234f1,77ecd2f8-2c5b-40e7-8853-fab3892fb6b8,7945103.528041427,7945103.703570045,7945111.289877642,668,200,0.17552861757576466,7.586307597346604,176
ecd4db68-fabb-43dd-ba81-96d787ce469f,63942722-5e62-407d-aa66-e9b53f9369a4,7945103.528037571,7945103.703999294,7945111.2923927065,5770,200,0.17596172261983156,7.588393412530422,5760
eeec44cd-a16b-4965-a59c-47b68420f9b8,0ceb19fd-18e1-4a16-a3df-e81d2099468d,7945103.52804823,7945104.000005756,7945111.309330554,4157,200,0.47195752523839474,7.309324798174202,160
87b6d84a-ef7c-4fbb-9c44-a9803aaa7531,1c4af3d8-294c-4501-9d73-db20029dc88a,7945105.529443554,7945105.818436933,7945112.335730025,1828,200,0.2889933791011572,6.517293091863394,160
6cbbb908-fbb6-4cb7-b895-69192cf27d6b,db2464c6-7136-4f5a-a354-23f360505371,7945101.528990532,7945103.177700536,7945112.337081684,5925,200,1.64871000405401,9.15938114747405,224
262ccbe0-a419-4f2e-81df-7e5c9d610ec7,51d7662f-1a16-41ef-8d52-8068171283ee,7945103.528028741,7945104.271516934,7945112.535291351,5968,200,0.7434881934896111,8.263774417340755,160
a74721af-a878-4632-b27a-02643fa13982,e77b53eb-34ca-43c5-a24c-053d3db714c7,7945104.528664206,7945104.628425404,7945112.812233868,450,200,0.09976119827479124,8.18380846362561,160
2d026c94-31cc-4863-bebd-094cc32c9379,1cbbf0dc-9d4a-453c-9ebe-55e97bcab6c1,7945105.529449632,7945105.961178541,7945113.312230541,4523,200,0.4317289087921381,7.351052000187337,176
320e8b5c-b8e9-43ee-b2f2-a3e4f0268597,f5a1792a-e703-478a-8cd6-a3e7940b9421,7945103.528044459,7945103.760447049,7945113.446903244,1913,200,0.23240258917212486,9.68645619507879,176
5a27ffeb-7f21-430d-a905-a9294d349483,4194fbf5-4d40-4ef2-9ff6-36979c053da7,7945103.528050977,7945104.346437971,7945113.4692418445,2031,200,0.8183869943022728,9.122803873382509,192
888f6b98-dce1-4fce-8d37-ae4fc9309fc7,75cef145-13c5-4f24-b901-111a3ee9b61d,7945103.528054068,7945104.34603474,7945113.470480311,5857,200,0.8179806722328067,9.124445570632815,176
3bba8fed-2b7e-4cce-bafe-c3ab61b34f18,d0f88edb-e209-444c-9c41-1068ec16e1c9,7945100.52799941,7945101.237665529,7945113.544853174,487,200,0.7096661189571023,12.307187644764781,176
77f8e6e2-0a0a-4d60-be58-635cbc3da642,c2c054ad-b012-47b0-9399-472e2409b536,7945107.528085353,7945107.953416117,7945114.417930065,2319,200,0.42533076368272305,6.464513948187232,272
b487ba4c-1d40-4b52-808b-b250451f7fc6,b0e864ae-1a94-4ff1-8c76-d8676446b039,7945107.528082098,7945107.883407781,7945114.891810382,3077,200,0.3553256830200553,7.008402600884438,16
933e78f3-db64-4135-825e-b32c9acfc873,0311013f-9099-4eff-ae76-c1c059f5654a,7945108.528535664,7945109.0592596335,7945115.543346984,5828,200,0.5307239694520831,6.484087350778282,160
595d9ea6-c661-4da9-8696-f40abd39d619,cb76f2a0-8cab-45da-a588-c560bc78002a,7945105.529446358,7945105.936241661,7945115.833209104,2182,200,0.406795303337276,9.896967442706227,176
bca3491a-b9b7-4f78-9dfc-12d2ac301c31,561427d8-2917-4668-bb9f-e29ea68c80af,7945105.529434051,7945105.9369588895,7945115.835135514,2567,200,0.4075248381122947,9.898176624439657,320
002e29f1-e3fb-462c-810c-979e6acdcc70,17ea2373-6630-4649-8ec5-c5b587c94c28,7945109.528040105,7945110.060702461,7945116.069288777,5915,200,0.5326623562723398,6.008586316369474,176
3dd6e273-1feb-46b2-ac0a-58b791e4f0ae,634a1cbf-6332-47a8-856d-2257eac7412a,7945106.527863861,7945106.732941164,7945116.356856181,2401,200,0.20507730264216661,9.623915017582476,176
1a0478e2-86d2-4a99-8e5d-3ad12e4a9735,61323a0e-d648-4de7-b67b-b711daabcf13,7945107.528072409,7945108.588945845,7945117.15769713,5949,200,1.0608734358102083,8.568751284852624,192
1a9d0787-7fa0-4357-a6ad-043c6246796f,c6068dd2-a417-4704-8d5a-6ffe70687f29,7945110.528364521,7945111.231696408,7945118.238122067,1311,200,0.7033318867906928,7.006425659172237,224
698fea93-83a9-4c71-bf95-067ad4e34ced,50dea583-acba-41b7-bd4b-405810965bbe,7945107.528076341,7945108.488620285,7945119.612811064,2592,200,0.9605439435690641,11.124190779402852,176
319804a8-d832-42aa-8cc4-24e0c44c113b,3dfa8085-f583-4ac0-a4ba-0474a4eead99,7945107.528062399,7945108.489998062,7945119.615263561,1983,200,0.9619356635957956,11.125265498645604,224
3dced57a-dcd0-415b-a0c9-7ebd505e35c5,4e79f1a7-f546-4b99-89f2-b8e49d5fd029,7945111.5287788,7945111.8602378955,7945119.624351802,2464,200,0.3314590957015753,7.764113906770945,576
f1cb8e13-4849-44db-bd4d-e0ef7fb14031,666b6a11-1b24-43ec-a8b0-67e4c6b834cc,7945108.528526585,7945108.8463344695,7945119.799588735,3488,200,0.31780788488686085,10.953254265710711,192
00f784e3-34a2-4724-9821-8ba096188a85,ca3f93ca-3854-4518-85a8-c7ae9ff60ffe,7945109.528029675,7945110.208382401,7945120.173884967,2261,200,0.6803527260199189,9.96550256665796,176
a80073ef-2e5c-41cc-84a7-f367729d5792,d403e92e-a296-490f-be3c-863ae9176280,7945109.528036918,7945110.207500832,7945120.173962465,4659,200,0.6794639145955443,9.966461632400751,192
76612aec-b5f0-4292-8d48-2aafed409e86,966645c6-6b89-4c9f-ac51-07d831370ba2,7945109.528033721,7945110.664234126,7945120.196941311,5966,200,1.1362004047259688,9.532707184553146,176
45551c9a-0b96-46ed-a600-36ac6e46585d,d7cb5386-ae68-4dcc-b88d-e9ecef717347,7945110.528374823,7945111.093281861,7945120.222140651,4071,200,0.5649070385843515,9.128858789801598,176
a9708ee0-9cd8-47d4-a673-37a9f61e96d5,ad4218dd-4e3a-4664-99b7-90c10307f0cc,7945106.527855569,7945106.963715496,7945120.32704862,5574,200,0.4358599269762635,13.363333124667406,224
67ab8a7a-acf6-40fc-92d7-e917a493b24b,d9fd7ec2-2f99-425f-9c69-93f6d7f2fea8,7945113.528046357,7945113.929231675,7945120.454881037,2022,200,0.4011853178963065,6.525649361312389,176
b26a959f-4330-49b6-8b93-995513dc5b24,5c4f485b-02ad-4dc8-9f8f-65b63db43f6e,7945113.528053117,7945113.928077871,7945120.454247597,1535,200,0.40002475399523973,6.526169725693762,176
8d8aa845-6980-4e69-9d80-80b9f0a6fb7a,95cf3795-9731-4d68-989b-eb41f5ae3149,7945111.528772085,7945112.109666791,7945121.256811329,1289,200,0.5808947058394551,9.147144538350403,224
b35fe316-35db-4549-9b94-a1a340432ea9,7c1a7613-f9a2-432e-8df2-8b7fa4ec50ea,7945114.528036442,7945114.645413604,7945121.613999961,1341,200,0.11737716197967529,6.968586357310414,1136
bbbc9f1c-0b5c-43fc-951e-fde6e77f4acb,3a7dff14-e488-4662-922c-447b8c49865c,7945110.528378468,7945111.046160363,7945122.265685142,5845,200,0.5177818946540356,11.219524779357016,192
a65a0372-d212-4bba-ad5d-21d61e07be7c,48cd51af-72e3-456a-bb36-8a6614305c06,7945111.528759647,7945112.397916129,7945123.177515451,5858,200,0.8691564816981554,10.779599322006106,5856
bac9f56e-9254-4200-bf3a-07441491503d,8fd022b6-2a29-403d-b62f-25b9e4f8498f,7945113.528049279,7945114.473099295,7945123.293454292,5909,200,0.9450500160455704,8.820354997180402,176
9c71af37-db82-42c9-8e29-1b8f745d6fc6,06e11099-e772-4209-bc45-ae572a9bbff2,7945114.528040039,7945115.2401802605,7945123.455007251,5342,200,0.7121402211487293,8.21482699085027,720
847932da-b4f2-454f-919b-99a5d462086f,2fecaf00-3c56-48e0-83ff-cc62525208a4,7945112.527876433,7945113.695300674,7945123.490558741,5915,200,1.1674242410808802,9.795258066616952,176
ba661b46-9cd8-4790-80d8-bad6c28b3e2b,c06919a8-a2b9-49b8-b076-7345f66f0757,7945113.528029464,7945114.295713732,7945123.497459603,2603,200,0.7676842678338289,9.201745870523155,176
a8b8e4c1-9bad-450e-b4ed-c0527c200f98,bde9bed4-c70f-455d-8fd2-f39ccda69523,7945113.52803965,7945114.294514332,7945123.49690146,3508,200,0.7664746819064021,9.202387128025293,224
c47a9b62-bd7c-4a4a-908a-0c0966a73f43,4d09ec06-e452-46e3-b7b3-e10e6c75e0d1,7945112.527883509,7945114.301935677,7945123.510132682,5815,200,1.7740521682426333,9.208197004161775,224
b54cee2b-5e78-4599-bcac-f96535057630,c3f99789-28f2-48b0-8ff1-92f4b8f000a0,7945112.527886492,7945114.373372221,7945123.552622775,5937,200,1.8454857291653752,9.179250553250313,192
0293f9fd-3946-415f-9c84-116fac09473c,f632d663-5e72-4781-b446-6f4a98b1dc1b,7945107.528079475,7945108.685759224,7945124.316974708,2010,200,1.1576797487214208,15.631215483881533,192
d421a28e-374b-4dde-af11-e7b57019a253,c6c749a6-fad9-490e-b35d-ed4ff524a75c,7945114.528042918,7945114.853605006,7945124.343440585,3152,200,0.3255620878189802,9.48983557894826,288
de26d091-debc-4f2e-b06f-87d8aa108628,b8b38176-4a60-45d2-9c93-9a5df29c8bb0,7945119.528492522,7945120.225865676,7945125.174032977,604,200,0.69737315364182,4.948167300783098,176
301621b5-433e-4ecb-a14c-4cae90386644,d7cf37ff-7f8e-4329-9149-00c1e9db916c,7945111.528782025,7945112.115514314,7945125.206847117,857,200,0.5867322888225317,13.091332803480327,160
9a479c1f-c1ad-48ba-925e-1854bea82d2f,62595158-86b4-40e0-8d5a-9ded0e5cee64,7945111.52877593,7945112.117186582,7945125.211313151,5111,200,0.5884106513112783,13.094126569107175,192
affab9a7-826e-42fd-82ca-72733a401805,2c04ca06-6ffe-4a2c-81be-67ab83b10777,7945115.530028511,7945116.624705418,7945125.546979215,3800,200,1.0946769071742892,8.922273796983063,160
7325fc8c-5213-47c6-ade7-315dd8bebe0b,28b74a43-9076-4763-9179-b66506d65ff1,7945115.529994595,7945116.631348981,7945125.549047832,2010,200,1.1013543857261539,8.917698851786554,288
ef02dc73-e639-4ff3-ae4e-6d8af0dce533,3345cbcc-b4b1-4827-bce9-26777f705b86,7945115.530035096,7945117.236331628,7945125.696123989,6487,200,1.706296531483531,8.459792361594737,192
01f9795c-f0d9-4f2e-abbe-0ec9dc689d9d,7e26fb2e-ff9e-4c44-9abf-7453e7c69fb2,7945115.530024256,7945116.006561514,7945125.712936599,4481,200,0.4765372583642602,9.70637508481741,192
2dd052c2-1d2e-4d1e-b2ca-c545bc59a7cf,b2fa6790-dd5b-4084-8a12-100919ea9d3e,7945118.528195656,7945119.321112039,7945126.345980962,5774,200,0.792916382662952,7.02486892323941,160
6b4b22d6-3861-40f4-87ba-b9e491f9c3ce,83a4f7a2-3414-41cb-b62b-13828711c3e3,7945118.528206315,7945119.410368648,7945126.363456988,3660,200,0.8821623334661126,6.953088339418173,160
9f55159f-68df-4487-ad64-f8ad098b3454,5e253d3f-0cc8-4fa5-aaeb-b330d7e8ea8e,7945116.527911804,7945117.252182586,7945126.365773395,6021,200,0.7242707824334502,9.113590808585286,176
f84eec3e-a10b-45a4-aa2d-e10a0677331f,6faab4c1-0a40-4787-b427-dbef1d77957e,7945116.527908901,7945117.730322503,7945126.387421906,2902,200,1.2024136018007994,8.657099403440952,176
5dd38a69-edc6-4702-929f-13b93dedd904,55888691-83c7-42d7-9056-f7cf8b677d1e,7945117.529546178,7945118.164741114,7945126.412601232,5824,200,0.6351949358358979,8.247860117815435,192
777f12f9-007a-4d05-a5fe-49cbe247f534,aa0e450f-c390-4bae-8408-889b25d21c5a,7945109.528044041,7945110.4004028365,7945126.42496291,3236,200,0.8723587952554226,16.024560073390603,256
95afa22e-2997-49bc-a4dd-15f17a8563bc,d255caec-ea5a-4101-b7b8-6297e1ff4298,7945109.528018212,7945110.405350766,7945126.429951747,3591,200,0.8773325541988015,16.02460098080337,3584
56cb2307-cbcf-474e-8571-6131811908a6,23dc353f-7f6d-46a5-a753-1fa331e78f1a,7945112.527863762,7945112.733330358,7945126.4427921055,1819,200,0.20546659547835588,13.709461747668684,192
5472835e-953d-4686-9eba-7a17debe025c,c11d6802-d0ee-4c6c-bec7-507f0b2efb7d,7945119.528489484,7945120.452656922,7945126.626940591,1603,200,0.9241674374789,6.17428366933018,288
1c634266-d06f-45f7-8b34-bbcc2b0fc1f5,0bfcbe81-4f79-46ce-9ef9-d330b9b3516c,7945121.528125436,7945121.829139914,7945127.393154906,2927,200,0.30101447831839323,5.564014991745353,192
e94fa9dc-693f-4c35-8b26-dae90fef3d3e,9efe09c1-7ed7-4495-bf0a-9bc3825ab3a6,7945110.528381168,7945111.461600998,7945127.671537728,4872,200,0.9332198305055499,16.209936729632318,224
a743bbae-ce4e-4d04-a844-9732ada3edf1,99cdea42-227f-4187-9a85-5a4c042468f4,7945119.528485984,7945120.085698426,7945128.524338157,2932,200,0.5572124421596527,8.438639731146395,192
4ddaa888-accd-4953-ba0c-a936b8225159,e603b232-a222-4e33-a897-946069d6b4f3,7945119.528473857,7945120.087258919,7945128.527781406,3575,200,0.5587850622832775,8.440522487275302,176
fde78194-bf22-4c14-8acc-9e375302b893,d26ad366-532a-4efa-8162-640fdbbd7d99,7945121.528142645,7945122.335691383,7945128.9624814475,984,200,0.8075487380847335,6.6267900643870234,160
de1f69f1-59ed-4af5-82f2-952dedd5da1e,388115ee-cfd7-4965-aa31-059528c7936e,7945121.528156298,7945122.448619705,7945128.979424042,2974,200,0.9204634064808488,6.530804337002337,192
1693be79-ad59-4c39-97b9-e27c717548e8,86ea5c7d-886e-429f-82a7-678f68526718,7945112.527880405,7945113.546195225,7945129.543031376,1771,200,1.0183148197829723,15.996836150996387,160
ebe356ea-c225-4f42-b7ff-1a2a13bed03a,0277ea41-78b9-4729-a215-26bc79fed3a4,7945113.528043141,7945114.186855873,7945130.05780701,2638,200,0.6588127324357629,15.87095113657415,160
6fdf13ee-d911-47b5-8acc-1b88b5917572,2d2128fc-7156-43f7-8f87-5a6d5983d6ec,7945123.528140808,7945124.402503458,7945130.978815892,6200,200,0.8743626493960619,6.576312433928251,192
60be1bfb-4020-49ab-9e06-2b09c8806fc7,08603ce6-483c-4fd0-9d65-4b6051d47dda,7945124.528513004,7945125.119823952,7945131.012309989,4714,200,0.5913109481334686,5.892486036755145,160
0be6a490-d14d-4a20-b1f8-c08810856a69,1863b02d-565f-4529-bcff-12b00b0b34e3,7945124.528516665,7945124.663764046,7945131.136719014,789,200,0.13524738047271967,6.472954967990518,160
b1b68938-bd26-49c1-8064-4093583d23a0,14247eaa-84dd-4234-8d17-c164f5ae3af5,7945114.528027069,7945115.784125171,7945131.146321785,5946,200,1.2560981018468738,15.362196614034474,192
9b956ff4-9852-44f3-aea9-61f236d2fc3b,ca9b1101-a4d6-40ac-8444-bee1d846e616,7945114.528045668,7945115.780935287,7945131.145158114,2366,200,1.2528896182775497,15.364222827367485,176
823eb1b2-358e-4a2c-b5a2-5690d6ef7a94,4677c7c9-c683-4287-babf-b11847bc870e,7945123.528148627,7945124.116073065,7945131.160460805,1427,200,0.5879244385287166,7.044387739151716,192
553157d7-8433-4573-88eb-80815747274a,19a9f068-ae9c-4887-ab6f-8a55cb185dab,7945123.528151577,7945124.242007851,7945131.187118157,6544,200,0.7138562733307481,6.945110306143761,192
692890f7-253e-4505-b865-d179fe4185b7,dbe7dae0-7e52-4085-96ca-11d3ca587eab,7945120.528361772,7945121.064162322,7945131.8329790225,595,200,0.5358005501329899,10.768816700205207,160
fd72b4b7-6a49-4c25-9b2a-56e1f46b836f,e3581f64-96f8-42a5-a501-06b5a508c8d5,7945120.528348631,7945121.065776739,7945131.835983015,5790,200,0.5374281080439687,10.770206275396049,176
b7cd27a8-ec18-4bf7-b50c-fdc3325af9e8,d24e5417-b753-4820-aab6-0e27746af42b,7945120.528358178,7945120.83541933,7945132.314205643,3226,200,0.30706115160137415,11.47878631297499,192
b7cbe00e-9212-48e2-bbba-f5bce9f7dcb7,5611334a-865d-4971-92c4-36c439372140,7945126.52848416,7945127.266493332,7945132.352789965,4613,200,0.7380091715604067,5.0862966338172555,160
55315af4-23d3-4f5b-bfd4-8e87fb93dde0,81070de9-f818-4e42-9c04-fa1a00691281,7945115.530031682,7945117.017667618,7945132.385989506,5861,200,1.4876359356567264,15.368321888148785,176
2a589f3c-3777-4719-8e40-65e10197d1f7,f192fa26-d719-4b35-8094-0a3b2eaa4693,7945121.52813904,7945121.826638756,7945132.567785272,2525,200,0.29849971644580364,10.741146516054869,192
544bd2da-f4c4-46d3-b3dd-f94349947543,73515c88-7aa9-4cf1-9314-b1478a657937,7945115.53003871,7945117.6315206,7945133.025515951,2466,200,2.1014818903058767,15.393995351158082,288
07a3a513-b171-47da-a2a8-0809d11de22e,9a534a9e-501a-40df-83f4-624c8d7b5e03,7945115.530041867,7945117.631600641,7945133.02498122,4943,200,2.101558773778379,15.393380579538643,192
255e0dde-fd4b-47ce-bf94-4d73369f83a8,9a682087-2b9e-42b1-bd60-cd969c9655a0,7945115.530048714,7945117.631312969,7945133.025481091,5491,200,2.1012642551213503,15.394168121740222,160
244d87fc-d0c1-43d9-8f51-0003cbded527,2d87254e-3945-44ac-adee-a0c944773c8d,7945121.528133514,7945123.121701106,7945133.541423552,5434,200,1.5935675920918584,10.419722445309162,192
c58dcadc-bf39-49ca-8b19-73e2d70b333f,d34b060e-017b-49ea-9759-256fc37cf712,7945122.528067168,7945122.948716116,7945133.582278117,2913,200,0.420648948289454,10.633562000468373,176
73c170af-1fcc-496a-8d54-23ca9a4d2ac0,77703f86-e0e6-4d10-8c82-ddcb391c93b0,7945116.527905601,7945118.240910943,7945133.654779771,5660,200,1.7130053415894508,15.413868828676641,192
45fff6f0-efbb-4be1-b99e-b9ec2b69f8a1,13da331e-a394-440f-8413-c59aeafdd460,7945116.527894135,7945118.242158773,7945133.6557344,2670,200,1.714264638721943,15.413575626909733,176
2bc4c9cc-0e24-4b95-b258-f81065ea6f39,1cf43c54-4dfe-47b8-986c-c311b23d8744,7945125.527868857,7945126.580317202,7945133.69213421,5978,200,1.052448345348239,7.111817007884383,192
cb13f00f-81d1-4ac2-8576-6f95741edbcb,04e4c99b-43cb-459a-ad17-fcb4dcef58b8,7945126.528488362,7945126.749976235,7945133.796736361,1578,200,0.22148787323385477,7.046760126017034,176
c99026a3-7447-44a2-a8ef-e6307c0a7545,0abd24c4-2550-4a74-9b24-ebefa10c413c,7945117.529556785,7945118.666635082,7945134.628159419,4349,200,1.1370782973244786,15.961524336598814,160
7e15fc6a-ef73-40a8-a8eb-5aee77b5f891,807c8997-0aa6-4419-b197-96c6e92c4c4e,7945127.528273518,7945128.446810688,7945135.128824116,5509,200,0.9185371696949005,6.682013427838683,192
440ccd70-51bc-47ad-bd57-e45d109147c8,4b0f2e9e-43d8-45ec-a5a4-e429e62267ed,7945123.528129439,7945124.279505995,7945135.497876862,5836,200,0.7513765562325716,11.218370866961777,160
51ffa090-e51d-4151-935a-8351579dca3a,51e183f5-4240-464c-82a9-733617739b11,7945123.528155321,7945124.57261388,7945135.521524743,5863,200,1.0444585587829351,10.948910863138735,160
04b38fc8-1ae5-48c1-91b9-072d07661971,3085603c-e7b3-4b82-81c3-81d21d9fceb5,7945124.528501744,7945125.036981352,7945135.588383097,2999,200,0.5084796072915196,10.551401745527983,176
3be8f0fd-ddb7-4484-ab56-3570c1783fd4,0185fb43-110c-47b5-9bbc-d7a12b9b072f,7945118.528214492,7945119.581782306,7945135.632192632,4576,200,1.0535678137093782,16.050410326570272,192
16bb6943-c1e0-4746-b259-b4357106bd02,c2c054ad-b012-47b0-9399-472e2409b536,7945118.52821055,7945119.582931802,7945135.634054517,2307,200,1.0547212520614266,16.051122715696692,2304
b2599d09-8909-46c5-b37e-695d18e9a84b,fcb9b1af-649c-474f-8ab1-a9cdcbc57a9f,7945125.527881314,7945126.320642221,7945136.413390057,1677,200,0.7927609067410231,10.092747836373746,176
637b80f3-f454-45cc-b164-d09c19282b71,044be475-bf91-40b2-9569-c8609a56205c,7945125.527877676,7945126.3226486305,7945136.415711601,5931,200,0.7947709541767836,10.093062970787287,160
25e491aa-df4b-4276-9e1a-898a4b94f0c3,daf17ae7-56e2-41b3-b327-73a287b0645d,7945119.528495009,7945120.168521853,7945137.031173756,6053,200,0.6400268441066146,16.862651903182268,160
1ab10e3b-57de-4434-bd38-6f607183f0a2,bcd520f5-bf67-439a-abaf-7abeaf00ad3b,7945128.528173288,7945129.494145136,7945138.128385938,5737,200,0.9659718479961157,8.63424080144614,192
b0e5692b-be6e-4f17-a507-bc28a8648e1a,ba625ee9-9ec3-4d19-8ed3-21375f9febf3,7945129.527856633,7945130.061507451,7945138.242719827,5954,200,0.5336508182808757,8.181212375871837,176
e10d0e83-cbe4-47b8-9ed0-2db046a7e78b,77b4ae52-f6c1-41d1-91f1-b68909c594f4,7945129.527878027,7945130.890443221,7945138.279212484,4102,200,1.3625651933252811,7.3887692634016275,160
68404720-a1dc-40a6-998e-076122f6cfa4,f0406c42-c744-41c3-a30a-226ca7270043,7945130.528741608,7945131.459478608,7945138.301580774,2690,200,0.9307369999587536,6.842102165333927,176
95e1e042-9736-403b-9e4c-8a0f8bfc8aa1,aef23cb9-de90-4c2c-999e-8d56eb9b8b92,7945120.528364482,7945121.588733923,7945138.475170245,2911,200,1.0603694403544068,16.886436322703958,288
b68a4bbb-4dda-430e-8439-7f0eac4e2a65,f382aa20-e786-450d-9179-e1aac0aec065,7945126.528499373,7945127.467364465,7945138.567994494,5949,200,0.9388650916516781,11.10063002910465,160
394b6d54-3c32-4ca8-b5a8-0d840de08af7,8d0ae58b-469f-4e1e-a872-529af1e03f11,7945121.528066527,7945122.206810248,7945138.812439331,2061,200,0.678743720985949,16.605629082769156,192
ab7abc0a-3aa6-44f8-a035-b655f4a074e0,da94db7f-0f1b-4adf-b765-aa75dc6141f4,7945127.528280064,7945127.931487617,7945139.182826954,3363,200,0.40320755261927843,11.2513393368572,224
30336f73-d813-48b9-8bac-982e9952499f,4ee1f027-1f81-476a-8827-c03294c1b369,7945130.528727555,7945131.008446839,7945139.288762395,2598,200,0.47971928399056196,8.280315556563437,192
e97047e5-2795-408c-ac91-42f70fe44377,8f48cda5-2fd9-446d-be71-16b2308c96fa,7945132.528527623,7945132.896169552,7945139.293876468,2377,200,0.3676419286057353,6.397706916555762,160
5a8c627f-603f-4ae9-aa8c-590c5ae75923,762e40fb-aa89-4998-9dd3-5b22bcf87c95,7945126.52847261,7945127.661841825,7945139.475624346,4041,200,1.1333692148327827,11.813782521523535,0
bb6d0da6-166f-4873-8a17-e229279c550c,20907513-6f2b-4ea5-a652-4c331e561f4b,7945126.528495305,7945127.943561806,7945139.497555657,5987,200,1.4150665011256933,11.553993850946426,160
0d1fcc1a-1b86-4b4d-a982-094828771330,c7b64170-f421-43cf-909e-3085b5bc5c82,7945133.529616567,7945134.1999967955,7945139.773578527,1483,200,0.6703802281990647,5.573581731878221,160
f35b975b-316f-4e18-a777-952e8d8f7a70,6cbadc19-5c60-4557-9e0f-40b5e94fa44d,7945133.529628866,7945134.197790553,7945139.772692404,4675,200,0.6681616865098476,5.5749018508940935,176
8100a179-f916-4b0d-a810-6f4bc9b08871,48cd51af-72e3-456a-bb36-8a6614305c06,7945133.529625454,7945134.198663685,7945139.773811127,5858,200,0.6690382305532694,5.575147442519665,5856
a479261a-112a-454a-9302-8fffcb74e3af,966645c6-6b89-4c9f-ac51-07d831370ba2,7945128.528176347,7945129.069534567,7945140.398607917,5966,200,0.5413582203909755,11.329073349945247,5952
6089e98f-7c43-4d07-bf23-a9ace27cf63c,aa0e450f-c390-4bae-8408-889b25d21c5a,7945121.528151241,7945124.312080836,7945140.448568216,3187,200,2.7839295947924256,16.136487379670143,272
33c1a655-3bc8-477a-bd8b-bac681020900,894ebd31-9861-4b30-a3d2-788c79189a8c,7945128.528169945,7945129.236855331,7945140.519731907,3202,200,0.7086853859946132,11.282876576296985,176
9cfa3d33-ec37-44d9-94ab-32b84fa8f82e,d255caec-ea5a-4101-b7b8-6297e1ff4298,7945125.52788518,7945126.42637275,7945140.574221851,3591,200,0.8984875697642565,14.147849101573229,3584
8a6bf38f-8533-430f-90ff-f1f1342d50e5,b983d827-0d38-4308-847f-1f3af4f8a8f4,7945123.528144982,7945124.719004119,7945140.735256478,6749,200,1.1908591371029615,16.016252359375358,192
a823ff66-e6d1-4dbb-9027-a07df6d20aa2,86ea5c7d-886e-429f-82a7-678f68526718,7945126.528503208,7945128.576177952,7945141.519282683,1771,200,2.0476747434586287,12.943104730919003,1760
67ce523c-741a-4756-872c-68b75e45b063,278b3300-b9ba-41dc-884c-c9b06bbe3336,7945126.528506838,7945128.5759976525,7945141.519094264,5997,200,2.0474908147007227,12.943096611648798,160
8d0a7125-e7d9-46bb-b18e-9968a7087dfe,bafac00b-b0ab-49b8-a11f-1df8a2ea0cca,7945136.528476671,7945136.733703301,7945142.415679796,1931,200,0.20522662997245789,5.681976494379342,176
f27964de-7aa4-4621-9e14-db573fbc0555,c11d6802-d0ee-4c6c-bec7-507f0b2efb7d,7945136.528486451,7945137.160241193,7945142.436975975,1660,200,0.6317547420039773,5.276734781451523,1568
c851800c-7903-4b58-9ee1-ce0e349f892a,6e685569-7e1c-4d50-a299-e16123a7946e,7945136.528482647,7945137.161684903,7945142.438304552,5910,200,0.6332022566348314,5.276619648560882,224
8f986cc2-1bce-4396-af98-3ec3a537786f,84d5fb78-05a8-499c-b310-f083b5d8df92,7945130.528745249,7945131.113614958,7945142.582735655,1631,200,0.584869708865881,11.469120697118342,160
49a636ce-9fd9-4921-a946-6876735477fa,56bef7f0-de43-46e5-83eb-74f5c2e1436c,7945125.527888525,7945126.134608079,7945142.806377593,1767,200,0.6067195534706116,16.67176951467991,192
41873c74-064c-4114-aa76-5a21f8701ee8,d2fcae66-11a4-4459-8eca-43e7e9d45137,7945131.528047514,7945132.650977063,7945143.186947658,6003,200,1.122929548844695,10.535970594733953,160
d806ed46-886e-4946-aeba-a063b18dc773,190510e9-1b94-44f5-895a-8b5e8e0fd079,7945133.529632728,7945134.502550391,7945143.2586294655,991,200,0.9729176629334688,8.756079074926674,160
48c7c193-681a-4812-a07b-57263c053dce,170ea2c4-4d14-40fc-b37c-ea5faa943e4e,7945126.528491619,7945127.480625989,7945143.917037146,5959,200,0.9521343698725104,16.436411157250404,192
28224134-9482-4a03-bbbb-7c165ed19436,b497fdbd-c0cd-41f4-a5b7-63a2cbdbbd28,7945135.528755832,7945136.152626,7945144.204583448,5978,200,0.6238701678812504,8.051957448013127,176
f5ff3a85-974e-4257-bc58-ac2dbbf3c3d4,a780aaa3-d43a-44f0-b001-07e8681401fd,7945135.528762425,7945136.768595035,7945144.2246166505,5851,200,1.2398326098918915,7.456021615304053,192
7ef1320d-e214-41b8-8179-ade61e835fb9,73c85dd9-a852-4a52-9b15-4d56f95a2436,7945136.528461648,7945137.34359485,7945144.248336588,6056,200,0.8151332018896937,6.904741737991571,160
cda4c4de-9cb3-4b1c-823e-75e06fd17a60,1cbbf0dc-9d4a-453c-9ebe-55e97bcab6c1,7945135.52876869,7945137.340220639,7945144.245574468,4433,200,1.81145194824785,6.905353829264641,192
9c98438f-cb2a-496f-99bf-8c84c750967e,49bf49bd-33b8-4a2e-8ff4-3ff04bea24f0,7945137.527984302,7945138.068125353,7945144.4612078685,6016,200,0.5401410516351461,6.393082515336573,160
9b6980a2-4b29-4c1a-acb8-4caf0bd3c1a0,bde9bed4-c70f-455d-8fd2-f39ccda69523,7945138.529751071,7945139.130923519,7945144.890323428,3508,200,0.6011724481359124,5.75939990952611,224
38f54742-f724-4b61-85ab-af95e835001f,0cc28511-5d86-4f15-aff9-24ffd6083117,7945138.52975377,7945139.131131099,7945144.891270381,3744,200,0.6013773288577795,5.760139282792807,176
e2ffd3a6-255c-4cf4-bd37-ed1985d0e2b6,31aa32c7-2f50-4d0f-93ba-956010709197,7945127.528277122,7945128.463337363,7945145.363470496,5876,200,0.9350602403283119,16.90013313293457,192
80605883-93fd-4379-849a-6453d60a70e7,c2c054ad-b012-47b0-9399-472e2409b536,7945127.528261904,7945128.467819352,7945145.366238525,2307,200,0.9395574480295181,16.898419173434377,2304
7056f29b-c77a-48ff-9885-184db62ce6fc,abf579d0-bec5-4e6b-826a-8905fd77fdef,7945132.528517505,7945134.7492625965,7945146.377982951,5875,200,2.2207450913265347,11.628720354288816,176
a74f7f82-2004-4c41-87e2-e11dd4a3f466,623c0d42-1c08-4857-8f8c-99e07238aefe,7945133.529636315,7945135.921319502,7945146.42619566,5974,200,2.3916831873357296,10.504876157268882,176
fea96593-330e-45e5-9f61-3055d4453678,3c51b6f4-10f6-4e06-a219-33f996df4c05,7945135.528745289,7945136.563485155,7945146.458612727,4346,200,1.0347398659214377,9.895127572119236,160
409e3eea-bdf9-492f-a879-38b5f443e160,4693a909-b4f2-426b-a04f-81bb13685c3a,7945136.528473124,7945137.242940088,7945146.525680588,722,200,0.7144669638946652,9.282740499824286,176
d0855e5f-8778-4b3c-ba04-9ed70894daf2,cfb2d0f0-efd9-4907-8de5-1ffc5d042816,7945136.528479671,7945137.44382041,7945146.558742811,4156,200,0.9153407393023372,9.114922400563955,288
4bb83f8b-f829-48ff-8ee1-a0a521634dbb,d7cb5386-ae68-4dcc-b88d-e9ecef717347,7945141.528336644,7945141.966721127,7945146.588322904,4252,200,0.43838448263704777,4.621601777151227,176
da903fd0-ccaf-422a-8913-7371927b9715,495e7460-fe01-43cc-a5c0-ed020a585294,7945137.527972812,7945137.985032797,7945147.018685692,5274,200,0.4570599850267172,9.033652895130217,176
54e48501-2c22-49ab-b6b2-c7bc6d736015,eea619af-43e7-4d27-a8dc-7b2d35faa177,7945128.52816303,7945130.102709001,7945147.421860499,2862,200,1.5745459711179137,17.319151498377323,192
a81da569-1d08-463a-94d1-669969dcc00d,8f7977c9-2f9f-49d2-9103-2227a9f2d728,7945129.527874706,7945133.137807435,7945147.722984591,3691,200,3.6099327290430665,14.585177155211568,160
fde08525-8fc4-48b0-bae9-cde049b7e041,324bc838-7707-4b3b-9817-27416b426688,7945131.528058,7945133.140751713,7945147.728253793,2727,200,1.6126937130466104,14.587502080015838,192
21beed24-8b71-4c13-a821-684267739d0e,3baad416-564c-45ff-9924-94ef9defe52c,7945141.528327456,7945142.232132476,7945148.1331251655,1487,200,0.7038050200790167,5.900992689654231,176
f1aaaa87-d235-46a7-9de8-a447b59f5ec8,25fbc3ab-718f-4ec0-aafb-b0fc45768c15,7945139.52796442,7945140.455629515,7945148.361056607,6000,200,0.9276650957763195,7.905427091754973,176
53c8f123-9f5d-4417-b4a5-764c5cf316de,0bfcbe81-4f79-46ce-9ef9-d330b9b3516c,7945139.527960215,7945140.456583205,7945148.362686968,3078,200,0.9286229899153113,7.906103763729334,2896
bacf811d-0ab6-4a76-b842-9fb63f8edac4,75f67f94-c23b-4fc9-a5eb-2efd0edd3ba1,7945140.52810108,7945141.371070658,7945148.40487596,5786,200,0.8429695777595043,7.033805302344263,176
efd93714-3a69-4cea-8e23-221a6854bf57,17ea2373-6630-4649-8ec5-c5b587c94c28,7945138.529731158,7945139.042384332,7945148.476188234,5915,200,0.512653173878789,9.43380390200764,176
0637fcb0-d190-4870-9a9e-41d06a81f5dd,5b0f91ce-6b7c-4bc1-acfb-82cdc77c12e4,7945129.527870714,7945131.772438387,7945148.684036579,5809,200,2.244567673653364,16.911598191596568,176
3f5ea328-7ea8-4384-835a-f8093cc712d1,4c10b736-1d1b-457a-a682-a14f3e43c75e,7945129.527866264,7945131.776937782,7945148.688704359,2665,200,2.249071517959237,16.911766577512026,256
3ffb40af-9303-41bc-a14a-569f6117ee92,61f803a7-3498-4de6-a1a2-6d57b33743fa,7945139.527971779,7945140.0993725965,7945149.186892445,5903,200,0.5714008174836636,9.08751984871924,176
9b57092b-4787-4b89-8669-bfdefd1190e0,6f800154-3d41-4bb5-84b5-53c0e3a2be75,7945135.528765556,7945136.2079168735,7945149.496943862,1895,200,0.6791513171046972,13.28902698867023,224
d7540987-f51f-42a2-9a73-a9405194de83,a647f134-247a-45d1-9638-839d88720a01,7945135.528752223,7945136.212601579,7945149.50385814,2487,200,0.6838493561372161,13.29125656094402,192
1ee105bf-94f6-4caf-a3c9-49ad2b92090b,3dfa8085-f583-4ac0-a4ba-0474a4eead99,7945142.528712384,7945143.4575965665,7945149.678832629,2141,200,0.92888418212533,6.22123606223613,224
7e0d7403-04bb-464a-b2eb-639556a4eef1,3e7fbc73-7734-4886-bf00-9441a89edd81,7945130.528738351,7945133.0295891,7945149.851929792,1300,200,2.5008507492020726,16.82234069239348,192
8269bbd3-23dd-4fd9-9f44-2c63154dfaea,ab49bb54-64ef-482c-9fb4-5dcf7d4f3735,7945143.527858316,7945144.008356329,7945150.016750294,4794,200,0.480498013086617,6.008393964730203,224
2db3c90a-b5a8-46a8-b0de-5c35183baff2,ed0f357c-1a6c-4264-97b5-17c128560df8,7945138.529741372,7945139.045079936,7945150.122555943,5734,200,0.5153385642915964,11.077476006932557,192
bf7755e6-0eb5-467e-9582-5caa02020920,634a1cbf-6332-47a8-856d-2257eac7412a,7945143.527875348,7945144.453053353,7945150.226544617,2401,200,0.9251780053600669,5.773491263389587,176
2c7194bd-aa87-4319-a319-4aa2848438a1,1163fdf2-5a7e-47c9-bc90-8d77fad2c6ef,7945143.52786847,7945144.455136763,7945150.228467074,4521,200,0.9272682927548885,5.77333031129092,176
e39c3a9d-4ee0-47f4-bb66-0cef8185726c,4e79f1a7-f546-4b99-89f2-b8e49d5fd029,7945142.528709278,7945142.837613617,7945150.233624639,2440,200,0.30890433862805367,7.3960110219195485,288
ecddcd31-ffd3-460b-8dfd-1219b6de96ca,12d2ab7f-cfac-4320-ac4c-af5f8e36b2dc,7945131.528061704,7945133.652255657,7945150.300912571,4539,200,2.1241939533501863,16.648656914010644,224
7e1415ad-991b-4fe0-b0b9-f824e0325f50,f5a1792a-e703-478a-8cd6-a3e7940b9421,7945144.528224451,7945145.023744338,7945150.3959433455,2098,200,0.49551988765597343,5.372199007309973,176
97f653f1-23cf-4dff-a28c-53dfa87a7c87,762e40fb-aa89-4998-9dd3-5b22bcf87c95,7945144.528221398,7945144.678257792,7945150.884845754,4081,200,0.15003639459609985,6.206587961874902,4016
e0e17c2a-9372-4b79-9d73-7691a21e5ee3,22e7df0b-095c-4ac6-bd45-cfbc5114ef84,7945132.5285314,7945134.285699578,7945150.920468875,5916,200,1.757168178446591,16.63476929720491,160
fd6a40e9-8d79-401c-8507-0b03040d8ffe,388115ee-cfd7-4965-aa31-059528c7936e,7945144.528200798,7945145.0837317705,7945151.050157058,3164,200,0.5555309727787971,5.966425287537277,2944
3976b286-5a80-44e0-887b-b34a9438e5ea,88dba6fe-c361-46c7-a199-0ca84d07b01e,7945133.529622881,7945134.918471486,7945151.326310255,6164,200,1.3888486055657268,16.407838768325746,160
9232db1d-d019-466a-b207-526baa552609,3a7dff14-e488-4662-922c-447b8c49865c,7945133.529604181,7945135.63311656,7945151.451820836,5833,200,2.1035123793408275,15.81870427634567,192
f5c67513-4023-4911-8eda-daa8458b0727,11be3da4-66ba-4d1a-ae13-d0717669c0d9,7945133.529620037,7945135.631615114,7945151.450175204,1289,200,2.101995076984167,15.81856008991599,160
f1e3e421-399d-42e5-b87f-aa621a04a2c7,92c5bb60-fa3b-4201-8506-da490ee69f6d,7945134.528769558,7945135.9859856395,7945151.4801984085,6636,200,1.4572160812094808,15.49421276897192,176
8d764733-bfc3-4286-9a38-f16e18625315,c0df23d3-6150-43f7-a770-c020eb5f30ad,7945142.528693986,7945144.063336366,7945151.779679698,5920,200,1.5346423797309399,7.716343332082033,192
6ad4fcd8-cccc-4c3b-8121-47e3bd43f537,b0e864ae-1a94-4ff1-8c76-d8676446b039,7945142.528705633,7945144.062302698,7945151.779513919,3070,200,1.5335970651358366,7.717211220413446,16
68617b3c-dbee-482d-811f-2e3306ce417b,e2820879-eacb-4632-ba5a-033c68326631,7945143.527872568,7945144.453259884,7945151.79947386,4946,200,0.9253873163834214,7.346213975921273,160
d9aacfb0-5210-448f-874a-7ca9f3909862,ff020ca9-56b7-42a7-b1d4-89fc232b4c6b,7945147.52864843,7945147.777354342,7945152.040640844,2214,200,0.2487059123814106,4.263286502100527,192
dd6142de-9095-4856-9a4d-98fda12854fc,aef23cb9-de90-4c2c-999e-8d56eb9b8b92,7945137.527987829,7945138.478803258,7945152.488968704,2911,200,0.9508154289796948,14.010165445506573,992
7ca0a62a-cb15-44a3-a502-35a3dcd17763,7ea2ccfa-2624-469e-86a2-3d37a9566288,7945138.529748072,7945139.65010886,7945153.324737455,1944,200,1.1203607879579067,13.674628594890237,192
a6cfd549-4ea8-47b2-bda8-598edf50d354,aa0e450f-c390-4bae-8408-889b25d21c5a,7945139.527949409,7945140.222474598,7945153.633405513,3187,200,0.6945251896977425,13.41093091480434,3184
764846aa-2b51-48ca-a9a5-d504aaac19da,d0f88edb-e209-444c-9c41-1068ec16e1c9,7945139.5279686,7945140.220311373,7945153.631446871,487,200,0.6923427721485496,13.411135498434305,176
a5547303-fed8-4a8d-808e-88235ef2e0af,14a2dbbf-bbfe-412d-9b56-8a31592b8dc3,7945147.528658484,7945147.890391171,7945153.669458008,2737,200,0.3617326868698001,5.779066837392747,224
868b485e-71f2-4663-8b5e-fd14442b39d1,1575202c-bfcd-45da-9903-c9fdd972a941,7945134.528779557,7945137.379733011,7945154.095026269,3837,200,2.8509534541517496,16.71529325749725,272
cb26798d-2ba3-4d0d-9a76-6b6c29256559,70947ba3-d4c1-4b93-81e7-4db84122b195,7945134.528783161,7945138.810817927,7945155.395501433,5735,200,4.282034765928984,16.584683505818248,160
be53a053-7bea-4f45-b9fb-dc19e72b2b47,d39b3f1f-8b11-4b99-b8c8-98411d1454ed,7945135.528759251,7945139.836422341,7945155.894846356,2266,200,4.307663089595735,16.05842401459813,176
77c589af-b8c4-4d7f-800e-ef73ab4f6038,63942722-5e62-407d-aa66-e9b53f9369a4,7945136.528489944,7945140.731489179,7945156.198482983,5770,200,4.2029992351308465,15.466993804089725,176
faa20b97-cd9e-40b3-b6a6-125adb28cb76,b364d444-8745-4600-b91f-aad78b2bad15,7945138.52974522,7945141.997728008,7945156.257462131,1663,200,3.4679827876389027,14.259734123013914,176
01bf6818-0e56-4db6-8e6b-0d2e6539467b,b4b1bac4-6c71-437c-9c73-e02f18428429,7945148.528560458,7945148.7911882,7945156.344626698,2506,200,0.2626277422532439,7.553438497707248,160
b9934d8d-0b9f-48cf-b3c3-44edc314a773,ca9b1101-a4d6-40ac-8444-bee1d846e616,7945139.527974795,7945142.986206559,7945157.603073488,2366,200,3.45823176484555,14.616866928525269,176
ad296eb0-f37c-4f8a-af69-28651ea05d1d,b3d05f53-c62c-4e2d-9de2-828fbb6e8a11,7945147.528662334,7945148.640120551,7945157.610720125,4273,200,1.1114582167938352,8.970599574036896,160
7dd1d75a-150e-44da-b987-62229340cc84,1e13717b-a37d-4356-b6e3-5327260b16ec,7945149.527932605,7945150.136992161,7945157.625313115,3862,200,0.6090595563873649,7.488320954144001,160
9901681b-acaa-401e-9476-5ea3c92c43f2,41731666-b43c-49de-8780-49c3cbc903a4,7945148.528553505,7945149.185648535,7945157.637746845,5327,200,0.6570950299501419,8.452098309993744,224
e9b94d5d-43c7-43d6-be93-eced1b7d8d7b,c1905d2f-313a-45a4-832a-0b436c40d267,7945147.528666064,7945149.185096628,7945157.637652964,5959,200,1.6564305638894439,8.452556336298585,160
ae8122fd-1f5d-452e-b235-c0e5dfb88fa2,d7f0638e-4f89-4fa6-8b46-907cef726e7f,7945151.528626086,7945152.601658316,7945157.964604626,5770,200,1.0730322301387787,5.362946310080588,224
23211180-c664-4275-b108-a4a0ae66fed5,47f1d5e8-3be5-425c-8236-5313732185eb,7945141.528339045,7945141.796772488,7945158.051442937,579,200,0.2684334432706237,16.254670448601246,192
85736c07-be65-48a1-9c86-c4f4abd0c740,6a7cdf06-d078-4a3c-a49d-aad13f7aebc6,7945147.52866972,7945147.805463629,7945158.06599038,2286,200,0.2767939092591405,10.260526751168072,176
c18d21fb-573f-418a-8e6f-0225806cb20a,8739206c-6a73-440f-a8b7-7646ba00305f,7945141.528341437,7945142.396942802,7945158.083668054,4231,200,0.8686013650149107,15.686725252307951,224
68150a2c-b75a-4f1a-9105-dc3a5b9859d5,fdf1b68d-e7b9-4a13-bf41-bc89f3c46791,7945141.528344747,7945142.570320764,7945158.384015445,5636,200,1.041976016946137,15.813694681040943,176
38783510-b027-4116-a8be-d1d36d609057,05f18dd3-d731-4573-953a-a6c272aa8cf9,7945140.528092795,7945144.307306334,7945158.5079447245,4802,200,3.779213539324701,14.200638390146196,224
cb37d66b-7f2b-47af-b7ec-0cdf2b01fc0f,c2c054ad-b012-47b0-9399-472e2409b536,7945141.528333956,7945145.972732109,7945158.957523464,2307,200,4.444398152641952,12.984791355207562,256
fdc20b75-78db-4296-a7b5-b27108befde1,665029e2-3b95-45da-b4e2-925fa0e68c62,7945150.528343161,7945151.054407039,7945159.810224491,5919,200,0.5260638780891895,8.755817452445626,176
f386bb4b-2a51-4b6b-ab27-0f48f22d9594,84c4d2a8-6b31-4bcf-b81d-abbd737d2e72,7945150.528339637,7945151.4678390445,7945160.079330981,5289,200,0.9394994070753455,8.611491936258972,176
bb469729-9d49-430a-b735-a75a155c8d98,c0bbe934-0e33-44cb-bfb0-1a493fc3290b,7945151.528638891,7945151.781464727,7945160.264423208,1981,200,0.25282583571970463,8.482958481647074,192
d83a9954-f73b-46fb-83d2-07fed8dfc967,36956ffd-e024-4f95-b862-07f8f3ac4f72,7945144.528212537,7945147.419964408,7945160.422258125,1264,200,2.8917518705129623,13.002293717116117,160
42f2d34e-a2a8-4daf-8e0b-707c504bbf5e,d7cf37ff-7f8e-4329-9149-00c1e9db916c,7945145.528540704,7945148.642743374,7945161.056025544,1035,200,3.1142026698216796,12.41328216996044,160
0434a4d6-10ce-4a00-b92d-c91994fce6da,7f5e0380-0fa5-4225-afc8-159ca87ecd79,7945145.528536384,7945148.645274181,7945161.059444326,6763,200,3.1167377969250083,12.414170145057142,192
cc2946c8-ad07-4339-bc3d-c4c995e68c9b,193369c0-8703-46d7-a33d-c5d2dc2cfa85,7945151.528641085,7945152.244103005,7945161.097835543,1252,200,0.7154619200155139,8.853732537478209,192
ce0dedf0-133a-4d5e-b281-0285589c0acd,83a4f7a2-3414-41cb-b62b-13828711c3e3,7945151.528646198,7945152.242614705,7945161.0979008395,3824,200,0.713968507014215,8.855286134406924,160
6cc9fff5-2ea8-4d94-b844-63c4e96462fb,4c037fdb-ceaf-4952-91f5-c490b8f88170,7945146.529066012,7945149.300881635,7945161.113604696,2566,200,2.7718156231567264,11.812723060138524,176
557e0fc1-0dda-4a4b-8278-001618f98c83,2ad9d0ac-03c2-4fac-aa71-8b8ad95c6a84,7945145.528496813,7945149.303212012,7945161.116134996,2662,200,3.774715199135244,11.812922983430326,224
3aa01ea9-f722-4ece-acb6-d27755840281,c2c054ad-b012-47b0-9399-472e2409b536,7945146.529080043,7945149.848029266,7945161.140469384,2329,200,3.31894922349602,11.292440118268132,272
5ac48ddf-4a0b-4a94-be42-7f99e9bf6b5d,49a6c2d2-5263-4b00-a0a0-87b111b6ea71,7945146.529082602,7945149.847623817,7945161.140780266,5777,200,3.318541214801371,11.29315644968301,176
e2f0fc9e-0aa7-40f3-a789-b5884c04a1b8,3caf9b43-3af5-4d91-8314-56adfab17502,7945146.52907611,7945149.850331108,7945161.14362639,3205,200,3.321254998445511,11.293295281939209,192
1706b39b-aa37-4e8a-b132-9200a1701f6a,478948cd-8548-40fe-a7ca-229b939a2db8,7945149.527944475,7945150.918763663,7945161.193415409,353,200,1.3908191872760653,10.27465174626559,192
8d09c17f-75d9-4d14-945b-7e1f0d04d81c,9a534a9e-501a-40df-83f4-624c8d7b5e03,7945149.527941132,7945150.925111373,7945161.196268538,4943,200,1.3971702409908175,10.271157165057957,192
300ef7ae-0640-45a4-ae3b-6b936fa8ae4a,63942722-5e62-407d-aa66-e9b53f9369a4,7945151.528635617,7945152.294800443,7945161.464569812,5770,200,0.7661648252978921,9.169769369065762,5760
f3dbf4a0-2e69-4a81-9d4d-5fdb6cd4e941,13da331e-a394-440f-8413-c59aeafdd460,7945151.528643778,7945152.720852873,7945161.485874863,2787,200,1.1922090956941247,8.765021990053356,176
56008f92-269d-413b-b346-e67ba9a4489d,3d9ee3e9-ff56-41f8-8381-1a806193cfba,7945144.528218726,7945146.284969411,7945161.908022571,5883,200,1.7567506851628423,15.623053160496056,192
d79be42a-9e27-478e-b09c-3f24e430fc12,085e0b0c-257f-409a-ac4c-8df0e0ba763e,7945154.528368648,7945155.224532365,7945162.52065226,784,200,0.6961637167260051,7.296119894832373,176
5feaf227-76d1-4fb3-8c2c-657db72893d4,64a20523-1b43-4e3c-9c70-a85cd41be10e,7945144.528215727,7945146.906157758,7945162.570265774,2855,200,2.377942031249404,15.664108015596867,160
48a9a51b-ddcf-480b-bd9e-fcc0976e1693,98a06049-528d-40f1-9380-03b4d1b4dc60,7945148.528540751,7945149.689152251,7945162.608386465,5731,200,1.1606115000322461,12.919234214350581,160
a12df870-3918-47b2-8ddb-19c62ce1cc61,6bbf67fa-e3a7-46a6-9cbc-3a9054443916,7945152.528498777,7945153.033814239,7945163.096499569,5819,200,0.5053154621273279,10.062685329467058,176
b0d1e186-11d1-4717-9376-adc1c4f4e6e8,975b1cbe-dd44-4623-ba2e-c3952c5903b4,7945153.527970713,7945154.313927068,7945163.101590533,3390,200,0.7859563557431102,8.787663464434445,160
8b17c7df-06f6-48a0-837a-2387803dd7e2,d26ad366-532a-4efa-8162-640fdbbd7d99,7945155.528012917,7945155.736945003,7945163.331373363,984,200,0.20893208589404821,7.594428359530866,160
57c1e295-139e-4920-afb3-0e4f9d14d93d,f382aa20-e786-450d-9179-e1aac0aec065,7945154.528358806,7945155.837648247,7945163.483837985,5929,200,1.3092894414439797,7.646189738065004,176
b49ab40e-2ca0-4fc7-b3d0-1e7251699a4c,73f1f467-ed35-49fd-b204-348d37c66efd,7945153.527978731,7945154.330365057,7945163.51288694,2537,200,0.8023863257840276,9.182521882466972,176
9c84384f-8c0d-4c49-8485-1c98ac7e5c5d,c2c054ad-b012-47b0-9399-472e2409b536,7945154.52837771,7945155.165919761,7945163.610868683,2317,200,0.6375420512631536,8.444948921911418,2304
3af16d39-27b0-464d-b693-f58fdff7ca1f,a2c6b025-8405-40ba-9edc-7f994137e8e1,7945154.528381138,7945155.166378075,7945163.6106316745,6022,200,0.637996937148273,8.444253599271178,160
97b295b0-d298-4748-be7e-af54c9a6a40a,001f8798-f5d5-419b-90be-53cd52b1c070,7945150.528329972,7945151.074459162,7945164.226561923,4843,200,0.5461291894316673,13.152102760970592,176
2f4d7996-4c19-4d1d-b3d5-5933677276aa,06e11099-e772-4209-bc45-ae572a9bbff2,7945153.527976554,7945154.521636623,7945164.269440155,5593,200,0.9936600690707564,9.747803531587124,720
edf5d35d-1c07-4d40-839d-862224d3ff0b,561427d8-2917-4668-bb9f-e29ea68c80af,7945155.528007979,7945156.566650489,7945164.552624362,2618,200,1.0386425107717514,7.985973872244358,256
7646e8a2-b6a1-4b19-8b97-5b38eddf012e,fbcc8b63-5690-42bc-9cac-5fbfece77de4,7945155.527992958,7945156.567892351,7945164.554714305,4521,200,1.0398993929848075,7.986821954138577,224
21656dca-ffc0-420d-8878-01f6da825e2a,970a6644-9a33-4797-a2bf-49762e3f02a0,7945156.528706624,7945156.895506089,7945164.651949124,3998,200,0.36679946444928646,7.756443035788834,192
878b007f-0e9d-4095-b6b5-f301dd65d6a9,f632d663-5e72-4781-b446-6f4a98b1dc1b,7945148.528555877,7945149.22551517,7945165.099724783,2285,200,0.6969592934474349,15.874209612607956,192
bb925c8b-42f3-4c9d-89fb-1ea4ffb8f0c4,ae5f6e53-7c68-4f33-87bc-0fc6518eac13,7945148.528549936,7945149.228704427,7945165.101650255,1364,200,0.700154491700232,15.872945827431977,176
6ff40302-b26a-4232-bdbb-d74f85c05b96,ad4218dd-4e3a-4664-99b7-90c10307f0cc,7945148.528558423,7945149.287891782,7945165.547803682,5574,200,0.7593333590775728,16.259911900386214,224
2ec311fa-c3e4-432f-a304-5aeb7e3e1388,2e7c3d8e-cd99-4d6b-be7f-c3e7f99b2724,7945157.528054215,7945158.1975206295,7945165.576030624,5819,200,0.669466414488852,7.378509994596243,160
adb1a662-8466-4047-858e-95a6a1d1efd0,2d2128fc-7156-43f7-8f87-5a6d5983d6ec,7945158.528754607,7945159.809762096,7945166.008182542,6178,200,1.2810074891895056,6.198420446366072,192
8a5a136d-4b04-4b7a-8f48-f5f7d8ebb264,416527a2-a792-4e13-a9b8-1130c26752bc,7945154.528384176,7945156.325219281,7945166.2397061335,5976,200,1.7968351049348712,9.91448685247451,192
a1fba043-70f3-4bf8-b824-92e02c221132,d3ee945a-0104-40b5-a827-4620a82f0b1d,7945154.528371728,7945156.329553276,7945166.247548196,5539,200,1.8011815482750535,9.917994920164347,224
7224a535-7b8d-49f5-8fc0-ffbd472a8721,6b133b6c-ba2d-411c-8bc3-58c6ce9424fc,7945154.528392638,7945156.377440417,7945166.265496948,2066,200,1.8490477791056037,9.888056530617177,176
7c0cc242-eefb-4eeb-b2b5-d23fec4f7ea0,1863b02d-565f-4529-bcff-12b00b0b34e3,7945160.528220787,7945160.664647907,7945166.473763135,945,200,0.13642712030559778,5.809115228243172,160
4d8980ec-675e-48e7-bd09-c55b1412d525,8fd022b6-2a29-403d-b62f-25b9e4f8498f,7945157.528038357,7945158.060020798,7945166.492896757,5909,200,0.5319824405014515,8.432875959202647,176
282918e5-8f73-4f92-9aa9-3d04b6a5f201,714a03ba-cce9-4afc-baa0-4c9d25f06db5,7945156.528709126,7945156.803659065,7945166.544382581,2485,200,0.2749499389901757,9.740723515860736,192
5525c400-d5be-46d2-bfeb-801fec224dfa,61323a0e-d648-4de7-b67b-b711daabcf13,7945157.528050639,7945158.7319545215,7945167.817934928,5917,200,1.2039038827642798,9.085980406962335,192
7e323da8-3c33-4650-bd72-c58aaca68aed,19a9f068-ae9c-4887-ab6f-8a55cb185dab,7945157.528060133,7945159.350813045,7945167.842328485,6544,200,1.8227529125288129,8.491515439935029,192
c5911bea-728c-4be5-9b57-fc51cf148ec7,84d5fb78-05a8-499c-b310-f083b5d8df92,7945159.528007163,7945159.835326112,7945168.438036776,1808,200,0.3073189491406083,8.602710664272308,160
eaf55e09-731a-403c-bf09-6e413d18aa05,8bf324a6-f8e1-4e21-81f4-776dea52de73,7945159.528026492,7945159.830399483,7945168.435504745,1511,200,0.30237299110740423,8.605105261318386,224
04382933-2d71-49cb-be59-983c176c7c4b,aef23cb9-de90-4c2c-999e-8d56eb9b8b92,7945151.52864956,7945152.011156786,7945168.534553515,2901,200,0.48250722605735064,16.52339672856033,992
2c935e20-8e1e-4512-acc0-1a09a8fb4705,dce9acc2-6cb3-4a0d-a588-167463328340,7945156.528693275,7945157.508682961,7945168.546027035,3518,200,0.979989686049521,11.037344074808061,176
c1d34a15-4a12-48db-879d-0514198a0ee8,b5df1995-02cc-4c51-92cc-47b831fd1379,7945156.52870366,7945156.943925739,7945168.603795092,4391,200,0.4152220794931054,11.6598693523556,176
8a5532e8-9241-4e0f-9a24-bc2fb30c4137,9a682087-2b9e-42b1-bd60-cd969c9655a0,7945157.528057389,7945158.061020817,7945168.9650367685,5669,200,0.5329634277150035,10.904015951789916,160
ae81a4f5-1a86-4f0c-994e-1009007896c6,db2464c6-7136-4f5a-a354-23f360505371,7945161.528783448,7945162.057057175,7945169.296714855,5956,200,0.5282737268134952,7.239657680504024,224
eb2b354f-c6d5-494f-9ad9-8f4e76bdf79d,d0f88edb-e209-444c-9c41-1068ec16e1c9,7945153.527973804,7945154.340884939,7945170.696291474,487,200,0.8129111351445317,16.355406534858048,480
39ffed90-a68d-4ee1-90a7-943f16917605,d9fd7ec2-2f99-425f-9c69-93f6d7f2fea8,7945153.527961031,7945154.511242545,7945170.713110412,2188,200,0.9832815146073699,16.20186786632985,176
64cf04b9-3486-43e1-ab4d-12038d0429f8,5b0f91ce-6b7c-4bc1-acfb-82cdc77c12e4,7945159.528014912,7945160.1863792995,7945170.729238987,5807,200,0.658364387229085,10.5428596874699,176
fc2a24eb-71b2-4205-acb0-86338c5a5a10,23dc353f-7f6d-46a5-a753-1fa331e78f1a,7945159.527990479,7945160.188854614,7945170.731681225,2012,200,0.6608641352504492,10.54282661061734,192
99a63f7f-b341-488e-8f9a-755502a8d96f,f8fe6d82-88ff-4036-a76d-2c961a7e8fda,7945154.528374113,7945155.052405805,7945171.424686822,2380,200,0.5240316921845078,16.372281016781926,176
eab5873e-f969-4bb8-af7b-4fafa50d9f26,a8ad934d-62d8-44f1-80d0-0b2a837babdc,7945164.528149816,7945164.710518689,7945171.548192022,664,200,0.18236887268722057,6.837673333473504,224
62aa190a-490c-40ff-b0dd-9da5e2af8cf3,1cf43c54-4dfe-47b8-986c-c311b23d8744,7945164.528169215,7945165.304341138,7945171.561390385,5978,200,0.7761719236150384,6.257049246691167,192
f1ff845a-22f9-4b40-a433-0917da62d35d,0bfcbe81-4f79-46ce-9ef9-d330b9b3516c,7945165.528040578,7945166.69696018,7945172.1723241145,3288,200,1.1689196024090052,5.475363934412599,192
5df7f425-1d1b-4624-8d72-e5e67a8f5ed9,75cef145-13c5-4f24-b901-111a3ee9b61d,7945165.528030415,7945166.698462817,7945172.173801985,5882,200,1.1704324018210173,5.475339167751372,176
95b1591c-8379-4e48-a4bb-37c544065feb,04e4c99b-43cb-459a-ad17-fcb4dcef58b8,7945166.527967142,7945166.953314844,7945172.191361787,1782,200,0.4253477016463876,5.238046943210065,176
eea82b41-2fc3-4f42-933f-4a6f24c2ba69,fcbf7757-a71d-4387-9517-a6118b505458,7945162.528299709,7945163.385718698,7945172.342768374,6522,200,0.8574189888313413,8.957049676217139,160
a369ba3d-712f-45be-ac95-3979c464b641,11c17151-c660-4f18-a81e-fa7de1fa076b,7945160.528230637,7945160.697730472,7945172.451465217,1304,200,0.1694998349994421,11.75373474508524,192
d6070940-274c-4e7e-aca1-9451fc43ff1d,06947ab9-ffc0-40a0-88ff-3e6c591f9a9f,7945163.528745928,7945164.858778109,7945172.6124583315,5959,200,1.330032180994749,7.753680222667754,176
ae5dfd26-385e-410a-ad52-11da6e6e1c31,198baeec-5ede-4eed-aa82-1797c2c3393e,7945163.528756343,7945164.857964538,7945172.612094467,4820,200,1.3292081952095032,7.754129928536713,224
70dea45a-5248-4795-9a49-a8c0035d89fd,2c04ca06-6ffe-4a2c-81be-67ab83b10777,7945164.528172567,7945165.452587713,7945172.632438324,3959,200,0.9244151460006833,7.179850611835718,160
6798c136-a2f8-49a7-8051-8305b2e5c501,48cd51af-72e3-456a-bb36-8a6614305c06,7945158.528739823,7945159.970264114,7945172.9258695375,5961,200,1.4415242914110422,12.955605423077941,544
1eb77c1b-3ff4-4540-91d6-5bc0e81d4e49,3dcb46f7-1300-4da3-8c29-aabf89508273,7945158.528750091,7945159.96878462,7945172.927094503,671,200,1.4400345291942358,12.958309883251786,160
b85acec9-d8bc-458d-835f-b37bff83fa6b,c11d6802-d0ee-4c6c-bec7-507f0b2efb7d,7945158.528765046,7945159.96579437,7945172.925303401,1709,200,1.437029323540628,12.95950903184712,1632
06596ff9-31ab-4ff2-aa90-ee3d873300eb,b0c4f8eb-c780-455f-9b75-5261e6feeef7,7945159.52801167,7945160.587824108,7945172.954776054,5883,200,1.0598124377429485,12.366951946169138,176
ace4d741-a7c3-4036-aee5-01511d376aa1,19af37dd-93d9-4ad9-a0e5-118deaba9abe,7945158.528758247,7945160.587424814,7945172.955118473,5850,200,2.058666566386819,12.367693658918142,160
e69653b4-6306-4806-9ba2-b508145d4db6,c3f99789-28f2-48b0-8ff1-92f4b8f000a0,7945159.528018834,7945160.941464965,7945172.981191095,5943,200,1.4134461311623454,12.039726129733026,192
69d56a5c-eef7-4a0c-839f-263ec7e4ee91,e91d0ed4-885a-4a60-b5f6-5b3563d19f21,7945166.527970135,7945166.914605614,7945173.157087236,3977,200,0.3866354785859585,6.242481621913612,176
821f78d4-cf9b-456c-9876-c018ec9898e1,7e26fb2e-ff9e-4c44-9abf-7453e7c69fb2,7945167.528160755,7945167.970754637,7945173.363058736,4741,200,0.442593882791698,5.392304098233581,192
d5b4d4a4-6993-47ba-80f2-2e132f7939f7,73d9570a-d227-4056-8777-dba15b0c31d5,7945161.528768316,7945162.053715384,7945174.557099954,5891,200,0.5249470677226782,12.503384570591152,160
dc5af32c-2273-4635-a5d3-e929908e360c,b8b38176-4a60-45d2-9c93-9a5df29c8bb0,7945168.528741704,7945168.879916818,7945174.658497797,701,200,0.35117511358112097,5.7785809794440866,176
6a7a515e-3c37-4f11-8590-e0d1ebb401b0,561427d8-2917-4668-bb9f-e29ea68c80af,7945168.528734185,7945168.882102908,7945174.659754698,2673,200,0.353368722833693,5.7776517905294895,2608
45550faa-4a31-4b06-8cef-6c7b0672c0da,95cf3795-9731-4d68-989b-eb41f5ae3149,7945168.52874942,7945168.735502167,7945175.281885973,1289,200,0.2067527463659644,6.546383806504309,224
d5718c19-6c4e-4bd0-a257-c26e15882a24,3e079306-9bd9-4ab5-ace0-9e2803e63a19,7945158.528761461,7945160.009164129,7945175.979306924,5765,200,1.4804026680067182,15.970142794772983,160
0de8b03d-b9c7-407e-b66d-b49f3b5ea000,c25d9c7d-1328-413d-8627-ce51dfec2736,7945163.528763816,7945165.253790302,7945176.251768904,5404,200,1.725026486441493,10.9979786016047,176
7458f70f-9b6d-4535-8905-1a77efa9295d,e24543ef-8e01-4f81-96d6-3b725d1934f6,7945163.528766981,7945165.885152603,7945176.276705351,5865,200,2.356385621242225,10.391552748158574,176
102e0b83-480f-4921-b684-857f6c755f2f,c7b64170-f421-43cf-909e-3085b5bc5c82,7945164.528166044,7945165.887427897,7945176.278621329,1486,200,1.35926185362041,10.391193431802094,160
263119a3-a419-4c97-a53d-c3a87f1e8d4c,6a5ebba8-014e-49fb-8dbd-f63e5af90cf8,7945165.52806048,7945166.661638148,7945176.32455393,3462,200,1.133577668108046,9.66291578207165,192
c2db20e6-ae67-4b18-8e3f-d7cda838e7dd,e603b232-a222-4e33-a897-946069d6b4f3,7945161.528787074,7945162.41714581,7945176.746488579,3738,200,0.888358736410737,14.329342768527567,176
c63a1b61-3899-48c1-a04f-4976346fd889,08603ce6-483c-4fd0-9d65-4b6051d47dda,7945167.528168069,7945168.025136665,7945176.88058446,4960,200,0.4969685962423682,8.855447794310749,160
ce0ab702-a874-4c31-8596-02abf4589657,3aeee658-0d26-4b01-9045-17dc0a261d4c,7945167.528171729,7945168.465776644,7945176.902330887,5824,200,0.937604914419353,8.4365542428568,176
c5438eff-053f-4150-a8b2-843f4148e959,c06919a8-a2b9-49b8-b076-7345f66f0757,7945169.52815047,7945170.309231187,7945176.925549134,2769,200,0.7810807172209024,6.616317946463823,176
d0b9cc34-5363-44d1-88ec-b0d5fcf1656d,3345cbcc-b4b1-4827-bce9-26777f705b86,7945169.528147107,7945170.382326081,7945176.947745338,6507,200,0.8541789744049311,6.565419256687164,192
2220080e-fefb-4937-9d54-fbbfd5b74353,6cbadc19-5c60-4557-9e0f-40b5e94fa44d,7945168.528722591,7945169.686829756,7945177.093279445,4671,200,1.158107165247202,7.406449688598514,176
1f4bcab4-924b-48e5-9d26-61b86b05b4d2,d922863e-4720-4a3c-8e68-e41a455f1826,7945168.52874587,7945169.682680573,7945177.093113111,3034,200,1.153934703208506,7.410432538017631,192
b363592d-747d-447f-80be-e7653b45c8a8,28b74a43-9076-4763-9179-b66506d65ff1,7945170.527920382,7945170.901438618,7945177.251445778,2077,200,0.3735182359814644,6.350007159635425,16
33ad2a46-1be4-4895-b15d-693f102733d5,c2c054ad-b012-47b0-9399-472e2409b536,7945163.528760111,7945163.919016574,7945177.623853981,2352,200,0.3902564626187086,13.704837406985462,272
0447e4a8-3856-419e-b761-171564b70000,359231d7-6b15-49b2-ba8a-a015bee5f927,7945159.528022613,7945161.509967232,7945178.144444148,5129,200,1.9819446187466383,16.63447691593319,160
56bb210e-dfa9-4289-ad74-07eed3f0fe3e,92efd495-043a-491c-a9d8-1438b337451e,7945164.528177004,7945165.010013497,7945178.153115852,4277,200,0.481836493127048,13.143102354370058,160
4548e306-163b-450f-93fc-6331109cad75,3085603c-e7b3-4b82-81c3-81d21d9fceb5,7945165.528044402,7945166.280974857,7945178.208237502,3157,200,0.7529304549098015,11.927262645214796,176
3bc9770c-27e3-4f94-8803-121b4fd3e50b,8fb22894-6b9c-4701-b2f7-7941c590e417,7945165.528047574,7945166.712499986,7945178.233878083,5594,200,1.1844524126499891,11.521378096193075,160
6836ffe4-392f-4aea-8893-45c11493cfbd,147fcd8f-cd52-45ac-b342-1144be04281d,7945166.527963703,7945167.301836415,7945178.259214327,5726,200,0.7738727126270533,10.957377911545336,192
9872e22e-264b-4fe1-9041-956afc13a8a9,127c120b-15be-4874-8f9a-c017b2235a9b,7945164.528162142,7945165.714601607,7945178.620232661,3040,200,1.1864394648000598,12.905631054192781,160
864e4a0c-46b5-40ef-99ef-48c86fdb8e81,b364d444-8745-4600-b91f-aad78b2bad15,7945165.528057025,7945166.596577542,7945179.071332398,1817,200,1.0685205170884728,12.474754855968058,176
27b62bde-05e9-4788-830d-ca94ed8a4ea2,eea619af-43e7-4d27-a8dc-7b2d35faa177,7945165.528050592,7945166.600785289,7945179.076320218,2850,200,1.072734696790576,12.475534928962588,192
0f3edd96-d3ed-40f0-b913-e975c69760a8,17ea2373-6630-4649-8ec5-c5b587c94c28,7945171.527938967,7945172.584111783,7945179.23958193,5915,200,1.0561728160828352,6.65547014772892,176
f746afa9-0c13-4329-a6be-70532f838b84,3c85a765-4063-4b71-9147-47f287172897,7945172.528287434,7945173.139390957,7945179.301958165,3533,200,0.6111035225912929,6.162567208521068,192
02e34ad6-fc4d-4ee7-94c7-02835210eb41,da76c283-228b-4af6-a640-10f0fa45521e,7945166.527959692,7945168.27811727,7945179.364473808,2027,200,1.7501575779169798,11.086356537416577,192
54859d7e-956a-4402-b9a2-ffd9c5af212f,b713d1b8-be7b-4e19-a4bc-dec8a4f71f9e,7945166.527949689,7945168.280644438,7945179.367046223,5969,200,1.7526947492733598,11.086401784792542,176
36a23b7d-9cea-46c4-bf5d-c828cc9ef5b7,3baad416-564c-45ff-9924-94ef9defe52c,7945170.527928204,7945171.084791974,7945180.14435465,1487,200,0.5568637698888779,9.059562675654888,176
54d65de7-6ca6-4954-b45d-c38290b7092d,855cfa0b-6ef0-46a5-98e5-c44eaa5c8887,7945168.528757149,7945168.962351913,7945180.375567977,4124,200,0.4335947632789612,11.413216064684093,160
92750a31-676a-4aae-9ce4-467a4faeb833,b983d827-0d38-4308-847f-1f3af4f8a8f4,7945169.528136872,7945170.174662365,7945181.23844437,6735,200,0.6465254928916693,11.063782005570829,192
98c07a4b-e556-4e5f-b1e9-fbda6ebf286b,77ecd2f8-2c5b-40e7-8853-fab3892fb6b8,7945169.5281275,7945170.175917037,7945181.239682379,850,200,0.6477895369753242,11.063765342347324,176
216f7d2a-48e1-42a8-b111-cf628be5e9d8,5fde618c-9f1a-48cd-afa8-1bdaa7ac6a87,7945167.528148771,7945168.774289275,7945181.281226167,1688,200,1.2461405033245683,12.506936892867088,192
be1def4b-bff1-4023-9566-c2d44c137a25,b4b1bac4-6c71-437c-9c73-e02f18428429,7945174.528261244,7945174.664226904,7945181.446945999,2707,200,0.13596565928310156,6.782719095237553,2496
fda7cf50-9f26-4767-bfa7-76aa119dd683,73515c88-7aa9-4cf1-9314-b1478a657937,7945170.527916742,7945172.106207004,7945182.21081383,2484,200,1.578290262259543,10.104606825858355,288
0e751668-8b0c-4201-8d7e-14e4dbc319b2,26b9f4f7-be2d-4bfa-af30-f2f8fe9a8251,7945173.527921291,7945174.2660036525,7945182.950976384,2946,200,0.738082361407578,8.684972731396556,176
e263be7b-e3be-4c67-916e-0fb98edf4fa3,0ceb19fd-18e1-4a16-a3df-e81d2099468d,7945172.528291239,7945172.93818854,7945183.227628153,4157,200,0.40989730041474104,10.289439612999558,160
b2c9036c-126f-4184-b3e6-4e7c0eed74ab,c2c054ad-b012-47b0-9399-472e2409b536,7945173.527917503,7945173.905544853,7945183.420813885,2345,200,0.37762734945863485,9.515269031748176,272
506d34f2-4523-45b2-9861-0fa5b2829231,fcb9b1af-649c-474f-8ab1-a9cdcbc57a9f,7945168.528737896,7945170.713074866,7945183.6368069565,1861,200,2.18433696962893,12.923732090741396,176
38f51110-fe4b-42f5-91d3-4c94f1189336,b455fe72-17a5-469b-a590-c965280aa83b,7945169.528140699,7945171.190090503,7945183.663038963,987,200,1.6619498040527105,12.472948460839689,192
ec2ebf11-c99d-4b2c-bc7b-7b948fbefe76,d34b060e-017b-49ea-9759-256fc37cf712,7945168.528753373,7945171.189203651,7945183.6619223645,3073,200,2.660450277850032,12.47271871380508,176
6461a143-327f-4036-ad3b-beb7b6867e00,c0df23d3-6150-43f7-a770-c020eb5f30ad,7945170.527931577,7945171.850403035,7945183.8732317565,5788,200,1.322471458464861,12.022828721441329,192
c962ee48-011d-4557-9347-a098c97006f5,3ce39b5f-5799-4fcb-89cc-2113064e6eff,7945174.528257714,7945175.0809091125,7945184.013307986,5795,200,0.5526513988152146,8.932398873381317,160
85570bcb-9e8a-4a94-96bf-c1d6d3ba5e81,1b2cc5da-e2ec-4ec1-8fe4-ec4f1173369f,7945174.52826628,7945176.172749809,7945184.058259515,781,200,1.6444835290312767,7.885509706102312,192
bf38ba44-bc11-4f90-968b-04389d93ccd1,db2464c6-7136-4f5a-a354-23f360505371,7945175.527959334,7945176.653420866,7945184.364938494,5888,200,1.125461531803012,7.711517628282309,816
348790ff-ff0c-44d6-b014-2f8f5214522f,8eeaed41-1c11-4d8a-a604-f0f56229b265,7945176.528189418,7945176.94177083,7945184.386635762,998,200,0.41358141228556633,7.444864931516349,176
a3775bc2-1cdc-4360-9d08-7002a89d4e79,92614048-780c-4c63-ba8e-4be26713e9a3,7945170.52790963,7945173.090325606,7945184.580636666,5897,200,2.562415976077318,11.490311060100794,160
83b11831-06f5-4c68-886f-231ed7906a91,d8d9ef11-342d-49bf-a156-464961649dfa,7945170.527896338,7945172.298678122,7945184.782915003,1182,200,1.7707817843183875,12.484236880205572,160
43d95b8a-c7aa-434d-bff2-35228a2825c7,e3581f64-96f8-42a5-a501-06b5a508c8d5,7945172.528278483,7945174.6169238845,7945185.644643494,5819,200,2.0886454014107585,11.027719609439373,176
a4b322e0-900b-46c2-abf9-e9665818a7b0,3d9ee3e9-ff56-41f8-8381-1a806193cfba,7945164.528180773,7945168.797435356,7945185.801835616,5785,200,4.2692545829340816,17.004400259815156,192
0804b00f-436b-4683-ba4a-8c72407e45fa,f71e7f02-f524-4287-8f87-55abbb1c5c35,7945174.528264021,7945175.672221415,7945185.834396781,2010,200,1.1439573941752315,10.162175366654992,192
c20e38db-2ff5-47f3-bc53-91bfb2f69b23,77b4ae52-f6c1-41d1-91f1-b68909c594f4,7945173.527907758,7945175.674898408,7945185.837375462,4279,200,2.146990650333464,10.162477053701878,160
b00baed7-c7a3-4514-83db-c0845eaf5690,6a7cdf06-d078-4a3c-a49d-aad13f7aebc6,7945175.527942884,7945175.981245339,7945185.859868523,2420,200,0.4533024551346898,9.878623183816671,176
d7971226-e642-403b-86b6-4303b3d12c5b,13da331e-a394-440f-8413-c59aeafdd460,7945178.528790812,7945179.308743986,7945186.187055972,2775,200,0.7799531742930412,6.878311986103654,176
79d34aea-0e2c-417c-a848-53f155363aa5,0abd24c4-2550-4a74-9b24-ebefa10c413c,7945165.528053739,7945170.062692961,7945186.318021118,4584,200,4.534639221616089,16.255328156985343,160
6ac3965e-6628-4e70-9e87-d7992eaf94c1,56385a8d-857f-4f1a-9f71-9d99a831e76d,7945179.528490866,7945180.137515355,7945186.480184817,5759,200,0.6090244892984629,6.342669461853802,224
83da3afb-1a4c-43ca-aacc-51c5b49a410e,0f5453ee-72f3-457f-ac7c-5c04a0c6126f,7945179.528499338,7945180.377640719,7945186.51657407,3481,200,0.8491413807496428,6.138933351263404,224
780e6389-d2ca-411b-945e-69123ccb6ca6,eb29e24f-e7df-4425-9e5c-44d0ba3a6467,7945180.528049961,7945180.880162997,7945187.091750033,3085,200,0.35211303643882275,6.211587036028504,176
87d06e2f-d8c1-4459-b578-4a3624ceab5a,70947ba3-d4c1-4b93-81e7-4db84122b195,7945181.528642493,7945182.052184288,7945187.666722986,5687,200,0.5235417950898409,5.614538697525859,160
89bb7bad-3305-45da-bd5f-7b54cf03b605,eb35ac2c-de06-4a24-85b2-5209248fff48,7945181.528635601,7945181.925278309,7945187.837823606,3937,200,0.3966427082195878,5.912545297294855,192
34412ca4-7055-4955-92de-b5d94028c6b8,c1905d2f-313a-45a4-832a-0b436c40d267,7945174.528245583,7945175.099640688,7945188.087721671,5959,200,0.5713951047509909,12.988080983050168,176
788acecc-d251-414c-bec5-6a51b668543e,22e7df0b-095c-4ac6-bd45-cfbc5114ef84,7945182.528770775,7945183.17557336,7945188.103712764,5916,200,0.6468025855720043,4.92813940346241,160
043aed51-4606-42d2-bd29-7f16341249aa,4693a909-b4f2-426b-a04f-81bb13685c3a,7945182.528764819,7945182.9271079805,7945188.379580003,722,200,0.3983431616798043,5.452472022734582,176
2e6b7380-b4d2-44ab-93cc-b1b56bbc0318,abf579d0-bec5-4e6b-826a-8905fd77fdef,7945181.528637943,7945182.241812431,7945188.402894639,5809,200,0.7131744883954525,6.161082208156586,176
11582508-0adb-4467-8d6c-818524ad9cca,2e7c3d8e-cd99-4d6b-be7f-c3e7f99b2724,7945182.528782366,7945182.651927271,7945188.558828962,5819,200,0.12314490508288145,5.906901691108942,5808
e36cb684-3865-4ed9-8f98-0c6eeb81005b,d255caec-ea5a-4101-b7b8-6297e1ff4298,7945167.528164964,7945172.294455304,7945188.866991322,3591,200,4.766290339641273,16.572536017745733,224
8e3c5c71-8135-4045-a824-9777014c375d,d9fd7ec2-2f99-425f-9c69-93f6d7f2fea8,7945179.528496673,7945180.886322827,7945189.231031461,2328,200,1.3578261537477374,8.344708633609116,176
cce45aed-ba06-468f-9605-d14ea85a2d14,51e183f5-4240-464c-82a9-733617739b11,7945179.528494077,7945180.88729877,7945189.2321519535,5928,200,1.3588046934455633,8.3448531832546,160
6df863f5-95a2-465d-9a54-3f111c86a95a,a780aaa3-d43a-44f0-b001-07e8681401fd,7945175.52795386,7945176.441809076,7945189.239557702,5993,200,0.9138552155345678,12.797748626209795,192
3c768106-58ff-48cc-b46b-94cdc64999ba,523cf851-150b-4543-b998-da49db159ce3,7945180.528062716,7945181.339442751,7945189.254950042,5845,200,0.8113800352439284,7.915507290512323,160
71d07c33-097a-43fb-821b-6a0aa9cad676,c6068dd2-a417-4704-8d5a-6ffe70687f29,7945183.528741125,7945184.120967563,7945189.434646076,1538,200,0.5922264382243156,5.313678512349725,160
f70a3a56-8d3c-4828-bfad-64ffca15f0a1,ef36fa25-d028-4162-901c-bbd12ab28dde,7945183.528754437,7945184.119802605,7945189.433437008,5909,200,0.5910481680184603,5.313634403049946,224
8ae937de-c376-46e0-b14d-d3b6cef14f1f,79997bb8-bc7d-4c2b-a7a2-28d13e55330e,7945181.528632435,7945182.5958933765,7945189.477348053,5091,200,1.067260941490531,6.881454676389694,192
b4a70014-f1d0-42e5-aea8-1ea764cc5269,ff020ca9-56b7-42a7-b1d4-89fc232b4c6b,7945184.528412037,7945184.908543494,7945189.549255773,2419,200,0.38013145700097084,4.640712279826403,192
3806b121-3ae5-45c6-8335-efddb0725268,92f33732-61e6-4624-a51c-bd235c57e203,7945169.528144061,7945174.896104158,7945190.852625273,1981,200,5.367960097268224,15.956521115265787,192
3b95bc45-6d3c-4563-a951-f1295d0b92ee,daf17ae7-56e2-41b3-b327-73a287b0645d,7945170.527925036,7945175.107663166,7945191.0010924265,5975,200,4.579738129861653,15.893429260700941,160
030a8456-333c-40b3-b386-3632a4ebae2d,4a5518fe-1784-4114-80fa-356bfad60371,7945170.527913626,7945175.626063104,7945191.065640942,6261,200,5.098149477504194,15.439577838405967,192
dd2a01a7-e187-4a81-92d0-8d8a1c649180,bde9bed4-c70f-455d-8fd2-f39ccda69523,7945177.528095338,7945177.859313958,7945191.488982615,3712,200,0.33121862076222897,13.629668656736612,224
acf004e3-cac9-4582-82b8-cd67a29368f2,a7122aad-e7ca-448e-98a8-310049e3451b,7945173.527924257,7945177.446521684,7945191.645123418,595,200,3.918597426265478,14.198601734824479,192
44540396-ad42-49e3-8d27-8a651fdd6b37,99d3e552-b995-4c71-a6cc-810f9af92915,7945181.528640427,7945182.104648469,7945191.785548293,6042,200,0.5760080423206091,9.680899824015796,176
0742c3d6-2fc5-4a0a-b546-6c6f53e57421,5611334a-865d-4971-92c4-36c439372140,7945177.528104984,7945177.948970719,7945191.872461864,4636,200,0.42086573503911495,13.923491144552827,160
e7d90675-fe55-4511-9256-cf9f541051e7,eef276f3-d425-4aae-a870-00c97aebe434,7945178.528800191,7945178.931271729,7945192.183440572,4066,200,0.40247153770178556,13.252168842591345,160
6ee26925-3d99-4aef-8277-d7344b585069,84d5fb78-05a8-499c-b310-f083b5d8df92,7945178.528803535,7945178.998519383,7945192.21181984,2021,200,0.4697158485651016,13.213300456292927,1808
f6723769-7a35-415f-84e0-271889e63170,7d316ad7-e481-43b7-9d2c-7f56c6a5d7e3,7945178.528806598,7945179.563486526,7945193.550573569,5951,200,1.0346799278631806,13.987087043002248,224
49c77659-f674-41a4-a909-ebd3965657dd,10ac30f3-3712-4420-846b-24e187c6737e,7945188.528844883,7945189.577741531,7945194.228898963,5995,200,1.04889664798975,4.651157432235777,224
6ae860df-3d94-4694-a4f0-ec7a74840cd1,c2c054ad-b012-47b0-9399-472e2409b536,7945189.528832577,7945189.613942127,7945194.264464554,2333,200,0.08510954957455397,4.650522427633405,2320
62ee254a-3c03-4b60-a650-b99c7733fa8d,ddeeb9ec-b605-424a-8be2-8354f50bdec6,7945185.527932538,7945186.50818016,7945194.436434403,5795,200,0.9802476223558187,7.928254242986441,176
88b25584-e17f-445f-88bb-bfb9be03c8ea,c11d6802-d0ee-4c6c-bec7-507f0b2efb7d,7945180.528071452,7945181.6514735315,7945194.680236346,1769,200,1.1234020795673132,13.028762814588845,288
3e431791-fed1-441e-88a8-1880393b7b38,388115ee-cfd7-4965-aa31-059528c7936e,7945180.528073981,7945181.862812785,7945194.700194458,3152,200,1.3347388040274382,12.837381672114134,192
2a0cc18d-1925-41a7-bdf1-67a37c42637c,08603ce6-483c-4fd0-9d65-4b6051d47dda,7945181.528623752,7945181.8686601855,7945194.706778493,5196,200,0.34003643319010735,12.838118307292461,4960
c134a38e-361f-4feb-b4ef-4be59fa21c27,11be3da4-66ba-4d1a-ae13-d0717669c0d9,7945190.528301612,7945191.048706792,7945195.285342413,1447,200,0.5204051807522774,4.236635620705783,160
1a8e7824-7583-450c-89bb-2e13870617ca,3bc8a356-3e30-4ac9-8263-e41522576a6e,7945182.528779531,7945183.821967264,7945195.525043405,5712,200,1.293187732808292,11.70307614095509,160
5287ff65-3207-46ba-9639-f500f249dcb5,2fecaf00-3c56-48e0-83ff-cc62525208a4,7945183.528751336,7945184.449064856,7945195.571258045,5861,200,0.9203135203570127,11.122193188406527,176
2d6c2354-04eb-4376-8101-eb6e2cafc1db,aef23cb9-de90-4c2c-999e-8d56eb9b8b92,7945176.528178549,7945180.067375801,7945195.609311397,2934,200,3.539197251200676,15.541935596615076,16
5c0b752c-65ea-4b5d-9c4d-f8ac37b18404,3085603c-e7b3-4b82-81c3-81d21d9fceb5,7945186.528341266,7945186.949835702,7945195.886486757,3320,200,0.42149443551898,8.936651054769754,3120
04dfbc6e-5602-4d2c-ad30-280ce6fcef1c,8c4449c9-0656-4caa-85f4-05bc80a54e6a,7945184.528424959,7945185.241466046,7945195.896091368,4403,200,0.7130410876125097,10.654625321738422,224
47a06282-5319-419a-8d50-17cb7e498e31,48cd51af-72e3-456a-bb36-8a6614305c06,7945184.528428692,7945185.577931893,7945195.917936603,5961,200,1.049503200687468,10.340004709549248,192
48b4ef51-3fde-4aea-94ed-d36d8c2ef2af,51d7662f-1a16-41ef-8d52-8068171283ee,7945180.528058816,7945181.5091646155,7945196.203689294,5971,200,0.9811057997867465,14.694524678401649,160
d8f4eabb-93d3-44d3-98a3-575dfc9a7f19,762e40fb-aa89-4998-9dd3-5b22bcf87c95,7945180.528068561,7945182.140859942,7945196.233367929,4122,200,1.6127913808450103,14.09250798728317,0
4be07576-80cb-4e5d-ab99-134053021fe6,e537e9de-20af-4e67-bc33-63d050364754,7945180.528065443,7945182.14190308,7945196.234711764,6436,200,1.6138376370072365,14.092808684334159,192
8d095a4c-5ed0-4e35-8863-4f03312787ec,20907513-6f2b-4ea5-a652-4c331e561f4b,7945181.528644973,7945183.353974688,7945196.291326649,6022,200,1.8253297144547105,12.93735196068883,160
6ce7824f-b12a-4adf-a7f5-6d53ad1325f4,d403e92e-a296-490f-be3c-863ae9176280,7945182.528768231,7945184.485409571,7945196.321276767,4886,200,1.9566413396969438,11.835867196321487,192
cdf4652e-b7d0-4828-84a5-581216affa60,6a060b93-128d-4e54-a435-0af0dbc0a790,7945182.528773536,7945184.486672588,7945196.322170104,2148,200,1.9578990517184138,11.835497516207397,224
dd260c1a-334e-4fbb-a2bd-ed3751166cdb,36956ffd-e024-4f95-b862-07f8f3ac4f72,7945191.528818275,7945191.903628397,7945196.342110994,1452,200,0.3748101219534874,4.4384825974702835,160
6709e395-b0a1-4ced-8850-00b5da5c67cc,d2fcae66-11a4-4459-8eca-43e7e9d45137,7945182.528788271,7945185.097236937,7945196.342937854,6052,200,2.5684486655518413,11.245700917206705,160
7a0756db-d387-4810-b275-064f7a4c431d,fe69d8b1-d549-4502-8e51-ef1920816f45,7945182.528776339,7945185.100322832,7945196.34626322,5192,200,2.5715464930981398,11.245940387248993,224
76d2d8bd-6fd8-4752-ace9-f6273c0b94d9,49bf49bd-33b8-4a2e-8ff4-3ff04bea24f0,7945183.528757312,7945186.238468059,7945196.39851323,5941,200,2.7097107470035553,10.160045170225203,160
191a2f67-d9c4-4876-97a8-c9c2559a2e98,fcbf7757-a71d-4387-9517-a6118b505458,7945186.528348231,7945187.580450995,7945197.52421574,6522,200,1.0521027641370893,9.943764745257795,160
9f7d6823-dc02-4cba-9c9d-6a03cf9067d4,6bbde2a4-c8c9-4455-9ab7-556ea23da962,7945189.528835583,7945190.0354004,7945198.103435906,5888,200,0.506564817391336,8.068035505712032,176
f5bd8cf9-d5af-42c3-a7e4-a4aa8a2af266,8a57ee32-2494-4e73-9af9-4fd56f0ccb67,7945189.528820318,7945189.774162894,7945198.543119585,2241,200,0.24534257594496012,8.768956691026688,192
3cd721e8-1692-4cae-9b18-cbe21fc57593,5476c52a-338f-4026-9cc7-8ee997ff8178,7945190.528289328,7945191.064272073,7945199.204968802,5825,200,0.5359827447682619,8.140696728602052,176
5b906f1b-e792-454b-a9c6-35fd882744e2,86ea5c7d-886e-429f-82a7-678f68526718,7945179.528481465,7945183.223463772,7945199.27134982,1969,200,3.6949823070317507,16.047886048443615,160
44b19902-a8c5-4c29-b99c-c22b1eeafc3d,d3b984f1-4463-48e3-98c8-2d606dc9acf4,7945191.528821423,7945191.772374726,7945199.3836426465,2240,200,0.2435533031821251,7.611267920583487,256
d9a53a6c-b88b-4c71-aca0-e1bd081945cf,3ac51539-0bf9-4496-b58b-bcfc7632d4a6,7945182.528761315,7945186.928998168,7945200.504462084,1906,200,4.40023685246706,13.575463916175067,176
7c1fda5e-d22d-41a1-9156-e03d7d606383,d255caec-ea5a-4101-b7b8-6297e1ff4298,7945182.528748749,7945186.930090588,7945200.505834979,3591,200,4.401341838762164,13.575744391418993,3584
9416b5b7-4f8f-4481-aa8f-509c660e10fc,d7cb5386-ae68-4dcc-b88d-e9ecef717347,7945192.527977153,7945192.915707487,7945200.782224025,4452,200,0.38773033395409584,7.866516537964344,176
5c38436d-c35d-4048-ab82-abcc7fb32bf6,861bd061-1eca-410e-9387-6a13afa07539,7945193.528755763,7945194.500751598,7945201.20795574,5733,200,0.9719958351925015,6.707204142585397,192
01925a23-cc0a-4920-a30a-8afb6cafcb4c,190510e9-1b94-44f5-895a-8b5e8e0fd079,7945194.528475148,7945194.822119538,7945201.374657609,1162,200,0.29364439006894827,6.5525380708277225,160
30997c1a-6aa8-47cb-94b2-d5bfbbefe90a,ccf25f28-621b-4405-a64d-00261fbc847f,7945194.528452751,7945195.172711891,7945201.6394600365,5960,200,0.6442591398954391,6.466748145408928,192
f55259d6-0824-42ff-8679-57b6c98b5e1a,1ebf3586-8bf2-4460-942f-3639b265c013,7945189.528837701,7945190.489671529,7945201.638617489,5994,200,0.9608338279649615,11.148945959284902,176
78f4c6c1-0ba4-4989-98bf-8d77650dc362,6a7cdf06-d078-4a3c-a49d-aad13f7aebc6,7945191.52882608,7945192.0225975355,7945202.07828743,2521,200,0.49377145525068045,10.055689894594252,2384
f04c6b28-47bd-4825-83f6-404fc76f4d9a,10bcf0c5-a7c4-43f0-9664-79e32e9e57d8,7945182.528785441,7945187.950959545,7945202.599759339,5797,200,5.4221741035580635,14.648799794726074,192
452cbf49-8f3e-4999-9517-ca917ba58c7c,6a5ebba8-014e-49fb-8dbd-f63e5af90cf8,7945190.528304547,7945191.871096282,7945202.644178928,3462,200,1.3427917351946235,10.773082645609975,896
6ae9b0e3-304a-4d34-9305-cee9d621e31b,2c04ca06-6ffe-4a2c-81be-67ab83b10777,7945196.528031424,7945197.328328546,7945203.191461195,4130,200,0.8002971224486828,5.863132649101317,160
f49d5e1e-e3c3-4376-a7ed-3aac0b2ad720,48cd51af-72e3-456a-bb36-8a6614305c06,7945194.528478792,7945194.76641423,7945203.406815437,5961,200,0.2379354378208518,8.64040120691061,5952
f759eed6-9d44-4d2c-a7d8-33d94b0a31f4,4ee1f027-1f81-476a-8827-c03294c1b369,7945194.528463013,7945195.128427299,7945203.55260991,2855,200,0.5999642862007022,8.424182611517608,192
57d5a171-a299-4eed-99a0-6d6846de7a5f,35263c7a-afdd-4603-a04c-dfa1749bc114,7945194.52846678,7945194.835862695,7945203.649445549,1488,200,0.3073959155008197,8.813582853414118,192
403134d0-2540-447c-87a4-c87cf936ac7a,14a2dbbf-bbfe-412d-9b56-8a31592b8dc3,7945197.528192272,7945197.779574211,7945205.014288982,2737,200,0.2513819383457303,7.234714771620929,224
ad1467e8-6e92-4f0a-a087-aae6b95782e4,b364d444-8745-4600-b91f-aad78b2bad15,7945195.528432594,7945195.716849546,7945205.339752403,2022,200,0.18841695226728916,9.622902857139707,176
2805413c-06db-4526-9776-1b9c2d765f25,99cdea42-227f-4187-9a85-5a4c042468f4,7945194.528470964,7945195.141645429,7945205.449397163,3121,200,0.6131744645535946,10.307751734741032,192
90776ac8-bffc-4000-a8e9-32aa97373c52,762e40fb-aa89-4998-9dd3-5b22bcf87c95,7945200.528919539,7945200.619954852,7945205.486937054,4183,200,0.09103531297296286,4.8669822020456195,4112
c226e3c7-62ea-4321-86c8-be3bf001b999,0bfcbe81-4f79-46ce-9ef9-d330b9b3516c,7945198.528419948,7945198.859925961,7945205.869967529,3473,200,0.3315060129389167,7.010041567496955,192
c7061dee-78c0-4b5a-9ed9-c8ae06fd1c1a,9066abd3-2def-4e32-a5b5-0b42961acda8,7945198.528411934,7945198.873931247,7945205.95256147,1695,200,0.34551931265741587,7.078630222938955,192
35d8c8ad-677d-4c73-9c93-0bcec55fcb74,c3f99789-28f2-48b0-8ff1-92f4b8f000a0,7945196.528027971,7945197.350308949,7945206.290084139,5766,200,0.8222809778526425,8.93977519031614,192
befdfe1f-069c-4c35-bcf9-2fff5caecc04,c11d6802-d0ee-4c6c-bec7-507f0b2efb7d,7945197.528199054,7945197.637339076,7945206.338837159,1827,200,0.10914002172648907,8.701498082838953,1728
0dee7d65-724a-4678-9fc7-a038fcd99510,75f67f94-c23b-4fc9-a5eb-2efd0edd3ba1,7945199.528438578,7945200.488475779,7945206.586123492,5771,200,0.9600372007116675,6.0976477125659585,176
a9a7d31b-ec52-4096-9dd5-8b4f737d5e4e,1163fdf2-5a7e-47c9-bc90-8d77fad2c6ef,7945200.52892919,7945201.068552971,7945206.69600793,4737,200,0.5396237811073661,5.627454958856106,176
c822045c-5826-4113-9fc8-b7f90d4a5146,aef23cb9-de90-4c2c-999e-8d56eb9b8b92,7945189.528829547,7945190.852622203,7945207.12136736,2953,200,1.3237926559522748,16.26874515786767,992
7704d79a-b07b-4330-8a5d-ef4bbc32ba67,83a4f7a2-3414-41cb-b62b-13828711c3e3,7945201.527870524,7945201.994771055,7945207.360135996,3996,200,0.4669005312025547,5.365364940837026,160
54fee81a-cd82-4ec5-a0f3-03d85725ee29,92c5bb60-fa3b-4201-8506-da490ee69f6d,7945196.527999193,7945197.611316235,7945207.463703638,6723,200,1.0833170413970947,9.852387403137982,176
105b86cc-2b6d-422b-a44c-b013f0958dd9,da76c283-228b-4af6-a640-10f0fa45521e,7945196.528017688,7945198.214338298,7945207.491034516,2027,200,1.68632061034441,9.276696218177676,192
abe32c44-1014-41d4-9c91-03081222febe,b860fb7d-f035-4d0f-948a-0a59ad3edeb4,7945196.52802415,7945198.851409131,7945207.512901043,5869,200,2.3233849806711078,8.66149191185832,192
96ba108f-67bc-40fe-bc41-317dd95154e3,cd884a1e-a028-4070-a8c7-14fd8ab2f0d6,7945196.528035176,7945199.444671383,7945207.544023418,5966,200,2.916636207140982,8.09935203474015,192
a806ab11-38ca-4155-a9f2-4d3acd15f290,9a534a9e-501a-40df-83f4-624c8d7b5e03,7945198.528396675,7945200.0743777575,7945207.597277356,4943,200,1.5459810821339488,7.522899598814547,192
1569643d-0d89-4e1d-8fe3-642af6a3d838,c2c054ad-b012-47b0-9399-472e2409b536,7945198.528407561,7945200.213804495,7945207.611202896,2377,200,1.685396933928132,7.39739840105176,272
890b44b0-c1c8-4ec5-b7bb-aa58f7783f1d,634a1cbf-6332-47a8-856d-2257eac7412a,7945202.528379139,7945202.9802876115,7945208.179562828,2567,200,0.4519084729254246,5.199275216087699,176
d69958b7-99e7-4827-a017-44163d8810fa,6e685569-7e1c-4d50-a299-e16123a7946e,7945198.528424028,7945199.37808381,7945208.409285287,5910,200,0.8496597819030285,9.03120147716254,224
8fd4a7bb-e601-4f11-9dab-1a210977df78,324bc838-7707-4b3b-9817-27416b426688,7945191.528809123,7945192.88828895,7945208.433272278,2916,200,1.359479826875031,15.544983328320086,192
75de0774-9c78-4798-a1c1-329457aeb947,3d9ee3e9-ff56-41f8-8381-1a806193cfba,7945191.528823911,7945193.53470215,7945208.460879704,5980,200,2.005878238938749,14.926177553832531,192
54fd2656-1901-4615-ba56-aeb0795bfa41,2ae10bab-d488-43d5-b9e1-c6011afcaf66,7945199.528454048,7945200.071580064,7945208.656589871,5935,200,0.5431260159239173,8.58500980772078,160
1f87831e-8847-47ce-8a39-bda3c79ca549,f404af1d-e873-4d23-a33e-fa036a38c6dd,7945202.528386141,7945202.979488831,7945208.88759041,4568,200,0.45110268983989954,5.908101579174399,160
42166faa-a6a1-4b8c-9c9e-cfc323127227,d3b984f1-4463-48e3-98c8-2d606dc9acf4,7945203.527935566,7945204.0854477985,7945209.198395668,2240,200,0.5575122321024537,5.112947869114578,2224
91715c1a-7a95-457c-bb7b-4585143ebcb8,08603ce6-483c-4fd0-9d65-4b6051d47dda,7945200.528908409,7945201.06345495,7945209.561440227,5547,200,0.5345465410500765,8.497985276393592,5168
25f07f5d-22bc-4549-b2de-30d6a867e786,4194fbf5-4d40-4ef2-9ff6-36979c053da7,7945204.528764697,7945204.760218117,7945210.046670721,2297,200,0.2314534205943346,5.286452603526413,192
6b2524bb-cab5-4fc8-80d1-1f89651422bc,211e1142-f3f9-4f09-a1ef-cc9c6ba3f927,7945198.528415675,7945199.715361852,7945210.503690648,5871,200,1.1869461769238114,10.788328795693815,224
8bd5a813-fe3d-47c2-b600-783dcec1188a,77b4ae52-f6c1-41d1-91f1-b68909c594f4,7945198.528427858,7945200.091284467,7945210.533331498,4428,200,1.5628566090017557,10.44204703066498,160
2d8ecde8-ed04-4837-ace1-ad4d67c09288,92614048-780c-4c63-ba8e-4be26713e9a3,7945200.528923383,7945201.052307236,7945211.4356168285,5897,200,0.5233838530257344,10.383309592492878,224
688e99c4-a9f4-42c3-adc6-3084bb2968ee,74b4e688-4fc6-4a42-b004-5ea5ef335a5c,7945203.527901792,7945204.478756576,7945211.725623644,5798,200,0.9508547838777304,7.2468670681118965,192
6a75c114-082f-4215-be28-74cdd191a20c,d26ad366-532a-4efa-8162-640fdbbd7d99,7945203.527932551,7945204.473481319,7945211.721074484,984,200,0.9455487681552768,7.247593165375292,160
040e943e-6ebe-4992-837b-f47c9846d005,dbe7dae0-7e52-4085-96ca-11d3ca587eab,7945201.527884629,7945201.9316335255,7945212.007054928,595,200,0.4037488969042897,10.075421402230859,160
e4eae29a-bbe0-4798-a833-123a8fdeca57,2d87254e-3945-44ac-adee-a0c944773c8d,7945203.527909492,7945204.345132972,7945212.152680364,5447,200,0.8172234799712896,7.807547392323613,192
53f1de0d-2a0f-4774-acca-979c8d7e48aa,6f800154-3d41-4bb5-84b5-53c0e3a2be75,7945196.528020982,7945196.8971232865,7945212.191013436,2071,200,0.36910230480134487,15.293890149332583,224
d195bf4b-829f-41ef-8e78-f675fb971f11,86ea5c7d-886e-429f-82a7-678f68526718,7945196.528013971,7945196.900834228,7945212.195118883,1969,200,0.3728202572092414,15.294284654781222,1968
6ab84d5c-768c-44c2-987b-722669543715,84c4d2a8-6b31-4bcf-b81d-abbd737d2e72,7945202.528382924,7945203.177914279,7945212.287263724,4873,200,0.6495313541963696,9.109349445439875,176
1ca1fc49-f79e-4b9f-97ed-24a161ecbe63,48cd51af-72e3-456a-bb36-8a6614305c06,7945205.527913485,7945205.63400694,7945212.333996227,5961,200,0.10609345510601997,6.699989287182689,5952
bbe712c9-539f-414c-93bf-a3ab1dbfc0e9,17ea2373-6630-4649-8ec5-c5b587c94c28,7945207.527886036,7945208.444891617,7945213.56188954,5863,130,0.9170055808499455,5.116997923702002,176
4edb8f40-448f-411d-99af-8a1aaec0ba69,561427d8-2917-4668-bb9f-e29ea68c80af,7945207.527864915,7945207.817808364,7945213.572897547,2706,200,0.2899434482678771,5.7550891833379865,320
b6964e04-5279-4c3c-b109-680cf6afaf97,206ebc3b-dbb4-4b97-9aa2-ef076d18dd52,7945207.527876106,7945207.946366768,7945213.59252281,1877,200,0.41849066223949194,5.646156041882932,192
58a06dcf-a7cd-42dc-8034-63967a4bf363,b4b1bac4-6c71-437c-9c73-e02f18428429,7945203.527905946,7945205.214456037,7945214.2391719455,2941,200,1.686550091020763,9.024715908803046,160
3de8c4ec-e397-4bc1-bef2-a9b289c38ed5,da94db7f-0f1b-4adf-b765-aa75dc6141f4,7945204.528761308,7945205.839886328,7945214.264481968,3598,200,1.3111250204965472,8.424595640040934,224
a3aa136c-c7e3-4722-82cc-6f77bb186889,30c27ebf-96cc-4b2b-ab07-a06e23ff48f3,7945205.527909408,7945206.142213027,7945214.357764617,5937,200,0.6143036186695099,8.215551589615643,224
d29e5afb-c4ca-4565-802d-636596fac104,19a9f068-ae9c-4887-ab6f-8a55cb185dab,7945208.528762055,7945209.125392438,7945214.385521362,6492,200,0.5966303832828999,5.260128923691809,192
faaf10d7-ef91-4062-a67f-384ee3414661,51d7662f-1a16-41ef-8d52-8068171283ee,7945206.528643433,7945207.019365921,7945215.025512633,5971,200,0.490722487680614,8.006146712228656,160
dd742281-3090-4372-80ba-98de08feb006,6cbadc19-5c60-4557-9e0f-40b5e94fa44d,7945206.528633874,7945206.962125199,7945215.103733197,4726,200,0.43349132500588894,8.14160799793899,176
40930fdb-3990-47e6-acf4-aee24705c6a9,db7e596a-978e-4512-9973-dd1b56defd45,7945208.528772063,7945208.7513882,7945215.9463857,1241,200,0.22261613700538874,7.194997500628233,224
e008ec4f-b811-49cb-acb9-1da1498e5c64,5611334a-865d-4971-92c4-36c439372140,7945208.528778308,7945209.1159412,7945215.966796807,4554,200,0.5871628923341632,6.850855606608093,160
4f52837c-04c0-43f6-a19e-1e665647c5ba,fbcc8b63-5690-42bc-9cac-5fbfece77de4,7945209.528166131,7945210.537517567,7945216.041259236,4521,200,1.009351436048746,5.503741668537259,224
d312af1c-d1a4-40e2-a70e-0a005642af7d,f5a1792a-e703-478a-8cd6-a3e7940b9421,7945209.528182393,7945210.533714184,7945216.038645198,2309,200,1.0055317906662822,5.504931014031172,176
6cbb6997-88dc-4a02-bd29-ac6a4eaa4da0,495e7460-fe01-43cc-a5c0-ed020a585294,7945210.528478394,7945211.000341546,7945216.114470253,5502,200,0.4718631515279412,5.114128706976771,176
3ac89834-4faa-4fb7-b49b-8b30f15bf70e,fe69d8b1-d549-4502-8e51-ef1920816f45,7945207.527878497,7945208.276904882,7945216.144969852,5192,200,0.7490263851359487,7.868064969778061,5184
ad05335d-3294-497a-8915-2f6beb0bd8e7,eef276f3-d425-4aae-a870-00c97aebe434,7945207.527883476,7945208.276034418,7945216.145027114,4200,200,0.7481509419158101,7.868992696516216,160
c52118c6-e4b9-4773-85ab-2374fcbac99c,3345cbcc-b4b1-4827-bce9-26777f705b86,7945207.527888451,7945208.50228664,7945216.165452261,6625,200,0.9743981892243028,7.663165621459484,192
f36166f2-dfe4-40cb-81ce-64d4329ccb57,127c120b-15be-4874-8f9a-c017b2235a9b,7945202.52836673,7945202.839782121,7945216.410688532,3216,200,0.31141539104282856,13.57090641092509,160
6d1fe618-d57f-4c88-9d41-8eb451f187c8,3bc8a356-3e30-4ac9-8263-e41522576a6e,7945209.528174301,7945210.14443396,7945216.416831003,5712,200,0.616259659640491,6.272397042252123,160
ec8eb20c-4f2f-45cc-aec0-23797cdb74c5,0abd24c4-2550-4a74-9b24-ebefa10c413c,7945200.528926119,7945201.403556096,7945217.671469458,4747,200,0.8746299771592021,16.267913362011313,160
7b8ddfbc-6020-4687-920c-5aee05e8959e,e603b232-a222-4e33-a897-946069d6b4f3,7945205.527917607,7945205.948019237,7945217.697484528,3905,200,0.4201016305014491,11.74946529045701,160
b837f235-a4e6-4aa4-874b-5bb89e6c74ee,ad4218dd-4e3a-4664-99b7-90c10307f0cc,7945201.527880747,7945202.226776986,7945217.959314538,5574,200,0.6988962395116687,15.732537551783025,160
9b39935d-24a5-478a-a5f1-de2c485d8cf4,359231d7-6b15-49b2-ba8a-a015bee5f927,7945202.528389707,7945204.479532134,7945218.485958061,5291,200,1.9511424265801907,14.006425927393138,224
21034237-d60e-4ffc-9428-3913c3c153b1,f632d663-5e72-4781-b446-6f4a98b1dc1b,7945203.527890446,7945205.018827297,7945218.578964979,2273,200,1.4909368511289358,13.560137682594359,192
8c29f0d3-e1f4-49af-9dff-5debe54b8d86,56385a8d-857f-4f1a-9f71-9d99a831e76d,7945203.527916658,7945203.823682432,7945218.666347649,5747,200,0.2957657743245363,14.842665216885507,5744
2c929e3d-369f-4fc1-9b72-deb8bf4aa39e,a647f134-247a-45d1-9638-839d88720a01,7945203.527913376,7945205.613861774,7945218.92090436,2700,200,2.085948398336768,13.30704258568585,192
8d521c93-f81a-4e53-a13e-e462482c5d25,6ce0c14d-689c-4494-beee-7bc5715840a5,7945203.527924707,7945205.611337197,7945218.9190668715,1691,200,2.0834124898537993,13.307729674503207,192
1f23ae17-fe8a-4abe-9e93-f3ca5cad2be1,d255caec-ea5a-4101-b7b8-6297e1ff4298,7945203.52792956,7945206.068378159,7945218.945471995,3591,200,2.540448598563671,12.877093835733831,224
dd9729ec-2517-4338-b256-f83ab814d036,816aebf7-778f-4221-983d-291c9afa1395,7945203.527920572,7945206.067302954,7945219.397789002,2803,200,2.5393823822960258,13.330486048012972,192
f05742ae-c710-4451-9a40-94e008f63bb5,d3ee945a-0104-40b5-a827-4620a82f0b1d,7945209.528168419,7945210.032263455,7945219.627401059,5515,200,0.5040950356051326,9.595137603580952,224
5b328b89-10ad-4e95-90ff-321b382db7cf,1c4af3d8-294c-4501-9d73-db20029dc88a,7945204.528749578,7945205.181686295,7945220.404564124,1998,200,0.6529367174953222,15.222877828404307,160
3c85046c-ccc7-4c24-9d53-95bab8937151,e6c27312-700b-4629-9a00-cf2e5f89ea0e,7945210.528474991,7945210.735330272,7945221.031712121,719,200,0.2068552803248167,10.29638184979558,192
159e560a-e1e2-420a-a8d3-b9fb409596f2,2d2593d9-0207-4a64-b650-04ccd16e66b1,7945210.528452649,7945210.738422918,7945221.035484138,601,200,0.20997026935219765,10.29706121981144,288
9b3fe616-977f-43ae-b8ab-32643d4400da,e77b53eb-34ca-43c5-a24c-053d3db714c7,7945210.528468814,7945210.73693165,7945221.033915557,608,200,0.20846283622086048,10.29698390699923,160
bd1ed8b1-896f-4030-90c4-ac3232e470bd,daf17ae7-56e2-41b3-b327-73a287b0645d,7945208.528750619,7945209.2765190415,7945221.102730212,5966,200,0.747768422588706,11.82621117029339,176
51b4d480-3c1e-422f-aea3-0c4f5b2b972a,3e079306-9bd9-4ab5-ace0-9e2803e63a19,7945208.528768964,7945209.6856230255,7945221.287395464,5762,200,1.156854061409831,11.60177243873477,160
5e0e83b5-4931-4368-9cb1-aa9bb4e23404,fdf1b68d-e7b9-4a13-bf41-bc89f3c46791,7945210.528465376,7945211.46790081,7945221.332664415,5640,200,0.9394354335963726,9.86476360540837,176
bb5a74f4-4a97-4c95-afec-1550e59ed541,b8b38176-4a60-45d2-9c93-9a5df29c8bb0,7945213.528233446,7945213.658230632,7945221.49167847,796,200,0.1299971854314208,7.833447838202119,176
b3302a2e-cda7-4643-a536-65a3f3beddfa,b19269d8-f5d9-4850-9457-822d73453cd4,7945208.528765706,7945210.323475272,7945221.599035281,423,200,1.7947095660492778,11.275560008361936,176
3525342c-7654-4b9c-a396-e2de17777efa,ed0f357c-1a6c-4264-97b5-17c128560df8,7945208.528775081,7945210.322514774,7945221.598211378,5917,200,1.7937396932393312,11.27569660358131,192
52dd4af0-719b-4b33-b1dd-1aca9df44872,b983d827-0d38-4308-847f-1f3af4f8a8f4,7945205.527898857,7945206.616801602,7945221.962687255,6744,200,1.0889027444645762,15.345885653048754,192
bfba1837-d731-4142-baa3-9469558eb3f3,894ebd31-9861-4b30-a3d2-788c79189a8c,7945211.528248742,7945212.359171959,7945222.257390286,3426,200,0.8309232164174318,9.898218327201903,176
800c2488-7181-440d-bd79-a42b7ba0298e,085e0b0c-257f-409a-ac4c-8df0e0ba763e,7945215.528364308,7945215.693378958,7945222.291224266,941,200,0.1650146497413516,6.597845308482647,160
83b2c5a9-c5a9-4e20-ab73-f4616e9c6a28,a7122aad-e7ca-448e-98a8-310049e3451b,7945212.529566977,7945213.7540850295,7945222.5424764035,776,200,1.224518052302301,8.788391374051571,192
65ed2981-6c5e-4fbb-9345-e2c3ddebed94,3d9ee3e9-ff56-41f8-8381-1a806193cfba,7945212.529553279,7945213.757198688,7945222.548072855,5928,200,1.2276454083621502,8.790874167345464,192
f332d8b8-42a1-43e0-b3e9-d2b118a91da1,623c0d42-1c08-4857-8f8c-99e07238aefe,7945212.529564489,7945213.468507293,7945222.597575586,5960,200,0.9389428040012717,9.129068293608725,160
5f9641eb-8919-4978-9598-e493fda0108e,975b1cbe-dd44-4623-ba2e-c3952c5903b4,7945213.528222097,7945214.160293067,7945223.219065242,3527,200,0.6320709697902203,9.058772175572813,160
38b7164e-1fb0-4255-92ad-fd8446b31867,1cf43c54-4dfe-47b8-986c-c311b23d8744,7945214.528547113,7945215.450562192,7945223.341091294,6018,200,0.9220150792971253,7.890529101714492,192
53379b30-7cd6-4163-9d1d-77b56eac575a,13da331e-a394-440f-8413-c59aeafdd460,7945207.527881332,7945207.997477842,7945223.47143152,2775,200,0.46959650982171297,15.473953678272665,176
b463482f-7b08-4055-a27a-f565fe0d04b7,8d0ae58b-469f-4e1e-a872-529af1e03f11,7945207.527873091,7945207.999577316,7945223.474772796,2237,200,0.4717042250558734,15.47519547957927,192
28db345e-6bee-4d6b-8eea-00cf6b449f6d,19c63e55-9c86-4e1b-96dc-a890c7bed47b,7945207.527891039,7945208.498506289,7945223.49167837,4919,200,0.9706152500584722,14.993172081187367,224
fb23e16e-9ad8-42e3-8eaf-678dce480659,56bef7f0-de43-46e5-83eb-74f5c2e1436c,7945207.527894072,7945208.497684162,7945223.492346828,1968,200,0.9697900898754597,14.994662665762007,192
b1914e11-441a-4427-9857-f7c6eb89d42f,1ab8217b-4c34-4afc-8bda-d9d5ffc84d51,7945214.528544177,7945214.782369006,7945223.586915896,679,200,0.25382482912391424,8.804546889849007,176
5a3d01c0-567a-414e-84b2-c4e13fa6871c,ed812318-fc63-4d2d-9ef6-7e8d8c81a595,7945215.528367683,7945215.913593795,7945223.598361517,3859,200,0.3852261118590832,7.6847677221521735,176
4b85593b-2e5a-4435-a928-7b7a1061f994,0311013f-9099-4eff-ae76-c1c059f5654a,7945212.529550711,7945213.091442324,7945223.633635536,5802,200,0.5618916135281324,10.542193211615086,176
f70aece9-a76e-49bc-95d5-deff95a3c5c7,e24543ef-8e01-4f81-96d6-3b725d1934f6,7945216.529040526,7945217.054543314,7945223.71982888,6007,200,0.5255027879029512,6.665285566821694,176
14e91add-454f-4fcf-88f1-ae0199e6829e,aef23cb9-de90-4c2c-999e-8d56eb9b8b92,7945214.52853845,7945215.412283711,7945224.028973431,2936,200,0.8837452614679933,8.616689720191061,16
001c4ed1-f0bd-4fab-996d-0e8a6714625f,73c85dd9-a852-4a52-9b15-4d56f95a2436,7945211.528259287,7945212.86285886,7945224.198772393,6039,200,1.3345995731651783,11.335913533344865,160
cc0df477-94b2-4644-bf93-1a374d23b03a,19767c4a-4374-4a59-8ef1-ae3b3365aa34,7945212.529558498,7945213.523773451,7945224.252941468,5850,200,0.9942149529233575,10.729168016463518,160
2e1a6eff-83a5-4dd4-8337-4270e374225c,b0c4f8eb-c780-455f-9b75-5261e6feeef7,7945217.528354951,7945218.113445998,7945224.379205166,5750,200,0.5850910469889641,6.265759168192744,176
b52d226c-7afb-4ca8-8f95-7f5149131573,bcd520f5-bf67-439a-abaf-7abeaf00ad3b,7945214.528531651,7945215.256368607,7945224.910898014,5749,200,0.7278369562700391,9.654529406689107,192
115612d4-c465-4d73-a5db-b825c438ace7,d20f32a0-1790-4b0b-ade3-3c0e6d688476,7945214.528541323,7945215.5400332315,7945224.932446645,5745,200,1.0114919086918235,9.392413413152099,224
cb424e4d-9ac0-49b3-9939-3107c5368466,f192fa26-d719-4b35-8094-0a3b2eaa4693,7945215.528361484,7945216.298131111,7945225.051576218,2800,200,0.7697696266695857,8.753445106558502,192
eac20b86-ef0a-4a88-b50a-59cad798a7fa,d3b984f1-4463-48e3-98c8-2d606dc9acf4,7945216.529050737,7945217.234484964,7945225.217199841,2240,200,0.7054342273622751,7.982714876532555,2224
4501f225-3baa-4eaa-9f30-037f85c3822b,0bfcbe81-4f79-46ce-9ef9-d330b9b3516c,7945216.529061663,7945217.232889979,7945225.215661024,3621,200,0.7038283161818981,7.98277104459703,3440
d48bf989-907a-4ad6-8f23-f234432c2293,1863b02d-565f-4529-bcff-12b00b0b34e3,7945216.529057888,7945216.673228501,7945225.422358728,765,200,0.14417061302810907,8.749130226671696,160
7cf6f78d-0ddd-4f04-8b88-e556595311af,5c4f485b-02ad-4dc8-9f8f-65b63db43f6e,7945217.528368055,7945218.248611065,7945225.500050689,1723,200,0.7202430097386241,7.251439624466002,176
1bc4fffc-3b7b-43e8-a96a-e3dc0fed1814,8bf324a6-f8e1-4e21-81f4-776dea52de73,7945214.528517531,7945214.752037321,7945225.512429846,1657,200,0.2235197899863124,10.760392525233328,224
6fd9695a-ea69-4d8d-a2ce-4308b40660a3,762e40fb-aa89-4998-9dd3-5b22bcf87c95,7945214.528528015,7945214.778715314,7945225.538391144,4216,200,0.2501872992143035,10.759675829671323,4160
1422cd6e-4d3a-4ef9-9cae-e38075430474,4280b9e0-2be9-49e5-9ca3-cd901363b6d3,7945215.528370462,7945216.883169862,7945225.569255921,3128,200,1.3547994000837207,8.686086058616638,176
3980cf9d-7cb6-4627-964c-6d1c551bbbf3,1d790bb6-a192-4953-9704-590bf0dbfbb2,7945217.528371242,7945218.29196368,7945225.847260937,5885,200,0.7635924378409982,7.555297257378697,224
c64c6cf0-ac4a-4975-915f-2f3c677a70b4,47f1d5e8-3be5-425c-8236-5313732185eb,7945219.52798277,7945220.103972849,7945226.176791902,766,200,0.5759900789707899,6.072819052264094,192
be254d93-6c6c-46a1-86c5-03cf0cf9b0d9,1a8c236d-cb3d-4a7b-80ad-b43d1c9d951a,7945218.528711977,7945219.244238677,7945226.250051792,1593,200,0.7155267000198364,7.005813114345074,176
21c86f46-4930-40aa-980d-241b4335696c,39dab552-2cfd-4d18-875b-c600b37d30df,7945209.528177266,7945210.627669851,7945226.342921014,3924,200,1.099492585286498,15.715251162648201,176
17ba0174-3cb2-4461-a09a-4f6bcadaa8a6,0277ea41-78b9-4729-a215-26bc79fed3a4,7945209.52816298,7945210.631669373,7945226.348370845,2858,200,1.1035063927993178,15.716701472178102,176
550f2677-2511-4fd9-b5de-bf07db955f13,c2c054ad-b012-47b0-9399-472e2409b536,7945209.528171693,7945210.629895702,7945226.347109064,2365,200,1.1017240090295672,15.717213362455368,2352
a21781c0-9cda-45c0-b265-e840f39770da,da4bd2d2-ba25-48c6-99b9-aacf1e487b3c,7945209.528179738,7945210.628123542,7945226.345979626,367,200,1.0999438045546412,15.717856083996594,160
699cd651-63bd-4ccb-bf52-094ab2daa068,11c17151-c660-4f18-a81e-fa7de1fa076b,7945209.528154113,7945210.636959294,7945226.351467759,1435,200,1.1088051805272698,15.714508465491235,192
6a8cf3aa-7048-46dc-b575-9f514b41243c,d34b060e-017b-49ea-9759-256fc37cf712,7945218.528723484,7945218.8903688425,7945226.40752246,3234,200,0.36164535861462355,7.517153617925942,176
67703aa0-da17-4049-88eb-dd45ea856d28,20907513-6f2b-4ea5-a652-4c331e561f4b,7945215.528352603,7945216.070706284,7945226.4732353315,5858,200,0.542353680357337,10.40252904780209,160
dc256c84-c4e4-4684-a75b-29c653f3c9d5,324bc838-7707-4b3b-9817-27416b426688,7945220.528973241,7945220.962750055,7945226.5841134805,3066,200,0.43377681355923414,5.621363425627351,192
eb9f4590-34eb-4b0a-8554-5028140e98d4,77ecd2f8-2c5b-40e7-8853-fab3892fb6b8,7945210.528472204,7945211.246365429,7945226.798341207,1013,200,0.7178932251408696,15.55197577830404,176
096d2061-38ad-49d9-8f57-3eca59651392,ae582ed2-5d57-4268-9b43-dbb1599f2f2e,7945219.527992471,7945220.515411072,7945227.090387739,5978,200,0.9874186012893915,6.57497666683048,192
40eb92c8-3952-4988-ab0d-a84f832a87b7,bde9bed4-c70f-455d-8fd2-f39ccda69523,7945219.527995987,7945220.37596982,7945229.007748857,3985,200,0.847973832860589,8.631779037415981,224
951db9ba-73b1-4eac-b053-594ab6666df0,62595158-86b4-40e0-8d5a-9ded0e5cee64,7945212.529547355,7945213.752097533,7945229.136910865,5172,200,1.2225501779466867,15.384813331998885,192
de055e39-7b1f-4770-8aaf-e945e8fc1734,ca9b1101-a4d6-40ac-8444-bee1d846e616,7945212.529556177,7945213.750444916,7945229.135549987,2571,200,1.220888739451766,15.385105070658028,176
a747eef5-77cb-48eb-bdb4-bd8c41999e59,5b0f91ce-6b7c-4bc1-acfb-82cdc77c12e4,7945212.529561401,7945214.35026665,7945229.16256125,5841,200,1.8207052489742637,14.812294599600136,176
2398ea0b-c706-47af-b67a-5edcf78f3f8b,9fb69ac8-e201-48cf-b4e0-d53568cd2467,7945212.529537333,7945214.356452811,7945229.168710255,2293,200,1.8269154774025083,14.812257444486022,192
0428924e-e118-42e4-9934-d181de2548e4,855cfa0b-6ef0-46a5-98e5-c44eaa5c8887,7945213.528242255,7945214.9717101585,7945229.194390047,4124,200,1.443467903882265,14.222679888829589,160
deec16ad-4afa-4013-8f62-b76fa6e09608,9552ccb8-8983-4719-ab6d-cf869cb79834,7945213.528239538,7945215.596950652,7945229.224599954,2353,200,2.068711114116013,13.627649301663041,256
77d0eda8-4afe-4d99-83a0-41756df91af0,9e2c7f27-a157-4e4b-82b4-24e34cf1fbec,7945213.528236944,7945215.601019595,7945229.227556073,5825,200,2.072782650589943,13.626536478288472,160
602c577a-977f-4dac-9310-09cb4914dc4b,05f18dd3-d731-4573-953a-a6c272aa8cf9,7945214.528535205,7945216.152753616,7945229.254331304,5041,200,1.6242184108123183,13.101577688008547,224
8f81f00e-e6e1-4116-88c6-aa37f0116e66,1575202c-bfcd-45da-9903-c9fdd972a941,7945216.529054363,7945216.924117217,7945229.622591743,3911,200,0.3950628535822034,12.698474526405334,272
ab5c5ba6-aac4-421f-bf7c-405d525ce231,cf7c3d83-83e4-4fc8-be78-554c3fa39f5d,7945216.52906548,7945217.361511485,7945229.637949448,5871,200,0.8324460042640567,12.276437963359058,176
346566a2-4d57-44fc-b663-f38c2c6aace9,b1a107e5-26b6-4a74-ba8b-676af9f9f856,7945219.527998234,7945220.213780902,7945229.641778454,6681,200,0.6857826681807637,9.427997551858425,192
db771c71-db27-4a49-9d3b-a4a06534b769,147401e5-877c-4c81-b178-b6e62000b1ff,7945220.528963104,7945221.2914899215,7945230.007220635,5739,200,0.7625268176198006,8.715730713680387,160
ca71447d-0aee-4e21-b680-ae88afc272aa,61f803a7-3498-4de6-a1a2-6d57b33743fa,7945221.527963563,7945222.101252316,7945230.388840612,5932,200,0.5732887526974082,8.287588296458125,176
5999b11d-d8a8-4bf4-bf6d-cebad8efe8e3,c11d6802-d0ee-4c6c-bec7-507f0b2efb7d,7945224.528042093,7945224.938549301,7945230.615930802,1884,200,0.41050720773637295,5.677381501533091,288
8e1312c4-e010-478e-b877-7c732f0e58fd,5d225bf1-f779-4530-b051-0511453c2e89,7945220.528980157,7945221.285915591,7945230.866206707,5862,200,0.7569354334846139,9.58029111661017,160
fde55a2f-6bc2-4493-be68-3186bd07b579,523cf851-150b-4543-b998-da49db159ce3,7945220.52897726,7945221.599156839,7945230.892573851,5845,200,1.0701795788481832,9.293417012318969,224
65b20e15-6ccc-42be-8980-5cbe2dde1d9c,c2c054ad-b012-47b0-9399-472e2409b536,7945218.528720848,7945219.111206602,7945231.31855007,2365,200,0.5824857540428638,12.207343467511237,2352
c230ac26-3dbc-4b61-84d7-5a3ba835113e,8f48cda5-2fd9-446d-be71-16b2308c96fa,7945223.528137623,7945223.82884613,7945231.402877133,2521,200,0.30070850625634193,7.574031003750861,160
2a71e301-dca5-4d06-b916-c743fbd5f4e1,d875ab4c-e40f-4a24-b679-a7d04407f68d,7945224.528045769,7945225.091802311,7945232.608509991,425,200,0.5637565422803164,7.516707680188119,160
2453a393-6eee-4559-93aa-4c6a6c7766f5,714a03ba-cce9-4afc-baa0-4c9d25f06db5,7945221.527974027,7945221.781571459,7945232.898406008,2654,200,0.2535974318161607,11.116834549233317,192
ad8202c6-3be6-484a-a9ac-afd95bd3f47a,49a6c2d2-5263-4b00-a0a0-87b111b6ea71,7945219.528012067,7945222.502707561,7945233.453858945,5822,200,2.974695493467152,10.951151384040713,176
876bed2f-aeea-4d13-8600-991a952e78cb,14247eaa-84dd-4234-8d17-c164f5ae3af5,7945219.528008851,7945222.505618846,7945233.458979474,5940,200,2.9776099948212504,10.953360628336668,192
5b6f827a-f229-41ac-aa05-184c10ef8536,4d09ec06-e452-46e3-b7b3-e10e6c75e0d1,7945227.528446941,7945228.288799932,7945233.484957068,5829,200,0.7603529915213585,5.196157136000693,224
d628d997-6682-4fc6-af10-c8c1cf1908be,73515c88-7aa9-4cf1-9314-b1478a657937,7945222.52852016,7945222.825761534,7945233.596401028,2458,200,0.29724137391895056,10.77063949406147,288
15adc232-4661-44b6-b082-1868f2169832,91d75233-c614-4ff4-a23b-d5a49411e712,7945224.528053208,7945225.063593424,7945233.822294397,5753,200,0.5355402156710625,8.75870097335428,176
353b7da9-96ad-4a54-8f06-36145a7115c2,1b2cc5da-e2ec-4ec1-8fe4-ec4f1173369f,7945223.5281336,7945223.701413621,7945234.230988304,781,200,0.17328002117574215,10.529574682936072,192
65b406e6-fbca-465b-814e-e0300f4794d1,170ea2c4-4d14-40fc-b37c-ea5faa943e4e,7945223.528124597,7945224.843658862,7945234.282922113,5961,200,1.315534264780581,9.4392632516101,192
1044c804-5864-443d-ba34-46443c14caa4,abf579d0-bec5-4e6b-826a-8905fd77fdef,7945228.528573542,7945229.499508499,7945234.582434092,5790,200,0.9709349572658539,5.082925592549145,176
5ff847f2-d623-4740-81b3-98c7a01f4a24,561427d8-2917-4668-bb9f-e29ea68c80af,7945225.528013034,7945225.663878699,7945235.464431674,2763,200,0.13586566504091024,9.800552975386381,2704
8fb525b9-5898-47c5-a59c-a1a173741773,5390fef7-9059-4a26-accf-0da213772707,7945224.528011597,7945226.348738779,7945235.479914004,907,200,1.8207271825522184,9.131175224669278,176
81aba60e-90c1-46b2-b288-83d293fa5268,e55e94f9-5c3b-4051-818f-7257c39eb380,7945224.528032934,7945226.349536491,7945235.4817583505,2227,200,1.8215035563334823,9.132221859879792,192
49b28b60-1aa8-4968-967e-f4f8b1f70167,77703f86-e0e6-4d10-8c82-ddcb391c93b0,7945224.528038695,7945226.799501638,7945235.503568665,5850,200,2.2714629424735904,8.704067027196288,192
c2cab1ec-084f-4cc1-9542-19738985764d,35263c7a-afdd-4603-a04c-dfa1749bc114,7945226.528249261,7945226.934301359,7945235.52697825,1488,200,0.4060520976781845,8.59267689101398,192
16a77ef9-da64-4b45-a7de-ec522b598f12,06e11099-e772-4209-bc45-ae572a9bbff2,7945227.528431337,7945228.513366503,7945236.04733787,5830,200,0.9849351653829217,7.533971367403865,192
2036d616-427c-4a85-8e5d-b427594ee18d,8fd022b6-2a29-403d-b62f-25b9e4f8498f,7945228.528593669,7945229.746662176,7945236.178445916,5909,200,1.2180685074999928,6.431783739477396,176
7a5c33f2-b1dd-4722-b57e-29f176a9fc87,9a534a9e-501a-40df-83f4-624c8d7b5e03,7945227.528458139,7945228.7511041835,7945237.209311904,4943,200,1.2226460445672274,8.458207720890641,192
7711dcd0-418b-4817-8b4b-3120e09f14fa,d9fd7ec2-2f99-425f-9c69-93f6d7f2fea8,7945225.527995271,7945226.193905532,7945237.299648444,2010,200,0.665910261683166,11.105742911808193,176
26df014a-2900-4212-baa6-699d39211c86,e603b232-a222-4e33-a897-946069d6b4f3,7945227.52844289,7945228.986220897,7945238.367994496,4028,200,1.4577780067920685,9.381773598492146,160
6c4fe428-5945-4487-b881-729ed8fcb1f8,2c04ca06-6ffe-4a2c-81be-67ab83b10777,7945227.528454705,7945228.029919916,7945238.3829722395,4308,200,0.5014652106910944,10.353052323684096,176
b9cee011-ed7e-45e8-b844-639a6e7bf83f,762e40fb-aa89-4998-9dd3-5b22bcf87c95,7945227.528450453,7945228.030985772,7945238.385574382,4248,200,0.5025353189557791,10.354588610120118,4192
15ed2cf2-f9b9-43a8-a4b3-b8f499ff79f6,b19269d8-f5d9-4850-9457-822d73453cd4,7945228.528586721,7945229.286635755,7945238.395169444,423,200,0.7580490335822105,9.108533689752221,416
542d91cb-226f-4d5d-929a-f8f26a5d3b95,b364d444-8745-4600-b91f-aad78b2bad15,7945230.527876459,7945230.71553441,7945239.162184243,2010,200,0.1876579513773322,8.446649832651019,176
b077a404-1879-4e9c-8fb3-d140a414619f,c06919a8-a2b9-49b8-b076-7345f66f0757,7945228.528590145,7945228.834866475,7945240.115183744,2971,200,0.30627633072435856,11.28031726833433,176
572eb3e5-fd9a-4d61-ad52-37e264843995,d2fcae66-11a4-4459-8eca-43e7e9d45137,7945229.52882613,7945230.054685643,7945241.36491808,5926,200,0.5258595133200288,11.310232437215745,160
579f4c80-4a8d-4470-9889-2cb953e55ecb,3075185c-4dfa-4e5c-a7a2-6f798eac7aaa,7945231.528344016,7945232.059932865,7945241.567237688,5827,200,0.5315888496115804,9.507304823026061,160
91c934d2-bd64-48d1-a32f-a9072f3b66a8,f192fa26-d719-4b35-8094-0a3b2eaa4693,7945231.528350236,7945232.085502283,7945241.583019982,2800,200,0.5571520468220115,9.497517699375749,2784
03f7395a-ef96-43e1-8385-7aff7374abad,b8b38176-4a60-45d2-9c93-9a5df29c8bb0,7945229.528806894,7945229.651006476,7945241.915467473,867,200,0.12219958193600178,12.264460996724665,768
81c5fddd-9644-465c-8a22-9fd1654c72b9,cb76f2a0-8cab-45da-a588-c560bc78002a,7945229.528820334,7945229.814617297,7945241.971288721,2379,200,0.28579696267843246,12.156671424396336,176
3baded13-6666-4228-b04c-4c6fa5fbd66d,4693a909-b4f2-426b-a04f-81bb13685c3a,7945229.528822938,7945230.420177251,7945242.001195425,722,200,0.8913543131202459,11.58101817406714,176
29a88036-e50f-4e7d-b1ef-338aa087b765,eb35ac2c-de06-4a24-85b2-5209248fff48,7945231.528335374,7945232.003328264,7945242.085591859,3937,200,0.47499288991093636,10.082263595424592,192
e1414978-1806-4363-8040-8e9c88e466d5,3dcb46f7-1300-4da3-8c29-aabf89508273,7945232.527910046,7945232.615483227,7945242.26721827,882,200,0.08757318090647459,9.651735043153167,160
2c9977ac-da53-4b6d-a512-333ecda1c2b6,7667f33b-b26c-45bb-93e7-f88a17c26604,7945233.528614944,7945234.0150978975,7945242.537161176,5692,200,0.4864829536527395,8.522063278593123,160
d9c10057-1e48-4bd7-89d2-fd3f03738a39,14d09ab1-04f7-48d8-abb4-ce15448bcdb5,7945233.528601374,7945233.627189196,7945242.809454047,744,200,0.09858782216906548,9.182264851406217,192
f4350aad-3242-46c2-9699-1c86b7b71da2,26b9f4f7-be2d-4bfa-af30-f2f8fe9a8251,7945233.528611389,7945234.304369963,7945243.409825436,3119,200,0.7757585737854242,9.105455473065376,176
fa04a339-e0cf-48f0-bec7-f26fe4fccc9e,dce9acc2-6cb3-4a0d-a588-167463328340,7945235.527816397,7945236.308131535,7945243.42547782,3711,200,0.7803151374682784,7.117346285842359,176
b94dccc3-9623-47f7-bb67-a38ac7c81eec,11be3da4-66ba-4d1a-ae13-d0717669c0d9,7945235.527824465,7945236.567729179,7945243.4458354525,1607,200,1.0399047136306763,6.878106273710728,160
ef6acfbb-fe18-4148-a1bc-b6baf391bfb0,a2c6b025-8405-40ba-9edc-7f994137e8e1,7945235.527822109,7945236.568039525,7945243.446656672,5978,200,1.0402174163609743,6.878617146983743,160
7db54c83-4dae-4e02-9b5e-63f80f78d09d,13da331e-a394-440f-8413-c59aeafdd460,7945236.527955766,7945236.816714685,7945243.510352672,2775,200,0.2887589195743203,6.693637986667454,176
d3e597ab-02f1-4753-aca3-d40976d78272,da55340d-09d8-43b2-887f-e4295230324f,7945235.527810726,7945235.825669762,7945244.038659668,2141,200,0.2978590354323387,8.2129899058491,192
e02f3e91-2132-4601-9f5a-01e581da7273,7d316ad7-e481-43b7-9d2c-7f56c6a5d7e3,7945234.527814706,7945235.040123258,7945244.126265122,5951,200,0.5123085519298911,9.086141863837838,224
fe6bd17f-f664-4706-8150-f34961fe9f83,db2464c6-7136-4f5a-a354-23f360505371,7945236.527970463,7945237.060274152,7945244.688274823,5861,200,0.5323036890476942,7.628000671043992,224
670cf930-4bba-4e67-87aa-63de23195918,f382aa20-e786-450d-9179-e1aac0aec065,7945234.5278265,7945235.012307989,7945244.909542736,5933,200,0.4844814892858267,9.89723474625498,176
0dc45ac7-230d-4d23-b822-866101d63565,1e13717b-a37d-4356-b6e3-5327260b16ec,7945234.527829655,7945235.329793982,7945244.934993758,4034,200,0.801964326761663,9.605199775658548,160
8a0ec531-f35a-4a6f-a643-7b3a2669dca5,1163fdf2-5a7e-47c9-bc90-8d77fad2c6ef,7945237.52877996,7945238.016771895,7945245.147652393,4960,200,0.4879919346421957,7.130880498327315,176
a5566033-db2b-4126-9809-38c59be41e7a,b120f9f7-7f22-4cb2-b7c7-00a9937eef78,7945238.528122627,7945239.119807023,7945245.430159828,5967,200,0.5916843954473734,6.310352805070579,224
25aa5bf8-02c3-43d9-8590-b7271f82e51f,19af37dd-93d9-4ad9-a0e5-118deaba9abe,7945236.527973186,7945237.372892169,7945245.52902977,5897,200,0.8449189830571413,8.156137600541115,160
d5bd91c9-71a6-473e-8097-fb56d7b02699,55ebbaea-befd-4729-86a7-f7b298aa4e87,7945239.527858787,7945240.239389876,7945245.799675626,5703,200,0.7115310886874795,5.560285749845207,160
3be72c42-1ba7-4a53-96fb-0a34347e382d,8f7977c9-2f9f-49d2-9103-2227a9f2d728,7945229.528816871,7945229.892250844,7945246.25173113,3850,200,0.3634339729323983,16.35948028601706,160
598a5148-2046-4455-8d77-934e53f87256,30e43b06-452b-49f8-88bd-4911b1a3a15d,7945237.528775679,7945237.822559463,7945246.342960639,2883,200,0.2937837839126587,8.520401176065207,192
4ad8090b-b61e-4d5a-ae11-1d61acc20419,416527a2-a792-4e13-a9b8-1130c26752bc,7945236.527964284,7945237.535708192,7945246.5310916975,6041,200,1.0077439080923796,8.99538350570947,192
9985544d-8161-4d14-9426-a1a07e1791f0,92c5bb60-fa3b-4201-8506-da490ee69f6d,7945238.528131514,7945239.111294676,7945246.796980406,6711,200,0.5831631617620587,7.685685730539262,160
617470e7-9497-4450-afac-b996d800ed02,6b133b6c-ba2d-411c-8bc3-58c6ce9424fc,7945237.52877039,7945237.809161965,7945246.930628569,2292,200,0.2803915748372674,9.121466604061425,176
5e9543a2-ca81-4139-878e-53e56ae33d83,665029e2-3b95-45da-b4e2-925fa0e68c62,7945236.527967792,7945238.252949723,7945247.269733313,5808,200,1.7249819310382009,9.016783589497209,176
1cb1aee8-b1c0-4f45-868e-6ffed4a26a0c,63942722-5e62-407d-aa66-e9b53f9369a4,7945239.527875381,7945240.026210824,7945247.282230022,5770,200,0.49833544343709946,7.256019198335707,176
6500880a-6451-43fa-a36f-8234edf421bd,c0bbe934-0e33-44cb-bfb0-1a493fc3290b,7945238.528117855,7945239.44020316,7945247.3164818175,2003,200,0.9120853049680591,7.876278657466173,192
8ee6f13e-2b88-4d2a-a65b-f7f9e3a0e1f3,7e26fb2e-ff9e-4c44-9abf-7453e7c69fb2,7945238.52812689,7945239.439138149,7945247.316089139,4937,200,0.9110112590715289,7.876950990408659,192
831e920e-d392-4976-9f7a-546296440907,fe69d8b1-d549-4502-8e51-ef1920816f45,7945238.528104554,7945239.45317655,7945247.404144793,5192,200,0.9250719957053661,7.9509682431817055,224
c34237e8-bdb9-40d8-81eb-d698dc9ba1a0,3c85a765-4063-4b71-9147-47f287172897,7945239.527878184,7945239.897086681,7945247.489916202,3735,200,0.36920849699527025,7.592829520814121,192
fae3faca-a2a3-4d51-8952-f5dd76efba3a,83a4f7a2-3414-41cb-b62b-13828711c3e3,7945239.527872915,7945239.921755712,7945247.558047378,4171,200,0.39388279616832733,7.636291666887701,160
085ea331-6ae3-4732-9525-2aaf2bcb0352,3bc8a356-3e30-4ac9-8263-e41522576a6e,7945240.527994467,7945241.759451021,7945247.8330906,5712,200,1.2314565544947982,6.0736395781859756,160
1a59139a-230f-4753-a32e-754746d2dc75,08603ce6-483c-4fd0-9d65-4b6051d47dda,7945240.528011664,7945242.18662184,7945247.852776595,3966,200,1.658610176295042,5.666154755279422,160
f6ae36d4-3701-441b-9160-e6767b7a40f7,b455fe72-17a5-469b-a590-c965280aa83b,7945236.527976867,7945236.916009301,7945247.906987914,1229,200,0.38803243450820446,10.990978612564504,192
d5a462c1-b616-4d1f-bf17-54ff5e797ee7,36956ffd-e024-4f95-b862-07f8f3ac4f72,7945241.528037176,7945241.697486102,7945248.401475186,1626,200,0.1694489261135459,6.7039890848100185,160
9e2a411c-ebc5-48cd-9750-3e12cca32612,3ba7797a-2ac8-4a86-b503-441614c8deec,7945241.528040384,7945241.858342197,7945248.421682808,2459,200,0.33030181284993887,6.563340610824525,192
9747a566-7570-4b4f-9f21-f992095ed091,359231d7-6b15-49b2-ba8a-a015bee5f927,7945231.528323779,7945233.071057515,7945248.760461018,5450,200,1.5427337363362312,15.689403503201902,224
86c5b4ca-d65e-4976-aa89-76e7a1c6a0fd,0abd24c4-2550-4a74-9b24-ebefa10c413c,7945231.528340193,7945233.069527663,7945248.758838612,4890,200,1.5411874698475003,15.689310948364437,160
baaf6d9a-260c-406a-98e6-403fd2f48efe,762e40fb-aa89-4998-9dd3-5b22bcf87c95,7945241.52802071,7945241.619664389,7945249.084409902,4294,200,0.09164367895573378,7.464745513163507,4224
4af36c5e-200a-4747-8d41-0f081b9e4521,e91d0ed4-885a-4a60-b5f6-5b3563d19f21,7945241.528043198,7945241.915295005,7945249.107083131,4206,200,0.3872518064454198,7.191788125783205,176
024d5a5b-0cf4-4e1a-9ed9-81d1fe8a1b2b,aef23cb9-de90-4c2c-999e-8d56eb9b8b92,7945231.528347461,7945233.643864826,7945249.36629975,2934,200,2.1155173657462,15.72243492398411,992
fe8a97e5-da78-42b7-92ef-4485c05bffa1,75236e90-e480-4cb1-951f-e15b3465f8a4,7945243.527829184,7945243.981283286,7945249.409079751,4693,200,0.45345410145819187,5.427796465344727,176
209cfea7-85ef-40fb-a1d5-cc922da0f1c4,6a7cdf06-d078-4a3c-a49d-aad13f7aebc6,7945239.527869574,7945240.672643614,7945249.898011423,2625,200,1.1447740402072668,9.225367808714509,176
b8840245-1a73-4f9b-8aa4-be8e6d6b96e3,6cbadc19-5c60-4557-9e0f-40b5e94fa44d,7945244.528636862,7945245.415241414,7945250.1991805695,4714,200,0.8866045521572232,4.783939155749977,176
75ae8762-9f02-489a-bc13-65098791844e,1cbbf0dc-9d4a-453c-9ebe-55e97bcab6c1,7945243.527849031,7945244.0035850415,7945251.089781161,4552,200,0.47573601081967354,7.0861961198970675,192
1776343b-e12e-49ee-a5c2-c373a4e516ac,7cc37c50-680d-4f9f-bab0-217033306a3d,7945243.527816739,7945244.448295325,7945251.282954092,4863,200,0.9204785861074924,6.834658767096698,160
ba5b2780-8d07-4882-91e9-16274ecd559c,b4b1bac4-6c71-437c-9c73-e02f18428429,7945243.527833842,7945244.445653448,7945251.281700291,3158,200,0.9178196061402559,6.836046842858195,160
2fdda423-12d0-42e3-b14e-3c18215e7062,86ea5c7d-886e-429f-82a7-678f68526718,7945235.527819543,7945236.692293839,7945251.602989352,1969,200,1.1644742954522371,14.91069551371038,160
b8c3fda1-3313-443b-845f-106f0e16fec8,d255caec-ea5a-4101-b7b8-6297e1ff4298,7945235.52782718,7945236.690817027,7945251.601705469,3591,200,1.1629898473620415,14.910888441838324,224
1603e28b-84fc-4e24-ba0c-3e5301f5a851,a780aaa3-d43a-44f0-b001-07e8681401fd,7945244.528647312,7945246.010653873,7945251.63520563,5766,200,1.482006561011076,5.624551757238805,192
8a125690-cb56-4966-a9cf-d22cefe1b313,d7cb5386-ae68-4dcc-b88d-e9ecef717347,7945244.528643766,7945246.011143176,7945251.635956543,4640,200,1.4824994094669819,5.624813366681337,176
d4f0d819-c486-4c1a-97e2-b97f163213ee,edd89379-d2c9-4ac0-ad26-9773566c427c,7945243.527841867,7945244.723896358,7945252.17686697,5898,200,1.1960544912144542,7.452970611862838,176
dca91099-b78d-470e-a715-9980ac813807,3ce39b5f-5799-4fcb-89cc-2113064e6eff,7945244.528650551,7945245.482110307,7945252.219649674,5817,200,0.9534597555175424,6.737539367750287,160
b44be7fd-d79e-4f22-ba3a-9a1ef7db9f44,4c037fdb-ceaf-4952-91f5-c490b8f88170,7945245.528061178,7945245.796410921,7945252.327887734,2752,200,0.26834974344819784,6.531476813368499,176
33712e6f-39e4-4f1c-aa3b-fd73649f531d,3ec42cc0-16b5-425a-b54f-f63fb20bb4d2,7945245.528073196,7945245.669693538,7945252.448654376,979,200,0.14162034168839455,6.778960837982595,192
c787db83-11dd-432d-a588-a6b9379c50e0,e3581f64-96f8-42a5-a501-06b5a508c8d5,7945242.527982655,7945243.059611643,7945252.600293615,5650,200,0.5316289877519011,9.540681972168386,176
194e7651-04ee-41c6-8f8b-d03a46e9451a,2d87254e-3945-44ac-adee-a0c944773c8d,7945241.52803072,7945242.106299981,7945252.757372316,5447,200,0.5782692609354854,10.65107233542949,192
95f76366-90bc-4304-acf8-a0aaa0eb7635,77ecd2f8-2c5b-40e7-8853-fab3892fb6b8,7945246.528912285,7945246.664868813,7945254.056545383,1172,200,0.13595652766525745,7.391676570288837,176
ebb104f2-aa29-4ca9-b036-21bbe7e7ec38,77b4ae52-f6c1-41d1-91f1-b68909c594f4,7945243.527837744,7945244.244000832,7945254.23517104,4618,200,0.7161630876362324,9.991170207969844,160
de52afb8-d4c5-4e8d-b68e-679788575046,1ebf3586-8bf2-4460-942f-3639b265c013,7945243.527845463,7945244.411575118,7945254.259279772,5912,200,0.8837296552956104,9.84770465362817,176
cfc968b6-61f0-4ab0-b744-2ad5f7998e25,a04b1a84-2bde-40ef-bdf8-601acf7aecfc,7945244.528625326,7945246.348561924,7945254.49111202,5855,200,1.8199365977197886,8.142550095915794,192
d6a2b5e7-5d42-447e-81b8-594c477408e7,8dddb25d-fe37-459d-ae01-c8d859fd69da,7945237.528758573,7945238.071062163,7945254.500390714,5820,200,0.5423035901039839,16.429328550584614,160
61820d13-66df-483c-83dd-4760d9ca0ccf,211e1142-f3f9-4f09-a1ef-cc9c6ba3f927,7945244.528640605,7945246.877976192,7945254.51359411,5845,200,2.3493355875834823,7.635617917403579,224
4ec08f59-f220-42a0-9d77-47eb381a40a4,c25d9c7d-1328-413d-8627-ce51dfec2736,7945248.528486419,7945249.057542404,7945255.220786045,5363,200,0.529055985622108,6.163243641145527,176
020820a0-fed1-49db-813c-dd7a4f745188,aa0e450f-c390-4bae-8408-889b25d21c5a,7945238.528135776,7945240.622733013,7945256.304339613,3231,200,2.0945972371846437,15.681606600061059,256
fafcb8a5-595a-45a5-bbe7-93d23bd68f17,5fde618c-9f1a-48cd-afa8-1bdaa7ac6a87,7945244.528654234,7945245.14722015,7945256.322097467,1883,200,0.6185659160837531,11.174877317622304,192
5c9fda45-36fb-4887-a6bc-76e05e6a0316,c1905d2f-313a-45a4-832a-0b436c40d267,7945249.527973501,7945250.050351124,7945257.335489079,5939,200,0.52237762324512,7.285137955099344,176
d40a80bd-be2e-412c-b79b-4917852296e1,48cd51af-72e3-456a-bb36-8a6614305c06,7945250.528459796,7945251.032995012,7945257.362641503,5961,200,0.5045352159067988,6.329646491445601,192
bb806516-2cf0-4341-b072-b78f083b5c9b,73515c88-7aa9-4cf1-9314-b1478a657937,7945249.52796352,7945250.440891346,7945257.429691483,2484,200,0.912927825935185,6.98880013730377,288
2f6c57d0-a633-447e-8d71-e6557911ea7f,0f5453ee-72f3-457f-ac7c-5c04a0c6126f,7945249.527954204,7945250.44227293,7945257.43196562,3674,200,0.9143187263980508,6.989692689850926,224
543411ad-28ee-446e-93a8-77f77061aef0,9a534a9e-501a-40df-83f4-624c8d7b5e03,7945249.527970621,7945250.440499147,7945257.431071992,4943,200,0.9125285260379314,6.99057284463197,4928
d03d9bad-f299-4b5c-a760-31dd918b3535,b983d827-0d38-4308-847f-1f3af4f8a8f4,7945250.528446753,7945251.118557557,7945257.775800898,6760,200,0.5901108048856258,6.657243340276182,192
7f2ec4bb-6992-45ce-8c9e-f16db0aee462,a488bf89-d0ea-4c7d-bb1c-a03b6f9a4b3c,7945249.527967123,7945250.1978843985,7945258.169815299,5817,200,0.669917275197804,7.971930900588632,192
452907a2-e939-499b-b7c1-84c03c1333b8,6bbf67fa-e3a7-46a6-9cbc-3a9054443916,7945245.528069493,7945246.202994625,7945258.44686327,5813,200,0.6749251317232847,12.2438686452806,176
26a30f14-bf94-4569-9ce9-ccb67ffb4b5e,4a5518fe-1784-4114-80fa-356bfad60371,7945240.52800861,7945243.338349855,7945258.813037082,6129,200,2.8103412445634604,15.47468722704798,192
0d9f0a4f-0b15-4905-b4d6-2ddfba51b6a7,d16e0e45-06c4-4ed2-85f5-8fedcb70659b,7945251.528016596,7945251.729868494,7945258.855696476,1844,200,0.2018518978729844,7.125827982090414,176
1f4ce654-fcf9-46e4-87dc-11dbd9663e86,ef439dfb-7515-417c-922b-b929d1395933,7945251.52801372,7945252.223990841,7945259.523309142,5261,200,0.6959771206602454,7.299318301491439,160
329a0d98-bdfe-4b6a-8574-e6c4a10b2eeb,8a57ee32-2494-4e73-9af9-4fd56f0ccb67,7945252.528040301,7945253.4365429,7945259.568146791,2460,200,0.9085025992244482,6.131603891029954,192
ee86f68c-a1da-41af-8eee-0dbcf15439a9,193369c0-8703-46d7-a33d-c5d2dc2cfa85,7945252.528027274,7945253.436622848,7945259.570623423,1449,200,0.9085955740883946,6.134000575169921,192
98d55484-2060-42d8-a66a-63a7220485c1,b3d05f53-c62c-4e2d-9de2-828fbb6e8a11,7945252.528036804,7945253.92477715,7945259.590905148,4462,200,1.3967403462156653,5.6661279974505305,160
5cbb3d8d-7fe4-439d-a64f-08d1dcd7f8a7,70947ba3-d4c1-4b93-81e7-4db84122b195,7945252.528048628,7945253.123954739,7945260.095624508,5648,200,0.5959061114117503,6.97166976891458,160
d01cb51e-d899-4e0f-912d-96bdc9e5042e,0bfcbe81-4f79-46ce-9ef9-d330b9b3516c,7945251.527994586,7945251.900269311,7945260.2777658375,3800,200,0.37227472476661205,8.377496526576579,192
d8d07666-6e19-4506-8b59-a1f3aec4f305,d922863e-4720-4a3c-8e68-e41a455f1826,7945252.52805463,7945252.882268337,7945260.5704447115,3197,200,0.3542137062177062,7.68817637488246,192
e8ff15d1-e4b7-40d5-8338-06e5eb51102a,92614048-780c-4c63-ba8e-4be26713e9a3,7945252.528045602,7945253.077148365,7945260.614100549,5911,200,0.5491027627140284,7.536952184513211,224
b9a3fa02-e7e8-4ff7-b6c9-7eba7593d663,811ec005-f8b2-46c0-859b-02dafcd283db,7945253.528563521,7945253.691242044,7945260.830573007,1555,200,0.16267852298915386,7.139330963604152,176
58fc3516-a42b-4b7f-80c4-b9efb612d2e6,3e079306-9bd9-4ab5-ace0-9e2803e63a19,7945252.528043113,7945253.651952927,7945261.107874552,5861,200,1.1239098142832518,7.455921624787152,160
0c25623f-7429-49aa-940a-46eb1d19683e,1a8c236d-cb3d-4a7b-80ad-b43d1c9d951a,7945254.528608998,7945255.180503555,7945261.738340497,1593,200,0.6518945563584566,6.557836942374706,176
8e31ef0a-6a3a-4859-8d5c-bb5224e134f5,aef23cb9-de90-4c2c-999e-8d56eb9b8b92,7945241.528033892,7945245.965975781,7945261.890727511,2950,200,4.437941889278591,15.92475172970444,992
b6397302-b0c4-4d70-93a5-ee4a67df4665,2fecaf00-3c56-48e0-83ff-cc62525208a4,7945254.528594916,7945255.1321353745,7945261.900419233,5910,200,0.6035404587164521,6.768283858895302,176
1ce5eabe-4497-441d-b8c1-420fded360ff,4e974b83-27e2-435b-a215-dbfaafd0d373,7945254.528605455,7945255.04985683,7945262.067068793,5766,200,0.5212513757869601,7.017211962491274,176
d4ed50d3-3cb7-4612-bc9a-3b529f6c1f9c,31aa32c7-2f50-4d0f-93ba-956010709197,7945255.52796376,7945256.036016837,7945262.598265863,5819,200,0.508053076453507,6.56224902626127,192
b486c28f-b4b0-4a86-b9cf-dda2aae622b8,324bc838-7707-4b3b-9817-27416b426688,7945248.528496171,7945249.367858218,7945263.629164396,3265,200,0.8393620466813445,14.261306177824736,192
a8135023-c490-4bb6-9e08-b221e3dc55b2,64a20523-1b43-4e3c-9c70-a85cd41be10e,7945250.528456891,7945250.836285025,7945263.98468607,3046,200,0.30782813392579556,13.148401045240462,160
3151094c-cd34-4bd5-99b7-e1eb33c55581,c2c054ad-b012-47b0-9399-472e2409b536,7945257.528132862,7945257.772303811,7945264.111093246,2383,200,0.24417094886302948,6.338789435103536,0
261919de-e3bc-4f42-b39d-3bcffdd7486d,137c34ed-f4c4-4e1c-8b41-6f6574704289,7945257.528112591,7945257.987540572,7945264.134454913,1149,200,0.4594279807060957,6.1469143414869905,160
86850f32-7dac-4413-9803-9cacec340147,08603ce6-483c-4fd0-9d65-4b6051d47dda,7945257.528129888,7945257.645065858,7945264.443325476,4205,200,0.116935970261693,6.7982596177607775,3952
1286c806-980b-4dbd-a9b2-f798302d2da8,fdf1b68d-e7b9-4a13-bf41-bc89f3c46791,7945251.528010244,7945252.192271758,7945264.74165032,5809,200,0.6642615143209696,12.549378561787307,176
2a0b3ff1-09fe-4166-adc3-44abc30c89ca,ef50bb8c-0b38-44b3-a993-569715f5925b,7945252.528051529,7945253.261428144,7945265.12715032,5947,200,0.7333766147494316,11.865722176618874,160
a3d40e0a-eed4-419f-be0c-fa00679bb361,8739206c-6a73-440f-a8b7-7646ba00305f,7945252.528058197,7945253.895324769,7945265.155319272,4456,200,1.3672665720805526,11.259994502179325,224
597e5557-39b7-43cd-9025-4b7f51d01a3d,19c63e55-9c86-4e1b-96dc-a890c7bed47b,7945258.528092384,7945259.385769825,7945265.713061041,5101,200,0.8576774410903454,6.327291215769947,224
fc333102-abcf-4b46-8f83-8b0fc01efce4,e77b53eb-34ca-43c5-a24c-053d3db714c7,7945256.528280288,7945256.941083262,7945266.09549876,608,200,0.4128029737621546,9.154415498487651,160
363be7b6-c5e8-4eee-b6e0-e68c1260e1f5,95cf3795-9731-4d68-989b-eb41f5ae3149,7945256.528290057,7945256.940434125,7945266.094821671,1289,200,0.4121440686285496,9.154387545771897,224
6abd4b87-8533-4118-83cb-f72319f297b3,b364d444-8745-4600-b91f-aad78b2bad15,7945260.528406794,7945261.60623848,7945267.104263254,2176,200,1.0778316855430603,5.498024774715304,176
500fde3d-b21d-4125-878f-ed8f2d0b17ea,abf579d0-bec5-4e6b-826a-8905fd77fdef,7945261.528350666,7945262.002305189,7945268.082937453,5790,200,0.4739545229822397,6.080632263794541,176
acfec86b-6173-44a4-9d25-03a8c9f704ce,28b74a43-9076-4763-9179-b66506d65ff1,7945258.528099147,7945258.76184227,7945268.164074218,2141,200,0.2337431237101555,9.402231947518885,288
e729905c-a955-429b-b1ad-1a70b5f768b1,6a060b93-128d-4e54-a435-0af0dbc0a790,7945258.528095912,7945258.945213305,7945268.1919956375,2350,200,0.41711739264428616,9.246782332658768,224
011698e7-7ed2-48fd-b48f-2f6226207d32,3d9ee3e9-ff56-41f8-8381-1a806193cfba,7945257.528122473,7945258.048949773,7945268.287063002,5918,200,0.5208273008465767,10.238113228231668,192
ee83bf41-6d55-4b58-b573-feec7c15a638,ebba42c8-d541-4401-b45c-cd2f4e131524,7945258.528082009,7945259.14245273,7945268.518847498,4920,200,0.6143707204610109,9.376394768245518,192
20ed8cd3-a521-482d-b98a-efcc50186228,11be3da4-66ba-4d1a-ae13-d0717669c0d9,7945262.528209125,7945262.70920256,7945268.524429184,1607,200,0.18099343497306108,5.815226624719799,160
2fba17af-d517-4675-ae9d-9fd82cc8ae1f,3dfa8085-f583-4ac0-a4ba-0474a4eead99,7945259.528437802,7945259.912567412,7945269.171261987,2390,200,0.3841296099126339,9.258694575168192,224
24e89ace-cc33-432c-a6a4-c1036847b1c1,35263c7a-afdd-4603-a04c-dfa1749bc114,7945263.527925049,7945263.740274931,7945269.576418133,1488,200,0.2123498823493719,5.836143202148378,192
c0e63ecb-5fc0-4cb4-b5ee-ebd435015fe2,c11d6802-d0ee-4c6c-bec7-507f0b2efb7d,7945262.528195022,7945262.716547498,7945269.964114211,1939,200,0.18835247587412596,7.2475667130202055,288
6e4b40e7-efbd-472a-b9e2-3f21c0b06d60,b4b1bac4-6c71-437c-9c73-e02f18428429,7945264.528541832,7945264.892053518,7945270.072341945,3361,200,0.36351168621331453,5.180288426578045,3152
ac92d642-5674-4cd5-97b1-8a3cc43757ae,da94db7f-0f1b-4adf-b765-aa75dc6141f4,7945265.528756693,7945266.33808696,7945270.770831847,3601,200,0.8093302669003606,4.432744886726141,224
22f0d5f2-b4de-4ad2-8f55-42e3849b6fa3,55888691-83c7-42d7-9056-f7cf8b677d1e,7945265.528830018,7945266.424846698,7945270.7786736125,5830,200,0.8960166797041893,4.353826914913952,192
e89e4024-feee-41c5-b3f2-94023a664049,1863b02d-565f-4529-bcff-12b00b0b34e3,7945266.52798109,7945266.783334101,7945271.042190664,770,200,0.2553530102595687,4.2588565638288856,160
38ff0572-0902-4c54-96b8-9d05a9182e3a,17ea2373-6630-4649-8ec5-c5b587c94c28,7945266.527999352,7945267.214273082,7945271.055117734,5953,200,0.6862737303599715,3.840844651684165,176
f09cb453-ab20-44e5-add1-89f6ebffc0e7,dbe7dae0-7e52-4085-96ca-11d3ca587eab,7945257.528126579,7945257.634724697,7945271.082859478,595,200,0.10659811832010746,13.448134780861437,160
b7c094f2-42c2-4c16-b021-a2dfe4cf7037,14247eaa-84dd-4234-8d17-c164f5ae3af5,7945264.528553767,7945265.519636282,7945271.246136695,5895,200,0.9910825146362185,5.726500413380563,192
556c67c2-614b-417a-99db-92444515b39e,816aebf7-778f-4221-983d-291c9afa1395,7945258.52810659,7945259.824298262,7945271.566692696,2966,200,1.2961916718631983,11.742394434288144,192
86873719-a925-4425-8dc7-2d9c943423a0,c3f99789-28f2-48b0-8ff1-92f4b8f000a0,7945263.527916052,7945264.158389368,7945271.572002012,5909,200,0.6304733157157898,7.413612644188106,192
8acc621b-fbaa-4ddc-b6bd-a8d77adfe0cb,b8b38176-4a60-45d2-9c93-9a5df29c8bb0,7945263.527912525,7945264.294546548,7945271.588477206,953,200,0.7666340228170156,7.293930658139288,176
1b855b63-40cb-459f-8da3-3f4915afadff,762e40fb-aa89-4998-9dd3-5b22bcf87c95,7945261.528339314,7945262.233838773,7945272.369665416,4330,200,0.7054994590580463,10.135826642625034,4272
b94fd9be-c33e-464f-bafa-4d1a6589737c,626aaf56-6bc2-4c8d-a3fa-d89ae97963e0,7945260.528403137,7945262.233274657,7945272.369265551,3140,200,1.7048715204000473,10.13599089346826,256
59abe1ef-4c96-4cbf-b4dd-85a3d4f3951c,60e46cc0-973f-4e1b-a7fd-526b2f43a744,7945258.528102742,7945259.064335853,7945272.449577467,5524,200,0.5362331112846732,13.385241613723338,160
30cc61af-ab8f-4aa0-9f94-4182d65e0523,4194fbf5-4d40-4ef2-9ff6-36979c053da7,7945265.528820004,7945265.816690289,7945272.687977776,2466,200,0.2878702851012349,6.871287486515939,176
fec7f67f-3e20-4fb9-bd1e-5319465e005a,0bfcbe81-4f79-46ce-9ef9-d330b9b3516c,7945265.528800844,7945265.819286397,7945272.690859622,3958,200,0.2904855525121093,6.871573225595057,3760
cdeb3c4a-da19-4e9a-939b-96628c30fc68,e24543ef-8e01-4f81-96d6-3b725d1934f6,7945264.528550747,7945265.157720097,7945273.159266167,5856,200,0.629169350489974,8.001546069979668,176
a5cc29c0-fa3f-4152-ba25-e00102931ef8,d3ee945a-0104-40b5-a827-4620a82f0b1d,7945263.527901365,7945264.212906754,7945273.185666472,5514,200,0.6850053882226348,8.972759718075395,224
55b5dfb5-126f-482f-8b77-ee40bc990c4e,714a03ba-cce9-4afc-baa0-4c9d25f06db5,7945263.527919413,7945264.210429175,7945273.184756217,2654,200,0.6825097622349858,8.974327041767538,192
505e1d81-7f51-4f26-9597-398d7946059d,5390fef7-9059-4a26-accf-0da213772707,7945266.527996579,7945266.950136018,7945273.429136798,1064,200,0.42213943880051374,6.479000779800117,176
d20b5c7e-0309-46ba-bd87-a4ecf80f50f5,c2c054ad-b012-47b0-9399-472e2409b536,7945266.527969058,7945266.955637532,7945273.436379128,2381,200,0.4276684746146202,6.480741595849395,272
73d3929d-dd96-4360-96c9-67d906c6bfa1,d4ecef87-c0ab-440e-b751-94e439a32764,7945259.528444015,7945260.219099681,7945274.431079423,5900,200,0.6906556654721498,14.21197974216193,192
2e493b6a-f933-49a7-8ac7-0d39c02d5627,92efd495-043a-491c-a9d8-1438b337451e,7945259.528450458,7945260.383422533,7945274.459711685,4463,200,0.854972074739635,14.076289151795208,160
1c0ce0c6-430e-4041-9624-00c6d4d8635c,5b0f91ce-6b7c-4bc1-acfb-82cdc77c12e4,7945267.528522851,7945268.095972656,7945275.2828422515,5845,200,0.5674498053267598,7.186869595199823,176
45630ca6-b225-4e83-b43d-196a751deae3,aef23cb9-de90-4c2c-999e-8d56eb9b8b92,7945259.528447051,7945262.504030567,7945275.443238491,2947,200,2.975583516061306,12.93920792452991,992
95556bc8-c66d-4d42-b3b5-8068c392478d,8c4449c9-0656-4caa-85f4-05bc80a54e6a,7945266.527993516,7945267.737672948,7945275.44691657,4566,200,1.2096794322133064,7.70924362167716,224
14565be9-4e6b-4f55-9436-ae5df82be412,f632d663-5e72-4781-b446-6f4a98b1dc1b,7945261.52835468,7945262.563075591,7945275.470417776,2010,200,1.0347209107130766,12.907342185266316,192
9304876e-05bf-4978-8cde-15aba9825fc7,55ebbaea-befd-4729-86a7-f7b298aa4e87,7945268.528018023,7945269.159582197,7945275.931233513,5723,200,0.6315641738474369,6.771651316434145,704
27ce6894-fe41-4263-931b-2757a65e4ced,b1a107e5-26b6-4a74-ba8b-676af9f9f856,7945260.528392541,7945261.109390086,7945275.942132753,6495,200,0.5809975443407893,14.832742667756975,192
a88c377c-ce0e-4810-af89-f40597008f3e,8f48cda5-2fd9-446d-be71-16b2308c96fa,7945267.528511664,7945267.962108202,7945276.016797105,2521,200,0.4335965383797884,8.054688902571797,160
918713a2-590f-4267-9332-2ca637a365df,190510e9-1b94-44f5-895a-8b5e8e0fd079,7945266.527987419,7945267.183573483,7945276.136905187,1345,200,0.6555860638618469,8.953331704251468,160
ca75a9e7-1038-4d22-aa11-76afd2c0a3b7,45c5c4d6-9692-4232-ab31-f918007bc8db,7945270.528558892,7945271.369600079,7945277.342786331,1157,200,0.841041186824441,5.973186251707375,192
c23e4fac-8db9-44ff-9191-8d02a2d71674,c0df23d3-6150-43f7-a770-c020eb5f30ad,7945262.528205678,7945263.058001727,7945278.2671614345,5905,200,0.5297960489988327,15.209159707650542,192
168040e1-2ac0-4668-9f77-bbd5bdc8e872,77703f86-e0e6-4d10-8c82-ddcb391c93b0,7945271.528674033,7945272.046005928,7945278.379387803,5850,200,0.5173318954184651,6.333381875418127,192
00e7bfd5-850b-4452-81fa-b1f7321536b6,e603b232-a222-4e33-a897-946069d6b4f3,7945263.527921935,7945265.263768489,7945278.383961559,4211,200,1.73584655392915,13.120193070732057,176
93631404-c40d-437e-8340-b84631b92a11,855cfa0b-6ef0-46a5-98e5-c44eaa5c8887,7945272.528109464,7945273.231286088,7945279.142188672,4303,200,0.7031766241416335,5.91090258397162,160
c2db1cc7-6954-490d-8d8e-468bad0dca0a,0277ea41-78b9-4729-a215-26bc79fed3a4,7945272.528116907,7945273.229706408,7945279.141101552,3038,200,0.7015895014628768,5.911395143717527,160
2859e348-a0ad-4405-99a8-98bbfe8f8ef3,99cdea42-227f-4187-9a85-5a4c042468f4,7945265.528810882,7945266.491029232,7945279.261297283,3300,200,0.9622183497995138,12.770268050953746,192
90db32e0-3905-461b-8c08-a21e0894793d,2c04ca06-6ffe-4a2c-81be-67ab83b10777,7945269.528593408,7945270.245829447,7945279.347972147,4505,200,0.7172360392287374,9.102142699994147,160
de7effef-ab6c-4078-904e-6779e33c14a6,da76c283-228b-4af6-a640-10f0fa45521e,7945274.528700361,7945274.840622734,7945279.576640807,2298,200,0.31192237325012684,4.736018072813749,192
7ff70b8c-52f7-4e34-bc80-ceb9fa648134,478948cd-8548-40fe-a7ca-229b939a2db8,7945274.528677013,7945274.668431609,7945279.582209896,600,200,0.1397545961663127,4.913778287358582,192
7b4feccb-2e95-44c5-adad-6ee490160d73,d20f32a0-1790-4b0b-ade3-3c0e6d688476,7945266.527984552,7945267.509221152,7945279.583326064,5745,200,0.981236600317061,12.074104911647737,224
f430e467-44f8-448c-a727-65b514c9e0ce,2d87254e-3945-44ac-adee-a0c944773c8d,7945274.528691606,7945275.217780268,7945279.940305974,5447,200,0.6890886621549726,4.722525706514716,192
baed5992-b471-4134-9b34-6da03e1ee75a,7667f33b-b26c-45bb-93e7-f88a17c26604,7945267.528531624,7945268.49171624,7945280.327027059,5692,200,0.9631846155971289,11.8353108195588,160
e8354946-0035-4bcb-8994-d4073fefa4ed,7d500e6f-584a-4533-b9c8-559a656f5752,7945268.528024968,7945268.921830904,7945280.461339807,3768,200,0.39380593597888947,11.53950890339911,192
a265605f-c6d1-47ba-9e5b-60f5e7f9273d,085e0b0c-257f-409a-ac4c-8df0e0ba763e,7945272.528096712,7945272.909311756,7945280.477180259,1105,200,0.38121504336595535,7.56786850374192,160
9f47c846-ad82-47c2-a692-ee66106c75b2,4693a909-b4f2-426b-a04f-81bb13685c3a,7945272.528111749,7945272.692582387,7945281.029682438,722,200,0.16447063721716404,8.337100051343441,176
e48080bc-5eef-4e41-9436-70a1c66430bc,523cf851-150b-4543-b998-da49db159ce3,7945269.528603996,7945270.056419755,7945281.335743646,5845,200,0.5278157591819763,11.279323890805244,224
2a035893-8733-497e-bc93-aef4f6f701c9,20907513-6f2b-4ea5-a652-4c331e561f4b,7945272.528106341,7945273.135870418,7945281.355782448,5858,200,0.6077640764415264,8.219912030734122,160
9b6ff63b-5225-4cc3-83d5-fec97590c888,1ff046d0-e984-4bf9-b242-926f82d0baf0,7945265.528788313,7945266.191662234,7945281.868617836,5851,200,0.6628739209845662,15.676955602131784,192
76bf77ac-5eb9-49d9-a4ab-47e0782e43f2,c1905d2f-313a-45a4-832a-0b436c40d267,7945273.528577724,7945274.293942881,7945282.060081429,5925,200,0.765365157276392,7.766138548031449,176
f7bfbe79-7f9e-4518-94fc-1f6339359f83,001f8798-f5d5-419b-90be-53cd52b1c070,7945271.528685005,7945271.995830911,7945282.289520744,5031,200,0.46714590582996607,10.293689833022654,176
166d2cd0-d7a3-4a33-a004-55d43bb2271e,92cc2d2a-54fe-40c7-8aa5-3427729650ab,7945274.528688467,7945275.047064369,7945282.399035407,5922,200,0.5183759015053511,7.351971038617194,176
bc3cdebb-b72e-485d-a45a-69d43b256a42,ac7f1381-f111-4d18-8740-d17fce20aef7,7945276.528512145,7945276.931808296,7945282.545519804,4135,200,0.4032961502671242,5.613711507990956,160
4b7a342b-7441-4e4d-b338-a7e022045f8a,147fcd8f-cd52-45ac-b342-1144be04281d,7945272.528114173,7945273.7040234385,7945283.177550992,5915,200,1.1759092658758163,9.473527553491294,192
f1edcc12-6062-45d1-aa5b-63d3bb1516f1,db2464c6-7136-4f5a-a354-23f360505371,7945273.528564096,7945274.048389483,7945283.184732708,5920,200,0.5198253868147731,9.136343224905431,224
11585e0f-7c43-40fb-9b10-80d4881e026e,f71e7f02-f524-4287-8f87-55abbb1c5c35,7945273.528574277,7945273.903979778,7945283.200780516,2232,200,0.3754055015742779,9.296800737269223,192
834dad8c-0ed6-44b4-867d-fd88af49244d,6f800154-3d41-4bb5-84b5-53c0e3a2be75,7945266.52799032,7945267.746827149,7945283.7083135815,2246,200,1.2188368290662766,15.96148643270135,224
b5041cff-b10b-4d00-ae8a-194b1c1807ef,bcd520f5-bf67-439a-abaf-7abeaf00ad3b,7945274.528697827,7945275.808445252,7945283.9714910975,5943,200,1.279747424647212,8.163045845925808,192
a47a92ae-0a06-41dc-8597-f84822e1b20f,77b4ae52-f6c1-41d1-91f1-b68909c594f4,7945274.528694616,7945275.809593412,7945283.973767198,4783,200,1.2808987963944674,8.164173785597086,160
74b66a9e-a3db-4b00-9b2b-ab88dabd0919,1ab8217b-4c34-4afc-8bda-d9d5ffc84d51,7945267.52848115,7945267.819831438,7945284.349334735,823,200,0.2913502883166075,16.529503297060728,176
d02eca4f-2da0-469b-9d7c-52424c7499ff,b19269d8-f5d9-4850-9457-822d73453cd4,7945276.528497843,7945277.250032464,7945284.562688871,594,200,0.7215346209704876,7.3126564072445035,176
c6f98e62-ae5d-43e3-8980-08666f9f372c,4c10b736-1d1b-457a-a682-a14f3e43c75e,7945278.528180443,7945278.779531018,7945284.6816271935,2648,200,0.25135057512670755,5.902096175588667,256
ca04fee1-1c3d-4593-958b-0fb6fa8e3abe,da4bd2d2-ba25-48c6-99b9-aacf1e487b3c,7945279.527815013,7945280.079270418,7945285.54455762,559,200,0.5514554046094418,5.465287202037871,160
1c304621-c789-405b-b04f-3e15cf337822,19a9f068-ae9c-4887-ab6f-8a55cb185dab,7945276.528515219,7945277.52299216,7945285.763703198,6465,200,0.9944769414141774,8.240711038000882,192
ee7ce6ec-283e-4f7a-91e5-7f1452fa9f08,634a1cbf-6332-47a8-856d-2257eac7412a,7945277.528874153,7945278.6307075,7945285.879745149,2741,200,1.101833346299827,7.249037649482489,176
4e280093-ad5c-4633-b419-3e69f89c9057,d3b984f1-4463-48e3-98c8-2d606dc9acf4,7945277.52885779,7945278.633115951,7945285.881378769,2315,200,1.1042581610381603,7.248262817971408,256
df1e5096-1a35-41f2-a1ca-5f766b465e74,970a6644-9a33-4797-a2bf-49762e3f02a0,7945277.52887711,7945278.686313801,7945285.897509854,4190,200,1.157436691224575,7.211196052841842,192
6387d039-7c24-4aff-ac9f-ec8ed439c2ed,d403e92e-a296-490f-be3c-863ae9176280,7945278.528169092,7945279.092720061,7945286.454875862,5127,200,0.5645509688183665,7.362155801616609,192
33fd78c1-bcab-4a6d-9f98-040ac36f6d42,4d09ec06-e452-46e3-b7b3-e10e6c75e0d1,7945275.528328497,7945276.689650154,7945287.244353272,5771,200,1.1613216567784548,10.554703118279576,224
ed6ec6d0-1dcf-433c-8391-3a82f0c2d9af,08603ce6-483c-4fd0-9d65-4b6051d47dda,7945276.528517916,7945277.067047469,7945287.269843287,4372,200,0.538529553450644,10.202795817516744,4176
c1abcc3b-1390-4bc3-8b15-362413f648ed,51d7662f-1a16-41ef-8d52-8068171283ee,7945279.527805214,7945280.056895428,7945287.308694191,5971,200,0.5290902145206928,7.25179876293987,160
2c7c2985-2f58-4e3d-ba38-aa00ce75dccb,67d43ae9-637d-45e6-aa28-389bb8c32054,7945270.528555362,7945271.56611026,7945287.502730568,898,200,1.0375548982992768,15.936620308086276,160
c651000a-d5f9-4953-9355-b4c75b658f1a,359231d7-6b15-49b2-ba8a-a015bee5f927,7945270.528544448,7945271.570796022,7945287.510556181,5630,200,1.0422515738755465,15.939760158769786,224
d129528a-3976-4c4b-b439-24437ddfb78e,ccf25f28-621b-4405-a64d-00261fbc847f,7945282.528665043,7945283.122586261,7945287.529847407,5936,200,0.593921217136085,4.407261146232486,192
19bb0e07-5108-4f98-8834-d8c55822c522,762e40fb-aa89-4998-9dd3-5b22bcf87c95,7945280.528481489,7945281.089716673,7945287.936723247,4369,200,0.5612351838499308,6.847006574273109,4304
ce46ef20-de7c-4ad4-8bd6-4bbb5c1156ab,c06919a8-a2b9-49b8-b076-7345f66f0757,7945281.528649919,7945281.827567103,7945288.415479338,3205,200,0.29891718458384275,6.587912234477699,176
7efdf3f2-c822-4bf5-8086-4eb8a53c49a7,56bef7f0-de43-46e5-83eb-74f5c2e1436c,7945280.528483953,7945281.150603896,7945288.577480693,2185,200,0.6221199426800013,7.42687679734081,192
f467c474-87b2-4615-ba26-2e3eedf8037c,dce9acc2-6cb3-4a0d-a588-167463328340,7945280.528474826,7945281.153555904,7945288.581997693,3902,200,0.6250810772180557,7.428441789001226,176
3f539a1e-623b-4655-9897-1449263a1a24,eb35ac2c-de06-4a24-85b2-5209248fff48,7945281.528643889,7945282.325738411,7945288.592501784,3937,200,0.7970945220440626,6.266763372346759,192
3e509f8d-b626-410c-9db6-ac8dc798b646,c6068dd2-a417-4704-8d5a-6ffe70687f29,7945284.528407281,7945284.697589851,7945288.774863959,1715,200,0.16918256971985102,4.0772741083055735,224
65b9e056-bb31-430b-9610-957d9d28c786,2385c723-61b8-4500-9339-027c5dd53797,7945284.5283971,7945285.036652138,7945290.304902434,5849,200,0.5082550384104252,5.268250295892358,224
a3c2d59b-8085-4d06-ab32-81870bb6e59b,b983d827-0d38-4308-847f-1f3af4f8a8f4,7945281.528646859,7945282.121847965,7945290.3334385855,6741,200,0.5932011054828763,8.211590620689094,192
c1deaa49-5100-42a6-8ec0-b2ae18e06901,d670f4ab-cafd-47f2-a3d2-088600f640eb,7945286.528290523,7945287.026184208,7945290.491406533,1519,200,0.4978936845436692,3.4652223251760006,224
de428938-842d-459c-ba7f-4514c33d97a9,14d09ab1-04f7-48d8-abb4-ce15448bcdb5,7945282.528650412,7945282.66090027,7945290.741899154,913,200,0.13224985729902983,8.080998884513974,192
0b7693f4-a577-4d77-b3b3-6f22e27ca32a,30c27ebf-96cc-4b2b-ab07-a06e23ff48f3,7945282.528661391,7945283.25215082,7945290.762381033,5848,200,0.7234894288703799,7.510230213403702,224
96c9d549-adbd-456a-9309-d8ee7b0027e1,3345cbcc-b4b1-4827-bce9-26777f705b86,7945282.528667933,7945283.60155369,7945290.78341844,6622,200,1.072885756380856,7.181864750571549,192
77639bdd-7eba-4110-8f2b-9b7f419558cf,50dea583-acba-41b7-bd4b-405810965bbe,7945280.528459234,7945281.302659615,7945290.989402768,2839,200,0.7742003807798028,9.686743153259158,176
c0bba405-2487-47a3-a551-66a9cbd5736e,8fd022b6-2a29-403d-b62f-25b9e4f8498f,7945281.528634776,7945282.535296266,7945291.4539138945,5909,200,1.0066614896059036,8.918617628514767,176
1f008c31-6b44-470b-8f0a-6528d5b7281a,75236e90-e480-4cb1-951f-e15b3465f8a4,7945279.527818549,7945280.135882239,7945291.529191368,4741,200,0.6080636894330382,11.393309129402041,176
d0645ab0-e17c-4624-ae17-ae0dffe5ab69,2ae10bab-d488-43d5-b9e1-c6011afcaf66,7945280.528477584,7945282.30371624,7945292.2398227,5912,200,1.7752386564388871,9.936106459237635,160
546ace42-f2ed-4071-b397-223f754ce0f5,3bc8a356-3e30-4ac9-8263-e41522576a6e,7945280.528468286,7945282.942071737,7945292.269066566,5712,200,2.413603451102972,9.326994828879833,160
e6bcf6ed-88a1-4443-94ef-33177e557f1c,c3f99789-28f2-48b0-8ff1-92f4b8f000a0,7945282.528671133,7945284.651846375,7945292.334367535,5884,200,2.123175241984427,7.682521159760654,192
645726e0-5d0a-44e7-9d7e-f06f6c8845f9,eea619af-43e7-4d27-a8dc-7b2d35faa177,7945283.528540631,7945283.810602626,7945292.345737001,3108,200,0.2820619950070977,8.535134375095367,192
cbec5807-fbf3-4520-b74f-61df77ebcd63,8bf324a6-f8e1-4e21-81f4-776dea52de73,7945284.528410279,7945285.139790226,7945293.015031438,1821,200,0.6113799465820193,7.875241212546825,224
9d6063d9-5f5e-45c4-a801-31ac74bec007,47f1d5e8-3be5-425c-8236-5313732185eb,7945276.52852006,7945277.315775618,7945293.562156835,956,200,0.7872555581852794,16.246381216682494,192
889815a6-552e-47e6-b3bc-17a4eb71c229,14a2dbbf-bbfe-412d-9b56-8a31592b8dc3,7945285.528350582,7945286.319893068,7945294.102642289,2737,200,0.7915424853563309,7.782749221660197,224
811ac1a8-fac0-4fb0-8478-ba7238224ee0,06e11099-e772-4209-bc45-ae572a9bbff2,7945285.528363419,7945286.742378,7945294.122676908,5895,200,1.2140145814046264,7.380298907868564,528
ac0d3b6c-58e8-4a9a-8d40-c228533b7920,aa0e450f-c390-4bae-8408-889b25d21c5a,7945276.528508987,7945277.430982327,7945294.165278096,3212,200,0.9024733398109674,16.734295768663287,256
ce291605-f2a7-4c02-b3a6-3c634f978a81,d7cb5386-ae68-4dcc-b88d-e9ecef717347,7945286.528314594,7945286.971594479,7945294.325087384,4845,200,0.4432798847556114,7.353492905385792,176
363d295a-e955-4a6d-ad5a-17844e6f36a2,c0bbe934-0e33-44cb-bfb0-1a493fc3290b,7945290.528400527,7945290.748089045,7945294.362621686,2003,200,0.21968851797282696,3.614532641135156,192
c8744cfd-6621-44e1-880b-c099a9fb5da5,6faab4c1-0a40-4787-b427-dbef1d77957e,7945290.528417275,7945290.968607682,7945294.378408695,3145,200,0.44019040651619434,3.4098010128363967,176
dabc3df2-abdd-4e2d-8103-bbd8121dff6a,fbcc8b63-5690-42bc-9cac-5fbfece77de4,7945290.528424913,7945290.967865111,7945294.604564935,4753,200,0.43944019824266434,3.6366998236626387,224
4288e1e9-213c-4fcb-ba82-37b7891ce63e,86ea5c7d-886e-429f-82a7-678f68526718,7945277.52887024,7945278.570492395,7945295.038519522,2132,200,1.0416221553459764,16.468027126975358,160
2cdb9acb-4290-4c2a-a8cd-4868bcc2c245,a7d40ae5-84d5-42bd-ab6e-5e3b2ab22b7a,7945285.528367508,7945286.209497726,7945295.19171052,5020,200,0.6811302173882723,8.982212794013321,160
aa1c684d-b0e0-4109-a7d6-02becdd720b1,4c10b736-1d1b-457a-a682-a14f3e43c75e,7945285.528373832,7945286.585138225,7945295.214016616,2641,200,1.0567643931135535,8.628878391347826,416
471ed4eb-998e-44ab-b90e-130800f12e21,ca9b1101-a4d6-40ac-8444-bee1d846e616,7945285.528377561,7945286.584359159,7945295.214843534,2757,200,1.0559815978631377,8.630484375171363,176
0776b0df-a13c-4a51-af4f-bd78722cc8cd,9a534a9e-501a-40df-83f4-624c8d7b5e03,7945286.528311339,7945287.302354443,7945295.284653984,5161,200,0.7740431036800146,7.982299541123211,192
b8f3e0f3-7811-44b4-87ae-d94eb7b6aa7c,81070de9-f818-4e42-9c04-fa1a00691281,7945287.527873376,7945288.370557514,7945295.62435382,5677,200,0.842684137634933,7.253796306438744,176
03e7c557-18ce-4322-8724-f1da92ab9144,95ed1180-5800-4883-b9cb-2f75248a1fa5,7945278.52817754,7945279.22875143,7945295.706755154,5791,200,0.7005738904699683,16.478003723546863,176
82b20d12-4f03-45aa-9270-f0833ae55354,23dc353f-7f6d-46a5-a753-1fa331e78f1a,7945288.527957537,7945289.252824201,7945295.898157673,2328,200,0.7248666640371084,6.645333471708,192
640c3e59-60bb-4cf1-bf3e-deb2fb87d51d,73515c88-7aa9-4cf1-9314-b1478a657937,7945289.528462447,7945290.161240193,7945296.158339077,2495,200,0.6327777458354831,5.997098883613944,288
099ea1d8-4879-4896-a1c1-498d867c4559,aef23cb9-de90-4c2c-999e-8d56eb9b8b92,7945279.527821631,7945280.176820294,7945296.342993235,2941,200,0.6489986628293991,16.166172941215336,16
809f274d-b765-4719-9023-1f6beac08fef,77ecd2f8-2c5b-40e7-8853-fab3892fb6b8,7945290.528421261,7945290.791322109,7945296.510286767,1393,200,0.26290084794163704,5.718964657746255,176
27626ed8-6e89-4502-9019-e9a2f40fdb57,49bf49bd-33b8-4a2e-8ff4-3ff04bea24f0,7945288.527942397,7945289.38923417,7945298.404878777,5981,200,0.8612917736172676,9.015644607134163,160
1fbe7e67-c1f6-465f-9cde-a6c157941a06,d26ad366-532a-4efa-8162-640fdbbd7d99,7945288.527955029,7945288.701897765,7945298.949602836,984,200,0.17394273541867733,10.247705071233213,160
31b890ef-593f-44a7-97b9-00b5e8371ca2,3075185c-4dfa-4e5c-a7a2-6f798eac7aaa,7945287.52788235,7945288.028520983,7945299.060516449,5827,200,0.5006386330351233,11.03199546597898,160
2d7e7658-fedf-4f28-80c8-acb0e1b5ab17,fcb9b1af-649c-474f-8ab1-a9cdcbc57a9f,7945288.527960355,7945290.520638687,7945300.536126578,1880,200,1.9926783312112093,10.015487891621888,176
7e07ef07-085f-470e-98db-346ea12b40d2,60e46cc0-973f-4e1b-a7fd-526b2f43a744,7945288.527966197,7945290.519233193,7945300.534951136,5753,200,1.9912669965997338,10.015717943198979,160
6abedc89-7d96-493c-bb13-063c65ce2429,b1a107e5-26b6-4a74-ba8b-676af9f9f856,7945288.527963349,7945290.626064767,7945300.583664922,6667,200,2.098101418465376,9.957600154913962,192
d265ca47-5902-45f9-997f-c37dbbe21ea6,92614048-780c-4c63-ba8e-4be26713e9a3,7945290.52842806,7945291.249230327,7945301.017593614,5911,200,0.7208022670820355,9.768363286741078,160
9053641f-8536-48f5-bed3-d20d1cbe65df,8dddb25d-fe37-459d-ae01-c8d859fd69da,7945280.528471455,7945284.349207966,7945301.130337411,5807,200,3.820736510679126,16.78112944494933,160
e9068fd4-7262-4269-879e-26fe66845d98,ed812318-fc63-4d2d-9ef6-7e8d8c81a595,7945294.528164167,7945295.713116953,7945301.226397104,4031,200,1.184952786192298,5.513280150480568,176
2f8ed13b-5f09-4bb1-912d-ead7a0eec19a,75cef145-13c5-4f24-b901-111a3ee9b61d,7945294.528171354,7945296.111089735,7945301.246010257,5848,200,1.58291838131845,5.1349205216392875,176
0c1b4740-7e79-451a-b0ac-d2952b039001,fc1fa1cf-6144-4d74-ac18-9416c84a0d70,7945292.528669791,7945293.054301685,7945301.284626624,1050,200,0.5256318934261799,8.230324938893318,176
ed1ae663-b271-47a4-9d56-21d7cbf54829,cf7c3d83-83e4-4fc8-be78-554c3fa39f5d,7945292.52865027,7945293.43468352,7945302.130833176,5915,200,0.906033250503242,8.696149655617774,176
0518845c-6c36-4d37-8ea3-99305dd00f69,4c10b736-1d1b-457a-a682-a14f3e43c75e,7945293.528028686,7945293.845567717,7945302.3218389675,2658,200,0.3175390316173434,8.476271250285208,416
c7973618-c8ad-4c2a-b206-8bb1c96d9454,3ec42cc0-16b5-425a-b54f-f63fb20bb4d2,7945296.528025283,7945296.962629932,7945302.92008365,1220,200,0.4346046494320035,5.957453718408942,192
fd8de430-da86-4d49-a2a3-3ac0bd820b3a,08603ce6-483c-4fd0-9d65-4b6051d47dda,7945295.528385664,7945295.629050911,7945303.200416463,3967,200,0.1006652470678091,7.571365552023053,3952
a5e1427e-cdfa-4b6d-9d45-132c0f0e7fef,7455871e-ccf5-4e35-935b-b92df7582fe2,7945294.528152424,7945294.736585608,7945303.207930352,755,200,0.2084331838414073,8.471344743855298,224
257d3865-1b1b-4a08-be96-d3a6a68babff,fdf1b68d-e7b9-4a13-bf41-bc89f3c46791,7945283.528530072,7945286.877493552,7945303.291483917,5756,200,3.34896347951144,16.413990365341306,176
8498c58a-b21a-47f6-9de4-25bdcf8df4f1,f382aa20-e786-450d-9179-e1aac0aec065,7945297.528432998,7945298.055380558,7945303.906925645,5749,200,0.5269475597888231,5.851545087061822,160
b791cf73-e367-493a-8cd8-9a4a21724224,811ec005-f8b2-46c0-859b-02dafcd283db,7945298.528479916,7945298.724578844,7945304.496128903,1555,200,0.19609892833977938,5.77155005838722,176
50ac875e-97dc-4018-8576-cfe7fe5d6c2e,c31d971d-d989-47b5-8ca5-ab9b6b5e35b3,7945298.528492041,7945298.897576179,7945304.511201774,3799,200,0.3690841384232044,5.613625594414771,256
957c43b9-df92-415a-87b6-1ba3b0bae907,085e0b0c-257f-409a-ac4c-8df0e0ba763e,7945298.52848343,7945298.721694203,7945304.601939293,1267,200,0.19321077316999435,5.880245089530945,160
2264759c-fd54-4ef7-8a82-5585d13f4868,1ab8217b-4c34-4afc-8bda-d9d5ffc84d51,7945285.528370257,7945288.202769858,7945305.091960722,988,200,2.6743996012955904,16.88919086381793,176
3c099f0c-b5d0-481f-a399-31f26d504dc4,1863b02d-565f-4529-bcff-12b00b0b34e3,7945299.528124624,7945299.963660116,7945305.242173216,928,200,0.43553549237549305,5.278513099998236,768
f261f541-59b4-48d8-8c32-5831d0e7662b,1163fdf2-5a7e-47c9-bc90-8d77fad2c6ef,7945300.52837429,7945301.014194504,7945306.126964977,5175,200,0.48582021426409483,5.11277047265321,176
fadc8f3f-d990-47a4-8fb4-c0a33710e395,28b74a43-9076-4763-9179-b66506d65ff1,7945294.52817458,7945294.772127593,7945306.467921049,2197,200,0.24395301286131144,11.69579345639795,288
928f78c9-20b9-4b4f-a09c-06788f3d9148,e3bc86dc-da9d-420d-a262-622a0091c484,7945294.528168323,7945295.372783622,7945306.497991084,1786,200,0.8446152983233333,11.125207462348044,288
48ed49b0-3672-4d18-81d1-38a628d0de75,523cf851-150b-4543-b998-da49db159ce3,7945293.528014912,7945294.3264551405,7945306.570229253,5845,200,0.7984402282163501,12.243774112313986,224
15ef8d2d-9acb-4dec-8a7c-1825febe76ca,20907513-6f2b-4ea5-a652-4c331e561f4b,7945295.528376212,7945296.103455557,7945306.5880493475,5858,200,0.5750793442130089,10.484593790955842,160
959f8b5c-2a7a-4ec8-91d6-3086296de3ff,c11d6802-d0ee-4c6c-bec7-507f0b2efb7d,7945299.528121003,7945299.77937277,7945306.645055106,1997,200,0.2512517673894763,6.865682335570455,288
af8a3939-1186-4742-930b-30272dfb827a,3e079306-9bd9-4ab5-ace0-9e2803e63a19,7945294.528177256,7945295.116418796,7945307.0067413505,5793,200,0.5882415398955345,11.890322554856539,160
076abffe-5ed6-43fe-821c-8a35618292bf,3c85a765-4063-4b71-9147-47f287172897,7945300.528378217,7945300.89852529,7945307.308048538,3964,200,0.3701470736414194,6.409523247741163,192
ba2d0bd5-0aad-4970-9ca7-d387d19c8821,3dcb46f7-1300-4da3-8c29-aabf89508273,7945300.528381596,7945300.815843278,7945307.315728429,1129,200,0.287461681291461,6.499885151162744,160
5acd06f5-3aa4-4ce3-85c9-f81da13652bd,11c17151-c660-4f18-a81e-fa7de1fa076b,7945296.528021916,7945297.227717162,7945307.38307835,1551,200,0.6996952462941408,10.155361187644303,192
46783683-9c33-4efa-a38a-8585ffeeba2a,3d9ee3e9-ff56-41f8-8381-1a806193cfba,7945286.528306954,7945289.856795733,7945307.485342291,5912,200,3.3284887792542577,17.628546558320522,192
4fe05760-b936-4b41-8ce3-c0e32561ae91,0abd24c4-2550-4a74-9b24-ebefa10c413c,7945286.52831762,7945290.234043147,7945307.505149616,5098,200,3.705725527368486,17.271106468513608,160
30282856-7b35-4d9e-addb-f1888dcb5815,36956ffd-e024-4f95-b862-07f8f3ac4f72,7945297.528412066,7945297.730418457,7945307.8437828,1783,200,0.2020063903182745,10.11336434353143,160
8a07438b-0c68-4f37-936a-9e67153ab810,95344c70-f33e-4e79-8072-294194e7d7ec,7945297.528447846,7945297.993360717,7945307.86150918,2697,200,0.4649128708988428,9.868148462846875,192
3911b5a1-90f3-4d16-bdfb-9e14fcee6318,35263c7a-afdd-4603-a04c-dfa1749bc114,7945297.528443683,7945297.994076595,7945307.863206372,1488,200,0.4656329117715359,9.86912977695465,192
f1bdc39e-941b-4763-a4e6-c8dece9892b3,ca9b1101-a4d6-40ac-8444-bee1d846e616,7945297.528436831,7945297.9960384825,7945307.866823092,2757,200,0.4676016513258219,9.87078460957855,2752
bc8e11f8-4cda-4056-9982-6ba79c54de22,561427d8-2917-4668-bb9f-e29ea68c80af,7945302.527866515,7945303.232874253,7945307.993013259,2815,200,0.7050077375024557,4.760139006190002,320
da124adb-da8d-4d54-a1f5-a135bb7648fd,6bbde2a4-c8c9-4455-9ab7-556ea23da962,7945302.527863263,7945303.2339039,7945307.993834861,5835,200,0.7060406366363168,4.759930960834026,176
9aca6045-f105-4e7c-9597-aaf4e7ad7aa4,7667f33b-b26c-45bb-93e7-f88a17c26604,7945296.528004687,7945297.257671298,7945308.230614192,5678,200,0.7296666111797094,10.972942893393338,160
d7c0fc20-eb73-4519-8961-7d656b80d393,6a7cdf06-d078-4a3c-a49d-aad13f7aebc6,7945296.528018315,7945297.447571901,7945308.254247711,2730,200,0.9195535853505135,10.806675810366869,176
b9b568eb-82ae-4733-aa0c-ad125c27157d,4693a909-b4f2-426b-a04f-81bb13685c3a,7945303.528654493,7945303.866923039,7945308.288756359,722,200,0.33826854545623064,4.421833320520818,176
8434903b-ad2e-47f0-9c25-fcf8a3db601d,1a8c236d-cb3d-4a7b-80ad-b43d1c9d951a,7945303.528633972,7945303.869567323,7945308.291332418,1593,200,0.3409333508461714,4.421765095554292,176
9df3bf45-f0b0-48f1-aee0-97c532b3bcf8,d255caec-ea5a-4101-b7b8-6297e1ff4298,7945288.527951505,7945292.680239893,7945308.297017601,3591,200,4.152288387529552,15.616777708753943,224
53e20dd2-6804-4459-bd6d-6323962c0e3a,324bc838-7707-4b3b-9817-27416b426688,7945288.527969426,7945293.045941671,7945308.320278792,3274,200,4.517972245812416,15.274337120354176,192
4090ac24-bcac-45c4-bd12-30a33c788a39,4677c7c9-c683-4287-babf-b11847bc870e,7945298.528466402,7945299.127341897,7945308.350470851,1641,200,0.5988754956051707,9.223128953948617,192
bfc1d691-83a0-4089-9f7f-9ad03f5dacd6,d62e934d-f56c-4467-85a2-71fddb96e36a,7945305.528078906,7945306.158212747,7945308.402994168,6614,85,0.6301338411867619,2.2447814205661416,224
07da6a68-f910-4944-9b7a-951fff383529,b0e864ae-1a94-4ff1-8c76-d8676446b039,7945297.528440257,7945298.228837392,7945308.4272072585,3040,200,0.7003971356898546,10.198369866237044,288
f3afffa3-e032-4dc2-9750-ae934385c930,9552ccb8-8983-4719-ab6d-cf869cb79834,7945298.528495114,7945300.910204563,7945308.615949004,2342,200,2.381709448993206,7.705744440667331,272
217a7aa5-c26d-4be3-8122-14f0a67cb0c2,1239dc5c-ff6d-454a-b943-1f8915d42592,7945298.528485945,7945300.912854617,7945308.618647975,6600,200,2.3843686720356345,7.70579335745424,192
4f514729-4e75-42e6-a21c-fc131c83f04c,c2c054ad-b012-47b0-9399-472e2409b536,7945299.528112043,7945301.52493878,7945308.642720723,2425,200,1.9968267371878028,7.11778194271028,256
80a9dbae-cd70-4c23-9fd8-4a293d083adb,b364d444-8745-4600-b91f-aad78b2bad15,7945299.528133796,7945301.704080622,7945308.660923528,2164,200,2.1759468261152506,6.956842905841768,176
7f814d6a-10c5-4d15-b3b4-d7b88f2ffebf,861bd061-1eca-410e-9387-6a13afa07539,7945299.52813686,7945300.244482544,7945308.7911139075,5771,200,0.7163456846028566,8.546631363220513,192
8f5d4a44-e047-486e-afb9-d6198abc74e5,762e40fb-aa89-4998-9dd3-5b22bcf87c95,7945299.528130323,7945300.246866007,7945308.794872406,4406,200,0.7187356846407056,8.54800639860332,4336
529e53fc-a5bf-4079-afbb-ea4c9d487471,2ae10bab-d488-43d5-b9e1-c6011afcaf66,7945301.527987198,7945302.071774576,7945308.812461633,5828,200,0.5437873778864741,6.740687057375908,832
eddaa521-4337-4a57-8d05-4a57c170d43a,416527a2-a792-4e13-a9b8-1130c26752bc,7945300.528385285,7945301.615509241,7945309.089829429,6062,200,1.0871239555999637,7.474320188164711,192
6ea2a21d-4a8b-448e-9a0e-9d74592d784b,73c85dd9-a852-4a52-9b15-4d56f95a2436,7945300.528393054,7945302.190987337,7945309.109888137,6024,200,1.6625942829996347,6.918900799937546,160
785e6a18-0bef-433f-9122-afdcbd7abe15,8f7977c9-2f9f-49d2-9103-2227a9f2d728,7945291.528027462,7945295.038447306,7945309.451186723,4002,200,3.5104198437184095,14.412739417515695,160
116d1118-d4a0-4b82-a6ed-8a601234813b,19767c4a-4374-4a59-8ef1-ae3b3365aa34,7945302.527873892,7945303.2747728955,7945309.472996128,5931,200,0.7468990031629801,6.198223232291639,160
586f3fac-5b1a-4cc2-b8ca-563699090f4a,1ff046d0-e984-4bf9-b242-926f82d0baf0,7945292.528674949,7945295.671396417,7945309.478321232,5851,200,3.142721467651427,13.806924815289676,192
fec78f90-fea5-444d-bc44-fe55d4f7f905,d2fcae66-11a4-4459-8eca-43e7e9d45137,7945302.527870032,7945303.599318509,7945309.493574255,5992,200,1.071448476985097,5.894255746155977,160
ab77a577-1d9f-44df-a771-f3bc76625b77,894ebd31-9861-4b30-a3d2-788c79189a8c,7945303.528657102,7945303.862524012,7945310.006268513,3638,200,0.3338669100776315,6.143744501285255,176
7a202620-b7de-4d88-86e6-1d4ae6570511,dc73e755-d82e-45eb-bcc6-08068063bb35,7945303.528660259,7945303.875361813,7945310.07307787,3194,200,0.3467015540227294,6.197716056369245,160
17f7a518-5469-4afb-a030-ad0f9f7c9942,198baeec-5ede-4eed-aa82-1797c2c3393e,7945304.527883489,7945305.142219268,7945310.222932693,5037,200,0.6143357791006565,5.080713424831629,224
5530f9c8-becf-4298-99aa-e0429a0a476c,d9fd7ec2-2f99-425f-9c69-93f6d7f2fea8,7945299.528127424,7945299.767430909,7945310.307575619,2105,200,0.23930348455905914,10.54014470987022,176
881c5c2c-1c1a-498c-bce0-0965407307af,4c10b736-1d1b-457a-a682-a14f3e43c75e,7945303.528651561,7945304.205641622,7945310.448144015,2665,200,0.6769900610670447,6.2425023932009935,416
cc72824c-6e00-4e5c-9b39-34be4d310081,6bbf67fa-e3a7-46a6-9cbc-3a9054443916,7945304.527880231,7945305.507252816,7945310.494077806,5706,200,0.9793725851923227,4.98682499025017,176
a4568d3e-b846-416b-8867-6f95f814bdeb,2c04ca06-6ffe-4a2c-81be-67ab83b10777,7945305.528082477,7945305.983627792,7945310.552174878,4687,200,0.45554531551897526,4.5685470858588815,176
81b9ea80-ed98-40a4-8fb3-1be84a9a5fdc,9066abd3-2def-4e32-a5b5-0b42961acda8,7945305.528075129,7945306.051902091,7945310.584657359,1959,200,0.5238269623368979,4.532755267806351,192
6c4254f6-0f69-4169-bd3e-b0017368b9ce,f192fa26-d719-4b35-8094-0a3b2eaa4693,7945300.528358379,7945301.657082232,7945310.623726026,3060,200,1.1287238523364067,8.966643794439733,192
7e674206-bc3f-4a37-a59d-6c323afad3c9,b19269d8-f5d9-4850-9457-822d73453cd4,7945300.52838905,7945302.27493299,7945310.641132141,594,200,1.7465439401566982,8.366199151612818,176
329758c2-146c-4fa1-b575-0f113d688a6c,e603b232-a222-4e33-a897-946069d6b4f3,7945302.527854126,7945303.448595512,7945310.7831024695,4370,200,0.9207413857802749,7.334506957791746,160
f9cc7f8a-81a3-41d5-babd-944cfe126a8e,e3581f64-96f8-42a5-a501-06b5a508c8d5,7945303.528648063,7945304.060945104,7945310.910206042,5650,200,0.5322970412671566,6.8492609383538365,176
2f2bb34a-94dc-49b1-a7cc-a65c7caa96d4,b90e6751-6551-457f-bd42-3a6576021c64,7945306.528043372,7945306.820035419,7945311.007188833,1556,200,0.2919920478016138,4.187153413891792,192
08843216-e8a9-4df6-b1bf-5380ef47bb38,b0c4f8eb-c780-455f-9b75-5261e6feeef7,7945304.527875762,7945305.2385126725,7945311.293768292,5750,200,0.7106369100511074,6.0552556198090315,176
5145b208-3506-43f1-94a1-292053e23acf,a647f134-247a-45d1-9638-839d88720a01,7945296.528014687,7945299.3322046,7945311.677619485,2974,200,2.8041899129748344,12.34541488531977,192
aecccdf0-4149-4bff-b3cf-fa183e46ff67,359231d7-6b15-49b2-ba8a-a015bee5f927,7945297.528429687,7945299.758767814,7945311.698275032,5778,200,2.2303381273522973,11.939507218077779,224
8f790e1b-6da2-440b-aabc-d0dd439a3cfe,c25d9c7d-1328-413d-8627-ce51dfec2736,7945305.528047307,7945306.359102639,7945311.717193636,5363,200,0.8310553319752216,5.3580909967422485,176
dc5c2bfb-d4f6-4cd2-8849-5dda19313773,83a4f7a2-3414-41cb-b62b-13828711c3e3,7945307.527993034,7945307.973564508,7945311.793367654,4356,200,0.4455714747309685,3.819803145714104,160
905ce071-5668-4924-a817-8a5977ed9cfe,7e26fb2e-ff9e-4c44-9abf-7453e7c69fb2,7945306.528048627,7945307.244267671,7945311.875191277,4956,200,0.716219044290483,4.6309236055240035,192
6a4b296f-3910-4240-917f-4df8354b8391,0169691c-263a-43cb-8fab-c20a9bd30a72,7945305.528064532,7945306.327426671,7945312.048365439,5710,200,0.7993621388450265,5.720938768237829,160
9d4f0d88-33db-41cd-9740-b045ac8b7060,9e2c7f27-a157-4e4b-82b4-24e34cf1fbec,7945305.528071864,7945306.636880208,7945312.06666893,5800,200,1.1088083442300558,5.429788722656667,160
be18ff47-ae0c-477c-a572-3b015abfceb2,bcb33f65-c2ec-4810-998c-46777ea1c837,7945298.528488736,7945301.12721675,7945312.139059152,259,200,2.5987280141562223,11.011842402629554,160
3e66fc4b-8abf-48cc-95d5-644731cbae01,6451f626-3b7f-4961-8a96-f392eab052b0,7945298.528500574,7945301.1261217585,7945312.138451725,1740,200,2.597621184773743,11.012329966761172,176
e091625f-c0a3-445a-9d2c-d10e105762ae,b40518cd-dffe-42ef-8ee2-36ca05648b31,7945298.528497856,7945301.126223016,7945312.140478387,1762,200,2.5977251594886184,11.014255370944738,176
2b767cf0-3e6e-4907-9171-762cb3af57cf,9552ccb8-8983-4719-ab6d-cf869cb79834,7945306.528036977,7945306.8258520905,7945312.146961523,2333,200,0.2978151133283973,5.3211094327270985,416
b809a51f-3b18-4cb0-b924-8f5d668045ab,ca9b1101-a4d6-40ac-8444-bee1d846e616,7945306.52802764,7945306.826300941,7945312.148300685,2757,200,0.2982733016833663,5.321999743580818,2752
9521e8b0-0b75-46ad-a7d8-2102a608107a,cd884a1e-a028-4070-a8c7-14fd8ab2f0d6,7945306.528045932,7945307.25394659,7945312.1596524585,5978,200,0.7259006584063172,4.905705868266523,192
32519af3-37c7-4f70-a85f-5f6751310172,e3bc86dc-da9d-420d-a262-622a0091c484,7945308.528161401,7945308.595552731,7945312.265839458,1786,200,0.06739133037626743,3.6702867271378636,1776
03ff0d31-6eb2-448b-a344-7f40785793f2,aef23cb9-de90-4c2c-999e-8d56eb9b8b92,7945301.527996163,7945304.46577575,7945312.8334116945,2946,200,2.93777958676219,8.367635944858193,16
5457d2af-3ec9-4e1b-afbb-e6d5bc6738a9,7c1a7613-f9a2-432e-8df2-8b7fa4ec50ea,7945307.528007945,7945307.726304744,7945313.031110838,1341,200,0.19829679932445288,5.304806093685329,176
6b12c038-c410-4a77-b37e-ec94d1dab336,badeaf84-dcdc-4669-bce3-d46480adddc5,7945308.528163858,7945309.009194454,7945313.193805261,6053,200,0.4810305964201689,4.184610806405544,176
68150c52-27ff-4519-814f-9817b02b38ba,0fb9acc9-a9df-48ab-97bb-d5cbf74736cb,7945304.527863362,7945307.234764887,7945313.211897909,2501,200,2.7069015251472592,5.977133021689951,176
f9c6be7c-c2ce-4a25-9a2c-a434a0c4d09c,10bcf0c5-a7c4-43f0-9664-79e32e9e57d8,7945305.528068585,7945307.231962076,7945313.211779909,5785,200,1.7038934910669923,5.9798178328201175,192
dc8f7c5d-3bef-43e2-b506-f6dd54e5d242,08603ce6-483c-4fd0-9d65-4b6051d47dda,7945307.528004922,7945307.666845401,7945313.223126765,4132,200,0.13884047884494066,5.556281364522874,3952
fd5a4a5d-3974-4431-b332-9d264a77ac06,6f800154-3d41-4bb5-84b5-53c0e3a2be75,7945306.528040803,7945307.423071133,7945313.228890703,2408,200,0.8950303299352527,5.805819570086896,224
8d114bdb-5439-4857-b13d-7dcb0cbd981f,84c4d2a8-6b31-4bcf-b81d-abbd737d2e72,7945309.528719304,7945309.964903371,7945313.551365814,4873,200,0.4361840672791004,3.5864624427631497,176
4fe41740-466b-4fe4-a739-cf74505592a8,211e1142-f3f9-4f09-a1ef-cc9c6ba3f927,7945308.528158216,7945309.60580008,7945313.704321385,5851,200,1.0776418643072248,4.098521305248141,224
643e54bb-1c55-46b5-89c1-3596a3e4130c,ad4218dd-4e3a-4664-99b7-90c10307f0cc,7945308.528145228,7945309.076535418,7945314.017850726,5574,200,0.5483901901170611,4.941315308213234,224
4ace253d-f8b9-40cc-a081-d4182258e791,b120f9f7-7f22-4cb2-b7c7-00a9937eef78,7945309.528721918,7945310.0176983485,7945314.057673096,5996,200,0.4889764301478863,4.039974747225642,224
e64ab5da-8f85-4674-816e-aa811e35e6c9,47f1d5e8-3be5-425c-8236-5313732185eb,7945309.528702024,7945310.161230655,7945314.361754471,1112,200,0.632528631016612,4.200523816049099,192
3f4ca017-6873-4cea-aeb5-40979ee5ee85,ae5f6e53-7c68-4f33-87bc-0fc6518eac13,7945309.528716504,7945310.161504513,7945314.3616507575,1512,200,0.6327880090102553,4.200146244838834,176
09c72e22-f54e-4442-a31a-0d0dcc30c529,da55340d-09d8-43b2-887f-e4295230324f,7945310.527918996,7945310.693908461,7945314.550571713,2141,200,0.16598946508020163,3.8566632512956858,192
d98f68b7-cc94-49d7-9882-c64444d03dfc,e6c27312-700b-4629-9a00-cf2e5f89ea0e,7945311.528025286,7945311.624566966,7945314.966309216,915,200,0.0965416794642806,3.341742250137031,192
9ae6eb5a-bb81-425e-ae1c-49b75dec911b,5390fef7-9059-4a26-accf-0da213772707,7945309.528712831,7945309.871344244,7945315.237783598,1255,200,0.3426314126700163,5.36643935367465,176
1a7efb5b-f447-4c9c-9cfb-a283b3067e80,45c5c4d6-9692-4232-ab31-f918007bc8db,7945312.528050344,7945312.656704377,7945315.941580336,1329,200,0.12865403294563293,3.284875958226621,192
539d5927-589f-4d26-8a31-15a63b282674,98a06049-528d-40f1-9380-03b4d1b4dc60,7945312.528048049,7945313.012011431,7945316.375030882,5691,200,0.4839633824303746,3.3630194505676627,160
