request_id,conversation_id,send_time,ttft_time,total_time,tokens_in,tokens_out,ttft,tpot,cached_tokens
616368cd-e612-40b7-9cbb-e357772fb681,180db37d-6447-4813-8c8c-57e38b2e8569,7944954.534125406,7944955.434211235,7944960.449554718,5882,200,0.9000858282670379,5.0153434835374355,176
6d8b84f1-40a3-41a7-a6a7-ab08d3fb7461,4fdecc74-bef3-4932-b7fb-8c11f1c1ac7e,7944954.293844113,7944954.945211285,7944960.77855133,5650,200,0.6513671716675162,5.833340045064688,160
b906db0d-e4ca-42e6-8cd1-8668492e666d,cf7e83b7-f9d0-4896-a29d-f61d7d475896,7944954.293923111,7944955.566469607,7944960.792735383,1559,200,1.2725464962422848,5.226265775971115,160
34894acf-5936-415d-949d-74d8d4131100,a1a865e7-f91c-4c48-ad78-52b9da715a75,7944954.293921682,7944955.566857064,7944960.7940092925,2426,200,1.272935382090509,5.227152228355408,224
958e3afa-53be-4d5e-b241-3f7fb2c61ba3,0b164cbb-2285-4c89-bbd3-c2dfe7308d2b,7944954.534132846,7944955.8398453435,7944960.820420327,5965,200,1.305712497793138,4.980574983172119,224
feca9615-2b63-47d3-b836-1c38edc16f5b,f69dcbd3-4c9e-47a7-a557-6f293de800ba,7944950.838145174,7944951.458154786,7944960.057570921,2342,200,0.6200096122920513,8.599416134878993,160
9b8ba1a8-efa5-42d7-9811-56a1293e42bc,a0da4e01-060a-440d-8dc1-a595bcd98d34,7944954.293910711,7944954.879143407,7944963.478424086,3779,200,0.5852326955646276,8.59928067959845,176
d54b5f7f-8fc7-4e02-92d3-1c11dc7d7553,078b06e7-ab7c-40cf-8562-23fdd95b649d,7944954.29377306,7944954.715721498,7944964.242896552,3323,200,0.42194843851029873,9.527175053954124,176
60fdc15f-e11a-4ae4-8127-66b683d37d3c,97722cf0-7560-4de1-b0a8-de3edea84c1a,7944957.599499559,7944958.113543169,7944964.244522102,2229,200,0.51404360961169,6.130978933535516,160
3f154c5f-6cf5-49c6-8d3d-256c0eb88b1f,8797a59b-ae3b-4e72-b6ad-b0e2f7f7f714,7944954.293924476,7944955.309671638,7944964.258162374,2021,200,1.0157471615821123,8.948490736074746,0
32acba45-bd0a-415d-8d18-55ebf117be64,115663df-1f7f-46bb-a3c1-a4afa38184ad,7944954.293836824,7944955.319373664,7944964.267348563,5499,200,1.0255368407815695,8.947974898852408,192
89dd29ca-982e-4797-a532-b63081eb11ef,4bc31edd-e2f6-478d-a471-863d2d0b5f1f,7944954.534139002,7944955.744198845,7944964.290123588,5757,200,1.2100598430261016,8.545924743637443,176
23dede01-094b-452e-8950-b1a83a358854,8b43bf2e-338c-4849-9dd0-aa257e300599,7944955.527785968,7944956.344788376,7944964.316285942,2745,200,0.8170024082064629,7.971497565507889,176
8aee120b-3232-41d6-8f73-72c3ac0adb13,8da9f4fd-8b1a-4c55-bb46-ab458d8c82df,7944958.532827301,7944959.153887557,7944966.428157631,4974,200,0.6210602559149265,7.274270074442029,160
6dbb256c-dfcd-4a9a-b435-012df40863db,2f9c2aee-388c-4fb1-b8f9-85bd785f7f6d,7944950.83814031,7944951.470917143,7944963.075718334,5661,200,0.63277683313936,11.604801191017032,192
97762363-c652-4e21-bca5-63dbd186b426,cb102b8f-c978-4954-a7b4-75be58ca1971,7944950.838151352,7944952.082757163,7944963.095791505,5906,200,1.2446058113127947,11.013034341856837,160
45012116-cd97-4bc0-816a-94d4274e8a7a,0702b9da-c07d-42e2-9169-77753dd785dd,7944954.293916871,7944956.2164125135,7944966.566896932,4843,200,1.9224956426769495,10.350484418682754,176
16fb3df1-d413-4cdc-ae14-7184050f86ac,5b316c78-99d1-4985-abd3-6e4e2a9b9b8b,7944954.293914463,7944956.217167197,7944966.569194018,3315,200,1.923252733424306,10.352026821114123,192
8dd94e5f-ce41-41a1-832d-06b5d0f95ba7,251488a3-474a-4d1e-86f6-49623c84f87d,7944950.838148455,7944953.524855834,7944963.160144198,5794,200,2.686707379296422,9.635288363322616,160
15a1b916-6e0f-4849-942a-497e6f5d9129,e767b27a-0d8e-42da-a7a2-ab0fcafec4f8,7944955.527788203,7944957.320938521,7944966.6083719805,5877,200,1.7931503178551793,9.287433459423482,176
01c03e22-dd25-4b8b-86c4-451f8d72f700,09a114dc-9e26-41a2-9556-c7dda7572a3b,7944956.526741332,7944957.535079816,7944966.767878545,2576,200,1.0083384839817882,9.232798729091883,0
781f2e6d-ab8c-4a1f-8e16-8f2bd8a0b673,699a171f-291b-4d4b-830c-48bfad8a6530,7944956.526746115,7944957.9297541,7944966.790784576,5791,200,1.4030079850926995,8.861030476167798,160
4acbc619-56d3-4ca7-ab7a-7bd249e14ff1,5707dd1d-3bc2-4a67-a45e-321e76e74e30,7944954.293841798,7944955.076380998,7944967.215992095,2423,200,0.7825392000377178,12.139611097052693,16
dd25c002-0cd9-4e41-83d8-8c8c09aabcbd,57f7a3e9-60cc-4567-8919-92cabd76d7b4,7944954.293770398,7944955.079213896,7944967.219864243,5758,200,0.7854434978216887,12.14065034687519,192
e3c3d378-d749-4500-8791-57cb5a13332b,3a6703e2-fefd-4334-9a5f-13832cf1a87a,7944954.293906561,7944955.716599047,7944967.241477228,974,200,1.4226924860849977,11.524878180585802,160
31b16422-e976-4111-896b-cf5bc9a88aab,99a72f5c-3b3d-4bf0-8f1c-500013043e8e,7944954.293919647,7944955.713424521,7944967.239977058,4127,200,1.4195048734545708,11.526552537456155,192
8f4b52b9-c438-4dbe-b2df-f2a07c4b11c2,7da1ea4a-b831-4edd-9d86-943efdff7926,7944954.534129654,7944956.348467926,7944967.274494414,3436,200,1.8143382715061307,10.926026488654315,192
7628d08e-1828-4438-af67-0cf1c51e0d4a,eacc26c8-36c3-4905-b4ae-7c3f6f32cab4,7944954.534135785,7944956.344805112,7944967.27401232,5891,200,1.8106693271547556,10.929207207635045,192
9aee27df-edb4-4fdb-9660-9cc9aa5adaa6,13bf5b8a-ecb4-4110-9e16-aed2b7a862da,7944955.527781356,7944956.656528837,7944967.30228443,5836,200,1.1287474809214473,10.645755592733622,176
aa75711f-a6d9-4f23-b2c1-443f903ac561,cdf3ae04-1fc3-4f8e-89b7-6d59f3657210,7944958.532816385,7944958.916188312,7944967.336207306,1996,200,0.38337192684412,8.420018994249403,224
fbb3128d-708e-4f5c-9c9a-4187296f80c9,8528c006-00f5-40f6-8a25-77286922ebac,7944958.53280283,7944958.948175019,7944968.024435346,2872,200,0.4153721882030368,9.076260327361524,16
6abf75d7-1aed-48f9-ba9e-a4643aa7f5b0,09f86892-013d-460e-90dd-32d2109938a8,7944958.532834345,7944959.504877896,7944968.042225739,6541,200,0.972043551504612,8.537347842939198,160
67f13d82-ab09-459a-8a8a-aeba5f5aa530,28fb12fb-b0a3-4c00-8606-abeb6200d6b0,7944955.527783417,7944955.669548061,7944968.2501356555,680,200,0.1417646436020732,12.580587594769895,192
4e81d73d-0d89-4a6e-a438-472128ce233d,daa40a1d-c651-45b9-88a6-579436a31650,7944954.293762017,7944955.985909171,7944969.059126642,5875,200,1.6921471543610096,13.07321747019887,176
a1634be4-a70d-4ed6-a99b-ee724d91107d,5e79a5ca-8bcd-424f-8bff-ffd216f91010,7944954.53411358,7944955.9898836315,7944969.064511375,1365,200,1.4557700511068106,13.07462774310261,176
6b5bcba5-5409-439c-8c09-e11e8c448443,3f3c8315-cf62-443d-9113-6b1611d32ae2,7944954.293908925,7944955.982721768,7944969.05760157,5877,200,1.6888128435239196,13.07487980183214,160
fc6e6237-d2bf-4c30-a90d-c8c223ec8f6c,e4170067-4de1-432f-9856-b5c27c8b5a60,7944955.52776767,7944956.686082444,7944969.089927565,5765,200,1.15831477381289,12.403845121152699,176
c3081e64-2a65-40b3-8361-2e4649dad1f1,7d15b216-bc39-4f34-b2b3-d676febee0a9,7944955.527778399,7944957.37859218,7944969.1181379445,4812,200,1.8508137809112668,11.739545764401555,192
1f874c69-c17b-4d41-a0f2-edc9209e8704,8885ccc0-b579-422c-8693-2ef4f532b933,7944956.526726315,7944958.355228473,7944969.170187183,5847,200,1.8285021586343646,10.814958709292114,192
9cd01941-8b53-406b-a27e-fefe303d89bc,8b954204-013c-45a1-8e64-22e99087578a,7944956.52674899,7944958.855920511,7944969.192955743,1284,200,2.32917152158916,10.337035231292248,176
fcdab260-eda6-4db0-a692-bbd51848c65a,24b68f03-c2a5-41eb-9a8b-7465c5d30b08,7944956.526743716,7944958.85774086,7944969.195883665,5857,200,2.330997144803405,10.338142804801464,160
277c1194-61ed-46f3-85da-99daa5f442d0,8309bfc3-eca5-4167-a795-d5d89381469a,7944960.525790564,7944960.985123058,7944969.31700041,3429,200,0.4593324940651655,8.331877351738513,176
dff7a33b-5567-45bd-b39d-ccf82c5bebda,fe5242d9-d599-4040-a55b-dc7cc0b3517d,7944959.646165379,7944960.6724115545,7944969.727569374,2407,200,1.0262461751699448,9.055157819762826,16
27787f92-2a79-4cef-848c-190a09d4058a,b96f98ab-9915-4647-bf81-2332dacfbb02,7944964.525442172,7944965.105556069,7944970.045063219,5922,200,0.580113897100091,4.939507150091231,176
9ad49492-f489-49a2-81f8-0ee72887a351,33748c07-1927-42a2-a7bc-a67ebecdee26,7944956.526737926,7944957.594560455,7944970.296177652,3090,200,1.067822529003024,12.7016171971336,256
11cf938b-5d8a-4e4b-8699-377d2e35083a,14977bc6-b841-46dd-949a-526f446325e7,7944950.838113191,7944954.886693239,7944970.313310123,5717,200,4.0485800486058,15.426616883836687,224
e3a37607-c483-4772-965c-d1694f289a7a,4a166d78-c54e-4c9e-9fde-6858b9f65f28,7944959.646167829,7944961.092637362,7944970.383207621,6037,200,1.4464695332571864,9.290570259094238,176
63c46107-5980-4ab8-bc02-9321d6739080,c1b7bd9a-b619-4cf1-be42-c209db347bd5,7944959.646147143,7944961.286947959,7944970.408880697,3139,200,1.6408008160069585,9.121932737529278,192
1abda6a7-d1de-4f74-a45a-eb54498168e5,6a1b0852-2faa-43e0-a4af-cb79f4e38636,7944962.525583105,7944963.967205242,7944970.471969676,5900,200,1.441622137092054,6.504764433950186,176
b32e0b4c-e6cf-47d5-99c2-cb2f80e38e06,11530c6a-95af-434d-a2a9-26ebf33cf1f4,7944961.52535437,7944962.215755734,7944970.605390607,5515,200,0.6904013641178608,8.389634873718023,192
1716ff55-aadb-416f-b020-ec35ccf7c1be,7b2a082c-c976-422c-8a99-3799ab0b075e,7944961.525357114,7944962.866585261,7944970.618498291,5791,200,1.3412281470373273,7.751913029700518,192
cf96d177-9ab3-4e3f-ac8b-be7a1a1e336d,228ef465-279b-4ade-bd61-c30c8bd530f4,7944954.29384676,7944955.291802897,7944970.738344335,1569,200,0.9979561371728778,15.446541437879205,224
24313381-cf18-40e8-ae08-2bdfecc70a7f,1892b07a-1db2-46fc-84d7-4a79e9161ec8,7944954.29383964,7944955.295460228,7944970.740993519,4120,200,1.0016205878928304,15.445533291436732,192
748bf3fc-2913-487d-a61e-03177706b5e7,2f00ecb3-5431-475c-92c8-62f44e364157,7944961.525365673,7944961.632291799,7944970.823736399,840,200,0.10692612640559673,9.191444600000978,176
9296e7ad-2fca-4aff-b826-1360519a3022,8dec5286-27de-4939-906c-5de54fb45e43,7944961.52535959,7944962.2135756025,7944970.987776376,5980,200,0.6882160129025578,8.77420077379793,160
27c1925d-3f3b-4d78-8bf7-39832a3ad8fb,adf9f437-8f0b-4ccc-9250-359530498118,7944961.525362484,7944962.757910971,7944971.010176277,3733,200,1.2325484864413738,8.252265306189656,192
0a937a29-7f16-4c9e-87a1-ca1a398ce710,9715b382-2207-4200-ae1a-d50a4de85d98,7944962.525572522,7944963.306394618,7944971.034758297,1935,200,0.7808220963925123,7.728363678790629,160
0a868252-f22a-4e1d-b0ea-98a0573ab9fa,5707dd1d-3bc2-4a67-a45e-321e76e74e30,7944962.525576696,7944963.049630845,7944971.047621674,2436,200,0.5240541491657495,7.997990828938782,464
42bd7622-cd44-40f5-b332-7635b6c99d26,d3510d43-c775-484e-bcdf-17dd9c9ad03d,7944961.525338173,7944963.053803642,7944971.051545758,5764,200,1.5284654693678021,7.997742115519941,160
d579a0c6-a102-4a9d-ac16-cfe2ac1d86b3,de94666b-c85d-4083-87ee-16e2f4efde62,7944962.525569049,7944962.750695768,7944971.627730323,1137,200,0.22512671910226345,8.877034555189312,192
131aac44-1808-48bc-b605-4b02f775fbaf,ce085c11-89ed-492b-a423-23ceb4fb69f5,7944957.599496738,7944958.209445405,7944971.788842684,3372,200,0.6099486667662859,13.57939727883786,160
30b7e7ca-9154-4e08-9859-3c077437ff5e,206f0344-10fd-4960-a755-be0a3f6f3bbd,7944964.525456925,7944964.837132378,7944971.813947765,3119,200,0.3116754526272416,6.976815387606621,288
1f25d892-867f-4a5a-b4ec-c576a5c35cd1,05d27daf-0e84-45d9-aa8c-5078f036a4b3,7944965.526143562,7944966.153696851,7944971.876359131,5854,200,0.6275532888248563,5.722662280313671,192
06fb41e7-e7c8-4719-9f48-79ccc42165f5,a59111b4-1b04-48fb-a53b-3d5b62969d1e,7944963.525636558,7944964.102438393,7944971.909774252,2851,200,0.576801834627986,7.807335859164596,160
89c4c174-bdf3-44e0-b17b-8c1df5d57962,24b8b9be-0eb0-4b6f-9fcc-939d4d3cbba2,7944963.525649308,7944964.551711621,7944971.928950854,5965,200,1.0260623125359416,7.377239232882857,192
ff79cb7e-7fae-4f0e-bbfc-36b7c7847d8e,9a0f6b31-484e-499f-b5b2-81a5f969a2fd,7944964.525459897,7944965.164317535,7944972.014961962,2151,200,0.638857638463378,6.850644426420331,192
1830d747-4e5c-40a0-a19b-3fdc317cf2c2,d35edcad-56a4-48a2-8b02-620d4f7f91e0,7944964.525453163,7944965.166591214,7944972.016755007,2557,200,0.6411380507051945,6.850163793191314,192
35d5a0e5-6e12-4bf5-8ead-c8e7b82a63dd,b784492e-fbfe-4f5c-ad22-38777c9aa7a1,7944966.525227109,7944966.674970516,7944972.198026689,883,200,0.14974340703338385,5.523056172765791,288
88340860-e7f8-4acf-8ffd-5a6ac3451a1e,10736216-95e3-4b1f-90e7-e77f4ce2cbf1,7944958.532820281,7944959.718476895,7944972.222556744,5905,200,1.185656614601612,12.504079848527908,192
37f72701-7a16-4b6c-ab3d-1b414b42e390,a32580b8-29f7-4a11-b21b-141cd4c3cd84,7944958.532830787,7944960.413454745,7944972.247795244,4769,200,1.8806239580735564,11.834340498782694,192
e2d8105f-03d4-45c0-9716-6c949d868116,b3863b05-f0c7-461b-ad95-6f3ce1a9914e,7944958.532824167,7944960.415161419,7944972.2525156,4096,200,1.8823372516781092,11.837354181334376,160
850817c6-fd10-4a06-8854-bd04e92a6513,41cce6dd-cab9-4cbe-851b-220d03250877,7944966.525223736,7944967.075686161,7944972.303326452,6084,200,0.550462425686419,5.227640290744603,192
c9321a5f-f7c2-4ed6-8e1b-d94b2a249168,88f2066b-6a77-49c7-b301-e0dfceb7f610,7944960.525786616,7944961.1473115,7944972.58212935,5705,200,0.621524884365499,11.43481784965843,176
a8bd3772-7ca9-49f8-af01-fc333d580601,6ede9dcc-e033-4f78-82f1-d3939e868ed4,7944965.526131477,7944965.774233783,7944972.892782125,371,200,0.24810230545699596,7.11854834202677,192
a3d238fb-4832-4012-86f3-299c355789eb,6fe28cf9-22b0-4265-be26-a1ebfe37406c,7944961.52535047,7944961.945472795,7944973.156707972,4377,200,0.42012232448905706,11.211235177703202,192
2e9f850d-279e-4bbe-b54d-b1e9e13c84d6,30ce9d58-97d0-429c-b6b5-fdf822a72a11,7944963.525645624,7944963.9474962475,7944973.172648049,712,200,0.421850623562932,9.225151801481843,192
bb2fbe2d-dfe5-4814-a894-eb28e5dcf59a,0f54f6fc-4671-42f5-b230-6e1ebb9c5019,7944963.52564235,7944963.9494891055,7944973.174565404,1154,200,0.4238467551767826,9.225076298229396,176
1b5b40a7-d00e-4a7b-9d72-5754a38c0fa1,10886dd2-2de3-49b4-b564-c32307865e79,7944962.52558005,7944962.66369853,7944973.333594195,1328,200,0.13811847940087318,10.669895664788783,160
f6b60f2f-8d6f-4b95-8ed0-071788a895cb,1a77969f-1e99-480b-afec-42b03605c5f1,7944962.525556826,7944963.097294764,7944973.365670079,5697,200,0.5717379376292229,10.268375315703452,192
a3993e5e-fd67-4b1a-bff6-1d8d1ec5d33f,19263e45-89bd-4a00-a708-a3bf3f0e3af5,7944956.526751449,7944957.467930706,7944974.024698247,2296,200,0.9411792568862438,16.556767540983856,160
1a9e2975-c4c0-47c7-b83d-fe17352e94af,e5641777-ad47-4ce4-8ff1-5da3d821c11a,7944964.525462569,7944964.91919622,7944974.135024576,4056,200,0.3937336513772607,9.215828356333077,176
f6323fc4-18f6-4a4f-bc1f-4332ae72248a,1aad18dc-a621-4c47-8208-1213fe6b1b24,7944963.525639288,7944964.484859566,7944974.16829529,2596,200,0.9592202780768275,9.683435724116862,176
aea5ec6f-7704-42f7-bbc9-6be4854a57c7,14a01310-08d8-4101-b64e-392c6c5a9e10,7944963.525620265,7944964.487524487,7944974.171505831,5808,200,0.9619042221456766,9.683981344103813,192
594aed9f-123b-404b-8ac9-09c940d95711,eeecd121-eb60-4085-8cb4-cc428f8c6a23,7944963.525632966,7944965.10376666,7944974.193868111,5823,200,1.578133693896234,9.090101450681686,192
f1b8848e-9f0e-42f4-a3eb-db01956d06d3,883f0b54-25dc-44e0-9215-8602edef29fe,7944957.599486476,7944959.4930624915,7944975.0707415575,5873,200,1.8935760157182813,15.577679065987468,384
31774912-c6ae-49b3-b42b-a99f89131cbe,e763e413-9805-48fd-b723-d3904f5e3cfb,7944966.525216532,7944967.1740537835,7944975.144381722,1020,200,0.6488372515887022,7.970327938906848,224
05409d85-0af6-4935-bce2-9ed1e5ce7dfd,ad7e60f0-cad9-4492-8c1d-d5e2ecf571d8,7944968.525466384,7944968.824052506,7944976.558615744,3046,200,0.29858612176030874,7.734563237987459,192
3c0cdc6e-6ca1-4774-a8cc-d9f6dac7a7fd,18eac959-4e1b-4824-896b-2ea47c5c287b,7944969.525706768,7944970.0706333,7944977.132206823,5837,200,0.5449265316128731,7.06157352309674,160
9fec6146-68be-4919-ac48-ceb5f01dcbb7,516bee78-f6f0-48db-b049-a781cc3518e4,7944969.525699605,7944970.518969636,7944977.155275839,5918,200,0.9932700311765075,6.636306202970445,176
18678fae-eb07-41ee-9e7d-46b6b45107bb,4b01567c-773e-4e5d-9dfd-7159a61aa362,7944970.526134471,7944970.916305102,7944977.300559788,3369,200,0.3901706309989095,6.384254685603082,224
28d71a57-1ee5-4a35-b845-47a936934a79,c9fe9390-eab0-4aca-954b-ca0348121997,7944966.525205589,7944967.588028622,7944977.942121518,4849,200,1.0628230329602957,10.35409289598465,160
f18ba625-3e1d-4a9f-91db-8874d3b6fa0c,e36686bd-e3a5-44a4-9e97-d7ab44f34dee,7944970.526138044,7944971.51091974,7944977.943618252,5883,200,0.9847816964611411,6.432698511518538,192
11a2cf49-04a6-4692-b292-35127e36feef,fe5242d9-d599-4040-a55b-dc7cc0b3517d,7944970.526140923,7944971.51074788,7944977.94449674,2479,200,0.9846069570630789,6.433748859912157,2368
a5873d21-0605-45c5-8d63-14f513cf547b,8797a59b-ae3b-4e72-b6ad-b0e2f7f7f714,7944971.525260383,7944971.65517952,7944978.069202354,2080,200,0.12991913687437773,6.4140228340402246,2016
e3244e6b-2bde-4f50-b5aa-e8b6a22a7f7d,9da95b3b-d872-4e1b-a2e9-8b4ebabce143,7944971.525266713,7944971.823936456,7944978.088938321,2220,200,0.29866974242031574,6.265001865103841,176
9ac14a7a-9d86-4fdb-b82e-794cc479eef5,7f7a494e-90e0-476d-baf2-516fec178f74,7944959.646158745,7944962.501499799,7944978.237860065,3206,200,2.8553410544991493,15.736360265873373,160
3cea24bb-8e37-470a-9bb0-f767f2e4e5a1,0f3f2660-cb81-42fe-9b2e-142cfb744ded,7944960.525775027,7944962.502780231,7944978.23966252,1025,200,1.977005203254521,15.73688228894025,176
4f3bd4f2-a253-43c1-982d-bd037add5504,3184283f-253e-4a85-8c44-e9a332efb5fa,7944959.64616238,7944962.501428522,7944978.238717209,811,200,2.855266141705215,15.737288686446846,288
0e066d21-f418-4f50-9636-b53c93ff8d55,bc659bc8-663d-471a-a12e-0c59d9547f69,7944968.525478418,7944968.694196943,7944978.271531165,1668,200,0.1687185252085328,9.577334221452475,192
ac16485e-3448-4ae2-afa6-41c299d19a35,9a60bc82-ff29-478c-8c21-ee0d51ccfd52,7944971.525272377,7944971.704390843,7944978.424023894,1021,200,0.17911846656352282,6.719633050262928,160
60574a74-f7a7-4a2b-b213-ab74d7cbe866,206f0344-10fd-4960-a755-be0a3f6f3bbd,7944971.525237709,7944971.729937756,7944978.449186791,3107,200,0.20470004715025425,6.7192490343004465,3072
b7502e3e-a945-451b-899c-6dd1d174909d,09949374-a7ce-46b6-aa39-f07bd97c5592,7944969.525695546,7944970.304286823,7944979.500203346,2281,200,0.7785912770777941,9.195916523225605,288
da7ebc2c-4b65-4dee-b442-af3e4411df94,3485b619-1b37-4b4f-8e1d-8aa0da93e034,7944969.525710451,7944970.013169092,7944979.738666545,2506,200,0.4874586407095194,9.725497452542186,176
3b1cda7f-e09d-4872-bd8b-e9dee6edeabb,09568944-6662-4e5d-8d54-0bff73d532f6,7944969.525702896,7944970.016277157,7944979.742161742,3111,200,0.4905742611736059,9.725884585641325,192
16ff08dc-0d96-4b7f-aca6-45d6d4a3c77e,cccc9dbe-4502-4872-9b12-769d77673f1d,7944970.526144112,7944971.345861056,7944979.96912922,4199,200,0.8197169434279203,8.623268163762987,160
f00eb5fe-932c-4550-8cb0-b594d1610631,2b8dc586-5256-422c-9229-f4b8eefcddd0,7944970.526124448,7944971.098349387,7944980.003702897,5913,200,0.5722249392420053,8.905353509820998,160
e1e8278b-a7ca-4e2d-ac50-d2755a2aa547,87314585-0afd-4ab0-bd35-e2fc49ee41f3,7944971.525277264,7944971.894619412,7944980.6355359955,2275,200,0.369342147372663,8.740916583687067,176
cce91e16-bd3d-4ace-b56d-c4ed56b2cb8d,8bd06411-2a97-4d1a-9f2e-81afe0d01431,7944972.52567401,7944973.497687531,7944981.078500935,6000,200,0.9720135210081935,7.580813404172659,176
b8065f83-4852-400a-933d-f81ec479c19c,0c088333-cd29-4f23-8a4a-0cf56c813650,7944974.525344173,7944974.609533665,7944981.210960565,453,200,0.08418949134647846,6.601426900364459,160
1396ef95-0763-4d0a-be53-0c17bb7a78a8,9c23d8ae-2e9f-48b6-9113-21e16faaa8a3,7944972.525654566,7944973.127886303,7944981.546646961,6383,200,0.6022317372262478,8.418760658241808,224
e722b14f-9109-490a-902e-570a8985ed4a,2955f639-3b78-49d1-a2f3-b0f758fad6c5,7944972.52566647,7944973.383278311,7944981.576520901,3411,200,0.8576118415221572,8.193242589943111,224
b2359430-22d0-4d68-801e-fa5ac71d4d97,44799ff2-229c-4fd0-92ef-7a633a2039d2,7944973.525530186,7944973.738567765,7944982.050717755,1627,200,0.21303757932037115,8.312149990350008,288
34773d71-cf44-489e-aee4-6f0f7258ae75,8b212c9c-ea48-4d57-bfab-a5ab8835c373,7944971.525282254,7944971.935870959,7944982.226875727,2959,200,0.4105887049809098,10.291004767641425,224
1a1cd8ba-6240-47a1-beb4-719d9d2c0b02,581cafb2-14db-48e1-b497-71c378c83cdb,7944973.525523739,7944974.317895429,7944982.599491058,2378,200,0.7923716902732849,8.281595628708601,0
8d8d799e-06d6-43d6-9e7c-f268a0ba8d28,e4055763-dcd0-4e11-99b3-4b8d69dbb4f9,7944975.525599956,7944976.304700474,7944983.369640669,5477,200,0.7791005186736584,7.06494019459933,192
179886cb-c53b-4b08-ab38-937fb9589c4c,80d6a26a-30a3-4997-9ed8-11a621ce4975,7944975.525613534,7944976.57635221,7944983.388682012,5928,200,1.050738675519824,6.812329802662134,176
462dc289-8ae6-4eb2-83be-c2c510b10150,058854c1-ae9d-4f19-bffe-57da6a791ee7,7944973.525527374,7944974.040732001,7944984.146705477,5911,200,0.5152046270668507,10.1059734756127,224
68972294-4e5a-4db7-a672-5b881c830eef,891583e8-f336-4c0d-9006-bc45c2c31f19,7944973.525532865,7944974.242108703,7944984.169892617,2587,200,0.7165758376941085,9.927783913910389,224
6424a860-b508-4282-bdab-0e54f8b5c22b,5707dd1d-3bc2-4a67-a45e-321e76e74e30,7944974.525333035,7944974.713891326,7944984.648026018,2443,200,0.18855829164385796,9.934134691953659,464
d3abbb45-3d68-4f32-b956-9172fe82a8f2,b8a8c506-a4d7-4d39-80d8-cc59849f7d3b,7944966.525220606,7944967.745280883,7944984.66901184,5804,200,1.2200602777302265,16.9237309563905,160
22b80eff-361a-4e46-8bbc-78774fac495d,2002ac2f-1022-4ba7-b8d0-7d2b9b49c4b7,7944976.525751346,7944977.236933938,7944984.677655507,5946,200,0.7111825924366713,7.440721568651497,192
73b509ce-5cd0-48e5-9287-697c47d355e3,1d4fc044-b804-4ab8-beaa-739f6461a410,7944969.525713441,7944970.738316862,7944985.115658941,5783,200,1.2126034209504724,14.377342078834772,224
7899de0c-9bea-414e-b81a-485880424f0d,ceaf21ec-26f8-417e-a69e-1143f6293e21,7944969.525684958,7944971.364969436,7944985.147067461,4751,200,1.8392844777554274,13.782098025083542,192
55932712-ee2e-412f-b6b0-80ac23540a8a,206f0344-10fd-4960-a755-be0a3f6f3bbd,7944977.525213626,7944977.628692866,7944985.8873551665,3107,200,0.10347924008965492,8.258662300184369,3104
2210887a-d432-49ae-9d5a-0ed8a8507eb4,955e558f-d908-48ba-88ef-03b1c7df7109,7944978.525541373,7944978.975775005,7944986.157318926,4977,200,0.45023363269865513,7.181543921120465,176
8b033b07-47fa-432a-b056-3f4809319695,173c7ed0-d375-4c31-abfa-db61bbfe20c7,7944978.525552129,7944979.6013817,7944986.178851125,5976,200,1.0758295701816678,6.577469425275922,176
dd2a1b1e-e8ca-4ea4-84b9-5ca860283326,888d1b4a-3dbf-4e29-9ea3-02e0203d227a,7944979.526054261,7944980.029944933,7944986.203120387,5737,200,0.5038906717672944,6.1731754541397095,224
d5b0ded4-837b-430e-92b9-c20180480259,1edc951a-aeb3-46c2-b806-af9c028d1a18,7944978.525556637,7944979.033440832,7944986.505951665,5876,200,0.507884195074439,7.4725108332931995,176
1c58006b-67d6-486b-b67e-189cebaf775f,a45d05eb-54ba-4fd1-9933-c28287ad60cb,7944975.52557943,7944976.032989709,7944987.19374888,5039,200,0.5074102785438299,11.160759171471,288
1d88086a-6edf-4c39-a897-9d32b80396a8,002db97f-d904-4618-9d3d-f18ec66405a4,7944975.525609619,7944976.658906264,7944987.219708126,1030,200,1.1332966452464461,10.560801861807704,224
92f8d363-031c-4ae8-94c8-303188bbe382,de1cb9d3-2a56-4689-8587-49e37031cda1,7944975.525596858,7944976.661949002,7944987.2229721965,5917,200,1.1363521441817284,10.561023194342852,192
70595515-7558-4a3f-9866-8c0cbb202dbb,90eac966-f9f9-4b13-840f-dcacc715be88,7944979.526050592,7944980.376262108,7944987.223324071,2574,200,0.8502115160226822,6.8470619628205895,160
260d4891-529f-4460-a068-09cbafb5b4f3,21ebc05f-9098-4bc5-bfc2-c516502ade11,7944979.526042844,7944980.377741978,7944987.225555598,5847,200,0.8516991334035993,6.847813620232046,224
b4f6e270-35f6-4556-b97c-4ee0a39c1474,fe84a795-3452-40db-ae44-f13da36f0758,7944975.525616641,7944977.166769771,7944987.24002031,1835,200,1.641153129749,10.073250538669527,160
639e3d70-48d8-4854-a1c2-f5654ca3be95,406fc7fd-d2a5-420f-961b-1506a9707b16,7944976.525747669,7944977.171536028,7944987.248268115,1517,200,0.6457883594557643,10.07673208694905,192
08cb2c8d-52b8-49cf-8070-6013291ee032,d252e60d-edab-4978-9586-9e14da1d1967,7944974.525348713,7944975.02268255,7944987.40894777,5827,200,0.49733383767306805,12.386265219189227,192
55a45e2f-542a-4306-a43b-89b1fd9561d0,a545f5b3-f164-46c9-8d79-39167b9f8286,7944975.525606406,7944977.548329674,7944987.56261657,5632,200,2.022723267786205,10.01428689621389,176
ee7ab24c-2155-4928-a1c5-0f5863d41698,4ddd1e32-d3bb-4f1b-85c5-62bd498bc77c,7944975.525592888,7944977.552388277,7944987.5668312,5935,200,2.0267953891307116,10.014442923478782,176
ce61a3be-05e4-46a6-b165-fca06578f748,11f3143e-3964-4b2e-9172-3c0a197bffb3,7944977.525220382,7944977.729013745,7944987.606691564,1151,200,0.20379336271435022,9.877677819691598,176
08a1ec19-837b-451f-af0d-6e9fa73e7062,d9aba008-4017-4c68-8912-125b57839d03,7944977.525224196,7944978.1020119665,7944987.774710011,6033,200,0.5767877707257867,9.672698044218123,192
566cfa1c-c561-4c83-a29f-a75b1c6ded5f,d1752466-c0f7-4061-b019-7354f72bcec8,7944979.5260472,7944979.694290599,7944988.0880569555,1461,200,0.16824339888989925,8.393766356632113,160
51cbec28-f369-4bf1-8af8-e35e811a92cc,0104d5da-d6e8-4faf-a555-f9f6d4a7bb8f,7944981.525737741,7944981.805618427,7944988.259626592,665,200,0.2798806857317686,6.454008164815605,176
b6ca1b0e-b193-4e32-b23c-92cffb4c8d70,251488a3-474a-4d1e-86f6-49623c84f87d,7944981.525733897,7944982.060711161,7944988.397039165,5808,200,0.5349772637709975,6.336328003555536,176
3ad06b69-3fc6-45cb-8458-eca1522f5677,b5020e1f-f713-4b05-920e-7988067b8e7b,7944973.525535636,7944973.660428506,7944988.4274485335,504,200,0.13489287067204714,14.767020027153194,288
b5c1a69e-59aa-4ba5-9c0a-76341327fb21,c4912c0a-1917-4901-aeba-06b519a9c680,7944980.525966457,7944980.967687169,7944988.905912516,3579,200,0.4417207119986415,7.938225346617401,160
2c6f2140-9936-47aa-8daf-251110145070,61323445-bb9c-4486-9178-e666521fb517,7944980.525951883,7944980.9690907905,7944988.90982281,1616,200,0.44313890766352415,7.94073201995343,176
2d7537ae-30b7-41b3-aa56-8a83a13eeb59,883f0b54-25dc-44e0-9215-8602edef29fe,7944972.525670954,7944975.724294056,7944988.994204837,5873,200,3.198623102158308,13.269910780712962,4544
7db1eb05-0551-4e3f-91a5-ae7073d9f44c,b5058d29-2d8e-4366-87a2-b76d642064a2,7944973.525514124,7944976.359043503,7944989.023709277,5941,200,2.8335293792188168,12.664665773510933,176
611b4b14-0465-46ee-82a1-350c4df90e5a,3184283f-253e-4a85-8c44-e9a332efb5fa,7944975.525603434,7944978.84801328,7944989.130479203,870,200,3.3224098458886147,10.282465922646224,784
4e7be08d-f874-4258-a63f-3bbe9f391f10,7130a567-3a9a-4453-8f82-99755c0b6a3d,7944976.525733373,7944978.852239554,7944989.134636005,1769,200,2.326506180688739,10.282396451570094,192
d9be81fa-7974-47e4-bb7b-73e56c02e3ed,76503d6d-6696-4fd5-af0e-45bfc2fe4650,7944981.525712245,7944982.50860646,7944989.153283507,5631,200,0.9828942148014903,6.644677046686411,176
aeaa4a46-1b3a-4a0f-93e2-38514ad809d5,92c2ad05-69a2-48ed-a395-2c0a4761e8d9,7944977.525228252,7944979.474091705,7944989.153686007,392,200,1.948863453231752,9.679594301618636,192
c659a950-4d58-481a-a8d8-b6255efc2c53,b2a73fb5-90d1-4be5-87bb-fdae89d6d738,7944979.526029978,7944980.548394362,7944989.201479598,5473,200,1.022364384494722,8.653085235506296,224
8eb65f9f-d926-44c1-a073-189f8fdc57aa,07583164-3263-4e77-894a-da67b5fd9ffe,7944982.525877632,7944983.286144699,7944990.033991609,5892,200,0.7602670667693019,6.747846909798682,224
9a1ec71d-1db5-4790-b3d0-fb7925e2103d,30d8dc98-40d0-4b1f-a0b8-260e230c3a47,7944983.525306519,7944983.863123752,7944990.041064224,3690,200,0.33781723305583,6.1779404720291495,176
df437849-d576-42a2-a0c1-be610a1f2718,59577ac9-a9d1-4bb2-ab3b-4f52b1dd4f35,7944982.525890372,7944983.369049632,7944990.054208018,3703,200,0.8431592602282763,6.685158385895193,176
3cd1a855-42fe-4d3f-bdd9-528c5c4bf3d4,6e68fbb7-44e5-4019-bbfe-fb6932f45916,7944981.525723405,7944982.14624457,7944990.249943059,4610,200,0.6205211644992232,8.103698489256203,176
c918f7a6-3250-40b9-9f6e-b9c8bcf50576,9501b8ca-1708-414f-8cc1-3f76c4e7d95b,7944984.525254378,7944985.359460336,7944990.412931628,5898,200,0.8342059580609202,5.053471291437745,224
4fdc560d-7ed5-4bfc-aaef-818c9a9c3454,11e52e6b-5b09-48ab-af7d-e3fc792cafc9,7944984.52526932,7944985.611772041,7944990.427449478,4692,200,1.0865027206018567,4.815677436999977,192
9eab6912-64fd-4026-bd25-2bf0c86d658e,b877c6dc-7cbe-468c-a00b-fd52e84fac81,7944982.525887074,7944983.127276047,7944990.911142937,5847,200,0.6013889731839299,7.783866889774799,224
599e5175-2099-4343-9502-9bec77ff5a7b,63ae79f5-b02f-40c7-b5e9-2105766c1ba2,7944980.525962948,7944981.605195897,7944991.34331586,5989,200,1.0792329488322139,9.738119963556528,176
bb3b311d-1b82-49ab-bda0-4fba5fb93f2f,115663df-1f7f-46bb-a3c1-a4afa38184ad,7944985.525494691,7944986.130970576,7944991.653147605,5499,200,0.6054758848622441,5.522177029401064,192
24525965-5734-4e51-a21b-4b46fed2403e,ce085c11-89ed-492b-a423-23ceb4fb69f5,7944982.525899988,7944983.269731247,7944992.04392278,3372,200,0.7438312591984868,8.774191533215344,224
7f934ee3-8d85-40c7-81de-93d9bb2a2e37,a25e3df9-dbff-4d55-96a3-c6f85b4f539a,7944982.525893606,7944983.271557229,7944992.046000632,3784,200,0.7456636223942041,8.774443403817713,192
be9489c1-985c-4d83-862a-9a81a2c2fc7e,2603ff50-67ba-4bd5-a528-2273d9612c7c,7944982.525903548,7944983.460714739,7944992.067789552,3801,200,0.9348111907020211,8.607074812985957,192
806fe614-9501-438b-8926-0f43bf702eb4,ec7bb297-42dc-4a67-8e04-91fc94f31698,7944984.525280769,7944985.855473756,7944993.173804821,5828,200,1.3301929868757725,7.318331065587699,176
a9e823fe-bf64-4695-841b-63f7f03fb299,883f0b54-25dc-44e0-9215-8602edef29fe,7944985.525504986,7944986.490407556,7944993.318515915,5836,200,0.9649025704711676,6.828108359128237,384
de9c861b-a137-4abd-9fc9-995c71980da2,20d00695-8e08-4f17-924b-926a9c74f1b9,7944984.525265075,7944984.936542883,7944993.618645128,3083,200,0.41127780731767416,8.682102245278656,208
835c07e2-39ae-421b-b5d3-1a8deced0d03,797bd915-1032-46da-920e-403068e09527,7944984.525277516,7944985.33680969,7944993.640783953,5365,200,0.8115321742370725,8.303974262438715,160
126749d7-b446-485b-abe3-9f827b4b61d3,1e40b54c-3793-4468-b809-ba91f551ac2e,7944985.525483545,7944986.408100735,7944993.888376835,1277,200,0.8826171904802322,7.480276099406183,160
99fcf4a3-31be-4261-9daa-6786d2dcb018,4ccaf862-bed2-4892-81a9-316293caf6fb,7944977.525203772,7944977.850534809,7944993.891359354,702,200,0.32533103693276644,16.040824545547366,176
0d5328df-0e1c-412d-a9b0-cbca7ccc3ae1,f97e18a5-ea51-46b0-9505-c9b37b325a39,7944977.525217232,7944977.849913109,7944993.892213232,2905,200,0.32469587679952383,16.04230012279004,192
7e702091-436e-4507-a6a7-b45dc050e180,09949374-a7ce-46b6-aa39-f07bd97c5592,7944986.526199165,7944986.929708538,7944994.1916905,2283,200,0.4035093728452921,7.261981962248683,416
8e5f9682-38d3-41ab-90e1-e9e4d18f5a95,7f7a494e-90e0-476d-baf2-516fec178f74,7944987.525304965,7944987.840138161,7944994.280957466,3206,200,0.3148331958800554,6.440819305367768,160
2d45fdc7-90c3-4e5d-997c-d72541f7468f,90cd916e-2987-4e81-8dfd-f79135d0d144,7944989.526166982,7944990.010638265,7944994.476128535,1760,200,0.48447128292173147,4.465490270406008,224
64a1d110-7206-4237-a285-c86b2f81f489,4fa05cf5-5021-40af-844f-f5c785ee08e8,7944978.52555982,7944978.985643904,7944994.960033799,5222,200,0.4600840834900737,15.974389894865453,192
9460b7ac-cec9-420b-a2b3-383636b1c2c1,66f8daaa-1aa0-44ba-9a50-499c33dcb7eb,7944981.52573069,7944981.7503351215,7944995.456335341,1987,200,0.22460443153977394,13.706000219099224,192
c7e18e89-edf6-4b5d-a12a-4261be092484,aa87f8e3-ab3b-4cf3-b3d4-fee2b6f02839,7944981.52574107,7944982.246139534,7944995.483799523,6453,200,0.7203984642401338,13.237659988924861,160
a094d724-0487-478c-aab7-675a309b8bec,dc7cc2cf-51a3-4fd4-a1c4-8e2d70091727,7944989.526188082,7944989.892058776,7944995.621162867,2403,200,0.36587069369852543,5.729104091413319,224
a6e99c6e-7283-4393-9fa6-e1dc5ecbc128,b784492e-fbfe-4f5c-ad22-38777c9aa7a1,7944989.526197188,7944989.890011212,7944995.6197307175,946,200,0.3638140242546797,5.729719505645335,848
ca4cfaa5-f70d-4fb9-842b-e348d5b92e26,10886dd2-2de3-49b4-b564-c32307865e79,7944988.525738086,7944988.651208158,7944996.007858181,1328,200,0.12547007203102112,7.3566500237211585,160
63815e9e-c47b-40e3-a2ac-884668f2537f,cdf3ae04-1fc3-4f8e-89b7-6d59f3657210,7944990.525484399,7944990.863216283,7944997.147033913,1996,200,0.3377318838611245,6.283817630261183,224
1fb326f0-e995-4c66-982f-0d1aa5eef2d2,501965a3-4916-4512-bcbf-c5576665398b,7944990.525502182,7944991.277239448,7944997.16637145,5724,200,0.7517372667789459,5.889132001437247,192
da1c7bfe-4b94-4caf-9b14-a9bd23fcdaa3,33748c07-1927-42a2-a7bc-a67ebecdee26,7944989.526191237,7944991.041811745,7944997.484290254,3078,200,1.5156205072999,6.442478509619832,256
510e2a34-fc72-42b3-bbc5-efa88a060a67,d2f92852-26d9-43bc-8aaf-92b326f7584b,7944989.526177604,7944991.045226326,7944997.487599346,5963,200,1.519048722460866,6.442373019643128,176
4337698f-1671-488c-9352-9e492e5754a6,9be7a5b1-387d-4667-ab3e-b4601fda05fe,7944981.525727365,7944982.012200638,7944998.303075379,4321,200,0.4864732725545764,16.29087474104017,192
5500de9b-6ec3-437b-ad68-29fbd8a7ffc9,129d78a0-3363-4f67-b53a-9a7a41a3edf0,7944992.526031529,7944992.79440072,7944998.314049173,2721,200,0.26836919132620096,5.519648453220725,176
e4452c5b-4b68-4fbd-8b3c-43963be9647c,2fdd1598-2391-4e80-8c6d-7d62b2c2cad0,7944982.525896494,7944983.11555451,7944998.343213237,5883,200,0.5896580154076219,15.22765872720629,160
4c68c5d8-1150-4a87-8030-643251892f6a,70a0cd83-d8aa-47dd-b9fc-723e67189601,7944983.525295082,7944983.955484866,7944999.569546467,5197,200,0.4301897846162319,15.614061600528657,176
493c9a10-68cc-4062-91f5-844e0240b0a4,d676b662-4956-47d5-a78c-709dc0d2d700,7944983.52530962,7944984.045999228,7945000.257607543,5781,200,0.5206896075978875,16.21160831488669,224
b8153899-53fa-4f9f-8a4e-5af3be1536af,8528c006-00f5-40f6-8a25-77286922ebac,7944990.52549433,7944991.605657498,7945000.450340869,2865,200,1.080163168720901,8.844683370552957,288
d247d13b-7601-4ddd-bb95-bd3e678a1916,61da347d-e982-42dd-92bc-c0eeeaf1345b,7944990.525504961,7944991.929198419,7945000.471109812,5880,200,1.4036934580653906,8.541911393404007,176
ab95f998-810e-42a7-aa0e-ae7550e33204,2fb02323-52e9-4187-9ca6-8cc5150e5a64,7944991.52596393,7944992.585433261,7945000.492996075,5176,200,1.059469330124557,7.90756281465292,224
4dbe7526-5335-4d05-ae00-0dae481e42aa,e9ff9ac4-03c5-4847-adef-817376ec63f6,7944991.525972664,7944992.771483675,7945000.513975333,5804,200,1.2455110102891922,7.7424916587769985,160
756e0e74-4a73-48c9-b236-e135187feab2,7410f9b3-d0f1-44ad-8b07-2f08d10d62d4,7944992.526020481,7944993.089035346,7945000.631309336,5974,200,0.5630148649215698,7.542273989878595,192
be99e71b-ffe5-4c75-a324-19fbe64fe29f,d34ef4f4-832b-4682-9b3f-4e15cf871b7a,7944984.525284576,7944985.378632716,7945001.098509832,1808,200,0.8533481396734715,15.719877116382122,192
cfbef9fe-daaf-48d4-9181-b0314602f147,0a176c92-6bad-4d6a-adde-1f8995807ae7,7944993.525291,7944994.1501660235,7945001.235117627,1973,200,0.6248750239610672,7.084951603785157,224
82fadc0f-f7eb-4a38-b153-e81903bd61f4,8c2018d5-787d-44cb-8f91-f4bf0c1e1a79,7944993.525283894,7944993.696733756,7945001.421081514,1090,200,0.17144986242055893,7.724347758106887,176
23ca720d-a9fd-4c29-83ea-e53f0c1178e0,6e7ec47e-64f8-4ae8-b1f6-f08af017e765,7944985.525498047,7944986.047769734,7945001.674797882,5990,200,0.5222716871649027,15.62702814862132,192
3d88bd0c-55ff-489c-bd60-ba3261e09ed8,9709521f-0ab0-47fc-beee-1f3fefa5a01d,7944984.525273244,7944985.788502941,7945001.999796574,5792,200,1.2632296970114112,16.21129363309592,224
a3aaa9fb-a966-45a6-ac76-21392d641018,68116ed8-b5c6-48f2-aec5-abd04f9e9f0b,7944994.526126717,7944994.921205634,7945002.179966017,1312,200,0.39507891703397036,7.258760382421315,192
878529b5-ca1e-485c-a9b4-d3034e5e4551,f8a395f3-d38f-442c-84cb-85ddb20fa644,7944994.526123234,7944995.471530914,7945002.958738072,5780,200,0.9454076802358031,7.487207157537341,192
ab2ba6b9-705e-495b-aae7-eb40078958c0,6cef4305-80a1-4608-bd96-ea4a1c9f3872,7944985.525501293,7944987.039053604,7945003.2769113025,1376,200,1.5135523108765483,16.237857698462903,288
d3a53b1e-7ec6-4742-bd22-6cb6ea10428d,c1bdc00a-0eef-4870-968c-2d503e49dc8b,7944985.525509252,7944987.037993995,7945003.275714229,479,200,1.5124847423285246,16.237720234319568,160
06decaef-3fda-4975-a84e-6ea5913604f6,7ba0da8a-0f56-4c28-b2a7-81100b97567a,7944995.525834235,7944995.983170105,7945003.415624128,5773,200,0.45733586978167295,7.432454022578895,160
8b18639a-cb9d-4426-919f-978aa068e4c9,2b3753bd-a6a3-47ab-a1c6-98604516c789,7944991.525960412,7944992.674818908,7945003.472527626,5702,200,1.1488584959879518,10.79770871810615,176
6ba7fefc-8455-4b16-9e96-8c05449139ff,180db37d-6447-4813-8c8c-57e38b2e8569,7944991.525968746,7944993.272599712,7945003.496212465,5882,200,1.746630965732038,10.223612752743065,176
2dc4e774-f8d5-44bd-8527-aff3d8d4bdbf,5851d51b-6e17-492e-ad31-2585933c39f8,7944993.525270775,7944994.19271398,7945003.608282077,876,200,0.6674432046711445,9.415568097494543,176
2f621656-02f1-48a1-a86d-14a07182f82e,8f4d7574-7282-48c9-8a83-892af65ddb2b,7944986.526193141,7944987.503554978,7945003.890028103,2905,200,0.9773618374019861,16.386473124846816,160
cc425e05-627d-4b4c-b3be-3ca67f4fb7be,2f00ecb3-5431-475c-92c8-62f44e364157,7944986.52619602,7944987.503858608,7945003.889437985,991,200,0.9776625884696841,16.385579376481473,176
e3224881-e250-435b-90da-a8fda15ed412,4362c328-9eb3-4a33-a269-97c946d7258f,7944986.526177255,7944987.76638515,7945003.923784793,1301,200,1.240207894705236,16.157399643212557,160
83417323-49fc-47a2-baa0-89049d3c26ab,ad7e60f0-cad9-4492-8c1d-d5e2ecf571d8,7944986.526190285,7944987.7643163605,7945003.92299596,3046,200,1.2381260758265853,16.15867959987372,3040
9ff513cf-c056-4b33-ac86-63b227a10dbd,b0a8a409-394f-4ffd-bcce-bdd749fb2fa3,7944986.526186675,7944987.76560993,7945003.924210077,5869,200,1.2394232554361224,16.158600146882236,176
3b0a4ec7-8c5c-4b71-8866-ba33c1017e53,744f1fca-f13a-4e8e-b779-7c7d5ab37c92,7944997.526597007,7944997.829022772,7945004.330714561,3335,200,0.3024257645010948,6.501691789366305,160
125709fc-08d6-497f-9bb4-a2c0b9ce453d,f26c2882-a4f8-46dc-b166-abfa1e6e2e55,7944997.526605891,7944998.445800282,7945004.349601101,5861,200,0.9191943909972906,5.903800819069147,192
f71f7599-b098-47d0-9e07-39147aa56e79,eb6fc569-f517-4d51-9933-f67bccb33d30,7944998.525969856,7944999.220639778,7945004.3882565955,5783,200,0.6946699218824506,5.167616817168891,160
84e56a26-e3cd-45b0-8e3f-677ade451075,7833a30a-00a0-41c1-a0bc-3fdcc7f6d451,7944998.525973418,7944999.22100603,7945004.389869881,1422,200,0.6950326124206185,5.168863850645721,160
2656af83-8136-4fe8-9425-c494e585e613,1d4fc044-b804-4ab8-beaa-739f6461a410,7944991.525956622,7944992.326057452,7945004.476683061,5783,200,0.8001008294522762,12.150625608861446,224
732d681b-0eb2-4036-a15b-805869b7b928,ffa8cb2b-5eef-4185-a4ef-6d4f64d0fb00,7944987.52529099,7944988.376836805,7945004.592043101,5101,200,0.8515458144247532,16.21520629618317,176
ad2af179-3de8-4967-b5cc-bd046ae2f139,97722cf0-7560-4de1-b0a8-de3edea84c1a,7944997.526609495,7944997.946913943,7945004.921262147,2229,200,0.42030444741249084,6.974348204210401,224
fd979422-5b8e-4338-82d8-09afc7b0d0aa,8dade6a5-bf2d-40aa-a543-271cc7bb9712,7944987.525301544,7944988.303407359,7945005.039718885,5885,200,0.7781058149412274,16.736311526037753,160
9a29ae31-1998-43ef-971f-c7d119a5c6a9,393fae3d-bfae-4a69-9f62-03842f08111c,7944998.525980025,7944998.689974458,7945005.175412226,1682,200,0.16399443335831165,6.485437767580152,224
12c214ea-1320-492a-a372-ccd18c856405,0b164cbb-2285-4c89-bbd3-c2dfe7308d2b,7944987.525307902,7944988.842672844,7945005.212215936,5965,200,1.3173649422824383,16.369543091394007,224
f77e6349-a951-4165-a344-0f90df4bc487,e1135eac-1064-49ba-a7c1-5a74913bedcc,7944999.52525878,7945000.016799083,7945005.932593599,5792,200,0.4915403025224805,5.91579451598227,224
db06df17-1135-4368-91ef-6fd92303f58f,13bf4747-7181-4b99-8257-956161184c4d,7945000.525743151,7945000.7131568175,7945006.139922969,1399,200,0.18741366639733315,5.426766151562333,160
1e4c2435-12c7-46e8-9d45-99c9db12c6f1,4bc56cea-5d7e-4140-9532-23e375f8878d,7945000.525735096,7945000.8081103945,7945006.434206465,2658,200,0.2823752984404564,5.626096070744097,288
9a268b33-28a5-4bb9-a17d-9764c2e01050,7ae3900f-76a2-4cb3-a3da-2def907610c5,7945000.52573792,7945001.317320769,7945006.452672604,6561,200,0.7915828488767147,5.135351834818721,160
3c780d0e-ee45-48e5-ad55-c35ff3eea940,19263e45-89bd-4a00-a708-a3bf3f0e3af5,7944992.526023928,7944992.788466315,7945006.717479705,2372,200,0.26244238670915365,13.929013390094042,160
013ab166-5bc5-475c-831e-ee46ef2b9ed0,edb3862b-f606-4e5c-8e94-766f443c2f84,7944991.5259435,7944992.607002979,7945006.815251739,5782,176,1.0810594791546464,14.208248759619892,192
2907205f-72f5-4326-9d1f-df99ea4195a6,41cce6dd-cab9-4cbe-851b-220d03250877,7944989.526181239,7944990.568158541,7945007.107378426,6072,200,1.04197730217129,16.539219885133207,192
7bf46957-5b87-4334-b4a9-be90311ac5c9,30ce9d58-97d0-429c-b6b5-fdf822a72a11,7944989.52619423,7944990.083180025,7945007.406451596,820,200,0.5569857954978943,17.32327157072723,192
2e7df2ba-67e7-42cb-95e6-d76ac2ba1665,382f6d63-c0ce-4999-b557-6dc2a064bcb9,7944989.526184721,7944990.089326767,7945007.411905499,1640,200,0.5631420463323593,17.322578731924295,176
8d4dd43f-3d7f-4b39-98a8-b431bc6fc695,61da347d-e982-42dd-92bc-c0eeeaf1345b,7945001.5259032,7945001.89572969,7945007.955207748,5880,200,0.36982649005949497,6.059478058479726,5840
0f763378-f254-4b08-85f3-be0e90916816,6fe28cf9-22b0-4265-be26-a1ebfe37406c,7944998.525959342,7944999.049034982,7945008.345962335,4365,200,0.5230756402015686,9.29692735336721,192
ce575c48-7359-4ab0-96fb-36771058b142,ce2a3b2e-a3d4-438b-8c8c-85e2f9567b51,7944999.525262588,7945000.161350651,7945008.402113768,1678,200,0.6360880630090833,8.240763117559254,192
231af679-a917-4e4d-bdd0-6b3abd05f068,b710b504-2065-4aea-b3b6-ab4ec3d9d95c,7944999.525270041,7945000.158551448,7945008.399702036,5991,200,0.6332814069464803,8.241150587797165,176
81744ebb-16c9-4f66-9697-0cbc576a82ec,8797a59b-ae3b-4e72-b6ad-b0e2f7f7f714,7945000.525745379,7945000.940592827,7945008.546192408,2123,200,0.4148474484682083,7.605599580332637,0
4183ed8d-640a-459a-bff9-28711af71426,09a114dc-9e26-41a2-9556-c7dda7572a3b,7945001.525931241,7945002.06068578,7945008.689414317,2576,200,0.5347545389086008,6.628728536888957,0
811ffa48-4944-42de-83c0-b2ca2eecd93f,dee00dc4-6c2c-40ff-bf40-7c5e47c6ac10,7945001.525920493,7945002.063178335,7945008.692143899,3481,200,0.5372578427195549,6.628965564072132,176
f17f154b-7d18-41f2-be27-040a728ff9a0,24b68f03-c2a5-41eb-9a8b-7465c5d30b08,7944990.525498966,7944991.62693841,7945008.715537199,5857,200,1.101439444348216,17.0885987887159,160
4aecd4d1-6ae1-425c-b701-8037f3b5cf1d,1fbe680b-764f-412f-b308-a3332b53fe1c,7944990.525508026,7944991.625243647,7945008.714290155,2216,200,1.0997356213629246,17.089046508073807,192
f4ad214a-7fe2-4115-90d8-1de0ae2bc1a0,c2ad791f-4117-4ad9-b9a2-99f3f07bd05d,7944993.52528744,7944994.057329091,7945008.83193874,5592,200,0.5320416511967778,14.774609648622572,192
b8866f4b-47a9-4fa7-be35-a921c4614dd1,8da9f4fd-8b1a-4c55-bb46-ab458d8c82df,7945001.525912993,7945001.998783898,7945009.283794078,4721,200,0.4728709049522877,7.285010180436075,160
9653ef5a-bc44-4fbe-b021-1b4924b2fd01,2955f639-3b78-49d1-a2f3-b0f758fad6c5,7944991.525976508,7944992.62059104,7945009.285867883,3411,200,1.0946145318448544,16.665276843123138,224
e1fd3bdc-e6e7-43e8-9481-6820b8063a83,adf12826-add9-4cd4-bd47-2194a5a19109,7945003.525683303,7945003.78030335,7945010.042427088,2715,200,0.25462004635483027,6.262123738415539,224
28ade564-0502-4aa4-9020-67c4b2e4c793,0104d5da-d6e8-4faf-a555-f9f6d4a7bb8f,7945002.525433212,7945002.991943559,7945010.129479583,665,200,0.4665103470906615,7.137536024674773,656
1172c64b-4c5a-45f8-9efa-dd651c0fec16,68cfd125-d1c7-4af5-add1-8ab587fd3cbe,7944992.52603507,7944994.1446549,7945010.1391864475,5951,200,1.618619829416275,15.994531547650695,192
5dc6cf68-cec4-444f-b5dc-36d6bf270d9f,453b70a7-3fa4-4b8d-9188-2d3a24557050,7944992.52602824,7944993.603232981,7945010.485818717,3689,200,1.0772047406062484,16.882585735991597,192
106a0ae2-da19-4095-bd4b-ed3027a0b346,b5020e1f-f713-4b05-920e-7988067b8e7b,7944992.526006746,7944993.607288209,7945010.490672997,560,200,1.0812814626842737,16.883384788408875,288
5d098182-f3e1-4231-a8bb-19b20587a5f0,2603ff50-67ba-4bd5-a528-2273d9612c7c,7945001.525927547,7945002.226702904,7945010.64765344,3789,200,0.7007753569632769,8.420950535684824,3760
1d475cc8-8501-44e4-91d6-1673672200cf,37b90b9b-6de7-4659-ba6d-75350a409e9c,7945003.525679398,7945004.384492468,7945010.701042481,5902,200,0.8588130697607994,6.316550012677908,176
65837d7a-0c69-45a6-8aab-4a25927f22b2,59afa03e-f016-4d4c-94ab-104f8f1d022f,7945004.526170454,7945005.284192951,7945010.837391148,6035,200,0.758022497408092,5.553198196925223,192
87fb8d5c-5c7c-474f-9531-1ec6d4954e38,8b43bf2e-338c-4849-9dd0-aa257e300599,7945004.52617851,7945005.338081738,7945010.854469619,2936,200,0.8119032280519605,5.516387880779803,176
1b4a6da6-8925-49fa-bce9-0376dc833076,101492b9-9475-4eb9-99da-f208aba5c340,7944994.526112972,7944994.751455139,7945011.455331189,1367,200,0.2253421675413847,16.703876049257815,176
65e8aa44-dcde-4515-933d-d9233926ae88,1d803b13-be9f-4e66-8c79-38894ebdad27,7944996.525392701,7944997.333077645,7945012.242687239,6006,200,0.807684944011271,14.909609594382346,160
90787074-8fe0-46d4-96a3-384c54f24d6e,613b35ed-e230-402d-9c6e-c846bdeb3aaf,7945005.525501056,7945005.640458011,7945012.425687857,1110,200,0.11495695542544127,6.785229845903814,160
24825d8c-e474-4bba-91f5-b44de43263a4,177caf44-e560-4f63-9203-72a9c447600c,7945006.525852991,7945006.738483549,7945012.734632682,1245,200,0.2126305578276515,5.996149132959545,192
b038ef7c-9c24-4ef7-9c5d-51431633f94d,4fdecc74-bef3-4932-b7fb-8c11f1c1ac7e,7944995.525837959,7944996.038076386,7945012.76671588,5625,200,0.5122384270653129,16.72863949369639,224
7c8848de-3a25-4e4e-ab18-3174505b835e,cdf3ae04-1fc3-4f8e-89b7-6d59f3657210,7945007.525286937,7945007.627690022,7945013.091136581,1996,200,0.10240308474749327,5.463446559384465,1984
6907e19b-fcd5-4e0d-8cc9-267faf6fa24e,11dfe4ca-c40e-4ec0-9baf-a1e65dd9a209,7945006.525857682,7945007.08781575,7945013.154885405,5631,200,0.5619580680504441,6.067069654352963,192
b5082e40-17ac-4f73-8564-0b93916f6ba2,21110793-74ab-440b-99b4-e8b79c1594f6,7945006.525864435,7945007.930986679,7945013.194589418,5008,200,1.4051222437992692,5.263602739199996,160
70c70875-f69f-479c-a0b3-d5b21b5a6f67,6a1b0852-2faa-43e0-a4af-cb79f4e38636,7945008.525958284,7945009.218633231,7945013.276788624,5888,200,0.6926749469712377,4.058155393227935,176
8f428964-304e-4aee-8b03-c1b3ad94826a,0f3f2660-cb81-42fe-9b2e-142cfb744ded,7944997.526614757,7944998.764050464,7945013.4118254855,1013,200,1.2374357068911195,14.647775021381676,176
64713519-91bd-46d6-a7e2-254ce4921dee,1b83391b-2bd4-40c4-a995-75170573c89a,7944996.525403126,7944997.308321189,7945013.872346453,2187,200,0.782918062992394,16.56402526423335,192
8ecb3670-a650-462e-b1a4-cd04e9a354cd,99a72f5c-3b3d-4bf0-8f1c-500013043e8e,7945008.525968706,7945009.145418674,7945013.926275956,4305,200,0.6194499675184488,4.780857282690704,192
b654f61f-eb9c-4d5a-92c6-5ca1f6ca0d85,c46f3433-c5dc-4f8e-8bd5-92b59359f093,7945009.527191981,7945010.241242798,7945014.4033026,2003,200,0.7140508173033595,4.162059801630676,192
aeb00bd0-2503-449e-bdcb-77359e077091,0c088333-cd29-4f23-8a4a-0cf56c813650,7945011.525569471,7945011.6576913865,7945015.251990224,608,200,0.13212191592901945,3.5942988377064466,160
88c0b371-2ca1-46ba-b67d-d56888315235,7d15b216-bc39-4f34-b2b3-d676febee0a9,7944995.525821961,7944998.578494101,7945015.319282553,5036,200,3.0526721393689513,16.74078845232725,192
cfcffc2a-a783-421f-b630-d9a2e55cbb35,f69dcbd3-4c9e-47a7-a557-6f293de800ba,7945006.525861116,7945006.854667984,7945015.510838999,2524,200,0.3288068678230047,8.65617101546377,160
aa5fc004-54a5-4ba5-9615-fea35a96c2f5,76bb886d-2e0a-4a82-b3e0-8ec5b6cbb908,7945011.525562307,7945011.89838167,7945015.561513906,1232,200,0.37281936313956976,3.663132236339152,288
c4ff4461-134a-415d-80ce-9e77b2587adb,5707dd1d-3bc2-4a67-a45e-321e76e74e30,7945011.525566016,7945011.898318834,7945015.561189091,2489,200,0.37275281734764576,3.6628702571615577,16
a1c2168f-0b3f-4381-902d-bbe0d3c625c4,a1a865e7-f91c-4c48-ad78-52b9da715a75,7944997.5266178,7944998.862438649,7945015.574174012,2444,200,1.3358208490535617,16.71173536311835,224
31999a53-1958-473e-9a40-8abca83a3532,490d6907-3b05-4b2b-891d-36751b955f0c,7945008.525972579,7945009.246225042,7945016.380584406,6510,200,0.720252463594079,7.134359363466501,192
3ee6dbdf-71d6-4d0a-83d7-faa71d4a5954,b5058d29-2d8e-4366-87a2-b76d642064a2,7945000.52574067,7945001.037236854,7945016.597196235,5942,200,0.5114961843937635,15.559959380887449,176
eb238f5a-3af5-4fac-9108-3bbaa52f72fe,68ef1c91-4802-41e0-b853-236b4633b854,7944999.525247105,7945001.107226953,7945016.97332812,3306,200,1.5819798475131392,15.866101167164743,192
22a4253b-4c07-42da-92c4-62cf934c2a4b,a25e3df9-dbff-4d55-96a3-c6f85b4f539a,7945014.525586538,7945014.892266119,7945017.049393806,3787,96,0.36667958088219166,2.157127686776221,192
ae1a2d96-3f39-4914-af6b-06ed78a69110,48bf1d41-819d-4951-b8e2-8c97d4fee09a,7944996.52540686,7945000.86509316,7945017.284367843,5947,200,4.3396863006055355,16.419274682179093,192
50f9d325-ddd7-4e0f-840d-2d7e9e9d0cf6,d13bc539-2bba-4d7f-95c5-d2fd44413a10,7944999.525266296,7945002.288727005,7945017.328938225,5797,200,2.763460708782077,15.040211220271885,160
420d1784-29a5-4ce1-b070-e06c668c38fa,9cabc10f-e27c-45d0-91c6-3489b856ccaa,7945011.525542984,7945012.089416274,7945017.5819704775,6332,200,0.5638732900843024,5.492554203607142,224
1e6b63f5-d811-44b6-b974-e75e1263613c,c05dbe36-22bf-4cd4-a68d-800748fd1d54,7945011.52555132,7945012.249350068,7945017.821068856,2167,200,0.7237987481057644,5.571718787774444,224
39cf85f0-0b23-47a5-9330-ec0020bdbe9d,59a07b68-d027-4c58-8f53-f4dbe747e9a6,7945011.525572719,7945012.2442145515,7945017.816378635,1382,200,0.7186418324708939,5.572164083831012,160
b2a719ee-dbd3-4f23-b5b9-91b3b65740ad,10886dd2-2de3-49b4-b564-c32307865e79,7945012.526362111,7945012.968031643,7945018.123355538,1501,200,0.44166953209787607,5.1553238946944475,160
f37496a2-8b7f-45b8-9f87-ac4aca19b9b6,b2a73fb5-90d1-4be5-87bb-fdae89d6d738,7945001.525917009,7945001.850510379,7945018.253790603,5607,200,0.3245933698490262,16.403280223719776,5440
2f2f47b5-6cc4-4bf4-8fae-dafe304fe877,b580b064-e021-47e2-a51b-e64686077003,7945000.525726578,7945003.922501238,7945018.323430951,5931,200,3.3967746598646045,14.400929712690413,192
466c3014-f9e1-4200-b0d0-53ef2a9fbe7f,dd5d15d5-6aa3-4fac-9f49-55a663b9c877,7945001.525924209,7945004.5875353,7945018.3500436125,4049,200,3.0616110917180777,13.762508312240243,192
1e1c3cb6-9fd9-4036-a38f-ca6dca8104db,ce3fd297-f9eb-4a07-b90a-ff913696a7fb,7945002.525436807,7945005.211426571,7945018.379694272,5857,200,2.6859897635877132,13.168267700821161,224
57075e04-21e9-45a2-8be6-830785f6e606,2b8dc586-5256-422c-9229-f4b8eefcddd0,7945006.525842965,7945007.590794911,7945018.598873157,5805,200,1.064951946027577,11.008078246377409,160
583c29d3-208d-491c-9a25-c7a5cf4b9620,2603ff50-67ba-4bd5-a528-2273d9612c7c,7945013.525865824,7945013.701984698,7945018.636817223,3789,200,0.17611887399107218,4.93483252543956,3776
9ccedb9b-db30-4cb1-8a40-a114f8b6020b,a1bd7a62-29c7-4723-bfc6-6793e7811f26,7944997.526612289,7945002.635761545,7945018.834803141,5919,200,5.109149255789816,16.199041595682502,224
35d9e677-2409-44a2-b571-524ae636635d,45009f05-8ec3-41c1-9f3b-4980b24bd25f,7944998.525976704,7945003.281806388,7945019.477801709,6023,200,4.755829683504999,16.19599532149732,160
0003eb12-238f-431e-a9cb-94e915656f55,6e7c764b-76c2-4dc6-8a1f-6454d1e33509,7945006.525872961,7945009.288000594,7945020.047914017,1851,200,2.7621276332065463,10.759913423098624,192
87872e11-adb2-4a1e-b7f2-844bda2139cd,03a34960-9841-4b38-880d-dc6fe5f4b1e1,7945009.527208354,7945010.019007585,7945020.059232222,5784,200,0.49179923068732023,10.040224636904895,160
118b7820-b180-4dc6-8ee9-3ca3fa2d965c,0b164cbb-2285-4c89-bbd3-c2dfe7308d2b,7945007.525304543,7945009.760671538,7945020.073707201,5965,200,2.235366995446384,10.313035662285984,224
917bd7b2-b1d0-4089-9107-f8cfeb02a5a6,82a87cd5-bad7-4e1b-aa2d-2ea8185f351c,7945009.527211622,7945010.630467443,7945020.08575858,3340,200,1.1032558204606175,9.455291137099266,192
3c34c317-791e-403d-b3f8-5e0233b2547b,8885ccc0-b579-422c-8693-2ef4f532b933,7945002.525422159,7945004.521531875,7945020.3348264545,5796,200,1.9961097165942192,15.813294579274952,192
37bf900a-935b-490b-a030-b8a3b87e47af,ad7e60f0-cad9-4492-8c1d-d5e2ecf571d8,7945010.527086484,7945011.372966027,7945020.516663456,3046,200,0.8458795426413417,9.143697429448366,192
474da3eb-4731-44e5-8d14-e90a98e5327c,13376dce-20c1-48e3-9810-791d0ebf106d,7945012.526350944,7945014.37219122,7945021.201823943,5974,200,1.8458402752876282,6.8296327237039804,176
417ea4c2-d4ca-4ae0-ae1e-0d80ca1c6c58,98bb6af6-6eb9-414f-b0e5-347f68e214d8,7945014.525590208,7945015.352118011,7945021.349517204,6002,200,0.8265278022736311,5.997399193234742,176
ca4e4875-7d4a-442f-ad36-5f6d2f138aec,a45d05eb-54ba-4fd1-9933-c28287ad60cb,7945015.525991756,7945016.010953335,7945021.600446826,4957,200,0.48496157955378294,5.589493490755558,288
f265ed19-3c95-4312-aa1b-33a95f96d3cb,4a166d78-c54e-4c9e-9fde-6858b9f65f28,7945003.525671202,7945005.478870087,7945021.864720667,5962,200,1.9531988855451345,16.385850579477847,176
7c81701f-b8c5-47af-b593-e63f46301949,05e07ee4-73ae-46d8-ae98-095308d5161b,7945015.525980433,7945015.909475843,7945021.892332406,3997,200,0.3834954099729657,5.982856562361121,192
4b9b933b-a673-4fdb-9a31-9c170d2f4e33,d6267942-94f7-4bc7-a981-0011f37d47b7,7945016.52668471,7945016.840790102,7945022.064172531,2981,200,0.31410539243370295,5.22338242828846,176
525685e8-c8c7-4561-a532-79f591d1e7be,1892b07a-1db2-46fc-84d7-4a79e9161ec8,7945007.525298307,7945007.9675204875,7945022.145084961,4120,200,0.44222218077629805,14.177564473822713,192
693ac16f-7492-430d-8955-152e73bbd00e,2c20a065-c138-459b-8f96-7e72ba4b2596,7945011.525531483,7945012.22734174,7945022.244058692,1182,200,0.7018102575093508,10.01671695150435,176
65f1c7ae-08db-4e30-ba86-29bf9e1f4494,180db37d-6447-4813-8c8c-57e38b2e8569,7945011.525547312,7945012.57545689,7945022.310856095,5889,200,1.0499095786362886,9.735399204306304,432
f6198e0d-e2fa-4290-b44a-fbbd6cad1ab3,dd622ab2-fd72-42e0-8331-76a985d5a731,7945018.525969111,7945019.100019979,7945023.380122035,5929,200,0.5740508679300547,4.280102055519819,192
04bfb647-3f43-477b-9eca-743fe2e0502a,be530eba-376b-4e8f-ac04-19d4dbd07dab,7945006.525882481,7945007.411526644,7945023.820573721,3370,200,0.885644163005054,16.409047077409923,176
ef3094ca-4c6c-40cf-8ffb-b60bcb38dd48,3184283f-253e-4a85-8c44-e9a332efb5fa,7945009.527205354,7945010.517023301,7945024.575371279,913,200,0.9898179471492767,14.058347978629172,16
ad228da8-fe77-4499-bfd8-83d7d6764c5e,ee778cfe-6e72-422a-84c3-fb181f903f54,7945017.525530229,7945018.219167061,7945024.615243178,5526,200,0.6936368318274617,6.396076116710901,192
5587f708-0eae-45f3-a2e5-ccb13730f3ed,f6f61517-3e7e-4231-a62c-392ba396ba92,7945015.525969139,7945016.642467607,7945024.651403091,5698,200,1.1164984675124288,8.008935484103858,192
39695322-511d-488d-a03d-454a07501516,bb51e9bb-6a53-4f36-a01d-3fbf9732a874,7945009.527201912,7945011.62269539,7945024.652016958,6443,200,2.095493477769196,13.029321568086743,192
4954eb05-1d07-458c-a878-919c2b3ef270,b4ad3519-77e6-4e98-8466-fca926aa6bc8,7945013.525855085,7945014.199074634,7945025.056702518,5842,200,0.6732195494696498,10.857627883553505,160
54142459-abe9-4dec-9797-e25706afff66,33c3cc74-1a2d-4e47-8145-2d41c0f30905,7945016.526674261,7945017.017039327,7945025.070823667,469,200,0.49036506563425064,8.053784339688718,176
789ed89e-dae3-49df-b825-1f7d75705735,e3a30bfd-1960-4928-b740-cd187c6d8202,7945016.52668835,7945017.015853953,7945025.0699983025,3538,200,0.4891656022518873,8.054144349880517,192
2878a159-8989-498d-968d-642e7d641723,b784492e-fbfe-4f5c-ad22-38777c9aa7a1,7945017.525513433,7945017.8033462195,7945025.413123551,1006,200,0.277832786552608,7.609777331352234,912
415d87f0-fa13-436e-bfff-1b04c68d7f19,09a114dc-9e26-41a2-9556-c7dda7572a3b,7945017.525540955,7945017.8000814915,7945025.410685952,2578,200,0.2745405361056328,7.610604460351169,576
c066a143-db03-4c20-a1f2-2eec96ea8882,083a299a-750e-4743-ac44-e18d354983f7,7945007.525301605,7945009.794305442,7945026.003505977,5803,200,2.26900383643806,16.20920053496957,192
d6eb56cb-c80d-4e48-bbb6-98b98ade9a8a,11f3143e-3964-4b2e-9172-3c0a197bffb3,7945017.525526447,7945017.713896548,7945026.264940837,1419,200,0.18837010115385056,8.551044289022684,176
bdfc36df-b252-44e4-8e5e-49ac96eadedf,28fb12fb-b0a3-4c00-8606-abeb6200d6b0,7945017.525536841,7945017.774264588,7945026.288799307,853,200,0.24872774723917246,8.51453471928835,192
9807435a-cb32-43e4-9292-ef98791974ea,26596bc8-98fc-45ee-b581-9a33b2b029ec,7945015.525984472,7945016.482465668,7945026.611159378,5596,200,0.9564811959862709,10.12869371008128,176
f362ff98-6ddf-4b44-8ff6-660ec4066320,555a1a0e-792e-4747-8703-70ecbe872d60,7945018.525961101,7945018.912410632,7945026.652202196,3589,200,0.38644953072071075,7.739791564643383,176
54f2c08f-93b2-45a4-99a5-bf6a91dfc2e1,5733c9fc-fa76-4959-a50b-7f0346a1783f,7945018.525943176,7945019.309759065,7945026.852857359,5975,200,0.7838158886879683,7.543098294176161,176
c4f3ed9a-3b64-4ae0-90ad-f029c2ba3e31,5707dd1d-3bc2-4a67-a45e-321e76e74e30,7945018.525964925,7945019.289400733,7945026.939583942,2485,200,0.7634358080103993,7.650183209218085,464
f48170f5-7f17-47dc-8331-0ccb519e6ef7,8309bfc3-eca5-4167-a795-d5d89381469a,7945018.525957362,7945019.290898275,7945026.942118687,3429,200,0.7649409128353,7.651220411993563,176
6f75609a-1d93-4202-a5b7-f178341062e0,97722cf0-7560-4de1-b0a8-de3edea84c1a,7945016.526691942,7945016.840871823,7945026.9995185435,2422,200,0.31417988147586584,10.158646720461547,2224
83919b23-ba52-4845-97d0-5ea816537193,206f0344-10fd-4960-a755-be0a3f6f3bbd,7945018.525950144,7945019.3761787135,7945027.156080556,3113,200,0.850228569470346,7.779901842586696,288
02dbb469-4503-4d18-8dfb-5f1a307460dc,2955f639-3b78-49d1-a2f3-b0f758fad6c5,7945022.525539491,7945022.8766829055,7945027.248266263,3411,200,0.3511434141546488,4.371583357453346,224
5525f502-8942-4559-8214-b0282cbe4486,4b436671-49e3-47ea-bf69-8f27540a62a1,7945015.525988249,7945017.50804183,7945027.428087506,5870,200,1.9820535806939006,9.920045676641166,160
55966e92-9993-4668-b6cc-3d4ac1df7884,078b06e7-ab7c-40cf-8562-23fdd95b649d,7945018.525946545,7945018.957690741,7945027.953237745,3563,200,0.43174419552087784,8.995547004044056,192
822458c7-6ad5-47ab-be00-49671262e4c0,90cd916e-2987-4e81-8dfd-f79135d0d144,7945018.525939229,7945018.959190271,7945027.954855089,1760,200,0.433251041918993,8.99566481821239,1744
60487c0c-0227-440e-8a96-0a2399209d11,07583164-3263-4e77-894a-da67b5fd9ffe,7945018.525972,7945019.366879929,7945027.971401993,5829,200,0.8409079285338521,8.604522064328194,224
0263b500-e701-46a7-be4e-afffb71b9203,fd072785-4ffe-4d17-9c9c-eee421eb5b2e,7945019.525349769,7945020.008267494,7945028.225926679,5838,200,0.4829177251085639,8.217659184709191,176
cf04841f-7075-45d9-b886-e58f594f1bc4,4ccaf862-bed2-4892-81a9-316293caf6fb,7945010.527083325,7945011.660484299,7945028.304673961,702,200,1.1334009738638997,16.64418966230005,176
61d3927b-a462-42bb-acdd-8f6e5d6a2fb9,bd218e24-2587-4885-9d7f-d92c8f9789f3,7945010.527071303,7945011.662592727,7945028.311894985,5802,200,1.1355214240029454,16.64930225815624,192
9bcbadb9-08ea-478f-afd7-7c00ac08238a,cb11717f-7d06-4a74-b58f-3b3b2686cb99,7945023.525980211,7945024.090203745,7945028.384676174,5493,200,0.5642235344275832,4.294472428970039,224
5bd24976-eb94-4940-9b3a-31256c87efe8,094dd123-2ab9-4a82-99c2-bd5224978566,7945021.525377609,7945022.210489884,7945028.558180037,1738,200,0.6851122751832008,6.347690152935684,176
f9863bd0-f6ab-4c41-b6d5-4caf334ad04f,14a01310-08d8-4101-b64e-392c6c5a9e10,7945018.525926669,7945019.574745021,7945028.634561333,5813,200,1.048818351700902,9.059816312044859,192
725d2014-ac30-4448-b36a-8addc73492f1,33748c07-1927-42a2-a7bc-a67ebecdee26,7945018.525953809,7945019.570886335,7945028.630902639,3078,200,1.0449325265362859,9.06001630332321,256
af51a6f9-21b1-4412-a6f9-4c43c3d70d31,543c3b05-d6a9-4c8c-af78-67374c1698c8,7945019.525340758,7945019.632354541,7945028.741741859,516,200,0.10701378248631954,9.109387318603694,176
3f31e38f-2dd0-4fc0-a3ec-b8d0f968426a,9fbec02d-9911-41d6-8baa-36a522f55af6,7945020.525482679,7945021.30044344,7945029.543575188,5853,200,0.7749607609584928,8.243131748400629,160
9986cec2-d650-4750-a097-8a618b9e879c,5851d51b-6e17-492e-ad31-2585933c39f8,7945019.52535625,7945019.6368668005,7945029.590239599,876,200,0.11151055060327053,9.953372798860073,176
48ce352d-c8e6-4e89-b605-d7e0c290fa25,a00140f4-0ade-41f6-b4af-6740447d97b4,7945011.525558813,7945012.829582085,7945029.594366533,5947,200,1.304023272357881,16.764784447848797,176
658ca9fd-02bb-438e-9ed9-ffc42c96cecb,2fdd1598-2391-4e80-8c6d-7d62b2c2cad0,7945024.525297083,7945025.060309541,7945029.603844873,5886,200,0.5350124584510922,4.543535331264138,160
b21fec97-055e-4035-bf32-5ba6634741dc,0c823c36-4c9e-42f3-a2cb-f9f292d0c461,7945020.525503064,7945022.244614663,7945030.424771859,329,200,1.7191115990281105,8.180157196708024,192
498aa910-0e91-40bc-8ab9-3e1c0b14858a,f4e2280e-c7e9-4629-82f1-99cf632b8bbf,7945021.525373761,7945022.309749287,7945030.448806833,1367,200,0.7843755260109901,8.139057545922697,192
8fa0d5cf-3b83-476b-8288-a7c46929d56c,02c750b0-10fb-4546-bde2-322c8d2fda85,7945020.525492841,7945021.221431469,7945030.511805806,5094,200,0.6959386272355914,9.290374337695539,176
3eabbad4-72b7-410e-ac14-f8ce6ee370a1,601c4cdd-f169-4ed7-8543-8969e14e1583,7945020.525500119,7945021.404913423,7945030.551365403,1163,200,0.8794133039191365,9.146451980806887,16
2be396cc-75bf-4e55-bf19-21d42cbe5409,f4299b1a-6e3a-452b-b35a-9e77114ca6a1,7945020.525496248,7945021.405390789,7945030.553367199,4457,200,0.8798945406451821,9.147976410575211,224
30c23eec-1592-4de3-8987-2d1186a3b95c,d252e60d-edab-4978-9586-9e14da1d1967,7945021.525381001,7945022.3421776155,7945030.882491398,5792,200,0.8167966147884727,8.540313782170415,192
10eed73f-7d8c-4cf2-a182-30fd81aa7239,2f00ecb3-5431-475c-92c8-62f44e364157,7945011.525555329,7945012.829555531,7945030.97729962,1149,200,1.3040002016350627,18.147744089365005,176
249ec3b5-b2fd-4d88-8199-1fa1dc5fbce2,19263e45-89bd-4a00-a708-a3bf3f0e3af5,7945019.525353101,7945020.927216007,7945031.205817162,2441,200,1.4018629062920809,10.27860115468502,160
623c3fc8-d131-4cf3-9807-f31752e5a2cc,888d1b4a-3dbf-4e29-9ea3-02e0203d227a,7945024.525294223,7945025.068793421,7945031.416773081,5737,200,0.5434991978108883,6.347979660145938,224
42a13f2d-2430-4847-b7dc-378e99b9c7ee,ce085c11-89ed-492b-a423-23ceb4fb69f5,7945023.525988448,7945024.0883747935,7945031.838274707,3372,200,0.5623863451182842,7.749899913556874,160
16841695-7944-4a23-becd-2391ccdafcc3,701ecf99-00a4-4024-b51a-c936d71bc4b5,7945025.525282575,7945025.991997169,7945031.9163575545,4617,200,0.46671459451317787,5.9243603851646185,192
3110111d-abf3-41b2-a028-f8bf167b9ced,b816c539-2001-4206-bd73-937d1a845588,7945024.525300233,7945025.025039508,7945032.377101659,3300,200,0.4997392753139138,7.352062150835991,192
26f15a97-dbdf-489d-bcd7-2c08b2c9be84,68be8177-97f5-4c56-b004-7acf1370b724,7945021.525384378,7945022.229065797,7945032.535838693,5765,200,0.7036814196035266,10.30677289608866,224
39f5aef9-93aa-44be-8246-caa99c48faa9,82070578-d0d7-4a12-8a6c-397a9fbde584,7945022.525550096,7945023.297599236,7945032.778974239,3212,200,0.7720491392537951,9.481375003233552,176
edefa2ef-1266-468d-8171-aea61f0aebc3,1cf9087e-eba9-405b-8040-c7340cf6d3ce,7945022.525542907,7945023.300189028,7945032.783786642,3819,200,0.7746461201459169,9.48359761480242,192
ec8e37fe-d04d-4b4b-adb8-3e3109f20253,1e40b54c-3793-4468-b809-ba91f551ac2e,7945023.525991616,7945023.738653671,7945033.23226969,1277,200,0.212662055157125,9.493616019375622,160
678c5b62-d16c-4c68-b858-ca62bcbf4ce2,a59111b4-1b04-48fb-a53b-3d5b62969d1e,7945023.526010008,7945023.9627677025,7945033.2517821295,2981,200,0.4367576949298382,9.289014426991343,160
49611557-ea20-4d2c-972a-5e2c4c2aadf0,2f9c2aee-388c-4fb1-b8f9-85bd785f7f6d,7945022.525511056,7945023.058725906,7945033.342050786,5627,200,0.5332148494198918,10.28332488052547,192
fe17fee2-dd09-45d0-a661-bb17e40a669b,11e52e6b-5b09-48ab-af7d-e3fc792cafc9,7945022.525535505,7945023.434990668,7945033.364836356,4917,200,0.9094551624730229,9.929845687933266,192
d90d55ec-9201-4fd1-adaf-7119a8c228d1,883f0b54-25dc-44e0-9215-8602edef29fe,7945022.525546375,7945023.059030287,7945033.449520344,5779,200,0.5334839122369885,10.390490056946874,176
a8d9fe54-6021-42da-82a0-d8399bda8cc8,d1e83a83-698e-4d1b-b97b-9b8028416bb2,7945012.526365602,7945016.562984697,7945033.662381643,5872,200,4.036619094200432,17.09939694683999,160
604147e5-6635-4dfb-a804-544ca31a439f,6ede9dcc-e033-4f78-82f1-d3939e868ed4,7945026.525321569,7945026.9192909645,7945034.043303828,371,200,0.39396939519792795,7.124012863263488,192
4e14c3d8-f0d1-46f5-8d52-104e9d84c2fb,d656f1dd-d1f7-433e-b872-647096358cf9,7945026.525328572,7945027.365064784,7945034.175593992,1821,200,0.8397362120449543,6.8105292078107595,224
581b83a5-ae0f-48ff-b84e-8a7c818213d4,f69dcbd3-4c9e-47a7-a557-6f293de800ba,7945027.526208572,7945028.020559836,7945034.419191149,2740,200,0.49435126408934593,6.39863131288439,2032
651beac4-c2ef-4bd9-b195-cb919ce4eaaa,4135428f-b4ca-46a0-8420-0d6f63676c09,7945014.525574244,7945018.213670102,7945034.491965629,5971,200,3.688095858320594,16.27829552721232,192
3c40cb2c-66ec-4816-a427-598f463f775b,d35edcad-56a4-48a2-8b02-620d4f7f91e0,7945024.525286971,7945025.511496444,7945034.586259134,2747,200,0.9862094735726714,9.074762689881027,192
454f7a17-2c79-4ce9-ac26-f669005cb83b,5707dd1d-3bc2-4a67-a45e-321e76e74e30,7945024.525303729,7945025.663925816,7945034.604741528,2473,200,1.1386220874264836,8.940815711393952,2432
73f842f4-dee4-459f-b5ac-1613c9639c60,13c1e2ae-d25e-4f4a-b180-98e55510fe9c,7945025.525286064,7945026.19713014,7945034.617941366,1746,200,0.6718440763652325,8.420811225660145,176
86976dc8-1b2f-4a43-91d6-0dcc1fb21623,59577ac9-a9d1-4bb2-ab3b-4f52b1dd4f35,7945028.525321216,7945029.099017632,7945034.970928857,3903,200,0.5736964158713818,5.871911224909127,176
4eab07fd-41ef-48fc-b972-2c8c3a3f010b,8797a59b-ae3b-4e72-b6ad-b0e2f7f7f714,7945028.525331046,7945029.096714578,7945034.968882474,2185,200,0.5713835312053561,5.872167896479368,0
a9b25d3e-a3c1-46d6-8fa5-c33f327bfe81,d64b25ed-b8e9-47c8-9bf4-6599f5357922,7945028.525350671,7945029.317522157,7945035.021094124,2365,200,0.792171485722065,5.7035719668492675,160
89e4972a-f3e1-48da-a07c-54e1d5271530,88f2066b-6a77-49c7-b301-e0dfceb7f610,7945028.525334507,7945029.322590608,7945035.0259014,5711,200,0.797256100922823,5.703310791403055,176
a8269df9-cdb2-4d08-8f1c-d6d017ebb2f1,699a171f-291b-4d4b-830c-48bfad8a6530,7945023.525984639,7945024.085346705,7945035.441632377,5807,200,0.5593620659783483,11.356285671703517,224
a5fb5ed4-57e3-4db0-b4e9-31ecba92f43f,90eac966-f9f9-4b13-840f-dcacc715be88,7945023.525994991,7945024.299217109,7945035.468197377,2760,200,0.7732221176847816,11.168980268761516,160
8b079860-7e06-426f-8876-f63e390fa3b0,61da347d-e982-42dd-92bc-c0eeeaf1345b,7945026.525311295,7945026.946948109,7945035.512459314,5930,200,0.4216368142515421,8.565511205233634,2512
78b12a8f-2252-4c9b-ab87-27c143710344,a37db16e-fa1a-4d62-9208-060a91bdd85c,7945029.525287551,7945030.060710112,7945035.519141685,6082,200,0.5354225607588887,5.458431573584676,224
e40854ce-ab60-4c16-95b6-b764b2cfa3b5,92c2ad05-69a2-48ed-a395-2c0a4761e8d9,7945024.525275146,7945024.6518311305,7945035.580948367,400,200,0.12655598483979702,10.929117236286402,192
cf07b9db-e0bc-4976-95c9-16e34348b5a3,e4170067-4de1-432f-9856-b5c27c8b5a60,7945017.525522912,7945020.1010356555,7945035.735139237,5952,200,2.5755127435550094,15.634103581309319,176
0c00ae6b-7420-46dd-8d11-6c125fcff712,44ee6759-afbe-4710-9a07-470754ee7588,7945024.525291379,7945024.985158451,7945036.178659207,3922,200,0.45986707229167223,11.193500756286085,192
ae07b16f-275e-455c-8c50-477acacfa4f8,7777a488-3ac2-4b02-969b-e0ea0ba67a03,7945017.525533463,7945020.32971827,7945036.349581708,4769,200,2.8041848074644804,16.019863437861204,192
cfa73cc9-a466-4eeb-9b73-6c4e02c572d5,adf12826-add9-4cd4-bd47-2194a5a19109,7945025.525272055,7945025.878490066,7945037.055991747,2874,200,0.3532180115580559,11.177501681260765,2704
32c82330-7011-4dd1-93a7-e45018c90c0d,b2a73fb5-90d1-4be5-87bb-fdae89d6d738,7945025.525288717,7945026.718701992,7945038.254581753,5787,200,1.1934132752940059,11.535879760980606,160
75a66c87-4637-4ef8-9822-63ea274a7b4b,a6300d22-1246-4dfd-8916-1f8b77245c97,7945026.525337675,7945027.154017008,7945038.286288923,4168,200,0.6286793332546949,11.132271914742887,192
ee2f8421-6039-4651-9b8d-2a0506b49ab8,8b954204-013c-45a1-8e64-22e99087578a,7945021.525361826,7945022.397590007,7945038.295220948,1457,200,0.8722281809896231,15.89763094112277,176
4b45b3ac-38ca-4316-a4f3-e90d30cba65b,8ae4b463-6ffe-4885-8931-e5bb9fa5c253,7945022.525527862,7945022.8660012875,7945038.523077427,1044,200,0.3404734255746007,15.657076139934361,176
13048dd8-30ea-4d96-9c2e-2ae5220c4c70,7d15b216-bc39-4f34-b2b3-d676febee0a9,7945022.52553158,7945023.256445632,7945038.5636947965,5225,200,0.7309140525758266,15.30724916420877,192
bbbfb8f2-afa7-48fc-a5c1-25fb39dbd4ae,24b8b9be-0eb0-4b6f-9fcc-939d4d3cbba2,7945028.52534384,7945029.0936802775,7945039.345049017,5918,200,0.5683364374563098,10.251368739642203,192
774986bd-0f3d-451e-892b-544460446b29,a45d05eb-54ba-4fd1-9933-c28287ad60cb,7945028.525347294,7945029.723209091,7945039.371676532,4755,200,1.1978617971763015,9.648467440158129,672
166ca7c7-7ce6-4fe0-809d-c11fefef26f1,2fb02323-52e9-4187-9ca6-8cc5150e5a64,7945029.525291471,7945030.344596351,7945039.403962921,5253,200,0.8193048797547817,9.059366570785642,224
6f2761f2-84e3-4b94-9886-031db9a6a532,438da132-630c-411a-8b17-9c1c615f19ac,7945028.525328225,7945030.344301251,7945039.404008844,5533,200,1.8189730253070593,9.059707593172789,160
bf76fd49-c07a-46e1-91c5-8105a17aacdd,058854c1-ae9d-4f19-bffe-57da6a791ee7,7945029.525302357,7945030.871006088,7945039.425515926,5935,200,1.345703731290996,8.554509838111699,160
283609dd-a987-4214-bf0b-57d5d1c53cdc,5707dd1d-3bc2-4a67-a45e-321e76e74e30,7945029.525298867,7945030.873093337,7945039.427810839,2473,200,1.3477944694459438,8.554717502556741,2464
c07dcb3e-e0ef-4f04-9ee8-d97d2afad96c,c46f3433-c5dc-4f8e-8bd5-92b59359f093,7945030.526172577,7945031.007732428,7945039.451398373,2167,200,0.4815598502755165,8.443665944971144,1968
8d8ff0f4-a30c-4abc-ac90-66aedd3a45a3,1edc951a-aeb3-46c2-b806-af9c028d1a18,7945028.525325064,7945029.540423733,7945039.826226395,5955,200,1.015098669566214,10.285802661441267,176
81ce162d-6e06-4a5c-827c-a86835ea3d85,1509692d-2fec-4970-9134-ad08d82b1914,7945027.526191394,7945027.947377904,7945039.89405417,4387,200,0.42118651047348976,11.946676265448332,192
2cfb3cb8-a608-4fa7-bb4b-65980f93cb73,1d79fb13-96b1-4015-ab88-e7a78c4a8f39,7945029.525277044,7945030.006937225,7945039.958153562,4104,200,0.48166018165647984,9.951216336339712,176
fc414ee2-1000-404b-a07f-dc10ad4b864b,de1cb9d3-2a56-4689-8587-49e37031cda1,7945031.5257171,7945032.332804181,7945040.08581259,5926,200,0.807087080553174,7.7530084094032645,192
849e54d7-1f91-49e1-8fce-9aceed729aed,d1752466-c0f7-4061-b019-7354f72bcec8,7945031.525720366,7945032.330699992,7945040.086053992,1604,200,0.8049796260893345,7.755353999324143,160
a3d677be-0fd6-47d0-bf04-f8d6500fb076,2b3753bd-a6a3-47ab-a1c6-98604516c789,7945034.525367861,7945035.034930364,7945040.186347402,5719,200,0.5095625035464764,5.151417037472129,176
723c2fc5-d569-4b0e-b937-255d646ab7c8,501965a3-4916-4512-bcbf-c5576665398b,7945030.526162047,7945031.123476132,7945040.594752657,5724,200,0.597314084880054,9.47127652540803,192
2fc127dd-07df-434e-93d9-5da28d8259ba,48bf1d41-819d-4951-b8e2-8c97d4fee09a,7945023.525967871,7945025.676625576,7945040.677548976,5947,200,2.1506577050313354,15.000923399813473,192
ec0788cb-5856-4574-8255-bd0a9291b465,e763e413-9805-48fd-b723-d3904f5e3cfb,7945023.526006663,7945025.671988195,7945040.673601356,1152,200,2.1459815315902233,15.00161316152662,224
2e6ccd66-68d4-47e9-b39a-57700048d3a3,dc83d339-a6e0-46be-b0f0-8aef0a70ab46,7945028.525340398,7945029.272466227,7945041.245110595,3331,200,0.7471258295699954,11.97264436725527,192
742695b9-9112-45e4-b0c7-7ece3fd986ce,f97e18a5-ea51-46b0-9505-c9b37b325a39,7945023.52599869,7945025.894676446,7945041.287716035,2905,200,2.368677755817771,15.393039588816464,192
26d5351d-acea-4f90-9809-cdcb9f66919e,c4912c0a-1917-4901-aeba-06b519a9c680,7945033.525416001,7945033.86426998,7945041.608877557,3734,200,0.3388539794832468,7.744607577100396,160
5c78ff29-7dcf-4c7f-b170-d874727acbba,cdf3ae04-1fc3-4f8e-89b7-6d59f3657210,7945033.525401061,7945033.732032822,7945042.313258856,1996,200,0.20663176104426384,8.5812260331586,224
bf568fad-4551-4a97-b577-a59b42ca41d0,91e53ade-e200-47b7-b143-a07ac53e6d88,7945034.525364403,7945034.652773442,7945042.548738485,368,200,0.1274090390652418,7.895965043455362,192
e0a43d38-b279-4c6f-9442-fafe33180241,e34e996f-101c-45dc-8a8e-19f367243ea7,7945034.525346643,7945035.074055587,7945042.594212424,5767,200,0.5487089436501265,7.520156837068498,176
91a94312-7f04-4b98-b3dd-396e98c965d7,c6231917-a76b-49f7-aea7-608cf8d40178,7945031.525705797,7945033.033554278,7945042.605920154,5770,200,1.5078484816476703,9.5723658753559,192
0aaeecc9-7746-4dfe-8737-b346077fb30a,6e872f5a-b705-4650-b45d-48a9ce29bdc0,7945031.525723527,7945033.03121266,7945042.604825166,5947,200,1.5054891323670745,9.573612506501377,160
1ec67aa5-05d9-48b7-aa2d-8984edf7025a,93bc2aa4-c355-4f84-b335-93036d1fa96a,7945032.525901174,7945033.67163936,7945042.632763712,854,200,1.1457381853833795,8.961124352179468,224
f63871f3-a55a-4f42-b706-52b7a2a4374f,41cce6dd-cab9-4cbe-851b-220d03250877,7945031.525725948,7945033.6686613755,7945042.630006678,6192,200,2.142935427837074,8.96134530287236,192
8b2a1ed6-49c4-46d1-97f9-a58dc130f61d,09949374-a7ce-46b6-aa39-f07bd97c5592,7945035.525410742,7945035.708656737,7945043.481311658,2287,200,0.18324599508196115,7.772654921747744,288
5d26ae8f-b3dc-433e-b24c-2e2aae008c64,0b164cbb-2285-4c89-bbd3-c2dfe7308d2b,7945034.525356757,7945034.693778239,7945043.487130183,5965,200,0.16842148173600435,8.793351943604648,5952
44f9071a-3012-4ec6-b508-6bb9546e4f20,7ae3900f-76a2-4cb3-a3da-2def907610c5,7945035.525421474,7945036.323617266,7945043.503354247,6493,200,0.7981957914307714,7.179736981168389,160
051df599-657f-4bb1-ab4c-3e1e057853ed,2bf1bfa4-49a6-40d5-bc93-aa7404cecb2a,7945034.525360437,7945035.313999384,7945043.509196574,1216,200,0.7886389466002584,8.19519719015807,160
d0dfbe96-ea9f-4dd2-b885-9ef78a84ee8b,cf3da5e6-95e0-4515-99bf-8ff6eb641371,7945026.525325264,7945028.106682349,7945044.263186029,5472,200,1.58135708514601,16.156503680162132,160
4b7c5c95-1077-40f9-98ff-02fdffffcbef,c506a8f1-53e6-4691-ba20-7187446f0286,7945026.525331447,7945028.106309441,7945044.261900741,3313,200,1.580977994017303,16.15559129975736,224
4fd19fc0-6888-4f8f-8298-43fbd3cf6902,e6ba1ee5-2c27-4eeb-bda3-974d72158b45,7945026.525334129,7945028.105989304,7945044.261555873,1090,200,1.5806551752611995,16.155566568486392,160
9605ec1b-bbee-400a-a247-45ff5595ce7f,101492b9-9475-4eb9-99da-f208aba5c340,7945036.525428521,7945036.709590421,7945044.430472175,1547,200,0.18416189961135387,7.720881753601134,176
7e232900-3924-4171-bd5e-1d9f51d414d7,bd67cc46-093a-4a92-ac33-a721a9f17666,7945028.52533753,7945029.942048254,7945044.86795142,3551,200,1.4167107241228223,14.925903165712953,176
44bae910-2096-42f4-abbf-ecb03d303256,c5d2fff6-6dfa-4383-a191-1256acb84d4d,7945028.525311942,7945029.947806612,7945044.8770611305,1232,200,1.422494669444859,14.929254518821836,192
d24c02ba-f0ff-46e8-a0c0-a99f377e647f,055f56c6-aa3c-43b4-940e-d9d9458424c3,7945038.526148819,7945038.735567782,7945045.126452346,1291,200,0.2094189627096057,6.390884564258158,192
f3d7a068-e670-486e-9923-45d3468ff356,39deb51b-df4d-4f03-a622-ed792ae7b2ec,7945038.526151417,7945039.1675023325,7945045.147946878,5912,200,0.6413509156554937,5.980444545857608,176
39419176-cefc-4f26-be19-594357b9fe2a,c1bdc00a-0eef-4870-968c-2d503e49dc8b,7945027.526204716,7945028.683437766,7945045.48456163,541,200,1.1572330491617322,16.801123864017427,160
b31dddb7-5533-4b6b-85c4-0d2938d8c4d7,11e52e6b-5b09-48ab-af7d-e3fc792cafc9,7945039.525358228,7945039.671387088,7945045.493627622,5072,200,0.14602885954082012,5.822240534238517,4880
009a2f07-a95e-4ee1-aa84-946383bb49a5,225b850d-04cb-4bb2-a5f4-075bea2e8f4d,7945037.525987155,7945037.971566328,7945045.602670696,5358,200,0.44557917304337025,7.631104367785156,160
d8ac57d3-c266-482b-9405-714e408a649f,8528c006-00f5-40f6-8a25-77286922ebac,7945038.526154601,7945039.269106954,7945046.485001065,2868,200,0.7429523533210158,7.2158941105008125,288
f9e245f8-bff2-495f-a471-f32e350ada25,13bf4747-7181-4b99-8257-956161184c4d,7945042.52536314,7945042.768859613,7945047.279041314,1563,200,0.24349647294729948,4.51018170081079,160
1027358b-a18a-44e1-80ab-318b24bd2d96,3184283f-253e-4a85-8c44-e9a332efb5fa,7945033.525419873,7945033.631055436,7945047.303952451,913,200,0.10563556291162968,13.672897014766932,288
573067ac-e489-4293-a260-6c63d35ba817,6a1b0852-2faa-43e0-a4af-cb79f4e38636,7945041.525781324,7945042.4028848605,7945048.444956822,5857,200,0.8771035363897681,6.042071961797774,176
8b24de9a-a4e4-4802-ac1b-37e336dde86a,3861254d-c2de-474d-bfae-fe68b5c47f8a,7945038.52614566,7945039.893425175,7945048.455262559,6000,200,1.367279514670372,8.561837383545935,160
b2a1a286-924a-4af5-ac65-ee8409d7fd39,2fdd1598-2391-4e80-8c6d-7d62b2c2cad0,7945039.525347512,7945040.156799336,7945048.480554196,5874,200,0.6314518237486482,8.32375486008823,5872
1b8d26da-3308-42b3-a6dd-b223c80438d8,254b4543-48a6-45a0-8dae-93a3653846fa,7945040.526052614,7945041.145959768,7945048.563685084,1436,200,0.6199071547016501,7.417725315317512,160
129b9fbc-6396-4d94-923b-29f5a134cb3a,16a9c0ad-f0ee-4645-acb9-8c2a2b4f31b3,7945040.52604138,7945041.146697497,7945048.566057775,5767,200,0.6206561168655753,7.419360278174281,160
d3235356-32e3-43a0-924b-5d30885a1a0f,61323445-bb9c-4486-9178-e666521fb517,7945040.526031113,7945041.135006165,7945049.2056350885,1616,200,0.6089750519022346,8.070628923363984,176
ceb3b6b4-94ec-41f1-b305-4f6099ca6f5f,613b35ed-e230-402d-9c6e-c846bdeb3aaf,7945041.525788196,7945041.735149585,7945049.231499477,1273,200,0.20936138834804296,7.496349892579019,160
bb4519c1-d1c2-494e-8b03-01c4277eb81d,8797a59b-ae3b-4e72-b6ad-b0e2f7f7f714,7945043.525632988,7945044.243410716,7945049.40450294,2227,200,0.7177777281031013,5.161092224530876,2160
00c46e71-314f-44f4-a039-d811a77225c8,699737bc-441f-47f1-9904-f0afd1b43316,7945029.525295644,7945032.422068377,7945049.888471441,5842,200,2.8967727329581976,17.466403064318,160
48c937d3-0bd7-488b-b0e2-3769796ee01c,026bb0f7-50da-44b8-b0f0-4302c183ca61,7945041.525778114,7945042.130300404,7945050.194812656,5846,200,0.6045222897082567,8.064512252807617,176
5306c693-f098-496d-8bc5-e138f1433f83,54810ae3-3c2f-4d0c-8432-839b798b36f2,7945037.52597486,7945037.697562622,7945050.730506171,1688,200,0.1715877614915371,13.032943548634648,192
39143212-e173-4759-aebf-e91bab3342c7,9da95b3b-d872-4e1b-a2e9-8b4ebabce143,7945045.525774915,7945045.815370064,7945051.042719112,2223,200,0.2895951494574547,5.227349047549069,176
83eeb2ba-76af-49b1-87e3-f87da53f0193,fcbcae1b-f7b4-4c01-8389-e028345ece9c,7945034.525370974,7945035.143828749,7945051.407274106,6304,200,0.6184577746316791,16.263445356860757,192
81a6560f-f191-45d9-b345-e3c4aa38ab52,76bb886d-2e0a-4a82-b3e0-8ec5b6cbb908,7945042.525378965,7945042.684336278,7945052.188295554,1299,200,0.15895731281489134,9.50395927671343,288
0dc4cf26-309d-4201-b9d6-7207d30b114d,11530c6a-95af-434d-a2a9-26ebf33cf1f4,7945042.525382015,7945043.1081091175,7945052.213430691,5745,200,0.5827271025627851,9.105321573093534,192
d4db69e5-042a-4932-9c54-448a3321f094,d2f92852-26d9-43bc-8aaf-92b326f7584b,7945037.525991321,7945038.012724046,7945052.294051663,5918,200,0.48673272505402565,14.281327617354691,176
b9e83f1e-6cca-4540-81ac-33f2a55d02f7,34b33563-67e4-4062-b712-54bbf6792573,7945035.525425702,7945036.348820261,7945052.65884725,2637,200,0.8233945583924651,16.31002698931843,176
ec88a5e5-205a-48c1-9314-7562f2869333,883f0b54-25dc-44e0-9215-8602edef29fe,7945039.525370685,7945040.403379737,7945052.745830143,5791,200,0.878009052015841,12.342450405471027,384
c382e8b7-a21f-4da5-8cb7-97d7a2a9806d,ae201bbe-42f5-49ac-815b-c974d0f355d0,7945038.526138116,7945039.214785089,7945052.941379641,5916,200,0.6886469731107354,13.726594552397728,176
bdb35b1f-f83d-4c17-b786-2e3fed51f2a8,251488a3-474a-4d1e-86f6-49623c84f87d,7945044.525996182,7945045.041977025,7945053.271411891,5723,200,0.5159808425232768,8.229434866458178,160
ec0bd019-df9b-4cb5-9519-b1dfeac12ab7,44799ff2-229c-4fd0-92ef-7a633a2039d2,7945046.525883123,7945046.688947762,7945053.32058931,1697,200,0.16306463908404112,6.631641547195613,288
4ce0ffc9-510f-4173-8665-745e46328c02,228ef465-279b-4ade-bd61-c30c8bd530f4,7945040.526045384,7945041.411596474,7945053.336328284,1740,200,0.8855510903522372,11.924731809645891,224
c6208eaf-d957-4c10-bc86-a5c1a0a3aa46,f8a395f3-d38f-442c-84cb-85ddb20fa644,7945043.525649136,7945044.054529273,7945053.345430145,5739,200,0.5288801370188594,9.290900872088969,192
f0d627aa-3ec7-4b7b-bbec-96a3ffc52f99,b0f875bd-53dc-480e-bcb5-66c8ace73365,7945036.525440122,7945037.395391113,7945053.572536073,5861,200,0.8699509911239147,16.177144959568977,160
dc3fe3d9-a4ab-4ee3-a61e-5c74e4b96cb4,4ccaf862-bed2-4892-81a9-316293caf6fb,7945036.525444388,7945037.395635394,7945053.573077976,702,200,0.8701910059899092,16.177442581392825,176
9619ffe5-8d78-4f38-b454-c2fe0544054e,68ef1c91-4802-41e0-b853-236b4633b854,7945043.525643048,7945044.270491492,7945053.576322082,3308,200,0.7448484441265464,9.305830590426922,192
24bfab23-08af-491d-8f2d-ec92f3553f0d,fd82a8cd-78fd-420a-8fc2-33f1b6ac7ba6,7945040.526049396,7945041.252939087,7945053.591071583,1001,200,0.7268896913155913,12.338132495991886,192
fa7c7836-6be9-4093-a692-73b272030c02,1d4fc044-b804-4ab8-beaa-739f6461a410,7945042.525376164,7945044.871246831,7945053.9290923625,5808,200,2.345870666205883,9.057845531962812,224
584ce0ed-83e2-42cc-97c2-0fbfe42f4b61,adf9f437-8f0b-4ccc-9250-359530498118,7945045.525777846,7945047.25645149,7945053.982821903,3955,200,1.7306736446917057,6.72637041285634,192
d4348be6-f1ec-4e34-9a92-3d30564f167d,6e7ec47e-64f8-4ae8-b1f6-f08af017e765,7945044.525999916,7945045.369237844,7945053.9986626385,5992,200,0.8432379281148314,8.629424794577062,192
ee481575-b533-4a59-b98b-5a947d3aa95c,14b1dd48-4c91-4e37-a5f7-f180426994d1,7945045.525770695,7945045.861759407,7945054.043990506,1865,200,0.33598871249705553,8.182231098413467,160
b2627da5-e5d4-4f94-bf1b-73581127722e,3f3c8315-cf62-443d-9113-6b1611d32ae2,7945036.525447633,7945037.838962713,7945054.192098688,5882,200,1.313515080139041,16.35313597507775,160
f3530ed6-34e2-4462-ae06-8b8fba6bb322,1bd20a32-fad6-4e71-aa34-23eb7333cd44,7945042.52537253,7945044.071684814,7945054.2463065125,986,200,1.5463122837245464,10.174621698446572,160
51ed0273-0ffd-4a39-a85e-b04ae9e31ae9,ce085c11-89ed-492b-a423-23ceb4fb69f5,7945045.525759841,7945046.40028329,7945054.9066818,3372,200,0.8745234487578273,8.506398510187864,224
078494fb-d2a4-4163-bafd-b38750872c2c,2a200b0e-87df-47b7-81bc-39baf29c6b9b,7945047.525844845,7945048.226429979,7945055.351477396,4709,200,0.7005851343274117,7.125047416426241,192
94f50865-a210-4f8f-8844-d752f9650ebf,41cce6dd-cab9-4cbe-851b-220d03250877,7945047.52585943,7945048.429542167,7945055.483269868,6188,200,0.9036827366799116,7.053727701306343,1920
68a8e468-4559-4d6b-b8e5-fdd42a4f5754,4bc56cea-5d7e-4140-9532-23e375f8878d,7945044.526007204,7945044.9736213945,7945055.567944976,2672,200,0.44761419016867876,10.594323581084609,288
d63e580c-8a39-4a70-a19a-adeeac3b1869,79f2d12e-d808-4a55-805e-224c8771f70c,7945044.526013459,7945044.973094623,7945055.569382806,2401,200,0.44708116352558136,10.596288183704019,176
baea0e4e-2bd9-442c-9ad5-6e316d8d133d,4b01567c-773e-4e5d-9dfd-7159a61aa362,7945048.52547021,7945048.900086798,7945055.628255605,3551,200,0.37461658753454685,6.728168806992471,224
409393d2-957a-4125-a955-a0cef52cbcff,0de7ed8f-6b99-4f34-ba0a-d898a14fe04f,7945044.526010061,7945045.283090046,7945055.702750358,4132,200,0.7570799849927425,10.419660312123597,224
8b34b2ea-c856-490b-8aa1-face53abed40,c212aeb0-2ba3-475d-a2d3-74fc30d64e3e,7945049.525972875,7945050.1462464295,7945056.33397744,5881,200,0.6202735546976328,6.187731010839343,160
53a79785-e2e5-440f-9f5a-166fa51c2a65,90cd916e-2987-4e81-8dfd-f79135d0d144,7945049.525982872,7945050.143640513,7945056.331581975,1905,200,0.6176576409488916,6.1879414627328515,224
28b04aaf-bc32-40ea-8265-8a3ebc444f6f,6fe28cf9-22b0-4265-be26-a1ebfe37406c,7945048.52547319,7945048.980744084,7945056.337199274,4546,200,0.4552708948031068,7.356455190107226,192
631e75fe-64a8-4e49-9ca2-92fb4313ad8b,6cef4305-80a1-4608-bd96-ea4a1c9f3872,7945039.525362066,7945040.675207039,7945056.840076647,1442,200,1.1498449733480811,16.164869607426226,288
ce03886a-7ddd-42ea-93ce-f3580b7dea68,2b8dc586-5256-422c-9229-f4b8eefcddd0,7945048.525476384,7945050.016193599,7945057.073067041,5805,200,1.490717215463519,7.056873441673815,160
bf03310e-dc2e-4662-87f3-0a16b8fd5cfa,ffa8cb2b-5eef-4185-a4ef-6d4f64d0fb00,7945048.525479493,7945050.35249303,7945057.399752544,5295,200,1.827013537287712,7.047259514220059,176
2229e816-792a-462f-81ec-0a0a6bd20d5e,45009f05-8ec3-41c1-9f3b-4980b24bd25f,7945039.525365035,7945041.290038177,7945057.414587546,5908,200,1.7646731417626143,16.124549369327724,160
9868d00d-cdb5-4276-9f11-b22897d3342f,9cabc10f-e27c-45d0-91c6-3489b856ccaa,7945049.525985886,7945050.472748952,7945057.579332733,6332,200,0.9467630656436086,7.106583780609071,224
9760ac4c-64f0-4285-9d38-1c5204eaaae9,80d6a26a-30a3-4997-9ed8-11a621ce4975,7945049.525976765,7945050.046893291,7945057.5993002,5928,200,0.5209165262058377,7.552406908944249,176
13c53aae-97e8-450b-bbce-149839e71786,206f0344-10fd-4960-a755-be0a3f6f3bbd,7945049.525979666,7945050.437894369,7945057.624934598,3117,200,0.9119147025048733,7.187040229327977,16
3e065b47-6a1d-4fcb-97b8-12e8604de9f1,9715b382-2207-4200-ae1a-d50a4de85d98,7945049.525989077,7945050.435372118,7945057.623132792,2207,200,0.9093830408528447,7.187760674394667,160
08565d74-58e2-41cd-9c3d-b6cafa9dd8e3,1aad18dc-a621-4c47-8208-1213fe6b1b24,7945051.525673307,7945051.815958953,7945057.783815253,2787,200,0.2902856469154358,5.967856299132109,176
a625d67b-257f-4049-aafd-f145ed01547b,0f54f6fc-4671-42f5-b230-6e1ebb9c5019,7945039.525367833,7945041.799853934,7945058.040255998,1341,200,2.274486101232469,16.240402064286172,176
8977b395-4222-4732-9ae4-6c0b1d1deacf,66f8daaa-1aa0-44ba-9a50-499c33dcb7eb,7945051.525666289,7945051.738601799,7945058.238644099,2134,200,0.2129355100914836,6.5000422997400165,192
db848962-025c-4f57-b531-f1f7f0219837,4135428f-b4ca-46a0-8420-0d6f63676c09,7945041.525765783,7945042.42310678,7945058.686205283,5971,200,0.8973409971222281,16.263098502531648,192
aedeed9c-a8e4-472e-bb1c-8c6710ffc375,28fb12fb-b0a3-4c00-8606-abeb6200d6b0,7945053.525441551,7945053.693517352,7945058.894144767,1034,200,0.16807580180466175,5.200627414509654,192
15295fc6-2d18-4f5e-9d5c-c4eb1e29907d,a1bd7a62-29c7-4723-bfc6-6793e7811f26,7945041.525784615,7945043.048981457,7945059.311191372,5875,200,1.5231968415901065,16.26220991462469,224
61ba92d7-1eb4-45ed-a802-2e48af85fda4,878ecc65-caa1-4b04-9675-7658ee646019,7945051.525680023,7945051.640146358,7945059.474896811,884,200,0.11446633469313383,7.8347504530102015,192
1945a350-6a1a-4976-9287-06422f9811d0,cb102b8f-c978-4954-a7b4-75be58ca1971,7945051.525676341,7945052.067557805,7945059.497481063,5691,200,0.5418814644217491,7.429923257790506,160
23d6c8c1-16df-4ab7-bdc8-05858e60e68c,daa40a1d-c651-45b9-88a6-579436a31650,7945041.525774751,7945043.419663194,7945059.622331417,5827,200,1.8938884427770972,16.202668223530054,176
090dda3b-d119-4f5e-9615-9e9c4aefd7fa,09568944-6662-4e5d-8d54-0bff73d532f6,7945042.525385413,7945043.957793557,7945060.225968938,3300,200,1.4324081437662244,16.26817538123578,192
6a84ec3e-cb08-40a4-900b-96e4303c0a14,ce2a3b2e-a3d4-438b-8c8c-85e2f9567b51,7945051.525670436,7945051.710517432,7945060.283054238,1907,200,0.18484699539840221,8.572536806575954,192
7ff26a10-dd3d-471c-8019-1cfaccc845cb,8ecc4871-cdb8-4483-ba36-0274abe3bf09,7945047.52585616,7945048.451183022,7945060.660684092,5945,200,0.925326862372458,12.209501069970429,192
6a4fc8f3-6e7b-464d-8ebf-371dbfc943d8,e1135eac-1064-49ba-a7c1-5a74913bedcc,7945048.525455344,7945049.046264989,7945060.887385559,5577,200,0.5208096457645297,11.841120569966733,224
baa08884-9a9a-4ffd-9d39-95e163294a31,5707dd1d-3bc2-4a67-a45e-321e76e74e30,7945048.525465825,7945049.0450518625,7945060.887368118,2484,200,0.5195860378444195,11.842316255904734,2432
12fcc0b4-3de3-4ac0-833d-1ee62b17af90,24b68f03-c2a5-41eb-9a8b-7465c5d30b08,7945043.525646587,7945044.827157771,7945061.0943956785,5857,200,1.3015111843124032,16.267237907275558,160
b6ac04b8-d7c3-4567-9a72-f91a3d372cf5,de2f413e-c05d-4891-92ad-832473a888f7,7945044.525985448,7945045.320308523,7945061.589334874,2564,200,0.7943230755627155,16.2690263511613,160
672d7ced-bd0a-4f80-97a0-330d9138a47f,63ae79f5-b02f-40c7-b5e9-2105766c1ba2,7945056.52605203,7945057.368194718,7945061.929131811,5999,200,0.8421426881104708,4.560937092639506,176
37fa8c14-dd47-4953-9756-dfdddfad0ef2,2273edb6-fc9d-422a-9795-d4026c851eff,7945053.525427013,7945053.686487255,7945062.021763008,1005,200,0.1610602419823408,8.33527575340122,160
0956ee4c-caa1-4291-a993-dabe985875d2,e8935aed-8406-486a-82de-949afd4e6890,7945052.52605184,7945053.379828678,7945062.367453619,4683,200,0.8537768386304379,8.98762494046241,160
a4c89509-d9e0-4dad-9242-1cca92e025c4,97b9f2b5-9391-4f36-bfd2-d2e5305af7c6,7945053.525444239,7945054.1999860145,7945062.74197751,5849,200,0.674541775137186,8.541991495527327,224
583674af-4d2b-448e-9bbf-d7168d848b4d,4e92d555-04cf-4918-a790-ca12369ed8bc,7945050.525403071,7945051.018521425,7945063.340031808,5808,200,0.49311835411936045,12.321510382927954,176
50182c58-e5bc-4c17-856a-3202df44f674,21110793-74ab-440b-99b4-e8b79c1594f6,7945051.525654645,7945052.1102165235,7945063.398845002,5008,200,0.5845618788152933,11.28862847853452,160
94f9f57f-ca92-484a-9b42-756a1d70319f,145feb92-6697-4609-9007-8dc404ef5b0c,7945051.525687217,7945051.709439794,7945063.514920145,1765,200,0.18375257682055235,11.805480351671576,176
c7127b40-65cc-4f24-a18a-5a5481c635f9,b8a8c506-a4d7-4d39-80d8-cc59849f7d3b,7945055.525995812,7945056.053823991,7945063.625332069,5851,200,0.5278281783685088,7.571508077904582,160
07d9a100-9dc8-4b65-b1bc-436805306fa2,33748c07-1927-42a2-a7bc-a67ebecdee26,7945058.525956308,7945058.819507322,7945063.754440746,3078,200,0.29355101473629475,4.934933423995972,256
dd009cf1-003c-4396-af85-0e3ac54c77a9,6e2c4bd2-ce68-4b03-932b-3f32ace53c93,7945052.52605498,7945053.136574299,7945063.963931666,375,200,0.6105193188413978,10.827357366681099,192
6175890c-b449-42ec-a53b-c4d014a2e472,82070578-d0d7-4a12-8a6c-397a9fbde584,7945052.526064373,7945053.135207575,7945063.965340763,3212,200,0.6091432021930814,10.830133188515902,176
4f34b391-daba-4b6c-97dd-c457c808be5c,1e40b54c-3793-4468-b809-ba91f551ac2e,7945052.526036709,7945053.14000309,7945063.971505082,1277,200,0.6139663811773062,10.831501992419362,160
a440a185-4d54-40bb-9141-072045826465,3e3dbce7-d7a4-4349-8025-491552a5da28,7945052.526058093,7945053.137735812,7945063.969151538,866,200,0.6116777192801237,10.83141572587192,288
044736f3-76a4-43c1-89a1-8d3c065b69d3,cdf3ae04-1fc3-4f8e-89b7-6d59f3657210,7945056.526035839,7945056.755911014,7945064.157525767,1996,200,0.22987517528235912,7.401614752598107,224
48728be9-162f-4b09-b4f0-16c5d3f621a7,8dec5286-27de-4939-906c-5de54fb45e43,7945056.526045818,7945057.182107722,7945064.177038239,5868,200,0.6560619045048952,6.994930516928434,224
0ef53899-8ab8-4899-b9a6-9672e7b2fa61,393fae3d-bfae-4a69-9f62-03842f08111c,7945053.525446988,7945054.768106487,7945064.508789292,1854,200,1.242659498937428,9.740682804957032,224
afb824e1-280f-4589-ba06-fa531027983a,31724198-b4f7-40e3-b090-a4f14cbd4e46,7945053.525437656,7945054.77089657,7945064.5116067715,4905,200,1.2454589139670134,9.74071020167321,224
122d8a01-f7eb-4fea-b9fb-f96d686a53fd,61da347d-e982-42dd-92bc-c0eeeaf1345b,7945054.526011459,7945055.206570343,7945064.538762864,5889,200,0.6805588845163584,9.332192520610988,176
7f34ecd7-e0b9-41b4-8cb7-b2169350444a,055f56c6-aa3c-43b4-940e-d9d9458424c3,7945057.525870504,7945057.62767246,7945064.578252202,1291,200,0.10180195607244968,6.950579741969705,1280
4b1f4b5e-6f78-4b91-b050-85ccb7bf2bba,744f1fca-f13a-4e8e-b779-7c7d5ab37c92,7945057.525887833,7945058.074953966,7945064.597791959,3580,200,0.5490661328658462,6.522837992757559,160
3042871d-eabd-4116-87ef-16767c6400dd,90eac966-f9f9-4b13-840f-dcacc715be88,7945057.525891249,7945058.0752237,7945064.597591224,2927,200,0.5493324510753155,6.522367523983121,160
1a9f6021-625c-409a-b3f8-540853f329db,7130a567-3a9a-4453-8f82-99755c0b6a3d,7945056.526042578,7945056.907472039,7945064.879438652,1988,200,0.3814294608309865,7.971966613084078,192
d259a317-1350-48e2-89a4-a049c16b58ca,85553518-8e78-4758-b459-5e93a9c3be1f,7945056.526028849,7945057.221372408,7945065.045620878,5757,200,0.6953435586765409,7.824248470366001,224
82aff946-fcbe-4ee0-b074-336a18fac97b,5851d51b-6e17-492e-ad31-2585933c39f8,7945052.52604791,7945053.211863478,7945065.281418877,876,200,0.6858155680820346,12.069555399008095,192
3b9b3ee5-75bb-49e8-b648-71a53116233f,07583164-3263-4e77-894a-da67b5fd9ffe,7945058.525966084,7945059.024401976,7945065.376604793,5786,200,0.4984358921647072,6.352202816866338,224
323d212c-6247-42ed-b90d-5c92477bbca5,a38ff0f4-9a87-4b3e-ba7b-d29d5423b7ee,7945056.526032369,7945057.294116056,7945065.418068171,5895,200,0.768083686940372,8.12395211495459,176
592c0451-a87b-4055-b6c6-ad044bca0f06,a4761885-b35f-4618-9cb1-2040a011c551,7945056.52604897,7945057.358173606,7945065.420550494,1726,200,0.8321246355772018,8.062376888468862,192
0aedb522-921b-418f-9d17-52df5e30afcb,11f3143e-3964-4b2e-9172-3c0a197bffb3,7945060.525871637,7945060.827989735,7945065.600729515,1611,200,0.3021180974319577,4.772739780135453,176
4f2f82c5-1ffc-4f79-8002-fdef939a5cbc,8309bfc3-eca5-4167-a795-d5d89381469a,7945057.525894433,7945057.840772712,7945065.612939604,3429,200,0.31487827841192484,7.772166891954839,176
76c15824-30fd-44db-9b25-dcd7006e4f46,e1135eac-1064-49ba-a7c1-5a74913bedcc,7945059.525579753,7945060.270171836,7945066.626952081,5577,200,0.7445920826867223,6.3567802449688315,5568
3efd765d-f3a4-405c-bab9-a9f95be4b7f1,7b2a082c-c976-422c-8a99-3799ab0b075e,7945059.525572791,7945060.273179473,7945066.628428139,5754,200,0.7476066825911403,6.355248665437102,192
bbdfeea8-35af-4f23-a90a-b695a148410c,edb3862b-f606-4e5c-8e94-766f443c2f84,7945046.525893624,7945050.765969661,7945067.117922926,5810,200,4.240076037123799,16.35195326525718,192
aa2b5965-5178-4b40-a67c-06097bd384ff,955e558f-d908-48ba-88ef-03b1c7df7109,7945059.525576549,7945060.143185854,7945067.418439285,5181,200,0.6176093053072691,7.275253430940211,176
ceaa2a86-1a10-4d21-956f-6e51b6a63307,785990aa-c645-408d-ab08-0dae17ca1d54,7945056.526017636,7945057.075327826,7945067.513878086,5889,200,0.5493101896718144,10.438550259917974,192
753e176d-a89d-4ec5-ae12-647fe06117f2,8b212c9c-ea48-4d57-bfab-a5ab8835c373,7945049.52596282,7945051.374043954,7945067.647193305,3189,200,1.8480811333283782,16.27314935158938,224
bd9ce8f0-ced8-4a22-8b96-96aeca83c47b,b722212a-bf93-49dd-a1e2-451abc2fdeb6,7945062.52577148,7945062.963744284,7945067.940249085,2628,200,0.43797280360013247,4.976504801772535,176
4fa53cc0-8f45-4ede-b53f-28cf5dd14d30,68908677-0874-4245-9052-7109f51d4295,7945055.526009297,7945056.028268476,7945068.026549717,5811,200,0.5022591790184379,11.99828124139458,192
1f3000dd-1b9e-4b76-9f16-5455800833a7,2f00ecb3-5431-475c-92c8-62f44e364157,7945050.525392681,7945052.014283933,7945068.124269344,1302,200,1.488891251385212,16.109985411167145,176
5c0fbfa6-ec17-42ab-b121-1b308d174b48,19263e45-89bd-4a00-a708-a3bf3f0e3af5,7945059.525561261,7945059.806186635,7945068.282895864,2504,184,0.28062537405639887,8.476709228940308,160
5c45866e-a502-4488-bc37-34af99442d78,180db37d-6447-4813-8c8c-57e38b2e8569,7945057.525883326,7945058.051995142,7945068.892934813,5882,200,0.5261118160560727,10.840939670801163,176
e71f9125-c15c-4aa8-9a0a-b0d77c297a60,701ecf99-00a4-4024-b51a-c936d71bc4b5,7945060.525838673,7945061.125036115,7945068.940148018,4771,200,0.5991974417120218,7.815111903473735,192
b656a850-11bc-439b-ac8d-3a864fe2ea60,0104d5da-d6e8-4faf-a555-f9f6d4a7bb8f,7945061.525503257,7945062.085337071,7945069.373591965,665,200,0.5598338134586811,7.288254894316196,176
979b3c32-9a8f-42b0-861c-bc9873a8e055,293f081a-8730-47d2-9b8a-df7eef9cb2eb,7945060.525850137,7945061.467282108,7945069.446214556,5807,200,0.9414319712668657,7.978932447731495,192
c843fdd9-84a2-49ac-ab79-54e7cf37a83e,883f0b54-25dc-44e0-9215-8602edef29fe,7945060.525865351,7945061.46625552,7945069.44641148,5779,200,0.9403901686891913,7.9801559606567025,5744
87680139-7a8c-41b0-aeb5-fa1832e3c1cf,3e3eb2e7-bab1-41c8-a054-1a4c6103ce74,7945060.525878939,7945062.084351866,7945069.462390593,4755,200,1.5584729267284274,7.3780387276783586,192
0214e808-0554-41ad-9717-c03879a8afb8,e4055763-dcd0-4e11-99b3-4b8d69dbb4f9,7945063.525319983,7945064.023272346,7945069.505888241,5704,200,0.49795236252248287,5.4826158955693245,192
2712a6bf-458c-492f-9047-22e5482bd518,5707dd1d-3bc2-4a67-a45e-321e76e74e30,7945064.525465106,7945064.723473855,7945069.648697723,2482,200,0.19800874963402748,4.925223867408931,464
14a9b07b-122a-4c8c-b72c-fed7b04a133c,d35edcad-56a4-48a2-8b02-620d4f7f91e0,7945064.525481244,7945064.928414162,7945069.663524524,2747,200,0.40293291863054037,4.735110362060368,192
95ec9f72-4f3d-459f-8a7e-ad833530b7e4,0c088333-cd29-4f23-8a4a-0cf56c813650,7945062.525781917,7945062.645522604,7945069.817179722,812,200,0.11974068637937307,7.171657118014991,160
40c50d52-fd26-4724-9bee-455193bfbab6,ce085c11-89ed-492b-a423-23ceb4fb69f5,7945063.525304554,7945063.5994673055,7945069.968183897,3372,200,0.07416275143623352,6.368716591969132,3360
8d4115ae-c85f-4f7f-9898-c1fddcf363f5,48bf1d41-819d-4951-b8e2-8c97d4fee09a,7945051.52568341,7945054.186752441,7945070.276666726,5947,200,2.6610690318048,16.08991428464651,192
d2729d90-7fb0-41ce-8670-1b502f2975cb,e633d67f-10a1-4d3b-885b-8178d1e0dc72,7945060.525854339,7945062.304877886,7945071.10383817,5876,200,1.7790235467255116,8.79896028432995,176
30769b12-32c9-477b-9f26-5acff58c5609,4362c328-9eb3-4a33-a269-97c946d7258f,7945060.525861768,7945060.725089018,7945071.311029162,1301,200,0.19922725018113852,10.58594014402479,160
d8f4a921-dd2a-408a-b2fd-23c9540b1044,2002ac2f-1022-4ba7-b8d0-7d2b9b49c4b7,7945060.525868787,7945061.3341124505,7945071.336122442,5946,200,0.8082436630502343,10.002009991556406,192
af8ab93e-4c25-4f0e-8010-3af40f00822c,68cfd125-d1c7-4af5-add1-8ab587fd3cbe,7945060.52587523,7945061.651590463,7945071.358566748,5992,200,1.1257152324542403,9.706976285204291,192
4343227b-38e7-487e-85dd-d2b2a47c0b60,4118c47e-bc78-4a46-b2d4-e6b7e0e3c26b,7945061.525519513,7945061.853050485,7945071.387209144,2609,200,0.32753097265958786,9.534158659167588,176
c7e88f79-56b8-4011-93b8-486f43f67adf,1072666c-0848-46b5-a283-c82a7f335573,7945063.525315193,7945063.71320215,7945071.400522829,1310,200,0.18788695614784956,7.687320679426193,160
399f2494-b50f-4bef-bd0b-5c90578bb759,a32580b8-29f7-4a11-b21b-141cd4c3cd84,7945064.525476285,7945064.9578507785,7945071.460614681,4945,200,0.4323744932189584,6.502763902768493,192
ef15c331-0c54-4883-b3d3-2d5cc436fef1,02c750b0-10fb-4546-bde2-322c8d2fda85,7945065.525833513,7945066.224800876,7945072.198049908,5250,200,0.6989673636853695,5.973249031230807,176
6a433f51-b70e-4071-94bf-9f97027d9168,fa45b250-61e2-448d-bcd4-5210a4c06771,7945065.525836634,7945066.470328058,7945072.216846212,5960,200,0.9444914236664772,5.746518153697252,176
8f57da64-8621-450e-8275-e0c30b1b0a7c,aed166ee-a043-4472-a997-a7fea5e9b8ed,7945066.525378716,7945067.294695812,7945072.603969837,636,200,0.7693170960992575,5.3092740243300796,176
c9d6efcf-2432-4c25-ae32-228e15f4b1fd,95a88be3-cccc-46e1-b9de-07405e0c8879,7945067.525406343,7945068.048162055,7945072.919671307,5920,200,0.5227557122707367,4.871509252116084,160
317b64bf-836a-4c92-8357-dc3f257cd818,e5641777-ad47-4ce4-8ff1-5da3d821c11a,7945052.526061029,7945054.929044249,7945073.094598172,4225,200,2.4029832193627954,18.16555392369628,176
9859e995-abec-4993-8c86-c00a16700682,c1b7bd9a-b619-4cf1-be42-c209db347bd5,7945054.526021281,7945056.839554199,7945073.260526415,3285,200,2.3135329177603126,16.42097221594304,192
a22bc3b1-db0d-44fe-850c-52570ce44d03,11e52e6b-5b09-48ab-af7d-e3fc792cafc9,7945068.525744721,7945068.997261624,7945073.436374932,5290,200,0.47151690255850554,4.439113307744265,192
a5868d8b-5f0c-4f4f-9868-e6d343966661,6a1b0852-2faa-43e0-a4af-cb79f4e38636,7945065.525841959,7945066.431038248,7945073.554215443,5837,200,0.9051962895318866,7.123177194967866,560
9d2e1fe1-c975-4feb-bd30-d7e9bdbfbf61,da8104fb-b2c8-4d96-aa5b-9e39bfb35cd0,7945065.52584582,7945066.698188225,7945073.58457827,5897,200,1.1723424047231674,6.886390045285225,160
057e5d74-80cd-400c-be4e-16da588c3692,87ba21e2-ff9b-42d6-827a-0e6c8ff6b22b,7945067.52540982,7945068.506711514,7945074.216606373,3831,200,0.9813016941770911,5.7098948592320085,192
39b1ced5-5143-48d2-97de-20da552e9c13,9709521f-0ab0-47fc-beee-1f3fefa5a01d,7945055.526012996,7945058.040896555,7945074.355720877,5798,200,2.5148835591971874,16.314824321307242,224
f1781ae0-8304-4d3d-b335-ea63eb7d1bd5,13376dce-20c1-48e3-9810-791d0ebf106d,7945064.525478649,7945065.813726454,7945074.391624255,5809,200,1.2882478050887585,8.577897801063955,176
29d4e929-a69b-4a14-bb66-5ff954a8fc52,937d3504-cc5b-4f2f-8ae0-557b3725c6f4,7945064.525483542,7945065.813257727,7945074.391120183,2486,200,1.287774184718728,8.577862456440926,192
c1ecf7fa-0647-409b-9976-0a703f53d170,f51dd809-cbab-4ec9-b546-6e8c9f459d48,7945065.525849324,7945066.481965715,7945074.432014976,3096,200,0.9561163913458586,7.950049260631204,224
046ba1e7-c8d4-4318-9698-2ca295d3788a,30ce9d58-97d0-429c-b6b5-fdf822a72a11,7945056.526039376,7945058.681528825,7945074.8473374825,928,200,2.155489449389279,16.165808657184243,192
c32525d2-c8f8-41fe-880e-e4faf6c15df1,9be7a5b1-387d-4667-ab3e-b4601fda05fe,7945058.525969606,7945060.229672032,7945075.16567475,4559,200,1.7037024265155196,14.936002717353404,192
e981120d-ea6e-4d00-a0c2-53035284808a,41cce6dd-cab9-4cbe-851b-220d03250877,7945067.525402987,7945067.771446721,7945075.205499361,6176,200,0.24604373332113028,7.43405264057219,6144
9d48ff73-2f14-451b-ae13-4aba71cbc34b,6e7c764b-76c2-4dc6-8a1f-6454d1e33509,7945067.525398753,7945067.771921075,7945075.206589902,2073,200,0.24652232229709625,7.43466882687062,192
64db4b9a-e974-4810-9700-8ad065e9e6cc,97722cf0-7560-4de1-b0a8-de3edea84c1a,7945065.525817856,7945065.954611606,7945075.212376294,2229,200,0.42879374977201223,9.257764687761664,224
f31274bc-2202-4465-9b0f-c1b49cbe94a9,7833a30a-00a0-41c1-a0bc-3fdcc7f6d451,7945069.525493111,7945069.731916664,7945075.402186448,1691,200,0.20642355270683765,5.670269783586264,160
1740be54-4f62-42b3-9acd-9921881bee56,3485b619-1b37-4b4f-8e1d-8aa0da93e034,7945060.525857877,7945061.558106031,7945075.4065243155,2679,200,1.0322481542825699,13.848418284207582,176
17c3b106-b6ba-406d-96ca-11855193634c,1fbe680b-764f-412f-b308-a3332b53fe1c,7945061.525515553,7945061.762442958,7945075.466063531,2446,200,0.23692740499973297,13.70362057350576,192
e0e5c2f7-0dfc-46b5-8149-06544f4d945c,d34ef4f4-832b-4682-9b3f-4e15cf871b7a,7945068.525732087,7945068.760104542,7945076.353180307,2068,200,0.23437245469540358,7.593075765296817,192
d7ae305c-1162-4e04-94d5-74fe1c1b01c7,f4a7afa1-476a-4b88-a383-3b4beb1da491,7945069.525489314,7945069.737622906,7945076.57981389,2163,200,0.2121335919946432,6.842190983705223,192
26fdac6d-04b9-4f02-90e1-2e5ba144fb15,44799ff2-229c-4fd0-92ef-7a633a2039d2,7945067.525388766,7945067.756672469,7945076.634800701,1761,200,0.2312837028875947,8.878128232434392,16
ddc4c0bb-6fdb-40ae-8b19-f64885444142,eacc26c8-36c3-4905-b4ae-7c3f6f32cab4,7945068.525741113,7945069.231939787,7945077.124768175,5750,200,0.7061986736953259,7.8928283881396055,192
b1f6c797-abea-4831-beb1-59b7257a6cdd,8885ccc0-b579-422c-8693-2ef4f532b933,7945062.525785107,7945063.23370566,7945077.3176493645,5927,200,0.707920553162694,14.083943704143167,192
7caab092-e9c4-490d-bf5e-e5cacdfecd2b,6cef4305-80a1-4608-bd96-ea4a1c9f3872,7945063.525323361,7945063.759383005,7945077.374840648,1508,200,0.23405964393168688,13.615457642823458,288
03f82263-8bea-4812-a6f1-95231c900d2f,b784492e-fbfe-4f5c-ad22-38777c9aa7a1,7945070.525313064,7945071.103436518,7945077.908383533,1074,200,0.5781234540045261,6.804947014898062,288
053eb9b5-0774-48b9-a2ec-20db11539c70,0f3f2660-cb81-42fe-9b2e-142cfb744ded,7945066.525429432,7945066.721045239,7945078.33101235,1187,200,0.19561580661684275,11.609967110678554,176
d443b866-e1f9-47e1-aa1f-a3523ffd016e,6ede9dcc-e033-4f78-82f1-d3939e868ed4,7945069.525477999,7945069.632858477,7945079.377691248,371,200,0.10738047771155834,9.74483277183026,192
7be6443c-6422-40fd-ab2f-b456ec63a825,26596bc8-98fc-45ee-b581-9a33b2b029ec,7945069.525504091,7945070.062352791,7945079.40654508,5596,200,0.5368487006053329,9.344192288815975,176
df242e0a-8bbc-44b5-a2a4-325b7a24e821,f4e2280e-c7e9-4629-82f1-99cf632b8bbf,7945070.525327916,7945070.9968572,7945079.961507012,1367,200,0.4715292835608125,8.964649812318385,192
ef4f66a4-6864-437b-a415-da45083fcff9,2b3753bd-a6a3-47ab-a1c6-98604516c789,7945071.525256447,7945072.0084887035,7945080.592565214,5829,200,0.4832322569563985,8.584076510742307,176
e1cf200f-1a50-4a02-b613-b02ab5cd2fd4,9501b8ca-1708-414f-8cc1-3f76c4e7d95b,7945073.525831937,7945074.66423795,7945081.089448177,5792,200,1.1384060131385922,6.425210227258503,224
5c2250af-9bfb-4035-be70-84416f6df8b9,cdf3ae04-1fc3-4f8e-89b7-6d59f3657210,7945073.525845868,7945074.662854123,7945081.088681477,1996,200,1.1370082553476095,6.425827354192734,1984
85f534f7-6906-4f0c-b43d-1937ccb9488b,206f0344-10fd-4960-a755-be0a3f6f3bbd,7945074.526208004,7945074.979336064,7945081.1068718145,3111,200,0.4531280603259802,6.127535750158131,992
3e179b33-52cb-4654-83df-9fb372e93e3a,6e872f5a-b705-4650-b45d-48a9ce29bdc0,7945071.525265487,7945072.021539729,7945081.116638317,5944,200,0.49627424217760563,9.095098587684333,160
d6a2da35-4440-4034-b474-65253ed159cb,82a87cd5-bad7-4e1b-aa2d-2ea8185f351c,7945072.525195649,7945073.733030539,7945081.542824725,3338,200,1.2078348901122808,7.809794185683131,192
7dc11b13-d1a2-4330-a43d-b0481b1386f5,90cd916e-2987-4e81-8dfd-f79135d0d144,7945072.525198645,7945072.600035199,7945081.831887852,1905,200,0.07483655400574207,9.231852653436363,1904
5bdbd280-bfb0-4896-b4ba-7a150b5a6a3b,a6300d22-1246-4dfd-8916-1f8b77245c97,7945075.525325102,7945075.96353706,7945082.059040475,4358,200,0.438211957924068,6.095503414981067,192
e37f2ba8-cdae-4a03-9f67-073f5ac36915,5733c9fc-fa76-4959-a50b-7f0346a1783f,7945075.525345957,7945076.582038216,7945082.0795009015,5897,200,1.0566922593861818,5.4974626852199435,176
386f76d9-ad45-489f-ba42-b11878478e4d,30d8dc98-40d0-4b1f-a0b8-260e230c3a47,7945075.525342248,7945076.728296155,7945082.098151528,3941,200,1.2029539067298174,5.3698553731665015,176
e2778c2a-98d8-44ba-82e8-d7b2a862c9a8,44ee6759-afbe-4710-9a07-470754ee7588,7945076.525392958,7945077.183434956,7945082.119756828,4148,200,0.6580419978126884,4.9363218722864985,192
c9dd33fe-0740-4c0e-bba7-972487895783,9715b382-2207-4200-ae1a-d50a4de85d98,7945076.525401309,7945077.180879601,7945082.118401172,2207,200,0.655478292144835,4.937521570362151,160
c69bb5b1-27f9-45f4-9a5a-31955c7f8c63,8797a59b-ae3b-4e72-b6ad-b0e2f7f7f714,7945073.525841787,7945073.773254986,7945082.404278033,2291,200,0.24741319846361876,8.631023047491908,0
e3cc1df9-5e2d-45fe-9810-78ae5dd06cb8,2fb02323-52e9-4187-9ca6-8cc5150e5a64,7945071.525268711,7945071.965569594,7945082.89482273,5300,200,0.44030088279396296,10.929253135807812,224
28ab60fa-830c-47a4-b800-8c7abc9623f8,393fae3d-bfae-4a69-9f62-03842f08111c,7945072.525183325,7945073.267411607,7945083.163014013,1854,200,0.7422282826155424,9.895602406002581,1840
e88ed209-31cf-449a-b297-ba9d6ca88754,797bd915-1032-46da-920e-403068e09527,7945072.525192369,7945073.26707446,7945083.1634458965,5566,200,0.7418820913881063,9.896371436305344,160
76fd4b8b-d1e3-4051-83be-e89ef08feb5e,078b06e7-ab7c-40cf-8562-23fdd95b649d,7945075.525338985,7945076.171018041,7945083.642303392,3739,200,0.6456790557131171,7.471285351552069,192
3bb209b0-127d-4e80-b122-7cc0ecf4d8fe,60779b03-9d6c-4916-8ac1-b7e67f79f34a,7945074.526205118,7945074.913345713,7945083.770100042,3764,200,0.3871405953541398,8.856754329055548,176
0c1c3dd5-4dab-4ca3-b832-5559142643c2,d252e60d-edab-4978-9586-9e14da1d1967,7945073.525849007,7945074.223009869,7945084.189099197,5788,200,0.6971608623862267,9.966089327819645,192
4184bad7-5204-49ef-9489-78a85b7fd762,eeecd121-eb60-4085-8cb4-cc428f8c6a23,7945073.525855287,7945074.501348437,7945084.811788428,5940,200,0.9754931498318911,10.310439990833402,192
40f7fd0f-fe85-42c4-abda-0134d769f4f8,453b70a7-3fa4-4b8d-9188-2d3a24557050,7945064.525473518,7945069.266865542,7945085.0581029635,3930,200,4.741392023861408,15.79123742133379,192
74f41fb1-4450-4a03-8b6f-6be95fe92136,59afa03e-f016-4d4c-94ab-104f8f1d022f,7945076.525376837,7945077.084671125,7945085.154231638,6016,200,0.559294288046658,8.069560512900352,192
f68a3059-5d42-407f-9c62-da252fa7226c,0abaeaa3-5b44-4c27-a767-f7146e195828,7945076.525396731,7945076.648579235,7945085.282568024,704,200,0.12318250443786383,8.633988788351417,176
84645c3d-9052-409b-823d-9eea653b5789,cb11717f-7d06-4a74-b58f-3b3b2686cb99,7945076.525404953,7945077.090491421,7945085.303077119,5747,200,0.565086467191577,8.2125856988132,224
797733d6-bce0-4389-9acc-880b33d73cd1,8b954204-013c-45a1-8e64-22e99087578a,7945065.525852429,7945069.863203336,7945085.683566136,1613,200,4.337350906804204,15.820362800732255,176
117def63-a669-42b0-9f49-9bd440941362,18b65022-22d9-4799-9ef4-0bdcc7c2653e,7945065.52582966,7945069.879685337,7945085.6914537195,1137,200,4.353855676949024,15.811768382787704,192
4cb5cf80-cba6-43f3-91e6-00bb55cbe662,c2ad791f-4117-4ad9-b9a2-99f3f07bd05d,7945070.525324066,7945071.047055055,7945085.699025798,5859,200,0.5217309892177582,14.65197074227035,192
c819ecc7-61ea-462e-a28c-21cc0e8a50ba,af44220f-03ce-47a5-b0eb-52fcb72663a5,7945077.525401461,7945078.704828402,7945085.88588606,836,200,1.179426941089332,7.181057658046484,192
4aa14033-1e65-4a56-89a5-0dd0fa581d57,d6267942-94f7-4bc7-a981-0011f37d47b7,7945077.525391034,7945078.706789028,7945085.8880809685,3123,200,1.1813979940488935,7.181291940622032,176
dca44a59-447f-45ad-aa38-6783ce71e198,3861254d-c2de-474d-bfae-fe68b5c47f8a,7945077.525397597,7945078.807155546,7945085.907047713,6000,200,1.2817579489201307,7.099892167374492,160
87180d13-8a51-4135-a31e-720be90a3f11,87314585-0afd-4ab0-bd35-e2fc49ee41f3,7945078.525394582,7945079.416886004,7945085.925648227,2448,200,0.8914914214983582,6.508762223646045,176
d2ff3c96-75f2-4493-b6c1-96517633a7ea,ffa8cb2b-5eef-4185-a4ef-6d4f64d0fb00,7945078.525359352,7945079.422597775,7945085.931219597,5295,200,0.8972384231165051,6.508621822111309,176
3ff5c0c3-d06b-4f79-bb22-c0be130ba3df,98bb6af6-6eb9-414f-b0e5-347f68e214d8,7945078.525384184,7945079.816719966,7945085.948169271,5801,200,1.2913357820361853,6.131449305452406,176
40304511-041e-49ad-9770-1637876eeb12,d4986227-86cb-46de-8dd0-52206e7c68a6,7945079.525656965,7945080.479999534,7945086.141830138,5915,200,0.9543425692245364,5.6618306040763855,192
099f0c6e-8f4b-435f-ac2a-4b1a056ee20d,8dec5286-27de-4939-906c-5de54fb45e43,7945079.525661872,7945079.920728915,7945086.177909924,5868,200,0.3950670436024666,6.257181008346379,5856
f92e8df2-b00f-4838-b408-d8660e7d6cf9,84f9adef-1c1c-453c-86b9-3f8ad9f57251,7945077.525387085,7945078.694279276,7945086.29529193,5563,200,1.1688921907916665,7.601012654602528,224
aba1a05f-7124-4dfe-bbcc-a92342194aba,d676b662-4956-47d5-a78c-709dc0d2d700,7945066.525434622,7945070.279174786,7945086.318456802,5810,200,3.753740164451301,16.039282015524805,224
40c0d93b-40cb-461c-a2b2-d8d7145c19f7,59577ac9-a9d1-4bb2-ab3b-4f52b1dd4f35,7945078.525390988,7945079.337830283,7945086.39875888,4120,200,0.8124392945319414,7.06092859711498,176
8565b0d0-a535-434e-92d6-01dcf02a719d,33c3cc74-1a2d-4e47-8145-2d41c0f30905,7945078.525387523,7945079.336464835,7945086.399910113,624,200,0.81107731256634,7.0634452775120735,176
14538cdc-094e-4073-bc0e-864ad469fe4c,38af1820-6e3a-43f3-a21f-2550ec17cdab,7945074.526187035,7945075.652601011,7945087.03759706,5882,200,1.126413975842297,11.384996049106121,192
a08f1eba-f762-4d13-95f6-5e590c4f5991,88f2066b-6a77-49c7-b301-e0dfceb7f610,7945075.525349541,7945076.2528033145,7945087.063701637,5870,200,0.7274537738412619,10.810898322612047,176
698d98b8-fd7c-411b-bfb1-087716432e5c,33748c07-1927-42a2-a7bc-a67ebecdee26,7945076.525388697,7945076.624011436,7945087.45857909,3078,200,0.09862273838371038,10.834567654877901,3072
0e399810-581b-479d-b7ac-e42da4769dc9,3af3ee27-6e36-4913-8abf-51c74481b27b,7945076.525408302,7945077.056112577,7945087.4802955575,6048,200,0.5307042747735977,10.424182980321348,176
53a27da7-ccf4-4079-bc41-e5a202e7022e,bd218e24-2587-4885-9d7f-d92c8f9789f3,7945069.525500936,7945071.539544569,7945087.579190207,5958,200,2.0140436328947544,16.039645637385547,192
869c15e0-ed7c-4194-b610-5b0cb388e7c2,b5058d29-2d8e-4366-87a2-b76d642064a2,7945074.526202382,7945075.236071871,7945087.780408632,5979,200,0.7098694890737534,12.54433676134795,176
59922cb9-1428-421b-8d9e-920786e9e9cb,b877c6dc-7cbe-468c-a00b-fd52e84fac81,7945074.526199415,7945075.784203482,7945087.811726053,5863,200,1.2580040665343404,12.027522571384907,224
3a67ad0b-2a54-49ce-84f7-16906d6022db,5733a104-863a-4b0f-a50c-9cae35d6292b,7945069.525496753,7945071.724889599,7945088.192224347,2069,200,2.199392845854163,16.467334748245776,288
7e6935a6-cf20-4352-991e-e65d0848862b,5d903382-2f71-42b7-b9dc-4bc5c6d052a8,7945081.526024826,7945081.677214412,7945088.333918343,1094,200,0.15118958614766598,6.6567039312794805,176
f3cb55fe-3a93-4955-90d6-cd6770299ae9,adf12826-add9-4cd4-bd47-2194a5a19109,7945081.526052765,7945081.8774356255,7945088.349595587,2970,200,0.3513828609138727,6.4721599612385035,224
3123cc59-cf94-456a-84db-75bfbae24674,490d6907-3b05-4b2b-891d-36751b955f0c,7945077.525376342,7945079.206937339,7945088.392026218,6512,200,1.6815609969198704,9.185088878497481,192
cfdb74f1-2097-4f4b-a27f-342f122a533e,cdc0fce9-25e3-4ef3-a067-3251c684919f,7945077.525394367,7945079.203560249,7945088.390481745,5760,200,1.6781658818945289,9.186921495944262,176
97a2279f-33e2-4a41-b025-75ea2a0e2c48,1edc951a-aeb3-46c2-b806-af9c028d1a18,7945082.525403627,7945082.995381898,7945089.500542211,5955,200,0.4699782710522413,6.505160313099623,176
8a9f59ca-f8cb-4f48-8d54-60a388e0bdfd,58f88d8c-e65d-4687-89ad-5e18453a92a5,7945082.525407441,7945083.620537516,7945089.5212001875,2376,200,1.0951300747692585,5.900662671774626,176
759914eb-d18c-4a34-ad59-ae839798804d,4b01567c-773e-4e5d-9dfd-7159a61aa362,7945083.525449631,7945084.022618727,7945089.5847780965,3736,200,0.4971690960228443,5.562159369699657,224
0b3c6262-4906-4fe8-a6f7-c68233754287,4bc56cea-5d7e-4140-9532-23e375f8878d,7945078.525375953,7945079.918031007,7945090.012727215,2644,200,1.3926550541073084,10.094696207903326,16
fc1fd921-9e6b-44f9-b904-1c035924cf1d,11dfe4ca-c40e-4ec0-9baf-a1e65dd9a209,7945078.525371107,7945079.918320532,7945090.015512616,5649,200,1.3929494246840477,10.097192084416747,192
9c3426df-e88c-4977-9624-329187333f64,c46f3433-c5dc-4f8e-8bd5-92b59359f093,7945079.525645695,7945080.536712067,7945090.041248692,2319,200,1.0110663725063205,9.504536624997854,192
d45a6c65-6f2e-436c-a9cc-2583e3d697b4,37779808-584b-4286-ba72-def974892154,7945079.525665104,7945081.1571084615,7945090.05993578,6110,200,1.6314433570951223,8.902827318757772,160
3b3d4077-c3a2-487d-bbbb-609ba35d8bac,31724198-b4f7-40e3-b090-a4f14cbd4e46,7945080.525444941,7945081.806123696,7945090.087092557,4905,200,1.2806787556037307,8.280968860723078,224
013168c5-c515-4ec3-baef-b76795fc72fa,09949374-a7ce-46b6-aa39-f07bd97c5592,7945081.526046133,7945082.393748357,7945090.107834806,2282,200,0.8677022242918611,7.714086448773742,288
0a6140df-4e89-4c7d-a264-d58ce1011304,6dfa98e6-214e-4e45-89e7-2d94868fd2cb,7945081.526056029,7945082.392075285,7945090.105701105,1336,200,0.8660192564129829,7.713625819422305,160
b3f7cb34-2f78-4757-950d-ded859123a1f,8528c006-00f5-40f6-8a25-77286922ebac,7945080.525459477,7945082.395542205,7945090.109341596,2879,200,1.8700827285647392,7.713799390941858,288
758a1ac1-8380-4da7-865c-af1f78a99575,9503c227-282b-443a-8e89-2d25d415d0c6,7945081.526036297,7945082.396805808,7945090.111187181,3118,200,0.8707695109769702,7.714381373487413,176
6a9cd555-588f-4f95-8ad2-c4aa44ced2a2,ee778cfe-6e72-422a-84c3-fb181f903f54,7945081.526043022,7945082.832976497,7945090.12901889,5790,200,1.306933474726975,7.296042392961681,192
19f80713-6fec-4464-8e07-537c5a954230,699a171f-291b-4d4b-830c-48bfad8a6530,7945084.525998004,7945085.121502838,7945090.200333942,5816,200,0.5955048343166709,5.078831103630364,224
6489a8da-a191-4e6f-a608-df4c160fe0e3,44799ff2-229c-4fd0-92ef-7a633a2039d2,7945080.525469906,7945081.508022359,7945090.495747872,1816,200,0.9825524529442191,8.98772551305592,1728
0d905b71-6f18-49e6-af0c-74109fde61e8,3b836c60-9002-4cd7-aca0-174a917b2d5f,7945073.525851731,7945074.848284796,7945090.999209259,1272,200,1.3224330646917224,16.15092446282506,160
5c04a317-381b-400a-aa92-19c0502c493a,54ca873a-b6e7-43fa-9efe-962eafd821d0,7945074.526196202,7945075.075943881,7945091.62741486,427,200,0.5497476784512401,16.551470979116857,192
fd0822c0-5fbf-4b6d-b434-0202a0fbb86f,07583164-3263-4e77-894a-da67b5fd9ffe,7945083.525459285,7945084.0761677,7945092.390921059,5686,200,0.5507084149867296,8.314753359183669,496
928da214-c2c2-4146-a4ad-734bc5f0bebd,888d1b4a-3dbf-4e29-9ea3-02e0203d227a,7945083.525466127,7945084.513117292,7945092.409462362,5793,200,0.9876511646434665,7.896345069631934,224
02a05a6c-26b0-49bd-8434-d67477e46cd9,92c2ad05-69a2-48ed-a395-2c0a4761e8d9,7945080.525473381,7945080.907941117,7945092.437788927,400,200,0.38246773555874825,11.529847810044885,192
033ecc43-7509-413a-a4ee-a01ff0b80803,7d15b216-bc39-4f34-b2b3-d676febee0a9,7945075.525335057,7945076.533593431,7945092.909995016,5425,200,1.0082583744078875,16.376401584595442,192
1d31d8c7-40ca-4a65-b2d0-f02f0f6783ac,10c59fc2-fb1b-44ba-b994-c622c482f958,7945086.525248905,7945086.815414549,7945093.362451131,2527,200,0.29016564413905144,6.547036582604051,192
7b1b9d7b-f392-4c84-acd7-4c657782cae1,41cce6dd-cab9-4cbe-851b-220d03250877,7945086.525243384,7945086.644389935,7945093.55864322,6176,200,0.11914655100554228,6.9142532851547,6160
24df3e25-1231-478a-8e1d-a312b130e6ec,fe1e0c5d-10e7-4929-9ac5-fdfcf7cdfd90,7945086.52523993,7945087.5604578275,7945093.599755178,5907,200,1.035217897966504,6.039297350682318,176
424fffea-8e46-408e-9739-9d3e657c30a4,4d671de0-7fb9-47ae-a6d5-487fdf4f5fa2,7945084.525994045,7945086.690575726,7945094.041993637,5942,200,2.164581681601703,7.351417910307646,224
bcb544b7-fce1-4ebb-85fc-c6056d12c0aa,d1752466-c0f7-4061-b019-7354f72bcec8,7945084.526014929,7945085.124617929,7945094.280358484,1752,200,0.598602999933064,9.155740555375814,160
134273a5-c1d4-4b05-b0c3-2e84e19c6785,2fb02323-52e9-4187-9ca6-8cc5150e5a64,7945084.526011514,7945085.12607788,7945094.281680061,5174,200,0.6000663666054606,9.155602180399,672
04706301-e7b5-4d7c-87a7-7652f69c6b98,dcb94d60-8697-4e48-b465-39b08725dff3,7945087.526093849,7945087.848401817,7945094.591435656,3101,200,0.3223079675808549,6.743033839389682,160
2a694d53-fb53-4cfc-bb07-a049e434fa9e,0b164cbb-2285-4c89-bbd3-c2dfe7308d2b,7945088.525496507,7945089.589053615,7945095.466798339,6138,200,1.0635571079328656,5.877744724042714,224
489a4070-8a88-4cd5-b4f6-eb4d25af0e7d,2fdd1598-2391-4e80-8c6d-7d62b2c2cad0,7945089.527924582,7945090.065539584,7945095.533802885,5906,200,0.5376150012016296,5.468263301067054,160
b60ddc9f-ec6d-465f-b381-c2c2dd12bbc5,f69dcbd3-4c9e-47a7-a557-6f293de800ba,7945088.525493803,7945089.313047436,7945095.602631388,2527,200,0.7875536326318979,6.28958395216614,160
9cf25cd8-97d4-4e73-a87e-bda4cff5896f,83d8caa5-57ac-4905-85cf-c21d81062681,7945088.525490883,7945089.313512836,7945095.603638064,5717,200,0.7880219528451562,6.290125228464603,176
ad7acfa0-4e2a-41e4-8c08-d8176ccdf34a,59a07b68-d027-4c58-8f53-f4dbe747e9a6,7945088.525504765,7945089.057359381,7945095.824723763,1571,200,0.5318546155467629,6.7673643827438354,160
4d979f27-eefe-4bcd-95e5-f6932a47e3f8,8c2018d5-787d-44cb-8f91-f4bf0c1e1a79,7945088.525499235,7945089.610033208,7945096.068430289,1255,200,1.0845339726656675,6.458397081121802,176
3daa03ec-3c80-4cb2-b85b-b8926df29bfc,b710b504-2065-4aea-b3b6-ab4ec3d9d95c,7945088.525502187,7945089.608963053,7945096.067168696,5867,200,1.0834608655422926,6.458205643109977,176
8de5baf7-0f94-4153-808b-05d375bbf276,d656f1dd-d1f7-433e-b872-647096358cf9,7945089.527933326,7945089.744705097,7945096.473004604,1821,200,0.21677177120000124,6.728299506939948,224
3379b7bc-fb43-47a9-9f8e-6b120729cf4a,61da347d-e982-42dd-92bc-c0eeeaf1345b,7945086.525246085,7945087.2187258545,7945096.51314266,5912,200,0.6934797698631883,9.29441680572927,176
7c5bd89e-1c39-4590-b36d-4d52ebc57e7f,6f34488c-75ff-4468-bcdc-af6e110a4c86,7945087.526097007,7945088.3215839425,7945096.89482073,2844,200,0.7954869354143739,8.573236787691712,224
30e2e050-6ea8-4421-843d-ff374b494449,5707dd1d-3bc2-4a67-a45e-321e76e74e30,7945087.526099983,7945088.322445683,7945096.896290558,2464,200,0.7963457005098462,8.573844875209033,16
89572cec-ce9b-4c2f-815d-f56676ff51cc,173c7ed0-d375-4c31-abfa-db61bbfe20c7,7945090.525493942,7945091.087333824,7945097.019261259,5853,200,0.5618398813530803,5.931927435100079,176
acf679d7-6308-4030-a3a8-a3a6e0c0b90a,7ba0da8a-0f56-4c28-b2a7-81100b97567a,7945090.525503706,7945091.527261922,7945097.037202292,5966,200,1.0017582159489393,5.509940369985998,160
03722fb4-90a9-45d6-afae-b4cb7b81a3f1,be6b2972-70da-4774-b898-f07e9d07a5da,7945090.525490562,7945091.208777683,7945097.192081988,1665,200,0.683287120424211,5.983304305002093,160
d1eaba7f-0ca6-4672-b0fa-f3b48f3eccd4,8f4d7574-7282-48c9-8a83-892af65ddb2b,7945079.525668785,7945080.680222408,7945097.46799181,2921,200,1.1545536229386926,16.787769402377307,160
0f7cb89b-e1bc-4a89-8d33-8566e9bd4c4c,a25e3df9-dbff-4d55-96a3-c6f85b4f539a,7945090.525497203,7945090.957973827,7945097.57837268,4122,200,0.43247662391513586,6.620398852974176,192
c5b22c82-97a0-4710-b1c9-904eb32715a7,1aad18dc-a621-4c47-8208-1213fe6b1b24,7945090.525510973,7945091.159278666,7945097.588314272,2962,200,0.6337676923722029,6.429035606794059,176
aa0f4ddc-7391-4d48-8d44-22acd6fa8ff9,37b90b9b-6de7-4659-ba6d-75350a409e9c,7945092.525347033,7945093.044957566,7945097.9280103315,5902,200,0.519610533490777,4.883052765391767,176
f60b80b8-cc37-4ea8-9e70-0d47cc858c45,a250e4c6-5ced-46f2-9201-044fa60f3870,7945080.525455553,7945081.362746342,7945098.151357344,5748,200,0.83729078900069,16.788611002266407,160
7b18fbee-c17b-4056-a628-cb17d2a4c3a8,c5d2fff6-6dfa-4383-a191-1256acb84d4d,7945083.525469294,7945084.373815508,7945098.164260433,1232,200,0.8483462138101459,13.790444925427437,192
776f2f64-f70b-4732-8194-c629ae4afe18,3184283f-253e-4a85-8c44-e9a332efb5fa,7945083.52546334,7945084.375862093,7945098.1681535905,997,200,0.8503987528383732,13.792291497811675,16
f5c6633b-fbe9-40cf-8b54-85fea0cd5bba,bb51e9bb-6a53-4f36-a01d-3fbf9732a874,7945083.525472108,7945084.635368076,7945098.192592401,6506,200,1.1098959678784013,13.557224324904382,192
7fae5052-bf5e-49bb-9f90-fbfbc78494be,4b436671-49e3-47ea-bf69-8f27540a62a1,7945084.52600719,7945085.695682036,7945098.280134501,5870,200,1.1696748454123735,12.584452465176582,160
563c070f-b1e1-471c-bd16-ed9ba9064a46,bd67cc46-093a-4a92-ac33-a721a9f17666,7945084.526017568,7945085.977797606,7945098.2149910405,3551,200,1.4517800379544497,12.237193434499204,176
decb7e63-f569-4050-812d-6402acb848e1,ce2a3b2e-a3d4-438b-8c8c-85e2f9567b51,7945093.525259834,7945093.69475517,7945098.352912239,1917,200,0.16949533578008413,4.65815706923604,192
0b6dd3f6-2a97-4442-b9dd-a60d4d3a8498,ec0a1ba6-4cc8-4579-887c-9fadc49b7703,7945089.527939804,7945089.773580424,7945098.387285423,2001,200,0.2456406196579337,8.613704999908805,176
2fe47724-dab4-4c08-aec7-542e4ecc2989,145feb92-6697-4609-9007-8dc404ef5b0c,7945085.526013024,7945085.76178812,7945098.488627438,1765,200,0.235775095410645,12.726839318871498,176
d23b702d-e014-4c56-a107-291a602dc8c5,5851d51b-6e17-492e-ad31-2585933c39f8,7945085.526024066,7945085.824339957,7945098.517171807,880,200,0.29831589106470346,12.69283184967935,192
af2c85f9-b75b-41bd-9b2c-3c77af4cecdd,cb102b8f-c978-4954-a7b4-75be58ca1971,7945090.525500286,7945091.612210575,7945098.797499672,5691,200,1.0867102881893516,7.18528909701854,160
b3391639-865b-44cd-a73b-13bc90e0da7f,28fb12fb-b0a3-4c00-8606-abeb6200d6b0,7945091.525655792,7945091.6980586285,7945099.040648879,1209,200,0.17240283638238907,7.342590250074863,192
dd0ee8ee-115a-4f84-bb52-cf4d2d0fd168,d0831b52-6c34-4ffe-9597-e33a682fe9b5,7945092.525350053,7945092.98465001,7945099.396857586,1393,200,0.45929995737969875,6.412207575514913,176
7d393692-a6c9-461a-8187-0806d642b0cb,93bc2aa4-c355-4f84-b335-93036d1fa96a,7945092.525343356,7945092.67511315,7945099.593882561,1076,200,0.14976979419589043,6.918769410811365,224
a8fa8265-bf2c-4e56-9ac9-6dae8359a3dd,8da9f4fd-8b1a-4c55-bb46-ab458d8c82df,7945095.525365758,7945095.984182289,7945099.961283829,4721,200,0.4588165311142802,3.9771015401929617,224
9c80d7b9-d400-4d4c-b4ce-082f9b9924b0,0c823c36-4c9e-42f3-a2cb-f9f292d0c461,7945088.525474881,7945089.911063783,7945100.359259673,317,200,1.3855889020487666,10.448195890523493,192
574f6a76-ce71-49a6-ab2c-07076af87984,180db37d-6447-4813-8c8c-57e38b2e8569,7945089.52794346,7945090.496128061,7945100.380663521,5887,200,0.968184600584209,9.884535459801555,176
8c8655a0-7aee-4923-b095-e2ca063fcf28,5707dd1d-3bc2-4a67-a45e-321e76e74e30,7945090.525480288,7945090.780258334,7945100.4686050825,2469,200,0.25477804616093636,9.688346748240292,448
a12b6be9-454f-4813-81b3-f28ee461964f,de1cb9d3-2a56-4689-8587-49e37031cda1,7945090.52550708,7945091.211532278,7945100.48860989,5905,200,0.6860251976177096,9.27707761246711,192
07d0f8d1-5c81-4a90-8a94-d8a7e7425c11,701ecf99-00a4-4024-b51a-c936d71bc4b5,7945096.526231235,7945096.955420566,7945100.501703771,4771,200,0.4291893308982253,3.546283205039799,192
32d99a74-ae94-400e-a73e-647767c30cce,23113312-0fad-4b80-b9f6-043b5ba0ffc3,7945081.526050023,7945084.202978164,7945100.873966,5942,200,2.676928141154349,16.67098783608526,192
588bcdae-59bf-4032-b501-3744e193630d,083a299a-750e-4743-ac44-e18d354983f7,7945081.526059342,7945084.7815165715,7945101.363767325,5960,200,3.255457229912281,16.58225075341761,192
a772897a-b7f0-415e-b64f-3c3b795d72a5,24b8b9be-0eb0-4b6f-9fcc-939d4d3cbba2,7945091.525636948,7945092.029310499,7945101.413318359,5961,200,0.5036735516041517,9.3840078599751,192
0f796cd5-1781-4814-ac55-6b30cc4da723,34b33563-67e4-4062-b712-54bbf6792573,7945081.52604039,7945085.056047636,7945101.432745616,2832,200,3.530007245950401,16.37669797986746,176
f5e63ef6-fd75-4c5b-894f-c40e9d2c64d1,b722212a-bf93-49dd-a1e2-451abc2fdeb6,7945091.525648726,7945092.6597953485,7945101.44061567,2803,200,1.1341466223821044,8.780820321291685,176
b44b79b0-84b3-4109-a64e-885816b22d13,4cc14e7b-ae81-4009-b122-57bc7afae3ab,7945092.525363395,7945093.072970474,7945101.458068764,1897,200,0.5476070791482925,8.385098289698362,192
c3e70dc0-b04e-4dd3-8370-1bf350e2963d,24b68f03-c2a5-41eb-9a8b-7465c5d30b08,7945082.525392558,7945085.692689343,7945101.476073222,5857,200,3.167296784929931,15.783383878879249,160
96d5f969-509b-484f-9d84-c570153870a8,1b7ff424-f349-4d5c-a211-a15ce07d4c85,7945084.525981255,7945086.943830835,7945101.530166455,320,200,2.4178495798259974,14.586335619911551,160
4f7edc35-274a-4c04-86c5-789d7552537e,2f00ecb3-5431-475c-92c8-62f44e364157,7945085.526026909,7945086.945078331,7945101.534402149,1448,200,1.4190514218062162,14.589323817752302,176
2fc02bb7-bbb9-4988-83b1-e593be9bc6f8,be530eba-376b-4e8f-ac04-19d4dbd07dab,7945086.525230234,7945088.193447265,7945101.6137365475,3599,200,1.6682170312851667,13.420289282687008,176
e5c294ba-0922-4266-b60d-bc0509a582c8,7b2a082c-c976-422c-8a99-3799ab0b075e,7945093.525263594,7945094.030422805,7945102.371319035,5902,200,0.5051592104136944,8.340896230190992,192
1ff74966-ae4d-4249-a4df-b5600fe47aba,68ef1c91-4802-41e0-b853-236b4633b854,7945094.525375927,7945095.104908204,7945102.412564843,3492,200,0.5795322768390179,7.307656639255583,192
b3b64a3a-f92b-4d85-9dec-0443ffeeb97c,ebd5f312-1c11-4125-9db5-429aa5c16412,7945094.525371781,7945095.10608543,7945102.41413992,3221,200,0.5807136492803693,7.308054490014911,176
68ac5ec5-4079-4c74-bf16-c8644085cb36,b58c31bc-52ff-4035-b2e1-720456883bc4,7945094.52538205,7945095.425312868,7945102.432454306,4044,200,0.8999308180063963,7.007141437381506,192
2f62cde7-c452-4bbc-9bd7-0b6e36dac2dc,ec2705b2-b9e2-4443-ae07-eaeb3bec950d,7945095.525362032,7945096.508622727,7945102.663865657,1985,200,0.9832606948912144,6.155242929235101,160
5fcd6fe8-3708-48a4-9e68-f0e88b53eeb3,03a34960-9841-4b38-880d-dc6fe5f4b1e1,7945091.525652926,7945092.061438428,7945103.187713657,5825,200,0.5357855018228292,11.126275228336453,160
4f3e0f96-5272-4605-afc8-271211221cc1,5f43b2e2-3718-4a9b-a790-302f553f2713,7945090.525514591,7945091.316454648,7945103.373388373,5857,200,0.7909400574862957,12.056933725252748,224
849b959a-57e8-4506-b8db-a3c445da51a3,501965a3-4916-4512-bcbf-c5576665398b,7945094.525379066,7945095.042737845,7945103.582716356,5787,200,0.517358778975904,8.539978510700166,192
58eb9245-305c-4d38-8504-02e582534caa,1fbe680b-764f-412f-b308-a3332b53fe1c,7945088.525486999,7945091.000612857,7945103.926888707,2658,200,2.475125857628882,12.926275850273669,192
8e5c0ff9-54a5-4b63-8a36-548793378b19,c88e59fd-1b89-4a2d-a7bf-83f3412d2ac2,7945087.526084471,7945091.00179739,7945103.929110944,2851,200,3.4757129196077585,12.927313554100692,160
4fecf63b-7faf-4d40-9664-dc8373393e3d,d35edcad-56a4-48a2-8b02-620d4f7f91e0,7945095.525349339,7945096.360477385,7945104.264312682,2747,200,0.8351280465722084,7.903835296630859,192
0d3283f9-c36e-4d2a-a71a-4a769bf4bfff,76bb886d-2e0a-4a82-b3e0-8ec5b6cbb908,7945095.525357778,7945096.35926623,7945104.263647331,1373,200,0.8339084517210722,7.9043811010196805,288
205b514e-97e8-46e2-a30f-84340893740c,f8a395f3-d38f-442c-84cb-85ddb20fa644,7945095.525368986,7945096.485835774,7945104.28691869,5901,200,0.9604667881503701,7.801082916557789,192
894f9124-23a7-4805-911a-6a2253942c1f,2955f639-3b78-49d1-a2f3-b0f758fad6c5,7945097.526161087,7945097.901394042,7945104.317721989,3657,200,0.37523295544087887,6.416327946819365,224
4ed4dd6a-d664-4d2a-8060-99c212da41a8,1072666c-0848-46b5-a283-c82a7f335573,7945093.525249619,7945094.1156775355,7945104.461880637,1534,200,0.5904279164969921,10.346203101798892,160
088e79ab-d536-4f56-bbe1-859cfed1a339,cf3da5e6-95e0-4515-99bf-8ff6eb641371,7945089.527936471,7945092.909308913,7945104.535337926,5670,200,3.381372442469001,11.626029012724757,160
a01f2508-f291-460b-9b39-aab919e71b9f,b2a73fb5-90d1-4be5-87bb-fdae89d6d738,7945092.525360168,7945093.932455676,7945104.595991387,5770,200,1.4070955077186227,10.663535711355507,224
f55f4ad9-a2f4-4da9-ae58-da6fd273e180,b4ad3519-77e6-4e98-8466-fca926aa6bc8,7945092.525332772,7945093.858391163,7945104.603292817,5769,200,1.3330583907663822,10.744901654310524,160
7c8242cf-a43d-4a26-a488-0789fdc59cb0,c6b0082f-8512-4e8c-8158-de496426a922,7945092.525357075,7945095.618894154,7945105.452442544,2858,200,3.0935370791703463,9.83354838937521,160
689cd432-abef-446b-a9a6-7294f6aa08aa,3a6cc9d7-ac10-4439-b63e-b4041474e08a,7945092.525353147,7945095.625542805,7945105.45599006,896,200,3.100189657881856,9.830447255633771,176
07076ced-a6fb-4b2c-8898-cd441f52c6ce,30ce9d58-97d0-429c-b6b5-fdf822a72a11,7945094.525360937,7945096.982020001,7945105.832606699,1023,200,2.4566590636968613,8.850586698390543,192
7a2e78af-8b40-49c3-b096-9e22e4dda050,09f86892-013d-460e-90dd-32d2109938a8,7945097.526156798,7945098.119468806,7945106.112803105,6505,200,0.5933120083063841,7.993334298953414,160
51085430-40f3-42da-971e-a463f49d3467,eb6fc569-f517-4d51-9933-f67bccb33d30,7945097.526167309,7945098.316484486,7945106.166985189,5793,200,0.7903171768411994,7.850500702857971,160
48adf997-bb27-4bc4-87c6-5985dbce7856,cdf3ae04-1fc3-4f8e-89b7-6d59f3657210,7945097.526146136,7945098.320301996,7945106.1715243785,1996,200,0.794155859388411,7.851222382858396,1984
547e7c91-f0ca-4c6c-8515-8d471beef8b7,5d6da10d-9034-4976-aa0f-23090d00aa38,7945096.526221691,7945097.470037783,7945106.269618183,644,200,0.9438160918653011,8.799580400809646,160
114253a0-1824-4bc9-b2e8-9824bcc38ab5,09568944-6662-4e5d-8d54-0bff73d532f6,7945096.526235331,7945097.95115928,7945106.292819163,3476,200,1.424923948943615,8.34165988303721,192
496fc4f6-8d71-4e43-bf2a-f4492691d93d,19263e45-89bd-4a00-a708-a3bf3f0e3af5,7945095.525372465,7945097.2990361145,7945106.472180937,2603,200,1.7736636493355036,9.17314482294023,160
3806e5d0-1087-4af0-8f80-a68fa5a4f60d,356d6f6b-51be-457e-9749-6d556f525977,7945101.525941027,7945101.7556574205,7945106.506631243,2164,200,0.22971639316529036,4.7509738225489855,160
cb1320e1-3410-4f1f-8019-c966da7b60ae,fe84a795-3452-40db-ae44-f13da36f0758,7945099.525237695,7945100.176392439,7945107.067979695,2001,200,0.6511547435075045,6.891587256453931,160
86f58650-3744-40a7-9ff9-ff5ef5e04141,8528c006-00f5-40f6-8a25-77286922ebac,7945099.525227032,7945100.3384096185,7945107.089102389,2881,200,0.8131825868040323,6.750692770816386,1040
b9031a5b-7a25-4111-86f5-04716f622310,2fb02323-52e9-4187-9ca6-8cc5150e5a64,7945100.525722472,7945100.980874121,7945107.331451305,5185,200,0.4551516491919756,6.350577183999121,672
803699fc-e30d-4f6f-8af7-71af79d919eb,61323445-bb9c-4486-9178-e666521fb517,7945100.525710392,7945101.12177099,7945107.355757643,1787,200,0.596060598269105,6.233986652456224,176
e912193a-a44c-494c-b60e-9a2d6ebc8902,055f56c6-aa3c-43b4-940e-d9d9458424c3,7945099.525244906,7945099.719371013,7945107.462911371,1472,200,0.1941261077299714,7.743540357798338,192
0e8a27c9-96d5-4d0f-a183-1b0d54880cf8,206f0344-10fd-4960-a755-be0a3f6f3bbd,7945099.525248525,7945099.896677086,7945107.484420216,3092,200,0.37142856139689684,7.587743129581213,992
fb5c7268-41c7-478d-ac1a-427bc1ec82f4,e633d67f-10a1-4d3b-885b-8178d1e0dc72,7945098.525794982,7945099.037295664,7945107.757937722,5876,200,0.5115006817504764,8.720642058178782,176
cfc7bb60-fb03-4c27-abe6-29e1047d170a,101492b9-9475-4eb9-99da-f208aba5c340,7945102.525561703,7945102.81293498,7945108.050644644,1729,200,0.2873732764273882,5.237709663808346,176
c796d2ae-a671-4c26-90b4-60e2df1dfffc,6a1b0852-2faa-43e0-a4af-cb79f4e38636,7945102.525545251,7945103.338582649,7945108.228788429,5871,200,0.8130373982712626,4.890205780044198,176
4c613e6f-29d4-4fdf-8d3e-4f7f4b49cb61,7130a567-3a9a-4453-8f82-99755c0b6a3d,7945099.52524166,7945099.987556645,7945108.484125616,2164,200,0.4623149847611785,8.496568971313536,192
19ecf00e-07ad-40de-99b5-a32a7e5ec154,f4299b1a-6e3a-452b-b35a-9e77114ca6a1,7945096.526238241,7945096.935904918,7945108.616615042,4471,200,0.409666677005589,11.680710123851895,224
a98e92c1-f15c-4ae1-91bb-cdc105fd4760,e767b27a-0d8e-42da-a7a2-ab0fcafec4f8,7945100.525719342,7945101.024364691,7945109.005273629,5794,200,0.49864534940570593,7.980908937752247,176
bb770b3b-99fb-49a1-b0ae-70504ee08438,1edc951a-aeb3-46c2-b806-af9c028d1a18,7945100.525724871,7945101.650859471,7945109.027985337,5957,200,1.1251346003264189,7.377125865779817,5904
feb29a92-683c-4d68-ac07-7ac6ea4f404d,b8d231ba-b26e-4e3f-9df8-efef27e0ad89,7945101.525937627,7945102.8770671645,7945109.070008093,580,200,1.351129537448287,6.192940928041935,192
7ab8f8fe-41b9-4a62-92a3-666709c2c263,9501b8ca-1708-414f-8cc1-3f76c4e7d95b,7945101.525922613,7945102.880503435,7945109.072504645,5792,200,1.3545808214694262,6.192001210525632,224
87036675-0520-4a17-8112-f35a5079886b,6e7ec47e-64f8-4ae8-b1f6-f08af017e765,7945103.525423459,7945104.231384417,7945109.262286894,5934,200,0.7059609582647681,5.030902476981282,192
1e1ba05f-5e1a-4ec7-8f23-691e0204900d,14a01310-08d8-4101-b64e-392c6c5a9e10,7945097.526164145,7945098.047588746,7945109.585436032,5809,200,0.521424600854516,11.537847286090255,192
40bcb73d-d7cc-4448-8011-bcdabc7b0df0,6ede9dcc-e033-4f78-82f1-d3939e868ed4,7945100.525727481,7945100.647915121,7945110.210375283,371,200,0.12218764051795006,9.562460161745548,192
3e286972-b787-4e7c-a314-bceedf597b3e,11e52e6b-5b09-48ab-af7d-e3fc792cafc9,7945104.525475102,7945105.05150216,7945111.00211837,5484,200,0.5260270582512021,5.950616209767759,192
996595fc-cba5-425e-a757-b7fd773b11c7,de6f9d63-58fa-4e36-abbc-5bc9309e6e21,7945104.525478503,7945105.587586015,7945111.020245724,5839,200,1.0621075127273798,5.432659708894789,160
442c3ee5-8e27-47e4-b10c-201d939fd973,613b35ed-e230-402d-9c6e-c846bdeb3aaf,7945104.525485505,7945105.586718357,7945111.020123763,1433,200,1.061232851818204,5.433405405841768,160
e2441f10-8a4d-4c62-9bed-ff1ad0747438,0b164cbb-2285-4c89-bbd3-c2dfe7308d2b,7945105.526412242,7945105.606456389,7945111.516036092,6138,200,0.08004414662718773,5.909579703584313,6128
2dcd50c9-9c84-40ee-b2f1-57967bec702a,228ef465-279b-4ade-bd61-c30c8bd530f4,7945104.525494195,7945105.67945418,7945112.314236267,1890,200,1.1539599858224392,6.634782086126506,224
1c564a45-2290-4be3-bfe1-e56b0dcbb2f9,6e68fbb7-44e5-4019-bbfe-fb6932f45916,7945104.525491411,7945105.678320234,7945112.316692015,4806,200,1.1528288228437304,6.63837178144604,176
231a940b-c7df-4a5e-9ea6-cd6452bfc26d,180db37d-6447-4813-8c8c-57e38b2e8569,7945103.525405961,7945104.270852727,7945112.535994873,5875,200,0.7454467657953501,8.265142146497965,5840
449e33b1-82a9-4380-b6e2-e3cc938641f5,97722cf0-7560-4de1-b0a8-de3edea84c1a,7945104.525481599,7945105.033175889,7945112.854140514,2382,200,0.5076942900195718,7.820964624173939,224
ac8e2577-2911-4911-8c78-53d6dffc33f6,13c1e2ae-d25e-4f4a-b180-98e55510fe9c,7945103.52542741,7945103.7462225845,7945113.585055381,1751,200,0.22079517412930727,9.838832796551287,176
f4d2a8b0-5c1e-4082-b293-daffb4bd5f88,6e2c4bd2-ce68-4b03-932b-3f32ace53c93,7945103.525415455,7945103.749529811,7945113.586997709,388,200,0.22411435563117266,9.837467898614705,192
cdfd0725-d2cb-4fce-8b25-62d4229bf513,20d00695-8e08-4f17-924b-926a9c74f1b9,7945103.525419063,7945103.996694356,7945113.6039338,3308,200,0.47127529326826334,9.607239443808794,208
962a6529-908e-462e-b4b7-95978f2f5c59,9c23d8ae-2e9f-48b6-9113-21e16faaa8a3,7945106.52549056,7945107.041247141,7945114.015746438,6364,200,0.515756580978632,6.974499297328293,224
4a409d9a-df73-4877-ab8b-4829380ea4b4,e763e413-9805-48fd-b723-d3904f5e3cfb,7945101.525933963,7945101.724670638,7945114.024416882,1270,200,0.19873667508363724,12.299746243283153,224
b5c95245-b0a1-4eed-b380-8d88c2726dbb,8797a59b-ae3b-4e72-b6ad-b0e2f7f7f714,7945108.52608553,7945108.76838261,7945114.329117157,2358,200,0.24229707941412926,5.560734546743333,0
d0f7492b-a587-4f06-9f1b-aaf734e98fea,6e74ee06-6ac8-4d04-9a46-51b1a783fe4b,7945107.525403326,7945108.049156658,7945114.917931171,2473,200,0.5237533319741488,6.868774512782693,192
d5d41f28-6e76-4f06-9fee-ed15d891b23f,4a166d78-c54e-4c9e-9fde-6858b9f65f28,7945102.525557236,7945103.587115241,7945115.104951195,6035,200,1.061558005400002,11.517835954204202,176
f7013f82-041f-4bde-ac4b-7d010fde415d,d2f92852-26d9-43bc-8aaf-92b326f7584b,7945104.525497347,7945105.562027732,7945115.778579259,5849,200,1.0365303847938776,10.216551527380943,176
2dd4b300-66e7-44b0-8636-3fb7c17ad24d,ccce04d9-2f29-49f6-95f5-9876f1fbca73,7945104.525465165,7945105.224770668,7945115.856854736,3755,200,0.6993055026978254,10.63208406791091,192
fcc9de00-b29c-4f50-a257-50fabe462df9,1cf9087e-eba9-405b-8040-c7340cf6d3ce,7945104.525501077,7945105.218017677,7945115.851479944,4065,200,0.6925165997818112,10.633462266996503,192
779524f2-b42f-4809-a58f-ed58e1c668fd,82070578-d0d7-4a12-8a6c-397a9fbde584,7945105.526400131,7945105.797744912,7945116.262597416,3212,200,0.27134478092193604,10.464852503500879,176
7c509afd-6e3f-403d-84a3-3a3b6f97e2c9,e4055763-dcd0-4e11-99b3-4b8d69dbb4f9,7945107.525382343,7945108.105779278,7945117.111845059,5943,200,0.5803969353437424,9.006065781228244,192
f99d1263-cfc8-48e3-b846-440ed7f9edd2,44ee6759-afbe-4710-9a07-470754ee7588,7945107.52540586,7945108.433426204,7945117.131494435,4324,200,0.9080203445628285,8.6980682304129,192
d100c1dc-ba72-407f-84c8-45a969d01714,f69dcbd3-4c9e-47a7-a557-6f293de800ba,7945107.525397226,7945108.586255574,7945117.1542238435,2527,200,1.060858347453177,8.56796826981008,2512
7e3ce982-06e9-45e0-ae17-4aea468d61c7,4ccaf862-bed2-4892-81a9-316293caf6fb,7945104.525488519,7945104.698397492,7945117.1876272485,702,200,0.1729089729487896,12.48922975640744,176
63df9a54-3790-4b64-83bd-5a96e11fb0a4,c6231917-a76b-49f7-aea7-608cf8d40178,7945109.525644483,7945110.045852899,7945117.474428401,5783,200,0.5202084155753255,7.428575502708554,192
f38eddc9-a032-4d1a-b5cd-27efdc16265c,90cd916e-2987-4e81-8dfd-f79135d0d144,7945110.52582853,7945111.230934696,7945118.238618756,2084,200,0.7051061661913991,7.00768405944109,224
cb49ed08-0054-4962-b794-f06f5920816e,2002ac2f-1022-4ba7-b8d0-7d2b9b49c4b7,7945111.525741957,7945112.496727396,7945119.153840034,5946,200,0.9709854386746883,6.65711263846606,192
581c7873-806c-4156-bf0b-a2250d658958,b0a8a409-394f-4ffd-bcce-bdd749fb2fa3,7945111.52574476,7945112.778925928,7945119.173780134,5846,200,1.2531811678782105,6.394854205660522,176
674230ca-af6c-4c45-b558-baba6b4cd5a9,0702b9da-c07d-42e2-9169-77753dd785dd,7945109.525640991,7945110.027163353,7945119.331778806,5005,200,0.5015223622322083,9.304615452885628,176
92677544-3168-4633-a8c0-21a9f8b7e34c,edb3862b-f606-4e5c-8e94-766f443c2f84,7945105.526415436,7945106.266466193,7945119.363593236,5852,200,0.740050757303834,13.097127042710781,192
142dcfd5-0ab9-4845-9c5b-254d75971c21,4190c99e-6b87-49df-aa5c-92e0ae5b1db0,7945110.525832695,7945111.059231581,7945119.599350935,5901,200,0.5333988862112164,8.540119353681803,160
255cd858-1335-4d21-b7f8-2c4df1ca77ec,91e53ade-e200-47b7-b143-a07ac53e6d88,7945107.525394864,7945108.488674582,7945119.612571568,583,200,0.9632797176018357,11.123896986246109,192
1f858301-3d40-40b2-9d91-c6c6b1d82bff,0c088333-cd29-4f23-8a4a-0cf56c813650,7945111.525727506,7945111.86140164,7945119.624133352,965,200,0.3356741340830922,7.762731712311506,160
c4a68b2f-3e33-45dc-a07c-a547e31b98a2,f4e2280e-c7e9-4629-82f1-99cf632b8bbf,7945110.525839681,7945111.08920377,7945120.219314638,1584,200,0.5633640894666314,9.130110867321491,192
6567cf2c-83be-4486-8ffd-6acc4c66e43d,a59111b4-1b04-48fb-a53b-3d5b62969d1e,7945109.52564837,7945109.864187044,7945120.296628148,3227,200,0.3385386737063527,10.432441104203463,160
43e8d80f-1c61-48d5-b443-cb9189644917,d9aba008-4017-4c68-8912-125b57839d03,7945109.525636947,7945110.892954171,7945120.346963689,5874,200,1.3673172239214182,9.454009518027306,192
921cdf7c-f0a2-410f-a766-e29cc66ec739,4e92d555-04cf-4918-a790-ca12369ed8bc,7945110.52581693,7945111.321487403,7945120.372565192,5818,200,0.7956704720854759,9.051077789627016,176
07a13445-69f5-468f-8bcb-913619f0dbd4,3e3eb2e7-bab1-41c8-a054-1a4c6103ce74,7945109.52565219,7945109.9725550385,7945120.876515103,4755,200,0.4469028487801552,10.903960064053535,192
aa960548-cfb1-407b-a345-ce2d56e7ed22,7075cad3-2525-43f8-aee5-71a12c73167e,7945111.525738538,7945111.875440982,7945120.906163485,3033,200,0.3497024439275265,9.030722502619028,160
bdb643a2-9ead-49ec-898d-63ba7e939ca1,1072666c-0848-46b5-a283-c82a7f335573,7945111.52573541,7945112.105755916,7945121.252846025,1693,200,0.5800205059349537,9.147090109065175,1520
6b843b3c-3e54-4639-9c71-9e923eccc538,2273edb6-fc9d-422a-9795-d4026c851eff,7945114.525992604,7945114.846948145,7945121.628982539,1009,200,0.320955540984869,6.782034394331276,160
2f48c41f-fd53-4f5c-826b-faba7f5d0a62,14b1dd48-4c91-4e37-a5f7-f180426994d1,7945114.526015525,7945114.843013096,7945121.625203427,2052,200,0.3169975709170103,6.78219033125788,160
8f12d126-ae39-4f86-a886-3de0fbadec7d,e8935aed-8406-486a-82de-949afd4e6890,7945112.526109237,7945112.993969242,7945121.930285399,4683,200,0.4678600048646331,8.936316156759858,160
0b3da304-b671-4b93-bc49-04aa3eca237e,eeecd121-eb60-4085-8cb4-cc428f8c6a23,7945113.525806343,7945114.332648502,7945122.055356705,5871,200,0.8068421585485339,7.722708202898502,192
566a286c-4f30-4652-9469-44ec7c88a868,ce085c11-89ed-492b-a423-23ceb4fb69f5,7945113.525812077,7945114.912670765,7945122.076996994,3566,200,1.386858687736094,7.164326229132712,224
c3d755ef-bbb7-48b5-988b-825ef1ef00f6,490d6907-3b05-4b2b-891d-36751b955f0c,7945113.525818747,7945114.911675046,7945122.07792755,6509,200,1.3858562996611,7.166252504102886,192
432859e9-0fb8-44b8-98bb-022a28ba11e2,a0da4e01-060a-440d-8dc1-a595bcd98d34,7945114.525974142,7945115.53354613,7945122.099959802,4082,200,1.0075719878077507,6.566413671709597,192
28689624-ccf6-4772-a724-f49515881fa9,ec7bb297-42dc-4a67-8e04-91fc94f31698,7945114.526008557,7945115.671614069,7945122.115571226,5828,200,1.1456055119633675,6.443957157433033,176
861dda75-c910-4cf1-a088-9cabb4899532,2d16ae70-4aa7-46bc-afbf-9a569e0307a4,7945116.526159296,7945117.034636466,7945123.035120546,5889,200,0.5084771700203419,6.000484080053866,192
a03dcd64-f5e5-4473-8915-2ecf8982ac13,cb102b8f-c978-4954-a7b4-75be58ca1971,7945111.525729902,7945112.3959268695,7945123.1764707,5876,200,0.8701969673857093,10.780543830245733,5680
c2435792-f587-4ae7-ace3-2f4ff759ef36,05e07ee4-73ae-46d8-ae98-095308d5161b,7945111.525724487,7945112.396476998,7945123.17847742,4172,200,0.8707525106146932,10.7820004215464,192
b56ee08d-ff55-4a28-b7d0-99e5fc6dea4d,d4e2d6b8-b139-45de-8204-d16d361c90ab,7945111.525732318,7945112.395643078,7945123.177044308,820,200,0.8699107598513365,10.781401230022311,160
56f120ef-60a6-42f5-9ad3-0d779179385b,2b612ad3-7b78-4287-9526-ab5c512d7144,7945113.525792598,7945113.927307639,7945123.272085736,2652,200,0.40151504147797823,9.344778096303344,176
0a2176da-7df8-47c3-867d-04e4c4aad431,d6d22620-64b1-4f4c-bec3-3d7d2a775409,7945113.525802842,7945113.926709187,7945123.272335718,1227,200,0.4009063448756933,9.345626531168818,16
b43c6dec-dbe5-405d-bed7-6208f4172621,393fae3d-bfae-4a69-9f62-03842f08111c,7945113.525809032,7945114.473909631,7945123.294415849,1682,200,0.9481005994603038,8.820506217889488,224
83e26bff-1bd8-4ba1-b881-44b109df6e4d,516bee78-f6f0-48db-b049-a781cc3518e4,7945112.526099293,7945113.05690125,7945123.462045289,5901,200,0.5308019574731588,10.40514403861016,176
f5ea62e1-c933-43f1-97c6-e1015ea8ac52,c4912c0a-1917-4901-aeba-06b519a9c680,7945114.525995466,7945115.277282189,7945123.476168255,3921,200,0.7512867227196693,8.198886066675186,160
adcb0da7-e442-43f7-b651-521bfaab7c47,30d8dc98-40d0-4b1f-a0b8-260e230c3a47,7945114.525989847,7945115.661063062,7945123.783099872,4094,200,1.1350732147693634,8.122036810033023,176
1c471a97-cef8-43d2-8cb0-68e8b50cc802,744f1fca-f13a-4e8e-b779-7c7d5ab37c92,7945114.52598594,7945115.660930255,7945123.784114097,3785,200,1.1349443150684237,8.123183841817081,160
487a9572-db96-44e6-aaa0-2e9ce37845b9,206f0344-10fd-4960-a755-be0a3f6f3bbd,7945115.52529564,7945115.860815267,7945123.79893096,3094,200,0.33551962673664093,7.938115692697465,992
a42961a3-7bd9-43bc-9250-21706ea2a3d4,b9a9be11-7f7d-482b-bca4-e11f3d9b519b,7945115.525292064,7945115.86224378,7945123.801737672,514,200,0.3369517158716917,7.939493891783059,160
2fa18b72-ab71-472d-b90c-2df67d23bbcd,a250e4c6-5ced-46f2-9201-044fa60f3870,7945107.525391825,7945108.6863722885,7945124.312632727,5847,200,1.1609804639592767,15.626260438933969,160
7e17eed6-4740-4f63-baef-29ea7cd56fa8,0c823c36-4c9e-42f3-a2cb-f9f292d0c461,7945114.526012481,7945114.850925509,7945124.341933659,317,200,0.3249130276963115,9.49100815039128,192
ff0e5474-60f5-4a9b-8277-39c1f56853bc,745810c8-e96f-4eea-a072-511752a5b3d8,7945114.525998598,7945115.040711116,7945124.905696661,5803,200,0.514712518081069,9.864985545165837,224
f59f8cbd-8ab5-4371-880f-2b35b90b03a7,3f3c8315-cf62-443d-9113-6b1611d32ae2,7945107.525400217,7945109.30091663,7945124.9235042455,5809,200,1.7755164131522179,15.62258761562407,160
70c8139c-da3e-465c-ba25-e738d563a90f,d252e60d-edab-4978-9586-9e14da1d1967,7945118.525646821,7945119.34480482,7945124.943933151,5935,200,0.819157999008894,5.599128331057727,192
5ef8f794-c43a-4094-9608-d3c566b5d777,cf26aa10-b223-4506-851d-e855a3a07162,7945119.525355628,7945120.1773423245,7945125.155350107,2307,200,0.6519866967573762,4.978007782250643,176
cb733063-d88a-4baf-9dfb-ddc48549b9ad,cdc0fce9-25e3-4ef3-a067-3251c684919f,7945119.525340867,7945120.179786816,7945125.159491194,5821,200,0.654445949010551,4.979704378172755,176
80e93b73-a015-47e8-9e09-f2d237bdfadd,a486b3f7-8901-4f67-bc36-43f85fcdc966,7945115.525284728,7945115.710899943,7945125.312492825,1318,200,0.1856152145192027,9.601592882536352,192
54cb6061-4026-4d21-82a5-583a00bcca2d,a00140f4-0ade-41f6-b4af-6740447d97b4,7945107.525408519,7945109.647285651,7945125.343892193,5832,200,2.121877131983638,15.696606541983783,176
bd799f37-9bba-4636-981f-4729a2bdfd9d,5733a104-863a-4b0f-a50c-9cae35d6292b,7945108.526095715,7945109.652781649,7945125.350337605,2132,200,1.1266859332099557,15.697555956430733,288
a9752f4a-f8b7-480d-9d44-c1bb315462b6,dee00dc4-6c2c-40ff-bf40-7c5e47c6ac10,7945117.525940669,7945117.85061731,7945125.392917202,3670,200,0.3246766412630677,7.54229989182204,176
60d67d92-836a-4c1a-8887-aaf168cf6344,44799ff2-229c-4fd0-92ef-7a633a2039d2,7945115.525273026,7945116.626142797,7945125.5470232805,1884,200,1.1008697710931301,8.920880483463407,288
2795ec5c-1854-49a7-909c-25149fba041a,0104d5da-d6e8-4faf-a555-f9f6d4a7bb8f,7945115.525276966,7945115.679863164,7945125.690150137,856,200,0.1545861978083849,10.010286972858012,176
aab971f0-8c00-443c-b0c0-e83df4c02886,007c36c4-0782-4335-8734-0010f78efdb7,7945116.526175157,7945117.780161756,7945125.695999417,6011,200,1.2539865989238024,7.9158376613631845,192
751a7258-c79f-4b02-9e4c-d7ea995d1ef7,8da9f4fd-8b1a-4c55-bb46-ab458d8c82df,7945115.525288036,7945116.003370782,7945125.7105477145,4721,200,0.4780827462673187,9.707176932133734,4720
791777bf-c252-452e-9088-7c7994d04a4f,18b65022-22d9-4799-9ef4-0bdcc7c2653e,7945109.525655138,7945110.255891752,7945125.796446639,1317,200,0.7302366141229868,15.540554886683822,192
7077af74-a340-424b-b2e7-d05d3c19deb3,b0f875bd-53dc-480e-bcb5-66c8ace73365,7945109.525626869,7945110.261573202,7945125.802011175,5880,200,0.7359463330358267,15.540437973104417,160
0a50bf5a-8c73-4d47-aaeb-4a9d62c86132,f6f61517-3e7e-4231-a62c-392ba396ba92,7945116.52617239,7945117.730498985,7945126.3878911175,5805,200,1.2043265951797366,8.657392132095993,192
492384b7-fa6d-47e6-a66d-fe97663ca567,bf146570-6c27-4f69-9186-954f2b838a95,7945116.526178304,7945116.95097937,7945126.58690959,2707,200,0.4248010655865073,9.635930220596492,288
8ab74c5c-d287-450e-862d-889c5a836ae5,c46f3433-c5dc-4f8e-8bd5-92b59359f093,7945116.526187968,7945116.949709532,7945126.586182422,2572,200,0.42352156341075897,9.636472890153527,192
3d0eb617-c2a1-4ac4-8b8d-92802f988482,5b316c78-99d1-4985-abd3-6e4e2a9b9b8b,7945119.525351918,7945119.868700427,7945126.603130697,3660,200,0.3433485087007284,6.734430270269513,192
c36ea89d-9613-413c-8f85-835f78e7b9a6,7777a488-3ac2-4b02-969b-e0ea0ba67a03,7945110.525836466,7945111.243832813,7945127.056672996,4975,200,0.7179963467642665,15.812840183265507,192
e94364cb-166a-4498-a028-45ecbae2750e,68cfd125-d1c7-4af5-add1-8ab587fd3cbe,7945118.525634836,7945119.047073768,7945127.390823765,5968,200,0.5214389320462942,8.34374999627471,192
45d37f21-286b-4d74-bed2-1f1a9e99beec,af9c922d-c05f-4eec-92b6-bef7e973cb60,7945118.525650876,7945119.215726536,7945127.981531422,2017,200,0.6900756601244211,8.76580488588661,176
de424b5e-1b49-4dff-ade4-34ce793f0b96,1499a449-e947-4a11-8275-6cebb790cc55,7945120.525659026,7945121.036419137,7945128.328927903,5897,200,0.510760111734271,7.292508766055107,192
ceb8758c-dcb6-46c4-a07f-8b34f4a3fcc4,bd218e24-2587-4885-9d7f-d92c8f9789f3,7945111.525716017,7945112.597322337,7945128.585182978,5870,200,1.0716063203290105,15.987860640510917,192
83a96c02-76f5-496d-b4b5-d2eac9b9b035,b784492e-fbfe-4f5c-ad22-38777c9aa7a1,7945121.525275326,7945121.738325273,7945128.943311719,1146,200,0.21304994635283947,7.204986446537077,288
cd804b0f-2c32-47f0-a675-13ccf3d56ffc,05d27daf-0e84-45d9-aa8c-5078f036a4b3,7945121.525284436,7945122.340164804,7945128.964421508,5897,200,0.8148803682997823,6.624256704002619,192
41fc1913-15fc-449e-9afa-dc0d94982bdc,8ecc4871-cdb8-4483-ba36-0274abe3bf09,7945118.525653898,7945119.23121963,7945129.437154599,5920,200,0.705565731972456,10.205934969708323,192
4ef2cd64-fdb4-4c13-a3db-8f2edefd19e9,2f00ecb3-5431-475c-92c8-62f44e364157,7945113.525815063,7945113.758813606,7945130.076501538,1448,200,0.2329985424876213,16.317687932401896,176
9f71a1a4-9040-4cfd-8777-1e2203e36c8f,2b3753bd-a6a3-47ab-a1c6-98604516c789,7945122.526038062,7945123.1352463,7945130.205119616,5817,200,0.6092082383111119,7.069873316213489,176
56888125-bc68-4d4f-8350-f0720a181bef,1eee2215-7d45-4473-8835-888e43aa48d0,7945122.526025201,7945123.027603334,7945130.42051246,5973,200,0.501578132621944,7.392909126356244,192
225ca001-7119-466e-8aa7-55853323f578,4fa05cf5-5021-40af-844f-f5c785ee08e8,7945120.525648617,7945121.591275603,7945130.667082101,4904,73,1.0656269853934646,9.075806498527527,192
b2b8deb0-a86e-47a5-acbd-58ed22cf8675,078b06e7-ab7c-40cf-8562-23fdd95b649d,7945123.525421851,7945123.936198196,7945130.954923951,3933,200,0.4107763450592756,7.0187257546931505,192
f64d0bba-4845-4ba6-b807-e514b13d25ee,206f0344-10fd-4960-a755-be0a3f6f3bbd,7945124.525507004,7945124.774255042,7945130.992805811,3079,200,0.2487480379641056,6.2185507686808705,992
0d9c1a29-50b9-435c-a43b-d3f0e5a7dbc7,11f3143e-3964-4b2e-9172-3c0a197bffb3,7945123.525413608,7945123.762630331,7945131.16604094,1878,200,0.237216723151505,7.403410608880222,176
a85b22d3-bf8c-44ff-9a05-8adf92240e1a,90eac966-f9f9-4b13-840f-dcacc715be88,7945125.526248779,7945125.970872224,7945131.707876446,3118,200,0.44462344516068697,5.73700422141701,160
ac371e65-442e-4702-93f1-3c03f68d491c,7b4770e6-8616-4a19-9adc-dd6331543793,7945115.525280873,7945116.391901288,7945131.771956994,6072,200,0.8666204148903489,15.38005570601672,160
d5824be1-ec06-47fe-9e2d-e559e7ca0005,4b01567c-773e-4e5d-9dfd-7159a61aa362,7945126.52537321,7945126.904335876,7945132.333759706,3939,200,0.3789626657962799,5.42942382954061,224
b97376bb-7ed8-49e5-8185-66c58ec5d1eb,45009f05-8ec3-41c1-9f3b-4980b24bd25f,7945115.525262316,7945116.118965222,7945132.683476784,5841,200,0.5937029058113694,16.56451156269759,160
db1f6ac4-5b5a-46b7-9635-23f9696e6eb0,699a171f-291b-4d4b-830c-48bfad8a6530,7945127.525252664,7945128.04329662,7945132.700314695,5816,200,0.5180439557880163,4.657018074765801,224
79b39d6d-346c-4388-b0e2-141e99b75cf2,8bd06411-2a97-4d1a-9f2e-81afe0d01431,7945127.525268851,7945128.47803639,7945132.716520579,6004,200,0.9527675388380885,4.238484188914299,176
fbdeeb2f-ae63-4633-8295-942a1ce66602,026bb0f7-50da-44b8-b0f0-4302c183ca61,7945121.525287957,7945122.368596816,7945133.479025617,5853,200,0.8433088595047593,11.110428800806403,176
73dce8f8-5c42-488e-9d80-a1ec62e193e5,61da347d-e982-42dd-92bc-c0eeeaf1345b,7945121.525294463,7945123.012074989,7945133.506294137,5931,200,1.4867805261164904,10.494219147600234,176
998011df-c602-43e0-ac73-89935fa9935d,3e3dbce7-d7a4-4349-8025-491552a5da28,7945122.526052043,7945123.117269452,7945133.537236788,953,200,0.591217408888042,10.419967336580157,288
8f77890b-3848-4622-862f-4d252d410688,6e2c4bd2-ce68-4b03-932b-3f32ace53c93,7945122.526048748,7945123.121469004,7945133.541787913,394,200,0.5954202562570572,10.42031890898943,352
1c0f7503-b8c3-4a67-8209-76974922d613,2955f639-3b78-49d1-a2f3-b0f758fad6c5,7945122.526044756,7945122.945422862,7945133.580240769,3657,200,0.4193781055510044,10.634817907586694,3648
9289834c-6ff6-4cf3-90d7-5877918f9977,9be7a5b1-387d-4667-ab3e-b4601fda05fe,7945116.526185093,7945117.124055936,7945133.67088733,4754,200,0.5978708425536752,16.54683139361441,192
9cfad290-3422-402d-a93e-b6c6a11ba640,e6ba1ee5-2c27-4eeb-bda3-974d72158b45,7945116.526181977,7945117.125341905,7945133.673022391,1306,200,0.5991599280387163,16.547680485993624,160
a9e283b9-eba6-4328-a1b2-373843d428c3,32781f88-b63c-45d8-b786-11db14f34c8a,7945116.526169111,7945117.128766276,7945133.6766311675,1532,200,0.6025971649214625,16.547864891588688,192
1a001eb2-f64b-446a-936f-fb8cb58c57b2,28fb12fb-b0a3-4c00-8606-abeb6200d6b0,7945125.526239951,7945126.579132373,7945133.69154551,1406,200,1.0528924223035574,7.112413136288524,192
172c5e6f-8ce1-4dd8-ac20-f5b9032733f6,9a60bc82-ff29-478c-8c21-ee0d51ccfd52,7945129.525660946,7945129.700310659,7945134.239130522,1292,200,0.17464971262961626,4.538819863460958,160
c6f89976-d707-42a5-86f8-fef24740801e,6e417609-fe27-4261-b919-4edcc2aa25ed,7945117.525927869,7945118.567394197,7945134.289710166,4844,200,1.0414663283154368,15.722315968945622,192
0d6c333d-79e4-439a-a7d3-87747f19dd7a,7b2a082c-c976-422c-8a99-3799ab0b075e,7945123.525403728,7945124.267379869,7945134.294812606,5915,200,0.7419761409983039,10.027432736940682,192
7c8063ab-849f-41f3-b9e4-2b96917f535f,4bc56cea-5d7e-4140-9532-23e375f8878d,7945123.525417534,7945124.721629434,7945134.309286622,2644,200,1.196211900562048,9.58765718806535,288
ea1ecd8c-ca04-419f-9c4f-7f95d3361263,76503d6d-6696-4fd5-af0e-45bfc2fe4650,7945123.525409442,7945124.726672471,7945134.312341498,5642,200,1.2012630281969905,9.585669027641416,176
1cc74861-c784-45fb-90af-6a8447816f99,e34e996f-101c-45dc-8a8e-19f367243ea7,7945124.525514288,7945125.262265659,7945134.332641769,5943,200,0.736751371063292,9.070376110263169,176
d2149b0c-b00c-4bd4-a659-b1cbf4d9f44f,24b68f03-c2a5-41eb-9a8b-7465c5d30b08,7945117.525937072,7945118.57275141,7945134.624619967,5864,200,1.0468143383041024,16.05186855699867,160
4533b7cd-1bae-4cf5-9af4-5e2895f2a1ae,d6c15b40-1c4c-415e-83f9-1f8dbd8650a8,7945130.525451175,7945130.743275784,7945135.131089371,2122,200,0.21782460901886225,4.387813586741686,176
21546ed3-882b-407a-a735-75641539e680,ee778cfe-6e72-422a-84c3-fb181f903f54,7945125.526236333,7945126.175670076,7945135.205803783,5957,200,0.6494337432086468,9.030133706517518,192
4421add7-cfcf-4710-9613-fef249d071bd,d65ba3ab-6d8f-4d02-97d6-6b53461f1e82,7945124.525510832,7945125.034675661,7945135.586175131,313,200,0.5091648288071156,10.55149947013706,160
dc88ff5a-ba41-4705-9285-f6b179f519fb,dd622ab2-fd72-42e0-8331-76a985d5a731,7945125.526226153,7945126.792209972,7945136.440684034,5968,200,1.2659838190302253,9.648474061861634,192
275ec535-b875-4c7b-8812-3ff3ea40ffca,a4761885-b35f-4618-9cb1-2040a011c551,7945128.525570377,7945128.720809941,7945137.18627554,1881,200,0.19523956440389156,8.465465598739684,192
443ee2d4-1491-4926-8aa1-43ed37feaf12,3861254d-c2de-474d-bfae-fe68b5c47f8a,7945127.525274884,7945128.099596738,7945137.635040294,6000,200,0.574321853928268,9.53544355649501,160
2e5b89d2-e5d7-4e41-af48-fa782ea79d4a,68ef1c91-4802-41e0-b853-236b4633b854,7945129.525664411,7945130.888931878,7945138.279334716,3492,200,1.3632674673572183,7.390402837656438,192
794d3a68-e32d-49be-9d9d-bf3eef7a085e,6e7c764b-76c2-4dc6-8a1f-6454d1e33509,7945129.525674838,7945130.886517849,7945138.277312865,2285,200,1.3608430111780763,7.390795015729964,192
39705bf6-6aa3-4262-8144-9886a2076186,41cce6dd-cab9-4cbe-851b-220d03250877,7945129.525654079,7945131.461172341,7945138.302405264,6131,200,1.93551826197654,6.84123292285949,192
762e877e-828c-4de1-8447-2532f4508e90,76bb886d-2e0a-4a82-b3e0-8ec5b6cbb908,7945129.525667782,7945130.033133944,7945138.353446623,1435,200,0.5074661616235971,8.320312679745257,288
7014a82d-9294-4205-a861-cac38d4c5e6f,99a72f5c-3b3d-4bf0-8f1c-500013043e8e,7945129.525657677,7945130.036458452,7945138.356855206,4513,200,0.5108007751405239,8.320396753959358,192
74abfeed-1c92-4711-8a57-45ebe14ea010,ebc1bd6d-7595-44b8-aea6-16cbbb5b8d55,7945121.525297767,7945122.047840601,7945138.373238273,5919,200,0.5225428342819214,16.325397672131658,160
6719558a-e277-4c90-8958-435afbcdd2a1,6a1b0852-2faa-43e0-a4af-cb79f4e38636,7945126.525354297,7945127.031634912,7945138.5195997,5835,200,0.5062806149944663,11.48796478845179,560
96ab6e2c-322b-433c-b0e5-6381a6c80cc4,eacc26c8-36c3-4905-b4ae-7c3f6f32cab4,7945130.525440565,7945131.216733742,7945138.8675664775,5947,200,0.6912931762635708,7.650832735933363,192
f4659dd8-4863-4c73-966c-d988d47a5d6a,e9ff9ac4-03c5-4847-adef-817376ec63f6,7945130.525454485,7945131.495686335,7945138.888068421,5804,200,0.9702318497002125,7.392382086254656,160
563e6c3a-c698-4826-bc7d-fbf2c59e825b,57f7a3e9-60cc-4567-8919-92cabd76d7b4,7945131.525681935,7945132.040511045,7945138.994731123,5797,200,0.5148291094228625,6.954220077954233,192
e6ae88f3-ed3b-4c0a-aeb8-f865ad7fa8a5,8528c006-00f5-40f6-8a25-77286922ebac,7945131.525711822,7945132.25393532,7945139.010424019,2906,200,0.7282234979793429,6.7564886985346675,288
5e1a405e-678e-4983-91af-3d700666052a,df0ec5e8-df47-40f8-bbc5-2489b9ff95bc,7945127.525265487,7945127.683589186,7945139.1573143415,725,200,0.1583236986771226,11.47372515592724,192
6da8dae9-382a-4a27-ab8b-5a22b324a629,26596bc8-98fc-45ee-b581-9a33b2b029ec,7945126.525368778,7945127.043836831,7945139.43911009,5626,200,0.5184680530801415,12.395273258909583,176
fbddb1e0-1c1c-4afa-a658-b7df7fafd4df,883f0b54-25dc-44e0-9215-8602edef29fe,7945122.526034407,7945123.39488808,7945139.644270052,5930,200,0.8688536724075675,16.24938197247684,176
824df215-9cc6-44b0-8c51-0f59a43ad383,61987c71-acc7-40c2-ace8-960d5d78fe3b,7945133.526054722,7945133.788425389,7945139.751994069,2732,200,0.2623706664890051,5.963568679988384,176
02b4f960-29dc-4b46-b6be-131221a7a9b4,568962c8-a085-420b-ba02-0899cc1b6f27,7945121.525291353,7945122.9742047675,7945139.942231261,5593,200,1.4489134140312672,16.968026493676007,224
1c16aa4a-4986-46e7-9240-ffb69f89d306,8dade6a5-bf2d-40aa-a543-271cc7bb9712,7945122.526041123,7945124.924269532,7945140.479168283,5955,200,2.398228408768773,15.554898750968277,160
77b67f56-549a-4b77-84f6-64488867def0,37b90b9b-6de7-4659-ba6d-75350a409e9c,7945128.525558058,7945129.015368549,7945140.493248286,5902,200,0.48981049098074436,11.477879736572504,176
eedcc381-662f-49f4-ac4f-3d3428ea471b,8885ccc0-b579-422c-8693-2ef4f532b933,7945123.525389043,7945125.348745774,7945140.511531223,5752,200,1.823356730863452,15.162785449065268,192
eee3a284-a106-4174-80e3-e611d1f02af1,a1bd7a62-29c7-4723-bfc6-6793e7811f26,7945125.526242949,7945126.835976074,7945140.607335689,5931,200,1.3097331253811717,13.771359614096582,224
e2fa208f-36da-42c7-836f-3073813dfb0e,d4e2d6b8-b139-45de-8204-d16d361c90ab,7945135.525673823,7945136.022039958,7945141.221609927,820,200,0.49636613484472036,5.199569968506694,816
6c1842e8-407e-420c-9d44-00c075fac51d,9501b8ca-1708-414f-8cc1-3f76c4e7d95b,7945135.525660069,7945136.02397551,7945141.22412369,5792,200,0.49831544142216444,5.200148180127144,224
cef15160-8d00-47b9-818a-ff822a5ca41c,23113312-0fad-4b80-b9f6-043b5ba0ffc3,7945125.526246081,7945127.66617039,7945141.2580028325,5942,200,2.1399243092164397,13.591832442209125,192
6b6efa06-4873-4a0b-a531-32976f9aa959,3485b619-1b37-4b4f-8e1d-8aa0da93e034,7945125.526252041,7945127.728241663,7945141.286534564,2842,200,2.201989622786641,13.558292900212109,176
34283496-39f4-48bb-9eac-8f0245ff09c7,b2a73fb5-90d1-4be5-87bb-fdae89d6d738,7945124.525496124,7945125.148475868,7945141.379081841,5770,200,0.6229797434061766,16.23060597293079,224
e0a524b0-99a7-4eaa-aa87-f5229e62bf2b,d4b2d2b9-646c-445e-826a-35cb791765f7,7945134.525436284,7945135.031010216,7945141.452534155,5409,200,0.505573932081461,6.421523938886821,160
b4859d89-43db-477b-a13e-dd9df1509d76,8b954204-013c-45a1-8e64-22e99087578a,7945127.52527184,7945129.541740762,7945141.646783302,1622,200,2.016468921676278,12.105042539536953,176
1366e009-2386-4c04-95d8-e7d2e89efe0a,9cabc10f-e27c-45d0-91c6-3489b856ccaa,7945131.525692916,7945132.095582579,7945142.1224820325,6542,200,0.5698896637186408,10.026899453252554,224
4fbbfd05-6857-4952-b3f5-8fdf1e0379ec,1d79fb13-96b1-4015-ab88-e7a78c4a8f39,7945137.526255986,7945138.110600528,7945142.970551578,4266,200,0.5843445425853133,4.859951050020754,176
35c59575-b67c-471e-a4ee-69d374e329d9,206f0344-10fd-4960-a755-be0a3f6f3bbd,7945137.52625325,7945138.110589707,7945142.971964469,3070,200,0.5843364568427205,4.8613747619092464,992
1d296ad8-a88c-45be-9bc5-9c9a199ef1a0,e3a30bfd-1960-4928-b740-cd187c6d8202,7945129.525644607,7945129.886362454,7945143.0212612245,3750,200,0.3607178470119834,13.134898770600557,192
1a8c117a-7476-4401-9aa0-b24130e12740,9496d402-8233-4ad2-ac1e-18d120d5e9d8,7945131.525701143,7945133.248294314,7945143.209782481,5928,200,1.7225931715220213,9.961488166823983,160
294d4a0d-d81e-41c3-842d-562210839a44,180db37d-6447-4813-8c8c-57e38b2e8569,7945134.525426288,7945135.059834032,7945143.368279178,5808,200,0.5344077441841364,8.308445145376027,176
8fddc3f7-1f76-47de-9f6c-068d81e2738e,1214b81e-604b-4705-a065-c16e6a5bf363,7945138.525761298,7945138.816959191,7945143.4234892875,2548,200,0.2911978932097554,4.606530096381903,176
d466aed7-5dc9-4958-933a-f2dd72848714,5851d51b-6e17-492e-ad31-2585933c39f8,7945135.525680087,7945136.148384934,7945144.205600893,1076,200,0.622704847715795,8.057215958833694,176
b4f0e62d-a557-4a48-a23d-6f81467e9a22,ec0a1ba6-4cc8-4579-887c-9fadc49b7703,7945137.526241214,7945138.331488483,7945144.498979695,2167,200,0.8052472686395049,6.167491212487221,176
d762f632-1721-40da-b1bd-235c3d3c16b9,5707dd1d-3bc2-4a67-a45e-321e76e74e30,7945137.526244525,7945138.329369174,7945144.498241101,2487,200,0.8031246494501829,6.168871927075088,16
dc557ac5-193a-4893-b701-777c7bf69ddc,0f37a850-8067-4658-a28f-f4d6fd5d1dad,7945134.525443126,7945134.9931858005,7945145.703175805,5131,200,0.4677426740527153,10.709990004077554,192
2bd5a15c-2e7f-496d-a68d-7f9270ce7a5d,fe1e0c5d-10e7-4929-9ac5-fdfcf7cdfd90,7945134.525446699,7945135.219013802,7945145.741862689,5891,200,0.6935671027749777,10.522848887369037,176
821961b7-4101-4046-ad03-3778a1bb43fc,66f8daaa-1aa0-44ba-9a50-499c33dcb7eb,7945134.525440088,7945135.219391858,7945145.7440458285,2294,200,0.6939517706632614,10.524653970263898,192
809c52c1-44f7-4581-abfe-a00cebc10bd0,9da95b3b-d872-4e1b-a2e9-8b4ebabce143,7945131.525697722,7945131.78800536,7945145.997353651,2377,200,0.2623076383024454,14.209348290227354,176
ce124593-a55e-4dda-8401-dfc57895180a,8797a59b-ae3b-4e72-b6ad-b0e2f7f7f714,7945131.525708293,7945132.399883032,7945146.024675959,2423,200,0.8741747392341495,13.624792926944792,0
5f5ff617-c310-4704-afd4-3844b27d8390,97b9f2b5-9391-4f36-bfd2-d2e5305af7c6,7945131.52571564,7945132.398673375,7945146.023372061,5849,200,0.8729577353224158,13.624698685482144,224
980807e2-68cb-4d03-bcdf-5b6ba225daab,59afa03e-f016-4d4c-94ab-104f8f1d022f,7945132.525321017,7945133.482609769,7945146.318944376,5975,200,0.957288752309978,12.83633460663259,192
a23b9ff5-6bbc-424c-b5d1-8b607280f0c4,07583164-3263-4e77-894a-da67b5fd9ffe,7945132.525307078,7945134.116103163,7945146.350644871,5882,200,1.590796085074544,12.234541707672179,224
c9cadc96-a5cc-43da-a5ec-160561ba8736,432804e4-2bbc-40e6-b945-23436ff76aa6,7945133.526051259,7945135.368128804,7945146.403222236,5879,200,1.8420775448903441,11.035093432292342,224
fe6b997b-84d1-4b8a-bc01-c85b9b7b61af,85553518-8e78-4758-b459-5e93a9c3be1f,7945134.525449927,7945135.923725809,7945146.429165244,5793,200,1.3982758820056915,10.505439435131848,224
1d776239-ad13-4a17-847a-da7818d76bf1,1a77969f-1e99-480b-afec-42b03605c5f1,7945135.525670126,7945137.243411914,7945146.533813283,5681,200,1.7177417883649468,9.290401368401945,192
e3680ac8-36aa-446d-8470-deaa10bcdb65,5aec68d4-afa9-4a03-896b-6e7a02627bc7,7945136.52521126,7945137.243564926,7945146.534118805,3440,200,0.7183536663651466,9.290553878992796,192
68ca59ca-a12b-4a37-aafe-ee5d275ddfc9,cb11717f-7d06-4a74-b58f-3b3b2686cb99,7945136.525202323,7945137.020682635,7945147.259991769,5910,200,0.4954803120344877,10.239309133961797,224
24440aca-b0f6-4312-ad15-9ec174ea7307,61da347d-e982-42dd-92bc-c0eeeaf1345b,7945139.525832263,7945140.240189002,7945147.277709328,5914,200,0.7143567390739918,7.037520325742662,2512
7d45aa97-daff-449f-af91-d062ecf2bfca,68be8177-97f5-4c56-b004-7acf1370b724,7945139.525825701,7945140.551859374,7945147.298235336,5715,200,1.0260336734354496,6.746375962160528,224
606b675b-b618-435f-a95a-5dec8ab26d3c,90cd916e-2987-4e81-8dfd-f79135d0d144,7945137.526227099,7945138.138395223,7945147.453906799,2084,200,0.6121681239455938,9.315511575900018,224
1c686a58-2881-46dd-b1ab-63792952ad97,955e558f-d908-48ba-88ef-03b1c7df7109,7945137.526247555,7945138.133814589,7945147.450374157,5400,200,0.6075670337304473,9.316559568047523,176
593a0146-2442-4799-b64b-f8f293492fa2,de94666b-c85d-4083-87ee-16e2f4efde62,7945129.525671566,7945133.135120093,7945147.720418655,1330,200,3.6094485269859433,14.585298562422395,192
b68ca8d8-2580-4d9e-98e5-eea89dc87402,cdc0fce9-25e3-4ef3-a067-3251c684919f,7945138.52577028,7945139.074888184,7945147.798704685,5809,200,0.5491179041564465,8.723816500976682,5776
f6cbbf11-d782-41d0-8a27-35133c158981,d0831b52-6c34-4ffe-9597-e33a682fe9b5,7945141.526227969,7945141.721671988,7945148.110469188,1611,200,0.19544401951134205,6.388797199353576,176
311d69d9-7f15-4e2c-9be0-84baefba2b0a,48bf1d41-819d-4951-b8e2-8c97d4fee09a,7945131.525704467,7945134.106540628,7945148.261783074,5943,200,2.5808361610397696,14.155242445878685,192
2b71b22a-8bce-4194-8236-20b77ad0fc1f,ce085c11-89ed-492b-a423-23ceb4fb69f5,7945140.525271361,7945141.470440666,7945148.423970605,3566,200,0.9451693054288626,6.953529939055443,160
bf0e2ff8-554f-474d-85c5-c942be96ea67,cdf3ae04-1fc3-4f8e-89b7-6d59f3657210,7945142.525460865,7945142.689495587,7945148.506194232,1996,200,0.16403472144156694,5.8166986452415586,224
63f95ac0-75f6-401b-b500-9e6e1bb2bd65,fa45b250-61e2-448d-bcd4-5210a4c06771,7945141.526246123,7945142.121395351,7945148.599003876,5960,200,0.595149228349328,6.477608524262905,176
f3009af0-65ea-41b6-b6da-733f067a8389,df0ec5e8-df47-40f8-bbc5-2489b9ff95bc,7945139.525821711,7945139.664201529,7945149.161689877,945,200,0.13837981782853603,9.497488347813487,688
46f5060d-5bf1-4080-b4f7-458e7b8c32e9,be530eba-376b-4e8f-ac04-19d4dbd07dab,7945133.526041379,7945135.68962686,7945149.413879677,3746,200,2.163585481233895,13.724252816289663,176
3e38ff89-db0d-4ced-8051-f7d791f3a043,09949374-a7ce-46b6-aa39-f07bd97c5592,7945142.525455303,7945143.458579273,7945149.680765015,2270,200,0.9331239704042673,6.222185742110014,288
5647b4b9-0099-4f04-8d0b-921b09001e29,8309bfc3-eca5-4167-a795-d5d89381469a,7945142.525463394,7945143.4568434,7945149.678912014,3429,200,0.9313800064846873,6.222068613395095,176
ac91a89c-fbea-401d-b19f-d4b1a77a4a1f,b710b504-2065-4aea-b3b6-ab4ec3d9d95c,7945140.525279471,7945141.437185576,7945149.683252978,5985,200,0.911906105466187,8.246067401953042,176
fbfb49f7-da86-4d85-b43a-e5c33c2cdffd,701ecf99-00a4-4024-b51a-c936d71bc4b5,7945140.525260057,7945141.210401694,7945149.68858653,4950,200,0.6851416369900107,8.478184835985303,192
4d36c05e-d9f7-4966-bb0c-b3959611a24b,e36686bd-e3a5-44a4-9e97-d7ab44f34dee,7945141.526243351,7945142.024369579,7945150.185325012,5884,200,0.49812622740864754,8.160955432802439,192
72687ba9-ced4-4f84-adb5-458f85fbcef8,1bd20a32-fad6-4e71-aa34-23eb7333cd44,7945143.526444148,7945143.957966137,7945150.211682268,1200,200,0.4315219884738326,6.253716131672263,160
8dcd37ae-866f-4067-95a2-2e16dda233ef,b4ad3519-77e6-4e98-8466-fca926aa6bc8,7945132.525317527,7945133.652594418,7945150.301985738,5929,200,1.127276890911162,16.649391319602728,160
67a0b941-c632-4694-9a30-87b554d65bed,80d6a26a-30a3-4997-9ed8-11a621ce4975,7945144.525632207,7945145.053117812,7945151.028629331,5933,200,0.5274856043979526,5.975511519238353,176
0b4a5b9b-af59-4306-b97c-283d0383072c,2603ff50-67ba-4bd5-a528-2273d9612c7c,7945146.525515774,7945146.91491338,7945151.495572211,3839,200,0.3893976053223014,4.580658831633627,192
ff9a1602-4136-42d6-8bb5-e33947469cb3,b0a8a409-394f-4ffd-bcce-bdd749fb2fa3,7945139.525829038,7945140.057557205,7945151.608779706,5846,200,0.5317281670868397,11.551222501322627,176
46628b95-59d5-4c43-a4ca-e581bd7c2432,d4986227-86cb-46de-8dd0-52206e7c68a6,7945139.525810102,7945140.709652427,7945151.632011896,5884,200,1.1838423246517777,10.922359469346702,192
2df614ea-4233-4433-9417-eb14f2d3f3b9,6e7ec47e-64f8-4ae8-b1f6-f08af017e765,7945142.525458433,7945143.581862761,7945151.757233409,5950,200,1.0564043279737234,8.175370648503304,192
f56002cd-08c0-4628-9bcf-5ad0351571f5,61323445-bb9c-4486-9178-e666521fb517,7945144.525656223,7945145.244136872,7945151.795722234,1970,200,0.7184806484729052,6.551585362292826,176
302a529c-c3a0-4edc-b7a6-bcaf45357db3,b722212a-bf93-49dd-a1e2-451abc2fdeb6,7945145.525446508,7945145.773189018,7945152.1501213275,2981,200,0.24774250946938992,6.376932309940457,176
94244c5c-704d-415b-a5ca-93801c16b10d,225b850d-04cb-4bb2-a5f4-075bea2e8f4d,7945145.525435403,7945146.172747065,7945152.1721703885,5358,200,0.6473116623237729,5.999423323199153,160
3bf4cb22-4ce7-4bf2-84ee-246c928d2982,8885ccc0-b579-422c-8693-2ef4f532b933,7945137.526250539,7945138.813752555,7945152.51445889,5811,200,1.287502015940845,13.700706334784627,1984
703d9d5a-d3f6-465e-a985-42caf528af43,5707dd1d-3bc2-4a67-a45e-321e76e74e30,7945146.52549629,7945146.77092377,7945153.0319489,2459,200,0.24542747996747494,6.261025129817426,448
d05e1920-0c90-4502-9676-47008b2854fe,79f2d12e-d808-4a55-805e-224c8771f70c,7945146.525509618,7945146.970056078,7945153.052723241,2562,200,0.4445464601740241,6.082667162641883,176
7f43c5b4-81d7-49e1-b487-d30b84237c12,7d15b216-bc39-4f34-b2b3-d676febee0a9,7945138.525767413,7945139.650900811,7945153.325362064,5435,200,1.125133397988975,13.674461252987385,192
9cb04717-72e6-4105-abdc-04bd4183fba6,d1752466-c0f7-4061-b019-7354f72bcec8,7945147.525848985,7945147.708332562,7945153.651129531,1947,200,0.18248357716947794,5.942796968854964,160
d68a07eb-a45b-497b-8218-a925d6406830,9715b382-2207-4200-ae1a-d50a4de85d98,7945146.525505855,7945147.30544762,7945153.943657877,2469,200,0.7799417655915022,6.638210256583989,160
991afcbf-ce6f-45c2-80ee-de6f71762c95,e4055763-dcd0-4e11-99b3-4b8d69dbb4f9,7945146.525521994,7945147.7588039255,7945153.9619992385,6144,200,1.2332819318398833,6.203195312991738,192
a2f1950e-c239-4822-a5c1-9cdf474df2ff,33c3cc74-1a2d-4e47-8145-2d41c0f30905,7945146.525512735,7945147.044107567,7945154.0733269695,624,200,0.5185948312282562,7.029219402931631,176
a2fa41e1-2200-44b8-9ee3-acdab2f04583,bd218e24-2587-4885-9d7f-d92c8f9789f3,7945140.525276127,7945141.047756841,7945154.690947623,5980,200,0.522480714134872,13.643190781585872,192
0b64ebb8-55d9-4013-b30f-43556b12e9a9,0abaeaa3-5b44-4c27-a767-f7146e195828,7945146.525518662,7945146.684603388,7945155.193181416,889,200,0.1590847261250019,8.50857802759856,176
4f2d9d06-781a-4cf5-8ec7-5f7ed5a6565a,101492b9-9475-4eb9-99da-f208aba5c340,7945146.52552577,7945146.815427826,7945155.214766941,1926,200,0.2899020556360483,8.39933911524713,176
2ee976f9-ada7-4813-b348-23c7cbc2304e,2a200b0e-87df-47b7-81bc-39baf29c6b9b,7945135.525677185,7945139.642046412,7945155.865295443,4942,200,4.116369227878749,16.223249030299485,192
43133572-beb6-4890-816f-a2a233045542,4b436671-49e3-47ea-bf69-8f27540a62a1,7945138.525773037,7945141.997070389,7945156.257273058,5870,200,3.471297351643443,14.260202669538558,160
d24943d7-fe44-4222-acba-94672da80573,8797a59b-ae3b-4e72-b6ad-b0e2f7f7f714,7945148.525262449,7945148.597547242,7945156.325123754,2470,200,0.07228479348123074,7.727576511912048,2400
b31ad32b-9c99-495c-8c59-6bf19fc2a640,c46f3433-c5dc-4f8e-8bd5-92b59359f093,7945148.525266353,7945148.817926735,7945156.466745705,2749,200,0.2926603816449642,7.648818970657885,192
b10e666e-dff2-4480-bfd9-8c905a90ff97,b10a9021-6725-406e-bf3e-52d781a3515d,7945150.525860864,7945150.983078538,7945157.320828172,5842,200,0.45721767470240593,6.337749633938074,224
1e357c17-422c-4242-b9bd-7fcc74beb52c,11530c6a-95af-434d-a2a9-26ebf33cf1f4,7945149.525791772,7945150.177176614,7945157.4399057655,5908,200,0.651384842582047,7.262729151174426,192
5735f66e-12d4-4a18-8ce8-159bb461d625,76bb886d-2e0a-4a82-b3e0-8ec5b6cbb908,7945149.525798965,7945150.17603897,7945157.439330374,1483,200,0.6502400049939752,7.2632914036512375,1408
ad2863cf-bdc7-48c4-b797-243c0ed3d2f6,b5058d29-2d8e-4366-87a2-b76d642064a2,7945138.525775722,7945142.805742841,7945157.5874472605,5907,200,4.279967118985951,14.78170441929251,176
2f9ce693-3035-4230-aa8e-f4e7aadcd381,6ce68034-2f05-4ea2-a1d6-59175a0ef4b6,7945149.525788258,7945150.136240409,7945157.624488732,1860,200,0.6104521509259939,7.4882483230903745,192
7fecf629-d122-439e-8864-7505adcc0cf4,6ede9dcc-e033-4f78-82f1-d3939e868ed4,7945148.525269854,7945149.182822893,7945157.637711622,371,200,0.6575530394911766,8.454888728447258,192
0356fda2-ffdd-4018-9f78-8c1366380ca8,251488a3-474a-4d1e-86f6-49623c84f87d,7945151.525296707,7945152.015868897,7945157.94273786,5690,200,0.4905721899122,5.926868963055313,160
045ffe2c-a588-486a-bc03-b9a474c424b2,206f0344-10fd-4960-a755-be0a3f6f3bbd,7945151.525292743,7945152.601041126,7945157.963810369,3081,200,1.0757483830675483,5.362769243307412,992
d74c7299-15c2-464e-8efc-943f1b3544bd,293f081a-8730-47d2-9b8a-df7eef9cb2eb,7945141.526239558,7945145.361435282,7945158.725183479,5880,200,3.8351957239210606,13.36374819651246,192
e3b741ec-5904-43ac-bbc2-3f0152d454ff,a8af3516-a466-4db9-a366-579dd51c69b8,7945142.525445347,7945143.1746322485,7945159.461426355,1962,200,0.6491869017481804,16.28679410647601,192
daeac2ad-1f28-4ffb-bd04-c3f7153ca5a5,d6d22620-64b1-4f4c-bec3-3d7d2a775409,7945151.525309505,7945151.704795175,7945160.4147391515,1309,200,0.17948567029088736,8.709943976253271,288
f6b14777-edc8-4de1-97b0-91a98124034b,c6e93bdb-1b75-49b3-89c0-6fca4b99a463,7945144.525650156,7945147.418349126,7945160.420968917,2969,200,2.8926989706233144,13.00261979084462,288
af484abf-f564-41d2-a04c-247b1fea767e,221d81a6-a99c-48c3-979a-bed8b07c62dc,7945153.526154441,7945153.920663642,7945161.161963566,3658,200,0.394509200938046,7.241299924440682,192
346631c2-df83-4696-a87b-a54065bc2b64,883f0b54-25dc-44e0-9215-8602edef29fe,7945148.52527341,7945150.296798359,7945161.16709013,5930,200,1.7715249489992857,10.870291771367192,384
d6608e56-acab-4a1b-bb9e-cf4372fa6422,6e68fbb7-44e5-4019-bbfe-fb6932f45916,7945149.525776393,7945151.333376116,7945161.22239301,5060,200,1.8075997233390808,9.889016893692315,176
c2c65754-d63a-45a0-a856-5a40bf35fd7d,b2a73fb5-90d1-4be5-87bb-fdae89d6d738,7945151.525299555,7945152.2913667895,7945161.461158623,5782,200,0.7660672347992659,9.169791833497584,224
df129d2e-f135-41e7-97c2-3fb20daa9c83,7130a567-3a9a-4453-8f82-99755c0b6a3d,7945151.525302517,7945152.291589659,7945161.462145749,2373,200,0.7662871414795518,9.17055608984083,192
59717baa-e2fe-41fa-a822-f356b997b547,bd67cc46-093a-4a92-ac33-a721a9f17666,7945151.5253062,7945152.718894166,7945161.4841069,3551,200,1.1935879662632942,8.765212734229863,176
51cbea35-0eed-4d3d-ba9c-4997a136b0fd,1fbe680b-764f-412f-b308-a3332b53fe1c,7945144.525653019,7945145.665641592,7945161.51374054,2901,200,1.139988573268056,15.848098947666585,192
68fa7256-7ec6-406a-9edf-648749523d5d,2f00ecb3-5431-475c-92c8-62f44e364157,7945144.525646196,7945146.285312021,7945161.910548553,1448,200,1.7596658254042268,15.625236531719565,176
29f5fad2-2a55-4e41-b38e-f2c74e7d8a6b,1fe1a34f-8e25-4e36-ae24-58205ec125da,7945154.526093892,7945154.655662249,7945162.475317621,717,200,0.12956835702061653,7.819655371829867,192
997244ad-e197-4479-9ce8-af54cb0a1edf,dd5d15d5-6aa3-4fac-9f49-55a663b9c877,7945148.525251904,7945148.932384306,7945162.587663425,4313,200,0.4071324020624161,13.655279119499028,192
8341d648-bdc7-4c52-a73d-2b70738342ab,888d1b4a-3dbf-4e29-9ea3-02e0203d227a,7945153.526141462,7945154.075207315,7945163.078735199,5866,200,0.5490658534690738,9.003527883440256,224
ccff057d-beec-454e-88ea-e007cf369c24,6a1b0852-2faa-43e0-a4af-cb79f4e38636,7945154.526091056,7945155.018578239,7945163.437837149,5745,200,0.4924871828407049,8.419258910231292,176
26b6d1cd-466f-4871-ba9d-55dc57580da9,59577ac9-a9d1-4bb2-ab3b-4f52b1dd4f35,7945154.526099065,7945155.6335035255,7945163.456520315,4307,200,1.1074044601991773,7.823016789741814,176
d0d1e7fd-f332-469f-bea7-39597eff0e05,0104d5da-d6e8-4faf-a555-f9f6d4a7bb8f,7945154.526074728,7945155.837442196,7945163.482569341,1006,200,1.3113674679771066,7.645127144642174,176
ca453f09-a933-4412-80e9-00e6c9c48aa3,d34ef4f4-832b-4682-9b3f-4e15cf871b7a,7945149.525795486,7945150.120626154,7945163.665019975,2321,200,0.5948306685313582,13.544393820688128,192
0b5a9b9d-def8-44d2-918e-502c78eb09c2,393fae3d-bfae-4a69-9f62-03842f08111c,7945153.526160144,7945153.7668072255,7945164.215877611,1685,200,0.2406470812857151,10.44907038565725,224
bffd1e18-8701-4d88-a143-a8b9b1367a77,bf146570-6c27-4f69-9186-954f2b838a95,7945153.526157146,7945154.349681124,7945164.241693955,2765,200,0.8235239777714014,9.89201283082366,288
2b8cff5f-0765-49cb-bda7-64ece82e1470,90cd916e-2987-4e81-8dfd-f79135d0d144,7945156.525772226,7945157.022449322,7945164.263666517,2084,200,0.4966770960018039,7.241217195056379,2080
6c364833-b9f6-49f3-9011-c2a1751d06f9,07583164-3263-4e77-894a-da67b5fd9ffe,7945156.52575894,7945157.02426402,7945164.265845713,5800,200,0.49850508011877537,7.241581693291664,224
6414a863-fde2-405f-9487-0f2c017c88df,82070578-d0d7-4a12-8a6c-397a9fbde584,7945154.526086397,7945154.813198091,7945164.370306524,3212,200,0.28711169492453337,9.557108432985842,176
ddcf95a7-6fcc-43c9-b7d4-66eb70f69920,13bf5b8a-ecb4-4110-9e16-aed2b7a862da,7945154.526096501,7945155.410827686,7945164.394246331,5738,200,0.8847311846911907,8.983418645337224,176
51ea2ce2-71a8-4700-8665-6214a6064455,09949374-a7ce-46b6-aa39-f07bd97c5592,7945155.525271825,7945155.915586202,7945164.446044488,2284,200,0.39031437784433365,8.530458285473287,416
b7a1d693-a282-4c40-8d92-dbc34eeb233f,cdc0fce9-25e3-4ef3-a067-3251c684919f,7945155.525288555,7945156.565270118,7945164.551904339,5809,200,1.0399815635755658,7.986634220927954,5808
7fc53a79-f962-477c-9694-21a9a3c1f668,d6d22620-64b1-4f4c-bec3-3d7d2a775409,7945156.525768958,7945156.624057471,7945165.3178970795,1309,200,0.09828851278871298,8.693839608691633,1296
dbf575e3-fd2d-4691-aae1-953152ac7428,15229d22-b8db-4859-b05c-02bdcc0e3805,7945157.526009949,7945157.765200221,7945165.5532717295,2148,200,0.2391902720555663,7.7880715085193515,192
cbc64918-6148-4b34-b4fa-a3f8ea500a29,fcc8381e-ac9e-4517-ab01-4da4a2f9da2f,7945150.525870693,7945150.60172842,7945167.076333041,649,200,0.07585772685706615,16.47460462152958,176
98ac21b8-c05a-431d-9cef-f16b58fee046,11f3143e-3964-4b2e-9172-3c0a197bffb3,7945160.525410925,7945160.745437323,7945167.160448517,2112,153,0.22002639807760715,6.415011193603277,176
1790853e-684a-431c-949d-703e7eaf8117,57f7a3e9-60cc-4567-8919-92cabd76d7b4,7945159.52562321,7945160.001784771,7945167.378945361,5951,200,0.47616156097501516,7.377160590142012,192
32775e5d-5d6c-4d93-8c6e-1e773dc7ab26,d2f92852-26d9-43bc-8aaf-92b326f7584b,7945157.526016301,7945158.098749977,7945167.792008635,5988,200,0.5727336760610342,9.69325865805149,176
40b74d25-d029-4f7d-a44b-82d0545cdd60,a25e3df9-dbff-4d55-96a3-c6f85b4f539a,7945158.525597241,7945159.776756013,7945167.864290287,4390,200,1.2511587720364332,8.087534273974597,192
a92cd16a-93f1-468c-ab96-c6107671d134,c1b7bd9a-b619-4cf1-be42-c209db347bd5,7945151.525280449,7945151.854058851,7945167.9163909145,3484,200,0.3287784019485116,16.062332063913345,192
3b4666f3-fcf9-478d-89ab-70fe327df65a,180db37d-6447-4813-8c8c-57e38b2e8569,7945157.526019179,7945157.685006149,7945168.0022314675,5808,200,0.1589869698509574,10.317225318402052,5792
27dd7797-226a-4daa-aad5-54aaa317e85e,8797a59b-ae3b-4e72-b6ad-b0e2f7f7f714,7945161.525940508,7945161.607384492,7945168.115944876,2496,200,0.08144398406147957,6.508560384623706,2448
ed9171f3-e7bb-4e9c-9f05-99a5c6ea3d89,0c823c36-4c9e-42f3-a2cb-f9f292d0c461,7945159.525614091,7945159.606330806,7945168.41515411,441,200,0.08071671519428492,8.808823303319514,192
1d332c39-3c35-41e9-b1a6-86846d0f86a0,2fb02323-52e9-4187-9ca6-8cc5150e5a64,7945160.525402852,7945161.617381752,7945169.039178982,5230,200,1.0919788992032409,7.421797230839729,224
bec67249-fe52-4d91-a910-988db7e710a9,5733a104-863a-4b0f-a50c-9cae35d6292b,7945152.525715346,7945152.714300196,7945169.375052395,2206,200,0.1885848492383957,16.660752199590206,288
9e1a07a2-b70e-4c7f-8a4a-dd1b06d3d924,a3b74f4a-c4bb-40a8-b686-0af4040fecd6,7945158.525592846,7945158.724586112,7945169.48663337,1610,200,0.19899326656013727,10.76204725727439,192
bac4757a-2238-4a88-a48b-b9c733b56d32,5707dd1d-3bc2-4a67-a45e-321e76e74e30,7945162.525864807,7945162.812224639,7945169.530337569,2493,200,0.28635983169078827,6.718112930655479,448
3f7c1312-a3ad-4bfd-8805-9e56961858da,24b0cd79-26b1-44c9-b214-a19c9d3431a4,7945162.525867795,7945162.797811608,7945169.920774525,2394,200,0.27194381318986416,7.122962917201221,192
a502ed17-a1a8-4dc5-a614-937165cdb12c,a03e2b4b-0648-4402-9b9d-0f84f0f6b887,7945164.525373158,7945165.018379553,7945170.136390312,5936,200,0.49300639517605305,5.118010758422315,160
975d1c6e-38bc-41e2-bc20-8352632580b6,d23a6426-7dc9-4b7d-bbb9-5627b04c0eac,7945164.525383239,7945165.290669856,7945170.153113408,3556,200,0.7652866169810295,4.862443552352488,176
904f0ed6-1d65-4db9-8a09-ae97bc66e840,daa40a1d-c651-45b9-88a6-579436a31650,7945153.52616358,7945154.338734734,7945170.692309541,5879,200,0.8125711539760232,16.353574806824327,176
d715ca06-0339-41de-a1c3-79ba3924ee9c,2955f639-3b78-49d1-a2f3-b0f758fad6c5,7945153.526151414,7945154.510074403,7945170.715751671,3657,200,0.9839229891076684,16.205677268095315,224
f5bc94be-fef1-4811-b9c8-6aa4cc69d59a,fd82a8cd-78fd-420a-8fc2-33f1b6ac7ba6,7945163.525417766,7945163.731483189,7945170.715377356,1211,200,0.20606542378664017,6.983894166536629,192
e4dee22a-ce77-49bd-a921-4cdc91381250,df0ec5e8-df47-40f8-bbc5-2489b9ff95bc,7945166.525449159,7945167.127788382,7945171.41718161,1095,200,0.6023392230272293,4.28939322847873,192
1b7f571e-468e-4079-885a-41f66ab9f70e,49bc1316-b051-4007-bec9-ac9d73ea1ded,7945166.525461255,7945167.126295497,7945171.415760687,5821,200,0.6008342420682311,4.289465189911425,176
bcea93de-afbe-46da-93e9-8501f16aed4d,6e2c4bd2-ce68-4b03-932b-3f32ace53c93,7945163.525405523,7945163.747313962,7945171.688024222,394,200,0.22190843895077705,7.940710259601474,192
d74de2f1-5725-445b-a979-fb5124c0e17f,91e53ade-e200-47b7-b143-a07ac53e6d88,7945163.525421481,7945163.742949265,7945171.684320245,767,200,0.21752778440713882,7.941370979882777,192
5bd29233-3174-4dde-ab76-6f8049129b80,fc4a813c-4045-45bf-af61-879c3dfae67e,7945165.525664651,7945166.307791257,7945172.150714116,4609,200,0.7821266064420342,5.842922858893871,192
e46a6be8-c66f-47ed-89bc-a8d1d41ecd04,9503c227-282b-443a-8e89-2d25d415d0c6,7945163.525414923,7945164.001895739,7945172.295276592,3266,200,0.4764808155596256,8.293380852788687,176
36ff1ca7-f848-47a8-b8d0-0d788f5aab98,e94e4bac-5b89-4ab4-88e0-56a0d3a77778,7945161.525943186,7945162.007396082,7945172.51332906,5924,161,0.4814528962597251,10.505932977423072,176
926bd093-ca0b-453b-b0da-5383f82177bd,613b35ed-e230-402d-9c6e-c846bdeb3aaf,7945158.525577228,7945158.7168052755,7945172.867448531,1643,200,0.19122804794460535,14.15064325556159,160
e7b73961-661f-4b98-b0a6-62deeb468e3a,501965a3-4916-4512-bcbf-c5576665398b,7945158.525600943,7945159.324072267,7945172.895101807,5892,200,0.7984713241457939,13.571029540151358,192
702fb619-5a54-43ac-bcf9-6e7123102ad9,b0f875bd-53dc-480e-bcb5-66c8ace73365,7945155.525281815,7945156.683448548,7945172.990395958,5817,200,1.158166733570397,16.306947409175336,160
7069de0a-2662-49c7-b23c-b2b392dbd664,cdf3ae04-1fc3-4f8e-89b7-6d59f3657210,7945160.525395515,7945160.965453115,7945173.010295902,1996,200,0.4400575999170542,12.044842787086964,1984
fb3c90ad-c030-44aa-89b7-37d849ecf9e2,70a0cd83-d8aa-47dd-b9fc-723e67189601,7945155.525285767,7945156.422882508,7945173.09103469,5448,200,0.8975967401638627,16.668152182362974,176
e3140fc4-c8eb-4410-8aef-da2556207fa4,24796807-f5a7-4c49-9c13-4714d305e593,7945155.52529138,7945157.31078029,7945173.615917625,5877,200,1.7854889100417495,16.305137335322797,192
b2f8a3aa-3652-4eec-90d2-a9bb4d6b3e4c,c6231917-a76b-49f7-aea7-608cf8d40178,7945156.525774617,7945157.500366115,7945173.944685656,5783,200,0.9745914982631803,16.44431954063475,192
e845a720-6995-42f4-b7e3-71b69d1a7a78,6ede9dcc-e033-4f78-82f1-d3939e868ed4,7945167.525474688,7945167.975441451,7945174.257228028,371,200,0.44996676314622164,6.281786576844752,368
fa375a1b-fd48-42d5-80d5-a553325f16c5,8dade6a5-bf2d-40aa-a543-271cc7bb9712,7945156.525776922,7945157.837452206,7945174.275882537,5835,200,1.3116752840578556,16.438430330716074,160
4e6e3894-5bcd-477e-a3df-20641c7999df,4bc56cea-5d7e-4140-9532-23e375f8878d,7945164.525376954,7945164.775251813,7945174.385582053,2654,200,0.2498748591169715,9.610330239869654,288
324962d9-4739-47cb-b7e4-04219ec7f127,cb11717f-7d06-4a74-b58f-3b3b2686cb99,7945157.526013329,7945158.064622179,7945174.802950689,5910,200,0.5386088499799371,16.73832850996405,1040
42db51ad-682c-42fb-aaf2-884e187fae2a,de2f413e-c05d-4891-92ad-832473a888f7,7945157.525997055,7945158.0544997305,7945174.898481927,2567,200,0.528502675704658,16.84398219641298,160
2e5308ab-cb68-4cd2-b3c2-3cc96fa512b2,be530eba-376b-4e8f-ac04-19d4dbd07dab,7945157.526021734,7945158.384491702,7945175.142719142,3734,200,0.8584699677303433,16.75822744052857,176
e38b3007-8f46-41da-9745-1eeb34724f30,90eac966-f9f9-4b13-840f-dcacc715be88,7945162.525858527,7945163.019880473,7945175.289964812,3293,200,0.4940219456329942,12.270084339194,160
3f65b09e-82cd-4c56-b4d1-64039a68d3ae,09a114dc-9e26-41a2-9556-c7dda7572a3b,7945162.525870879,7945163.018267759,7945175.288251918,2542,200,0.49239687994122505,12.269984158687294,0
1f6cb133-48c0-451e-8b8d-84d8939986aa,24b68f03-c2a5-41eb-9a8b-7465c5d30b08,7945158.52558922,7945159.461190699,7945176.079938062,5805,200,0.9356014784425497,16.618747362866998,160
21b9ac7b-df88-484b-99c3-86268c0cb37f,58f88d8c-e65d-4687-89ad-5e18453a92a5,7945163.52540829,7945164.659949326,7945176.224506323,2498,200,1.134541035629809,11.564556997269392,176
740fd753-2bbc-4884-9830-c53460735c25,16a9c0ad-f0ee-4645-acb9-8c2a2b4f31b3,7945163.525411532,7945164.660274112,7945176.225930906,5770,200,1.1348625794053078,11.56565679423511,160
a4b9ea4d-6648-48c2-9840-d0d1f21b03a6,699a171f-291b-4d4b-830c-48bfad8a6530,7945165.525653679,7945166.510184119,7945176.307396058,5816,200,0.984530440531671,9.797211938537657,224
439a1096-05ce-4c20-b9b4-9e86a6a0dc33,4b01567c-773e-4e5d-9dfd-7159a61aa362,7945166.525467481,7945167.114059133,7945176.350944188,4124,200,0.5885916519910097,9.236885054968297,224
631e5fb9-8635-4e9e-885e-7342e5928a0b,206f0344-10fd-4960-a755-be0a3f6f3bbd,7945166.525444944,7945167.1172079565,7945176.3556129625,3076,200,0.591763012111187,9.23840500600636,992
7d15c0b6-3c47-43cf-8a69-b27639340ea8,f927b9f5-ad9e-4f91-bbb3-a0ebff002d3f,7945160.525399632,7945161.528815309,7945176.688586544,4092,200,1.0034156767651439,15.159771235659719,176
0daa9cdf-281b-43c3-a74f-373fcb6a9544,13376dce-20c1-48e3-9810-791d0ebf106d,7945160.525414522,7945162.100684018,7945176.712608195,5816,200,1.5752694960683584,14.61192417703569,176
444642bf-0b3a-4dc2-a82e-4138c7b673a2,6e872f5a-b705-4650-b45d-48a9ce29bdc0,7945160.525407215,7945162.104859767,7945176.715616439,5959,200,1.5794525519013405,14.610756671987474,160
9f306f9c-51d0-4a08-b93a-1f7fb3ecaafb,0e908faf-1fc4-4a00-b573-eb398625fe8e,7945162.525850276,7945163.25225713,7945176.983635817,5865,200,0.72640685364604,13.731378686614335,192
bd7f6a45-b24d-46c9-9f17-e4c0125dfb6d,2002ac2f-1022-4ba7-b8d0-7d2b9b49c4b7,7945162.525861784,7945163.556378416,7945177.013605018,5946,200,1.0305166319012642,13.457226602360606,192
dfadf8c9-c2aa-4c97-a437-67063ceff4ec,28fb12fb-b0a3-4c00-8606-abeb6200d6b0,7945169.525264211,7945169.731754719,7945177.0550385825,1568,200,0.20649050828069448,7.3232838632538915,192
be88d027-1e62-45a2-b9f6-f5fda8deaf5a,b784492e-fbfe-4f5c-ad22-38777c9aa7a1,7945169.525267352,7945169.820405314,7945177.111758177,1225,200,0.29513796139508486,7.291352863423526,288
3808f733-5948-4b53-b8fa-68a7052e2cd1,101492b9-9475-4eb9-99da-f208aba5c340,7945166.525456854,7945167.2995871985,7945178.258821277,2077,200,0.7741303443908691,10.959234078414738,176
e37f12bb-695b-4af7-8744-70a888c1303e,76bb886d-2e0a-4a82-b3e0-8ec5b6cbb908,7945166.525453412,7945167.053425329,7945178.352413762,1535,200,0.5279719168320298,11.298988433554769,1456
70bba311-7074-4e27-96c7-9cc337f6f6d2,f8a395f3-d38f-442c-84cb-85ddb20fa644,7945166.525431594,7945167.057003417,7945178.35901509,5886,200,0.5315718231722713,11.302011673338711,192
6b183dbe-7604-4d2c-ad93-564d16964305,bb51e9bb-6a53-4f36-a01d-3fbf9732a874,7945164.525379788,7945165.081973173,7945178.618813664,6537,200,0.5565933845937252,13.536840490996838,192
035b970b-5846-4b39-ac35-2ddebe95a21a,8885ccc0-b579-422c-8693-2ef4f532b933,7945161.525924503,7945162.571311704,7945178.797106678,5793,200,1.0453872010111809,16.225794973783195,192
e658eaec-55ab-43bb-881c-eb60944cc411,30ce9d58-97d0-429c-b6b5-fdf822a72a11,7945160.525384548,7945162.573883087,7945178.799243541,1114,200,2.0484985392540693,16.225360454060137,192
db9d5229-d3e0-4b97-b40f-9777076c9428,8c2018d5-787d-44cb-8f91-f4bf0c1e1a79,7945171.525549025,7945172.581961923,7945179.239465937,1506,200,1.056412898004055,6.657504013739526,176
e431f451-1ef7-4dcb-89ac-4230e553d687,8797a59b-ae3b-4e72-b6ad-b0e2f7f7f714,7945172.525678362,7945173.139797593,7945179.302600643,2546,200,0.6141192307695746,6.162803050130606,2496
455d63b8-f6a7-48d6-bd08-a3d51262f73d,edb3862b-f606-4e5c-8e94-766f443c2f84,7945161.525936784,7945163.174481283,7945179.456678673,5886,200,1.648544498719275,16.282197389751673,192
3cc8d036-6d9c-45a2-a304-5274f81a8646,883f0b54-25dc-44e0-9215-8602edef29fe,7945168.525887561,7945168.645096812,7945180.133535629,5930,200,0.11920925136655569,11.488438816741109,5920
64d791b0-28a3-412f-a2e3-5538b3d2f21a,61987c71-acc7-40c2-ace8-960d5d78fe3b,7945170.525997868,7945171.085086965,7945180.142978297,2744,200,0.5590890971943736,9.057891331613064,176
c49207a9-6c72-4121-909c-e145560adf85,dc7cc2cf-51a3-4fd4-a1c4-8e2d70091727,7945171.525530915,7945171.81113718,7945180.566533962,2653,200,0.2856062650680542,8.755396782420576,224
ab48a271-854f-4af1-8bcd-496f5bbc6ff2,f4a7afa1-476a-4b88-a383-3b4beb1da491,7945171.52554247,7945172.151263933,7945180.948993546,2176,200,0.6257214630022645,8.797729613259435,176
eb6a9aca-d8b6-477a-90f8-6cf7c183dadc,61da347d-e982-42dd-92bc-c0eeeaf1345b,7945167.525466929,7945168.038937446,7945181.217948822,5881,200,0.5134705165401101,13.179011376574636,176
8a08f35f-0dd0-4886-9691-298269471678,5707dd1d-3bc2-4a67-a45e-321e76e74e30,7945167.525471134,7945168.663724547,7945181.248940329,2449,200,1.1382534131407738,12.58521578181535,464
e420163c-be03-4179-b65d-b1c1bc743dc8,8ecc4871-cdb8-4483-ba36-0274abe3bf09,7945167.525457078,7945168.665169326,7945181.254134377,5937,200,1.1397122479975224,12.588965051807463,192
befc7702-2a82-4839-8c19-116b6aaf0704,701ecf99-00a4-4024-b51a-c936d71bc4b5,7945174.525514909,7945175.035295933,7945181.465277225,5138,200,0.5097810234874487,6.4299812922254205,192
58de564d-ef7f-4798-97f2-77030c2b6ad5,4190c99e-6b87-49df-aa5c-92e0ae5b1db0,7945172.525705483,7945173.048190749,7945181.604881532,5845,200,0.5224852664396167,8.556690782308578,160
0a22c9e6-2a40-440a-8c9c-0d1f0952af1a,c6e93bdb-1b75-49b3-89c0-6fca4b99a463,7945170.525994897,7945171.594948834,7945182.184676715,3007,200,1.06895393691957,10.589727881364524,288
6bfe5434-4663-4c88-8c9d-a04a11c70637,ebc1bd6d-7595-44b8-aea6-16cbbb5b8d55,7945170.525988998,7945172.107968347,7945182.213588215,5923,200,1.5819793492555618,10.105619868263602,160
85727a3e-c4fb-45e3-9da4-6fd15a2c0705,937d3504-cc5b-4f2f-8ae0-557b3725c6f4,7945168.5258778,7945169.132890506,7945182.779944571,2674,200,0.6070127058774233,13.647054065018892,192
fc17f491-1aa2-4047-8a87-4760f97a672c,88f2066b-6a77-49c7-b301-e0dfceb7f610,7945173.525723866,7945174.208857748,7945182.927224426,5858,200,0.6831338815391064,8.718366677872837,176
d895fc90-f613-4151-b623-0f3edad76b46,87ba21e2-ff9b-42d6-827a-0e6c8ff6b22b,7945175.525224011,7945175.918299857,7945182.945442223,4032,200,0.39307584520429373,7.027142366394401,192
89389380-5dab-4b24-b3a9-40e97eceb16c,59afa03e-f016-4d4c-94ab-104f8f1d022f,7945175.525246906,7945176.3523943955,7945182.966585446,5934,200,0.827147489413619,6.614191050641239,192
3dc0ef13-d973-45e5-a667-f3743db820ac,da8104fb-b2c8-4d96-aa5b-9e39bfb35cd0,7945176.526146315,7945177.117707758,7945183.213703633,5940,200,0.5915614431723952,6.0959958750754595,160
50ae3e43-0d8c-4ae5-97aa-e26cc57dae2c,cb19fc5c-b4b9-4234-8e09-a58d68c23827,7945172.525694609,7945173.4386230325,7945183.248304816,2745,200,0.9129284238442779,9.809681783430278,192
86a1d252-d07f-442b-b705-5736842f59f5,1892b07a-1db2-46fc-84d7-4a79e9161ec8,7945172.525684792,7945173.441666822,7945183.25177843,4454,200,0.9159820303320885,9.810111608356237,192
ebfffc02-8b10-4d55-8851-de37d668c02a,7b2a082c-c976-422c-8a99-3799ab0b075e,7945169.52526103,7945170.039594646,7945183.375757465,5948,200,0.5143336160108447,13.33616281952709,192
a7f8f99e-a867-4d28-9ff2-ae8b93c9cea6,143be7f0-1253-466b-8c15-f774f9af7401,7945174.525525536,7945175.051567679,7945183.435255545,5465,200,0.5260421428829432,8.383687865920365,224
68c19adb-c085-421c-a3a6-df7cb06c089b,6a1256c6-27f4-460f-98fd-b78768d1c2cb,7945163.525402016,7945167.766038524,7945183.707151707,5785,200,4.2406365079805255,15.941113183274865,224
baafd157-3c61-4c0a-b543-1510edb1fab8,affc3850-702a-4d1c-982a-2ab024b09105,7945174.525528691,7945176.168038232,7945184.053602167,6370,200,1.6425095414742827,7.885563935153186,160
f6ea4cc9-54bd-4113-95fa-d99ddd3cd9e6,23113312-0fad-4b80-b9f6-043b5ba0ffc3,7945163.525392731,7945167.8433568105,7945184.324738667,5942,200,4.317964079789817,16.48138185683638,192
32d2c769-9646-4486-8ae6-248e6dabe1c3,d252e60d-edab-4978-9586-9e14da1d1967,7945175.525243642,7945176.940082692,7945184.3848603135,5901,200,1.4148390498012304,7.444777621887624,192
eebca133-633c-4495-b6ca-1e15093684ca,8528c006-00f5-40f6-8a25-77286922ebac,7945170.525985279,7945172.296862536,7945184.78096543,2912,200,1.770877256989479,12.48410289362073,288
f10000f5-3244-4b8e-b07e-db10877631b4,3291f6f1-c2eb-4d6c-b558-efa5b3d71e8f,7945171.525546144,7945172.349632852,7945184.809942317,558,200,0.8240867080166936,12.460309465415776,160
2602ca2f-da87-4b93-9ae4-57b194573422,45009f05-8ec3-41c1-9f3b-4980b24bd25f,7945164.525363589,7945168.528488857,7945184.929871029,5997,200,4.003125268034637,16.401382172480226,160
35d68738-66bc-45a9-8255-f4e7e35a17ee,0555b9aa-3ca3-41a4-83ff-ba6c4dd616b2,7945173.525692798,7945174.195861173,7945185.10446737,5918,200,0.6701683746650815,10.90860619675368,224
4e82b14d-000f-46e6-9838-392dbc3caf47,19f80e13-e740-487c-a2fe-cf58eff93ac5,7945172.525688334,7945173.373026635,7945185.15823507,5960,200,0.8473383001983166,11.785208435729146,176
54eb6129-a5d2-46d1-b44d-6ee0a72a14a9,555a1a0e-792e-4747-8703-70ecbe872d60,7945172.525702014,7945173.77342015,7945185.184675178,3814,200,1.2477181367576122,11.411255027167499,176
46c4421b-cebb-461f-952b-1b17a4517c8e,ccce04d9-2f29-49f6-95f5-9876f1fbca73,7945172.525691609,7945173.776181239,7945185.187754533,3879,200,1.250489629805088,11.41157329455018,192
6dee39f5-048f-411b-91a3-2cf0895a0bdc,c4912c0a-1917-4901-aeba-06b519a9c680,7945173.525718052,7945174.15438434,7945185.214199942,4190,200,0.6286662882193923,11.059815601445735,160
59801630-1039-4121-b3e9-96491b4a810c,14a01310-08d8-4101-b64e-392c6c5a9e10,7945177.525206101,7945178.619568779,7945185.34772458,5796,200,1.0943626780062914,6.728155801072717,192
9fa83ec2-cd8d-4a67-b28c-fd4c65b28a0d,98bb6af6-6eb9-414f-b0e5-347f68e214d8,7945170.525972965,7945173.944829087,7945185.617570796,5989,200,3.4188561215996742,11.672741709277034,176
92af37aa-3e50-4657-9743-3581ead1f4e8,3863c8b2-df3f-4884-a3e4-1aacb3636b26,7945172.525698053,7945174.609108334,7945185.637112874,510,200,2.083410281687975,11.028004539199173,192
3dfaaca7-c96a-49c1-a917-fd965e15ed85,ce2a3b2e-a3d4-438b-8c8c-85e2f9567b51,7945178.525404056,7945178.767497778,7945185.797081605,2121,200,0.24209372233599424,7.02958382666111,192
537d1a3f-d3ab-44c7-aeae-9cd5e89707c8,41cce6dd-cab9-4cbe-851b-220d03250877,7945172.525682136,7945175.192747145,7945185.812528285,6131,200,2.6670650085434318,10.619781140238047,192
facfeb28-21bd-4bc9-b0a4-bdbeb40269ee,6ff4a32e-83d5-4950-a9e6-8c5da7c0e53c,7945175.525235085,7945175.9814473605,7945185.858949707,1569,200,0.4562122756615281,9.877502346411347,176
943f4c16-9eae-4015-a47f-c8e1c93b48f2,b2a73fb5-90d1-4be5-87bb-fdae89d6d738,7945178.525392933,7945179.077613173,7945186.165520031,5770,200,0.5522202402353287,7.0879068579524755,224
cbd48493-42fb-4d98-a038-f6f8f0b1a1ce,0f3f2660-cb81-42fe-9b2e-142cfb744ded,7945179.525524177,7945180.13735618,7945186.480850851,1013,200,0.6118320031091571,6.343494671396911,176
bc3d8484-bba4-4fae-9048-9ae6a0544ef9,5707dd1d-3bc2-4a67-a45e-321e76e74e30,7945174.525491137,7945174.834490549,7945186.630858148,2498,200,0.3089994117617607,11.796367599628866,448
6d809f9d-ab38-460d-94cd-dfa469231d72,20d00695-8e08-4f17-924b-926a9c74f1b9,7945174.525504753,7945175.417197761,7945186.652580504,3521,200,0.8916930081322789,11.235382743179798,208
0e2e4ea7-2083-4d4f-b0ac-d43f2d62e56a,a59111b4-1b04-48fb-a53b-3d5b62969d1e,7945174.525508006,7945175.417778774,7945186.654798465,3419,200,0.8922707680612803,11.237019690684974,160
41d9e4b7-29b9-4dd4-b4bf-b59a82a0b4b7,8309bfc3-eca5-4167-a795-d5d89381469a,7945174.525518399,7945175.581689203,7945186.675668704,3429,200,1.056170804426074,11.09397950116545,176
e36f6abf-d564-404e-9919-b5f032a50ee0,adf12826-add9-4cd4-bd47-2194a5a19109,7945175.525239987,7945175.806672236,7945187.103693013,2970,200,0.28143224865198135,11.297020777128637,224
2977e55d-2632-45b9-8fbe-62ac01a90bd7,11f3143e-3964-4b2e-9172-3c0a197bffb3,7945183.526100291,7945183.8700614255,7945187.173322179,2112,117,0.3439611345529556,3.30326075386256,176
76312850-0b28-4279-9954-7f340afe7cd8,bf146570-6c27-4f69-9186-954f2b838a95,7945176.526133637,7945177.21018323,7945187.244249714,2835,200,0.6840495932847261,10.03406648337841,288
d013ee67-dfc3-4c38-9d1a-045b64531150,e1135eac-1064-49ba-a7c1-5a74913bedcc,7945176.526149808,7945177.2075005,7945187.244776511,5746,200,0.6813506912440062,10.03727601096034,160
928bc521-a258-4226-9375-bc47bcf0fefb,c6e93bdb-1b75-49b3-89c0-6fca4b99a463,7945181.525514741,7945182.052431455,7945187.6696793325,3057,200,0.5269167134538293,5.617247877642512,2976
e0c21df5-5bf6-4894-869a-652e94125a4c,34b33563-67e4-4062-b712-54bbf6792573,7945166.525464308,7945171.3022954,7945187.952235804,3053,200,4.776831091381609,16.649940404109657,176
699ffeaa-4ca2-482b-a8c9-636c493a0b80,129d78a0-3363-4f67-b53a-9a7a41a3edf0,7945180.525490496,7945180.856356346,7945187.995586036,3034,200,0.33086584974080324,7.139229689724743,176
9443619a-7089-40d4-800a-c317c876fbb8,85553518-8e78-4758-b459-5e93a9c3be1f,7945180.52549408,7945181.275047467,7945188.0151392035,5770,200,0.7495533870533109,6.74009173642844,224
1b5f790d-3e06-4533-8517-0170ab4bffad,be45d1a5-2dee-428e-bdbc-7607d69a4368,7945174.525500858,7945175.098589816,7945188.0851655295,331,200,0.5730889579281211,12.986575713381171,192
6c141b98-37ab-4945-848b-4930ffa8e056,ce085c11-89ed-492b-a423-23ceb4fb69f5,7945182.525630278,7945182.85709808,7945188.361484949,3566,200,0.33146780263632536,5.504386868327856,224
ed254c30-9e90-4cd5-9ee3-34c4278684f4,745810c8-e96f-4eea-a072-511752a5b3d8,7945181.525509309,7945182.518112319,7945188.421800711,5960,200,0.9926030095666647,5.903688392601907,224
0c4823c5-8b6e-4063-9be6-85aa6864c8ea,b4ef18d9-d75f-4068-bbd0-93f7621419c3,7945183.526093116,7945183.870401392,7945188.928493166,1645,200,0.3443082757294178,5.058091774582863,192
0243b0d2-17fc-4cf2-9a97-25a15c1cb317,aa87f8e3-ab3b-4cf3-b3d4-fee2b6f02839,7945178.525400463,7945179.1448205765,7945189.161320133,6415,200,0.6194201139733195,10.016499556601048,160
5050e5b0-3f7c-4d3e-ab84-75cf2e526748,6e7c764b-76c2-4dc6-8a1f-6454d1e33509,7945179.52554824,7945180.392371596,7945189.209347258,2268,200,0.8668233556672931,8.816975662484765,192
a34ca2f7-f25c-4a58-ae20-e2c26b16cf6e,4118c47e-bc78-4a46-b2d4-e6b7e0e3c26b,7945179.525535439,7945180.397561655,7945189.213116071,2789,200,0.8720262162387371,8.815554415807128,176
cfcf4461-2a6e-44ab-974d-939eb9e96d6c,0c823c36-4c9e-42f3-a2cb-f9f292d0c461,7945175.525250468,7945176.439345825,7945189.236932943,429,200,0.9140953570604324,12.797587117180228,400
78949151-02d3-429c-b536-c492eb68cd90,6a1b0852-2faa-43e0-a4af-cb79f4e38636,7945184.526143907,7945185.270650345,7945190.032479023,5733,200,0.7445064382627606,4.761828677728772,176
c15899f9-8232-4bb7-aa1e-bb64aad681d1,a250e4c6-5ced-46f2-9201-044fa60f3870,7945169.525240167,7945174.279444207,7945190.243354858,5804,200,4.754204040393233,15.963910650461912,160
905c55d2-5c72-43ac-a052-fb25f080e2f1,d0407c26-66b6-4c04-bdcd-42c4cf762af0,7945170.525992037,7945174.894988079,7945190.85133452,1071,200,4.368996041826904,15.956346441060305,176
586073de-0114-4a06-ade7-e3454ada7ec8,406fc7fd-d2a5-420f-961b-1506a9707b16,7945178.52538321,7945178.722211627,7945190.922796963,1681,200,0.1968284174799919,12.200585335493088,192
7f8a0b72-0a80-44f4-a612-276a1091bfd9,09568944-6662-4e5d-8d54-0bff73d532f6,7945172.525671315,7945176.33438652,7945191.127433102,3477,200,3.808715204708278,14.793046581558883,192
725e3b64-13cc-4860-8ccc-21a3b6ac340f,07583164-3263-4e77-894a-da67b5fd9ffe,7945186.525257358,7945187.028293609,7945191.161309955,5755,200,0.5030362503603101,4.133016346022487,224
64198dba-9cbb-4fd8-8782-af6ee95ee68d,8797a59b-ae3b-4e72-b6ad-b0e2f7f7f714,7945186.525270406,7945187.026744377,7945191.162048511,2593,200,0.5014739707112312,4.135304134339094,2528
4f63e1b1-bc8a-490b-ab77-f948e069a685,1cf9087e-eba9-405b-8040-c7340cf6d3ce,7945179.525539467,7945181.056388473,7945191.351125117,4294,200,1.5308490060269833,10.294736644253135,192
d944d7df-ea32-442d-8906-4ab281a482ff,99a72f5c-3b3d-4bf0-8f1c-500013043e8e,7945179.525542721,7945181.055965072,7945191.35108093,4662,200,1.5304223503917456,10.295115858316422,192
74fb6b1d-a4bc-4339-b6fc-d9272f61a90d,2b3753bd-a6a3-47ab-a1c6-98604516c789,7945177.525197411,7945178.427902717,7945191.517806933,5797,200,0.9027053061872721,13.089904216118157,176
6f9f0a5f-aebb-47c4-95be-30da1d2dfc37,6ce68034-2f05-4ea2-a1d6-59175a0ef4b6,7945187.525780535,7945187.744041216,7945191.628636095,1860,200,0.2182606803253293,3.8845948791131377,192
c7e7c8b6-809a-429c-a638-7f8f0fdc1be9,24b8b9be-0eb0-4b6f-9fcc-939d4d3cbba2,7945181.525512123,7945182.589523599,7945191.808684666,5941,200,1.0640114760026336,9.219161067157984,192
14f2e661-8a54-40a2-b2e3-f5e55d8a5eb6,b816c539-2001-4206-bd73-937d1a845588,7945186.525274933,7945186.87756881,7945192.125745352,3549,200,0.3522938769310713,5.248176542110741,192
f61674d2-c894-4b72-83a4-b6d39d956f8a,177caf44-e560-4f63-9203-72a9c447600c,7945177.525184552,7945178.574781093,7945192.496038003,1244,200,1.0495965406298637,13.921256910078228,192
c5005cbc-5f6c-4b51-8aec-b95d0cb014ae,1edc951a-aeb3-46c2-b806-af9c028d1a18,7945177.525200194,7945178.573024682,7945192.493818903,5957,200,1.0478244880214334,13.920794221572578,176
f8d69c60-a6a7-4441-91cb-be24de5d0846,9501b8ca-1708-414f-8cc1-3f76c4e7d95b,7945177.525193627,7945178.924988305,7945192.933496763,5792,200,1.3997946782037616,14.008508457802236,224
42b37b1e-7081-457f-bdc7-9c2e4541a133,2fdd1598-2391-4e80-8c6d-7d62b2c2cad0,7945184.526147446,7945185.504586345,7945193.362415936,5744,200,0.9784388989210129,7.85782959125936,160
84aad6f1-6c81-4cc5-a53c-59e972fb6edc,206f0344-10fd-4960-a755-be0a3f6f3bbd,7945178.525397026,7945179.565926718,7945193.549612586,3113,200,1.0405296916142106,13.983685868792236,992
a1cbd407-9f14-4a1b-9b71-3eeff83d5728,09a114dc-9e26-41a2-9556-c7dda7572a3b,7945179.525545353,7945180.072545776,7945193.901006563,2549,200,0.5470004230737686,13.828460786491632,576
8f56ec4a-ac65-4e50-adfe-0e1d31b1c88b,228ef465-279b-4ade-bd61-c30c8bd530f4,7945190.525226721,7945191.048645228,7945195.28548249,2029,200,0.5234185075387359,4.236837262287736,224
7276140e-5998-4f2c-98ea-6651c05d9e39,0702b9da-c07d-42e2-9169-77753dd785dd,7945182.525634662,7945183.824180103,7945195.536174958,5184,200,1.298545440658927,11.711994854733348,176
0ac3d12d-3233-4b5a-ab3a-c5e7eed2b428,00047ef7-70cc-456c-a8df-ea8d09c3fc22,7945183.526081326,7945184.449076187,7945195.572957497,1685,200,0.9229948604479432,11.123881310224533,160
899e76c9-97f2-4754-aef0-bcc0c76650a1,878ecc65-caa1-4b04-9675-7658ee646019,7945183.526096784,7945184.449526147,7945195.572924757,1062,200,0.9234293634071946,11.123398610390723,192
cc438b04-9bd4-4cb1-a07a-65889ada45d1,3f3c8315-cf62-443d-9113-6b1611d32ae2,7945174.525510698,7945180.0638256725,7945195.608927207,5781,200,5.5383149748668075,15.545101534575224,160
e3a833bc-d335-4ad9-b34e-15eabc97fe3f,0f54f6fc-4671-42f5-b230-6e1ebb9c5019,7945174.525522125,7945180.061187093,7945195.605936989,1542,200,5.535664968192577,15.544749896042049,176
e65e0ac7-b0d9-4464-8a82-ac5843032aa5,7d15b216-bc39-4f34-b2b3-d676febee0a9,7945177.525203132,7945180.266550154,7945196.242740155,5643,200,2.741347022354603,15.976190000772476,192
afdb7d38-ec06-476d-a8a2-1ffce03968cd,11dfe4ca-c40e-4ec0-9baf-a1e65dd9a209,7945187.525787823,7945188.133174781,7945196.289079159,5749,200,0.6073869578540325,8.155904377810657,192
771a37f7-e1e7-4a55-a441-b91af653dce8,76bb886d-2e0a-4a82-b3e0-8ec5b6cbb908,7945187.525784282,7945188.133023935,7945196.290438107,1599,200,0.6072396533563733,8.15741417184472,288
a20950d1-216e-42b5-9893-14485587fa39,2c20a065-c138-459b-8f96-7e72ba4b2596,7945185.525706938,7945186.242494791,7945196.402067268,1428,200,0.7167878532782197,10.159572477452457,176
eed45da9-cdfb-44c3-81fc-c67386e62a13,98bb6af6-6eb9-414f-b0e5-347f68e214d8,7945187.525791578,7945188.054524546,7945196.678270271,6000,200,0.5287329675629735,8.623745725490153,480
c09bb4f3-06a0-401b-a644-dd47ee3e736a,e34e996f-101c-45dc-8a8e-19f367243ea7,7945188.525891061,7945189.95050143,7945196.828965747,5963,200,1.4246103689074516,6.878464316949248,176
b7fc11e1-94b0-4b11-9ba0-09d55c46a2f9,de1cb9d3-2a56-4689-8587-49e37031cda1,7945188.525878958,7945189.95287581,7945196.832989696,5898,200,1.4269968513399363,6.880113886669278,192
26f0ea5f-94df-4270-981c-4b0cad56764b,cccc9dbe-4502-4872-9b12-769d77673f1d,7945188.525896365,7945190.586980346,7945196.852931039,4199,200,2.061083980835974,6.265950693748891,160
76ad178e-9869-4569-b132-1dfbdc3d1c76,225b850d-04cb-4bb2-a5f4-075bea2e8f4d,7945189.526156644,7945190.638408666,7945196.870262026,5559,200,1.1122520212084055,6.231853360310197,160
8c7a295e-39b6-42d6-9813-f90fc6208bcf,a0da4e01-060a-440d-8dc1-a595bcd98d34,7945189.526159499,7945190.372583553,7945198.12699535,4362,200,0.8464240543544292,7.754411797039211,192
a8302e4f-32e5-4d31-81f7-42491796550e,26596bc8-98fc-45ee-b581-9a33b2b029ec,7945188.525901184,7945189.082213321,7945198.131802868,5624,200,0.5563121363520622,9.049589547328651,176
310f9b9b-d04d-4df1-99ce-bebdf2c16846,41d3f131-7b2f-4e66-a0da-63a5ca491feb,7945190.52524113,7945191.05556901,7945198.45218374,5878,200,0.5303278798237443,7.396614730358124,224
c28dae9c-7528-4af3-911e-c338c75c6257,e9ff9ac4-03c5-4847-adef-817376ec63f6,7945192.525536577,7945193.063341373,7945198.87413074,5902,200,0.5378047954291105,5.810789367184043,160
2fe0009f-dba6-4a79-83b0-dd30cdf500b4,078b06e7-ab7c-40cf-8562-23fdd95b649d,7945192.525540381,7945193.032589431,7945199.035096438,4161,200,0.5070490501821041,6.002507006749511,192
a04f8008-eae5-4e90-8add-080e0d0c99d5,59577ac9-a9d1-4bb2-ab3b-4f52b1dd4f35,7945191.525781176,7945193.032077378,7945199.036835558,4503,200,1.506296201609075,6.004758180119097,176
2dc4845c-8528-4153-bc7a-737026c8e708,c2e72b0e-4dc8-4346-9b0e-f3340ac9b38b,7945191.525784235,7945192.030202614,7945199.664066651,5567,200,0.5044183786958456,7.633864036761224,224
1170b8ad-e006-4b1a-bc48-90690ef094a5,4135428f-b4ca-46a0-8420-0d6f63676c09,7945180.52547854,7945184.859907995,7945199.8029955905,5948,200,4.334429454989731,14.943087595514953,192
91d54c57-e6f1-4791-b6ec-7f4b2983bdb4,393fae3d-bfae-4a69-9f62-03842f08111c,7945194.525531888,7945195.385770245,7945200.18149348,1685,200,0.8602383574470878,4.795723234303296,224
d95866b6-c259-43f9-9ac9-c6e569521c5e,254b4543-48a6-45a0-8dae-93a3653846fa,7945188.525898808,7945189.029985259,7945200.321493583,1634,200,0.5040864516049623,11.291508323512971,224
6c8f1dfa-fc19-4e6a-a857-a04d714255c3,221d81a6-a99c-48c3-979a-bed8b07c62dc,7945188.525894044,7945189.031478521,7945200.323342206,3868,200,0.5055844774469733,11.291863684542477,192
34796318-7ed3-4959-8bfe-33877ef2604e,8b954204-013c-45a1-8e64-22e99087578a,7945181.525499689,7945186.158122192,7945200.330581367,1822,200,4.632622502744198,14.172459174878895,176
08b2d471-55ab-4326-b63a-93690625a7a2,3485b619-1b37-4b4f-8e1d-8aa0da93e034,7945182.525601226,7945186.160770137,7945200.333024931,3035,200,3.635168910957873,14.17225479427725,176
ccb09798-9188-4054-8f9f-1f0dc042f515,699737bc-441f-47f1-9904-f0afd1b43316,7945182.525624597,7945186.929690366,7945200.50543941,5873,200,4.404065768234432,13.575749044306576,160
ea43e2ac-4fa0-45c1-add0-0cff7e645f7c,6e7ec47e-64f8-4ae8-b1f6-f08af017e765,7945188.52588778,7945189.1132380245,7945200.52120523,5925,200,0.5873502446338534,11.407967205159366,192
87ee8826-f317-4626-a32b-6930859db5fd,33c3cc74-1a2d-4e47-8145-2d41c0f30905,7945193.525664577,7945194.061412335,7945200.910077434,624,200,0.5357477581128478,6.848665098659694,176
3b9124fd-5edf-4789-aad2-dfc6a373a58f,955e558f-d908-48ba-88ef-03b1c7df7109,7945193.525660774,7945194.062334589,7945200.911277889,5586,200,0.5366738149896264,6.848943300545216,176
fabf2b36-18d9-440f-8f28-197ff97e02c2,0c823c36-4c9e-42f3-a2cb-f9f292d0c461,7945193.525627804,7945194.506514799,7945201.214465261,429,200,0.9808869948610663,6.707950462587178,416
db7c7870-3a4e-4ba6-b2bb-8fe452127c48,d6d22620-64b1-4f4c-bec3-3d7d2a775409,7945196.525453798,7945196.829660793,7945201.307990642,1378,200,0.30420699529349804,4.478329849429429,288
c3c6aa1f-d1a9-4ffb-8a5f-049d28e9bf6a,d0831b52-6c34-4ffe-9597-e33a682fe9b5,7945189.526152793,7945190.2587718135,7945201.369504345,1773,200,0.7326190201565623,11.110732531175017,176
e030f675-ec39-46c5-beca-2ddfdc0f9c29,3c4296a8-926f-480c-b2b3-10175aee4569,7945189.52616297,7945190.488974481,7945201.63742843,894,200,0.9628115110099316,11.148453949019313,192
03825cfb-6e9f-4ec3-ab7a-598f46813a4b,6017cef8-50a5-41df-9f81-1eda46f431a2,7945189.52614204,7945190.492475883,7945201.642855157,501,200,0.9663338428363204,11.15037927404046,160
a3c640db-7008-44b3-880d-e1983f17cec0,0db0ae50-2fa4-45f6-976a-f3c55882c59e,7945192.525518323,7945193.577576842,7945201.769321821,1413,200,1.0520585188642144,8.191744978539646,192
594b10b9-76cf-4945-b54c-645bf81d3076,3861254d-c2de-474d-bfae-fe68b5c47f8a,7945190.525215603,7945191.993125695,7945202.046631296,6000,200,1.467910091392696,10.053505601361394,160
cdb4e22c-8dda-4875-b650-40c6e047fd3e,e745e603-f865-408a-b118-27a9a860d30a,7945190.525232807,7945192.022750012,7945202.079384463,5974,200,1.4975172048434615,10.056634451262653,192
d471deb6-b0e6-472f-aad1-b08945889b78,0104d5da-d6e8-4faf-a555-f9f6d4a7bb8f,7945195.526026488,7945196.130334693,7945202.237125978,1180,200,0.6043082047253847,6.106791284866631,176
77cf42db-893c-4bb4-a47a-4aca87f2f000,1eee2215-7d45-4473-8835-888e43aa48d0,7945195.526010514,7945196.132692115,7945202.2395696435,5995,200,0.6066816011443734,6.106877528131008,192
38edcb74-493c-4167-bca9-21d1a91fc3a1,e6ba1ee5-2c27-4eeb-bda3-974d72158b45,7945184.526128668,7945187.958901222,7945202.608060667,1555,200,3.432772553525865,14.649159445427358,160
83ebb0c1-8302-436d-95be-03c81ac2b74b,206f0344-10fd-4960-a755-be0a3f6f3bbd,7945191.525763016,7945192.493558372,7945202.672214236,3101,200,0.9677953561767936,10.17865586373955,3072
1dc158eb-1121-4fce-9654-b30914c0a9d7,7410f9b3-d0f1-44ad-8b07-2f08d10d62d4,7945190.525235412,7945192.490500247,7945202.669776261,5963,200,1.965264835394919,10.179276013746858,192
c1a50982-6cdb-41ba-bdbc-c26707612927,10c59fc2-fb1b-44ba-b994-c622c482f958,7945191.52577857,7945192.932116565,7945202.699481677,2729,200,1.40633799508214,9.767365111969411,192
f3e31fc5-187b-4de9-9ef6-38120b505b53,9715b382-2207-4200-ae1a-d50a4de85d98,7945191.525770672,7945192.9371516965,7945202.701761191,2469,200,1.4113810248672962,9.764609494246542,160
2fc43367-f1e3-4d54-a055-9a5f12061d55,de6f9d63-58fa-4e36-abbc-5bc9309e6e21,7945191.525776636,7945192.937397397,7945202.700339125,5839,200,1.4116207612678409,9.762941727414727,160
0f554b4d-0de5-4a9e-9dd7-0f67310360a1,58f88d8c-e65d-4687-89ad-5e18453a92a5,7945192.525543845,7945193.548643509,7945202.718728599,2498,200,1.0230996636673808,9.170085090212524,176
6e6a19fe-a9d2-40fa-85d2-d67c6830cd7a,4b01567c-773e-4e5d-9dfd-7159a61aa362,7945192.525532529,7945193.551529607,7945202.723106105,4301,200,1.0259970780462027,9.17157649807632,224
30c37fcb-daaf-4c8c-9f75-df94338314a2,9fbec02d-9911-41d6-8baa-36a522f55af6,7945192.525547351,7945193.870417542,7945202.741194332,5904,200,1.3448701910674572,8.870776790194213,160
51d90a90-0654-43eb-8a5c-fca65ffe1a03,5e79a5ca-8bcd-424f-8bff-ffd216f91010,7945184.52614014,7945188.066200144,7945203.217409837,1541,200,3.5400600032880902,15.151209693402052,176
b94aee5e-5203-450e-9504-c21391a848a8,180db37d-6447-4813-8c8c-57e38b2e8569,7945196.525449921,7945197.469112557,7945203.226462108,5824,200,0.9436626359820366,5.7573495507240295,176
266f8041-0ac0-44d5-92ef-0d25b5944545,37b90b9b-6de7-4659-ba6d-75350a409e9c,7945196.525427755,7945197.171263764,7945203.390259615,5902,200,0.6458360087126493,6.21899585146457,176
1a7006e5-3581-42bc-947c-dae283d77559,f4a7afa1-476a-4b88-a383-3b4beb1da491,7945194.525538648,7945194.732895071,7945203.492953016,2176,200,0.20735642313957214,8.760057945735753,2160
9de45a8d-89be-480d-8ef4-3362af9879cf,3138a23b-5dd2-43f8-9fac-5c420b8bf6bc,7945196.525468051,7945197.323359845,7945205.094577209,1383,200,0.7978917937725782,7.771217363886535,160
f285d7c2-b06a-450e-8580-dd952b851c81,f69dcbd3-4c9e-47a7-a557-6f293de800ba,7945196.525461432,7945197.325557033,7945205.0979243,2529,200,0.8000956010073423,7.77236726693809,160
31a0057f-8e91-425a-8249-fe36f6d93c7b,33748c07-1927-42a2-a7bc-a67ebecdee26,7945196.525365573,7945197.330658692,7945205.1033248985,3087,200,0.8052931185811758,7.772666206583381,256
da2f8226-865f-4023-ae34-febff7b9a58c,4362c328-9eb3-4a33-a269-97c946d7258f,7945193.525668485,7945194.023023845,7945205.238768466,1301,200,0.49735535960644484,11.215744621120393,160
4b46c122-5fde-4fa3-baf4-d928c6117974,f927b9f5-ad9e-4f91-bbb3-a0ebff002d3f,7945193.525657636,7945194.028381943,7945205.246008503,4282,200,0.5027243066579103,11.217626560479403,176
79fb4ef1-1061-40c7-b97a-9b8bcc261013,cb11717f-7d06-4a74-b58f-3b3b2686cb99,7945193.525672703,7945194.682944922,7945205.261685049,5910,200,1.1572722187265754,10.578740127384663,224
1c914e8e-c877-4a04-98ac-b86ee6685245,9ebc396b-535c-45ea-a310-772e7ca70603,7945193.525675549,7945194.682423548,7945205.262466202,1720,200,1.1567479986697435,10.5800426537171,160
6d1cf3eb-2354-440e-8664-657f4b3950d8,b9a9be11-7f7d-482b-bca4-e11f3d9b519b,7945195.526035881,7945195.75537484,7945205.34021308,703,200,0.22933895979076624,9.584838239476085,160
c922a895-7e4d-43b3-88ec-338afbfc9a68,b5058d29-2d8e-4366-87a2-b76d642064a2,7945195.526032802,7945196.1393223535,7945205.36092881,5870,200,0.6132895518094301,9.221606456674635,176
de7e5bac-80d6-44d4-b20b-eeb0f3d77e81,490d6907-3b05-4b2b-891d-36751b955f0c,7945197.525540211,7945198.103537789,7945205.382756977,6513,200,0.5779975773766637,7.2792191887274384,192
fac89b88-3a05-432d-8a6a-608375c205b5,41cce6dd-cab9-4cbe-851b-220d03250877,7945194.525519549,7945195.144620837,7945205.452495376,6131,200,0.6191012877970934,10.307874538935721,6128
79666ec6-ca7b-4720-bea1-0f720215e8ca,cf101b17-a926-4606-a831-666c65d1ada1,7945194.52553539,7945195.143707943,7945205.454033041,903,200,0.6181725533679128,10.310325098223984,192
cd3a3cf8-0190-43b4-9b1f-e2a4c9c35a10,1500f391-4df0-4892-9706-50f8b97bafe9,7945187.525768387,7945189.191531409,7945205.61818536,4048,200,1.6657630214467645,16.42665395140648,176
a66468bf-5240-46a1-ac9b-ea342abb544a,09949374-a7ce-46b6-aa39-f07bd97c5592,7945198.525300293,7945198.876128711,7945205.954474717,2292,200,0.35082841757684946,7.0783460065722466,288
01938166-7add-43bc-9452-fd527d8b1164,eb6fc569-f517-4d51-9933-f67bccb33d30,7945196.525445333,7945197.604304071,7945206.316385954,5795,200,1.078858737833798,8.712081883102655,160
12b8864b-86db-42b4-9fe1-2962420ee4e3,11f3143e-3964-4b2e-9172-3c0a197bffb3,7945199.526209124,7945199.60352283,7945206.523200904,2271,200,0.07731370534747839,6.91967807430774,2080
ea9cd144-0e6c-412f-bb8a-b16bcfa2886e,eeecd121-eb60-4085-8cb4-cc428f8c6a23,7945199.526205771,7945200.061849875,7945206.576435282,5850,200,0.5356441047042608,6.514585406519473,192
dce778e6-cb90-4433-9c1f-388bbae69528,9709521f-0ab0-47fc-beee-1f3fefa5a01d,7945187.525795105,7945190.237434338,7945206.61625591,5856,200,2.7116392329335213,16.37882157228887,224
c39a838a-f4d4-4cc6-902c-b801959b550c,28fb12fb-b0a3-4c00-8606-abeb6200d6b0,7945200.525218357,7945200.73343424,7945206.679898694,1741,200,0.20821588300168514,5.9464644538238645,192
e58f58cd-ceb1-4de9-832f-f83e2dbe553c,5707dd1d-3bc2-4a67-a45e-321e76e74e30,7945199.526188763,7945199.735806951,7945207.042990781,2539,200,0.2096181884407997,7.307183830067515,288
d22fc259-a2ce-4782-820e-ba68da7d7d74,48bf1d41-819d-4951-b8e2-8c97d4fee09a,7945189.52616653,7945190.8495909795,7945207.118989926,5790,200,1.3234244491904974,16.26939894631505,192
5685c9ce-52aa-431c-b1f1-52558f12b08b,4b436671-49e3-47ea-bf69-8f27540a62a1,7945196.525464685,7945198.208584062,7945207.484331418,5870,200,1.6831193771213293,9.275747356005013,160
b992dda1-f27e-46a5-abbd-320a9f0e51d8,7130a567-3a9a-4453-8f82-99755c0b6a3d,7945197.525521264,7945199.449234612,7945207.548210295,2560,200,1.9237133478745818,8.098975682631135,192
af51fb44-b35e-4b4b-97c3-5161f301c008,b8a8c506-a4d7-4d39-80d8-cc59849f7d3b,7945198.525304024,7945200.0719052255,7945207.592570748,5894,200,1.5466012014076114,7.520665522664785,160
c91c66d2-6b27-458b-aa67-423f10038356,fcc8381e-ac9e-4517-ab01-4da4a2f9da2f,7945190.525238416,7945190.999170776,7945207.703961648,654,200,0.4739323602989316,16.704790871590376,176
d00a7b1b-6672-4470-914f-b689434c0b69,2f00ecb3-5431-475c-92c8-62f44e364157,7945190.525230073,7945191.002906333,7945207.708780539,1677,200,0.4776762593537569,16.705874206498265,176
d722f15d-110d-4783-8917-52c38be2c42a,20f7722c-257e-4fc0-a0ef-a9317d331594,7945202.525830482,7945202.981342729,7945208.179403952,2927,200,0.4555122470483184,5.198061223141849,256
cef436c4-6198-4b55-aaad-55fc5e52cb46,1d79fb13-96b1-4015-ab88-e7a78c4a8f39,7945198.525296708,7945199.2248414485,7945208.3872880535,4266,200,0.6995447408407927,9.162446605041623,176
28a21afe-ab7c-4e7e-b26e-a28507253ecd,c6b0082f-8512-4e8c-8158-de496426a922,7945191.525786423,7945192.887761463,7945208.432004092,3072,200,1.3619750402867794,15.544242628850043,160
fe63f22d-b346-4acc-a6cd-a4d076ae5bc2,7777a488-3ac2-4b02-969b-e0ea0ba67a03,7945191.525773757,7945194.020005743,7945208.4938302105,5160,200,2.4942319858819246,14.473824467509985,192
d4c0b979-b16f-4aa1-9a5a-be15f54ef7bb,68ef1c91-4802-41e0-b853-236b4633b854,7945196.525456943,7945197.708233756,7945208.517591554,3709,200,1.1827768133953214,10.809357797726989,192
1a2366d7-76ca-451a-90c5-41f1ac495c18,fe1e0c5d-10e7-4929-9ac5-fdfcf7cdfd90,7945196.525471819,7945198.33487139,7945208.558424081,5973,200,1.8093995712697506,10.223552690818906,176
72c6ffec-4671-4ea3-bf9a-515f3513f3f2,9c23d8ae-2e9f-48b6-9113-21e16faaa8a3,7945197.525533573,7945198.341803974,7945208.565657557,6324,200,0.8162704007700086,10.223853583447635,224
8ff611d6-69c2-4c4f-a12a-8bd495f17c29,6e74ee06-6ac8-4d04-9a46-51b1a783fe4b,7945197.525537126,7945198.488209047,7945208.597409443,2704,200,0.9626719215884805,10.109200395643711,192
ddb1f047-03c6-4d51-9b48-6212419d1b9f,143be7f0-1253-466b-8c15-f774f9af7401,7945203.525690496,7945204.064454793,7945209.183656658,5465,200,0.5387642970308661,5.119201865047216,224
c6cd1877-9904-4fb4-812a-5626d628e9d8,2bf939fd-19ed-4d6f-9dca-0ec7494b3733,7945204.525592044,7945204.9537902605,7945210.534345852,2630,200,0.42819821648299694,5.580555591732264,224
c158e8de-8a7a-4afa-92a6-830d68a5a82d,5d6da10d-9034-4976-aa0f-23090d00aa38,7945193.525653194,7945195.5060248375,7945211.601907494,658,200,1.9803716437891126,16.09588265605271,160
e685ff1d-f785-48f0-a58b-8f76c27018b5,44ee6759-afbe-4710-9a07-470754ee7588,7945203.525696925,7945203.979244072,7945211.699344123,4523,200,0.453547147102654,7.720100050792098,192
6502d935-8f85-4c45-a242-204a777b85ce,95a88be3-cccc-46e1-b9de-07405e0c8879,7945204.525563881,7945205.043889823,7945211.859108958,5972,200,0.518325942568481,6.8152191350236535,160
f9016485-d6ed-4424-823f-26dd3dc382f6,4b01567c-773e-4e5d-9dfd-7159a61aa362,7945204.525575133,7945205.1092852065,7945211.878886344,4533,200,0.5837100734934211,6.769601137377322,4272
6628b39c-356c-4093-9b8b-439a8ebf38db,3863c8b2-df3f-4884-a3e4-1aacb3636b26,7945201.525719206,7945201.930285008,7945212.004318457,510,200,0.4045658018440008,10.074033449403942,192
3eb1dc44-6231-4f31-b467-dbe80012281a,76503d6d-6696-4fd5-af0e-45bfc2fe4650,7945201.525698481,7945202.700310002,7945212.0810336815,5693,200,1.1746115209534764,9.380723679438233,176
2d687b3c-2a8c-4109-bf3f-b9c2a45b2162,c88e59fd-1b89-4a2d-a7bf-83f3412d2ac2,7945195.526022732,7945196.6932546515,7945212.101008502,3106,200,1.1672319192439318,15.407753850333393,160
e79cb940-2778-4c6c-a038-041ed4257eb8,c1b7bd9a-b619-4cf1-be42-c209db347bd5,7945195.526039364,7945196.689009143,7945212.096856619,3631,200,1.1629697792232037,15.407847476191819,192
4559cbae-f62c-4eae-b0e7-411f1922e91c,de94666b-c85d-4083-87ee-16e2f4efde62,7945195.526029629,7945196.694226816,7945212.103940407,1496,200,1.1681971875950694,15.40971359051764,192
fa072214-5758-4066-a04a-ab3bfc3dd8d2,8528c006-00f5-40f6-8a25-77286922ebac,7945201.525712668,7945203.3035970945,7945212.109979646,2922,200,1.7778844265267253,8.806382551789284,288
c6708360-56c3-4714-97dd-e0baed7591a4,eacc26c8-36c3-4905-b4ae-7c3f6f32cab4,7945201.525716766,7945203.303930461,7945212.109915626,5824,200,1.7782136956229806,8.805985164828598,192
e88c54c8-c4c9-4321-8a08-467d1f054ff7,d6d22620-64b1-4f4c-bec3-3d7d2a775409,7945202.525841867,7945203.726699254,7945212.129841712,1378,200,1.2008573869243264,8.403142458759248,1376
91606232-0dc8-4774-a404-28a9629e9e9d,c46f3433-c5dc-4f8e-8bd5-92b59359f093,7945203.525661749,7945204.347223961,7945212.154937112,2929,200,0.8215622119605541,7.807713150978088,192
54466544-c977-4c2e-9f4e-d88839477998,8309bfc3-eca5-4167-a795-d5d89381469a,7945204.525588773,7945204.846712146,7945212.4161269395,3429,200,0.3211233727633953,7.569414793513715,176
6277370f-9bd1-49a3-87fd-fb404f7b2c80,2bf1bfa4-49a6-40d5-bc93-aa7404cecb2a,7945202.525849366,7945202.73141875,7945213.089248373,1433,200,0.20556938461959362,10.357829622924328,160
bfb47f9d-e9d6-4e2e-b249-7517f3815875,6ce68034-2f05-4ea2-a1d6-59175a0ef4b6,7945203.525680686,7945204.620529852,7945214.215243387,1860,200,1.0948491655290127,9.594713535159826,1856
09025451-686c-48f1-8c17-fb37e24eb650,df0ec5e8-df47-40f8-bbc5-2489b9ff95bc,7945203.525700252,7945205.212773346,7945214.236776347,1313,200,1.6870730947703123,9.024003000929952,192
80136e50-5f1a-4d32-84c9-f15d57270e53,15229d22-b8db-4859-b05c-02bdcc0e3805,7945203.525684018,7945205.217788819,7945214.24103017,2409,200,1.6921048015356064,9.02324135042727,192
d5569456-1e4c-46e4-af7f-38c039fc30ad,07583164-3263-4e77-894a-da67b5fd9ffe,7945204.525582304,7945206.123430894,7945214.288144316,5729,200,1.5978485895320773,8.164713421836495,496
77d2f9c2-8552-4b46-ae03-afd2015fbf44,90cd916e-2987-4e81-8dfd-f79135d0d144,7945204.525594842,7945206.120948776,7945214.285333481,2272,200,1.595353933982551,8.164384705014527,224
a22e59ac-8e61-4448-ab3f-980e37b709a1,9bd61232-8caf-433a-bd02-304451d8e1ad,7945205.52599561,7945206.14305369,7945214.358644454,451,200,0.6170580796897411,8.215590763837099,160
e30ac52b-017d-4da5-b3c1-1bb42f1dfd22,61323445-bb9c-4486-9178-e666521fb517,7945206.525278019,7945206.950547868,7945214.467909782,2107,200,0.42526984959840775,7.51736191380769,176
f481d35d-00f0-4201-809b-dd5148c6460a,101492b9-9475-4eb9-99da-f208aba5c340,7945203.525677124,7945204.704449557,7945214.591526312,2208,200,1.1787724327296019,9.887076755054295,176
bcb0689f-1795-4c88-876a-eedcccea7401,d4986227-86cb-46de-8dd0-52206e7c68a6,7945203.525694028,7945204.702766557,7945214.58914199,5836,200,1.177072529681027,9.88637543283403,192
d7754dfa-9503-4933-9f5a-258c128df103,66f8daaa-1aa0-44ba-9a50-499c33dcb7eb,7945204.525579093,7945204.88141507,7945214.607648516,2450,200,0.3558359770104289,9.72623344603926,192
af84e443-71b1-43ef-ae61-bc059c13b5a8,568962c8-a085-420b-ba02-0899cc1b6f27,7945198.525282755,7945199.051628186,7945215.17686158,5593,200,0.526345431804657,16.12523339409381,224
42c93b7e-6567-4227-bc49-7da1790aedea,251488a3-474a-4d1e-86f6-49623c84f87d,7945207.526249868,7945208.016300164,7945215.318680581,5882,200,0.4900502962991595,7.302380416542292,160
4520333f-6f59-46d8-89ca-ced07a198273,d2f92852-26d9-43bc-8aaf-92b326f7584b,7945209.525536088,7945210.046904511,7945216.021499602,5999,200,0.5213684225454926,5.974595091305673,176
8decbfea-8eec-41c2-a9a2-d843b8cef753,888d1b4a-3dbf-4e29-9ea3-02e0203d227a,7945207.526240481,7945207.998169547,7945216.225200644,5768,200,0.47192906588315964,8.227031096816063,224
bbccf271-c47d-45cd-b9de-4a51d9e4f312,cdf3ae04-1fc3-4f8e-89b7-6d59f3657210,7945209.525474827,7945209.724511759,7945216.398722964,1996,200,0.1990369325503707,6.674211204983294,224
3f2cc90f-7c16-4a45-a431-51e98d15638b,daa40a1d-c651-45b9-88a6-579436a31650,7945200.525225324,7945201.2020775825,7945217.074631837,5858,200,0.6768522588536143,15.872554254718125,176
a0cd0427-9a85-4a03-89f5-f59dfbb3fc95,9eeb243d-a6b2-491c-adbd-d9d6024d23f6,7945209.525571564,7945210.029198352,7945217.247508252,5805,200,0.5036267880350351,7.218309899792075,176
a5ff9914-6f69-49d1-83aa-20cc5eb7673f,0abaeaa3-5b44-4c27-a767-f7146e195828,7945205.525986657,7945205.662136399,7945217.679963417,1048,200,0.1361497426405549,12.017827018164098,176
c979a1ad-8163-4173-8779-a2c01e3d6002,7d15b216-bc39-4f34-b2b3-d676febee0a9,7945202.525846139,7945203.857905971,7945218.458242772,5790,200,1.332059832289815,14.60033680126071,192
cce5f801-966f-417c-9d2b-ac04d43f7c7b,30ce9d58-97d0-429c-b6b5-fdf822a72a11,7945203.525687012,7945205.01754413,7945218.516434321,1257,200,1.491857117973268,13.498890191316605,192
c609ede6-1d7f-449f-b7a8-66fb2ad82372,6ff4a32e-83d5-4950-a9e6-8c5da7c0e53c,7945206.525193104,7945207.617064607,7945219.156971682,1569,200,1.091871503740549,11.539907074533403,176
8400aa05-9717-4436-855e-29ae1caa9093,f51dd809-cbab-4ec9-b546-6e8c9f459d48,7945207.526256775,7945207.85893333,7945219.180961508,3339,200,0.3326765550300479,11.322028178721666,224
afca1f8b-09f4-47b5-aaab-2a577b43f9af,ba9f17c3-1589-4db8-934b-e3536ecacf1d,7945204.525598323,7945207.111188011,7945219.42611519,589,200,2.585589688271284,12.314927178435028,176
d0f904c8-a6db-4fa0-8f80-419576420824,be530eba-376b-4e8f-ac04-19d4dbd07dab,7945206.525247174,7945207.7102369815,7945219.461415507,3984,200,1.1849898071959615,11.75117852538824,176
ffc4dacb-20b1-4e02-a26f-3727d2f7ddb7,7b2a082c-c976-422c-8a99-3799ab0b075e,7945208.525585261,7945209.033906775,7945219.46603568,5756,200,0.5083215134218335,10.432128905318677,192
093adf74-41cb-4347-8f01-884e5e6d9193,76bb886d-2e0a-4a82-b3e0-8ec5b6cbb908,7945208.525596234,7945209.566178996,7945219.491459891,1652,200,1.0405827620998025,9.925280895084143,1568
2534190b-316b-4f43-8d21-f234a833653a,19f80e13-e740-487c-a2fe-cf58eff93ac5,7945208.525592965,7945209.566400623,7945219.492315267,5960,200,1.0408076578751206,9.925914644263685,176
00ccf790-c1f4-47f8-bc1b-afd7300f6deb,4e92d555-04cf-4918-a790-ca12369ed8bc,7945210.52573935,7945211.238920759,7945220.048124425,5860,200,0.7131814090535045,8.809203665703535,176
44a962b7-450f-4f6a-8f7e-3cd6e47f7943,09f86892-013d-460e-90dd-32d2109938a8,7945210.525743295,7945211.594073935,7945220.075186687,6559,200,1.0683306399732828,8.481112751178443,160
18bd569d-2c78-43c4-99a0-560aaa4b1dc8,891583e8-f336-4c0d-9006-bc45c2c31f19,7945211.52592864,7945211.838185029,7945220.101956983,2767,200,0.31225638929754496,8.263771953992546,224
1dc706a3-f5f4-40d1-9887-5061897601c2,cccc9dbe-4502-4872-9b12-769d77673f1d,7945211.526014651,7945211.865764177,7945220.123126205,4199,200,0.339749526232481,8.257362027652562,4192
a7faaad5-c228-4b29-82c9-0a8c776a3da7,293f081a-8730-47d2-9b8a-df7eef9cb2eb,7945204.525585502,7945205.178902321,7945220.397328754,5914,200,0.6533168181777,15.218426433391869,192
88c17448-1309-47a7-b45f-fd02cb35bace,9501b8ca-1708-414f-8cc1-3f76c4e7d95b,7945212.525491133,7945213.529770259,7945220.878718679,5793,200,1.004279125481844,7.348948420025408,224
fdc987d6-b4d7-4855-8acf-b89cdbcd125b,613b35ed-e230-402d-9c6e-c846bdeb3aaf,7945212.52550798,7945214.135235274,7945220.899541008,1890,200,1.6097272941842675,6.764305734075606,160
9a22a90e-fd3e-434c-a0ad-f6d607b6f082,adf9f437-8f0b-4ccc-9250-359530498118,7945212.525494412,7945214.139498028,7945220.905221964,4156,200,1.6140036163851619,6.7657239362597466,192
64dcbf38-2ca3-4d65-a352-9f229ec39207,39deb51b-df4d-4f03-a622-ed792ae7b2ec,7945212.525501054,7945214.208769668,7945220.920563142,6015,200,1.6832686141133308,6.711793473921716,176
30295aea-4be2-4742-b8c7-4b0ef44d8d1c,be45d1a5-2dee-428e-bdbc-7607d69a4368,7945210.525729076,7945210.737440375,7945221.033586047,329,200,0.21171129867434502,10.296145671978593,192
77699a2d-4c3c-4c25-aab5-4d50ef2b20d0,8dade6a5-bf2d-40aa-a543-271cc7bb9712,7945208.525598667,7945209.6068915725,7945221.127579844,5823,200,1.081292905844748,11.520688271149993,160
166c02b9-9e4b-4151-be98-8abad1d2ca78,09a114dc-9e26-41a2-9556-c7dda7572a3b,7945214.525517291,7945214.989340878,7945221.328853854,2584,200,0.4638235867023468,6.339512975886464,0
4fa34d7e-a4e1-4dc2-b38d-0e95dc974e8d,b784492e-fbfe-4f5c-ad22-38777c9aa7a1,7945214.525615626,7945214.985458003,7945221.326562533,1291,200,0.4598423773422837,6.341104529798031,288
1fd07c43-2e6f-4b7d-8268-2580a2e26cd8,a797a020-2444-437f-9568-d6747acfe5a0,7945214.525611373,7945214.987026021,7945221.32978176,1016,200,0.46141464821994305,6.342755739577115,176
3609e717-5fa8-46fe-9f18-5b85ef1793bd,54ca873a-b6e7-43fa-9efe-962eafd821d0,7945210.525736163,7945211.466672073,7945221.331660045,571,200,0.9409359097480774,9.864987972192466,192
ff4394ac-687e-4fca-a53e-ed4e31c0509e,edb3862b-f606-4e5c-8e94-766f443c2f84,7945210.525732956,7945212.040220924,7945221.4469048595,5892,200,1.514487967826426,9.406683935783803,192
77347271-0cd5-48b2-a76f-223e324b3ebe,c4912c0a-1917-4901-aeba-06b519a9c680,7945212.525497588,7945212.944452278,7945221.520081156,4190,200,0.4189546899870038,8.575628877617419,160
432ce69a-3c0f-462c-b0ed-c6a45a05fa39,b580b064-e021-47e2-a51b-e64686077003,7945210.525746703,7945211.051403083,7945221.910441837,5819,200,0.5256563797593117,10.859038754366338,192
abbc02f8-b89c-40c5-9f90-f84d2c4b2cab,9be7a5b1-387d-4667-ab3e-b4601fda05fe,7945212.525486896,7945213.341896473,7945222.516391321,4961,200,0.8164095776155591,9.174494847655296,192
3f04929e-63f9-47a0-8e3d-ded04e904c68,2a200b0e-87df-47b7-81bc-39baf29c6b9b,7945206.525271742,7945207.027084887,7945222.550133835,5121,200,0.5018131453543901,15.523048947565258,192
e321662d-db16-41f4-978f-7f05f109650d,92c2ad05-69a2-48ed-a395-2c0a4761e8d9,7945206.525282247,7945207.026702863,7945222.550219151,595,200,0.5014206161722541,15.523516288027167,192
94315d2d-690a-4e06-9cd9-94b94438879c,84f9adef-1c1c-453c-86b9-3f8ad9f57251,7945212.525505157,7945213.032563074,7945222.560761561,5563,200,0.5070579163730145,9.528198487125337,224
79ddcb16-78c3-4e0e-acf0-8b546ddb9d00,c6e93bdb-1b75-49b3-89c0-6fca4b99a463,7945207.526253624,7945207.62006905,7945223.402250417,3106,200,0.09381542634218931,15.782181366346776,3008
ac8dbc3b-77e7-4616-9f78-5ad8ccd4bbdf,d0407c26-66b6-4c04-bdcd-42c4cf762af0,7945214.525570691,7945214.788391614,7945223.5919230515,1295,200,0.2628209237009287,8.803531437180936,176
0c82965d-92a3-4d35-ad2b-be0cc4f09458,85553518-8e78-4758-b459-5e93a9c3be1f,7945214.525601971,7945215.056778739,7945223.915286451,5758,200,0.5311767682433128,8.858507711440325,224
90528903-c8b1-4be1-9ac3-77a411a85246,2002ac2f-1022-4ba7-b8d0-7d2b9b49c4b7,7945213.526182408,7945214.165992519,7945224.287154772,5946,200,0.6398101104423404,10.121162253431976,192
77234419-f2c7-43a6-9e63-e4a6cf4b1510,61987c71-acc7-40c2-ace8-960d5d78fe3b,7945217.525464824,7945218.611748958,7945224.394012651,2947,200,1.086284133605659,5.782263693399727,176
247bdc8a-7876-4422-b6f2-23211d907db6,744f1fca-f13a-4e8e-b779-7c7d5ab37c92,7945217.525461808,7945218.613686889,7945224.398411505,3977,200,1.088225081562996,5.784724615514278,160
be4a4d97-4c63-43ec-949b-2891f28dd251,68cfd125-d1c7-4af5-add1-8ab587fd3cbe,7945215.525745229,7945216.065374946,7945225.028221759,6030,200,0.5396297173574567,8.962846812792122,192
4b345c63-e896-410e-adca-db696fa824fc,13c1e2ae-d25e-4f4a-b180-98e55510fe9c,7945214.525595465,7945215.345991584,7945225.183296496,1908,200,0.8203961187973619,9.837304912507534,176
9253e0d8-aa15-4227-8026-80238b531889,340b9709-19fd-4a04-9d62-c06b843bdf63,7945214.525606575,7945215.345734144,7945225.185107904,5776,200,0.8201275682076812,9.839373759925365,192
721f4feb-b216-4a23-a20b-91e52e63ff7f,2f00ecb3-5431-475c-92c8-62f44e364157,7945215.525752153,7945217.668584854,7945225.200665359,1888,200,2.1428327010944486,7.532080505043268,176
76f3bfaf-26dd-400a-9ccf-3dbaa119117b,4135428f-b4ca-46a0-8420-0d6f63676c09,7945215.525749159,7945217.669825229,7945225.203163745,5948,200,2.144076069816947,7.533338516019285,192
5abdb8a7-41ca-42a5-8216-c90953f3cd54,33748c07-1927-42a2-a7bc-a67ebecdee26,7945216.525804665,7945217.233615099,7945225.215790849,3087,200,0.707810434512794,7.9821757497265935,3072
5074ae2c-638a-4f1a-b34f-ec594f2b4dbc,ce085c11-89ed-492b-a423-23ceb4fb69f5,7945216.525808732,7945217.233180792,7945225.215949275,3734,200,0.7073720600455999,7.982768482528627,160
5e8944fb-9f21-4135-9b62-4b87d546edfb,fcc8381e-ac9e-4517-ab01-4da4a2f9da2f,7945217.525455004,7945217.760935086,7945225.243238045,832,200,0.2354800822213292,7.48230295907706,176
e1172d56-166f-44a4-b0b5-e921034fe8cf,dd5d15d5-6aa3-4fac-9f49-55a663b9c877,7945216.525777884,7945217.533413786,7945225.335917831,4516,200,1.0076359026134014,7.802504044957459,192
f1ab6723-9e12-4c2c-947a-851c0476186b,d34ef4f4-832b-4682-9b3f-4e15cf871b7a,7945216.525702683,7945217.534668952,7945225.337401787,2575,200,1.0089662689715624,7.802732834592462,192
dea508a6-1b83-40fe-abe3-ba2cdf3f7e3e,24b68f03-c2a5-41eb-9a8b-7465c5d30b08,7945217.525458482,7945218.392085514,7945225.389420111,5866,200,0.8666270319372416,6.997334596700966,160
747fca13-caf0-4252-b3df-3817db5129fd,d6267942-94f7-4bc7-a981-0011f37d47b7,7945217.525439868,7945218.25070738,7945225.501398072,3277,200,0.725267511792481,7.250690692104399,176
93f7d501-dbec-4412-a09f-602fc95d285d,87314585-0afd-4ab0-bd35-e2fc49ee41f3,7945217.525451168,7945218.249629481,7945225.500280846,2661,200,0.7241783123463392,7.250651365146041,176
4859841f-78fa-45ad-920f-fae2667d7757,ee778cfe-6e72-422a-84c3-fb181f903f54,7945215.525731587,7945216.247619882,7945225.525625531,6208,200,0.7218882953748107,9.27800564840436,192
f6b95999-a745-49fb-aadd-5af5f67731cf,61da347d-e982-42dd-92bc-c0eeeaf1345b,7945215.52574146,7945216.88625012,7945225.571156771,5846,200,1.3605086598545313,8.68490665126592,176
991e2dbc-8f62-4b71-ad3a-a9c031a2b38b,3b836c60-9002-4cd7-aca0-174a917b2d5f,7945218.525424451,7945218.739009193,7945225.57404802,1449,200,0.21358474250882864,6.835038826800883,160
f138e33f-acd2-41cd-a6c1-635a2b2ed200,a6e68dd7-f304-4251-97d4-a49619a5bcc9,7945218.525463121,7945218.80205205,7945225.593294346,930,200,0.2765889288857579,6.791242295876145,224
b8900946-a8d9-40da-902b-ca01e3f3a43b,026bb0f7-50da-44b8-b0f0-4302c183ca61,7945216.525800078,7945217.664222806,7945225.608831392,5870,200,1.1384227275848389,7.944608585909009,176
dfbf6f65-6b9e-4a5c-a68f-dd21cb1fb08a,e4055763-dcd0-4e11-99b3-4b8d69dbb4f9,7945219.525642648,7945220.159460085,7945225.643276487,6373,200,0.6338174371048808,5.483816401101649,192
a4f54458-fba3-4674-ba07-dd05015af5b0,b2a73fb5-90d1-4be5-87bb-fdae89d6d738,7945209.525564954,7945210.039463795,7945225.983636858,5770,200,0.5138988411054015,15.944173063151538,224
b692fb0d-afbb-430a-8a45-f5f0ab3745fd,90eac966-f9f9-4b13-840f-dcacc715be88,7945220.525512206,7945220.854624704,7945226.014190805,3480,200,0.32911249808967113,5.159566100686789,160
1520647f-57e4-4bfc-986a-e454f8f9c709,0f54f6fc-4671-42f5-b230-6e1ebb9c5019,7945220.525506553,7945220.960049174,7945226.583649102,1699,200,0.4345426205545664,5.623599927872419,176
3b4d62a4-7e15-45c0-81a8-7fb4a5bdf3b0,4bc56cea-5d7e-4140-9532-23e375f8878d,7945218.525452039,7945218.809334477,7945226.780668036,2657,200,0.28388243820518255,7.971333558671176,288
527e87a3-346d-47b4-8568-c26f9148bf17,4aa6d1ca-a898-4289-ac15-564eb35718cc,7945210.5257154,7945211.248482463,7945226.800566387,1667,200,0.722767062485218,15.552083924412727,192
a46f4cf3-c656-4487-ba7e-25b7422c85e5,60779b03-9d6c-4916-8ac1-b7e67f79f34a,7945218.525458496,7945219.087291696,7945226.804319108,3989,200,0.56183320004493,7.717027411796153,176
a3eee97d-17a0-4fdd-ad32-05cf9f5fcf70,a3b74f4a-c4bb-40a8-b686-0af4040fecd6,7945211.52598913,7945212.184485152,7945227.338263663,1866,200,0.6584960222244263,15.153778511099517,192
f737f364-b1e1-40c9-b96e-c5a9ab06ae0f,6f4eba68-8153-48fe-91eb-33fdf7098dd6,7945221.525822274,7945221.9996653525,7945227.559947388,3050,200,0.4738430781289935,5.560282035730779,176
011cb040-086a-4714-9148-90cd926eb88f,45ac57c2-a030-4b76-ba65-de45cfa1b3ec,7945221.525818652,7945222.000715276,7945227.561597581,2389,200,0.4748966246843338,5.560882304795086,224
1515356a-cb20-405a-bd9b-7792e9e14437,e8935aed-8406-486a-82de-949afd4e6890,7945217.525468145,7945218.078626516,7945228.2216279935,4931,200,0.5531583717092872,10.143001477234066,160
7d1daa83-4133-4f42-8c18-611550b2413a,fd82a8cd-78fd-420a-8fc2-33f1b6ac7ba6,7945221.525813521,7945222.071732564,7945228.618498927,1410,200,0.5459190430119634,6.546766363084316,192
ceea9b85-5011-4c8f-a932-d33bcf456c8e,2b3753bd-a6a3-47ab-a1c6-98604516c789,7945219.525656029,7945220.258776274,7945228.995621174,5714,200,0.7331202449277043,8.73684490006417,176
ddf50f6f-9268-494b-9092-c12693b73b35,bb51e9bb-6a53-4f36-a01d-3fbf9732a874,7945212.525474834,7945213.128911557,7945229.10750438,6511,200,0.603436722420156,15.978592823259532,192
2009c81b-2e9e-4cc5-bb97-0172bddf744c,f69dcbd3-4c9e-47a7-a557-6f293de800ba,7945222.52551813,7945222.930692147,7945229.123406552,2529,200,0.4051740178838372,6.192714404314756,2528
d37913f8-ff6c-439b-b468-4646ad27d8bb,5d903382-2f71-42b7-b9dc-4bc5c6d052a8,7945222.525462553,7945222.7244732585,7945229.149727249,1264,200,0.19901070557534695,6.425253990106285,160
a61babe4-bf02-42dd-9d4d-e32fd149d881,adf12826-add9-4cd4-bd47-2194a5a19109,7945222.525538768,7945223.120936018,7945229.171278076,2970,200,0.595397250726819,6.050342057831585,224
60c182cd-7efa-431d-8c9b-d433426be4c7,206f0344-10fd-4960-a755-be0a3f6f3bbd,7945222.525551742,7945223.116994731,7945229.16762114,3105,200,0.5914429891854525,6.050626409240067,288
22077756-fa9e-43b4-b291-d8840af72a77,87ba21e2-ff9b-42d6-827a-0e6c8ff6b22b,7945218.525471182,7945218.9416938955,7945229.848825607,4032,200,0.4162227138876915,10.907131711952388,192
29e0f40d-78df-4be2-9c7e-a4456c8b5f97,90cd916e-2987-4e81-8dfd-f79135d0d144,7945218.525467289,7945218.942859643,7945229.85194869,2272,200,0.4173923544585705,10.909089046530426,2256
cfea8f8a-e811-43cb-9cf4-592d69c6217b,09a4736f-8ec3-4c07-8623-951bfc6297d0,7945219.525658627,7945220.862170345,7945229.979605022,1531,200,1.33651171810925,9.117434676736593,176
c7a6d553-7f8f-491b-bda7-091b86580ca1,6dfa98e6-214e-4e45-89e7-2d94868fd2cb,7945220.52550324,7945221.2008714955,7945230.145621209,1590,200,0.6753682559356093,8.944749713875353,160
d8041787-c285-4cc6-8a71-1664573f4f20,406fc7fd-d2a5-420f-961b-1506a9707b16,7945220.525491928,7945221.202509191,7945230.153465034,1845,200,0.6770172631368041,8.950955843552947,192
15bee3d4-d02a-4ac5-a23d-42aa9804db92,3291f6f1-c2eb-4d6c-b558-efa5b3d71e8f,7945221.525796357,7945222.126559732,7945230.59799259,678,200,0.6007633749395609,8.471432858146727,160
4e1869c2-a8fc-4c7b-928e-1fed3339801c,57f7a3e9-60cc-4567-8919-92cabd76d7b4,7945221.525750307,7945222.128199012,7945230.601455875,5939,200,0.6024487046524882,8.473256862722337,192
25a8ed1a-06ab-4ddc-b208-c5cc3cb3dfed,ec50982c-ca10-444e-94f1-b80515aa4a74,7945224.525443885,7945224.939697908,7945230.615297536,2790,200,0.41425402369350195,5.675599628128111,192
87dcd072-6bee-498e-b79f-bee82f6a8ce5,555a1a0e-792e-4747-8703-70ecbe872d60,7945221.525826192,7945222.406447008,7945230.623778894,3975,200,0.8806208157911897,8.217331885360181,176
040fdbe1-76c9-45ad-982f-3d62efafa0c3,d1752466-c0f7-4061-b019-7354f72bcec8,7945222.525555815,7945222.965157444,7945230.841652827,2120,200,0.4396016290411353,7.876495383679867,160
5915ebe9-f7dd-4b5c-8b48-bee059297337,5707dd1d-3bc2-4a67-a45e-321e76e74e30,7945222.525547851,7945222.965738598,7945230.844005843,2548,200,0.44019074738025665,7.878267244435847,288
5d762306-7be1-4c71-abdd-0288504cb4ff,59577ac9-a9d1-4bb2-ab3b-4f52b1dd4f35,7945222.525543516,7945223.1638986645,7945230.911023068,4700,200,0.6383551489561796,7.747124403715134,176
4d3b045d-8e2a-4817-9ac0-e953dfd1cf01,129d78a0-3363-4f67-b53a-9a7a41a3edf0,7945222.525559393,7945223.161630579,7945230.909470366,3034,200,0.6360711865127087,7.747839787043631,176
947e4fd7-db47-47ec-9b08-ecca0687c435,b8a8c506-a4d7-4d39-80d8-cc59849f7d3b,7945218.525352605,7945219.109922343,7945231.319137604,5839,200,0.5845697382465005,12.209215261042118,160
04d741e7-0e24-418b-a4a4-54d65fcaa2a9,af9c922d-c05f-4eec-92b6-bef7e973cb60,7945223.52577039,7945223.803609606,7945231.375803811,2221,200,0.2778392154723406,7.5721942046657205,176
5474c71d-5b82-48ae-8213-724b899f89c1,b722212a-bf93-49dd-a1e2-451abc2fdeb6,7945225.525512173,7945225.835447801,7945232.479388005,3217,200,0.3099356284365058,6.643940203823149,176
e819c15f-ad41-4b26-8dfc-645569e5e327,ce2a3b2e-a3d4-438b-8c8c-85e2f9567b51,7945224.525440641,7945224.761220326,7945232.4855939625,2123,200,0.2357796849682927,7.724373636767268,192
f2a896eb-5d42-4f30-b21e-95d830fa0c31,bf146570-6c27-4f69-9186-954f2b838a95,7945225.525525123,7945226.057298413,7945232.497370234,2893,200,0.5317732896655798,6.4400718212127686,288
4276f09c-8861-4bd7-aa56-54f206eaa5e4,ebc1bd6d-7595-44b8-aea6-16cbbb5b8d55,7945219.525652707,7945220.833569299,7945232.560542587,5850,200,1.3079165928065777,11.726973287761211,160
ecfd3f25-d940-481e-ba88-87d67622023a,b10a9021-6725-406e-bf3e-52d781a3515d,7945226.525429131,7945227.062417682,7945233.2519260235,5795,200,0.5369885507971048,6.189508341252804,224
c5d2b63d-3486-4fd2-ba12-40afb3c91016,6a1b0852-2faa-43e0-a4af-cb79f4e38636,7945225.52552878,7945226.03562424,7945233.35341176,5788,200,0.5100954594090581,7.317787520587444,176
bf61db43-5b3a-48a6-92f5-20629eb8ac8c,9da95b3b-d872-4e1b-a2e9-8b4ebabce143,7945225.525532899,7945226.2385279825,7945233.374315021,2547,200,0.7129950830712914,7.135787038132548,176
2465a7a1-4174-42fe-b796-68f130dd4c5c,bd67cc46-093a-4a92-ac33-a721a9f17666,7945219.525661073,7945221.956016708,7945233.426810563,3681,200,2.430355635471642,11.470793854445219,176
cb4dd637-a58a-4336-9168-8547da6e47de,c6e93bdb-1b75-49b3-89c0-6fca4b99a463,7945220.525509135,7945222.504434283,7945233.455380727,3171,200,1.978925148025155,10.950946443714201,3072
da6d498c-abdc-421a-bad7-f9174eae6733,7ba0da8a-0f56-4c28-b2a7-81100b97567a,7945226.525449034,7945227.079672647,7945233.906753149,5986,200,0.5542236128821969,6.827080502174795,160
45d95afa-890a-4fbc-a2fc-1b0a997aff09,b4ad3519-77e6-4e98-8466-fca926aa6bc8,7945223.525786833,7945224.840184483,7945234.529552967,5918,200,1.3143976498395205,9.689368484541774,160
cd56bef8-87e1-40a0-ba92-1674c37a2c93,df0ec5e8-df47-40f8-bbc5-2489b9ff95bc,7945229.525214516,7945229.853477503,7945235.448774983,1476,200,0.32826298754662275,5.595297480002046,192
d64505a2-3448-4c2c-9801-dcc648a32451,0c088333-cd29-4f23-8a4a-0cf56c813650,7945229.52520901,7945229.855844671,7945235.451261309,1131,200,0.33063566125929356,5.595416638068855,160
9fa8af6e-8391-4e26-98ae-b13fda0dc4c4,c5d2fff6-6dfa-4383-a191-1256acb84d4d,7945223.525782874,7945226.3477981305,7945235.479216927,1421,200,2.8220152566209435,9.131418796256185,192
26af47ad-a58d-415e-b75b-05b96d91daef,6e7c764b-76c2-4dc6-8a1f-6454d1e33509,7945224.525428819,7945224.789307671,7945235.499906229,2450,200,0.26387885212898254,10.710598558187485,192
bff6c674-3cb5-4f33-b413-099303ea1175,5c3e8855-2ec4-4575-b4e5-b5c5390ab615,7945224.525437427,7945224.680714815,7945235.650638187,743,200,0.15527738817036152,10.969923372380435,192
f0457bc3-9a37-4a63-90fc-1ed3ec6b32d9,0de7ed8f-6b99-4f34-ba0a-d898a14fe04f,7945227.525417645,7945227.927265008,7945236.021629963,4415,200,0.40184736251831055,8.094364955089986,224
42fa050e-1976-4a85-8a34-582fc28b0a81,d6d22620-64b1-4f4c-bec3-3d7d2a775409,7945228.525288754,7945228.696627697,7945236.141217977,1434,200,0.1713389428332448,7.444590279832482,288
a5eb9cce-5869-469b-9477-eecf7b57154f,c46f3433-c5dc-4f8e-8bd5-92b59359f093,7945228.525303537,7945229.3015530845,7945236.1572966995,3075,200,0.7762495474889874,6.855743614956737,192
99b069c9-5d53-4171-9865-249c1fad5489,1d803b13-be9f-4e66-8c79-38894ebdad27,7945227.525421027,7945228.294349097,7945237.187200698,5933,200,0.7689280696213245,8.892851601354778,160
f48b537a-6815-4262-a416-afa2bd735d22,ffa8cb2b-5eef-4185-a4ef-6d4f64d0fb00,7945225.525521733,7945226.192783673,7945237.296560389,5295,200,0.6672619404271245,11.103776715695858,176
488f89bf-4c8e-4a33-b1dd-67b49549ba88,6ede9dcc-e033-4f78-82f1-d3939e868ed4,7945227.525424133,7945227.615747341,7945238.282562528,371,200,0.09032320789992809,10.666815186850727,192
721eb313-fc64-4493-8274-d556b9cdf3d2,fe1e0c5d-10e7-4929-9ac5-fdfcf7cdfd90,7945226.525374133,7945227.077419314,7945238.29005507,5973,200,0.5520451804623008,11.212635756470263,176
28b1be10-6705-4207-8750-2c6515b9e582,dd622ab2-fd72-42e0-8331-76a985d5a731,7945226.525458351,7945227.717442505,7945238.314744321,5799,200,1.1919841542840004,10.597301815636456,192
019291a4-d8fb-412c-ae00-944987b27cf9,c6e93bdb-1b75-49b3-89c0-6fca4b99a463,7945229.525219724,7945229.658371984,7945238.3230015,3219,200,0.13315226044505835,8.66462951619178,3120
4d945d85-3eb2-4dd3-9bbb-6b61db08c65f,6e872f5a-b705-4650-b45d-48a9ce29bdc0,7945226.525454665,7945228.355954419,7945238.341155165,5973,200,1.8304997542873025,9.985200745984912,160
a43579e2-417d-4422-8beb-645d87df8611,6e7ec47e-64f8-4ae8-b1f6-f08af017e765,7945227.525408025,7945228.988653151,7945238.3699476095,5893,200,1.4632451264187694,9.381294458173215,192
22feec59-47b9-4129-8883-8c1f085f4ef0,6ff4a32e-83d5-4950-a9e6-8c5da7c0e53c,7945228.52530965,7945229.286241776,7945238.394890662,1569,200,0.76093212608248,9.108648885972798,176
03271435-87db-44a8-8723-02766005c3a7,fc4a813c-4045-45bf-af61-879c3dfae67e,7945227.525427801,7945227.959537454,7945238.502165085,4609,200,0.4341096533462405,10.542627630755305,192
6b7a08e9-6acf-43bb-9f89-643d5e7c8148,09a114dc-9e26-41a2-9556-c7dda7572a3b,7945230.525273499,7945231.236435717,7945238.628802043,2578,200,0.7111622178927064,7.392366326414049,576
bbeb03ba-7579-4dda-b4ee-de79eeeec509,19263e45-89bd-4a00-a708-a3bf3f0e3af5,7945230.525259771,7945231.012601598,7945239.185693381,2712,200,0.4873418267816305,8.173091783188283,160
d46608e5-0b47-40a7-904a-375044134225,3e3eb2e7-bab1-41c8-a054-1a4c6103ce74,7945231.525979317,7945231.941017032,7945240.076349466,5043,200,0.41503771487623453,8.135332434438169,192
4c54da13-ca04-41c0-a267-31f9c60f375a,b2a73fb5-90d1-4be5-87bb-fdae89d6d738,7945232.525594954,7945233.062870053,7945240.655957848,5694,200,0.5372750982642174,7.593087795190513,224
848d505d-6fde-47dc-8f6f-7481c5f9a779,8528c006-00f5-40f6-8a25-77286922ebac,7945232.525583006,7945232.814236972,7945240.680659147,2896,200,0.2886539651080966,7.866422175429761,288
602af145-885e-4c6b-a39d-8a0c8eb87f0a,26596bc8-98fc-45ee-b581-9a33b2b029ec,7945229.525211839,7945230.666734679,7945241.3931744,5616,200,1.141522839665413,10.72643972095102,176
e49f5d94-6d70-403f-b3c5-996021d87e86,9cabc10f-e27c-45d0-91c6-3489b856ccaa,7945229.525217358,7945230.41771874,7945241.998234492,6736,200,0.8925013821572065,11.580515751615167,224
1a2c19ee-564a-4f83-98b2-5c19d0de36fc,3863c8b2-df3f-4884-a3e4-1aacb3636b26,7945232.525607222,7945233.10719908,7945242.099035675,621,200,0.5815918585285544,8.991836594417691,192
d1ae6688-b57f-4d71-9a7f-3236fecdb76d,dd9ea9a3-df79-4beb-9253-a4e4f79dc698,7945233.525429962,7945233.798211673,7945243.054916682,2642,200,0.27278171107172966,9.25670500844717,176
aeced23f-17a3-4f5b-854d-8371c7b72c50,206f0344-10fd-4960-a755-be0a3f6f3bbd,7945233.525439951,7945233.792751488,7945243.287562112,3094,200,0.2673115376383066,9.494810624048114,992
abc7d2db-5399-4f0e-8c6a-edea16647de1,e94e4bac-5b89-4ab4-88e0-56a0d3a77778,7945233.525447348,7945234.221776175,7945243.309921971,5862,200,0.6963288271799684,9.088145795278251,176
7646f9fd-278b-4b9c-9f5c-acda3296505e,601c4cdd-f169-4ed7-8543-8969e14e1583,7945232.525601631,7945233.20597924,7945243.354159607,1222,200,0.6803776090964675,10.148180366493762,288
6c533f52-d4fa-43ff-a1d2-91912179042a,4d671de0-7fb9-47ae-a6d5-487fdf4f5fa2,7945232.525604456,7945233.710130582,7945243.378147014,5866,200,1.1845261259004474,9.668016432784498,224
4f33b298-1b4b-4b9f-b173-96bc3edbf09d,f4a7afa1-476a-4b88-a383-3b4beb1da491,7945232.525598612,7945233.71110974,7945243.380241653,2176,200,1.1855111280456185,9.669131913222373,176
94899051-1ff9-4cc2-bf7b-4cf2fb1d1608,28fb12fb-b0a3-4c00-8606-abeb6200d6b0,7945233.525414609,7945234.305067916,7945243.412872193,1729,200,0.7796533070504665,9.10780427698046,192
45bf7302-87df-4546-9559-74d4c0cc1cd2,24b0cd79-26b1-44c9-b214-a19c9d3431a4,7945233.525433782,7945234.573165509,7945243.427089574,2582,200,1.047731727361679,8.853924064897,192
0cd5a0d0-75fc-415c-a523-cb11f09646f1,a25e3df9-dbff-4d55-96a3-c6f85b4f539a,7945233.525436856,7945234.572256881,7945243.427161119,4691,200,1.046820024959743,8.854904238134623,192
4f5ca239-af9f-4101-aa89-6194d34168ac,5707dd1d-3bc2-4a67-a45e-321e76e74e30,7945233.52544375,7945234.2258581305,7945243.434518245,2554,200,0.7004143800586462,9.208660114556551,464
20147cca-c0db-499e-98df-08212041388f,7ab4da07-486e-454b-80fe-4ffd8f3dc847,7945234.525258575,7945235.025499615,7945244.1562532,5972,200,0.5002410402521491,9.130753585137427,224
ceb37915-bca1-4846-943b-6f4acb38b6fa,a38ff0f4-9a87-4b3e-ba7b-d29d5423b7ee,7945234.525255157,7945235.6694407165,7945244.18258402,5923,200,1.144185559824109,8.5131433038041,176
2f12e297-ead1-46b5-ad43-cd8eea6dc187,7075cad3-2525-43f8-aee5-71a12c73167e,7945235.525387032,7945235.9461317975,7945244.208853417,3226,200,0.42074476554989815,8.262721619568765,160
31306fce-da9a-46f0-8d2f-f23d92b91e88,bf146570-6c27-4f69-9186-954f2b838a95,7945235.525399194,7945235.944981217,7945244.208499524,2949,200,0.41958202328532934,8.263518306426704,2864
08e83bae-47bc-4252-8b59-c06b2a7f94f4,41cce6dd-cab9-4cbe-851b-220d03250877,7945235.525401785,7945236.151913196,7945245.060375141,6176,200,0.6265114108100533,8.908461945131421,192
2b942e7b-6e0e-4669-be80-744d33650097,33748c07-1927-42a2-a7bc-a67ebecdee26,7945237.525471762,7945238.258354839,7945245.167673688,3087,200,0.7328830771148205,6.909318849444389,256
2ec64df8-3ebc-42f8-8bf5-b03533cafef2,a250e4c6-5ced-46f2-9201-044fa60f3870,7945228.525307021,7945229.405640532,7945245.348096122,5714,200,0.880333511158824,15.94245558977127,160
006ae4c4-18ea-46be-b271-1dc8463cddb3,e8935aed-8406-486a-82de-949afd4e6890,7945235.525396357,7945235.650154748,7945245.351954158,4931,200,0.1247583907097578,9.701799410395324,4928
061eed80-9682-405b-9eb2-5e1416f3bc30,d656f1dd-d1f7-433e-b872-647096358cf9,7945238.525230192,7945238.691761222,7945245.414392071,1554,200,0.1665310300886631,6.7226308491081,224
f0837cb8-c1d6-47d7-8989-a559b9199f2b,91e53ade-e200-47b7-b143-a07ac53e6d88,7945236.525649303,7945236.642488981,7945245.427239696,949,200,0.11683967802673578,8.78475071489811,192
c8226f2e-b9f3-4142-9796-edb86f9f6a35,d6d22620-64b1-4f4c-bec3-3d7d2a775409,7945236.525591395,7945236.666941043,7945245.452803782,1434,200,0.14134964812546968,8.78586273919791,1424
61fa0caa-8970-4733-82c8-9d5857308025,44ee6759-afbe-4710-9a07-470754ee7588,7945236.525677943,7945237.204069755,7945245.504548485,4523,200,0.6783918123692274,8.300478730350733,192
d87fa849-0107-4ffc-9ad1-4193f4e854b0,1aad18dc-a621-4c47-8208-1213fe6b1b24,7945239.525374361,7945240.295629766,7945245.815558393,3207,200,0.7702554045245051,5.519928626716137,176
7ef104f2-1562-4ab4-9005-35ce980d82a7,cb102b8f-c978-4954-a7b4-75be58ca1971,7945238.525217342,7945239.054957196,7945246.4214682635,5895,200,0.529739853926003,7.366511067375541,160
1e2c15cd-eef9-43e6-82b5-b3d06e5f4ee0,5851d51b-6e17-492e-ad31-2585933c39f8,7945235.525406942,7945236.1329069305,7945246.4487044085,1303,200,0.6074999887496233,10.315797477960587,176
d55c17c5-6455-43d5-bdc0-1ad1b3a6955b,03a34960-9841-4b38-880d-dc6fe5f4b1e1,7945235.525404111,7945236.133182059,7945246.450609846,5815,200,0.6077779484912753,10.31742778699845,160
4baae9d1-5e2c-4f88-bf52-2051aaa4328b,45009f05-8ec3-41c1-9f3b-4980b24bd25f,7945229.52520024,7945230.513451252,7945246.463109116,5900,200,0.9882510118186474,15.949657863937318,160
b3bd10d1-45e5-4785-88b2-2ba99e395f0f,be45d1a5-2dee-428e-bdbc-7607d69a4368,7945237.52548158,7945238.142044014,7945246.953226901,329,200,0.6165624344721437,8.811182886362076,192
0360984a-1e33-406b-8748-721438b51452,b784492e-fbfe-4f5c-ad22-38777c9aa7a1,7945239.525349703,7945239.629494833,7945246.967284827,1358,200,0.10414513014256954,7.337789993733168,1264
796be222-729b-4ed5-ad44-9e37ef5dce99,221d81a6-a99c-48c3-979a-bed8b07c62dc,7945239.525380355,7945239.938643877,7945246.983412894,4118,200,0.4132635220885277,7.044769017025828,192
58cf263d-973d-4e46-81f7-f8e2d5ed0b18,02c750b0-10fb-4546-bde2-322c8d2fda85,7945242.525514181,7945243.220133186,7945247.187376564,5499,200,0.6946190055459738,3.9672433780506253,176
f499710c-3889-4903-8cd3-58856a30a795,20f7722c-257e-4fc0-a0ef-a9317d331594,7945242.525539677,7945243.217476305,7945247.183903248,2930,200,0.6919366279616952,3.9664269434288144,256
08b42c47-1d60-47fd-9a6f-8b6bed012677,2a148152-ec7f-4f3c-bac1-fedf3a496089,7945236.525673453,7945237.643807356,7945247.244804027,4883,200,1.1181339034810662,9.60099667031318,160
083faf96-b838-4f8a-9278-24953da2d666,8797a59b-ae3b-4e72-b6ad-b0e2f7f7f714,7945237.525416768,7945238.87239127,7945247.295058827,2629,200,1.3469745013862848,8.422667557373643,0
c0a853f6-4d95-4ffc-a05e-029003de46b0,df0ec5e8-df47-40f8-bbc5-2489b9ff95bc,7945239.525368221,7945239.8978468245,7945247.491663159,1681,200,0.37247860338538885,7.5938163343817,1440
67b8c9a5-a709-4bcd-8103-bb1c73b23f3f,701ecf99-00a4-4024-b51a-c936d71bc4b5,7945239.525377287,7945240.3089472335,7945247.50902664,5301,200,0.783569946885109,7.200079406611621,192
aaacc4fc-3c6a-457c-a0bd-6e8690217536,4b01567c-773e-4e5d-9dfd-7159a61aa362,7945240.525899319,7945242.186551178,7945247.850892395,4672,200,1.660651858896017,5.664341216906905,224
6c5ff1cc-aad9-416b-aec2-ed2067b4a750,5733a104-863a-4b0f-a50c-9cae35d6292b,7945230.525279777,7945231.82494338,7945247.878655756,2284,200,1.2996636033058167,16.053712375462055,288
463db4ec-b814-4255-89f6-a87302b1065d,fcc8381e-ac9e-4517-ab01-4da4a2f9da2f,7945230.525276882,7945231.8256336395,7945247.880955773,988,200,1.3003567578271031,16.055322133935988,800
4e065fcf-5676-4ccf-aaa0-eb86759719e6,a1bd7a62-29c7-4723-bfc6-6793e7811f26,7945230.525269912,7945231.82756611,7945247.8863860285,5900,200,1.3022961979731917,16.058819918893278,224
2e9010fe-7497-41c9-8e4a-60f6eb8c377a,2b3753bd-a6a3-47ab-a1c6-98604516c789,7945240.525904326,7945241.0275050765,7945248.201240901,5861,200,0.5016007507219911,7.173735824413598,1568
1ad01bb6-36ee-4ab8-9d0a-1519477a9224,e180963e-6ab9-422e-869f-f2893c37c741,7945231.525994651,7945232.44566468,7945248.513487772,5765,200,0.9196700286120176,16.06782309245318,160
e39c12f6-3a36-49c1-b3a7-95320aa08b40,d65ba3ab-6d8f-4d02-97d6-6b53461f1e82,7945238.525226926,7945238.603352756,7945249.545306999,456,200,0.07812582980841398,10.941954242996871,160
60d9d529-49ce-4357-9bbe-83b9bf001b7b,4cc14e7b-ae81-4009-b122-57bc7afae3ab,7945237.525486483,7945237.765231141,7945249.590670663,2109,200,0.23974465765058994,11.82543952204287,192
fde62c4e-6876-4bb6-af66-8dfc9c992b60,6a1256c6-27f4-460f-98fd-b78768d1c2cb,7945233.525451084,7945234.249227232,7945249.733411019,5756,200,0.7237761486321688,15.484183786436915,224
c4b2803a-768e-4feb-9312-6b86a6424cc1,0e908faf-1fc4-4a00-b573-eb398625fe8e,7945239.525371442,7945240.671484652,7945249.8970179735,5844,200,1.1461132103577256,9.225533321499825,192
8add5b73-6d7e-4213-be8b-dcfae77817e4,8dec5286-27de-4939-906c-5de54fb45e43,7945244.525497808,7945245.249746192,7945250.177251821,5874,200,0.7242483841255307,4.927505629137158,224
6f90817d-8562-4cad-990c-f94e8a1e45eb,a03e2b4b-0648-4402-9b9d-0f84f0f6b887,7945241.525288833,7945242.034298862,7945250.241948311,5936,200,0.5090100290253758,8.207649448886514,160
71fd57f9-73f0-4dff-bd4a-3b8092003885,09568944-6662-4e5d-8d54-0bff73d532f6,7945233.525454707,7945234.345612293,7945250.287981029,3670,200,0.8201575856655836,15.942368735559285,192
ef88179f-f38f-432e-9358-1715337130b6,948e268f-3db8-492b-992a-c51f887c3edd,7945234.525245595,7945234.976496451,7945250.604944045,4635,200,0.45125085581094027,15.628447594121099,224
c6dd9e9b-d32a-474c-9317-6f0acae0017f,09a4736f-8ec3-4c07-8623-951bfc6297d0,7945242.525530305,7945243.0534608085,7945250.788493124,1532,200,0.5279305037111044,7.73503231536597,1488
8397d469-ddcd-42a2-9fe7-ea6aecb9d934,e36686bd-e3a5-44a4-9e97-d7ab44f34dee,7945242.525546444,7945243.050616516,7945250.785440154,5824,200,0.5250700721517205,7.734823638573289,192
effbf44a-89e0-4384-b7c7-0edbc1ffac43,9bd61232-8caf-433a-bd02-304451d8e1ad,7945244.525501197,7945245.405716364,7945251.600208143,586,200,0.880215167067945,6.194491778500378,160
eb8f0870-9bc2-496e-907d-73a15fd133ae,7130a567-3a9a-4453-8f82-99755c0b6a3d,7945244.525469267,7945245.312016313,7945252.202266067,2797,200,0.7865470461547375,6.890249754302204,192
aeeb75aa-02be-48cf-8505-87d7337c8666,a3b74f4a-c4bb-40a8-b686-0af4040fecd6,7945244.525480134,7945245.311265699,7945252.201561011,2030,200,0.7857855642214417,6.890295312739909,192
61bce521-1358-4bb2-8af6-1ba26383589e,b710b504-2065-4aea-b3b6-ab4ec3d9d95c,7945245.52602988,7945246.097971858,7945252.46934814,5993,200,0.5719419782981277,6.371376281604171,176
4536603f-82e7-4833-8d86-bcca9ecbf817,61da347d-e982-42dd-92bc-c0eeeaf1345b,7945240.525895822,7945241.415491278,7945252.622231643,5877,200,0.8895954564213753,11.206740364432335,176
72511091-02e6-4e6b-9fb9-319075ff46bb,225b850d-04cb-4bb2-a5f4-075bea2e8f4d,7945240.52590666,7945241.696790815,7945252.648059695,5727,200,1.1708841556683183,10.951268879696727,160
47644c02-ecd1-43fb-ad64-abb37b5c9530,09949374-a7ce-46b6-aa39-f07bd97c5592,7945242.525532829,7945243.071735034,7945253.294597636,2263,200,0.5462022051215172,10.222862602211535,288
74275ee7-f3c7-4bfd-b3b4-4b626d88d840,d6d22620-64b1-4f4c-bec3-3d7d2a775409,7945242.525543181,7945243.069312676,7945253.293028605,1434,200,0.5437694946303964,10.223715929314494,1424
aea51341-3b5a-4176-8a3e-857feb82a905,393fae3d-bfae-4a69-9f62-03842f08111c,7945242.525549729,7945243.068518997,7945253.292475543,1846,200,0.5429692678153515,10.223956545814872,224
0d9da385-fef2-4b10-8ccf-0f0f8fb7f22f,76bb886d-2e0a-4a82-b3e0-8ec5b6cbb908,7945243.525662161,7945243.879093063,7945254.234976279,1718,200,0.35343090165406466,10.355883215554059,288
3b03b57a-58b5-492f-b740-68108b6d7ff3,85553518-8e78-4758-b459-5e93a9c3be1f,7945247.525370937,7945248.121978578,7945254.314812758,5758,200,0.5966076413169503,6.1928341798484325,224
3477450a-89dc-4cfc-8e4a-5f9b2a59c097,078b06e7-ab7c-40cf-8562-23fdd95b649d,7945247.525384814,7945248.468752383,7945254.332555172,4357,200,0.943367569707334,5.8638027887791395,192
128176e6-3e9e-4504-8563-512f69eb1114,cb11717f-7d06-4a74-b58f-3b3b2686cb99,7945244.525484415,7945245.7044830145,7945254.468966019,5857,200,1.1789985997602344,8.764483004808426,224
32f3493a-91d1-49ff-b597-da63182b9ca2,3861254d-c2de-474d-bfae-fe68b5c47f8a,7945245.526026286,7945246.879422914,7945254.513031781,6000,200,1.3533966280519962,7.633608866482973,160
a157315b-e86e-4832-be93-bad3e909f13e,70a0cd83-d8aa-47dd-b9fc-723e67189601,7945246.525789729,7945247.325323389,7945254.543692671,5615,200,0.7995336595922709,7.218369281850755,176
fce216df-b92e-417e-b543-289b7c95d12f,d0831b52-6c34-4ffe-9597-e33a682fe9b5,7945249.525553981,7945249.780458975,7945256.031925074,1935,200,0.2549049938097596,6.251466099172831,176
f8d42d3e-ad87-427d-b96b-e32c184a6f6c,406fc7fd-d2a5-420f-961b-1506a9707b16,7945244.525487327,7945244.763400762,7945256.297771411,1841,200,0.2379134353250265,11.534370648674667,192
56382875-d4ee-4497-9353-b4860842d6e1,a59111b4-1b04-48fb-a53b-3d5b62969d1e,7945244.525490116,7945245.149293437,7945256.324538062,3633,200,0.6238033203408122,11.175244625657797,160
5fe5c872-3ff4-40e5-ac65-b67e86669bdf,edb3862b-f606-4e5c-8e94-766f443c2f84,7945239.52536465,7945240.683486709,7945256.336593827,5856,200,1.1581220589578152,15.65310711786151,192
6758b34c-5bd7-439e-8944-febbb9aa2611,b2a73fb5-90d1-4be5-87bb-fdae89d6d738,7945248.526196449,7945249.018124787,7945257.123520801,5779,200,0.491928338073194,8.105396013706923,1168
8e955682-841c-441a-8e5c-3595df6628ec,1892b07a-1db2-46fc-84d7-4a79e9161ec8,7945248.526210764,7945249.347693793,7945257.142562598,4454,200,0.8214830281212926,7.794868805445731,192
d3364e58-7697-49e7-9abb-0406398f8930,6fe28cf9-22b0-4265-be26-a1ebfe37406c,7945248.526221195,7945248.940418907,7945257.385102037,4534,200,0.4141977122053504,8.444683129899204,192
d8aa40f5-67e4-4e1b-819f-2c08ca616e9c,4190c99e-6b87-49df-aa5c-92e0ae5b1db0,7945248.526230645,7945249.370313085,7945257.406099128,5849,200,0.8440824393182993,8.035786042921245,160
4290eab7-148f-4a79-b43f-4ac70bf7b9b5,f69dcbd3-4c9e-47a7-a557-6f293de800ba,7945249.525571057,7945249.788035837,7945258.141695832,2529,200,0.2624647803604603,8.353659994900227,160
5aa059e5-2087-4d81-895b-3529f0c3d250,f4e2280e-c7e9-4629-82f1-99cf632b8bbf,7945250.525675961,7945250.713979159,7945258.242730733,1774,200,0.1883031977340579,7.528751574456692,192
ad91b120-2080-4792-9a4e-da9bda41f259,096b5f1e-eb48-4bc8-adda-c22e130d7a09,7945251.525559899,7945251.689206281,7945258.423116195,1149,200,0.1636463813483715,6.733909914270043,160
05e90624-c30b-490d-a6ec-4683ce70a197,d9aba008-4017-4c68-8912-125b57839d03,7945245.526012317,7945246.850743537,7945258.485253969,5900,200,1.324731219559908,11.634510432370007,192
0c33bf5a-eda8-479f-bb3a-a036184cb3d1,5707dd1d-3bc2-4a67-a45e-321e76e74e30,7945245.526032379,7945246.848064543,7945258.482778127,2589,200,1.3220321638509631,11.634713584557176,448
f208fb60-038c-45e8-b35a-1cdd56c59515,7b2a082c-c976-422c-8a99-3799ab0b075e,7945245.5260345,7945247.486065308,7945258.506959419,5922,200,1.9600308071821928,11.020894111134112,192
b6aa23be-9178-4739-8ea9-248c5d456294,9503c227-282b-443a-8e89-2d25d415d0c6,7945246.525806843,7945247.736121641,7945258.546657715,3442,200,1.2103147972375154,10.810536074452102,176
691a83b4-3550-4c1e-84d9-2adde7497967,e633d67f-10a1-4d3b-885b-8178d1e0dc72,7945251.525562923,7945253.437599076,7945259.568505999,5810,200,1.9120361525565386,6.130906922742724,176
f02c2392-c3d4-4e34-8a28-5e8fcae24dfe,0f37a850-8067-4658-a28f-f4d6fd5d1dad,7945250.525662664,7945251.387252456,7945259.655323566,5370,200,0.8615897912532091,8.268071110360324,192
8ae9b787-6412-44a0-9fda-c0210325873c,bf146570-6c27-4f69-9186-954f2b838a95,7945248.526224085,7945249.1025814675,7945260.294826655,2994,200,0.5763573823496699,11.192245187237859,2912
fecbb05c-f8e7-49bd-8c16-bd1daa9b77ce,68be8177-97f5-4c56-b004-7acf1370b724,7945248.526217953,7945249.104587553,7945260.297044853,5767,200,0.5783695997670293,11.192457299679518,224
c09fa086-9792-42d3-ba8f-16c6d3c4c810,8ecc4871-cdb8-4483-ba36-0274abe3bf09,7945248.526214778,7945249.570041127,7945260.323222988,5916,200,1.0438263481482863,10.753181861713529,192
006c2f20-9f23-4e59-b39d-18e7207d6203,8b954204-013c-45a1-8e64-22e99087578a,7945240.52588558,7945244.346546155,7945260.4388795225,1989,200,3.8206605752930045,16.092333367094398,176
297c3e0f-b5e3-4752-9c3a-9b26abd39672,1fbe680b-764f-412f-b308-a3332b53fe1c,7945240.525901869,7945244.345496566,7945260.438955131,3104,200,3.8195946970954537,16.093458564952016,192
bf2b40b4-805a-4df6-bf03-bdbde406af3b,c2ad791f-4117-4ad9-b9a2-99f3f07bd05d,7945253.525433808,7945254.008640228,7945260.449147713,5668,200,0.4832064202055335,6.4405074855312705,192
1b848217-0093-45d4-9410-cf631eae6086,f4299b1a-6e3a-452b-b35a-9e77114ca6a1,7945252.525580737,7945253.054447492,7945260.704084588,4672,200,0.5288667548447847,7.6496370965614915,224
c47d0d52-9883-4387-b271-7dc432ad7ef7,3863c8b2-df3f-4884-a3e4-1aacb3636b26,7945253.525441069,7945253.6892324295,7945261.129977344,754,200,0.1637913603335619,7.440744914114475,592
0310b4ec-2ae8-415d-97a0-fb08857fa409,8797a59b-ae3b-4e72-b6ad-b0e2f7f7f714,7945252.525592895,7945252.753655244,7945261.29074007,2631,200,0.2280623484402895,8.537084826268256,560
79dd42ed-4e1e-461b-bb99-9a2a1dffb2ba,7833a30a-00a0-41c1-a0bc-3fdcc7f6d451,7945253.525436545,7945254.092101419,7945261.302025599,1920,200,0.5666648745536804,7.209924180060625,160
6f31e2ac-1c1a-4569-82ec-9d04a2b6761f,177caf44-e560-4f63-9203-72a9c447600c,7945254.525376986,7945254.704868974,7945261.876003968,1241,200,0.17949198838323355,7.171134993433952,192
19ea14b3-8291-4fb9-9807-3da0baff3c1d,fcbcae1b-f7b4-4c01-8389-e028345ece9c,7945241.525273849,7945245.967174425,7945261.8909718115,5852,200,4.441900575533509,15.923797386698425,192
6ed70eef-22d7-4319-82f9-63569ef5f90f,6ce68034-2f05-4ea2-a1d6-59175a0ef4b6,7945253.525438639,7945253.717917211,7945262.162631087,2053,200,0.19247857201844454,8.44471387565136,192
011ec155-5419-450c-945d-5935c0e15e78,ed6485ba-8f99-44e1-9c6f-1f280110bce8,7945253.525421944,7945253.721425083,7945262.167712878,268,200,0.19600313808768988,8.446287795901299,160
a34932c5-78ac-43d6-a857-d65ca794be82,11dfe4ca-c40e-4ec0-9baf-a1e65dd9a209,7945250.525672543,7945251.207965138,7945262.273331827,5763,200,0.6822925955057144,11.06536668818444,192
ce095e7d-4d12-42aa-9532-dfb53e976555,19f80e13-e740-487c-a2fe-cf58eff93ac5,7945250.525678407,7945251.492002484,7945262.298584792,5960,200,0.966324076987803,10.806582307443023,176
7c152198-3058-4cf6-87a4-018ff8a2d2cf,206f0344-10fd-4960-a755-be0a3f6f3bbd,7945255.525387133,7945255.841606941,7945262.392757725,3102,200,0.3162198085337877,6.551150783896446,992
d84a1697-64cc-46d1-90b4-0bf33fa6f750,5c3e8855-2ec4-4575-b4e5-b5c5390ab615,7945242.525526214,7945246.46265407,7945262.813419244,876,200,3.937127855606377,16.350765174254775,192
6b123f19-9fb4-45ab-805b-ef3876d9cf5a,48bf1d41-819d-4951-b8e2-8c97d4fee09a,7945242.525536855,7945246.899203622,7945262.8478053445,5950,200,4.373666767030954,15.948601722717285,192
a56262a9-0d8f-48fe-ad4c-76ef58f04385,16a9c0ad-f0ee-4645-acb9-8c2a2b4f31b3,7945256.525347703,7945257.042499853,7945263.326992717,5770,200,0.5171521501615644,6.284492863342166,160
dc952916-3d66-4b52-a747-d5edd64a30e4,e763e413-9805-48fd-b723-d3904f5e3cfb,7945243.525682059,7945247.438948971,7945263.443715766,1431,200,3.9132669121026993,16.004766794852912,224
0ed9a821-88f8-4255-9bb8-c45a0e9d5566,24796807-f5a7-4c49-9c13-4714d305e593,7945243.525677981,7945247.44312541,7945263.4473777,5858,200,3.917447429150343,16.00425229035318,192
fe2d4b3d-d34c-466f-84ab-ba679fd911ab,15229d22-b8db-4859-b05c-02bdcc0e3805,7945254.525358905,7945254.753367949,7945263.49218363,2669,200,0.22800904419273138,8.73881568107754,192
6374c504-3b12-4444-9257-2f51fa6a864f,955e558f-d908-48ba-88ef-03b1c7df7109,7945254.525373619,7945255.348704642,7945263.51308354,5739,200,0.8233310226351023,8.164378898218274,176
a66c998a-c8d4-4f19-938f-c83dd0d8a71b,083a299a-750e-4743-ac44-e18d354983f7,7945243.525684642,7945247.880356602,7945263.5484064035,5894,200,4.354671960696578,15.668049801141024,192
673daf8e-11cd-4b04-a0fe-695c1948a79d,32781f88-b63c-45d8-b786-11db14f34c8a,7945244.525494293,7945248.510363293,7945263.580079799,1795,200,3.984868999570608,15.06971650570631,192
ff04f29d-445c-40e5-bee3-0954966f5e06,fcc8381e-ac9e-4517-ab01-4da4a2f9da2f,7945244.525503976,7945248.50854898,7945263.579266876,1130,200,3.983045003376901,15.070717896334827,944
cee52865-7664-4740-88a0-16a2512c47bb,c1b7bd9a-b619-4cf1-be42-c209db347bd5,7945247.525381251,7945248.7610912565,7945263.59872076,3803,200,1.2357100052759051,14.837629503570497,192
26dc8b83-057e-47c9-8d06-40380ec5a706,2f00ecb3-5431-475c-92c8-62f44e364157,7945248.52622719,7945249.730932425,7945263.652261566,2036,200,1.2047052346169949,13.92132914159447,176
cc134df3-829f-440e-9488-cdfa9a6bf26b,3f3c8315-cf62-443d-9113-6b1611d32ae2,7945248.526233683,7945249.734651698,7945263.653691806,5946,200,1.208418014459312,13.91904010809958,160
d469aecf-8031-4917-96ef-69d4efd4376b,e6ba1ee5-2c27-4eeb-bda3-974d72158b45,7945249.525567763,7945250.293053665,7945263.68703421,1709,200,0.7674859026446939,13.393980544991791,160
6bf27656-1e53-40a1-a60c-e729ad3d8a6f,59577ac9-a9d1-4bb2-ab3b-4f52b1dd4f35,7945256.525353795,7945257.243886595,7945264.353752291,4875,200,0.7185327997431159,7.109865696169436,176
6efa6b44-d71f-4169-b59f-37bd7e463ae8,a84d8343-77a6-4dc2-b1e2-f650699bd2d2,7945257.52605447,7945258.2484638095,7945264.464321999,5468,200,0.7224093396216631,6.21585818938911,192
88d10616-a20a-46c4-af15-8f81676a05f0,5733a104-863a-4b0f-a50c-9cae35d6292b,7945251.52554502,7945252.19543821,7945264.743803393,2284,200,0.6698931902647018,12.54836518317461,288
7a36302d-2b99-4179-8672-0ce41a08856c,888d1b4a-3dbf-4e29-9ea3-02e0203d227a,7945257.526057973,7945258.02278126,7945264.978957725,5768,200,0.49672328773885965,6.956176464445889,224
a312bda8-ba5d-4e4e-8027-38fe9434b198,028fcbfd-32b0-4e66-bd82-f3b179acd606,7945252.525596067,7945252.661434486,7945265.10311043,1061,200,0.1358384182676673,12.441675944253802,160
18d7f3b1-3ff5-4439-8641-5983845879de,87ba21e2-ff9b-42d6-827a-0e6c8ff6b22b,7945259.525758836,7945260.162470484,7945265.74583596,4032,200,0.636711647734046,5.58336547575891,192
eeb66daf-b453-4298-b205-7f0680175374,de2f413e-c05d-4891-92ad-832473a888f7,7945253.525443628,7945255.783864859,7945265.765823818,2572,200,2.2584212301298976,9.981958959251642,160
29ba0c43-7f33-471c-9d09-cc82e73418a4,e9ff9ac4-03c5-4847-adef-817376ec63f6,7945253.525430994,7945254.027493889,7945265.802350163,5782,200,0.502062895335257,11.774856274016201,160
c86fe261-ee19-4c31-997c-064d3c50251b,61987c71-acc7-40c2-ace8-960d5d78fe3b,7945259.525751207,7945259.808025019,7945266.069776545,3160,200,0.28227381221950054,6.261751526035368,176
a403c6da-9d70-43d1-b6a7-61cfb1fe8ccb,e767b27a-0d8e-42da-a7a2-ab0fcafec4f8,7945259.525761792,7945260.23270927,7945266.085586503,5915,200,0.7069474775344133,5.8528772331774235,176
ff46ab82-f6f4-4662-b71f-c0c72888e135,3af3ee27-6e36-4913-8abf-51c74481b27b,7945258.525923326,7945259.653031148,7945266.137321676,6048,200,1.1271078223362565,6.48429052811116,176
1d603d96-ceda-42bb-abcb-50ddb573fc0b,d2f92852-26d9-43bc-8aaf-92b326f7584b,7945258.525933902,7945260.023039643,7945266.137738675,6016,199,1.497105740942061,6.1146990321576595,176
0daa79d9-79ff-4c11-a679-0a6a65a7d1df,601c4cdd-f169-4ed7-8543-8969e14e1583,7945258.525927704,7945260.0237680795,7945266.156718368,1276,200,1.4978403756394982,6.132950288243592,288
cde74588-56a5-474f-82b1-f90f72654289,18eac959-4e1b-4824-896b-2ea47c5c287b,7945260.526235072,7945261.051046571,7945266.433792708,5854,200,0.5248114988207817,5.382746137678623,160
a9aefb13-201f-46e7-bda8-3be86a08ff5f,57f7a3e9-60cc-4567-8919-92cabd76d7b4,7945255.525383293,7945255.994264495,7945266.766349814,5797,200,0.4688812019303441,10.772085319273174,192
6c203fca-c753-4c76-a44b-a57094ab4ba8,b5058d29-2d8e-4366-87a2-b76d642064a2,7945260.526228223,7945261.606741166,7945267.104836478,5869,200,1.0805129427462816,5.498095312155783,176
85cc5634-addc-43eb-b0fc-847ca9d02cc6,98bb6af6-6eb9-414f-b0e5-347f68e214d8,7945255.525367048,7945256.199041714,7945267.579275721,5891,200,0.6736746663227677,11.380234006792307,176
39eda2c7-cadf-4342-a4c0-2b8380db0124,68ef1c91-4802-41e0-b853-236b4633b854,7945255.525390098,7945256.306928965,7945267.604912546,3923,200,0.7815388673916459,11.297983581200242,192
a378dffc-de07-43e9-a133-bf477f003c6b,7ab4da07-486e-454b-80fe-4ffd8f3dc847,7945256.525338215,7945257.225339615,7945268.161687824,5972,200,0.7000013999640942,10.936348209157586,224
d32951e5-85eb-4248-9bb5-c0772f57dd22,11530c6a-95af-434d-a2a9-26ebf33cf1f4,7945256.525356943,7945257.502080833,7945268.184834444,5885,200,0.9767238898202777,10.68275361135602,192
54fd3f62-64a8-4aa7-bbd1-d184c8954408,cb102b8f-c978-4954-a7b4-75be58ca1971,7945261.525287454,7945261.633977498,7945268.211660574,5894,200,0.10869004391133785,6.577683076262474,5872
570495b7-3afb-4746-b59f-a86bfbeff545,a6e68dd7-f304-4251-97d4-a49619a5bcc9,7945257.52604492,7945258.136491486,7945268.311542544,1106,200,0.610446565784514,10.175051057711244,224
6e287433-7e06-4dde-844e-6c581d9c9a5b,393fae3d-bfae-4a69-9f62-03842f08111c,7945258.525937188,7945259.136760886,7945268.513196562,1846,200,0.6108236974105239,9.376435676589608,1840
f34fb7bc-869d-4050-a2a5-7ac1e6553041,76bb886d-2e0a-4a82-b3e0-8ec5b6cbb908,7945258.525842118,7945259.14154368,7945268.518686457,1773,200,0.615701561793685,9.377142776735127,1680
d02746ab-8cef-474a-bb45-ea5278e8ad45,e8935aed-8406-486a-82de-949afd4e6890,7945262.525900797,7945263.022426053,7945268.660236522,4931,200,0.4965252559632063,5.637810468673706,160
a1f4575d-ccbf-42d4-8f56-9c2ca3f526e7,ec2705b2-b9e2-4443-ae07-eaeb3bec950d,7945256.525351004,7945256.827123203,7945269.164130867,2264,200,0.30177219957113266,12.33700766414404,160
b9611643-e40b-48f2-a77d-02aa367db050,33748c07-1927-42a2-a7bc-a67ebecdee26,7945262.525910287,7945262.93546896,7945270.058506255,3102,200,0.4095586724579334,7.1230372954159975,464
1789fa96-ee24-4720-8fe4-e1a2220848c6,0db0ae50-2fa4-45f6-976a-f3c55882c59e,7945262.52592044,7945262.9334536595,7945270.056522296,1599,200,0.40753321908414364,7.1230686362832785,192
24e676ba-5535-4abf-91b9-2afad2da3703,8c2018d5-787d-44cb-8f91-f4bf0c1e1a79,7945265.525258999,7945265.748280802,7945270.752042508,1757,200,0.22302180249243975,5.003761705942452,176
21c02abb-96be-4ad0-ada1-c5b53d798b8c,9be7a5b1-387d-4667-ab3e-b4601fda05fe,7945258.525902216,7945259.428473476,7945271.070417253,5125,200,0.9025712599977851,11.641943776980042,192
41b20013-fe50-4799-93de-cf92b17f9414,54ca873a-b6e7-43fa-9efe-962eafd821d0,7945258.525930653,7945259.426688633,7945271.068541144,718,200,0.9007579796016216,11.64185251109302,192
0f8a9158-c07f-467b-bf50-8cbd7c2421ec,7b4770e6-8616-4a19-9adc-dd6331543793,7945264.525637377,7945265.222750642,7945271.22745174,6072,200,0.6971132652834058,6.004701097495854,160
39069637-1659-41bc-854b-b20315f4e0de,d4b2d2b9-646c-445e-826a-35cb791765f7,7945260.526223871,7945261.443017012,7945271.543629372,2209,200,0.9167931415140629,10.100612359121442,160
e9d08d28-b11b-44af-ae03-ecb771d32b36,aed166ee-a043-4472-a997-a7fea5e9b8ed,7945263.526044594,7945263.646926527,7945271.545595686,813,200,0.12088193278759718,7.898669159039855,176
d26ffdcc-47da-4a4e-b2ef-fee977ca7959,61da347d-e982-42dd-92bc-c0eeeaf1345b,7945261.525276716,7945262.132200592,7945271.885719469,5873,200,0.6069238763302565,9.753518876619637,176
36d0f963-568d-46d0-bd70-368d6534907d,1cf9087e-eba9-405b-8040-c7340cf6d3ce,7945262.525896648,7945263.515007239,7945272.361847049,4515,200,0.9891105908900499,8.846839809790254,192
c8a0aef8-dce2-40b2-b230-b59585222b74,fe84a795-3452-40db-ae44-f13da36f0758,7945262.525907082,7945263.51381718,7945272.361933454,2190,200,0.9879100983962417,8.848116273991764,160
049c039c-01b4-4d12-90ac-6fa6ede7d8c0,2b3753bd-a6a3-47ab-a1c6-98604516c789,7945260.526232129,7945262.230819654,7945272.366920836,5807,200,1.7045875247567892,10.136101182550192,1568
892ec6a3-da3b-4c17-a716-285a03463167,a4761885-b35f-4618-9cb1-2040a011c551,7945263.526035608,7945263.786764741,7945272.482984274,2048,200,0.2607291331514716,8.696219532750547,192
774d8de8-ed48-4fd2-a077-7b91bc68b267,bd218e24-2587-4885-9d7f-d92c8f9789f3,7945259.525737836,7945261.046991429,7945272.545605226,5982,200,1.5212535932660103,11.4986137971282,192
174c64bb-218c-48ce-b840-654ab5491686,d6d22620-64b1-4f4c-bec3-3d7d2a775409,7945264.52564948,7945265.094143971,7945273.28485769,1490,200,0.5684944912791252,8.190713719464839,288
65f4301b-84e7-49a1-b081-9294de97f8af,63e19ca6-f686-4898-9f88-b9b1b2f86abb,7945264.525646602,7945265.095091748,7945273.286463383,3051,200,0.5694451462477446,8.191371634602547,192
cfd5e4f9-9b0b-405e-ba2d-6f84481543e6,7130a567-3a9a-4453-8f82-99755c0b6a3d,7945266.525341447,7945266.737114087,7945273.411935411,2797,200,0.2117726393043995,6.674821324646473,2784
30be18d6-1ef8-463b-9333-b751cd26189f,a545f5b3-f164-46c9-8d79-39167b9f8286,7945266.525326655,7945267.334576526,7945273.614846476,5872,200,0.8092498704791069,6.280269950628281,176
32a36657-a225-428a-aa3f-8df19bfa69b6,ce085c11-89ed-492b-a423-23ceb4fb69f5,7945266.525352366,7945267.440115341,7945274.042969863,3927,200,0.914762974716723,6.602854521945119,224
e8c2f450-c79b-431f-a589-820d41502032,3e3dbce7-d7a4-4349-8025-491552a5da28,7945265.525273246,7945265.716037759,7945274.205682031,1018,200,0.19076451286673546,8.489644272252917,288
592f3669-39ea-478c-8e74-e6954b2fe5f0,0c823c36-4c9e-42f3-a2cb-f9f292d0c461,7945265.525276217,7945265.69630638,7945274.409502261,429,200,0.1710301637649536,8.713195880874991,192
fe2738a0-ac26-4b2e-97e0-68a4ba620eee,c5d2fff6-6dfa-4383-a191-1256acb84d4d,7945267.525838971,7945267.672220602,7945275.260944191,1421,200,0.14638163056224585,7.588723589666188,192
0b684d80-34ee-4dd1-8121-57f98ebb25cf,de6f9d63-58fa-4e36-abbc-5bc9309e6e21,7945266.525354645,7945267.50858444,7945275.417206586,6016,200,0.9832297945395112,7.908622146584094,160
55cfeb8d-3de6-4931-923d-cb6c139417d0,fcc8381e-ac9e-4517-ab01-4da4a2f9da2f,7945260.526208787,7945262.5043558115,7945275.444486848,1330,200,1.9781470242887735,12.940131036564708,1088
28436b5e-b41f-44e4-9f77-e4bdb34fb11c,24b68f03-c2a5-41eb-9a8b-7465c5d30b08,7945259.525755307,7945262.503453902,7945275.443273878,5916,200,2.977698595263064,12.939819975756109,160
5f96c9bc-ec47-4c88-b0ec-090283d1b4b5,4b01567c-773e-4e5d-9dfd-7159a61aa362,7945267.525830784,7945267.975762653,7945275.467386543,4882,200,0.4499318692833185,7.491623889654875,4640
d34fcf3b-041b-40fc-bac1-aaad5b7e713e,09a114dc-9e26-41a2-9556-c7dda7572a3b,7945267.52583384,7945267.974828683,7945275.4676889265,2573,200,0.4489948432892561,7.492860243655741,0
5fe8cc02-51de-40b8-a44e-1466e183418b,61323445-bb9c-4486-9178-e666521fb517,7945266.525357395,7945267.205598025,7945275.635886657,2107,200,0.6802406292408705,8.430288632400334,176
0af4bb49-71d2-4e51-8639-bbb47ad13631,555a1a0e-792e-4747-8703-70ecbe872d60,7945266.525344569,7945267.210848647,7945275.641710369,4190,200,0.6855040779337287,8.430861721746624,176
a58dbe8c-2681-46bf-a67e-3b2edba4255c,bbf99421-4ac3-4251-99e4-06d08848b161,7945268.525417909,7945268.798923139,7945275.881496229,2343,200,0.2735052304342389,7.082573089748621,224
1c2a7859-c9b5-456e-b03a-6f5fdc448922,5707dd1d-3bc2-4a67-a45e-321e76e74e30,7945267.525836458,7945267.760424127,7945275.993559006,2560,200,0.23458766844123602,8.23313487879932,288
bf415804-2b45-4ff9-a04e-909a75109184,382f6d63-c0ce-4999-b557-6dc2a064bcb9,7945262.525881474,7945263.549404136,7945276.315520753,1640,200,1.023522661998868,12.766116617247462,176
2916d170-276b-4907-b12f-4874fb157e57,5d6da10d-9034-4976-aa0f-23090d00aa38,7945262.525904115,7945263.548786509,7945276.315232076,658,200,1.0228823935613036,12.766445566900074,160
2dec4b83-ed5f-4d7b-8627-cf97a53bc09d,e9ff9ac4-03c5-4847-adef-817376ec63f6,7945268.525400015,7945268.8742060065,7945276.610665136,5782,200,0.34880599193274975,7.736459129489958,5776
80d16586-0a08-4384-b8e7-d8435c1a40f4,c6231917-a76b-49f7-aea7-608cf8d40178,7945261.525291266,7945262.204770345,7945277.285491982,5943,200,0.6794790793210268,15.08072163630277,192
89269062-dc8c-4869-b8c5-f1251a5ee100,37779808-584b-4286-ba72-def974892154,7945269.525499803,7945270.65017075,7945277.297218513,6110,200,1.124670946970582,6.64704776275903,160
778fb5f0-b0c8-4665-9654-ed72fcafc4c2,e34e996f-101c-45dc-8a8e-19f367243ea7,7945269.525496398,7945271.265664548,7945277.332485728,5860,200,1.7401681495830417,6.066821180284023,176
cf5c24c6-cd5e-471a-832f-3f2f06ec2d52,99a72f5c-3b3d-4bf0-8f1c-500013043e8e,7945270.526157395,7945271.374180356,7945277.347549926,4851,200,0.8480229610577226,5.973369569517672,176
45bcafb6-bb96-4c94-b68f-71f0a6c4435f,d6d22620-64b1-4f4c-bec3-3d7d2a775409,7945270.526185687,7945271.370153363,7945277.345063391,1490,200,0.8439676761627197,5.974910028278828,1488
fcee1774-7676-4eec-b74a-5ad8efe0bf17,4bc56cea-5d7e-4140-9532-23e375f8878d,7945271.525811404,7945271.805077785,7945277.547868097,2641,200,0.27926638070493937,5.7427903125062585,288
93c6ad06-574e-46bf-8b65-8d356c59d854,6f4eba68-8153-48fe-91eb-33fdf7098dd6,7945268.525422133,7945268.851328405,7945277.642739164,3050,200,0.325906272046268,8.791410759091377,176
da8c51d0-fdeb-477f-9235-5b553f366ed8,05d27daf-0e84-45d9-aa8c-5078f036a4b3,7945268.525419883,7945269.2797060525,7945277.669522796,5963,200,0.7542861690744758,8.389816743321717,192
65850d57-f956-4aa6-8aee-91c2f6789553,57f7a3e9-60cc-4567-8919-92cabd76d7b4,7945272.525547137,7945272.651466831,7945278.310752152,5797,200,0.12591969408094883,5.659285321831703,5792
01f5016f-2481-43c7-8132-21fe834d56f6,cb11717f-7d06-4a74-b58f-3b3b2686cb99,7945262.525917069,7945264.3150139805,7945278.326149821,5857,200,1.7890969114378095,14.011135840788484,5856
10d805be-e190-4d8b-bde2-0c5a397c1b15,6e7c764b-76c2-4dc6-8a1f-6454d1e33509,7945262.525913442,7945264.3157683415,7945278.327154677,2664,200,1.7898548999801278,14.01138633582741,192
70ad4587-1759-4c0a-af1b-2314d47406bd,d6c15b40-1c4c-415e-83f9-1f8dbd8650a8,7945269.525492965,7945269.78552895,7945278.432857666,2352,200,0.26003598514944315,8.647328715771437,176
e7c52a0f-520c-425b-82f0-280de933924b,9f27686b-2149-4bca-8509-5927f5127a3c,7945265.525269851,7945266.27011142,7945279.2397493785,5909,200,0.7448415691033006,12.969637958332896,192
074be5ff-f91e-4d26-9cd7-29d39da43405,adf12826-add9-4cd4-bd47-2194a5a19109,7945270.526179311,7945270.822744018,7945279.321892831,2970,200,0.29656470753252506,8.499148812144995,224
8555a988-11e4-4fc2-92cd-bc9900231359,e4055763-dcd0-4e11-99b3-4b8d69dbb4f9,7945270.526182841,7945271.309033936,7945279.343986098,6564,200,0.7828510953113437,8.034952161833644,192
5b842664-a6d8-43ee-a8fa-90d3121af170,f8a395f3-d38f-442c-84cb-85ddb20fa644,7945273.525567633,7945274.059609626,7945279.465424148,5886,200,0.5340419933199883,5.405814521946013,192
56e41089-aade-4c4e-8a65-bed371358852,fd82a8cd-78fd-420a-8fc2-33f1b6ac7ba6,7945271.525813984,7945271.749861651,7945279.584133105,1598,200,0.22404766734689474,7.834271454252303,192
f88e1769-5d70-47da-a238-75e8488c48cf,1a77969f-1e99-480b-afec-42b03605c5f1,7945271.525807967,7945272.181219081,7945279.60067685,5866,200,0.6554111139848828,7.419457769021392,192
680b2e67-aca4-44bc-823b-aac1df893af0,601c4cdd-f169-4ed7-8543-8969e14e1583,7945271.525797398,7945272.182306648,7945279.602155374,1276,200,0.6565092504024506,7.419848726131022,1264
76c7812e-5511-4dc7-a782-0c50b924debc,26596bc8-98fc-45ee-b581-9a33b2b029ec,7945270.526175201,7945271.221598587,7945280.08131549,5729,200,0.6954233860597014,8.859716903418303,176
acc8863b-f960-4fea-9c36-830665761c8b,ad4e50e3-6998-45bf-bef0-650492b20b70,7945275.525357798,7945275.641219901,7945280.2250536755,546,200,0.11586210317909718,4.583833774551749,160
3433eb90-ad05-4ec6-b6e3-1dc39a2353a1,cab1409d-8d3b-4b88-8041-22bfac493883,7945271.525816647,7945271.72734519,7945280.273257348,1632,200,0.20152854267507792,8.54591215774417,160
7932925e-e922-4d11-b8c3-aa5a61c121d2,2fdd1598-2391-4e80-8c6d-7d62b2c2cad0,7945267.525819418,7945268.047011654,7945280.307570644,5747,200,0.5211922358721495,12.260558989830315,160
68cc8650-fea2-4adc-bd5d-5b6e148ea4fc,eb6fc569-f517-4d51-9933-f67bccb33d30,7945271.525819107,7945272.48403682,7945280.318745155,5838,200,0.9582177130505443,7.834708334878087,160
2a43c94d-cda8-4dd8-8d1d-99af8a25263d,10c59fc2-fb1b-44ba-b994-c622c482f958,7945272.525540211,7945272.909614391,7945280.476676015,2924,200,0.38407417945563793,7.567061624489725,192
510054dc-7a21-4b30-b589-cca807332b83,59afa03e-f016-4d4c-94ab-104f8f1d022f,7945273.525551638,7945274.049406326,7945280.606610136,6052,200,0.5238546887412667,6.557203809730709,192
c4b19735-fcff-48ba-90cc-bffc404c7418,90cd916e-2987-4e81-8dfd-f79135d0d144,7945273.52556391,7945274.21668177,7945280.606287389,2442,200,0.6911178603768349,6.3896056190133095,224
164ee93a-1935-4e2e-9e04-305eb367e24b,9da95b3b-d872-4e1b-a2e9-8b4ebabce143,7945274.525242767,7945274.762978585,7945281.050581809,2365,200,0.23773581814020872,6.287603223696351,176
2fd9a8bd-eb9e-4700-86bc-71d88c6bf131,d6d22620-64b1-4f4c-bec3-3d7d2a775409,7945276.525467762,7945276.631114743,7945282.207588141,1490,200,0.10564698092639446,5.576473398134112,1488
13868359-60a3-426a-85c7-a980c7d582ac,8da9f4fd-8b1a-4c55-bb46-ab458d8c82df,7945275.525341066,7945276.17665418,7945282.446427522,4993,200,0.6513131139799953,6.269773342646658,224
a39078a9-d493-411b-8c7e-df8680d6541c,6ce68034-2f05-4ea2-a1d6-59175a0ef4b6,7945275.525364911,7945276.173388745,7945282.443061075,2053,200,0.6480238335207105,6.269672330468893,2048
8a43e751-d769-48af-b3b6-8210b0d79544,e8935aed-8406-486a-82de-949afd4e6890,7945275.525360014,7945276.174790428,7945282.444750541,4931,200,0.6494304137304425,6.2699601128697395,4928
68265bb1-efe8-4a98-89e3-22712332c939,101492b9-9475-4eb9-99da-f208aba5c340,7945272.525543933,7945273.704621583,7945283.179687651,2442,200,1.1790776504203677,9.475066067650914,176
cff335f9-2d23-40de-ade2-bd76992b9467,568962c8-a085-420b-ba02-0899cc1b6f27,7945266.525347021,7945267.347316485,7945283.218468405,5593,200,0.8219694634899497,15.87115192040801,224
b5194e87-2daf-4310-a8c3-6b3fc9a2916f,76bb886d-2e0a-4a82-b3e0-8ec5b6cbb908,7945277.525286912,7945277.741277674,7945283.485864451,1829,200,0.21599076222628355,5.744586776942015,1744
a65d9a5f-9d11-4278-a7bb-2fc194600a49,488891a0-308d-4fca-a4b1-b542bf344540,7945266.525349784,7945267.7484383,7945283.712232383,5714,200,1.2230885159224272,15.963794083334506,192
8965bc32-39fd-478a-b526-f97cd72c5cb1,9cabc10f-e27c-45d0-91c6-3489b856ccaa,7945274.525224757,7945275.20570055,7945283.871983705,6752,200,0.6804757928475738,8.666283154860139,224
ce2525e8-c74e-40ee-80ac-a83930b17a12,2bf939fd-19ed-4d6f-9dca-0ec7494b3733,7945274.525248018,7945275.2630300475,7945283.89080352,2630,200,0.7377820294350386,8.627773472107947,224
78bb681f-ad9d-4faf-8cae-c64892c4c134,dd5d15d5-6aa3-4fac-9f49-55a663b9c877,7945274.525245498,7945275.23173927,7945283.948908076,4697,200,0.7064937716349959,8.717168806120753,192
bc6cdc20-7e0c-459d-9c0c-78c64fffa53f,3138a23b-5dd2-43f8-9fac-5c420b8bf6bc,7945275.525362458,7945275.710794078,7945284.259878984,1538,200,0.18543162010610104,8.549084905534983,160
e16e2c5a-9a6f-4dbc-9900-cda4c19bba55,888d1b4a-3dbf-4e29-9ea3-02e0203d227a,7945277.525320585,7945278.040977035,7945284.490309205,5720,200,0.5156564498320222,6.449332170188427,384
da6856bf-e133-4c50-bd99-f739c40e8c20,1499a449-e947-4a11-8275-6cebb790cc55,7945277.525329805,7945278.464809916,7945284.507679572,5825,200,0.9394801110029221,6.042869656346738,192
66dfe0c8-824f-49ed-9bdc-74ac2a2e88bf,7e807b78-aaf7-4e18-9fdb-0920fc3197a9,7945276.525464892,7945277.249750725,7945284.562163111,1972,200,0.724285832606256,7.312412385828793,192
9018be3e-b7d1-45eb-bb50-a92f2cc16eb7,0104d5da-d6e8-4faf-a555-f9f6d4a7bb8f,7945278.525475338,7945278.6531766495,7945284.71703107,1168,200,0.12770131137222052,6.063854420557618,176
1f403886-5833-4b5f-8a76-f0548d0178ea,d0407c26-66b6-4c04-bdcd-42c4cf762af0,7945268.525415353,7945269.285850967,7945285.396051266,1533,200,0.7604356147348881,16.110200298950076,176
8fb389ad-927b-4294-957c-066a0a7e3117,5c3e8855-2ec4-4575-b4e5-b5c5390ab615,7945268.525412576,7945269.287240561,7945285.39663321,1024,200,0.7618279848247766,16.10939264856279,192
5da2e267-c24f-471e-b886-5f76cc2eb62b,0b164cbb-2285-4c89-bbd3-c2dfe7308d2b,7945277.525316263,7945278.044582278,7945285.468863219,5425,200,0.519266014918685,7.424280941486359,224
3bbd94e9-487f-4add-b69f-08f50cce28f3,b710b504-2065-4aea-b3b6-ab4ec3d9d95c,7945279.525331197,7945280.5170458965,7945285.674352556,5993,200,0.9917146991938353,5.157306659035385,176
97053ecf-d91c-4cfc-aca7-01256a5845da,a250e4c6-5ced-46f2-9201-044fa60f3870,7945268.525424503,7945269.926406957,7945285.9981351085,5796,200,1.400982454419136,16.07172815129161,160
85aa82cb-d73b-4128-812f-ee642ce78218,e633d67f-10a1-4d3b-885b-8178d1e0dc72,7945277.525326911,7945278.473036769,7945286.33803208,5998,200,0.9477098574861884,7.864995311014354,176
e0f97cab-6e6f-425c-8cb3-1fa7145ddd26,00047ef7-70cc-456c-a8df-ea8d09c3fc22,7945274.525240071,7945275.153520043,7945286.649071524,1865,200,0.6282799718901515,11.495551480911672,160
1ab2532a-72d5-4d48-a80b-595a2daeeccb,501965a3-4916-4512-bcbf-c5576665398b,7945274.525237898,7945275.153327942,7945286.649791379,5797,200,0.6280900435522199,11.496463437564671,192
106db7fd-fac5-457b-87cb-cf2a6f22846a,6e7ec47e-64f8-4ae8-b1f6-f08af017e765,7945278.52547066,7945279.034319328,7945286.650518435,5904,200,0.508848668076098,7.616199106909335,192
23231ff5-5a6e-4562-a487-3eb84a12aa62,8dade6a5-bf2d-40aa-a543-271cc7bb9712,7945269.52548229,7945271.070696822,7945286.877732206,5788,200,1.545214531943202,15.80703538376838,160
4020a26c-9a8e-4d28-83d6-0793ea5dbcea,078b06e7-ab7c-40cf-8562-23fdd95b649d,7945281.525600843,7945282.056421615,7945287.0454547675,4554,200,0.5308207720518112,4.989033152349293,192
86747960-d2c3-4d38-81bf-c75e5f06c55e,38af1820-6e3a-43f3-a21f-2550ec17cdab,7945279.52533524,7945280.243620999,7945287.202650043,5861,200,0.7182857589796185,6.959029044024646,192
5bde0b62-9c45-4382-b7cf-37bf90bde74b,9fbec02d-9911-41d6-8baa-36a522f55af6,7945275.525354432,7945277.069506545,7945287.271860724,5857,200,1.5441521126776934,10.202354179695249,160
a002850c-07fc-4b34-a444-bfc2c4c96538,b784492e-fbfe-4f5c-ad22-38777c9aa7a1,7945276.525455406,7945277.070779243,7945287.273902399,1423,200,0.5453238366171718,10.203123156912625,288
dc5ff483-6b01-4d1d-a818-475d2a751997,d6267942-94f7-4bc7-a981-0011f37d47b7,7945280.525681921,7945280.894290607,7945287.311370188,3436,200,0.36860868614166975,6.417079580947757,176
5d71beee-bdd4-4f43-a233-85e904ebb52e,09a4736f-8ec3-4c07-8623-951bfc6297d0,7945282.5255452,7945283.123501571,7945287.531577693,1753,200,0.597956370562315,4.408076122403145,176
b21617a3-0283-44fa-9fc8-87563cff7a34,33748c07-1927-42a2-a7bc-a67ebecdee26,7945280.525697269,7945281.029826157,7945287.598579081,3090,200,0.5041288882493973,6.568752923980355,3088
033b8324-dc6f-40ac-9d84-99323eaa55f2,97c4f358-c6ff-4745-98c7-0d876f98f72c,7945280.52570296,7945281.028752364,7945287.597404338,2774,200,0.503049404360354,6.568651974201202,288
13835872-5d9d-43bf-be38-f042e21530d9,31724198-b4f7-40e3-b090-a4f14cbd4e46,7945278.525461275,7945278.977835641,7945287.904468641,5252,200,0.4523743661120534,8.926632999442518,224
c139ed43-506c-4f12-bd80-22cc1381258b,eeecd121-eb60-4085-8cb4-cc428f8c6a23,7945281.525597367,7945282.215047811,7945288.575028119,5860,200,0.6894504437223077,6.359980307519436,192
43764bbb-0559-4d50-bb01-81c2c81d012c,14a01310-08d8-4101-b64e-392c6c5a9e10,7945282.525548361,7945283.02815169,7945288.995126173,5826,200,0.5026033287867904,5.966974482871592,192
e1149b5b-4536-41ab-a02f-ac8140eb35a6,3291f6f1-c2eb-4d6c-b558-efa5b3d71e8f,7945279.525338014,7945279.677076687,7945289.1882268265,824,200,0.15173867344856262,9.511150139383972,160
81ea5adb-9e9b-49b9-8f05-5703b7394e4b,4a166d78-c54e-4c9e-9fde-6858b9f65f28,7945272.525524367,7945273.422753504,7945289.856604629,5974,200,0.8972291368991137,16.433851125650108,176
fa961e53-30a6-4527-a98e-803b55dae410,8797a59b-ae3b-4e72-b6ad-b0e2f7f7f714,7945286.525713112,7945287.025309637,7945290.489175285,2629,200,0.4995965249836445,3.463865648023784,0
08daa75a-e8ce-4c84-b3c1-55ae695a11dc,6ede9dcc-e033-4f78-82f1-d3939e868ed4,7945283.526038576,7945283.633401822,7945290.804621924,371,200,0.1073632463812828,7.171220101416111,192
79c68be5-6789-43ae-b158-183b26ad3390,0c823c36-4c9e-42f3-a2cb-f9f292d0c461,7945283.526035829,7945283.634515902,7945290.80576208,317,200,0.10848007258027792,7.171246177516878,272
0d75a167-2b7f-4084-bf83-b9033f22f7bb,c6b0082f-8512-4e8c-8158-de496426a922,7945273.525570983,7945274.300021176,7945290.871115104,3235,200,0.7744501931592822,16.571093928068876,160
04d566d4-9474-47cf-9cd4-c23760d3e0de,7b2a082c-c976-422c-8a99-3799ab0b075e,7945280.525691413,7945281.086667335,7945290.9600519305,5873,200,0.5609759213402867,9.87338459584862,192
59bb7a97-b413-4a28-a0b7-b63662c1bc30,5225e70d-d775-487d-9993-703af69c3222,7945285.525295797,7945285.71486113,7945291.1452387925,1386,200,0.1895653335377574,5.430377662181854,192
1958cac6-add3-494f-b894-b769ef994d07,8528c006-00f5-40f6-8a25-77286922ebac,7945281.525603727,7945282.202369912,7945291.4266258385,2889,200,0.6767661841586232,9.224255926907063,288
7b6b434f-97c6-4a7e-aec5-f7da54a1f19c,20d00695-8e08-4f17-924b-926a9c74f1b9,7945281.525607357,7945282.20454993,7945291.426865855,3763,200,0.6789425732567906,9.222315925173461,208
1e523cb7-f77e-425a-b3fd-876641ee0701,9715b382-2207-4200-ae1a-d50a4de85d98,7945279.525341146,7945280.134917738,7945291.5287174415,2705,200,0.6095765922218561,11.39379970356822,160
297e4a3b-e412-4480-a1df-0a93f54e69b6,59a07b68-d027-4c58-8f53-f4dbe747e9a6,7945279.525347711,7945280.271488825,7945291.552532758,1764,200,0.7461411142721772,11.281043932773173,160
b0a9a442-9deb-4536-a7e8-0febe56667ed,be530eba-376b-4e8f-ac04-19d4dbd07dab,7945274.525234524,7945275.322017595,7945291.800343175,4170,200,0.7967830710113049,16.478325580246747,176
73e076cb-07bc-4d9b-8663-2ed56adaac2b,28fb12fb-b0a3-4c00-8606-abeb6200d6b0,7945286.525723572,7945287.091587907,7945291.974659793,1892,200,0.5658643348142505,4.8830718863755465,192
532437da-a8ce-44a5-a120-bfac98a7275a,09a114dc-9e26-41a2-9556-c7dda7572a3b,7945280.525694523,7945281.692390069,7945292.216296506,2560,200,1.1666955463588238,10.523906436748803,576
800d8951-b98d-4aa6-8d0a-acc5ffbe3021,e94e4bac-5b89-4ab4-88e0-56a0d3a77778,7945280.525700323,7945282.939639238,7945292.268062892,5862,200,2.413938914425671,9.328423654660583,176
573d4b95-6b32-4c8a-a099-31be2bbab845,251488a3-474a-4d1e-86f6-49623c84f87d,7945281.525593482,7945283.579690144,7945292.292669138,5716,200,2.054096662439406,8.712978993542492,160
7ed518c6-8c42-4ed1-b8b3-c4fd7241b019,5b316c78-99d1-4985-abd3-6e4e2a9b9b8b,7945282.525534802,7945284.176135559,7945292.3150764685,3955,200,1.6506007565185428,8.13894090987742,192
a2a80dcb-d9cc-4e05-affd-ee2fcced39cf,206f0344-10fd-4960-a755-be0a3f6f3bbd,7945282.525551274,7945284.17398298,7945292.314918661,3069,200,1.6484317053109407,8.140935680828989,288
7d2c2484-ade1-419d-9d09-b31ebbf241ce,44ee6759-afbe-4710-9a07-470754ee7588,7945283.526018907,7945284.6564464355,7945292.338462755,4523,200,1.1304275281727314,7.682016319595277,192
c05c844e-3334-45a9-a6f7-4c6346ea130b,83d8caa5-57ac-4905-85cf-c21d81062681,7945287.525357012,7945288.034182847,7945292.431663743,5613,200,0.5088258348405361,4.397480896674097,176
8a00c786-8645-44e1-b36d-b1815127c19d,23113312-0fad-4b80-b9f6-043b5ba0ffc3,7945275.525366579,7945276.129878576,7945292.676310641,5820,200,0.6045119967311621,16.546432064846158,192
1c62ec31-ff0a-4417-b590-4cf35d672469,3863c8b2-df3f-4884-a3e4-1aacb3636b26,7945283.526029318,7945283.659871689,7945293.051787217,926,200,0.133842371404171,9.39191552810371,192
213487cf-9780-45f7-b355-6480711a537c,581cafb2-14db-48e1-b497-71c378c83cdb,7945283.526032931,7945283.859335578,7945293.0721352,2374,200,0.33330264687538147,9.212799621745944,0
6566f65f-9b6a-4778-9071-4025d3e987ad,7da1ea4a-b831-4edd-9d86-943efdff7926,7945283.52604714,7945284.782800771,7945293.128921319,3634,200,1.2567536309361458,8.346120547503233,192
7e58b4e9-a06c-48f4-b4bf-05c8ab5fa878,2fb02323-52e9-4187-9ca6-8cc5150e5a64,7945285.525302991,7945286.315819304,7945294.0987919625,5456,200,0.7905163131654263,7.7829726580530405,224
ddb72b87-0f10-424e-8b33-9603f06c7420,de1cb9d3-2a56-4689-8587-49e37031cda1,7945286.525720269,7945287.845396338,7945294.166878328,5942,200,1.319676068611443,6.321481989696622,192
890d665a-a478-4475-b0dd-fa4542f12b1b,c46f3433-c5dc-4f8e-8bd5-92b59359f093,7945286.525716716,7945287.845352697,7945294.1681936355,3250,200,1.3196359807625413,6.322840938344598,192
3564c2d4-eb9b-489e-9d78-0cdfdb2da20d,97c4f358-c6ff-4745-98c7-0d876f98f72c,7945290.526147091,7945290.966250029,7945294.603071979,2774,200,0.4401029385626316,3.636821949854493,2768
27ec1585-c84c-4c78-bcb5-cdfffa95b473,90eac966-f9f9-4b13-840f-dcacc715be88,7945285.525289255,7945285.936993514,7945294.963198071,3649,200,0.411704258993268,9.026204557158053,160
def34b6d-8a48-49d7-a722-ec924736a035,276fdbb7-620e-4ae1-8ce1-86b74747d193,7945277.525323888,7945278.569872926,7945295.0421283515,946,200,1.0445490377023816,16.472255425527692,224
919d33f2-498e-4e20-b00d-81ae8231a76d,c6e93bdb-1b75-49b3-89c0-6fca4b99a463,7945285.525292908,7945286.209565374,7945295.19195501,3252,200,0.6842724662274122,8.982389636337757,288
b317fbde-4db4-4b59-86b0-7f78d5b6867f,556d21a9-f87e-4272-88d3-bddcb85d1dc6,7945285.525299474,7945286.274991312,7945295.42367662,5536,200,0.7496918383985758,9.148685308173299,176
af43e83d-ff6b-4246-be24-6971aa716078,bb51e9bb-6a53-4f36-a01d-3fbf9732a874,7945288.525951684,7945289.318066667,7945295.92054847,6500,200,0.792114982381463,6.6024818029254675,192
db960c2e-f915-4a67-84de-7257f241543a,edb3862b-f606-4e5c-8e94-766f443c2f84,7945278.525473156,7945279.880844299,7945296.104164723,5824,200,1.3553711427375674,16.223320424556732,192
18be2bf1-d964-4738-8b46-2e84963e43be,b2a73fb5-90d1-4be5-87bb-fdae89d6d738,7945289.525571152,7945290.157862919,7945296.155810137,5767,200,0.6322917677462101,5.997947217896581,224
ee700947-f688-497a-86a6-348dac871505,45009f05-8ec3-41c1-9f3b-4980b24bd25f,7945278.525477128,7945280.176347582,7945296.341891653,6012,200,1.6508704535663128,16.165544071234763,160
ba8cfca8-ad9a-49b1-8bfa-29fface925ad,a797a020-2444-437f-9568-d6747acfe5a0,7945286.525700844,7945286.789638613,7945296.45314067,1193,200,0.26393776945769787,9.663502057082951,176
5cba8888-b688-47db-bc34-7c2a220590e7,bebb475d-ed66-4005-ab71-1d57eb5c900d,7945287.525353688,7945288.160791048,7945298.0181511175,5790,200,0.6354373600333929,9.85736006963998,160
f09b4fd6-ac83-4649-a0a5-971a2dfc2a98,5d903382-2f71-42b7-b9dc-4bc5c6d052a8,7945287.525339408,7945288.163484326,7945298.0229849005,1425,200,0.6381449177861214,9.859500574879348,176
94f6ba4d-430c-4db1-8317-dc09091f5015,1fe1a34f-8e25-4e36-ae24-58205ec125da,7945287.525361077,7945288.160710571,7945298.019823865,887,200,0.6353494944050908,9.85911329369992,192
5b409d5f-200e-472b-a983-29f4c39499e3,ce085c11-89ed-492b-a423-23ceb4fb69f5,7945293.525365873,7945293.618277356,7945299.061418922,3927,200,0.09291148278862238,5.443141565658152,3920
9bc40a8d-1e71-4a7a-b687-037485f5a4b4,c917a5f2-b9de-49c4-a68a-f66628f70043,7945279.525316752,7945282.475957558,7945299.115732499,5823,200,2.9506408059969544,16.639774941839278,224
3c8fb87a-6054-4400-a450-a9932470783a,03a34960-9841-4b38-880d-dc6fe5f4b1e1,7945289.525555424,7945290.399055824,7945299.153489399,5798,200,0.8735003992915154,8.754433575086296,160
2b4efde9-0b3a-4f19-88fd-bd2c1c6d6a7f,1fbe680b-764f-412f-b308-a3332b53fe1c,7945279.525343942,7945282.561617355,7945299.326277138,3293,200,3.0362734124064445,16.764659782871604,192
55abe95e-6d56-4fb5-a1fd-e8be0ad2dbb6,221d81a6-a99c-48c3-979a-bed8b07c62dc,7945289.525565834,7945289.926331215,7945299.9618575815,4303,200,0.4007653808221221,10.035526366904378,192
57ca90d5-1585-4cbf-96c8-3b1fc7fb82ca,8dec5286-27de-4939-906c-5de54fb45e43,7945289.525568746,7945290.358044756,7945299.988156704,5874,200,0.8324760096147656,9.630111948587,224
898582c6-45e2-47ea-938e-d493d9615037,e8935aed-8406-486a-82de-949afd4e6890,7945294.525349474,7945294.6312464615,7945300.113155656,4931,200,0.10589698795229197,5.481909194029868,4928
ad454f47-dba7-4582-953e-ad80c6f95b8e,16a9c0ad-f0ee-4645-acb9-8c2a2b4f31b3,7945290.526140651,7945291.04903342,7945300.235160722,5770,200,0.5228927694261074,9.186127302236855,160
7e2e62b9-1143-4296-bea1-2d3a0da289ea,7cce7bbf-7edc-41c1-8db5-a0b5f04ebe42,7945288.525940097,7945289.241069377,7945300.479367765,5759,200,0.7151292804628611,11.238298387266695,224
f036b7bd-b2b3-4972-a52d-67a9303a91f1,612562cf-dc82-4091-9195-13f5cf46b188,7945288.525955042,7945289.89463287,7945300.50511906,6377,200,1.3686778284609318,10.610486189834774,192
5ed9dfba-c348-4177-a9e8-0f33b34683ba,8b954204-013c-45a1-8e64-22e99087578a,7945280.525708497,7945284.3447207,7945300.868428258,2185,200,3.8190122032538056,16.52370755840093,176
98204ed8-32c7-4fa8-8137-1d26d32f1a5c,0197dbc4-c03a-4973-a560-145112c9a2f1,7945280.525705733,7945284.346612811,7945300.872994852,602,200,3.8209070777520537,16.526382041163743,176
61d55317-ee82-40b0-8bae-269e63df07c9,45ac57c2-a030-4b76-ba65-de45cfa1b3ec,7945291.525719314,7945291.776657663,7945300.919868429,2529,200,0.25093834940344095,9.143210765905678,224
507eb6b9-3911-41f1-8fa5-080224b83faf,490d6907-3b05-4b2b-891d-36751b955f0c,7945294.525346579,7945295.095528811,7945301.0123636685,6555,200,0.5701822321861982,5.916834857314825,192
da1ec6c3-ea17-4a61-9eed-fc2fe04d8035,2603ff50-67ba-4bd5-a528-2273d9612c7c,7945294.525343533,7945295.712325124,7945301.225530116,4115,200,1.1869815913960338,5.513204991817474,192
e42c38d3-908f-4c65-8dd2-ef35b1a40125,601c4cdd-f169-4ed7-8543-8969e14e1583,7945295.525403339,7945296.109977118,7945301.244157966,1332,200,0.5845737783238292,5.1341808484867215,1248
071559ed-57bd-4689-92f8-0005a3e2f641,ccce04d9-2f29-49f6-95f5-9876f1fbca73,7945292.525566178,7945293.052935487,7945301.282355243,4036,200,0.5273693082854152,8.229419756680727,192
72d5a46a-b173-4ed1-ba9a-67a63d105673,98bb6af6-6eb9-414f-b0e5-347f68e214d8,7945290.526136645,7945291.895853285,7945301.657087742,5827,200,1.3697166396304965,9.761234457604587,176
c6a0713d-c8fc-4039-a892-c452ff0740ce,2a148152-ec7f-4f3c-bac1-fedf3a496089,7945295.525382652,7945295.988471344,7945302.104909134,5062,200,0.4630886921659112,6.116437789984047,160
f2ac5a54-7b60-4b51-9b50-fa977000e258,59577ac9-a9d1-4bb2-ab3b-4f52b1dd4f35,7945295.525400858,7945296.094035857,7945302.12318498,5051,200,0.5686349989846349,6.029149122536182,3968
faaab5b9-2fcb-47ba-99fa-13200b19b1d6,ab6727d6-ea5d-4297-8914-f2164e43a7b6,7945290.52612533,7945292.003208421,7945302.279456807,5925,200,1.4770830916240811,10.276248386129737,192
903f4779-0699-4e10-b3a7-9df1bed9fc6f,0f3f2660-cb81-42fe-9b2e-142cfb744ded,7945293.525362246,7945293.845149956,7945302.321420088,1226,200,0.3197877099737525,8.476270132698119,176
f2416c81-f96f-4c15-9cbf-27be9089b46a,61987c71-acc7-40c2-ace8-960d5d78fe3b,7945292.525562375,7945293.194742766,7945302.32844426,3338,200,0.669180391356349,9.1337014939636,176
f2ffc00c-b365-48d5-b159-c51481e8d686,ec50982c-ca10-444e-94f1-b80515aa4a74,7945292.525552564,7945293.195668176,7945302.331852364,2790,200,0.6701156115159392,9.1361841885373,192
a703e464-fc74-4032-a090-b9c65aef93a8,7d15b216-bc39-4f34-b2b3-d676febee0a9,7945281.525576083,7945285.999895864,7945302.615772709,5744,200,4.474319781176746,16.61587684508413,192
41b116a2-036c-4ffe-997e-152581a8a602,60779b03-9d6c-4916-8ac1-b7e67f79f34a,7945293.525368666,7945293.898130441,7945302.803938792,4170,200,0.3727617748081684,8.905808351002634,176
63dc74bb-69f5-41e4-bec7-598f03a4aa5b,5733c9fc-fa76-4959-a50b-7f0346a1783f,7945293.52535011,7945294.39914437,7945302.944943131,5963,200,0.8737942604348063,8.545798760838807,176
08b7caf3-c468-4010-809c-87a987733005,1d79fb13-96b1-4015-ab88-e7a78c4a8f39,7945293.525378578,7945294.588007223,7945302.962732706,4389,200,1.0626286445185542,8.374725483357906,176
8466e26f-46d7-49e5-b4f3-360b5dca79f6,4b01567c-773e-4e5d-9dfd-7159a61aa362,7945294.525333718,7945294.963246158,7945302.991158043,5129,200,0.43791243992745876,8.027911884710193,224
b838dcec-e077-462f-8df3-66d661e66779,a84d8343-77a6-4dc2-b1e2-f650699bd2d2,7945295.525397217,7945296.056569853,7945303.221357814,5645,200,0.5311726359650493,7.164787961170077,192
c0cf0474-3e32-46d4-b4d9-f0971e9e9598,784e0c13-9a50-4ef0-b3f1-a33b47d0e2d7,7945291.525715209,7945292.667217114,7945303.721589283,2493,200,1.1415019053965807,11.054372169077396,192
c4aa3822-ef97-4c8d-b987-3733d742ace7,2b3753bd-a6a3-47ab-a1c6-98604516c789,7945291.52570436,7945292.668745317,7945303.723775624,5801,200,1.143040956929326,11.055030307732522,176
14fe89a0-5a90-4c21-b7b5-b6273a694616,19f80e13-e740-487c-a2fe-cf58eff93ac5,7945294.525352233,7945295.0438974025,7945303.784989154,5960,200,0.5185451693832874,8.741091751493514,176
3887ece7-bb0e-4c8a-ab78-be01b0c32a10,7fdc1d75-09a9-4ab6-a888-84216486e0c9,7945295.525393987,7945296.588209746,7945303.856559859,351,200,1.062815759330988,7.268350112251937,176
57ffbe55-bd31-4814-a16e-b93e93a3cbce,cb102b8f-c978-4954-a7b4-75be58ca1971,7945296.525571197,7945297.040872581,7945303.98033591,5741,200,0.5153013840317726,6.9394633285701275,160
d75e4045-3d63-4085-8dd5-b558bcbc87fb,9501b8ca-1708-414f-8cc1-3f76c4e7d95b,7945297.526044677,7945298.437580004,7945304.446377577,5793,200,0.9115353273227811,6.008797572925687,224
820d94d6-3b2a-4f1f-bf3c-0599b07f69f7,568962c8-a085-420b-ba02-0899cc1b6f27,7945284.525896291,7945288.103390026,7945304.469609426,5593,200,3.5774937346577644,16.366219400428236,224
7c19abdc-1017-40c0-b367-4faaae502882,2f00ecb3-5431-475c-92c8-62f44e364157,7945285.525277744,7945288.104470679,7945304.4695951855,2261,200,2.5791929345577955,16.365124506875873,176
9c70e927-f888-4472-a917-49316799e66e,4114d745-445b-491e-b8b5-4d53ec63dfe5,7945284.525910581,7945288.103659574,7945304.46867117,4189,200,3.5777489924803376,16.365011596120894,160
30e687aa-b875-463a-b5f5-05dfefe75346,5851d51b-6e17-492e-ad31-2585933c39f8,7945293.525374849,7945293.723624135,7945304.488392075,1521,200,0.19824928604066372,10.76476793922484,176
69a3319b-423b-4f69-bee8-278602babaea,a25e3df9-dbff-4d55-96a3-c6f85b4f539a,7945299.52577229,7945300.072753922,7945305.6032778565,5008,200,0.5469816317781806,5.530523934401572,192
b95fc47d-68de-4a51-88b9-2f18f7f04dbc,d656f1dd-d1f7-433e-b872-647096358cf9,7945299.525779163,7945300.071317035,7945305.601948558,1554,200,0.5455378713086247,5.530631523579359,224
6aa11ec4-a293-4f59-a3c6-b35f418ae5d9,20f7722c-257e-4fc0-a0ef-a9317d331594,7945300.5258777,7945301.2207248965,7945306.141810171,2963,200,0.6948471963405609,4.9210852747783065,256
30ff9aeb-d53c-4879-a850-ce0957044bd0,79f2d12e-d808-4a55-805e-224c8771f70c,7945297.526031676,7945297.818460256,7945306.225002789,2746,200,0.2924285801127553,8.4065425330773,176
2189cf37-00bf-446f-b8db-2e90b851de44,09f86892-013d-460e-90dd-32d2109938a8,7945297.526049118,7945298.317127791,7945306.246372336,6599,200,0.7910786736756563,7.929244544357061,160
16e390dd-04c1-4ba7-ae4f-f17624f014a4,eacc26c8-36c3-4905-b4ae-7c3f6f32cab4,7945298.525290367,7945299.211775344,7945306.570818582,5818,200,0.6864849766716361,7.3590432377532125,192
3bcb927b-f7fa-4946-8ce1-462f02d0d20a,57f7a3e9-60cc-4567-8919-92cabd76d7b4,7945298.525298179,7945299.452472073,7945306.589019534,5797,200,0.9271738938987255,7.136547461152077,192
3e827f9c-42e3-453c-8806-fe1f04686d52,6e74ee06-6ac8-4d04-9a46-51b1a783fe4b,7945293.525372158,7945294.361239406,7945306.619183767,2907,200,0.8358672484755516,12.257944360375404,192
9355a336-de46-49af-b7aa-ec06a3e20c5f,81244ec2-a453-4996-999c-184f1e6202d3,7945299.525784963,7945299.7755250335,7945306.639861407,538,200,0.24974007066339254,6.864336373284459,192
7c434ec1-f50d-46b7-94da-fef48d9e5b8b,254b4543-48a6-45a0-8dae-93a3653846fa,7945300.52585988,7945300.817281421,7945307.315208834,1874,200,0.2914215410128236,6.497927412390709,224
bf58e4c2-350e-4f32-9e28-7a45763656d0,7ba0da8a-0f56-4c28-b2a7-81100b97567a,7945300.525848589,7945301.332559389,7945307.327565595,5995,200,0.8067108001559973,5.995006205514073,160
dba66d76-0d20-4c66-bf02-c89ed74c87fc,19263e45-89bd-4a00-a708-a3bf3f0e3af5,7945296.525552044,7945297.229942668,7945307.384385064,2777,200,0.704390624538064,10.154442396014929,160
3dd39f77-e8ef-47ab-b384-646f014b4cd3,a00140f4-0ade-41f6-b4af-6740447d97b4,7945287.525349918,7945290.873058349,7945307.713467563,5893,200,3.347708431072533,16.84040921367705,176
33633d32-aee1-4677-85db-ddd26932c963,a59111b4-1b04-48fb-a53b-3d5b62969d1e,7945300.525867386,7945300.912834754,7945308.13813943,3827,200,0.38696736842393875,7.225304676219821,160
82804c75-f82f-4075-9e71-9b52651fcd7c,6e7ec47e-64f8-4ae8-b1f6-f08af017e765,7945296.525562216,7945296.65055888,7945308.206735112,5904,200,0.12499666400253773,11.556176232174039,5888
cd44a7c2-9ef0-41e4-b971-8ed97057aadd,14b1dd48-4c91-4e37-a5f7-f180426994d1,7945296.525565649,7945297.255976998,7945308.228867124,2324,200,0.7304113488644361,10.972890125587583,160
15c1aa8c-5c8a-42b4-a2cd-e7b13cd60702,9f27686b-2149-4bca-8509-5927f5127a3c,7945297.52605215,7945298.504441645,7945308.445336968,5909,200,0.9783894950523973,9.940895322710276,192
d4ecd473-7cf5-405e-9a9b-6659c6b675a9,293f081a-8730-47d2-9b8a-df7eef9cb2eb,7945298.52527968,7945300.275865845,7945308.595462783,5815,200,1.7505861651152372,8.319596937857568,192
1c7cc68e-3cf8-484f-88dd-6445ce2d254c,2a200b0e-87df-47b7-81bc-39baf29c6b9b,7945298.525294473,7945301.52761706,7945308.639864677,5352,200,3.0023225862532854,7.11224761698395,192
5ce5441e-343a-44a5-aaac-bee1a181cb76,b5058d29-2d8e-4366-87a2-b76d642064a2,7945299.525775803,7945301.703830274,7945308.6612486625,5827,200,2.1780544705688953,6.957418388687074,176
40b80e25-ee99-41ba-8668-93bc08f04414,61da347d-e982-42dd-92bc-c0eeeaf1345b,7945301.525401882,7945302.202968005,7945308.793720408,5911,200,0.6775661231949925,6.590752403251827,176
3b920bc6-5ddb-40f3-bed8-831dcda84f11,b722212a-bf93-49dd-a1e2-451abc2fdeb6,7945301.525415894,7945302.431159138,7945308.812431774,3459,200,0.9057432441040874,6.38127263635397,176
df8438d6-9735-4283-beaf-54ce2c191cff,fe84a795-3452-40db-ae44-f13da36f0758,7945301.525418559,7945302.4313689405,7945308.813364868,2362,200,0.9059503814205527,6.381995927542448,160
9ee93099-0358-4251-8d37-4591d16c20fd,15229d22-b8db-4859-b05c-02bdcc0e3805,7945302.525619917,7945302.834288277,7945308.904961656,2912,200,0.3086683601140976,6.07067337911576,192
9fe64e2b-e1b2-4597-8a6e-a5bc08987026,d6d22620-64b1-4f4c-bec3-3d7d2a775409,7945302.525609956,7945302.77803554,7945308.990784852,1559,200,0.25242558401077986,6.212749311700463,16
f5f8fc8d-45bd-4053-ac2f-e10474f666bb,a1bd7a62-29c7-4723-bfc6-6793e7811f26,7945290.526151812,7945294.161442889,7945309.241535234,5882,200,3.635291077196598,15.080092345364392,224
39ed80c9-d3cf-4737-839e-f9eab124fb58,e180963e-6ab9-422e-869f-f2893c37c741,7945290.526143803,7945294.455432052,7945309.26892531,5799,200,3.9292882485315204,14.813493258319795,160
4d350497-9e6d-4ff8-8a38-852acccd05dc,c91e4b66-6774-4225-a6bb-c2cc9c38fdf9,7945302.525606701,7945302.79447617,7945309.292436464,776,200,0.2688694689422846,6.497960293665528,176
001239d1-b21d-4c30-b8d7-f67412eb3e14,5c3e8855-2ec4-4575-b4e5-b5c5390ab615,7945292.525568783,7945295.033933904,7945309.448200087,1192,200,2.5083651207387447,14.414266183041036,192
34cd9c41-faf4-41f0-ae64-05dfe8c2bf5e,9bd61232-8caf-433a-bd02-304451d8e1ad,7945302.52562262,7945303.5957466895,7945309.491629962,746,200,1.0701240692287683,5.8958832724019885,160
0b03fb06-847f-419a-89df-151f26fb1a3d,8528c006-00f5-40f6-8a25-77286922ebac,7945303.525603379,7945303.735508669,7945309.682101414,2879,200,0.20990529004484415,5.94659274443984,1040
9cfb9446-2018-4d86-a5ab-c62a46d93721,878ecc65-caa1-4b04-9675-7658ee646019,7945303.525607605,7945303.663543433,7945310.054448074,1249,200,0.13793582748621702,6.390904640778899,192
c0695ae7-e0f8-4410-b9d5-8362dc0d0fe5,b0f875bd-53dc-480e-bcb5-66c8ace73365,7945296.525568431,7945297.415884827,7945310.159547699,5735,200,0.8903163960203528,12.743662871420383,160
d20eca5c-79a8-4fc8-a99c-daebfb081d1f,cb11717f-7d06-4a74-b58f-3b3b2686cb99,7945299.525762789,7945300.213850689,7945310.331115773,5857,200,0.6880879001691937,10.117265083827078,224
e0d8c64f-64d6-4b7c-940c-b003623bc369,1d803b13-be9f-4e66-8c79-38894ebdad27,7945303.525611006,7945304.204607591,7945310.445165239,5966,200,0.6789965853095055,6.24055764824152,160
1803008b-e1e5-4d69-9525-19e4e26d7481,6e2c4bd2-ce68-4b03-932b-3f32ace53c93,7945304.526008104,7945304.652450318,7945310.457152545,493,200,0.126442214474082,5.804702227003872,192
03b5d003-6d5f-475b-91c6-1b1cacde32e3,11dfe4ca-c40e-4ec0-9baf-a1e65dd9a209,7945304.525991381,7945305.249582542,7945310.477218507,5767,200,0.7235911609604955,5.227635964751244,192
a30c02e8-8a2c-4880-a69b-6258bfad9e36,d1752466-c0f7-4061-b019-7354f72bcec8,7945305.525437719,7945306.0533650005,7945310.586060301,2324,200,0.5279272813349962,4.532695300877094,160
0c02b597-4df9-47fa-8673-cc982962e6d7,b08c814d-ff48-4bed-a60a-5b70f4b938b3,7945300.525881027,7945302.27297625,7945310.639825172,5980,200,1.7470952235162258,8.366848921403289,160
9d50bd6c-b37f-4714-9722-0e60ba6cf634,13376dce-20c1-48e3-9810-791d0ebf106d,7945300.525874512,7945302.276587884,7945310.641985511,5925,200,1.7507133716717362,8.365397627465427,176
f3abdca9-25df-48d1-9b3e-df9947df863d,3863c8b2-df3f-4884-a3e4-1aacb3636b26,7945302.525616936,7945303.44391182,7945310.778776046,1081,200,0.9182948833331466,7.334864226169884,192
210374d6-2663-442d-b5d3-2d552a872d27,a4761885-b35f-4618-9cb1-2040a011c551,7945306.525211339,7945306.822000296,7945311.007338925,2048,200,0.2967889569699764,4.185338629409671,192
ae621a3c-0548-40e0-9268-ac8eb4442283,206f0344-10fd-4960-a755-be0a3f6f3bbd,7945304.526004256,7945304.829928022,7945311.271820033,3078,200,0.30392376612871885,6.441892011091113,992
