request_id,conversation_id,send_time,ttft_time,total_time,tokens_in,tokens_out,ttft,tpot,cached_tokens
cef21cec-f14b-4768-a991-db650e68a76c,90459a3b-3485-49f1-9ff4-20b06e66b7dc,7944947.605418184,7944948.8205138,7944953.157172858,5927,200,1.2150956159457564,4.336659057997167,160
88135bde-da3f-48e2-bca2-35b61800f362,1a988c14-d0aa-42e6-93b1-f46a41f68179,7944945.706213146,7944946.531787021,7944951.296672929,5906,200,0.8255738746374846,4.764885907992721,0
31b7176b-5d0e-48ff-93ab-ee945ee214c6,a97b3419-50d1-4d99-ba18-6269343a8188,7944948.521190159,7944948.993119371,7944953.206103373,3336,200,0.47192921210080385,4.212984002195299,160
5ae39ebc-c203-49b7-9b13-7a4dc7f34548,6ee396d8-db4c-4684-88ab-113b143832cd,7944945.706228265,7944946.862388386,7944951.332613682,5614,200,1.1561601217836142,4.470225295983255,160
89fee01d-d421-417b-a6b9-92f3264d5cb1,126d60f8-035c-4467-9714-706011decbc4,7944945.706224287,7944946.429917908,7944951.334266942,5280,200,0.7236936213448644,4.904349033720791,0
d3d942bf-b79a-4b56-8801-6e219cfa7cf6,dec5032f-5640-4adb-8120-132fbe0e8a7b,7944947.605397987,7944948.113203615,7944953.323305249,2426,200,0.5078056277707219,5.210101634263992,0
68bbd7ee-f623-4474-a823-f970cc23ac72,16ee1f98-70d1-4f25-b592-1d867d4d1193,7944947.605395112,7944948.481259295,7944953.325893331,4558,200,0.8758641825988889,4.8446340365335345,0
35dd13eb-abd8-4edd-a522-b4b4e2067c82,9d3da819-d55e-499b-8c32-f0bc4ad5ad0e,7944947.605413595,7944948.47570961,7944953.322737707,512,200,0.8702960144728422,4.847028097137809,176
c7144ebc-51be-4f87-93e4-af4ef260f33d,1bfb8811-2bed-4519-a6c0-e896b99e94ca,7944948.521161822,7944948.913929812,7944953.460235608,3863,200,0.39276799000799656,4.546305796131492,0
8ce08b82-6094-4a5b-867a-32e06769b1eb,bce6251d-3800-4c24-95b5-d0897fa4e7d4,7944947.6053082,7944948.353120605,7944953.528619972,5778,200,0.7478124052286148,5.175499366596341,0
f8b33ef6-9ca0-4438-8f0b-11619e198df8,5c06298c-86e7-48f5-99ec-f360b1699941,7944947.605323552,7944948.222075515,7944953.682425329,3797,200,0.6167519632726908,5.460349814034998,0
9c40b4c9-f1b8-4c16-8ac3-020b96cf4516,12a20126-19e5-4ddc-b4e6-5b1c4432afdc,7944947.605410034,7944948.636734588,7944953.679208236,5800,200,1.0313245542347431,5.0424736477434635,0
e3847112-43ca-44cd-9c2b-cbb76f21e667,d3954709-3e90-4162-b807-366fedb25f30,7944948.521187043,7944948.990063312,7944953.683482422,2391,200,0.46887626964598894,4.693419109098613,0
0bc06249-f7fb-432b-9589-a6fec8607047,cf4fae3f-b581-4c59-9fef-3738c46b3c2b,7944947.605407282,7944948.564557416,7944953.6814752,1952,200,0.9591501345857978,5.116917783394456,160
c857ca9e-e1b1-4573-9d91-1bb5c58001ae,bea7b331-6d61-47ee-bb30-fd850a81bff3,7944948.521196373,7944948.9885637835,7944953.685915732,2380,200,0.46736741065979004,4.6973519483581185,16
3b786b2b-67d8-4497-82c1-7783f30d716f,c3afa93c-0f3f-46f3-9ff6-4aa96ba3a472,7944947.605403749,7944948.563913462,7944953.68558429,1075,200,0.9585097124800086,5.121670828200877,160
1ad5df79-794d-4c7f-842d-ee4d2a35917f,50255ca8-a7bc-49f9-aa44-a33caa66a0be,7944945.706218554,7944946.4820793625,7944952.111111998,5944,200,0.7758608087897301,5.629032635129988,0
991a3922-a0b6-4006-998c-e37ad3c4fc5f,a2d50e13-b70d-4fc7-ae7b-c9da9cadaf6a,7944945.706185404,7944948.361621242,7944954.169822606,5739,200,2.655435837805271,5.80820136424154,0
a426f069-bb57-461b-9e56-075caf7a775c,9136ede0-846b-49de-ba9b-d51df17940f6,7944947.605320784,7944948.988399007,7944954.185541766,2209,200,1.3830782230943441,5.197142758406699,160
8f456d98-10aa-4fa8-a8e7-89819538719f,21dbf6ef-22d2-46e3-ac48-9cb8657506d9,7944947.60532582,7944949.675139508,7944954.235110751,2847,200,2.069813688285649,4.559971243143082,0
2f6a91ad-1b59-41da-a954-f8b6bbf6b8ed,f93cf9d2-38b2-470c-ab49-c0cef71be9fc,7944948.521174348,7944949.677650547,7944954.238060193,4903,200,1.1564761986956,4.560409646481276,176
43932f51-60aa-45fa-84e3-0f067a147eb4,57bce021-31a9-4e18-abb7-e343db79493f,7944947.605316413,7944948.988994257,7944954.238566919,5873,200,1.3836778439581394,5.249572662636638,224
aeadec02-26ab-46ce-af28-3178d9d4f6bd,af106407-ea10-4304-a36e-a9f2fe57ec32,7944948.521180837,7944949.841220906,7944954.239072549,2712,200,1.320040068589151,4.397851643152535,16
6985e935-cba8-4322-b8c4-8ec695234080,768e7329-8d72-458d-b447-38a0758c3ca0,7944948.521193089,7944949.838733784,7944954.239530645,560,200,1.3175406949594617,4.400796861387789,0
981bf988-65d2-41e2-b4f8-250af6e94c4e,58843bbc-fa60-4c1f-af2c-099aaaad1548,7944949.535969837,7944950.104052008,7944954.306469648,1719,200,0.5680821714922786,4.202417640015483,0
bb5d6d24-ef34-4426-85fd-28f5b0a672a3,e8a795ee-9f90-4976-894b-7318b1215e72,7944949.535972977,7944950.429954549,7944954.345187213,5718,200,0.893981572240591,3.915232663974166,160
4213776e-43d0-4c48-afb0-78739b5cb9ca,3576d3c5-71c8-4aa8-bb01-7f961dd7500d,7944947.605411945,7944948.796435988,7944954.406244782,6317,200,1.1910240426659584,5.609808794222772,176
94b4c60d-0674-4e42-bbd0-993cca9b31e6,9b851f62-5c3b-4f7e-9c1c-652e52982025,7944948.521178011,7944948.8711335175,7944954.438283138,613,200,0.3499555066227913,5.567149620503187,0
4acd563d-cc78-47c9-8e98-48a190299184,d0030985-3721-47a2-be3f-a716ff7779ef,7944949.535963166,7944950.207994227,7944955.105297387,3109,200,0.6720310617238283,4.897303159348667,224
836a8573-72d3-476d-befb-b6b790050ca2,36c06fe6-5b24-4d05-aa49-6e7c64045ab9,7944949.535977424,7944950.427869789,7944955.129647646,3241,200,0.891892365179956,4.70177785679698,176
0534c785-bc24-4cba-86f0-db339e643a82,aa3f314e-70fe-43e2-ba6e-eb6dfbb6f833,7944950.55733354,7944951.470025782,7944955.797443756,4708,200,0.912692241370678,4.327417974360287,176
9fa6bc54-113d-4967-954b-b8f07a8604e5,94392b0d-8f83-4e2b-80c5-1cb03c746275,7944949.535975497,7944950.2254411895,7944956.269178109,3444,200,0.6894656922668219,6.043736919760704,176
53319a4e-8052-4197-9691-b6d577eecdf9,b1d48415-2679-4cdf-930c-839699995501,7944949.535937116,7944950.162990959,7944956.907356221,2393,200,0.6270538438111544,6.744365261867642,0
c4698ba7-4f24-4ad5-aac7-4eb106a2fb9d,2871c9ae-c754-4c2c-804f-828a39cb9175,7944950.557342472,7944951.5790954465,7944957.243146709,5810,200,1.0217529749497771,5.664051262661815,192
ba027d15-5c74-47e1-9462-92550d06c2da,881cd439-cd62-4d96-be83-b9b80c159776,7944950.557322597,7944951.18979706,7944957.545487513,1052,200,0.6324744625017047,6.355690453201532,0
1f58a87a-d010-4d1d-9550-8d1c48364279,01bf6cef-c97b-4d6f-8ae2-8102bf0f9a79,7944950.55734534,7944951.612196358,7944958.183219385,5930,200,1.0548510178923607,6.571023027412593,224
5b7b57c3-69af-4c1a-b6a8-7ae40c296320,1b1e4f29-258e-4294-b6b5-79b12ac8f92a,7944950.557352655,7944952.237670463,7944958.201476068,2194,200,1.6803178079426289,5.963805605657399,192
ffd3b29e-9f68-444e-8eec-34246f49ded2,fdb31cc6-26d5-438f-b807-c434b38142f1,7944950.55735021,7944952.238753736,7944958.203192987,5940,200,1.6814035261049867,5.964439250528812,176
be20ac9f-f760-45a3-ac08-e8437db079df,b4c5b65e-b0b2-4149-a9a2-a49a11473845,7944951.557394578,7944952.7726591,7944959.372717341,5748,200,1.2152645215392113,6.60005824174732,160
83b472ac-ac5a-4fc1-a2bf-f121480e1cbe,5e34dc58-8d28-4946-b67f-f69a67bb089a,7944949.535967154,7944950.632495675,7944959.5651354315,5389,200,1.0965285208076239,8.93263975623995,160
b20230b4-6488-4c16-9398-74ce9b154cbb,d6ffa9d6-2f92-432f-a7e0-2110ea985d38,7944949.535979652,7944950.893778438,7944959.585776635,5780,200,1.3577987859025598,8.691998197697103,0
2eba1188-e706-4a1d-b377-73804081f54d,70e7939a-901f-448b-86db-5ca1cf795b25,7944950.557347532,7944951.597390214,7944959.970062262,5759,200,1.040042681619525,8.372672048397362,176
9ebba78b-8996-4299-838d-ef19ae678ed5,0b4cd372-bd8b-4110-ae65-321a75436596,7944945.706229867,7944946.209078864,7944958.309617487,2305,200,0.5028489967808127,12.10053862258792,0
2c934a08-32ae-4dc3-a899-363b9dac081d,109911a5-9e24-4bdc-95c0-fd2a56571c91,7944945.706221676,7944946.806673684,7944958.344451661,6017,200,1.1004520077258348,11.537777977064252,0
b2e27a42-3717-4aee-89f1-c740f1b0597a,b3f909ce-018e-4430-b0f6-b0dfbcd17eb4,7944945.70622633,7944947.425447483,7944958.367628038,5564,200,1.7192211523652077,10.942180555313826,176
424790a9-e333-483e-9080-0025de58fa2e,e74245db-a56d-47ca-9c2a-8e63314d403e,7944947.605399928,7944949.298485297,7944960.24196463,2682,200,1.6930853687226772,10.9434793330729,160
b69fa2ea-75b4-4620-80d5-aefe25450ec0,d3326a24-2cfe-423c-b12e-a234f3b6df37,7944948.521183699,7944949.601258929,7944960.272588509,5879,200,1.0800752295181155,10.671329580247402,160
becb469f-dac1-495f-acb7-cd59d5aff6ed,e1189205-6824-4411-804c-f395c62b7c66,7944952.549425558,7944954.165025569,7944960.3499424225,5807,200,1.6156000103801489,6.184916853904724,160
bd663a22-7690-4fa1-955d-39f108d09630,61124a8b-68ac-4ded-b169-e18061937ffa,7944953.625808307,7944954.695188428,7944960.338132289,5829,200,1.069380121305585,5.642943860962987,192
ffafe63c-475a-4914-9bb3-7fcc3afb27d5,ad505044-0649-4c84-9a66-a33049893e40,7944953.625812229,7944955.321163119,7944960.356823191,5592,200,1.6953508900478482,5.035660072229803,192
a532f3eb-0f78-4948-9cde-bc621e3da855,d2d5bd84-b3bd-4a48-8157-0a1a9475ba55,7944954.522358185,7944955.842018009,7944960.823364419,2186,200,1.3196598244830966,4.981346409767866,176
dcb0462a-9317-40d4-8409-914207a28202,f54b1d08-f79c-4df6-86d7-835552a2e20b,7944955.538093399,7944955.955846291,7944960.832290513,1563,200,0.4177528917789459,4.876444222405553,192
af6fe392-bee6-4eae-81aa-1e1a57b110ba,6b44b6e7-0ae8-483a-b986-2de5bf8a3a9d,7944955.538096178,7944955.946093531,7944961.247410409,3090,200,0.407997353002429,5.301316877827048,176
65f7b27e-a098-4366-ab28-0d074d0b9f3c,f4aff892-842b-4e98-af4c-cfd1deacf96e,7944952.549410341,7944953.830125213,7944961.998573168,2193,200,1.2807148713618517,8.16844795551151,16
f09f212f-5a55-43b1-b63b-e8d0fe6e8cb0,8f859b06-32e8-473b-8002-142e58a5ff49,7944951.55737644,7944952.833656417,7944962.1986978715,6346,200,1.2762799775227904,9.365041454322636,0
8002f51a-0857-4363-93b8-5f3c573af391,861e29f7-4713-4676-b1bc-a4d3d62f4ef2,7944953.625800669,7944954.1373227695,7944962.42448281,2599,200,0.5115221003070474,8.287160040810704,0
eca29ed2-4fac-4f8a-89a0-20e83898e43c,25764557-8d50-4bc3-8d58-ccb7ee44ac5a,7944957.520209016,7944957.717141827,7944963.229603829,2027,200,0.19693281035870314,5.51246200222522,224
8ac416bc-30c9-4173-bb3e-a184d52b4a1a,9530f0c6-0a29-4251-88c5-b383e57f7761,7944950.557340053,7944951.234586612,7944963.651406309,1470,200,0.6772465594112873,12.416819696314633,176
6205d464-ed18-486e-a4d1-6ae28e86d597,f5b97146-dcd1-49f1-afff-ca5345e46e8b,7944950.557336706,7944951.709819809,7944963.654199556,5821,200,1.1524831028655171,11.944379747845232,160
9f690d6a-a0f0-42e1-a4b0-58983a248c55,50a6fd55-dd24-4441-9105-8785b6a488a7,7944958.520176978,7944958.6883301465,7944964.181944192,1588,200,0.1681531686335802,5.493614045903087,224
36c782db-55f4-46ca-b9a7-3f80bf7716da,4df870a1-f984-48dc-93fb-96ee01475d6f,7944955.538090624,7944956.309472114,7944964.311263094,4345,200,0.7713814899325371,8.001790979877114,192
2d0d4f61-434c-446c-9698-fafbf3220535,c47b88bc-8337-4fcb-bb63-b8c147f8261e,7944955.538104206,7944956.670261478,7944964.32887318,5816,200,1.1321572717279196,7.658611701801419,176
1e7c70a0-2db6-4768-b634-2428f1fe4e5e,46874def-a8d1-42c8-9ef7-379c30144d14,7944951.557398065,7944952.778306196,7944964.533008691,5796,200,1.2209081314504147,11.754702494479716,0
dbef739d-e3e2-4592-b7d3-f03a64a92af2,b1d48415-2679-4cdf-930c-839699995501,7944959.52079834,7944959.57625787,7944965.539646914,2490,200,0.05545952916145325,5.963389044627547,2336
81951792-39c1-4a9a-a88e-70aa2f36d098,8aa6063f-9cd1-4748-bc9a-78c44fd7370a,7944952.549433222,7944953.800557369,7944966.146480057,1563,200,1.2511241473257542,12.345922688022256,16
6dd1b82b-fbe4-4cdd-8fcb-2943de00204b,0f386fc6-2621-495e-924c-56970457578f,7944953.625813956,7944954.325237717,7944966.318022304,5879,200,0.699423760175705,11.992784587666392,192
ab223ce0-7a48-440b-a9b3-04bf0c307ede,cb5f3703-6da0-4120-9adb-188860ebbdd5,7944953.625806204,7944954.003405971,7944966.467608535,1995,200,0.37759976740926504,12.464202563278377,0
7f7cd15e-aeb0-4942-a3c7-64722c6325a0,5b395a28-37db-4f2f-9699-dc343bce8a3b,7944954.522384536,7944956.753770443,7944966.589319875,1120,200,2.231385906226933,9.835549432784319,176
e3ac0ec1-fa38-4216-baf8-ee4456040335,cc69a023-c1c3-4dcc-9d6f-d347a10e1419,7944956.520087236,7944957.143683108,7944966.610378034,4015,200,0.6235958719626069,9.466694926843047,176
9715a69d-f345-4522-bb2b-9ae40c9e86d6,12968104-ad78-488d-a9b9-865ea70aa9e0,7944957.520227729,7944958.116255339,7944966.818319111,2769,200,0.5960276098921895,8.702063771896064,176
e4ec0a02-200d-4fe2-a0a0-38b5d9519178,76489012-fef6-4640-b537-d17bb55de8c8,7944961.520183749,7944961.760431351,7944967.1162330145,2492,200,0.24024760257452726,5.35580166336149,176
536249e3-69d2-4e71-8050-13d6fe149d71,27e00e2e-21f7-46b8-8008-d0a46fedbeee,7944960.520110259,7944960.6186013,7944967.225053458,643,200,0.09849104098975658,6.606452157720923,16
da43653d-df5c-4d97-8ac7-3fde43ed21e0,f77b3e1a-28ab-448e-9c49-1437284550c7,7944958.520183433,7944958.617037528,7944967.266136856,544,200,0.09685409534722567,8.649099327623844,224
86822b18-6d5f-421b-a496-de10815d7d1b,77c5fe55-dea3-47e3-9fa4-17d19b193453,7944956.520097702,7944957.019742847,7944967.330542517,5869,200,0.49964514560997486,10.310799669474363,192
3417b442-b784-415c-b0c0-8d7a6c5e2c09,53775c11-23d0-4c0f-9a63-56b35a9ba870,7944956.520110471,7944957.640659402,7944967.35279021,5747,200,1.1205489309504628,9.712130808271468,176
b28756ae-75bf-4603-b9e5-6104aacdcefb,977ac36b-bb7b-4aac-bf3e-938831af0d6d,7944956.520101758,7944958.2648273315,7944967.3774190135,5699,200,1.7447255738079548,9.112591682001948,0
fd8d5b82-01da-4e4f-ac36-d1388ede50c6,ea0112a1-5acd-4249-9207-038c80625b12,7944957.520234435,7944958.344769665,7944967.404139144,5872,200,0.8245352301746607,9.059369479306042,176
74756045-4290-496f-949b-e8085936c733,3899d1b8-965e-459d-a293-a76d5121cf61,7944962.520352274,7944962.746362339,7944967.514413864,2616,200,0.2260100645944476,4.768051525577903,224
a774a049-ccd1-42f4-8b3a-99af1608f3cb,bfd839f9-7891-4b73-8ec3-0ec4e6a3b69e,7944963.520416319,7944963.698005181,7944968.504675062,2123,200,0.17758886143565178,4.806669881567359,160
bdb1e5bf-de42-4d0c-a40a-1eb38be82285,ccd8f2c3-44d3-41c4-91db-1ba4dc5f9701,7944952.549428064,7944954.098961723,7944968.529699093,2364,200,1.5495336586609483,14.430737369693816,192
b0bf93f9-9734-4964-8be6-56a3d9f60119,6cfd20c7-df85-4041-b191-f790c3146abd,7944952.549422214,7944954.100928315,7944968.534247939,2977,200,1.551506101153791,14.433319623582065,176
822f4d25-a7fd-431d-858c-27fa19b868c3,320cf5f0-a5c1-49b5-91a9-a20c3778432b,7944953.625779377,7944954.676044778,7944968.53265095,5446,200,1.0502654006704688,13.856606172397733,160
500954a3-7d75-4c4f-9154-7731e294f394,795cc20d-671d-410c-bce2-c55dbac8dc37,7944953.625803891,7944955.310596837,7944968.565792644,5972,200,1.6847929460927844,13.255195807665586,192
8a2aed98-94aa-4a23-8774-f19cdc1f60a8,bbbe54a6-230f-48d7-9ca5-8eaad95f2b7e,7944954.522374481,7944955.984614046,7944969.058925737,754,200,1.4622395653277636,13.074311690405011,192
9e1ff023-5a67-4395-bea3-26dfca279099,cfcf8ea2-39e8-4b65-a05c-99c6f74fc7ff,7944954.522389251,7944955.982313825,7944969.060911568,453,200,1.4599245740100741,13.078597743064165,160
8eedb7c5-ba47-43c0-a806-b7494336c097,3d3d0540-f4de-4214-9bb1-6b9e805f2954,7944955.538101637,7944957.236254717,7944969.108059331,6026,200,1.698153080418706,11.871804613620043,176
22523a48-6b94-4125-92fd-87615665f527,6ec635c0-f7da-4c2c-a7f4-be19d54eedfb,7944956.520107628,7944957.683325376,7944969.144048527,4817,200,1.163217748515308,11.460723150521517,192
7bea552b-ea08-45e2-aeb8-22becf97c70e,e4dc0ced-f82e-4bf7-a8a7-2b3c0cd1ba02,7944955.538098908,7944957.675754206,7944969.13695799,1349,200,2.1376552982255816,11.461203783750534,176
904973eb-65a2-4791-b32b-8f58a5ef1a29,2a3ec4c6-ff7d-4eb7-bfc6-c8b98976fd17,7944957.520230748,7944958.858775734,7944969.197029631,2218,200,1.3385449862107635,10.338253896683455,192
1d4bf958-1c2a-460e-ba42-3378a7dd8264,4346426a-d1cf-4421-a05c-b8084161d1b8,7944957.520244188,7944958.857081993,7944969.195841023,787,200,1.336837804876268,10.338759030215442,176
a90a0d82-d2d0-438a-9ee3-3fe16d9c8516,623901f7-e6f9-48bd-828b-b5728990d3b2,7944958.520186274,7944959.449887909,7944969.2225427255,2570,200,0.9297016346827149,9.772654816508293,192
e9d3f62e-242a-46b7-aa5c-a6a1db0f9993,e214ec5e-819d-494d-96be-4f44b7317ecc,7944958.520180703,7944959.452889954,7944969.225315587,2640,200,0.9327092505991459,9.772425632923841,176
297acd3a-adc3-422a-b3a0-25b1bf50dc9f,1bb39ff9-0ea5-419f-a37c-928f0db0f068,7944959.520828993,7944959.6961278645,7944969.295702924,1725,200,0.1752988714724779,9.599575059488416,176
4e9ffecd-a332-4c2b-bb46-67d637a1ed81,b4527815-5a94-4cdd-8d25-4cd8b6f2f33f,7944960.520113235,7944960.983822161,7944969.313646026,2398,200,0.46370892599225044,8.329823864623904,256
bc975088-d5b3-4482-a024-b81c00fc8d92,d1a58fee-2699-4cde-8dec-5a26bda64889,7944952.549430727,7944953.87068735,7944969.57202155,2412,200,1.321256622672081,15.701334199868143,16
eb8be8c1-4e5b-4584-b23b-9d6ac40bf513,c0dbd0bd-4010-4779-815e-795e06cc171a,7944960.520107008,7944961.275798394,7944969.757464778,4835,200,0.7556913867592812,8.481666383333504,192
2eecc078-59c9-451c-bf6e-92f7b9c8440b,e6f02cf2-63e2-47aa-88a9-85c903954750,7944961.520187107,7944961.918692238,7944969.797530781,3356,200,0.3985051307827234,7.8788385428488255,160
6531f4d7-148a-4add-b42a-ee76a271e6e2,6ccb2fd4-21c1-492d-9d64-56223fb86062,7944953.625810262,7944954.3119187,7944969.805150789,5982,200,0.6861084382981062,15.493232089094818,160
83df5956-817c-401d-a615-c4f0ed6ae5ce,bbea6a5c-8d47-4003-8b31-48aa9eb697ca,7944956.52010492,7944957.058976287,7944969.97937433,6542,200,0.5388713674619794,12.920398042537272,0
b2447d78-909a-4723-99c3-daad284ca2af,c13d9418-24a3-4ed3-8a2f-34e200890302,7944964.520489235,7944965.099553442,7944970.040718019,934,200,0.5790642062202096,4.941164577379823,224
afcd74b7-7cfd-48a2-95f9-c1a2ab97297b,26f6e7fb-05d7-47ec-9c49-43b5ac7aed02,7944963.520398139,7944963.799192543,7944970.16830281,3158,200,0.27879440411925316,6.369110266678035,160
1b841d07-0f82-4a76-a50a-483729c516e5,32087621-eee3-413a-95d8-81b2a9d41e00,7944960.520090829,7944961.289796446,7944970.409356555,1689,200,0.769705617800355,9.11956010852009,192
1b135d9a-093c-4714-baa7-b4f20d9b14a2,af58fe18-5abf-4a30-a78b-73561c06d4f2,7944962.520320011,7944962.732829481,7944970.431924678,2413,200,0.21250947006046772,7.699095197021961,288
45ddf0a5-dd00-4585-836f-6d6ae750c907,5ef28ed9-d9ba-4069-8337-a1edc2905941,7944962.520347745,7944963.33709182,7944970.452305901,5804,200,0.8167440751567483,7.1152140805497766,160
81bedbcd-e706-405b-9c87-1a91a21b39b2,719dac01-1de7-4620-a520-52d4ffeb767c,7944954.522379899,7944955.295725884,7944970.74149382,679,200,0.773345984518528,15.445767936296761,192
209856af-5635-4570-b21b-ae551abf891e,dff993b8-19dc-45b2-9b6f-11b92241e9b2,7944962.520355011,7944962.66510835,7944971.6106853355,1313,200,0.14475333876907825,8.945576985366642,192
51855590-c4bc-42b9-a074-4ed8cbda137e,351bbc11-4243-48fb-a347-cf0afb61f2b4,7944964.520477316,7944965.271170118,7944971.832599725,5809,200,0.7506928015500307,6.5614296067506075,160
d3774e83-4c40-4a2b-b6b8-d8ecb19ae18f,c18a3eda-6ea4-4f5f-85d5-5cf3a28d9145,7944963.520408968,7944964.10229661,7944971.912956629,1671,200,0.5818876419216394,7.810660018585622,160
41b8313f-9725-4d24-b5c6-ca2177ca89df,1b47827e-eff6-4493-98e1-f137248f2700,7944964.52046933,7944965.162389432,7944972.015181809,3201,200,0.6419201018288732,6.85279237665236,160
c5a945b9-25eb-4b28-ba76-8c20499df197,4ea8f553-17d2-4104-a58f-9cd66ff1b47f,7944964.520465065,7944964.659834527,7944972.023750816,879,200,0.13936946261674166,7.363916288129985,176
1544296d-363b-45b8-b8d4-0d86929a53ee,f67702ed-ffe8-4f1f-b79c-d71f9ba12c4f,7944955.538086566,7944956.241529788,7944972.031897387,1080,200,0.7034432217478752,15.790367598645389,160
6d770048-587a-4726-a5a4-6c6fc45d334c,44838094-3154-4ad0-aad1-71143ecb6bab,7944955.538062404,7944956.2420908855,7944972.038376617,5988,200,0.7040284816175699,15.796285731717944,192
e279ca68-fa03-4fbe-83cb-42036b250c9b,fc0804dd-2f2c-4652-a7ad-2d9b311e21e9,7944964.520492556,7944965.433985644,7944972.042186756,3598,200,0.9134930884465575,6.608201111666858,176
b0f74dc4-3558-48c7-bfc9-292e337d21dc,a59afcff-3049-48a3-b277-5a727d2c27e6,7944959.520825047,7944960.355621005,7944972.280429903,3067,200,0.8347959583625197,11.92480889800936,192
14899c93-daad-4724-9010-43d2518b3de8,42b78ebd-17aa-4ddc-8442-4e4fb55a60c8,7944960.520103173,7944961.146542606,7944972.58129175,2500,200,0.6264394326135516,11.434749144129455,160
30d41d22-3600-4c54-bd23-6819baaa38e3,993f48a3-6585-47a7-a1f8-bce99e9c742b,7944965.520306676,7944965.768846088,7944972.887623567,2341,200,0.248539412394166,7.118777479045093,16
7fbe3e31-2241-48a7-af57-5a762a752848,d0030985-3721-47a2-be3f-a716ff7779ef,7944961.52017314,7944961.614353716,7944973.135904688,3333,200,0.09418057650327682,11.521550972014666,3088
69929408-1d84-4740-8194-085d82cdf8d2,170812a6-cb38-4169-bec1-bbe2e86c6001,7944963.520412932,7944963.9513642825,7944973.176165963,1492,200,0.43095135036855936,9.224801680073142,0
2a01b1aa-df48-47c1-a04a-fe24564ed118,6459e9c0-ac3f-4f1e-a735-823b3c83d15f,7944965.52029934,7944965.790290264,7944973.351996449,2642,200,0.2699909247457981,7.561706184409559,160
4e358e68-e7f8-4af2-8a73-8f760ca5a346,d1aebabe-6add-434e-8599-d63b95b83ad3,7944966.520556691,7944967.14126473,7944973.536114477,2339,200,0.6207080390304327,6.394849746488035,224
38de7461-656a-45f1-966a-2706f61363d6,fbbaa9a9-4e43-483f-830b-0626de58b4c4,7944967.520864732,7944967.913509185,7944973.708263761,2971,200,0.3926444537937641,5.794754575937986,16
1699f41a-3803-4015-84dd-ffd29568a63e,5f73476c-5788-47d5-8c33-62022bc36395,7944963.520419498,7944963.864060143,7944974.144350136,3750,200,0.3436406450346112,10.280289992690086,176
bdaa9c55-da3b-4ac6-8c91-b5e3a86e39ae,07664316-d6e1-41da-94de-93685a509c09,7944964.520482306,7944965.5548564065,7944974.159940894,5899,200,1.0343741001561284,8.605084487237036,192
b03f6585-0d09-46c5-9790-6e62af3bd9a9,e9cfb301-71d8-484a-8756-4676879b5e86,7944964.520473457,7944966.035394662,7944974.187910355,5959,200,1.5149212051182985,8.15251569263637,176
e66d2025-0208-4eb4-84a2-b7f797d54cd2,87203db3-07a9-41c9-8809-fcaafbca8a36,7944957.520223573,7944958.184464352,7944974.346155264,5939,200,0.6642407793551683,16.16169091220945,176
e56f5fa8-18ef-400e-a8b6-0f8190fb1208,bef9b82d-0036-4384-9900-05007475b8fa,7944967.520843744,7944967.75357125,7944974.352280083,763,200,0.2327275052666664,6.598708833567798,224
458243e5-4a68-4d07-b777-6e01649dd752,d3954709-3e90-4162-b807-366fedb25f30,7944965.520302671,7944966.053871025,7944974.442694636,2434,200,0.5335683543235064,8.38882361073047,2336
46ad9f63-6914-4bc0-9b5e-9613d55b649a,e7ddf100-0645-4d83-9de1-cdfd98d12da1,7944957.520238074,7944958.805305356,7944974.778250932,3241,200,1.2850672826170921,15.972945575602353,176
7de2bd31-a9bd-412f-b23c-2293baf97aae,c0b7d39b-a900-41e1-ab87-0dae194f0135,7944957.52024124,7944958.80416191,7944974.782350391,3378,200,1.283920669928193,15.97818848118186,192
76233c5a-2084-46c6-b73b-9d16edfb2e37,30f216f0-4832-49c5-916a-f648b0267209,7944966.520587559,7944967.062731504,7944974.7895030975,4019,200,0.542143945582211,7.726771593093872,176
673d8046-baaf-4f0e-a241-c9daa6ddbcd9,21b9c278-5fd1-4a6c-80f1-483ff6605dad,7944967.520876017,7944967.847585046,7944974.834324341,2362,200,0.3267090283334255,6.98673929553479,160
dff519f8-55a5-43f4-8543-f263615cb9ee,2ae37bed-8d28-4e69-b69c-68eced6190e3,7944967.520860362,7944967.989471735,7944975.09852442,3595,200,0.46861137356609106,7.109052684158087,176
4237b69a-5895-4bda-8aac-9f791163d01f,b1d48415-2679-4cdf-930c-839699995501,7944967.520820373,7944967.99579263,7944975.106412179,2618,200,0.4749722573906183,7.1106195487082005,2448
c8c42c9a-74af-4ea0-98b7-514fbe5c0707,cefc6823-5ff4-4638-94ce-6bc5efae4bb7,7944966.520581212,7944967.169795598,7944975.140507299,330,200,0.6492143860086799,7.97071170154959,176
211b3777-249a-4193-aee7-043e7b0053a3,940160ec-0bfb-4ebc-ac97-abf254489499,7944966.520574757,7944967.173648189,7944975.144182729,6306,200,0.6530734319239855,7.970534539781511,192
9a24c70b-a93c-4c2e-9d08-f194e5bd3067,ceb63c9d-93ca-445d-9e1d-fe8b5b88d14c,7944967.520872325,7944968.127940388,7944975.46387825,5858,200,0.6070680636912584,7.335937861353159,224
fd95992a-a7a6-409e-8a26-cf993a3e3020,231beffe-da58-4516-af27-1182589624ee,7944967.520850048,7944968.537346452,7944975.49036386,5477,200,1.0164964031428099,6.953017408028245,192
8e27cd0b-178d-418f-bf3b-1a0ff3bf958b,c0e3d991-e188-4f78-8b8e-5dd01a6f8850,7944968.520005044,7944968.737831065,7944975.558144808,2497,200,0.21782602183520794,6.8203137423843145,256
23522e5e-02d9-4e3b-b139-73908a464433,afb63b1a-ee8d-4572-842f-11c17ca1ffae,7944968.520017084,7944969.174271112,7944975.600005898,2082,200,0.6542540285736322,6.42573478538543,192
7b1ee5ae-8f6b-444c-986e-40c06908075b,5e4b17dd-139b-49d4-a241-2a2bae8d295a,7944967.520853158,7944968.003834104,7944975.610000068,1628,200,0.4829809460788965,7.606165964156389,176
f1d4149b-f6fb-4271-893b-ec6fa8012dfe,9b14e473-99ef-46f4-a075-81919dd0446c,7944967.520856764,7944968.00679217,7944975.609474192,2364,200,0.4859354058280587,7.602682022377849,224
482b36cc-0880-4406-b40a-c10d99712b59,1ddc0d9c-5d28-46c9-b091-e70085a47921,7944958.520167586,7944960.044821792,7944975.727014057,5945,200,1.5246542058885098,15.682192265056074,160
fec0f68d-c1c5-4f5f-9757-59e63d804afb,b65fe60e-4835-4a42-9562-b7704e085306,7944967.520840455,7944968.348701476,7944976.012298339,4260,200,0.8278610212728381,7.663596862927079,176
2670cf83-f28f-4294-90ec-a3c504034d48,b7660a54-c8d6-4417-beda-becfd4ccc9ca,7944968.520013983,7944968.994683746,7944976.244529901,5932,200,0.47466976288706064,7.249846154823899,160
73ea5961-37d4-4e63-8286-2d5340dd6984,26ca3259-a648-4a22-bf02-e9cb1e01d80f,7944969.520639556,7944969.821328715,7944977.2191777015,3479,200,0.3006891589611769,7.39784898608923,224
5e752506-f0f3-49da-bf2c-c5c6dd7fbe73,d38bb58d-f195-4092-892e-2e293cc0ef73,7944969.520635599,7944969.935500878,7944977.242816489,1096,200,0.4148652786388993,7.307315611280501,192
dffea68c-ce9c-46a7-9773-0a630ab959f3,5e42de05-0341-4884-a574-6c349b3cf11b,7944968.520019981,7944969.05843256,7944977.539082961,5884,200,0.5384125793352723,8.480650400742888,192
f8475a28-304c-4b4c-9d3d-803064f3f3a4,57ff1918-00a6-4f1f-abf1-71b1dec34e08,7944966.520570745,7944966.778817367,7944977.889622079,2030,200,0.2582466220483184,11.11080471239984,256
d1412bc9-09c1-4b12-8b75-e6952cad1a9a,04b0e516-69f4-450c-9856-35e89097255e,7944966.520584568,7944967.381706051,7944977.913376089,5897,200,0.8611214822158217,10.531670038588345,176
1490fa9b-cdce-4aee-ae48-745bf65ee32e,03660c29-973b-47cf-a282-e5f41700788c,7944970.520163411,7944971.069256319,7944977.918101236,5995,200,0.5490929074585438,6.848844917491078,192
03f68de4-443b-45fd-a49d-1b5d9f805996,6bef9240-78a1-482c-96d2-a89c97ba970c,7944967.52084657,7944968.252621397,7944977.987985899,2595,200,0.731774827465415,9.73536450136453,16
fdcfc648-ab13-4666-8375-754fdd6ad8ff,20a3f730-0a4f-46a2-b2a5-1a67647b8fbe,7944969.520624554,7944970.00339193,7944979.113197094,5875,200,0.4827673761174083,9.109805163927376,192
98683b24-c5b9-4606-96a8-1549e6440e93,574fbb7a-4068-4b77-ba6a-764bb9aa87b9,7944969.520642833,7944969.749763839,7944979.472961305,2244,200,0.22912100609391928,9.723197465762496,176
3be00efc-60aa-43ac-a9b8-4ae7e8109eda,724170c2-3955-4cb1-b828-7f949b9d7ed4,7944970.520159382,7944971.11651344,7944979.680676627,6434,200,0.5963540580123663,8.564163186587393,160
82e3a301-1c47-4acb-9cec-5c8567167246,11125870-5b26-45ea-8fba-47c68888a24c,7944970.520166773,7944971.315259985,7944979.701631714,2596,200,0.7950932113453746,8.38637172896415,224
a3f4ec09-4010-43e4-96da-1928d606e0a1,aa942eaa-fb40-4ee4-a6e1-593548ba0dbd,7944970.520155035,7944971.046704164,7944979.94385274,5836,200,0.5265491288155317,8.897148576565087,192
fca99d92-90fe-4ca6-9af2-0eaa135a9a55,a4871c4c-a224-4639-acd0-b1eb78535047,7944971.519958271,7944972.089999581,7944980.097639234,5754,200,0.5700413100421429,8.00763965304941,224
be8f892b-ee4d-42b3-b5c7-6b0c7a8b0ff6,50844e5e-9277-49cc-b561-36669f0ad23e,7944972.520267229,7944973.011857262,7944980.254638484,3324,200,0.4915900332853198,7.242781221866608,192
8c8f2968-56fa-4ea4-a330-fe52999832ae,af106407-ea10-4304-a36e-a9f2fe57ec32,7944971.519968645,7944971.723010446,7944980.616293959,2715,200,0.2030418012291193,8.893283513374627,832
313bb069-e1fe-428f-8293-ecbb6636333c,be47ec66-79ab-4aa4-bbaf-d9fef785d9a0,7944972.520270393,7944972.683431634,7944980.797879672,872,200,0.1631612405180931,8.114448037929833,160
87ed110f-ab24-476b-960a-94999f997f69,f4aff892-842b-4e98-af4c-cfd1deacf96e,7944973.520884537,7944973.821627076,7944980.898238116,2210,200,0.30074253864586353,7.07661104016006,416
8b5f5bb2-8f66-48c5-b5d9-e9faabb52203,1a988c14-d0aa-42e6-93b1-f46a41f68179,7944973.520908658,7944974.244458727,7944980.915278097,5903,200,0.7235500682145357,6.67081937007606,384
329e139b-d4b1-475c-b1e4-50034d418365,aeb913ad-d459-4fbd-906a-cf6ac2bb3fd1,7944972.520259601,7944973.066207628,7944981.057002785,5661,200,0.545948026701808,7.990795156918466,224
44f202bc-3ed6-4718-8b6f-745423cb47aa,cfba0479-b5d0-449b-bc96-f06bacbea9a8,7944973.520901665,7944974.0803740835,7944981.250986448,2868,200,0.5594724183902144,7.170612364076078,288
333a3622-b48d-4278-9ab8-d56a026d9983,a4705d3f-c9cc-472f-8323-bf9e4593e138,7944964.520436969,7944965.055041804,7944981.492799227,5755,200,0.5346048353239894,16.43775742314756,160
c10b437e-c970-4aca-b2b8-b697a2d06282,6dcfeadf-1244-46cf-a016-ab16dc8a9fb7,7944964.520485985,7944965.494483427,7944981.523918104,5894,200,0.9739974420517683,16.02943467721343,176
5b84e620-418f-448b-b583-76a9499d21a1,a0581530-c894-4f12-a948-e8caaa8163fe,7944973.520877635,7944974.327938484,7944982.074437408,5875,200,0.8070608489215374,7.746498923748732,224
a8a89da3-0c4d-4bdd-8958-5591c2b2e919,461b8a8a-fc1a-4527-a296-04cb42ef41e8,7944973.520905164,7944974.661863359,7944982.091551189,3226,200,1.1409581946209073,7.429687830619514,224
31f351bb-8609-4594-b618-a56f3189057c,982c25fe-e1d7-4334-a0d5-49530ec9569d,7944973.520895517,7944974.665697119,7944982.094758384,2083,200,1.14480160176754,7.42906126473099,176
ff04a316-9533-4212-8544-096af269b63d,e43607a6-bee1-4fdf-a0b4-8ea2245eecf1,7944965.520278361,7944966.2343411585,7944982.179415067,1129,200,0.7140627978369594,15.9450739081949,192
55d0202d-4946-4bfe-a6d9-7151b178bcd9,0510668b-2e39-4521-abbf-68606b666ffd,7944965.520292287,7944966.2344474085,7944982.179829154,2380,200,0.7141551217064261,15.945381745696068,192
c4724aec-b8cc-44de-a4af-c0521a7f3c61,ea5b5549-801e-4348-bdb2-525722742c4b,7944970.520151456,7944971.0074318675,7944982.188285678,5226,200,0.4872804116457701,11.180853810161352,160
53daad57-f644-459c-af26-e57292ed1225,7d83a754-194c-4131-be9f-21b4f40d2af1,7944965.520296072,7944966.806337,7944982.21222559,5746,200,1.2860409282147884,15.405888590030372,192
887cdcef-6fe8-4e95-9eb5-714462b297af,9539df23-6b98-4019-8768-95ac112d999f,7944974.520817557,7944974.62064919,7944982.2396398615,408,200,0.09983163233846426,7.618990671820939,192
e6b8035b-fa57-415e-9709-572bed7c2c23,dd24355c-c6d1-461a-b504-e7f6f058e87e,7944966.520577948,7944967.39670155,7944982.241848435,4058,200,0.876123602502048,14.84514688514173,160
bd881362-cfa8-4b54-b8c9-bad36e528f21,3e6c5d34-1386-4cd8-9374-9aa3862b99fd,7944966.520590486,7944967.3953528125,7944982.240812254,2748,200,0.8747623264789581,14.845459441654384,192
7016ea08-0ace-4492-ad5f-d4b7fcd6fec8,89dcafbe-2a9d-4cc0-9491-fefdefeb9324,7944975.520248902,7944975.680056894,7944982.317794068,1282,200,0.15980799216777086,6.637737173587084,176
7a5d7875-199d-48d1-976e-7aa717ecdf20,9b9edbc7-220b-4ac4-815e-b9209e973b09,7944973.520855512,7944974.738712566,7944982.564169686,4168,200,1.2178570544347167,7.8254571203142405,192
7c18188f-5573-4399-9cb0-b87c0ededf56,b25956a5-e9c7-45bc-bd5b-3553a68b6dc1,7944973.520898511,7944974.733368119,7944982.559189537,1811,200,1.2124696085229516,7.82582141738385,160
442a8d9e-58ec-430b-add6-326daf7190c9,a97b3419-50d1-4d99-ba18-6269343a8188,7944972.520274334,7944972.668155576,7944983.139629051,3587,200,0.1478812424466014,10.471473474986851,3312
e609182c-632f-4eca-bd82-31b7fd61c880,cda35d87-8607-4ef3-a3a2-df474f3cb394,7944972.520278017,7944973.096623903,7944983.164283763,5931,200,0.5763458861038089,10.067659859545529,160
2aca7101-931e-4b0d-bb88-988cae6704ad,8aa6063f-9cd1-4748-bc9a-78c44fd7370a,7944976.520196542,7944976.737682275,7944983.431461624,1614,200,0.2174857323989272,6.693779349327087,16
05da669f-7b5c-42b8-91ab-a0645c219ce0,8209e59b-35d3-4538-b69b-78c95831187d,7944972.520263655,7944973.126863847,7944983.453413101,6497,200,0.6066001914441586,10.326549254357815,192
50641a64-d6d1-468d-9293-84c31bd74680,27e00e2e-21f7-46b8-8008-d0a46fedbeee,7944976.520200441,7944976.611654598,7944983.483817436,692,200,0.09145415760576725,6.872162837535143,608
0c6b449e-d379-42aa-a914-da9769dae9ab,1bc73e7d-6b0e-4755-ade4-f801a54d64d7,7944972.520242821,7944972.69734142,7944984.531613423,836,200,0.177098598331213,11.834272002801299,176
de028bed-38cd-4650-82b9-9b3d43226f3a,060f2ac7-a6fe-475c-862b-44d01526e2fe,7944976.520174021,7944977.266649973,7944984.680688941,2655,200,0.7464759517461061,7.414038968272507,160
b0a151a8-3d16-4b45-a0ef-959cb20693ec,e232fd4f-1b09-4f75-9370-41eb0f33f527,7944967.52086864,7944970.177055956,7944984.959695733,2794,200,2.6561873154714704,14.78263977728784,224
01c97fc2-8196-4949-9c00-1e6504e13898,e4e8f086-4b5a-4d8b-b272-2700f2ab0698,7944977.520760053,7944978.624866739,7944985.275447499,5835,200,1.104106686078012,6.650580760091543,224
dfaa44a3-bb57-486a-8638-d5f41bbdad90,993f48a3-6585-47a7-a1f8-bce99e9c742b,7944977.520734471,7944978.629574882,7944985.280310359,2337,200,1.1088404105976224,6.650735476985574,320
fa525bba-033c-4fac-9aba-0252d6b78744,a5a74f4e-963f-4aa1-b844-df4512abb1bf,7944978.520851207,7944978.928873469,7944985.297533236,3839,200,0.4080222621560097,6.368659767322242,192
d20d9911-8382-49c0-866e-3739c06b48fa,fbbaa9a9-4e43-483f-830b-0626de58b4c4,7944977.520752433,7944977.832012545,7944986.092571099,2969,200,0.3112601125612855,8.26055855397135,576
7568e315-7af5-48a9-9dac-e68e3f638beb,a2d50e13-b70d-4fc7-ae7b-c9da9cadaf6a,7944977.520745171,7944978.275907677,7944986.116168708,5671,200,0.7551625054329634,7.840261030942202,224
f3cdd641-2f5e-4fff-8337-bdd570c30f10,034fada1-6ff3-494e-9df1-8d72fa54e215,7944978.520847693,7944980.029853981,7944986.204932618,2668,200,1.5090062879025936,6.175078636966646,160
d50b3134-1b04-4b19-8117-7b1ec6575850,6bfbba00-7f3d-4e1e-b71c-0a1bcc62392c,7944978.520841147,7944979.0828518225,7944986.460498169,5805,200,0.5620106756687164,7.377646346576512,160
8163d0ae-bd05-42eb-b56e-388d53bb9c6d,6fb86cb0-b646-4ecd-8730-d6ed365d30a3,7944970.520129792,7944972.469180365,7944986.696286809,5843,200,1.9490505727007985,14.227106443606317,176
82f027ff-05ca-4c31-8ccc-f4c3ceffcb4c,c56b9229-6877-464d-915f-96351da897ef,7944973.520911878,7944974.05713601,7944986.716418221,4707,200,0.5362241324037313,12.659282210282981,224
665a2f69-7513-4ab1-a5bb-25a9bf0230db,53775c11-23d0-4c0f-9a63-56b35a9ba870,7944976.520210845,7944977.166678643,7944987.24237249,5764,200,0.6464677974581718,10.075693847611547,640
e0e5d05c-c557-43aa-98e5-1f0ad772f95a,5efef79a-109b-4a9d-bb65-6cd95942cd81,7944974.520820374,7944975.633388206,7944987.441552748,5922,200,1.1125678326934576,11.808164541609585,192
d357c643-91fc-49f7-9033-44c48d5255d0,c5b6340f-a7a6-40e3-9148-75cf6174e464,7944980.52095377,7944980.677086767,7944987.446001128,707,200,0.15613299701362848,6.768914361484349,176
779cad19-9ebf-46cc-9a42-fddf2cf58e00,d0030985-3721-47a2-be3f-a716ff7779ef,7944975.520251065,7944975.660523853,7944987.465938105,3458,200,0.14027278870344162,11.805414251983166,3312
5875aab4-6b02-489a-a2db-8cfde6a3c0b6,dec5032f-5640-4adb-8120-132fbe0e8a7b,7944970.520148167,7944972.469446775,7944987.489470276,2403,200,1.949298607185483,15.020023501478136,288
66c34f61-561e-4069-afb0-35cb9550b24a,bbcf2ca1-a472-4c7f-9404-4430eb3e7e19,7944976.520188449,7944977.5529666,7944987.56780123,1197,200,1.032778151333332,10.014834629371762,160
580f5646-3aff-43c2-aae6-e2ed6e673401,de528272-6a53-45f6-8d5a-5a4c5661786f,7944977.520767384,7944978.593828644,7944987.791740703,654,200,1.0730612594634295,9.197912059724331,176
c5ea26b5-4616-4f13-ab8c-12522148676c,8f981136-8343-4ee0-8adb-07bae5162d5b,7944977.520695664,7944978.603837491,7944987.802415936,5949,200,1.0831418270245194,9.198578445240855,192
52542039-22f9-4e27-a782-0cca2fbe7681,4681109f-b6ac-4c2e-b51b-95fbb0ccf6fc,7944978.520844149,7944979.244142864,7944987.867071026,4821,200,0.7232987144961953,8.622928162105381,224
25b2ab13-fa5a-4d2b-96f0-e1b7243c6742,55e477b8-0dcf-4b42-89d3-65961d992b09,7944981.520066293,7944981.759581491,7944988.240129149,2708,200,0.23951519839465618,6.480547657236457,160
1b2ee33e-eb10-432b-ae03-3543a1c4e56c,e214ec5e-819d-494d-96be-4f44b7317ecc,7944973.520881125,7944974.109116228,7944988.5293387845,2640,200,0.5882351035252213,14.420222556218505,2624
9cb4cee8-6c37-4fa3-84a8-27144d1d3aa0,127f378e-d0dc-464e-a79a-fa7013197aab,7944973.520873615,7944974.1115477905,7944988.533249127,5386,200,0.5906741758808494,14.421701336279511,176
62c02a4e-f3a1-4538-8b37-4677c4d92381,e97e37df-ee9b-4b5d-a717-f7c02b09bc14,7944970.520143382,7944975.088577068,7944988.964931824,3798,200,4.568433686159551,13.876354755833745,224
3e55eb23-3e89-40e2-b016-a655226451d7,a941116a-c518-4f7b-bc3c-311e10bec57b,7944973.520891587,7944976.960003906,7944989.051138783,839,200,3.4391123186796904,12.091134876944125,176
a3408404-0981-489b-97ba-1e6ab0265cf7,685903a0-52de-4b0b-84fa-de2407e87d00,7944974.520803801,7944976.964984668,7944989.056092948,1308,200,2.4441808676347136,12.091108279302716,192
d3760b62-6bbe-4bad-b4e5-aed00100de9b,c1b75d15-4b27-406d-967a-f255a4effcdf,7944974.520823215,7944978.242363027,7944989.104108275,5844,200,3.7215398121625185,10.861745247617364,176
25d6cee5-94b6-4516-87ae-b6f605a9ace0,28923570-dc4f-40ce-95e1-9bd4d262af79,7944978.520821386,7944979.055740337,7944989.108989887,5932,200,0.5349189508706331,10.053249550051987,192
9552d926-a0d6-4120-9ae0-e34158654906,57ff1918-00a6-4f1f-abf1-71b1dec34e08,7944978.520854554,7944979.049197151,7944989.1044021435,2030,200,0.5283425971865654,10.055204992182553,2016
339489c8-eb98-4e47-bd11-463dd19e8969,e5488a62-a6e0-4b98-a167-55ef476697ef,7944975.520255929,7944978.847377461,7944989.12928582,1166,200,3.327121532522142,10.281908358447254,192
bec25e6a-c9d1-4a0d-8186-99e796d1f98f,8c43f4f9-7235-42cc-8288-4dc1f62734a9,7944975.520253553,7944978.848834878,7944989.130987708,5831,200,3.328581324778497,10.28215283062309,224
458ac4ca-8d94-4e22-a9a9-14a8fec41de9,48b46b38-6965-4b53-934f-2c90104b6a67,7944981.52005969,7944982.057727944,7944989.146818852,6080,200,0.5376682542264462,7.089090907946229,160
417e6e36-ec6e-4c64-927f-39cd50efc18a,dc042378-78ad-458d-b1a6-44be64014146,7944976.520203804,7944979.474127362,7944989.152869415,887,200,2.953923557884991,9.678742052987218,160
b5a21698-77cd-4b04-841a-800545a9639f,9711cf50-ddc8-4966-85ef-b4c71ee210d4,7944976.52019271,7944979.474789792,7944989.155567681,5871,200,2.95459708198905,9.680777889676392,192
98c8dc1b-0975-4f61-a731-3047584ab4c9,5761bb36-4436-4d2d-b483-82492b5b7782,7944979.520444412,7944979.752680188,7944989.165522037,2087,200,0.23223577626049519,9.412841849029064,192
f35572f9-8190-43a3-9436-0f61ef5f1a03,714217a1-bbce-48d4-9455-460f544a1b5b,7944978.520837889,7944980.085344836,7944989.17747057,1947,200,1.5645069470629096,9.092125734314322,224
bb3ce550-51f5-41e3-a3b4-8a507ba39495,c0dbd0bd-4010-4779-815e-795e06cc171a,7944982.520151833,7944982.602836674,7944989.629694954,4835,200,0.08268484100699425,7.02685827948153,4832
f1968adf-9c35-4876-8039-eb8eb6f23630,e0cfc694-73d4-4603-9a29-1bdf768266fa,7944974.520813781,7944974.722863547,7944989.89658127,1639,200,0.20204976573586464,15.173717723228037,160
6438ef4c-066c-4bee-8c33-021205706a15,04c151c1-ee98-4835-b8ba-1681eccdd922,7944983.520280205,7944984.339036019,7944990.058443599,6512,200,0.8187558138743043,5.719407580792904,192
aa8a5a14-ae6f-4bb1-b188-b5dac3f488c7,3d3d0540-f4de-4214-9bb1-6b9e805f2954,7944974.520826257,7944975.112317444,7944990.089836968,6026,200,0.591491186991334,14.977519524283707,6016
6966a2f6-e181-4c50-b070-a61eb16cab6b,e43607a6-bee1-4fdf-a0b4-8ea2245eecf1,7944981.520068886,7944981.623249897,7944990.224216101,1129,200,0.10318101104348898,8.600966203957796,1120
f37d540f-3cf7-4aed-ad35-c1c80bb2b210,085ced3c-c3cf-4b60-bf50-665ed52a072d,7944984.520177417,7944984.768273164,7944990.391057676,875,200,0.24809574615210295,5.622784512117505,288
b8a46548-4e00-4257-aa92-e99a0ac114a7,c51f405c-538f-46db-a0c4-5f1665cc8bbd,7944984.520201808,7944985.353121781,7944990.404452363,1135,200,0.83291997294873,5.051330582238734,160
e777f2b2-2f73-420b-af07-4524293aed3e,170e19f4-aa66-45f7-9f4d-83d88f291e9c,7944983.520286792,7944983.923951195,7944990.410083069,4074,200,0.40366440266370773,6.486131873913109,160
48e84297-8959-48d6-be97-fee11a8257a5,36c06fe6-5b24-4d05-aa49-6e7c64045ab9,7944980.520951019,7944981.193231729,7944991.316029307,3241,200,0.6722807101905346,10.122797578573227,176
4ffdebaf-3965-421d-8188-ba2ec342d40f,7d9a3919-67da-44b2-b824-fb9926b6da15,7944980.520930334,7944981.606475251,7944991.344349191,4188,200,1.0855449168011546,9.737873939797282,224
3a11c1e0-68d5-4081-bca1-4d625df27c30,34a35d00-5687-4c8e-8304-472e9b1eded2,7944981.520063164,7944981.9531393405,7944991.3686110005,4293,200,0.4330761767923832,9.415471659973264,160
f53f7e26-28c6-4f7f-9457-0b341bbd81ab,2df7a811-23ae-45a7-8f94-32c9fac9f9be,7944984.520192367,7944985.111981109,7944991.409608457,5527,200,0.5917887417599559,6.2976273484528065,192
6eee035d-6dfe-46fc-969b-a215bb095ee2,b0d890a5-dc11-452e-9cd3-7dba2c64d275,7944984.520198673,7944985.3675485235,7944991.428888955,3744,200,0.847349850460887,6.0613404316827655,192
05268c7b-ec1f-411e-be91-52f5ebeccd24,f4aff892-842b-4e98-af4c-cfd1deacf96e,7944985.520335417,7944985.73353079,7944991.629508014,2208,200,0.21319537237286568,5.895977224223316,416
e08a5582-bf83-4981-95c7-c8184d8772b0,cfcf6a51-050f-473a-a1ec-66f62d2f15ad,7944975.520229904,7944976.012933886,7944991.731820386,5712,200,0.49270398169755936,15.718886500224471,176
9ad294b1-f5be-4119-a33f-5621f01187e8,320cf5f0-a5c1-49b5-91a9-a20c3778432b,7944975.520242689,7944976.649273257,7944992.1551082805,5612,200,1.1290305675938725,15.505835023708642,160
d55569b1-5eff-404b-baa0-67d1e2b66799,6769e696-2581-4f98-b1bd-a92e8911c925,7944983.520274295,7944984.09562321,7944992.249869458,5969,200,0.5753489155322313,8.154246248304844,176
43e5d097-7d01-456a-85c4-d3f5faae3701,8ecf5eb7-d68c-4a1a-9734-eaf9544cf0f8,7944975.520246445,7944977.271810748,7944992.605843458,5860,200,1.751564302481711,15.334032710641623,160
ea09d63b-7e0f-4ff5-b760-027c3cf803a3,e252c7b2-268a-46f8-9aef-034d91473c0c,7944976.52020737,7944977.350542681,7944992.636805625,5995,200,0.8303353115916252,15.286262943409383,160
1f24a4dc-0a1a-4b50-8a51-87e06414c4ff,d2e35e05-d494-455b-8b64-3602cd992e55,7944984.520181756,7944984.735160414,7944993.078861514,376,200,0.21497865859419107,8.343701099976897,176
fdac8c6a-0d55-4671-a9f0-3a1c2c49f937,76c6a94a-5b1b-4124-a8c1-7b783e5beb5f,7944984.520204775,7944985.391148912,7944993.141598209,5754,200,0.8709441367536783,7.750449297018349,176
e1102e6c-2849-4e06-95ae-0a11c79f73d1,1d7c5bcf-74ff-44f5-a7c0-50054157f41a,7944985.52034299,7944986.196077025,7944993.298255047,5964,200,0.6757340347394347,7.102178022265434,176
8c6eea55-5076-410a-9cd9-032941deac2f,2d1467d2-a312-48c3-9684-57b9e2890fec,7944988.520611274,7944988.728658016,7944993.552896423,2097,200,0.20804674178361893,4.824238407425582,224
34465115-a2d0-4803-8b30-93a1c8f71c9b,4890f004-8473-4e87-ad72-f47223ed1312,7944985.520331307,7944985.868974187,7944993.862933587,3529,200,0.3486428800970316,7.993959399871528,192
50a6c412-2b84-4a64-af06-c6dc405ccf96,36072142-1340-4cca-b3ba-83f8c8f4afb5,7944985.520346221,7944986.404523202,7944993.882302638,5991,200,0.8841769816353917,7.477779435925186,176
51910f6c-9e9b-45b6-87cc-6ad014064f2b,42303959-8373-4fb5-b881-e39d2351d467,7944989.520307646,7944989.880254562,7944994.458555043,3017,200,0.3599469158798456,4.578300480730832,192
a08c6d38-b8ef-4074-9a60-5239b7f1ff6a,bc829e6b-bf7d-471a-b1e0-497440ccbb5a,7944978.520833831,7944979.419744377,7944995.340146265,5808,200,0.8989105457440019,15.920401887968183,176
5e6e95d6-8123-4f48-a081-e50470d43110,bd8eeb28-8ddb-4e89-a649-ed73109fdad4,7944987.520378814,7944988.043622521,7944995.541351352,5763,200,0.5232437066733837,7.4977288311347365,160
6d7c1601-464d-4b48-9b41-2712e1db2d6f,d0030985-3721-47a2-be3f-a716ff7779ef,7944987.520381193,7944988.106954989,7944995.586894014,3631,200,0.5865737963467836,7.47993902489543,3440
f091b926-a574-4d3c-bbdd-2721ac1b0767,960d53c2-dc81-4753-bf81-c4f25c1aef1b,7944980.520946741,7944981.010858887,7944996.970610204,5946,200,0.4899121457710862,15.95975131727755,224
be75a7fb-746e-42da-8e9f-aca3091fef6e,57ff1918-00a6-4f1f-abf1-71b1dec34e08,7944989.520327696,7944990.121128524,7944997.440733273,2082,200,0.600800828076899,7.319604748860002,2016
90fd2954-580e-4305-9507-30def3048aa9,f5eff546-183e-4cec-8960-21f5d535335a,7944989.520320483,7944990.123323848,7944997.442705622,5992,200,0.6030033649876714,7.319381774403155,176
d2b7a727-155a-4384-b35f-341094b66d26,5c06298c-86e7-48f5-99ec-f360b1699941,7944983.520250621,7944984.4210476475,7944998.198599055,4034,200,0.900797026231885,13.777551407925785,224
bb3bf134-c7df-4a7d-a6f7-268fb6c2805b,50a6fd55-dd24-4441-9105-8785b6a488a7,7944982.520148553,7944982.605378367,7944998.219546124,1588,200,0.08522981405258179,15.614167757332325,1568
8f7b3419-cc85-4e12-a6ce-4e8d2d98358b,06b96d78-d574-4242-88bf-812e4fb33e49,7944981.520051373,7944981.676444166,7944998.271388477,1215,200,0.15639279317110777,16.594944310374558,192
1b702cc9-c1d1-4267-bc41-2fe156dcce47,39f0db0a-82e8-429d-aa53-89c2802d7dac,7944982.520133275,7944982.765681857,7944999.261300362,820,200,0.2455485826358199,16.495618504472077,224
b35c1eff-66f4-4529-b000-fca9f2223aca,b7795841-e87f-48a1-b8b8-68640b01c350,7944982.520144219,7944983.035675012,7944999.511187171,3490,200,0.5155307929962873,16.47551215905696,160
b4ea73c9-206d-4b89-9e79-8b17ffe88920,afe6f909-f768-4fd6-b7ba-ab195b5c9b8e,7944992.520445487,7944992.813429438,7944999.689278311,2506,200,0.2929839501157403,6.875848873518407,192
255091c3-8013-4b08-b91e-0d59eaf48b21,d3954709-3e90-4162-b807-366fedb25f30,7944992.520448786,7944993.0040625045,7944999.710190822,2480,200,0.4836137183010578,6.706128317862749,16
a18c4d67-9a16-42cf-9c2b-523327d777fb,e8a795ee-9f90-4976-894b-7318b1215e72,7944983.520277583,7944984.392710146,7945000.008108632,5718,200,0.8724325625225902,15.61539848614484,160
05cf813b-2323-4305-bc67-311063ca7b8a,05df5986-4b14-436d-8a7a-c4b26a4be8f5,7944985.520318743,7944986.238150929,7945000.054120432,3359,200,0.7178321862593293,13.815969502553344,176
9b5964a3-03ba-4554-b7fb-0a1a805485d6,4d91675e-bed6-4756-af92-49701ac0572f,7944993.520155952,7944994.023987685,7945000.296692542,5949,200,0.5038317330181599,6.272704856470227,176
0cdacc8e-d0b8-4ea6-b2d4-12264ca3fb1d,5efef79a-109b-4a9d-bb65-6cd95942cd81,7944993.520161642,7944994.6291040145,7945000.316141681,5922,200,1.1089423727244139,5.687037666328251,3760
5093769f-f9ea-4b86-8f36-ba7f5e68f73a,f20a741c-0fb3-4811-91f0-bee136177ca3,7944993.520159054,7944994.6301356545,7945000.317182756,5651,200,1.109976600855589,5.687047101557255,224
acf7cb46-e9df-439a-b3cb-60c846d15d89,ec035cd5-4099-445f-80a6-d885e8148b75,7944989.52032447,7944989.843888636,7945000.4127759235,2629,200,0.3235641662031412,10.56888728775084,16
452ba262-f437-4bb4-856e-49165800c4a3,0bf31ffa-4595-4d11-950e-5ea31165867e,7944990.520693195,7944990.989148141,7945000.426921155,5631,200,0.4684549458324909,9.43777301441878,192
25d073c6-6c51-4df2-aa81-10a41ed915c7,fba72a56-cd36-4731-8af1-a04f79c5aabf,7944991.520161738,7944991.928093001,7945000.474144163,2384,200,0.40793126355856657,8.546051161363721,720
ef096e7d-f6ba-44ec-87c9-24f28b440e08,77c5fe55-dea3-47e3-9fa4-17d19b193453,7944992.520431982,7944993.207618119,7945000.543077306,5948,200,0.687186136841774,7.335459186695516,192
a69e9d0e-9d49-43bc-8a5d-dd1c7a768e45,1b1e4f29-258e-4294-b6b5-79b12ac8f92a,7944986.520559264,7944986.724795108,7945000.575490713,2194,200,0.20423584338277578,13.850695605389774,192
59db5730-f186-437f-83f9-a433d2d05d47,b41865ca-d2ff-4e84-9d9e-aa057435693c,7944992.520428911,7944992.662618979,7945000.60952627,456,200,0.14219006802886724,7.946907291188836,176
20bda513-cc92-4621-862f-5473854718ff,8201882b-3c83-4a5b-b140-7a5572375d5a,7944984.520161538,7944985.013289521,7945000.845125624,3999,200,0.4931279830634594,15.83183610253036,160
25282631-4ab0-4740-a58f-3b3afb5f381c,41ebc82e-eb6d-418f-b73e-022fa300e998,7944983.520271388,7944984.699605949,7945000.865648389,5839,200,1.1793345613405108,16.16604243963957,160
0de60f62-ce9e-40aa-afed-95007280f1c3,af106407-ea10-4304-a36e-a9f2fe57ec32,7944984.520189022,7944985.3813490495,7945001.102597218,2708,200,0.8611600277945399,15.721248168498278,832
c3be15cb-9c6d-4f0d-bb0a-5c5ee6880b5e,95c2b3e8-bedd-4bae-b816-72ab196b5d6b,7944993.520134715,7944994.026770667,7945001.216015127,5857,200,0.5066359518095851,7.18924445938319,192
a98fc7fa-9d6e-495b-9e07-a491e8289f9f,1628d450-3fc3-4b73-9923-fce01e9f48ee,7944983.520283764,7944985.157990314,7945001.370970377,3489,200,1.6377065498381853,16.212980062700808,192
635502c2-b391-4d61-9e3f-f075123fd44b,b3f909ce-018e-4430-b0f6-b0dfbcd17eb4,7944983.520267668,7944985.162176141,7945001.375443573,5553,200,1.641908472403884,16.213267432525754,176
7f6cbb61-5d02-488f-ab3a-941d7019d48b,b1d48415-2679-4cdf-930c-839699995501,7944987.520370942,7944988.097168444,7945001.382305038,2844,200,0.5767975021153688,13.285136594437063,2576
2b717961-f9da-46c7-a091-9e1459566955,1944b4a9-25a6-481b-a8a6-9b9e9f4d0c67,7944987.520365914,7944988.09733163,7945001.38309873,5909,200,0.5769657157361507,13.285767099820077,224
2ad62687-c8f2-4e4d-ae4d-4c1beae6ed04,11125870-5b26-45ea-8fba-47c68888a24c,7944987.520373721,7944988.709949057,7945001.407598933,2584,200,1.1895753359422088,12.697649876587093,2576
97a966a8-eb15-4019-926d-df98c50ea242,5e4b17dd-139b-49d4-a241-2a2bae8d295a,7944984.520195882,7944985.788344849,7945002.000824082,1802,200,1.268148967064917,16.212479232810438,1584
fc980a2d-448b-4117-be08-bfb35da573c4,b4c5b65e-b0b2-4149-a9a2-a49a11473845,7944994.520389346,7944995.042941472,7945002.404000097,5751,200,0.5225521251559258,7.361058625392616,176
0019b3c6-67db-4211-862c-b37904e77452,231beffe-da58-4516-af27-1182589624ee,7944994.520363948,7944995.047526618,7945002.410231383,5646,200,0.5271626692265272,7.362704765051603,5440
30dceb57-3666-4532-ba3b-33940f100c69,46db840a-ebfe-444d-ac32-5a034a324426,7944989.520294351,7944990.31624053,7945002.5273720445,5772,200,0.7959461798891425,12.211131514050066,192
9075d8ca-6723-4387-af51-bd8ef00d4685,d83a09fe-8706-41f6-9b86-8130d5bfad9b,7944989.52031403,7944990.828492579,7945002.561002048,6510,200,1.3081785487011075,11.73250946868211,224
75b0c8ef-e4cc-4d33-bbfe-17e3a1572e46,6438b31e-b086-495f-8c72-0c6603de3583,7944989.520330935,7944990.825412117,7945002.558341581,460,200,1.3050811821594834,11.732929464429617,192
9a53021b-05b5-45b6-90b2-9b6509674f99,210df3c6-51ac-493b-bbda-636788eacdb7,7944989.520317152,7944990.82875112,7945002.561977746,2863,200,1.308433967642486,11.733226626180112,224
00190303-bac1-42e7-b1f3-296d7bc9dae8,977ac36b-bb7b-4aac-bf3e-938831af0d6d,7944994.520392427,7944995.0385417035,7945002.93139541,5765,200,0.5181492762640119,7.892853706143796,0
1b7483d7-55cc-49a3-9aa9-5b7e3e9cd33f,cebd319e-5a49-45d3-8581-90eea425cdba,7944995.520643244,7944995.764745156,7945002.979502209,1474,200,0.24410191271454096,7.214757053181529,160
4bf2832c-0754-411d-a92a-9d59dfffb949,3bdbe03e-f2c9-476d-be78-5845bc3d6cf8,7944995.520657069,7944996.346261987,7945002.996798182,4687,200,0.8256049184128642,6.650536194443703,192
e68fed6b-1ab6-4c12-91c3-b2e7d0e609fe,c13d9418-24a3-4ed3-8a2f-34e200890302,7944986.520545056,7944986.717801843,7945003.047096459,934,200,0.1972567867487669,16.329294616356492,928
16c35a5a-da75-4149-afa5-607ce290eed3,cb5f3703-6da0-4120-9adb-188860ebbdd5,7944995.520647165,7944995.756011065,7945003.110219762,2144,200,0.23536389973014593,7.354208696633577,192
b1e6fa63-7039-41cb-a1ef-bf0a133b897a,d200f713-d4e3-48fd-85a8-eb68048a1bd1,7944985.520339127,7944987.037176242,7945003.276510605,5828,200,1.5168371153995395,16.23933436255902,176
bd68b938-9b58-413e-8088-5f0de572af73,88e4bd73-dff8-4ef1-a2ff-0f0f1c369eb3,7944984.520185329,7944987.040586638,7945003.27682171,3037,200,2.5204013092443347,16.236235071904957,176
0c9944d0-aa50-4b7a-a12c-6f09f9b8ef78,f9cf1ffd-3dce-465f-a144-2780cfb6b48c,7944986.520571394,7944987.21235819,7945003.299702151,4289,200,0.6917867958545685,16.087343961000443,224
ed0f87bb-1c04-4089-abc8-d7e200f8a1b4,fdb31cc6-26d5-438f-b807-c434b38142f1,7944992.520438391,7944993.606792876,7945003.524009101,5941,200,1.0863544847816229,9.917216225527227,192
001ddceb-89fe-4d68-a3af-99f4b2d5f90f,461b8a8a-fc1a-4527-a296-04cb42ef41e8,7944993.520148552,7944994.189976033,7945003.60766359,3226,200,0.6698274808004498,9.417687557637691,3216
8c093ecd-3a2a-4511-b37f-ca0162f44a98,e74245db-a56d-47ca-9c2a-8e63314d403e,7944986.520555702,7944987.504590204,7945003.892198015,2778,200,0.9840345019474626,16.387607811018825,160
1d93b755-555d-4438-9ddd-1dff10e40528,94392b0d-8f83-4e2b-80c5-1cb03c746275,7944991.520202271,7944991.80838935,7945004.448427284,3476,200,0.28818707913160324,12.640037934295833,192
69a6b60e-468b-4d2e-b272-411233cb2574,53775c11-23d0-4c0f-9a63-56b35a9ba870,7944996.5206282,7944997.811092181,7945004.580886143,5782,200,1.290463981218636,6.76979396212846,640
a08d5b6e-ae77-44b9-b9c8-58005e86ff95,c6a32dee-7f0c-4888-b588-98dc18b473fa,7944996.520615499,7944997.232907003,7945004.583025296,5859,200,0.7122915042564273,7.350118293426931,192
135c8b3c-c551-4186-8200-88501867e925,113c9921-afda-4fc9-98dd-836eefa608b3,7944987.52037605,7944988.373544972,7945004.588141565,3115,200,0.8531689224764705,16.21459659282118,176
1845e3f2-c363-485d-beaa-83fc3ba76af8,282e0f6f-de8f-4a61-aab6-17114cdd3384,7944997.520594984,7944997.965428289,7945004.616082541,2091,200,0.44483330473303795,6.650654251687229,192
350768e0-504a-426c-83bb-d1a32c774f8c,f58c899f-fc92-4076-9696-2dba20d0a4e7,7944995.520639084,7944996.228810311,7945004.840061665,1456,200,0.7081712270155549,8.611251353286207,176
8ead02bc-10db-40ce-a8ad-573eeb758229,ad505044-0649-4c84-9a66-a33049893e40,7944996.520581978,7944997.301110993,7945004.88222165,5616,200,0.7805290147662163,7.581110657192767,192
5401a51d-b6b1-4acd-a122-bb294db81a3e,26f6e7fb-05d7-47ec-9c49-43b5ac7aed02,7944996.520619489,7944997.793844351,7945004.90206361,3381,200,1.2732248613610864,7.108219259418547,160
21b88b2b-540e-4840-9392-f28a91c5a739,20a3f959-78cc-46c6-8962-31e21ecd5c4e,7944987.520357323,7944988.302443327,7945005.041682171,1517,200,0.7820860045030713,16.7392388433218,192
1a8d1c0f-d25f-434b-ace9-ea258d0b3dc3,6bef9240-78a1-482c-96d2-a89c97ba970c,7944996.520531185,7944996.827858648,7945005.0734152915,2660,200,0.30732746329158545,8.245556643232703,16
a36522ec-005d-4005-9f0b-46f0ce94b02f,42b78ebd-17aa-4ddc-8442-4e4fb55a60c8,7944996.52063969,7944997.187476919,7945005.089893134,2669,200,0.6668372293934226,7.902416215278208,160
a8c9bd73-e451-4f69-b666-c274ecc37a01,861e29f7-4713-4676-b1bc-a4d3d62f4ef2,7944996.520636125,7944997.189301725,7945005.09401036,2668,200,0.6686656000092626,7.904708635061979,256
a77bf99c-da3e-4df5-bc27-a4b3a3e65d91,53331c8b-4eec-428f-89e8-96e8338db919,7944998.520096734,7944999.169614691,7945005.325448522,5988,200,0.6495179571211338,6.1558338310569525,160
fe00269e-a78b-45a3-b443-c67bd6c60be0,1ba8fcf4-b3c2-4320-a37d-806f78c0ae0a,7944998.520084424,7944999.311049881,7945005.344368161,3827,200,0.7909654574468732,6.033318279311061,176
fa8fc7c1-ac06-46da-8a56-3695ab610de1,0b745e6f-d44a-48f9-a807-a21f2458356f,7944996.520606476,7944997.039818527,7945005.737253674,6011,200,0.519212051294744,8.697435147129,160
15d4038c-75b3-47be-b886-09c3dae14b7d,6aa47392-d059-41e1-b0df-daff049d420c,7944988.520601714,7944989.064811497,7945005.829010218,6073,200,0.5442097829654813,16.764198721386492,176
2ea9c9fe-15c4-4a30-851d-ea5295a45ac1,f93cf9d2-38b2-470c-ab49-c0cef71be9fc,7944988.520615628,7944989.456173745,7945005.854414306,4903,200,0.9355581169947982,16.398240560665727,176
14e327a0-ea70-4de2-90c4-30ade3cf9339,25764557-8d50-4bc3-8d58-ccb7ee44ac5a,7944988.52061927,7944989.456009791,7945005.854747169,2192,200,0.9353905208408833,16.398737377487123,224
d9722fbf-90fe-411b-9b95-b7825ff0d1e4,21dbf6ef-22d2-46e3-ac48-9cb8657506d9,7944989.520311426,7944990.46037708,7945006.677598827,3039,200,0.9400656539946795,16.217221746221185,192
d39382f7-8b22-41df-9272-3aa28cec52fd,a63362d9-272f-48f7-9f11-fab613927024,7944992.520425405,7944992.872264272,7945006.964442854,1111,200,0.35183886624872684,14.092178582213819,176
ed493571-453c-4472-8652-30464cefefc1,af58fe18-5abf-4a30-a78b-73561c06d4f2,7944998.520111768,7944998.729059829,7945007.83867806,2419,200,0.20894806180149317,9.109618230722845,288
8e06573c-aa19-4b4c-afb0-ef186f4d816e,a97b3419-50d1-4d99-ba18-6269343a8188,7945001.52062048,7945001.8678774405,7945007.930736248,3587,200,0.3472569603472948,6.062858807854354,208
23f900ad-f3ef-4c8e-a8c2-d2dee2c21a22,983cb979-5e2f-4649-bfa0-1fb1c92b9954,7944990.52068457,7944991.019879856,7945008.021950243,5882,200,0.4991952860727906,17.002070386894047,176
5ccbac3e-dc73-4966-a50e-1dc62ec5dc20,8c2d8f7d-60fa-4adc-b7e0-562e4b1056d2,7945003.520303999,7945003.732704207,7945009.0417032065,1777,200,0.2124002082273364,5.30899899918586,192
0c1dd95c-a823-4170-bf9e-c19765293496,0de88066-b060-43c4-86e8-92b4ba42d652,7945001.520627087,7945001.652329668,7945009.260192066,550,200,0.1317025814205408,7.607862398028374,192
325fe93f-1b31-4743-96a0-957a63b7d521,c5eb325e-4501-406f-86a4-ccbdef7dd488,7944991.52022066,7944992.155154326,7945009.391655457,5748,200,0.6349336663261056,17.23650113120675,160
31271573-808f-4055-9a21-0952ccb84d7d,86bb770e-e896-4df8-98ac-b45dd9f48001,7945004.520293373,7945004.671523232,7945009.607796147,885,200,0.15122985932976007,4.936272914521396,160
33aea8e6-8059-4e66-934b-b9d9aab7b278,90dca292-00d5-4d7c-b7ca-be3920741df0,7944992.520414351,7944993.106138405,7945009.801747764,5838,200,0.5857240548357368,16.69560935907066,176
cefe1c1c-14bd-46c5-addd-b4c22eeba85e,ed0ec45f-0834-450d-974e-6c8a7ef11d0e,7944992.52045262,7944993.1665275255,7945009.8596307775,1034,200,0.6460749050602317,16.693103251978755,160
da1854cc-818f-470c-a3ec-dcb6fb526ee8,4ac57aef-73b0-4d1e-900c-4a6b79a7c0bd,7945002.520384479,7945002.967022303,7945010.108354047,5147,200,0.44663782324641943,7.141331744380295,224
12b9b9c0-d584-4629-abe8-6e67777a82fb,fc03dbf1-0de7-4854-9fc3-dbbc06937d77,7944992.520441889,7944993.742900932,7945010.10751096,5882,200,1.2224590433761477,16.36461002752185,224
5233b1d5-3988-426f-9992-567fae57fab5,34f5ddf7-c486-4989-9f91-cd88f232dd90,7944992.520434581,7944993.746027886,7945010.110590722,1525,200,1.2255933051928878,16.36456283647567,176
1cc0dbb0-f7e3-422c-9d50-cd687121cac8,825d2cf4-8a7f-4cbc-9887-605dcdf60536,7944994.520379976,7944994.990952118,7945010.213250215,4928,200,0.47057214193046093,15.222298096865416,224
66ea7c48-d0a3-4aab-933f-de55448a91f1,ebb1ca76-edc7-4fc1-baf1-d741d0a23195,7944994.520386351,7944995.609755748,7945010.515361915,5904,200,1.0893693966791034,14.905606167390943,176
483a052d-dc3e-47da-9d6b-0544fb430428,09902512-78b5-4837-b654-59b7f20d3a39,7945000.519984015,7945000.999030449,7945010.601180437,5890,200,0.47904643416404724,9.602149987593293,224
6c96bef4-3b2c-4005-8530-9fcad697df17,b4602778-3348-473e-a759-7f39965e7fe3,7945000.519992682,7945001.622306519,7945010.63006814,5785,200,1.1023138370364904,9.007761620916426,160
3e74c512-6f7a-45dd-bdd3-d17472c9aca3,d0030985-3721-47a2-be3f-a716ff7779ef,7945000.519999125,7945001.620896611,7945010.628878084,3619,200,1.100897486321628,9.00798147264868,3616
850d379f-bbd1-44b6-af82-37ceb765c257,bbea6a5c-8d47-4003-8b31-48aa9eb697ca,7945001.520616231,7945002.2297897125,7945010.651845053,6503,200,0.7091734819114208,8.422055340372026,192
9f4c18a3-dcb6-422b-bc43-0c01508ee989,f271ebe9-b215-4499-a991-8ff24c4302bb,7945003.520314916,7945003.778807011,7945010.680996591,2922,200,0.25849209539592266,6.902189579792321,176
c89d32a8-55d2-42ad-9527-619bfee6a56f,4df870a1-f984-48dc-93fb-96ee01475d6f,7945003.520322216,7945004.585916262,7945010.720232175,4510,200,1.0655940463766456,6.1343159126117826,192
7477ef6f-a3c5-4610-90ad-7b11d05452c6,41d7460a-e0a1-4300-9f40-37670c541e0c,7945004.520266593,7945004.682322608,7945010.926630427,869,200,0.1620560148730874,6.244307818822563,288
4f872ffe-6bfb-4bb8-95fd-d74d6f934a8c,4890f004-8473-4e87-ad72-f47223ed1312,7945004.520276609,7945004.702076323,7945010.946962054,3529,200,0.1817997144535184,6.244885730557144,3520
c32f664e-7cb9-41b5-bcef-e5103c322ecb,41705093-4c8c-4a90-99d2-ad3181aceb70,7944995.520625311,7944996.348488966,7945010.99017792,5701,200,0.8278636550530791,14.641688954085112,192
9187ac0b-5d77-4fa7-a3ad-16fc1954c7d1,2640c64b-b58e-4eac-8e19-d9e509af1f52,7944993.52015276,7944994.581637614,7945011.1858752,5597,200,1.0614848546683788,16.60423758532852,224
81e429e3-3828-455e-9eca-1abbe1d08a98,aeb913ad-d459-4fbd-906a-cf6ac2bb3fd1,7945004.520242644,7945005.068784947,7945011.20436936,5661,200,0.5485423030331731,6.135584413073957,224
12471527-3a75-4bcf-9bdd-22b78a36d903,7d83a754-194c-4131-be9f-21b4f40d2af1,7944995.520650525,7944996.725624737,7945011.616600948,5738,200,1.2049742126837373,14.890976211056113,192
df7f6af4-735d-4628-bcb2-037c57a1ad32,57ff1918-00a6-4f1f-abf1-71b1dec34e08,7945002.520388825,7945002.733514044,7945012.086907439,2070,200,0.2131252195686102,9.353393394500017,2064
9b95a334-949b-43d6-a785-966d4066b79a,c8b7ff65-cf0d-44ff-991e-2b8fd4458b22,7944994.520382925,7944995.340888431,7945012.174768506,4790,200,0.8205055063590407,16.833880074322224,176
423c5aaf-d5ac-46df-aa02-1ec60ffaa324,623901f7-e6f9-48bd-828b-b5728990d3b2,7944994.520375565,7944995.584253067,7945012.296443485,2570,200,1.0638775024563074,16.712190417572856,192
4a7a76f1-7bd9-4915-aef5-c92cff8db0b1,8bfd814d-28ab-4cb5-b72a-dd26380f4984,7945005.520512698,7945006.233237259,7945012.446434747,5662,200,0.7127245608717203,6.213197488337755,192
b97647db-534c-4560-97c3-f8fea18df832,50255ca8-a7bc-49f9-aa44-a33caa66a0be,7945005.520516424,7945006.497102441,7945012.466368807,5910,200,0.9765860168263316,5.9692663652822375,176
8eb512ef-9b71-4e0d-bf18-ae0c1078fd04,14141ec7-cddf-437f-8727-cf3bc4ae468c,7945007.520601052,7945007.715237628,7945012.474152153,721,200,0.19463657587766647,4.758914525620639,176
a7f971e5-50c2-4a6a-8555-cadcc9f56ea4,d1a58fee-2699-4cde-8dec-5a26bda64889,7944996.520623307,7944997.480355802,7945012.68796561,2672,200,0.9597324952483177,15.207609808072448,192
2089b8fb-77ac-4eee-bfc7-b8401f55f89e,488fa642-e3bf-4c27-a466-49415c3146f9,7945006.521012275,7945007.712876211,7945013.171362643,5845,200,1.1918639363721013,5.458486432209611,176
fff3db9e-2d17-4d07-9f11-115c67a4a388,33112398-5129-4e1e-868e-09609c2b6bee,7944995.520660731,7944996.66095627,7945013.219466344,2472,200,1.1402955390512943,16.55851007439196,176
e47fc79e-6013-43da-bff8-2025d7fc1df4,0bd71f2d-8ff1-4b8b-a899-9b785a451bbb,7945008.520392338,7945008.783604017,7945013.256038015,1230,200,0.2632116796448827,4.472433997318149,288
f7315e54-7633-4bf0-9af7-11cfe9db0a67,c5ee0dcb-4f4d-49c2-8f2a-ab8151ec8f48,7945003.520318975,7945004.031360535,7945013.366562377,5991,200,0.5110415602102876,9.335201841779053,176
f55d03de-81ed-41b8-aae1-2b6cd0e94a1e,00960d8d-92b2-47dd-a410-ce898eaf23c2,7944997.520573543,7944998.214956824,7945013.3849768005,5874,200,0.694383280351758,15.17001997679472,176
9239767e-9c8f-443c-ae44-a34e5e9c426f,719dac01-1de7-4620-a520-52d4ffeb767c,7944997.520598115,7944998.7631414905,7945013.411082736,832,200,1.242543375119567,14.647941245697439,192
4a911d53-1709-44c1-a0e1-569139f96979,35c9b5dc-29e8-498f-9ad8-87fe22f17021,7944997.520588596,7944998.7661573365,7945013.416914648,2035,200,1.245568740181625,14.650757311843336,176
37a106f9-2897-441a-9094-95e65bba946e,240c36b4-8f22-4cfd-bfbb-90147dc774e6,7944997.52058464,7944998.767625163,7945013.418922737,5979,200,1.2470405232161283,14.651297573931515,176
c9b39bc7-8f08-496b-9c82-246e0fc3b123,bbcf2ca1-a472-4c7f-9404-4430eb3e7e19,7945004.520281147,7945004.782820375,7945013.420017042,1319,200,0.2625392274931073,8.63719666749239,160
a4f1b03c-8d29-48ea-9899-7d50ff2688c4,f4aff892-842b-4e98-af4c-cfd1deacf96e,7945009.520263107,7945009.780820227,7945013.787782538,2207,200,0.26055712066590786,4.006962310522795,416
5b907a76-3369-401f-8ef4-8b28122ad102,af58fe18-5abf-4a30-a78b-73561c06d4f2,7945009.520260018,7945009.936033475,7945013.80733511,2371,200,0.41577345691621304,3.871301635168493,480
647ef971-aff8-445f-a21f-ef0cf62dfb90,b2b28eea-494d-4c24-b6d8-00f553246d00,7945008.520381291,7945008.728555676,7945013.814452172,1258,200,0.20817438419908285,5.085896496661007,192
e8265749-358c-4a14-b8ac-82a971b9f004,50a6fd55-dd24-4441-9105-8785b6a488a7,7944996.520632029,7944997.301940269,7945013.867391081,1588,200,0.7813082402572036,16.565450811758637,1584
22293f67-f687-462b-9491-e553e7de5c74,07c6cfe5-ddc2-4943-8c6c-6cb93009af4e,7944996.520611538,7944997.306525787,7945013.871853162,5934,200,0.7859142497181892,16.565327374264598,176
3ca25d3c-b9e3-41d2-9418-dd44fdd2fd23,a87c1e2c-7a49-4744-9e7f-268e78b88eee,7945008.520388559,7945008.811585454,7945013.906342492,844,200,0.29119689483195543,5.094757038168609,192
7a981726-c55a-4481-91af-929812973985,aa942eaa-fb40-4ee4-a6e1-593548ba0dbd,7945009.520269583,7945010.088232569,7945014.380200309,5889,200,0.5679629864171147,4.291967739351094,192
5372ec9b-ca73-4e74-85b2-8ec5f30bce2b,e0f89448-f876-416b-8010-7e072a728504,7945005.520525812,7945006.026178115,7945014.583146908,6012,200,0.5056523028761148,8.556968793272972,160
58b56ed3-9a42-4ab2-a0e7-8248e790e5c1,27e00e2e-21f7-46b8-8008-d0a46fedbeee,7945006.520971366,7945006.723341593,7945015.178791827,739,200,0.20237022638320923,8.455450234003365,16
667da942-7a4a-4afb-97e1-00bfc26004c7,46db840a-ebfe-444d-ac32-5a034a324426,7945006.521004244,7945007.05151869,7945015.201690012,5772,200,0.5305144460871816,8.150171321816742,1472
b33885fb-bbf2-4987-b4dc-22012a1e856d,e5488a62-a6e0-4b98-a167-55ef476697ef,7944999.520744075,7944999.701429427,7945015.3300928725,1322,200,0.18068535160273314,15.628663445822895,192
1401eac3-f0f9-4c91-afef-56f74a53c988,7f03b1ba-06bc-47a2-be64-1a59fab8ce22,7945006.520994527,7945007.312866438,7945015.564114519,5773,200,0.7918719109147787,8.251248081214726,192
b86ff560-e374-4d0a-a310-cb162484c3c6,824ede68-58b2-43a5-8b67-3d484cac77f3,7944995.520653701,7944999.508187504,7945016.118619346,3451,200,3.987533802166581,16.610431842505932,192
cebd3b0c-1a20-4710-8505-b967c8f22143,2d04a413-22fe-4614-bb84-9ea52c8c3a73,7945009.520238971,7945010.031050004,7945016.721066057,5481,200,0.5108110327273607,6.690016052685678,160
4e559662-776f-4332-a9ba-718b5aec28a1,d0030985-3721-47a2-be3f-a716ff7779ef,7945009.520249971,7945010.058869912,7945016.739797588,3619,200,0.5386199411004782,6.680927676148713,3616
82b949c3-b3de-4c91-84fb-0b6a08ac9331,f270da46-3409-4931-ac53-a9c00d956923,7945010.520664685,7945010.716069318,7945016.915464357,1806,200,0.19540463294833899,6.199395038187504,160
257c1f7a-d2f1-4bd5-b00f-fbf847fdd30d,1944b4a9-25a6-481b-a8a6-9b9e9f4d0c67,7945007.520597614,7945007.600571106,7945016.918647077,5909,200,0.07997349184006453,9.318075970746577,5904
fdc173ae-fbbe-43a7-8516-067763fef3df,7d9a3919-67da-44b2-b824-fb9926b6da15,7945010.520667584,7945011.22033833,7945017.212767487,4377,200,0.6996707459911704,5.992429157719016,224
1bfee0e5-378f-4853-9397-630095410557,62bd5ab4-a4ae-4c45-90a9-d469d50595d4,7945008.520385245,7945008.898879513,7945017.60759292,1742,200,0.37849426828324795,8.708713406696916,160
6acea30d-e4b1-4c61-9242-58f1ea3b9267,5e34dc58-8d28-4946-b67f-f69a67bb089a,7945011.520124568,7945012.007637328,7945017.801902833,5614,200,0.4875127598643303,5.794265505857766,160
82d90482-764a-4853-bc4a-016aae237072,0510668b-2e39-4521-abbf-68606b666ffd,7945001.520607094,7945001.813966965,7945018.066477514,2585,200,0.29335987102240324,16.252510548569262,192
d192781c-6720-493e-b34f-b5932c29e7b5,5f73476c-5788-47d5-8c33-62022bc36395,7945012.520570756,7945012.965511303,7945018.120660932,3916,200,0.4449405474588275,5.155149628408253,176
77399479-4e93-46d0-846e-084d84279881,8aa6063f-9cd1-4748-bc9a-78c44fd7370a,7945012.520562985,7945012.710928053,7945018.149861954,1671,200,0.1903650676831603,5.438933901488781,288
91521d3e-3773-4c20-80f2-446672b241c5,109911a5-9e24-4bdc-95c0-fd2a56571c91,7944997.520591676,7945002.006979774,7945018.215534869,6056,200,4.486388097517192,16.208555094897747,176
de0ce259-5309-4af3-b539-38c342692b89,af106407-ea10-4304-a36e-a9f2fe57ec32,7945002.520359676,7945005.208953508,7945018.379958275,2676,200,2.688593831844628,13.171004766598344,288
ad916428-4300-4e80-8118-dce70ad541a2,288856ff-0e20-4dd0-9458-85503a7ab282,7945004.520284837,7945006.423815773,7945018.428968339,5703,200,1.9035309357568622,12.005152566358447,160
b4d4d413-c240-48c8-9f9a-39f80a699068,01346e59-8ea1-4714-95da-e6489ae288e8,7945004.520271507,7945006.678131656,7945018.458629997,2879,200,2.1578601486980915,11.780498341657221,176
e3d71f7a-bd19-49cd-b7c7-9584b468d6cf,36c06fe6-5b24-4d05-aa49-6e7c64045ab9,7945013.520565464,7945013.951632428,7945018.707190461,3430,200,0.43106696382164955,4.75555803347379,192
4b67cf71-637e-405c-8e6c-ed31d307afe1,8201882b-3c83-4a5b-b140-7a5572375d5a,7945006.521025619,7945009.28350495,7945020.044724082,3999,200,2.762479331344366,10.7612191317603,160
907e50be-5e26-4115-b8a0-c8cd1f1acc9b,5e4b17dd-139b-49d4-a241-2a2bae8d295a,7945001.520623729,7945003.889009002,7945020.094887109,1790,200,2.3683852730318904,16.205878106877208,176
53a9a508-055a-4fc3-959f-19d2a897fac3,75585882-0160-44b1-a849-b6ed5e3759c6,7944999.520736636,7945003.892197095,7945020.100060927,3380,200,4.371460459195077,16.20786383189261,160
b6f63cb8-27bf-4a0f-98b4-efc6f3454b2a,3357a07f-5bdc-45f0-8791-aeac036a93b7,7945000.519995996,7945003.890557817,7945020.098437966,1564,200,3.370561821386218,16.207880148664117,176
6b488a3d-489a-4dce-b16f-7bba7e5a60c2,bfd839f9-7891-4b73-8ec3-0ec4e6a3b69e,7945009.520257057,7945010.111324692,7945020.120351587,2123,200,0.5910676354542375,10.009026895277202,160
50bf9d74-62a2-42fd-9987-7a21d5d170d9,425f6293-7288-4f82-9137-97ef2c2f89e8,7945013.520557296,7945013.82986447,7945020.249882095,3122,200,0.3093071738258004,6.420017624273896,160
3bbde851-7b75-4671-bfce-d566865caef7,5e42de05-0341-4884-a574-6c349b3cf11b,7945002.520379943,7945004.516740652,7945020.330951038,5908,200,1.9963607089594007,15.814210386015475,192
c56ecd8e-5de2-402c-bc97-295e18104ba8,6c9f1413-e467-4d64-be9e-c1beccfa7d1a,7945010.520651697,7945010.743314616,7945020.488876335,2142,200,0.22266291920095682,9.745561718940735,224
8c22205c-44ee-45ba-aa00-b8577f97468b,76489012-fef6-4640-b537-d17bb55de8c8,7945011.520110529,7945011.790236539,7945020.663346267,2492,200,0.27012601029127836,8.873109728097916,192
7b3aed1a-db49-414c-b157-f9c0737e6ee7,d3326a24-2cfe-423c-b12e-a234f3b6df37,7945002.52031834,7945004.8782948665,7945020.959097002,5879,200,2.35797652695328,16.080802135169506,224
fdf64c4a-986b-4b16-898e-afa09e968849,a2d50e13-b70d-4fc7-ae7b-c9da9cadaf6a,7945012.520566428,7945013.220804667,7945021.158859743,5659,200,0.7002382390201092,7.938055075705051,224
a3de18fc-02b1-4da3-a91b-c00f758a7975,e8a795ee-9f90-4976-894b-7318b1215e72,7945012.520577632,7945013.8686467875,7945021.176378212,5718,200,1.348069155588746,7.307731424458325,160
76d7a89a-88d5-475f-827d-efd4f815d3db,f9c92a82-99c7-477b-95d5-3aed03818705,7945013.520560789,7945014.37258605,7945021.201874759,3133,200,0.8520252611488104,6.829288708977401,176
af15147e-e733-4b3f-9b43-4b3e4a6cd546,c8f41ada-0fda-488a-8de7-cd70fca61f37,7945014.520122528,7945014.707132426,7945021.330108263,1888,200,0.18700989801436663,6.622975836507976,176
a808e813-6259-476d-954e-d5516d8dfd09,714217a1-bbce-48d4-9455-460f544a1b5b,7945004.520289057,7945004.755999492,7945021.559569734,1947,200,0.23571043461561203,16.803570242598653,224
081c3c0f-df96-4ec8-b0dd-298942c1294a,9d3da819-d55e-499b-8c32-f0bc4ad5ad0e,7945005.520522564,7945006.263123476,7945021.648205817,500,200,0.7426009122282267,15.385082340799272,176
aec0df19-77b7-4ce3-8bc1-5ab51917d824,e18bfa26-41ba-44f1-81dd-523d09a147de,7945006.521015739,7945006.958267916,7945021.843298021,2995,200,0.43725217692553997,14.885030104778707,496
26076582-da4d-4164-8258-935b31c4f8f2,1ddc0d9c-5d28-46c9-b091-e70085a47921,7945006.520916292,7945007.393456236,7945021.8785032155,5945,200,0.8725399440154433,14.485046979039907,160
ba19e419-c202-4b2f-b554-e30fa32732c9,dc8da506-377a-47db-b74b-fa65c921225f,7945012.520558224,7945013.2378695775,7945022.387360451,5858,200,0.7173113534227014,9.149490873329341,192
0ea105e1-2657-442e-babd-9e61b2a09877,196b3ba3-fa8c-4255-8678-43251bc0da68,7945004.520181997,7945005.643114672,7945022.398545098,2029,200,1.122932675294578,16.75543042551726,160
30188241-03ae-4fba-a24e-9e0618c3806a,01bf6cef-c97b-4d6f-8ae2-8102bf0f9a79,7945012.520573603,7945013.50331243,7945022.40659975,5890,200,0.982738827355206,8.903287319466472,224
5d5407a4-5a41-4bcf-8b8e-c6da323d15f7,6d968042-3126-405f-a611-079b508437c7,7945016.520809919,7945016.700414817,7945022.584134808,2077,200,0.17960489820688963,5.883719990961254,160
81c8b4a0-2622-4681-b307-354cde70a47b,39f0db0a-82e8-429d-aa53-89c2802d7dac,7945005.520519427,7945006.217224004,7945022.617937717,820,200,0.6967045767232776,16.400713712908328,224
9a3547ec-6492-4d95-b734-a70e62be99e0,f56f3534-c298-4487-a39f-16c483a04920,7945005.520502451,7945006.22059865,7945022.62186699,4717,200,0.7000961992889643,16.401268339715898,224
8f4f8e49-f159-445e-84db-bb1b806a778c,d2e35e05-d494-455b-8b64-3602cd992e55,7945015.52047897,7945015.660132257,7945022.764451915,474,200,0.13965328689664602,7.104319658130407,176
9cdaaa8e-0c91-4226-afb2-8e7e29d71800,5efef79a-109b-4a9d-bb65-6cd95942cd81,7945015.520487053,7945015.681328575,7945022.789681037,5922,200,0.16084152180701494,7.1083524618297815,5920
f480212d-8baf-4681-a469-4e810bae9d34,ed4008e7-8fb2-4c86-98dd-bbd7d9a96ecf,7945006.521018863,7945007.504816064,7945023.858553034,6108,200,0.9837972009554505,16.353736970573664,176
907d2bd6-2723-4f5f-9bd4-f1535f40695e,50a6fd55-dd24-4441-9105-8785b6a488a7,7945019.520280323,7945019.710820084,7945024.171081681,1588,200,0.19053976144641638,4.460261596366763,224
57dd1430-10fe-4b0d-a023-90b1566fd7b6,ec035cd5-4099-445f-80a6-d885e8148b75,7945009.520266715,7945010.511462964,7945024.570130048,2627,200,0.9911962486803532,14.05866708420217,16
af0b7f86-efa3-4b1a-95b4-317d086e7fb4,2871c9ae-c754-4c2c-804f-828a39cb9175,7945009.520273083,7945010.951240473,7945024.5806357525,5800,200,1.430967390537262,13.629395279102027,192
8e733cf2-4fa1-49cf-b9f5-ae58d4af88ae,843f4d3a-2be0-4405-8c9c-e6a1d1eb833e,7945015.520483228,7945015.653149954,7945024.591895698,462,200,0.1326667256653309,8.938745743595064,176
27312ca5-62eb-4b20-ab01-1e2d383e2808,1b47827e-eff6-4493-98e1-f137248f2700,7945017.520366587,7945017.828462468,7945024.596609485,3414,200,0.3080958817154169,6.768147016875446,224
9e0047bf-968e-4200-8ee8-0540ad6eb607,44aca2c5-60dc-4929-8170-29f5e1fce844,7945015.520465095,7945016.023582702,7945024.631153467,4915,200,0.5031176069751382,8.607570765540004,192
34d791b2-5c2b-49cc-9d37-05aa15232102,44838094-3154-4ad0-aad1-71143ecb6bab,7945010.520660887,7945012.691605444,7945024.6987420535,6003,200,2.1709445575252175,12.00713660940528,192
85d47c7a-27bb-47bb-9ac9-18f7603c73e1,16ee1f98-70d1-4f25-b592-1d867d4d1193,7945011.520131573,7945013.237096031,7945024.723616835,4741,200,1.7169644581153989,11.486520803533494,176
d4fec047-0dd7-475e-a0e6-8850db4b786b,6fb86cb0-b646-4ecd-8730-d6ed365d30a3,7945013.520548418,7945014.557185378,7945025.0810828805,5868,200,1.0366369597613811,10.523897502571344,160
c9d69b28-e8fc-4dff-aad7-2af61275440a,a941116a-c518-4f7b-bc3c-311e10bec57b,7945013.520568451,7945014.554854281,7945025.0788686965,839,200,1.034285830333829,10.524014415219426,176
aa4b0f73-0eb3-4480-b06b-aa1c017e1486,940160ec-0bfb-4ebc-ac97-abf254489499,7945006.521008674,7945008.716352473,7945025.09887566,6560,200,2.195343798957765,16.382523187436163,192
9785ce2a-4060-4e78-ae15-de7d09203a0e,4346426a-d1cf-4421-a05c-b8084161d1b8,7945006.52102188,7945008.713512628,7945025.095240573,869,200,2.192490748129785,16.381727945059538,176
eeb87877-a5cc-420b-9fc1-4cfa25bfd718,0190a9e6-affc-4d5f-87eb-836948a65e3d,7945014.520118592,7945015.205598871,7945025.128819932,6357,200,0.685480278916657,9.923221061006188,192
cba019bd-da2e-4edf-93d6-a6d08d31deb1,cfcf6a51-050f-473a-a1ec-66f62d2f15ad,7945007.520586621,7945009.296200741,7945025.677181832,5848,200,1.775614120066166,16.3809810904786,176
a69006f8-d24a-47b8-b1ec-a960dfc11698,70da4a8b-eece-46eb-8b9e-2f1c28b4f670,7945008.520366477,7945009.794051856,7945026.00342424,3481,200,1.2736853789538145,16.20937238447368,192
caac7e5a-2104-443e-9e81-73f8d8976eea,6418d22e-6d88-463b-a16b-7587c147056d,7945015.52049368,7945016.03804733,7945026.581089585,5735,200,0.5175536507740617,10.543042254634202,192
618677fa-b7c6-4b59-8bb9-707fb6c3ddf6,f77b3e1a-28ab-448e-9c49-1437284550c7,7945018.520203544,7945018.626345407,7945026.617549821,689,200,0.10614186339080334,7.991204413585365,224
cb18fa08-bbab-412c-a883-26d3ecdc9d67,cca96de9-6408-4913-ba55-66f765509f5d,7945018.520213136,7945018.721252609,7945026.651258649,1015,200,0.20103947259485722,7.930006040260196,160
664aadf9-79fb-46e3-9205-26a8136f5a69,bae42ab0-315a-422a-8e89-6a7cf4b10773,7945009.520253883,7945010.487689306,7945026.940570496,5913,200,0.9674354232847691,16.452881189994514,160
7c6f8440-24ae-4228-91a8-547de2e81f13,04c151c1-ee98-4835-b8ba-1681eccdd922,7945019.520230675,7945020.105783534,7945027.447670955,6518,200,0.5855528591200709,7.341887420974672,192
096d248d-6ab7-40d3-a686-9cd15901367f,dec5032f-5640-4adb-8120-132fbe0e8a7b,7945017.52039126,7945018.257734164,7945027.865408812,2404,200,0.7373429033905268,9.607674648053944,288
5e781cb0-151c-45f2-ba76-edcef412d2b4,b4c5b65e-b0b2-4149-a9a2-a49a11473845,7945019.520274029,7945020.617621986,7945028.24428946,5689,200,1.0973479570820928,7.626667473465204,1328
c4ad3144-ee30-4db9-84c1-5ea77bbb89df,12a20126-19e5-4ddc-b4e6-5b1c4432afdc,7945017.520383671,7945018.004853674,7945028.251691894,5772,200,0.48447000328451395,10.246838219463825,192
9382cfd2-7ff6-435e-86e7-c9f85581bcf9,fc3dbac8-9a03-4b40-a41e-097cdfb9846a,7945020.520754718,7945021.110074125,7945028.273476116,3985,200,0.5893194070085883,7.1634019911289215,160
bd68e08d-085b-4c92-93a9-75a959b99f9f,034fada1-6ff3-494e-9df1-8d72fa54e215,7945020.520761307,7945021.108974864,7945028.272939357,2784,200,0.588213556446135,7.163964493200183,160
b788a45e-aaf8-4be5-9c75-f5357ac649d0,42303959-8373-4fb5-b881-e39d2351d467,7945020.520737245,7945021.346446557,7945028.290925037,3177,200,0.825709312222898,6.944478480145335,192
645e0582-24b4-4273-af67-92724da469dd,9f4a967c-69d5-46cb-a48b-7028ac8a0984,7945018.520194545,7945018.931824214,7945028.451033128,4363,200,0.4116296684369445,9.519208914600313,176
c1bb040f-5577-4edd-812b-def81e73673c,6bef9240-78a1-482c-96d2-a89c97ba970c,7945018.520215628,7945018.609307023,7945028.48681947,2713,200,0.0890913950279355,9.877512447535992,2624
5dcd06c1-b4fc-486e-838c-7895e88ef315,ad3e5418-e180-424b-8b3f-a75453da1b2f,7945021.520535512,7945022.20972192,7945028.557757287,2820,200,0.6891864081844687,6.348035367205739,192
60d05e04-2a8b-497a-a22c-2cdb5fe35772,1bb39ff9-0ea5-419f-a37c-928f0db0f068,7945011.520128661,7945012.040370124,7945028.683969975,1895,200,0.5202414635568857,16.643599851056933,176
67eb42a5-abd7-4bc6-b9e2-7164a00cb9f7,cfba0479-b5d0-449b-bc96-f06bacbea9a8,7945020.520750895,7945020.799232145,7945029.090465427,2868,200,0.27848124969750643,8.291233282536268,288
231e151c-74cb-4fdb-96fe-9ed68cccc8c0,e0cfc694-73d4-4603-9a29-1bdf768266fa,7945011.520121029,7945012.297391325,7945029.259824018,1639,200,0.7772702965885401,16.96243269275874,160
0812351e-9bd8-4bd4-98ae-3ab875c8a931,3af3006f-2e77-4d23-9583-c5204d42ceb9,7945022.520370198,7945023.041022789,7945029.339060581,962,200,0.5206525903195143,6.298037792555988,176
854221fc-72b6-4d8e-b7d3-f06a8a2daf7c,a0581530-c894-4f12-a948-e8caaa8163fe,7945019.520248246,7945020.058637464,7945029.58936881,5799,200,0.5383892180398107,9.530731345526874,224
7a0780e7-8d22-4a3e-9102-ed0e9c80a904,e1189205-6824-4411-804c-f395c62b7c66,7945020.520757848,7945021.011434864,7945030.377742815,5787,200,0.4906770158559084,9.36630795057863,176
98ae1670-0169-4d5a-9983-83e967737cc5,8c66f4b5-d213-4e99-89aa-3f646bb39a87,7945021.52053173,7945022.247282013,7945030.426757226,5982,200,0.7267502835020423,8.179475212469697,176
f9c74384-0195-4123-adf9-47d9ad9aff42,5761bb36-4436-4d2d-b483-82492b5b7782,7945021.520520452,7945021.735219394,7945030.860267698,2289,200,0.21469894144684076,9.125048303976655,192
c92d6bca-67e3-418b-b121-9b2bc4dbd390,2ea40277-676a-410a-8b83-b14467b8308b,7945019.520262295,7945021.323195349,7945031.228685534,3138,200,1.8029330540448427,9.90549018420279,176
e3bf248e-75ae-4e4c-8e06-adf97c5a190d,ec035cd5-4099-445f-80a6-d885e8148b75,7945020.520764837,7945021.324650146,7945031.230651605,2666,200,0.8038853090256453,9.906001458875835,448
f7e6f84c-0b4d-477a-93fd-6c0bd0336249,9b14e473-99ef-46f4-a075-81919dd0446c,7945012.520490922,7945014.632591332,7945031.270544337,2364,200,2.1121004102751613,16.637953004799783,224
e5334bac-b287-4e7b-a6cc-a32d1116a2e8,027ea883-203a-4478-89ab-361ad0825fd8,7945023.520753613,7945023.842290984,7945031.8147842465,3322,200,0.3215373707935214,7.972493262961507,192
f2a96917-0d37-45d7-bd6c-6bb55b006660,32087621-eee3-413a-95d8-81b2a9d41e00,7945012.520533544,7945015.455452222,7945031.985648362,1911,200,2.934918678365648,16.530196139588952,192
00a52cf7-5eff-4253-bd0e-6209b96982d9,b836c219-a933-4d49-bac8-ee5d287b5bfa,7945023.520750124,7945024.039884954,7945032.225564556,5868,200,0.5191348297521472,8.185679602436721,192
3f9451d4-19a3-4667-8397-f5ff02ad5318,ceb63c9d-93ca-445d-9e1d-fe8b5b88d14c,7945026.520752977,7945027.038381436,7945032.441098505,5845,200,0.5176284592598677,5.4027170687913895,224
37e6bcc6-56c6-4539-be2e-55d45a1ea901,fdda8363-a79c-4dff-b8a5-15f6be115142,7945022.520385952,7945022.7926346185,7945032.757409489,2689,200,0.27224866673350334,9.964774870313704,192
8d78d044-2b82-4da3-9f54-1af40fd3106c,30971b06-21cb-430b-9b96-f4da653a673d,7945024.51998884,7945024.997815155,7945033.149798375,5866,200,0.4778263149783015,8.151983219198883,176
11d21a18-5db2-41d8-a1c4-a9dd388c328b,d0030985-3721-47a2-be3f-a716ff7779ef,7945025.520284743,7945025.657612188,7945033.273390194,3805,200,0.13732744473963976,7.6157780066132545,3600
00420986-efa7-4cb4-b996-0d209f9c20c1,8037e110-1d44-4477-8e06-0223eba390eb,7945025.520273266,7945026.034490527,7945033.913215294,5891,200,0.5142172602936625,7.878724766895175,160
65a39e2d-b11f-42d4-b583-c197c69ae420,20a3f959-78cc-46c6-8962-31e21ecd5c4e,7945013.52056318,7945017.586710991,7945034.024403751,1517,200,4.0661478117108345,16.43769275955856,192
545f871c-7760-41b4-93e0-f82494fc5943,170812a6-cb38-4169-bec1-bbe2e86c6001,7945014.520106187,7945017.589255344,7945034.027143914,1565,200,3.0691491570323706,16.43788857012987,256
fdee3768-b2f9-4f4a-a37f-010314ce4cce,b1d48415-2679-4cdf-930c-839699995501,7945026.520767706,7945026.916386423,7945034.04166864,3056,200,0.39561871625483036,7.125282217748463,176
6fdf5b5a-2b03-4f39-9cfd-aad62ad0c129,4008439a-7054-4643-abe9-8e6901c83b3f,7945026.520764412,7945026.917634477,7945034.042211475,436,200,0.3968700645491481,7.1245769979432225,16
7283b665-21ef-4515-8341-0e67ca3db0be,76c6a94a-5b1b-4124-a8c1-7b783e5beb5f,7945026.520758057,7945027.0344054615,7945034.152997101,5941,200,0.513647404499352,7.118591639213264,176
0d47f803-e82d-4af5-9184-63a2f76d975c,42b78ebd-17aa-4ddc-8442-4e4fb55a60c8,7945026.520760816,7945027.366124387,7945034.173692574,2814,200,0.8453635713085532,6.807568186894059,160
b150aa65-975d-451f-9d05-6d53d3404727,1bc73e7d-6b0e-4755-ade4-f801a54d64d7,7945027.520605723,7945027.7044037795,7945034.401365369,999,200,0.18379805609583855,6.696961589157581,176
61afc340-7d0f-4d5a-bbb2-bbeb18ef79b1,bea7b331-6d61-47ee-bb30-fd850a81bff3,7945027.520619663,7945028.021503903,7945034.423804125,2587,200,0.5008842395618558,6.402300221845508,176
358c64b2-c495-4295-aa8c-c286172d6d0c,fc0804dd-2f2c-4652-a7ad-2d9b311e21e9,7945024.519975669,7945024.914673509,7945034.53460112,3778,200,0.39469784032553434,9.619927611202002,176
c8725bac-95aa-4d60-80d6-532af1851ce9,b4527815-5a94-4cdd-8d25-4cd8b6f2f33f,7945024.519985257,7945025.51115923,7945034.585807494,2398,200,0.9911739733070135,9.07464826386422,0
97f15c4d-0d64-45a2-863e-bc346b41ab88,47b6f51c-e139-4524-b0ed-2b8a71627474,7945027.520630823,7945027.999507032,7945034.6030543735,5750,200,0.4788762088865042,6.6035473411902785,160
ec227c80-f228-4ebb-89aa-a45783c33acd,6ee396d8-db4c-4684-88ab-113b143832cd,7945025.520277319,7945026.196056453,7945034.61651675,5647,200,0.6757791340351105,8.420460297726095,160
ee1cb50e-d332-4004-bfe6-9218af059a89,db487834-a11b-4e9c-b4d3-b089f73897c6,7945015.520497211,7945018.832463982,7945034.639302235,5830,200,3.3119667703285813,15.806838253512979,160
eb8c05d7-df1e-4cad-b72d-c950122757a0,99f1f6df-a16f-4986-bef1-52e47aec378f,7945015.520490145,7945018.837570725,7945034.64085013,3431,200,3.317080579698086,15.803279404528439,160
f9d33814-dc77-4057-aa57-10fd0692de33,0bd71f2d-8ff1-4b8b-a899-9b785a451bbb,7945028.520429428,7945028.617032978,7945034.886435111,1293,200,0.09660355001688004,6.2694021333009005,1200
289afddc-e5e5-41e6-b807-ef9989ee088f,d1a58fee-2699-4cde-8dec-5a26bda64889,7945023.520730755,7945023.817980727,7945034.952786101,2900,200,0.2972499718889594,11.134805373847485,192
b1458331-25c1-425a-b242-bc2cf2f8ff07,e5488a62-a6e0-4b98-a167-55ef476697ef,7945023.52076084,7945023.995866814,7945034.974761062,1310,200,0.4751059738919139,10.978894248604774,192
36b63930-0676-4baa-852f-d5b3f77f9a57,78d7f456-01c1-4f3b-87e0-11b338250aee,7945023.520747146,7945024.000403677,7945034.979625238,1199,200,0.47965653147548437,10.9792215609923,176
313c7105-7390-4b18-aadc-026587627dcd,ccd8f2c3-44d3-41c4-91db-1ba4dc5f9701,7945016.520814015,7945019.477115828,7945035.142257226,2586,200,2.9563018130138516,15.665141398087144,192
ca14992b-b17f-4c42-9444-f2c83a800096,bc829e6b-bf7d-471a-b1e0-497440ccbb5a,7945016.520797972,7945019.479067666,7945035.149611805,5918,200,2.9582696948200464,15.67054413817823,176
b53a050f-4d5c-443d-bf4c-55b7f157bd64,1330884e-9e05-4fca-8ac8-b7725234d148,7945017.520394376,7945020.096393172,7945035.733252845,1866,200,2.5759987961500883,15.636859673075378,160
a0f36af0-8957-428f-aa5c-14fe8a92a059,cfcf8ea2-39e8-4b65-a05c-99c6f74fc7ff,7945017.520387897,7945020.098064227,7945035.734419859,617,200,2.5776763297617435,15.63635563198477,160
4b587d47-4d7d-4d3a-a03e-ac697172075a,5c47871b-d8be-425a-92e0-3bc8f1070874,7945028.520432642,7945029.026227977,7945036.110749085,5737,200,0.5057953353971243,7.084521108306944,192
eb475712-6beb-4755-ba44-a51c8f7cf136,2df7a811-23ae-45a7-8f94-32c9fac9f9be,7945030.520148732,7945030.982922488,7945036.168737682,5526,200,0.4627737561240792,5.18581519369036,192
14a704b7-000c-4468-805a-96b2a6c3fb99,57ff1918-00a6-4f1f-abf1-71b1dec34e08,7945030.520135633,7945030.733545389,7945036.401487743,2082,200,0.21340975631028414,5.667942353524268,256
09ece493-d569-4bd3-b4ab-d2fd7ec7b675,e9cfb301-71d8-484a-8756-4676879b5e86,7945018.520207627,7945020.957310271,7945036.781375152,5796,200,2.4371026447042823,15.824064880609512,176
e52fcf38-6f89-405a-88c3-4ec04ae69d91,5e4b17dd-139b-49d4-a241-2a2bae8d295a,7945018.520210456,7945020.957861324,7945036.782130099,2017,200,2.4376508677378297,15.824268775060773,176
e30d27d8-2017-4ca6-a07f-81275048fce6,4a354b33-4f32-4d6e-a541-599473e738d8,7945025.52027992,7945025.724785235,7945037.024439679,1798,200,0.20450531505048275,11.299654444679618,176
31908de5-0cc0-47a0-9062-6dc2ef496136,14141ec7-cddf-437f-8727-cf3bc4ae468c,7945031.520163398,7945031.73128255,7945037.071458403,721,200,0.21111915167421103,5.34017585311085,720
1c16dcfb-2d57-4179-9893-4352e54c60de,d2e35e05-d494-455b-8b64-3602cd992e55,7945031.520160524,7945031.682047382,7945037.115968233,474,200,0.16188685782253742,5.433920850977302,464
bdc0e840-f48d-4b06-b714-ea54acbd0cea,d1aebabe-6add-434e-8599-d63b95b83ad3,7945030.52014192,7945030.7455835035,7945037.240917958,2495,200,0.22544158343225718,6.4953344548121095,224
4d691208-d3c4-43a8-aa16-dba8383fc59b,11125870-5b26-45ea-8fba-47c68888a24c,7945030.520151878,7945030.956891236,7945037.260536655,2814,200,0.4367393581196666,6.303645418956876,224
0232ba2e-581f-4041-a0f7-c86bddb37194,7e2e7623-9e79-4fcd-af36-959e2862cb05,7945019.520270256,7945021.584539569,7945037.393869246,5735,200,2.064269312657416,15.80932967737317,160
f1cb921e-e4f8-4c56-a7a7-dbe836412734,6ec635c0-f7da-4c2c-a7f4-be19d54eedfb,7945019.520277133,7945021.72924768,7945037.831118529,5018,200,2.208970546722412,16.10187084879726,192
c9467a8d-8770-41dc-a28b-fb3e525b3149,bd2ab0e4-b415-4560-8ada-17cafd1ace98,7945031.520171855,7945031.771482844,7945037.958741615,778,200,0.2513109892606735,6.187258770689368,176
d0821d2c-c710-4a05-bd27-5e1753fb70b7,c0dbd0bd-4010-4779-815e-795e06cc171a,7945032.520471337,7945032.927182872,7945038.177497224,4981,200,0.4067115345969796,5.250314352102578,192
6f663657-df33-461d-8e8d-3bac4653f062,e7ddf100-0645-4d83-9de1-cdfd98d12da1,7945025.520282137,7945025.8508742405,7945038.194088173,3428,200,0.3305921033024788,12.343213932588696,176
d466a10d-39de-4b34-81a9-5a62162f7a03,a4705d3f-c9cc-472f-8323-bf9e4593e138,7945025.520287175,7945026.456123515,7945038.222161945,5730,200,0.9358363403007388,11.766038429923356,160
c37788b3-0d61-4980-9bb7-d3a8873f4933,e43607a6-bee1-4fdf-a0b4-8ea2245eecf1,7945026.520740099,7945027.073599171,7945038.28094323,1315,200,0.5528590716421604,11.207344058901072,192
7029b5ec-b703-4c33-90d3-3e30fe8b56c5,7db776df-3838-4154-a574-531f0fd66b8c,7945032.520462891,7945033.003356754,7945038.347311409,5884,200,0.4828938627615571,5.343954655341804,160
dda52a4a-6f1c-4bfc-864e-2d6b21d73aa9,623901f7-e6f9-48bd-828b-b5728990d3b2,7945022.520389698,7945022.865884265,7945038.526668173,2570,200,0.34549456648528576,15.660783908329904,192
ed3d60a2-39b5-41a4-810f-de7514a78c2c,881cd439-cd62-4d96-be83-b9b80c159776,7945033.521047746,7945034.103235928,7945039.128279436,1240,200,0.5821881825104356,5.025043508037925,176
39085074-488f-4075-ba75-0f22057433bc,127f378e-d0dc-464e-a79a-fa7013197aab,7945023.520757161,7945024.46529099,7945039.14736528,5352,200,0.9445338286459446,14.682074290700257,176
c553bf91-eb5f-4c0a-aa28-d6a0986fe3e8,b8da1dd5-81ed-4005-bc7f-80a71f22ed71,7945023.52074338,7945024.637369877,7945039.179714738,4864,200,1.1166264964267612,14.542344861663878,176
c9ab671d-f8f2-4942-ace4-be67b3b87451,be87db14-1251-411b-a2d2-32b73d635bc4,7945033.52109595,7945033.835034852,7945039.259176529,2810,200,0.3139389017596841,5.424141677096486,160
c3ae1583-f940-49b1-8321-184dfc84286f,c763213b-3ea9-43c8-82d2-a13bc4766d37,7945027.52062556,7945028.191471657,7945039.339175593,984,200,0.6708460971713066,11.147703936323524,160
bd174580-5d3d-459b-8747-f9340bb26b1b,19500c45-30d4-49de-bfa4-2268492645cd,7945027.520623126,7945028.191344057,7945039.342421157,4227,200,0.6707209311425686,11.151077100075781,160
37252e58-87cb-4bde-bbac-8d1fa6b3b125,41d7460a-e0a1-4300-9f40-37670c541e0c,7945029.520108933,7945030.345655976,7945039.405667992,917,200,0.8255470432341099,9.060012016445398,832
2ca39154-8a55-4d1f-b130-c0605b5dcd9a,f4aff892-842b-4e98-af4c-cfd1deacf96e,7945034.520749951,7945034.761844156,7945039.630549744,2208,200,0.2410942055284977,4.868705587461591,416
a1b8a7c1-37bb-455c-9f29-becec7d118a4,aa942eaa-fb40-4ee4-a6e1-593548ba0dbd,7945031.520157972,7945032.329907262,7945040.083644403,5889,200,0.8097492894157767,7.753737141378224,5888
ba8a51a0-3af1-450c-94c0-c95d171f9468,64d360e4-7905-43d3-8873-c6d7e150a922,7945034.520761576,7945035.675101578,7945040.220161668,2849,200,1.1543400026857853,4.545060089789331,192
72d85a22-c8ae-4adb-bc55-89e32e746663,cebd319e-5a49-45d3-8581-90eea425cdba,7945030.5201456,7945031.120105361,7945040.591371457,1620,200,0.5999597609043121,9.471266096457839,160
bbbac718-4b6d-4106-8aa7-a22c9b003917,754d16d3-ea57-4edc-91a1-c28db76c5ec2,7945028.520425647,7945029.020247763,7945041.2192474995,5763,200,0.49982211645692587,12.198999736458063,160
cc8bfdf3-a2c3-43a8-a1c3-6f8d637c6f8c,b0d890a5-dc11-452e-9cd3-7dba2c64d275,7945035.520200469,7945035.758490985,7945041.299558663,1991,200,0.23829051665961742,5.541067677550018,192
c6804417-cb1c-4ae8-9490-b4b5c8fc0f98,6bef9240-78a1-482c-96d2-a89c97ba970c,7945033.521074222,7945033.656427806,7945041.673536362,2780,200,0.13535358384251595,8.01710855588317,2672
bd889fa0-3fb5-4b59-a6ce-0e90dda31db9,085ced3c-c3cf-4b60-bf50-665ed52a072d,7945031.520169115,7945031.824092232,7945041.811976654,930,200,0.30392311699688435,9.987884422764182,288
7d8b09da-b198-4891-8bdd-2fe5808f28d9,f270da46-3409-4931-ac53-a9c00d956923,7945031.520138631,7945031.829335361,7945041.818572354,1806,200,0.3091967301443219,9.989236992783844,1792
fdd4dc3d-9b09-4297-a89f-7967f75584d8,68e71f54-23d1-4536-bcb8-b9ff5adfe35b,7945031.520166255,7945032.426164431,7945041.839293684,5348,200,0.9059981759637594,9.413129253312945,224
99a061cd-c727-4fc3-b4ee-337cf2ff2100,5342e1c8-a17c-4fb4-a32a-4e55385954d2,7945029.520043671,7945030.096938643,7945042.224131881,6012,200,0.5768949715420604,12.127193238586187,160
38ba2f9b-9241-4960-92a7-74e64e658ddb,06bd9fe0-2b10-467b-8ee7-3de10fda9474,7945029.520130247,7945030.736253563,7945042.249732136,6090,200,1.216123316437006,11.51347857248038,176
cd1228fd-583a-45ba-a876-3916c2aa765f,4d91675e-bed6-4756-af92-49701ac0572f,7945033.521085839,7945034.084903625,7945042.272971695,5902,200,0.5638177860528231,8.188068070448935,176
aa90a58b-b461-46fe-ab48-87fd5239318d,21dbf6ef-22d2-46e3-ac48-9cb8657506d9,7945029.520125686,7945031.342870755,7945042.280986637,3260,200,1.8227450689300895,10.938115881755948,192
0f67b165-1d4d-489e-978a-4328f4cf220a,20a3f730-0a4f-46a2-b2a5-1a67647b8fbe,7945030.520126088,7945031.701605438,7945042.308756159,5894,200,1.1814793506637216,10.6071507204324,192
f60cd820-6586-4e3b-adb8-fd14375e5e43,cc69a023-c1c3-4dcc-9d6f-d347a10e1419,7945033.521092791,7945034.33527064,7945042.328810286,4200,200,0.814177849330008,7.993539645336568,176
a40e90d9-8139-4244-9c35-a9c5e2d1c17f,8aa6063f-9cd1-4748-bc9a-78c44fd7370a,7945033.521089325,7945034.336390945,7945042.330368639,1722,200,0.815301620401442,7.993977693840861,1632
fad7f414-a86c-4b96-8345-a20ee73daddc,3576d3c5-71c8-4aa8-bb01-7f961dd7500d,7945034.520735657,7945035.442684575,7945042.3760662265,6389,200,0.9219489181414247,6.93338165152818,192
9014401b-5ad6-4b80-8747-5ef43dc1021a,b41865ca-d2ff-4e84-9d9e-aa057435693c,7945034.520746125,7945035.44143622,7945042.377325172,456,200,0.9206900950521231,6.935888951644301,176
b32db0e6-1637-4d23-8b34-a850680dbe76,c4d3dc38-186d-40b5-b82e-511fcca85150,7945031.520153704,7945032.386380967,7945042.586922122,2973,200,0.8662272626534104,10.200541155412793,192
3dfee0c8-9b7b-46f5-9295-faf155464e79,f271ebe9-b215-4499-a991-8ff24c4302bb,7945036.520327793,7945036.787626539,7945043.350036241,3087,200,0.2672987459227443,6.562409701757133,176
ebe0394c-bddb-46c4-bc1b-aa987712028a,0a95fabc-9d75-4cf4-8543-739fad988dfa,7945025.520260185,7945026.902730424,7945043.416693361,5853,200,1.3824702389538288,16.51396293658763,192
e70cba45-18f9-4def-94bf-9127fb0fe096,5b395a28-37db-4f2f-9699-dc343bce8a3b,7945036.520317938,7945036.655644847,7945043.443841156,1284,200,0.1353269089013338,6.788196308538318,176
a4e6b38c-3518-4387-b9ff-dee1fed94f98,13c19d21-f311-4a3a-97bb-1e152f24a81d,7945034.520753015,7945035.313953696,7945043.50796334,6869,200,0.7932006809860468,8.19400964397937,192
9962f832-af23-4ef6-bbe2-abe8a4c8fb6f,b4527815-5a94-4cdd-8d25-4cd8b6f2f33f,7945035.520206044,7945036.356000914,7945043.523210611,2387,200,0.8357948698103428,7.167209696955979,480
a65c912d-2410-4799-a17e-5d4082a8338e,e232fd4f-1b09-4f75-9370-41eb0f33f527,7945028.520422063,7945028.7830880415,7945044.411716826,3016,200,0.26266597863286734,15.628628784790635,224
7d43cf13-dc36-45d9-9f95-312b5bd16c24,ec035cd5-4099-445f-80a6-d885e8148b75,7945028.520408987,7945029.371262984,7945044.447108507,2648,200,0.8508539972826838,15.075845522806048,448
18f7f43d-ac11-4be1-a37b-95c54906538d,27e00e2e-21f7-46b8-8008-d0a46fedbeee,7945040.520631024,7945040.646085924,7945045.146678422,739,200,0.12545489985495806,4.500592498108745,288
74d6585f-bfc3-4c8a-85da-16c14d76d5d9,ebb1bf48-399a-4ba9-b547-c624bdb481ef,7945040.520714682,7945041.064001767,7945045.15784918,5728,200,0.5432870853692293,4.0938474126160145,192
ac693ed5-88dd-4dde-b24d-cc52ca930f8f,cd915048-11fd-46b6-9dd8-c6d53337db9a,7945037.520200864,7945037.597620995,7945045.174853804,570,200,0.07742013037204742,7.577232808806002,288
0d83d910-2921-4a36-b98b-5c65c8332885,a3dab01f-d1d0-4917-85cd-54cb085d56db,7945027.520628519,7945028.106141707,7945045.352907195,774,200,0.58551318757236,17.24676548782736,160
00cc1f70-ad88-4ff3-9412-75efbea1fde5,94392b0d-8f83-4e2b-80c5-1cb03c746275,7945029.520133903,7945030.563605896,7945045.50493645,3736,200,1.0434719929471612,14.94133055396378,192
7198722f-ae20-4bb9-b870-e9c73cbe15a8,41ebc82e-eb6d-418f-b73e-022fa300e998,7945028.520418624,7945029.130629907,7945045.517999593,5839,200,0.6102112829685211,16.387369685806334,160
6f45d65f-b349-4148-b22c-2f772fd34516,c1b75d15-4b27-406d-967a-f255a4effcdf,7945030.520139123,7945031.178724755,7945045.74684675,5937,200,0.658585631288588,14.568121995776892,176
8cbae1ff-14bf-42eb-9225-c48fb1943dc0,afb63b1a-ee8d-4572-842f-11c17ca1ffae,7945038.520057525,7945038.75893021,7945046.238178791,2342,200,0.23887268546968699,7.479248580522835,192
5466c7e1-75ac-4736-b607-66b4b2025528,4769ae9f-49de-48d9-86da-df8b89379ef9,7945038.520075096,7945039.025019928,7945046.258995172,3641,200,0.5049448320642114,7.233975243754685,160
fe578f26-c9d5-42a0-a884-4aaed6f5ae87,7d83a754-194c-4131-be9f-21b4f40d2af1,7945031.520174906,7945032.137334188,7945046.411973093,5587,200,0.6171592827886343,14.274638904258609,192
f12c1b30-5225-4ca8-8665-748dfa233528,977ac36b-bb7b-4aac-bf3e-938831af0d6d,7945038.520071479,7945039.037406196,7945046.464104278,5831,200,0.5173347173258662,7.426698082126677,256
39bff9a8-031c-4a58-b793-51d96d2e796a,be47ec66-79ab-4aa4-bbaf-d9fef785d9a0,7945042.520477527,7945042.645094074,7945046.688685255,1147,200,0.12461654748767614,4.043591180816293,160
3addb7e9-7fba-483c-b2df-d3920a1ad47c,c47b88bc-8337-4fcb-bb63-b8c147f8261e,7945039.520569704,7945040.049909309,7945046.957424534,5828,200,0.5293396050110459,6.9075152250006795,192
d3b8bdd3-35df-4b54-94eb-6d7e1e191dc9,685903a0-52de-4b0b-84fa-de2407e87d00,7945033.521082154,7945033.745232182,7945047.331120834,1308,200,0.22415002807974815,13.585888652130961,192
5d32b81c-a882-4876-a2c5-db279e7173f2,781fb1b7-73b5-4d50-94c8-ef9b92132ba5,7945035.520123046,7945035.996646761,7945047.526772432,5135,200,0.47652371507138014,11.530125671066344,192
5c36ef3d-5e04-4bac-995e-bdce96780b43,cf4fae3f-b581-4c59-9fef-3738c46b3c2b,7945035.520214194,7945036.1450322615,7945047.561870028,2054,200,0.6248180670663714,11.416837766766548,160
03aba535-db93-4ed6-858c-f6353b748dc9,231beffe-da58-4516-af27-1182589624ee,7945040.520708186,7945041.015151117,7945047.587044372,5811,200,0.4944429313763976,6.571893255226314,192
85e805f4-6c2e-4315-b830-a6ec3a927b4e,8201882b-3c83-4a5b-b140-7a5572375d5a,7945038.520081053,7945038.969031913,7945048.064299888,3999,200,0.4489508606493473,9.09526797477156,160
ac68203e-3606-4241-b76c-4a9ee0c51046,4df870a1-f984-48dc-93fb-96ee01475d6f,7945041.520618113,7945041.96667275,7945048.423171097,4656,200,0.4460546374320984,6.456498347222805,192
d6aa84e0-b433-4065-870f-f863d0332584,113c9921-afda-4fc9-98dd-836eefa608b3,7945039.520573842,7945040.153163509,7945048.477061013,3320,200,0.6325896671041846,8.323897503316402,176
910b2ea9-40e3-4b16-aec7-2e3cc78ac03d,6f4a7340-4bd4-446a-8cc1-2367016ee48c,7945040.520704398,7945041.134151961,7945049.206189471,5791,200,0.6134475627914071,8.072037510573864,192
8386b27b-a120-458d-83b2-6da68c690ae0,dd24355c-c6d1-461a-b504-e7f6f058e87e,7945035.520210227,7945036.232054963,7945049.456109539,4203,200,0.7118447357788682,13.224054575897753,224
ee9bd126-1dfd-4745-addc-74a4c0f5bbb6,41705093-4c8c-4a90-99d2-ad3181aceb70,7945035.520218774,7945036.869192085,7945049.484135218,5701,200,1.34897331148386,12.614943132735789,192
f1dc6300-44ee-4f05-a6ff-86b0996e89a3,6ccb2fd4-21c1-492d-9d64-56223fb86062,7945035.520222705,7945036.868819224,7945049.483337434,5992,200,1.3485965188592672,12.614518210291862,160
e48366e7-98e3-48bc-81d8-6e8f717808c5,b4c5b65e-b0b2-4149-a9a2-a49a11473845,7945044.520068889,7945044.970929869,7945050.3158664135,5651,200,0.45086098089814186,5.344936544075608,1328
6eb0a4b2-2837-4642-b2de-471ff60f098e,9d906d38-5a40-402b-9306-6739e6010f19,7945042.52045271,7945042.605252907,7945050.936724524,509,200,0.08480019681155682,8.331471617333591,192
c33d8d9c-a095-4661-a52d-61a136d64860,32087621-eee3-413a-95d8-81b2a9d41e00,7945033.521078727,7945034.642405848,7945051.371723801,1911,200,1.1213271208107471,16.729317952878773,192
026a96c9-e247-4590-902a-142d9e7b6895,16ee1f98-70d1-4f25-b592-1d867d4d1193,7945038.520083647,7945038.955478695,7945051.559267451,4741,200,0.43539504799991846,12.603788755834103,176
d1c6d99a-3ffa-4644-bbfc-40dd8f42f7b7,0bd71f2d-8ff1-4b8b-a899-9b785a451bbb,7945046.520653203,7945046.631261738,7945051.84469598,1336,200,0.11060853488743305,5.213434241712093,1248
abb76c9e-c689-416b-bbd0-3a6679ab7f57,06bd9fe0-2b10-467b-8ee7-3de10fda9474,7945041.520621689,7945041.979187209,7945051.969279484,6033,200,0.4585655201226473,9.990092274732888,960
5206993a-ea4b-4c83-bacf-9ef25223f689,31a18d24-4d97-46f5-88d7-b218f1a9d035,7945034.520755336,7945035.727949287,7945052.006994534,2366,200,1.2071939511224627,16.279045247472823,176
7bfcd2d3-d538-420b-876b-b939a7baa4da,b3f909ce-018e-4430-b0f6-b0dfbcd17eb4,7945034.520758556,7945035.733302079,7945052.01140973,5553,200,1.212543522939086,16.278107650578022,176
259405fe-87c8-4698-b34c-9f160c4a0e98,d3954709-3e90-4162-b807-366fedb25f30,7945038.520078281,7945038.779657093,7945052.57902466,2545,200,0.25957881193608046,13.799367567524314,288
9f148791-9389-4e55-8e36-5d9e99d84b76,ec035cd5-4099-445f-80a6-d885e8148b75,7945039.520565874,7945039.806540998,7945052.584666321,2686,200,0.28597512375563383,12.778125323355198,464
898fdbe9-26aa-4dcc-bda2-1904047cad8f,c8b7ff65-cf0d-44ff-991e-2b8fd4458b22,7945035.520179352,7945036.350475969,7945052.658314967,4790,200,0.8302966170012951,16.30783899780363,176
5db3846f-abce-47bd-bbc7-bf296bc403d1,6be13090-1fa6-466d-b960-d0765f22b5e4,7945040.520686013,7945041.411632603,7945053.336402131,5940,200,0.8909465903416276,11.924769528210163,160
1a15bf2b-e0a9-4dd0-9b6e-daf0947c021d,e4e8f086-4b5a-4d8b-b272-2700f2ab0698,7945046.520649856,7945047.27911586,7945053.342635643,5837,200,0.7584660043939948,6.06351978238672,224
03505c79-a891-46c8-b26f-6b8e48297695,26f6e7fb-05d7-47ec-9c49-43b5ac7aed02,7945046.520667001,7945047.706110454,7945053.356961645,3642,200,1.185443453490734,5.650851191021502,160
eae41d9d-c305-4814-96fc-4de49c8d7390,50844e5e-9277-49cc-b561-36669f0ad23e,7945047.520152059,7945047.812878356,7945053.463951943,3495,200,0.2927262969315052,5.65107358712703,192
80a595d1-853c-4d1f-a634-91fc267b8171,861e29f7-4713-4676-b1bc-a4d3d62f4ef2,7945039.520548469,7945039.766190324,7945053.488003414,2735,200,0.24564185459166765,13.721813090145588,256
9c8aa29f-39dd-489c-b2ff-4f1cdda7c286,1d752596-f454-4264-b645-3b61ae3e70bc,7945043.520413649,7945044.009185058,7945053.533262572,5745,200,0.4887714087963104,9.524077514186502,192
7e161190-cb9a-43c2-9391-57b9ec022b98,27b28b59-8639-4edb-98d5-099555d9b2a6,7945036.52033127,7945037.395302021,7945053.573628692,1931,200,0.8749707508832216,16.178326671011746,192
19fd381b-082b-4d6f-8fa8-49489d3456f5,0936669e-5c64-4f1d-ada6-04ce9a565d14,7945040.520718418,7945041.249847767,7945053.587853017,2599,200,0.7291293488815427,12.338005250319839,288
18ca78d3-6143-4b9f-8451-6a65833a6697,1d7c5bcf-74ff-44f5-a7c0-50054157f41a,7945041.520614495,7945042.101445562,7945053.602705044,5990,200,0.5808310676366091,11.501259481534362,176
1cc74e1d-c13b-4f00-af0a-2a0d9898c7cb,0510668b-2e39-4521-abbf-68606b666ffd,7945042.520471381,7945043.984228036,7945053.6628443105,2812,200,1.463756655342877,9.678616274148226,192
b9e04b57-a936-40f5-835f-9bc752f0c383,dc042378-78ad-458d-b1a6-44be64014146,7945042.520468129,7945043.985087113,7945053.663856783,1033,200,1.4646189846098423,9.678769669495523,160
b9a6879a-e5da-4439-ae39-04bfe69f4c55,aeb913ad-d459-4fbd-906a-cf6ac2bb3fd1,7945045.520340075,7945046.025121587,7945053.935866231,5661,200,0.5047815125435591,7.910744643770158,224
5a2a5ca4-8e79-48ec-89d5-48a3015404dd,240c36b4-8f22-4cfd-bfbb-90147dc774e6,7945044.52008131,7945045.505531582,7945053.950576508,5979,200,0.9854502724483609,8.4450449263677,176
18a365c0-ff6e-4837-a520-5a07516d974f,70e7939a-901f-448b-86db-5ca1cf795b25,7945045.520330317,7945046.652400355,7945053.960872733,5885,200,1.132070037536323,7.308472378179431,192
c934cf69-46c3-4ba0-b20f-b859dab4c846,d2d5bd84-b3bd-4a48-8157-0a1a9475ba55,7945044.520078209,7945044.750492299,7945053.976851098,2405,200,0.23041408974677324,9.226358799263835,160
5d05b872-6358-4cf0-bd97-3a26d4fcb922,fb6d507d-694c-4402-9d45-f0e30b2ce003,7945046.520640872,7945047.259461098,7945053.986497565,1575,200,0.738820225931704,6.727036466822028,192
8932b941-9409-4b4a-bc8f-fb7e8ffd9c19,c13d9418-24a3-4ed3-8a2f-34e200890302,7945044.52008641,7945045.368283244,7945053.997681867,934,200,0.8481968333944678,8.629398623481393,224
b7fc5a88-84ad-4969-aa0d-9bef23d0beec,33ea6c12-64ad-418c-9fdf-8678e88b1bad,7945046.520661439,7945047.584131778,7945054.003513492,5990,200,1.0634703394025564,6.4193817134946585,160
c7e6fa02-7de1-4d06-9cdb-62921c373c6a,48025e73-e03f-47a3-89fc-cb934ceacb18,7945047.520158748,7945047.941799605,7945054.08389778,4028,200,0.4216408571228385,6.14209817443043,192
1549673e-7f5e-4fa4-869f-3686992976d6,bbcf2ca1-a472-4c7f-9404-4430eb3e7e19,7945041.520593093,7945042.2754702205,7945054.1657738155,1534,200,0.7548771277070045,11.890303594991565,160
b51f188d-f5fb-4ef1-958b-1ea33f30760f,f20a741c-0fb3-4811-91f0-bee136177ca3,7945041.520607101,7945042.273317529,7945054.16516076,5651,200,0.7527104280889034,11.891843231394887,224
d4f1ca88-0842-4b0b-84d7-d0951bed9116,12660cf2-26fe-4c78-a8b3-e603c06b965a,7945041.520603393,7945042.918984949,7945054.198245993,5778,200,1.3983815554529428,11.279261044226587,160
45e892fd-b15a-4294-9780-5310bb50f10f,bd8eeb28-8ddb-4e89-a649-ed73109fdad4,7945042.520474392,7945043.573002764,7945054.221008739,5772,200,1.0525283720344305,10.648005975410342,160
f368e035-2dcb-45e4-973d-3a645b5564d9,dcc8b99b-cc01-4910-9253-2bf89c553910,7945048.520620133,7945048.674989013,7945054.249141437,1609,200,0.1543688802048564,5.574152424000204,176
895b93fa-703d-4181-a7dd-e70b3399498d,57ff1918-00a6-4f1f-abf1-71b1dec34e08,7945043.520425922,7945044.515492794,7945054.266510784,2134,200,0.9950668718665838,9.751017989590764,2080
0dcced38-5fb0-41e3-944b-00b2583d4788,04b0e516-69f4-450c-9856-35e89097255e,7945043.520432621,7945044.51504503,7945054.267432024,5844,200,0.9946124088019133,9.752386993728578,176
2f3c5ac4-304a-42b1-947a-d47152c1c299,210df3c6-51ac-493b-bbda-636788eacdb7,7945048.520604076,7945048.8710503755,7945054.273334596,3031,200,0.35044629964977503,5.402284220792353,224
0f8bbb48-10d2-4df0-a47e-a2c5bbea7300,8b3b7df3-f53b-4397-b9ae-1bd08411c732,7945045.520336773,7945046.251759375,7945054.8824713435,5758,200,0.731422602199018,8.630711968056858,176
37a947c0-a42f-4c10-a7be-bcdcceaccc4b,d2e35e05-d494-455b-8b64-3602cd992e55,7945046.520655988,7945046.659925192,7945055.092812408,474,200,0.13926920387893915,8.432887216098607,464
821b4d8f-ec6f-424b-b29b-6a83ecccf89c,6fb86cb0-b646-4ecd-8730-d6ed365d30a3,7945048.520613634,7945049.010650308,7945055.70018168,5871,200,0.4900366738438606,6.6895313719287515,160
56ae0eb2-5825-479d-b0ef-d7ea332c1e27,7d9a3919-67da-44b2-b824-fb9926b6da15,7945047.520155905,7945047.9575500125,7945055.83606853,4624,200,0.43739410769194365,7.878518517129123,224
2cb014f8-0f4a-467e-b31a-2339673574ba,25764557-8d50-4bc3-8d58-ccb7ee44ac5a,7945048.520617361,7945048.7553562885,7945055.9660317,2352,200,0.23473892733454704,7.210675411857665,224
c0acbc86-9552-4866-81c5-de23b3e77c97,320cf5f0-a5c1-49b5-91a9-a20c3778432b,7945039.520562423,7945040.035845146,7945056.449008355,5811,200,0.5152827221900225,16.413163209334016,160
61166353-2e04-4f47-a8ff-04a98aef4e9f,00c5fb90-bb72-417a-8dfe-2ccb6c1cacd4,7945039.520558575,7945040.677353213,7945056.84113223,5773,200,1.1567946374416351,16.16377901751548,192
af12d687-c865-4863-b8aa-740a7112be7a,c0b7d39b-a900-41e1-ab87-0dae194f0135,7945049.520188859,7945049.831361895,7945057.101537308,3571,200,0.3111730366945267,7.270175412297249,192
eff14d20-e458-4811-b95e-6c54c66b198c,53775c11-23d0-4c0f-9a63-56b35a9ba870,7945045.520326635,7945046.033003711,7945057.478105135,5694,200,0.5126770762726665,11.445101424120367,176
2349f863-c1fa-48cc-b47c-977623ca2077,f5eff546-183e-4cec-8960-21f5d535335a,7945049.520197607,7945050.0001071505,7945057.554631911,5992,200,0.47990954387933016,7.554524760693312,176
4a8ac75b-19fa-450d-a8f8-2d7dd34c2a8d,57bce021-31a9-4e18-abb7-e343db79493f,7945050.520029235,7945051.057642268,7945057.779555052,5957,200,0.5376130333170295,6.721912783570588,224
59edc332-3348-4167-b038-edab8e39485f,89984c0f-ab73-4aa4-b3b8-e96bb2c0c5b1,7945040.520711188,7945041.798994373,7945058.03798466,3391,200,1.2782831843942404,16.238990287296474,160
883b3b19-09eb-47d4-9377-e6e1e90dcc88,e99f0ad9-ca51-4ebc-8462-fe9ebb8c761e,7945050.520124909,7945050.666649307,7945058.210472545,1039,200,0.1465243985876441,7.543823237530887,176
65e0d0af-eb17-42ff-99a8-9447bbaf8e91,c56b9229-6877-464d-915f-96351da897ef,7945052.520169817,7945052.94132408,7945058.256665717,4707,200,0.4211542634293437,5.3153416365385056,224
b24bdf58-56f1-49d0-bc0c-ef9170744e1f,af58fe18-5abf-4a30-a78b-73561c06d4f2,7945050.520120502,7945050.750509088,7945058.374332635,2428,200,0.2303885854780674,7.623823546804488,288
fc8505ed-e636-4c23-9ba3-111dc88281ff,c7982c70-c5d4-4b9d-9f05-ceacbb6c0ad6,7945041.520610042,7945042.420932226,7945058.68520894,2039,200,0.9003221839666367,16.26427671406418,192
09f72cc5-7ce1-40d9-bd95-6c4addbd9dba,cb5f3703-6da0-4120-9adb-188860ebbdd5,7945046.520658695,7945046.754788819,7945058.8485437855,2132,200,0.23413012363016605,12.09375496674329,192
723193b3-6615-4deb-bcc0-fd23476039d4,ec035cd5-4099-445f-80a6-d885e8148b75,7945052.520166189,7945052.749693552,7945058.9463936975,2686,200,0.22952736262232065,6.1967001454904675,448
402c30c0-7b6d-4124-9378-77f21c2dbf30,35c9b5dc-29e8-498f-9ad8-87fe22f17021,7945052.520146748,7945053.308388172,7945058.9680245165,2257,200,0.7882414236664772,5.659636344760656,176
0ee6a09f-0cf7-46cf-945e-1f5a9d13bec3,ec1c5ea7-b4c6-4a5d-b57d-9ddcfc5712bc,7945047.520140255,7945048.012251478,7945060.630807385,5948,200,0.49211122281849384,12.618555907160044,176
35c337d2-53a2-423e-ae75-fb62f9e0a5b7,e4dc0ced-f82e-4bf7-a8a7-2b3c0cd1ba02,7945043.520429432,7945044.101741866,7945060.663416961,1510,200,0.5813124338164926,16.561675094999373,176
b0cafaa7-4109-41d3-8aca-95fc73e66756,b65fe60e-4835-4a42-9562-b7704e085306,7945044.520083881,7945045.316912907,7945061.557064142,4033,200,0.7968290261924267,16.24015123490244,176
dcddd00d-e98a-4bac-902f-9c8fe399c449,a59afcff-3049-48a3-b277-5a727d2c27e6,7945056.520125691,7945056.783529093,7945061.914842047,3236,200,0.263403401710093,5.131312954239547,192
60c1deb6-2694-45bf-bd94-644a193beac4,f2c8fa8a-6fa2-439d-8757-8199060b169a,7945045.520333395,7945045.939955871,7945061.97747398,4700,200,0.41962247528135777,16.037518109194934,176
c18872cd-aff8-4259-9a40-b5f7d0664143,109911a5-9e24-4bdc-95c0-fd2a56571c91,7945045.520316251,7945046.390088228,7945062.010338338,5897,200,0.869771976955235,15.620250110514462,176
09a51471-24b8-4d3b-9c67-5003ba3368e9,0b745e6f-d44a-48f9-a807-a21f2458356f,7945052.520172774,7945053.014113505,7945062.341132315,6008,200,0.49394073151052,9.327018809504807,160
bd80eee7-26f0-4990-a784-d1f40e6b0574,cd915048-11fd-46b6-9dd8-c6d53337db9a,7945053.520729241,7945053.627530237,7945062.698086943,631,200,0.10680099576711655,9.07055670581758,544
77e8cd83-b5f5-4225-9213-18c23cab29a4,f4aff892-842b-4e98-af4c-cfd1deacf96e,7945053.520753738,7945053.767337095,7945062.71814352,2203,200,0.24658335745334625,8.950806424953043,416
eee837d0-1ced-4a0f-b678-c9e4d7c8cd30,03660c29-973b-47cf-a282-e5f41700788c,7945054.520490008,7945055.16104115,7945063.300693435,6184,200,0.6405511414632201,8.139652284793556,192
7e7fe33f-8b6d-47af-bf17-09db49a3e2c1,4890f004-8473-4e87-ad72-f47223ed1312,7945050.520088051,7945051.64667047,7945063.368336163,3707,200,1.1265824185684323,11.721665693446994,192
291d1a79-13f8-476f-a55b-a82a712e4239,161005e4-9356-4adc-9089-3e438b2ab322,7945055.520225597,7945056.038655258,7945063.48978246,5783,200,0.5184296611696482,7.451127202250063,176
aad0d429-f8f7-472b-a317-c9f58dd05a97,905b7b66-f9e8-4004-b125-fe3a30572297,7945052.52016235,7945052.768640641,7945063.939557746,2593,200,0.24847829155623913,11.170917104929686,160
c284dfeb-a9e7-45fe-b25d-190ce4e2ec64,d63cb699-0e5b-4352-80c6-4c8a1661e7d1,7945055.520227924,7945055.825189078,7945064.153855642,3030,200,0.30496115423738956,8.328666564077139,192
208497dd-9d4e-4159-a939-bac35d437f9f,30148b5c-2b5e-4684-bbba-6e466a5a8f02,7945053.520747744,7945053.842974314,7945064.459230553,3502,200,0.3222265699878335,10.616256239823997,224
9e412f3e-cd6a-4e55-8e2e-a1fcef66c52d,dced35a2-1f71-49ea-a75d-eee733b63868,7945053.520751014,7945054.464172098,7945064.487338097,5784,200,0.9434210835024714,10.023165998980403,160
629b2460-c68d-4278-9e29-2ae150cf6629,7aedc914-42e9-47b9-bc06-d5469496c73b,7945059.520213038,7945060.0073357215,7945064.587602273,5828,200,0.48712268378585577,4.580266551114619,176
9edd2b70-5bef-4ebd-bf6d-02f46ea1481c,77c5fe55-dea3-47e3-9fa4-17d19b193453,7945055.520202205,7945056.393125797,7945065.378889423,5863,200,0.8729235921055079,8.985763626173139,192
5cb69b3c-4526-42f4-88a6-ca030302164d,245b7a91-93c8-47b9-8809-04cba8eebd79,7945055.520211343,7945056.68944159,7945065.401419521,5829,200,1.1692302469164133,8.711977931670845,192
ad990c9e-dca5-433e-87e1-b13c7e378837,1df59d7e-3949-4771-9ddc-e9beefe99db9,7945056.520128289,7945057.293070649,7945065.415245983,1849,200,0.772942359559238,8.122175334021449,192
81abb09b-ec1f-410f-bf72-e4f07cd5e557,5e34dc58-8d28-4946-b67f-f69a67bb089a,7945059.520226606,7945060.014508487,7945065.695258529,5812,200,0.4942818805575371,5.6807500422000885,160
29ce3067-3d4e-436e-9550-e1215a7cafee,dc8da506-377a-47db-b74b-fa65c921225f,7945053.520742746,7945054.045834513,7945066.217529041,6025,200,0.5250917673110962,12.171694527380168,192
3e841903-b2ce-4e00-9c6b-d3d8569cb610,a97b3419-50d1-4d99-ba18-6269343a8188,7945059.520223023,7945059.85334349,7945066.603497218,3593,200,0.33312046620994806,6.750153728760779,160
24c985d3-7b97-4d01-865e-594a55341376,f4aff892-842b-4e98-af4c-cfd1deacf96e,7945059.52021627,7945060.143390761,7945067.420491513,2213,200,0.6231744904071093,7.277100752107799,416
4c7bf3c0-9a4e-42ff-9aae-507e000cbf55,9b9edbc7-220b-4ac4-815e-b9209e973b09,7945055.520220028,7945055.963892258,7945067.457255665,4430,200,0.4436722295358777,11.493363407440484,192
eecd6f48-ca58-4994-9ec8-1ac162b403eb,c0e3d991-e188-4f78-8b8e-5dd01a6f8850,7945061.520403079,7945061.798902977,7945067.477298072,2546,200,0.27849989850074053,5.67839509434998,0
8edfa9d7-0e0d-44f4-9286-13161e186faf,1628d450-3fc3-4b73-9923-fce01e9f48ee,7945046.520664372,7945051.366991085,7945067.638999101,3495,200,4.846326713450253,16.27200801577419,192
a4213bd0-16b5-4c3b-b370-b6d5a3286b8e,fba72a56-cd36-4731-8af1-a04f79c5aabf,7945062.520462448,7945062.964558537,7945067.938447262,2553,200,0.4440960893407464,4.973888725042343,192
6f69fb51-8107-4a7d-9263-f49aa70358e5,0a424db1-d8ea-438e-b44d-65ffe2623299,7945054.520484302,7945055.286155803,7945067.942182373,5789,200,0.7656715009361506,12.656026570126414,160
97cce536-137b-43d8-be04-637f5d7a8e72,b1d48415-2679-4cdf-930c-839699995501,7945054.520492888,7945055.585248452,7945067.966626492,3288,200,1.0647555636242032,12.381378040648997,3024
f68a303f-d748-46ed-bbea-5e5c93c18c7f,f7ee062d-4842-49dc-93fa-f6db64295351,7945054.520487445,7945055.586498834,7945067.970649543,5963,200,1.066011388786137,12.384150709025562,176
2fccf348-b6dc-4b2b-971d-213a9a8e2070,471160fa-a8fe-4f94-b069-9a59621350cb,7945055.520214114,7945056.638610393,7945068.053727893,5962,200,1.1183962784707546,11.41511750034988,160
77ad0b8f-6cd2-4794-9ab0-606116112d6a,11125870-5b26-45ea-8fba-47c68888a24c,7945055.520217269,7945056.984934575,7945068.082316352,2952,200,1.4647173061966896,11.097381777130067,2784
2c7b969f-00f4-463b-b523-0fb57863dd4f,3357a07f-5bdc-45f0-8791-aeac036a93b7,7945050.520115435,7945052.007835768,7945068.121761292,1564,200,1.4877203330397606,16.113925524055958,176
329a361b-97d9-4c04-b796-0e6fbd904049,0f386fc6-2621-495e-924c-56970457578f,7945061.520419494,7945061.99701382,7945068.196063356,5906,200,0.47659432608634233,6.19904953520745,192
1c8360a0-c97f-4f80-9c5e-2bb867a7e642,8ecf5eb7-d68c-4a1a-9734-eaf9544cf0f8,7945050.520132686,7945052.652056945,7945068.653032323,5947,200,2.131924258545041,16.000975378789008,176
0bd015dc-308d-4ade-a6ce-060e767c93e4,6ec635c0-f7da-4c2c-a7f4-be19d54eedfb,7945050.520128781,7945052.654528086,7945068.655132547,5018,200,2.1343993050977588,16.000604460947216,192
76d01517-6f55-4384-a45b-47fada126791,6a06774c-a655-4c0f-9a71-d2ddd55097d6,7945057.520281189,7945057.583040032,7945068.816792955,358,200,0.06275884248316288,11.233752923086286,160
dee56655-01cf-4ec7-b5e0-bb52a93faa6b,04c151c1-ee98-4835-b8ba-1681eccdd922,7945062.5204778,7945063.086221546,7945069.063632177,6495,200,0.5657437462359667,5.977410631254315,192
bd7ac562-5e20-4d9b-91bf-80b8a37aa8e5,45ac5512-7ff4-4619-88d8-49c256d2e88b,7945058.520567222,7945059.122631453,7945069.0938147865,5828,200,0.6020642314106226,9.971183333545923,192
3f423b71-6278-4e64-8632-13c0dcab3ebf,50a6fd55-dd24-4441-9105-8785b6a488a7,7945058.520563709,7945059.123050892,7945069.096747793,1588,200,0.602487183175981,9.973696901462972,224
e9626507-76d0-40d0-afee-02bb1c7caa40,e9cfb301-71d8-484a-8756-4676879b5e86,7945050.520136262,7945053.168316533,7945069.262477846,5796,200,2.6481802705675364,16.094161313027143,176
c87ab606-66d6-49c3-b8b6-3c08087f5572,ddf859b5-dde2-43b4-ac73-c5baf651f446,7945051.520260161,7945053.172154143,7945069.269325507,1729,200,1.6518939826637506,16.097171363420784,224
ae703705-b0a0-430f-b9b6-21f9376dd24c,ceb63c9d-93ca-445d-9e1d-fe8b5b88d14c,7945061.520413518,7945062.083539702,7945069.3729920415,5869,200,0.5631261840462685,7.289452339522541,224
fe7f352c-46f4-4c6e-8268-03f6597f7235,e7ddf100-0645-4d83-9de1-cdfd98d12da1,7945060.520129548,7945060.856192994,7945069.421175309,3589,200,0.336063445545733,8.564982315525413,176
93310c55-3988-4ccd-ac0d-fdda82d0bf4a,151f5f76-882e-418a-9422-f04915156328,7945060.520132368,7945061.464394187,7945069.445317794,359,200,0.9442618181928992,7.98092360701412,192
622f14d6-c6b6-4e10-9e90-2977d196b782,57ff1918-00a6-4f1f-abf1-71b1dec34e08,7945062.520489035,7945062.806186307,7945069.452253721,2173,200,0.2856972720474005,6.6460674135014415,2112
dad44135-6c6d-47db-aa18-bdf89dd964cb,d3954709-3e90-4162-b807-366fedb25f30,7945062.520481708,7945062.807781929,7945069.455854246,2592,200,0.28730022069066763,6.648072317242622,16
352c7af3-665b-4ec0-8219-8c6a791cd7a1,7d83a754-194c-4131-be9f-21b4f40d2af1,7945060.520122818,7945062.089338019,7945069.470881639,5564,200,1.5692152008414268,7.381543620489538,192
cf444203-918e-4a2e-b06a-c6adad40789c,c1b75d15-4b27-406d-967a-f255a4effcdf,7945060.520135064,7945062.511443083,7945069.485791128,5937,200,1.9913080194965005,6.97434804495424,176
c7c47105-b4f2-411f-98e3-f85a70eb4a41,623901f7-e6f9-48bd-828b-b5728990d3b2,7945051.520250675,7945053.5766635,7945069.881345295,2570,200,2.0564128244295716,16.30468179564923,192
1732216e-ffca-4ec1-8acf-04e68aeda8ea,934886bb-967b-466f-ae2a-130630c0b4d5,7945062.520496779,7945062.652986928,7945070.35641722,588,200,0.13249014876782894,7.703430292196572,192
c7733e13-5d53-4dba-b4f2-35eba85a540e,825675cb-f150-435a-a754-aa57988c056f,7945052.520175449,7945054.810562236,7945070.901627225,5889,200,2.2903867876157165,16.09106498863548,176
b6ede22d-6399-4bd9-9880-6354a709ef7e,461b8a8a-fc1a-4527-a296-04cb42ef41e8,7945060.520112994,7945061.699181854,7945071.081103903,3238,200,1.179068859666586,9.381922049447894,224
efa5e17d-5d19-4be1-8955-f28b094864e8,53331c8b-4eec-428f-89e8-96e8338db919,7945060.52012655,7945062.303207789,7945071.1022637645,5815,200,1.7830812381580472,8.799055975861847,160
67b4ea19-4416-486c-bed1-8a93b6739162,ce509adb-84cd-4828-852b-e10802b976ce,7945061.520416766,7945062.304983569,7945071.103088903,595,200,0.7845668029040098,8.798105333931744,224
758012cb-5aa5-4dc9-bb55-b09ef169fea0,af58fe18-5abf-4a30-a78b-73561c06d4f2,7945063.519971603,7945063.763980772,7945071.118938037,2380,200,0.2440091697499156,7.3549572648480535,480
9135b41d-795f-4335-81a1-d83379e8db7d,a7fe60ad-86de-4de6-a1b1-c7f1fc1cb0c0,7945063.519968424,7945064.017424256,7945071.142144991,3401,200,0.49745583161711693,7.124720735475421,176
9f533780-c69e-425c-8f92-f7d1987139e8,6438b31e-b086-495f-8c72-0c6603de3583,7945062.520474229,7945063.27745974,7945071.1489604395,592,200,0.756985510699451,7.871500699780881,192
d58d3111-31fd-4721-bb5f-11e6202e5b51,83c43919-a2bc-41bd-8bf8-b7585910d60a,7945065.520403547,7945065.657231247,7945071.617368877,1163,200,0.13682769984006882,5.960137629881501,224
49668fc8-1433-4e60-9ea1-0aabefb3b02d,4b349825-4e43-44a5-8995-af5b8ec8780f,7945066.520171527,7945066.8588885665,7945072.334120337,3790,200,0.3387170396745205,5.475231770426035,176
74827ea6-9f0b-4e0d-a177-b27e9b2ea575,cfba0479-b5d0-449b-bc96-f06bacbea9a8,7945066.520167646,7945066.813314556,7945072.58862054,2859,200,0.2931469101458788,5.775305983610451,288
d7434c9c-fdb0-4089-b9c6-8201b923d148,9b851f62-5c3b-4f7e-9c1c-652e52982025,7945066.520158353,7945067.295280531,7945072.604224747,785,200,0.7751221777871251,5.3089442159980536,160
d0c23d1e-0fe1-4b11-bd68-8a53d241db5f,28923570-dc4f-40ce-95e1-9bd4d262af79,7945067.520005274,7945068.00112961,7945073.008692527,5932,200,0.48112433683127165,5.007562916725874,192
4272efd9-b3fc-4530-990a-23e39fc7e816,e8a795ee-9f90-4976-894b-7318b1215e72,7945062.520492753,7945063.060636091,7945073.340681842,5639,200,0.5401433380320668,10.280045750550926,160
5d0b931c-630f-4636-82cd-76464fd4f947,dec5032f-5640-4adb-8120-132fbe0e8a7b,7945063.519959376,7945063.8226631,7945073.4802378705,2412,188,0.30270372424274683,9.65757477004081,288
33b7da9d-cdde-44eb-8c4d-68fd69ceb0c8,e0cfc694-73d4-4603-9a29-1bdf768266fa,7945054.520480485,7945057.415992568,7945073.71602874,1822,200,2.895512083545327,16.30003617145121,160
96bb48e8-8b3f-4075-a33f-2b6590490bda,07664316-d6e1-41da-94de-93685a509c09,7945054.520470992,7945057.419474113,7945073.717985476,5893,200,2.899003121070564,16.298511363565922,192
dfdd4019-eaba-4933-aa17-29070564098e,6459e9c0-ac3f-4f1e-a735-823b3c83d15f,7945067.519990824,7945067.7893025065,7945074.178488067,2836,200,0.26931168232113123,6.38918556086719,160
48ebeda7-d9d4-4567-b32c-651d9ca2a5ab,94392b0d-8f83-4e2b-80c5-1cb03c746275,7945063.519962362,7945064.415462141,7945074.23558456,3981,200,0.8954997789114714,9.820122418925166,192
85cfa342-8439-40c9-8df2-54e70dbd7e25,0bd71f2d-8ff1-4b8b-a899-9b785a451bbb,7945068.520740671,7945068.606898899,7945074.300008361,1392,200,0.08615822810679674,5.6931094620376825,1296
e74a4005-b905-409f-91af-6e96afb613df,de302346-0e5b-4da8-ba0f-d440eba8675a,7945063.5199653,7945064.061881995,7945074.318427051,6042,200,0.5419166944921017,10.256545056588948,192
eccb4930-f436-4696-b935-1ecac7f31886,33112398-5129-4e1e-868e-09609c2b6bee,7945063.519952964,7945064.728708782,7945074.344864702,2644,200,1.208755818195641,9.616155919618905,176
698a4369-5f42-4227-b132-1b778306d6aa,07c6cfe5-ddc2-4943-8c6c-6cb93009af4e,7945064.520211295,7945065.366758626,7945074.373215702,5902,200,0.8465473307296634,9.006457076407969,176
055bbdcb-b7b8-4211-8af3-5e1478c8c340,a2d50e13-b70d-4fc7-ae7b-c9da9cadaf6a,7945065.520407472,7945066.445195234,7945074.414901015,5659,200,0.9247877625748515,7.96970578096807,224
793bb1a2-b808-4d81-a5b0-0ad5bec4c417,6c9f1413-e467-4d64-be9e-c1beccfa7d1a,7945066.520177315,7945066.808772348,7945074.578409677,2322,200,0.2885950328782201,7.769637329503894,224
cda39167-181f-4f49-813f-6f428dc2b045,795cc20d-671d-410c-bce2-c55dbac8dc37,7945056.520116571,7945058.686168084,7945074.85421615,5941,200,2.1660515125840902,16.168048066087067,192
87d8dff2-c594-4add-bae7-ead78600abfd,353806f6-670c-40e6-972c-678e8c5266b7,7945055.520222681,7945058.683024502,7945074.8529469455,4107,200,3.16280182171613,16.16992244310677,176
0c38a205-80ab-4964-a6dc-a05d7bcf75be,6aa47392-d059-41e1-b0df-daff049d420c,7945058.520553838,7945059.587056742,7945075.108516139,6088,200,1.0665029035881162,15.521459396928549,176
68a44c4f-3149-4365-93ea-746cd18a7569,be87db14-1251-411b-a2d2-32b73d635bc4,7945065.520411062,7945065.808083265,7945075.182780173,2971,200,0.2876722030341625,9.37469690758735,160
e0258394-d82f-424a-a976-9895247b4581,e252c7b2-268a-46f8-9aef-034d91473c0c,7945059.520218882,7945060.661105308,7945075.196234983,5997,200,1.1408864259719849,14.535129675641656,160
9c4f9037-b726-4284-b68d-a6ef50baf0b3,e74245db-a56d-47ca-9c2a-8e63314d403e,7945059.520202422,7945060.666039427,7945075.200973161,2873,200,1.1458370052278042,14.53493373375386,160
d88e3b9f-1344-4dfa-ae90-5cd0500ae900,b7795841-e87f-48a1-b8b8-68640b01c350,7945060.520138344,7945060.92614766,7945075.222404256,3679,200,0.406009316444397,14.29625659622252,160
1d49f6bb-e5a5-4e78-8af8-cb6feedb78f9,fc0804dd-2f2c-4652-a7ad-2d9b311e21e9,7945067.520009459,7945067.844045189,7945076.065393373,3979,200,0.32403573021292686,8.221348184160888,176
56b50c50-ff2a-4674-b03c-522cdc176a34,b4527815-5a94-4cdd-8d25-4cd8b6f2f33f,7945068.520755495,7945068.760826719,7945077.099179106,2397,200,0.2400712240487337,8.338352386839688,256
b2517842-3b7d-4190-88c5-8286ebeadeab,a87c1e2c-7a49-4744-9e7f-268e78b88eee,7945068.520759193,7945069.230351783,7945077.123313015,972,200,0.7095925901085138,7.892961231991649,192
b26c9e17-3ae2-411c-ba74-c9d3a255eba6,a4bf666e-08c0-432d-b95f-de037f8142af,7945062.520485021,7945063.645977404,7945077.346309325,5940,200,1.1254923827946186,13.70033192075789,192
51e7abb3-9b30-4730-913f-d9f619d3b894,be47ec66-79ab-4aa4-bbaf-d9fef785d9a0,7945068.52076286,7945068.706048831,7945077.354249657,1299,200,0.1852859714999795,8.64820082578808,160
aec8ddc3-2a09-43b1-931e-39c1201fb0bb,2640c64b-b58e-4eac-8e19-d9e509af1f52,7945063.519944121,7945064.3780639125,7945077.406192204,5766,200,0.8581197913736105,13.028128291480243,224
5afb28aa-bef8-4514-bb9f-dd9cd16d5888,8bfd814d-28ab-4cb5-b72a-dd26380f4984,7945070.520268322,7945071.017155491,7945077.88346173,5914,200,0.49688716884702444,6.866306238807738,192
f1c06a90-4c9a-4ee4-8648-e1e8f2ced753,af58fe18-5abf-4a30-a78b-73561c06d4f2,7945070.52027153,7945070.648957489,7945079.547942923,2380,200,0.12868595868349075,8.89898543432355,2368
13d2d3f2-e4f2-4953-be27-f964b5d02eba,26f6e7fb-05d7-47ec-9c49-43b5ac7aed02,7945070.520255418,7945070.893414053,7945079.940581807,3893,200,0.373158635571599,9.04716775380075,160
e9538fe9-ee04-44e9-b6e6-64edd50958aa,b7660a54-c8d6-4417-beda-becfd4ccc9ca,7945071.520830602,7945072.6217254205,7945081.026868118,5750,200,1.1008948180824518,8.405142697505653,160
94e2ae40-5125-47c1-91f2-f4b00527a043,3576d3c5-71c8-4aa8-bb01-7f961dd7500d,7945073.520636457,7945074.056091724,7945081.0663843965,6399,200,0.5354552669450641,7.010292672552168,192
63e78ef7-2947-4f24-a511-601634c84887,58843bbc-fa60-4c1f-af2c-099aaaad1548,7945071.520839888,7945071.935178146,7945081.06373256,1923,200,0.4143382580950856,9.12855441402644,176
6fa0fb68-801d-4f12-8832-a4868010d0db,49f32e14-6b35-435d-bcf2-ffde177188b3,7945074.520039678,7945074.980189829,7945081.108926946,2390,200,0.4601501515135169,6.128737117163837,192
1775cddb-a30d-42ca-a3f7-8c4dd01b9fdf,ac827f15-c5cc-4d2f-908e-4b8596ec5e96,7945070.520264981,7945071.078839433,7945081.16738792,6395,200,0.5585744520649314,10.088548487052321,192
668ba641-6582-4252-abf0-1d78b23e0130,d1a58fee-2699-4cde-8dec-5a26bda64889,7945068.520751432,7945068.832863707,7945081.505678269,3110,200,0.3121122755110264,12.672814561985433,192
fe5faf30-5a24-4396-9af7-1362c7f2a816,1ba8fcf4-b3c2-4320-a37d-806f78c0ae0a,7945072.520747755,7945073.733233325,7945081.542515185,3827,200,1.212485570460558,7.8092818595469,176
ec405a46-3b87-468f-87c4-925bbd4e9eb6,ea0112a1-5acd-4249-9207-038c80625b12,7945070.520278819,7945071.514929435,7945081.799439639,5876,200,0.9946506163105369,10.284510203637183,176
2f523bdf-7f70-4909-bcc2-92c32774c6fb,14141ec7-cddf-437f-8727-cf3bc4ae468c,7945072.520744306,7945072.668927341,7945081.860027777,721,200,0.1481830347329378,9.191100436262786,176
04e369c0-99a0-4161-af18-75bb1e554e33,5ef28ed9-d9ba-4069-8337-a1edc2905941,7945072.520751138,7945073.100142727,7945081.881037904,5832,200,0.5793915884569287,8.780895177274942,224
197ea7a0-4641-4aac-87c6-6b304cce2841,4008439a-7054-4643-abe9-8e6901c83b3f,7945074.520023614,7945074.599298808,7945082.304066903,510,200,0.07927519362419844,7.704768095165491,288
176abe99-b9f5-4445-98e6-6fd8b9750a52,21dbf6ef-22d2-46e3-ac48-9cb8657506d9,7945073.520647482,7945073.839166237,7945082.318097901,3470,200,0.31851875502616167,8.478931663557887,192
42d589d0-4616-4484-b176-e58fed3b51c4,f2a16fba-8442-4899-b829-ef700bbd4eb1,7945069.520097612,7945069.933255749,7945082.464322083,5088,200,0.4131581364199519,12.53106633387506,176
9ce82748-1609-4ef2-a8be-435cb5334dbc,b41865ca-d2ff-4e84-9d9e-aa057435693c,7945077.520859952,7945077.729314268,7945082.567858618,681,200,0.20845431555062532,4.838544350117445,176
4e485118-2f69-4353-877e-9862911c9943,cb5f3703-6da0-4120-9adb-188860ebbdd5,7945071.520827577,7945072.114040779,7945082.921420357,2132,200,0.5932132015004754,10.807379578240216,192
ff187259-954b-4298-953f-79ba241fa0dc,4890f004-8473-4e87-ad72-f47223ed1312,7945071.520836576,7945072.111047305,7945082.920947316,3707,200,0.5902107292786241,10.809900010935962,3696
f2831e36-2502-4c74-8815-39206c9cc0be,4681109f-b6ac-4c2e-b51b-95fbb0ccf6fc,7945071.520808083,7945072.530324577,7945082.97652029,5030,200,1.0095164943486452,10.446195712313056,224
c087b189-44b6-49b6-825b-ed682d39f07c,231beffe-da58-4516-af27-1182589624ee,7945074.520033476,7945074.954820142,7945083.31252288,4843,200,0.4347866661846638,8.357702737674117,192
64ca0f77-c903-4368-8431-50780d78154f,fc3dbac8-9a03-4b40-a41e-097cdfb9846a,7945075.520881847,7945075.912291713,7945083.592375481,4147,200,0.39140986651182175,7.680083767510951,160
5b03fd1b-e8f3-409d-b5cd-575ca6ba9c22,0bf31ffa-4595-4d11-950e-5ea31165867e,7945073.520659132,7945074.247336727,7945083.612562884,5661,200,0.7266775947064161,9.365226157009602,192
25c5c7ee-f44b-4da2-9225-ace69fa31fc3,aa942eaa-fb40-4ee4-a6e1-593548ba0dbd,7945073.520651529,7945074.506913482,7945083.628634564,5890,200,0.986261953599751,9.12172108143568,192
cde38fa7-2c0a-446b-8abc-ce94c0f6bf4c,d3326a24-2cfe-423c-b12e-a234f3b6df37,7945063.51997452,7945067.499973642,7945083.772990742,5836,200,3.9799991212785244,16.273017100058496,224
5b4da25c-fe0f-4b34-87f6-6b438236f843,90dca292-00d5-4d7c-b7ca-be3920741df0,7945075.520878038,7945076.071575504,7945084.287654761,5821,200,0.5506974654272199,8.216079257428646,176
e0ac7aa5-bd12-4ee3-ab71-bc6114b4798a,0038079c-2c93-4916-8603-2b199c276420,7945075.520885571,7945075.913630969,7945084.508315817,1176,200,0.39274539798498154,8.594684848561883,160
f6b6747f-e585-479d-9efb-fa88f6c5b0bd,3ee16a31-eef8-4342-9c4e-7c45a1871994,7945064.520221486,7945068.656876017,7945084.824715817,1296,200,4.13665453158319,16.16783980000764,192
2cbe8b42-eb87-4442-b498-3bc4fb2c99dd,bae42ab0-315a-422a-8e89-6a7cf4b10773,7945063.519956591,7945068.658164062,7945084.82625932,5913,200,5.138207470998168,16.168095258064568,160
7a236e2c-5ca1-4a67-820c-c4118c1557b7,170812a6-cb38-4169-bec1-bbe2e86c6001,7945064.520226655,7945069.268107399,7945085.05433882,1565,200,4.7478807447478175,15.7862314209342,0
93b9b2c9-0526-43bb-ba1b-682959d40750,ccd8f2c3-44d3-41c4-91db-1ba4dc5f9701,7945065.520393862,7945069.2705280725,7945085.057028349,2742,200,3.75013421010226,15.786500276066363,192
a9233c45-c42c-4f5b-b55a-ea26f5c5a840,800a9214-4a8f-4730-ae51-da64761ccf7b,7945078.520369516,7945079.2740408955,7945085.441252727,5827,200,0.7536713797599077,6.16721183154732,176
2e5e085a-f0c9-4e9e-a6b5-88ea82a82ab5,1bb39ff9-0ea5-419f-a37c-928f0db0f068,7945066.520174695,7945069.867905841,7945085.689885874,2080,200,3.347731146030128,15.821980033069849,176
888e5840-80fa-4758-a116-6e7d47b5cbf4,70da4a8b-eece-46eb-8b9e-2f1c28b4f670,7945065.520414272,7945069.877399081,7945085.691116109,3481,200,4.356984809041023,15.813717027194798,192
66e481c5-dab8-4c48-ae9d-d0eefa13fac8,fc03dbf1-0de7-4854-9fc3-dbbc06937d77,7945077.520863055,7945078.060067008,7945085.864087749,5705,200,0.5392039529979229,7.804020741023123,224
c1a9bf23-513a-44e9-ae9a-728cc751bd7f,8aa6063f-9cd1-4748-bc9a-78c44fd7370a,7945079.52072287,7945079.700831213,7945086.157367536,1791,200,0.18010834325104952,6.4565363228321075,16
ef065d4b-6cd5-4aca-89c9-7baec98bf076,240c36b4-8f22-4cfd-bfbb-90147dc774e6,7945071.520833483,7945072.249964401,7945086.165165719,5979,200,0.7291309181600809,13.91520131751895,176
324b64b4-55f2-471e-8a0a-6bb5c1f97893,42303959-8373-4fb5-b881-e39d2351d467,7945077.520841606,7945077.880301665,7945086.24840549,3378,200,0.3594600586220622,8.368103825487196,192
ce8c17c3-3251-46a3-9df6-9c519602f716,c0dbd0bd-4010-4779-815e-795e06cc171a,7945077.520866961,7945078.487068121,7945086.268241187,4989,200,0.9662011601030827,7.781173065304756,192
33783d15-deaf-432c-be14-188d7f632389,a941116a-c518-4f7b-bc3c-311e10bec57b,7945072.520754115,7945073.11879054,7945086.287459476,1035,200,0.5980364251881838,13.168668936006725,176
4ac0ea2a-6deb-4e33-9e78-8272a3440392,f271ebe9-b215-4499-a991-8ff24c4302bb,7945078.520375897,7945079.337183685,7945086.39878341,3266,200,0.8168077878654003,7.0615997249260545,176
d9ab2486-8cbd-49e7-a9ba-2ba3f43149ed,1588bc1f-6334-473b-b4b5-2936e890cf9e,7945079.52075555,7945079.987841493,7945086.654366394,1956,200,0.467085943557322,6.666524900123477,160
8a1e6c49-607e-44e5-a258-1ad871a07f6a,ad3e5418-e180-424b-8b3f-a75453da1b2f,7945079.520751676,7945079.9881085735,7945086.662208997,2820,200,0.4673568978905678,6.674100423231721,192
531dabc8-cbc2-4496-91b2-046ecad6f114,35c9b5dc-29e8-498f-9ad8-87fe22f17021,7945073.520654557,7945073.611048028,7945086.897378756,2437,200,0.09039347060024738,13.286330727860332,2224
64fd8c0e-7958-4728-b29c-2b40bab93d9b,8cb1914f-d8d8-4dc5-a5c1-41cb5213fa37,7945069.520107241,7945070.902601498,7945086.945962841,3314,200,1.3824942568317056,16.04336134251207,176
d5fa360a-aceb-454f-aa56-87ff8b516b1d,44838094-3154-4ad0-aad1-71143ecb6bab,7945073.520662396,7945074.071574826,7945086.956398299,5993,200,0.5509124295786023,12.8848234731704,192
b892b95a-f4de-41ee-b031-11e298c53955,6769e696-2581-4f98-b1bd-a92e8911c925,7945074.52004253,7945075.020801397,7945087.005564938,5970,200,0.5007588667795062,11.984763541258872,464
450f813b-d8bc-41f7-b160-b5056a95e564,57ff1918-00a6-4f1f-abf1-71b1dec34e08,7945075.520874172,7945076.253965314,7945087.064951256,2204,200,0.7330911410972476,10.81098594237119,2144
9dd60d0c-ce97-42a3-ba1d-bd4aac38c026,41705093-4c8c-4a90-99d2-ad3181aceb70,7945075.520870729,7945076.2627968695,7945087.837814954,5701,200,0.7419261401519179,11.575018084608018,192
4ac04026-74b6-40fc-aeda-c6f97174e196,a63362d9-272f-48f7-9f11-fab613927024,7945075.520888958,7945076.259379431,7945087.8360245805,1272,200,0.7384904725477099,11.576645149849355,176
7815dc2f-6fd2-4624-adf8-855bb4835aae,fda1a843-8c94-4359-a21c-7bd6444db827,7945070.520275095,7945071.723396301,7945088.190377762,631,200,1.2031212067231536,16.46698146034032,176
11da3ed1-50f3-4ec1-a9a7-f210f679d535,34a35d00-5687-4c8e-8304-472e9b1eded2,7945077.520852639,7945077.966311754,7945088.337160376,4507,200,0.4454591143876314,10.370848622173071,160
c3fedf53-3a98-447b-9a58-cceb124384fd,cf4fae3f-b581-4c59-9fef-3738c46b3c2b,7945077.520856614,7945078.688769709,7945088.367243245,2054,200,1.1679130950942636,9.67847353592515,160
4ce88626-3cd5-4d64-a7ac-2ebd08dd6ceb,1bc73e7d-6b0e-4755-ade4-f801a54d64d7,7945079.52074769,7945079.678476826,7945088.604610574,1160,200,0.15772913582623005,8.926133748143911,176
1604680a-87f7-455d-9e7a-9af2bf1ad8cd,aeb913ad-d459-4fbd-906a-cf6ac2bb3fd1,7945082.520204534,7945083.62011518,7945089.52283969,5661,200,1.0999106457456946,5.902724510058761,224
6d0e7403-5edd-42e5-a9a7-16535f459d29,f77b3e1a-28ab-448e-9c49-1437284550c7,7945083.520429344,7945083.756627916,7945089.550318436,824,200,0.23619857244193554,5.7936905194073915,224
7603e09f-6c5e-47f6-a84f-168613a1ab81,f77179f3-5fa4-4871-acce-6b894f13b2db,7945080.520314826,7945081.026770207,7945089.916072013,5931,200,0.5064553814008832,8.889301805756986,176
6f94d260-98c8-4ffa-bb98-7d5e013fc6d1,ed4008e7-8fb2-4c86-98dd-bbd7d9a96ecf,7945071.52082024,7945073.709422725,7945089.922250535,6022,200,2.188602485693991,16.21282781008631,176
06c75719-c1a3-4640-99de-5bbe2293f35d,eaba400f-f029-457a-b05a-0a6f98a6ec83,7945078.520379669,7945078.864666709,7945089.9523561215,2145,200,0.3442870397120714,11.087689412757754,192
69ddf693-8387-4396-81c3-bbaeeae6960b,977ac36b-bb7b-4aac-bf3e-938831af0d6d,7945078.520383127,7945079.464939988,7945089.978360649,5901,200,0.9445568611845374,10.513420660980046,256
2e5641ac-cda3-4488-b776-00b6b0b29f44,53775c11-23d0-4c0f-9a63-56b35a9ba870,7945079.520744048,7945080.526405652,7945090.035112854,5627,200,1.0056616039946675,9.508707202039659,176
47098336-f698-43ba-94a7-ae61e80231e0,5c47871b-d8be-425a-92e0-3bc8f1070874,7945080.520304926,7945081.510143105,7945090.4982353635,5730,200,0.9898381792008877,8.988092258572578,192
ac6feee8-9506-4f9e-b637-732980316ba1,27e00e2e-21f7-46b8-8008-d0a46fedbeee,7945080.520293635,7945081.511330956,7945090.499932837,802,200,0.9910373203456402,8.988601881079376,288
c52c0791-c67b-4584-a9c8-e7008de604e7,f5b97146-dcd1-49f1-afff-ca5345e46e8b,7945071.520824546,7945074.353902568,7945090.534167505,6007,200,2.8330780221149325,16.180264936760068,160
d51eca03-0b94-4fc5-afc6-5089b7a815a3,ec035cd5-4099-445f-80a6-d885e8148b75,7945078.520373061,7945078.999500509,7945090.617994418,2683,200,0.4791274480521679,11.618493909016252,16
add84687-3427-41ae-8142-8f7261bb8231,c8b7ff65-cf0d-44ff-991e-2b8fd4458b22,7945072.520740067,7945074.849249129,7945090.999801444,4790,200,2.3285090625286102,16.150552314706147,176
3e0e21b8-7de5-449f-889b-ec42c301d569,88e4bd73-dff8-4ef1-a2ff-0f0f1c369eb3,7945072.520729171,7945074.852945346,7945091.000905527,3300,200,2.332216175273061,16.147960180416703,176
26da6416-c4e7-458b-988b-a8d8c24f9ff1,c13d9418-24a3-4ed3-8a2f-34e200890302,7945083.520442782,7945083.946777444,7945091.232646053,1085,200,0.42633466236293316,7.285868608392775,224
0c21a696-125f-458d-832d-7394d675ebd0,113c9921-afda-4fc9-98dd-836eefa608b3,7945083.520462221,7945083.942542976,7945091.228675997,3320,200,0.42208075523376465,7.286133021116257,176
eb1d47e7-27b2-4920-ba90-fd07ca43c9b1,e214ec5e-819d-494d-96be-4f44b7317ecc,7945074.52003667,7945075.074594527,7945091.6253837105,2640,200,0.5545578561723232,16.550789183937013,176
961e5e3a-8666-4ab7-b628-f573cc726e26,1e4cedf5-0c16-460d-a662-72daaa3cfb4d,7945084.520688029,7945085.034601038,7945091.864610941,5875,200,0.5139130093157291,6.830009902827442,192
77e6e661-b47b-459d-81a5-3b2a627096f4,36c06fe6-5b24-4d05-aa49-6e7c64045ab9,7945081.520411854,7945081.810641946,7945092.002009168,3430,200,0.2902300925925374,10.191367221996188,192
71efb88a-b406-451a-a0b3-05dfae136dda,127f378e-d0dc-464e-a79a-fa7013197aab,7945075.52086102,7945076.041105123,7945092.299805667,5337,200,0.5202441029250622,16.258700544014573,176
4c46c2ce-9d4b-4ae6-b401-d371b033bcee,87203db3-07a9-41c9-8809-fcaafbca8a36,7945079.520736738,7945080.23021435,7945092.387002401,5935,200,0.7094776118174195,12.156788051128387,384
08cd3365-24b9-4bca-8ba8-6c106e8c1e7e,0de88066-b060-43c4-86e8-92b4ba42d652,7945083.520438997,7945084.076704473,7945092.390236485,693,200,0.5562654761597514,8.313532011583447,192
5a674f5a-d865-4618-8765-288e08f1fef1,027ea883-203a-4478-89ab-361ad0825fd8,7945082.520201309,7945082.899262789,7945092.843403475,3558,200,0.3790614800527692,9.944140686653554,192
8e37f80a-6005-41ed-ba0e-83ead12089bc,20a3f959-78cc-46c6-8962-31e21ecd5c4e,7945076.5206423,7945076.758151038,7945093.234439055,1157,200,0.23750873748213053,16.47628801781684,192
212d3f63-7cac-4eea-a5c0-7bbd40ed036a,6b44b6e7-0ae8-483a-b986-2de5bf8a3a9d,7945082.520185796,7945082.854625051,7945093.390959695,3314,200,0.334439255297184,10.536334644071758,176
b09a3614-1d4f-41cf-8184-1f604bbdc610,160f36f5-505c-4cd0-b6cb-eb0b1a10aca0,7945086.520661208,7945087.094061708,7945093.5728546465,5653,200,0.5734005002304912,6.478792938403785,224
2bda7b5b-267d-4cc7-aceb-c5fe43bf5352,0bd71f2d-8ff1-4b8b-a899-9b785a451bbb,7945085.520643384,7945085.639733634,7945093.853922374,1449,200,0.11909024976193905,8.214188739657402,1360
cbe75f52-a69b-4ebc-abfa-3c2d687bd86b,f4aff892-842b-4e98-af4c-cfd1deacf96e,7945085.520653013,7945085.788598162,7945093.874379056,2213,200,0.26794514898210764,8.085780893452466,288
e02b30d4-a4d9-482d-b1de-34382a70757d,6bef9240-78a1-482c-96d2-a89c97ba970c,7945083.520455549,7945084.811185115,7945093.96412099,2821,200,1.2907295664772391,9.152935874648392,16
21c9e814-9d27-45c6-b749-cbfe8d3471f2,c3afa93c-0f3f-46f3-9ff6-4aa96ba3a472,7945084.520706974,7945085.426520632,7945093.996808366,1244,200,0.9058136576786637,8.570287734270096,224
9d1afa31-f3fb-4921-b5ec-46006f8fea98,12660cf2-26fe-4c78-a8b3-e603c06b965a,7945083.520458955,7945085.423967948,7945093.994702402,5754,200,1.9035089928656816,8.570734453387558,160
bfa6bf2d-397e-40a0-ae88-c94e8444874a,d2e35e05-d494-455b-8b64-3602cd992e55,7945084.52070067,7945085.428098619,7945093.999512127,595,200,0.9073979491367936,8.571413507685065,176
3e2d70aa-34df-41c3-aef0-f44ab35293f8,4d91675e-bed6-4756-af92-49701ac0572f,7945084.520710195,7945085.426693102,7945093.997725839,5864,200,0.9059829069301486,8.571032736450434,176
c0e3f04e-dce8-4d9a-8c14-a63016247414,d0030985-3721-47a2-be3f-a716ff7779ef,7945085.520649788,7945086.6888355585,7945094.04007864,3793,200,1.1681857705116272,7.351243081502616,224
44a0f415-c4f1-4734-888c-69f61348a9a7,f5eff546-183e-4cec-8960-21f5d535335a,7945085.520646813,7945086.974319112,7945094.061464256,5978,200,1.4536722982302308,7.087145144119859,176
29f8e9d5-e256-42cf-b192-3908d8b5511c,06b96d78-d574-4242-88bf-812e4fb33e49,7945077.520870527,7945077.6982385395,7945094.681075651,1379,200,0.17736801225692034,16.98283711168915,192
08714b5c-f9a9-44eb-a20d-02c4db49205c,b5f8cc72-86b3-4d6e-97a0-b612ac47f05a,7945077.520873826,7945078.298505909,7945094.792725589,5831,200,0.7776320828124881,16.494219680316746,192
28accea9-1ed7-47de-9074-64176e3f5f9c,245b7a91-93c8-47b9-8809-04cba8eebd79,7945085.520655756,7945086.057063482,7945095.071027972,5829,200,0.5364077258855104,9.013964490033686,192
ef9b5fc1-3bea-47ee-96e5-a5cbf30abdfc,63dbcaa2-f60a-484e-98c0-24f6814d7556,7945083.520465755,7945083.793457928,7945095.195521197,2240,200,0.2729921732097864,11.402063269168139,192
17e91656-b051-4401-9fb8-3fcaacb685e2,ce509adb-84cd-4828-852b-e10802b976ce,7945083.520452057,7945083.79747098,7945095.200640777,595,200,0.2770189233124256,11.403169796802104,592
c2cd48a6-2919-4c62-b102-c29bae677b32,288856ff-0e20-4dd0-9458-85503a7ab282,7945088.520779936,7945089.079381009,7945095.443874551,5915,200,0.5586010729894042,6.364493542350829,160
211820d8-03b2-41ee-8e5b-f72c12bcd6e7,cfcf8ea2-39e8-4b65-a05c-99c6f74fc7ff,7945078.520351414,7945079.403961221,7945095.712341959,792,200,0.8836098071187735,16.308380737900734,160
6656befd-4fac-4f4f-8be9-a7d93b6ca77a,4346426a-d1cf-4421-a05c-b8084161d1b8,7945078.520366414,7945079.403581562,7945095.713298697,999,200,0.8832151480019093,16.309717134572566,176
bc09e3b7-9982-467f-af19-e2b1f8dd2af2,8276d4d4-43b8-49da-ae7f-7e654ef83e88,7945078.520386369,7945079.399064705,7945095.708694805,5805,200,0.8786783358082175,16.309630100615323,224
ab57da8b-0299-48e7-a705-700197bfd31b,cc69a023-c1c3-4dcc-9d6f-d347a10e1419,7945088.520782895,7945089.059548396,7945095.826813988,4397,200,0.5387655002996325,6.767265592701733,176
e23bbf18-90f7-46bb-b23c-0f10b9d8be81,b4c5b65e-b0b2-4149-a9a2-a49a11473845,7945088.520771323,7945089.059947523,7945096.050222089,5662,200,0.5391762005165219,6.990274565294385,160
0ea26f26-47f7-423a-a268-e2c167bab04b,034fada1-6ff3-494e-9df1-8d72fa54e215,7945089.520602018,7945089.988328096,7945096.0943609625,2895,200,0.46772607881575823,6.106032866053283,160
6204a98c-02f3-4978-9b56-8f1227a8bd42,983cb979-5e2f-4649-bfa0-1fb1c92b9954,7945078.520362576,7945079.800118338,7945096.335409567,5814,200,1.2797557627782226,16.535291228443384,176
96ff3a99-6790-4daa-8361-33e180a5d17b,8aa6063f-9cd1-4748-bc9a-78c44fd7370a,7945089.520615586,7945089.605170958,7945096.378347764,1843,200,0.08455537166446447,6.773176806047559,1760
ab7cda00-e894-4911-9983-7d0374a13c01,70fb8739-e8b3-4b20-881f-bf8e312c9340,7945086.520635156,7945087.22080036,7945096.51494489,1910,200,0.7001652037724853,9.29414452984929,192
782f6755-6be9-4bfe-8997-d3c189cbc75c,126d60f8-035c-4467-9714-706011decbc4,7945087.520223581,7945087.956127572,7945096.871994173,5477,200,0.4359039906412363,8.915866601280868,160
8ecdbee7-c95c-42d0-a3d3-b329db859814,24dcaf79-471d-4093-b6e7-fcecb30f565a,7945079.520741092,7945080.409260119,7945096.979431621,5712,200,0.8885190272703767,16.570171501487494,160
e1f1ab3b-2a3c-4f3d-9435-b5268f9070c7,07c6cfe5-ddc2-4943-8c6c-6cb93009af4e,7945090.520336583,7945091.094108652,7945097.169967496,5902,200,0.5737720690667629,6.075858843512833,176
506d61b5-d8d9-432f-af6a-dd4ea320da38,1944b4a9-25a6-481b-a8a6-9b9e9f4d0c67,7945084.520697468,7945085.014866942,7945097.289279705,5907,200,0.4941694736480713,12.274412763305008,224
078a7f93-c446-4bd6-a6ee-10135ec995ae,21b9c278-5fd1-4a6c-80f1-483ff6605dad,7945088.520774712,7945089.325050986,7945097.634607176,2529,200,0.8042762745171785,8.309556189924479,224
82cfdba8-90d7-4e25-a58e-a06b0259e599,6cfd20c7-df85-4041-b191-f790c3146abd,7945080.520311308,7945081.296475815,7945097.952924681,3153,200,0.7761645065620542,16.65644886624068,192
70cedb69-016e-44b3-a377-206dea328c83,e252d297-3d3f-4c5a-8afc-b644cb099865,7945084.520703785,7945085.068558415,7945098.251308629,5982,200,0.5478546302765608,13.182750213891268,176
d5d52fca-48b6-43b4-b724-3a05a621b8a8,623901f7-e6f9-48bd-828b-b5728990d3b2,7945081.520419708,7945081.827077555,7945098.439276817,2570,200,0.3066578460857272,16.612199262715876,192
1ee49c59-3a4b-453d-9d5c-e2415d39dfe0,e99f0ad9-ca51-4ebc-8462-fe9ebb8c761e,7945090.520327219,7945091.156970316,7945098.77707705,1039,200,0.6366430968046188,7.6201067343354225,176
efd5b177-1121-4a97-aae9-8e17be0011a0,c51f405c-538f-46db-a0c4-5f1665cc8bbd,7945091.521018359,7945092.0641107075,7945098.839226957,1324,200,0.5430923486128449,6.775116249918938,160
62d93710-8ab7-4581-acd3-719c9ee25aae,0936669e-5c64-4f1d-ada6-04ce9a565d14,7945091.521010792,7945091.894748392,7945099.062272268,2593,200,0.3737375997006893,7.16752387676388,288
026d1128-d987-4c4a-ae84-e2889a5411e6,ec035cd5-4099-445f-80a6-d885e8148b75,7945086.520647787,7945086.810284906,7945099.102089904,2685,200,0.28963711950927973,12.29180499818176,448
7be44aca-b8a0-4757-8f48-db549304f39c,a2172bc1-ab2e-4a70-b741-9a6cc8abbdee,7945086.520658602,7945087.675230513,7945100.243761351,2491,200,1.1545719113200903,12.568530838005245,160
f1289d51-fbe5-4cfe-a533-92cb68d5923c,12a20126-19e5-4ddc-b4e6-5b1c4432afdc,7945086.520650626,7945088.286353508,7945100.275977684,5927,200,1.7657028818503022,11.989624176174402,192
9dd34bf8-8642-4436-8eb3-25b38b77d7c2,b1d48415-2679-4cdf-930c-839699995501,7945086.520653357,7945088.286134437,7945100.276273362,3505,200,1.765481079928577,11.990138925611973,176
98699321-5772-42b7-a234-69bb5ea6f9f0,7db776df-3838-4154-a574-531f0fd66b8c,7945087.5202336,7945088.910677511,7945100.303376854,5884,200,1.390443910844624,11.392699343152344,160
a34cd64d-2bfd-4fb8-8db9-aa14f3902a48,ad505044-0649-4c84-9a66-a33049893e40,7945088.520786222,7945089.910868662,7945100.353574131,5677,200,1.3900824403390288,10.442705468274653,192
9659b795-f4df-4aae-8680-621bf0ffb964,cf4fae3f-b581-4c59-9fef-3738c46b3c2b,7945092.520534178,7945092.588429167,7945100.529311488,2054,200,0.06789498869329691,7.940882321447134,2048
9fe97208-2b4f-44e6-a7af-b9d8ccb7b934,f56eb112-09aa-410e-941f-40b32b5b1551,7945090.520333871,7945090.88760448,7945100.529169865,3500,200,0.36727060843259096,9.641565385274589,224
e6200d1c-ab47-4583-9c5a-48ff5ea5d8fb,45ac5512-7ff4-4619-88d8-49c256d2e88b,7945095.520040746,7945096.508320748,7945100.797152333,5829,123,0.98828000202775,4.288831585086882,192
7f93efcf-bdab-4857-8148-ec2f82c87a9b,6ee396d8-db4c-4684-88ab-113b143832cd,7945091.521014615,7945092.657895244,7945101.438122399,5697,200,1.1368806287646294,8.780227155424654,160
88074f3f-fdde-4532-9574-d9ed9627aa14,cd915048-11fd-46b6-9dd8-c6d53337db9a,7945097.52092756,7945097.61756241,7945101.449380127,662,200,0.09663485083729029,3.831817716360092,288
fae5c836-65be-4e64-ada2-fc692e904a03,a97b3419-50d1-4d99-ba18-6269343a8188,7945091.521021812,7945093.076158016,7945101.462685298,3864,200,1.5551362037658691,8.386527282185853,160
c4527a38-3cdc-451f-8dab-581d21cd3b21,aa942eaa-fb40-4ee4-a6e1-593548ba0dbd,7945092.520521363,7945093.080521433,7945101.467553229,5890,200,0.5600000694394112,8.387031796388328,5888
fe677813-259c-41e3-b1b9-2e9f81121616,cefc6823-5ff4-4638-94ce-6bc5efae4bb7,7945082.52019707,7945085.683605809,7945101.472967543,357,200,3.1634087385609746,15.789361733943224,176
50f233bd-12c9-4e03-841d-3dc68e68518c,ddf859b5-dde2-43b4-ac73-c5baf651f446,7945083.520448711,7945086.319792275,7945101.496826343,1729,200,2.7993435645475984,15.17703406792134,224
736447ac-a109-4c85-9cc5-1b9c0cdd71b9,46874def-a8d1-42c8-9ef7-379c30144d14,7945083.520445857,7945086.321083411,7945101.498059342,5948,200,2.800637553445995,15.176975931040943,192
18a672a1-bc5d-4ca3-889b-bdc33caae459,e0cfc694-73d4-4603-9a29-1bdf768266fa,7945085.520632374,7945086.944034474,7945101.535367032,1977,200,1.4234020998701453,14.591332557611167,160
af207ec5-5b06-4798-9947-97634e136c8f,41ebc82e-eb6d-418f-b73e-022fa300e998,7945086.520644464,7945088.4025456365,7945101.635651786,5839,200,1.8819011729210615,13.233106149360538,160
17279258-e1cd-4821-945b-b6331a422609,e5488a62-a6e0-4b98-a167-55ef476697ef,7945088.520777321,7945089.109946979,7945102.637549142,1403,200,0.5891696577891707,13.527602163143456,192
f6c96748-9553-4fb8-8130-6f3c1c68a89c,8201882b-3c83-4a5b-b140-7a5572375d5a,7945095.520037066,7945096.2130852835,7945102.657634057,4216,200,0.6930482173338532,6.4445487735792994,160
c3e86f70-cc3e-4bfb-8d53-dc1dcd6036d7,c4d3dc38-186d-40b5-b82e-511fcca85150,7945096.520050972,7945096.786647901,7945102.834379584,3181,200,0.2665969291701913,6.0477316826581955,192
52156cf4-57ea-40fd-b10c-7b24891a34da,6dcfeadf-1244-46cf-a016-ab16dc8a9fb7,7945089.520611385,7945090.010971978,7945103.0661876295,5907,200,0.49036059342324734,13.05521565116942,176
d3835502-07b0-4842-b98c-455f75e439ac,41d7460a-e0a1-4300-9f40-37670c541e0c,7945094.52075829,7945094.6439235695,7945103.17556314,973,200,0.12316527962684631,8.531639570370317,288
8d3bc5c9-827e-4529-9b3c-9924321699d9,fdda8363-a79c-4dff-b8a5-15f6be115142,7945094.520761853,7945094.84837524,7945103.1966596935,2896,200,0.32761338725686073,8.34828445315361,192
371a43a3-8081-4f9f-a596-13368f33597e,50b135ba-662a-4b3d-90f5-c92d2b289617,7945091.521035839,7945092.684033816,7945103.208988144,5933,200,1.1629979768767953,10.52495432831347,176
a5b0ebed-b149-4db8-9bc8-73b8f88e4fb9,d83a09fe-8706-41f6-9b86-8130d5bfad9b,7945091.521028548,7945093.017137269,7945103.236529236,6540,200,1.496108721010387,10.21939196716994,224
d503b58f-bce0-44af-8dc6-324dafe37167,78d7f456-01c1-4f3b-87e0-11b338250aee,7945090.520330782,7945091.319812131,7945103.376826911,1201,200,0.7994813490658998,12.057014780119061,176
cbac718d-8fd2-402f-bb61-fec2edd63be1,07664316-d6e1-41da-94de-93685a509c09,7945086.520656119,7945090.528128709,7945103.893325629,5893,200,4.007472589612007,13.365196920000017,192
c6969b02-2f08-4fed-8a8a-aaba45c0450e,e2aea28f-f167-453e-bb63-de5ec1a91723,7945088.520761059,7945091.004468621,7945103.928919681,501,200,2.4837075620889664,12.924451060593128,192
366382c3-b96b-46f8-9b02-0673053e08c4,f56f3534-c298-4487-a39f-16c483a04920,7945089.520618509,7945091.624751756,7945103.953207181,4961,200,2.10413324739784,12.32845542486757,224
dc52f36d-e598-4813-80f1-6f5afef1f5cc,8c43f4f9-7235-42cc-8288-4dc1f62734a9,7945091.521006438,7945092.054952058,7945104.034136441,5795,200,0.533945620059967,11.979184382595122,224
09ef0ecd-341d-4fae-8945-28553c03822a,dc042378-78ad-458d-b1a6-44be64014146,7945091.521038894,7945092.152280175,7945104.055540154,1224,200,0.63124128151685,11.903259978629649,160
fb0d5943-5c82-48c7-a432-f0f6b1262c90,0038079c-2c93-4916-8603-2b199c276420,7945095.520025994,7945096.360901582,7945104.266892142,1176,200,0.8408755883574486,7.905990559607744,1168
c52cefde-c01c-4343-b5f9-1a70e3f54b6d,01bf6cef-c97b-4d6f-8ae2-8102bf0f9a79,7945093.520679821,7945094.112676171,7945104.459296042,5878,200,0.5919963493943214,10.346619871445,224
db8d04f1-ccf1-4363-9b43-b8070f9aac6d,e252c7b2-268a-46f8-9aef-034d91473c0c,7945090.52031893,7945093.196831709,7945104.5680194795,5989,200,2.676512778736651,11.371187770739198,160
9643d2ad-3d6d-421b-b0a2-f28a9fa53c17,db487834-a11b-4e9c-b4d3-b089f73897c6,7945091.520992327,7945093.771622963,7945104.618833849,6038,200,2.2506306366994977,10.847210885956883,160
4ba32a3c-b1ac-4570-bb4b-cd78b963e480,ef9a6926-cbbd-4236-a031-a34675858e8f,7945098.520646923,7945098.694302893,7945104.72865634,1423,200,0.17365597002208233,6.034353447146714,224
7b185ae9-cada-4203-a11b-a616b2d61a81,13c19d21-f311-4a3a-97bb-1e152f24a81d,7945099.520144608,7945100.159289067,7945105.214372699,6817,200,0.6391444588080049,5.055083632469177,192
dc2d0b00-2e3d-49e7-9553-9b0ca3a8fcf9,171cdbd7-f8eb-4c7c-a419-2dc4afcffa35,7945091.521032174,7945093.762407577,7945105.282886264,1383,200,2.241375402547419,11.520478687249124,160
64163b1a-1b1e-484a-b0f2-9e93bcdbedd6,1330884e-9e05-4fca-8ac8-b7725234d148,7945091.521025116,7945095.160925311,7945105.425689197,2037,200,3.639900195412338,10.264763886108994,160
cccf2252-78f5-4d59-a9d3-f96442bbe05c,89984c0f-ab73-4aa4-b3b8-e96bb2c0c5b1,7945092.520531138,7945095.1672488395,7945105.432650259,2704,200,2.6467177011072636,10.265401419252157,160
c6df9ab5-f1fe-4967-bf3f-d54f11345a11,940160ec-0bfb-4ebc-ac97-abf254489499,7945093.520683727,7945096.332556012,7945105.55849064,6500,200,2.811872284859419,9.225934627465904,192
fb6a1005-32ce-493f-91cf-f5ec71bf5d8e,7e2e7623-9e79-4fcd-af36-959e2862cb05,7945093.520669977,7945096.980518288,7945105.830341555,5888,200,3.4598483107984066,8.849823267199099,160
0a9d5a5d-149b-4a87-8950-ca0d005c51ba,19500c45-30d4-49de-bfa4-2268492645cd,7945097.520942865,7945097.882368886,7945106.143662978,4227,200,0.3614260209724307,8.261294092051685,160
7aee6878-721b-4f18-8af6-3267434d9864,bc829e6b-bf7d-471a-b1e0-497440ccbb5a,7945095.52005306,7945097.463965242,7945106.26472773,5921,200,1.9439121820032597,8.800762488506734,176
d58ca94c-f4a0-4683-80ee-07abc7e0cb9d,1bb39ff9-0ea5-419f-a37c-928f0db0f068,7945097.520947188,7945098.15059873,7945106.316582436,2236,200,0.6296515418216586,8.1659837057814,176
f1a49e76-0eea-40db-b8e1-a3f13bd07dd2,0510668b-2e39-4521-abbf-68606b666ffd,7945094.520740698,7945094.831783249,7945106.371672176,3030,200,0.31104255095124245,11.539888926781714,192
17388ff6-1183-4ed1-aa03-8be806986bd1,6052704c-60c2-46b7-b067-f7d04009c56d,7945094.520754721,7945095.4240797,7945106.397987067,3625,200,0.9033249793574214,10.973907366394997,192
3ccaecd2-92b1-4332-ad1b-8b8c08a94cc1,2ea40277-676a-410a-8b83-b14467b8308b,7945094.520750999,7945095.425009177,7945106.399718901,3308,200,0.9042581776157022,10.974709724076092,176
527a8228-4afe-413e-969c-f4961f434dff,9f4a967c-69d5-46cb-a48b-7028ac8a0984,7945095.520043618,7945095.97741509,7945106.44062824,4615,200,0.45737147238105536,10.46321314945817,176
2cf3f984-ad58-4772-b88b-0b3921816275,6fb86cb0-b646-4ecd-8730-d6ed365d30a3,7945096.520061435,7945097.300390605,7945106.475620637,5877,200,0.7803291697055101,9.175230031833053,160
ef5c6d5f-cdbe-4448-8ff0-a082e6b0786b,83c43919-a2bc-41bd-8bf8-b7585910d60a,7945098.520644299,7945098.7071872335,7945106.482912981,1346,200,0.18654293473809958,7.775725747458637,224
b55c656e-acf0-40ab-bbfc-21990e0acb16,6f4a7340-4bd4-446a-8cc1-2367016ee48c,7945098.520640951,7945099.021575466,7945106.543998312,5950,200,0.5009345151484013,7.522422846406698,192
3bc64143-7a3e-41b3-af7b-00a75695c9e6,be47ec66-79ab-4aa4-bbaf-d9fef785d9a0,7945096.520058008,7945096.680759704,7945107.001160715,1461,200,0.1607016958296299,10.320401011034846,160
e8f667e5-e879-4058-b850-29e4d6b354c6,36072142-1340-4cca-b3ba-83f8c8f4afb5,7945099.52013892,7945100.174350114,7945107.065979475,5968,200,0.6542111933231354,6.89162936154753,176
102d3e4d-161e-424c-8a2b-cf32042c9fab,05df5986-4b14-436d-8a7a-c4b26a4be8f5,7945097.520938468,7945097.851453017,7945107.10513712,3563,200,0.33051454927772284,9.2536841025576,176
7f0647ce-725b-4a73-a0c1-e526c67baaaf,76c6a94a-5b1b-4124-a8c1-7b783e5beb5f,7945095.520049952,7945096.024199722,7945107.213192857,6055,200,0.5041497703641653,11.188993134535849,176
4cec5a73-277b-430a-905b-53222adcc0d4,d3954709-3e90-4162-b807-366fedb25f30,7945095.52004678,7945096.244051431,7945107.2425115025,2655,200,0.7240046514198184,10.99846007116139,16
5601792c-53da-488d-a360-e677d1c58120,d1a58fee-2699-4cde-8dec-5a26bda64889,7945098.520631443,7945098.851822535,7945107.517723989,3353,200,0.3311910917982459,8.665901454165578,192
ea4e1cd3-2b74-4c2c-9da4-6ffedec7c354,881cd439-cd62-4d96-be83-b9b80c159776,7945102.520762444,7945103.338629171,7945108.228927467,1454,200,0.8178667277097702,4.890298295766115,176
6300e4ab-063c-4140-94be-186b4e80beba,62bd5ab4-a4ae-4c45-90a9-d469d50595d4,7945099.52012516,7945099.747732954,7945108.231860911,2002,200,0.22760779410600662,8.484127956442535,160
36acad6a-7c95-4b36-8472-61f6bef556fa,dec5032f-5640-4adb-8120-132fbe0e8a7b,7945099.520132087,7945099.987640848,7945108.484171711,2396,200,0.46750876121222973,8.496530862525105,288
33d3c9ac-08ac-40d0-b402-7d0eda5d3dad,6cafcfd1-e154-4074-aed9-9d3b56fe9e3e,7945103.520901964,7945104.069606218,7945108.554746109,5984,200,0.5487042535096407,4.485139891505241,160
ad271c7b-c029-4810-b692-eb166eb685ac,d6ffa9d6-2f92-432f-a7e0-2110ea985d38,7945100.52009577,7945101.649863525,7945109.025491732,5974,200,1.1297677550464869,7.3756282068789005,176
15afc106-f71d-4cf1-8de1-c203c2b41f18,0f386fc6-2621-495e-924c-56970457578f,7945101.520308275,7945102.877744572,7945109.070337178,5906,200,1.3574362974613905,6.192592605948448,192
95168123-eb54-46e8-b0e0-4d66d28611a0,060f2ac7-a6fe-475c-862b-44d01526e2fe,7945103.520899672,7945103.7877127705,7945109.243512197,2894,200,0.2668130984529853,5.455799426883459,160
5c185971-9eab-4080-9222-2b28b455961d,ec035cd5-4099-445f-80a6-d885e8148b75,7945100.52008968,7945100.8028738145,7945109.272793759,2716,200,0.2827841341495514,8.469919944182038,448
2a323ab9-18ce-4a13-9994-3df64b330176,ceb63c9d-93ca-445d-9e1d-fe8b5b88d14c,7945104.520487744,7945105.086544541,7945109.290883633,5820,200,0.5660567963495851,4.204339092597365,224
2217e157-6264-497e-82b8-bf61e43b270f,20a3f959-78cc-46c6-8962-31e21ecd5c4e,7945099.520129282,7945099.69038271,7945109.3032795675,1157,200,0.17025342769920826,9.612896857783198,192
c9159253-5482-4825-906c-1a83883701ea,934886bb-967b-466f-ae2a-130630c0b4d5,7945101.52031588,7945101.68410042,7945109.622746625,768,200,0.163784540258348,7.938646204769611,192
a129bf7a-5830-41be-9417-4266e741f551,75362569-bf81-4066-ac37-01104ae65d91,7945099.520135271,7945100.124683484,7945110.259736062,5874,200,0.6045482130721211,10.135052577592432,160
16aa3891-61bc-4334-8533-d2d2b1f55d03,471160fa-a8fe-4f94-b069-9a59621350cb,7945100.520098527,7945101.075420346,7945110.660624893,5976,200,0.5553218191489577,9.585204547271132,160
3c7388ec-0851-47ff-af85-a78556dedef3,6228ccc2-550e-4c29-97cb-5246061c5a94,7945101.520297024,7945102.053868476,7945111.224697053,5840,200,0.5335714519023895,9.170828577131033,176
f799d841-5bc2-4d5a-a412-854a4ba405fa,f20a741c-0fb3-4811-91f0-bee136177ca3,7945099.520116048,7945100.024710962,7945111.593682244,5799,200,0.5045949136838317,11.568971282802522,224
a3d08b0b-0a19-4c48-ab34-99047b6b0fbf,bbea6a5c-8d47-4003-8b31-48aa9eb697ca,7945099.520141634,7945100.522794792,7945111.602930279,6511,200,1.0026531582698226,11.080135487020016,192
a04203a7-104c-44a2-81d3-5d64435accc2,bd8eeb28-8ddb-4e89-a649-ed73109fdad4,7945100.520075704,7945101.055783189,7945111.761405076,5773,200,0.5357074849307537,10.705621886998415,160
9a656c2d-ca08-4868-adc5-29e83088fc7e,861e29f7-4713-4676-b1bc-a4d3d62f4ef2,7945100.520093125,7945101.265225199,7945111.785877002,2811,200,0.7451320737600327,10.520651803351939,256
fc297224-3e84-4afd-a4c3-040b0e8912d0,905b7b66-f9e8-4004-b125-fe3a30572297,7945102.520790738,7945102.983694876,7945112.025405682,2817,200,0.4629041375592351,9.041710806079209,160
68bfd6fd-a9b3-40f6-9ba4-5f901747120b,b2b28eea-494d-4c24-b6d8-00f553246d00,7945102.520774971,7945102.986015766,7945112.028837358,1472,200,0.46524079516530037,9.042821591719985,192
291ffe1d-8ebc-46c8-9ca0-f6bb64773224,f67702ed-ffe8-4f1f-b79c-d71f9ba12c4f,7945104.520491181,7945104.705086161,7945112.27239241,1337,200,0.18459498044103384,7.567306248471141,160
d4f7af48-e5e2-4f18-ba8c-806ab1be8b33,f3f64daf-5dba-42d9-a89e-1d5fd05daf60,7945101.520312196,7945102.125999287,7945112.286143866,5885,200,0.605687091127038,10.160144579596817,176
8b9ba23f-9eb9-4ba7-8a80-2a38db3d1191,a941116a-c518-4f7b-bc3c-311e10bec57b,7945104.520497276,7945105.296524708,7945112.2930936515,1035,200,0.7760274317115545,6.996568943373859,176
4ccea3bb-0c04-4b5a-9811-a430662b3d00,7d83a754-194c-4131-be9f-21b4f40d2af1,7945104.520494011,7945105.296762822,7945112.294116441,5717,200,0.7762688109651208,6.997353618964553,192
dbcc08ba-6710-4a62-b35e-125f82f60ecb,c56b9229-6877-464d-915f-96351da897ef,7945101.52031954,7945102.740873789,7945112.310039653,4707,200,1.2205542493611574,9.569165864028037,160
e614b927-0b10-4279-9a31-4974f95899c7,6bef9240-78a1-482c-96d2-a89c97ba970c,7945101.520322523,7945102.741381572,7945112.311789265,2882,200,1.2210590485483408,9.57040769327432,2784
81c0ed7c-1a9c-46eb-be65-e0f408f05afb,36c06fe6-5b24-4d05-aa49-6e7c64045ab9,7945102.520779262,7945103.180193683,7945112.337920425,3430,200,0.6594144208356738,9.157726742327213,176
077f0ecc-413e-4878-8da9-8f3c38965241,ea6e22c9-a8de-42ca-9570-58d1e9355915,7945103.520896697,7945103.840842507,7945112.50958576,3672,200,0.3199458094313741,8.668743252754211,176
4ed6f0ab-8fa1-4462-b82c-9e8241669585,64d360e4-7905-43d3-8873-c6d7e150a922,7945104.520477618,7945104.854954118,7945112.842483232,3054,200,0.33447649981826544,7.9875291138887405,192
bf361c42-1f70-4c3e-8361-263dffa2196e,eac24277-21e2-44c9-80fc-a38e74362cc8,7945106.520157892,7945106.681729392,7945113.017702025,1831,200,0.16157149989157915,6.335972633212805,160
0d7f8d4a-ded2-49d2-81ca-682c0d93ded5,6a06774c-a655-4c0f-9a71-d2ddd55097d6,7945105.520193202,7945105.605445686,7945113.293464176,449,200,0.0852524833753705,7.688018490560353,160
89cfdf39-cda6-4186-9a2e-0d736d07d105,d2e35e05-d494-455b-8b64-3602cd992e55,7945103.520887556,7945103.610453738,7945113.402220791,595,200,0.0895661823451519,9.791767053306103,592
52fe7b51-d878-484a-a1f5-da816b2ed0ff,0bd71f2d-8ff1-4b8b-a899-9b785a451bbb,7945107.520523176,7945107.65336722,7945113.411362878,1505,200,0.1328440448269248,5.757995657622814,1408
61b611ec-5b2a-434d-8709-97e1e841183c,c0dbd0bd-4010-4779-815e-795e06cc171a,7945107.5205172,7945107.942451967,7945113.433155365,4952,200,0.4219347666949034,5.490703398361802,1136
4d8146d3-7d12-41b2-9b5f-491124ab8dea,170812a6-cb38-4169-bec1-bbe2e86c6001,7945100.520085956,7945101.238698865,7945113.546093437,1639,200,0.7186129093170166,12.307394571602345,0
43ba46e4-7a11-4e1c-9fb7-a7929bd224e0,ccd8f2c3-44d3-41c4-91db-1ba4dc5f9701,7945099.520147392,7945101.2333956165,7945113.541259021,2952,200,1.713248224928975,12.307863404043019,192
f471621f-c25b-466f-a707-1818e738ccbc,ec035cd5-4099-445f-80a6-d885e8148b75,7945107.520514703,7945107.9562108265,7945114.418824486,2690,200,0.43569612316787243,6.462613659910858,448
c052f715-7629-4b5e-beaf-d87cda45d2ba,07664316-d6e1-41da-94de-93685a509c09,7945102.520786794,7945103.099635169,7945115.074506801,5893,200,0.5788483750075102,11.974871631711721,5888
4f8eee12-e6b1-4c7e-828d-b71d98781389,61184d08-6e50-4c11-bf05-8e45841425f3,7945102.520783415,7945103.100624586,7945115.075468151,5305,200,0.5798411713913083,11.97484356444329,176
165c8859-f15d-4314-9d47-b01d988a7e0b,8b3b7df3-f53b-4397-b9ae-1bd08411c732,7945104.520500189,7945105.283332733,7945115.750676682,5915,200,0.7628325447440147,10.46734394878149,176
70fc068e-f26b-46fb-8f04-80174be8e90b,04b0e516-69f4-450c-9856-35e89097255e,7945107.520520434,7945108.2746207155,7945117.131086847,6027,200,0.7541002817451954,8.856466131284833,176
65e7be0d-ad1d-4feb-ac49-a948731accca,236fc023-08a3-4a22-a449-4a04376484b6,7945110.520033696,7945111.0095840115,7945118.053789325,6018,200,0.4895503157749772,7.044205313548446,192
d1d5ce9c-75d2-412c-8265-e56649a565a5,0b745e6f-d44a-48f9-a807-a21f2458356f,7945110.520037246,7945111.003506343,7945118.215634023,5992,200,0.4834690969437361,7.2121276799589396,160
1004e659-69ad-4cf4-a82a-2d7bf37583f3,6769e696-2581-4f98-b1bd-a92e8911c925,7945109.520129586,7945110.006311893,7945118.371908259,5970,200,0.48618230782449245,8.365596365183592,464
677ac468-9a67-4248-a481-cf2b9b8d2c46,f9c92a82-99c7-477b-95d5-3aed03818705,7945111.520136441,7945111.868300182,7945119.1313479375,3307,200,0.348163740709424,7.2630477556958795,176
dc2dea86-9b4d-4790-9d4f-0eb342ac3daa,c763213b-3ea9-43c8-82d2-a13bc4766d37,7945109.520119471,7945109.660077137,7945119.307016365,1191,200,0.13995766639709473,9.64693922828883,160
1b2a7c34-4a3c-4c54-81c9-56fd4ab6c447,1628d450-3fc3-4b73-9923-fce01e9f48ee,7945105.520204444,7945105.8317007795,7945119.337146237,3676,200,0.3114963350817561,13.505445457063615,192
6d0d5b68-15c0-4e54-b7d4-a5229edaefda,5c06298c-86e7-48f5-99ec-f360b1699941,7945108.520961679,7945108.969412385,7945119.570070982,4250,200,0.44845070596784353,10.600658597424626,224
d053823a-b20b-4af7-8bd2-679caf00bf7c,b1d48415-2679-4cdf-930c-839699995501,7945108.520949336,7945108.97128335,7945119.574167439,3648,200,0.4503340143710375,10.602884088642895,2912
7f8e4225-1743-42ba-9f5b-dbae56a33e13,ce509adb-84cd-4828-852b-e10802b976ce,7945108.520966535,7945109.266318074,7945119.590726978,595,200,0.7453515389934182,10.324408903717995,224
5b0d69ee-d788-45cd-ac40-6fdce6020435,2ae37bed-8d28-4e69-b69c-68eced6190e3,7945108.520964184,7945109.267362158,7945119.592286291,3768,200,0.7463979739695787,10.324924132786691,176
f1a0d56f-6940-476f-b757-08dda9b504be,cda35d87-8607-4ef3-a3a2-df474f3cb394,7945107.520503226,7945108.022929577,7945119.5966068655,5790,200,0.5024263514205813,11.573677288368344,160
4f4939e8-eda3-43f4-86cf-26cde4f0c8d5,1261e235-5a20-4070-a57e-7f8c315979af,7945107.520509336,7945108.489459445,7945119.613165642,1899,200,0.9689501086249948,11.123706197366118,160
34c22cb9-9142-4338-af48-7fe457e8b5f7,977ac36b-bb7b-4aac-bf3e-938831af0d6d,7945108.520958341,7945109.210270451,7945120.119965361,5955,200,0.6893121106550097,10.909694910049438,0
3e8da3a1-9cb8-4d5a-8eab-9279c0723ea7,ec1c5ea7-b4c6-4a5d-b57d-9ddcfc5712bc,7945108.520969049,7945109.49164716,7945120.144538457,5959,200,0.9706781106069684,10.652891296893358,176
f652cdc1-a3ed-46cc-ae8f-e4b9697b2bf3,86bb770e-e896-4df8-98ac-b45dd9f48001,7945109.520123587,7945110.212880074,7945120.174422306,1148,200,0.692756487056613,9.961542231962085,160
ce0eb5ed-28e7-4b6c-8aed-c0da367d7211,27e00e2e-21f7-46b8-8008-d0a46fedbeee,7945110.520023953,7945111.093633241,7945120.223512324,799,200,0.5736092878505588,9.129879082553089,16
ba10443a-60db-42af-b79a-731d9135945c,77c5fe55-dea3-47e3-9fa4-17d19b193453,7945109.520126683,7945110.47712936,7945120.322961985,5830,200,0.9570026770234108,9.845832625404,192
7c79fea5-7340-4f32-bb4c-0ac6fe8d6fdb,1df59d7e-3949-4771-9ddc-e9beefe99db9,7945109.520109289,7945110.479739489,7945120.325955978,2021,200,0.9596301997080445,9.84621648862958,192
64abd757-9b3f-402a-abf4-95b9eba46cbe,c13d9418-24a3-4ed3-8a2f-34e200890302,7945113.520278235,7945113.930325473,7945120.456085196,1085,200,0.4100472377613187,6.525759723037481,224
80ef7e6b-c8d3-436b-9381-0bdd67e14810,4295c9d1-a245-45a2-ab2e-52b55d4bb49c,7945111.520140358,7945111.621403308,7945120.641805927,355,200,0.10126294940710068,9.020402619615197,160
f37320a7-c805-43df-b66a-1a6206d55dc8,5c47871b-d8be-425a-92e0-3bc8f1070874,7945111.520128832,7945112.007717071,7945121.227859973,5730,200,0.48758823890239,9.220142901875079,192
246112a4-086f-43b3-8953-ee87b1a32b75,d0030985-3721-47a2-be3f-a716ff7779ef,7945112.520140087,7945113.208710624,7945121.583529202,4015,200,0.688570536673069,8.374818578362465,224
2cccdcc6-2ba6-4181-97ef-142013058ce4,fa60773d-c882-463b-8316-07d4c895e992,7945112.520162458,7945113.347460006,7945121.604362464,6010,200,0.827297548763454,8.256902457214892,192
3f5f74d8-1d62-4472-bf75-3fdc95cb37ea,57ff1918-00a6-4f1f-abf1-71b1dec34e08,7945113.520264738,7945113.7319417205,7945122.0343416,2279,200,0.21167698223143816,8.302399879321456,256
2cf2f3a2-7591-4cfe-a773-cf01293648d9,fba72a56-cd36-4731-8af1-a04f79c5aabf,7945112.520155177,7945112.833437292,7945122.373040852,2784,200,0.31328211445361376,9.539603560231626,192
410bfaaa-72b7-465d-9551-9197539e7266,e0552d74-4f29-42bf-8508-a13c3c642f59,7945115.52053304,7945116.017168844,7945122.559736391,5706,200,0.49663580395281315,6.542567546479404,192
8bc68a0a-77ac-465f-b9cf-90be1412fb2f,07c6cfe5-ddc2-4943-8c6c-6cb93009af4e,7945115.520540176,7945116.474737001,7945122.569921988,5839,200,0.9541968246921897,6.095184987410903,368
faeaed67-cf11-45df-9435-1cf8adaa6940,8f859b06-32e8-473b-8002-142e58a5ff49,7945112.520168989,7945113.4424824035,7945123.008937327,6426,200,0.9223134145140648,9.566454923711717,192
9ddd7079-66d4-4ce6-89b1-a06959bb4229,f271ebe9-b215-4499-a991-8ff24c4302bb,7945113.520281101,7945113.809261729,7945123.079538592,3429,200,0.28898062836378813,9.270276863127947,176
049d0fcf-d094-4589-a7cc-2dd240495dbb,c0e3d991-e188-4f78-8b8e-5dd01a6f8850,7945112.520165867,7945113.504277489,7945123.1203902615,2521,200,0.9841116219758987,9.616112772375345,256
3b1a1e6d-bd0e-4986-a276-d6a8495d8dc1,5e34dc58-8d28-4946-b67f-f69a67bb089a,7945111.520118446,7945112.0313367555,7945123.1497162245,6004,200,0.5112183094024658,11.118379469029605,160
b78bb291-9820-4c19-8925-eb6832297e5b,1ba8fcf4-b3c2-4320-a37d-806f78c0ae0a,7945113.52028443,7945113.884684971,7945123.46393866,3834,200,0.36440054047852755,9.57925368938595,176
47cb2acd-cfcd-4816-82a0-c028cca760ba,5ca8a6ad-a355-4018-902b-ec2a13ffca11,7945107.520512108,7945108.0594379045,7945123.481376255,5805,200,0.5389257967472076,15.42193835042417,224
ea71465a-1050-49ce-b089-d32e4944c96f,3576d3c5-71c8-4aa8-bb01-7f961dd7500d,7945114.520104199,7945115.066334125,7945123.762162714,6368,200,0.5462299259379506,8.695828589610755,192
17fbf042-8cf5-4fa8-a7e5-86dda639582d,9c028c65-c498-4659-bd21-4f568b643385,7945117.520396614,7945118.012106752,7945124.352310701,6046,200,0.4917101375758648,6.340203949250281,176
5bc39dec-4d24-4071-bbde-4e42042ef5fe,eb47aef2-5af4-4ab2-9e3a-6321c91f6f64,7945116.520020691,7945117.052518626,7945124.44272621,5804,200,0.5324979349970818,7.390207584016025,176
571efe0f-55a3-4642-a1f9-4aa9f26a1049,cd915048-11fd-46b6-9dd8-c6d53337db9a,7945114.520115936,7945114.602504437,7945124.825399888,726,200,0.08238850068300962,10.222895450890064,624
1cc46e4d-15c5-414c-a01f-840461ebec19,5f73476c-5788-47d5-8c33-62022bc36395,7945118.520583537,7945119.219289772,7945124.930586571,4131,200,0.6987062348052859,5.711296798661351,176
73532529-55a7-4ae7-94f8-8737cdbf7e79,e43607a6-bee1-4fdf-a0b4-8ea2245eecf1,7945111.520122808,7945111.70325253,7945125.178306872,1496,200,0.18312972132116556,13.4750543422997,192
ce61bc9c-1a21-4ec8-8673-71a3744b6b76,934886bb-967b-466f-ae2a-130630c0b4d5,7945111.520105874,7945112.119830798,7945125.21266294,948,200,0.5997249241918325,13.092832141555846,736
72408073-d496-44ed-bd68-d6a839ea2787,b0e0ac14-8af5-4799-bee0-183834e865d4,7945115.52052338,7945116.01665099,7945125.518409942,5950,200,0.4961276100948453,9.501758952625096,176
b65d186d-70d6-490c-a9de-689ec43f1f70,26f6e7fb-05d7-47ec-9c49-43b5ac7aed02,7945116.519998033,7945117.784099462,7945125.70143573,4071,200,1.2641014298424125,7.917336267419159,160
45c34d1c-1a3b-4dea-ae9f-c6068e788405,8aa6063f-9cd1-4748-bc9a-78c44fd7370a,7945118.520568732,7945118.766363285,7945126.245539456,1896,200,0.24579455237835646,7.4791761711239815,16
2fdb951f-8a6f-4b4f-b47a-c6a2d6206127,aeb913ad-d459-4fbd-906a-cf6ac2bb3fd1,7945118.520590495,7945119.192967339,7945126.263603636,5661,200,0.6723768441006541,7.070636296644807,224
3399d92b-b311-4815-92ae-b30008fe6e87,4ea8f553-17d2-4104-a58f-9cd66ff1b47f,7945116.520016571,7945116.633553345,7945126.342684935,1100,200,0.11353677418082952,9.709131590090692,176
2be64ce3-698c-46d4-b317-d5d3c69a43af,d1aebabe-6add-434e-8599-d63b95b83ad3,7945119.520337495,7945119.876755234,7945126.587424514,2676,200,0.35641773883253336,6.710669280029833,224
1289356c-ec45-4377-9cec-b4a740f3ae41,6438b31e-b086-495f-8c72-0c6603de3583,7945119.520355421,7945119.874726364,7945126.585159458,764,200,0.3543709432706237,6.710433093830943,192
1255e83f-7b75-419f-ae29-e22c653406dc,04c151c1-ee98-4835-b8ba-1681eccdd922,7945119.520352316,7945120.452116176,7945126.621616262,6496,200,0.9317638594657183,6.169500086456537,192
ddaa24eb-1334-4f95-8bbb-d427f786f80e,39f0db0a-82e8-429d-aa53-89c2802d7dac,7945110.520043418,7945110.6521882,7945127.021947677,1097,200,0.1321447817608714,16.36975947767496,224
ac7701c5-0c81-4234-96dd-39ab68b82b8f,38ca9ea7-6762-4ec6-bb70-b0490b13047b,7945110.520040198,7945111.245707759,7945127.059488796,1091,200,0.7256675604730844,15.813781036995351,192
250e0136-d681-4234-8f0c-bb80a93152fc,fda1a843-8c94-4359-a21c-7bd6444db827,7945111.520125656,7945112.25672239,7945127.9496850185,631,200,0.7365967333316803,15.692962628789246,176
9907ccf6-114e-45d8-93b2-f734d738ae1b,46874def-a8d1-42c8-9ef7-379c30144d14,7945111.520133168,7945112.255473487,7945127.951150289,5948,200,0.7353403186425567,15.695676801726222,192
a35b2e9f-c991-42fe-8dcb-c441fc6f1dd3,4ac57aef-73b0-4d1e-900c-4a6b79a7c0bd,7945118.520608881,7945119.213492589,7945127.98019733,5352,200,0.6928837085142732,8.766704740934074,224
11712102-a475-4e17-9a85-6f03be8529cd,41d7460a-e0a1-4300-9f40-37670c541e0c,7945117.520421328,7945117.647357563,7945127.993088177,1032,200,0.12693623453378677,10.345730614848435,288
911cefc2-21d9-47bf-af6f-9108806f48bf,231beffe-da58-4516-af27-1182589624ee,7945118.520579937,7945119.530920262,7945128.008600608,4986,200,1.0103403255343437,8.477680345997214,192
1ab9f2c3-9e78-4388-905d-bd3d790a8749,f4aff892-842b-4e98-af4c-cfd1deacf96e,7945119.520348332,7945120.2041184455,7945128.141134252,2205,200,0.6837701136246324,7.93701580632478,288
1f5088b9-655c-4b3a-b8eb-999131674a57,912546cf-205f-4ad1-9d03-c1c3d84673d6,7945119.520359101,7945120.202102394,7945128.139317412,5940,200,0.681743293069303,7.937215018086135,192
a07bff90-ed99-40dd-936d-f778bae770f8,ad3e5418-e180-424b-8b3f-a75453da1b2f,7945119.520367559,7945120.421833656,7945128.158634511,2831,200,0.9014660967513919,7.736800855025649,192
0233a397-ad8a-4df2-90b8-b65cc3616388,d60ad5cd-2dca-4130-b76f-5c9c8c2a027b,7945120.520126378,7945121.102232263,7945128.473094099,5629,200,0.5821058852598071,7.3708618357777596,176
fc494984-69fd-422c-b704-455c2c5ec4af,dcc8b99b-cc01-4910-9253-2bf89c553910,7945120.520134149,7945121.100246551,7945128.472683798,1848,200,0.5801124023273587,7.372437246143818,176
f7eddd84-f7c9-49eb-95e9-e65be6bc3783,127f378e-d0dc-464e-a79a-fa7013197aab,7945112.520150852,7945113.26471768,7945129.292781334,5290,200,0.7445668280124664,16.028063653968275,176
e12ea905-a789-425e-9dbb-9bd68940c9e4,bd2ab0e4-b415-4560-8ada-17cafd1ace98,7945121.521216307,7945121.6776441755,7945129.356295422,1031,200,0.15642786864191294,7.678651246242225,176
360cf485-22ab-460e-9044-381289e06e3c,7c3d9d5e-536a-4db4-bbf4-b05c9113f99d,7945118.520605338,7945119.229278762,7945129.434314791,1982,200,0.7086734240874648,10.205036029219627,224
c292dac7-cc58-49d9-9944-71994004d0d6,a4705d3f-c9cc-472f-8323-bf9e4593e138,7945113.520274663,7945113.997610858,7945129.452549332,5753,200,0.47733619436621666,15.454938474111259,160
a7e943ba-1476-40cf-82f8-1ed2db06781e,2d1467d2-a312-48c3-9684-57b9e2890fec,7945121.521208188,7945121.774535978,7945129.453608541,2291,200,0.25332779064774513,7.679072562605143,224
840b962f-cac4-46a5-a47b-777450b025a4,c8b7ff65-cf0d-44ff-991e-2b8fd4458b22,7945112.520158835,7945113.544165751,7945129.54056948,4790,200,1.0240069162100554,15.996403728611767,176
106e3ea0-e57c-40e9-9bb0-64133acffffd,34604346-851a-41d2-9520-ce6b073a7cc6,7945122.520968518,7945122.706839093,7945130.183620279,2178,200,0.1858705747872591,7.476781185716391,224
645bd334-c525-421d-96d4-0fde1caf9406,eaba400f-f029-457a-b05a-0a6f98a6ec83,7945119.520362927,7945120.031132352,7945130.2492663115,2326,200,0.5107694249600172,10.218133959919214,192
0c605985-4073-4a0b-9118-20c3bf09f8c7,5c310efb-bfc5-46d7-97ea-542167b82029,7945119.520375261,7945120.031698149,7945130.250817344,2743,200,0.5113228876143694,10.219119194895029,288
a53ed5e2-21a3-40c1-a2c6-c902c93ebf16,dd24355c-c6d1-461a-b504-e7f6f058e87e,7945114.52011287,7945114.903416442,7945130.67495831,4372,200,0.38330357149243355,15.771541868336499,224
220fe190-dbc9-4429-854b-49e31c648f0b,e7ddf100-0645-4d83-9de1-cdfd98d12da1,7945114.520118796,7945115.521803724,7945131.10593281,3713,200,1.001684927381575,15.584129086695611,176
d5a80bb6-6f32-4ccc-a273-e0391e970cd4,6bef9240-78a1-482c-96d2-a89c97ba970c,7945123.520242921,7945123.624489502,7945131.121069413,2945,200,0.10424658097326756,7.496579910628498,2848
63a49694-0385-4434-97c8-035ff7f58fce,6418d22e-6d88-463b-a16b-7587c147056d,7945123.520246361,7945124.016957778,7945131.138221392,5893,200,0.49671141617000103,7.121263614855707,192
e3144125-a68c-4f44-9608-ad4630a1f914,57ff1918-00a6-4f1f-abf1-71b1dec34e08,7945124.520584654,7945124.596410386,7945131.578900954,2279,200,0.07582573220133781,6.9824905674904585,2272
3ec1fcca-7da3-40bc-86f9-96e1a91cab48,51098ee2-2e33-44d0-9eb4-d67710b1b109,7945124.520588802,7945124.965583617,7945131.5945451725,5414,200,0.44499481469392776,6.628961555659771,224
a5ef9929-2e83-41b4-9af7-71eb6f453564,171cdbd7-f8eb-4c7c-a419-2dc4afcffa35,7945115.520537222,7945115.673487534,7945132.642074943,1383,200,0.1529503120109439,16.9685874087736,160
a1f3e4a3-b6ac-4e00-9e7b-5503b7f085de,b4527815-5a94-4cdd-8d25-4cd8b6f2f33f,7945121.52119925,7945121.759390582,7945133.45077852,2394,200,0.23819133266806602,11.691387937404215,256
11af41ec-6cdc-455f-aac1-0b034e5ef3ae,6c9f1413-e467-4d64-be9e-c1beccfa7d1a,7945122.520976422,7945122.739753117,7945133.54691611,2322,200,0.2187766944989562,10.807162993587554,224
693f21a8-08e0-4c25-bd23-85bf0df3bf8c,2d04a413-22fe-4614-bb84-9ea52c8c3a73,7945125.519971937,7945126.000789493,7945133.667850503,5701,200,0.4808175563812256,7.667061009444296,160
ebe7ad10-dc67-4e2f-b631-a43e4163e0f3,a87c1e2c-7a49-4744-9e7f-268e78b88eee,7945124.520572855,7945125.26322103,7945134.337108375,1082,200,0.7426481749862432,9.073887344449759,192
e77eeeb0-7ad7-404f-a3eb-a2c86bb1fe66,e214ec5e-819d-494d-96be-4f44b7317ecc,7945117.520417134,7945118.195342823,7945134.588777416,2640,200,0.6749256886541843,16.393434593454003,176
4cff95f7-5240-4ea8-98a0-1fce650dcebc,f2a16fba-8442-4899-b829-ef700bbd4eb1,7945118.520598199,7945119.185082035,7945135.021012768,5088,200,0.6644838359206915,15.835930733010173,176
36fccc60-bdfa-49c4-808d-76a6ef9e7cef,35c9b5dc-29e8-498f-9ad8-87fe22f17021,7945118.520601544,7945119.184806033,7945135.021631618,2588,200,0.6642044894397259,15.836825584992766,176
fc3ecfa1-634e-476a-bbc8-41e45990b739,28923570-dc4f-40ce-95e1-9bd4d262af79,7945127.52019096,7945128.041178722,7945135.1048222,5933,200,0.5209877621382475,7.063643477857113,192
1a441bcb-4a46-4dda-8c7f-09504f77684b,d0030985-3721-47a2-be3f-a716ff7779ef,7945128.520029616,7945128.601489754,7945135.270124965,4003,200,0.08146013878285885,6.668635210953653,4000
6111f5b1-509c-45a6-98c0-98b90431c66d,42b78ebd-17aa-4ddc-8442-4e4fb55a60c8,7945128.520036169,7945128.848054868,7945135.309028962,3006,200,0.3280186988413334,6.460974093526602,160
d302882f-7e88-46f1-a7bd-0ce22736bf5c,8201882b-3c83-4a5b-b140-7a5572375d5a,7945123.520250002,7945123.671835074,7945135.468056312,4216,200,0.15158507227897644,11.796221237629652,3600
31fcc2ed-545d-4e0b-a6ee-6d34e8cfbb4d,33112398-5129-4e1e-868e-09609c2b6bee,7945124.520594153,7945124.8019738225,7945135.574018172,2802,200,0.28137966990470886,10.772044349461794,176
efeb514a-1e38-435e-a9b6-f70d555c1fd6,07664316-d6e1-41da-94de-93685a509c09,7945118.52058681,7945118.848939147,7945135.75864401,5893,200,0.3283523367717862,16.909704863093793,5888
6f431f42-0d21-4c63-ad4c-251049df68ea,89984c0f-ab73-4aa4-b3b8-e96bb2c0c5b1,7945118.520594464,7945118.848757476,7945135.757933421,2919,200,0.32816301193088293,16.909175945445895,160
53fe9f64-4757-4756-88c5-473c8e246878,aa942eaa-fb40-4ee4-a6e1-593548ba0dbd,7945126.520535285,7945127.188233141,7945135.998023944,5898,200,0.6676978562027216,8.80979080311954,192
5602983d-f227-4e9e-a3ee-5191d226af54,8f981136-8343-4ee0-8adb-07bae5162d5b,7945126.520552145,7945127.4585460825,7945136.030152331,5955,200,0.9379939371719956,8.571606248617172,192
a213ee7b-8d79-4862-bde2-a4a3a3a36f63,fb6d507d-694c-4402-9d45-f0e30b2ce003,7945131.520185597,7945131.668982169,7945136.331441192,1695,200,0.148796571418643,4.662459023296833,192
bb083e84-3479-4b5a-a2d6-884eace572a0,06bd9fe0-2b10-467b-8ee7-3de10fda9474,7945126.520545099,7945127.265242192,7945136.463737394,6051,200,0.7446970930323005,9.198495201766491,176
6d9b6373-e6c7-4fcc-b4e8-b8b5322d94ca,3ee16a31-eef8-4342-9c4e-7c45a1871994,7945119.520371641,7945120.164373369,7945137.027381451,1437,200,0.6440017279237509,16.863008081912994,192
1699e733-a2aa-4d10-a7b5-b931d6e07da0,ec035cd5-4099-445f-80a6-d885e8148b75,7945120.520130618,7945120.736734076,7945137.087272378,2693,200,0.21660345885902643,16.35053830128163,448
629fde8c-69ee-4e36-928a-410027a5280f,7b2e5dae-5d3e-413e-aa17-79e5e13971cb,7945128.520022787,7945129.140839527,7945137.208634531,5800,200,0.6208167402073741,8.067795003764331,192
d97390a3-d00d-4497-9239-13dde1f278a4,c13d9418-24a3-4ed3-8a2f-34e200890302,7945127.520184583,7945127.624913634,7945137.590123916,1085,200,0.10472905077040195,9.965210282243788,1072
5e446316-80a2-4ea0-8f75-8840e9720174,d1267d78-73ba-48bf-844a-30f28f4bac7c,7945120.520116197,7945121.004476137,7945138.059643749,5847,200,0.48435994051396847,17.055167611688375,176
5df3ff4e-292a-43c0-80d5-997d4964b55c,90dca292-00d5-4d7c-b7ca-be3920741df0,7945128.520012156,7945129.048665795,7945138.107951172,5878,200,0.5286536384373903,9.059285377152264,176
1c45cae9-4649-4985-bb44-153350d071d4,1e4cedf5-0c16-460d-a662-72daaa3cfb4d,7945129.520654172,7945130.259723881,7945138.258664443,5918,200,0.7390697095543146,7.998940561898053,192
b3180706-2b17-4111-ba6c-289feb4a589e,24dcaf79-471d-4093-b6e7-fcecb30f565a,7945121.521187545,7945122.271826019,7945138.916051768,5705,200,0.7506384737789631,16.64422574918717,160
d888b458-1610-4a2a-a421-7e0ecd9aa860,b3f909ce-018e-4430-b0f6-b0dfbcd17eb4,7945121.521204661,7945122.927723055,7945139.111170988,5712,200,1.4065183941274881,16.183447932824492,176
55bba9bd-ad00-4ad4-8dfa-1e0ec64530c5,0bd71f2d-8ff1-4b8b-a899-9b785a451bbb,7945127.520201417,7945127.6797336135,7945139.154773142,1539,200,0.15953219681978226,11.475039528682828,1456
cf674f1e-ff31-4755-b4e7-fe1638cb6a78,16ee1f98-70d1-4f25-b592-1d867d4d1193,7945122.520972442,7945122.959220678,7945139.260416085,4897,200,0.43824823573231697,16.301195407286286,176
bcd59965-caca-4fb5-a8a4-9ec8d7dd3eb9,d3954709-3e90-4162-b807-366fedb25f30,7945130.520183152,7945130.808274718,7945139.270986615,2699,200,0.288091566413641,8.46271189674735,16
ecb6b534-2de0-4420-969e-d9ace7104d89,a0029e44-bbfc-40dd-aa13-4c3bc41def2e,7945132.52046646,7945132.722242027,7945139.282424659,1730,200,0.20177556667476892,6.5601826319471,160
6905ec7f-f656-4490-a3ec-be28f3866915,b1d48415-2679-4cdf-930c-839699995501,7945127.520176832,7945127.945171161,7945139.500173345,3859,200,0.42499432899057865,11.555002184584737,3600
32af13e1-faaf-432f-bb4f-7763e0b3e7f1,8c2d8f7d-60fa-4adc-b7e0-562e4b1056d2,7945127.520197409,7945127.941160243,7945139.496215101,2056,200,0.4209628337994218,11.555054858326912,192
a50b63bf-c342-4685-8031-9a5a4144c06f,6be13090-1fa6-466d-b960-d0765f22b5e4,7945123.520258265,7945124.098037862,7945140.123163707,5928,200,0.5777795976027846,16.0251258444041,160
c399c114-9edf-4441-a5e1-8b5a3cf4641d,9d906d38-5a40-402b-9306-6739e6010f19,7945134.520614801,7945134.60250274,7945140.170768333,693,200,0.08188793901354074,5.568265592679381,192
769bfb76-4817-456c-a383-d7be52bd3666,8aa6063f-9cd1-4748-bc9a-78c44fd7370a,7945134.520611264,7945134.6347272955,7945140.190779243,1951,200,0.11411603167653084,5.5560519471764565,1856
85ce7e49-795d-4f89-ba33-4bcee0549f7f,1944b4a9-25a6-481b-a8a6-9b9e9f4d0c67,7945128.520032827,7945129.039093605,7945140.369875474,5880,200,0.5190607784315944,11.33078186865896,224
b52340a6-912d-4cc9-8377-5b5c702c70b5,4346426a-d1cf-4421-a05c-b8084161d1b8,7945122.520957117,7945124.320656778,7945140.449708258,1110,200,1.799699661321938,16.129051479510963,176
49a8fe82-56b5-4f7d-9966-ee15b251b8cc,a3dab01f-d1d0-4917-85cd-54cb085d56db,7945123.52025448,7945124.923273058,7945140.4771479545,774,200,1.4030185779556632,15.553874896839261,160
35d6dbd1-d720-4a08-9748-7613ff9abc2e,cfcf8ea2-39e8-4b65-a05c-99c6f74fc7ff,7945123.520238468,7945124.926283543,7945140.4805760905,943,200,1.4060450745746493,15.554292547516525,160
cb9627c9-5c8d-4419-9b53-56f785d47ea1,c5eb325e-4501-406f-86a4-ccbdef7dd488,7945124.520591456,7945125.799858865,7945140.553849732,5778,200,1.2792674088850617,14.75399086624384,160
88eeac8d-7447-4d29-a150-cae01a543223,e4dc0ced-f82e-4bf7-a8a7-2b3c0cd1ba02,7945125.519963178,7945126.427699897,7945140.573613773,1631,200,0.9077367195859551,14.14591387566179,176
315917a6-ee55-42da-b026-b9d570d8a878,41ebc82e-eb6d-418f-b73e-022fa300e998,7945125.519974462,7945126.426457777,7945140.573774599,5839,200,0.9064833149313927,14.147316821850836,160
fad5f774-1829-44d2-9232-a2cb2d0970e4,282e0f6f-de8f-4a61-aab6-17114cdd3384,7945133.520948679,7945133.767604214,7945140.717372564,2277,200,0.24665553495287895,6.949768349528313,192
23df132a-9629-43e2-8a50-ede4959015be,dc042378-78ad-458d-b1a6-44be64014146,7945123.520228637,7945124.722769929,7945140.736926142,1390,200,1.2025412917137146,16.01415621303022,160
603a543e-bd7f-4cf1-8d59-e95a5df3d58e,ce509adb-84cd-4828-852b-e10802b976ce,7945129.520662921,7945129.591820376,7945141.039273452,595,200,0.07115745544433594,11.447453076019883,592
c0c7a502-88c4-4d04-b74e-d0b48b719dc4,d200f713-d4e3-48fd-85a8-eb68048a1bd1,7945127.520181156,7945129.216864287,7945141.565245506,5985,200,1.696683131158352,12.348381219431758,176
d2b74541-31dc-4494-a937-3be0451433de,940160ec-0bfb-4ebc-ac97-abf254489499,7945127.520187466,7945129.5417001685,7945141.646857834,6395,200,2.0215127021074295,12.105157665908337,192
f29f5f70-8903-4978-9880-514c8b04cfeb,960d53c2-dc81-4753-bf81-c4f25c1aef1b,7945127.520194432,7945129.981293257,7945141.660920584,5896,200,2.46109882555902,11.679627326317132,224
ec1fa433-5007-482a-aa90-871c90a30cd3,e3db737d-83d5-49ea-8fb1-6b8a17dd5c81,7945135.520211974,7945135.996521751,7945142.253473591,5966,200,0.4763097772374749,6.256951839663088,176
1706004e-fd07-4b81-982e-b5f2f4df16fb,7d83a754-194c-4131-be9f-21b4f40d2af1,7945125.5199685,7945125.997980646,7945142.43735598,5717,200,0.47801214549690485,16.43937533441931,192
577a6e6c-ee12-429c-9ed9-388b3df6b866,30971b06-21cb-430b-9b96-f4da653a673d,7945130.52016996,7945131.116744071,7945142.585243158,5884,200,0.5965741109102964,11.468499086797237,176
5f8739ca-f42e-48e1-96ef-bbedb565d58e,bbea6a5c-8d47-4003-8b31-48aa9eb697ca,7945132.520481755,7945133.093875445,7945142.754486974,6511,200,0.5733936903998256,9.660611528903246,192
2e2c6719-1f94-455d-9aae-07a5910eda38,f77b3e1a-28ab-448e-9c49-1437284550c7,7945137.520228828,7945137.65375933,7945142.955717626,942,200,0.13353050127625465,5.301958296447992,224
ab59667d-dd73-4b23-9592-fbd006354b2b,471160fa-a8fe-4f94-b069-9a59621350cb,7945131.520170098,7945132.019045563,7945143.162670932,5976,200,0.4988754652440548,11.143625368364155,160
334cee10-a490-4889-ac80-22bc799fced6,11125870-5b26-45ea-8fba-47c68888a24c,7945132.520454941,7945133.250397801,7945143.211807788,3134,200,0.7299428600817919,9.961409986950457,224
60ae6581-4927-4557-9b17-732dbc7bbe88,53331c8b-4eec-428f-89e8-96e8338db919,7945132.520473342,7945133.876514023,7945143.234119405,5818,200,1.3560406807810068,9.35760538186878,160
24dc4887-eba8-416c-bc90-604bc67074d6,dc8da506-377a-47db-b74b-fa65c921225f,7945132.520479049,7945134.502742108,7945143.258786061,6029,200,1.9822630593553185,8.75604395288974,192
a53cc7f9-ea4d-47d8-9379-7c274b628a89,47b6f51c-e139-4524-b0ed-2b8a71627474,7945132.520475987,7945134.504918325,7945143.260587344,5777,200,1.9844423374161124,8.755669019185007,160
3b108400-dbf2-4527-b7a8-bd1aa994a2e6,9711cf50-ddc8-4966-85ef-b4c71ee210d4,7945126.520549151,7945127.034100778,7945143.4789441805,5859,200,0.5135516272857785,16.444843402132392,192
ac2c145d-43a6-4843-8024-3153802361c8,5c310efb-bfc5-46d7-97ea-542167b82029,7945136.521820397,7945136.756446367,7945143.700693795,2744,200,0.23462597001343966,6.944247428327799,464
8499d94e-1875-49b7-9236-f974b7286ea2,41d7460a-e0a1-4300-9f40-37670c541e0c,7945136.521823259,7945136.782739235,7945143.720956941,1085,200,0.26091597601771355,6.9382177060469985,992
ebb0406a-593b-4a2a-9287-d01b7ae315c4,795cc20d-671d-410c-bce2-c55dbac8dc37,7945129.520666586,7945131.281186598,7945144.097867614,5957,200,1.7605200121179223,12.816681015305221,192
185c740a-de4d-434d-81c5-d420e7bd1a19,dced35a2-1f71-49ea-a75d-eee733b63868,7945137.520214895,7945137.972117859,7945144.479699497,5784,200,0.4519029641523957,6.507581638172269,176
05d614fd-877e-460d-b02b-8808e5dd38c8,c1b75d15-4b27-406d-967a-f255a4effcdf,7945127.520166592,7945128.019183188,7945144.91691437,5901,200,0.4990165960043669,16.897731182165444,176
ebf3b3ab-ee37-4ff1-af06-9b3e695c5db3,754d16d3-ea57-4edc-91a1-c28db76c5ec2,7945133.5209614,7945134.016061289,7945145.144953063,5789,200,0.4950998891144991,11.1288917735219,160
8e32f622-30fb-4138-9493-23d381cb4a25,6438b31e-b086-495f-8c72-0c6603de3583,7945139.520218501,7945139.638680435,7945145.203370068,764,200,0.11846193391829729,5.564689633436501,752
176d86b6-af51-462f-850c-5945ed3da425,c0dbd0bd-4010-4779-815e-795e06cc171a,7945131.520188859,7945131.596945309,7945145.933528998,4952,200,0.07675645034760237,14.336583688855171,4944
9d2c8a87-39e1-47ff-9f6d-47b1ccbe1cab,42303959-8373-4fb5-b881-e39d2351d467,7945132.520470128,7945132.863644247,7945146.296396501,3539,200,0.34317411854863167,13.432752254419029,192
aafb44bb-26ac-45e1-a097-ee8f05c4bd98,90459a3b-3485-49f1-9ff4-20b06e66b7dc,7945133.520958054,7945134.748200799,7945146.377909733,5834,200,1.2272427454590797,11.629708933643997,160
928feeb6-be0c-47b4-a0d3-1a54b69575f2,af58fe18-5abf-4a30-a78b-73561c06d4f2,7945135.520222503,7945136.559277936,7945146.452943331,2371,200,1.0390554331243038,9.893665394745767,288
ae4770d3-b7b3-4040-921b-1205ce072f35,f4aff892-842b-4e98-af4c-cfd1deacf96e,7945135.520219183,7945136.5620146375,7945146.456596368,2189,200,1.0417954549193382,9.894581730477512,416
9d3ccd4c-0748-425c-be10-538a7b350bc0,e0f89448-f876-416b-8010-7e072a728504,7945135.520201985,7945136.008156372,7945146.473105971,5876,200,0.4879543874412775,10.464949598535895,160
544020d9-9d74-415b-a22d-a1bda312b661,fa60773d-c882-463b-8316-07d4c895e992,7945135.520215678,7945136.636261825,7945146.500406584,5958,200,1.1160461474210024,9.864144758321345,208
3038683d-e64f-4411-a567-35f5a65672f9,b4c5b65e-b0b2-4149-a9a2-a49a11473845,7945136.521817158,7945137.065371999,7945146.550307851,5820,200,0.5435548406094313,9.484935852698982,176
f3e54047-7728-444a-98d3-19fef7bcb318,00960d8d-92b2-47dd-a410-ce898eaf23c2,7945128.520026711,7945130.055377094,7945146.963031743,5874,200,1.535350383259356,16.907654648646712,176
55ac6732-225a-462e-8490-6470ef26952b,9b9edbc7-220b-4ac4-815e-b9209e973b09,7945136.521809762,7945137.396762097,7945147.283830023,4664,200,0.8749523349106312,9.887067926116288,192
f2b89db0-21a9-43df-ae59-a3d99712fcf1,6205a7d7-30c6-4588-aae4-93bd8a23b6d5,7945139.520236415,7945140.54744095,7945147.294014383,2867,200,1.027204534970224,6.746573433279991,160
9d18edb0-8e1b-4f74-9ef9-6111ad56269f,d2e35e05-d494-455b-8b64-3602cd992e55,7945138.519980165,7945138.613709135,7945147.633120305,595,200,0.09372896980494261,9.019411169923842,176
7e9c01bb-211f-4b63-9c49-aec3cc181c57,6769e696-2581-4f98-b1bd-a92e8911c925,7945138.519983547,7945139.047582665,7945147.776763612,5970,200,0.5275991186499596,8.729180946946144,176
75d7b749-b0fd-4d14-9123-0a44b38a3e10,240c36b4-8f22-4cfd-bfbb-90147dc774e6,7945129.520635354,7945131.1071377415,7945148.030898926,5820,200,1.586502387188375,16.923761184327304,176
6a1e5a29-78cd-4474-a97f-e0e38b81380a,33ea6c12-64ad-418c-9fdf-8678e88b1bad,7945141.520229617,7945142.224230099,7945148.124854402,5976,200,0.7040004814043641,5.900624303147197,160
d8f7312b-1766-468b-aa1d-456b45b4e595,afe6f909-f768-4fd6-b7ba-ab195b5c9b8e,7945139.520229283,7945139.843311259,7945148.336465077,2778,200,0.3230819758027792,8.49315381795168,192
68fd9245-75ce-451f-acd8-13f1e55c3e70,f20a741c-0fb3-4811-91f0-bee136177ca3,7945139.520226101,7945140.760903886,7945148.382140879,5799,200,1.2406777841970325,7.621236992999911,224
363f00c1-45b3-4cd7-867e-62284fd8b781,a97b3419-50d1-4d99-ba18-6269343a8188,7945141.520209284,7945141.938496928,7945148.950024438,4137,200,0.4182876441627741,7.011527510359883,160
df6fca0e-04fc-4b39-9cc0-a7c63701b568,87203db3-07a9-41c9-8809-fcaafbca8a36,7945130.520179786,7945132.390909536,7945149.301609828,5850,200,1.8707297500222921,16.91070029232651,384
9bdf0f3d-a529-4af8-8f30-b165dad7c696,196b3ba3-fa8c-4255-8678-43251bc0da68,7945133.520964248,7945135.242237091,7945149.383099264,2029,200,1.7212728429585695,14.14086217340082,160
5e2743a6-d8d4-43ef-855d-cf1f295ac3b0,ed4008e7-8fb2-4c86-98dd-bbd7d9a96ecf,7945131.520181617,7945135.244329024,7945149.385657731,5971,200,3.724147407338023,14.14132870733738,176
f6cd96f8-ab74-4175-aeb4-483483982ea9,623901f7-e6f9-48bd-828b-b5728990d3b2,7945134.520601959,7945135.689776769,7945149.413790519,2570,200,1.1691748099401593,13.724013750441372,192
f7d0f022-e660-4fe6-a7de-cddba6c528b8,ccd8f2c3-44d3-41c4-91db-1ba4dc5f9701,7945134.520617861,7945136.209705245,7945149.498689285,2367,200,1.6890873834490776,13.288984039798379,192
6bf6aa63-4fff-4864-a4a6-22b05276e85e,4681109f-b6ac-4c2e-b51b-95fbb0ccf6fc,7945142.520825283,7945142.941676379,7945149.680010084,5228,200,0.42085109651088715,6.73833370488137,160
1eb894a7-120d-4fdf-9858-a691c2aacd85,6fb86cb0-b646-4ecd-8730-d6ed365d30a3,7945130.520185383,7945133.030384359,7945149.848312196,5869,200,2.5101989759132266,16.817927837371826,160
babd2290-fd6b-43f6-81c4-15b5b136ae28,4ea323b6-3ea0-43fc-b190-c775d192ad29,7945143.520130288,7945143.62522734,7945149.894773329,649,200,0.10509705170989037,6.269545989111066,160
e74b980b-9840-463e-918e-a16c86b87656,3bdbe03e-f2c9-476d-be78-5845bc3d6cf8,7945143.520145689,7945143.99666591,7945149.91137508,4919,200,0.4765202207490802,5.914709170348942,192
c84c7f04-50eb-4247-8fed-854e7f52bafb,4008439a-7054-4643-abe9-8e6901c83b3f,7945143.52012084,7945143.669710716,7945149.994097509,594,200,0.14958987664431334,6.324386793188751,16
20ddf8ed-1a15-4465-9cbf-07afd069cd39,a59afcff-3049-48a3-b277-5a727d2c27e6,7945143.520136693,7945143.956010038,7945150.207220861,3499,200,0.4358733454719186,6.251210822723806,192
447ce998-e0a5-4ec5-ab88-176a9338ce7e,4df870a1-f984-48dc-93fb-96ee01475d6f,7945141.520196831,7945142.650169795,7945150.2126137875,4793,200,1.1299729645252228,7.562443992123008,192
949b4847-0d45-40ff-809d-df90a86a13fa,50844e5e-9277-49cc-b561-36669f0ad23e,7945141.520184838,7945142.65014356,7945150.214767803,3714,200,1.1299587218090892,7.564624243415892,192
db2b20e3-47d9-46c3-b4ac-74c66104884c,0936669e-5c64-4f1d-ada6-04ce9a565d14,7945144.520142299,7945145.0218409635,7945150.392177641,2594,200,0.5016986643895507,5.370336677879095,16
1acb9a44-05f4-4965-8d5d-7fa758076159,27e00e2e-21f7-46b8-8008-d0a46fedbeee,7945144.520114613,7945144.656813039,7945150.865302233,852,200,0.13669842667877674,6.208489193581045,288
0ffde9a7-1328-467e-8e30-bb6abf5dda25,ebb1ca76-edc7-4fc1-baf1-d741d0a23195,7945133.520967488,7945134.91912017,7945151.32874671,5876,200,1.3981526819989085,16.40962653979659,176
b8690aec-2506-4567-99ae-d00a327050c5,1434280e-db6a-489c-bee3-dabaf81a8a75,7945143.520140449,7945143.783629858,7945151.626952909,2436,200,0.26348940934985876,7.843323050998151,192
e5f8a5da-b325-465c-b10e-c39fc22728a2,13c19d21-f311-4a3a-97bb-1e152f24a81d,7945139.520222505,7945141.3467371,7945151.658258407,6817,200,1.8265145951882005,10.311521307565272,192
9bc89947-949c-45e5-91e7-73f35df7d899,25764557-8d50-4bc3-8d58-ccb7ee44ac5a,7945140.520035147,7945141.6838214025,7945151.689279702,2529,200,1.1637862557545304,10.005458299070597,224
72626a53-0b74-45b0-8714-81db349108f3,a2d50e13-b70d-4fc7-ae7b-c9da9cadaf6a,7945139.520240056,7945141.676551194,7945151.6842929805,5677,200,2.156311137601733,10.007741786539555,224
73a807f3-1619-494a-bfc6-027ccba495d8,f3a3a146-a735-459e-af58-d3d7626b4a21,7945141.520201197,7945142.294263421,7945151.708427974,5709,200,0.7740622237324715,9.414164553396404,192
344288d1-691e-4e8d-9312-f9443ccf0443,f93cf9d2-38b2-470c-ab49-c0cef71be9fc,7945141.520212725,7945142.925887236,7945151.730050484,4903,200,1.4056745115667582,8.804163247346878,176
93c2ae42-d114-4d75-9c58-98200eec9446,fc03dbf1-0de7-4854-9fc3-dbbc06937d77,7945141.520226171,7945142.923673251,7945151.729661814,5870,200,1.4034470794722438,8.805988563224673,224
476c561a-e8f7-4aaf-8f0e-d5502f0f757b,977ac36b-bb7b-4aac-bf3e-938831af0d6d,7945144.520135189,7945145.084899008,7945151.7741057025,5961,200,0.5647638188675046,6.689206694252789,0
9eef1d5c-a675-42da-b69d-d7ff4d249b89,5ca8a6ad-a355-4018-902b-ec2a13ffca11,7945136.521814022,7945137.646431971,7945152.07579664,5832,200,1.124617949128151,14.42936466820538,224
87b4f50f-eaa6-4488-9f31-178609d327d2,0bd71f2d-8ff1-4b8b-a899-9b785a451bbb,7945144.520131667,7945144.695592181,7945152.406743371,1533,200,0.17546051368117332,7.7111511901021,1488
64e0e381-9061-46de-8789-79056227e9cb,bae42ab0-315a-422a-8e89-6a7cf4b10773,7945136.521798635,7945138.480663259,7945152.48975315,5912,200,1.9588646236807108,14.009089891798794,160
d2b8f1b4-7821-4643-b103-5dbf240a6ab3,0de88066-b060-43c4-86e8-92b4ba42d652,7945145.520593428,7945145.656795907,7945153.060476142,875,200,0.1362024787813425,7.403680235147476,192
a72a9b13-2d7b-45aa-9a50-4342185c79b3,034fada1-6ff3-494e-9df1-8d72fa54e215,7945145.520611483,7945145.901225227,7945153.078891461,2990,200,0.3806137442588806,7.177666233852506,160
d4e931d7-0071-4923-9de7-edb046b24e68,c7982c70-c5d4-4b9d-9f05-ceacbb6c0ad6,7945138.519986615,7945139.110416312,7945153.292666643,2246,200,0.5904296971857548,14.182250331155956,192
3acbce74-7b0d-45b6-9bae-acf196484d67,1bc73e7d-6b0e-4755-ade4-f801a54d64d7,7945149.520163545,7945150.105016913,7945153.602431717,1378,200,0.5848533678799868,3.4974148040637374,176
b0bc4f06-b1ee-4ad4-8e2d-ea84e6dd2942,89feb0ae-9362-4a5b-a776-195dcb115949,7945149.520161026,7945150.006814094,7945153.604323996,5862,200,0.4866530681028962,3.597509901970625,160
a16e0688-0f9c-4daa-8889-cf73e5c45d90,1628d450-3fc3-4b73-9923-fce01e9f48ee,7945139.520233001,7945140.218191957,7945153.629729986,3676,200,0.6979589564725757,13.41153802908957,192
76210e50-c13c-49a6-a622-0732efe8dce0,c0dbd0bd-4010-4779-815e-795e06cc171a,7945146.520324768,7945146.623471737,7945153.668693876,4952,200,0.10314696934074163,7.0452221389859915,4944
beefc2a9-1dce-4268-82a1-0d496b465b4b,7b2e5dae-5d3e-413e-aa17-79e5e13971cb,7945147.52002998,7945147.890056555,7945153.669635681,5800,200,0.37002657540142536,5.779579126276076,5792
42f0eb4e-9083-474b-990a-4c50e82082c8,5b395a28-37db-4f2f-9699-dc343bce8a3b,7945146.520347828,7945146.700616673,7945153.917290048,1524,200,0.18026884458959103,7.216673375107348,176
c23f0af7-238a-4d31-b21a-98dd04ef6905,4ed73052-44e1-40c2-9767-c1fdeb96c4c1,7945146.520340655,7945147.304038575,7945153.941828974,5861,200,0.7836979199200869,6.637790398672223,224
1663ba17-ebbe-479c-95d0-465af48f976e,aeb913ad-d459-4fbd-906a-cf6ac2bb3fd1,7945147.5200486,7945147.845214575,7945153.981840447,5661,200,0.32516597490757704,6.136625871993601,5648
0c13924e-e1f6-4271-833c-93bd5168bb79,ee855e58-40b7-4582-8d97-9ecf0170c5b2,7945147.520041483,7945147.8469577115,7945153.985458172,1044,200,0.3269162280485034,6.138500460423529,160
997e3785-4034-4398-b9a1-a48a1bfd1f91,231beffe-da58-4516-af27-1182589624ee,7945146.520337667,7945147.04493433,7945154.073724105,5138,200,0.524596662260592,7.028789775446057,192
29f0d4db-2edb-4e7d-82bf-4043d4b0ef71,ce509adb-84cd-4828-852b-e10802b976ce,7945146.520333956,7945146.611720069,7945154.355044716,595,200,0.0913861133158207,7.743324646726251,592
eba9723a-71ea-4871-bc99-dac6badab994,cc69a023-c1c3-4dcc-9d6f-d347a10e1419,7945148.520126629,7945149.037623152,7945155.352786488,4592,200,0.5174965234473348,6.315163335762918,176
75129f1f-57b1-4351-8ba6-a12177a167b6,6cafcfd1-e154-4074-aed9-9d3b56fe9e3e,7945147.520034222,7945148.14826076,7945156.023852153,5915,200,0.6282265381887555,7.8755913926288486,160
b6e982f9-ba37-4557-81a6-48570ea88656,881cd439-cd62-4d96-be83-b9b80c159776,7945147.520037982,7945148.148637115,7945156.024063506,1617,200,0.6285991333425045,7.8754263911396265,176
cabe79be-1f27-47ce-bbae-480ede48dd4c,f4aff892-842b-4e98-af4c-cfd1deacf96e,7945147.520019394,7945148.281090603,7945156.0462013045,2183,200,0.7610712088644505,7.7651107013225555,416
09cfd92f-ff78-4e3a-bc8b-f5cec1728d32,44838094-3154-4ad0-aad1-71143ecb6bab,7945137.520225529,7945141.381475486,7945156.2332663,5884,200,3.8612499572336674,14.851790813729167,192
f77d3bdc-579e-47fd-8449-54a268d10cbb,e5488a62-a6e0-4b98-a167-55ef476697ef,7945138.519969072,7945141.383054035,7945156.235652089,1577,200,2.863084962591529,14.852598054334521,192
7d3a4a0d-c7b4-4816-9d15-eede364c24ec,d1a58fee-2699-4cde-8dec-5a26bda64889,7945139.520208872,7945142.808466938,7945157.590136537,3583,200,3.2882580664008856,14.78166959900409,192
5edabeed-90e9-45d6-87ce-d7b177a5b399,b7660a54-c8d6-4417-beda-becfd4ccc9ca,7945147.52004547,7945148.039976211,7945157.592689678,5932,200,0.5199307408183813,9.5527134668082,160
e0d4310f-0e80-49a0-beaa-0d167a585fb3,01bf6cef-c97b-4d6f-8ae2-8102bf0f9a79,7945148.520139314,7945149.7970156865,7945157.660110889,5807,200,1.2768763722851872,7.863095202483237,224
34fb39bd-e6b0-46af-b6df-5dd1df08f569,9f4a967c-69d5-46cb-a48b-7028ac8a0984,7945148.520141665,7945149.947858823,7945157.687244077,4804,200,1.4277171585708857,7.739385253749788,176
85a362f3-344a-480e-8c70-bbc7979f70e9,dff993b8-19dc-45b2-9b6f-11b92241e9b2,7945141.520222323,7945141.7939093895,7945158.04806278,1558,200,0.2736870665103197,16.254153390415013,192
bde164a6-6a2f-410c-ace6-026d70fa6f78,41705093-4c8c-4a90-99d2-ad3181aceb70,7945140.520044606,7945143.918133958,7945158.485213843,5701,200,3.3980893520638347,14.567079884931445,192
1565a5ba-8e91-4951-8bda-47653a08a1ea,dec5032f-5640-4adb-8120-132fbe0e8a7b,7945141.520216346,7945145.968746675,7945158.95461198,2373,200,4.44853032939136,12.985865305177867,16
d63f05e7-ea21-41f6-8fd9-ed9960f8dad2,0510668b-2e39-4521-abbf-68606b666ffd,7945141.5202053,7945145.972114398,7945158.958383743,3214,200,4.451909097842872,12.986269344575703,192
edbe5126-d105-403a-96ba-74b49d9cb7c2,e252c7b2-268a-46f8-9aef-034d91473c0c,7945142.520841732,7945143.008832066,7945159.025430107,5978,200,0.4879903346300125,16.016598040238023,160
b707a1b7-7a42-4f2a-a513-2435484a833c,ff721aff-e43e-491c-a1bd-376484481958,7945150.520542324,7945151.05772147,7945159.37656235,5961,200,0.5371791459619999,8.31884088087827,224
c8440267-2c52-41b3-bd5f-9fea8a9167d4,f5b97146-dcd1-49f1-afff-ca5345e46e8b,7945143.520143031,7945144.035082832,7945159.975778948,5973,200,0.5149398008361459,15.940696115605533,160
61b08350-d1e4-4bbe-b5b2-6dfc28276690,6a9253a7-800b-4ea9-8be4-0958a68fd34d,7945150.520524503,7945150.843336057,7945160.190187769,3123,200,0.3228115541860461,9.346851712092757,192
2f5105ea-76ac-42ba-85bd-8def016f1684,3e6c5d34-1386-4cd8-9374-9aa3862b99fd,7945143.52013353,7945147.419338759,7945160.421582455,3019,200,3.8992052292451262,13.002243695780635,192
45e67bbb-7d7c-4e24-afca-1157289d43f8,5c06298c-86e7-48f5-99ec-f360b1699941,7945151.520463632,7945151.880862501,7945161.07417088,4518,200,0.3603988690301776,9.193308378569782,224
3073e47e-bbfb-4895-a5ce-6eb235dc152e,43457d7f-b6c5-459b-ad04-d0f5e27a0f7c,7945150.520534805,7945151.328959061,7945161.220714285,2230,200,0.808424255810678,9.891755224205554,16
9cd27089-e789-4cca-94a0-6caca321361b,f67702ed-ffe8-4f1f-b79c-d71f9ba12c4f,7945150.520549321,7945151.326551695,7945161.218781501,1535,200,0.8060023747384548,9.892229805700481,160
2933b427-2deb-4b52-b6f1-9f032d02bde6,2cba0280-e9ce-4e04-935e-d0af6820ee0e,7945144.520128584,7945145.039651686,7945161.241190164,5714,200,0.5195231027901173,16.201538478024304,176
89e1d3a1-0cb9-4b4b-b1ad-7f7ebb324dbf,a941116a-c518-4f7b-bc3c-311e10bec57b,7945151.520454352,7945151.686132356,7945161.438010969,1179,200,0.16567800380289555,9.751878613606095,176
47767098-f7cf-46b3-bda6-639a4b45e762,6438b31e-b086-495f-8c72-0c6603de3583,7945152.52009817,7945152.614568951,7945161.508544129,764,200,0.0944707803428173,8.893975178711116,752
d6e90c53-8a8d-4d76-829b-f8ae99911eb5,170812a6-cb38-4169-bec1-bbe2e86c6001,7945144.52012485,7945145.667388982,7945161.515670989,1707,200,1.1472641322761774,15.848282006569207,256
4c43aa06-81f7-4724-96e1-71a26709b6c6,b8da1dd5-81ed-4005-bc7f-80a71f22ed71,7945144.52013877,7945146.28499384,7945161.908284767,5090,200,1.76485507003963,15.623290926218033,176
c4a172c7-d497-4cd0-b6f4-3d63b87c9669,04c151c1-ee98-4835-b8ba-1681eccdd922,7945154.520829607,7945155.222243083,7945162.5223640455,6380,200,0.701413475908339,7.300120962783694,192
25d1aaec-89bc-4cb3-94ad-e1e269edf478,f2c8fa8a-6fa2-439d-8757-8199060b169a,7945145.520604953,7945146.905993907,7945162.572732525,4974,200,1.3853889536112547,15.666738618165255,176
03984e0a-c366-4cc1-9252-a02e8816e990,0a9c1717-d9cc-43d7-bcbd-2fe1a4ccd8c2,7945148.520135926,7945149.701246252,7945162.641931612,2932,200,1.1811103262007236,12.940685359761119,224
c7e0c082-a029-45dc-8750-7dc1424ab04f,e232fd4f-1b09-4f75-9370-41eb0f33f527,7945153.520245434,7945153.903591773,7945162.986727556,3216,200,0.38334633875638247,9.083135783672333,160
e19dc1ca-4e3c-43a3-b230-6104d43cd730,a0029e44-bbfc-40dd-aa13-4c3bc41def2e,7945152.52008259,7945153.03366832,7945163.0977648655,1733,200,0.5135857295244932,10.064096545800567,1712
16f0ef4d-6d96-4fb9-9760-21a387b8bbb9,e0cfc694-73d4-4603-9a29-1bdf768266fa,7945145.520608709,7945147.036882386,7945163.174385329,2182,200,1.516273676417768,16.1375029431656,160
4b36b382-ef6c-4f6d-98a3-efbffde8fe51,cefc6823-5ff4-4638-94ce-6bc5efae4bb7,7945145.520614957,7945147.035912016,7945163.17366465,357,200,1.515297058969736,16.137752633541822,176
2c52a2c0-6635-4588-8f40-f230d330cf1b,2040b71f-50f7-495d-b101-08f2fb392415,7945155.520640144,7945155.656834578,7945163.311014688,1062,200,0.13619443401694298,7.654180109500885,192
87a88cd9-5ac3-4faa-9bd1-cd5c6f2cd6bc,d3954709-3e90-4162-b807-366fedb25f30,7945154.520816396,7945154.683585181,7945163.377044375,2760,200,0.16276878491044044,8.693459194153547,2672
6fcc0e18-c95b-4b35-b644-f181c99215e5,57ff1918-00a6-4f1f-abf1-71b1dec34e08,7945154.520846011,7945154.851409772,7945163.395179808,2352,200,0.3305637612938881,8.543770035728812,0
8e09e2ae-9486-40e8-b76a-82e8f1061aea,1944b4a9-25a6-481b-a8a6-9b9e9f4d0c67,7945153.520249091,7945154.130414372,7945163.485968203,5880,200,0.6101652812212706,9.355553830973804,224
03cc870e-0a4f-4f0d-835d-26d778aa3062,060f2ac7-a6fe-475c-862b-44d01526e2fe,7945149.520147019,7945150.123089589,7945163.66772844,2894,200,0.6029425701126456,13.544638850726187,160
5c260857-ffa8-49e5-9f85-081032a9b9f0,ef9a6926-cbbd-4236-a031-a34675858e8f,7945150.520538411,7945151.073507116,7945164.2261806065,1563,200,0.552968705072999,13.152673490345478,224
9036c4b0-7a57-471d-b114-efbdfb2cb33e,fba72a56-cd36-4731-8af1-a04f79c5aabf,7945153.520221347,7945154.351653586,7945164.245347697,2951,200,0.8314322391524911,9.893694111146033,192
2e87d3f9-d3b4-446a-adf4-6cb70b104c25,f9c92a82-99c7-477b-95d5-3aed03818705,7945150.520555944,7945151.352785056,7945164.24903892,3500,200,0.8322291122749448,12.896253863349557,176
4fcca745-98aa-4365-8377-9715c9b64b93,0bf31ffa-4595-4d11-950e-5ea31165867e,7945154.520823691,7945155.719025435,7945164.418202472,5659,200,1.1982017438858747,8.699177036993206,192
7a5f0636-dcff-4e93-aa6e-a1335f35f688,de528272-6a53-45f6-8d5a-5a4c5661786f,7945154.520839698,7945155.715697392,7945164.416962747,746,200,1.194857694208622,8.701265355572104,176
13beea33-f212-45e9-92f2-f24368a8d202,7acfafc2-e8ac-45d6-9ad0-664cb87e4a6f,7945155.520664395,7945155.912178333,7945164.4413490705,700,200,0.39151393808424473,8.529170737601817,224
d05f82a8-8dbb-469f-b2cf-304e615f2174,12660cf2-26fe-4c78-a8b3-e603c06b965a,7945155.520651707,7945156.014641622,7945164.536767273,5723,200,0.4939899146556854,8.52212565112859,160
399d6918-7e26-4c26-8aa3-f108503c22f9,f271ebe9-b215-4499-a991-8ff24c4302bb,7945158.520904883,7945158.883164368,7945165.967428887,3600,200,0.36225948482751846,7.084264519624412,176
6f52f249-9760-4daa-9bec-360b12911135,2df7a811-23ae-45a7-8f94-32c9fac9f9be,7945158.520919644,7945159.495765469,7945165.98598963,5747,200,0.9748458247631788,6.490224161185324,192
eb947698-a358-497c-acf5-ad76a31d7d7a,14141ec7-cddf-437f-8727-cf3bc4ae468c,7945159.520209054,7945160.080237422,7945166.02874998,969,200,0.5600283676758409,5.9485125578939915,176
6e1e1b0e-d41f-46e2-b7c1-9257d99a1588,55e477b8-0dcf-4b42-89d3-65961d992b09,7945159.520199714,7945160.081885052,7945166.030199735,2708,200,0.5616853376850486,5.948314683511853,160
03e31d65-b3da-453b-a3df-528da7b8ead0,6aa47392-d059-41e1-b0df-daff049d420c,7945149.520158006,7945150.059859999,7945166.06382072,6085,200,0.5397019935771823,16.00396072026342,176
146fe0f1-933b-42c8-a131-6725ce5c6720,50b135ba-662a-4b3d-90f5-c92d2b289617,7945154.520806789,7945155.11907526,7945166.1911999285,5891,200,0.5982684707269073,11.07212466839701,176
88cbe706-b4cb-44a8-b38d-c42459ed0046,b1d48415-2679-4cdf-930c-839699995501,7945154.520832712,7945155.725491672,7945166.213090139,4032,200,1.20465895999223,10.487598467618227,176
f788c576-58a8-439d-b129-8a42825c1d05,41d7460a-e0a1-4300-9f40-37670c541e0c,7945157.520685782,7945158.0519659985,7945166.484816064,1140,200,0.5312802167609334,8.432850065641105,1056
22fb43bb-4687-4bcc-9f22-3add652aba1b,cda35d87-8607-4ef3-a3a2-df474f3cb394,7945157.520666882,7945158.676387322,7945166.510307892,5793,200,1.1557204397395253,7.833920570090413,160
f0747902-1b91-4939-8eec-6f95f3cfdf37,6ee396d8-db4c-4684-88ab-113b143832cd,7945158.520912474,7945159.105093804,7945166.548218644,5688,200,0.5841813301667571,7.443124840036035,160
ca7228f7-5621-4448-b7d0-c6ac0ded6b72,dfb6999a-5970-43d8-adde-422602a87d73,7945157.52067129,7945159.101692839,7945166.5450532045,2793,200,1.5810215482488275,7.443360365927219,192
6b13573c-f1c8-4274-84f9-26fd1f90b8e1,20a3f959-78cc-46c6-8962-31e21ecd5c4e,7945149.520155116,7945150.19428225,7945166.677358379,1579,200,0.6741271335631609,16.483076129108667,192
0990aa6b-8955-4590-9efc-22129c8ad602,103ef819-f19e-40e3-afdd-3c194e788d50,7945150.520552861,7945151.245548022,7945167.1462949775,5836,200,0.7249951614066958,15.900746955536306,176
d335c0f1-6c9f-4649-9329-bfa7a0f2934d,24dcaf79-471d-4093-b6e7-fcecb30f565a,7945150.520545912,7945151.557819924,7945167.762647703,5874,200,1.0372740123420954,16.204827778972685,160
dba0e274-0fdb-471b-8f64-6f702ee2e437,8b3b7df3-f53b-4397-b9ae-1bd08411c732,7945157.520679111,7945159.769244102,7945167.859427924,5843,200,2.248564991168678,8.09018382243812,464
bc612628-7731-477f-9dbb-bdc739970e34,76c6a94a-5b1b-4124-a8c1-7b783e5beb5f,7945159.520216872,7945160.213678357,7945167.885022098,5987,200,0.6934614852070808,7.671343741007149,176
0272cd73-e7f0-4a5c-8a2f-06d378c06fd2,d83a09fe-8706-41f6-9b86-8130d5bfad9b,7945157.520652518,7945158.277577574,7945168.030717538,6498,200,0.7569250566884875,9.753139963373542,224
012f9b3c-1daa-4e4e-b64b-f7802349807c,471160fa-a8fe-4f94-b069-9a59621350cb,7945157.520675285,7945158.622468364,7945168.052172265,5976,200,1.101793079636991,9.429703900590539,160
2dd75ab6-845c-446b-909a-9f60241631e9,ee9e1858-e571-4719-b3f0-483ca80cbcdc,7945158.520908967,7945159.225240076,7945168.080582805,366,200,0.7043311093002558,8.855342729017138,160
953b2019-ea0d-4b3a-9ffd-2016c28f64de,993f48a3-6585-47a7-a1f8-bce99e9c742b,7945158.520894973,7945159.226563372,7945168.0843563685,2297,200,0.7056683991104364,8.857792996801436,16
010538c4-372b-408b-83a2-fd18d532b510,8037e110-1d44-4477-8e06-0223eba390eb,7945158.520916273,7945159.2494352525,7945168.105456601,5857,200,0.7285189796239138,8.856021348387003,160
0e531932-575e-4ee5-a907-de13bdccc4e9,5ef28ed9-d9ba-4069-8337-a1edc2905941,7945161.520459405,7945162.048645435,7945168.1382687455,5853,200,0.5281860297545791,6.089623310603201,224
cffd4910-504f-4aef-9008-203671b4ac86,30f216f0-4832-49c5-916a-f648b0267209,7945161.520486405,7945162.339301581,7945168.146347928,4219,200,0.8188151754438877,5.807046347297728,176
6fe28107-b3bc-42e6-a47d-96342fa161b1,6052704c-60c2-46b7-b067-f7d04009c56d,7945156.520217866,7945157.185982603,7945168.507229828,3864,200,0.6657647369429469,11.321247225627303,192
a9d16d4d-6add-448f-9396-444fbadc9ec3,16ee1f98-70d1-4f25-b592-1d867d4d1193,7945156.520221188,7945157.5065808045,7945168.544166378,4897,200,0.986359616741538,11.037585573270917,176
83e3a16d-3cec-44e1-95e9-a1f6e516e5ca,8201882b-3c83-4a5b-b140-7a5572375d5a,7945152.520108416,7945153.018942056,7945168.933491627,4216,200,0.4988336404785514,15.914549570530653,160
52405f27-a423-4cd2-9070-85351687754e,50a6fd55-dd24-4441-9105-8785b6a488a7,7945152.520112362,7945153.017579499,7945168.935045715,1793,200,0.4974671369418502,15.91746621672064,160
d0f19381-e304-453c-86c9-f671b78b01b6,5c310efb-bfc5-46d7-97ea-542167b82029,7945160.520422031,7945160.754882302,7945168.996623376,2756,200,0.23446027096360922,8.241741074249148,288
51e0efe7-4bb0-4873-8607-81c05fe0bc69,ea0112a1-5acd-4249-9207-038c80625b12,7945160.520418043,7945161.366566627,7945169.0200262135,5937,200,0.8461485840380192,7.653459586203098,176
51e4f32e-9049-4c0c-9ad2-817283187c0e,aa942eaa-fb40-4ee4-a6e1-593548ba0dbd,7945161.520478498,7945162.075588046,7945169.078084271,5925,200,0.5551095474511385,7.002496225759387,192
4e1c9a42-cb99-4b96-a490-68952b17a3e3,0bd6b9e7-3058-4c9b-85ea-14af508634a2,7945152.520093977,7945153.260014461,7945169.457421187,5932,200,0.7399204839020967,16.19740672595799,192
0cea40c2-d740-4db2-bdeb-83468ccf22ac,fda1a843-8c94-4359-a21c-7bd6444db827,7945152.520104764,7945153.259663915,7945169.459665902,837,200,0.7395591512322426,16.200001986697316,176
c74a7fd7-f1a1-4d12-aa96-2607bd5962ba,39f0db0a-82e8-429d-aa53-89c2802d7dac,7945152.520101521,7945153.260371944,7945169.46082414,1097,200,0.7402704227715731,16.20045219641179,224
c33bf919-cb37-406d-84f5-ba15fb5d4557,35c9b5dc-29e8-498f-9ad8-87fe22f17021,7945158.520926495,7945158.951739451,7945169.50576604,2794,200,0.4308129558339715,10.55402658879757,176
1d03d9c6-e504-4a7b-aa0a-0736d7427f3e,20a3f730-0a4f-46a2-b2a5-1a67647b8fbe,7945153.520242091,7945154.074306838,7945170.073602658,5867,200,0.5540647469460964,15.999295819550753,192
e74836f4-1679-4d7a-adfd-c5799dcec103,f3344a2f-1e15-4802-8ccb-49fecc4a1511,7945153.520232182,7945153.740646074,7945170.4514443595,1692,200,0.22041389159858227,16.710798285901546,192
a1196ed6-a99c-4c45-a362-bfe6de7e1d09,e5488a62-a6e0-4b98-a167-55ef476697ef,7945159.520220943,7945159.608881399,7945170.684922855,1565,200,0.08866045624017715,11.076041456311941,1536
23043eb1-437b-4f3b-bb8b-81a4b9273e8c,ed0ec45f-0834-450d-974e-6c8a7ef11d0e,7945153.520239131,7945154.340924739,7945170.694115546,1293,200,0.8206856083124876,16.35319080669433,160
565220c6-7af9-4752-870b-eb22a533ebc3,e0318768-b6e5-4e1f-8f7c-25bc990bff07,7945153.520235931,7945154.381507094,7945171.233230979,1671,200,0.8612711634486914,16.851723885163665,192
65ad22c2-7d08-42b2-b59e-a90aa1afc8ea,d2d5bd84-b3bd-4a48-8157-0a1a9475ba55,7945154.520820641,7945155.053865299,7945171.423427491,2621,200,0.5330446576699615,16.369562192820013,160
25283433-eae6-484d-ae44-f8f915fd0f5b,5761bb36-4436-4d2d-b483-82492b5b7782,7945164.520565509,7945165.302967969,7945171.5605173865,2518,200,0.782402460463345,6.257549417205155,192
0d68ca68-6765-4308-bab4-25056c852019,d0030985-3721-47a2-be3f-a716ff7779ef,7945164.520585241,7945165.689796057,7945171.580586974,4205,200,1.1692108158022165,5.890790916979313,224
28ddc668-b223-452d-9e8c-2d955bc2bbc0,27aea9bb-42b0-4624-b82e-d63b45d8bfc5,7945164.520570919,7945165.695432039,7945171.584617398,674,200,1.1748611200600863,5.889185358770192,192
5c4d44eb-5a1d-4a80-9fe4-a072ef341f30,684c786a-badc-48de-b322-c0adb845e0af,7945154.520836602,7945155.119469249,7945171.627056423,1680,200,0.5986326467245817,16.507587173953652,192
947d768d-1bfa-4635-8ef9-34a8a3b5184e,c8b7ff65-cf0d-44ff-991e-2b8fd4458b22,7945154.520826592,7945155.122601903,7945171.629888662,4790,200,0.6017753109335899,16.507286759093404,176
554991cd-df4c-4bc1-b7f3-45697b030628,0936669e-5c64-4f1d-ada6-04ce9a565d14,7945166.520337034,7945166.954532753,7945172.193363092,2583,200,0.4341957187280059,5.238830339163542,624
4704cb16-0f02-4245-9167-2d7b6127f9cc,170812a6-cb38-4169-bec1-bbe2e86c6001,7945154.520842732,7945155.15127195,7945172.226018577,1707,200,0.6304292185232043,17.07474662642926,1696
b83f7829-51c2-4417-8e41-716673db9a70,a5a74f4e-963f-4aa1-b844-df4512abb1bf,7945162.520659377,7945162.9053784525,7945172.31268783,4068,200,0.38471907563507557,9.40730937756598,192
4e289acb-eaeb-4474-b596-3c5b318393e6,8edd6727-c62e-4b6d-af6e-8918b8420add,7945163.520351766,7945164.466998193,7945172.578937067,3013,200,0.9466464277356863,8.111938873305917,176
f834c8ce-7e1a-408a-b5c0-440a36650d40,6b44b6e7-0ae8-483a-b986-2de5bf8a3a9d,7945163.520338056,7945163.866090697,7945172.586314324,3489,200,0.34575264155864716,8.720223627053201,176
19bbd2d7-2dca-4102-a55e-1cff70396bb0,160f36f5-505c-4cd0-b6cb-eb0b1a10aca0,7945155.520656042,7945156.221017164,7945172.629566715,5653,200,0.7003611223772168,16.408549550920725,224
11586bc0-0db6-4727-b8e6-c719775e5624,993f48a3-6585-47a7-a1f8-bce99e9c742b,7945164.520591309,7945165.925583719,7945172.637072459,2329,200,1.4049924099817872,6.711488739587367,320
aeec9b53-71a5-4832-98f2-d1d99a771a13,b0e0ac14-8af5-4799-bee0-183834e865d4,7945164.52056266,7945165.932432881,7945172.643814425,5950,200,1.4118702206760645,6.711381544359028,176
89c42198-6c3c-4a28-8694-6b963a07cf33,11125870-5b26-45ea-8fba-47c68888a24c,7945164.520581486,7945165.928779423,7945172.640808414,3134,200,1.4081979375332594,6.712028990499675,224
0e28fc17-f703-4431-8301-9da5bd33085a,ce509adb-84cd-4828-852b-e10802b976ce,7945165.520686753,7945165.994683665,7945172.664108655,595,200,0.47399691212922335,6.669424990192056,224
af5ab3cc-58ee-4b0d-a2c6-7c905fd51c6f,a03b3c71-45a1-48b1-9bbb-48e8669a9d11,7945155.520659928,7945156.040113234,7945172.776067219,5940,200,0.5194533057510853,16.7359539847821,224
43e1c658-1d04-400b-8614-2420c324a86e,06bd9fe0-2b10-467b-8ee7-3de10fda9474,7945156.520208032,7945157.051756209,7945173.32367535,6068,200,0.5315481768921018,16.27191914152354,176
1f30e6de-811a-4596-b77f-e9afa8beeffd,cd915048-11fd-46b6-9dd8-c6d53337db9a,7945168.520027118,7945168.666780666,7945174.053436473,764,200,0.1467535486444831,5.386655806563795,288
08e802d1-41ec-4968-a393-7b36583b3a46,dcc8b99b-cc01-4910-9253-2bf89c553910,7945167.520170501,7945167.727892422,7945174.237027267,2027,200,0.20772192068398,6.509134844876826,176
fbd8a8bf-ada6-4fbd-b24c-124ee7f55fc6,461b8a8a-fc1a-4527-a296-04cb42ef41e8,7945167.52015303,7945167.979673152,7945174.260101451,3442,200,0.45952012203633785,6.28042829874903,224
47304e46-af0a-4894-891f-299aaacab638,825675cb-f150-435a-a754-aa57988c056f,7945156.520223894,7945157.837644885,7945174.279708977,5904,200,1.3174209911376238,16.442064091563225,176
1aba0d3f-fb19-4b8d-b884-a5adf87a1760,8aa6063f-9cd1-4748-bc9a-78c44fd7370a,7945161.520471273,7945162.147906895,7945174.290274702,1993,200,0.6274356218054891,12.142367807216942,16
cd55d7d8-6b61-42a6-aee5-3b8d240b9999,6bef9240-78a1-482c-96d2-a89c97ba970c,7945168.52004271,7945168.881436156,7945174.658028028,3007,200,0.3613934461027384,5.776591871865094,288
323c3732-e9f0-46eb-88ce-56766009afbc,288856ff-0e20-4dd0-9458-85503a7ab282,7945157.520660034,7945158.715522431,7945175.192015497,5948,200,1.1948623964563012,16.476493066176772,160
e6e812b1-468d-480f-919e-903c066478a7,f4aff892-842b-4e98-af4c-cfd1deacf96e,7945169.520466002,7945169.689483542,7945175.404838082,2184,200,0.16901754029095173,5.715354540385306,416
7d3b0ec5-4394-462e-9f7b-2b4d9693872a,3d3d0540-f4de-4214-9bb1-6b9e805f2954,7945157.52065636,7945159.023243336,7945175.627990146,6048,200,1.5025869756937027,16.604746810160577,176
0e504c48-6407-4c08-b8e2-48ecf65353a8,2cf6c4f8-2bdc-4486-969c-3bbcd7e36b59,7945157.520682598,7945159.3306264,7945175.663354102,1902,200,1.8099438017234206,16.3327277014032,192
1af8ddf0-33cd-4fc1-bf69-04426bcb7c24,07c6cfe5-ddc2-4943-8c6c-6cb93009af4e,7945157.520640428,7945159.338625368,7945175.671679747,5798,200,1.8179849395528436,16.333054379560053,176
2010f690-eada-439a-b9ab-68e28054370a,1d752596-f454-4264-b645-3b61ae3e70bc,7945158.520923178,7945160.008030982,7945175.977627803,5776,200,1.4871078040450811,15.969596820883453,192
233faf42-25ab-4d62-bf33-ea62b9dec166,e214ec5e-819d-494d-96be-4f44b7317ecc,7945157.520663254,7945159.4569299305,7945176.073939177,2640,200,1.9362666765227914,16.617009246721864,176
84bd07f4-7b11-4599-9ef5-d93899686a3c,68e71f54-23d1-4536-bcb8-b9ff5adfe35b,7945163.520358067,7945164.023006479,7945176.197447004,5615,200,0.5026484122499824,12.174440524540842,224
b7803be9-40d8-4290-ab1e-363966a7e6b0,d6ffa9d6-2f92-432f-a7e0-2110ea985d38,7945164.520558945,7945166.507883569,7945176.303577419,5822,200,1.9873246243223548,9.795693850144744,176
f3583f89-6cd7-4647-bfaf-e808f4b58736,21dbf6ef-22d2-46e3-ac48-9cb8657506d9,7945160.520425237,7945160.886664117,7945176.656433642,3669,200,0.3662388799712062,15.769769525155425,192
df8cf093-de92-4c85-8493-4ad1ca9af001,1d7c5bcf-74ff-44f5-a7c0-50054157f41a,7945162.520647728,7945162.990728832,7945176.738712849,6001,200,0.47008110396564007,13.747984017245471,176
f8e43a61-650e-4ba4-8b45-beafb3a3f9cb,e252c7b2-268a-46f8-9aef-034d91473c0c,7945159.520212923,7945160.583596725,7945176.845759971,6006,200,1.0633838018402457,16.262163246050477,304
1f3dd94a-4730-4156-bc82-57356baaec07,993f48a3-6585-47a7-a1f8-bce99e9c742b,7945169.520461352,7945169.718166328,7945176.907598217,2343,200,0.19770497642457485,7.189431888982654,336
14423225-d8cb-4eec-a0f8-714401838b8f,0f386fc6-2621-495e-924c-56970457578f,7945168.520045736,7945169.288097781,7945177.071372476,5904,200,0.7680520452558994,7.783274695277214,192
a4a711f5-79aa-4b07-9133-f4fbb1c4ccbc,59106e92-06ba-4669-86c3-2bb626cec043,7945169.52047366,7945169.820999852,7945177.111064051,917,200,0.30052619241178036,7.290064198896289,160
167f26f3-ef6a-4ff6-917f-922935aa3c9f,b4527815-5a94-4cdd-8d25-4cd8b6f2f33f,7945165.520693605,7945165.763580154,7945177.238918099,2394,200,0.24288654886186123,11.475337944924831,256
075bca1f-c8a5-4085-ba93-96a298d66b77,dec5032f-5640-4adb-8120-132fbe0e8a7b,7945163.520347013,7945163.737085552,7945177.602027604,2359,200,0.21673853881657124,13.864942052401602,560
6e084f17-1b9a-471c-8bb0-4bdd0ec3fa83,3af3006f-2e77-4d23-9583-c5204d42ceb9,7945170.520195586,7945170.701458136,7945177.645424198,1178,200,0.18126254994422197,6.9439660627394915,176
66a3e6d0-9551-4b43-babe-bed001df2e5a,b25956a5-e9c7-45bc-bd5b-3553a68b6dc1,7945164.520568584,7945165.652630266,7945178.180277404,1813,200,1.1320616817101836,12.52764713857323,160
19bfacf9-52a5-46eb-a438-405e530e5f20,de302346-0e5b-4da8-ba0f-d440eba8675a,7945164.520588103,7945165.649303782,7945178.18376222,6032,200,1.1287156790494919,12.534458437934518,192
fb4ae80b-4eef-4fdd-9b57-a7cefc128572,6ec635c0-f7da-4c2c-a7f4-be19d54eedfb,7945160.520408377,7945161.909865452,7945178.198796963,5237,200,1.3894570749253035,16.288931511342525,192
6bc50656-afbb-4371-b6f0-7aaa69a1c8de,f1ecd1ef-d78f-4c9f-9a85-929421dfd70e,7945164.520578912,7945166.2756854575,7945178.2031507725,1206,200,1.7551065450534225,11.927465314976871,176
1a3b59b1-cd85-4f33-8d05-81874aa5fba0,9b9edbc7-220b-4ac4-815e-b9209e973b09,7945165.520676318,7945166.283134391,7945178.213446986,4880,200,0.7624580729752779,11.930312595330179,192
539157be-f500-469c-a78d-011e85f3745e,45ac5512-7ff4-4619-88d8-49c256d2e88b,7945167.520173748,7945168.069333646,7945178.533284684,5856,200,0.5491598984226584,10.46395103726536,192
886d89e0-2fb1-4e9c-a362-8476118b1fef,d1aebabe-6add-434e-8599-d63b95b83ad3,7945171.520366597,7945171.807848848,7945178.647712025,2794,200,0.2874822514131665,6.839863176457584,224
18e43483-0701-4468-bb39-48c4217b5569,2871c9ae-c754-4c2c-804f-828a39cb9175,7945165.520697173,7945166.318034034,7945178.651217326,5874,200,0.7973368614912033,12.333183291368186,192
464876b8-b3bf-49d7-9a73-3158c21e8f95,a8a2d01f-9110-456c-8e18-340da89f329e,7945164.520576103,7945166.316368244,7945178.649701863,1538,200,1.7957921409979463,12.333333618938923,192
1922efbe-b7f8-496f-8f31-a8e7306f3c37,e252d297-3d3f-4c5a-8afc-b644cb099865,7945164.520549713,7945166.323220861,7945178.657053228,5827,200,1.802671148441732,12.333832366392016,176
e56f9940-cd5e-4e94-b320-d61d2fde1d81,c47b88bc-8337-4fcb-bb63-b8c147f8261e,7945171.520353602,7945172.184129253,7945179.216995258,5847,200,0.6637756507843733,7.032866004854441,192
3263680b-6b07-467e-af77-f0ee727af34d,c0dbd0bd-4010-4779-815e-795e06cc171a,7945172.520109366,7945172.86829014,7945179.280901538,4964,200,0.34818077459931374,6.4126113979145885,1136
734859a5-c469-4cfc-ae34-e161f0c589c2,00960d8d-92b2-47dd-a410-ce898eaf23c2,7945166.520333855,7945167.045815108,7945179.3071601,5874,200,0.5254812529310584,12.261344991624355,176
6cfee631-042d-409e-a98d-2f96da76963b,240c36b4-8f22-4cfd-bfbb-90147dc774e6,7945166.520342219,7945167.670079292,7945179.333285153,5924,200,1.1497370731085539,11.663205861113966,176
7b2b3bdb-8b40-4b5e-9d45-ced9f96a3929,0510668b-2e39-4521-abbf-68606b666ffd,7945166.520339756,7945168.33836294,7945179.387431169,3390,200,1.8180231833830476,11.049068229272962,192
c462ea1c-51bc-42cb-9b48-5882e32253f1,ddf859b5-dde2-43b4-ac73-c5baf651f446,7945161.520475103,7945163.168655584,7945179.448673816,1466,200,1.6481804810464382,16.280018232762814,224
637b9621-6365-4bcf-899f-e19eafe5e43a,4295c9d1-a245-45a2-ab2e-52b55d4bb49c,7945170.520201936,7945170.728738695,7945179.464833516,385,200,0.208536759018898,8.736094820313156,160
e721367b-22fd-4a20-ac2d-b91e5c9aa249,960d53c2-dc81-4753-bf81-c4f25c1aef1b,7945161.52048086,7945163.431194337,7945180.061404549,5888,200,1.9107134770601988,16.630210211500525,224
20534a2b-ea12-4309-b059-deed5e1fd01f,e5488a62-a6e0-4b98-a167-55ef476697ef,7945168.520038942,7945168.967203971,7945180.380238813,1565,200,0.4471650291234255,11.413034842349589,1552
42cc07d0-0f20-4e99-951b-47d3c3f66872,bd8eeb28-8ddb-4e89-a649-ed73109fdad4,7945171.520362885,7945172.15023673,7945180.947367182,5785,200,0.6298738457262516,8.797130451537669,160
d973e422-13e0-4085-b3ff-d8c4cfdcc2eb,a4bf666e-08c0-432d-b95f-de037f8142af,7945161.520483617,7945165.544469065,7945181.947572114,5871,200,4.023985448293388,16.40310304891318,192
2f6f897d-3fd9-47ba-94ac-e1909dd87477,c0b7d39b-a900-41e1-ab87-0dae194f0135,7945170.520204326,7945170.974402238,7945182.158425781,3749,200,0.45419791154563427,11.184023543260992,192
2d09a688-01a7-4bd5-88af-3bbc662955d4,dd24355c-c6d1-461a-b504-e7f6f058e87e,7945171.520369902,7945172.108070409,7945182.213530378,4538,200,0.5877005066722631,10.105459969490767,160
1ee468d7-c577-413b-aa72-1e880043cccf,ccd8f2c3-44d3-41c4-91db-1ba4dc5f9701,7945162.520662686,7945165.7428412195,7945182.393324807,2530,200,3.2221785336732864,16.650483587756753,192
69106773-eeea-49aa-b470-482aa2a062f1,12968104-ad78-488d-a9b9-865ea70aa9e0,7945172.520105526,7945172.801743649,7945182.419920111,2777,200,0.28163812309503555,9.618176462128758,176
8f7cab96-cd54-4aa5-b269-56b44da318fb,d1267d78-73ba-48bf-844a-30f28f4bac7c,7945163.520355198,7945166.6745421225,7945183.0636309255,5889,200,3.154186924919486,16.389088802970946,176
c780b752-0d5b-479b-bbe4-70ebf17369b0,2f456b25-d553-4a83-9c3a-57509508ef11,7945176.520129367,7945177.119319903,7945183.21448902,1490,200,0.599190535955131,6.0951691176742315,160
afa29117-1902-4807-a82c-5baf972cf030,d3954709-3e90-4162-b807-366fedb25f30,7945174.520803958,7945174.626845594,7945183.366901151,2808,200,0.1060416353866458,8.740055557340384,2704
6dd2ae4b-82e6-46e0-b57c-0237d12fb8ff,e43607a6-bee1-4fdf-a0b4-8ea2245eecf1,7945173.521020352,7945173.904623871,7945183.417055423,1698,200,0.38360351882874966,9.512431552633643,192
2c1c2263-77eb-4e61-b04d-56b7da0abc4b,90dca292-00d5-4d7c-b7ca-be3920741df0,7945168.520058315,7945170.708299483,7945183.631965845,5851,200,2.188241167925298,12.92366636171937,176
0c482fb6-cb11-4345-9347-1f5037a41011,f9c92a82-99c7-477b-95d5-3aed03818705,7945169.520469745,7945171.195063298,7945183.666732201,3500,200,1.6745935529470444,12.471668903715909,176
8baaccf9-7761-49c6-b43e-d723d002e7aa,ec035cd5-4099-445f-80a6-d885e8148b75,7945174.520801313,7945175.702253678,7945184.035099413,2693,200,1.1814523646607995,8.332845735363662,16
f3b2732e-8d9f-4213-b3e5-99ce6d421747,19e245be-212e-4849-8f21-2c5fb9e6f9e4,7945174.520806413,7945175.6991948495,7945184.034328779,1027,200,1.1783884363248944,8.335133929736912,176
64aec7d5-a25e-477b-8731-5679f9111fbd,e7ddf100-0645-4d83-9de1-cdfd98d12da1,7945175.521478476,7945176.176783537,7945184.059036288,3884,200,0.6553050605580211,7.882252751849592,176
d5a9f8c7-f253-4038-ab93-e54953b4a611,fa60773d-c882-463b-8316-07d4c895e992,7945175.521499211,7945176.020048978,7945184.338772302,6033,200,0.49854976683855057,8.318723323754966,192
eaeb95fd-9a56-4d69-9487-b518a9c17ab6,62bd5ab4-a4ae-4c45-90a9-d469d50595d4,7945173.521027415,7945173.764529613,7945184.483989693,2269,200,0.24350219778716564,10.719460080377758,160
4bfbd00d-85b4-4851-9d7b-dd5dbe6bced9,8f859b06-32e8-473b-8002-142e58a5ff49,7945170.520198984,7945171.068019153,7945184.609290231,6545,200,0.5478201685473323,13.541271078400314,192
f1cc5a49-70d1-4e69-94c7-bbeb420db451,905b7b66-f9e8-4004-b125-fe3a30572297,7945170.520207694,7945171.685916561,7945184.746833835,2833,200,1.1657088669016957,13.060917274095118,160
67ea21bd-ee6d-4c2b-81df-395860521847,a97b3419-50d1-4d99-ba18-6269343a8188,7945170.520185965,7945171.689551647,7945184.752439282,4407,200,1.169365681707859,13.062887635082006,160
0d9f1db7-ca72-437a-b0ea-4de9bd8cf3bd,77c5fe55-dea3-47e3-9fa4-17d19b193453,7945171.52037308,7945172.294893249,7945184.779012501,5861,200,0.7745201690122485,12.484119252301753,192
60391775-41a2-4895-856b-5814bd491a83,6d968042-3126-405f-a611-079b508437c7,7945172.520095857,7945172.7607420795,7945185.132622822,2288,200,0.2406462226063013,12.37188074272126,160
59394729-0c90-48b6-b3bc-17eda3871bff,0038079c-2c93-4916-8603-2b199c276420,7945173.520999549,7945174.155680895,7945185.21535613,1176,200,0.6346813458949327,11.059675235301256,160
93ced0f2-0da0-41f9-8eb2-304433d216af,34a35d00-5687-4c8e-8304-472e9b1eded2,7945177.520702296,7945177.969662165,7945185.330901273,4717,200,0.44895986933261156,7.361239107325673,160
76fdb745-5907-4a25-8554-f12e29bb4d65,d0030985-3721-47a2-be3f-a716ff7779ef,7945177.520712484,7945178.62148523,7945185.351751107,4193,200,1.1007727459073067,6.730265877209604,4176
debfc505-4c4a-4620-873b-acdd1d7f3304,861e29f7-4713-4676-b1bc-a4d3d62f4ef2,7945177.520719743,7945178.634830617,7945185.369340227,2889,200,1.1141108740121126,6.734509609639645,320
1f99aafa-f0b3-4c1b-91ee-50989dc9e4d3,29c4b994-3de9-45d9-90a7-a713dda14155,7945178.520142303,7945179.11106406,7945185.4493228495,5704,200,0.59092175681144,6.3382587898522615,176
82b03587-5ac2-42d3-ac14-96b1c6549cab,c4d3dc38-186d-40b5-b82e-511fcca85150,7945173.521024084,7945175.189887086,7945185.81303954,3403,200,1.6688630022108555,10.623152454383671,192
65ed54aa-3e49-4e2f-a2a8-2010bbc73079,034fada1-6ff3-494e-9df1-8d72fa54e215,7945178.520156083,7945179.091361628,7945185.812225052,3074,200,0.5712055452167988,6.720863424241543,160
4117a769-6840-40ee-b221-b22055a8cff0,0bd71f2d-8ff1-4b8b-a899-9b785a451bbb,7945178.520116647,7945179.101694774,7945185.824091589,1592,200,0.5815781271085143,6.72239681519568,288
5e750e77-bf54-4b3c-8a1a-0565883cf26a,3576d3c5-71c8-4aa8-bb01-7f961dd7500d,7945173.52101305,7945174.067667443,7945185.905377477,6361,200,0.546654392965138,11.837710034102201,192
9ba60b80-761b-485d-8c4a-f5473bfe391b,c04293c9-674a-4121-83b3-78d969e4af61,7945179.520151888,7945180.01353286,7945186.225213838,5114,200,0.4933809721842408,6.211680977605283,192
4ab8263c-a321-4a70-a986-edbe0de073d3,76c6a94a-5b1b-4124-a8c1-7b783e5beb5f,7945179.52016445,7945180.08847154,7945186.239744444,5987,200,0.5683070905506611,6.151272904127836,5984
73ac07d6-6895-4221-8c2b-acafa0408912,d2e35e05-d494-455b-8b64-3602cd992e55,7945179.520157475,7945180.089351141,7945186.241998022,730,200,0.569193665869534,6.152646881528199,176
3a909726-45b0-4a0c-b5be-d2240a7472f0,70da4a8b-eece-46eb-8b9e-2f1c28b4f670,7945165.5206906,7945170.064875928,7945186.321018158,3656,200,4.5441853273659945,16.256142230704427,192
49bc7d4b-f2d1-448c-9f8b-3e6b57cec507,aeb913ad-d459-4fbd-906a-cf6ac2bb3fd1,7945174.520809134,7945175.032621085,7945186.488169313,5657,200,0.5118119511753321,11.455548228695989,224
d823c9e4-70ed-4fbc-9a44-4cb42d3d0d50,6f4a7340-4bd4-446a-8cc1-2367016ee48c,7945175.521495302,7945176.0699392175,7945186.754673951,5921,200,0.548443915322423,10.684734733775258,192
3ff138cf-e805-4632-83da-3ce550abc602,1330884e-9e05-4fca-8ac8-b7725234d148,7945166.520327372,7945170.695248042,7945187.309913745,2205,200,4.174920670688152,16.61466570291668,160
d7cf9cda-b343-4096-86db-ccfeb9824596,b3f909ce-018e-4430-b0f6-b0dfbcd17eb4,7945166.520344747,7945171.232657101,7945187.3416511305,5712,200,4.712312353774905,16.108994029462337,176
38a66e81-2ecc-4dd2-a00c-0b49c832ce7a,ec035cd5-4099-445f-80a6-d885e8148b75,7945182.520164191,7945182.7448910335,7945188.090542678,2712,200,0.22472684271633625,5.345651644282043,448
bb4f91cb-b723-41b3-a0a0-514dc2efcff8,127f378e-d0dc-464e-a79a-fa7013197aab,7945167.520166619,7945172.2323763985,7945188.398465008,5249,200,4.712209779769182,16.166088609024882,176
f3168658-f8c5-43b0-9f68-a4e951db024a,39f87421-fc9d-4f3c-946c-d4d02eb0b3f8,7945176.52013873,7945176.65555188,7945188.429708645,2078,200,0.1354131493717432,11.774156765080988,896
16982364-a088-49ae-9c8c-93328c774687,e214ec5e-819d-494d-96be-4f44b7317ecc,7945168.520048944,7945172.293046618,7945188.869333858,2640,200,3.772997673600912,16.576287239789963,2624
282f5d0b-ed77-4bb2-b66b-558cd1ca6177,4295c9d1-a245-45a2-ab2e-52b55d4bb49c,7945183.520801914,7945183.584371376,7945188.890548106,385,200,0.0635694619268179,5.306176730431616,384
2be6a58f-00cb-4078-b509-f558833368c0,f3a3a146-a735-459e-af58-d3d7626b4a21,7945178.520139387,7945179.78941143,7945189.1837134585,5919,200,1.2692720433697104,9.394302028231323,192
56c3fff6-788b-420c-8718-0aa9ff9ee95a,f7ee062d-4842-49dc-93fa-f6db64295351,7945175.52149093,7945176.0002263505,7945189.209001449,5953,200,0.47873542085289955,13.20877509843558,176
bc30f382-0d97-4c10-8366-b97523361252,8201882b-3c83-4a5b-b140-7a5572375d5a,7945178.520151367,7945180.388841038,7945189.205029302,4216,200,1.868689670227468,8.816188264638186,160
c0106a82-38f8-415f-abab-4bc886d9a50b,fc03dbf1-0de7-4854-9fc3-dbbc06937d77,7945181.520709159,7945182.164965397,7945189.45842622,5839,200,0.6442562378942966,7.293460823595524,224
e234e475-57d4-4a8a-a35d-0f9b8412a7ea,50a6fd55-dd24-4441-9105-8785b6a488a7,7945181.520729764,7945182.160388792,7945189.456283816,1793,200,0.639659027568996,7.295895024202764,224
ca3e508e-d81d-4469-ade8-63e8ffb06353,cf4fae3f-b581-4c59-9fef-3738c46b3c2b,7945184.520759292,7945184.735265414,7945189.511007013,2156,200,0.21450612228363752,4.775741598568857,160
0cb55e29-6940-414b-9951-ab6718e96386,623901f7-e6f9-48bd-828b-b5728990d3b2,7945168.520055116,7945172.986512121,7945189.656729022,2570,200,4.466457004658878,16.670216901227832,192
9e8c9c77-8374-434e-8077-cf678783cb42,f56f3534-c298-4487-a39f-16c483a04920,7945168.520052277,7945173.614572424,7945189.6977729825,5205,200,5.0945201478898525,16.08320055808872,224
5f99555a-2cc4-4bd8-987a-ad2585f6aef3,d63cb699-0e5b-4352-80c6-4c8a1661e7d1,7945184.520743869,7945185.209882296,7945190.0126205515,3211,200,0.6891384264454246,4.802738255821168,192
f82139e3-3309-4128-97f8-8635d6b41415,cd915048-11fd-46b6-9dd8-c6d53337db9a,7945184.520747292,7945185.26873015,7945190.030912015,764,200,0.7479828577488661,4.762181865051389,752
5c3871c7-3ae1-49c9-980c-298a2a2108d5,2640c64b-b58e-4eac-8e19-d9e509af1f52,7945169.52045074,7945174.282055187,7945190.242063683,5808,200,4.761604446917772,15.960008496418595,224
e5a4141b-478a-455e-a75b-c6f0a2e64ee3,170812a6-cb38-4169-bec1-bbe2e86c6001,7945170.520210614,7945174.892269506,7945190.847267053,1707,200,4.3720588916912675,15.954997546970844,0
56d58026-43ee-4ec3-a8d1-79905f287f92,5c310efb-bfc5-46d7-97ea-542167b82029,7945178.520145664,7945179.292717869,7945190.945228166,2758,200,0.772572205401957,11.652510296553373,464
b6b9a1d0-9175-4988-a708-7e3ac07a4f40,7b2e5dae-5d3e-413e-aa17-79e5e13971cb,7945178.520153599,7945179.290907811,7945190.943858208,5710,200,0.770754212513566,11.652950396761298,192
718a84da-a676-4b7e-9dda-6bc8556bab88,aa942eaa-fb40-4ee4-a6e1-593548ba0dbd,7945178.520126152,7945179.2992685,7945190.95433246,5925,200,0.7791423480957747,11.655063959769905,5920
1394480b-6dd0-46cc-a51f-351a7caa9681,396067f9-cf14-4d86-bd9f-220abe7ead62,7945172.520112582,7945176.0763839325,7945191.093957976,5955,200,3.556271350942552,15.017574043944478,192
319cc8cb-29c3-4dca-942a-772268c2573c,7d9a3919-67da-44b2-b824-fb9926b6da15,7945185.520466091,7945185.894895454,7945191.283582862,4813,200,0.37442936282604933,5.388687407597899,224
47cb371b-2f5f-42ae-aad6-87c9713b729e,de528272-6a53-45f6-8d5a-5a4c5661786f,7945179.52014392,7945179.808328497,7945191.29944474,734,200,0.2881845775991678,11.491116242483258,176
5083e88b-8713-41eb-8b4d-2c18e40189dc,a87c1e2c-7a49-4744-9e7f-268e78b88eee,7945179.520155013,7945179.807042525,7945191.298443255,1188,200,0.2868875125423074,11.491400729864836,192
c1fd68f6-57e4-4996-9138-69d02aa7b0b4,cb5f3703-6da0-4120-9adb-188860ebbdd5,7945179.520169324,7945180.411397614,7945191.320726203,2154,200,0.8912282893434167,10.909328589215875,192
4e9df5a1-51fc-4c2c-a257-2da3f17b60a8,8f981136-8343-4ee0-8adb-07bae5162d5b,7945179.520162398,7945180.415484903,7945191.324389921,5952,200,0.8953225053846836,10.908905017189682,192
96c39f58-97c2-4969-ae9e-54b799e7f808,b4527815-5a94-4cdd-8d25-4cd8b6f2f33f,7945180.5210537,7945181.217371857,7945191.375979643,2381,200,0.696318157017231,10.158607786521316,480
09f189e9-5d71-4fab-bfb6-7cd41d620b5d,993f48a3-6585-47a7-a1f8-bce99e9c742b,7945177.520716566,7945178.42801025,7945191.51628766,2333,200,0.9072936847805977,13.088277409784496,368
44752bf1-b16a-4a42-96d8-9e8cacec21a7,3d3d0540-f4de-4214-9bb1-6b9e805f2954,7945173.521016571,7945177.447626609,7945191.643122203,6048,200,3.926610038615763,14.195495593361557,176
695dde2f-2738-4259-9f00-bdb36b8126cc,6dcfeadf-1244-46cf-a016-ab16dc8a9fb7,7945185.520475501,7945185.988126619,7945191.782573764,5838,200,0.46765111759305,5.794447145424783,176
1032ac28-7c3b-47dc-ba03-556f9dcb7a86,a72e8095-de78-490c-ab9e-c21369095279,7945178.52013252,7945178.998229118,7945192.213448406,532,200,0.478096597827971,13.215219288133085,176
7aca4aa6-b8bc-4c0c-91ed-9347856ec522,e74245db-a56d-47ca-9c2a-8e63314d403e,7945174.52078811,7945177.558807579,7945192.257675153,3010,200,3.0380194690078497,14.698867574334145,160
08ee101a-1b96-4d5c-8710-a1fe6138246c,a63362d9-272f-48f7-9f11-fab613927024,7945186.520307322,7945186.720386154,7945192.5049888175,1465,200,0.20007883198559284,5.784602663479745,176
8c4428b6-363d-458d-822e-9c4e92d32001,d1a58fee-2699-4cde-8dec-5a26bda64889,7945186.520315939,7945187.007220333,7945192.515617038,3861,200,0.48690439481288195,5.508396704681218,192
51b422f8-df30-44e4-a940-88e64e66a251,e3db737d-83d5-49ea-8fb1-6b8a17dd5c81,7945183.52078767,7945184.028108158,7945192.598732075,5966,200,0.5073204878717661,8.570623916573822,176
532c5f51-a120-4291-8395-3a702377175e,1df59d7e-3949-4771-9ddc-e9beefe99db9,7945184.520751453,7945184.747103156,7945193.443483281,2188,200,0.22635170258581638,8.6963801253587,192
bf5dda4b-2c57-4751-951e-5413566c596a,861e29f7-4713-4676-b1bc-a4d3d62f4ef2,7945187.520461487,7945187.60315863,7945193.776019883,2925,200,0.08269714377820492,6.172861252911389,2880
36231374-8543-45be-a9bd-f27bf9fd24c4,57ff1918-00a6-4f1f-abf1-71b1dec34e08,7945187.520466795,7945187.776489873,7945193.795070773,2425,200,0.25602307822555304,6.0185808995738626,256
d5132d4a-a9c5-4008-898b-4108ef0da391,cc69a023-c1c3-4dcc-9d6f-d347a10e1419,7945178.520148296,7945179.880985579,7945193.8653278565,4768,200,1.3608372835442424,13.984342277050018,176
cc53c829-c641-4ae3-a872-c81dd0e4a803,59106e92-06ba-4669-86c3-2bb626cec043,7945179.520166811,7945180.070489566,7945193.900283506,1021,200,0.5503227552399039,13.82979394029826,912
03db843b-5e84-482a-a3ab-8d6087525e1b,6fb86cb0-b646-4ecd-8730-d6ed365d30a3,7945188.520668798,7945189.027591084,7945194.207484222,5862,200,0.506922286003828,5.17989313788712,160
91a298f4-a104-4359-80fe-05128e83515f,dc042378-78ad-458d-b1a6-44be64014146,7945188.520673145,7945189.577231396,7945194.225841989,1552,200,1.0565582513809204,4.64861059281975,160
92df6e67-39e4-4ee1-b5f0-adab5a9a9dcb,50255ca8-a7bc-49f9-aa44-a33caa66a0be,7945180.521049536,7945181.032889478,7945194.682182587,5944,200,0.5118399420753121,13.649293108843267,176
715975ad-de86-46f5-bdd0-1ab25b9c8e00,eb47aef2-5af4-4ab2-9e3a-6321c91f6f64,7945180.521056379,7945181.653033757,7945194.680365542,5804,200,1.1319773774594069,13.027331785298884,176
e6ef9f69-ce92-4bb4-8303-ae7e638f6188,afc8c001-a5de-441c-928c-72f0289bc099,7945181.520719634,7945181.867068278,7945194.704236386,742,200,0.3463486433029175,12.837168108671904,160
8d7c5ccc-5594-493f-b82e-6d5a1c88b5dc,07664316-d6e1-41da-94de-93685a509c09,7945174.520797697,7945178.797813193,7945195.021672204,5861,200,4.277015496045351,16.2238590111956,192
5185008f-2559-4609-a510-47ab29cea50c,35c9b5dc-29e8-498f-9ad8-87fe22f17021,7945190.520038638,7945190.804545062,7945195.264724852,3050,200,0.28450642339885235,4.4601797899231315,176
8bac1dd9-5029-48f6-8deb-4a7ed4dbfdc3,95c2b3e8-bedd-4bae-b816-72ab196b5d6b,7945182.520152045,7945183.173868995,7945195.499104254,5888,200,0.6537169497460127,12.32523525878787,192
c76288e0-5087-4006-b924-14e34bb01049,24dcaf79-471d-4093-b6e7-fcecb30f565a,7945174.520811567,7945179.454295735,7945195.5017424505,5795,200,4.933484167791903,16.047446715645492,160
1e57f18d-e2bd-4c94-bc20-82657b2f5998,21dbf6ef-22d2-46e3-ac48-9cb8657506d9,7945186.520325911,7945186.913279166,7945195.858502051,3846,200,0.3929532552137971,8.94522288441658,192
9e14ac62-7f03-4780-9a61-3514387e94a8,f270da46-3409-4931-ac53-a9c00d956923,7945184.520739985,7945185.240637946,7945195.8938028915,2000,200,0.7198979612439871,10.653164945542812,160
226a4f33-e774-4098-98e8-89d7d1007157,f4aff892-842b-4e98-af4c-cfd1deacf96e,7945189.520717409,7945189.695667244,7945196.129982629,2178,200,0.17494983412325382,6.434315385296941,416
0e36828e-bb57-4e07-990f-54de5824edf9,b1d48415-2679-4cdf-930c-839699995501,7945180.521039807,7945180.904340095,7945196.174634983,4244,200,0.38330028764903545,15.270294887945056,176
4b262a74-a940-463f-9d3c-505f8bef1db8,d38bb58d-f195-4092-892e-2e293cc0ef73,7945181.520725083,7945182.755200965,7945196.264911976,1306,200,1.2344758827239275,13.50971101038158,192
79b0d1b0-fa35-4e5d-8c77-ee52bb61d707,ad505044-0649-4c84-9a66-a33049893e40,7945181.52072285,7945182.756149145,7945196.267507029,5765,200,1.2354262946173549,13.511357883922756,192
b54a6906-7fc4-424a-aca6-5011376874a4,a97b3419-50d1-4d99-ba18-6269343a8188,7945187.520458377,7945187.634305695,7945196.272513611,4591,200,0.11384731810539961,8.638207916170359,4384
46fc935e-c6c2-4a45-a7c9-f092d6c4adb7,a2172bc1-ab2e-4a70-b741-9a6cc8abbdee,7945182.520160889,7945183.356695069,7945196.295819955,2657,200,0.8365341797471046,12.939124885946512,160
20bacb86-2659-4d2c-9a4d-8bc175e8ed2e,dec5032f-5640-4adb-8120-132fbe0e8a7b,7945191.520376559,7945191.780242113,7945196.324770759,2336,200,0.2598655540496111,4.544528645463288,288
b70edb7b-5bdf-4c05-a784-2559d58ca714,6a06774c-a655-4c0f-9a71-d2ddd55097d6,7945183.520799375,7945185.721108181,7945196.373985504,564,200,2.2003088062629104,10.652877322398126,160
2ea6ff37-da9b-4b63-9a2f-dcf0bfa805f6,47b6f51c-e139-4524-b0ed-2b8a71627474,7945183.52079626,7945185.722168442,7945196.375319749,5807,200,2.201372181996703,10.65315130725503,160
b0b07ee9-79cd-4d72-b1f6-29b46fb11483,993f48a3-6585-47a7-a1f8-bce99e9c742b,7945184.520755766,7945186.236662354,7945196.396901609,2325,200,1.7159065883606672,10.160239255055785,368
af7e4d7d-2fe7-4ed9-9732-a94bf186c7c9,81505de9-db89-4e1a-8deb-0cfff5c3be97,7945188.520666275,7945188.717496299,7945196.717997668,1476,200,0.19683002401143312,8.000501369126141,176
890cbf77-6411-4406-bc86-b6e07264df8f,eb17ff89-cb10-4f74-a662-d58be5aee85d,7945188.520675736,7945189.308150602,7945196.729752815,1826,200,0.7874748660251498,7.42160221375525,192
a3425efa-1140-4ec4-b870-5a388699b7be,b2b28eea-494d-4c24-b6d8-00f553246d00,7945188.520663514,7945189.311727944,7945196.733937619,1700,200,0.7910644300282001,7.422209675423801,192
cd787eed-7755-4a87-8498-03f1a54d8fd6,7acfafc2-e8ac-45d6-9ad0-664cb87e4a6f,7945188.520670928,7945190.588522149,7945196.851238744,879,200,2.067851221188903,6.262716595083475,160
71d445f0-f8a4-4b10-93c7-c0b3774d2fa4,d60ad5cd-2dca-4130-b76f-5c9c8c2a027b,7945186.520323111,7945187.068454167,7945197.495967302,5698,200,0.5481310561299324,10.427513134665787,176
40d775c6-69d5-42c8-b1cc-64cc1ab11e3f,41d7460a-e0a1-4300-9f40-37670c541e0c,7945191.520372767,7945191.688157463,7945197.596686323,1194,200,0.16778469644486904,5.908528859727085,288
ba7952dc-8082-4131-b1ad-58175fa72a30,5c06298c-86e7-48f5-99ec-f360b1699941,7945187.520463835,7945187.992077666,7945197.5991419,4679,200,0.4716138308867812,9.607064234092832,224
df7543d3-0580-4d61-9f2c-545d82d69499,db487834-a11b-4e9c-b4d3-b089f73897c6,7945178.520129463,7945182.391170916,7945198.479677696,5945,200,3.8710414534434676,16.088506779633462,160
f0641b63-01db-403c-818a-2550a5767b31,1628d450-3fc3-4b73-9923-fce01e9f48ee,7945178.520135139,7945182.7419095095,7945198.508949996,3676,200,4.221774370409548,15.767040486447513,192
eea38192-5558-445b-b683-21abe6316657,fda1a843-8c94-4359-a21c-7bd6444db827,7945179.520159751,7945182.743390895,7945198.510576161,825,200,3.2232311442494392,15.76718526519835,176
3f8d5e13-95c9-4f8d-a487-567e29ab6c38,f77b3e1a-28ab-448e-9c49-1437284550c7,7945187.520448998,7945187.68318913,7945198.630886004,1076,200,0.1627401327714324,10.947696873918176,224
d9b84bc6-8247-4713-83d6-7f9edb741bc5,14141ec7-cddf-437f-8727-cf3bc4ae468c,7945191.520367541,7945191.610618569,7945198.949129031,969,200,0.09025102760642767,7.3385104620829225,960
5174c4e1-581f-4e8e-b47d-9795394c7440,b4c5b65e-b0b2-4149-a9a2-a49a11473845,7945191.520374891,7945192.036342674,7945198.99227781,5672,200,0.515967782586813,6.955935136415064,160
f279f096-8091-423f-aea5-3a0ba15818b5,44aca2c5-60dc-4929-8170-29f5e1fce844,7945191.520378474,7945192.652039817,7945199.0130210025,5122,200,1.1316613424569368,6.3609811859205365,192
12dc490c-8762-45f5-b5b9-8f4150707620,4ed73052-44e1-40c2-9767-c1fdeb96c4c1,7945187.520469561,7945188.108322721,7945199.224378115,5861,200,0.5878531597554684,11.116055393591523,224
d8744600-feab-4515-886a-58ba111b4c75,fc0804dd-2f2c-4652-a7ad-2d9b311e21e9,7945193.52081233,7945193.943553278,7945199.412278864,4156,200,0.42274094838649035,5.4687255853787065,176
14754d4f-e6b4-4f59-b425-979ac3a2a3d7,940160ec-0bfb-4ebc-ac97-abf254489499,7945180.521058887,7945184.319525969,7945199.765811921,6430,200,3.7984670819714665,15.4462859518826,192
0869b0cc-559d-424c-a380-d0a8d9bb7153,89984c0f-ab73-4aa4-b3b8-e96bb2c0c5b1,7945180.521061824,7945184.853101829,7945199.795011143,2713,200,4.332040005363524,14.941909314133227,160
3fe2e5a3-e923-4055-bda3-a67ebbb90812,41ebc82e-eb6d-418f-b73e-022fa300e998,7945181.520727318,7945185.362233092,7945199.885298506,5839,200,3.84150577429682,14.5230654142797,160
b18dd65f-1529-4660-bf34-c44573418749,dced35a2-1f71-49ea-a75d-eee733b63868,7945194.520950774,7945195.034558032,7945200.159773506,5854,200,0.513607257977128,5.125215474516153,160
c4e53150-20e2-4a22-9f2b-485265cbd7a4,6205a7d7-30c6-4588-aae4-93bd8a23b6d5,7945194.520947929,7945195.386863412,7945200.181828702,3099,200,0.8659154837951064,4.794965289533138,160
fec97805-2170-4f13-b45a-cda278e64ad3,c0dbd0bd-4010-4779-815e-795e06cc171a,7945193.520830294,7945193.645315278,7945200.652822322,4952,200,0.12448498420417309,7.007507043890655,4912
e893fc73-89b3-4a82-a43c-822e802352a5,b78cf2d7-715a-4c9e-8b3b-c3a98499a310,7945192.520103628,7945193.115244096,7945200.804621986,2241,200,0.5951404683291912,7.689377889968455,192
c616de03-dde6-4ba8-9c32-205827d92593,ce509adb-84cd-4828-852b-e10802b976ce,7945192.520117173,7945193.112489859,7945200.8023292925,595,200,0.5923726856708527,7.68983943387866,224
aad4bd43-6b8c-4364-8330-9133b9953676,dc8da506-377a-47db-b74b-fa65c921225f,7945193.520821438,7945194.076216632,7945201.192255289,6011,200,0.5553951933979988,7.116038657724857,192
4c71b5bd-8e1b-4888-8272-24450da576c8,8bfd814d-28ab-4cb5-b72a-dd26380f4984,7945189.520703998,7945190.115981417,7945201.342139747,5926,200,0.5952774183824658,11.226158330217004,192
40bc0241-b1f0-4013-87fd-9b1c9639f7b3,912b0536-5057-493f-9682-008d1775213c,7945189.520711274,7945190.115282423,7945201.34280403,1057,200,0.5945711489766836,11.227521606720984,176
c4839eeb-5014-4f6a-a7cb-b6e81ad9a0ed,f93cf9d2-38b2-470c-ab49-c0cef71be9fc,7945189.520714602,7945189.956452437,7945201.610123529,4910,200,0.43573783431202173,11.653671092353761,176
759844dc-2ab5-4f13-ad67-2633343a259a,4d91675e-bed6-4756-af92-49701ac0572f,7945192.520109879,7945193.209669789,7945201.74270223,6055,200,0.6895599104464054,8.533032440580428,176
3a0a7cd2-36f5-43c8-ab5f-35ccc2c5986a,afe6f909-f768-4fd6-b7ba-ab195b5c9b8e,7945192.520114676,7945193.575586974,7945201.766543912,2778,200,1.0554722975939512,8.19095693808049,192
aca01347-4a5a-4243-bc81-212c873a75c6,42b78ebd-17aa-4ddc-8442-4e4fb55a60c8,7945192.520119872,7945193.574801085,7945201.766317386,3213,200,1.0546812126412988,8.191516301594675,160
b716ccb2-e20b-4884-85e9-0450000de7fd,b25956a5-e9c7-45bc-bd5b-3553a68b6dc1,7945190.520033566,7945190.715612659,7945201.989402877,1813,200,0.19557909294962883,11.273790217936039,160
fc65d3d2-dc63-4696-bc9c-60f92723ddfa,45ac5512-7ff4-4619-88d8-49c256d2e88b,7945190.520028087,7945191.334472678,7945202.018200612,5770,200,0.8144445903599262,10.683727934025228,944
982096c8-fac3-45f6-9818-2341f4e1cc7f,d4b57d15-884a-4f2d-89bf-cbd7ff0bfb90,7945195.520937609,7945195.842435276,7945202.284256642,2844,200,0.32149766758084297,6.441821365617216,224
48b170df-90d7-42b6-9901-851550565207,9e580bae-2f35-4dfe-997c-4787138befb0,7945195.520927544,7945195.988742307,7945202.308138858,1730,200,0.4678147630766034,6.319396550767124,192
f283a028-bba9-4ef8-8cb7-f23e3afc85d9,06b96d78-d574-4242-88bf-812e4fb33e49,7945184.52072376,7945187.958657038,7945202.60505163,1583,200,3.437933278270066,14.646394591778517,192
bc78d2e6-bb1e-4c2d-87a8-5eedf1985d4f,8aa6063f-9cd1-4748-bc9a-78c44fd7370a,7945190.520031097,7945191.242603033,7945202.625219909,2044,200,0.7225719355046749,11.382616875693202,16
ba080301-961f-440b-8789-9183275cd395,3bdbe03e-f2c9-476d-be78-5845bc3d6cf8,7945190.520019065,7945191.2442359375,7945202.627427764,5128,200,0.7242168728262186,11.383191826753318,192
d437df8a-344d-4661-8195-1845f906e390,bd3ab7eb-0595-4c3a-b717-f9c55e72b6cc,7945190.520036134,7945191.870250777,7945202.642431993,3200,200,1.3502146434038877,10.772181215696037,224
4872eee5-a0e6-4af5-a79c-2c504896beb6,c51f405c-538f-46db-a0c4-5f1665cc8bbd,7945191.520380306,7945192.483864497,7945202.665537631,1509,200,0.9634841913357377,10.18167313374579,160
c92c55f1-1052-4a50-8e60-d8d54087cc26,bd2ab0e4-b415-4560-8ada-17cafd1ace98,7945196.520718773,7945196.721989644,7945203.153229661,1245,200,0.20127087086439133,6.431240017525852,176
94f9e1df-ae51-4a36-bccb-b7d2596c45d6,cefc6823-5ff4-4638-94ce-6bc5efae4bb7,7945184.520736144,7945188.065328008,7945203.21717372,505,200,3.5445918636396527,15.151845712214708,176
6c05e49b-6819-4ed6-b345-f343e9d816d3,d38bb58d-f195-4092-892e-2e293cc0ef73,7945197.520849257,7945197.600189221,7945203.31790129,1306,200,0.07933996431529522,5.717712068930268,1296
948f9c49-ec47-4a60-ae91-da1ba7b12d5b,76c6a94a-5b1b-4124-a8c1-7b783e5beb5f,7945194.520958424,7945194.695520911,7945203.372943178,5987,200,0.1745624877512455,8.677422266453505,5984
701ca06a-fce3-4b86-9a19-9ade4285fec3,0936669e-5c64-4f1d-ada6-04ce9a565d14,7945194.520961209,7945194.92324471,7945203.523691681,2592,200,0.402283500880003,8.600446971133351,288
c4a811a5-7a90-4335-8dc7-0bd57c764f38,57ff1918-00a6-4f1f-abf1-71b1dec34e08,7945194.520938762,7945195.129593694,7945203.553627391,2488,200,0.6086549311876297,8.42403369769454,2416
cebcdc69-39f3-48b9-ba13-1134d61527f9,642c0dfd-41e6-40b7-821d-1a9704681a8a,7945195.520918242,7945196.527361735,7945204.494075212,5793,200,1.0064434930682182,7.966713476926088,176
8010644d-30a9-458a-9e2f-f476d5e1467d,7b2e5dae-5d3e-413e-aa17-79e5e13971cb,7945197.520857531,7945197.598176187,7945204.991250726,5698,200,0.07731865625828505,7.393074539490044,5664
e1449bd9-7b42-4961-8d4e-35b3f8a4ee71,c3afa93c-0f3f-46f3-9ff6-4aa96ba3a472,7945196.520724525,7945196.852941973,7945205.076432488,1420,200,0.3322174483910203,8.223490514792502,224
6b013c6d-7d74-4763-bbaa-abe184e35b7a,0b9ab531-6440-439d-bda2-4bcf6f92f3a6,7945199.520242635,7945199.662660367,7945205.2374803,457,200,0.14241773169487715,5.574819932691753,176
3c6ae17f-ac10-4d79-96c0-63a11c005cd5,ea6e22c9-a8de-42ca-9570-58d1e9355915,7945199.520249945,7945200.251488149,7945205.255199041,3844,200,0.7312382040545344,5.003710892051458,176
5afbfc76-984e-4ade-ad52-552152229dbe,0fbeb8c1-5eda-4151-888d-51b66858f368,7945186.520319281,7945188.870146469,7945205.276697395,6070,200,2.349827188067138,16.406550926156342,192
5ce0b612-6b79-4f43-9a31-a401be3ffa1f,b7660a54-c8d6-4417-beda-becfd4ccc9ca,7945199.520253179,7945200.364494626,7945205.276820047,5888,200,0.8442414477467537,4.912325420416892,160
69d9b31d-8ad0-4604-9466-bb1dcf07da35,cca96de9-6408-4913-ba55-66f765509f5d,7945195.520931161,7945195.686219722,7945205.3237964725,1286,200,0.16528856102377176,9.637576750479639,176
db1386b8-007b-49a2-b2b9-b0cae6f1b9a2,34f5ddf7-c486-4989-9f91-cd88f232dd90,7945194.520955842,7945195.141022483,7945205.447296914,1840,200,0.6200666408985853,10.306274430826306,176
b43022ea-93b9-499d-a8c6-69b14819c3b4,aa942eaa-fb40-4ee4-a6e1-593548ba0dbd,7945198.520355365,7945198.593773071,7945205.91054554,5925,200,0.07341770548373461,7.316772469319403,5920
e669afc5-26c1-47d4-9d08-273f195ca717,19cac09e-5bb2-48a4-997f-7045948aada3,7945197.520860945,7945197.671572212,7945206.2498134235,996,200,0.15071126725524664,8.578241211362183,192
a5424b5c-bc42-4545-905a-e4618f2bacd2,d2e35e05-d494-455b-8b64-3602cd992e55,7945199.520212675,7945200.48872795,7945206.585477734,730,200,0.9685152741149068,6.096749784424901,720
88f6099b-67f9-4821-bcaa-29c9e7928bb0,4295c9d1-a245-45a2-ab2e-52b55d4bb49c,7945199.520224074,7945200.486511334,7945206.58544452,385,200,0.9662872599437833,6.098933186382055,384
8607c796-6470-4b0b-8fec-d72afebe0d66,3ee16a31-eef8-4342-9c4e-7c45a1871994,7945188.520655003,7945190.241944747,7945206.621452906,1573,200,1.721289743669331,16.37950815912336,192
920ac712-fef1-406b-90be-cc090b55d84b,27e00e2e-21f7-46b8-8008-d0a46fedbeee,7945201.520078433,7945201.991974692,7945207.355522337,915,200,0.47189625911414623,5.363547645509243,16
cf6159fb-5797-461f-8def-c1bd038e6a34,a941116a-c518-4f7b-bc3c-311e10bec57b,7945196.520721959,7945196.710170538,7945207.407775959,1362,200,0.1894485792145133,10.697605420835316,176
a307b012-dbf6-45a3-90a8-e2a842cfc127,0510668b-2e39-4521-abbf-68606b666ffd,7945196.52072735,7945196.977296054,7945207.435433697,3552,200,0.45656870398670435,10.458137642592192,192
66b83025-8fd3-475c-b209-501f0643a4e6,43457d7f-b6c5-459b-ad04-d0f5e27a0f7c,7945198.520362579,7945199.447286604,7945207.546822149,2239,200,0.926924024708569,8.09953554533422,288
176e26c0-9ce1-4aae-b139-c02fac66dbab,320cf5f0-a5c1-49b5-91a9-a20c3778432b,7945191.520361513,7945192.258518808,7945208.403558311,6005,200,0.738157294690609,16.145039503462613,160
201bc7ff-cc77-465b-a412-300cdb809817,e214ec5e-819d-494d-96be-4f44b7317ecc,7945191.520370475,7945192.888030952,7945208.432160788,2640,200,1.3676604768261313,15.544129836373031,176
b783e464-09c8-4759-af6d-bbc3a2ea9368,396067f9-cf14-4d86-bd9f-220abe7ead62,7945192.520112449,7945194.016430893,7945208.491359706,5955,200,1.4963184436783195,14.474928813055158,736
6e3986d4-9136-4183-b716-a45f533e0546,e2aea28f-f167-453e-bb63-de5ec1a91723,7945192.520122297,7945194.022398767,7945208.492438944,715,200,1.5022764699533582,14.470040176995099,192
e91fad0e-07f3-45c4-a949-e5eeab6af9c5,e8a795ee-9f90-4976-894b-7318b1215e72,7945196.52070984,7945197.071560845,7945208.501084281,5641,200,0.5508510051295161,11.42952343635261,160
2907a795-5ed4-45cc-a7f5-785cd363e37e,109911a5-9e24-4bdc-95c0-fd2a56571c91,7945193.520827712,7945194.466773424,7945208.527447666,5942,200,0.9459457127377391,14.060674241743982,176
500512dc-3a69-4cec-bfac-83ddaf4a46cc,231beffe-da58-4516-af27-1182589624ee,7945199.52023139,7945200.028819763,7945209.377197847,5311,200,0.5085883727297187,9.34837808366865,192
a32a5ac6-5e2b-4a43-aafe-add693491319,af58fe18-5abf-4a30-a78b-73561c06d4f2,7945199.520246081,7945200.649821292,7945209.399726248,2429,200,1.1295752106234431,8.749904956668615,288
ae1a3ae1-9451-4eee-902b-a6967267b7c1,b0776ec9-ec2e-4a2f-9605-8fc3ea878659,7945199.520238865,7945200.65162831,7945209.4023981355,5820,200,1.131389444693923,8.750769825652242,224
9bd2c52e-3b2b-42c0-a16e-fa22631f7d7a,034fada1-6ff3-494e-9df1-8d72fa54e215,7945200.52033023,7945200.912046995,7945209.430303807,3171,200,0.3917167652398348,8.518256812356412,3072
ef44e930-af31-4b32-a2e0-bdac5b3fbaa0,42303959-8373-4fb5-b881-e39d2351d467,7945199.52023478,7945200.909514372,7945209.429270192,3764,200,1.3892795918509364,8.519755819812417,192
d0d242a9-1221-4cbc-8105-40889d9f7bfa,70e7939a-901f-448b-86db-5ca1cf795b25,7945200.52034215,7945200.997500617,7945209.529566614,5721,200,0.47715846728533506,8.5320659969002,192
00a1e6c1-4d2b-490c-afd4-3296383d6227,a2d50e13-b70d-4fc7-ae7b-c9da9cadaf6a,7945198.520365168,7945199.080485797,7945210.476679104,5677,200,0.5601206282153726,11.396193307824433,224
47d78e1d-f763-4459-bbea-092d13a5d452,af106407-ea10-4304-a36e-a9f2fe57ec32,7945199.520227715,7945200.093845558,7945210.53104486,2670,200,0.5736178429797292,10.437199302017689,16
b3931f78-7d0f-4844-8416-920b12b2ad53,161005e4-9356-4adc-9089-3e438b2ab322,7945201.520089044,7945202.536301864,7945210.572134746,5952,200,1.0162128200754523,8.03583288192749,176
52317099-f5b8-438d-a179-a2f9f19a6a23,55e477b8-0dcf-4b42-89d3-65961d992b09,7945201.520095624,7945201.794271578,7945210.677636405,2708,200,0.2741759540513158,8.883364827372134,160
a0fa31ef-6d52-4e74-bdbf-043d588fcc9c,63dbcaa2-f60a-484e-98c0-24f6814d7556,7945204.520309817,7945204.726874699,7945211.05704752,2485,200,0.20656488183885813,6.330172820948064,192
3f4612d0-4ac2-4bfd-9138-cb9a9912d0a4,d200f713-d4e3-48fd-85a8-eb68048a1bd1,7945193.520824895,7945195.503574849,7945211.600115848,5968,200,1.982749953866005,16.09654099866748,176
d3a7b111-959a-43ae-8dac-28507f3fd1c0,6459e9c0-ac3f-4f1e-a735-823b3c83d15f,7945202.520051806,7945202.798887205,7945211.68650223,3014,200,0.2788353990763426,8.887615025043488,160
8b0d15b8-63ba-4397-afc0-80ed6455da05,25764557-8d50-4bc3-8d58-ccb7ee44ac5a,7945201.520075366,7945201.930951551,7945212.004681941,2716,200,0.41087618470191956,10.073730390518904,224
a1e0b5b0-3633-461d-8f38-baab81ffc9fe,a3dab01f-d1d0-4917-85cd-54cb085d56db,7945194.520953189,7945195.604077388,7945212.035784952,965,200,1.0831241989508271,16.431707564741373,160
5ac1503b-466e-4205-85b5-f422a46bc863,4a98d6c0-84d8-4a01-a386-3b29d15d5fce,7945201.520071999,7945202.072060622,7945212.052849178,5910,200,0.5519886231049895,9.980788555927575,192
de68704a-f3a8-467f-89b7-2a1f9b96e242,3d3d0540-f4de-4214-9bb1-6b9e805f2954,7945195.520934159,7945196.244358371,7945212.068491821,6048,200,0.7234242120757699,15.824133450165391,176
50ca44d1-ed3e-4540-b1e2-158a2c1144c4,c0e3d991-e188-4f78-8b8e-5dd01a6f8850,7945201.520092541,7945203.296519678,7945212.103604619,2548,200,1.776427136734128,8.80708494130522,256
61e453b2-5104-43b9-94ed-bb260601251d,6ee396d8-db4c-4684-88ab-113b143832cd,7945202.520047554,7945203.724277942,7945212.129978949,5688,200,1.2042303886264563,8.405701006762683,160
7f4c6c5a-6290-4f28-9bbe-bbef5ad276f7,b38f7d51-ee06-41a2-897f-9594e9dfb054,7945201.520081523,7945202.117010117,7945212.298029848,5813,200,0.5969285937026143,10.181019731797278,176
b665d0f1-2f3b-42df-833b-780e0e5e892f,8aa6063f-9cd1-4748-bc9a-78c44fd7370a,7945205.520522174,7945205.611417474,7945212.314588414,2087,200,0.09089529979974031,6.703170939348638,2016
e71dea1b-2ccd-4b8b-9808-e98a96708db2,4ac57aef-73b0-4d1e-900c-4a6b79a7c0bd,7945203.520422787,7945203.990809667,7945214.1870776415,5590,200,0.4703868795186281,10.196267974562943,224
95d5dbb5-e637-492f-99d9-e49fca7999f3,2df7a811-23ae-45a7-8f94-32c9fac9f9be,7945203.520439562,7945204.618605981,7945214.212579689,5747,200,1.098166418261826,9.593973708339036,192
0b7afa98-f808-4aef-a6f9-4455e59e8c67,03660c29-973b-47cf-a282-e5f41700788c,7945204.520300526,7945205.84256541,7945214.267535562,6184,200,1.3222648836672306,8.424970151856542,192
32458057-1c15-49ec-b8b2-f646c75f267b,be47ec66-79ab-4aa4-bbaf-d9fef785d9a0,7945205.52054352,7945205.689862822,7945214.3255973775,1658,200,0.1693193018436432,8.635734555311501,160
bb1638e8-2c31-4fdb-b9bf-be777159667f,905b7b66-f9e8-4004-b125-fe3a30572297,7945206.52038873,7945206.804362903,7945214.446097143,3039,200,0.2839741734787822,7.641734239645302,160
08e6298e-3c7b-46cc-b3bc-8b4297c4ed49,07c6cfe5-ddc2-4943-8c6c-6cb93009af4e,7945203.520436419,7945204.082768704,7945214.546791557,5822,200,0.5623322846367955,10.464022853411734,176
da964707-470f-4109-bbdf-939d5686349e,aeb913ad-d459-4fbd-906a-cf6ac2bb3fd1,7945206.520382826,7945207.391381906,7945215.124960804,5645,200,0.8709990801289678,7.733578898012638,224
557ce23e-1700-414d-ab9e-eca724014315,57ff1918-00a6-4f1f-abf1-71b1dec34e08,7945209.520109308,7945210.538321437,7945216.044142016,2514,200,1.0182121293619275,5.505820578895509,2464
afe9aca8-2b31-4e1e-91b2-55f6f28964c0,1b1e4f29-258e-4294-b6b5-79b12ac8f92a,7945207.520059696,7945207.69116545,7945216.1203599805,2194,200,0.1711057536303997,8.42919453047216,192
eb780e6a-429f-4602-aa1d-f6497ef22738,c0dbd0bd-4010-4779-815e-795e06cc171a,7945208.520753551,7945208.689294766,7945216.4435036965,4952,200,0.16854121442884207,7.754208930768073,4944
f3d539e4-8718-44ce-a216-3b5f2207b99e,eaba400f-f029-457a-b05a-0a6f98a6ec83,7945207.52004959,7945207.726771159,7945217.9213776095,2479,200,0.20672156941145658,10.194606450386345,192
3779710e-fcc2-475d-b2b6-8768c4c15936,4346426a-d1cf-4421-a05c-b8084161d1b8,7945201.520085705,7945202.599283533,7945218.389909154,1234,200,1.0791978277266026,15.790625620633364,176
dca489ad-baea-4d96-8404-6b06dcb13dcd,f5770a69-6314-4b67-99f3-00584ca9b14e,7945201.52006241,7945202.604067531,7945218.394791436,5973,200,1.0840051211416721,15.790723904967308,192
456b5141-2ab3-4e87-879f-5161c9a950fe,07664316-d6e1-41da-94de-93685a509c09,7945202.520042009,7945203.217871026,7945218.42806444,5861,200,0.6978290174156427,15.210193414241076,192
9bc211ff-cc26-481c-a6c7-e3ed4279c741,c8b7ff65-cf0d-44ff-991e-2b8fd4458b22,7945202.520028242,7945203.859572047,7945218.460526105,4805,200,1.3395438054576516,14.600954057648778,176
e5a0aa5c-6408-48cf-afdb-d020af2a09f6,1628d450-3fc3-4b73-9923-fce01e9f48ee,7945203.52041246,7945204.484994242,7945218.491114712,3676,200,0.9645817819982767,14.00612047035247,192
e1241be8-7990-47aa-b762-3add03da233e,99f1f6df-a16f-4986-bef1-52e47aec378f,7945203.520429863,7945205.019358062,7945218.518104025,3693,200,1.4989281995221972,13.49874596297741,160
b914e1fa-cc68-4d4b-bfea-3dd5fcdaefc2,e5488a62-a6e0-4b98-a167-55ef476697ef,7945203.52042664,7945203.7984666815,7945218.642678508,1677,200,0.2780400412157178,14.844211826100945,192
e3e7f771-bf9f-4e38-855d-3affe512d74a,4ea323b6-3ea0-43fc-b190-c775d192ad29,7945211.52009152,7945211.612666255,7945219.047098023,649,200,0.09257473517209291,7.434431768022478,160
e6fbae8c-1133-4873-b256-2201cd6af914,13c19d21-f311-4a3a-97bb-1e152f24a81d,7945206.520372424,7945207.151063709,7945219.129581953,6842,200,0.630691284313798,11.978518244810402,192
0a3c6499-0739-46a8-87fd-80c0c94562c5,8201882b-3c83-4a5b-b140-7a5572375d5a,7945206.52038618,7945207.615846026,7945219.156844876,4216,200,1.0954598458483815,11.540998850017786,160
11e17100-7bd2-4224-b855-d7f4a218247b,8ecf5eb7-d68c-4a1a-9734-eaf9544cf0f8,7945204.520313617,7945207.118147161,7945219.432667379,5952,200,2.5978335440158844,12.314520218409598,160
3553a865-876f-4d68-9539-43788d9b1401,cfcf8ea2-39e8-4b65-a05c-99c6f74fc7ff,7945206.520391389,7945207.705212159,7945219.458691048,1153,200,1.1848207702860236,11.753478889353573,160
7fcbea43-9042-49a9-bdcd-bc1f940f8f79,89984c0f-ab73-4aa4-b3b8-e96bb2c0c5b1,7945205.52053266,7945207.708963887,7945219.461820399,2924,200,2.1884312266483903,11.75285651255399,160
9867fe72-a0f9-4515-8ba4-6b8beb456824,0038079c-2c93-4916-8603-2b199c276420,7945208.520769796,7945209.564659774,7945219.491368052,1176,200,1.0438899779692292,9.926708277314901,160
85068a4f-2882-4fad-a1fb-17a6986d062b,b4527815-5a94-4cdd-8d25-4cd8b6f2f33f,7945209.520126964,7945210.237114969,7945219.6224602405,2382,200,0.7169880047440529,9.385345271788538,256
a6d964d2-f7f9-487a-ace1-d2571952509a,0024ac15-1c91-4907-95fd-1da29a12b0f1,7945209.520117251,7945210.240932839,7945219.626679554,5804,200,0.7208155877888203,9.385746714659035,160
5dd22f08-1847-4ecc-897c-3c01ce08b081,06bd9fe0-2b10-467b-8ee7-3de10fda9474,7945208.520767447,7945209.044749284,7945220.664870775,6029,200,0.5239818375557661,11.620121491141617,176
1f0083d5-4363-4f2b-8ff1-135220e9d177,19500c45-30d4-49de-bfa4-2268492645cd,7945212.520018626,7945212.906901287,7945220.855072372,4480,200,0.3868826609104872,7.948171084746718,160
8a9a669a-f7e6-4a86-9b28-3467825b9aa4,984417aa-cbc4-4961-a69c-cf10fd2a2932,7945208.520761452,7945208.668047007,7945221.073724024,628,200,0.1472855554893613,12.405677016824484,176
bc79dc48-8b5d-407b-981a-99c889a054b8,396067f9-cf14-4d86-bd9f-220abe7ead62,7945208.520772373,7945209.271468463,7945221.099312267,5955,200,0.7506960900500417,11.827843803912401,5952
2c97acfa-5879-4bb7-9439-f588294d7671,127f378e-d0dc-464e-a79a-fa7013197aab,7945209.520122466,7945209.992669286,7945221.155029406,5233,200,0.47254682052880526,11.162360119633377,176
8da89eef-ae89-4f72-9e07-89191740aebc,46874def-a8d1-42c8-9ef7-379c30144d14,7945209.520120232,7945210.431193231,7945221.180842109,5952,200,0.9110729983076453,10.749648878350854,192
e46f07a0-16f8-4b58-8cef-e254313d759d,cd6b3eb9-5348-4696-990b-752ae3e2e1a3,7945210.520735471,7945211.022897081,7945221.304594125,6259,200,0.5021616108715534,10.281697043217719,192
487b82fd-d3b6-4876-9302-ae8a78086c54,c66012d9-b67a-4ded-8486-e8ccc9786533,7945205.520536734,7945206.091879771,7945221.356311769,1097,200,0.5713430372998118,15.26443199813366,192
a621a753-46e3-43f8-ba61-ef2b1a575fc0,41705093-4c8c-4a90-99d2-ad3181aceb70,7945205.52054003,7945206.091641824,7945221.3567248285,5701,200,0.5711017940193415,15.265083004720509,192
5673a1ef-5976-41b2-8bde-17017e063ed1,f3a3a146-a735-459e-af58-d3d7626b4a21,7945209.520124671,7945210.448683436,7945221.619566318,6177,200,0.9285587649792433,11.170882881619036,192
4eccd1c2-b2da-4a41-8bde-990a3c616cc5,0bd71f2d-8ff1-4b8b-a899-9b785a451bbb,7945211.520094894,7945211.687028936,7945222.20465693,1654,200,0.16693404223769903,10.51762799359858,288
d2af7547-38ef-45db-be7c-61ee08034265,c47b88bc-8337-4fcb-bb63-b8c147f8261e,7945211.52010194,7945212.286487376,7945222.229566425,5810,200,0.7663854360580444,9.943079048767686,192
2fb64d22-7423-4f0a-a9f3-f1cdb028213d,14141ec7-cddf-437f-8727-cf3bc4ae468c,7945212.520004176,7945212.6006844975,7945222.474789998,969,200,0.08068032190203667,9.87410550005734,960
b817f057-9fda-42cb-8457-b19cf5ce8a96,e0cfc694-73d4-4603-9a29-1bdf768266fa,7945212.520013696,7945212.744935859,7945222.492738639,2389,200,0.2249221634119749,9.747802780009806,160
5c3c438a-84ec-41f0-b27e-8a0546b8aff0,170812a6-cb38-4169-bec1-bbe2e86c6001,7945212.520016448,7945213.342875432,7945222.514129674,1775,200,0.8228589845821261,9.171254241839051,0
53eea083-ca11-4b6c-bd0c-9e2bf7ccfa85,f271ebe9-b215-4499-a991-8ff24c4302bb,7945213.521523804,7945213.881981473,7945223.194062038,3761,200,0.3604576690122485,9.312080564908683,176
c097e0f3-19f4-4a9a-8409-c511705ecfd2,f20a741c-0fb3-4811-91f0-bee136177ca3,7945214.52081448,7945215.010195113,7945223.319419765,5991,200,0.48938063252717257,8.309224652126431,224
af371eed-e30c-4006-9369-5dd5105e2f7b,f5eeda52-a3dd-4697-9576-2fc81988d390,7945214.520824887,7945214.642946736,7945223.588753568,684,200,0.1221218490973115,8.945806832052767,160
80b06374-c8e4-46ea-b2cc-f090b0aa1bfc,a0581530-c894-4f12-a948-e8caaa8163fe,7945211.520098404,7945211.954822043,7945224.138408182,5230,200,0.43472363892942667,12.18358613923192,224
f1b291cd-b6ac-4b78-8b6d-247a3f02d64e,0a424db1-d8ea-438e-b44d-65ffe2623299,7945211.520081729,7945212.598148185,7945224.169871245,5791,200,1.078066456131637,11.571723059751093,160
68882c26-c7d6-4112-9105-cbb92a17c797,11125870-5b26-45ea-8fba-47c68888a24c,7945212.520021462,7945213.462369297,7945224.225564943,3134,200,0.9423478348180652,10.763195645995438,224
c3716ecb-d516-4cf5-9d26-829098d0ac73,af106407-ea10-4304-a36e-a9f2fe57ec32,7945213.521530608,7945214.16370377,7945224.284453513,2660,200,0.6421731626614928,10.120749742724001,832
10943242-2436-40fe-82a1-3d4dd7a19311,a8a2d01f-9110-456c-8e18-340da89f329e,7945208.520764852,7945208.7477088915,7945224.308348745,1747,200,0.2269440395757556,15.560639853589237,192
a1bd6ae9-9fe9-4e01-9f7a-ac4cd6503065,1944b4a9-25a6-481b-a8a6-9b9e9f4d0c67,7945213.521527863,7945214.03193305,7945224.364161666,5937,200,0.5104051865637302,10.332228615880013,224
ac516301-b2ab-47c8-a66a-480c38c09a00,2d1467d2-a312-48c3-9684-57b9e2890fec,7945215.520560008,7945215.774931349,7945224.445118402,2528,200,0.2543713413178921,8.670187053270638,224
49c10aca-b4f6-46d8-be64-351f2114af6a,21b9c278-5fd1-4a6c-80f1-483ff6605dad,7945214.520821697,7945214.806174487,7945225.156902526,2712,200,0.28535278979688883,10.350728038698435,160
0583d0c8-66e7-4dc6-8111-ca087e5a1e73,c04293c9-674a-4121-83b3-78d969e4af61,7945216.520764097,7945216.9565708125,7945225.19360186,5251,200,0.43580671586096287,8.237031047232449,192
2c4c6bef-51d1-4f1e-a62b-40079cdc4e15,29a9b4dd-db41-4d0d-aaea-4398b379e9cd,7945216.520758255,7945216.979930658,7945225.313393156,4967,200,0.45917240250855684,8.333462498150766,224
826bc39d-e4a3-4770-95f3-a1e747efea59,aa942eaa-fb40-4ee4-a6e1-593548ba0dbd,7945215.520564201,7945215.607157318,7945225.472596916,5925,200,0.08659311663359404,9.865439598448575,5920
db720d91-2cdf-4e24-8d2f-6fae67d7a9e4,fc0804dd-2f2c-4652-a7ad-2d9b311e21e9,7945215.520568491,7945215.634098958,7945225.505248795,4155,200,0.11353046726435423,9.871149837039411,4112
9582b36a-eec3-4d51-863c-59434a4b8597,a97b3419-50d1-4d99-ba18-6269343a8188,7945215.520548313,7945217.511934712,7945225.594572357,4852,200,1.9913863986730576,8.082637645304203,160
79a37582-6f28-4eda-b3fc-866c35dbac35,e99f0ad9-ca51-4ebc-8462-fe9ebb8c761e,7945219.520574656,7945219.682305368,7945225.631500206,1223,200,0.16173071134835482,5.949194838292897,176
52d22e89-f96b-49bb-8d76-84a571778029,0936669e-5c64-4f1d-ada6-04ce9a565d14,7945217.520494893,7945217.865452804,7945225.821689991,2543,200,0.3449579104781151,7.9562371876090765,624
c8458652-67cd-4e77-a9f4-fb9caf192e40,5c310efb-bfc5-46d7-97ea-542167b82029,7945217.5204788,7945217.922529346,7945226.127022541,2766,200,0.4020505463704467,8.204493194818497,288
95f303bb-b610-4c1e-9e50-f8cdad5785f5,a03b3c71-45a1-48b1-9bbb-48e8669a9d11,7945219.520568377,7945220.027012123,7945226.156211999,5896,200,0.506443745456636,6.129199876450002,224
41be9f5e-0e83-4904-8c2d-e1afa5f3072e,7d9a3919-67da-44b2-b824-fb9926b6da15,7945218.520568222,7945219.242196865,7945226.250237882,4957,200,0.7216286435723305,7.008041016757488,224
ce561d60-67d8-4391-acf6-42b76da26757,cf4fae3f-b581-4c59-9fef-3738c46b3c2b,7945218.520578811,7945219.267223055,7945226.266097738,2277,200,0.7466442435979843,6.998874683864415,160
29fc215d-fd1f-48e5-b01b-805c2b2d0df5,87203db3-07a9-41c9-8809-fcaafbca8a36,7945210.520726486,7945211.247082019,7945226.796054176,5813,200,0.7263555331155658,15.548972156830132,176
64f38914-e786-462d-a846-6fbdabf857a5,d2e35e05-d494-455b-8b64-3602cd992e55,7945219.520577535,7945220.071007524,7945227.068051745,857,200,0.5504299886524677,6.997044221498072,688
e11c950b-4f15-476f-b917-4452aacd7649,89feb0ae-9362-4a5b-a776-195dcb115949,7945219.520572336,7945220.073758535,7945227.072427696,5862,200,0.5531861986964941,6.998669160529971,160
671504b7-3f28-41d6-abce-76b2f104e9c7,6ccb2fd4-21c1-492d-9d64-56223fb86062,7945211.520104414,7945212.182454605,7945227.3361954475,5972,200,0.6623501908034086,15.153740842826664,160
24e6527b-8139-4deb-9830-eb989025480b,d38bb58d-f195-4092-892e-2e293cc0ef73,7945216.520748606,7945216.60370103,7945227.49447336,1306,200,0.0829524239525199,10.890772329643369,1296
253a20da-6ef4-4c56-8cd2-8e93ba9b977f,6418d22e-6d88-463b-a16b-7587c147056d,7945216.520761599,7945217.035242388,7945227.517316985,5833,200,0.5144807891920209,10.48207459691912,192
d4357c8c-04ce-4ddf-99ac-639fb59d82e8,5c06298c-86e7-48f5-99ec-f360b1699941,7945216.520767217,7945217.409513923,7945227.552330155,4835,200,0.8887467067688704,10.142816231586039,224
abfa0207-6880-4c96-9dea-7d041d6f6748,2ecf4198-da61-4895-86d2-4df5804f97cf,7945217.520489531,7945218.015828067,7945228.085936946,5879,200,0.495338536798954,10.070108878426254,160
77401c92-2e03-411f-bcd1-6a0edd334cc2,f56f3534-c298-4487-a39f-16c483a04920,7945221.520943675,7945222.2383916285,7945228.112900584,5209,200,0.7174479532986879,5.874508955515921,224
4011e991-8f42-49d4-9bd1-53dc30d23087,824ede68-58b2-43a5-8b67-3d484cac77f3,7945221.520946377,7945222.294209646,7945228.133216695,3728,200,0.7732632691040635,5.839007048867643,192
a30da563-8f04-4101-92d7-c87b96c6d5b3,f4aff892-842b-4e98-af4c-cfd1deacf96e,7945217.520497285,7945217.719876203,7945228.197478584,2172,200,0.1993789179250598,10.477602381259203,288
8dd6012a-3cd1-4f79-b5bb-61e63ae26b29,983cb979-5e2f-4649-bfa0-1fb1c92b9954,7945222.520247014,7945223.014054051,7945228.387953709,5844,200,0.49380703642964363,5.373899658210576,176
d093981c-268e-43e5-8b4a-283b356ba66a,d3954709-3e90-4162-b807-366fedb25f30,7945221.52093765,7945221.858245473,7945228.610766389,2846,200,0.3373078228905797,6.752520916052163,16
a0b82411-5a85-43d3-afc2-a47c19bc8675,1bc73e7d-6b0e-4755-ade4-f801a54d64d7,7945221.520952532,7945222.069003435,7945228.6167943645,1594,200,0.5480509027838707,6.547790929675102,176
874f1cde-2898-4a10-895d-83633d2872b4,fdb31cc6-26d5-438f-b807-c434b38142f1,7945218.520552742,7945219.0553629985,7945228.89003955,5839,200,0.5348102562129498,9.834676551632583,192
e72ec1a8-a334-4296-a711-0262e8442541,53331c8b-4eec-428f-89e8-96e8338db919,7945218.520565762,7945219.610064769,7945228.912754895,5817,200,1.0894990069791675,9.302690126001835,160
fae89f92-a2a2-4f0e-98b0-aa75e3442a8e,86bb770e-e896-4df8-98ac-b45dd9f48001,7945218.520572842,7945219.60777143,7945228.910284186,1457,200,1.087198588065803,9.3025127556175,176
38836125-c5cf-4fe5-a023-2c69a372a35d,a59afcff-3049-48a3-b277-5a727d2c27e6,7945222.520249171,7945222.929348815,7945229.120702107,3512,200,0.4090996440500021,6.19135329220444,192
0f91dad5-91e3-4d2a-816d-bcffbfb2e622,ec035cd5-4099-445f-80a6-d885e8148b75,7945213.521511961,7945214.9745293185,7945229.199578016,2622,200,1.453017357736826,14.225048697553575,288
d902aa29-aeec-4dea-984b-70a838084a20,a4705d3f-c9cc-472f-8323-bf9e4593e138,7945214.520817984,7945216.154356629,7945229.255768545,5759,200,1.633538644760847,13.101411916315556,160
7fc32fba-d452-4564-a163-42e7d73cc06f,e5488a62-a6e0-4b98-a167-55ef476697ef,7945214.520804965,7945216.158362586,7945229.258834502,1773,200,1.637557621113956,13.10047191567719,1648
d0e3b372-0bc7-4aa2-b7ad-23e9e9ba8390,43457d7f-b6c5-459b-ad04-d0f5e27a0f7c,7945215.520572175,7945216.316620164,7945229.282602652,2239,200,0.7960479883477092,12.96598248835653,368
dd6ae9c3-9211-461e-90ed-a7432d90680e,c13d9418-24a3-4ed3-8a2f-34e200890302,7945219.52056019,7945219.69467898,7945229.624916613,1281,200,0.17411878984421492,9.930237633176148,224
9ae8e5df-ae89-428b-bb4f-16ac59cfc1d8,e6f02cf2-63e2-47aa-88a9-85c903954750,7945218.520560226,7945220.29717408,7945229.955252814,3578,200,1.7766138538718224,9.658078733831644,160
603bf044-d38a-411a-8117-562aa91563a2,4df870a1-f984-48dc-93fb-96ee01475d6f,7945218.520576013,7945220.2920660395,7945229.951469695,4922,200,1.7714900262653828,9.659403655678034,192
2924facc-3d0d-4dc3-9dfd-b3fd9b9113dd,b4c5b65e-b0b2-4149-a9a2-a49a11473845,7945218.520570514,7945220.861571665,7945229.97922322,5812,200,2.3410011511296034,9.117651554755867,160
38391a07-2c3d-44fd-84d7-488896bf24c0,977ac36b-bb7b-4aac-bf3e-938831af0d6d,7945220.520914889,7945220.959244363,7945230.122082585,5535,200,0.4383294740691781,9.162838221527636,256
6c20ad72-3502-43c1-8486-40929ad4e7da,240c36b4-8f22-4cfd-bfbb-90147dc774e6,7945217.520492698,7945218.182803522,7945230.469836445,5920,200,0.6623108237981796,12.28703292272985,176
10a0deaa-d2e4-4703-985b-8bc59c043832,ef9a6926-cbbd-4236-a031-a34675858e8f,7945220.520925434,7945220.665225501,7945230.842728983,1702,200,0.14430006686598063,10.177503481507301,224
689e551c-874f-4f58-90ec-225789edb5e4,50a6fd55-dd24-4441-9105-8785b6a488a7,7945221.520928753,7945221.751204981,7945230.941660227,1793,200,0.23027622792869806,9.190455246716738,224
fcd716a3-1d3a-4669-aca3-75dadf90af7d,861e29f7-4713-4676-b1bc-a4d3d62f4ef2,7945223.52111289,7945223.848682786,7945231.059445398,2984,200,0.32756989635527134,7.210762611590326,320
f01bf568-8c36-4aeb-9f66-1a41ee5788f3,0510668b-2e39-4521-abbf-68606b666ffd,7945218.520563162,7945219.42196882,7945231.344735792,3735,200,0.9014056576415896,11.922766972333193,192
d1a6c258-0700-4562-9d0f-ee16f96e295e,6bbc936c-c1b4-4a46-95c3-8ca43a9ad526,7945223.521120206,7945223.861636753,7945231.391330468,878,200,0.34051654674112797,7.529693714343011,176
831a3ea7-9631-4510-946a-591632b66600,62388b59-9638-4c41-a856-dca0a32d4e75,7945223.521125947,7945223.951176259,7945231.7011606,1303,200,0.43005031161010265,7.749984341673553,224
8b25a481-58bf-4d92-8723-94a10e884b13,7acfafc2-e8ac-45d6-9ad0-664cb87e4a6f,7945224.520518153,7945224.66932439,7945232.021542401,1094,200,0.14880623668432236,7.352218011394143,224
02038d41-7f0f-4e8e-9f6a-e2abb9284b2a,cda35d87-8607-4ef3-a3a2-df474f3cb394,7945224.520500784,7945225.104246962,7945232.045666712,5856,200,0.5837461780756712,6.941419750452042,160
2997ff4b-72f5-4f08-ba81-04d01ae7dcb3,4d91675e-bed6-4756-af92-49701ac0572f,7945224.520514641,7945225.035483881,7945232.590835023,6055,200,0.5149692399427295,7.5553511418402195,176
2c3c25aa-0d71-49c1-a6a3-7edcb8b96b7c,dcc8b99b-cc01-4910-9253-2bf89c553910,7945221.52094067,7945222.385934669,7945232.927256181,2237,200,0.8649939987808466,10.541321512311697,160
b6e586a6-912e-47bb-a718-d656c75dfee0,e4e8f086-4b5a-4d8b-b272-2700f2ab0698,7945221.520955335,7945222.382226088,7945232.9241101295,5861,200,0.861270752735436,10.541884041391313,224
486b82fa-5d54-4fb4-8bc6-6062a568af4b,724170c2-3955-4cb1-b828-7f949b9d7ed4,7945221.520949705,7945222.844846339,7945232.95221343,6434,200,1.3238966343924403,10.10736709088087,160
69e4567d-f2e6-4f76-a0c2-86144b7c4825,01bf6cef-c97b-4d6f-8ae2-8102bf0f9a79,7945222.520243962,7945223.295949845,7945232.979872129,5960,200,0.7757058823481202,9.683922284282744,224
f77ed1a0-5809-45bf-bd9d-a61bc77e755d,ce509adb-84cd-4828-852b-e10802b976ce,7945222.520236834,7945223.297208378,7945232.981359278,595,200,0.7769715441390872,9.684150899760425,224
cdc20861-2b62-444d-a9e0-7a0a3c145cb6,ccd8f2c3-44d3-41c4-91db-1ba4dc5f9701,7945223.521106783,7945223.832249877,7945233.072553923,2683,200,0.3111430937424302,9.240304046310484,192
b25325c7-6fee-49c2-9c85-013829035f56,3babfc96-9c64-49b2-a24f-ac3cd1c177fc,7945226.520440225,7945226.736178658,7945233.243199226,1700,200,0.21573843341320753,6.507020568475127,192
d2d5b24a-6ddd-4cbd-b70a-bf73f7848b85,3bdbe03e-f2c9-476d-be78-5845bc3d6cf8,7945226.520467844,7945227.463030746,7945233.269114147,5337,200,0.9425629023462534,5.806083400733769,192
99ae08eb-dcee-4a4f-9a69-fa89fa02984e,6228ccc2-550e-4c29-97cb-5246061c5a94,7945223.521116592,7945224.135611256,7945233.347349735,5961,200,0.6144946636632085,9.211738479323685,176
fed14406-26e2-480a-85ce-bf0c008c6449,48025e73-e03f-47a3-89fc-cb934ceacb18,7945227.520853623,7945228.6739161555,7945233.5056096,4273,200,1.1530625326558948,4.831693444401026,192
d1708001-8efd-44f5-940d-ad03325f5505,8aa6063f-9cd1-4748-bc9a-78c44fd7370a,7945227.520878814,7945228.666255709,7945233.498173172,2020,200,1.1453768946230412,4.831917462870479,400
8ff3281e-8829-49c9-b0f5-ec634386744c,fb6d507d-694c-4402-9d45-f0e30b2ce003,7945227.520864884,7945228.671764806,7945233.5039618965,1856,200,1.1508999215438962,4.832197090610862,192
a12d8976-f83e-43e0-b656-18860a291714,170812a6-cb38-4169-bec1-bbe2e86c6001,7945223.521110186,7945223.856303727,7945233.64607678,1775,200,0.33519354090094566,9.789773052558303,1760
38be1bdc-480d-4812-ba13-6f5cae596ab4,a72e8095-de78-490c-ab9e-c21369095279,7945224.520510764,7945224.646105693,7945233.800412696,685,200,0.12559492886066437,9.154307003132999,176
09a1c061-2c3d-4841-8037-f776e4d4b16f,ad3e5418-e180-424b-8b3f-a75453da1b2f,7945226.520449744,7945227.447789943,7945233.929045118,3045,200,0.927340199239552,6.481255175545812,192
8a87c204-a8a5-4328-a8a2-4b06d208ce81,af58fe18-5abf-4a30-a78b-73561c06d4f2,7945226.52047114,7945227.443163049,7945233.924969574,2438,200,0.922691909596324,6.481806525029242,288
d7721fd1-4656-40f2-a5ae-5be8d21777c2,2cf6c4f8-2bdc-4486-969c-3bbcd7e36b59,7945223.5211229,7945223.79930327,7945234.039548302,2094,200,0.27818037010729313,10.240245032124221,192
e4c92d40-9fb7-4852-b348-8482a2a32b79,231beffe-da58-4516-af27-1182589624ee,7945227.520861423,7945228.088316503,7945234.126730624,5466,200,0.5674550803378224,6.038414120674133,192
edf9a781-d70d-4660-ac17-7ca3bfbbb047,3e6c5d34-1386-4cd8-9374-9aa3862b99fd,7945223.521097872,7945224.308987592,7945234.257956665,3280,200,0.787889719940722,9.948969072662294,192
0bc1ba97-a424-4ef6-80f4-f5090d1a0461,034fada1-6ff3-494e-9df1-8d72fa54e215,7945228.520130962,7945229.407521892,7945234.654234175,3252,200,0.8873909302055836,5.246712282299995,160
031b6905-b794-431a-9a36-dda99623f1e4,55e477b8-0dcf-4b42-89d3-65961d992b09,7945228.520133994,7945228.802752706,7945234.652788042,2891,200,0.2826187126338482,5.850035335868597,160
68f9501c-28ff-4475-b933-61ee407a484e,2bcd60c1-5dcf-4f0a-b326-bf9af0b4c68c,7945225.520173597,7945225.642294197,7945235.439590203,788,200,0.12212060019373894,9.797296005301178,224
a24fbec9-8050-4c45-9096-a4569a5f0aa9,3af3006f-2e77-4d23-9583-c5204d42ceb9,7945229.520310912,7945229.948869108,7945235.462436012,1328,200,0.4285581959411502,5.51356690376997,176
22cee7fa-795d-4857-a63d-2f5d5f0ca7e1,0bd71f2d-8ff1-4b8b-a899-9b785a451bbb,7945229.520301801,7945229.950978952,7945235.464951016,1704,200,0.43067715130746365,5.513972063548863,1600
f1b04c91-79bd-44e5-8663-df953165c519,47b6f51c-e139-4524-b0ed-2b8a71627474,7945226.520460258,7945227.0962872505,7945235.506241858,5919,200,0.5758269922807813,8.409954607486725,160
199e9e73-4958-4fbc-8298-412b1d183df9,b4527815-5a94-4cdd-8d25-4cd8b6f2f33f,7945227.520850296,7945228.510805385,7945236.043848963,2421,200,0.9899550890550017,7.5330435782670975,480
578ee752-e42b-4e82-a361-2715a3a76284,fba72a56-cd36-4731-8af1-a04f79c5aabf,7945228.520115324,7945229.746767559,7945236.181400821,3189,200,1.2266522347927094,6.434633261524141,720
be09540e-97c5-4496-96dd-955fe4e794e2,fdda8363-a79c-4dff-b8a5-15f6be115142,7945228.520118221,7945229.746803847,7945236.181214237,3097,200,1.2266856264322996,6.434410389512777,192
9edef3aa-c215-4ab5-8ff7-d3451c8f6529,29c4b994-3de9-45d9-90a7-a713dda14155,7945226.520463931,7945227.06753932,7945237.195056777,5704,200,0.5470753889530897,10.12751745712012,176
629b48e4-c8d7-416c-b0a8-5d0f3a52279c,35c9b5dc-29e8-498f-9ad8-87fe22f17021,7945227.520871843,7945228.744149056,7945237.204822409,3231,200,1.2232772130519152,8.460673352703452,176
d99693d7-2256-4358-a4da-1a5df0426963,a941116a-c518-4f7b-bc3c-311e10bec57b,7945228.520106961,7945229.011088604,7945237.237046031,1362,200,0.49098164308816195,8.225957427173853,176
8b96eadc-20c0-42d6-aa9c-19b832ce5529,e5488a62-a6e0-4b98-a167-55ef476697ef,7945228.520127853,7945229.008658956,7945237.234891691,1867,200,0.4885311024263501,8.226232735440135,1728
1706fa2c-50fd-4e32-a054-b72b441fe26a,ec035cd5-4099-445f-80a6-d885e8148b75,7945228.520124738,7945229.010327378,7945237.236183975,2663,200,0.49020264018327,8.22585659660399,448
b028ea37-3fd0-49b8-9eec-1474dbac2c78,07c6cfe5-ddc2-4943-8c6c-6cb93009af4e,7945225.520183081,7945225.655296308,7945237.268569723,5810,200,0.1351132271811366,11.61327341478318,4864
2a890975-fcd7-4607-b7d0-102610596d6f,f67702ed-ffe8-4f1f-b79c-d71f9ba12c4f,7945229.520314389,7945229.750407789,7945238.3394232355,1333,200,0.2300933999940753,8.589015446603298,160
d254aab5-f5e6-4a3f-8149-31cd821add27,7d83a754-194c-4131-be9f-21b4f40d2af1,7945229.520307925,7945230.17593091,7945238.366732604,5730,200,0.655622985213995,8.190801694057882,192
415d7073-a539-4d91-b85e-cc2949ade5b0,21dbf6ef-22d2-46e3-ac48-9cb8657506d9,7945227.520842364,7945229.287634075,7945238.396349173,4044,200,1.7667917106300592,9.10871509835124,192
10934df4-7df0-49ed-bae3-e1e68bda3bf6,bfd839f9-7891-4b73-8ec3-0ec4e6a3b69e,7945227.520856775,7945229.285752104,7945238.394707902,2123,200,1.7648953283205628,9.10895579867065,160
f1d73387-5797-4065-b6e8-8506ae73bf4f,6bef9240-78a1-482c-96d2-a89c97ba970c,7945227.520868687,7945228.156044604,7945238.529846631,3072,200,0.6351759172976017,10.373802026733756,288
36397d54-1c37-4e81-9b79-cb10ace18869,04c151c1-ee98-4835-b8ba-1681eccdd922,7945230.5209004,7945231.211207608,7945238.59128777,6382,200,0.6903072074055672,7.380080162547529,192
13b082d0-5d42-4122-b531-e26dc8dda949,a63362d9-272f-48f7-9f11-fab613927024,7945230.520896783,7945231.007867257,7945239.181041741,1463,200,0.48697047401219606,8.173174483701587,176
3ba36d06-f9e4-4ae7-95f4-2a32f9b41683,5342e1c8-a17c-4fb4-a32a-4e55385954d2,7945229.520282361,7945230.147113997,7945239.449760587,6073,200,0.6268316358327866,9.302646590396762,160
67964cc3-d5b9-40e3-8248-1ee7f1a4b679,76fd2099-e109-465e-8f16-7a2d91ab32c8,7945229.520304972,7945230.60285385,7945239.466518984,5666,200,1.0825488781556487,8.863665133714676,160
37759bd0-962d-43e7-beaa-836672ebf961,f4aff892-842b-4e98-af4c-cfd1deacf96e,7945231.520581875,7945231.936995829,7945240.394048145,2176,200,0.41641395445913076,8.457052315585315,416
d3a18063-cea1-4244-bbc2-d6c934b48ff3,58843bbc-fa60-4c1f-af2c-099aaaad1548,7945231.520589854,7945231.935990171,7945240.393678995,2134,200,0.4154003169387579,8.457688824273646,176
57c7656b-e48b-4fe0-99c0-a945742aa134,0de88066-b060-43c4-86e8-92b4ba42d652,7945231.520586187,7945231.935614377,7945240.39574911,1032,200,0.41502819024026394,8.460134732536972,192
83cf5f73-3e91-425a-9bcb-3b41cf9251ff,5ef28ed9-d9ba-4069-8337-a1edc2905941,7945237.520040019,7945239.433236159,7945241.295160921,5865,51,1.9131961399689317,1.8619247619062662,224
a656cf9a-3d30-495d-a040-c81c5d2dd649,a4871c4c-a224-4639-acd0-b1eb78535047,7945229.520271664,7945231.273600132,7945241.423278954,5931,200,1.7533284686505795,10.14967882167548,224
89d7c87a-4a32-4e57-bad6-0cff65bdecd1,af71c602-f33a-4d04-89ea-432032173fac,7945229.520292107,7945231.270044557,7945241.420931834,1709,200,1.7497524498030543,10.1508872769773,176
90f36c32-cf36-4939-b7e9-0170ad380734,8edd6727-c62e-4b6d-af6e-8918b8420add,7945230.520874714,7945231.671994457,7945241.447408508,3203,200,1.1511197434738278,9.77541405055672,176
ad93c976-47b3-406b-ba8c-b6475898d192,51098ee2-2e33-44d0-9eb4-d67710b1b109,7945229.520295776,7945231.670716953,7945241.446607103,5589,200,2.1504211770370603,9.77589014917612,224
5178cd58-cb6c-405d-be2e-cb95c99d7c90,937cee9f-d224-46a0-9ef8-5fe4ab699fbd,7945231.520570229,7945232.268196885,7945241.473346395,5776,200,0.7476266557350755,9.205149510875344,160
7dfee779-f047-41e2-a122-073108524a8d,bd2ab0e4-b415-4560-8ada-17cafd1ace98,7945231.520592571,7945232.266823184,7945241.47145505,1485,200,0.7462306125089526,9.20463186595589,176
7416cdf2-da79-4974-9800-a3229dc7c962,26f6e7fb-05d7-47ec-9c49-43b5ac7aed02,7945231.520599321,7945232.51096266,7945241.493559518,4252,200,0.9903633389621973,8.982596857473254,160
a5fc12fb-fbb9-4fd2-85c6-e9f4933eb170,bd8eeb28-8ddb-4e89-a649-ed73109fdad4,7945229.52029897,7945231.055245481,7945242.025737526,5773,200,1.5349465114995837,10.970492044463754,160
891cf350-40cc-4b34-8eed-c1282633f3f4,bbea6a5c-8d47-4003-8b31-48aa9eb697ca,7945229.520288977,7945231.702777746,7945242.0544933835,6534,200,2.1824887692928314,10.351715637370944,192
35ec7acb-0638-4300-8aa4-5b345f842cac,af106407-ea10-4304-a36e-a9f2fe57ec32,7945232.520943441,7945232.744660396,7945242.080871037,2650,200,0.22371695470064878,9.336210641078651,832
39b8d7a8-ee81-48d7-8ec3-9b14efd1b413,0936669e-5c64-4f1d-ada6-04ce9a565d14,7945231.520595771,7945232.000837169,7945242.081735823,2543,200,0.48024139739573,10.080898654647171,2528
508a5ab2-11a0-4ffd-aeea-0edc7422c61b,76c6a94a-5b1b-4124-a8c1-7b783e5beb5f,7945230.520887699,7945232.002188184,7945242.083629107,6015,200,1.4813004853203893,10.081440922804177,176
bdb79051-e538-450e-9f75-b83219439455,8201882b-3c83-4a5b-b140-7a5572375d5a,7945232.52096359,7945233.108585565,7945242.099549678,4216,200,0.5876219756901264,8.99096411280334,160
df2de63a-8150-4a3f-bac0-226a9737dee7,22b227dd-da9d-4799-b7e8-7aeb1547af5e,7945232.52096041,7945232.835888096,7945242.291466086,2779,200,0.31492768600583076,9.455577990040183,176
7ca526bd-b72b-46cb-be66-230ddb9d7994,6aa47392-d059-41e1-b0df-daff049d420c,7945226.520453546,7945227.140385462,7945242.497634535,5966,200,0.6199319157749414,15.357249072752893,176
c5056c20-b1af-402d-8354-8359955b361a,fda1a843-8c94-4359-a21c-7bd6444db827,7945226.520456808,7945227.139748836,7945242.500934993,825,200,0.6192920282483101,15.361186156980693,176
cc902e67-972c-41a4-b122-1bdf929b3d57,d1a58fee-2699-4cde-8dec-5a26bda64889,7945234.520509914,7945235.026718405,7945242.855786703,4125,200,0.5062084915116429,7.82906829752028,192
81541f2e-4bbe-48d8-8406-db0611be6fe9,e4dc0ced-f82e-4bf7-a8a7-2b3c0cd1ba02,7945226.520474904,7945227.271827376,7945243.095133188,1814,200,0.751352472230792,15.823305811733007,176
dc7bc3d8-dedc-4ccd-8557-695947c51b6c,fa60773d-c882-463b-8316-07d4c895e992,7945232.520957529,7945233.20720999,7945243.35454034,6052,200,0.686252461746335,10.147330349311233,192
9e72485d-2115-4a90-80c3-1f0b4b72ad1b,78d7f456-01c1-4f3b-87e0-11b338250aee,7945235.520385496,7945235.714995371,7945243.4010027265,1413,200,0.19460987485945225,7.686007355339825,176
23394086-4c5a-49ae-bb97-4c34a4a0c647,8f859b06-32e8-473b-8002-142e58a5ff49,7945233.520552157,7945234.051358649,7945243.417052655,6524,200,0.5308064911514521,9.365694005973637,192
309875e1-8783-4f75-8131-5011f260745b,6c9f1413-e467-4d64-be9e-c1beccfa7d1a,7945234.52053199,7945234.752353172,7945243.448464183,2164,200,0.23182118218392134,8.696111011318862,224
869ba3e7-fcb1-43c8-b224-46ad1d23656c,a2d50e13-b70d-4fc7-ae7b-c9da9cadaf6a,7945234.520521915,7945235.300973829,7945243.592650048,5745,200,0.7804519142955542,8.291676219552755,224
5826cdd2-e1aa-45a5-bc23-80e4ed1bfd9b,c5ee0dcb-4f4d-49c2-8f2a-ab8151ec8f48,7945234.520525346,7945235.16477275,7945243.600481444,5838,200,0.6442474042996764,8.435708694159985,176
919cc68f-b2c5-472d-9758-d346af74ba8c,825675cb-f150-435a-a754-aa57988c056f,7945227.520875583,7945228.10646451,7945243.973075832,5847,200,0.5855889264494181,15.866611322388053,176
2b99d8d6-19dd-42be-97c6-9c9f948b5bc3,861e29f7-4713-4676-b1bc-a4d3d62f4ef2,7945235.520379343,7945235.655324032,7945243.992776937,2984,200,0.13494468852877617,8.337452905252576,2976
d703a107-2c42-4cbb-8f9e-1103a0ddd301,d6ffa9d6-2f92-432f-a7e0-2110ea985d38,7945234.520499169,7945235.57974965,7945244.15073959,5847,200,1.0592504814267159,8.570989939384162,176
efdc5910-9789-4d19-8e62-21645104ba9d,afc8c001-a5de-441c-928c-72f0289bc099,7945234.520513989,7945235.57826422,7945244.14906476,986,200,1.0577502306550741,8.570800540037453,160
4dfb3bbd-c41f-430a-ba6d-e6941f527963,c0e3d991-e188-4f78-8b8e-5dd01a6f8850,7945234.520517894,7945235.667464967,7945244.183372375,2549,200,1.1469470728188753,8.515907407738268,256
0536c903-cb5e-48e8-b8ed-79bcfa7a28e7,a97b3419-50d1-4d99-ba18-6269343a8188,7945235.520382346,7945235.942664777,7945244.206596965,5074,200,0.4222824312746525,8.263932188041508,4832
b91b53a3-45ba-4252-a43a-1b4ce79303c6,912b0536-5057-493f-9682-008d1775213c,7945235.52036952,7945235.6988621,7945244.238581889,1057,200,0.17849257960915565,8.539719789288938,176
3331e847-c1bf-4568-8334-d980b7b13553,aeb913ad-d459-4fbd-906a-cf6ac2bb3fd1,7945235.520389228,7945236.119730329,7945244.256700578,5645,200,0.599341101013124,8.136970249004662,224
58682d58-33e9-43ad-8edc-e518abd8f3dc,1ba8fcf4-b3c2-4320-a37d-806f78c0ae0a,7945234.52052861,7945234.923372709,7945244.276605986,4066,200,0.40284409932792187,9.353233276866376,176
dbc92cca-0eb9-41ca-a4fa-1bce7cb33252,f1ecd1ef-d78f-4c9f-9a85-929421dfd70e,7945235.520392185,7945236.148092533,7945245.056345063,1055,200,0.6277003483846784,8.908252529799938,176
0b84740c-b7dc-407d-8adb-4dd159d1af68,b3f909ce-018e-4430-b0f6-b0dfbcd17eb4,7945228.520121514,7945228.990966943,7945245.145938144,5542,200,0.4708454292267561,16.154971200972795,176
465eb9c4-ba1e-410c-a1d6-96763681bc21,cc69a023-c1c3-4dcc-9d6f-d347a10e1419,7945237.520037336,7945238.025432671,7945245.82813484,4977,200,0.5053953351452947,7.802702168934047,176
4b162aad-4e6f-482e-a91c-05a55666a586,4295c9d1-a245-45a2-ab2e-52b55d4bb49c,7945240.520944195,7945240.7512169685,7945246.085692439,556,200,0.23027277365326881,5.3344754707068205,160
7ec6af6e-6751-49fe-8f41-f9fcdf154caa,c1b75d15-4b27-406d-967a-f255a4effcdf,7945237.52001156,7945238.265929664,7945246.366325743,5944,200,0.7459181034937501,8.100396079011261,176
06d56e02-3947-4d91-bf7a-e6ed42e2f03e,ad505044-0649-4c84-9a66-a33049893e40,7945235.52039511,7945236.641789276,7945246.473265117,5867,200,1.1213941657915711,9.831475840881467,192
762cce45-624c-4471-b4d4-0044e6e606da,6438b31e-b086-495f-8c72-0c6603de3583,7945235.520376405,7945236.646397235,7945246.478713122,954,200,1.1260208301246166,9.832315887324512,192
138e3593-07a3-4b2e-b3b3-d01fd6a486fd,d38bb58d-f195-4092-892e-2e293cc0ef73,7945236.520202616,7945237.248550784,7945246.50437548,1306,200,0.7283481676131487,9.255824696272612,1296
f1d4516d-5b2f-436f-9e40-d7fb3bc12068,dc8da506-377a-47db-b74b-fa65c921225f,7945236.520206295,7945237.247841694,7945246.5051746275,6007,200,0.7276353994384408,9.25733293313533,192
febba0e4-6e00-4b21-a9df-18737f816e69,57ff1918-00a6-4f1f-abf1-71b1dec34e08,7945241.520353466,7945241.825569709,7945246.639124774,2575,200,0.30521624255925417,4.8135550655424595,256
da980061-162a-4873-ba2f-930b07f95993,2cba0280-e9ce-4e04-935e-d0af6820ee0e,7945229.520285784,7945230.801548559,7945246.901515778,5788,200,1.281262774951756,16.09996721893549,176
f919f1ca-bd0e-44c3-85df-ebb4dc102602,a5a74f4e-963f-4aa1-b844-df4512abb1bf,7945237.520015476,7945238.140868524,7945246.953566839,4242,200,0.6208530478179455,8.812698314897716,192
1a395f12-df5d-4dae-8212-4b5ae1e63756,f80ec396-9940-4eaa-b11a-e3113ee20829,7945236.520212607,7945237.016283016,7945247.218160155,5917,200,0.4960704082623124,10.201877139508724,192
7534b856-899b-4cf6-b55c-04f72e5b2b16,1848fdf1-36ea-4090-912e-01ff672d7b6e,7945239.520539178,7945239.605320368,7945247.260467211,429,200,0.08478119038045406,7.6551468428224325,176
70184aeb-27ae-48da-9fa8-98db1952a4c5,c0dbd0bd-4010-4779-815e-795e06cc171a,7945236.52019311,7945238.25375115,7945247.271342598,4952,200,1.733558040112257,9.01759144756943,192
73d9b0ed-51f6-4cad-91bd-691c978df065,881cd439-cd62-4d96-be83-b9b80c159776,7945237.520007613,7945238.8720202455,7945247.294461438,1828,200,1.3520126324146986,8.422441192902625,176
dc465acd-2f85-4d5a-82fb-c4416f07e7be,cd915048-11fd-46b6-9dd8-c6d53337db9a,7945237.520034117,7945239.434133477,7945247.310941439,829,200,1.9140993598848581,7.876807962544262,288
fc7b292d-0d20-4c7a-b65f-fa5190e5ef3b,5c47871b-d8be-425a-92e0-3bc8f1070874,7945238.520295664,7945239.230696717,7945247.380215953,5811,200,0.7104010535404086,8.149519235827029,192
b29dba6e-a55d-4d33-b179-2c007b7778c4,f5770a69-6314-4b67-99f3-00584ca9b14e,7945230.5208927,7945231.410827716,7945247.437347937,5875,200,0.8899350157007575,16.02652022149414,192
ead70afe-f17c-4718-86cd-ab23e6313c09,d3954709-3e90-4162-b807-366fedb25f30,7945243.520047142,7945243.6142335,7945247.452024577,2886,200,0.09418635815382004,3.837791076861322,2736
746aa5f8-f39e-4498-89f2-a22a839bc822,33ea6c12-64ad-418c-9fdf-8678e88b1bad,7945240.520942059,7945241.130523573,7945247.809871423,5991,200,0.6095815133303404,6.679347850382328,160
8870be66-b369-459b-a82f-2def2ace31f5,25764557-8d50-4bc3-8d58-ccb7ee44ac5a,7945236.520209607,7945236.917957986,7945247.911101579,2892,200,0.39774837903678417,10.993143592961133,224
d97c0712-31a1-4ffc-ab70-f4c4d68bd536,ebb1ca76-edc7-4fc1-baf1-d741d0a23195,7945240.520928237,7945241.100886961,7945247.929709107,5857,200,0.5799587247893214,6.828822145238519,176
b764fff1-74b7-4300-9160-f08f20d911ec,fc03dbf1-0de7-4854-9fc3-dbbc06937d77,7945237.520030925,7945238.068921401,7945248.601362151,5797,200,0.5488904761150479,10.532440749928355,224
a1cd973b-131d-4e4f-82d7-f4847ff783ef,940160ec-0bfb-4ebc-ac97-abf254489499,7945232.520954088,7945233.645732564,7945249.366320642,6396,200,1.124778475612402,15.720588077791035,192
1dc2bc00-539a-474b-9b99-9981033e5dde,1d752596-f454-4264-b645-3b61ae3e70bc,7945238.520302366,7945239.25282198,7945249.58169968,5731,200,0.7325196135789156,10.328877699561417,192
989666e6-e08c-4e53-819c-c86348fa5968,113c9921-afda-4fc9-98dd-836eefa608b3,7945238.520308436,7945239.329077841,7945249.601734718,3320,200,0.8087694048881531,10.27265687752515,176
bf8bdd29-c415-46ea-8584-71e7b59d1907,dced35a2-1f71-49ea-a75d-eee733b63868,7945237.52001907,7945238.362068226,7945249.613993327,5786,200,0.8420491553843021,11.25192510150373,160
0d07ee1a-ecc1-4676-b981-a241f7d4131f,aa942eaa-fb40-4ee4-a6e1-593548ba0dbd,7945237.520027279,7945238.359085631,7945249.61440699,5928,200,0.8390583517029881,11.25532135926187,3824
e73c0383-afa3-4778-89b1-0270188eda09,06bd9fe0-2b10-467b-8ee7-3de10fda9474,7945239.520526188,7945240.035434361,7945249.875103133,6082,200,0.5149081721901894,9.839668772183359,176
be042a90-8655-419e-a42f-fba41b915e39,0bd71f2d-8ff1-4b8b-a899-9b785a451bbb,7945241.520338565,7945241.577738539,7945250.19705051,1698,200,0.05739997420459986,8.6193119706586,1664
23baef99-91cd-4696-9b5f-d5a733c2cacc,0bf31ffa-4595-4d11-950e-5ea31165867e,7945238.520299024,7945239.045797829,7945250.349821775,5660,200,0.5254988046362996,11.304023946635425,192
444ccbe2-ee08-42a6-9f03-97d7eec198cf,dc042378-78ad-458d-b1a6-44be64014146,7945242.520119413,7945242.699840146,7945251.117484812,1774,200,0.17972073331475258,8.417644665576518,160
e82e9f64-4442-4f14-9949-0e08ec99d132,a7fe60ad-86de-4de6-a1b1-c7f1fc1cb0c0,7945243.520043208,7945243.867054749,7945251.260915555,3689,200,0.34701154101639986,7.3938608057796955,176
8a39c45d-6dcb-4d55-830e-e025a7462080,8276d4d4-43b8-49da-ae7f-7e654ef83e88,7945235.520361412,7945236.072201758,7945251.583752036,5786,200,0.5518403453752398,15.511550278402865,224
91b03825-03f5-4f2b-b4b5-61fd9fd94ecd,11125870-5b26-45ea-8fba-47c68888a24c,7945244.520299687,7945244.805758606,7945251.591025282,3134,200,0.28545891866087914,6.78526667598635,224
e4acec61-9d3d-44f2-8e3d-b8e1c7699380,89984c0f-ab73-4aa4-b3b8-e96bb2c0c5b1,7945235.520373692,7945236.690916704,7945251.601166308,2912,200,1.1705430122092366,14.910249603912234,160
955f1ba1-ebf1-4fdf-9c7d-f9ff32d41522,d6f8e477-f975-4444-a444-268c9c3561ab,7945244.52031736,7945245.4078509165,7945251.60335811,5675,200,0.8875335566699505,6.195507193915546,176
78a48978-8bc8-4265-8ea7-f695e1c2139d,06057990-dadb-46c8-b104-17a913a4bdf0,7945246.520062903,7945246.608680423,7945251.731771271,671,200,0.08861752040684223,5.1230908473953605,176
f45930a5-3591-4073-817d-d543df5451d3,b4527815-5a94-4cdd-8d25-4cd8b6f2f33f,7945239.520536024,7945239.722627136,7945251.894387024,2424,200,0.2020911118015647,12.171759888529778,480
71dbd4a2-d9c9-4671-86ca-f54aab0d0921,4681109f-b6ac-4c2e-b51b-95fbb0ccf6fc,7945239.52054245,7945240.123450218,7945251.923075114,5486,200,0.6029077675193548,11.799624896608293,224
aae8e35f-a32e-4110-a6ef-268dc0dd4df8,e252d297-3d3f-4c5a-8afc-b644cb099865,7945243.520028053,7945244.171542113,7945252.155689553,5887,200,0.6515140598639846,7.9841474406421185,176
b49f564a-55d3-44a0-af6c-8107d493bdc5,e7ddf100-0645-4d83-9de1-cdfd98d12da1,7945243.520050744,7945244.722398924,7945252.176019053,4077,200,1.202348180115223,7.453620129264891,176
2b4c4cd9-43da-4c9c-97d6-a7332eaf9c0f,e5488a62-a6e0-4b98-a167-55ef476697ef,7945244.520309512,7945245.311203568,7945252.20111323,1855,200,0.7908940566703677,6.889909661374986,1824
1915f895-a955-4244-855d-883e908cb7ea,b2b28eea-494d-4c24-b6d8-00f553246d00,7945240.520936937,7945240.815325305,7945252.595730976,1858,200,0.2943883677944541,11.780405671335757,192
65d7c707-80b3-4277-a70e-5003941a0b77,8aa6063f-9cd1-4748-bc9a-78c44fd7370a,7945247.520317095,7945247.705491588,7945252.62953745,2028,200,0.1851744931191206,4.924045861698687,400
42fc1241-c708-4857-973a-82e926231169,cb5f3703-6da0-4120-9adb-188860ebbdd5,7945242.520122316,7945242.789892242,7945253.271687444,2368,200,0.26976992655545473,10.48179520200938,192
356ff43a-2695-4032-b478-c59fdf5973e6,af58fe18-5abf-4a30-a78b-73561c06d4f2,7945246.520072277,7945246.719308714,7945253.4386702,2406,200,0.1992364376783371,6.719361485913396,480
c5b46f69-7c7f-419f-987b-c6a08f984115,d77e7ed2-7184-47bd-9b19-385348298a61,7945243.52003916,7945243.755790608,7945254.208877998,2664,200,0.23575144819915295,10.45308739040047,160
7bda02bf-b9a0-44c9-b549-4e4270fdb18b,f4aff892-842b-4e98-af4c-cfd1deacf96e,7945247.520334059,7945248.119659307,7945254.31263972,2179,200,0.5993252480402589,6.192980412393808,416
2c55dfbc-ffdb-44de-8ab6-49794f5ba0e2,b1d48415-2679-4cdf-930c-839699995501,7945246.520050345,7945246.907915879,7945254.329107457,4405,200,0.38786553405225277,7.421191577799618,176
359d0880-2ffb-43a6-98da-4ff7a9158faa,3797ba5d-fcc7-4791-8c86-0439e19be4b7,7945244.520313612,7945245.062571724,7945254.443936915,6100,200,0.5422581117600203,9.381365191191435,176
44fa7257-9bef-4a0a-9b39-09089534fc2d,42303959-8373-4fb5-b881-e39d2351d467,7945248.520426867,7945248.863615628,7945254.449876645,3988,200,0.34318876173347235,5.586261016316712,192
fa950d2c-bfe7-4f36-b113-faa3df432ad1,41ebc82e-eb6d-418f-b73e-022fa300e998,7945237.519992599,7945238.715262873,7945254.572272439,5839,200,1.195270273834467,15.857009565457702,160
5f1799c6-eca2-42dd-9509-e09fffbb78ed,060f2ac7-a6fe-475c-862b-44d01526e2fe,7945247.520327298,7945247.796855173,7945255.007265146,3123,200,0.27652787510305643,7.210409972816706,160
b5427a6e-598f-46ac-96a6-5632ebd87e9a,31a18d24-4d97-46f5-88d7-b218f1a9d035,7945237.520043751,7945239.311511473,7945255.1460775025,2670,200,1.7914677215740085,15.834566029720008,160
4a6a4a61-4034-4a49-b966-2ca71bae26d7,ddf859b5-dde2-43b4-ac73-c5baf651f446,7945238.520279881,7945239.320877046,7945255.155348058,1661,200,0.8005971657112241,15.834471011534333,224
02f5d6b1-58eb-480f-9002-81e713266084,127f378e-d0dc-464e-a79a-fa7013197aab,7945237.520023232,7945239.3213360375,7945255.153249276,5214,200,1.8013128051534295,15.83191323839128,176
0592a0b6-f0cc-4ef3-bc0c-877d5ca1af50,cca96de9-6408-4913-ba55-66f765509f5d,7945248.520423987,7945248.666012221,7945255.198409252,1440,200,0.1455882340669632,6.532397030852735,176
a8aa4846-d8fa-4b40-8464-8d28c90fb974,8cb1914f-d8d8-4dc5-a5c1-41cb5213fa37,7945238.52028892,7945239.9626146,7945255.784695434,3519,200,1.4423256795853376,15.822080834768713,176
e93ebaf9-0381-446c-b9db-bc907affeae8,bc829e6b-bf7d-471a-b1e0-497440ccbb5a,7945238.520292285,7945239.962378671,7945255.78554958,5873,200,1.4420863864943385,15.823170908726752,176
4c2849fd-1b41-41a6-bdb5-62c1610500c8,83c43919-a2bc-41bd-8bf8-b7585910d60a,7945249.520819393,7945249.653836863,7945256.008202122,1421,200,0.13301747012883425,6.354365258477628,224
b13e3d80-5b84-43a0-bc9b-10c327dbc909,39f0db0a-82e8-429d-aa53-89c2802d7dac,7945238.520305336,7945240.62133253,7945256.299505371,1336,200,2.10102719347924,15.678172840736806,224
84b85f8e-f267-470c-8b64-71fe24d84c5e,7dca581a-2e82-4ca0-bf23-35337ca94cc0,7945248.520429933,7945249.04097024,7945256.3081516875,5884,200,0.5205403063446283,7.267181447707117,176
9c156728-ba8c-413b-b497-4c6db542f3c7,b4c5b65e-b0b2-4149-a9a2-a49a11473845,7945249.520812093,7945250.008779672,7945256.364477443,5774,200,0.48796757869422436,6.355697770603001,160
0e1ab8a4-2d28-4404-bb03-60b7f8ea41a7,30971b06-21cb-430b-9b96-f4da653a673d,7945248.520420148,7945249.060165447,7945256.403836889,5915,200,0.5397452991455793,7.343671442009509,176
e752339b-e84e-4167-9327-ac3c38eef389,41705093-4c8c-4a90-99d2-ad3181aceb70,7945249.520800778,7945250.025371665,7945257.408391601,5701,200,0.5045708874240518,7.383019936271012,192
f0572b43-d431-492f-8fa1-e20a9f8a4fbf,cd915048-11fd-46b6-9dd8-c6d53337db9a,7945250.520893768,7945250.576456938,7945257.509155159,817,200,0.05556316953152418,6.932698220945895,784
faa01b5f-d6a5-4a33-9105-73df44becaaa,977ac36b-bb7b-4aac-bf3e-938831af0d6d,7945246.520067875,7945247.735427256,7945258.546773747,5589,200,1.2153593804687262,10.811346490867436,256
bdff6d61-a580-4cf9-aa4c-af94cbc12a6a,c8b7ff65-cf0d-44ff-991e-2b8fd4458b22,7945240.520939795,7945243.098730776,7945258.587054608,4805,200,2.577790981158614,15.488323831930757,176
6d51ac3f-7916-43ad-a7a1-4af4ed41025a,e0f89448-f876-416b-8010-7e072a728504,7945250.520902152,7945250.981309992,7945259.030807071,5839,200,0.46040784008800983,8.049497079104185,160
a3c05f36-50af-4d83-932b-83ef9882afb8,d4b57d15-884a-4f2d-89bf-cbd7ff0bfb90,7945251.520006391,7945252.225317814,7945259.526476409,3124,200,0.7053114231675863,7.3011585948988795,224
f90daa35-55ef-4a6a-afcb-5a7fd58e8492,e32a076c-30ff-426f-bce8-121b072666e8,7945251.520009605,7945252.845519874,7945259.555918111,3411,200,1.3255102690309286,6.71039823628962,16
d4e8722b-6300-47f0-b9d4-12af993f05b7,53331c8b-4eec-428f-89e8-96e8338db919,7945252.520350793,7945253.918603017,7945259.584932417,5980,200,1.3982522236183286,5.666329399682581,160
38fb00d6-4b3a-40b0-984a-d2395e285e0f,19e245be-212e-4849-8f21-2c5fb9e6f9e4,7945252.520315865,7945253.126537982,7945260.0982517395,1252,200,0.6062221173197031,6.971713757142425,176
231ec4f3-17df-432e-b8c6-208d7ca4b713,d566688b-c12f-4f43-a23a-91a9e9641df7,7945252.520324585,7945253.252757905,7945260.117966595,1989,200,0.7324333200231194,6.865208690054715,224
b61ec7e0-23f7-48ed-9fd3-a0b32c2a3101,f56eb112-09aa-410e-941f-40b32b5b1551,7945254.520482963,7945254.941095294,7945260.195576585,4361,200,0.4206123314797878,5.2544812904670835,224
d6956a84-e3bf-4828-b506-5566772982c5,d38bb58d-f195-4092-892e-2e293cc0ef73,7945254.520476443,7945254.942592006,7945260.197560713,1306,200,0.4221155634149909,5.254968706518412,1296
9de4efe4-5749-4e3c-a4b3-024f5b4648c3,2d04a413-22fe-4614-bb84-9ea52c8c3a73,7945251.520012315,7945252.324987112,7945260.2970550945,5946,200,0.8049747962504625,7.972067982889712,160
e7329d78-39f1-493b-a8d1-1f00e7aa0209,d2d5bd84-b3bd-4a48-8157-0a1a9475ba55,7945251.51998782,7945251.82935885,7945260.385802546,2836,200,0.30937102995812893,8.556443695910275,176
adb1c995-0a63-4e0e-8860-2b911e0bafff,af106407-ea10-4304-a36e-a9f2fe57ec32,7945251.519999401,7945252.43850518,7945260.411293577,2648,200,0.9185057794675231,7.972788397222757,832
ea620159-ec08-4235-9da0-f9a74cf501bb,f3a3a146-a735-459e-af58-d3d7626b4a21,7945251.520017791,7945252.433495579,7945260.406513092,6147,200,0.9134777886793017,7.973017512820661,192
fa5daa2e-7494-46f4-9b84-28aa59c256f5,6ee396d8-db4c-4684-88ab-113b143832cd,7945249.520815817,7945250.071604484,7945260.431055271,5689,200,0.5507886670529842,10.359450787305832,160
a638c4b6-bfc2-4aad-8600-c9e1a7707c25,50844e5e-9277-49cc-b561-36669f0ad23e,7945251.51999613,7945251.898111302,7945260.463261367,3939,200,0.37811517249792814,8.56515006441623,192
4befdc57-228b-4b09-9670-4eb508e97ec9,50255ca8-a7bc-49f9-aa44-a33caa66a0be,7945252.520373054,7945253.301858319,7945260.597337322,5940,200,0.7814852651208639,7.295479003340006,176
443e8f78-34ba-49d7-a926-24ee5db13d98,0936669e-5c64-4f1d-ada6-04ce9a565d14,7945252.520333706,7945253.052449982,7945260.702400209,2543,200,0.532116275280714,7.649950227700174,2528
fae9c3be-cee7-4343-8f92-033b1fdf463d,7f03b1ba-06bc-47a2-be64-1a59fab8ce22,7945252.520359223,7945253.466321412,7945260.718849382,5782,200,0.9459621887654066,7.252527970820665,192
ef484890-3656-4ca2-9a9d-ee6f6b3a86be,b25956a5-e9c7-45bc-bd5b-3553a68b6dc1,7945252.520377445,7945253.6448394265,7945261.099948113,1813,200,1.1244619814679027,7.455108686350286,160
a51541bb-d8aa-4195-b3c3-b51bd1ad6977,eb47aef2-5af4-4ab2-9e3a-6321c91f6f64,7945253.520639909,7945253.968791805,7945261.282565844,5804,200,0.44815189577639103,7.313774039037526,176
589dea66-01da-4108-9e0d-fe768e999e15,0b745e6f-d44a-48f9-a807-a21f2458356f,7945252.520329634,7945253.182628907,7945261.313063058,5887,200,0.6622992735356092,8.13043415080756,160
5b90c36a-a942-4042-9aab-ba24e79ac37b,12660cf2-26fe-4c78-a8b3-e603c06b965a,7945254.520449201,7945255.055919317,7945261.720422921,5889,200,0.5354701159521937,6.66450360417366,160
d8a46284-f0b6-4b91-afe2-ce5fa9c65f42,20a3f959-78cc-46c6-8962-31e21ecd5c4e,7945241.520350791,7945245.348021142,7945261.848735168,1606,200,3.827670351602137,16.500714025460184,192
66112b94-97a2-4b10-a8d6-80b0519532a5,a3dab01f-d1d0-4917-85cd-54cb085d56db,7945241.520347421,7945245.349256158,7945261.851116064,1172,200,3.8289087368175387,16.50185990612954,160
de991c20-61e8-4bb3-a20c-787c4eb7bef0,912b0536-5057-493f-9682-008d1775213c,7945254.520473403,7945254.704001719,7945261.872804319,1057,200,0.1835283162072301,7.168802599422634,1056
9963faeb-5b91-4d07-8a3a-23c0be50435b,f77b3e1a-28ab-448e-9c49-1437284550c7,7945255.520605371,7945255.665532281,7945262.37330602,1246,200,0.14492690935730934,6.707773739472032,224
36596871-4a02-445e-af79-b1c46d39e1d3,d75fc6aa-3530-4026-a801-ef7d33d2f263,7945251.520015041,7945251.661443966,7945262.427932562,468,200,0.14142892509698868,10.766488595865667,192
8bd27e6c-89cb-4d14-92ce-496800f6c0f8,c4d3dc38-186d-40b5-b82e-511fcca85150,7945254.520470019,7945254.89988159,7945262.6123401,3639,200,0.37941157072782516,7.71245850995183,192
8724eb1a-1c94-4ade-8c4a-4cd66b7ac848,c7982c70-c5d4-4b9d-9f05-ceacbb6c0ad6,7945242.520111136,7945246.463500021,7945262.812727911,2429,200,3.9433888848870993,16.349227890372276,192
7abab5c6-5950-4e29-bbdd-ee1d20b7c00f,43457d7f-b6c5-459b-ad04-d0f5e27a0f7c,7945256.520697388,7945256.747178796,7945263.201020772,2241,200,0.22648140788078308,6.4538419758901,16
449b1a71-7255-4be0-b04b-2242d64e15dc,c56b9229-6877-464d-915f-96351da897ef,7945256.520693251,7945257.017984023,7945263.331364923,4873,200,0.49729077238589525,6.313380899839103,224
ef218565-7ed6-4c42-bc61-512b41483439,25e05b43-67ce-4b7b-8e1a-a1867aa8c036,7945254.52047977,7945255.63490536,7945263.546264626,6029,200,1.1144255893304944,7.9113592663779855,192
ac4792c7-acfd-422e-b6b9-bffc325ad97d,55e477b8-0dcf-4b42-89d3-65961d992b09,7945255.520612787,7945255.852000469,7945263.57489412,2879,200,0.33138768188655376,7.7228936506435275,160
ef5a1b3a-6ded-4262-9fd1-5fbca483ae62,c0dbd0bd-4010-4779-815e-795e06cc171a,7945255.520609339,7945255.852478283,7945263.575564378,4952,200,0.33186894468963146,7.723086094483733,4944
abdb4f78-d6de-4087-9200-7fd4b44a4b42,396067f9-cf14-4d86-bd9f-220abe7ead62,7945247.520331177,7945248.513111072,7945263.582941852,5950,200,0.9927798947319388,15.069830779917538,192
9919e2a8-bdab-46f6-9442-b2a393125d4d,170812a6-cb38-4169-bec1-bbe2e86c6001,7945248.520410597,7945249.367374044,7945263.630808188,1831,200,0.8469634465873241,14.263434143736959,256
6e984384-b991-4b8f-a607-e31bc506b2ae,e252c7b2-268a-46f8-9aef-034d91473c0c,7945249.520822959,7945250.290659294,7945263.685212543,5936,200,0.7698363354429603,13.394553248770535,160
ba6ac969-0f95-4e78-96b5-0022a918d59e,e43607a6-bee1-4fdf-a0b4-8ea2245eecf1,7945257.520636891,7945257.986052777,7945264.134344859,1860,200,0.46541588567197323,6.148292082361877,192
4cfa0bd9-d661-4f79-81a9-288ab828c3f8,e6f02cf2-63e2-47aa-88a9-85c903954750,7945256.520704314,7945256.866812114,7945264.331156988,3578,200,0.3461077995598316,7.464344874024391,160
f49fa530-4dd2-41aa-b91b-f4d4e9871bb3,81505de9-db89-4e1a-8deb-0cfff5c3be97,7945252.520346389,7945252.752982165,7945264.385136022,1662,200,0.23263577558100224,11.632153857499361,176
ac944391-11fa-46cf-8bb1-3668993064d9,b9b91956-d519-4e8c-ab83-8b3d59ff4c1e,7945257.520632679,7945258.482181943,7945264.485797482,5813,200,0.9615492643788457,6.003615538589656,176
f2247308-6ae0-4ac8-8d7f-4da9ce4ccb6c,8b3b7df3-f53b-4397-b9ae-1bd08411c732,7945257.520639795,7945258.072585752,7945264.592191472,5844,200,0.5519459573552012,6.519605719484389,176
6e174ce2-4c4e-42d0-9a35-ae413bfe7f40,c47b88bc-8337-4fcb-bb63-b8c147f8261e,7945257.520623262,7945258.651978313,7945265.002147567,5789,200,1.1313550509512424,6.350169254466891,192
5830d03f-3781-4159-9d69-e33df97e51e8,90459a3b-3485-49f1-9ff4-20b06e66b7dc,7945257.520649417,7945258.912430366,7945265.015650474,5886,200,1.391780948266387,6.103220107965171,160
222a1bba-adc6-4be4-b060-9b5e04509d2c,684c786a-badc-48de-b322-c0adb845e0af,7945252.520301715,7945253.901746425,7945265.161366111,1949,200,1.3814447103068233,11.259619685821235,192
e800e1c6-feed-4bb2-b0a8-f5d59d8c7e2b,cefc6823-5ff4-4638-94ce-6bc5efae4bb7,7945252.520337819,7945253.898641431,7945265.158144843,665,200,1.378303611651063,11.25950341206044,176
87afec62-c88c-4ad7-8a87-3eef5bef830a,f2c8fa8a-6fa2-439d-8757-8199060b169a,7945252.520368234,7945254.012250461,7945265.178580923,5234,200,1.4918822264298797,11.166330462321639,176
b04c9b16-d4ce-4407-af39-8aa5dcb90e71,a3dab01f-d1d0-4917-85cd-54cb085d56db,7945252.520341969,7945254.012932485,7945265.234224525,1333,200,1.4925905158743262,11.2212920403108,1152
44db332f-0383-4090-a75c-8b4c569485a7,b5f8cc72-86b3-4d6e-97a0-b612ac47f05a,7945252.520320505,7945255.153363276,7945265.629727547,5950,200,2.633042771369219,10.47636427078396,192
b6467508-c96b-4527-8037-073b41da8e0f,b38f7d51-ee06-41a2-897f-9594e9dfb054,7945258.520306568,7945259.0103756115,7945265.69276491,5788,200,0.49006904382258654,6.682389298453927,176
770cc637-d5fb-453b-9d07-18079d3abed2,0bd71f2d-8ff1-4b8b-a899-9b785a451bbb,7945259.520187438,7945260.16554815,7945265.750819323,1755,200,0.6453607119619846,5.585271172225475,1664
2fc153e1-6887-4bf1-b447-7be9e3f61965,f271ebe9-b215-4499-a991-8ff24c4302bb,7945259.520198996,7945260.165007568,7945265.749991389,3930,200,0.6448085717856884,5.584983821026981,176
0d901f82-2f81-463f-8c4f-eb6eb97eb7e1,b8da1dd5-81ed-4005-bc7f-80a71f22ed71,7945254.520461792,7945255.782961967,7945265.760912699,5267,200,1.2625001752749085,9.977950731292367,176
57c618e0-3f5e-4fdc-b54a-b7b80ffba7de,be47ec66-79ab-4aa4-bbaf-d9fef785d9a0,7945256.520707924,7945256.707967974,7945266.065323097,1850,200,0.18726005032658577,9.357355122454464,160
b3f361ff-d8a1-4364-b7eb-0ed5e7f0eca3,9e580bae-2f35-4dfe-997c-4787138befb0,7945256.520711383,7945256.936302427,7945266.088279494,1943,200,0.41559104435145855,9.151977066881955,192
f05ac2ba-e11b-4e9c-8316-16242e0a7db1,4d91675e-bed6-4756-af92-49701ac0572f,7945258.520316296,7945259.025199676,7945266.1135538835,6044,200,0.5048833796754479,7.088354207575321,176
edc23cf0-c6b8-42cb-a25c-7bdd3ab5dcdd,99f1f6df-a16f-4986-bef1-52e47aec378f,7945255.520595696,7945256.306408769,7945266.194796858,3900,200,0.7858130736276507,9.888388088904321,160
35933095-4334-4c99-89e4-6bd65ed83aef,d1267d78-73ba-48bf-844a-30f28f4bac7c,7945254.520467372,7945256.306387561,7945266.192605973,5861,200,1.7859201896935701,9.886218411847949,176
db28bf85-4314-4e04-9f16-bb1a61de85ea,6f4a7340-4bd4-446a-8cc1-2367016ee48c,7945254.520458226,7945255.050146967,7945266.4665557565,5969,200,0.5296887410804629,11.416408789344132,192
3a4fbd94-2897-4e86-a3bc-ddc7270888e6,8f981136-8343-4ee0-8adb-07bae5162d5b,7945254.520464632,7945255.490810165,7945266.491704636,5919,200,0.9703455334529281,11.00089447107166,192
fd957bfa-eea4-4ece-8168-a6563311d0af,00960d8d-92b2-47dd-a410-ce898eaf23c2,7945260.520047853,7945261.022210301,7945267.082256409,5865,200,0.502162448130548,6.060046108439565,176
2ed45c68-d6bb-4c74-90a2-557c14821e58,9f4a967c-69d5-46cb-a48b-7028ac8a0984,7945257.520652353,7945257.9687082805,7945267.390256166,5008,200,0.4480559276416898,9.421547885984182,176
e16c7a47-a76c-4348-8a6d-e56820df2eaa,ea0112a1-5acd-4249-9207-038c80625b12,7945257.52064574,7945258.054815433,7945268.315830824,5939,200,0.5341696925461292,10.261015390977263,176
71c95706-8697-4c6f-addf-32ee82a2ac16,a97b3419-50d1-4d99-ba18-6269343a8188,7945257.520642694,7945258.4479364995,7945268.344991289,5237,200,0.9272938054054976,9.897054789587855,160
d40f1f54-9947-44b2-9daf-47277ee1a705,57ff1918-00a6-4f1f-abf1-71b1dec34e08,7945261.520360111,7945261.616151596,7945268.391074263,2636,200,0.09579148516058922,6.774922666139901,2560
35f296fe-732f-4123-b742-3ed1ce4bc3b5,b4527815-5a94-4cdd-8d25-4cd8b6f2f33f,7945258.520310001,7945258.769231576,7945268.489661891,2413,200,0.24892157409340143,9.720430315472186,256
20f17e3b-7446-45cc-91fc-a8a0f5ebcab9,08fd4f28-cfe4-49c1-85a7-0a1ca9c62bf4,7945256.520681126,7945256.647714643,7945269.13644081,813,200,0.1270335167646408,12.48872616700828,192
0e21eb67-4ffb-451b-bdef-aab480f8eeb2,a2d50e13-b70d-4fc7-ae7b-c9da9cadaf6a,7945256.520700927,7945256.8265484655,7945269.164717083,5733,200,0.3058475386351347,12.338168617337942,5728
9357e70b-32d5-45a9-8d41-4fadf737887c,7c3d9d5e-536a-4db4-bbf4-b05c9113f99d,7945259.520202821,7945259.911183188,7945269.169976898,2214,200,0.3909803666174412,9.258793709799647,224
70b1f28f-2e12-48da-a5e0-680d228d0fa7,97baf3da-711b-4810-94f8-bd636b16cb9a,7945263.520947355,7945263.625570404,7945269.569052515,908,200,0.10462304949760437,5.943482110276818,160
d4ee58f9-1d74-4445-a4eb-a7bbf1eaa701,f4aff892-842b-4e98-af4c-cfd1deacf96e,7945264.520172398,7945264.715597577,7945270.05284998,2171,200,0.19542517978698015,5.337252402678132,416
cc112f48-1797-41e7-b0d0-75bed3f80e4b,af58fe18-5abf-4a30-a78b-73561c06d4f2,7945264.520194364,7945264.8874835465,7945270.068652821,2405,200,0.3672891827300191,5.181169274263084,480
bfcb80b0-f89c-4aed-9e4d-a535754e8ec1,e74245db-a56d-47ca-9c2a-8e63314d403e,7945258.520313681,7945258.812415835,7945270.587757809,3182,200,0.2921021543443203,11.775341973640025,160
6ea686e5-22a5-4c44-bf23-bc9b3f2de6cd,27b28b59-8639-4edb-98d5-099555d9b2a6,7945258.520319703,7945259.425215188,7945271.069405894,2089,200,0.9048954853788018,11.644190705381334,192
bf0294fc-bf25-48d4-b3ea-e180a99e13b5,8201882b-3c83-4a5b-b140-7a5572375d5a,7945257.520655581,7945257.927726124,7945271.108953947,4216,200,0.4070705436170101,13.18122782278806,160
e27ff971-db9c-4d28-a9cc-e5b02e074deb,169b543e-8c75-4952-9e23-705f71128139,7945265.52027218,7945265.670642874,7945271.309040121,1378,200,0.15037069376558065,5.638397246599197,192
1dc5c3e6-55eb-441f-8e07-13dd288b5e94,7b2e5dae-5d3e-413e-aa17-79e5e13971cb,7945260.520041584,7945261.019524673,7945271.506403656,5748,200,0.49948308896273375,10.486878982745111,192
d960d7a8-5d16-493c-aa72-c4db2ca55bb6,8ccb7a9c-c0f2-430f-aa35-4054852335ef,7945260.520037554,7945261.443797165,7945271.544047749,3793,200,0.9237596103921533,10.100250584073365,176
21eaa5e2-edf5-4199-91fd-51d7ff644693,ccd8f2c3-44d3-41c4-91db-1ba4dc5f9701,7945258.520295503,7945259.825619495,7945271.569211254,2887,200,1.3053239919245243,11.743591759353876,192
5f09350d-ce87-4feb-a9e2-6fa5a6f84e7c,cf4fae3f-b581-4c59-9fef-3738c46b3c2b,7945263.520956884,7945263.750396529,7945271.570756049,2277,200,0.22943964507430792,7.820359519682825,160
5b6edae4-62c6-484e-85b5-9f3d9a753620,afc8c001-a5de-441c-928c-72f0289bc099,7945263.520963189,7945264.158876876,7945271.572901391,1247,200,0.6379136871546507,7.414024515077472,160
271e69b5-749f-4c45-a1f9-113ed2dc8750,bbea6a5c-8d47-4003-8b31-48aa9eb697ca,7945263.520960517,7945264.293744278,7945271.584875675,6696,200,0.7727837609127164,7.291131396777928,192
d7e57732-bf5b-4849-a97d-07d8a1b21fd5,41d7460a-e0a1-4300-9f40-37670c541e0c,7945261.520340615,7945262.133664208,7945271.887953186,1253,200,0.6133235935121775,9.75428897794336,288
0f46c3c9-c8ff-4c94-8ceb-f1064ac8b91e,47b6f51c-e139-4524-b0ed-2b8a71627474,7945260.520044612,7945261.0064556,7945272.309029117,5842,200,0.48641098849475384,11.302573516964912,160
bccf85be-3e59-4e4b-b7e4-52518f00243d,f7ee062d-4842-49dc-93fa-f6db64295351,7945260.520050641,7945261.625684644,7945272.334399697,5973,200,1.1056340029463172,10.708715053275228,176
a4d724f3-327a-412c-91e3-49dc95033c6b,27e00e2e-21f7-46b8-8008-d0a46fedbeee,7945260.520025949,7945261.629381146,7945272.339933138,954,200,1.109355197288096,10.710551992058754,288
9335f62d-c99d-4171-8dc9-dc4acfa04dcb,36072142-1340-4cca-b3ba-83f8c8f4afb5,7945262.52016824,7945263.029766778,7945272.339596129,6028,200,0.5095985382795334,9.309829350560904,176
08ef6799-6efe-42cd-b2b4-b15889269aad,8c66f4b5-d213-4e99-89aa-3f646bb39a87,7945261.520349902,7945262.528263255,7945272.393595282,6000,200,1.007913352921605,9.865332026965916,176
a27054d5-e454-4a75-b43d-b38040ed5983,ce509adb-84cd-4828-852b-e10802b976ce,7945261.520367259,7945262.523464481,7945272.390564417,595,200,1.003097222186625,9.86709993518889,224
bd3c364c-4a6a-43e7-93a8-eed092f4a5c9,29c4b994-3de9-45d9-90a7-a713dda14155,7945264.520185965,7945265.223932594,7945272.453040859,5704,200,0.703746628947556,7.229108264669776,176
2d9ac620-f71b-4b30-b65d-a5f4f24493ed,bd8eeb28-8ddb-4e89-a649-ed73109fdad4,7945264.52018385,7945265.479775269,7945272.476106951,5771,200,0.959591418504715,6.996331682428718,160
e2c7e95c-e26e-42f1-8c34-0a9ac516181b,05df5986-4b14-436d-8a7a-c4b26a4be8f5,7945262.52017921,7945262.885229421,7945272.488353153,3775,200,0.36505021061748266,9.603123731911182,176
bc8e6ce3-cb0b-4b5c-bbd5-6c7a375629e5,1944b4a9-25a6-481b-a8a6-9b9e9f4d0c67,7945262.520172813,7945263.488202044,7945272.513883543,5895,200,0.9680292308330536,9.025681499391794,224
a2713844-8344-443d-afb1-ccb3d1e49936,63dbcaa2-f60a-484e-98c0-24f6814d7556,7945262.520182189,7945263.486629974,7945272.5136684105,2691,200,0.9664477854967117,9.027038436383009,192
a140b707-79bc-4f4d-bc66-db09f233be42,8aa6063f-9cd1-4748-bc9a-78c44fd7370a,7945264.520180781,7945265.157845638,7945273.157971409,2007,200,0.6376648563891649,8.000125771388412,400
45561bd0-42e4-47e5-9df6-fde16caf3d6a,eaba400f-f029-457a-b05a-0a6f98a6ec83,7945264.520190361,7945264.80855496,7945273.259191882,2618,200,0.28836459945887327,8.450636921450496,192
eb628e53-9d05-469e-a7e0-e5ca4a7a1c53,b0e0ac14-8af5-4799-bee0-183834e865d4,7945264.520188202,7945265.233355879,7945273.596832029,5809,200,0.7131676767021418,8.363476149737835,176
08b7c12b-8621-4508-b995-761c7d3010cd,7db323ee-7338-40ca-b957-d7f35acd4336,7945264.520192389,7945265.5057291305,7945273.868126593,5901,200,0.9855367410928011,8.362397462129593,176
4056a84a-3967-44c4-8cf7-2a0a96dbc7af,4295c9d1-a245-45a2-ab2e-52b55d4bb49c,7945267.520868231,7945267.584483119,7945274.171078045,544,200,0.06361488811671734,6.5865949261933565,528
77846e28-fc66-4301-be2c-d67d79a6b423,bd3ab7eb-0595-4c3a-b717-f9c55e72b6cc,7945266.520346821,7945266.907657283,7945275.39635108,3411,200,0.38731046207249165,8.488693797029555,224
7070b83d-d4af-43fc-a68a-020763752f67,4ea323b6-3ea0-43fc-b190-c775d192ad29,7945266.520348876,7945267.510663621,7945275.419689523,915,200,0.9903147453442216,7.909025901928544,160
0d9ff7ff-c646-4663-9f0a-80bd0dcc332f,5c310efb-bfc5-46d7-97ea-542167b82029,7945266.520333288,7945266.770637688,7945275.58949169,2758,200,0.25030439998954535,8.8188540013507,288
d19ed089-991f-4a76-9358-6a307a79cc4a,5761bb36-4436-4d2d-b483-82492b5b7782,7945268.520045458,7945268.770013497,7945275.9054706935,2670,200,0.24996803887188435,7.13545719627291,192
1e32d56c-6124-443d-bac2-973b338391c6,01bf6cef-c97b-4d6f-8ae2-8102bf0f9a79,7945266.520341385,7945267.078972857,7945276.1159156645,5913,200,0.5586314722895622,9.036942807026207,224
7c1538a1-4f00-4b36-8898-5fcb41d68ca7,06b96d78-d574-4242-88bf-812e4fb33e49,7945261.520364375,7945263.44331115,7945276.28305082,1779,200,1.9229467753320932,12.839739670045674,192
0808bb63-c392-441b-8730-5076154f1d29,7e2e7623-9e79-4fcd-af36-959e2862cb05,7945261.520353775,7945263.44618943,7945276.287015083,5696,200,1.9258356550708413,12.840825653634965,160
aca3e845-7f49-42ca-b7ec-ec73969837b1,0bd71f2d-8ff1-4b8b-a899-9b785a451bbb,7945271.520037022,7945271.5851308,7945276.339690933,1802,200,0.06509377714246511,4.754560133442283,1728
6ab425fa-66f9-4b7e-981a-48f3b0b27e9e,6205a7d7-30c6-4588-aae4-93bd8a23b6d5,7945268.520048237,7945268.845136005,7945276.594236782,3305,200,0.3250877680256963,7.749100776389241,160
48429bc9-a6a8-41d7-ad2d-bf90754474bb,43457d7f-b6c5-459b-ad04-d0f5e27a0f7c,7945269.520963356,7945269.732921406,7945277.023876534,2226,200,0.21195804979652166,7.290955128148198,368
77e1b7e3-877e-4792-aa1c-ef07efe3c111,ec035cd5-4099-445f-80a6-d885e8148b75,7945269.520975939,7945270.338821113,7945277.043213354,2580,200,0.8178451741114259,6.7043922413140535,288
7cc61fc6-717d-44e3-aca2-1d059182106b,6be13090-1fa6-466d-b960-d0765f22b5e4,7945269.520954621,7945270.342711345,7945277.047819499,5892,200,0.821756724268198,6.705108153633773,160
35a0b4e2-6b8c-43a8-b103-bb3ad042bd12,dced35a2-1f71-49ea-a75d-eee733b63868,7945269.520972961,7945270.01626756,7945277.2731982665,5774,200,0.4952945997938514,7.256930706091225,176
c370d907-6bfb-4bf4-84d6-5e14a565b674,af106407-ea10-4304-a36e-a9f2fe57ec32,7945261.520356932,7945262.204440516,7945277.284118525,2638,200,0.6840835846960545,15.079678008332849,832
e31acd44-70ee-4721-a59b-9d84be1a25e2,d75fc6aa-3530-4026-a801-ef7d33d2f263,7945270.52021957,7945271.264578123,7945277.331980666,556,200,0.7443585526198149,6.067402543500066,432
1d39b4cf-7576-42e0-85c0-8e236b1d70c8,5c06298c-86e7-48f5-99ec-f360b1699941,7945268.520053451,7945268.974586322,7945277.40600486,5089,200,0.4545328710228205,8.431418538093567,224
1aa48748-e6bc-404d-99dd-0c1535f5a8f8,1e4cedf5-0c16-460d-a662-72daaa3cfb4d,7945262.52015584,7945263.700342639,7945278.2982963985,5931,200,1.1801867997273803,14.597953759133816,192
f49a66d7-7748-494b-b290-95fa0e6944f9,20a3f730-0a4f-46a2-b2a5-1a67647b8fbe,7945262.520175734,7945264.317464433,7945278.327186579,5822,200,1.7972886990755796,14.009722146205604,192
0df28bc1-9a76-4865-ae80-e3eb7a181001,e5488a62-a6e0-4b98-a167-55ef476697ef,7945271.520042902,7945271.614058228,7945278.354349017,1992,200,0.09401532635092735,6.740290788933635,1824
cb0dcbf6-24a6-42e9-86df-742c65c3f91f,9b9edbc7-220b-4ac4-815e-b9209e973b09,7945262.52018564,7945264.961990801,7945278.355617553,5188,200,2.4418051606044173,13.393626752309501,192
4ad8adbc-c953-4183-b48b-c7e933f88409,e8a795ee-9f90-4976-894b-7318b1215e72,7945263.520966192,7945264.964211383,7945278.358096557,5567,200,1.4432451911270618,13.39388517383486,160
dc2abae0-3936-4a92-be7f-c899439441d3,a8a2d01f-9110-456c-8e18-340da89f329e,7945272.520209993,7945272.708837005,7945279.119202908,1919,200,0.18862701207399368,6.410365902818739,192
2dff675d-5580-47ed-b064-f61a435d4a75,41705093-4c8c-4a90-99d2-ad3181aceb70,7945272.520212214,7945273.230179007,7945279.139824757,5701,200,0.7099667927250266,5.909645750187337,5696
90a0d3bc-4b88-4d7b-a92b-68986e3c1283,2cf6c4f8-2bdc-4486-969c-3bbcd7e36b59,7945265.52027847,7945266.268105398,7945279.237885579,2283,200,0.7478269282728434,12.969780180603266,192
d352fa0f-8efc-4271-bfce-26ece220ff4c,26f6e7fb-05d7-47ec-9c49-43b5ac7aed02,7945269.520966917,7945270.184680513,7945279.31906371,4411,200,0.6637135958299041,9.134383196942508,176
a818c39b-a4e6-4821-9d9f-e14df21a83cf,fa60773d-c882-463b-8316-07d4c895e992,7945270.520216199,7945271.010538695,7945279.326512271,6050,200,0.4903224967420101,8.315973575226963,192
220ffbf1-2a22-4b98-9c04-afedca70f765,c04293c9-674a-4121-83b3-78d969e4af61,7945270.520207253,7945271.419399947,7945279.352450183,5388,200,0.8991926936432719,7.93305023573339,192
3faae5d7-addb-4839-9c1d-a2f6c5d343fc,dec5032f-5640-4adb-8120-132fbe0e8a7b,7945273.519986495,7945273.740381808,7945279.450801867,2332,200,0.22039531264454126,5.710420059040189,288
904a14cd-c81f-4f7f-baac-38de8b070be4,16ee1f98-70d1-4f25-b592-1d867d4d1193,7945273.519989405,7945274.335406729,7945279.468700116,4897,200,0.815417324192822,5.1332933865487576,176
1449472e-23e0-4165-8436-04f34d29cec5,7d83a754-194c-4131-be9f-21b4f40d2af1,7945273.519994494,7945274.553879481,7945279.48743106,5730,200,1.0338849872350693,4.933551578782499,192
98a21a54-28db-4522-9756-cdca3de7ac2c,21dbf6ef-22d2-46e3-ac48-9cb8657506d9,7945266.520344452,7945267.360668378,7945279.550648895,4233,200,0.8403239259496331,12.189980517141521,192
ade29da2-2b50-4eb1-81c1-3efb47610c12,fba72a56-cd36-4731-8af1-a04f79c5aabf,7945274.52096744,7945274.818550276,7945279.923546219,3397,200,0.2975828358903527,5.1049959436059,192
65e16f34-172d-4562-b327-7e3332e6ef92,be87db14-1251-411b-a2d2-32b73d635bc4,7945270.520222691,7945270.802282038,7945280.055549097,3198,200,0.2820593472570181,9.253267059102654,160
3b20668a-2c6d-4579-8ffa-3f86361ce3b1,19500c45-30d4-49de-bfa4-2268492645cd,7945271.520023695,7945272.31599811,7945280.299661523,4693,200,0.7959744147956371,7.983663412742317,160
669819e1-4672-4719-bf2c-7b62ed9818a9,d38bb58d-f195-4092-892e-2e293cc0ef73,7945271.520031904,7945271.6484341305,7945280.426607396,1306,200,0.12840222660452127,8.778173265978694,1296
aa99515f-c991-4927-ae05-9004d3436495,dc8da506-377a-47db-b74b-fa65c921225f,7945271.520039718,7945272.073000059,7945280.448428184,6032,200,0.552960341796279,8.375428124330938,192
43d24db3-2663-4b40-9b5d-c91cdd516913,c0dbd0bd-4010-4779-815e-795e06cc171a,7945273.519977998,7945273.607274126,7945280.559650879,4952,200,0.08729612827301025,6.952376753091812,4944
6cb5aefd-5b14-493d-9a04-2b83ff208408,af71c602-f33a-4d04-89ea-432032173fac,7945272.520207545,7945272.715628118,7945281.332684278,1946,200,0.1954205734655261,8.617056159302592,176
236599b1-6ca1-46c1-9be3-cc6e07220867,170812a6-cb38-4169-bec1-bbe2e86c6001,7945265.520262846,7945265.632149221,7945281.803437342,1831,200,0.11188637558370829,16.171288120560348,1824
d48a6d36-5fcc-43f8-b556-4c3e0cbb9381,f3a3a146-a735-459e-af58-d3d7626b4a21,7945270.520225917,7945271.082820163,7945281.814084869,6147,200,0.5625942461192608,10.731264705769718,192
12ce8471-2158-40ad-bb11-d0737a2ce670,ed0ec45f-0834-450d-974e-6c8a7ef11d0e,7945265.520275524,7945265.761018445,7945281.832906849,1486,200,0.24074292089790106,16.071888403967023,160
19717fdd-5bad-4b7c-880a-9ffe56c5ed33,461b8a8a-fc1a-4527-a296-04cb42ef41e8,7945273.519997039,7945273.867765021,7945282.03486122,3695,200,0.3477679817005992,8.167096199467778,224
c20b1d77-7d47-4f7b-8768-f25dac002c0d,034fada1-6ff3-494e-9df1-8d72fa54e215,7945275.520044304,7945275.807256228,7945282.422434501,3319,200,0.2872119238600135,6.615178273059428,160
baa25829-45d4-432e-aefb-b2e3065f562b,160f36f5-505c-4cd0-b6cb-eb0b1a10aca0,7945272.520204538,7945273.047607908,7945283.15740687,5717,200,0.5274033704772592,10.109798962250352,224
3613cd2b-d3d7-4c76-a83d-951107da1417,a0029e44-bbfc-40dd-aa13-4c3bc41def2e,7945277.520276135,7945277.714496257,7945283.462731975,1946,200,0.19422012194991112,5.748235718347132,160
d09fc4f5-6668-44f6-8796-49eeae5eb21e,2ecf4198-da61-4895-86d2-4df5804f97cf,7945275.520041194,7945276.016643042,7945283.889909948,5906,200,0.49660184793174267,7.873266906477511,160
cc20ad48-0444-4452-8158-8fb6de560e63,06bd9fe0-2b10-467b-8ee7-3de10fda9474,7945276.52083989,7945277.067259871,7945284.544932531,6070,200,0.5464199809357524,7.477672659792006,176
5140ea0b-3a09-4981-9f89-3b7d894412ec,4346426a-d1cf-4421-a05c-b8084161d1b8,7945268.520033761,7945268.685505791,7945285.354622798,1396,200,0.16547202970832586,16.669117007404566,176
c6d13b27-ac8c-4408-a031-5a3002a0f068,320cf5f0-a5c1-49b5-91a9-a20c3778432b,7945268.520042151,7945269.286718473,7945285.393925015,6075,200,0.7666763216257095,16.107206542044878,160
e85d746c-da72-452e-a498-db8bfc0e58a5,240c36b4-8f22-4cfd-bfbb-90147dc774e6,7945279.520599515,7945280.022409273,7945285.511739784,6001,200,0.5018097581341863,5.489330510608852,176
68c360b5-e518-46b3-a182-86324482ac9e,4ac57aef-73b0-4d1e-900c-4a6b79a7c0bd,7945279.520608091,7945280.251029849,7945285.650393672,5753,200,0.7304217582568526,5.399363823235035,224
622b5739-3823-4b91-90dd-53c60245bdbe,6769e696-2581-4f98-b1bd-a92e8911c925,7945276.520848094,7945277.027165686,7945285.742290492,5927,200,0.5063175922259688,8.715124806389213,464
01316c64-526b-4002-8b47-e29906ea9811,0936669e-5c64-4f1d-ada6-04ce9a565d14,7945276.5208535,7945277.527431663,7945285.764488849,2544,200,1.0065781632438302,8.237057185731828,2496
217d77f6-5378-4e9d-abaf-d7350575c37e,5efef79a-109b-4a9d-bb65-6cd95942cd81,7945277.52027047,7945278.029355502,7945285.85443688,5837,200,0.5090850321575999,7.825081378221512,192
6517dc5f-6286-493f-bca0-cb1c2dcf5493,795cc20d-671d-410c-bce2-c55dbac8dc37,7945268.520050942,7945270.590775863,7945286.2584920265,5898,200,2.0707249213010073,15.66771616321057,192
87289810-bc63-4ad2-8b74-c9024ec62ee2,a2172bc1-ab2e-4a70-b741-9a6cc8abbdee,7945277.520281955,7945277.809862823,7945286.289704168,2832,200,0.2895808685570955,8.479841344989836,160
71342b79-7385-4c90-b495-a18173491e3c,d1aebabe-6add-434e-8599-d63b95b83ad3,7945277.520284606,7945278.4071682375,7945286.311804571,2977,200,0.8868836313486099,7.904636333696544,224
60344e3f-fc5a-4bf4-8a51-4ec7132f2e0c,dcc8b99b-cc01-4910-9253-2bf89c553910,7945278.520482646,7945278.716213587,7945286.431714039,2450,200,0.195730940438807,7.715500452555716,176
e8a10235-83fb-408b-be1a-3595057efd06,c5eb325e-4501-406f-86a4-ccbdef7dd488,7945269.520969873,7945271.0700526405,7945286.875524346,5745,200,1.5490827672183514,15.805471705272794,160
34823650-0d7a-4da5-bec0-19cc46f8cc3f,07c6cfe5-ddc2-4943-8c6c-6cb93009af4e,7945279.520591647,7945280.026748042,7945286.962895322,5884,200,0.5061563942581415,6.936147280037403,176
1dec8474-9cf8-4c33-a5ce-800f67b06e7d,af106407-ea10-4304-a36e-a9f2fe57ec32,7945279.520604938,7945280.255190742,7945286.9812022,2626,200,0.7345858039334416,6.726011457853019,16
5b19e5c9-3392-470b-b389-611fc94f6fb1,f4aff892-842b-4e98-af4c-cfd1deacf96e,7945281.520677023,7945281.696818518,7945287.024539589,2160,200,0.1761414958164096,5.327721070498228,416
659ad269-5919-4d5b-bbe8-123cc82bbd71,6bef9240-78a1-482c-96d2-a89c97ba970c,7945279.520602891,7945279.806977518,7945287.180814874,3037,200,0.2863746266812086,7.373837356455624,288
963f3da2-62c6-4efe-9256-9e36c6063719,04c151c1-ee98-4835-b8ba-1681eccdd922,7945275.520033031,7945276.061966004,7945287.2177308975,6407,200,0.5419329730793834,11.155764893628657,192
1e1229d4-1583-436a-8efd-18b3b9998081,e8a795ee-9f90-4976-894b-7318b1215e72,7945280.520044257,7945280.629237346,7945287.269864155,5567,200,0.10919308941811323,6.64062680862844,5552
8cfc26cb-3765-424d-9f96-48b28f13419c,d3954709-3e90-4162-b807-366fedb25f30,7945280.52005571,7945280.844110567,7945287.572126217,2942,200,0.32405485678464174,6.728015650063753,288
fe274fd0-0188-4938-8d4d-c2a3e938433d,d6f8e477-f975-4444-a444-268c9c3561ab,7945280.520052893,7945281.063833514,7945287.918003396,5901,200,0.5437806211411953,6.854169881902635,176
4db63c63-1c7a-4ddd-b89f-d1a5968e56a8,f5770a69-6314-4b67-99f3-00584ca9b14e,7945271.520034604,7945272.028149235,7945288.208149082,5946,200,0.5081146312877536,16.179999846965075,192
9982388a-1858-4b4c-9f8a-549d433b9ed4,68e71f54-23d1-4536-bcb8-b9ff5adfe35b,7945277.520262038,7945278.089139007,7945288.483529698,5845,200,0.5688769686967134,10.394390691071749,224
82798f25-f58f-4b3a-8984-629f7522ed72,78d7f456-01c1-4f3b-87e0-11b338250aee,7945280.52006415,7945280.74115092,7945288.528324862,1575,200,0.2210867702960968,7.787173941731453,176
0edee198-7775-4a6c-9cf9-27c80647fe3b,127f378e-d0dc-464e-a79a-fa7013197aab,7945272.520198481,7945272.978328648,7945289.452053472,5162,200,0.45813016686588526,16.473724824376404,176
7d79ad20-a890-45a7-b67f-48896837e909,d3326a24-2cfe-423c-b12e-a234f3b6df37,7945273.519991666,7945274.220275195,7945290.438032581,5851,200,0.7002835292369127,16.217757385224104,160
87148526-503d-4a35-aab4-677af89ffab5,af58fe18-5abf-4a30-a78b-73561c06d4f2,7945286.520274181,7945286.7217539735,7945290.471810298,2405,200,0.20147979259490967,3.7500563245266676,480
d370e544-3ab1-4f37-b1fa-cf5b3b7a8ef1,ce509adb-84cd-4828-852b-e10802b976ce,7945283.520439305,7945283.633993205,7945290.805382904,595,200,0.11355389934033155,7.171389698982239,592
cf77fab8-6d68-47e3-88a5-ff6abd5314fd,d200f713-d4e3-48fd-85a8-eb68048a1bd1,7945274.520979326,7945275.00897384,7945291.189938224,5916,200,0.4879945134744048,16.18096438422799,176
962a9233-f486-4998-a849-1dfe765494ba,8ccb7a9c-c0f2-430f-aa35-4054852335ef,7945281.520673515,7945281.588618797,7945291.378692634,3793,200,0.0679452819749713,9.790073837153614,3792
19bf0ce6-e36e-4264-ab5a-45c0b0175972,a97b3419-50d1-4d99-ba18-6269343a8188,7945281.520664637,7945281.630227861,7945291.405556026,5447,200,0.10956322401762009,9.77532816492021,5232
920f4386-f66b-486f-9361-783ab7c8b249,afc8c001-a5de-441c-928c-72f0289bc099,7945279.520610949,7945279.621114211,7945291.498443898,1413,200,0.10050326213240623,11.877329686656594,1216
dc69b6c2-bcf0-4bc9-a8c9-f6f814ed1b5d,34a35d00-5687-4c8e-8304-472e9b1eded2,7945286.52025654,7945286.964075312,7945291.958795123,4943,200,0.4438187722116709,4.994719810783863,160
531e4414-e509-410b-8655-a2456f3d54d2,d21977be-6028-413b-90c1-07456af34fe1,7945280.520061719,7945281.073142883,7945292.189695243,5909,200,0.553081164136529,11.116552359424531,192
60ef78b9-cade-4237-b159-52d017173cc2,cc69a023-c1c3-4dcc-9d6f-d347a10e1419,7945280.520067142,7945281.688409424,7945292.212211087,5157,200,1.168342282064259,10.523801662959158,176
c0d22375-a3b2-4b77-b815-3940026d6ca2,e99f0ad9-ca51-4ebc-8462-fe9ebb8c761e,7945283.520425331,7945284.6560337255,7945292.338296227,1223,200,1.1356083946302533,7.682262501679361,176
cbec6da5-e0ed-411a-8027-ce592688686e,a4705d3f-c9cc-472f-8323-bf9e4593e138,7945283.520436746,7945284.23478801,7945292.369401593,5676,200,0.7143512638285756,8.134613582864404,160
0d20f38c-4a64-476d-9aa9-020b4c9e7a1e,f93cf9d2-38b2-470c-ab49-c0cef71be9fc,7945282.520387559,7945282.952569648,7945292.380349047,4910,200,0.43218208849430084,9.427779398858547,176
18ba48eb-666e-4eb7-8156-ea087abc3140,3ee16a31-eef8-4342-9c4e-7c45a1871994,7945275.520046698,7945275.700137129,7945292.394955682,1790,200,0.18009043112397194,16.694818552583456,192
e9c481d6-8fa1-4c09-8a7c-3a5205a40757,861e29f7-4713-4676-b1bc-a4d3d62f4ef2,7945288.520511,7945288.781973845,7945292.920399981,2984,200,0.26146284490823746,4.138426135294139,256
05df5fd6-e6ec-4299-83b6-8a4e29205ab7,b836c219-a933-4d49-bac8-ee5d287b5bfa,7945284.520528183,7945285.138345001,7945293.015211791,5880,200,0.617816817946732,7.876866789534688,192
bf466574-1848-4943-ace2-d08b17aadd99,8f859b06-32e8-473b-8002-142e58a5ff49,7945283.520452262,7945284.211475281,7945293.104081945,6510,200,0.6910230191424489,8.892606663517654,192
b76357a7-ebdd-49d0-b986-acea8eb00704,77c5fe55-dea3-47e3-9fa4-17d19b193453,7945283.520448942,7945284.781769906,7945293.127654065,5914,200,1.2613209644332528,8.345884159207344,192
89787816-f0a5-4784-a38f-d07f1e6fce1b,c0e3d991-e188-4f78-8b8e-5dd01a6f8850,7945284.520534629,7945284.965610643,7945293.150207323,2548,200,0.44507601391524076,8.184596680104733,0
bb2c0723-75fb-4750-b806-6b98e3ffde2e,11125870-5b26-45ea-8fba-47c68888a24c,7945285.5206547,7945285.880432634,7945293.488591173,3394,200,0.35977793391793966,7.608158539049327,224
73a0b3b6-d01c-44db-a45e-d0983d6899cf,20a3f959-78cc-46c6-8962-31e21ecd5c4e,7945276.520851147,7945276.709404927,7945293.517657129,1606,200,0.18855377938598394,16.80825220234692,192
afc02574-0afb-4da2-8845-adb1a76c0dc6,a4bf666e-08c0-432d-b95f-de037f8142af,7945276.520855636,7945277.315642895,7945293.562400896,5886,200,0.7947872588410974,16.246758000925183,192
bef94ed1-2440-4cb4-9ea6-05ae3deb8d4d,2bcd60c1-5dcf-4f0a-b326-bf9af0b4c68c,7945289.520016197,7945289.599096448,7945293.63787034,979,200,0.07908025104552507,4.03877389151603,224
b5c345fb-d695-4744-8085-05a676482cf2,7acfafc2-e8ac-45d6-9ad0-664cb87e4a6f,7945285.520647929,7945285.724774091,7945294.078826875,1353,200,0.20412616152316332,8.354052784852684,160
e63944e3-91e8-4c0d-84b0-f28a778633c9,aa942eaa-fb40-4ee4-a6e1-593548ba0dbd,7945286.520267073,7945287.348406631,7945294.143072338,5938,200,0.8281395575031638,6.794665707275271,192
a14282d2-43e9-4ac0-b21e-223e090bb2a7,0f8c6232-9728-4a2a-ab1b-6f99c58519e3,7945290.52085366,7945290.58925442,7945294.587307085,332,200,0.06840076018124819,3.9980526650324464,192
a32683bf-b494-4e76-9cd9-05d964cb0a49,25764557-8d50-4bc3-8d58-ccb7ee44ac5a,7945284.520514657,7945284.790369433,7945294.591555091,3058,200,0.2698547765612602,9.801185657270253,224
a7004db9-1d93-4b01-98fb-430b44931b7d,19500c45-30d4-49de-bfa4-2268492645cd,7945285.520651472,7945285.667097009,7945294.591414165,4833,200,0.14644553698599339,8.924317155964673,4672
8c9fe404-c4ae-47d9-865e-83476b9c3ec6,1d752596-f454-4264-b645-3b61ae3e70bc,7945284.520524885,7945285.228192124,7945294.605984648,5905,200,0.707667239010334,9.377792524173856,192
93126d14-8775-4136-a46c-c533910c55cc,109911a5-9e24-4bdc-95c0-fd2a56571c91,7945277.52027376,7945278.063540567,7945294.654969876,5954,200,0.5432668067514896,16.591429308988154,176
c9ecefd2-d489-46b0-a877-7b935142d489,0bd71f2d-8ff1-4b8b-a899-9b785a451bbb,7945291.520398878,7945291.575577897,7945294.988333085,1866,200,0.05517901945859194,3.412755187600851,1776
149f2c3e-a461-45ef-9c85-67347fa9175f,70da4a8b-eece-46eb-8b9e-2f1c28b4f670,7945277.520279105,7945278.568085773,7945295.034592552,3890,200,1.0478066680952907,16.466506779193878,192
6b1b688f-40b7-4af6-be84-609200b63384,e5488a62-a6e0-4b98-a167-55ef476697ef,7945285.52063703,7945285.603001056,7945295.142497345,2112,200,0.0823640264570713,9.539496288634837,1952
06f30768-444b-4e7b-9382-ef681cc1d82e,6052704c-60c2-46b7-b067-f7d04009c56d,7945286.520280674,7945286.925752414,7945295.261344182,4116,200,0.4054717402905226,8.335591767914593,192
9c2c05db-3d33-425d-bddf-4ee43bef1f3e,8201882b-3c83-4a5b-b140-7a5572375d5a,7945285.520644867,7945285.872492062,7945295.401947529,4216,200,0.35184719506651163,9.529455467127264,160
35569450-c653-467c-ab8b-ec10f0013d76,d1a58fee-2699-4cde-8dec-5a26bda64889,7945287.520241792,7945287.949347234,7945295.6013516905,4343,200,0.4291054420173168,7.6520044561475515,192
3e567b4a-bd00-4302-8ae8-51b337eb223b,41705093-4c8c-4a90-99d2-ad3181aceb70,7945288.520520269,7945288.606700927,7945295.838156671,5701,200,0.08618065807968378,7.231455744244158,5696
a04db286-4b4e-4058-a7eb-56883d0ab032,27e00e2e-21f7-46b8-8008-d0a46fedbeee,7945287.520231308,7945287.6201238325,7945296.326774881,1006,200,0.09989252407103777,8.706651048734784,16
24a58117-fd13-4aa2-a454-0da5181fe2c6,f67702ed-ffe8-4f1f-b79c-d71f9ba12c4f,7945290.520836214,7945290.693388952,7945296.492825998,1512,200,0.17255273833870888,5.799437046051025,160
66555c41-628e-440e-a604-ba956cf7f63f,4681109f-b6ac-4c2e-b51b-95fbb0ccf6fc,7945288.520531256,7945288.9973406335,7945296.624954163,5711,200,0.4768093777820468,7.62761352956295,224
b19ecaa7-8f14-4321-83ce-a496346bdf5b,9f4a967c-69d5-46cb-a48b-7028ac8a0984,7945288.52052357,7945288.958500573,7945298.379216554,5193,200,0.437977003864944,9.420715980231762,176
d8c15e9b-f420-4c6a-928d-b2dbadca0d2e,fdda8363-a79c-4dff-b8a5-15f6be115142,7945290.520844601,7945290.828486088,7945298.61684818,3265,200,0.3076414866372943,7.788362092338502,192
d7ee3722-f9de-4399-a671-cca1b1b9535f,a0581530-c894-4f12-a948-e8caaa8163fe,7945289.520007886,7945289.969034851,7945299.128281695,5439,200,0.4490269646048546,9.159246844239533,224
2996be8c-309d-4694-8c2a-9e757e8be127,3babfc96-9c64-49b2-a24f-ac3cd1c177fc,7945290.52084748,7945290.959206072,7945299.211418581,1925,200,0.43835859186947346,8.252212509512901,192
1a948ace-b950-4ada-a583-501b115180f0,0038079c-2c93-4916-8603-2b199c276420,7945291.520391421,7945291.667103511,7945299.996372782,1176,200,0.1467120898887515,8.329269270412624,160
2d91ec63-88ea-4a6f-8bb2-9a5faeb3d6fb,940160ec-0bfb-4ebc-ac97-abf254489499,7945280.52005922,7945283.708702193,7945300.440744687,6450,200,3.1886429730802774,16.732042494229972,192
e45100aa-0dc8-4208-af16-0665e3263b99,c0dbd0bd-4010-4779-815e-795e06cc171a,7945295.520718144,7945295.60854742,7945302.082091397,4952,200,0.08782927598804235,6.473543976433575,4944
83512f2a-e67d-476f-ba23-48405aad8a89,8c43f4f9-7235-42cc-8288-4dc1f62734a9,7945292.520364707,7945292.9985083295,7945302.100608476,5771,200,0.47814362216740847,9.10210014693439,160
71223145-45d0-46fe-afc0-5bc8c00e4836,8aa6063f-9cd1-4748-bc9a-78c44fd7370a,7945292.520351427,7945292.786032428,7945302.303829102,1999,200,0.2656810013577342,9.517796673811972,16
ad5bc07a-553d-4754-b7f8-a72f2568b6f5,f56f3534-c298-4487-a39f-16c483a04920,7945282.520398326,7945286.260624266,7945302.677814941,5385,200,3.7402259400114417,16.417190674692392,224
2f458db7-b072-4cb4-8f97-b79e30e5ea74,12968104-ad78-488d-a9b9-865ea70aa9e0,7945293.520325682,7945293.793177125,7945302.920088687,3007,200,0.2728514429181814,9.12691156193614,176
2e2c0b69-55ee-474b-8ec1-9123dad0d675,034fada1-6ff3-494e-9df1-8d72fa54e215,7945296.520347273,7945296.964484197,7945302.921891336,3313,200,0.444136924110353,5.957407139241695,160
50ba2205-176e-4640-8ece-b8799604c8b6,50255ca8-a7bc-49f9-aa44-a33caa66a0be,7945294.520957137,7945295.400590233,7945303.007480698,5933,200,0.8796330951154232,7.606890465132892,176
6a1acd38-961c-4da1-811d-d94adfffa730,1848fdf1-36ea-4090-912e-01ff672d7b6e,7945294.520949441,7945294.7313744845,7945303.202431894,619,200,0.21042504347860813,8.47105740942061,176
58986939-898e-481f-a758-e2aa7ecfaa97,c3afa93c-0f3f-46f3-9ff6-4aa96ba3a472,7945297.520776463,7945297.717633723,7945303.283056002,1575,200,0.19685726054012775,5.565422278828919,224
f67beb02-580d-4df0-bb8a-61502d1cf7e9,196b3ba3-fa8c-4255-8678-43251bc0da68,7945283.520433453,7945286.876362172,7945303.287973602,2041,200,3.3559287190437317,16.411611430346966,160
5bb80945-aa7e-4bf3-b3db-72ba27430d10,fda1a843-8c94-4359-a21c-7bd6444db827,7945283.520442627,7945286.875428453,7945303.287496918,825,200,3.354985825717449,16.412068464793265,176
8fe0a05a-0af5-4052-bb1d-0d0c8acfbc64,5c06298c-86e7-48f5-99ec-f360b1699941,7945291.520381482,7945292.183128847,7945303.694457372,5089,200,0.6627473644912243,11.511328524909914,4432
19ff2c65-369f-4214-8832-7275f1e95f09,d60ad5cd-2dca-4130-b76f-5c9c8c2a027b,7945291.520395996,7945292.18102451,7945303.694246548,5703,200,0.6606285143643618,11.513222037814558,176
23b86126-d954-457e-8a9d-a2aca5cd5461,2ae37bed-8d28-4e69-b69c-68eced6190e3,7945292.520361183,7945292.9423116045,7945303.74916687,3999,200,0.4219504212960601,10.806855265051126,176
02e9edfa-9dfb-4448-89e8-b5b1282b3572,6ee396d8-db4c-4684-88ab-113b143832cd,7945294.520938157,7945295.667155827,7945303.810829406,5675,200,1.1462176702916622,8.14367357827723,160
c5baa656-faa4-4cd9-b1eb-ac7de7362593,82acdce9-c99d-4257-a84a-5e179b892b53,7945294.52094207,7945296.290490371,7945303.832967648,5898,200,1.7695483015850186,7.542477277107537,224
72e81a70-df90-49c3-8fd1-599739f591dd,21b9c278-5fd1-4a6c-80f1-483ff6605dad,7945295.520736687,7945296.585149807,7945303.853517256,2861,200,1.0644131200388074,7.268367448821664,224
a0afd3ae-ae7f-4475-99be-ab61dcb7e969,cda35d87-8607-4ef3-a3a2-df474f3cb394,7945294.520961305,7945296.584000045,7945303.854283995,5856,200,2.0630387403070927,7.270283949561417,160
ea0e7410-e70b-4f22-9195-1fc8b3bf61cc,89984c0f-ab73-4aa4-b3b8-e96bb2c0c5b1,7945283.520445396,7945287.50305268,7945303.9394188775,2713,200,3.982607283629477,16.436366197653115,160
fd2bfaa7-3cc6-4eb3-ade7-60b74e572784,f5eeda52-a3dd-4697-9576-2fc81988d390,7945284.520530992,7945287.504407372,7945303.941021444,913,200,2.983876380138099,16.436614071950316,160
64f1718a-1a3b-4be6-acb4-be8c27814307,aeb913ad-d459-4fbd-906a-cf6ac2bb3fd1,7945297.520789222,7945298.013350824,7945304.426248756,5697,200,0.4925616020336747,6.412897932343185,224
ba04ee18-33ea-4afd-929e-ac9302cb90c5,170812a6-cb38-4169-bec1-bbe2e86c6001,7945285.520657718,7945288.101524615,7945304.463383959,1831,200,2.580866896547377,16.36185934394598,256
94db7c08-0188-4931-ac06-0d822b0a79e4,a72e8095-de78-490c-ab9e-c21369095279,7945293.520339227,7945293.605246179,7945304.476977413,525,200,0.08490695152431726,10.871731233783066,176
1a934c62-07db-4f9c-8aa5-7c535c1d0695,0fbeb8c1-5eda-4151-888d-51b66858f368,7945286.520270975,7945288.814883531,7945305.225319441,6241,200,2.2946125557646155,16.410435910336673,192
9d535077-4e5b-42e5-a81a-bf326b843df7,5fc8ee29-b22f-416e-abed-d6f40dfce92a,7945286.52027714,7945288.816012462,7945305.228469057,1562,200,2.2957353219389915,16.41245659533888,176
04eb602a-1f4a-4e71-9174-43391cc22e53,4769ae9f-49de-48d9-86da-df8b89379ef9,7945299.520929768,7945299.964533044,7945305.242454555,3906,200,0.4436032762750983,5.277921510860324,160
88f0380e-f512-4bfb-8cf3-c7fac1a31803,f271ebe9-b215-4499-a991-8ff24c4302bb,7945299.520944938,7945299.96258101,7945305.240212301,4103,200,0.4416360715404153,5.2776312911883,3904
c8fbcb88-13fc-47d0-820a-cabcb752234a,d3954709-3e90-4162-b807-366fedb25f30,7945299.520942276,7945299.593392604,7945305.554082961,2977,200,0.07245032768696547,5.960690356791019,2896
56212f72-233b-4e25-8b44-09f1567f35d1,53331c8b-4eec-428f-89e8-96e8338db919,7945294.520945581,7945295.3722482035,7945306.496754559,5852,200,0.8513026228174567,11.124506355263293,160
