{"target_qps": 5.0, "actual_qps": 4.995498508919745, "success_rate": 100.0, "input_tokens": 4058, "output_tokens": 199, "model": "QwQ-32B", "input_tokens_per_minute": 1217649.5798319327, "output_tokens_per_minute": 59792.01680672269, "slo_seconds": 5.0, "slo_attainment": 2.5210084033613445, "ttft_slo_ms": 1000, "ttft_slo_attainment": 43.69747899159664, "tpot_slo_ms": 50, "tpot_slo_attainment": 58.82352941176471, "Latency": {"unit": "s", "min": 3.576306121001835, "p50": 10.370731844501279, "p90": 17.726969013600325, "p95": 20.60646693734634, "p99": 26.523922537913602, "max": 28.35677586500242}, "Throughput": {"unit": "tokens/s", "min": 7.052988003718629, "p50": 19.08993921606572, "p90": 34.00783053788755, "p95": 36.801581469003374, "p99": 42.03260151885301, "max": 49.45984440242773}, "TTFT": {"unit": "s", "min": 0.1285898950009141, "p50": 1.093841018002422, "p90": 2.832692313601729, "p95": 3.5794923235007428, "p99": 4.4200386230400905, "max": 4.690331739002431}, "TPOT": {"unit": "ms", "min": 18.393077155794238, "p50": 44.52458768843538, "p90": 79.02963043618468, "p95": 95.40228726884435, "p99": 120.52138422899111, "max": 125.41994512563481}, "Input Tokens per Minute": {"unit": "tokens/min", "min": 1217649.5798319327, "p50": 1217649.5798319327, "p90": 1217649.5798319327, "p95": 1217649.5798319327, "p99": 1217649.5798319327, "max": 1217649.5798319327}, "Output Tokens per Minute": {"unit": "tokens/min", "min": 59792.01680672269, "p50": 59792.01680672269, "p90": 59792.01680672269, "p95": 59792.01680672269, "p99": 59792.01680672269, "max": 59792.01680672269}}
{"target_qps": 5.0, "actual_qps": 4.995123420930894, "success_rate": 100.0, "input_tokens": 3926, "output_tokens": 199, "model": "QwQ-32B", "input_tokens_per_minute": 1212162.6044585633, "output_tokens_per_minute": 61491.96736102767, "slo_seconds": 5.0, "slo_attainment": 0.9708737864077669, "ttft_slo_ms": 1000, "ttft_slo_attainment": 64.40129449838187, "tpot_slo_ms": 50, "tpot_slo_attainment": 59.54692556634305, "Latency": {"unit": "s", "min": 3.34506278099434, "p50": 9.783340909998515, "p90": 16.337939476397878, "p95": 21.414660942599564, "p99": 24.568008105678892, "max": 25.119043243001215}, "Throughput": {"unit": "tokens/s", "min": 7.9620866951501, "p50": 20.321148528252408, "p90": 31.972559702398286, "p95": 33.132942604695536, "p99": 35.683512869706774, "max": 40.67729324413033}, "TTFT": {"unit": "s", "min": 0.09685450800316175, "p50": 0.7832315799969365, "p90": 1.8461996728001393, "p95": 2.308189638399926, "p99": 2.735814221920155, "max": 4.089466494006047}, "TPOT": {"unit": "ms", "min": 20.000311296487908, "p50": 44.76727901004523, "p90": 73.99583829749064, "p95": 98.2871620964677, "p99": 117.57092052926025, "max": 123.04306382411505}, "Input Tokens per Minute": {"unit": "tokens/min", "min": 1212162.6044585633, "p50": 1212162.6044585633, "p90": 1212162.6044585633, "p95": 1212162.6044585633, "p99": 1212162.6044585633, "max": 1212162.6044585633}, "Output Tokens per Minute": {"unit": "tokens/min", "min": 61491.96736102767, "p50": 61491.96736102767, "p90": 61491.96736102767, "p95": 61491.96736102767, "p99": 61491.96736102767, "max": 61491.96736102767}}
{"target_qps": 5.0, "actual_qps": 4.994539314088489, "success_rate": 100.0, "input_tokens": 4093, "output_tokens": 199, "model": "QwQ-32B", "input_tokens_per_minute": 1227965.0847457629, "output_tokens_per_minute": 59927.7966101695, "slo_seconds": 5.0, "slo_attainment": 3.389830508474576, "ttft_slo_ms": 1000, "ttft_slo_attainment": 72.88135593220339, "tpot_slo_ms": 50, "tpot_slo_attainment": 64.40677966101694, "Latency": {"unit": "s", "min": 4.465190315997461, "p50": 9.009052086999873, "p90": 17.09892644719658, "p95": 20.391396214599084, "p99": 23.50137794565686, "max": 24.73552749100054}, "Throughput": {"unit": "tokens/s", "min": 8.085536080553183, "p50": 22.199893847722496, "p90": 35.099633739853964, "p95": 38.141643303959995, "p99": 42.60398839917076, "max": 44.790923979983326}, "TTFT": {"unit": "s", "min": 0.11782524000591366, "p50": 0.6961967629977153, "p90": 1.5528710517988673, "p95": 1.8066022303981302, "p99": 2.3646814268207526, "max": 2.592664199997671}, "TPOT": {"unit": "ms", "min": 19.766224170858028, "p50": 41.46087439197681, "p90": 80.9142369336824, "p95": 94.86049507938685, "p99": 114.22635783406632, "max": 120.56911127136794}, "Input Tokens per Minute": {"unit": "tokens/min", "min": 1227965.0847457629, "p50": 1227965.0847457629, "p90": 1227965.0847457629, "p95": 1227965.0847457629, "p99": 1227965.0847457629, "max": 1227965.0847457629}, "Output Tokens per Minute": {"unit": "tokens/min", "min": 59927.7966101695, "p50": 59927.7966101695, "p90": 59927.7966101695, "p95": 59927.7966101695, "p99": 59927.7966101695, "max": 59927.7966101695}}
{"target_qps": 5.0, "actual_qps": 4.999928774348155, "success_rate": 100.0, "input_tokens": 3955, "output_tokens": 199, "model": "QwQ-32B", "input_tokens_per_minute": 1236684.8937592343, "output_tokens_per_minute": 62415.758900301036, "slo_seconds": 5.0, "slo_attainment": 4.472843450479233, "ttft_slo_ms": 1000, "ttft_slo_attainment": 77.63578274760383, "tpot_slo_ms": 50, "tpot_slo_attainment": 56.23003194888179, "Latency": {"unit": "s", "min": 3.9935538140052813, "p50": 9.681684445997234, "p90": 19.233755709599066, "p95": 21.12124654600047, "p99": 25.6009223570404, "max": 26.259740622001118}, "Throughput": {"unit": "tokens/s", "min": 7.61622145774108, "p50": 20.593436230936952, "p90": 33.73704437768496, "p95": 37.44243918657019, "p99": 46.05556020994059, "max": 50.08070738864357}, "TTFT": {"unit": "s", "min": 0.048828211001819, "p50": 0.5944917339948006, "p90": 1.3860817812019377, "p95": 1.7867307756037916, "p99": 2.3604898200798194, "max": 2.6397376870008884}, "TPOT": {"unit": "ms", "min": 19.155265969870992, "p50": 45.22086139196523, "p90": 92.73938661809467, "p95": 101.38440971154819, "p99": 121.7559419720622, "max": 127.02903976883614}, "Input Tokens per Minute": {"unit": "tokens/min", "min": 1236684.8937592343, "p50": 1236684.8937592343, "p90": 1236684.8937592343, "p95": 1236684.8937592343, "p99": 1236684.8937592343, "max": 1236684.8937592343}, "Output Tokens per Minute": {"unit": "tokens/min", "min": 62415.758900301036, "p50": 62415.758900301036, "p90": 62415.758900301036, "p95": 62415.758900301036, "p99": 62415.758900301036, "max": 62415.758900301036}}
{"target_qps": 5.0, "actual_qps": 4.999434667760866, "success_rate": 100.0, "input_tokens": 3970, "output_tokens": 199, "model": "QwQ-32B", "input_tokens_per_minute": 1191116.554054054, "output_tokens_per_minute": 59743.58108108108, "slo_seconds": 5.0, "slo_attainment": 5.743243243243244, "ttft_slo_ms": 1000, "ttft_slo_attainment": 87.5, "tpot_slo_ms": 50, "tpot_slo_attainment": 65.87837837837837, "Latency": {"unit": "s", "min": 2.1582742000027793, "p50": 9.058434492999368, "p90": 16.562438925004244, "p95": 18.556663469495106, "p99": 22.72453847475263, "max": 23.32457486000203}, "Throughput": {"unit": "tokens/s", "min": 8.57464717794143, "p50": 22.00532742632941, "p90": 36.611806058580214, "p95": 40.38519653286606, "p99": 47.75431575004395, "max": 52.78183756025699}, "TTFT": {"unit": "s", "min": 0.04068963399913628, "p50": 0.46797301200422226, "p90": 1.097537513498537, "p95": 1.2911797887518333, "p99": 1.3940509541502264, "max": 1.9487554380029906}, "TPOT": {"unit": "ms", "min": 18.781134587944834, "p50": 43.472905391953006, "p90": 82.81077184421437, "p95": 89.87562242461294, "p99": 107.90791325275158, "max": 114.43387470349971}, "Input Tokens per Minute": {"unit": "tokens/min", "min": 1191116.554054054, "p50": 1191116.554054054, "p90": 1191116.554054054, "p95": 1191116.554054054, "p99": 1191116.554054054, "max": 1191116.554054054}, "Output Tokens per Minute": {"unit": "tokens/min", "min": 59743.58108108108, "p50": 59743.58108108108, "p90": 59743.58108108108, "p95": 59743.58108108108, "p99": 59743.58108108108, "max": 59743.58108108108}}
{"target_qps": 5.0, "actual_qps": 4.9999800064129625, "success_rate": 100.0, "input_tokens": 3882,