{"target_qps": 5.0, "actual_qps": 4.9938760939762075, "success_rate": 100.0, "input_tokens": 3844, "output_tokens": 200, "model": "QwQ-32B", "input_tokens_per_minute": 1153335.6846473028, "output_tokens_per_minute": 60000.0, "slo_seconds": 5.0, "slo_attainment": 0.4149377593360996, "ttft_slo_ms": 1000, "ttft_slo_attainment": 37.344398340248965, "tpot_slo_ms": 50, "tpot_slo_attainment": 55.18672199170125, "Latency": {"unit": "s", "min": 4.665187101003539, "p50": 11.022692723003274, "p90": 20.207911951001734, "p95": 22.61231225800293, "p99": 26.575533440602882, "max": 27.97064594800031}, "Throughput": {"unit": "tokens/s", "min": 7.150353280071406, "p50": 18.14438676881736, "p90": 31.05764254978944, "p95": 33.350163593436434, "p99": 38.58179667328166, "max": 42.870735014460095}, "TTFT": {"unit": "s", "min": 0.18567626400181325, "p50": 1.3088149899995187, "p90": 2.739783056000306, "p95": 3.494221592998656, "p99": 5.000575619401931, "max": 5.885168651999265}, "TPOT": {"unit": "ms", "min": 19.529451527663486, "p50": 47.254297793983255, "p90": 91.76815337687643, "p95": 101.29121068842976, "p99": 114.54247357187752, "max": 130.10604849245942}, "Input Tokens per Minute": {"unit": "tokens/min", "min": 1153335.6846473028, "p50": 1153335.6846473028, "p90": 1153335.6846473028, "p95": 1153335.6846473028, "p99": 1153335.6846473028, "max": 1153335.6846473028}, "Output Tokens per Minute": {"unit": "tokens/min", "min": 60000.0, "p50": 60000.0, "p90": 60000.0, "p95": 60000.0, "p99": 60000.0, "max": 60000.0}}
{"target_qps": 5.0, "actual_qps": 4.995899328528575, "success_rate": 100.0, "input_tokens": 3782, "output_tokens": 199, "model": "QwQ-32B", "input_tokens_per_minute": 1148542.5616288066, "output_tokens_per_minute": 60712.549224906346, "slo_seconds": 5.0, "slo_attainment": 0.9868421052631579, "ttft_slo_ms": 1000, "ttft_slo_attainment": 58.88157894736842, "tpot_slo_ms": 50, "tpot_slo_attainment": 63.48684210526315, "Latency": {"unit": "s", "min": 4.440355587998056, "p50": 9.086967404502502, "p90": 16.23936731360227, "p95": 20.85806145850145, "p99": 25.067697234629872, "max": 25.87767499599431}, "Throughput": {"unit": "tokens/s", "min": 7.7286695976728454, "p50": 22.009543865304888, "p90": 32.169790973511, "p95": 34.60469998840581, "p99": 37.78542028637478, "max": 45.041437793987676}, "TTFT": {"unit": "s", "min": 0.08739538399822777, "p50": 0.8762974644996575, "p90": 2.0097575254054387, "p95": 2.7121942675501467, "p99": 3.452560104042494, "max": 5.217920164002862}, "TPOT": {"unit": "ms", "min": 18.492136356811596, "p50": 40.91962696734687, "p90": 74.23658695326189, "p95": 98.6913076884496, "p99": 114.18612906433155, "max": 127.02671863316661}, "Input Tokens per Minute": {"unit": "tokens/min", "min": 1148542.5616288066, "p50": 1148542.5616288066, "p90": 1148542.5616288066, "p95": 1148542.5616288066, "p99": 1148542.5616288066, "max": 1148542.5616288066}, "Output Tokens per Minute": {"unit": "tokens/min", "min": 60712.549224906346, "p50": 60712.549224906346, "p90": 60712.549224906346, "p95": 60712.549224906346, "p99": 60712.549224906346, "max": 60712.549224906346}}
{"target_qps": 5.0, "actual_qps": 4.9994024628635385, "success_rate": 100.0, "input_tokens": 3720, "output_tokens": 199, "model": "QwQ-32B", "input_tokens_per_minute": 1116124.0677966103, "output_tokens_per_minute": 59761.016949152545, "slo_seconds": 5.0, "slo_attainment": 2.0338983050847457, "ttft_slo_ms": 1000, "ttft_slo_attainment": 52.88135593220339, "tpot_slo_ms": 50, "tpot_slo_attainment": 66.77966101694915, "Latency": {"unit": "s", "min": 2.533804496997618, "p50": 9.011945672005822, "p90": 18.381464283201787, "p95": 20.84889030450286, "p99": 23.91544721153856, "max": 25.29746741699637}, "Throughput": {"unit": "tokens/s", "min": 7.905929740050891, "p50": 22.045325951158453, "p90": 31.234688847254137, "p95": 34.5551347681367, "p99": 41.53472434032517, "max": 47.00110760687955}, "TTFT": {"unit": "s", "min": 0.05882386500161374, "p50": 0.9442461869984982, "p90": 2.021539393598505, "p95": 2.5140625081985495, "p99": 3.9858042464025494, "max": 4.012435229997209}, "TPOT": {"unit": "ms", "min": 19.55729633668875, "p50": 40.521947221121756, "p90": 87.98039752664455, "p95": 99.07598374572704, "p99": 114.18953697297907, "max": 122.87182115578068}, "Input Tokens per Minute": {"unit": "tokens/min", "min": 1116124.0677966103, "p50": 1116124.0677966103, "p90": 1116124.0677966103, "p95": 1116124.0677966103, "p99": 1116124.0677966103, "max": 1116124.0677966103}, "Output Tokens per Minute": {"unit": "tokens/min", "min": 59761.016949152545, "p50": 59761.016949152545, "p90": 59761.016949152545, "p95": 59761.016949152545, "p99": 59761.016949152545, "max": 59761.016949152545}}
{"target_qps": 5.0, "actual_qps": 4.9998914725227035, "success_rate": 100.0, "input_tokens": 3748, "output_tokens": 200, "model": "QwQ-32B", "input_tokens_per_minute": 1154235.133542911, "output_tokens_per_minute": 61587.32336311628, "slo_seconds": 5.0, "slo_attainment": 3.8834951456310676, "ttft_slo_ms": 1000, "ttft_slo_attainment": 65.37216828478964, "tpot_slo_ms": 50, "tpot_slo_attainment": 57.28155339805825, "Latency": {"unit": "s", "min": 3.8575939209986245, "p50": 9.753397901004064, "p90": 18.61053797320055, "p95": 20.308955293397585, "p99": 26.439652821518543, "max": 27.51491744399391}, "Throughput": {"unit": "tokens/s", "min": 7.26878430244598, "p50": 20.505674230660784, "p90": 35.10369572320103, "p95": 38.29698651595737, "p99": 43.179151400455275, "max": 51.84578887666474}, "TTFT": {"unit": "s", "min": 0.040400420999503694, "p50": 0.6796974090029835, "p90": 1.85297374400252, "p95": 2.3040108142027744, "p99": 3.66788727112173, "max": 4.378132739999273}, "TPOT": {"unit": "ms", "min": 19.057247839194147, "p50": 46.0208732613284, "p90": 86.21141419498962, "p95": 97.13240270954034, "p99": 119.34206503639396, "max": 124.14853148242511}, "Input Tokens per Minute": {"unit": "tokens/min", "min": 1154235.133542911, "p50": 1154235.133542911, "p90": 1154235.133542911, "p95": 1154235.133542911, "p99": 1154235.133542911, "max": 1154235.133542911}, "Output Tokens per Minute": {"unit": "tokens/min", "min": 61587.32336311628, "p50": 61587.32336311628, "p90": 61587.32336311628, "p95": 61587.32336311628, "p99": 61587.32336311628, "max": 61587.32336311628}}
{"target_qps": 5.0, "actual_qps": 4.999989408438829, "success_rate": 100.0, "input_tokens": 3705, "output_tokens": 199, "model": "QwQ-32B", "input_tokens_per_minute": 1111570.6484641638, "output_tokens_per_minute": 59944.70989761092, "slo_seconds": 5.0, "slo_attainment": 5.802047781569966, "ttft_slo_ms": 1000, "ttft_slo_attainment": 95.56313993174061, "tpot_slo_ms": 50, "tpot_slo_attainment": 62.79863481228669, "Latency": {"unit": "s", "min": 4.165333859004022, "p50": 8.961299581002095, "p90": 18.877520568801266, "p95": 21.502450310997663, "p99": 23.283225830761367, "max": 23.52970323000045}, "Throughput": {"unit": "tokens/s", "min": 8.4998947094666, "p50": 22.31819148463677, "p90": 36.03816844877455, "p95": 41.2925507251175, "p99": 46.08852739661057, "max": 48.01535885717027}, "TTFT": {"unit": "s", "min": 0.04698940099478932, "p50": 0.4682284980008262, "p90": 0.8717933352018009, "p95": 0.9692092887984473, "p99": 1.301743299355148, "max": 2.1217508949994226}, "TPOT": {"unit": "ms", "min": 19.011821949766155, "p50": 43.091350924652176, "p90": 92.81744056480883, "p95": 103.56179467839978, "p99": 114.66926936681755, "max": 115.89847953266016}, "Input Tokens per Minute": {"unit": "tokens/min", "min": 1111570.6484641638, "p50": 1111570.6484641638, "p90": 1111570.6484641638, "p95": 1111570.6484641638, "p99": 1111570.6484641638, "max": 1111570.6484641638}, "Output Tokens per Minute": {"unit": "tokens/min", "min": 59944.70989761092, "p50": 59944.70989761092, "p90": 59944.70989761092, "p95": 59944.70989761092, "p99": 59944.70989761092, "max": 59944.70989761092}}
{"target_qps": 5.0, "actual_qps": 4.999922557949352, "success_rate": 100.0, "input_tokens": 3829, "output_tokens": 200, "model": "QwQ-32B",