request_id,conversation_id,send_time,ttft_time,total_time,tokens_in,tokens_out,ttft,tpot,cached_tokens
94ca5baa-9e32-4c51-88d8-2566842594f6,c8ae7276-50d3-44bc-9777-36df0eb5b9e7,7935197.336173878,7935201.803740401,7935208.625604811,1135,200,4.46756652276963,6.821864410303533,0
91f8aaec-d75f-466c-b5e8-13cf3a2cbb79,386b7318-3947-4df1-8dd5-2e93abdf10c2,7935201.32087868,7935202.367601215,7935208.639597164,6006,200,1.0467225350439548,6.271995948627591,160
ab4441a3-ddca-49c7-a259-be937bd8957f,169bfd1c-b54b-4a03-b40f-5a304abd2cb8,7935197.336209811,7935199.05643047,7935204.713393855,3725,200,1.720220658928156,5.656963384710252,224
ce4aecd8-ffac-4379-ac1a-66bf5cfb99af,1cf5c436-bb75-402c-9dfd-fae7395bc0a0,7935201.321021661,7935202.971949482,7935208.628284368,542,200,1.650927821174264,5.656334885396063,160
6f38280d-2458-4bcd-adde-4596690d34eb,8205a582-0870-4530-86d0-ed900328ac62,7935201.320945104,7935202.98803042,7935208.644277258,5779,200,1.6670853160321712,5.656246838159859,160
581e6160-54fc-4b31-a3d7-a5b5d7b844ac,80c2eab9-93f4-47c0-9f83-f790c22d62f2,7935201.763863611,7935203.441972507,7935208.6858493555,1564,200,1.6781088961288333,5.243876848369837,160
956f3657-3b91-4416-a243-3af2807a427b,b397fd3b-5c1a-4e01-ae2f-44399f92080b,7935202.764261081,7935203.444802305,7935208.688621933,2611,200,0.6805412238463759,5.243819627910852,160
9d8b2a45-8efb-4301-9ccb-33f0b6bbe0c6,52901222-0bb4-47e4-8bba-8825319cf100,7935201.320988715,7935201.923994065,7935208.825089284,2985,200,0.6030053505674005,6.9010952189564705,0
c1c6eedb-4b4c-4869-af37-351e3880ad89,ba46ec63-d117-43af-a082-fdb05a1381df,7935201.763850734,7935202.21596403,7935208.874945484,1875,200,0.45211329590529203,6.6589814545586705,160
bc8d53fe-81d9-4064-aff5-4fc1d674b74c,4a4b9580-1d15-458e-9b7f-fe574dea6d90,7935201.321023677,7935202.1783986185,7935208.837075014,1803,200,0.8573749419301748,6.658676395192742,176
83bfec08-a2c1-4505-b193-2b5264934b85,9728b43f-13e5-4f1c-b6d4-40db13828d76,7935201.763858969,7935202.732124601,7935208.943031781,6001,200,0.968265631236136,6.210907180793583,176
9d90692c-0f37-4c7f-894c-9f0f565daec2,bcb9a03c-7a7d-4221-8d1f-5f52836f8b7c,7935202.764283344,7935203.035169912,7935209.10108654,2278,200,0.2708865674212575,6.065916628576815,0
fa1bcd7d-f35b-4188-bff3-a4cbc296228e,162bb746-0925-436c-8c6b-25f181810fb2,7935201.321028012,7935201.845968003,7935209.078331953,2380,200,0.5249399915337563,7.232363949529827,176
fb874b27-0d65-4586-8060-684e675bbd09,3d244e10-3c51-4e44-bce4-3022987dcfec,7935201.763861363,7935202.350035055,7935209.167169433,6020,200,0.5861736917868257,6.817134378477931,192
47e4a202-3dbf-45db-8278-2c0c820eb516,14a415ae-d933-42c2-ba6d-1348294d8e80,7935201.320875218,7935202.28958857,7935209.189999321,1805,200,0.9687133515253663,6.900410750880837,176
73891efb-d0ac-4662-880a-86e9508a18da,db8b9137-24be-4133-bc23-03b4c48bff99,7935201.320864803,7935202.288495693,7935209.196710388,6704,200,0.9676308901980519,6.9082146948203444,176
ecdb8a90-b221-40d4-b29d-5585264d648a,51d7aec4-2dba-42c1-8f75-3193d8c9b3b1,7935197.336213139,7935198.934780151,7935205.246605838,389,200,1.5985670117661357,6.311825687065721,176
dc3d4b6b-5d5d-47f9-a30c-f947a2ca9055,1a067fb7-ccd3-4e3a-8edd-1bc9cd091948,7935201.320934973,7935202.898382356,7935209.210984879,3247,200,1.5774473836645484,6.312602522782981,192
44b81ca3-e3f9-4702-9167-292e4f77953e,6dea13ca-acc2-443b-bdac-b586c0f4fe58,7935201.320984728,7935203.516689545,7935209.213943505,5971,200,2.195704816840589,5.697253960184753,176
ef98cb22-660e-4332-b999-013b59d02fc8,0fc32f2f-3791-4f05-a896-da6268fe53f9,7935201.32099242,7935203.50188099,7935209.199789193,4081,200,2.1808885699138045,5.697908203117549,192
6c725bab-472b-4fce-802d-c2c77ee28371,32379e4f-c52b-4533-87e4-7ccbc01e4871,7935201.320939934,7935201.867114043,7935209.606043338,2428,200,0.5461741089820862,7.738929294981062,176
4bacbde0-5bbc-457c-bced-758e755c7197,c51e1c93-377f-4846-81a1-14e5879a721c,7935201.32094265,7935202.474352002,7935209.626613415,4453,200,1.1534093525260687,7.152261412702501,160
2ae67192-6bb2-4d85-aadf-9a6d35a0dea2,3c65feda-6cb4-427f-8794-100421de1d7c,7935201.320990639,7935203.098910155,7935209.631302711,4415,200,1.777919515967369,6.532392555847764,160
c2b5586f-ab26-45ff-8572-c2d9029d223d,0fd4279a-26c5-4067-ab88-75febf63597d,7935201.32102596,7935203.058551858,7935209.591511444,5869,200,1.7375258980318904,6.532959586009383,176
cacbb903-7c36-41cc-823b-e53527d42cf9,4181337f-4f55-4fd6-8fbd-e067aaaaebe3,7935197.33620474,7935198.203240994,7935205.747992625,5775,200,0.867036254145205,7.544751631096005,0
e7596726-c304-4f3b-870a-c17808fec683,64d8ea28-e569-4d18-8e95-335226687779,7935201.763865941,7935203.726932283,7935209.677800981,5455,200,1.963066341355443,5.950868698768318,224
a78eef15-b66b-4c26-b2d8-913bb4af4283,f0cbebc5-adb6-461b-9b21-22667b2f1d8c,7935201.320982686,7935202.724327169,7935209.672907329,2293,200,1.403344483114779,6.948580159805715,0
0a7c8d71-3c27-4b91-86f3-1055c9fd1961,1942541f-2600-4c91-9e3f-a08bbb0dffa8,7935201.320937716,7935202.736698429,7935209.686119341,5872,200,1.415760712698102,6.949420912191272,192
5a746566-4c76-4743-b933-0c75fde2dfd5,0759bb94-aa77-4047-8f94-34cc9c62436b,7935201.320986685,7935203.337839165,7935209.693872472,5904,200,2.016852479428053,6.356033307500184,176
aaeee05a-09d1-40be-a9bf-4d77fe16c823,584dad95-d36b-497a-92bb-3cefd7fd8072,7935201.763868115,7935204.027722793,7935209.735763816,5992,200,2.2638546777889132,5.708041023463011,192
9893cb2d-b4ab-4f9f-9d2b-9e702365b2d4,a88abdf6-3fbe-4259-bf5a-0c2a8e73f81a,7935202.764279794,7935203.482505908,7935209.854393847,5884,200,0.7182261142879725,6.371887939050794,160
dd8060bd-0cc6-423e-804b-aecde4f993b2,5f1dfde8-0414-448f-b867-af9a8603ce0b,7935203.762867464,7935204.404602548,7935210.279644894,4242,200,0.6417350843548775,5.875042346306145,0
daac1e2f-d5d6-4b66-9f19-6d80553be30e,a3c929d0-baa7-4945-b63f-33a6fc39fd65,7935203.762877937,7935204.224695493,7935210.489946014,2857,200,0.46181755512952805,6.265250521712005,192
3f9ca9ef-0984-43cd-8bb8-f6ad802f396f,5d0207cb-bd1b-4c3d-988b-bd7dee52f1f6,7935204.798199271,7935206.083178935,7935213.446673776,896,200,1.2849796637892723,7.3634948413819075,176
e013a0df-0271-478a-af32-b5b276725521,7d6a4817-7b4e-4a19-bbca-ecd2b233f7dc,7935204.798222263,7935206.408755687,7935213.465447105,5487,200,1.6105334237217903,7.056691417470574,176
80b72088-537b-485e-9301-cb4ac23e9ecd,8861bb38-fa7f-46fe-a61e-d670524b80a8,7935204.798220096,7935206.617231417,7935214.742636352,5794,200,1.8190113212913275,8.12540493439883,160
65da612f-7dc5-4d17-a894-7bd694aeea26,f48f3c83-7b8a-45e5-a0fa-74a6e92599d8,7935204.798212422,7935206.967069459,7935214.828771475,5950,200,2.168857037089765,7.86170201562345,160
89bbd76d-7ea8-4954-92b6-14b57944f712,929b8a4f-ae3d-429e-830a-f69897f7f505,7935205.860328512,7935207.542664571,7935214.925169972,5421,200,1.6823360584676266,7.382505401037633,160
23b71506-62f7-41f0-b2eb-62e147fe99cf,fc991f32-f1b6-4afe-ba3b-a472773d0110,7935204.798209306,7935206.082230891,7935214.859386537,897,200,1.2840215852484107,8.777155646122992,192
3bd38be2-bb03-4151-b75d-20a9473964b8,6e066633-fcb0-417d-94ee-a9864bbdaa41,7935205.860343666,7935206.796390298,7935215.218002881,6485,200,0.9360466320067644,8.421612583100796,192
19122106-9087-49d4-9c9c-1b16be2633f6,f21c3799-f3ff-498f-be2e-8982bdfe2ecd,7935207.763429541,7935207.900836135,7935215.245166188,862,200,0.13740659411996603,7.34433005284518,192
4e4c198f-aca9-4cd1-917f-8bfd564a309b,6f4051d6-8003-4af8-be6a-137219b04ba5,7935207.763426016,7935208.416661952,7935215.27150408,5553,200,0.6532359356060624,6.8548421282321215,192
94910a41-a0af-4f40-9b7d-b94d24644f48,992bd0d7-1cad-4413-9565-9824a102be13,7935204.798217548,7935206.38635341,7935215.536839701,1596,200,1.5881358617916703,9.150486291386187,192
bbce3145-e787-495e-a5c3-233a625a3ec3,3327e22a-e47a-4e28-ab49-61feb0f8ccd2,7935205.860345866,7935206.56706122,7935216.036423481,3509,200,0.7067153546959162,9.469362260773778,176
8d498ef9-c586-4c74-a5ac-8d7b0359ab47,f17a4867-8187-4bc8-b761-c5e2f43461f5,7935207.763432672,7935208.320203009,7935216.669017498,5820,200,0.5567703368142247,8.34881448931992,160
28ff0453-7f43-4a34-ab4a-f01d63b065c7,773031a0-4df5-41b1-9031-e9c5d037efa1,7935205.860348157,7935206.631130148,7935216.712293851,1819,200,0.7707819910719991,10.081163703463972,192
6f9de4cb-d120-4ac8-93f3-3e72d6d2cdcd,715e64e0-0181-41a0-b6a9-c164d566d676,7935207.763439632,7935208.407580999,7935218.568004188,5811,200,0.6441413667052984,10.160423189401627,176
be65a604-8f4c-4fe2-a16e-b1f31eb2a9f3,ada614db-0cbb-4a1b-a79a-3e2f67153f46,7935206.763399507,7935207.377918879,7935218.660042721,4280,200,0.614519371651113,11.282123842276633,160
5564ca42-5940-4efa-8fc8-87cb0016c083,1326464b-c372-47f9-8850-927fd5f180aa,7935206.763397057,7935207.378736361,7935218.661668185,3680,200,0.6153393043205142,11.282931824214756,160
45e3c365-cadc-4201-90dc-fe898cefc774,828db195-ca5a-4484-848e-1fc6ac242624,7935206.763403861,7935208.006025643,7935218.6848240495,5718,200,1.2426217822358012,10.678798406384885,176
059f5489-ee37-4a5d-a979-4080585b7ff0,632c53ab-a30f-443e-8a55-e9907563136d,7935206.763385128,7935208.009931251,7935218.691101611,742,200,1.2465461231768131,10.681170359253883,224
6dff2b1d-8c73-47d0-af07-27651ae3a373,1fa5ccae-f241-4f75-a21b-4d320e2b4228,7935206.763394156,7935208.6275214115,7935218.716770499,6471,200,1.8641272559762,10.089249087497592,192
25ebdc5c-7ca6-49f1-bade-4a1cfc7cdc6b,32bb63f5-0400-4e7c-8e6c-cb23dafc8d9e,7935207.763436188,7935208.624431498,7935218.714044095,1229,200,0.8609953103587031,10.089612596668303,192
00cfaa93-cb69-41be-bdf5-50df50214168,239fe02a-0a19-4d3b-9cb8-bae3872a285f,7935206.763401762,7935208.625467355,7935218.715795045,3216,200,1.8620655937120318,10.090327689424157,224
0bf82551-f0e2-4b3d-86a3-794454c94b0e,601ebb0f-02ad-42e7-a626-7ebef638a847,7935204.798215057,7935206.425929604,7935218.799708332,5897,200,1.627714547328651,12.373778727836907,192
955f8f4b-d35c-42bb-8d37-766b5f2f7304,657ec69d-2850-466b-9d84-480d9f1b5621,7935205.860338746,7935206.984247979,7935218.896029129,2566,200,1.1239092331379652,11.91178114991635,160
57324a1d-6fd4-4e74-9088-2bb8f7e03305,d320f06b-a0b4-4a9d-b201-e2bc260657f4,7935205.860341481,7935206.98335426,7935218.896369333,3975,200,1.1230127792805433,11.913015073165298,224
6757bb2e-4c8b-46cb-a7b4-40f75afa9d58,e793cd05-3809-4e36-8e78-d44bc000c93e,7935208.763240832,7935209.4292103145,7935219.055966278,5907,200,0.6659694826230407,9.626755963079631,160
8e3b4872-c3c3-4d06-8f8b-b055c3ff8794,0d6cfb7c-9564-4e6b-96ab-aec695811479,7935208.763259217,7935210.06621904,7935219.076128508,5465,200,1.302959823049605,9.00990946777165,0
a5dd5ab6-9770-47f4-87e0-586f0fb2d85c,339e6a45-2ac7-4236-ac28-4af01254bcc9,7935208.763252372,7935210.693158051,7935219.102341337,5891,200,1.92990567907691,8.409183286130428,160
b921b49f-2f12-408a-9220-ed1c5995f527,e75457ed-6df5-4031-9265-1be7e8cbd160,7935208.763256032,7935211.300833406,7935219.127024486,3951,200,2.53757737390697,7.826191079802811,176
74d60f4a-b928-40b4-9122-d143c0e1beaf,161e547e-4532-4d71-a764-180d08c2eb2c,7935207.763408798,7935208.083375689,7935219.178153975,3126,200,0.31996689084917307,11.094778286293149,272
971cbba0-3f33-4d16-9386-c6913f46e322,7e0dc3cf-f526-472a-bc5c-d24141fee908,7935207.763422298,7935208.43577539,7935219.3068149015,3662,163,0.6723530916497111,10.8710395116359,768
d99ce2b5-1456-419a-a198-b640a409ea35,b3b1f241-4f97-466c-b9af-0701c1476d26,7935207.763443184,7935208.47286999,7935219.489263872,5795,200,0.7094268063083291,11.016393881291151,224
2bf4542a-3051-49ff-bc0b-172349e902dc,9f8fc93a-62fd-4685-beff-f86268053404,7935209.763342357,7935210.262239531,7935221.350662498,5747,200,0.4988971734419465,11.088422967121005,160
17dcbc5a-e392-4529-963c-3089d3e29fe7,fbfe9e9f-aa2f-4a16-90bf-74ab86e7032b,7935209.763367874,7935210.089690481,7935221.4743215535,3432,200,0.32632260769605637,11.384631072171032,224
005680a0-389e-40ce-994e-ebdb45f49bb7,db50af28-fa33-4f95-803d-71036af6bdbe,7935209.763357099,7935210.251734626,7935222.774082999,6020,200,0.48837752640247345,12.522348373197019,176
ec24111c-f37d-4671-88c2-0f07db7036a4,1e9d7c97-8003-4914-919a-c70046db848d,7935209.763353247,7935210.860580918,7935222.8326510005,2780,200,1.0972276711836457,11.972070082090795,192
79ba87f6-d72e-4129-bb26-f12c360f6fb0,51d7aec4-2dba-42c1-8f75-3193d8c9b3b1,7935210.763025196,7935211.243219509,7935222.844735833,389,200,0.4801943125203252,11.601516324095428,384
cdbb12c7-9565-4baf-9097-4a0af54c33a0,855dd6b3-1f0e-4fa3-a820-cbf26b5c076f,7935209.763364779,7935211.242251109,7935222.844222406,5480,200,1.478886330500245,11.601971296593547,192
e9446132-0984-4296-9da1-9b932c947e34,97e6ae57-69da-4647-a7d0-d90457e6abcc,7935210.763018244,7935211.125299568,7935223.324245577,772,200,0.3622813243418932,12.198946008458734,192
1b766f6d-62b8-4067-9941-c546faab7d8a,bfc78a92-84e5-4fdf-8b1d-913c94a11821,7935210.763021881,7935211.124447671,7935223.325483055,3560,200,0.3614257900044322,12.201035384088755,192
4251cf69-8316-4f7c-9c67-695729bde706,15e18881-cbb9-4802-a422-20808dd1ab23,7935211.762581852,7935211.918324745,7935223.483793364,1418,200,0.15574289299547672,11.565468618646264,176
fcd56e22-4bbf-4bea-a87f-781ee58d7c3d,32379e4f-c52b-4533-87e4-7ccbc01e4871,7935212.762572995,7935212.8903820785,7935223.698207128,2616,200,0.12780908308923244,10.807825049385428,2400
22d0f9c6-deef-4937-8ec1-b1e77942e359,a23d66c3-addc-4e61-81ec-83fa165b946a,7935211.762569838,7935213.910227164,7935224.015022709,2168,200,2.147657325491309,10.104795545339584,160
2dfc9c2a-ae2a-4359-a557-ea8a2066ddfd,e9333846-4b52-4552-b7b0-49ce8f3d396a,7935213.763948672,7935214.9482369,7935224.064445131,1054,200,1.184288227930665,9.116208231076598,160
9515eec8-80c6-4e08-b1cc-8a424d79c253,eaa14318-4f95-461e-9213-5b24ea716730,7935210.763013822,7935211.421073806,7935224.076555375,4899,200,0.6580599835142493,12.655481569468975,160
18ae82b0-aa77-4069-938a-e6858da5375f,5247d9b3-daf0-4d8c-85c8-6200408316cf,7935214.763047281,7935215.032001085,7935224.087782999,1148,200,0.2689538039267063,9.055781913921237,176
a85eab65-f969-4eef-8b4f-0f31f44012ad,2c20976e-2290-479a-8bda-5a3f66c59c93,7935210.763028758,7935211.79775043,7935224.103795548,5582,200,1.0347216725349426,12.306045117788017,224
2fc518e7-12b8-4bd0-89c0-558da995ecf9,a9ee696e-7782-458b-b0e3-a5f993f4a8eb,7935209.763359949,7935210.2769206725,7935224.123239,5875,200,0.5135607235133648,13.846318327821791,176
3d062880-a4e9-404f-a2ab-7ff60a35dcb7,8f095d32-b382-490a-af2a-f42225c16ffb,7935209.763362189,7935210.898805644,7935224.153272996,846,200,1.1354434555396438,13.25446735136211,160
4b19872c-de63-4c73-8961-a20071a7986f,3ee811a5-f205-4725-8db6-b99eb8dd1ecb,7935211.762585257,7935212.40387055,7935224.164320903,3850,200,0.6412852928042412,11.760450352914631,160
5940477b-01e6-4907-b975-c69e6c54ef4c,c1aa437d-4a45-48f5-a4ba-fefa5588951c,7935212.762583506,7935213.126961504,7935224.17458269,3572,200,0.364377997815609,11.04762118589133,176
bc74012e-e85f-43a2-bd65-f4631d1e1de5,b01f6c83-5554-4371-9f04-7b0e790263ed,7935210.762996046,7935212.152156122,7935224.212673247,5631,200,1.3891600761562586,12.060517124831676,192
557cdc1c-6474-4f50-9f67-2db9f45812c6,9da86098-3be3-453f-9622-4e25faf21824,7935211.762592302,7935213.133729914,7935224.263764238,5822,200,1.3711376124992967,11.130034323781729,192
6a64fd34-f70f-42c5-808a-c1a3e2c4de01,d53c43e4-30f8-4bde-bd5b-7dec2dc7004c,7935212.762580565,7935213.72896699,7935224.287534646,2139,200,0.9663864243775606,10.558567656204104,192
0ce6ef2b-0891-4791-8058-8c325c75da29,6a0ac87a-e917-4b52-bf8d-10689801e4bb,7935213.763922389,7935214.5288624335,7935224.341050771,1847,200,0.7649400448426604,9.812188337557018,192
109785dd-c885-490e-85bf-69579a012390,eecbcd88-7743-4e34-95b6-1c67dec9ac89,7935213.7639552,7935214.523395204,7935224.335720133,5220,200,0.7594400038942695,9.812324929051101,224
cc1b681f-f5f6-4b10-b441-8898f6118a13,0a0896da-1e20-4a06-9b7c-c33d45fcd843,7935211.762595023,7935212.480672199,7935224.574740553,5764,200,0.7180771762505174,12.09406835399568,176
fd9091f2-fdce-428b-928a-28fddea06c40,47290926-f76b-42a0-b6b0-95ae3ac5a196,7935214.763043768,7935215.064168794,7935224.614679834,3484,200,0.3011250263080001,9.550511039793491,288
d72d6e7b-4dec-44f8-95cb-283fedd6ed36,a74d52a0-b723-423c-8ddc-8a8becc87965,7935212.762562317,7935213.376870718,7935224.632420473,5846,200,0.6143084010109305,11.255549754947424,176
acbb52d2-b05a-43b3-9c44-96d88a696025,22d7558f-2436-464f-b111-4724e2f322d1,7935213.76393544,7935213.990087958,7935224.635922933,1957,200,0.22615251783281565,10.645834974944592,224
20b8f4d3-44ab-473a-b5b0-f423a009f168,db3af283-c78b-4d14-bc1d-784377afabaf,7935211.762589663,7935212.789073115,7935224.780748478,3440,200,1.0264834519475698,11.991675362922251,224
d4157fe8-0d71-45f4-bdba-c6e2d953ef6e,8b04069d-53db-4f71-b312-8d4dedc41864,7935212.762576055,7935213.559912795,7935224.838726144,5965,200,0.7973367404192686,11.278813349083066,176
22e82a08-f1da-4de9-a109-ea443ea82348,fc0ee260-72a8-4d48-ad4f-51c0fbdc2377,7935213.763951975,7935215.144810021,7935224.903964483,5163,200,1.380858046002686,9.759154462255538,160
e9c43bcf-b433-4798-9d75-95acc544b535,c4f07ea1-4aee-4470-b000-7059f3c69f17,7935213.763938775,7935214.2959788125,7935225.236298141,5811,200,0.532040037214756,10.940319328568876,176
b0cb1743-0b87-4ea5-a2f7-65afd2c11d7b,7ed7ebb9-c4ac-496b-a503-cbbd0dad0d9e,7935213.763942092,7935213.991638293,7935225.478471198,1520,200,0.22769620083272457,11.486832905560732,160
b6359c99-11f9-4f73-8913-bbb183952776,4131e3cc-5480-4d8c-9fef-c2f6acff68e7,7935216.76274009,7935217.434269254,7935225.6836990835,5869,200,0.6715291645377874,8.24942982941866,176
69cd6eac-5c22-4d80-9112-7b5ebbf4213e,57a91587-71d3-4b42-b57c-e9022c37163c,7935217.763343774,7935218.467344719,7935226.593585828,5875,200,0.7040009452030063,8.126241109333932,176
cb13aca1-e5bd-4921-bbe1-8921dbf2b43f,558d1a32-11e7-4870-b268-20a3c0b14d67,7935215.762680364,7935216.265107343,7935226.641284226,5853,200,0.5024269791319966,10.376176883466542,0
27657678-32e4-4307-987c-1d0711989d00,137ad8cf-63fb-4db5-bb47-7e4c09778b00,7935216.762743499,7935217.823450325,7935226.716589884,6006,200,1.0607068259269,8.893139558844268,176
da61d160-c4dc-4e70-9195-60b5c1bb3bd4,0f610880-6ddd-4017-bf17-27f18caf55cb,7935217.763340695,7935218.637406154,7935226.757145784,5296,200,0.8740654587745667,8.119739630259573,160
7758317a-2991-49c8-820f-e42df6d77f52,21f467fb-de7c-4e1b-9293-058f066ebf57,7935211.762598051,7935212.731291074,7935226.846234591,5863,200,0.9686930235475302,14.11494351644069,176
c2e252d9-d196-4a85-b1bc-4edd6c1a31b1,1cc89369-2782-418c-93f1-6fd3c276dc1b,7935212.762578674,7935213.527986131,7935226.903180805,6645,200,0.7654074570164084,13.375194674357772,160
cc279ccb-a9a6-4e7e-b011-00326a2f63f1,643c4d15-0574-4bb2-a238-eb5212ad6aff,7935213.763931844,7935214.37643185,7935226.989239294,6648,200,0.6125000054016709,12.612807444296777,160
eb61eca8-0a95-4e6e-b334-1f7a6b4945b4,e6dca7b5-0f24-49b0-b2a3-fe8bda0289ff,7935213.763945533,7935215.540747856,7935227.338469489,4755,200,1.7768023228272796,11.797721632756293,224
1f8b2875-c1bd-4c09-a9d7-a1d273264590,48f00f11-d6a7-4d60-b710-9751910c2b29,7935214.763030345,7935215.544712457,7935227.3451062385,5741,200,0.7816821122542024,11.800393781624734,176
e1358cc3-16fd-4a20-b893-de3c9e094a20,afc0305b-37f3-49fd-a394-1f1a7281db52,7935216.762725768,7935217.278578826,7935227.386733361,5878,200,0.5158530585467815,10.108154534362257,160
a3179318-af4e-47cb-b137-4ad5c4bcc5c3,3047d0dd-5a9d-4d90-be11-b1eb806c0a55,7935216.762754552,7935217.745997435,7935227.411781488,5869,200,0.9832428833469748,9.665784052573144,432
80d61721-0afd-4965-bf37-5f30b856cb1a,f08a5a98-ba52-4eb6-9dfc-c3e02b3c3c96,7935215.762659846,7935217.127209494,7935227.460416776,5889,200,1.3645496480166912,10.333207282237709,176
cc2dd24c-d786-4b83-bd07-082415a830c9,54891ef3-08b6-433a-a8dd-209619c8b4f6,7935215.762677212,7935217.747101569,7935227.48904352,5692,200,1.9844243563711643,9.741941951215267,160
2574d3fc-e01d-4403-93d0-a3cc9a877b57,c2cf61e6-40f9-49e5-a7f1-e24130e70596,7935215.762673224,7935217.7470709495,7935227.489946966,5872,200,1.9843977252021432,9.742876016534865,176
5b18a541-be57-4bc1-b035-3c2b7304ef4b,57653307-c6ff-4c87-8138-1533b53900a3,7935216.762747129,7935219.606361042,7935227.551029206,5949,200,2.8436139123514295,7.944668164476752,160
a14e11c3-bd99-49cb-9cdd-15275912a6f4,02040ade-ed2d-491c-ad7f-c7feac81e298,7935217.763337121,7935220.229248212,7935227.571622158,536,200,2.465911090373993,7.342373946681619,160
42aad3be-604c-402a-9535-f3c47079199e,b77d50a0-f922-437c-a00d-6b3572ecfa03,7935217.76332672,7935218.34733286,7935227.586229894,5912,200,0.5840061400085688,9.238897033967078,160
9ff9c661-d208-4f03-b4d6-8d3b1a380af1,80c2eab9-93f4-47c0-9f83-f790c22d62f2,7935218.76290402,7935218.83797187,7935227.629726836,1564,200,0.07506784982979298,8.79175496660173,1552
f9646f39-660e-455a-a6fb-0573bf52ff6f,984ff781-ca15-479c-8e06-7bd9cd701519,7935219.762843602,7935220.095526796,7935227.831419923,2944,200,0.33268319349735975,7.7358931275084615,192
8dacfa52-689d-4356-9fe8-8e42cb161f1f,d28d1e2a-443d-459d-9383-6bdc450581a6,7935216.762750863,7935217.340770955,7935227.91349345,5859,200,0.578020092099905,10.572722494602203,176
0be515e1-c56d-44bd-9657-2ee7c7f3b53b,5f03cc52-082c-4278-836e-b69155dec9ba,7935215.762683617,7935216.310640889,7935228.145591583,6335,200,0.5479572722688317,11.834950693883002,160
0372315d-7296-4172-95e0-cc0ee1575ec9,ce4d3f5a-faf3-4b06-b766-a614f1096c6f,7935216.762736339,7935217.337974347,7935228.203237269,5950,200,0.5752380080521107,10.865262921899557,192
e949da3d-3aaa-4b29-8dbb-a70a340767a9,b23331f5-cf25-4f3d-bb0a-0b712f6627c0,7935217.763334173,7935218.166552253,7935228.312502537,3770,200,0.4032180802896619,10.1459502838552,176
9a5a4af4-e491-45ad-a7e4-8f2cd74d66d8,ade8cb90-6dbe-409a-8c98-4ae1df590b7e,7935220.76279681,7935221.094898232,7935228.437118347,2270,200,0.33210142236202955,7.342220114544034,192
62cabfd9-4dcf-4aeb-b205-aee3ca3eaadb,b895349f-c004-4a48-815c-1924c7a2fa77,7935217.763330931,7935218.518405185,7935228.47708633,2647,200,0.7550742542371154,9.958681144751608,224
82cbc7a2-dbe4-4742-9d2f-0da720550411,73d8e0e8-1341-40a5-b0d5-094ca0aac9e0,7935218.762895445,7935219.169667265,7935228.5206027,4556,200,0.40677182003855705,9.350935434922576,176
0d6ab8fd-764e-4732-9d21-1e3e00662955,cf53ec7b-8773-48c4-bfea-fbe3da37a269,7935219.762840398,7935220.3399997335,7935228.56863167,5941,200,0.5771593358367682,8.228631936945021,160
a599b031-beef-47aa-a104-16dfb0b4eb1d,6f90c4ab-65aa-49a6-ba03-ccb6cd74af3e,7935219.762849347,7935222.2997277845,7935228.615839286,5787,200,2.5368784377351403,6.316111501306295,176
8185d15f-b46d-4e36-b1e2-fbfb1f872752,3a454c10-139f-47e9-9e76-0ee4c60750df,7935220.762790885,7935222.3052082,7935228.621541925,5882,200,1.5424173148348927,6.316333725117147,192
53dafc31-dfe8-4f99-9428-df0bf43dffe8,f259acc7-014b-45ee-b116-6c5a67d0b3dc,7935217.763312192,7935218.457353841,7935228.720016477,5889,200,0.6940416488796473,10.262662636116147,192
5a3272c6-11ad-4e60-ab4f-e11ff4b7d907,b579de52-ab17-4588-b70a-4285fc661c21,7935219.762853076,7935220.312565008,7935228.814010029,5809,200,0.5497119324281812,8.501445020549,160
aa24dfa8-2eec-47aa-9b90-c7d280b14259,4c23bd5a-bf9f-4ee2-a8bc-c19f72ea4b9d,7935221.762504565,7935223.070550388,7935229.08054107,962,200,1.3080458231270313,6.0099906818941236,160
93847455-bb37-4adb-b368-14976958ab10,6cbbb375-c940-47eb-bdbe-1c9292cd44d7,7935222.762550975,7935223.695408412,7935229.103280064,2720,200,0.9328574370592833,5.407871651463211,288
a7d7bf88-1bdc-4c97-8a83-01365eee2e87,161e547e-4532-4d71-a764-180d08c2eb2c,7935222.7625392,7935223.698088528,7935229.105646676,3193,200,0.9355493281036615,5.407558148726821,3120
85c998a2-1376-498a-8752-1d58623cd209,bc5c74d8-eb34-4a1c-8ed5-ee4fc1418410,7935221.762519379,7935223.700061613,7935229.109057428,5937,200,1.9375422336161137,5.408995815552771,224
4bc1011e-b18f-40db-a9c8-8e076fcef832,af44908a-558d-48e0-806d-4f2657f94fe4,7935220.762807203,7935221.665343642,7935229.123021135,5338,200,0.9025364387780428,7.4576774928718805,160
6efd1760-6e74-4c57-aef8-9c6e218817e0,4101a5fe-666e-4384-a477-c0dd5e15c3ca,7935219.762813818,7935221.177359324,7935229.13905886,5373,200,1.4145455062389374,7.961699536070228,160
aa56a8b8-ffe9-4886-bd68-85466093edcc,4bf9a1b8-5289-460f-817e-659616fb5993,7935219.762826277,7935221.840007104,7935229.158512273,5906,200,2.0771808270365,7.318505168892443,192
5fb5c78d-f237-4f63-9efc-2eef43118e05,d4a8ccbe-7316-4e32-881c-ec76afaa5012,7935219.762836575,7935222.405499169,7935229.173606965,5991,200,2.6426625940948725,6.768107796087861,160
39520d6e-86f4-473c-b4e1-76f2bdef0459,04fdc20b-8327-42f7-a183-15c098d0ccce,7935219.762846532,7935223.031673853,7935229.192022061,5776,200,3.268827321007848,6.160348207689822,160
759c7045-04ef-4bfb-a9bc-60eb5f69474b,22d7558f-2436-464f-b111-4724e2f322d1,7935222.762511706,7935223.580373578,7935229.218693382,1957,200,0.8178618717938662,5.63831980433315,1952
7cbc0599-d821-4a2b-be70-e3b5b93c5036,72007798-6523-420d-9817-37e87fcf6ec6,7935220.762794179,7935223.577374279,7935229.2191599235,2555,200,2.814580099657178,5.641785644926131,224
31d49428-f38a-4317-b921-9264673492c8,d3446ebe-acf3-4d07-a3ea-c3744b922b9f,7935220.762804451,7935223.575169565,7935229.217300188,4829,200,2.8123651137575507,5.642130622640252,160
756e9d89-e52f-4f2c-a025-719d76fba37b,ec13b1d0-76b0-4b76-b16c-1f1ba5a32e9c,7935220.762787602,7935221.474438188,7935229.278770686,4392,200,0.7116505857557058,7.804332498461008,160
eb1ae48b-dbdb-44eb-8af0-6f33a97aa0a2,e75457ed-6df5-4031-9265-1be7e8cbd160,7935223.762805904,7935223.923343599,7935229.4306363575,4108,200,0.16053769458085299,5.5072927586734295,3920
2287f3e8-80c6-46a1-b1d7-a5d9c9218b39,c6e18b90-e57b-498d-a257-de89d96b372c,7935220.762776894,7935221.011071241,7935229.934699452,2057,200,0.24829434789717197,8.9236282100901,192
006361f9-d233-4ade-99ec-7440f5488e03,2a455136-68a7-4f2e-ae04-e584f979ee34,7935222.762529004,7935223.25766867,7935229.972021758,4746,200,0.4951396659016609,6.714353087358177,176
1a0566a3-a448-4a53-91cc-fd3adbb04bff,ae3515b7-b2c3-4055-9fee-cc35030fc4b2,7935219.762823228,7935220.925194049,7935230.008292397,1965,200,1.1623708214610815,9.083098347298801,176
92792704-f285-4cd6-b046-0f2aca3b5a33,43515880-6b47-44ce-ad5a-c143292b1649,7935219.762829362,7935221.544288842,7935230.030062068,5927,200,1.7814594795927405,8.485773226246238,160
ba89d7a8-fad4-4127-995d-e69c1b2238e6,b2da5930-e925-4f11-acd5-b71f0c28de6b,7935219.762833036,7935221.544033373,7935230.029745432,5744,200,1.7812003372237086,8.485712058842182,192
0ec99440-161d-4e33-8eaa-23eb1124d354,f0cbebc5-adb6-461b-9b21-22667b2f1d8c,7935220.762810625,7935222.093864918,7935230.047439106,2293,200,1.3310542926192284,7.953574188053608,224
88048d7e-b4ea-47cb-ad72-ba97754e6c74,5974b26c-9c91-4e54-8f64-6f0a30771880,7935220.762800476,7935222.095518595,7935230.050526647,5745,200,1.3327181190252304,7.955008052289486,192
8a7a0311-21c3-4269-ba24-79e9bce0962a,773fcc75-711c-4081-bfea-8e9f5d5f8c42,7935222.762522089,7935222.945881068,7935230.198085456,781,200,0.18335897848010063,7.252204388380051,160
03d82382-13c5-4dcf-8f0d-c460e95a4efc,6bc07a15-054a-4565-ad27-d0f02e46447f,7935222.76254291,7935224.183588914,7935230.234885571,5921,200,1.4210460036993027,6.051296656951308,192
af66acd2-2bdf-4c4a-9594-a44b45257d70,17f52023-20f0-4ba4-8129-16c153a0bb0e,7935221.762515727,7935222.535915191,7935230.415756192,3896,200,0.7733994638547301,7.879841000773013,160
e0dbc126-081c-4706-9fb9-f2e537df788d,31d93950-a967-42cb-aec0-6513d12008a1,7935222.762532806,7935223.368448703,7935230.500413936,2610,200,0.6059158965945244,7.131965233013034,224
c9499f2d-ffd6-4c4d-8263-52869770e4f8,b942c7a6-4699-4ba1-947a-a95a3cf3eff2,7935222.762535821,7935223.251622297,7935230.6272608405,4338,200,0.4890864761546254,7.375638543628156,224
9e16b7b2-b375-4970-9bf6-ebb02d1e266d,dee31f57-0db9-4efb-ad6f-509637e9dad7,7935222.762525217,7935223.2373879785,7935230.713929824,955,200,0.4748627617955208,7.47654184512794,176
d8032c2c-22f7-4907-92bb-5260050998b3,1f137368-a8ec-4424-9209-cece0037f45c,7935224.762639139,7935225.222536106,7935230.878419843,3372,200,0.4598969668149948,5.655883736908436,176
7899bda0-2e82-4dfb-9519-94d6554f85de,2b0b6d27-8a7f-458e-8a26-26ecad67cecb,7935224.76263044,7935225.2230850365,7935230.880118223,2631,200,0.46045459620654583,5.657033186405897,288
349a66ab-e311-45b9-8fb2-349276087136,b325fd77-fdfe-41e9-a0ff-794363903698,7935224.762641967,7935225.878029397,7935230.900791319,1549,200,1.1153874294832349,5.022761922329664,160
b0097d35-63f9-4578-bdbd-494b95b9af99,743da0c7-ad95-4639-a69e-c87954fbf45a,7935223.762796357,7935224.245660556,7935232.335026071,5962,200,0.48286419827491045,8.089365515857935,160
bfa10b2b-9ebd-40c4-aa08-84a6e7439084,9c8a1517-7296-4d9c-8dde-a5bbdf0ffc55,7935223.76280905,7935224.883528727,7935232.356642792,4221,200,1.120719676837325,7.473114064894617,160
a9a8b7c2-06c7-4ae2-9445-b9cec6ee3bef,4630c2ba-1217-4b3a-970e-383907fa6d0c,7935222.762547293,7935223.6023240425,7935232.488230858,1553,200,0.8397767497226596,8.88590681552887,176
87650e2e-6af6-47e9-9832-38cf81867ca5,05e2aea2-3e77-4091-acf4-2b43e9372008,7935225.762545214,7935226.215300967,7935233.773457933,3931,200,0.45275575295090675,7.558156966231763,224
b7881c22-3c99-46d3-9771-e35485bfd86c,ffa65629-fc9d-4ec9-b6e2-f76db11b35df,7935225.762559978,7935226.855421515,7935233.804460973,5886,200,1.0928615368902683,6.9490394573658705,192
2b7dc8d5-2b79-4d4d-b96c-9763130d95e1,4dbf8715-3d77-42be-80ab-15b38059e55b,7935225.762562952,7935227.477598767,7935233.84239465,1586,200,1.7150358147919178,6.3647958831861615,192
851c23ce-6fd8-42c7-9715-01442edf124b,8f571481-bb6f-4a50-ba89-2ea91233c37d,7935225.762556403,7935228.129153784,7935233.844969177,5806,200,2.3665973814204335,5.715815392322838,224
d7735805-be26-4108-94f5-fa460bf8e461,67a0b975-184d-4abe-91c9-e84646d0b743,7935226.762436631,7935226.939128046,7935235.498350647,1948,200,0.17669141478836536,8.559222601354122,192
0a6ef685-3f8d-4ac8-a456-d5f8e518cc86,45e7f1a3-6b50-4b00-bff3-e4a8f31e6793,7935226.762442629,7935227.515458391,7935235.523733489,2929,200,0.7530157621949911,8.00827509816736,192
8a59334c-449f-4148-80e0-384f0a29694c,d361340e-7ada-4795-9f86-b45068834ca9,7935227.762688207,7935228.124146043,7935238.828976324,4074,200,0.36145783588290215,10.70483028050512,192
2d99211c-96d6-48f8-99b1-abc9fb5eb87b,cfbe6bee-cd08-4654-810f-1a3b3025c764,7935227.762697664,7935228.745603176,7935238.847052153,6739,200,0.9829055117443204,10.10144897736609,160
1f5ad920-32b3-4bac-b8a0-3c0b283ff0e6,75ce5d63-f5dd-4ba1-b1f1-9c1cc84309a9,7935228.762662345,7935229.921690323,7935240.028330736,1363,200,1.1590279787778854,10.106640412472188,176
5b2edaa9-5449-4ff2-963a-c9d57a0eb04e,5c6dac57-aba8-4008-9b1b-2dc74818894a,7935228.762666025,7935230.501668376,7935240.057562806,4523,200,1.739002350717783,9.555894429795444,224
df06fb87-bade-4862-b583-7be92a5a2abb,f48f3c83-7b8a-45e5-a0fa-74a6e92599d8,7935228.762669219,7935232.3608428305,7935240.124200327,5950,200,3.5981736117973924,7.76335749682039,160
28e5ded7-19ce-4830-90bb-65aca220961e,e10a6047-966d-41f5-9abd-eada18afadd3,7935228.762671934,7935232.360430191,7935240.123944309,1510,200,3.597758256830275,7.763514117337763,176
8b04dacc-6fcc-4b99-b277-df6df6abe330,64d8ea28-e569-4d18-8e95-335226687779,7935228.762652727,7935232.7589086285,7935240.1480206065,5670,200,3.9962559016421437,7.389111978001893,224
9069f3a6-f091-4348-9f04-81eaa3cc35bf,1cb4cd2c-3d59-46ce-8a93-0db347afede8,7935229.762724134,7935229.983563239,7935240.473632205,1796,200,0.22083910461515188,10.490068966522813,192
c9fa60c9-ebc3-4379-b49f-04de02178845,d8819f26-10a3-4788-995a-51de60950150,7935229.762741972,7935231.202154451,7935240.524268038,3343,200,1.439412479288876,9.322113586589694,192
ae6fe075-41d8-4388-b51f-b96eae013eb0,9b048b14-06a6-4574-a80f-dbc23b48d9f7,7935229.762745286,7935231.843880956,7935240.551218686,5862,200,2.081135669723153,8.707337729632854,160
2ec27689-a1eb-4021-b69c-b3a956e2fb77,0899530f-4ed7-49f5-91aa-9eef27c4e875,7935229.762749614,7935232.441701088,7935240.573105315,5924,200,2.6789514739066362,8.131404226645827,176
2d488172-0a4d-46d8-9f55-67062c5962d6,81acfaa0-e241-4b9c-b637-2033ffdefae4,7935229.762738014,7935232.443999182,7935240.57687654,1333,200,2.681261168792844,8.132877357304096,192
b459b29a-dc50-4158-b43d-400ecf11f204,386b7318-3947-4df1-8dd5-2e93abdf10c2,7935229.762733962,7935230.288691028,7935240.617715357,5997,200,0.5259570656344295,10.32902432885021,160
23c40ac3-2f3c-4f7a-b285-f18826ea3482,b902c569-6d37-4ef4-a557-c9d749da88cb,7935230.76310819,7935230.92047354,7935241.083836868,513,200,0.15736535005271435,10.163363328203559,192
fe424700-8c43-4073-aeed-b5c769c3d023,948c8bc2-de8c-4e1a-8977-9533047131e5,7935230.763112358,7935231.017034674,7935241.1351498235,1614,200,0.2539223162457347,10.118115149438381,160
41016817-384f-4c7a-84d6-d2d980f41f75,52901222-0bb4-47e4-8bba-8825319cf100,7935231.762996063,7935232.051032133,7935241.865762637,3161,200,0.2880360707640648,9.814730503596365,192
7a7617bd-7fff-4e71-9072-b1fbf6df3f83,0a8f817b-a718-410e-a942-023e11cee743,7935231.763028754,7935232.647943615,7935241.881235326,5409,200,0.884914861060679,9.233291710726917,192
7920aa36-d310-4419-ba08-fbcfd0dc4710,029edadb-b234-4d39-a619-c56cc85e964f,7935231.763016896,7935232.650093528,7935241.884153222,324,200,0.8870766321197152,9.234059693291783,192
de2988c1-bcb2-4c38-bebb-fe8bed5dbd41,2f76cc92-4a76-43a3-ba85-d8a763932abc,7935231.763021597,7935232.649533305,7935241.883504949,1522,200,0.8865117086097598,9.233971643261611,192
22a89404-0e95-41d5-9947-b7cb65e1f854,27d34d22-9260-40a3-99e2-e20e86c4cfe7,7935231.763032896,7935233.250433758,7935241.905226342,2916,200,1.4874008614569902,8.654792584478855,160
df6e18e8-f303-420e-ad7c-5e58fd91be21,25236658-a6aa-4462-813e-c90ddddf0d4d,7935231.763025372,7935233.569442732,7935241.928522822,5419,200,1.80641735997051,8.35908009018749,224
98fb9e37-dda4-4406-947e-d6a7d911545b,307fce6d-c2b2-4dae-aea7-ddfb228a713a,7935230.763090589,7935231.259657156,7935242.011284125,5763,200,0.4965665666386485,10.751626969315112,176
a5165c3e-5113-4dfa-b0c0-a33dea09dad0,9094afdf-fdf4-40ec-b8cb-b04664e6ec6d,7935230.76310103,7935231.87338408,7935242.035755854,3821,200,1.1102830497547984,10.162371774204075,192
93d08ef6-f48d-4a48-9e11-5f59a3f6ac27,9ae48b4d-09e7-477a-96c8-ee9b319e707d,7935230.763115333,7935232.4764825525,7935242.059665562,3423,200,1.7133672190830112,9.583183009177446,160
9a914327-88b4-4644-8a39-426929897eba,e6330420-13fa-40f0-aaaa-ee9b7b873195,7935230.763104464,7935233.727681942,7935242.111273217,5617,200,2.9645774783566594,8.383591274730861,192
74be82bf-659c-40d4-9025-3ea7f352f7af,3c65feda-6cb4-427f-8794-100421de1d7c,7935232.762615496,7935233.140954553,7935242.974967044,4403,200,0.37833905685693026,9.834012490697205,160
c09eee69-e316-4d00-b4cf-832db254419a,dc50ab8c-4aef-4581-800f-8d55cff5e8ac,7935232.762619554,7935233.769429902,7935242.998622385,2159,200,1.0068103475496173,9.229192483238876,192
a178b680-9b59-4d2e-b4ab-525bc345e7ab,1f10b2d7-9302-4f7e-adfd-f3c4f7c6944c,7935232.762603962,7935235.003403358,7935243.050776291,3048,200,2.2407993962988257,8.04737293254584,192
95a16391-7a04-45f0-8894-48f50d20b34d,43547b38-0907-4fd9-ac93-a7380b13691c,7935233.762611982,7935235.579408642,7935243.068848271,810,200,1.8167966594919562,7.489439629018307,192
9df7817a-1ac1-4bee-80d4-551990500163,4a4b9580-1d15-458e-9b7f-fe574dea6d90,7935233.762588437,7935233.978045332,7935243.258280958,1803,200,0.21545689553022385,9.28023562580347,176
29073948-2dbb-42cf-9112-f6315d95caac,35bb8264-f8c1-4361-b48d-7ad5da447700,7935233.762601833,7935234.56489487,7935243.283738893,396,200,0.8022930370643735,8.718844023533165,160
55832600-dc83-42ba-b675-d62c2fa77e22,6e066633-fcb0-417d-94ee-a9864bbdaa41,7935233.762608575,7935235.195420532,7935243.305259913,6473,200,1.4328119568526745,8.10983938165009,192
f9f4d6fc-73a2-488f-8639-f932638d5da2,66a3a1ab-8428-410f-8284-bbbcc40e3d86,7935233.762614925,7935235.559333278,7935243.327036891,3919,200,1.7967183524742723,7.767703613266349,160
b26889fd-61db-4237-adc3-c4997f7ff42e,8861bb38-fa7f-46fe-a61e-d670524b80a8,7935234.76245408,7935235.289272215,7935244.218933811,5794,200,0.5268181348219514,8.92966159619391,160
de9beaac-dfc7-4695-9624-f4641b02e2c2,cae64ee8-4011-44ef-9331-c924f5e429be,7935236.762752698,7935237.500589308,7935244.571086919,3090,200,0.7378366105258465,7.070497610606253,176
3ebaf9cf-b847-4933-9c9c-61a7f80ce31c,80c2eab9-93f4-47c0-9f83-f790c22d62f2,7935235.762638636,7935235.827945686,7935244.691339589,1564,200,0.06530705001205206,8.863393902778625,1552
59981e55-94dc-4e95-b1e4-9fc7a560bc62,57965c9f-d1a7-428f-b691-aa12d95ea40d,7935233.762605136,7935234.474878716,7935244.713181799,6083,200,0.7122735800221562,10.238303082995117,192
c071f742-7e23-4ebd-9a41-e2c57072fc16,239fe02a-0a19-4d3b-9cb8-bae3872a285f,7935233.762621403,7935235.044655858,7935244.736287417,3216,200,1.2820344548672438,9.691631559282541,224
17ad9d79-1f82-4a3f-bf23-5851daa0fa81,b5892cf2-f7ae-4e85-bad8-596946a75f51,7935233.762618021,7935235.045803339,7935244.738045427,5910,200,1.2831853181123734,9.69224208779633,160
e909ce31-9ee0-47f4-b433-439a8584eaf4,51d7aec4-2dba-42c1-8f75-3193d8c9b3b1,7935235.762651959,7935235.815879554,7935245.223977157,389,200,0.05322759412229061,9.408097603358328,176
88d10b36-eaa3-4233-803b-19879de96153,d00c697d-7ae3-4f63-8c46-74cb115fcffb,7935235.762656392,7935236.25386856,7935245.246568006,5879,200,0.49121216870844364,8.992699446156621,160
c7d0ba2a-fe78-4f55-8e06-02f9037f2694,a9ee696e-7782-458b-b0e3-a5f993f4a8eb,7935234.762429721,7935235.26995316,7935245.288160485,5881,200,0.5075234388932586,10.018207325600088,176
eac285fc-0b48-4e57-bde8-d3d07e1e76ef,31895786-fe4a-4634-bd10-354266c7cf14,7935236.762755634,7935237.596714678,7935245.302884339,2368,200,0.833959043957293,7.706169661134481,224
6cfe070b-c528-4032-8892-48f57aa558f9,a652313c-8964-4423-b134-65f44458edb1,7935234.76244241,7935235.911303251,7935245.311670913,2620,200,1.1488608410581946,9.4003676623106,192
ee043b4c-a227-4b8a-8474-1ea6f2b3491b,749cff23-59a3-425b-bc36-69a36ebb5518,7935236.762759286,7935237.706224948,7935245.311290887,2649,200,0.943465662188828,7.60506593901664,448
8fcf23ce-45c2-47f1-b335-8814459aac56,a4f0c701-3c40-428e-a46d-38a2479e43d2,7935234.762447002,7935236.533830063,7935245.337621274,5949,200,1.7713830610737205,8.803791210986674,176
bb0e3a19-85af-4c07-bbca-b80b8aaefdd3,fa482bdd-c4dc-4bd0-ab79-4e8054d78a61,7935234.762457817,7935236.532105104,7935245.336166141,6291,200,1.7696472872048616,8.80406103655696,192
5e0641d4-14e5-4dc2-9150-5215afe2143f,44ca5816-8d16-4e6a-83e3-4700fae7ed03,7935234.762450517,7935237.184487575,7935245.356975062,5810,200,2.4220370575785637,8.172487487085164,160
12b4109a-3150-49cb-bd56-209b41686364,43515880-6b47-44ce-ad5a-c143292b1649,7935236.76274571,7935237.831154148,7935245.382429127,5857,200,1.0684084380045533,7.551274978555739,720
77203fc6-1ddb-47da-83fd-faa9ecbb8fd8,6ba87a37-5514-486c-a5f6-0a7c5f9057f4,7935237.762733964,7935238.26647774,7935245.458067861,2284,200,0.5037437761202455,7.191590121015906,192
2e490230-aeda-4ff7-b141-84546993b323,28b85227-ac6e-4816-91bf-18a4f64c1445,7935236.76273462,7935237.48319309,7935245.790395449,5707,200,0.7204584702849388,8.307202358730137,160
876b9fc0-b31a-4222-89d1-53a3a4b94368,1cda0d46-618b-4b7a-b957-319fe6d96516,7935236.763364773,7935237.418480092,7935245.83408594,6301,200,0.6551153184846044,8.415605848655105,192
945d8d28-3e24-4ca5-a46e-83de86c3f44e,3d9f64af-c9b9-49e3-aada-0810637fc61a,7935236.763360657,7935237.588265982,7935245.83676685,4011,200,0.8249053256586194,8.24850086774677,160
8ca5c3dc-ab4a-44fd-b2eb-4b45e1680efc,ff333590-8f59-4975-a74f-db7bccf0ba84,7935237.762738981,7935238.176309278,7935246.067079926,3638,200,0.4135702969506383,7.890770647674799,176
26256812-6ac2-4653-9bb5-3f5d9d7bf304,6e324056-7897-4c8b-93de-3f0d2871a1a9,7935237.762720445,7935238.475321778,7935246.2206716705,6012,200,0.7126013329252601,7.745349892415106,192
5ff3bd51-2569-4b31-a0dc-24cea61aadc0,828db195-ca5a-4484-848e-1fc6ac242624,7935238.762477908,7935239.4946449185,7935246.494541296,5718,200,0.7321670101955533,6.999896377325058,176
c3293c78-aa42-418a-87f3-d9fd7965c04a,6a19083f-2cb9-4a28-b5a5-fe5affc36867,7935239.763133964,7935239.85445389,7935246.557064103,442,200,0.09131992608308792,6.702610213309526,192
93cf66d6-61c1-4b33-9d46-1294f7d829c7,b397fd3b-5c1a-4e01-ae2f-44399f92080b,7935239.763144967,7935240.431797192,7935246.578614937,2832,200,0.6686522252857685,6.146817744709551,160
e3fe3ce7-810b-485a-8ce2-661ab743affc,fb070aed-59ed-4076-890d-d41bb370b24e,7935239.763148144,7935241.027498967,7935246.59538366,2759,200,1.2643508231267333,5.5678846929222345,160
ef0faea1-dd83-4962-961d-dae673c08274,b1cb652a-67d4-44c4-a3d6-11f8ce62329e,7935236.762762851,7935237.471375651,7935246.665075822,4786,200,0.7086127996444702,9.193700171075761,192
239570db-d5cb-48b2-b8ce-67efcd298def,509e694a-3fe7-4d92-89a0-f7d32c4d3964,7935236.76274916,7935237.240670038,7935246.756670401,5268,200,0.47792087867856026,9.51600036304444,176
bdadd784-832f-4985-bdc0-ba40d7fb9ede,5562c1a1-e6b0-40ec-96dd-5ea84936cbf8,7935240.762572196,7935241.274234208,7935246.9033497665,5981,200,0.5116620119661093,5.629115558229387,176
79380661-3b5b-4a94-9d84-68a05443b5a4,378a8dc1-f4bf-4176-8004-137448e51ca8,7935238.762473219,7935238.975354295,7935246.942068951,1646,200,0.21288107614964247,7.966714655980468,176
50f61051-7a13-4644-bed0-f9123c3909df,632c53ab-a30f-443e-8a55-e9907563136d,7935237.762742556,7935237.961482231,7935247.14009714,1005,200,0.19873967487365007,9.178614909760654,224
f387c16b-e704-43ab-8031-5d18d97b0aad,2d56a9c3-5f90-4bf8-8d15-611eb4ee9fbf,7935241.762823358,7935242.498436476,7935247.699617234,6705,200,0.7356131179258227,5.201180757954717,160
6a39d937-3237-441c-a555-ca4b6e669575,2dd1593e-b38b-4dc5-b628-5b24a57f7800,7935241.76283018,7935242.969560475,7935247.7195828445,5458,200,1.2067302949726582,4.75002236943692,176
4e11e5f5-5050-464d-beef-801b79b78bc7,a43aee69-af6f-4b63-82d9-73f1bb806cb0,7935238.762460102,7935239.2932672165,7935247.925454592,6084,200,0.5308071142062545,8.632187375798821,192
a58c98fd-088b-4fa7-8b07-a3fea7296aa2,c4f07ea1-4aee-4470-b000-7059f3c69f17,7935238.762480774,7935239.920936977,7935247.946763023,5799,200,1.158456202596426,8.02582604624331,176
3f3ba94e-1c6c-4cfc-9350-3b585b19fe72,fd66c258-5859-4553-99da-0f386f57432c,7935240.762582398,7935241.090561398,7935248.524179947,3598,200,0.32797900028526783,7.433618548326194,160
5a49007a-d3f8-40d6-a8a1-36540c4c5d06,ab7c945e-e515-4175-81a9-07d757d848ff,7935240.76258964,7935241.684590459,7935248.544157335,2131,200,0.9220008188858628,6.859566875733435,192
5ba9115d-7ef8-4e71-b590-a5737073011a,5f1dfde8-0414-448f-b867-af9a8603ce0b,7935240.76258578,7935242.312831007,7935248.565275047,4425,200,1.55024522729218,6.252444040030241,176
e514084d-53ec-43ef-a431-7086c0333399,47290926-f76b-42a0-b6b0-95ae3ac5a196,7935240.76259201,7935242.932399198,7935248.586428816,3459,200,2.1698071882128716,5.6540296180173755,16
32a221f6-daf1-4e4b-93d1-42c58549a61d,bd4d247d-3324-43ef-b1b8-ee86801436f5,7935241.762826189,7935243.541112084,7935248.604332731,2022,200,1.7782858945429325,5.063220647163689,176
33839d88-8bdd-4c27-a4fd-00c3dbf86ede,a0f4972e-a008-44c4-ba13-b684554c436b,7935241.762837088,7935243.82417049,7935248.622035275,2867,200,2.0613334020599723,4.797864785417914,176
2171ce73-a2cb-4dc4-9a78-839b55f3923b,64d8ea28-e569-4d18-8e95-335226687779,7935243.762723871,7935243.863261136,7935248.660133579,5670,200,0.10053726565092802,4.79687244258821,5664
a44f6507-2ec5-4af9-8e80-d2aa27b323aa,160f0c9e-f577-4da2-b81a-1b98824a8dfa,7935241.762833786,7935242.586632587,7935249.123066416,6041,200,0.8237988008186221,6.536433828994632,160
27f4ebfd-0a74-4ee2-b088-82cfae9f8ff2,4c23bd5a-bf9f-4ee2-a8bc-c19f72ea4b9d,7935242.762587831,7935242.857605053,7935249.348202617,962,200,0.09501722175627947,6.490597563795745,960
031e393c-448a-4a3d-ac90-6162e03f5cb4,5e3e9e61-386a-474a-a3be-51c8bf29b1e6,7935241.762807884,7935242.879574223,7935249.9383290345,5350,200,1.1167663391679525,7.058754811063409,176
290283c9-05f0-4c79-b8ec-2a2fcc89aa8e,93f972a6-65ef-4743-aae5-aab226f65263,7935241.762819702,7935243.287389961,7935249.957600604,5883,200,1.5245702592656016,6.67021064274013,224
1efb6ff7-112e-4aeb-9088-5edc4016600d,4131e3cc-5480-4d8c-9fef-c2f6acff68e7,7935242.762571235,7935243.264354188,7935250.2852659505,5818,200,0.5017829528078437,7.020911762490869,176
849c9aca-f695-40f4-86c5-c0b88b858932,e4cf393e-07d6-47fd-bb9b-936919a6f7a2,7935242.762592303,7935243.866097115,7935250.305877001,992,200,1.1035048123449087,6.439779886044562,224
b075ca33-7ba4-4cd6-be7d-ac84c2dcba4a,f0cbebc5-adb6-461b-9b21-22667b2f1d8c,7935243.76274314,7935243.857371163,7935250.367458425,2293,200,0.09462802298367023,6.510087262839079,2288
b7c88e4c-8ade-4cd9-ae01-500d75d34f6e,04fea7e7-35a4-4698-bf7e-840da3fb5ef2,7935242.762584112,7935243.363002586,7935250.785610569,5997,200,0.6004184745252132,7.42260798253119,192
d6c75f9e-3602-4441-ad23-19849a9a9787,e75457ed-6df5-4031-9265-1be7e8cbd160,7935244.762776566,7935244.858349593,7935252.545476101,4258,200,0.09557302761822939,7.687126507982612,4080
dfc54bf2-7ffe-4d5e-b16d-ddd7afff9e73,d98c265f-698d-4cb1-87ed-52317461cdc6,7935245.763290521,7935246.176251156,7935253.705090087,4534,200,0.4129606354981661,7.5288389306515455,16
2cf4958d-2c16-49f9-8433-e4dc7da1c496,899c2615-9ae4-4ce5-91c4-b802b05ed50e,7935245.763294427,7935246.851529003,7935253.726889155,1601,200,1.0882345763966441,6.8753601517528296,288
f547ebd7-04a5-443a-b96b-9f7fd72bab95,c8309beb-8c28-45e3-97c6-0ce22870ae69,7935245.763279505,7935247.4466764815,7935253.749922159,5889,200,1.683396976441145,6.303245677612722,192
2ad93133-42bf-45ca-86a8-e9f39d69f90e,eecbcd88-7743-4e34-95b6-1c67dec9ac89,7935244.762759248,7935245.204390515,7935254.431661743,5208,200,0.44163126684725285,9.22727122809738,224
73e2730e-d7c0-4c8c-b564-d1d0e63b86af,601ebb0f-02ad-42e7-a626-7ebef638a847,7935244.762773167,7935245.850685937,7935254.45304884,5834,200,1.0879127699881792,8.602362902835011,192
b4eeddc4-7834-4fdb-8bab-1fc27b5d6045,e1a9d263-ac30-4000-851a-1dbe52fb62c1,7935243.762733672,7935244.260316092,7935254.463639472,5871,200,0.4975824197754264,10.203323380090296,176
c0378cf7-b22a-4212-b115-dc2532076e64,32379e4f-c52b-4533-87e4-7ccbc01e4871,7935244.762769348,7935246.423131667,7935254.4777828455,2807,200,1.6603623190894723,8.05465117841959,176
c06bb6c4-c78b-474b-8007-0c798f6654fa,992bd0d7-1cad-4413-9565-9824a102be13,7935244.762779974,7935246.421227661,7935254.476447056,1596,200,1.6584476865828037,8.05521939508617,192
f9ea18c3-c4a0-4332-8fb9-a1672b2cbfb3,1326464b-c372-47f9-8850-927fd5f180aa,7935243.762736977,7935244.89208626,7935254.488862416,3853,200,1.1293492829427123,9.596776155754924,224
c19ce919-b922-4c43-99fc-92e388a7a20d,2c2590bf-7735-4068-8406-2d47707168ea,7935243.762740402,7935246.132151767,7935254.536562479,3542,200,2.3694113651290536,8.40441071242094,160
dd451271-bc8a-4935-a7fe-40ab2b976a60,84fa6356-b99b-42cc-943e-4313c53f37a8,7935246.763310352,7935247.342621119,7935256.2921784585,6877,200,0.5793107664212584,8.949557339772582,224
d70b5945-5276-49e3-8036-89638cda5ea2,7ed7ebb9-c4ac-496b-a503-cbbd0dad0d9e,7935246.763325156,7935247.932878185,7935256.314123842,1710,200,1.1695530293509364,8.381245656870306,160
06e10f54-693a-4938-8e74-86e2cda05798,162bb746-0925-436c-8c6b-25f181810fb2,7935246.76332288,7935247.933667864,7935256.315851362,2380,200,1.1703449841588736,8.382183498702943,176
9663133e-164e-46f8-9daa-f00420afe0fb,d769c8e7-545f-4504-930e-6fb89f07eeaa,7935246.763327576,7935248.531584067,7935256.338715726,2947,200,1.7682564910501242,7.807131658308208,288
514f4e89-ed09-49e7-9906-1a6387c981c3,faaf4675-e336-4c29-ba22-f21742dac9e8,7935246.76332043,7935249.153248673,7935256.362049905,5827,200,2.389928243122995,7.208801231347024,160
537a4a26-d5ff-4e0a-860c-10a5d400d29b,103c615f-5360-4f83-9b59-d23a7129b44f,7935246.7633173,7935249.585598131,7935256.383495097,3278,200,2.8222808307036757,6.797896966338158,192
3a83a219-9401-4a31-bdba-0575e02f0433,11930aa0-eecb-4b90-8321-5576b64783b6,7935246.763330704,7935249.582589506,7935256.381315683,5789,200,2.8192588025704026,6.798726176843047,224
429c868c-1f63-462c-a427-238a153ecc08,cef881df-c2a5-4400-b32f-b3f0ea1210d5,7935247.762651638,7935248.223423024,7935256.553903195,5371,200,0.4607713855803013,8.330480171367526,224
756a71f6-62be-457a-b84d-8621f98c9854,f930fe97-9b9d-4eda-a442-77a83ed574c8,7935254.763132563,7935255.080504592,7935256.5502140885,2554,58,0.3173720287159085,1.4697094969451427,160
7048a316-1fcf-4a27-8858-5dc5051aba58,af4b1375-aefd-45d5-8a5c-3dd4d84c4dc4,7935247.762664132,7935248.851727631,7935256.576802596,5943,200,1.089063499122858,7.725074965506792,160
0b4e7926-669e-41b7-bf4a-a947cc003cae,22d7558f-2436-464f-b111-4724e2f322d1,7935247.762660565,7935250.723758315,7935256.640686055,1852,200,2.9610977498814464,5.916927739977837,224
ccc210bc-d9fa-4fc0-a4cc-9aaaee3d9d11,2e76d9eb-980a-47df-9ceb-2b36e3fdbeb7,7935247.762666543,7935250.722613119,7935256.64027871,5885,200,2.959946575574577,5.917665591463447,176
c3718d71-149a-4d65-a6c7-3149e8c84ce1,6cbbb375-c940-47eb-bdbe-1c9292cd44d7,7935249.762711962,7935250.006963509,7935260.107676131,2782,200,0.24425154738128185,10.100712621584535,288
291f65aa-3d03-47f0-95b7-6c7eadbf94b1,02107f20-0300-4036-b19a-172388159a40,7935249.762708898,7935250.591860671,7935260.135102957,3857,200,0.8291517728939652,9.543242285959423,176
bcf50f11-1d0a-4989-be86-71db6afa7a3e,75ce5d63-f5dd-4ba1-b1f1-9c1cc84309a9,7935249.762715625,7935251.223467381,7935260.158461391,1363,200,1.4607517560943961,8.93499401025474,176
0d7ac3d6-c8f9-41c6-85e6-3b3cc43a1b8e,991fa4e9-1892-43fb-931e-c1ec446cf34b,7935249.762694671,7935251.227260571,7935260.163010143,5890,200,1.4645659001544118,8.93574957177043,192
01a3c0a0-41cb-4295-9cb0-4e3bee3710fa,c1aa437d-4a45-48f5-a4ba-fefa5588951c,7935248.76252827,7935249.091728926,7935260.181132792,3769,200,0.32920065615326166,11.089403865858912,176
fe70e784-0837-433a-a11a-edffc8ee3af8,c7cca2ad-dffe-41d6-b385-7183a58fe0c3,7935248.762515202,7935249.695113909,7935260.209230518,5782,200,0.9325987072661519,10.514116608537734,176
b82c7250-144e-4167-94ef-74828e1b9109,db1fb291-ef7d-478a-9b73-48146f6a8cd5,7935249.762705467,7935252.370392435,7935260.209023604,5866,200,2.6076869685202837,7.838631168939173,176
757cf4e7-b0ae-4d5b-915c-a4384b52b658,232da153-6f07-41c5-b184-6a34c8861a3c,7935248.762531733,7935250.334116116,7935260.231883404,5678,200,1.5715843830257654,9.897767287679017,224
1cc32c22-7b44-475b-b95e-fc4cf2009291,da124fb2-ca2e-4440-92f2-d93236ae14d2,7935252.764043558,7935253.351853593,7935260.251831734,1379,200,0.5878100348636508,6.899978140369058,176
54c21a2c-59ce-4f2d-be8f-49ac210d377b,00d31eb0-b908-4fd8-b7c3-40330a3b5089,7935248.762537528,7935251.587107801,7935260.280904636,4895,200,2.8245702730491757,8.693796834908426,224
d7dae11d-20c2-4df2-a46a-f091eeb750bc,b445a6a6-6bdc-421a-87f2-2617512f76b6,7935248.762534409,7935252.216623506,7935260.30394392,453,200,3.4540890967473388,8.087320414371789,192
625117c9-7e5d-4745-bd07-e856367d93b7,a2a378e3-be1f-4c30-b726-cf946c531dee,7935251.763019645,7935254.1063396605,7935260.369375777,5903,200,2.3433200158178806,6.2630361169576645,192
3e0326e8-a418-4cb4-8e6d-2b9a22c815f3,3047d0dd-5a9d-4d90-be11-b1eb806c0a55,7935252.76403242,7935254.721580192,7935260.388685378,5869,200,1.9575477726757526,5.667105185799301,160
2a2cf180-7ae2-4c17-ab4b-8872e8c2092d,ae3515b7-b2c3-4055-9fee-cc35030fc4b2,7935252.764053953,7935254.851686321,7935260.398910892,1965,200,2.0876323683187366,5.547224570997059,176
9743f72e-2117-40d1-8526-2fed0746cdb3,e4739dd6-a5ff-40d1-b9c1-1c5ea193b984,7935250.763438395,7935250.8687514635,7935260.528288198,825,200,0.10531306825578213,9.659536734223366,160
79d32e25-0cf3-47e5-afb0-302910b3f78f,dfe44e20-e90e-41c0-877e-c3fbc36bc1f8,7935250.763428237,7935251.737365998,7935260.579772021,662,200,0.9739377610385418,8.842406022362411,224
1b40fbb0-2b97-4bca-97ae-b5db968d4648,00237d17-5a7a-4844-95a2-634553f9bde7,7935253.762571366,7935254.13844109,7935260.6734126825,4199,200,0.37586972396820784,6.534971592947841,160
10052eef-5c9a-44a3-a877-d0c4375f87ed,b902c569-6d37-4ef4-a557-c9d749da88cb,7935251.763033623,7935251.892275696,7935260.736062423,513,200,0.12924207281321287,8.843786727637053,512
07bf4421-f84b-4c3a-8745-5585e8d3c248,74a8d097-f062-41b6-8205-d784bb153261,7935251.763046085,7935251.94350276,7935261.727652008,1685,200,0.18045667465776205,9.784149248152971,160
f69c0a5d-9bf8-4f75-afe1-200bfe02e16c,4da709ff-bf01-49a3-8bc5-9118019904f4,7935251.763052511,7935252.520954641,7935261.753228737,1998,200,0.7579021295532584,9.23227409645915,224
1bbbfcb0-2597-4a17-951c-45c4746193a0,debcae99-6b94-4209-9a6c-8a0c04c50046,7935251.763049215,7935252.520793729,7935261.754366168,2868,200,0.7577445143833756,9.23357243835926,192
601e0e7e-9431-49d6-a2c2-9184d4bf8282,f75aa301-f7dd-4da5-abac-17906f66550b,7935251.763043146,7935252.522653927,7935261.756391476,2952,200,0.7596107814460993,9.233737548813224,176
37981865-3ce2-4663-ba76-a646c9e6ac22,a9ee696e-7782-458b-b0e3-a5f993f4a8eb,7935252.764035447,7935253.215081754,7935261.768786297,5869,200,0.4510463075712323,8.553704543039203,5840
0e2bbd05-09a5-4329-9f45-45646343e0d2,137ad8cf-63fb-4db5-bb47-7e4c09778b00,7935251.763036609,7935253.167984909,7935261.7848112285,6042,200,1.4049483006820083,8.616826319135725,176
ae9c62d7-dfff-45e7-b762-7150e4465122,844a87c7-258d-4606-b701-dd25f9c331ff,7935251.763039662,7935253.809362993,7935261.817807533,5824,200,2.0463233310729265,8.008444540202618,160
a5e4645c-bff8-4599-8f46-88d5efc35927,675afd83-9b5b-45b7-9f5f-7e5d89f0c9f2,7935252.764038088,7935254.228998237,7935261.831679399,2488,200,1.4649601494893432,7.60268116183579,176
4092ec34-bea1-4e61-a282-cd24edb7c656,02040ade-ed2d-491c-ad7f-c7feac81e298,7935252.764056253,7935254.224172005,7935261.827071871,536,200,1.460115752182901,7.602899865247309,160
4a03805a-fb5c-4659-8a7f-8fd9e7822759,0759bb94-aa77-4047-8f94-34cc9c62436b,7935251.763029885,7935252.313466522,7935261.960833645,6015,200,0.5504366373643279,9.647367123514414,192
c0395936-c611-4972-b4dc-5efc09af53b1,715e64e0-0181-41a0-b6a9-c164d566d676,7935252.764046275,7935253.577744285,7935262.031622513,5763,200,0.8136980095878243,8.45387822855264,176
cfae678d-f59f-43bf-94d0-e1f8a9643788,3e53059f-27ed-453d-a3cb-045b4aa7f847,7935252.764041142,7935253.594453506,7935262.929540487,4258,200,0.830412364564836,9.335086980834603,224
1362633b-1613-4568-aa4c-87eadf02ba64,af45b936-e0fc-4b4b-a8e6-2c2ce81710a0,7935252.764023204,7935253.905687392,7935263.188221727,1477,200,1.1416641874238849,9.282534334808588,176
37d2feb8-ffcf-4590-b993-5ef52ff8c096,8ae210f3-b09b-4bc9-9dfb-bcc885974677,7935252.764048962,7935253.900587359,7935263.183714428,5040,200,1.1365383975207806,9.283127068541944,224
0f040223-dea9-4085-b7cc-381c277a0868,20137c1a-ca8a-4457-a308-ac224059e1dd,7935253.762568091,7935254.225648356,7935263.189915614,5170,200,0.4630802646279335,8.964267258532345,176
449df137-14b2-4407-9fd6-0151369826f0,8f095d32-b382-490a-af2a-f42225c16ffb,7935253.762578395,7935254.769345322,7935263.211583011,1093,200,1.006766926497221,8.44223768915981,160
8e1a2a0b-ed4e-4daf-bb64-728638f248ad,2264bba4-daf4-4a00-be9a-8bc82e601070,7935250.763441938,7935251.233161552,7935263.440195477,5759,200,0.4697196139022708,12.207033924758434,176
327c58a2-fafb-4b89-a36b-c2f34a1414f2,818f34b1-81e6-4dc9-8896-079af3a673ea,7935254.763107812,7935255.908953553,7935263.476675362,5116,200,1.145845741033554,7.567721809260547,192
750d8811-4fe4-46f1-8328-911e0f27d3e8,632c53ab-a30f-443e-8a55-e9907563136d,7935254.763122226,7935256.516004527,7935263.495007993,1130,200,1.752882300876081,6.979003465734422,976
4a98fb6d-2ccd-4244-aba5-d12b6ca39b28,2fbb6b5f-bf1d-45f9-9224-c8b21ba8135b,7935254.763115431,7935256.5174493315,7935263.4979678225,6012,200,1.7543339002877474,6.980518491007388,160
c09d50ef-fa88-4ad3-a864-a57d3f7d64b2,136c09df-f87e-45ff-b30d-813886566a5b,7935253.762552667,7935254.985839759,7935263.53587419,5817,200,1.2232870915904641,8.550034430809319,192
753966f2-b595-487b-8cae-a68b9cf1a584,26b09503-47de-4a7a-a705-35fe368c5074,7935253.762575028,7935255.616038139,7935263.553307785,4209,200,1.8534631105139852,7.937269645743072,160
389b52cb-5486-4358-98d7-a9b6069f19d3,41128b96-fd4a-4c4f-ab0e-4f0be9d70919,7935252.764051631,7935254.244421717,7935263.563030377,5943,200,1.4803700856864452,9.318608660250902,192
79f72112-f393-4e4f-a57c-3890deb068dd,cf53ec7b-8773-48c4-bfea-fbe3da37a269,7935253.762565071,7935256.260822359,7935263.578266595,5902,200,2.4982572877779603,7.317444236017764,176
e9a821d8-8e0e-4de3-afde-b50801e77252,d98c265f-698d-4cb1-87ed-52317461cdc6,7935253.762561697,7935256.262009356,7935263.580125425,4483,200,2.4994476595893502,7.318116068840027,2240
adb09747-3f2e-4a95-97b7-3edb4fa7f14e,43515880-6b47-44ce-ad5a-c143292b1649,7935254.76312897,7935256.5700206105,7935263.594295505,5812,200,1.8068916406482458,7.024274894967675,720
d4027801-7f54-408c-8663-93db89e43ddf,6f45b8a4-e423-40e0-b44c-2370d1158913,7935254.763094121,7935256.572062731,7935264.343070031,5882,200,1.8089686101302505,7.77100730035454,192
c6dd74e8-cc3e-42e7-87c6-1164e64f7dce,b1150a5d-89df-4036-90e6-c349a59a71a3,7935254.763103892,7935257.1991261225,7935264.364241933,5817,200,2.436022230423987,7.165115810930729,224
30af5476-5295-412c-b4af-1702075fdc7a,6a75316e-7972-4cf5-9574-a4ab90aeb5f1,7935254.763125423,7935257.194631527,7935264.359741294,5187,200,2.431506103836,7.16510976664722,176
e90319be-070c-459d-b509-a1a6edbcac64,5cfe068c-bdac-4693-905b-190923e1087c,7935254.763111513,7935257.835552455,7935264.382743406,5918,200,3.0724409418180585,6.547190951183438,224
22dedc9a-a0c0-4a9e-81be-8ea5607ed804,d53c43e4-30f8-4bde-bd5b-7dec2dc7004c,7935254.76311878,7935258.326877126,7935264.400840823,2408,200,3.563758345320821,6.073963697068393,192
d2c0d7a6-103d-4d84-83bb-4e270b02ac84,8f571481-bb6f-4a50-ba89-2ea91233c37d,7935258.762724991,7935259.280848995,7935264.772277211,5818,200,0.5181240038946271,5.49142821598798,224
af08e265-ba45-4ee0-86cd-12bec8214845,fc991f32-f1b6-4afe-ba3b-a472773d0110,7935255.762943085,7935255.881410164,7935265.153805233,1101,200,0.11846707854419947,9.272395068779588,192
3a9d3dd8-8117-4a44-8e7e-5933d844a458,e793cd05-3809-4e36-8e78-d44bc000c93e,7935257.762572638,7935258.25491462,7935265.702910376,5907,200,0.49234198220074177,7.4479957558214664,160
820b9170-f7e3-4f8d-a46c-e1439a216ce9,70040244-0ba8-4018-b9e4-d79962cfab6a,7935256.762674232,7935257.304567626,7935265.838585668,5847,200,0.5418933937326074,8.534018042497337,224
864e56c4-d2e4-49ec-8311-bc79423282f7,6765a657-895e-4f86-948f-60d5c92ec33b,7935256.762676636,7935257.922415713,7935265.8619330665,5628,200,1.159739077091217,7.939517353661358,176
11cf6919-8df3-494c-a6a9-76b29ef3ad9c,50a0f783-38f6-47fa-851b-c29341137a2e,7935255.762915124,7935256.057204604,7935266.012981053,1507,200,0.2942894799634814,9.955776449292898,224
26ac3ddd-3460-404e-b2a5-52eeb59f6bfe,c3d496a4-2080-4ec5-b544-6c3443dffdf3,7935255.762936531,7935256.661085216,7935266.032756745,4418,200,0.8981486856937408,9.371671528555453,176
41b8509c-743d-4481-8c1b-9f359748361c,98e40854-fda9-45ca-9e6c-4ac9446438f6,7935255.762929036,7935256.663279473,7935266.036163152,3366,200,0.9003504365682602,9.37288367934525,160
0b415bb9-7de3-46ac-9aaf-6b98c56d8489,2a455136-68a7-4f2e-ae04-e584f979ee34,7935255.762933136,7935257.28584248,7935266.059413364,4746,200,1.5229093441739678,8.773570884019136,176
a5d01fc8-a405-484c-9704-3daf4bd7bbde,7a77a142-6294-4d46-b6bf-f820bc0585c9,7935255.762940064,7935257.283263173,7935266.056627086,4456,200,1.520323108881712,8.773363913409412,160
d8092461-01a5-4386-8b54-74a2595c5dc0,5ddff232-d368-427e-9376-43248f95b38d,7935257.762558703,7935259.789043963,7935266.1057102075,6029,200,2.026485259644687,6.316666244529188,160
98099295-0b63-42ff-b297-c17faa4b5574,9f8fc93a-62fd-4685-beff-f86268053404,7935257.762580674,7935259.785689939,7935266.102666488,5763,200,2.0231092646718025,6.316976549103856,160
686174a9-d7a0-4459-9978-6494c14eab39,80c2eab9-93f4-47c0-9f83-f790c22d62f2,7935258.762732755,7935260.368642199,7935266.122472087,1564,200,1.6059094434604049,5.7538298880681396,160
75eb621c-8477-49a9-acec-f4f21e1f1bcd,9728b43f-13e5-4f1c-b6d4-40db13828d76,7935256.762660276,7935257.336243763,7935266.238011003,5992,200,0.5735834864899516,8.901767239905894,176
3f991d55-80cb-4f48-bde3-a449e2c60479,c51e1c93-377f-4846-81a1-14e5879a721c,7935256.762670524,7935257.942178921,7935266.257705439,4458,200,1.1795083964243531,8.315526518039405,160
2e5cd261-60f6-4f03-9e90-bbec6530b5c7,ae04581e-61a3-4e13-a5d3-988c330d8c3d,7935256.762679549,7935259.826884195,7935266.320977897,2001,200,3.0642046462744474,6.494093702174723,224
145c9ae7-833c-4077-8eab-92e24bf6924b,4b6ac81e-dcab-4d4b-86b0-55cc757e83a1,7935257.762576649,7935260.436020772,7935266.341615145,6145,200,2.673444123007357,5.905594373121858,160
8bf3701d-62e0-4b88-8e91-9c6fe7f31dc3,a30e4ed2-239e-4a1d-86d1-60a097e7cf74,7935258.762714092,7935261.058988441,7935266.364509741,5051,200,2.296274349093437,5.305521300062537,160
f954a3db-cd4b-4b3c-be62-b6ccc0a92b15,d07b83df-645d-4c89-b424-6beeea5eeb8f,7935259.762957695,7935261.518745393,7935266.376775469,3879,200,1.7557876976206899,4.858030076138675,320
4e7fb8f6-6c66-4254-ba92-9d9280817a00,e75457ed-6df5-4031-9265-1be7e8cbd160,7935259.762961017,7935261.518211082,7935266.376140664,4424,200,1.7552500646561384,4.857929582707584,4224
ebc257c9-db19-4048-b82a-f19ef624fc05,929b8a4f-ae3d-429e-830a-f69897f7f505,7935259.762953616,7935261.519333875,7935266.378174002,5409,200,1.7563802590593696,4.85884012747556,160
abba3763-475f-4b59-87ab-dc7102c74bb9,f259acc7-014b-45ee-b116-6c5a67d0b3dc,7935258.762739363,7935259.297681179,7935266.867087569,5872,200,0.5349418157711625,7.5694063901901245,192
fa3e464c-b29f-4d88-8c61-dfeaa2f2b511,f21c3799-f3ff-498f-be2e-8982bdfe2ecd,7935258.762728536,7935259.064989769,7935267.515295723,1059,200,0.30226123332977295,8.450305954553187,192
d848f0e3-6759-4fa7-834e-4b06e01fcaf5,9ae48b4d-09e7-477a-96c8-ee9b319e707d,7935258.762735928,7935259.336889104,7935267.53662221,3623,200,0.5741531755775213,8.199733106419444,160
70d0e456-8db7-4404-8127-51cbb550e203,072cf49e-ac0d-4d29-b3db-cf9253ebe3e7,7935259.762929942,7935260.480015744,7935267.820440297,5294,200,0.7170858019962907,7.340424552559853,176
98146657-109a-424a-8153-721f7128f7ca,a35eff54-0468-4997-8e6d-961bb789708b,7935259.762946791,7935260.216737262,7935268.12938672,4321,200,0.45379047095775604,7.912649458274245,176
5d2a75d0-003d-41a1-9dff-e60402ecfb4a,79338fbe-7a95-4ad0-8c9b-b64cc73ec957,7935260.762534171,7935261.244847619,7935268.18335831,5764,200,0.48231344763189554,6.938510690815747,160
d6b957dd-92d7-4dd9-be71-55dae518d485,6a0ac87a-e917-4b52-bf8d-10689801e4bb,7935260.762530924,7935261.885765215,7935268.203620687,1953,200,1.123234291560948,6.317855471745133,192
c207a463-03f3-4f04-949f-1d9036c94bd5,307c55d5-8ee9-4aec-850b-cee5f644152a,7935260.762540167,7935262.472759904,7935268.224153379,6671,200,1.7102197371423244,5.751393474638462,192
440b0656-70e6-4f5b-9839-102165fca097,773fcc75-711c-4081-bfea-8e9f5d5f8c42,7935260.762522433,7935262.475887033,7935268.2282207105,999,200,1.7133646002039313,5.7523336773738265,176
b86fcfdc-5a89-42d9-b488-9f8b32746af4,e9333846-4b52-4552-b7b0-49ce8f3d396a,7935260.762537251,7935263.100819363,7935268.24270213,1238,200,2.338282112032175,5.141882766969502,160
29c2c27b-c648-4517-99d2-f76d39591308,b895349f-c004-4a48-815c-1924c7a2fa77,7935260.762543145,7935263.099688045,7935268.242419057,2846,200,2.337144900113344,5.1427310118451715,224
3e8a86b9-78e8-4a5a-b364-1cf7f4ea2f7b,5d14739b-be72-4e70-bb9a-d4af5e7ae4cb,7935259.762949733,7935259.921601563,7935268.516994973,484,200,0.15865182969719172,8.595393409952521,288
636f1140-4251-4347-9fa0-5c806518d184,173d8474-31a7-49c9-a766-796c9ce56475,7935261.76306073,7935261.951661354,7935269.22145247,1533,200,0.18860062398016453,7.269791116006672,0
3a8293b2-d1c8-473c-ae17-482a6f4ccb3e,eac5587b-55b3-49b5-8265-c3df2ced853e,7935261.763074493,7935262.566386444,7935269.235558323,2116,200,0.8033119505271316,6.669171879068017,192
f11c12cd-08eb-459f-9c6b-60f72442d43d,c8ae7276-50d3-44bc-9777-36df0eb5b9e7,7935259.762943302,7935259.981394523,7935269.245399069,1346,200,0.21845122054219246,9.26400454621762,176
8d6dbe03-90a9-40b6-90f4-b8c89e820223,ff8466f7-de60-44e6-b2a7-a144e2002d89,7935261.76307215,7935262.982578039,7935269.255999399,1672,200,1.2195058893412352,6.273421360179782,192
4c7c3ed7-89be-4321-91a8-fea48de3f398,6f4051d6-8003-4af8-be6a-137219b04ba5,7935261.763069022,7935263.20840023,7935269.62776425,5722,200,1.4453312074765563,6.419364020228386,192
2f2d93e0-4b12-4879-a5bf-eb3b771632ea,b23331f5-cf25-4f3d-bb0a-0b712f6627c0,7935262.763205505,7935263.418515124,7935270.283271866,3943,200,0.6553096193820238,6.864756741560996,176
65a0fb6f-39e8-442b-a33f-6e7e65bd8850,844a87c7-258d-4606-b701-dd25f9c331ff,7935264.76281371,7935264.860473978,7935270.635954435,5824,200,0.09766026865690947,5.775480456650257,5808
9a3bc917-41f6-4655-a720-412bf9a752f5,b156fb7d-49c2-42ff-b314-9556d3052ed5,7935263.7630743,7935264.28308559,7935271.257210383,5881,200,0.5200112899765372,6.974124792963266,176
9432fc2e-85fc-4775-9b31-700f2064021d,4caafacd-2ab0-4466-94b7-7cb54f0a4414,7935263.763067309,7935264.9133090135,7935271.279296093,719,200,1.1502417046576738,6.36598707921803,176
1cc02a2c-9239-496f-97fb-4127ab75a446,b2e5c2f2-ace4-4fcd-a84f-e1ad661d87cb,7935263.763057953,7935264.125870698,7935272.79722633,4034,200,0.36281274538487196,8.671355632133782,192
bd7af2d6-853d-4d9a-ad0a-105d17fa60da,c494ad38-eca5-4234-ab94-6b47ba0ceac5,7935263.763070632,7935264.7527061,7935272.815491375,6094,200,0.9896354684606194,8.062785274349153,192
59eec63e-be90-42d0-85e7-745df9388801,bc5c74d8-eb34-4a1c-8ed5-ee4fc1418410,7935264.762823233,7935265.253481196,7935273.559915984,5937,200,0.4906579628586769,8.306434787809849,224
22b19866-c8f9-4c7b-b34c-049cc9b12f20,0fd4279a-26c5-4067-ab88-75febf63597d,7935264.76282703,7935265.87984359,7935273.581384898,5863,200,1.1170165594667196,7.701541308313608,176
7392f23a-9a47-4f44-931e-efae8a6f928e,a0ee44f1-f36b-4a6a-bf7e-a9a8c8f79820,7935264.762829417,7935268.967581145,7935273.682674038,5926,200,4.204751728102565,4.715092892758548,192
3f0091ef-6600-4ccd-8f7a-aa8f0d4e02dc,eaa14318-4f95-461e-9213-5b24ea716730,7935265.762462591,7935266.214233086,7935275.174658836,5148,200,0.45177049562335014,8.96042574942112,160
0702a71c-7233-461d-b0e5-275219ae76d4,91e22163-b1ce-41e5-803d-070d44488e41,7935265.762465859,7935266.856605586,7935275.197097208,5810,200,1.094139726832509,8.340491622686386,192
8ea26390-c505-44e0-86db-a191fcc0b603,48f00f11-d6a7-4d60-b710-9751910c2b29,7935265.762453404,7935267.870544572,7935275.243431125,5918,200,2.1080911681056023,7.372886552475393,176
6d3edfb3-2d52-478b-bf23-7a429f40c640,f17a4867-8187-4bc8-b761-c5e2f43461f5,7935266.76259951,7935267.262877963,7935275.579921977,5887,200,0.500278452411294,8.317044014111161,160
58299320-baf4-44ed-986f-01cc6b94e28e,51d7aec4-2dba-42c1-8f75-3193d8c9b3b1,7935266.762610185,7935267.877239122,7935275.600664018,389,200,1.1146289370954037,7.72342489566654,176
c0cbec37-ee51-4755-a1b6-e9d5f4f6a6df,32bb63f5-0400-4e7c-8e6c-cb23dafc8d9e,7935266.762617975,7935267.876199686,7935275.600167952,1378,200,1.1135817114263773,7.723968265578151,192
1ff0f926-6b9e-4386-b498-58df9e0fe14e,c4f07ea1-4aee-4470-b000-7059f3c69f17,7935266.762624588,7935268.499720529,7935275.62153394,5738,200,1.7370959408581257,7.121813410893083,176
65b035f7-4fd5-4556-94b5-76dc250e1a67,bef48969-2881-4b72-aae0-5d83261314a3,7935267.762791923,7935270.361226954,7935275.684154001,5714,200,2.5984350303187966,5.322927047498524,192
8809e007-badc-42c3-aac7-3129766d04be,efedac55-57dd-4acf-9f7e-f6bbd7243fbe,7935268.763548038,7935268.897859855,7935276.108989564,1412,200,0.1343118166550994,7.211129709146917,224
0140d5d5-d904-4e8a-9ea9-5363c24aee3d,1958dd0f-5de2-4626-bca0-02cbc78c8aeb,7935268.763565563,7935269.4836047655,7935276.127858732,2390,200,0.7200392028316855,6.644253966398537,192
a758fa2c-eba9-4fca-a2ff-3eecd67180b2,cae64ee8-4011-44ef-9331-c924f5e429be,7935268.763571586,7935269.482604571,7935276.127480388,3090,200,0.7190329842269421,6.644875817000866,176
72f7d037-3060-49fa-adcd-73bafdeb49b4,5974b26c-9c91-4e54-8f64-6f0a30771880,7935268.763557628,7935270.144896488,7935276.150952108,5792,200,1.3813388599082828,6.006055620498955,192
151d3a1e-45fb-4ddd-840e-15dae98761e9,94d515a9-ef0d-42ed-ace0-0af11d850115,7935268.763568808,7935270.747220076,7935276.171560386,2351,200,1.9836512673646212,5.424340310506523,224
555e5844-f450-425a-abab-c4d4812ddc34,773031a0-4df5-41b1-9031-e9c5d037efa1,7935268.763561666,7935270.748849739,7935276.172934336,1819,200,1.9852880733087659,5.424084596335888,192
4bca24b6-aff8-4d7d-a0e3-7e10fe2a6998,0a8f817b-a718-410e-a942-023e11cee743,7935266.762614032,7935267.238373599,7935276.598475701,5409,200,0.4757595667615533,9.360102102160454,192
9c0bfdac-a321-4b99-aa2e-2a26e8a3f480,4bf9a1b8-5289-460f-817e-659616fb5993,7935266.762620902,7935267.857321559,7935276.620572599,5862,200,1.094700657762587,8.763251039199531,192
2d8e472d-55ee-400d-b753-762b973166b6,3c65feda-6cb4-427f-8794-100421de1d7c,7935267.76278524,7935270.307844956,7935276.709744734,4591,200,2.5450597163289785,6.40189977735281,160
49f1a57e-2806-47a4-9b10-3a617f6fb5e3,40f892a5-678a-4f13-86dd-ca6b794f94a2,7935267.762781851,7935270.308752641,7935276.7115854,5982,200,2.5459707900881767,6.402832758612931,224
fff2aff7-731f-480d-ab41-900d0a84f3b4,169bfd1c-b54b-4a03-b40f-5a304abd2cb8,7935269.762644737,7935270.103160574,7935277.82271419,3919,200,0.3405158370733261,7.719553615897894,224
5a8eb21a-d88f-4297-9811-0c0d5580b6d8,81cbfa98-5491-4e8d-8566-7ecb5f746ab3,7935269.762653801,7935270.713875619,7935277.834565522,4942,200,0.9512218181043863,7.120689903385937,160
5741a10d-263f-40a6-9f63-3c3e5255c8bf,b914fbd6-a087-4d90-a0ed-605abdc8a06a,7935267.762771594,7935268.257025573,7935278.029534852,5885,200,0.4942539790645242,9.772509278729558,176
f2ce57af-c9ac-4cba-b5d9-62ad80e51e0c,f08a5a98-ba52-4eb6-9dfc-c3e02b3c3c96,7935267.762788187,7935268.883892932,7935278.049922,5937,200,1.121104745194316,9.166029067710042,176
d48f953c-0ef0-42e3-a9d9-8aa2968e2f28,2b0b6d27-8a7f-458e-8a26-26ecad67cecb,7935269.76265671,7935270.009348288,7935278.306156769,2635,200,0.24669157806783915,8.29680848121643,288
272760f7-a7ac-4ffb-8d22-9f39ed8c3f9c,2375aed9-bf2b-4d31-b02f-4651375f6697,7935272.762815216,7935272.8800504785,7935279.486402167,594,200,0.11723526287823915,6.606351688504219,176
439d59b1-6e54-455a-9238-ec21ceb7f083,6cbbb375-c940-47eb-bdbe-1c9292cd44d7,7935271.762533407,7935272.047967742,7935279.5756652,2848,200,0.2854343354701996,7.527697457931936,16
8d34983a-b8a2-46d3-ba3f-707580b9117b,187f15cf-abd4-40d5-b327-1bd0cec63671,7935271.76254448,7935272.655600229,7935279.596896705,3313,200,0.8930557491257787,6.941296475939453,176
e8ff7889-0367-4250-b2f4-33965ed7ac70,4c23bd5a-bf9f-4ee2-a8bc-c19f72ea4b9d,7935271.762547676,7935272.655227871,7935279.59685781,962,200,0.8926801942288876,6.941629939712584,160
1ac2504b-cb9f-4477-bee1-6e3e29508bcf,97e6ae57-69da-4647-a7d0-d90457e6abcc,7935271.762540933,7935273.939723527,7935279.637707826,1065,200,2.1771825943142176,5.6979842986911535,192
71b7d35a-4660-43e6-b0ef-0301229a4091,faaf4675-e336-4c29-ba22-f21742dac9e8,7935271.762522853,7935273.94268716,7935279.640836301,5827,200,2.1801643073558807,5.698149140924215,224
a3cf8884-edc2-42b7-acf6-8a5cec5dfe72,4101a5fe-666e-4384-a477-c0dd5e15c3ca,7935271.762551301,7935273.938370008,7935279.637242989,5632,200,2.1758187068626285,5.69887298066169,160
a5fc12df-90bb-4e99-ae5b-9da4526b1ed4,558d1a32-11e7-4870-b268-20a3c0b14d67,7935272.762825308,7935274.566204112,7935279.656154269,5803,200,1.8033788036555052,5.08995015732944,160
79fd0eb0-b08c-4455-8eb7-278f40b2c8cd,0d6cfb7c-9564-4e6b-96ab-aec695811479,7935272.762821553,7935274.885922859,7935279.674055323,5685,200,2.1231013061478734,4.78813246358186,208
6793b215-86cc-41d8-a102-2b30b2cc5ca8,541e44f6-83d2-4cfb-ad3d-1b894b8a8520,7935270.762584663,7935271.250447897,7935279.944093304,5940,200,0.487863234244287,8.693645406514406,160
5c72285f-475c-4caf-b87d-e30e466153e8,47290926-f76b-42a0-b6b0-95ae3ac5a196,7935270.762592867,7935271.878749504,7935279.965564748,3457,200,1.116156636737287,8.08681524451822,16
ff8c74a8-71ce-46e2-9058-bcc6a99e1efa,0a2cf870-c626-40f4-b60b-226c661f4b33,7935270.762598134,7935273.763593961,7935280.0292668305,931,200,3.000995826907456,6.265672869980335,176
97c15e6a-1a81-4876-b749-3c6ac2b3acaa,7262c41e-02eb-45c0-b19c-64f63c95cfa5,7935270.762595788,7935273.765038184,7935280.030965629,4934,200,3.002442396245897,6.265927445143461,176
0945aeb4-dc17-498c-9fe2-b00dbceaf9ef,e75457ed-6df5-4031-9265-1be7e8cbd160,7935271.762537665,7935271.919737055,7935280.370577024,4563,200,0.15719939023256302,8.450839969329536,4384
18f38724-d463-4572-840b-59a5b3b064f9,4dc898de-9d0d-4eef-9608-2e7f5c017b44,7935272.762796814,7935273.102902958,7935280.683169997,3238,200,0.34010614454746246,7.580267039127648,192
05a6e72b-b00f-4601-8f1c-ba7218045ea3,4da21daa-8a49-4a80-bd67-891784e7c623,7935272.762807647,7935273.101521491,7935280.683182019,442,200,0.338713844306767,7.581660527735949,160
7153b4a4-a323-4839-9e0b-c02d736dd9b0,ec13b1d0-76b0-4b76-b16c-1f1ba5a32e9c,7935273.762766963,7935274.327928526,7935281.420510155,4392,200,0.5651615634560585,7.09258162882179,160
605d9f19-2add-49b7-89f1-2fdc87f3caec,f8121c93-55c9-4862-98f6-419e36d71ff7,7935273.762755908,7935274.3284944855,7935281.422118549,3237,200,0.5657385773956776,7.093624063767493,224
494f831d-e114-4812-a349-640b999d2458,9cc9f7c7-21b6-4049-9427-8e83dd93cba6,7935272.762811574,7935273.266156727,7935281.476229819,5708,200,0.5033451532945037,8.210073091089725,176
ba8a5f99-6051-4e53-ae73-ae938f106830,81acfaa0-e241-4b9c-b637-2033ffdefae4,7935274.762855809,7935276.18938682,7935281.48259164,1488,200,1.4265310112386942,5.293204819783568,192
041881d6-3b6f-41b1-8a7e-ed0035dc0106,1cb4cd2c-3d59-46ce-8a93-0db347afede8,7935274.762842622,7935276.813002815,7935281.503733133,1796,200,2.050160192884505,4.690730318427086,192
d3de1398-fa74-4f57-91fd-db0efb9b5fcb,b6bb5bde-4df9-4ac5-915a-1165c2f7fe8f,7935274.762852492,7935274.963558136,7935282.42737549,2376,200,0.2007056437432766,7.4638173542916775,192
57835c34-6e8b-495e-886f-9fa34576f5fe,0fc32f2f-3791-4f05-a896-da6268fe53f9,7935275.76271651,7935277.051209327,7935285.180350751,4273,200,1.2884928165003657,8.129141423851252,192
f610c455-26c4-4b46-acee-460ac522da2b,d98c265f-698d-4cb1-87ed-52317461cdc6,7935275.762718855,7935277.050892017,7935285.180287217,4473,200,1.2881731614470482,8.129395199939609,288
b4d8b839-2cce-4f18-9324-0a50b209c4bf,899c2615-9ae4-4ce5-91c4-b802b05ed50e,7935275.762724147,7935277.663774095,7935285.202738611,1666,200,1.9010499473661184,7.538964516483247,288
d256b7ca-b336-4bf3-b767-7b49f62339c3,eecbcd88-7743-4e34-95b6-1c67dec9ac89,7935275.762721151,7935278.281536907,7935285.224704362,5208,200,2.518815755844116,6.943167455494404,224
df0130e8-1c3e-4672-9f50-7a96e2c5b901,6e7cc52a-11de-432c-9428-ed0bba4d276d,7935275.762713311,7935278.284290549,7935285.227241417,4016,200,2.5215772381052375,6.942950868047774,160
e17ff441-550c-4b4b-8a2b-c0ae3310b49e,8205a582-0870-4530-86d0-ed900328ac62,7935275.762704292,7935278.908219748,7935285.248479889,5938,200,3.14551545586437,6.34026014059782,160
0b81392f-5bad-4263-9415-6c9cd88be186,0c5040f1-c2d1-426a-938c-7f9a128ef1a7,7935276.762488068,7935277.416297078,7935285.3762329025,6468,200,0.6538090100511909,7.9599358243867755,192
ef2555f4-cd89-4d1c-b685-4c8af124fd34,17f52023-20f0-4ba4-8129-16c153a0bb0e,7935276.762470553,7935277.130042799,7935285.583997866,4132,200,0.36757224611938,8.453955067321658,160
1a9313d9-2c95-4613-91e9-e0f4cc33e29d,0883483d-ba52-4103-b119-afeaa09302ef,7935276.762484396,7935277.752720129,7935285.603659011,5744,200,0.9902357328683138,7.850938882678747,192
13c62dc1-1b1e-4e9c-b54d-4e28ca0b5f6a,ce4d3f5a-faf3-4b06-b766-a614f1096c6f,7935276.762480578,7935278.999667325,7935285.6519956095,5927,200,2.237186746671796,6.652328284457326,192
24b45315-af1f-4366-aac3-ce385f5511ae,9bc4feee-617f-4059-8c66-f3a6b1d07f17,7935277.762832274,7935278.999356031,7935285.652173434,988,200,1.2365237576887012,6.6528174029663205,176
974d50f8-708a-465b-b673-f65259be71ad,d361340e-7ada-4795-9f86-b45068834ca9,7935277.762828446,7935279.000401184,7935285.653361611,4333,200,1.237572737969458,6.652960427105427,192
9d916c82-00da-4c0a-8377-8aea7584ba50,509e694a-3fe7-4d92-89a0-f7d32c4d3964,7935277.76283568,7935279.616459553,7935285.67089663,5228,200,1.8536238735541701,6.054437076672912,176
1bd72da0-11fb-4b85-9cee-3b7f1e061dc3,bd4d247d-3324-43ef-b1b8-ee86801436f5,7935277.762815007,7935277.959732693,7935285.852110085,2206,200,0.19691768568009138,7.89237739238888,176
f2fd6fe9-5b31-4999-b5d6-f04548948c3a,66a3a1ab-8428-410f-8284-bbbcc40e3d86,7935278.763452149,7935279.1071110815,7935286.927038068,4079,200,0.3436589324846864,7.8199269864708185,160
e3347297-900a-4775-b9c6-30afc28ca43f,584dad95-d36b-497a-92bb-3cefd7fd8072,7935278.763462014,7935279.71320076,7935286.949843693,5841,200,0.949738746508956,7.236642932519317,192
a32be7bc-5485-4f63-a532-dd1b1e2ed329,2e76d9eb-980a-47df-9ceb-2b36e3fdbeb7,7935279.762530385,7935280.264359305,7935288.237777125,5885,200,0.501828920096159,7.97341782040894,176
02a8e48d-95f7-493b-92a9-80aaeb5e03a4,a3c929d0-baa7-4945-b63f-33a6fc39fd65,7935279.762542922,7935280.048286637,7935289.809908353,3034,200,0.2857437152415514,9.76162171550095,192
85bb7902-2b5a-4f0d-b6df-0986fc6a27ff,70040244-0ba8-4018-b9e4-d79962cfab6a,7935279.762546086,7935280.674576332,7935289.848223293,5847,200,0.9120302461087704,9.173646961338818,160
3b9e46b5-e61c-47f0-820a-1a4d67a0a556,9c1eaa62-32d0-47df-aea2-fa3f14175763,7935279.762549087,7935281.945744607,7935290.748385231,2575,200,2.183195519261062,8.802640624344349,192
99e67f66-74bb-480c-b5ed-4a753f2706f7,ba46ec63-d117-43af-a082-fdb05a1381df,7935279.762539461,7935281.947918232,7935290.751327726,2152,200,2.1853787703439593,8.803409494459629,160
ade22e76-e88a-457f-9871-c73d347109bf,44ca5816-8d16-4e6a-83e3-4700fae7ed03,7935279.76255498,7935282.566945535,7935290.7838942595,5810,200,2.8043905552476645,8.216948724351823,160
92e8d675-d330-4a09-8434-8f5462533e17,173d8474-31a7-49c9-a766-796c9ce56475,7935280.762628324,7935282.792194873,7935290.8289853,1591,200,2.0295665487647057,8.036790426820517,1520
428755e2-ea69-4565-a728-ce2c51a2d2b7,1d5e49ab-cdc3-4315-8a5f-0539366d6bea,7935279.762551805,7935282.791892659,7935290.828703165,3028,200,3.0293408539146185,8.036810506135225,160
476cb8f6-08fc-457f-b8b9-6f2e1b4910c0,2a455136-68a7-4f2e-ae04-e584f979ee34,7935281.763099121,7935282.177315233,7935291.714763842,4746,200,0.4142161123454571,9.537448608316481,176
c3b045ad-aafc-4d64-833f-90346da23bde,b942c7a6-4699-4ba1-947a-a95a3cf3eff2,7935281.763088687,7935282.795707012,7935291.741325692,4501,200,1.0326183242723346,8.945618680678308,224
f8449d3e-ddbb-4075-9ae7-3741345c2728,41a8ee23-c625-4401-b4cb-e78c442b71c4,7935281.763105429,7935283.388138614,7935291.765497708,3497,200,1.6250331848859787,8.37735909409821,0
d1372c47-fd65-49ee-b902-6a86f84f233c,e10a6047-966d-41f5-9abd-eada18afadd3,7935281.763108256,7935284.638053154,7935291.819971578,1692,200,2.8749448973685503,7.181918424554169,176
001bdc29-2c41-4c2c-b867-b38f00b45c30,bc3ac3c3-4d2f-4962-bb52-152a9ce073ae,7935282.763122267,7935283.435225692,7935291.924340928,5913,200,0.6721034245565534,8.489115236327052,192
26f3cfec-1bfc-4e3e-b563-6d712d2cfcba,db3af283-c78b-4d14-bc1d-784377afabaf,7935282.763131999,7935284.062167772,7935291.947865581,3662,200,1.2990357726812363,7.885697809047997,224
fe2abad0-a7a8-475f-95b3-08bd95337084,c494ad38-eca5-4234-ab94-6b47ba0ceac5,7935282.763134928,7935284.060903801,7935291.948052148,6195,200,1.297768872231245,7.887148347683251,6048
fc61339f-364e-491b-9545-3a1d54edc360,35bb8264-f8c1-4361-b48d-7ad5da447700,7935282.763137778,7935284.665675205,7935291.971309763,526,200,1.9025374269112945,7.305634558200836,160
f06c8f18-4026-431a-b679-837eeb0aa31e,bfd5456b-00d8-4af0-b7ca-9b61915339b8,7935282.763146326,7935284.664264244,7935291.970778469,2246,200,1.9011179180815816,7.306514224968851,192
40337d37-ba5f-4ece-83a6-d25db1ecacc8,dc50ab8c-4aef-4581-800f-8d55cff5e8ac,7935284.762571342,7935285.077498276,7935292.017542014,2339,200,0.3149269334971905,6.940043738111854,192
0452a20e-a1a5-4b8f-9071-5ecbca3b2244,97572e5f-d135-46bc-9183-21b2af1303c1,7935281.763102427,7935285.255977475,7935292.354227864,619,200,3.4928750479593873,7.098250389099121,160
fc9a6c16-f804-441e-8a37-4b571bde2990,af44908a-558d-48e0-806d-4f2657f94fe4,7935280.762625202,7935281.252345954,7935292.52544605,5547,200,0.4897207524627447,11.273100095801055,160
1d778429-f6bf-42a7-8af2-02b89561f073,0f610880-6ddd-4017-bf17-27f18caf55cb,7935280.762621414,7935281.876552844,7935292.554263499,5540,200,1.113931430503726,10.677710654214025,160
53418b57-255c-4df5-924f-09667a795f92,075d8cb5-28cf-4bc6-9249-fa0da1efad9e,7935280.762608846,7935284.988253518,7935292.678196641,2593,200,4.225644672289491,7.689943122677505,192
896f8a6e-e2e5-4b45-8153-31a54a500d5c,31d93950-a967-42cb-aec0-6513d12008a1,7935280.762632796,7935284.985521334,7935292.675776164,2784,200,4.222888538613915,7.690254829823971,224
0561d0f0-0a1a-44fe-8a81-1f4a33acd502,1cf5c436-bb75-402c-9dfd-fae7395bc0a0,7935284.762560127,7935285.894083306,7935292.721650014,718,200,1.1315231788903475,6.827566707506776,160
8589a43c-8716-4856-a7b8-f8da92403952,6ba87a37-5514-486c-a5f6-0a7c5f9057f4,7935283.763353339,7935285.889822881,7935292.717285297,2474,200,2.1264695413410664,6.827462416142225,192
99bdd9ee-39ea-40ad-b9a0-337824aff889,51d7aec4-2dba-42c1-8f75-3193d8c9b3b1,7935283.763345272,7935283.938837111,7935292.791921735,389,200,0.17549183871597052,8.85308462381363,384
f06f06f6-bc68-4a9e-86aa-fd2e5b30854a,bb3439ba-bbc2-476c-b3db-f87808d184ff,7935282.763140364,7935283.05462411,7935292.910009794,3455,200,0.2914837468415499,9.855385683476925,176
27faf4c0-8ee6-4288-932a-af5090b0a14a,a9ee696e-7782-458b-b0e3-a5f993f4a8eb,7935282.763143068,7935283.65072883,7935292.935412742,5869,200,0.8875857619568706,9.284683912061155,176
9ea2c332-fed8-4884-ab03-5345796c56fd,3047d0dd-5a9d-4d90-be11-b1eb806c0a55,7935284.76257758,7935286.317490486,7935293.371180981,5871,200,1.554912906140089,7.053690494969487,160
85b50645-99f0-47ac-9c35-c4ac9c459d0d,20137c1a-ca8a-4457-a308-ac224059e1dd,7935283.763325636,7935284.306033418,7935294.4009729605,5304,200,0.5427077813073993,10.094939542934299,176
f0eac1ec-79ad-42c8-968c-17ccfb3973f2,d00c697d-7ae3-4f63-8c46-74cb115fcffb,7935283.763340295,7935284.928216691,7935294.426840233,5824,200,1.1648763958364725,9.498623541556299,160
95e21a1d-4c59-492f-a3d5-20ac94425440,dee31f57-0db9-4efb-ad6f-509637e9dad7,7935283.763349112,7935285.1938390145,7935294.452079851,1093,200,1.4304899023845792,9.258240836672485,176
2684bb2d-75bf-4eec-8a1f-e8453f2335c5,7a77a142-6294-4d46-b6bf-f820bc0585c9,7935285.762966286,7935286.158653726,7935294.50236098,4457,200,0.3956874394789338,8.34370725415647,160
faf31af6-40d7-41c6-962b-5daf88d37ff5,1cc89369-2782-418c-93f1-6fd3c276dc1b,7935286.762601684,7935287.830569889,7935294.565813057,6658,200,1.0679682055488229,6.735243167728186,160
ef3770b8-ff01-4b0b-a425-28f2640d8a3b,6bb1f497-7e96-48e2-a040-13b9fb4aa7b0,7935286.762581119,7935288.342102526,7935294.589584082,2160,200,1.579521406441927,6.247481556609273,192
95387e5f-5446-4e6f-b0fa-609e588a1da2,32fb687a-464c-4e34-81ac-888a775f869d,7935285.762949335,7935285.932761724,7935295.628475909,1888,200,0.1698123887181282,9.695714185014367,192
caeb4ce4-6976-4854-b0ae-1faf4a964e4e,b95dfb64-0406-4605-9307-eb2ed587ac22,7935285.762959517,7935286.534181854,7935295.651627102,5895,200,0.7712223371490836,9.117445248179138,224
d2a3338d-7977-4b00-9ea8-60e3a6956b36,c2cf61e6-40f9-49e5-a7f1-e24130e70596,7935285.762963497,7935287.179531898,7935295.673934846,5836,200,1.4165684012696147,8.494402947835624,176
bd45ac8a-af64-43df-9acd-d468e0f0a49b,d28d1e2a-443d-459d-9383-6bdc450581a6,7935285.762969657,7935287.833923282,7935295.697969958,5872,200,2.070953625254333,7.864046676084399,176
4da3a359-4ed6-405d-a56e-d276279210b2,3ee811a5-f205-4725-8db6-b99eb8dd1ecb,7935284.762575022,7935285.154326883,7935295.777537293,4039,200,0.3917518611997366,10.623210409656167,160
f716eae3-dadd-4fa5-9383-3a376225c00e,52901222-0bb4-47e4-8bba-8825319cf100,7935286.762598527,7935287.094864902,7935295.822994412,3375,200,0.3322663754224777,8.728129509836435,192
92c4b92f-4e5d-45af-8769-67394ae8690a,f8e43d47-46b2-48cc-9573-4488e6fb8e5c,7935286.762595414,7935287.680683945,7935295.835212407,4284,200,0.9180885311216116,8.154528461396694,160
ea9580a1-d431-4956-8caf-d44adedca3e4,e15ff2fc-8b83-41ee-b315-8b52f8c96af4,7935286.762605926,7935288.296594152,7935295.842902738,5951,200,1.5339882262051105,7.546308585442603,176
bcb972c8-57b6-47c6-aa8b-c76ac3eeb21b,a2a378e3-be1f-4c30-b726-cf946c531dee,7935286.762591999,7935288.914841124,7935295.862722819,5903,200,2.1522491248324513,6.947881694883108,192
1b76b0bb-ef20-451e-946b-5dd3f7a0dfa8,f0cbebc5-adb6-461b-9b21-22667b2f1d8c,7935286.762609428,7935288.911154871,7935295.859239214,2481,200,2.1485454430803657,6.948084343224764,224
4dcef7f8-9219-4198-80a2-0e4937673c40,43515880-6b47-44ce-ad5a-c143292b1649,7935288.762877899,7935289.269861504,7935297.222171538,5986,200,0.5069836052134633,7.952310033142567,160
42393f3c-92b6-4cba-8477-01d9a1c4feff,fb070aed-59ed-4076-890d-d41bb370b24e,7935288.762873796,7935289.005335975,7935297.62483562,2948,200,0.24246217962354422,8.619499644264579,160
e44214e3-55ee-48de-9dbe-60eab1b4693b,32379e4f-c52b-4533-87e4-7ccbc01e4871,7935288.762881388,7935289.616064145,7935297.645681133,3047,200,0.8531827572733164,8.029616987332702,176
7bcaf7b5-ea16-4726-bc9d-27df47543e0a,ae3515b7-b2c3-4055-9fee-cc35030fc4b2,7935288.76286067,7935290.24541946,7935297.671385138,1965,200,1.4825587905943394,7.425965677946806,176
c965b6c6-67fb-4f7c-8405-ee55b2a7452b,cf53ec7b-8773-48c4-bfea-fbe3da37a269,7935288.762884665,7935290.674276305,7935297.689726936,5883,200,1.9113916400820017,7.015450630337,160
6895d5d8-5313-488a-9dd7-bc61609ea7df,4f0267ba-650b-4797-b011-e2567cfa5e17,7935289.763285781,7935290.677689862,7935297.695469894,552,200,0.9144040811806917,7.017780032008886,192
7fa8502b-24f8-49fa-a742-c46ae91d2846,d769c8e7-545f-4504-930e-6fb89f07eeaa,7935287.76284726,7935288.041830724,7935297.798126856,2951,200,0.27898346446454525,9.756296131759882,288
4167fb77-9873-417c-abfd-792f309d58a0,c1b43029-4936-4724-8836-95afb9ebd00b,7935287.762860548,7935289.24909062,7935297.847263836,1715,200,1.4862300725653768,8.598173215985298,192
3309856f-8b99-43ac-a974-25dc8e2b95db,dfe44e20-e90e-41c0-877e-c3fbc36bc1f8,7935287.762853983,7935288.627930259,7935297.853228607,662,200,0.865076276473701,9.225298347882926,224
4e4e9c6b-4b43-40da-a168-400f2c6baaeb,45e7f1a3-6b50-4b00-bff3-e4a8f31e6793,7935287.762857039,7935288.627579571,7935297.852776954,3143,200,0.8647225312888622,9.225197383202612,192
1320a1fe-bde9-4bc8-9e6f-367590d0639c,743da0c7-ad95-4639-a69e-c87954fbf45a,7935287.762850839,7935290.488123773,7935297.892021381,5773,200,2.7252729339525104,7.403897608630359,160
bcf284bc-0c18-4232-a89d-b92d9e36fe44,87bc14e3-59a4-4128-82c3-fc9b5691ebd4,7935287.762838113,7935291.107763335,7935297.913757699,6021,200,3.3449252219870687,6.805994363501668,160
ba6b1b0a-bb15-4e32-9e19-bdc76ab156fb,c36617c0-5ee9-428f-8eb3-fabed3fcffc7,7935287.762864873,7935291.720854313,7935298.493930274,2152,200,3.9579894402995706,6.773075960576534,160
740e9403-c9ac-42e2-ab96-f314605adc7d,4181337f-4f55-4fd6-8fbd-e067aaaaebe3,7935289.763282412,7935292.340535383,7935298.641050693,5927,200,2.57725297100842,6.300515309907496,176
3fafdd6e-ad59-4a28-8968-63a270415140,855dd6b3-1f0e-4fa3-a820-cbf26b5c076f,7935288.762888102,7935289.279978219,7935299.358215928,5608,200,0.5170901175588369,10.07823770865798,192
ddcf48a0-6406-40a8-ae65-0bce812c3b60,f48f3c83-7b8a-45e5-a0fa-74a6e92599d8,7935290.762999376,7935291.4491035845,7935299.544487507,5950,200,0.6861042082309723,8.095383922569454,160
de96708d-7120-4e05-a408-a56639af77f5,984ff781-ca15-479c-8e06-7bd9cd701519,7935290.763014864,7935292.080584843,7935299.56630348,3132,200,1.3175699785351753,7.485718637704849,192
eb162fd5-e360-430b-8654-91a983ad4b8c,e1e07760-a68d-412f-bda9-93b7968d3d10,7935290.763018374,7935292.080117278,7935299.567509842,3154,200,1.3170989034697413,7.487392564304173,224
48b6f9ec-63ce-4b04-9aeb-7bcbbbaf59a5,fc991f32-f1b6-4afe-ba3b-a472773d0110,7935289.763271466,7935289.902472095,7935300.025818987,1284,200,0.13920062873512506,10.12334689218551,192
92a94a2a-8f77-425a-bd87-c1ae996e3b17,d53c43e4-30f8-4bde-bd5b-7dec2dc7004c,7935292.762551181,7935293.01094953,7935300.657173547,2664,200,0.24839834868907928,7.646224017255008,192
6dfca7a9-aebc-4179-a7ae-6ef0978e761c,675afd83-9b5b-45b7-9f5f-7e5d89f0c9f2,7935292.762567794,7935293.591256023,7935300.677917462,2669,200,0.8286882294341922,7.086661438457668,176
c7a518ea-5573-4f8e-b148-322b51bcfd82,029edadb-b234-4d39-a619-c56cc85e964f,7935292.762563978,7935293.591420204,7935300.68071719,470,200,0.8288562260568142,7.0892969854176044,192
0435c961-991e-45db-b87e-12d20d310203,e75457ed-6df5-4031-9265-1be7e8cbd160,7935293.763399112,7935293.872538327,7935300.86636566,4726,200,0.10913921520113945,6.993827332742512,4528
9358e895-dd3b-42c6-b9d7-bc9fb9b1edd7,af45b936-e0fc-4b4b-a8e6-2c2ce81710a0,7935291.763169366,7935292.354113269,7935301.17582213,1741,200,0.5909439027309418,8.821708861738443,176
f1dc38ac-7e20-4f11-918e-b177c5412789,232da153-6f07-41c5-b184-6a34c8861a3c,7935291.763160356,7935292.355963125,7935301.178160499,5840,200,0.5928027685731649,8.822197373956442,224
b012d27b-3dc9-4fff-b420-38d4c9acb6a6,c4f07ea1-4aee-4470-b000-7059f3c69f17,7935293.763412915,7935294.262169117,7935301.7427506605,5726,200,0.4987562019377947,7.480581543408334,176
3bd1eacc-2ec6-437b-87d1-0a315483ab34,93f972a6-65ef-4743-aae5-aab226f65263,7935293.763418029,7935294.901431192,7935301.767008056,5871,200,1.138013162650168,6.865576864220202,224
4702a030-0dc2-40e6-95d8-5787297edf02,3d244e10-3c51-4e44-bce4-3022987dcfec,7935293.763428355,7935295.503592618,7935301.795031608,5910,200,1.7401642631739378,6.291438990272582,192
58a45e05-e229-4b22-9aba-5810a017aa83,850a9e15-1175-420d-83de-67148187b5e5,7935293.763431697,7935296.128875395,7935301.809149607,685,200,2.365443698130548,5.6802742118015885,176
09dd0533-792f-47d2-8877-a21d8e76e4c4,b01f6c83-5554-4371-9f04-7b0e790263ed,7935293.763421962,7935296.131909869,7935301.811731068,5639,200,2.368487906642258,5.679821199737489,192
ee0d8e23-83a9-4e20-bd13-692034abb2b9,b3b1f241-4f97-466c-b9af-0701c1476d26,7935293.763425312,7935296.131304931,7935301.811374371,5779,200,2.3678796188905835,5.680069440044463,224
039ff9ab-743f-4e20-a7d5-a14066a9198f,828db195-ca5a-4484-848e-1fc6ac242624,7935294.762629816,7935295.263271752,7935301.824686367,5718,200,0.5006419355049729,6.561414615251124,176
a6a147a7-b2bc-42f3-95c4-b3f2e3b1b03b,67a0b975-184d-4abe-91c9-e84646d0b743,7935294.762633947,7935295.8794569895,7935301.843430014,2164,200,1.116823042742908,5.9639730248600245,192
53346270-d09a-488c-8529-a6e8cb9ebb45,51d7aec4-2dba-42c1-8f75-3193d8c9b3b1,7935294.762647692,7935295.876569655,7935301.840444395,389,200,1.1139219626784325,5.96387474052608,384
c8b05496-5c7e-436d-ba24-ca6f8faa4772,d8a397bc-57f7-446c-afd5-6ed41a735419,7935294.762637087,7935295.879347614,7935301.842942611,1318,200,1.116710526868701,5.963594997301698,192
22bd5796-b06d-44ad-8469-c53d925256a7,faaf4675-e336-4c29-ba22-f21742dac9e8,7935292.762571362,7935293.240585373,7935301.948610402,5827,200,0.4780140109360218,8.708025028929114,224
af23acec-00ed-47ec-a9a1-9c0a816945ff,b5b79d80-d814-4a6c-9f3d-7d392ce15643,7935294.762619543,7935296.472261964,7935302.272978199,1495,200,1.7096424214541912,5.800716234371066,160
7dc9b1f8-b4a6-4908-a5bb-186cf3084467,9b048b14-06a6-4574-a80f-dbc23b48d9f7,7935294.762640894,7935296.47054306,7935302.271656382,5928,200,1.7079021660611033,5.801113321445882,160
87cf2daa-1c61-49c1-893b-dd6eaff824cc,22d7558f-2436-464f-b111-4724e2f322d1,7935294.762644065,7935297.073777349,7935302.291865107,1963,200,2.311133284121752,5.21808775793761,224
68d0572d-c702-48ce-9ecc-b0537f95627d,c1aa437d-4a45-48f5-a4ba-fefa5588951c,7935296.762741751,7935297.086873511,7935305.282247159,3985,200,0.32413175981491804,8.195373647846282,176
64afc03e-1340-4dd2-8a3a-efef4540fd4f,5562c1a1-e6b0-40ec-96dd-5ea84936cbf8,7935296.762754918,7935297.691315146,7935305.302358137,5986,200,0.928560228087008,7.611042991280556,176
5573f49a-36e9-4537-ae6a-2edc48168cd0,a9ee696e-7782-458b-b0e3-a5f993f4a8eb,7935298.763347428,7935300.53652801,7935305.408523506,5869,200,1.7731805816292763,4.871995495632291,5856
d85a50c9-d856-4680-9c1f-04038bd1e734,1326464b-c372-47f9-8850-927fd5f180aa,7935296.762758801,7935300.535198632,7935305.407305386,4044,200,3.7724398309364915,4.872106754221022,224
df2fd488-6a5c-4ed9-ad1d-92b97a9e9bd4,2b0b6d27-8a7f-458e-8a26-26ecad67cecb,7935295.764036965,7935296.017026166,7935306.389593758,2627,200,0.25298920180648565,10.372567591257393,16
7dc9d3f6-84d7-4112-a97e-d7f2432fd69b,af4b1375-aefd-45d5-8a5c-3dd4d84c4dc4,7935295.764028229,7935296.620584403,7935306.414058101,5943,200,0.8565561743453145,9.793473698198795,160
2845ab10-a3ef-4d79-ae60-8b9bd15a0723,6d14bf3f-56d2-4882-8aba-c916497faa7a,7935297.763235493,7935298.148593984,7935307.346058478,3921,200,0.3853584909811616,9.197464494034648,160
41ab8bb2-792a-44ae-ace8-de9bb47dc07d,2264bba4-daf4-4a00-be9a-8bc82e601070,7935297.763216425,7935298.262292114,7935307.425239509,5758,200,0.4990756893530488,9.162947394885123,176
254dbdd7-d38a-4f05-bac4-02ae33ba92f6,715e64e0-0181-41a0-b6a9-c164d566d676,7935297.763229073,7935298.897547261,7935307.45062931,5925,200,1.1343181878328323,8.553082048892975,176
8cfd55dd-bbc6-4c50-ae8d-7cbba1b45cc6,ae04581e-61a3-4e13-a5d3-988c330d8c3d,7935297.763238946,7935298.896286151,7935307.450090498,2001,200,1.1330472053959966,8.553804346360266,224
89fdfbc4-c480-4178-bb06-2931f9f750d2,948c8bc2-de8c-4e1a-8977-9533047131e5,7935297.763225044,7935299.483038542,7935307.474602939,1734,200,1.71981349773705,7.991564396768808,160
43ec1e91-5de4-4850-b6c1-7420865a1cd1,518b2120-1899-4a0f-af6e-5a114887002b,7935297.763232584,7935299.4824855095,7935307.475019394,291,200,1.7192529253661633,7.992533884942532,176
fbcc734c-ac3f-4912-885d-52b840d7625e,e793cd05-3809-4e36-8e78-d44bc000c93e,7935298.76336213,7935299.248853589,7935308.24474657,5878,200,0.4854914592579007,8.995892980135977,160
5ce1badb-01d4-4869-96d6-619ddc62efdf,3c65feda-6cb4-427f-8794-100421de1d7c,7935298.763365918,7935299.858416345,7935308.270910467,4801,200,1.0950504271313548,8.412494122050703,160
b059fd36-b1be-41f2-a5de-5443a94f2673,160f0c9e-f577-4da2-b81a-1b98824a8dfa,7935299.764466783,7935300.253565205,7935309.395993829,5996,200,0.48909842222929,9.142428623512387,160
bfe10a97-e600-4177-9869-22ab8c6f1906,bd4d247d-3324-43ef-b1b8-ee86801436f5,7935299.764456244,7935300.877221036,7935309.422357501,2351,200,1.112764791585505,8.54513646569103,176
03f3f603-8f41-438a-bd1a-3ac6d5adecbf,57965c9f-d1a7-428f-b691-aa12d95ea40d,7935299.76446998,7935302.163281351,7935309.467188738,6090,200,2.398811371065676,7.303907386958599,192
0c7d6df5-4e91-47ec-9ec6-9bd32568244b,773031a0-4df5-41b1-9031-e9c5d037efa1,7935300.763213193,7935300.939940482,7935310.958381597,1819,200,0.17672728933393955,10.01844111457467,192
5c526e96-8955-42c5-8c55-56a546482e27,0a0896da-1e20-4a06-9b7c-c33d45fcd843,7935300.763224188,7935301.535214956,7935310.986141765,5934,200,0.7719907676801085,9.45092680864036,176
391c38a6-1800-4117-8396-3eab42fdfbae,e9333846-4b52-4552-b7b0-49ce8f3d396a,7935303.762645809,7935303.942633151,7935311.821539835,1238,200,0.17998734209686518,7.87890668399632,160
a98e4569-59b8-4900-b5d4-d1b6fa5113d0,339e6a45-2ac7-4236-ac28-4af01254bcc9,7935303.762651743,7935304.370855794,7935311.844609274,5839,200,0.6082040509209037,7.47375347930938,160
7bb4eb0b-a209-47a4-88cd-5c84c00c54b3,ab7c945e-e515-4175-81a9-07d757d848ff,7935301.762833313,7935302.141103026,7935312.416891081,2335,200,0.3782697133719921,10.275788054801524,192
3594d988-1411-4b9f-aa60-251aa107eea9,c6a375bc-b50a-4597-9716-5f2339a823ae,7935301.762851888,7935302.139400209,7935312.4168853685,2271,200,0.3765483209863305,10.277485159225762,224
ec76ec9c-0042-442c-bf1e-09358be26843,2e76d9eb-980a-47df-9ceb-2b36e3fdbeb7,7935301.762858803,7935302.759433471,7935312.440866915,5853,200,0.9965746672824025,9.681433443911374,176
a035b31e-c8f1-4c5e-936c-54973cf0d242,02040ade-ed2d-491c-ad7f-c7feac81e298,7935301.762855162,7935303.377367239,7935312.466320885,694,200,1.6145120775327086,9.088953645899892,160
7e284597-5927-42ee-a6fc-b6d10b691c41,fbfe9e9f-aa2f-4a16-90bf-74ab86e7032b,7935301.762847561,7935304.626439038,7935312.513790861,3661,200,2.863591476343572,7.887351823039353,224
7e7c7017-c0d8-4d9b-8e26-870b025578a4,601ebb0f-02ad-42e7-a626-7ebef638a847,7935303.762638716,7935305.85935089,7935312.55775055,5843,200,2.0967121738940477,6.698399660177529,192
af830314-eb1a-49ea-8d93-556e5c24f274,1cda0d46-618b-4b7a-b957-319fe6d96516,7935303.762648708,7935306.471390034,7935312.57689547,6431,200,2.7087413258850574,6.105505435727537,192
8670770b-b254-4cd5-a71b-2f536e897067,5d0207cb-bd1b-4c3d-988b-bd7dee52f1f6,7935303.762654724,7935306.4701923765,7935312.576347979,915,200,2.707537652924657,6.106155602261424,784
eb4b2123-8ba0-430b-aaed-58fd5165f0cd,6cbbb375-c940-47eb-bdbe-1c9292cd44d7,7935304.762675736,7935306.535336434,7935312.598275512,2921,200,1.7726606978103518,6.0629390785470605,288
debd8aa2-624e-4378-8aa8-6eaad2e190aa,0fdd3815-1923-4d11-a5f1-1c32cbce836b,7935302.762653326,7935303.067030319,7935313.67967684,3308,200,0.3043769933283329,10.61264652106911,176
5b731fe4-8a9a-49e2-b994-f7451adda26d,1cb4cd2c-3d59-46ce-8a93-0db347afede8,7935302.762662806,7935303.670226787,7935313.705997003,1796,200,0.9075639816001058,10.035770216025412,192
45b2f6b3-db5a-4cf4-bde9-b1b39a9d3fa3,558d1a32-11e7-4870-b268-20a3c0b14d67,7935302.762673706,7935303.6679790635,7935313.704606523,5801,200,0.9053053576499224,10.036627459339797,160
4f65080b-6489-45bf-85ea-6711b974655f,307c55d5-8ee9-4aec-850b-cee5f644152a,7935302.762670244,7935304.2979088435,7935313.730518217,6627,200,1.5352385994046926,9.432609373703599,192
bf8e2e8d-70ea-42c2-98d9-6fc45439bf97,a88040f4-3d46-4ddd-9db3-d9cefb577c4d,7935302.762666987,7935307.441573583,7935313.847803355,5862,200,4.678906595334411,6.406229772605002,192
1f078677-46fe-44f2-b2d2-377c40cc8921,6f90c4ab-65aa-49a6-ba03-ccb6cd74af3e,7935304.762660947,7935305.275308499,7935314.110607585,5718,200,0.5126475524157286,8.835299085825682,176
d756ea43-eeca-429f-b7af-6df09e3363e6,173d8474-31a7-49c9-a766-796c9ce56475,7935304.762683215,7935307.915176775,7935314.423576118,1631,200,3.1524935606867075,6.508399343118072,320
628dbc99-b55c-4d03-af52-041ae58dd690,d07b83df-645d-4c89-b424-6beeea5eeb8f,7935303.762628058,7935307.918311797,7935314.42613214,3855,200,4.1556837391108274,6.507820342667401,320
d0015c87-4871-4abe-b4b2-9ba05b1b3af7,2c2590bf-7735-4068-8406-2d47707168ea,7935305.763044925,7935306.107627041,7935315.442531524,3788,200,0.3445821152999997,9.334904483519495,160
847a7db7-b294-4254-af18-1aed4baf8440,c8309beb-8c28-45e3-97c6-0ce22870ae69,7935305.76303934,7935306.707383922,7935315.468766065,5891,200,0.9443445820361376,8.76138214301318,192
bc27373e-7418-48ed-b996-b42f7477a011,0efc611c-a104-4cc5-ac35-e883e7cebda7,7935305.76302756,7935307.924878913,7935315.520654652,570,200,2.1618513530120254,7.59577573928982,160
ee884a99-bb34-4379-8b68-854c720ea315,bef48969-2881-4b72-aae0-5d83261314a3,7935305.763048172,7935308.524877736,7935315.539486284,5674,200,2.761829564347863,7.014608548022807,192
02017d94-d1a3-4509-9d16-f5ab1382157a,773fcc75-711c-4081-bfea-8e9f5d5f8c42,7935305.763051089,7935309.12635156,7935315.559688844,999,200,3.363300470635295,6.4333372842520475,160
ed51a4c4-26e2-4b90-9248-7ae7f0100e59,aaeef1c3-4f10-4ff5-a2cd-f5a30a353fa0,7935303.762642538,7935305.167788771,7935315.716930085,5885,200,1.4051462328061461,10.549141313880682,176
7442d159-940a-44af-9517-0cf38684fdb6,3e53059f-27ed-453d-a3cb-045b4aa7f847,7935304.762679869,7935305.46452238,7935315.737232618,4258,200,0.7018425110727549,10.272710237652063,224
8694c60e-c170-4e0b-8ac1-46825ff31740,c1b43029-4936-4724-8836-95afb9ebd00b,7935307.762817222,7935307.879952653,7935316.0759562105,1715,200,0.1171354316174984,8.196003557182848,1712
ed60ba31-a644-4714-86a2-1a3179d7f35b,6584e089-0fa2-4d90-acc5-9e1bf6b9f730,7935308.762627543,7935308.89198273,7935316.7327220775,1006,200,0.1293551865965128,7.840739347971976,176
f50be397-ed08-49dc-a17a-470982f15520,0fd4279a-26c5-4067-ab88-75febf63597d,7935308.762641982,7935309.490142858,7935316.752758826,5856,200,0.727500875480473,7.262615968473256,176
ce14d59b-ce40-43c7-ac26-97b07965ab56,329a4354-972d-40a4-8b5f-66b965aaf514,7935308.762638064,7935310.71749208,7935316.815070415,709,200,1.9548540161922574,6.097578334622085,192
f402a9ae-2e5d-4c12-9923-1db00314af34,57653307-c6ff-4c87-8138-1533b53900a3,7935308.762645514,7935311.962745594,7935316.838412846,5954,200,3.2001000801101327,4.875667252577841,160
cf904dc3-c83d-484a-813a-9524ca4e19a2,0f461546-1087-4ea8-86ba-ebc6af9b16f9,7935306.763090151,7935307.238865635,7935316.883987262,5835,200,0.47577548399567604,9.64512162655592,176
52d74807-29e5-4118-9420-cb6b14acf80c,d7d8b6a7-fa09-48cf-8e94-8659d578b8ed,7935306.763093539,7935307.860584684,7935316.909937913,4315,200,1.0974911451339722,9.049353228881955,288
427e6e31-cb97-4752-9ade-978184a9f8f3,899c2615-9ae4-4ce5-91c4-b802b05ed50e,7935306.763081156,7935309.089133952,7935316.957674293,1718,200,2.3260527960956097,7.868540341034532,288
eff28766-189b-4ab4-bfd7-c83cbaf55f51,91e2dcb0-9727-45f1-bd96-95ee2a9fe135,7935306.763099303,7935309.70765829,7935316.978809052,5572,200,2.9445589873939753,7.271150762215257,192
b710b47e-3fa9-4ba4-bf18-d4af04ec1d3f,2d5dcc3c-a047-4b49-9a38-cd2e4eb26eb8,7935306.763096395,7935310.972291554,7935317.017420959,435,200,4.209195159375668,6.045129404403269,176
c229adfe-6ca0-4e1f-b5a6-5dacb9f3f42b,bfc78a92-84e5-4fdf-8b1d-913c94a11821,7935307.762800348,7935308.090733232,7935317.6102729505,3756,200,0.3279328839853406,9.519539718516171,192
0865ad61-8de2-4f66-8a8b-a4da68e3931a,db1fb291-ef7d-478a-9b73-48146f6a8cd5,7935307.762820678,7935308.7047155015,7935317.630740614,5794,200,0.9418948236852884,8.92602511215955,176
5adc0d4c-f24e-4ef5-a8d5-43872a5633f7,70040244-0ba8-4018-b9e4-d79962cfab6a,7935307.762828657,7935309.317334507,7935317.653353027,5847,200,1.5545058492571115,8.336018520407379,224
4e9bb1cb-465d-404e-aa60-32342b6277b1,b579de52-ab17-4588-b70a-4285fc661c21,7935307.762812832,7935310.569293802,7935317.697588037,5998,200,2.8064809693023562,7.128294235095382,160
d8639ad7-d5a8-49a7-b4e3-66270071bf78,8e505307-8830-46b2-ac68-84a7d5dbd9a0,7935307.762823263,7935310.567428115,7935317.695968856,1979,200,2.804604851640761,7.128540741279721,160
4bfa2263-d943-4960-8ba4-1aed01fc0976,169bfd1c-b54b-4a03-b40f-5a304abd2cb8,7935310.762735652,7935311.127657866,7935317.759389667,4108,200,0.3649222142994404,6.631731800734997,224
7e72dbee-0050-4016-9e3a-90f73ece583d,6765a657-895e-4f86-948f-60d5c92ec33b,7935311.762964195,7935312.310250424,7935318.5277594365,5834,200,0.5472862292081118,6.217509012669325,176
4025abee-2f10-4a9c-8589-ae64844afeb8,6e066633-fcb0-417d-94ee-a9864bbdaa41,7935307.762826167,7935308.336477951,7935318.688973324,6408,200,0.5736517840996385,10.352495373226702,192
33409f91-62ce-4bcb-9ab1-4739f98e85dc,eecbcd88-7743-4e34-95b6-1c67dec9ac89,7935307.762831206,7935308.956089779,7935318.712697334,5208,200,1.193258572369814,9.756607554852962,224
069de9ce-6166-4b19-b2ad-eda34744b82d,22d7558f-2436-464f-b111-4724e2f322d1,7935311.762954657,7935311.879658742,7935320.98191382,1963,200,0.11670408491045237,9.102255078032613,1952
0fd2bb32-c27e-442f-8d26-6e98476bb0ab,871e2ad2-c962-4d3f-879b-acd7d5c130e7,7935311.762967392,7935312.301877084,7935320.995179378,5804,200,0.5389096923172474,8.693302294239402,192
cddcc68b-f96b-43e1-a5cd-be9536f799de,cef881df-c2a5-4400-b32f-b3f0ea1210d5,7935309.763143473,7935310.216511447,7935321.532162779,5376,200,0.453367973677814,11.31565133202821,224
5e257125-9d19-49cf-a7a2-cf24f99135b1,6bc07a15-054a-4565-ad27-d0f02e46447f,7935312.763250967,7935313.238412712,7935321.545946338,5893,200,0.47516174521297216,8.307533626444638,192
c74ab75c-15ce-4d71-bdbd-ce70820a7cc1,7c8adab7-544c-4106-916a-d86d02536d30,7935309.763133403,7935310.859567161,7935321.558560683,5824,200,1.0964337578043342,10.698993522673845,176
cbcfcc6b-d72a-4418-858c-90045b53a386,6f4051d6-8003-4af8-be6a-137219b04ba5,7935313.76328363,7935315.711436172,7935321.632959336,5963,200,1.9481525421142578,5.921523164026439,192
12e5ded8-7418-4599-9e93-738cc1ce9da2,9ae48b4d-09e7-477a-96c8-ee9b319e707d,7935313.76330147,7935316.322878711,7935321.652485234,3761,200,2.5595772406086326,5.329606522805989,160
77e364d1-bdd8-446d-891f-5f9016fb1de3,ebe40d16-cac5-48ed-964b-2109cbc3f901,7935313.763294298,7935316.3246128755,7935321.654354351,6071,200,2.5613185772672296,5.329741475172341,192
f427067d-1455-46af-9ee9-bf733a638644,7e0dc3cf-f526-472a-bc5c-d24141fee908,7935311.762937844,7935313.0735202,7935321.664840365,3856,200,1.3105823565274477,8.591320164501667,192
35a328c3-ac2d-4106-a2ff-fef4a997136a,09dd643a-82c5-4330-85e9-67ad0d950227,7935311.762950612,7935313.0728225345,7935321.664351092,2757,200,1.3098719222471118,8.591528557240963,192
5fdf3879-2d14-439b-a91f-91cf04e352ad,ba04113c-f39c-42e2-9942-9e943a5f3a91,7935313.763304497,7935316.917962478,7935321.668106808,642,200,3.154657980427146,4.7501443307846785,192
cbc96374-2021-469b-92af-a6c744e44be8,1e9d7c97-8003-4914-919a-c70046db848d,7935313.763298079,7935316.919378643,7935321.670122882,3006,200,3.1560805635526776,4.750744239427149,192
80c6538b-0f68-4269-a67a-02a94f2b28aa,b5892cf2-f7ae-4e85-bad8-596946a75f51,7935311.762973906,7935313.68748253,7935321.681485159,5713,200,1.9245086247101426,7.994002629071474,176
17ab0acc-64c7-4097-974f-68525de525ec,6b12e983-df72-4200-80d7-0a4adbe5d91e,7935309.763163305,7935314.6835448295,7935321.69416312,5955,200,4.920381524600089,7.010618290863931,224
e3577f1f-a08c-48ba-8798-284cc59a988b,8f571481-bb6f-4a50-ba89-2ea91233c37d,7935309.763147179,7935314.683739369,7935321.69486626,5778,200,4.920592189766467,7.011126890778542,224
4fcd3096-280d-487f-8280-7b20fcb6de48,407ddf5a-139c-4828-921e-c70aad421b68,7935311.762957855,7935314.308866444,7935321.7087754635,4405,200,2.5459085889160633,7.399909019470215,176
7f1257d5-e6dc-4001-8faa-9b8205939250,137ad8cf-63fb-4db5-bb47-7e4c09778b00,7935311.762960816,7935314.307938483,7935321.708153143,6031,200,2.544977666810155,7.40021465998143,176
5ea4bca8-b1a5-407d-b128-e91f2c6f6937,f48f3c83-7b8a-45e5-a0fa-74a6e92599d8,7935309.763166485,7935315.324916622,7935321.713489681,5892,200,5.561750136315823,6.388573058880866,160
41ca5a68-6991-454b-939d-c91a3504e609,fc39ffc1-cc7b-44be-930b-eabd806b6aa4,7935310.762749462,7935315.97763078,7935321.729652673,5887,200,5.214881317690015,5.752021892927587,192
e26f15b8-b640-4b7b-a9ae-90b22543465e,89189bcd-1513-4bf6-8b6b-dc60259a21f6,7935311.762970618,7935314.942608033,7935321.727567555,5951,200,3.1796374153345823,6.784959522075951,160
698a060c-5838-414e-81b1-ad2f0aa97cc6,51d7aec4-2dba-42c1-8f75-3193d8c9b3b1,7935312.763261389,7935312.823388157,7935321.81267126,389,200,0.060126768425107,8.989283102564514,384
41cafce2-73f2-4d00-8480-f64fa0e09842,6cb10242-0337-4e8a-86db-9b44b95dfbe1,7935314.763219119,7935315.665678464,7935322.768801441,5967,200,0.9024593448266387,7.103122977539897,192
3fad04e0-3d3b-48de-aa16-31bca47a8b45,502899ee-4518-4d94-a120-80fc9b07318d,7935314.763226703,7935316.280729999,7935322.800299602,4111,200,1.5175032960250974,6.519569602794945,192
b9c4dfec-94d8-4626-b299-48970cf669a8,2a455136-68a7-4f2e-ae04-e584f979ee34,7935314.763223181,7935316.281983323,7935322.801400775,4746,200,1.5187601428478956,6.519417451694608,176
92ffa47f-f087-4723-80c0-87ea501f5eec,0a8f817b-a718-410e-a942-023e11cee743,7935314.763207669,7935317.543296999,7935322.834360589,5409,200,2.7800893299281597,5.291063589975238,192
042b192d-8f3e-45f9-8298-88b32294fea2,a88040f4-3d46-4ddd-9db3-d9cefb577c4d,7935317.76294111,7935318.19977344,7935322.925523956,5862,200,0.4368323301896453,4.725750516168773,5856
82c8e83e-cc43-453a-b297-1ffc54af2969,35bb8264-f8c1-4361-b48d-7ad5da447700,7935315.762698889,7935315.864648722,7935324.167553736,526,200,0.10194983333349228,8.302905013784766,160
3ca2090f-cd4c-437e-9358-975486242448,072cf49e-ac0d-4d29-b3db-cf9253ebe3e7,7935315.762716013,7935316.4500248805,7935324.190119611,5083,200,0.6873088674619794,7.740094730630517,176
d09a0e18-3cdf-4d05-a754-7d2283bfe97e,239fe02a-0a19-4d3b-9cb8-bae3872a285f,7935315.762707397,7935317.064134177,7935324.213347758,3216,200,1.3014267794787884,7.149213581345975,224
d0ec5458-db37-4886-99e0-2da3dc8b9919,17f52023-20f0-4ba4-8129-16c153a0bb0e,7935315.762713584,7935317.062387726,7935324.211991458,4132,200,1.299674142152071,7.149603731930256,160
55ac4f3b-9df5-4afd-a68c-2fa86f3e8f07,83e780d2-3cdf-4e88-9a17-26905df5b928,7935315.762710728,7935318.271845296,7935324.256339638,5887,200,2.509134568274021,5.984494341537356,160
ba3fa4d8-1cc0-40e4-9470-39a25a11c6fa,bd4d247d-3324-43ef-b1b8-ee86801436f5,7935317.762929267,7935318.60509802,7935324.597075324,2448,200,0.8421687530353665,5.991977303288877,176
fc92cf01-1ae2-4cc6-9f0f-99f2b410093f,f100c4de-e895-4c45-a630-52e0d04a19f5,7935317.762935088,7935318.6042891,7935324.596123475,5535,200,0.8413540115579963,5.991834375075996,192
adc7e649-1d6f-4dd2-ac00-d9db8f631328,9bc4feee-617f-4059-8c66-f3a6b1d07f17,7935317.762948103,7935318.868528164,7935324.610277451,1140,200,1.1055800607427955,5.741749286651611,176
a0fa18a9-92e6-477b-ade6-2bc31330109a,97e6ae57-69da-4647-a7d0-d90457e6abcc,7935317.762938313,7935318.870821103,7935324.615366126,1269,200,1.1078827902674675,5.744545022957027,192
3af7e95f-a060-40c2-9fec-145ee3db8b8d,de528792-7b2e-4008-9f06-3c9229e60e2f,7935316.763127768,7935316.88846612,7935324.833602112,1326,200,0.12533835135400295,7.945135992020369,224
ec75db20-a3e2-400c-bfa0-6e3b49d987fd,d361340e-7ada-4795-9f86-b45068834ca9,7935317.762944986,7935318.195243404,7935325.278414615,4595,200,0.4322984181344509,7.083171211183071,192
bb12642c-6415-4483-8852-c68cccf31bb3,f08a5a98-ba52-4eb6-9dfc-c3e02b3c3c96,7935318.762714257,7935319.236276339,7935325.790926863,6007,200,0.4735620813444257,6.554650524631143,176
f76a2352-353a-4c67-bcea-7bc1e5f36e3f,749cff23-59a3-425b-bc36-69a36ebb5518,7935319.762962646,7935320.052501272,7935325.951351823,2879,200,0.2895386265590787,5.898850550875068,160
7c226114-470e-4c69-9f70-9057fd2fbbd3,0c5040f1-c2d1-426a-938c-7f9a128ef1a7,7935318.762725521,7935319.302993965,7935326.332633041,6468,200,0.5402684444561601,7.029639075510204,192
a2655f58-1db6-48f9-a922-0e77735d6242,844a87c7-258d-4606-b701-dd25f9c331ff,7935319.762981087,7935321.16097118,7935326.39290853,5822,200,1.3979900926351547,5.231937350705266,160
65c2e7c6-652f-4cba-962d-fe86332d759a,66a3a1ab-8428-410f-8284-bbbcc40e3d86,7935319.762988024,7935321.690302349,7935326.410368543,4135,200,1.9273143243044615,4.720066194422543,160
bbd774a2-9f3d-4ee7-9857-3bf82aafb6a2,caa2e6bd-03cc-4259-9a46-3330ef527f05,7935319.762984655,7935320.279135108,7935329.324077251,5835,200,0.5161504531279206,9.044942143373191,192
ac1ede40-ba73-4844-8b1f-8f670bc220c0,5f1dfde8-0414-448f-b867-af9a8603ce0b,7935319.762991974,7935320.894827323,7935329.34724695,4413,200,1.1318353489041328,8.452419626526535,176
bb7fd58d-4459-4c48-a73e-3affc8d25ec6,0a6e1c4d-4f69-4db3-b893-0aa1755f54ee,7935319.762977171,7935321.511252277,7935329.373903169,5582,200,1.7482751058414578,7.862650892697275,176
6982c24d-eafb-4eb2-a43d-8adc3a82bc0b,22c8b384-fed3-4c7f-8565-f8172214ee15,7935320.763120339,7935321.82269529,7935329.396341639,5823,200,1.0595749504864216,7.573646348901093,176
6ec1f272-add2-46e9-aaf0-d0480f8a467a,ae3515b7-b2c3-4055-9fee-cc35030fc4b2,7935321.762650494,7935321.975822599,7935330.322401971,2179,200,0.21317210420966148,8.34657937195152,176
5ef7cbf5-4f4b-4def-9589-ad7a54bcdcc9,43515880-6b47-44ce-ad5a-c143292b1649,7935321.762661775,7935322.572973367,7935330.343179424,5975,200,0.8103115921840072,7.770206057466567,160
dc8ebc10-8fef-4e79-af54-bbabd04cbde6,cf53ec7b-8773-48c4-bfea-fbe3da37a269,7935321.762668236,7935323.22114751,7935330.363349635,6042,200,1.4584792740643024,7.142202124930918,176
47dcf9a4-ca6b-46d1-aa84-f1666c615c33,378a8dc1-f4bf-4176-8004-137448e51ca8,7935322.763266747,7935323.844815242,7935330.389741484,1809,200,1.0815484952181578,6.544926241971552,176
c22a8294-8360-46da-8bf0-d83a8b323a61,47290926-f76b-42a0-b6b0-95ae3ac5a196,7935322.763274126,7935325.078392846,7935330.427882389,3440,200,2.3151187198236585,5.349489543586969,16
d14df139-0943-4585-82b4-125e9a426cef,d44c23b8-69bc-4fe6-96fe-f7f6ff821c72,7935321.762654754,7935322.285673345,7935330.47750134,5961,200,0.523018591105938,8.191827994771302,176
c5eb468d-22f2-435f-b64e-67c79a03abaa,dfe44e20-e90e-41c0-877e-c3fbc36bc1f8,7935321.762658427,7935322.910767789,7935330.501591855,877,200,1.1481093624606729,7.590824065729976,224
78679af5-4264-4a7e-8c7e-5b3ddb2c4ade,815feb3a-ad0f-4a1c-9270-1b7572814464,7935321.76266541,7935323.537639664,7935330.522171161,5885,200,1.7749742539599538,6.984531497582793,192
63864953-7a8e-42ec-b93a-18b122d3f72e,5ddff232-d368-427e-9376-43248f95b38d,7935321.762638445,7935323.541481504,7935330.527017001,6126,200,1.7788430592045188,6.985535496845841,160
4a040afc-cf5b-44cf-b0e3-689b9cfc0696,41a8ee23-c625-4401-b4cb-e78c442b71c4,7935322.763251184,7935324.181279671,7935330.547240742,3508,200,1.4180284878239036,6.365961070172489,0
21c1eb22-157c-48f9-8255-1dd369952e75,32379e4f-c52b-4533-87e4-7ccbc01e4871,7935322.763262653,7935323.056020846,7935330.579009164,3047,200,0.29275819286704063,7.52298831846565,176
0f1a3158-8131-4212-ad80-4e448adf55c8,bfd5456b-00d8-4af0-b7ca-9b61915339b8,7935322.76327047,7935323.334103418,7935330.599371593,2246,200,0.5708329472690821,7.2652681758627295,192
7225b0b6-b77e-4d0e-879d-bc5343b654c7,bcb9a03c-7a7d-4221-8d1f-5f52836f8b7c,7935323.763153129,7935324.00944821,7935332.297234426,2541,200,0.24629508052021265,8.28778621647507,224
8e00cb1f-9338-45fb-95e3-87fcdf6fb5e8,c9893413-7418-4865-94fb-0696dc49f758,7935323.763156952,7935324.589621714,7935332.320884495,2656,200,0.826464761979878,7.731262780725956,176
4da2ff0a-3915-41fd-aa8d-e45ae278143f,d28d1e2a-443d-459d-9383-6bdc450581a6,7935323.763160124,7935325.867996393,7935332.365604312,5872,200,2.104836268350482,6.497607919387519,176
6380bab0-06cd-48b2-a220-add3a5917261,3d8863b7-df29-4780-bd2e-c251d2407494,7935323.763142417,7935326.491388754,7935332.388515327,5927,200,2.7282463368028402,5.897126573137939,176
dea55c6f-b352-461a-85d8-ced9adfd9b8a,173d8474-31a7-49c9-a766-796c9ce56475,7935325.762506198,7935326.84363794,7935332.404135142,1674,200,1.0811317414045334,5.560497202910483,1600
5f703fac-4989-402b-a8c5-a832ac1a1b7a,ec13b1d0-76b0-4b76-b16c-1f1ba5a32e9c,7935326.762598554,7935327.277867165,7935332.485272002,4587,200,0.5152686117216945,5.207404837012291,160
16171b29-17cc-4370-a961-369611db2cde,6a19083f-2cb9-4a28-b5a5-fe5affc36867,7935326.762616675,7935327.2752984725,7935332.483431503,635,200,0.5126817971467972,5.208133030682802,192
e875f272-83f3-4004-8860-a2cea17f7571,fbfe9e9f-aa2f-4a16-90bf-74ab86e7032b,7935324.762597322,7935325.065122131,7935333.031839178,3661,200,0.30252480879426,7.966717046685517,224
3309352e-c81a-4959-928e-cf49ed83e1d3,4131e3cc-5480-4d8c-9fef-c2f6acff68e7,7935324.762587555,7935325.660982189,7935333.055947612,4195,200,0.8983946340158582,7.39496542327106,176
56013f18-cd9a-4130-a642-a6165791d5b5,faaf4675-e336-4c29-ba22-f21742dac9e8,7935324.762600669,7935326.272977856,7935333.076793393,5802,200,1.510377187281847,6.803815537132323,224
0baf6532-1ae6-4711-a596-5ee5930ff441,4dc898de-9d0d-4eef-9608-2e7f5c017b44,7935327.763405939,7935328.355421919,7935333.502592662,3472,200,0.5920159807428718,5.147170742973685,192
3d99abeb-a5c4-492f-92bb-2441c25bb075,e10a6047-966d-41f5-9abd-eada18afadd3,7935327.763430318,7935328.351627677,7935333.499089421,1856,200,0.5881973588839173,5.14746174402535,176
45b5ebf2-d10b-4c6c-a46e-33ec10017d6c,a652313c-8964-4423-b134-65f44458edb1,7935328.763128539,7935329.024258829,7935333.776053138,2765,200,0.2611302901059389,4.7517943093553185,192
5617086a-fdcd-44fa-8a1e-708cb65ba8f0,94d515a9-ef0d-42ed-ace0-0af11d850115,7935325.762503033,7935325.984459189,7935334.304207734,2351,200,0.22195615619421005,8.319748545065522,224
7a9e6796-6f3c-41e7-bada-e1b44f9758c5,32fb687a-464c-4e34-81ac-888a775f869d,7935325.762484888,7935325.946828203,7935334.6983502535,1903,200,0.18434331566095352,8.751522050239146,192
b31959a2-e6be-4c8e-99c8-b987060e3a28,584dad95-d36b-497a-92bb-3cefd7fd8072,7935325.762500068,7935326.256448625,7935335.725913385,6011,200,0.4939485564827919,9.469464760273695,192
eee74d1a-7328-4442-a2db-53256d9e967a,0899530f-4ed7-49f5-91aa-9eef27c4e875,7935327.763441586,7935328.756637731,7935335.860475839,5958,200,0.9931961447000504,7.103838108479977,176
b5cbdd19-c55e-40fe-aafa-445cc6b928fa,70040244-0ba8-4018-b9e4-d79962cfab6a,7935326.762610951,7935327.981589998,7935335.865730064,5795,200,1.2189790466800332,7.884140065871179,992
652faf67-b8ae-4dcb-b601-828216d1b441,5c6dac57-aba8-4008-9b1b-2dc74818894a,7935327.763426261,7935328.584174607,7935335.865301976,4548,200,0.820748345926404,7.28112736903131,224
e7427442-e751-4721-a3f4-cb397ae1696a,f17a4867-8187-4bc8-b761-c5e2f43461f5,7935325.762495977,7935327.982637044,7935335.867547325,5922,200,2.2201410671696067,7.884910280816257,160
db0cdf6b-4e40-486f-b0e7-3954b4bb9d08,732bab4a-94d1-4943-bfac-f7dea0eb73d0,7935327.763419352,7935330.043970818,7935335.869260491,5312,200,2.2805514661595225,5.8252896731719375,224
accfbc48-5d87-44b4-bffc-0a206e13646d,e6df0d94-0262-4692-aada-441e4bd594e3,7935326.762613649,7935329.412409876,7935335.868965906,450,200,2.649796226993203,6.456556030549109,192
1f88f972-5b46-4a09-ad9b-30eab5c3ee38,376fc79f-2991-4706-a6b7-8d5e7ec64423,7935327.763444812,7935330.038857723,7935335.864888264,5520,200,2.275412910617888,5.826030541211367,176
94e40f7f-2e7c-441a-abd5-c18fc64f6e07,a3c929d0-baa7-4945-b63f-33a6fc39fd65,7935326.762607491,7935329.413928402,7935335.870463087,3230,200,2.65132091101259,6.456534685567021,192
bd111933-1a2d-4048-94db-3ef4b33e60f1,46bd3676-773d-451b-b059-76d7d11d48fb,7935328.76313219,7935330.64750595,7935335.880555668,5826,200,1.8843737598508596,5.233049717731774,192
7786ebeb-f230-4a43-a650-5712e05b187b,3e29e7d8-6d1a-47d0-9144-aee9df51a47e,7935328.763135419,7935329.121317988,7935335.899502548,4066,200,0.3581825690343976,6.778184560127556,176
f68d539a-2f2c-4648-a289-063d9a41d354,e75457ed-6df5-4031-9265-1be7e8cbd160,7935327.763423163,7935328.494768327,7935336.011201152,4915,200,0.7313451636582613,7.516432824544609,176
921ae5cd-f17b-4c4d-827e-34cf6d9a6348,850a9e15-1175-420d-83de-67148187b5e5,7935327.763434092,7935329.755053084,7935336.054391267,685,200,1.9916189927607775,6.29933818243444,176
051b5f89-151a-4bed-9a39-73622e1662cd,0759bb94-aa77-4047-8f94-34cc9c62436b,7935327.763438212,7935328.301184684,7935336.129741541,5956,200,0.5377464722841978,7.828556857071817,192
c96b42dc-6745-4e3c-9214-a9b320dc8e87,c494ad38-eca5-4234-ab94-6b47ba0ceac5,7935327.763448286,7935328.371716508,7935336.391831572,6348,200,0.6082682218402624,8.020115064457059,192
8c9e6b63-d0f7-43fe-9737-f0df189e5a3c,e1a9d263-ac30-4000-851a-1dbe52fb62c1,7935329.763109786,7935330.232276778,7935336.738063698,5786,200,0.4691669913008809,6.50578691996634,176
49da0982-083e-4a8b-a364-7f5041032a66,3a3d8f95-20e5-48e9-a332-7a0c444f6704,7935329.7631151,7935330.8578544045,7935336.756552937,5908,200,1.0947393048554659,5.898698532953858,192
b0950606-23f3-404d-ba23-c0c8799691f8,f48f3c83-7b8a-45e5-a0fa-74a6e92599d8,7935329.763112758,7935329.872207539,7935337.188741178,5880,200,0.10909478086978197,7.316533639095724,5872
6756d50b-cc53-4a48-8d06-699624537785,51d7aec4-2dba-42c1-8f75-3193d8c9b3b1,7935328.763105961,7935328.8648244515,7935337.422102255,389,200,0.10171849094331264,8.557277803309262,384
2cd34bbd-90df-4dd3-96b9-758b4761e12f,899c2615-9ae4-4ce5-91c4-b802b05ed50e,7935329.763099962,7935329.829669455,7935337.67431905,1773,200,0.06656949315220118,7.844649595208466,1680
fb8416d0-843b-4721-b393-e3c741e36362,9b048b14-06a6-4574-a80f-dbc23b48d9f7,7935330.762916828,7935331.245313504,7935338.111907451,5813,200,0.48239667620509863,6.866593947634101,160
65e495df-8b0b-4be2-9255-7673b9e2001f,52901222-0bb4-47e4-8bba-8825319cf100,7935330.762930796,7935331.878492879,7935338.131287946,3545,200,1.1155620831996202,6.252795067615807,192
4c7ef266-7708-471e-b6c2-339752b360e1,d320f06b-a0b4-4a9d-b201-e2bc260657f4,7935331.763226856,7935333.12662565,7935338.170368673,3975,200,1.3633987940847874,5.043743023648858,224
bcccb812-9d62-4df2-b1b7-f15a512fa3ef,0fdf3a79-0b56-4d09-930d-738eaa2f1f84,7935330.762927427,7935331.23480136,7935338.620502383,5753,200,0.47187393344938755,7.385701023042202,192
bb15e635-71be-41af-ae60-5423c9310f10,c83dc93a-17bd-4b97-ae1e-ea8cd1dbecfe,7935331.763216716,7935332.236102031,7935338.885665387,5908,200,0.4728853143751621,6.649563356302679,160
f77b0386-1465-4038-a554-78f3e60af2b4,828db195-ca5a-4484-848e-1fc6ac242624,7935331.763229903,7935332.861081931,7935338.905942832,5718,200,1.0978520279750228,6.04486090131104,176
3878d708-74d3-44dd-a846-f0e06bbd54dd,8ae210f3-b09b-4bc9-9dfb-bcc885974677,7935332.763094469,7935333.175889556,7935340.804614128,4707,200,0.41279508732259274,7.628724571317434,224
6ba2c4d3-366e-490d-ad95-d9033d162ab8,7c8adab7-544c-4106-916a-d86d02536d30,7935332.763106927,7935333.823866689,7935340.824869028,5819,200,1.0607597613707185,7.00100233964622,176
20106f1b-833f-4c09-ac47-6587614b779c,7f67bd0b-ddb0-444e-86e9-2afc934f05db,7935332.763110625,7935334.834657987,7935340.8491933495,5882,200,2.071547362022102,6.014535362832248,224
344cd007-4089-4dde-b8f9-28665d33b487,a88040f4-3d46-4ddd-9db3-d9cefb577c4d,7935336.763370202,7935336.882069159,7935341.405406898,5862,200,0.11869895737618208,4.523337738588452,5856
b37de498-272c-46b6-b7d4-790a0faaeb88,91817d88-3093-4655-a55c-1e6106fc4d42,7935333.763132032,7935334.236204872,7935341.976324022,5955,200,0.47307283990085125,7.740119149908423,176
e88e901e-36d6-4da0-8c08-776e11be902a,0883483d-ba52-4103-b119-afeaa09302ef,7935334.763398235,7935336.6769731585,7935342.062244864,5864,200,1.913574923761189,5.385271705687046,192
4b0a7282-de7c-46fb-8b0f-cfc96d786ac0,28b85227-ac6e-4816-91bf-18a4f64c1445,7935334.763415129,7935337.2719449075,7935342.080053312,5734,200,2.5085297785699368,4.808108404278755,160
7415e6f7-59c8-4a45-a088-3bb0bcbf3695,1cc89369-2782-418c-93f1-6fd3c276dc1b,7935334.763411645,7935335.322409,7935342.311814088,6668,200,0.558997355401516,6.989405088126659,160
93ed0140-4cc5-454a-95be-c91009bbc1d0,ce4d3f5a-faf3-4b06-b766-a614f1096c6f,7935334.763408455,7935335.952469998,7935342.334801121,5959,200,1.1890615429729223,6.382331122644246,192
4f7c140d-a0a4-485f-9eda-702f2746f07b,11930aa0-eecb-4b90-8321-5576b64783b6,7935335.762555444,7935337.179541325,7935342.374232128,5835,200,1.4169858815148473,5.194690803065896,224
4a25974f-a132-41ec-a9e9-a2c88b12c74b,187f15cf-abd4-40d5-b327-1bd0cec63671,7935335.76254795,7935337.313014287,7935342.393061878,3487,200,1.5504663363099098,5.080047591589391,448
b5a05528-bfa3-426c-a778-6ab627196d0f,97e6ae57-69da-4647-a7d0-d90457e6abcc,7935337.762618473,7935337.810101275,7935342.781949601,1269,200,0.04748280253261328,4.971848325803876,1264
f9a5d7d1-10da-4154-9430-2f9820cb550f,cfbe6bee-cd08-4654-810f-1a3b3025c764,7935336.763373744,7935337.34397359,7935343.090610382,6751,200,0.5805998463183641,5.746636792086065,160
bcb3b053-7cf9-473a-aef4-c9a53037b959,00d31eb0-b908-4fd8-b7c3-40330a3b5089,7935336.763383046,7935337.954313859,7935343.109704287,5110,200,1.190930813550949,5.1553904274478555,224
f190fc41-8fa8-4edd-bfbd-7c0b33537a58,e33a9d69-0943-4460-8168-0f009275bb34,7935336.763376738,7935337.955771077,7935343.11182559,1145,200,1.192394339479506,5.1560545125976205,176
b046822e-5134-44aa-a8fb-0b7424e33eb3,558d1a32-11e7-4870-b268-20a3c0b14d67,7935336.763361685,7935337.264550378,7935344.564176557,5786,200,0.5011886926367879,7.299626179039478,160
b05081ca-8844-4175-9449-630d178c757c,e4739dd6-a5ff-40d1-b9c1-1c5ea193b984,7935337.76263057,7935338.479757685,7935344.607085295,1001,200,0.7171271154657006,6.127327609807253,160
9458399d-5b55-447c-a4d9-2dd40b892e88,a82d788d-1656-4227-a60d-4a157f7d4fa6,7935336.763379962,7935337.296317996,7935344.957213189,3231,200,0.532938034273684,7.6608951929956675,192
55f73b7a-a47b-43f5-b949-898803b596b0,6ba87a37-5514-486c-a5f6-0a7c5f9057f4,7935337.76262689,7935338.380307205,7935345.531035625,2757,200,0.6176803149282932,7.150728420354426,192
779b793b-7e6f-41ba-a9bc-0ec1813f6290,899c2615-9ae4-4ce5-91c4-b802b05ed50e,7935338.762657849,7935338.856411786,7935346.719820449,1832,200,0.0937539367005229,7.863408663310111,1744
8a991bc7-fbb6-4f10-9f30-6ff15bb9e04e,773031a0-4df5-41b1-9031-e9c5d037efa1,7935338.762633775,7935338.949405906,7935347.103399897,1819,200,0.18677213042974472,8.153993991203606,192
02ee4eb7-6c84-4df6-8de4-be1025a891e2,8b04069d-53db-4f71-b312-8d4dedc41864,7935338.762646249,7935339.561961717,7935347.125804806,5958,200,0.7993154684081674,7.563843089155853,176
a8a18611-f071-4118-8a84-98eabcfde795,5081ad02-1e94-429c-b756-848bd4f73416,7935340.762626427,7935342.5377033,7935347.229713799,350,200,1.7750768726691604,4.692010499536991,224
d8b057a1-80a1-45fc-8d54-a6c3fe0f4703,2b0b6d27-8a7f-458e-8a26-26ecad67cecb,7935338.762650453,7935339.021574846,7935347.461957506,2617,200,0.2589243929833174,8.440382660366595,288
b49c566d-bd66-408d-9b95-bc32eda7ef37,8e505307-8830-46b2-ac68-84a7d5dbd9a0,7935338.762654083,7935339.609083474,7935347.483381703,2188,200,0.8464293908327818,7.874298228882253,160
7e0b763b-70a5-43f7-8985-656d7217aa51,119381d5-69e5-4c08-b438-534c58547839,7935338.762661103,7935340.04541382,7935347.504225797,880,200,1.2827527169138193,7.45881197694689,192
d756a241-6e5d-4ad1-93cf-68fe7e9394b2,c2cf61e6-40f9-49e5-a7f1-e24130e70596,7935339.762690417,7935340.651805951,7935347.527152791,5837,200,0.889115534722805,6.875346839427948,176
aa299703-21e3-4579-9ee2-d64c3d78cccc,c4a9bd9e-033a-4322-9b9d-58977f2fd183,7935339.762687707,7935340.093193449,7935348.365464802,3800,200,0.3305057417601347,8.272271352820098,192
8487af30-d3de-43e9-bb6e-18469ddb4817,f9b63fbd-926e-4b5a-a306-1e20c2f21778,7935339.762684277,7935340.710008503,7935348.38977149,4763,200,0.94732422567904,7.679762987419963,160
ed0ead4c-b561-44fb-9e45-3ee316f656bc,02040ade-ed2d-491c-ad7f-c7feac81e298,7935339.762674096,7935341.312396896,7935348.413903184,858,200,1.5497228000313044,7.101506288163364,160
bf6a53c4-1fd9-4370-b0f6-df59e228ba7e,137ad8cf-63fb-4db5-bb47-7e4c09778b00,7935340.762629775,7935341.937621294,7935348.433992609,5971,200,1.1749915182590485,6.496371315792203,176
fa461963-579e-41dc-8f21-a57e9dbfb946,d8a397bc-57f7-446c-afd5-6ed41a735419,7935340.762615979,7935340.92541635,7935348.9466475975,1530,200,0.1628003716468811,8.021231247112155,192
25768daf-7c62-479c-bffa-4cf568c174b4,518b2120-1899-4a0f-af6e-5a114887002b,7935340.762632475,7935340.831537539,7935348.958225214,385,200,0.06890506390482187,8.12668767478317,176
1f60ec03-a3be-4bd4-9f3e-fbaa862dbb11,e9333846-4b52-4552-b7b0-49ce8f3d396a,7935340.762635488,7935341.223111029,7935348.966767611,1447,200,0.46047554071992636,7.743656582199037,160
72b779d7-d969-48ff-928b-30af735d27a1,27d34d22-9260-40a3-99e2-e20e86c4cfe7,7935341.762766646,7935342.025982769,7935349.757733962,3099,200,0.26321612298488617,7.731751192361116,160
c154c6af-3a6a-482e-9fe6-e45bb0d88162,f0cbebc5-adb6-461b-9b21-22667b2f1d8c,7935341.762772704,7935342.623205414,7935349.779989817,2741,200,0.8604327104985714,7.156784403137863,224
0e0c1fa7-a400-4502-bc03-e3cc53d2ca52,2375aed9-bf2b-4d31-b02f-4651375f6697,7935341.76275649,7935342.625481101,7935349.782529417,741,200,0.8627246106043458,7.157048316672444,176
2d968d61-bb51-4947-b228-f424a1638906,1958dd0f-5de2-4626-bca0-02cbc78c8aeb,7935341.762770054,7935343.23975077,7935349.801722947,2602,200,1.4769807159900665,6.561972176656127,192
e7076747-fa6c-4581-8a4e-6bce1587d576,51d7aec4-2dba-42c1-8f75-3193d8c9b3b1,7935342.763160392,7935345.096489126,7935349.859860859,389,200,2.333328734152019,4.763371733017266,384
a97af3a6-0bd4-4f72-8352-d5bd1d887086,173d8474-31a7-49c9-a766-796c9ce56475,7935343.762703709,7935345.096984106,7935349.86051862,1662,200,1.334280396811664,4.76353451423347,1648
78b695eb-6447-4dc5-8b4e-854f7e59c4bf,773fcc75-711c-4081-bfea-8e9f5d5f8c42,7935343.762721514,7935343.884653218,7935351.168254943,1179,200,0.12193170376121998,7.283601724542677,448
bbafb0f3-eda0-4d06-adb6-85eff006d90a,a16f5240-7964-4ea6-8660-0762c30468df,7935342.763146424,7935343.384424889,7935352.074871911,2367,200,0.6212784657254815,8.690447021275759,176
5022a5ff-9ae4-4e4b-93ba-2bcb8a28ad5c,b95dfb64-0406-4605-9307-eb2ed587ac22,7935342.763156178,7935343.383756685,7935352.075191279,5895,200,0.6206005066633224,8.691434593871236,224
01bb58dc-f47b-47f7-b64a-d48b007bc85c,95e47ed3-e422-4bf8-a2f8-ba075c7ef290,7935343.762714868,7935345.218237324,7935352.139830495,1735,200,1.4555224552750587,6.921593171544373,224
a0cf0d07-ab61-4ed8-b8e3-754fb3f20d8e,6e324056-7897-4c8b-93de-3f0d2871a1a9,7935343.762690651,7935345.837120081,7935352.163538926,5956,200,2.074429430067539,6.326418844982982,192
871c5ac6-3abe-4879-a6b2-dd20a4b88492,c1aa437d-4a45-48f5-a4ba-fefa5588951c,7935346.764256089,7935347.521955887,7935352.219011242,4230,200,0.7576997978612781,4.697055354714394,176
7b8f3cf0-3a4e-40d7-bbf8-94faf498f465,15e18881-cbb9-4802-a422-20808dd1ab23,7935343.76271163,7935343.932161699,7935352.5044496255,1648,200,0.16945006884634495,8.572287926450372,176
cad3df88-b419-430f-8498-2ae08b288540,de97fead-7ef2-4b4d-af77-6f2fa230612d,7935343.76270036,7935344.531345713,7935352.524685605,5895,200,0.7686453526839614,7.993339892476797,176
3e76ea8f-4710-4e54-aac4-df1e7f6f8b3a,b9059ca1-41f6-4bb2-a78c-89f60ec16a23,7935343.762718388,7935345.776075983,7935352.567136101,2313,200,2.013357595540583,6.79106011800468,160
518a3e70-0dd1-4716-b807-28b0381e3cce,fc991f32-f1b6-4afe-ba3b-a472773d0110,7935343.762708306,7935345.778715483,7935352.571075364,1478,200,2.0160071766003966,6.792359881103039,192
8ba75794-8229-4786-b20c-409576d2fb6b,b445a6a6-6bdc-421a-87f2-2617512f76b6,7935345.763290447,7935345.84779295,7935352.889200031,658,200,0.08450250327587128,7.0414070803672075,192
dafa8c47-b332-4a8b-b622-1605fd5cf0d7,31d93950-a967-42cb-aec0-6513d12008a1,7935345.763303047,7935346.440116751,7935352.909502955,2985,200,0.6768137039616704,6.469386204145849,224
e07c3f8b-b3a7-451b-9026-98259e50812a,2a455136-68a7-4f2e-ae04-e584f979ee34,7935345.763299782,7935346.440622454,7935352.910208632,4746,200,0.6773226717486978,6.469586178660393,176
a58ae395-5371-4913-a183-ed26f776190a,efedac55-57dd-4acf-9f7e-f6bbd7243fbe,7935346.764251557,7935347.487320144,7935352.951358394,1613,200,0.723068586550653,5.464038250036538,224
128ba10e-ad79-4f66-b1f8-a8b0a05a5692,eaa14318-4f95-461e-9213-5b24ea716730,7935344.763182661,7935345.235242495,7935353.724882882,5318,200,0.47205983474850655,8.489640386775136,160
49cfa077-e923-4796-9b72-1fb4d39ea82f,47290926-f76b-42a0-b6b0-95ae3ac5a196,7935344.763196075,7935345.8633350525,7935353.746026318,3386,200,1.1001389771699905,7.882691265083849,16
381177b8-f62f-426d-886f-497a7ce57c65,0f461546-1087-4ea8-86ba-ebc6af9b16f9,7935344.763203567,7935346.470238498,7935353.772489958,5755,200,1.7070349315181375,7.302251460030675,176
3e912158-caf0-4862-b72a-f2a57168762a,af4b1375-aefd-45d5-8a5c-3dd4d84c4dc4,7935344.763214621,7935346.468289869,7935353.770492576,5895,200,1.705075248144567,7.302202707156539,160
f7eeb0b3-c4ed-4e77-b75d-a51c31e8b990,96fd4659-a409-45b4-ac31-ac3be6cd91f8,7935344.763207118,7935347.089104001,7935353.851180544,4383,200,2.3258968833833933,6.762076542712748,224
715e19c1-610f-4815-a175-59f5ab8b1be3,0d6cfb7c-9564-4e6b-96ab-aec695811479,7935344.763210698,7935347.702089943,7935353.85007933,5944,200,2.9388792449608445,6.147989386692643,176
e7860caa-bf9e-442d-8f00-60946fff9096,1326464b-c372-47f9-8850-927fd5f180aa,7935344.763200319,7935347.910774315,7935353.869364626,4246,200,3.1475739954039454,5.958590310998261,224
7c0b7225-a4fd-415a-ae7d-8833261959f6,eecbcd88-7743-4e34-95b6-1c67dec9ac89,7935346.764232884,7935347.232048358,7935354.201238469,5208,200,0.46781547367572784,6.969190111383796,224
1ba3f7d5-85dd-49d2-b8fd-eafa8ac88c90,a4f0c701-3c40-428e-a46d-38a2479e43d2,7935347.763416182,7935348.232281782,7935354.813378059,5918,200,0.46886559948325157,6.581096277572215,176
93e145bf-75a8-4d48-87b6-139a52ad3343,5562c1a1-e6b0-40ec-96dd-5ea84936cbf8,7935346.76424618,7935347.278816213,7935355.475233095,5924,200,0.5145700331777334,8.196416881866753,176
b001ef5c-4c76-44e8-a870-3e90b5c26e05,a9ee696e-7782-458b-b0e3-a5f993f4a8eb,7935348.763016126,7935349.348412715,7935357.5574608,5835,200,0.5853965887799859,8.209048084914684,176
924d9151-026d-4ef2-b8ff-3920a6329b44,a4910820-870d-4238-922d-93ffdf3d500c,7935348.763007173,7935349.35081533,7935357.560290065,935,200,0.5878081563860178,8.209474734961987,160
4b216b93-7541-4a75-8c6f-727a3cc7280a,6c222109-f6f2-46ba-8c2a-fa24376d9683,7935347.763407094,7935347.85909036,7935357.728939891,752,200,0.0956832654774189,9.869849530979991,224
12cb5801-2818-4688-b383-b06689cd0660,929b8a4f-ae3d-429e-830a-f69897f7f505,7935347.763419111,7935348.46675837,7935357.753912824,5483,200,0.7033392591401935,9.28715445380658,160
339ce6b5-7b57-4631-a8e0-452aef95c857,70040244-0ba8-4018-b9e4-d79962cfab6a,7935348.762988409,7935350.366098669,7935357.831019021,5847,200,1.6031102603301406,7.464920351281762,224
a7acc005-66f4-4246-8156-c9572d791723,16c13356-28d3-47de-b107-a5a7029a64ab,7935348.762999328,7935350.36526257,7935357.830434329,5672,200,1.6022632420063019,7.465171759016812,160
e4a94b31-a77c-4b8d-ba8c-d05334e46f81,62668b5f-d3c2-4774-bf3f-6674f4688863,7935348.763011638,7935351.006773643,7935357.851655618,857,200,2.243762005120516,6.844881975091994,160
687a2d52-48e8-4cb4-b6f0-f6879e942b49,43515880-6b47-44ce-ad5a-c143292b1649,7935348.763009577,7935351.588073744,7935358.2997599635,5957,200,2.825064167380333,6.711686219088733,160
075eb0c3-70ff-4b11-af49-fc2340d3b877,10be3b43-0ffb-46e1-a876-5e00af159cb2,7935348.762996851,7935349.611237091,7935358.45113693,1584,200,0.8482402404770255,8.839899838902056,192
fc343274-4418-4440-99b0-c2ff441af4e9,d9b5ce8f-1f03-4b93-af09-4e750c6473c8,7935348.763004795,7935350.242769592,7935358.475140381,4103,200,1.4797647977247834,8.232370788231492,224
b9aae003-c905-43e6-9199-131c08baef12,fd66c258-5859-4553-99da-0f386f57432c,7935348.76301398,7935350.851182497,7935358.495676792,3841,200,2.088168516755104,7.644494295120239,160
566c6894-93aa-42a6-abb9-78b121633ccb,cdf5f7dc-c349-4b90-abc8-6f86fa5415cd,7935349.763030622,7935350.021267015,7935359.812343915,2758,200,0.2582363924011588,9.791076900437474,192
1de49ef5-f0ab-4574-bca1-a381f9ceabd6,6b12e983-df72-4200-80d7-0a4adbe5d91e,7935350.763118462,7935351.262265814,7935361.193267328,5955,200,0.49914735183119774,9.931001514196396,224
b5574074-a716-411e-9672-175917cc864b,e793cd05-3809-4e36-8e78-d44bc000c93e,7935350.763122431,7935351.886825232,7935361.218048361,5740,200,1.1237028008326888,9.331223129294813,160
b686b4ca-7bc8-4b1a-ab85-19db44ea1edd,a88040f4-3d46-4ddd-9db3-d9cefb577c4d,7935350.76313127,7935351.884921829,7935361.2175354175,5862,200,1.1217905590310693,9.332613588310778,5856
527fd9eb-a451-4b4d-b05f-7bb94faa0a7d,ceb8b264-daa4-4142-9261-329766ad7443,7935350.763128153,7935353.140426933,7935361.265985041,1278,200,2.377298779785633,8.125558108091354,160
e3f4b342-53f1-4175-926f-86e74d6f2994,5f03cc52-082c-4278-836e-b69155dec9ba,7935350.763104003,7935353.144169719,7935361.270111797,6341,200,2.381065716035664,8.12594207841903,176
cb3102bb-d55c-402e-b976-7302d2136fc0,9c12cb33-cb8b-46f3-b54d-8d364af5f3c9,7935350.763125152,7935354.360769786,7935361.313025992,1479,200,3.597644633613527,6.952256206423044,192
7a38a7fa-2bbd-4bc7-be63-727cbf10d228,307fce6d-c2b2-4dae-aea7-ddfb228a713a,7935350.763134451,7935354.617690898,7935361.333384405,5775,200,3.8545564468950033,6.715693507343531,176
6b878028-5971-4981-9c08-3c2ea9595139,9cc9f7c7-21b6-4049-9427-8e83dd93cba6,7935349.763022222,7935350.418712183,7935361.760889563,5752,200,0.6556899612769485,11.342177379876375,176
c3b84f1e-afc4-4a24-bece-fa02da110df8,5511cc70-31b4-41f6-8fc3-305d10d1e7d9,7935349.763028007,7935350.959856858,7935361.789841605,6329,200,1.196828850544989,10.829984747804701,192
d9d9ed34-0dcf-409b-bf72-1e4ba2a961af,de528792-7b2e-4008-9f06-3c9229e60e2f,7935352.762600218,7935353.351581522,7935363.239715535,1454,200,0.5889813043177128,9.888134012930095,224
35ee97f4-fac4-4760-89ea-e389b6694423,d00c697d-7ae3-4f63-8c46-74cb115fcffb,7935352.762590263,7935353.972114976,7935363.267462867,5875,200,1.2095247125253081,9.295347891747952,160
2ae1e09d-e57e-4673-8e45-02a0d1285730,dfe44e20-e90e-41c0-877e-c3fbc36bc1f8,7935353.762968688,7935354.547689015,7935363.292580464,1067,200,0.7847203267738223,8.744891448877752,224
93588ef8-5fdc-44c3-9803-3b3e3429f451,7a77a142-6294-4d46-b6bf-f820bc0585c9,7935352.762606398,7935354.54581492,7935363.291300165,4476,200,1.78320852201432,8.745485244318843,160
b4f49344-41c8-41e3-a093-36129a63430e,984ff781-ca15-479c-8e06-7bd9cd701519,7935352.762580262,7935354.550663654,7935363.297226457,3301,200,1.7880833921954036,8.746562803164124,192
81f838dd-4ba5-4d70-9c2d-f30bd1d762cc,c22fb9b8-9ddc-4b2a-99a0-55d2562e0072,7935353.762986128,7935355.763267702,7935363.338269178,2771,200,2.000281574204564,7.575001475401223,192
1c5818d0-ba53-4615-9b2e-38cee14bddc2,faaf4675-e336-4c29-ba22-f21742dac9e8,7935353.762975765,7935356.184128052,7935363.364848311,5790,200,2.421152286231518,7.180720259435475,224
826a588c-da2a-4478-88a8-039466b83d4b,95e47ed3-e422-4bf8-a2f8-ba075c7ef290,7935355.76293224,7935356.269580269,7935363.392893261,1735,200,0.5066480292007327,7.123312992043793,1728
7cbc20c8-a3bd-4311-96ac-3266748af2af,675afd83-9b5b-45b7-9f5f-7e5d89f0c9f2,7935352.762597127,7935353.034554572,7935364.138667801,2868,200,0.2719574449583888,11.104113229550421,176
04820ed4-7415-455f-aa36-5ad3faa21714,643c4d15-0574-4bb2-a238-eb5212ad6aff,7935352.762594091,7935353.646958635,7935364.166062787,6654,200,0.8843645444139838,10.51910415198654,160
34d916d1-2b88-4cac-bfb1-417a87f5ee23,db50af28-fa33-4f95-803d-71036af6bdbe,7935352.762603583,7935354.280427005,7935364.191556923,5904,200,1.5178234223276377,9.911129917949438,176
027d771c-2dcf-434c-8e42-a54e2a484f39,bef48969-2881-4b72-aae0-5d83261314a3,7935353.762965995,7935355.500037032,7935364.244160007,5715,200,1.7370710372924805,8.744122974574566,192
2484d8c0-834b-4406-a86d-a188a650a43e,743da0c7-ad95-4639-a69e-c87954fbf45a,7935353.762982542,7935356.112326405,7935364.262086268,5802,200,2.3493438633158803,8.149759862571955,160
ff9b5914-8b66-469a-af86-5179f1db0313,00237d17-5a7a-4844-95a2-634553f9bde7,7935353.762989105,7935356.735515065,7935364.282146728,4412,200,2.9725259598344564,7.546631663106382,160
b38406b3-c929-4499-b88b-f174f6d426c5,072cf49e-ac0d-4d29-b3db-cf9253ebe3e7,7935356.763283886,7935357.72088075,7935364.328112439,4844,200,0.9575968636199832,6.607231689617038,176
80bfdf9e-530c-4f66-b2e8-2daa7d8cd715,67a0b975-184d-4abe-91c9-e84646d0b743,7935351.763433735,7935351.978256232,7935364.383016415,2356,200,0.21482249721884727,12.404760182835162,192
15fbcb6a-fcfb-4f05-b6c7-fe182c749a40,0efc611c-a104-4cc5-ac35-e883e7cebda7,7935351.763436899,7935352.582562922,7935364.409600776,727,200,0.8191260229796171,11.827037854120135,160
8370829c-27b6-4340-962c-b59ef5c32808,57653307-c6ff-4c87-8138-1533b53900a3,7935351.763440336,7935353.867683854,7935364.465997333,5930,200,2.1042435178533196,10.59831347875297,160
deb69072-8579-4571-ab67-71583081e1ae,93f972a6-65ef-4743-aae5-aab226f65263,7935351.763422616,7935355.102158312,7935364.5167892985,5871,200,3.338735695928335,9.414630986750126,224
22ff10b2-65b7-4384-ae6f-27b97fbdfc62,81f9eb5c-a80a-4900-a905-f6adea401077,7935355.762948957,7935355.8617821,7935365.741158966,655,200,0.09883314277976751,9.879376865923405,224
5f892b90-ae26-476f-8641-5d6809cc5ec8,e6be09c1-fa3b-4068-bb5c-67fc12b79ea8,7935356.763266544,7935358.137662642,7935366.252766447,5846,200,1.3743960978463292,8.115103805437684,160
88c31061-d411-4672-9d4b-bf6fd4735842,bc3ac3c3-4d2f-4962-bb52-152a9ce073ae,7935354.762875189,7935355.646115885,7935366.311920357,5906,200,0.8832406960427761,10.665804471820593,192
49b4d59b-587c-4c4d-860d-ae50e10cd73c,3e53059f-27ed-453d-a3cb-045b4aa7f847,7935354.762878924,7935356.276785126,7935366.337089021,4417,200,1.5139062022790313,10.060303894802928,224
c6d87069-4803-4dc8-91aa-956b3ffceba4,4d52c4c5-c1ac-4e07-8b19-d18cc6a0af7c,7935354.762863347,7935356.9146952145,7935366.3643454835,5877,200,2.151831867173314,9.449650269001722,160
2e37f647-7341-4691-968e-f0acfcb0c1f9,a30e4ed2-239e-4a1d-86d1-60a097e7cf74,7935356.763281201,7935357.219629046,7935366.400585356,5313,200,0.4563478445634246,9.180956310592592,160
56b93717-80d5-4205-ad08-9a2bb1487af4,fa482bdd-c4dc-4bd0-ab79-4e8054d78a61,7935354.762881869,7935358.178839368,7935366.406715868,6291,200,3.4159574983641505,8.227876500226557,192
cc5d9b2a-f937-4379-8daa-c635dcd6cba0,ae3515b7-b2c3-4055-9fee-cc35030fc4b2,7935353.762950741,7935354.047320564,7935366.481812121,2404,200,0.2843698235228658,12.434491557069123,176
5f3d281f-e47f-47ed-bc54-ae4a9119759e,735daccb-a891-4087-abba-4836d694702e,7935353.762972178,7935354.643738859,7935366.505909961,630,200,0.8807666813954711,11.862171101383865,176
7e63f1a7-d0be-40d2-9be4-6bc2114022a0,d3c281cc-c614-44fe-8f21-6cc69e3b4127,7935353.762962849,7935355.272583141,7935366.536128372,1797,200,1.5096202921122313,11.263545230962336,160
dddb3c95-111a-4c25-9f3b-345a7bf9abd4,0fc32f2f-3791-4f05-a896-da6268fe53f9,7935353.762958971,7935355.273025459,7935366.538025412,4262,200,1.510066487826407,11.264999953098595,192
550e7a3a-c45a-4b25-a0cf-5b71129aa62a,855dd6b3-1f0e-4fa3-a820-cbf26b5c076f,7935353.762979137,7935355.89016308,7935366.559205644,5674,200,2.12718394305557,10.669042563997209,192
d458b5f9-77c9-4025-b284-1b83ec4b97bd,db1fb291-ef7d-478a-9b73-48146f6a8cd5,7935356.763278341,7935357.437476706,7935366.640210495,5866,200,0.6741983648389578,9.20273378957063,176
b50eccc6-6464-4043-be78-adbe5d803225,51d7aec4-2dba-42c1-8f75-3193d8c9b3b1,7935357.762889258,7935357.874339594,7935367.351714464,389,200,0.11145033594220877,9.477374870330095,384
c8109095-23ff-4a27-8853-dc622d29b889,6765a657-895e-4f86-948f-60d5c92ec33b,7935355.762941433,7935356.250571878,7935367.450553316,5997,200,0.4876304445788264,11.19998143799603,192
a052fed5-00be-4ded-8447-42db913706ca,da124fb2-ca2e-4440-92f2-d93236ae14d2,7935355.762946475,7935356.874784728,7935367.479156598,1558,200,1.1118382522836328,10.604371870867908,176
f8b36959-f1a8-48c1-b3ec-eecf0b920692,57965c9f-d1a7-428f-b691-aa12d95ea40d,7935355.762944205,7935356.8760710815,7935367.480742192,6036,200,1.1131268767639995,10.604671110399067,192
ec00502a-1efd-42ec-b50f-73f9fbc8618b,e75457ed-6df5-4031-9265-1be7e8cbd160,7935358.762734783,7935360.218478853,7935368.19593547,5051,200,1.4557440700009465,7.977456617169082,176
0d43e088-c66a-4b20-96bd-4e2ebbecfa6f,1cda0d46-618b-4b7a-b957-319fe6d96516,7935358.762722311,7935360.222058536,7935368.200465695,6361,200,1.4593362249433994,7.97840715944767,192
c81ac709-ef7f-4d04-9e00-507eed4e9d4c,a0f4972e-a008-44c4-ba13-b684554c436b,7935359.76290173,7935362.115426416,7935368.259931934,2878,200,2.3525246856734157,6.144505518488586,176
8adf8608-567f-4b03-bc07-790f70e76bff,ca4d463c-ac3e-4da3-a600-03457d970c49,7935357.762902108,7935358.129088282,7935368.951976634,4147,200,0.366186173632741,10.822888351976871,224
b55f5798-fc99-4781-a7b3-129164d97d23,54891ef3-08b6-433a-a8dd-209619c8b4f6,7935357.762909683,7935358.744236639,7935368.978743571,5867,200,0.981326955370605,10.234506932087243,160
2aca4cca-1543-46f3-96ff-1c12b2af1411,5974b26c-9c91-4e54-8f64-6f0a30771880,7935357.762906335,7935359.815603002,7935369.025861581,5835,200,2.0526966666802764,9.210258578881621,192
690e9f7d-e04d-433e-9e45-9208203e23f9,b2e5c2f2-ace4-4fcd-a84f-e1ad661d87cb,7935357.762913369,7935359.814425049,7935369.025775837,4264,200,2.0515116807073355,9.211350787431002,192
68c11082-bbc3-467c-af9d-84a1bef55198,8861bb38-fa7f-46fe-a61e-d670524b80a8,7935359.762890175,7935360.2844378725,7935369.073194116,5879,200,0.5215476974844933,8.788756243884563,160
a5cb367e-dfdb-4fa4-a7fd-40c06fb1b954,c1982038-303e-4301-b5a7-685f949923d9,7935359.762879359,7935360.907997995,7935369.328367873,6302,200,1.1451186360791326,8.420369878411293,192
71ebc334-ea6b-4486-95d4-95ef239f8c05,6f90c4ab-65aa-49a6-ba03-ccb6cd74af3e,7935360.762757484,7935361.510022559,7935369.598525522,5729,200,0.7472650753334165,8.088502963073552,176
b5203879-edca-4a34-88c4-a8cbee383ea6,899c2615-9ae4-4ce5-91c4-b802b05ed50e,7935358.762732401,7935358.955683395,7935369.795586932,1897,200,0.19295099470764399,10.839903537184,1792
2528b133-80cb-418c-bd20-6832f060a611,94d515a9-ef0d-42ed-ace0-0af11d850115,7935358.762726561,7935358.9906294225,7935369.974765176,2351,200,0.22790286131203175,10.98413575347513,224
e233dfb1-dabf-486e-b20e-1bf52045677d,9bc4feee-617f-4059-8c66-f3a6b1d07f17,7935359.762898617,7935359.911492554,7935370.18426098,1140,200,0.1485939361155033,10.272768426686525,176
6ac8f9aa-e516-4e3b-8ba5-34cd0b19bbfc,601ebb0f-02ad-42e7-a626-7ebef638a847,7935358.762729568,7935359.590295877,7935370.274029307,5853,200,0.8275663089007139,10.68373342975974,192
9562b36d-80d6-4591-b6ea-12814d9888a9,45e7f1a3-6b50-4b00-bff3-e4a8f31e6793,7935358.762712562,7935360.840186564,7935370.32687331,3408,200,2.0774740017950535,9.486686745658517,192
24932d1b-4e80-4727-9cd5-a009d6a92aac,e724a820-5b7a-4218-83e7-e044ebcbf913,7935359.762896275,7935362.094691116,7935370.372065424,5768,200,2.3317948412150145,8.277374307624996,176
29254277-806d-4f5e-8e27-21bd76f39789,3ee811a5-f205-4725-8db6-b99eb8dd1ecb,7935359.762893643,7935360.175569836,7935370.57673666,4256,200,0.4126761928200722,10.40116682369262,160
3239f49d-5a25-4db8-a75d-ce2a6f6542b4,bcb9a03c-7a7d-4221-8d1f-5f52836f8b7c,7935359.76290426,7935360.027322074,7935371.013527524,2541,200,0.26441781409084797,10.986205449327826,224
a2a12276-3b2d-433e-aa12-9bc288500d46,48f00f11-d6a7-4d60-b710-9751910c2b29,7935360.762761112,7935361.4024244305,7935371.621080846,5084,200,0.6396633181720972,10.218656415119767,176
e0db11c9-a271-4606-b4ef-efd02399a2fb,bfd5456b-00d8-4af0-b7ca-9b61915339b8,7935360.762753144,7935361.003755996,7935371.677728356,2246,200,0.24100285209715366,10.673972359858453,192
3d65a7ac-9248-47fc-a3af-98382359262c,81cbfa98-5491-4e8d-8566-7ecb5f746ab3,7935360.762763745,7935361.589844333,7935371.702451895,5171,200,0.8270805878564715,10.112607561983168,160
7fbe2049-1b91-4657-b95f-2a8ab361d035,dee31f57-0db9-4efb-ad6f-509637e9dad7,7935361.76330136,7935361.901790052,7935371.793152598,1225,200,0.13848869130015373,9.891362546011806,176
0685f7ae-0481-4f8f-953c-c206e37cdf6b,2c2590bf-7735-4068-8406-2d47707168ea,7935361.763306935,7935362.49445822,7935371.803747136,3774,200,0.7311512846499681,9.309288916178048,160
bec1792f-4d73-450a-9eb7-0509425c7eb4,a6d693f0-8426-4cd2-a4b0-43616e67e856,7935361.763309711,7935363.122567107,7935371.834829808,5964,200,1.3592573963105679,8.712262701243162,176
7c7153e1-66db-4c9d-8ec0-6039bc3a1819,9ae48b4d-09e7-477a-96c8-ee9b319e707d,7935360.762723781,7935361.1317979535,7935371.89147697,3963,200,0.36907417234033346,10.759679016657174,160
b08a0aaa-2616-4007-8e4d-adea357d58e3,173d8474-31a7-49c9-a766-796c9ce56475,7935362.762614949,7935365.285508592,7935371.922596233,1704,200,2.5228936430066824,6.63708764128387,1648
77b377b0-2495-4065-86df-dde1e91677fa,6cbbb375-c940-47eb-bdbe-1c9292cd44d7,7935361.763312289,7935365.28354896,7935371.920524451,3002,200,3.5202366719022393,6.636975490488112,16
40443eb9-daa6-4b9c-a88b-3b6ae39d59ee,9940ade6-df8e-4926-b7e8-edcbc08851ea,7935362.76263595,7935362.88823433,7935372.961001116,779,200,0.1255983803421259,10.072766785509884,192
d6839906-838f-4c70-abad-cb933190e561,a9ee696e-7782-458b-b0e3-a5f993f4a8eb,7935363.76261937,7935363.8725794675,7935373.422089998,5835,200,0.10996009781956673,9.54951053019613,5824
d1b578f4-3686-4503-9ab3-9e179b6917ef,4131e3cc-5480-4d8c-9fef-c2f6acff68e7,7935362.762629049,7935363.165041903,7935373.734949157,4362,200,0.40241285413503647,10.569907253608108,176
d6a5a77a-02c2-4595-9ea8-7be4404cc9e6,bf3a7d1e-40e8-4b20-a579-3cab0072fec9,7935362.762632725,7935363.1899418,7935374.515937473,4685,200,0.42730907537043095,11.325995672494173,176
748f47d4-c28e-4abd-98c0-1be16265a3e0,22d7558f-2436-464f-b111-4724e2f322d1,7935363.762609881,7935363.951270354,7935375.335702531,1969,200,0.18866047263145447,11.384432177059352,224
12d98c11-01bc-4af2-bcae-7382568a150c,7c8adab7-544c-4106-916a-d86d02536d30,7935363.762622508,7935364.545027533,7935375.363205948,5743,200,0.782405024394393,10.818178415298462,176
089754a0-b85e-4225-8b93-cc53d2cf14b8,ffa65629-fc9d-4ec9-b6e2-f76db11b35df,7935365.763030354,7935366.251232391,7935376.446390198,5887,200,0.48820203728973866,10.195157806389034,192
0d00a14c-e773-469d-9266-248a8879fce9,04fdc20b-8327-42f7-a183-15c098d0ccce,7935365.763033143,7935366.883246173,7935376.471502367,5784,200,1.1202130299061537,9.588256194256246,160
60c8ebb7-e99a-470b-9e6d-7a3911c05e7a,4dc898de-9d0d-4eef-9608-2e7f5c017b44,7935365.763021685,7935368.094264658,7935376.523662795,3678,200,2.33124297298491,8.429398137144744,192
43e7ca26-79c4-45fe-8cb7-8b60fce86dcb,c3d496a4-2080-4ec5-b544-6c3443dffdf3,7935367.763044256,7935368.709273232,7935376.540687236,4672,200,0.9462289763614535,7.83141400385648,160
49fccff0-7b2d-4a25-b0c8-6f39c46cc438,899c2615-9ae4-4ce5-91c4-b802b05ed50e,7935368.763141538,7935369.308589929,7935376.582307777,1951,200,0.5454483907669783,7.273717848584056,1856
0d7c5381-0f83-4c7a-affa-514ed42ac94e,3084bad3-0d0c-475a-b223-7ebae9afaa52,7935366.762969409,7935367.254836002,7935376.948543453,5911,200,0.49186659324914217,9.693707450293005,288
1ffa92f3-e4fa-4d5e-86a3-6b5f7013447d,558d1a32-11e7-4870-b268-20a3c0b14d67,7935366.76294621,7935367.886984359,7935376.9779012315,5772,200,1.1240381486713886,9.090916872955859,160
39396728-54ed-4a18-9de1-261a38deb15e,6a0ac87a-e917-4b52-bf8d-10689801e4bb,7935364.762812628,7935364.952830108,7935377.281293836,2189,200,0.19001747947186232,12.328463728539646,192
57f556e2-4e50-44b7-82b7-f5ca14b59258,17f52023-20f0-4ba4-8129-16c153a0bb0e,7935364.762826249,7935365.546339299,7935377.307210774,4139,200,0.783513049595058,11.760871475562453,160
1cae2b06-4ab5-4e27-9d88-a8004ab73379,f17a4867-8187-4bc8-b761-c5e2f43461f5,7935364.762823963,7935366.203748797,7935377.335376759,5912,200,1.44092483446002,11.131627961993217,160
3ca0bdfc-b299-4675-a705-98574c011bcf,732bab4a-94d1-4943-bfac-f7dea0eb73d0,7935364.762831214,7935366.202029234,7935377.334316004,5312,200,1.439198019914329,11.132286770269275,224
d6144f48-6030-4c1a-ab37-2a3de278f8ea,715e64e0-0181-41a0-b6a9-c164d566d676,7935364.762821233,7935366.846257104,7935377.362924275,5781,200,2.083435870707035,10.516667171381414,176
6df45b07-7dab-4c0f-9437-f35d1c35fb64,e658362d-729a-4a31-b36a-536cd076959f,7935364.762828847,7935367.428507545,7935377.387390218,754,200,2.6656786976382136,9.958882672712207,224
d0850cf6-0a05-428b-b3e0-642c8bf4bb09,51d7aec4-2dba-42c1-8f75-3193d8c9b3b1,7935368.763136481,7935368.851125577,7935379.050023615,389,200,0.08798909652978182,10.19889803789556,384
f7cc109c-dbbe-4a50-833e-4fc90fb2501d,44ca5816-8d16-4e6a-83e3-4700fae7ed03,7935366.762962835,7935367.270157498,7935379.061071287,5824,200,0.5071946633979678,11.790913788601756,160
088ecc6d-de4e-4273-8265-a1e578ae6690,cf53ec7b-8773-48c4-bfea-fbe3da37a269,7935366.762966109,7935367.896421098,7935379.088453916,6013,200,1.1334549887105823,11.19203281775117,160
de7a4e00-7f2e-4190-9ccb-d492b8071664,c51e1c93-377f-4846-81a1-14e5879a721c,7935366.762959399,7935369.764211833,7935379.165861781,4470,200,3.001252433285117,9.401649948209524,160
96066b0c-31bc-486e-ac83-b941d9509b42,c5e22b01-38e1-4860-9ec4-994c6de81085,7935369.766157025,7935369.8610274885,7935379.5411582105,391,200,0.09487046394497156,9.680130722001195,160
7ed0984a-fce6-42d8-a8f6-93695abb0b13,6e7cc52a-11de-432c-9428-ed0bba4d276d,7935369.76616328,7935370.199340383,7935379.616748694,4036,200,0.4331771023571491,9.417408311739564,160
ecac4828-7a30-4ce2-af1d-9acc79485d1d,584dad95-d36b-497a-92bb-3cefd7fd8072,7935368.763119739,7935369.662436218,7935379.695105309,5870,200,0.8993164794519544,10.032669090665877,192
293f1c18-7b69-41d3-805b-a7b8dc3ac687,2d5dcc3c-a047-4b49-9a38-cd2e4eb26eb8,7935369.766152598,7935372.065401222,7935379.697098164,640,200,2.299248623661697,7.6316969422623515,176
a5fac012-018c-4b8c-87fb-38e2d0a45f7a,4da8fb42-3983-40f2-bef1-a8d32802c74f,7935369.766140625,7935372.068204302,7935379.698955148,925,200,2.302063677459955,7.630750846117735,176
fabd67f5-eb5a-459f-a66a-58b37ae51e24,08617b02-e213-4095-a1cd-ed95f33fb542,7935368.763150298,7935370.2853023615,7935379.716594606,1200,200,1.5221520634368062,9.431292244233191,192
a9e76c19-91db-43c8-b014-c2a00c4b2bcb,e6dca7b5-0f24-49b0-b2a3-fe8bda0289ff,7935368.763130107,7935370.290564227,7935379.722291319,3646,200,1.5274341199547052,9.431727091781795,224
08b96826-9d45-439c-bf97-bba43571a33d,5c6dac57-aba8-4008-9b1b-2dc74818894a,7935368.763133586,7935370.9189237915,7935379.743922893,4705,200,2.1557902051135898,8.82499910145998,224
7b47b5e0-26a1-487f-ae8a-6d1bf56b1f7b,3d244e10-3c51-4e44-bce4-3022987dcfec,7935368.763147596,7935371.55792332,7935379.767119472,5856,200,2.794775723479688,8.209196152165532,192
e4537595-b512-4aa1-84c2-bc5413210165,c6e18b90-e57b-498d-a257-de89d96b372c,7935368.763144709,7935372.18801205,7935379.797798133,2222,200,3.4248673412948847,7.6097860829904675,192
33403f1d-58ed-4fb2-86f5-e174f55eeb76,b4ccd658-c53e-48f2-80b3-bdc3daefd3b0,7935368.763138669,7935372.835686188,7935379.844938152,3724,200,4.07254751957953,7.009251963347197,224
08ec3e34-ff57-4de1-8da7-273400b1efd2,11930aa0-eecb-4b90-8321-5576b64783b6,7935369.766160286,7935372.836083535,7935379.845513478,5847,200,3.0699232490733266,7.009429942816496,224
470b5ad7-3e59-47ae-9e48-50d6fb674268,1f137368-a8ec-4424-9209-cece0037f45c,7935367.763024468,7935368.116911867,7935380.031729905,3644,200,0.3538873987272382,11.914818038232625,176
7f62671b-c0d7-4128-b993-a0a275ec441f,52901222-0bb4-47e4-8bba-8825319cf100,7935367.763038185,7935368.716767331,7935380.059956973,3724,200,0.9537291452288628,11.343189642764628,192
cbda204f-f9af-423b-a593-5237a30e1dd9,aa2dc0a5-8f81-47dc-8767-40e6ea12f767,7935367.763047203,7935369.344252122,7935380.087113936,5616,200,1.5812049182131886,10.742861814796925,192
afeb46e3-0935-43ff-9b39-8f6d1396e4e8,339e6a45-2ac7-4236-ac28-4af01254bcc9,7935367.763041222,7935369.346380815,7935380.090424432,5839,200,1.583339593373239,10.744043617509305,160
71c7c76d-5376-4e50-8a2f-a43b4a590a8e,02107f20-0300-4036-b19a-172388159a40,7935367.763034419,7935369.974987593,7935380.115668636,4066,200,2.211953173391521,10.14068104326725,176
549ba044-97fd-4553-9fe5-7deff791b2b8,9728b43f-13e5-4f1c-b6d4-40db13828d76,7935367.763050252,7935370.271570438,7935380.136903181,5981,200,2.508520185947418,9.865332743152976,176
16134be5-e99c-40f8-a605-c99d910ca5bf,ab7c945e-e515-4175-81a9-07d757d848ff,7935372.762808966,7935373.025225703,7935380.739717334,2504,200,0.2624167362228036,7.7144916309043765,192
834c7f49-9858-4e84-ab57-8bea700b728b,7ed7ebb9-c4ac-496b-a503-cbbd0dad0d9e,7935370.762691664,7935370.908568688,7935380.742715222,1935,200,0.1458770241588354,9.834146534092724,160
dfcf943e-63c0-43dd-b75f-330a2572b090,5081ad02-1e94-429c-b756-848bd4f73416,7935372.762826855,7935373.6277310485,7935380.759067239,503,200,0.8649041932076216,7.131336190737784,224
169b0458-52db-49cf-9d6e-a6cd0107cbd5,f9b63fbd-926e-4b5a-a306-1e20c2f21778,7935372.76283405,7935374.256119758,7935380.82398432,4763,200,1.493285708129406,6.567864562384784,160
56d34733-37d1-4020-b848-ca404caa9573,136c09df-f87e-45ff-b30d-813886566a5b,7935371.763409675,7935372.249140521,7935380.8411207935,5788,200,0.4857308454811573,8.591980272904038,192
62c7ede4-e86a-4e10-b48d-3309f9777bc3,f259acc7-014b-45ee-b116-6c5a67d0b3dc,7935371.763412736,7935372.687968682,7935380.841272842,5842,200,0.9245559452101588,8.153304160572588,192
822b50b5-632a-4641-b9c2-1c40ca08b73b,0c5040f1-c2d1-426a-938c-7f9a128ef1a7,7935372.762822716,7935375.515615565,7935380.8435983965,6468,200,2.7527928492054343,5.32798283174634,192
249d036b-9dad-43a3-985f-098de3804ad2,20dfea16-8046-4ede-8ea9-42a56d65cfbd,7935372.762830208,7935375.513713804,7935380.84242049,1805,200,2.7508835960179567,5.328706686384976,176
e1a700bb-236a-42a8-ab93-d4c6cbfdfc24,160f0c9e-f577-4da2-b81a-1b98824a8dfa,7935372.762818955,7935374.900611449,7935380.8448121855,6025,200,2.137792494148016,5.9442007364705205,160
df70ee7f-1a4d-41fb-b520-0d05cb443bca,b23331f5-cf25-4f3d-bb0a-0b712f6627c0,7935371.763406731,7935372.437630397,7935381.614323046,4189,200,0.6742236660793424,9.176692648790777,176
5f3a69b8-b41a-4d15-9328-8fdff16b325d,3c65feda-6cb4-427f-8794-100421de1d7c,7935371.763397926,7935373.036178564,7935381.641106631,4789,200,1.2727806372568011,8.604928066954017,160
b1adbf0d-10bc-426a-86a1-fc968e8abe1a,fc991f32-f1b6-4afe-ba3b-a472773d0110,7935371.763415548,7935373.033270908,7935381.638802988,1635,200,1.269855359569192,8.605532080866396,192
01da714d-cfc4-4c1f-bb59-56f975b69f20,db181ab9-192b-4119-8e82-13c9748a3f0a,7935373.762950508,7935374.228402265,7935382.035190768,5862,200,0.4654517574235797,7.806788502261043,160
09dbd0f9-b01d-45c0-bcd3-5b3abaf60681,0a6e1c4d-4f69-4db3-b893-0aa1755f54ee,7935374.762788701,7935376.088518719,7935382.095369706,5742,200,1.3257300183176994,6.006850986741483,176
e1ddc0e5-ced6-4f07-9a75-1d79e64ea0eb,5247d9b3-daf0-4d8c-85c8-6200408316cf,7935374.762784069,7935374.911848005,7935382.659523221,1362,200,0.1490639355033636,7.7476752158254385,176
f62c9e09-9c24-4a83-9054-50cf134018a2,95e47ed3-e422-4bf8-a2f8-ba075c7ef290,7935374.762778238,7935374.838766634,7935383.176718376,1735,200,0.07598839607089758,8.337951741181314,1728
5863e6a1-19e7-4228-aae9-cf62f80adcc7,4a4b9580-1d15-458e-9b7f-fe574dea6d90,7935374.762792031,7935375.214350835,7935383.365307528,1968,200,0.4515588041394949,8.150956692174077,176
0b545087-b072-4bc3-91f1-e271784a119e,c1aa437d-4a45-48f5-a4ba-fefa5588951c,7935375.763372867,7935376.13845737,7935383.705975977,4387,200,0.37508450262248516,7.5675186067819595,176
ffcee6c9-8304-4ed7-8c02-2f2cd4b5adcc,4b6ac81e-dcab-4d4b-86b0-55cc757e83a1,7935375.763356378,7935376.759825784,7935383.729564183,6060,200,0.9964694054797292,6.969738399609923,160
0dbceb06-e25b-417f-a31e-d6d1dbb5f3e2,378a8dc1-f4bf-4176-8004-137448e51ca8,7935375.763369243,7935378.986701894,7935383.8902853755,1968,200,3.2233326509594917,4.9035834819078445,176
668c05ce-67e6-498a-b599-189906c6a5ad,32379e4f-c52b-4533-87e4-7ccbc01e4871,7935372.762837498,7935373.46737015,7935384.450423206,3224,200,0.7045326512306929,10.983053056523204,176
9aa68ea7-8453-4da5-b153-14f82e7e50e8,176cc487-2fc9-4a46-aad1-bc8cf2b12ebd,7935374.762765109,7935375.260851652,7935384.885989225,5938,200,0.49808654375374317,9.625137572176754,224
2e02a7fa-c19d-4331-af6a-a1777cfefd11,2b0b6d27-8a7f-458e-8a26-26ecad67cecb,7935376.767548802,7935378.160012688,7935385.081347052,2618,200,1.3924638852477074,6.921334364451468,288
2687e540-d68c-4069-ada9-0ae638dc47d4,1cb4cd2c-3d59-46ce-8a93-0db347afede8,7935376.767536518,7935378.7798687415,7935385.10546597,1796,200,2.01233222335577,6.325597228482366,192
a95cffb2-84b8-4ea9-ae03-344dbcadb986,f08a5a98-ba52-4eb6-9dfc-c3e02b3c3c96,7935376.767556771,7935379.394077188,7935385.1253348775,5867,200,2.6265204176306725,5.7312576891854405,176
d35ac0ef-14c2-45e5-a3dc-7daa438aa27a,d28d1e2a-443d-459d-9383-6bdc450581a6,7935376.767553524,7935380.037465287,7935385.142388656,5872,200,3.2699117632582784,5.104923368431628,176
129c90f9-5cbd-416f-ae5c-f8e09d0df0b4,899c2615-9ae4-4ce5-91c4-b802b05ed50e,7935379.763360755,7935380.193493028,7935385.158447422,2011,200,0.43013227358460426,4.964954393915832,1920
b8ce4a08-b094-4f78-9c31-dd0483d9ad1d,db1fb291-ef7d-478a-9b73-48146f6a8cd5,7935377.763034514,7935377.8588591935,7935386.363158709,5866,200,0.09582467935979366,8.504299515858293,5856
d5c7ee7a-ec0f-42a9-af27-fc2c3fd97f95,502899ee-4518-4d94-a120-80fc9b07318d,7935378.762964388,7935379.433347331,7935386.457798146,4322,200,0.6703829430043697,7.0244508143514395,192
3b417c8a-6bf5-4c7f-bb22-a76376e3c619,e6330420-13fa-40f0-aaaa-ee9b7b873195,7935379.763347665,7935380.265556881,7935387.050925321,5858,200,0.5022092163562775,6.785368439741433,192
34c109aa-f053-4ae7-9a58-cbf6d224948b,a88040f4-3d46-4ddd-9db3-d9cefb577c4d,7935379.763354576,7935380.914060912,7935387.656054917,5862,200,1.150706335902214,6.741994004696608,192
d1c8e47a-a9a2-44f0-9aee-5a0c335daba1,a9ee696e-7782-458b-b0e3-a5f993f4a8eb,7935380.763360976,7935380.952991959,7935388.265129032,5835,200,0.18963098246604204,7.312137072905898,5824
2f34a3d7-4c95-45f3-9fa2-f2f618f28c3b,41128b96-fd4a-4c4f-ab0e-4f0be9d70919,7935377.763036899,7935378.269342764,7935388.463895648,5960,200,0.5063058650121093,10.194552883505821,192
29c2103a-4c1b-4b37-9257-c70b47cc56da,b397fd3b-5c1a-4e01-ae2f-44399f92080b,7935377.76302283,7935378.879071536,7935388.491275035,3055,200,1.1160487057641149,9.612203499302268,160
0dca2430-62fc-409c-8918-82fc14c284fd,029edadb-b234-4d39-a619-c56cc85e964f,7935377.763031672,7935379.46950929,7935388.515182523,645,200,1.7064776178449392,9.04567323345691,192
10886a43-5bd0-4df3-a629-fa5a6fc892c0,e15ff2fc-8b83-41ee-b315-8b52f8c96af4,7935377.763039236,7935380.103088782,7935388.538480605,5851,200,2.340049546211958,8.435391822829843,176
c3af3972-c56d-490f-8938-8a52d28e4a4b,3daffac5-0016-4e98-88da-87898f7abac9,7935378.762953911,7935381.351127911,7935388.584995844,5738,200,2.5881740003824234,7.233867933042347,176
6297036e-9a6b-411c-b6d8-d85f44db5b65,1cf5c436-bb75-402c-9dfd-fae7395bc0a0,7935379.763351728,7935379.871795143,7935389.562163106,907,200,0.10844341479241848,9.690367963165045,512
847dbb96-8e5e-4dde-b6ef-81a962d1a281,22d7558f-2436-464f-b111-4724e2f322d1,7935379.7633372,7935379.86707108,7935390.02949892,1969,200,0.10373388044536114,10.162427839823067,1968
84e42b55-d0e5-4ca5-ae9f-2041e073c602,0899530f-4ed7-49f5-91aa-9eef27c4e875,7935380.763347021,7935382.417308055,7935390.315410992,5959,200,1.6539610335603356,7.898102937266231,176
eb125d8d-54da-441f-a247-b9a1c8484e55,d769c8e7-545f-4504-930e-6fb89f07eeaa,7935380.763358346,7935382.415498498,7935390.314491377,2979,200,1.6521401517093182,7.898992879316211,16
58f0d04e-5742-4b73-9335-d093a4588f3d,94d515a9-ef0d-42ed-ace0-0af11d850115,7935380.763353126,7935383.049683112,7935390.337979414,2351,200,2.2863299855962396,7.288296301849186,224
55a03b24-30f6-4cf5-ac11-6a1228cc869f,4caafacd-2ab0-4466-94b7-7cb54f0a4414,7935380.763355654,7935383.537085844,7935390.357875622,925,200,2.7737301904708147,6.820789777673781,176
22816be6-4a56-4587-bc86-9aeeee0f6d8a,a16f5240-7964-4ea6-8660-0762c30468df,7935380.76336292,7935383.535410967,7935390.357063257,2368,200,2.772048046812415,6.8216522904112935,176
f1b884f0-7051-4d8f-991f-0b139b8be903,169bfd1c-b54b-4a03-b40f-5a304abd2cb8,7935379.763357694,7935380.177633007,7935390.586005854,4329,200,0.4142753127962351,10.408372847363353,224
83cbc6b5-218e-4dbb-add5-f52ba92a6112,91817d88-3093-4655-a55c-1e6106fc4d42,7935380.763365734,7935381.794701978,7935390.86973355,5942,200,1.0313362432643771,9.075031572021544,176
61b6ac21-605e-47a8-8cc0-a22cccb708ab,ba04113c-f39c-42e2-9942-9e943a5f3a91,7935382.762729525,7935383.603331365,7935390.9427162,821,200,0.840601840056479,7.339384835213423,192
6a24a034-9618-460f-892b-acf6c70a3115,72007798-6523-420d-9817-37e87fcf6ec6,7935380.763368394,7935381.10759461,7935391.144491127,2798,200,0.34422621596604586,10.036896516568959,224
d829ccab-519d-48ca-8398-160bc26065ed,40f892a5-678a-4f13-86dd-ca6b794f94a2,7935383.762953777,7935384.369019352,7935391.2055093525,5918,200,0.6060655750334263,6.836490000598133,224
1a70afed-6b98-4a63-b6a5-40e80ef20529,2a455136-68a7-4f2e-ae04-e584f979ee34,7935384.762651112,7935385.24564136,7935391.696259032,4746,200,0.4829902481287718,6.450617671944201,176
6e26b186-d1f7-4fd9-81b1-8529ba62d061,bef48969-2881-4b72-aae0-5d83261314a3,7935384.762653506,7935385.676808565,7935391.7151476415,5706,200,0.9141550585627556,6.038339076563716,192
cce0860e-b16a-4d7e-9fc0-54f21920fac3,d8201697-336b-477e-a838-abf68acb1f97,7935381.762503918,7935382.17284753,7935392.66311992,4733,200,0.410343611612916,10.49027238972485,176
7667e9f6-c992-4b05-b628-0d30bae3604d,b95dfb64-0406-4605-9307-eb2ed587ac22,7935381.762520102,7935382.851338856,7935392.683868956,5895,200,1.0888187540695071,9.832530099898577,224
8865b789-bc21-4fe9-8022-c7f5f2abf688,91e22163-b1ce-41e5-803d-070d44488e41,7935381.762514094,7935383.4226403,7935392.710703071,5865,200,1.6601262064650655,9.288062770850956,192
08f96a9a-5579-4b80-85a8-3ab556b8e7ac,6e066633-fcb0-417d-94ee-a9864bbdaa41,7935381.762517573,7935384.035586146,7935392.73328935,6408,200,2.27306857239455,8.697703204117715,192
c323f35e-d867-4ccb-9ec6-82149360f64d,578ff680-a8ea-4b5d-8584-dc1cc1653e23,7935382.762733004,7935385.2611931395,7935392.77554669,2928,200,2.498460135422647,7.514353550970554,176
41d06909-4e5c-4440-aae6-fdca85995de0,2c2590bf-7735-4068-8406-2d47707168ea,7935384.762647633,7935386.436701763,7935392.837554996,4036,200,1.6740541299805045,6.400853232480586,160
a3e6c67c-d09f-4580-820c-ab30be8f4a00,d44c23b8-69bc-4fe6-96fe-f7f6ff821c72,7935384.762636747,7935386.439875072,7935392.840631632,5870,200,1.6772383246570826,6.400756560266018,176
9c7d8538-807e-403d-9f04-c1432bf5e20f,0ff8ff91-ea55-4fbf-831d-05097d6a3ed6,7935382.762736593,7935383.060718073,7935393.131692797,2207,200,0.29798147920519114,10.070974724367261,160
8645474f-997f-4828-98ef-e78f1d7e70cf,6c222109-f6f2-46ba-8c2a-fa24376d9683,7935384.762645111,7935385.123124783,7935394.216262067,752,200,0.3604796715080738,9.093137283809483,224
0e2e3b1e-21b0-482e-b8f4-4d1ca65a449d,00d31eb0-b908-4fd8-b7c3-40330a3b5089,7935384.762655778,7935385.540268293,7935394.2355446955,5292,200,0.7776125147938728,8.69527640286833,224
02af5865-31f3-4685-b2f9-36870ed3be91,8ae210f3-b09b-4bc9-9dfb-bcc885974677,7935382.762699717,7935384.242358554,7935394.61465981,4748,200,1.4796588374301791,10.372301256284118,224
ab6e2e0c-4c0d-4396-8313-b0417d6f22b7,187f15cf-abd4-40d5-b327-1bd0cec63671,7935382.76271642,7935384.240092483,7935394.614875987,3314,200,1.4773760633543134,10.374783503822982,176
97e08d64-0057-415f-98bb-df1cd465c818,4bf9a1b8-5289-460f-817e-659616fb5993,7935382.762719075,7935384.884407317,7935394.635670153,5893,200,2.121688242070377,9.751262836158276,192
f23717fc-40e4-491e-a1a5-e24a7aceb870,4181337f-4f55-4fd6-8fbd-e067aaaaebe3,7935382.762713068,7935385.490334432,7935394.659571842,5877,200,2.7276213634759188,9.169237410649657,176
6112d620-04bf-4f31-a897-8a91ee5771b0,9f8fc93a-62fd-4685-beff-f86268053404,7935382.762709492,7935386.110249039,7935394.682825964,5778,200,3.3475395468994975,8.5725769251585,160
b67c1779-d1c9-4f92-86f6-d9be71f784bd,50a0f783-38f6-47fa-851b-c29341137a2e,7935382.762722193,7935386.108367206,7935394.681102057,1684,200,3.345645012333989,8.572734851390123,224
a00a2d06-fb77-4669-9843-bd42f6902c23,e75457ed-6df5-4031-9265-1be7e8cbd160,7935382.762725706,7935386.733129713,7935394.701191404,5136,200,3.9704040065407753,7.968061691150069,176
cc57de3f-23ef-4125-9952-82db6672ce7e,cef881df-c2a5-4400-b32f-b3f0ea1210d5,7935384.762642719,7935387.353532733,7935394.726084459,5550,200,2.5908900145441294,7.372551725246012,224
4fa2f29b-327e-4958-9743-e1082dc1a866,70040244-0ba8-4018-b9e4-d79962cfab6a,7935383.762943208,7935384.3435813235,7935394.790813625,5847,200,0.5806381152942777,10.447232301346958,224
50601a2d-e77f-42ba-8de0-cb6f778ab50b,376fc79f-2991-4706-a6b7-8d5e7ec64423,7935383.762931241,7935384.951569973,7935394.816114759,5686,200,1.1886387318372726,9.864544786512852,176
efb126d2-b015-41a0-973d-d4eab4eed2f1,ae04581e-61a3-4e13-a5d3-988c330d8c3d,7935383.762957494,7935386.1424911665,7935394.86064367,2153,200,2.3795336727052927,8.718152503482997,224
868fe34f-de8d-44c9-a57b-17cc1139e1c3,3bbe7a32-b751-4c03-9865-9f62ef479d14,7935383.762946542,7935386.144954978,7935394.864466644,1222,200,2.382008435204625,8.719511666335166,176
1d4243e1-6dc2-49aa-9dfc-6e1b97357220,518b2120-1899-4a0f-af6e-5a114887002b,7935383.76295016,7935386.144766653,7935394.86563452,511,200,2.381816493347287,8.720867866650224,176
ecc1c5c5-9ae0-4ae6-8f00-3f53dbabcfbc,47290926-f76b-42a0-b6b0-95ae3ac5a196,7935383.762940025,7935387.365808285,7935394.902525953,3400,200,3.602868259884417,7.536717668175697,16
e529b3bf-8e75-4441-b5ea-2c7f95b7a221,b3b1f241-4f97-466c-b9af-0701c1476d26,7935384.76263988,7935387.973978396,7935394.923065325,5767,200,3.211338515393436,6.949086929671466,224
b7f1ae14-363c-4cce-99e0-c742f5ba90e9,b7554870-29f4-4f87-8863-6a1c0092c222,7935384.762627429,7935387.975797921,7935394.92516924,5894,200,3.213170492090285,6.949371318332851,224
dbe428b3-6c58-465f-b204-d761b91ba82f,2375aed9-bf2b-4d31-b02f-4651375f6697,7935387.763362729,7935389.199319113,7935394.967029123,896,200,1.4359563840553164,5.767710009589791,176
bdd7dacd-196c-4088-a013-3339050861a9,79338fbe-7a95-4ad0-8c9b-b64cc73ec957,7935387.763395388,7935389.585174453,7935394.977901682,5834,200,1.8217790657654405,5.392727228812873,160
de4570dc-5be4-478c-8b9d-2e3e6fd6f389,f4e153b0-1500-4fe0-8c77-db6d02b743e0,7935386.762750939,7935387.050550091,7935395.959188766,2971,200,0.28779915254563093,8.908638674765825,160
3f1946cf-58ce-44dc-9741-8af4d8290227,ec13b1d0-76b0-4b76-b16c-1f1ba5a32e9c,7935387.763386993,7935388.279332334,7935395.974976613,4575,200,0.515945341438055,7.695644279010594,160
06882ba8-eece-4f4f-81c2-56a7160fe2dc,818f34b1-81e6-4dc9-8896-079af3a673ea,7935386.762754964,7935387.656030519,7935395.980002801,5300,200,0.8932755552232265,8.323972281999886,192
af173450-e4d7-437a-bbfd-709435a3bf51,0fdf3a79-0b56-4d09-930d-738eaa2f1f84,7935387.763392919,7935388.7225607615,7935395.994897397,5753,200,0.9591678427532315,7.272336635738611,192
3ed07585-414c-4151-92c2-00cd9e7b86e2,3e53059f-27ed-453d-a3cb-045b4aa7f847,7935386.762736693,7935388.884897156,7935396.0237026075,4417,200,2.1221604626625776,7.138805451802909,160
54b3e50e-e631-4ff8-a83a-c936a0e57664,0883483d-ba52-4103-b119-afeaa09302ef,7935387.763389544,7935390.116033512,7935396.059353365,5878,200,2.35264396853745,5.943319852463901,192
49f9e983-af4a-40f5-ac91-a14899729993,10be3b43-0ffb-46e1-a876-5e00af159cb2,7935385.763134213,7935385.943309991,7935396.272691908,1584,200,0.1801757775247097,10.329381917603314,192
57a94477-069f-4a92-8d00-e4f94baf6816,c83dc93a-17bd-4b97-ae1e-ea8cd1dbecfe,7935385.763147948,7935386.536096566,7935396.296773826,5908,200,0.7729486180469394,9.760677259415388,160
95c62d87-a4a7-4ba3-8e95-eeb5808cfa4f,119381d5-69e5-4c08-b438-534c58547839,7935385.763144806,7935388.427015703,7935396.368793139,1030,200,2.663870897144079,7.941777436062694,192
073ae333-8965-4ec4-a824-8f4648323de6,9b048b14-06a6-4574-a80f-dbc23b48d9f7,7935387.763380972,7935391.386648737,7935396.464650912,5981,200,3.6232677651569247,5.078002175316215,160
e8900eb0-1d11-4616-aae0-9e84f576e272,ff27b323-224b-4236-b530-8b34fcfc9531,7935387.763372621,7935388.046668116,7935397.054236057,420,200,0.2832954954355955,9.007567941211164,176
7c96a30f-fca7-40e7-b867-42e0f690f6ee,af45b936-e0fc-4b4b-a8e6-2c2ce81710a0,7935387.763378679,7935388.045399154,7935397.053191193,1976,200,0.2820204747840762,9.007792039774358,176
a11ecf20-4f81-4ad7-a100-eab4155d5d90,9c1eaa62-32d0-47df-aea2-fa3f14175763,7935387.763375985,7935388.204521789,7935397.110568548,2775,200,0.44114580377936363,8.906046758405864,656
cb27cbb0-4859-4b07-ac8f-b1fc03297e33,2d56a9c3-5f90-4bf8-8d15-611eb4ee9fbf,7935387.763384141,7935388.946483538,7935397.440439555,6563,200,1.1830993965268135,8.493956017307937,160
a457e4dc-3086-4052-98f9-d9d3e3d3f972,469d8baa-4a15-40fd-a740-aae6477a78b9,7935387.763397722,7935388.943180486,7935397.438733358,5231,200,1.1797827640548348,8.495552872307599,176
e34f1202-e78d-46b4-8bc5-c663917889fe,b5b79d80-d814-4a6c-9f3d-7d392ce15643,7935390.762739735,7935391.428969504,7935397.628831461,1704,200,0.6662297695875168,6.199861956760287,160
e4db35be-d244-4483-80ab-8e587ef4ab8c,f8e43d47-46b2-48cc-9573-4488e6fb8e5c,7935390.762755605,7935392.0693887975,7935397.646171303,4434,200,1.306633192114532,5.57678250502795,160
3deda4dc-b7a8-4502-9777-2167554d79b8,6b12e983-df72-4200-80d7-0a4adbe5d91e,7935390.762760121,7935392.446991001,7935397.665962994,5955,200,1.684230879880488,5.218971992842853,224
920478d0-045a-40bc-8c0d-729c5806cc89,db793246-9873-488a-8c36-68b6c758735d,7935388.763315878,7935388.91915501,7935397.812744869,1990,200,0.1558391321450472,8.89358985889703,224
9a076876-5ae4-42b3-92c1-a686098afb68,1f137368-a8ec-4424-9209-cece0037f45c,7935388.763305821,7935389.512459921,7935397.831156983,3831,200,0.7491540992632508,8.318697062321007,176
8cf3b9c2-0de2-4ad8-b251-f7ac81357063,96fd4659-a409-45b4-ac31-ac3be6cd91f8,7935388.763319309,7935389.511151277,7935397.830294972,4577,200,0.7478319685906172,8.31914369482547,224
592d8632-762a-41a5-9101-9e3e3aad1fb1,8e505307-8830-46b2-ac68-84a7d5dbd9a0,7935389.762486248,7935392.587759219,7935397.92779676,2420,200,2.8252729708328843,5.340037540532649,160
066d707a-ffa6-475e-9dc8-d0a74bc6f4c4,e33a9d69-0943-4460-8168-0f009275bb34,7935389.762476839,7935389.868888457,7935398.715597112,1145,200,0.10641161818057299,8.846708654426038,176
eb6220bf-c247-4e33-93fe-434c1e0f9e89,af4b1375-aefd-45d5-8a5c-3dd4d84c4dc4,7935391.762892864,7935392.2322099265,7935400.551996222,5883,200,0.4693170627579093,8.319786295294762,160
bea28bdd-063e-46b0-a3be-e347971197ad,10d802c2-a294-4971-99fd-28d0464b03a3,7935392.76318503,7935395.919750395,7935400.679403212,1191,200,3.156565365381539,4.7596528166905046,176
6abd6bc6-711f-4963-9402-fee41acb8ea7,db3af283-c78b-4d14-bc1d-784377afabaf,7935392.763193003,7935395.918404329,7935400.678272189,3841,200,3.1552113257348537,4.759867860004306,224
bb4979dd-c73c-4938-8605-012c5e5fd184,5cfe068c-bdac-4693-905b-190923e1087c,7935392.763197237,7935393.376818988,7935400.9956393475,5890,200,0.6136217508465052,7.618820359930396,224
3d39346a-311c-46f3-ae32-af61639cb703,cfbe6bee-cd08-4654-810f-1a3b3025c764,7935392.763174225,7935393.518139872,7935401.017198282,6774,200,0.754965647123754,7.499058410525322,160
1a3472e5-6369-413a-ac3d-96b03cd7c506,eecbcd88-7743-4e34-95b6-1c67dec9ac89,7935392.763213054,7935393.798939985,7935401.011807253,5389,200,1.0357269309461117,7.212867267429829,224
1ebd6dcc-f708-4c6f-9e3b-32a4d828b5ed,91e2dcb0-9727-45f1-bd96-95ee2a9fe135,7935392.763200473,7935394.085447908,7935401.03513967,5559,200,1.3222474353387952,6.949691761285067,192
5bb38d12-c29e-4476-ac10-06b91e950405,0fdd3815-1923-4d11-a5f1-1c32cbce836b,7935392.763206806,7935394.083790465,7935401.033326068,3524,200,1.3205836592242122,6.9495356027036905,176
5dd9aead-9ca9-4b38-8cb1-858df3db9cc3,773fcc75-711c-4081-bfea-8e9f5d5f8c42,7935393.763381989,7935393.873247386,7935401.042027169,1179,200,0.10986539721488953,7.168779782950878,448
45e1c702-e4b9-447a-9a7d-0647f0774700,02040ade-ed2d-491c-ad7f-c7feac81e298,7935394.763325696,7935395.318704481,7935401.651044302,998,200,0.5553787853568792,6.3323398204520345,160
6e5e09d7-a55e-4fec-977d-d38570458219,21f467fb-de7c-4e1b-9293-058f066ebf57,7935394.763321798,7935395.320244922,7935401.653443215,5881,200,0.5569231240078807,6.333198293112218,176
5caa7754-5622-48c1-86e2-eb2f16e9a187,e9333846-4b52-4552-b7b0-49ce8f3d396a,7935394.763333261,7935396.56736704,7935401.692001034,1689,200,1.8040337786078453,5.124633993953466,176
c5aadcd1-0296-4bbd-a74c-2a095914f1f5,9bc4feee-617f-4059-8c66-f3a6b1d07f17,7935394.763329452,7935397.163100793,7935401.708622379,1280,200,2.399771341122687,4.545521586202085,176
46087ad6-da07-4a97-8063-43d1d2ffd944,fd66c258-5859-4553-99da-0f386f57432c,7935392.763203438,7935393.209155648,7935401.874075352,4100,200,0.4459522096440196,8.664919704198837,160
5836061c-cbf2-4394-9850-142705346c8c,d98c265f-698d-4cb1-87ed-52317461cdc6,7935392.763210255,7935394.8542928165,7935402.538711468,4481,200,2.091082561761141,7.684418651275337,16
a0e85d26-5cf4-4822-91e6-7e702fb4c320,27d34d22-9260-40a3-99e2-e20e86c4cfe7,7935392.763189913,7935395.453595516,7935402.567772724,3099,200,2.6904056034982204,7.11417720746249,160
3c1a8224-8153-4983-9c01-6e68deef6e86,dd4ea50a-bbcb-4a3f-a62c-27fbf36607ed,7935393.763392148,7935396.067820665,7935402.586853376,2922,200,2.304428517818451,6.519032710231841,176
9f496f26-ab25-4e3c-b013-ee70251c4fff,6cbbb375-c940-47eb-bdbe-1c9292cd44d7,7935393.76339613,7935396.067493033,7935402.587111493,3068,200,2.30409690272063,6.51961845997721,288
7724638f-3d9c-4c91-b6fd-86b55052f7df,5562c1a1-e6b0-40ec-96dd-5ea84936cbf8,7935393.763399766,7935397.313890291,7935402.625217815,5855,200,3.5504905255511403,5.311327523551881,176
4ec92b36-05b0-409c-a9d8-4bf4b3d4486f,fc991f32-f1b6-4afe-ba3b-a472773d0110,7935394.763311239,7935394.864667534,7935403.293622882,1810,200,0.10135629493743181,8.428955348208547,1584
035c0d57-a687-422a-84ea-6e13be516617,773031a0-4df5-41b1-9031-e9c5d037efa1,7935396.762874895,7935396.9476703815,7935404.227974048,1819,200,0.18479548674076796,7.280303666368127,192
ec9fd746-3594-4bb8-813c-8a72e0a8e414,d9b5ce8f-1f03-4b93-af09-4e750c6473c8,7935397.763332317,7935399.293250844,7935404.310401699,4103,200,1.5299185272306204,5.017150854691863,224
338df579-ea32-4d3a-bf61-71ba6b1b76a1,08617b02-e213-4095-a1cd-ed95f33fb542,7935399.762504956,7935399.9053271795,7935404.757908641,1372,200,0.14282222371548414,4.852581461891532,192
4451fe83-f9d3-4d02-ba6e-fe6d4b1a4d0a,1326464b-c372-47f9-8850-927fd5f180aa,7935395.762845801,7935396.125972288,7935404.992301979,4460,200,0.3631264865398407,8.866329691372812,224
2738fce9-1ace-406a-927e-271faa6d68c6,ade8cb90-6dbe-409a-8c98-4ae1df590b7e,7935396.762858838,7935396.999830503,7935406.771861244,2514,200,0.236971665173769,9.772030740976334,192
3eee324a-0b54-4781-bb25-18985fb2a524,855dd6b3-1f0e-4fa3-a820-cbf26b5c076f,7935396.762870959,7935397.598616639,7935406.820389836,5715,200,0.8357456801459193,9.221773196943104,192
6f4c0bec-8fda-4c71-badd-9c81a1163036,a74d52a0-b723-423c-8ddc-8a8becc87965,7935396.762878562,7935398.226730605,7935406.819469843,5834,200,1.4638520423322916,8.592739238403738,176
3adc35d5-691b-4538-b78d-cf9949d6d8d2,386b7318-3947-4df1-8dd5-2e93abdf10c2,7935397.76332932,7935400.7246132055,7935406.94447967,6011,200,2.961283885873854,6.219866464845836,160
f1e0e07f-2777-4d48-91e6-f656dee95309,0fc32f2f-3791-4f05-a896-da6268fe53f9,7935399.762512894,7935401.834872221,7935406.985775199,4442,200,2.0723593262955546,5.150902978144586,192
7ba0d99e-b6b6-481e-ace1-d98cdcb431fe,74a8d097-f062-41b6-8205-d784bb153261,7935398.762833088,7935398.935652449,7935407.275306258,1925,200,0.1728193610906601,8.339653809554875,160
8fea6ca3-cc13-4cb5-b8a7-809f150295ff,871e2ad2-c962-4d3f-879b-acd7d5c130e7,7935398.762843142,7935399.535292688,7935407.298851894,5804,200,0.7724495455622673,7.763559206388891,192
ce9b3cd0-2efa-4d48-8282-4aeb7dc70c76,43515880-6b47-44ce-ad5a-c143292b1649,7935397.763306231,7935398.732279259,7935407.322338018,5970,200,0.9689730275422335,8.590058758854866,160
27247288-f4cb-4eab-ad26-81084906e519,c8309beb-8c28-45e3-97c6-0ce22870ae69,7935397.763321733,7935399.363337143,7935407.345825331,5906,200,1.6000154102221131,7.98248818796128,192
c4837298-e0c8-464c-849a-ccd5f5a2da02,6a19083f-2cb9-4a28-b5a5-fe5affc36867,7935398.762849601,7935400.7971976865,7935407.347249552,819,200,2.0343480855226517,6.550051865167916,192
1512c5b5-af6e-4e99-9d56-18bf5356f759,a0ee44f1-f36b-4a6a-bf7e-a9a8c8f79820,7935398.762846383,7935401.421308934,7935407.368233592,5950,200,2.6584625504910946,5.9469246584922075,192
07dba12e-a19a-4245-954b-025e9804303b,9ae48b4d-09e7-477a-96c8-ee9b319e707d,7935397.76332578,7935399.999303553,7935407.369092871,4191,200,2.235977773554623,7.369789318181574,160
0e2a8366-e3cd-4d28-b362-93669e6918e6,d8a397bc-57f7-446c-afd5-6ed41a735419,7935399.762516587,7935402.041622494,7935407.38553658,1723,200,2.279105907306075,5.343914085999131,192
d6ca526b-97e7-41ca-b212-91a9c1e1313e,7e0dc3cf-f526-472a-bc5c-d24141fee908,7935397.763317243,7935400.616900129,7935407.391394188,4015,200,2.8535828860476613,6.774494058452547,192
1f7096e2-f436-4889-a601-d04223c546d4,850a9e15-1175-420d-83de-67148187b5e5,7935399.762509063,7935400.61613614,7935407.391130575,867,200,0.8536270773038268,6.774994434788823,176
89bbf1b1-985e-4f98-b21f-126dcd8e7c29,c3d496a4-2080-4ec5-b544-6c3443dffdf3,7935399.762500182,7935400.617675495,7935407.392638014,4672,200,0.855175313539803,6.774962518364191,160
dbdf8ac4-9f8d-4bc9-aeca-6db0d68b8c30,997695bc-33ef-41c6-903e-cc1112298142,7935399.762485797,7935402.166874793,7935407.407736403,2399,200,2.404388996772468,5.240861609578133,176
46c2e00f-aec7-486a-9298-675a06b4263e,1f137368-a8ec-4424-9209-cece0037f45c,7935401.763410779,7935402.161516853,7935407.402950387,3819,200,0.3981060739606619,5.241433534771204,3792
f12f90be-af58-4396-a852-78c469c669f0,3e29e7d8-6d1a-47d0-9144-aee9df51a47e,7935401.763418136,7935402.935252884,7935408.410251545,4238,200,1.1718347482383251,5.474998660385609,176
8fe996ab-f74a-4640-9c34-142e0f1145c0,a16f5240-7964-4ea6-8660-0762c30468df,7935402.762731626,7935403.079592574,7935408.43672128,2368,200,0.31686094868928194,5.357128705829382,2352
27e63dc8-15bb-4aaf-af5b-75d1ecbd9ac0,0a0896da-1e20-4a06-9b7c-c33d45fcd843,7935400.763280748,7935401.2379222065,7935409.059265828,5845,200,0.47464145813137293,7.821343621239066,176
c29bfcc6-8402-454a-96d4-70dcac5dadcf,13dd03df-0d85-4dae-9b18-42a81e6fbe95,7935401.763407207,7935403.709426942,7935409.138200813,5787,200,1.946019735187292,5.428773870691657,224
3b7bf4bc-882b-4e33-b010-d593083778c8,00049226-a856-4e37-9f5a-1aec0d5a0b20,7935403.762932698,7935404.521822435,7935409.178407125,5930,200,0.7588897366076708,4.656584690324962,192
00f2510c-b469-4c3c-9158-51b1588708a5,ab7c945e-e515-4175-81a9-07d757d848ff,7935401.763400305,7935402.530185271,7935409.836390751,2504,200,0.7667849659919739,7.306205480359495,192
a8f7abe8-c3c7-48ed-9051-c5d960702ec8,5081ad02-1e94-429c-b756-848bd4f73416,7935401.763388613,7935402.532143648,7935409.840361494,618,200,0.7687550345435739,7.308217845857143,224
7de6006c-21e7-4b55-985b-8760843d040a,8deb1987-ae66-48b8-ad82-ef28a801bdb8,7935401.763384271,7935402.532846808,7935409.8414675435,1380,200,0.7694625370204449,7.3086207350715995,192
fc79bc14-ae3b-4224-9fea-f9d9101ebd07,e658362d-729a-4a31-b36a-536cd076959f,7935401.76339281,7935402.531972243,7935409.840999403,934,200,0.7685794336721301,7.309027159586549,224
dedb78be-0359-4c6d-8456-4c523206a82e,1cc89369-2782-418c-93f1-6fd3c276dc1b,7935401.763403892,7935403.174567468,7935409.857454222,6734,200,1.4111635768786073,6.682886753231287,160
f1d41d87-7721-4c34-9719-81f9fde3e9e5,efedac55-57dd-4acf-9f7e-f6bbd7243fbe,7935401.763371785,7935403.179000537,7935409.861623868,1783,200,1.4156287517398596,6.682623331435025,224
ab4f4a62-1011-41a6-afcf-fe32ff2e11d3,c2cf61e6-40f9-49e5-a7f1-e24130e70596,7935401.763414414,7935404.402767915,7935409.896775899,5912,200,2.639353501610458,5.494007984176278,176
4dc1b9ca-37a2-4548-ae6e-ecc0ae04fb7f,67a0b975-184d-4abe-91c9-e84646d0b743,7935403.762936269,7935404.008391052,7935411.620358634,2560,200,0.24545478262007236,7.611967582255602,192
ffc415a7-6da9-40ee-8fdd-54408cd15700,6e066633-fcb0-417d-94ee-a9864bbdaa41,7935401.763396801,7935401.893286028,7935412.234773859,6408,200,0.12988922651857138,10.341487831436098,6400
6e0f5721-f677-4f56-b1b5-10238fda09aa,f48f3c83-7b8a-45e5-a0fa-74a6e92599d8,7935403.762918826,7935404.289195163,7935413.69414331,5894,200,0.5262763369828463,9.404948147013783,160
899a58a3-318f-4606-9bf8-5eaf93408d04,db1fb291-ef7d-478a-9b73-48146f6a8cd5,7935402.762744215,7935404.470684369,7935413.755247737,5744,200,1.7079401537775993,9.284563368186355,176
09e0d787-3df0-4263-88e6-79eacbb1df3c,db181ab9-192b-4119-8e82-13c9748a3f0a,7935402.762761098,7935405.104419751,7935413.783456292,5877,200,2.3416586527600884,8.679036540910602,160
82afcccb-3a5b-4d4f-8a68-a2c9cf9672db,0efc611c-a104-4cc5-ac35-e883e7cebda7,7935402.762755702,7935405.106018215,7935413.785738455,735,200,2.343262513168156,8.679720239713788,160
d5d74ba7-c0c0-4565-a5be-eb9d4dbd362f,675afd83-9b5b-45b7-9f5f-7e5d89f0c9f2,7935402.762749749,7935405.72816103,7935413.818532457,3109,200,2.9654112812131643,8.090371426194906,176
f88facfe-4d48-4847-a93c-9d023adb8d7c,28b85227-ac6e-4816-91bf-18a4f64c1445,7935402.762764117,7935405.725258176,7935413.815136584,5691,200,2.9624940594658256,8.089878408238292,160
3188df92-8bd7-43ec-87cb-b91f321dd276,4dc898de-9d0d-4eef-9608-2e7f5c017b44,7935402.762740853,7935406.348884721,7935413.83425514,3858,200,3.5861438680440187,7.485370418988168,192
3192fbc1-2125-4ee8-8f06-035502f728dd,6f45b8a4-e423-40e0-b44c-2370d1158913,7935402.762752583,7935406.346264781,7935413.8318688935,6020,200,3.5835121981799603,7.485604112036526,192
91706316-4a17-4f29-9cc2-7aa8f34aba37,1e9d7c97-8003-4914-919a-c70046db848d,7935402.762746973,7935406.965549472,7935414.423132977,3245,200,4.202802498824894,7.4575835056602955,192
64e8e4e3-ea1e-4887-90e7-224ec3c47569,70040244-0ba8-4018-b9e4-d79962cfab6a,7935402.762758507,7935407.579268965,7935415.06962981,5794,200,4.816510457545519,7.4903608448803425,160
9cd8bc87-e0d2-430e-b519-2faa8ab0bedf,0fd4279a-26c5-4067-ab88-75febf63597d,7935406.762648327,7935408.198311892,7935415.684325618,5774,200,1.4356635650619864,7.486013725399971,176
3e8a4cb3-122d-4a6c-9e5d-c4a9be3414bb,ae04581e-61a3-4e13-a5d3-988c330d8c3d,7935405.763227895,7935405.836182785,7935416.297205727,2153,200,0.0729548903182149,10.46102294139564,2144
d5e61120-957c-4c8b-8c2d-3dd524b7465d,51d7aec4-2dba-42c1-8f75-3193d8c9b3b1,7935405.763231321,7935406.455640463,7935416.345603822,389,200,0.692409141920507,9.88996335864067,176
c4343c5c-cc97-465d-bfac-7a32713e080f,e38ecf53-d2a3-434b-affd-1afb07135ae3,7935405.763223687,7935406.457106389,7935416.347378232,6231,200,0.6938827019184828,9.890271842479706,176
66b32782-eeab-48bf-b652-c00e30ea89c4,89189bcd-1513-4bf6-8b6b-dc60259a21f6,7935404.763151625,7935405.250307196,7935416.359129069,5973,200,0.4871555706486106,11.108821873553097,160
d962c399-a9c0-4502-82b7-d972cfd6e2f0,97572e5f-d135-46bc-9183-21b2af1303c1,7935404.763139097,7935405.874183631,7935416.387690795,861,200,1.1110445335507393,10.513507164083421,160
e8e10d18-d3c8-45f9-af1b-a36dbe1dcf1d,02266e03-2387-4a93-80ac-e63ccdb91f20,7935405.763209763,7935408.321097399,7935416.422950797,3756,200,2.5578876361250877,8.101853397674859,160
3ec34c14-fb8d-4064-9f1c-187b9e0aedfb,1b9e7537-74bf-4973-b1fc-400efab1eed4,7935404.763154774,7935407.132780171,7935416.438369814,5757,200,2.369625397026539,9.30558964330703,176
9dd7f7eb-8d5f-40ed-b4c2-2ab4e2453701,31895786-fe4a-4634-bd10-354266c7cf14,7935405.763239203,7935408.940335437,7935416.441012171,2589,200,3.177096233703196,7.500676734372973,224
21f276c1-9d30-41a6-8aea-4b63a066ae39,e793cd05-3809-4e36-8e78-d44bc000c93e,7935405.763235569,7935408.9417504445,7935416.44301615,5814,200,3.178514875471592,7.501265705563128,160
50974d53-e98a-4e2a-a4fb-c3db003f4400,a43aee69-af6f-4b63-82d9-73f1bb806cb0,7935404.763157164,7935408.393209011,7935416.483399928,6292,200,3.6300518475472927,8.090190916322172,192
e3209f3b-e04e-4c1e-8db0-b54c8df83675,44ca5816-8d16-4e6a-83e3-4700fae7ed03,7935406.762668114,7935410.149922736,7935416.48550155,5824,200,3.387254621833563,6.335578814148903,160
f3a0f93c-0fee-47f8-b80d-a30a48bc815d,558d1a32-11e7-4870-b268-20a3c0b14d67,7935406.762664736,7935410.727238413,7935416.507868656,5739,200,3.96457367669791,5.780630243010819,160
2fcb570e-2632-4d0f-96c3-42f60664bad9,899c2615-9ae4-4ce5-91c4-b802b05ed50e,7935406.762661124,7935409.005174003,7935416.514147926,2077,200,2.242512878961861,7.508973923511803,288
746edf85-3acc-4ebc-87c3-0eae49d591cb,0f610880-6ddd-4017-bf17-27f18caf55cb,7935409.763197075,7935410.193216763,7935417.946599744,5315,118,0.4300196887925267,7.753382980823517,160
0f36c5a6-4a0f-4831-b1f4-a7ac2e57154c,a88040f4-3d46-4ddd-9db3-d9cefb577c4d,7935407.762645734,7935408.919555353,7935418.21953888,5862,200,1.1569096194580197,9.299983526580036,192
8a443523-dc40-4509-a03b-7cb727fa9455,9cc9f7c7-21b6-4049-9427-8e83dd93cba6,7935407.762652465,7935409.528305128,7935418.242981697,5753,200,1.7656526630744338,8.714676569215953,176
2c1c40b2-5c35-422a-862f-c606a9d69357,8e505307-8830-46b2-ac68-84a7d5dbd9a0,7935407.762638742,7935410.15792826,7935418.269657807,2570,200,2.3952895179390907,8.111729547381401,2416
25602bfd-5459-4ecf-be61-9006cc381fcb,24366d4f-7bcb-4d89-a25c-c95b1df94dec,7935408.763391145,7935408.912166677,7935418.584684289,399,200,0.14877553284168243,9.672517611645162,160
37bc5fa7-8d9e-40ea-8a83-d99634256208,f9b63fbd-926e-4b5a-a306-1e20c2f21778,7935408.763394773,7935409.2916498855,7935418.7324802745,4763,200,0.5282551124691963,9.440830389037728,160
ccfb08ad-4c47-487b-ba91-082862fc13f0,22c8b384-fed3-4c7f-8565-f8172214ee15,7935408.763400969,7935410.530148378,7935418.79007327,5845,200,1.7667474085465074,8.25992489233613,176
8f586269-d61c-4323-ae00-343583826c50,31d93950-a967-42cb-aec0-6513d12008a1,7935408.763404694,7935410.529151651,7935418.790151135,3209,200,1.765746956691146,8.260999483987689,224
50aed899-1169-4506-8253-da59d7831fcc,3004af51-02c2-4833-8fa2-2e6dfbbcc02d,7935408.76337771,7935411.829049813,7935418.836474128,5803,200,3.0656721023842692,7.0074243154376745,224
6ff18f59-7bdd-4c40-aa17-b978ff1a61e6,3c65feda-6cb4-427f-8794-100421de1d7c,7935408.763397824,7935411.826855265,7935418.836044027,4972,200,3.063457440584898,7.009188761934638,160
21095dbf-11a3-4173-ba48-81e2d4166d52,4e2cc355-6767-4d58-af18-665591a2617c,7935407.762627807,7935408.463749993,7935418.929224187,2864,200,0.701122185215354,10.465474193915725,192
91a9dc3f-098d-4d73-8e02-9d1e57872f04,b1a5a57a-6ed3-4161-976b-550b8607a896,7935407.76264866,7935408.460351682,7935418.926654011,5506,200,0.6977030225098133,10.46630232874304,176
aef05f5f-8fc7-4667-ac1a-6a617b62f094,7c8adab7-544c-4106-916a-d86d02536d30,7935407.762642776,7935409.713460315,7935418.980501373,5844,200,1.950817539356649,9.267041058279574,176
9df826ee-17fb-475b-9802-807c13786f20,b445a6a6-6bdc-421a-87f2-2617512f76b6,7935407.762655592,7935409.710030727,7935418.979506435,840,200,1.9473751354962587,9.269475707784295,192
0e6ef1a2-fb42-422c-883a-32180f1d0db8,7ed7ebb9-c4ac-496b-a503-cbbd0dad0d9e,7935409.763186599,7935410.823164616,7935419.978859103,2171,200,1.0599780166521668,9.155694487504661,160
658b0976-76cd-479a-8e9e-e6007e1251fb,e75457ed-6df5-4031-9265-1be7e8cbd160,7935409.763199828,7935410.821375768,7935419.977952062,5143,200,1.058175940066576,9.156576294451952,176
7a78c293-0f22-4f89-a863-5769d80ab154,2c2590bf-7735-4068-8406-2d47707168ea,7935411.762962767,7935413.872399997,7935420.085313543,4267,200,2.1094372300431132,6.212913545779884,160
25c7a77a-b0a4-4871-98af-fece444146d8,5c6dac57-aba8-4008-9b1b-2dc74818894a,7935410.765555783,7935411.195563725,7935420.0919777155,4872,200,0.4300079420208931,8.896413990296423,224
c4642ae9-83cf-4a41-bb36-5a3b76ec175a,715e64e0-0181-41a0-b6a9-c164d566d676,7935410.765541689,7935411.831134119,7935420.11126269,5819,200,1.0655924305319786,8.280128571204841,176
53682771-2e31-4560-9292-e7f607064bfe,d4a8ccbe-7316-4e32-881c-ec76afaa5012,7935411.76297011,7935414.28153771,7935420.192563308,6006,200,2.5185675993561745,5.91102559864521,160
de7f395c-ed91-4098-a7b0-90ded20edca6,a4910820-870d-4238-922d-93ffdf3d500c,7935415.762681771,7935415.937985452,7935420.622399718,1083,200,0.17530368082225323,4.684414265677333,160
22deadef-ee21-4bcc-b256-8184ca1e10d8,09007909-7dab-491c-8fb3-4217da4439a6,7935411.76297394,7935412.084622831,7935421.1199035235,1881,200,0.32164889108389616,9.035280692391098,224
3d3f2236-e408-47f8-8712-b194fdf72a22,2375aed9-bf2b-4d31-b02f-4651375f6697,7935411.762949887,7935411.908478138,7935421.759834579,1016,200,0.1455282513052225,9.851356441155076,864
3c6b473b-c005-4828-8731-6eec91a6e2ed,20137c1a-ca8a-4457-a308-ac224059e1dd,7935411.762936466,7935412.242536781,7935422.0107692275,5395,200,0.47960031498223543,9.768232446163893,176
8f30022b-9376-43d8-9171-c3e0293eca5f,7262c41e-02eb-45c0-b19c-64f63c95cfa5,7935411.762953854,7935412.858777489,7935422.0355405575,5131,200,1.095823634415865,9.176763068884611,176
00034275-dd63-4eb9-9f8b-e29ad39cb0f5,32379e4f-c52b-4533-87e4-7ccbc01e4871,7935411.762966564,7935413.466232719,7935422.058743572,3446,200,1.703266154974699,8.592510852962732,176
dcc602b8-17c7-4522-9db7-4c4b46d0a58e,f17a4867-8187-4bc8-b761-c5e2f43461f5,7935411.762957967,7935413.4677224355,7935422.060689977,5859,200,1.7047644685953856,8.592967541888356,160
b4d0e80f-fb9b-42e9-9829-151cf3190a0f,06d076b9-40b8-4297-8b75-54eca6130a42,7935413.762748265,7935414.025517349,7935422.30140621,2570,200,0.26276908442378044,8.275888861157,160
61c13038-fe55-4d43-a013-9bc6057a8ed0,57653307-c6ff-4c87-8138-1533b53900a3,7935413.762760706,7935414.623851561,7935422.321514378,5955,200,0.8610908547416329,7.697662817314267,160
abdb4a70-7ae3-42d4-8559-920ade0749ae,c97a374c-d25c-47eb-bcd4-8d00e4cf68d8,7935412.763505787,7935412.97174182,7935422.633021039,2098,200,0.20823603309690952,9.661279219202697,160
7a075d2b-6d1a-43a4-ad6f-81cb62e8d5ec,0759bb94-aa77-4047-8f94-34cc9c62436b,7935412.763528056,7935413.581374083,7935422.658411701,5975,200,0.8178460262715816,9.077037618495524,192
33802426-4363-48ef-8f9a-2c98508676f8,fc991f32-f1b6-4afe-ba3b-a472773d0110,7935412.763523539,7935412.9028166225,7935422.660893054,2020,200,0.13929308392107487,9.75807643122971,1760
fa889185-333d-42e4-bd8c-52e56592ca65,072cf49e-ac0d-4d29-b3db-cf9253ebe3e7,7935412.763531924,7935413.139181199,7935423.978375949,4465,200,0.3756492743268609,10.839194750413299,176
9ff31698-1e06-483b-be64-597124749e43,7a77a142-6294-4d46-b6bf-f820bc0585c9,7935413.762754872,7935414.424109026,7935424.5246004015,4682,200,0.6613541534170508,10.100491375662386,160
f9342479-c4c2-43b6-ae6c-2c363fa44603,0883483d-ba52-4103-b119-afeaa09302ef,7935413.762763397,7935415.068997341,7935424.563642523,5919,200,1.3062339443713427,9.494645182043314,192
a953310c-dbd9-442c-b5f2-0d8ec22cae89,a9ee696e-7782-458b-b0e3-a5f993f4a8eb,7935413.762758344,7935415.071202871,7935424.5664894525,5835,200,1.308444526977837,9.495286581106484,176
f33d021a-3467-4c9d-8835-09d7d5d1d320,ce4d3f5a-faf3-4b06-b766-a614f1096c6f,7935414.762873278,7935416.909566584,7935424.617223491,5938,200,2.146693306043744,7.707656906917691,192
8f33b135-1c48-43bf-801c-5bf1459b990d,4131e3cc-5480-4d8c-9fef-c2f6acff68e7,7935414.762862416,7935416.910369079,7935424.618237084,4542,200,2.147506662644446,7.7078680051490664,176
3186cab8-2659-4c4e-b25a-e5366f7a1b15,9f8fc93a-62fd-4685-beff-f86268053404,7935414.7628779,7935418.787877566,7935424.658134321,5776,200,4.024999666027725,5.870256754569709,160
959c19c3-e9d5-49fe-b75f-f2e609674589,e3dd554f-367d-4384-ab25-a1c69ce5e46b,7935415.762670897,7935419.39887761,7935424.675105233,938,200,3.6362067135050893,5.276227622292936,176
191f64be-722e-4634-92f8-2674b8c1a085,ba46ec63-d117-43af-a082-fdb05a1381df,7935415.762678145,7935416.016867663,7935425.669442177,2404,200,0.25418951734900475,9.65257451403886,160
3aaf4191-8a4a-4208-b477-de3226085851,b9059ca1-41f6-4bb2-a78c-89f60ec16a23,7935415.7626855,7935416.041708379,7935425.748783628,2513,200,0.27902287896722555,9.707075249403715,160
8cdd5eda-f465-466b-adfa-b7593075664a,899c2615-9ae4-4ce5-91c4-b802b05ed50e,7935416.762606646,7935416.850192369,7935425.850613838,2137,200,0.08758572302758694,9.00042146909982,2048
86b6f86f-7428-47cb-9f5e-f5723174e248,e10a6047-966d-41f5-9abd-eada18afadd3,7935417.762683746,7935418.514652844,7935425.945861573,2028,200,0.7519690971821547,7.4312087297439575,176
b9757e63-a9ad-4251-854f-0e9d868bac16,08617b02-e213-4095-a1cd-ed95f33fb542,7935419.762625543,7935419.8549101725,7935426.592295223,1491,200,0.09228462912142277,6.737385050393641,1344
57bc212a-4b1b-49c7-bc91-de65ba845d2c,f8e43d47-46b2-48cc-9573-4488e6fb8e5c,7935415.762674272,7935416.486594359,7935426.832512116,4617,200,0.7239200873300433,10.345917756669223,448
26b597ec-cc7b-4607-9b14-ddbbbc81aaac,6e7cc52a-11de-432c-9428-ed0bba4d276d,7935415.762667033,7935416.487623305,7935426.833782335,3961,200,0.7249562721699476,10.346159029752016,160
da03ff9b-7f7d-49cf-8d5a-9f58a61f22a5,5974b26c-9c91-4e54-8f64-6f0a30771880,7935416.762603024,7935417.262902542,7935427.15588692,5662,200,0.5002995179966092,9.892984378151596,192
c5504f7d-8c10-46b1-880e-942ef3a98775,c6e18b90-e57b-498d-a257-de89d96b372c,7935416.762592108,7935417.876129012,7935427.1831049295,2393,200,1.1135369036346674,9.306975917890668,192
6b34ccf4-7aa1-465f-a767-2ae3a712bd35,844a87c7-258d-4606-b701-dd25f9c331ff,7935415.762656998,7935416.302324,7935427.2410120005,5824,200,0.5396670019254088,10.938688000664115,160
68d68ecf-482f-401c-b9f6-19aceb247b3c,17f52023-20f0-4ba4-8129-16c153a0bb0e,7935416.762610173,7935420.299742191,7935427.251521681,4389,200,3.5371320182457566,6.951779490336776,160
ded35079-2dea-4702-9b14-0e34ace3c4d9,a4f0c701-3c40-428e-a46d-38a2479e43d2,7935417.762669648,7935420.3025483675,7935427.254736915,5936,200,2.539878719486296,6.9521885477006435,176
6debbb5c-0048-4adc-8b60-7c32e8fa586e,1cda0d46-618b-4b7a-b957-319fe6d96516,7935415.762688673,7935416.760837705,7935427.26229078,6315,200,0.9981490317732096,10.501453075557947,192
172aa3b7-a26d-4301-b8e7-6752ae7794ae,51d7aec4-2dba-42c1-8f75-3193d8c9b3b1,7935419.762636238,7935421.195925168,7935427.291549492,389,200,1.4332889299839735,6.095624323934317,384
1d13628d-b0c9-43a3-a438-a311ef6b01e6,6cb10242-0337-4e8a-86db-9b44b95dfbe1,7935418.762597071,7935419.275472445,7935429.638123104,5994,200,0.5128753744065762,10.362650658935308,192
71bd74e7-e16f-41ca-9589-dd3ecfbd0d4e,173d8474-31a7-49c9-a766-796c9ce56475,7935418.762607041,7935419.897132836,7935429.662974132,1749,200,1.134525795467198,9.765841295942664,0
981bc99f-1ebe-4e24-8b4c-f24a2adeb384,43515880-6b47-44ce-ad5a-c143292b1649,7935418.762610306,7935419.896855417,7935429.662896124,5970,200,1.1342451106756926,9.76604070700705,160
96a556eb-f4e5-46fd-bb63-41e94b13342e,d7d8b6a7-fa09-48cf-8e94-8659d578b8ed,7935418.76261305,7935420.499115656,7935429.686593817,4326,200,1.736502606421709,9.187478160485625,16
e99e8af6-9f74-4e69-925e-02f17f319dce,c1aa437d-4a45-48f5-a4ba-fefa5588951c,7935419.762612216,7935420.560256215,7935430.391579299,4586,200,0.7976439986377954,9.831323084421456,176
28863e15-5738-4855-a706-b7c2872a6bbd,91817d88-3093-4655-a55c-1e6106fc4d42,7935419.76262937,7935421.210559112,7935430.414577095,5867,200,1.4479297418147326,9.204017982818186,176
85682886-34a3-41ba-a490-2d668645b6fe,16c13356-28d3-47de-b107-a5a7029a64ab,7935420.762937676,7935421.244045437,7935430.7566935625,5827,200,0.48110776115208864,9.512648125179112,160
f0d95b6a-d359-4f10-bfd7-3a1bfe27e5ac,d98c265f-698d-4cb1-87ed-52317461cdc6,7935421.762645782,7935423.086307358,7935430.839961455,4484,200,1.323661576025188,7.753654097206891,288
074a9780-966d-4173-a764-dc9f82c891ad,a3c929d0-baa7-4945-b63f-33a6fc39fd65,7935421.762653712,7935423.688113444,7935430.850308114,3468,200,1.9254597313702106,7.162194670177996,192
b2fbc46f-c54d-493d-a069-987d7ec208ae,6ba87a37-5514-486c-a5f6-0a7c5f9057f4,7935421.762637866,7935423.691553513,7935430.8540190775,3074,200,1.9289156468585134,7.162465564906597,192
148c9f54-4e0d-4e08-9f17-d14ea1e0b196,376fc79f-2991-4706-a6b7-8d5e7ec64423,7935421.762668481,7935424.300785229,7935430.876325606,5634,200,2.5381167475134134,6.575540377758443,640
c63a2ea4-e620-4087-8303-ccd26f55625e,dc50ab8c-4aef-4581-800f-8d55cff5e8ac,7935419.762632896,7935419.938694926,7935431.126682534,1680,200,0.17606202978640795,11.187987607903779,192
e61e96a3-6d57-4eff-b6a1-ca702c10c16a,2d5dcc3c-a047-4b49-9a38-cd2e4eb26eb8,7935421.762664899,7935424.918080121,7935431.46827385,815,200,3.1554152220487595,6.550193728879094,176
6d02035d-c6a4-4b55-be96-1035d3bd6636,75ce5d63-f5dd-4ba1-b1f1-9c1cc84309a9,7935423.76249715,7935425.320789802,7935431.746611859,1363,200,1.5582926515489817,6.425822056829929,464
93cbe9c8-fe09-4118-b09c-13decd1216c5,d00c697d-7ae3-4f63-8c46-74cb115fcffb,7935422.76338038,7935423.30264348,7935432.73585724,5835,200,0.5392630994319916,9.433213760145009,160
eabde39e-6b70-407a-8fdd-1a5fd66cfb60,cd95fd03-ad37-440b-badb-35ffe201bc5d,7935422.763383379,7935423.93108788,7935432.759220489,5960,200,1.1677045011892915,8.828132608905435,176
40521ab0-004b-4b72-9d90-595fa24c7289,5081ad02-1e94-429c-b756-848bd4f73416,7935423.762481587,7935425.146663854,7935432.883999276,758,200,1.3841822668910027,7.737335422076285,224
1c651c84-3f0a-491c-9e42-5007f5a537f1,81f9eb5c-a80a-4900-a905-f6adea401077,7935422.763392962,7935424.543421682,7935432.877754841,841,200,1.7800287203863263,8.334333159029484,224
929b5ef2-804d-4cad-9c95-c9bede553680,10d802c2-a294-4971-99fd-28d0464b03a3,7935423.762493582,7935423.8903383035,7935433.6738797,1194,200,0.12784472107887268,9.783541396260262,176
eaeefd06-82b1-4932-9502-e7a324f01195,e1a9d263-ac30-4000-851a-1dbe52fb62c1,7935420.762950235,7935421.749093946,7935433.980933487,5945,200,0.9861437110230327,12.231839541345835,176
d34a5b9b-8e8d-4a4a-9dda-00f5cbabf846,4da8fb42-3983-40f2-bef1-a8d32802c74f,7935422.763362453,7935422.921315876,7935433.9933585515,1147,200,0.1579534225165844,11.072042675688863,176
63f4de30-64ca-4427-94ed-8a22e0fde026,743da0c7-ad95-4639-a69e-c87954fbf45a,7935420.762953992,7935422.355111163,7935434.0079823425,5775,200,1.5921571711078286,11.652871179394424,160
75add93f-42ce-466c-a9ff-85225d005cbf,52901222-0bb4-47e4-8bba-8825319cf100,7935422.763389382,7935423.507580966,7935434.018408868,3912,200,0.7441915841773152,10.510827902704477,192
52ea8681-1efa-4699-b4e4-feee1511ac97,b4ccd658-c53e-48f2-80b3-bdc3daefd3b0,7935422.76337358,7935423.511742924,7935434.022945768,3724,200,0.748369344510138,10.511202843859792,224
0d3b8448-73bc-429a-b5af-2017ae742c9b,db793246-9873-488a-8c36-68b6c758735d,7935422.763377283,7935424.754070919,7935434.070950659,2048,200,1.990693636238575,9.31687973998487,224
5efe8645-3430-4828-97de-3628bda03b31,e33a9d69-0943-4460-8168-0f009275bb34,7935422.763396273,7935424.750063676,7935434.067139793,1145,200,1.9866674030199647,9.317076116800308,176
32f33013-639d-42cf-948e-a02dc5c7085c,469d8baa-4a15-40fd-a740-aae6477a78b9,7935422.763386351,7935425.366564717,7935434.095975241,5441,200,2.603178366087377,8.729410523548722,176
8aa85aef-f73d-43fb-b830-45ca2415105d,eaa14318-4f95-461e-9213-5b24ea716730,7935421.762649311,7935424.873969845,7935434.108740301,5533,200,3.1113205337896943,9.234770456328988,160
839db1e2-7e9c-4e49-a507-fd048d4f2b52,1cc89369-2782-418c-93f1-6fd3c276dc1b,7935421.762657037,7935425.480510567,7935434.129332694,6656,200,3.7178535303100944,8.64882212691009,160
07bb1243-3592-44fb-a02d-a940a55d8eb3,b397fd3b-5c1a-4e01-ae2f-44399f92080b,7935421.762661043,7935426.108512367,7935434.160890886,3319,200,4.345851324498653,8.052378518506885,160
a661aa18-1adb-4f22-8e3c-415c9b1d8c64,f08a5a98-ba52-4eb6-9dfc-c3e02b3c3c96,7935425.763040511,7935426.373765602,7935435.390741421,5884,200,0.6107250908389688,9.016975819133222,176
44ae208d-3488-4984-868e-96c1afc764dc,d3ad6d04-4b48-448b-836a-9b64752fc74f,7935424.763433565,7935426.823115647,7935436.244593727,2138,200,2.059682081453502,9.421478080563247,160
80cd3dd5-9878-4154-b7a2-31db7efbfb47,9bc4feee-617f-4059-8c66-f3a6b1d07f17,7935424.763449593,7935427.432621569,7935436.263408543,1288,200,2.6691719759255648,8.830786973237991,176
71da9bc6-f118-4a41-9653-bba1e2496eb1,8f571481-bb6f-4a50-ba89-2ea91233c37d,7935424.763446255,7935427.4335393645,7935436.265863126,5777,200,2.670093109831214,8.83232376165688,224
be4a40a3-2b13-41d4-99aa-0772b5320c07,cae64ee8-4011-44ef-9331-c924f5e429be,7935424.763453279,7935427.95774098,7935436.187024855,2574,200,3.194287701509893,8.229283874854445,176
08298705-331a-4cd6-8087-7f9f2220bf47,2b0b6d27-8a7f-458e-8a26-26ecad67cecb,7935424.763442068,7935428.058716847,7935436.288563718,2619,200,3.2952747782692313,8.229846871457994,16
b1f3e733-35d5-4f8c-920d-d11d563a0ecd,9b048b14-06a6-4574-a80f-dbc23b48d9f7,7935424.763438109,7935428.678224918,7935436.311007466,5964,200,3.9147868091240525,7.632782547734678,160
fae0525c-5151-492d-83e5-f14bb38b0aaf,fc0ee260-72a8-4d48-ad4f-51c0fbdc2377,7935424.763419298,7935428.680193608,7935436.314073189,5372,200,3.9167743092402816,7.633879581466317,160
29539fc6-e156-44cf-9ad0-69a6c88503d2,c9eebcda-eea2-470a-a776-e217e9bdb657,7935424.763456435,7935429.200455126,7935436.230075281,5907,200,4.436998691409826,7.029620154760778,160
8dd0d6de-be90-4a72-bb45-bec8b3afc053,238e0114-a854-4abc-967f-54062126b3e7,7935425.763032277,7935429.919131127,7935436.353825856,2860,200,4.15609885007143,6.4346947288140655,176
3a57cef0-c94d-4007-89e3-c8527c9cf1b6,0d6cfb7c-9564-4e6b-96ab-aec695811479,7935425.763035281,7935429.917818262,7935436.353039026,5943,200,4.154782981611788,6.435220764018595,176
8690b165-9e2f-48f2-9b0b-56fe32460c35,bef48969-2881-4b72-aae0-5d83261314a3,7935425.763023953,7935430.54869814,7935436.375216816,5742,200,4.7856741873547435,5.8265186753124,192
f000cbcf-51ab-4210-a830-f343454928f3,1958dd0f-5de2-4626-bca0-02cbc78c8aeb,7935425.76303803,7935431.065235799,7935436.391923914,2770,200,5.302197769284248,5.32668811455369,192
1b50e140-e528-4d2b-9bc7-5deef12f7555,584dad95-d36b-497a-92bb-3cefd7fd8072,7935427.762559599,7935428.319917972,7935436.851918215,5887,200,0.5573583729565144,8.532000242732465,192
82eac94f-56ba-4ddf-8e37-67ba9dfac43a,f21c3799-f3ff-498f-be2e-8982bdfe2ecd,7935427.762550063,7935428.320560244,7935436.852811707,1204,200,0.5580101804807782,8.532251463271677,192
3a20b1c6-ee78-461b-aea2-c2184b54c6f2,3c65feda-6cb4-427f-8794-100421de1d7c,7935426.762525369,7935426.863293805,7935436.880090815,5133,200,0.10076843574643135,10.016797009855509,4960
4323da25-9d57-4faf-a3a9-acef56a7b021,51d7aec4-2dba-42c1-8f75-3193d8c9b3b1,7935428.76324321,7935431.850738046,7935436.980457293,389,200,3.087494836188853,5.129719247110188,384
f6805d0b-9e95-4d85-8940-a36e7b7e8422,e48e71a7-0fbf-4d48-9adb-86f9885a41fc,7935426.762532827,7935427.310120235,7935437.309245479,614,200,0.5475874077528715,9.999125244095922,288
7ccc3f1e-a9f8-4bc8-a4bb-b349f358d2ad,6f4051d6-8003-4af8-be6a-137219b04ba5,7935426.762515928,7935427.31375744,7935437.314467925,6170,200,0.5512415124103427,10.000710484571755,192
fd245338-c314-4060-b7ef-ed124d2ed30c,dfe44e20-e90e-41c0-877e-c3fbc36bc1f8,7935426.762535751,7935427.945452867,7935437.333690239,1250,200,1.1829171162098646,9.388237372040749,224
764ac51b-473a-4bb6-9f19-00fb8ca1a00f,04fdc20b-8327-42f7-a183-15c098d0ccce,7935426.762529025,7935429.530925701,7935437.398852819,5761,200,2.768396676518023,7.8679271172732115,160
0a95dde8-8b48-440d-9b6b-5cfef912df66,844a87c7-258d-4606-b701-dd25f9c331ff,7935428.763254528,7935429.007997098,7935437.718463195,5824,200,0.24474257044494152,8.710466096177697,5808
68be93fb-1535-4bee-8b61-cf827a5df748,bcb9a03c-7a7d-4221-8d1f-5f52836f8b7c,7935428.76325881,7935429.006593575,7935437.717245249,2711,200,0.24333476461470127,8.710651674307883,224
4753417a-c912-4f28-b423-30e77a0ff873,97e6ae57-69da-4647-a7d0-d90457e6abcc,7935429.76281037,7935429.932233675,7935438.392294605,1488,200,0.16942330542951822,8.460060929879546,192
51f7462f-c9ce-42ee-bc42-9c4cb6b6ee3a,e75457ed-6df5-4031-9265-1be7e8cbd160,7935429.762819662,7935430.524217933,7935438.414115388,5177,200,0.7613982716575265,7.889897454530001,176
6efca5c7-8790-4a15-9d3a-83a35b031b7e,b59ce72b-bea5-439f-af40-3074ece4d7f6,7935429.762822736,7935430.5236983495,7935438.413966178,2327,200,0.7608756134286523,7.890267828479409,16
035ddf51-f35c-4cf2-812e-fdc4e4942475,aaeef1c3-4f10-4ff5-a2cd-f5a30a353fa0,7935429.762825379,7935431.780048266,7935438.45655073,5911,200,2.017222886905074,6.676502464339137,176
782b5ff0-c02c-419e-b900-2430cbf8a8c7,fa482bdd-c4dc-4bd0-ab79-4e8054d78a61,7935429.762827816,7935432.412160884,7935438.48179091,6291,200,2.649333067238331,6.069630025885999,192
ae835a6b-fd0b-4cd7-a2a2-c562ba811be0,f259acc7-014b-45ee-b116-6c5a67d0b3dc,7935430.763023892,7935431.271789286,7935439.602271401,5818,200,0.5087653938680887,8.33048211503774,192
65f24480-643a-4780-9b6c-1554e30216eb,2dd1593e-b38b-4dc5-b628-5b24a57f7800,7935430.763034972,7935431.904782726,7935439.623941957,5664,200,1.1417477540671825,7.719159230589867,176
7e621048-0531-4acd-8a0f-6c9304fcdc3b,00d31eb0-b908-4fd8-b7c3-40330a3b5089,7935430.763032002,7935433.1848834455,7935439.670149102,5496,200,2.4218514431267977,6.485265656374395,224
e56cde00-79ef-483b-b940-43c322b4784e,3d244e10-3c51-4e44-bce4-3022987dcfec,7935430.763040492,7935434.456349064,7935439.705609104,5998,200,3.6933085713535547,5.249260040000081,192
5c5cd9ca-2df7-4860-ab34-2ce7e5ebeba8,5f1dfde8-0414-448f-b867-af9a8603ce0b,7935430.763037643,7935434.457202972,7935439.708312291,4624,200,3.694165328517556,5.251109318807721,176
d6799131-22d5-421b-a34a-f9b3d91aac46,d8a397bc-57f7-446c-afd5-6ed41a735419,7935433.763155577,7935433.939930536,7935440.120907839,1889,200,0.17677495907992125,6.180977303534746,192
b7bd4ec9-c2fb-4e45-9dc0-95c602f32a51,739e8356-c265-49a3-95cc-6cf7925072f8,7935431.762653919,7935432.404099566,7935440.5324155865,4430,200,0.6414456469938159,8.128316020593047,176
d9eab1f9-b48d-40a2-ab83-cbbb1b62ca66,4caafacd-2ab0-4466-94b7-7cb54f0a4414,7935431.762657305,7935433.559546267,7935440.5527944835,929,200,1.796888961456716,6.993248216807842,176
f3a631c1-19c6-43df-9142-91a0f3372988,70040244-0ba8-4018-b9e4-d79962cfab6a,7935431.762646225,7935433.561706008,7935440.556445082,5847,200,1.7990597831085324,6.994739073328674,224
07a34be5-467c-42b9-86ec-8d9a56e2f5d9,2a455136-68a7-4f2e-ae04-e584f979ee34,7935432.762813682,7935435.8325315025,7935440.6324761715,4746,200,3.0697178207337856,4.799944669008255,176
52991ac8-7c2c-423e-835c-8efe2d1ddba9,072cf49e-ac0d-4d29-b3db-cf9253ebe3e7,7935432.762816937,7935433.143736029,7935440.743158508,4465,200,0.3809190923348069,7.599422479048371,176
d4f8d4fa-99e0-45db-a1f4-d1020a5f3350,9f8fc93a-62fd-4685-beff-f86268053404,7935433.763140923,7935433.885649572,7935441.490966719,5764,200,0.12250864878296852,7.605317146517336,5760
a84d14d7-30dd-4f23-bb38-a34070a483bb,6cbbb375-c940-47eb-bdbe-1c9292cd44d7,7935435.76270864,7935436.100542843,7935441.619924187,3151,200,0.33783420361578465,5.519381343387067,288
ef923432-e9a1-41e4-93ae-25c38677ec8d,05e2aea2-3e77-4091-acf4-2b43e9372008,7935432.762806035,7935433.131007631,7935441.707760284,4224,200,0.36820159666240215,8.576752652414143,224
0849e26d-9519-44f6-accb-d4f03c9baa5f,f48f3c83-7b8a-45e5-a0fa-74a6e92599d8,7935433.763159634,7935435.13584522,7935441.782285919,5894,200,1.3726855861023068,6.646440699696541,160
71fdf4db-9834-493e-af4b-27306e0a026e,3a3d8f95-20e5-48e9-a332-7a0c444f6704,7935434.763114321,7935435.2294926755,7935443.0638982635,6050,200,0.4663783544674516,7.834405587986112,192
e6e981ae-f925-4dce-a797-986d1b4ce6f9,850a9e15-1175-420d-83de-67148187b5e5,7935434.763130068,7935435.859675836,7935443.084478698,867,200,1.0965457679703832,7.224802861921489,176
2a0432df-00d7-4f5f-8967-6ee130e508c2,de97fead-7ef2-4b4d-af77-6f2fa230612d,7935434.763126716,7935435.860404001,7935443.0854077935,5932,200,1.0972772845998406,7.225003792904317,176
c8a56e9c-3fed-4757-9839-b3f67de22828,15e18881-cbb9-4802-a422-20808dd1ab23,7935435.762712122,7935438.286535078,7935443.16046361,1868,200,2.523822955787182,4.873928532004356,176
219ad04d-06e8-4f68-86f0-7efe5a7aeeea,cf53ec7b-8773-48c4-bfea-fbe3da37a269,7935435.762702371,7935438.290698406,7935443.164951932,6021,200,2.5279960352927446,4.874253525398672,160
0d7904bd-14f5-4ee1-85b5-87f2da9d5966,9940ade6-df8e-4926-b7e8-edcbc08851ea,7935435.762682788,7935438.293750727,7935443.168202059,779,200,2.531067938543856,4.8744513327255845,192
ede39861-99eb-41d9-ae8c-604e48cf6fff,9cc9f7c7-21b6-4049-9427-8e83dd93cba6,7935435.762696683,7935438.725180065,7935443.182537838,5798,200,2.9624833818525076,4.457357772625983,176
891f53e8-f40c-4d82-a09a-46130ff73019,45e7f1a3-6b50-4b00-bff3-e4a8f31e6793,7935435.762692606,7935436.923458123,7935443.8473103605,3681,200,1.1607655165717006,6.923852237872779,192
fd193f46-db3f-4c26-9497-5a1d3e5dfa7b,b914fbd6-a087-4d90-a0ed-605abdc8a06a,7935435.762699901,7935437.52207686,7935443.865772675,5846,200,1.7593769589439034,6.343695814721286,176
90146bce-6b34-432b-b465-714fc408c50d,eecbcd88-7743-4e34-95b6-1c67dec9ac89,7935435.762705537,7935437.668828426,7935443.883454142,5605,200,1.9061228893697262,6.214625716209412,224
b53611e4-93db-4971-86cd-93ba2b83e225,601ebb0f-02ad-42e7-a626-7ebef638a847,7935436.762741176,7935437.248887398,7935444.554147253,5906,200,0.48614622186869383,7.305259854532778,192
b6d6c30d-6cea-4c92-b51a-657fa06c7403,111c6cc9-e819-42ff-9832-16defc59e0da,7935436.76274831,7935437.892233277,7935444.574173351,6167,200,1.1294849663972855,6.681940074078739,192
19ce0b4d-10cb-4e67-a6af-cc135b188845,6e066633-fcb0-417d-94ee-a9864bbdaa41,7935436.762745319,7935439.12169672,7935444.615743782,6441,200,2.358951400965452,5.494047062471509,192
12514dfb-cf2e-49c7-b584-302eabad3fe1,2c2590bf-7735-4068-8406-2d47707168ea,7935436.762707636,7935439.716378176,7935444.638725485,4473,200,2.95367053989321,4.922347309067845,160
4232134a-dbdc-4b8f-8bc3-586b3ff174ae,173d8474-31a7-49c9-a766-796c9ce56475,7935439.762942051,7935439.834534917,7935447.063941984,1737,200,0.07159286644309759,7.229407067410648,1728
2b5fd298-1a94-4dec-a666-26edb0620e36,538295df-2f0a-4085-8670-42fd0748d463,7935439.762927598,7935439.843468339,7935448.892732072,424,200,0.08054074086248875,9.049263732507825,176
329dcc68-2d26-45ab-aec9-e498ea96df99,d9b5ce8f-1f03-4b93-af09-4e750c6473c8,7935439.762938364,7935440.156107571,7935449.333441776,4103,200,0.39316920656710863,9.177334205247462,224
1249eb10-c94e-43a4-a7be-a0c50ca4ebe0,8205a582-0870-4530-86d0-ed900328ac62,7935439.762944871,7935440.797044923,7935449.357528614,5847,200,1.0341000519692898,8.56048369128257,160
ebd91b6b-e998-4d52-948a-b03130b2623d,d3ad6d04-4b48-448b-836a-9b64752fc74f,7935440.762587175,7935440.855873385,7935449.732361989,2138,200,0.09328621067106724,8.876488603651524,2128
a58cca9f-00c0-4356-96c7-293cb6fc3fba,ec13b1d0-76b0-4b76-b16c-1f1ba5a32e9c,7935440.762583011,7935441.18298028,7935449.769854819,4575,200,0.42039726953953505,8.586874539032578,160
2b6f5ff2-8f41-44d3-904d-879772be93fe,4181337f-4f55-4fd6-8fbd-e067aaaaebe3,7935440.762572303,7935441.83844158,7935449.800887373,5744,200,1.075869276188314,7.962445793673396,176
97698af5-f5a1-4bf3-9762-29a741e6f88b,3d4bb9ce-f904-4d3e-9ad9-28a3dced33aa,7935440.76259056,7935443.017686361,7935449.842070694,4925,200,2.2550958013162017,6.824384332634509,160
d6d8f082-3bf0-4001-a0e5-7d241ee877e7,b325fd77-fdfe-41e9-a0ff-794363903698,7935441.762548331,7935443.620942061,7935449.856114689,1830,200,1.8583937296643853,6.235172628425062,160
6e65ca3b-9e9b-4086-b093-ac81610c5bd5,27d34d22-9260-40a3-99e2-e20e86c4cfe7,7935440.762593856,7935443.620287182,7935449.85561637,3319,200,2.857693325728178,6.235329188406467,160
8223e27b-fc2c-4e1c-981b-9c6b48a5a80f,47b3760c-0084-40cf-8343-7f22faad50d5,7935441.762530502,7935441.841666788,7935450.120682119,367,200,0.07913628593087196,8.27901533152908,192
8b1e05c1-ab20-4940-b146-a8ed920d6e23,57965c9f-d1a7-428f-b691-aa12d95ea40d,7935441.762545573,7935442.259128329,7935450.144439072,6037,200,0.4965827567502856,7.885310743004084,192
7844ebd6-3afa-44d5-8b63-7e5cc8cfdbe8,e793cd05-3809-4e36-8e78-d44bc000c93e,7935441.76254138,7935442.249211243,7935450.717435312,5802,200,0.48666986357420683,8.468224069103599,160
04f59946-a226-44d3-9b7b-4f2e92dde0c1,0883483d-ba52-4103-b119-afeaa09302ef,7935441.762552283,7935442.881117496,7935450.739368335,5755,200,1.1185652129352093,7.85825083963573,192
9705ceda-d12e-4cef-937a-66880055aa70,0a8f817b-a718-410e-a942-023e11cee743,7935442.76290499,7935444.7510153735,7935450.830430584,5623,200,1.988110383041203,6.079415210522711,192
816a2914-9aee-4ec7-931a-728a312472d9,fc991f32-f1b6-4afe-ba3b-a472773d0110,7935442.762898244,7935442.960268096,7935450.985910224,2161,200,0.19736985210329294,8.025642127729952,192
da39aa23-a466-4ad3-a6f4-550ccc706c3b,e6dca7b5-0f24-49b0-b2a3-fe8bda0289ff,7935442.762882824,7935443.57331503,7935451.032795774,3417,200,0.8104322059080005,7.459480743855238,224
e42d7a02-9c47-4b55-900b-a6bf6fa21318,bfc78a92-84e5-4fdf-8b1d-913c94a11821,7935442.762894337,7935443.102141394,7935454.652363357,3998,200,0.3392470572143793,11.550221962854266,192
93b59697-6eaa-42a9-b1a6-0f139a5f0f9b,0fc32f2f-3791-4f05-a896-da6268fe53f9,7935442.762901581,7935443.645685535,7935454.678589721,4606,200,0.8827839540317655,11.032904186286032,192
9488b8d7-49cd-4527-801a-d908f4f5b7ed,fd66c258-5859-4553-99da-0f386f57432c,7935445.76347022,7935446.1551219355,7935454.985511134,4292,200,0.3916517151519656,8.830389198847115,160
43a1edea-9ef9-4235-b8d7-170ffed1404c,d98c265f-698d-4cb1-87ed-52317461cdc6,7935445.763485626,7935446.775261089,7935455.006787783,4462,200,1.0117754628881812,8.231526693329215,288
921954f1-fae5-4ad1-a68a-edd5eb4e664e,119381d5-69e5-4c08-b438-534c58547839,7935444.762813067,7935444.8980128635,7935455.413375881,1230,200,0.13519979640841484,10.515363017097116,192
a312acb1-b088-4dde-9cf4-c39e1b1e397d,09dd643a-82c5-4330-85e9-67ad0d950227,7935445.763474469,7935446.026627091,7935455.421564672,2769,200,0.2631526216864586,9.394937581382692,192
7cc8e494-e6d6-4fe3-93bc-c06d98436496,3047d0dd-5a9d-4d90-be11-b1eb806c0a55,7935444.762800787,7935445.496010899,7935455.44363403,5920,200,0.7332101119682193,9.947623131796718,160
8b4d6be5-d3fd-4083-932c-6f27abc7302e,844a87c7-258d-4606-b701-dd25f9c331ff,7935445.763481446,7935446.622433343,7935455.447597951,5824,200,0.8589518973603845,8.825164607726038,5808
81542a7a-caff-4d29-add5-93ff871f98b4,ba04113c-f39c-42e2-9942-9e943a5f3a91,7935443.763034486,7935443.879408458,7935455.486621603,999,200,0.11637397203594446,11.607213145121932,192
0952e48d-f8eb-493d-8784-44098e40c720,ae04581e-61a3-4e13-a5d3-988c330d8c3d,7935444.762809782,7935446.7783301165,7935455.493626891,2001,200,2.0155203342437744,8.715296774171293,224
567e82dd-de62-4736-911d-b024a1c84b92,e724a820-5b7a-4218-83e7-e044ebcbf913,7935443.763040948,7935444.475992323,7935455.515040563,5768,200,0.7129513751715422,11.03904824052006,176
d097e99e-9d80-46ce-a4c8-166efb2267e8,715e64e0-0181-41a0-b6a9-c164d566d676,7935444.762815415,7935447.379678448,7935455.519837153,5781,200,2.6168630328029394,8.140158705413342,176
39943a0b-805c-424a-8cd1-90b6d42406ba,31d93950-a967-42cb-aec0-6513d12008a1,7935445.763477773,7935447.988437786,7935455.5408861,3350,200,2.2249600123614073,7.552448314614594,224
392b3e03-fa82-416f-b78b-1e1ee8cfe9f2,7c8adab7-544c-4106-916a-d86d02536d30,7935443.763047091,7935445.739320432,7935455.568702306,5823,200,1.9762733411043882,9.829381873831153,176
6f5ed7fc-fa1a-47b3-a866-86be97abc4f1,06e322b2-e2e0-4c72-a22b-f12dc16e4101,7935447.763332399,7935448.678880062,7935455.579849936,5929,200,0.915547663345933,6.900969874113798,176
e38de5ef-5c19-49ff-9dfa-8e68ebef3ee0,169bfd1c-b54b-4a03-b40f-5a304abd2cb8,7935443.763037794,7935447.508862199,7935455.644002265,4486,200,3.745824404992163,8.135140066035092,224
1d78fee6-5fcd-4240-8950-5f90afc612be,5c6dac57-aba8-4008-9b1b-2dc74818894a,7935443.763024362,7935447.510858363,7935455.64678015,4872,200,3.747834000736475,8.13592178747058,224
6141e257-1304-420c-a6d3-fca62ae6975f,6c222109-f6f2-46ba-8c2a-fa24376d9683,7935443.763044116,7935447.508457982,7935455.644549767,752,200,3.745413865894079,8.136091784574091,224
83fcd18e-e1c7-4b5d-8d74-cc0d3bbc1bce,f21c3799-f3ff-498f-be2e-8982bdfe2ecd,7935446.762834941,7935446.961270642,7935455.68023475,1204,200,0.19843570049852133,8.718964108265936,192
9f4c8186-8e53-4676-ac73-fa7f7c59d411,657ec69d-2850-466b-9d84-480d9f1b5621,7935448.763287372,7935449.231424596,7935455.770873115,2798,200,0.4681372242048383,6.5394485192373395,160
c80b69f7-22e7-4090-a7a2-7852851638e2,dfe44e20-e90e-41c0-877e-c3fbc36bc1f8,7935446.762807281,7935446.939148569,7935456.120757211,1514,200,0.17634128779172897,9.181608642451465,1248
baeb33d8-c807-41a9-a8fc-0f43e32ee956,51d7aec4-2dba-42c1-8f75-3193d8c9b3b1,7935445.763456812,7935445.8887885595,7935456.355296833,389,200,0.12533174734562635,10.46650827396661,384
4e4932af-0137-482c-85e9-1562cefb03a0,c5e22b01-38e1-4860-9ec4-994c6de81085,7935447.763299817,7935448.067267445,7935456.593712662,658,200,0.30396762769669294,8.526445217430592,160
d10287ef-562d-4cba-a628-347440994d38,c97a374c-d25c-47eb-bcd4-8d00e4cf68d8,7935447.763324421,7935448.064040451,7935456.592158103,2368,200,0.30071603041142225,8.52811765205115,160
6148292f-68e5-4a8c-a859-fd2376b1dc97,0f5c7ba8-c71a-4b78-90ce-c0b89f309981,7935447.763312451,7935448.628233699,7935457.144271175,401,200,0.8649212485179305,8.51603747624904,288
4d4f274f-23d1-4a10-90d3-5be8af73e467,ae3515b7-b2c3-4055-9fee-cc35030fc4b2,7935448.763291413,7935449.120593133,7935457.3881279705,1812,200,0.357301720418036,8.267534837126732,176
d51e2149-e42c-4f0f-ba4f-03557650530e,43515880-6b47-44ce-ad5a-c143292b1649,7935446.762815297,7935448.765057084,7935457.910509671,5908,200,2.0022417875006795,9.14545258693397,160
3c52e93c-a738-427d-b79f-efa00a45656e,bc5c74d8-eb34-4a1c-8ed5-ee4fc1418410,7935446.762830783,7935451.213389286,7935457.983277879,6057,200,4.4505585031583905,6.7698885928839445,224
8c1bcad2-20f2-41bc-90d9-40972b46ceb8,2d56a9c3-5f90-4bf8-8d15-611eb4ee9fbf,7935446.762793737,7935449.985361694,7935457.995382112,6509,200,3.222567956894636,8.010020418092608,160
fc7aed76-c924-4ecf-b41d-1095e2659864,f8e43d47-46b2-48cc-9573-4488e6fb8e5c,7935446.762826377,7935450.596314308,7935457.985270143,4809,200,3.833487931638956,7.388955834321678,160
716485dd-2401-4ad4-a668-cd5b02c437e8,4131e3cc-5480-4d8c-9fef-c2f6acff68e7,7935446.762819152,7935451.837165952,7935458.037992221,4746,200,5.074346799403429,6.200826269574463,176
80dd54f0-a0f9-441c-aae0-3dfbe9f998c2,7843ac22-2747-424d-a1ac-f880330f244a,7935448.763270453,7935449.189485133,7935458.75526836,4786,200,0.42621468007564545,9.56578322686255,192
f0541897-c96d-4912-a4b9-f92afc962a55,5081ad02-1e94-429c-b756-848bd4f73416,7935447.763316494,7935447.916408881,7935458.911256264,876,200,0.15309238620102406,10.994847383350134,224
5e23db25-fd87-4fc4-a57f-2dd184918e5b,91e22163-b1ce-41e5-803d-070d44488e41,7935446.762822535,7935447.297393897,7935459.569977244,5866,200,0.5345713617280126,12.27258334774524,192
10cef074-7670-456e-b682-baab3343a2ff,f9b63fbd-926e-4b5a-a306-1e20c2f21778,7935446.762811426,7935447.69292732,7935459.601768172,4763,200,0.9301158934831619,11.90884085278958,160
d0149d9b-2aac-4096-bb34-2149ec76ffb1,93f972a6-65ef-4743-aae5-aab226f65263,7935447.763320179,7935448.270314016,7935459.604292815,5905,200,0.5069938376545906,11.333978798240423,224
ee3f0590-150d-4efc-9e00-bf9445f59cb7,2f05deee-6ad5-4e5e-aa8d-17b94344b163,7935447.763328129,7935448.296338736,7935459.8435567925,5696,200,0.5330106066539884,11.54721805639565,224
b6510c5f-16d5-4318-8145-67b84e7767bd,6765a657-895e-4f86-948f-60d5c92ec33b,7935448.763283578,7935449.305967562,7935461.213143237,5992,200,0.5426839841529727,11.907175675034523,176
205add1e-3e1e-4afc-ab17-4c0ec61b72a2,e6330420-13fa-40f0-aaaa-ee9b7b873195,7935450.76286335,7935451.2192192655,7935461.820391422,5506,200,0.4563559154048562,10.601172156631947,192
31a6dc83-c361-4c6e-ac4c-370d3ef018c7,0c737e2d-f398-481a-b5d7-001a67e75a1c,7935450.762866722,7935451.8443467105,7935462.254173035,2527,200,1.0814799880608916,10.40982632432133,176
47f9e903-e800-4548-823a-ffa0a6fec3b9,6b12e983-df72-4200-80d7-0a4adbe5d91e,7935450.762869658,7935453.088995616,7935462.43398411,5955,200,2.3261259580031037,9.344988494180143,224
cbdd87d7-70fc-4566-acd4-54c71a065351,c9893413-7418-4865-94fb-0696dc49f758,7935450.762872095,7935453.697448436,7935462.459452255,2915,200,2.9345763409510255,8.762003818526864,176
9b6c9dab-a9ef-4ace-9edb-033f728be11f,cef881df-c2a5-4400-b32f-b3f0ea1210d5,7935451.762729725,7935454.322039534,7935462.478872823,5764,200,2.5593098094686866,8.156833288259804,224
c5d2a829-3d8f-4156-b976-9791ec894788,5562c1a1-e6b0-40ec-96dd-5ea84936cbf8,7935450.762854876,7935454.325541583,7935462.483743521,5999,200,3.562686706893146,8.15820193849504,176
ce3dd629-d3dc-46af-95a0-4da90d743c92,2b0b6d27-8a7f-458e-8a26-26ecad67cecb,7935452.762940461,7935455.560153983,7935462.521634133,2626,200,2.797213521786034,6.961480149999261,288
9f0cffb3-e5e1-407a-b57d-acfe33bb3887,8f571481-bb6f-4a50-ba89-2ea91233c37d,7935449.762801573,7935450.277280815,7935462.543230503,5775,200,0.5144792422652245,12.26594968792051,224
c26f42e4-b683-43d9-bfb3-7db6fd4a5707,855dd6b3-1f0e-4fa3-a820-cbf26b5c076f,7935453.762837081,7935456.18165414,7935462.5426391,5757,200,2.418817059136927,6.360984959639609,192
6ea9eacb-dfe0-4f19-83b0-51aebbc1d95d,27d34d22-9260-40a3-99e2-e20e86c4cfe7,7935455.762776203,7935456.37050197,7935462.562097459,3307,200,0.6077257664874196,6.191595489159226,3296
52a1ea47-880c-4bd1-855e-9796731ab7b3,a6d693f0-8426-4cd2-a4b0-43616e67e856,7935449.762791903,7935450.919774327,7935462.572035638,5948,200,1.1569824246689677,11.652261310257018,176
3bfee106-07f5-4d07-8678-23ad8d98a9a7,02107f20-0300-4036-b19a-172388159a40,7935449.762810987,7935451.527848834,7935462.597065734,4277,200,1.765037846751511,11.069216899573803,176
48571bb9-5ed4-49b4-b4ab-b0d450811932,c36617c0-5ee9-428f-8eb3-fabed3fcffc7,7935449.762807782,7935452.16406018,7935462.622842054,2367,200,2.4012523982673883,10.458781873807311,160
07a787bd-d49c-4012-8509-15fff7eca94a,6a0ac87a-e917-4b52-bf8d-10689801e4bb,7935449.762813994,7935452.162930763,7935462.622301374,2467,200,2.4001167695969343,10.459370610304177,192
c6267a4b-5835-4492-ace6-e0a18c6e0fdb,17f52023-20f0-4ba4-8129-16c153a0bb0e,7935449.762804772,7935452.790434096,7935462.646903995,4389,200,3.027629324235022,9.85646989941597,160
d4dbc6f9-182d-46a2-87b2-9ad3ee8cd695,02040ade-ed2d-491c-ad7f-c7feac81e298,7935452.762914962,7935453.046604178,7935462.867654312,1193,200,0.2836892157793045,9.82105013448745,160
bca47dbb-87e2-4bc4-8d95-7e1ee3602fcc,7ed7ebb9-c4ac-496b-a503-cbbd0dad0d9e,7935452.762929486,7935453.046359107,7935462.867940357,2394,200,0.28342962078750134,9.821581250056624,160
b71ffb05-a6ff-4d91-9945-3c62f00b5153,4da8fb42-3983-40f2-bef1-a8d32802c74f,7935451.76273212,7935452.281663278,7935462.9083475005,1387,200,0.518931157886982,10.626684222370386,176
dd741b97-128d-4e9d-84b7-be61fae33f62,558d1a32-11e7-4870-b268-20a3c0b14d67,7935451.762734898,7935452.28602841,7935462.989868762,5739,200,0.523293511942029,10.70384035166353,160
575285ea-93e4-4b9e-af68-fedef708c8f0,029edadb-b234-4d39-a619-c56cc85e964f,7935451.762721574,7935452.289444727,7935462.994059371,782,200,0.5267231529578567,10.70461464393884,192
7cbd51c2-622c-4f8b-b0e6-a176237822a0,3e53059f-27ed-453d-a3cb-045b4aa7f847,7935451.762724625,7935452.905254061,7935463.022269466,4574,200,1.1425294363871217,10.117015404626727,224
26c15101-879f-4cb0-81fe-25880740a40c,7e0dc3cf-f526-472a-bc5c-d24141fee908,7935452.76293341,7935453.507577043,7935463.050721378,4015,200,0.7446436332538724,9.54314433503896,192
782a9fdf-894f-4514-ac27-c8aea4bc44d6,0883483d-ba52-4103-b119-afeaa09302ef,7935451.762712074,7935452.261244989,7935463.180881931,5861,200,0.4985329145565629,10.919636942446232,464
3a8799c4-d781-4b23-9d24-57739d9ac814,61cae5ad-d7b0-41c4-92bc-de60edf75dee,7935451.762727058,7935452.882979772,7935463.206895943,5815,200,1.1202527144923806,10.323916170746088,224
1793b402-bc2d-4b05-89c3-ff2b6750db63,fc0ee260-72a8-4d48-ad4f-51c0fbdc2377,7935453.762831274,7935454.46140792,7935463.287803831,5360,200,0.6985766459256411,8.82639591023326,160
e3a72b3f-d33b-4bf6-8280-9653128a8cbf,e75457ed-6df5-4031-9265-1be7e8cbd160,7935452.762936704,7935453.197920804,7935463.486819935,5177,200,0.43498410005122423,10.288899131119251,176
5ac3580d-4deb-4991-af39-875c72368038,e658362d-729a-4a31-b36a-536cd076959f,7935453.762816436,7935453.899053354,7935464.549143399,1143,200,0.1362369181588292,10.650090045295656,224
750a0f28-374d-4435-a8c5-1628d95a02f0,1326464b-c372-47f9-8850-927fd5f180aa,7935453.762827612,7935454.34303116,7935464.57388289,4720,200,0.580203547142446,10.230851730331779,224
1517a2ab-cd51-47a8-b7b6-ac606ab0582a,9cc9f7c7-21b6-4049-9427-8e83dd93cba6,7935453.762834453,7935454.274036754,7935465.030023388,5828,200,0.5112023008987308,10.755986633710563,608
a68c9f0c-c6d8-4a8e-96e1-132042625eec,e522d237-13e9-4cef-9443-adf8b3a62e2c,7935454.763038555,7935454.840519141,7935465.214850998,319,200,0.07748058624565601,10.374331856146455,192
7f92fd7c-bd49-46af-8ff3-ab0f376a67df,808d4138-729b-4276-b0a1-bb598e185260,7935455.76277926,7935456.606225331,7935465.475679791,316,200,0.8434460712596774,8.869454459287226,192
20887a6a-c97a-488d-97cb-0051280feedb,2c86ed1f-d31f-41b7-a7e9-fc66b43651d6,7935455.762767641,7935456.609973907,7935465.479623547,1515,200,0.8472062656655908,8.869649640284479,192
91a0fff1-fb59-43d0-802a-dfaa2b22efdb,dee31f57-0db9-4efb-ad6f-509637e9dad7,7935455.762785347,7935457.029121512,7935465.497754656,1404,200,1.2663361644372344,8.468633144162595,176
26a8c975-c623-4c38-9bbb-e8ad1216c26b,47290926-f76b-42a0-b6b0-95ae3ac5a196,7935456.763482759,7935457.632486732,7935465.521861771,3384,200,0.8690039729699492,7.8893750393763185,16
0f94dc44-8960-4cf7-8bdf-464dbff5615a,bb3439ba-bbc2-476c-b3db-f87808d184ff,7935454.763026459,7935455.09037251,7935465.575017628,3639,200,0.32734605111181736,10.484645118005574,176
acbd47a9-bd61-417a-8e12-9cbb02ae55ba,a652313c-8964-4423-b134-65f44458edb1,7935454.763044934,7935455.716936853,7935465.597000329,2901,200,0.9538919189944863,9.88006347604096,192
9e819aff-be9b-4818-ba4f-b933bdd2b1f7,70040244-0ba8-4018-b9e4-d79962cfab6a,7935454.763041845,7935456.177798522,7935465.622421784,5847,200,1.4147566771134734,9.444623262621462,224
206473d5-bd66-49a2-9428-b3a5d22ed64c,08617b02-e213-4095-a1cd-ed95f33fb542,7935457.762567163,7935458.143999063,7935465.8470552955,1740,200,0.3814318999648094,7.703056232072413,192
2334a1e3-4068-4c6f-a95c-a98d448e83e9,83e780d2-3cdf-4e88-9a17-26905df5b928,7935455.762773257,7935456.306575881,7935465.87757659,5903,200,0.5438026245683432,9.571000708267093,160
ce105788-e609-45c8-9679-252c1624e30a,eecbcd88-7743-4e34-95b6-1c67dec9ac89,7935456.763474907,7935457.092577841,7935465.918388223,5593,200,0.3291029343381524,8.825810382142663,5584
a4fa9e8d-c78d-414b-b609-c4917e95fb40,c1b43029-4936-4724-8836-95afb9ebd00b,7935455.762763767,7935456.89406346,7935466.624092191,1972,200,1.1312996931374073,9.730028731748462,192
662538a2-cf2e-4a91-a187-40cf9b4190bd,4dc898de-9d0d-4eef-9608-2e7f5c017b44,7935455.762752398,7935456.894890723,7935466.625111067,4060,200,1.1321383249014616,9.730220343917608,176
a28fdf18-ea43-49b5-9340-6d3c0984da5d,2dd1593e-b38b-4dc5-b628-5b24a57f7800,7935455.762770422,7935457.500971989,7935466.647080761,5826,200,1.7382015669718385,9.146108772605658,176
9b082ae2-5564-42c4-96d2-bd83f1ef672f,c6e18b90-e57b-498d-a257-de89d96b372c,7935455.762782191,7935457.497822261,7935466.645175455,2393,200,1.735040070489049,9.147353193722665,192
b3d0ac60-c556-4c1a-a661-0a72fa01997c,929b8a4f-ae3d-429e-830a-f69897f7f505,7935456.763479103,7935458.134804419,7935466.668381502,5450,200,1.3713253159075975,8.533577082678676,160
6a2500ef-fc53-4e9d-a86b-bbc9f56fd1f8,a88040f4-3d46-4ddd-9db3-d9cefb577c4d,7935457.762559464,7935458.393745742,7935466.754171423,5862,200,0.6311862776055932,8.360425680875778,192
cc6aa8e9-5005-4aa5-baa8-acc97717fc1c,a0ee44f1-f36b-4a6a-bf7e-a9a8c8f79820,7935457.762563569,7935458.989837619,7935466.80610321,5950,200,1.2272740500047803,7.816265591420233,192
422f6c98-9ca5-4d63-b712-ea8cb055683f,e38ecf53-d2a3-434b-affd-1afb07135ae3,7935456.763468426,7935457.445000368,7935467.416587011,6147,200,0.6815319424495101,9.97158664278686,176
513b0419-2c29-4c02-95b9-765abeabd5e8,ab7c945e-e515-4175-81a9-07d757d848ff,7935456.763471901,7935458.074953237,7935467.441363572,2730,200,1.3114813352003694,9.36641033552587,192
8365d5c0-0524-4112-8bb8-53ad1eec5788,818f34b1-81e6-4dc9-8896-079af3a673ea,7935456.763455803,7935458.713760495,7935467.467306277,5503,200,1.9503046926110983,8.753545781597495,192
f6d1a2aa-c4a6-4da7-80de-b88dc053c68c,08b23a33-09ef-477b-94c0-369965ae5cb3,7935457.762549913,7935458.330980683,7935467.521458826,4869,200,0.56843077018857,9.190478143282235,176
be5d1902-34b3-4596-8852-862c0b0569ff,c224457b-5ee5-41ff-ab1d-fe153a463ef1,7935457.762552919,7935458.959571398,7935467.540551114,3533,200,1.1970184789970517,8.580979716032743,160
71bf8d3c-7912-4866-bdef-f6e55bbd69c8,9c12cb33-cb8b-46f3-b54d-8d364af5f3c9,7935457.762555904,7935458.959960175,7935467.542652791,1716,200,1.197404270991683,8.58269261661917,192
4f251998-befa-45ff-ace2-2e6c6f94ec0d,f930fe97-9b9d-4eda-a442-77a83ed574c8,7935457.762539452,7935458.962695658,7935467.545542586,2856,200,1.200156206265092,8.582846927456558,160
fa0c07f8-f1f8-4450-ba91-f9742af4fc98,f75aa301-f7dd-4da5-abac-17906f66550b,7935458.76369598,7935459.469420714,7935467.621060834,3156,200,0.7057247338816524,8.151640119962394,176
76d9eca1-d634-4be8-b656-6332ef7ee6cd,828db195-ca5a-4484-848e-1fc6ac242624,7935458.763669703,7935460.4249677975,7935468.521120077,5786,200,1.661298094317317,8.096152279525995,176
52697ac3-fb75-4f9d-a188-caf9926c0fbc,b95dfb64-0406-4605-9307-eb2ed587ac22,7935458.763688437,7935461.041178938,7935468.540569519,5895,200,2.27749050129205,7.499390580691397,224
093de536-5181-42bb-a225-e494aa3e6187,0fdd3815-1923-4d11-a5f1-1c32cbce836b,7935458.763681591,7935461.65446905,7935468.564826967,3671,200,2.8907874589785933,6.910357917658985,176
21265140-cee4-44c4-bda2-450c2c168b6c,0f610880-6ddd-4017-bf17-27f18caf55cb,7935458.763691987,7935462.2719819695,7935468.585813139,5460,200,3.5082899825647473,6.31383116915822,160
2a935d21-4772-412f-bf11-c253f6dc62e1,469d8baa-4a15-40fd-a740-aae6477a78b9,7935458.763685269,7935462.8867939375,7935468.605539768,5429,200,4.123108668252826,5.7187458304688334,176
4bb29321-cd4f-43a4-9c6b-4123d69a7c66,a16f5240-7964-4ea6-8660-0762c30468df,7935459.762519934,7935460.022132726,7935468.8168745255,2538,200,0.2596127921715379,8.794741799123585,176
e8e2354a-2454-40f9-9c08-6f71a49efae8,9728b43f-13e5-4f1c-b6d4-40db13828d76,7935459.762516171,7935460.258239399,7935469.303729191,5929,200,0.4957232279703021,9.045489792712033,176
22e13041-623f-41ac-aa11-2cda64f87780,db793246-9873-488a-8c36-68b6c758735d,7935459.762512258,7935459.964023089,7935469.425510852,2181,200,0.20151083078235388,9.461487762629986,224
869f87b2-157e-497c-8ee4-9b5c515f1fa6,3c65feda-6cb4-427f-8794-100421de1d7c,7935461.762487768,7935462.333785408,7935469.831255058,5379,200,0.5712976399809122,7.4974696496501565,160
c1c54d63-31b3-4d0e-aff0-5253f1f4f227,584dad95-d36b-497a-92bb-3cefd7fd8072,7935458.763699063,7935459.484226077,7935469.868239091,5898,200,0.7205270137637854,10.384013013914227,192
ff55ff3c-cdc2-4bd0-bfe2-b21df2042fe6,0fd4279a-26c5-4067-ab88-75febf63597d,7935460.76300391,7935461.261006672,7935469.987872214,5929,200,0.49800276197493076,8.726865542121232,176
ecf41b04-b523-4c87-8d71-c506feddf776,cfbe6bee-cd08-4654-810f-1a3b3025c764,7935460.76302052,7935461.886983072,7935470.009435201,6832,200,1.1239625522866845,8.12245212867856,160
2a072cc4-ed1d-4406-ab8e-4f37a0cf5933,d3ad6d04-4b48-448b-836a-9b64752fc74f,7935459.762501279,7935459.858276812,7935470.222788839,2138,200,0.0957755334675312,10.364512026309967,2128
7476d65f-0d2f-478c-9d56-60dbcd315d13,51d7aec4-2dba-42c1-8f75-3193d8c9b3b1,7935460.76301599,7935460.844439566,7935470.437599522,389,200,0.08142357598990202,9.59315995592624,176
c1012347-9b50-44dc-a84e-7b1fa8fec31a,6e324056-7897-4c8b-93de-3f0d2871a1a9,7935461.762499077,7935462.29023825,7935470.923651087,5934,200,0.5277391728013754,8.633412837050855,192
db4c476d-d5ce-456b-b1f0-ccea4ca8e760,1fa5ccae-f241-4f75-a21b-4d320e2b4228,7935462.762491027,7935463.316656865,7935471.743177931,6566,200,0.5541658382862806,8.42652106564492,192
4cfe08ec-ac94-4ee3-882c-0d23990c4501,41a8ee23-c625-4401-b4cb-e78c442b71c4,7935462.762508473,7935463.928066452,7935471.764407452,3547,200,1.1655579786747694,7.836341000162065,0
d8a1621b-9bd3-4805-9339-a81942651198,2a455136-68a7-4f2e-ae04-e584f979ee34,7935462.762511719,7935463.927600143,7935471.764613034,4746,200,1.1650884235277772,7.8370128916576505,176
1fa28732-3521-46bb-81fa-02b2d1c80f96,643c4d15-0574-4bb2-a238-eb5212ad6aff,7935462.762501918,7935464.5351755805,7935471.803581019,6524,200,1.772673662751913,7.268405438400805,160
ad1e8bc1-0705-4e9f-9bbf-656fe91360e5,bef48969-2881-4b72-aae0-5d83261314a3,7935462.762514973,7935465.154196032,7935471.816592818,5719,200,2.3916810592636466,6.662396785803139,192
34a86fba-ad36-44ea-bbc1-7d32f39b74f8,899c2615-9ae4-4ce5-91c4-b802b05ed50e,7935463.762607539,7935463.984464986,7935472.162866211,2202,200,0.2218574471771717,8.178401224315166,288
c3e5d04f-516c-4a0a-b614-6a99a3bc259e,a09a039f-9515-4b52-bf42-ea10d8add1bb,7935463.762594583,7935464.212867991,7935472.180584303,795,200,0.4502734076231718,7.967716312035918,192
3bd777c9-25cc-45a1-b055-74b36d859733,de528792-7b2e-4008-9f06-3c9229e60e2f,7935463.762604414,7935463.9752799785,7935472.418379374,1692,200,0.21267556492239237,8.443099395371974,160
f1c2ab23-9fa9-4a06-85c4-16e07be8901a,46570599-4af5-4cfa-9d66-89bb5f37211f,7935463.762610828,7935464.512411134,7935472.440780255,5788,200,0.7498003067448735,7.928369120694697,192
060b2dc8-ced4-43ab-9c56-7ce638a620d0,1ebbb437-f79e-4fd7-9fad-45fbb7cdb20b,7935463.762614168,7935464.265628873,7935472.55110879,5819,200,0.5030147051438689,8.285479916259646,160
1d79c1f8-3ef4-4c70-9dd6-03dba0654535,518b2120-1899-4a0f-af6e-5a114887002b,7935462.762505336,7935466.398974352,7935472.706047816,653,200,3.636469015851617,6.307073464617133,176
fafc02f9-87a8-470d-b0eb-13ee2279e6b1,01b9d883-f860-4a5d-8217-51a1ccf33c2a,7935464.76282311,7935464.843474346,7935472.7321851775,631,200,0.08065123576670885,7.888710831291974,176
19ac4b06-cb6b-4d97-ba5c-bef997978831,c4a9bd9e-033a-4322-9b9d-58977f2fd183,7935464.762819062,7935465.281472958,7935472.991748303,3985,200,0.5186538957059383,7.710275345481932,192
56ddec3b-e74b-4f32-9f59-6b0377fa51eb,f0cbebc5-adb6-461b-9b21-22667b2f1d8c,7935464.762807151,7935465.283426396,7935472.99463129,2741,200,0.5206192443147302,7.711204894818366,224
aa9cb075-5e7d-4938-9a72-e5898ba3d8ca,1cb4cd2c-3d59-46ce-8a93-0db347afede8,7935466.763024135,7935466.974230162,7935474.444324211,1796,200,0.2112060273066163,7.470094049349427,192
fc76b7bb-06e9-4efb-b452-dab1e23a2da1,136c09df-f87e-45ff-b30d-813886566a5b,7935466.763040078,7935467.562731608,7935474.461975413,5738,200,0.7996915299445391,6.899243805557489,192
e29ced91-35cf-4135-9113-2c6ea8090bc8,a4910820-870d-4238-922d-93ffdf3d500c,7935466.763034917,7935467.5637214305,7935474.463174168,1083,200,0.8006865130737424,6.899452737532556,160
f412dd72-335d-4e8d-93c1-5fcfb4a903b0,ba46ec63-d117-43af-a082-fdb05a1381df,7935466.763037361,7935468.191055891,7935474.4843968125,2625,200,1.4280185298994184,6.2933409214019775,160
1c63e7f0-67a3-4a70-95a3-540a389a67d1,d98c265f-698d-4cb1-87ed-52317461cdc6,7935466.763029656,7935467.022853728,7935474.760997582,4487,200,0.25982407201081514,7.738143853843212,2224
22fbe802-bab0-400f-a988-91d1a21b9bcb,ceb8b264-daa4-4142-9261-329766ad7443,7935467.763408058,7935468.627689044,7935474.829157996,1554,200,0.8642809856683016,6.201468952000141,160
388ec460-f880-4013-981b-0dcb176c962a,f21c3799-f3ff-498f-be2e-8982bdfe2ecd,7935465.762683158,7935465.868228669,7935475.140879794,1204,200,0.10554551146924496,9.272651124745607,1200
fce3da2c-ff7f-4343-b05f-6370ad460549,faaf4675-e336-4c29-ba22-f21742dac9e8,7935465.762679474,7935466.262047604,7935475.202092623,5815,200,0.49936812929809093,8.940045019611716,160
fc4cdcb0-d2a4-42a9-a5d8-6c9149b0b649,c494ad38-eca5-4234-ab94-6b47ba0ceac5,7935465.762686197,7935466.898750909,7935475.223632279,6586,200,1.13606471195817,8.324881370179355,192
67002ab6-89f9-4342-8b2e-073fde4ea3a5,b59ce72b-bea5-439f-af40-3074ece4d7f6,7935465.762669872,7935468.78433557,7935475.292690586,2377,200,3.0216656988486648,6.50835501588881,288
2d5799e1-c609-473f-ba7d-c3c689a1509a,6f90c4ab-65aa-49a6-ba03-ccb6cd74af3e,7935465.762689156,7935468.781834649,7935475.291123083,5795,200,3.019145492464304,6.5092884339392185,176
80591384-cd2a-4720-8dc9-c26fedd7ae0d,808d4138-729b-4276-b0a1-bb598e185260,7935466.763032197,7935469.400546075,7935475.311670721,316,200,2.637513877823949,5.911124645732343,304
138334d8-e8f3-4914-a0af-9a17c5c47cbe,6ba87a37-5514-486c-a5f6-0a7c5f9057f4,7935468.762507144,7935469.060111686,7935477.478886945,3292,200,0.2976045412942767,8.418775259517133,192
c6a4c724-6254-4480-8c3a-8e02faae322a,39a941db-b6b9-4681-8620-da98a408c9dc,7935468.762517803,7935469.6531483065,7935477.502082526,5987,200,0.8906305031850934,7.8489342192187905,160
375dcc40-852a-47ac-80e7-0c4b47fbe4c1,1958dd0f-5de2-4626-bca0-02cbc78c8aeb,7935467.763392211,7935468.054077228,7935477.529047776,2960,200,0.2906850166618824,9.474970548413694,192
f8982cdf-a2b1-43b5-973b-2efa07115429,cdf5f7dc-c349-4b90-abc8-6f86fa5415cd,7935467.763395652,7935468.657833805,7935477.552389548,3051,200,0.8944381531327963,8.89455574285239,192
e216e096-51d0-4ff2-a3e1-742043db997d,538295df-2f0a-4085-8670-42fd0748d463,7935469.763206469,7935471.470958677,7935477.568296477,570,200,1.707752208225429,6.097337800078094,176
da60fedc-7a37-40f4-a058-764297b7aae7,d00c697d-7ae3-4f63-8c46-74cb115fcffb,7935469.763210122,7935471.470614324,7935477.5679187635,5809,200,1.7074042027816176,6.097304439172149,160
240f57bc-d506-4de7-8d88-dd9cabd5e54f,41128b96-fd4a-4c4f-ab0e-4f0be9d70919,7935467.763411016,7935469.278937511,7935477.57252429,5795,200,1.5155264949426055,8.293586778454483,192
45f41825-3662-4df0-87a2-2a1ef8d0f276,68a72b40-75f5-45c2-ab5b-a60e1e1882e3,7935467.763404656,7935469.2809205195,7935477.574844218,1901,200,1.5175158632919192,8.293923698365688,192
d26efa2f-4893-4d04-b3a5-1caf44e169ef,b3b1f241-4f97-466c-b9af-0701c1476d26,7935467.763382876,7935469.907298396,7935477.600183704,5896,200,2.1439155200496316,7.692885307595134,224
f52493d9-0637-485b-aab8-7909c36c099e,c83dc93a-17bd-4b97-ae1e-ea8cd1dbecfe,7935469.763196619,7935472.69196736,7935477.6090099495,5908,200,2.928770740516484,4.917042589746416,160
9dc2f9b5-e4f0-4d37-beca-713e3e5b6e77,a3c929d0-baa7-4945-b63f-33a6fc39fd65,7935469.763213786,7935472.6899582,7935477.6080125645,3651,200,2.926744413562119,4.918054364621639,192
dd5dca43-8bec-452b-b759-78011977d764,675afd83-9b5b-45b7-9f5f-7e5d89f0c9f2,7935467.76339862,7935470.515353474,7935477.620408865,3350,200,2.7519548535346985,7.10505539085716,176
a2a48e8a-7bdc-447a-b811-227062f92dbe,ffa65629-fc9d-4ec9-b6e2-f76db11b35df,7935467.763401231,7935470.515440122,7935477.621095568,5943,200,2.752038891427219,7.105655445717275,192
4e65a5ca-ee41-4840-a166-63bb4135774d,0efc611c-a104-4cc5-ac35-e883e7cebda7,7935470.763406734,7935471.8684712825,7935477.8289202945,944,200,1.1050645485520363,5.960449011996388,160
0c6d0a49-1fb0-4704-be71-ed74c75e7350,3047d0dd-5a9d-4d90-be11-b1eb806c0a55,7935470.763392696,7935471.258380851,7935477.830864932,5920,200,0.4949881546199322,6.572484081611037,160
5a786479-4acc-42f9-bfea-c5e63b0b5bbb,a0f4972e-a008-44c4-ba13-b684554c436b,7935470.763402719,7935471.869605959,7935477.830649509,2878,200,1.1062032403424382,5.9610435497015715,176
8440803e-46a2-46d3-a557-4eaed1da0a74,02107f20-0300-4036-b19a-172388159a40,7935469.76321735,7935469.861925296,7935478.096145739,4265,200,0.09870794601738453,8.234220443293452,4224
d8c44656-557f-4394-93d5-923376d3ba15,b23331f5-cf25-4f3d-bb0a-0b712f6627c0,7935471.762554621,7935472.155663517,7935478.947339841,4374,200,0.3931088959798217,6.791676323860884,176
b70788db-758c-46fa-afa4-8bbe217c6708,e9913fd8-1e79-4e0e-b993-24d62c86391b,7935471.762551687,7935472.709123476,7935478.966925762,2232,200,0.9465717896819115,6.257802285254002,160
bd42405f-aabb-4124-a42c-3439285f39ae,187f15cf-abd4-40d5-b327-1bd0cec63671,7935471.762543432,7935472.709792138,7935478.967855505,3492,200,0.947248705662787,6.258063366636634,176
22df8ea2-b8ed-4bee-bfa9-7221822f2844,4a4b9580-1d15-458e-9b7f-fe574dea6d90,7935472.763418783,7935473.013138751,7935479.107778567,1465,200,0.2497199671342969,6.094639816321433,176
17f36e5e-aa73-4ff8-971a-c1c17174875d,13dd03df-0d85-4dae-9b18-42a81e6fbe95,7935470.763410143,7935471.276322947,7935479.117555051,5659,200,0.51291280426085,7.841232104226947,224
1608c242-ff0e-4ebb-8d3c-eb01736ea732,773fcc75-711c-4081-bfea-8e9f5d5f8c42,7935472.763433314,7935473.603756004,7935479.125580039,1405,200,0.8403226900845766,5.52182403486222,160
7511226e-c6df-4bea-8695-7a5bc009886a,52901222-0bb4-47e4-8bba-8825319cf100,7935472.763436463,7935474.227208971,7935479.14444191,4118,200,1.463772508315742,4.917232939042151,176
fe95d0d6-7e75-4a21-bf74-1fff4d020632,b1a5a57a-6ed3-4161-976b-550b8607a896,7935472.76344312,7935474.863699495,7935479.163174532,5735,200,2.1002563750371337,4.299475037492812,176
4d9e048b-de34-4608-9e39-5f720af7d213,e3dd554f-367d-4384-ab25-a1c69ce5e46b,7935472.763429245,7935474.98337686,7935479.180573383,1125,200,2.2199476147070527,4.197196523658931,176
73020ef7-4aa1-4a22-b994-4011f39c7528,a985a02b-05ef-4ef4-872e-e27efa1ad38a,7935473.763306261,7935473.961181907,7935480.647399766,2096,200,0.197875645942986,6.686217859387398,192
ba8ae60d-e859-48cf-b4ef-c7965f92c799,f17a4867-8187-4bc8-b761-c5e2f43461f5,7935473.763303433,7935474.575446419,7935480.668251797,5859,200,0.8121429868042469,6.092805377207696,160
a1c606f3-8ce1-4754-b15d-c005422fc7c2,2375aed9-bf2b-4d31-b02f-4651375f6697,7935473.763299751,7935474.576140719,7935480.669312759,1187,200,0.812840967439115,6.093172040767968,176
14fe0cd4-78b9-4e64-800b-880b1d6a9a23,72007798-6523-420d-9817-37e87fcf6ec6,7935473.763309645,7935475.212047178,7935480.690078465,2983,200,1.448737533763051,5.478031286969781,224
c08d8df1-d825-4cbc-9b74-8ea6b4eb99ed,9bc4feee-617f-4059-8c66-f3a6b1d07f17,7935473.763288743,7935475.843062859,7935480.710157886,1426,200,2.079774116165936,4.867095027118921,176
dec10a72-1fe0-41f4-88e8-5af1319d07ed,70040244-0ba8-4018-b9e4-d79962cfab6a,7935474.762593101,7935475.94420733,7935480.729534479,5847,200,1.1816142294555902,4.7853271486237645,5840
a290d6d0-b1d6-4648-9d82-2a28d9326290,45e7f1a3-6b50-4b00-bff3-e4a8f31e6793,7935472.763440055,7935473.109774755,7935482.057545547,3986,200,0.3463347004726529,8.9477707920596,192
d81184b8-5f96-4c38-932f-27766ff9e349,4caafacd-2ab0-4466-94b7-7cb54f0a4414,7935475.763489419,7935475.855152292,7935482.536122949,929,200,0.0916628735139966,6.680970656685531,176
3295f3d8-8553-440e-8504-475d03e7ee8d,968a1f33-46fd-4a53-ac57-a44567e4fc97,7935475.763492876,7935476.452970305,7935482.556096243,5902,200,0.6894774297252297,6.103125937283039,224
6e2e2e4d-a3ce-48aa-9cc3-a199c3d92b62,b397fd3b-5c1a-4e01-ae2f-44399f92080b,7935475.763478863,7935477.677216229,7935482.598747565,3502,200,1.913737365975976,4.921531336382031,160
4c3ecacf-b902-479d-ad31-691a2f66b754,2b0b6d27-8a7f-458e-8a26-26ecad67cecb,7935476.763360058,7935478.282382084,7935482.616406465,2632,200,1.5190220260992646,4.334024380892515,288
ab471602-3e5a-4f67-b20c-6db3b3c57cb8,ae3515b7-b2c3-4055-9fee-cc35030fc4b2,7935476.763367312,7935478.281556419,7935482.615835968,1812,200,1.518189107067883,4.334279549308121,176
8a8a0de6-81a7-481b-8604-482313ad0429,81f9eb5c-a80a-4900-a905-f6adea401077,7935476.763378292,7935478.306390306,7935482.628918094,1033,200,1.5430120136588812,4.322527787648141,224
ede27fe3-57f7-43dc-ad8a-49b8615131fd,b445a6a6-6bdc-421a-87f2-2617512f76b6,7935476.763370993,7935476.915010129,7935483.561881901,1042,200,0.15163913648575544,6.646871771663427,192
51ba2f81-e1d8-401c-9889-128fbabc5ef0,c2c3631f-2662-40db-8c0f-628ff0659c25,7935474.762600897,7935474.85510877,7935483.915705762,683,200,0.09250787273049355,9.060596992261708,192
d2a1b22a-0c9b-4b7c-9b55-5dc6ce6915e3,cf53ec7b-8773-48c4-bfea-fbe3da37a269,7935474.762604152,7935475.294446543,7935483.934934347,5870,200,0.5318423910066485,8.640487804077566,160
56b86814-7f87-4113-81f5-f1fb6bae9444,407ddf5a-139c-4828-921e-c70aad421b68,7935474.762607808,7935477.759943223,7935484.023240546,4567,200,2.997335414402187,6.263297323137522,176
2bf03e5f-0ada-4ee0-bc45-28a0c167469c,b8b3aa08-15cd-45c8-b069-5a34a697815c,7935478.762911865,7935479.295729271,7935484.645062328,5985,200,0.5328174065798521,5.349333057180047,192
0457a3db-cc83-4408-a868-55157b60df66,ebe40d16-cac5-48ed-964b-2109cbc3f901,7935476.763344117,7935477.2518491,7935487.40904496,5806,200,0.48850498255342245,10.157195859588683,192
2d97fe4b-3d03-4001-8488-7ba4f12cc58f,e75457ed-6df5-4031-9265-1be7e8cbd160,7935476.763355921,7935477.873720014,7935487.433416482,5195,200,1.1103640925139189,9.559696468524635,176
d997a22b-2238-4002-a714-89f7d7bc63e2,cae64ee8-4011-44ef-9331-c924f5e429be,7935476.763363946,7935477.872984789,7935487.433876485,2718,200,1.1096208430826664,9.560891695320606,176
b99184a1-9e39-4025-9c1b-027e40562b87,57653307-c6ff-4c87-8138-1533b53900a3,7935476.763374762,7935478.966931636,7935487.483709753,5982,200,2.203556874766946,8.516778116114438,160
250c0d1a-35f7-4018-9b18-fa2823e7a799,808d4138-729b-4276-b0a1-bb598e185260,7935478.762923064,7935478.86453936,7935487.98200188,316,200,0.10161629598587751,9.117462520487607,304
238a3d95-9bd7-463b-8fc6-4f633d014e2a,601ebb0f-02ad-42e7-a626-7ebef638a847,7935477.762546264,7935478.248439756,7935488.254259408,5880,200,0.4858934925869107,10.005819652229548,192
1de683ea-d493-41ea-bbf5-817766eac89d,25236658-a6aa-4462-813e-c90ddddf0d4d,7935477.762549699,7935478.8502539,7935488.274902902,5702,200,1.087704200297594,9.424649002030492,224
d96a8312-28a9-4597-b45e-3e11085dc385,871e2ad2-c962-4d3f-879b-acd7d5c130e7,7935477.762535882,7935481.29237148,7935488.35487086,5749,200,3.5298355976119637,7.062499380670488,192
1bfc07e1-f479-4afb-b0a6-d9f8e441a42c,f9b63fbd-926e-4b5a-a306-1e20c2f21778,7935478.762901703,7935481.883818641,7935488.373894753,4763,200,3.1209169384092093,6.490076111629605,160
55c30b90-39e8-499d-8d02-03e0c86d0ded,09007909-7dab-491c-8fb3-4217da4439a6,7935478.762908523,7935481.881875972,7935488.372207757,1881,200,3.1189674492925406,6.490331784822047,224
f999f68a-60d9-443a-9b52-1d4ef059d784,ce4d3f5a-faf3-4b06-b766-a614f1096c6f,7935478.762926601,7935482.288991388,7935488.387230783,5924,200,3.5260647870600224,6.098239394836128,192
a5c2ad9b-d41e-4ec2-a213-61b4e990d92f,a30e4ed2-239e-4a1d-86d1-60a097e7cf74,7935478.762898192,7935480.166019836,7935488.5394935375,5560,200,1.4031216446310282,8.373473701067269,160
c0685f41-d0e0-4fdc-8a15-4bd5ee21773e,b5b79d80-d814-4a6c-9f3d-7d392ce15643,7935478.762915667,7935480.162073972,7935488.53586634,1875,200,1.3991583045572042,8.373792367987335,160
f373e0d9-f856-420a-be30-41d380d3125a,6cbbb375-c940-47eb-bdbe-1c9292cd44d7,7935478.762887763,7935480.451199759,7935489.116241819,3229,200,1.6883119959384203,8.665042060427368,16
b1e6e094-a602-4f72-aaae-16a544daa007,6f45b8a4-e423-40e0-b44c-2370d1158913,7935478.762905513,7935480.448742423,7935489.113994006,6037,200,1.6858369102701545,8.665251582860947,192
cc78f8fb-1081-40a8-ae92-22e4cf40eacc,c224457b-5ee5-41ff-ab1d-fe153a463ef1,7935478.762919583,7935480.749803647,7935489.134076179,3700,200,1.986884064041078,8.384272531606257,320
0e447ffb-0d6d-4dbc-b0a9-5968fe924ebe,502899ee-4518-4d94-a120-80fc9b07318d,7935479.763041901,7935480.131848609,7935490.08226228,4535,200,0.3688067076727748,9.950413671322167,192
fc342adf-cd77-4d52-8cf7-fcdc3dd734b4,3e53059f-27ed-453d-a3cb-045b4aa7f847,7935479.76302842,7935480.73859178,7935490.104830845,4574,200,0.9755633603781462,9.366239065304399,224
4db51a3d-1ccb-443e-96ad-e5563afdcd4e,4bf9a1b8-5289-460f-817e-659616fb5993,7935479.763049093,7935482.610815935,7935490.166167443,5936,200,2.847766841761768,7.555351507849991,192
c093108b-d93e-4ba1-a53b-cb62134e4b20,32379e4f-c52b-4533-87e4-7ccbc01e4871,7935479.763045681,7935483.230730251,7935490.187962385,3681,200,3.46768457069993,6.957232133485377,176
361205e3-1d84-4ea8-b73f-05ab6e83c931,1e9d7c97-8003-4914-919a-c70046db848d,7935479.763052254,7935483.867341412,7935490.207027158,3410,200,4.104289158247411,6.339685745537281,192
49379485-921c-46ee-a0bf-78780d2e206f,0d6cfb7c-9564-4e6b-96ab-aec695811479,7935481.763406127,7935484.458190483,7935490.228704379,5942,200,2.6947843562811613,5.770513895899057,176
dd0b50bb-c07e-49e3-bebd-121b5f1c2c50,caa2e6bd-03cc-4259-9a46-3330ef527f05,7935481.763409308,7935484.4577668,7935490.22855397,5839,200,2.694357492029667,5.7707871701568365,192
9d79c7f5-570f-49bd-b1ba-00496939872a,d3ad6d04-4b48-448b-836a-9b64752fc74f,7935480.762872247,7935480.848261465,7935490.23443543,2138,200,0.0853892182931304,9.386173964478076,2128
a420fc6c-d085-4792-9143-143beaed7ca6,1cf5c436-bb75-402c-9dfd-fae7395bc0a0,7935485.762996587,7935486.202458692,7935490.722795326,1107,200,0.43946210481226444,4.520336634479463,160
0a4eee6b-6378-4348-966a-7d3e86cfc9b3,bc5c74d8-eb34-4a1c-8ed5-ee4fc1418410,7935482.76412645,7935483.27098794,7935492.326532262,6039,200,0.5068614901974797,9.055544322356582,224
297eb32f-3921-48bf-8279-bc7f41009528,c2cf61e6-40f9-49e5-a7f1-e24130e70596,7935482.764130688,7935483.911611566,7935492.348325112,5954,200,1.147480878047645,8.436713545583189,176
a3342587-9a26-4d9b-980a-1d1e1831f34d,743da0c7-ad95-4639-a69e-c87954fbf45a,7935482.76414622,7935484.500686552,7935492.367861249,5806,200,1.7365403324365616,7.867174696177244,160
80ed286b-ed66-4116-a4c0-3e5402b2238c,afb2a8a8-e290-4f7e-8bce-7e3e5c24fa5e,7935482.764134826,7935485.1414109,7935492.392379101,5815,200,2.377276074141264,7.250968201085925,160
a4b88677-cf93-4204-a62a-1e5500016147,fb070aed-59ed-4076-890d-d41bb370b24e,7935482.764138604,7935485.740248113,7935492.4125540955,3226,200,2.97610950935632,6.672305982559919,160
d8dbbaf8-d4f1-4ddc-80ba-4bcdf3fba8c9,eaa14318-4f95-461e-9213-5b24ea716730,7935482.76411547,7935485.7443870315,7935492.417194521,5750,200,2.9802715610712767,6.6728074895218015,160
73608c67-61db-462a-b883-dbfe88d4727c,9cc9f7c7-21b6-4049-9427-8e83dd93cba6,7935482.764142542,7935486.3449779805,7935492.432105835,5694,200,3.5808354383334517,6.087127854116261,176
ba1ad2db-5e79-4022-a690-dc1bad55ba45,97572e5f-d135-46bc-9183-21b2af1303c1,7935485.762987297,7935487.587753132,7935492.472552384,1073,200,1.8247658349573612,4.884799252264202,160
f53b9a75-fdc0-42ea-a1c7-216b40e8ef04,d9b5ce8f-1f03-4b93-af09-4e750c6473c8,7935486.762768087,7935487.862252437,7935492.490397444,3959,200,1.0994843496009707,4.628145007416606,224
4fe4df10-f6a7-45a9-a7e1-e46fc4d68feb,808d4138-729b-4276-b0a1-bb598e185260,7935487.76259074,7935487.889469331,7935492.507276599,316,200,0.12687859125435352,4.617807268165052,304
52029fb9-9b85-44f8-aa89-a6d440db6761,469d8baa-4a15-40fd-a740-aae6477a78b9,7935480.762847834,7935481.250252705,7935493.010881069,5429,200,0.48740487080067396,11.760628364048898,176
b8e267d6-ae29-4d71-a8d9-3744b344967a,16c13356-28d3-47de-b107-a5a7029a64ab,7935480.762859272,7935481.887721987,7935493.035617151,5963,200,1.124862715601921,11.147895163856447,160
4d92b139-a69e-44d1-99a6-cadf1cc260b6,0899530f-4ed7-49f5-91aa-9eef27c4e875,7935480.762869048,7935483.865898465,7935493.106313699,5931,200,3.103029416874051,9.2404152341187,176
a9dd52ac-5279-40aa-942a-824c681209a1,b579de52-ab17-4588-b70a-4285fc661c21,7935480.762863276,7935485.05406492,7935493.152134063,5922,200,4.291201644577086,8.09806914255023,160
56ff6728-2991-4451-b52c-cf5425632204,2c2590bf-7735-4068-8406-2d47707168ea,7935480.762866067,7935485.053383333,7935493.152195457,4715,200,4.29051726590842,8.098812124691904,160
f444a229-653b-43b1-9d2d-dbbe40702171,8779e5f9-11f8-416c-9770-f2554d1e582d,7935481.763390607,7935485.682860191,7935493.1746577695,1275,200,3.9194695837795734,7.491797578521073,176
b296638a-7496-44a4-9ff8-b00f9a964e66,bcb9a03c-7a7d-4221-8d1f-5f52836f8b7c,7935481.763401906,7935485.682639272,7935493.1744065685,2939,200,3.9192373659461737,7.491767296567559,224
039e43ba-3a32-4d8a-b70c-2b8a164dc969,66a3a1ab-8428-410f-8284-bbbcc40e3d86,7935485.762990074,7935486.917397131,7935493.21068599,4326,200,1.154407056979835,6.293288858607411,160
bc31bf9e-0576-47dc-ad41-0529eb5fa8df,05e2aea2-3e77-4091-acf4-2b43e9372008,7935486.762765068,7935487.553317529,7935493.231409413,4224,200,0.7905524615198374,5.678091883659363,224
47ef0bcb-11ad-447a-ae6a-6b1f2947c6d3,22d7558f-2436-464f-b111-4724e2f322d1,7935481.76341268,7935481.936800645,7935493.3421108,1969,200,0.17338796518743038,11.405310154892504,224
60fa4dc4-7425-4457-925b-a78640a50353,0759bb94-aa77-4047-8f94-34cc9c62436b,7935483.763293203,7935484.338765592,7935493.514697195,5999,200,0.5754723893478513,9.175931602716446,192
8b9c49c1-15ea-4487-adda-d95a41eef06e,0fdf3a79-0b56-4d09-930d-738eaa2f1f84,7935483.763290289,7935484.970628358,7935493.538192702,5815,200,1.2073380695655942,8.567564344033599,192
d6e32c38-3125-4fb8-994f-cf109856feb0,6d14bf3f-56d2-4882-8aba-c916497faa7a,7935483.763274817,7935485.586055767,7935493.563432142,4120,200,1.8227809499949217,7.977376375347376,160
3fcd5cba-93f4-428a-9af3-fd82e0493eac,339e6a45-2ac7-4236-ac28-4af01254bcc9,7935483.763286346,7935486.226209509,7935493.584607908,5825,200,2.462923163548112,7.358398398384452,432
655a021d-43ff-41fc-aa9c-210c4643f9a3,8e505307-8830-46b2-ac68-84a7d5dbd9a0,7935484.764405144,7935485.379313706,7935493.591239082,2707,200,0.6149085620418191,8.211925375275314,160
74e53050-ecb7-4ca6-981d-5594fe03079b,984ff781-ca15-479c-8e06-7bd9cd701519,7935485.762992899,7935486.850958168,7935493.6040292885,3555,200,1.0879652686417103,6.753071120940149,192
0dfa63e1-011a-4d17-9def-b11f00923413,c36ccdb6-4285-4a84-9e69-854bea59680e,7935484.764424371,7935486.00147038,7935493.610103708,1240,200,1.2370460098609328,7.608633327297866,176
6b50ac69-711a-424c-ab85-45889131f4ef,48f00f11-d6a7-4d60-b710-9751910c2b29,7935486.762771678,7935487.3112374665,7935493.624763275,5336,200,0.5484657883644104,6.313525808043778,176
f7076b00-f06d-4362-84e4-8c90c877d056,4da8fb42-3983-40f2-bef1-a8d32802c74f,7935484.764418712,7935486.612064342,7935493.629819682,1525,200,1.8476456301286817,7.017755339853466,176
0c8d8dea-eda2-4e42-a847-e05ac417d32a,3ee811a5-f205-4725-8db6-b99eb8dd1ecb,7935484.76443091,7935487.231574562,7935493.648916411,4438,200,2.4671436520293355,6.417341848835349,160
892c7f17-930a-45d7-9730-68b3d2a2b000,c51e1c93-377f-4846-81a1-14e5879a721c,7935484.764421536,7935487.234262428,7935493.652637645,4481,200,2.4698408925905824,6.418375216424465,160
cc1450c1-0334-4c8e-9dc0-25bf81a456a9,899c2615-9ae4-4ce5-91c4-b802b05ed50e,7935484.764433456,7935487.836074297,7935493.668057753,2258,200,3.0716408416628838,5.831983455456793,16
ce35ecac-5b87-4912-81a2-dbb063368e54,b325fd77-fdfe-41e9-a0ff-794363903698,7935484.764427796,7935487.83769065,7935493.670229942,1830,200,3.0732628535479307,5.832539292052388,160
702a0080-8c21-4afb-8869-1b1614876fc6,db50af28-fa33-4f95-803d-71036af6bdbe,7935484.764415337,7935488.456365099,7935493.692389482,5937,200,3.691949762403965,5.236024382524192,176
5032550d-e554-47a6-85ab-16c3cceb66ff,24366d4f-7bcb-4d89-a25c-c95b1df94dec,7935485.762983779,7935488.454683407,7935493.690805739,579,200,2.6916996277868748,5.23612233158201,160
d5fca80a-3b7d-4406-ba59-c8aa559564b1,2d5dcc3c-a047-4b49-9a38-cd2e4eb26eb8,7935486.762761031,7935488.635188921,7935493.710380132,1075,200,1.8724278900772333,5.075191210955381,176
fbe1d82b-8d63-486c-84bf-fea94ebca8fa,db1fb291-ef7d-478a-9b73-48146f6a8cd5,7935483.763295746,7935485.190543358,7935493.826742806,5912,200,1.4272476118057966,8.636199447326362,176
bc0514d4-b198-4001-b398-171ca7d46cb5,fc991f32-f1b6-4afe-ba3b-a472773d0110,7935483.763298622,7935484.749933507,7935494.12085958,2421,200,0.9866348849609494,9.370926072821021,192
9fde3a0e-9a95-4483-9669-aaab52a3af25,95e47ed3-e422-4bf8-a2f8-ba075c7ef290,7935485.762967666,7935485.949253507,7935494.150978174,1757,200,0.18628584127873182,8.201724667102098,224
6b0f6bcc-2464-46fa-9e49-506b873dc27b,7c8adab7-544c-4106-916a-d86d02536d30,7935485.762980965,7935486.468182125,7935494.244647448,5782,200,0.7052011601626873,7.776465322822332,176
3fe8ddb3-0a7b-401a-8fe0-773dd54365b6,00d31eb0-b908-4fd8-b7c3-40330a3b5089,7935485.762977708,7935486.296561172,7935494.564485976,5666,200,0.5335834641009569,8.267924803309143,224
880f4f9f-ede6-44e4-b0ec-a4ae49dffeef,17f52023-20f0-4ba4-8129-16c153a0bb0e,7935486.762744443,7935487.149035845,7935494.868428725,4140,200,0.38629140239208937,7.719392879866064,160
9dc7a34e-b3f6-4fbb-a583-4d78662030e6,efedac55-57dd-4acf-9f7e-f6bbd7243fbe,7935487.762587276,7935488.414235092,7935495.213230886,1971,200,0.6516478154808283,6.798995793797076,224
027d9d74-d34c-4c10-bad8-b20678f65d1f,b914fbd6-a087-4d90-a0ed-605abdc8a06a,7935487.762583559,7935488.4156688545,7935495.216056821,5773,200,0.6530852951109409,6.8003879664465785,176
d7785e27-30ec-45fc-8254-d5be9e6ec0c4,5f1dfde8-0414-448f-b867-af9a8603ce0b,7935487.762594164,7935489.681081035,7935495.253413621,4794,200,1.9184868708252907,5.572332586161792,176
1827170f-e6b7-4ada-9a4b-c66b7b9e8fd3,8861bb38-fa7f-46fe-a61e-d670524b80a8,7935487.762570772,7935489.685072098,7935495.258067041,5848,200,1.9225013256072998,5.572994942776859,160
6fb4cbce-a361-42a1-b86a-c0833b9a4c9f,120c94cb-bfa6-4a5b-90d2-781529b863ae,7935489.762681937,7935490.452469086,7935495.417608378,3879,200,0.6897871494293213,4.965139292180538,160
32feaae8-610d-4cb6-91e7-c115ef00819b,d769c8e7-545f-4504-930e-6fb89f07eeaa,7935489.762706538,7935490.687681459,7935495.425720563,2978,200,0.9249749211594462,4.738039104267955,288
6781bf61-b799-4aba-b394-da797c8fd5f5,ae04581e-61a3-4e13-a5d3-988c330d8c3d,7935489.762676863,7935490.693071036,7935495.432174929,2001,200,0.930394172668457,4.739103893749416,224
f4515624-ef6d-48e1-8a72-286d6a648e36,6b12e983-df72-4200-80d7-0a4adbe5d91e,7935489.762696147,7935490.599191212,7935495.434857022,5955,200,0.8364950651302934,4.83566580992192,224
bc3e2241-4f58-4def-91e3-0dd50c753246,00e988b7-4630-4daf-a77e-b3a325be1913,7935488.762936322,7935489.102276961,7935495.960688294,3594,200,0.3393406393006444,6.858411332592368,160
d1118e6c-d2a3-4ff3-aa4e-665b958e85bf,67a0b975-184d-4abe-91c9-e84646d0b743,7935488.762943402,7935489.668339743,7935495.981423885,2723,200,0.9053963413462043,6.313084141351283,192
799d34a3-0bee-4df0-a47a-024278e8ddda,51d7aec4-2dba-42c1-8f75-3193d8c9b3b1,7935488.762946397,7935489.668071995,7935495.981608255,389,200,0.9051255974918604,6.313536260277033,176
4070340a-8967-431a-8344-13f3d75ca1e6,307fce6d-c2b2-4dae-aea7-ddfb228a713a,7935488.762940532,7935490.286902278,7935496.003223141,5776,200,1.523961746133864,5.716320862993598,176
581db16f-fe57-4ec4-83a9-7214231ab64f,8452144b-0a71-4b63-9bd6-e7978af4ed65,7935489.76268551,7935490.892823436,7935496.022044281,966,200,1.1301379259675741,5.129220844246447,224
b2b38ac9-9aa4-4d5c-a905-6d67e902972a,00237d17-5a7a-4844-95a2-634553f9bde7,7935488.762952609,7935490.890897953,7935496.020546087,4622,200,2.127945343963802,5.129648134112358,160
d436f9f2-6cdd-41a3-a1c9-beb2b3d26256,4181337f-4f55-4fd6-8fbd-e067aaaaebe3,7935489.76270988,7935491.205323879,7935496.035876639,5696,200,1.442613998427987,4.830552760511637,176
ecbab6cf-86fa-4f05-82c3-03739a33a57f,15e18881-cbb9-4802-a422-20808dd1ab23,7935488.762913844,7935489.41464897,7935496.182579418,2037,200,0.6517351260408759,6.767930448055267,176
da911b93-8f8e-40ec-97a3-ffaaac97dd75,5a9ab48e-691b-47c5-8cd3-56c1907a079f,7935488.76294925,7935489.412105381,7935496.1800989555,5846,200,0.6491561308503151,6.76799357496202,192
0163182a-a58f-4aaa-928c-2333e445ae50,1cda0d46-618b-4b7a-b957-319fe6d96516,7935489.762651587,7935491.285957206,7935496.242097166,6252,200,1.523305619135499,4.956139960326254,192
54847caf-8506-4c3d-b6f2-0c219ead55ea,20dfea16-8046-4ede-8ea9-42a56d65cfbd,7935489.762700843,7935491.281191109,7935496.238407953,2011,200,1.5184902660548687,4.957216843962669,176
e2430937-b8f0-467f-b2a8-26b23d51e23e,20137c1a-ca8a-4457-a308-ac224059e1dd,7935489.762692122,7935491.675417058,7935496.257509539,5426,200,1.9127249363809824,4.582092480733991,176
