{"actual_qps": 5.30949530146817, "success_rate": 100.0, "input_tokens": 3854, "output_tokens": 199, "model": "QwQ-32B", "input_tokens_per_minute": 1098178.0831892372, "output_tokens_per_minute": 56892.39639334045, "slo_seconds": 5.0, "slo_attainment": 0.0, "ttft_slo_ms": 1000, "ttft_slo_attainment": 5.555555555555555, "tpot_slo_ms": 50, "tpot_slo_attainment": 47.22222222222222, "Latency": {"unit": "s", "min": 5.13014848199964, "p50": 15.71218439200129, "p90": 20.73526891899928, "p95": 21.394959879349337, "p99": 23.68359958757024, "max": 30.846074551001948}, "Throughput": {"unit": "tokens/s", "min": 6.483807191391994, "p50": 12.728978667821941, "p90": 21.110239555104048, "p95": 24.673645075450754, "p99": 32.12715910956093, "max": 38.985226392910086}, "TTFT": {"unit": "s", "min": 0.3498300460014434, "p50": 4.21395704600036, "p90": 9.48122637440138, "p95": 11.745003718751287, "p99": 13.031126841861187, "max": 15.005524948002858}, "TPOT": {"unit": "ms", "min": 23.738393658295628, "p50": 51.11301609548576, "p90": 74.68225191305876, "p95": 77.82878713165223, "p99": 81.71396056451758, "max": 90.12582920604017}, "Input Tokens per Minute": {"unit": "tokens/min", "min": 1098178.0831892372, "p50": 1098178.0831892372, "p90": 1098178.0831892372, "p95": 1098178.0831892372, "p99": 1098178.0831892372, "max": 1098178.0831892372}, "Output Tokens per Minute": {"unit": "tokens/min", "min": 56892.39639334045, "p50": 56892.39639334045, "p90": 56892.39639334045, "p95": 56892.39639334045, "p99": 56892.39639334045, "max": 56892.39639334045}}
{"actual_qps": 5.132736245609552, "success_rate": 100.0, "input_tokens": 4010, "output_tokens": 199, "model": "QwQ-32B", "input_tokens_per_minute": 1083192.4449287395, "output_tokens_per_minute": 53936.22770499507, "slo_seconds": 5.0, "slo_attainment": 2.93040293040293, "ttft_slo_ms": 1000, "ttft_slo_attainment": 58.24175824175825, "tpot_slo_ms": 50, "tpot_slo_attainment": 100.0, "Latency": {"unit": "s", "min": 4.426588114998594, "p50": 7.313377077000041, "p90": 9.271348294799827, "p95": 10.213334527401456, "p99": 12.343035793841835, "max": 13.947733704000711}, "Throughput": {"unit": "tokens/s", "min": 14.33924709522041, "p50": 27.22643650173569, "p90": 34.93831394787124, "p95": 37.7692515386653, "p99": 41.203190709087615, "max": 43.002286102170586}, "TTFT": {"unit": "s", "min": 0.1569274450012017, "p50": 0.8298839620001672, "p90": 2.6639513450005325, "p95": 3.140224598999338, "p99": 4.124955949121933, "max": 4.4839812079990224}, "TPOT": {"unit": "ms", "min": 21.84045006030449, "p50": 31.533416010054466, "p90": 39.339387288439056, "p95": 42.06759150654569, "p99": 46.37360062814473, "max": 49.75162187436389}, "Input Tokens per Minute": {"unit": "tokens/min", "min": 1083192.4449287395, "p50": 1083192.4449287395, "p90": 1083192.4449287395, "p95": 1083192.4449287395, "p99": 1083192.4449287395, "max": 1083192.4449287395}, "Output Tokens per Minute": {"unit": "tokens/min", "min": 53936.22770499507, "p50": 53936.22770499507, "p90": 53936.22770499507, "p95": 53936.22770499507, "p99": 53936.22770499507, "max": 53936.22770499507}}
{"actual_qps": 5.168241626167751, "success_rate": 100.0, "input_tokens": 4011, "output_tokens": 198, "model": "QwQ-32B", "input_tokens_per_minute": 1254028.9189678049, "output_tokens_per_minute": 62131.97784363401, "slo_seconds": 5.0, "slo_attainment": 2.2151898734177213, "ttft_slo_ms": 1000, "ttft_slo_attainment": 57.59493670886076, "tpot_slo_ms": 50, "tpot_slo_attainment": 99.36708860759494, "Latency": {"unit": "s", "min": 2.765030739999929, "p50": 7.432675103998918, "p90": 10.276671279500079, "p95": 11.092056869000771, "p99": 12.442364015152092, "max": 14.019929348000005}, "Throughput": {"unit": "tokens/s", "min": 14.265407124075896, "p50": 26.802334767516356, "p90": 35.374823750994814, "p95": 36.747639538090546, "p99": 40.55838875446745, "max": 45.00327053620608}, "TTFT": {"unit": "s", "min": 0.13641183900108445, "p50": 0.8708654045003641, "p90": 2.4117965569985245, "p95": 2.9255509070007975, "p99": 3.9460249243997167, "max": 4.620840150000731}, "TPOT": {"unit": "ms", "min": 21.143066095477543, "p50": 32.72475113818706, "p90": 40.662468551634525, "p95": 42.315619904523246, "p99": 48.64079357789503, "max": 50.907494999998775}, "Input Tokens per Minute": {"unit": "tokens/min", "min": 1254028.9189678049, "p50": 1254028.9189678049, "p90": 1254028.9189678049, "p95": 1254028.9189678049, "p99": 1254028.9189678049, "max": 1254028.9189678049}, "Output Tokens per Minute": {"unit": "tokens/min", "min": 62131.97784363401, "p50": 62131.97784363401, "p90": 62131.97784363401, "p95": 62131.97784363401, "p99": 62131.97784363401, "max": 62131.97784363401}}
{"actual_qps": 5.081993576914583, "success_rate": 100.0, "input_tokens": 4081, "output_tokens": 199, "model": "QwQ-32B", "input_tokens_per_minute": 1377077.9635236985, "output_tokens_per_minute": 67417.72679134886, "slo_seconds": 5.0, "slo_attainment": 1.4577259475218658, "ttft_slo_ms": 1000, "ttft_slo_attainment": 88.33819241982506, "tpot_slo_ms": 50, "tpot_slo_attainment": 100.0, "Latency": {"unit": "s", "min": 4.333332898000663, "p50": 6.939411309998832, "p90": 8.854495845001656, "p95": 9.868495170699315, "p99": 11.096364632900876, "max": 12.113887434999924}, "Throughput": {"unit": "tokens/s", "min": 16.509976757927607, "p50": 28.801278030675523, "p90": 35.02539390873248, "p95": 36.10301772039023, "p99": 40.85974958244436, "max": 46.15385079052595}, "TTFT": {"unit": "s", "min": 0.08207736899930751, "p50": 0.4831162049995328, "p90": 1.0747613115992862, "p95": 1.9880973824991075, "p99": 3.2873767521994126, "max": 5.5694777259996044}, "TPOT": {"unit": "ms", "min": 20.99841750250973, "p50": 32.2739023668421, "p90": 38.32030728843338, "p95": 40.793954594471806, "p99": 43.9842405969819, "max": 45.99379062312263}, "Input Tokens per Minute": {"unit": "tokens/min", "min": 1377077.9635236985, "p50": 1377077.9635236985, "p90": 1377077.9635236985, "p95": 1377077.9635236985, "p99": 1377077.9635236985, "max": 1377077.9635236985}, "Output Tokens per Minute": {"unit": "tokens/min", "min": 67417.72679134886, "p50": 67417.72679134886, "p90": 67417.72679134886, "p95": 67417.72679134886, "p99": 67417.72679134886, "max": 67417.72679134886}}
{"actual_qps": 5.033208982955862, "success_rate": 100.0, "input_tokens": 3987, "output_tokens": 199, "model": "QwQ-32B", "input_tokens_per_minute": 1200226.5542703911, "output_tokens_per_minute": 60094.73798229163, "slo_seconds": 5.0, "slo_attainment": 1.9607843137254901, "ttft_slo_ms": 1000, "ttft_slo_attainment": 100.0, "tpot_slo_ms": 50, "tpot_slo_attainment": 100.0, "Latency": {"unit": "s", "min": 4.417507742997259, "p50": 6.759127371000432, "p90": 8.336024598500444, "p95": 8.74838100524994, "p99": 9.795607790150097, "max": 9.946334027998091}, "Throughput": {"unit": "tokens/s", "min": 19.63908195426185, "p50": 29.564799113724707, "p90": 35.67931065053187, "p95": 36.96573462149708, "p99": 41.53400328762038, "max": 45.274397156868574}, "TTFT": {"unit": "s", "min": 0.08588658900043811, "p50": 0.47260140150137886, "p90": 0.7038660239995806, "p95": 0.7997031697495913, "p99": 0.8727521330483796, "max": 0.8928099219992873}, "TPOT": {"unit": "ms", "min": 21.102326643219143, "p50": 31.871831688431257, "p90": 39.056161706021484, "p95": 41.51240983291835, "p99": 46.17462870300461, "max": 47.06833435677857}, "Input Tokens per Minute": {"unit": "tokens/min", "min": 1200226.5542703911, "p50": 1200226.5542703911, "p90": 1200226.5542703911, "p95": 1200226.5542703911, "p99": 1200226.5542703911, "max": 1200226.5542703911}, "Output Tokens per Minute": {"unit": "tokens/min", "min": 60094.73798229163, "p50": 60094.73798229163, "p90": 60094.73798229163, "p95": 60094.73798229163, "p99": 60094.73798229163, "max": 60094.73798229163}}
