{"actual_qps": 4.426076972886396, "success_rate": 100.0, "input_tokens": 4048, "output_tokens": 199, "model": "QwQ-32B", "input_tokens_per_minute": 860164.7824834029, "output_tokens_per_minute": 42385.09666502077, "slo_seconds": 5.0, "slo_attainment": 0.4629629629629629, "ttft_slo_ms": 1000, "ttft_slo_attainment": 12.037037037037036, "tpot_slo_ms": 50, "tpot_slo_attainment": 87.96296296296296, "Latency": {"unit": "s", "min": 4.810664594999253, "p50": 10.839402128000074, "p90": 14.678952972000843, "p95": 16.767371783499584, "p99": 20.63584346159878, "max": 21.652899312000955}, "Throughput": {"unit": "tokens/s", "min": 9.236638341967975, "p50": 18.448459351604452, "p90": 28.604687268012743, "p95": 31.953598078268133, "p99": 35.72624049660524, "max": 41.57429728272941}, "TTFT": {"unit": "s", "min": 0.2562800199993944, "p50": 2.443299811500765, "p90": 5.652815446001114, "p95": 7.656849891748607, "p99": 11.205645404949244, "max": 11.960208042997692}, "TPOT": {"unit": "ms", "min": 16.505060974864204, "p50": 41.28525835929294, "p90": 51.01268824371837, "p95": 52.976545275120756, "p99": 55.27263402587622, "max": 58.152518969854185}, "Input Tokens per Minute": {"unit": "tokens/min", "min": 860164.7824834029, "p50": 860164.7824834029, "p90": 860164.7824834029, "p95": 860164.7824834029, "p99": 860164.7824834029, "max": 860164.7824834029}, "Output Tokens per Minute": {"unit": "tokens/min", "min": 42385.09666502077, "p50": 42385.09666502077, "p90": 42385.09666502077, "p95": 42385.09666502077, "p99": 42385.09666502077, "max": 42385.09666502077}}
{"actual_qps": 3.5707884251781183, "success_rate": 100.0, "input_tokens": 3919, "output_tokens": 199, "model": "QwQ-32B", "input_tokens_per_minute": 962898.1515429947, "output_tokens_per_minute": 49006.614171056935, "slo_seconds": 5.0, "slo_attainment": 0.4, "ttft_slo_ms": 1000, "ttft_slo_attainment": 53.6, "tpot_slo_ms": 50, "tpot_slo_attainment": 100.0, "Latency": {"unit": "s", "min": 2.9775713390008605, "p50": 7.3924537079983565, "p90": 9.381093813698316, "p95": 10.090641022796989, "p99": 11.540312802138834, "max": 12.418584620001639}, "Throughput": {"unit": "tokens/s", "min": 16.104894890990693, "p50": 26.974304884742867, "p90": 32.701882677318146, "p95": 34.65667420088231, "p99": 37.88841803121031, "max": 39.082887511938324}, "TTFT": {"unit": "s", "min": 0.27541100199960056, "p50": 0.9586824769976374, "p90": 2.506257663798169, "p95": 2.8771364296508177, "p99": 4.502211820199482, "max": 5.604939052998816}, "TPOT": {"unit": "ms", "min": 22.454327080407865, "p50": 31.466442761306116, "p90": 39.32523047136344, "p95": 41.132371342970124, "p99": 46.33477023427181, "max": 46.86776500502171}, "Input Tokens per Minute": {"unit": "tokens/min", "min": 962898.1515429947, "p50": 962898.1515429947, "p90": 962898.1515429947, "p95": 962898.1515429947, "p99": 962898.1515429947, "max": 962898.1515429947}, "Output Tokens per Minute": {"unit": "tokens/min", "min": 49006.614171056935, "p50": 49006.614171056935, "p90": 49006.614171056935, "p95": 49006.614171056935, "p99": 49006.614171056935, "max": 49006.614171056935}}
{"actual_qps": 3.6636857268360985, "success_rate": 100.0, "input_tokens": 4035, "output_tokens": 200, "model": "QwQ-32B", "input_tokens_per_minute": 848812.4441443589, "output_tokens_per_minute": 42063.2324580615, "slo_seconds": 5.0, "slo_attainment": 0.46728971962616817, "ttft_slo_ms": 1000, "ttft_slo_attainment": 36.44859813084112, "tpot_slo_ms": 50, "tpot_slo_attainment": 100.0, "Latency": {"unit": "s", "min": 4.824252744998375, "p50": 7.590015622501596, "p90": 9.881564724399505, "p95": 10.83430395375126, "p99": 12.116740461399568, "max": 12.804558972999075}, "Throughput": {"unit": "tokens/s", "min": 15.619436828846604, "p50": 26.35042782650385, "p90": 32.35285679002255, "p95": 33.68810283646494, "p99": 37.63712386990794, "max": 41.457197740593784}, "TTFT": {"unit": "s", "min": 0.2663401479985623, "p50": 1.167753878999065, "p90": 2.774070213099186, "p95": 3.572369050002453, "p99": 4.563982079731249, "max": 4.711402848999569}, "TPOT": {"unit": "ms", "min": 22.527265396974915, "p50": 32.222009793971594, "p90": 38.79743578694086, "p95": 40.53129262261955, "p99": 45.09753454808711, "max": 47.98207977386592}, "Input Tokens per Minute": {"unit": "tokens/min", "min": 848812.4441443589, "p50": 848812.4441443589, "p90": 848812.4441443589, "p95": 848812.4441443589, "p99": 848812.4441443589, "max": 848812.4441443589}, "Output Tokens per Minute": {"unit": "tokens/min", "min": 42063.2324580615, "p50": 42063.2324580615, "p90": 42063.2324580615, "p95": 42063.2324580615, "p99": 42063.2324580615, "max": 42063.2324580615}}
{"actual_qps": 3.815810173324532, "success_rate": 100.0, "input_tokens": 4050, "output_tokens": 198, "model": "QwQ-32B", "input_tokens_per_minute": 983163.1948440514, "output_tokens_per_minute": 48244.95517210839, "slo_seconds": 5.0, "slo_attainment": 3.2388663967611335, "ttft_slo_ms": 1000, "ttft_slo_attainment": 93.52226720647774, "tpot_slo_ms": 50, "tpot_slo_attainment": 100.0, "Latency": {"unit": "s", "min": 3.911880329997075, "p50": 6.752872895998735, "p90": 8.1891355784006, "p95": 8.765261784898756, "p99": 9.493872108880968, "max": 11.646996362000209}, "Throughput": {"unit": "tokens/s", "min": 17.171809261701597, "p50": 29.541986023547423, "p90": 35.48901777054918, "p95": 36.37081532181044, "p99": 40.358241998410335, "max": 44.144416184119336}, "TTFT": {"unit": "s", "min": 0.07693517400184646, "p50": 0.47702480899897637, "p90": 0.8173567186000583, "p95": 1.1903118437996445, "p99": 2.601646327061315, "max": 5.47067672599951}, "TPOT": {"unit": "ms", "min": 22.120572633171996, "p50": 31.828773768851093, "p90": 37.57958162612742, "p95": 39.36517552562814, "p99": 42.99971712311391, "max": 45.256107155790545}, "Input Tokens per Minute": {"unit": "tokens/min", "min": 983163.1948440514, "p50": 983163.1948440514, "p90": 983163.1948440514, "p95": 983163.1948440514, "p99": 983163.1948440514, "max": 983163.1948440514}, "Output Tokens per Minute": {"unit": "tokens/min", "min": 48244.95517210839, "p50": 48244.95517210839, "p90": 48244.95517210839, "p95": 48244.95517210839, "p99": 48244.95517210839, "max": 48244.95517210839}}
{"actual_qps": 4.383332134784201, "success_rate": 100.0, "input_tokens": 3919, "output_tokens": 199, "model": "QwQ-32B", "input_tokens_per_minute": 1009131.3441720738, "output_tokens_per_minute": 51495.02782955721, "slo_seconds": 5.0, "slo_attainment": 13.358778625954198, "ttft_slo_ms": 1000, "ttft_slo_attainment": 100.0, "tpot_slo_ms": 50, "tpot_slo_attainment": 100.0, "Latency": {"unit": "s", "min": 4.258565877000365, "p50": 6.739911856500839, "p90": 8.322856985999897, "p95": 8.826361575251575, "p99": 9.64971610051143, "max": 10.034854049998103}, "Throughput": {"unit": "tokens/s", "min": 19.930534017087954, "p50": 29.674065019845354, "p90": 41.21484748062119, "p95": 43.43146395039572, "p99": 45.01357136362956, "max": 46.9641672282584}, "TTFT": {"unit": "s", "min": 0.07745901100133779, "p50": 0.4224477999978262, "p90": 0.5727243805995386, "p95": 0.5926590792014395, "p99": 0.7433374203798292, "max": 0.9695098640004289}, "TPOT": {"unit": "ms", "min": 19.753657105532664, "p50": 31.79291484422775, "p90": 39.53547644069754, "p95": 41.90273312260478, "p99": 45.311645841214535, "max": 47.63588002010441}, "Input Tokens per Minute": {"unit": "tokens/min", "min": 1009131.3441720738, "p50": 1009131.3441720738, "p90": 1009131.3441720738, "p95": 1009131.3441720738, "p99": 1009131.3441720738, "max": 1009131.3441720738}, "Output Tokens per Minute": {"unit": "tokens/min", "min": 51495.02782955721, "p50": 51495.02782955721, "p90": 51495.02782955721, "p95": 51495.02782955721, "p99": 51495.02782955721, "max": 51495.02782955721}}
