{"actual_qps": 5.43559640532437, "success_rate": 100.0, "input_tokens": 3804, "output_tokens": 199, "model": "QwQ-32B", "input_tokens_per_minute": 929536.853167397, "output_tokens_per_minute": 48797.69271987257, "slo_seconds": 5.0, "slo_attainment": 0.0, "ttft_slo_ms": 1000, "ttft_slo_attainment": 13.061224489795919, "tpot_slo_ms": 50, "tpot_slo_attainment": 46.93877551020408, "Latency": {"unit": "s", "min": 5.454769187999773, "p50": 12.912883012999373, "p90": 21.578946887602793, "p95": 23.542488747599403, "p99": 31.301545755359697, "max": 36.17888975599635}, "Throughput": {"unit": "tokens/s", "min": 5.528085614259394, "p50": 15.427014235802183, "p90": 25.46431359630195, "p95": 29.470332491225186, "p99": 33.50005307073751, "max": 36.66516274235586}, "TTFT": {"unit": "s", "min": 0.12319073500111699, "p50": 2.07170816299913, "p90": 5.584333224598958, "p95": 7.5623531006000055, "p99": 9.96770284563827, "max": 11.917909355994198}, "TPOT": {"unit": "ms", "min": 18.485899160792478, "p50": 50.871382226135545, "p90": 87.39393802109466, "p95": 97.53586505627462, "p99": 135.17134032422507, "max": 139.2271894623099}, "Input Tokens per Minute": {"unit": "tokens/min", "min": 929536.853167397, "p50": 929536.853167397, "p90": 929536.853167397, "p95": 929536.853167397, "p99": 929536.853167397, "max": 929536.853167397}, "Output Tokens per Minute": {"unit": "tokens/min", "min": 48797.69271987257, "p50": 48797.69271987257, "p90": 48797.69271987257, "p95": 48797.69271987257, "p99": 48797.69271987257, "max": 48797.69271987257}}
{"actual_qps": 5.513142410136443, "success_rate": 100.0, "input_tokens": 3765, "output_tokens": 199, "model": "QwQ-32B", "input_tokens_per_minute": 1265753.9234437433, "output_tokens_per_minute": 67123.13278435513, "slo_seconds": 5.0, "slo_attainment": 0.2967359050445104, "ttft_slo_ms": 1000, "ttft_slo_attainment": 18.397626112759642, "tpot_slo_ms": 50, "tpot_slo_attainment": 49.25816023738873, "Latency": {"unit": "s", "min": 4.055590383999515, "p50": 12.587490566002089, "p90": 24.654987826201253, "p95": 27.76234612759872, "p99": 34.85835680619813, "max": 37.90492750299745}, "Throughput": {"unit": "tokens/s", "min": 5.276358858203445, "p50": 15.888790458376643, "p90": 26.1158822969341, "p95": 29.971536451702974, "p99": 35.137983044684475, "max": 38.619624224428605}, "TTFT": {"unit": "s", "min": 0.11612182500539348, "p50": 1.9613734360027593, "p90": 4.481652718396801, "p95": 5.811241209195576, "p99": 9.201382441002348, "max": 11.095224994998716}, "TPOT": {"unit": "ms", "min": 20.5246489700221, "p50": 50.73670730151701, "p90": 108.58744469144553, "p95": 128.68304226030338, "p99": 132.99141103739325, "max": 135.49682449748485}, "Input Tokens per Minute": {"unit": "tokens/min", "min": 1265753.9234437433, "p50": 1265753.9234437433, "p90": 1265753.9234437433, "p95": 1265753.9234437433, "p99": 1265753.9234437433, "max": 1265753.9234437433}, "Output Tokens per Minute": {"unit": "tokens/min", "min": 67123.13278435513, "p50": 67123.13278435513, "p90": 67123.13278435513, "p95": 67123.13278435513, "p99": 67123.13278435513, "max": 67123.13278435513}}
{"actual_qps": 5.532969335972169, "success_rate": 100.0, "input_tokens": 3766, "output_tokens": 199, "model": "QwQ-32B", "input_tokens_per_minute": 1179484.5256698448, "output_tokens_per_minute": 62555.23708960548, "slo_seconds": 5.0, "slo_attainment": 0.6369426751592357, "ttft_slo_ms": 1000, "ttft_slo_attainment": 41.082802547770704, "tpot_slo_ms": 50, "tpot_slo_attainment": 52.86624203821656, "Latency": {"unit": "s", "min": 4.777777415001765, "p50": 10.748865492500045, "p90": 22.061077445399132, "p95": 24.33778515189879, "p99": 27.24724670875141, "max": 28.50443924299907}, "Throughput": {"unit": "tokens/s", "min": 7.0164509568144435, "p50": 18.606618181071312, "p90": 30.040423175832622, "p95": 33.03327180729393, "p99": 39.36087931395327, "max": 41.8604682947387}, "TTFT": {"unit": "s", "min": 0.15771468399907462, "p50": 1.1550770495014149, "p90": 2.931118729002628, "p95": 3.3543838130983197, "p99": 4.8011012162382425, "max": 5.771512170002097}, "TPOT": {"unit": "ms", "min": 18.818916939696223, "p50": 48.719907113058866, "p90": 98.33622847839631, "p95": 107.64034032838033, "p99": 122.7447716263386, "max": 135.29909027639593}, "Input Tokens per Minute": {"unit": "tokens/min", "min": 1179484.5256698448, "p50": 1179484.5256698448, "p90": 1179484.5256698448, "p95": 1179484.5256698448, "p99": 1179484.5256698448, "max": 1179484.5256698448}, "Output Tokens per Minute": {"unit": "tokens/min", "min": 62555.23708960548, "p50": 62555.23708960548, "p90": 62555.23708960548, "p95": 62555.23708960548, "p99": 62555.23708960548, "max": 62555.23708960548}}
{"actual_qps": 5.595023804939384, "success_rate": 100.0, "input_tokens": 3728, "output_tokens": 198, "model": "QwQ-32B", "input_tokens_per_minute": 1266258.8963022153, "output_tokens_per_minute": 67559.66632922641, "slo_seconds": 5.0, "slo_attainment": 1.7391304347826086, "ttft_slo_ms": 1000, "ttft_slo_attainment": 35.36231884057971, "tpot_slo_ms": 50, "tpot_slo_attainment": 38.26086956521739, "Latency": {"unit": "s", "min": 3.909314948003157, "p50": 13.573230226000305, "p90": 24.96996422920056, "p95": 27.734803470202316, "p99": 30.37228697528044, "max": 30.97140939199744}, "Throughput": {"unit": "tokens/s", "min": 5.875182684790659, "p50": 14.416352782655022, "p90": 29.340862830001264, "p95": 34.65244716114417, "p99": 42.486581442039466, "max": 51.1598586095393}, "TTFT": {"unit": "s", "min": 0.14892069200141123, "p50": 1.3372426030036877, "p90": 3.6192029480022034, "p95": 4.10059161260142, "p99": 5.8567525733995724, "max": 7.4566886620013975}, "TPOT": {"unit": "ms", "min": 17.897737412037788, "p50": 60.62987133666513, "p90": 114.18232058193044, "p95": 124.36194690353156, "p99": 133.87010297266798, "max": 135.8516454673182}, "Input Tokens per Minute": {"unit": "tokens/min", "min": 1266258.8963022153, "p50": 1266258.8963022153, "p90": 1266258.8963022153, "p95": 1266258.8963022153, "p99": 1266258.8963022153, "max": 1266258.8963022153}, "Output Tokens per Minute": {"unit": "tokens/min", "min": 67559.66632922641, "p50": 67559.66632922641, "p90": 67559.66632922641, "p95": 67559.66632922641, "p99": 67559.66632922641, "max": 67559.66632922641}}
{"actual_qps": 5.899930656050329, "success_rate": 100.0, "input_tokens": 3774, "output_tokens": 199, "model": "QwQ-32B", "input_tokens_per_minute": 1229971.6392728782, "output_tokens_per_minute": 65149.704169491815, "slo_seconds": 5.0, "slo_attainment": 0.906344410876133, "ttft_slo_ms": 1000, "ttft_slo_attainment": 63.74622356495468, "tpot_slo_ms": 50, "tpot_slo_attainment": 41.99395770392749, "Latency": {"unit": "s", "min": 4.242847554000036, "p50": 12.625047112996981, "p90": 27.430529131001094, "p95": 28.516206996497203, "p99": 29.34816549849711, "max": 30.762078136998753}, "Throughput": {"unit": "tokens/s", "min": 6.501511344887073, "p50": 15.841525042239882, "p90": 30.73340413077725, "p95": 34.95419263965569, "p99": 38.64753933816714, "max": 47.13815367027403}, "TTFT": {"unit": "s", "min": 0.06227130300248973, "p50": 0.8214658980068634, "p90": 1.849571062004543, "p95": 2.3014648870012024, "p99": 3.0788523963987235, "max": 3.7216932680021273}, "TPOT": {"unit": "ms", "min": 19.647381869348028, "p50": 58.79461260301286, "p90": 129.61333241708135, "p95": 137.4170597839257, "p99": 141.71251264522826, "max": 142.74841821608433}, "Input Tokens per Minute": {"unit": "tokens/min", "min": 1229971.6392728782, "p50": 1229971.6392728782, "p90": 1229971.6392728782, "p95": 1229971.6392728782, "p99": 1229971.6392728782, "max": 1229971.6392728782}, "Output Tokens per Minute": {"unit": "tokens/min", "min": 65149.704169491815, "p50": 65149.704169491815, "p90": 65149.704169491815, "p95": 65149.704169491815, "p99": 65149.704169491815, "max": 65149.704169491815}}
{"actual_qps": 5.737753375993786, "success_rate": 100.0, "input_tokens": 3782, "output_tokens": 199, "model": "QwQ-32B", "input_tokens_per_minute": 1328053.183231849,