{"actual_qps": 1.2141280635690206, "success_rate": 100.0, "input_tokens": 3476, "output_tokens": 197, "model": "QwQ-32B", "input_tokens_per_minute": 181373.01299033794, "output_tokens_per_minute": 10304.99397522203, "slo_seconds": 5.0, "slo_attainment": 1.8867924528301887, "ttft_slo_ms": 1000, "ttft_slo_attainment": 58.490566037735846, "tpot_slo_ms": 50, "tpot_slo_attainment": 54.71698113207547, "Latency": {"unit": "s", "min": 2.741891742000007, "p50": 9.748545962000208, "p90": 17.872572584399315, "p95": 20.61120004640252, "p99": 22.84472812356106, "max": 24.687738316999457}, "Throughput": {"unit": "tokens/s", "min": 8.101187619211121, "p50": 20.515880089153725, "p90": 30.760484213055324, "p95": 35.65832162570052, "p99": 38.25883848852822, "max": 38.84257601263161}, "TTFT": {"unit": "s", "min": 0.12183677900611656, "p50": 0.8105889660000685, "p90": 1.7720526440025428, "p95": 2.415720393796801, "p99": 5.234609102681554, "max": 7.962711318999936}, "TPOT": {"unit": "ms", "min": 23.006111130644285, "p50": 41.71420554773784, "p90": 85.3833575507634, "p95": 91.26761855778253, "p99": 108.37890200642747, "max": 116.97165366329034}, "Input Tokens per Minute": {"unit": "tokens/min", "min": 181373.01299033794, "p50": 181373.01299033794, "p90": 181373.01299033794, "p95": 181373.01299033794, "p99": 181373.01299033794, "max": 181373.01299033794}, "Output Tokens per Minute": {"unit": "tokens/min", "min": 10304.99397522203, "p50": 10304.99397522203, "p90": 10304.99397522203, "p95": 10304.99397522203, "p99": 10304.99397522203, "max": 10304.99397522203}}
{"actual_qps": 0.9829678158499624, "success_rate": 100.0, "input_tokens": 4383, "output_tokens": 200, "model": "QwQ-32B", "input_tokens_per_minute": 293461.97210446966, "output_tokens_per_minute": 13388.222971247576, "slo_seconds": 5.0, "slo_attainment": 0.0, "ttft_slo_ms": 1000, "ttft_slo_attainment": 83.82352941176471, "tpot_slo_ms": 50, "tpot_slo_attainment": 45.588235294117645, "Latency": {"unit": "s", "min": 5.039351762003207, "p50": 11.621600013502757, "p90": 22.613258627802132, "p95": 26.89843453365138, "p99": 27.011578903342816, "max": 27.01454345100501}, "Throughput": {"unit": "tokens/s", "min": 7.403419582593741, "p50": 17.210239117330058, "p90": 27.884324941567098, "p95": 34.05090347942974, "p99": 37.886041339404635, "max": 39.68764425377152}, "TTFT": {"unit": "s", "min": 0.10174375499627786, "p50": 0.5917482764962188, "p90": 1.2130857200005274, "p95": 1.6103105520502137, "p99": 1.8414725301279393, "max": 1.8875894079974387}, "TPOT": {"unit": "ms", "min": 23.675269452276133, "p50": 54.83464425377856, "p90": 112.1769413050225, "p95": 131.47289877763902, "p99": 131.63461027513438, "max": 131.6453005628451}, "Input Tokens per Minute": {"unit": "tokens/min", "min": 293461.97210446966, "p50": 293461.97210446966, "p90": 293461.97210446966, "p95": 293461.97210446966, "p99": 293461.97210446966, "max": 293461.97210446966}, "Output Tokens per Minute": {"unit": "tokens/min", "min": 13388.222971247576, "p50": 13388.222971247576, "p90": 13388.222971247576, "p95": 13388.222971247576, "p99": 13388.222971247576, "max": 13388.222971247576}}
{"actual_qps": 1.082641308355903, "success_rate": 100.0, "input_tokens": 3795, "output_tokens": 196, "model": "QwQ-32B", "input_tokens_per_minute": 239211.05137553156, "output_tokens_per_minute": 12411.917041408004, "slo_seconds": 5.0, "slo_attainment": 1.5384615384615385, "ttft_slo_ms": 1000, "ttft_slo_attainment": 67.6923076923077, "tpot_slo_ms": 50, "tpot_slo_attainment": 49.23076923076923, "Latency": {"unit": "s", "min": 4.372452702002192, "p50": 10.613515245997405, "p90": 20.418271298398032, "p95": 21.818267399999602, "p99": 23.182552442002343, "max": 23.740199658001075}, "Throughput": {"unit": "tokens/s", "min": 8.424528979586519, "p50": 18.805929985290366, "p90": 28.851624684230327, "p95": 34.2298368486258, "p99": 41.21781692689114, "max": 45.740917885382245}, "TTFT": {"unit": "s", "min": 0.08879399899888085, "p50": 0.7344986559983226, "p90": 1.6238011210036347, "p95": 1.8422785022004973, "p99": 2.350893767278176, "max": 2.5193379260017537}, "TPOT": {"unit": "ms", "min": 20.71235764322126, "p50": 50.73140277386872, "p90": 96.35124690063037, "p95": 102.67306997689526, "p99": 112.15241670754624, "max": 112.75232651257909}, "Input Tokens per Minute": {"unit": "tokens/min", "min": 239211.05137553156, "p50": 239211.05137553156, "p90": 239211.05137553156, "p95": 239211.05137553156, "p99": 239211.05137553156, "max": 239211.05137553156}, "Output Tokens per Minute": {"unit": "tokens/min", "min": 12411.917041408004, "p50": 12411.917041408004, "p90": 12411.917041408004, "p95": 12411.917041408004, "p99": 12411.917041408004, "max": 12411.917041408004}}
{"actual_qps": 1.1833212040938823, "success_rate": 100.0, "input_tokens": 4085, "output_tokens": 200, "model": "QwQ-32B", "input_tokens_per_minute": 257474.07912971082, "output_tokens_per_minute": 12603.883888322453, "slo_seconds": 5.0, "slo_attainment": 1.5384615384615385, "ttft_slo_ms": 1000, "ttft_slo_attainment": 86.15384615384616, "tpot_slo_ms": 50, "tpot_slo_attainment": 35.38461538461539, "Latency": {"unit": "s", "min": 4.897282592995907, "p50": 11.802562919001502, "p90": 18.470254941997702, "p95": 20.45001312940003, "p99": 26.51701406235981, "max": 28.631950383001822}, "Throughput": {"unit": "tokens/s", "min": 6.985203499051037, "p50": 16.945472044720944, "p90": 27.81170392308796, "p95": 34.35060650545703, "p99": 39.029587933758044, "max": 40.83897471753825}, "TTFT": {"unit": "s", "min": 0.059230277001915965, "p50": 0.49570912800118094, "p90": 1.045467700800509, "p95": 1.343513079000695, "p99": 3.0588915066851765, "max": 3.2441805230046157}, "TPOT": {"unit": "ms", "min": 22.657182919577842, "p50": 56.923344713598006, "p90": 87.37071940302293, "p95": 101.32268412564744, "p99": 123.0238857591816, "max": 127.57673296481009}, "Input Tokens per Minute": {"unit": "tokens/min", "min": 257474.07912971082, "p50": 257474.07912971082, "p90": 257474.07912971082, "p95": 257474.07912971082, "p99": 257474.07912971082, "max": 257474.07912971082}, "Output Tokens per Minute": {"unit": "tokens/min", "min": 12603.883888322453, "p50": 12603.883888322453, "p90": 12603.883888322453, "p95": 12603.883888322453, "p99": 12603.883888322453, "max": 12603.883888322453}}
{"actual_qps": 1.1999993075003652, "success_rate": 100.0, "input_tokens": 4023, "output_tokens": 199, "model": "QwQ-32B", "input_tokens_per_minute": 296480.1911754792, "output_tokens_per_minute": 14701.945790963206, "slo_seconds": 5.0, "slo_attainment": 0.0, "ttft_slo_ms": 1000, "ttft_slo_attainment": 88.1578947368421, "tpot_slo_ms": 50, "tpot_slo_attainment": 40.78947368421053, "Latency": {"unit": "s", "min": 5.545356288006587, "p50": 11.539350380498945, "p90": 28.454555816500942, "p95": 28.828599749003843, "p99": 29.248247882749638, "max": 29.67267250399891}, "Throughput": {"unit": "tokens/s", "min": 6.740208519237575, "p50": 17.339867848345772, "p90": 28.975205284739516, "p95": 30.266723822502065, "p99": 32.8102875960665, "max": 36.06621281171004}, "TTFT": {"unit": "s", "min": 0.05699201099923812, "p50": 0.5113433974984218, "p90": 1.2272992729995167, "p95": 1.4205785192480107, "p99": 1.7183314707472164, "max": 1.7267531149991555}, "TPOT": {"unit": "ms", "min": 26.72367119097242, "p50": 54.28194999497386, "p90": 138.80130103768062, "p95": 140.94688928265504, "p99": 143.24585694974752, "max": 144.93213032661725}, "Input Tokens per Minute": {"unit": "tokens/min", "min": 296480.1911754792, "p50": 296480.1911754792, "p90": 296480.1911754792, "p95": 296480.1911754792, "p99": 296480.1911754792, "max": 296480.1911754792}, "Output Tokens per Minute": {"unit": "tokens/min", "min": 14701.945790963206, "p50": 14701.945790963206, "p90": 14701.945790963206, "p95": 14701.945790963206, "p99": 14701.945790963206, "max": 14701.945790963206}}
{"actual_qps": 1.114754425239473, "success_rate": 100.0, "input_tokens": 3805, "output_tokens": 198, "model": "QwQ-32B", "input_tokens_per_minute": 247189.3098768397,