{"actual_qps": 5.258175992819349, "success_rate": 100.0, "input_tokens": 3844, "output_tokens": 198, "model": "QwQ-32B", "input_tokens_per_minute": 958276.3662279139, "output_tokens_per_minute": 49528.061857880915, "slo_seconds": 5.0, "slo_attainment": 1.984126984126984, "ttft_slo_ms": 1000, "ttft_slo_attainment": 24.6031746031746, "tpot_slo_ms": 50, "tpot_slo_attainment": 72.61904761904762, "Latency": {"unit": "s", "min": 1.5040080539984046, "p50": 9.053823015998205, "p90": 17.28443172989937, "p95": 19.08000109750246, "p99": 20.484651257948354, "max": 21.97292717700475}, "Throughput": {"unit": "tokens/s", "min": 9.102109991485582, "p50": 22.003234735639616, "p90": 33.37941297986229, "p95": 36.14842287742521, "p99": 40.290263175052594, "max": 46.36004698415502}, "TTFT": {"unit": "s", "min": 0.18513162599992938, "p50": 1.4190620020017377, "p90": 3.2666805793007376, "p95": 3.7428916026507064, "p99": 5.229719633312056, "max": 8.042928571005177}, "TPOT": {"unit": "ms", "min": 18.093511708570414, "p50": 38.576674751265955, "p90": 79.02665247336462, "p95": 83.44280502260061, "p99": 90.9553297986011, "max": 93.01856924622055}, "Input Tokens per Minute": {"unit": "tokens/min", "min": 958276.3662279139, "p50": 958276.3662279139, "p90": 958276.3662279139, "p95": 958276.3662279139, "p99": 958276.3662279139, "max": 958276.3662279139}, "Output Tokens per Minute": {"unit": "tokens/min", "min": 49528.061857880915, "p50": 49528.061857880915, "p90": 49528.061857880915, "p95": 49528.061857880915, "p99": 49528.061857880915, "max": 49528.061857880915}}
{"actual_qps": 5.136886587817043, "success_rate": 100.0, "input_tokens": 3979, "output_tokens": 199, "model": "QwQ-32B", "input_tokens_per_minute": 1159888.9691596404, "output_tokens_per_minute": 58114.43496866423, "slo_seconds": 5.0, "slo_attainment": 0.6756756756756757, "ttft_slo_ms": 1000, "ttft_slo_attainment": 29.72972972972973, "tpot_slo_ms": 50, "tpot_slo_attainment": 42.22972972972973, "Latency": {"unit": "s", "min": 3.4181761020008707, "p50": 12.347796204001497, "p90": 22.977284135500668, "p95": 27.15510150524642, "p99": 32.54973610739799, "max": 33.939145069001825}, "Throughput": {"unit": "tokens/s", "min": 5.892900354248144, "p50": 15.975226485196554, "p90": 27.791216736170053, "p95": 32.14334179334391, "p99": 37.35739489984473, "max": 43.8289236825108}, "TTFT": {"unit": "s", "min": 0.17989154899987625, "p50": 1.339750985000137, "p90": 2.784657029002119, "p95": 3.2908825609993073, "p99": 6.195729267945356, "max": 7.0450790989998495}, "TPOT": {"unit": "ms", "min": 19.76318441203564, "p50": 55.10270001254707, "p90": 107.30248052511604, "p95": 128.4140099459862, "p99": 135.20772721483024, "max": 136.49161668844906}, "Input Tokens per Minute": {"unit": "tokens/min", "min": 1159888.9691596404, "p50": 1159888.9691596404, "p90": 1159888.9691596404, "p95": 1159888.9691596404, "p99": 1159888.9691596404, "max": 1159888.9691596404}, "Output Tokens per Minute": {"unit": "tokens/min", "min": 58114.43496866423, "p50": 58114.43496866423, "p90": 58114.43496866423, "p95": 58114.43496866423, "p99": 58114.43496866423, "max": 58114.43496866423}}
{"actual_qps": 5.045474991821998, "success_rate": 100.0, "input_tokens": 4027, "output_tokens": 198, "model": "QwQ-32B", "input_tokens_per_minute": 1158019.9958541433, "output_tokens_per_minute": 57203.58127657526, "slo_seconds": 5.0, "slo_attainment": 1.7123287671232876, "ttft_slo_ms": 1000, "ttft_slo_attainment": 32.534246575342465, "tpot_slo_ms": 50, "tpot_slo_attainment": 47.26027397260274, "Latency": {"unit": "s", "min": 3.2738379250004073, "p50": 11.545716039498075, "p90": 20.708921668300906, "p95": 22.106885967004565, "p99": 25.163453410956766, "max": 26.902436518001196}, "Throughput": {"unit": "tokens/s", "min": 7.434270864877768, "p50": 17.22800723721791, "p90": 30.183246803733628, "p95": 32.711539615322145, "p99": 40.635466499395164, "max": 44.306226317490015}, "TTFT": {"unit": "s", "min": 0.08695867299684323, "p50": 1.3775602865025576, "p90": 3.096135308600792, "p95": 3.9450514825984975, "p99": 5.125530084189077, "max": 5.943529531999957}, "TPOT": {"unit": "ms", "min": 20.370394879393103, "p50": 50.94732496483137, "p90": 91.96478741659344, "p95": 101.40531719848168, "p99": 114.37408174250854, "max": 122.63742797990037}, "Input Tokens per Minute": {"unit": "tokens/min", "min": 1158019.9958541433, "p50": 1158019.9958541433, "p90": 1158019.9958541433, "p95": 1158019.9958541433, "p99": 1158019.9958541433, "max": 1158019.9958541433}, "Output Tokens per Minute": {"unit": "tokens/min", "min": 57203.58127657526, "p50": 57203.58127657526, "p90": 57203.58127657526, "p95": 57203.58127657526, "p99": 57203.58127657526, "max": 57203.58127657526}}
{"actual_qps": 5.14101067041543, "success_rate": 100.0, "input_tokens": 4022, "output_tokens": 199, "model": "QwQ-32B", "input_tokens_per_minute": 1346694.7219867983, "output_tokens_per_minute": 66717.8173554548, "slo_seconds": 5.0, "slo_attainment": 1.1764705882352942, "ttft_slo_ms": 1000, "ttft_slo_attainment": 32.05882352941177, "tpot_slo_ms": 50, "tpot_slo_attainment": 37.94117647058823, "Latency": {"unit": "s", "min": 2.721937139001966, "p50": 13.208619625998836, "p90": 22.86190812670393, "p95": 25.799518011599503, "p99": 29.09269361681132, "max": 32.537985075003235}, "Throughput": {"unit": "tokens/s", "min": 6.1466621101147, "p50": 15.142105452463237, "p90": 25.345953519698735, "p95": 28.592670687253783, "p99": 39.28543226496399, "max": 45.96856041220991}, "TTFT": {"unit": "s", "min": 0.07566908400622196, "p50": 1.5574503890020424, "p90": 4.297181546502543, "p95": 5.507684632352177, "p99": 7.662527598001911, "max": 9.9493713319971}, "TPOT": {"unit": "ms", "min": 20.800653763829693, "p50": 57.76773676130395, "p90": 101.42779754423279, "p95": 116.0062557741313, "p99": 135.03017322335367, "max": 136.1574546633471}, "Input Tokens per Minute": {"unit": "tokens/min", "min": 1346694.7219867983, "p50": 1346694.7219867983, "p90": 1346694.7219867983, "p95": 1346694.7219867983, "p99": 1346694.7219867983, "max": 1346694.7219867983}, "Output Tokens per Minute": {"unit": "tokens/min", "min": 66717.8173554548, "p50": 66717.8173554548, "p90": 66717.8173554548, "p95": 66717.8173554548, "p99": 66717.8173554548, "max": 66717.8173554548}}
{"actual_qps": 5.065619428829315, "success_rate": 100.0, "input_tokens": 4017, "output_tokens": 200, "model": "QwQ-32B", "input_tokens_per_minute": 1181426.3863463034, "output_tokens_per_minute": 58820.20229980447, "slo_seconds": 5.0, "slo_attainment": 3.678929765886288, "ttft_slo_ms": 1000, "ttft_slo_attainment": 78.92976588628763, "tpot_slo_ms": 50, "tpot_slo_attainment": 46.15384615384615, "Latency": {"unit": "s", "min": 3.958429177000653, "p50": 11.264984007997555, "p90": 21.916629467201705, "p95": 25.003124334602003, "p99": 28.894389230177616, "max": 29.373616012002458}, "Throughput": {"unit": "tokens/s", "min": 6.808831432884439, "p50": 17.7541308410212, "p90": 32.76137300260114, "p95": 35.992953101855534, "p99": 45.636052330647445, "max": 50.52509241848866}, "TTFT": {"unit": "s", "min": 0.07401315699826228, "p50": 0.536884398003167, "p90": 1.3370566867961313, "p95": 1.7144030200957785, "p99": 2.43859931683837, "max": 2.9250313759985147}, "TPOT": {"unit": "ms", "min": 19.30533748240141, "p50": 52.54885101507783, "p90": 105.78021822413447, "p95": 119.7754951351696, "p99": 140.61178117538873, "max": 141.35781906031238}, "Input Tokens per Minute": {"unit": "tokens/min", "min": 1181426.3863463034, "p50": 1181426.3863463034, "p90": 1181426.3863463034, "p95": 1181426.3863463034, "p99": 1181426.3863463034, "max": 1181426.3863463034}, "Output Tokens per Minute": {"unit": "tokens/min", "min": 58820.20229980447, "p50": 58820.20229980447, "p90": 58820.20229980447, "p95": 58820.20229980447, "p99": 58820.20229980447, "max": 58820.20229980447}}
{"actual_qps": 5.31665706425275, "success_rate": 100.0, "input_tokens": 3958, "output_tokens": 198, "model": "QwQ-32B", "input_tokens_per_minute": 1269260.2927805115,