{"actual_qps": 1.1613256781551202, "success_rate": 100.0, "input_tokens": 3471, "output_tokens": 197, "model": "QwQ-32B", "input_tokens_per_minute": 183136.74594968648, "output_tokens_per_minute": 10420.07759908097, "slo_seconds": 5.0, "slo_attainment": 1.8867924528301887, "ttft_slo_ms": 1000, "ttft_slo_attainment": 43.39622641509434, "tpot_slo_ms": 50, "tpot_slo_attainment": 58.490566037735846, "Latency": {"unit": "s", "min": 3.113101147006091, "p50": 10.81485908600007, "p90": 16.062433928597603, "p95": 22.737768753201813, "p99": 28.336330827160854, "max": 28.722670035996998}, "Throughput": {"unit": "tokens/s", "min": 6.963140952750835, "p50": 18.4930749822623, "p90": 22.349417542824092, "p95": 26.504080506530446, "p99": 34.90496430821732, "max": 35.669708400677074}, "TTFT": {"unit": "s", "min": 0.07129847499891184, "p50": 1.3818836729988107, "p90": 3.3470474055982784, "p95": 4.2071780546029895, "p99": 11.359315790561947, "max": 13.526482310000574}, "TPOT": {"unit": "ms", "min": 26.739946944725666, "p50": 47.49789538691768, "p90": 78.45961010852396, "p95": 95.02117343013077, "p99": 128.36791265307778, "max": 132.82404096484717}, "Input Tokens per Minute": {"unit": "tokens/min", "min": 183136.74594968648, "p50": 183136.74594968648, "p90": 183136.74594968648, "p95": 183136.74594968648, "p99": 183136.74594968648, "max": 183136.74594968648}, "Output Tokens per Minute": {"unit": "tokens/min", "min": 10420.07759908097, "p50": 10420.07759908097, "p90": 10420.07759908097, "p95": 10420.07759908097, "p99": 10420.07759908097, "max": 10420.07759908097}}
{"actual_qps": 1.0161457161939824, "success_rate": 100.0, "input_tokens": 4367, "output_tokens": 200, "model": "QwQ-32B", "input_tokens_per_minute": 291254.5075492451, "output_tokens_per_minute": 13338.654931953097, "slo_seconds": 5.0, "slo_attainment": 0.0, "ttft_slo_ms": 1000, "ttft_slo_attainment": 55.223880597014926, "tpot_slo_ms": 50, "tpot_slo_attainment": 49.25373134328358, "Latency": {"unit": "s", "min": 6.163059271006205, "p50": 10.644618083999376, "p90": 18.962115279199494, "p95": 24.076898760300537, "p99": 24.89489884314099, "max": 26.29190016600478}, "Throughput": {"unit": "tokens/s", "min": 7.60690550082791, "p50": 18.78883755356457, "p90": 27.526096339289282, "p95": 29.2973422462616, "p99": 31.49255097253233, "max": 32.451415961694494}, "TTFT": {"unit": "s", "min": 0.11205590499594109, "p50": 0.8913447609957075, "p90": 3.540304720800486, "p95": 4.422300195098067, "p99": 5.8090910842795, "max": 6.238239447004162}, "TPOT": {"unit": "ms", "min": 25.728217296488936, "p50": 50.146627105515385, "p90": 86.92803854974228, "p95": 92.27806315979268, "p99": 120.80055142904565, "max": 129.68296577386738}, "Input Tokens per Minute": {"unit": "tokens/min", "min": 291254.5075492451, "p50": 291254.5075492451, "p90": 291254.5075492451, "p95": 291254.5075492451, "p99": 291254.5075492451, "max": 291254.5075492451}, "Output Tokens per Minute": {"unit": "tokens/min", "min": 13338.654931953097, "p50": 13338.654931953097, "p90": 13338.654931953097, "p95": 13338.654931953097, "p99": 13338.654931953097, "max": 13338.654931953097}}
{"actual_qps": 1.0969073669364429, "success_rate": 100.0, "input_tokens": 3913, "output_tokens": 198, "model": "QwQ-32B", "input_tokens_per_minute": 216517.11441084498, "output_tokens_per_minute": 10964.304506899487, "slo_seconds": 5.0, "slo_attainment": 1.7241379310344827, "ttft_slo_ms": 1000, "ttft_slo_attainment": 74.13793103448276, "tpot_slo_ms": 50, "tpot_slo_attainment": 37.93103448275862, "Latency": {"unit": "s", "min": 2.9930322729996988, "p50": 12.045299195502594, "p90": 17.016166760800846, "p95": 17.46797024584921, "p99": 18.10927458364131, "max": 18.83621413599758}, "Throughput": {"unit": "tokens/s", "min": 10.617844889424106, "p50": 16.605945610498544, "p90": 21.927123021947754, "p95": 25.016626878391197, "p99": 28.171897292008076, "max": 31.740386115111416}, "TTFT": {"unit": "s", "min": 0.04595733200403629, "p50": 0.5836669805030397, "p90": 2.67784297250255, "p95": 3.946203962254367, "p99": 5.813177243479513, "max": 6.153135068001575}, "TPOT": {"unit": "ms", "min": 27.422740319146197, "p50": 56.5232963567929, "p90": 78.15076149446904, "p95": 83.80574490375196, "p99": 88.16279074737797, "max": 93.32074569847555}, "Input Tokens per Minute": {"unit": "tokens/min", "min": 216517.11441084498, "p50": 216517.11441084498, "p90": 216517.11441084498, "p95": 216517.11441084498, "p99": 216517.11441084498, "max": 216517.11441084498}, "Output Tokens per Minute": {"unit": "tokens/min", "min": 10964.304506899487, "p50": 10964.304506899487, "p90": 10964.304506899487, "p95": 10964.304506899487, "p99": 10964.304506899487, "max": 10964.304506899487}}
{"actual_qps": 1.1833129585774282, "success_rate": 100.0, "input_tokens": 4057, "output_tokens": 200, "model": "QwQ-32B", "input_tokens_per_minute": 270890.3356736379, "output_tokens_per_minute": 13353.654901834956, "slo_seconds": 5.0, "slo_attainment": 0.0, "ttft_slo_ms": 1000, "ttft_slo_attainment": 72.85714285714285, "tpot_slo_ms": 50, "tpot_slo_attainment": 40.0, "Latency": {"unit": "s", "min": 5.937165214003471, "p50": 10.957228149000002, "p90": 27.243216232199483, "p95": 30.898554225402403, "p99": 32.78230477151803, "max": 33.16405540800042}, "Throughput": {"unit": "tokens/s", "min": 6.030625553464503, "p50": 18.25281585550549, "p90": 24.90115097982948, "p95": 27.257934167230786, "p99": 33.333341886668876, "max": 33.68610991795841}, "TTFT": {"unit": "s", "min": 0.05004413199640112, "p50": 0.5160470884984534, "p90": 2.3667452753972613, "p95": 3.480282797500329, "p99": 5.679204232349878, "max": 6.496185887997854}, "TPOT": {"unit": "ms", "min": 28.974209698486018, "p50": 53.27404342210342, "p90": 123.60851274673558, "p95": 140.25054373745863, "p99": 144.31046548447753, "max": 144.31436696982226}, "Input Tokens per Minute": {"unit": "tokens/min", "min": 270890.3356736379, "p50": 270890.3356736379, "p90": 270890.3356736379, "p95": 270890.3356736379, "p99": 270890.3356736379, "max": 270890.3356736379}, "Output Tokens per Minute": {"unit": "tokens/min", "min": 13353.654901834956, "p50": 13353.654901834956, "p90": 13353.654901834956, "p95": 13353.654901834956, "p99": 13353.654901834956, "max": 13353.654901834956}}
{"actual_qps": 1.1967428125492545, "success_rate": 100.0, "input_tokens": 3923, "output_tokens": 200, "model": "QwQ-32B", "input_tokens_per_minute": 303099.35129686387, "output_tokens_per_minute": 15452.08638640902, "slo_seconds": 5.0, "slo_attainment": 0.0, "ttft_slo_ms": 1000, "ttft_slo_attainment": 75.30864197530865, "tpot_slo_ms": 50, "tpot_slo_attainment": 43.20987654320987, "Latency": {"unit": "s", "min": 5.893703280999034, "p50": 11.438062736000575, "p90": 18.077983524002775, "p95": 29.01567977499508, "p99": 34.357160303801365, "max": 36.589617438999994}, "Throughput": {"unit": "tokens/s", "min": 5.466031459154443, "p50": 17.485478495454718, "p90": 24.384568670642523, "p95": 25.941103095916194, "p99": 31.052245228621707, "max": 33.934521380604394}, "TTFT": {"unit": "s", "min": 0.060654503999103326, "p50": 0.5223048240004573, "p90": 2.1139728619964444, "p95": 2.7697063739979058, "p99": 5.49798855580303, "max": 7.6690289990001475}, "TPOT": {"unit": "ms", "min": 28.363725090457592, "p50": 51.67713195980432, "p90": 88.87850244223297, "p95": 140.7971591959987, "p99": 146.37736545426827, "max": 150.5684666683293}, "Input Tokens per Minute": {"unit": "tokens/min", "min": 303099.35129686387, "p50": 303099.35129686387, "p90": 303099.35129686387, "p95": 303099.35129686387, "p99": 303099.35129686387, "max": 303099.35129686387}, "Output Tokens per Minute": {"unit": "tokens/min", "min": 15452.08638640902, "p50": 15452.08638640902, "p90": 15452.08638640902, "p95": 15452.08638640902, "p99": 15452.08638640902, "max": 15452.08638640902}}
{"actual_qps": 1.116663889542076, "success_rate": 100.0, "input_tokens": 3791, "output_tokens": 197, "model": "QwQ-32B", "input_tokens_per_minute": 267607.2442327725, "output_tokens_per_minute": 13966.015362333388,