{"actual_qps": 5.256432116392845, "success_rate": 100.0, "input_tokens": 3920, "output_tokens": 199, "model": "QwQ-32B", "input_tokens_per_minute": 879825.891881177, "output_tokens_per_minute": 44761.07353684696, "slo_seconds": 5.0, "slo_attainment": 0.4405286343612335, "ttft_slo_ms": 1000, "ttft_slo_attainment": 18.06167400881057, "tpot_slo_ms": 50, "tpot_slo_attainment": 38.76651982378855, "Latency": {"unit": "s", "min": 4.495598604000406, "p50": 14.9967393620027, "p90": 39.266737840398854, "p95": 39.447054218497215, "p99": 41.52534890898343, "max": 42.04999142100132}, "Throughput": {"unit": "tokens/s", "min": 4.756243538735006, "p50": 13.32783786150187, "p90": 25.645416415694093, "p95": 26.515898868085202, "p99": 38.44420400261758, "max": 44.48795758189579}, "TTFT": {"unit": "s", "min": 0.28047459100343985, "p50": 3.2808625510006095, "p90": 11.763394107199565, "p95": 13.02088537749878, "p99": 14.551342850976361, "max": 18.64481373000308}, "TPOT": {"unit": "ms", "min": 20.323985618078176, "p50": 57.86981158291666, "p90": 147.50850677284606, "p95": 148.6127686774052, "p99": 150.8009075455377, "max": 153.49851617087663}, "Input Tokens per Minute": {"unit": "tokens/min", "min": 879825.891881177, "p50": 879825.891881177, "p90": 879825.891881177, "p95": 879825.891881177, "p99": 879825.891881177, "max": 879825.891881177}, "Output Tokens per Minute": {"unit": "tokens/min", "min": 44761.07353684696, "p50": 44761.07353684696, "p90": 44761.07353684696, "p95": 44761.07353684696, "p99": 44761.07353684696, "max": 44761.07353684696}}
{"actual_qps": 5.13767091383852, "success_rate": 100.0, "input_tokens": 3979, "output_tokens": 198, "model": "QwQ-32B", "input_tokens_per_minute": 1191462.3246297878, "output_tokens_per_minute": 59522.79003653146, "slo_seconds": 5.0, "slo_attainment": 0.0, "ttft_slo_ms": 1000, "ttft_slo_attainment": 16.447368421052634, "tpot_slo_ms": 50, "tpot_slo_attainment": 38.15789473684211, "Latency": {"unit": "s", "min": 5.922889251000015, "p50": 13.46030431050167, "p90": 30.010259091499755, "p95": 36.29975521874648, "p99": 49.4059550002317, "max": 51.23528298799647}, "Throughput": {"unit": "tokens/s", "min": 1.879524747703572, "p50": 14.735996264093487, "p90": 22.66720896640321, "p95": 25.30613347373055, "p99": 28.142073856906226, "max": 33.76730367974248}, "TTFT": {"unit": "s", "min": 0.1730456760051311, "p50": 2.3032283685024595, "p90": 7.096237442400889, "p95": 11.797912487152525, "p99": 21.101286369200533, "max": 22.20962306799629}, "TPOT": {"unit": "ms", "min": 26.172880351765144, "p50": 56.59816374622891, "p90": 124.6103305984964, "p95": 133.83202442637594, "p99": 145.85733225261382, "max": 272.01052113238853}, "Input Tokens per Minute": {"unit": "tokens/min", "min": 1191462.3246297878, "p50": 1191462.3246297878, "p90": 1191462.3246297878, "p95": 1191462.3246297878, "p99": 1191462.3246297878, "max": 1191462.3246297878}, "Output Tokens per Minute": {"unit": "tokens/min", "min": 59522.79003653146, "p50": 59522.79003653146, "p90": 59522.79003653146, "p95": 59522.79003653146, "p99": 59522.79003653146, "max": 59522.79003653146}}
{"actual_qps": 5.046945338773435, "success_rate": 100.0, "input_tokens": 3991, "output_tokens": 198, "model": "QwQ-32B", "input_tokens_per_minute": 1265779.6371840858, "output_tokens_per_minute": 63028.88111383469, "slo_seconds": 5.0, "slo_attainment": 0.0, "ttft_slo_ms": 1000, "ttft_slo_attainment": 23.29192546583851, "tpot_slo_ms": 50, "tpot_slo_attainment": 35.714285714285715, "Latency": {"unit": "s", "min": 5.479983110999456, "p50": 13.072985384500498, "p90": 20.00677850730572, "p95": 26.592256568294395, "p99": 31.039390241649453, "max": 32.95323035599722}, "Throughput": {"unit": "tokens/s", "min": 4.514277457480662, "p50": 15.116949258294433, "p90": 21.789594956198712, "p95": 22.544227343405563, "p99": 28.28617707673071, "max": 33.95168541499692}, "TTFT": {"unit": "s", "min": 0.24717262499325443, "p50": 1.8056968245000462, "p90": 5.45005806449699, "p95": 8.250663886553228, "p99": 11.591012163397627, "max": 15.731057760000112}, "TPOT": {"unit": "ms", "min": 27.020726271358907, "p50": 55.82046658794446, "p90": 83.02444331606075, "p95": 97.89901184875399, "p99": 127.0460194058174, "max": 182.85061165387071}, "Input Tokens per Minute": {"unit": "tokens/min", "min": 1265779.6371840858, "p50": 1265779.6371840858, "p90": 1265779.6371840858, "p95": 1265779.6371840858, "p99": 1265779.6371840858, "max": 1265779.6371840858}, "Output Tokens per Minute": {"unit": "tokens/min", "min": 63028.88111383469, "p50": 63028.88111383469, "p90": 63028.88111383469, "p95": 63028.88111383469, "p99": 63028.88111383469, "max": 63028.88111383469}}
{"actual_qps": 5.134609639157844, "success_rate": 100.0, "input_tokens": 4025, "output_tokens": 198, "model": "QwQ-32B", "input_tokens_per_minute": 1236225.6774074277, "output_tokens_per_minute": 61074.9513200096, "slo_seconds": 5.0, "slo_attainment": 0.0, "ttft_slo_ms": 1000, "ttft_slo_attainment": 33.01282051282051, "tpot_slo_ms": 50, "tpot_slo_attainment": 39.743589743589745, "Latency": {"unit": "s", "min": 5.124695508995501, "p50": 12.202111555005104, "p90": 17.618338366596436, "p95": 20.5232408386506, "p99": 23.613627419317055, "max": 26.308064352000656}, "Throughput": {"unit": "tokens/s", "min": 7.602231670259334, "p50": 16.31247448052519, "p90": 23.066911812601674, "p95": 25.19032495564089, "p99": 26.595796783570908, "max": 34.43125817907173}, "TTFT": {"unit": "s", "min": 0.06614938999700826, "p50": 1.3660029850034334, "p90": 3.4944377256018933, "p95": 4.126878083046177, "p99": 5.579409286982624, "max": 6.718746484002622}, "TPOT": {"unit": "ms", "min": 28.85691427638732, "p50": 52.90192393216391, "p90": 77.98026411253514, "p95": 86.86101447211563, "p99": 112.71225710457762, "max": 131.25097862815272}, "Input Tokens per Minute": {"unit": "tokens/min", "min": 1236225.6774074277, "p50": 1236225.6774074277, "p90": 1236225.6774074277, "p95": 1236225.6774074277, "p99": 1236225.6774074277, "max": 1236225.6774074277}, "Output Tokens per Minute": {"unit": "tokens/min", "min": 61074.9513200096, "p50": 61074.9513200096, "p90": 61074.9513200096, "p95": 61074.9513200096, "p99": 61074.9513200096, "max": 61074.9513200096}}
{"actual_qps": 5.065429703609176, "success_rate": 100.0, "input_tokens": 4028, "output_tokens": 199, "model": "QwQ-32B", "input_tokens_per_minute": 1176865.5449289768, "output_tokens_per_minute": 58281.94894900228, "slo_seconds": 5.0, "slo_attainment": 0.33670033670033667, "ttft_slo_ms": 1000, "ttft_slo_attainment": 40.4040404040404, "tpot_slo_ms": 50, "tpot_slo_attainment": 43.77104377104377, "Latency": {"unit": "s", "min": 3.0622548710016417, "p50": 11.701639022998279, "p90": 32.74901315600145, "p95": 34.61807998280128, "p99": 43.749830813037406, "max": 43.976905235998856}, "Throughput": {"unit": "tokens/s", "min": 4.547841621112595, "p50": 17.091622772410094, "p90": 24.744763264818843, "p95": 25.802650292064694, "p99": 29.16420348555035, "max": 34.21399953734014}, "TTFT": {"unit": "s", "min": 0.07944618399778847, "p50": 1.196054895000998, "p90": 4.506812219999847, "p95": 7.071221386203251, "p99": 14.554326057923026, "max": 15.109395587998733}, "TPOT": {"unit": "ms", "min": 27.049824040211696, "p50": 53.128253804011116, "p90": 144.88988338491262, "p95": 145.54465281307327, "p99": 149.13976611515702, "max": 149.29438988441524}, "Input Tokens per Minute": {"unit": "tokens/min", "min": 1176865.5449289768, "p50": 1176865.5449289768, "p90": 1176865.5449289768, "p95": 1176865.5449289768, "p99": 1176865.5449289768, "max": 1176865.5449289768}, "Output Tokens per Minute": {"unit": "tokens/min", "min": 58281.94894900228, "p50": 58281.94894900228, "p90": 58281.94894900228, "p95": 58281.94894900228, "p99": 58281.94894900228, "max": 58281.94894900228}}
{"actual_qps": 5.328049833209851, "success_rate": 100.0, "input_tokens": 3974, "output_tokens": 199, "model": "QwQ-32B", "input_tokens_per_minute": 1336964.59807769, "output_tokens_per_minute": 67192.1873344383, "slo_seconds": 5.0,