{"actual_qps": 5.3163792209798135, "success_rate": 100.0, "input_tokens": 3867, "output_tokens": 200, "model": "QwQ-32B", "input_tokens_per_minute": 1103493.097268062, "output_tokens_per_minute": 57060.26890591999, "slo_seconds": 5.0, "slo_attainment": 0.6944444444444444, "ttft_slo_ms": 1000, "ttft_slo_attainment": 6.25, "tpot_slo_ms": 50, "tpot_slo_attainment": 85.06944444444444, "Latency": {"unit": "s", "min": 4.796348459000001, "p50": 11.337647739000204, "p90": 15.540732600700176, "p95": 16.223132461349177, "p99": 18.727824939749894, "max": 22.501007185999697}, "Throughput": {"unit": "tokens/s", "min": 8.888491006057789, "p50": 17.640467210702635, "p90": 29.816067322401278, "p95": 34.382205932215975, "p99": 38.635746347383595, "max": 41.69838820294937}, "TTFT": {"unit": "s", "min": 0.48900617999970564, "p50": 3.6390431034997164, "p90": 6.648512286498954, "p95": 7.472040940400802, "p99": 9.155104657510325, "max": 13.999147604999962}, "TPOT": {"unit": "ms", "min": 15.933197492461717, "p50": 37.81866214070139, "p90": 53.04641821055417, "p95": 56.85340991004983, "p99": 63.25089222783587, "max": 65.16884441205448}, "Input Tokens per Minute": {"unit": "tokens/min", "min": 1103493.097268062, "p50": 1103493.097268062, "p90": 1103493.097268062, "p95": 1103493.097268062, "p99": 1103493.097268062, "max": 1103493.097268062}, "Output Tokens per Minute": {"unit": "tokens/min", "min": 57060.26890591999, "p50": 57060.26890591999, "p90": 57060.26890591999, "p95": 57060.26890591999, "p99": 57060.26890591999, "max": 57060.26890591999}}
{"actual_qps": 5.137307972387625, "success_rate": 100.0, "input_tokens": 3972, "output_tokens": 199, "model": "QwQ-32B", "input_tokens_per_minute": 1188365.2941172754, "output_tokens_per_minute": 59787.47238331579, "slo_seconds": 5.0, "slo_attainment": 22.185430463576157, "ttft_slo_ms": 1000, "ttft_slo_attainment": 57.94701986754966, "tpot_slo_ms": 50, "tpot_slo_attainment": 99.33774834437085, "Latency": {"unit": "s", "min": 3.7929177610003535, "p50": 6.279385849499704, "p90": 9.027843548800229, "p95": 10.69795875730042, "p99": 13.865530970429845, "max": 14.461337591999836}, "Throughput": {"unit": "tokens/s", "min": 13.829979331278603, "p50": 31.761894150870553, "p90": 44.44344340650772, "p95": 46.97741562225191, "p99": 49.93580298420026, "max": 52.729854060229215}, "TTFT": {"unit": "s", "min": 0.17988634900029865, "p50": 0.8828962509996927, "p90": 2.086398764399564, "p95": 2.6112018310492204, "p99": 4.8226050523298065, "max": 7.225061815999652}, "TPOT": {"unit": "ms", "min": 13.912659070352383, "p50": 26.630202881909522, "p90": 39.94559573015223, "p95": 42.72037018744088, "p99": 48.484555409153174, "max": 52.02049707035047}, "Input Tokens per Minute": {"unit": "tokens/min", "min": 1188365.2941172754, "p50": 1188365.2941172754, "p90": 1188365.2941172754, "p95": 1188365.2941172754, "p99": 1188365.2941172754, "max": 1188365.2941172754}, "Output Tokens per Minute": {"unit": "tokens/min", "min": 59787.47238331579, "p50": 59787.47238331579, "p90": 59787.47238331579, "p95": 59787.47238331579, "p99": 59787.47238331579, "max": 59787.47238331579}}
{"actual_qps": 5.162677347918989, "success_rate": 100.0, "input_tokens": 4034, "output_tokens": 199, "model": "QwQ-32B", "input_tokens_per_minute": 1241632.4791464687, "output_tokens_per_minute": 61369.223965841105, "slo_seconds": 5.0, "slo_attainment": 25.723472668810288, "ttft_slo_ms": 1000, "ttft_slo_attainment": 65.59485530546624, "tpot_slo_ms": 50, "tpot_slo_attainment": 100.0, "Latency": {"unit": "s", "min": 2.616794999999911, "p50": 5.8326356379984645, "p90": 8.362429854001675, "p95": 9.101461090000157, "p99": 9.860815252798961, "max": 10.314823787999558}, "Throughput": {"unit": "tokens/s", "min": 19.389570206006177, "p50": 34.25524848396658, "p90": 44.19410672070071, "p95": 45.814722277370265, "p99": 49.1731434452469, "max": 51.60755617690452}, "TTFT": {"unit": "s", "min": 0.1670538510006736, "p50": 0.808194667000862, "p90": 1.4850470460005454, "p95": 1.6205642904997148, "p99": 1.9733185270009925, "max": 2.4140897750003205}, "TPOT": {"unit": "ms", "min": 16.62521421105028, "p50": 24.8576757587865, "p90": 36.92037462814136, "p95": 40.18197856533165, "p99": 43.4278696572907, "max": 49.139015768838846}, "Input Tokens per Minute": {"unit": "tokens/min", "min": 1241632.4791464687, "p50": 1241632.4791464687, "p90": 1241632.4791464687, "p95": 1241632.4791464687, "p99": 1241632.4791464687, "max": 1241632.4791464687}, "Output Tokens per Minute": {"unit": "tokens/min", "min": 61369.223965841105, "p50": 61369.223965841105, "p90": 61369.223965841105, "p95": 61369.223965841105, "p99": 61369.223965841105, "max": 61369.223965841105}}
{"actual_qps": 5.049997190854903, "success_rate": 100.0, "input_tokens": 4103, "output_tokens": 199, "model": "QwQ-32B", "input_tokens_per_minute": 1275253.879314044, "output_tokens_per_minute": 61958.06607868682, "slo_seconds": 5.0, "slo_attainment": 36.94267515923567, "ttft_slo_ms": 1000, "ttft_slo_attainment": 88.21656050955414, "tpot_slo_ms": 50, "tpot_slo_attainment": 100.0, "Latency": {"unit": "s", "min": 1.9277254629996605, "p50": 5.573000085999411, "p90": 8.440901072300948, "p95": 9.651405987449744, "p99": 10.399050747169731, "max": 10.880723415999455}, "Throughput": {"unit": "tokens/s", "min": 18.38113077168306, "p50": 35.887313626872476, "p90": 46.554859520921745, "p95": 49.74522009730229, "p99": 52.59237124059313, "max": 55.80616040466875}, "TTFT": {"unit": "s", "min": 0.07884959900002286, "p50": 0.5423920584998996, "p90": 1.109613628199986, "p95": 1.27207211535042, "p99": 1.6033705750505762, "max": 1.9293020049990446}, "TPOT": {"unit": "ms", "min": 17.473006668342578, "p50": 24.560337304018816, "p90": 37.68430438794163, "p95": 43.01956560930055, "p99": 49.57838070959984, "max": 49.83318158794198}, "Input Tokens per Minute": {"unit": "tokens/min", "min": 1275253.879314044, "p50": 1275253.879314044, "p90": 1275253.879314044, "p95": 1275253.879314044, "p99": 1275253.879314044, "max": 1275253.879314044}, "Output Tokens per Minute": {"unit": "tokens/min", "min": 61958.06607868682, "p50": 61958.06607868682, "p90": 61958.06607868682, "p95": 61958.06607868682, "p99": 61958.06607868682, "max": 61958.06607868682}}
{"actual_qps": 5.083256467294361, "success_rate": 100.0, "input_tokens": 3970, "output_tokens": 199, "model": "QwQ-32B", "input_tokens_per_minute": 1233898.3596306883, "output_tokens_per_minute": 61999.631404299456, "slo_seconds": 5.0, "slo_attainment": 35.98726114649681, "ttft_slo_ms": 1000, "ttft_slo_attainment": 92.03821656050955, "tpot_slo_ms": 50, "tpot_slo_attainment": 98.72611464968153, "Latency": {"unit": "s", "min": 1.80950748900068, "p50": 5.601223714000298, "p90": 8.222712157900423, "p95": 9.234979378299414, "p99": 11.00116907388063, "max": 11.061882457999673}, "Throughput": {"unit": "tokens/s", "min": 18.080105331020317, "p50": 35.62902539567874, "p90": 46.727562173868755, "p95": 49.844915613440904, "p99": 54.63037481052208, "max": 56.68816085395908}, "TTFT": {"unit": "s", "min": 0.08188416700068046, "p50": 0.487406579499293, "p90": 0.9091527939994194, "p95": 1.1504656331998375, "p99": 1.560544473559094, "max": 2.125427741999374}, "TPOT": {"unit": "ms", "min": 17.317534507535342, "p50": 25.443356655776725, "p90": 38.069154273371026, "p95": 41.02959541809074, "p99": 50.15979006628004, "max": 52.649002668334305}, "Input Tokens per Minute": {"unit": "tokens/min", "min": 1233898.3596306883, "p50": 1233898.3596306883, "p90": 1233898.3596306883, "p95": 1233898.3596306883, "p99": 1233898.3596306883, "max": 1233898.3596306883}, "Output Tokens per Minute": {"unit": "tokens/min", "min": 61999.631404299456, "p50": 61999.631404299456, "p90": 61999.631404299456, "p95": 61999.631404299456, "p99": 61999.631404299456, "max": 61999.631404299456}}
{"actual_qps": 5.295145109561557, "success_rate": 100.0, "input_tokens": 3958, "output_tokens": 199, "model": "QwQ-32B", "input_tokens_per_minute": 1207059.9674461095, "output_tokens_per_minute": 60976.4648232706,