{"actual_qps": 3.1363226683525567, "success_rate": 100.0, "input_tokens": 3807, "output_tokens": 199, "model": "QwQ-32B", "input_tokens_per_minute": 592699.9589900118, "output_tokens_per_minute": 31012.155591120445, "slo_seconds": 5.0, "slo_attainment": 0.0, "ttft_slo_ms": 1000, "ttft_slo_attainment": 8.227848101265822, "tpot_slo_ms": 50, "tpot_slo_attainment": 86.07594936708861, "Latency": {"unit": "s", "min": 6.0589000879990635, "p50": 10.412065845499455, "p90": 13.698672432899548, "p95": 14.635619285999566, "p99": 16.608022797289618, "max": 19.02188704999935}, "Throughput": {"unit": "tokens/s", "min": 10.514203952231272, "p50": 19.16859473735377, "p90": 25.00931749429159, "p95": 27.289049822331467, "p99": 32.28343209815292, "max": 33.009291636305804}, "TTFT": {"unit": "s", "min": 0.4586181750000833, "p50": 2.6270018354998683, "p90": 4.51598259870098, "p95": 5.310796699100138, "p99": 5.6119047420793144, "max": 13.543957841999145}, "TPOT": {"unit": "ms", "min": 25.593929537686407, "p50": 38.430653469850455, "p90": 52.60508614673424, "p95": 54.61167932914838, "p99": 61.88645061778828, "max": 68.01437531578956}, "Input Tokens per Minute": {"unit": "tokens/min", "min": 592699.9589900118, "p50": 592699.9589900118, "p90": 592699.9589900118, "p95": 592699.9589900118, "p99": 592699.9589900118, "max": 592699.9589900118}, "Output Tokens per Minute": {"unit": "tokens/min", "min": 31012.155591120445, "p50": 31012.155591120445, "p90": 31012.155591120445, "p95": 31012.155591120445, "p99": 31012.155591120445, "max": 31012.155591120445}}
{"actual_qps": 3.379261672827759, "success_rate": 100.0, "input_tokens": 3741, "output_tokens": 199, "model": "QwQ-32B", "input_tokens_per_minute": 722563.4221048445, "output_tokens_per_minute": 38610.26671729895, "slo_seconds": 5.0, "slo_attainment": 0.0, "ttft_slo_ms": 1000, "ttft_slo_attainment": 20.918367346938776, "tpot_slo_ms": 50, "tpot_slo_attainment": 76.53061224489795, "Latency": {"unit": "s", "min": 5.936447533000319, "p50": 9.772460539999884, "p90": 14.960204891000103, "p95": 15.83845554500067, "p99": 17.648105908300117, "max": 18.15870502100006}, "Throughput": {"unit": "tokens/s", "min": 11.014001261031847, "p50": 20.46579774044631, "p90": 28.42512655179278, "p95": 29.93840466500279, "p99": 32.944722585649735, "max": 33.69018236718395}, "TTFT": {"unit": "s", "min": 0.19177783299892326, "p50": 1.5115525805003927, "p90": 2.97269641999992, "p95": 3.607374505249936, "p99": 4.781785857500021, "max": 5.957104834000347}, "TPOT": {"unit": "ms", "min": 23.9599284924595, "p50": 40.764954854271465, "p90": 64.65903647738595, "p95": 71.7799774949741, "p99": 79.8557325268893, "max": 85.70552985930136}, "Input Tokens per Minute": {"unit": "tokens/min", "min": 722563.4221048445, "p50": 722563.4221048445, "p90": 722563.4221048445, "p95": 722563.4221048445, "p99": 722563.4221048445, "max": 722563.4221048445}, "Output Tokens per Minute": {"unit": "tokens/min", "min": 38610.26671729895, "p50": 38610.26671729895, "p90": 38610.26671729895, "p95": 38610.26671729895, "p99": 38610.26671729895, "max": 38610.26671729895}}
{"actual_qps": 3.2260048713537572, "success_rate": 100.0, "input_tokens": 3682, "output_tokens": 200, "model": "QwQ-32B", "input_tokens_per_minute": 736460.1230170265, "output_tokens_per_minute": 40000.42942464308, "slo_seconds": 5.0, "slo_attainment": 0.0, "ttft_slo_ms": 1000, "ttft_slo_attainment": 21.67487684729064, "tpot_slo_ms": 50, "tpot_slo_attainment": 76.35467980295566, "Latency": {"unit": "s", "min": 5.665401547999863, "p50": 9.856359215000339, "p90": 14.119798212400566, "p95": 15.834109081801214, "p99": 18.68382290323843, "max": 19.64689400700081}, "Throughput": {"unit": "tokens/s", "min": 10.179726114913313, "p50": 20.291468242717972, "p90": 28.655016803199803, "p95": 30.041902397731782, "p99": 33.775681700411866, "max": 35.30199903846336}, "TTFT": {"unit": "s", "min": 0.21470948199930717, "p50": 1.5831682090010872, "p90": 3.131165078400592, "p95": 3.6566999237998963, "p99": 5.055881441599157, "max": 5.443620641000962}, "TPOT": {"unit": "ms", "min": 21.243680296487327, "p50": 39.41783055276788, "p90": 59.83362049950093, "p95": 69.5698449170818, "p99": 80.94527578311529, "max": 84.90871416582574}, "Input Tokens per Minute": {"unit": "tokens/min", "min": 736460.1230170265, "p50": 736460.1230170265, "p90": 736460.1230170265, "p95": 736460.1230170265, "p99": 736460.1230170265, "max": 736460.1230170265}, "Output Tokens per Minute": {"unit": "tokens/min", "min": 40000.42942464308, "p50": 40000.42942464308, "p90": 40000.42942464308, "p95": 40000.42942464308, "p99": 40000.42942464308, "max": 40000.42942464308}}
{"actual_qps": 3.2166239506511403, "success_rate": 100.0, "input_tokens": 3699, "output_tokens": 199, "model": "QwQ-32B", "input_tokens_per_minute": 732690.6244214923, "output_tokens_per_minute": 39482.19726017603, "slo_seconds": 5.0, "slo_attainment": 0.4975124378109453, "ttft_slo_ms": 1000, "ttft_slo_attainment": 63.681592039801, "tpot_slo_ms": 50, "tpot_slo_attainment": 98.00995024875621, "Latency": {"unit": "s", "min": 4.4996082649995515, "p50": 7.957740968000508, "p90": 9.39904442199986, "p95": 10.470151798001098, "p99": 14.043020060000345, "max": 15.83315221399971}, "Throughput": {"unit": "tokens/s", "min": 12.631723443115739, "p50": 25.06869423555942, "p90": 29.03323357788623, "p95": 30.468511399182823, "p99": 33.301419755799216, "max": 38.44207157391912}, "TTFT": {"unit": "s", "min": 0.05863316700015275, "p50": 0.7419167369989736, "p90": 1.7197972550002305, "p95": 2.040334908000659, "p99": 2.562987407000037, "max": 2.9577310559998296}, "TPOT": {"unit": "ms", "min": 24.478580150758745, "p50": 35.73454645729314, "p90": 43.06228469346508, "p95": 45.229360251256026, "p99": 58.4090984472398, "max": 69.17255778391528}, "Input Tokens per Minute": {"unit": "tokens/min", "min": 732690.6244214923, "p50": 732690.6244214923, "p90": 732690.6244214923, "p95": 732690.6244214923, "p99": 732690.6244214923, "max": 732690.6244214923}, "Output Tokens per Minute": {"unit": "tokens/min", "min": 39482.19726017603, "p50": 39482.19726017603, "p90": 39482.19726017603, "p95": 39482.19726017603, "p99": 39482.19726017603, "max": 39482.19726017603}}
{"actual_qps": 3.311464634493029, "success_rate": 100.0, "input_tokens": 3876, "output_tokens": 200, "model": "QwQ-32B", "input_tokens_per_minute": 747408.7155097867, "output_tokens_per_minute": 38557.251585780214, "slo_seconds": 5.0, "slo_attainment": 0.0, "ttft_slo_ms": 1000, "ttft_slo_attainment": 65.3061224489796, "tpot_slo_ms": 50, "tpot_slo_attainment": 100.0, "Latency": {"unit": "s", "min": 6.06052623800133, "p50": 7.651592604500365, "p90": 9.204413998999371, "p95": 9.633517310999196, "p99": 10.596881329099054, "max": 11.189657361001082}, "Throughput": {"unit": "tokens/s", "min": 17.873648276045785, "p50": 26.13835012313293, "p90": 28.92295166518407, "p95": 29.410662030992736, "p99": 31.158172745152896, "max": 33.00043463980728}, "TTFT": {"unit": "s", "min": 0.08958381500087853, "p50": 0.785802015999252, "p90": 1.527322481999363, "p95": 1.9251353302497591, "p99": 2.2627719018495553, "max": 2.2819972570014215}, "TPOT": {"unit": "ms", "min": 28.23477663818879, "p50": 34.48316103517138, "p90": 40.69639412563305, "p95": 43.124542342964595, "p99": 46.24174763115545, "max": 49.00821340703973}, "Input Tokens per Minute": {"unit": "tokens/min", "min": 747408.7155097867, "p50": 747408.7155097867, "p90": 747408.7155097867, "p95": 747408.7155097867, "p99": 747408.7155097867, "max": 747408.7155097867}, "Output Tokens per Minute": {"unit": "tokens/min", "min": 38557.251585780214, "p50": 38557.251585780214, "p90": 38557.251585780214, "p95": 38557.251585780214, "p99": 38557.251585780214, "max": 38557.251585780214}}
{"actual_qps": 3.338752514798805, "success_rate": 100.0, "input_tokens": 3792, "output_tokens": 200, "model": "QwQ-32B", "input_tokens_per_minute": 811196.8595564471, "output_tokens_per_minute": 42774.74236350932, "slo_seconds": 5.0, "slo_attainment": 4.072398190045249,