{"actual_qps": 5.660905348695142, "success_rate": 100.0, "input_tokens": 4095, "output_tokens": 199, "model": "QwQ-32B", "input_tokens_per_minute": 863959.6329088286, "output_tokens_per_minute": 42061.01057886889, "slo_seconds": 5.0, "slo_attainment": 0.0, "ttft_slo_ms": 1000, "ttft_slo_attainment": 0.0, "tpot_slo_ms": 50, "tpot_slo_attainment": 49.08256880733945, "Latency": {"unit": "s", "min": 11.468141372999526, "p50": 16.3186250535, "p90": 27.06937755070067, "p95": 29.02397157280002, "p99": 29.97233146096107, "max": 32.2427743799999}, "Throughput": {"unit": "tokens/s", "min": 3.840552635804549, "p50": 12.25593791808644, "p90": 15.043359025497576, "p95": 16.354973473490237, "p99": 17.171092009662786, "max": 17.439617588851664}, "TTFT": {"unit": "s", "min": 1.5540661420000106, "p50": 7.036918044499544, "p90": 16.467285749500846, "p95": 18.862900065300526, "p99": 20.97052023082051, "max": 24.495784606000598}, "TPOT": {"unit": "ms", "min": 26.96691406030615, "p50": 50.76299962562262, "p90": 64.82727917185245, "p95": 70.2973019716058, "p99": 79.94841084176261, "max": 86.65585409230866}, "Input Tokens per Minute": {"unit": "tokens/min", "min": 863959.6329088286, "p50": 863959.6329088286, "p90": 863959.6329088286, "p95": 863959.6329088286, "p99": 863959.6329088286, "max": 863959.6329088286}, "Output Tokens per Minute": {"unit": "tokens/min", "min": 42061.01057886889, "p50": 42061.01057886889, "p90": 42061.01057886889, "p95": 42061.01057886889, "p99": 42061.01057886889, "max": 42061.01057886889}}
{"actual_qps": 4.278095567957678, "success_rate": 100.0, "input_tokens": 3930, "output_tokens": 198, "model": "QwQ-32B", "input_tokens_per_minute": 920632.4263555149, "output_tokens_per_minute": 46432.01359056665, "slo_seconds": 5.0, "slo_attainment": 0.0, "ttft_slo_ms": 1000, "ttft_slo_attainment": 0.0, "tpot_slo_ms": 50, "tpot_slo_attainment": 61.6, "Latency": {"unit": "s", "min": 9.647961059999943, "p50": 21.315548638499422, "p90": 37.733772985501126, "p95": 44.27971066035061, "p99": 50.376322472039874, "max": 68.28869793099875}, "Throughput": {"unit": "tokens/s", "min": 2.9287423257372236, "p50": 9.303613253077625, "p90": 13.869946426516487, "p95": 14.705198667357061, "p99": 18.17986438180902, "max": 19.84900634396924}, "TTFT": {"unit": "s", "min": 1.7083007430010184, "p50": 12.474937601500642, "p90": 29.540466776000358, "p95": 33.33979060580005, "p99": 40.102922679049364, "max": 64.32502781499898}, "TPOT": {"unit": "ms", "min": 11.520763110551817, "p50": 44.25269101004653, "p90": 72.42774307738435, "p95": 78.90975354253922, "p99": 85.70113126914664, "max": 106.77478797827897}, "Input Tokens per Minute": {"unit": "tokens/min", "min": 920632.4263555149, "p50": 920632.4263555149, "p90": 920632.4263555149, "p95": 920632.4263555149, "p99": 920632.4263555149, "max": 920632.4263555149}, "Output Tokens per Minute": {"unit": "tokens/min", "min": 46432.01359056665, "p50": 46432.01359056665, "p90": 46432.01359056665, "p95": 46432.01359056665, "p99": 46432.01359056665, "max": 46432.01359056665}}
{"actual_qps": 5.294911898023818, "success_rate": 100.0, "input_tokens": 3983, "output_tokens": 199, "model": "QwQ-32B", "input_tokens_per_minute": 1529900.3732288277, "output_tokens_per_minute": 76697.50998049555, "slo_seconds": 5.0, "slo_attainment": 0.0, "ttft_slo_ms": 1000, "ttft_slo_attainment": 1.2195121951219512, "tpot_slo_ms": 50, "tpot_slo_attainment": 39.268292682926834, "Latency": {"unit": "s", "min": 6.952263426999707, "p50": 17.864299038000354, "p90": 28.29196287729974, "p95": 35.68812267999929, "p99": 41.012480640910475, "max": 49.52899850100039}, "Throughput": {"unit": "tokens/s", "min": 4.03803844319526, "p50": 11.181469113474144, "p90": 17.45619996086904, "p95": 19.787519545360123, "p99": 25.45400732193101, "max": 28.767609584999754}, "TTFT": {"unit": "s", "min": 0.4656567170004564, "p50": 6.66127723199952, "p90": 16.73983071139938, "p95": 20.813180543399138, "p99": 27.471778957570795, "max": 32.14997134499936}, "TPOT": {"unit": "ms", "min": 18.291531879400445, "p50": 54.09641206029965, "p90": 76.81934315276696, "p95": 83.87041150653332, "p99": 97.10336997696828, "max": 104.5003618994965}, "Input Tokens per Minute": {"unit": "tokens/min", "min": 1529900.3732288277, "p50": 1529900.3732288277, "p90": 1529900.3732288277, "p95": 1529900.3732288277, "p99": 1529900.3732288277, "max": 1529900.3732288277}, "Output Tokens per Minute": {"unit": "tokens/min", "min": 76697.50998049555, "p50": 76697.50998049555, "p90": 76697.50998049555, "p95": 76697.50998049555, "p99": 76697.50998049555, "max": 76697.50998049555}}
{"actual_qps": 4.704905672999669, "success_rate": 100.0, "input_tokens": 4069, "output_tokens": 199, "model": "QwQ-32B", "input_tokens_per_minute": 1197187.8845927673, "output_tokens_per_minute": 58606.78658352533, "slo_seconds": 5.0, "slo_attainment": 0.3184713375796179, "ttft_slo_ms": 1000, "ttft_slo_attainment": 48.089171974522294, "tpot_slo_ms": 50, "tpot_slo_attainment": 93.63057324840764, "Latency": {"unit": "s", "min": 2.117818906001048, "p50": 8.234281995999481, "p90": 10.024242009300176, "p95": 14.512576631150527, "p99": 22.115200773340568, "max": 33.11327812399941}, "Throughput": {"unit": "tokens/s", "min": 6.039873166620934, "p50": 24.241954422335418, "p90": 28.939210120139084, "p95": 30.40515747467732, "p99": 32.61320797495808, "max": 33.73959568503376}, "TTFT": {"unit": "s", "min": 0.08045800199943187, "p50": 1.042413744499754, "p90": 2.1031862757990893, "p95": 2.699776463849137, "p99": 6.520116915550776, "max": 17.1753000109984}, "TPOT": {"unit": "ms", "min": 26.642269788950653, "p50": 35.99870129396801, "p90": 43.57248907788872, "p95": 62.00176816130635, "p99": 80.99694851442301, "max": 84.79894202010752}, "Input Tokens per Minute": {"unit": "tokens/min", "min": 1197187.8845927673, "p50": 1197187.8845927673, "p90": 1197187.8845927673, "p95": 1197187.8845927673, "p99": 1197187.8845927673, "max": 1197187.8845927673}, "Output Tokens per Minute": {"unit": "tokens/min", "min": 58606.78658352533, "p50": 58606.78658352533, "p90": 58606.78658352533, "p95": 58606.78658352533, "p99": 58606.78658352533, "max": 58606.78658352533}}
{"actual_qps": 5.377065635206449, "success_rate": 100.0, "input_tokens": 3897, "output_tokens": 199, "model": "QwQ-32B", "input_tokens_per_minute": 1175545.7173348933, "output_tokens_per_minute": 60169.38440995308, "slo_seconds": 5.0, "slo_attainment": 0.3105590062111801, "ttft_slo_ms": 1000, "ttft_slo_attainment": 53.105590062111794, "tpot_slo_ms": 50, "tpot_slo_attainment": 99.37888198757764, "Latency": {"unit": "s", "min": 3.701158369998666, "p50": 7.8882620484992, "p90": 9.585684973900971, "p95": 9.89536538134971, "p99": 10.93558028954089, "max": 11.349772731000485}, "Throughput": {"unit": "tokens/s", "min": 17.6214982220503, "p50": 25.182311737178907, "p90": 29.81980346927322, "p95": 30.71439991146306, "p99": 33.170714116366625, "max": 34.249559352918205}, "TTFT": {"unit": "s", "min": 0.052010895999046625, "p50": 0.9378270720008004, "p90": 1.9112521252003722, "p95": 2.1184199242997237, "p99": 2.5591798909214596, "max": 2.8258048280004004}, "TPOT": {"unit": "ms", "min": 27.43096806030488, "p50": 34.89753829648518, "p90": 42.10234653417492, "p95": 43.190591414817916, "p99": 47.1396469792966, "max": 54.378877266334435}, "Input Tokens per Minute": {"unit": "tokens/min", "min": 1175545.7173348933, "p50": 1175545.7173348933, "p90": 1175545.7173348933, "p95": 1175545.7173348933, "p99": 1175545.7173348933, "max": 1175545.7173348933}, "Output Tokens per Minute": {"unit": "tokens/min", "min": 60169.38440995308, "p50": 60169.38440995308, "p90": 60169.38440995308, "p95": 60169.38440995308, "p99": 60169.38440995308, "max": 60169.38440995308}}
{"actual_qps": 4.688530418929698, "success_rate": 100.0, "input_tokens": 3869, "output_tokens": 200, "model": "QwQ-32B", "input_tokens_per_minute": 1072887.349461133, "output_tokens_per_minute": 55459.10750870683, "slo_seconds": 5.0, "slo_attainment": 2.027027027027027, "ttft_slo_ms": 1000,