{"actual_qps": 5.410364665769341, "success_rate": 100.0, "input_tokens": 3829, "output_tokens": 199, "model": "QwQ-32B", "input_tokens_per_minute": 961761.3138990824, "output_tokens_per_minute": 50158.54772525904, "slo_seconds": 5.0, "slo_attainment": 0.0, "ttft_slo_ms": 1000, "ttft_slo_attainment": 9.881422924901186, "tpot_slo_ms": 50, "tpot_slo_attainment": 18.972332015810274, "Latency": {"unit": "s", "min": 6.839553855003032, "p50": 15.972375330005889, "p90": 19.636486629796856, "p95": 21.536501163998036, "p99": 24.31493260971968, "max": 26.4941029670008}, "Throughput": {"unit": "tokens/s", "min": 7.548849653415554, "p50": 12.521619099713847, "p90": 19.106015109147158, "p95": 21.424725168542977, "p99": 24.096344729806997, "max": 29.241673395656203}, "TTFT": {"unit": "s", "min": 0.46055532500031404, "p50": 2.131908809002198, "p90": 3.9256179449963384, "p95": 5.0501188201960705, "p99": 7.768608913838096, "max": 10.043848232999153}, "TPOT": {"unit": "ms", "min": 28.252133799021557, "p50": 69.33499481406147, "p90": 84.06042775780375, "p95": 86.5110701256421, "p99": 93.22322825511921, "max": 97.19555558292804}, "Input Tokens per Minute": {"unit": "tokens/min", "min": 961761.3138990824, "p50": 961761.3138990824, "p90": 961761.3138990824, "p95": 961761.3138990824, "p99": 961761.3138990824, "max": 961761.3138990824}, "Output Tokens per Minute": {"unit": "tokens/min", "min": 50158.54772525904, "p50": 50158.54772525904, "p90": 50158.54772525904, "p95": 50158.54772525904, "p99": 50158.54772525904, "max": 50158.54772525904}}
{"actual_qps": 5.551762692573609, "success_rate": 100.0, "input_tokens": 3797, "output_tokens": 199, "model": "QwQ-32B", "input_tokens_per_minute": 1197619.677908615, "output_tokens_per_minute": 63047.65677420782, "slo_seconds": 5.0, "slo_attainment": 0.0, "ttft_slo_ms": 1000, "ttft_slo_attainment": 3.75, "tpot_slo_ms": 50, "tpot_slo_attainment": 8.75, "Latency": {"unit": "s", "min": 8.966901853993477, "p50": 20.68865023499893, "p90": 29.38522269380046, "p95": 31.43904171019931, "p99": 33.89615987764075, "max": 36.64824136499374}, "Throughput": {"unit": "tokens/s", "min": 5.4572877865577265, "p50": 9.667165240064755, "p90": 16.11437508860134, "p95": 17.875890275707423, "p99": 19.64727354833455, "max": 22.30424769408271}, "TTFT": {"unit": "s", "min": 0.5520436290025827, "p50": 3.9358722750039306, "p90": 9.766920171502715, "p95": 12.881607672947577, "p99": 16.53866697348531, "max": 17.322457245005353}, "TPOT": {"unit": "ms", "min": 29.67592983418285, "p50": 80.02369921606126, "p90": 104.7272412587961, "p95": 110.83790944649812, "p99": 115.87096423175988, "max": 126.52071317586605}, "Input Tokens per Minute": {"unit": "tokens/min", "min": 1197619.677908615, "p50": 1197619.677908615, "p90": 1197619.677908615, "p95": 1197619.677908615, "p99": 1197619.677908615, "max": 1197619.677908615}, "Output Tokens per Minute": {"unit": "tokens/min", "min": 63047.65677420782, "p50": 63047.65677420782, "p90": 63047.65677420782, "p95": 63047.65677420782, "p99": 63047.65677420782, "max": 63047.65677420782}}
{"actual_qps": 5.494707612327433, "success_rate": 100.0, "input_tokens": 3781, "output_tokens": 199, "model": "QwQ-32B", "input_tokens_per_minute": 1056812.3690433514, "output_tokens_per_minute": 55756.684385198154, "slo_seconds": 5.0, "slo_attainment": 0.0, "ttft_slo_ms": 1000, "ttft_slo_attainment": 2.8169014084507045, "tpot_slo_ms": 50, "tpot_slo_attainment": 3.873239436619718, "Latency": {"unit": "s", "min": 6.857113671998377, "p50": 23.790770985498966, "p90": 33.72748428499909, "p95": 35.129714066403174, "p99": 37.84981415237191, "max": 39.09739131099923}, "Throughput": {"unit": "tokens/s", "min": 5.115430807367811, "p50": 8.341386627186392, "p90": 13.925182683399337, "p95": 15.200574742673245, "p99": 17.30883918817731, "max": 19.439800474292422}, "TTFT": {"unit": "s", "min": 0.3235286260023713, "p50": 5.284334376501647, "p90": 13.259948173401066, "p95": 14.792327766544986, "p99": 17.363430790371215, "max": 18.277690205999534}, "TPOT": {"unit": "ms", "min": 39.9583701909246, "p50": 90.01452146984221, "p90": 110.45241416281691, "p95": 113.49551475754897, "p99": 120.5076152010676, "max": 124.38928344223068}, "Input Tokens per Minute": {"unit": "tokens/min", "min": 1056812.3690433514, "p50": 1056812.3690433514, "p90": 1056812.3690433514, "p95": 1056812.3690433514, "p99": 1056812.3690433514, "max": 1056812.3690433514}, "Output Tokens per Minute": {"unit": "tokens/min", "min": 55756.684385198154, "p50": 55756.684385198154, "p90": 55756.684385198154, "p95": 55756.684385198154, "p99": 55756.684385198154, "max": 55756.684385198154}}
{"actual_qps": 5.673599926299882, "success_rate": 100.0, "input_tokens": 3676, "output_tokens": 199, "model": "QwQ-32B", "input_tokens_per_minute": 1204649.5640047698, "output_tokens_per_minute": 65364.79045726912, "slo_seconds": 5.0, "slo_attainment": 0.0, "ttft_slo_ms": 1000, "ttft_slo_attainment": 4.2042042042042045, "tpot_slo_ms": 50, "tpot_slo_attainment": 0.9009009009009009, "Latency": {"unit": "s", "min": 6.76225229800184, "p50": 30.917447420993994, "p90": 40.39977839560161, "p95": 45.368344701595184, "p99": 49.31190848931729, "max": 50.956765875998826}, "Throughput": {"unit": "tokens/s", "min": 3.4660704913933973, "p50": 6.468839334523885, "p90": 10.921486414369317, "p95": 12.65455618649806, "p99": 13.968579353154746, "max": 16.079428587625582}, "TTFT": {"unit": "s", "min": 0.2134670180021203, "p50": 6.741434182004014, "p90": 15.831460379196507, "p95": 17.567151541399653, "p99": 19.68809435215837, "max": 20.442431420000503}, "TPOT": {"unit": "ms", "min": 47.51536218892498, "p50": 119.51613905529571, "p90": 147.1068051346562, "p95": 149.3620480432034, "p99": 153.76831108201256, "max": 160.34959077243974}, "Input Tokens per Minute": {"unit": "tokens/min", "min": 1204649.5640047698, "p50": 1204649.5640047698, "p90": 1204649.5640047698, "p95": 1204649.5640047698, "p99": 1204649.5640047698, "max": 1204649.5640047698}, "Output Tokens per Minute": {"unit": "tokens/min", "min": 65364.79045726912, "p50": 65364.79045726912, "p90": 65364.79045726912, "p95": 65364.79045726912, "p99": 65364.79045726912, "max": 65364.79045726912}}
{"actual_qps": 5.852477575175596, "success_rate": 100.0, "input_tokens": 3810, "output_tokens": 200, "model": "QwQ-32B", "input_tokens_per_minute": 1480479.1209744494, "output_tokens_per_minute": 77705.16444350792, "slo_seconds": 5.0, "slo_attainment": 0.0, "ttft_slo_ms": 1000, "ttft_slo_attainment": 8.354430379746836, "tpot_slo_ms": 50, "tpot_slo_attainment": 12.91139240506329, "Latency": {"unit": "s", "min": 9.446438258004491, "p50": 24.65836539200245, "p90": 39.340242192598815, "p95": 40.12352913210125, "p99": 41.185924807586126, "max": 45.86033039599715}, "Throughput": {"unit": "tokens/s", "min": 4.361067577861513, "p50": 8.110837714525344, "p90": 15.667184680836243, "p95": 17.957167645155753, "p99": 20.221199694847538, "max": 21.172000974073896}, "TTFT": {"unit": "s", "min": 0.22393860900047002, "p50": 4.48827436099964, "p90": 10.662810953000736, "p95": 11.47532485410047, "p99": 12.39321851192115, "max": 15.01447177999944}, "TPOT": {"unit": "ms", "min": 23.226075793950507, "p50": 110.82679341710552, "p90": 147.5591715045148, "p95": 151.58930484068145, "p99": 163.12065416190964, "max": 172.84384700500385}, "Input Tokens per Minute": {"unit": "tokens/min", "min": 1480479.1209744494, "p50": 1480479.1209744494, "p90": 1480479.1209744494, "p95": 1480479.1209744494, "p99": 1480479.1209744494, "max": 1480479.1209744494}, "Output Tokens per Minute": {"unit": "tokens/min", "min": 77705.16444350792, "p50": 77705.16444350792, "p90": 77705.16444350792, "p95": 77705.16444350792, "p99": 77705.16444350792, "max": 77705.16444350792}}
{"actual_qps": 5.642096497907441, "success_rate": 100.0, "input_tokens": 3786, "output_tokens": 200, "model": "QwQ-32B", "input_tokens_per_minute": 983131.6421973212, "output_tokens_per_minute": 51934.59091920529, "slo_seconds": 5.0, "slo_attainment": 0.0, "ttft_slo_ms": 1000,