{"actual_qps": 5.29949161988232, "success_rate": 100.0, "input_tokens": 3879, "output_tokens": 200, "model": "QwQ-32B", "input_tokens_per_minute": 1098083.2377010155, "output_tokens_per_minute": 56616.512352849364, "slo_seconds": 5.0, "slo_attainment": 0.0, "ttft_slo_ms": 1000, "ttft_slo_attainment": 9.859154929577464, "tpot_slo_ms": 50, "tpot_slo_attainment": 47.53521126760563, "Latency": {"unit": "s", "min": 5.038831987003505, "p50": 12.709346628500498, "p90": 19.489142211096624, "p95": 20.56115585089718, "p99": 22.757910500565863, "max": 23.41698843299673}, "Throughput": {"unit": "tokens/s", "min": 8.540807908423496, "p50": 15.736482878942352, "p90": 27.213097277276642, "p95": 32.55120177333929, "p99": 38.27228500561637, "max": 39.69173818770967}, "TTFT": {"unit": "s", "min": 0.29747375100123463, "p50": 2.585399438499735, "p90": 4.890261220998947, "p95": 5.675274654855092, "p99": 8.254056237726912, "max": 9.722469915002875}, "TPOT": {"unit": "ms", "min": 16.829933638191, "p50": 52.891790673380804, "p90": 75.90165219398614, "p95": 77.84276394547062, "p99": 83.67555338232806, "max": 87.25754014068943}, "Input Tokens per Minute": {"unit": "tokens/min", "min": 1098083.2377010155, "p50": 1098083.2377010155, "p90": 1098083.2377010155, "p95": 1098083.2377010155, "p99": 1098083.2377010155, "max": 1098083.2377010155}, "Output Tokens per Minute": {"unit": "tokens/min", "min": 56616.512352849364, "p50": 56616.512352849364, "p90": 56616.512352849364, "p95": 56616.512352849364, "p99": 56616.512352849364, "max": 56616.512352849364}}
{"actual_qps": 5.123193974751252, "success_rate": 100.0, "input_tokens": 4005, "output_tokens": 198, "model": "QwQ-32B", "input_tokens_per_minute": 818175.3872103243, "output_tokens_per_minute": 40578.64252576619, "slo_seconds": 5.0, "slo_attainment": 0.4807692307692308, "ttft_slo_ms": 1000, "ttft_slo_attainment": 12.01923076923077, "tpot_slo_ms": 50, "tpot_slo_attainment": 20.673076923076923, "Latency": {"unit": "s", "min": 4.798917287000222, "p50": 15.890731018498627, "p90": 23.69333388449959, "p95": 25.164301610698022, "p99": 27.136816719406347, "max": 27.424523328998475}, "Throughput": {"unit": "tokens/s", "min": 3.658252271149827, "p50": 12.43190770178451, "p90": 20.77302370762352, "p95": 22.604560280765764, "p99": 26.663201871945592, "max": 26.84154832623442}, "TTFT": {"unit": "s", "min": 0.3206706700002542, "p50": 2.368005255495518, "p90": 5.244215118499414, "p95": 6.558608524801457, "p99": 10.375090188948679, "max": 10.991757651994703}, "TPOT": {"unit": "ms", "min": 25.07930447236458, "p50": 69.37520914824694, "p90": 94.98384621759365, "p95": 101.06034533944958, "p99": 109.64033242551945, "max": 192.02167323083603}, "Input Tokens per Minute": {"unit": "tokens/min", "min": 818175.3872103243, "p50": 818175.3872103243, "p90": 818175.3872103243, "p95": 818175.3872103243, "p99": 818175.3872103243, "max": 818175.3872103243}, "Output Tokens per Minute": {"unit": "tokens/min", "min": 40578.64252576619, "p50": 40578.64252576619, "p90": 40578.64252576619, "p95": 40578.64252576619, "p99": 40578.64252576619, "max": 40578.64252576619}}
{"actual_qps": 4.950960574885532, "success_rate": 100.0, "input_tokens": 4009, "output_tokens": 198, "model": "QwQ-32B", "input_tokens_per_minute": 1104700.4801624638, "output_tokens_per_minute": 54614.487276267, "slo_seconds": 5.0, "slo_attainment": 0.0, "ttft_slo_ms": 1000, "ttft_slo_attainment": 3.558718861209965, "tpot_slo_ms": 50, "tpot_slo_attainment": 13.167259786476867, "Latency": {"unit": "s", "min": 7.829753639998671, "p50": 21.216096428994206, "p90": 30.49436244899698, "p95": 32.99856052699761, "p99": 35.05466576960025, "max": 36.75752023899986}, "Throughput": {"unit": "tokens/s", "min": 4.017982376054787, "p50": 9.402262122730194, "p90": 16.5204696174615, "p95": 19.048987343636057, "p99": 22.837259699309005, "max": 25.54358785674819}, "TTFT": {"unit": "s", "min": 0.37308148400188657, "p50": 4.6958166859985795, "p90": 10.440090500000224, "p95": 11.723069882995333, "p99": 15.350266709001149, "max": 17.814403094998852}, "TPOT": {"unit": "ms", "min": 20.995654386948516, "p50": 80.67335318090996, "p90": 114.46266850251406, "p95": 118.38444773365607, "p99": 126.3500903618195, "max": 163.57523256968457}, "Input Tokens per Minute": {"unit": "tokens/min", "min": 1104700.4801624638, "p50": 1104700.4801624638, "p90": 1104700.4801624638, "p95": 1104700.4801624638, "p99": 1104700.4801624638, "max": 1104700.4801624638}, "Output Tokens per Minute": {"unit": "tokens/min", "min": 54614.487276267, "p50": 54614.487276267, "p90": 54614.487276267, "p95": 54614.487276267, "p99": 54614.487276267, "max": 54614.487276267}}
{"actual_qps": 5.2752037653583725, "success_rate": 100.0, "input_tokens": 4049, "output_tokens": 199, "model": "QwQ-32B", "input_tokens_per_minute": 1333820.1512976072, "output_tokens_per_minute": 65755.61915210841, "slo_seconds": 5.0, "slo_attainment": 0.0, "ttft_slo_ms": 1000, "ttft_slo_attainment": 12.5, "tpot_slo_ms": 50, "tpot_slo_attainment": 8.333333333333332, "Latency": {"unit": "s", "min": 6.9920429150006385, "p50": 22.513181951500883, "p90": 33.81982300149684, "p95": 36.938349869002195, "p99": 40.64927767404911, "max": 42.96024595799827}, "Throughput": {"unit": "tokens/s", "min": 4.65546682846131, "p50": 8.856670846986727, "p90": 16.526301526519696, "p95": 19.963778566226537, "p99": 27.302098978422006, "max": 28.603943429884072}, "TTFT": {"unit": "s", "min": 0.2489517430003616, "p50": 4.646433180500026, "p90": 10.051952905003418, "p95": 14.012039544999425, "p99": 15.971583744450252, "max": 17.67620502700447}, "TPOT": {"unit": "ms", "min": 31.031024286424888, "p50": 89.17768970603896, "p90": 126.27777169346977, "p95": 132.22171961556273, "p99": 142.76500877564632, "max": 160.4121919598076}, "Input Tokens per Minute": {"unit": "tokens/min", "min": 1333820.1512976072, "p50": 1333820.1512976072, "p90": 1333820.1512976072, "p95": 1333820.1512976072, "p99": 1333820.1512976072, "max": 1333820.1512976072}, "Output Tokens per Minute": {"unit": "tokens/min", "min": 65755.61915210841, "p50": 65755.61915210841, "p90": 65755.61915210841, "p95": 65755.61915210841, "p99": 65755.61915210841, "max": 65755.61915210841}}
{"actual_qps": 5.033253600136464, "success_rate": 100.0, "input_tokens": 3976, "output_tokens": 199, "model": "QwQ-32B", "input_tokens_per_minute": 1095384.8311758179, "output_tokens_per_minute": 54849.78045210314, "slo_seconds": 5.0, "slo_attainment": 0.0, "ttft_slo_ms": 1000, "ttft_slo_attainment": 9.252669039145907, "tpot_slo_ms": 50, "tpot_slo_attainment": 12.811387900355871, "Latency": {"unit": "s", "min": 7.576680694997776, "p50": 27.100130355000147, "p90": 38.986007188002986, "p95": 40.0846918380048, "p99": 41.95563415020442, "max": 44.579600794000726}, "Throughput": {"unit": "tokens/s", "min": 4.486356908492435, "p50": 7.33704368212031, "p90": 16.32344722632855, "p95": 19.21642741786292, "p99": 23.95854539246642, "max": 26.39678350600714}, "TTFT": {"unit": "s", "min": 0.13223073100380134, "p50": 4.864513775995874, "p90": 10.628696291001688, "p95": 11.272412565995182, "p99": 11.863904396400901, "max": 12.667701976002718}, "TPOT": {"unit": "ms", "min": 26.540586346746938, "p50": 114.78757046732873, "p90": 146.75673889950528, "p95": 149.86417974370542, "p99": 160.86475246332304, "max": 166.89982703517205}, "Input Tokens per Minute": {"unit": "tokens/min", "min": 1095384.8311758179, "p50": 1095384.8311758179, "p90": 1095384.8311758179, "p95": 1095384.8311758179, "p99": 1095384.8311758179, "max": 1095384.8311758179}, "Output Tokens per Minute": {"unit": "tokens/min", "min": 54849.78045210314, "p50": 54849.78045210314, "p90": 54849.78045210314, "p95": 54849.78045210314, "p99": 54849.78045210314, "max": 54849.78045210314}}
{"actual_qps": 5.3166509587105635, "success_rate": 100.0, "input_tokens": 3991, "output_tokens": 199, "model": "QwQ-32B", "input_tokens_per_minute": 1631913.075764418, "output_tokens_per_minute": 81633.0065798849, "slo_seconds": 5.0, "slo_attainment": 0.0,