{"target_qps": 5.0, "actual_qps": 4.998090871508565, "success_rate": 100.0, "input_tokens": 3860, "output_tokens": 200, "model": "QwQ-32B", "input_tokens_per_minute": 1158211.046511628, "output_tokens_per_minute": 60000.0, "slo_seconds": 5.0, "slo_attainment": 0.0, "ttft_slo_ms": 1000, "ttft_slo_attainment": 0.0, "tpot_slo_ms": 50, "tpot_slo_attainment": 47.093023255813954, "Latency": {"unit": "s", "min": 9.363481323001906, "p50": 16.905722199498996, "p90": 25.08316002900247, "p95": 26.60506831695129, "p99": 27.793464997388284, "max": 28.91904903500108}, "Throughput": {"unit": "tokens/s", "min": 6.91585673366844, "p50": 11.8303139061173, "p90": 16.21761491185999, "p95": 17.499655041678096, "p99": 20.883245869608498, "max": 21.359576967242837}, "TTFT": {"unit": "s", "min": 2.574653928000771, "p50": 5.775319994503661, "p90": 12.637103302597826, "p95": 14.205871070399008, "p99": 16.152636494796823, "max": 17.5497443810018}, "TPOT": {"unit": "ms", "min": 22.758336100502387, "p50": 51.77389875125438, "p90": 71.90521784622841, "p95": 82.7220080668269, "p99": 98.10128467913377, "max": 100.85777853266482}, "Input Tokens per Minute": {"unit": "tokens/min", "min": 1158211.046511628, "p50": 1158211.046511628, "p90": 1158211.046511628, "p95": 1158211.046511628, "p99": 1158211.046511628, "max": 1158211.046511628}, "Output Tokens per Minute": {"unit": "tokens/min", "min": 60000.0, "p50": 60000.0, "p90": 60000.0, "p95": 60000.0, "p99": 60000.0, "max": 60000.0}}
{"target_qps": 5.0, "actual_qps": 4.984465109050965, "success_rate": 99.29328621908127, "input_tokens": 3975, "output_tokens": 200, "model": "QwQ-32B", "input_tokens_per_minute": 1192507.4733096086, "output_tokens_per_minute": 60000.0, "slo_seconds": 5.0, "slo_attainment": 0.0, "ttft_slo_ms": 1000, "ttft_slo_attainment": 0.0, "tpot_slo_ms": 50, "tpot_slo_attainment": 5.30035335689046, "Latency": {"unit": "s", "min": 16.768879192000895, "p50": 28.84955624400027, "p90": 39.40747745100089, "p95": 40.72384644500562, "p99": 43.79384863080048, "max": 46.95689638600015}, "Throughput": {"unit": "tokens/s", "min": 4.259225276643891, "p50": 6.9325156445549565, "p90": 9.586383344189693, "p95": 10.744103437577, "p99": 11.821748811649632, "max": 11.926855558444489}, "TTFT": {"unit": "s", "min": 1.1474076750018867, "p50": 8.875675756004057, "p90": 18.86028111899941, "p95": 23.932393921997573, "p99": 29.950229648401727, "max": 31.249952350997773}, "TPOT": {"unit": "ms", "min": 15.444165402008384, "p50": 92.49244209044191, "p90": 129.9386027889679, "p95": 136.02197494472776, "p99": 139.32599675979543, "max": 142.7844617688451}, "Input Tokens per Minute": {"unit": "tokens/min", "min": 1192507.4733096086, "p50": 1192507.4733096086, "p90": 1192507.4733096086, "p95": 1192507.4733096086, "p99": 1192507.4733096086, "max": 1192507.4733096086}, "Output Tokens per Minute": {"unit": "tokens/min", "min": 60000.0, "p50": 60000.0, "p90": 60000.0, "p95": 60000.0, "p99": 60000.0, "max": 60000.0}, "exceptions": {"Request timed out.": 2}}
{"target_qps": 5.0, "actual_qps": 4.999948660860298, "success_rate": 95.08196721311475, "input_tokens": 4011, "output_tokens": 200, "model": "QwQ-32B", "input_tokens_per_minute": 1203473.275862069, "output_tokens_per_minute": 60000.0, "slo_seconds": 5.0, "slo_attainment": 0.0, "ttft_slo_ms": 1000, "ttft_slo_attainment": 0.0, "tpot_slo_ms": 50, "tpot_slo_attainment": 10.245901639344263, "Latency": {"unit": "s", "min": 16.255891574000998, "p50": 38.12509549099923, "p90": 58.32744745210294, "p95": 60.689464288900844, "p99": 65.85946484033353, "max": 76.93400053400546}, "Throughput": {"unit": "tokens/s", "min": 2.5996308343746968, "p50": 5.245888506955957, "p90": 8.334875736604427, "p95": 12.10607088230085, "p99": 12.298092662816423, "max": 12.30323166770328}, "TTFT": {"unit": "s", "min": 4.772882709999976, "p50": 13.820663238002453, "p90": 32.0813365435024, "p95": 36.82630756534672, "p99": 44.28800868572216, "max": 47.92275507600425}, "TPOT": {"unit": "ms", "min": 8.020476281397798, "p50": 114.82654442461445, "p90": 142.63878176785494, "p95": 145.36400562159105, "p99": 150.5513470731327, "max": 152.79825694977345}, "Input Tokens per Minute": {"unit": "tokens/min", "min": 1203473.275862069, "p50": 1203473.275862069, "p90": 1203473.275862069, "p95": 1203473.275862069, "p99": 1203473.275862069, "max": 1203473.275862069}, "Output Tokens per Minute": {"unit": "tokens/min", "min": 60000.0, "p50": 60000.0, "p90": 60000.0, "p95": 60000.0, "p99": 60000.0, "max": 60000.0}, "exceptions": {"Request timed out.": 12}}
{"target_qps": 5.0, "actual_qps": 4.999897911584908, "success_rate": 100.0, "input_tokens": 4016, "output_tokens": 198, "model": "QwQ-32B", "input_tokens_per_minute": 1296775.2777190804, "output_tokens_per_minute": 64099.56110834122, "slo_seconds": 5.0, "slo_attainment": 0.0, "ttft_slo_ms": 1000, "ttft_slo_attainment": 0.0, "tpot_slo_ms": 50, "tpot_slo_attainment": 1.8404907975460123, "Latency": {"unit": "s", "min": 16.32102562199725, "p50": 39.1864333074991, "p90": 56.29785070949947, "p95": 57.97538912850541, "p99": 68.18921312574821, "max": 71.08310345299833}, "Throughput": {"unit": "tokens/s", "min": 2.45082637123543, "p50": 5.093541961776426, "p90": 6.038370279888154, "p95": 6.233498698628824, "p99": 6.6500314572745545, "max": 6.735998969660115}, "TTFT": {"unit": "s", "min": 3.3962704919977114, "p50": 14.708963011504238, "p90": 30.792815844004508, "p95": 34.84314832600103, "p99": 42.90018763599801, "max": 45.600262667001516}, "TPOT": {"unit": "ms", "min": 27.272826296481508, "p50": 127.58338903518623, "p90": 133.3410128969793, "p95": 135.2282329371702, "p99": 136.50713121860096, "max": 137.20907118592214}, "Input Tokens per Minute": {"unit": "tokens/min", "min": 1296775.2777190804, "p50": 1296775.2777190804, "p90": 1296775.2777190804, "p95": 1296775.2777190804, "p99": 1296775.2777190804, "max": 1296775.2777190804}, "Output Tokens per Minute": {"unit": "tokens/min", "min": 64099.56110834122, "p50": 64099.56110834122, "p90": 64099.56110834122, "p95": 64099.56110834122, "p99": 64099.56110834122, "max": 64099.56110834122}}
{"target_qps": 5.0, "actual_qps": 4.999970138344687, "success_rate": 100.0, "input_tokens": 3915, "output_tokens": 199, "model": "QwQ-32B", "input_tokens_per_minute": 1519874.9845447952, "output_tokens_per_minute": 77509.09263979668, "slo_seconds": 5.0, "slo_attainment": 0.25510204081632654, "ttft_slo_ms": 1000, "ttft_slo_attainment": 7.908163265306123, "tpot_slo_ms": 50, "tpot_slo_attainment": 9.438775510204081, "Latency": {"unit": "s", "min": 4.4603178719989955, "p50": 27.200025470501714, "p90": 35.96184136900265, "p95": 37.09800040434893, "p99": 39.25740631658052, "max": 40.770314635999966}, "Throughput": {"unit": "tokens/s", "min": 4.905529961826713, "p50": 7.353178874445432, "p90": 16.849330526432293, "p95": 24.25157687922588, "p99": 30.970037608605626, "max": 32.2333300831312}, "TTFT": {"unit": "s", "min": 0.07791808400361333, "p50": 5.751486041001044, "p90": 11.721135527298612, "p95": 12.618025892097284, "p99": 15.136557155465413, "max": 16.30599998300022}, "TPOT": {"unit": "ms", "min": 30.459820673360497, "p50": 107.07941783668008, "p90": 123.13400639194967, "p95": 126.35036741707904, "p99": 131.77068559100206, "max": 132.04276445226677}, "Input Tokens per Minute": {"unit": "tokens/min", "min": 1519874.9845447952, "p50": 1519874.9845447952, "p90": 1519874.9845447952, "p95": 1519874.9845447952, "p99": 1519874.9845447952, "max": 1519874.9845447952}, "Output Tokens per Minute": {"unit": "tokens/min", "min": 77509.09263979668, "p50": 77509.09263979668, "p90": 77509.09263979668, "p95": 77509.09263979668, "p99": 77509.09263979668, "max": 77509.09263979668}}
{"target_qps": 5.0, "actual_qps": 4.999918789486078, "success_rate": 100.0, "input_tokens": 3896, "output_tokens": 199, "model": "QwQ-32B", "input_tokens_per_minute": 1277082.3492769771, "output_tokens_per_minute": 65331.48321343912, "slo_seconds": 5.0, "slo_attainment": 0.3021148036253776, "ttft_slo_ms": 1000,