{"actual_qps": 3.1732476285910414, "success_rate": 100.0, "input_tokens": 3714, "output_tokens": 200, "model": "QwQ-32B", "input_tokens_per_minute": 615151.9023202843, "output_tokens_per_minute": 33120.772123418996, "slo_seconds": 5.0, "slo_attainment": 3.592814371257485, "ttft_slo_ms": 1000, "ttft_slo_attainment": 29.34131736526946, "tpot_slo_ms": 50, "tpot_slo_attainment": 53.89221556886228, "Latency": {"unit": "s", "min": 3.95028584100055, "p50": 11.619716011000492, "p90": 19.592424427200058, "p95": 20.73378590420007, "p99": 29.731913472980057, "max": 31.14527378299954}, "Throughput": {"unit": "tokens/s", "min": 6.421520048064846, "p50": 17.21212461738808, "p90": 32.45363205421232, "p95": 37.23930821190964, "p99": 46.41027389804127, "max": 50.62924761650739}, "TTFT": {"unit": "s", "min": 0.1441606469998078, "p50": 1.6933309989999543, "p90": 5.542180548000397, "p95": 6.939886334599758, "p99": 7.947132483180012, "max": 8.429965137000181}, "TPOT": {"unit": "ms", "min": 16.655072045228625, "p50": 47.060815618086544, "p90": 79.12348992663534, "p95": 94.1649354844221, "p99": 133.0035779075371, "max": 133.65111936683712}, "Input Tokens per Minute": {"unit": "tokens/min", "min": 615151.9023202843, "p50": 615151.9023202843, "p90": 615151.9023202843, "p95": 615151.9023202843, "p99": 615151.9023202843, "max": 615151.9023202843}, "Output Tokens per Minute": {"unit": "tokens/min", "min": 33120.772123418996, "p50": 33120.772123418996, "p90": 33120.772123418996, "p95": 33120.772123418996, "p99": 33120.772123418996, "max": 33120.772123418996}}
{"actual_qps": 3.3771501689656085, "success_rate": 100.0, "input_tokens": 3797, "output_tokens": 198, "model": "QwQ-32B", "input_tokens_per_minute": 758240.7068440731, "output_tokens_per_minute": 39657.2514647145, "slo_seconds": 5.0, "slo_attainment": 8.866995073891626, "ttft_slo_ms": 1000, "ttft_slo_attainment": 74.8768472906404, "tpot_slo_ms": 50, "tpot_slo_attainment": 82.26600985221675, "Latency": {"unit": "s", "min": 2.4742648920000647, "p50": 7.543524847000299, "p90": 12.460356338000384, "p95": 13.524365896400102, "p99": 16.06212403127976, "max": 16.478627421000056}, "Throughput": {"unit": "tokens/s", "min": 12.136933185656211, "p50": 25.336000868640223, "p90": 38.15003767258423, "p95": 42.58164540121173, "p99": 48.555528192249874, "max": 49.563389362492074}, "TTFT": {"unit": "s", "min": 0.10058615900015866, "p50": 0.6647045520003303, "p90": 1.3469275134002603, "p95": 1.5110544431993729, "p99": 2.037400081780342, "max": 2.581088373000057}, "TPOT": {"unit": "ms", "min": 18.575078758795602, "p50": 33.932770964827284, "p90": 56.97448572161042, "p95": 64.09243638241266, "p99": 74.23204205397185, "max": 76.71989073366773}, "Input Tokens per Minute": {"unit": "tokens/min", "min": 758240.7068440731, "p50": 758240.7068440731, "p90": 758240.7068440731, "p95": 758240.7068440731, "p99": 758240.7068440731, "max": 758240.7068440731}, "Output Tokens per Minute": {"unit": "tokens/min", "min": 39657.2514647145, "p50": 39657.2514647145, "p90": 39657.2514647145, "p95": 39657.2514647145, "p99": 39657.2514647145, "max": 39657.2514647145}}
{"actual_qps": 3.233240077367004, "success_rate": 100.0, "input_tokens": 3758, "output_tokens": 198, "model": "QwQ-32B", "input_tokens_per_minute": 687562.527744795, "output_tokens_per_minute": 36355.18550824337, "slo_seconds": 5.0, "slo_attainment": 6.989247311827956, "ttft_slo_ms": 1000, "ttft_slo_attainment": 82.25806451612904, "tpot_slo_ms": 50, "tpot_slo_attainment": 83.33333333333334, "Latency": {"unit": "s", "min": 2.485851356999774, "p50": 7.66878409400033, "p90": 12.171691448500496, "p95": 13.758246354250332, "p99": 15.00300732115011, "max": 15.576758141000028}, "Throughput": {"unit": "tokens/s", "min": 12.839642125120651, "p50": 25.695545754413956, "p90": 36.91763546418043, "p95": 41.305409222974006, "p99": 50.14162700049837, "max": 51.25241056743474}, "TTFT": {"unit": "s", "min": 0.08418801000061649, "p50": 0.6419542254998305, "p90": 1.1546247360001871, "p95": 1.390330726999764, "p99": 2.711715882199951, "max": 2.7228917849997742}, "TPOT": {"unit": "ms", "min": 18.451158733672003, "p50": 35.43688397989876, "p90": 56.619199035176464, "p95": 61.845254586684526, "p99": 71.87117230979933, "max": 75.74968278392255}, "Input Tokens per Minute": {"unit": "tokens/min", "min": 687562.527744795, "p50": 687562.527744795, "p90": 687562.527744795, "p95": 687562.527744795, "p99": 687562.527744795, "max": 687562.527744795}, "Output Tokens per Minute": {"unit": "tokens/min", "min": 36355.18550824337, "p50": 36355.18550824337, "p90": 36355.18550824337, "p95": 36355.18550824337, "p99": 36355.18550824337, "max": 36355.18550824337}}
{"actual_qps": 3.2145181161669605, "success_rate": 100.0, "input_tokens": 3670, "output_tokens": 199, "model": "QwQ-32B", "input_tokens_per_minute": 740163.4449590489, "output_tokens_per_minute": 40325.14028939245, "slo_seconds": 5.0, "slo_attainment": 9.75609756097561, "ttft_slo_ms": 1000, "ttft_slo_attainment": 91.21951219512195, "tpot_slo_ms": 50, "tpot_slo_attainment": 94.6341463414634, "Latency": {"unit": "s", "min": 3.632637507999789, "p50": 7.708930661000522, "p90": 9.921907653600282, "p95": 10.620361217600289, "p99": 13.231335696600082, "max": 13.782957100000203}, "Throughput": {"unit": "tokens/s", "min": 14.510674200676213, "p50": 25.94393552036989, "p90": 39.7735452232808, "p95": 42.72624178826484, "p99": 48.570511633423365, "max": 55.056415499636365}, "TTFT": {"unit": "s", "min": 0.04465130800053885, "p50": 0.4778517559998363, "p90": 0.9440629842003545, "p95": 1.0938227911996359, "p99": 1.3259331026396108, "max": 1.4811969930005944}, "TPOT": {"unit": "ms", "min": 17.58801333668162, "p50": 35.72315101507627, "p90": 46.39691856482295, "p95": 50.52009687537995, "p99": 63.60947990110483, "max": 68.16644879396866}, "Input Tokens per Minute": {"unit": "tokens/min", "min": 740163.4449590489, "p50": 740163.4449590489, "p90": 740163.4449590489, "p95": 740163.4449590489, "p99": 740163.4449590489, "max": 740163.4449590489}, "Output Tokens per Minute": {"unit": "tokens/min", "min": 40325.14028939245, "p50": 40325.14028939245, "p90": 40325.14028939245, "p95": 40325.14028939245, "p99": 40325.14028939245, "max": 40325.14028939245}}
{"actual_qps": 3.344295485789229, "success_rate": 100.0, "input_tokens": 3885, "output_tokens": 200, "model": "QwQ-32B", "input_tokens_per_minute": 745309.6919629877, "output_tokens_per_minute": 38361.03645464116, "slo_seconds": 5.0, "slo_attainment": 7.179487179487179, "ttft_slo_ms": 1000, "ttft_slo_attainment": 93.84615384615384, "tpot_slo_ms": 50, "tpot_slo_attainment": 71.7948717948718, "Latency": {"unit": "s", "min": 4.0525348820001454, "p50": 7.915097252000123, "p90": 13.028229806799937, "p95": 13.936906843499672, "p99": 16.1676514392603, "max": 16.83482529199955}, "Throughput": {"unit": "tokens/s", "min": 11.880135168081988, "p50": 25.26816710299555, "p90": 38.37694410326861, "p95": 40.90415204424502, "p99": 46.97489345591784, "max": 49.35182689933792}, "TTFT": {"unit": "s", "min": 0.04753492400050163, "p50": 0.4501804110004741, "p90": 0.775723383400145, "p95": 1.0177083086001402, "p99": 1.4108300760399108, "max": 1.5343386380000084}, "TPOT": {"unit": "ms", "min": 19.839065396987262, "p50": 37.851822924622596, "p90": 62.96188965226161, "p95": 67.54498741808844, "p99": 80.81850134502832, "max": 82.35741283919764}, "Input Tokens per Minute": {"unit": "tokens/min", "min": 745309.6919629877, "p50": 745309.6919629877, "p90": 745309.6919629877, "p95": 745309.6919629877, "p99": 745309.6919629877, "max": 745309.6919629877}, "Output Tokens per Minute": {"unit": "tokens/min", "min": 38361.03645464116, "p50": 38361.03645464116, "p90": 38361.03645464116, "p95": 38361.03645464116, "p99": 38361.03645464116, "max": 38361.03645464116}}
{"actual_qps": 3.3114898541747846, "success_rate": 100.0, "input_tokens": 3791, "output_tokens": 199, "model": "QwQ-32B", "input_tokens_per_minute": 827887.5455766955, "output_tokens_per_minute": 43630.026374741865, "slo_seconds": 5.0,