{"actual_qps": 5.717049294603784, "success_rate": 100.0, "input_tokens": 4068, "output_tokens": 199, "model": "QwQ-32B", "input_tokens_per_minute": 1042694.0639987043, "output_tokens_per_minute": 51157.2872025101, "slo_seconds": 5.0, "slo_attainment": 0.0, "ttft_slo_ms": 1000, "ttft_slo_attainment": 2.3346303501945527, "tpot_slo_ms": 50, "tpot_slo_attainment": 41.63424124513619, "Latency": {"unit": "s", "min": 6.3886642320003375, "p50": 15.773303610999392, "p90": 24.372892698200303, "p95": 30.114303989200014, "p99": 32.356576563319905, "max": 42.4976777439997}, "Throughput": {"unit": "tokens/s", "min": 4.706139502604663, "p50": 12.59189525492554, "p90": 22.00132589152812, "p95": 24.896548779545007, "p99": 27.72157175884304, "max": 31.30544864108135}, "TTFT": {"unit": "s", "min": 0.41126534399973025, "p50": 4.2741800960002365, "p90": 8.197144364799897, "p95": 8.77661743039953, "p99": 10.045187934239982, "max": 15.90036611799951}, "TPOT": {"unit": "ms", "min": 20.818775422111088, "p50": 60.00205513065618, "p90": 98.780333295478, "p95": 112.87582467738949, "p99": 134.48139449065258, "max": 134.54511847738735}, "Input Tokens per Minute": {"unit": "tokens/min", "min": 1042694.0639987043, "p50": 1042694.0639987043, "p90": 1042694.0639987043, "p95": 1042694.0639987043, "p99": 1042694.0639987043, "max": 1042694.0639987043}, "Output Tokens per Minute": {"unit": "tokens/min", "min": 51157.2872025101, "p50": 51157.2872025101, "p90": 51157.2872025101, "p95": 51157.2872025101, "p99": 51157.2872025101, "max": 51157.2872025101}}
{"actual_qps": 4.5967749491657575, "success_rate": 100.0, "input_tokens": 3968, "output_tokens": 199, "model": "QwQ-32B", "input_tokens_per_minute": 1301649.0618911998, "output_tokens_per_minute": 65527.683582493475, "slo_seconds": 5.0, "slo_attainment": 3.003003003003003, "ttft_slo_ms": 1000, "ttft_slo_attainment": 36.93693693693694, "tpot_slo_ms": 50, "tpot_slo_attainment": 78.07807807807808, "Latency": {"unit": "s", "min": 4.166840140999739, "p50": 9.016989400000057, "p90": 15.70657513919996, "p95": 16.974619279400393, "p99": 20.5508926050003, "max": 21.306606525999996}, "Throughput": {"unit": "tokens/s", "min": 9.38675991204626, "p50": 22.180352125067238, "p90": 33.3516659126534, "p95": 36.60421905942801, "p99": 44.44343439975845, "max": 47.99800165888163}, "TTFT": {"unit": "s", "min": 0.146359315999689, "p50": 1.246693606000008, "p90": 4.750301393200244, "p95": 6.697270672400371, "p99": 8.800114301599717, "max": 11.272017766000317}, "TPOT": {"unit": "ms", "min": 17.97060354271419, "p50": 37.17907162814327, "p90": 60.15039000904474, "p95": 66.27528587940003, "p99": 74.39976783436907, "max": 77.04188772361671}, "Input Tokens per Minute": {"unit": "tokens/min", "min": 1301649.0618911998, "p50": 1301649.0618911998, "p90": 1301649.0618911998, "p95": 1301649.0618911998, "p99": 1301649.0618911998, "max": 1301649.0618911998}, "Output Tokens per Minute": {"unit": "tokens/min", "min": 65527.683582493475, "p50": 65527.683582493475, "p90": 65527.683582493475, "p95": 65527.683582493475, "p99": 65527.683582493475, "max": 65527.683582493475}}
{"actual_qps": 4.696816885472156, "success_rate": 100.0, "input_tokens": 4037, "output_tokens": 199, "model": "QwQ-32B", "input_tokens_per_minute": 1049901.75668412, "output_tokens_per_minute": 51915.64793481027, "slo_seconds": 5.0, "slo_attainment": 4.924242424242424, "ttft_slo_ms": 1000, "ttft_slo_attainment": 66.66666666666666, "tpot_slo_ms": 50, "tpot_slo_attainment": 87.87878787878788, "Latency": {"unit": "s", "min": 3.8786496960001386, "p50": 7.64552295950034, "p90": 11.590356372500086, "p95": 12.792515883499389, "p99": 14.558829173619724, "max": 15.676558312000452}, "Throughput": {"unit": "tokens/s", "min": 12.757902341797779, "p50": 25.831117824352994, "p90": 38.047450369182066, "p95": 39.582465090661984, "p99": 44.81674620650313, "max": 51.564336992394594}, "TTFT": {"unit": "s", "min": 0.1257635299998583, "p50": 0.8017088639999201, "p90": 1.3064897556998405, "p95": 1.522042619000149, "p99": 1.8007425678001165, "max": 1.8869910509993133}, "TPOT": {"unit": "ms", "min": 18.573219306530355, "p50": 34.42436296734, "p90": 54.22053967135638, "p95": 60.98705145879382, "p99": 69.37353299562635, "max": 75.86817640703747}, "Input Tokens per Minute": {"unit": "tokens/min", "min": 1049901.75668412, "p50": 1049901.75668412, "p90": 1049901.75668412, "p95": 1049901.75668412, "p99": 1049901.75668412, "max": 1049901.75668412}, "Output Tokens per Minute": {"unit": "tokens/min", "min": 51915.64793481027, "p50": 51915.64793481027, "p90": 51915.64793481027, "p95": 51915.64793481027, "p99": 51915.64793481027, "max": 51915.64793481027}}
{"actual_qps": 4.8117098604888096, "success_rate": 100.0, "input_tokens": 3965, "output_tokens": 199, "model": "QwQ-32B", "input_tokens_per_minute": 1261788.1279195088, "output_tokens_per_minute": 63626.58879994564, "slo_seconds": 5.0, "slo_attainment": 7.120743034055728, "ttft_slo_ms": 1000, "ttft_slo_attainment": 63.1578947368421, "tpot_slo_ms": 50, "tpot_slo_attainment": 84.82972136222911, "Latency": {"unit": "s", "min": 3.8044213720004336, "p50": 8.529491346000214, "p90": 12.110462189600003, "p95": 13.497660119299955, "p99": 15.333103756179776, "max": 15.706850054000824}, "Throughput": {"unit": "tokens/s", "min": 12.733297848543241, "p50": 23.44805708652102, "p90": 36.537471491421954, "p95": 41.695559992498715, "p99": 48.719853909548796, "max": 52.57041227660762}, "TTFT": {"unit": "s", "min": 0.04978896500051633, "p50": 0.811614417999408, "p90": 1.826255354399655, "p95": 2.00070129389951, "p99": 2.4004573663198956, "max": 2.7751481229997808}, "TPOT": {"unit": "ms", "min": 17.850980517588557, "p50": 37.386275432163075, "p90": 53.970557671358684, "p95": 61.97168753065192, "p99": 72.03830282421943, "max": 74.33922700502492}, "Input Tokens per Minute": {"unit": "tokens/min", "min": 1261788.1279195088, "p50": 1261788.1279195088, "p90": 1261788.1279195088, "p95": 1261788.1279195088, "p99": 1261788.1279195088, "max": 1261788.1279195088}, "Output Tokens per Minute": {"unit": "tokens/min", "min": 63626.58879994564, "p50": 63626.58879994564, "p90": 63626.58879994564, "p95": 63626.58879994564, "p99": 63626.58879994564, "max": 63626.58879994564}}
{"actual_qps": 5.4832800650038, "success_rate": 100.0, "input_tokens": 3919, "output_tokens": 199, "model": "QwQ-32B", "input_tokens_per_minute": 1154377.2577287594, "output_tokens_per_minute": 58757.61910557571, "slo_seconds": 5.0, "slo_attainment": 8.02675585284281, "ttft_slo_ms": 1000, "ttft_slo_attainment": 87.62541806020067, "tpot_slo_ms": 50, "tpot_slo_attainment": 73.91304347826086, "Latency": {"unit": "s", "min": 3.822984450000149, "p50": 7.920368738000434, "p90": 12.520876593200043, "p95": 14.286757984199806, "p99": 15.991630903820134, "max": 16.87426914200023}, "Throughput": {"unit": "tokens/s", "min": 11.852365179016727, "p50": 25.19000522756464, "p90": 38.681775513333974, "p95": 41.22648898511946, "p99": 46.39198005727727, "max": 52.315148705350396}, "TTFT": {"unit": "s", "min": 0.0460548139999446, "p50": 0.5001911999997901, "p90": 1.0524566289997892, "p95": 1.1344360638005127, "p99": 1.4371783275803103, "max": 1.9668134289995578}, "TPOT": {"unit": "ms", "min": 18.66761690955136, "p50": 37.48103983416879, "p90": 59.58460085226332, "p95": 68.36090219899575, "p99": 76.4349906593971, "max": 79.86987586934616}, "Input Tokens per Minute": {"unit": "tokens/min", "min": 1154377.2577287594, "p50": 1154377.2577287594, "p90": 1154377.2577287594, "p95": 1154377.2577287594, "p99": 1154377.2577287594, "max": 1154377.2577287594}, "Output Tokens per Minute": {"unit": "tokens/min", "min": 58757.61910557571, "p50": 58757.61910557571, "p90": 58757.61910557571, "p95": 58757.61910557571, "p99": 58757.61910557571, "max": 58757.61910557571}}
{"actual_qps": 4.6393828441633955, "success_rate": 100.0, "input_tokens": 3937, "output_tokens": 199, "model": "QwQ-32B", "input_tokens_per_minute": 1227779.3907425648, "output_tokens_per_minute": 62103.46728228731,