{"actual_qps": 5.5982518318731245, "success_rate": 100.0, "input_tokens": 4062, "output_tokens": 199, "model": "QwQ-32B", "input_tokens_per_minute": 1106079.7401736577, "output_tokens_per_minute": 54378.238222769025, "slo_seconds": 5.0, "slo_attainment": 0.0, "ttft_slo_ms": 1000, "ttft_slo_attainment": 13.138686131386862, "tpot_slo_ms": 50, "tpot_slo_attainment": 67.51824817518248, "Latency": {"unit": "s", "min": 5.155917236999812, "p50": 10.767444411500037, "p90": 20.4208745703997, "p95": 20.671498150350182, "p99": 28.415535007300182, "max": 29.00918689899936}, "Throughput": {"unit": "tokens/s", "min": 6.89436766002217, "p50": 18.57453869892324, "p90": 27.05784950558385, "p95": 29.257571025213426, "p99": 33.21383597586088, "max": 38.79038215834093}, "TTFT": {"unit": "s", "min": 0.2282033319997936, "p50": 2.7175843374998294, "p90": 5.734305068900085, "p95": 6.7539805549998615, "p99": 12.15513222347, "max": 14.907122929999787}, "TPOT": {"unit": "ms", "min": 21.161832577888333, "p50": 38.00978178643122, "p90": 73.8412713296503, "p95": 83.36689780678176, "p99": 89.920936492814, "max": 92.09621551758916}, "Input Tokens per Minute": {"unit": "tokens/min", "min": 1106079.7401736577, "p50": 1106079.7401736577, "p90": 1106079.7401736577, "p95": 1106079.7401736577, "p99": 1106079.7401736577, "max": 1106079.7401736577}, "Output Tokens per Minute": {"unit": "tokens/min", "min": 54378.238222769025, "p50": 54378.238222769025, "p90": 54378.238222769025, "p95": 54378.238222769025, "p99": 54378.238222769025, "max": 54378.238222769025}}
{"actual_qps": 4.597413840350857, "success_rate": 100.0, "input_tokens": 3971, "output_tokens": 199, "model": "QwQ-32B", "input_tokens_per_minute": 1228407.9613927645, "output_tokens_per_minute": 61727.17692747078, "slo_seconds": 5.0, "slo_attainment": 4.45859872611465, "ttft_slo_ms": 1000, "ttft_slo_attainment": 51.59235668789809, "tpot_slo_ms": 50, "tpot_slo_attainment": 99.68152866242038, "Latency": {"unit": "s", "min": 1.9298842250000234, "p50": 7.099701966000339, "p90": 9.31705487209965, "p95": 10.142333235800331, "p99": 11.474912575439976, "max": 15.015994987999875}, "Throughput": {"unit": "tokens/s", "min": 13.31913071094065, "p50": 28.17019657948815, "p90": 36.94803539977015, "p95": 39.495228068352795, "p99": 43.420469005579015, "max": 48.57931988150648}, "TTFT": {"unit": "s", "min": 0.14463426299971616, "p50": 0.9721319885002231, "p90": 2.2759282376000556, "p95": 2.957154431049547, "p99": 4.331622484430356, "max": 6.024457903000439}, "TPOT": {"unit": "ms", "min": 19.05101529648356, "p50": 29.541883067840857, "p90": 38.352295536685624, "p95": 41.86288095879488, "p99": 47.957655703163425, "max": 51.543359537687714}, "Input Tokens per Minute": {"unit": "tokens/min", "min": 1228407.9613927645, "p50": 1228407.9613927645, "p90": 1228407.9613927645, "p95": 1228407.9613927645, "p99": 1228407.9613927645, "max": 1228407.9613927645}, "Output Tokens per Minute": {"unit": "tokens/min", "min": 61727.17692747078, "p50": 61727.17692747078, "p90": 61727.17692747078, "p95": 61727.17692747078, "p99": 61727.17692747078, "max": 61727.17692747078}}
{"actual_qps": 4.745641796877276, "success_rate": 100.0, "input_tokens": 4017, "output_tokens": 199, "model": "QwQ-32B", "input_tokens_per_minute": 1151817.6739061421, "output_tokens_per_minute": 57244.698433128695, "slo_seconds": 5.0, "slo_attainment": 3.436426116838488, "ttft_slo_ms": 1000, "ttft_slo_attainment": 60.48109965635739, "tpot_slo_ms": 50, "tpot_slo_attainment": 99.65635738831615, "Latency": {"unit": "s", "min": 3.7924889890000486, "p50": 6.58444027600035, "p90": 9.111821211999995, "p95": 10.100913168000261, "p99": 10.869357676699929, "max": 11.279440756999975}, "Throughput": {"unit": "tokens/s", "min": 17.73137554500482, "p50": 30.232751190063592, "p90": 37.47243903514309, "p95": 38.68382692446026, "p99": 42.93050612108422, "max": 46.48050832028753}, "TTFT": {"unit": "s", "min": 0.11599103800017474, "p50": 0.853639388999909, "p90": 1.6598674749993734, "p95": 1.91894995749999, "p99": 2.3322317340004717, "max": 2.802312609999717}, "TPOT": {"unit": "ms", "min": 19.956627618090742, "p50": 28.4368487386905, "p90": 38.66914165829445, "p95": 43.94915030904563, "p99": 47.95250322412217, "max": 50.119968718594755}, "Input Tokens per Minute": {"unit": "tokens/min", "min": 1151817.6739061421, "p50": 1151817.6739061421, "p90": 1151817.6739061421, "p95": 1151817.6739061421, "p99": 1151817.6739061421, "max": 1151817.6739061421}, "Output Tokens per Minute": {"unit": "tokens/min", "min": 57244.698433128695, "p50": 57244.698433128695, "p90": 57244.698433128695, "p95": 57244.698433128695, "p99": 57244.698433128695, "max": 57244.698433128695}}
{"actual_qps": 4.805156388064278, "success_rate": 100.0, "input_tokens": 3994, "output_tokens": 199, "model": "QwQ-32B", "input_tokens_per_minute": 1194857.4033905712, "output_tokens_per_minute": 59553.107491827905, "slo_seconds": 5.0, "slo_attainment": 6.25, "ttft_slo_ms": 1000, "ttft_slo_attainment": 70.39473684210526, "tpot_slo_ms": 50, "tpot_slo_attainment": 99.67105263157895, "Latency": {"unit": "s", "min": 2.981189613999959, "p50": 6.574461102499754, "p90": 8.376295424900125, "p95": 9.260227497650112, "p99": 10.81604890998995, "max": 11.700360495000496}, "Throughput": {"unit": "tokens/s", "min": 17.093490417278936, "p50": 30.339907153613083, "p90": 37.38729049888536, "p95": 40.04016905414393, "p99": 45.7594592641734, "max": 52.40410177438001}, "TTFT": {"unit": "s", "min": 0.05530416300007346, "p50": 0.7165072865000184, "p90": 1.7084082624006425, "p95": 2.5693520502998055, "p99": 3.561578495819907, "max": 4.005438211999717}, "TPOT": {"unit": "ms", "min": 18.83646447236312, "p50": 28.633232476221835, "p90": 35.91407721457321, "p95": 38.78088498668422, "p99": 47.650375103767935, "max": 52.8604451407028}, "Input Tokens per Minute": {"unit": "tokens/min", "min": 1194857.4033905712, "p50": 1194857.4033905712, "p90": 1194857.4033905712, "p95": 1194857.4033905712, "p99": 1194857.4033905712, "max": 1194857.4033905712}, "Output Tokens per Minute": {"unit": "tokens/min", "min": 59553.107491827905, "p50": 59553.107491827905, "p90": 59553.107491827905, "p95": 59553.107491827905, "p99": 59553.107491827905, "max": 59553.107491827905}}
{"actual_qps": 5.483285164592334, "success_rate": 100.0, "input_tokens": 3887, "output_tokens": 199, "model": "QwQ-32B", "input_tokens_per_minute": 1181921.8567944975, "output_tokens_per_minute": 60679.77726609417, "slo_seconds": 5.0, "slo_attainment": 7.443365695792881, "ttft_slo_ms": 1000, "ttft_slo_attainment": 90.29126213592234, "tpot_slo_ms": 50, "tpot_slo_attainment": 100.0, "Latency": {"unit": "s", "min": 1.6100778869995338, "p50": 6.646586949999801, "p90": 8.490696062999994, "p95": 8.8769530364003, "p99": 9.289815695520156, "max": 9.454290670000773}, "Throughput": {"unit": "tokens/s", "min": 21.15441623078251, "p50": 30.090631703841023, "p90": 37.90342097595993, "p95": 41.49802188383162, "p99": 48.50192383700849, "max": 52.13112865900735}, "TTFT": {"unit": "s", "min": 0.05101894200015522, "p50": 0.49305086499953177, "p90": 0.9504918094005914, "p95": 1.2044336572002066, "p99": 1.4490815689204835, "max": 2.0765916079999442}, "TPOT": {"unit": "ms", "min": 18.4601617336684, "p50": 30.933518517591054, "p90": 39.173749449245534, "p95": 42.22652299698318, "p99": 44.195102663921425, "max": 44.71428445226113}, "Input Tokens per Minute": {"unit": "tokens/min", "min": 1181921.8567944975, "p50": 1181921.8567944975, "p90": 1181921.8567944975, "p95": 1181921.8567944975, "p99": 1181921.8567944975, "max": 1181921.8567944975}, "Output Tokens per Minute": {"unit": "tokens/min", "min": 60679.77726609417, "p50": 60679.77726609417, "p90": 60679.77726609417, "p95": 60679.77726609417, "p99": 60679.77726609417, "max": 60679.77726609417}}
{"actual_qps": 4.639380917739451, "success_rate": 100.0, "input_tokens": 3957, "output_tokens": 199, "model": "QwQ-32B", "input_tokens_per_minute": 1175535.1894657814, "output_tokens_per_minute": 59297.18981468327,