{"target_qps": 5.0, "actual_qps": 4.998758353463139, "success_rate": 100.0, "input_tokens": 3758, "output_tokens": 200, "model": "QwQ-32B", "input_tokens_per_minute": 1127572.3404255318, "output_tokens_per_minute": 60000.0, "slo_seconds": 5.0, "slo_attainment": 0.0, "ttft_slo_ms": 1000, "ttft_slo_attainment": 2.9787234042553195, "tpot_slo_ms": 50, "tpot_slo_attainment": 74.46808510638297, "Latency": {"unit": "s", "min": 6.65477407900471, "p50": 12.400903188005032, "p90": 20.48098619600205, "p95": 21.661396819301444, "p99": 23.632534947316017, "max": 26.75820209700032}, "Throughput": {"unit": "tokens/s", "min": 7.474343727391933, "p50": 16.127857541332403, "p90": 22.501638471811773, "p95": 24.190102974790236, "p99": 27.478183655946836, "max": 30.053612282794738}, "TTFT": {"unit": "s", "min": 0.5268950229947222, "p50": 3.986469871997542, "p90": 9.78908425800182, "p95": 11.734154098399447, "p99": 14.524820278158872, "max": 19.25727892499708}, "TPOT": {"unit": "ms", "min": 20.120931598020018, "p50": 41.1570756884462, "p90": 61.83444301305419, "p95": 66.6390204864385, "p99": 72.72319432151671, "max": 75.40989462309635}, "Input Tokens per Minute": {"unit": "tokens/min", "min": 1127572.3404255318, "p50": 1127572.3404255318, "p90": 1127572.3404255318, "p95": 1127572.3404255318, "p99": 1127572.3404255318, "max": 1127572.3404255318}, "Output Tokens per Minute": {"unit": "tokens/min", "min": 60000.0, "p50": 60000.0, "p90": 60000.0, "p95": 60000.0, "p99": 60000.0, "max": 60000.0}}
{"target_qps": 5.0, "actual_qps": 4.994810878697502, "success_rate": 100.0, "input_tokens": 3797, "output_tokens": 200, "model": "QwQ-32B", "input_tokens_per_minute": 1139180.612244898, "output_tokens_per_minute": 60000.0, "slo_seconds": 5.0, "slo_attainment": 0.0, "ttft_slo_ms": 1000, "ttft_slo_attainment": 0.0, "tpot_slo_ms": 50, "tpot_slo_attainment": 21.428571428571427, "Latency": {"unit": "s", "min": 10.964551835000748, "p50": 19.87035304749952, "p90": 27.564237996801968, "p95": 28.684835397649994, "p99": 31.646883014317062, "max": 32.25529520300188}, "Throughput": {"unit": "tokens/s", "min": 6.200532307680965, "p50": 10.065251021889786, "p90": 14.353174548398723, "p95": 15.691171940689088, "p99": 17.489589137347732, "max": 18.24059961680927}, "TTFT": {"unit": "s", "min": 1.7540992750000441, "p50": 6.6435213510012545, "p90": 12.311763637894908, "p95": 14.922821751051009, "p99": 19.0457666581471, "max": 20.93980344800366}, "TPOT": {"unit": "ms", "min": 26.84509961304387, "p50": 67.14570131911177, "p90": 82.84720449899477, "p95": 89.33428587789335, "p99": 97.43251400023613, "max": 98.87393618091161}, "Input Tokens per Minute": {"unit": "tokens/min", "min": 1139180.612244898, "p50": 1139180.612244898, "p90": 1139180.612244898, "p95": 1139180.612244898, "p99": 1139180.612244898, "max": 1139180.612244898}, "Output Tokens per Minute": {"unit": "tokens/min", "min": 60000.0, "p50": 60000.0, "p90": 60000.0, "p95": 60000.0, "p99": 60000.0, "max": 60000.0}}
{"target_qps": 5.0, "actual_qps": 4.999859341873306, "success_rate": 100.0, "input_tokens": 3740, "output_tokens": 199, "model": "QwQ-32B", "input_tokens_per_minute": 1122219.6428571427, "output_tokens_per_minute": 59750.892857142855, "slo_seconds": 5.0, "slo_attainment": 0.0, "ttft_slo_ms": 1000, "ttft_slo_attainment": 0.0, "tpot_slo_ms": 50, "tpot_slo_attainment": 29.017857142857146, "Latency": {"unit": "s", "min": 10.500729345003492, "p50": 23.188422310999158, "p90": 33.015172513802106, "p95": 34.29778509714888, "p99": 35.62196993317841, "max": 42.86164824500156}, "Throughput": {"unit": "tokens/s", "min": 3.999722173582604, "p50": 8.597602679349826, "p90": 11.528755083224084, "p95": 12.40743524011067, "p99": 13.928795818776301, "max": 15.502615683248875}, "TTFT": {"unit": "s", "min": 3.3412157359998673, "p50": 10.875027687499824, "p90": 21.02267209600396, "p95": 22.734588458848158, "p99": 24.460693154478, "max": 30.746161798000685}, "TPOT": {"unit": "ms", "min": 19.485815090432077, "p50": 58.04004874873462, "p90": 81.50831190753676, "p95": 85.69431823039419, "p99": 94.57112000357094, "max": 103.25667341710677}, "Input Tokens per Minute": {"unit": "tokens/min", "min": 1122219.6428571427, "p50": 1122219.6428571427, "p90": 1122219.6428571427, "p95": 1122219.6428571427, "p99": 1122219.6428571427, "max": 1122219.6428571427}, "Output Tokens per Minute": {"unit": "tokens/min", "min": 59750.892857142855, "p50": 59750.892857142855, "p90": 59750.892857142855, "p95": 59750.892857142855, "p99": 59750.892857142855, "max": 59750.892857142855}}
{"target_qps": 5.0, "actual_qps": 4.999880344946926, "success_rate": 100.0, "input_tokens": 3814, "output_tokens": 199, "model": "QwQ-32B", "input_tokens_per_minute": 1475241.6252741045, "output_tokens_per_minute": 77069.43732257187, "slo_seconds": 5.0, "slo_attainment": 0.2557544757033248, "ttft_slo_ms": 1000, "ttft_slo_attainment": 11.508951406649617, "tpot_slo_ms": 50, "tpot_slo_attainment": 24.808184143222505, "Latency": {"unit": "s", "min": 3.9030931890010834, "p50": 19.930515978994663, "p90": 35.47788487800426, "p95": 38.95795858400015, "p99": 45.058988938200514, "max": 48.702700715999526}, "Throughput": {"unit": "tokens/s", "min": 3.7950418368058854, "p50": 9.91416210680802, "p90": 25.06560118699177, "p95": 27.763134038831474, "p99": 30.506109170645765, "max": 31.200968399692027}, "TTFT": {"unit": "s", "min": 0.20669223699951544, "p50": 3.758332937999512, "p90": 10.34553216399945, "p95": 14.163257361997239, "p99": 19.61114862769828, "max": 22.879310176998843}, "TPOT": {"unit": "ms", "min": 28.03183857283681, "p50": 79.96157912562903, "p90": 129.98738441710336, "p95": 132.5085698542659, "p99": 135.08378674874191, "max": 136.57750329145333}, "Input Tokens per Minute": {"unit": "tokens/min", "min": 1475241.6252741045, "p50": 1475241.6252741045, "p90": 1475241.6252741045, "p95": 1475241.6252741045, "p99": 1475241.6252741045, "max": 1475241.6252741045}, "Output Tokens per Minute": {"unit": "tokens/min", "min": 77069.43732257187, "p50": 77069.43732257187, "p90": 77069.43732257187, "p95": 77069.43732257187, "p99": 77069.43732257187, "max": 77069.43732257187}}
{"target_qps": 5.0, "actual_qps": 4.999947840710718, "success_rate": 100.0, "input_tokens": 3735, "output_tokens": 199, "model": "QwQ-32B", "input_tokens_per_minute": 1193399.777996852, "output_tokens_per_minute": 63778.29502793088, "slo_seconds": 5.0, "slo_attainment": 0.30959752321981426, "ttft_slo_ms": 1000, "ttft_slo_attainment": 58.204334365325074, "tpot_slo_ms": 50, "tpot_slo_attainment": 79.25696594427245, "Latency": {"unit": "s", "min": 4.555600396000955, "p50": 7.816669562998868, "p90": 15.084104036203646, "p95": 17.367091487102147, "p99": 19.896270197354884, "max": 21.238016694005637}, "Throughput": {"unit": "tokens/s", "min": 9.417075185577444, "p50": 25.558446346731202, "p90": 30.87139637278169, "p95": 31.709592841111974, "p99": 33.24999967805517, "max": 37.57316732307939}, "TTFT": {"unit": "s", "min": 0.050730313996609766, "p50": 0.8812056650058366, "p90": 2.1923273082007655, "p95": 2.627593674098898, "p99": 3.6046769233420473, "max": 5.133811596999294}, "TPOT": {"unit": "ms", "min": 25.39580261809213, "p50": 34.6387891959833, "p90": 65.93694218492747, "p95": 74.44476439746566, "p99": 81.44445415113843, "max": 85.53252088445082}, "Input Tokens per Minute": {"unit": "tokens/min", "min": 1193399.777996852, "p50": 1193399.777996852, "p90": 1193399.777996852, "p95": 1193399.777996852, "p99": 1193399.777996852, "max": 1193399.777996852}, "Output Tokens per Minute": {"unit": "tokens/min", "min": 63778.29502793088, "p50": 63778.29502793088, "p90": 63778.29502793088, "p95": 63778.29502793088, "p99": 63778.29502793088, "max": 63778.29502793088}}
{"target_qps": 5.0, "actual_qps": 4.999941751178498, "success_rate": 100.0, "input_tokens": 3785, "output_tokens": 199, "model": "QwQ-32B", "input_tokens_per_minute": 1138148.2680353075, "output_tokens_per_minute": 59993.11854619319, "slo_seconds": 5.0, "slo_attainment": 0.3289473684210526,