{"target_qps": 5.0, "actual_qps": 4.984326313390043, "success_rate": 100.0, "input_tokens": 3803, "output_tokens": 199, "model": "QwQ-32B", "input_tokens_per_minute": 1141119.9152542374, "output_tokens_per_minute": 59893.220338983054, "slo_seconds": 5.0, "slo_attainment": 0.0, "ttft_slo_ms": 1000, "ttft_slo_attainment": 3.389830508474576, "tpot_slo_ms": 50, "tpot_slo_attainment": 85.16949152542372, "Latency": {"unit": "s", "min": 5.743456058000447, "p50": 10.688156838499708, "p90": 15.696137871000246, "p95": 17.72113813674696, "p99": 20.364777852147384, "max": 22.314837157005968}, "Throughput": {"unit": "tokens/s", "min": 8.962646628017538, "p50": 18.59974582668942, "p90": 25.61840742156761, "p95": 28.644407225262768, "p99": 31.884652315312064, "max": 34.822239080493446}, "TTFT": {"unit": "s", "min": 0.5946376940046321, "p50": 2.9621706585021457, "p90": 5.895755983503477, "p95": 8.717312995247994, "p99": 12.623188108901017, "max": 14.599989480004297}, "TPOT": {"unit": "ms", "min": 13.907607211054236, "p50": 37.5766988216119, "p90": 57.07121548492516, "p95": 62.34906867338117, "p99": 69.91129492863782, "max": 72.93591674372797}, "Input Tokens per Minute": {"unit": "tokens/min", "min": 1141119.9152542374, "p50": 1141119.9152542374, "p90": 1141119.9152542374, "p95": 1141119.9152542374, "p99": 1141119.9152542374, "max": 1141119.9152542374}, "Output Tokens per Minute": {"unit": "tokens/min", "min": 59893.220338983054, "p50": 59893.220338983054, "p90": 59893.220338983054, "p95": 59893.220338983054, "p99": 59893.220338983054, "max": 59893.220338983054}}
{"target_qps": 5.0, "actual_qps": 4.998395871310952, "success_rate": 100.0, "input_tokens": 3979, "output_tokens": 198, "model": "QwQ-32B", "input_tokens_per_minute": 1193764.7260273972, "output_tokens_per_minute": 59665.068493150684, "slo_seconds": 5.0, "slo_attainment": 0.0, "ttft_slo_ms": 1000, "ttft_slo_attainment": 1.0273972602739725, "tpot_slo_ms": 50, "tpot_slo_attainment": 34.58904109589041, "Latency": {"unit": "s", "min": 8.046788678002486, "p50": 16.85467603899815, "p90": 23.180171779500963, "p95": 24.550611657850094, "p99": 27.33995116886543, "max": 29.22278470799938}, "Throughput": {"unit": "tokens/s", "min": 4.5968343068161115, "p50": 11.795814568846652, "p90": 17.27504955240223, "p95": 18.426859270519508, "p99": 22.49801374575526, "max": 24.854635557503855}, "TTFT": {"unit": "s", "min": 0.6577674719956121, "p50": 5.439254360000632, "p90": 9.607716266297214, "p95": 11.826832306503631, "p99": 14.90361633160987, "max": 16.545392847001494}, "TPOT": {"unit": "ms", "min": 13.070345949739904, "p50": 58.763238118083805, "p90": 73.69915493165455, "p95": 78.44796184548997, "p99": 86.42788859740507, "max": 123.38330807577938}, "Input Tokens per Minute": {"unit": "tokens/min", "min": 1193764.7260273972, "p50": 1193764.7260273972, "p90": 1193764.7260273972, "p95": 1193764.7260273972, "p99": 1193764.7260273972, "max": 1193764.7260273972}, "Output Tokens per Minute": {"unit": "tokens/min", "min": 59665.068493150684, "p50": 59665.068493150684, "p90": 59665.068493150684, "p95": 59665.068493150684, "p99": 59665.068493150684, "max": 59665.068493150684}}
{"target_qps": 5.0, "actual_qps": 4.997257395314407, "success_rate": 100.0, "input_tokens": 3851, "output_tokens": 197, "model": "QwQ-32B", "input_tokens_per_minute": 1155481.5789473683, "output_tokens_per_minute": 59398.68421052631, "slo_seconds": 5.0, "slo_attainment": 0.0, "ttft_slo_ms": 1000, "ttft_slo_attainment": 1.7543859649122806, "tpot_slo_ms": 50, "tpot_slo_attainment": 13.157894736842104, "Latency": {"unit": "s", "min": 10.856322384002851, "p50": 19.719700706002186, "p90": 27.60260796489674, "p95": 28.068654015251376, "p99": 32.188071667499074, "max": 34.87986528900365}, "Throughput": {"unit": "tokens/s", "min": 2.8192086437983637, "p50": 10.084943255390801, "p90": 14.534140220044847, "p95": 16.037942681617455, "p99": 17.21203173650527, "max": 18.422444813789483}, "TTFT": {"unit": "s", "min": 0.3525367029942572, "p50": 5.83976738599813, "p90": 12.911290287300654, "p95": 14.716811986550965, "p99": 15.946340096940396, "max": 19.36283412299963}, "TPOT": {"unit": "ms", "min": 15.767847577903487, "p50": 70.9547099346794, "p90": 93.45430532965698, "p95": 99.34496958165475, "p99": 110.74529966650044, "max": 197.17544410868075}, "Input Tokens per Minute": {"unit": "tokens/min", "min": 1155481.5789473683, "p50": 1155481.5789473683, "p90": 1155481.5789473683, "p95": 1155481.5789473683, "p99": 1155481.5789473683, "max": 1155481.5789473683}, "Output Tokens per Minute": {"unit": "tokens/min", "min": 59398.68421052631, "p50": 59398.68421052631, "p90": 59398.68421052631, "p95": 59398.68421052631, "p99": 59398.68421052631, "max": 59398.68421052631}}
{"target_qps": 5.0, "actual_qps": 4.9999284510241395, "success_rate": 100.0, "input_tokens": 4033, "output_tokens": 199, "model": "QwQ-32B", "input_tokens_per_minute": 1473787.615988739, "output_tokens_per_minute": 72766.49501647914, "slo_seconds": 5.0, "slo_attainment": 0.0, "ttft_slo_ms": 1000, "ttft_slo_attainment": 3.16622691292876, "tpot_slo_ms": 50, "tpot_slo_attainment": 17.150395778364118, "Latency": {"unit": "s", "min": 6.399731951998547, "p50": 23.58750403099839, "p90": 34.83698143680376, "p95": 37.02411794399595, "p99": 42.70658006751807, "max": 44.70885378100502}, "Throughput": {"unit": "tokens/s", "min": 4.473386881704668, "p50": 8.273048469879871, "p90": 17.540512521726, "p95": 21.545304428156225, "p99": 26.41077132835131, "max": 31.25130888295139}, "TTFT": {"unit": "s", "min": 0.19458379199932097, "p50": 5.529341624001972, "p90": 12.06868861760158, "p95": 15.344563101600212, "p99": 17.47844161760134, "max": 18.886046446001274}, "TPOT": {"unit": "ms", "min": 6.238176015070546, "p50": 92.53002436681395, "p90": 125.92597147035231, "p95": 132.06523139599093, "p99": 136.10845399939458, "max": 136.8596899346858}, "Input Tokens per Minute": {"unit": "tokens/min", "min": 1473787.615988739, "p50": 1473787.615988739, "p90": 1473787.615988739, "p95": 1473787.615988739, "p99": 1473787.615988739, "max": 1473787.615988739}, "Output Tokens per Minute": {"unit": "tokens/min", "min": 72766.49501647914, "p50": 72766.49501647914, "p90": 72766.49501647914, "p95": 72766.49501647914, "p99": 72766.49501647914, "max": 72766.49501647914}}
{"target_qps": 5.0, "actual_qps": 4.999975895199083, "success_rate": 100.0, "input_tokens": 3953, "output_tokens": 198, "model": "QwQ-32B", "input_tokens_per_minute": 1280779.3952321536, "output_tokens_per_minute": 64345.071862510384, "slo_seconds": 5.0, "slo_attainment": 0.8928571428571428, "ttft_slo_ms": 1000, "ttft_slo_attainment": 63.988095238095234, "tpot_slo_ms": 50, "tpot_slo_attainment": 79.16666666666666, "Latency": {"unit": "s", "min": 0.8538400699981139, "p50": 7.31326789549712, "p90": 15.473298467499262, "p95": 18.719550861251264, "p99": 28.071349967999755, "max": 31.24219455900311}, "Throughput": {"unit": "tokens/s", "min": 6.4015989536934015, "p50": 27.250406318580893, "p90": 30.77944936880093, "p95": 31.6071140232852, "p99": 33.14696349102981, "max": 34.03631214846739}, "TTFT": {"unit": "s", "min": 0.05418708499928471, "p50": 0.8057075390024693, "p90": 2.228768149001553, "p95": 2.6909581017534947, "p99": 5.516127970999867, "max": 7.875119762000395}, "TPOT": {"unit": "ms", "min": 28.218097884426463, "p50": 32.729521944719494, "p90": 68.8363752738567, "p95": 81.58814551631562, "p99": 116.21548743870201, "max": 119.87035985427367}, "Input Tokens per Minute": {"unit": "tokens/min", "min": 1280779.3952321536, "p50": 1280779.3952321536, "p90": 1280779.3952321536, "p95": 1280779.3952321536, "p99": 1280779.3952321536, "max": 1280779.3952321536}, "Output Tokens per Minute": {"unit": "tokens/min", "min": 64345.071862510384, "p50": 64345.071862510384, "p90": 64345.071862510384, "p95": 64345.071862510384, "p99": 64345.071862510384, "max": 64345.071862510384}}
{"target_qps": 5.0, "actual_qps": 4.999972517651339, "success_rate": 100.0, "input_tokens": 3919, "output_tokens": 199,