{"actual_qps": 5.305486088483976, "success_rate": 100.0, "input_tokens": 3855, "output_tokens": 199, "model": "QwQ-32B", "input_tokens_per_minute": 1123487.4056708703, "output_tokens_per_minute": 58190.37183907827, "slo_seconds": 5.0, "slo_attainment": 4.4520547945205475, "ttft_slo_ms": 1000, "ttft_slo_attainment": 9.246575342465754, "tpot_slo_ms": 50, "tpot_slo_attainment": 75.34246575342466, "Latency": {"unit": "s", "min": 4.408483292999335, "p50": 10.522360673499861, "p90": 30.003008479000254, "p95": 30.040319128299735, "p99": 30.082037307010296, "max": 30.86408716599999}, "Throughput": {"unit": "tokens/s", "min": 4.328564919620749, "p50": 19.00742501408229, "p90": 37.474986393663485, "p95": 38.8359517515538, "p99": 44.876573159065664, "max": 45.36707677164155}, "TTFT": {"unit": "s", "min": 0.36021100400012074, "p50": 4.533459348500401, "p90": 14.135217570299755, "p95": 16.943294165200133, "p99": 19.17862169077956, "max": 19.676346434000152}, "TPOT": {"unit": "ms", "min": 14.93858805527603, "p50": 27.29089820602885, "p90": 81.34824124321925, "p95": 108.41572570603219, "p99": 126.6197827950745, "max": 147.86971445613617}, "Input Tokens per Minute": {"unit": "tokens/min", "min": 1123487.4056708703, "p50": 1123487.4056708703, "p90": 1123487.4056708703, "p95": 1123487.4056708703, "p99": 1123487.4056708703, "max": 1123487.4056708703}, "Output Tokens per Minute": {"unit": "tokens/min", "min": 58190.37183907827, "p50": 58190.37183907827, "p90": 58190.37183907827, "p95": 58190.37183907827, "p99": 58190.37183907827, "max": 58190.37183907827}}
{"actual_qps": 5.134850811214076, "success_rate": 100.0, "input_tokens": 4024, "output_tokens": 199, "model": "QwQ-32B", "input_tokens_per_minute": 1216052.1024913578, "output_tokens_per_minute": 60265.75893304658, "slo_seconds": 5.0, "slo_attainment": 71.66123778501628, "ttft_slo_ms": 1000, "ttft_slo_attainment": 84.36482084690554, "tpot_slo_ms": 50, "tpot_slo_attainment": 100.0, "Latency": {"unit": "s", "min": 2.688097919000029, "p50": 4.635292794000634, "p90": 5.69983423479971, "p95": 6.2567636214002045, "p99": 8.655295219959825, "max": 10.374087079000674}, "Throughput": {"unit": "tokens/s", "min": 19.278804821760357, "p50": 43.119112743264104, "p90": 50.89117042952822, "p95": 52.795578152705495, "p99": 54.44721431226442, "max": 55.146012179581504}, "TTFT": {"unit": "s", "min": 0.11226700699990033, "p50": 0.6353005159999157, "p90": 1.1620745142003217, "p95": 1.3515153118997658, "p99": 2.6908308696597487, "max": 3.3091485969998757}, "TPOT": {"unit": "ms", "min": 16.258710477388977, "p50": 20.087909512561843, "p90": 23.813409073369975, "p95": 26.037568370854235, "p99": 32.862144369848465, "max": 40.0239059346731}, "Input Tokens per Minute": {"unit": "tokens/min", "min": 1216052.1024913578, "p50": 1216052.1024913578, "p90": 1216052.1024913578, "p95": 1216052.1024913578, "p99": 1216052.1024913578, "max": 1216052.1024913578}, "Output Tokens per Minute": {"unit": "tokens/min", "min": 60265.75893304658, "p50": 60265.75893304658, "p90": 60265.75893304658, "p95": 60265.75893304658, "p99": 60265.75893304658, "max": 60265.75893304658}}
{"actual_qps": 5.132660619716332, "success_rate": 100.0, "input_tokens": 4010, "output_tokens": 199, "model": "QwQ-32B", "input_tokens_per_minute": 1235154.28028881, "output_tokens_per_minute": 61525.02246749553, "slo_seconds": 5.0, "slo_attainment": 76.99680511182109, "ttft_slo_ms": 1000, "ttft_slo_attainment": 85.3035143769968, "tpot_slo_ms": 50, "tpot_slo_attainment": 100.0, "Latency": {"unit": "s", "min": 3.4357057280003573, "p50": 4.5346530320002785, "p90": 5.443086105200019, "p95": 5.728719710000041, "p99": 6.179861227799629, "max": 7.422772367000107}, "Throughput": {"unit": "tokens/s", "min": 26.944110651857354, "p50": 44.09657271660267, "p90": 50.284963241525915, "p95": 51.74733079384125, "p99": 53.436971533624344, "max": 54.80043306425591}, "TTFT": {"unit": "s", "min": 0.09916730399982043, "p50": 0.6038869079993674, "p90": 1.0975940016001915, "p95": 1.2905668210003567, "p99": 1.5507285005997617, "max": 1.7189720960004706}, "TPOT": {"unit": "ms", "min": 16.392085900760605, "p50": 19.49747774371882, "p90": 22.954274944723196, "p95": 24.602254406028493, "p99": 27.05673205025155, "max": 29.76636637185719}, "Input Tokens per Minute": {"unit": "tokens/min", "min": 1235154.28028881, "p50": 1235154.28028881, "p90": 1235154.28028881, "p95": 1235154.28028881, "p99": 1235154.28028881, "max": 1235154.28028881}, "Output Tokens per Minute": {"unit": "tokens/min", "min": 61525.02246749553, "p50": 61525.02246749553, "p90": 61525.02246749553, "p95": 61525.02246749553, "p99": 61525.02246749553, "max": 61525.02246749553}}
{"actual_qps": 5.082669877643878, "success_rate": 100.0, "input_tokens": 4091, "output_tokens": 198, "model": "QwQ-32B", "input_tokens_per_minute": 1284122.4442767424, "output_tokens_per_minute": 62334.847121981475, "slo_seconds": 5.0, "slo_attainment": 76.17554858934169, "ttft_slo_ms": 1000, "ttft_slo_attainment": 93.73040752351098, "tpot_slo_ms": 50, "tpot_slo_attainment": 100.0, "Latency": {"unit": "s", "min": 1.347748421999313, "p50": 4.395813303000068, "p90": 5.384159393599839, "p95": 5.688955367599555, "p99": 5.894282357740121, "max": 6.19774068300012}, "Throughput": {"unit": "tokens/s", "min": 32.26982383251096, "p50": 45.44572242574851, "p90": 52.381844354816096, "p95": 54.39146046286705, "p99": 56.15224710619668, "max": 57.21691353351301}, "TTFT": {"unit": "s", "min": 0.04868714500025817, "p50": 0.4380263359998935, "p90": 0.8627973528005893, "p95": 1.0999257767002746, "p99": 1.5230275541402625, "max": 1.643539573000453}, "TPOT": {"unit": "ms", "min": 16.626237090450154, "p50": 20.00200583919668, "p90": 24.26208143919687, "p95": 25.228344829144977, "p99": 26.95377366512698, "max": 30.640697954774836}, "Input Tokens per Minute": {"unit": "tokens/min", "min": 1284122.4442767424, "p50": 1284122.4442767424, "p90": 1284122.4442767424, "p95": 1284122.4442767424, "p99": 1284122.4442767424, "max": 1284122.4442767424}, "Output Tokens per Minute": {"unit": "tokens/min", "min": 62334.847121981475, "p50": 62334.847121981475, "p90": 62334.847121981475, "p95": 62334.847121981475, "p99": 62334.847121981475, "max": 62334.847121981475}}
{"actual_qps": 5.0983144058353425, "success_rate": 100.0, "input_tokens": 3952, "output_tokens": 199, "model": "QwQ-32B", "input_tokens_per_minute": 1205154.9689476332, "output_tokens_per_minute": 60926.98827794057, "slo_seconds": 5.0, "slo_attainment": 94.51612903225806, "ttft_slo_ms": 1000, "ttft_slo_attainment": 99.67741935483872, "tpot_slo_ms": 50, "tpot_slo_attainment": 100.0, "Latency": {"unit": "s", "min": 3.4882983079996848, "p50": 4.155465066499346, "p90": 4.83477755000049, "p95": 5.016025756799263, "p99": 5.5064467744103, "max": 5.541266714999438}, "Throughput": {"unit": "tokens/s", "min": 36.09283044590289, "p50": 47.98598265468634, "p90": 55.594295306456225, "p95": 56.094918694606044, "p99": 56.833611610603775, "max": 57.334546056838576}, "TTFT": {"unit": "s", "min": 0.04452724699967803, "p50": 0.11369956199996523, "p90": 0.5136951554001827, "p95": 0.6206961887504804, "p99": 0.8709493099799425, "max": 1.0392384259994287}, "TPOT": {"unit": "ms", "min": 17.2742491909528, "p50": 19.674703055274286, "p90": 22.581865880402262, "p95": 23.68212640929862, "p99": 24.751623161857257, "max": 25.48297065326798}, "Input Tokens per Minute": {"unit": "tokens/min", "min": 1205154.9689476332, "p50": 1205154.9689476332, "p90": 1205154.9689476332, "p95": 1205154.9689476332, "p99": 1205154.9689476332, "max": 1205154.9689476332}, "Output Tokens per Minute": {"unit": "tokens/min", "min": 60926.98827794057, "p50": 60926.98827794057, "p90": 60926.98827794057, "p95": 60926.98827794057, "p99": 60926.98827794057, "max": 60926.98827794057}}
{"actual_qps": 5.266580793399093, "success_rate": 100.0, "input_tokens": 4010, "output_tokens": 198, "model": "QwQ-32B", "input_tokens_per_minute": 1234766.1757362518, "output_tokens_per_minute": 61218.13317777219, "slo_seconds": 5.0,