{"actual_qps": 5.838311815732574, "success_rate": 100.0, "input_tokens": 4098, "output_tokens": 199, "model": "QwQ-32B", "input_tokens_per_minute": 760883.7258969614, "output_tokens_per_minute": 37004.91689154669, "slo_seconds": 5.0, "slo_attainment": 0.0, "ttft_slo_ms": 1000, "ttft_slo_attainment": 1.6129032258064515, "tpot_slo_ms": 50, "tpot_slo_attainment": 6.989247311827956, "Latency": {"unit": "s", "min": 9.287292424000043, "p50": 21.93052289249681, "p90": 30.314872550497967, "p95": 30.49843497575057, "p99": 34.67879122329723, "max": 35.18641196599492}, "Throughput": {"unit": "tokens/s", "min": 5.684012345256609, "p50": 9.053952692868723, "p90": 14.105032423034867, "p95": 17.55866606627654, "p99": 19.45071607748185, "max": 21.53480162670057}, "TTFT": {"unit": "s", "min": 0.5589394260023255, "p50": 3.67496458900132, "p90": 6.3704079870003625, "p95": 6.743080380747415, "p99": 7.689069645194105, "max": 10.578615297999931}, "TPOT": {"unit": "ms", "min": 33.15597165326369, "p50": 93.29078236934683, "p90": 130.70926228642725, "p95": 135.37849177135917, "p99": 149.07871193870082, "max": 151.0081081557551}, "Input Tokens per Minute": {"unit": "tokens/min", "min": 760883.7258969614, "p50": 760883.7258969614, "p90": 760883.7258969614, "p95": 760883.7258969614, "p99": 760883.7258969614, "max": 760883.7258969614}, "Output Tokens per Minute": {"unit": "tokens/min", "min": 37004.91689154669, "p50": 37004.91689154669, "p90": 37004.91689154669, "p95": 37004.91689154669, "p99": 37004.91689154669, "max": 37004.91689154669}}
{"actual_qps": 4.495142559154921, "success_rate": 100.0, "input_tokens": 3915, "output_tokens": 199, "model": "QwQ-32B", "input_tokens_per_minute": 1295051.883742915, "output_tokens_per_minute": 66013.6293256567, "slo_seconds": 5.0, "slo_attainment": 0.0, "ttft_slo_ms": 1000, "ttft_slo_attainment": 2.083333333333333, "tpot_slo_ms": 50, "tpot_slo_attainment": 2.380952380952381, "Latency": {"unit": "s", "min": 9.888806076000037, "p50": 26.487478123497567, "p90": 39.0887793485017, "p95": 40.87990692025414, "p99": 45.686841294801305, "max": 49.460451070001}, "Throughput": {"unit": "tokens/s", "min": 4.043634776337594, "p50": 7.530246332945722, "p90": 12.868255146808899, "p95": 14.542713809963438, "p99": 18.28134228380039, "max": 20.224888471156955}, "TTFT": {"unit": "s", "min": 0.4334742159990128, "p50": 5.134891437999613, "p90": 11.406553427499603, "p95": 12.482557673252813, "p99": 14.231551454501092, "max": 16.79470201100048}, "TPOT": {"unit": "ms", "min": 19.887866854268985, "p50": 104.831044570351, "p90": 151.2654042185867, "p95": 162.4915121570282, "p99": 174.12958325329228, "max": 177.4153038844011}, "Input Tokens per Minute": {"unit": "tokens/min", "min": 1295051.883742915, "p50": 1295051.883742915, "p90": 1295051.883742915, "p95": 1295051.883742915, "p99": 1295051.883742915, "max": 1295051.883742915}, "Output Tokens per Minute": {"unit": "tokens/min", "min": 66013.6293256567, "p50": 66013.6293256567, "p90": 66013.6293256567, "p95": 66013.6293256567, "p99": 66013.6293256567, "max": 66013.6293256567}}
{"actual_qps": 4.62568130015793, "success_rate": 100.0, "input_tokens": 4087, "output_tokens": 200, "model": "QwQ-32B", "input_tokens_per_minute": 784554.620816873, "output_tokens_per_minute": 38389.173680374144, "slo_seconds": 5.0, "slo_attainment": 0.0, "ttft_slo_ms": 1000, "ttft_slo_attainment": 0.0, "tpot_slo_ms": 50, "tpot_slo_attainment": 14.871794871794872, "Latency": {"unit": "s", "min": 8.463064353003574, "p50": 30.7640496219974, "p90": 40.83450131779828, "p95": 41.90988149819604, "p99": 44.41886464938041, "max": 45.378485730005195}, "Throughput": {"unit": "tokens/s", "min": 4.4073749218951095, "p50": 6.501094701686894, "p90": 14.89783675889484, "p95": 18.283290440919654, "p99": 20.61525908472031, "max": 23.632101997312503}, "TTFT": {"unit": "s", "min": 1.02091888099676, "p50": 8.450834675000806, "p90": 12.320643911401566, "p95": 13.02259353279587, "p99": 16.15995207542335, "max": 20.79001318600058}, "TPOT": {"unit": "ms", "min": 20.463013266351883, "p50": 109.68771877890335, "p90": 148.15732041709788, "p95": 152.9429741924653, "p99": 158.3911076433291, "max": 160.12484825628076}, "Input Tokens per Minute": {"unit": "tokens/min", "min": 784554.620816873, "p50": 784554.620816873, "p90": 784554.620816873, "p95": 784554.620816873, "p99": 784554.620816873, "max": 784554.620816873}, "Output Tokens per Minute": {"unit": "tokens/min", "min": 38389.173680374144, "p50": 38389.173680374144, "p90": 38389.173680374144, "p95": 38389.173680374144, "p99": 38389.173680374144, "max": 38389.173680374144}}
{"actual_qps": 4.946768293925064, "success_rate": 100.0, "input_tokens": 3980, "output_tokens": 199, "model": "QwQ-32B", "input_tokens_per_minute": 1308589.4813230736, "output_tokens_per_minute": 65488.97728535826, "slo_seconds": 5.0, "slo_attainment": 0.0, "ttft_slo_ms": 1000, "ttft_slo_attainment": 0.29940119760479045, "tpot_slo_ms": 50, "tpot_slo_attainment": 4.191616766467066, "Latency": {"unit": "s", "min": 10.205676922996645, "p50": 36.39488770550088, "p90": 43.18578190420303, "p95": 44.23163412550166, "p99": 49.63866196259872, "max": 52.04852722099895}, "Throughput": {"unit": "tokens/s", "min": 2.881365530873106, "p50": 5.486979717509509, "p90": 8.544770977732625, "p95": 10.436595343425608, "p99": 15.047279522485379, "max": 19.596936245290717}, "TTFT": {"unit": "s", "min": 0.7922350240041851, "p50": 8.878509860998747, "p90": 13.589192756599367, "p95": 14.496988551400857, "p99": 20.001757813106238, "max": 22.38053509600286}, "TPOT": {"unit": "ms", "min": 4.849629286431237, "p50": 144.26290617338233, "p90": 151.92723522914778, "p95": 156.1339858550301, "p99": 171.75394760109737, "max": 243.8623560256719}, "Input Tokens per Minute": {"unit": "tokens/min", "min": 1308589.4813230736, "p50": 1308589.4813230736, "p90": 1308589.4813230736, "p95": 1308589.4813230736, "p99": 1308589.4813230736, "max": 1308589.4813230736}, "Output Tokens per Minute": {"unit": "tokens/min", "min": 65488.97728535826, "p50": 65488.97728535826, "p90": 65488.97728535826, "p95": 65488.97728535826, "p99": 65488.97728535826, "max": 65488.97728535826}}
{"actual_qps": 5.5246014630120985, "success_rate": 100.0, "input_tokens": 3996, "output_tokens": 199, "model": "QwQ-32B", "input_tokens_per_minute": 1226516.6068685546, "output_tokens_per_minute": 61220.78094824974, "slo_seconds": 5.0, "slo_attainment": 0.3205128205128205, "ttft_slo_ms": 1000, "ttft_slo_attainment": 7.371794871794872, "tpot_slo_ms": 50, "tpot_slo_attainment": 0.0, "Latency": {"unit": "s", "min": 4.768971284000145, "p50": 36.68689225250273, "p90": 41.09939949550535, "p95": 42.1922698563525, "p99": 44.15748442543932, "max": 44.98203328700038}, "Throughput": {"unit": "tokens/s", "min": 4.446219643383688, "p50": 5.451538652494033, "p90": 10.132351643617072, "p95": 11.962870091433427, "p99": 14.047309762168522, "max": 14.994245053182935}, "TTFT": {"unit": "s", "min": 0.3047281980034313, "p50": 7.295448695000232, "p90": 11.448030479201416, "p95": 12.689992626702583, "p99": 14.381371820957064, "max": 14.883700719001354}, "TPOT": {"unit": "ms", "min": 61.92840899999813, "p50": 146.27749553266824, "p90": 151.01735091909117, "p95": 151.7022371690921, "p99": 164.36979550859346, "max": 180.2366937789057}, "Input Tokens per Minute": {"unit": "tokens/min", "min": 1226516.6068685546, "p50": 1226516.6068685546, "p90": 1226516.6068685546, "p95": 1226516.6068685546, "p99": 1226516.6068685546, "max": 1226516.6068685546}, "Output Tokens per Minute": {"unit": "tokens/min", "min": 61220.78094824974, "p50": 61220.78094824974, "p90": 61220.78094824974, "p95": 61220.78094824974, "p99": 61220.78094824974, "max": 61220.78094824974}}
{"actual_qps": 4.649947566106542, "success_rate": 100.0, "input_tokens": 3903, "output_tokens": 199, "model": "QwQ-32B", "input_tokens_per_minute": 1347615.5430682567, "output_tokens_per_minute": 69026.69855248666, "slo_seconds": 5.0, "slo_attainment": 0.0, "ttft_slo_ms": 1000,