{"actual_qps": 5.288693158790519, "success_rate": 100.0, "input_tokens": 3910, "output_tokens": 199, "model": "QwQ-32B", "input_tokens_per_minute": 909413.1259915947, "output_tokens_per_minute": 46321.0683048055, "slo_seconds": 5.0, "slo_attainment": 0.0, "ttft_slo_ms": 1000, "ttft_slo_attainment": 0.423728813559322, "tpot_slo_ms": 50, "tpot_slo_attainment": 5.508474576271186, "Latency": {"unit": "s", "min": 9.430524173003505, "p50": 25.506882956498885, "p90": 35.93160166999951, "p95": 36.71438092000426, "p99": 39.18381020770139, "max": 49.48120995800127}, "Throughput": {"unit": "tokens/s", "min": 3.4284837789190643, "p50": 7.839027337784808, "p90": 14.369081361547856, "p95": 16.556667510066102, "p99": 20.268893753034863, "max": 21.20772889512699}, "TTFT": {"unit": "s", "min": 0.6194764309984748, "p50": 4.360944208001456, "p90": 6.922029282999574, "p95": 7.7066980125000555, "p99": 10.035713773648604, "max": 17.795271416005562}, "TPOT": {"unit": "ms", "min": 35.97013851759041, "p50": 101.79728878644147, "p90": 149.7977790025119, "p95": 157.69918467713663, "p99": 162.14366800427047, "max": 220.52257396157634}, "Input Tokens per Minute": {"unit": "tokens/min", "min": 909413.1259915947, "p50": 909413.1259915947, "p90": 909413.1259915947, "p95": 909413.1259915947, "p99": 909413.1259915947, "max": 909413.1259915947}, "Output Tokens per Minute": {"unit": "tokens/min", "min": 46321.0683048055, "p50": 46321.0683048055, "p90": 46321.0683048055, "p95": 46321.0683048055, "p99": 46321.0683048055, "max": 46321.0683048055}}
{"actual_qps": 5.197247945712581, "success_rate": 100.0, "input_tokens": 3895, "output_tokens": 198, "model": "QwQ-32B", "input_tokens_per_minute": 954293.4193316925, "output_tokens_per_minute": 48684.605315065244, "slo_seconds": 5.0, "slo_attainment": 0.0, "ttft_slo_ms": 1000, "ttft_slo_attainment": 4.819277108433735, "tpot_slo_ms": 50, "tpot_slo_attainment": 2.0080321285140563, "Latency": {"unit": "s", "min": 5.521430117005366, "p50": 27.045145447998948, "p90": 39.344752288000024, "p95": 42.02962877120153, "p99": 43.16914124827861, "max": 43.997836440001265}, "Throughput": {"unit": "tokens/s", "min": 2.020396261172544, "p50": 7.395042499754715, "p90": 14.29012072361122, "p95": 15.667685513832462, "p99": 18.76541405074993, "max": 20.712370077994485}, "TTFT": {"unit": "s", "min": 0.42067558600683697, "p50": 4.742582527003833, "p90": 11.45553122140118, "p95": 12.480868496600305, "p99": 15.06115920532001, "max": 18.010884634997637}, "TPOT": {"unit": "ms", "min": 39.96256543218097, "p50": 108.06070965827074, "p90": 150.33964007938877, "p95": 157.50213653569043, "p99": 162.12358352442564, "max": 401.03166949232286}, "Input Tokens per Minute": {"unit": "tokens/min", "min": 954293.4193316925, "p50": 954293.4193316925, "p90": 954293.4193316925, "p95": 954293.4193316925, "p99": 954293.4193316925, "max": 954293.4193316925}, "Output Tokens per Minute": {"unit": "tokens/min", "min": 48684.605315065244, "p50": 48684.605315065244, "p90": 48684.605315065244, "p95": 48684.605315065244, "p99": 48684.605315065244, "max": 48684.605315065244}}
{"actual_qps": 5.094855444580234, "success_rate": 100.0, "input_tokens": 4067, "output_tokens": 197, "model": "QwQ-32B", "input_tokens_per_minute": 1112224.5043677147, "output_tokens_per_minute": 53971.04262615535, "slo_seconds": 5.0, "slo_attainment": 0.0, "ttft_slo_ms": 1000, "ttft_slo_attainment": 0.7194244604316548, "tpot_slo_ms": 50, "tpot_slo_attainment": 13.66906474820144, "Latency": {"unit": "s", "min": 9.562896709998313, "p50": 29.674352113495843, "p90": 43.024025178296874, "p95": 44.97560416170126, "p99": 46.58450546715118, "max": 52.07853266400343}, "Throughput": {"unit": "tokens/s", "min": 2.387360394533809, "p50": 6.629036717053072, "p90": 14.128550566329777, "p95": 16.222505339565526, "p99": 19.598731704327605, "max": 20.914165034418247}, "TTFT": {"unit": "s", "min": 0.2132824940053979, "p50": 8.448709396499908, "p90": 13.933304235700053, "p95": 14.662907812400954, "p99": 21.684991102137733, "max": 22.98514077400614}, "TPOT": {"unit": "ms", "min": 15.392106703513866, "p50": 107.2838423015082, "p90": 153.613108745235, "p95": 160.25510009874492, "p99": 184.2012926739622, "max": 207.06778542859996}, "Input Tokens per Minute": {"unit": "tokens/min", "min": 1112224.5043677147, "p50": 1112224.5043677147, "p90": 1112224.5043677147, "p95": 1112224.5043677147, "p99": 1112224.5043677147, "max": 1112224.5043677147}, "Output Tokens per Minute": {"unit": "tokens/min", "min": 53971.04262615535, "p50": 53971.04262615535, "p90": 53971.04262615535, "p95": 53971.04262615535, "p99": 53971.04262615535, "max": 53971.04262615535}}
{"actual_qps": 5.087032176828682, "success_rate": 100.0, "input_tokens": 4022, "output_tokens": 199, "model": "QwQ-32B", "input_tokens_per_minute": 1111811.3477486866, "output_tokens_per_minute": 55236.08884537044, "slo_seconds": 5.0, "slo_attainment": 0.0, "ttft_slo_ms": 1000, "ttft_slo_attainment": 0.0, "tpot_slo_ms": 50, "tpot_slo_attainment": 6.761565836298933, "Latency": {"unit": "s", "min": 10.740746691997629, "p50": 35.42624248899665, "p90": 43.62183059500239, "p95": 46.425751280999975, "p99": 51.9541075711997, "max": 53.21203138699639}, "Throughput": {"unit": "tokens/s", "min": 3.7585484858763483, "p50": 5.6427975078161365, "p90": 9.40015985995582, "p95": 10.596872236123469, "p99": 14.472441992905546, "max": 18.62067933777915}, "TTFT": {"unit": "s", "min": 1.090094578001299, "p50": 9.535522908998246, "p90": 13.887458958000934, "p95": 16.280374842004676, "p99": 22.53279712860239, "max": 23.69841256699874}, "TPOT": {"unit": "ms", "min": 29.176305125643857, "p50": 136.6148635075368, "p90": 153.95011527636515, "p95": 160.2867942914892, "p99": 172.57958192763064, "max": 188.32260041332728}, "Input Tokens per Minute": {"unit": "tokens/min", "min": 1111811.3477486866, "p50": 1111811.3477486866, "p90": 1111811.3477486866, "p95": 1111811.3477486866, "p99": 1111811.3477486866, "max": 1111811.3477486866}, "Output Tokens per Minute": {"unit": "tokens/min", "min": 55236.08884537044, "p50": 55236.08884537044, "p90": 55236.08884537044, "p95": 55236.08884537044, "p99": 55236.08884537044, "max": 55236.08884537044}}
{"actual_qps": 5.0984785651589295, "success_rate": 100.0, "input_tokens": 4017, "output_tokens": 199, "model": "QwQ-32B", "input_tokens_per_minute": 1390975.774810406, "output_tokens_per_minute": 68995.69398222018, "slo_seconds": 5.0, "slo_attainment": 0.0, "ttft_slo_ms": 1000, "ttft_slo_attainment": 8.522727272727272, "tpot_slo_ms": 50, "tpot_slo_attainment": 0.0, "Latency": {"unit": "s", "min": 13.08681793299911, "p50": 37.15383952100092, "p90": 41.501067549901926, "p95": 42.759042678947296, "p99": 44.05510382918685, "max": 49.27083190299891}, "Throughput": {"unit": "tokens/s", "min": 3.5469408413840786, "p50": 5.3733575739245065, "p90": 8.196771861940906, "p95": 12.16526668427477, "p99": 14.124283861169664, "max": 15.282553866336698}, "TTFT": {"unit": "s", "min": 0.21193638799741166, "p50": 7.7766741845043725, "p90": 11.941475691002417, "p95": 13.357147356101267, "p99": 14.456707957398761, "max": 19.279062278998026}, "TPOT": {"unit": "ms", "min": 62.312236673383794, "p50": 145.93806162814525, "p90": 150.8636998944533, "p95": 152.1224103226206, "p99": 169.44137624226687, "max": 194.7321528492448}, "Input Tokens per Minute": {"unit": "tokens/min", "min": 1390975.774810406, "p50": 1390975.774810406, "p90": 1390975.774810406, "p95": 1390975.774810406, "p99": 1390975.774810406, "max": 1390975.774810406}, "Output Tokens per Minute": {"unit": "tokens/min", "min": 68995.69398222018, "p50": 68995.69398222018, "p90": 68995.69398222018, "p95": 68995.69398222018, "p99": 68995.69398222018, "max": 68995.69398222018}}
{"actual_qps": 5.295121770556678, "success_rate": 100.0, "input_tokens": 3899, "output_tokens": 199, "model": "QwQ-32B", "input_tokens_per_minute": 1411416.1833628095, "output_tokens_per_minute": 72135.29633820095, "slo_seconds": 5.0, "slo_attainment": 0.0, "ttft_slo_ms": 1000,