{"actual_qps": 3.3499246041400546, "success_rate": 100.0, "input_tokens": 3478, "output_tokens": 198, "model": "QwQ-32B", "input_tokens_per_minute": 514766.41428955493, "output_tokens_per_minute": 29329.339892366508, "slo_seconds": 5.0, "slo_attainment": 0.0, "ttft_slo_ms": 1000, "ttft_slo_attainment": 7.4324324324324325, "tpot_slo_ms": 50, "tpot_slo_attainment": 7.4324324324324325, "Latency": {"unit": "s", "min": 6.338394507001794, "p50": 19.362846874497336, "p90": 31.263516428897862, "p95": 36.18754565405216, "p99": 39.03627797116795, "max": 40.08515276500111}, "Throughput": {"unit": "tokens/s", "min": 3.6537613961850117, "p50": 10.25799503049813, "p90": 15.573502032013275, "p95": 17.760100761691277, "p99": 24.574484796285876, "max": 31.553731750061825}, "TTFT": {"unit": "s", "min": 0.2919805190031184, "p50": 3.1009546179993777, "p90": 6.598518430701371, "p95": 7.773034509249924, "p99": 10.792394537867294, "max": 11.290510086997529}, "TPOT": {"unit": "ms", "min": 18.522764949742868, "p50": 84.59582452262075, "p90": 139.94179031659263, "p95": 146.92452053066373, "p99": 159.11982341995784, "max": 198.28080342852314}, "Input Tokens per Minute": {"unit": "tokens/min", "min": 514766.41428955493, "p50": 514766.41428955493, "p90": 514766.41428955493, "p95": 514766.41428955493, "p99": 514766.41428955493, "max": 514766.41428955493}, "Output Tokens per Minute": {"unit": "tokens/min", "min": 29329.339892366508, "p50": 29329.339892366508, "p90": 29329.339892366508, "p95": 29329.339892366508, "p99": 29329.339892366508, "max": 29329.339892366508}}
{"actual_qps": 3.3236261080207465, "success_rate": 100.0, "input_tokens": 3754, "output_tokens": 198, "model": "QwQ-32B", "input_tokens_per_minute": 475419.45519394684, "output_tokens_per_minute": 25182.450295251594, "slo_seconds": 5.0, "slo_attainment": 0.0, "ttft_slo_ms": 1000, "ttft_slo_attainment": 2.3622047244094486, "tpot_slo_ms": 50, "tpot_slo_attainment": 1.574803149606299, "Latency": {"unit": "s", "min": 9.646825199000887, "p50": 29.67512923599861, "p90": 38.40190514000278, "p95": 41.88716669580172, "p99": 45.12490854581629, "max": 45.664112602004025}, "Throughput": {"unit": "tokens/s", "min": 3.226704319635082, "p50": 6.661006810954767, "p90": 11.135452815433, "p95": 12.542871623012926, "p99": 18.93165187388535, "max": 20.732209392652187}, "TTFT": {"unit": "s", "min": 0.5037431140008266, "p50": 8.053072698996402, "p90": 15.982000342597894, "p95": 17.913730848102567, "p99": 21.997915988402664, "max": 22.914662170995143}, "TPOT": {"unit": "ms", "min": 30.61771586933115, "p50": 103.3766112311456, "p90": 127.59579723116904, "p95": 130.60029588645074, "p99": 161.97778385398573, "max": 223.81354232731445}, "Input Tokens per Minute": {"unit": "tokens/min", "min": 475419.45519394684, "p50": 475419.45519394684, "p90": 475419.45519394684, "p95": 475419.45519394684, "p99": 475419.45519394684, "max": 475419.45519394684}, "Output Tokens per Minute": {"unit": "tokens/min", "min": 25182.450295251594, "p50": 25182.450295251594, "p90": 25182.450295251594, "p95": 25182.450295251594, "p99": 25182.450295251594, "max": 25182.450295251594}}
{"actual_qps": 3.362181176997507, "success_rate": 100.0, "input_tokens": 3737, "output_tokens": 197, "model": "QwQ-32B", "input_tokens_per_minute": 1015117.6133833067, "output_tokens_per_minute": 53694.8534408397, "slo_seconds": 5.0, "slo_attainment": 0.0, "ttft_slo_ms": 1000, "ttft_slo_attainment": 4.3478260869565215, "tpot_slo_ms": 50, "tpot_slo_attainment": 19.202898550724637, "Latency": {"unit": "s", "min": 7.903784308000468, "p50": 28.463866296999186, "p90": 40.41565561649986, "p95": 41.785141900498274, "p99": 45.73444989174823, "max": 49.8980579650015}, "Throughput": {"unit": "tokens/s", "min": 1.9614953829231652, "p50": 6.8895573892931115, "p90": 16.447660208959995, "p95": 19.54427713141013, "p99": 24.311158871015436, "max": 25.304334253852737}, "TTFT": {"unit": "s", "min": 0.5001194279975607, "p50": 6.774309442502272, "p90": 11.55295711600047, "p95": 12.409486173501136, "p99": 17.64367449799829, "max": 19.420953708002344}, "TPOT": {"unit": "ms", "min": 10.177275005040045, "p50": 107.16170084421934, "p90": 150.4071466557827, "p95": 153.1521670150786, "p99": 160.66761916456255, "max": 400.4264489825194}, "Input Tokens per Minute": {"unit": "tokens/min", "min": 1015117.6133833067, "p50": 1015117.6133833067, "p90": 1015117.6133833067, "p95": 1015117.6133833067, "p99": 1015117.6133833067, "max": 1015117.6133833067}, "Output Tokens per Minute": {"unit": "tokens/min", "min": 53694.8534408397, "p50": 53694.8534408397, "p90": 53694.8534408397, "p95": 53694.8534408397, "p99": 53694.8534408397, "max": 53694.8534408397}}
{"actual_qps": 3.278826318072534, "success_rate": 100.0, "input_tokens": 3812, "output_tokens": 198, "model": "QwQ-32B", "input_tokens_per_minute": 498814.7333036426, "output_tokens_per_minute": 25925.023931735916, "slo_seconds": 5.0, "slo_attainment": 0.0, "ttft_slo_ms": 1000, "ttft_slo_attainment": 1.5037593984962405, "tpot_slo_ms": 50, "tpot_slo_attainment": 0.0, "Latency": {"unit": "s", "min": 16.709465686006297, "p50": 37.1314304539992, "p90": 41.719902037001155, "p95": 42.37848224560294, "p99": 44.344496668278296, "max": 45.171241342999565}, "Throughput": {"unit": "tokens/s", "min": 2.9550070198337224, "p50": 5.370283075549067, "p90": 6.79528373461909, "p95": 8.249594762651046, "p99": 11.297037980116837, "max": 11.969263635251624}, "TTFT": {"unit": "s", "min": 0.6122435990037047, "p50": 7.893510248999519, "p90": 12.590898456402646, "p95": 13.163273760399896, "p99": 14.59022583091457, "max": 15.48389929899713}, "TPOT": {"unit": "ms", "min": 78.55367987439647, "p50": 146.67551204520214, "p90": 151.680660929666, "p95": 154.16081664923917, "p99": 183.29374332702687, "max": 201.03024077994633}, "Input Tokens per Minute": {"unit": "tokens/min", "min": 498814.7333036426, "p50": 498814.7333036426, "p90": 498814.7333036426, "p95": 498814.7333036426, "p99": 498814.7333036426, "max": 498814.7333036426}, "Output Tokens per Minute": {"unit": "tokens/min", "min": 25925.023931735916, "p50": 25925.023931735916, "p90": 25925.023931735916, "p95": 25925.023931735916, "p99": 25925.023931735916, "max": 25925.023931735916}}
{"actual_qps": 3.7832962066497813, "success_rate": 100.0, "input_tokens": 3712, "output_tokens": 199, "model": "QwQ-32B", "input_tokens_per_minute": 832576.3006992001, "output_tokens_per_minute": 44769.750312225995, "slo_seconds": 5.0, "slo_attainment": 0.0, "ttft_slo_ms": 1000, "ttft_slo_attainment": 8.333333333333332, "tpot_slo_ms": 50, "tpot_slo_attainment": 0.0, "Latency": {"unit": "s", "min": 12.523055445002683, "p50": 35.94733151700348, "p90": 40.0426435099027, "p95": 40.67903750539808, "p99": 41.80928757043206, "max": 43.35130223099986}, "Throughput": {"unit": "tokens/s", "min": 4.613471561575906, "p50": 5.5500786575104275, "p90": 10.657494313260582, "p95": 13.382349772539904, "p99": 14.73358734622665, "max": 15.970543361269703}, "TTFT": {"unit": "s", "min": 0.34207205299753696, "p50": 6.631253880499571, "p90": 10.34670411719999, "p95": 10.726881138997124, "p99": 12.512717843480928, "max": 13.518395098006295}, "TPOT": {"unit": "ms", "min": 61.03418459298982, "p50": 146.43036073365732, "p90": 151.04637471908904, "p95": 151.4626535133143, "p99": 163.33028944272718, "max": 180.6868731557791}, "Input Tokens per Minute": {"unit": "tokens/min", "min": 832576.3006992001, "p50": 832576.3006992001, "p90": 832576.3006992001, "p95": 832576.3006992001, "p99": 832576.3006992001, "max": 832576.3006992001}, "Output Tokens per Minute": {"unit": "tokens/min", "min": 44769.750312225995, "p50": 44769.750312225995, "p90": 44769.750312225995, "p95": 44769.750312225995, "p99": 44769.750312225995, "max": 44769.750312225995}}
{"actual_qps": 3.3935314031840638, "success_rate": 100.0, "input_tokens": 3728, "output_tokens": 199, "model": "QwQ-32B", "input_tokens_per_minute": 909531.3357845205, "output_tokens_per_minute": 48637.66588209925, "slo_seconds": 5.0, "slo_attainment": 0.0,