{"actual_qps": 5.242928001682824, "success_rate": 100.0, "input_tokens": 3747, "output_tokens": 199, "model": "QwQ-32B", "input_tokens_per_minute": 543777.6632432671, "output_tokens_per_minute": 28891.292725062718, "slo_seconds": 5.0, "slo_attainment": 0.0, "ttft_slo_ms": 1000, "ttft_slo_attainment": 6.7114093959731544, "tpot_slo_ms": 50, "tpot_slo_attainment": 17.449664429530202, "Latency": {"unit": "s", "min": 8.220128730994475, "p50": 17.763436096000078, "p90": 24.523960162796726, "p95": 29.139935358996443, "p99": 35.73689848515877, "max": 36.69128570299654}, "Throughput": {"unit": "tokens/s", "min": 5.4508855759084565, "p50": 11.21453429015909, "p90": 18.23784522048152, "p95": 20.693662862854673, "p99": 23.856072143477054, "max": 24.330519210227006}, "TTFT": {"unit": "s", "min": 0.5286244159942726, "p50": 2.574964491002902, "p90": 4.440269161398464, "p95": 5.501795976598802, "p99": 8.342812316882776, "max": 9.215413829995668}, "TPOT": {"unit": "ms", "min": 12.665450286426424, "p50": 79.68629252261496, "p90": 106.0731803165894, "p95": 124.92915507537327, "p99": 135.8468749280332, "max": 141.55403393465235}, "Input Tokens per Minute": {"unit": "tokens/min", "min": 543777.6632432671, "p50": 543777.6632432671, "p90": 543777.6632432671, "p95": 543777.6632432671, "p99": 543777.6632432671, "max": 543777.6632432671}, "Output Tokens per Minute": {"unit": "tokens/min", "min": 28891.292725062718, "p50": 28891.292725062718, "p90": 28891.292725062718, "p95": 28891.292725062718, "p99": 28891.292725062718, "max": 28891.292725062718}}
{"actual_qps": 5.696406269807863, "success_rate": 100.0, "input_tokens": 3832, "output_tokens": 199, "model": "QwQ-32B", "input_tokens_per_minute": 1242993.6952784685, "output_tokens_per_minute": 64787.98132308603, "slo_seconds": 5.0, "slo_attainment": 0.0, "ttft_slo_ms": 1000, "ttft_slo_attainment": 1.5015015015015014, "tpot_slo_ms": 50, "tpot_slo_attainment": 0.0, "Latency": {"unit": "s", "min": 12.238108214005479, "p50": 28.429467597998155, "p90": 39.578117822001516, "p95": 41.994667501996446, "p99": 44.86695576563943, "max": 49.51612255800137}, "Throughput": {"unit": "tokens/s", "min": 4.039088475995416, "p50": 7.0349541126856305, "p90": 11.661040615901078, "p95": 13.201249241035947, "p99": 15.196847579391243, "max": 16.34239512371013}, "TTFT": {"unit": "s", "min": 0.5821914030020707, "p50": 5.399378838003031, "p90": 12.512093737797121, "p95": 14.973191257996946, "p99": 17.022270952957918, "max": 18.861534878000384}, "TPOT": {"unit": "ms", "min": 50.75540663316892, "p50": 114.29670062312451, "p90": 146.71749137486762, "p95": 152.47148580602885, "p99": 160.64477072943274, "max": 224.87780255741214}, "Input Tokens per Minute": {"unit": "tokens/min", "min": 1242993.6952784685, "p50": 1242993.6952784685, "p90": 1242993.6952784685, "p95": 1242993.6952784685, "p99": 1242993.6952784685, "max": 1242993.6952784685}, "Output Tokens per Minute": {"unit": "tokens/min", "min": 64787.98132308603, "p50": 64787.98132308603, "p90": 64787.98132308603, "p95": 64787.98132308603, "p99": 64787.98132308603, "max": 64787.98132308603}}
{"actual_qps": 5.4469576706211855, "success_rate": 100.0, "input_tokens": 3758, "output_tokens": 199, "model": "QwQ-32B", "input_tokens_per_minute": 1123761.7211720871, "output_tokens_per_minute": 59528.8213461658, "slo_seconds": 5.0, "slo_attainment": 0.0, "ttft_slo_ms": 1000, "ttft_slo_attainment": 0.6514657980456027, "tpot_slo_ms": 50, "tpot_slo_attainment": 2.6058631921824107, "Latency": {"unit": "s", "min": 12.369374082001741, "p50": 35.45650736799871, "p90": 46.93592935459746, "p95": 49.57301898739606, "p99": 52.46750263303911, "max": 56.011049362998165}, "Throughput": {"unit": "tokens/s", "min": 2.5180676796849664, "p50": 5.590922323591384, "p90": 10.175031720475639, "p95": 11.706412820182068, "p99": 15.361612803235792, "max": 16.16896689146246}, "TTFT": {"unit": "s", "min": 0.744157125998754, "p50": 11.221688461999292, "p90": 18.37607722439571, "p95": 21.772226066696014, "p99": 23.93832105536203, "max": 25.737579802000255}, "TPOT": {"unit": "ms", "min": 30.483922060291242, "p50": 124.2030792361846, "p90": 154.72811319998812, "p95": 158.19990498190538, "p99": 166.0343933328654, "max": 244.9699289755677}, "Input Tokens per Minute": {"unit": "tokens/min", "min": 1123761.7211720871, "p50": 1123761.7211720871, "p90": 1123761.7211720871, "p95": 1123761.7211720871, "p99": 1123761.7211720871, "max": 1123761.7211720871}, "Output Tokens per Minute": {"unit": "tokens/min", "min": 59528.8213461658, "p50": 59528.8213461658, "p90": 59528.8213461658, "p95": 59528.8213461658, "p99": 59528.8213461658, "max": 59528.8213461658}}
{"actual_qps": 5.7690836106141665, "success_rate": 100.0, "input_tokens": 3723, "output_tokens": 198, "model": "QwQ-32B", "input_tokens_per_minute": 1200185.106984852, "output_tokens_per_minute": 64099.420933515175, "slo_seconds": 5.0, "slo_attainment": 0.0, "ttft_slo_ms": 1000, "ttft_slo_attainment": 0.3021148036253776, "tpot_slo_ms": 50, "tpot_slo_attainment": 4.229607250755287, "Latency": {"unit": "s", "min": 12.960608634006348, "p50": 38.34339191799518, "p90": 46.83608258800086, "p95": 52.62224819849871, "p99": 55.78874987789677, "max": 57.606977054994786}, "Throughput": {"unit": "tokens/s", "min": 3.028380502721747, "p50": 5.204558304282535, "p90": 8.547142627204307, "p95": 10.036628718861346, "p99": 10.860781035887523, "max": 12.600883332719246}, "TTFT": {"unit": "s", "min": 0.5075235210024402, "p50": 9.814666048994695, "p90": 15.76129494199995, "p95": 22.58690149749964, "p99": 24.440494584296534, "max": 27.003061531999265}, "TPOT": {"unit": "ms", "min": 28.441863683417694, "p50": 145.5244940753714, "p90": 154.1442366382142, "p95": 163.68703955024887, "p99": 175.04948452713222, "max": 186.17717919443277}, "Input Tokens per Minute": {"unit": "tokens/min", "min": 1200185.106984852, "p50": 1200185.106984852, "p90": 1200185.106984852, "p95": 1200185.106984852, "p99": 1200185.106984852, "max": 1200185.106984852}, "Output Tokens per Minute": {"unit": "tokens/min", "min": 64099.420933515175, "p50": 64099.420933515175, "p90": 64099.420933515175, "p95": 64099.420933515175, "p99": 64099.420933515175, "max": 64099.420933515175}}
{"actual_qps": 5.866487844872761, "success_rate": 100.0, "input_tokens": 3747, "output_tokens": 199, "model": "QwQ-32B", "input_tokens_per_minute": 1405040.1011895519, "output_tokens_per_minute": 74934.2644044851, "slo_seconds": 5.0, "slo_attainment": 0.0, "ttft_slo_ms": 1000, "ttft_slo_attainment": 11.948051948051948, "tpot_slo_ms": 50, "tpot_slo_attainment": 0.0, "Latency": {"unit": "s", "min": 12.602130530001887, "p50": 36.30559725499916, "p90": 41.27965123620234, "p95": 42.60538818239729, "p99": 44.212737038357005, "max": 44.83607626700541}, "Throughput": {"unit": "tokens/s", "min": 4.082721677710779, "p50": 5.508792448593052, "p90": 10.966378551896648, "p95": 13.17530368535012, "p99": 14.762010555555438, "max": 15.870332363552345}, "TTFT": {"unit": "s", "min": 0.11072296900238143, "p50": 6.82349899700057, "p90": 11.511498895200203, "p95": 13.183314400404921, "p99": 14.658230542005038, "max": 16.03107543799706}, "TPOT": {"unit": "ms", "min": 61.10868763314454, "p50": 146.31022223117574, "p90": 150.92263856782648, "p95": 151.59550102713666, "p99": 176.15834876803092, "max": 186.2568770603004}, "Input Tokens per Minute": {"unit": "tokens/min", "min": 1405040.1011895519, "p50": 1405040.1011895519, "p90": 1405040.1011895519, "p95": 1405040.1011895519, "p99": 1405040.1011895519, "max": 1405040.1011895519}, "Output Tokens per Minute": {"unit": "tokens/min", "min": 74934.2644044851, "p50": 74934.2644044851, "p90": 74934.2644044851, "p95": 74934.2644044851, "p99": 74934.2644044851, "max": 74934.2644044851}}
{"actual_qps": 5.649766411820346, "success_rate": 100.0, "input_tokens": 3797, "output_tokens": 199, "model": "QwQ-32B", "input_tokens_per_minute": 1464752.0192163957, "output_tokens_per_minute": 76846.06644794703, "slo_seconds": 5.0, "slo_attainment": 0.0, "ttft_slo_ms": 1000,