{"target_qps": 5.0, "actual_qps": 4.986936533483339, "success_rate": 100.0, "input_tokens": 3859, "output_tokens": 199, "model": "QwQ-32B", "input_tokens_per_minute": 1157941.304347826, "output_tokens_per_minute": 59909.99999999999, "slo_seconds": 5.0, "slo_attainment": 0.0, "ttft_slo_ms": 1000, "ttft_slo_attainment": 2.608695652173913, "tpot_slo_ms": 50, "tpot_slo_attainment": 94.34782608695652, "Latency": {"unit": "s", "min": 5.049274211000011, "p50": 11.049515867498485, "p90": 15.738634211797761, "p95": 17.17051021755105, "p99": 19.469453252951208, "max": 21.50873393099755}, "Throughput": {"unit": "tokens/s", "min": 9.298548238200473, "p50": 18.100343699196344, "p90": 24.063325653614967, "p95": 26.995165413107912, "p99": 30.593907715869854, "max": 34.658446479051726}, "TTFT": {"unit": "s", "min": 0.4081572299983236, "p50": 4.241219799499959, "p90": 7.635528568197333, "p95": 9.474506489049412, "p99": 11.846068670398527, "max": 14.461241045999486}, "TPOT": {"unit": "ms", "min": 13.330029658299734, "p50": 33.454837962303436, "p90": 45.77388600954869, "p95": 50.425489886431166, "p99": 60.89717812708677, "max": 61.69913366332609}, "Input Tokens per Minute": {"unit": "tokens/min", "min": 1157941.304347826, "p50": 1157941.304347826, "p90": 1157941.304347826, "p95": 1157941.304347826, "p99": 1157941.304347826, "max": 1157941.304347826}, "Output Tokens per Minute": {"unit": "tokens/min", "min": 59909.99999999999, "p50": 59909.99999999999, "p90": 59909.99999999999, "p95": 59909.99999999999, "p99": 59909.99999999999, "max": 59909.99999999999}}
{"target_qps": 5.0, "actual_qps": 4.998168336161147, "success_rate": 100.0, "input_tokens": 3958, "output_tokens": 198, "model": "QwQ-32B", "input_tokens_per_minute": 1306097.5029790488, "output_tokens_per_minute": 65386.66421070854, "slo_seconds": 5.0, "slo_attainment": 0.6006006006006006, "ttft_slo_ms": 1000, "ttft_slo_attainment": 4.504504504504505, "tpot_slo_ms": 50, "tpot_slo_attainment": 99.69969969969969, "Latency": {"unit": "s", "min": 2.80605724400084, "p50": 12.775070319003135, "p90": 22.251788079200924, "p95": 26.15242128340032, "p99": 35.94023978720012, "max": 39.69394362199819}, "Throughput": {"unit": "tokens/s", "min": 5.038552024575381, "p50": 15.536172723823546, "p90": 23.041294146048998, "p95": 25.508462812954814, "p99": 29.199404990519568, "max": 33.91005440706642}, "TTFT": {"unit": "s", "min": 0.4208021459999145, "p50": 5.474012836999464, "p90": 16.049925374799933, "p95": 18.628016407199897, "p99": 29.01650381707907, "max": 31.705586752999807}, "TPOT": {"unit": "ms", "min": 21.51280209548545, "p50": 34.87947618090237, "p90": 42.34181719798631, "p95": 43.72924800000467, "p99": 46.516547235375796, "max": 52.158458507528394}, "Input Tokens per Minute": {"unit": "tokens/min", "min": 1306097.5029790488, "p50": 1306097.5029790488, "p90": 1306097.5029790488, "p95": 1306097.5029790488, "p99": 1306097.5029790488, "max": 1306097.5029790488}, "Output Tokens per Minute": {"unit": "tokens/min", "min": 65386.66421070854, "p50": 65386.66421070854, "p90": 65386.66421070854, "p95": 65386.66421070854, "p99": 65386.66421070854, "max": 65386.66421070854}}
{"target_qps": 5.0, "actual_qps": 4.999939220155317, "success_rate": 100.0, "input_tokens": 3923, "output_tokens": 199, "model": "QwQ-32B", "input_tokens_per_minute": 1176940.6779661018, "output_tokens_per_minute": 59887.1186440678, "slo_seconds": 5.0, "slo_attainment": 0.3389830508474576, "ttft_slo_ms": 1000, "ttft_slo_attainment": 17.966101694915253, "tpot_slo_ms": 50, "tpot_slo_attainment": 96.94915254237289, "Latency": {"unit": "s", "min": 4.8848784229994635, "p50": 9.350206559000071, "p90": 12.08919194799892, "p95": 13.452553815698412, "p99": 16.615797155380715, "max": 23.194248207000783}, "Throughput": {"unit": "tokens/s", "min": 8.622827444764235, "p50": 21.372775485333506, "p90": 28.119777680592602, "p95": 30.389372158257235, "p99": 37.47783739102563, "max": 40.942677111131445}, "TTFT": {"unit": "s", "min": 0.20085646799998358, "p50": 1.9270736610014865, "p90": 4.486490687598417, "p95": 5.40869400549891, "p99": 8.783004825598695, "max": 13.210456402001}, "TPOT": {"unit": "ms", "min": 20.758220432167516, "p50": 35.49433010050792, "p90": 44.828537937695245, "p95": 47.44309240402562, "p99": 53.89013590451799, "max": 61.28165812059244}, "Input Tokens per Minute": {"unit": "tokens/min", "min": 1176940.6779661018, "p50": 1176940.6779661018, "p90": 1176940.6779661018, "p95": 1176940.6779661018, "p99": 1176940.6779661018, "max": 1176940.6779661018}, "Output Tokens per Minute": {"unit": "tokens/min", "min": 59887.1186440678, "p50": 59887.1186440678, "p90": 59887.1186440678, "p95": 59887.1186440678, "p99": 59887.1186440678, "max": 59887.1186440678}}
{"target_qps": 5.0, "actual_qps": 4.999937536280419, "success_rate": 100.0, "input_tokens": 3979, "output_tokens": 199, "model": "QwQ-32B", "input_tokens_per_minute": 1194547.328721071, "output_tokens_per_minute": 59812.52415692498, "slo_seconds": 5.0, "slo_attainment": 2.31023102310231, "ttft_slo_ms": 1000, "ttft_slo_attainment": 63.366336633663366, "tpot_slo_ms": 50, "tpot_slo_attainment": 99.66996699669967, "Latency": {"unit": "s", "min": 1.867061418000958, "p50": 7.7195688399988285, "p90": 9.732406484400418, "p95": 10.744510420600273, "p99": 12.423158921180004, "max": 13.174068645999796}, "Throughput": {"unit": "tokens/s", "min": 15.181338838759464, "p50": 25.772334455935564, "p90": 31.40769585154389, "p95": 32.86797629564472, "p99": 43.239424847484486, "max": 46.970135271507914}, "TTFT": {"unit": "s", "min": 0.04502489799779141, "p50": 0.7038565399998333, "p90": 2.1049340430006853, "p95": 3.09368367429779, "p99": 4.091310649079243, "max": 6.512041563997627}, "TPOT": {"unit": "ms", "min": 21.05627917588016, "p50": 34.72681769849785, "p90": 40.739516237186564, "p95": 42.82298430954512, "p99": 45.11922368202128, "max": 51.026031422115366}, "Input Tokens per Minute": {"unit": "tokens/min", "min": 1194547.328721071, "p50": 1194547.328721071, "p90": 1194547.328721071, "p95": 1194547.328721071, "p99": 1194547.328721071, "max": 1194547.328721071}, "Output Tokens per Minute": {"unit": "tokens/min", "min": 59812.52415692498, "p50": 59812.52415692498, "p90": 59812.52415692498, "p95": 59812.52415692498, "p99": 59812.52415692498, "max": 59812.52415692498}}
{"target_qps": 5.0, "actual_qps": 4.999940524874122, "success_rate": 100.0, "input_tokens": 3984, "output_tokens": 199, "model": "QwQ-32B", "input_tokens_per_minute": 1211897.904729222, "output_tokens_per_minute": 60533.813520443364, "slo_seconds": 5.0, "slo_attainment": 0.9771986970684038, "ttft_slo_ms": 1000, "ttft_slo_attainment": 71.33550488599349, "tpot_slo_ms": 50, "tpot_slo_attainment": 100.0, "Latency": {"unit": "s", "min": 1.5512921099980304, "p50": 7.505860875000508, "p90": 8.957397420799682, "p95": 9.325176270200245, "p99": 9.906008990141999, "max": 11.000364176998119}, "Throughput": {"unit": "tokens/s", "min": 18.181216256294693, "p50": 26.605674332455717, "p90": 31.397940951944907, "p95": 32.99864555958699, "p99": 37.07289498434697, "max": 39.4437983218488}, "TTFT": {"unit": "s", "min": 0.03910278400144307, "p50": 0.5851476749994617, "p90": 1.3585162805975417, "p95": 1.6036436069996851, "p99": 2.2591562421192792, "max": 2.6278892529990117}, "TPOT": {"unit": "ms", "min": 21.591787949742937, "p50": 34.457780547743816, "p90": 39.847245870345866, "p95": 41.79065312411841, "p99": 44.23026882149649, "max": 46.082829045226575}, "Input Tokens per Minute": {"unit": "tokens/min", "min": 1211897.904729222, "p50": 1211897.904729222, "p90": 1211897.904729222, "p95": 1211897.904729222, "p99": 1211897.904729222, "max": 1211897.904729222}, "Output Tokens per Minute": {"unit": "tokens/min", "min": 60533.813520443364, "p50": 60533.813520443364, "p90": 60533.813520443364, "p95": 60533.813520443364, "p99": 60533.813520443364, "max": 60533.813520443364}}
{"target_qps": 5.0, "actual_qps": 4.999976638109139, "success_rate": 100.0, "input_tokens": 3925, "output_tokens": 200,