{"target_qps": 5.0, "actual_qps": 4.9945031623623155, "success_rate": 100.0, "input_tokens": 4098, "output_tokens": 199, "model": "QwQ-32B", "input_tokens_per_minute": 1229658.4615384615, "output_tokens_per_minute": 59924.61538461538, "slo_seconds": 5.0, "slo_attainment": 0.0, "ttft_slo_ms": 1000, "ttft_slo_attainment": 0.5128205128205128, "tpot_slo_ms": 50, "tpot_slo_attainment": 94.87179487179486, "Latency": {"unit": "s", "min": 7.668392990999564, "p50": 14.698403751001024, "p90": 24.598651655801223, "p95": 25.545348979998742, "p99": 29.429982933961874, "max": 31.493764774000738}, "Throughput": {"unit": "tokens/s", "min": 6.350463383314127, "p50": 13.603171840802487, "p90": 17.971460813422254, "p95": 21.23278839110687, "p99": 25.83364998504625, "max": 26.08108377266803}, "TTFT": {"unit": "s", "min": 0.5970826619995933, "p50": 7.790578086998721, "p90": 16.019523909600682, "p95": 19.17139648089869, "p99": 21.858016217317637, "max": 23.289544477000163}, "TPOT": {"unit": "ms", "min": 19.524911673361935, "p50": 34.76383030654724, "p90": 47.39438113165991, "p95": 50.085226615572616, "p99": 56.86635132461876, "max": 56.95002254774111}, "Input Tokens per Minute": {"unit": "tokens/min", "min": 1229658.4615384615, "p50": 1229658.4615384615, "p90": 1229658.4615384615, "p95": 1229658.4615384615, "p99": 1229658.4615384615, "max": 1229658.4615384615}, "Output Tokens per Minute": {"unit": "tokens/min", "min": 59924.61538461538, "p50": 59924.61538461538, "p90": 59924.61538461538, "p95": 59924.61538461538, "p99": 59924.61538461538, "max": 59924.61538461538}}
{"target_qps": 5.0, "actual_qps": 4.987529891563755, "success_rate": 100.0, "input_tokens": 4241, "output_tokens": 199, "model": "QwQ-32B", "input_tokens_per_minute": 1336947.2876727972, "output_tokens_per_minute": 62805.96891250575, "slo_seconds": 5.0, "slo_attainment": 0.0, "ttft_slo_ms": 1000, "ttft_slo_attainment": 1.2658227848101267, "tpot_slo_ms": 50, "tpot_slo_attainment": 83.54430379746836, "Latency": {"unit": "s", "min": 5.524233758002083, "p50": 19.2104220705005, "p90": 35.118672416499976, "p95": 40.49069603974931, "p99": 49.96920707760079, "max": 53.783408283001336}, "Throughput": {"unit": "tokens/s", "min": 2.0508998304091013, "p50": 10.389939522031518, "p90": 18.604739668644395, "p95": 21.39183271701568, "p99": 26.26782703410359, "max": 36.20411603877038}, "TTFT": {"unit": "s", "min": 0.30549654600326903, "p50": 11.407485931502379, "p90": 28.60242541900152, "p95": 33.01195168900176, "p99": 40.93224087190177, "max": 47.038438943000074}, "TPOT": {"unit": "ms", "min": 19.206395638192856, "p50": 37.86156331909808, "p90": 53.58826584422823, "p95": 57.43030100502757, "p99": 68.92666511231991, "max": 79.57090943036056}, "Input Tokens per Minute": {"unit": "tokens/min", "min": 1336947.2876727972, "p50": 1336947.2876727972, "p90": 1336947.2876727972, "p95": 1336947.2876727972, "p99": 1336947.2876727972, "max": 1336947.2876727972}, "Output Tokens per Minute": {"unit": "tokens/min", "min": 62805.96891250575, "p50": 62805.96891250575, "p90": 62805.96891250575, "p95": 62805.96891250575, "p99": 62805.96891250575, "max": 62805.96891250575}}
{"target_qps": 5.0, "actual_qps": 4.999946651652734, "success_rate": 100.0, "input_tokens": 4068, "output_tokens": 199, "model": "QwQ-32B", "input_tokens_per_minute": 1355453.0185824553, "output_tokens_per_minute": 66402.97547030154, "slo_seconds": 5.0, "slo_attainment": 0.29940119760479045, "ttft_slo_ms": 1000, "ttft_slo_attainment": 3.293413173652695, "tpot_slo_ms": 50, "tpot_slo_attainment": 83.8323353293413, "Latency": {"unit": "s", "min": 4.532781976999104, "p50": 14.086357414998929, "p90": 27.700155337299655, "p95": 32.33854466660048, "p99": 44.94489061037842, "max": 52.58095665300061}, "Throughput": {"unit": "tokens/s", "min": 3.8036584484353746, "p50": 14.133834975233441, "p90": 22.036091413424735, "p95": 24.60952964372069, "p99": 28.774002842550928, "max": 32.6924198128606}, "TTFT": {"unit": "s", "min": 0.11805609499788261, "p50": 6.227536058499027, "p90": 18.483172037200344, "p95": 22.07819754130123, "p99": 36.84160237149007, "max": 44.19260792999921}, "TPOT": {"unit": "ms", "min": 19.15045798492273, "p50": 36.84837458290782, "p90": 54.52546721659092, "p95": 57.29564148191114, "p99": 63.948527079198605, "max": 73.82626123998004}, "Input Tokens per Minute": {"unit": "tokens/min", "min": 1355453.0185824553, "p50": 1355453.0185824553, "p90": 1355453.0185824553, "p95": 1355453.0185824553, "p99": 1355453.0185824553, "max": 1355453.0185824553}, "Output Tokens per Minute": {"unit": "tokens/min", "min": 66402.97547030154, "p50": 66402.97547030154, "p90": 66402.97547030154, "p95": 66402.97547030154, "p99": 66402.97547030154, "max": 66402.97547030154}}
{"target_qps": 5.0, "actual_qps": 4.999923371507615, "success_rate": 100.0, "input_tokens": 4228, "output_tokens": 199, "model": "QwQ-32B", "input_tokens_per_minute": 1336947.2876727972, "output_tokens_per_minute": 63239.884013071794, "slo_seconds": 5.0, "slo_attainment": 1.5772870662460567, "ttft_slo_ms": 1000, "ttft_slo_attainment": 72.55520504731862, "tpot_slo_ms": 50, "tpot_slo_attainment": 100.0, "Latency": {"unit": "s", "min": 4.671815873000014, "p50": 7.47447903200009, "p90": 8.9392101197991, "p95": 9.570549882000341, "p99": 12.030612940118138, "max": 14.61335474000225}, "Throughput": {"unit": "tokens/s", "min": 13.686111338454321, "p50": 26.757717714338433, "p90": 31.650254223530233, "p95": 33.57433506685444, "p99": 41.93016500056311, "max": 42.80990634837877}, "TTFT": {"unit": "s", "min": 0.041250938000302995, "p50": 0.6248740740011272, "p90": 1.615439755200351, "p95": 2.239934241800074, "p99": 5.807649613918607, "max": 8.600379704999796}, "TPOT": {"unit": "ms", "min": 21.603033412065084, "p50": 33.7723582512566, "p90": 39.37243596582947, "p95": 40.96762116282319, "p99": 43.253017112966795, "max": 45.61009957788842}, "Input Tokens per Minute": {"unit": "tokens/min", "min": 1336947.2876727972, "p50": 1336947.2876727972, "p90": 1336947.2876727972, "p95": 1336947.2876727972, "p99": 1336947.2876727972, "max": 1336947.2876727972}, "Output Tokens per Minute": {"unit": "tokens/min", "min": 63239.884013071794, "p50": 63239.884013071794, "p90": 63239.884013071794, "p95": 63239.884013071794, "p99": 63239.884013071794, "max": 63239.884013071794}}
{"target_qps": 5.0, "actual_qps": 4.9999453625970425, "success_rate": 100.0, "input_tokens": 4061, "output_tokens": 199, "model": "QwQ-32B", "input_tokens_per_minute": 1218580.7432432433, "output_tokens_per_minute": 59978.71621621621, "slo_seconds": 5.0, "slo_attainment": 0.0, "ttft_slo_ms": 1000, "ttft_slo_attainment": 69.5945945945946, "tpot_slo_ms": 50, "tpot_slo_attainment": 100.0, "Latency": {"unit": "s", "min": 5.428049316000397, "p50": 7.540671342998394, "p90": 8.977089818499735, "p95": 9.305094380749324, "p99": 10.156379772651965, "max": 10.946861460997752}, "Throughput": {"unit": "tokens/s", "min": 18.27007683549975, "p50": 26.50983132446516, "p90": 31.285980393624833, "p95": 32.61530931174783, "p99": 34.680261108918515, "max": 36.84564902725828}, "TTFT": {"unit": "s", "min": 0.04271048400187283, "p50": 0.6949901064999722, "p90": 1.3588509510009317, "p95": 1.5523953444990184, "p99": 2.111274594300085, "max": 2.608184032000281}, "TPOT": {"unit": "ms", "min": 23.772620130659387, "p50": 34.463890329140156, "p90": 40.55394431155371, "p95": 42.23678645101144, "p99": 44.85090633744638, "max": 46.77198349247247}, "Input Tokens per Minute": {"unit": "tokens/min", "min": 1218580.7432432433, "p50": 1218580.7432432433, "p90": 1218580.7432432433, "p95": 1218580.7432432433, "p99": 1218580.7432432433, "max": 1218580.7432432433}, "Output Tokens per Minute": {"unit": "tokens/min", "min": 59978.71621621621, "p50": 59978.71621621621, "p90": 59978.71621621621, "p95": 59978.71621621621, "p99": 59978.71621621621, "max": 59978.71621621621}}
{"target_qps": 5.0, "actual_qps": 4.999968799028232, "success_rate": 100.0, "input_tokens": 4032, "output_tokens": 199, "model": "QwQ-32B",