{"target_qps": 2.0, "actual_qps": 1.999934161634064, "success_rate": 100.0, "input_tokens": 3871, "output_tokens": 200, "model": "QwQ-32B", "input_tokens_per_minute": 464623.8461538461, "output_tokens_per_minute": 24000.0, "slo_seconds": 5.0, "slo_attainment": 3.8461538461538463, "ttft_slo_ms": 1000, "ttft_slo_attainment": 57.692307692307686, "tpot_slo_ms": 50, "tpot_slo_attainment": 99.03846153846155, "Latency": {"unit": "s", "min": 4.425748481997289, "p50": 7.3697056920009345, "p90": 9.356196857800024, "p95": 9.812052808952103, "p99": 11.783598773852827, "max": 13.7902162270002}, "Throughput": {"unit": "tokens/s", "min": 14.503035826836067, "p50": 27.13926026262456, "p90": 35.83441334570951, "p95": 37.22640372512264, "p99": 42.53466326831627, "max": 45.1900962771708}, "TTFT": {"unit": "s", "min": 0.09683263400074793, "p50": 0.9007243719988764, "p90": 2.0204692457005877, "p95": 2.4691687069511303, "p99": 4.7042671140206584, "max": 7.252243576000183}, "TPOT": {"unit": "ms", "min": 19.173206040190664, "p50": 32.079907555275916, "p90": 39.05021861054543, "p95": 42.39346845828566, "p99": 44.50069669899274, "max": 56.45982139197546}, "Input Tokens per Minute": {"unit": "tokens/min", "min": 464623.8461538461, "p50": 464623.8461538461, "p90": 464623.8461538461, "p95": 464623.8461538461, "p99": 464623.8461538461, "max": 464623.8461538461}, "Output Tokens per Minute": {"unit": "tokens/min", "min": 24000.0, "p50": 24000.0, "p90": 24000.0, "p95": 24000.0, "p99": 24000.0, "max": 24000.0}}
{"target_qps": 2.0, "actual_qps": 1.9983298260395412, "success_rate": 100.0, "input_tokens": 3676, "output_tokens": 200, "model": "QwQ-32B", "input_tokens_per_minute": 444496.4965252793, "output_tokens_per_minute": 24179.790895078448, "slo_seconds": 5.0, "slo_attainment": 1.6528925619834711, "ttft_slo_ms": 1000, "ttft_slo_attainment": 37.1900826446281, "tpot_slo_ms": 50, "tpot_slo_attainment": 97.52066115702479, "Latency": {"unit": "s", "min": 4.390951733999827, "p50": 8.156123089996981, "p90": 10.101499495001917, "p95": 10.672153949002677, "p99": 16.306326934799287, "max": 16.73771588800082}, "Throughput": {"unit": "tokens/s", "min": 11.949061708197528, "p50": 24.521454347015503, "p90": 32.95592171686851, "p95": 34.82827214623935, "p99": 42.98999679500215, "max": 45.54821189478551}, "TTFT": {"unit": "s", "min": 0.15421565599899623, "p50": 1.1714825550006935, "p90": 2.6611942220006313, "p95": 2.949840179000603, "p99": 4.472140305198988, "max": 6.396241796999675}, "TPOT": {"unit": "ms", "min": 20.510924703521415, "p50": 34.73708565829084, "p90": 41.23810056280582, "p95": 42.867392005018466, "p99": 58.72737716985574, "max": 72.49302468342685}, "Input Tokens per Minute": {"unit": "tokens/min", "min": 444496.4965252793, "p50": 444496.4965252793, "p90": 444496.4965252793, "p95": 444496.4965252793, "p99": 444496.4965252793, "max": 444496.4965252793}, "Output Tokens per Minute": {"unit": "tokens/min", "min": 24179.790895078448, "p50": 24179.790895078448, "p90": 24179.790895078448, "p95": 24179.790895078448, "p99": 24179.790895078448, "max": 24179.790895078448}}
{"target_qps": 2.0, "actual_qps": 1.999956181893354, "success_rate": 100.0, "input_tokens": 4006, "output_tokens": 200, "model": "QwQ-32B", "input_tokens_per_minute": 480830.8474576271, "output_tokens_per_minute": 24000.0, "slo_seconds": 5.0, "slo_attainment": 0.0, "ttft_slo_ms": 1000, "ttft_slo_attainment": 42.3728813559322, "tpot_slo_ms": 50, "tpot_slo_attainment": 97.45762711864407, "Latency": {"unit": "s", "min": 5.6721736950021295, "p50": 8.483563461999438, "p90": 10.897897603100136, "p95": 11.986852874300345, "p99": 12.790346370148072, "max": 13.397775911998906}, "Throughput": {"unit": "tokens/s", "min": 14.927850809990195, "p50": 23.575002061138967, "p90": 28.56616971094617, "p95": 29.45869712232504, "p99": 34.7342158076508, "max": 35.259851117786496}, "TTFT": {"unit": "s", "min": 0.14235996100251214, "p50": 1.1520309619991167, "p90": 2.6342277023984932, "p95": 3.0150774928508315, "p99": 5.468011523757956, "max": 6.26702702199691}, "TPOT": {"unit": "ms", "min": 25.32177039197381, "p50": 36.318180351765626, "p90": 45.28446620351859, "p95": 47.48090428039638, "p99": 53.74498191542653, "max": 57.05222151759265}, "Input Tokens per Minute": {"unit": "tokens/min", "min": 480830.8474576271, "p50": 480830.8474576271, "p90": 480830.8474576271, "p95": 480830.8474576271, "p99": 480830.8474576271, "max": 480830.8474576271}, "Output Tokens per Minute": {"unit": "tokens/min", "min": 24000.0, "p50": 24000.0, "p90": 24000.0, "p95": 24000.0, "p99": 24000.0, "max": 24000.0}}
{"target_qps": 2.0, "actual_qps": 1.9999879417394695, "success_rate": 100.0, "input_tokens": 3654, "output_tokens": 199, "model": "QwQ-32B", "input_tokens_per_minute": 449094.65345499624, "output_tokens_per_minute": 24508.51615146195, "slo_seconds": 5.0, "slo_attainment": 0.8130081300813009, "ttft_slo_ms": 1000, "ttft_slo_attainment": 75.60975609756098, "tpot_slo_ms": 50, "tpot_slo_attainment": 100.0, "Latency": {"unit": "s", "min": 4.433176504000585, "p50": 7.646990327000822, "p90": 8.818088387601165, "p95": 9.06208736479748, "p99": 9.749180811720798, "max": 10.441640462002397}, "Throughput": {"unit": "tokens/s", "min": 19.154078396762372, "p50": 26.05911233640855, "p90": 31.34396625295348, "p95": 32.84644147064175, "p99": 36.281039770055656, "max": 37.89607741726356}, "TTFT": {"unit": "s", "min": 0.04124514899740461, "p50": 0.6654308140023204, "p90": 1.1409064224004395, "p95": 1.3493826423993593, "p99": 1.8892718419180892, "max": 1.9822039880018565}, "TPOT": {"unit": "ms", "min": 24.900209616761114, "p50": 35.05454373366568, "p90": 39.64429036985797, "p95": 40.98681939798936, "p99": 44.5395025918292, "max": 45.563454095479834}, "Input Tokens per Minute": {"unit": "tokens/min", "min": 449094.65345499624, "p50": 449094.65345499624, "p90": 449094.65345499624, "p95": 449094.65345499624, "p99": 449094.65345499624, "max": 449094.65345499624}, "Output Tokens per Minute": {"unit": "tokens/min", "min": 24508.51615146195, "p50": 24508.51615146195, "p90": 24508.51615146195, "p95": 24508.51615146195, "p99": 24508.51615146195, "max": 24508.51615146195}}
{"target_qps": 2.0, "actual_qps": 1.9999708283588071, "success_rate": 100.0, "input_tokens": 3841, "output_tokens": 199, "model": "QwQ-32B", "input_tokens_per_minute": 460999.66386554623, "output_tokens_per_minute": 23996.974789915967, "slo_seconds": 5.0, "slo_attainment": 1.680672268907563, "ttft_slo_ms": 1000, "ttft_slo_attainment": 69.74789915966386, "tpot_slo_ms": 50, "tpot_slo_attainment": 100.0, "Latency": {"unit": "s", "min": 4.360061850002239, "p50": 7.538262289999693, "p90": 9.16330695400029, "p95": 9.84356057979894, "p99": 10.358349033779376, "max": 10.836367102998338}, "Throughput": {"unit": "tokens/s", "min": 18.456369934593816, "p50": 26.53131349188012, "p90": 30.809575528622723, "p95": 32.78697267628713, "p99": 42.44173032165023, "max": 45.870908918390064}, "TTFT": {"unit": "s", "min": 0.061032683999656, "p50": 0.7027827950005303, "p90": 1.5291084915981628, "p95": 1.7817827852974, "p99": 2.0800879346011056, "max": 2.148485105000873}, "TPOT": {"unit": "ms", "min": 19.723191879403483, "p50": 34.54192167336072, "p90": 40.97379298894078, "p95": 42.89494765777712, "p99": 46.18304667597492, "max": 46.76460076381828}, "Input Tokens per Minute": {"unit": "tokens/min", "min": 460999.66386554623, "p50": 460999.66386554623, "p90": 460999.66386554623, "p95": 460999.66386554623, "p99": 460999.66386554623, "max": 460999.66386554623}, "Output Tokens per Minute": {"unit": "tokens/min", "min": 23996.974789915967, "p50": 23996.974789915967, "p90": 23996.974789915967, "p95": 23996.974789915967, "p99": 23996.974789915967, "max": 23996.974789915967}}
{"target_qps": 2.0, "actual_qps": 1.9999699618511357, "success_rate": 100.0, "input_tokens": 3592, "output_tokens": 199, "model": "QwQ-32B", "input_tokens_per_minute": 452221.04046783515, "output_tokens_per_minute": 25168.96415896802, "slo_seconds": 5.0,