request_id,conversation_id,send_time,ttft_time,total_time,tokens_in,tokens_out,ttft,tpot,cached_tokens
8a253a41-ac33-438b-aafd-8458314e89a2,fdc227b0-6b16-435f-95a4-a55419769f5a,7935756.715781259,7935758.38279842,7935766.78105421,1163,200,1.6670171609148383,8.398255789652467,160
2699c45e-6b16-48c3-a001-47a43f0e7953,8263d56c-0301-4b0e-9bce-d56c30ac60df,7935756.715680245,7935758.532019269,7935767.067952091,5972,200,1.816339023411274,8.535932822152972,192
cbe9ab68-aaa1-4d9a-ab62-d037b537b76e,644cffe6-f7e2-45fc-8b1e-a5ae777f772e,7935756.715785628,7935758.960147375,7935767.119272688,5746,200,2.244361747056246,8.159125313162804,176
d394e2c2-1522-4923-be56-f4c565408df3,410e174c-4bcc-4323-abfb-461a0b1dfecd,7935756.715833193,7935759.562559771,7935767.430079073,5911,200,2.8467265786603093,7.867519301362336,160
8ecec709-2227-47db-93d4-2139dcf611bb,78c7ebb0-2d9a-4cfc-adc9-dc9ee1c4eab2,7935750.792417336,7935759.644312372,7935767.589989314,5534,200,8.851895036175847,7.945676941424608,16
21e128b6-a652-4882-9d7f-ee7b5cbc32fd,afd76ba8-dee7-4f83-b1dd-08d1d278d296,7935756.715684325,7935759.067962221,7935767.635062413,5875,200,2.352277895435691,8.567100192420185,176
14b3d869-0536-45f0-83cb-8da52a738115,9bb66c7b-e720-4c31-baca-a2f43672e95a,7935750.792458477,7935753.82235257,7935761.758689772,1083,200,3.02989409212023,7.936337202787399,160
009c7f73-923f-4d6f-b8a5-a6391f2db366,a5d52ffa-baf4-4f45-b499-90d158833a2c,7935756.715834681,7935759.864853443,7935767.566133048,2731,200,3.149018761701882,7.701279605738819,192
6ddc1326-ce68-4ab1-b759-a9f21d45f7e1,3cc8072d-46b6-40b5-a71a-afefedb345af,7935756.715718994,7935759.332670139,7935767.935327009,3007,200,2.616951145231724,8.602656870149076,192
350e90b8-8f6c-40ed-9cc0-225d13009cc4,bc3c695a-dbbe-46c3-b730-f17bff089f3e,7935756.715784056,7935760.582362877,7935767.960091574,5603,200,3.866578821092844,7.377728696912527,224
e2da9bed-a70e-4f3e-80cc-7e485ca1b1be,bf643991-8072-4e34-aaba-6aa45667f279,7935756.715745171,7935759.413517664,7935768.028829531,1506,200,2.697772493585944,8.615311866626143,160
d04d0c9e-9e8e-46fd-9826-98d6d8592bc0,96e352eb-b046-4e48-a206-53a1eee8c0ed,7935756.715836446,7935760.679535203,7935768.046104708,1558,200,3.963698756881058,7.36656950507313,176
d95570fc-2853-4521-ac9f-59a9d3fe10d9,12cd0593-3b00-4e01-8af8-5885c65b23b2,7935756.715716681,7935759.713584256,7935768.340112792,2991,200,2.99786757491529,8.626528535969555,160
90ccb998-50e8-486b-b1ff-5bdbd51e4388,811fc368-df9a-4da3-b103-b4c3c476eec0,7935756.715787364,7935761.0532307075,7935768.400802274,2834,200,4.337443343363702,7.347571566700935,160
683686c7-32b9-49fe-8e57-1cd7b6276c25,06312fd4-a78a-42c6-96c4-a5088cfcc81e,7935756.715606904,7935760.624181847,7935768.633020514,2730,187,3.9085749434307218,8.00883866660297,160
18343bf5-0c8d-456b-821a-644b01f9e921,9eeda092-546d-42e1-bbec-a34b1a994009,7935756.715842043,7935761.288500696,7935768.618050876,2417,200,4.572658653371036,7.32955017965287,192
03db3d14-4b6f-4dbb-88bf-1deaee752409,fd85aaea-6f27-4a87-b591-1bc8eedf9b03,7935750.792448825,7935754.604152298,7935762.939597032,5951,200,3.8117034723982215,8.335444734431803,160
cfb06107-35e6-40f9-871a-46b0ad9688ae,4de1cfe3-bafc-4c88-b75f-5e9daea7a2a2,7935756.71584721,7935761.494582515,7935768.832304635,1821,200,4.778735305182636,7.337722119875252,176
f4e36e1c-6ed5-4391-91bc-c8787b411423,d4238793-b034-4004-8635-9639e6bd91f6,7935756.715723699,7935760.349560122,7935769.040375247,5998,200,3.633836423046887,8.69081512466073,160
c3733d8f-a978-47c6-a41d-746d7b4362cf,764b887c-0f76-4dbe-8fcb-1a144f07cbcd,7935750.792455237,7935754.866711494,7935763.336725878,1343,200,4.074256256222725,8.470014384016395,176
821e48fb-87ef-478b-a68c-8abe36fe1f30,4badfb68-cc71-43fc-ae4b-f30cf995fe2a,7935756.7158438,7935761.871150177,7935769.146236188,2590,200,5.155306376516819,7.2750860108062625,192
e9f5c5ff-8010-4b84-ae43-0e53897864ed,2f758670-b8ed-4ec1-862e-affd9609923b,7935756.715713914,7935761.100118307,7935769.638208408,3921,200,4.3844043938443065,8.538090100511909,192
51a54c30-37d2-4e02-ae63-e5ef55127acd,253cd96e-682a-412f-b75a-b826bf7b830c,7935756.715676666,7935761.577893299,7935770.003051863,5881,200,4.862216632813215,8.425158564001322,160
80958ff4-f7b4-4391-a9eb-48c3328c2eb1,576e478b-c34e-41ac-b6c5-ffe5ab41a267,7935756.71578886,7935762.754533606,7935769.92151785,6005,200,6.038744745776057,7.166984244249761,192
e93e961f-79f0-4257-bd77-66fcdf4a9481,dcebb6b1-74bc-4dbf-86f2-41f09017875b,7935756.715619265,7935761.820842771,7935770.168895771,2433,200,5.105223505757749,8.348052999936044,192
9e5ff49b-510c-4f82-9d83-5659fb513ca3,3ae663a1-4eaa-473c-a8ca-e5ed2fd6bf81,7935756.715742592,7935762.1262926655,7935770.175819324,5829,200,5.410550073720515,8.049526658840477,176
b7edb231-3a16-43f1-ba0a-3baf7dd026e5,583eb43e-4777-43dd-b3ac-37d66ab778b1,7935757.978718195,7935762.326562646,7935770.479310711,5754,200,4.347844450734556,8.152748065069318,192
d2b4a1d9-a8dd-4974-9ac0-877615cdd74d,bee5e930-99b4-4b1a-8085-5d0945f9389e,7935757.1813267,7935763.420102005,7935770.503528934,3670,200,6.23877530451864,7.083426929078996,192
d3b17087-dfb6-4245-97ce-c1f778f78828,5cb9d20f-89b5-43e8-8e0e-afedfcf0361d,7935757.978731475,7935762.562888527,7935770.74571255,2398,200,4.584157052449882,8.182824023067951,192
7bc74faf-8c78-4ada-bc0c-b7b17e2925dc,91152587-decc-47ab-9f6b-e6eb00d2bbdb,7935756.715779103,7935763.228048405,7935770.8029932175,6401,200,6.512269301339984,7.5749448128044605,192
040b501f-027a-4ba2-a274-d3f8a4ce5fd8,e088525b-8b4c-427f-8e0c-45636e723004,7935756.715831031,7935764.060629433,7935770.787806397,5299,200,7.344798401929438,6.7271769642829895,224
a2023ed2-633f-4a33-a56d-92b814b7b876,923dec82-5765-49e7-81ae-7dbcf0121691,7935757.181337307,7935764.474430273,7935771.168191027,1701,200,7.293092966079712,6.69376075360924,160
f1177b35-1c05-4618-955c-f952a379c699,2a6eb3ba-e100-4c92-a9e9-1e45cee4c4c3,7935758.97739376,7935764.448839976,7935771.26870364,2326,200,5.471446216106415,6.819863663986325,288
5426f553-205f-45ca-bcb5-2831dbb58224,0a73b161-d82b-4323-916b-33e2b59d35e0,7935758.977410648,7935764.690081084,7935771.454499076,1191,200,5.712670436128974,6.76441799197346,160
05189f41-8ce5-4b1a-a416-a4b01393ef98,54817b76-e7bc-4b7a-abc8-5a293f291076,7935757.978735416,7935763.21704482,7935771.486349049,5875,200,5.238309403881431,8.269304228946567,192
f2047634-8009-424c-bb07-9be40ac2ce9b,01214e46-af22-4c6d-ac0a-0617f82b827f,7935760.975604842,7935765.15119287,7935771.702394534,6311,200,4.175588027574122,6.551201663911343,192
8275dbc7-a48e-4dac-b73d-eb441da6de69,6451150b-8176-4edc-977c-58e74288094d,7935760.975629596,7935764.763705289,7935772.209134436,2713,200,3.7880756929516792,7.445429147221148,192
6490812d-205a-46e0-822b-ba458a595428,c7d4bf82-b656-4649-9145-d43cfcc0709d,7935756.715845308,7935765.44528533,7935772.111768835,5822,200,8.729440021328628,6.666483505629003,224
68427238-a35f-4336-8aed-f62977c72a85,87790c2b-aa62-4df2-9e78-4b07d45b22cf,7935759.974672659,7935764.085814767,7935772.904065981,5860,200,4.111142107285559,8.818251213990152,224
27a44ec8-61f6-4ded-8451-b7c0f6fe6595,0a12384f-0fb8-4809-b8db-e918b89100c7,7935758.977415363,7935765.976864798,7935773.097272893,1361,200,6.999449434690177,7.120408095419407,176
5b3e2d87-2840-4e6b-9d51-08d7b785ba45,b10ff1df-1a27-4b7a-8491-ded24b953092,7935756.715747066,7935764.449561255,7935773.073754411,5915,200,7.733814189210534,8.624193156138062,176
70cac3d3-ba36-456d-901e-abe272caa1b4,20fad8c1-7cce-472b-a73b-41371e731918,7935758.977419194,7935766.609476341,7935773.378750267,4874,200,7.632057147100568,6.769273926503956,160
94c4b181-0c3b-4da0-83fb-b198aa7be47d,10bae5ed-9bb5-428f-8878-b428defcbc4a,7935757.181334865,7935767.236985699,7935773.676261047,5955,200,10.05565083399415,6.439275347627699,224
65669922-0695-4bcd-942f-b2cad24b4bca,9722108d-af98-459e-a516-37eb0ff460e3,7935765.974136383,7935767.2571361875,7935773.805489051,2202,200,1.2829998042434454,6.548352863639593,192
f03408b2-f482-480e-9391-79bc15014866,01511df3-9144-4d3b-b5d6-5c39e2afe5fd,7935760.975619485,7935766.96139889,7935774.027056954,5976,200,5.98577940557152,7.0656580636277795,160
d5d1b343-7c28-4fcc-b0dd-625b2c4c0470,56b64791-72e9-4353-8daa-808f7d741c64,7935761.97457518,7935767.34256505,7935774.097362054,5788,200,5.367989870719612,6.754797003231943,176
78abf032-eace-4d54-8fcb-e5233189ac86,f4c8df6e-bfa7-4e35-ad4b-b3fb5f113233,7935759.974695428,7935765.562252181,7935774.103904731,5687,200,5.587556752376258,8.541652549989522,160
501f77a9-75ef-415f-8421-b5abd5d5c965,6a71b1b0-2834-4bc1-adb7-e8b35edf44b6,7935760.975623549,7935765.675319457,7935774.430666858,2197,200,4.699695908464491,8.755347400903702,192
c46665a7-9609-45c7-b4a3-c603edc11d87,8987c78d-2347-4b22-8be7-d483fce491ca,7935765.97414198,7935767.933929822,7935774.856111026,2109,200,1.9597878428176045,6.922181203961372,176
09438c46-677c-4805-89ff-6828d37736e1,2c929018-1efb-4278-a9f8-81ffee848167,7935759.974692292,7935766.801811313,7935775.2562691895,4390,200,6.827119021676481,8.4544578762725,176
4932b2eb-7345-4a30-86c9-3ceb4112723c,77e7c157-4bdc-42fb-8f26-344afffd4b77,7935765.974139363,7935768.758244638,7935775.35765216,5887,200,2.784105275757611,6.599407522007823,176
deb7eb54-f7dd-44a6-97ce-cc47141bf4c8,ecf1639d-7d01-4ec2-989b-319b083d49e3,7935763.974467483,7935768.582780173,7935775.890397604,6074,200,4.608312689699233,7.307617430575192,192
f67a44e1-4b37-446e-9b15-e37df6203bd3,904fe956-8d0d-467a-b6bb-0633305ea8f5,7935760.975626839,7935767.490862115,7935776.260013704,5867,200,6.515235275961459,8.769151588901877,224
d343f9c4-a891-44b6-91cc-dc3906fdea43,18a3256f-2391-44cc-8b21-9f9538eff167,7935759.974698706,7935768.167407073,7935776.27312346,5973,200,8.192708367481828,8.105716386809945,176
d1cc8754-0984-4b6d-9ae0-8077736099de,d35e928a-a1c9-429d-80e3-757fa9365310,7935761.974560855,7935768.207335411,7935776.288115137,3654,200,6.232774555683136,8.080779726617038,192
d47cebfb-ce4f-48d6-8987-2914be39ebe1,b3f1f0dd-eba4-4b6a-9258-7a503a88b12a,7935756.715838596,7935768.260475967,7935776.237280807,5406,200,11.544637370854616,7.976804840378463,160
15650f15-b043-4638-b67a-dcaf024f0110,d11f81f3-6a44-4460-95ba-f10e37531043,7935765.974153774,7935769.578850731,7935776.571154791,3012,200,3.6046969573944807,6.992304059676826,176
d08baac9-3c80-479d-b67b-c8396e13b795,035c2af7-1db2-46bd-85ea-71ff7e3a5dc7,7935765.974119493,7935770.256667161,7935776.867851586,3857,200,4.282547668553889,6.6111844247207046,192
322c3492-5b63-4747-a597-0b094a91c7b0,4b849273-34b2-41a7-a754-161f75c4d8a1,7935763.974460824,7935769.485799271,7935776.912618019,1266,200,5.511338446289301,7.4268187480047345,224
de1bf5bd-d3c0-4863-82b4-45b7cc3d28d1,f981a306-8b21-4254-95fa-d0ce56582057,7935759.97468833,7935769.3224787405,7935777.030879946,4332,200,9.347790410742164,7.708401205949485,176
5f857bc2-a737-4370-99f3-615006832988,a863f06a-1dc1-4688-946e-30c3758ebea2,7935766.974653406,7935768.736386229,7935777.568750053,1929,200,1.761732823215425,8.83236382342875,224
d233dc38-1e78-4dc9-81eb-f04a5534adb7,d9617223-3bfc-4530-a2a7-84b7fcc611f3,7935759.974702328,7935770.1660911,7935777.781052535,1524,200,10.191388771869242,7.614961435087025,256
ed689db0-f66a-4163-bedb-22bd9e5646b6,ea6d9052-0bee-4ce2-a459-fb9948e3e46d,7935762.974710239,7935766.5991623495,7935777.809304185,3751,200,3.6244521103799343,11.210141835734248,176
75863490-c49b-4989-b163-2f45a02df88a,bb6f0502-2197-4ee3-b8a1-b1060a43622f,7935762.974723026,7935766.761995606,7935777.968503587,1179,200,3.7872725799679756,11.206507980823517,192
c0aba878-a1c3-4bf8-87a9-1f1ca88267dd,ca964145-fe53-493b-a011-fb315d4e4406,7935766.974634448,7935769.380485527,7935778.233252157,6028,200,2.4058510791510344,8.852766630239785,176
fb22653d-c2ef-48a2-b5bc-121839f02996,8a1dd802-aa0a-410a-a3b6-cded00117fc8,7935769.97395666,7935771.357976283,7935778.260428312,2260,200,1.384019622579217,6.902452029287815,224
fdb7d3fa-f742-4cb1-b887-5bbf649b2321,1152561f-8ae3-4e14-9371-b4b07fd47f9c,7935766.974656402,7935769.428043871,7935778.2813856695,1025,200,2.4533874690532684,8.853341798298061,224
5840bd56-c10e-486b-8817-00e369e0b611,d6c72ceb-7174-43a1-88b3-1e71991dd8e8,7935761.974578723,7935769.520699069,7935778.655560592,5458,200,7.546120345592499,9.134861523285508,176
cb01162d-1b94-4f13-9751-6022abe2ca9b,c1017aac-714c-4899-a365-4481a7efceb5,7935766.974646333,7935769.959791721,7935778.846501787,4189,200,2.9851453881710768,8.886710066348314,176
485aa427-8516-4c51-b6fa-69572ffe354a,614e6400-b3e8-4e96-b9c3-056d4cf0c685,7935766.974662537,7935770.320626681,7935779.190930069,1761,200,3.3459641439840198,8.870303388684988,160
a67be503-9363-4f21-9137-dc98eb798de0,45279b00-df84-4e7b-813d-b5d302dc8c84,7935769.973967937,7935772.527894823,7935779.2269881535,819,200,2.553926886059344,6.699093330651522,160
ca1bd752-e5a9-4be5-bb3c-8f2ea511161a,4b292fad-a776-4332-bc3d-941725a4782d,7935762.974727099,7935768.405551802,7935779.536493128,5871,200,5.430824703536928,11.13094132579863,176
2c500ca7-838a-49c4-9502-f195c89194df,efe7c577-0e24-46ab-92a1-13fce9231da5,7935767.97436916,7935769.274247623,7935779.673658638,5807,200,1.2998784631490707,10.399411015212536,160
39c00c27-7079-4236-90f4-2c5aade89e78,68dc3514-25ae-4501-8edd-3cc454af6fae,7935762.974730313,7935768.573252894,7935779.700264886,1452,200,5.5985225811600685,11.127011992037296,176
7704d2b1-9176-49d5-9636-224a5feb10f5,23e2deaf-5aec-4dee-805d-ab1d76d05bf4,7935767.974375898,7935769.457471643,7935779.761719899,2183,200,1.483095744624734,10.304248256608844,160
d2de4872-e369-4444-9ab5-f237305510ce,62ba3324-375e-4ba6-aa6c-7f54c2faf14e,7935763.974464677,7935772.32456262,7935779.868242879,2817,200,8.350097943097353,7.543680259026587,192
1ec0d028-6443-4904-bdd8-97d11a1b97e1,39e6e02c-0a49-44e4-86c7-71fea0ddc507,7935767.974386284,7935769.7318717465,7935779.893511736,2942,200,1.7574854623526335,10.161639989353716,192
075a3727-609f-48bf-bbf0-13be9d430195,eebb2bf9-1068-482e-b93b-f5660953911a,7935766.974659624,7935770.93585801,7935780.024744875,1536,200,3.961198386736214,9.088886864483356,224
39fdb605-6f2d-4e3e-8003-e72586873b44,e90299f6-57f5-4b5e-8152-c30f4c5c2d66,7935766.974650064,7935772.127860288,7935780.127661952,686,200,5.153210224583745,7.999801663681865,176
a979462f-9d25-4145-b54f-0484a0e74a1b,6373bd4f-7ecf-4f59-8cd0-cf0889386d97,7935767.974389202,7935770.107259869,7935780.224529379,541,200,2.13287066668272,10.117269510403275,192
5e837762-01ef-49e8-aa90-b28600e3da11,7ff7943f-fd27-44bb-b612-493ce23b16d6,7935767.974392713,7935770.248610993,7935780.365005767,1552,200,2.2742182798683643,10.116394774056971,192
76b53f7f-8108-422f-9f31-65dbe06a1746,07b79031-0347-442e-a431-2cc169be4fbc,7935767.97438264,7935770.446175252,7935780.562661344,1871,200,2.4717926122248173,10.116486092098057,192
906ecf92-e41a-4eea-8be9-76af8d9cb10d,661d3f63-5e60-4b42-b305-fdfdcbc3733f,7935767.974379467,7935770.475357378,7935780.632763606,324,200,2.500977911055088,10.15740622766316,192
db0c9a10-fbc5-46a3-9711-98050a4b9bc3,0038992e-64f0-433e-82d3-367cf8fa2c76,7935763.974446726,7935772.886006041,7935780.742541236,3759,200,8.911559315398335,7.856535194441676,160
78d57be7-830f-460f-a6a2-aa8109fa11f2,a1cef276-6150-4849-a49f-d5521b1ab18e,7935771.974477261,7935774.371710992,7935781.388388,1758,200,2.3972337311133742,7.016677008010447,16
f78dbc82-668e-4bf3-b2cc-c0edb792ee06,93c4c0a0-35e8-4dae-9794-e96bff496a85,7935765.974132632,7935773.428823979,7935782.275659291,1478,200,7.454691346734762,8.84683531243354,256
b29f9c07-e84a-44e4-9191-9abd97bc67d0,0a12384f-0fb8-4809-b8db-e918b89100c7,7935771.974470082,7935774.595878517,7935782.379719548,1505,200,2.6214084355160594,7.783841030672193,1312
89155a61-1b92-4821-accd-74b11e8cfdf9,09103c37-f3ad-4892-b37f-4d805e0747ba,7935771.974456579,7935773.488851896,7935782.447165944,4397,200,1.514395316131413,8.95831404812634,224
847ee7b2-5f02-479b-93e9-ca567d9f6287,b952ea77-91ff-426e-9bca-87a362322901,7935772.973887773,7935775.193504417,7935782.868397626,5799,200,2.2196166440844536,7.674893208779395,176
73a91d3d-bbf2-4ce6-a069-00ee261c5ccd,da54d551-745f-4af5-a083-f1b462d8b4b3,7935771.974473519,7935773.927964055,7935783.431522011,2470,200,1.9534905357286334,9.50355795584619,224
16633307-f206-4896-95e6-c93ef9ba1031,fe819010-c40b-4d7d-9bd8-1d269a045ee7,7935774.974043508,7935776.430182746,7935783.988220512,1225,200,1.4561392376199365,7.558037766255438,192
9502406f-dcc4-45dd-8574-6f94fa9b7b7d,644cffe6-f7e2-45fc-8b1e-a5ae777f772e,7935771.974480395,7935772.8290184615,7935784.1918509845,5744,200,0.8545380663126707,11.362832522951066,5712
7ef6f160-5425-4aa3-b5d2-5f65ed42cd7e,0dd0cb6e-80c4-440e-9e94-a75f9c044e6c,7935771.974494241,7935773.096336188,7935784.487464749,1328,200,1.1218419466167688,11.391128561459482,192
6ba5beab-efd0-4e71-9437-196fb1d8dd9f,5e171af4-e00a-40d3-8551-bf2d4d91992e,7935771.974483981,7935775.140136347,7935785.072009031,6001,200,3.1656523663550615,9.93187268357724,176
70b49c81-a2b4-40a2-b3e3-219360e62b08,9275074f-0819-42b2-9e68-2fb2aa8483cd,7935771.974487163,7935775.67418716,7935785.152123068,2589,200,3.699699996970594,9.47793590836227,176
a1b3fb37-fcd7-4c1a-b1d6-73096d520e91,194a873d-95d7-4e33-8211-f30323686617,7935773.974330497,7935775.602000726,7935785.252032443,504,200,1.6276702294126153,9.650031716562808,224
f07a712d-2305-4bb6-8719-19431e4cd734,92a7f10e-4538-40db-8647-82796b2a10aa,7935772.973875502,7935776.545231742,7935785.30543067,5877,200,3.5713562397286296,8.760198928415775,160
36a4d60b-2851-4b12-81f2-6cccce70202c,7fff0f4d-cd62-4d33-8e09-009989025b4b,7935774.974028658,7935778.7179180505,7935785.492039778,5891,200,3.7438893923535943,6.774121727794409,176
c974a8ec-ad9b-42f3-8a13-0d7dee886296,8e9f1c0e-bf14-4d09-b639-edcedc41ee33,7935771.974466853,7935776.366919203,7935785.617599216,1707,200,4.392452349886298,9.250680013559759,176
c5de866d-97bd-46b4-8d0d-f0422852552f,4072159d-f729-4339-b27a-001b9050b01b,7935773.974348847,7935776.369831492,7935785.832359615,6001,200,2.395482645370066,9.462528122588992,176
75f33b13-b049-4b45-be32-9b65f70bcf4b,76aca489-b544-4106-8503-feefab69b8ce,7935771.974490587,7935775.728197277,7935786.152012793,3700,200,3.7537066899240017,10.423815516754985,192
eca1ebd0-0d5a-44bf-9212-c3142801af77,0e5901a7-c94f-45c6-bcbc-a7ef22f161d4,7935773.974342484,7935776.72930319,7935786.349885822,1677,200,2.754960705526173,9.62058263272047,160
fa2b2cc5-a7c1-41f3-ad90-e2d7f3d418ac,d34c67c0-ca74-4c70-a28c-f7680bf83cf8,7935775.974694826,7935779.957434719,7935786.767588088,5836,200,3.982739893719554,6.810153368860483,176
09706c5c-de87-4a19-8b14-00dc31207ffb,16e9d9d1-48cf-4b87-a42b-57a6058ec096,7935774.9740476,7935780.770817466,7935787.064785741,5843,200,5.796769865788519,6.2939682751894,192
9c139f58-94d1-497c-b84f-bbc3d6b64120,9a4a8c90-314b-48ec-b045-c31653141afb,7935775.974681634,7935780.337704822,7935787.30813388,1743,200,4.363023187965155,6.970429057255387,176
690b3ecb-3c99-4037-8d4a-30734ab8bb03,bee5e930-99b4-4b1a-8085-5d0945f9389e,7935777.974088544,7935779.938540812,7935787.382860273,3670,200,1.9644522676244378,7.4443194614723325,3664
b0004332-5303-4723-b0d9-1f082631d2e5,522f3597-4ed8-4897-9cb3-a933f9bf024d,7935773.974351721,7935778.05255824,7935788.142508495,6389,200,4.078206518664956,10.08995025511831,224
ee527d4a-1c29-4538-9b2e-6daedaba14ba,b6d0191d-230c-484f-8de2-79d96d0d39c7,7935776.973815694,7935780.024163891,7935788.38446558,2757,200,3.0503481961786747,8.360301689244807,160
d4841799-8f47-48ed-8efa-2aa088f6eda4,97ad3f12-85c7-44bc-b969-699e6ef5da09,7935776.973808288,7935780.481700449,7935788.599953781,3693,200,3.5078921616077423,8.118253331631422,160
e4ae163e-32ec-4964-b8c6-cbd254a25d39,16b5e0f5-14de-4964-8ae6-ff7f9f314d05,7935776.973819517,7935780.803053181,7935788.7691835975,2634,200,3.829233664087951,7.966130416840315,224
22020ac0-70c2-428a-a8b3-0d1c2636eb92,2b10aab9-b462-4f69-aa9f-d5e523afdc9a,7935777.97406867,7935781.445215041,7935789.062159833,5893,200,3.471146371215582,7.61694479174912,224
400c525f-deb7-429a-9c30-ef9e87c542f1,48a73f4b-50e7-4022-9d8e-cc985d65dcbd,7935779.974121768,7935782.669849097,7935789.320144263,2454,200,2.6957273287698627,6.650295166298747,192
84e6ba4e-262d-47f9-9a5f-3e02da1cd623,9c642a25-cabd-44b1-88b8-98eaa23c9be3,7935777.974076114,7935782.072945694,7935789.339987711,5520,200,4.098869580775499,7.267042016610503,192
bfea0b76-7673-4937-b2f5-04505f90a05e,39bc6c25-b2be-478d-9919-83b0de268d70,7935773.974345987,7935778.969615629,7935789.521628972,5861,200,4.995269642211497,10.552013343200088,160
5684aa2d-14f3-44c8-98d7-66880b9d9a8c,afa96050-26e9-458e-8e99-e58a051b36a6,7935779.974118948,7935783.174491333,7935789.599699602,2142,200,3.2003723848611116,6.425208269618452,192
b0cc611c-9851-4fc5-8c18-ed40d2508d23,8a726fa4-de81-489c-98f8-8ba49638fffc,7935776.973822944,7935782.544519161,7935789.989444698,4123,200,5.570696217007935,7.444925537332892,192
ff24487a-3dc9-4d9d-bc08-18f84e0aa1ae,158a3758-8a73-4b48-8df1-3a54b581611f,7935779.974100509,7935784.198021295,7935790.14650719,5789,200,4.223920785821974,5.948485895060003,192
98bbb391-fb3b-4f62-a2ff-f88f0263bcf0,4b8b588a-1dbc-4c5d-ab0f-82c23b12725e,7935779.974111714,7935782.839054067,7935790.16151682,5873,200,2.8649423522874713,7.322462753392756,176
67542ad6-8b79-496a-87f7-833c0ef9f7e0,6582c1ba-13ad-483e-8428-492bebf8d206,7935764.974657833,7935779.865886168,7935791.010758212,5823,200,14.891228334978223,11.144872044213116,160
2fd627da-1797-479a-8dc6-a74759c99e7d,dede0210-5552-4607-8159-2fd26af2324f,7935777.974100747,7935782.895863731,7935791.02111006,1095,200,4.9217629842460155,8.125246328301728,464
fe22c693-b4f6-48c4-a053-5a48167a042d,fde65300-6df0-4455-b1cd-90c84a5f86b0,7935781.974669357,7935783.782280562,7935791.04776885,4729,200,1.8076112056151032,7.265488287433982,208
0655a4b9-3e0f-47db-8dbb-72fd55dfcb28,dcc58d2b-caca-4a97-96d7-49d693f51ff9,7935764.974669878,7935780.079741325,7935791.22639777,1970,200,15.105071446858346,11.146656445227563,176
e6cb44d6-a882-4330-8e79-276db1c875f0,afafd84f-c43a-4a5b-a307-c257cbf756bb,7935774.974050142,7935784.476947553,7935791.60178034,5796,200,9.502897411584854,7.124832786619663,176
7b497a75-f2a4-4772-a710-2cea213138b8,b6b50fed-883a-44d8-a0d2-154444ac9b9d,7935781.974690258,7935785.039786743,7935791.696441577,5932,200,3.065096485428512,6.656654833815992,176
827aa619-4202-496e-8611-132ec8115ede,2d679471-06dd-4b86-8657-55437a5fe80f,7935783.974054373,7935785.637675147,7935791.914640944,1401,200,1.6636207737028599,6.276965797878802,176
c44fda7a-50f9-4280-abb2-41db155bc642,a95d4290-526f-498c-bb05-5a23a8195ec0,7935781.974684331,7935784.76307451,7935792.134537604,2761,200,2.7883901791647077,7.371463093906641,0
1c64f80b-425c-4b1b-b063-4098c4f7b8ae,383fe816-1603-4be4-bd50-ca1ab0a1996d,7935777.974095785,7935784.305304012,7935792.507141614,2460,200,6.331208227202296,8.201837602071464,16
a705bc0b-8808-4a2a-8df0-5de9fddeabf3,6773d64e-c4f2-4e4b-895c-24140b31607f,7935783.974050743,7935786.419053051,7935792.671352319,5836,200,2.445002308115363,6.252299268729985,192
9b1d6e6f-8468-4be0-adce-d37b60700a1c,c357b8bf-f678-4933-aee9-8582856de38b,7935781.974680855,7935785.451732414,7935792.799034289,6709,200,3.47705155890435,7.347301875241101,160
4c7f5761-7e52-49d7-a6cf-7d080e1b316a,5941b2d9-9a78-4657-b188-6c93d0e82645,7935777.974092069,7935785.352218381,7935793.001405322,5580,200,7.378126312047243,7.6491869408637285,224
9d083f55-0655-4cb2-9e16-13f7ccc4158f,961158f4-59d1-44e2-aa5a-ebdcb33cc610,7935783.974046729,7935786.836649215,7935793.463775457,5834,200,2.8626024862751365,6.627126242034137,176
825d9b4d-b97c-415b-b018-367d1fd57a1c,38bd04e6-cb8f-4c97-a175-530eaa1094b0,7935768.974731405,7935782.697701057,7935793.9272506265,1980,200,13.722969652153552,11.22954956907779,176
83230b69-b058-4fb5-be09-01db26548a95,deca5ee5-8d40-4e4b-893d-49946608462b,7935781.974687254,7935787.569862082,7935795.416364391,5575,200,5.5951748276129365,7.846502309665084,160
2e0e6355-734b-40a4-a129-0d62be2426f9,630b34bb-1144-46fd-8e59-e34b1de4ccf7,7935779.974115646,7935788.100613811,7935795.608447364,5250,200,8.126498164609075,7.507833552546799,192
b94483be-16d7-434b-850c-809ee55d641d,34bb8fa8-0277-4f1b-b7c2-92303cd5bbb5,7935783.974036396,7935789.058720432,7935796.035338457,5924,200,5.084684036672115,6.976618024520576,160
4f2598fb-a31c-4343-94f0-e68927b670ed,f2e623bf-4085-4da8-a0e0-3eb712c8e231,7935777.974082914,7935788.808261365,7935796.31577702,5713,200,10.834178450517356,7.50751565489918,176
118d960f-d980-4278-92e6-a4aefa3515e1,a720e724-daa2-4c66-a117-9d12dcfd9736,7935785.9739903,7935787.12225073,7935796.8054553615,2740,200,1.148260430432856,9.683204631321132,160
e81af189-10fe-4c88-a0ef-d4080e3401cc,87790c2b-aa62-4df2-9e78-4b07d45b22cf,7935777.974079743,7935788.503879491,7935797.187198023,5860,200,10.529799748212099,8.683318532072008,160
7b70a267-7f2f-4414-8120-5c29b6c94256,d9617223-3bfc-4530-a2a7-84b7fcc611f3,7935777.974103475,7935788.519694664,7935797.236356074,1570,200,10.545591188594699,8.716661410406232,1520
49424a73-bef6-4def-a460-59ec9bc12776,2a6b418f-fb9e-4337-90a6-71ef5a5391d6,7935783.974057646,7935790.158997711,7935797.588454161,182,200,6.184940065257251,7.429456450045109,160
df6ad928-bd4c-48e6-ba07-df671189f8e0,a99e74fa-c07c-46d6-bc02-1eabac116d61,7935785.974021806,7935789.177028631,7935797.618736048,5891,200,3.203006824478507,8.441707417368889,192
3f5d007b-4840-412d-acbd-04676e594a2b,0a12384f-0fb8-4809-b8db-e918b89100c7,7935785.974014521,7935789.228788263,7935797.686997052,1700,200,3.254773742519319,8.458208789117634,1456
a5910724-c992-4cc4-8356-553592b7c8fc,383fe816-1603-4be4-bd50-ca1ab0a1996d,7935787.973912401,7935789.054670276,7935797.8033254845,2460,200,1.08075787499547,8.74865520838648,2448
25427e83-c537-4f13-9f78-10a9ec4c245b,bd0e9c71-7c80-413a-a857-441407b810e6,7935777.974085762,7935789.054035452,7935797.8037132155,853,200,11.079949690029025,8.749677763320506,192
22bf4284-2198-4f9c-aa0f-bd3c3e058683,93c4c0a0-35e8-4dae-9794-e96bff496a85,7935788.974618255,7935789.131593877,7935797.856910303,1479,200,0.15697562228888273,8.725316425785422,1456
60d04e3e-7711-4af1-b271-3491225cad76,8f74c273-3def-47ea-8e27-63467cdcf042,7935785.974033477,7935789.495041564,7935797.903320667,1888,200,3.521008087322116,8.40827910322696,192
79db3df4-2a87-411c-8b5c-950502f0691b,361d1536-ceec-424e-9ffd-3c7b29a993b3,7935785.974029774,7935788.184310648,7935798.3709545825,5775,200,2.210280873812735,10.186643934808671,160
9676c1d5-0809-49bf-a43e-fdd5fe22fb27,6582c1ba-13ad-483e-8428-492bebf8d206,7935785.97402633,7935789.487872709,7935798.878286361,5823,200,3.513846378773451,9.390413652174175,224
972dcbc6-466d-448a-b4c6-a76f1375ce16,b89c72e3-8095-4ece-b109-42acaa3672e6,7935787.973908447,7935791.343371202,7935799.427245969,6023,200,3.369462755508721,8.083874766714871,192
ef46f218-d76a-4faa-99d3-5470c9b250d6,d4238793-b034-4004-8635-9639e6bd91f6,7935790.974378732,7935792.798234995,7935799.895659635,5931,200,1.8238562634214759,7.097424639388919,176
115481b9-de6f-439d-bf1e-b873c013058a,5e5a3766-9cfb-4baf-a1b7-875a90db3d82,7935770.974697909,7935788.963883272,7935800.062320775,5962,200,17.989185363054276,11.098437502980232,176
e39b0156-6cb5-4689-b1da-63ad474d3028,ee3f178d-873f-4ae5-81ad-c50bc746de6c,7935789.974584733,7935792.00875953,7935800.830828548,354,200,2.0341747971251607,8.822069018147886,192
be4997e1-d8d9-4673-9a02-0fe45166ef46,8cbd93dc-cd66-435d-bace-fce047b83985,7935770.974701914,7935789.813566934,7935800.892077019,5841,200,18.83886502031237,11.078510085120797,192
fb49b4ed-2564-4792-890b-c0dbfef6728c,047bea13-6787-41b6-a5a4-e3a836c6c6ca,7935770.97468846,7935790.09797542,7935801.179858974,2378,200,19.123286959715188,11.08188355434686,160
f733f209-1bf7-4aae-8d90-106017e41263,aa544b43-9b4f-46e1-b4cd-a465947c3251,7935787.973896975,7935791.553162976,7935801.241827842,5790,200,3.579266001470387,9.688664865680039,192
d7eb36d3-04e7-4279-a4b6-0431c375d3a8,2ed64c5c-56dd-454e-9dee-222c4090064a,7935790.974366402,7935794.352868571,7935801.7133436585,5902,200,3.3785021686926484,7.3604750875383615,160
88beb49a-9e06-4147-97da-8d4264ff3084,0a73b161-d82b-4323-916b-33e2b59d35e0,7935787.973915589,7935791.847445477,7935801.840016248,1322,200,3.8735298877581954,9.992570770904422,160
5d797acc-4b90-4271-be21-345a521305d1,a5bcb831-7cfc-48c3-9eeb-1100e9578497,7935789.974568481,7935793.744011019,7935801.900487874,5974,200,3.7694425387308,8.156476854346693,176
d555a247-8870-45be-b141-bddf5b45a790,1459b68e-f660-4e66-83c5-c861ebfa7b52,7935791.974037057,7935794.2228105115,7935801.993353449,6003,200,2.2487734546884894,7.770542937330902,192
f87f0596-d51e-419a-8397-c23a5dd759b8,3153217e-eb23-4a22-9578-9fc2be8dea7d,7935791.974055332,7935794.3727227105,7935801.991882085,5334,200,2.3986673783510923,7.619159374386072,176
c90245cf-a2bc-48b9-86df-98a0db1125f3,deefa634-0664-4fee-b571-ee928bcdcb5d,7935791.974051207,7935794.720792553,7935802.257660722,2829,200,2.7467413460835814,7.536868168972433,192
47bdc53d-462d-4960-b492-696753583d08,de310453-2360-466e-a6d3-3ca31cdb0cdb,7935790.974382538,7935794.990571921,7935802.482512325,4577,200,4.0161893824115396,7.491940404288471,192
83c4e95d-3aff-4ba5-b4e2-c2ec40770451,7ecb3eec-b83e-4819-a7f9-fe7a738640b6,7935791.974047316,7935794.872664422,7935802.5799665805,5807,200,2.8986171055585146,7.70730215869844,192
1f146c8b-96f2-43f5-9459-f656ac902995,abf7562e-34ae-4c0d-9940-697f33aab22b,7935789.974580393,7935794.139262008,7935803.040350835,5838,200,4.164681614376605,8.901088827289641,192
ebd1908a-7a5e-480f-9560-17cf962e57c0,8263d56c-0301-4b0e-9bce-d56c30ac60df,7935793.974308229,7935796.151197944,7935803.503383006,5972,200,2.17688971478492,7.352185062132776,192
0b6b9066-3f68-4c3d-a644-3a5362d8fd1a,a04b43b6-d229-474d-9233-e6d9265116cb,7935793.974289317,7935796.2044421295,7935803.5289862035,539,200,2.2301528127864003,7.324544074013829,224
d98964f5-f9f6-4a3c-aa5f-9017e3ef9fda,6dac39d7-6c17-45bc-aff3-f0b80b131575,7935794.973910074,7935796.650240636,7935803.838902776,1706,200,1.6763305626809597,7.188662139698863,176
156c2dfb-49f8-4021-80b6-813aa6df3ca8,6d17f320-f4be-4fd9-8926-c85f69e9bb80,7935793.974304671,7935797.036851096,7935804.307129812,5749,200,3.0625464245676994,7.27027871645987,224
d8e834c9-adab-4e27-a4d5-be4eb45bd776,ebbcf9f5-1774-4a00-ac1e-60443cb15ecc,7935792.974467771,7935796.92309901,7935804.416745557,5919,200,3.9486312391236424,7.493646547198296,176
1d2bdb6f-ee81-4144-816d-aa71402be350,9e4a66fd-e0ca-44f4-a552-5097141dcc11,7935794.973932665,7935798.120614015,7935804.958042541,5115,200,3.146681349724531,6.83742852602154,176
281d6bb5-7b20-454e-9b2f-482ca55fcbf8,1c71abef-2cf5-47fd-b33e-16fd8e19488d,7935792.974477338,7935797.914977009,7935805.123524654,2242,200,4.9404996717348695,7.20854764431715,176
2243f357-7bcb-48c2-bb85-a413d52ac0bc,0d5aff4c-7895-4f7a-8506-67872ca5d129,7935793.974300594,7935797.353047428,7935805.247330539,5716,200,3.378746833652258,7.894283111207187,160
7a19b97a-0bc2-4da7-aba1-578f10030724,18f863ed-97ca-4066-89d0-577bf721924f,7935796.973985834,7935799.017411232,7935806.344343583,5941,200,2.0434253979474306,7.326932351104915,192
d8382634-4e46-4d3b-a40f-d65ca4cd44bc,cffad852-a87e-43a7-896d-2b983e243193,7935794.973925487,7935797.424588822,7935806.711489174,5863,200,2.4506633346900344,9.286900351755321,176
f2035743-0610-43b1-a6ea-315e5fa685cc,dfb452fa-d64f-419c-b9d0-7f0d74d73e13,7935794.973921393,7935797.569979792,7935806.90911249,808,200,2.5960583994165063,9.339132697321475,192
5f60ac89-3f31-4369-a271-503f8adc28ad,78aedc0f-59f6-41d0-9633-bca9c5bc83d4,7935795.974163595,7935796.587866767,7935807.060126088,1365,200,0.6137031726539135,10.472259320318699,160
b7bea54c-78e3-4bce-b238-476f976f293b,f8201b4c-03c7-49e9-9da6-6c287bf761c8,7935793.974311746,7935799.697674223,7935807.428691793,5799,200,5.723362477496266,7.731017570011318,192
523349ad-cc00-449c-ae81-14e454665144,69c65194-d8b7-413c-af90-cf5d54b7fb38,7935778.974624503,7935796.5621556975,7935807.617350913,5928,200,17.587531194090843,11.055195215158165,192
d981ca52-b567-4062-9b70-0b76b8c13305,c7d4bf82-b656-4649-9145-d43cfcc0709d,7935797.973999464,7935800.324473526,7935807.710623392,5822,200,2.3504740623757243,7.386149865575135,224
e775fc58-f9a3-4127-9181-762f3cc06aed,966432a2-f3ee-49ef-9b46-d08cee8b7695,7935794.9739294,7935799.10263493,7935808.062714037,5972,200,4.128705530427396,8.960079106502235,192
af267cc9-967c-4b39-aba5-92a7471e103a,86bcccf7-bc5c-4d53-ad50-89b11a3494f2,7935797.973990459,7935800.569939853,7935808.321846394,5836,200,2.595949393697083,7.75190654117614,192
c57f7107-69cd-4974-aec4-ec57db41e9ee,a1cef276-6150-4849-a49f-d5521b1ab18e,7935797.974005157,7935800.728273129,7935808.444518429,1764,200,2.7542679719626904,7.716245300136507,288
1ef448e2-3d9e-4a94-8ab3-0365a9b8eaa3,bb6f0502-2197-4ee3-b8a1-b1060a43622f,7935798.974315713,7935800.717770644,7935808.495609144,1179,200,1.7434549313038588,7.777838499285281,192
e256f753-393e-416a-b057-7e82f663e402,bf3576f0-1508-41f7-9a01-7c035b15e907,7935795.974149709,7935797.7293909155,7935808.565037504,6708,200,1.7552412068471313,10.835646588355303,192
f5a4b8c1-9796-4b6e-81c5-084c5194981a,811fc368-df9a-4da3-b103-b4c3c476eec0,7935795.974167012,7935798.152288574,7935808.800305155,3006,200,2.178121562115848,10.648016581311822,160
6b81b4ba-338b-4ef2-85ff-2aacc1d930dc,87790c2b-aa62-4df2-9e78-4b07d45b22cf,7935799.973844481,7935802.170492162,7935808.916027193,5860,200,2.1966476812958717,6.745535030961037,5856
7ef1c9c5-8a50-406b-8d09-9df972ae8ccc,194a873d-95d7-4e33-8211-f30323686617,7935798.974331098,7935801.171367436,7935809.665162419,504,200,2.1970363380387425,8.493794983252883,496
692c6308-6adf-434d-a42e-8f79fa47b13e,0ebf658d-7b25-481f-9f43-f196e42a9404,7935778.974628251,7935798.75729979,7935809.846191032,5996,200,19.782671539112926,11.088891241699457,224
3101ba51-2455-4c25-af8d-99a5e4a4e7b8,e61d5ce5-2a47-4b6c-97fb-bfe4dcd823ed,7935799.97386138,7935802.74632918,7935809.959294092,439,200,2.7724678004160523,7.212964911945164,160
b0720ad0-752b-40f3-8dda-34583a6faa11,548fd163-71d0-4642-9386-c5a09a047dbd,7935799.973868015,7935803.414581853,7935809.98770874,4958,200,3.4407138377428055,6.573126886971295,224
e20b91b7-f7aa-4ef1-96f4-d718a0bf3fa6,74754bd7-23c9-4bf3-8f2e-f5b104757169,7935799.97386504,7935803.486130874,7935810.337809087,5714,200,3.5122658340260386,6.851678213104606,224
4fe085e7-d566-4e2d-a599-d4686a132d5b,fd85aaea-6f27-4a87-b591-1bc8eedf9b03,7935778.974613673,7935799.522874792,7935810.61577294,5912,200,20.548261119052768,11.092898148111999,160
3367d94c-22f5-4365-88e7-c0efc1af59a2,0a12384f-0fb8-4809-b8db-e918b89100c7,7935801.973982829,7935804.134667474,7935810.920310005,1889,200,2.160684645175934,6.78564253076911,1664
96a5dcf4-17ad-45d2-8ed4-ae6e2e8cd083,afa96050-26e9-458e-8e99-e58a051b36a6,7935798.97432718,7935801.280201968,7935811.015031573,2142,200,2.3058747882023454,9.734829605557024,2128
aef61080-94bc-492f-9c19-b1ec12a254ea,a48a78e1-9592-4620-8de8-227c1d576960,7935799.973874591,7935804.945587492,7935811.561983846,5806,200,4.971712900325656,6.61639635451138,224
70d08fdb-887f-47e1-888d-b5c4f7782972,9f45f164-ae08-433e-ac2e-7d1612160d99,7935778.97463159,7935800.8355285125,7935811.937079554,5829,200,21.860896922647953,11.101551041938365,176
d7e10847-28cc-4c51-925d-d57f63c10493,12cd0593-3b00-4e01-8af8-5885c65b23b2,7935799.973871647,7935804.02703718,7935812.818153128,3084,200,4.053165532648563,8.79111594799906,160
85721dc7-dcfd-4eaa-85c8-0d3f9563fcd2,afafd84f-c43a-4a5b-a307-c257cbf756bb,7935801.973972127,7935805.950101469,7935813.478225891,5759,200,3.9761293418705463,7.528124421834946,1504
8639c188-f06a-4d20-9d28-f3504b750865,e02870fa-87af-4cfe-91a6-a31a47709f44,7935801.973986526,7935804.966452627,7935813.687933073,5937,200,2.992466101422906,8.721480445936322,192
034113dc-f1d8-4bb4-99b0-8a30c6e265cc,38b2318c-b3fa-4676-aeb0-8f6a022013a8,7935803.974586854,7935807.328809788,7935813.9717197465,5042,200,3.354222934693098,6.642909958027303,192
cce47455-a6f7-4bbf-95ec-c3f7ed23a8e3,d34c67c0-ca74-4c70-a28c-f7680bf83cf8,7935803.974590378,7935806.862761584,7935814.2367846565,5836,200,2.888171206228435,7.374023072421551,176
453d793d-d986-414e-ad8d-1c567f886294,570fbda0-f064-4cd7-beaa-2df0ab0b8524,7935803.974582909,7935806.115680512,7935815.58171265,1643,200,2.141097603365779,9.466032138094306,224
c2a739e0-215d-4cba-855c-cd17eccae76e,576e478b-c34e-41ac-b6c5-ffe5ab41a267,7935803.974572423,7935808.687109018,7935815.667095982,6005,200,4.712536594830453,6.979986963793635,192
d2e01eb7-beb6-4636-8d33-0b41176f6619,54817b76-e7bc-4b7a-abc8-5a293f291076,7935804.974055246,7935807.868807829,7935816.06271783,5934,200,2.8947525825351477,8.19391000084579,192
4db0d931-2cce-4acd-a0e1-671cc11a6847,11a2967c-8c37-4e82-b852-df78459a03a9,7935804.974051732,7935808.200973529,7935816.0659203045,216,200,3.2269217977300286,7.864946775138378,160
2ea39cf5-e379-4c19-a62b-729b91ca5b65,a5d52ffa-baf4-4f45-b499-90d158833a2c,7935806.974309864,7935809.239568533,7935816.460450774,2922,200,2.265258668921888,7.22088224068284,192
1ef55b70-03e9-4ea9-aa8e-d857a3c51ad6,b952ea77-91ff-426e-9bca-87a362322901,7935805.974025554,7935808.997684376,7935817.081037361,5799,200,3.0236588222905993,8.08335298486054,176
2c2997be-fa86-43a6-afd8-92e6efd6a1b8,e839419a-835c-4bf1-af83-436ccab8d728,7935780.974516447,7935806.051834467,7935817.150721667,2446,200,25.077318020164967,11.098887200467288,176
7d9405f7-0bb2-4b80-a611-793f0ca470aa,035c2af7-1db2-46bd-85ea-71ff7e3a5dc7,7935805.974014721,7935807.819578077,7935817.153183911,3857,200,1.845563355833292,9.333605834282935,192
c953ce84-a9a5-4afd-8045-8111cea02c58,06fc1b29-ed92-49b8-98c8-5792e32d0ecd,7935780.974525237,7935806.556103015,7935817.644700963,3756,200,25.58157777786255,11.088597947731614,160
6f076d11-7fee-4750-8ceb-943305ec6e91,664bf423-efd4-4b9d-a27d-474445e82338,7935807.974041487,7935810.346471314,7935817.818357046,1707,200,2.3724298272281885,7.471885731443763,176
081ec45d-ecdf-480d-bed8-afa6674898a0,bc3c695a-dbbe-46c3-b730-f17bff089f3e,7935807.974055451,7935810.641687354,7935818.019402463,5604,200,2.667631902731955,7.3777151089161634,224
150c0c59-28aa-4f87-908f-ecd2a5ddeee8,5e5a3766-9cfb-4baf-a1b7-875a90db3d82,7935805.974029288,7935808.597486406,7935818.076460827,5943,200,2.6234571179375052,9.47897442150861,176
78733a15-5368-492d-8196-f0a4923c0321,8051a711-6f9e-4c72-82f6-53e7026aaa9e,7935780.974528891,7935807.057010865,7935818.139741282,3825,200,26.082481973804533,11.082730417139828,16
b807503c-4fad-45aa-82fd-3808c000d9b3,2a6eb3ba-e100-4c92-a9e9-1e45cee4c4c3,7935806.9743129,7935810.399830465,7935818.1630246565,2326,200,3.4255175655707717,7.7631941912695765,16
ab74b366-3a7a-468d-94ab-2fd584f22114,91152587-decc-47ab-9f6b-e6eb00d2bbdb,7935807.974029797,7935811.024212783,7935818.302779762,6419,200,3.050182986073196,7.278566978871822,192
f2c0af39-0270-4813-8076-0b5e72f13dc4,b339d958-9b9a-4296-9c52-77ff5ebf01d5,7935809.973859369,7935811.198113609,7935818.871177043,3190,200,1.22425424028188,7.673063433729112,192
859083d4-b1f4-4b62-9a48-a67be786d5ca,a6ec72f4-a9fb-40e1-8aa4-10bf660619d5,7935807.974045761,7935811.644357138,7935818.887254046,3886,200,3.6703113773837686,7.242896907962859,192
f92a94cd-ad5e-4a89-8032-9562ff4ce45b,0b2debcb-f399-4d3c-89e9-0a9d700f6b3e,7935780.974531291,7935807.906597152,7935818.980684857,6002,200,26.932065861299634,11.074087704531848,160
0d1b82c4-810f-42e3-94dd-451de52d2fc5,c1017aac-714c-4899-a365-4481a7efceb5,7935807.974059589,7935810.302153554,7935819.073887297,4189,200,2.3280939646065235,8.771733743138611,176
e36cbba1-d16b-4545-b675-80de63087df4,7f5de7de-5ab0-428b-a058-4c69774bc1e9,7935809.973865019,7935811.516457523,7935819.147819696,3573,200,1.5425925040617585,7.6313621727749705,16
f4e9dc8b-7cf8-45d1-9d23-ebcf1923377a,f981a306-8b21-4254-95fa-d0ce56582057,7935804.974043743,7935808.938622829,7935819.599778704,4495,200,3.964579085819423,10.661155875772238,176
f7fcabe0-1bb5-4bfc-ab09-dce3d85212fb,8a726fa4-de81-489c-98f8-8ba49638fffc,7935807.974052251,7935808.935771064,7935819.597691288,4120,200,0.961718812584877,10.661920224316418,4080
57eb469e-0ce6-4c44-aa96-86f5fc0375aa,bb6f0502-2197-4ee3-b8a1-b1060a43622f,7935810.974118618,7935813.201861192,7935820.658564878,1179,200,2.22774257324636,7.456703686155379,1168
5d9f075c-6a92-4bde-8659-de1e56247ed8,fe819010-c40b-4d7d-9bd8-1d269a045ee7,7935810.974104069,7935813.203656464,7935820.66099553,1432,200,2.229552394710481,7.457339066080749,192
1b797ce9-19ed-4dc5-be82-65aeafba2a2a,23d19ba7-7bd3-4d29-b13f-0f5291c02ec6,7935810.974115307,7935813.735865061,7935821.153034161,5797,200,2.761749753728509,7.417169099673629,160
d1bbf8f0-5172-47ba-b638-da48763651c5,12f27011-1d1f-4e75-a7d0-158faedac5c8,7935782.974911477,7935810.398810173,7935821.521980838,3834,200,27.42389869596809,11.123170664533973,192
92c3da6f-baae-4c56-880a-9da168394807,680d8f20-a336-4622-9c8f-67256e5b3ae8,7935809.973856278,7935813.818757415,7935821.641739736,5916,200,3.8449011370539665,7.822982321493328,176
db69a498-e11c-40a4-9c9f-752fb8d49d18,da3224f5-6f28-408f-b4b6-ddd0c4795c70,7935809.973861846,7935813.447357743,7935821.798222164,5778,200,3.4734958969056606,8.350864420644939,176
6ee1a0df-4312-4a2f-93ac-416a5ba969ac,93c4c0a0-35e8-4dae-9794-e96bff496a85,7935807.974049055,7935810.122728184,7935822.06119602,1479,200,2.1486791288480163,11.938467836007476,1472
3d100898-65b9-439f-84d9-171308eb6d7c,16e9d9d1-48cf-4b87-a42b-57a6058ec096,7935812.973955324,7935815.439224816,7935822.259868796,5843,200,2.465269492007792,6.820643980056047,192
c7729e1c-d26f-4b73-a355-4497960ef1e5,fd85aaea-6f27-4a87-b591-1bc8eedf9b03,7935811.974964392,7935816.480419284,7935822.576496773,5890,200,4.505454891361296,6.096077489666641,160
2216f805-be6d-47a3-b8ae-bd0c5c72969b,fe28b892-74db-4075-be6f-8e84d7615a76,7935809.973847036,7935814.7491246285,7935824.111306556,5916,200,4.775277592241764,9.362181927077472,160
457493a6-d639-47b4-b74a-3ab79a0ddff8,764b887c-0f76-4dbe-8fcb-1a144f07cbcd,7935814.974710842,7935816.95422072,7935825.109420752,1553,200,1.9795098779723048,8.155200032517314,176
a6fdce6d-7960-423d-9e2e-920652d8bd1b,1152561f-8ae3-4e14-9371-b4b07fd47f9c,7935815.974266415,7935817.165755479,7935825.229799684,1221,200,1.1914890632033348,8.064044205471873,224
a4565e19-1dca-4772-bc2d-942f10f49ba7,8cc546da-7a0a-4edb-b598-3a4017c94f34,7935813.973857061,7935817.838651797,7935825.853150278,5983,200,3.8647947357967496,8.01449848152697,176
418cd005-e66d-46b1-ab43-4281553a4e15,ffc55810-9dd4-4d11-9c4b-7896cc97951e,7935813.973863595,7935816.083046755,7935826.069645077,5876,200,2.1091831596568227,9.986598322167993,160
4ee823b9-bf9c-4baa-af0e-c307af18d745,95a97b7f-b9b9-4ff5-b501-08226dc92408,7935815.974251986,7935818.740789653,7935826.60127946,5701,200,2.7665376672521234,7.860489807091653,160
372cb678-1220-4f31-9eee-ab7b0043928f,db77c097-065d-4605-a081-54873f86805c,7935813.973869208,7935819.319610829,7935826.829066879,5890,200,5.345741621218622,7.5094560496509075,176
a6d06264-854f-40bd-b147-edc8a208da32,965290f7-a7b8-4bd2-bc07-c9e4b41a7dd3,7935816.974475356,7935819.658382255,7935826.869451478,5846,200,2.6839068988338113,7.211069223470986,176
52512522-1895-4719-9077-6a642c433a2b,383fe816-1603-4be4-bd50-ca1ab0a1996d,7935815.974269343,7935819.453081269,7935827.023799684,2514,200,3.4788119262084365,7.570718415081501,288
6808cb3f-cb43-486c-85e7-f64fd5e03b02,dede0210-5552-4607-8159-2fd26af2324f,7935818.974365887,7935820.199182624,7935827.29527211,1251,200,1.2248167367652059,7.096089486032724,176
037fce79-2fbb-4e8c-826c-72c5e6dd6bde,a6efb579-aa74-470f-aba5-7b8844de154c,7935816.974485268,7935820.400259193,7935827.375567832,4618,200,3.4257739251479506,6.975308638997376,176
804aa4a4-d6bb-4ef9-b98d-fb34ea2a861f,935ddb47-1f66-4b5d-b9a2-4c4215e44222,7935813.973866541,7935820.298069773,7935827.558565003,5860,200,6.324203232303262,7.260495229624212,160
317f3e7a-0a85-4096-be5c-929c4f204d31,2b8e65d1-d959-42ef-85da-c23c233207a9,7935817.974494657,7935820.367996991,7935827.670329208,3578,200,2.3935023341327906,7.302332216873765,16
91cd2d22-0103-48e9-974f-9563c67ce880,f18570f2-d4a3-4893-9ffb-be09b490d0dd,7935817.974490622,7935819.950850026,7935827.716979577,5197,200,1.9763594036921859,7.7661295514553785,224
b651207d-26c9-46b3-abed-91177e1e8c55,451a9b19-a212-4faa-a8f6-2dba2b487636,7935815.974263038,7935819.252602843,7935827.738690284,5740,200,3.2783398050814867,8.486087441444397,224
4315228c-87cd-4fb2-a47d-cce15fb38afb,e088525b-8b4c-427f-8e0c-45636e723004,7935815.974272856,7935819.790978812,7935828.107341958,5256,200,3.8167059561237693,8.316363146528602,224
b9dfbf37-d83c-4495-a9c0-4dfe1fc596ed,414739a4-5bea-42f3-b253-f5aae22c9226,7935784.97446903,7935817.317904277,7935828.475745828,1809,200,32.34343524649739,11.157841551117599,224
fb842a03-5fe9-4cdc-84f9-f0f6417186e3,644cffe6-f7e2-45fc-8b1e-a5ae777f772e,7935817.97447547,7935820.392957733,7935828.488720813,5883,200,2.4184822626411915,8.095763079822063,176
bc7b7f90-2696-4e48-b481-4d994af1d935,661d3f63-5e60-4b42-b305-fdfdcbc3733f,7935817.974497804,7935820.44290918,7935828.510030462,504,200,2.4684113757684827,8.067121282219887,192
f5cf3ac0-dd91-44e4-bb6a-03889aca7b72,26246547-489c-4bf5-a461-7a53ca519d6a,7935784.974479151,7935817.427731401,7935828.589235139,959,200,32.45325225032866,11.161503737792373,160
b08f1ffd-186a-4815-823d-2a46f1c84a84,614e6400-b3e8-4e96-b9c3-056d4cf0c685,7935817.974485745,7935821.162260729,7935828.618216254,1980,200,3.187774984166026,7.455955524928868,176
531d6cd6-71c5-4bbd-8c5a-de93c8bd7dfa,77e7c157-4bdc-42fb-8f26-344afffd4b77,7935816.974488796,7935820.382568986,7935828.638603693,5887,200,3.4080801904201508,8.25603470671922,176
ffe879df-eb32-4cb1-b988-65ecb4edaf1e,11a2967c-8c37-4e82-b852-df78459a03a9,7935818.974382615,7935821.314559879,7935828.688069154,266,200,2.3401772640645504,7.373509274795651,160
8d143e2c-0201-48d4-94c5-b9cc8fb028f9,1dc18a45-9b1e-4369-9edc-0d1ebcd8ecb5,7935784.974485494,7935817.758867855,7935828.9157851385,2637,200,32.784382360987365,11.156917283311486,160
24f702f5-c941-405c-97e2-bdf818c7cc94,d4238793-b034-4004-8635-9639e6bd91f6,7935817.9745017,7935820.854286139,7935828.937964292,5931,200,2.8797844387590885,8.083678153343499,176
3148ce72-62e8-4220-9c89-b81a6b79859c,a1cef276-6150-4849-a49f-d5521b1ab18e,7935817.974505255,7935821.512106127,7935829.147841438,1761,200,3.53760087210685,7.635735310614109,288
9b4a50cc-2639-4112-82d6-d14c516d681f,b294c638-1caa-4f73-aea8-c2de71511a8d,7935784.974488497,7935818.597386308,7935829.736450608,5553,200,33.622897811234,11.139064299874008,224
a4fdf91b-a0de-409e-8b17-5fde9d53ea5c,f76488c6-8ad5-4bcf-b4de-98e28d0c5d12,7935819.974114697,7935822.7781550335,7935829.880466587,970,200,2.804040336050093,7.1023115534335375,192
7c52e055-1dab-4b8c-8d91-6dd467664843,ddab7268-983e-4382-b5cd-d0c1c556d1d2,7935784.974482633,7935818.817195916,7935829.962598903,1736,200,33.84271328244358,11.145402987487614,176
dc465163-f8f6-4b9a-8689-c05378040ce8,904fe956-8d0d-467a-b6bb-0633305ea8f5,7935818.974378832,7935822.665257393,7935829.986951266,5867,200,3.6908785616979003,7.3216938730329275,224
c38b7ae0-bf6a-4298-b22a-f811d12575a4,c6242738-47cf-4f43-bba0-5fb66070156d,7935821.974686053,7935823.23703292,7935830.254150468,3324,200,1.2623468674719334,7.017117547802627,192
68d3a73d-04b0-4668-a673-81094d8a1c0c,8b412ed6-84aa-4ec2-9281-40208ff1b4a4,7935821.974711438,7935823.283718249,7935830.2749662865,388,200,1.309006811119616,6.991248037666082,224
f5256f10-59bc-47d5-8d30-c806c3cc1c8d,f2c4e007-8b4c-48ab-a695-68d6e4624a56,7935821.974705082,7935824.247490507,7935830.761719343,5942,200,2.2727854242548347,6.514228836633265,160
e6bc2802-db29-4e51-ad5f-ce38a3cf8294,0038992e-64f0-433e-82d3-367cf8fa2c76,7935817.974508981,7935821.878694593,7935830.779806119,3939,200,3.904185611754656,8.901111526414752,160
8ebeb6ce-1a8c-400c-ba52-4b6205b076a1,9bb66c7b-e720-4c31-baca-a2f43672e95a,7935821.974719019,7935824.379736883,7935831.202263104,1173,200,2.405017863959074,6.822526221163571,160
cd821165-dba8-496b-a693-a2dc4fe97b88,2a6b418f-fb9e-4337-90a6-71ef5a5391d6,7935821.974700858,7935824.383869776,7935831.208200885,358,200,2.409168917685747,6.8243311094120145,160
88624abf-1202-4585-b255-963081fcfe53,06312fd4-a78a-42c6-96c4-a5088cfcc81e,7935818.974386257,7935823.436000158,7935831.310913592,2947,200,4.461613900959492,7.8749134335666895,160
b7eee6d8-83c5-46fb-9256-1712cc3ada51,e544a40e-0e84-4a84-b719-306beaad3aaa,7935786.973800288,7935820.219984297,7935831.334381354,5129,200,33.24618400912732,11.114397057332098,176
e6a17dab-88aa-4786-b8f2-237a32bd8cf3,361d1536-ceec-424e-9ffd-3c7b29a993b3,7935821.974708183,7935825.096013887,7935831.5346013475,5841,200,3.1213057041168213,6.438587460666895,160
7f80e7b8-7098-4a98-b2c2-beff7e52af51,0a12384f-0fb8-4809-b8db-e918b89100c7,7935821.974715281,7935823.55940125,7935831.583253424,2136,200,1.5846859691664577,8.023852173238993,1840
8e76fc49-3514-40bd-82e0-2d050e97ae81,09103c37-f3ad-4892-b37f-4d805e0747ba,7935822.973907897,7935824.735958095,7935832.310682859,4402,200,1.7620501974597573,7.574724764563143,224
92553b7c-af29-4cf4-8c0b-ec5075c7dee3,0e5901a7-c94f-45c6-bcbc-a7ef22f161d4,7935822.973898385,7935825.163615629,7935832.638973886,1876,200,2.1897172443568707,7.475358257070184,176
a220b53c-c2b5-4308-a327-5f7d5f5804bf,39bc6c25-b2be-478d-9919-83b0de268d70,7935823.974281461,7935826.029624634,7935833.1981391,5792,200,2.055343173444271,7.1685144659131765,160
bc9e9eec-57af-4920-9d19-8db26a042fcc,f5bd21a6-1445-498e-ad35-72eda8ae150d,7935823.974273626,7935826.182058487,7935833.256139849,5239,200,2.2077848613262177,7.074081362225115,176
ed3cb1a9-bbc4-466d-9049-b4535a66a5b9,87790c2b-aa62-4df2-9e78-4b07d45b22cf,7935823.974283888,7935826.430495598,7935833.517714089,5860,200,2.4562117103487253,7.087218490429223,5856
e3c049f6-98ab-446c-9af4-6cb0ed15cc5e,e8aec464-55fe-4709-9173-dbeae0bf8f34,7935823.974279187,7935826.432546881,7935833.521198087,2533,200,2.458267694339156,7.088651206344366,192
9fbb2e62-56e7-4e30-ba12-239710e436e7,f981a306-8b21-4254-95fa-d0ce56582057,7935825.974289658,7935827.057022065,7935834.090717424,4660,200,1.0827324073761702,7.033695358783007,4464
cfc33d94-852c-4206-abd6-c13d8f1b63dd,18e1515f-5651-447b-acf1-6c7ef9a74d7a,7935826.974151084,7935828.860774386,7935834.689241559,1189,200,1.8866233015432954,5.828467173501849,160
e7b857be-b759-4f13-8a23-7579819ad922,93c4c0a0-35e8-4dae-9794-e96bff496a85,7935826.97417213,7935829.02709032,7935834.812257262,1531,200,2.052918190136552,5.785166941583157,320
d53f8936-674e-42ed-8bdb-19399df456dc,69c65194-d8b7-413c-af90-cf5d54b7fb38,7935825.974297171,7935828.302374309,7935834.86213322,5923,200,2.3280771374702454,6.559758910909295,192
8665e0f8-34c9-4738-bb4d-7a8728c10746,9275074f-0819-42b2-9e68-2fb2aa8483cd,7935824.974377117,7935827.257841664,7935835.093570642,2810,200,2.2834645472466946,7.835728977806866,176
b7141b7c-8ffd-41a1-a8f8-347746923432,a284dc61-34eb-45cc-857a-6a8eab8536a1,7935826.974160384,7935829.5601045685,7935835.505013237,4311,200,2.585944184102118,5.944908668287098,224
2e437567-2c5c-430b-a739-f95847830cb8,548fd163-71d0-4642-9386-c5a09a047dbd,7935826.97416933,7935828.4434406925,7935835.6903689755,4958,200,1.469271362759173,7.246928283013403,4336
c89cbd40-436b-421b-9442-f71bb25e5d7d,73fa2a69-5751-40b7-88fd-2f38288e2042,7935825.974276502,7935828.584398114,7935835.697456287,961,200,2.6101216124370694,7.11305817309767,192
554c653b-bd18-48dd-9be5-4fa85e4be229,204a7825-84c9-483e-9666-88e9fb77f477,7935824.974362162,7935828.015485774,7935835.775412933,817,200,3.0411236118525267,7.759927159175277,176
7178d29f-4783-45b5-aa95-06e4c75bd52a,afbaa7d4-dd8a-4673-887a-531114e49c64,7935823.974263423,7935827.353875435,7935836.0106301075,5936,200,3.379612011834979,8.656754672527313,160
673c4385-0a4c-4042-a101-01deb54fe540,10bae5ed-9bb5-428f-8878-b428defcbc4a,7935824.974381404,7935828.461212298,7935836.802214223,5953,200,3.4868308939039707,8.341001925058663,224
7b46c64e-c448-4c0c-95cc-2f2ef7139be3,78cfc202-0dc9-415b-a206-33528596d7a6,7935825.974292261,7935829.812290579,7935836.924139736,6020,200,3.8379983184859157,7.111849157139659,192
cf3391e7-be49-4c85-8938-6f744e27d489,a52c7e36-dca1-4901-9673-56c0a94f5015,7935825.974286009,7935828.536152556,7935837.760378697,3377,200,2.5618665469810367,9.224226141348481,192
eae0d1d9-339a-4a7a-86a3-23eba9760062,5cb9d20f-89b5-43e8-8e0e-afedfcf0361d,7935826.974166557,7935831.308646425,7935838.340738709,2575,200,4.334479867480695,7.032092284411192,192
7a68739c-3006-43b5-a4d8-bec972dd6537,a1cef276-6150-4849-a49f-d5521b1ab18e,7935829.974124816,7935832.662586022,7935839.365711825,1755,200,2.688461205922067,6.703125802800059,288
d6e57c18-736b-41d0-9e68-29b20a2bd72e,62ba3324-375e-4ba6-aa6c-7f54c2faf14e,7935823.9742768,7935828.891435173,7935839.806775661,2983,200,4.917158373631537,10.915340487845242,192
4ae1ca79-f2e1-47c6-b7c3-62ccbeb67a51,aa76f5a5-1391-4a23-990b-4742ae99e457,7935825.974294754,7935829.829262517,7935839.953981155,5893,200,3.854967763647437,10.12471863720566,176
8d76c08c-740f-4eaa-8de7-a29c6300d5b8,23e2deaf-5aec-4dee-805d-ab1d76d05bf4,7935829.974127589,7935833.401363442,7935840.910721072,2350,200,3.4272358529269695,7.50935763027519,160
9e4f47da-c846-47ba-bda2-3ea9e63a9916,1b4c1624-eb1c-42ee-a57d-25e7831e5794,7935827.974009276,7935831.169455429,7935840.915323055,1013,200,3.195446152240038,9.745867626741529,224
3a82dfba-fe4b-42e8-8a6d-df5d5a4a2a27,8e09d1f4-c05c-494c-9041-54ba584198ed,7935826.974163831,7935830.025604665,7935841.049053891,5985,200,3.051440834067762,11.023449225351214,224
d5a1404c-c568-4894-ba22-1fdfdc873499,64563322-ed3c-49a7-8722-1b80cee44900,7935827.97401803,7935831.414080226,7935841.091675405,2168,200,3.44006219599396,9.677595179527998,160
d442e4d6-f246-436d-874a-1843049cb266,b3f1f0dd-eba4-4b6a-9258-7a503a88b12a,7935829.97411393,7935833.64769015,7935841.793275744,5406,200,3.6735762199386954,8.145585593767464,160
edcf69f3-bd2c-4a44-859e-da81b9b787ee,e8f6df88-143b-40ff-bdb8-5b4fe35021da,7935831.974598111,7935833.465455849,7935841.959402998,1854,200,1.49085773807019,8.493947149254382,16
7bdbca2e-2fd3-405e-8e50-ae92543ebe2c,1cf6a300-5f01-432b-9b53-4799d42d0d63,7935831.974593512,7935833.625392538,7935842.104115313,1123,200,1.6507990257814527,8.478722775354981,176
bb8b37f3-10fd-4699-b178-69dad21d64a2,0a73b161-d82b-4323-916b-33e2b59d35e0,7935831.974601391,7935833.859186785,7935842.503608635,1557,200,1.8845853945240378,8.644421849399805,160
ee10cfde-cbff-4761-bdbd-35ef8e8c91b9,68dc3514-25ae-4501-8edd-3cc454af6fae,7935832.97390128,7935835.49256649,7935842.672712652,1611,200,2.5186652094125748,7.1801461623981595,176
b34da6e8-09b7-47fd-8e66-b51617be3480,6c9af2b5-4d45-4f11-9012-e8457da54f98,7935788.974637832,7935832.064671673,7935843.320009084,3266,200,43.09003384131938,11.255337411537766,176
d192dfe6-2a9b-4fc7-b737-da2e700d2772,e1ffbb6b-111e-4e1e-8b10-9c71bc28b303,7935788.974644889,7935832.4337397115,7935843.7042976925,3267,200,43.45909482240677,11.27055798098445,176
6a24e60d-1d57-4b19-8f89-cecc13718700,4b849273-34b2-41a7-a754-161f75c4d8a1,7935788.974648218,7935832.599477078,7935843.870476792,1425,200,43.62482886016369,11.270999713800848,224
41ba5ad1-1aa5-4f68-ad82-9d574c9944a5,ce567047-2508-420e-b4ab-2aa108e28efd,7935788.97464118,7935832.658936866,7935843.92627823,353,200,43.68429568596184,11.267341364175081,160
c15b8c6d-25ec-4174-a7ff-1042cdc2c42f,60d24e28-c417-4922-8b19-082e330e8183,7935829.974121714,7935833.0678471,7935843.938240209,564,200,3.0937253860756755,10.870393108576536,176
6f0c9bba-d957-4cfc-a047-3bddb9643a15,39e6e02c-0a49-44e4-86c7-71fea0ddc507,7935832.973908682,7935837.168279051,7935844.188726795,3145,200,4.1943703684955835,7.0204477440565825,192
06cd4a35-2cc9-4ac0-b458-2a00868857f7,8eaebb8b-dcfc-489d-9907-9f0d91cbfe81,7935788.974634589,7935833.024123414,7935844.250801013,2622,200,44.04948882572353,11.226677598431706,288
28a4155b-8131-463e-8fa2-3d17e771770c,25518b2c-685c-4ddb-970f-4927e0b58092,7935832.973904624,7935837.56109085,7935844.77379948,1814,200,4.58718622662127,7.212708629667759,160
d7847fc0-f110-4519-a6fd-7e21d19d337a,11a2967c-8c37-4e82-b852-df78459a03a9,7935834.974051226,7935837.127062327,7935844.80111206,330,200,2.153011101298034,7.67404973320663,256
56754d68-11b0-413c-b25e-ec97f5beaa08,95a97b7f-b9b9-4ff5-b501-08226dc92408,7935788.974630713,7935833.798917951,7935845.025626898,5889,200,44.82428723759949,11.226708946749568,160
f29bd880-30f6-49f1-8bc4-ca2a18703427,abf7562e-34ae-4c0d-9940-697f33aab22b,7935832.973891431,7935836.151912135,7935845.235803582,5856,200,3.17802070453763,9.083891446702182,192
17e35ebe-6078-4451-8047-3e518a02c0cc,f2e623bf-4085-4da8-a0e0-3eb712c8e231,7935834.974047837,7935837.968066621,7935847.108407455,5854,200,2.9940187837928534,9.14034083392471,176
84bd48bc-ee0d-44b2-9a31-2d4f106a3c9f,83faef8c-de76-4007-b119-002a4c228c5e,7935836.974717636,7935837.982482221,7935847.484880688,3318,200,1.0077645853161812,9.502398466691375,192
4b67d179-e25c-442e-ac25-8de613bb031f,4d0480bc-9006-4e5d-a89b-bc428648e570,7935834.974040273,7935838.246399188,7935847.678740602,2153,200,3.2723589157685637,9.43234141357243,192
81d5e31d-920f-4e46-b118-df9116bd9030,096de4a6-59ff-48ea-a5bc-74fe92e53140,7935837.974042627,7935840.039026738,7935847.755438581,1796,200,2.0649841111153364,7.71641184296459,192
f0d0cd3e-4b7b-464c-a48e-347c0a27be07,2b8e65d1-d959-42ef-85da-c23c233207a9,7935837.974045913,7935840.766502204,7935848.173435662,3608,200,2.792456291615963,7.40693345759064,1280
ad6941b1-8e6f-4b53-a0e1-837170d406fd,e1ffbb6b-111e-4e1e-8b10-9c71bc28b303,7935834.974044524,7935838.909314015,7935848.814485927,3444,200,3.935269490815699,9.905171912163496,176
b9a2e5ff-10cd-4f21-bcf8-0c49c419a231,37528ce1-23e1-4dd6-8248-cc8e876b9973,7935834.974028653,7935840.29433421,7935849.243605925,2166,200,5.320305556990206,8.949271714314818,160
3e0159d8-401a-448e-bf08-a3cbb9ca0ded,d9617223-3bfc-4530-a2a7-84b7fcc611f3,7935837.974024891,7935840.033948992,7935849.762116792,1668,200,2.059924101457,9.728167799301445,0
fd8178b0-ea06-400e-8a3d-228442a516b1,95a97b7f-b9b9-4ff5-b501-08226dc92408,7935837.974039636,7935840.518879624,7935850.15436728,5783,200,2.544839988462627,9.635487656109035,1136
476b7b06-0b08-49d1-83d0-5569a5a3a641,902824bd-1c89-4c85-b338-15e12ec85308,7935839.974470564,7935843.030274289,7935850.387354995,5856,200,3.055803724564612,7.357080706395209,160
d507d252-da82-4c51-a642-b71d1a4c5037,e02870fa-87af-4cfe-91a6-a31a47709f44,7935837.974049403,7935841.283081581,7935850.611465535,5870,200,3.309032177552581,9.328383954241872,192
1880ada1-55fc-4d81-a93e-384e75cf486e,7f600648-e3b8-4d8f-965e-8a52d4e10df9,7935831.974581194,7935839.845909501,7935850.781075638,5790,200,7.871328307315707,10.935166136361659,160
9a7a0792-8a34-4b76-921c-5b55f706fb57,6a71b1b0-2834-4bc1-adb7-e8b35edf44b6,7935839.974490843,7935841.572995757,7935850.908962434,2441,200,1.598504913970828,9.33596667740494,192
2c6d8f4a-165f-4125-835a-764c4555bc8e,c357b8bf-f678-4933-aee9-8582856de38b,7935838.974707015,7935841.999515809,7935851.03558167,6682,200,3.024808794260025,9.036065860651433,160
1acb2c46-65f2-48ef-a0e3-ab304ed6e185,644cffe6-f7e2-45fc-8b1e-a5ae777f772e,7935837.974035114,7935843.073777887,7935851.448734814,5868,200,5.099742772988975,8.374956927262247,784
f87d6501-4932-4aba-8552-cbb60ebff763,12cd0593-3b00-4e01-8af8-5885c65b23b2,7935839.974475282,7935843.569275388,7935852.290535368,3217,200,3.594800105318427,8.721259980462492,160
6ee9fa56-140f-42ca-9c11-576cb53a0062,d4238793-b034-4004-8635-9639e6bd91f6,7935840.974336684,7935843.5712685995,7935852.294235018,5931,200,2.596931915730238,8.722966418601573,5920
b95bf098-7d6a-4be0-93b6-eec8ca1d6177,96e352eb-b046-4e48-a206-53a1eee8c0ed,7935842.974033864,7935844.443810271,7935852.38922834,1779,200,1.4697764068841934,7.945418069139123,176
f5e666b8-8f81-422d-86f4-48189fd78ae0,03c8099b-ba1e-4020-a5bd-a611370f36cf,7935840.974345599,7935844.354227126,7935852.590241204,5729,200,3.3798815263435245,8.236014078371227,192
9cbf4604-1f30-4d8e-bd81-51435923c22b,19e18a1d-1ced-4ae8-b1a4-829b17887035,7935839.974487712,7935844.86518957,7935852.667237729,5819,200,4.890701858326793,7.802048158831894,176
c2b96cb4-4395-4755-8628-87bd49e2c54a,da3224f5-6f28-408f-b4b6-ddd0c4795c70,7935839.974459108,7935842.425568084,7935852.748722871,5778,200,2.451108976267278,10.323154786601663,176
edab4785-59a3-4a2f-a728-115327525de7,76aca489-b544-4106-8503-feefab69b8ce,7935840.97434909,7935844.441577712,7935853.148199149,3912,200,3.467228622175753,8.706621437333524,192
b0b54239-66c1-417b-b7e2-41b50d6b3a5c,f888da27-679c-4d6f-aa21-485a21f187b4,7935796.973978129,7935842.406313989,7935853.487474685,5722,200,45.43233586009592,11.081160695292056,160
c285b56e-e5f9-40d7-904f-80f3e23f1e8a,5e5a3766-9cfb-4baf-a1b7-875a90db3d82,7935840.974352034,7935845.700405962,7935853.525708415,5908,200,4.726053928025067,7.825302452780306,176
cd17c87e-080c-4736-b4e8-fbc05f16e6ae,a720e724-daa2-4c66-a117-9d12dcfd9736,7935840.974355307,7935846.206492617,7935854.029513986,3005,200,5.232137309387326,7.8230213690549135,160
de2eb791-3965-4482-9823-edc3c0712e24,17b2c601-5562-408c-b74f-9b2ed70a4c89,7935838.974694308,7935845.84772794,7935854.133374094,6482,200,6.8730336325243115,8.285646153613925,192
efbce0fc-7498-4681-8d41-a7e9a7b24c17,2c929018-1efb-4278-a9f8-81ffee848167,7935839.974480137,7935845.971199306,7935854.303975446,4596,200,5.996719168499112,8.332776140421629,176
c5d68c46-3b61-43b7-abeb-910aa476afd6,ecf1639d-7d01-4ec2-989b-319b083d49e3,7935796.97396661,7935843.267722475,7935854.326141727,6238,200,46.29375586565584,11.058419251814485,192
3bafcb8b-ad50-4760-8182-0ff537209e9c,c9ec15ee-a488-4ea7-8fbf-abe88bc3f054,7935843.974096079,7935846.6216280935,7935854.480955657,3681,200,2.6475320141762495,7.859327563084662,192
763804ee-a509-438f-8fe8-f9e6847ffe60,97ad3f12-85c7-44bc-b969-699e6ef5da09,7935840.974362268,7935846.236814994,7935854.637559448,3891,200,5.262452726252377,8.40074445400387,160
78e9631d-1f17-42e4-bf12-0c9f524255c7,4b292fad-a776-4332-bc3d-941725a4782d,7935843.974108282,7935847.541101823,7935854.808617679,5876,200,3.56699354108423,7.267515856772661,176
4d269b1b-382c-4628-abf2-44914e91ff39,21eb9a24-054f-432f-8588-055c3f877391,7935840.974366623,7935847.1046081185,7935854.840624985,5906,200,6.130241495557129,7.736016866751015,160
b9ef0923-eee4-4bb1-bf5d-4285a48f5f8a,583eb43e-4777-43dd-b3ac-37d66ab778b1,7935841.974282785,7935844.528981564,7935855.206044718,5798,200,2.5546987783163786,10.677063154056668,192
297177c0-d626-41b0-982e-d4ddb5b85c02,20c8e018-9f79-48b0-aad8-4763f7885b6e,7935839.974484071,7935846.968913336,7935855.375169025,5888,200,6.994429265148938,8.406255688518286,224
fecea6eb-2104-47e7-9093-ce34314b9197,9eeda092-546d-42e1-bbec-a34b1a994009,7935843.974112556,7935847.875321168,7935855.533734125,2435,200,3.901208612136543,7.658412956632674,176
5c695f95-a980-49cf-94e1-afe2f2601491,f76488c6-8ad5-4bcf-b4de-98e28d0c5d12,7935845.973863292,7935847.15516334,7935855.568108426,970,200,1.1813000487163663,8.41294508613646,192
3e9c0fc0-1b4b-43b1-9fe9-4852464a6cc7,5941b2d9-9a78-4657-b188-6c93d0e82645,7935796.973982211,7935844.5785911,7935855.639246224,5757,200,47.60460888873786,11.060655124485493,224
de94bca4-eda5-4ec4-84e7-1a14672cd8a0,92a7f10e-4538-40db-8647-82796b2a10aa,7935844.974665952,7935850.412878663,7935855.6810963,5792,142,5.438212711364031,5.268217636272311,160
1f05d855-6a90-4594-a010-2c95e2aea179,ec8a2cd6-5952-45c9-940a-d0161c338fd4,7935840.974370484,7935848.121676692,7935855.713963844,5828,200,7.147306207567453,7.592287152074277,160
d66aaa56-a3ac-49ff-8dfc-e7dbba4bedaa,4b849273-34b2-41a7-a754-161f75c4d8a1,7935840.974358773,7935848.332975616,7935855.975050614,1413,200,7.358616842888296,7.642074998468161,224
c17eb758-3a43-4d93-9111-a6b2be3fb44b,21382f9b-ea93-4dd9-a4d5-96385aa18b12,7935843.974116328,7935847.929184402,7935856.278261208,733,200,3.9550680741667747,8.349076805636287,192
718e1ea4-022f-4b13-80d4-95c7d553c962,de310453-2360-466e-a6d3-3ca31cdb0cdb,7935841.974303015,7935845.564099233,7935856.392332913,4798,200,3.5897962180897593,10.828233680687845,192
79b0956c-503a-4503-acb0-4a1fe51c0140,937c7008-06a1-4543-8676-6f44a8fe2de3,7935845.97386597,7935848.2248664,7935857.031196989,4966,200,2.2510004295036197,8.806330589577556,160
5cd0df5d-fda2-4446-94c2-df62ce0eb1a8,4fad2225-b301-4c70-b28d-06d4f1a0a87f,7935845.973868841,7935848.376413468,7935857.159117422,1672,200,2.402544626966119,8.782703953795135,176
f6c74e4a-7a6f-4364-8df3-4fd10d53b9d3,b294c638-1caa-4f73-aea8-c2de71511a8d,7935844.974655485,7935849.750029855,7935857.433335931,5799,200,4.775374370627105,7.683306075632572,224
56792d80-e901-4cb1-b18a-c4ddc074a6e8,d11f81f3-6a44-4460-95ba-f10e37531043,7935841.974299506,7935846.588137238,7935857.52702983,3258,200,4.613837732002139,10.938892591744661,176
f6144204-9fc1-4a9c-9b99-2480b856fc49,e088525b-8b4c-427f-8e0c-45636e723004,7935846.974226407,7935849.969178959,7935857.55801641,5267,200,2.9949525520205498,7.588837451301515,224
82961bc4-dfbb-4ebe-9d83-aac7855dc6fb,9a4a8c90-314b-48ec-b045-c31653141afb,7935848.973997065,7935849.999387692,7935857.959411702,1984,200,1.0253906268626451,7.960024010390043,176
990f530c-ce04-4e55-aebe-849ba49cf1c1,0fb71a12-500a-4889-9f08-48dec91095e3,7935841.974306894,7935847.204430709,7935858.20759378,5885,200,5.230123815126717,11.003163071349263,224
33e9c4ee-f4f0-425e-ae21-d65020482fbc,a95d4290-526f-498c-bb05-5a23a8195ec0,7935841.9742958,7935847.5066911625,7935858.544569429,2718,200,5.532395362854004,11.0378782665357,176
97f4e82c-3ec8-4f94-97ee-39ba7ebda9e4,ddab7268-983e-4382-b5cd-d0c1c556d1d2,7935833.974572656,7935847.649673501,7935858.566193154,1922,200,13.67510084528476,10.916519653052092,176
7be319f7-2af7-4cc3-ac27-fd55c40e89c8,c0aa256f-23f1-483c-a314-1e45b1d0a471,7935848.973978461,7935851.184809508,7935859.046347448,2624,200,2.2108310470357537,7.861537939868867,288
58151c5c-af42-4ee4-bb36-6e9b00dff0c1,7f6b3d68-32fd-4d79-8750-b01e8964419a,7935833.974579413,7935848.139561788,7935859.051688229,3684,200,14.164982374757528,10.912126440554857,16
764dafa0-cdb1-4e38-a0c5-2992d0366246,da54d551-745f-4af5-a083-f1b462d8b4b3,7935833.974581985,7935848.405790156,7935859.301757363,2470,200,14.431208170950413,10.895967206917703,224
91ea8140-d959-4e58-bdda-87a60894159d,9f189d4e-98f8-462c-a6f4-9787eb21058a,7935848.974004242,7935851.78257761,7935859.633804458,5923,200,2.8085733680054545,7.851226848550141,160
529752b1-42a3-4741-b5be-5e8536f357a6,d9617223-3bfc-4530-a2a7-84b7fcc611f3,7935800.974747963,7935848.7502707895,7935859.75720352,1616,200,47.77552282623947,11.006932730786502,0
da1d73d7-18a0-47db-97c5-d5d6e5710df7,c6adb431-97d2-40fd-82e1-9e46fa15e62b,7935833.974569473,7935849.1766605545,7935860.058646881,5893,200,15.20209108106792,10.881986326538026,192
fbecb11b-cdb3-472b-b4ff-ad314afd4840,ecf1639d-7d01-4ec2-989b-319b083d49e3,7935847.973836842,7935851.707026254,7935860.2739616195,6433,200,3.733189412392676,8.566935365088284,192
c62c62a6-3136-4030-9542-54cc3c35edff,1cf6a300-5f01-432b-9b53-4799d42d0d63,7935800.974755968,7935849.634798393,7935860.6236902485,1123,200,48.66004242468625,10.988891855813563,176
0fd614d5-a26f-4f89-bc98-e60c9c6913fb,2b10aab9-b462-4f69-aa9f-d5e523afdc9a,7935833.974576339,7935849.946438877,7935860.789012787,5877,200,15.971862537786365,10.842573910020292,224
83595b54-65b9-48af-8060-8bc7e585b1ba,7f81c22f-585b-43ce-a4c2-95ec78954dfb,7935849.974784805,7935852.486223656,7935861.082125538,1640,200,2.511438850313425,8.595901882275939,224
df1a6346-6d79-4a03-962a-b88e059dbc0f,9557c1f9-8651-4a6f-bfd3-0c96ede25015,7935800.974752569,7935850.306104042,7935861.287140284,3766,200,49.331351472996175,10.981036242097616,192
b39ef786-4c5e-417f-bc4f-1a10af87c159,096de4a6-59ff-48ea-a5bc-74fe92e53140,7935851.974481386,7935853.062691634,7935861.437392352,1949,200,1.0882102474570274,8.374700718559325,1760
108543c2-04e0-4724-b818-b46a804796b7,a48a78e1-9592-4620-8de8-227c1d576960,7935833.974554465,7935850.675593637,7935861.496502786,5806,200,16.701039171777666,10.82090914901346,224
aa62e212-937b-4406-a2d0-ae31e7beda60,e8f6df88-143b-40ff-bdb8-5b4fe35021da,7935800.974735607,7935850.533918085,7935861.509613663,1803,200,49.55918247718364,10.97569557838142,288
be88010d-01ac-45e1-8246-39ccf3fb0934,a2176afe-f9ab-4a5f-83c6-b934cbaf705c,7935851.974507953,7935853.330531719,7935861.724372483,1968,200,1.3560237661004066,8.39384076371789,192
c91bb250-c61d-416d-9810-3fcbeef2ee4e,bee5e930-99b4-4b1a-8085-5d0945f9389e,7935833.974543941,7935851.128284229,7935861.925181608,3670,200,17.15374028775841,10.796897378750145,192
0ec9e170-ee7b-4b50-a004-5c65bbb1939e,3ae663a1-4eaa-473c-a8ca-e5ed2fd6bf81,7935848.974006871,7935852.666523665,7935862.0432747705,5884,200,3.6925167944282293,9.376751105301082,176
a80b839f-a84e-4361-890f-cafeaa8003fa,2f758670-b8ed-4ec1-862e-affd9609923b,7935800.974759515,7935851.115346217,7935862.068522784,4119,200,50.140586701221764,10.953176567330956,192
f6d512f2-6d76-4e32-8ee4-a2ffadd3728e,194a873d-95d7-4e33-8211-f30323686617,7935850.974625709,7935853.403935029,7935862.088569376,737,200,2.4293093206360936,8.68463434651494,224
22474a8a-c7f5-4323-9770-1b4be7851b72,968ca5b8-1884-449f-930f-a9034955bfc8,7935851.974524935,7935853.817993263,7935862.134890354,2251,200,1.8434683280065656,8.316897091455758,16
4987e760-296e-44e2-b4c9-a1c7f34e63df,c1017aac-714c-4899-a365-4481a7efceb5,7935833.974562937,7935851.659360679,7935862.450567088,4119,200,17.68479774147272,10.791206409223378,176
97482b57-efad-4605-bb04-b176abbc295a,f3147b85-f01a-48c8-959d-fa64c1291b53,7935851.974499641,7935854.345984809,7935862.849514038,1239,200,2.3714851681143045,8.503529229201376,160
f8619094-ddf4-44f4-8545-d07598317ec5,d34c67c0-ca74-4c70-a28c-f7680bf83cf8,7935833.974558279,7935852.441327126,7935863.222175597,5815,200,18.466768846847117,10.780848471447825,176
727caf52-3303-446d-8a7d-e6e51b286829,01214e46-af22-4c6d-ac0a-0617f82b827f,7935850.974607042,7935853.828023417,7935863.228367102,6276,200,2.853416374884546,9.400343685410917,192
ec11489c-24f8-420a-bd7f-1f73ff6dd76b,c7d4bf82-b656-4649-9145-d43cfcc0709d,7935850.974621946,7935853.560407247,7935863.441402284,5832,200,2.585785301402211,9.880995037034154,224
88e36dab-1d94-4847-9ae7-e4ed8e127261,2d0b64cb-12fe-4c27-890b-a69e4e1a0aab,7935851.974521062,7935853.557311842,7935863.438368507,461,200,1.5827907798811793,9.881056664511561,176
592e4c1e-f429-4e79-80fe-85c4dcdc02ba,deefa634-0664-4fee-b571-ee928bcdcb5d,7935833.974566327,7935852.825622676,7935863.599732666,3008,200,18.85105634853244,10.774109990336001,192
14d36290-1956-4dcd-a0d8-7a31723cd12c,ba258cd1-45b7-468b-be3f-a59855639d9d,7935851.974504429,7935853.931469024,7935863.883362147,2716,200,1.9569645952433348,9.95189312286675,192
644ccf9a-8915-41e5-9484-a4173fcc544b,7d2e5d4e-e5db-464d-b30f-0fa63819307f,7935851.974511316,7935855.641606231,7935863.9461247595,2149,200,3.667094915173948,8.304518528282642,160
bb39ef07-abb3-411c-ba29-94e3f8ec9fa8,afa96050-26e9-458e-8e99-e58a051b36a6,7935854.97405873,7935856.3308269335,7935864.2680279855,2294,200,1.3567682038992643,7.9372010519728065,192
65711d8f-2d08-4250-9119-6c9d76b5681a,e8f6df88-143b-40ff-bdb8-5b4fe35021da,7935851.974516125,7935855.733059532,7935864.441547876,1886,200,3.758543406613171,8.708488344214857,1808
2748e86c-75a3-4c2a-b1b7-0ba00cc2a8f1,95a97b7f-b9b9-4ff5-b501-08226dc92408,7935852.974028997,7935854.428646559,7935864.678072083,5771,200,1.4546175617724657,10.249425523914397,5760
29a20634-b887-4489-93dc-47937e3195a4,8b412ed6-84aa-4ec2-9281-40208ff1b4a4,7935855.973843477,7935857.70912569,7935864.963083245,546,157,1.7352822134271264,7.25395755469799,224
959a848f-a289-4911-8099-fa15c1766942,c1017aac-714c-4899-a365-4481a7efceb5,7935850.974635134,7935856.535294232,7935865.457682946,4099,200,5.560659097507596,8.922388713806868,176
e05bfffb-865f-47ff-9ed8-6617a6d78155,ce567047-2508-420e-b4ab-2aa108e28efd,7935852.974037731,7935856.756448805,7935865.615791855,517,200,3.7824110742658377,8.859343050047755,160
5301db2b-6b75-4e58-9bf8-681e2c088097,2a6eb3ba-e100-4c92-a9e9-1e45cee4c4c3,7935835.974159432,7935855.112904288,7935865.8244146835,2402,200,19.138744856230915,10.711510395631194,288
e2c1a98c-b9ee-4cd8-b08d-904c8e1a05fc,6773d64e-c4f2-4e4b-895c-24140b31607f,7935854.974038936,7935856.686684618,7935865.881502951,5824,200,1.7126456815749407,9.194818332791328,192
6276814c-de3b-41ef-8a1e-e3d98e26e49d,05abfb55-c5d3-4f16-b57e-4ecd5585f804,7935854.974054742,7935856.8828690145,7935866.0235539,1807,200,1.9088142728433013,9.140684885904193,192
0aab3eef-2936-4c82-9a5f-7f121d895ad9,b2764794-a178-4394-bc3a-45229dfe0235,7935855.973854705,7935858.356552487,7935866.126767022,2020,200,2.3826977824792266,7.770214534364641,192
c7fddf79-4ee3-4a7b-85e5-c47b99884373,39e6e02c-0a49-44e4-86c7-71fea0ddc507,7935855.973858046,7935858.409902159,7935866.182352024,3340,200,2.4360441127792,7.77244986500591,3104
f514700c-52cd-47d7-b0ab-0491586c9609,1cf6a300-5f01-432b-9b53-4799d42d0d63,7935855.973861295,7935857.970811897,7935866.185844537,1123,200,1.996950602158904,8.215032639913261,176
f9461441-9975-4f63-aa84-08619ebe6368,0a12384f-0fb8-4809-b8db-e918b89100c7,7935835.974172607,7935855.634935899,7935866.384815196,2303,200,19.66076329164207,10.74987929686904,176
6eb0813b-e239-452f-9791-2d038629ef11,b6b50fed-883a-44d8-a0d2-154444ac9b9d,7935845.97384618,7935855.3178608045,7935866.411376242,5919,200,9.344014624133706,11.093515437096357,176
a0e6ef95-72a8-4f3a-b752-ff127847b80c,7ecb3eec-b83e-4819-a7f9-fe7a738640b6,7935852.974018742,7935857.960191143,7935866.858337574,5788,200,4.986172400414944,8.898146430961788,192
e4c40c5a-25f9-4c10-8cfa-6c8ed9f14fb0,c107a611-f181-4fdb-8e0d-0d7c7758851f,7935845.973856847,7935856.113689875,7935867.182798916,5901,200,10.139833028428257,11.069109040312469,192
f5207b7a-f405-45a1-a082-50ab079f8f3d,2f758670-b8ed-4ec1-862e-affd9609923b,7935852.974032155,7935858.397441811,7935867.319901576,4282,200,5.423409655690193,8.922459765337408,192
f58d38de-f8fa-4c9a-8a4d-d6f873788cbd,e839419a-835c-4bf1-af83-436ccab8d728,7935845.973860521,7935856.445768893,7935867.508046959,2677,200,10.471908371895552,11.06227806583047,176
f1a993d2-900b-4ee5-85f4-cea1e90708aa,6c9af2b5-4d45-4f11-9012-e8457da54f98,7935857.974663197,7935860.871383048,7935868.002085094,3266,200,2.8967198505997658,7.13070204667747,176
2aed7163-dc66-4169-aedf-0f63c5fdf2b2,e7496e05-d4a7-4d53-8d10-3adebad8c63e,7935802.974494581,7935857.2989735445,7935868.3133622855,4884,200,54.32447896338999,11.014388740994036,176
45e73f9b-082b-4003-b76b-3d899bf10933,8eaebb8b-dcfc-489d-9907-9f0d91cbfe81,7935856.974782999,7935859.656917444,7935868.3916548025,2628,200,2.682134445756674,8.734737358056009,16
a771dba2-1519-4ffd-8217-0bc4c1a15c96,674c51c0-f4d4-4007-888b-ab7031140fb5,7935802.974504513,7935857.680661739,7935868.707875381,2533,200,54.706157226115465,11.027213642373681,224
f26bbbf6-6394-4e03-bae4-e2f143dd0808,935ddb47-1f66-4b5d-b9a2-4c4215e44222,7935857.974666894,7935861.738653565,7935869.393936693,5798,200,3.763986670412123,7.655283127911389,160
7bdc5136-2ba0-478e-9a50-f218467c6432,e3813743-28fa-4fe1-9447-a2aa249feab9,7935857.974669675,7935861.850320858,7935869.458415502,1930,200,3.8756511826068163,7.608094643801451,192
8d156289-f8a7-4bef-a90f-0f6ac4969556,e544a40e-0e84-4a84-b719-306beaad3aaa,7935802.97450764,7935858.442958183,7935869.500496505,5129,200,55.46845054253936,11.057538322173059,176
b9f2636b-09cd-4dce-b4f2-69fcad1851df,522f3597-4ed8-4897-9cb3-a933f9bf024d,7935852.97403507,7935861.778938633,7935870.089785232,6246,200,8.80490356311202,8.310846598818898,224
85af7c2b-522f-4721-a371-8fc2d2e1ef30,8f9dacfc-fe44-4310-a09b-1460546de939,7935802.974510765,7935859.322507698,7935870.382104711,5953,200,56.34799693338573,11.059597012586892,160
edafa7da-bdad-4adf-95c5-ce516d0fe587,361d1536-ceec-424e-9ffd-3c7b29a993b3,7935858.973951356,7935864.196589905,7935870.74939864,5833,200,5.222638549283147,6.552808735519648,160
7dbf2131-bbd4-49a7-9c9c-070e4139500a,bc3c695a-dbbe-46c3-b730-f17bff089f3e,7935857.974653342,7935863.11108415,7935870.993286562,5750,200,5.136430808342993,7.882202412001789,224
c952d542-f61b-4bbc-a676-6d0b3b5cfbe0,fde65300-6df0-4455-b1cd-90c84a5f86b0,7935858.973962794,7935862.770778261,7935871.15654064,4942,200,3.796815467067063,8.385762378573418,176
52eb9e95-aedd-40be-bd83-f02198ba6312,bb6f0502-2197-4ee3-b8a1-b1060a43622f,7935860.974491887,7935865.112652872,7935871.823382726,1179,200,4.138160984963179,6.710729854181409,192
a78150ca-c9a2-4ff6-a0f0-af8766fc184c,f5bd21a6-1445-498e-ad35-72eda8ae150d,7935861.974425751,7935863.873976602,7935872.038479322,5239,200,1.8995508514344692,8.164502719417214,176
c44a373a-77a3-4950-9f1e-ef41d94779e8,e128d93a-5ba8-457b-a873-34471e825c50,7935861.974415261,7935863.7009578375,7935872.12144071,5912,200,1.7265425762161613,8.42048287205398,224
71b13984-efbd-4894-b8c6-0d0dc790c1c8,a1cef276-6150-4849-a49f-d5521b1ab18e,7935861.974432395,7935864.351328139,7935872.545208342,1759,200,2.376895744353533,8.193880203180015,16
91e6be76-89fa-41df-83f6-0b45b9a8053c,deca5ee5-8d40-4e4b-893d-49946608462b,7935856.974772911,7935863.6628420595,7935872.622355616,5547,200,6.688069148920476,8.959513556212187,160
57e33a40-7425-4728-b36a-c72d64b69dea,a04b43b6-d229-474d-9233-e6d9265116cb,7935860.974508344,7935863.692360422,7935872.6684333,557,200,2.717852077446878,8.976072878576815,224
8625bb45-1269-4fd0-8c74-fb824a9b4c34,8784904c-a70e-4603-b59c-29e3f8894e4f,7935849.974770773,7935861.854720217,7935872.80890922,5420,200,11.8799494439736,10.954189002513885,192
edccb724-f9ec-4e3e-8fac-f4ff87e90382,764b887c-0f76-4dbe-8fcb-1a144f07cbcd,7935862.973990197,7935865.413561928,7935873.415429956,1743,200,2.4395717307925224,8.001868028193712,176
82eb681a-62d6-4923-b93f-146b9bd2a04c,38bd04e6-cb8f-4c97-a175-530eaa1094b0,7935806.974300969,7935863.167658454,7935874.308347942,2162,200,56.19335748441517,11.140689488500357,176
180d22f6-3b9b-4bfe-b030-b4ac80ee28a3,df0744dd-23a1-49aa-a465-e4b3a210dd4c,7935849.974778314,7935863.421769484,7935874.359243908,537,200,13.446991169825196,10.937474424019456,288
939c29b3-76d8-4f5e-a62e-5c421ce9ede9,06312fd4-a78a-42c6-96c4-a5088cfcc81e,7935861.974429247,7935865.394319015,7935874.44485093,3175,196,3.41988976765424,9.050531915389001,160
d2ca580d-06e6-479e-9a2b-82c51f6e75a5,9275074f-0819-42b2-9e68-2fb2aa8483cd,7935862.973986286,7935867.036291592,7935874.484656626,3052,200,4.062305306084454,7.448365034535527,176
4e316d23-a119-44e8-ab17-22321778a4fc,df9cc1db-7d23-4d29-9fcc-95eba2a3ea5a,7935862.973992415,7935866.67734422,7935874.6888942085,5746,200,3.703351804986596,8.011549988761544,192
f6375949-0075-4e3c-9c22-a151d9d9e279,07b79031-0347-442e-a431-2cc169be4fbc,7935849.974774775,7935863.757890987,7935874.696972046,2039,200,13.783116212114692,10.939081058837473,192
b58fc7d3-ab02-482b-a969-0bb5396c4aa9,4badfb68-cc71-43fc-ae4b-f30cf995fe2a,7935864.973839587,7935867.520848344,7935875.029233128,2861,200,2.547008757479489,7.508384783752263,192
fa7316b0-16b0-45ba-97d7-1782102e8e45,78c7ebb0-2d9a-4cfc-adc9-dc9ee1c4eab2,7935849.974787852,7935864.595647549,7935875.541976527,5559,200,14.620859697461128,10.946328978054225,16
e60055a9-594c-4daf-bdb0-e15845c2d6ef,0dd0cb6e-80c4-440e-9e94-a75f9c044e6c,7935864.973845972,7935867.765222146,7935875.795828378,1518,200,2.791376174427569,8.0306062316522,192
cd8dd586-9dcb-44e6-87b4-23729b413b69,096de4a6-59ff-48ea-a5bc-74fe92e53140,7935866.974534597,7935867.78988711,7935875.818067684,2077,200,0.8153525125235319,8.028180574066937,1920
4bd0a3e7-03ba-48f4-9ae8-e9ef010e9758,b6d0191d-230c-484f-8de2-79d96d0d39c7,7935862.973976989,7935867.888212776,7935875.9045629315,2951,200,4.914235786534846,8.016350155696273,160
65133695-4eff-49da-8115-a780f0a66092,5941b2d9-9a78-4657-b188-6c93d0e82645,7935849.974760479,7935865.383113402,7935876.337458164,5651,200,15.408352922648191,10.9543447624892,224
c4b75f6a-5494-4c33-8c3b-0b531cae35b0,644cffe6-f7e2-45fc-8b1e-a5ae777f772e,7935866.974538625,7935869.965879683,7935876.676565863,5856,200,2.991341058164835,6.710686179809272,176
362c1151-571e-4371-b711-b7171d0a28e0,0a12384f-0fb8-4809-b8db-e918b89100c7,7935849.974781707,7935865.760218985,7935876.719772317,2525,200,15.785437278449535,10.959553332068026,176
39d8ab53-5f04-4273-a33a-f72eefea33fe,3cc8072d-46b6-40b5-a71a-afefedb345af,7935863.973988593,7935869.4743079515,7935876.730604557,3231,200,5.500319358892739,7.2562966058030725,192
9b7a1d87-9489-46d2-88aa-1717b1094436,047bea13-6787-41b6-a5a4-e3a836c6c6ca,7935808.973996478,7935866.072078242,7935877.249400044,2561,200,57.09808176383376,11.177321801893413,160
2f5c2868-a8ea-4f94-ac1e-339557bda2d1,8987c78d-2347-4b22-8be7-d483fce491ca,7935858.973966324,7935866.7735715965,7935877.610715438,2277,200,7.799605272710323,10.837143841199577,176
d8146d46-b383-4a68-b3f3-4c454e527f8c,383fe816-1603-4be4-bd50-ca1ab0a1996d,7935866.974544877,7935870.036280975,7935877.80976054,2524,200,3.061736097559333,7.773479565046728,288
98faaa08-841c-4404-8ec3-cf015f0f8cbe,2dbf224b-17cd-4061-a60e-d8b8bf91c15a,7935808.974004226,7935866.845229514,7935878.039242439,5435,200,57.87122528813779,11.194012925028801,192
49114abd-457e-4822-bc54-5bc452f3cb6d,b024f549-cde7-4f5d-99e0-1fb22ccdcca4,7935866.974523793,7935870.54192739,7935878.597636863,2709,200,3.5674035968258977,8.055709472857416,160
4895fddf-7b34-4c2f-8df1-15cd04859917,937c7008-06a1-4543-8676-6f44a8fe2de3,7935808.973986045,7935867.466286475,7935878.638337893,4783,200,58.49230042938143,11.172051418572664,160
854f0f6b-3c14-4d91-8657-c2c98ef69fba,5e171af4-e00a-40d3-8551-bf2d4d91992e,7935868.974292511,7935871.238122524,7935878.916188013,5976,200,2.263830012641847,7.678065489046276,176
d81510be-3d46-4503-8f7d-43d477581847,c1017aac-714c-4899-a365-4481a7efceb5,7935866.974548012,7935871.542509772,7935879.090461339,3941,200,4.567961759865284,7.54795156698674,176
292757e4-02c5-4890-bd83-6578ba142d14,965290f7-a7b8-4bd2-bc07-c9e4b41a7dd3,7935866.974541919,7935872.467713478,7935879.497500177,5846,200,5.493171558715403,7.029786698520184,176
08ce19cc-1aa8-4536-a4d1-0e026da1631c,0e5901a7-c94f-45c6-bcbc-a7ef22f161d4,7935859.974633736,7935868.99225077,7935879.836913912,1876,200,9.017617034725845,10.844663141295314,160
6ceed70c-5681-40aa-96fc-a632c2eb7557,f64c4c2a-5014-4e08-b0bf-86f57718b601,7935868.974278392,7935872.546698368,7935880.056069848,1638,200,3.5724199758842587,7.509371479973197,192
b5ebbc5d-87d2-41c2-8f3b-7ad7ae49fa3e,a0c71312-2b96-472c-8ed1-c64a53fe3235,7935870.974147737,7935873.107486318,7935880.201804073,1012,200,2.133338580839336,7.094317754730582,160
71de2928-ac33-44ca-aaa8-28db27d1943d,a95d4290-526f-498c-bb05-5a23a8195ec0,7935859.974630611,7935869.404203927,7935880.274037415,2779,200,9.429573316127062,10.86983348801732,160
c6161f58-590a-41d4-89b5-49f34e8c005e,a863f06a-1dc1-4688-946e-30c3758ebea2,7935870.974169091,7935873.8879619455,7935880.584194213,1961,200,2.9137928541749716,6.696232267655432,224
182df997-a9ab-4ad7-9a86-22d7043e6d03,1152561f-8ae3-4e14-9371-b4b07fd47f9c,7935870.974172697,7935874.232190709,7935880.771849933,1429,200,3.25801801122725,6.539659224450588,224
6b8a3887-0b24-4517-a586-01989f9830ac,53af0820-ed9a-40ae-a494-25d54b4c12a6,7935870.974163827,7935873.970786494,7935880.82626318,3567,200,2.996622667647898,6.855476685799658,192
42460f7e-f520-49bf-b5d6-0413a4418915,4de1cfe3-bafc-4c88-b75f-5e9daea7a2a2,7935859.974620722,7935870.1166280275,7935880.995200001,2186,200,10.142007305286825,10.878571973182261,176
5d411b66-59ee-41f9-8d12-4937a9977fc0,dede0210-5552-4607-8159-2fd26af2324f,7935868.974288972,7935873.095735653,7935881.060318972,1427,200,4.121446681208909,7.964583318680525,176
c50dbc53-4587-482c-9d0a-82484e0c2714,1dc18a45-9b1e-4369-9edc-0d1ebcd8ecb5,7935853.974107779,7935870.398915552,7935881.543351671,2833,200,16.42480777297169,11.144436119124293,160
09c3a33e-0329-4688-b512-a97151e03802,383fe816-1603-4be4-bd50-ca1ab0a1996d,7935853.97410412,7935870.787002984,7935881.931303322,2524,200,16.81289886403829,11.14430033788085,288
df7c3bee-e078-4c3d-93d9-fb8188090e03,da3224f5-6f28-408f-b4b6-ddd0c4795c70,7935870.974166631,7935875.27059618,7935881.9339052895,5778,200,4.296429549343884,6.6633091093972325,176
850d72ab-00e9-4d6a-b5db-464e97a42bb4,0b2debcb-f399-4d3c-89e9-0a9d700f6b3e,7935870.974159799,7935875.052154906,7935881.95428207,5969,200,4.077995107509196,6.902127163484693,160
3e90fe34-8183-4878-ad84-65703f116a24,74f34492-f3fe-4345-b7a4-517983671cc4,7935812.97396581,7935870.95007475,7935882.10956328,1071,200,57.97610894031823,11.159488529898226,160
739c479a-9a66-4a54-8ae7-22e47ece8501,9e1f8095-8e1c-45e5-95bf-cc2fa1c68f3f,7935814.974699373,7935871.566705795,7935882.718133894,4675,200,56.592006421647966,11.151428098790348,192
b83f4f7e-7a6d-4be0-943d-785f008432c0,904fe956-8d0d-467a-b6bb-0633305ea8f5,7935872.973927427,7935875.775622605,7935882.747802007,5877,200,2.8016951782628894,6.972179401665926,224
b4b59ed9-6370-402b-a22b-b39531d75d17,f88bb08c-4a52-4a43-a69a-b3b68f451538,7935853.974110756,7935871.652567781,7935882.821257106,6228,200,17.678457024507225,11.168689325451851,224
14c032ba-2347-450a-bd02-3551df737ae3,d5ad65c6-0df2-4a3a-86b9-c36c3ec13993,7935814.974715442,7935872.356228082,7935883.5208626855,5810,200,57.38151264004409,11.164634603075683,192
128a644b-859f-4098-bea5-20e5f5351c03,01c8ba73-1c5b-47e5-bcfb-ddb1e4905c2b,7935853.974094755,7935872.492956731,7935883.648358931,5766,200,18.51886197552085,11.155402200296521,160
b5f08d63-e554-4a3a-abbf-2409d0d75d48,e90299f6-57f5-4b5e-8152-c30f4c5c2d66,7935872.973917876,7935875.9361478705,7935883.706149939,925,200,2.9622299941256642,7.770002068951726,176
33798b4e-9d8d-447b-aa4f-55bd786ecbdc,6dac39d7-6c17-45bc-aff3-f0b80b131575,7935860.974505433,7935872.8261805875,7935883.713054159,1944,200,11.85167515464127,10.886873571202159,176
d3f990ba-5d61-4228-9eb7-3e7e2c175166,2f38c29f-bc9e-4bc5-99c1-7fd57e50a30c,7935814.974725635,7935872.631088255,7935883.793217044,2269,200,57.656362620182335,11.16212878935039,160
ba424a95-cfc5-4dc5-94b6-7d1999b8c02a,641a35e5-6f76-4ab0-9200-900f50fee312,7935814.974718604,7935872.964305747,7935884.126457419,2586,200,57.989587143063545,11.162151671946049,176
bb358969-ef62-4b4e-a162-509e7a50cb26,bf2c9de6-a904-45db-bddb-fbd2e015a190,7935814.974728888,7935873.1756068375,7935884.34743093,1461,200,58.20087794959545,11.171824092045426,192
b1703cd6-9353-44fe-ad99-5342816f30ea,f88bb08c-4a52-4a43-a69a-b3b68f451538,7935814.974721967,7935874.150537413,7935885.224098237,6228,200,59.17581544537097,11.073560824617743,224
e15cb281-9333-4427-bc59-d3760bb4d4f6,77e7c157-4bdc-42fb-8f26-344afffd4b77,7935860.974501847,7935874.20794682,7935885.33654041,6012,200,13.233444972895086,11.12859359011054,176
865b7460-4bfe-4b20-833a-8430a7e748c7,0a12384f-0fb8-4809-b8db-e918b89100c7,7935864.973831223,7935874.256796226,7935885.389660333,2666,200,9.282965002581477,11.132864107377827,2480
6ebdcdc7-f4ed-4b73-b99a-77247478b060,39bc6c25-b2be-478d-9919-83b0de268d70,7935874.975154105,7935877.690769078,7935885.476269905,5928,200,2.715614973567426,7.785500827245414,160
6e2a30df-a3ea-44cb-aff9-c05cd8a2c56c,95a97b7f-b9b9-4ff5-b501-08226dc92408,7935874.975169478,7935878.843493298,7935885.873145322,5754,200,3.8683238197118044,7.029652024619281,1152
0a8f493d-9e67-4d09-b9d7-933bc628a67f,156e4c45-4731-41f8-af7a-2245be51116a,7935820.974503552,7935874.883337842,7935886.010957712,5913,200,53.90883429069072,11.127619870007038,176
7a439e59-714e-4a11-b026-7532963cf455,54817b76-e7bc-4b7a-abc8-5a293f291076,7935874.975172674,7935879.488767516,7935886.084143356,5914,200,4.513594841584563,6.595375840552151,192
a6a5ba33-68ef-437d-9cab-352edc390d5f,f16bdfcd-0419-4038-bc3c-4a3e2f4c0f7a,7935820.974519763,7935875.6740514375,7935886.793348915,5881,200,54.69953167438507,11.119297477416694,160
7bfc3462-a037-4bfe-989c-b3612c2009a2,06fc1b29-ed92-49b8-98c8-5792e32d0ecd,7935820.974529419,7935876.235876739,7935887.354407201,3981,200,55.26134731993079,11.11853046156466,160
dc0701b4-e243-4c4d-855c-3bbd8d95fad1,6d17f320-f4be-4fd9-8926-c85f69e9bb80,7935874.975165047,7935880.054140038,7935887.731646971,5790,200,5.078974991105497,7.677506932988763,224
6f77c101-4549-4156-a215-89bb1323fdd7,11b7d389-ed5e-43d8-b78f-6154624895fe,7935820.974516332,7935877.0321358,7935888.140872719,5865,200,56.057619468308985,11.10873691830784,224
3ffa5d85-4edb-4199-b34c-59aa5706a72e,bf3576f0-1508-41f7-9a01-7c035b15e907,7935869.974629987,7935877.574547752,7935888.545385313,6631,200,7.599917764775455,10.970837561413646,192
a0370fb1-ba77-4e40-b781-f36a14a270b2,eaf119a5-4710-4ef6-96f9-c67f053ee28e,7935865.974043155,7935877.774965667,7935888.641563519,674,200,11.800922512076795,10.866597851738334,160
d8b7455a-3416-484e-bc8d-fcf442e58ee2,97ad3f12-85c7-44bc-b969-699e6ef5da09,7935878.975744877,7935882.083298579,7935888.889787384,4074,200,3.1075537018477917,6.806488805450499,160
402bdd07-010a-46de-9369-1ed4a338c0cb,d3d0040a-4b55-4d35-b6ff-f594d1873706,7935820.974525864,7935877.799230381,7935888.907962707,5921,200,56.82470451667905,11.108732325956225,176
4143982b-8bf6-4fc2-9855-d63792a74ee6,f76488c6-8ad5-4bcf-b4de-98e28d0c5d12,7935865.974028464,7935878.154637279,7935889.036190905,970,200,12.180608814582229,10.881553625687957,192
2b2e80ab-17be-450c-b884-37460b39974e,eebb2bf9-1068-482e-b93b-f5660953911a,7935869.974633171,7935878.588513791,7935889.5078566065,1743,200,8.6138806194067,10.919342815876007,224
f798e388-5b27-4810-a251-053f0fe6b7e9,7fca321f-d32e-47b6-bc07-6471abedc94d,7935820.974522817,7935878.578710137,7935889.680274195,5994,200,57.60418731998652,11.101564058102667,160
55d174da-467e-49f5-b92c-a7622fe1cc59,e9bc7a92-eadd-413c-b3b9-622476997ae1,7935822.973911326,7935878.84922964,7935889.9503209265,2493,200,55.87531831394881,11.101091286167502,160
0e2357e4-1421-4496-8cdc-25a7e3faa310,0038992e-64f0-433e-82d3-367cf8fa2c76,7935880.97415826,7935882.508969983,7935890.331967972,4114,200,1.5348117230460048,7.822997989133,160
038cc9fd-7ac7-46ac-8cd1-bfa18aebe25f,34bb8fa8-0277-4f1b-b7c2-92303cd5bbb5,7935876.974954456,7935880.845139662,7935890.334948361,5962,200,3.8701852057129145,9.48980869911611,160
deb18b95-ef1c-41a6-a369-d49952f9877e,2e9ef113-26ec-4798-9566-b37d540bbb58,7935878.975747931,7935882.33603317,7935890.550368023,6568,200,3.3602852392941713,8.214334852993488,192
978e2604-4963-44c3-b5b9-b4c707f122c4,410e174c-4bcc-4323-abfb-461a0b1dfecd,7935822.973913728,7935879.690546035,7935890.790168277,5882,200,56.716632306575775,11.09962224215269,160
6e165098-1167-4c0d-bc39-f972634c923a,7f600648-e3b8-4d8f-965e-8a52d4e10df9,7935865.974039612,7935880.019985453,7935890.903187523,5836,200,14.045945840887725,10.883202069438994,224
ea0f83cc-1afb-4736-9f1c-63e03286ecbc,50c3eb60-67c0-42ee-825a-0f8ce134459c,7935876.97496543,7935880.398829294,7935891.106387303,2255,200,3.423863864503801,10.70755800884217,192
2dd54029-9be2-41e1-9729-10f9aed81c6c,035c2af7-1db2-46bd-85ea-71ff7e3a5dc7,7935881.974025765,7935883.069564723,7935891.159151564,4066,200,1.0955389579758048,8.089586840942502,192
8c2fe0c4-0eb9-4edc-a639-06541cba907f,0f6c5a93-10f9-4b02-9ff1-2658d58e056c,7935876.974968579,7935880.590066406,7935891.369801993,1129,200,3.6150978272780776,10.779735586605966,160
c549ab57-77ad-41eb-9c24-70e469964dc5,8a1dd802-aa0a-410a-a3b6-cded00117fc8,7935869.97461976,7935880.924859828,7935891.733540204,2261,200,10.950240068137646,10.808680376037955,224
b78e84ce-fad3-497a-b44f-4e3b5eb13e65,9e4a66fd-e0ca-44f4-a552-5097141dcc11,7935880.974144691,7935884.537618081,7935891.896130516,5305,200,3.563473390415311,7.358512435108423,176
9527befb-3d7e-4d6b-a788-1950c015d1d4,91152587-decc-47ab-9f6b-e6eb00d2bbdb,7935881.974038594,7935883.847572382,7935892.027505952,6465,200,1.8735337872058153,8.179933570325375,192
235c3628-e05b-4bdc-a838-78e322f58707,ee3f178d-873f-4ae5-81ad-c50bc746de6c,7935878.975736022,7935883.112270781,7935892.087367271,538,200,4.1365347588434815,8.975096490234137,192
8d6e24bf-8f2c-441b-a37d-80377fdf250f,18a3256f-2391-44cc-8b21-9f9538eff167,7935880.974161853,7935883.227555162,7935892.223414957,5967,200,2.2533933091908693,8.995859794318676,176
cc9262e8-55a3-4225-b076-c6911a46cc65,11a2967c-8c37-4e82-b852-df78459a03a9,7935869.974635697,7935881.4887050325,7935892.281705852,419,200,11.514069335535169,10.793000819161534,160
22290117-4bd1-40b2-9017-1187093b8e1a,18f863ed-97ca-4066-89d0-577bf721924f,7935882.974581615,7935885.925786164,7935893.0155141475,5929,200,2.9512045485898852,7.089727983810008,192
aba18b60-ebe2-4bba-949a-3f2c2c9dbf97,583eb43e-4777-43dd-b3ac-37d66ab778b1,7935867.974025212,7935882.132868262,7935893.043018108,5798,200,14.158843049779534,10.910149846225977,192
3962e67f-1e95-43c3-a339-4f0d15dd9081,5531c795-4c92-4efe-93f0-ad80b9b2f5cf,7935881.97404271,7935883.899014751,7935893.150260141,5831,200,1.9249720415100455,9.251245389692485,192
298d7d22-4e58-498d-b82a-c875c1d81690,b3f7ad05-2009-4188-bbcc-48140f3b358f,7935867.974034901,7935882.954628169,7935893.870023115,2001,200,14.980593267828226,10.91539494600147,176
f04cb72c-4f18-40a2-8606-7242ead3cef8,0fb71a12-500a-4889-9f08-48dec91095e3,7935882.974592982,7935885.527488495,7935893.88424511,5791,200,2.5528955133631825,8.356756614521146,224
e50b9cda-b2d2-4dab-b95b-250f2c1ef0cf,b10ff1df-1a27-4b7a-8491-ded24b953092,7935871.97411292,7935883.819302289,7935894.596377095,5815,200,11.845189368352294,10.777074806392193,176
dd0bbd6e-f15b-4499-bf23-4735ae0809a9,630b34bb-1144-46fd-8e59-e34b1de4ccf7,7935884.974202477,7935886.668603012,7935894.849892377,5416,200,1.694400534965098,8.18128936458379,192
bab04dcd-26e7-4074-aa13-96d0dbf136b8,383fe816-1603-4be4-bd50-ca1ab0a1996d,7935828.974147418,7935884.670766219,7935895.136389105,2514,200,55.69661880098283,10.46562288608402,16
945b28fa-f088-4454-b4dd-49be8e0676ec,45279b00-df84-4e7b-813d-b5d302dc8c84,7935828.974154984,7935884.724008683,7935895.166518666,819,200,55.749853699468076,10.442509982734919,160
ed65913e-6be1-40dc-844d-880ab96eb4b2,3153217e-eb23-4a22-9578-9fc2be8dea7d,7935867.974038611,7935884.547060836,7935895.47325789,5681,200,16.57302222494036,10.926197053864598,176
9015686e-ca05-4ce3-a198-c8a1ada7bfeb,f2e623bf-4085-4da8-a0e0-3eb712c8e231,7935871.974128935,7935884.746266457,7935895.523752076,5842,200,12.772137522697449,10.777485618367791,176
9bb25f82-de0a-4ab8-b189-d15f51d8c77c,efe7c577-0e24-46ab-92a1-13fce9231da5,7935828.974136157,7935885.508953588,7935895.638613223,5786,200,56.534817431122065,10.129659635014832,160
128f3672-a1a6-4c40-83b8-fa9e5e204bf3,966432a2-f3ee-49ef-9b46-d08cee8b7695,7935884.974195594,7935887.615125166,7935895.746441435,5972,200,2.6409295722842216,8.13131626881659,192
c5ee8808-9562-4979-9fea-6ced3f5e2870,4de1cfe3-bafc-4c88-b75f-5e9daea7a2a2,7935828.974151434,7935885.784407797,7935895.8058850765,2031,200,56.81025636289269,10.021477279253304,176
58b7ff17-1614-4150-a1e4-967c64598967,12f27011-1d1f-4e75-a7d0-158faedac5c8,7935830.97415928,7935886.290591098,7935896.021134358,4019,200,55.31643181852996,9.73054325953126,192
cfdd98c6-b5f4-4a2b-9f4e-4b13f6d5234b,9bb66c7b-e720-4c31-baca-a2f43672e95a,7935886.974774521,7935888.897546988,7935896.137597681,1376,200,1.922772467136383,7.240050693042576,160
5a41030a-ab68-40fd-98d6-eab31af23e8c,06fc1b29-ed92-49b8-98c8-5792e32d0ecd,7935871.974142809,7935885.333880049,7935896.136566323,4194,200,13.359737239778042,10.802686274051666,160
64159cee-326d-458e-96d7-7ee53f875aa7,3fd70b55-8038-4caa-926d-236e01247145,7935867.97404741,7935885.380709211,7935896.307186749,549,200,17.406661801040173,10.926477537490427,176
e5970e04-97e2-4980-bcd6-bf074c855df4,3153217e-eb23-4a22-9578-9fc2be8dea7d,7935830.974170424,7935887.080513309,7935896.35615539,5500,200,56.10634288471192,9.275642081163824,176
d9f0c9f3-63f6-4000-8300-8f05f2cb30cb,ffc55810-9dd4-4d11-9c4b-7896cc97951e,7935884.974199272,7935887.7300183885,7935896.415431289,5825,200,2.755819116719067,8.685412900522351,160
9800f642-bd61-48c0-8050-458930f1cc25,9b10e490-0b7e-4062-93f5-763ca32328dc,7935871.974135646,7935885.649464733,7935896.470228751,2227,200,13.675329087302089,10.82076401822269,176
8724ad89-e9cf-4aab-a660-c7a8f648a6c9,979aa3f6-f609-4613-92f5-7fd412266151,7935883.974420319,7935887.514756382,7935896.657209589,5732,200,3.54033606313169,9.142453206703067,160
ad5cb316-6c50-4b9a-9643-0b6d20f6c9a3,d2f98f69-9db6-4ca6-ab3f-4fee73d2fcbb,7935830.97417694,7935887.411975868,7935896.816229189,2798,200,56.43779892846942,9.404253320768476,176
3b1b5803-a0d0-417d-864a-3adcd2756b42,ed6fbd43-efd1-4415-8aa9-6d1c4533dabb,7935886.974785663,7935890.394743495,7935897.1000944385,5901,200,3.4199578315019608,6.70535094384104,176
0fb43025-8bdc-48b6-b90e-5f7a4be930f4,7fff0f4d-cd62-4d33-8e09-009989025b4b,7935867.974042113,7935886.259599609,7935897.184631342,5899,200,18.285557496361434,10.92503173276782,176
48d3e65f-a003-40e2-a9e3-7a5f6711e33b,961158f4-59d1-44e2-aa5a-ebdcb33cc610,7935883.974429843,7935887.795901351,7935897.271358076,5826,200,3.8214715076610446,9.475456724874675,176
99994c80-2bcc-44d7-a9e6-dd199b4e8f97,b3ffd0fe-a17b-4314-8444-c54bf3c9afe5,7935884.974183946,7935887.780519727,7935897.334102228,331,200,2.8063357807695866,9.553582501597703,160
07d94fe3-155c-4a2f-83ec-cb08cfdd65b5,1459b68e-f660-4e66-83c5-c861ebfa7b52,7935871.974139061,7935886.509974685,7935897.370836358,5881,200,14.53583562374115,10.860861673019826,192
dcd51df0-406c-4d64-80d1-bb9d9255681c,06d0f3b9-c52b-463c-87aa-ac543747aba2,7935871.974131933,7935886.615749557,7935897.485741009,878,200,14.6416176231578,10.869991452433169,160
c4e41ac0-000d-486e-8049-906a77cd87ce,fdc227b0-6b16-435f-95a4-a55419769f5a,7935871.974125369,7935886.772064542,7935897.654193615,1302,200,14.797939172945917,10.882129072211683,160
7f507fae-4e7f-4e65-892a-434fa07bf9d5,641a35e5-6f76-4ab0-9200-900f50fee312,7935884.974205843,7935888.129154804,7935897.81560657,2597,200,3.1549489609897137,9.686451765708625,176
8354de56-d48a-4633-8372-3e592350ecac,a95d4290-526f-498c-bb05-5a23a8195ec0,7935883.974405428,7935887.868742616,7935897.843221857,2847,200,3.8943371875211596,9.974479241296649,160
ad4b1f2b-eba5-4302-8c4c-91f975dc9f14,e495b9a6-189d-4aee-bef9-48cf6c56835e,7935883.974423687,7935887.941941731,7935898.015619179,479,200,3.967518043704331,10.073677448555827,160
13e2de2d-1c56-4d0d-8f41-2fd9fe13aff0,87790c2b-aa62-4df2-9e78-4b07d45b22cf,7935867.974050534,7935887.071603439,7935898.014856738,5860,200,19.097552904859185,10.943253299221396,224
965e5820-f223-4266-8a82-85c00516ad0b,9b10e490-0b7e-4062-93f5-763ca32328dc,7935830.974174126,7935887.746754178,7935898.0961305825,2220,200,56.77258005179465,10.34937640465796,160
86361bdd-cfc9-4156-9c13-4648b2680539,e2db953a-3b42-4c69-8094-c08e5f2f1e07,7935883.974416357,7935889.2010248,7935898.115283188,1557,200,5.226608442142606,8.91425838880241,192
1e68d080-4ee0-4b4b-8a84-f800a64ae120,e8aec464-55fe-4709-9173-dbeae0bf8f34,7935867.974044868,7935887.452279779,7935898.371772547,2775,200,19.478234911337495,10.919492768123746,192
c27faaa7-c0c5-47e7-b2ab-4c245b4d49b4,ecf1639d-7d01-4ec2-989b-319b083d49e3,7935883.974426963,7935888.8656202415,7935898.38718012,5859,200,4.891193278133869,9.521559878252447,192
7f638a35-ead1-457b-aca0-d453466193cf,6a54a866-8f11-4918-ad94-a31e5ed06135,7935888.974270759,7935890.163255898,7935898.924266607,470,200,1.188985139131546,8.761010708287358,176
7c367645-db04-4e9b-8fc7-b2df513c0fb3,06312fd4-a78a-42c6-96c4-a5088cfcc81e,7935886.974763967,7935888.654321319,7935899.07626703,3365,200,1.6795573523268104,10.421945710666478,3168
a2fa3d03-3b70-4523-ad31-075ff377ae88,26246547-489c-4bf5-a461-7a53ca519d6a,7935848.973993369,7935890.682991867,7935900.080041773,1173,200,41.70899849757552,9.397049905732274,160
4f637c2a-0394-4bbc-8118-16d1426ea7ee,bee5e930-99b4-4b1a-8085-5d0945f9389e,7935890.974347068,7935892.927512404,7935900.668554803,3858,200,1.9531653355807066,7.741042399778962,192
6a961d63-fea3-4b5b-a178-03561f0aa0af,afd76ba8-dee7-4f83-b1dd-08d1d278d296,7935886.974782243,7935889.8724738,7935900.7702052,5857,200,2.897691556252539,10.897731400094926,176
9b03693a-05a4-47ec-b2db-b48781392b8b,36ee2f53-b294-4c6e-a24e-02cef72af9a7,7935888.9742605,7935891.8007344175,7935900.965349179,5944,200,2.826473917812109,9.164614761248231,192
1eeac98c-6e21-4817-b694-898dec56468f,576e478b-c34e-41ac-b6c5-ffe5ab41a267,7935850.974628549,7935893.218226968,7935902.1541971695,5995,200,42.24359841924161,8.935970201157033,192
bba7cd9f-64a6-480c-9767-53e7aaef45fe,3e480c2f-1023-4d91-88fa-a8b489c3d9c9,7935850.974639083,7935893.382420382,7935902.227919894,1121,200,42.407781299203634,8.845499511808157,176
c06dbe04-fba6-4969-a02d-cf767fb483af,4b849273-34b2-41a7-a754-161f75c4d8a1,7935850.974631745,7935893.552104723,7935902.307026807,1413,200,42.57747297734022,8.754922084510326,160
d5bbedf0-15b4-42e9-8975-d4a4abc17f8e,937c7008-06a1-4543-8676-6f44a8fe2de3,7935888.974277389,7935893.743933866,7935902.342139777,5190,200,4.769656476564705,8.598205910995603,160
ec60e3e8-2612-481e-b0e0-99ea118b1f4a,fbea4e9e-c510-4c9a-8e1f-ca6073d14deb,7935888.974274581,7935892.921549803,7935902.415027534,5980,200,3.947275221347809,9.493477731011808,160
f807b6fb-195f-4a2f-9274-ef5ff5e6ad75,3ae663a1-4eaa-473c-a8ca-e5ed2fd6bf81,7935886.974788898,7935891.05240458,7935902.561577718,5884,200,4.077615682035685,11.509173138067126,176
2179c6f8-3d34-4702-b780-5c70cb980d6c,23d19ba7-7bd3-4d29-b13f-0f5291c02ec6,7935873.973983634,7935891.720195484,7935902.618889784,5802,200,17.746211850084364,10.898694300092757,160
e70d6404-2694-4d59-b9a3-acd0f38fa9e5,74f34492-f3fe-4345-b7a4-517983671cc4,7935873.974004908,7935891.880151201,7935902.772970463,1348,200,17.906146292574704,10.892819262109697,160
f8f4dfcf-63d7-4c10-b997-62b3a917cdbd,6db5555c-9147-470f-bc60-d14016e9a811,7935850.974642136,7935894.514461134,7935902.8640497215,4608,200,43.539818997494876,8.349588587880135,176
5c1937d7-73e4-4f61-ae88-8ed4a6023d71,45279b00-df84-4e7b-813d-b5d302dc8c84,7935863.973996719,7935894.520515974,7935902.871294737,819,200,30.54651925433427,8.350778763182461,816
05fa1661-4894-4ab8-871b-56cfd0cde6ee,34a3ac54-2f1b-4afb-9125-f0ecfe19b0a1,7935890.974333923,7935893.711724018,7935903.211795809,462,200,2.737390094436705,9.500071791000664,192
94d54ce0-df84-44fd-ab62-6aa9da3c131a,8a726fa4-de81-489c-98f8-8ba49638fffc,7935875.974517494,7935892.397058912,7935903.425142606,4345,200,16.422541417181492,11.028083694167435,192
0d62a0f4-8547-4811-ad38-3554ab28a34f,6582c1ba-13ad-483e-8428-492bebf8d206,7935873.973993981,7935892.877294007,7935903.725157784,5834,200,18.903300025500357,10.847863777540624,224
d4024624-286f-4347-9960-8a38d164176e,e8f6df88-143b-40ff-bdb8-5b4fe35021da,7935873.974008739,7935893.0921675265,7935903.940271095,1874,200,19.118158787488937,10.8481035688892,288
97f6e395-cd79-4f6e-b3c3-465b9d2b266c,156e4c45-4731-41f8-af7a-2245be51116a,7935863.973999691,7935895.805144599,7935904.322322819,5896,200,31.83114490751177,8.517178220674396,320
9fa5275a-7974-4182-9a57-d955d8535f3d,12f27011-1d1f-4e75-a7d0-158faedac5c8,7935864.973843166,7935895.872791335,7935904.3694924405,4245,200,30.89894816931337,8.496701105497777,3984
e7b0ef12-66fe-41bf-bf75-5d6b27310d45,b6d0191d-230c-484f-8de2-79d96d0d39c7,7935894.974758294,7935897.44744064,7935904.6748868665,2951,200,2.4726823456585407,7.227446226403117,160
1520a5ff-4796-4d7a-bcea-6cdb5d6cc4b7,e9cade69-6199-43bb-933b-bc6b3e0cf9f0,7935873.973997194,7935893.925462358,7935904.737308174,6027,200,19.951465163379908,10.811845816671848,192
2e9eb3fe-43e4-4162-9068-351e39463225,4b849273-34b2-41a7-a754-161f75c4d8a1,7935894.974749108,7935898.029879533,7935905.091117466,1413,200,3.0551304249092937,7.061237933114171,1408
55b37c95-3c37-4c6f-a004-9aa9a24a901b,a720e724-daa2-4c66-a117-9d12dcfd9736,7935894.974766608,7935897.500107221,7935905.216388014,2993,200,2.525340612977743,7.716280792839825,160
6f91ab07-990c-4d3c-b2cb-2f7a2015bca3,d9617223-3bfc-4530-a2a7-84b7fcc611f3,7935888.974280827,7935895.770412022,7935905.323151003,1727,200,6.796131195500493,9.552738980390131,0
de80966f-9b0d-4a79-8391-649f597dcf53,194a873d-95d7-4e33-8211-f30323686617,7935894.9747694,7935897.203757236,7935905.573523084,737,200,2.2289878353476524,8.369765847921371,224
67c00c14-f0b0-4ae3-b56d-ba06944efa37,39e6e02c-0a49-44e4-86c7-71fea0ddc507,7935892.974253725,7935895.649225241,7935906.410118141,3519,200,2.674971515312791,10.760892900638282,192
2db0fec5-093a-4755-b906-ebc6421cb8f9,2f38c29f-bc9e-4bc5-99c1-7fd57e50a30c,7935896.974944364,7935899.389905966,7935906.740360375,2462,200,2.4149616016075015,7.350454408675432,160
2425a4b4-40ab-4df6-9f3b-3a5e9155683b,9557c1f9-8651-4a6f-bfd3-0c96ede25015,7935896.974954556,7935899.778110398,7935907.016643007,3935,200,2.8031558422371745,7.238532609306276,192
140d148c-216c-446d-a569-353c3aff2783,d34c67c0-ca74-4c70-a28c-f7680bf83cf8,7935892.974263355,7935896.289377983,7935907.154272867,5835,200,3.3151146275922656,10.864894884638488,176
6e94d90a-1ec4-4e61-88b1-e878f1fe3358,614e6400-b3e8-4e96-b9c3-056d4cf0c685,7935877.97410344,7935896.044269017,7935907.162026269,2230,200,18.070165577344596,11.117757252417505,160
6ebbb036-52bd-4465-a59f-c76d76771fbe,8a1dd802-aa0a-410a-a3b6-cded00117fc8,7935896.974971066,7935898.729431699,7935907.673917278,2261,200,1.754460632801056,8.944485578685999,224
7b0f766e-7beb-445d-9fd9-ef26f95e836d,c7d4bf82-b656-4649-9145-d43cfcc0709d,7935896.974958323,7935899.783013701,7935907.711826112,5823,200,2.808055378496647,7.92881241068244,224
9e4660da-ab00-46b9-b156-6bfdc5c72eb6,afa96050-26e9-458e-8e99-e58a051b36a6,7935894.974763893,7935900.291399362,7935907.716039052,2294,200,5.3166354689747095,7.424639690667391,192
70647c26-12c4-41e9-8f15-b91518537d03,c2544ed7-4cc3-41ba-bc4c-4d76b48b4602,7935896.974964944,7935898.825138711,7935907.725553984,1448,200,1.8501737676560879,8.900415272451937,16
8a32482a-b744-4931-8026-cc790718db89,6a71b1b0-2834-4bc1-adb7-e8b35edf44b6,7935896.974961428,7935899.477925032,7935907.873013448,2654,200,2.5029636044055223,8.395088415592909,192
dd020a15-2aa9-4c76-8785-b0f69f155114,cfa869f2-0e7b-48ac-912f-0f1682a5bebc,7935898.974529002,7935900.739901809,7935907.8879460115,570,200,1.7653728071600199,7.14804420247674,176
fd9db2be-64ba-435c-bc8b-8c59a1e9391a,c0aa256f-23f1-483c-a314-1e45b1d0a471,7935877.974097106,7935897.348616953,7935908.120058039,2689,200,19.37451984733343,10.77144108619541,288
bab1abd7-1206-4482-857e-3649db488dda,3e480c2f-1023-4d91-88fa-a8b489c3d9c9,7935877.97408694,7935897.457970709,7935908.229434887,1109,200,19.483883768320084,10.771464178338647,176
2454ea66-857c-470b-b225-be87e2a0d869,7f6b3d68-32fd-4d79-8750-b01e8964419a,7935877.974105992,7935897.9429907175,7935908.703934276,3684,200,19.968884725123644,10.760943558067083,288
79f35098-11ac-4bfa-9644-b2d4e57dc275,0d393f18-32f7-4856-b2a3-705b9147e436,7935896.974968,7935900.684429835,7935909.295836859,5883,200,3.709461834281683,8.611407024785876,192
6bdccebd-1924-4aea-b11f-31089d105ac3,c1017aac-714c-4899-a365-4481a7efceb5,7935898.974535479,7935902.064541474,7935909.3924191445,3848,200,3.090005994774401,7.3278776705265045,176
743dedbe-5088-4fdb-965a-45c8edbe18bb,6e42a9af-cf94-46f2-8aa9-a4e990349dca,7935877.974100766,7935898.765519407,7935909.504807515,5810,200,20.791418640874326,10.739288108423352,224
e062399e-c6bb-4add-a0d6-8f0ba28e34ca,a1cef276-6150-4849-a49f-d5521b1ab18e,7935898.974545426,7935900.8467563875,7935909.743527438,1754,200,1.872210961766541,8.896771050058305,16
67ab5e35-a2b2-4725-8ce9-ff7058b4e1a1,7ecb3eec-b83e-4819-a7f9-fe7a738640b6,7935898.974552367,7935901.978404731,7935910.354162553,5725,200,3.0038523636758327,8.3757578227669,192
8e82613c-ed0d-4fdd-81aa-cb0fbe2842e3,48a73f4b-50e7-4022-9d8e-cc985d65dcbd,7935879.973940894,7935899.237526958,7935910.45505731,2707,200,19.263586063869298,11.217530352063477,192
ad94f693-ee67-4061-85fc-9028178372f4,95a97b7f-b9b9-4ff5-b501-08226dc92408,7935898.974539115,7935903.067846719,7935910.461949973,5763,200,4.093307604081929,7.394103254191577,1136
359005fd-fc11-4950-b83f-179607b373ba,c1017aac-714c-4899-a365-4481a7efceb5,7935879.973956687,7935899.788475577,7935910.51796854,3927,200,19.814518889412284,10.729492963291705,176
fdaabbcf-8ae1-49ae-b709-2643aa8a3fdc,efe7c577-0e24-46ab-92a1-13fce9231da5,7935898.974558212,7935903.311918469,7935910.583962592,5750,200,4.337360257282853,7.272044123150408,592
8d735c3c-70e8-4939-9031-3ba20a209591,0f6c5a93-10f9-4b02-9ff1-2658d58e056c,7935894.974761534,7935899.332318859,7935910.614042022,1129,200,4.3575573256239295,11.281723163090646,1120
c94b8a74-6673-4ce3-8110-0fa763c8d87b,0a12384f-0fb8-4809-b8db-e918b89100c7,7935879.973962399,7935899.560246847,7935910.785304738,2809,200,19.586284447461367,11.225057891570032,176
83037b01-97a4-4b23-bfcb-a84b9fc0b8c1,ecf1639d-7d01-4ec2-989b-319b083d49e3,7935898.974531888,7935902.265231049,7935910.810406254,5847,200,3.290699160657823,8.545175204984844,5808
254ec1f2-ff99-4642-926e-e9a4cb908cde,92a7f10e-4538-40db-8647-82796b2a10aa,7935898.9745252,7935902.823985725,7935910.89934632,5979,200,3.849460524506867,8.07536059524864,160
14dbe027-db7b-4922-8cd7-12a3df9a1662,6773d64e-c4f2-4e4b-895c-24140b31607f,7935898.974542143,7935903.726456352,7935911.084153996,5970,200,4.751914208754897,7.3576976442709565,192
b1d60c89-1a8c-4860-b050-6bc25c3c1a19,383fe816-1603-4be4-bd50-ca1ab0a1996d,7935879.973949922,7935899.948286438,7935911.184049065,2524,200,19.97433651611209,11.235762626864016,16
0d15a501-50a9-4602-8192-350188c7abc4,1cf6a300-5f01-432b-9b53-4799d42d0d63,7935898.974548926,7935903.03407877,7935911.21275533,1123,200,4.059529844671488,8.178676559589803,176
d7f859b7-3f91-4e9a-97de-21a32a7b9c7c,8263d56c-0301-4b0e-9bce-d56c30ac60df,7935879.973959924,7935900.652263428,7935911.357015718,5937,200,20.678303504362702,10.704752289690077,192
25243b12-b440-425c-ae60-2f3cd1ea0cf1,98ac192e-deec-4570-b34a-56d60e56dc71,7935879.973953269,7935900.865464434,7935911.5672515035,1836,200,20.891511164605618,10.701787069439888,192
b5a82d47-f965-401e-b36c-d706054047bd,56b64791-72e9-4353-8daa-808f7d741c64,7935898.974555356,7935903.450053772,7935911.973046716,5895,200,4.475498415529728,8.522992944344878,176
a2bb8826-05de-47f8-b54e-ff6b7f75e8f9,16e9d9d1-48cf-4b87-a42b-57a6058ec096,7935897.97404765,7935901.750955933,7935912.941463274,5848,200,3.776908283121884,11.190507341176271,192
a2793059-e473-4c08-8dc1-c5021b2eb432,ec8a2cd6-5952-45c9-940a-d0161c338fd4,7935900.973901163,7935903.968647638,7935913.144083797,6003,200,2.994746475480497,9.175436158664525,160
2f92882f-c04d-43f2-b6ae-cc49ecb1dfa3,a6ec72f4-a9fb-40e1-8aa4-10bf660619d5,7935902.974700937,7935907.069555948,7935914.755103496,4052,200,4.094855010509491,7.6855475483462214,192
6f92dfe5-4f93-46c7-878f-db70761bc1cb,bf643991-8072-4e34-aaba-6aa45667f279,7935904.974138881,7935908.272112255,7935915.828090259,1793,200,3.2979733739048243,7.555978003889322,160
ae9f6bb8-98e2-4bee-ab43-62fcb6b8b597,361d1536-ceec-424e-9ffd-3c7b29a993b3,7935904.974136051,7935908.754110313,7935916.3548952155,5845,200,3.7799742622300982,7.600784902460873,160
540eb4e3-6a0e-4b55-af9b-afedc41572b9,548fd163-71d0-4642-9386-c5a09a047dbd,7935904.97413236,7935908.459330512,7935916.823226061,4969,200,3.4851981522515416,8.363895548507571,224
265f4cf5-87f3-4334-a8e7-e71eedf5626e,e9b11554-c1de-4c15-a706-c20b8d2603be,7935885.974014875,7935905.649816842,7935916.865970615,5851,200,19.675801967270672,11.216153773479164,160
21470c5c-0b1c-440d-8c89-66fa422c10aa,e913d0bc-9409-4e00-b985-d381b49a0441,7935904.974120657,7935908.602179019,7935916.896430384,1689,200,3.6280583618208766,8.294251365587115,160
9aa633d2-7c07-4e53-8ca4-b8d00d218474,93c4c0a0-35e8-4dae-9794-e96bff496a85,7935885.974024203,7935905.868444999,7935917.092649564,1593,200,19.894420796073973,11.224204565398395,0
2abe446f-382f-45cc-addf-459b706c483b,8784904c-a70e-4603-b59c-29e3f8894e4f,7935902.9746888,7935907.992255781,7935917.1818731,5578,200,5.017566980794072,9.18961731903255,192
6eb4f351-b46b-49b7-898b-e77cf283a84c,0ef0d555-22d3-481e-b8bc-21fc0a1fb373,7935885.974027799,7935906.601082966,7935917.826935524,5630,200,20.62705516628921,11.225852558389306,192
7c7c0cda-3952-4633-b3a6-c7ff08da200b,047bea13-6787-41b6-a5a4-e3a836c6c6ca,7935885.97403206,7935907.023868438,7935918.212314993,2777,200,21.049836377613246,11.188446555286646,160
df19ce6b-584c-4177-a835-a59d90b035de,57d2b1d3-5b07-41fb-98e7-d4d6c3f432ca,7935907.97465388,7935911.56041873,7935918.480311474,5968,200,3.5857648495584726,6.919892744161189,160
21325a73-3822-4bff-a788-89177c5345d2,a32d1156-2f56-45f7-a95c-d68d29f17fe9,7935906.974149965,7935911.339291904,7935918.94657655,5870,200,4.365141939371824,7.607284645549953,192
e6588273-920e-4e4d-978b-9b9c88ac0c8b,f888da27-679c-4d6f-aa21-485a21f187b4,7935885.974034207,7935907.7843685895,7935919.022321864,5674,200,21.81033438257873,11.2379532745108,176
63208644-1ccf-4202-a1f6-9cddcf35047f,b2764794-a178-4394-bc3a-45229dfe0235,7935898.97451519,7935908.035185944,7935919.05273369,2211,200,9.06067075394094,11.017547745257616,192
da281652-f307-4276-939c-486f6ca9fa35,6c9af2b5-4d45-4f11-9012-e8457da54f98,7935906.974153557,7935911.38026104,7935919.646006614,3266,200,4.406107483431697,8.265745573677123,176
df1b7028-c0af-4e52-b12a-3eac4ff7e863,74def355-9a6f-4dea-aed5-4077f6996685,7935885.974030008,7935908.63646666,7935919.843999309,5950,200,22.662436651997268,11.207532649859786,176
7d41aea0-c3d7-4b56-8b41-ae0e2d17fc0c,69c65194-d8b7-413c-af90-cf5d54b7fb38,7935906.974133915,7935911.595152686,7935920.091840517,5864,200,4.621018771082163,8.496687830425799,192
1d0a3074-26e5-4d63-8ec5-1c692f255074,18a3256f-2391-44cc-8b21-9f9538eff167,7935906.974145511,7935912.739270232,7935920.590467801,5981,200,5.765124720521271,7.85119756963104,176
131fd4ab-ba16-43ef-9c08-110bebf74460,d6c72ceb-7174-43a1-88b3-1e71991dd8e8,7935908.973947043,7935913.950421535,7935920.962734076,5694,200,4.976474492810667,7.012312540784478,176
8be0b017-f34b-41de-8d7a-a737c8a854a4,644cffe6-f7e2-45fc-8b1e-a5ae777f772e,7935887.974504911,7935910.41441413,7935921.042643133,5827,200,22.4399092188105,10.628229002468288,176
441e247b-5542-4058-8fe2-9f39982d9b2e,b339d958-9b9a-4296-9c52-77ff5ebf01d5,7935887.974528091,7935910.937889363,7935921.54717036,3452,200,22.96336127165705,10.609280996955931,192
6b1839ca-1902-403c-b153-840a6502104d,01c8ba73-1c5b-47e5-bcfb-ddb1e4905c2b,7935886.974778563,7935910.454379742,7935921.653134809,5766,200,23.479601179249585,11.19875506684184,160
9c408e9a-9705-429a-a662-3083b20e054b,8b412ed6-84aa-4ec2-9281-40208ff1b4a4,7935912.974295908,7935914.7421868965,7935921.7448683735,546,200,1.7678909888491035,7.002681476995349,224
b9a0cdce-00e0-4ce6-b21c-5f239bd6afce,11b74fff-cb08-46c0-b07c-43771f2785fa,7935910.974368354,7935914.119225787,7935921.864582606,863,200,3.144857432693243,7.745356818661094,192
1fcb695f-5355-41e4-a906-b64dd16a790b,4de1cfe3-bafc-4c88-b75f-5e9daea7a2a2,7935887.97452121,7935911.252067977,7935921.876168885,2184,200,23.277546766214073,10.624100908637047,176
8b73cf7d-73c0-46ea-9463-01139a0b2ba0,9c642a25-cabd-44b1-88b8-98eaa23c9be3,7935910.974358663,7935915.068398067,7935922.291824587,5508,200,4.094039403833449,7.22342651989311,192
47feeafb-8082-4dcf-b172-3d88cfd13c5b,11b7d389-ed5e-43d8-b78f-6154624895fe,7935887.974525024,7935912.163320736,7935922.787577998,5676,200,24.18879571184516,10.624257261864841,224
00d78384-5c8b-406a-9202-9adf9d472f5c,6373bd4f-7ecf-4f59-8cd0-cf0889386d97,7935900.973916169,7935911.849402478,7935922.93502227,677,200,10.875486308708787,11.085619792342186,192
7422d9d6-29fd-4032-92ea-618800e458e0,e7496e05-d4a7-4d53-8d10-3adebad8c63e,7935912.974303017,7935915.907727706,7935924.1625553835,5095,200,2.933424688875675,8.25482767727226,176
bc781dae-ada0-4887-979e-c11430abd7b9,995b512b-75be-4e4a-842c-d44fe43bcbfb,7935912.974288443,7935917.227120584,7935924.383943036,3301,200,4.252832140773535,7.156822452321649,224
e1d5bffe-44aa-479d-84ed-6491da56c74d,2c929018-1efb-4278-a9f8-81ffee848167,7935912.974299802,7935916.41224114,7935924.443537425,4832,200,3.4379413379356265,8.031296284869313,176
d461e6c9-946c-4efb-912f-72caf1f12019,03c8099b-ba1e-4020-a5bd-a611370f36cf,7935912.974284357,7935917.6485233,7935924.489637789,5738,200,4.674238942563534,6.841114489361644,192
8e544534-d953-49b9-840c-c1e72e553d07,11a2967c-8c37-4e82-b852-df78459a03a9,7935889.974286024,7935914.889776306,7935925.530766403,498,200,24.915490281768143,10.6409900970757,160
73908a78-a085-4604-b64c-d32761a1fede,deefa634-0664-4fee-b571-ee928bcdcb5d,7935908.973958225,7935912.378372704,7935925.714087189,3207,200,3.404414478689432,13.335714485496283,192
bd720449-5287-482f-b63b-3a72fb1fbea2,383fe816-1603-4be4-bd50-ca1ab0a1996d,7935914.97413782,7935917.928329952,7935926.079535637,2590,200,2.954192131757736,8.15120568498969,16
3b6efaa5-4023-48a3-b5ae-2fdb05ff6d04,8d0d672b-a7b3-4430-b510-6bdd1d8bb4c1,7935912.974292164,7935917.819523039,7935926.139641184,5875,200,4.845230875536799,8.320118145085871,224
be957f5c-cf27-4388-867b-426f3413f69b,45279b00-df84-4e7b-813d-b5d302dc8c84,7935914.974162346,7935918.0717377355,7935926.26878165,819,200,3.097575389780104,8.197043914347887,160
0196215d-7df0-4837-bbed-ed771e3f7358,674c51c0-f4d4-4007-888b-ab7031140fb5,7935887.97451734,7935915.346425259,7935926.584714731,2738,200,27.371907918713987,11.238289472647011,224
d1da1a94-3514-4ff2-a70a-88c1ccdf0964,ddab7268-983e-4382-b5cd-d0c1c556d1d2,7935889.974302447,7935916.057298206,7935926.707075419,1923,200,26.082995758391917,10.64977721311152,176
a1c9b4be-9cbd-433c-bca2-f0c2a7c700e9,4badfb68-cc71-43fc-ae4b-f30cf995fe2a,7935916.974523286,7935918.708342609,7935927.0321050575,3060,200,1.7338193226605654,8.323762448504567,192
ce8718d0-36fc-4d58-91a1-4ffd895361ec,8a726fa4-de81-489c-98f8-8ba49638fffc,7935916.9745403,7935919.1458498575,7935927.239171292,4487,200,2.1713095577433705,8.093321434222162,192
2d778823-530c-4a6c-96ec-087a886f93f9,9275074f-0819-42b2-9e68-2fb2aa8483cd,7935916.974545862,7935919.4350500805,7935927.379687548,3256,200,2.4605042189359665,7.94463746715337,176
21fa4c88-c11a-41ce-83e8-c045f9717c8c,a284dc61-34eb-45cc-857a-6a8eab8536a1,7935889.974298674,7935916.788712932,7935927.443092566,4561,200,26.814414258114994,10.654379634186625,224
d668ec8e-e78c-4808-a0c1-20343008d4cb,c1017aac-714c-4899-a365-4481a7efceb5,7935916.974549269,7935920.085423258,7935927.64394848,3754,200,3.110873988829553,7.558525221422315,176
9fd43d0b-489e-42d6-b469-8fe7e04f6142,afa96050-26e9-458e-8e99-e58a051b36a6,7935916.974543193,7935920.088641116,7935927.646566699,2294,200,3.11409792304039,7.5579255828633904,2288
2d022cf0-a0ec-4976-9ed9-47aeb502d0e8,764b887c-0f76-4dbe-8fcb-1a144f07cbcd,7935914.974159355,7935919.464860326,7935927.668468265,1948,200,4.49070097040385,8.203607939183712,176
04a0e2c3-8639-4fd3-ad25-16f0b38577f9,bb6f0502-2197-4ee3-b8a1-b1060a43622f,7935891.974619787,7935917.058729573,7935927.706221343,1323,200,25.084109785966575,10.647491769865155,192
6db07936-f5ca-4be8-b8d7-81fa62e8bb39,8f74c273-3def-47ea-8e27-63467cdcf042,7935891.97463302,7935916.92166586,7935928.127035242,2076,200,24.947032839991152,11.20536938123405,192
2ad6525e-2160-48f0-926e-0b97f1802321,f18570f2-d4a3-4893-9ffb-be09b490d0dd,7935891.974638062,7935917.792636937,7935928.470693255,5370,200,25.81799887586385,10.67805631738156,224
432c8ed9-80ac-4ee8-9469-2da271dd0585,e839419a-835c-4bf1-af83-436ccab8d728,7935914.974155788,7935919.272313407,7935928.499303458,2859,200,4.298157618381083,9.226990051567554,176
d7cc2dec-ef65-4435-bc3c-ffb5b084ff85,42f81ecc-70f5-44f6-9811-7ef3b617ba73,7935908.973961675,7935914.71982686,7935928.601881492,2304,200,5.74586518574506,13.882054631598294,192
492a400a-2765-4df2-aff6-46b76f36b287,a99e74fa-c07c-46d6-bc02-1eabac116d61,7935914.974165538,7935920.095697142,7935928.911469394,5916,200,5.121531603857875,8.81577225215733,192
32b125d4-e877-4adc-ab58-e2ea276dc225,194a873d-95d7-4e33-8211-f30323686617,7935918.974131967,7935920.203316995,7935928.943175998,737,200,1.229185028001666,8.739859002642334,736
8ba85242-5a69-4f10-bbef-20fe6b6d9ffe,2f758670-b8ed-4ec1-862e-affd9609923b,7935901.974574256,7935918.1798085645,7935929.186766047,4458,200,16.205234308727086,11.006957482546568,192
402ca1ed-10e5-4f2c-8b76-c807dfd24e4a,bc3c695a-dbbe-46c3-b730-f17bff089f3e,7935891.974635432,7935918.601721964,7935929.272393938,5816,200,26.6270865323022,10.670671974308789,224
3f0f2b39-ef6b-4c3a-9c84-f758581e0f37,06312fd4-a78a-42c6-96c4-a5088cfcc81e,7935916.974536209,7935921.573217072,7935929.471755418,3802,200,4.598680862225592,7.898538346402347,160
bfdd656f-7fea-43f1-b7e7-5a7dfc978a55,12f27011-1d1f-4e75-a7d0-158faedac5c8,7935901.974592476,7935918.828564932,7935929.81537199,4438,200,16.853972455486655,10.986807058565319,192
14204ecd-a13f-4428-8684-fd6b6323eb4b,3fd70b55-8038-4caa-926d-236e01247145,7935893.974782302,7935920.554254157,7935931.19501325,549,200,26.579471854493022,10.640759093686938,176
49028b61-f5d5-4fee-8d37-3bebde2b4aea,f339d9b9-7381-4c9d-b89f-c7af823b7ea2,7935918.974139491,7935922.54984902,7935931.673689732,1607,200,3.575709529221058,9.12384071201086,224
528f53e9-3a4f-4efe-b6f6-649426d07d10,05abfb55-c5d3-4f16-b57e-4ecd5585f804,7935920.974185135,7935923.477083378,7935932.240834786,1805,200,2.5028982423245907,8.763751408085227,192
307a859d-df3a-4ff2-985b-260baa4c2cd9,7f600648-e3b8-4d8f-965e-8a52d4e10df9,7935920.974192526,7935924.031019283,7935932.438951296,5824,200,3.0568267572671175,8.407932012341917,224
29f77f58-ea4d-4eb6-926f-64953e21abaa,a48a78e1-9592-4620-8de8-227c1d576960,7935918.974118689,7935923.165765293,7935932.457680874,5806,200,4.191646603867412,9.291915580630302,224
9042cefe-8dff-4eab-a3a3-39e693f137ad,6dac39d7-6c17-45bc-aff3-f0b80b131575,7935895.974708882,7935921.825972371,7935932.495978561,2098,200,25.85126348864287,10.670006190426648,176
fb6f407f-8044-464b-8a82-08bd6df83bf8,38bd04e6-cb8f-4c97-a175-530eaa1094b0,7935918.974136343,7935923.471292131,7935932.653303509,2349,200,4.497155787423253,9.182011377997696,176
0325f443-7c3d-4aea-8ce7-6e796a4a1cb1,eaf119a5-4710-4ef6-96f9-c67f053ee28e,7935922.97467716,7935924.167168276,7935933.120042463,883,200,1.192491116002202,8.952874186448753,160
e8fdaa30-e5de-4b5a-a71b-9048ab8bd055,383fe816-1603-4be4-bd50-ca1ab0a1996d,7935922.974690567,7935924.165555033,7935933.118406915,2590,200,1.1908644661307335,8.952851882204413,2576
b24d541f-6209-4cbb-b27c-7024cac060f8,de310453-2360-466e-a6d3-3ca31cdb0cdb,7935891.974629847,7935922.223009282,7935933.212904662,5071,200,30.24837943445891,10.989895380102098,192
25c68b53-6482-4882-b556-7a3cfdacfc6d,bf2c9de6-a904-45db-bddb-fbd2e015a190,7935922.974688011,7935924.453894885,7935933.425874846,1650,200,1.4792068740352988,8.971979960799217,192
3ac966aa-83e2-4a22-ab4b-f15a15d0e734,3e480c2f-1023-4d91-88fa-a8b489c3d9c9,7935897.974031846,7935922.844127576,7935933.5420878995,1109,200,24.87009572982788,10.697960323654115,176
e871dbb0-a784-4182-afe3-84f43f4d7823,11a2967c-8c37-4e82-b852-df78459a03a9,7935899.975026076,7935922.8455929365,7935933.544683529,577,200,22.87056686077267,10.699090592563152,496
a92ea2b4-84a7-47bb-b68d-c70b500548bb,b3f1f0dd-eba4-4b6a-9258-7a503a88b12a,7935920.974171662,7935925.097293927,7935933.577155837,4329,200,4.123122265562415,8.479861909523606,160
807fbf36-46d9-4f44-b259-f1d51fc16498,e8aec464-55fe-4709-9173-dbeae0bf8f34,7935920.974195454,7935925.457966011,7935933.915045251,2946,200,4.483770556747913,8.457079240120947,192
f472f4a4-2ed5-456a-ae80-49930319675c,c2544ed7-4cc3-41ba-bc4c-4d76b48b4602,7935920.97418905,7935925.78942178,7935934.1955005,1514,200,4.815232730470598,8.40607871953398,288
e8507ada-34cd-4eb7-a753-dadcc5db6d0f,7fff0f4d-cd62-4d33-8e09-009989025b4b,7935900.97391271,7935923.820827192,7935934.538680269,5899,200,22.84691448137164,10.717853077687323,176
7a4c476f-bb1b-46f8-91b8-856ad67c4f30,8b412ed6-84aa-4ec2-9281-40208ff1b4a4,7935924.974526088,7935926.164921886,7935934.667662207,714,200,1.190395798534155,8.50274032074958,544
07088c33-3e79-4ffb-9e68-89676ac9edb8,53af0820-ed9a-40ae-a494-25d54b4c12a6,7935923.97443207,7935925.915935744,7935934.744601688,3567,200,1.9415036737918854,8.828665944747627,192
ae9ad433-4f81-4510-88f8-2ce931c7a129,096de4a6-59ff-48ea-a5bc-74fe92e53140,7935912.974280756,7935924.524073893,7935934.964768351,2229,200,11.54979313723743,10.44069445785135,192
79ac4bf3-9cb8-478e-b43c-589d75fdd9b4,968ca5b8-1884-449f-930f-a9034955bfc8,7935912.974277417,7935924.796131418,7935935.240364698,2262,200,11.821854000911117,10.444233279675245,288
6a3504c7-5542-4bec-8d3d-1769a7431714,b6b50fed-883a-44d8-a0d2-154444ac9b9d,7935893.974768319,7935924.664725454,7935935.5957742585,5923,200,30.68995713442564,10.93104880489409,176
456fcd4b-9960-4cf4-82a3-f292188706ec,2b8e65d1-d959-42ef-85da-c23c233207a9,7935925.974502783,7935927.3873848915,7935935.717072684,3607,200,1.4128821082413197,8.329687792807817,288
716852ea-5f6d-4ef8-8875-3eb3b5d36764,7d2e5d4e-e5db-464d-b30f-0fa63819307f,7935925.974512516,7935927.6352911815,7935935.871823347,2344,200,1.6607786659151316,8.236532165668905,160
fc92f078-0380-438b-be24-cd61f2e69986,6f959304-7c93-46cd-83a5-4f6f73543c93,7935893.974778131,7935925.454663608,7935936.365737884,5866,200,31.47988547757268,10.911074276082218,160
a65e7e44-edf0-409d-aeda-13d465354047,78c7ebb0-2d9a-4cfc-adc9-dc9ee1c4eab2,7935922.974685041,7935928.386370403,7935936.60001117,5577,200,5.4116853615269065,8.213640767149627,16
dc2ac17e-4bd0-49eb-8351-60e08b1ddf5a,1c71abef-2cf5-47fd-b33e-16fd8e19488d,7935924.974506488,7935927.654754114,7935936.684853955,2422,200,2.6802476262673736,9.030099840834737,176
1d5fa9da-d129-4ca3-9e87-6feb2a25f842,f76488c6-8ad5-4bcf-b4de-98e28d0c5d12,7935903.97444614,7935926.707191344,7935937.50636511,970,200,22.732745204120874,10.799173765815794,192
0f211b6d-4186-41fc-ab99-730c7cebafb9,ed6fbd43-efd1-4415-8aa9-6d1c4533dabb,7935923.974420982,7935928.395683278,7935937.652842295,5904,200,4.4212622959166765,9.257159017026424,176
0f93c006-8e9d-40d4-8a5d-7fe9075885d8,047bea13-6787-41b6-a5a4-e3a836c6c6ca,7935926.974186448,7935930.3795542,7935937.952060538,2985,200,3.4053677516058087,7.572506338357925,160
060994d2-3d2e-4d86-a947-e7668623e3fc,17b2c601-5562-408c-b74f-9b2ed70a4c89,7935924.974529148,7935929.264357565,7935937.968210905,6447,200,4.289828416891396,8.703853339888155,192
d47ea770-166d-413b-b49a-901bac1149bd,06312fd4-a78a-42c6-96c4-a5088cfcc81e,7935903.974443025,7935927.233182441,7935938.043786921,3575,200,23.258739416487515,10.810604479163885,160
d9fd4ffd-33e9-4217-849a-bba0d252bc43,83faef8c-de76-4007-b119-002a4c228c5e,7935926.974173577,7935930.756110968,7935938.217897043,3558,200,3.7819373914971948,7.461786074563861,192
9d581908-3ab9-4f21-8d14-a38934366d4a,0e5901a7-c94f-45c6-bcbc-a7ef22f161d4,7935903.974449997,7935927.493740302,7935938.30449667,2045,200,23.519290304742754,10.81075636856258,160
b2b41bc8-0852-4fcc-96ac-8b4bfe69d2b9,e1ffbb6b-111e-4e1e-8b10-9c71bc28b303,7935926.974192042,7935929.442506995,7935938.414014892,3649,200,2.468314953148365,8.971507896669209,176
a970e07c-d5d3-4c6a-8551-59d341992f7d,c1017aac-714c-4899-a365-4481a7efceb5,7935927.975038925,7935930.031431733,7935938.468729828,3611,200,2.0563928075134754,8.437298094853759,176
05320342-a4db-46d4-bd71-fce073c36522,d9617223-3bfc-4530-a2a7-84b7fcc611f3,7935926.974195132,7935931.163571657,7935938.603065943,1767,200,4.1893765246495605,7.43949428666383,0
c3c5121a-cfc2-4a27-8e16-78a6a62f4e68,6582c1ba-13ad-483e-8428-492bebf8d206,7935903.974453409,7935928.313185625,7935939.107683695,5877,200,24.338732215575874,10.794498070143163,224
c37b7eae-774e-4c43-b0d8-9ee86d4bcf43,4b292fad-a776-4332-bc3d-941725a4782d,7935928.974767638,7935932.049954011,7935939.186990753,5859,200,3.0751863727346063,7.137036741711199,176
ebdf4501-1b20-411c-b526-8680b7cd2363,26246547-489c-4bf5-a461-7a53ca519d6a,7935924.974522309,7935930.103341952,7935939.491890359,1388,200,5.128819642588496,9.388548406772316,160
056d7ea4-cebf-4bbf-9dd9-02cc0874e1d1,2d679471-06dd-4b86-8657-55437a5fe80f,7935905.97395623,7935928.90556088,7935939.721090548,1603,200,22.931604649871588,10.815529667772353,176
6016d172-394b-4b32-b1fe-c291bbab3d8a,a7a294d1-c88e-470d-8ca6-c86b5e5cbc06,7935928.974764943,7935932.403428292,7935939.846422744,1781,200,3.4286633487790823,7.442994452081621,176
f0b0a57b-8088-453f-82a7-aad4685cd54e,937c7008-06a1-4543-8676-6f44a8fe2de3,7935926.974189343,7935931.921719934,7935939.913279964,5368,200,4.947530590929091,7.991560029797256,160
95023721-8bf4-4173-832d-6a9173a005ff,0a12384f-0fb8-4809-b8db-e918b89100c7,7935926.974183072,7935932.281251371,7935940.114480822,3202,200,5.307068298570812,7.833229451440275,176
2a05f01b-de22-4e03-81b4-80f162db7327,f0e9ae05-0666-4374-8518-76c2cede1867,7935928.974775494,7935933.0442661,7935940.241205298,925,200,4.069490605965257,7.196939198300242,176
d3c54b64-34f4-4c89-8885-302101fb0ec8,25518b2c-685c-4ddb-970f-4927e0b58092,7935927.975053614,7935932.0121547375,7935941.233298604,2001,200,4.037101123481989,9.221143866889179,160
1ed51058-1cf7-46ff-a8e5-ec5138e79b4c,f981a306-8b21-4254-95fa-d0ce56582057,7935895.974718161,7935930.639225371,7935941.674205043,4821,200,34.66450721025467,11.034979672171175,176
69dd49e7-fb83-49e6-9590-70369fcf426e,8f74c273-3def-47ea-8e27-63467cdcf042,7935932.974318814,7935935.298826877,7935941.728477441,2076,200,2.3245080625638366,6.429650563746691,192
1fa7f6ae-9df5-4772-b2bc-0c04b59a500b,2d0b64cb-12fe-4c27-890b-a69e4e1a0aab,7935897.974043651,7935930.6911193505,7935941.732937086,461,200,32.717075699940324,11.041817735880613,176
15cdc326-2f2f-4cf3-b484-cca7214e9d02,583eb43e-4777-43dd-b3ac-37d66ab778b1,7935930.973989984,7935934.635299216,7935941.777393037,5792,200,3.661309232003987,7.142093821428716,192
ff4a8a63-0964-4c97-a73f-29d5d40cf1a3,e8f6df88-143b-40ff-bdb8-5b4fe35021da,7935932.974337968,7935935.54774035,7935941.866429993,1969,200,2.573402381502092,6.318689643405378,288
3d9b41d7-950d-47e3-a2a2-121ce26c4bb3,9a4a8c90-314b-48ec-b045-c31653141afb,7935899.975037726,7935930.911871521,7935941.955941313,2192,200,30.936833795160055,11.044069792144,176
73f4e378-4c9a-4bf4-aad5-04b62581d74a,929c8784-19f8-4a41-94f3-58e17f2b5956,7935928.974753553,7935934.74575394,7935942.094983236,5470,200,5.771000387147069,7.349229295738041,224
c9bdb302-4eeb-4209-857e-b123c8138503,20c8e018-9f79-48b0-aad8-4763f7885b6e,7935932.97433032,7935936.331742847,7935942.437872547,5888,200,3.3574125273153186,6.106129699386656,224
b701fa5a-94d8-4147-87b9-4ac266be5d3d,9f45f164-ae08-433e-ac2e-7d1612160d99,7935928.974761916,7935933.186813579,7935942.609326107,5781,200,4.212051662616432,9.42251252848655,176
4d3847d3-809d-4594-9dc6-2f4eecb10f5f,f2c4e007-8b4c-48ab-a695-68d6e4624a56,7935899.975042083,7935931.680202657,7935942.738610834,6026,200,31.705160574056208,11.058408176526427,160
82e39b76-2b45-499c-a79b-2b7c678d05b2,641a35e5-6f76-4ab0-9200-900f50fee312,7935932.974341256,7935937.4270772645,7935943.317386485,2597,200,4.452736008912325,5.890309220179915,176
b9bdfece-d139-4868-b306-8bb7ed2563e6,2a6b418f-fb9e-4337-90a6-71ef5a5391d6,7935932.974334352,7935937.45861593,7935943.366638899,547,200,4.484281578101218,5.908022969029844,160
19654d47-b936-4543-a857-1bdcc8f24b5f,d3d0040a-4b55-4d35-b6ff-f594d1873706,7935928.974772702,7935934.419008139,7935943.407385595,6080,200,5.444235436618328,8.98837745655328,176
c235c98f-b7f1-4fe7-b588-87abaa4e47d2,d4238793-b034-4004-8635-9639e6bd91f6,7935899.975045649,7935932.443128607,7935943.502554216,5975,200,32.46808295790106,11.059425609186292,160
dc22edc3-8fa8-4848-89a2-59d9a8e8a3f0,8f9dacfc-fe44-4310-a09b-1460546de939,7935928.974770097,7935935.580890263,7935944.434318337,5950,200,6.6061201663687825,8.853428073227406,160
0cb430d6-8756-4b8c-beaf-22563a0aad5d,f4ed1c61-877b-407f-bec1-a5080fdbd2b0,7935936.974099542,7935939.44177478,7935945.141730221,1730,200,2.46767523791641,5.699955441057682,192
3f1673fd-7674-4a14-b53e-75f35b90a621,410e174c-4bcc-4323-abfb-461a0b1dfecd,7935907.974650126,7935934.537720218,7935945.318201689,5886,200,26.563070092350245,10.780481470748782,160
421472bf-8280-4127-9ef9-f8d4754286ac,5941b2d9-9a78-4657-b188-6c93d0e82645,7935901.974588413,7935934.310529053,7935945.397159,5595,200,32.33594064041972,11.08662994671613,224
1f713d71-430e-47af-bef0-4ffb49b1bf35,b294c638-1caa-4f73-aea8-c2de71511a8d,7935930.974011984,7935937.606116205,7935945.427450959,5733,200,6.632104221731424,7.821334753185511,224
d118a429-79a8-4476-8545-512a37072305,bee5e930-99b4-4b1a-8085-5d0945f9389e,7935907.974639372,7935935.099798219,7935945.854164007,3858,200,27.12515884730965,10.75436578784138,192
d6d2ebc1-19b0-4cb1-895b-03788156a579,e2db953a-3b42-4c69-8094-c08e5f2f1e07,7935934.97426147,7935937.448622981,7935945.872077154,1835,200,2.4743615109473467,8.42345417290926,192
ebd04d92-68d5-4dff-b14a-4ede21d2e46c,0038992e-64f0-433e-82d3-367cf8fa2c76,7935931.974043343,7935936.850167645,7935946.1755647315,4297,200,4.8761243019253016,9.325397086329758,160
a066f129-92df-46c4-a305-f3afe63229b7,548fd163-71d0-4642-9386-c5a09a047dbd,7935930.974016113,7935938.573436215,7935946.655690565,4969,200,7.599420101381838,8.082254350185394,224
edcbf061-faf4-4115-a57c-f4f6f0d64d5e,1cf6a300-5f01-432b-9b53-4799d42d0d63,7935936.974104134,7935939.12104613,7935947.525486587,1123,200,2.1469419952481985,8.404440457001328,176
4bf1104d-3bb0-48f4-969d-c1f8dfb174af,a6efb579-aa74-470f-aba5-7b8844de154c,7935909.974327608,7935936.868259262,7935947.587126461,4867,200,26.893931654281914,10.718867198564112,176
7f4fa3be-4fdd-4cd5-9f5d-5f5aa97a22e3,70022972-d038-4dbd-bee2-ba197b2c9339,7935909.974346145,7935936.9223569585,7935947.638211339,906,200,26.948010813444853,10.71585438027978,192
19bbdf6e-bbf1-42e9-b844-42e8aec4582b,07b79031-0347-442e-a431-2cc169be4fbc,7935903.974440301,7935936.758904676,7935947.782744479,2225,200,32.78446437511593,11.023839803412557,192
b03b6e56-b670-4914-8027-5e2a37b20def,03590f17-db4a-4ad3-a5bc-6fcb5b7f2b02,7935909.97433945,7935937.135511988,7935947.859300034,1517,200,27.16117253806442,10.72378804627806,176
3632caa3-01ca-47d4-9656-40cca6a2af24,0a73b161-d82b-4323-916b-33e2b59d35e0,7935909.974348708,7935937.343379684,7935948.07968957,1753,200,27.369030975736678,10.736309885978699,160
b38bbf78-bfd6-4a6b-8b95-a3a3a3b5077f,383fe816-1603-4be4-bd50-ca1ab0a1996d,7935903.97442723,7935937.101560395,7935948.118221441,2590,200,33.12713316548616,11.01666104607284,16
e9e3ea9c-8727-4c6c-82bf-4ee2fe7e9c43,e8f6df88-143b-40ff-bdb8-5b4fe35021da,7935909.974343279,7935937.611400846,7935948.35376664,1931,200,27.63705756701529,10.742365793325007,288
52f18622-e61b-4e96-b521-8c9539f0f496,4072159d-f729-4339-b27a-001b9050b01b,7935903.974436488,7935937.945641988,7935948.936065964,6018,200,33.97120549995452,10.990423976443708,176
c81adee8-e4be-4ef0-974d-608e53d69fe7,a95d4290-526f-498c-bb05-5a23a8195ec0,7935931.974027901,7935938.697826656,7935949.064395057,2962,200,6.723798754625022,10.36656840145588,160
4830512f-a496-435a-b761-840341a207c1,6f297619-e9b7-4e7c-b457-43581af10191,7935936.974089664,7935941.361504389,7935949.73726921,5847,200,4.387414724566042,8.375764820724726,192
f5b3bd27-a9e5-4eed-8ec2-4cb27d954e92,bee5e930-99b4-4b1a-8085-5d0945f9389e,7935934.974269902,7935938.463710114,7935949.79552148,3858,200,3.4894402120262384,11.331811365671456,192
9cd89aaa-f2b9-4b30-a2af-90527beb40fa,1f4955f6-7c84-4aa6-90b7-dd77f5b51da1,7935934.974273287,7935939.698251002,7935950.785703735,5849,200,4.723977714776993,11.087452733889222,176
548a7c95-79d8-4efa-9ca5-f13aeac87306,b330bc7f-ccb0-415f-add5-1d92834e01ef,7935913.974346812,7935941.653457077,7935952.398719695,5816,200,27.67911026533693,10.745262618176639,192
2a4a17cb-4cb2-4bd7-8402-5af624175958,630b34bb-1144-46fd-8e59-e34b1de4ccf7,7935938.973975547,7935941.39587782,7935952.399103152,5598,200,2.4219022737815976,11.003225331194699,192
17541eca-b0c9-44aa-b187-33f0addab0b6,ddab7268-983e-4382-b5cd-d0c1c556d1d2,7935938.973981885,7935941.601965805,7935952.620393573,1923,200,2.6279839193448424,11.018427768722177,176
246f53a7-724b-432c-9b89-7e4630f20cf2,34bb8fa8-0277-4f1b-b7c2-92303cd5bbb5,7935938.973971481,7935942.735374477,7935952.715524983,5762,200,3.761402995325625,9.980150505900383,160
f5408752-37a6-4221-854a-84748bcd2911,035c2af7-1db2-46bd-85ea-71ff7e3a5dc7,7935913.974358759,7935942.241825444,7935953.018358349,4066,200,28.267466684803367,10.776532905176282,192
4fc2f93e-da77-455b-adc0-6296fb9186cc,0ef0d555-22d3-481e-b8bc-21fc0a1fb373,7935905.973969756,7935942.2381809745,7935953.095132376,5630,200,36.26421121880412,10.85695140156895,192
0a1a57ed-7299-4292-9ff5-bb7e37adc927,fbea4e9e-c510-4c9a-8e1f-ca6073d14deb,7935940.974423195,7935943.765765075,7935953.137891155,5840,200,2.7913418794050813,9.372126080095768,160
55031ae0-5c3c-4656-8585-280db558fdb0,2dbf224b-17cd-4061-a60e-d8b8bf91c15a,7935938.973959983,7935942.94852237,7935953.303753298,5634,200,3.974562386982143,10.355230927467346,192
b43cb3ec-48aa-4955-a5d1-e711940cdb2e,383fe816-1603-4be4-bd50-ca1ab0a1996d,7935938.973978513,7935942.946010056,7935953.301104286,2590,200,3.972031543031335,10.35509422980249,2576
4f6367b3-53e5-4cf4-b17e-254af01e8491,0a12384f-0fb8-4809-b8db-e918b89100c7,7935905.973972643,7935942.628237482,7935953.465870932,3052,200,36.65426483936608,10.837633449584246,176
d3ea2f7c-d420-4a86-b01f-501ad9cacbf4,2ce6f444-2254-49aa-a987-83f28b28df9d,7935944.974397319,7935945.390477847,7935953.545509441,382,200,0.4160805279389024,8.155031593516469,176
c3ae9234-34dd-4e9a-afef-c21878b5fed6,ca6d5afc-77b7-44a5-95fe-4bd353dcb90a,7935942.973939599,7935945.658652404,7935953.651370323,3609,200,2.6847128057852387,7.9927179189398885,160
21c1a2d3-d61e-4b91-b966-b2308de7471e,0497f88c-e894-49c0-8680-54b58048ae33,7935938.973985385,7935942.688751441,7935953.770594972,3991,200,3.714766056276858,11.081843530759215,224
a3f47699-77d1-43dc-8ea6-81f23de667c8,979aa3f6-f609-4613-92f5-7fd412266151,7935913.974367313,7935943.055541352,7935953.802407141,5732,200,29.081174039281905,10.746865788474679,160
68945b86-92d8-483e-97ac-f248406dba28,ba258cd1-45b7-468b-be3f-a59855639d9d,7935905.973965999,7935943.038313133,7935953.8598168185,2716,200,37.06434713397175,10.82150368578732,192
9eed77dc-0b1f-41b8-b861-dc4938bd9c87,035c2af7-1db2-46bd-85ea-71ff7e3a5dc7,7935940.974410127,7935945.336525009,7935954.003597271,4066,200,4.362114882096648,8.667072261683643,192
90af3800-1f51-4725-8d88-c91baa24db99,e624dbbb-c081-4a44-b1fc-b30d15208ed4,7935905.973975907,7935943.289514625,7935954.13623365,2326,200,37.31553871836513,10.846719024702907,224
5f8f2772-b154-4eb3-b02d-7c5202810db7,d35e928a-a1c9-429d-80e3-757fa9365310,7935942.973943299,7935945.768099934,7935954.468920692,3958,200,2.7941566351801157,8.700820758007467,192
10affc26-cc10-44d6-abe7-f50aef537c9e,6db5555c-9147-470f-bc60-d14016e9a811,7935913.974376365,7935943.7435968155,7935954.503038788,4768,200,29.769220450893044,10.759441972710192,176
fc8ea57a-ceaf-42d6-9ab4-c1f7a47e182e,c1017aac-714c-4899-a365-4481a7efceb5,7935942.973928868,7935945.27042591,7935954.5158239445,3600,200,2.2964970422908664,9.245398034341633,176
ab2dbbd2-6569-47d6-b8ad-0faffd04cec8,ebbcf9f5-1774-4a00-ac1e-60443cb15ecc,7935913.974361979,7935944.627386529,7935955.367327466,5887,200,30.65302454959601,10.739940936677158,176
47509b06-0415-478d-a915-3a5ea2723596,18e1515f-5651-447b-acf1-6c7ef9a74d7a,7935913.974370209,7935944.7862470895,7935955.519830476,1428,200,30.811876880936325,10.733583386056125,160
2a5b4e63-4db4-40ce-a19c-dffb88b9102d,d9617223-3bfc-4530-a2a7-84b7fcc611f3,7935941.973948026,7935945.722375209,7935956.121495445,1810,200,3.748427183367312,10.399120235815644,0
ffed4646-6871-4483-8220-52fa2508a8ae,e913d0bc-9409-4e00-b985-d381b49a0441,7935942.973946739,7935947.117582063,7935956.259533268,1689,200,4.143635324202478,9.141951205208898,160
d8e7c536-09ee-49b3-8e6d-2e3cd1d95a7c,f33ed1b7-98b9-440c-8c35-a38b4413ebf6,7935913.974364532,7935945.5366123095,7935956.287555715,5261,200,31.562247777357697,10.750943405553699,192
be7d97d7-111e-4879-9733-3b364fa30659,bb6f0502-2197-4ee3-b8a1-b1060a43622f,7935913.9743728,7935945.688809041,7935956.446986435,1323,200,31.71443624049425,10.75817739404738,192
a81abcc7-bd00-40d9-81ab-7c044f102ca9,f88910ec-3fa7-4b0d-87e8-87f7a35d4a47,7935944.974407346,7935948.755502563,7935956.494479891,2098,200,3.7810952169820666,7.738977327942848,192
c2793426-26e6-4929-b333-b415f89274d8,6bf8b67e-ba7b-4962-b021-3100e5dc69e1,7935911.973925714,7935945.88558607,7935956.77260649,1244,200,33.91166035551578,10.88702042028308,224
231b8426-aa37-4571-96cf-e9fb4eecea50,4390bb7e-9aec-4d44-9580-84b4c611e62f,7935915.974318684,7935946.561769658,7935957.323996829,5743,200,30.587450973689556,10.762227171100676,160
4f08dcc0-7fc4-461e-a4f8-2fa6529a0c0f,86bcccf7-bc5c-4d53-ad50-89b11a3494f2,7935911.973939858,7935947.184761965,7935958.092318445,5719,200,35.21082210633904,10.90755648072809,192
f61335e1-1496-4d83-a4f0-fd0a18dbdb48,3153217e-eb23-4a22-9578-9fc2be8dea7d,7935915.97433088,7935947.377637359,7935958.1358192265,5831,200,31.4033064795658,10.758181867189705,176
77a48e1b-e3ef-42ff-bb73-f4e8f9dc31c0,e8f6df88-143b-40ff-bdb8-5b4fe35021da,7935946.973966004,7935950.134680339,7935958.736210997,1957,200,3.16071433480829,8.601530658081174,1920
7c54deba-a024-4ccf-aed7-35ae8177eb94,87790c2b-aa62-4df2-9e78-4b07d45b22cf,7935911.973943281,7935948.0264141075,7935958.940303718,5860,200,36.05247082654387,10.913889610208571,224
7d9882a5-ece8-4ecb-a6d5-c8b9d60c58e8,2b8e65d1-d959-42ef-85da-c23c233207a9,7935943.974440526,7935948.76063923,7935959.367085536,3589,200,4.786198703572154,10.606446306221187,16
735c974d-78ff-4c59-b164-24d400eeb715,62ba3324-375e-4ba6-aa6c-7f54c2faf14e,7935911.973936098,7935948.455587624,7935959.387941568,3177,200,36.48165152594447,10.932353944517672,192
49ec744c-b9ed-4ef9-afed-ce24828218cc,bb6f0502-2197-4ee3-b8a1-b1060a43622f,7935943.974443448,7935948.996186424,7935959.588439358,1179,200,5.021742976270616,10.592252934351563,192
a5b3b5b2-1afb-489d-99a3-5f425fe51877,0dd0cb6e-80c4-440e-9e94-a75f9c044e6c,7935939.97386829,7935948.66846792,7935959.672727969,1722,200,8.694599630311131,11.004260048270226,192
2dd98ccb-9c17-4764-9d70-1228b0307488,95a97b7f-b9b9-4ff5-b501-08226dc92408,7935917.974067598,7935949.036382666,7935959.749275349,5901,200,31.06231506820768,10.71289268322289,176
2e73c032-7cd3-4f77-a596-c6d9ae2633be,548fd163-71d0-4642-9386-c5a09a047dbd,7935943.974437066,7935949.64614453,7935960.250221724,4969,200,5.67170746345073,10.604077193886042,224
5faac621-b818-47a4-a7f2-7dff7ecbd5ce,f3147b85-f01a-48c8-959d-fa64c1291b53,7935943.974447293,7935949.8101170035,7935960.414849679,1433,200,5.835669710300863,10.604732675477862,160
1e457537-f637-4fa4-b9ba-c9b3df9c28a1,39bc6c25-b2be-478d-9919-83b0de268d70,7935917.974084828,7935949.780520522,7935960.422275155,5902,200,31.806435693986714,10.641754632815719,160
e7b8a8f9-7d87-4a26-9ea3-12c11382dfc8,11a2967c-8c37-4e82-b852-df78459a03a9,7935946.97397783,7935951.619993731,7935960.865888596,753,200,4.646015901118517,9.245894864201546,160
71d5ed6c-7165-4de5-81cb-168a5844aea7,929c8784-19f8-4a41-94f3-58e17f2b5956,7935939.973864728,7935950.245593919,7935961.210934465,5620,200,10.27172919176519,10.965340545400977,160
95dfd80c-be30-425e-95ab-240daace4a41,f2e623bf-4085-4da8-a0e0-3eb712c8e231,7935912.974266242,7935950.35155791,7935961.287911005,5842,200,37.37729166820645,10.936353094875813,176
3dd67007-a4fb-4a35-a436-f0b073ecbc21,cfa869f2-0e7b-48ac-912f-0f1682a5bebc,7935949.974566512,7935952.39040845,7935961.351488719,558,200,2.415841937996447,8.96108026895672,176
79d09277-7c57-4198-bfde-debba7b7aa0a,20fad8c1-7cce-472b-a73b-41371e731918,7935948.974094572,7935951.6072388925,7935961.56505764,5077,200,2.6331443209201097,9.957818747498095,160
335a15f5-188e-427e-b9a9-8824cdcbf555,9e1f8095-8e1c-45e5-95bf-cc2fa1c68f3f,7935917.974080585,7935951.181933458,7935961.656656912,4842,200,33.207852873019874,10.474723453633487,192
a4b742a9-b74d-4f1f-bc7d-473fd2da36a9,23d19ba7-7bd3-4d29-b13f-0f5291c02ec6,7935917.974088235,7935951.867418373,7935962.030267664,5766,200,33.89333013817668,10.162849291227758,160
e5534d01-ce58-42ff-8236-f99d72d5af19,39e6e02c-0a49-44e4-86c7-71fea0ddc507,7935939.973854292,7935951.320910518,7935962.286176743,3692,200,11.34705622587353,10.9652662249282,192
8adbfc3e-8b4e-457a-89b6-a733e707901e,096de4a6-59ff-48ea-a5bc-74fe92e53140,7935950.974261744,7935953.598402765,7935962.377295926,2553,200,2.6241410207003355,8.778893161565065,192
45db4a9e-29a8-48b7-9b2c-1d0fb9b9a3ba,f16bdfcd-0419-4038-bc3c-4a3e2f4c0f7a,7935950.97426943,7935953.508586887,7935962.613801768,5839,200,2.5343174571171403,9.105214880779386,160
a92ff209-6ffd-47f8-b063-f64cc5748ebd,f604b214-cf06-420a-b0b4-5ce7a5740c75,7935919.974675434,7935953.914143501,7935963.138130548,3333,200,33.93946806713939,9.223987047560513,160
15c0ea92-d9e1-40ef-a8a5-8c669b5d00aa,f4ed1c61-877b-407f-bec1-a5080fdbd2b0,7935919.974684805,7935954.562552689,7935963.470019485,1531,200,34.58786788396537,8.9074667962268,192
4caa781f-e9cb-482d-a807-3341b7dcf2e0,87790c2b-aa62-4df2-9e78-4b07d45b22cf,7935948.974105041,7935955.398365626,7935963.603146958,6020,200,6.424260585568845,8.204781332053244,224
96a5837a-1234-4a91-b21f-9136b518da0b,644cffe6-f7e2-45fc-8b1e-a5ae777f772e,7935925.974518612,7935955.419256569,7935963.851992592,5773,200,29.44473795685917,8.432736023329198,176
cb350456-b7c5-4117-8b86-67285c32dc73,f981a306-8b21-4254-95fa-d0ce56582057,7935950.974251748,7935956.217058892,7935964.020537028,5032,200,5.2428071442991495,7.803478135727346,176
e21dc577-c641-4229-acd9-638f26977e0d,74f34492-f3fe-4345-b7a4-517983671cc4,7935953.974558416,7935955.967589748,7935964.107463378,1579,200,1.993031332269311,8.13987363036722,160
884706bc-ae99-4e20-b1d4-5ce9a42c3191,9a1eae28-c3b5-466e-ba7b-ae73bec6e606,7935925.974524171,7935956.129354963,7935964.167116267,5223,200,30.15483079198748,8.037761303596199,160
a90cc2a0-7d14-408a-a791-a49d7e52e479,d11f81f3-6a44-4460-95ba-f10e37531043,7935950.974265942,7935956.623765882,7935964.405971832,3490,200,5.649499939754605,7.782205949537456,176
507971e7-68b0-4211-8d5f-ee630002b97c,e088525b-8b4c-427f-8e0c-45636e723004,7935925.974515834,7935956.840069836,7935964.488304629,5267,200,30.86555400211364,7.648234792985022,224
b87a2325-91bc-4a52-bb2b-49cc0cfff144,a0c71312-2b96-472c-8ed1-c64a53fe3235,7935925.974521525,7935956.946655782,7935964.536755222,1181,200,30.972134256735444,7.590099439956248,160
c498845e-e6cb-4147-881f-60610a954967,c2544ed7-4cc3-41ba-bc4c-4d76b48b4602,7935953.974541718,7935956.780694843,7935964.558700388,1588,200,2.80615312512964,7.778005545027554,288
eaba69c8-c9bb-4be2-9e65-75359b9fede0,b3ffd0fe-a17b-4314-8444-c54bf3c9afe5,7935927.975056683,7935957.023227942,7935964.560345145,330,200,29.048171259462833,7.53711720276624,160
3fcecf8b-4500-4186-95d7-f2ded583ae4a,8f96b91b-4e75-4371-8fa7-9924e5dfeefd,7935927.975060043,7935957.0210107565,7935964.56062394,371,200,29.045950713567436,7.5396131835877895,160
49bf3cb5-3b61-4d23-bc28-11c7fd832e85,73cc2c9c-bffd-4773-98c4-1fcd03396b0f,7935954.974621976,7935956.685711415,7935964.598743161,1420,200,1.7110894387587905,7.913031746633351,192
3bc32320-9a56-4006-9d88-7adbc2516884,db77c097-065d-4605-a081-54873f86805c,7935947.973905979,7935954.006610666,7935964.938636088,5923,200,6.032704687677324,10.932025421410799,176
b9dbb800-fae4-4073-9ab9-5a2e202a94b1,70022972-d038-4dbd-bee2-ba197b2c9339,7935952.974106946,7935956.598769961,7935965.006347272,1086,200,3.624663014896214,8.407577310688794,192
af29acd4-7ae6-4c64-b3cf-bcaf7567e41c,02cd5b43-b6fe-4cb4-8afb-075adc7acc08,7935927.975050095,7935957.923420858,7935965.107442773,5861,200,29.948370763100684,7.184021915309131,176
3e613e84-c9dc-4556-81be-7e1214242818,e544a40e-0e84-4a84-b719-306beaad3aaa,7935952.974117571,7935957.244799989,7935965.401315467,5388,200,4.270682418718934,8.156515478156507,176
ac6df75d-afe9-4b38-b757-99d44a590fc5,95a97b7f-b9b9-4ff5-b501-08226dc92408,7935947.973920673,7935954.700206583,7935965.674806613,5824,200,6.726285910233855,10.974600029177964,160
24f8b36c-138b-4b7a-91ac-2d0f6cd0066a,06fc1b29-ed92-49b8-98c8-5792e32d0ecd,7935927.975063742,7935958.568692184,7935965.697989464,4382,200,30.593628441914916,7.129297279752791,160
f3002c58-90ce-45d1-8a31-547d43c8a5e2,b10ff1df-1a27-4b7a-8491-ded24b953092,7935954.974640027,7935958.736217085,7935966.206769742,5802,200,3.761577058583498,7.470552656799555,176
7feb7830-b87a-4150-9493-86de8e553b00,97ad3f12-85c7-44bc-b969-699e6ef5da09,7935954.974637065,7935958.005417105,7935966.598271231,4300,200,3.030780039727688,8.592854126356542,160
70e7ae79-937d-45c6-b913-a20c4e1cb111,9275074f-0819-42b2-9e68-2fb2aa8483cd,7935954.974646549,7935958.422009449,7935966.783764391,3426,200,3.447362900711596,8.361754941754043,176
82da29f8-7519-47b4-abab-bc7d80110111,07b79031-0347-442e-a431-2cc169be4fbc,7935954.974643234,7935959.310884199,7935966.9868489625,2409,200,4.33624096494168,7.675964763388038,192
066eabaf-0df7-4416-8f50-bffcc2fc319a,1a674740-677c-4cf0-beb0-4396b9c8aec1,7935955.973894259,7935959.9318010425,7935967.6326844,1785,200,3.9579067835584283,7.700883357785642,192
4a0785cf-e40f-458a-a525-5e8c939fd9ff,e8aec464-55fe-4709-9173-dbeae0bf8f34,7935958.974009927,7935960.485466582,7935968.033366066,3131,200,1.511456654407084,7.547899484634399,192
ecfb35af-ec77-4cc5-ab97-6019091859b0,b514b877-15b9-45c3-9137-6fb4da75e98d,7935958.973999955,7935961.024061675,7935968.469116773,1747,200,2.0500617204234004,7.44505509827286,160
50f40ae6-f73e-4034-8e74-bc4fbccf1b66,8a726fa4-de81-489c-98f8-8ba49638fffc,7935947.973923261,7935957.452281242,7935968.512184116,4667,200,9.478357980959117,11.059902873821557,192
71005773-8f57-4f6b-8d98-1c8f7a327747,c1017aac-714c-4899-a365-4481a7efceb5,7935956.97388909,7935961.36677421,7935968.684693757,3600,200,4.392885119654238,7.3179195476695895,3584
04c4bfd4-1668-4355-b257-bde52af2ce13,afd76ba8-dee7-4f83-b1dd-08d1d278d296,7935958.974012907,7935962.028166695,7935970.11983542,6003,200,3.0541537879034877,8.091668725013733,176
22d3fedf-2af9-47fa-81e8-8dc7bfb526f1,93c4c0a0-35e8-4dae-9794-e96bff496a85,7935962.975545678,7935964.810610708,7935970.959368236,1669,200,1.8350650295615196,6.14875752851367,0
7b01a6ea-a2ae-402e-9168-784c68161f14,a1cef276-6150-4849-a49f-d5521b1ab18e,7935960.974159925,7935963.93977701,7935971.348071874,1764,200,2.965617084875703,7.40829486399889,288
63e8905c-9f56-467b-9be3-8c112ab84e8c,ec7bec38-d487-4adc-af55-0977ebddf24f,7935960.974174934,7935964.144940104,7935971.476047309,2211,200,3.1707651698961854,7.331107204779983,224
991604ab-da30-4d0f-b74b-fad66045545f,b8900caa-bd41-45bf-8132-fa03c5e8c8dc,7935960.974182548,7935964.195368909,7935971.506137562,380,200,3.2211863612756133,7.310768652707338,192
858cc2cd-3dc9-4a34-8de6-d38290fd8ea5,e9bc7a92-eadd-413c-b3b9-622476997ae1,7935962.975542012,7935965.263548641,7935971.722061878,2698,200,2.288006629794836,6.458513236604631,160
f92f0563-2cd8-49f3-99fe-13876fb62e62,a95d4290-526f-498c-bb05-5a23a8195ec0,7935960.974172347,7935964.600188483,7935971.920756151,3117,200,3.626016135327518,7.320567668415606,160
682f8fa8-305f-4cf1-bcb2-e42995a6c321,b3ffd0fe-a17b-4314-8444-c54bf3c9afe5,7935960.974168874,7935964.631728413,7935971.951907494,330,200,3.6575595382601023,7.320179081521928,160
c4e68934-07ee-4403-9c64-cd2f231e2776,2b8e65d1-d959-42ef-85da-c23c233207a9,7935956.973886444,7935961.348000744,7935972.214656256,3586,200,4.374114300124347,10.866655511781573,1280
6aad5761-e1db-4a63-8287-62aa83adff79,d9617223-3bfc-4530-a2a7-84b7fcc611f3,7935956.973895114,7935961.344816216,7935972.213629836,1866,200,4.37092110235244,10.868813619948924,1808
c2110517-5e11-402c-96d8-d957e5a77a53,2f758670-b8ed-4ec1-862e-affd9609923b,7935955.973884046,7935961.4961692775,7935972.667426033,4605,200,5.522285231389105,11.17125675547868,192
b61f4a7a-babc-4feb-aaa0-f404169faac1,6d17f320-f4be-4fd9-8926-c85f69e9bb80,7935960.97418018,7935965.797480433,7935972.735030031,5933,200,4.823300253599882,6.937549597583711,224
1855b12b-e7d7-4a78-ad66-94dca287e6bd,d34c67c0-ca74-4c70-a28c-f7680bf83cf8,7935962.975549093,7935966.574424262,7935972.968571995,5816,200,3.598875168710947,6.3941477332264185,176
4e7d0a01-4396-4dfe-998d-9b9fc2d20990,5bbb49c0-2de5-4357-bd31-b7f999a7bd42,7935960.974177548,7935966.394829837,7935973.05337613,5743,200,5.420652288943529,6.658546293154359,224
82e55c1c-50c5-4501-922b-a78118669bc8,e3813743-28fa-4fe1-9447-a2aa249feab9,7935956.973873754,7935962.467188728,7935973.61216582,2172,200,5.493314974009991,11.144977091811597,192
df1529ff-96f4-4ee1-9d74-fb61cf160cb7,b6b50fed-883a-44d8-a0d2-154444ac9b9d,7935962.97553093,7935967.169713222,7935973.616690876,5920,200,4.194182292558253,6.446977653540671,176
ceb2ba91-0be7-4ab9-9b6b-6c1e33a9cdc8,c6242738-47cf-4f43-bba0-5fb66070156d,7935959.974760548,7935964.523554379,7935975.445580038,3487,200,4.548793830908835,10.922025659121573,192
5c7ab6e2-7f06-4725-b40f-f504a410cf53,11b7d389-ed5e-43d8-b78f-6154624895fe,7935956.973882912,7935965.835472814,7935975.664037852,5858,200,8.861589902080595,9.828565037809312,224
fb457a07-69ae-4690-94cc-b9adf2531cc5,11a2967c-8c37-4e82-b852-df78459a03a9,7935959.974773802,7935964.9478172,7935975.887675334,854,200,4.9730433980003,10.939858133904636,160
9b9adaa0-448c-4d09-b653-1918403cd149,77e7c157-4bdc-42fb-8f26-344afffd4b77,7935964.973998635,7935966.522928453,7935976.215293318,6025,200,1.5489298179745674,9.692364864982665,176
660e23d9-c4cb-49e5-8f54-291a19cb3c36,64563322-ed3c-49a7-8722-1b80cee44900,7935959.974777551,7935965.281117183,7935976.224710786,2343,200,5.306339631788433,10.943593602627516,160
c27cd5fc-cdd8-4020-9ade-b0f5fc522b5a,ed6fbd43-efd1-4415-8aa9-6d1c4533dabb,7935957.974009046,7935965.618006793,7935976.649362411,5909,200,7.643997746519744,11.03135561849922,176
756370b0-313b-4c72-9819-ac6f5d2f6be1,9bb66c7b-e720-4c31-baca-a2f43672e95a,7935966.973834384,7935969.285534168,7935977.061729544,1586,200,2.3116997834295034,7.776195376180112,160
83400469-5222-4d32-9139-ac96405980cf,01214e46-af22-4c6d-ac0a-0617f82b827f,7935959.974784393,7935966.219573241,7935977.180256345,6296,200,6.244788847863674,10.960683104582131,192
21a98d7e-d1ee-420f-8663-ca9faf15a82b,afafd84f-c43a-4a5b-a307-c257cbf756bb,7935966.973830675,7935969.310279351,7935977.235271399,5666,200,2.3364486759528518,7.924992048181593,176
203733eb-9a0f-4a99-bd4e-51f5223abfce,34a3ac54-2f1b-4afb-9125-f0ecfe19b0a1,7935957.973998751,7935966.351504806,7935977.370740879,462,200,8.377506055869162,11.019236072897911,192
15c67f25-d0d7-44e9-9592-fa9163da4514,01511df3-9144-4d3b-b5d6-5c39e2afe5fd,7935964.974005591,7935967.729894713,7935977.4432645785,6020,200,2.755889121443033,9.713369865901768,160
30ba6aa4-d7a7-4eff-965c-7c3d1299cb3f,bd19b890-fa88-4665-b8c4-ea148092288b,7935968.974894548,7935971.484643417,7935977.449394623,1653,200,2.50974886957556,5.964751205407083,176
fa0d97a6-993c-4293-aa86-ac59a53355cc,ee3f178d-873f-4ae5-81ad-c50bc746de6c,7935968.974882174,7935971.6186338095,7935977.651690545,732,200,2.6437516352161765,6.033056735061109,192
b44a9ce6-824a-41aa-abf5-766642c220df,53af0820-ed9a-40ae-a494-25d54b4c12a6,7935957.973984713,7935966.860174589,7935977.867920849,3567,200,8.886189876124263,11.00774625968188,192
a5586ad3-9748-427e-988b-04bd3cf50cc2,6773d64e-c4f2-4e4b-895c-24140b31607f,7935966.973827041,7935971.087014068,7935978.43556096,5828,200,4.113187027163804,7.348546892404556,192
bcb75138-2fa5-4aeb-a2b3-aa1bf2afb71e,6f959304-7c93-46cd-83a5-4f6f73543c93,7935964.973987877,7935971.290887753,7935978.793177333,5823,200,6.316899875178933,7.502289580181241,160
bf9b5c42-5112-4663-9341-da83fcecd577,c107a611-f181-4fdb-8e0d-0d7c7758851f,7935966.973815893,7935971.445726265,7935978.992212366,5893,200,4.471910372376442,7.54648610111326,192
e79681d1-a436-4f99-8daf-be7859a86b11,7ecb3eec-b83e-4819-a7f9-fe7a738640b6,7935959.974787343,7935968.341618984,7935979.340384355,5934,200,8.366831640712917,10.998765370808542,192
419b6d06-99ff-4579-b8c0-93d82cda5564,95a97b7f-b9b9-4ff5-b501-08226dc92408,7935957.97399511,7935968.352678612,7935979.349800649,5805,200,10.378683501854539,10.997122037224472,1152
cf6670cf-ae87-4398-ac26-823ea110fd64,1cf6a300-5f01-432b-9b53-4799d42d0d63,7935970.975258257,7935972.394186427,7935980.39783703,1123,200,1.418928169645369,8.00365060288459,176
8a74fc8c-c2b5-421c-bc9b-d3e54f1d2c14,0e5901a7-c94f-45c6-bcbc-a7ef22f161d4,7935968.974890985,7935973.599828115,7935980.515725413,2200,200,4.624937130138278,6.91589729860425,160
ce749b2e-1f57-41bd-a440-3f04a3f1c310,410e174c-4bcc-4323-abfb-461a0b1dfecd,7935970.975264666,7935974.727451065,7935980.885692709,5882,200,3.7521863989531994,6.158241644501686,160
3a7263b3-1ae2-4a2f-aa37-6ab4dd86c302,644cffe6-f7e2-45fc-8b1e-a5ae777f772e,7935957.974005818,7935970.004287401,7935980.954447825,5773,200,12.030281582847238,10.950160424225032,176
38a6b477-86f5-4158-9bbe-3bcefe51fef9,3e480c2f-1023-4d91-88fa-a8b489c3d9c9,7935972.973901143,7935975.362064544,7935981.213699154,1291,200,2.388163400813937,5.851634609512985,176
ba602eb7-9abe-4fb3-bb8f-51c9b2ec2ef5,383fe816-1603-4be4-bd50-ca1ab0a1996d,7935959.974770328,7935970.4216412995,7935981.454533183,2651,200,10.446870971471071,11.032891883514822,288
c0acdf5b-1b5c-40b1-8420-c68c96347afe,6582c1ba-13ad-483e-8428-492bebf8d206,7935921.973990512,7935970.606643915,7935981.729423374,5865,200,48.6326534030959,11.122779458761215,224
6b79da01-d425-4ccd-946e-a13ae2b6d7c8,e913d0bc-9409-4e00-b985-d381b49a0441,7935972.973898559,7935975.456375101,7935982.086953253,1689,200,2.482476541772485,6.6305781519040465,160
a60c6210-1a7d-42a4-ad8c-5202c9a4f99c,c0aa256f-23f1-483c-a314-1e45b1d0a471,7935921.973999099,7935971.000999704,7935982.1178031545,2751,200,49.027000605128706,11.116803450509906,288
6a2674a7-465a-4b4f-a13b-67d97a825dfc,a99e74fa-c07c-46d6-bc02-1eabac116d61,7935970.975232819,7935974.349572657,7935982.465268047,5894,200,3.3743398375809193,8.115695389918983,192
f6df6f33-a32f-4edc-93e8-e74af09b630e,34183f5d-72d9-40af-b6d6-77d785da5629,7935959.974780864,7935971.725521898,7935982.702399326,991,200,11.750741033814847,10.976877427659929,176
27594df7-b65a-4ced-b80f-680cf18cefec,11b74fff-cb08-46c0-b07c-43771f2785fa,7935970.975251246,7935974.441933023,7935982.761906046,1049,200,3.4666817765682936,8.319973023608327,192
5d4e4fb7-b044-46e6-861e-b343a018e498,deefa634-0664-4fee-b571-ee928bcdcb5d,7935970.975248199,7935974.587254322,7935982.795594485,3417,200,3.612006123177707,8.208340162411332,192
122be3d3-8336-45b3-8cc9-34aeee41ce2e,8987c78d-2347-4b22-8be7-d483fce491ca,7935961.973842942,7935971.788119466,7935982.8514838,2452,200,9.814276523888111,11.063364334404469,176
1dfe1779-be2e-4bc4-95bd-e5c62fe98784,03c8099b-ba1e-4020-a5bd-a611370f36cf,7935972.973887214,7935976.296188534,7935982.919126803,5881,200,3.3223013198003173,6.622938268817961,192
a6c27715-d5cc-4514-a1c9-6c817bffc1bf,156e4c45-4731-41f8-af7a-2245be51116a,7935921.974005119,7935971.864667325,7935983.015603767,5987,200,49.890662206336856,11.150936441496015,176
c4bb7bc0-c4a9-4193-84a1-db3243c3456a,ec8a2cd6-5952-45c9-940a-d0161c338fd4,7935970.975254504,7935975.294809341,7935983.345398652,5957,200,4.319554837420583,8.05058931093663,160
ad46df53-6efa-416d-aa3c-f0317bcb877b,69c65194-d8b7-413c-af90-cf5d54b7fb38,7935961.973846223,7935972.608760203,7935983.697130954,5848,200,10.634913980029523,11.088370750658214,192
ca639ced-26e4-4d07-9ff6-7c465f101cb2,16e9d9d1-48cf-4b87-a42b-57a6058ec096,7935921.974007483,7935972.743734367,7935983.905509271,5848,200,50.769726884551346,11.161774903535843,192
23784121-2021-465d-9c1f-1059ea51ca51,74def355-9a6f-4dea-aed5-4077f6996685,7935970.975245162,7935976.250567777,7935984.537585291,5914,200,5.275322615168989,8.287017513997853,176
ba7e7f60-8612-44a4-bba6-4ec25b9da14f,ffbd83b0-7b7b-4195-9f04-dd6f6b150f3d,7935961.973827704,7935973.832016144,7935984.808471743,5864,200,11.858188440091908,10.976455599069595,192
132f3d64-a832-4e89-8c8a-8f80050fda01,2ab09120-4ab5-4d7e-b766-99ec6b96b886,7935972.973903938,7935977.060481945,7935984.922048058,926,200,4.0865780068561435,7.861566113308072,224
9f0913f7-a245-4127-8e24-07506b47c360,16b5e0f5-14de-4964-8ae6-ff7f9f314d05,7935974.974057442,7935977.4443913065,7935985.039789799,2804,200,2.4703338649123907,7.595398492179811,224
b1682418-f2bc-4649-8874-5a80309adbc4,1b4c1624-eb1c-42ee-a57d-25e7831e5794,7935963.973971396,7935974.113976926,7935985.223299213,1205,200,10.140005529858172,11.109322287142277,224
2f2b40ba-6bfa-4f4f-b94e-221f8d23e9e4,1c24e0e9-2184-44d8-be53-7aca86fd0b7c,7935974.974050405,7935978.006533605,7935985.288453397,3644,200,3.032483199611306,7.281919792294502,224
b5e97487-bdb3-47d6-869d-b32befbddace,0497f88c-e894-49c0-8680-54b58048ae33,7935961.973838338,7935974.312293228,7935985.299625375,3991,200,12.338454890064895,10.987332147546113,224
b105f021-04f2-4049-90b1-dfffd096dd27,3153217e-eb23-4a22-9578-9fc2be8dea7d,7935972.973895055,7935978.755997309,7935985.42542299,5878,200,5.782102254219353,6.6694256803020835,176
7ec413f0-0f77-4d94-927b-c781eb3d77f6,9eeda092-546d-42e1-bbec-a34b1a994009,7935963.973977855,7935974.444825399,7935985.556508458,2444,200,10.470847543329,11.111683059483767,176
835f6dc1-2e8d-4d0c-bfa1-20eb674800c1,06312fd4-a78a-42c6-96c4-a5088cfcc81e,7935974.974053645,7935978.831977853,7935985.765873618,3971,200,3.857924208045006,6.933895765803754,160
2f2156f1-7c7a-4f7e-bf39-7decee5f8119,2a6eb3ba-e100-4c92-a9e9-1e45cee4c4c3,7935963.973981237,7935974.725713745,7935985.833988155,2402,200,10.75173250772059,11.10827441047877,288
49462e32-1390-4aed-a9c8-28f5d554e1b5,b3f7ad05-2009-4188-bbcc-48140f3b358f,7935974.974046947,7935979.410540377,7935986.093984895,2187,200,4.436493429355323,6.683444518595934,176
4baa9abb-4b5f-466a-88a3-974691d3e83a,05abfb55-c5d3-4f16-b57e-4ecd5585f804,7935974.974042729,7935980.132585723,7935986.497477751,1802,200,5.1585429944098,6.364892028272152,192
bf312ce9-f95b-490f-a2eb-7ef7d97b5bea,937c7008-06a1-4543-8676-6f44a8fe2de3,7935970.975261698,7935977.765674158,7935986.798406172,5588,200,6.790412460453808,9.032732013612986,160
762db2a2-58fa-4e2f-aceb-ba321e15a5d1,4de1cfe3-bafc-4c88-b75f-5e9daea7a2a2,7935978.974333257,7935980.294267482,7935987.131405723,2368,200,1.3199342247098684,6.837138241156936,176
d43a07a6-cf3c-49b3-81ad-b5a07b4b9611,8e5e9e24-503b-4789-a98e-bdb4919e34a0,7935976.97428804,7935979.825333659,7935987.563496401,3692,200,2.851045618765056,7.738162741996348,192
14f699ec-79f4-4455-8ddb-5beba854c842,6373bd4f-7ecf-4f59-8cd0-cf0889386d97,7935963.973974857,7935976.591525478,7935987.606359205,861,200,12.61755062174052,11.014833726920187,192
4afd1a79-068f-48e2-8cf5-16b2f52cd3f1,f76488c6-8ad5-4bcf-b4de-98e28d0c5d12,7935963.973967299,7935976.705207463,7935987.719638521,1154,200,12.731240164488554,11.014431057497859,192
59e3ace9-9c5f-43fc-a83a-b9d39d8bc4ce,df0744dd-23a1-49aa-a465-e4b3a210dd4c,7935978.974344344,7935980.653208255,7935987.834164193,595,200,1.678863910958171,7.180955938063562,288
1bae8aba-54cb-4235-b544-6d921d7afece,5fc01b85-436e-42f3-985e-da333a5cd88e,7935978.974347865,7935980.851364184,7935987.90345761,1049,200,1.877016318961978,7.052093425765634,160
1bd2949c-a9b8-4a35-b3e3-b8a86cd670fd,2a6b418f-fb9e-4337-90a6-71ef5a5391d6,7935978.974350695,7935981.064512123,7935987.986885105,792,200,2.090161428786814,6.922372981905937,160
f1a5ccfb-0404-4d30-b9fe-29269ec97cac,bc551782-d1de-468d-8312-b5fe56632f64,7935978.974353126,7935981.255463123,7935988.0699745985,1458,200,2.281109997071326,6.814511475153267,160
65be5b90-853b-4aec-ab0a-da3feff34008,0a12384f-0fb8-4809-b8db-e918b89100c7,7935963.973956365,7935977.151239067,7935988.16721616,3370,200,13.177282702177763,11.015977093018591,176
7d6608e8-1917-4f6b-b8d9-a5c1ff959ff2,a52c7e36-dca1-4901-9673-56c0a94f5015,7935979.973924197,7935981.2790124295,7935988.208798462,3579,200,1.3050882322713733,6.929786032065749,192
1e7d2f91-ffa1-49fa-a7ea-d1c4bb5f9366,c0aa256f-23f1-483c-a314-1e45b1d0a471,7935970.975241831,7935978.729274818,7935988.366937689,2858,200,7.754032987169921,9.637662870809436,16
e10f9564-a712-4bb7-9944-7c684a28fcef,eaf119a5-4710-4ef6-96f9-c67f053ee28e,7935976.974298509,7935979.205206342,7935988.616015746,871,200,2.2309078332036734,9.410809404216707,160
04c0b75a-7917-4d42-ac76-68b7e61c5917,583eb43e-4777-43dd-b3ac-37d66ab778b1,7935980.974327345,7935982.817669529,7935988.905177849,5741,200,1.8433421831578016,6.087508320808411,192
fd61e2b0-5c67-4823-8f4e-22efe9fddfbb,95a97b7f-b9b9-4ff5-b501-08226dc92408,7935974.974029411,7935982.928527532,7935989.445572088,5794,200,7.954498121514916,6.517044555395842,160
4ad8561d-05bc-40d1-a8d3-fee21ab8e410,38bd04e6-cb8f-4c97-a175-530eaa1094b0,7935980.974330016,7935982.188628802,7935989.836139966,2534,200,1.2142987856641412,7.647511163726449,176
b967322f-926d-44f6-8c70-043ae88bc870,a863f06a-1dc1-4688-946e-30c3758ebea2,7935980.974312409,7935983.667101147,7935990.103343843,2161,200,2.6927887378260493,6.436242695897818,224
9eba1b05-f4a3-4dcb-b048-cebd80549d8a,2c929018-1efb-4278-a9f8-81ffee848167,7935980.974332519,7935984.634224026,7935990.214786712,5060,200,3.659891507588327,5.580562685616314,176
39e9c687-a88f-4fdd-80ba-afdb55138c6b,06fc1b29-ed92-49b8-98c8-5792e32d0ecd,7935980.974323546,7935985.476318894,7935990.776220429,4565,200,4.501995348371565,5.299901534803212,160
18b98832-9da5-4843-acdc-a6ef22a6e8b9,e7496e05-d4a7-4d53-8d10-3adebad8c63e,7935980.974336053,7935984.863742327,7935991.255795329,5305,200,3.889406274072826,6.392053001560271,176
87afbc98-78bd-4027-8512-09ae6af8f287,18f863ed-97ca-4066-89d0-577bf721924f,7935982.973845649,7935985.891468226,7935991.8085257895,5978,200,2.9176225773990154,5.91705756355077,192
d30e3070-d156-4fa6-a959-4de0c8ef79d0,e8f6df88-143b-40ff-bdb8-5b4fe35021da,7935971.974270627,7935981.235772006,7935992.5027374625,2010,200,9.261501379311085,11.266965456306934,288
88200f0a-bfaa-477c-bd0b-05d9acb9a52b,d9293aa0-6ed4-4395-a220-45f64de96d9d,7935982.973835455,7935984.906381096,7935993.247733263,5955,200,1.9325456405058503,8.341352167539299,160
90830eaf-0b87-4a96-9821-e0b0e09038b4,929c8784-19f8-4a41-94f3-58e17f2b5956,7935971.974267265,7935982.017616753,7935993.315066926,5758,200,10.043349487707019,11.297450173646212,224
9549670f-eae8-4480-9cf1-00b453791546,2b8e65d1-d959-42ef-85da-c23c233207a9,7935971.974257965,7935982.467663526,7935993.765721386,3588,200,10.493405560962856,11.298057860694826,288
725858ed-6a48-4921-b11a-be9299df11a1,54817b76-e7bc-4b7a-abc8-5a293f291076,7935984.974038589,7935986.6619340405,7935993.854069309,5827,200,1.6878954516723752,7.192135268822312,192
4cd2c193-b77b-43e0-9029-754df8508838,6d17f320-f4be-4fd9-8926-c85f69e9bb80,7935982.973852808,7935987.12059854,7935994.151118076,5933,200,4.146745732054114,7.030519536696374,5888
81cef345-c778-479d-95fa-0ce2ab26639d,9275074f-0819-42b2-9e68-2fb2aa8483cd,7935982.973849386,7935985.081270407,7935994.204659042,3604,200,2.107421020977199,9.123388634994626,3376
ba53d352-3a18-4a6d-9d8c-775c047d732e,abf7562e-34ae-4c0d-9940-697f33aab22b,7935929.97439856,7935983.683223069,7935994.785295618,5816,200,53.708824508823454,11.102072549052536,192
ff871fe5-9b20-4dea-9eca-1b2b24e47b69,6995a6dd-6449-45b9-9e24-0d2cb8df19aa,7935984.97402029,7935987.678331323,7935995.164692631,5939,200,2.704311032779515,7.4863613080233335,160
a3993915-464a-4a97-986a-28e8ef3a7ded,b294c638-1caa-4f73-aea8-c2de71511a8d,7935965.974408788,7935984.377694787,7935995.453777709,5733,200,18.403285999782383,11.07608292158693,224
0158cf67-baa4-4168-a556-06c6560efd7f,afafd84f-c43a-4a5b-a307-c257cbf756bb,7935929.974404662,7935984.477510734,7935995.574102004,5756,200,54.50310607254505,11.096591269597411,176
4c68333a-4fe2-4e06-8108-6303a0ca5760,11a2967c-8c37-4e82-b852-df78459a03a9,7935929.974401542,7935984.811598217,7935995.909665805,650,200,54.837196675129235,11.098067588172853,160
cfd1d969-c890-40a6-b2ed-8def2d09f748,9557c1f9-8651-4a6f-bfd3-0c96ede25015,7935965.974422224,7935984.992700861,7935996.063393396,4101,200,19.018278636969626,11.070692535489798,192
2eb7c102-9ce4-44ef-a806-f381a70b9877,b330bc7f-ccb0-415f-add5-1d92834e01ef,7935984.974032162,7935988.885150122,7935996.604983026,5878,200,3.9111179606989026,7.719832903705537,192
c8963698-ebfe-418e-859e-5213285333ff,f04da30f-7925-4b12-a187-bd76eb4d9712,7935984.974028397,7935988.880514432,7935996.794046589,2767,200,3.9064860343933105,7.913532157428563,288
3d780f09-edb1-4302-bd75-0f60437a37d0,01cdd06e-7cd8-45a4-a533-c8a41a0c3d07,7935965.974426418,7935985.752601918,7935996.848480504,5689,200,19.77817550022155,11.095878586173058,192
ccd129c5-37ca-4d00-87ab-8ee8350c6766,383fe816-1603-4be4-bd50-ca1ab0a1996d,7935973.974323102,7935985.614570376,7935996.875897618,2651,200,11.640247274190187,11.261327241547406,2640
ce44f7e2-3d23-4df8-8d51-acf94b2f0126,11a2967c-8c37-4e82-b852-df78459a03a9,7935973.974326634,7935985.614107773,7935996.875841159,1020,200,11.63978113885969,11.261733386665583,848
a74546ce-7ac9-4079-9926-a9dfbd254e5f,7fca321f-d32e-47b6-bc07-6471abedc94d,7935986.974424567,7935989.668061726,7935996.961204514,5994,200,2.6936371587216854,7.2931427881121635,160
901eb0cf-235d-464e-928e-122e2f468475,0035d189-b7ba-4219-bf54-b6c735ceb63f,7935929.974394398,7935985.954042611,7935997.0723485,5824,200,55.97964821290225,11.118305888958275,160
2ccc6ee0-6099-463b-abce-625d76a99878,7f81c22f-585b-43ce-a4c2-95ec78954dfb,7935965.974430145,7935986.04332484,7935997.1294931555,1860,200,20.0688946954906,11.086168315261602,224
eee7f155-9689-48b9-ba0a-e09285789447,bee5e930-99b4-4b1a-8085-5d0945f9389e,7935986.97441192,7935988.8314311,7935997.182702833,4104,200,1.857019180431962,8.351271732710302,192
fe37de29-ec05-4a3c-859f-996720612145,e088525b-8b4c-427f-8e0c-45636e723004,7935986.974421172,7935989.649650592,7935997.513837761,5259,200,2.675229419954121,7.864187168888748,224
09b5c396-2e75-4397-a40b-e7ae5b7293a5,e4309e54-f368-4beb-8abb-5e8553b2a1cf,7935929.97438385,7935986.826952008,7935997.993729899,5806,200,56.852568157948554,11.166777891106904,224
fca64de8-516c-44d6-8ead-867a8394c61b,e4309e54-f368-4beb-8abb-5e8553b2a1cf,7935973.974313039,7935987.044087752,7935998.272188391,5796,200,13.069774712435901,11.228100638836622,224
0867f9a9-edb6-4f19-b005-8381f491c72a,0a12384f-0fb8-4809-b8db-e918b89100c7,7935988.973884679,7935990.742993172,7935998.7968918355,3591,200,1.7691084928810596,8.053898663260043,176
db1a72c6-2934-4ad7-8057-a719b0b8acf9,78c7ebb0-2d9a-4cfc-adc9-dc9ee1c4eab2,7935988.973873468,7935991.808852252,7935999.413291466,5566,200,2.834978783503175,7.6044392148032784,16
b5a5e2d1-6241-48eb-aa59-af477a492a12,21f73bb5-88cc-41cb-8490-dd67bd327277,7935984.974035369,7935990.511870169,7935999.540228573,1301,200,5.537834799848497,9.028358403593302,160
304ddd69-8311-42b7-9db0-9d532a1f2265,34a3ac54-2f1b-4afb-9125-f0ecfe19b0a1,7935988.973888803,7935991.950309349,7935999.657297749,462,200,2.976420545950532,7.706988399848342,192
20cf507c-8b4d-4ffc-bf2e-435aa7591b82,b6b50fed-883a-44d8-a0d2-154444ac9b9d,7935931.974039443,7935988.604328171,7935999.742194707,5932,200,56.630288728512824,11.13786653522402,176
3677585a-2bbe-4e4a-883c-7da288f7a512,5b55315f-f2f0-4b55-bb8c-4ae8696d9e6c,7935986.97442761,7935992.257503643,7935999.828285135,1529,200,5.283076032996178,7.570781492628157,176
933a64d6-a054-4d1a-8f62-8623dceb5c86,614e6400-b3e8-4e96-b9c3-056d4cf0c685,7935990.974365805,7935991.934462242,7935999.861056339,2481,200,0.9600964365527034,7.9265940971672535,160
df48716c-334c-402a-8161-13d28d0cf73b,522f3597-4ed8-4897-9cb3-a933f9bf024d,7935973.974329831,7935988.797172692,7936000.001953322,6255,200,14.822842860594392,11.204780630767345,224
abfe3008-32b1-490f-a939-dc26ef1ef37c,383fe816-1603-4be4-bd50-ca1ab0a1996d,7935990.974377477,7935992.32029837,7936000.012043087,2706,200,1.3459208933636546,7.691744716838002,288
e5758bda-8f7f-427c-bc3e-dbaa48de8a4b,ecf1639d-7d01-4ec2-989b-319b083d49e3,7935990.974388245,7935992.913404532,7936000.266482726,6088,200,1.939016287215054,7.353078193962574,192
675e60ae-28f3-4bcd-a3da-cb1b915169a6,e128d93a-5ba8-457b-a873-34471e825c50,7935967.973832421,7935989.345865354,7936000.483683452,5803,200,21.372032932937145,11.137818098068237,224
41619584-a8fb-4cb7-9c6f-b1b2e9dc44fa,c0aa256f-23f1-483c-a314-1e45b1d0a471,7935933.973901261,7935989.399499556,7936000.52212962,2810,200,55.42559829540551,11.122630064375699,2720
829dc3a1-b444-47a3-a871-7de4744901fd,2a6eb3ba-e100-4c92-a9e9-1e45cee4c4c3,7935973.974332464,7935989.596355401,7936000.751545823,2402,200,15.622022937051952,11.155190422199667,2400
9a3919d1-7250-4706-985a-d9e8571414cb,b952ea77-91ff-426e-9bca-87a362322901,7935990.974392102,7935994.663523182,7936001.204359179,5837,200,3.689131080172956,6.540835997089744,176
036e0836-3fc1-4f80-a96d-830c68d24d65,abf7562e-34ae-4c0d-9940-697f33aab22b,7935967.973835692,7935990.143540617,7936001.234182293,5791,200,22.16970492526889,11.090641675516963,192
9368cc47-51d2-4c0c-a6e0-044ab564f3dd,f18570f2-d4a3-4893-9ffb-be09b490d0dd,7935933.973912678,7935990.144061661,7936001.2514458345,5370,200,56.170148983597755,11.107384173199534,224
05badabb-cad6-4b40-9412-b51402eb8cc9,e9bc7a92-eadd-413c-b3b9-622476997ae1,7935990.974381632,7935992.384418562,7936001.670250016,2698,200,1.4100369298830628,9.285831454209983,2688
4449340b-fd31-4758-b7fc-18fb9647d286,0b2debcb-f399-4d3c-89e9-0a9d700f6b3e,7935967.973822095,7935990.920517828,7936001.996703423,5984,200,22.94669573288411,11.076185594312847,160
106ded97-0124-4531-a4ea-2d71f90b9a38,afbaa7d4-dd8a-4673-887a-531114e49c64,7935990.974385099,7935994.258008292,7936002.213337121,5958,200,3.2836231933906674,7.955328828655183,160
304956f3-7adb-452f-a851-c636c60f914d,e495b9a6-189d-4aee-bef9-48cf6c56835e,7935992.974207002,7935993.92064143,7936002.469597871,761,200,0.9464344279840589,8.548956441693008,160
dc9319fc-0965-4d1b-97cb-6ebd1fbe8863,91152587-decc-47ab-9f6b-e6eb00d2bbdb,7935992.974228675,7935996.503295812,7936003.9410685785,6368,200,3.5290671372786164,7.437772766686976,192
db3e500b-8d17-436e-b817-2d788abbc36e,8263d56c-0301-4b0e-9bce-d56c30ac60df,7935975.975015315,7935993.3133766,7936004.307659077,5915,200,17.338361284695566,10.994282477535307,192
53aaf104-b9ad-4997-8741-44ca3c5eeb34,a04b43b6-d229-474d-9233-e6d9265116cb,7935992.974218925,7935995.24800756,7936004.680884694,557,200,2.273788634687662,9.432877133600414,224
31414716-76d9-46f9-8a24-54d94377d0b4,995b512b-75be-4e4a-842c-d44fe43bcbfb,7935992.9742227,7935995.38882566,7936004.725726866,3714,200,2.4146029595285654,9.33690120652318,224
8c07e681-d148-46d1-b8b6-15e6c5130b08,87790c2b-aa62-4df2-9e78-4b07d45b22cf,7935975.975011994,7935994.099331537,7936005.077928077,6008,200,18.124319543130696,10.978596540167928,224
ea01d7b4-7051-4861-b4b6-e28ae6a8ee97,ed6fbd43-efd1-4415-8aa9-6d1c4533dabb,7935992.974225524,7935997.158200201,7936005.212464323,5798,200,4.1839746767655015,8.054264122620225,176
fb922a59-fb6f-4222-91f1-b050c67f5aef,6ef9927c-c75e-4eff-83fc-b5a5da22a604,7935994.974552174,7935997.2827034015,7936005.774695871,1819,200,2.3081512274220586,8.491992469877005,192
98ca6173-d3ab-4877-8d2f-731cf7074998,7e271716-92bb-4055-a16b-52c471a6e0bd,7935975.974998639,7935995.022828228,7936005.948171861,1971,200,19.047829588875175,10.925343632698059,288
9dc9bfd9-f91c-4648-87d1-64736820d42e,1d9d626d-bdd6-47b7-97ff-59c3342ff0bb,7935969.974469897,7935995.453931536,7936006.360999015,1846,200,25.479461638256907,10.90706747956574,192
b52e265f-1a92-4368-97e7-0cecccd8c3d7,548fd163-71d0-4642-9386-c5a09a047dbd,7935994.974555176,7935998.200978642,7936006.61885476,4984,200,3.226423466578126,8.417876117862761,224
10c2a322-cfb6-43a4-9a76-9046ab1c28e8,a5235a93-b69b-4a71-abbb-70c3b3877e5c,7935994.974542617,7935997.369943344,7936006.646628146,5842,200,2.3954007271677256,9.276684802025557,192
a35cfcc5-3cbe-4dbf-ac91-57434f4edb8b,1be50b09-a329-4921-955f-90a9f21fcc54,7935996.973913265,7935999.832841534,7936007.024444497,1453,200,2.858928268775344,7.191602963022888,160
c14c24eb-3a05-4ce6-8484-23c52b9c8f71,cfa869f2-0e7b-48ac-912f-0f1682a5bebc,7935977.974583599,7935996.114619167,7936007.060797608,558,200,18.14003556780517,10.946178441867232,176
cb3733c3-eec0-44f3-b54a-001c973506b9,e90299f6-57f5-4b5e-8152-c30f4c5c2d66,7935977.974597371,7935996.277500557,7936007.201367546,1080,200,18.302903185598552,10.923866989091039,176
c5d8135a-5b32-4556-9a5a-24c80a9e12cd,12f27011-1d1f-4e75-a7d0-158faedac5c8,7935935.973937725,7935996.135935656,7936007.311679107,4438,200,60.161997931078076,11.175743451341987,192
b234d4d6-d2a5-4b6c-81df-dacfe7ae7da1,39bc6c25-b2be-478d-9919-83b0de268d70,7935969.974481193,7935996.963942304,7936007.812871565,5827,200,26.989461110904813,10.848929260857403,160
b0cad1a7-521d-41cf-80d5-b6e2dc652d70,21fceb3e-85db-49d7-a533-5ed37d9c5035,7935996.973896094,7936000.516233477,7936007.988762219,2103,200,3.542337383143604,7.472528742626309,192
59ef5a86-3f39-4354-823f-a4f5b86ef779,096de4a6-59ff-48ea-a5bc-74fe92e53140,7935935.97394821,7935996.959064458,7936008.1324842805,2405,200,60.98511624801904,11.17341982293874,192
9611ccf7-73ed-4751-bcbf-681e35d4cd10,6a54a866-8f11-4918-ad94-a31e5ed06135,7935935.973952436,7935997.0280863345,7936008.184863174,648,200,61.054133898578584,11.156776839867234,176
4cbfe7d5-647c-44e9-8da9-a3036832cb4f,6dac39d7-6c17-45bc-aff3-f0b80b131575,7935969.974484369,7935997.346853752,7936008.193984109,2360,200,27.37236938253045,10.847130357287824,176
66dce77e-069f-49a3-98a2-6970d477b9e0,e2c3fa11-0aab-4c48-98f7-3d3522c5fa51,7935996.973907951,7935999.565152452,7936008.33745671,5480,200,2.5912445010617375,8.772304257377982,160
e564f28a-dc29-40b2-9cb9-405daa41fc1e,b8900caa-bd41-45bf-8132-fa03c5e8c8dc,7935996.97391069,7935999.29448519,7936008.614831669,599,200,2.320574499666691,9.320346479304135,192
b0400a48-d3b2-4b26-aa16-91d0c09f2669,18a3256f-2391-44cc-8b21-9f9538eff167,7935996.973904506,7935999.738966314,7936008.620368862,5979,200,2.765061807818711,8.881402547471225,176
5ffa94bc-a665-41ac-8c56-f2ff4170eaed,f18570f2-d4a3-4893-9ffb-be09b490d0dd,7935998.973764722,7936000.240942528,7936008.941142865,5370,200,1.2671778053045273,8.700200337916613,224
4676ce08-7a75-4c0d-82ce-53a7f111e7b9,961158f4-59d1-44e2-aa5a-ebdcb33cc610,7935935.973956152,7935997.873953941,7936009.028839577,5887,200,61.89999778941274,11.154885635711253,176
209f85f4-b17a-4a6a-b079-2f841e65fbf0,acf1c310-789c-4b46-9c4c-aa4020ee454c,7935935.973959441,7935997.9893392995,7936009.136013987,1190,200,62.01537985820323,11.146674687042832,192
87a82a7f-cbf7-42ed-bb50-4b9f8e494653,e624dbbb-c081-4a44-b1fc-b30d15208ed4,7935998.973768487,7936000.553126572,7936009.193250138,2326,200,1.5793580850586295,8.640123566612601,224
07f3a9ff-d7d7-4e8c-801c-badf011a2be2,0a12384f-0fb8-4809-b8db-e918b89100c7,7935998.973755442,7936001.176249934,7936009.295235981,3805,200,2.20249449275434,8.118986046873033,3536
d6a653f0-1633-4cec-9a92-11d5c5acfbb6,e495b9a6-189d-4aee-bef9-48cf6c56835e,7935937.973984703,7935998.20851349,7936009.357409308,607,200,60.23452878650278,11.148895817808807,160
748c2472-b8d8-4094-abbb-a8a1b6cc50e2,e8f6df88-143b-40ff-bdb8-5b4fe35021da,7936000.973938217,7936003.015839634,7936010.055400765,2055,200,2.0419014170765877,7.039561130106449,288
769fcced-79b1-4d30-8265-00682b6f19d9,74def355-9a6f-4dea-aed5-4077f6996685,7935937.973987823,7935999.045428076,7936010.186034442,5914,200,61.07144025247544,11.140606366097927,176
71253d18-4375-497a-ab10-64c64255a007,9c642a25-cabd-44b1-88b8-98eaa23c9be3,7936000.973948934,7936003.462103258,7936010.344485369,5535,200,2.488154323771596,6.882382110692561,192
267a440e-f876-435c-84d9-acb5955dc819,b6d0191d-230c-484f-8de2-79d96d0d39c7,7935998.973771926,7936001.863798327,7936010.421607719,2953,200,2.890026400797069,8.557809391990304,160
ab2aa7e6-edea-4bca-a9ba-710218e17ea3,7ecb3eec-b83e-4819-a7f9-fe7a738640b6,7936000.973956586,7936004.051819286,7936010.644013344,5752,200,3.07786270044744,6.592194058001041,192
8fb48a17-3e3d-44f7-acf2-2ee25ac33b0f,c357b8bf-f678-4933-aee9-8582856de38b,7935937.973990099,7936000.033082303,7936011.2007359965,6607,200,62.05909220408648,11.167653693817556,160
360757cb-02f2-41aa-9c59-4eb86fcf5899,d4238793-b034-4004-8635-9639e6bd91f6,7935937.973978345,7936000.864865152,7936012.054901514,5954,200,62.89088680688292,11.190036362037063,160
7c97bae9-4c37-4d2c-afd0-bc1e939571fe,0038992e-64f0-433e-82d3-367cf8fa2c76,7935977.974593597,7936001.77516781,7936012.564199287,4484,200,23.80057421233505,10.78903147764504,160
414ac05d-58b6-436b-821c-027ef489c94c,31278dca-21fe-4e66-bee5-737381c4ab34,7935979.973907853,7936001.720259299,7936012.661719195,1522,200,21.746351446025074,10.941459896042943,192
89d029b9-55be-4dee-adea-aa55497349ad,ae63a74d-ec05-43be-9fce-442acded5b4e,7935979.973921179,7936001.826220161,7936012.773882681,787,200,21.852298982441425,10.947662519291043,192
e4d8166f-930c-4f4b-a370-5f9eb6627ca1,8e5e9e24-503b-4789-a98e-bdb4919e34a0,7936002.974329224,7936005.789175336,7936012.967384063,3692,200,2.8148461123928428,7.1782087264582515,192
11232462-7c61-422b-b7ab-3f65390f7055,01cdd06e-7cd8-45a4-a533-c8a41a0c3d07,7936002.974305366,7936006.415415992,7936013.488156891,5839,200,3.4411106258630753,7.072740899398923,192
900f8122-c197-474a-b23b-ef3eaa2d8c85,aa544b43-9b4f-46e1-b4cd-a465947c3251,7935941.973961192,7936002.386588754,7936013.574517215,5778,200,60.41262756194919,11.187928460538387,192
0eccc9cb-e3ff-44b4-9d5c-a73e90b05690,6773d64e-c4f2-4e4b-895c-24140b31607f,7936000.97395308,7936004.6331966575,7936013.7111267615,5845,200,3.659243577159941,9.077930103987455,192
8372e905-e53c-4fdd-bc86-9b8b615d2e1a,a95d4290-526f-498c-bb05-5a23a8195ec0,7935941.973957604,7936002.778619391,7936014.007712905,3029,200,60.80466178711504,11.22909351438284,160
a74d84ad-5e14-415d-88d7-2e3245c03139,5e5a3766-9cfb-4baf-a1b7-875a90db3d82,7935979.973917593,7936003.467104318,7936014.231426166,5882,200,23.493186724372208,10.764321848750114,176
a4c93c01-3f36-4650-858d-3d5ae39a2499,047bea13-6787-41b6-a5a4-e3a836c6c6ca,7935979.973926969,7936003.890013952,7936014.654892395,3155,200,23.916086982935667,10.764878443442285,160
298e80c0-0289-4296-81b2-1724f048fdb1,bf3576f0-1508-41f7-9a01-7c035b15e907,7935941.973964476,7936003.748128879,7936014.9280852275,6609,200,61.77416440285742,11.179956348612905,192
a62a54f3-ae15-49b8-b633-fe350130ce7e,f88bb08c-4a52-4a43-a69a-b3b68f451538,7936002.974335641,7936005.917991675,7936015.015448406,6228,200,2.9436560347676277,9.097456730902195,160
c7f9ade3-d2b3-4798-96e6-e75b8deecfb1,764b887c-0f76-4dbe-8fcb-1a144f07cbcd,7936002.974332393,7936008.106184708,7936015.033493062,2210,200,5.131852314807475,6.927308353595436,176
ff167951-acd0-4e27-bc61-79e5d2b34e28,a56b5ec4-1cda-4da7-971c-0291ce94dafa,7935981.97448608,7936004.534376403,7936015.324217941,1013,200,22.55989032331854,10.789841537363827,160
26f5ef49-893b-4989-afc6-a14170fab82e,bee5e930-99b4-4b1a-8085-5d0945f9389e,7936002.974315436,7936006.688584219,7936015.43217572,4104,200,3.7142687831074,8.743591501377523,4096
68b38c90-8a86-4ac3-8a36-cdc10aea9cf1,f4ed1c61-877b-407f-bec1-a5080fdbd2b0,7935981.974482283,7936004.427174214,7936015.439616841,1718,200,22.452691931277514,11.012442626990378,192
78201f87-8b71-45f1-84b0-9d347be60cb0,2a6eb3ba-e100-4c92-a9e9-1e45cee4c4c3,7935981.974472514,7936004.428351777,7936015.44112086,2402,200,22.453879262320697,11.012769083492458,2400
6f25d50e-5246-4240-a92d-30fece7c2032,f2e623bf-4085-4da8-a0e0-3eb712c8e231,7935943.974426698,7936004.553152542,7936015.718398534,5842,200,60.578725843690336,11.165245992131531,176
526dac20-375c-4bcc-9be3-484b868286a0,92a7f10e-4538-40db-8647-82796b2a10aa,7936002.974322343,7936007.679679809,7936015.932884876,5927,200,4.70535746589303,8.253205066546798,160
98a33a6a-7dff-4949-9136-e0bb4a27d270,a6efb579-aa74-470f-aba5-7b8844de154c,7936006.974733145,7936008.643027818,7936016.167110443,5096,200,1.6682946728542447,7.524082625284791,480
02f268b2-c3cf-40a3-afdc-b8966e8c72a8,168275c1-deb0-4465-8f8a-3dcdf57e22ce,7935945.974144244,7936005.284109555,7936016.446270416,5488,200,59.309965311549604,11.16216086037457,160
aba01dc8-20d8-4c46-8536-07e16163000a,96e352eb-b046-4e48-a206-53a1eee8c0ed,7936002.974318922,7936009.1521197315,7936016.579818481,1779,200,6.177800809964538,7.427698749117553,176
531b40b7-763a-46a4-8be0-f16fdf878327,6582c1ba-13ad-483e-8428-492bebf8d206,7936004.973848322,7936007.269883317,7936016.606590484,5857,200,2.296034994535148,9.336707167327404,224
a91bda71-d5b0-41b3-af61-7177815e611c,3e480c2f-1023-4d91-88fa-a8b489c3d9c9,7936006.974741978,7936009.122500173,7936016.704644504,1291,200,2.1477581951767206,7.58214433118701,176
f97927af-853e-46d1-b82f-005422942a5b,a284dc61-34eb-45cc-857a-6a8eab8536a1,7935945.974146913,7936005.960229599,7936017.097431002,4728,200,59.98608268611133,11.137201403267682,224
abec80aa-df36-4594-9b2a-7e6855716ed0,98ac192e-deec-4570-b34a-56d60e56dc71,7935983.974178967,7936006.359738578,7936017.210897505,2032,200,22.385559611022472,10.851158927194774,192
f93f3d55-5573-420d-968f-b5ea49b83ca3,23e2deaf-5aec-4dee-805d-ab1d76d05bf4,7935945.974149595,7936006.293415778,7936017.4418989,2531,200,60.31926618330181,11.14848312176764,160
4424be79-607a-4251-b7c8-67bc783d9a5f,e2db953a-3b42-4c69-8094-c08e5f2f1e07,7936004.973858148,7936008.644522458,7936017.922093862,2115,200,3.6706643104553223,9.277571403421462,192
0845fe46-09fa-4c12-8feb-5fe6fee59704,26a045fc-da78-4fb2-b580-9fa1440dca8e,7935983.974198128,7936007.175705089,7936018.059086025,5935,200,23.201506961137056,10.883380935527384,160
6bda9043-474d-47fd-a5bf-ea45f78f0bca,6451150b-8176-4edc-977c-58e74288094d,7935983.974188284,7936007.0998556,7936018.198831759,2879,200,23.125667315907776,11.098976159468293,192
79ca922d-1ea3-4e9f-85ab-0eb0c1529b75,6bf8b67e-ba7b-4962-b021-3100e5dc69e1,7935983.974192172,7936007.33686387,7936018.219397187,1429,200,23.36267169751227,10.882533317431808,224
c0d34002-ccd3-4bea-8e55-102ed18d5c17,b952ea77-91ff-426e-9bca-87a362322901,7935945.974161031,7936007.090958102,7936018.228398658,5847,200,61.11679707095027,11.137440556660295,176
141692f6-3bca-48ee-9de4-e4494a7ca631,158a3758-8a73-4b48-8df1-3a54b581611f,7936002.974325911,7936010.316772311,7936018.240383445,5852,200,7.3424463998526335,7.923611134290695,192
85c7e021-0b24-474b-84ef-08e075759026,b6d0191d-230c-484f-8de2-79d96d0d39c7,7935945.974130116,7936007.48480327,7936018.627643187,2951,200,61.51067315321416,11.142839916981757,160
7d1d1a90-a9b8-411d-a2e8-e6b9e673e6c8,7e271716-92bb-4055-a16b-52c471a6e0bd,7935945.974158542,7936007.697421288,7936018.841027419,1949,200,61.72326274588704,11.143606130965054,288
326fc66d-6878-4e78-8f38-c67d44137cbb,0d393f18-32f7-4856-b2a3-705b9147e436,7936004.973861548,7936009.640744773,7936018.8922449155,5875,200,4.666883224621415,9.251500142738223,192
6de3c63f-d4e0-4ad9-bb76-765c9adaebf4,fbea4e9e-c510-4c9a-8e1f-ca6073d14deb,7935983.974195147,7936007.933134038,7936019.027624381,5880,200,23.9589388910681,11.094490342773497,160
c4307a39-0922-41ac-a597-de233ede97f6,d466e64f-dce6-42a2-a60f-863c44e0803e,7935945.974152798,7936007.916111023,7936019.06673361,1651,200,61.9419582253322,11.150622586719692,176
70dd222f-13d3-4cfb-b99b-2fff774dd7b5,eebb2bf9-1068-482e-b93b-f5660953911a,7935945.974141266,7936008.1876712665,7936019.355876095,1957,200,62.213530000299215,11.168204828165472,224
d7576617-4eff-468b-83b2-561559c346fa,56b64791-72e9-4353-8daa-808f7d741c64,7936006.974745688,7936010.4312955355,7936019.376932035,5825,200,3.456549847498536,8.945636499673128,176
4cbbd1ca-7bc5-4d3c-b799-351cb72c6452,c2544ed7-4cc3-41ba-bc4c-4d76b48b4602,7936008.974046985,7936010.999840129,7936019.383214149,1694,200,2.025793144479394,8.383374019525945,16
70b4780d-4422-491e-b081-b44b0ad45f74,451a9b19-a212-4faa-a8f6-2dba2b487636,7935945.974155558,7936008.9645164,7936020.140340837,5782,200,62.990360842086375,11.175824436359107,224
c8d92767-62aa-44f4-a063-b8bb05b3b0e2,bf643991-8072-4e34-aaba-6aa45667f279,7936008.974034759,7936011.491008544,7936020.667634614,2051,200,2.516973785124719,9.17662606947124,160
c7cf808e-bcae-4091-ad30-cb3eb1a43468,16e9d9d1-48cf-4b87-a42b-57a6058ec096,7935947.973916399,7936009.747089337,7936020.921458204,5787,200,61.773172937333584,11.174368867650628,192
735b34cc-cda0-4c61-9222-9ae6175bf5d3,2dbf224b-17cd-4061-a60e-d8b8bf91c15a,7936008.974043768,7936013.107586883,7936021.336885939,5852,200,4.133543115109205,8.229299056343734,192
64775868-3f77-4dad-9564-de388ee7f379,12f27011-1d1f-4e75-a7d0-158faedac5c8,7935985.974284601,7936010.551123071,7936021.5249494715,4687,200,24.576838470064104,10.973826400004327,192
02c24655-7d1b-44e2-bf25-6b7fd6bc344a,1459b68e-f660-4e66-83c5-c861ebfa7b52,7936008.974026514,7936012.840926262,7936021.580112661,5951,200,3.866899747401476,8.739186399616301,192
19196f6e-0217-4c24-9043-8a8fcea11910,f2e623bf-4085-4da8-a0e0-3eb712c8e231,7936008.974040913,7936013.876772569,7936022.225741579,5842,200,4.902731655165553,8.34896901063621,176
e3d3ebc2-bb19-47ae-a1ac-66006ceb1d71,b6b50fed-883a-44d8-a0d2-154444ac9b9d,7936010.975020641,7936013.114643232,7936022.364401729,5844,200,2.1396225905045867,9.249758496880531,176
17b17121-031b-4d9f-8f4f-509d6cba0d4f,95a97b7f-b9b9-4ff5-b501-08226dc92408,7936010.975008017,7936014.443015122,7936022.860236619,5695,200,3.468007104471326,8.417221496813,160
d21cca83-d81e-4c9c-9611-b38b14199ab4,096de4a6-59ff-48ea-a5bc-74fe92e53140,7935985.974297196,7936012.299275219,7936023.3343213955,2721,200,26.32497802376747,11.035046176053584,192
26f26a1c-f42e-4e6f-b2b4-6063ce973117,c0aa256f-23f1-483c-a314-1e45b1d0a471,7936010.975011774,7936014.984708738,7936023.385065079,2917,200,4.0096969632431865,8.400356341153383,288
a96b3657-eda4-4520-9dba-3777a86dd5df,e624dbbb-c081-4a44-b1fc-b30d15208ed4,7935949.974580188,7936012.218885329,7936023.394172392,2326,200,62.24430514033884,11.175287063233554,224
1ab815dc-8485-4026-afcb-a322cd0542c8,8b412ed6-84aa-4ec2-9281-40208ff1b4a4,7936010.975015254,7936015.701554501,7936023.576823681,884,200,4.72653924766928,7.8752691792324185,224
f675c57f-1822-48ab-af4e-b602fcd9961f,a1cef276-6150-4849-a49f-d5521b1ab18e,7935989.974670997,7936012.555617091,7936023.685125004,1775,200,22.580946094356477,11.129507912322879,288
269ef715-6e24-48a7-9e3e-cf829b023fe4,7e271716-92bb-4055-a16b-52c471a6e0bd,7935985.974301068,7936012.82774687,7936023.8958889255,1974,200,26.853445801883936,11.068142055533826,288
0709d304-0562-4420-ae23-dfa43ea1ed3c,45279b00-df84-4e7b-813d-b5d302dc8c84,7936012.973838557,7936015.661543826,7936023.998069747,946,200,2.6877052690833807,8.336525921709836,160
a4453b16-e0ac-48f7-871c-478f3e4248ae,26246547-489c-4bf5-a461-7a53ca519d6a,7936011.974502323,7936014.955670985,7936024.120833009,1388,200,2.981168662197888,9.165162023156881,160
76759859-2f78-461c-b37a-e407052a3a03,6582c1ba-13ad-483e-8428-492bebf8d206,7935949.974576605,7936013.049502547,7936024.183161546,5865,200,63.074925942346454,11.133658998645842,224
ab31bcb0-30bb-4c9c-9fa0-c8bc77ace50d,ae63a74d-ec05-43be-9fce-442acded5b4e,7935989.974667579,7936013.345771221,7936024.461496426,787,200,23.371103642508388,11.115725204348564,784
dc261ad4-d8a3-4c2e-934f-14c3850cacf5,8d0d672b-a7b3-4430-b510-6bdd1d8bb4c1,7936012.973835061,7936016.389955833,7936024.650615435,5847,200,3.416120771318674,8.260659602470696,224
a1f61c07-a421-45f4-97c6-d21e3082ec97,abf7562e-34ae-4c0d-9940-697f33aab22b,7936010.975018084,7936016.924298256,7936024.840727796,5742,200,5.9492801716551185,7.916429540142417,192
3935b7f1-6e0c-4aef-8d2b-dd4cbdff96e8,e839419a-835c-4bf1-af83-436ccab8d728,7936012.973828329,7936016.823101102,7936024.932375879,3165,200,3.8492727736011147,8.109274776652455,176
8d86a986-54f3-4c84-8a34-5b98a8c7e663,0a12384f-0fb8-4809-b8db-e918b89100c7,7936011.974527901,7936015.557358994,7936025.071946951,4014,200,3.582831093110144,9.514587956480682,176
577f5bfb-9340-4dde-b9b3-1e5927aa5064,9d3f5b11-39e8-4b8d-9a2f-bb81a7bae6d3,7935985.974307639,7936014.17615889,7936025.3090083385,3333,200,28.201851251535118,11.132849448360503,192
5ec62909-4abe-4d61-899f-97e272bf7350,1617cb07-56e4-4bb2-8e30-4e1589bac742,7935951.973950462,7936014.261745872,7936025.396554784,2675,200,62.2877954095602,11.134808911941946,176
9272938d-7343-497d-8906-176eb69a735b,361d1536-ceec-424e-9ffd-3c7b29a993b3,7936010.97499332,7936017.669349352,7936025.486598847,5824,200,6.69435603171587,7.817249495536089,160
72ffa2ff-911d-43a6-8ea5-2ee4467d62e9,deca5ee5-8d40-4e4b-893d-49946608462b,7936008.974038312,7936016.909581558,7936025.553758852,5755,200,7.935543245635927,8.64417729433626,160
102fe543-bf84-473d-92ed-2d6ec70e194e,dede0210-5552-4607-8159-2fd26af2324f,7935951.973968238,7936014.427090579,7936025.564288361,1605,200,62.45312234107405,11.137197782285511,176
714c778f-2ef9-4655-b649-f34567497b64,fe998469-a82d-4779-aa50-cc61c7408365,7936011.974520518,7936016.202065568,7936026.031215001,2892,200,4.227545049972832,9.829149432480335,224
09c1213f-66d8-45ba-aa3e-9e6083e4d9ce,f7c7eefe-8b56-4dc8-b6f3-0e7f09d2935d,7936014.975032856,7936018.088855914,7936026.08117911,5849,200,3.1138230580836535,7.992323196493089,224
dfc0d219-ae79-4b06-adf0-08db8805a015,948c2b49-f444-4991-aeef-14250d07cd61,7936014.975045864,7936018.129010645,7936026.101474081,775,200,3.153964781202376,7.972463436424732,224
ea234e96-350f-40c2-a7b1-46fd1bc0fd8e,4b292fad-a776-4332-bc3d-941725a4782d,7935985.974304789,7936015.048615827,7936026.210970969,5838,200,29.07431103847921,11.162355141714215,176
4622b8b2-4a66-41df-b824-c0da84aba42d,de310453-2360-466e-a6d3-3ca31cdb0cdb,7935989.974656945,7936015.215770787,7936026.360213756,5558,200,25.24111384153366,11.14444296900183,192
a2afa2e6-e5a6-4797-8ea1-381143aa7a1f,acf1c310-789c-4b46-9c4c-aa4020ee454c,7936011.974523807,7936017.22501616,7936026.4087017495,1382,200,5.250492352992296,9.183685589581728,192
368266a4-6115-421d-ad36-649ac43e4677,f88bb08c-4a52-4a43-a69a-b3b68f451538,7935951.973975635,7936015.281391165,7936026.412748504,6228,200,63.307415530085564,11.131357339210808,224
03442527-5645-4709-8a23-658fe4fb0b48,8b412ed6-84aa-4ec2-9281-40208ff1b4a4,7935951.973985765,7936015.386407391,7936026.524155259,714,200,63.41242162603885,11.137747867964208,224
1b5b8575-4da2-48bd-8929-9b00101be901,e839419a-835c-4bf1-af83-436ccab8d728,7935985.974311426,7936015.434486689,7936026.604803399,3014,200,29.460175262764096,11.17031671013683,176
6562e9e8-bf89-4d30-9a1c-1fd020b1b5d3,c6adb431-97d2-40fd-82e1-9e46fa15e62b,7935951.973979127,7936016.230127584,7936027.371849406,5943,200,64.25614845752716,11.141721821390092,192
9c04a7d7-2f5e-4879-8931-38cc8783468a,b92d6d18-ae56-41d7-8307-d8766d2aa7f9,7936016.973866276,7936019.275318567,7936027.57845159,2032,200,2.3014522902667522,8.303133022971451,192
22867020-5eb8-4363-a9ce-51a679e455de,995b512b-75be-4e4a-842c-d44fe43bcbfb,7935951.973971973,7936016.723540107,7936027.882191925,3543,200,64.74956813361496,11.15865181852132,224
63e09711-67e1-4097-a9ab-99600326e797,1c24e0e9-2184-44d8-be53-7aca86fd0b7c,7936016.973857118,7936019.500379912,7936028.319457434,3834,200,2.5265227938070893,8.819077522493899,224
b91510d8-c699-450b-815d-e6d761c8d5de,5e5a3766-9cfb-4baf-a1b7-875a90db3d82,7935951.973964074,7936017.557450819,7936028.722342938,5951,200,65.583486745134,11.1648921193555,176
bcd680f9-c4a8-4611-b040-f4273d819970,361d1536-ceec-424e-9ffd-3c7b29a993b3,7935951.973982262,7936018.34382179,7936029.483072826,5823,200,66.36983952764422,11.139251035638154,160
b1145ed8-f319-4714-bd82-f3148a9b6b7f,7fff0f4d-cd62-4d33-8e09-009989025b4b,7935987.973853614,7936018.394801371,7936029.555605457,5899,200,30.42094775661826,11.160804086364806,176
085aa254-1235-40c7-ba91-c0cc117ba04b,da54d551-745f-4af5-a083-f1b462d8b4b3,7935953.974555307,7936018.735793546,7936029.86788881,2745,200,64.76123823877424,11.132095264270902,224
acf40675-38f1-42d2-a201-897f0f9c82ab,641a35e5-6f76-4ab0-9200-900f50fee312,7936018.974278345,7936021.6128332205,7936030.430767867,2826,200,2.638554875738919,8.81793464627117,176
a562279d-9698-4c19-ad2b-f5cdfb06537a,158a3758-8a73-4b48-8df1-3a54b581611f,7935953.974551633,7936019.524688992,7936030.653285262,5852,200,65.55013735871762,11.12859627045691,192
becd9ec3-4487-4814-a97d-fedc05902f51,c7d4bf82-b656-4649-9145-d43cfcc0709d,7935953.974564573,7936020.310823188,7936031.438031687,5860,200,66.33625861536711,11.127208499237895,224
3fb2f775-48d6-4767-be75-a19184aece15,2a6eb3ba-e100-4c92-a9e9-1e45cee4c4c3,7935953.974567536,7936020.58416471,7936031.703432271,2460,200,66.60959717351943,11.119267561472952,288
cbecf0cd-218a-4bfb-8873-1926df817038,5e171af4-e00a-40d3-8551-bf2d4d91992e,7935987.973864531,7936020.688359361,7936031.754233285,5907,200,32.71449482999742,11.065873923711479,176
723ba42e-27e9-4bff-be84-82190f9d8845,fdc227b0-6b16-435f-95a4-a55419769f5a,7935987.973868539,7936020.8546809275,7936031.901569506,1456,200,32.88081238884479,11.046888578683138,160
34767bc5-3f3d-4b3f-ae5f-a0a093fe2ce6,9e4a66fd-e0ca-44f4-a552-5097141dcc11,7935953.974561408,7936021.319330093,7936032.246668818,5472,200,67.34476868528873,10.927338724955916,176
686fd670-7e12-4e73-a1f1-8f129a454261,2f38c29f-bc9e-4bc5-99c1-7fd57e50a30c,7936020.973843478,7936023.802212727,7936032.28758418,2641,200,2.8283692495897412,8.485371452756226,160
25e8531e-b45c-432c-abf4-693de576780f,7e271716-92bb-4055-a16b-52c471a6e0bd,7935954.974633357,7936021.536213536,7936032.351106947,1961,200,66.56158017925918,10.81489341147244,416
617cc59c-5938-47a9-aab0-ff8453eb7c88,6db5555c-9147-470f-bc60-d14016e9a811,7936020.97385847,7936024.045047997,7936033.245291962,4938,200,3.0711895264685154,9.20024396572262,176
f96a0957-6bd6-497e-9ef3-f69e9090ee1f,8f9dacfc-fe44-4310-a09b-1460546de939,7936020.973846978,7936024.662919976,7936033.288211277,5908,200,3.68907299824059,8.625291300937533,160
9366f9a6-9c3f-4f1d-95cf-d8fe54300e31,f888da27-679c-4d6f-aa21-485a21f187b4,7935955.973898766,7936023.508205487,7936033.344326962,5896,200,67.53430672176182,9.836121474392712,176
8ecaac85-b879-4d02-bcae-38cf1b6a852e,e8f6df88-143b-40ff-bdb8-5b4fe35021da,7936020.973855509,7936024.427930411,7936033.532287302,2092,200,3.4540749015286565,9.104356891475618,288
f7228eeb-38b7-4bfd-8031-e491cfcc6581,16e9d9d1-48cf-4b87-a42b-57a6058ec096,7936020.973852458,7936024.8119555265,7936033.54778569,5818,200,3.838103068061173,8.73583016358316,192
330052d2-721b-4e6e-9783-08bd939193bb,7f6b3d68-32fd-4d79-8750-b01e8964419a,7935955.973902473,7936023.956533465,7936033.750185206,3670,200,67.98263099137694,9.79365174099803,288
6b1ad818-954c-4a98-9e53-28d18ecabea9,38bd04e6-cb8f-4c97-a175-530eaa1094b0,7936020.973834185,7936024.978666973,7936033.788453452,2711,200,4.00483278837055,8.809786478988826,176
e1cec8bf-ee84-4e20-bc8d-fa98cd411d1f,d9617223-3bfc-4530-a2a7-84b7fcc611f3,7935991.973833697,7936023.072155645,7936033.8388276445,1912,200,31.098321948200464,10.76667199935764,0
c6b8e8a1-d011-40e1-abd8-927ea2a25923,39e6e02c-0a49-44e4-86c7-71fea0ddc507,7936020.973849683,7936024.480636432,7936033.9330021795,3906,200,3.506786748766899,9.452365747652948,192
8150f358-bf10-48ab-9b54-8c79bc0edbd2,de310453-2360-466e-a6d3-3ca31cdb0cdb,7935956.973892097,7936024.689459517,7936034.388738172,5289,200,67.71556741930544,9.699278655461967,192
a271ca97-a59d-480f-ac28-64e7f1f45742,2d0b64cb-12fe-4c27-890b-a69e4e1a0aab,7935956.973898197,7936024.741721894,7936034.431332406,590,200,67.7678236970678,9.689610511995852,176
d9912ca5-ab66-4217-a683-b96445c0313d,95a97b7f-b9b9-4ff5-b501-08226dc92408,7935991.973843324,7936023.854321457,7936034.574636265,5679,200,31.88047813344747,10.720314807258546,160
4bb0c5f6-ffe6-474a-9d7c-b6bcf9952e85,194a873d-95d7-4e33-8211-f30323686617,7935991.973847008,7936023.90877978,7936034.625228087,737,200,31.93493277207017,10.716448307037354,224
71fbd612-2e7e-4f7d-92c8-313213a6f312,f33ed1b7-98b9-440c-8c35-a38b4413ebf6,7936022.97420878,7936025.7863242645,7936035.014314371,5492,200,2.8121154848486185,9.2279901066795,192
0e333e94-5fe9-4be1-a02e-9f493c9cd402,d2f98f69-9db6-4ca6-ab3f-4fee73d2fcbb,7936023.974618001,7936026.779639085,7936035.6335581625,3110,200,2.8050210839137435,8.853919077664614,176
b30ad2a5-cbf5-4fe6-bd9b-bdbeaaeb954e,ee3f178d-873f-4ae5-81ad-c50bc746de6c,7936024.974689884,7936027.56890612,7936035.798243824,899,200,2.5942162359133363,8.229337704367936,192
108320bf-9257-4df6-9f8f-446375b26c8b,8a726fa4-de81-489c-98f8-8ba49638fffc,7936024.974708775,7936028.156451212,7936037.037064501,4905,200,3.181742437183857,8.880613288842142,192
6e6311b0-7ac4-4cc3-a5c4-9065c57d4649,da3224f5-6f28-408f-b4b6-ddd0c4795c70,7935993.973786372,7936026.876933338,7936037.35801187,5955,200,32.90314696636051,10.481078531593084,176
e80bc072-07bb-44f8-90c6-8adec2072d92,18a3256f-2391-44cc-8b21-9f9538eff167,7936023.974633663,7936028.588891925,7936038.033382888,5942,200,4.6142582623288035,9.444490962661803,176
25b62f34-d848-413e-8e2c-507763be5c45,a284dc61-34eb-45cc-857a-6a8eab8536a1,7936020.973861245,7936030.143669616,7936038.259594447,4960,200,9.169808370992541,8.115924830548465,224
eabf296c-3c21-4793-a544-d54d6c0960e8,5bbb49c0-2de5-4357-bd31-b7f999a7bd42,7936026.975040095,7936030.741359676,7936038.323426331,5743,200,3.766319581307471,7.582066655158997,224
b122260d-5505-498f-a4e8-d7079c02200a,2b8e65d1-d959-42ef-85da-c23c233207a9,7936024.97470183,7936029.7884168,7936038.373469308,3590,200,4.813714969903231,8.585052507929504,16
81f6f580-da8d-4ebd-ac63-e97bdb9f4da1,644cffe6-f7e2-45fc-8b1e-a5ae777f772e,7935993.973801784,7936027.892645261,7936038.389799857,5821,200,33.91884347703308,10.497154595330358,176
0f78aad9-5f04-4efc-9a9c-d39d45cae2e1,4b2a962e-9447-4684-8739-109bc56139fb,7936024.974705372,7936030.492409606,7936038.680115149,4753,200,5.517704234458506,8.187705542892218,224
656f511f-b83a-425f-b33a-f42b1dff02af,0a12384f-0fb8-4809-b8db-e918b89100c7,7936026.975043231,7936029.621318289,7936039.101526098,4217,200,2.64627505838871,9.480207809247077,3968
4d107fb8-8adb-4c90-98ed-02b0815014d4,8cc546da-7a0a-4edb-b598-3a4017c94f34,7935993.973795406,7936028.729992358,7936039.197514688,6025,200,34.75619695242494,10.46752232965082,176
d55631e5-8f73-4973-a7c8-c4b4d6d0f14d,d4238793-b034-4004-8635-9639e6bd91f6,7936022.974199836,7936031.980540237,7936039.434034593,5855,200,9.006340401247144,7.4534943560138345,160
faab5824-d315-4906-a882-62fc47b92365,aa76f5a5-1391-4a23-990b-4742ae99e457,7936026.97505373,7936033.028793839,7936039.803756128,5829,200,6.053740108385682,6.774962289258838,208
be66487e-51a3-4afb-9b6f-2148527c8e3c,6dac39d7-6c17-45bc-aff3-f0b80b131575,7936027.974597792,7936032.260590187,7936039.826201036,2603,200,4.28599239513278,7.565610848367214,176
8b6153b9-8211-485c-816b-826d91345264,1be50b09-a329-4921-955f-90a9f21fcc54,7936027.974610433,7936033.201381087,7936039.946986225,1453,200,5.226770654320717,6.745605138130486,160
d0e10695-98db-4cf6-9d35-56412c38a432,9e4a66fd-e0ca-44f4-a552-5097141dcc11,7936026.975048834,7936032.033765326,7936039.989337495,5640,200,5.058716491796076,7.955572168342769,5440
ea520c94-2ae0-4f7d-b5a9-8bc9a8ec553f,0857271c-07d1-492a-bcb3-366b5269f9f8,7936028.974946265,7936032.708408327,7936040.226577449,4167,200,3.7334620617330074,7.518169121816754,160
de789535-14e5-4a8a-bb23-d82306d683cc,7d2e5d4e-e5db-464d-b30f-0fa63819307f,7936028.974954015,7936033.138430908,7936040.27189714,2547,200,4.1634768936783075,7.133466231636703,160
47d8f6bb-9c3c-437d-af1e-ce2a9974eb22,28135364-f9fb-43e0-94f5-def56058aa1c,7935993.973798583,7936030.009583751,7936040.480978331,1853,200,36.035785167478025,10.471394579857588,176
b0db1405-f992-44e9-afff-0a670aee69ab,42f81ecc-70f5-44f6-9811-7ef3b617ba73,7936031.974257605,7936033.477992449,7936041.018567921,2561,200,1.5037348438054323,7.540575471706688,192
227e8490-2079-4941-b049-fdb867d05f4f,548fd163-71d0-4642-9386-c5a09a047dbd,7936031.97425286,7936033.787811628,7936041.173197919,4984,200,1.8135587675496936,7.385386290960014,224
a1ac8984-c0ea-4495-ad38-1261345aa50d,8e09d1f4-c05c-494c-9041-54ba584198ed,7936028.974936496,7936033.938472841,7936041.201998459,6012,200,4.963536345399916,7.263525618240237,224
36e8184d-c0c4-4b55-b801-75b4fd2ff6e5,70022972-d038-4dbd-bee2-ba197b2c9339,7936031.974239344,7936033.88364275,7936041.211890903,1271,200,1.9094034060835838,7.328248153440654,192
368f07cd-aa29-4242-bc0f-c708d73856fa,451a9b19-a212-4faa-a8f6-2dba2b487636,7936028.974949179,7936033.412774988,7936041.3964471,5811,200,4.437825809232891,7.983672111295164,224
3e3878c5-4386-4c13-a05d-ac93a7c5c5dd,2ce6f444-2254-49aa-a987-83f28b28df9d,7936032.974116678,7936034.522973783,7936041.443673203,563,200,1.5488571049645543,6.92069941945374,176
bae738e9-d584-4ca7-818f-bafb06ef1bb6,4f6a7dd0-71b6-49ac-9783-184c84f1915e,7936033.974302681,7936035.628863308,7936041.709363155,520,200,1.6545606264844537,6.08049984741956,192
59a27362-2c26-4634-88f0-fed1e26b672e,b4cb6c3e-df11-4fed-84fd-953c59cc716d,7936033.974288916,7936035.631591936,7936041.713814194,2187,200,1.657303019426763,6.082222258672118,160
5ecd2a55-4260-4a6e-9329-889e891b98c8,7f600648-e3b8-4d8f-965e-8a52d4e10df9,7936032.974110921,7936035.240513502,7936041.7312722495,5774,200,2.2664025807753205,6.490758747793734,224
f4e85ea5-ec72-4955-849a-0bd0208d591f,eaf119a5-4710-4ef6-96f9-c67f053ee28e,7936031.974265553,7936035.101897662,7936041.74479258,1032,200,3.127632108516991,6.642894918099046,160
61cb726c-c7e2-4954-a2a3-e365db686c79,9275074f-0819-42b2-9e68-2fb2aa8483cd,7936028.974951429,7936032.164148687,7936041.748196475,3850,200,3.189197258092463,9.584047787822783,176
b47519c8-9d35-496e-9436-d157687c1328,156e4c45-4731-41f8-af7a-2245be51116a,7936030.974683792,7936034.065109053,7936041.797251986,5834,200,3.0904252603650093,7.732142933644354,176
b32c6645-7b2d-44df-9e59-86a898694975,4de1cfe3-bafc-4c88-b75f-5e9daea7a2a2,7936033.974312881,7936035.982320778,7936041.841835768,2368,200,2.0080078970640898,5.859514989890158,176
8363aecd-f052-4d47-9871-cd409a8e759d,07b79031-0347-442e-a431-2cc169be4fbc,7935995.974384492,7936031.436054906,7936041.918247689,2567,200,35.46167041361332,10.48219278268516,192
77be71c8-bf14-4da5-b2af-ca9e48a9a8d1,5fc01b85-436e-42f3-985e-da333a5cd88e,7936030.974675167,7936035.082975903,7936041.931426568,1271,200,4.108300735242665,6.848450665362179,160
1c9d63f4-4c6c-4d9e-bae4-4f9ee9000caf,c7d4bf82-b656-4649-9145-d43cfcc0709d,7935995.974381408,7936031.705630905,7936042.106309745,5869,200,35.731249497272074,10.400678840465844,224
83a05634-c03f-4ea4-ab6a-5b4f098b8635,34a3ac54-2f1b-4afb-9125-f0ecfe19b0a1,7936033.974316063,7936035.440153253,7936042.189372452,472,200,1.4658371899276972,6.7492191987112164,192
d3b622f7-bebd-448c-a7bf-daada7fad7c1,0b2debcb-f399-4d3c-89e9-0a9d700f6b3e,7936033.97430916,7936036.8453186,7936042.2626971835,5779,200,2.871009439229965,5.417378583922982,160
ff9e3276-5103-4f6d-9f07-88e73a0b30d2,9b10e490-0b7e-4062-93f5-763ca32328dc,7935995.974395716,7936031.945540467,7936042.339506858,2407,200,35.971144751645625,10.393966390751302,160
b556e8db-c57d-45e3-8b67-50843e51cd48,ec8a2cd6-5952-45c9-940a-d0161c338fd4,7935995.974373056,7936031.907902364,7936042.446179309,5955,200,35.93352930806577,10.538276945240796,160
17f70abf-9d9d-4ad5-a72d-7fd29c2c7b6d,bf3576f0-1508-41f7-9a01-7c035b15e907,7936032.974113896,7936035.95441166,7936042.513670219,6584,200,2.980297764763236,6.5592585587874055,192
645b3b8c-30a0-43d9-a4de-13aaf0287fa7,fbea4e9e-c510-4c9a-8e1f-ca6073d14deb,7936033.974305933,7936038.01396358,7936042.7419136595,5956,200,4.039657646790147,4.727950079366565,160
cc2a94d6-97c8-4925-8843-62d063999ad5,630b34bb-1144-46fd-8e59-e34b1de4ccf7,7935995.974392257,7936032.5476215845,7936042.909738337,5769,200,36.57322932779789,10.362116752192378,192
b830d76e-a9fc-48a1-b947-56c57f253d74,18e1515f-5651-447b-acf1-6c7ef9a74d7a,7936034.974271889,7936038.319673861,7936042.947261716,1633,200,3.3454019725322723,4.627587854862213,160
a460e0eb-1f2b-46e6-852a-9809505ed8fb,01214e46-af22-4c6d-ac0a-0617f82b827f,7936030.974687414,7936034.731415804,7936042.960485933,6304,200,3.756728389300406,8.229070129804313,192
dc515553-88e3-4f22-a2af-61e45aec62a5,9f189d4e-98f8-462c-a6f4-9787eb21058a,7935995.974386807,7936032.431333432,7936042.98191211,5857,200,36.45694662537426,10.550578678026795,160
6bb0fb41-2166-49d6-97f3-4ed517340b9c,d34c67c0-ca74-4c70-a28c-f7680bf83cf8,7936031.974261382,7936037.501730625,7936043.105392485,5766,200,5.527469242922962,5.6036618603393435,176
fdc3d202-b850-4734-a9b2-3c2c8a9ac60e,5531c795-4c92-4efe-93f0-ad80b9b2f5cf,7936032.974108014,7936036.119023471,7936043.500099156,5814,200,3.1449154568836093,7.381075684912503,192
c2762d1d-ec96-472e-bbf1-61eb855c8610,2ed64c5c-56dd-454e-9dee-222c4090064a,7935995.974389165,7936033.163594986,7936043.507479312,5902,200,37.18920582160354,10.34388432558626,160
bd9dbe09-c862-4bc6-ba49-fc006555dabe,a720e724-daa2-4c66-a117-9d12dcfd9736,7935997.974723813,7936033.10686234,7936043.664717598,2740,200,35.13213852699846,10.557855257764459,160
050f1136-f4e1-41a2-b25b-b2fca2c850bb,0a73b161-d82b-4323-916b-33e2b59d35e0,7936034.974255114,7936039.137889904,7936043.842665661,1915,200,4.163634790107608,4.7047757571563125,160
af3321cb-fbd4-4551-a820-2e7523d149b5,e3813743-28fa-4fe1-9447-a2aa249feab9,7936035.974104825,7936037.264914974,7936043.951554612,2343,200,1.2908101482316852,6.686639638617635,192
2502e0fa-521d-45f8-9b1a-b2e018a6dd3d,8f906103-b00a-41fa-8410-60bf77d7d17b,7936036.974076025,7936039.500197237,7936044.015719352,555,200,2.526121212169528,4.515522114932537,0
9d6ff518-a733-45a6-8a8e-fc77f45b0703,6773d64e-c4f2-4e4b-895c-24140b31607f,7936033.974298695,7936039.060983267,7936044.260273428,5847,200,5.086684571579099,5.199290161021054,192
03b6dd9b-393d-404f-aa97-d318386f3255,cbfdc8cb-86e6-4e92-8c77-b69f6bf82e13,7936034.974294385,7936039.320725414,7936044.262839873,5943,200,4.3464310290291905,4.942114459350705,176
c9a4060e-5296-4205-a5a0-79e41d0932f2,8784904c-a70e-4603-b59c-29e3f8894e4f,7935997.974714076,7936033.787377311,7936044.287328409,5771,200,35.8126632347703,10.499951098114252,192
3828e6bd-d40e-4a5d-ade8-7c64e8017cd2,035c2af7-1db2-46bd-85ea-71ff7e3a5dc7,7936035.974107846,7936037.777097829,7936044.3139582835,4270,200,1.8029899829998612,6.536860454827547,192
bc0e2478-8167-479f-9ab4-58e9ae1b7ba2,b10ff1df-1a27-4b7a-8491-ded24b953092,7936034.97428759,7936039.9636177085,7936044.607632701,5985,200,4.989330118522048,4.644014992751181,176
01a7c817-8d53-4442-9a91-31a5b54bd4c6,965290f7-a7b8-4bd2-bc07-c9e4b41a7dd3,7936036.974087035,7936040.652898856,7936044.656071543,5706,200,3.67881182115525,4.0031726863235235,176
40700a51-55cd-4cc7-936d-e0cedb96ec0f,ecf1639d-7d01-4ec2-989b-319b083d49e3,7936032.974096902,7936040.397426389,7936044.822086534,6303,200,7.42332948744297,4.424660145305097,192
e000ad0e-a513-4b28-851e-2b898ffb53df,fe28b892-74db-4075-be6f-8e84d7615a76,7936035.974110682,7936038.4610491125,7936044.920526062,5897,200,2.486938430927694,6.459476949647069,160
a53375db-9953-4f72-a9f3-15ac8234f48b,a1cef276-6150-4849-a49f-d5521b1ab18e,7936035.974094351,7936038.6678910125,7936045.114157115,1768,200,2.693796661682427,6.446266102604568,16
f2330122-a721-4a19-b024-f87f059875bb,93c4c0a0-35e8-4dae-9794-e96bff496a85,7936038.97413141,7936041.390583992,7936045.15745192,1745,200,2.4164525819942355,3.7668679282069206,320
10028a57-ab31-4b4d-83b5-3b291bdc04de,acc6b700-283c-41fe-b5a8-046373768d2d,7936038.974128182,7936041.18735784,7936045.210093467,4164,200,2.2132296580821276,4.02273562643677,192
2c933f7d-a3ab-468c-ae90-1ede1ae0fbe2,2b8e65d1-d959-42ef-85da-c23c233207a9,7936038.974111348,7936040.810246409,7936045.218884413,3560,200,1.8361350605264306,4.4086380042135715,1264
4c156c6a-8699-416d-8844-e59f6a5c1e82,cffad852-a87e-43a7-896d-2b983e243193,7936038.974124045,7936041.502579873,7936045.518420755,5829,200,2.5284558283165097,4.015840881504118,176
09d3e994-ceb6-4206-b20c-d14568c06781,ec7bec38-d487-4adc-af55-0977ebddf24f,7936039.97425427,7936041.797346535,7936045.744657602,2211,200,1.8230922650545835,3.947311067022383,224
d809861c-e44a-4add-a9df-2698f9a8be2d,c1017aac-714c-4899-a365-4481a7efceb5,7936040.974327624,7936041.733398943,7936045.773205,3552,200,0.7590713193640113,4.039806056767702,176
2459eafb-3c75-42b8-991a-555413e35804,6f297619-e9b7-4e7c-b457-43581af10191,7935999.974767909,7936035.419038469,7936045.831481508,5855,200,35.444270559586585,10.412443039007485,192
2db778bd-56ee-4896-993c-10763c761dc3,383fe816-1603-4be4-bd50-ca1ab0a1996d,7936038.97413523,7936041.833440335,7936045.855930945,2568,200,2.859305104240775,4.02249061036855,288
be0c8ebc-3860-43f4-aa7b-251ca51d45cc,6bf8b67e-ba7b-4962-b021-3100e5dc69e1,7936040.974335772,7936041.8903282285,7936045.879098748,1429,200,0.9159924564883113,3.9887705193832517,224
813dd706-c1f1-4155-aa51-d03d33cdd747,96e352eb-b046-4e48-a206-53a1eee8c0ed,7936040.974339339,7936042.33047523,7936046.2852537185,1779,200,1.3561358908191323,3.954778488725424,176
d208a07d-b02e-4916-96e5-0c7d9b5d63f4,39f2cf98-8bba-4b84-8b19-9650ae69841d,7935999.974763828,7936036.083704531,7936046.536899572,5782,200,36.10894070286304,10.453195041045547,192
d0ecaee5-dcd5-4f4d-bab8-d748967fb86c,7e271716-92bb-4055-a16b-52c471a6e0bd,7935999.974752527,7936036.236079723,7936046.70138944,1986,200,36.2613271959126,10.465309717692435,288
a131192d-158e-49c4-af8f-fd9f3eb2b6f2,ed6fbd43-efd1-4415-8aa9-6d1c4533dabb,7936040.974332282,7936043.207779138,7936046.988454817,5798,200,2.2334468560293317,3.780675678513944,176
241e68b0-9017-4f30-aff7-4e22e68283a7,a52c7e36-dca1-4901-9673-56c0a94f5015,7936041.974006333,7936043.030637575,7936047.04550891,3784,200,1.0566312419250607,4.014871334657073,192
d0a564c8-a963-46a4-8f67-3a178f535074,86bcccf7-bc5c-4d53-ad50-89b11a3494f2,7936040.974314899,7936043.308492159,7936047.108855643,5782,200,2.3341772593557835,3.8003634847700596,192
4aca34c8-c1d7-4046-86bd-af3b296ca9cb,583eb43e-4777-43dd-b3ac-37d66ab778b1,7936041.973992717,7936043.401635701,7936047.17890751,5723,200,1.4276429833844304,3.7772718090564013,192
15c19076-6c54-41ec-ac89-4867e124adc7,11a2967c-8c37-4e82-b852-df78459a03a9,7936037.974702912,7936041.371931871,7936047.311378133,1821,200,3.397228959016502,5.939446261152625,160
0c177667-8078-470e-b372-ce61d08a7bc8,39bc6c25-b2be-478d-9919-83b0de268d70,7936042.974036096,7936043.87490197,7936047.49705892,5850,200,0.9008658742532134,3.622156949713826,160
cb044183-fcf0-41f7-9025-8ef93885ecf6,de310453-2360-466e-a6d3-3ca31cdb0cdb,7936037.974715877,7936041.644475542,7936047.593012599,1742,200,3.669759664684534,5.948537057265639,192
3f4d1e12-f430-4cf8-b19c-220f6f14273d,26a045fc-da78-4fb2-b580-9fa1440dca8e,7936042.974031187,7936043.894387839,7936047.619944672,5956,200,0.9203566526994109,3.7255568327382207,160
591b802d-385e-4689-b0b7-5b2410f538c8,2a6b418f-fb9e-4337-90a6-71ef5a5391d6,7936042.974038581,7936044.1505957665,7936047.731606915,982,200,1.1765571851283312,3.5810111481696367,160
ec62a85a-a0d6-473f-8986-48b1e5f3e75f,2ab09120-4ab5-4d7e-b766-99ec6b96b886,7936001.974431865,7936037.680195217,7936047.786430611,926,200,35.70576335210353,10.106235394254327,224
668247fb-a578-41dc-9bd6-2a45516db14d,b3f7ad05-2009-4188-bbcc-48140f3b358f,7936042.974033845,7936044.340362988,7936048.006394983,2379,200,1.366329143755138,3.666031994856894,176
a57bc47f-1d1d-49f2-bb35-55d35636c8cb,a32d1156-2f56-45f7-a95c-d68d29f17fe9,7936001.97443944,7936038.390029196,7936048.240685875,5837,200,36.415589755401015,9.850656678900123,192
5a489cd4-b738-4778-826b-1cf1fa87a6db,383fe816-1603-4be4-bd50-ca1ab0a1996d,7936001.974428493,7936037.720518521,7936048.2473782515,2565,200,35.74609002843499,10.526859730482101,288
fc39b03d-cb8d-41dd-8bc4-698ebc701ce2,ca6d5afc-77b7-44a5-95fe-4bd353dcb90a,7936042.974021657,7936044.652982552,7936048.331995206,3834,200,1.6789608942344785,3.679012654349208,160
2a5d8af7-cafb-4587-9d1d-a4a1e2889352,9476ccf9-6e21-4a44-8202-e6841f97f1e3,7936001.974415712,7936038.92413365,7936048.521390501,4134,200,36.94971793796867,9.597256851382554,192
2b8ee927-588d-4607-bfaa-802d2e8869c6,194a873d-95d7-4e33-8211-f30323686617,7936044.974344302,7936045.22946872,7936048.85686951,959,200,0.2551244180649519,3.6274007903411984,224
bff0475b-f6f9-468e-ade1-c081d560c16b,5b55315f-f2f0-4b55-bb8c-4ae8696d9e6c,7936044.97433545,7936045.440410161,7936048.926964402,1529,200,0.4660747116431594,3.486554240807891,176
cdcf2509-e44a-451e-be9d-6acfa57b9063,4b849273-34b2-41a7-a754-161f75c4d8a1,7936044.974347785,7936045.418092172,7936048.957050739,1784,200,0.44374438654631376,3.5389585671946406,160
af428b92-8078-4047-96d0-079fa251b0ca,9bb66c7b-e720-4c31-baca-a2f43672e95a,7936037.974712726,7936043.062891857,7936049.167018201,1796,200,5.088179131038487,6.104126344434917,160
98ddbff6-49c1-4ff4-847e-a3dd999e90c6,2d679471-06dd-4b86-8657-55437a5fe80f,7936003.974591799,7936040.36918008,7936049.191987886,1798,200,36.39458828046918,8.822807806544006,176
196d144a-cc48-4ae6-a72b-74b0a826f9df,7ff7943f-fd27-44bb-b612-493ce23b16d6,7936003.974599419,7936041.399951284,7936049.674736797,1785,200,37.425351864658296,8.274785513058305,192
42822a6d-e5ec-4c50-b08f-f67acf5d2a6a,9a1eae28-c3b5-466e-ba7b-ae73bec6e606,7936001.974435313,7936039.145344597,7936049.682315609,5405,200,37.17090928461403,10.53697101213038,160
a17e7fd9-5adb-4a5f-9511-307c16505d97,da54d551-745f-4af5-a083-f1b462d8b4b3,7936003.974595278,7936041.581562512,7936049.761541846,2745,200,37.60696723405272,8.179979334585369,224
adc60e13-90a1-4a91-9b8c-e46ebdbe8e11,ddab7268-983e-4382-b5cd-d0c1c556d1d2,7936003.974565968,7936041.724549861,7936049.904067416,1933,200,37.74998389277607,8.179517555050552,176
c0374b48-3976-46c2-8f50-887422b280c6,f981a306-8b21-4254-95fa-d0ce56582057,7936005.974798088,7936042.248743348,7936050.2367589725,5210,200,36.27394525986165,7.988015624694526,176
fa8c33f2-5c83-4f97-97c8-f257caf04def,69c65194-d8b7-413c-af90-cf5d54b7fb38,7936042.974028339,7936044.508879671,7936050.464416772,5871,200,1.5348513321951032,5.955537101253867,192
df8b5ed8-98e1-47fb-bb78-12e0c69001da,87790c2b-aa62-4df2-9e78-4b07d45b22cf,7936044.974350471,7936046.488964083,7936050.581235037,6020,200,1.5146136116236448,4.09227095451206,224
eb686118-191a-44b5-b08e-6af243e119ca,096de4a6-59ff-48ea-a5bc-74fe92e53140,7936005.974822199,7936042.4819111535,7936050.646136698,2877,200,36.50708895456046,8.164225544780493,192
b0730e1c-01d7-4f1a-9fdb-7c2ac485ec37,11a2967c-8c37-4e82-b852-df78459a03a9,7936003.974579541,7936040.169786752,7936050.675897683,1311,200,36.19520721118897,10.506110930815339,160
73ff0c9f-69b7-4f48-a943-8a15308f7d76,ec7bec38-d487-4adc-af55-0977ebddf24f,7936003.974603661,7936040.442979172,7936050.948976314,2211,200,36.468375510536134,10.505997141823173,224
22aedbca-917a-4d63-b380-14b388488c1b,afafd84f-c43a-4a5b-a307-c257cbf756bb,7936044.974353131,7936046.311195126,7936050.956404533,5836,200,1.336841994896531,4.6452094074338675,176
