{"target_qps": 2.0, "actual_qps": 1.9995331192476022, "success_rate": 100.0, "input_tokens": 3846, "output_tokens": 200, "model": "QwQ-32B", "input_tokens_per_minute": 461578.8461538461, "output_tokens_per_minute": 24000.0, "slo_seconds": 5.0, "slo_attainment": 0.0, "ttft_slo_ms": 1000, "ttft_slo_attainment": 71.15384615384616, "tpot_slo_ms": 50, "tpot_slo_attainment": 83.65384615384616, "Latency": {"unit": "s", "min": 5.138746036999919, "p50": 8.956074785999931, "p90": 11.299716039200188, "p95": 12.004234841249989, "p99": 12.662025671010035, "max": 15.038669601000038}, "Throughput": {"unit": "tokens/s", "min": 13.299048739437726, "p50": 22.332279687767837, "p90": 31.215564499571087, "p95": 34.74791993106286, "p99": 37.23425279882391, "max": 38.92000082509685}, "TTFT": {"unit": "s", "min": 0.12464760000011665, "p50": 0.6398217500000101, "p90": 2.0817211568999716, "p95": 2.705994515549889, "p99": 3.3484426934498193, "max": 6.442631776000098}, "TPOT": {"unit": "ms", "min": 23.813483778894806, "p50": 39.95241695979953, "p90": 52.24568972361827, "p95": 54.12262584070384, "p99": 60.9925159174882, "max": 62.944682366834286}, "Input Tokens per Minute": {"unit": "tokens/min", "min": 461578.8461538461, "p50": 461578.8461538461, "p90": 461578.8461538461, "p95": 461578.8461538461, "p99": 461578.8461538461, "max": 461578.8461538461}, "Output Tokens per Minute": {"unit": "tokens/min", "min": 24000.0, "p50": 24000.0, "p90": 24000.0, "p95": 24000.0, "p99": 24000.0, "max": 24000.0}}
{"target_qps": 2.0, "actual_qps": 1.9996747852575791, "success_rate": 100.0, "input_tokens": 3710, "output_tokens": 198, "model": "QwQ-32B", "input_tokens_per_minute": 445268.0, "output_tokens_per_minute": 23866.0, "slo_seconds": 5.0, "slo_attainment": 0.8333333333333334, "ttft_slo_ms": 1000, "ttft_slo_attainment": 100.0, "tpot_slo_ms": 50, "tpot_slo_attainment": 99.16666666666667, "Latency": {"unit": "s", "min": 4.941648987000008, "p50": 7.371962612000061, "p90": 8.87601059959991, "p95": 9.292647240949895, "p99": 9.843944573599995, "max": 9.917059449999897}, "Throughput": {"unit": "tokens/s", "min": 13.355865658128725, "p50": 27.07622140866717, "p90": 30.9880115249985, "p95": 32.40000068121735, "p99": 34.919546031856214, "max": 36.48423369795897}, "TTFT": {"unit": "s", "min": 0.05508828699998958, "p50": 0.3940475684999001, "p90": 0.5897735910998791, "p95": 0.6997025783499566, "p99": 0.7495702534699467, "max": 0.8267781130000458}, "TPOT": {"unit": "ms", "min": 24.995251572863936, "p50": 35.41745996231147, "p90": 42.43708798844168, "p95": 44.51721798994971, "p99": 47.61287346150747, "max": 67.89560876923133}, "Input Tokens per Minute": {"unit": "tokens/min", "min": 445268.0, "p50": 445268.0, "p90": 445268.0, "p95": 445268.0, "p99": 445268.0, "max": 445268.0}, "Output Tokens per Minute": {"unit": "tokens/min", "min": 23866.0, "p50": 23866.0, "p90": 23866.0, "p95": 23866.0, "p99": 23866.0, "max": 23866.0}}
{"target_qps": 2.0, "actual_qps": 1.9992488666732913, "success_rate": 100.0, "input_tokens": 3966, "output_tokens": 199, "model": "QwQ-32B", "input_tokens_per_minute": 479710.76893835614, "output_tokens_per_minute": 24095.94696557984, "slo_seconds": 5.0, "slo_attainment": 0.8264462809917356, "ttft_slo_ms": 1000, "ttft_slo_attainment": 100.0, "tpot_slo_ms": 50, "tpot_slo_attainment": 99.17355371900827, "Latency": {"unit": "s", "min": 3.1642303869998614, "p50": 7.908721646000004, "p90": 9.541492142000152, "p95": 9.81298169899992, "p99": 10.132132155600038, "max": 10.586520712000038}, "Throughput": {"unit": "tokens/s", "min": 18.89194811410475, "p50": 25.288537004100284, "p90": 30.282923758503337, "p95": 32.64325037420029, "p99": 35.79248733741016, "max": 39.07651515086821}, "TTFT": {"unit": "s", "min": 0.06714283199994497, "p50": 0.45379711900000075, "p90": 0.5741947140002139, "p95": 0.6028078780000214, "p99": 0.6872840712000652, "max": 0.836247978000074}, "TPOT": {"unit": "ms", "min": 23.770805462312016, "p50": 37.749762351758314, "p90": 45.52099635678466, "p95": 46.93362853266368, "p99": 48.02321921909552, "max": 50.38071090954722}, "Input Tokens per Minute": {"unit": "tokens/min", "min": 479710.76893835614, "p50": 479710.76893835614, "p90": 479710.76893835614, "p95": 479710.76893835614, "p99": 479710.76893835614, "max": 479710.76893835614}, "Output Tokens per Minute": {"unit": "tokens/min", "min": 24095.94696557984, "p50": 24095.94696557984, "p90": 24095.94696557984, "p95": 24095.94696557984, "p99": 24095.94696557984, "max": 24095.94696557984}}
{"target_qps": 2.0, "actual_qps": 1.999979046286196, "success_rate": 100.0, "input_tokens": 3683, "output_tokens": 200, "model": "QwQ-32B", "input_tokens_per_minute": 442057.0, "output_tokens_per_minute": 24000.0, "slo_seconds": 5.0, "slo_attainment": 0.8333333333333334, "ttft_slo_ms": 1000, "ttft_slo_attainment": 100.0, "tpot_slo_ms": 50, "tpot_slo_attainment": 99.16666666666667, "Latency": {"unit": "s", "min": 4.691034453999919, "p50": 7.417903757499971, "p90": 8.671491112299988, "p95": 9.015399353400142, "p99": 9.837154684680117, "max": 10.534044858000016}, "Throughput": {"unit": "tokens/s", "min": 18.986059267453303, "p50": 26.96183373770694, "p90": 32.2545062665042, "p95": 35.17185959839561, "p99": 38.921156680757434, "max": 42.634519520415246}, "TTFT": {"unit": "s", "min": 0.04020925300005729, "p50": 0.3059314035000398, "p90": 0.48570760789989437, "p95": 0.5060179601500863, "p99": 0.564446215099963, "max": 0.5941938160001428}, "TPOT": {"unit": "ms", "min": 23.012908738692847, "p50": 36.30248971608034, "p90": 41.353096676884796, "p95": 43.632706866582275, "p99": 46.92124199351783, "max": 50.767996201004244}, "Input Tokens per Minute": {"unit": "tokens/min", "min": 442057.0, "p50": 442057.0, "p90": 442057.0, "p95": 442057.0, "p99": 442057.0, "max": 442057.0}, "Output Tokens per Minute": {"unit": "tokens/min", "min": 24000.0, "p50": 24000.0, "p90": 24000.0, "p95": 24000.0, "p99": 24000.0, "max": 24000.0}}
{"target_qps": 2.0, "actual_qps": 1.9999714513075235, "success_rate": 100.0, "input_tokens": 3847, "output_tokens": 199, "model": "QwQ-32B", "input_tokens_per_minute": 465388.15005750867, "output_tokens_per_minute": 24119.93795197992, "slo_seconds": 5.0, "slo_attainment": 1.6528925619834711, "ttft_slo_ms": 1000, "ttft_slo_attainment": 100.0, "tpot_slo_ms": 50, "tpot_slo_attainment": 100.0, "Latency": {"unit": "s", "min": 4.541428233000033, "p50": 7.488328690000117, "p90": 9.026193618999969, "p95": 9.25486194999985, "p99": 9.549845857599985, "max": 9.775723595999807}, "Throughput": {"unit": "tokens/s", "min": 20.458843586968776, "p50": 26.708229336551316, "p90": 33.20525062601142, "p95": 34.466911245959686, "p99": 38.04469672249851, "max": 43.657890367342276}, "TTFT": {"unit": "s", "min": 0.04591063199995915, "p50": 0.3424430489999395, "p90": 0.48065245800012235, "p95": 0.4888712739998482, "p99": 0.5205218453999805, "max": 0.5367530840001109}, "TPOT": {"unit": "ms", "min": 22.329329743718805, "p50": 36.26540710552744, "p90": 43.50336299497524, "p95": 44.40616709045192, "p99": 45.62059111256339, "max": 47.535753768844145}, "Input Tokens per Minute": {"unit": "tokens/min", "min": 465388.15005750867, "p50": 465388.15005750867, "p90": 465388.15005750867, "p95": 465388.15005750867, "p99": 465388.15005750867, "max": 465388.15005750867}, "Output Tokens per Minute": {"unit": "tokens/min", "min": 24119.93795197992, "p50": 24119.93795197992, "p90": 24119.93795197992, "p95": 24119.93795197992, "p99": 24119.93795197992, "max": 24119.93795197992}}
{"target_qps": 2.0, "actual_qps": 1.9999746535878922, "success_rate": 100.0, "input_tokens": 3592, "output_tokens": 198, "model": "QwQ-32B", "input_tokens_per_minute": 452513.986980566, "output_tokens_per_minute": 25042.59130394964, "slo_seconds": 5.0, "slo_attainment": 19.841269841269842, "ttft_slo_ms": 1000, "ttft_slo_attainment": 100.0, "tpot_slo_ms": 50, "tpot_slo_attainment": 100.0, "Latency": {"unit": "s", "min": 1.8053295899999284, "p50": 6.5134546469998895, "p90": 8.527226671500102,