{"actual_qps": 4.3906805926697885, "success_rate": 100.0, "input_tokens": 4219, "output_tokens": 200, "model": "QwQ-32B", "input_tokens_per_minute": 101746.2088120337, "output_tokens_per_minute": 4822.306820423768, "slo_seconds": 5.0, "slo_attainment": 0.0, "ttft_slo_ms": 1000, "ttft_slo_attainment": 0.0, "tpot_slo_ms": 50, "tpot_slo_attainment": 0.0, "Latency": {"unit": "s", "min": 29.789829385001212, "p50": 47.41295594100666, "p90": 51.76650169079367, "p95": 51.80082237639581, "p99": 51.83734665933589, "max": 51.84693921399594}, "Throughput": {"unit": "tokens/s", "min": 3.857508331871027, "p50": 4.2182562978956435, "p90": 5.990915631016456, "p95": 6.349974017879751, "p99": 6.64938628255332, "max": 6.713700753878683}, "TTFT": {"unit": "s", "min": 4.970969319008873, "p50": 9.672919484000886, "p90": 12.723072505003074, "p95": 14.092862736103415, "p99": 14.68125485620345, "max": 14.681839123004465}, "TPOT": {"unit": "ms", "min": 122.08579130151634, "p50": 175.27141466332557, "p90": 222.69981373769838, "p95": 222.90886510705403, "p99": 222.9865420479345, "max": 222.99978705023616}, "Input Tokens per Minute": {"unit": "tokens/min", "min": 101746.2088120337, "p50": 101746.2088120337, "p90": 101746.2088120337, "p95": 101746.2088120337, "p99": 101746.2088120337, "max": 101746.2088120337}, "Output Tokens per Minute": {"unit": "tokens/min", "min": 4822.306820423768, "p50": 4822.306820423768, "p90": 4822.306820423768, "p95": 4822.306820423768, "p99": 4822.306820423768, "max": 4822.306820423768}}
{"actual_qps": 5.371475989504758, "success_rate": 100.0, "input_tokens": 3995, "output_tokens": 198, "model": "QwQ-32B", "input_tokens_per_minute": 774316.9131356628, "output_tokens_per_minute": 38562.380207322065, "slo_seconds": 5.0, "slo_attainment": 0.0, "ttft_slo_ms": 1000, "ttft_slo_attainment": 0.0, "tpot_slo_ms": 50, "tpot_slo_attainment": 3.686635944700461, "Latency": {"unit": "s", "min": 29.75367261900101, "p50": 50.135826402998646, "p90": 59.97556905960373, "p95": 60.01188882959541, "p99": 64.37030442059974, "max": 77.52088240299781}, "Throughput": {"unit": "tokens/s", "min": 1.2812872873577803, "p50": 3.9891633258894066, "p90": 5.838978390249831, "p95": 6.178659586723726, "p99": 6.606073319783791, "max": 6.721859266283581}, "TTFT": {"unit": "s", "min": 2.5701259420020506, "p50": 10.01474679200328, "p90": 22.48258599400581, "p95": 27.25379486840393, "p99": 28.262352264992078, "max": 38.35876835799718}, "TPOT": {"unit": "ms", "min": 33.09285762316452, "p50": 195.9155560000191, "p90": 238.03374205630251, "p95": 252.92585326934028, "p99": 265.06998214796397, "max": 441.13137826027685}, "Input Tokens per Minute": {"unit": "tokens/min", "min": 774316.9131356628, "p50": 774316.9131356628, "p90": 774316.9131356628, "p95": 774316.9131356628, "p99": 774316.9131356628, "max": 774316.9131356628}, "Output Tokens per Minute": {"unit": "tokens/min", "min": 38562.380207322065, "p50": 38562.380207322065, "p90": 38562.380207322065, "p95": 38562.380207322065, "p99": 38562.380207322065, "max": 38562.380207322065}}
{"actual_qps": 5.524619432361728, "success_rate": 100.0, "input_tokens": 4007, "output_tokens": 199, "model": "QwQ-32B", "input_tokens_per_minute": 2018330.9756795084, "output_tokens_per_minute": 100633.50616420999, "slo_seconds": 5.0, "slo_attainment": 0.0, "ttft_slo_ms": 1000, "ttft_slo_attainment": 0.0, "tpot_slo_ms": 50, "tpot_slo_attainment": 0.1773049645390071, "Latency": {"unit": "s", "min": 24.505898684001295, "p50": 53.856879578997905, "p90": 73.01727568989881, "p95": 85.82819673255362, "p99": 93.63285754594253, "max": 93.68310935499903}, "Throughput": {"unit": "tokens/s", "min": 2.0038953875058674, "p50": 3.713546024975944, "p90": 5.7224256876101744, "p95": 6.71183765498226, "p99": 7.435376299753163, "max": 8.161300370125591}, "TTFT": {"unit": "s", "min": 4.448026496000239, "p50": 23.602298546000384, "p90": 37.73549940399389, "p95": 39.1046869760954, "p99": 53.18571178233615, "max": 54.87053745899175}, "TPOT": {"unit": "ms", "min": 41.08058994475942, "p50": 153.69345828140243, "p90": 236.3031305859217, "p95": 260.1151796793898, "p99": 262.81226409230635, "max": 281.22795630412855}, "Input Tokens per Minute": {"unit": "tokens/min", "min": 2018330.9756795084, "p50": 2018330.9756795084, "p90": 2018330.9756795084, "p95": 2018330.9756795084, "p99": 2018330.9756795084, "max": 2018330.9756795084}, "Output Tokens per Minute": {"unit": "tokens/min", "min": 100633.50616420999, "p50": 100633.50616420999, "p90": 100633.50616420999, "p95": 100633.50616420999, "p99": 100633.50616420999, "max": 100633.50616420999}}
{"actual_qps": 4.933244861259107, "success_rate": 100.0, "input_tokens": 4024, "output_tokens": 200, "model": "QwQ-32B", "input_tokens_per_minute": 1038727.5681786243, "output_tokens_per_minute": 51616.543374165514, "slo_seconds": 5.0, "slo_attainment": 0.0, "ttft_slo_ms": 1000, "ttft_slo_attainment": 0.0, "tpot_slo_ms": 50, "tpot_slo_attainment": 0.34602076124567477, "Latency": {"unit": "s", "min": 29.57931880799879, "p50": 45.30836084300245, "p90": 55.69648399359721, "p95": 58.25521476720457, "p99": 61.74776595496223, "max": 62.86161700700177}, "Throughput": {"unit": "tokens/s", "min": 3.181591717211526, "p50": 4.4141963266563105, "p90": 5.962197189203198, "p95": 6.2782185631121905, "p99": 6.600611662168619, "max": 6.761480928557298}, "TTFT": {"unit": "s", "min": 10.113567838998279, "p50": 21.21827654799563, "p90": 25.674977525000575, "p95": 28.25567909879901, "p99": 30.438410104110375, "max": 31.087702236996847}, "TPOT": {"unit": "ms", "min": 45.653219477375316, "p50": 123.88948052757404, "p90": 160.71280073969749, "p95": 166.0285693658112, "p99": 182.7925992980465, "max": 188.07841454771227}, "Input Tokens per Minute": {"unit": "tokens/min", "min": 1038727.5681786243, "p50": 1038727.5681786243, "p90": 1038727.5681786243, "p95": 1038727.5681786243, "p99": 1038727.5681786243, "max": 1038727.5681786243}, "Output Tokens per Minute": {"unit": "tokens/min", "min": 51616.543374165514, "p50": 51616.543374165514, "p90": 51616.543374165514, "p95": 51616.543374165514, "p99": 51616.543374165514, "max": 51616.543374165514}}
{"actual_qps": 5.229497581784107, "success_rate": 100.0, "input_tokens": 3870, "output_tokens": 199, "model": "QwQ-32B", "input_tokens_per_minute": 922942.1953806864, "output_tokens_per_minute": 47642.6053462237, "slo_seconds": 5.0, "slo_attainment": 0.0, "ttft_slo_ms": 1000, "ttft_slo_attainment": 0.0, "tpot_slo_ms": 50, "tpot_slo_attainment": 0.0, "Latency": {"unit": "s", "min": 28.90274068999861, "p50": 48.72639184699801, "p90": 58.86155255139456, "p95": 60.59700416020932, "p99": 62.56462918887904, "max": 63.383894250000594}, "Throughput": {"unit": "tokens/s", "min": 2.77260010670899, "p50": 4.104551813070924, "p90": 5.863664158250267, "p95": 6.245695276107409, "p99": 6.681856491812668, "max": 6.919758999505788}, "TTFT": {"unit": "s", "min": 11.475022924001678, "p50": 23.48508188300184, "p90": 29.602637454203794, "p95": 30.70670995569526, "p99": 32.34293474904406, "max": 32.949239900000975}, "TPOT": {"unit": "ms", "min": 51.373083256234786, "p50": 122.8779263819431, "p90": 160.67935156581242, "p95": 168.66011639842088, "p99": 178.46991907235105, "max": 200.20789783415808}, "Input Tokens per Minute": {"unit": "tokens/min", "min": 922942.1953806864, "p50": 922942.1953806864, "p90": 922942.1953806864, "p95": 922942.1953806864, "p99": 922942.1953806864, "max": 922942.1953806864}, "Output Tokens per Minute": {"unit": "tokens/min", "min": 47642.6053462237, "p50": 47642.6053462237, "p90": 47642.6053462237, "p95": 47642.6053462237, "p99": 47642.6053462237, "max": 47642.6053462237}}
