{"actual_qps": 4.9256058106936464, "success_rate": 100.0, "input_tokens": 4107, "output_tokens": 200, "model": "QwQ-32B", "input_tokens_per_minute": 388151.3257607578, "output_tokens_per_minute": 18899.503173319823, "slo_seconds": 5.0, "slo_attainment": 0.0, "ttft_slo_ms": 1000, "ttft_slo_attainment": 0.9803921568627451, "tpot_slo_ms": 50, "tpot_slo_attainment": 83.33333333333334, "Latency": {"unit": "s", "min": 7.065533041997696, "p50": 12.533627717995842, "p90": 14.462311518701608, "p95": 14.527089005745074, "p99": 15.243311046713496, "max": 23.582922835994395}, "Throughput": {"unit": "tokens/s", "min": 8.48071298841473, "p50": 15.957072097863978, "p90": 21.799584453482563, "p95": 23.531401347454008, "p99": 25.86450059576803, "max": 28.30642766953254}, "TTFT": {"unit": "s", "min": 0.5820815899933223, "p50": 4.038728796003852, "p90": 5.2065342743968355, "p95": 5.637282784407579, "p99": 6.294890434681583, "max": 14.240429384997697}, "TPOT": {"unit": "ms", "min": 25.83198320096003, "p50": 42.77712529393974, "p90": 52.47903261157473, "p95": 54.04625987964148, "p99": 56.55993364802453, "max": 56.93301103012309}, "Input Tokens per Minute": {"unit": "tokens/min", "min": 388151.3257607578, "p50": 388151.3257607578, "p90": 388151.3257607578, "p95": 388151.3257607578, "p99": 388151.3257607578, "max": 388151.3257607578}, "Output Tokens per Minute": {"unit": "tokens/min", "min": 18899.503173319823, "p50": 18899.503173319823, "p90": 18899.503173319823, "p95": 18899.503173319823, "p99": 18899.503173319823, "max": 18899.503173319823}}
{"actual_qps": 5.477525760993136, "success_rate": 100.0, "input_tokens": 3964, "output_tokens": 199, "model": "QwQ-32B", "input_tokens_per_minute": 1156929.3809698368, "output_tokens_per_minute": 58226.21935980282, "slo_seconds": 5.0, "slo_attainment": 0.0, "ttft_slo_ms": 1000, "ttft_slo_attainment": 1.9047619047619049, "tpot_slo_ms": 50, "tpot_slo_attainment": 0.6349206349206349, "Latency": {"unit": "s", "min": 10.323145097005181, "p50": 30.387286194993067, "p90": 43.08591899100575, "p95": 46.12420530650415, "p99": 49.60812915911083, "max": 49.66528266599926}, "Throughput": {"unit": "tokens/s", "min": 4.026957851926604, "p50": 6.5797152391521045, "p90": 11.052095603272189, "p95": 12.803991029617627, "p99": 15.541444996748897, "max": 16.176287277706688}, "TTFT": {"unit": "s", "min": 0.248780247013201, "p50": 5.96959495000192, "p90": 16.158424169191864, "p95": 17.810556691400418, "p99": 19.749638490169893, "max": 20.634815184996114}, "TPOT": {"unit": "ms", "min": 2.054238361765715, "p50": 114.66969048740967, "p90": 172.84943642811066, "p95": 180.8115440728444, "p99": 188.79868040324354, "max": 195.27690948748227}, "Input Tokens per Minute": {"unit": "tokens/min", "min": 1156929.3809698368, "p50": 1156929.3809698368, "p90": 1156929.3809698368, "p95": 1156929.3809698368, "p99": 1156929.3809698368, "max": 1156929.3809698368}, "Output Tokens per Minute": {"unit": "tokens/min", "min": 58226.21935980282, "p50": 58226.21935980282, "p90": 58226.21935980282, "p95": 58226.21935980282, "p99": 58226.21935980282, "max": 58226.21935980282}}
{"actual_qps": 5.273382075350752, "success_rate": 100.0, "input_tokens": 3925, "output_tokens": 198, "model": "QwQ-32B", "input_tokens_per_minute": 1145552.6212164855, "output_tokens_per_minute": 57985.343338966384, "slo_seconds": 5.0, "slo_attainment": 0.0, "ttft_slo_ms": 1000, "ttft_slo_attainment": 0.6349206349206349, "tpot_slo_ms": 50, "tpot_slo_attainment": 4.761904761904762, "Latency": {"unit": "s", "min": 10.077233264004462, "p50": 35.25983204400109, "p90": 47.323889477597554, "p95": 49.98158697929466, "p99": 53.39490693393687, "max": 57.17359808999754}, "Throughput": {"unit": "tokens/s", "min": 1.687849975529258, "p50": 5.669562987024129, "p90": 10.29307357671485, "p95": 12.578841754065788, "p99": 14.888772913547417, "max": 16.186530160163812}, "TTFT": {"unit": "s", "min": 0.8036160619958537, "p50": 12.18229381099809, "p90": 24.814161787004565, "p95": 26.580969088510027, "p99": 28.76818384320156, "max": 30.158090012992034}, "TPOT": {"unit": "ms", "min": 35.084829110553926, "p50": 100.60318645227925, "p90": 155.20639031354443, "p95": 170.75529172563907, "p99": 178.58109678109452, "max": 370.25798096930464}, "Input Tokens per Minute": {"unit": "tokens/min", "min": 1145552.6212164855, "p50": 1145552.6212164855, "p90": 1145552.6212164855, "p95": 1145552.6212164855, "p99": 1145552.6212164855, "max": 1145552.6212164855}, "Output Tokens per Minute": {"unit": "tokens/min", "min": 57985.343338966384, "p50": 57985.343338966384, "p90": 57985.343338966384, "p95": 57985.343338966384, "p99": 57985.343338966384, "max": 57985.343338966384}}
{"actual_qps": 4.9835703374412015, "success_rate": 100.0, "input_tokens": 3987, "output_tokens": 199, "model": "QwQ-32B", "input_tokens_per_minute": 1089700.8835543895, "output_tokens_per_minute": 54489.86169813621, "slo_seconds": 5.0, "slo_attainment": 0.0, "ttft_slo_ms": 1000, "ttft_slo_attainment": 0.3389830508474576, "tpot_slo_ms": 50, "tpot_slo_attainment": 0.3389830508474576, "Latency": {"unit": "s", "min": 21.860197444009827, "p50": 39.45226710700081, "p90": 50.51506318800093, "p95": 52.46673572109576, "p99": 54.97475999502349, "max": 57.24165553000057}, "Throughput": {"unit": "tokens/s", "min": 3.3373348247432393, "p50": 5.005468650694498, "p90": 6.774259742494422, "p95": 7.033208541452213, "p99": 7.920626821670166, "max": 8.597376018330705}, "TTFT": {"unit": "s", "min": 0.4750370960100554, "p50": 15.458021743004792, "p90": 22.659216047608062, "p95": 23.357011516696367, "p99": 24.51649264955777, "max": 25.624409112002468}, "TPOT": {"unit": "ms", "min": 45.67044452758536, "p50": 133.9094460402626, "p90": 172.2721868080272, "p95": 178.48665300303608, "p99": 182.11674193748252, "max": 197.4143527132096}, "Input Tokens per Minute": {"unit": "tokens/min", "min": 1089700.8835543895, "p50": 1089700.8835543895, "p90": 1089700.8835543895, "p95": 1089700.8835543895, "p99": 1089700.8835543895, "max": 1089700.8835543895}, "Output Tokens per Minute": {"unit": "tokens/min", "min": 54489.86169813621, "p50": 54489.86169813621, "p90": 54489.86169813621, "p95": 54489.86169813621, "p99": 54489.86169813621, "max": 54489.86169813621}}
{"actual_qps": 5.164123242321517, "success_rate": 100.0, "input_tokens": 4022, "output_tokens": 200, "model": "QwQ-32B", "input_tokens_per_minute": 1199844.2234205487, "output_tokens_per_minute": 59663.13746871551, "slo_seconds": 5.0, "slo_attainment": 0.0, "ttft_slo_ms": 1000, "ttft_slo_attainment": 0.0, "tpot_slo_ms": 50, "tpot_slo_attainment": 0.0, "Latency": {"unit": "s", "min": 27.7150374900084, "p50": 45.73990359950403, "p90": 57.680180309996665, "p95": 58.941668014146124, "p99": 61.922048713520056, "max": 63.00401738900109}, "Throughput": {"unit": "tokens/s", "min": 3.17440074916421, "p50": 4.372549678471152, "p90": 6.085180170603238, "p95": 6.475135724808857, "p99": 6.886237588657964, "max": 7.216299096550109}, "TTFT": {"unit": "s", "min": 11.48324382599094, "p50": 22.111894239998946, "p90": 28.050260528309447, "p95": 29.394720207652426, "p99": 30.723707606622053, "max": 32.95339674600109}, "TPOT": {"unit": "ms", "min": 51.249853361792276, "p50": 119.44033350253211, "p90": 157.93802843065131, "p95": 162.3208907994931, "p99": 168.2765040425151, "max": 190.63640484921567}, "Input Tokens per Minute": {"unit": "tokens/min", "min": 1199844.2234205487, "p50": 1199844.2234205487, "p90": 1199844.2234205487, "p95": 1199844.2234205487, "p99": 1199844.2234205487, "max": 1199844.2234205487}, "Output Tokens per Minute": {"unit": "tokens/min", "min": 59663.13746871551, "p50": 59663.13746871551, "p90": 59663.13746871551, "p95": 59663.13746871551, "p99": 59663.13746871551, "max": 59663.13746871551}}
{"actual_qps": 5.2832923550615885, "success_rate": 100.0, "input_tokens": 3950, "output_tokens": 199, "model": "QwQ-32B", "input_tokens_per_minute": 1350560.3496579025, "output_tokens_per_minute": 68225.35356321659, "slo_seconds": 5.0, "slo_attainment": 0.0,