{"actual_qps": 5.416741249263842, "success_rate": 100.0, "input_tokens": 3888, "output_tokens": 199, "model": "QwQ-32B", "input_tokens_per_minute": 677836.2270021973, "output_tokens_per_minute": 34745.93295891424, "slo_seconds": 5.0, "slo_attainment": 0.0, "ttft_slo_ms": 1000, "ttft_slo_attainment": 0.0, "tpot_slo_ms": 50, "tpot_slo_attainment": 1.694915254237288, "Latency": {"unit": "s", "min": 19.733169119994272, "p50": 34.461053673992865, "p90": 41.78919979899947, "p95": 42.44308291159687, "p99": 42.70398425455554, "max": 47.346919787989464}, "Throughput": {"unit": "tokens/s", "min": 2.0450804460866627, "p50": 5.803653071436304, "p90": 8.744026357671933, "p95": 9.294625204590535, "p99": 9.817294695049085, "max": 10.135219476599612}, "TTFT": {"unit": "s", "min": 1.8383969380083727, "p50": 5.407798075990286, "p90": 8.343124608995277, "p95": 9.251582392392447, "p99": 17.8410241092433, "max": 17.90688278200105}, "TPOT": {"unit": "ms", "min": 16.608681256272103, "p50": 133.8867074472861, "p90": 192.6858275457041, "p95": 195.7408940392352, "p99": 200.31893630509134, "max": 450.1057029620721}, "Input Tokens per Minute": {"unit": "tokens/min", "min": 677836.2270021973, "p50": 677836.2270021973, "p90": 677836.2270021973, "p95": 677836.2270021973, "p99": 677836.2270021973, "max": 677836.2270021973}, "Output Tokens per Minute": {"unit": "tokens/min", "min": 34745.93295891424, "p50": 34745.93295891424, "p90": 34745.93295891424, "p95": 34745.93295891424, "p99": 34745.93295891424, "max": 34745.93295891424}}
{"actual_qps": 5.229883310884255, "success_rate": 100.0, "input_tokens": 3748, "output_tokens": 199, "model": "QwQ-32B", "input_tokens_per_minute": 1099233.4926024538, "output_tokens_per_minute": 58567.8502439268, "slo_seconds": 5.0, "slo_attainment": 0.0, "ttft_slo_ms": 1000, "ttft_slo_attainment": 2.0, "tpot_slo_ms": 50, "tpot_slo_attainment": 3.3333333333333335, "Latency": {"unit": "s", "min": 10.576888791998499, "p50": 33.14382298749115, "p90": 45.89572456399473, "p95": 49.34845816014859, "p99": 52.35321614197353, "max": 54.0822266049945}, "Throughput": {"unit": "tokens/s", "min": 3.531151758781285, "p50": 6.034509086193789, "p90": 12.422752676975835, "p95": 16.294166837606685, "p99": 17.6061663496915, "max": 18.909152202801035}, "TTFT": {"unit": "s", "min": 0.37464888600516133, "p50": 11.900820321498031, "p90": 20.850759768596618, "p95": 24.33211381299261, "p99": 28.163635955342894, "max": 31.168131763013662}, "TPOT": {"unit": "ms", "min": 8.706943658265361, "p50": 91.6233985175422, "p90": 149.0584066035516, "p95": 184.40193394900288, "p99": 202.77292289884335, "max": 205.07720622110318}, "Input Tokens per Minute": {"unit": "tokens/min", "min": 1099233.4926024538, "p50": 1099233.4926024538, "p90": 1099233.4926024538, "p95": 1099233.4926024538, "p99": 1099233.4926024538, "max": 1099233.4926024538}, "Output Tokens per Minute": {"unit": "tokens/min", "min": 58567.8502439268, "p50": 58567.8502439268, "p90": 58567.8502439268, "p95": 58567.8502439268, "p99": 58567.8502439268, "max": 58567.8502439268}}
{"actual_qps": 5.792682169163944, "success_rate": 75.0, "input_tokens": 3702, "output_tokens": 199, "model": "QwQ-32B", "input_tokens_per_minute": 770852.5409310197, "output_tokens_per_minute": 41504.744974490415, "slo_seconds": 5.0, "slo_attainment": 0.0, "ttft_slo_ms": 1000, "ttft_slo_attainment": 0.0, "tpot_slo_ms": 50, "tpot_slo_attainment": 0.0, "Latency": {"unit": "s", "min": 29.16871077498945, "p50": 46.94212673899892, "p90": 58.13736537020304, "p95": 60.34693126479977, "p99": 62.2054888319649, "max": 62.33867398899747}, "Throughput": {"unit": "tokens/s", "min": 1.2408643455715958, "p50": 4.260330484495907, "p90": 5.7701710068750725, "p95": 5.971597602965963, "p99": 6.792226416165959, "max": 6.856662316782574}, "TTFT": {"unit": "s", "min": 11.069515252005658, "p50": 27.976768817999982, "p90": 38.416251231409845, "p95": 38.66825095899985, "p99": 39.48106083396007, "max": 40.05287370600854}, "TPOT": {"unit": "ms", "min": 56.43922803515741, "p50": 95.79002912066778, "p90": 118.77577996080925, "p95": 129.8565538633285, "p99": 167.9843684962931, "max": 343.29601591212975}, "Input Tokens per Minute": {"unit": "tokens/min", "min": 770852.5409310197, "p50": 770852.5409310197, "p90": 770852.5409310197, "p95": 770852.5409310197, "p99": 770852.5409310197, "max": 770852.5409310197}, "Output Tokens per Minute": {"unit": "tokens/min", "min": 41504.744974490415, "p50": 41504.744974490415, "p90": 41504.744974490415, "p95": 41504.744974490415, "p99": 41504.744974490415, "max": 41504.744974490415}, "exceptions": {"Request timed out.": 71}}
{"actual_qps": 5.733233368199084, "success_rate": 100.0, "input_tokens": 3825, "output_tokens": 199, "model": "QwQ-32B", "input_tokens_per_minute": 1185428.812403803, "output_tokens_per_minute": 61687.206813091594, "slo_seconds": 5.0, "slo_attainment": 0.0, "ttft_slo_ms": 1000, "ttft_slo_attainment": 0.0, "tpot_slo_ms": 50, "tpot_slo_attainment": 0.6309148264984227, "Latency": {"unit": "s", "min": 24.24198560799414, "p50": 48.39584967200062, "p90": 60.40617289740767, "p95": 67.00974491000234, "p99": 70.21753147180775, "max": 73.5128398490051}, "Throughput": {"unit": "tokens/s", "min": 1.518605357440756, "p50": 4.131143552975228, "p90": 5.89978508304741, "p95": 6.200137631395386, "p99": 6.7181984564916855, "max": 7.075118827729293}, "TTFT": {"unit": "s", "min": 13.577109727993957, "p50": 22.923880103000556, "p90": 30.133210925600743, "p95": 41.06623052579234, "p99": 41.69184886572184, "max": 42.91935149100027}, "TPOT": {"unit": "ms", "min": 48.63257487945086, "p50": 126.4150344371654, "p90": 159.69975223115722, "p95": 163.0179361517754, "p99": 167.6532744556863, "max": 289.2299552188433}, "Input Tokens per Minute": {"unit": "tokens/min", "min": 1185428.812403803, "p50": 1185428.812403803, "p90": 1185428.812403803, "p95": 1185428.812403803, "p99": 1185428.812403803, "max": 1185428.812403803}, "Output Tokens per Minute": {"unit": "tokens/min", "min": 61687.206813091594, "p50": 61687.206813091594, "p90": 61687.206813091594, "p95": 61687.206813091594, "p99": 61687.206813091594, "max": 61687.206813091594}}
{"actual_qps": 5.852559707475273, "success_rate": 100.0, "input_tokens": 3742, "output_tokens": 200, "model": "QwQ-32B", "input_tokens_per_minute": 1152542.133087024, "output_tokens_per_minute": 61585.54179172114, "slo_seconds": 5.0, "slo_attainment": 0.0, "ttft_slo_ms": 1000, "ttft_slo_attainment": 0.0, "tpot_slo_ms": 50, "tpot_slo_attainment": 0.31746031746031744, "Latency": {"unit": "s", "min": 27.04357133700978, "p50": 46.90730573500332, "p90": 58.29053173819848, "p95": 59.87730163949745, "p99": 61.91226857227273, "max": 62.77186580099806}, "Throughput": {"unit": "tokens/s", "min": 3.1861407566575797, "p50": 4.263728152068119, "p90": 5.926125403729144, "p95": 6.192659348643813, "p99": 6.837297722665011, "max": 7.395472939119368}, "TTFT": {"unit": "s", "min": 11.333491707002395, "p50": 22.74663639299979, "p90": 29.155884143608276, "p95": 30.32158224939194, "p99": 31.851604744804217, "max": 33.064424345997395}, "TPOT": {"unit": "ms", "min": 48.91017936183264, "p50": 120.81255553775506, "p90": 159.01573493869932, "p95": 163.606789461318, "p99": 180.31276365467443, "max": 202.26818269344477}, "Input Tokens per Minute": {"unit": "tokens/min", "min": 1152542.133087024, "p50": 1152542.133087024, "p90": 1152542.133087024, "p95": 1152542.133087024, "p99": 1152542.133087024, "max": 1152542.133087024}, "Output Tokens per Minute": {"unit": "tokens/min", "min": 61585.54179172114, "p50": 61585.54179172114, "p90": 61585.54179172114, "p95": 61585.54179172114, "p99": 61585.54179172114, "max": 61585.54179172114}}
{"actual_qps": 5.638659191723733, "success_rate": 100.0, "input_tokens": 3771, "output_tokens": 199, "model": "QwQ-32B", "input_tokens_per_minute": 1415837.9201157151, "output_tokens_per_minute": 75001.41441949226, "slo_seconds": 5.0, "slo_attainment": 0.0, "ttft_slo_ms": 1000, "ttft_slo_attainment": 0.5208333333333333, "tpot_slo_ms": 50,