{"actual_qps": 3.2758493684432755, "success_rate": 100.0, "input_tokens": 3523, "output_tokens": 200, "model": "QwQ-32B", "input_tokens_per_minute": 221613.17528480868, "output_tokens_per_minute": 12579.26157482218, "slo_seconds": 5.0, "slo_attainment": 0.0, "ttft_slo_ms": 1000, "ttft_slo_attainment": 0.0, "tpot_slo_ms": 50, "tpot_slo_attainment": 6.25, "Latency": {"unit": "s", "min": 14.792993401002605, "p50": 27.997052641498158, "p90": 33.188304246295594, "p95": 33.6099770458437, "p99": 35.9328326178582, "max": 39.75549551099539}, "Throughput": {"unit": "tokens/s", "min": 5.030751030249012, "p50": 7.145863112932476, "p90": 10.647160110007697, "p95": 12.027220503730259, "p99": 13.475604752674476, "max": 13.519914095712695}, "TTFT": {"unit": "s", "min": 2.3097204359946772, "p50": 6.98988027949963, "p90": 12.949231981796046, "p95": 15.555057429600856, "p99": 17.47035700247419, "max": 17.486143688001903}, "TPOT": {"unit": "ms", "min": 0.23934951762261628, "p50": 104.91922939195206, "p90": 132.32204310856167, "p95": 134.28063703014328, "p99": 135.99561277412354, "max": 136.6728044121003}, "Input Tokens per Minute": {"unit": "tokens/min", "min": 221613.17528480868, "p50": 221613.17528480868, "p90": 221613.17528480868, "p95": 221613.17528480868, "p99": 221613.17528480868, "max": 221613.17528480868}, "Output Tokens per Minute": {"unit": "tokens/min", "min": 12579.26157482218, "p50": 12579.26157482218, "p90": 12579.26157482218, "p95": 12579.26157482218, "p99": 12579.26157482218, "max": 12579.26157482218}}
{"actual_qps": 3.4068884163894597, "success_rate": 100.0, "input_tokens": 3630, "output_tokens": 198, "model": "QwQ-32B", "input_tokens_per_minute": 734920.7541483436, "output_tokens_per_minute": 40249.70602018884, "slo_seconds": 5.0, "slo_attainment": 0.0, "ttft_slo_ms": 1000, "ttft_slo_attainment": 5.825242718446602, "tpot_slo_ms": 50, "tpot_slo_attainment": 0.0, "Latency": {"unit": "s", "min": 11.714840271000867, "p50": 32.421318058506586, "p90": 43.49001265400875, "p95": 47.47315469125169, "p99": 47.952583260396935, "max": 50.55435040099837}, "Throughput": {"unit": "tokens/s", "min": 1.8208846567385084, "p50": 6.10515766666178, "p90": 11.183145682257646, "p95": 12.723823241329729, "p99": 15.68021539973001, "max": 17.072362522524845}, "TTFT": {"unit": "s", "min": 0.2138764870032901, "p50": 6.0492375179965165, "p90": 14.104669275009655, "p95": 17.108976568742946, "p99": 19.541477434356782, "max": 20.170770021009957}, "TPOT": {"unit": "ms", "min": 50.03236814070932, "p50": 127.9990163593127, "p90": 168.70370412561437, "p95": 180.27091203766395, "p99": 190.58067783013604, "max": 387.8633966858615}, "Input Tokens per Minute": {"unit": "tokens/min", "min": 734920.7541483436, "p50": 734920.7541483436, "p90": 734920.7541483436, "p95": 734920.7541483436, "p99": 734920.7541483436, "max": 734920.7541483436}, "Output Tokens per Minute": {"unit": "tokens/min", "min": 40249.70602018884, "p50": 40249.70602018884, "p90": 40249.70602018884, "p95": 40249.70602018884, "p99": 40249.70602018884, "max": 40249.70602018884}}
{"actual_qps": 3.4924492765228536, "success_rate": 100.0, "input_tokens": 3687, "output_tokens": 197, "model": "QwQ-32B", "input_tokens_per_minute": 728353.9865043622, "output_tokens_per_minute": 39006.52118486462, "slo_seconds": 5.0, "slo_attainment": 0.0, "ttft_slo_ms": 1000, "ttft_slo_attainment": 0.9950248756218906, "tpot_slo_ms": 50, "tpot_slo_attainment": 7.960199004975125, "Latency": {"unit": "s", "min": 9.42766324900731, "p50": 32.129330741998274, "p90": 43.19236692899722, "p95": 46.55383432599774, "p99": 51.188226155005395, "max": 53.56403503898764}, "Throughput": {"unit": "tokens/s", "min": 1.768130652273099, "p50": 6.05755012422258, "p90": 12.487732728822404, "p95": 15.482620510598968, "p99": 18.64885079016462, "max": 21.21416460447493}, "TTFT": {"unit": "s", "min": 0.5664743780071149, "p50": 10.57459280799958, "p90": 23.217777077006758, "p95": 25.037048696001875, "p99": 26.91752278499189, "max": 29.82100534098572}, "TPOT": {"unit": "ms", "min": 23.40172213566871, "p50": 93.83138717582447, "p90": 163.48678256780198, "p95": 167.80718049245368, "p99": 192.19128756793162, "max": 452.33937780696516}, "Input Tokens per Minute": {"unit": "tokens/min", "min": 728353.9865043622, "p50": 728353.9865043622, "p90": 728353.9865043622, "p95": 728353.9865043622, "p99": 728353.9865043622, "max": 728353.9865043622}, "Output Tokens per Minute": {"unit": "tokens/min", "min": 39006.52118486462, "p50": 39006.52118486462, "p90": 39006.52118486462, "p95": 39006.52118486462, "p99": 39006.52118486462, "max": 39006.52118486462}}
{"actual_qps": 3.2499680638635127, "success_rate": 100.0, "input_tokens": 3829, "output_tokens": 196, "model": "QwQ-32B", "input_tokens_per_minute": 752702.7196901273, "output_tokens_per_minute": 38708.746477273125, "slo_seconds": 5.0, "slo_attainment": 0.0, "ttft_slo_ms": 1000, "ttft_slo_attainment": 0.0, "tpot_slo_ms": 50, "tpot_slo_attainment": 0.5, "Latency": {"unit": "s", "min": 20.38538026101014, "p50": 43.671736997501284, "p90": 55.32872389001131, "p95": 56.689437966253166, "p99": 61.63224351938217, "max": 62.907743955991464}, "Throughput": {"unit": "tokens/s", "min": 0.7471603669656636, "p50": 4.533203265765755, "p90": 6.135762645128615, "p95": 6.48494607210075, "p99": 8.207266892886299, "max": 8.557518441709178}, "TTFT": {"unit": "s", "min": 6.583878064993769, "p50": 21.595340390500496, "p90": 25.871147962196847, "p95": 27.148259978647545, "p99": 28.900176477416235, "max": 30.814559064994683}, "TPOT": {"unit": "ms", "min": 44.53097979083311, "p50": 116.05777378895598, "p90": 162.27093514469047, "p95": 167.3338893615565, "p99": 188.61890354171618, "max": 565.6872833216247}, "Input Tokens per Minute": {"unit": "tokens/min", "min": 752702.7196901273, "p50": 752702.7196901273, "p90": 752702.7196901273, "p95": 752702.7196901273, "p99": 752702.7196901273, "max": 752702.7196901273}, "Output Tokens per Minute": {"unit": "tokens/min", "min": 38708.746477273125, "p50": 38708.746477273125, "p90": 38708.746477273125, "p95": 38708.746477273125, "p99": 38708.746477273125, "max": 38708.746477273125}}
{"actual_qps": 3.6885788957812498, "success_rate": 100.0, "input_tokens": 3722, "output_tokens": 199, "model": "QwQ-32B", "input_tokens_per_minute": 797577.2698486844, "output_tokens_per_minute": 42728.21365235302, "slo_seconds": 5.0, "slo_attainment": 0.0, "ttft_slo_ms": 1000, "ttft_slo_attainment": 0.0, "tpot_slo_ms": 50, "tpot_slo_attainment": 0.0, "Latency": {"unit": "s", "min": 27.971691473998362, "p50": 47.60720079249586, "p90": 59.83595204880548, "p95": 61.03075612480315, "p99": 64.40006601348269, "max": 65.32073252000555}, "Throughput": {"unit": "tokens/s", "min": 1.9307785826301875, "p50": 4.190668493373488, "p90": 5.895481613534534, "p95": 6.26132831275913, "p99": 6.79487095028936, "max": 7.150086014137327}, "TTFT": {"unit": "s", "min": 11.785943448005128, "p50": 23.8864327304982, "p90": 29.783114205108724, "p95": 31.132318175497492, "p99": 32.16522405710522, "max": 33.92900677300349}, "TPOT": {"unit": "ms", "min": 51.19278518589513, "p50": 119.5448572462148, "p90": 159.68053032014194, "p95": 162.86790364797912, "p99": 173.89478219101287, "max": 197.74100742714967}, "Input Tokens per Minute": {"unit": "tokens/min", "min": 797577.2698486844, "p50": 797577.2698486844, "p90": 797577.2698486844, "p95": 797577.2698486844, "p99": 797577.2698486844, "max": 797577.2698486844}, "Output Tokens per Minute": {"unit": "tokens/min", "min": 42728.21365235302, "p50": 42728.21365235302, "p90": 42728.21365235302, "p95": 42728.21365235302, "p99": 42728.21365235302, "max": 42728.21365235302}}
{"actual_qps": 3.3999778490308943, "success_rate": 100.0, "input_tokens": 3714, "output_tokens": 199, "model": "QwQ-32B", "input_tokens_per_minute": 1244699.2604872545, "output_tokens_per_minute": 66952.13697718052, "slo_seconds": 5.0, "slo_attainment": 4.398826979472141, "ttft_slo_ms": 1000, "ttft_slo_attainment": 11.436950146627565, "tpot_slo_ms": 50,