{"target_qps": 0.5, "actual_qps": 0.4324190199981879, "input_tokens": 3397, "output_tokens": 250, "model": "meta-llama/Llama-3.1-8B-Instruct", "input_tokens_per_minute": 88137.64043612295, "output_tokens_per_minute": 6486.285299972818, "Latency": {"unit": "s", "min": 5.20366907119751, "p50": 5.233561754226685, "p90": 5.257328081130981, "p95": 5.36260757446289, "p99": 5.487116546630859, "max": 5.518243789672852}, "Throughput": {"unit": "tokens/s", "min": 45.30426880883079, "p50": 47.76861566563099, "p90": 47.8742277220252, "p95": 47.94284027570279, "p99": 48.02298755099339, "max": 48.043024369816045}, "TTFT": {"unit": "s", "min": 0.6209681034088135, "p50": 0.6532747745513916, "p90": 0.6583235263824463, "p95": 0.8142355442047113, "p99": 1.0010884952545163, "max": 1.0478017330169678}, "TPOT": {"unit": "ms", "min": 17.95358255685094, "p50": 18.392037196331714, "p90": 18.44580546919122, "p95": 18.46926853838695, "p99": 18.497074464238793, "max": 18.504025945701752}, "Input Tokens per Minute": {"unit": "tokens/min", "min": 88137.64043612295, "p50": 88137.64043612295, "p90": 88137.64043612295, "p95": 88137.64043612295, "p99": 88137.64043612295, "max": 88137.64043612295}, "Output Tokens per Minute": {"unit": "tokens/min", "min": 6486.285299972818, "p50": 6486.285299972818, "p90": 6486.285299972818, "p95": 6486.285299972818, "p99": 6486.285299972818, "max": 6486.285299972818}}
{"target_qps": 0.5, "actual_qps": 0.49867743936891207, "input_tokens": 3394, "output_tokens": 250, "model": "meta-llama/Llama-3.1-8B-Instruct", "input_tokens_per_minute": 101578.59968968993, "output_tokens_per_minute": 7480.161590533682, "Latency": {"unit": "s", "min": 5.2270238399505615, "p50": 5.234800577163696, "p90": 5.287649440765381, "p95": 5.289342069625855, "p99": 5.289350347518921, "max": 5.2893524169921875}, "Throughput": {"unit": "tokens/s", "min": 47.264765190700516, "p50": 47.757311155385835, "p90": 47.818518769633194, "p95": 47.82312706507194, "p99": 47.82731678843609, "max": 47.828364219277134}, "TTFT": {"unit": "s", "min": 0.6461656093597412, "p50": 0.6539533138275146, "p90": 0.6594264030456543, "p95": 0.6606954097747803, "p99": 0.6624067974090576, "max": 0.662834644317627}, "TPOT": {"unit": "ms", "min": 18.363358026527496, "p50": 18.399188796200427, "p90": 18.618858099941267, "p95": 18.625962686347194, "p99": 18.626147676184473, "max": 18.626193923643793}, "Input Tokens per Minute": {"unit": "tokens/min", "min": 101578.59968968993, "p50": 101578.59968968993, "p90": 101578.59968968993, "p95": 101578.59968968993, "p99": 101578.59968968993, "max": 101578.59968968993}, "Output Tokens per Minute": {"unit": "tokens/min", "min": 7480.161590533682, "p50": 7480.161590533682, "p90": 7480.161590533682, "p95": 7480.161590533682, "p99": 7480.161590533682, "max": 7480.161590533682}}
{"target_qps": 0.5, "actual_qps": 0.49870206558981145, "input_tokens": 3386, "output_tokens": 250, "model": "meta-llama/Llama-3.1-8B-Instruct", "input_tokens_per_minute": 101328.28049480024, "output_tokens_per_minute": 7480.530983847171, "Latency": {"unit": "s", "min": 5.220728874206543, "p50": 5.2350640296936035, "p90": 5.265416145324707, "p95": 5.275569486618042, "p99": 5.293761358261109, "max": 5.298309326171875}, "Throughput": {"unit": "tokens/s", "min": 47.184863059067474, "p50": 47.754907787561855, "p90": 47.86235469085915, "p95": 47.86972822548421, "p99": 47.88277278762805, "max": 47.88603392816401}, "TTFT": {"unit": "s", "min": 0.638451099395752, "p50": 0.6504561901092529, "p90": 0.659993839263916, "p95": 0.661982536315918, "p99": 0.6629491806030273, "max": 0.6631908416748047}, "TPOT": {"unit": "ms", "min": 18.341717471080614, "p50": 18.397939253044896, "p90": 18.52306094035566, "p95": 18.600349062417884, "p99": 18.69150186638277, "max": 18.71429006737399}, "Input Tokens per Minute": {"unit": "tokens/min", "min": 101328.28049480024, "p50": 101328.28049480024, "p90": 101328.28049480024, "p95": 101328.28049480024, "p99": 101328.28049480024, "max": 101328.28049480024}, "Output Tokens per Minute": {"unit": "tokens/min", "min": 7480.530983847171, "p50": 7480.530983847171, "p90": 7480.530983847171, "p95": 7480.530983847171, "p99": 7480.530983847171, "max": 7480.530983847171}}
{"target_qps": 0.5, "actual_qps": 0.49778968047043454, "input_tokens": 3396, "output_tokens": 250, "model": "meta-llama/Llama-3.1-8B-Instruct", "input_tokens_per_minute": 101441.57224498704, "output_tokens_per_minute": 7466.845207056518, "Latency": {"unit": "s", "min": 5.220957279205322, "p50": 5.2489333152771, "p90": 5.289037752151489, "p95": 5.296638917922974, "p99": 5.306310167312622, "max": 5.308727979660034}, "Throughput": {"unit": "tokens/s", "min": 47.092260322596104, "p50": 47.628724730103016, "p90": 47.87827528278501, "p95": 47.88225385459761, "p99": 47.8836019894489, "max": 47.88393902316172}, "TTFT": {"unit": "s", "min": 0.6422445774078369, "p50": 0.6551117897033691, "p90": 0.6594755172729492, "p95": 0.6602761268615722, "p99": 0.6611060523986816, "max": 0.661313533782959}, "TPOT": {"unit": "ms", "min": 18.35671677646867, "p50": 18.43243526167659, "p90": 18.618013772619776, "p95": 18.651749714311347, "p99": 18.66942294630181, "max": 18.673841254299425}, "Input Tokens per Minute": {"unit": "tokens/min", "min": 101441.57224498704, "p50": 101441.57224498704, "p90": 101441.57224498704, "p95": 101441.57224498704, "p99": 101441.57224498704, "max": 101441.57224498704}, "Output Tokens per Minute": {"unit": "tokens/min", "min": 7466.845207056518, "p50": 7466.845207056518, "p90": 7466.845207056518, "p95": 7466.845207056518, "p99": 7466.845207056518, "max": 7466.845207056518}}
{"target_qps": 0.5, "actual_qps": 0.4978657816951811, "input_tokens": 3398, "output_tokens": 250, "model": "meta-llama/Llama-3.1-8B-Instruct", "input_tokens_per_minute": 101512.84142452065, "output_tokens_per_minute": 7467.986725427717, "Latency": {"unit": "s", "min": 5.222084999084473, "p50": 5.245140790939331, "p90": 5.280381059646606, "p95": 5.298119974136353, "p99": 5.300458612442017, "max": 5.301043272018433}, "Throughput": {"unit": "tokens/s", "min": 47.16052806428227, "p50": 47.663162909155865, "p90": 47.81417086233136, "p95": 47.83677517424671, "p99": 47.86623374614257, "max": 47.87359838911653}, "TTFT": {"unit": "s", "min": 0.6430540084838867, "p50": 0.6547582149505615, "p90": 0.660806941986084, "p95": 0.6612417459487915, "p99": 0.6618269395828247, "max": 0.661973237991333}, "TPOT": {"unit": "ms", "min": 18.389682693175043, "p50": 18.428536304029596, "p90": 18.565115105196174, "p95": 18.636010353823742, "p99": 18.64573009521607, "max": 18.648160030564153}, "Input Tokens per Minute": {"unit": "tokens/min", "min": 101512.84142452065, "p50": 101512.84142452065, "p90": 101512.84142452065, "p95": 101512.84142452065, "p99": 101512.84142452065, "max": 101512.84142452065}, "Output Tokens per Minute": {"unit": "tokens/min", "min": 7467.986725427717, "p50": 7467.986725427717, "p90": 7467.986725427717, "p95": 7467.986725427717, "p99": 7467.986725427717, "max": 7467.986725427717}}
{"target_qps": 0.5, "actual_qps": 0.49884824043938153, "input_tokens": 3397, "output_tokens": 250, "model": "meta-llama/Llama-3.1-8B-Instruct", "input_tokens_per_minute": 101689.21611708704, "output_tokens_per_minute": 7482.723606590723, "Latency": {"unit": "s", "min": 5.2244086265563965, "p50": 5.246042490005493, "p90": 5.27108097076416, "p95": 5.27810697555542, "p99": 5.282841930389404, "max": 5.2840256690979}, "Throughput": {"unit": "tokens/s", "min": 47.31241209936827, "p50": 47.6549704803741, "p90": 47.837727216220536, "p95": 47.84236971083804, "p99": 47.85031870128009, "max": 47.852305948890596}, "TTFT": {"unit": "s", "min": 0.6443183422088623, "p50": 0.6536605358123779, "p90": 0.6639729499816894, "p95": 0.665382981300354, "p99": 0.666511845588684, "max": 0.6667940616607666}, "TPOT": {"unit": "ms", "min": 18.374827970941382, "p50": 18.419082863742567, "p90": 18.53407243169455, "p95": 18.567931987195607, "p99": 18.584082940496113, "max": 18.58812067882124},