{"target_qps": 0.5, "actual_qps": 0.4329978411076788, "input_tokens": 3397, "output_tokens": 250, "model": "meta-llama/Llama-3.1-8B-Instruct", "input_tokens_per_minute": 88255.61842614145, "output_tokens_per_minute": 6494.967616615182, "Latency": {"unit": "s", "min": 5.288536787033081, "p50": 5.30411171913147, "p90": 5.357613611221313, "p95": 5.483894872665405, "p99": 5.634471426010132, "max": 5.6721155643463135}, "Throughput": {"unit": "tokens/s", "min": 44.0752655978037, "p50": 47.13324553445429, "p90": 47.19495103952675, "p95": 47.227529571511496, "p99": 47.26314963200855, "max": 47.27205464713281}, "TTFT": {"unit": "s", "min": 0.5844926834106445, "p50": 0.5946276187896729, "p90": 0.6082798480987549, "p95": 0.7862533569335931, "p99": 0.9969652938842769, "max": 1.0496432781219482}, "TPOT": {"unit": "ms", "min": 18.564145727808697, "p50": 18.934505531586797, "p90": 19.096720745285833, "p95": 19.10942970030758, "p99": 19.113951725174626, "max": 19.115082231391387}, "Input Tokens per Minute": {"unit": "tokens/min", "min": 88255.61842614145, "p50": 88255.61842614145, "p90": 88255.61842614145, "p95": 88255.61842614145, "p99": 88255.61842614145, "max": 88255.61842614145}, "Output Tokens per Minute": {"unit": "tokens/min", "min": 6494.967616615182, "p50": 6494.967616615182, "p90": 6494.967616615182, "p95": 6494.967616615182, "p99": 6494.967616615182, "max": 6494.967616615182}}
{"target_qps": 0.5, "actual_qps": 0.4979659237908697, "input_tokens": 3394, "output_tokens": 250, "model": "meta-llama/Llama-3.1-8B-Instruct", "input_tokens_per_minute": 101433.66681250499, "output_tokens_per_minute": 7469.488856863046, "Latency": {"unit": "s", "min": 5.296490907669067, "p50": 5.335915803909302, "p90": 5.3900477409362795, "p95": 5.392300868034363, "p99": 5.392941336631775, "max": 5.393101453781128}, "Throughput": {"unit": "tokens/s", "min": 46.35551586457248, "p50": 46.85231348981185, "p90": 47.08368390320473, "p95": 47.17733494691631, "p99": 47.19631723655531, "max": 47.201062808965055}, "TTFT": {"unit": "s", "min": 0.5830671787261963, "p50": 0.596982479095459, "p90": 0.6094424247741699, "p95": 0.6122153520584106, "p99": 0.615076699256897, "max": 0.6157920360565186}, "TPOT": {"unit": "ms", "min": 18.892437578683875, "p50": 19.02493032585665, "p90": 19.208383560180664, "p95": 19.23501453246457, "p99": 19.27357124037532, "max": 19.283210417353004}, "Input Tokens per Minute": {"unit": "tokens/min", "min": 101433.66681250499, "p50": 101433.66681250499, "p90": 101433.66681250499, "p95": 101433.66681250499, "p99": 101433.66681250499, "max": 101433.66681250499}, "Output Tokens per Minute": {"unit": "tokens/min", "min": 7469.488856863046, "p50": 7469.488856863046, "p90": 7469.488856863046, "p95": 7469.488856863046, "p99": 7469.488856863046, "max": 7469.488856863046}}
{"target_qps": 0.5, "actual_qps": 0.49759907065892156, "input_tokens": 3386, "output_tokens": 250, "model": "meta-llama/Llama-3.1-8B-Instruct", "input_tokens_per_minute": 101104.1695727623, "output_tokens_per_minute": 7463.986059883822, "Latency": {"unit": "s", "min": 5.286915063858032, "p50": 5.32148551940918, "p90": 5.397334289550781, "p95": 5.409352707862854, "p99": 5.414783940315247, "max": 5.416141748428345}, "Throughput": {"unit": "tokens/s", "min": 46.158319263439694, "p50": 46.97936301586636, "p90": 47.15095261697035, "p95": 47.23440909516067, "p99": 47.27612582698364, "max": 47.28655500993938}, "TTFT": {"unit": "s", "min": 0.5836191177368164, "p50": 0.5947537422180176, "p90": 0.6029467105865478, "p95": 0.6039860963821411, "p99": 0.6054175043106079, "max": 0.6057753562927246}, "TPOT": {"unit": "ms", "min": 18.844021372048253, "p50": 19.000603013249286, "p90": 19.288099434481087, "p95": 19.327994427049013, "p99": 19.330992871020214, "max": 19.331742482013013}, "Input Tokens per Minute": {"unit": "tokens/min", "min": 101104.1695727623, "p50": 101104.1695727623, "p90": 101104.1695727623, "p95": 101104.1695727623, "p99": 101104.1695727623, "max": 101104.1695727623}, "Output Tokens per Minute": {"unit": "tokens/min", "min": 7463.986059883822, "p50": 7463.986059883822, "p90": 7463.986059883822, "p95": 7463.986059883822, "p99": 7463.986059883822, "max": 7463.986059883822}}
{"target_qps": 0.5, "actual_qps": 0.4977614738975784, "input_tokens": 3396, "output_tokens": 250, "model": "meta-llama/Llama-3.1-8B-Instruct", "input_tokens_per_minute": 101435.82419674413, "output_tokens_per_minute": 7466.4221084636765, "Latency": {"unit": "s", "min": 5.323220252990723, "p50": 5.42007303237915, "p90": 5.701103925704956, "p95": 5.736289644241333, "p99": 5.738056306838989, "max": 5.738497972488403}, "Throughput": {"unit": "tokens/s", "min": 43.565407045285006, "p50": 46.12483974044572, "p90": 46.87028738034998, "p95": 46.9014715371672, "p99": 46.95153699415767, "max": 46.96405335840529}, "TTFT": {"unit": "s", "min": 0.5844876766204834, "p50": 0.6012208461761475, "p90": 0.6075593948364257, "p95": 0.6999645709991452, "p99": 0.8719596958160398, "max": 0.9149584770202637}, "TPOT": {"unit": "ms", "min": 18.993340342877858, "p50": 19.335842515570093, "p90": 19.985555357722394, "p95": 20.43184602116964, "p99": 20.5988140948805, "max": 20.640556113308214}, "Input Tokens per Minute": {"unit": "tokens/min", "min": 101435.82419674413, "p50": 101435.82419674413, "p90": 101435.82419674413, "p95": 101435.82419674413, "p99": 101435.82419674413, "max": 101435.82419674413}, "Output Tokens per Minute": {"unit": "tokens/min", "min": 7466.4221084636765, "p50": 7466.4221084636765, "p90": 7466.4221084636765, "p95": 7466.4221084636765, "p99": 7466.4221084636765, "max": 7466.4221084636765}}
{"target_qps": 0.5, "actual_qps": 0.4990581010653702, "input_tokens": 3398, "output_tokens": 250, "model": "meta-llama/Llama-3.1-8B-Instruct", "input_tokens_per_minute": 101755.9505748247, "output_tokens_per_minute": 7485.8715159805515, "Latency": {"unit": "s", "min": 5.323615550994873, "p50": 5.350154161453247, "p90": 5.3731091022491455, "p95": 5.377217960357666, "p99": 5.381258907318116, "max": 5.3822691440582275}, "Throughput": {"unit": "tokens/s", "min": 46.44881058688569, "p50": 46.72762549557884, "p90": 46.87764806745399, "p95": 46.912817259871055, "p99": 46.951016335959075, "max": 46.960566104981076}, "TTFT": {"unit": "s", "min": 0.5842344760894775, "p50": 0.6006460189819336, "p90": 0.6071918964385986, "p95": 0.6078269958496094, "p99": 0.6084457015991211, "max": 0.608600378036499}, "TPOT": {"unit": "ms", "min": 18.96568474520641, "p50": 19.08965283129589, "p90": 19.164768471775282, "p95": 19.184451888364002, "p99": 19.202649526327967, "max": 19.20719893581896}, "Input Tokens per Minute": {"unit": "tokens/min", "min": 101755.9505748247, "p50": 101755.9505748247, "p90": 101755.9505748247, "p95": 101755.9505748247, "p99": 101755.9505748247, "max": 101755.9505748247}, "Output Tokens per Minute": {"unit": "tokens/min", "min": 7485.8715159805515, "p50": 7485.8715159805515, "p90": 7485.8715159805515, "p95": 7485.8715159805515, "p99": 7485.8715159805515, "max": 7485.8715159805515}}
{"target_qps": 0.5, "actual_qps": 0.4978035171166246, "input_tokens": 3397, "output_tokens": 250, "model": "meta-llama/Llama-3.1-8B-Instruct", "input_tokens_per_minute": 101476.2513571897, "output_tokens_per_minute": 7467.052756749369, "Latency": {"unit": "s", "min": 5.307715177536011, "p50": 5.350457429885864, "p90": 5.432728338241577, "p95": 5.443247985839844, "p99": 5.462002220153809, "max": 5.4666907787323}, "Throughput": {"unit": "tokens/s", "min": 45.73150560712231, "p50": 46.72497693441755, "p90": 47.03110013730853, "p95": 47.06114895445422, "p99": 47.09322685088108, "max": 47.1012463249878}, "TTFT": {"unit": "s", "min": 0.5855131149291992, "p50": 0.5986073017120361, "p90": 0.6093159675598144, "p95": 0.6096065998077392, "p99": 0.6100496006011963, "max": 0.6101603507995605}, "TPOT": {"unit": "ms", "min": 18.909949375443666, "p50": 19.079699573746645, "p90": 19.44248513524312, "p95": 19.475208516101763, "p99": 19.511676179357323, "max": 19.520793095171214},