{"target_qps": 0.5, "actual_qps": 0.4322087960155714, "input_tokens": 3397, "output_tokens": 250, "model": "meta-llama/Llama-3.1-8B-Instruct", "input_tokens_per_minute": 88094.7916137215, "output_tokens_per_minute": 6483.131940233569, "Latency": {"unit": "s", "min": 5.293870687484741, "p50": 5.343712091445923, "p90": 5.359744501113892, "p95": 5.495484781265258, "p99": 5.6569508457183835, "max": 5.697317361831665}, "Throughput": {"unit": "tokens/s", "min": 43.88030087192229, "p50": 46.78395761631574, "p90": 46.86742430140452, "p95": 47.01062456007657, "p99": 47.18166502674096, "max": 47.22442514340705}, "TTFT": {"unit": "s", "min": 0.6029090881347656, "p50": 0.6136364936828613, "p90": 0.6219587326049805, "p95": 0.7998413085937494, "p99": 1.0125799942016598, "max": 1.0657646656036377}, "TPOT": {"unit": "ms", "min": 18.600613237863563, "p50": 19.002368651240705, "p90": 19.037294196316516, "p95": 19.04009738600398, "p99": 19.041344286447547, "max": 19.04165601155844}, "Input Tokens per Minute": {"unit": "tokens/min", "min": 88094.7916137215, "p50": 88094.7916137215, "p90": 88094.7916137215, "p95": 88094.7916137215, "p99": 88094.7916137215, "max": 88094.7916137215}, "Output Tokens per Minute": {"unit": "tokens/min", "min": 6483.131940233569, "p50": 6483.131940233569, "p90": 6483.131940233569, "p95": 6483.131940233569, "p99": 6483.131940233569, "max": 6483.131940233569}}
{"target_qps": 0.5, "actual_qps": 0.49751856580040027, "input_tokens": 3394, "output_tokens": 250, "model": "meta-llama/Llama-3.1-8B-Instruct", "input_tokens_per_minute": 101342.54177927834, "output_tokens_per_minute": 7462.778487006004, "Latency": {"unit": "s", "min": 5.341599225997925, "p50": 5.368672132492065, "p90": 5.38214077949524, "p95": 5.384295988082886, "p99": 5.387062940597534, "max": 5.387754678726196}, "Throughput": {"unit": "tokens/s", "min": 46.4015187972713, "p50": 46.566449548475845, "p90": 46.726637032070045, "p95": 46.757927929339075, "p99": 46.79355596555981, "max": 46.802462974615}, "TTFT": {"unit": "s", "min": 0.6075279712677002, "p50": 0.6165883541107178, "p90": 0.6227788925170898, "p95": 0.6246355295181274, "p99": 0.6264073991775513, "max": 0.6268503665924072}, "TPOT": {"unit": "ms", "min": 18.999897332555317, "p50": 19.089982212786694, "p90": 19.128619044660084, "p95": 19.138942090383015, "p99": 19.15416809449713, "max": 19.15797459552566}, "Input Tokens per Minute": {"unit": "tokens/min", "min": 101342.54177927834, "p50": 101342.54177927834, "p90": 101342.54177927834, "p95": 101342.54177927834, "p99": 101342.54177927834, "max": 101342.54177927834}, "Output Tokens per Minute": {"unit": "tokens/min", "min": 7462.778487006004, "p50": 7462.778487006004, "p90": 7462.778487006004, "p95": 7462.778487006004, "p99": 7462.778487006004, "max": 7462.778487006004}}
{"target_qps": 0.5, "actual_qps": 0.497885733605948, "input_tokens": 3386, "output_tokens": 250, "model": "meta-llama/Llama-3.1-8B-Instruct", "input_tokens_per_minute": 101162.41489699094, "output_tokens_per_minute": 7468.286004089221, "Latency": {"unit": "s", "min": 5.350614309310913, "p50": 5.368327617645264, "p90": 5.38690299987793, "p95": 5.39149386882782, "p99": 5.3955474996566775, "max": 5.396560907363892}, "Throughput": {"unit": "tokens/s", "min": 46.32579976237493, "p50": 46.56943797138423, "p90": 46.66434419221636, "p95": 46.684537785478724, "p99": 46.715793127668164, "max": 46.72360696321552}, "TTFT": {"unit": "s", "min": 0.6103663444519043, "p50": 0.6178042888641357, "p90": 0.625214672088623, "p95": 0.6264712333679199, "p99": 0.6273492240905761, "max": 0.6275687217712402}, "TPOT": {"unit": "ms", "min": 19.0262200841942, "p50": 19.073554310932696, "p90": 19.14429741212163, "p95": 19.158861627540432, "p99": 19.165187743772943, "max": 19.166769272831072}, "Input Tokens per Minute": {"unit": "tokens/min", "min": 101162.41489699094, "p50": 101162.41489699094, "p90": 101162.41489699094, "p95": 101162.41489699094, "p99": 101162.41489699094, "max": 101162.41489699094}, "Output Tokens per Minute": {"unit": "tokens/min", "min": 7468.286004089221, "p50": 7468.286004089221, "p90": 7468.286004089221, "p95": 7468.286004089221, "p99": 7468.286004089221, "max": 7468.286004089221}}
{"target_qps": 0.5, "actual_qps": 0.4979204129177643, "input_tokens": 3396, "output_tokens": 250, "model": "meta-llama/Llama-3.1-8B-Instruct", "input_tokens_per_minute": 101468.21342603368, "output_tokens_per_minute": 7468.806193766464, "Latency": {"unit": "s", "min": 5.338558197021484, "p50": 5.362332105636597, "p90": 5.382367086410523, "p95": 5.3857378482818605, "p99": 5.38836220741272, "max": 5.389018297195435}, "Throughput": {"unit": "tokens/s", "min": 46.390638556581926, "p50": 46.62150629149085, "p90": 46.757558561345746, "p95": 46.786723268909554, "p99": 46.820643285907906, "max": 46.8291232901575}, "TTFT": {"unit": "s", "min": 0.610680103302002, "p50": 0.6192224025726318, "p90": 0.6220301151275635, "p95": 0.6228766441345215, "p99": 0.6241250038146973, "max": 0.6244370937347412}, "TPOT": {"unit": "ms", "min": 18.959778858475893, "p50": 19.042449782651115, "p90": 19.13117711323811, "p95": 19.149772804903698, "p99": 19.16716399441761, "max": 19.17151179179609}, "Input Tokens per Minute": {"unit": "tokens/min", "min": 101468.21342603368, "p50": 101468.21342603368, "p90": 101468.21342603368, "p95": 101468.21342603368, "p99": 101468.21342603368, "max": 101468.21342603368}, "Output Tokens per Minute": {"unit": "tokens/min", "min": 7468.806193766464, "p50": 7468.806193766464, "p90": 7468.806193766464, "p95": 7468.806193766464, "p99": 7468.806193766464, "max": 7468.806193766464}}
{"target_qps": 0.5, "actual_qps": 0.4977502425693969, "input_tokens": 3398, "output_tokens": 250, "model": "meta-llama/Llama-3.1-8B-Instruct", "input_tokens_per_minute": 101489.28345892974, "output_tokens_per_minute": 7466.253638540952, "Latency": {"unit": "s", "min": 5.335793733596802, "p50": 5.3616955280303955, "p90": 5.379614019393921, "p95": 5.37992491722107, "p99": 5.379963903427124, "max": 5.379973649978638}, "Throughput": {"unit": "tokens/s", "min": 46.46862907980835, "p50": 46.627041519427124, "p90": 46.765616104561225, "p95": 46.7998158930071, "p99": 46.84267146634892, "max": 46.853385359684374}, "TTFT": {"unit": "s", "min": 0.6112167835235596, "p50": 0.6194989681243896, "p90": 0.6256977558135987, "p95": 0.6272931814193725, "p99": 0.6274762296676636, "max": 0.6275219917297363}, "TPOT": {"unit": "ms", "min": 18.97420461876804, "p50": 19.045079089551567, "p90": 19.104379439449694, "p95": 19.10958586926441, "p99": 19.11661494687858, "max": 19.118372216282122}, "Input Tokens per Minute": {"unit": "tokens/min", "min": 101489.28345892974, "p50": 101489.28345892974, "p90": 101489.28345892974, "p95": 101489.28345892974, "p99": 101489.28345892974, "max": 101489.28345892974}, "Output Tokens per Minute": {"unit": "tokens/min", "min": 7466.253638540952, "p50": 7466.253638540952, "p90": 7466.253638540952, "p95": 7466.253638540952, "p99": 7466.253638540952, "max": 7466.253638540952}}
{"target_qps": 0.5, "actual_qps": 0.4982298284741443, "input_tokens": 3397, "output_tokens": 250, "model": "meta-llama/Llama-3.1-8B-Instruct", "input_tokens_per_minute": 101563.15407479738, "output_tokens_per_minute": 7473.447427112164, "Latency": {"unit": "s", "min": 5.344451189041138, "p50": 5.360773086547852, "p90": 5.412018918991089, "p95": 5.421356058120727, "p99": 5.425979394912719, "max": 5.427135229110718}, "Throughput": {"unit": "tokens/s", "min": 46.0648186282553, "p50": 46.63506474977309, "p90": 46.75834661229511, "p95": 46.76483389360915, "p99": 46.77495697485318, "max": 46.77748774516419}, "TTFT": {"unit": "s", "min": 0.6062424182891846, "p50": 0.6175787448883057, "p90": 0.6274675846099853, "p95": 0.6309188604354858, "p99": 0.6312973737716675, "max": 0.6313920021057129}, "TPOT": {"unit": "ms", "min": 18.97776653488956, "p50": 19.049355303906054, "p90": 19.200390697004327, "p95": 19.25474860103255, "p99": 19.306813856684062, "max": 19.31983017059694},