{"target_qps": 0.5, "actual_qps": 0.4322980781833716, "input_tokens": 3397, "output_tokens": 250, "model": "meta-llama/Llama-3.1-8B-Instruct", "input_tokens_per_minute": 88112.9895172341, "output_tokens_per_minute": 6484.471172750574, "Latency": {"unit": "s", "min": 4.50212836265564, "p50": 4.788721799850464, "p90": 4.842398452758789, "p95": 5.086295270919799, "p99": 5.371405248641967, "max": 5.44268274307251}, "Throughput": {"unit": "tokens/s", "min": 45.933230320691024, "p50": 52.20599785266429, "p90": 55.148150699264235, "p95": 55.31976050871932, "p99": 55.48738561798136, "max": 55.52929189529687}, "TTFT": {"unit": "s", "min": 0.3403606414794922, "p50": 0.35791802406311035, "p90": 0.6316369533538818, "p95": 0.807115745544433, "p99": 1.0168444061279291, "max": 1.0692765712738037}, "TPOT": {"unit": "ms", "min": 16.637204641319183, "p50": 16.933179763426264, "p90": 17.812176018833636, "p95": 17.86858010962306, "p99": 17.934909881836916, "max": 17.95149232489038}, "Input Tokens per Minute": {"unit": "tokens/min", "min": 88112.9895172341, "p50": 88112.9895172341, "p90": 88112.9895172341, "p95": 88112.9895172341, "p99": 88112.9895172341, "max": 88112.9895172341}, "Output Tokens per Minute": {"unit": "tokens/min", "min": 6484.471172750574, "p50": 6484.471172750574, "p90": 6484.471172750574, "p95": 6484.471172750574, "p99": 6484.471172750574, "max": 6484.471172750574}}
{"target_qps": 0.5, "actual_qps": 0.4979288263638533, "input_tokens": 3394, "output_tokens": 250, "model": "meta-llama/Llama-3.1-8B-Instruct", "input_tokens_per_minute": 101426.11021501147, "output_tokens_per_minute": 7468.9323954578, "Latency": {"unit": "s", "min": 4.566176176071167, "p50": 5.0793585777282715, "p90": 5.375669527053833, "p95": 5.38499686717987, "p99": 5.398044295310974, "max": 5.40130615234375}, "Throughput": {"unit": "tokens/s", "min": 46.28510085315555, "p50": 49.21881300056035, "p90": 51.84444932839795, "p95": 52.791556156181386, "p99": 54.35863611753626, "max": 54.75040610787497}, "TTFT": {"unit": "s", "min": 0.34982848167419434, "p50": 0.6270129680633545, "p90": 0.637789249420166, "p95": 0.6380168676376343, "p99": 0.6380527830123901, "max": 0.6380617618560791}, "TPOT": {"unit": "ms", "min": 16.89057656560078, "p50": 18.11074253066955, "p90": 19.035344142990418, "p95": 19.064176704988903, "p99": 19.116431776299535, "max": 19.12949554412719}, "Input Tokens per Minute": {"unit": "tokens/min", "min": 101426.11021501147, "p50": 101426.11021501147, "p90": 101426.11021501147, "p95": 101426.11021501147, "p99": 101426.11021501147, "max": 101426.11021501147}, "Output Tokens per Minute": {"unit": "tokens/min", "min": 7468.9323954578, "p50": 7468.9323954578, "p90": 7468.9323954578, "p95": 7468.9323954578, "p99": 7468.9323954578, "max": 7468.9323954578}}
{"target_qps": 0.5, "actual_qps": 0.4977172485520255, "input_tokens": 3386, "output_tokens": 250, "model": "meta-llama/Llama-3.1-8B-Instruct", "input_tokens_per_minute": 101128.18142979473, "output_tokens_per_minute": 7465.758728280382, "Latency": {"unit": "s", "min": 5.311722040176392, "p50": 5.347124338150024, "p90": 5.370594501495361, "p95": 5.3773428201675415, "p99": 5.37896568775177, "max": 5.379371404647827}, "Throughput": {"unit": "tokens/s", "min": 46.47383145621767, "p50": 46.75410261480734, "p90": 46.92811355696628, "p95": 46.98901086998063, "p99": 47.050374821294966, "max": 47.06571580912355}, "TTFT": {"unit": "s", "min": 0.6223652362823486, "p50": 0.6301524639129639, "p90": 0.6386610507965088, "p95": 0.6392139911651611, "p99": 0.6399157428741455, "max": 0.6400911808013916}, "TPOT": {"unit": "ms", "min": 18.81137813430235, "p50": 18.912218660714636, "p90": 19.043832035907304, "p95": 19.077370061453088, "p99": 19.085213094351282, "max": 19.08717385257583}, "Input Tokens per Minute": {"unit": "tokens/min", "min": 101128.18142979473, "p50": 101128.18142979473, "p90": 101128.18142979473, "p95": 101128.18142979473, "p99": 101128.18142979473, "max": 101128.18142979473}, "Output Tokens per Minute": {"unit": "tokens/min", "min": 7465.758728280382, "p50": 7465.758728280382, "p90": 7465.758728280382, "p95": 7465.758728280382, "p99": 7465.758728280382, "max": 7465.758728280382}}
{"target_qps": 0.5, "actual_qps": 0.4976047222057425, "input_tokens": 3396, "output_tokens": 250, "model": "meta-llama/Llama-3.1-8B-Instruct", "input_tokens_per_minute": 101403.88070997503, "output_tokens_per_minute": 7464.070833086137, "Latency": {"unit": "s", "min": 5.34731912612915, "p50": 5.374404430389404, "p90": 5.390740013122558, "p95": 5.394423604011536, "p99": 5.397055840492248, "max": 5.397713899612427}, "Throughput": {"unit": "tokens/s", "min": 46.31590422344371, "p50": 46.51678213615312, "p90": 46.66833256466846, "p95": 46.70387970859633, "p99": 46.74269553591734, "max": 46.75239949274759}, "TTFT": {"unit": "s", "min": 0.6254799365997314, "p50": 0.6353046894073486, "p90": 0.6394308090209961, "p95": 0.6395457744598388, "p99": 0.6396950435638428, "max": 0.6397323608398438}, "TPOT": {"unit": "ms", "min": 18.923752757918884, "p50": 19.026704581387072, "p90": 19.104835594514288, "p95": 19.11892297277489, "p99": 19.12744537414796, "max": 19.129575974491228}, "Input Tokens per Minute": {"unit": "tokens/min", "min": 101403.88070997503, "p50": 101403.88070997503, "p90": 101403.88070997503, "p95": 101403.88070997503, "p99": 101403.88070997503, "max": 101403.88070997503}, "Output Tokens per Minute": {"unit": "tokens/min", "min": 7464.070833086137, "p50": 7464.070833086137, "p90": 7464.070833086137, "p95": 7464.070833086137, "p99": 7464.070833086137, "max": 7464.070833086137}}
{"target_qps": 0.5, "actual_qps": 0.49822293962744574, "input_tokens": 3398, "output_tokens": 250, "model": "meta-llama/Llama-3.1-8B-Instruct", "input_tokens_per_minute": 101585.66449827768, "output_tokens_per_minute": 7473.344094411686, "Latency": {"unit": "s", "min": 5.330676317214966, "p50": 5.356198310852051, "p90": 5.3772545337677, "p95": 5.3816365003585815, "p99": 5.385016417503357, "max": 5.385861396789551}, "Throughput": {"unit": "tokens/s", "min": 46.417830237707584, "p50": 46.67489616534206, "p90": 46.87813630763075, "p95": 46.89792971084557, "p99": 46.898277398657854, "max": 46.89836432061092}, "TTFT": {"unit": "s", "min": 0.624955415725708, "p50": 0.6327199935913086, "p90": 0.6387012958526611, "p95": 0.6404209136962891, "p99": 0.642814826965332, "max": 0.6434133052825928}, "TPOT": {"unit": "ms", "min": 18.885362579161864, "p50": 18.954872606269806, "p90": 19.045214480664356, "p95": 19.050093443996932, "p99": 19.05777883338162, "max": 19.05970018072779}, "Input Tokens per Minute": {"unit": "tokens/min", "min": 101585.66449827768, "p50": 101585.66449827768, "p90": 101585.66449827768, "p95": 101585.66449827768, "p99": 101585.66449827768, "max": 101585.66449827768}, "Output Tokens per Minute": {"unit": "tokens/min", "min": 7473.344094411686, "p50": 7473.344094411686, "p90": 7473.344094411686, "p95": 7473.344094411686, "p99": 7473.344094411686, "max": 7473.344094411686}}
{"target_qps": 0.5, "actual_qps": 0.49800023585025516, "input_tokens": 3397, "output_tokens": 250, "model": "meta-llama/Llama-3.1-8B-Instruct", "input_tokens_per_minute": 101516.35207760282, "output_tokens_per_minute": 7470.003537753828, "Latency": {"unit": "s", "min": 5.340961217880249, "p50": 5.353058576583862, "p90": 5.390761184692383, "p95": 5.394577813148499, "p99": 5.400325741767883, "max": 5.4017627239227295}, "Throughput": {"unit": "tokens/s", "min": 46.281188711386314, "p50": 46.70227243422794, "p90": 46.8020776063428, "p95": 46.80708262602728, "p99": 46.8078595606741, "max": 46.80805379433581}, "TTFT": {"unit": "s", "min": 0.6259098052978516, "p50": 0.6333930492401123, "p90": 0.6384753704071044, "p95": 0.6391536474227906, "p99": 0.6401174879074096, "max": 0.6403584480285645}, "TPOT": {"unit": "ms", "min": 18.883817167167205, "p50": 18.95186412765319, "p90": 19.095187397845777, "p95": 19.10930062872339, "p99": 19.126660718496545, "max": 19.131000740939832},