{"actual_qps": 5.8479989366946805, "success_rate": 100.0, "input_tokens": 4036, "output_tokens": 198, "model": "QwQ-32B", "input_tokens_per_minute": 1145987.8668458203, "output_tokens_per_minute": 56352.717275103, "slo_seconds": 5.0, "slo_attainment": 1.7605633802816902, "ttft_slo_ms": 1000, "ttft_slo_attainment": 10.211267605633804, "tpot_slo_ms": 50, "tpot_slo_attainment": 81.69014084507043, "Latency": {"unit": "s", "min": 1.5598635039996225, "p50": 10.825413375999688, "p90": 16.180426445199647, "p95": 17.004979229850143, "p99": 19.97650757129963, "max": 24.67181018300016}, "Throughput": {"unit": "tokens/s", "min": 8.106417750320071, "p50": 18.439683919816698, "p90": 28.500216680986362, "p95": 31.60286735389955, "p99": 36.63322721817207, "max": 40.646255496963725}, "TTFT": {"unit": "s", "min": 0.1618045790000906, "p50": 2.7024921874999563, "p90": 6.085986156800664, "p95": 7.590801517349878, "p99": 9.842414540649733, "max": 11.414325278000433}, "TPOT": {"unit": "ms", "min": 18.441495894474237, "p50": 38.562462560301945, "p90": 58.73055045577719, "p95": 66.1047444914576, "p99": 70.68671731190919, "max": 75.88562306532528}, "Input Tokens per Minute": {"unit": "tokens/min", "min": 1145987.8668458203, "p50": 1145987.8668458203, "p90": 1145987.8668458203, "p95": 1145987.8668458203, "p99": 1145987.8668458203, "max": 1145987.8668458203}, "Output Tokens per Minute": {"unit": "tokens/min", "min": 56352.717275103, "p50": 56352.717275103, "p90": 56352.717275103, "p95": 56352.717275103, "p99": 56352.717275103, "max": 56352.717275103}}
{"actual_qps": 4.492571572133505, "success_rate": 100.0, "input_tokens": 3991, "output_tokens": 199, "model": "QwQ-32B", "input_tokens_per_minute": 1240704.3091780064, "output_tokens_per_minute": 62040.77378650233, "slo_seconds": 5.0, "slo_attainment": 12.658227848101266, "ttft_slo_ms": 1000, "ttft_slo_attainment": 72.46835443037975, "tpot_slo_ms": 50, "tpot_slo_attainment": 97.15189873417721, "Latency": {"unit": "s", "min": 3.584742170000027, "p50": 6.806636060499841, "p90": 9.825262452499828, "p95": 10.995660577999843, "p99": 12.320792261150435, "max": 15.292751093999868}, "Throughput": {"unit": "tokens/s", "min": 13.078091624630591, "p50": 29.339135467139663, "p90": 41.790050272458345, "p95": 44.744784924418575, "p99": 48.01427774116132, "max": 51.780860895667345}, "TTFT": {"unit": "s", "min": 0.11053862500011746, "p50": 0.7549876690000019, "p90": 1.425580534999881, "p95": 1.8880201142501392, "p99": 3.468727833349707, "max": 5.201092143000096}, "TPOT": {"unit": "ms", "min": 17.055814020101415, "p50": 29.86238735929508, "p90": 42.306621618090546, "p95": 45.82182247989879, "p99": 53.672083194974604, "max": 56.12190772864604}, "Input Tokens per Minute": {"unit": "tokens/min", "min": 1240704.3091780064, "p50": 1240704.3091780064, "p90": 1240704.3091780064, "p95": 1240704.3091780064, "p99": 1240704.3091780064, "max": 1240704.3091780064}, "Output Tokens per Minute": {"unit": "tokens/min", "min": 62040.77378650233, "p50": 62040.77378650233, "p90": 62040.77378650233, "p95": 62040.77378650233, "p99": 62040.77378650233, "max": 62040.77378650233}}
{"actual_qps": 4.80290136912862, "success_rate": 100.0, "input_tokens": 4022, "output_tokens": 200, "model": "QwQ-32B", "input_tokens_per_minute": 1123520.9157143163, "output_tokens_per_minute": 55864.46370645166, "slo_seconds": 5.0, "slo_attainment": 16.19718309859155, "ttft_slo_ms": 1000, "ttft_slo_attainment": 75.70422535211267, "tpot_slo_ms": 50, "tpot_slo_attainment": 95.77464788732394, "Latency": {"unit": "s", "min": 4.032340945999749, "p50": 6.449733378000474, "p90": 9.43434655069932, "p95": 11.216147472799664, "p99": 14.262252501050044, "max": 14.866335210000216}, "Throughput": {"unit": "tokens/s", "min": 13.453214741550086, "p50": 31.009040764879902, "p90": 41.948673516177536, "p95": 44.24258178998207, "p99": 46.17998076169681, "max": 49.598980512401454}, "TTFT": {"unit": "s", "min": 0.10057128199969156, "p50": 0.7594236770000862, "p90": 1.2204466425999274, "p95": 1.4449710951495904, "p99": 2.0695982400400976, "max": 3.0278015180001603}, "TPOT": {"unit": "ms", "min": 17.492435587937784, "p50": 28.590580542716374, "p90": 41.90178424572668, "p95": 47.58404898216007, "p99": 67.10245688361988, "max": 70.1629068844249}, "Input Tokens per Minute": {"unit": "tokens/min", "min": 1123520.9157143163, "p50": 1123520.9157143163, "p90": 1123520.9157143163, "p95": 1123520.9157143163, "p99": 1123520.9157143163, "max": 1123520.9157143163}, "Output Tokens per Minute": {"unit": "tokens/min", "min": 55864.46370645166, "p50": 55864.46370645166, "p90": 55864.46370645166, "p95": 55864.46370645166, "p99": 55864.46370645166, "max": 55864.46370645166}}
{"actual_qps": 4.775412556925893, "success_rate": 100.0, "input_tokens": 4022, "output_tokens": 199, "model": "QwQ-32B", "input_tokens_per_minute": 1198607.475876382, "output_tokens_per_minute": 59514.34090389254, "slo_seconds": 5.0, "slo_attainment": 15.51155115511551, "ttft_slo_ms": 1000, "ttft_slo_attainment": 75.57755775577559, "tpot_slo_ms": 50, "tpot_slo_attainment": 96.03960396039604, "Latency": {"unit": "s", "min": 3.586872679999942, "p50": 6.712656447999507, "p90": 9.253306236800201, "p95": 10.166141637799855, "p99": 13.556711180120024, "max": 14.296910639999624}, "Throughput": {"unit": "tokens/s", "min": 13.98903616564853, "p50": 29.79446386826539, "p90": 42.631386776937305, "p95": 44.987215665913546, "p99": 51.937283973868894, "max": 53.56535766509186}, "TTFT": {"unit": "s", "min": 0.04101294800057076, "p50": 0.5972408249999717, "p90": 1.454746160399918, "p95": 1.698327855100251, "p99": 2.33267603443923, "max": 2.7380434260003312}, "TPOT": {"unit": "ms", "min": 17.99851452261149, "p50": 29.51469235678138, "p90": 40.90142946834158, "p95": 44.34731376834326, "p99": 66.22584107034825, "max": 68.22304808040246}, "Input Tokens per Minute": {"unit": "tokens/min", "min": 1198607.475876382, "p50": 1198607.475876382, "p90": 1198607.475876382, "p95": 1198607.475876382, "p99": 1198607.475876382, "max": 1198607.475876382}, "Output Tokens per Minute": {"unit": "tokens/min", "min": 59514.34090389254, "p50": 59514.34090389254, "p90": 59514.34090389254, "p95": 59514.34090389254, "p99": 59514.34090389254, "max": 59514.34090389254}}
{"actual_qps": 5.5331217900988925, "success_rate": 100.0, "input_tokens": 3891, "output_tokens": 200, "model": "QwQ-32B", "input_tokens_per_minute": 1194188.478773687, "output_tokens_per_minute": 61372.2277338483, "slo_seconds": 5.0, "slo_attainment": 13.141025641025642, "ttft_slo_ms": 1000, "ttft_slo_attainment": 93.91025641025641, "tpot_slo_ms": 50, "tpot_slo_attainment": 91.66666666666666, "Latency": {"unit": "s", "min": 3.6849005800004306, "p50": 6.351893447999828, "p90": 9.901435330499954, "p95": 10.986138738149748, "p99": 12.574253532630191, "max": 13.246217217999401}, "Throughput": {"unit": "tokens/s", "min": 15.09865018129352, "p50": 31.486734558649374, "p90": 43.154559912162654, "p95": 46.581925109151, "p99": 50.10314631282793, "max": 54.27554845997409}, "TTFT": {"unit": "s", "min": 0.050507758999629004, "p50": 0.44636251549991357, "p90": 0.8594887022994954, "p95": 1.0797024660500478, "p99": 1.6541830556901356, "max": 1.6687575240002843}, "TPOT": {"unit": "ms", "min": 18.155278743721446, "p50": 29.695750030151345, "p90": 47.88407745376912, "p95": 52.935929877384844, "p99": 60.220114905076244, "max": 65.58989788944513}, "Input Tokens per Minute": {"unit": "tokens/min", "min": 1194188.478773687, "p50": 1194188.478773687, "p90": 1194188.478773687, "p95": 1194188.478773687, "p99": 1194188.478773687, "max": 1194188.478773687}, "Output Tokens per Minute": {"unit": "tokens/min", "min": 61372.2277338483, "p50": 61372.2277338483, "p90": 61372.2277338483, "p95": 61372.2277338483, "p99": 61372.2277338483, "max": 61372.2277338483}}
{"actual_qps": 4.672229825417876, "success_rate": 100.0, "input_tokens": 3902, "output_tokens": 200, "model": "QwQ-32B", "input_tokens_per_minute": 1166761.7809758328,