{"actual_qps": 5.8086723278145955, "success_rate": 100.0, "input_tokens": 4177, "output_tokens": 199, "model": "QwQ-32B", "input_tokens_per_minute": 655406.8963112102, "output_tokens_per_minute": 31227.819608507525, "slo_seconds": 5.0, "slo_attainment": 0.0, "ttft_slo_ms": 1000, "ttft_slo_attainment": 0.6329113924050633, "tpot_slo_ms": 50, "tpot_slo_attainment": 1.89873417721519, "Latency": {"unit": "s", "min": 12.029551997002272, "p50": 29.73935435650128, "p90": 35.65761472729719, "p95": 35.68117902439808, "p99": 35.878339393810606, "max": 46.89112203699915}, "Throughput": {"unit": "tokens/s", "min": 2.196462817613485, "p50": 6.72352332586671, "p90": 9.73231367696649, "p95": 12.125920137044536, "p99": 14.300023353858329, "max": 16.62572305683864}, "TTFT": {"unit": "s", "min": 0.5770510630027275, "p50": 7.719905355999799, "p90": 10.062346065200108, "p95": 12.77743971714772, "p99": 14.828920585600939, "max": 16.521010946999013}, "TPOT": {"unit": "ms", "min": 38.48309129648099, "p50": 112.34547494471249, "p90": 143.02219633517134, "p95": 159.1476033123244, "p99": 162.70712592245286, "max": 336.6044062548134}, "Input Tokens per Minute": {"unit": "tokens/min", "min": 655406.8963112102, "p50": 655406.8963112102, "p90": 655406.8963112102, "p95": 655406.8963112102, "p99": 655406.8963112102, "max": 655406.8963112102}, "Output Tokens per Minute": {"unit": "tokens/min", "min": 31227.819608507525, "p50": 31227.819608507525, "p90": 31227.819608507525, "p95": 31227.819608507525, "p99": 31227.819608507525, "max": 31227.819608507525}}
{"actual_qps": 4.546437582456528, "success_rate": 100.0, "input_tokens": 3949, "output_tokens": 199, "model": "QwQ-32B", "input_tokens_per_minute": 1203834.9282465668, "output_tokens_per_minute": 60754.74080717806, "slo_seconds": 5.0, "slo_attainment": 0.0, "ttft_slo_ms": 1000, "ttft_slo_attainment": 1.3029315960912053, "tpot_slo_ms": 50, "tpot_slo_attainment": 0.6514657980456027, "Latency": {"unit": "s", "min": 11.127841840003384, "p50": 35.06346652399952, "p90": 50.12729370879824, "p95": 52.35531353660044, "p99": 54.553845471504026, "max": 56.03894007799681}, "Throughput": {"unit": "tokens/s", "min": 2.7569018317118914, "p50": 5.702671059210523, "p90": 8.717876775891, "p95": 11.206019049835573, "p99": 15.70002251409043, "max": 17.97293696977447}, "TTFT": {"unit": "s", "min": 0.6543385299955844, "p50": 11.104858699000033, "p90": 20.408063056797253, "p95": 22.11243762999584, "p99": 26.663535531357628, "max": 28.581415311004093}, "TPOT": {"unit": "ms", "min": 40.90696228640306, "p50": 119.40449961808034, "p90": 161.87083802410302, "p95": 166.09918465277332, "p99": 176.47751218201, "max": 185.81654165327973}, "Input Tokens per Minute": {"unit": "tokens/min", "min": 1203834.9282465668, "p50": 1203834.9282465668, "p90": 1203834.9282465668, "p95": 1203834.9282465668, "p99": 1203834.9282465668, "max": 1203834.9282465668}, "Output Tokens per Minute": {"unit": "tokens/min", "min": 60754.74080717806, "p50": 60754.74080717806, "p90": 60754.74080717806, "p95": 60754.74080717806, "p99": 60754.74080717806, "max": 60754.74080717806}}
{"actual_qps": 4.757935644644725, "success_rate": 100.0, "input_tokens": 3920, "output_tokens": 199, "model": "QwQ-32B", "input_tokens_per_minute": 1026652.9155277584, "output_tokens_per_minute": 52327.77621980268, "slo_seconds": 5.0, "slo_attainment": 0.0, "ttft_slo_ms": 1000, "ttft_slo_attainment": 1.8796992481203008, "tpot_slo_ms": 50, "tpot_slo_attainment": 3.3834586466165413, "Latency": {"unit": "s", "min": 8.637479439996241, "p50": 39.33130215000347, "p90": 59.30707413749769, "p95": 66.10391755525052, "p99": 72.88633963784923, "max": 72.93930113199895}, "Throughput": {"unit": "tokens/s", "min": 2.7420059816320164, "p50": 5.08504011991659, "p90": 10.94418478254877, "p95": 13.13117222940388, "p99": 19.820315210807095, "max": 23.154903162361336}, "TTFT": {"unit": "s", "min": 0.3441129639977589, "p50": 17.929427591501735, "p90": 35.01581935500144, "p95": 40.850207833749664, "p99": 45.0957279868002, "max": 46.60291937300644}, "TPOT": {"unit": "ms", "min": 19.493194080395774, "p50": 102.92562746481829, "p90": 155.5692307311486, "p95": 168.0690392801611, "p99": 177.78464137512114, "max": 196.98501322612967}, "Input Tokens per Minute": {"unit": "tokens/min", "min": 1026652.9155277584, "p50": 1026652.9155277584, "p90": 1026652.9155277584, "p95": 1026652.9155277584, "p99": 1026652.9155277584, "max": 1026652.9155277584}, "Output Tokens per Minute": {"unit": "tokens/min", "min": 52327.77621980268, "p50": 52327.77621980268, "p90": 52327.77621980268, "p95": 52327.77621980268, "p99": 52327.77621980268, "max": 52327.77621980268}}
{"actual_qps": 4.754064248530525, "success_rate": 100.0, "input_tokens": 4029, "output_tokens": 200, "model": "QwQ-32B", "input_tokens_per_minute": 986770.6244829902, "output_tokens_per_minute": 48983.25508485933, "slo_seconds": 5.0, "slo_attainment": 0.0, "ttft_slo_ms": 1000, "ttft_slo_attainment": 3.614457831325301, "tpot_slo_ms": 50, "tpot_slo_attainment": 4.819277108433735, "Latency": {"unit": "s", "min": 5.224354443002085, "p50": 50.118624399998225, "p90": 66.03687600200064, "p95": 72.38049502999638, "p99": 79.5146445111203, "max": 81.25360237900168}, "Throughput": {"unit": "tokens/s", "min": 2.461429329214404, "p50": 3.990532509507725, "p90": 9.34962717776303, "p95": 15.3767782864199, "p99": 33.66864265781533, "max": 38.2822417931264}, "TTFT": {"unit": "s", "min": 0.21728393499506637, "p50": 26.81357593499706, "p90": 43.82043465739698, "p95": 47.52599925579561, "p99": 50.46578779483942, "max": 51.82491079700412}, "TPOT": {"unit": "ms", "min": 24.417001206045224, "p50": 113.25122523619518, "p90": 154.6045472673518, "p95": 161.24168763014845, "p99": 174.24424451677862, "max": 194.50059523115672}, "Input Tokens per Minute": {"unit": "tokens/min", "min": 986770.6244829902, "p50": 986770.6244829902, "p90": 986770.6244829902, "p95": 986770.6244829902, "p99": 986770.6244829902, "max": 986770.6244829902}, "Output Tokens per Minute": {"unit": "tokens/min", "min": 48983.25508485933, "p50": 48983.25508485933, "p90": 48983.25508485933, "p95": 48983.25508485933, "p99": 48983.25508485933, "max": 48983.25508485933}}
{"actual_qps": 5.516594080056956, "success_rate": 100.0, "input_tokens": 3974, "output_tokens": 200, "model": "QwQ-32B", "input_tokens_per_minute": 981261.4836851931, "output_tokens_per_minute": 49376.69488473771, "slo_seconds": 5.0, "slo_attainment": 0.0, "ttft_slo_ms": 1000, "ttft_slo_attainment": 7.171314741035857, "tpot_slo_ms": 50, "tpot_slo_attainment": 7.968127490039841, "Latency": {"unit": "s", "min": 6.90318384499551, "p50": 49.33180505800556, "p90": 76.69073494299664, "p95": 81.9029710854993, "p99": 90.19669877400156, "max": 93.19612612199853}, "Throughput": {"unit": "tokens/s", "min": 2.1460119462282123, "p50": 4.054179646676927, "p90": 13.936508648848026, "p95": 19.74864954167971, "p99": 22.143630845664767, "max": 28.972138724798814}, "TTFT": {"unit": "s", "min": 0.21590111900150077, "p50": 24.49652124700515, "p90": 57.22475499999564, "p95": 61.21740432850129, "p99": 64.9493015174994, "max": 66.04389633700339}, "TPOT": {"unit": "ms", "min": 29.161099552752535, "p50": 108.73765378393965, "p90": 156.85525923113553, "p95": 162.6097713417048, "p99": 175.17933332913083, "max": 197.03129137187307}, "Input Tokens per Minute": {"unit": "tokens/min", "min": 981261.4836851931, "p50": 981261.4836851931, "p90": 981261.4836851931, "p95": 981261.4836851931, "p99": 981261.4836851931, "max": 981261.4836851931}, "Output Tokens per Minute": {"unit": "tokens/min", "min": 49376.69488473771, "p50": 49376.69488473771, "p90": 49376.69488473771, "p95": 49376.69488473771, "p99": 49376.69488473771, "max": 49376.69488473771}}
{"actual_qps": 4.672248615453914, "success_rate": 100.0, "input_tokens": 3893, "output_tokens": 200, "model": "QwQ-32B", "input_tokens_per_minute": 1010917.9922005263, "output_tokens_per_minute": 51934.053583947236, "slo_seconds": 5.0, "slo_attainment": 0.0, "ttft_slo_ms": 1000,