{"actual_qps": 5.085305900230015, "success_rate": 100.0, "input_tokens": 3691, "output_tokens": 198, "model": "QwQ-32B", "input_tokens_per_minute": 420601.6884319984, "output_tokens_per_minute": 22656.028429531256, "slo_seconds": 5.0, "slo_attainment": 0.0, "ttft_slo_ms": 1000, "ttft_slo_attainment": 2.608695652173913, "tpot_slo_ms": 50, "tpot_slo_attainment": 0.0, "Latency": {"unit": "s", "min": 11.12736888499785, "p50": 35.13399707600183, "p90": 44.610896611797216, "p95": 44.62652298710309, "p99": 44.6570033498398, "max": 45.044617710998864}, "Throughput": {"unit": "tokens/s", "min": 2.17175113327775, "p50": 5.618939678544684, "p90": 8.596085525762863, "p95": 10.909679870585, "p99": 16.492277661187806, "max": 17.973700887156188}, "TTFT": {"unit": "s", "min": 0.4109086539974669, "p50": 6.966384439001558, "p90": 12.153102686803322, "p95": 12.55879893090023, "p99": 13.041913821419003, "max": 13.687928141000157}, "TPOT": {"unit": "ms", "min": 53.85155894975067, "p50": 138.44952480404623, "p90": 177.21620384823404, "p95": 180.85711023917037, "p99": 186.76280890662886, "max": 384.05283828984284}, "Input Tokens per Minute": {"unit": "tokens/min", "min": 420601.6884319984, "p50": 420601.6884319984, "p90": 420601.6884319984, "p95": 420601.6884319984, "p99": 420601.6884319984, "max": 420601.6884319984}, "Output Tokens per Minute": {"unit": "tokens/min", "min": 22656.028429531256, "p50": 22656.028429531256, "p90": 22656.028429531256, "p95": 22656.028429531256, "p99": 22656.028429531256, "max": 22656.028429531256}}
{"actual_qps": 5.36604394747883, "success_rate": 100.0, "input_tokens": 4014, "output_tokens": 199, "model": "QwQ-32B", "input_tokens_per_minute": 1371905.2401826635, "output_tokens_per_minute": 68215.74629022834, "slo_seconds": 5.0, "slo_attainment": 0.0, "ttft_slo_ms": 1000, "ttft_slo_attainment": 1.1594202898550725, "tpot_slo_ms": 50, "tpot_slo_attainment": 4.9275362318840585, "Latency": {"unit": "s", "min": 6.802642668997578, "p50": 35.985046360001434, "p90": 47.89304426640156, "p95": 56.217776114199665, "p99": 71.93790173620451, "max": 75.68089782999596}, "Throughput": {"unit": "tokens/s", "min": 2.6426747796949424, "p50": 5.553666903082225, "p90": 11.78688163856107, "p95": 15.682141826519125, "p99": 25.365778403043432, "max": 29.40033891703319}, "TTFT": {"unit": "s", "min": 0.5781733170006191, "p50": 10.823057515000983, "p90": 25.95044848639955, "p95": 29.522645312799433, "p99": 42.82529065059877, "max": 45.742769049000344}, "TPOT": {"unit": "ms", "min": 23.895477758774337, "p50": 104.99970368342913, "p90": 176.1744419377003, "p95": 186.93188461809257, "p99": 191.44772726813994, "max": 193.43595037185767}, "Input Tokens per Minute": {"unit": "tokens/min", "min": 1371905.2401826635, "p50": 1371905.2401826635, "p90": 1371905.2401826635, "p95": 1371905.2401826635, "p99": 1371905.2401826635, "max": 1371905.2401826635}, "Output Tokens per Minute": {"unit": "tokens/min", "min": 68215.74629022834, "p50": 68215.74629022834, "p90": 68215.74629022834, "p95": 68215.74629022834, "p99": 68215.74629022834, "max": 68215.74629022834}}
{"actual_qps": 5.176810036742396, "success_rate": 100.0, "input_tokens": 4090, "output_tokens": 197, "model": "QwQ-32B", "input_tokens_per_minute": 907715.2154629793, "output_tokens_per_minute": 43934.071045967714, "slo_seconds": 5.0, "slo_attainment": 0.0, "ttft_slo_ms": 1000, "ttft_slo_attainment": 2.232142857142857, "tpot_slo_ms": 50, "tpot_slo_attainment": 1.7857142857142856, "Latency": {"unit": "s", "min": 8.797247801994672, "p50": 33.94322377100252, "p90": 51.6937566782981, "p95": 54.852856036953014, "p99": 57.270177201080514, "max": 58.75952221899934}, "Throughput": {"unit": "tokens/s", "min": 1.932903568758995, "p50": 5.831442440835107, "p90": 10.92525422709857, "p95": 14.392615141441173, "p99": 18.743992709446786, "max": 22.286915134259733}, "TTFT": {"unit": "s", "min": 0.3834731280003325, "p50": 10.09298940249937, "p90": 27.35159903999884, "p95": 28.65707371520366, "p99": 30.46400625513037, "max": 31.75705257100344}, "TPOT": {"unit": "ms", "min": 12.294591301500777, "p50": 109.39921786431759, "p90": 155.4835853371885, "p95": 161.59073064872743, "p99": 167.5859158878982, "max": 230.58960548886614}, "Input Tokens per Minute": {"unit": "tokens/min", "min": 907715.2154629793, "p50": 907715.2154629793, "p90": 907715.2154629793, "p95": 907715.2154629793, "p99": 907715.2154629793, "max": 907715.2154629793}, "Output Tokens per Minute": {"unit": "tokens/min", "min": 43934.071045967714, "p50": 43934.071045967714, "p90": 43934.071045967714, "p95": 43934.071045967714, "p99": 43934.071045967714, "max": 43934.071045967714}}
{"actual_qps": 5.08216400591903, "success_rate": 100.0, "input_tokens": 3860, "output_tokens": 199, "model": "QwQ-32B", "input_tokens_per_minute": 1196114.8408431404, "output_tokens_per_minute": 61933.21786542192, "slo_seconds": 5.0, "slo_attainment": 0.31746031746031744, "ttft_slo_ms": 1000, "ttft_slo_attainment": 5.714285714285714, "tpot_slo_ms": 50, "tpot_slo_attainment": 4.761904761904762, "Latency": {"unit": "s", "min": 4.341055306998896, "p50": 38.248294444005296, "p90": 58.90333008080343, "p95": 62.71986919070188, "p99": 67.47366199807773, "max": 73.03379319099622}, "Throughput": {"unit": "tokens/s", "min": 2.7384583391001587, "p50": 5.228991329085165, "p90": 11.88981356690965, "p95": 17.88362999721118, "p99": 26.811775126593727, "max": 46.07174658142425}, "TTFT": {"unit": "s", "min": 0.1623127819984802, "p50": 11.689072597997438, "p90": 33.64794619160239, "p95": 36.976730500097645, "p99": 41.20293935070178, "max": 50.89835765799944}, "TPOT": {"unit": "ms", "min": 19.889850291429642, "p50": 108.70726124120843, "p90": 157.28822472160414, "p95": 166.79651387086378, "p99": 182.63232887788953, "max": 191.18577509045883}, "Input Tokens per Minute": {"unit": "tokens/min", "min": 1196114.8408431404, "p50": 1196114.8408431404, "p90": 1196114.8408431404, "p95": 1196114.8408431404, "p99": 1196114.8408431404, "max": 1196114.8408431404}, "Output Tokens per Minute": {"unit": "tokens/min", "min": 61933.21786542192, "p50": 61933.21786542192, "p90": 61933.21786542192, "p95": 61933.21786542192, "p99": 61933.21786542192, "max": 61933.21786542192}}
{"actual_qps": 5.033283769077703, "success_rate": 100.0, "input_tokens": 4061, "output_tokens": 200, "model": "QwQ-32B", "input_tokens_per_minute": 1234604.8558531296, "output_tokens_per_minute": 60789.23914176698, "slo_seconds": 5.0, "slo_attainment": 0.0, "ttft_slo_ms": 1000, "ttft_slo_attainment": 4.53074433656958, "tpot_slo_ms": 50, "tpot_slo_attainment": 8.414239482200648, "Latency": {"unit": "s", "min": 6.120027889999619, "p50": 40.925849763996666, "p90": 67.54388795599952, "p95": 71.83582024000205, "p99": 78.9490051114769, "max": 81.49574051099626}, "Throughput": {"unit": "tokens/s", "min": 2.4541159911666046, "p50": 4.886886922405316, "p90": 15.909719243473951, "p95": 21.52180834631308, "p99": 28.104358749014903, "max": 32.6795896350094}, "TTFT": {"unit": "s", "min": 0.2543218349965173, "p50": 16.46643054299784, "p90": 42.39511205660382, "p95": 48.26760891580047, "p99": 53.98955651939556, "max": 59.09613912799978}, "TPOT": {"unit": "ms", "min": 10.922324969845675, "p50": 103.68543286934634, "p90": 152.92943256180885, "p95": 160.33005624522963, "p99": 167.87915648742614, "max": 173.61743756783886}, "Input Tokens per Minute": {"unit": "tokens/min", "min": 1234604.8558531296, "p50": 1234604.8558531296, "p90": 1234604.8558531296, "p95": 1234604.8558531296, "p99": 1234604.8558531296, "max": 1234604.8558531296}, "Output Tokens per Minute": {"unit": "tokens/min", "min": 60789.23914176698, "p50": 60789.23914176698, "p90": 60789.23914176698, "p95": 60789.23914176698, "p99": 60789.23914176698, "max": 60789.23914176698}}
{"actual_qps": 5.3279404046028445, "success_rate": 100.0, "input_tokens": 3965, "output_tokens": 199, "model": "QwQ-32B", "input_tokens_per_minute": 1197420.3431792723, "output_tokens_per_minute": 60212.28403712551, "slo_seconds": 5.0, "slo_attainment": 0.0,