{"target_qps": 5.0, "actual_qps": 4.99377029236743, "success_rate": 100.0, "input_tokens": 3938, "output_tokens": 199, "model": "QwQ-32B", "input_tokens_per_minute": 1181685.5172413792, "output_tokens_per_minute": 59995.862068965514, "slo_seconds": 5.0, "slo_attainment": 0.0, "ttft_slo_ms": 1000, "ttft_slo_attainment": 2.0689655172413794, "tpot_slo_ms": 50, "tpot_slo_attainment": 1.3793103448275863, "Latency": {"unit": "s", "min": 11.360883788001956, "p50": 25.898158060997957, "p90": 31.887955223591415, "p95": 32.61337444960081, "p99": 32.78812715984008, "max": 45.0127352290001}, "Throughput": {"unit": "tokens/s", "min": 4.443186999912574, "p50": 7.722556929683563, "p90": 12.994761260320127, "p95": 14.442926306892527, "p99": 17.23471201995753, "max": 17.604264222050816}, "TTFT": {"unit": "s", "min": 0.636982898999122, "p50": 6.75785074000305, "p90": 8.9615046569932, "p95": 9.572531516995511, "p99": 10.76469012304093, "max": 17.789584936996107}, "TPOT": {"unit": "ms", "min": 47.92166093968957, "p50": 93.61885357361528, "p90": 119.33374456583344, "p95": 130.352278491488, "p99": 135.3973045917497, "max": 136.79975021107535}, "Input Tokens per Minute": {"unit": "tokens/min", "min": 1181685.5172413792, "p50": 1181685.5172413792, "p90": 1181685.5172413792, "p95": 1181685.5172413792, "p99": 1181685.5172413792, "max": 1181685.5172413792}, "Output Tokens per Minute": {"unit": "tokens/min", "min": 59995.862068965514, "p50": 59995.862068965514, "p90": 59995.862068965514, "p95": 59995.862068965514, "p99": 59995.862068965514, "max": 59995.862068965514}}
{"target_qps": 5.0, "actual_qps": 4.993896345870222, "success_rate": 100.0, "input_tokens": 3922, "output_tokens": 199, "model": "QwQ-32B", "input_tokens_per_minute": 1176783.103448276, "output_tokens_per_minute": 59994.8275862069, "slo_seconds": 5.0, "slo_attainment": 0.0, "ttft_slo_ms": 1000, "ttft_slo_attainment": 0.6896551724137931, "tpot_slo_ms": 50, "tpot_slo_attainment": 1.3793103448275863, "Latency": {"unit": "s", "min": 12.612316180006019, "p50": 34.85546429800161, "p90": 50.27931471789053, "p95": 53.780819559306835, "p99": 58.96769500107157, "max": 63.02284313499695}, "Throughput": {"unit": "tokens/s", "min": 3.173452514219227, "p50": 5.737982691880942, "p90": 8.872546897721582, "p95": 10.614720740744898, "p99": 13.324596747135228, "max": 15.85751555428454}, "TTFT": {"unit": "s", "min": 0.7317916720057838, "p50": 11.395257135001884, "p90": 22.853188144192973, "p95": 24.958691973801614, "p99": 28.349760497509127, "max": 33.94729148699844}, "TPOT": {"unit": "ms", "min": 16.661249196005343, "p50": 110.96382860047363, "p90": 174.91662351707942, "p95": 185.04730304624508, "p99": 191.1911990967124, "max": 198.55615038191607}, "Input Tokens per Minute": {"unit": "tokens/min", "min": 1176783.103448276, "p50": 1176783.103448276, "p90": 1176783.103448276, "p95": 1176783.103448276, "p99": 1176783.103448276, "max": 1176783.103448276}, "Output Tokens per Minute": {"unit": "tokens/min", "min": 59994.8275862069, "p50": 59994.8275862069, "p90": 59994.8275862069, "p95": 59994.8275862069, "p99": 59994.8275862069, "max": 59994.8275862069}}
{"target_qps": 5.0, "actual_qps": 4.993742885274963, "success_rate": 100.0, "input_tokens": 4045, "output_tokens": 200, "model": "QwQ-32B", "input_tokens_per_minute": 1213579.9227799228, "output_tokens_per_minute": 60000.0, "slo_seconds": 5.0, "slo_attainment": 0.0, "ttft_slo_ms": 1000, "ttft_slo_attainment": 0.0, "tpot_slo_ms": 50, "tpot_slo_attainment": 1.9305019305019304, "Latency": {"unit": "s", "min": 16.45808357500937, "p50": 44.87951002900081, "p90": 58.22465113419168, "p95": 62.075463063904316, "p99": 65.45525914707949, "max": 68.95058270700974}, "Throughput": {"unit": "tokens/s", "min": 2.9006281331929533, "p50": 4.4563766375961205, "p90": 6.767750276148465, "p95": 8.137043524334333, "p99": 10.866830924205496, "max": 12.152083144339372}, "TTFT": {"unit": "s", "min": 1.3386986410041573, "p50": 12.05254179998883, "p90": 27.80018065879995, "p95": 30.11243948438787, "p99": 34.508747930790705, "max": 47.374617875000695}, "TPOT": {"unit": "ms", "min": 7.144690346763699, "p50": 160.99762997989853, "p90": 192.94743546933796, "p95": 196.1727368874252, "p99": 199.1907679894749, "max": 200.42740160803515}, "Input Tokens per Minute": {"unit": "tokens/min", "min": 1213579.9227799228, "p50": 1213579.9227799228, "p90": 1213579.9227799228, "p95": 1213579.9227799228, "p99": 1213579.9227799228, "max": 1213579.9227799228}, "Output Tokens per Minute": {"unit": "tokens/min", "min": 60000.0, "p50": 60000.0, "p90": 60000.0, "p95": 60000.0, "p99": 60000.0, "max": 60000.0}}
{"target_qps": 5.0, "actual_qps": 4.999922068714008, "success_rate": 100.0, "input_tokens": 4031, "output_tokens": 199, "model": "QwQ-32B", "input_tokens_per_minute": 1209386.8686868688, "output_tokens_per_minute": 59771.71717171717, "slo_seconds": 5.0, "slo_attainment": 0.0, "ttft_slo_ms": 1000, "ttft_slo_attainment": 2.0202020202020203, "tpot_slo_ms": 50, "tpot_slo_attainment": 6.397306397306397, "Latency": {"unit": "s", "min": 6.31200818499201, "p50": 41.8493719130056, "p90": 61.40099576060021, "p95": 66.65644610420277, "p99": 72.92441786536484, "max": 80.23619896700257}, "Throughput": {"unit": "tokens/s", "min": 1.7029659273339013, "p50": 4.7790442450546236, "p90": 9.876709143249919, "p95": 13.869002109676975, "p99": 26.689498619534337, "max": 31.685636985632833}, "TTFT": {"unit": "s", "min": 0.24737541099602822, "p50": 18.065741141996114, "p90": 36.07950752420584, "p95": 39.397237182798555, "p99": 44.371320249961, "max": 49.45700164300797}, "TPOT": {"unit": "ms", "min": 19.437078180917112, "p50": 118.81806318589366, "p90": 151.9868989427248, "p95": 155.9967193185807, "p99": 161.88384508643006, "max": 287.7326383158537}, "Input Tokens per Minute": {"unit": "tokens/min", "min": 1209386.8686868688, "p50": 1209386.8686868688, "p90": 1209386.8686868688, "p95": 1209386.8686868688, "p99": 1209386.8686868688, "max": 1209386.8686868688}, "Output Tokens per Minute": {"unit": "tokens/min", "min": 59771.71717171717, "p50": 59771.71717171717, "p90": 59771.71717171717, "p95": 59771.71717171717, "p99": 59771.71717171717, "max": 59771.71717171717}}
{"target_qps": 5.0, "actual_qps": 4.999897872503092, "success_rate": 100.0, "input_tokens": 3962, "output_tokens": 200, "model": "QwQ-32B", "input_tokens_per_minute": 1188786.5979381443, "output_tokens_per_minute": 60000.0, "slo_seconds": 5.0, "slo_attainment": 0.0, "ttft_slo_ms": 1000, "ttft_slo_attainment": 11.683848797250858, "tpot_slo_ms": 50, "tpot_slo_attainment": 11.34020618556701, "Latency": {"unit": "s", "min": 5.307126722007524, "p50": 39.20635843099444, "p90": 63.15532913300558, "p95": 66.03466776599817, "p99": 75.00962974790747, "max": 76.85211833700305}, "Throughput": {"unit": "tokens/s", "min": 2.602400614684205, "p50": 5.101213374662482, "p90": 19.131037645187057, "p95": 21.808208019861866, "p99": 33.751387609553014, "max": 37.68517513829896}, "TTFT": {"unit": "s", "min": 0.09370100298838224, "p50": 15.541011524997884, "p90": 39.062033523005084, "p95": 43.557520279995515, "p99": 46.17037341719698, "max": 46.53010145999724}, "TPOT": {"unit": "ms", "min": 22.40619197993565, "p50": 111.57261918593741, "p90": 156.00127808539952, "p95": 160.5210496884468, "p99": 173.98975395120596, "max": 221.50764993468567}, "Input Tokens per Minute": {"unit": "tokens/min", "min": 1188786.5979381443, "p50": 1188786.5979381443, "p90": 1188786.5979381443, "p95": 1188786.5979381443, "p99": 1188786.5979381443, "max": 1188786.5979381443}, "Output Tokens per Minute": {"unit": "tokens/min", "min": 60000.0, "p50": 60000.0, "p90": 60000.0, "p95": 60000.0, "p99": 60000.0, "max": 60000.0}}
{"target_qps": 5.0, "actual_qps": 4.999943727466431, "success_rate": 100.0, "input_tokens": 3818, "output_tokens": 199, "model": "QwQ-32B", "input_tokens_per_minute": 1145489.40397351, "output_tokens_per_minute": 59898.675496688746, "slo_seconds": 5.0, "slo_attainment": 0.0, "ttft_slo_ms": 1000,