{"actual_qps": 5.459412205766578, "success_rate": 100.0, "input_tokens": 4024, "output_tokens": 200, "model": "QwQ-32B", "input_tokens_per_minute": 780016.9108413946, "output_tokens_per_minute": 38765.057082366235, "slo_seconds": 5.0, "slo_attainment": 0.0, "ttft_slo_ms": 1000, "ttft_slo_attainment": 1.0, "tpot_slo_ms": 50, "tpot_slo_attainment": 25.5, "Latency": {"unit": "s", "min": 8.093014222999045, "p50": 17.223508515002322, "p90": 29.366974618900713, "p95": 30.15998549200212, "p99": 34.976902750809664, "max": 36.66087666999738}, "Throughput": {"unit": "tokens/s", "min": 5.455406912395974, "p50": 11.612036777462333, "p90": 17.968577697783847, "p95": 20.007068346993016, "p99": 22.078210082721768, "max": 24.71267126055854}, "TTFT": {"unit": "s", "min": 0.4752377359982347, "p50": 4.275131356002021, "p90": 12.044826021300832, "p95": 13.40859606539979, "p99": 16.45737363303793, "max": 17.658012510000844}, "TPOT": {"unit": "ms", "min": 21.59548370855648, "p50": 62.43029596231309, "p90": 101.66108414824387, "p95": 115.41149786507907, "p99": 131.84920706909537, "max": 134.45631639698337}, "Input Tokens per Minute": {"unit": "tokens/min", "min": 780016.9108413946, "p50": 780016.9108413946, "p90": 780016.9108413946, "p95": 780016.9108413946, "p99": 780016.9108413946, "max": 780016.9108413946}, "Output Tokens per Minute": {"unit": "tokens/min", "min": 38765.057082366235, "p50": 38765.057082366235, "p90": 38765.057082366235, "p95": 38765.057082366235, "p99": 38765.057082366235, "max": 38765.057082366235}}
{"actual_qps": 4.719392991499648, "success_rate": 100.0, "input_tokens": 3965, "output_tokens": 199, "model": "QwQ-32B", "input_tokens_per_minute": 1387379.1030700651, "output_tokens_per_minute": 69828.46644889336, "slo_seconds": 5.0, "slo_attainment": 0.0, "ttft_slo_ms": 1000, "ttft_slo_attainment": 12.465373961218837, "tpot_slo_ms": 50, "tpot_slo_attainment": 31.57894736842105, "Latency": {"unit": "s", "min": 5.423841834999621, "p50": 16.46062379900104, "p90": 27.943283799999335, "p95": 34.04200155899889, "p99": 39.69565959880053, "max": 40.41246362399761}, "Throughput": {"unit": "tokens/s", "min": 3.2252307503369133, "p50": 12.150207819714437, "p90": 24.359852393137913, "p95": 26.49416791889508, "p99": 31.16059678890242, "max": 36.874231602665084}, "TTFT": {"unit": "s", "min": 0.11480785500316415, "p50": 3.832869391000713, "p90": 10.312839616002748, "p95": 13.318809344000329, "p99": 15.66706117160064, "max": 16.54947159999938}, "TPOT": {"unit": "ms", "min": 21.181073432159963, "p50": 59.99607690955142, "p90": 112.9229222361989, "p95": 129.07577834672549, "p99": 146.28272650753655, "max": 151.8797629698621}, "Input Tokens per Minute": {"unit": "tokens/min", "min": 1387379.1030700651, "p50": 1387379.1030700651, "p90": 1387379.1030700651, "p95": 1387379.1030700651, "p99": 1387379.1030700651, "max": 1387379.1030700651}, "Output Tokens per Minute": {"unit": "tokens/min", "min": 69828.46644889336, "p50": 69828.46644889336, "p90": 69828.46644889336, "p95": 69828.46644889336, "p99": 69828.46644889336, "max": 69828.46644889336}}
{"actual_qps": 4.808146965703408, "success_rate": 100.0, "input_tokens": 4123, "output_tokens": 200, "model": "QwQ-32B", "input_tokens_per_minute": 1139036.5796304483, "output_tokens_per_minute": 55240.20634237189, "slo_seconds": 5.0, "slo_attainment": 0.3508771929824561, "ttft_slo_ms": 1000, "ttft_slo_attainment": 29.122807017543863, "tpot_slo_ms": 50, "tpot_slo_attainment": 40.35087719298245, "Latency": {"unit": "s", "min": 4.731116045000817, "p50": 13.293630227999529, "p90": 22.69865082920005, "p95": 25.780565160998957, "p99": 30.453444252841173, "max": 32.067614159001096}, "Throughput": {"unit": "tokens/s", "min": 6.236821954023099, "p50": 15.044799394130333, "p90": 26.203574867827665, "p95": 31.953055990928178, "p99": 36.43385522785322, "max": 42.27332369311297}, "TTFT": {"unit": "s", "min": 0.08959182600301574, "p50": 1.479512178000732, "p90": 3.3625287697985184, "p95": 3.903658204199019, "p99": 5.068216233679273, "max": 6.534418680999806}, "TPOT": {"unit": "ms", "min": 20.939878361819115, "p50": 59.302815145731905, "p90": 100.12841781005118, "p95": 112.93701645729162, "p99": 137.095000740299, "max": 143.71058578894667}, "Input Tokens per Minute": {"unit": "tokens/min", "min": 1139036.5796304483, "p50": 1139036.5796304483, "p90": 1139036.5796304483, "p95": 1139036.5796304483, "p99": 1139036.5796304483, "max": 1139036.5796304483}, "Output Tokens per Minute": {"unit": "tokens/min", "min": 55240.20634237189, "p50": 55240.20634237189, "p90": 55240.20634237189, "p95": 55240.20634237189, "p99": 55240.20634237189, "max": 55240.20634237189}}
{"actual_qps": 4.776405624475544, "success_rate": 100.0, "input_tokens": 3960, "output_tokens": 199, "model": "QwQ-32B", "input_tokens_per_minute": 1216749.858689895, "output_tokens_per_minute": 61225.53115588923, "slo_seconds": 5.0, "slo_attainment": 1.8927444794952681, "ttft_slo_ms": 1000, "ttft_slo_attainment": 50.473186119873816, "tpot_slo_ms": 50, "tpot_slo_attainment": 29.33753943217666, "Latency": {"unit": "s", "min": 2.582077978000598, "p50": 13.477855716002523, "p90": 25.091696715998843, "p95": 27.994458716398366, "p99": 31.42721226295863, "max": 32.05975947600018}, "Throughput": {"unit": "tokens/s", "min": 6.23834998355865, "p50": 14.839155739183056, "p90": 28.4226114338432, "p95": 33.07052344444338, "p99": 45.084804198944, "max": 50.94822366723293}, "TTFT": {"unit": "s", "min": 0.11087807799776783, "p50": 0.9770973000013328, "p90": 2.2059152018016905, "p95": 2.6479972141984036, "p99": 3.688325190159082, "max": 4.3022547849977855}, "TPOT": {"unit": "ms", "min": 18.355611417082493, "p50": 62.88960124622654, "p90": 116.22313098492334, "p95": 128.07577094271568, "p99": 151.2567405332628, "max": 155.46785193970695}, "Input Tokens per Minute": {"unit": "tokens/min", "min": 1216749.858689895, "p50": 1216749.858689895, "p90": 1216749.858689895, "p95": 1216749.858689895, "p99": 1216749.858689895, "max": 1216749.858689895}, "Output Tokens per Minute": {"unit": "tokens/min", "min": 61225.53115588923, "p50": 61225.53115588923, "p90": 61225.53115588923, "p95": 61225.53115588923, "p99": 61225.53115588923, "max": 61225.53115588923}}
{"actual_qps": 5.5246033221808775, "success_rate": 100.0, "input_tokens": 3931, "output_tokens": 199, "model": "QwQ-32B", "input_tokens_per_minute": 1165981.2016819739, "output_tokens_per_minute": 59168.07575124264, "slo_seconds": 5.0, "slo_attainment": 0.32679738562091504, "ttft_slo_ms": 1000, "ttft_slo_attainment": 68.62745098039215, "tpot_slo_ms": 50, "tpot_slo_attainment": 31.372549019607842, "Latency": {"unit": "s", "min": 4.803797218999534, "p50": 12.65500095599964, "p90": 25.38494101949982, "p95": 27.47896524374937, "p99": 29.871949487000162, "max": 30.81092684199757}, "Throughput": {"unit": "tokens/s", "min": 6.491203624792787, "p50": 15.774658248055845, "p90": 26.339318487625796, "p95": 29.983742485866458, "p99": 36.922518060269695, "max": 41.633730751368624}, "TTFT": {"unit": "s", "min": 0.09245991699935985, "p50": 0.713070064999556, "p90": 1.5467292485009239, "p95": 1.7751010362489978, "p99": 2.3039602622986397, "max": 3.5296892459991795}, "TPOT": {"unit": "ms", "min": 20.55021147738736, "p50": 60.646721424613375, "p90": 121.94009257285843, "p95": 131.12214317461803, "p99": 143.09367063492138, "max": 153.0543446381822}, "Input Tokens per Minute": {"unit": "tokens/min", "min": 1165981.2016819739, "p50": 1165981.2016819739, "p90": 1165981.2016819739, "p95": 1165981.2016819739, "p99": 1165981.2016819739, "max": 1165981.2016819739}, "Output Tokens per Minute": {"unit": "tokens/min", "min": 59168.07575124264, "p50": 59168.07575124264, "p90": 59168.07575124264, "p95": 59168.07575124264, "p99": 59168.07575124264, "max": 59168.07575124264}}
{"actual_qps": 4.666643765267928, "success_rate": 100.0, "input_tokens": 3911, "output_tokens": 200, "model": "QwQ-32B", "input_tokens_per_minute": 1205499.269998165, "output_tokens_per_minute": 61636.440760962316, "slo_seconds": 5.0,