{"actual_qps": 3.206597595300402, "success_rate": 100.0, "input_tokens": 3677, "output_tokens": 200, "model": "QwQ-32B", "input_tokens_per_minute": 549903.2429519878, "output_tokens_per_minute": 29906.09156238717, "slo_seconds": 5.0, "slo_attainment": 0.0, "ttft_slo_ms": 1000, "ttft_slo_attainment": 9.333333333333334, "tpot_slo_ms": 50, "tpot_slo_attainment": 17.333333333333336, "Latency": {"unit": "s", "min": 5.067224813999928, "p50": 17.806055431999994, "p90": 27.91252813620049, "p95": 29.76752338905044, "p99": 32.422827760108945, "max": 37.5567649500008}, "Throughput": {"unit": "tokens/s", "min": 5.3252722982466505, "p50": 11.232136433138145, "p90": 21.572633186037358, "p95": 27.458512851901656, "p99": 36.233837318793235, "max": 39.469336242479734}, "TTFT": {"unit": "s", "min": 0.2808999410008255, "p50": 2.6548474280007213, "p90": 7.481787322698073, "p95": 9.358626400748834, "p99": 11.429491518969733, "max": 17.566633058999287}, "TPOT": {"unit": "ms", "min": 22.57579293969437, "p50": 72.74593813065681, "p90": 114.79362867036464, "p95": 120.19225124220785, "p99": 127.85157435959627, "max": 129.40675939699673}, "Input Tokens per Minute": {"unit": "tokens/min", "min": 549903.2429519878, "p50": 549903.2429519878, "p90": 549903.2429519878, "p95": 549903.2429519878, "p99": 549903.2429519878, "max": 549903.2429519878}, "Output Tokens per Minute": {"unit": "tokens/min", "min": 29906.09156238717, "p50": 29906.09156238717, "p90": 29906.09156238717, "p95": 29906.09156238717, "p99": 29906.09156238717, "max": 29906.09156238717}}
{"actual_qps": 3.375729416831806, "success_rate": 100.0, "input_tokens": 3848, "output_tokens": 198, "model": "QwQ-32B", "input_tokens_per_minute": 771829.3957901848, "output_tokens_per_minute": 39904.07137343268, "slo_seconds": 5.0, "slo_attainment": 2.941176470588235, "ttft_slo_ms": 1000, "ttft_slo_attainment": 44.6078431372549, "tpot_slo_ms": 50, "tpot_slo_attainment": 42.15686274509804, "Latency": {"unit": "s", "min": 4.117514502999256, "p50": 12.379187257498415, "p90": 23.554428433100846, "p95": 26.853800288300583, "p99": 31.085263308640677, "max": 36.500608833001024}, "Throughput": {"unit": "tokens/s", "min": 5.479360657107053, "p50": 16.159066604971407, "p90": 27.63421664627718, "p95": 35.29786579016596, "p99": 44.3362879299572, "max": 46.68935618571492}, "TTFT": {"unit": "s", "min": 0.25697512899932917, "p50": 1.0596905130005325, "p90": 2.7540609715004396, "p95": 3.129684242750408, "p99": 4.264269158781207, "max": 10.282610887003102}, "TPOT": {"unit": "ms", "min": 18.917858984925957, "p50": 56.955457366839894, "p90": 109.6636453150742, "p95": 122.26295453895008, "p99": 134.72273930647964, "max": 148.79236638191844}, "Input Tokens per Minute": {"unit": "tokens/min", "min": 771829.3957901848, "p50": 771829.3957901848, "p90": 771829.3957901848, "p95": 771829.3957901848, "p99": 771829.3957901848, "max": 771829.3957901848}, "Output Tokens per Minute": {"unit": "tokens/min", "min": 39904.07137343268, "p50": 39904.07137343268, "p90": 39904.07137343268, "p95": 39904.07137343268, "p99": 39904.07137343268, "max": 39904.07137343268}}
{"actual_qps": 3.244093368526361, "success_rate": 100.0, "input_tokens": 3696, "output_tokens": 199, "model": "QwQ-32B", "input_tokens_per_minute": 661397.8156404137, "output_tokens_per_minute": 35782.404077697065, "slo_seconds": 5.0, "slo_attainment": 1.098901098901099, "ttft_slo_ms": 1000, "ttft_slo_attainment": 62.08791208791209, "tpot_slo_ms": 50, "tpot_slo_attainment": 41.208791208791204, "Latency": {"unit": "s", "min": 4.5182391830021515, "p50": 12.26325096850087, "p90": 19.09115105180026, "p95": 21.453297057350575, "p99": 29.490655151460157, "max": 30.417817411002034}, "Throughput": {"unit": "tokens/s", "min": 6.575093712268146, "p50": 16.309992237744467, "p90": 28.737536168114577, "p95": 31.945461625898314, "p99": 40.10859187584224, "max": 44.26503155309048}, "TTFT": {"unit": "s", "min": 0.10637533800036181, "p50": 0.8579119799996988, "p90": 1.8412222351005767, "p95": 2.391075760849888, "p99": 2.9257118368292865, "max": 3.312123296000209}, "TPOT": {"unit": "ms", "min": 20.359266869344715, "p50": 56.548622188433434, "p90": 88.78637436884773, "p95": 103.5368197844369, "p99": 143.44272700784268, "max": 147.9833005628165}, "Input Tokens per Minute": {"unit": "tokens/min", "min": 661397.8156404137, "p50": 661397.8156404137, "p90": 661397.8156404137, "p95": 661397.8156404137, "p99": 661397.8156404137, "max": 661397.8156404137}, "Output Tokens per Minute": {"unit": "tokens/min", "min": 35782.404077697065, "p50": 35782.404077697065, "p90": 35782.404077697065, "p95": 35782.404077697065, "p99": 35782.404077697065, "max": 35782.404077697065}}
{"actual_qps": 3.220723705298684, "success_rate": 100.0, "input_tokens": 3673, "output_tokens": 199, "model": "QwQ-32B", "input_tokens_per_minute": 740446.9108795719, "output_tokens_per_minute": 40198.05479934512, "slo_seconds": 5.0, "slo_attainment": 1.951219512195122, "ttft_slo_ms": 1000, "ttft_slo_attainment": 75.1219512195122, "tpot_slo_ms": 50, "tpot_slo_attainment": 39.02439024390244, "Latency": {"unit": "s", "min": 4.626943367002241, "p50": 12.31753261799895, "p90": 23.455518633199972, "p95": 25.246785217598518, "p99": 28.373398293801873, "max": 31.257321403001697}, "Throughput": {"unit": "tokens/s", "min": 6.398500927875209, "p50": 16.12186516979386, "p90": 30.646801587200162, "p95": 34.064487988512745, "p99": 40.846596173665645, "max": 43.22508060641736}, "TTFT": {"unit": "s", "min": 0.08783023100113496, "p50": 0.6138402319993475, "p90": 1.7667216841990012, "p95": 2.367483063600957, "p99": 3.3595555866812368, "max": 4.557867847997841}, "TPOT": {"unit": "ms", "min": 21.220064221093917, "p50": 58.35931587939946, "p90": 109.44055480603622, "p95": 120.2228820683435, "p99": 138.65375771396896, "max": 154.31720387939674}, "Input Tokens per Minute": {"unit": "tokens/min", "min": 740446.9108795719, "p50": 740446.9108795719, "p90": 740446.9108795719, "p95": 740446.9108795719, "p99": 740446.9108795719, "max": 740446.9108795719}, "Output Tokens per Minute": {"unit": "tokens/min", "min": 40198.05479934512, "p50": 40198.05479934512, "p90": 40198.05479934512, "p95": 40198.05479934512, "p99": 40198.05479934512, "max": 40198.05479934512}}
{"actual_qps": 3.366615817581909, "success_rate": 100.0, "input_tokens": 3886, "output_tokens": 200, "model": "QwQ-32B", "input_tokens_per_minute": 768150.1784665582, "output_tokens_per_minute": 39525.530841739404, "slo_seconds": 5.0, "slo_attainment": 0.0, "ttft_slo_ms": 1000, "ttft_slo_attainment": 79.1044776119403, "tpot_slo_ms": 50, "tpot_slo_attainment": 33.83084577114428, "Latency": {"unit": "s", "min": 5.526814158001798, "p50": 13.852801654997165, "p90": 25.865592488000402, "p95": 27.069459841000935, "p99": 30.893156632999307, "max": 31.067972343000292}, "Throughput": {"unit": "tokens/s", "min": 6.437497683850636, "p50": 14.437512712661512, "p90": 26.165158368012968, "p95": 29.530025544674693, "p99": 34.899344143095135, "max": 36.1872127924615}, "TTFT": {"unit": "s", "min": 0.10787665300085791, "p50": 0.6117397320012969, "p90": 1.2030997290021332, "p95": 1.3858574670011876, "p99": 1.5765660789984395, "max": 1.8791502579988446}, "TPOT": {"unit": "ms", "min": 25.310902829160888, "p50": 66.46302631657937, "p90": 124.94049471859023, "p95": 132.74722720100968, "p99": 154.2263736733712, "max": 155.5561000251196}, "Input Tokens per Minute": {"unit": "tokens/min", "min": 768150.1784665582, "p50": 768150.1784665582, "p90": 768150.1784665582, "p95": 768150.1784665582, "p99": 768150.1784665582, "max": 768150.1784665582}, "Output Tokens per Minute": {"unit": "tokens/min", "min": 39525.530841739404, "p50": 39525.530841739404, "p90": 39525.530841739404, "p95": 39525.530841739404, "p99": 39525.530841739404, "max": 39525.530841739404}}
{"actual_qps": 3.311513393491885, "success_rate": 100.0, "input_tokens": 3812, "output_tokens": 200, "model": "QwQ-32B", "input_tokens_per_minute": 873388.3791659297, "output_tokens_per_minute": 45818.15266728995,