{"actual_qps": 5.318575660117412, "success_rate": 100.0, "input_tokens": 3910, "output_tokens": 198, "model": "QwQ-32B", "input_tokens_per_minute": 902898.9124161896, "output_tokens_per_minute": 45905.91487309914, "slo_seconds": 5.0, "slo_attainment": 0.0, "ttft_slo_ms": 1000, "ttft_slo_attainment": 8.15450643776824, "tpot_slo_ms": 50, "tpot_slo_attainment": 24.463519313304722, "Latency": {"unit": "s", "min": 5.931263620997925, "p50": 17.649910178999562, "p90": 22.152377449401683, "p95": 26.582691791999967, "p99": 28.746388793239895, "max": 30.250008945000445}, "Throughput": {"unit": "tokens/s", "min": 4.775762406154286, "p50": 11.295499646178751, "p90": 20.113518153998573, "p95": 22.188887325017443, "p99": 26.074480642266167, "max": 33.71962751612621}, "TTFT": {"unit": "s", "min": 0.4585828560011578, "p50": 3.73087674099952, "p90": 5.954823222399137, "p95": 7.869830532799822, "p99": 8.171921701159736, "max": 13.010896793999564}, "TPOT": {"unit": "ms", "min": 20.30985780904083, "p50": 68.8995592311553, "p90": 90.70274917622966, "p95": 109.10804784522841, "p99": 123.32400877105411, "max": 158.96885240243404}, "Input Tokens per Minute": {"unit": "tokens/min", "min": 902898.9124161896, "p50": 902898.9124161896, "p90": 902898.9124161896, "p95": 902898.9124161896, "p99": 902898.9124161896, "max": 902898.9124161896}, "Output Tokens per Minute": {"unit": "tokens/min", "min": 45905.91487309914, "p50": 45905.91487309914, "p90": 45905.91487309914, "p95": 45905.91487309914, "p99": 45905.91487309914, "max": 45905.91487309914}}
{"actual_qps": 5.0435808042042165, "success_rate": 100.0, "input_tokens": 3957, "output_tokens": 199, "model": "QwQ-32B", "input_tokens_per_minute": 1097247.2735701248, "output_tokens_per_minute": 55420.49283814567, "slo_seconds": 5.0, "slo_attainment": 0.35211267605633806, "ttft_slo_ms": 1000, "ttft_slo_attainment": 19.366197183098592, "tpot_slo_ms": 50, "tpot_slo_attainment": 26.056338028169012, "Latency": {"unit": "s", "min": 4.625944461000472, "p50": 16.63699343600092, "p90": 30.151914079100244, "p95": 31.574355822849974, "p99": 34.58940770094084, "max": 36.34821671899772}, "Throughput": {"unit": "tokens/s", "min": 5.50233321062676, "p50": 12.021416970086722, "p90": 24.929093457726776, "p95": 28.695528883958147, "p99": 34.304618939973416, "max": 43.23441443928299}, "TTFT": {"unit": "s", "min": 0.2763183070019295, "p50": 2.230056250000416, "p90": 6.108782152600184, "p95": 6.909784562149431, "p99": 8.218186315921265, "max": 9.372082622001471}, "TPOT": {"unit": "ms", "min": 19.629818718605026, "p50": 68.63136698492822, "p90": 124.29870948492423, "p95": 139.80297909021007, "p99": 146.16618209994118, "max": 147.6075452864366}, "Input Tokens per Minute": {"unit": "tokens/min", "min": 1097247.2735701248, "p50": 1097247.2735701248, "p90": 1097247.2735701248, "p95": 1097247.2735701248, "p99": 1097247.2735701248, "max": 1097247.2735701248}, "Output Tokens per Minute": {"unit": "tokens/min", "min": 55420.49283814567, "p50": 55420.49283814567, "p90": 55420.49283814567, "p95": 55420.49283814567, "p99": 55420.49283814567, "max": 55420.49283814567}}
{"actual_qps": 5.1772920467285175, "success_rate": 100.0, "input_tokens": 3985, "output_tokens": 199, "model": "QwQ-32B", "input_tokens_per_minute": 1244850.1062474856, "output_tokens_per_minute": 62204.922500575216, "slo_seconds": 5.0, "slo_attainment": 0.0, "ttft_slo_ms": 1000, "ttft_slo_attainment": 15.312500000000002, "tpot_slo_ms": 50, "tpot_slo_attainment": 32.5, "Latency": {"unit": "s", "min": 5.09690811299879, "p50": 16.118617183001334, "p90": 24.147859030800465, "p95": 25.989039655299894, "p99": 30.288427028209593, "max": 32.06373519299814}, "Throughput": {"unit": "tokens/s", "min": 6.05105031378997, "p50": 12.39665179144727, "p90": 22.34972589638711, "p95": 27.778920103375295, "p99": 35.863398109162326, "max": 39.23947529874716}, "TTFT": {"unit": "s", "min": 0.2125824590002594, "p50": 2.771230858999843, "p90": 7.866975928499235, "p95": 8.898601975949715, "p99": 11.63231176066067, "max": 12.861887733000913}, "TPOT": {"unit": "ms", "min": 16.107804110549694, "p50": 61.97773528895335, "p90": 92.33968240502448, "p95": 105.44534597920132, "p99": 137.96777229748622, "max": 145.53342342713304}, "Input Tokens per Minute": {"unit": "tokens/min", "min": 1244850.1062474856, "p50": 1244850.1062474856, "p90": 1244850.1062474856, "p95": 1244850.1062474856, "p99": 1244850.1062474856, "max": 1244850.1062474856}, "Output Tokens per Minute": {"unit": "tokens/min", "min": 62204.922500575216, "p50": 62204.922500575216, "p90": 62204.922500575216, "p95": 62204.922500575216, "p99": 62204.922500575216, "max": 62204.922500575216}}
{"actual_qps": 5.124866245415938, "success_rate": 100.0, "input_tokens": 4076, "output_tokens": 200, "model": "QwQ-32B", "input_tokens_per_minute": 1392791.6723195033, "output_tokens_per_minute": 68332.38508921841, "slo_seconds": 5.0, "slo_attainment": 1.7142857142857144, "ttft_slo_ms": 1000, "ttft_slo_attainment": 46.57142857142857, "tpot_slo_ms": 50, "tpot_slo_attainment": 26.285714285714285, "Latency": {"unit": "s", "min": 4.401147778997256, "p50": 15.298554766501184, "p90": 26.57698747329996, "p95": 28.926989495202, "p99": 31.08347672558044, "max": 31.430529014000058}, "Throughput": {"unit": "tokens/s", "min": 6.363240017720169, "p50": 13.073332764004865, "p90": 25.211390167576003, "p95": 31.570741775879064, "p99": 40.67655215715635, "max": 45.442691325753984}, "TTFT": {"unit": "s", "min": 0.07289411500096321, "p50": 1.0374681270022847, "p90": 2.2654034792027233, "p95": 2.7423001325005316, "p99": 3.470078567061282, "max": 4.517594643999473}, "TPOT": {"unit": "ms", "min": 19.39910197487638, "p50": 71.99320694221501, "p90": 123.4148859743667, "p95": 134.9035364703562, "p99": 149.1186093937669, "max": 154.35127667337127}, "Input Tokens per Minute": {"unit": "tokens/min", "min": 1392791.6723195033, "p50": 1392791.6723195033, "p90": 1392791.6723195033, "p95": 1392791.6723195033, "p99": 1392791.6723195033, "max": 1392791.6723195033}, "Output Tokens per Minute": {"unit": "tokens/min", "min": 68332.38508921841, "p50": 68332.38508921841, "p90": 68332.38508921841, "p95": 68332.38508921841, "p99": 68332.38508921841, "max": 68332.38508921841}}
{"actual_qps": 5.114740377524523, "success_rate": 100.0, "input_tokens": 3910, "output_tokens": 199, "model": "QwQ-32B", "input_tokens_per_minute": 1114722.7929682273, "output_tokens_per_minute": 56991.16151826785, "slo_seconds": 5.0, "slo_attainment": 2.054794520547945, "ttft_slo_ms": 1000, "ttft_slo_attainment": 76.71232876712328, "tpot_slo_ms": 50, "tpot_slo_attainment": 38.6986301369863, "Latency": {"unit": "s", "min": 4.231274084999313, "p50": 12.502904574499553, "p90": 26.445664979799766, "p95": 29.357912050450068, "p99": 31.024969667032273, "max": 31.138865191998775}, "Throughput": {"unit": "tokens/s", "min": 6.422841640722045, "p50": 15.996283010126787, "p90": 30.118554501766006, "p95": 34.91484449070873, "p99": 42.38560512257658, "max": 47.267086929924666}, "TTFT": {"unit": "s", "min": 0.0925156839984993, "p50": 0.638714273000005, "p90": 1.3272505011005709, "p95": 1.5605459711008733, "p99": 1.9800939902092063, "max": 2.545673871998588}, "TPOT": {"unit": "ms", "min": 19.870424140697367, "p50": 58.47469402009546, "p90": 128.64453592310068, "p95": 140.16604706205877, "p99": 150.60135613326813, "max": 154.9393624723715}, "Input Tokens per Minute": {"unit": "tokens/min", "min": 1114722.7929682273, "p50": 1114722.7929682273, "p90": 1114722.7929682273, "p95": 1114722.7929682273, "p99": 1114722.7929682273, "max": 1114722.7929682273}, "Output Tokens per Minute": {"unit": "tokens/min", "min": 56991.16151826785, "p50": 56991.16151826785, "p90": 56991.16151826785, "p95": 56991.16151826785, "p99": 56991.16151826785, "max": 56991.16151826785}}
{"actual_qps": 5.311493590381852, "success_rate": 100.0, "input_tokens": 4027, "output_tokens": 198, "model": "QwQ-32B", "input_tokens_per_minute": 1324987.3989493316, "output_tokens_per_minute": 65428.258722926636,