{"target_qps": 4.0, "actual_qps": 3.9974002593617275, "success_rate": 100.0, "input_tokens": 3854, "output_tokens": 200, "model": "QwQ-32B", "input_tokens_per_minute": 925183.0303030304, "output_tokens_per_minute": 48000.0, "slo_seconds": 5.0, "slo_attainment": 0.0, "ttft_slo_ms": 1000, "ttft_slo_attainment": 74.24242424242425, "tpot_slo_ms": 50, "tpot_slo_attainment": 55.55555555555556, "Latency": {"unit": "s", "min": 5.331358983999962, "p50": 10.531083603500065, "p90": 14.021844173999671, "p95": 16.587058672849842, "p99": 17.918349252169822, "max": 19.37352431399995}, "Throughput": {"unit": "tokens/s", "min": 10.323366918608267, "p50": 18.991425236546966, "p90": 26.61270148781439, "p95": 29.58770078855711, "p99": 34.04993447657817, "max": 37.51388728469113}, "TTFT": {"unit": "s", "min": 0.07468176500015034, "p50": 0.6405324590000419, "p90": 1.8431570145002303, "p95": 2.101598048699902, "p99": 3.015820937819749, "max": 6.565016936999655}, "TPOT": {"unit": "ms", "min": 25.526743497485956, "p50": 47.52259492964862, "p90": 64.35370681708501, "p95": 73.30152325150732, "p99": 80.10310246376893, "max": 82.68337747236116}, "Input Tokens per Minute": {"unit": "tokens/min", "min": 925183.0303030304, "p50": 925183.0303030304, "p90": 925183.0303030304, "p95": 925183.0303030304, "p99": 925183.0303030304, "max": 925183.0303030304}, "Output Tokens per Minute": {"unit": "tokens/min", "min": 48000.0, "p50": 48000.0, "p90": 48000.0, "p95": 48000.0, "p99": 48000.0, "max": 48000.0}}
{"target_qps": 4.0, "actual_qps": 3.9968453825997154, "success_rate": 100.0, "input_tokens": 3901, "output_tokens": 199, "model": "QwQ-32B", "input_tokens_per_minute": 943346.4385259871, "output_tokens_per_minute": 48172.978185128726, "slo_seconds": 5.0, "slo_attainment": 0.4132231404958678, "ttft_slo_ms": 1000, "ttft_slo_attainment": 99.58677685950413, "tpot_slo_ms": 50, "tpot_slo_attainment": 78.51239669421489, "Latency": {"unit": "s", "min": 2.3702749349999976, "p50": 9.064987022499963, "p90": 11.227365565800119, "p95": 13.514861017250084, "p99": 14.583053716819832, "max": 15.138783733999844}, "Throughput": {"unit": "tokens/s", "min": 13.211100938764627, "p50": 22.00498391620313, "p90": 26.243995402764376, "p95": 28.40234934030184, "p99": 32.39289208563217, "max": 36.12902839249217}, "TTFT": {"unit": "s", "min": 0.0723921139997401, "p50": 0.5112579159999768, "p90": 0.6947724635000668, "p95": 0.786417537299894, "p99": 0.9219211816398821, "max": 1.0419998950001172}, "TPOT": {"unit": "ms", "min": 25.94975198994849, "p50": 43.012254711055306, "p90": 53.79585459798971, "p95": 64.79465351683427, "p99": 69.952547781758, "max": 72.66793025125558}, "Input Tokens per Minute": {"unit": "tokens/min", "min": 943346.4385259871, "p50": 943346.4385259871, "p90": 943346.4385259871, "p95": 943346.4385259871, "p99": 943346.4385259871, "max": 943346.4385259871}, "Output Tokens per Minute": {"unit": "tokens/min", "min": 48172.978185128726, "p50": 48172.978185128726, "p90": 48172.978185128726, "p95": 48172.978185128726, "p99": 48172.978185128726, "max": 48172.978185128726}}
{"target_qps": 4.0, "actual_qps": 3.9960532992909514, "success_rate": 100.0, "input_tokens": 3832, "output_tokens": 199, "model": "QwQ-32B", "input_tokens_per_minute": 934085.4508158584, "output_tokens_per_minute": 48616.983452498534, "slo_seconds": 5.0, "slo_attainment": 0.819672131147541, "ttft_slo_ms": 1000, "ttft_slo_attainment": 98.77049180327869, "tpot_slo_ms": 50, "tpot_slo_attainment": 83.60655737704919, "Latency": {"unit": "s", "min": 3.4421844769999552, "p50": 8.955955200500057, "p90": 10.947284494899806, "p95": 11.723100917949818, "p99": 12.783660320180019, "max": 13.356186012999842}, "Throughput": {"unit": "tokens/s", "min": 14.974334724399316, "p50": 22.292429669463843, "p90": 28.37176452824342, "p95": 29.248899689985556, "p99": 33.280403344054555, "max": 40.329918169647826}, "TTFT": {"unit": "s", "min": 0.08358789399972011, "p50": 0.48927983100020356, "p90": 0.7296539667000161, "p95": 0.7967167681500996, "p99": 1.0229245366902338, "max": 1.4085814370000662}, "TPOT": {"unit": "ms", "min": 23.435950145729787, "p50": 42.49785441457382, "p90": 52.54584597035287, "p95": 56.16917078291408, "p99": 59.99642152607957, "max": 63.841295376883714}, "Input Tokens per Minute": {"unit": "tokens/min", "min": 934085.4508158584, "p50": 934085.4508158584, "p90": 934085.4508158584, "p95": 934085.4508158584, "p99": 934085.4508158584, "max": 934085.4508158584}, "Output Tokens per Minute": {"unit": "tokens/min", "min": 48616.983452498534, "p50": 48616.983452498534, "p90": 48616.983452498534, "p95": 48616.983452498534, "p99": 48616.983452498534, "max": 48616.983452498534}}
{"target_qps": 4.0, "actual_qps": 3.9998933184453165, "success_rate": 100.0, "input_tokens": 3740, "output_tokens": 198, "model": "QwQ-32B", "input_tokens_per_minute": 900686.4373403847, "output_tokens_per_minute": 47831.75897918786, "slo_seconds": 5.0, "slo_attainment": 0.8298755186721992, "ttft_slo_ms": 1000, "ttft_slo_attainment": 99.5850622406639, "tpot_slo_ms": 50, "tpot_slo_attainment": 76.34854771784232, "Latency": {"unit": "s", "min": 1.7382395730001008, "p50": 9.08587307200014, "p90": 11.193423136000092, "p95": 11.834705637999832, "p99": 13.104025549000198, "max": 13.205461869000374}, "Throughput": {"unit": "tokens/s", "min": 15.145248381618295, "p50": 21.965605241380775, "p90": 27.048731133581068, "p95": 28.844276309805792, "p99": 31.997614982036783, "max": 34.4061677684044}, "TTFT": {"unit": "s", "min": 0.053060086999721534, "p50": 0.4146433410001009, "p90": 0.6449565479997545, "p95": 0.6948564780000197, "p99": 0.9394177291999767, "max": 1.0979458449996855}, "TPOT": {"unit": "ms", "min": 27.707464924623395, "p50": 43.99966323617904, "p90": 54.36998842211169, "p95": 57.62114767336774, "p99": 63.44410169748693, "max": 65.33173582914485}, "Input Tokens per Minute": {"unit": "tokens/min", "min": 900686.4373403847, "p50": 900686.4373403847, "p90": 900686.4373403847, "p95": 900686.4373403847, "p99": 900686.4373403847, "max": 900686.4373403847}, "Output Tokens per Minute": {"unit": "tokens/min", "min": 47831.75897918786, "p50": 47831.75897918786, "p90": 47831.75897918786, "p95": 47831.75897918786, "p99": 47831.75897918786, "max": 47831.75897918786}}
{"target_qps": 4.0, "actual_qps": 3.9999566670694446, "success_rate": 100.0, "input_tokens": 3660, "output_tokens": 199, "model": "QwQ-32B", "input_tokens_per_minute": 878556.6527196652, "output_tokens_per_minute": 47937.74058577406, "slo_seconds": 5.0, "slo_attainment": 0.0, "ttft_slo_ms": 1000, "ttft_slo_attainment": 100.0, "tpot_slo_ms": 50, "tpot_slo_attainment": 87.86610878661088, "Latency": {"unit": "s", "min": 5.381551568999839, "p50": 8.550299499000175, "p90": 10.603427185800228, "p95": 11.29774936570011, "p99": 12.023714308359905, "max": 12.308744239000134}, "Throughput": {"unit": "tokens/s", "min": 16.24861124064159, "p50": 23.390993499512724, "p90": 29.38755083933513, "p95": 30.103399084148577, "p99": 33.095325177444344, "max": 34.92763868115301}, "TTFT": {"unit": "s", "min": 0.0496945519998917, "p50": 0.2976976810000451, "p90": 0.49442994339979124, "p95": 0.5268305695999516, "p99": 0.5605585614001848, "max": 0.5638046499998381}, "TPOT": {"unit": "ms", "min": 27.617285718591592, "p50": 41.58577917587764, "p90": 51.0657883467333, "p95": 54.92619493165853, "p99": 58.148220837286146, "max": 59.6004707788953}, "Input Tokens per Minute": {"unit": "tokens/min", "min": 878556.6527196652, "p50": 878556.6527196652, "p90": 878556.6527196652, "p95": 878556.6527196652, "p99": 878556.6527196652, "max": 878556.6527196652}, "Output Tokens per Minute": {"unit": "tokens/min", "min": 47937.74058577406, "p50": 47937.74058577406, "p90": 47937.74058577406, "p95": 47937.74058577406, "p99": 47937.74058577406, "max": 47937.74058577406}}
{"target_qps": 4.0, "actual_qps": 3.999967393799133, "success_rate": 100.0, "input_tokens": 3844, "output_tokens": 199, "model": "QwQ-32B", "input_tokens_per_minute": 994796.489578661,