{"target_qps": 5.0, "actual_qps": 4.999243689001909, "success_rate": 100.0, "input_tokens": 3921, "output_tokens": 198, "model": "QwQ-32B", "input_tokens_per_minute": 1176394.7368421052, "output_tokens_per_minute": 59651.417004048584, "slo_seconds": 5.0, "slo_attainment": 0.0, "ttft_slo_ms": 1000, "ttft_slo_attainment": 26.31578947368421, "tpot_slo_ms": 50, "tpot_slo_attainment": 44.93927125506073, "Latency": {"unit": "s", "min": 6.122304267000345, "p50": 12.603621844999907, "p90": 16.86721070620006, "p95": 19.36693933860005, "p99": 20.39830716627996, "max": 26.30937641899982}, "Throughput": {"unit": "tokens/s", "min": 4.82124570326423, "p50": 15.73240625846047, "p90": 22.867052499647617, "p95": 24.413710052706666, "p99": 30.269668233286612, "max": 32.66743880698877}, "TTFT": {"unit": "s", "min": 0.17079851499966026, "p50": 2.0922738899998876, "p90": 4.156003513999894, "p95": 5.234983843399998, "p99": 7.953012081480016, "max": 15.073443981999844}, "TPOT": {"unit": "ms", "min": 28.190570145729293, "p50": 50.85387211055142, "p90": 67.7687298371852, "p95": 76.47994141822775, "p99": 89.03273606663264, "max": 161.76933141303815}, "Input Tokens per Minute": {"unit": "tokens/min", "min": 1176394.7368421052, "p50": 1176394.7368421052, "p90": 1176394.7368421052, "p95": 1176394.7368421052, "p99": 1176394.7368421052, "max": 1176394.7368421052}, "Output Tokens per Minute": {"unit": "tokens/min", "min": 59651.417004048584, "p50": 59651.417004048584, "p90": 59651.417004048584, "p95": 59651.417004048584, "p99": 59651.417004048584, "max": 59651.417004048584}}
{"target_qps": 5.0, "actual_qps": 4.993531707683467, "success_rate": 100.0, "input_tokens": 3947, "output_tokens": 199, "model": "QwQ-32B", "input_tokens_per_minute": 1218276.924255243, "output_tokens_per_minute": 61486.354623048064, "slo_seconds": 5.0, "slo_attainment": 0.6472491909385114, "ttft_slo_ms": 1000, "ttft_slo_attainment": 87.37864077669903, "tpot_slo_ms": 50, "tpot_slo_attainment": 76.05177993527508, "Latency": {"unit": "s", "min": 3.9406102000002647, "p50": 9.453090374000112, "p90": 12.371186768400184, "p95": 13.544489671800054, "p99": 14.741922891960133, "max": 16.0263886609996}, "Throughput": {"unit": "tokens/s", "min": 12.479417804630078, "p50": 21.137077739972636, "p90": 27.13241737182247, "p95": 28.23593885183755, "p99": 34.67777091472285, "max": 38.34157146696151}, "TTFT": {"unit": "s", "min": 0.09499631100015904, "p50": 0.6008569900000111, "p90": 1.0733113924001372, "p95": 1.3600297615999803, "p99": 2.1988645048400577, "max": 2.742166976000135}, "TPOT": {"unit": "ms", "min": 25.13799947236015, "p50": 44.454929613066405, "p90": 57.26223661809059, "p95": 63.94750559899405, "p99": 69.2044536572869, "max": 72.50590399999923}, "Input Tokens per Minute": {"unit": "tokens/min", "min": 1218276.924255243, "p50": 1218276.924255243, "p90": 1218276.924255243, "p95": 1218276.924255243, "p99": 1218276.924255243, "max": 1218276.924255243}, "Output Tokens per Minute": {"unit": "tokens/min", "min": 61486.354623048064, "p50": 61486.354623048064, "p90": 61486.354623048064, "p95": 61486.354623048064, "p99": 61486.354623048064, "max": 61486.354623048064}}
{"target_qps": 5.0, "actual_qps": 4.997411489354929, "success_rate": 100.0, "input_tokens": 4055, "output_tokens": 198, "model": "QwQ-32B", "input_tokens_per_minute": 1216698.98989899, "output_tokens_per_minute": 59471.71717171717, "slo_seconds": 5.0, "slo_attainment": 0.6734006734006733, "ttft_slo_ms": 1000, "ttft_slo_attainment": 95.95959595959596, "tpot_slo_ms": 50, "tpot_slo_attainment": 77.10437710437711, "Latency": {"unit": "s", "min": 2.2706053189999693, "p50": 9.187733739000123, "p90": 11.488241627599928, "p95": 12.146550427199964, "p99": 13.711822636039749, "max": 14.566795645000184}, "Throughput": {"unit": "tokens/s", "min": 13.685238247289831, "p50": 21.64619557864841, "p90": 26.219988081387246, "p95": 27.701456847790123, "p99": 31.201705624755146, "max": 32.35910295497947}, "TTFT": {"unit": "s", "min": 0.07846278000033635, "p50": 0.5649152260002666, "p90": 0.8029961674001245, "p95": 0.9276345673998548, "p99": 1.4184376990798435, "max": 1.8805783870002415}, "TPOT": {"unit": "ms", "min": 28.368607819094958, "p50": 43.50222579899369, "p90": 54.72477853165685, "p95": 57.794629961808454, "p99": 67.59297653507633, "max": 69.7494480050249}, "Input Tokens per Minute": {"unit": "tokens/min", "min": 1216698.98989899, "p50": 1216698.98989899, "p90": 1216698.98989899, "p95": 1216698.98989899, "p99": 1216698.98989899, "max": 1216698.98989899}, "Output Tokens per Minute": {"unit": "tokens/min", "min": 59471.71717171717, "p50": 59471.71717171717, "p90": 59471.71717171717, "p95": 59471.71717171717, "p99": 59471.71717171717, "max": 59471.71717171717}}
{"target_qps": 5.0, "actual_qps": 4.999853204393248, "success_rate": 100.0, "input_tokens": 4058, "output_tokens": 199, "model": "QwQ-32B", "input_tokens_per_minute": 1236390.461171694, "output_tokens_per_minute": 60866.157984953774, "slo_seconds": 5.0, "slo_attainment": 0.0, "ttft_slo_ms": 1000, "ttft_slo_attainment": 99.01639344262296, "tpot_slo_ms": 50, "tpot_slo_attainment": 76.72131147540983, "Latency": {"unit": "s", "min": 5.455325186000209, "p50": 9.256577764000212, "p90": 11.40807641399988, "p95": 11.929744072599988, "p99": 12.580263449720094, "max": 12.901083135000135}, "Throughput": {"unit": "tokens/s", "min": 15.50257431156364, "p50": 21.606257204235963, "p90": 26.6717275031755, "p95": 28.170261739288907, "p99": 31.57302377218327, "max": 33.99370694831551}, "TTFT": {"unit": "s", "min": 0.04262313200024437, "p50": 0.4485084550001375, "p90": 0.6519055214000219, "p95": 0.7680608937999753, "p99": 0.975089209919788, "max": 1.0989490869997098}, "TPOT": {"unit": "ms", "min": 27.81809676381916, "p50": 44.72395100502403, "p90": 54.72936099296528, "p95": 57.58821757085594, "p99": 60.963126857890046, "max": 62.39591091457327}, "Input Tokens per Minute": {"unit": "tokens/min", "min": 1236390.461171694, "p50": 1236390.461171694, "p90": 1236390.461171694, "p95": 1236390.461171694, "p99": 1236390.461171694, "max": 1236390.461171694}, "Output Tokens per Minute": {"unit": "tokens/min", "min": 60866.157984953774, "p50": 60866.157984953774, "p90": 60866.157984953774, "p95": 60866.157984953774, "p99": 60866.157984953774, "max": 60866.157984953774}}
{"target_qps": 5.0, "actual_qps": 4.9999144356309655, "success_rate": 100.0, "input_tokens": 3858, "output_tokens": 199, "model": "QwQ-32B", "input_tokens_per_minute": 1157645.918367347, "output_tokens_per_minute": 59783.67346938776, "slo_seconds": 5.0, "slo_attainment": 0.6802721088435374, "ttft_slo_ms": 1000, "ttft_slo_attainment": 99.65986394557824, "tpot_slo_ms": 50, "tpot_slo_attainment": 81.97278911564626, "Latency": {"unit": "s", "min": 3.4383842880001794, "p50": 8.826526721500159, "p90": 10.841059631600364, "p95": 11.407047452749817, "p99": 12.539631536960192, "max": 12.882266600000094}, "Throughput": {"unit": "tokens/s", "min": 15.525218209658737, "p50": 22.658970217713005, "p90": 27.708958578728545, "p95": 29.418183727238425, "p99": 31.89334593601781, "max": 32.22019847101882}, "TTFT": {"unit": "s", "min": 0.0400071270000808, "p50": 0.35358248099987577, "p90": 0.48964411079978165, "p95": 0.5088579038002308, "p99": 0.6207109385197598, "max": 1.0317235610000353}, "TPOT": {"unit": "ms", "min": 29.33358578894426, "p50": 42.47073217085364, "p90": 53.38742606482518, "p95": 55.45149429045162, "p99": 60.677707399598525, "max": 62.491094055277344}, "Input Tokens per Minute": {"unit": "tokens/min", "min": 1157645.918367347, "p50": 1157645.918367347, "p90": 1157645.918367347, "p95": 1157645.918367347, "p99": 1157645.918367347, "max": 1157645.918367347}, "Output Tokens per Minute": {"unit": "tokens/min", "min": 59783.67346938776, "p50": 59783.67346938776, "p90": 59783.67346938776, "p95": 59783.67346938776, "p99": 59783.67346938776, "max": 59783.67346938776}}
{"target_qps": 5.0, "actual_qps": 4.999784749433621, "success_rate": 100.0, "input_tokens": 4123, "output_tokens": 200,