{"target_qps": 5.0, "actual_qps": 4.991631602662367, "success_rate": 100.0, "input_tokens": 3978, "output_tokens": 199, "model": "QwQ-32B", "input_tokens_per_minute": 1193496.3414634147, "output_tokens_per_minute": 59920.73170731708, "slo_seconds": 5.0, "slo_attainment": 0.40650406504065045, "ttft_slo_ms": 1000, "ttft_slo_attainment": 50.0, "tpot_slo_ms": 50, "tpot_slo_attainment": 55.6910569105691, "Latency": {"unit": "s", "min": 4.976281009000104, "p50": 10.76515750600015, "p90": 14.89625083199985, "p95": 16.57356752275018, "p99": 20.10959796340008, "max": 21.234807022999576}, "Throughput": {"unit": "tokens/s", "min": 9.418498589762484, "p50": 18.578457394462028, "p90": 25.940254178775973, "p95": 28.55786318681819, "p99": 35.51280970468392, "max": 40.190656363312264}, "TTFT": {"unit": "s", "min": 0.12327772299977369, "p50": 0.9978376429999116, "p90": 2.93922319599983, "p95": 3.625859048500047, "p99": 4.793049712349901, "max": 6.605619124999976}, "TPOT": {"unit": "ms", "min": 23.625184462310532, "p50": 47.72514167587991, "p90": 65.1754171331655, "p95": 70.19062406407068, "p99": 77.96816515979985, "max": 86.7503279296467}, "Input Tokens per Minute": {"unit": "tokens/min", "min": 1193496.3414634147, "p50": 1193496.3414634147, "p90": 1193496.3414634147, "p95": 1193496.3414634147, "p99": 1193496.3414634147, "max": 1193496.3414634147}, "Output Tokens per Minute": {"unit": "tokens/min", "min": 59920.73170731708, "p50": 59920.73170731708, "p90": 59920.73170731708, "p95": 59920.73170731708, "p99": 59920.73170731708, "max": 59920.73170731708}}
{"target_qps": 5.0, "actual_qps": 4.999691052924177, "success_rate": 100.0, "input_tokens": 3959, "output_tokens": 199, "model": "QwQ-32B", "input_tokens_per_minute": 1225275.8429791206, "output_tokens_per_minute": 61781.42434615211, "slo_seconds": 5.0, "slo_attainment": 0.0, "ttft_slo_ms": 1000, "ttft_slo_attainment": 89.6774193548387, "tpot_slo_ms": 50, "tpot_slo_attainment": 72.90322580645162, "Latency": {"unit": "s", "min": 5.072233639999922, "p50": 9.26081489850003, "p90": 12.40807902720003, "p95": 13.535391910700085, "p99": 14.558295386650284, "max": 15.022149958999762}, "Throughput": {"unit": "tokens/s", "min": 13.313673511838438, "p50": 21.551717157639466, "p90": 26.339327333655973, "p95": 28.446178765748666, "p99": 34.238553483661605, "max": 38.391001036334565}, "TTFT": {"unit": "s", "min": 0.1165254810002807, "p50": 0.5764046874999167, "p90": 1.008880505500156, "p95": 1.2596983998998896, "p99": 1.7523018131000292, "max": 2.235927031000301}, "TPOT": {"unit": "ms", "min": 25.235409904522456, "p50": 43.82040466834128, "p90": 56.88336938793973, "p95": 63.78009699924657, "p99": 69.80394972005129, "max": 71.80919594974736}, "Input Tokens per Minute": {"unit": "tokens/min", "min": 1225275.8429791206, "p50": 1225275.8429791206, "p90": 1225275.8429791206, "p95": 1225275.8429791206, "p99": 1225275.8429791206, "max": 1225275.8429791206}, "Output Tokens per Minute": {"unit": "tokens/min", "min": 61781.42434615211, "p50": 61781.42434615211, "p90": 61781.42434615211, "p95": 61781.42434615211, "p99": 61781.42434615211, "max": 61781.42434615211}}
{"target_qps": 5.0, "actual_qps": 4.98794064468049, "success_rate": 100.0, "input_tokens": 4034, "output_tokens": 199, "model": "QwQ-32B", "input_tokens_per_minute": 1210420.6779661018, "output_tokens_per_minute": 59814.91525423729, "slo_seconds": 5.0, "slo_attainment": 0.3389830508474576, "ttft_slo_ms": 1000, "ttft_slo_attainment": 96.27118644067797, "tpot_slo_ms": 50, "tpot_slo_attainment": 80.0, "Latency": {"unit": "s", "min": 4.110645665999982, "p50": 8.867139391999899, "p90": 11.22910832359985, "p95": 12.143053182200084, "p99": 13.217747091139964, "max": 13.975394573999893}, "Throughput": {"unit": "tokens/s", "min": 14.310866068288624, "p50": 22.466603609133763, "p90": 26.88916719574093, "p95": 28.55981796140888, "p99": 31.87874175850303, "max": 36.039362904301996}, "TTFT": {"unit": "s", "min": 0.10456771600001957, "p50": 0.5666362409997419, "p90": 0.8236087586000395, "p95": 0.9358698846001062, "p99": 1.1281600839801287, "max": 1.5343043900002158}, "TPOT": {"unit": "ms", "min": 25.823634150752632, "p50": 41.80944818593084, "p90": 53.19578630653278, "p95": 57.20473395477464, "p99": 62.45905916452258, "max": 66.2085594472366}, "Input Tokens per Minute": {"unit": "tokens/min", "min": 1210420.6779661018, "p50": 1210420.6779661018, "p90": 1210420.6779661018, "p95": 1210420.6779661018, "p99": 1210420.6779661018, "max": 1210420.6779661018}, "Output Tokens per Minute": {"unit": "tokens/min", "min": 59814.91525423729, "p50": 59814.91525423729, "p90": 59814.91525423729, "p95": 59814.91525423729, "p99": 59814.91525423729, "max": 59814.91525423729}}
{"target_qps": 5.0, "actual_qps": 4.999823125673773, "success_rate": 100.0, "input_tokens": 4060, "output_tokens": 199, "model": "QwQ-32B", "input_tokens_per_minute": 1218279.9331103677, "output_tokens_per_minute": 59755.183946488294, "slo_seconds": 5.0, "slo_attainment": 0.33444816053511706, "ttft_slo_ms": 1000, "ttft_slo_attainment": 92.97658862876254, "tpot_slo_ms": 50, "tpot_slo_attainment": 70.23411371237458, "Latency": {"unit": "s", "min": 4.659912458000235, "p50": 9.36028547900014, "p90": 11.737518234400067, "p95": 12.113528563099997, "p99": 13.167910920539942, "max": 13.644420194000304}, "Throughput": {"unit": "tokens/s", "min": 14.658006507886908, "p50": 21.253656486241862, "p90": 25.877149762648205, "p95": 27.471037283097875, "p99": 30.354288009452958, "max": 31.470156110390104}, "TTFT": {"unit": "s", "min": 0.04913750500008973, "p50": 0.480145130999972, "p90": 0.8737336371998025, "p95": 1.125203843899725, "p99": 1.7287627197000606, "max": 2.3655315300002258}, "TPOT": {"unit": "ms", "min": 29.902433587939132, "p50": 44.18400950251352, "p90": 55.99039391859356, "p95": 57.66138132462445, "p99": 60.945578088946306, "max": 62.13596940200952}, "Input Tokens per Minute": {"unit": "tokens/min", "min": 1218279.9331103677, "p50": 1218279.9331103677, "p90": 1218279.9331103677, "p95": 1218279.9331103677, "p99": 1218279.9331103677, "max": 1218279.9331103677}, "Output Tokens per Minute": {"unit": "tokens/min", "min": 59755.183946488294, "p50": 59755.183946488294, "p90": 59755.183946488294, "p95": 59755.183946488294, "p99": 59755.183946488294, "max": 59755.183946488294}}
{"target_qps": 5.0, "actual_qps": 4.999963646347659, "success_rate": 100.0, "input_tokens": 3889, "output_tokens": 200, "model": "QwQ-32B", "input_tokens_per_minute": 1218254.623056763, "output_tokens_per_minute": 62648.534497186956, "slo_seconds": 5.0, "slo_attainment": 0.0, "ttft_slo_ms": 1000, "ttft_slo_attainment": 100.0, "tpot_slo_ms": 50, "tpot_slo_attainment": 86.62420382165605, "Latency": {"unit": "s", "min": 5.956566174999807, "p50": 8.607149319999962, "p90": 10.716007813400118, "p95": 11.46431815664982, "p99": 12.008818615050059, "max": 14.630007767999814}, "Throughput": {"unit": "tokens/s", "min": 13.670532727771997, "p50": 23.236497075443936, "p90": 28.577703893472773, "p95": 29.937546228345077, "p99": 33.048783620230154, "max": 33.57639185465886}, "TTFT": {"unit": "s", "min": 0.047617970000374044, "p50": 0.3606379784998808, "p90": 0.4994252754001081, "p95": 0.5386089309998623, "p99": 0.7304893983801641, "max": 0.981441421999989}, "TPOT": {"unit": "ms", "min": 28.67671347738581, "p50": 41.66791865326668, "p90": 51.42472158241233, "p95": 55.50083782814022, "p99": 58.52705627140742, "max": 68.6085717738682}, "Input Tokens per Minute": {"unit": "tokens/min", "min": 1218254.623056763, "p50": 1218254.623056763, "p90": 1218254.623056763, "p95": 1218254.623056763, "p99": 1218254.623056763, "max": 1218254.623056763}, "Output Tokens per Minute": {"unit": "tokens/min", "min": 62648.534497186956, "p50": 62648.534497186956, "p90": 62648.534497186956, "p95": 62648.534497186956, "p99": 62648.534497186956, "max": 62648.534497186956}}
{"target_qps": 5.0, "actual_qps": 4.9999150760257685, "success_rate": 100.0, "input_tokens": 3798, "output_tokens": 200, "model": "QwQ-32B",