request_id,conversation_id,send_time,ttft_time,total_time,tokens_in,tokens_out,ttft,tpot,cached_tokens
21ae17e4-540e-4f1d-9555-c9d9805bf2bf,32379e4f-c52b-4533-87e4-7ccbc01e4871,7944115.430171466,7944116.062644823,7944121.076976329,2428,200,0.6324733570218086,5.014331505633891,176
7fbc6718-2c17-422a-b2a1-61350109f005,52901222-0bb4-47e4-8bba-8825319cf100,7944115.430223398,7944116.055863872,7944121.082942025,2985,200,0.6256404742598534,5.027078152634203,192
ec8ad795-4f4e-457e-9749-81f590c7f2e7,14a415ae-d933-42c2-ba6d-1348294d8e80,7944115.430101377,7944115.7040454345,7944121.150564646,1805,200,0.27394405752420425,5.4465192118659616,176
4c9128f6-ae2f-4f48-9de0-cd13193a8e68,f0cbebc5-adb6-461b-9b21-22667b2f1d8c,7944115.430217566,7944115.867005011,7944121.143597241,2293,200,0.4367874450981617,5.276592229492962,224
11ed2a94-4093-4bd6-865f-571420da2cf7,ba46ec63-d117-43af-a082-fdb05a1381df,7944117.284807452,7944117.512691027,7944121.911286576,1875,200,0.22788357455283403,4.3985955491662025,160
1c30dc6c-4b9d-496c-b58f-5ad1f4abc4e0,c8ae7276-50d3-44bc-9777-36df0eb5b9e7,7944112.485985673,7944116.4373654835,7944122.1527425395,1135,200,3.951379810459912,5.71537705603987,176
5db629fd-6f21-4213-8496-6fc6c2f75746,169bfd1c-b54b-4a03-b40f-5a304abd2cb8,7944112.486060276,7944113.498402099,7944119.214973612,3725,200,1.0123418234288692,5.716571512632072,224
30c03442-5e69-4d5f-b6c5-a3c36b3792f5,3c65feda-6cb4-427f-8794-100421de1d7c,7944115.430312345,7944116.514051973,7944122.158275899,4415,200,1.083739628084004,5.64422392565757,160
b073ecc1-cd98-46f4-926d-8e8d444a0b15,1cf5c436-bb75-402c-9dfd-fae7395bc0a0,7944116.260639395,7944116.526860569,7944122.179672037,542,200,0.26622117403894663,5.652811468578875,160
8b1ee9d0-6f01-4f13-9cee-ad0749a6638d,8205a582-0870-4530-86d0-ed900328ac62,7944115.430176248,7944116.194573295,7944122.266693103,5779,200,0.7643970474600792,6.0721198078244925,160
7cd9a130-dd70-4ecc-b818-e0c9e83f86ca,51d7aec4-2dba-42c1-8f75-3193d8c9b3b1,7944112.48606423,7944113.259968259,7944119.333128177,389,200,0.7739040292799473,6.073159917257726,176
daa1814d-2794-4be2-a6d4-1a9b14f2e965,162bb746-0925-436c-8c6b-25f181810fb2,7944116.260657714,7944116.905987151,7944122.731698527,2380,200,0.6453294372186065,5.825711376033723,176
c597440d-5c6e-458e-873a-19352617e694,bcb9a03c-7a7d-4221-8d1f-5f52836f8b7c,7944118.276970081,7944118.695888375,7944122.744319035,2278,200,0.41891829390078783,4.0484306598082185,224
0c8b2352-b7b4-45c7-a699-e43e6fc28de9,9728b43f-13e5-4f1c-b6d4-40db13828d76,7944117.28482097,7944117.822542708,7944123.09691339,6001,200,0.5377217382192612,5.274370681494474,176
0534af0b-697f-49e5-a5cf-c99c570674a4,64d8ea28-e569-4d18-8e95-335226687779,7944117.28483128,7944117.800820583,7944123.210727823,5455,200,0.5159893026575446,5.40990724042058,224
4002fc46-3f30-4c57-a066-d7279898f33b,db8b9137-24be-4133-bc23-03b4c48bff99,7944115.430087922,7944116.239810266,7944123.338732284,6704,200,0.8097223434597254,7.0989220179617405,320
60b48cd3-ecbd-4936-9a12-09993e85f3cc,0fc32f2f-3791-4f05-a896-da6268fe53f9,7944115.430315695,7944116.818740951,7944123.518039725,4081,200,1.388425256125629,6.699298773892224,192
7cea6784-d1c2-46f4-8391-36d2715774d3,1942541f-2600-4c91-9e3f-a08bbb0dffa8,7944115.430169439,7944116.8288271725,7944123.528624483,5872,200,1.3986577335745096,6.6997973108664155,192
8190c571-aeba-40b7-9f89-52ad428a464f,4a4b9580-1d15-458e-9b7f-fe574dea6d90,7944116.260651364,7944116.966498721,7944123.55137139,1803,200,0.7058473573997617,6.584872668609023,176
224cae23-c9c3-49ec-80ed-ac13136a9f08,584dad95-d36b-497a-92bb-3cefd7fd8072,7944117.284834545,7944117.938810011,7944123.919444682,5992,200,0.6539754662662745,5.980634670704603,192
e01e6305-8d1f-4fb9-8f5c-354481fdc42a,3d244e10-3c51-4e44-bce4-3022987dcfec,7944117.284825144,7944117.824434119,7944124.004856079,6020,200,0.5396089749410748,6.180421959608793,192
43f68f27-3411-4ad6-8827-e440c3ba9b3a,386b7318-3947-4df1-8dd5-2e93abdf10c2,7944115.430105287,7944116.328495114,7944124.0714609455,6006,200,0.8983898274600506,7.742965831421316,160
f4da4465-de63-4fcc-8635-9011ea4fdf68,0759bb94-aa77-4047-8f94-34cc9c62436b,7944115.430221587,7944116.940650315,7944124.085624863,5904,200,1.5104287276044488,7.144974548369646,192
91ef8d0d-fae9-426d-83c0-56d28fd19b3d,4181337f-4f55-4fd6-8fbd-e067aaaaebe3,7944112.48605423,7944113.407921842,7944121.898166875,5775,200,0.9218676127493382,8.490245033055544,176
320d69d9-ad90-42b7-9c6e-bd702036c2b6,c51e1c93-377f-4846-81a1-14e5879a721c,7944115.430173879,7944116.959788077,7944124.853826409,4453,200,1.5296141980215907,7.894038332626224,160
67c512e8-349e-407e-b12f-0ebacb937ffd,0fd4279a-26c5-4067-ab88-75febf63597d,7944116.260654672,7944117.358636285,7944124.881635934,5869,200,1.0979816131293774,7.522999648936093,176
c5fec212-cf16-4093-a409-6ba47d0556d2,80c2eab9-93f4-47c0-9f83-f790c22d62f2,7944117.284828197,7944117.502615957,7944124.922927665,1564,200,0.21778775937855244,7.4203117080032825,160
81e6bd11-482e-4287-9cdb-dd6c0d211bfe,5f1dfde8-0414-448f-b867-af9a8603ce0b,7944119.298148454,7944119.870049856,7944125.023865513,4242,200,0.5719014015048742,5.153815656900406,176
6b06cc1e-c0cc-48c5-be27-931b879629a3,1a067fb7-ccd3-4e3a-8edd-1bc9cd091948,7944115.430166591,7944116.364563028,7944125.169529574,3247,200,0.934396437369287,8.804966545663774,176
643c49d5-e9e1-4da4-b132-24c820a8b474,6dea13ca-acc2-443b-bdac-b586c0f4fe58,7944115.430219601,7944116.897721191,7944125.187300676,5971,200,1.4675015900284052,8.28957948461175,176
e6bc8fee-7d1e-409b-b22e-ad7f5742506f,a88abdf6-3fbe-4259-bf5a-0c2a8e73f81a,7944118.276967082,7944118.997910038,7944127.314207433,5884,200,0.7209429554641247,8.316297395154834,160
5a71608f-6b83-4ae0-a58c-b47fcd8d858d,a3c929d0-baa7-4945-b63f-33a6fc39fd65,7944119.298161322,7944119.806635649,7944128.224250298,2857,200,0.5084743266925216,8.417614649049938,192
3c9e0a91-37cb-4ff9-bd97-25526964f243,d320f06b-a0b4-4a9d-b201-e2bc260657f4,7944121.39173278,7944122.11573318,7944129.2518932605,3975,200,0.7240003999322653,7.136160080321133,224
29d54a3b-4665-424e-9b80-db5163d1a5fc,fc991f32-f1b6-4afe-ba3b-a472773d0110,7944120.285179651,7944122.105696164,7944129.240323042,897,200,1.8205165127292275,7.134626877494156,192
0a34d3ef-a801-45e9-86a4-990c4b8fed90,632c53ab-a30f-443e-8a55-e9907563136d,7944122.260306472,7944122.364577265,7944129.849910357,742,200,0.10427079349756241,7.485333091579378,224
ad8a02cf-484f-4ad5-a237-89be1da0a126,5d0207cb-bd1b-4c3d-988b-bd7dee52f1f6,7944120.285168604,7944121.445761342,7944129.852663658,896,200,1.160592737607658,8.40690231602639,176
7c056857-7d28-4b9a-a119-1de9fd0e9b56,b397fd3b-5c1a-4e01-ae2f-44399f92080b,7944118.2769559,7944118.976431441,7944130.022582461,2611,200,0.699475540779531,11.046151020564139,160
b192adf3-d915-47d6-a7de-0314f54033e1,992bd0d7-1cad-4413-9565-9824a102be13,7944120.285187997,7944121.590694882,7944130.155058384,1596,200,1.3055068850517273,8.564363501966,192
4982cc0b-c777-4f50-99af-d99854ddf15a,f48f3c83-7b8a-45e5-a0fa-74a6e92599d8,7944120.285182807,7944122.381684017,7944130.181343303,5950,200,2.096501210704446,7.799659285694361,160
36337f2f-1358-4eed-a825-d40c08001965,1fa5ccae-f241-4f75-a21b-4d320e2b4228,7944122.260315243,7944122.949563842,7944130.222892498,6471,200,0.6892485991120338,7.273328655399382,192
2db0dc19-4e16-4d52-b94f-736527fd5531,3327e22a-e47a-4e28-ab49-61feb0f8ccd2,7944121.391739116,7944122.9433206795,7944130.216598635,3509,200,1.5515815634280443,7.273277955129743,176
1ba6e2f0-9008-45f3-ad01-7d8bfa7461af,773031a0-4df5-41b1-9031-e9c5d037efa1,7944121.391741886,7944121.777606379,7944130.222432229,1819,200,0.3858644934371114,8.444825849495828,192
3366285f-a6a8-4ccc-960b-d73ef5e1c5d6,f21c3799-f3ff-498f-be2e-8982bdfe2ecd,7944123.261206315,7944123.52919854,7944130.846804036,862,200,0.2679922254756093,7.317605495452881,192
64d8da23-94ce-4c11-a650-12785fa27ef1,657ec69d-2850-466b-9d84-480d9f1b5621,7944121.391729428,7944121.800212953,7944131.005543036,2566,200,0.4084835248067975,9.205330083146691,160
adecc41b-166d-423e-b869-d018eb4f0a60,ada614db-0cbb-4a1b-a79a-3e2f67153f46,7944122.260319944,7944122.647749084,7944131.278290725,4280,200,0.3874291405081749,8.630541641265154,160
e96bc82f-cc2c-449e-aec7-ff3727736a7a,161e547e-4532-4d71-a764-180d08c2eb2c,7944123.261192422,7944123.913910313,7944132.204967757,3126,200,0.6527178902179003,8.291057444177568,256
b908f689-77fa-4cf1-a1e4-9ed6d57cdcf4,8861bb38-fa7f-46fe-a61e-d670524b80a8,7944120.285198762,7944122.17967249,7944134.00876458,5794,200,1.8944737277925014,11.829092090018094,160
70ca6d4f-f3a1-4984-8864-454883456d62,239fe02a-0a19-4d3b-9cb8-bae3872a285f,7944122.260322031,7944122.787056763,7944134.201958672,3216,200,0.5267347320914268,11.414901909418404,224
15704861-57f5-40d1-a8c0-684e730feb8d,929b8a4f-ae3d-429e-830a-f69897f7f505,7944121.391719555,7944122.179178145,7944134.831531226,5421,200,0.7874585902318358,12.652353080920875,160
8194b536-d6d9-45f7-8fb3-5d4154ffd1b4,7d6a4817-7b4e-4a19-bbca-ecd2b233f7dc,7944120.285201203,7944121.958138868,7944135.167942202,5487,200,1.6729376651346684,13.209803333505988,176
9afb2e70-b77e-4f49-ad9f-0944ff5be418,32bb63f5-0400-4e7c-8e6c-cb23dafc8d9e,7944123.261211401,7944123.417923467,7944135.280452199,1229,200,0.15671206638216972,11.862528732046485,192
c572ed70-3a75-4cb9-bb88-0fab26d58286,a9ee696e-7782-458b-b0e3-a5f993f4a8eb,7944125.26038634,7944125.878992727,7944136.213188067,5875,200,0.618606386706233,10.334195340052247,176
010b9d54-12ae-466a-9994-f45b26eb91cb,715e64e0-0181-41a0-b6a9-c164d566d676,7944123.261214097,7944123.833778118,7944136.270156985,5811,200,0.5725640207529068,12.43637886736542,176
063e25d7-a5de-42ec-99a9-8286f860dd48,601ebb0f-02ad-42e7-a626-7ebef638a847,7944120.285185538,7944122.422501353,7944136.286761012,5897,200,2.137315814383328,13.864259659312665,192
f5d88ff2-f95b-4099-ac7a-777e2aa7bfd7,6e066633-fcb0-417d-94ee-a9864bbdaa41,7944121.391736084,7944122.9922843035,7944136.33069736,6485,200,1.6005482198670506,13.338413056917489,192
4e0fc150-4377-478a-8fb5-f54a2b2ddc4f,1326464b-c372-47f9-8850-927fd5f180aa,7944122.260318055,7944122.998790016,7944136.336891144,3680,200,0.7384719615802169,13.338101127184927,224
dda2ab11-b293-41e6-8657-748f39e1d2ae,828db195-ca5a-4484-848e-1fc6ac242624,7944122.260323837,7944123.12115639,7944136.941532646,5718,200,0.8608325524255633,13.820376256480813,176
69bbe7f1-e04f-4561-93db-62ef9dc99659,b01f6c83-5554-4371-9f04-7b0e790263ed,7944126.262031401,7944126.833491898,7944136.991179684,5631,200,0.5714604975655675,10.15768778603524,192
d8ef3349-17ce-4718-bd3e-3c49462325ed,7e0dc3cf-f526-472a-bc5c-d24141fee908,7944123.261200765,7944123.725492598,7944137.038801281,3662,200,0.4642918324097991,13.313308683224022,192
178f4938-9228-4deb-88ef-efaeb67b2096,8f095d32-b382-490a-af2a-f42225c16ffb,7944125.2603896,7944125.537234027,7944137.225458421,846,200,0.27684442698955536,11.688224393874407,160
6662d9e0-6394-4077-a03a-156cc2c123f1,b3b1f241-4f97-466c-b9af-0701c1476d26,7944123.261216614,7944124.189176422,7944137.272414879,5795,200,0.9279598072171211,13.083238457329571,224
b76e549d-8cb5-430e-b68d-923d83e3b667,e75457ed-6df5-4031-9265-1be7e8cbd160,7944124.260547175,7944124.586308146,7944137.361330028,3951,200,0.3257609708234668,12.77502188179642,176
c012659a-f3f8-4cc4-8036-cfd435937f8f,0d6cfb7c-9564-4e6b-96ab-aec695811479,7944124.260550029,7944124.722305261,7944137.572784012,5465,200,0.46175523195415735,12.850478751584888,176
f64b02a7-4c10-4692-9615-7a2f4dee9e41,a23d66c3-addc-4e61-81ec-83fa165b946a,7944127.261155733,7944127.463399756,7944137.60676248,2168,200,0.20224402286112309,10.143362724222243,160
26f739cd-2df7-49ce-8618-72a794698498,6f4051d6-8003-4af8-be6a-137219b04ba5,7944123.261203811,7944123.765806439,7944137.745965146,5553,200,0.5046026287600398,13.980158707126975,192
df57bbec-d947-458d-9c7f-f86e4bf169fa,f17a4867-8187-4bc8-b761-c5e2f43461f5,7944123.261209166,7944124.005955657,7944137.880120424,5820,200,0.7447464913129807,13.87416476663202,160
cf29594b-a004-4b83-88ed-215d238c80d1,339e6a45-2ac7-4236-ac28-4af01254bcc9,7944124.260544171,7944125.015351784,7944137.926891886,5891,200,0.7548076137900352,12.911540101282299,160
fe9776da-0205-42e2-8af7-24ae1120b018,c1aa437d-4a45-48f5-a4ba-fefa5588951c,7944128.26076958,7944128.630700327,7944138.1324969875,3572,200,0.3699307478964329,9.501796660013497,176
6108375a-d158-4130-9421-7b60c84825dc,e793cd05-3809-4e36-8e78-d44bc000c93e,7944124.260535039,7944124.752742867,7944138.359813112,5907,200,0.49220782797783613,13.607070244848728,160
19c8a6dd-b749-4906-812d-1211eda869d3,9f8fc93a-62fd-4685-beff-f86268053404,7944125.26036998,7944125.948186414,7944138.486288039,5747,200,0.6878164345398545,12.538101624697447,160
da9276f3-d669-4867-9cd3-a5c199b39bf8,15e18881-cbb9-4802-a422-20808dd1ab23,7944127.261169406,7944127.721380432,7944138.862422602,1418,200,0.46021102648228407,11.141042170114815,176
c8fd0ed3-8edc-463a-9601-71f7fbd76cf0,e9333846-4b52-4552-b7b0-49ce8f3d396a,7944129.260252106,7944129.402530489,7944139.060730773,1054,200,0.1422783825546503,9.658200284466147,160
ae6f5278-dc5b-4a50-b469-8c52ec20701c,51d7aec4-2dba-42c1-8f75-3193d8c9b3b1,7944126.262055503,7944126.773978366,7944139.1603237875,389,200,0.511922862380743,12.386345421895385,176
ea3ff24d-746d-4f5d-ab98-5fd591ac5234,eaa14318-4f95-461e-9213-5b24ea716730,7944126.262045572,7944127.344631306,7944139.313161099,4899,200,1.0825857343152165,11.968529793433845,160
5d309a03-b2dd-449e-b72f-34a3cf7f326f,db3af283-c78b-4d14-bc1d-784377afabaf,7944127.261177494,7944127.602161142,7944139.326537736,3440,200,0.34098364785313606,11.724376593716443,224
6ce9e9f6-af13-4cdd-9075-4ca20ed0452c,fbfe9e9f-aa2f-4a16-90bf-74ab86e7032b,7944125.260395791,7944125.609597034,7944139.676925511,3432,200,0.34920124243944883,14.067328477278352,224
43f6eafd-41b9-4b10-9ec1-3286aa00c123,2c20976e-2290-479a-8bda-5a3f66c59c93,7944126.262058707,7944127.083475825,7944139.9214366935,5582,200,0.821417118422687,12.837960868142545,224
149bb420-c325-4686-9165-d5373c3f59dc,47290926-f76b-42a0-b6b0-95ae3ac5a196,7944130.26090582,7944130.642030151,7944139.986424497,3484,200,0.38112433068454266,9.344394346699119,288
ea598401-d09a-45c2-b393-3414bcb5cf20,d53c43e4-30f8-4bde-bd5b-7dec2dc7004c,7944128.26076602,7944128.900986683,7944140.093263397,2139,200,0.6402206625789404,11.192276714369655,192
f45b553c-f834-44bb-a4c8-c42c972e868b,21f467fb-de7c-4e1b-9293-058f066ebf57,7944127.261189644,7944127.81371035,7944140.157034437,5863,200,0.5525207053869963,12.343324087560177,176
a800d15c-f84b-4628-b32a-819c428cded8,3ee811a5-f205-4725-8db6-b99eb8dd1ecb,7944127.261173506,7944127.725140867,7944140.24361469,3850,200,0.46396736055612564,12.518473823554814,160
5da36168-a7ab-4250-a1ca-114c5b49dafd,855dd6b3-1f0e-4fa3-a820-cbf26b5c076f,7944125.260393173,7944125.836651823,7944140.293187333,5480,200,0.5762586491182446,14.456535510718822,192
266cbbf7-7538-4969-bb4f-f47a0439f1a4,32379e4f-c52b-4533-87e4-7ccbc01e4871,7944128.26075485,7944129.3665788295,7944140.502872848,2616,200,1.1058239797130227,11.136294018477201,176
d6050353-80d5-4522-9641-4967045879cf,6a0ac87a-e917-4b52-bf8d-10689801e4bb,7944129.260233855,7944129.99342735,7944140.528839403,1847,200,0.733193495310843,10.53541205264628,176
484541d7-f0b9-4f86-8949-58796de4ae26,db50af28-fa33-4f95-803d-71036af6bdbe,7944125.260382878,7944125.792561214,7944140.662544057,6020,200,0.5321783367544413,14.869982842355967,176
19b17b10-cdc7-4d57-a708-3b4d630fd9ef,97e6ae57-69da-4647-a7d0-d90457e6abcc,7944126.262049773,7944126.922746151,7944140.749228397,772,200,0.6606963779777288,13.826482246629894,192
4534505e-a407-4a65-9542-d5e7be368164,a74d52a0-b723-423c-8ddc-8a8becc87965,7944128.260743333,7944128.7687994,7944140.907356316,5846,200,0.508056066930294,12.13855691626668,176
e5859bed-1ae7-454c-b899-e84c7faa30a0,558d1a32-11e7-4870-b268-20a3c0b14d67,7944131.260739299,7944131.777764099,7944140.970381736,5853,200,0.5170248001813889,9.192617637105286,160
e0fd8af7-f07d-4405-91d3-f9208adaac26,bfc78a92-84e5-4fdf-8b1d-913c94a11821,7944126.262052721,7944126.971412657,7944141.000077795,3560,200,0.7093599354848266,14.028665138408542,192
0298ac94-14e7-4e54-97fd-92a2be33b710,1e9d7c97-8003-4914-919a-c70046db848d,7944125.260379811,7944125.678426938,7944141.024591375,2780,200,0.4180471273139119,15.346164437010884,192
4e904762-682a-445a-ab8f-cce53792674d,137ad8cf-63fb-4db5-bb47-7e4c09778b00,7944132.26026199,7944133.215848993,7944141.042988469,6006,200,0.9555870024487376,7.827139476314187,176
51257b0d-9676-41df-bf94-431d9525b190,8b04069d-53db-4f71-b312-8d4dedc41864,7944128.26075883,7944129.367548753,7944141.067573688,5965,200,1.1067899223417044,11.700024935416877,176
47023115-15c5-4190-835f-053fda0d6b7f,22d7558f-2436-464f-b111-4724e2f322d1,7944129.260242181,7944129.951401554,7944141.091707988,1957,200,0.6911593731492758,11.140306433662772,224
9d90e6a3-08b1-47a2-99fb-91c66d79aa72,e6dca7b5-0f24-49b0-b2a3-fe8bda0289ff,7944129.260249679,7944129.704092162,7944141.129658347,4755,200,0.443842482753098,11.42556618526578,224
b6741b4f-45b0-4f2c-bf7d-e0b265a2f630,02040ade-ed2d-491c-ad7f-c7feac81e298,7944133.260541197,7944133.822788575,7944141.163166425,536,200,0.562247377820313,7.340377850458026,160
a944b1a6-b1d6-48e6-affc-bf291b469fe6,9da86098-3be3-453f-9622-4e25faf21824,7944127.261181176,7944128.115244857,7944141.280413862,5822,200,0.8540636813268065,13.165169005282223,192
77e5bb70-25f4-47d1-83a8-946767544dcd,48f00f11-d6a7-4d60-b710-9751910c2b29,7944130.260896135,7944130.827487539,7944142.041168205,5741,200,0.5665914034470916,11.213680666871369,176
39db24b4-d36a-410d-b95e-47f459777be6,fc0ee260-72a8-4d48-ad4f-51c0fbdc2377,7944129.26025468,7944129.716602009,7944142.043955994,5163,200,0.45634732861071825,12.32735398504883,160
f68369ff-9f85-45d1-bdd3-d65699d19a67,0a0896da-1e20-4a06-9b7c-c33d45fcd843,7944127.261185766,7944128.36918541,7944142.0913697155,5764,200,1.107999644242227,13.722184305079281,176
e205970b-9636-4d0c-b5db-95bb281e4422,cf53ec7b-8773-48c4-bfea-fbe3da37a269,7944135.261304382,7944136.054591239,7944142.099567402,5941,200,0.7932868571951985,6.044976162724197,160
b4a59841-1097-4e24-86c8-66fe2b7c4073,c4f07ea1-4aee-4470-b000-7059f3c69f17,7944129.260244442,7944129.948260402,7944142.168970341,5811,200,0.6880159601569176,12.220709938555956,176
eea932c6-9613-4024-a712-2df5630e352e,f0cbebc5-adb6-461b-9b21-22667b2f1d8c,7944136.260990191,7944136.720919964,7944142.321042213,2293,200,0.45992977265268564,5.600122248753905,224
217d1746-27a4-4e2b-880f-67aa71457c9e,c6e18b90-e57b-498d-a257-de89d96b372c,7944136.260961866,7944136.726059865,7944142.327753162,2057,200,0.4650979992002249,5.601693296805024,192
673f884e-1ae4-41dd-9fa7-06de0a3a0e08,5247d9b3-daf0-4d8c-85c8-6200408316cf,7944130.260909282,7944130.471909452,7944142.327698338,1148,200,0.21100017055869102,11.855788885615766,176
42d99ee9-20d7-4ef8-b3bb-3e58cb3bd35f,7ed7ebb9-c4ac-496b-a503-cbbd0dad0d9e,7944129.260247031,7944129.44146143,7944142.335031183,1520,200,0.1812143987044692,12.89356975350529,160
e0060668-2a07-42c3-a247-1150b721f024,eecbcd88-7743-4e34-95b6-1c67dec9ac89,7944129.260257108,7944129.923973889,7944142.34825878,5220,200,0.6637167809531093,12.424284891225398,224
cb696116-04f5-48d8-a40f-4738655464f2,1cc89369-2782-418c-93f1-6fd3c276dc1b,7944128.260762286,7944129.271515871,7944142.409084539,6645,200,1.0107535850256681,13.137568667531013,160
ca79812d-75ff-49c3-8c46-e885ecd14364,643c4d15-0574-4bb2-a238-eb5212ad6aff,7944129.260239257,7944129.871218359,7944142.468285666,6648,200,0.6109791025519371,12.597067306749523,176
7dfb916e-04ff-4a6b-be6a-78e646dd7aa6,54891ef3-08b6-433a-a8dd-209619c8b4f6,7944131.260735876,7944131.762702602,7944142.729404739,5692,200,0.5019667260348797,10.96670213714242,160
ad2db294-3bd1-4a08-83b6-16371a8f3fac,f08a5a98-ba52-4eb6-9dfc-c3e02b3c3c96,7944131.260723859,7944131.778224126,7944142.958349552,5889,200,0.5175002673640847,11.180125425569713,176
f176d904-8fb2-4ca2-aa50-c6ea70ec0645,afc0305b-37f3-49fd-a394-1f1a7281db52,7944132.260242219,7944132.935417052,7944142.969731723,5878,200,0.6751748332753778,10.034314670599997,160
8bec5a14-c7bd-4114-89e5-d13c367b7a8b,d28d1e2a-443d-459d-9383-6bdc450581a6,7944132.260270379,7944133.0718649,7944142.995899014,5859,200,0.8115945216268301,9.92403411399573,176
73340e19-03d1-4e61-96ea-cb230a83fdbb,4131e3cc-5480-4d8c-9fef-c2f6acff68e7,7944132.260257874,7944133.172314627,7944143.06844464,5869,200,0.9120567534118891,9.896130013279617,176
1a33db76-5363-4c9c-8616-858c306adde9,c2cf61e6-40f9-49e5-a7f1-e24130e70596,7944131.260732866,7944131.758209731,7944143.0774225835,5872,200,0.4974768655374646,11.319212852045894,176
20ff1dcf-b826-4f63-a1bb-254915b5cc21,57653307-c6ff-4c87-8138-1533b53900a3,7944132.260266392,7944133.148007189,7944143.170080069,5949,200,0.8877407973632216,10.022072880528867,160
2e1d16ff-bf2d-4286-a908-ade81b3d69ab,b77d50a0-f922-437c-a00d-6b3572ecfa03,7944133.26052947,7944134.246772703,7944143.220345123,5912,200,0.9862432330846786,8.973572419956326,160
a2299759-e33b-418b-9ca0-76d320ba5b4f,b23331f5-cf25-4f3d-bb0a-0b712f6627c0,7944133.260537308,7944134.118527339,7944143.32658638,3770,200,0.8579900311306119,9.20805904082954,176
195dedaf-f972-48dd-86a0-50b3d3a6c1a1,f259acc7-014b-45ee-b116-6c5a67d0b3dc,7944133.26051586,7944134.202279011,7944143.3492040755,5889,200,0.9417631505057216,9.146925064735115,192
deff9e55-0021-4dfb-82f2-c374735e5461,5f03cc52-082c-4278-836e-b69155dec9ba,7944131.260742338,7944131.823084547,7944143.346690769,6335,200,0.5623422088101506,11.523606222122908,176
2fb368be-63da-4ff6-9e87-decee0d91cd1,ce4d3f5a-faf3-4b06-b766-a614f1096c6f,7944132.260254312,7944133.402183051,7944143.82667919,5950,200,1.1419287389144301,10.424496138468385,192
526f925d-89de-4ca0-8b4c-ca2265557d3a,0f610880-6ddd-4017-bf17-27f18caf55cb,7944133.260544502,7944133.91493328,7944143.8474559905,5296,200,0.654388777911663,9.93252271041274,160
6d175a04-8332-480e-a02d-8472949f5a92,80c2eab9-93f4-47c0-9f83-f790c22d62f2,7944134.260989085,7944134.67807593,7944143.919875939,1564,200,0.41708684526383877,9.241800009272993,160
be53c3c5-9ac9-4bc6-ac60-ded77077f102,b2da5930-e925-4f11-acd5-b71f0c28de6b,7944135.26129747,7944136.077512306,7944143.945838901,5744,200,0.8162148362025619,7.868326595053077,192
71bc9ec9-3e9a-4b2d-a4fe-4cab75c275ab,b895349f-c004-4a48-815c-1924c7a2fa77,7944133.260533426,7944133.68485823,7944144.080863863,2647,200,0.4243248039856553,10.396005633287132,224
352fbb13-f5df-4232-aa44-02143d1ae6b3,af44908a-558d-48e0-806d-4f2657f94fe4,7944136.260986929,7944136.821603709,7944144.153781966,5338,200,0.5606167800724506,7.332178257405758,160
73bd0ba8-8345-4954-b6a0-10f273d5a985,6bc07a15-054a-4565-ad27-d0f02e46447f,7944138.260378074,7944138.9246499445,7944144.195091604,5921,200,0.6642718706279993,5.2704416597262025,192
52e1c822-bbf6-4166-8ca4-0795eff2e329,4bf9a1b8-5289-460f-817e-659616fb5993,7944135.261291403,7944135.983426968,7944144.639099578,5906,200,0.7221355643123388,8.655672610737383,192
98890390-d4a3-4e4f-ba42-82ec6f2352e8,6f90c4ab-65aa-49a6-ba03-ccb6cd74af3e,7944135.261314042,7944136.273755039,7944144.654838086,5787,200,1.0124409971758723,8.381083047017455,176
4c08707c-aa5f-44fc-a7db-f3f82b3a3ef6,ade8cb90-6dbe-409a-8c98-4ae1df590b7e,7944136.260979183,7944136.757344268,7944144.725612959,2270,200,0.49636508524417877,7.968268690630794,192
e989c96a-6009-41d5-a663-9449db16f578,73d8e0e8-1341-40a5-b0d5-094ca0aac9e0,7944134.260979136,7944134.910808671,7944144.767602434,4556,200,0.6498295348137617,9.856793763116002,176
93133162-8d51-45c4-9923-517bd821c488,ae3515b7-b2c3-4055-9fee-cc35030fc4b2,7944135.261287624,7944135.500024159,7944145.143593123,1965,200,0.23873653542250395,9.643568963743746,176
bbe8e1a7-bf6a-44d0-9050-eab4568a46d7,b579de52-ab17-4588-b70a-4285fc661c21,7944135.261316794,7944135.925610611,7944145.16134663,5809,200,0.6642938172444701,9.23573601897806,160
7fa19ccc-3f3b-4dba-a59d-f1c1b208f737,3047d0dd-5a9d-4d90-be11-b1eb806c0a55,7944132.260274104,7944133.9932429865,7944145.188917094,5869,200,1.7329688826575875,11.195674107410014,160
66581bbb-658f-44e2-981d-dba811009230,57a91587-71d3-4b42-b57c-e9022c37163c,7944133.260548009,7944134.524332819,7944145.216518789,5875,200,1.2637848099693656,10.692185970023274,176
20927f18-e6b5-446b-9087-ef990ea52585,4c23bd5a-bf9f-4ee2-a8bc-c19f72ea4b9d,7944137.26057673,7944137.427805122,7944145.365922443,962,200,0.1672283923253417,7.938117320649326,160
93bdd71b-7716-49ff-8da0-1308e6ccd9fb,4101a5fe-666e-4384-a477-c0dd5e15c3ca,7944135.261276773,7944135.960880714,7944146.037786774,5373,200,0.6996039403602481,10.076906060799956,160
1c073d23-dd4b-4439-90b1-fab4611fb7cb,04fdc20b-8327-42f7-a183-15c098d0ccce,7944135.261310626,7944136.205425962,7944146.056192745,5776,200,0.9441153360530734,9.850766783580184,160
05009ae6-2611-4872-b752-0f222bc683f8,984ff781-ca15-479c-8e06-7bd9cd701519,7944135.261307527,7944136.049565377,7944146.098707261,2944,200,0.7882578494027257,10.049141883850098,192
12595e06-7875-4b73-ab0e-1b2522082bfa,2b0b6d27-8a7f-458e-8a26-26ecad67cecb,7944140.260854238,7944140.524415938,7944146.141778858,2631,200,0.26356170047074556,5.617362920194864,288
eb8200b3-da6d-40ee-8c5f-148570c1d0ae,72007798-6523-420d-9817-37e87fcf6ec6,7944136.260976707,7944136.6693214355,7944146.181200189,2555,200,0.40834472887218,9.511878753080964,224
71bec87c-7a8d-4cfb-b2af-e52b42412ae9,d4a8ccbe-7316-4e32-881c-ec76afaa5012,7944135.261300749,7944135.886358456,7944146.31121583,5991,200,0.6250577066093683,10.424857374280691,160
ebce36c0-dbf2-4531-8805-16911dfeaa62,3a454c10-139f-47e9-9e76-0ee4c60750df,7944136.26097403,7944136.796440124,7944146.368541646,5882,200,0.535466093569994,9.572101522237062,192
98964d57-f3b2-4b88-82d9-b7d0b394dbe9,2a455136-68a7-4f2e-ae04-e584f979ee34,7944138.26036734,7944139.046207949,7944146.369714536,4746,200,0.7858406081795692,7.323506587184966,176
28131ffc-17b7-4250-81d4-a467f5a2599d,ec13b1d0-76b0-4b76-b16c-1f1ba5a32e9c,7944136.260970769,7944136.740349873,7944146.396420098,4392,200,0.47937910351902246,9.656070224940777,160
54a55398-ae52-4b1f-be5a-6ea8c9ea5430,5974b26c-9c91-4e54-8f64-6f0a30771880,7944136.260981631,7944136.9980208175,7944146.41455308,5745,200,0.7370391860604286,9.41653226222843,192
cad519e4-4519-484a-9bf9-36906331d9da,43515880-6b47-44ce-ad5a-c143292b1649,7944135.261294472,7944136.412945516,7944147.089709802,5927,200,1.1516510443761945,10.676764285191894,160
ffbca178-9cc9-4d23-8e42-ff2cbad970a8,b942c7a6-4699-4ba1-947a-a95a3cf3eff2,7944138.260372629,7944139.072402094,7944147.139805402,4338,200,0.8120294641703367,8.0674033081159,224
b686a7b1-50e3-43b0-bd5f-706e3e15ec75,773fcc75-711c-4081-bfea-8e9f5d5f8c42,7944138.260361269,7944139.074881181,7944147.142560784,781,200,0.8145199120044708,8.067679602652788,176
7c89abb0-07cd-4253-af1d-96ce348de499,d3446ebe-acf3-4d07-a3ea-c3744b922b9f,7944136.260984338,7944137.255901614,7944147.1447243765,4829,200,0.9949172763153911,9.888822762295604,160
b3d75423-463d-4190-9707-9cfe427df4ae,17f52023-20f0-4ba4-8129-16c153a0bb0e,7944137.260585747,7944137.662317477,7944147.237519437,3896,200,0.40173173043876886,9.575201960280538,160
5b49c2e2-c165-4cb2-ba98-4d945f4d9b4c,bc5c74d8-eb34-4a1c-8ed5-ee4fc1418410,7944137.260588618,7944137.779836871,7944147.255614991,5937,200,0.5192482527345419,9.475778120569885,224
6182c5fb-685d-4824-9bf8-1fdb1dcf34e5,9c8a1517-7296-4d9c-8dde-a5bbdf0ffc55,7944139.261113519,7944139.658294358,7944148.010708205,4221,200,0.39718083944171667,8.352413847111166,160
22a85417-5b84-43be-bc3a-7516ae072f27,4630c2ba-1217-4b3a-970e-383907fa6d0c,7944138.260380384,7944138.835333692,7944148.127855038,1553,200,0.5749533083289862,9.292521346360445,176
5c38d09a-9853-4a90-b8e1-e81b3c93fcbe,dee31f57-0db9-4efb-ad6f-509637e9dad7,7944138.260364694,7944138.747502046,7944148.222348752,955,200,0.48713735211640596,9.474846706725657,176
a1392cbc-43fa-44d3-bc40-dbdec947a9bf,22d7558f-2436-464f-b111-4724e2f322d1,7944138.26035116,7944139.069664176,7944148.269379135,1957,200,0.809313016012311,9.199714959599078,224
6227a612-0ad7-4a0c-b1d8-9ff9c4041755,161e547e-4532-4d71-a764-180d08c2eb2c,7944138.260375409,7944139.214400717,7944148.24908623,3193,200,0.9540253076702356,9.03468551300466,0
db14ca33-dd56-4ab7-9568-3e3c49e21138,31d93950-a967-42cb-aec0-6513d12008a1,7944138.260369927,7944138.843703862,7944148.527640863,2610,200,0.5833339355885983,9.683937001042068,224
9d9ea4a5-49b5-4957-a56f-4c5691510d27,6cbbb375-c940-47eb-bdbe-1c9292cd44d7,7944138.260382706,7944138.782724625,7944148.465917803,2720,200,0.522341919131577,9.68319317791611,16
bc791e96-ae6a-49c1-910f-046918111ae0,743da0c7-ad95-4639-a69e-c87954fbf45a,7944139.261099699,7944139.918162446,7944148.797187498,5962,200,0.6570627465844154,8.879025052301586,160
c7821c5e-f29e-41ca-93d1-6217b8e9b9cd,e75457ed-6df5-4031-9265-1be7e8cbd160,7944139.261109603,7944139.528679638,7944148.9405865,4108,200,0.2675700355321169,9.411906861700118,3920
9f7f7ed8-2745-457a-8f55-17aa0d889c94,b325fd77-fdfe-41e9-a0ff-794363903698,7944140.260866469,7944140.464342226,7944149.019941782,1549,200,0.2034757575020194,8.555599555373192,160
5a46552b-8efb-4674-a62a-5be8ed103dec,1f137368-a8ec-4424-9209-cece0037f45c,7944140.260863532,7944140.625606816,7944149.14829101,3372,200,0.3647432839497924,8.522684194147587,176
39588590-70bb-4bef-8d7d-c765988fbf15,05e2aea2-3e77-4091-acf4-2b43e9372008,7944141.260911055,7944141.654713074,7944149.9840050535,3931,200,0.39380201883614063,8.329291979782283,224
90f3f55b-130a-47b0-8e08-a8c15a7da9aa,45e7f1a3-6b50-4b00-bff3-e4a8f31e6793,7944142.26058019,7944142.548701719,7944150.034862112,2929,200,0.2881215289235115,7.486160392872989,192
4e7b0a21-cd06-4d6e-8dfa-4c46bb2644a9,4dbf8715-3d77-42be-80ab-15b38059e55b,7944141.26092965,7944141.902674801,7944150.043335719,1586,200,0.6417451510205865,8.140660918317735,192
6b82ce25-facb-4eff-8f86-64c21d5f035a,ffa65629-fc9d-4ec9-b6e2-f76db11b35df,7944141.260926587,7944142.13889954,7944151.197311968,5886,200,0.8779729530215263,9.05841242801398,192
c919ba5f-75b8-4575-a32f-8035bb15b89b,8f571481-bb6f-4a50-ba89-2ea91233c37d,7944141.260922704,7944141.876517572,7944151.2228714125,5806,200,0.6155948685482144,9.346353840082884,224
603c7634-e169-4e3b-a240-692159d0d0f8,67a0b975-184d-4abe-91c9-e84646d0b743,7944142.260570919,7944142.460170134,7944153.266762106,1948,200,0.1995992148295045,10.80659197177738,192
c9eb31d0-4324-4fb6-9c75-4c5adcecc935,75ce5d63-f5dd-4ba1-b1f1-9c1cc84309a9,7944144.261205138,7944144.487412415,7944153.677972142,1363,200,0.2262072777375579,9.190559726208448,208
8ccd057d-b031-49a0-a5c6-b48c9bd25f2e,64d8ea28-e569-4d18-8e95-335226687779,7944144.261196893,7944144.840908955,7944154.067787299,5670,200,0.5797120621427894,9.226878344081342,224
ac0aba0a-f97c-44f1-ab98-862cb936bb4b,81acfaa0-e241-4b9c-b637-2033ffdefae4,7944145.260690602,7944145.783093706,7944154.230712732,1333,200,0.5224031042307615,8.447619026526809,192
6bb43f14-c686-4489-9259-e4ca37315453,e10a6047-966d-41f5-9abd-eada18afadd3,7944144.261215823,7944144.504290213,7944154.237452573,1510,200,0.24307439010590315,9.733162360265851,176
9ad1a2a6-42a4-4501-bb6f-fb819f5889ff,d361340e-7ada-4795-9f86-b45068834ca9,7944143.260498023,7944143.631705874,7944155.062702718,4074,200,0.371207850985229,11.430996844545007,192
3a24a041-e145-4c22-9f1b-29ee65942517,5c6dac57-aba8-4008-9b1b-2dc74818894a,7944144.261208649,7944144.785435802,7944155.659982397,4523,200,0.5242271535098553,10.874546594917774,160
bd46563d-53a3-4576-8640-13ba96f5ae7f,b902c569-6d37-4ef4-a557-c9d749da88cb,7944146.261217869,7944147.117939035,7944155.698016799,513,200,0.8567211665213108,8.580077763646841,192
5fa293d5-910b-415b-826e-16cac0350183,d8819f26-10a3-4788-995a-51de60950150,7944145.260694517,7944146.081207345,7944155.774043681,3343,200,0.8205128284171224,9.692836335860193,192
7447ad90-55b6-442c-8560-b7ab10f26618,1cb4cd2c-3d59-46ce-8a93-0db347afede8,7944145.260675986,7944145.863694772,7944155.803225311,1796,200,0.6030187858268619,9.93953053932637,192
c8eb6b48-7ae6-4e2c-9cd8-c0c03bae3c54,0899530f-4ed7-49f5-91aa-9eef27c4e875,7944145.260701499,7944145.87342459,7944155.887032507,5924,200,0.612723090685904,10.01360791735351,176
a5fbf252-6eff-4e09-a491-1773c0a55187,cfbe6bee-cd08-4654-810f-1a3b3025c764,7944143.26050677,7944143.985193442,7944155.915497905,6739,200,0.7246866719797254,11.930304463021457,160
93de5825-a6c0-41cc-b64f-01444abe9bb9,386b7318-3947-4df1-8dd5-2e93abdf10c2,7944145.260686068,7944146.187118894,7944155.968118749,5997,200,0.9264328265562654,9.780999854207039,192
4ed331cc-f793-416d-ab92-5ff28d16c78a,0a8f817b-a718-410e-a942-023e11cee743,7944147.260456985,7944148.234607202,7944156.009642075,5409,200,0.9741502171382308,7.775034872815013,192
dfa8e026-42dd-46b5-904e-7f404d3683ee,3c65feda-6cb4-427f-8794-100421de1d7c,7944148.261004781,7944148.670133409,7944156.119213873,4403,200,0.4091286277398467,7.449080463498831,160
3a3b7d2a-1dc9-4c4f-a84e-9cb982cb899c,f48f3c83-7b8a-45e5-a0fa-74a6e92599d8,7944144.261212549,7944144.827331078,7944156.184221157,5950,200,0.5661185290664434,11.356890078634024,160
950bea52-893f-480c-9dea-7c53bac2f5c7,e6330420-13fa-40f0-aaaa-ee9b7b873195,7944146.2612148,7944146.822045278,7944156.196208248,5617,200,0.5608304776251316,9.374162970110774,192
53974f34-79aa-4fed-a58d-efdc1bc4bb3f,9ae48b4d-09e7-477a-96c8-ee9b319e707d,7944146.261224302,7944146.677937789,7944156.215121499,3423,200,0.4167134864255786,9.537183710373938,160
6b4e4c1c-5068-46e3-81aa-95091920e9d9,307fce6d-c2b2-4dae-aea7-ddfb228a713a,7944146.261200855,7944146.828084434,7944156.665808846,5763,200,0.5668835798278451,9.837724411860108,176
21af6eca-11e3-4ebd-b556-04c4c5acba6a,948c8bc2-de8c-4e1a-8977-9533047131e5,7944146.26122102,7944147.342812281,7944156.9160407735,1614,200,1.0815912615507841,9.57322849240154,160
342704ab-9690-4539-84c0-1edcf33a0a47,52901222-0bb4-47e4-8bba-8825319cf100,7944147.260435206,7944147.9991555605,7944156.93926315,3161,200,0.7387203546240926,8.94010758958757,192
69364741-6e5a-4f48-9fa3-d052281dfc8a,029edadb-b234-4d39-a619-c56cc85e964f,7944147.260447007,7944147.493869294,7944157.016872451,324,200,0.23342228773981333,9.523003156296909,192
a552e62d-ad27-42b2-85be-b2a652a60ec4,9b048b14-06a6-4574-a80f-dbc23b48d9f7,7944145.260697971,7944146.311496697,7944157.0308508845,5862,200,1.0507987262681127,10.719354187138379,160
8a31006b-ff4e-4324-93ce-33a6760d8fef,6e066633-fcb0-417d-94ee-a9864bbdaa41,7944149.260732828,7944149.9142591525,7944157.060276189,6473,200,0.6535263247787952,7.146017036400735,192
92eba34c-da8e-4612-b62f-a6c02b6c000a,27d34d22-9260-40a3-99e2-e20e86c4cfe7,7944147.260460301,7944147.960313426,7944157.063519827,2916,200,0.6998531250283122,9.103206400759518,160
b2811841-d7b2-4b23-b9d5-157a6fd41252,2f76cc92-4a76-43a3-ba85-d8a763932abc,7944147.260450827,7944147.942092438,7944157.104062662,1522,200,0.6816416112706065,9.161970224231482,192
611be2e2-cc85-4711-baae-2ffea3e74bdd,9094afdf-fdf4-40ec-b8cb-b04664e6ec6d,7944146.261211272,7944146.67581674,7944157.164267161,3821,200,0.41460546758025885,10.488450421020389,192
25a01b52-7820-4596-8954-4bbe419ba438,1f10b2d7-9302-4f7e-adfd-f3c4f7c6944c,7944148.260992915,7944148.551613005,7944157.821900246,3048,200,0.2906200895085931,9.270287240855396,192
f039d9da-f20c-4a3e-a400-9c26b43c7921,25236658-a6aa-4462-813e-c90ddddf0d4d,7944147.260454069,7944147.89487025,7944158.110372975,5419,200,0.6344161806628108,10.215502724982798,224
d9b01659-fa48-44d9-a4a0-965354dcf0c8,dc50ab8c-4aef-4581-800f-8d55cff5e8ac,7944148.26100817,7944148.477740857,7944158.142081741,2159,200,0.21673268638551235,9.664340884424746,192
c98be094-d3cc-440b-975a-010cfe3ed2ab,51d7aec4-2dba-42c1-8f75-3193d8c9b3b1,7944151.261039432,7944151.361410051,7944158.192865346,389,200,0.10037061851471663,6.831455294974148,176
b75bd1b5-4a81-4966-a53d-003e1dbcc429,43547b38-0907-4fd9-ac93-a7380b13691c,7944149.260735674,7944149.8354984885,7944158.917957557,810,200,0.5747628146782517,9.082459068857133,192
705a4a0d-a818-4501-b907-51959220fe27,4a4b9580-1d15-458e-9b7f-fe574dea6d90,7944149.260712517,7944149.693465321,7944159.0301431315,1803,200,0.4327528038993478,9.336677810177207,176
be4d1f7b-f351-48e1-9e16-ce466e1db9cf,66a3a1ab-8428-410f-8284-bbbcc40e3d86,7944149.260738597,7944150.032142313,7944159.063204526,3919,200,0.7714037159457803,9.031062212772667,160
2100cd37-67eb-45b7-8fd8-26425b452420,57965c9f-d1a7-428f-b691-aa12d95ea40d,7944149.260728721,7944150.077806761,7944159.103861011,6083,200,0.8170780399814248,9.026054250076413,192
fff18d27-cde9-4ac4-8ebd-1c0606f53ff3,a4f0c701-3c40-428e-a46d-38a2479e43d2,7944150.261209186,7944150.852619612,7944159.827650022,5949,200,0.591410425491631,8.9750304101035,176
2d1ea450-1142-4724-a86b-e82f8d75fa25,fa482bdd-c4dc-4bd0-ab79-4e8054d78a61,7944150.261218188,7944151.138251702,7944160.154278179,6291,200,0.8770335139706731,9.01602647639811,192
bf7d69cd-7fcd-47f2-99a3-b1dec332b715,8861bb38-fa7f-46fe-a61e-d670524b80a8,7944150.261215234,7944150.980712231,7944160.19401976,5794,200,0.7194969970732927,9.213307528756559,160
f53ccc5b-3255-491d-bc09-8efb343a4ba8,239fe02a-0a19-4d3b-9cb8-bae3872a285f,7944149.260745534,7944149.948852386,7944160.203117455,3216,200,0.6881068525835872,10.254265069030225,224
f54b16ba-62c2-449c-af5d-566849e89e06,749cff23-59a3-425b-bc36-69a36ebb5518,7944152.260752359,7944153.044408967,7944160.283965074,2649,200,0.7836566073819995,7.239556107670069,448
560aa0f7-53df-4c08-a010-9b9d338f0e2e,b5892cf2-f7ae-4e85-bad8-596946a75f51,7944149.260741744,7944150.023257622,7944160.5542976335,5910,200,0.7625158773735166,10.531040011905134,160
12d44975-26f5-47be-b87b-47e9f9d9787b,ff333590-8f59-4975-a74f-db7bccf0ba84,7944153.260357271,7944153.605026421,7944160.689576994,3638,200,0.34466915018856525,7.0845505725592375,176
7be44bbd-2515-4b1a-ba5f-43277bf4fb47,d00c697d-7ae3-4f63-8c46-74cb115fcffb,7944151.261043117,7944151.790089527,7944160.799785582,5879,200,0.5290464097633958,9.009696055203676,160
e5ff307e-d19d-49c7-a976-616b3b21a6ea,a9ee696e-7782-458b-b0e3-a5f993f4a8eb,7944150.261195752,7944150.821040816,7944160.96501094,5881,200,0.5598450638353825,10.143970124423504,176
f764b6f4-5da2-4b97-9401-9f746f28aebf,35bb8264-f8c1-4361-b48d-7ad5da447700,7944149.260724625,7944149.729004213,7944161.033663906,396,200,0.46827958803623915,11.30465969350189,160
17479a90-80e0-43f2-81b3-1d09dad2eab6,cae64ee8-4011-44ef-9331-c924f5e429be,7944152.260745856,7944153.14727102,7944161.287170072,3090,200,0.8865251643583179,8.139899051748216,176
0e18b353-08f7-424a-b1aa-d108f6cafe00,3d9f64af-c9b9-49e3-aada-0810637fc61a,7944152.260760535,7944153.162639056,7944161.343776718,4011,200,0.9018785217776895,8.181137661449611,160
f3ee08ae-56ed-49a2-8fd6-4c677826972e,b1cb652a-67d4-44c4-a3d6-11f8ce62329e,7944152.260756512,7944152.974929062,7944161.680909085,4786,200,0.7141725495457649,8.705980023369193,192
0b23826e-db6e-441d-89ee-2e7226eef02d,509e694a-3fe7-4d92-89a0-f7d32c4d3964,7944152.260741983,7944152.872380574,7944161.763805244,5268,200,0.6116385916247964,8.891424669884145,176
ebd01270-96ac-4f5e-96b9-601f0d0b64b0,632c53ab-a30f-443e-8a55-e9907563136d,7944153.260361088,7944153.664236052,7944161.823337115,1005,200,0.4038749635219574,8.159101063385606,224
bbf270c6-0593-4cd1-b746-7ab350a650cd,28b85227-ac6e-4816-91bf-18a4f64c1445,7944152.26072749,7944153.105930529,7944161.893444272,5707,200,0.8452030383050442,8.787513743154705,160
c0bb7c74-590e-4aa2-972f-24ffc7170d00,1cda0d46-618b-4b7a-b957-319fe6d96516,7944152.260763923,7944153.395079072,7944161.909154602,6301,200,1.1343151489272714,8.514075530692935,192
b2f75a03-8bc5-486f-bf32-0984e9262fd1,a652313c-8964-4423-b134-65f44458edb1,7944150.261205334,7944150.559879804,7944161.9644760415,2620,200,0.2986744698137045,11.40459623746574,192
15a4ddba-f1d4-4a90-920a-176859b4325c,44ca5816-8d16-4e6a-83e3-4700fae7ed03,7944150.261212502,7944151.041912031,7944161.995036029,5810,200,0.78069952968508,10.95312399789691,160
0cb5c38e-e848-4a22-8edc-0bd4e3c542d9,c4f07ea1-4aee-4470-b000-7059f3c69f17,7944154.260984371,7944154.778562611,7944162.210770856,5799,200,0.5175782395526767,7.432208244688809,176
098d98ee-5917-43a8-b62d-2ea0752ca22f,828db195-ca5a-4484-848e-1fc6ac242624,7944154.260981334,7944154.787245505,7944162.313129005,5718,200,0.5262641701847315,7.525883500464261,176
2c96b42d-0acd-4690-9355-f48843645102,80c2eab9-93f4-47c0-9f83-f790c22d62f2,7944151.261029668,7944151.440783838,7944162.317263803,1564,200,0.17975416965782642,10.876479965634644,160
33a26fdb-e95e-4d38-bb0c-66ed6f915e70,378a8dc1-f4bf-4176-8004-137448e51ca8,7944154.260977154,7944154.462175558,7944162.319254556,1646,200,0.2011984046548605,7.857078997418284,176
c3fba32f-88f2-4f85-8bf8-6abf694f2e60,6ba87a37-5514-486c-a5f6-0a7c5f9057f4,7944153.26035328,7944153.493157787,7944162.924319773,2284,200,0.23280450701713562,9.431161985732615,192
26f29216-5b02-4070-b8bd-d8a4aa199d9f,31895786-fe4a-4634-bd10-354266c7cf14,7944152.260749172,7944152.79583003,7944163.091130241,2368,200,0.5350808575749397,10.295300210826099,224
bdf4844b-099a-4e33-8078-29d65178dbf4,b397fd3b-5c1a-4e01-ae2f-44399f92080b,7944155.26126176,7944155.525907261,7944163.175581499,2832,200,0.26464550103992224,7.649674237705767,160
96f8a24a-1cac-425c-a102-0b41950a0278,6a19083f-2cb9-4a28-b5a5-fe5affc36867,7944155.261248299,7944155.367153237,7944163.296264537,442,200,0.10590493772178888,7.929111300036311,192
17c0affb-ab73-46af-851f-9db4fa147275,43515880-6b47-44ce-ad5a-c143292b1649,7944152.260737843,7944153.187549817,7944164.184483981,5857,200,0.9268119744956493,10.99693416338414,160
0f0d3213-559a-4fad-a8b4-fbbe794b2f7b,6e324056-7897-4c8b-93de-3f0d2871a1a9,7944153.260342165,7944153.764752314,7944164.357336098,6012,200,0.5044101495295763,10.592583783902228,192
80dd82a7-7ae3-43c2-974b-ba33c33cc49c,47290926-f76b-42a0-b6b0-95ae3ac5a196,7944156.260335844,7944156.636670837,7944164.376020247,3459,200,0.37633499316871166,7.739349409937859,16
c5d3ff08-ae4d-498b-b572-f7bf21a3e5fa,ab7c945e-e515-4175-81a9-07d757d848ff,7944156.26033303,7944156.522297734,7944164.537472228,2131,200,0.26196470484137535,8.015174493193626,192
64d62a04-0c1c-451a-99b6-cfdadc96cdc1,fd66c258-5859-4553-99da-0f386f57432c,7944156.260326372,7944156.63238906,7944165.203211791,3598,200,0.3720626877620816,8.570822730660439,160
ab763bb4-a609-4085-bded-e5740cf26917,93f972a6-65ef-4743-aae5-aab226f65263,7944157.2605789,7944157.7900684485,7944165.307378871,5883,200,0.5294895488768816,7.517310422845185,224
63c318a2-ddc7-4e46-b5f1-f3f2ccef294d,2d56a9c3-5f90-4bf8-8d15-611eb4ee9fbf,7944157.26058262,7944157.983139305,7944165.694954937,6705,200,0.7225566850975156,7.7118156319484115,160
0a909758-f03a-4e25-b371-dc6eb93f3f0c,5562c1a1-e6b0-40ec-96dd-5ea84936cbf8,7944156.260316298,7944156.905314225,7944165.840220665,5981,200,0.6449979264289141,8.934906439855695,176
349f1867-7c9c-4332-9a1f-c4c6498516f7,fb070aed-59ed-4076-890d-d41bb370b24e,7944155.261266065,7944155.543778159,7944165.899414431,2759,200,0.28251209389418364,10.355636272579432,160
f8aefcb2-242b-41e8-999e-31a60beb828c,a43aee69-af6f-4b63-82d9-73f1bb806cb0,7944154.260967552,7944155.226371327,7944166.013400848,6084,200,0.9654037756845355,10.787029520608485,192
831cd7fe-e8d4-46a6-b43f-33d915ae7712,e4cf393e-07d6-47fd-bb9b-936919a6f7a2,7944158.260626372,7944158.515246191,7944166.016745493,992,200,0.25461981911212206,7.501499301753938,224
a41117fc-4bc6-444a-ae14-aaa088c9d0e5,a0f4972e-a008-44c4-ba13-b684554c436b,7944157.260595734,7944157.6861720495,7944166.131688148,2867,200,0.4255763152614236,8.445516098290682,176
739a7899-3d9d-4261-8e29-9864619d441c,4131e3cc-5480-4d8c-9fef-c2f6acff68e7,7944158.260609447,7944158.894477226,7944166.167805239,5818,200,0.6338677788153291,7.273328012786806,176
c6e8f8b3-6e69-4019-a559-281d9eaa2035,1326464b-c372-47f9-8850-927fd5f180aa,7944159.260535177,7944159.793122262,7944166.177101125,3853,200,0.5325870849192142,6.383978863246739,224
a5acbe0e-3be7-43e7-be36-584f3cd840e7,2dd1593e-b38b-4dc5-b628-5b24a57f7800,7944157.260588379,7944157.820608342,7944166.1989563955,5458,200,0.5600199634209275,8.378348053433001,176
c1e4c8c5-cccc-4b96-abaa-b58e63fd3f42,bd4d247d-3324-43ef-b1b8-ee86801436f5,7944157.260585868,7944157.672788566,7944166.301541036,2022,200,0.41220269817858934,8.62875247001648,176
d287ee39-e417-4cf8-bd58-869f88fcdde4,32379e4f-c52b-4533-87e4-7ccbc01e4871,7944160.260459766,7944160.992214626,7944167.233940975,2807,200,0.7317548599094152,6.241726349107921,176
f61a750c-073c-4acc-a290-8fc22948113d,5f1dfde8-0414-448f-b867-af9a8603ce0b,7944156.260329914,7944156.701529812,7944167.966608218,4425,200,0.441199897788465,11.265078405849636,176
62df9b09-3d1c-4612-9a57-6d55e0a79ca1,e75457ed-6df5-4031-9265-1be7e8cbd160,7944160.260466987,7944161.106402931,7944168.014727758,4258,200,0.8459359435364604,6.908324827440083,176
f2e7207b-6e69-444e-9104-ab04bdd806c4,899c2615-9ae4-4ce5-91c4-b802b05ed50e,7944161.260357651,7944161.428971093,7944168.203576077,1601,200,0.1686134422197938,6.774604983627796,288
d161c229-a4cf-49ce-aaf1-0c3e79769d2e,160f0c9e-f577-4da2-b81a-1b98824a8dfa,7944157.26059221,7944157.944627812,7944168.20878078,6041,200,0.6840356020256877,10.26415296830237,160
7a66cad3-ecdf-4968-af58-cc8be89cb46b,2c2590bf-7735-4068-8406-2d47707168ea,7944159.260538584,7944159.603299833,7944168.767360751,3542,200,0.342761249281466,9.164060917682946,160
37abacc4-b053-4032-b2f2-0f988c58c432,04fea7e7-35a4-4698-bf7e-840da3fb5ef2,7944158.260619047,7944158.781601468,7944169.038048428,5997,200,0.5209824210032821,10.256446959450841,192
52e26df2-0fc2-4499-91d5-344eddade939,c8309beb-8c28-45e3-97c6-0ce22870ae69,7944161.260342382,7944161.771951332,7944169.293609232,5889,200,0.5116089498624206,7.521657899953425,192
ed1df17e-957a-4bcd-9ae6-545135444187,5e3e9e61-386a-474a-a3be-51c8bf29b1e6,7944157.260568264,7944158.05554436,7944169.650739105,5350,200,0.7949760956689715,11.59519474580884,176
bbe17f4b-78f2-4b48-b5d6-a71e8d044524,103c615f-5360-4f83-9b59-d23a7129b44f,7944162.261068359,7944162.717680382,7944169.947081869,3278,200,0.45661202259361744,7.229401486925781,192
bc5e43bd-4a0f-439e-85c3-fb0c5e35f7d1,4c23bd5a-bf9f-4ee2-a8bc-c19f72ea4b9d,7944158.26062319,7944158.421236644,7944170.236663937,962,200,0.16061345394700766,11.81542729306966,160
d78955fb-4beb-4d4d-9f2a-d34393cfb8a6,64d8ea28-e569-4d18-8e95-335226687779,7944159.260521114,7944159.766954678,7944170.300515801,5670,200,0.5064335642382503,10.533561122603714,224
d84befa9-9fbc-4e85-81fd-6efc45e528fd,d769c8e7-545f-4504-930e-6fb89f07eeaa,7944162.26108308,7944162.580445528,7944170.955086456,2947,200,0.31936244759708643,8.374640927650034,288
2ef6541c-014d-4726-89e2-fe5e9b62fdd9,992bd0d7-1cad-4413-9565-9824a102be13,7944160.260470105,7944160.890274206,7944170.960133112,1596,200,0.6298041008412838,10.069858905859292,192
3dc988f6-0aa2-48de-97b5-e18f69315d72,84fa6356-b99b-42cc-943e-4313c53f37a8,7944162.261057107,7944162.91252268,7944171.299617502,6877,200,0.651465573348105,8.38709482178092,224
2d2bb07c-a910-46b1-adef-303a1beb41a5,f0cbebc5-adb6-461b-9b21-22667b2f1d8c,7944159.260541415,7944159.491250321,7944171.302110939,2293,200,0.2307089064270258,11.810860618017614,224
3bb715f5-f2cb-4abd-a4e1-24b71ad1514d,00d31eb0-b908-4fd8-b7c3-40330a3b5089,7944164.260332791,7944165.154707854,7944171.973735068,4895,200,0.8943750625476241,6.819027214311063,224
a8799d9c-c9a5-43f1-9178-169e23055ba0,11930aa0-eecb-4b90-8321-5576b64783b6,7944162.261086611,7944163.22882121,7944172.004575806,5789,200,0.9677345985546708,8.775754596106708,160
1fa7825b-9bba-4c2d-a48d-515d811543ff,22d7558f-2436-464f-b111-4724e2f322d1,7944163.260287199,7944163.460225249,7944172.121298303,1852,200,0.19993804953992367,8.661073054187,224
998498a2-5c16-4709-87d5-5d750852c53f,601ebb0f-02ad-42e7-a626-7ebef638a847,7944160.260463862,7944161.13316598,7944172.251077587,5834,200,0.8727021180093288,11.117911607027054,192
b8bf753e-98b3-4051-b48d-d8eb1f962f9c,af4b1375-aefd-45d5-8a5c-3dd4d84c4dc4,7944163.260291664,7944163.800181437,7944172.276845562,5943,200,0.5398897733539343,8.47666412498802,160
0cea53a6-3aa6-4592-b49c-e43f9c52c9d8,eecbcd88-7743-4e34-95b6-1c67dec9ac89,7944160.260445012,7944161.076904405,7944172.284198941,5208,200,0.8164593931287527,11.207294535823166,224
82f64324-b931-4d4f-a2d1-ca7f54a333f6,faaf4675-e336-4c29-ba22-f21742dac9e8,7944162.261071794,7944162.860809968,7944172.882243091,5827,200,0.5997381741181016,10.021433123387396,160
2fb95fce-7bb1-4b8c-abc0-ad0fbeb5110e,b445a6a6-6bdc-421a-87f2-2617512f76b6,7944164.260329806,7944164.381486669,7944172.885544891,453,200,0.12115686293691397,8.50405822135508,192
1c472ea8-d7b1-420f-a8d2-799c2e4d636b,e1a9d263-ac30-4000-851a-1dbe52fb62c1,7944159.260531668,7944159.7756984485,7944173.341259188,5871,200,0.515166780911386,13.56556073948741,176
088322aa-7d68-4af1-8a10-f7b2ec8b40cf,d98c265f-698d-4cb1-87ed-52317461cdc6,7944161.26035414,7944161.690501216,7944173.376573076,4534,200,0.4301470760256052,11.686071859672666,16
b779b512-10c2-4ebf-b246-66906a4ee43e,c1aa437d-4a45-48f5-a4ba-fefa5588951c,7944164.260323385,7944164.65841148,7944173.820920972,3769,200,0.39808809477835894,9.162509492598474,176
dcb3f6ed-c038-4427-8832-bdfd02ef8767,c7cca2ad-dffe-41d6-b385-7183a58fe0c3,7944164.260314043,7944164.961503873,7944173.897886706,5782,200,0.701189829967916,8.936382832936943,176
35432e40-8c64-4751-b80e-0e4174caedbd,6cbbb375-c940-47eb-bdbe-1c9292cd44d7,7944165.261346557,7944165.517324158,7944174.055251398,2782,200,0.255977600812912,8.537927240133286,16
0e17e9da-3375-48e9-9cc9-a2c27d85e36c,e4739dd6-a5ff-40d1-b9c1-1c5ea193b984,7944166.261287601,7944166.475445537,7944174.581644574,825,200,0.21415793616324663,8.106199037283659,160
92214ef2-364e-4d9a-8c8a-a0a1813800b5,991fa4e9-1892-43fb-931e-c1ec446cf34b,7944165.261328325,7944165.7696392685,7944174.7250364125,5890,200,0.5083109438419342,8.955397143959999,192
ae0ace78-eea8-4bb3-841b-5c2c7883689e,02107f20-0300-4036-b19a-172388159a40,7944165.261343353,7944165.861397756,7944175.003216627,3857,200,0.6000544028356671,9.141818870790303,176
8eb7bb0b-88e9-4b9c-8cd1-747eb34b2ca7,b902c569-6d37-4ef4-a557-c9d749da88cb,7944167.261219361,7944167.607396613,7944175.339368863,513,200,0.346177252009511,7.731972250156105,512
e760660f-5e61-4b46-8789-9ea2879c0729,7ed7ebb9-c4ac-496b-a503-cbbd0dad0d9e,7944162.261079046,7944162.878587963,7944175.347473572,1710,200,0.6175089171156287,12.468885608948767,160
bb5ee0aa-f442-4e57-820a-d0852ab18f2f,2e76d9eb-980a-47df-9ceb-2b36e3fdbeb7,7944163.26029506,7944164.185089117,7944175.767452449,5885,200,0.9247940564528108,11.58236333169043,176
2e5e4870-ab38-466d-9c83-c1261a5426e3,dfe44e20-e90e-41c0-877e-c3fbc36bc1f8,7944166.261277581,7944166.452353428,7944175.837390453,662,200,0.1910758474841714,9.385037024505436,160
2bffc756-7ef0-437a-8d08-f1a41e9bdad9,232da153-6f07-41c5-b184-6a34c8861a3c,7944164.26032661,7944164.8024253305,7944175.962662024,5678,200,0.5420987205579877,11.160236693918705,224
d11ab63a-3403-4391-a399-d00b604023e6,74a8d097-f062-41b6-8205-d784bb153261,7944167.261230104,7944167.967936505,7944176.004426459,1685,200,0.7067064009606838,8.036489954218268,160
ae5d209f-fd0a-4be8-833e-261aee561321,a2a378e3-be1f-4c30-b726-cf946c531dee,7944167.261206172,7944167.971279729,7944176.046763632,5903,200,0.7100735567510128,8.075483903288841,192
1767728d-6529-4d37-8f89-20ff64788c47,debcae99-6b94-4209-9a6c-8a0c04c50046,7944167.261233691,7944167.999467305,7944176.060865826,2868,200,0.738233613781631,8.061398521065712,192
f4679246-bb1f-4faa-ba36-588353067624,ae3515b7-b2c3-4055-9fee-cc35030fc4b2,7944168.260786649,7944168.7766332915,7944176.708890666,1965,200,0.515846642665565,7.932257374748588,176
d64275bf-9712-4eba-81ae-ac8ca650862b,675afd83-9b5b-45b7-9f5f-7e5d89f0c9f2,7944168.260765208,7944168.767704117,7944176.907021067,2488,200,0.5069389091804624,8.139316949993372,176
49a7fb0f-0b7e-454b-91fa-7c96a5e1531f,af45b936-e0fc-4b4b-a8e6-2c2ce81710a0,7944168.260746595,7944168.592956181,7944177.005512163,1477,200,0.3322095852345228,8.412555982358754,176
0903f378-ecab-4e50-a38d-ef18205e3679,da124fb2-ca2e-4440-92f2-d93236ae14d2,7944168.260772726,7944168.589978892,7944177.003294547,1379,200,0.32920616678893566,8.413315654732287,176
32b41a27-7535-4b40-b7b9-75ae597d1fbd,26b09503-47de-4a7a-a705-35fe368c5074,7944169.260468405,7944170.035795725,7944177.206875983,4209,200,0.7753273202106357,7.171080257743597,160
35ed184c-6380-4f0c-8309-395430159264,162bb746-0925-436c-8c6b-25f181810fb2,7944162.261075471,7944162.922192576,7944177.320648506,2380,200,0.6611171057447791,14.398455929942429,176
2b09c2e2-a3dc-4b14-b7f4-7b00dade25fb,20137c1a-ca8a-4457-a308-ac224059e1dd,7944169.260461551,7944169.751154924,7944177.58791722,5170,200,0.49069337267428637,7.836762296035886,176
1009c969-64ac-4570-afba-2c34e089b595,632c53ab-a30f-443e-8a55-e9907563136d,7944170.261126944,7944170.828211233,7944177.701968417,1130,200,0.5670842891559005,6.873757183551788,224
7c315023-71d0-4837-94b0-f073dbce36d2,f75aa301-f7dd-4da5-abac-17906f66550b,7944167.261227754,7944168.98407854,7944177.889838532,2952,200,1.7228507855907083,8.905759992077947,176
abd27c21-04e2-4991-8d01-364514f07493,75ce5d63-f5dd-4ba1-b1f1-9c1cc84309a9,7944165.261349215,7944165.845497531,7944177.911796229,1363,200,0.5841483157128096,12.066298698075116,176
9a2ad934-00cd-4a91-9365-fbd9585c2751,3e53059f-27ed-453d-a3cb-045b4aa7f847,7944168.260769225,7944169.123461794,7944177.915655128,4258,200,0.8626925693824887,8.792193333618343,224
071a7a8e-e03b-4c4c-923a-c3b9195e54a9,137ad8cf-63fb-4db5-bb47-7e4c09778b00,7944167.261222809,7944167.897787776,7944178.023748928,6042,200,0.6365649672225118,10.125961151905358,176
5f27692e-882d-4190-94c6-dfbb170299e9,2a455136-68a7-4f2e-ae04-e584f979ee34,7944171.261786367,7944171.659023562,7944178.120068704,4746,200,0.3972371956333518,6.4610451413318515,176
f13afbcc-f4b4-435f-92dc-03b2b3cc73b8,cf53ec7b-8773-48c4-bfea-fbe3da37a269,7944169.260457944,7944170.188931536,7944178.142262237,5902,200,0.9284735918045044,7.953330701217055,160
17ea3caf-8a4b-4fce-970d-447d3c576c28,6a75316e-7972-4cf5-9574-a4ab90aeb5f1,7944170.261129536,7944171.141322156,7944178.197169017,5187,200,0.8801926206797361,7.0558468606323,176
34cb760d-bb9a-4237-974c-349b14459a7b,d53c43e4-30f8-4bde-bd5b-7dec2dc7004c,7944170.261123727,7944170.969706105,7944178.301539296,2408,200,0.7085823779925704,7.331833191215992,192
9ba36507-25bc-4693-b924-6af5d9496d02,cef881df-c2a5-4400-b32f-b3f0ea1210d5,7944163.260276293,7944163.756068994,7944178.314320287,5371,200,0.4957927009090781,14.558251292444766,224
7ff44dce-50b2-4f83-bbad-d48fe82ab7d2,844a87c7-258d-4606-b701-dd25f9c331ff,7944167.261225554,7944167.853874276,7944178.965865459,5824,200,0.5926487222313881,11.111991182900965,160
51c50c57-b781-46ca-8697-1e34975dae12,b1150a5d-89df-4036-90e6-c349a59a71a3,7944170.261112093,7944171.411539156,7944178.985453422,5817,200,1.1504270629957318,7.573914266191423,224
6f9452cc-c3f8-401d-86b8-6a4b40763c26,f930fe97-9b9d-4eda-a442-77a83ed574c8,7944170.261135338,7944171.404638097,7944178.981496512,2554,200,1.1435027588158846,7.576858415268362,160
93de9e58-209a-4eb8-abbe-3cbfbaedee7b,3047d0dd-5a9d-4d90-be11-b1eb806c0a55,7944168.260758761,7944169.166929849,7944178.9963973705,5869,200,0.9061710881069303,9.829467521049082,160
83cd50fc-e085-4a1c-99bd-e26a3bc761b3,c3d496a4-2080-4ec5-b544-6c3443dffdf3,7944171.261789833,7944171.753100706,7944179.006539722,4418,200,0.4913108730688691,7.253439015708864,176
049b1311-5eac-414b-b63c-2173d3dcdb1c,8ae210f3-b09b-4bc9-9dfb-bcc885974677,7944168.260779909,7944169.394971555,7944179.016099107,5040,200,1.1341916462406516,9.621127552352846,224
a1b09146-351a-48c1-8b43-e62948b11cb0,136c09df-f87e-45ff-b30d-813886566a5b,7944169.260442379,7944169.842065275,7944179.0446516285,5817,200,0.5816228957846761,9.202586353756487,192
77950b7f-4086-4fce-a283-147254ccc5bc,4b6ac81e-dcab-4d4b-86b0-55cc757e83a1,7944173.260628645,7944173.992063512,7944179.14793262,6145,200,0.7314348667860031,5.155869107693434,160
c8ec58ca-a248-420f-901e-34c453ffeadb,818f34b1-81e6-4dc9-8896-079af3a673ea,7944170.261115596,7944170.841476824,7944179.605159705,5116,200,0.5803612284362316,8.763682880438864,192
952b2efb-80f1-45f8-abb4-83ca998f52b6,c51e1c93-377f-4846-81a1-14e5879a721c,7944172.260752752,7944172.693921474,7944179.739038793,4458,200,0.43316872138530016,7.045117319561541,160
ff8deedd-88ce-4020-947b-543be22e5393,6765a657-895e-4f86-948f-60d5c92ec33b,7944172.260759234,7944172.986025652,7944179.774342911,5628,200,0.7252664174884558,6.788317259401083,176
83d8ac68-67e7-4eea-9c52-8573df461a55,02040ade-ed2d-491c-ad7f-c7feac81e298,7944168.260789714,7944169.229196442,7944179.857386949,536,200,0.9684067284688354,10.628190506249666,160
d2d9f3b9-9f1a-486d-9a38-3e89863d7444,a9ee696e-7782-458b-b0e3-a5f993f4a8eb,7944168.260762387,7944169.235623412,7944179.864415802,5869,200,0.9748610248789191,10.628792390227318,176
215f7135-d053-42b8-95fe-824d6b68f678,f21c3799-f3ff-498f-be2e-8982bdfe2ecd,7944174.261147533,7944174.400515872,7944179.941229931,1059,200,0.13936833944171667,5.540714059025049,192
3dde5f6a-32a2-4f94-841b-497ac1504d62,d98c265f-698d-4cb1-87ed-52317461cdc6,7944169.260454064,7944169.508323839,7944179.966984928,4483,200,0.24786977469921112,10.458661088719964,2240
1cec364b-3275-42b0-97f2-7497df06cb4f,ae04581e-61a3-4e13-a5d3-988c330d8c3d,7944172.260762789,7944172.812037929,7944180.0057496,2001,200,0.5512751396745443,7.193711671046913,224
1ff7e108-c9cb-4c05-b9e5-62f5cfa586f8,7a77a142-6294-4d46-b6bf-f820bc0585c9,7944171.261794143,7944171.794690114,7944180.090695496,4456,200,0.5328959710896015,8.296005381271243,160
89ffac30-6220-4a95-9d10-5d45802b0be2,5ddff232-d368-427e-9376-43248f95b38d,7944173.260615185,7944174.258708431,7944180.191141616,6029,200,0.9980932464823127,5.932433184236288,160
eb6d9319-2a65-4d8f-806d-6bb4e65eb1d3,2264bba4-daf4-4a00-be9a-8bc82e601070,7944166.261292128,7944166.946551883,7944180.337819028,5759,200,0.6852597547695041,13.391267145052552,176
cf05e6bb-6bfb-4b97-b787-e076f09c1f00,5cfe068c-bdac-4693-905b-190923e1087c,7944170.261117991,7944171.214195554,7944181.092710188,5918,200,0.953077563084662,9.878514633513987,224
20b5eef4-aa83-470a-818c-4bc668b985db,fc991f32-f1b6-4afe-ba3b-a472773d0110,7944171.261797704,7944171.38445528,7944181.184870489,1101,200,0.12265757657587528,9.800415208563209,192
e50b2091-e8e3-4f7f-a753-b9a29c1765b2,4da709ff-bf01-49a3-8bc5-9118019904f4,7944167.261236655,7944168.37403009,7944181.198350303,1998,200,1.1127934353426099,12.824320212937891,224
7226e25e-2cfd-49ee-aa34-7d39b4bb7f2e,41128b96-fd4a-4c4f-ab0e-4f0be9d70919,7944168.260783418,7944169.290571271,7944181.253436638,5943,200,1.029787853360176,11.962865366600454,192
f1a27442-277e-4a97-b18e-716f5dd8e41a,c8ae7276-50d3-44bc-9777-36df0eb5b9e7,7944175.260410268,7944175.817587695,7944181.643560926,1346,200,0.5571774272248149,5.825973231345415,176
22a21db8-7390-4294-9cfc-bad34c57a6ab,00237d17-5a7a-4844-95a2-634553f9bde7,7944169.260464878,7944170.119281324,7944181.71632795,4199,200,0.8588164458051324,11.597046626731753,160
ae098d17-20a3-4b47-baf1-1a6d3519a99b,5d14739b-be72-4e70-bb9a-d4af5e7ae4cb,7944175.260416098,7944175.530272592,7944181.721723962,484,200,0.2698564939200878,6.191451369784772,16
f2affb92-80ba-443d-8c48-80e7ed9bd1d0,2fbb6b5f-bf1d-45f9-9224-c8b21ba8135b,7944170.261120518,7944170.848725784,7944181.924704571,6012,200,0.5876052659004927,11.075978787615895,160
6b220260-750f-4e4c-bb78-aefb60279fff,db1fb291-ef7d-478a-9b73-48146f6a8cd5,7944165.261338886,7944165.764999985,7944181.9696327895,5866,200,0.5036610988900065,16.204632804729044,176
f321f101-556a-4155-b580-b60d68f6557c,9728b43f-13e5-4f1c-b6d4-40db13828d76,7944172.260743919,7944172.796081187,7944182.005559557,5992,200,0.5353372683748603,9.209478369913995,176
7a99d81f-571a-44f0-ae51-48de68d171f3,80c2eab9-93f4-47c0-9f83-f790c22d62f2,7944174.261150579,7944174.590307722,7944182.109214245,1564,200,0.3291571428999305,7.518906523473561,160
578e4914-25a7-4b5c-af77-3f9a5333dfd1,50a0f783-38f6-47fa-851b-c29341137a2e,7944171.261772216,7944171.448365437,7944182.771145819,1507,200,0.18659322056919336,11.322780381888151,224
96a30384-11d5-42f2-beff-84dd82b932eb,70040244-0ba8-4018-b9e4-d79962cfab6a,7944172.260756364,7944172.976738535,7944182.877779812,5847,200,0.7159821707755327,9.901041276752949,224
d65549f8-1343-4534-a1a1-95872e1c76c7,6a0ac87a-e917-4b52-bf8d-10689801e4bb,7944176.260556278,7944176.716060857,7944182.967622472,1953,200,0.4555045794695616,6.251561614684761,192
0abcf20d-e177-4f4d-a8b0-dee6d9dd18fb,072cf49e-ac0d-4d29-b3db-cf9253ebe3e7,7944175.260399864,7944175.787590571,7944183.016011782,5294,200,0.527190706692636,7.228421211242676,176
607beb5a-2185-487f-b6d3-aad18004e4c4,ff8466f7-de60-44e6-b2a7-a144e2002d89,7944177.260464723,7944177.755236418,7944183.884770434,1672,200,0.4947716947644949,6.129534016363323,192
dc62a9fa-17ca-4ece-a999-a61242c43965,a35eff54-0468-4997-8e6d-961bb789708b,7944175.260413336,7944175.867364183,7944184.028729266,4321,200,0.6069508474320173,8.161365082487464,176
7bff4d7e-4863-4a70-a8e4-f33ea1e95b1f,eac5587b-55b3-49b5-8265-c3df2ced853e,7944177.260467054,7944177.577089657,7944184.161700682,2116,200,0.3166226027533412,6.584611024707556,192
585f47e0-b269-4c44-9c3d-3c4bb406cd46,173d8474-31a7-49c9-a766-796c9ce56475,7944177.26045249,7944177.579461419,7944184.164523957,1533,200,0.3190089287236333,6.5850625382736325,0
9ba667ef-67cf-4b2e-b3ec-14b71df646e2,0759bb94-aa77-4047-8f94-34cc9c62436b,7944167.261216055,7944168.219847045,7944184.358351083,6015,200,0.9586309902369976,16.13850403763354,192
b51867a0-a9f3-4a66-9e58-06a690c788c7,e9333846-4b52-4552-b7b0-49ce8f3d396a,7944176.260564208,7944176.838350066,7944184.652357647,1238,200,0.5777858579531312,7.8140075812116265,160
39cd8dd7-dde1-4c2a-a52d-2751bd4a1ab1,f259acc7-014b-45ee-b116-6c5a67d0b3dc,7944174.261156832,7944175.18482259,7944184.734591804,5872,200,0.9236657582223415,9.549769214354455,192
e8b89a10-a43a-428a-97ce-088a81bc87fc,715e64e0-0181-41a0-b6a9-c164d566d676,7944168.260776281,7944170.085806471,7944184.882581298,5763,200,1.8250301899388433,14.796774826943874,176
bff3f6ad-9ff5-409c-af1d-cb91bfc35eaa,8f095d32-b382-490a-af2a-f42225c16ffb,7944169.260472461,7944170.22013049,7944184.909921585,1093,200,0.9596580294892192,14.689791094511747,160
a2b7eb0b-69b8-4b9a-ac63-9c5e9863a8a8,9ae48b4d-09e7-477a-96c8-ee9b319e707d,7944174.261153653,7944174.77777571,7944184.924562422,3623,200,0.516622057184577,10.14678671117872,160
06a5e02a-ea40-4c20-a352-c13775b41b79,6f45b8a4-e423-40e0-b44c-2370d1158913,7944170.26110215,7944170.81105141,7944185.0847784635,5882,200,0.5499492594972253,14.273727053776383,192
59008efb-ceb3-4ad6-b5fa-1ae24500c9cf,e793cd05-3809-4e36-8e78-d44bc000c93e,7944173.260625394,7944173.887692095,7944185.097717338,5907,200,0.6270667007192969,11.210025243461132,160
8f94b5b1-0367-43a9-8d7b-257a4516dc4e,43515880-6b47-44ce-ad5a-c143292b1649,7944170.26113232,7944171.241330716,7944185.10791847,5812,200,0.9801983954384923,13.86658775433898,160
f9b1d0ae-a723-4049-a9df-356584b4d975,98e40854-fda9-45ca-9e6c-4ac9446438f6,7944171.26178266,7944171.596422168,7944185.229332356,3366,200,0.3346395082771778,13.632910187356174,160
0ac6908d-3904-430f-aa61-157d1805f00f,b895349f-c004-4a48-815c-1924c7a2fa77,7944176.260570134,7944177.365969636,7944185.759977017,2846,200,1.1053995015099645,8.394007381051779,224
e8019719-dd05-470b-becf-51a6de79faf5,6f4051d6-8003-4af8-be6a-137219b04ba5,7944177.260461803,7944177.7984189335,7944185.785185271,5722,200,0.5379571309313178,7.986766337417066,192
99635f7c-90c8-491c-965a-140242e309a8,4caafacd-2ab0-4466-94b7-7cb54f0a4414,7944179.260447235,7944179.471011791,7944185.787139682,719,200,0.2105645565316081,6.3161278907209635,176
09e3a26a-b879-4fa8-9700-6b6fd05cd2e9,e75457ed-6df5-4031-9265-1be7e8cbd160,7944175.260425811,7944176.077519583,7944185.821311171,4424,200,0.8170937718823552,9.743791588582098,176
a9c6e8fc-9aef-436e-aa11-d078344876fc,b23331f5-cf25-4f3d-bb0a-0b712f6627c0,7944178.261147636,7944178.575802278,7944185.855229868,3943,200,0.3146546417847276,7.279427589848638,176
f870e15b-2428-41a9-924b-127c042b44cb,a30e4ed2-239e-4a1d-86d1-60a097e7cf74,7944174.261134555,7944174.704355134,7944185.943791072,5051,200,0.4432205790653825,11.239435938186944,160
77effcb3-78cb-4d9b-b605-e36c72b658a4,307c55d5-8ee9-4aec-850b-cee5f644152a,7944176.260567024,7944177.00667678,7944186.1220600335,6671,200,0.7461097557097673,9.11538325343281,192
bb8295a7-7a17-4367-839d-f0cc7b57b1b1,b2e5c2f2-ace4-4fcd-a84f-e1ad661d87cb,7944179.26043619,7944179.776324561,7944186.6491108835,4034,200,0.5158883705735207,6.87278632260859,192
afb186c9-2906-4df3-a25c-24dc0b06849d,d07b83df-645d-4c89-b424-6beeea5eeb8f,7944175.260422541,7944175.782006166,7944186.98070356,3879,200,0.5215836251154542,11.198697393760085,320
981906bb-a6b1-41be-8b8c-e5f638263ea9,b156fb7d-49c2-42ff-b314-9556d3052ed5,7944179.260454686,7944179.879671302,7944187.207962271,5881,200,0.6192166153341532,7.328290969133377,176
5673180a-d947-40d8-9de4-921e2184b8eb,9f8fc93a-62fd-4685-beff-f86268053404,7944173.260632945,7944174.028709713,7944188.907879951,5763,200,0.7680767681449652,14.879170238040388,160
30082a3f-a4a8-498c-9b87-7ee40f10bfa5,844a87c7-258d-4606-b701-dd25f9c331ff,7944180.260996452,7944180.810312561,7944188.990709485,5824,200,0.5493161091580987,8.180396923795342,160
d2c00e92-0793-4cbd-a0f2-62072c3ee35a,773fcc75-711c-4081-bfea-8e9f5d5f8c42,7944176.260545431,7944176.865326763,7944189.016533565,999,200,0.6047813324257731,12.151206801645458,160
b10b057b-5ece-4018-a3b2-c3ffa0cf3385,8f571481-bb6f-4a50-ba89-2ea91233c37d,7944174.261143841,7944174.783930534,7944189.025375304,5818,200,0.5227866927161813,14.241444770246744,160
6c4f882d-9573-4a6e-a595-79666aa9117c,91e22163-b1ce-41e5-803d-070d44488e41,7944181.260679064,7944181.785326598,7944189.262616561,5810,200,0.5246475338935852,7.47728996258229,192
9de46a32-1ec5-401a-9a3c-def2db2540ab,929b8a4f-ae3d-429e-830a-f69897f7f505,7944175.260418872,7944176.136310196,7944189.976698974,5409,200,0.8758913232013583,13.840388778597116,160
72cdca24-37cf-43a9-a835-6b9a0555e9a7,a0ee44f1-f36b-4a6a-bf7e-a9a8c8f79820,7944180.261017955,7944181.145985999,7944190.1202866435,5926,200,0.8849680442363024,8.974300644360483,192
38a906c3-39c4-460c-b628-4587c3892755,32bb63f5-0400-4e7c-8e6c-cb23dafc8d9e,7944182.260539102,7944182.840057738,7944190.140019326,1378,200,0.5795186357572675,7.2999615874141455,192
a88ca770-edd6-4ad8-8e8a-093f734839f2,48f00f11-d6a7-4d60-b710-9751910c2b29,7944181.260669314,7944181.757401425,7944190.18976779,5918,200,0.49673211108893156,8.432366364635527,176
6f72a81f-475a-4d46-be50-de1f47aee222,79338fbe-7a95-4ad0-8c9b-b64cc73ec957,7944176.260559865,7944176.885694877,7944190.214600113,5764,200,0.6251350119709969,13.32890523597598,160
647c8172-e08d-4703-9582-a2c8cc6e5784,bc5c74d8-eb34-4a1c-8ed5-ee4fc1418410,7944180.261010755,7944181.19925284,7944190.683600999,5937,200,0.9382420852780342,9.4843481592834,224
e7c93078-e9cc-4884-bb26-b782f2a335d4,f17a4867-8187-4bc8-b761-c5e2f43461f5,7944182.260521097,7944183.191543125,7944190.692640513,5887,200,0.9310220275074244,7.50109738856554,160
68336f63-5a45-49ed-9eb4-af16890d75c5,eaa14318-4f95-461e-9213-5b24ea716730,7944181.260675965,7944181.886814922,7944190.828121956,5148,200,0.6261389572173357,8.941307034343481,160
430e8b58-b5f4-4b00-8773-b10ab235cf11,b914fbd6-a087-4d90-a0ed-605abdc8a06a,7944183.260929909,7944183.811916317,7944190.843356193,5885,200,0.5509864082559943,7.0314398761838675,176
20885bce-063a-49de-8060-204d38be8c8c,f08a5a98-ba52-4eb6-9dfc-c3e02b3c3c96,7944183.260969915,7944183.945447113,7944191.051856589,5937,200,0.6844771979376674,7.106409475207329,176
be31bf04-3f90-4cad-a6a8-f20c5e960119,c494ad38-eca5-4234-ab94-6b47ba0ceac5,7944179.260451595,7944180.294217686,7944191.148598643,6094,200,1.0337660908699036,10.854380956850946,192
98b6dfcb-57b3-40bd-88b1-7a2abccfe9b6,94d515a9-ef0d-42ed-ace0-0af11d850115,7944184.26105292,7944184.508156846,7944191.267805029,2351,200,0.2471039267256856,6.759648182429373,224
5406e139-88cd-4ee3-9041-2746d14ba52f,efedac55-57dd-4acf-9f7e-f6bbd7243fbe,7944184.261030151,7944184.832159379,7944191.272128895,1412,200,0.5711292279884219,6.43996951635927,224
51ef7c9d-f725-43e8-a3c7-12088dddf703,4bf9a1b8-5289-460f-817e-659616fb5993,7944182.26054229,7944183.271402764,7944191.353099524,5862,200,1.0108604738488793,8.081696759909391,192
d5d7ac8a-3aef-4a72-b5d9-003fc6673a04,c4f07ea1-4aee-4470-b000-7059f3c69f17,7944182.260545557,7944182.995054113,7944191.535476014,5738,200,0.7345085553824902,8.540421901270747,176
9123d894-e6e7-406e-a79c-1ee832aed1c2,1958dd0f-5de2-4626-bca0-02cbc78c8aeb,7944184.26104897,7944184.501466506,7944191.54024326,2390,200,0.24041753634810448,7.038776753470302,192
29817645-d949-4c24-9e57-e8b4dc0f5545,cae64ee8-4011-44ef-9331-c924f5e429be,7944184.261056447,7944184.732165536,7944191.872326278,3090,200,0.4711090885102749,7.140160742215812,176
0e065f18-8b33-402a-bbad-e0855b3e6dc3,bef48969-2881-4b72-aae0-5d83261314a3,7944183.260973071,7944183.931565946,7944191.912168174,5714,200,0.6705928752198815,7.9806022280827165,192
8b4e88ea-5329-4923-a2d3-44f7ff1089c1,169bfd1c-b54b-4a03-b40f-5a304abd2cb8,7944185.260452287,7944185.648104854,7944192.266685669,3919,200,0.3876525666564703,6.618580815382302,224
07c5f5f5-7117-4911-9f63-f904fc81a09d,773031a0-4df5-41b1-9031-e9c5d037efa1,7944184.261045201,7944184.450714758,7944192.300330188,1819,200,0.18966955691576004,7.84961543045938,192
edbad62f-2d9b-476d-9828-fb71db64b880,81cbfa98-5491-4e8d-8566-7ecb5f746ab3,7944185.260462704,7944185.715484194,7944192.464202236,4942,200,0.45502149034291506,6.748718041926622,160
c0f83587-128c-4e3c-9552-9fae4af1d88d,51d7aec4-2dba-42c1-8f75-3193d8c9b3b1,7944182.260532211,7944182.769502211,7944193.058013203,389,200,0.5089700007811189,10.28851099126041,176
42ac006f-ddaa-4858-b928-b223d2cb5f37,47290926-f76b-42a0-b6b0-95ae3ac5a196,7944186.260639682,7944187.034851907,7944193.100269869,3457,200,0.7742122244089842,6.065417962148786,288
62886914-a84a-4124-a785-e73041e9ac2b,2b0b6d27-8a7f-458e-8a26-26ecad67cecb,7944185.260466087,7944185.50285509,7944193.233047352,2635,200,0.24238900374621153,7.730192261748016,288
11690593-8877-47a2-8017-6920e3d5adad,0a2cf870-c626-40f4-b60b-226c661f4b33,7944186.260646092,7944186.383193323,7944193.312125682,931,200,0.12254723161458969,6.928932358510792,192
385b4285-4dd6-495b-a9fd-a0bbca4e7c20,7262c41e-02eb-45c0-b19c-64f63c95cfa5,7944186.260643258,7944186.838963475,7944193.322386351,4934,200,0.5783202173188329,6.4834228763356805,176
9b5e645c-d413-4dc0-97ac-750c4b80f928,0fd4279a-26c5-4067-ab88-75febf63597d,7944180.261014449,7944181.433950311,7944193.673338845,5863,200,1.1729358611628413,12.239388534799218,176
d9475699-f579-4921-b990-cc86a61a521c,40f892a5-678a-4f13-86dd-ca6b794f94a2,7944183.260950298,7944184.232360552,7944194.035501497,5982,200,0.9714102540165186,9.803140944801271,224
23f8a990-cebe-4e38-91db-bd06edb2bbe3,5974b26c-9c91-4e54-8f64-6f0a30771880,7944184.261041565,7944184.762625792,7944194.129139262,5792,200,0.5015842271968722,9.366513470187783,192
936844e1-e005-4d02-a473-629b19df9614,e75457ed-6df5-4031-9265-1be7e8cbd160,7944187.260388829,7944187.419674845,7944194.131831237,4563,200,0.15928601659834385,6.712156391702592,4384
38583cf7-d57a-445b-a795-6cb3773c030d,0a8f817b-a718-410e-a942-023e11cee743,7944182.260536021,7944184.020784166,7944194.898652171,5409,200,1.7602481450885534,10.87786800507456,192
250ea863-7b92-4db7-9f1f-44b1fc26b3ac,4da21daa-8a49-4a80-bd67-891784e7c623,7944188.260892199,7944188.623175298,7944194.972429375,442,200,0.36228309851139784,6.349254077300429,160
39fb9d19-8c3e-44fa-9a53-afbdc7896520,97e6ae57-69da-4647-a7d0-d90457e6abcc,7944187.260392404,7944187.866072271,7944194.976988806,1065,200,0.6056798668578267,7.110916535370052,192
97e0d748-5cff-49cb-876e-80d73da2f9b3,3c65feda-6cb4-427f-8794-100421de1d7c,7944183.260966951,7944184.356018161,7944195.046664306,4591,200,1.09505121037364,10.69064614456147,160
ae724c78-9478-46f1-99da-69c601fc2e5a,9cc9f7c7-21b6-4049-9427-8e83dd93cba6,7944188.260895793,7944188.919650011,7944195.105926225,5708,200,0.6587542174383998,6.186276214197278,176
3fcc28c0-4b68-48e9-9e55-5612d61dbe1e,6cbbb375-c940-47eb-bdbe-1c9292cd44d7,7944187.260385121,7944188.380968336,7944195.156161571,2848,200,1.1205832147970796,6.7751932349056005,288
9438b699-0714-4e02-ab16-2d6232114581,4101a5fe-666e-4384-a477-c0dd5e15c3ca,7944187.260403244,7944188.377759538,7944195.153102627,5632,200,1.1173562938347459,6.775343089364469,160
df979373-275f-4849-a3ae-c80c2e2e9896,0d6cfb7c-9564-4e6b-96ab-aec695811479,7944188.260902468,7944189.2021460235,7944195.765312708,5685,200,0.9412435553967953,6.563166684471071,176
d6f4247b-d5be-4427-8d14-58aa77579c9f,187f15cf-abd4-40d5-b327-1bd0cec63671,7944187.260395387,7944187.769115024,7944195.806909746,3313,200,0.5087196370586753,8.037794721312821,176
66d39d5f-d479-4d55-babc-4fb6cca91ce1,541e44f6-83d2-4cfb-ad3d-1b894b8a8520,7944186.26062963,7944186.7973727025,7944195.960540841,5940,200,0.5367430727928877,9.163168138824403,160
34678d1b-5b41-49d1-a35b-dc61d5afb374,f8121c93-55c9-4862-98f6-419e36d71ff7,7944189.260768847,7944189.53542319,7944195.988452608,3237,200,0.2746543437242508,6.453029417432845,224
1479f68a-44bf-4d3f-a772-ad80a8c22e78,4dc898de-9d0d-4eef-9608-2e7f5c017b44,7944188.260880873,7944188.948983821,7944196.179389646,3238,200,0.6881029484793544,7.230405825190246,192
30739169-7dd3-4dee-9c13-4348175a322d,faaf4675-e336-4c29-ba22-f21742dac9e8,7944187.260376183,7944188.344644629,7944196.680315519,5827,200,1.0842684460803866,8.335670889355242,224
6b630a1f-e1cb-48e6-a8e6-b76dbbbfe2e9,558d1a32-11e7-4870-b268-20a3c0b14d67,7944188.260906013,7944188.867064558,7944196.6991317775,5803,200,0.6061585452407598,7.832067219540477,160
c044f435-b44b-4dda-b353-7f50ea474c07,2375aed9-bf2b-4d31-b02f-4651375f6697,7944188.260899125,7944188.77949653,7944197.0281233145,594,200,0.5185974054038525,8.248626784421504,176
2c0ff7f8-3348-4079-a13e-ee6152be4463,81acfaa0-e241-4b9c-b637-2033ffdefae4,7944190.260385069,7944190.415874664,7944197.596746457,1488,200,0.15548959467560053,7.180871793068945,192
6d783ed9-d745-4372-a4a0-838c7a8a8f79,eecbcd88-7743-4e34-95b6-1c67dec9ac89,7944191.260694202,7944191.807896231,7944198.065739095,5208,200,0.5472020292654634,6.2578428639099,224
1891e839-7fe4-4133-b07b-b3ffb2ad12d6,ec13b1d0-76b0-4b76-b16c-1f1ba5a32e9c,7944189.260778538,7944189.666848983,7944198.161318731,4392,200,0.40607044473290443,8.494469747878611,160
2e50b30d-51cf-4f17-a75a-cf37cb8a1a93,b6bb5bde-4df9-4ac5-915a-1165c2f7fe8f,7944190.260381421,7944190.484851762,7944198.164851494,2376,200,0.22447034064680338,7.679999732412398,192
a8872c10-7f40-4890-a79c-8f7097ccad6e,8205a582-0870-4530-86d0-ed900328ac62,7944191.260674214,7944191.766340761,7944198.2881627325,5938,200,0.5056665474548936,6.521821971051395,176
a7228881-0a72-4faf-ad86-539ff42f0aa3,899c2615-9ae4-4ce5-91c4-b802b05ed50e,7944191.260697014,7944191.869905058,7944198.77311014,1666,200,0.6092080445960164,6.903205081820488,16
a8b887d2-8e62-4a00-93c7-00c5bbcac263,0883483d-ba52-4103-b119-afeaa09302ef,7944192.260767113,7944192.745159783,7944199.159109181,5744,200,0.4843926699832082,6.413949397392571,192
0bf8b0f8-c34b-4c5d-a7d6-e5377cb8092e,17f52023-20f0-4ba4-8129-16c153a0bb0e,7944192.260753491,7944192.624874601,7944199.270710284,4132,200,0.3641211101785302,6.645835682749748,160
ef4de77a-cc8f-4b0d-ba83-bcdd8f48b80a,1cb4cd2c-3d59-46ce-8a93-0db347afede8,7944190.260371377,7944190.439145512,7944199.273537431,1796,200,0.17877413518726826,8.834391918964684,192
9ed7bc82-0236-4db8-ad7d-9605ada586e7,4c23bd5a-bf9f-4ee2-a8bc-c19f72ea4b9d,7944187.260399328,7944188.296808091,7944199.565480301,962,200,1.0364087633788586,11.268672210164368,160
24ebbd55-7755-478d-b1d7-ab72452b523e,d98c265f-698d-4cb1-87ed-52317461cdc6,7944191.260691591,7944191.716794403,7944199.949508034,4473,200,0.4561028126627207,8.23271363042295,288
e29e3a91-916c-4ef5-9fd9-cd950a6e8d4f,0c5040f1-c2d1-426a-938c-7f9a128ef1a7,7944192.260771342,7944192.817565485,7944200.678991948,6468,200,0.556794143281877,7.861426463350654,192
74ed1da9-b593-4df2-9269-111f389b93c5,9bc4feee-617f-4059-8c66-f3a6b1d07f17,7944193.260657935,7944193.401806526,7944200.837330902,988,200,0.1411485904827714,7.435524376109242,176
fc0b61e5-49cd-4fbe-8782-4213b8516685,6e7cc52a-11de-432c-9428-ed0bba4d276d,7944191.260685408,7944192.025783683,7944200.990165526,4016,200,0.765098275616765,8.96438184287399,160
f5dc46ce-239b-4e84-bac8-6087a5c43f8f,a3c929d0-baa7-4945-b63f-33a6fc39fd65,7944195.261240692,7944195.761955026,7944202.040590695,3034,200,0.5007143337279558,6.278635669499636,192
4d0e1e77-64a3-49ca-bdb5-ba762793b92d,0fc32f2f-3791-4f05-a896-da6268fe53f9,7944191.260688846,7944192.091045992,7944202.6704849955,4273,200,0.8303571464493871,10.579439003020525,192
1bf340bd-44f4-4bf1-8aac-883eb320476c,70040244-0ba8-4018-b9e4-d79962cfab6a,7944195.26124362,7944195.783122782,7944202.839967192,5847,200,0.5218791617080569,7.056844410486519,5840
de40231e-f2bd-435d-9ce3-3a5ccfc2cecb,d361340e-7ada-4795-9f86-b45068834ca9,7944193.260653764,7944193.66669695,7944202.977271863,4333,200,0.406043185852468,9.310574913397431,192
a96d62d9-9c8f-4058-8379-1151160895a0,44ca5816-8d16-4e6a-83e3-4700fae7ed03,7944195.261253769,7944196.10214541,7944202.974751559,5810,200,0.8408916415646672,6.872606148943305,160
1c79bc6c-2fea-415d-8445-9b9249955013,31d93950-a967-42cb-aec0-6513d12008a1,7944196.261074461,7944196.577571026,7944203.952521773,2784,200,0.31649656500667334,7.3749507470056415,224
6159e603-e522-41fb-acc4-815bb4e02fd7,0f610880-6ddd-4017-bf17-27f18caf55cb,7944196.261064637,7944196.968246936,7944203.975980628,5540,200,0.7071822984144092,7.007733692415059,160
37faa5ed-5c25-47cb-8d5a-955225b61f20,e10a6047-966d-41f5-9abd-eada18afadd3,7944197.26119658,7944197.855029255,7944204.078400804,1692,200,0.5938326753675938,6.223371548578143,176
b26c1dca-fa90-4256-a017-fb2d107f341a,ce4d3f5a-faf3-4b06-b766-a614f1096c6f,7944192.260762652,7944192.767346786,7944204.242553923,5927,200,0.5065841339528561,11.475207136943936,192
6f16ba09-4f4d-4e62-bf80-de7ddfa1056a,1d5e49ab-cdc3-4315-8a5f-0539366d6bea,7944195.261250191,7944195.781352095,7944204.394158444,3028,200,0.520101903937757,8.61280634906143,160
e9508fe6-611a-49f9-8243-acefd2c41e4d,9c1eaa62-32d0-47df-aea2-fa3f14175763,7944195.26124643,7944195.654800287,7944204.430477743,2575,200,0.393553857691586,8.775677455589175,192
f23845dc-0607-4d75-9349-15bad3d51f87,509e694a-3fe7-4d92-89a0-f7d32c4d3964,7944193.260660819,7944193.684888316,7944204.982538592,5228,200,0.42422749754041433,11.297650275751948,176
0a8a5df2-5395-472a-b407-d4b7b4284028,bd4d247d-3324-43ef-b1b8-ee86801436f5,7944193.260644924,7944193.438141233,7944205.244118701,2206,200,0.17749630939215422,11.80597746744752,176
2f8ae8df-d679-4eb9-9250-777755cbaa3f,bfd5456b-00d8-4af0-b7ca-9b61915339b8,7944198.260729568,7944198.784860966,7944205.542502453,2246,200,0.524131397716701,6.757641486823559,192
bbf80f7f-b7c9-4380-b67b-c801fb8a2dd0,35bb8264-f8c1-4361-b48d-7ad5da447700,7944198.260719169,7944198.774332942,7944206.167379914,526,200,0.51361377350986,7.393046971410513,160
b5bd77ff-26ee-453a-9e13-276bdbfcbc1c,97572e5f-d135-46bc-9183-21b2af1303c1,7944197.261190342,7944197.6010222025,7944206.193699,619,200,0.33983186073601246,8.592676797881722,160
80007348-b1b3-494a-b504-32a8318bf295,584dad95-d36b-497a-92bb-3cefd7fd8072,7944194.261045169,7944194.739444705,7944206.234899583,5841,200,0.4783995356410742,11.495454878546298,192
f6a4d2bf-efd0-4b33-9906-c80eea98bfc5,2a455136-68a7-4f2e-ae04-e584f979ee34,7944197.261186766,7944197.861676148,7944206.293177494,4746,200,0.6004893817007542,8.431501345708966,176
77b96ea4-dd82-41cd-822a-84edee302f1c,2e76d9eb-980a-47df-9ceb-2b36e3fdbeb7,7944195.261225621,7944195.933708631,7944207.819727387,5885,200,0.6724830102175474,11.886018755845726,176
e0ccd432-6478-4033-b0e0-92ca8cc9a044,ba46ec63-d117-43af-a082-fdb05a1381df,7944195.261236716,7944195.903287996,7944208.044668431,2152,200,0.6420512795448303,12.141380435787141,160
aa20eaa5-bbb6-432b-9898-95e7e604fa0a,20137c1a-ca8a-4457-a308-ac224059e1dd,7944199.260678079,7944199.738625543,7944208.052020484,5304,200,0.47794746421277523,8.313394940458238,176
d8edfdfd-340b-4fcd-a0a6-2d3f57439ad4,66a3a1ab-8428-410f-8284-bbbcc40e3d86,7944194.261034002,7944194.614092459,7944208.306352828,4079,200,0.35305845737457275,13.692260368727148,160
c04475e8-cd38-402e-9cb4-337fedbd6148,bb3439ba-bbc2-476c-b3db-f87808d184ff,7944198.260722522,7944199.223066849,7944208.450998132,3455,200,0.9623443270102143,9.227931283414364,176
07a7d486-1224-488d-9c6f-3340613ce404,6ba87a37-5514-486c-a5f6-0a7c5f9057f4,7944199.260697155,7944199.493625957,7944208.499665971,2474,200,0.2329288013279438,9.006040014326572,192
16804437-76fb-49a4-81d0-0ea1f8ad30cf,b942c7a6-4699-4ba1-947a-a95a3cf3eff2,7944197.26117657,7944198.069336937,7944208.744653377,4501,200,0.8081603664904833,10.675316439941525,224
e70d8186-70b2-4f64-b3f5-8fed77e823fb,1cf5c436-bb75-402c-9dfd-fae7395bc0a0,7944200.260294497,7944200.459249342,7944208.750267791,718,200,0.1989548448473215,8.291018448770046,160
fa50a7d3-8c4d-4034-8077-a3b3497e5089,af44908a-558d-48e0-806d-4f2657f94fe4,7944196.261068059,7944197.16790893,7944208.814501896,5547,200,0.9068408710882068,11.646592965349555,160
ac433ccc-adda-4560-b502-334395f1b68b,a9ee696e-7782-458b-b0e3-a5f993f4a8eb,7944198.260725848,7944199.026775093,7944209.110441485,5869,200,0.766049244441092,10.083666392602026,176
4f564f2c-7fcf-4aa4-b254-7e5308b9e454,db3af283-c78b-4d14-bc1d-784377afabaf,7944198.260711126,7944198.640764488,7944209.2569256,3662,200,0.38005336187779903,10.616161111742258,224
8e95acca-718b-43d9-8e79-247db5de90ec,dc50ab8c-4aef-4581-800f-8d55cff5e8ac,7944200.260306572,7944200.639916258,7944209.323401594,2339,200,0.37960968632251024,8.683485335670412,192
f6319abe-f294-4485-9f92-f867906c8ad8,3ee811a5-f205-4725-8db6-b99eb8dd1ecb,7944200.260310324,7944200.849927391,7944209.71134406,4039,200,0.5896170670166612,8.861416668631136,160
7cf58112-6440-43d7-bd74-8a66286e189e,c494ad38-eca5-4234-ab94-6b47ba0ceac5,7944198.260715762,7944200.043155907,7944209.9254606,6195,200,1.7824401445686817,9.882304693572223,192
e8539bc0-38cb-4caf-962e-d413f1624f20,d00c697d-7ae3-4f63-8c46-74cb115fcffb,7944199.260687409,7944200.508925663,7944209.953966137,5824,200,1.2482382543385029,9.44504047371447,160
3ab6207e-9b98-4e54-9221-58447558a69b,075d8cb5-28cf-4bc6-9249-fa0da1efad9e,7944196.261053883,7944196.662308527,7944210.110225688,2593,200,0.4012546446174383,13.447917160578072,192
9700168d-10c0-46f4-8f12-1a6b1e820e5e,173d8474-31a7-49c9-a766-796c9ce56475,7944196.261070777,7944196.661797858,7944210.110521061,1591,200,0.4007270811125636,13.448723203502595,0
60dcfa1d-2be1-4238-8a29-843569a67125,c2cf61e6-40f9-49e5-a7f1-e24130e70596,7944201.26078555,7944202.156388193,7944210.149563169,5836,200,0.8956026434898376,7.993174975737929,176
c7aa0436-6ac1-4fd7-88c4-55ad2a171866,dee31f57-0db9-4efb-ad6f-509637e9dad7,7944199.260694195,7944199.399593394,7944210.197516117,1093,200,0.13889919966459274,10.797922722995281,176
4f3b02aa-f6d1-414e-82f2-df89f5cff7af,7a77a142-6294-4d46-b6bf-f820bc0585c9,7944201.260788468,7944201.738585691,7944210.208154326,4457,200,0.47779722325503826,8.469568635337055,160
b96b76bc-ef96-432a-b5f6-05a15a73d872,f0cbebc5-adb6-461b-9b21-22667b2f1d8c,7944202.260528745,7944202.525968869,7944210.357286171,2481,200,0.26544012408703566,7.83131730183959,224
700eca04-375d-49d4-9f9b-8d8fbb91a190,32fb687a-464c-4e34-81ac-888a775f869d,7944201.260773275,7944201.903292377,7944210.950085567,1888,200,0.6425191015005112,9.0467931907624,192
e2316baa-0670-4a3e-b3b6-2936ef4aefe1,41a8ee23-c625-4401-b4cb-e78c442b71c4,7944197.261193392,7944198.543178342,7944211.01863766,3497,200,1.28198495041579,12.475459317676723,256
3672c753-241e-4a4a-a1a6-94bae7bae82d,bc3ac3c3-4d2f-4962-bb52-152a9ce073ae,7944198.260699675,7944199.182021863,7944211.048664372,5913,200,0.9213221874088049,11.866642509587109,192
2f78b8bb-535a-4cda-a5f9-1559e5fe7fc7,3047d0dd-5a9d-4d90-be11-b1eb806c0a55,7944200.260313489,7944201.222274684,7944211.113176044,5871,200,0.9619611958041787,9.890901359729469,160
8097a088-81d4-4d03-92d8-36a6d3538a13,51d7aec4-2dba-42c1-8f75-3193d8c9b3b1,7944199.260691042,7944199.45915581,7944211.185097399,389,200,0.19846476800739765,11.725941589102149,176
e14fdc42-b4d3-4e31-a7bf-891b8a045017,f8e43d47-46b2-48cc-9573-4488e6fb8e5c,7944202.260514033,7944202.887684621,7944211.23594194,4284,200,0.6271705878898501,8.348257319070399,160
2c998003-848c-4281-b875-3b6145a27749,d28d1e2a-443d-459d-9383-6bdc450581a6,7944201.260791647,7944202.3517969875,7944211.304284481,5872,200,1.091005340218544,8.952487493865192,176
36c12b4d-3389-44ac-8ef2-7c8c45dccb23,6bb1f497-7e96-48e2-a040-13b9fb4aa7b0,7944202.260499948,7944202.502017657,7944211.318572575,2160,200,0.2415177095681429,8.816554917953908,192
8880cc0e-dbe7-46dc-8394-39f8e0b9f444,52901222-0bb4-47e4-8bba-8825319cf100,7944202.260517864,7944202.723586202,7944211.988213871,3375,200,0.463068338111043,9.264627669006586,192
3ab4a054-818b-4db2-a7bd-45ccaf4a81a0,a2a378e3-be1f-4c30-b726-cf946c531dee,7944202.260510246,7944203.175431304,7944212.215318403,5903,200,0.9149210574105382,9.039887099526823,192
2343fc1b-534b-468a-be59-18a2c85ddb37,dfe44e20-e90e-41c0-877e-c3fbc36bc1f8,7944203.260513872,7944203.86432224,7944212.8401228655,662,200,0.6038083685562015,8.975800625048578,224
ee2d6314-45e0-4d20-af29-840d06a1d09a,743da0c7-ad95-4639-a69e-c87954fbf45a,7944203.260510412,7944203.994243594,7944213.083094437,5773,200,0.7337331818416715,9.088850842788815,160
189e0a77-fe80-4014-a053-22ddd002fb63,c36617c0-5ee9-428f-8eb3-fabed3fcffc7,7944203.260522708,7944203.78073804,7944213.157725466,2152,200,0.5202153315767646,9.376987426541746,160
9beb7ff6-44e8-4c5d-a3b3-6c2a3e2d64bd,c1b43029-4936-4724-8836-95afb9ebd00b,7944203.260520009,7944204.179851407,7944213.362471824,1715,200,0.9193313978612423,9.182620416395366,192
bfaec2f4-17fc-4d75-ad0b-0a5228c144ee,fb070aed-59ed-4076-890d-d41bb370b24e,7944204.260491498,7944204.67828829,7944213.865391259,2948,200,0.41779679246246815,9.187102968804538,160
0e425d8b-19bf-4ede-ad4f-044fcef9e83a,45e7f1a3-6b50-4b00-bff3-e4a8f31e6793,7944203.260516938,7944203.881905869,7944214.054126698,3143,200,0.6213889308273792,10.172220828942955,192
82d51738-ed9f-4082-9b7c-9890e32f43d1,cf53ec7b-8773-48c4-bfea-fbe3da37a269,7944204.260502126,7944205.055757322,7944214.766593566,5883,200,0.7952551962807775,9.71083624381572,160
4f50ef1c-98b8-4565-825b-127d3b7efd67,d769c8e7-545f-4504-930e-6fb89f07eeaa,7944203.260506677,7944203.927861032,7944214.809464742,2951,200,0.667354354634881,10.881603710353374,288
4bb702b9-0f2a-416e-a54a-8e9c869fe389,b95dfb64-0406-4605-9307-eb2ed587ac22,7944201.260782348,7944202.210933046,7944215.085758339,5895,200,0.9501506984233856,12.874825292266905,224
ce8c8f56-39a0-45d3-91f2-2f42398ffac8,ae3515b7-b2c3-4055-9fee-cc35030fc4b2,7944204.260480228,7944204.78458412,7944215.24791553,1965,200,0.5241038920357823,10.463331409730017,176
0547b8b8-2603-45a0-a1d8-17ade3dbb534,e15ff2fc-8b83-41ee-b315-8b52f8c96af4,7944202.260524854,7944203.205344103,7944215.281401157,5951,200,0.9448192492127419,12.07605705410242,176
98f557be-7130-4729-9119-dd7a5c0482f2,984ff781-ca15-479c-8e06-7bd9cd701519,7944206.260485864,7944206.992734836,7944215.328398377,3132,200,0.7322489721700549,8.335663540288806,192
5485c42b-309c-45ce-99ba-3aee72b00e8f,43515880-6b47-44ce-ad5a-c143292b1649,7944204.260495402,7944205.068801338,7944216.004467741,5986,200,0.808305935934186,10.935666402801871,160
7070571a-3b75-4760-9bd6-e28286f7d0fe,4f0267ba-650b-4797-b011-e2567cfa5e17,7944205.260867326,7944205.3698925255,7944216.028710535,552,200,0.1090251998975873,10.65881800930947,192
7d5dd94b-415b-4329-8c8d-978590eeacf4,e1e07760-a68d-412f-bda9-93b7968d3d10,7944206.260488931,7944206.567981099,7944216.443339927,3154,200,0.3074921676889062,9.875358828343451,160
0c9a4551-0611-4264-9f8a-74735b5bd844,87bc14e3-59a4-4128-82c3-fc9b5691ebd4,7944203.260496442,7944203.984579217,7944216.789024739,6021,200,0.7240827744826674,12.804445521906018,160
7bfb2615-b470-4603-a7cf-ff1c967dab53,d53c43e4-30f8-4bde-bd5b-7dec2dc7004c,7944208.260594495,7944208.661283734,7944216.791655749,2664,200,0.40068923961371183,8.130372014828026,192
cd6e5bec-774a-4bcd-b0e4-41731eab0d99,232da153-6f07-41c5-b184-6a34c8861a3c,7944207.261121903,7944207.781930093,7944216.845988517,5840,200,0.5208081901073456,9.06405842397362,224
b310e454-72d5-4952-9093-aea9d72bca98,4181337f-4f55-4fd6-8fbd-e067aaaaebe3,7944205.260863147,7944205.932723975,7944216.961642713,5927,200,0.6718608280643821,11.028918738476932,176
ba6ee1ba-ba17-4a00-b07f-2023432838f9,f48f3c83-7b8a-45e5-a0fa-74a6e92599d8,7944206.260476488,7944206.7651279755,7944216.993252275,5950,200,0.5046514878049493,10.22812429908663,160
32f04e89-0099-45fb-89e9-8433e6b1e702,855dd6b3-1f0e-4fa3-a820-cbf26b5c076f,7944204.260505476,7944204.969454344,7944217.246654912,5608,200,0.7089488683268428,12.277200567536056,192
3daa5fad-24ca-4573-adef-3c542900bc04,1cc89369-2782-418c-93f1-6fd3c276dc1b,7944202.26052111,7944203.184285011,7944217.255406056,6658,200,0.9237639009952545,14.071121044456959,160
f7898641-bef3-4f14-b4f9-6d184c212105,faaf4675-e336-4c29-ba22-f21742dac9e8,7944208.26061161,7944209.209489659,7944218.058942222,5827,200,0.9488780498504639,8.849452562630177,224
efe5cbdc-0dde-4ea1-81a2-0e9785f73c61,828db195-ca5a-4484-848e-1fc6ac242624,7944210.260548552,7944211.03493588,7944218.072297905,5718,200,0.7743873288854957,7.037362024188042,176
de6bb485-8baf-4dfc-ad76-b39f91e0e1bf,fc991f32-f1b6-4afe-ba3b-a472773d0110,7944205.260851296,7944205.623347183,7944218.087821876,1284,200,0.362495887093246,12.464474692940712,192
f667242a-4a2b-4b89-a4bd-0d5600ab68ee,850a9e15-1175-420d-83de-67148187b5e5,7944209.260416748,7944209.560263656,7944218.179067142,685,200,0.2998469080775976,8.61880348622799,176
b04f8c57-db52-437a-8569-dfdfcfe7efa6,93f972a6-65ef-4743-aae5-aab226f65263,7944209.260404674,7944209.792907066,7944218.213533294,5871,200,0.5325023913756013,8.420626228675246,224
707e1883-6957-4f23-b05d-9ddd4995f440,af45b936-e0fc-4b4b-a8e6-2c2ce81710a0,7944207.261133157,7944207.44147219,7944219.241660097,1741,200,0.18033903371542692,11.800187906250358,176
040b0545-e1e4-4051-938a-5e0f817101d4,32379e4f-c52b-4533-87e4-7ccbc01e4871,7944204.260498844,7944205.828990321,7944219.30585984,3047,200,1.5684914765879512,13.476869518868625,176
bf845df1-dea3-403e-9425-8b75b559dee0,029edadb-b234-4d39-a619-c56cc85e964f,7944208.260605256,7944208.515535805,7944219.439693031,470,200,0.25493054930120707,10.92415722552687,192
ce50efe9-04cd-4895-93d7-ea264e76a775,b5b79d80-d814-4a6c-9f3d-7d392ce15643,7944210.260538982,7944211.370884414,7944219.968986717,1495,200,1.1103454316034913,8.598102303221822,160
789b672b-2215-4aee-897f-91e28d568097,5562c1a1-e6b0-40ec-96dd-5ea84936cbf8,7944212.260717683,7944212.760959803,7944220.608275404,5986,200,0.5002421205863357,7.8473156010732055,176
7054bda2-b58b-4800-b349-306778ec7af1,c1aa437d-4a45-48f5-a4ba-fefa5588951c,7944212.260695653,7944212.605294369,7944220.808611929,3985,200,0.34459871612489223,8.203317560255527,176
9e48e560-d258-4fd6-97cb-b1a753e134c8,2264bba4-daf4-4a00-be9a-8bc82e601070,7944213.261262121,7944213.795018413,7944220.885357433,5758,200,0.533756292425096,7.0903390198946,176
b497aca3-3362-41a3-b2f1-ba834afb4b5e,e75457ed-6df5-4031-9265-1be7e8cbd160,7944209.26039323,7944209.712808325,7944220.905317348,4726,200,0.4524150947108865,11.192509023472667,176
f2073ad4-da51-474f-b5d4-0b7b15a13d3d,3d244e10-3c51-4e44-bce4-3022987dcfec,7944209.260414397,7944209.896274625,7944220.929738105,5910,200,0.6358602279797196,11.033463479951024,192
eaf38489-a835-4835-93d2-aee9c5511c43,518b2120-1899-4a0f-af6e-5a114887002b,7944213.261281849,7944213.756795429,7944221.026425099,291,200,0.49551357980817556,7.26962967030704,176
f932735d-03b7-4b6b-89a7-df9af6cf978b,c4f07ea1-4aee-4470-b000-7059f3c69f17,7944209.260401063,7944209.95856023,7944221.258486605,5726,200,0.6981591675430536,11.299926375038922,176
d0822b94-ab89-4bf4-924d-e13f742e681b,675afd83-9b5b-45b7-9f5f-7e5d89f0c9f2,7944208.260608691,7944208.674167525,7944221.3380350685,2669,200,0.4135588342323899,12.663867543451488,176
d30b14b6-56fc-4617-a25e-c470a6b1a693,948c8bc2-de8c-4e1a-8977-9533047131e5,7944213.261275391,7944213.498295789,7944221.34572575,1734,200,0.23702039755880833,7.84742996096611,160
403312e6-5359-4e04-8144-c657071c663f,22d7558f-2436-464f-b111-4724e2f322d1,7944210.260559681,7944210.583837089,7944221.942132695,1963,200,0.3232774082571268,11.358295605517924,224
c2adf3dc-f9a2-44ea-b797-18d02c96eda7,b3b1f241-4f97-466c-b9af-0701c1476d26,7944209.260411197,7944209.766306607,7944222.140488488,5779,200,0.505895409733057,12.374181880615652,224
bb7ae34b-98e6-4405-be6b-81cadbd5e682,a9ee696e-7782-458b-b0e3-a5f993f4a8eb,7944214.260998478,7944214.768742781,7944222.227208672,5869,200,0.5077443029731512,7.458465890958905,176
64814052-7569-4f9b-8c5c-92ba383ef313,67a0b975-184d-4abe-91c9-e84646d0b743,7944210.260551757,7944211.431875158,7944222.319197327,2164,200,1.1713234009221196,10.887322168797255,192
ed9a034d-b90a-4643-8f64-4ab1168d566a,b01f6c83-5554-4371-9f04-7b0e790263ed,7944209.260407258,7944209.789374392,7944222.987192128,5639,200,0.5289671337231994,13.197817736305296,192
e9df9819-bac3-4db9-b040-0e2629dac637,9b048b14-06a6-4574-a80f-dbc23b48d9f7,7944210.260557063,7944210.958534746,7944224.05028802,5928,200,0.697977683506906,13.091753273271024,160
c130305e-4706-4991-95e4-4b912ea6d95c,773031a0-4df5-41b1-9031-e9c5d037efa1,7944216.261290731,7944216.43296892,7944224.604921405,1819,200,0.17167818918824196,8.171952485106885,192
e6225002-c4eb-404b-bb5d-7c3dca5c1a2a,2b0b6d27-8a7f-458e-8a26-26ecad67cecb,7944211.260772217,7944211.498486058,7944224.624622677,2627,200,0.23771384079009295,13.126136619597673,288
c63b3dc0-4ef0-4345-b7a8-edc847604579,d8a397bc-57f7-446c-afd5-6ed41a735419,7944210.26055433,7944210.870516845,7944224.953002658,1318,200,0.6099625146016479,14.082485812716186,192
f2e6e041-b63a-4bc1-8790-ef64d3ec2d3b,1326464b-c372-47f9-8850-927fd5f180aa,7944212.260725355,7944212.96479651,7944225.268821526,4044,200,0.7040711548179388,12.304025016725063,224
6da8d61d-b86e-41fb-b64d-a12f3de0af83,1cb4cd2c-3d59-46ce-8a93-0db347afede8,7944218.260994593,7944218.480523353,7944225.286384377,1796,200,0.21952876076102257,6.8058610232546926,192
c9fa9b0a-6c24-4f0f-8196-3e939285f9f4,715e64e0-0181-41a0-b6a9-c164d566d676,7944213.261278731,7944214.683244599,7944225.342642842,5925,200,1.4219658682122827,10.65939824283123,176
408ca06e-8599-4fa6-8556-f5cfb7ffcdd6,51d7aec4-2dba-42c1-8f75-3193d8c9b3b1,7944210.260562268,7944210.81045672,7944225.373806642,389,200,0.5498944520950317,14.563349922187626,176
cec1ee5d-9793-4a24-81a9-0e1343af7e55,ab7c945e-e515-4175-81a9-07d757d848ff,7944217.260754077,7944217.449306777,7944225.755544994,2335,200,0.18855269998311996,8.306238217279315,656
6a9bdb7e-e005-46a3-9157-90201a002aae,af4b1375-aefd-45d5-8a5c-3dd4d84c4dc4,7944211.260762811,7944211.740970877,7944226.310795644,5943,200,0.4802080662921071,14.569824767298996,160
dd93dbaa-c1e6-44b1-a072-a82861e23fd6,6d14bf3f-56d2-4882-8aba-c916497faa7a,7944213.261285085,7944214.101754731,7944226.7806270225,3921,200,0.8404696453362703,12.67887229193002,160
991593d7-b778-4559-aca8-b46d0b15bebe,5d0207cb-bd1b-4c3d-988b-bd7dee52f1f6,7944219.260769017,7944219.625774358,7944226.833574506,915,200,0.36500534135848284,7.207800148054957,176
b7b5c5b8-a334-482b-9541-902fee15ca15,bd4d247d-3324-43ef-b1b8-ee86801436f5,7944215.260713522,7944215.482572307,7944226.994641339,2351,200,0.22185878455638885,11.512069032527506,176
963143a7-d649-4c51-b8f8-9da56e67228e,e793cd05-3809-4e36-8e78-d44bc000c93e,7944214.261019802,7944214.7812092835,7944227.025047289,5878,200,0.5201894817873836,12.243838005699217,160
0b45c70a-3e1c-48c9-b5f6-7b0c5462261c,c6a375bc-b50a-4597-9716-5f2339a823ae,7944217.260764754,7944217.505010379,7944227.03698354,2271,200,0.2442456241697073,9.53197316173464,224
83421a7b-937f-4f30-8c11-b8de56f60a18,6cbbb375-c940-47eb-bdbe-1c9292cd44d7,7944220.260429813,7944220.539615778,7944228.068940444,2921,200,0.2791859656572342,7.5293246656656265,288
b62928ac-b8a2-405c-ac98-c0be7402e5be,160f0c9e-f577-4da2-b81a-1b98824a8dfa,7944215.260722527,7944215.764050002,7944228.106648513,5996,200,0.5033274749293923,12.3425985109061,160
4ba94b87-d670-4ea1-910a-2615440b062c,ae04581e-61a3-4e13-a5d3-988c330d8c3d,7944213.261288346,7944214.392977558,7944228.113732331,2001,200,1.1316892122849822,13.72075477335602,224
8e806401-fce6-4c7d-bdce-190ecade6aed,3c65feda-6cb4-427f-8794-100421de1d7c,7944214.261023774,7944214.78496675,7944228.145341876,4801,200,0.5239429762586951,13.36037512589246,160
4bf1439a-e335-4499-8247-6a80b3104392,558d1a32-11e7-4870-b268-20a3c0b14d67,7944218.261008005,7944218.773628898,7944228.406165283,5801,200,0.5126208933070302,9.632536385208368,160
30bc9d65-e9cd-4f12-b686-2b8b3994adf4,57965c9f-d1a7-428f-b691-aa12d95ea40d,7944215.260726193,7944215.772762295,7944228.722309288,6090,200,0.5120361018925905,12.949546992778778,192
02dcb8f2-89d9-47d1-a7a2-79bcc8a172a4,339e6a45-2ac7-4236-ac28-4af01254bcc9,7944219.260765234,7944220.001603544,7944228.900221741,5839,200,0.7408383097499609,8.898618197068572,432
4dd32da5-b3eb-4b91-8708-feea60dbb469,0a0896da-1e20-4a06-9b7c-c33d45fcd843,7944216.261300462,7944216.7354406575,7944228.955965385,5934,200,0.47414019517600536,12.220524727366865,176
82e5dfec-0070-4b56-acf2-08eb5b176343,d07b83df-645d-4c89-b424-6beeea5eeb8f,7944219.260738854,7944219.65261751,7944228.99452481,3855,200,0.3918786561116576,9.341907300055027,0
89f88248-01a7-4ff2-aac1-f59c377bf076,3e53059f-27ed-453d-a3cb-045b4aa7f847,7944220.260433648,7944220.626300128,7944229.2708176095,4258,200,0.36586648039519787,8.644517481327057,224
c03a801d-d8bb-45fd-944c-e68ab9d67dab,2e76d9eb-980a-47df-9ceb-2b36e3fdbeb7,7944217.260770684,7944218.199054689,7944229.608540275,5853,200,0.9382840050384402,11.409485585987568,176
d4c6f69d-3110-4903-bcf9-a8a907603658,fbfe9e9f-aa2f-4a16-90bf-74ab86e7032b,7944217.260761464,7944217.6159224855,7944229.708581873,3661,200,0.355161021463573,12.092659387737513,224
630521c3-54aa-45d7-b428-56464a934ae3,0efc611c-a104-4cc5-ac35-e883e7cebda7,7944221.26048701,7944221.396939772,7944229.779168958,570,200,0.13645276241004467,8.382229185663164,160
ae87316a-9404-4ebe-a53e-7e4ed096c131,02040ade-ed2d-491c-ad7f-c7feac81e298,7944217.260767918,7944217.815734063,7944229.837034395,694,200,0.5549661451950669,12.021300331689417,160
fcf2a245-18fb-4cc0-9313-046247bc6f26,601ebb0f-02ad-42e7-a626-7ebef638a847,7944219.260749575,7944219.785188927,7944229.929781037,5843,200,0.5244393525645137,10.144592110067606,192
ce4043b4-d662-4802-a212-62cbc46475e3,307c55d5-8ee9-4aec-850b-cee5f644152a,7944218.261005132,7944218.866832938,7944230.802053681,6627,200,0.6058278055861592,11.935220742598176,192
f79ea42c-0497-4f5f-b483-c4d25b30f6f1,bfc78a92-84e5-4fdf-8b1d-913c94a11821,7944223.261081836,7944224.097507233,7944230.9685155125,3756,130,0.8364253966137767,6.87100827973336,192
886b3bb2-e9ba-4cfb-a62c-55899a66c348,d7d8b6a7-fa09-48cf-8e94-8659d578b8ed,7944222.261172666,7944222.653689374,7944231.176937794,4315,200,0.3925167080014944,8.523248420096934,288
41446b9c-00e4-4773-a93b-17b0e00dff80,2c2590bf-7735-4068-8406-2d47707168ea,7944221.260499291,7944221.653483001,7944231.215040755,3788,200,0.392983709461987,9.56155775487423,160
4fe3c020-5ca4-48ca-a1da-82c22e4642df,c8309beb-8c28-45e3-97c6-0ce22870ae69,7944221.260495326,7944222.094480423,7944231.226239526,5891,200,0.8339850977063179,9.131759102456272,192
66c72cf6-556d-41cc-b1b2-5d5cc52b611f,773fcc75-711c-4081-bfea-8e9f5d5f8c42,7944221.260505995,7944222.044203944,7944231.7432069555,999,200,0.7836979487910867,9.699003011919558,448
5abbd341-2c32-4b33-9b40-4ef13f2da243,e9333846-4b52-4552-b7b0-49ce8f3d396a,7944219.260757366,7944219.449313848,7944231.858302847,1238,200,0.18855648208409548,12.408988998271525,176
13ed60e7-7238-46c6-b94f-f5079440c39e,173d8474-31a7-49c9-a766-796c9ce56475,7944220.260437072,7944220.903719441,7944232.063448883,1631,200,0.6432823687791824,11.15972944162786,256
89b6a278-809f-4dc7-81cb-3ba934be5984,2d5dcc3c-a047-4b49-9a38-cd2e4eb26eb8,7944222.261176186,7944222.412134532,7944232.111222959,435,200,0.15095834620296955,9.699088427238166,176
23520a69-d396-4c2d-9ed2-a0f514696b6a,c1b43029-4936-4724-8836-95afb9ebd00b,7944223.261095596,7944223.847324465,7944232.249346907,1715,200,0.5862288698554039,8.402022441849113,192
80fdcce8-d6c9-4d16-84b0-cc02cb36035b,70040244-0ba8-4018-b9e4-d79962cfab6a,7944223.261119942,7944224.415514278,7944232.408214775,5847,200,1.1543943360447884,7.992700496688485,160
55855d3e-0e73-4d12-9b23-7906a36ed370,0fdd3815-1923-4d11-a5f1-1c32cbce836b,7944218.260985124,7944219.160369025,7944232.648482825,3308,200,0.8993839006870985,13.48811380006373,176
68b72091-f2bc-41ab-9a33-8ad18f56c035,aaeef1c3-4f10-4ff5-a2cd-f5a30a353fa0,7944219.260754171,7944220.432163373,7944232.707759017,5885,200,1.1714092018082738,12.27559564448893,176
3a0a234a-3e60-45d8-a2e2-36a5685c6c37,57653307-c6ff-4c87-8138-1533b53900a3,7944224.260681825,7944224.950402278,7944232.838199555,5954,200,0.6897204536944628,7.887797276489437,160
1c588a9e-8332-4b43-9905-e79c18dd347c,eecbcd88-7743-4e34-95b6-1c67dec9ac89,7944223.261123078,7944224.019843446,7944232.960246222,5208,200,0.7587203681468964,8.940402776002884,224
2ec455b4-1bc3-4289-a6ef-d9398856d921,b579de52-ab17-4588-b70a-4285fc661c21,7944223.261092034,7944224.263645884,7944233.103816501,5998,200,1.0025538494810462,8.840170617215335,160
f6f871f7-048a-4e0e-a83a-da2440001f6b,a88040f4-3d46-4ddd-9db3-d9cefb577c4d,7944218.260997961,7944218.808635533,7944233.170730679,5862,200,0.547637571580708,14.36209514643997,192
b37f371f-dc98-4db3-81c3-4f9190fa541d,7c8adab7-544c-4106-916a-d86d02536d30,7944225.261092355,7944226.205225729,7944233.183990346,5824,200,0.9441333748400211,6.978764616884291,176
ab60dbc1-b042-416e-97f1-741c69e56f90,bef48969-2881-4b72-aae0-5d83261314a3,7944221.260502558,7944221.971263728,7944233.199193237,5674,200,0.7107611699029803,11.22792950924486,192
b58b0a5d-3bf6-46bf-a48e-52fd95bfd86d,f48f3c83-7b8a-45e5-a0fa-74a6e92599d8,7944225.26111892,7944225.809178201,7944233.319547655,5892,200,0.5480592809617519,7.51036945451051,160
7ac9ed9f-0b8d-40b1-aec7-ddda84a29b26,1cda0d46-618b-4b7a-b957-319fe6d96516,7944219.260761015,7944220.180755415,7944233.897605696,6431,200,0.919994399882853,13.716850280761719,192
0b294a7c-40bc-4821-9bc5-416e59c44107,91e2dcb0-9727-45f1-bd96-95ee2a9fe135,7944222.26117902,7944222.7852678895,7944233.917805548,5572,200,0.5240888698026538,11.132537658326328,192
74456d23-f5c2-46b1-99f9-a0b28f5cdacd,6f90c4ab-65aa-49a6-ba03-ccb6cd74af3e,7944220.260417315,7944220.75638731,7944234.067916384,5718,200,0.4959699949249625,13.311529073864222,176
b2f0578f-85a7-4047-a1a7-c0938f72be7d,6e066633-fcb0-417d-94ee-a9864bbdaa41,7944223.26111592,7944224.39344438,7944234.199780445,6408,200,1.1323284599930048,9.806336064822972,192
e396cd7f-e943-4f6e-9034-9506c7b59b55,6584e089-0fa2-4d90-acc5-9e1bf6b9f730,7944224.260665317,7944224.926593765,7944234.229577895,1006,200,0.6659284476190805,9.302984130568802,192
961a4260-d869-4cb3-9776-0e68c159d773,899c2615-9ae4-4ce5-91c4-b802b05ed50e,7944222.261158002,7944222.464711087,7944234.287506831,1718,200,0.20355308521538973,11.82279574405402,288
247d1b5e-4f4e-406e-9cea-b24b4bbcf113,b5892cf2-f7ae-4e85-bad8-596946a75f51,7944227.260704098,7944227.92590349,7944234.344276982,5713,200,0.6651993915438652,6.41837349254638,160
2ca2d89b-44a6-4789-b249-4cb9d8bad2d1,8e505307-8830-46b2-ac68-84a7d5dbd9a0,7944223.261105919,7944224.302948011,7944234.52775647,1979,200,1.0418420918285847,10.224808459170163,160
ad244070-bb8e-45a5-a42a-ff886ece5a48,329a4354-972d-40a4-8b5f-66b965aaf514,7944224.260675308,7944224.425831992,7944234.58124012,709,200,0.16515668388456106,10.155408128164709,192
4ec70968-7341-457a-b35b-f6a1601d3670,22d7558f-2436-464f-b111-4724e2f322d1,7944227.260681284,7944227.887608708,7944234.802789054,1963,200,0.6269274242222309,6.915180345997214,224
e8f58abc-c328-408d-9be4-17a5a03050f5,cef881df-c2a5-4400-b32f-b3f0ea1210d5,7944225.261103631,7944226.224809504,7944234.949640385,5376,200,0.9637058731168509,8.724830880761147,224
ac5b504e-9b8a-4d48-97a7-3f6c9e6d147f,169bfd1c-b54b-4a03-b40f-5a304abd2cb8,7944226.260266132,7944226.62584812,7944234.95407811,4108,200,0.3655819883570075,8.328229989856482,224
595634e6-0006-4828-906a-51915b848add,871e2ad2-c962-4d3f-879b-acd7d5c130e7,7944227.260695875,7944227.884781394,7944235.105583844,5804,200,0.6240855194628239,7.22080244962126,192
99f94588-8b7c-4c19-abdd-b2d73c007665,09dd643a-82c5-4330-85e9-67ad0d950227,7944227.260677462,7944228.033242977,7944235.2771193925,2757,200,0.772565514780581,7.24387641530484,192
030b9a02-19be-46cf-ba8d-7ddbd5018b1e,fc39ffc1-cc7b-44be-930b-eabd806b6aa4,7944226.260276469,7944226.759368451,7944235.328374291,5887,200,0.4990919819101691,8.569005839526653,192
a93554e0-cb1d-4ecf-b1df-ac81295100f4,8f571481-bb6f-4a50-ba89-2ea91233c37d,7944225.26110747,7944225.879440692,7944235.362601778,5778,200,0.6183332223445177,9.483161085285246,224
a63cfc8e-3b61-4050-bc52-f97d1bbdc978,0f461546-1087-4ea8-86ba-ebc6af9b16f9,7944222.261167096,7944222.772645922,7944235.6125518,5835,200,0.5114788264036179,12.83990587759763,176
79331e58-1bb2-46c7-a6ae-f37ded2eac22,db1fb291-ef7d-478a-9b73-48146f6a8cd5,7944223.261099098,7944224.326546354,7944235.694740549,5794,200,1.0654472559690475,11.368194194510579,176
a5997011-fd19-4251-b5fb-cc87694ec89d,0fd4279a-26c5-4067-ab88-75febf63597d,7944224.260678875,7944224.969912584,7944235.746298387,5856,200,0.7092337086796761,10.776385802775621,176
1397ea2a-d149-4c3d-bf01-75bd8d2534ad,7e0dc3cf-f526-472a-bc5c-d24141fee908,7944227.260667675,7944227.645946716,7944235.839335996,3856,200,0.3852790407836437,8.193389279767871,192
83600a10-0650-4130-ad1a-a9c47b8083ba,89189bcd-1513-4bf6-8b6b-dc60259a21f6,7944227.260699611,7944228.079775698,7944235.8547678245,5951,200,0.8190760863944888,7.774992126971483,160
ee2ef577-b4a4-44cb-93b3-a5212b1c8b28,6b12e983-df72-4200-80d7-0a4adbe5d91e,7944225.261116299,7944226.298344101,7944236.1173288515,5955,200,1.037227801978588,9.818984750658274,224
3d5edbe7-bb20-485d-8626-109e20d88ce9,407ddf5a-139c-4828-921e-c70aad421b68,7944227.260685188,7944227.925536286,7944236.500640398,4405,200,0.6648510983213782,8.575104111805558,176
cae56093-6fdb-4640-a8c1-6a4d386b0edb,1e9d7c97-8003-4914-919a-c70046db848d,7944229.260908791,7944229.581766693,7944236.695084359,3006,200,0.3208579020574689,7.11331766564399,192
5b1dd6ea-1b6d-43e1-9be6-d1a4b2030ce1,6765a657-895e-4f86-948f-60d5c92ec33b,7944227.260692482,7944228.246552777,7944236.721957529,5834,200,0.985860294662416,8.475404752418399,176
fb8a29cf-6d1b-4f23-b633-9e589568047c,6bc07a15-054a-4565-ad27-d0f02e46447f,7944228.260357954,7944228.747390597,7944236.828012011,5893,200,0.48703264351934195,8.080621413886547,192
2a507815-44ad-44e8-a178-8ddd6fe1392d,137ad8cf-63fb-4db5-bb47-7e4c09778b00,7944227.260689001,7944228.252378342,7944236.929998866,6031,200,0.9916893411427736,8.677620524540544,176
b55731fd-f764-49a9-96a7-50ace9e5361f,51d7aec4-2dba-42c1-8f75-3193d8c9b3b1,7944228.26036884,7944228.374407354,7944236.975179322,389,200,0.1140385139733553,8.600771968252957,176
7473b098-7d68-495b-95a7-7b7aab05b493,6f4051d6-8003-4af8-be6a-137219b04ba5,7944229.260893188,7944229.814528273,7944237.137225357,5963,200,0.5536350850015879,7.322697083465755,192
acac24c2-6685-49d1-ae33-aaa932713427,35bb8264-f8c1-4361-b48d-7ad5da447700,7944231.261008212,7944231.384375533,7944237.163891931,526,200,0.1233673207461834,5.779516397975385,160
99bd1ed1-3ce7-44d9-89bc-362302c76fb7,0a8f817b-a718-410e-a942-023e11cee743,7944230.260335319,7944230.763704361,7944237.277979763,5409,200,0.5033690426498652,6.514275401830673,192
085c730d-d97a-4367-8f89-ddc99082a669,ba04113c-f39c-42e2-9942-9e943a5f3a91,7944229.260915247,7944229.567922753,7944237.314977261,642,200,0.3070075064897537,7.747054507955909,192
7a7b9928-e10d-4ea6-b1db-da4f9243f313,502899ee-4518-4d94-a120-80fc9b07318d,7944230.260351182,7944230.677997067,7944237.965812407,4111,200,0.41764588467776775,7.287815340794623,192
fc48090e-33f8-405e-a1c7-16ee2a5e857f,2a455136-68a7-4f2e-ae04-e584f979ee34,7944230.260348451,7944230.708705147,7944238.063603696,4746,200,0.4483566954731941,7.354898549616337,176
c7b0fe7f-ec9a-4f91-b5ba-45896553d52a,9ae48b4d-09e7-477a-96c8-ee9b319e707d,7944229.260912079,7944230.036832563,7944238.103064685,3761,200,0.7759204832836986,8.06623212248087,160
2974e7f6-5030-4e2b-baa0-5c7a690a7463,239fe02a-0a19-4d3b-9cb8-bae3872a285f,7944231.261019137,7944231.579145639,7944238.125136559,3216,200,0.3181265024468303,6.5459909196943045,224
1318f9fb-675d-4d1b-927c-9d7674b18e98,ebe40d16-cac5-48ed-964b-2109cbc3f901,7944229.26090482,7944229.81975804,7944238.204410761,6071,200,0.5588532201945782,8.38465272076428,192
1f2fc3b6-9797-467b-9096-e90cc1bd99f4,6cb10242-0337-4e8a-86db-9b44b95dfbe1,7944230.260345172,7944230.784896437,7944238.636674708,5967,200,0.5245512649416924,7.851778270676732,192
1e6169dd-1147-4722-b3ff-5aa86e0bed38,83e780d2-3cdf-4e88-9a17-26905df5b928,7944231.261022726,7944232.233318412,7944238.670274257,5887,200,0.9722956856712699,6.4369558449834585,160
34b15a85-867b-4b1d-a14e-6ef98c4d702d,17f52023-20f0-4ba4-8129-16c153a0bb0e,7944231.261025964,7944231.692360678,7944238.998873253,4132,200,0.43133471347391605,7.306512575596571,160
6873b9c1-f1be-4c9c-b78b-9f02259864b6,072cf49e-ac0d-4d29-b3db-cf9253ebe3e7,7944231.26102912,7944232.119981192,7944239.046079184,5083,200,0.8589520724490285,6.926097991876304,176
a3363413-7339-4406-94c1-265c1f990b1b,97e6ae57-69da-4647-a7d0-d90457e6abcc,7944233.260744327,7944233.508993203,7944239.231866853,1269,200,0.24824887607246637,5.722873650491238,192
a9353f56-ccb7-40d9-90ad-9804be2687f9,9bc4feee-617f-4059-8c66-f3a6b1d07f17,7944233.260753949,7944233.895678896,7944239.295999307,1140,200,0.634924947284162,5.400320410728455,176
c74803d8-2dd5-48a6-b1d2-7ab60035d5a8,de528792-7b2e-4008-9f06-3c9229e60e2f,7944232.260643983,7944232.411993638,7944240.3095760085,1326,200,0.1513496544212103,7.897582370787859,224
73635d44-c56c-4af4-b812-a3f239cc964a,a88040f4-3d46-4ddd-9db3-d9cefb577c4d,7944233.260747455,7944233.93097297,7944240.742802738,5862,200,0.6702255150303245,6.8118297681212425,192
1b68b0ee-a9b8-4388-8944-6af5eceb9e66,0c5040f1-c2d1-426a-938c-7f9a128ef1a7,7944234.260325759,7944234.831222327,7944240.761908209,6468,200,0.5708965687081218,5.930685881525278,192
6e415c4e-dc85-48b9-8151-2f5b3b171756,66a3a1ab-8428-410f-8284-bbbcc40e3d86,7944235.260894654,7944235.88951596,7944241.301031547,4135,200,0.6286213053390384,5.4115155870094895,160
8929ae82-e3b2-45dc-858f-5756ab803420,d361340e-7ada-4795-9f86-b45068834ca9,7944233.260750599,7944233.778390425,7944241.311581515,4595,200,0.5176398260518909,7.533191089518368,192
2c0fba89-941e-4f59-97aa-738fd7254af6,f100c4de-e895-4c45-a630-52e0d04a19f5,7944233.260740955,7944233.748399782,7944241.637480035,5535,200,0.48765882663428783,7.889080253429711,192
f4ecb38e-ff17-44fa-be76-46004c901c08,bd4d247d-3324-43ef-b1b8-ee86801436f5,7944233.260730585,7944233.518060195,7944241.812112228,2448,200,0.25732961017638445,8.294052032753825,176
600c701b-b98b-4396-88fe-5bc75d93ca43,f08a5a98-ba52-4eb6-9dfc-c3e02b3c3c96,7944234.260316457,7944234.753483169,7944242.191398256,6007,200,0.4931667121127248,7.437915087677538,176
cf10776f-968e-4b78-8da6-427c542322d8,749cff23-59a3-425b-bc36-69a36ebb5518,7944235.260875298,7944235.583848642,7944242.281783143,2879,200,0.3229733444750309,6.697934500873089,160
393c5310-f437-4be0-8721-e7dacfe38cd3,5f1dfde8-0414-448f-b867-af9a8603ce0b,7944235.260897426,7944235.811872713,7944242.721804694,4413,200,0.5509752873331308,6.909931981004775,176
9002e509-95a5-472d-a875-66fc12c64627,ae3515b7-b2c3-4055-9fee-cc35030fc4b2,7944237.2612161,7944237.849931357,7944243.910831064,2179,200,0.5887152571231127,6.060899706557393,176
03dd4eda-4ac9-44cb-81d8-86be6a3944d8,caa2e6bd-03cc-4259-9a46-3330ef527f05,7944235.260891536,7944236.195956845,7944244.046988555,5835,200,0.935065308585763,7.851031710393727,192
7d9d272e-caa5-4beb-a80b-7c70eb714242,22c8b384-fed3-4c7f-8565-f8172214ee15,7944236.260957949,7944236.771496525,7944244.202149592,5823,200,0.5105385761708021,7.430653067305684,176
f21c6c8b-61e4-4595-a089-2108d2606b2b,844a87c7-258d-4606-b701-dd25f9c331ff,7944235.260888811,7944236.082930987,7944244.76111782,5822,200,0.8220421755686402,8.678186832927167,160
38023443-aff6-456b-b8fb-004bc7f353da,5ddff232-d368-427e-9376-43248f95b38d,7944237.261205503,7944237.812555478,7944244.901358583,6126,200,0.551349975168705,7.088803105056286,160
3d505042-2157-48b5-b040-483b3617c092,cf53ec7b-8773-48c4-bfea-fbe3da37a269,7944237.261233943,7944238.032373506,7944245.106426183,6042,200,0.7711395630612969,7.074052677489817,160
1706b0f8-95b7-49e0-b78b-fd75480a39ad,43515880-6b47-44ce-ad5a-c143292b1649,7944237.261226876,7944237.853330253,7944245.574914774,5975,200,0.5921033769845963,7.7215845212340355,160
03c94cc0-d165-45b9-a2d5-5280eb55a23d,41a8ee23-c625-4401-b4cb-e78c442b71c4,7944238.260788855,7944238.593891757,7944245.882869111,3508,200,0.3331029014661908,7.288977354764938,256
9c1ad749-d7d1-4b9d-8023-a8a096f50ec3,d44c23b8-69bc-4fe6-96fe-f7f6ff821c72,7944237.261220493,7944238.136096389,7944245.90226086,5961,200,0.874875895678997,7.766164471395314,176
8e747fc6-78bc-4afd-8e24-b063b03e2cec,0a6e1c4d-4f69-4db3-b893-0aa1755f54ee,7944235.26088482,7944236.194846964,7944245.934025847,5582,200,0.9339621448889375,9.739178882911801,176
e719b902-b5d8-4473-92db-f6c238db48ce,bcb9a03c-7a7d-4221-8d1f-5f52836f8b7c,7944239.26105183,7944239.7485023225,7944245.984574279,2541,200,0.4874504925683141,6.236071956343949,224
b9892fd2-c18f-4142-b6f0-a23ce858e177,378a8dc1-f4bf-4176-8004-137448e51ca8,7944238.260804146,7944238.869073572,7944246.1230690135,1809,200,0.6082694260403514,7.253995441831648,176
27a26fac-05b6-46b9-8f5c-eacd5d09eef4,47290926-f76b-42a0-b6b0-95ae3ac5a196,7944238.260810828,7944238.646779062,7944246.169668381,3440,200,0.38596823439002037,7.5228893188759685,288
5b556d98-11d6-4b9d-a5ab-d85cd0cc9f6a,584dad95-d36b-497a-92bb-3cefd7fd8072,7944241.260405133,7944241.875563273,7944247.031254258,6011,200,0.6151581406593323,5.155690984800458,192
fd2f30c1-ebf8-401f-8c5c-28f406b8de24,3d8863b7-df29-4780-bd2e-c251d2407494,7944239.261042952,7944239.769115217,7944247.041137703,5927,200,0.5080722654238343,7.272022485733032,176
99c97acc-182f-44b0-ad95-43f4403af8c6,4131e3cc-5480-4d8c-9fef-c2f6acff68e7,7944240.260585503,7944240.825447937,7944247.1893093875,4195,200,0.5648624338209629,6.363861450925469,176
87c70fba-991f-44c5-a6e0-08ae56ff237d,dfe44e20-e90e-41c0-877e-c3fbc36bc1f8,7944237.261223565,7944237.743807034,7944247.210016712,877,200,0.48258346877992153,9.46620967797935,224
4b24c216-6294-403f-b4b3-781d2978e2d8,bfd5456b-00d8-4af0-b7ca-9b61915339b8,7944238.260807825,7944238.91302721,7944247.626787384,2246,200,0.6522193849086761,8.713760173879564,192
185ad1fe-1b97-402f-adfe-78b6942fe505,c9893413-7418-4865-94fb-0696dc49f758,7944239.261055057,7944239.509766009,7944248.121045709,2656,200,0.24871095176786184,8.61127969995141,176
cec0cc11-d79e-4630-827e-36152770a089,6a19083f-2cb9-4a28-b5a5-fe5affc36867,7944242.261143083,7944242.492645561,7944248.300982425,635,200,0.23150247801095247,5.808336864225566,192
3c8c3013-4d8f-4009-b782-1f1f19bdb66c,815feb3a-ad0f-4a1c-9270-1b7572814464,7944237.2612312,7944237.964107601,7944248.734889926,5885,200,0.7028764011338353,10.770782325416803,192
cec7af57-ec12-45b4-ab14-9e0e82e7f074,32379e4f-c52b-4533-87e4-7ccbc01e4871,7944238.26079969,7944238.576082604,7944248.901998087,3047,200,0.3152829138562083,10.325915482826531,176
4f27c54b-2c18-494c-97f4-3a196028e88f,173d8474-31a7-49c9-a766-796c9ce56475,7944241.260411782,7944241.604222325,7944248.934478101,1674,200,0.34381054248660803,7.330255776643753,256
c04d5b99-7cc2-4d0e-b732-5bae2553b525,32fb687a-464c-4e34-81ac-888a775f869d,7944241.260389558,7944241.5360757895,7944249.02851079,1903,200,0.2756862314417958,7.492435000836849,192
f1fd8ced-f231-4aba-a407-96b5623d0064,fbfe9e9f-aa2f-4a16-90bf-74ab86e7032b,7944240.260596242,7944240.614436502,7944249.064791706,3661,200,0.353840259835124,8.450355204753578,224
23c67b4e-5153-4501-9f22-76a2687219ec,850a9e15-1175-420d-83de-67148187b5e5,7944243.260526794,7944243.490239953,7944249.24940484,685,200,0.22971315868198872,5.759164887480438,176
9ddcb50c-c3cf-4d55-9cf8-28d435de1ad5,f17a4867-8187-4bc8-b761-c5e2f43461f5,7944241.260401065,7944242.231602336,7944249.483750572,5922,200,0.9712012708187103,7.252148236148059,160
f1f1c8c7-981d-424d-ab2a-a9e2528dd0c8,70040244-0ba8-4018-b9e4-d79962cfab6a,7944242.261138664,7944243.234019154,7944249.607763016,5795,200,0.9728804901242256,6.373743861913681,224
0ca4bf6a-f2e4-47e3-98d6-1cf98994570b,e10a6047-966d-41f5-9abd-eada18afadd3,7944243.260522958,7944243.953427724,7944249.7236553235,1856,200,0.6929047657176852,5.77022759988904,176
c9d443d1-6b13-4849-8495-1fc2d58eea1e,51d7aec4-2dba-42c1-8f75-3193d8c9b3b1,7944244.260345434,7944244.436591303,7944250.04525986,389,200,0.17624586913734674,5.608668557368219,176
076be026-b5d4-4857-b029-6b8d21d788cc,e6df0d94-0262-4692-aada-441e4bd594e3,7944242.261140848,7944242.572386039,7944250.255587632,450,200,0.3112451918423176,7.683201592415571,192
0e5030f8-d075-4601-a83c-44ba781feb3d,a3c929d0-baa7-4945-b63f-33a6fc39fd65,7944242.261135711,7944242.702343,7944250.403153068,3230,200,0.44120728876441717,7.700810068286955,192
6ce988bf-0d6a-4376-9561-f6e5e75ca118,d28d1e2a-443d-459d-9383-6bdc450581a6,7944239.261057652,7944239.780320466,7944250.401924175,5872,200,0.519262813962996,10.62160370964557,176
37557a0b-1191-4d95-8247-c3359ff4ef67,a652313c-8964-4423-b134-65f44458edb1,7944244.260354837,7944244.4970939355,7944251.054938504,2765,200,0.23673909809440374,6.557844568043947,192
44c763e5-58ed-4379-be30-25812054c591,899c2615-9ae4-4ce5-91c4-b802b05ed50e,7944245.260691728,7944245.461968947,7944251.086916021,1773,200,0.2012772187590599,5.624947073869407,544
a732a0e8-b0fd-4fad-bae9-ce65db3323d2,faaf4675-e336-4c29-ba22-f21742dac9e8,7944240.260599585,7944240.776549229,7944251.66129643,5802,200,0.5159496441483498,10.884747200645506,224
004e2ac0-6b8b-4263-98ac-30cc149f6e34,0759bb94-aa77-4047-8f94-34cc9c62436b,7944243.260529446,7944243.881624855,7944251.767702779,5956,200,0.6210954086855054,7.886077923700213,192
c9edc270-1e10-4dd5-b1bc-2266231a210a,e75457ed-6df5-4031-9265-1be7e8cbd160,7944243.260517541,7944243.779228103,7944251.894916219,4915,200,0.5187105620279908,8.115688115358353,176
90b70a55-d4b4-4029-92c0-40d98ca420ba,5c6dac57-aba8-4008-9b1b-2dc74818894a,7944243.260520053,7944243.926712653,7944252.114735927,4548,200,0.6661925995722413,8.188023274764419,224
2378dfd7-50d0-46d5-8279-2930c33ab901,3e29e7d8-6d1a-47d0-9144-aee9df51a47e,7944244.260359804,7944244.6131845,7944252.211078449,4066,200,0.35282469540834427,7.597893949598074,176
0c4077b5-d88b-49b0-8f93-cbe6167cb725,ec13b1d0-76b0-4b76-b16c-1f1ba5a32e9c,7944242.261126808,7944242.767812546,7944252.2450978365,4587,200,0.5066857384517789,9.477285290136933,160
7336bfba-5722-40bf-a548-1162bbee0c11,94d515a9-ef0d-42ed-ace0-0af11d850115,7944241.260408364,7944241.953737695,7944252.342600289,2351,200,0.6933293305337429,10.388862594030797,224
676dc133-b211-4a55-888f-9515b1e548d4,c494ad38-eca5-4234-ab94-6b47ba0ceac5,7944243.260539044,7944244.16964051,7944253.7125598425,6348,200,0.9091014666482806,9.542919332161546,192
55d14182-9713-44f2-9f6f-078fda5e029a,732bab4a-94d1-4943-bfac-f7dea0eb73d0,7944243.260513923,7944244.4558228,7944253.74241367,5312,200,1.1953088771551847,9.286590869538486,160
89eb8931-7c40-458c-8dfa-28f1c65604d3,e1a9d263-ac30-4000-851a-1dbe52fb62c1,7944245.260701921,7944245.742538976,7944253.74911205,5786,200,0.4818370547145605,8.006573074497283,176
05d3ef1c-18be-4c65-bf93-83393854bc61,f48f3c83-7b8a-45e5-a0fa-74a6e92599d8,7944245.260705949,7944245.877143037,7944253.818363888,5880,200,0.6164370877668262,7.941220851615071,160
5563a22b-08f5-47d3-b7a7-2dbcb7c23e95,4dc898de-9d0d-4eef-9608-2e7f5c017b44,7944243.26050422,7944243.618231824,7944253.992267134,3472,200,0.3577276039868593,10.374035310000181,192
8f11d413-7066-4e58-84f7-78f9f81781eb,0899530f-4ed7-49f5-91aa-9eef27c4e875,7944243.260532294,7944244.041700259,7944254.010119075,5958,200,0.781167964451015,9.968418816104531,176
3c17d81f-58d4-4f16-bd7f-bac210584b97,3a3d8f95-20e5-48e9-a332-7a0c444f6704,7944245.260709804,7944245.768232873,7944254.250346906,5908,200,0.5075230691581964,8.482114032842219,192
3b1c5826-85d5-4dce-a442-d04dc4d348d3,0fdf3a79-0b56-4d09-930d-738eaa2f1f84,7944246.260276194,7944246.724383054,7944254.742461777,5753,200,0.46410686057060957,8.01807872299105,192
0525c8be-57f1-4bd7-8e11-eb4ebb024a78,c83dc93a-17bd-4b97-ae1e-ea8cd1dbecfe,7944247.260891215,7944247.763771501,7944255.004691778,5908,200,0.5028802864253521,7.240920276381075,160
7e9f54cc-bf90-482c-95d3-1e83e3288602,828db195-ca5a-4484-848e-1fc6ac242624,7944247.260903077,7944247.750837456,7944255.384419927,5718,200,0.48993437923491,7.633582470938563,176
ea33d160-262d-4559-8e56-e5a0eaa99970,7c8adab7-544c-4106-916a-d86d02536d30,7944248.260365041,7944248.7577670785,7944255.549258154,5819,200,0.49740203749388456,6.7914910754188895,176
a812da4d-9a27-4366-af27-59c67c7e9604,376fc79f-2991-4706-a6b7-8d5e7ec64423,7944243.260535721,7944244.994752173,7944255.789200285,5520,200,1.73421645257622,10.794448112137616,176
9113ba37-9aa4-4294-9c70-e87b4d2105c0,46bd3676-773d-451b-b059-76d7d11d48fb,7944244.260357716,7944245.368303226,7944255.823718921,5826,200,1.107945510186255,10.455415694974363,192
5b89ba30-deaf-4800-a8ac-a243b3f99494,52901222-0bb4-47e4-8bba-8825319cf100,7944246.260280295,7944246.583634361,7944256.767300317,3545,200,0.3233540654182434,10.183665956370533,192
760a2723-4108-44a9-bd3f-fe789ae79d2a,9b048b14-06a6-4574-a80f-dbc23b48d9f7,7944246.260265332,7944246.895542192,7944256.780848667,5813,200,0.6352768605574965,9.885306474752724,160
1ddafb71-d76a-4945-81ea-ab86b16b1ca8,d320f06b-a0b4-4a9d-b201-e2bc260657f4,7944247.260900259,7944247.624051756,7944257.174323038,3975,200,0.363151497207582,9.550271281972528,224
37c8f679-4d6e-4119-8806-248a03df3422,8ae210f3-b09b-4bc9-9dfb-bcc885974677,7944248.260355541,7944248.709862895,7944257.7199120205,4707,200,0.44950735475867987,9.010049125179648,224
01128fb8-c18a-4643-a39d-e6cbb4dc1653,28b85227-ac6e-4816-91bf-18a4f64c1445,7944250.260682163,7944250.845546129,7944257.787278437,5734,200,0.5848639663308859,6.941732307896018,160
f555e9bf-75ba-4ccf-9890-5f49952bdd7e,11930aa0-eecb-4b90-8321-5576b64783b6,7944251.260710199,7944251.948991754,7944258.229891613,5835,200,0.6882815547287464,6.280899859033525,224
8a12565d-f49a-4967-ba99-765b036e8fae,1cc89369-2782-418c-93f1-6fd3c276dc1b,7944250.260679739,7944251.313600699,7944258.784118682,6668,200,1.0529209608212113,7.470517982728779,160
e4a46a6a-149f-4ff2-b649-6d684f809f22,7f67bd0b-ddb0-444e-86e9-2afc934f05db,7944248.260368936,7944248.763135239,7944258.998524656,5882,200,0.5027663027867675,10.235389417037368,224
d6fbfaa0-bb86-4570-bdc7-e5763df89a1b,a82d788d-1656-4227-a60d-4a157f7d4fa6,7944252.2608793,7944252.715819442,7944259.082045623,3231,200,0.4549401421099901,6.366226181387901,192
c380776d-bd7d-4152-bf2b-702dbc5dc295,e4739dd6-a5ff-40d1-b9c1-1c5ea193b984,7944253.260717527,7944253.383329619,7944259.875875051,1001,200,0.12261209171265364,6.492545432411134,160
a7c1bfd3-b3de-4f4d-aa26-0d0a4d5a0390,a88040f4-3d46-4ddd-9db3-d9cefb577c4d,7944252.260869207,7944252.94620824,7944259.926461017,5862,200,0.6853390336036682,6.980252776294947,192
0e14034f-b131-4ede-a566-cc568da7ecae,187f15cf-abd4-40d5-b327-1bd0cec63671,7944251.260661476,7944251.608801271,7944260.080716886,3487,200,0.3481397945433855,8.471915614791214,176
cc938ec8-cd71-4225-a973-b5703f16155b,91817d88-3093-4655-a55c-1e6106fc4d42,7944249.260431798,7944249.733043703,7944260.093592541,5955,200,0.4726119050756097,10.360548838041723,176
ea38a71d-ce77-4bda-94a0-1fb44f473de2,6ba87a37-5514-486c-a5f6-0a7c5f9057f4,7944253.260713895,7944253.525416883,7944260.283763822,2757,200,0.26470298785716295,6.758346939459443,192
3d1acb17-de0b-43c0-a246-21fe80676d00,0883483d-ba52-4103-b119-afeaa09302ef,7944250.260669311,7944251.195502246,7944260.45950837,5864,200,0.9348329352214932,9.264006123878062,192
08ebdff8-d4aa-4c64-a216-9fa2ec615601,899c2615-9ae4-4ce5-91c4-b802b05ed50e,7944254.260379399,7944254.740429416,7944260.473845841,1832,200,0.48005001712590456,5.733416425064206,288
e4b4ffeb-8d5b-4014-9385-5e3533a873ce,558d1a32-11e7-4870-b268-20a3c0b14d67,7944252.260859258,7944252.878711084,7944260.951549025,5786,200,0.6178518263623118,8.072837941348553,160
20227a86-7e93-45e3-8d5d-4e6ca345d11c,00d31eb0-b908-4fd8-b7c3-40330a3b5089,7944252.260883085,7944252.9952218775,7944261.592918865,5110,200,0.7343387920409441,8.597696987912059,224
83491cfa-246d-4896-b015-4b2c89b6e335,02040ade-ed2d-491c-ad7f-c7feac81e298,7944255.261275913,7944255.385270517,7944261.678009564,858,200,0.12399460468441248,6.292739046737552,160
a6f14575-46ee-4055-ab5d-00b242e4518d,e33a9d69-0943-4460-8168-0f009275bb34,7944252.260876156,7944252.875427084,7944261.700833808,1145,200,0.6145509276539087,8.82540672365576,176
1f57be06-c462-4b77-8afe-d7dc924ad18c,8b04069d-53db-4f71-b312-8d4dedc41864,7944254.260368455,7944254.8550827755,7944261.96103331,5958,200,0.5947143202647567,7.1059505343437195,176
7ee8338b-07bb-4e7c-986e-cbc5a5767bc8,119381d5-69e5-4c08-b438-534c58547839,7944254.260382904,7944254.853093535,7944261.959566723,880,200,0.5927106309682131,7.106473187915981,192
812fd16b-6484-4d31-bf3a-9c6eab80897f,97e6ae57-69da-4647-a7d0-d90457e6abcc,7944253.260703073,7944253.411384359,7944262.0963916,1269,200,0.15068128611892462,8.685007240623236,192
75dc3d90-9454-4d81-b56b-85b1b945ab27,ce4d3f5a-faf3-4b06-b766-a614f1096c6f,7944250.260676672,7944251.061231856,7944262.13813733,5959,200,0.8005551844835281,11.076905474066734,192
b915aea1-ce93-4031-bea9-9e1a8f073fcb,773031a0-4df5-41b1-9031-e9c5d037efa1,7944254.26035773,7944254.479693512,7944262.294973186,1819,200,0.21933578234165907,7.815279673784971,192
2bce6be3-4d24-4969-9d66-5cb79cb7d616,cfbe6bee-cd08-4654-810f-1a3b3025c764,7944252.260873041,7944253.135718112,7944262.705163577,6751,200,0.8748450707644224,9.569445464760065,160
fef13e64-b102-441c-a7bd-1b27126de4d5,e9333846-4b52-4552-b7b0-49ce8f3d396a,7944256.261256447,7944256.433605091,7944263.046620709,1447,200,0.17234864365309477,6.613015618175268,160
72d22bea-e0b7-49c1-a68f-aa5fe711bc9d,8e505307-8830-46b2-ac68-84a7d5dbd9a0,7944254.260375448,7944254.469253836,7944263.05034801,2188,200,0.2088783886283636,8.581094173714519,160
3fc4e1cc-2063-414c-b37a-668a2b96da0d,2b0b6d27-8a7f-458e-8a26-26ecad67cecb,7944254.260372679,7944254.846173675,7944263.233293557,2617,200,0.5858009960502386,8.387119881808758,288
54697210-a76a-40d2-833b-4aee72fde86c,5081ad02-1e94-429c-b756-848bd4f73416,7944256.261246956,7944256.3359470405,7944263.629684337,350,200,0.07470008451491594,7.293737296946347,224
24dccc21-f418-476f-a5fb-aa892436097e,518b2120-1899-4a0f-af6e-5a114887002b,7944256.261253265,7944256.35137895,7944263.655683887,385,200,0.09012568555772305,7.304304936900735,176
0ae48628-296f-48e9-8209-f3d40868085f,f0cbebc5-adb6-461b-9b21-22667b2f1d8c,7944257.260435686,7944257.515729182,7944263.773641323,2741,200,0.25529349595308304,6.257912140339613,224
87933564-ed07-43cb-ae73-e4ef46a470fb,c2cf61e6-40f9-49e5-a7f1-e24130e70596,7944255.261292285,7944256.153741436,7944264.080015479,5837,200,0.8924491507932544,7.926274042576551,176
32971024-6a68-418d-a09b-e4985a7ee6f9,d8a397bc-57f7-446c-afd5-6ed41a735419,7944256.261236098,7944256.424691338,7944264.733673045,1530,200,0.16345524042844772,8.308981707319617,192
5d4e4ce5-9c59-4700-b7ac-88cd22b4c0eb,137ad8cf-63fb-4db5-bb47-7e4c09778b00,7944256.261250267,7944256.714993011,7944265.146129873,5971,200,0.4537427444010973,8.43113686144352,976
990f005b-1a3e-48dc-b030-52c9d8c9c5c6,2375aed9-bf2b-4d31-b02f-4651375f6697,7944257.260418292,7944257.402817516,7944265.257848423,741,200,0.14239922352135181,7.855030907317996,176
d37af647-742a-4114-b7fb-22545c10dbc1,27d34d22-9260-40a3-99e2-e20e86c4cfe7,7944257.260428446,7944257.551552935,7944265.290581723,3099,200,0.2911244882270694,7.739028788171709,160
75d8fc51-957e-4828-a12b-973e4fe36a97,b95dfb64-0406-4605-9307-eb2ed587ac22,7944258.261160664,7944258.745736992,7944265.498132789,5895,200,0.4845763277262449,6.752395796589553,224
b35e4c33-d206-479b-83aa-2a8e761b3768,c4a9bd9e-033a-4322-9b9d-58977f2fd183,7944255.261289545,7944256.029666187,7944265.855583882,3800,200,0.7683766419067979,9.825917694717646,192
0eadaaae-272f-49a7-9b2c-f65758e870e0,95e47ed3-e422-4bf8-a2f8-ba075c7ef290,7944259.260301396,7944259.526900475,7944265.907549478,1735,200,0.2665990786626935,6.380649003200233,224
f3e6ef38-338e-41aa-93a4-d3595c2e6aa9,1958dd0f-5de2-4626-bca0-02cbc78c8aeb,7944257.260432391,7944258.107715976,7944265.914559447,2602,200,0.8472835849970579,7.8068434707820415,192
cfd5432f-fe3a-4dd3-91bc-127178eae31c,173d8474-31a7-49c9-a766-796c9ce56475,7944259.26028917,7944259.930590939,7944266.050818427,1662,200,0.6703017689287663,6.120227487757802,256
8e6a3bb8-32f7-4ba2-94d3-c916808e4684,f9b63fbd-926e-4b5a-a306-1e20c2f21778,7944255.261285486,7944256.113901834,7944266.071339731,4763,200,0.8526163483038545,9.957437897101045,160
30a5e794-eabf-4660-a2d5-88e54348ab16,a16f5240-7964-4ea6-8660-0762c30468df,7944258.261151707,7944258.491532211,7944266.13344507,2367,200,0.23038050439208746,7.64191285893321,176
a3a9cb4e-0320-4dd3-8fcc-3d0f32313c44,51d7aec4-2dba-42c1-8f75-3193d8c9b3b1,7944258.261164089,7944258.321543515,7944266.335494877,389,200,0.06037942599505186,8.013951362110674,176
ae284882-6803-42e8-a72f-576b8a518ada,0f461546-1087-4ea8-86ba-ebc6af9b16f9,7944260.260419256,7944261.184164112,7944266.966660637,5755,200,0.9237448563799262,5.782496524974704,176
0b6d1501-9324-4ba3-8fe5-a1eeceab5b14,15e18881-cbb9-4802-a422-20808dd1ab23,7944259.260297542,7944259.869528112,7944267.018807404,1648,200,0.6092305695638061,7.14927929174155,176
425e26d5-9b6a-4997-8574-54c47dcc2b42,fc991f32-f1b6-4afe-ba3b-a472773d0110,7944259.26029334,7944259.680092862,7944267.067883395,1478,200,0.4197995215654373,7.387790532782674,192
8b5053ce-bba0-496b-8c50-3878fbb32d91,31d93950-a967-42cb-aec0-6513d12008a1,7944261.260373082,7944261.506098763,7944267.082912572,2985,200,0.24572568107396364,5.576813808642328,224
060cf9d5-4869-41c7-ada5-dd76f8fa5be7,b9059ca1-41f6-4bb2-a78c-89f60ec16a23,7944259.260305505,7944260.244265181,7944268.026510164,2313,200,0.9839596757665277,7.782244983129203,160
011b9b26-daae-4761-a11d-a1b50265a0c2,1326464b-c372-47f9-8850-927fd5f180aa,7944260.260415391,7944261.075495753,7944268.156584074,4246,200,0.8150803623721004,7.081088320352137,224
987e3c89-4278-4710-a1fe-12d0784e9e02,96fd4659-a409-45b4-ac31-ac3be6cd91f8,7944260.260422508,7944260.803866738,7944268.157278678,4383,200,0.5434442302212119,7.3534119399264455,224
96a72fce-ff42-4ac8-95b2-280ba399beed,de97fead-7ef2-4b4d-af77-6f2fa230612d,7944259.260284117,7944260.222174864,7944268.16557667,5895,200,0.9618907468393445,7.9434018060564995,176
db5a69fc-5b9d-40b9-877a-a580a5c20dc3,47290926-f76b-42a0-b6b0-95ae3ac5a196,7944260.260411914,7944260.977775596,7944268.309609311,3386,200,0.7173636816442013,7.331833714619279,288
2429fedb-49a7-4a58-a57a-828910a9c3f6,929b8a4f-ae3d-429e-830a-f69897f7f505,7944263.260459946,7944263.747369359,7944268.329379329,5483,108,0.48690941371023655,4.582009970210493,160
bfee5701-9e7a-4b45-b338-16ca74b4204a,eaa14318-4f95-461e-9213-5b24ea716730,7944260.260401318,7944260.758382083,7944268.82249359,5318,200,0.4979807650670409,8.064111507497728,160
a98e17d6-b515-470b-9b48-e0552934c057,b445a6a6-6bdc-421a-87f2-2617512f76b6,7944261.260357995,7944261.352459932,7944268.878427537,658,200,0.0921019371598959,7.525967605412006,192
f9cbef7c-475b-4b60-89d4-41531541e8ee,773fcc75-711c-4081-bfea-8e9f5d5f8c42,7944259.260309611,7944260.322015807,7944269.099486967,1179,200,1.0617061955854297,8.77747115958482,160
ba325b46-15fb-46f9-b895-ca363b065c2a,6e324056-7897-4c8b-93de-3f0d2871a1a9,7944259.260271603,7944260.0361811025,7944269.158029796,5956,200,0.7759094992652535,9.1218486931175,192
c0fdd5be-dd38-4420-930d-715d8bf3520b,2a455136-68a7-4f2e-ae04-e584f979ee34,7944261.260368882,7944261.676426862,7944269.168059813,4746,200,0.41605798061937094,7.491632950492203,176
5fd81062-cec4-4373-b272-8c42fe322cc0,af4b1375-aefd-45d5-8a5c-3dd4d84c4dc4,7944260.260430673,7944260.990854782,7944269.164961244,5895,200,0.730424108915031,8.174106461927295,160
01b6903a-fa79-4668-a075-25fea3d8c340,efedac55-57dd-4acf-9f7e-f6bbd7243fbe,7944262.261068041,7944262.461373469,7944269.283847782,1613,200,0.20030542742460966,6.822474312968552,224
f9d2e19c-eefb-476e-8c9b-4ae447aa1809,0d6cfb7c-9564-4e6b-96ab-aec695811479,7944260.260426688,7944261.296546776,7944270.79200857,5944,200,1.036120087839663,9.495461794547737,176
450551a6-284d-48a0-9662-7c84e58feecf,eecbcd88-7743-4e34-95b6-1c67dec9ac89,7944262.261055383,7944262.717411423,7944270.980324153,5208,200,0.4563560402020812,8.262912729755044,224
d183e124-6714-4680-9412-407884c400fb,5562c1a1-e6b0-40ec-96dd-5ea84936cbf8,7944262.261064721,7944262.775926603,7944271.269540123,5924,200,0.5148618817329407,8.493613519705832,176
7611f983-042e-45b3-a790-166118fb09b9,6c222109-f6f2-46ba-8c2a-fa24376d9683,7944263.26044842,7944263.380058352,7944271.297252488,752,200,0.11960993148386478,7.917194136418402,224
77054403-af7e-4396-b34a-a517c9237cf1,c1aa437d-4a45-48f5-a4ba-fefa5588951c,7944262.261070895,7944262.614945247,7944272.915915036,4230,200,0.3538743518292904,10.30096978880465,176
45b5d635-74fd-439b-9418-b7994805b760,a4910820-870d-4238-922d-93ffdf3d500c,7944264.260433089,7944264.816077235,7944273.023804024,935,200,0.5556441461667418,8.207726788707078,160
972ee230-5f6d-47ce-8935-ea38c464cc31,62668b5f-d3c2-4774-bf3f-6674f4688863,7944264.260440956,7944264.816705232,7944273.730855457,857,200,0.5562642756849527,8.914150224998593,160
358fec6b-3ca6-465d-85dc-7fc659b877a8,a4f0c701-3c40-428e-a46d-38a2479e43d2,7944263.260456948,7944264.16790524,7944274.238726211,5918,200,0.907448292709887,10.070820970460773,176
0fe5ab2b-f16c-46f9-bc76-816acc1caea8,9cc9f7c7-21b6-4049-9427-8e83dd93cba6,7944265.260336092,7944265.753987341,7944274.247934771,5752,200,0.4936512494459748,8.493947429582477,176
b4118412-fad7-4eab-ba7d-794e7865788a,fd66c258-5859-4553-99da-0f386f57432c,7944264.260444282,7944265.015949215,7944274.913667074,3841,200,0.7555049331858754,9.897717859596014,160
2ef43dde-94d5-4cd8-8b57-8e13131e240b,10be3b43-0ffb-46e1-a876-5e00af159cb2,7944264.260423462,7944264.801525681,7944275.13963243,1584,200,0.5411022193729877,10.338106748647988,192
56a06036-c8a1-46c5-b578-800f8669fd2e,ceb8b264-daa4-4142-9261-329766ad7443,7944266.260784137,7944266.871872288,7944275.20537962,1278,200,0.6110881511121988,8.333507332019508,160
efd456ae-60a7-468f-9275-2caa8c6b960a,16c13356-28d3-47de-b107-a5a7029a64ab,7944264.260427179,7944264.907817965,7944275.816406887,5672,200,0.6473907865583897,10.908588921651244,160
9c20948c-cb1a-4c7e-9566-f5f1d471b80c,93f972a6-65ef-4743-aae5-aab226f65263,7944267.26093793,7944267.736305831,7944276.180620568,5871,200,0.4753679009154439,8.444314736872911,224
6c996dec-0500-4413-94ba-f60cb3c00999,43515880-6b47-44ce-ad5a-c143292b1649,7944264.260437085,7944264.848267676,7944276.203778977,5957,200,0.5878305910155177,11.355511300265789,720
ecb1d120-c01b-45df-ba51-03c73ae2089c,db50af28-fa33-4f95-803d-71036af6bdbe,7944268.261218088,7944268.771796396,7944276.867116727,5904,200,0.5105783082544804,8.095320330932736,176
68a5c3dd-852a-4df7-af32-d04d09d637d4,6b12e983-df72-4200-80d7-0a4adbe5d91e,7944266.260774874,7944266.800302408,7944276.98764878,5955,200,0.5395275335758924,10.187346372753382,224
5003475b-0824-4e77-94bf-d0a9a685c607,9c12cb33-cb8b-46f3-b54d-8d364af5f3c9,7944266.260781236,7944266.536336395,7944277.119682484,1479,200,0.2755551589652896,10.583346089348197,192
b7218c94-4219-48e3-bf2d-2334fc3d1c47,d9b5ce8f-1f03-4b93-af09-4e750c6473c8,7944264.260430067,7944264.736175288,7944278.007997004,4103,200,0.4757452215999365,13.27182171586901,224
949a5da3-e747-455e-a20e-5ebef6d51da1,70040244-0ba8-4018-b9e4-d79962cfab6a,7944264.260413886,7944265.089704784,7944278.278409218,5847,200,0.8292908975854516,13.188704434782267,224
fe19216f-64dd-4769-ace9-09f743217a18,d3c281cc-c614-44fe-8f21-6cc69e3b4127,7944269.260574361,7944269.661234806,7944278.393445632,1797,200,0.4006604449823499,8.732210826128721,160
5bb0d6f1-87bc-434e-b355-4badfdf07eb6,a9ee696e-7782-458b-b0e3-a5f993f4a8eb,7944264.260448445,7944265.375651839,7944278.398234086,5835,200,1.1152033945545554,13.022582246921957,176
11b37c8b-8758-4e0f-aeb2-1e98c22f5757,5511cc70-31b4-41f6-8fc3-305d10d1e7d9,7944265.260344046,7944265.864643099,7944278.403289686,6329,200,0.604299052618444,12.53864658717066,192
28845df6-ca64-4bc3-bb63-43c71d195b81,57653307-c6ff-4c87-8138-1533b53900a3,7944267.260954063,7944267.753325261,7944278.421140199,5930,200,0.49237119778990746,10.66781493742019,160
059f2be2-7d50-447d-a89e-a45cd6ef94ee,c22fb9b8-9ddc-4b2a-99a0-55d2562e0072,7944269.26059397,7944270.283005191,7944278.658509388,2771,200,1.0224112207069993,8.375504196621478,192
c5a85958-0384-4d97-a539-6a384f793472,e793cd05-3809-4e36-8e78-d44bc000c93e,7944266.260778279,7944266.883674219,7944279.009310628,5740,200,0.6228959402069449,12.125636409036815,160
731034cb-f282-4aae-b95b-f1deb0c0487d,de528792-7b2e-4008-9f06-3c9229e60e2f,7944268.261214688,7944268.597877345,7944279.015243262,1454,200,0.3366626566275954,10.417365917004645,224
9ffd220f-e185-42a8-863d-5ad063f43aad,cdf5f7dc-c349-4b90-abc8-6f86fa5415cd,7944265.260346855,7944265.715914843,7944279.097809985,2758,200,0.4555679876357317,13.38189514260739,192
354ffa1e-29f9-4bf2-a88e-527a48b8ce73,5f03cc52-082c-4278-836e-b69155dec9ba,7944266.260764712,7944267.310710281,7944279.3396282075,6341,200,1.0499455695971847,12.028917926363647,160
7a348784-0bbf-429c-9083-536412543411,0efc611c-a104-4cc5-ac35-e883e7cebda7,7944267.260951313,7944267.368243935,7944279.370583955,727,200,0.10729262139648199,12.002340020611882,160
2dec7d8c-b05d-4da4-93c4-110de67c4e60,a88040f4-3d46-4ddd-9db3-d9cefb577c4d,7944266.260786852,7944267.039130397,7944279.847914294,5862,200,0.7783435452729464,12.808783897198737,192
e67c0815-3ef2-44ec-b357-483c454f6972,da124fb2-ca2e-4440-92f2-d93236ae14d2,7944271.261241017,7944271.439143573,7944279.88111907,1558,200,0.1779025560244918,8.441975496709347,176
3537553a-3ec4-4111-954f-9eaaea215455,00237d17-5a7a-4844-95a2-634553f9bde7,7944269.260596666,7944270.258304552,7944280.333329855,4412,200,0.997707886621356,10.075025303289294,160
87845caf-8c7f-4161-83d9-61e9be7cc179,307fce6d-c2b2-4dae-aea7-ddfb228a713a,7944266.260789666,7944267.125564834,7944280.524617707,5775,200,0.8647751677781343,13.399052873253822,176
48292d69-03e0-4a1c-b808-48b873295c31,3e53059f-27ed-453d-a3cb-045b4aa7f847,7944270.260683401,7944270.772192242,7944280.75573434,4417,200,0.5115088410675526,9.983542098663747,224
a2f9ffec-4d82-4aef-8dbe-733f83237f21,7a77a142-6294-4d46-b6bf-f820bc0585c9,7944268.261221165,7944268.773511271,7944280.906211867,4476,200,0.5122901061549783,12.132700596004725,160
e7055265-5914-4827-8311-eb8c798cc1d8,faaf4675-e336-4c29-ba22-f21742dac9e8,7944269.26058586,7944270.09885343,7944281.086830806,5790,200,0.8382675694301724,10.98797737620771,224
8ac3efed-0ef5-42ca-9828-8e5650a695bf,bc3ac3c3-4d2f-4962-bb52-152a9ce073ae,7944270.260679183,7944270.858237721,7944281.143331851,5906,200,0.5975585384294391,10.28509412985295,192
98fa99c6-e9de-4246-8b19-9afa61e1d525,67a0b975-184d-4abe-91c9-e84646d0b743,7944267.260947781,7944267.471195711,7944281.205091395,2356,200,0.2102479301393032,13.733895684592426,192
dcef95c9-81c5-450e-b319-4961ad2535ba,984ff781-ca15-479c-8e06-7bd9cd701519,7944268.261195081,7944268.590542046,7944281.212389884,3301,200,0.3293469650670886,12.621847837232053,192
540ca9a1-3858-4a4b-b72f-e87bf6c7e8f2,643c4d15-0574-4bb2-a238-eb5212ad6aff,7944268.261208425,7944269.253012883,7944281.927711125,6654,200,0.991804457269609,12.674698242917657,160
4ae89760-167c-4724-9064-0fdea7cc9aa2,743da0c7-ad95-4639-a69e-c87954fbf45a,7944269.260591154,7944270.456709753,7944281.979181394,5802,200,1.1961185988038778,11.52247164119035,160
d4fc694d-644b-425a-ab55-5fab6344bee2,675afd83-9b5b-45b7-9f5f-7e5d89f0c9f2,7944268.261211269,7944268.962856554,7944282.004506017,2868,200,0.7016452858224511,13.041649462655187,176
c0327d58-fb4e-4bb0-9fa5-6a4f366316d8,4d52c4c5-c1ac-4e07-8b19-d18cc6a0af7c,7944270.260666731,7944271.069806866,7944282.011334455,5877,200,0.8091401355341077,10.941527588292956,160
130cd20c-3109-49f5-b5f4-6538659b5a0d,fa482bdd-c4dc-4bd0-ab79-4e8054d78a61,7944270.260686677,7944271.406675982,7944282.032962199,6291,200,1.1459893053397536,10.626286217011511,192
49ddce74-d924-4f0f-a6a9-ff827fd5f73d,81f9eb5c-a80a-4900-a905-f6adea401077,7944271.261243807,7944271.361408844,7944282.079430426,655,200,0.10016503650695086,10.718021581880748,224
8285d795-27d3-4e6c-a9f2-b56c936a5d0f,dfe44e20-e90e-41c0-877e-c3fbc36bc1f8,7944269.260579912,7944269.622044167,7944282.100102047,1067,200,0.3614642545580864,12.478057880885899,224
09c2258d-9ab7-4000-a2a2-be717fcaab50,e6be09c1-fa3b-4068-bb5c-67fc12b79ea8,7944272.260365828,7944272.762491586,7944282.230948126,5846,200,0.5021257577463984,9.468456540256739,160
a5868158-45e7-4b9c-ac17-c6be9961ec06,db1fb291-ef7d-478a-9b73-48146f6a8cd5,7944272.260376906,7944272.739334154,7944282.322940871,5866,200,0.47895724792033434,9.583606717176735,176
2cd54b4e-29f9-43ef-b53b-5a97526a3c8e,072cf49e-ac0d-4d29-b3db-cf9253ebe3e7,7944272.26038229,7944272.689341143,7944282.9232783355,4844,200,0.4289588527753949,10.233937192708254,176
b35ad14a-0bf6-419a-a43b-fed038aa746f,bef48969-2881-4b72-aae0-5d83261314a3,7944269.260577102,7944270.450415034,7944283.030354377,5715,200,1.1898379316553473,12.579939343035221,192
8db1fa44-58cb-4825-9f1c-5a60fd1aca8b,d00c697d-7ae3-4f63-8c46-74cb115fcffb,7944268.261204712,7944268.7633501515,7944283.360469648,5875,200,0.5021454393863678,14.597119496203959,160
368cfb62-9cc0-478b-b760-338c5c0d6ff6,54891ef3-08b6-433a-a8dd-209619c8b4f6,7944273.260432921,7944273.862518124,7944283.742458934,5867,200,0.6020852029323578,9.879940809682012,160
753f30bd-f9fc-43ec-a211-441200ac46a0,95e47ed3-e422-4bf8-a2f8-ba075c7ef290,7944271.261225327,7944271.852351126,7944284.066599807,1735,200,0.5911257993429899,12.214248680509627,1728
1857f90b-658a-41a9-b34f-4e0e38fe55d7,e75457ed-6df5-4031-9265-1be7e8cbd160,7944274.260566527,7944275.109454077,7944284.180481896,5051,200,0.848887549713254,9.07102781906724,176
c24b7cb0-c17d-4507-9e25-1a6579600880,94d515a9-ef0d-42ed-ace0-0af11d850115,7944274.260559058,7944274.65697,7944284.288629727,2351,200,0.3964109420776367,9.631659727543592,224
1e08d71f-74fa-4e27-bce7-0d69a9b1835e,735daccb-a891-4087-abba-4836d694702e,7944269.260582843,7944270.292373822,7944284.33354492,630,200,1.031790979206562,14.041171098127961,176
f8e7185b-3bb0-45d8-ac25-496e022171c2,ae3515b7-b2c3-4055-9fee-cc35030fc4b2,7944269.260562286,7944270.296014037,7944284.338281583,2404,200,1.035451751202345,14.042267546057701,176
0a972860-89e3-4b5f-8293-81c12b9ffd34,855dd6b3-1f0e-4fa3-a820-cbf26b5c076f,7944269.260588604,7944270.603852308,7944284.733093987,5674,200,1.343263704329729,14.129241678863764,192
87fd5e6f-ea98-4e38-bc6d-6808226be22b,0fc32f2f-3791-4f05-a896-da6268fe53f9,7944269.26057124,7944270.608212629,7944284.738227899,4262,200,1.3476413888856769,14.130015269853175,192
42333af8-1933-4f5e-b759-ec8aa6c8c2b1,51d7aec4-2dba-42c1-8f75-3193d8c9b3b1,7944273.260417354,7944273.362854555,7944284.862696902,389,200,0.10243720095604658,11.499842346645892,176
3c82dabd-4889-4692-b455-daed3d1bbddd,9bc4feee-617f-4059-8c66-f3a6b1d07f17,7944275.260663435,7944275.474380856,7944284.917710096,1140,200,0.21371742151677608,9.44332923926413,176
1b4263bb-f64b-40f0-a71f-96dd8d051058,bcb9a03c-7a7d-4221-8d1f-5f52836f8b7c,7944275.260669326,7944275.938743611,7944285.140316189,2541,200,0.6780742844566703,9.201572578400373,224
50a090db-ca9b-43e5-b210-06e5b3ceb9d3,57965c9f-d1a7-428f-b691-aa12d95ea40d,7944271.261238125,7944271.748649446,7944285.150604517,6036,200,0.48741132114082575,13.401955070905387,192
a9e10db0-ebc9-48c1-824d-1546385e661c,a30e4ed2-239e-4a1d-86d1-60a097e7cf74,7944272.260379886,7944272.785230095,7944285.156875064,5313,200,0.524850208312273,12.37164496909827,160
f8d0fc78-9c5b-456f-8e3a-793e3793196d,3ee811a5-f205-4725-8db6-b99eb8dd1ecb,7944275.260657841,7944275.695721733,7944285.195538754,4256,200,0.435063892044127,9.499817020259798,160
1eeefa07-a9fe-44a9-8257-e1eebf1a42a9,b2e5c2f2-ace4-4fcd-a84f-e1ad661d87cb,7944273.26043593,7944273.98546187,7944285.355578948,4264,200,0.7250259397551417,11.370117077603936,192
f6b1ab67-cad4-4f52-b119-2df31993d899,6765a657-895e-4f86-948f-60d5c92ec33b,7944271.261234834,7944271.870111607,7944285.864323473,5997,200,0.6088767731562257,13.994211865589023,176
99c3a679-decd-4ce4-b3e7-fe53e723cae8,45e7f1a3-6b50-4b00-bff3-e4a8f31e6793,7944274.260546151,7944274.727692824,7944286.125080969,3408,200,0.46714667323976755,11.397388145327568,192
89011fa6-4a4a-4bb6-aa5e-0bfd48bcf786,899c2615-9ae4-4ce5-91c4-b802b05ed50e,7944274.260564014,7944274.504768813,7944286.218792387,1897,200,0.24420479871332645,11.714023574255407,288
902952f9-72c8-4fc7-86f2-070f90f2978c,5974b26c-9c91-4e54-8f64-6f0a30771880,7944273.260429756,7944273.809727734,7944286.338723553,5835,200,0.5492979781702161,12.52899581938982,192
074efad7-a501-4416-9c43-1d5e28c0f0e0,bfd5456b-00d8-4af0-b7ca-9b61915339b8,7944276.260419848,7944276.5046538515,7944287.021545445,2246,200,0.24423400312662125,10.516891593113542,192
d19e0f36-fd91-493f-96f8-244afce5398f,9ae48b4d-09e7-477a-96c8-ee9b319e707d,7944276.260410768,7944276.6238381155,7944287.171619756,3963,200,0.3634273475036025,10.547781640663743,160
740cb139-2ad6-4db9-85d5-a87f60ae69e6,a0f4972e-a008-44c4-ba13-b684554c436b,7944275.260666137,7944275.6267383285,7944287.68460325,2878,200,0.3660721918568015,12.057864921167493,176
fc3f92bf-5a82-4154-8937-bcaac6fbab4d,e724a820-5b7a-4218-83e7-e044ebcbf913,7944275.26066056,7944276.18877413,7944287.965805857,5768,200,0.9281135704368353,11.777031727135181,176
628dd946-acb8-4627-823b-b6755ada61ed,6f90c4ab-65aa-49a6-ba03-ccb6cd74af3e,7944276.260423242,7944276.782651686,7944288.154450096,5729,200,0.5222284439951181,11.371798410080373,176
8551c371-2e72-4313-9711-d33b5125617e,601ebb0f-02ad-42e7-a626-7ebef638a847,7944274.260561421,7944274.839376995,7944288.176976271,5853,200,0.5788155747577548,13.337599275633693,192
3a51d7aa-3bd3-4f3f-bad8-8c62cc23af68,2c2590bf-7735-4068-8406-2d47707168ea,7944277.260542724,7944277.95274878,7944288.186102686,3774,200,0.6922060558572412,10.233353906311095,160
718aa1b3-72f5-43fb-b90b-58591342682b,ca4d463c-ac3e-4da3-a600-03457d970c49,7944273.260426332,7944273.959928424,7944288.203046925,4147,200,0.6995020918548107,14.243118501268327,224
26e63d43-79aa-4d0f-b5e2-4927dc181bff,a6d693f0-8426-4cd2-a4b0-43616e67e856,7944277.260546236,7944277.964616276,7944288.238876156,5964,200,0.704070040024817,10.274259879253805,176
6bec021e-3fd1-4d3a-bf6f-6985ff97b4ff,c1982038-303e-4301-b5a7-685f949923d9,7944275.260644238,7944275.828863553,7944288.244758852,6302,200,0.5682193143293262,12.415895299054682,192
7c7d8724-5cb1-4bba-b2b2-f82f08228866,8861bb38-fa7f-46fe-a61e-d670524b80a8,7944275.260653364,7944275.795806943,7944288.338064858,5879,200,0.5351535798981786,12.542257914319634,160
50321426-3275-4f7d-b944-6af815cce921,4131e3cc-5480-4d8c-9fef-c2f6acff68e7,7944278.260537027,7944278.663505595,7944288.504003705,4362,200,0.4029685677960515,9.84049811027944,176
f57f5d63-21de-4511-828d-12c0364b8956,22d7558f-2436-464f-b111-4724e2f322d1,7944279.261031849,7944279.445048787,7944289.091341373,1969,200,0.18401693738996983,9.646292585879564,224
e9e31d07-cbee-4bfd-8cc7-22db4f593805,48f00f11-d6a7-4d60-b710-9751910c2b29,7944276.260426014,7944277.174634332,7944289.228035103,5084,200,0.9142083181068301,12.053400770761073,176
d4ec0da0-b3cf-45fa-a0f5-c87ab75eb5cb,173d8474-31a7-49c9-a766-796c9ce56475,7944278.260525854,7944278.589559214,7944289.233036482,1704,200,0.32903335988521576,10.643477267585695,256
bc214840-edbd-48a5-ad4b-335a84ef1c6d,1cda0d46-618b-4b7a-b957-319fe6d96516,7944274.260555755,7944274.877612799,7944289.654359014,6361,200,0.6170570440590382,14.77674621436745,192
9b4550e6-2771-4184-bb59-e99ce5b80a49,e658362d-729a-4a31-b36a-536cd076959f,7944280.260267517,7944280.445999742,7944289.7601141855,754,200,0.18573222495615482,9.314114443957806,224
f1b40e1c-5b02-416e-8292-074a43024afa,dee31f57-0db9-4efb-ad6f-509637e9dad7,7944277.260533763,7944277.479480689,7944289.831960132,1225,200,0.2189469262957573,12.352479442954063,176
8af32e49-2f04-45d7-b5b5-f6ede094cd6a,a9ee696e-7782-458b-b0e3-a5f993f4a8eb,7944279.26104144,7944279.761523288,7944289.984991249,5835,200,0.5004818476736546,10.223467960953712,176
485b40d8-2c14-4e1b-be09-cb2688a0a368,715e64e0-0181-41a0-b6a9-c164d566d676,7944280.260258057,7944281.165776973,7944290.0343911275,5781,200,0.9055189155042171,8.868614154867828,176
7d452dc7-664f-49cd-8a64-7563e8dac82e,732bab4a-94d1-4943-bfac-f7dea0eb73d0,7944280.260270695,7944280.9749227315,7944291.061094132,5312,200,0.7146520363166928,10.086171400733292,224
4313be5a-3582-479f-83dc-a3cb64e4d937,3084bad3-0d0c-475a-b223-7ebae9afaa52,7944282.260987175,7944283.2451933995,7944291.265460928,5911,200,0.9842062247917056,8.020267528481781,288
c2aab61c-d4ef-4dc3-9741-847213935b3d,9940ade6-df8e-4926-b7e8-edcbc08851ea,7944278.260543524,7944278.890260757,7944291.718145559,779,200,0.6297172326594591,12.827884801663458,192
a06b7f7b-8893-47a4-80c3-eb5a5bf9ca60,1f137368-a8ec-4424-9209-cece0037f45c,7944283.261477303,7944283.635850296,7944291.785640211,3644,200,0.37437299359589815,8.149789914488792,304
4a27f928-0c4c-4f91-8c9d-d242ea98be7a,81cbfa98-5491-4e8d-8566-7ecb5f746ab3,7944276.260428382,7944277.406124791,7944291.875044861,5171,200,1.14569640904665,14.468920069746673,160
01a97bf5-a34c-4967-898a-ca66213f9f83,558d1a32-11e7-4870-b268-20a3c0b14d67,7944282.260967118,7944282.879038547,7944291.885543672,5772,200,0.6180714294314384,9.006505125202239,160
62c3a88c-47a6-4bae-9565-4bb3700c84ff,6cbbb375-c940-47eb-bdbe-1c9292cd44d7,7944277.260550012,7944277.58958894,7944292.080712732,3002,200,0.3290389282628894,14.491123791784048,16
8f9bb644-0d59-452f-afb1-2b55ab8841ba,c3d496a4-2080-4ec5-b544-6c3443dffdf3,7944283.261498802,7944283.788779436,7944292.5835510325,4672,200,0.5272806333377957,8.79477159678936,176
3de4c8ae-d980-43d2-a269-32e63e12b66f,6a0ac87a-e917-4b52-bf8d-10689801e4bb,7944280.260248373,7944280.530227628,7944292.596528433,2189,200,0.2699792543426156,12.066300805658102,192
c62a5e13-7862-45b5-aa18-97d75f91c269,f17a4867-8187-4bc8-b761-c5e2f43461f5,7944280.26026144,7944281.169297108,7944292.661439956,5912,200,0.909035668708384,11.49214284773916,160
cb44963c-8b00-4e70-9636-a6f6885bd38b,4dc898de-9d0d-4eef-9608-2e7f5c017b44,7944281.260441177,7944281.93126294,7944292.776891392,3678,200,0.6708217635750771,10.845628451555967,192
c9457849-3553-4132-b8d9-dff9abcbec4b,52901222-0bb4-47e4-8bba-8825319cf100,7944283.261492418,7944283.639645514,7944293.07095472,3724,200,0.3781530959531665,9.43130920547992,192
d149a548-888f-421f-87e8-8eca8e7951c8,bf3a7d1e-40e8-4b20-a579-3cab0072fec9,7944278.260540343,7944278.999197777,7944293.085551586,4685,200,0.7386574344709516,14.086353808641434,176
7f5c5bd4-cef2-464b-a9fb-3c4e7156472b,c51e1c93-377f-4846-81a1-14e5879a721c,7944282.260977045,7944282.713807959,7944293.143859354,4470,200,0.4528309144079685,10.430051394738257,160
f0d840f0-c382-47f5-8d10-ad68f02c0a97,899c2615-9ae4-4ce5-91c4-b802b05ed50e,7944284.260760702,7944284.571295915,7944293.2176193865,1951,200,0.31053521297872066,8.646323471330106,288
6679a471-c0bf-4897-a761-1da4eeeea446,08617b02-e213-4095-a1cd-ed95f33fb542,7944284.260770637,7944284.797188988,7944293.235357261,1200,200,0.5364183513447642,8.438168273307383,192
588fc99d-ca74-4527-ba61-1b327ba6d901,e6dca7b5-0f24-49b0-b2a3-fe8bda0289ff,7944284.260746183,7944284.802441035,7944293.241415731,3646,200,0.5416948525235057,8.438974695280194,224
050cca65-dd1d-4250-b66c-f0ab807aa0bd,04fdc20b-8327-42f7-a183-15c098d0ccce,7944281.260454497,7944281.764159437,7944293.3472542,5784,200,0.503704939968884,11.583094762638211,160
68ed35a5-8ecf-41a5-b38a-de8c06c7de51,cf53ec7b-8773-48c4-bfea-fbe3da37a269,7944282.260984284,7944283.310677496,7944293.781292356,6013,200,1.0496932119131088,10.470614859834313,160
576e3b6d-42c9-4dd1-b536-05e6120cc35c,c6e18b90-e57b-498d-a257-de89d96b372c,7944284.260763782,7944284.892012889,7944293.921438259,2222,200,0.6312491064891219,9.029425370506942,192
2a162430-a1ea-4100-aad8-1e2ef80296a4,7c8adab7-544c-4106-916a-d86d02536d30,7944279.261045373,7944279.826754393,7944294.369021248,5743,200,0.565709020011127,14.54226685501635,176
d698191d-a3ab-4a08-b3a0-2d6a2e5b5fec,51d7aec4-2dba-42c1-8f75-3193d8c9b3b1,7944284.260754001,7944284.582132639,7944294.624477264,389,200,0.3213786380365491,10.042344624176621,176
485405a4-beb3-4bed-8863-02972e349fa8,6e7cc52a-11de-432c-9428-ed0bba4d276d,7944285.260533081,7944285.64919797,7944294.807337049,4036,200,0.38866488821804523,9.158139079809189,160
720afa9f-c29f-4cea-97a7-93301eb61be8,7ed7ebb9-c4ac-496b-a503-cbbd0dad0d9e,7944286.260383851,7944286.470411232,7944294.822617797,1935,200,0.2100273808464408,8.352206565439701,160
19e7583e-8490-4c18-86e1-7bdfa2ce0abb,17f52023-20f0-4ba4-8129-16c153a0bb0e,7944280.260264385,7944281.077980856,7944294.904705872,4139,200,0.817716471850872,13.826725015416741,160
31b623cb-3737-4711-b315-61d51e6b090a,9728b43f-13e5-4f1c-b6d4-40db13828d76,7944283.261505359,7944284.2264323,7944295.005857781,5981,200,0.9649269413203001,10.779425480403006,176
6642e956-17b6-4483-b769-1c6d04692588,ffa65629-fc9d-4ec9-b6e2-f76db11b35df,7944281.260450953,7944281.796334184,7944295.020176927,5887,200,0.5358832310885191,13.223842742852867,192
206b427c-cc75-4553-b9b1-7f7c3cd2151e,584dad95-d36b-497a-92bb-3cefd7fd8072,7944284.260736676,7944284.861826768,7944295.217358488,5870,200,0.6010900922119617,10.355531719513237,192
90a326c1-e443-4acd-9d81-34038bbead7b,3c65feda-6cb4-427f-8794-100421de1d7c,7944287.261510615,7944287.7351993825,7944295.219912877,4789,200,0.4736887672916055,7.484713494777679,160
ecfe450c-a732-46a9-bbd1-3159a408df13,11930aa0-eecb-4b90-8321-5576b64783b6,7944285.260530556,7944285.7558835605,7944295.252087667,5847,200,0.49535300489515066,9.496204106137156,224
b8f17b5c-c896-44ad-9bfa-4a8170d109fc,44ca5816-8d16-4e6a-83e3-4700fae7ed03,7944282.26098089,7944282.884336028,7944295.322832268,5824,200,0.6233551381155849,12.438496239483356,160
627d1550-ac36-4789-ab39-9b579fa19213,339e6a45-2ac7-4236-ac28-4af01254bcc9,7944283.261495225,7944284.087725736,7944295.356062676,5839,200,0.8262305110692978,11.268336939625442,160
5e44f0ee-a14d-48bf-869a-0ef9e298fa00,fc991f32-f1b6-4afe-ba3b-a472773d0110,7944287.261534045,7944287.474318645,7944295.387570121,1635,200,0.21278459951281548,7.913251476362348,192
aea4e412-d96b-4ce1-97b5-7f619d3940ab,c5e22b01-38e1-4860-9ec4-994c6de81085,7944285.260527579,7944285.383670398,7944295.8923716275,391,200,0.12314281892031431,10.508701229467988,160
769db8b8-5529-43f8-8fab-da52e4c2f3a5,32379e4f-c52b-4533-87e4-7ccbc01e4871,7944288.260312063,7944288.95672574,7944295.9573611785,3224,200,0.6964136771857738,7.000635438598692,176
76856c53-9d0c-4729-9271-94e22e8143d6,3d244e10-3c51-4e44-bce4-3022987dcfec,7944284.260767043,7944285.00297426,7944296.1338090245,5856,200,0.7422072170302272,11.130834764800966,192
cfa6915b-4d55-411d-84e0-5fc0aac36be3,ab7c945e-e515-4175-81a9-07d757d848ff,7944288.260289067,7944288.985131417,7944296.183961291,2504,200,0.7248423499986529,7.198829873465002,192
82030f16-6361-44ab-8433-e8801c8402af,20dfea16-8046-4ede-8ea9-42a56d65cfbd,7944288.260306105,7944288.47493809,7944296.19393178,1805,200,0.21463198494166136,7.718993689864874,176
b8df8b0b-1a00-4454-b6c5-e4cdcc213228,136c09df-f87e-45ff-b30d-813886566a5b,7944287.261528199,7944288.175537631,7944296.38748716,5788,200,0.9140094323083758,8.211949529126287,192
616f7894-79a8-4bb8-9f82-1224a2653100,5081ad02-1e94-429c-b756-848bd4f73416,7944288.260303539,7944288.40185955,7944296.907777979,503,200,0.14155601058155298,8.505918429233134,224
6569b78f-1199-4593-ba44-b0f65ac43bc4,02107f20-0300-4036-b19a-172388159a40,7944283.261488901,7944284.038114378,7944297.168546207,4066,200,0.7766254767775536,13.130431829020381,176
b9084a92-7403-4190-a0a1-0a5126680b40,aa2dc0a5-8f81-47dc-8767-40e6ea12f767,7944283.261502492,7944284.268392053,7944297.302411345,5616,200,1.0068895611912012,13.03401929140091,192
f105aaff-5522-49fc-89ae-62915c6ecdad,b4ccd658-c53e-48f2-80b3-bdc3daefd3b0,7944284.260757154,7944285.04320265,7944297.908077585,3724,200,0.7824454959481955,12.864874934777617,224
aa0151e6-46a1-4649-959a-6377d135aeea,5c6dac57-aba8-4008-9b1b-2dc74818894a,7944284.260750257,7944284.793816489,7944297.9702697,4705,200,0.5330662317574024,13.176453210413456,160
a8d0dbfa-7053-4460-a3df-432094d42058,176cc487-2fc9-4a46-aad1-bc8cf2b12ebd,7944290.26063792,7944291.00824887,7944298.022028106,5938,200,0.7476109499111772,7.0137792360037565,224
2c6a8f41-b78e-476e-b928-0674b2124247,4da8fb42-3983-40f2-bef1-a8d32802c74f,7944285.260511705,7944285.459790777,7944298.259508632,925,200,0.19927907269448042,12.799717854708433,176
a812b69b-37e6-46ea-8db9-608251de096d,378a8dc1-f4bf-4176-8004-137448e51ca8,7944291.260606735,7944291.873865973,7944298.385433896,1968,200,0.613259238190949,6.511567923240364,176
08d69bf0-7099-4db1-80a8-b00652125f16,5247d9b3-daf0-4d8c-85c8-6200408316cf,7944290.260653961,7944290.4862663,7944298.398571897,1362,200,0.2256123386323452,7.912305597215891,176
b0999dff-ebcd-4018-b039-1d618c7283df,160f0c9e-f577-4da2-b81a-1b98824a8dfa,7944288.260297478,7944288.77823561,7944298.91918933,6025,200,0.5179381314665079,10.140953720547259,160
8f69ed5d-b8d2-41e6-a356-990fecea469c,2d5dcc3c-a047-4b49-9a38-cd2e4eb26eb8,7944285.260523624,7944285.387862761,7944299.2260378,640,200,0.1273391367867589,13.838175039738417,176
df7e78e6-abc2-4af6-b800-9c216e97ca2f,b23331f5-cf25-4f3d-bb0a-0b712f6627c0,7944287.261524109,7944287.65732211,7944299.724224316,4189,200,0.3957980005070567,12.066902206279337,176
d5c086a3-22de-478c-bab3-03105419d597,d28d1e2a-443d-459d-9383-6bdc450581a6,7944292.260360906,7944293.15137408,7944300.036007288,5872,200,0.8910131743177772,6.884633207693696,176
4227a85a-bd10-4522-8762-f1c74c1ced3d,0a6e1c4d-4f69-4db3-b893-0aa1755f54ee,7944290.260657579,7944290.931873565,7944300.205337837,5742,200,0.6712159859016538,9.273464272730052,176
40e22bd4-1dd3-4e1f-87f3-a89d591e0217,db1fb291-ef7d-478a-9b73-48146f6a8cd5,7944293.260540723,7944293.82998175,7944300.243531115,5866,200,0.569441027007997,6.413549365475774,176
f46c6c70-fe1f-460a-9f2e-dcdb26d90506,f259acc7-014b-45ee-b116-6c5a67d0b3dc,7944287.261531328,7944287.930921668,7944300.316153842,5842,200,0.6693903403356671,12.385232173837721,192
b736143a-8e1d-45b6-8e42-6701ab4cc5de,c1aa437d-4a45-48f5-a4ba-fefa5588951c,7944291.260610937,7944291.897154224,7944300.79648545,4387,200,0.6365432869642973,8.8993312260136,176
e1e1f7a1-0fea-4b68-a268-bc8f1fdc3cb8,1cb4cd2c-3d59-46ce-8a93-0db347afede8,7944292.260346966,7944292.571125486,7944300.885563577,1796,200,0.3107785200700164,8.314438090659678,192
2ee72cd4-046e-40a1-9594-16a776e4b346,029edadb-b234-4d39-a619-c56cc85e964f,7944293.260536255,7944293.517980304,7944300.978668569,645,200,0.2574440483003855,7.460688265040517,192
06352299-4541-4a50-8b88-0dd6b443665c,0c5040f1-c2d1-426a-938c-7f9a128ef1a7,7944288.260300993,7944288.9745812565,7944301.331722316,6468,200,0.7142802635207772,12.357141059823334,192
6d60713d-eaa9-4a12-b77c-1fb7a8c3c17b,95e47ed3-e422-4bf8-a2f8-ba075c7ef290,7944290.260650513,7944290.508148665,7944302.265693753,1735,200,0.24749815184623003,11.757545088417828,224
948c39c1-8907-4023-b2b1-9499bc1e6625,502899ee-4518-4d94-a120-80fc9b07318d,7944294.261221292,7944294.638457361,7944303.033357301,4322,200,0.3772360682487488,8.394899940118194,192
225df97f-e018-4dad-973f-97c88bfd7feb,b397fd3b-5c1a-4e01-ae2f-44399f92080b,7944293.260522492,7944293.626002373,7944303.072967038,3055,200,0.3654798809438944,9.446964664384723,160
c93ec9c5-5c0a-457c-9080-8714c26c81ce,f9b63fbd-926e-4b5a-a306-1e20c2f21778,7944288.260309077,7944288.750933526,7944303.227429012,4763,200,0.4906244492158294,14.476495485752821,160
2d25fd09-3a70-4a8a-b388-c1f45ca8abe0,db181ab9-192b-4119-8e82-13c9748a3f0a,7944289.260516965,7944289.783408499,7944304.881970415,5862,200,0.5228915344923735,15.098561915569007,160
7b1d4d74-1934-471d-a6e4-ae444697ee07,899c2615-9ae4-4ce5-91c4-b802b05ed50e,7944295.261073762,7944295.51404417,7944304.985631749,2011,200,0.2529704086482525,9.471587578766048,1920
4ff59d1f-65ef-41bd-9e2d-0fedff9417a3,1cf5c436-bb75-402c-9dfd-fae7395bc0a0,7944295.261064,7944295.632158477,7944305.085852228,907,200,0.3710944764316082,9.453693751245737,160
6d500f0f-6cb3-44b7-b1e5-596b3725b250,4a4b9580-1d15-458e-9b7f-fe574dea6d90,7944290.260660747,7944291.322177241,7944305.20341545,1968,200,1.0615164935588837,13.881238209083676,176
0acfeaa8-cdbb-467a-9104-88f1397792c7,e15ff2fc-8b83-41ee-b315-8b52f8c96af4,7944293.260547262,7944294.119194031,7944305.700651852,5851,200,0.8586467690765858,11.581457821652293,176
3eca7ec2-f64c-4dcb-a28f-4b413a1eca5b,2b0b6d27-8a7f-458e-8a26-26ecad67cecb,7944292.26035731,7944292.777899331,7944305.845240455,2618,200,0.5175420213490725,13.067341123707592,16
d86a2666-74e0-4386-95da-2de1fdd004af,3daffac5-0016-4e98-88da-87898f7abac9,7944294.26121037,7944294.746927387,7944305.9162328,5738,200,0.4857170172035694,11.169305413030088,176
54e7bb3d-3858-46fc-bb8a-295db58211e7,4b6ac81e-dcab-4d4b-86b0-55cc757e83a1,7944291.260594212,7944291.98708367,7944305.922983332,6060,200,0.7264894573017955,13.93589966185391,160
4c3b0fe0-deda-4022-aa20-e7cc6771329f,d769c8e7-545f-4504-930e-6fb89f07eeaa,7944296.260925247,7944297.001307016,7944305.95066811,2979,200,0.7403817689046264,8.949361093342304,16
17df4e89-b6c6-4618-901f-f84f65f09096,e6330420-13fa-40f0-aaaa-ee9b7b873195,7944295.261060341,7944295.898173742,7944306.169301051,5858,200,0.637113400734961,10.27112730871886,192
b8ed9622-bbd3-4fd9-85d2-2dbeceb69cd5,1f137368-a8ec-4424-9209-cece0037f45c,7944304.260567001,7944304.865439432,7944306.22429564,3831,46,0.6048724306747317,1.3588562086224556,176
66e7cdea-16d8-47d8-898e-52ef227dda1f,91817d88-3093-4655-a55c-1e6106fc4d42,7944296.260935454,7944297.228768881,7944306.240853833,5942,200,0.9678334277123213,9.012084951624274,176
19d00e1c-7a9a-4653-9fa6-43991a2690b1,f08a5a98-ba52-4eb6-9dfc-c3e02b3c3c96,7944292.260363808,7944292.868139759,7944306.302527636,5867,200,0.6077759508043528,13.434387877583504,176
09893659-e199-4296-8e61-46f706d9db60,91e22163-b1ce-41e5-803d-070d44488e41,7944297.260619496,7944297.791619317,7944306.4780367585,5865,200,0.5309998206794262,8.686417441815138,192
ae3117c2-52e1-42c5-81bd-3e8207ae6158,94d515a9-ef0d-42ed-ace0-0af11d850115,7944296.260918699,7944296.459848221,7944306.694602988,2351,200,0.19892952218651772,10.234754766337574,2336
6dd04916-73fa-4e48-a481-e655470b84f3,22d7558f-2436-464f-b111-4724e2f322d1,7944295.261050188,7944295.947715173,7944306.745842909,1969,200,0.6866649845615029,10.798127736896276,224
127b09d5-d278-47b9-90f0-543474a7f9b7,169bfd1c-b54b-4a03-b40f-5a304abd2cb8,7944295.261070184,7944296.145510998,7944306.803548156,4329,200,0.8844408132135868,10.65803715866059,224
870fa945-e6e7-43f1-8b11-374d1a0116df,41128b96-fd4a-4c4f-ab0e-4f0be9d70919,7944293.26054422,7944293.998912875,7944306.867742175,5960,200,0.7383686546236277,12.868829300627112,192
47cca11e-340b-436a-a6d5-49de58cd3379,578ff680-a8ea-4b5d-8584-dc1cc1653e23,7944298.26085921,7944298.938189441,7944306.901976646,2928,200,0.6773302312940359,7.9637872045859694,176
5892ca22-6936-4b2b-bb33-20d228d1c872,50a0f783-38f6-47fa-851b-c29341137a2e,7944298.260847744,7944298.552412719,7944306.940738833,1684,200,0.2915649749338627,8.388326114043593,224
e027cc20-dcbc-472a-a302-5887f5ab6e4b,a16f5240-7964-4ea6-8660-0762c30468df,7944296.260932261,7944296.802405327,7944307.13212978,2368,200,0.5414730655029416,10.329724453389645,176
0b4d83a8-3131-4a2a-9dc4-ba237571a98c,a9ee696e-7782-458b-b0e3-a5f993f4a8eb,7944296.260929318,7944297.235678819,7944307.176066842,5835,200,0.9747495008632541,9.94038802292198,176
11b54d93-c880-4f84-8241-9206e0d38e4d,0899530f-4ed7-49f5-91aa-9eef27c4e875,7944296.260906081,7944296.884497273,7944307.181696822,5959,200,0.6235911920666695,10.297199549153447,176
56d37533-8141-4008-a629-154170e40fd6,d8201697-336b-477e-a838-abf68acb1f97,7944297.260608372,7944297.687168016,7944307.28014376,4733,200,0.42655964381992817,9.59297574404627,176
bebb7d29-b5bb-44b6-a8ab-0bafa5a87013,47290926-f76b-42a0-b6b0-95ae3ac5a196,7944299.261239887,7944299.632992074,7944307.604030623,3400,200,0.37175218667834997,7.971038549207151,288
307317bb-4a45-4f36-9832-d2cdcddac6b3,b95dfb64-0406-4605-9307-eb2ed587ac22,7944297.260627213,7944297.7837715745,7944307.9721104195,5895,200,0.5231443615630269,10.188338845036924,224
a71b1b04-3cb7-46c8-9f53-316c51f1aae8,e75457ed-6df5-4031-9265-1be7e8cbd160,7944298.260851579,7944299.154069853,7944308.068272754,5136,200,0.8932182742282748,8.914202900603414,176
b1ca46fe-fdeb-437f-a353-08bbf8e7ff7d,ae04581e-61a3-4e13-a5d3-988c330d8c3d,7944299.261255688,7944299.780636092,7944308.175896053,2153,200,0.5193804036825895,8.395259961485863,224
e1402337-bd7d-4c45-ab00-45db6b6b1a8f,3bbe7a32-b751-4c03-9865-9f62ef479d14,7944299.261246062,7944299.723238188,7944308.250813091,1222,200,0.46199212595820427,8.527574903331697,176
fde09452-7897-4dad-8b74-a3fe8c653cb9,ba04113c-f39c-42e2-9942-9e943a5f3a91,7944298.260855533,7944298.805747414,7944308.788804302,821,200,0.5448918808251619,9.983056887984276,192
3a8a2873-155f-4183-a118-de94b3ab3fd0,d44c23b8-69bc-4fe6-96fe-f7f6ff821c72,7944300.260524449,7944300.932728926,7944309.05399132,5870,200,0.6722044767811894,8.121262393891811,176
e6bdd4ba-78bf-4aab-a726-a793bf757219,6c222109-f6f2-46ba-8c2a-fa24376d9683,7944300.260535167,7944300.55387308,7944309.179069452,752,200,0.29333791323006153,8.625196372158825,224
2f3538d5-f533-441f-9f0b-badda8791d76,10be3b43-0ffb-46e1-a876-5e00af159cb2,7944301.260944996,7944301.42650113,7944309.562932674,1584,200,0.1655561337247491,8.136431544087827,192
4e3a6b6e-0985-4442-a4f8-c973dccc9707,a88040f4-3d46-4ddd-9db3-d9cefb577c4d,7944295.261067215,7944296.284400753,7944309.781091059,5862,200,1.0233335373923182,13.496690305881202,192
ea2b0d59-9d53-4e47-af0e-0f386d3cccee,cef881df-c2a5-4400-b32f-b3f0ea1210d5,7944300.260532089,7944301.034922566,7944309.833872222,5550,200,0.7743904776871204,8.79894965607673,224
cc705129-0140-4b4e-bf40-68c4ef07a79c,4caafacd-2ab0-4466-94b7-7cb54f0a4414,7944296.260922303,7944296.73233657,7944309.892079676,925,200,0.47141426615417004,13.159743105992675,176
87ebf2b2-882e-4bed-b075-26aa63682fd4,72007798-6523-420d-9817-37e87fcf6ec6,7944296.260939155,7944297.015792663,7944309.893745441,2798,200,0.7548535084351897,12.877952777780592,224
d074ee78-0f85-46a4-96ee-a5fae1a5112a,c83dc93a-17bd-4b97-ae1e-ea8cd1dbecfe,7944301.26096006,7944301.751815989,7944310.080477939,5908,200,0.4908559285104275,8.328661950305104,160
fbd5e672-f624-4e84-9f0c-8bfc35fc8b86,0ff8ff91-ea55-4fbf-831d-05097d6a3ed6,7944298.260863292,7944299.37482046,7944310.203725848,2207,200,1.1139571676030755,10.828905388712883,160
fa052401-81fc-4b62-b16f-121d816c0605,9f8fc93a-62fd-4685-beff-f86268053404,7944298.260832527,7944299.380615823,7944310.210097079,5778,200,1.1197832962498069,10.829481256194413,160
35dbb4fd-0b9a-4df1-b34b-d1062481ba94,518b2120-1899-4a0f-af6e-5a114887002b,7944299.261249151,7944299.625848144,7944310.2344847,511,200,0.36459899321198463,10.60863655526191,176
3c5dee3a-439a-45b5-bb72-c6c959001420,6e066633-fcb0-417d-94ee-a9864bbdaa41,7944297.260623518,7944297.851885006,7944310.24190351,6408,200,0.591261487454176,12.390018504112959,192
07001f8f-5964-48a2-8f63-e2fbd41350b4,4181337f-4f55-4fd6-8fbd-e067aaaaebe3,7944298.260836019,7944299.064185743,7944310.306435975,5877,200,0.8033497240394354,11.242250232025981,176
bb41e62b-a5ea-42ec-be8d-35de96e675e0,9c1eaa62-32d0-47df-aea2-fa3f14175763,7944303.26067528,7944304.161641076,7944310.310332494,2775,200,0.9009657958522439,6.148691417649388,192
e485f1de-863d-47bb-8b6a-e3ddb98cd1b8,0fdf3a79-0b56-4d09-930d-738eaa2f1f84,7944303.260697557,7944304.154568729,7944310.304501724,5753,200,0.8938711723312736,6.149932995438576,192
efc3f386-5bad-4a45-87fa-bf6faba3ff08,40f892a5-678a-4f13-86dd-ca6b794f94a2,7944299.261251908,7944300.036366993,7944310.793273447,5918,200,0.7751150848343968,10.756906454451382,224
86b62734-64bb-4668-b01c-87c2fa84c5b6,187f15cf-abd4-40d5-b327-1bd0cec63671,7944298.260839314,7944299.07065982,7944310.851971214,3314,200,0.8098205057904124,11.781311393715441,176
99fc7287-05dc-4dd3-ac56-057e193c6a8a,8ae210f3-b09b-4bc9-9dfb-bcc885974677,7944298.260823956,7944299.0734823635,7944310.85533703,4748,200,0.8126584077253938,11.781854666769505,224
100f9798-9455-418f-9b4e-5d58bec7bb9a,70040244-0ba8-4018-b9e4-d79962cfab6a,7944299.261243088,7944300.210241592,7944311.142490945,5847,200,0.9489985033869743,10.932249353267252,224
adbc4f55-f6c0-455b-b47e-8642cfe62577,9b048b14-06a6-4574-a80f-dbc23b48d9f7,7944303.260682528,7944304.294299829,7944311.199861891,5981,200,1.0336173009127378,6.905562061816454,160
4f26ed00-3d28-43e8-8742-b093eda3aa57,b3b1f241-4f97-466c-b9af-0701c1476d26,7944300.260528493,7944301.225770904,7944311.2122287415,5767,200,0.9652424110099673,9.986457837745547,224
f8e9b4ef-28a5-4231-8783-d79d378126ab,4bf9a1b8-5289-460f-817e-659616fb5993,7944298.260843312,7944298.966292126,7944311.326162737,5893,200,0.7054488137364388,12.359870610758662,192
05503dc6-fa87-4c35-81e4-e4e5b12f1fa2,119381d5-69e5-4c08-b438-534c58547839,7944301.260956459,7944301.392625999,7944311.332154329,1030,200,0.1316695399582386,9.939528330229223,192
244e3cc9-5e8c-4539-9878-9d089c340ad0,bef48969-2881-4b72-aae0-5d83261314a3,7944300.260546959,7944300.8193382295,7944311.32930635,5706,200,0.5587912704795599,10.509968120604753,192
a7832c31-146b-46b7-a4ed-8d011030b569,af45b936-e0fc-4b4b-a8e6-2c2ce81710a0,7944303.26067889,7944303.809283214,7944311.755838792,1976,200,0.548604323528707,7.946555578149855,176
e81e9752-9e02-48f9-afff-e09c96c650f0,2c2590bf-7735-4068-8406-2d47707168ea,7944300.260538669,7944301.366026169,7944311.785206187,4036,200,1.1054874993860722,10.419180017895997,160
f146c809-7097-4161-8937-727bd457cb76,e33a9d69-0943-4460-8168-0f009275bb34,7944305.260373658,7944305.386535019,7944311.801242715,1145,200,0.12616136111319065,6.414707696065307,176
17b1ade5-0dba-4bf6-a86a-af5d7d403e84,818f34b1-81e6-4dc9-8896-079af3a673ea,7944302.260372168,7944302.733675057,7944312.074536593,5300,200,0.47330288868397474,9.34086153563112,192
14dfbb38-0f83-43d7-b112-51f9a35f2401,00d31eb0-b908-4fd8-b7c3-40330a3b5089,7944300.260550376,7944300.758842173,7944312.10512808,5292,200,0.4982917970046401,11.346285906620324,224
f597c62f-a003-46f9-b942-3da912c50222,376fc79f-2991-4706-a6b7-8d5e7ec64423,7944299.261230406,7944300.170572142,7944312.2586387,5686,200,0.9093417357653379,12.08806655742228,640
5a4126f0-f51b-4c3f-9d0e-d935f2a10484,b7554870-29f4-4f87-8863-6a1c0092c222,7944300.26051108,7944301.139729653,7944313.053033466,5894,200,0.8792185727506876,11.913303813897073,224
a269ad7a-da39-4100-acfb-35a0adf868e6,2a455136-68a7-4f2e-ae04-e584f979ee34,7944300.260542633,7944301.361089463,7944313.075928917,4746,200,1.1005468303337693,11.714839453808963,176
c73429bf-99e6-481f-8d44-1d2c6b9376c1,79338fbe-7a95-4ad0-8c9b-b64cc73ec957,7944303.260701351,7944304.3493530145,7944313.277420291,5834,200,1.0886516636237502,8.928067276254296,160
122a5d63-a264-4e0a-a2ed-04ae914caa38,2375aed9-bf2b-4d31-b02f-4651375f6697,7944303.260658826,7944304.357047012,7944313.287807595,896,200,1.096388186328113,8.930760582908988,176
5e5038a9-eaf1-4ec2-b63e-d08076dc4598,b5b79d80-d814-4a6c-9f3d-7d392ce15643,7944306.260390928,7944306.429433562,7944313.294008176,1704,200,0.16904263384640217,6.864574613980949,160
e00dc24e-f90e-4383-8ff3-0d2ba21cdeb2,3e53059f-27ed-453d-a3cb-045b4aa7f847,7944302.260354642,7944303.014535831,7944313.304102473,4417,200,0.7541811894625425,10.289566641673446,224
d3775097-5fc9-4ebf-a4e9-d2316972ee71,96fd4659-a409-45b4-ac31-ac3be6cd91f8,7944304.260583964,7944304.724173735,7944313.306340638,4577,200,0.463589770719409,8.582166902720928,224
c2027716-dcaf-46ab-be0a-8321f1280108,8e505307-8830-46b2-ac68-84a7d5dbd9a0,7944305.260383558,7944305.480700625,7944313.331758219,2420,200,0.22031706664711237,7.8510575937107205,160
596f61f7-a4f6-484f-932d-4ff1d26fd40e,469d8baa-4a15-40fd-a740-aae6477a78b9,7944303.260705875,7944303.970569524,7944313.873707479,5231,200,0.7098636487498879,9.903137954883277,176
c457910b-a8e8-40ac-97cb-102528623371,ff27b323-224b-4236-b530-8b34fcfc9531,7944303.260670922,7944303.979531996,7944313.883117961,420,200,0.7188610741868615,9.903585964813828,176
470ac3ed-71d5-4106-b1a3-a93f1ad3231c,ec13b1d0-76b0-4b76-b16c-1f1ba5a32e9c,7944303.260689704,7944304.440685213,7944313.952510773,4575,200,1.179995508864522,9.511825560592115,160
1e81a716-d9bc-4160-ae60-0e6287c878f1,f4e153b0-1500-4fe0-8c77-db6d02b743e0,7944302.260367663,7944302.897706931,7944313.997150286,2971,200,0.6373392688110471,11.099443354643881,224
c62e5626-265b-4473-808b-2e580e010fda,0883483d-ba52-4103-b119-afeaa09302ef,7944303.260693809,7944304.374473013,7944314.1723657325,5878,200,1.11377920396626,9.797892719507217,192
4f673d41-6f51-4852-aebc-635e85642b39,2d56a9c3-5f90-4bf8-8d15-611eb4ee9fbf,7944303.260686271,7944304.919177556,7944315.053354816,6563,200,1.6584912855178118,10.134177259169519,160
20287d0e-3cea-4b05-b3ca-c76104edfe7e,db793246-9873-488a-8c36-68b6c758735d,7944304.26057932,7944304.923806188,7944315.059064797,1990,200,0.6632268680259585,10.135258609429002,160
b02e7d96-5583-4829-9890-956dd6a595e5,f8e43d47-46b2-48cc-9573-4488e6fb8e5c,7944306.260400915,7944306.641451863,7944316.075995393,4434,200,0.3810509480535984,9.434543530456722,160
c3b02835-ae87-4eff-9a87-134a15fe15a6,0fdd3815-1923-4d11-a5f1-1c32cbce836b,7944308.260408585,7944308.857836902,7944316.17311111,3524,200,0.597428317181766,7.315274207852781,176
76a96958-251e-4f02-934f-db64b473412d,eecbcd88-7743-4e34-95b6-1c67dec9ac89,7944308.260414788,7944309.341824157,7944316.198201948,5389,200,1.0814093695953488,6.856377790682018,224
63fde4c1-0098-475a-8651-151bc4850135,10d802c2-a294-4971-99fd-28d0464b03a3,7944308.260388729,7944308.801489514,7944316.253827494,1191,200,0.5411007851362228,7.452337979339063,176
26af94e9-4c9d-4345-816a-027eca5d8fff,d98c265f-698d-4cb1-87ed-52317461cdc6,7944308.260411543,7944308.796559394,7944316.249206915,4481,200,0.5361478514969349,7.45264752022922,288
56035013-845e-42f5-b03c-94495b0ca986,af4b1375-aefd-45d5-8a5c-3dd4d84c4dc4,7944307.260318422,7944307.728053515,7944316.737033274,5883,200,0.46773509308695793,9.008979759179056,160
b5a1d867-f796-4365-8d3f-c0d72d8ff892,dd4ea50a-bbcb-4a3f-a62c-27fbf36607ed,7944309.260420971,7944309.520884829,7944317.001435209,2922,200,0.26046385802328587,7.480550380423665,176
3cd676b4-9389-479d-8fba-80fcb2409ed2,6b12e983-df72-4200-80d7-0a4adbe5d91e,7944306.26040523,7944306.747968527,7944317.025857326,5955,200,0.48756329622119665,10.277888799086213,224
eee56eed-c921-4935-bc59-5b062da43978,cfbe6bee-cd08-4654-810f-1a3b3025c764,7944308.260379013,7944309.029723409,7944317.229807095,6774,200,0.7693443959578872,8.200083686038852,160
a74d8967-32c4-4f40-adea-c482c56e8dae,fd66c258-5859-4553-99da-0f386f57432c,7944308.260405647,7944309.2408578675,7944317.247641047,4100,200,0.9804522208869457,8.006783179938793,160
d3851561-17b9-471d-8e68-c2411ee9ddc9,91e2dcb0-9727-45f1-bd96-95ee2a9fe135,7944308.260402437,7944309.710057642,7944317.330174791,5559,200,1.4496552050113678,7.620117148384452,192
3e1c8ded-a0fb-4647-bc81-d99e55863b95,773fcc75-711c-4081-bfea-8e9f5d5f8c42,7944309.260410344,7944309.713822639,7944317.33382434,1179,200,0.4534122943878174,7.6200017016381025,160
02ea638e-fa28-4f97-9efd-1280cb309879,db3af283-c78b-4d14-bc1d-784377afabaf,7944308.260395747,7944308.83945745,7944317.3361557685,3841,200,0.5790617037564516,8.496698318049312,224
3928ea91-1c78-4d0a-b508-33f49c30ade7,6cbbb375-c940-47eb-bdbe-1c9292cd44d7,7944309.260424822,7944309.570885923,7944317.346129953,3068,200,0.3104611011222005,7.775244030170143,16
d39a9d8d-b4cd-4b34-b18e-ad4b5d798611,5cfe068c-bdac-4693-905b-190923e1087c,7944308.260398884,7944309.262850511,7944318.154932523,5890,200,1.0024516265839338,8.89208201225847,224
19a4665d-9d18-4348-aaf2-5daec20889d3,fc991f32-f1b6-4afe-ba3b-a472773d0110,7944310.260804982,7944310.492523566,7944318.274092405,1810,200,0.2317185839638114,7.781568839214742,192
e075776d-4110-42ea-8c43-17accaa3e412,9bc4feee-617f-4059-8c66-f3a6b1d07f17,7944310.260818942,7944310.469461689,7944319.457543515,1280,200,0.20864274632185698,8.988081825897098,176
98c3dbee-2c36-48e3-8e95-b892fb92641e,ade8cb90-6dbe-409a-8c98-4ae1df590b7e,7944312.260434137,7944312.570254594,7944319.759044576,2514,200,0.30982045736163855,7.1887899823486805,192
2e152b53-bd8b-4fab-9092-5edda38217d3,1326464b-c372-47f9-8850-927fd5f180aa,7944311.261087907,7944311.628542591,7944319.788861425,4460,200,0.3674546843394637,8.160318833775818,224
0173e75d-d507-4743-aa32-9c4a03509e94,e9333846-4b52-4552-b7b0-49ce8f3d396a,7944310.260822956,7944310.886100885,7944319.934681616,1689,200,0.625277929008007,9.048580730333924,176
c89649ae-3280-4b50-bc82-64f96dae0eab,d9b5ce8f-1f03-4b93-af09-4e750c6473c8,7944313.261099596,7944313.867804257,7944320.060181956,4103,200,0.6067046616226435,6.192377698607743,224
d36e3b56-7a46-4dbf-a5bd-efbb46aeb42e,02040ade-ed2d-491c-ad7f-c7feac81e298,7944310.260815706,7944310.522621906,7944320.216587587,998,200,0.2618062002584338,9.693965680897236,160
14420bcc-aff2-4321-a539-ff0029c81f8d,6a19083f-2cb9-4a28-b5a5-fe5affc36867,7944314.260553978,7944314.409331401,7944320.888025019,819,200,0.14877742249518633,6.478693618439138,192
f8af5527-1999-433a-894d-75a83664bf29,855dd6b3-1f0e-4fa3-a820-cbf26b5c076f,7944312.260439789,7944312.824192565,7944320.909559271,5715,200,0.5637527760118246,8.085366706363857,192
e7c0a4f2-c977-466d-913c-e4cad7aeaad3,386b7318-3947-4df1-8dd5-2e93abdf10c2,7944313.261096545,7944314.017017392,7944321.017974916,6011,200,0.7559208478778601,7.000957523472607,160
472d3085-ebd6-4c40-9939-7b7d4d2647bf,9ae48b4d-09e7-477a-96c8-ee9b319e707d,7944313.261093662,7944313.657597414,7944321.221574468,4191,200,0.39650375209748745,7.563977053388953,160
b11ef7c1-cb23-4ae6-af08-b79725b6d0e9,7e0dc3cf-f526-472a-bc5c-d24141fee908,7944313.261086543,7944313.6875058515,7944321.319950986,4015,200,0.4264193084090948,7.6324451342225075,192
8add4466-6bab-4c0a-b926-90d56a22c6c8,a0ee44f1-f36b-4a6a-bf7e-a9a8c8f79820,7944314.260551067,7944314.803458681,7944321.745915631,5950,200,0.5429076142609119,6.94245694950223,192
d8b1e5e6-70e0-4941-b793-d39027741ce5,27d34d22-9260-40a3-99e2-e20e86c4cfe7,7944308.260392369,7944308.917006828,7944321.783810433,3099,200,0.6566144591197371,12.866803605109453,160
6bb4f137-4bd5-427d-9b47-dc5fe61db95d,871e2ad2-c962-4d3f-879b-acd7d5c130e7,7944314.26054737,7944314.813819012,7944321.965583958,5804,200,0.5532716419547796,7.1517649460583925,192
88adfd29-a3a7-40bf-90ed-5e8b2eb900ef,773031a0-4df5-41b1-9031-e9c5d037efa1,7944312.260442486,7944312.499767042,7944322.11291204,1819,200,0.23932455573230982,9.613144998438656,192
d35de7b4-5b8f-4630-ab95-62ed1f053f46,5562c1a1-e6b0-40ec-96dd-5ea84936cbf8,7944309.260427867,7944310.177259145,7944322.240580288,5855,200,0.9168312782421708,12.063321142457426,176
135eb039-eadd-4f5a-9b25-3350b01ca561,850a9e15-1175-420d-83de-67148187b5e5,7944315.261029567,7944315.810730784,7944322.272249522,867,200,0.5497012175619602,6.461518737487495,176
6c28212b-893a-40b0-a344-8f69a8bd8486,08617b02-e213-4095-a1cd-ed95f33fb542,7944315.261026585,7944315.845222583,7944322.2842805935,1372,200,0.5841959984973073,6.439058010466397,192
8593a722-25d8-4b6a-8b83-b39127378393,74a8d097-f062-41b6-8205-d784bb153261,7944314.260537575,7944314.462085513,7944322.985680313,1925,200,0.20154793839901686,8.52359479945153,160
5c4e3761-2cb5-4037-9cfb-e576d63c8e1b,c8309beb-8c28-45e3-97c6-0ce22870ae69,7944313.261090357,7944313.787310631,7944323.1529107895,5906,200,0.5262202741578221,9.365600158460438,192
d3b3ca11-8224-41d6-95ce-7d61badca02e,43515880-6b47-44ce-ad5a-c143292b1649,7944313.261076999,7944313.774561539,7944323.179099189,5970,200,0.5134845403954387,9.404537649825215,160
b388855f-0d8a-4ade-9d94-bf847810c92d,21f467fb-de7c-4e1b-9293-058f066ebf57,7944310.260812461,7944310.779743771,7944323.353289674,5881,200,0.5189313096925616,12.573545902967453,176
d6469425-8bc2-42ea-8c46-1c3e2c1db8f9,0fc32f2f-3791-4f05-a896-da6268fe53f9,7944315.261033271,7944315.9255468305,7944323.81445893,4442,200,0.6645135590806603,7.888912099413574,192
61b8a993-9b55-4059-955e-3865e89630a3,8deb1987-ae66-48b8-ad82-ef28a801bdb8,7944317.260533833,7944317.806784147,7944324.376501261,1380,200,0.5462503144517541,6.5697171138599515,192
634ca926-2a43-4729-a16c-beb1cb0fb031,1f137368-a8ec-4424-9209-cece0037f45c,7944317.260558459,7944317.802325932,7944324.371367049,3819,200,0.5417674733325839,6.569041117094457,176
8341eb9a-0121-46ca-8479-7b80542c9be0,c3d496a4-2080-4ec5-b544-6c3443dffdf3,7944315.261023403,7944315.833767757,7944324.886860537,4672,200,0.5727443536743522,9.053092780523002,160
0ee31c4f-4a7b-43f4-b5f6-d65d4df503ca,997695bc-33ef-41c6-903e-cc1112298142,7944315.261011623,7944315.519615041,7944324.900121701,2399,200,0.2586034182459116,9.380506659857929,176
79d8a112-d47f-46e8-ace6-f2459adff904,5081ad02-1e94-429c-b756-848bd4f73416,7944317.260537762,7944317.797521858,7944325.278637478,618,200,0.5369840953499079,7.481115620583296,224
9b8565d5-9166-4626-8bed-92c19a1286b5,3e29e7d8-6d1a-47d0-9144-aee9df51a47e,7944317.260565853,7944317.792138905,7944325.274638306,4238,200,0.5315730525180697,7.482499401085079,176
6cc0087c-06b3-4d7e-b832-4d037da68a5a,a74d52a0-b723-423c-8ddc-8a8becc87965,7944312.260445024,7944312.823443787,7944325.792637307,5834,200,0.5629987632855773,12.969193520024419,176
0b86a820-7ca4-4aaf-8a10-dabc92284b1a,1e9d7c97-8003-4914-919a-c70046db848d,7944318.261155333,7944318.99767216,7944325.889508608,3245,200,0.7365168267861009,6.8918364476412535,192
d006a914-62e1-4a7b-8317-b2b539ed0399,ab7c945e-e515-4175-81a9-07d757d848ff,7944317.260548218,7944317.701411872,7944326.3097093785,2504,200,0.4408636540174484,8.608297506347299,192
35b9a050-a267-4df8-9ba3-8cd5327c1e0c,4dc898de-9d0d-4eef-9608-2e7f5c017b44,7944318.261148318,7944318.775732801,7944326.333968364,3858,200,0.5145844835788012,7.55823556240648,192
380c4f06-3c56-4d42-aa3c-2034ef9f78d5,67a0b975-184d-4abe-91c9-e84646d0b743,7944319.26122464,7944319.623705147,7944327.232652696,2560,200,0.3624805072322488,7.608947549015284,192
a5a7f596-b203-4888-b581-d2f91de6ca9f,13dd03df-0d85-4dae-9b18-42a81e6fbe95,7944317.260554798,7944317.812303306,7944327.265896767,5787,200,0.551748507656157,9.45359346177429,224
02ca163c-6235-4b40-bf50-18c0a3d6c432,c2cf61e6-40f9-49e5-a7f1-e24130e70596,7944317.260562009,7944317.920448778,7944327.577617848,5912,200,0.6598867690190673,9.657169070094824,176
3995d4bd-bac1-409f-a602-c1e3609b7912,efedac55-57dd-4acf-9f7e-f6bbd7243fbe,7944317.26052372,7944317.926945317,7944327.584536046,1783,200,0.6664215968921781,9.657590729184449,224
c784e828-df02-43e8-9d64-4d97ed41464d,a16f5240-7964-4ea6-8660-0762c30468df,7944318.261136376,7944319.064619406,7944327.927150026,2368,200,0.8034830298274755,8.862530619837344,176
1c94b0ba-cb15-4331-bf5f-77a008b41e4f,28b85227-ac6e-4816-91bf-18a4f64c1445,7944318.261176781,7944319.058044046,7944327.921347068,5691,200,0.7968672653660178,8.863303021527827,160
76771be7-381e-4dc7-9225-4bfb9f07daa2,0a0896da-1e20-4a06-9b7c-c33d45fcd843,7944316.261163286,7944316.736695571,7944327.9744104175,5845,200,0.475532284937799,11.237714846618474,176
88e3178f-a45c-48da-abf9-247a2cd75862,e658362d-729a-4a31-b36a-536cd076959f,7944317.260540975,7944317.729616122,7944328.129890774,934,200,0.46907514706254005,10.400274652056396,224
00c7675f-bb22-4590-9760-fbdae763e631,31895786-fe4a-4634-bd10-354266c7cf14,7944321.260534051,7944321.744354707,7944328.813662594,2589,200,0.4838206563144922,7.069307886995375,224
97532bbf-484b-4725-8f49-b8660b9f5082,675afd83-9b5b-45b7-9f5f-7e5d89f0c9f2,7944318.261159017,7944318.7453043135,7944328.848814831,3109,200,0.4841452967375517,10.103510517627,176
8ef42ad0-da78-4a10-b3ba-4d7ea400850c,db1fb291-ef7d-478a-9b73-48146f6a8cd5,7944318.261152092,7944319.328684418,7944329.005990628,5744,200,1.0675323260948062,9.677306209690869,176
bb485287-b590-465d-a3fd-81a29d17d9ee,1cc89369-2782-418c-93f1-6fd3c276dc1b,7944317.260551774,7944318.326460642,7944329.013151556,6734,200,1.0659088678658009,10.686690914444625,160
2ad13e46-cc0e-4073-8095-7928ded5c9bc,db181ab9-192b-4119-8e82-13c9748a3f0a,7944318.26117364,7944319.92858084,7944329.027677743,5877,200,1.6674071997404099,9.099096902646124,160
aae2dc8f-2482-4215-b9f4-85f38cdf696f,f48f3c83-7b8a-45e5-a0fa-74a6e92599d8,7944319.26120964,7944320.013498317,7944329.057258975,5894,200,0.7522886777296662,9.043760657310486,160
4380e40a-d14a-491e-8992-ca7591f89776,00049226-a856-4e37-9f5a-1aec0d5a0b20,7944319.261221309,7944319.740220178,7944329.07621708,5930,200,0.4789988687261939,9.335996901616454,192
a015cd72-ca0b-4927-b959-f0418edae478,d8a397bc-57f7-446c-afd5-6ed41a735419,7944315.261036056,7944315.735901623,7944329.09792895,1723,200,0.4748655669391155,13.362027326598763,192
23498e95-9850-4e82-9dfc-f6c3a8700401,70040244-0ba8-4018-b9e4-d79962cfab6a,7944318.261170115,7944319.007414926,7944329.142966567,5794,200,0.7462448105216026,10.135551640763879,224
87a9524b-4af0-434f-b0bd-4d28d8e85683,1b9e7537-74bf-4973-b1fc-400efab1eed4,7944320.260746426,7944320.75783258,7944329.406629774,5757,200,0.4970861542969942,8.648797193542123,176
bf5940ad-f75d-4d00-bdbb-8a1195645c8e,0efc611c-a104-4cc5-ac35-e883e7cebda7,7944318.261166058,7944318.887364334,7944329.701072048,735,200,0.6261982768774033,10.813707713969052,160
c16df14c-3662-4cb6-885c-ee9ae71bd958,89189bcd-1513-4bf6-8b6b-dc60259a21f6,7944320.260743301,7944320.793235426,7944329.812003032,5973,200,0.5324921244755387,9.018767606467009,160
513d4561-2000-4cbf-b6f8-b9e2943636dc,e793cd05-3809-4e36-8e78-d44bc000c93e,7944321.260530463,7944321.894839532,7944330.061648401,5814,200,0.6343090683221817,8.166808869689703,160
39bf09cd-e9e5-4cb6-810e-579b6f785202,e38ecf53-d2a3-434b-affd-1afb07135ae3,7944321.260519637,7944322.229402777,7944330.424918865,6231,200,0.9688831400126219,8.195516088046134,176
88773b6e-2136-46ba-bad8-0b1b3435e780,0fd4279a-26c5-4067-ab88-75febf63597d,7944322.260345771,7944322.856995904,7944330.560519287,5774,200,0.5966501329094172,7.70352338347584,176
78690cfd-e55c-4ecb-b9a2-23d367f03f00,44ca5816-8d16-4e6a-83e3-4700fae7ed03,7944322.260363411,7944322.760876688,7944330.867324403,5824,200,0.5005132770165801,8.10644771438092,160
bda6e871-7957-42f3-9d67-ade61f7eb0ea,7c8adab7-544c-4106-916a-d86d02536d30,7944323.260765327,7944323.810186193,7944331.026638166,5844,200,0.5494208661839366,7.216451972723007,176
f66127ce-0b07-4327-8028-4e3373b733bb,ae04581e-61a3-4e13-a5d3-988c330d8c3d,7944321.260523577,7944321.931238077,7944331.119347478,2153,200,0.6707144994288683,9.188109401613474,224
91315e31-c200-4b76-972c-f0bc24faad52,97572e5f-d135-46bc-9183-21b2af1303c1,7944320.260734342,7944320.373603524,7944331.208196652,861,200,0.11286918167024851,10.834593128412962,160
12d9a31e-e52b-49cb-b243-abb3fde4601d,a43aee69-af6f-4b63-82d9-73f1bb806cb0,7944320.260749931,7944320.774197772,7944331.670148995,6292,200,0.5134478406980634,10.895951222628355,192
4461f1f4-55eb-4d25-8db2-4569df3db638,9cc9f7c7-21b6-4049-9427-8e83dd93cba6,7944323.260774415,7944323.954366306,7944331.806278809,5753,200,0.6935918908566236,7.851912503130734,176
1e0f72b9-77da-4355-b51c-a92838750659,b445a6a6-6bdc-421a-87f2-2617512f76b6,7944323.260777324,7944323.634312771,7944331.837555774,840,200,0.3735354468226433,8.203243002295494,192
37bab548-2646-452e-b7a3-7eb08513cc6c,6e066633-fcb0-417d-94ee-a9864bbdaa41,7944317.260544417,7944318.302560013,7944332.0968189575,6408,200,1.0420155953615904,13.794258944690228,192
df071824-e412-4f75-badc-915495cbfe8e,31d93950-a967-42cb-aec0-6513d12008a1,7944324.260360347,7944325.27850771,7944332.155775007,3209,200,1.0181473633274436,6.877267296425998,224
2df486b0-a660-4aaf-81fa-a1e8e73e673f,6f45b8a4-e423-40e0-b44c-2370d1158913,7944318.261162519,7944319.989015439,7944332.181647371,6020,200,1.727852919138968,12.192631931975484,192
03ca79a2-41b3-4b76-9dfd-89bd14e2fe9c,3004af51-02c2-4833-8fa2-2e6dfbbcc02d,7944324.260334237,7944324.984218578,7944332.243595574,5803,200,0.7238843413069844,7.259376996196806,224
9bcd1922-a795-4ff4-99a5-f8b029693540,02266e03-2387-4a93-80ac-e63ccdb91f20,7944321.260509054,7944321.989906296,7944332.772595606,3756,200,0.7293972419574857,10.782689309678972,160
166110cc-a865-48fa-9dca-657d0acc7f03,7ed7ebb9-c4ac-496b-a503-cbbd0dad0d9e,7944325.260227108,7944325.434913141,7944332.917967021,2171,200,0.17468603234738111,7.483053880743682,160
cb9bc325-f3aa-4997-bb5e-29718f60ee9c,899c2615-9ae4-4ce5-91c4-b802b05ed50e,7944322.26035616,7944322.492211425,7944332.951102826,2077,200,0.23185526486486197,10.458891401067376,288
f19ea28f-3402-4af0-88ad-bd39166781bc,51d7aec4-2dba-42c1-8f75-3193d8c9b3b1,7944321.260527205,7944321.824502642,7944332.963839892,389,200,0.5639754375442863,11.13933725003153,176
4577fe3b-6e54-4e2d-80c5-5fdb12686fbe,24366d4f-7bcb-4d89-a25c-c95b1df94dec,7944324.260346236,7944324.820571021,7944333.165364999,399,200,0.5602247854694724,8.344793978147209,160
c9401b74-5519-4a99-8c75-cc58a3e1c40e,2375aed9-bf2b-4d31-b02f-4651375f6697,7944327.261337163,7944327.527632648,7944333.557749512,1016,200,0.26629548519849777,6.030116863548756,176
2bdaf17d-33c3-4fa3-a929-9549c4da6013,b1a5a57a-6ed3-4161-976b-550b8607a896,7944323.260771611,7944323.738470815,7944333.63358402,5506,200,0.4776992043480277,9.895113204605877,176
8fcae3f4-3cff-4009-b353-8ced4aca4dbb,8e505307-8830-46b2-ac68-84a7d5dbd9a0,7944323.260762168,7944323.922486426,7944333.747277873,2570,200,0.6617242582142353,9.824791446328163,160
aae55624-bff2-4010-8094-dcb0b28ff18d,09007909-7dab-491c-8fb3-4217da4439a6,7944327.261356907,7944327.903988411,7944334.097793708,1881,200,0.6426315037533641,6.193805296905339,224
bf427339-da31-45c0-8bb0-944467f4344b,558d1a32-11e7-4870-b268-20a3c0b14d67,7944322.260360119,7944322.958407738,7944334.118030512,5739,200,0.6980476193130016,11.159622773528099,160
f6bad644-2915-42e9-a965-4dd294099415,072cf49e-ac0d-4d29-b3db-cf9253ebe3e7,7944328.260457284,7944328.7048254805,7944334.225324767,4465,200,0.44436819665133953,5.520499286241829,176
23c7b4a7-872a-4b29-ab28-14d79a824d48,22c8b384-fed3-4c7f-8565-f8172214ee15,7944324.260356927,7944325.389440764,7944334.24042256,5845,200,1.1290838364511728,8.85098179616034,176
2523dd59-0e5e-401b-8775-3493b33f8646,0f610880-6ddd-4017-bf17-27f18caf55cb,7944325.260236897,7944325.843237383,7944334.328508788,5315,200,0.5830004867166281,8.485271404497325,160
2d53dd52-c1fa-4727-bc46-ef1f09a1657e,4e2cc355-6767-4d58-af18-665591a2617c,7944323.26075213,7944323.573947975,7944334.794242348,2864,200,0.31319584511220455,11.220294372178614,192
82020eef-f254-4b2e-bbf5-4784178212f9,a88040f4-3d46-4ddd-9db3-d9cefb577c4d,7944323.260768886,7944324.180982585,7944334.901494395,5862,200,0.9202136993408203,10.720511809922755,192
3f983737-40c5-4026-b5fc-acb91aa5d7e2,06d076b9-40b8-4297-8b75-54eca6130a42,7944329.260983135,7944329.734161877,7944335.499044955,2570,200,0.4731787424534559,5.764883077703416,160
e009ab6d-21a7-48de-813e-6c6a875289f9,f9b63fbd-926e-4b5a-a306-1e20c2f21778,7944324.26035022,7944325.228238871,7944336.030910934,4763,200,0.9678886514157057,10.8026720630005,160
a3ef7d46-bc21-4861-9201-cf513b7ad8df,a9ee696e-7782-458b-b0e3-a5f993f4a8eb,7944329.260998241,7944330.062218925,7944336.087915015,5835,200,0.801220684312284,6.025696090422571,176
0deed118-b12f-43cf-aa93-5e905a5d052e,f17a4867-8187-4bc8-b761-c5e2f43461f5,7944327.261343423,7944327.913464912,7944336.625530336,5859,200,0.6521214889362454,8.712065423838794,160
6c7c7c0d-ee93-42af-9052-1cba4bf1d61d,0759bb94-aa77-4047-8f94-34cc9c62436b,7944328.260454218,7944328.957955537,7944336.985667852,5975,200,0.6975013194605708,8.027712314389646,192
b9c5566d-dd73-4820-8039-4a2f136e6f66,3c65feda-6cb4-427f-8794-100421de1d7c,7944324.260353943,7944325.562406003,7944337.101971152,4972,200,1.3020520592108369,11.539565149694681,160
da8e235a-4163-42d9-9555-22149df622e2,e75457ed-6df5-4031-9265-1be7e8cbd160,7944325.260240133,7944325.942516797,7944337.129941327,5143,200,0.682276664301753,11.187424529343843,176
3ba2cd29-3980-4103-af46-2eed93767ff5,32379e4f-c52b-4533-87e4-7ccbc01e4871,7944327.261350849,7944327.929755489,7944337.293149396,3446,200,0.6684046406298876,9.363393906503916,176
5752e16e-821a-4e88-ad17-fe371077da06,5c6dac57-aba8-4008-9b1b-2dc74818894a,7944326.260445125,7944326.704707781,7944337.376921328,4872,200,0.4442626554518938,10.672213546931744,224
10e8da46-4435-4498-a587-0565e985cbba,2c2590bf-7735-4068-8406-2d47707168ea,7944327.261346511,7944328.0898535885,7944338.086719876,4267,200,0.8285070778802037,9.996866287663579,160
c9d6907b-e9d7-4967-98ca-569e56078889,f8e43d47-46b2-48cc-9573-4488e6fb8e5c,7944331.261219417,7944331.940118446,7944338.635283633,4617,200,0.6788990292698145,6.695165187120438,160
1c5c5c78-d271-4bf8-943b-1b3c811210cb,b9059ca1-41f6-4bb2-a78c-89f60ec16a23,7944331.261228865,7944331.70951261,7944338.797819591,2513,200,0.4482837449759245,7.088306981138885,160
698743f3-d12d-42cf-b7a8-d47cec73fbcb,715e64e0-0181-41a0-b6a9-c164d566d676,7944326.260432563,7944326.969705539,7944339.063245,5819,200,0.7092729760333896,12.093539461493492,176
4a415141-03a9-44ee-9120-3f4506fb7d52,7262c41e-02eb-45c0-b19c-64f63c95cfa5,7944327.261340666,7944327.845715893,7944339.2466252865,5131,200,0.5843752278015018,11.40090939309448,176
bba10033-03c3-44f9-b3e3-dc66f3062b6b,17f52023-20f0-4ba4-8129-16c153a0bb0e,7944332.260833014,7944332.721040971,7944339.50722583,4389,200,0.46020795684307814,6.786184859462082,160
d4aa2bb8-3bac-4a36-93ef-5893d7b57523,fc991f32-f1b6-4afe-ba3b-a472773d0110,7944328.260450147,7944328.924100294,7944339.732304615,2020,200,0.6636501466855407,10.808204321190715,192
91154cee-b1ad-4e46-8029-a01c67265d47,0883483d-ba52-4103-b119-afeaa09302ef,7944329.261009791,7944330.1355038285,7944339.916708254,5919,200,0.8744940375909209,9.781204425729811,192
38095cc5-c292-4c2e-a55a-fa3f96e3b91f,ce4d3f5a-faf3-4b06-b766-a614f1096c6f,7944330.260317588,7944330.783426225,7944340.142162729,5938,200,0.5231086369603872,9.358736503869295,192
e7f64c2c-565c-405d-ab89-f3712930cccf,20137c1a-ca8a-4457-a308-ac224059e1dd,7944327.261327463,7944328.131257387,7944340.257988934,5395,200,0.8699299236759543,12.126731547527015,176
8a54c5e3-dbec-46a7-b524-efdb45ce34d2,6e7cc52a-11de-432c-9428-ed0bba4d276d,7944331.261214186,7944331.606746236,7944340.321256834,3961,200,0.3455320494249463,8.714510598219931,160
fb32316f-f390-4dd0-83b0-65e29e508e86,a4910820-870d-4238-922d-93ffdf3d500c,7944331.261226135,7944331.413452112,7944340.358945807,1083,200,0.15222597680985928,8.94549369532615,160
cd317ae0-c2ef-4fc4-8ad9-d9978763cef6,7a77a142-6294-4d46-b6bf-f820bc0585c9,7944329.260994362,7944329.798948421,7944340.739268824,4682,200,0.5379540594294667,10.940320403315127,160
bd1ac4b1-8515-4607-82df-f09a66398b0b,d4a8ccbe-7316-4e32-881c-ec76afaa5012,7944327.261353887,7944328.005892462,7944340.922701327,6006,200,0.7445385754108429,12.91680886503309,160
780afa85-36ca-4364-a9a1-9f4cde793e0a,c97a374c-d25c-47eb-bcd4-8d00e4cf68d8,7944328.260438939,7944328.892327562,7944340.940901684,2098,200,0.6318886233493686,12.048574121668935,160
59afd7a2-aaf8-47fa-a520-6d9e76cbf1fd,899c2615-9ae4-4ce5-91c4-b802b05ed50e,7944332.260830156,7944332.888160809,7944342.00459851,2137,200,0.6273306533694267,9.116437701508403,288
1841470b-8815-4940-8e73-f45f75ee3a76,43515880-6b47-44ce-ad5a-c143292b1649,7944334.260427828,7944334.778163271,7944342.203829893,5970,200,0.5177354430779815,7.425666621886194,160
6e89b757-d0e5-452d-83dd-590af93496ae,1cda0d46-618b-4b7a-b957-319fe6d96516,7944331.261232173,7944332.207758268,7944342.304208617,6315,200,0.9465260952711105,10.096450348384678,192
c6d7adf2-1ccd-4e74-a49d-1f9618c1ff73,4131e3cc-5480-4d8c-9fef-c2f6acff68e7,7944330.260306243,7944330.703168076,7944342.482415411,4542,200,0.4428618336096406,11.779247334226966,176
7263f2dd-7bf3-4cc9-b059-368edd6c8534,844a87c7-258d-4606-b701-dd25f9c331ff,7944331.261204339,7944331.793664998,7944342.727926702,5824,200,0.5324606597423553,10.93426170386374,160
29fe7dc3-5fef-4f51-bdca-be5ac64024a7,57653307-c6ff-4c87-8138-1533b53900a3,7944329.261006426,7944330.351107684,7944342.8220170885,5955,200,1.0901012578979135,12.470909404568374,160
fbeaaff8-596b-4f02-874f-6429afaf930d,c6e18b90-e57b-498d-a257-de89d96b372c,7944332.260816392,7944332.525884985,7944342.878464216,2393,200,0.26506859343498945,10.352579231373966,192
db0344c9-c196-453d-889e-c73896be8e52,e10a6047-966d-41f5-9abd-eada18afadd3,7944333.261006176,7944333.441637152,7944342.932270624,2028,200,0.1806309763342142,9.490633471868932,176
e1f5368b-b549-4256-9cb6-0c7efc3abb1a,9f8fc93a-62fd-4685-beff-f86268053404,7944330.260321182,7944330.774886894,7944343.091646269,5776,200,0.5145657118409872,12.316759374924004,160
8c3b0c47-1cf8-461d-acce-4280caf2ede9,ba46ec63-d117-43af-a082-fdb05a1381df,7944331.26122244,7944331.610762414,7944343.177724308,2404,200,0.34953997377306223,11.566961894743145,160
822ed47e-b5d3-456c-891d-b3094a21835f,e3dd554f-367d-4384-ab25-a1c69ce5e46b,7944331.261217006,7944331.408419073,7944343.255729416,938,200,0.14720206707715988,11.847310343757272,176
e3b8721b-8b5b-4f0e-9cce-c47b3e846ba3,743da0c7-ad95-4639-a69e-c87954fbf45a,7944336.260376871,7944336.728945493,7944344.181775998,5775,200,0.4685686221346259,7.452830505557358,176
a3089dc0-558b-4e7a-90f1-12af87ecbe73,b397fd3b-5c1a-4e01-ae2f-44399f92080b,7944337.260913738,7944338.120562294,7944344.472879538,3319,200,0.8596485555171967,6.352317244745791,160
740154f2-14ef-442b-9d30-dad6f3d1eb05,a4f0c701-3c40-428e-a46d-38a2479e43d2,7944333.260989382,7944333.7596883355,7944344.5951805,5936,200,0.49869895353913307,10.835492164827883,176
f2fd70e7-50a9-4c58-ae8b-93a72b8dfc85,81f9eb5c-a80a-4900-a905-f6adea401077,7944338.260706167,7944338.560050095,7944344.691691176,841,200,0.29934392869472504,6.1316410806030035,224
ce0331fd-45ce-4470-a650-08abe0f5daa5,6cb10242-0337-4e8a-86db-9b44b95dfbe1,7944334.260416225,7944334.827352832,7944344.897212365,5994,200,0.5669366074725986,10.069859532639384,192
3e694d68-7a4b-4566-afde-0340012f4fba,dc50ab8c-4aef-4581-800f-8d55cff5e8ac,7944335.260470483,7944335.451694431,7944344.919670264,1680,200,0.19122394733130932,9.467975833453238,192
4475856c-14e3-4a30-a56f-0c0073d0bba9,91817d88-3093-4655-a55c-1e6106fc4d42,7944335.260467066,7944335.789000039,7944344.96392041,5867,200,0.5285329725593328,9.174920370802283,176
946f2c79-616d-4b78-93f2-0967ee5ec7e2,5974b26c-9c91-4e54-8f64-6f0a30771880,7944332.260826249,7944332.965527047,7944345.007562464,5662,200,0.704700798727572,12.042035416699946,192
426d7828-b5ce-4321-b983-793fec944cbc,173d8474-31a7-49c9-a766-796c9ce56475,7944334.260424281,7944334.454828079,7944345.616560687,1749,200,0.19440379831939936,11.16173260845244,0
27a7b46d-8234-432a-9096-cd61d71c63da,10d802c2-a294-4971-99fd-28d0464b03a3,7944339.261197875,7944339.400862414,7944345.896460531,1194,200,0.13966453913599253,6.495598116889596,176
8585c087-3ab0-4d32-8819-a830daa04d78,08617b02-e213-4095-a1cd-ed95f33fb542,7944335.260463373,7944335.468575619,7944346.153231665,1491,200,0.2081122463569045,10.684656045399606,192
0356fdba-49f6-4051-b4c8-fa499a3516b2,d7d8b6a7-fa09-48cf-8e94-8659d578b8ed,7944334.260430527,7944334.629225402,7944346.74566233,4326,200,0.3687948752194643,12.116436927579343,288
16c051a4-fc9a-4ca9-b0ae-aebbcd1fb0ea,51d7aec4-2dba-42c1-8f75-3193d8c9b3b1,7944335.260473526,7944335.7934604455,7944347.145006351,389,200,0.5329869193956256,11.351545905694366,176
dd53446f-1c14-4d2f-ba1e-2d91c88062c0,2d5dcc3c-a047-4b49-9a38-cd2e4eb26eb8,7944337.260916553,7944337.864133267,7944347.275926806,815,200,0.6032167132943869,9.411793539300561,176
846b014e-501d-4b45-a02d-c080a6206ab7,cae64ee8-4011-44ef-9331-c924f5e429be,7944340.26053776,7944340.946026659,7944347.33348633,2574,200,0.685488898307085,6.387459671124816,176
5ba7c17a-45b3-432c-af3d-e1199b9e99b3,16c13356-28d3-47de-b107-a5a7029a64ab,7944336.260364021,7944336.756528643,7944347.967104037,5827,200,0.4961646217852831,11.210575394332409,160
1966630a-e329-48bb-98e0-b83769c42e3f,d98c265f-698d-4cb1-87ed-52317461cdc6,7944337.260900713,7944337.679757237,7944347.999046963,4484,200,0.41885652486234903,10.319289725273848,288
f5c6bc31-adca-456a-aa62-356d4c54de2a,4da8fb42-3983-40f2-bef1-a8d32802c74f,7944338.260679374,7944338.909669723,7944348.025860319,1147,200,0.6489903489127755,9.116190595552325,176
986676e4-8037-45cc-b443-ecf1a00c4a18,e33a9d69-0943-4460-8168-0f009275bb34,7944338.260708841,7944338.903842248,7944348.020686456,1145,200,0.643133407458663,9.116844207979739,176
22fe37db-b6b2-4f37-9b7c-5456a6e7808c,d00c697d-7ae3-4f63-8c46-74cb115fcffb,7944338.260694634,7944339.384710331,7944348.096246921,5835,200,1.1240156972780824,8.711536590009928,160
506b21e3-4e4f-4178-abaf-5c758a38633c,1cc89369-2782-418c-93f1-6fd3c276dc1b,7944337.260910845,7944337.873487769,7944348.226128013,6656,200,0.6125769233331084,10.352640244178474,160
2b375c88-34b6-4450-a8f4-37a13ccfeab7,6ba87a37-5514-486c-a5f6-0a7c5f9057f4,7944337.260891539,7944337.593019873,7944348.297373406,3074,200,0.33212833385914564,10.704353532753885,192
3ccebf7d-78a9-4cea-8535-f1ddf29e3554,c1aa437d-4a45-48f5-a4ba-fefa5588951c,7944335.260451813,7944335.813049334,7944348.658334013,4586,200,0.5525975208729506,12.845284678973258,176
8668fa26-d993-4946-be4e-3c1e4c1effb2,75ce5d63-f5dd-4ba1-b1f1-9c1cc84309a9,7944339.261201982,7944339.40880384,7944348.737819057,1363,200,0.14760185778141022,9.32901521679014,176
4833ec00-4d7f-4495-87cc-1e12627a73e1,a3c929d0-baa7-4945-b63f-33a6fc39fd65,7944337.260907624,7944337.597203398,7944348.762037592,3468,200,0.3362957742065191,11.164834193885326,192
f24018eb-d1fb-44a0-a512-1810bee31cdf,db793246-9873-488a-8c36-68b6c758735d,7944338.260691906,7944339.110212954,7944348.792643694,2048,200,0.8495210474357009,9.682430740445852,224
d2e31fe5-2f05-4dc1-8b6a-740a76c4561a,04fdc20b-8327-42f7-a183-15c098d0ccce,7944342.260382623,7944342.864757191,7944348.803703971,5761,200,0.6043745679780841,5.938946779817343,160
b5912566-d34a-4390-a744-9c4bd7b80473,469d8baa-4a15-40fd-a740-aae6477a78b9,7944338.260700414,7944339.165605783,7944348.811560213,5441,200,0.9049053695052862,9.64595442917198,176
4106c5f6-10df-4651-aead-6a20cc55fcdc,cd95fd03-ad37-440b-badb-35ffe201bc5d,7944338.260697245,7944339.409737595,7944348.865780017,5960,200,1.149040350690484,9.456042421981692,160
e5dcc4c7-51b3-4e7c-9d7c-abcd691f2b09,fc0ee260-72a8-4d48-ad4f-51c0fbdc2377,7944340.260517335,7944340.75619851,7944349.169994712,5372,200,0.4956811750307679,8.413796202279627,160
37ea114b-346a-4224-8874-e40e0c51452e,9b048b14-06a6-4574-a80f-dbc23b48d9f7,7944340.260526907,7944340.812175252,7944349.220849929,5964,200,0.5516483448445797,8.408674677833915,160
3944b768-85a3-4a53-af0b-9104de4f6789,d3ad6d04-4b48-448b-836a-9b64752fc74f,7944340.260523913,7944340.884599734,7944349.7553666495,2138,200,0.6240758206695318,8.870766915380955,160
0a439d1d-aa6e-4532-8473-6bfff8b74ad8,2b0b6d27-8a7f-458e-8a26-26ecad67cecb,7944340.260529247,7944340.563383537,7944349.78352701,2619,200,0.30285429023206234,9.220143472775817,288
165b57af-3707-4410-a048-1be30d5150f3,eaa14318-4f95-461e-9213-5b24ea716730,7944337.260904885,7944337.786193933,7944349.863105563,5533,200,0.5252890484407544,12.076911630108953,160
874ea37c-0820-4a68-a2e0-159ee3b874c7,9bc4feee-617f-4059-8c66-f3a6b1d07f17,7944340.260534773,7944340.84918101,7944350.011564677,1288,200,0.5886462377384305,9.16238366626203,176
9d2b2d4a-012c-43ac-afeb-47fb9520dffe,e1a9d263-ac30-4000-851a-1dbe52fb62c1,7944336.260373481,7944336.74266676,7944350.032593676,5945,200,0.48229327984154224,13.289926915429533,176
05a2d509-cc90-43fa-ba97-d53f4055f334,b4ccd658-c53e-48f2-80b3-bdc3daefd3b0,7944338.260688612,7944339.034583207,7944350.086790761,3724,200,0.7738945949822664,11.052207553759217,224
c9b71716-306e-4614-b7d8-8fd28a0844ee,bef48969-2881-4b72-aae0-5d83261314a3,7944341.260350584,7944341.947422335,7944350.16355289,5742,200,0.6870717508718371,8.216130554676056,192
aab36ea3-4df1-4b3c-9c02-c7fb2db75891,1958dd0f-5de2-4626-bca0-02cbc78c8aeb,7944341.260371969,7944341.945958333,7944350.162040932,2770,200,0.6855863640084863,8.216082599014044,192
3eb2e429-6c61-4a6b-9234-7eb10b527a15,376fc79f-2991-4706-a6b7-8d5e7ec64423,7944337.260919377,7944337.947399619,7944350.259349095,5634,200,0.6864802418276668,12.31194947566837,176
24e56c33-56c8-4747-9300-9a5aac699da4,52901222-0bb4-47e4-8bba-8825319cf100,7944338.260703835,7944339.535752459,7944350.340934568,3912,200,1.2750486247241497,10.805182108655572,192
69771478-45c2-45a8-a031-078fa544b3c3,5081ad02-1e94-429c-b756-848bd4f73416,7944339.261184029,7944339.617704527,7944350.523750718,758,200,0.3565204981714487,10.906046190299094,224
8340b632-dee1-498d-ba66-b41dd175329c,e48e71a7-0fbf-4d48-9adb-86f9885a41fc,7944342.260386627,7944342.426895263,7944350.538322113,614,200,0.1665086355060339,8.111426850780845,16
33aef107-0857-4598-8594-ca0f8605aa57,0d6cfb7c-9564-4e6b-96ab-aec695811479,7944341.260368731,7944341.907542461,7944350.747479087,5943,200,0.6471737297251821,8.839936626143754,176
0f3116fb-7ad4-44f4-805b-9211131f7514,c9eebcda-eea2-470a-a776-e217e9bdb657,7944340.260540628,7944341.178783523,7944351.058152434,5907,200,0.9182428950443864,9.879368911497295,160
d3c77f4a-5c1a-4152-9a9f-7c390ece5dac,dfe44e20-e90e-41c0-877e-c3fbc36bc1f8,7944342.260390341,7944342.855316999,7944351.174349251,1250,200,0.5949266580864787,8.31903225183487,224
b5a99cad-7961-44c9-95eb-e4a666d8cb2d,8f571481-bb6f-4a50-ba89-2ea91233c37d,7944340.260531848,7944340.896300894,7944351.206326478,5777,200,0.6357690459117293,10.310025583952665,224
6da52b41-1520-4c38-8459-4102aab00687,238e0114-a854-4abc-967f-54062126b3e7,7944341.260364746,7944341.957121882,7944351.771928127,2860,200,0.696757135912776,9.814806245267391,176
70edd27b-5355-4f54-b845-acd96e1b9bf3,f08a5a98-ba52-4eb6-9dfc-c3e02b3c3c96,7944341.260375085,7944341.997249138,7944351.788106258,5884,200,0.736874052323401,9.790857120417058,176
b033acc1-cbcd-4179-a034-ba5926035a33,6f4051d6-8003-4af8-be6a-137219b04ba5,7944342.260370258,7944343.232297383,7944352.127836815,6170,200,0.9719271250069141,8.89553943183273,192
4f29aba3-1a7b-4a0d-a41a-d6ed792d6fa0,584dad95-d36b-497a-92bb-3cefd7fd8072,7944343.260537531,7944343.737253884,7944352.315259318,5887,200,0.47671635262668133,8.578005434013903,192
fb94b36c-a4cd-4c34-8971-364fe7e56dce,3c65feda-6cb4-427f-8794-100421de1d7c,7944342.260379331,7944342.623007223,7944352.62001496,5133,200,0.3626278918236494,9.997007736936212,4960
4a84a465-35ad-4b2a-85b2-b4bb604a3f7f,bcb9a03c-7a7d-4221-8d1f-5f52836f8b7c,7944344.260663417,7944344.802455504,7944352.896388332,2711,200,0.5417920872569084,8.093932827934623,224
4018834f-5f57-4b41-9e5f-21e91fc0ac08,51d7aec4-2dba-42c1-8f75-3193d8c9b3b1,7944344.260647654,7944344.377070664,7944352.928072057,389,200,0.11642301082611084,8.551001392304897,176
3de3a7a3-c30c-4a68-9be5-941aa90d456b,f21c3799-f3ff-498f-be2e-8982bdfe2ecd,7944343.260530201,7944343.461112873,7944352.940727017,1204,200,0.20058267191052437,9.479614144191146,192
f0fe005f-8ddb-40aa-94cf-ab0fa7b1bc2a,97e6ae57-69da-4647-a7d0-d90457e6abcc,7944345.260413266,7944345.770792345,7944353.212179053,1488,200,0.510379078797996,7.441386708058417,192
2f338a01-f72e-420f-a3a0-a9ac4b359b63,844a87c7-258d-4606-b701-dd25f9c331ff,7944344.260659739,7944344.82352288,7944353.520196745,5824,200,0.5628631403669715,8.696673865430057,160
a000b18a-bbec-4753-b282-e9331b5ded18,b59ce72b-bea5-439f-af40-3074ece4d7f6,7944345.260432601,7944345.790650467,7944353.601475464,2327,200,0.5302178664132953,7.81082499679178,288
fc3edee8-f896-4619-ad53-c9650c02e288,fa482bdd-c4dc-4bd0-ab79-4e8054d78a61,7944345.260438868,7944346.312984991,7944354.049307588,6291,200,1.0525461230427027,7.736322596669197,192
2cd30566-e984-4e60-b6de-e6b46851fbbe,00d31eb0-b908-4fd8-b7c3-40330a3b5089,7944346.260934741,7944346.89891517,7944354.09995413,5496,200,0.6379804285243154,7.201038960367441,224
18c1e14a-ced6-4467-96df-50ff9b372215,5f1dfde8-0414-448f-b867-af9a8603ce0b,7944346.260941763,7944346.736218119,7944354.113105549,4624,200,0.4752763556316495,7.376887429505587,176
3f871ded-bf2a-4e73-8cce-04afb420e5c2,aaeef1c3-4f10-4ff5-a2cd-f5a30a353fa0,7944345.260435773,7944346.249033021,7944354.288159111,5911,200,0.988597247749567,8.039126089774072,176
886afd12-52d8-4181-8147-cc18732ca50e,2dd1593e-b38b-4dc5-b628-5b24a57f7800,7944346.260938981,7944346.792463286,7944354.421128965,5664,200,0.5315243052318692,7.6286656791344285,176
4bf752fc-fa9e-44b3-8819-f61a69f50f0c,e75457ed-6df5-4031-9265-1be7e8cbd160,7944345.260427549,7944346.188404291,7944354.703714772,5177,200,0.9279767423868179,8.515310481190681,176
e3cae50c-cd2b-468d-ae06-01d73a9cf0f0,3d244e10-3c51-4e44-bce4-3022987dcfec,7944346.26094488,7944346.777225641,7944354.768370066,5998,200,0.5162807609885931,7.991144425235689,192
5d77e3c2-1a68-461e-86e2-3bde1553fe5c,072cf49e-ac0d-4d29-b3db-cf9253ebe3e7,7944348.260449201,7944348.677393416,7944354.778738561,4465,200,0.41694421507418156,6.1013451451435685,176
7fb58e02-5a93-45c4-8f15-dd34c997cca9,f259acc7-014b-45ee-b116-6c5a67d0b3dc,7944346.260924294,7944346.764963679,7944354.835227466,5818,200,0.504039385356009,8.070263787172735,192
e1baaacb-510b-49db-b621-07102dd28cbb,739e8356-c265-49a3-95cc-6cf7925072f8,7944347.261236227,7944347.8630245095,7944354.852938306,4430,200,0.6017882823944092,6.989913796074688,176
9d0784fb-a7f8-4de3-97d8-63854626818f,70040244-0ba8-4018-b9e4-d79962cfab6a,7944347.261224789,7944347.809990027,7944354.891927061,5847,200,0.5487652383744717,7.081937033683062,224
13e7921f-c0d0-4eb6-98a1-39d4af292aca,4caafacd-2ab0-4466-94b7-7cb54f0a4414,7944347.261239597,7944347.3979598,7944355.196558695,929,200,0.13672020379453897,7.79859889484942,176
f05dc922-1e8c-486a-ae50-5044d76c5d50,05e2aea2-3e77-4091-acf4-2b43e9372008,7944348.260431189,7944348.652053267,7944355.2232541675,4224,200,0.39162207767367363,6.571200900711119,160
7d85e473-aa7e-4d77-976d-4b4bac2e4a6c,d8a397bc-57f7-446c-afd5-6ed41a735419,7944349.260456261,7944349.439802247,7944355.689206267,1889,200,0.17934598587453365,6.249404019676149,192
c80ff95a-b119-415a-a429-6278ced3f023,2a455136-68a7-4f2e-ae04-e584f979ee34,7944348.260444693,7944348.6895818785,7944355.916146117,4746,200,0.42913718521595,7.226564238779247,176
809d61be-2bfb-4b0b-bd8c-1d62eb7381c6,9f8fc93a-62fd-4685-beff-f86268053404,7944349.260446808,7944349.737175716,7944356.181934318,5764,200,0.4767289077863097,6.444758601486683,160
d6e2d461-ba9e-4439-8286-3202ea2c700d,850a9e15-1175-420d-83de-67148187b5e5,7944350.260666836,7944350.385176409,7944356.96515564,867,200,0.12450957298278809,6.579979230649769,176
49b2bb28-6fba-49dc-9391-7b3458b6b09e,3a3d8f95-20e5-48e9-a332-7a0c444f6704,7944350.260653099,7944350.784454559,7944357.003240764,6050,200,0.5238014599308372,6.218786205165088,192
30d7cbbd-0cf9-403d-b3b7-bc701ef45b1f,f48f3c83-7b8a-45e5-a0fa-74a6e92599d8,7944349.260459665,7944349.752296976,7944357.030542815,5894,200,0.4918373106047511,7.278245839290321,160
abc62324-ce3c-4ff3-910b-31378d2d13f7,45e7f1a3-6b50-4b00-bff3-e4a8f31e6793,7944351.260607661,7944352.124275995,7944357.979315998,3681,200,0.8636683346703649,5.85504000261426,192
58d34b54-e5d7-4753-9224-ccf3b4b5004a,de97fead-7ef2-4b4d-af77-6f2fa230612d,7944350.260663294,7944350.777654347,7944358.006355105,5932,200,0.5169910527765751,7.228700757957995,176
c3ca1d23-3e48-4972-8cfd-07c6360036b8,eecbcd88-7743-4e34-95b6-1c67dec9ac89,7944351.26062214,7944351.877515934,7944358.247044636,5605,200,0.616893794387579,6.369528701528907,224
15cb2dfa-8b6c-4a4e-b4d1-b48c0797815b,6cbbb375-c940-47eb-bdbe-1c9292cd44d7,7944351.260626204,7944351.656989246,7944358.250473771,3151,200,0.3963630413636565,6.593484525568783,16
36ffa07a-8dc6-42fd-b120-9130e7797cbb,15e18881-cbb9-4802-a422-20808dd1ab23,7944351.260630141,7944351.565627908,7944358.319907172,1868,200,0.3049977673217654,6.754279263317585,176
4d0fec15-042e-4c6f-baf1-4d99cfc4fb64,9cc9f7c7-21b6-4049-9427-8e83dd93cba6,7944351.260612349,7944351.953054859,7944358.726035804,5798,200,0.6924425102770329,6.772980944253504,176
dde63bf2-b3f0-4c38-bf34-ae8587dbd171,9940ade6-df8e-4926-b7e8-edcbc08851ea,7944351.260587911,7944351.783128738,7944359.199530169,779,200,0.5225408272817731,7.41640143096447,192
56567b89-f390-4c86-bcd1-790903b4719d,111c6cc9-e819-42ff-9832-16defc59e0da,7944352.261074739,7944352.816585519,7944359.396233076,6167,200,0.5555107807740569,6.579647556878626,192
a8bb7fc0-2f02-4e4a-a305-92fc9bca9cb8,cf53ec7b-8773-48c4-bfea-fbe3da37a269,7944351.260618847,7944352.006345268,7944360.041800127,6021,200,0.7457264214754105,8.035454859025776,160
1a8e4023-c18e-4d22-966a-2e7216c822c0,6e066633-fcb0-417d-94ee-a9864bbdaa41,7944352.261071932,7944352.832374279,7944360.14749224,6441,200,0.5713023478165269,7.31511796079576,192
fad474aa-b4de-4593-9c51-e8275dfa8ebe,b914fbd6-a087-4d90-a0ed-605abdc8a06a,7944351.260615621,7944352.171043901,7944360.216297326,5846,200,0.9104282800108194,8.04525342490524,176
5659e162-0b09-418f-aff9-c19a4c5bd090,2c2590bf-7735-4068-8406-2d47707168ea,7944352.261058204,7944352.888817216,7944360.929513079,4473,200,0.6277590123936534,8.040695862844586,160
5345dcc3-f63f-4022-bb85-865381c09a66,601ebb0f-02ad-42e7-a626-7ebef638a847,7944352.261068124,7944352.763164719,7944361.225728845,5906,200,0.5020965943112969,8.462564126588404,192
9afee599-6c47-4992-aace-b6c0b7eb06ed,538295df-2f0a-4085-8670-42fd0748d463,7944355.260873211,7944355.497875846,7944362.174891038,424,200,0.23700263537466526,6.677015191875398,176
c78cc50e-76a2-4f5c-8010-3426d8547364,d9b5ce8f-1f03-4b93-af09-4e750c6473c8,7944355.260884341,7944356.0760563295,7944363.190507483,4103,200,0.8151719886809587,7.114451153203845,224
7c6bf74e-b1df-44f1-b8d2-c7e1f9285024,ec13b1d0-76b0-4b76-b16c-1f1ba5a32e9c,7944356.260582431,7944356.849783974,7944365.025898123,4575,200,0.5892015425488353,8.176114149391651,160
6a89dc59-0d76-4ae8-94ee-565b020434dd,3d4bb9ce-f904-4d3e-9ad9-28a3dced33aa,7944356.260589125,7944357.123885711,7944365.2219290575,4925,200,0.8632965860888362,8.098043346777558,160
77e8e38d-c628-4be0-b1c4-906173b3a7b9,27d34d22-9260-40a3-99e2-e20e86c4cfe7,7944356.260592398,7944356.734282635,7944365.302413034,3319,200,0.4736902369186282,8.568130399100482,160
bd96d5d4-1974-425a-9917-1312a20417eb,e793cd05-3809-4e36-8e78-d44bc000c93e,7944357.260620876,7944357.914015644,7944365.337766988,5802,200,0.6533947680145502,7.423751343972981,160
7e104956-687e-46f9-bd81-96774351a4d5,8205a582-0870-4530-86d0-ed900328ac62,7944355.260891961,7944355.849479456,7944365.941708123,5847,200,0.5885874954983592,10.092228666879237,176
e6748efe-935d-4bb7-9eeb-fee66f007b94,47b3760c-0084-40cf-8343-7f22faad50d5,7944357.260611113,7944357.351508737,7944365.996421794,367,200,0.09089762344956398,8.644913057796657,192
43bc567d-ef78-43bf-abc8-94d00b030d74,173d8474-31a7-49c9-a766-796c9ce56475,7944355.26088845,7944355.870593044,7944366.180174343,1737,200,0.6097045941278338,10.309581299312413,256
89373ab0-e1a5-451d-8515-8a7d1499c837,4181337f-4f55-4fd6-8fbd-e067aaaaebe3,7944356.260567592,7944356.920640012,7944366.644278952,5744,200,0.6600724197924137,9.723638939671218,176
6d52ecb5-ce88-475c-a098-1a83a80be225,d3ad6d04-4b48-448b-836a-9b64752fc74f,7944356.260585944,7944356.75528457,7944366.9768231055,2138,200,0.4946986259892583,10.221538535319269,2128
6c8466ad-5054-45d5-b97d-0c2a14df42da,5c6dac57-aba8-4008-9b1b-2dc74818894a,7944359.260323391,7944359.81200214,7944367.135947821,4872,200,0.5516787488013506,7.323945680633187,224
c3b18408-a9e9-471e-ae4c-bcc180439bc5,fc991f32-f1b6-4afe-ba3b-a472773d0110,7944358.261231346,7944358.615620615,7944367.2536781635,2161,200,0.3543892689049244,8.638057548552752,192
2609fe0b-802a-4cfc-b252-7519bf254fe0,119381d5-69e5-4c08-b438-534c58547839,7944360.260501458,7944360.7014826685,7944368.203797438,1230,200,0.44098121020942926,7.502314769662917,192
5b9afc14-4189-44a6-8986-e5503ea183ce,57965c9f-d1a7-428f-b691-aa12d95ea40d,7944357.260625475,7944357.949832396,7944368.21213258,6037,200,0.6892069205641747,10.262300183996558,192
58f9be23-57f9-4849-8d09-4dded7ec75c4,0883483d-ba52-4103-b119-afeaa09302ef,7944357.260632839,7944357.762739118,7944368.240131465,5755,200,0.5021062791347504,10.477392346598208,192
2a2cdbdf-6210-4d29-8f76-c41516b88e2c,e6dca7b5-0f24-49b0-b2a3-fe8bda0289ff,7944358.261217053,7944358.5880001895,7944368.302422838,3417,200,0.3267831364646554,9.714422648772597,224
ad927bfa-3f99-40ad-9d23-9cf676bc32ed,bfc78a92-84e5-4fdf-8b1d-913c94a11821,7944358.261227837,7944358.949759708,7944368.311852449,3998,200,0.6885318709537387,9.36209274083376,192
1d6e5104-3f7b-4f6e-be08-fef9c4157c05,0fc32f2f-3791-4f05-a896-da6268fe53f9,7944358.261233851,7944358.973234542,7944368.326801687,4606,200,0.7120006904006004,9.353567144833505,192
f8b8fa93-7ae8-4d5d-9c0b-08b3f5b6ebca,b325fd77-fdfe-41e9-a0ff-794363903698,7944357.260629496,7944357.4606490005,7944368.862022859,1830,200,0.2000195048749447,11.401373858563602,160
aa39f292-5984-4b8f-b884-996a27ffd1aa,0a8f817b-a718-410e-a942-023e11cee743,7944358.261236578,7944358.772212032,7944369.2971157525,5623,200,0.5109754540026188,10.524903720244765,192
f9ecac9d-b6b2-47a0-8729-3dc66fc90817,ba04113c-f39c-42e2-9942-9e943a5f3a91,7944359.260333776,7944359.398311842,7944369.614084832,999,200,0.13797806669026613,10.215772990137339,192
0a323450-2293-4a92-a423-cfa3ee4410ef,6c222109-f6f2-46ba-8c2a-fa24376d9683,7944359.260346012,7944359.461814959,7944369.638572103,752,200,0.2014689464122057,10.176757144741714,224
960b1cfd-4fc9-4aed-811c-42fe84ba17d3,169bfd1c-b54b-4a03-b40f-5a304abd2cb8,7944359.260338285,7944359.676614905,7944370.024955056,4486,200,0.4162766197696328,10.348340150900185,224
3438320b-4575-4bae-82bb-86395430b6e8,09dd643a-82c5-4330-85e9-67ad0d950227,7944361.260591815,7944361.694318086,7944370.175455355,2769,200,0.43372627068310976,8.481137269176543,192
f527ca63-7d44-4bf4-8c9c-9cc34c4c6b06,e724a820-5b7a-4218-83e7-e044ebcbf913,7944359.260342184,7944359.858098317,7944370.240334112,5768,200,0.5977561324834824,10.382235795259476,176
29ed8b34-a003-41c3-b2a0-8590ce1f26d3,7c8adab7-544c-4106-916a-d86d02536d30,7944359.260350495,7944359.80120888,7944370.411531149,5823,200,0.5408583851531148,10.61032226961106,176
65764400-0ca1-4760-b3ee-6dc4bf7f79db,ae04581e-61a3-4e13-a5d3-988c330d8c3d,7944360.260498014,7944360.881230902,7944370.590409021,2001,200,0.620732887648046,9.70917811896652,224
39516618-450c-4e9b-98fc-6256b2a227bf,715e64e0-0181-41a0-b6a9-c164d566d676,7944360.260504238,7944361.183071357,7944371.007167198,5781,200,0.9225671188905835,9.82409584056586,176
b0238711-72a3-47f2-b695-83ed7f842be6,fd66c258-5859-4553-99da-0f386f57432c,7944361.260588281,7944361.672213039,7944371.09576572,4292,200,0.4116247585043311,9.423552680760622,160
a098f428-851d-4d5b-8bcf-5ee1071a8923,d98c265f-698d-4cb1-87ed-52317461cdc6,7944361.260601262,7944361.6783563895,7944371.196081609,4462,200,0.4177551278844476,9.51772521995008,288
31628484-8d0a-445e-8742-a9d81a1a2080,3047d0dd-5a9d-4d90-be11-b1eb806c0a55,7944360.260486809,7944361.199020058,7944371.231214607,5920,200,0.9385332493111491,10.03219454921782,160
3b8fd608-ed99-4724-b7d7-a7166036e91a,4131e3cc-5480-4d8c-9fef-c2f6acff68e7,7944362.260820842,7944363.113799788,7944371.314118214,4746,200,0.852978945709765,8.200318425893784,176
59681cab-46cb-4e51-96e7-04887180bc49,51d7aec4-2dba-42c1-8f75-3193d8c9b3b1,7944361.26057222,7944361.360429401,7944371.915589381,389,200,0.09985718037933111,10.555159980431199,384
d6aca962-cbe4-4fc3-90dc-b97deb0ad161,31d93950-a967-42cb-aec0-6513d12008a1,7944361.260594815,7944361.6102489075,7944371.940384611,3350,200,0.34965409245342016,10.330135703086853,224
2a9b0fa2-9351-401c-ac52-5a6c7261d96c,43515880-6b47-44ce-ad5a-c143292b1649,7944362.260817673,7944362.8371350905,7944372.061551622,5908,200,0.576317417435348,9.22441653162241,160
a127e9f3-a430-43c8-a2ba-5c77821ec645,c5e22b01-38e1-4860-9ec4-994c6de81085,7944363.260413203,7944363.57860027,7944372.154591954,658,200,0.3181870663538575,8.575991684570909,160
a4390e73-ec14-4dd3-961a-7ca0edcb7d04,dfe44e20-e90e-41c0-877e-c3fbc36bc1f8,7944362.260809697,7944362.951243983,7944372.3213979,1514,200,0.6904342854395509,9.370153916999698,224
9c32201c-b6c3-429b-90cf-f55464f7ea5a,91e22163-b1ce-41e5-803d-070d44488e41,7944362.260824494,7944363.23261832,7944372.813392707,5866,200,0.971793825738132,9.580774387344718,192
921bf9fe-a59c-406f-8582-f3c9a60970ff,0f5c7ba8-c71a-4b78-90ce-c0b89f309981,7944363.260423058,7944363.545137843,7944372.894326832,401,200,0.28471478540450335,9.349188989028335,288
81f20dc3-14f1-41a9-bfbe-d9c414b75a42,844a87c7-258d-4606-b701-dd25f9c331ff,7944361.260598065,7944361.997451342,7944372.9173255395,5824,200,0.7368532763794065,10.919874197803438,160
3a6aef85-e45b-4ff0-b2ab-50b281d41bb7,2f05deee-6ad5-4e5e-aa8d-17b94344b163,7944363.260436661,7944363.940832859,7944372.957477306,5696,200,0.6803961982950568,9.016644447110593,224
75ebf9d8-fdd0-4135-bbf1-9a29e72e2f40,93f972a6-65ef-4743-aae5-aab226f65263,7944363.260429153,7944363.971405055,7944372.981498289,5905,200,0.7109759021550417,9.010093233548105,224
5e4094e6-77c4-4f90-9aab-4a1d83690d17,2d56a9c3-5f90-4bf8-8d15-611eb4ee9fbf,7944362.260792653,7944362.964243827,7944373.226898592,6509,200,0.7034511743113399,10.262654764577746,160
11d6b17f-a0b8-4c7a-86e8-6e95885e0896,f21c3799-f3ff-498f-be2e-8982bdfe2ecd,7944362.260834057,7944362.9583273865,7944373.222699191,1204,200,0.6974933296442032,10.264371804893017,192
533906dd-aea3-4497-9830-d49b4ae4bc94,f9b63fbd-926e-4b5a-a306-1e20c2f21778,7944362.260814324,7944363.153665688,7944373.2656716965,4763,200,0.8928513638675213,10.11200600862503,160
50330a6b-d8c1-42bf-97cb-211e3529dbfe,7843ac22-2747-424d-a1ac-f880330f244a,7944364.261239895,7944364.80620503,7944373.752905711,4786,200,0.5449651349335909,8.946700681000948,192
39ac4453-1016-4f5a-8af4-541ef113aa93,ae3515b7-b2c3-4055-9fee-cc35030fc4b2,7944364.261258718,7944364.80213072,7944373.750334592,1812,200,0.5408720020204782,8.948203871957958,176
34c2636e-783c-449c-a7fa-504daa8a7202,5081ad02-1e94-429c-b756-848bd4f73416,7944363.260426249,7944363.816621749,7944373.889249316,876,200,0.5561954993754625,10.07262756768614,224
75d7eb1f-55ef-492a-a0f0-0755fdbee224,6765a657-895e-4f86-948f-60d5c92ec33b,7944364.261250937,7944365.196748447,7944373.9283735,5992,200,0.9354975093156099,8.731625053100288,176
80f1409b-d0b3-4fec-9364-661c30cc818b,8f571481-bb6f-4a50-ba89-2ea91233c37d,7944365.26128754,7944366.122571769,7944374.111478401,5775,200,0.8612842289730906,7.988906632177532,224
70b964e9-c160-42ad-8717-c903b9760738,5562c1a1-e6b0-40ec-96dd-5ea84936cbf8,7944366.260467846,7944367.227244248,7944374.315831909,5999,200,0.9667764017358422,7.0885876612737775,176
e4a8358b-61f1-4255-b40b-462a53eed6b9,f8e43d47-46b2-48cc-9573-4488e6fb8e5c,7944362.260827653,7944363.143198984,7944374.400193,4809,200,0.8823713306337595,11.256994016468525,160
a40d51ed-3a22-42d4-aa4f-10f78d321e3e,657ec69d-2850-466b-9d84-480d9f1b5621,7944364.261254818,7944364.581675283,7944374.847463619,2798,200,0.3204204645007849,10.265788336284459,160
6629357c-3b5d-4c0d-91b8-65e5bd5b161e,029edadb-b234-4d39-a619-c56cc85e964f,7944367.261060671,7944367.506372635,7944374.886743955,782,200,0.24531196430325508,7.380371320061386,192
ca0dc3e2-f8e5-4a83-a2ca-9dc776ac91af,06e322b2-e2e0-4c72-a22b-f12dc16e4101,7944363.260439245,7944364.24954568,7944375.142339414,5929,200,0.989106435328722,10.892793733626604,176
10810d5b-8fdf-4030-9998-f3613817003b,6a0ac87a-e917-4b52-bf8d-10689801e4bb,7944365.261301495,7944365.952291832,7944375.239092421,2467,200,0.6909903371706605,9.286800588481128,192
f63fdb63-de46-4776-bd4f-9b12a5189ef8,bc5c74d8-eb34-4a1c-8ed5-ee4fc1418410,7944362.260830955,7944363.094326507,7944375.579883596,6057,200,0.8334955526515841,12.485557088628411,224
be4b5c8f-500d-43cc-b9c8-fd0b7f21421a,c9893413-7418-4865-94fb-0696dc49f758,7944366.260489715,7944366.849788368,7944376.23399175,2915,200,0.589298652485013,9.384203381836414,176
63e0a559-d98f-4a41-802c-174978931325,c97a374c-d25c-47eb-bcd4-8d00e4cf68d8,7944363.260432667,7944363.933386659,7944376.315728671,2368,200,0.6729539921507239,12.382342011667788,160
d80274c4-8c7a-494b-9246-1136917c9c0a,02107f20-0300-4036-b19a-172388159a40,7944365.261298638,7944365.889897556,7944376.503205457,4277,200,0.6285989182069898,10.613307900726795,176
4946373b-6f6e-496d-ac8b-79e634003f80,c36617c0-5ee9-428f-8eb3-fabed3fcffc7,7944365.261295072,7944365.5567924185,7944376.645464501,2367,200,0.2954973466694355,11.088672082871199,160
83bb435a-b580-4e60-b180-18568ed44426,17f52023-20f0-4ba4-8129-16c153a0bb0e,7944365.261292122,7944365.954284466,7944376.754016727,4389,200,0.6929923435673118,10.79973226133734,160
5a9b8abf-a167-4f7b-9616-cb3e2f5a653a,2b0b6d27-8a7f-458e-8a26-26ecad67cecb,7944368.260542634,7944368.516636056,7944377.04528634,2626,200,0.2560934219509363,8.528650283813477,288
f366d848-8f23-484b-9823-8ca4b218d250,6b12e983-df72-4200-80d7-0a4adbe5d91e,7944366.260486682,7944367.188957259,7944377.058907861,5955,200,0.9284705771133304,9.869950601831079,224
cf8c21cb-089d-42d8-ac05-44c321180698,e6330420-13fa-40f0-aaaa-ee9b7b873195,7944366.260479963,7944366.758034126,7944377.1679208,5506,200,0.49755416251719,10.409886674024165,192
27d58e1a-db02-4a81-b833-c8358ad353b1,cef881df-c2a5-4400-b32f-b3f0ea1210d5,7944367.261070492,7944367.891438375,7944377.253702701,5764,200,0.6303678834810853,9.362264325842261,224
2297d599-a0cf-4aac-9b64-61241a63d4ff,a6d693f0-8426-4cd2-a4b0-43616e67e856,7944365.261273817,7944365.886941335,7944377.368105595,5948,200,0.625667518004775,11.481164259836078,176
49a456d8-af50-484f-a891-959eda3fe589,4da8fb42-3983-40f2-bef1-a8d32802c74f,7944367.261075274,7944367.585851007,7944377.694816223,1387,200,0.32477573305368423,10.108965216204524,176
a403c6c7-41da-4d21-a8f9-6bd29a71d282,0c737e2d-f398-481a-b5d7-001a67e75a1c,7944366.260483506,7944366.935627139,7944377.7904219795,2527,200,0.6751436330378056,10.854794840328395,176
a345f9a1-7b9f-44ae-b258-75bd9e234d43,3e53059f-27ed-453d-a3cb-045b4aa7f847,7944367.261064516,7944367.91961487,7944378.0166932335,4574,200,0.6585503537207842,10.097078363411129,224
833930f4-387a-4813-b18c-34c5ccdce282,fc0ee260-72a8-4d48-ad4f-51c0fbdc2377,7944369.260860662,7944369.7391826445,7944378.029587646,5360,200,0.4783219825476408,8.290405001491308,160
3f35d20d-73e4-414e-ba46-49a397ea1004,558d1a32-11e7-4870-b268-20a3c0b14d67,7944367.261078911,7944367.927768834,7944378.195891349,5739,200,0.6666899230331182,10.26812251470983,160
d945aa4d-4eae-42c5-92c0-e2460839a668,61cae5ad-d7b0-41c4-92bc-de60edf75dee,7944367.261067893,7944367.916385391,7944378.324766769,5815,200,0.6553174974396825,10.408381378278136,224
d495aa33-3fc7-44d5-a0ad-e148db620b99,7ed7ebb9-c4ac-496b-a503-cbbd0dad0d9e,7944368.260533164,7944368.488942892,7944378.806564782,2394,200,0.22840972803533077,10.317621889524162,160
3dc409d3-2c47-48c4-a0f3-f26c727ecc0d,9cc9f7c7-21b6-4049-9427-8e83dd93cba6,7944369.260863859,7944369.834788214,7944379.251662973,5828,200,0.5739243552088737,9.416874758899212,176
e8f954ab-08bf-4622-b984-a144cc8f3b42,02040ade-ed2d-491c-ad7f-c7feac81e298,7944368.260523725,7944368.413544901,7944379.989548684,1193,200,0.1530211754143238,11.576003783382475,160
dade0a22-9e93-48ab-a5d3-ae63ee9de3dd,7e0dc3cf-f526-472a-bc5c-d24141fee908,7944368.260536968,7944368.9722437365,7944380.153651634,4015,200,0.7117067687213421,11.181407897733152,192
9c3ab8f4-1b7d-4f97-a98f-6028192bbabd,1326464b-c372-47f9-8850-927fd5f180aa,7944369.260857087,7944369.845712516,7944380.208412813,4720,200,0.584855429828167,10.36270029656589,224
a5921ed0-8f42-4f39-b76c-bfcbaa78e6d4,0883483d-ba52-4103-b119-afeaa09302ef,7944367.261047195,7944368.149301153,7944380.314474033,5861,200,0.8882539579644799,12.165172880515456,192
b611cdac-111c-4247-9bb0-2f59941e1497,4dc898de-9d0d-4eef-9608-2e7f5c017b44,7944371.260251309,7944372.105310607,7944380.623715037,4060,200,0.845059297978878,8.518404429778457,192
61040620-e1ae-4a38-add8-70786c9d9c9f,dee31f57-0db9-4efb-ad6f-509637e9dad7,7944371.260287506,7944372.099420808,7944380.618755508,1404,200,0.839133302681148,8.519334699958563,176
637754ff-1c81-4417-aea4-3dcca2862a5f,a652313c-8964-4423-b134-65f44458edb1,7944370.260590554,7944370.512917682,7944380.66558457,2901,200,0.25232712738215923,10.152666888199747,192
aa0db0ec-549d-4dc3-9773-4d8c2bf458b4,e75457ed-6df5-4031-9265-1be7e8cbd160,7944368.260539766,7944368.697253722,7944380.748938713,5177,200,0.43671395536512136,12.051684991456568,176
67b6d7ba-01ce-4419-b6c2-4ff149c718e6,83e780d2-3cdf-4e88-9a17-26905df5b928,7944371.260275526,7944371.910776383,7944380.768067258,5903,200,0.6505008572712541,8.857290875166655,160
0fca5c30-7189-4db5-85d6-541e72f4e850,e658362d-729a-4a31-b36a-536cd076959f,7944369.26084004,7944369.842746465,7944380.83358976,1143,200,0.5819064248353243,10.990843295119703,224
644c340e-096a-4659-8ad8-be43805e0a14,ab7c945e-e515-4175-81a9-07d757d848ff,7944372.260371274,7944372.522860732,7944380.843030027,2730,200,0.26248945761471987,8.320169295184314,192
4a0b9102-753a-4814-a1ce-887e2efe53cf,e522d237-13e9-4cef-9443-adf8b3a62e2c,7944370.260584429,7944370.357861029,7944381.028723906,319,200,0.0972766000777483,10.670862876810133,176
038f9b08-6328-423b-a42c-37b8840c4837,855dd6b3-1f0e-4fa3-a820-cbf26b5c076f,7944369.260868453,7944370.121089038,7944381.090714684,5757,200,0.8602205850183964,10.969625645317137,192
bc987f79-2320-4734-9b77-f2f604424603,bb3439ba-bbc2-476c-b3db-f87808d184ff,7944370.260575499,7944370.585821591,7944381.189782172,3639,200,0.32524609193205833,10.603960581123829,176
3f422d42-cee8-4500-a409-1eaceeacb0b4,47290926-f76b-42a0-b6b0-95ae3ac5a196,7944372.260382136,7944372.689027807,7944381.190639142,3384,200,0.42864567041397095,8.501611335203052,288
2989b0d0-1bcf-4ac5-95bc-fbee2135af8c,c1b43029-4936-4724-8836-95afb9ebd00b,7944371.260266321,7944371.742287536,7944381.196704287,1972,200,0.48202121537178755,9.45441675093025,208
e260b1a9-37a6-4260-b7c3-05927054edca,70040244-0ba8-4018-b9e4-d79962cfab6a,7944370.260587693,7944370.756971723,7944381.317331756,5847,200,0.4963840302079916,10.56036003306508,224
64682761-4cd7-4e87-aca4-7321403af399,f930fe97-9b9d-4eda-a442-77a83ed574c8,7944373.260593769,7944373.606028231,7944382.239780045,2856,200,0.3454344617202878,8.633751814253628,160
cd81deaf-57c5-43ac-95c4-8fb0f613ebe6,eecbcd88-7743-4e34-95b6-1c67dec9ac89,7944372.260373951,7944373.119466852,7944382.255674066,5593,200,0.8590929014608264,9.136207213625312,224
64561c1f-c558-41d0-9434-3ad0c85c8950,27d34d22-9260-40a3-99e2-e20e86c4cfe7,7944371.260278328,7944372.036221679,7944382.359946531,3307,200,0.7759433509781957,10.323724851943552,160
4a6f504d-09e6-40cb-b47c-0f8a23b51ba8,c6e18b90-e57b-498d-a257-de89d96b372c,7944371.260284704,7944371.880552397,7944382.734815847,2393,200,0.6202676929533482,10.854263450019062,192
3e02af72-e79b-4339-ac0e-dfee21de33dd,08b23a33-09ef-477b-94c0-369965ae5cb3,7944373.260606799,7944373.784139153,7944382.784279254,4869,200,0.5235323533415794,9.000140101648867,176
b5078189-49d3-466b-a4f6-d8c7983e5a58,a88040f4-3d46-4ddd-9db3-d9cefb577c4d,7944373.260614961,7944374.11656129,7944382.835861276,5862,200,0.8559463284909725,8.719299986027181,192
6d0eb852-7b6a-4a60-8977-6e6c779a24ee,808d4138-729b-4276-b0a1-bb598e185260,7944371.260281368,7944371.558448461,7944382.945361138,316,200,0.2981670927256346,11.386912677437067,192
358f8537-c7e6-43ab-ade0-6248f8b2f8d4,818f34b1-81e6-4dc9-8896-079af3a673ea,7944372.26035852,7944372.749485872,7944382.9728611875,5503,200,0.4891273519024253,10.223375315777957,192
a4c80e83-98ee-4e48-b8ad-2d4de4e6f365,828db195-ca5a-4484-848e-1fc6ac242624,7944374.260850945,7944374.7976805195,7944383.054474933,5786,200,0.5368295749649405,8.256794413551688,176
e6f8dde4-b469-4ed1-a460-6d1175c4a921,0f610880-6ddd-4017-bf17-27f18caf55cb,7944374.260869012,7944375.170846508,7944383.069597825,5460,200,0.9099774956703186,7.89875131752342,160
110d0db1-25a4-4185-a306-75b79e7f176f,e38ecf53-d2a3-434b-affd-1afb07135ae3,7944372.260368353,7944372.795812151,7944383.202017712,6147,200,0.5354437986388803,10.40620556101203,176
64596429-63a3-4ae2-97e2-9104a5c72b7d,0fdd3815-1923-4d11-a5f1-1c32cbce836b,7944374.260860198,7944374.7955988785,7944383.351094573,3671,200,0.5347386803478003,8.55549569427967,176
a52342fe-89fd-4976-9ec8-567ea6e30b4a,2c86ed1f-d31f-41b7-a7e9-fc66b43651d6,7944371.260270289,7944371.896717533,7944383.391779566,1515,200,0.6364472433924675,11.495062033645809,192
6fa0d74e-acb7-4228-8167-4ab09e6839f8,51d7aec4-2dba-42c1-8f75-3193d8c9b3b1,7944376.260446506,7944376.350980992,7944384.035380229,389,200,0.09053448680788279,7.684399236924946,176
9e45e6cf-9519-4b1e-adea-ac9201f9e831,2dd1593e-b38b-4dc5-b628-5b24a57f7800,7944371.260272804,7944371.935948292,7944384.173554429,5826,200,0.6756754880771041,12.237606137059629,176
2aab4e15-b69e-48a7-b969-6964b05b0833,08617b02-e213-4095-a1cd-ed95f33fb542,7944373.260619475,7944374.144413662,7944384.6397921415,1740,200,0.8837941875681281,10.495378479361534,192
1adf4440-bc4a-4af8-bfd7-369367a7e7c4,db793246-9873-488a-8c36-68b6c758735d,7944375.260525072,7944375.483343132,7944384.814800924,2181,200,0.22281805984675884,9.33145779184997,224
49cfb25c-79ed-4446-a3ba-18b6f9b641b0,9728b43f-13e5-4f1c-b6d4-40db13828d76,7944375.260528267,7944375.76570851,7944384.835441026,5929,200,0.5051802424713969,9.06973251607269,176
b8dc5b81-419e-4ab3-95e2-67fe8b341f8f,929b8a4f-ae3d-429e-830a-f69897f7f505,7944372.260378308,7944373.126463328,7944384.865701323,5450,200,0.8660850198939443,11.739237995818257,160
bfc61692-8791-43bf-a7c4-eb4d1271a22b,584dad95-d36b-497a-92bb-3cefd7fd8072,7944374.260876296,7944375.248228065,7944384.899563237,5898,200,0.9873517686501145,9.651335172355175,192
5ef9dc78-2f25-414d-a594-3aeeed3d8bb3,9c12cb33-cb8b-46f3-b54d-8d364af5f3c9,7944373.260612538,7944373.891840451,7944384.97907152,1716,200,0.631227913312614,11.087231068871915,192
d15b0a75-58e5-4f8d-9b30-71b813dfb1c5,d3ad6d04-4b48-448b-836a-9b64752fc74f,7944375.26051182,7944375.451243079,7944385.153342551,2138,200,0.19073125906288624,9.702099471352994,160
2b37c3a2-ec1a-4f58-ab85-88fabe4ae03b,c224457b-5ee5-41ff-ab1d-fe153a463ef1,7944373.260610178,7944373.82679252,7944385.161253265,3533,200,0.566182341426611,11.334460745565593,160
8b082dd8-615b-4ac3-b24f-d15d8e177bef,6e324056-7897-4c8b-93de-3f0d2871a1a9,7944377.260643111,7944377.826435679,7944385.38201004,5934,200,0.5657925680279732,7.555574361234903,192
e4b4413f-34bd-473b-a8df-2db54dca1a56,b95dfb64-0406-4605-9307-eb2ed587ac22,7944374.260866475,7944375.216069963,7944385.98277216,5895,200,0.9552034875378013,10.766702197492123,224
48761a1a-5d70-455c-a11e-3f137fc9adb3,643c4d15-0574-4bb2-a238-eb5212ad6aff,7944378.26047687,7944379.011988885,7944385.987594512,6524,200,0.7515120143070817,6.9756056275218725,176
6ddeec72-7ac1-4e75-8bea-028deefc5e45,41a8ee23-c625-4401-b4cb-e78c442b71c4,7944378.260487545,7944378.750020621,7944386.122236454,3547,200,0.4895330760627985,7.372215832583606,256
0c2bd3a6-12cf-44ad-a4e1-7ef404151c06,3c65feda-6cb4-427f-8794-100421de1d7c,7944377.260637128,7944377.793585689,7944386.203899164,5379,200,0.5329485610127449,8.410313474945724,160
7604898a-ecfd-479f-8d6e-f8adc727259d,46570599-4af5-4cfa-9d66-89bb5f37211f,7944379.261208346,7944379.790667328,7944386.319830524,5788,200,0.5294589819386601,6.529163195751607,192
c30af40c-8196-439e-8445-d190c277faef,1fa5ccae-f241-4f75-a21b-4d320e2b4228,7944378.260463057,7944379.050496826,7944386.745311281,6566,200,0.7900337688624859,7.694814454764128,192
73c31b8b-d64f-4216-a35a-6f74222166c8,469d8baa-4a15-40fd-a740-aae6477a78b9,7944374.260863737,7944375.149986362,7944386.760332117,5429,200,0.8891226248815656,11.610345754772425,176
bfb7ccf1-f275-4612-af78-531d8aa54c1b,899c2615-9ae4-4ce5-91c4-b802b05ed50e,7944379.261205149,7944379.837880501,7944386.972563126,2202,200,0.5766753517091274,7.13468262553215,288
88df3782-26ec-45e6-a4d4-f5ae420b0f78,a16f5240-7964-4ea6-8660-0762c30468df,7944375.260530722,7944375.573084721,7944387.031185078,2538,200,0.3125539990141988,11.458100357092917,176
e74b73d8-a564-4859-97fd-2e0742eb7b75,a0ee44f1-f36b-4a6a-bf7e-a9a8c8f79820,7944373.260617303,7944374.401006814,7944387.209208494,5950,200,1.1403895113617182,12.808201679959893,192
d55747fb-4f26-46da-b518-1f0942dfdc55,f75aa301-f7dd-4da5-abac-17906f66550b,7944374.260872514,7944374.854142017,7944387.237178386,3156,200,0.5932695027440786,12.383036369457841,176
a068008d-e8e0-4813-a64a-97aa10701c95,0fd4279a-26c5-4067-ab88-75febf63597d,7944376.260437874,7944376.744113092,7944387.315676336,5929,200,0.48367521818727255,10.571563243865967,176
c86a70ef-babf-4063-bc8c-81ef89e0ddb8,c4a9bd9e-033a-4322-9b9d-58977f2fd183,7944380.26034709,7944380.63851435,7944387.492490708,3985,200,0.3781672604382038,6.853976357728243,192
02576a36-eb86-4791-85d7-e3b02bc7944a,518b2120-1899-4a0f-af6e-5a114887002b,7944378.260483174,7944378.8051178055,7944387.678822305,653,200,0.5446346318349242,8.873704499565065,176
fd3c9bb4-1c88-4ca8-9581-5e00e650acc5,a09a039f-9515-4b52-bf42-ea10d8add1bb,7944379.261182368,7944379.499149216,7944388.044455235,795,200,0.23796684853732586,8.545306018553674,192
c2558e77-6e28-46e3-a0eb-e04039350138,1ebbb437-f79e-4fd7-9fad-45fbb7cdb20b,7944379.261211689,7944380.248927681,7944388.201197111,5819,200,0.9877159921452403,7.952269430272281,160
06a295ff-c2b0-460d-9884-46eae2527fc1,1cb4cd2c-3d59-46ce-8a93-0db347afede8,7944382.260738724,7944382.6018533865,7944388.421657855,1796,200,0.34111466258764267,5.81980446819216,192
2a3a5557-e3b1-46a6-85eb-31e23c700d7d,b59ce72b-bea5-439f-af40-3074ece4d7f6,7944381.260453628,7944381.9760824945,7944388.924184378,2377,200,0.7156288661062717,6.948101883754134,16
fae4acd5-c226-486c-831d-07a9f4133718,41128b96-fd4a-4c4f-ab0e-4f0be9d70919,7944383.260528903,7944383.96474415,7944388.961081996,5795,200,0.7042152462527156,4.996337845921516,192
286601e9-0862-43fa-b77b-686000b5eeaf,cfbe6bee-cd08-4654-810f-1a3b3025c764,7944376.260449542,7944376.9110237975,7944389.057411499,6832,200,0.6505742557346821,12.14638770185411,160
6ddfe9e0-01f4-4f91-b4e6-1a7c97373caf,808d4138-729b-4276-b0a1-bb598e185260,7944382.260755462,7944382.423726896,7944389.247387874,316,200,0.16297143418341875,6.823660978116095,192
e6d2d6f8-a1a3-4a9c-aa3f-0c838495d6c6,bef48969-2881-4b72-aae0-5d83261314a3,7944378.260493596,7944379.417375971,7944389.322694896,5719,200,1.156882374547422,9.90531892515719,192
05fec44f-875d-411d-b792-bfbfdcb8e848,01b9d883-f860-4a5d-8217-51a1ccf33c2a,7944380.260351025,7944380.373248222,7944389.895263626,631,200,0.11289719771593809,9.522015403956175,176
fcf10782-12d9-4084-9174-a38e52390ed5,2a455136-68a7-4f2e-ae04-e584f979ee34,7944378.260490141,7944379.161831407,7944390.113698109,4746,200,0.9013412659987807,10.95186670217663,176
98719aac-7fe6-4bdf-a77b-f27afc5faa57,f21c3799-f3ff-498f-be2e-8982bdfe2ecd,7944381.260468002,7944381.843929273,7944390.134303085,1204,200,0.5834612706676126,8.290373811498284,192
1d1c4151-a300-4658-993a-cd8f3cbf5062,c494ad38-eca5-4234-ab94-6b47ba0ceac5,7944381.26047099,7944382.020629042,7944390.182113922,6586,200,0.7601580517366529,8.161484880372882,192
25b5a345-f0d6-4a4d-98a6-caff3d9084cc,02107f20-0300-4036-b19a-172388159a40,7944385.260470944,7944385.804571352,7944390.323285423,4265,200,0.5441004075109959,4.518714071251452,176
d2cf3aa3-21a3-4703-b05f-6930ba924934,b3b1f241-4f97-466c-b9af-0701c1476d26,7944383.260500232,7944384.222324821,7944390.9431231115,5896,200,0.9618245894089341,6.720798290334642,224
1f11f20c-2434-422b-a695-3207285f9616,ba46ec63-d117-43af-a082-fdb05a1381df,7944382.260761887,7944382.714246362,7944391.118967401,2625,200,0.4534844756126404,8.404721038416028,160
a2468b48-fa49-4ffe-b299-af94f73766ff,0efc611c-a104-4cc5-ac35-e883e7cebda7,7944386.260846187,7944386.459056324,7944391.285780845,944,200,0.19821013696491718,4.826724520884454,160
4077cf50-75e1-464e-b216-2ff6b3eb2e7d,6f90c4ab-65aa-49a6-ba03-ccb6cd74af3e,7944381.260474413,7944382.242757219,7944391.335553423,5795,200,0.9822828061878681,9.092796203680336,176
bbdcb42b-961d-49b1-bdb5-487970136958,de528792-7b2e-4008-9f06-3c9229e60e2f,7944379.261201296,7944379.833089765,7944391.594597354,1692,200,0.5718884691596031,11.76150758843869,224
05ad5bcd-b76c-4295-ac9d-2755c30a3605,136c09df-f87e-45ff-b30d-813886566a5b,7944382.260764909,7944382.904909795,7944391.867891901,5738,200,0.6441448861733079,8.962982106022537,192
3cdbbe29-3b1f-486d-bb16-3b0248864f45,a4910820-870d-4238-922d-93ffdf3d500c,7944382.260758844,7944382.635160132,7944391.881069413,1083,200,0.37440128810703754,9.245909281075,160
39259c63-7ea9-4479-8fb3-bab6de524064,faaf4675-e336-4c29-ba22-f21742dac9e8,7944381.260464305,7944382.175796593,7944392.033604523,5815,200,0.9153322875499725,9.85780793055892,224
5305350d-1656-42f7-ba0c-5c33c2419229,f0cbebc5-adb6-461b-9b21-22667b2f1d8c,7944380.260336982,7944380.507001164,7944392.142181081,2741,200,0.24666418228298426,11.635179916396737,224
d21e446f-cd05-43ed-8685-ee093f0a3c2d,1958dd0f-5de2-4626-bca0-02cbc78c8aeb,7944383.260510737,7944383.988256462,7944392.147766665,2960,200,0.7277457248419523,8.15951020270586,192
ab39fb17-c98d-4ea3-a53e-156e63222ea1,d98c265f-698d-4cb1-87ed-52317461cdc6,7944382.260751599,7944383.124739198,7944392.225961226,4487,200,0.8639875985682011,9.101222028024495,288
b68329dd-fa5d-4b99-8ba9-a9506d84e388,68a72b40-75f5-45c2-ab5b-a60e1e1882e3,7944383.260522807,7944383.735508568,7944392.281563274,1901,200,0.4749857606366277,8.54605470597744,192
b75c15f9-54bd-4b36-b201-613cd6571181,675afd83-9b5b-45b7-9f5f-7e5d89f0c9f2,7944383.260516621,7944384.014471753,7944392.988650978,3350,200,0.7539551313966513,8.974179225042462,176
877365ab-2349-42dc-89de-9553d4191464,13dd03df-0d85-4dae-9b18-42a81e6fbe95,7944386.260848885,7944387.158737025,7944392.994671054,5659,200,0.897888139821589,5.835934028960764,224
6ca814cc-0a70-41f3-aa69-74ea10c2e36f,39a941db-b6b9-4681-8620-da98a408c9dc,7944384.260621635,7944384.759627267,7944393.018910523,5987,200,0.4990056315436959,8.259283255785704,176
5ced1701-f95b-4acb-a5a8-6a93f741b141,cdf5f7dc-c349-4b90-abc8-6f86fa5415cd,7944383.260514271,7944384.031580012,7944393.042547251,3051,200,0.7710657408460975,9.010967238806188,192
f855664a-ea89-4950-938d-35596e947f26,ceb8b264-daa4-4142-9261-329766ad7443,7944383.260526309,7944384.264904874,7944393.237732527,1554,200,1.0043785655871034,8.972827652469277,160
04200ed2-aa68-47ec-a2e1-6da5cca24510,6ba87a37-5514-486c-a5f6-0a7c5f9057f4,7944384.260605748,7944384.569053514,7944393.295337329,3292,200,0.3084477661177516,8.726283814758062,192
cce35109-15cf-4c8d-9ce4-d9288262cbd9,ffa65629-fc9d-4ec9-b6e2-f76db11b35df,7944383.26051961,7944384.540925505,7944394.272555935,5943,200,1.2804058948531747,9.731630430556834,192
928f5013-4dd4-4b8f-bc8c-5849785a424b,538295df-2f0a-4085-8670-42fd0748d463,7944385.260461635,7944385.879155578,7944394.986021035,570,200,0.6186939431354403,9.106865457259119,176
60300921-97c2-4f4f-90e1-824baacc99d7,d00c697d-7ae3-4f63-8c46-74cb115fcffb,7944385.260465293,7944386.237633293,7944395.031026072,5809,200,0.9771679993718863,8.793392779305577,160
3d3b252f-d420-4d8e-994b-cf00fa682bcd,e3dd554f-367d-4384-ab25-a1c69ce5e46b,7944388.261278414,7944388.420672658,7944395.167693079,1125,200,0.15939424373209476,6.747020421549678,176
58c3050b-2d56-4b10-aba2-0c17fe0606da,a0f4972e-a008-44c4-ba13-b684554c436b,7944386.260842656,7944386.584720279,7944395.189003107,2878,200,0.3238776233047247,8.604282828047872,176
8bf01653-5482-4331-9ad4-17b7ed8e9ec8,a3c929d0-baa7-4945-b63f-33a6fc39fd65,7944385.260468486,7944386.143773106,7944395.249044971,3651,200,0.8833046201616526,9.105271864682436,176
2f0c81e5-71c6-426e-821b-a800a2e9bdf8,c83dc93a-17bd-4b97-ae1e-ea8cd1dbecfe,7944385.260449996,7944385.927432576,7944395.30859169,5908,200,0.6669825799763203,9.38115911372006,160
cba9e836-bc9d-420a-9a3b-edf11dff9f6a,b23331f5-cf25-4f3d-bb0a-0b712f6627c0,7944387.260833418,7944387.682046229,7944396.269235379,4374,200,0.4212128110229969,8.587189150042832,176
160fc70b-de6f-4136-a5b3-8e91fa7e04c0,187f15cf-abd4-40d5-b327-1bd0cec63671,7944387.260817752,7944387.613831991,7944396.3156252615,3492,200,0.3530142391100526,8.70179327018559,176
1bafdc3a-a919-47e0-b02e-70c2c7c86bf2,3047d0dd-5a9d-4d90-be11-b1eb806c0a55,7944386.260833166,7944386.998041375,7944396.349326847,5920,200,0.7372082090005279,9.351285472512245,160
031064ba-878a-4648-ad53-a55df9ce7987,9bc4feee-617f-4059-8c66-f3a6b1d07f17,7944389.260422641,7944389.6812869515,7944397.216399314,1426,200,0.4208643101155758,7.535112362354994,176
b983876c-68e2-4bfc-89d8-b5dd68b4c01a,4a4b9580-1d15-458e-9b7f-fe574dea6d90,7944388.26126909,7944388.468894246,7944397.316175997,1465,200,0.20762515626847744,8.847281751222908,176
e76c3fe3-4109-418d-b804-89eee778a3f8,45e7f1a3-6b50-4b00-bff3-e4a8f31e6793,7944388.261287154,7944388.745760182,7944397.37740654,3986,200,0.4844730282202363,8.631646358408034,192
55365e9e-ff85-46ba-babd-a1f989df010d,e9913fd8-1e79-4e0e-b993-24d62c86391b,7944387.260830049,7944387.516696873,7944398.156056004,2232,200,0.2558668237179518,10.639359130524099,160
9a23f501-15ba-45be-8773-9ad81f4235cd,f17a4867-8187-4bc8-b761-c5e2f43461f5,7944389.26043692,7944389.878764211,7944398.158259032,5859,200,0.61832729075104,8.279494821093976,160
f303011b-17f2-4bcc-8eb3-1e627b7c8ab7,773fcc75-711c-4081-bfea-8e9f5d5f8c42,7944388.261281454,7944388.845247378,7944398.196515903,1405,200,0.5839659236371517,9.351268525235355,160
080572b9-8be6-4b96-b2ce-cc3e6fb7c912,52901222-0bb4-47e4-8bba-8825319cf100,7944388.261284508,7944389.09120532,7944398.198268089,4118,200,0.829920812509954,9.107062769122422,192
6a112c9a-3f00-4124-bdc9-ed825a884ad9,70040244-0ba8-4018-b9e4-d79962cfab6a,7944390.260354977,7944390.373977587,7944399.190180936,5847,200,0.11362260952591896,8.816203349269927,5840
068c550a-8b88-4ade-9883-c49b13ed3488,b1a5a57a-6ed3-4161-976b-550b8607a896,7944388.261289512,7944388.961920299,7944399.675093097,5735,200,0.7006307868286967,10.71317279804498,176
a5063b15-25d6-4490-a75b-25074d8fc886,407ddf5a-139c-4828-921e-c70aad421b68,7944390.2603755,7944390.960924034,7944400.1645653965,4567,200,0.7005485342815518,9.20364136248827,176
b97eb15b-98e5-4584-ba52-cbd4319b89bd,cf53ec7b-8773-48c4-bfea-fbe3da37a269,7944390.260372321,7944390.974238729,7944400.242635347,5870,200,0.713866407983005,9.2683966178447,160
b2456bc1-4db3-475d-8fdc-9da6a6be213f,2375aed9-bf2b-4d31-b02f-4651375f6697,7944389.260433066,7944389.860439464,7944400.311653064,1187,200,0.6000063987448812,10.451213599182665,176
1ecc094d-5253-43f4-a233-165c121c4cae,72007798-6523-420d-9817-37e87fcf6ec6,7944389.260443146,7944390.032052729,7944400.3119400665,2983,200,0.7716095829382539,10.279887337237597,224
aa0bee87-4245-456a-a192-80c07d6da0d2,b397fd3b-5c1a-4e01-ae2f-44399f92080b,7944391.260553224,7944391.613434203,7944400.618323744,3502,200,0.3528809789568186,9.004889541305602,160
7bc36ef8-d4be-4268-b112-a2120051f5ab,ebe40d16-cac5-48ed-964b-2109cbc3f901,7944392.26098812,7944392.76360354,7944401.235017296,5806,200,0.5026154201477766,8.4714137557894,192
f90a9164-3216-429e-849e-f4840588c21f,81f9eb5c-a80a-4900-a905-f6adea401077,7944392.261029297,7944392.460103288,7944401.808790821,1033,200,0.1990739917382598,9.348687532357872,224
39f44962-1476-4826-81cb-f9b5c146f0a7,c2c3631f-2662-40db-8c0f-628ff0659c25,7944390.260368112,7944390.476381831,7944402.179629811,683,200,0.21601371932774782,11.703247980214655,192
d81f6e33-9987-48ee-97f5-d5806e7d8d87,4caafacd-2ab0-4466-94b7-7cb54f0a4414,7944391.260564478,7944391.358080158,7944402.214181969,929,200,0.09751567989587784,10.85610181093216,176
df7f8a8d-1d43-4981-9683-b9aef1843ff8,968a1f33-46fd-4a53-ac57-a44567e4fc97,7944391.26056853,7944391.756597154,7944402.535620243,5902,200,0.4960286235436797,10.779023089446127,224
c90f319f-79c2-46c0-9681-a931011f8cbd,a985a02b-05ef-4ef4-872e-e27efa1ad38a,7944389.260440281,7944389.949409773,7944402.75355675,2096,200,0.6889694919809699,12.8041469771415,192
ae786173-3c22-4375-ad5a-870754617ed4,e75457ed-6df5-4031-9265-1be7e8cbd160,7944392.261007143,7944392.736270669,7944402.9741137605,5195,200,0.4752635257318616,10.237843091599643,320
42a4017d-2b42-4468-aee1-8d510112319c,871e2ad2-c962-4d3f-879b-acd7d5c130e7,7944393.260513358,7944393.730693656,7944403.152147764,5749,200,0.4701802982017398,9.421454108320177,192
76e935e9-158a-43e0-b128-d4434005618e,b8b3aa08-15cd-45c8-b069-5a34a697815c,7944394.261051537,7944394.878452843,7944403.218349488,5985,200,0.6174013065174222,8.339896645396948,192
38fee190-6119-4472-867f-c0799d138354,cae64ee8-4011-44ef-9331-c924f5e429be,7944392.261015149,7944392.743098131,7944403.2285811175,2718,200,0.4820829825475812,10.485482986085117,176
cf4c3c57-e184-4f43-9b0c-c090cb4a86ae,4bf9a1b8-5289-460f-817e-659616fb5993,7944395.260607037,7944396.237372137,7944403.759671804,5936,200,0.9767650999128819,7.522299666889012,192
b9c2c744-b990-4e10-aeda-27ac38d444f2,57653307-c6ff-4c87-8138-1533b53900a3,7944392.261026222,7944392.809075923,7944403.941266338,5982,200,0.5480497004464269,11.132190415635705,160
33def9b8-ff0b-41c4-878d-4f49b85b90ed,b5b79d80-d814-4a6c-9f3d-7d392ce15643,7944394.261056109,7944394.522455291,7944403.970746421,1875,200,0.2613991815596819,9.448291130363941,160
0aaad795-770d-4d87-a4ad-91a426e9448e,ae3515b7-b2c3-4055-9fee-cc35030fc4b2,7944392.261017947,7944392.9193185335,7944404.110135298,1812,200,0.6583005860447884,11.190816764719784,176
097ddaa0-2c1f-4fe7-8690-e1b558e1d2ec,25236658-a6aa-4462-813e-c90ddddf0d4d,7944393.260526306,7944393.774567838,7944404.2432080135,5702,200,0.5140415318310261,10.468640175648034,224
73d11f8f-ba5d-469d-8ab3-ce6bd911c976,c224457b-5ee5-41ff-ab1d-fe153a463ef1,7944394.261059669,7944394.902314723,7944404.306627765,3700,200,0.641255053691566,9.404313042759895,160
8eece025-ed8c-452c-bb29-d92bca0d41de,2b0b6d27-8a7f-458e-8a26-26ecad67cecb,7944392.261011703,7944392.740922162,7944404.892939401,2632,200,0.479910459369421,12.152017238549888,784
c5ed3ff7-1f75-4bf6-8bd0-a8537828dc71,f9b63fbd-926e-4b5a-a306-1e20c2f21778,7944394.261039867,7944394.856876303,7944405.218627087,4763,200,0.5958364363759756,10.361750783398747,160
6cbf66d8-66a6-45f1-8b3c-24af5970c9aa,808d4138-729b-4276-b0a1-bb598e185260,7944394.261063986,7944394.852913587,7944405.216068658,316,200,0.5918496008962393,10.3631550706923,192
00f4ba9c-30ac-491b-ae06-29f912239c87,601ebb0f-02ad-42e7-a626-7ebef638a847,7944393.260522857,7944393.76209398,7944406.019363028,5880,200,0.5015711225569248,12.257269048132002,192
31b2a1a6-a932-4afa-a961-bb70cf299886,6cbbb375-c940-47eb-bdbe-1c9292cd44d7,7944394.261017535,7944394.970000444,7944406.157476331,3229,200,0.7089829090982676,11.18747588712722,16
82515aff-c1b4-4590-a66a-814561242861,09007909-7dab-491c-8fb3-4217da4439a6,7944394.261047521,7944395.100530382,7944406.178449911,1881,200,0.8394828615710139,11.07791952881962,224
2c2ea334-55dd-43ff-a066-2415c2a23e3d,502899ee-4518-4d94-a120-80fc9b07318d,7944395.26060099,7944395.694030911,7944406.606867471,4535,200,0.4334299210458994,10.912836560048163,192
6553f39e-bdc6-426f-b36a-f75b587d4512,a30e4ed2-239e-4a1d-86d1-60a097e7cf74,7944394.261035458,7944395.362367437,7944406.822949845,5560,200,1.1013319790363312,11.460582408122718,160
e8ac32a0-7dd7-4462-a03f-be89b056550e,ce4d3f5a-faf3-4b06-b766-a614f1096c6f,7944394.261068221,7944395.978324126,7944406.844609361,5924,200,1.7172559052705765,10.866285234689713,192
2e58b164-1110-4da0-996c-899a13cca99a,3e53059f-27ed-453d-a3cb-045b4aa7f847,7944395.260590552,7944395.692818672,7944407.190112482,4574,200,0.4322281200438738,11.497293809428811,224
5ebd7d45-d075-4767-9bdd-1a23ce4890ed,1e9d7c97-8003-4914-919a-c70046db848d,7944395.260609534,7944395.986475864,7944407.193138216,3410,200,0.7258663307875395,11.20666235126555,192
5341a639-7df9-47d9-b5c8-cde5d4cf9a18,b579de52-ab17-4588-b70a-4285fc661c21,7944396.26049492,7944396.775146972,7944407.242094114,5922,200,0.5146520519629121,10.466947142034769,160
64556f8e-9a59-42a6-8921-ba7a33dc0638,b445a6a6-6bdc-421a-87f2-2617512f76b6,7944392.261022645,7944392.85278604,7944407.316871474,1042,200,0.5917633948847651,14.464085433632135,192
ac6e8429-5be6-4b9c-af09-9b7ffae0dd7e,d3ad6d04-4b48-448b-836a-9b64752fc74f,7944396.260506561,7944396.467116016,7944407.552638761,2138,200,0.20660945493727922,11.08552274480462,160
c534a9c4-c315-45b3-86f2-bf83ef4ab998,0d6cfb7c-9564-4e6b-96ab-aec695811479,7944397.260979654,7944398.144004308,7944408.320773852,5942,200,0.8830246534198523,10.176769544370472,176
50972a5c-b20d-437d-ae5e-6e4f8429fec1,8779e5f9-11f8-416c-9770-f2554d1e582d,7944397.260963808,7944397.723028923,7944408.323847487,1275,200,0.46206511557102203,10.600818563252687,176
3fa96092-e7be-409e-82b6-c2519058ba22,9cc9f7c7-21b6-4049-9427-8e83dd93cba6,7944398.261056813,7944399.297364546,7944408.374766746,5694,200,1.0363077325746417,9.077402199618518,176
c9512d15-e4db-4861-88b5-9d80c9b531cc,469d8baa-4a15-40fd-a740-aae6477a78b9,7944396.260473733,7944396.767249492,7944408.410574822,5429,200,0.5067757591605186,11.643325329758227,176
d4debeac-ebf7-49e6-9aa4-befa8f9dc50d,c2cf61e6-40f9-49e5-a7f1-e24130e70596,7944398.261049223,7944399.237528436,7944408.981161814,5954,200,0.9764792127534747,9.74363337829709,176
b03c9835-4a4e-4592-abac-f971a0ff405a,0fdf3a79-0b56-4d09-930d-738eaa2f1f84,7944399.261241973,7944399.78994308,7944409.093363369,5815,200,0.5287011070176959,9.303420288488269,192
57def2b9-f27a-41ae-a1dc-8760d1a06102,0759bb94-aa77-4047-8f94-34cc9c62436b,7944399.261245521,7944400.139028444,7944409.103502991,5999,200,0.8777829231694341,8.964474546723068,192
bd3096ce-8a7d-404c-a6dc-16e0b10dec34,c36ccdb6-4285-4a84-9e69-854bea59680e,7944400.261247162,7944400.611320161,7944409.262741532,1240,200,0.35007299948483706,8.651421370916069,176
50c86ab4-15f5-412c-99c4-c2a27d2b3736,0899530f-4ed7-49f5-91aa-9eef27c4e875,7944396.260503161,7944396.927159168,7944409.275892046,5931,200,0.6666560070589185,12.34873287845403,176
18e72f53-cfef-4faf-9fc6-1871d0cd6cf2,8e505307-8830-46b2-ac68-84a7d5dbd9a0,7944400.261219519,7944400.859911393,7944409.327837031,2707,200,0.5986918741837144,8.467925637960434,160
4bd1448d-ddeb-4646-947d-06a271ee88b5,2c2590bf-7735-4068-8406-2d47707168ea,7944396.260499165,7944396.694181632,7944409.436529233,4715,200,0.4336824668571353,12.742347600869834,160
ab57fa89-58cd-4deb-bf8a-43f5fd3688ca,fb070aed-59ed-4076-890d-d41bb370b24e,7944398.261054285,7944399.149795702,7944409.563171802,3226,200,0.8887414168566465,10.413376100361347,160
168608eb-b399-4322-9773-207cba958cfd,caa2e6bd-03cc-4259-9a46-3330ef527f05,7944397.260983603,7944398.215187987,7944409.77887533,5839,200,0.9542043842375278,11.563687343150377,192
64646fde-8764-437a-9a77-dca52e0bd9ff,afb2a8a8-e290-4f7e-8bce-7e3e5c24fa5e,7944398.261051733,7944399.251183675,7944409.987045116,5815,200,0.9901319416239858,10.735861441120505,160
71b1c016-47bf-4ca2-a93e-908fafc9e73b,97572e5f-d135-46bc-9183-21b2af1303c1,7944401.260640538,7944402.04310006,7944410.013254229,1073,200,0.7824595216661692,7.970154169015586,160
737f07f5-b09c-454b-8fe6-9a423e1dc7a1,bcb9a03c-7a7d-4221-8d1f-5f52836f8b7c,7944397.260975764,7944397.890742337,7944410.037957712,2939,200,0.6297665731981397,12.147215374745429,224
09dea4d2-af3c-46f5-8711-8122e3270cf2,6d14bf3f-56d2-4882-8aba-c916497faa7a,7944399.26122292,7944399.677591358,7944410.116518949,4120,200,0.4163684379309416,10.438927590847015,160
c08a2695-679d-4357-b3fa-4b738cecf3a0,6f45b8a4-e423-40e0-b44c-2370d1158913,7944394.261043555,7944395.304600195,7944410.20920868,6037,200,1.0435566399246454,14.904608485288918,192
7235adc4-3e89-4565-bbeb-32d98fe75e36,32379e4f-c52b-4533-87e4-7ccbc01e4871,7944395.260604225,7944396.050837924,7944410.313136145,3681,200,0.7902336986735463,14.262298220768571,176
8c5cf851-2655-42ff-b75c-155ff969f0fc,95e47ed3-e422-4bf8-a2f8-ba075c7ef290,7944401.260623375,7944401.663537675,7944410.317112309,1757,200,0.40291429962962866,8.653574634343386,224
8fb2804c-5428-48f8-99f4-750337753ec0,4da8fb42-3983-40f2-bef1-a8d32802c74f,7944400.261241262,7944400.594271237,7944410.611082763,1525,200,0.3330299751833081,10.01681152638048,176
c1c532b5-df68-469f-b26f-4eed0a957d50,eaa14318-4f95-461e-9213-5b24ea716730,7944398.261037101,7944399.187987573,7944410.721884223,5750,200,0.926950472407043,11.533896649256349,160
bf8aad4d-e56f-48c7-bc85-dd1e2582449a,743da0c7-ad95-4639-a69e-c87954fbf45a,7944398.261059534,7944399.0795572605,7944410.766327572,5806,200,0.8184977266937494,11.686770311556756,160
93fec574-3fdc-4839-a80c-ed79b412afd1,c51e1c93-377f-4846-81a1-14e5879a721c,7944400.261244073,7944400.707190845,7944410.781652921,4481,200,0.445946772582829,10.074462075717747,160
752c8290-46fb-4c81-b8b3-91100e4fd133,db1fb291-ef7d-478a-9b73-48146f6a8cd5,7944399.261249381,7944400.46842974,7944410.860934747,5912,200,1.2071803584694862,10.39250500779599,176
14971aa6-8fa0-473d-819c-90f5c7381cee,3ee811a5-f205-4725-8db6-b99eb8dd1ecb,7944400.261254744,7944401.38403565,7944410.909688611,4438,200,1.1227809060364962,9.52565296087414,160
6da2a589-31fd-4305-9149-9b33f2d5d424,339e6a45-2ac7-4236-ac28-4af01254bcc9,7944399.26123812,7944400.11552216,7944410.957448219,5825,200,0.8542840406298637,10.841926058754325,176
f057c7b8-78c3-4c70-8b5a-be9c04ad23b1,24366d4f-7bcb-4d89-a25c-c95b1df94dec,7944401.260638049,7944401.683374999,7944411.052973194,579,200,0.4227369502186775,9.36959819495678,160
b10da7db-8668-4391-a8fe-5d98a16db6e0,efedac55-57dd-4acf-9f7e-f6bbd7243fbe,7944403.261256886,7944403.871708048,7944411.077638234,1971,200,0.6104511618614197,7.20593018643558,224
2e610043-a1bc-4093-972c-72312a147553,2d5dcc3c-a047-4b49-9a38-cd2e4eb26eb8,7944402.260450391,7944402.4249665905,7944411.08204389,1075,200,0.16451619938015938,8.657077299430966,176
3699bdfb-7bfb-49f4-b744-afaf304c554b,899c2615-9ae4-4ce5-91c4-b802b05ed50e,7944400.261257797,7944400.960438732,7944411.21228746,2258,200,0.6991809355095029,10.251848728395998,16
37903e08-135c-46bf-8212-f55c095fa87d,66a3a1ab-8428-410f-8284-bbbcc40e3d86,7944401.260643389,7944401.87169168,7944411.342757071,4326,200,0.6110482905060053,9.471065391786397,160
f1c4a3aa-6c1d-4fe7-836e-8f40d84cb8a5,16c13356-28d3-47de-b107-a5a7029a64ab,7944396.260491186,7944396.962120624,7944411.406891222,5963,200,0.7016294384375215,14.444770597852767,160
5e3e95ac-40f0-423e-93bd-9015a919fbe3,1cf5c436-bb75-402c-9dfd-fae7395bc0a0,7944401.260650408,7944402.012025138,7944411.408853195,1107,200,0.7513747299090028,9.396828056313097,160
e8ff60eb-da56-4d98-849b-24680a801f18,67a0b975-184d-4abe-91c9-e84646d0b743,7944404.260815156,7944404.952249817,7944411.81227589,2723,200,0.6914346609264612,6.860026073642075,192
bdd36796-d17a-4cd3-a2e8-f446a5c31baa,17f52023-20f0-4ba4-8129-16c153a0bb0e,7944402.260438097,7944402.661406321,7944411.881871738,4140,200,0.4009682247415185,9.2204654160887,160
3fd6b05c-a3aa-4483-a285-5fadbec61ce4,ae04581e-61a3-4e13-a5d3-988c330d8c3d,7944405.260651067,7944405.654273529,7944412.116282501,2001,200,0.3936224617063999,6.4620089726522565,224
23a2e17f-0ab7-4133-90af-a17e2449ac14,b325fd77-fdfe-41e9-a0ff-794363903698,7944400.261250972,7944400.56469876,7944412.309788154,1830,200,0.3034477885812521,11.745089394040406,160
503dac64-5916-4d39-80f1-6cde4ac2af66,48f00f11-d6a7-4d60-b710-9751910c2b29,7944402.260460479,7944402.777276397,7944412.338570717,5336,200,0.5168159175664186,9.561294320039451,176
76ccf527-7df1-482c-8251-f10a5b40aa57,22d7558f-2436-464f-b111-4724e2f322d1,7944397.260987694,7944397.610707715,7944412.597156825,1969,200,0.3497200207784772,14.986449109390378,224
937472e6-2f9a-43a5-8690-c3c0d99bda68,b914fbd6-a087-4d90-a0ed-605abdc8a06a,7944403.261253414,7944403.795464447,7944412.858591292,5773,200,0.5342110330238938,9.063126845285296,176
62830c79-3c3d-4a2d-8455-f840ee514160,808d4138-729b-4276-b0a1-bb598e185260,7944403.26125964,7944403.5857394235,7944412.876344629,316,200,0.32447978388518095,9.290605205111206,192
a0d385b7-99d6-4c03-b0ea-1c7432df3e30,e658362d-729a-4a31-b36a-536cd076959f,7944406.260491801,7944406.500733221,7944413.039430132,1330,200,0.2402414195239544,6.53869691118598,224
2db6db40-f776-4052-87c2-3858802a8e17,8861bb38-fa7f-46fe-a61e-d670524b80a8,7944403.26124404,7944403.796862046,7944413.074858054,5848,200,0.5356180062517524,9.277996007353067,160
ca5ba165-835c-46af-981d-7d825c572c84,00d31eb0-b908-4fd8-b7c3-40330a3b5089,7944401.260632054,7944402.214483639,7944413.082989235,5666,200,0.9538515852764249,10.86850559618324,224
9244ad25-6ae5-4162-aed3-7bfeab2813bc,d9b5ce8f-1f03-4b93-af09-4e750c6473c8,7944402.260457859,7944402.868895166,7944413.243682218,3959,200,0.6084373062476516,10.374787052161992,224
f37cca35-b96c-4c3b-b9ec-1b6dec3b74ea,15e18881-cbb9-4802-a422-20808dd1ab23,7944404.26079332,7944404.793536554,7944413.819719594,2037,200,0.5327432341873646,9.026183039881289,176
420a317a-e45f-42ab-9a61-6be8bff29066,51d7aec4-2dba-42c1-8f75-3193d8c9b3b1,7944404.260818434,7944404.733935686,7944414.011722335,389,200,0.47311725188046694,9.277786648832262,176
1b624c33-3388-43db-b09e-85f1e5f66b0c,7c8adab7-544c-4106-916a-d86d02536d30,7944401.260635764,7944402.2041770555,7944414.087200842,5782,200,0.9435412911698222,11.883023786358535,176
aaad9c70-9720-45f2-8172-17b6d2fbfb5e,05e2aea2-3e77-4091-acf4-2b43e9372008,7944402.260454633,7944402.973230951,7944414.298776281,4224,200,0.7127763172611594,11.325545330531895,224
3b92cd89-443d-4e3a-b2c4-7c50b11a00bb,bc5c74d8-eb34-4a1c-8ed5-ee4fc1418410,7944398.261046211,7944399.252048239,7944414.30265343,6039,200,0.9910020278766751,15.05060519091785,224
b4493a53-c6b1-4c37-a206-1ff3656293a5,00e988b7-4630-4daf-a77e-b3a325be1913,7944404.260807776,7944404.8937925985,7944414.3536927495,3594,200,0.6329848226159811,9.459900151006877,160
5ab81113-2e08-4565-a8a3-46640a214e39,1cda0d46-618b-4b7a-b957-319fe6d96516,7944405.260642394,7944406.396339962,7944414.657963988,6252,200,1.1356975678354502,8.261624026112258,192
42b05d4d-535c-4adb-b781-fd59ce3623fd,20dfea16-8046-4ede-8ea9-42a56d65cfbd,7944405.260664847,7944406.3918700535,7944414.653391901,2011,200,1.1312052067369223,8.26152184791863,176
2469c286-dcd9-47ad-ae41-2e2fee30cc1e,d769c8e7-545f-4504-930e-6fb89f07eeaa,7944405.260667967,7944405.6366238585,7944414.758688253,2978,200,0.3759558917954564,9.122064394876361,288
08b13478-c69d-4294-ba6d-0f9906b5d22d,5a9ab48e-691b-47c5-8cd3-56c1907a079f,7944404.260821273,7944405.609176777,7944414.806991558,5846,200,1.3483555046841502,9.197814780287445,192
69f0c7aa-2bd9-4cb5-89e7-b12619cb40da,fc991f32-f1b6-4afe-ba3b-a472773d0110,7944399.26125247,7944399.801797268,7944414.811082931,2421,200,0.5405447976663709,15.009285663254559,192
df31d677-33dc-42eb-b3f1-8e503bdcffb4,6b12e983-df72-4200-80d7-0a4adbe5d91e,7944405.260662325,7944406.535978838,7944414.856767029,5955,200,1.2753165131434798,8.320788190700114,224
6e44ac29-f340-404b-9218-da4cb0c893ab,1cb4cd2c-3d59-46ce-8a93-0db347afede8,7944406.260463591,7944406.80809754,7944414.882444658,1958,200,0.5476339496672153,8.07434711791575,192
47f287ea-9995-4446-b9b6-2df84506a3cd,8452144b-0a71-4b63-9bd6-e7978af4ed65,7944405.260657093,7944405.843876315,7944414.885128214,966,200,0.5832192227244377,9.041251898743212,224
f0597883-bb51-496a-a800-03c383aed4be,e793cd05-3809-4e36-8e78-d44bc000c93e,7944406.260485084,7944406.859896523,7944414.932254453,5892,200,0.5994114391505718,8.072357930243015,160
4c23913d-30b3-41aa-a837-03df0661c79f,029edadb-b234-4d39-a619-c56cc85e964f,7944406.260481962,7944406.563646822,7944415.343908573,940,200,0.3031648602336645,8.780261750333011,192
6f038d6d-651c-4a54-b654-8d3a28854750,00237d17-5a7a-4844-95a2-634553f9bde7,7944404.26082403,7944405.095946807,7944415.534978195,4622,200,0.8351227771490812,10.439031387679279,160
76eb08a2-a698-48f3-b3f1-bf32b4cc7e4e,20137c1a-ca8a-4457-a308-ac224059e1dd,7944405.260659542,7944406.195290472,7944416.016539165,5426,200,0.9346309304237366,9.821248692460358,176
93f40da6-022c-4619-936b-8c3ca5d60793,27d34d22-9260-40a3-99e2-e20e86c4cfe7,7944408.260933425,7944408.775679343,7944416.026892141,3307,200,0.5147459181025624,7.251212798058987,160
bc6802de-5b11-4703-a331-2756a077ba2c,6bb1f497-7e96-48e2-a040-13b9fb4aa7b0,7944406.260478215,7944406.495525541,7944416.167430524,2160,200,0.2350473254919052,9.671904982998967,192
64e77d43-e526-4330-8e39-92943cec1f86,db50af28-fa33-4f95-803d-71036af6bdbe,7944400.26123664,7944401.392235222,7944416.300100824,5937,200,1.1309985825791955,14.907865601591766,176
44a5a95e-15aa-437d-bbd8-104050df5677,5cfe068c-bdac-4693-905b-190923e1087c,7944408.260929785,7944409.03775521,7944416.541777711,5847,200,0.7768254252150655,7.504022501409054,224
723b9529-f394-4237-97e8-0449aede2b27,3d9f64af-c9b9-49e3-aada-0810637fc61a,7944408.260926313,7944409.321272405,7944416.705120847,4219,200,1.0603460920974612,7.383848441764712,160
a33248f3-81df-4bbf-b35d-9d714b54dd08,984ff781-ca15-479c-8e06-7bd9cd701519,7944401.260646901,7944402.18870633,7944417.064704992,3555,200,0.9280594289302826,14.875998661853373,192
7aa278a9-30c2-487f-bb7f-2df722d700e5,02266e03-2387-4a93-80ac-e63ccdb91f20,7944410.260492456,7944410.780765274,7944417.6709422255,3756,200,0.5202728174626827,6.890176951885223,160
c6470d49-355c-42f9-ba25-461a0129f582,94d515a9-ef0d-42ed-ace0-0af11d850115,7944407.260609451,7944407.496653442,7944417.850202556,2351,200,0.23604399152100086,10.353549113497138,224
ea06f54a-ea5f-4845-92a1-47b47af8cb25,fd66c258-5859-4553-99da-0f386f57432c,7944408.26092309,7944408.999799396,7944418.1941424245,4444,200,0.7388763055205345,9.194343028590083,160
19b24b17-c509-41f8-9455-63c3e766835b,119381d5-69e5-4c08-b438-534c58547839,7944411.260408411,7944411.5961671155,7944418.2085592495,1417,200,0.3357587046921253,6.6123921340331435,192
b9d48093-a38e-47b1-8f84-201bb1303e89,eecbcd88-7743-4e34-95b6-1c67dec9ac89,7944407.260618448,7944407.785480723,7944418.281452099,5593,200,0.5248622745275497,10.49597137607634,224
af989d80-a4c3-49c7-83f8-75661b722996,b4ccd658-c53e-48f2-80b3-bdc3daefd3b0,7944410.260486319,7944410.718308251,7944418.5439797295,3942,200,0.4578219326213002,7.825671478174627,224
edfadb6d-9c8d-4f21-a35e-5b6d67fd98ea,93f972a6-65ef-4743-aae5-aab226f65263,7944408.260918896,7944408.937136296,7944418.959693397,5896,200,0.6762174004688859,10.022557101212442,224
91339063-031f-4747-a6ab-537570b64226,103c615f-5360-4f83-9b59-d23a7129b44f,7944409.260993445,7944409.598755579,7944419.168581861,3464,200,0.3377621341496706,9.569826281629503,192
700e9eb1-7cfb-4d30-a978-ca9f030b3ad1,5f1dfde8-0414-448f-b867-af9a8603ce0b,7944403.261261706,7944403.983075132,7944419.298755126,4794,200,0.7218134254217148,15.315679994411767,176
f8694086-2313-459d-b57c-94804694e8f2,4181337f-4f55-4fd6-8fbd-e067aaaaebe3,7944405.260670808,7944406.561593904,7944419.353837109,5696,200,1.3009230960160494,12.792243205010891,176
1d0deb64-64b8-4aea-93ea-db624caf9126,b732681c-c5be-494e-baf0-3aed90930d49,7944409.260986413,7944410.065003428,7944419.432424551,4032,200,0.8040170148015022,9.367421123199165,176
9f8da0ef-b2c7-462d-a2a2-dedbe66eea80,749cff23-59a3-425b-bc36-69a36ebb5518,7944408.260940543,7944409.170396733,7944419.734589104,3085,200,0.9094561897218227,10.564192370511591,160
803cf249-6196-4746-924e-288ab19bd1e0,3bbe7a32-b751-4c03-9865-9f62ef479d14,7944409.26097632,7944409.405988647,7944419.89225866,1412,200,0.14501232653856277,10.486270013265312,176
47fadffd-1f2e-4e49-b304-ba137624ef50,09007909-7dab-491c-8fb3-4217da4439a6,7944410.26047694,7944410.487226248,7944419.89511628,1881,200,0.2267493074759841,9.407890032045543,224
b8c1f805-d568-4c56-909e-3187c47e6e20,ba04113c-f39c-42e2-9942-9e943a5f3a91,7944407.260621618,7944407.994270903,7944419.925239793,1169,200,0.7336492855101824,11.930968889966607,192
0779273b-027b-4c5d-8d8e-88edffde5eae,a88040f4-3d46-4ddd-9db3-d9cefb577c4d,7944413.261209853,7944413.839880541,7944420.004887628,5854,200,0.5786706879734993,6.165007087402046,192
5c592032-4e6d-4182-999c-00de63fc0993,7ed7ebb9-c4ac-496b-a503-cbbd0dad0d9e,7944411.260415169,7944411.910014267,7944420.301361129,2571,200,0.6495990976691246,8.391346861608326,160
6fffa0d5-9c69-4818-bb4a-5f0a627a1002,307fce6d-c2b2-4dae-aea7-ddfb228a713a,7944404.2608118,7944404.8266482735,7944420.352733502,5776,200,0.5658364733681083,15.526085228659213,176
fa6493c8-2d9a-494a-bfd6-5cfded6707d6,b2da5930-e925-4f11-acd5-b71f0c28de6b,7944408.260903642,7944409.3879649835,7944420.398570101,5701,200,1.1270613418892026,11.010605117306113,192
6155b8c9-afd0-4c12-8e0b-5b3c6ec9de54,4c23bd5a-bf9f-4ee2-a8bc-c19f72ea4b9d,7944408.260943282,7944409.382503997,7944420.392105138,1249,200,1.1215607142075896,11.00960114132613,160
42a2aa17-4202-4989-853d-1030c5949608,8ae210f3-b09b-4bc9-9dfb-bcc885974677,7944409.26098971,7944409.742486805,7944420.796295072,4750,200,0.4814970949664712,11.053808267228305,224
46ffef3a-beef-4a9c-8960-9614cc72b3ad,f0cbebc5-adb6-461b-9b21-22667b2f1d8c,7944411.260418075,7944412.038497141,7944421.908381413,2741,200,0.7780790654942393,9.869884272105992,224
61435afc-25b0-4e05-ba91-ef2666c8aee6,7262c41e-02eb-45c0-b19c-64f63c95cfa5,7944413.261198374,7944413.905335773,7944422.245381515,5341,200,0.644137398339808,8.34004574175924,176
6aeada6e-1935-4660-9fc3-9910ea82e260,120c94cb-bfa6-4a5b-90d2-781529b863ae,7944405.260654311,7944406.089011568,7944422.722261096,3879,200,0.8283572569489479,16.633249528706074,160
d402b1c2-43ba-4800-aaff-5ea125fca199,6f4051d6-8003-4af8-be6a-137219b04ba5,7944414.260341296,7944414.7901578825,7944423.015303659,6374,200,0.5298165865242481,8.225145776756108,192
2ca76037-ff4a-4fb2-8e89-694efaae220a,c224457b-5ee5-41ff-ab1d-fe153a463ef1,7944415.261338802,7944416.101553297,7944423.273076211,3700,200,0.8402144946157932,7.171522914431989,160
f39125e4-8859-44df-b831-77579cf53648,e6be09c1-fa3b-4068-bb5c-67fc12b79ea8,7944406.260488653,7944407.2362859035,7944423.458839071,5791,200,0.97579725086689,16.22255316749215,160
a62c78e1-0984-4065-aa75-777073a7652a,c3d496a4-2080-4ec5-b544-6c3443dffdf3,7944415.261341915,7944415.916840514,7944424.003038124,4672,200,0.6554985996335745,8.086197610013187,176
fb5dfc19-121a-4f5d-b13f-ef13bd6c99d3,40f892a5-678a-4f13-86dd-ca6b794f94a2,7944411.260421267,7944412.118131209,7944424.391326381,5999,200,0.8577099423855543,12.27319517172873,224
a0a2e67c-85cc-4ddc-9ac9-197304fa746c,7e0dc3cf-f526-472a-bc5c-d24141fee908,7944417.261058309,7944417.914896674,7944424.926036228,4015,200,0.6538383653387427,7.011139553971589,192
7d10ac73-4cee-4d4c-a9b1-d1848e70f6e5,bc3ac3c3-4d2f-4962-bb52-152a9ce073ae,7944413.261221111,7944414.348539014,7944425.032060043,5922,200,1.0873179035261273,10.683521028608084,192
7bb645bb-ec09-4a2e-aed3-b3a4082ab35e,e6dca7b5-0f24-49b0-b2a3-fe8bda0289ff,7944408.260936784,7944409.314367263,7944425.062188753,3209,200,1.0534304790198803,15.74782149028033,160
51c40aaf-6ea9-4bff-a905-4387ad2a848c,22c8b384-fed3-4c7f-8565-f8172214ee15,7944413.261212554,7944414.277331036,7944425.430092051,5832,200,1.0161184817552567,11.152761015109718,176
f55e041b-985f-4aa2-ade1-28f5ec80393b,51d7aec4-2dba-42c1-8f75-3193d8c9b3b1,7944418.26041973,7944418.356811194,7944425.434606467,389,200,0.09639146365225315,7.077795273624361,176
c79a5450-116e-4291-b950-aa5bd406d92c,ab7c945e-e515-4175-81a9-07d757d848ff,7944412.260418341,7944412.522462827,7944425.795003075,2910,200,0.2620444865897298,13.272540247999132,192
eaecaa76-d931-40fc-b4f4-7b8d8460c9f1,d4a8ccbe-7316-4e32-881c-ec76afaa5012,7944411.260412423,7944413.007675436,7944425.936771936,5993,200,1.7472630133852363,12.929096499457955,160
7f6c9cbd-844a-42f8-a966-10824e7f25c6,3c65feda-6cb4-427f-8794-100421de1d7c,7944412.260409228,7944413.083520256,7944425.967354797,5620,200,0.8231110284104943,12.883834540843964,160
2ea5ffde-bef7-4648-bce4-92ca181c78f5,d98c265f-698d-4cb1-87ed-52317461cdc6,7944414.260325591,7944414.657166407,7944426.251436266,4489,200,0.3968408163636923,11.594269858673215,288
0f7b5bb6-93ce-46b2-84c5-d26218d83505,31d93950-a967-42cb-aec0-6513d12008a1,7944415.26134477,7944416.123253224,7944426.248968057,3563,200,0.8619084544479847,10.125714832916856,224
787f113c-e6d6-4a02-b947-8f6d8acd9447,072cf49e-ac0d-4d29-b3db-cf9253ebe3e7,7944413.261215051,7944413.991818943,7944426.339500089,4480,200,0.7306038923561573,12.347681146115065,176
b355bf8e-d81a-4c90-bc83-259ef02033c5,a652313c-8964-4423-b134-65f44458edb1,7944419.260853253,7944420.01109234,7944426.934951507,3029,200,0.7502390863373876,6.9238591669127345,192
f4c2448f-a56e-4777-a787-773ae7c2e8ff,70040244-0ba8-4018-b9e4-d79962cfab6a,7944410.260489789,7944411.089109971,7944426.984883976,5847,200,0.8286201823502779,15.895774004980922,224
ddf9d30b-0a35-4d66-ae53-76d23e5092bb,f48f3c83-7b8a-45e5-a0fa-74a6e92599d8,7944416.260363723,7944416.927460324,7944427.01718615,5874,200,0.6670966008678079,10.089725825935602,160
a9043a28-2832-4f92-88b4-d25e0251cf70,32bb63f5-0400-4e7c-8e6c-cb23dafc8d9e,7944418.26042475,7944418.652533217,7944427.026395403,1648,200,0.3921084674075246,8.373862185515463,192
1ac203c5-1da8-4e4c-b191-5454096423c6,f259acc7-014b-45ee-b116-6c5a67d0b3dc,7944415.26134799,7944416.293255636,7944427.076759868,5994,200,1.0319076459854841,10.783504232764244,192
65f5d6aa-0d94-4d63-9fe8-0c1509b37ee5,aa51b55b-bb87-48f0-8caf-7b55883df5b1,7944416.26036672,7944416.797647355,7944427.183272865,5886,200,0.5372806349769235,10.385625509545207,176
3f307c85-61b0-4cbc-b052-03f72edc3f5d,3327e22a-e47a-4e28-ab49-61feb0f8ccd2,7944417.261055318,7944418.081672215,7944427.188555056,3811,200,0.8206168971955776,9.106882841326296,176
d12295b8-ca75-4796-9dca-e74814425812,ec13b1d0-76b0-4b76-b16c-1f1ba5a32e9c,7944420.262074978,7944420.698738546,7944427.2487617815,4575,200,0.43666356801986694,6.55002323538065,160
d5ea30c6-49f7-4e3b-95d9-95fcb1ac4192,e1a9d263-ac30-4000-851a-1dbe52fb62c1,7944413.26121796,7944414.085595848,7944427.735096866,5887,200,0.8243778878822923,13.649501018226147,176
ae91e16d-5801-41b5-a6de-9128d619e032,f08a5a98-ba52-4eb6-9dfc-c3e02b3c3c96,7944411.260392554,7944412.307762643,7944427.770066653,5962,200,1.0473700892180204,15.46230401005596,176
9616990d-5f7f-472d-bc6e-7f6298743a9d,04fdc20b-8327-42f7-a183-15c098d0ccce,7944417.261047445,7944418.169256851,7944427.836658714,5755,200,0.9082094058394432,9.667401863262057,160
78aa5ec0-2ba2-4df5-bf80-ba1a50736234,d00c697d-7ae3-4f63-8c46-74cb115fcffb,7944415.261320123,7944415.891867182,7944427.896455347,5799,200,0.6305470587685704,12.004588164389133,160
1acf0a06-33fd-4f30-b6a3-66f5a7294ae5,c5e22b01-38e1-4860-9ec4-994c6de81085,7944415.261351989,7944415.887850728,7944427.892320873,901,200,0.6264987392351031,12.004470145329833,160
42259aa0-1ab6-4a62-a915-ee66892862bf,c1aa437d-4a45-48f5-a4ba-fefa5588951c,7944418.26040077,7944418.684086311,7944427.939996811,4749,200,0.42368554044514894,9.255910499952734,176
03a8f031-2e50-4798-95c8-9634260c444f,3d4bb9ce-f904-4d3e-9ad9-28a3dced33aa,7944418.260416156,7944418.733119852,7944428.029530183,5035,200,0.4727036962285638,9.296410331502557,160
ea124ab4-0a74-417a-a525-88a4126f7a49,1138add8-5bdc-44bb-abdd-164697efb312,7944419.260849462,7944419.415415985,7944428.213847025,1314,200,0.15456652268767357,8.798431040719151,224
9366a748-4a04-4567-8eb4-142521310054,983c6b10-a629-42aa-9aba-1fecdf2e8c5b,7944421.260657838,7944421.857466889,7944428.214044334,479,200,0.5968090509995818,6.356577445752919,192
006d28e3-3b38-4810-a48d-f855e6c8f922,997695bc-33ef-41c6-903e-cc1112298142,7944415.261331965,7944415.739916378,7944428.348528595,2583,200,0.4785844124853611,12.608612217009068,176
eeb88736-f1a2-4579-bbe0-470e437f9cfc,f21c3799-f3ff-498f-be2e-8982bdfe2ecd,7944419.26083523,7944419.407217022,7944428.625117718,1204,200,0.14638179168105125,9.217900696210563,192
8bc65db9-1216-4294-b553-99442fa8d092,0c5040f1-c2d1-426a-938c-7f9a128ef1a7,7944417.261051425,7944417.871550992,7944429.237355713,6350,200,0.6104995673522353,11.365804720669985,192
ae01ccc0-5f95-4bc0-92b5-cf25a4b9aa34,386b7318-3947-4df1-8dd5-2e93abdf10c2,7944416.260345532,7944416.7985392865,7944429.712083439,5982,200,0.5381937548518181,12.913544152863324,160
231151fc-920a-41b4-a1d8-2e1b8fb2009b,d4db7279-05ad-4a23-b2ad-7360318ece79,7944417.261031143,7944417.716745682,7944429.768006856,472,200,0.45571453869342804,12.051261173561215,192
132aa8d0-a549-4776-97ea-4b3945a8afe9,6159d60e-d3fe-4a1c-bf06-80ac52b1d79c,7944415.261335825,7944415.8980822805,7944430.233054461,2565,200,0.6367464559152722,14.33497218042612,160
b641de90-ddfb-45e1-bcc1-696cecb7ff0a,0ff8ff91-ea55-4fbf-831d-05097d6a3ed6,7944420.262056979,7944420.497996249,7944430.388336295,2433,200,0.2359392698854208,9.890340046025813,160
eff3dd22-d705-4c52-9c94-d8befdaebc4a,3d244e10-3c51-4e44-bce4-3022987dcfec,7944420.262067487,7944420.970208134,7944430.417671939,6007,200,0.7081406461074948,9.447463805787265,192
fc30af3c-7dc5-4fc2-b85e-154b30fece4a,16c03b80-16ca-4741-9908-eb2c51e1d2a1,7944421.260650805,7944421.879968277,7944430.744905938,1522,200,0.6193174719810486,8.864937661215663,224
10a6098f-fafe-4230-b412-b2887e829973,c9eebcda-eea2-470a-a776-e217e9bdb657,7944413.26120677,7944414.21771427,7944430.786531185,5890,200,0.9565074993297458,16.568816915154457,160
a9a7808d-171f-45d0-afc0-b671029f46eb,538295df-2f0a-4085-8670-42fd0748d463,7944421.260654411,7944421.81599291,7944430.801256851,799,200,0.5553384991362691,8.985263940878212,176
9992d515-1a99-416f-842d-79566eadfef8,08617b02-e213-4095-a1cd-ed95f33fb542,7944418.260428133,7944418.913427447,7944430.805347578,1939,200,0.6529993135482073,11.891920130699873,192
bfbb4ad5-ed56-4e5f-b3a4-7d0e8b9df220,2dd1593e-b38b-4dc5-b628-5b24a57f7800,7944421.260620832,7944422.180265145,7944430.850199058,6042,200,0.9196443129330873,8.669933912344277,176
cb110bbf-8822-4ca6-a3e9-74c95ef0e4a7,4caafacd-2ab0-4466-94b7-7cb54f0a4414,7944422.262130341,7944422.41957388,7944431.06138396,929,200,0.1574435392394662,8.641810080036521,176
d55bd32e-63e0-4daf-ac86-a7358e6c1a85,ff333590-8f59-4975-a74f-db7bccf0ba84,7944416.260360216,7944416.649876817,7944431.194590384,3968,200,0.3895166013389826,14.544713567011058,176
a5398ccd-cb6a-4c79-b8e6-4786285f056b,41128b96-fd4a-4c4f-ab0e-4f0be9d70919,7944417.261065623,7944418.672626051,7944431.319229999,5795,200,1.4115604283288121,12.646603947505355,192
eb865751-703a-403d-adc1-fae4f0c75b77,4da709ff-bf01-49a3-8bc5-9118019904f4,7944424.260410554,7944424.579190298,7944431.338770618,2206,200,0.31877974420785904,6.759580319747329,224
1f854b88-aa4a-488b-bdaa-0ac4513a96d4,6cb570f9-7106-400e-9471-96a34abc3814,7944420.262071611,7944420.796293064,7944431.932815625,5863,200,0.5342214526608586,11.136522561311722,192
617e2956-b2a8-40f6-a7b3-5e608c01e440,8deb1987-ae66-48b8-ad82-ef28a801bdb8,7944421.260647449,7944421.9980127895,7944431.986768538,1566,200,0.7373653408139944,9.988755748607218,192
8bde8a86-798a-4a0e-98ba-e7f21165a516,d769c8e7-545f-4504-930e-6fb89f07eeaa,7944424.260431156,7944424.949180723,7944432.001198718,2960,200,0.6887495676055551,7.052017995156348,288
3c4c778c-4f29-4362-8dc3-48a2185a156f,6e066633-fcb0-417d-94ee-a9864bbdaa41,7944419.260845444,7944419.8675768245,7944432.206721887,6625,200,0.6067313803359866,12.339145062491298,192
e128370b-6ae7-4033-819e-b1463d0a2751,1f10b2d7-9302-4f7e-adfd-f3c4f7c6944c,7944415.261356184,7944416.246713834,7944432.227497209,3288,200,0.9853576496243477,15.980783374980092,192
e7b1e616-3ee2-4547-abff-18b6cf6a4960,cc1399df-ddbd-4863-9dc3-cad34947be2c,7944422.262141963,7944423.480245742,7944432.347819777,5786,200,1.2181037794798613,8.867574035190046,176
5762bd8a-fb7a-4c43-abf6-68f679fa6d6a,240ae7c1-9ec3-4811-acd0-6f7b5a8a3efd,7944424.260424054,7944424.508602673,7944432.582831387,838,200,0.24817861896008253,8.074228714220226,192
8cf62bc1-1a08-4aca-9d6e-cc79c7d50f54,675afd83-9b5b-45b7-9f5f-7e5d89f0c9f2,7944421.260643121,7944422.045338473,7944432.785610714,3580,200,0.7846953524276614,10.740272240713239,176
14a22dc1-5ede-46e3-bb21-75e72684bad2,134b7ff3-7475-498b-8ba8-13bfa96c8a9c,7944425.260441581,7944425.694169332,7944432.819480375,4449,200,0.4337277514860034,7.12531104311347,192
ed00e3c1-73a6-4e63-9d2d-364f4fd35b95,4da8fb42-3983-40f2-bef1-a8d32802c74f,7944424.260434137,7944424.743227024,7944432.826197021,1763,200,0.48279288690537214,8.08296999707818,176
9f7e788e-89ae-4bbb-8cc2-46bcc598f22f,f8e43d47-46b2-48cc-9573-4488e6fb8e5c,7944424.2604439,7944424.835235582,7944432.901288025,5001,200,0.5747916819527745,8.066052443347871,160
1888fe9c-9f09-49ed-afd4-84fa4f43472a,ce4d3f5a-faf3-4b06-b766-a614f1096c6f,7944422.262139019,7944422.761052726,7944433.086651754,5913,200,0.49891370721161366,10.32559902779758,192
4407e774-696b-4548-84cc-39e941b49f65,469d8baa-4a15-40fd-a740-aae6477a78b9,7944417.261061797,7944418.224483103,7944433.174575513,5429,200,0.9634213056415319,14.95009241066873,176
017b0c1f-22fd-4d19-9071-0881f2f95f1e,ae3515b7-b2c3-4055-9fee-cc35030fc4b2,7944425.260445431,7944425.508498062,7944433.283556678,1954,200,0.2480526315048337,7.77505861595273,176
164ac7e7-28a2-46a1-99fe-67291462a194,232da153-6f07-41c5-b184-6a34c8861a3c,7944418.260422736,7944418.797413044,7944433.343332892,5857,200,0.5369903072714806,14.54591984860599,224
a9a90105-a8df-4dd9-add2-4c1e64139b33,558d1a32-11e7-4870-b268-20a3c0b14d67,7944421.260639041,7944422.23859694,7944433.589283472,5742,200,0.9779578996822238,11.35068653151393,160
b7860c77-7119-4969-9946-ccd2547b2133,47b3760c-0084-40cf-8343-7f22faad50d5,7944426.260602679,7944426.641751618,7944433.737510381,582,200,0.3811489390209317,7.09575876314193,192
37822e66-4bed-47cb-a896-6d4caf9d70bc,9cc9f7c7-21b6-4049-9427-8e83dd93cba6,7944424.260437208,7944424.94949044,7944433.7655401435,5803,200,0.6890532318502665,8.816049703396857,176
dc62e8ba-6aca-4559-aab3-b2886dfa48be,518b2120-1899-4a0f-af6e-5a114887002b,7944425.260448233,7944425.431720877,7944434.11830138,796,200,0.17127264384180307,8.686580503359437,176
d986be3b-1859-4f1a-8d50-c44ef0ac8e3d,ade8cb90-6dbe-409a-8c98-4ae1df590b7e,7944423.260443773,7944423.524092032,7944434.198234744,2822,200,0.2636482585221529,10.674142712727189,192
7bacb47d-d046-4bf0-8d2c-3a7a05109528,899c2615-9ae4-4ce5-91c4-b802b05ed50e,7944426.260597504,7944426.933151131,7944434.309604417,2323,200,0.6725536268204451,7.376453286036849,288
141f4372-8fad-4721-b750-baeb2d081cd5,3e53059f-27ed-453d-a3cb-045b4aa7f847,7944419.260856573,7944419.9506169325,7944434.705399813,4574,200,0.6897603599354625,14.754782880656421,224
140657b0-a0f5-4577-9b6f-fd2f5b2b4fb5,120c94cb-bfa6-4a5b-90d2-781529b863ae,7944426.260591274,7944427.088104765,7944435.332381377,3879,200,0.8275134908035398,8.244276612065732,160
a0937732-1648-432c-b18c-669aa65db77c,cf53ec7b-8773-48c4-bfea-fbe3da37a269,7944428.260637314,7944429.014986908,7944435.342995462,6029,200,0.7543495940044522,6.328008553944528,160
2d2666d9-c268-4012-9509-36c85ed59a4b,584dad95-d36b-497a-92bb-3cefd7fd8072,7944424.260440322,7944425.271623959,7944435.846763288,5871,200,1.0111836371943355,10.575139328837395,192
11497562-5c55-440f-b185-7c32028a45d6,b8b3aa08-15cd-45c8-b069-5a34a697815c,7944421.260661756,7944422.717831436,7944435.916725575,5985,200,1.4571696799248457,13.198894139379263,192
92988f93-bcf6-4eec-beaa-742eabee24b6,c6e18b90-e57b-498d-a257-de89d96b372c,7944428.260640359,7944429.1139854975,7944436.14629669,2573,200,0.853345138952136,7.032311192713678,192
af1437ca-8376-41bf-a970-dd91ccca5cf8,08b23a33-09ef-477b-94c0-369965ae5cb3,7944426.260595075,7944426.8802537285,7944436.165545505,5036,200,0.6196586536243558,9.285291776061058,176
e5396858-0167-44a3-ad71-92919fa0f190,329a4354-972d-40a4-8b5f-66b965aaf514,7944429.260333452,7944429.394777111,7944436.249990035,920,200,0.13444365840405226,6.855212924070656,544
f42dea04-2298-42a1-8e0a-e752cb09ea8c,57965c9f-d1a7-428f-b691-aa12d95ea40d,7944429.260348543,7944429.7965886025,7944436.893233727,6010,200,0.5362400598824024,7.096645124256611,192
4165d007-954c-4ac3-b2e2-33fcdb7c03f0,b59ce72b-bea5-439f-af40-3074ece4d7f6,7944430.260864895,7944430.5170780225,7944437.103944509,2435,200,0.25621312763541937,6.586866486817598,16
fea477a2-b6aa-4b48-bd51-621090276f2f,c6a375bc-b50a-4597-9716-5f2339a823ae,7944428.260646254,7944428.988526728,7944437.115054265,2517,200,0.7278804741799831,8.126527536660433,224
b8990bdd-29fe-46fe-8e17-c801890bc276,fc0ee260-72a8-4d48-ad4f-51c0fbdc2377,7944427.260463872,7944427.696216187,7944437.134921285,5360,200,0.43575231544673443,9.43870509788394,160
50c7dd33-8026-46f6-b65e-ff6bc83ca9c9,db181ab9-192b-4119-8e82-13c9748a3f0a,7944428.260643126,7944429.064118282,7944437.202181117,5942,200,0.8034751554951072,8.138062834739685,160
bf16d88e-18cd-43d1-a059-b15c30c1c7c9,91817d88-3093-4655-a55c-1e6106fc4d42,7944428.260629865,7944428.8513741195,7944437.565297717,5826,200,0.5907442541792989,8.713923597708344,176
644d8c25-08e8-45e5-a0d4-33e200c14522,af4b1375-aefd-45d5-8a5c-3dd4d84c4dc4,7944424.260427945,7944424.903119739,7944438.181979051,5856,200,0.6426917938515544,13.278859311714768,160
2aca7c1a-292f-4745-9c77-92812339010a,8779e5f9-11f8-416c-9770-f2554d1e582d,7944428.260619185,7944428.554401866,7944438.20940189,1429,200,0.29378268122673035,9.655000023543835,176
28314c11-615c-4668-bc57-b03fd4554271,ab319b63-2c03-4b0a-8207-96b3768da2a6,7944429.260320085,7944429.39330355,7944439.154130867,469,200,0.1329834647476673,9.760827316902578,192
c3a884f9-def8-45db-9e0e-2993294fe7b1,d8a397bc-57f7-446c-afd5-6ed41a735419,7944429.260337029,7944429.53841469,7944439.157372416,2118,200,0.2780776610597968,9.618957726284862,192
c0a774a3-97cb-44a6-b713-f96e78d2b0b2,9b048b14-06a6-4574-a80f-dbc23b48d9f7,7944429.260345726,7944429.952002635,7944439.221334874,5972,200,0.6916569089516997,9.269332238472998,160
d894cacf-0f96-426d-ac4c-146fab9f0580,dee31f57-0db9-4efb-ad6f-509637e9dad7,7944429.260351774,7944430.286194671,7944439.263155519,1610,200,1.0258428966626525,8.976960848085582,176
1aec8d21-0821-4db0-9e83-dba71d0f623d,818f34b1-81e6-4dc9-8896-079af3a673ea,7944428.260634056,7944428.986154609,7944439.603015719,5725,200,0.7255205530673265,10.616861109621823,192
0bf0e845-3e27-46c5-8345-149ad8df1659,5a9ab48e-691b-47c5-8cd3-56c1907a079f,7944425.260431857,7944425.786701121,7944439.940354108,5824,200,0.5262692645192146,14.153652986511588,192
a74f5cec-afc1-4518-b839-e7702273a21a,31895786-fe4a-4634-bd10-354266c7cf14,7944429.260339534,7944429.550189189,7944439.9465643475,2589,200,0.2898496547713876,10.396375158801675,224
33a44746-478f-4450-9471-d92085b9c6f6,808d4138-729b-4276-b0a1-bb598e185260,7944430.260875323,7944430.360325013,7944439.952391422,468,200,0.09944969043135643,9.59206640906632,192
2cf2b808-832f-48d5-a3a3-99eee08bd8bd,773fcc75-711c-4081-bfea-8e9f5d5f8c42,7944426.260581777,7944426.827122669,7944440.114288246,1605,200,0.5665408913046122,13.28716557752341,160
ac9b4e25-597c-497b-9d4f-cee79276cc87,169bfd1c-b54b-4a03-b40f-5a304abd2cb8,7944426.260600165,7944426.825620924,7944440.113696955,4637,200,0.5650207586586475,13.288076031021774,224
156283ac-66c4-466a-aa43-3f2d4c77e57e,41128b96-fd4a-4c4f-ab0e-4f0be9d70919,7944431.260762501,7944431.376764995,7944441.097446561,5795,200,0.11600249446928501,9.72068156581372,5792
e3b6957e-311e-432f-852e-2a9598a5d22b,81cbfa98-5491-4e8d-8566-7ecb5f746ab3,7944431.260759227,7944431.762291667,7944441.584223086,5414,200,0.5015324400737882,9.821931418962777,160
b40337ea-b0fa-4939-bee0-13a14a8d2319,9f8fc93a-62fd-4685-beff-f86268053404,7944431.260768477,7944431.799451117,7944441.956939875,5827,200,0.538682640530169,10.157488757744431,160
ebe3e870-ba69-4157-b3ca-17a742fad8a3,32379e4f-c52b-4533-87e4-7ccbc01e4871,7944431.260765367,7944431.76381549,7944442.758594473,3885,200,0.503050122410059,10.994778983294964,176
adabf3c4-3b92-4870-945b-8a479de7e9e6,8f571481-bb6f-4a50-ba89-2ea91233c37d,7944428.260649074,7944430.04386814,7944442.887888735,5629,200,1.7832190664485097,12.844020594842732,224
1c97084b-6176-4a91-938a-906a10beedca,0a8f817b-a718-410e-a942-023e11cee743,7944429.260342656,7944430.119718757,7944442.920445808,5775,200,0.8593761017546058,12.800727050751448,192
0eecb49c-09ca-4ebb-bf6a-9a532e387cb1,17f52023-20f0-4ba4-8129-16c153a0bb0e,7944433.260403577,7944433.607239432,7944443.154382342,3896,200,0.34683585446327925,9.54714290983975,160
97794095-7cc6-4a57-bfbe-beecca949603,601ebb0f-02ad-42e7-a626-7ebef638a847,7944434.260561565,7944435.25556347,7944443.256924893,5935,200,0.9950019046664238,8.001361423172057,192
1fd24e9e-1cee-427f-afcb-41ca309d7f53,e3dd554f-367d-4384-ab25-a1c69ce5e46b,7944435.260928528,7944435.96815623,7944443.306353898,1317,200,0.7072277013212442,7.338197668083012,176
423e1842-3ee3-49ff-bf02-73ebf1ae56b7,855dd6b3-1f0e-4fa3-a820-cbf26b5c076f,7944431.260747135,7944431.788742996,7944443.918027119,5782,200,0.5279958611354232,12.12928412295878,192
b55c6634-25c1-4d40-b5e8-592f7d70ab24,f76a8951-064e-4b9c-abe7-8c32bfa4dae8,7944436.26042309,7944437.110459532,7944444.023371033,5320,200,0.8500364413484931,6.912911501713097,176
5ffafed6-24e2-474f-b552-7baeeac58c46,8205a582-0870-4530-86d0-ed900328ac62,7944434.260564389,7944434.7902032,7944444.184912725,5846,200,0.5296388110145926,9.394709525629878,160
5b4fac39-8155-458e-8104-8090c12ea732,e75457ed-6df5-4031-9265-1be7e8cbd160,7944432.260630856,7944432.680321764,7944444.876403646,5220,200,0.41969090793281794,12.196081881411374,176
82bd474b-2481-42fe-bf2c-384b7619270a,bd8b9a21-6e85-459a-809b-68db2cf2042c,7944438.260929677,7944438.510241808,7944445.020172831,2364,200,0.24931213166564703,6.509931022301316,224
0ba843d7-7e51-4247-af3d-0308c7380975,d9b5ce8f-1f03-4b93-af09-4e750c6473c8,7944434.260548029,7944434.633067914,7944445.155846332,3947,200,0.37251988518983126,10.522778417915106,224
554629bf-f69e-4e47-b7be-dd71c18d309c,3ee811a5-f205-4725-8db6-b99eb8dd1ecb,7944439.260686831,7944439.724742814,7944445.922826549,4556,200,0.4640559833496809,6.198083735071123,160
ab7f133b-b519-4246-bd5a-bbdcf9524d17,f17a4867-8187-4bc8-b761-c5e2f43461f5,7944436.260416305,7944437.129776181,7944446.014811201,5799,200,0.8693598760291934,8.885035020299256,160
76f6ea6f-f1d4-47c4-9cd7-bc30f64fe5c2,09007909-7dab-491c-8fb3-4217da4439a6,7944435.26091889,7944435.695279804,7944446.374811735,1881,200,0.43436091393232346,10.679531930945814,224
2c8ce11f-9553-4b42-837c-04ebe0804477,5974b26c-9c91-4e54-8f64-6f0a30771880,7944433.260393569,7944433.774804238,7944446.898924075,5669,200,0.5144106689840555,13.124119836837053,192
28b43b6e-7fd9-430b-a0b4-dcc0fda5504b,cae64ee8-4011-44ef-9331-c924f5e429be,7944437.261193869,7944438.376388715,7944447.018605455,2718,200,1.115194845944643,8.642216740176082,176
70ae68a9-3531-47ee-8643-4e3b1cca15dc,ac2e9396-3cbc-47f4-b34f-0a22d08801cc,7944438.260946876,7944438.973733911,7944447.045237549,3676,200,0.7127870349213481,8.071503637358546,224
f5f1b78b-078f-4507-a142-4d1fc7111c14,4caafacd-2ab0-4466-94b7-7cb54f0a4414,7944434.260557882,7944434.447744359,7944447.275456979,929,200,0.1871864777058363,12.827712619677186,176
efd3791c-193b-4fcb-a26d-cf2b5ba23672,a985a02b-05ef-4ef4-872e-e27efa1ad38a,7944435.260925677,7944435.515928924,7944447.282470561,2258,200,0.255003247410059,11.766541636548936,192
a20b23f5-dcbe-4ad7-b30b-c5a4b7a237da,5247d9b3-daf0-4d8c-85c8-6200408316cf,7944436.260419541,7944436.87220125,7944447.9485191405,1591,200,0.6117817088961601,11.076317890547216,176
a4f7b479-7c5b-4646-8d48-575f7f02f55e,b1a5a57a-6ed3-4161-976b-550b8607a896,7944436.260398551,7944436.775973736,7944448.0515199425,5713,200,0.515575185418129,11.27554620616138,176
431907c7-f924-4ef5-9af3-c0d83f837da6,eecbcd88-7743-4e34-95b6-1c67dec9ac89,7944438.260943315,7944438.770291078,7944448.075969701,5593,200,0.5093477629125118,9.305678622797132,224
5ad53bed-5221-4bfa-9032-b67c9113636b,c1701860-d790-4ea2-b1b2-b8d82150bdaf,7944441.260603095,7944441.429184456,7944448.091891857,641,200,0.16858136095106602,6.662707400508225,224
e99ffece-21c4-4506-a891-11319c8c7702,6cbbb375-c940-47eb-bdbe-1c9292cd44d7,7944437.26117975,7944438.30450494,7944448.301252184,3297,200,1.0433251904323697,9.996747244149446,16
e71343e1-ebb2-4c49-b262-e90ea58a522a,0fc32f2f-3791-4f05-a896-da6268fe53f9,7944439.260690573,7944439.829003307,7944448.313818814,4616,200,0.5683127343654633,8.48481550719589,192
b557a990-aeba-4a3d-a24f-7d6ccf95de2f,072cf49e-ac0d-4d29-b3db-cf9253ebe3e7,7944438.260949857,7944439.120977686,7944448.47710303,4480,200,0.8600278291851282,9.356125344522297,176
65f1ffc7-8a03-45eb-9b80-0bd68ef288e9,97e6ae57-69da-4647-a7d0-d90457e6abcc,7944439.260694263,7944439.571403373,7944449.060856862,1488,200,0.31070911046117544,9.489453488960862,192
c962b801-217c-49c9-86dc-081db036a1ce,5081ad02-1e94-429c-b756-848bd4f73416,7944435.260922197,7944435.428544503,7944449.412075115,1045,200,0.16762230545282364,13.983530612662435,224
f39b5814-ef9b-4990-8845-a96bee0b69db,70040244-0ba8-4018-b9e4-d79962cfab6a,7944437.261190513,7944438.420946153,7944450.017545553,5851,200,1.159755639731884,11.596599400043488,224
54868216-13f7-4989-a4a5-436153c3a7ba,16c13356-28d3-47de-b107-a5a7029a64ab,7944435.260901235,7944436.611320994,7944450.041336256,5958,200,1.3504197588190436,13.43001526221633,160
ed585663-bc1f-446c-ab2c-db5b0d4ec7b5,578ff680-a8ea-4b5d-8584-dc1cc1653e23,7944436.260413124,7944436.906790866,7944450.069631429,3098,200,0.6463777413591743,13.162840563803911,176
a31cac38-4901-4d37-8fe8-7487107ab8d5,743da0c7-ad95-4639-a69e-c87954fbf45a,7944438.260953368,7944439.337579631,7944450.071238777,5819,200,1.0766262635588646,10.73365914542228,160
559953ef-8858-4225-a967-3148d47f177c,b3b1f241-4f97-466c-b9af-0701c1476d26,7944439.260666627,7944440.584742192,7944450.122987312,5885,200,1.3240755647420883,9.538245120085776,224
c4fec5d7-90cc-4d6e-be0b-403826f0f275,27d34d22-9260-40a3-99e2-e20e86c4cfe7,7944440.260888176,7944441.194154469,7944450.1472602375,3307,200,0.9332662932574749,8.953105768188834,160
ba80f778-dd97-4499-8279-5f615e3525bd,f21c3799-f3ff-498f-be2e-8982bdfe2ecd,7944439.260683796,7944439.846770398,7944450.956454044,1204,200,0.5860866019502282,11.109683645889163,192
1ecad81f-34a4-48f4-9f95-0dad74f4bb00,a3c929d0-baa7-4945-b63f-33a6fc39fd65,7944436.260409188,7944437.078878565,7944451.087947608,3834,200,0.8184693763032556,14.009069043211639,192
b185d4cf-6817-4937-820f-fdc892c88eb8,899c2615-9ae4-4ce5-91c4-b802b05ed50e,7944442.260294573,7944442.447476645,7944451.108703388,2308,200,0.1871820716187358,8.661226742900908,288
86f4ae0f-3935-4234-972a-0c35548abb95,0c737e2d-f398-481a-b5d7-001a67e75a1c,7944437.261196316,7944438.36429298,7944451.542468996,2738,200,1.1030966639518738,13.178176015615463,176
fbd7cf0d-986c-4ebd-8a47-fe83c6f794f8,9c1eaa62-32d0-47df-aea2-fa3f14175763,7944440.260865549,7944441.193590668,7944451.697813464,2775,200,0.9327251194044948,10.504222796298563,192
8d473131-f50d-4502-bc63-e1ce79e8af40,187f15cf-abd4-40d5-b327-1bd0cec63671,7944441.260612231,7944441.609922763,7944451.750496505,3682,200,0.3493105322122574,10.140573741868138,176
4cf65e5c-2337-4446-8a8f-c30813a7c56d,6963d70e-8a78-474a-aecb-3a11623672b1,7944441.260620175,7944441.4264700245,7944451.848833148,1359,200,0.16584984958171844,10.422363123856485,176
1882400d-0d76-4b75-b53c-07f07176dcb6,d37165ed-69cb-440f-a075-e298fee15734,7944439.260679997,7944439.950766651,7944451.86860974,3031,200,0.6900866543874145,11.917843089438975,224
7b9b79cf-d278-4208-9fdb-88c219b1aa7f,3a3d8f95-20e5-48e9-a332-7a0c444f6704,7944440.260900209,7944441.151365992,7944452.092853693,6049,200,0.8904657829552889,10.94148770160973,192
8356d6f8-4abb-44f2-a944-9f3833ec9dd3,8e21ca4f-d859-4abc-9993-2dfc2937e89d,7944441.260616557,7944441.770740176,7944452.452484632,5828,200,0.5101236188784242,10.681744456291199,192
71714880-7162-432f-a242-58c036958920,06d076b9-40b8-4297-8b75-54eca6130a42,7944440.260892903,7944441.055260642,7944452.752318296,2799,200,0.7943677389994264,11.697057653218508,160
ac57a90a-3660-4937-9e0a-925bd1dc87c3,87bc14e3-59a4-4128-82c3-fc9b5691ebd4,7944439.260676171,7944439.845201438,7944452.834355415,5842,200,0.5845252675935626,12.989153976552188,160
bff26707-fb65-4dc9-8f45-594b43a3d604,47b3760c-0084-40cf-8343-7f22faad50d5,7944444.261206833,7944444.404408169,7944453.245002572,582,200,0.1432013362646103,8.84059440344572,192
bebfdee1-2179-4154-9a4f-d7e4a429ed38,8861bb38-fa7f-46fe-a61e-d670524b80a8,7944443.260489605,7944443.734758216,7944453.335466064,5814,200,0.4742686105892062,9.600707847625017,160
86d27521-2108-4e0e-b7c7-6892003be9ee,1cc89369-2782-418c-93f1-6fd3c276dc1b,7944440.260896787,7944441.177016936,7944453.711025683,6677,200,0.9161201491951942,12.53400874696672,160
3614dd02-ac22-4cad-a514-ad601980a826,dd4ea50a-bbcb-4a3f-a62c-27fbf36607ed,7944444.261232118,7944444.989648235,7944453.774689495,3107,200,0.7284161169081926,8.785041259601712,176
ac4a4465-a0b6-45b5-b4ea-8b073fd9f04c,9bc4feee-617f-4059-8c66-f3a6b1d07f17,7944445.260485401,7944445.72005143,7944454.065605968,1587,200,0.4595660287886858,8.345554538071156,176
4827dcb8-36db-4cff-9dda-58817931dfbd,238e0114-a854-4abc-967f-54062126b3e7,7944443.260496524,7944443.507195875,7944454.095868745,2860,200,0.2466993508860469,10.588672869838774,176
3a8dfe40-b209-487d-a35e-d67ccef8c262,2b0b6d27-8a7f-458e-8a26-26ecad67cecb,7944444.26122262,7944444.552657028,7944454.118517714,2643,200,0.29143440816551447,9.565860685892403,288
27231b80-8f2c-4919-b4f8-6af688a564ec,45e7f1a3-6b50-4b00-bff3-e4a8f31e6793,7944444.261226076,7944444.970058641,7944454.725118671,4234,200,0.7088325656950474,9.75506002921611,192
dc644c53-d2de-4f3a-b157-d54a65a51de7,57a91587-71d3-4b42-b57c-e9022c37163c,7944445.260478029,7944445.7713067,7944454.7763457075,5840,200,0.5108286710456014,9.005039007402956,176
536d6206-65b8-44c5-bf66-089f6fc2bbc1,e75457ed-6df5-4031-9265-1be7e8cbd160,7944445.260470604,7944445.72470516,7944454.966103473,5209,200,0.46423455607146025,9.241398313082755,176
3223f648-30f9-4441-ba09-22e02b84ef16,c1aa437d-4a45-48f5-a4ba-fefa5588951c,7944445.260459551,7944445.719153341,7944455.20589328,4908,200,0.4586937902495265,9.486739939078689,176
bb7e867b-523d-4f33-afa1-fd4d8b775d60,ffa65629-fc9d-4ec9-b6e2-f76db11b35df,7944445.260491545,7944446.054621707,7944455.237371519,5944,200,0.7941301614046097,9.182749812491238,192
3ecf016e-f266-4aff-aa96-7a720321ab18,e793cd05-3809-4e36-8e78-d44bc000c93e,7944447.260396714,7944447.934165606,7944455.257375383,5867,200,0.6737688919529319,7.323209776543081,160
4d7e2388-1df2-44ca-99ad-17b8c926e537,a88040f4-3d46-4ddd-9db3-d9cefb577c4d,7944444.261235018,7944444.890582906,7944455.570365914,5842,200,0.6293478878214955,10.67978300806135,192
3f499ae7-0eeb-4acd-b1a1-49dbde8b9418,0fdf3a79-0b56-4d09-930d-738eaa2f1f84,7944446.260600652,7944446.750636529,7944455.731506778,5958,200,0.49003587756305933,8.980870248749852,192
3e650134-91fa-46db-8075-1fe58d97cdc1,d98c265f-698d-4cb1-87ed-52317461cdc6,7944448.260398319,7944448.977453707,7944455.836651048,4457,200,0.7170553877949715,6.859197340905666,288
30384a20-7614-475c-b79d-d66ca8e616dd,2c86ed1f-d31f-41b7-a7e9-fc66b43651d6,7944445.260481895,7944445.870652014,7944455.9636079045,1772,200,0.6101701194420457,10.092955890111625,192
c8bb8e68-7659-41d4-94fa-191535a53154,c1b43029-4936-4724-8836-95afb9ebd00b,7944448.26038289,7944448.479177392,7944456.319773177,2199,200,0.21879450231790543,7.840595784597099,192
f07971e6-fe6e-49c5-ba8c-1cfc8c1ef261,51d7aec4-2dba-42c1-8f75-3193d8c9b3b1,7944444.26122899,7944444.377911104,7944456.459619637,389,200,0.11668211407959461,12.081708532758057,176
60e2d9b9-1974-4f1f-b216-bfbdd837239b,e9913fd8-1e79-4e0e-b993-24d62c86391b,7944447.260389911,7944447.562926912,7944456.762067236,2446,200,0.3025370007380843,9.199140324257314,160
16f5c1a0-e00e-4060-a313-afd045923d38,f48f3c83-7b8a-45e5-a0fa-74a6e92599d8,7944446.260589074,7944446.733894122,7944457.042684734,5874,200,0.4733050474897027,10.3087906120345,160
332e4f05-b9b2-4fba-abbe-8ab17b71607a,c9893413-7418-4865-94fb-0696dc49f758,7944448.260401687,7944448.978286179,7944457.066462023,2657,200,0.7178844921290874,8.088175844401121,176
6634a31f-9915-43e3-adab-708296f47200,e6330420-13fa-40f0-aaaa-ee9b7b873195,7944449.260434381,7944450.319650746,7944457.3092098525,5802,200,1.0592163652181625,6.989559106528759,208
1ad44577-bdaf-4d1a-9301-dbaf6077f1c3,a09a039f-9515-4b52-bf42-ea10d8add1bb,7944450.260577849,7944450.392867618,7944457.315841003,952,200,0.13228976912796497,6.922973385080695,192
73567768-866e-42ee-b872-dc3cd1edcde1,376fc79f-2991-4706-a6b7-8d5e7ec64423,7944445.26048819,7944446.34275913,7944457.719401482,5657,200,1.082270939834416,11.376642351970077,176
5e26b78a-f1d1-4b39-80d6-afaed6dca91a,4181337f-4f55-4fd6-8fbd-e067aaaaebe3,7944449.260430583,7944450.324906949,7944457.8193232445,5666,200,1.0644763661548495,7.494416295550764,176
2446f1ae-a993-4a96-ab96-3d4d68e64f40,a4f0c701-3c40-428e-a46d-38a2479e43d2,7944450.260574091,7944450.755386604,7944458.002948264,5963,200,0.49481251277029514,7.247561659663916,176
f44eeed8-8221-4a2b-9f3a-5cda12a0a3ff,bef48969-2881-4b72-aae0-5d83261314a3,7944445.260474429,7944445.7658461975,7944458.056394445,5750,200,0.5053717689588666,12.290548247285187,192
bdd8890c-c603-485c-9e84-f56e25f1d61f,e8ca3356-a8ba-4e8e-9a0a-388abfb645ec,7944451.260624991,7944451.381553148,7944458.063765439,484,200,0.12092815712094307,6.682212291285396,192
44473205-5d5f-4d3a-88b8-7243f4dda7ed,1326464b-c372-47f9-8850-927fd5f180aa,7944448.26040451,7944449.098785587,7944458.236859602,4977,200,0.8383810762315989,9.138074015267193,224
287b9f8d-6dcf-471d-a61d-79bda6f07068,f8e43d47-46b2-48cc-9573-4488e6fb8e5c,7944447.260393721,7944448.078876553,7944458.244062583,5217,200,0.8184828320518136,10.165186029858887,160
6008d6c6-68f0-4546-bd9c-79941c2362cd,6765a657-895e-4f86-948f-60d5c92ec33b,7944448.260407382,7944448.813683203,7944458.319766293,5983,200,0.5532758217304945,9.506083089858294,176
2f9ef62d-5dac-4e6d-9a3f-00437269b0e9,d361340e-7ada-4795-9f86-b45068834ca9,7944452.26032691,7944452.890462048,7944459.494697303,4594,200,0.6301351385191083,6.604235254228115,192
69e71113-3d1b-4033-9a07-aae9291ea3cb,7c8adab7-544c-4106-916a-d86d02536d30,7944452.260329088,7944453.19249775,7944459.501938127,5829,200,0.9321686616167426,6.309440377168357,176
95784c28-331e-4d63-9c5f-e5ba70e032bf,4dc898de-9d0d-4eef-9608-2e7f5c017b44,7944449.26040927,7944450.052036565,7944459.513102012,4244,200,0.7916272943839431,9.461065446957946,192
cb56849d-1bca-4213-8ab4-915bff6cd072,47290926-f76b-42a0-b6b0-95ae3ac5a196,7944453.261196874,7944453.620518152,7944459.620607105,3384,200,0.3593212775886059,6.000088953413069,16
4ad335f5-7e48-4cc0-84e9-881b0726c7ce,5081ad02-1e94-429c-b756-848bd4f73416,7944452.260324095,7944452.396488773,7944459.627668586,1211,200,0.13616467732936144,7.231179812923074,224
450f077b-520a-444c-bd27-d4b6be3df5c3,ae04581e-61a3-4e13-a5d3-988c330d8c3d,7944452.260312333,7944452.462166397,7944459.725815477,2001,200,0.20185406412929296,7.263649079948664,224
4a3d3077-aac7-4892-9c53-6bfe4a2c575c,c8309beb-8c28-45e3-97c6-0ce22870ae69,7944447.260375064,7944447.976242658,7944459.7398129525,5835,200,0.7158675938844681,11.763570294715464,192
c0042980-9df1-4ddc-936a-9f3ff196deee,3047d0dd-5a9d-4d90-be11-b1eb806c0a55,7944448.260394104,7944448.97072139,7944459.890892351,5877,200,0.710327286273241,10.920170960947871,160
5dd9f4db-929d-4dfe-a682-295bef749fde,fc991f32-f1b6-4afe-ba3b-a472773d0110,7944449.260426228,7944449.605044795,7944460.004446725,2621,200,0.34461856726557016,10.39940193016082,192
70c7b779-0dc3-4bb2-8603-92162f1f9b5c,9b86c84b-a3fb-4ca2-85be-c0037ebe4e13,7944454.260512401,7944454.833961764,7944460.176340108,5898,200,0.5734493630006909,5.3423783434554935,176
4d5b7c3a-b730-4509-8c44-73bb961f7416,ae3515b7-b2c3-4055-9fee-cc35030fc4b2,7944451.260637702,7944451.462840065,7944460.257080148,2130,200,0.20220236293971539,8.794240082614124,176
4f34b318-6d5c-472b-9c0a-77744b8d1d47,0759bb94-aa77-4047-8f94-34cc9c62436b,7944451.260640178,7944451.881742314,7944460.781903177,6005,200,0.6211021365597844,8.900160862132907,192
fd3e27e2-6bdb-45ba-a19f-137d8efa5640,808d4138-729b-4276-b0a1-bb598e185260,7944453.261226155,7944453.822558907,7944461.002076237,585,200,0.5613327519968152,7.179517330601811,192
ffa58985-2353-4fa7-8105-9b530cb5471e,4c23bd5a-bf9f-4ee2-a8bc-c19f72ea4b9d,7944453.261222862,7944453.58872552,7944461.252029869,1249,200,0.3275026585906744,7.663304348476231,160
2e025e63-5ff9-4e6a-8424-251bfcd4db65,c97a374c-d25c-47eb-bcd4-8d00e4cf68d8,7944455.260250149,7944455.545367193,7944461.310746684,2553,200,0.2851170441135764,5.765379490330815,160
616e5784-03f0-41bf-87f5-3f99a6ea4e57,52901222-0bb4-47e4-8bba-8825319cf100,7944450.26056429,7944450.647645284,7944461.745593994,4317,200,0.3870809944346547,11.097948709502816,192
fef526b9-a5e9-4aa7-9989-e4c1d7f6cac5,21f467fb-de7c-4e1b-9293-058f066ebf57,7944451.260634439,7944451.764216804,7944461.96052567,5875,200,0.5035823648795485,10.196308866143227,176
7273cfaa-d53f-4038-a5e1-35e659d710d8,2c2590bf-7735-4068-8406-2d47707168ea,7944453.261219553,7944454.05287252,7944462.319600009,4936,200,0.7916529672220349,8.266727489419281,160
0d832c97-0a1e-4eb0-8791-290ff6d06d31,db793246-9873-488a-8c36-68b6c758735d,7944454.260497915,7944454.685312253,7944462.381379155,2314,200,0.42481433879584074,7.6960669020190835,224
4219d0ec-1225-4b89-89fc-fc85b57e0d6f,b397fd3b-5c1a-4e01-ae2f-44399f92080b,7944453.261212476,7944454.047799713,7944462.616865275,3770,200,0.786587237380445,8.569065562449396,160
fba9b002-f18b-43d2-9974-d9f078f3e9d7,b23331f5-cf25-4f3d-bb0a-0b712f6627c0,7944452.260320879,7944453.122936833,7944462.865228576,4546,200,0.862615954130888,9.742291742935777,176
db7bed29-6f31-4fa2-8ae5-fba98b7de6bd,8452144b-0a71-4b63-9bd6-e7978af4ed65,7944454.260508581,7944454.850115196,7944462.914243538,966,200,0.5896066147834063,8.064128342084587,224
80cdc4fe-5053-41e7-ac0f-89c931de7b23,de528792-7b2e-4008-9f06-3c9229e60e2f,7944455.260261315,7944455.513594216,7944463.326827248,1956,200,0.25333290081471205,7.813233031891286,224
e133b76f-162d-4de0-b7c2-e7dc85b3634d,6e324056-7897-4c8b-93de-3f0d2871a1a9,7944455.260255876,7944455.783376165,7944463.642702884,6010,200,0.5231202887371182,7.859326719306409,192
6f52ee4d-990c-4815-b53a-7aa9bade149a,c9eebcda-eea2-470a-a776-e217e9bdb657,7944455.260253047,7944456.006032322,7944463.947535203,5923,200,0.7457792749628425,7.941502881236374,160
1a854f64-ec9a-476c-904c-5e052f46f262,749cff23-59a3-425b-bc36-69a36ebb5518,7944455.260258584,7944455.972039408,7944464.089960428,3085,200,0.7117808237671852,8.117921019904315,160
64c1ebea-089d-41dc-b47c-90688b1ab420,68a72b40-75f5-45c2-ab5b-a60e1e1882e3,7944456.260731339,7944456.930500482,7944464.185983785,2162,200,0.6697691427543759,7.25548330321908,192
6e79abd6-acdf-4469-8c82-a15e378624dd,984ff781-ca15-479c-8e06-7bd9cd701519,7944456.260742616,7944456.611755157,7944464.253513663,3753,200,0.3510125409811735,7.6417585061863065,192
d18aed71-2592-4acf-9f7f-4d67c7cfc865,c224457b-5ee5-41ff-ab1d-fe153a463ef1,7944453.261216542,7944453.7106779255,7944464.772914205,3700,200,0.44946138374507427,11.062236279249191,160
4bb7fa15-1dd1-4341-97e2-14da4a0a7996,6f4051d6-8003-4af8-be6a-137219b04ba5,7944458.260880242,7944459.2509228885,7944465.85803591,6290,200,0.9900426464155316,6.607113021425903,192
7b826299-4ed4-406d-8445-75023a6a9dd2,70040244-0ba8-4018-b9e4-d79962cfab6a,7944454.260515553,7944455.237082592,7944466.313367227,5851,200,0.9765670392662287,11.076284634880722,224
4fbe2b6d-a7ae-4d3f-a53e-0e59f13cd9ba,51d7aec4-2dba-42c1-8f75-3193d8c9b3b1,7944457.260463434,7944457.335571943,7944467.007188715,389,200,0.07510850857943296,9.671616772189736,176
c1742880-b2d2-4ec3-94d8-3547429e29c5,a16f5240-7964-4ea6-8660-0762c30468df,7944455.260240116,7944455.55350034,7944467.034640658,2538,200,0.29326022416353226,11.48114031739533,176
56b94321-9772-44e2-a104-f3858473cf5a,91817d88-3093-4655-a55c-1e6106fc4d42,7944455.260263764,7944456.229904749,7944467.100441714,5826,200,0.9696409851312637,10.870536964386702,176
348b023b-b38f-40fc-9e05-7077e2247fb5,08617b02-e213-4095-a1cd-ed95f33fb542,7944460.260592717,7944460.686202928,7944467.144034445,2172,200,0.4256102116778493,6.457831516861916,192
cc565de5-5591-48ea-a83f-57522dd6b78b,b1cb652a-67d4-44c4-a3d6-11f8ce62329e,7944458.260882606,7944458.957408171,7944467.311244789,4994,200,0.6965255653485656,8.353836617432535,192
025f161b-c3c0-4ce1-8d8a-60d602761e29,469d8baa-4a15-40fd-a740-aae6477a78b9,7944457.260450799,7944457.728683295,7944468.095402758,5429,200,0.4682324957102537,10.366719462908804,176
7aeb8119-6eb1-4f63-9882-2d30cc5cfe14,735daccb-a891-4087-abba-4836d694702e,7944459.260292961,7944459.360108479,7944468.107539143,801,200,0.09981551766395569,8.747430664487183,176
b29caba9-89cd-40a8-88a3-47aba5c5c7cc,00d31eb0-b908-4fd8-b7c3-40330a3b5089,7944461.261031756,7944461.879127009,7944468.181317166,5870,200,0.6180952526628971,6.302190157584846,224
2d956b9c-a890-4edd-b6a5-a63d4de4b26f,5562c1a1-e6b0-40ec-96dd-5ea84936cbf8,7944458.260863342,7944458.827664106,7944468.527842403,5962,200,0.5668007638305426,9.700178297236562,176
5fcc13a7-44e6-4586-b695-4f25c8c56bd9,cf53ec7b-8773-48c4-bfea-fbe3da37a269,7944457.260460412,7944457.971380157,7944469.219141124,5866,200,0.7109197452664375,11.247760966420174,160
75533bf5-ee0e-4c02-ae6b-0ebaa473efb7,f0cbebc5-adb6-461b-9b21-22667b2f1d8c,7944462.261054521,7944462.592254321,7944469.324227497,3014,200,0.33119979966431856,6.731973175890744,224
df3ea3c3-05b2-42f6-ae40-20b007d61f78,0d31d8c4-0602-4362-b088-20127e36e833,7944460.260582925,7944460.4499897985,7944469.806868272,680,200,0.18940687365829945,9.356878473423421,224
3068ef83-0304-4cb2-9bf4-a1a812ece838,fb070aed-59ed-4076-890d-d41bb370b24e,7944458.260876464,7944458.639161962,7944469.835818388,3408,200,0.37828549835830927,11.196656425483525,160
aa57532d-c6fb-4e09-947e-a1b8ce8631e9,81f9eb5c-a80a-4900-a905-f6adea401077,7944460.260589916,7944460.916075356,7944470.255044491,1193,200,0.6554854400455952,9.33896913472563,224
c9f0b79c-423a-4ca9-b9ae-b50df186a0e9,d3446ebe-acf3-4d07-a3ea-c3744b922b9f,7944460.260586612,7944461.185234597,7944470.808341932,5159,200,0.9246479850262403,9.623107334598899,160
e213c0f8-84da-46a9-a9b9-013e94e4100e,b59ce72b-bea5-439f-af40-3074ece4d7f6,7944461.261053606,7944461.9531604145,7944470.901222483,2508,200,0.6921068085357547,8.948062068782747,288
50b54290-e46f-4beb-a6bd-41ace1a2f6fe,0d6cfb7c-9564-4e6b-96ab-aec695811479,7944461.261057172,7944461.953751991,7944471.004478808,5865,200,0.6926948186010122,9.050726816989481,176
cc95b1a1-c275-4217-9743-b539c0f0a384,8f571481-bb6f-4a50-ba89-2ea91233c37d,7944461.261049593,7944461.841059984,7944471.014364945,5742,200,0.5800103908404708,9.173304961062968,224
0f4ac7ca-cdc3-439e-b5e0-fdf5ddcddc1d,339e6a45-2ac7-4236-ac28-4af01254bcc9,7944460.260601538,7944461.545501694,7944471.321978181,5825,200,1.2849001558497548,9.776476486586034,160
6a4536e8-0624-440e-9f5f-b7ae6901290a,94d515a9-ef0d-42ed-ace0-0af11d850115,7944460.26059571,7944461.109006139,7944471.803114795,2351,200,0.8484104294329882,10.694108655676246,224
16338850-628a-40cc-b05a-46f06f1c83ac,029edadb-b234-4d39-a619-c56cc85e964f,7944462.261070795,7944462.767071792,7944472.004974484,1105,200,0.5060009965673089,9.237902692519128,192
27f63da7-2638-480b-b5ea-cde527c66afe,5c6dac57-aba8-4008-9b1b-2dc74818894a,7944463.260597504,7944464.157762042,7944472.697695658,5109,200,0.8971645385026932,8.539933615364134,224
d8ba8c9a-dc15-4619-ac56-696a5e3fda8e,af45b936-e0fc-4b4b-a8e6-2c2ce81710a0,7944462.261067847,7944462.781731753,7944472.703821906,2220,200,0.5206639058887959,9.922090153209865,176
79b4bb5d-0eac-4098-8d32-b506ecea01be,6d14bf3f-56d2-4882-8aba-c916497faa7a,7944460.260598643,7944461.177085847,7944472.75666307,4323,200,0.9164872039109468,11.579577223397791,160
2bc181c4-437c-4acf-a023-3aad02caf6cb,3047d0dd-5a9d-4d90-be11-b1eb806c0a55,7944462.261058167,7944462.817857407,7944472.856489442,5877,200,0.5567992404103279,10.038632035255432,432
1f1d5607-70be-43c6-8c9c-ff8c70758f74,636c03ec-0dce-4bc3-8d8a-131823a1a369,7944464.260479743,7944465.38709178,7944472.893151516,5473,200,1.1266120374202728,7.5060597360134125,160
3ec7f6f6-9fdf-4c7e-9a52-34e10eea7fa4,a6d693f0-8426-4cd2-a4b0-43616e67e856,7944465.260952325,7944465.960883665,7944472.91078085,5970,200,0.6999313402920961,6.949897184967995,176
7e146e6f-4e94-4cb8-a22f-d29b8f410493,b4ccd658-c53e-48f2-80b3-bdc3daefd3b0,7944464.260491944,7944465.961608429,7944472.913106384,4130,200,1.7011164855211973,6.951497954316437,224
65a8dbad-f91e-49e8-a9b3-e537033472d4,2375aed9-bf2b-4d31-b02f-4651375f6697,7944464.260500997,7944464.634924232,7944473.089941872,1380,200,0.37442323472350836,8.455017640255392,176
6eee8047-2d89-46c6-8d9b-9b745c42428b,db1fb291-ef7d-478a-9b73-48146f6a8cd5,7944460.260575662,7944461.369321737,7944473.315027505,5739,200,1.1087460750713944,11.945705767720938,176
73a1e390-9ed8-41f3-b702-56a31288114c,0f610880-6ddd-4017-bf17-27f18caf55cb,7944463.260611343,7944463.911090084,7944473.579046516,5690,200,0.6504787411540747,9.667956431396306,160
c43b7b57-a0b5-43df-917b-e276100c8436,cfbe6bee-cd08-4654-810f-1a3b3025c764,7944462.261064947,7944463.150280887,7944474.057790753,6526,200,0.8892159406095743,10.907509866170585,160
d5b7dc92-f126-4901-8f5c-a7442f3ff3f7,715e64e0-0181-41a0-b6a9-c164d566d676,7944462.261043633,7944462.814713482,7944474.067466069,5908,200,0.5536698484793305,11.252752587199211,176
b57ccadb-ea88-4d4e-a9e3-1b12d9e4ce09,386b7318-3947-4df1-8dd5-2e93abdf10c2,7944464.26048248,7944464.941099584,7944474.078327483,5970,200,0.6806171042844653,9.137227898463607,160
81825c06-2372-46d9-a235-8cfb1f8ff420,b77d50a0-f922-437c-a00d-6b3572ecfa03,7944465.260936896,7944465.834838569,7944474.220559962,5905,200,0.573901672847569,8.385721392929554,160
77bae77f-e502-4053-9a64-a679216c1731,aa51b55b-bb87-48f0-8caf-7b55883df5b1,7944463.260617878,7944464.230260562,7944474.405970883,5851,200,0.9696426838636398,10.175710320472717,176
a0971355-aa29-4483-9dcd-f2b47bf28cec,31d93950-a967-42cb-aec0-6513d12008a1,7944462.261061588,7944463.007981246,7944474.460899087,3726,200,0.7469196580350399,11.452917840331793,224
79dde1eb-a5d8-4ea4-942f-517bc55d53f6,899c2615-9ae4-4ce5-91c4-b802b05ed50e,7944464.260488704,7944464.661729072,7944474.463571711,2310,200,0.40124036837369204,9.801842639222741,16
c16cca50-857f-4f87-b57f-6f1e4e89d5c9,d3ad6d04-4b48-448b-836a-9b64752fc74f,7944464.260498382,7944465.371172429,7944474.731654012,2379,200,1.1106740469112992,9.360481582581997,160
df150055-9760-49d3-91f5-8a006302ccb5,0fd4279a-26c5-4067-ab88-75febf63597d,7944464.260464054,7944465.377841294,7944474.740173372,5831,200,1.1173772402107716,9.362332078628242,176
c8d89b0e-b7d9-4503-a943-88ecad2886d0,657ec69d-2850-466b-9d84-480d9f1b5621,7944465.260944371,7944465.879082961,7944474.76220071,3048,200,0.6181385898962617,8.883117749355733,160
1d999116-422e-4168-ba55-c6458462e48c,3d9f64af-c9b9-49e3-aada-0810637fc61a,7944464.260494954,7944465.837888888,7944474.954698702,4399,200,1.5773939341306686,9.116809814237058,160
59710238-7b85-4c20-92d9-ab080a5439c9,173d8474-31a7-49c9-a766-796c9ce56475,7944465.260940651,7944465.840034767,7944474.958716387,1545,200,0.5790941156446934,9.118681619875133,256
f5f92beb-1163-4678-9aa6-c145789710c3,31d285ac-fc75-4253-9dbd-ca2580bb03c1,7944466.260960607,7944466.708897311,7944475.015411975,4738,200,0.4479367043823004,8.306514663621783,224
2f28ba32-4c27-4917-95e2-145292b7c555,2d5dcc3c-a047-4b49-9a38-cd2e4eb26eb8,7944468.260553486,7944468.427566119,7944475.393826113,1288,200,0.16701263282448053,6.966259994544089,176
57ae1651-5aff-4363-ba72-57e437676aff,00049226-a856-4e37-9f5a-1aec0d5a0b20,7944463.260607927,7944464.169945783,7944475.427867809,5730,200,0.9093378558754921,11.257922026328743,192
85689136-9460-4285-a362-b37b6591344a,de97fead-7ef2-4b4d-af77-6f2fa230612d,7944464.260475878,7944465.172246617,7944475.640184017,5860,200,0.9117707395926118,10.467937399633229,176
6cababcc-fad7-429a-ae36-3af5c1397772,5f1dfde8-0414-448f-b867-af9a8603ce0b,7944465.260948791,7944466.488238071,7944475.836485966,4782,200,1.227289279922843,9.348247895017266,176
8c1d93c9-5805-440e-b519-ebafc9d80fc5,977544a9-56cc-4224-963e-af3a1e5f58c6,7944465.260932862,7944466.254790642,7944475.857047502,6425,200,0.9938577804714441,9.602256859652698,192
1701cdb4-18bd-40ce-a55e-9a0ac00d7d20,eecbcd88-7743-4e34-95b6-1c67dec9ac89,7944466.260956797,7944466.7802926395,7944475.95293952,5593,200,0.5193358426913619,9.172646880149841,224
c9fe5212-b7c2-4d66-a3f3-018da703f5e1,45e7f1a3-6b50-4b00-bff3-e4a8f31e6793,7944469.26091606,7944469.629756191,7944476.13789562,4234,200,0.3688401309773326,6.508139429613948,192
91c846a8-d1a4-4e4d-b579-e73b3608dacd,eaa14318-4f95-461e-9213-5b24ea716730,7944465.260955825,7944466.769529212,7944476.158412858,5792,200,1.5085733868181705,9.388883645646274,160
8dedc824-be06-40c0-9345-8fe0b2f91669,d4a8ccbe-7316-4e32-881c-ec76afaa5012,7944463.260615051,7944464.195282976,7944476.294707679,5963,200,0.934667925350368,12.09942470304668,160
ba460b59-ba15-4609-994c-a1562de860b5,6f45b8a4-e423-40e0-b44c-2370d1158913,7944467.260791111,7944467.78773006,7944476.30022104,5989,200,0.5269389487802982,8.51249098032713,192
39caf949-c68d-4a21-aa30-50e2e56e39be,4a4b9580-1d15-458e-9b7f-fe574dea6d90,7944470.260799675,7944470.48248636,7944476.756578823,1468,200,0.22168668452650309,6.274092462845147,176
9fdfcf5f-31df-4ea0-b37b-33123557f986,51d7aec4-2dba-42c1-8f75-3193d8c9b3b1,7944467.260778567,7944467.33129848,7944476.783660743,389,200,0.07051991298794746,9.452362263575196,384
970ac4d9-29ca-4860-87a8-a1e1d27aa221,9094afdf-fdf4-40ec-b8cb-b04664e6ec6d,7944468.260534206,7944468.644407181,7944476.873292529,4050,200,0.38387297466397285,8.228885347954929,192
83b5ba0a-fb3b-42bd-a735-49db24a720ba,948c8bc2-de8c-4e1a-8977-9533047131e5,7944468.26054901,7944468.471675747,7944476.920716208,1854,200,0.21112673729658127,8.449040461331606,160
fa4589ee-2642-4d9a-a21f-907ed34c274b,2dd1593e-b38b-4dc5-b628-5b24a57f7800,7944464.260485742,7944465.285829546,7944476.941942373,6054,200,1.0253438036888838,11.65611282736063,176
84d93a1b-0e1b-472f-bbf0-f630f80cf460,ba04113c-f39c-42e2-9942-9e943a5f3a91,7944465.260916662,7944465.84018048,7944477.027271827,1333,200,0.5792638175189495,11.18709134683013,192
7ccab465-9989-4dae-8028-63963b9287fa,ceb8b264-daa4-4142-9261-329766ad7443,7944469.260905353,7944469.670949011,7944477.458087229,1737,200,0.41004365775734186,7.787138218060136,160
904b31ca-8d1e-4b22-91a1-2990a15145c8,6a0ac87a-e917-4b52-bf8d-10689801e4bb,7944466.260944869,7944466.505235126,7944477.958080991,2706,200,0.24429025687277317,11.452845864929259,192
e973b374-ac3f-4fbf-9d8c-57666301898d,d00c697d-7ae3-4f63-8c46-74cb115fcffb,7944468.260560897,7944468.900630332,7944478.34392051,5890,200,0.6400694344192743,9.443290178664029,160
6c036248-4508-4f4c-b104-4af903b5f42e,02266e03-2387-4a93-80ac-e63ccdb91f20,7944467.26078808,7944467.75653805,7944479.106981035,3896,200,0.4957499699667096,11.350442985072732,160
d67e4fcc-db97-4220-a5f7-16aa10f4b38a,072cf49e-ac0d-4d29-b3db-cf9253ebe3e7,7944470.260841741,7944470.791710059,7944479.224486502,4736,200,0.5308683179318905,8.432776442728937,176
ac9c0793-4251-46e6-b08a-9c28c5c8e72c,8e505307-8830-46b2-ac68-84a7d5dbd9a0,7944470.260805985,7944470.979859725,7944479.312098836,2900,200,0.7190537396818399,8.332239110954106,160
dd037902-ac2b-4e3d-974f-86b47302073f,0c737e2d-f398-481a-b5d7-001a67e75a1c,7944471.260517348,7944471.971696136,7944479.627265313,2738,200,0.711178787983954,7.655569177120924,176
13b259b1-06e9-4ce1-b780-df4c27c30e8f,16c03b80-16ca-4741-9908-eb2c51e1d2a1,7944471.260503222,7944471.93141022,7944479.924828726,1682,200,0.6709069982171059,7.99341850541532,224
e62e3b24-6520-4397-b993-0f6e2586ca32,70040244-0ba8-4018-b9e4-d79962cfab6a,7944471.260532304,7944472.196164518,7944480.105694231,5851,200,0.9356322139501572,7.909529712982476,224
07b66c03-7e76-45db-a2cd-36ed77a7ebf0,1cda0d46-618b-4b7a-b957-319fe6d96516,7944472.260401033,7944472.735860891,7944480.241527565,6444,200,0.4754598578438163,7.505666674114764,1520
a7b736d8-dacf-4d09-b6b5-712638f5812f,c07084f9-822d-4596-b07a-bb757e68395b,7944470.260827048,7944470.613412298,7944480.266686202,911,200,0.3525852505117655,9.653273903764784,192
fddfab6d-bc67-4514-b3f7-e7440f921db1,601ebb0f-02ad-42e7-a626-7ebef638a847,7944472.260415346,7944473.201458926,7944480.322399864,5952,200,0.9410435799509287,7.1209409376606345,192
d98a04b8-26ed-45d5-baea-7240e0288c0f,c2c3631f-2662-40db-8c0f-628ff0659c25,7944473.260923833,7944473.728231842,7944480.662174192,827,200,0.4673080090433359,6.933942350558937,192
18bae917-e83b-423c-9793-ac1125f5bc5a,71249e78-f974-49c5-984a-5525529f0b96,7944470.260815908,7944470.5027270755,7944480.96429838,584,200,0.24191116727888584,10.461571304127574,192
5d3673ec-84a5-46fe-8060-71ffd463d859,828db195-ca5a-4484-848e-1fc6ac242624,7944468.260557658,7944468.800155979,7944481.009047637,5834,200,0.5395983206108212,12.208891658112407,176
01db0c97-034f-4583-ba83-3bb74a9b14e2,f08a5a98-ba52-4eb6-9dfc-c3e02b3c3c96,7944470.260813325,7944471.204154318,7944481.254123955,5981,200,0.9433409934863448,10.049969636835158,176
527002f6-2228-4d45-afd0-5b4a35024d9d,15e18881-cbb9-4802-a422-20808dd1ab23,7944471.260529559,7944471.706128627,7944481.294024681,2206,200,0.4455990679562092,9.587896053679287,176
7924a139-ba35-4bfd-bc29-ea0961b6cd67,6963d70e-8a78-474a-aecb-3a11623672b1,7944473.260929655,7944473.705301821,7944481.368389355,1367,200,0.44437216594815254,7.663087533786893,176
b619227b-ec00-4975-af0c-df80806d6f27,1cc89369-2782-418c-93f1-6fd3c276dc1b,7944471.260534948,7944472.2883731015,7944481.623435653,6664,200,1.0278381537646055,9.335062551312149,160
2ef6fe10-a67c-4d36-8adc-c0ad496ebe05,bcb9a03c-7a7d-4221-8d1f-5f52836f8b7c,7944472.260411853,7944472.544921807,7944481.676577653,3172,200,0.2845099540427327,9.131655845791101,224
0f0f8d7d-3550-4151-977d-3166b489d0bc,773fcc75-711c-4081-bfea-8e9f5d5f8c42,7944471.260521039,7944471.592096316,7944481.8824875085,1773,200,0.3315752763301134,10.290391192771494,160
7d8fbe6f-ce67-4737-bbf8-fea3377aed58,b01f6c83-5554-4371-9f04-7b0e790263ed,7944470.260829648,7944471.223025218,7944482.555306392,5627,200,0.9621955696493387,11.332281174138188,192
592a1819-6141-42a5-b16b-7ccd8ed80bed,a0ee44f1-f36b-4a6a-bf7e-a9a8c8f79820,7944471.260523984,7944472.115886239,7944482.612964533,5982,200,0.8553622551262379,10.497078293934464,192
970d2040-22a9-4b69-bd3f-89e1efdbc3ae,518b2120-1899-4a0f-af6e-5a114887002b,7944471.260527175,7944471.719233534,7944482.726696015,956,200,0.4587063593789935,11.007462481036782,176
f2002215-a729-43b8-9191-b1df568e1e75,c51e1c93-377f-4846-81a1-14e5879a721c,7944473.26091948,7944474.146270856,7944482.802491001,4599,200,0.8853513766080141,8.656220144592226,160
8ac9ab59-77f3-4f92-9e76-99619181a051,1395c13e-e24a-45ea-b379-cf296f4c4d9c,7944473.260926811,7944473.482083241,7944483.871106599,1173,200,0.22115643043071032,10.389023358002305,176
7ecc8d6c-9dfa-41f9-943b-a4ab3153bfda,502899ee-4518-4d94-a120-80fc9b07318d,7944474.260715371,7944474.8008812,7944483.96772369,4744,200,0.5401658285409212,9.166842490434647,192
41f0c1d6-5a57-4979-ab79-59bf0b0924ab,4c23bd5a-bf9f-4ee2-a8bc-c19f72ea4b9d,7944475.260335909,7944475.395226438,7944484.302249851,1411,200,0.13489052839577198,8.9070234131068,160
480958e0-363a-46d7-8732-2b12602eba91,899c2615-9ae4-4ce5-91c4-b802b05ed50e,7944477.260606414,7944477.455650989,7944484.31003801,2306,200,0.19504457525908947,6.854387020692229,288
8775976c-f137-4555-80c6-40c938ebee3d,e6dca7b5-0f24-49b0-b2a3-fe8bda0289ff,7944473.260907203,7944473.850987314,7944484.707839641,3009,200,0.5900801112875342,10.856852326542139,224
04056b34-7c2c-4943-ac15-e3ecba323d11,24366d4f-7bcb-4d89-a25c-c95b1df94dec,7944474.26073488,7944474.515150738,7944485.171623798,759,200,0.2544158576056361,10.656473060138524,160
d5bcce7d-96cf-4080-97d0-ae6650ea09d4,c6e18b90-e57b-498d-a257-de89d96b372c,7944476.260742345,7944476.4971504845,7944485.308753356,2717,200,0.2364081395789981,8.811602871865034,192
cdb744b9-b792-4ae3-b5f2-d74d955c8edc,6cbbb375-c940-47eb-bdbe-1c9292cd44d7,7944474.260724908,7944474.757673405,7944485.33128865,3368,200,0.49694849736988544,10.573615244589746,288
4eefa010-adde-4526-be9a-799b39373b02,be7c7963-f013-4d24-b0a7-6748d0b4636c,7944474.26072848,7944474.504653651,7944485.351673479,461,200,0.2439251709729433,10.847019827924669,224
012b24f3-ab63-4627-b3e5-b82cff2d7cc0,41128b96-fd4a-4c4f-ab0e-4f0be9d70919,7944475.260344699,7944475.94461538,7944485.385264744,5795,200,0.6842706808820367,9.44064936414361,192
2dbfdfe0-c22e-4648-b721-79f15f613c3e,22c8b384-fed3-4c7f-8565-f8172214ee15,7944474.260731545,7944474.889415031,7944485.693901813,5832,200,0.6286834860220551,10.804486781358719,176
2c6e2f6b-d880-4e3b-b6e6-34973ddec6e0,5a9ab48e-691b-47c5-8cd3-56c1907a079f,7944475.260350641,7944476.134658705,7944485.75579691,5642,200,0.8743080645799637,9.621138204820454,192
e61df7b8-a3cb-4646-afe7-461f5935b3c0,4131e3cc-5480-4d8c-9fef-c2f6acff68e7,7944478.261053494,7944479.143695581,7944486.052521742,5006,200,0.8826420865952969,6.908826161175966,176
13f5d4b4-4647-4ce4-ac44-ada55d6bfc25,5081ad02-1e94-429c-b756-848bd4f73416,7944479.260534348,7944479.5219895365,7944486.099476799,1351,200,0.26145518850535154,6.577487262897193,224
c4f54c3a-672f-4132-90d6-16df83520a56,e8ca3356-a8ba-4e8e-9a0a-388abfb645ec,7944475.260347835,7944475.3740890445,7944486.184909454,605,200,0.11374120973050594,10.810820409096777,192
25c8e4c7-7af5-4d34-a293-801e24358b65,963d93fe-f6a8-428e-baeb-6dabe98fe811,7944476.260729461,7944476.3845399525,7944487.579272197,1098,200,0.12381049152463675,11.194732244126499,224
f1a38b14-db79-4802-a052-ce79a4144228,675afd83-9b5b-45b7-9f5f-7e5d89f0c9f2,7944478.261035543,7944479.074694721,7944487.726645695,3794,200,0.8136591780930758,8.651950974017382,176
54593a07-7466-430c-b27e-3e3b4713f42a,173d8474-31a7-49c9-a766-796c9ce56475,7944479.260516572,7944479.630382176,7944487.907778331,1596,200,0.3698656037449837,8.277396155521274,256
a8ff4774-9f61-4d1c-9eae-7bd509d7dca5,0fc32f2f-3791-4f05-a896-da6268fe53f9,7944478.261031829,7944479.628283668,7944487.907240912,4798,200,1.3672518394887447,8.27895724400878,192
482d425b-e1eb-4287-8d15-9c29aacfe6c8,84fa6356-b99b-42cc-943e-4313c53f37a8,7944477.260578574,7944477.840831744,7944487.915624012,6828,200,0.5802531698718667,10.074792268685997,224
950622fc-d50d-48cd-bf63-dfdb1a13d322,4b6ac81e-dcab-4d4b-86b0-55cc757e83a1,7944479.260525595,7944480.133579902,7944487.971674668,5991,200,0.8730543069541454,7.83809476532042,160
f7decce4-ff07-45a6-9505-9363fb6335e1,bef48969-2881-4b72-aae0-5d83261314a3,7944478.26104283,7944479.339024845,7944487.985868729,5717,200,1.0779820149764419,8.646843884140253,192
45f7a745-21d4-495d-ab98-570888df6818,2b0b6d27-8a7f-458e-8a26-26ecad67cecb,7944479.260531476,7944479.96977961,7944488.034113978,2641,200,0.7092481339350343,8.06433436833322,288
b94b09ea-5d6d-443a-9e00-c834738398cf,22d7558f-2436-464f-b111-4724e2f322d1,7944481.260469672,7944481.450990049,7944488.32466631,2109,200,0.19052037689834833,6.87367626093328,224
e28893c8-7b27-45ab-ae2b-66156482b3bb,808d4138-729b-4276-b0a1-bb598e185260,7944478.261046519,7944479.082461802,7944488.324058452,744,200,0.8214152837172151,9.24159664940089,192
7ccd03a4-5e13-4ad7-96c8-984199f34172,8deb1987-ae66-48b8-ad82-ef28a801bdb8,7944480.260274261,7944480.891013565,7944488.802584665,1726,200,0.6307393033057451,7.911571100354195,192
d5dd1229-8477-47b4-a9c6-d7a8e0bf74d9,aaeef1c3-4f10-4ff5-a2cd-f5a30a353fa0,7944480.260288809,7944480.890781012,7944488.8009475535,5815,200,0.630492202937603,7.9101665411144495,176
51b30fad-bc7f-4871-b3c7-83acd9d4c779,d9b5ce8f-1f03-4b93-af09-4e750c6473c8,7944479.260538008,7944480.029731341,7944489.073201955,3947,200,0.7691933326423168,9.04347061458975,224
622c8436-efe3-4c8c-8ec0-3f25582a8a17,ba46ec63-d117-43af-a082-fdb05a1381df,7944478.261039064,7944479.080133534,7944489.171666217,2935,200,0.8190944697707891,10.091532682999969,160
1f4769aa-a82b-4bf9-b4b2-4463e77ec992,02040ade-ed2d-491c-ad7f-c7feac81e298,7944477.260611446,7944477.431044793,7944489.194387415,1365,200,0.1704333471134305,11.763342622667551,160
077ace20-abbd-427b-a5d3-034a81daebbe,d769c8e7-545f-4504-930e-6fb89f07eeaa,7944482.260337952,7944482.734074915,7944489.197114766,2991,200,0.4737369632348418,6.463039850816131,288
6609d120-2ede-4264-9d2f-19289cd2472d,db50af28-fa33-4f95-803d-71036af6bdbe,7944478.261028052,7944479.6275364645,7944489.808914034,5863,200,1.3665084121748805,10.18137756921351,176
87891d8b-0339-4e38-b73e-39d8c98d0038,e793cd05-3809-4e36-8e78-d44bc000c93e,7944478.261050021,7944479.779717844,7944489.830217999,5855,200,1.5186678227037191,10.050500155426562,160
d361602d-ea16-40a9-97ea-45041b914d1a,b579de52-ab17-4588-b70a-4285fc661c21,7944480.260292143,7944481.251396882,7944489.936471715,5991,200,0.9911047397181392,8.685074832290411,160
148b3193-13cf-472e-8ca9-7db6e222a2ac,86b84ce4-aa76-4cfe-b1b8-66b87df44432,7944479.260528627,7944479.753553136,7944490.14314015,4822,200,0.4930245094001293,10.389587013982236,192
151d3256-5082-4951-b847-4e80ea68ceb7,119381d5-69e5-4c08-b438-534c58547839,7944482.260327546,7944482.4255694635,7944490.1490329765,1681,200,0.1652419175952673,7.723463512957096,192
8fc5889c-fe19-4a80-af73-3876c1f50f5e,578ff680-a8ea-4b5d-8584-dc1cc1653e23,7944480.260284179,7944480.950424354,7944490.80649046,3098,200,0.6901401747018099,9.856066106818616,176
12809c42-ad04-484f-a6a6-a3fbb1944ec6,57965c9f-d1a7-428f-b691-aa12d95ea40d,7944478.261013642,7944479.278922576,7944490.828029254,6004,200,1.0179089345037937,11.549106677994132,192
f4fae3aa-cdaf-4188-b19b-69c7ac409162,a4910820-870d-4238-922d-93ffdf3d500c,7944483.260389298,7944483.408279641,7944490.967008372,1083,200,0.14789034239947796,7.558728731237352,160
ceca4715-cfa6-4937-8bd8-5dd445b0433f,0fdd3815-1923-4d11-a5f1-1c32cbce836b,7944480.260295736,7944480.773838416,7944491.0090852,3851,200,0.5135426800698042,10.235246784053743,176
86028cfa-0c77-4b3b-bfbf-44edc519dc26,0899530f-4ed7-49f5-91aa-9eef27c4e875,7944482.26033503,7944483.194270357,7944491.022163423,5902,200,0.9339353265240788,7.8278930662199855,176
f11cbd99-bb28-4bb0-92a5-6f2e33701813,fc39ffc1-cc7b-44be-930b-eabd806b6aa4,7944481.260479706,7944481.790256907,7944491.273250397,5722,200,0.5297772008925676,9.482993490062654,192
0d3ca89c-bc90-4e9f-81c5-c2453d444b0e,4da709ff-bf01-49a3-8bc5-9118019904f4,7944484.261049284,7944484.476792176,7944491.629061509,2206,200,0.2157428925856948,7.152269332669675,224
0e8c8b44-8831-49a8-aa47-813b56153bd5,240ae7c1-9ec3-4811-acd0-6f7b5a8a3efd,7944482.260345815,7944482.804417594,7944492.098465188,1016,200,0.5440717795863748,9.294047594070435,192
245532a4-49c1-439e-95ee-5f109de74927,d051c958-8834-4bbd-81fd-9bd715084c55,7944485.260838282,7944485.383092944,7944492.198498738,410,200,0.12225466128438711,6.815405794419348,176
dfe2938c-8675-4ba6-af20-5c52da3caed0,3e53059f-27ed-453d-a3cb-045b4aa7f847,7944484.261060506,7944484.692692118,7944492.300482091,4742,200,0.43163161166012287,7.607789972797036,224
21f542be-e178-4c88-ad4b-d90b66973fad,dc50ab8c-4aef-4581-800f-8d55cff5e8ac,7944480.260299403,7944480.87002934,7944492.299700571,1683,200,0.6097299363464117,11.429671231657267,192
a76f35b5-0c06-4900-91f6-0dbda59d9d58,17f52023-20f0-4ba4-8129-16c153a0bb0e,7944482.26034185,7944482.649198559,7944492.905094505,4115,200,0.3888567090034485,10.25589594617486,160
480fee18-4f22-4c44-9867-67a25e77916c,b5b79d80-d814-4a6c-9f3d-7d392ce15643,7944482.260314802,7944482.477049252,7944493.025727486,2068,200,0.21673445031046867,10.548678234219551,160
a55f3dfb-45ac-41c4-a8dd-84c63bcad272,558d1a32-11e7-4870-b268-20a3c0b14d67,7944486.260631992,7944486.752505237,7944493.9152640235,5752,200,0.49187324568629265,7.162758786231279,160
b1bd0d13-2b8a-4d58-9f03-7ca6602dc04f,04fdc20b-8327-42f7-a183-15c098d0ccce,7944483.260397661,7944483.767214606,7944494.017514053,5758,200,0.5068169450387359,10.250299447216094,160
0150476c-989d-4b2b-b0a4-b0755a00de9e,4da8fb42-3983-40f2-bef1-a8d32802c74f,7944485.260833638,7944485.697402241,7944494.022647882,1938,200,0.43656860291957855,8.325245641171932,176
157cfc30-26e4-4bf0-b99f-7cd47b954c77,32379e4f-c52b-4533-87e4-7ccbc01e4871,7944482.260331993,7944483.032216629,7944494.444734826,4139,200,0.7718846360221505,11.412518196739256,176
af6beb94-d097-4af1-bda8-ed204f7bff02,f48f3c83-7b8a-45e5-a0fa-74a6e92599d8,7944483.260374388,7944483.948017077,7944494.893887814,5874,200,0.6876426888629794,10.945870737545192,160
06a5a89c-0e61-484a-b5fe-4a5537070258,74a8d097-f062-41b6-8205-d784bb153261,7944487.261134855,7944487.489893216,7944495.078238631,2186,200,0.2287583602592349,7.588345414958894,160
cd01ff2e-36a8-4200-a633-5d6c6f937b38,47290926-f76b-42a0-b6b0-95ae3ac5a196,7944483.260393916,7944483.92809664,7944495.082682887,3374,200,0.6677027242258191,11.154586247168481,288
df28c466-8c66-4994-a3e3-b73c9b88e776,3c65feda-6cb4-427f-8794-100421de1d7c,7944487.261141416,7944487.863682805,7944495.674319529,5861,200,0.6025413889437914,7.810636724345386,160
24d87fa8-1301-40de-b587-ae7a28b868b9,008dd8be-2869-4ff2-8840-18c17714b28a,7944485.260829852,7944485.409359002,7944495.896998277,694,200,0.14852914959192276,10.487639275379479,160
d8854822-599b-4b70-90cc-ce35c255003d,2c86ed1f-d31f-41b7-a7e9-fc66b43651d6,7944483.26040091,7944483.800532222,7944496.085755718,1966,200,0.5401313118636608,12.2852234961465,192
4a5ba147-e9f0-4849-9249-c5273c2c6d08,41a8ee23-c625-4401-b4cb-e78c442b71c4,7944485.260814427,7944485.659260306,7944496.114100175,3567,200,0.39844587817788124,10.454839869402349,272
a488ed13-3748-4a73-afb9-b7acf258c35b,4181337f-4f55-4fd6-8fbd-e067aaaaebe3,7944488.260533569,7944488.967329577,7944496.152327428,5504,200,0.7067960072308779,7.184997851029038,176
b58e4d8e-4200-4bd2-bfe9-b79c4eefde05,43547b38-0907-4fd9-ac93-a7380b13691c,7944488.260520511,7944488.488725774,7944496.205271268,960,200,0.22820526268333197,7.716545494273305,192
59e0785d-00a7-44b1-9995-797e047e68e8,9c12cb33-cb8b-46f3-b54d-8d364af5f3c9,7944487.261151984,7944487.54521098,7944497.006888016,1960,200,0.28405899554491043,9.461677036248147,192
8505d97c-b438-4026-b70b-c7d3c5d50e3e,899c2615-9ae4-4ce5-91c4-b802b05ed50e,7944487.261138116,7944487.930967505,7944497.136251472,2297,200,0.6698293890804052,9.205283966846764,16
db8cc488-4517-47ef-92d2-7e4311957f23,70040244-0ba8-4018-b9e4-d79962cfab6a,7944486.260629098,7944486.740568624,7944497.330384823,5791,200,0.47993952594697475,10.589816198684275,224
cb97cf5d-b28f-42e9-ac2d-73b88912693d,4a4b9580-1d15-458e-9b7f-fe574dea6d90,7944488.260536706,7944488.827166796,7944498.199975366,1468,200,0.5666300896555185,9.372808570042253,176
3823127f-4bf5-4d16-99b5-71badbeb7468,f259acc7-014b-45ee-b116-6c5a67d0b3dc,7944487.261117909,7944487.7825913625,7944498.399681024,6001,200,0.5214734533801675,10.617089661769569,192
5b7e7eb1-a2aa-4808-94e5-b19439be5b98,fc0ee260-72a8-4d48-ad4f-51c0fbdc2377,7944485.260825748,7944485.988934319,7944498.931742914,5360,200,0.7281085709109902,12.942808595485985,160
5682f0e1-c418-49b4-831b-bc9cabdf246a,2a455136-68a7-4f2e-ae04-e584f979ee34,7944486.260626254,7944486.695753782,7944499.253182773,4971,200,0.4351275283843279,12.557428990490735,176
cdd110cb-b587-4194-8cf3-a58c70629819,4c23bd5a-bf9f-4ee2-a8bc-c19f72ea4b9d,7944491.260540577,7944491.626842798,7944499.341012128,1399,200,0.36630222108215094,7.7141693299636245,160
e5ec53c9-47a7-45db-a3fa-8ff172cc8c39,97e6ae57-69da-4647-a7d0-d90457e6abcc,7944488.260540994,7944488.495051677,7944499.68219118,1747,200,0.23451068345457315,11.187139502726495,192
4221e0c5-d85b-4535-bd25-9400abf1ffd8,87ff4f06-6b13-499d-bcc9-1557df9503ed,7944487.261145023,7944487.803936418,7944499.938078165,610,200,0.5427913954481483,12.134141746908426,176
d5f04aa3-8b88-44bc-9650-09bedb38d8be,05e2aea2-3e77-4091-acf4-2b43e9372008,7944489.260714548,7944489.985719214,7944500.18068473,4232,200,0.7250046664848924,10.194965516217053,224
badae8ab-2568-442e-ae5b-879cd2733b12,929b8a4f-ae3d-429e-830a-f69897f7f505,7944489.2607034,7944489.913899538,7944500.217172256,5423,200,0.6531961383298039,10.303272717632353,160
4c5ef0ee-0e2b-467e-99b4-e258783eea49,dc6a24a9-28a9-4c0c-84ed-02457cc09129,7944490.260717592,7944490.52155648,7944500.309803204,547,185,0.2608388876542449,9.78824672382325,288
4269b245-5435-4f00-beb9-3c0703795493,a9ee696e-7782-458b-b0e3-a5f993f4a8eb,7944490.260699505,7944490.750367974,7944500.675487988,5878,200,0.4896684689447284,9.92512001376599,176
9047fa80-6ec7-4b79-ae18-242a3ea6f30a,c3d496a4-2080-4ec5-b544-6c3443dffdf3,7944486.260615762,7944486.687615521,7944500.836912029,4672,200,0.4269997589290142,14.149296508170664,160
590d7c56-5f0d-42df-8cf6-aaaee493e6b9,b1150a5d-89df-4036-90e6-c349a59a71a3,7944488.260505703,7944488.801498402,7944501.009625038,5707,200,0.5409926986321807,12.208126636222005,224
ca6ff745-8615-4ed3-a8c1-be0f5c66aa55,9728b43f-13e5-4f1c-b6d4-40db13828d76,7944491.260545501,7944492.186125721,7944501.062823448,5847,200,0.925580220296979,8.87669772747904,176
ccf04b55-d84c-41cd-93f9-32b77e481979,55a6b6f3-b270-4bd6-a79d-46217001dedc,7944492.26128945,7944493.547565187,7944501.075673541,3385,200,1.2862757369875908,7.528108353726566,192
b64c8faf-f76a-480b-801a-01cf3c1c203d,fc991f32-f1b6-4afe-ba3b-a472773d0110,7944489.260718432,7944489.740683493,7944501.086792126,2802,200,0.47996506094932556,11.346108633093536,192
c46e299a-5732-4f73-92e2-2b56b6188dee,169bfd1c-b54b-4a03-b40f-5a304abd2cb8,7944489.260724492,7944490.253095579,7944501.0939960135,4848,200,0.9923710869625211,10.840900434181094,224
6384f122-6c70-4fcd-8dc6-ab02f008dc86,238e0114-a854-4abc-967f-54062126b3e7,7944492.26129673,7944493.0533297025,7944501.220754284,2860,200,0.7920329729095101,8.167424581944942,176
20a4a8e8-53cd-4f3b-bbd1-91456aee8088,c97a374c-d25c-47eb-bcd4-8d00e4cf68d8,7944491.260536437,7944491.838277551,7944501.988750047,2806,200,0.577741114422679,10.15047249570489,160
095221c9-29a3-4895-9e87-278aa8e304f9,93f972a6-65ef-4743-aae5-aab226f65263,7944487.261148397,7944487.808546029,7944502.044014402,5882,200,0.5473976321518421,14.235468372702599,224
dcc3c64a-6424-40d3-8e69-473c6141656e,ab7c945e-e515-4175-81a9-07d757d848ff,7944488.260523819,7944489.107793276,7944502.055010227,3134,200,0.847269456833601,12.94721695035696,192
e3a3fd4d-c6ba-448a-8b21-58815729bcdd,d37165ed-69cb-440f-a075-e298fee15734,7944488.260526215,7944489.1390990475,7944502.174636033,3031,200,0.8785728327929974,13.035536985844374,224
7ff45714-550f-497c-9115-007fbeaade2f,a09a039f-9515-4b52-bf42-ea10d8add1bb,7944489.260727772,7944489.879166588,7944502.591836549,1095,200,0.6184388166293502,12.712669961154461,192
9cc89163-c616-473d-8f9c-86c92af839f9,e3dd554f-367d-4384-ab25-a1c69ce5e46b,7944494.260538526,7944494.417886647,7944503.076676125,1498,200,0.15734812151640654,8.658789477311075,176
ae7e030a-c1a5-42f6-83ad-33e6552ba40f,a35eff54-0468-4997-8e6d-961bb789708b,7944492.261293388,7944493.271587478,7944503.30198426,4543,200,1.010294090025127,10.030396781861782,176
73197651-e4d1-44d1-acb8-ce33ae2e0c2c,c2cf61e6-40f9-49e5-a7f1-e24130e70596,7944490.26070986,7944490.773179967,7944503.3334647035,5804,200,0.5124701065942645,12.560284736566246,176
121d918a-cd9e-40d2-a34f-571e637d4326,173d8474-31a7-49c9-a766-796c9ce56475,7944494.260541385,7944494.442995101,7944503.431845555,1584,200,0.18245371617376804,8.988850453868508,0
d178de8b-9e9c-4449-932e-584fb6002a28,cfbe6bee-cd08-4654-810f-1a3b3025c764,7944491.260571762,7944491.965372655,7944503.568727319,6526,200,0.7048008926212788,11.60335466451943,160
74121b25-015c-4460-8b31-3bba03de1cc1,538295df-2f0a-4085-8670-42fd0748d463,7944491.260520326,7944491.9715723945,7944503.575400759,974,200,0.7110520685091615,11.603828364051878,176
53f28bf2-cfe5-4b42-b254-91e51022da5a,9bc4feee-617f-4059-8c66-f3a6b1d07f17,7944488.260529412,7944488.511437105,7944503.592577406,1758,200,0.25090769305825233,15.081140301190317,176
173f2c59-8bf4-42bd-9adc-09a78480fd57,91e22163-b1ce-41e5-803d-070d44488e41,7944490.260719878,7944490.796106573,7944503.69175171,5933,200,0.5353866955265403,12.89564513694495,192
857c72fc-743d-49ab-ba45-0e4d3402af8b,11930aa0-eecb-4b90-8321-5576b64783b6,7944491.260553237,7944492.054710419,7944504.047170085,5919,200,0.794157181866467,11.992459665983915,224
ff455e01-142a-4573-bc9f-d9cc0e0a7730,cf53ec7b-8773-48c4-bfea-fbe3da37a269,7944491.260549194,7944492.0703125475,7944504.076828144,6013,200,0.809763353317976,12.006515596061945,160
c0ef1847-0735-4ec5-9332-d823913d00e7,52901222-0bb4-47e4-8bba-8825319cf100,7944489.260721858,7944489.781028476,7944504.083520448,4501,200,0.5203066179528832,14.302491972222924,192
0e15aff8-5785-4df1-a775-9123c0720b16,9094afdf-fdf4-40ec-b8cb-b04664e6ec6d,7944492.261286262,7944492.864466983,7944504.089191265,4227,200,0.6031807204708457,11.224724282510579,192
ca2d7348-f0f4-423f-8ae4-2c52f41531df,d8a397bc-57f7-446c-afd5-6ed41a735419,7944495.260530141,7944495.490972149,7944504.139289923,2383,200,0.2304420080035925,8.64831777382642,192
a219bfc4-8dad-43e1-b247-674f84ef06af,57653307-c6ff-4c87-8138-1533b53900a3,7944494.260529568,7944494.750123341,7944504.14346986,5965,200,0.48959377221763134,9.393346519209445,160
c6775c16-cb30-4fea-87d3-cb2765496fa7,bc3ac3c3-4d2f-4962-bb52-152a9ce073ae,7944495.26053395,7944495.935036266,7944504.314782569,5928,200,0.6745023159310222,8.379746302962303,192
15c3de6c-3891-4c16-a6f6-5a2a8e29f4ff,aa2dc0a5-8f81-47dc-8767-40e6ea12f767,7944491.260561646,7944492.412908065,7944504.367004854,5860,200,1.1523464191704988,11.954096788540483,192
ac53b10e-d603-4c52-ba43-74246995b2c9,963d93fe-f6a8-428e-baeb-6dabe98fe811,7944496.26115874,7944496.511070255,7944504.818577546,1098,200,0.24991151504218578,8.307507290504873,224
2e03ec39-b71e-4323-9d65-fa554dbf6e35,8e21ca4f-d859-4abc-9993-2dfc2937e89d,7944495.260536949,7944495.937609248,7944504.960475666,5970,200,0.6770722987130284,9.022866418585181,192
bc8ca157-e27d-4fe1-aedf-a211008dc560,ec13b1d0-76b0-4b76-b16c-1f1ba5a32e9c,7944492.261268506,7944493.16645667,7944505.047681973,3967,200,0.9051881637424231,11.88122530374676,160
ff8ec2e7-a9e9-405f-aa7b-b875354b137f,fd66c258-5859-4553-99da-0f386f57432c,7944490.260713796,7944490.699324812,7944505.094626187,4652,200,0.4386110156774521,14.39530137553811,160
ba672b12-f633-4098-96cb-9be2b4242aa8,28b85227-ac6e-4816-91bf-18a4f64c1445,7944493.260830455,7944493.7409419315,7944505.276542603,5760,200,0.480111476033926,11.535600671544671,160
685ab867-d5ea-427c-aa80-8cf6586e7f34,c1b43029-4936-4724-8836-95afb9ebd00b,7944496.261177739,7944497.02307275,7944505.320866664,2199,200,0.7618950111791492,8.297793913632631,192
7c6d3a68-85ce-4676-b41c-2185fb7cf481,a3bb449e-1467-48eb-9777-ecb69c324826,7944497.260418466,7944497.9974530665,7944505.961866871,2084,200,0.7370346002280712,7.964413804933429,192
29728855-3c51-4018-86a4-811e73355c64,8861bb38-fa7f-46fe-a61e-d670524b80a8,7944498.26036824,7944499.355693918,7944506.305945392,5836,200,1.0953256776556373,6.950251474045217,160
a9120ba5-657b-46bd-8645-91b019393982,95e47ed3-e422-4bf8-a2f8-ba075c7ef290,7944499.260594662,7944499.790275907,7944506.329377841,1969,200,0.5296812448650599,6.539101934060454,224
80b704c9-9fdd-4e32-b401-7f085137eac8,dc6a24a9-28a9-4c0c-84ed-02457cc09129,7944495.260520683,7944495.365739994,7944506.764637253,578,200,0.10521931108087301,11.398897259496152,288
3f111427-a788-452e-8f1b-bf6e0a9c10e1,c22fb9b8-9ddc-4b2a-99a0-55d2562e0072,7944491.260556775,7944492.021628325,7944507.070775725,3045,200,0.7610715497285128,15.049147400073707,192
af62b2ce-04fe-4ec2-8e5e-a9d57cc57b0a,773031a0-4df5-41b1-9031-e9c5d037efa1,7944497.260414273,7944497.494070437,7944507.186233766,1841,200,0.2336561642587185,9.692163329571486,192
413e4c39-06aa-4d56-8a2f-a2585fabd8cb,ae3515b7-b2c3-4055-9fee-cc35030fc4b2,7944497.26042188,7944498.404653111,7944507.189597179,2306,200,1.1442312309518456,8.78494406864047,176
f9587ab8-4817-4b3a-b8de-83d3f2584221,2b0b6d27-8a7f-458e-8a26-26ecad67cecb,7944498.260376382,7944499.053292255,7944507.232759062,2628,200,0.7929158732295036,8.179466807283461,16
ae7c9c4f-0b45-4b71-a04b-b5cb8068b4d7,f8e43d47-46b2-48cc-9573-4488e6fb8e5c,7944492.261282265,7944493.215245108,7944507.918761741,5395,200,0.9539628429338336,14.70351663324982,160
9a662edd-8909-4f83-90fa-66a543c05d68,db181ab9-192b-4119-8e82-13c9748a3f0a,7944496.261171204,7944496.908767281,7944507.990980621,5936,200,0.6475960770621896,11.082213340327144,160
8b7c8a32-6804-4015-b13d-8cf5c5421f74,4da8fb42-3983-40f2-bef1-a8d32802c74f,7944501.260767367,7944501.503575716,7944508.1464507645,2106,200,0.24280834943056107,6.642875048331916,1904
4d997e70-fe44-4684-b678-5740ad6b3d05,e6336030-a659-4464-954a-a056f93a2109,7944496.261175147,7944496.98699748,7944508.379559026,1785,200,0.7258223323151469,11.39256154652685,192
3eade690-8982-42e1-ab99-2af3f9d35c45,fa482bdd-c4dc-4bd0-ab79-4e8054d78a61,7944497.260436974,7944498.402302597,7944508.567823595,6291,200,1.1418656231835485,10.1655209986493,192
3c3ccfde-45e5-4cda-b00a-659f6573dd22,67a0b975-184d-4abe-91c9-e84646d0b743,7944498.26037376,7944499.183549162,7944508.668338232,2940,200,0.9231754019856453,9.484789069741964,192
bac99fc2-2e14-461b-a7c1-3d15a00e1b0f,1cf5c436-bb75-402c-9dfd-fae7395bc0a0,7944497.260432798,7944498.0993405795,7944508.734932414,1326,200,0.8389077810570598,10.635591834783554,160
6ef66633-2381-4092-846e-ec23e5a4de15,ae04581e-61a3-4e13-a5d3-988c330d8c3d,7944499.260589499,7944499.480691367,7944508.814448535,2001,200,0.22010186780244112,9.333757168613374,224
aa3434d4-9af0-4511-bd49-5369fb2bb60b,948c8bc2-de8c-4e1a-8977-9533047131e5,7944498.260365533,7944499.068343365,7944508.986684384,1951,200,0.8079778319224715,9.918341019190848,160
1b325943-2c47-4bf2-9b8d-a2c72090b0da,715e64e0-0181-41a0-b6a9-c164d566d676,7944498.260358811,7944498.930817034,7944509.055606467,5931,200,0.6704582227393985,10.124789432622492,176
08c9d2d0-7924-44b6-8bf5-b8d8abb2326d,c224457b-5ee5-41ff-ab1d-fe153a463ef1,7944499.260592057,7944500.051296159,7944509.314316921,3900,200,0.7907041013240814,9.263020762242377,160
79446a92-ef48-4fb4-9d48-bd55c1e68bb7,51d7aec4-2dba-42c1-8f75-3193d8c9b3b1,7944503.260527189,7944503.330578435,7944509.739175105,389,200,0.07005124632269144,6.408596669323742,176
91e393d6-e659-4e4d-bf9d-6a1a6b326448,b914fbd6-a087-4d90-a0ed-605abdc8a06a,7944501.260782328,7944501.947590433,7944509.980707828,5823,200,0.6868081046268344,8.033117394894361,176
7e58b359-c5d9-4651-a29b-17429b5ef43c,eecbcd88-7743-4e34-95b6-1c67dec9ac89,7944497.260425636,7944498.417217902,7944510.204053855,5377,200,1.1567922662943602,11.786835952661932,224
7a6281d8-42f4-4e80-b5cb-8b4cfe4528d5,a3c929d0-baa7-4945-b63f-33a6fc39fd65,7944498.26034337,7944499.257068345,7944510.257887388,4044,200,0.9967249752953649,11.00081904232502,192
9bc52e44-0207-44b2-b55d-c8d6bce32ee4,0a8f817b-a718-410e-a942-023e11cee743,7944498.260370968,7944499.820990014,7944510.303626304,5758,200,1.5606190459802747,10.482636289671063,192
3fa46655-4bba-46ab-9869-e10672fdf7ed,a74d52a0-b723-423c-8ddc-8a8becc87965,7944499.260585837,7944500.274375999,7944510.32114385,5809,200,1.013790162280202,10.046767850406468,176
5a1f9263-8a7f-4d51-aa02-6fdcd03b2590,47b3760c-0084-40cf-8343-7f22faad50d5,7944497.260404371,7944497.4339938685,7944510.342836449,753,200,0.17358949780464172,12.908842580392957,192
ae391e37-58f8-4c30-9f87-2027827463a1,cc1399df-ddbd-4863-9dc3-cad34947be2c,7944501.260792641,7944502.192471795,7944510.359511042,5845,200,0.9316791538149118,8.167039247229695,176
e556f7c1-2966-41d8-be49-a1df911c856f,1cc89369-2782-418c-93f1-6fd3c276dc1b,7944500.260792111,7944500.867388271,7944510.554174467,6663,200,0.606596159748733,9.68678619619459,160
49913950-9c22-4dab-8327-2b0b039639b4,899c2615-9ae4-4ce5-91c4-b802b05ed50e,7944501.260789549,7944501.830754474,7944510.891049421,2292,200,0.5699649248272181,9.060294947586954,16
e7c6b0bf-8f83-4f5f-96db-d7a1242daa47,6f4051d6-8003-4af8-be6a-137219b04ba5,7944497.260428991,7944498.411414263,7944511.251487749,6443,200,1.1509852716699243,12.840073485858738,192
a02ec846-b213-4fc2-82b8-e9460c232d2a,de97fead-7ef2-4b4d-af77-6f2fa230612d,7944502.260680763,7944502.80505462,7944511.314178363,5839,200,0.544373856857419,8.509123743511736,176
594cddca-da3d-4c3a-92ce-ace7599b7ba9,27d34d22-9260-40a3-99e2-e20e86c4cfe7,7944498.260378623,7944499.8588565765,7944511.3387370175,3521,200,1.5984779531136155,11.479880440980196,160
37789855-b124-4645-a2ba-27e521b735ae,dd4ea50a-bbcb-4a3f-a62c-27fbf36607ed,7944499.26057693,7944500.1067048395,7944511.378404757,3107,200,0.8461279096081853,11.271699917502701,176
6240d15d-cf6e-49a9-92e5-4fd3042ac617,5f03cc52-082c-4278-836e-b69155dec9ba,7944498.260362773,7944500.008933685,7944511.482663971,6316,200,1.7485709115862846,11.473730286583304,176
608f598b-9611-4a70-8fbb-1013a5c44cd4,ba04113c-f39c-42e2-9942-9e943a5f3a91,7944500.260802184,7944501.145298998,7944511.537674689,1504,200,0.8844968136399984,10.392375690862536,192
0e81b769-19ea-4d8b-81e7-ef7aecb8c476,584dad95-d36b-497a-92bb-3cefd7fd8072,7944502.260687097,7944503.060615555,7944511.641636,5877,200,0.7999284584075212,8.581020444631577,192
db8396f7-61ee-49ea-85ba-a69808e0e52d,3c65feda-6cb4-427f-8794-100421de1d7c,7944502.260671604,7944502.771185568,7944511.722406137,5849,200,0.5105139631778002,8.951220569200814,176
fc4f27a3-c8ef-4989-bd70-42316524cdcd,2e76d9eb-980a-47df-9ceb-2b36e3fdbeb7,7944502.260684238,7944502.988477875,7944512.209663659,5917,200,0.7277936367318034,9.22118578478694,176
4436f54f-1b2c-4cb8-93d9-8cd61d78933f,b9059ca1-41f6-4bb2-a78c-89f60ec16a23,7944504.260466285,7944504.5672148615,7944512.390715857,2726,200,0.30674857646226883,7.823500995524228,160
d847084d-3059-48a6-b40c-7990dcc4b528,749cff23-59a3-425b-bc36-69a36ebb5518,7944503.260512414,7944503.573767229,7944512.864387834,3328,200,0.31325481459498405,9.2906206054613,160
fe2bfb6b-baf1-47b6-bcc9-f847bb640884,de528792-7b2e-4008-9f06-3c9229e60e2f,7944504.260473005,7944504.658264509,7944513.184018476,2116,200,0.3977915048599243,8.525753966532648,224
79845792-bfc4-4617-9931-130907c5e054,173d8474-31a7-49c9-a766-796c9ce56475,7944505.26024742,7944505.712685289,7944513.331980307,1636,200,0.4524378692731261,7.619295017793775,256
f39b85e8-8be5-4d40-bffe-c599aa2c9b45,6d14bf3f-56d2-4882-8aba-c916497faa7a,7944501.260786204,7944501.945798012,7944513.366603422,4475,200,0.6850118087604642,11.420805409550667,160
6d950e7a-a12e-44ba-8725-e6fd5fb79eaf,c1aa437d-4a45-48f5-a4ba-fefa5588951c,7944504.260447648,7944504.742713364,7944513.568294204,5128,200,0.48226571548730135,8.82558083999902,176
eff72de4-2665-4a64-a470-6cf3ff8078b0,08b23a33-09ef-477b-94c0-369965ae5cb3,7944503.2605238,7944503.695383852,7944513.882048624,5245,200,0.4348600525408983,10.186664771288633,176
fbebb864-a015-41cb-9b85-dff76b7670cd,d769c8e7-545f-4504-930e-6fb89f07eeaa,7944504.260469737,7944505.044713792,7944514.16936997,2983,200,0.784244054928422,9.124656178057194,288
a8a6ec87-fafa-4ccf-8fde-2bd7fa3a3e0f,6cbbb375-c940-47eb-bdbe-1c9292cd44d7,7944505.260275335,7944505.650533245,7944514.176212453,3431,200,0.39025790989398956,8.52567920833826,16
3e650dc0-5222-4f1b-a8e6-60f55b0c12f3,5081ad02-1e94-429c-b756-848bd4f73416,7944506.260282628,7944506.865370674,7944514.458741175,1546,200,0.6050880458205938,7.593370500952005,224
79bf4762-f4b3-4f2f-a2d5-97f43de706ae,8e505307-8830-46b2-ac68-84a7d5dbd9a0,7944506.260274935,7944506.556269584,7944514.506116813,2900,200,0.2959946496412158,7.949847228825092,160
f0a0af42-0647-4829-95aa-58a3b6666fc0,4dc898de-9d0d-4eef-9608-2e7f5c017b44,7944506.260289284,7944506.885567794,7944514.526689607,4469,200,0.625278509221971,7.641121813096106,192
38f2fa82-2bb8-418e-8e2e-a35f20dc3c6d,3d9f64af-c9b9-49e3-aada-0810637fc61a,7944506.2602861,7944506.846293233,7944514.545917539,4562,200,0.5860071331262589,7.699624305590987,160
a23fdac9-c87e-41a9-b25d-5b4d2da97837,1f10b2d7-9302-4f7e-adfd-f3c4f7c6944c,7944504.260475529,7944505.047139463,7944514.792765994,3505,200,0.7866639336571097,9.745626530610025,192
8b463d2a-62e3-4119-afe2-b9ee3fbfd157,db1fb291-ef7d-478a-9b73-48146f6a8cd5,7944505.260261206,7944505.795295928,7944514.883286876,5750,200,0.5350347217172384,9.08799094799906,176
6c5fb4e9-6b31-4f9c-9b61-11518a6a9d43,87bc14e3-59a4-4128-82c3-fc9b5691ebd4,7944507.260338129,7944507.797021403,7944514.974445978,5851,200,0.5366832744330168,7.177424575202167,160
46b4cd6a-541e-4e26-b89a-0f8b70fd7b1b,ff27b323-224b-4236-b530-8b34fcfc9531,7944507.260324045,7944507.3716714475,7944514.980888431,420,200,0.11134740244597197,7.609216983430088,176
3a933058-2080-4bad-a2cb-911492aa3a0e,d361340e-7ada-4795-9f86-b45068834ca9,7944504.260462451,7944504.740149766,7944515.0187486,4860,200,0.4796873154118657,10.278598833829165,192
945aef07-08fc-4ea4-b7cc-c069f5ee23fd,0f461546-1087-4ea8-86ba-ebc6af9b16f9,7944505.260271035,7944505.875812407,7944515.094133973,5779,200,0.6155413715168834,9.218321566469967,176
2bf560e9-7512-4251-927e-1b60d54a3a39,81f9eb5c-a80a-4900-a905-f6adea401077,7944508.260477809,7944508.418592337,7944515.247060209,1366,200,0.15811452735215425,6.82846787199378,224
f3118eb9-a3e6-44bf-a675-294419a24497,e6330420-13fa-40f0-aaaa-ee9b7b873195,7944505.260279463,7944506.185765358,7944515.305207325,5768,200,0.9254858950152993,9.119441967457533,208
d58938cb-4e1c-49b4-9046-10580dcc9454,a30e4ed2-239e-4a1d-86d1-60a097e7cf74,7944505.260266415,7944505.813917954,7944515.760325039,5830,200,0.5536515396088362,9.946407084353268,160
714216ed-649a-48cb-85ec-49f806bb2570,22d7558f-2436-464f-b111-4724e2f322d1,7944508.260455281,7944508.463157944,7944516.044544283,2109,200,0.20270266383886337,7.581386338919401,224
e281c6dd-d2ce-4fe4-91b5-55ba7cffbbd1,b291c0ac-e9de-4ead-baf2-abc51810229c,7944506.260278713,7944506.4084748775,7944516.098540788,916,200,0.14819616451859474,9.690065910108387,192
c9ba1ee6-9d30-4f3d-9ee6-412539c8d1de,20dfea16-8046-4ede-8ea9-42a56d65cfbd,7944506.260260422,7944506.525856288,7944516.1085777655,2247,200,0.2655958663672209,9.582721477374434,176
ac07bd16-458d-4e00-9004-aec033748641,bc5c74d8-eb34-4a1c-8ed5-ee4fc1418410,7944507.260329114,7944507.768215989,7944516.235756495,6051,200,0.5078868744894862,8.467540506273508,224
0ceec39f-0613-4c5a-8eb6-9fcb8a3ed90e,fb070aed-59ed-4076-890d-d41bb370b24e,7944507.260333533,7944507.616693629,7944516.243792397,3575,200,0.3563600955531001,8.627098768018186,160
eeff9e96-9287-4d4e-8402-a5a3a28a29f7,e793cd05-3809-4e36-8e78-d44bc000c93e,7944507.260342209,7944508.210072954,7944516.267877236,5855,200,0.9497307455167174,8.057804281823337,160
079e08ac-ba67-42e0-a454-9d7dfa3d42d2,bfc78a92-84e5-4fdf-8b1d-913c94a11821,7944509.260629814,7944509.696777204,7944516.855340543,4223,168,0.4361473899334669,7.158563339151442,192
def8695d-4789-4219-b442-8d466f930b0f,b3b1f241-4f97-466c-b9af-0701c1476d26,7944509.260640889,7944509.804753878,7944517.021579761,5852,200,0.5441129887476563,7.2168258829042315,224
85632768-39fb-4c5f-b5cd-fab2bdb055f1,0883483d-ba52-4103-b119-afeaa09302ef,7944508.260473678,7944508.759939606,7944517.077288452,5877,200,0.4994659284129739,8.317348845303059,192
9248cfe7-5077-4236-87ef-0e3e46906072,5f9e6284-915c-40e2-8a2a-bcc88656c017,7944509.260651222,7944509.837322894,7944517.509807341,431,200,0.5766716711223125,7.67248444724828,176
a782ac54-d53a-43b4-bd4b-709c8a6c171f,601ebb0f-02ad-42e7-a626-7ebef638a847,7944507.260308857,7944507.799908904,7944517.828158098,5942,200,0.5396000472828746,10.028249193914235,192
9183d92e-0e0b-402e-a75f-470c52f38e6e,5cfe068c-bdac-4693-905b-190923e1087c,7944509.260645174,7944510.132493681,7944517.844732714,5857,200,0.8718485068529844,7.712239032611251,224
c027c014-2e89-4d04-b17c-b1ab97a1caca,739e8356-c265-49a3-95cc-6cf7925072f8,7944510.260838367,7944510.719667392,7944518.04066683,4643,200,0.4588290248066187,7.320999437943101,176
90c52341-7608-465c-9e77-2c160be08c85,f0cbebc5-adb6-461b-9b21-22667b2f1d8c,7944511.260313263,7944511.777627091,7944518.761013997,3268,200,0.5173138277605176,6.983386905863881,224
d53894c4-ed73-4713-bea3-0e1c14f2d7be,977544a9-56cc-4224-963e-af3a1e5f58c6,7944510.260844833,7944510.8810493015,7944518.929724936,6357,200,0.6202044682577252,8.048675634898245,192
0763526e-fe83-44bb-9e4c-663adda4ea09,f48f3c83-7b8a-45e5-a0fa-74a6e92599d8,7944509.26064822,7944510.218006402,7944518.935706822,5874,200,0.9573581824079156,8.717700419947505,160
57c3f8ca-90a7-4ec8-af06-7059fdf7a860,773fcc75-711c-4081-bfea-8e9f5d5f8c42,7944510.260847849,7944510.921083686,7944518.997026136,1958,200,0.6602358371019363,8.075942450203001,160
f204dc25-862f-4b0c-ada5-e94b6f03d88c,ca073e97-bf55-4d62-953d-49667f7c8738,7944510.260850681,7944511.307912437,7944519.257659232,6423,200,1.0470617562532425,7.949746794998646,192
6e85f32e-1f17-46c3-bd0f-2c318497391f,9795a11d-feda-455e-aaec-ca2ce9457f8e,7944512.260833259,7944513.025361568,7944519.313476742,2824,200,0.7645283089950681,6.288115174509585,176
90828a68-9150-48e7-886e-66f20960be2a,5f1dfde8-0414-448f-b867-af9a8603ce0b,7944511.260333742,7944511.7418766655,7944520.0512606865,4782,200,0.4815429234877229,8.309384020976722,176
a236dc66-b6f0-4197-afed-9f6d5839c870,5528d602-0065-4aee-a2d6-8421c7efbbb5,7944511.260326446,7944511.482705718,7944520.064372445,788,200,0.22237927187234163,8.581666727550328,224
df1817dc-c173-4367-bfd2-e6099f76aaba,1aa89dd6-153f-4dc5-a37b-4ca81a0fe12a,7944512.260839357,7944513.250970096,7944520.224714755,6056,200,0.9901307392865419,6.973744658753276,176
7c1bf1e2-f3b7-4901-80e8-82db16d3a220,b2da5930-e925-4f11-acd5-b71f0c28de6b,7944512.260829217,7944512.940140912,7944520.323240356,5669,200,0.6793116955086589,7.383099443279207,192
a5be9163-30f1-470d-a385-f10e1f315ce4,5a4d2d04-e0f6-46b3-804d-1276b63ea647,7944512.260850037,7944512.6675833585,7944520.597099784,1581,200,0.4067333210259676,7.929516425356269,192
7b5ddd9f-9a4a-4726-8214-3337e3ae7774,48f00f11-d6a7-4d60-b710-9751910c2b29,7944510.260853549,7944511.183577259,7944520.694353847,5614,200,0.9227237096056342,9.510776587761939,176
ed156884-f443-459e-9557-af4cb8197351,51d7aec4-2dba-42c1-8f75-3193d8c9b3b1,7944512.26081769,7944513.192231795,7944520.904911643,389,200,0.9314141049981117,7.712679848074913,176
95280435-1947-4485-82f8-2b3f2cc246f7,b2adb0c3-8839-4059-becb-292eecf840fb,7944512.260853371,7944513.183764752,7944520.899836462,6051,200,0.9229113813489676,7.716071709990501,176
38af3070-2943-4cf3-b8eb-8700479b73f5,0c737e2d-f398-481a-b5d7-001a67e75a1c,7944511.26033031,7944511.946517428,7944520.923232619,2924,200,0.6861871182918549,8.976715190336108,176
812bade9-05dd-482b-b492-6173c4362fa0,b4ccd658-c53e-48f2-80b3-bdc3daefd3b0,7944512.260836428,7944512.9856708795,7944521.009907662,4343,200,0.7248344514518976,8.024236782453954,224
c7434db0-8e7d-4c11-8574-dffcc2fb9527,b325fd77-fdfe-41e9-a0ff-794363903698,7944514.26073184,7944514.450707706,7944521.1760889515,1830,200,0.18997586611658335,6.725381245836616,160
e875393b-be2a-41a2-ae00-bb4f6d3ef3fb,2d56a9c3-5f90-4bf8-8d15-611eb4ee9fbf,7944513.260702316,7944513.848614477,7944521.321441958,6711,200,0.5879121609032154,7.472827481105924,160
16cb1a49-6c37-4427-9e39-5f94ad869517,0fd4279a-26c5-4067-ab88-75febf63597d,7944513.260688831,7944513.789308827,7944521.326306664,5782,200,0.5286199962720275,7.536997837014496,176
900835a3-3c84-46a2-b3ff-b1ba6c52f8da,1326464b-c372-47f9-8850-927fd5f180aa,7944512.26084628,7944513.197212712,7944521.483436174,5164,200,0.9363664323464036,8.286223461851478,224
411cfd1e-a6d8-473f-bd57-0fb7181eea2a,50a0f783-38f6-47fa-851b-c29341137a2e,7944513.260705876,7944513.473356654,7944521.640004256,1917,200,0.21265077777206898,8.166647601872683,224
4e389aa6-78bf-4b38-bfff-47fa0a3ad451,61eb241e-000b-450e-bed6-796e03a53e92,7944515.260651902,7944515.6107635135,7944522.238121261,881,200,0.35011161118745804,6.627357747405767,176
efdaa96b-ce51-406e-b0d8-d9c3420e40b2,a985a02b-05ef-4ef4-872e-e27efa1ad38a,7944512.260842741,7944512.693799968,7944522.808305178,2504,200,0.43295722734183073,10.114505209960043,192
3f14d305-d8d2-4981-ac4b-dbe549f929f1,502899ee-4518-4d94-a120-80fc9b07318d,7944514.2607385,7944515.1049465425,7944522.975765498,4900,200,0.8442080421373248,7.870818955823779,192
daf59b3d-2e47-4193-ada8-a576ebf99e2b,808d4138-729b-4276-b0a1-bb598e185260,7944514.260735454,7944514.390751844,7944523.0000929665,888,200,0.13001639023423195,8.609341122210026,192
6fa72bbd-4d69-4e9e-80fa-3d600a14494c,7e0dc3cf-f526-472a-bc5c-d24141fee908,7944515.260636063,7944516.020963167,7944523.295299937,4210,200,0.7603271035477519,7.2743367701768875,224
637a622c-6464-4fa7-b5dc-c1b8d7664076,008dd8be-2869-4ff2-8840-18c17714b28a,7944515.260645921,7944515.540088883,7944523.5886167,682,200,0.2794429613277316,8.048527817241848,224
88afadba-2efe-4444-9464-14fa07ac0b90,e1a9d263-ac30-4000-851a-1dbe52fb62c1,7944516.260986913,7944516.838349696,7944523.979541078,5882,200,0.5773627832531929,7.141191381961107,176
06b1e2ca-dff1-480b-9a6a-67c8daba1f84,6765a657-895e-4f86-948f-60d5c92ec33b,7944516.260973244,7944516.966459899,7944524.086327779,6001,200,0.7054866552352905,7.119867879897356,176
4eff4838-04c4-40e9-a0dd-02ec370f0009,6b847b13-93a7-47a1-a5fa-4305b17cecb8,7944517.261181727,7944517.456750307,7944524.168970212,1434,200,0.19556858018040657,6.712219905108213,160
9e6e4866-2d97-48d7-951f-9328de54ff53,31d93950-a967-42cb-aec0-6513d12008a1,7944515.260649418,7944515.996959526,7944524.25160925,3908,200,0.7363101076334715,8.254649723879993,224
c6388d58-a765-4c63-95d9-69371e0f3ae9,af45b936-e0fc-4b4b-a8e6-2c2ce81710a0,7944516.260993141,7944516.496106475,7944524.392583692,2425,200,0.23511333391070366,7.896477217786014,176
e9efc8b7-1cb1-4d23-b2f9-1bd00daa000f,855dd6b3-1f0e-4fa3-a820-cbf26b5c076f,7944516.260996871,7944516.82296064,7944524.885643456,5880,200,0.5619637696072459,8.06268281582743,192
a32bcd01-7421-4ac7-bcf5-79c67e13bd18,232da153-6f07-41c5-b184-6a34c8861a3c,7944514.260721013,7944514.771792276,7944525.6230427185,5729,200,0.5110712628811598,10.851250442676246,224
ec79377a-022f-4bb2-80a7-2f2f75ec1466,efedac55-57dd-4acf-9f7e-f6bbd7243fbe,7944518.261166255,7944518.546119291,7944525.722262447,2177,200,0.2849530363455415,7.1761431554332376,224
750a288e-ee62-4327-b032-0bffc0b98169,a4f0c701-3c40-428e-a46d-38a2479e43d2,7944517.261193791,7944517.76473508,7944525.801639077,5903,200,0.5035412888973951,8.036903996951878,176
7ed63a28-708f-487a-9bb7-011938b38153,21f467fb-de7c-4e1b-9293-058f066ebf57,7944518.261169955,7944518.962591629,7944526.098326467,5860,200,0.7014216734096408,7.135734838433564,176
42d95264-84e7-44d1-a483-72d608ec1665,715e64e0-0181-41a0-b6a9-c164d566d676,7944517.261197674,7944517.766126633,7944526.12962551,5919,200,0.5049289586022496,8.363498877733946,176
4f7c3d11-1f71-4f72-b926-41983f61d909,307fce6d-c2b2-4dae-aea7-ddfb228a713a,7944515.26065453,7944515.979686057,7944526.353522923,5791,200,0.7190315276384354,10.373836865648627,176
4abac3d2-613d-4932-a63b-f3f1ff22010b,dee31f57-0db9-4efb-ad6f-509637e9dad7,7944518.261175337,7944519.111245043,7944526.546588376,1770,200,0.8500697053968906,7.435343333519995,176
82f7a2d9-abaf-4df4-b4f9-73e252b35cd7,103c615f-5360-4f83-9b59-d23a7129b44f,7944519.260701474,7944519.624741912,7944526.786690247,3684,200,0.36404043808579445,7.16194833535701,320
2632bfc2-9a10-4ebe-96c8-76ac9b125138,4da8fb42-3983-40f2-bef1-a8d32802c74f,7944519.26069375,7944519.519464802,7944527.196140771,2319,200,0.2587710516527295,7.676675968803465,176
db5651e2-54bb-4303-830a-65ae6d8ddca7,67175028-e3cc-49e9-98a5-1253f05846f8,7944520.261216699,7944520.529356033,7944527.351980913,863,200,0.26813933346420527,6.822624880820513,224
9d261d8e-07ed-4b78-9d1b-b6ec6db7a811,3d244e10-3c51-4e44-bce4-3022987dcfec,7944520.261207701,7944521.152178895,7944527.91092236,5992,200,0.8909711940214038,6.758743464946747,192
c15e912d-bf44-4d4f-815f-db0c849dc3a5,68a72b40-75f5-45c2-ab5b-a60e1e1882e3,7944520.261213707,7944520.694896946,7944528.042047553,2404,200,0.43368323892354965,7.347150607034564,192
68448a6b-8325-4dd2-850c-5c361f72744f,d98c265f-698d-4cb1-87ed-52317461cdc6,7944521.261293472,7944521.876437848,7944528.092736338,4463,200,0.615144376643002,6.216298489831388,288
6cc48fa6-5215-41bd-aaad-1f3c5d1ffcde,509e694a-3fe7-4d92-89a0-f7d32c4d3964,7944519.26070457,7944520.3044065805,7944528.126639139,5323,200,1.0437020100653172,7.822232558391988,176
49de40d6-22d7-40c9-91fb-56bc904324d2,3327e22a-e47a-4e28-ab49-61feb0f8ccd2,7944519.260713271,7944520.176725104,7944528.3239785,4075,200,0.9160118335857987,8.147253395989537,176
e7baf47f-4e86-40e4-88b2-f88d3bd33bd7,ae04581e-61a3-4e13-a5d3-988c330d8c3d,7944518.261172697,7944518.465045302,7944528.326512829,2001,200,0.20387260522693396,9.861467527225614,224
263e7eb7-88c3-47f3-87f2-8519e3811b20,773fcc75-711c-4081-bfea-8e9f5d5f8c42,7944521.261305123,7944521.567767738,7944528.791224847,1958,200,0.3064626157283783,7.2234571082517505,160
04ad917f-836e-4686-9051-fb5560f06a28,24366d4f-7bcb-4d89-a25c-c95b1df94dec,7944521.261297437,7944521.436872168,7944529.069152003,768,200,0.17557473108172417,7.6322798347100616,160
45460f6a-5fe6-43dd-9cf4-650ba47613ac,991fa4e9-1892-43fb-931e-c1ec446cf34b,7944523.260632994,7944523.893170835,7944529.73269971,5844,200,0.632537841796875,5.839528874494135,192
c04e7f06-b703-4978-8fa7-441da1b24a6d,2da8a11d-c0b7-45f6-8460-7c2c60c322d0,7944519.260706991,7944520.092149333,7944529.9330132,361,200,0.8314423421397805,9.840863866731524,176
cd6763ca-3890-4cff-978f-f5d42b25dfdd,968a1f33-46fd-4a53-ac57-a44567e4fc97,7944521.261302042,7944522.50954852,7944529.964217827,5726,200,1.2482464779168367,7.454669306986034,224
4377128d-d510-417e-9cee-1ad9c654a62a,be7c7963-f013-4d24-b0a7-6748d0b4636c,7944522.260389759,7944522.562720579,7944529.985837598,573,200,0.30233081988990307,7.423117019236088,224
7c35288f-a80c-4199-b689-efe11bf9e255,7ed7ebb9-c4ac-496b-a503-cbbd0dad0d9e,7944520.261204177,7944520.89161566,7944530.151161991,2159,200,0.6304114833474159,9.259546331129968,160
a3273914-63a1-454f-9914-76fb0c3d8252,00d31eb0-b908-4fd8-b7c3-40330a3b5089,7944522.260381688,7944522.770986872,7944530.187941533,5868,200,0.510605183430016,7.416954660788178,224
4f8669dc-0359-4281-9f8a-a8bb539f6bb3,a9ee696e-7782-458b-b0e3-a5f993f4a8eb,7944520.2611948,7944520.7762558665,7944530.236117914,5878,200,0.5150610664859414,9.459862047806382,176
dc8445a8-baa4-48bf-b7d4-b234a9a8e68d,5fdc8d1b-9130-4255-8d8f-69525a57c9d9,7944518.261156166,7944518.7687487155,7944530.23977458,3272,200,0.5075925495475531,11.471025864593685,176
2fe5e09c-28e2-4a3f-b7bb-d82f5c89578b,2375aed9-bf2b-4d31-b02f-4651375f6697,7944524.260796577,7944524.75497516,7944530.263144224,1550,200,0.4941785829141736,5.508169064298272,176
742f68b1-84bb-4ed8-94e5-bb39fc750c83,6cbbb375-c940-47eb-bdbe-1c9292cd44d7,7944521.261290286,7944522.003832099,7944530.858829769,3504,200,0.7425418132916093,8.854997670277953,16
a933bcd2-af6b-4acd-a073-cc41787145ee,dc6a24a9-28a9-4c0c-84ed-02457cc09129,7944521.261308614,7944521.772244922,7944530.954012623,635,200,0.51093630772084,9.181767701171339,288
31da9462-97f7-4fb9-a57b-44c717437f9e,87ff4f06-6b13-499d-bcc9-1557df9503ed,7944519.260709784,7944519.8316423595,7944530.979451723,786,200,0.5709325755015016,11.147809363901615,176
9a046608-4536-46c1-b4d5-72414f8374a8,983c6b10-a629-42aa-9aba-1fecdf2e8c5b,7944525.26104034,7944525.546737708,7944530.992795649,632,200,0.28569736797362566,5.4460579408332705,192
4d6bd94b-f643-4a64-8267-b41d8a8c8c8a,f17a4867-8187-4bc8-b761-c5e2f43461f5,7944522.260370576,7944522.734846532,7944530.996148507,5767,200,0.4744759565219283,8.261301974765956,160
7101db02-111f-4ee5-9894-2f179dad7cc6,c36617c0-5ee9-428f-8eb3-fabed3fcffc7,7944521.261276027,7944521.60324207,7944531.31433467,2653,200,0.3419660432264209,9.711092599667609,160
05208fa6-740b-46d5-ab5b-31a1461c98b2,d051c958-8834-4bbd-81fd-9bd715084c55,7944523.26062712,7944523.494875474,7944532.00697315,579,200,0.23424835409969091,8.512097676284611,176
93b6b0c5-2811-4505-8541-8d9090490926,16c13356-28d3-47de-b107-a5a7029a64ab,7944520.261210797,7944521.188320699,7944532.064425059,5946,200,0.9271099017933011,10.876104359515011,160
c1c9a9bc-7be8-45ab-bb46-9aae5ab61687,9f8fc93a-62fd-4685-beff-f86268053404,7944521.261286407,7944522.241427291,7944532.245173656,5718,200,0.9801408844068646,10.003746365197003,160
067f77bc-7fd1-464a-aac5-e2744bbff852,bcb9a03c-7a7d-4221-8d1f-5f52836f8b7c,7944523.260614136,7944523.69478441,7944532.722211305,3160,200,0.4341702740639448,9.027426894754171,224
78fd59cc-a8c9-4139-8a8f-ccdd9e5964f3,51d7aec4-2dba-42c1-8f75-3193d8c9b3b1,7944523.260623677,7944523.7723683715,7944532.926443516,389,200,0.5117446947842836,9.154075144790113,176
ead8e497-068c-4a94-a873-3633a9202406,f08a5a98-ba52-4eb6-9dfc-c3e02b3c3c96,7944522.260385713,7944522.927208454,7944533.002158253,5965,200,0.6668227417394519,10.074949799105525,176
3183f8df-90e2-4e29-841e-e8a008e7ad05,3bbe7a32-b751-4c03-9865-9f62ef479d14,7944523.260629723,7944523.873473037,7944533.830922725,1623,200,0.6128433141857386,9.95744968764484,176
c4ff9290-5861-4ccb-a45f-e73d8f649334,b77d50a0-f922-437c-a00d-6b3572ecfa03,7944524.260785203,7944525.11095386,7944534.004118359,5905,200,0.8501686565577984,8.893164498731494,160
35fa744a-8f9d-4990-97a8-63b551d9c141,6963d70e-8a78-474a-aecb-3a11623672b1,7944524.260788388,7944524.67191475,7944534.006030429,1382,200,0.4111263621598482,9.334115679375827,176
2bce2cce-1091-454f-90f3-8b7b6ca82051,386b7318-3947-4df1-8dd5-2e93abdf10c2,7944523.260635738,7944524.241878323,7944534.129911248,5971,200,0.9812425849959254,9.888032924383879,160
b339b391-7c05-4e2f-a305-a71d42a935b3,eecbcd88-7743-4e34-95b6-1c67dec9ac89,7944524.260777328,7944525.366182877,7944534.177111815,5578,200,1.1054055485874414,8.810928937979043,224
adc0edda-f77c-4d6e-b57d-6132b1bd75ef,9bc4feee-617f-4059-8c66-f3a6b1d07f17,7944524.260799741,7944525.3622071175,7944534.173358504,1938,200,1.1014073761180043,8.811151386238635,176
13cf6919-cc4f-40f1-bf11-9b289bc36d46,1e9d7c97-8003-4914-919a-c70046db848d,7944524.260803,7944525.311009687,7944534.190381891,3668,200,1.0502066873013973,8.879372203722596,192
0a97aee9-9477-45d6-9831-f2e2bfde523e,5974b26c-9c91-4e54-8f64-6f0a30771880,7944524.260793719,7944525.334442762,7944534.970486746,5851,200,1.0736490422859788,9.63604398444295,192
636f5c8c-dc58-4804-a039-6d1f55eee885,52901222-0bb4-47e4-8bba-8825319cf100,7944524.260791303,7944525.197225801,7944534.9813667275,4650,200,0.9364344980567694,9.784140926785767,192
490e3996-1d66-42e6-936d-a16220408a98,773031a0-4df5-41b1-9031-e9c5d037efa1,7944525.261044536,7944525.565184006,7944534.991764618,1841,200,0.30413946975022554,9.426580612547696,192
f4032f96-e625-4325-bac5-fe0f30234765,072cf49e-ac0d-4d29-b3db-cf9253ebe3e7,7944527.260488062,7944527.775903495,7944534.994969402,4911,200,0.5154154328629375,7.219065907411277,176
9bf247ce-ae54-4489-84d8-e02745a9d208,b3efda6a-d076-45f0-9d86-ab69b8c656b1,7944526.260433549,7944526.52443651,7944535.088427362,371,200,0.2640029611065984,8.563990851864219,176
4ca3401f-e018-4672-8fcd-2eadc25fddd0,47b3760c-0084-40cf-8343-7f22faad50d5,7944526.260436566,7944526.772678958,7944535.093290647,753,200,0.5122423926368356,8.320611688308418,192
09de0c4b-d8e1-4b5a-8991-7e24d1e54c9c,558d1a32-11e7-4870-b268-20a3c0b14d67,7944525.261048164,7944526.215000254,7944535.171233589,5745,200,0.9539520898833871,8.956233334727585,160
85758576-21ef-4ff5-908c-0c6b1f49ffc6,2a455136-68a7-4f2e-ae04-e584f979ee34,7944524.260805946,7944525.328285248,7944535.239614489,4971,200,1.067479302175343,9.91132924053818,176
57fe49e3-aa3e-4b99-b0f5-591c9a7b852f,0f461546-1087-4ea8-86ba-ebc6af9b16f9,7944526.26041981,7944527.267555524,7944535.398180099,5878,200,1.0071357134729624,8.130624575540423,176
0090a88a-17fc-45dc-a539-01ee25be58ee,8ae210f3-b09b-4bc9-9dfb-bcc885974677,7944527.260470657,7944527.688433236,7944535.4626964405,4794,200,0.42796257976442575,7.774263204075396,224
0cef5447-9692-4648-8a4e-7ebdb278e660,4e2cc355-6767-4d58-af18-665591a2617c,7944525.261028853,7944525.974513239,7944535.592111818,3076,200,0.7134843859821558,9.617598578333855,192
ae8240b9-6d70-42e9-99f5-e348105f4fe8,32379e4f-c52b-4533-87e4-7ccbc01e4871,7944528.261187497,7944528.711459339,7944536.010180234,4139,200,0.4502718420699239,7.2987208953127265,176
0ee7c4cb-2694-403d-be80-17247cadf646,5c6dac57-aba8-4008-9b1b-2dc74818894a,7944526.260439656,7944527.124872517,7944536.01656357,5290,200,0.864432861097157,8.891691053286195,224
c4eb23e4-ecf6-4122-84f4-a604c839486e,17f52023-20f0-4ba4-8129-16c153a0bb0e,7944528.261191358,7944529.128892464,7944536.041381746,4369,200,0.8677011057734489,6.912489281967282,160
96845cec-9db7-49b8-ad0b-2893b71322b7,aa51b55b-bb87-48f0-8caf-7b55883df5b1,7944527.260485424,7944528.195369374,7944536.161151094,6035,200,0.934883950278163,7.965781720355153,176
5eef5fa6-1ef1-4f15-912a-dd29bae3e61c,ff27b323-224b-4236-b530-8b34fcfc9531,7944528.26118316,7944528.788473768,7944536.2016224135,419,200,0.5272906078025699,7.413148645311594,176
48187f37-a305-4b60-b606-522bf289e4f8,2da8a11d-c0b7-45f6-8460-7c2c60c322d0,7944529.260629114,7944529.365208451,7944536.221751492,361,200,0.10457933694124222,6.856543040834367,352
d03fef1e-9083-4dcc-8273-6bb5dfb08d35,e33a9d69-0943-4460-8168-0f009275bb34,7944528.261172219,7944528.572166451,7944536.801782354,1145,200,0.31099423207342625,8.229615902528167,176
c72ddde1-8a05-4278-8a0f-db22768f8751,169bfd1c-b54b-4a03-b40f-5a304abd2cb8,7944526.260429816,7944527.104241775,7944536.863624442,5020,200,0.843811959028244,9.759382667019963,224
2ff4e514-dba4-4812-83f8-d88a0b8963a4,c7cca2ad-dffe-41d6-b385-7183a58fe0c3,7944527.260482641,7944527.78549936,7944537.016722091,5896,200,0.5250167194753885,9.231222730129957,176
2e6e6da4-27cb-4002-be34-930283cf6857,899c2615-9ae4-4ce5-91c4-b802b05ed50e,7944527.260479544,7944527.710223454,7944537.131605704,2290,200,0.4497439097613096,9.421382250264287,16
1a621b03-028c-4706-9ca8-e3b654173e2b,27d34d22-9260-40a3-99e2-e20e86c4cfe7,7944530.260519918,7944530.739408231,7944537.2131317025,3509,200,0.47888831328600645,6.473723471164703,160
5ad95418-ab0c-4063-8f6b-398edc5c9411,c4a9bd9e-033a-4322-9b9d-58977f2fd183,7944528.26119471,7944528.880530956,7944537.60379756,4180,200,0.6193362465128303,8.723266603425145,192
3c0633bd-4d83-4c93-9963-74aee50bc547,83e780d2-3cdf-4e88-9a17-26905df5b928,7944529.260643703,7944529.785144294,7944538.081961429,5952,200,0.524500590749085,8.296817135065794,160
a2b745f8-b083-4bce-b311-658eb151789d,643c4d15-0574-4bb2-a238-eb5212ad6aff,7944531.261187606,7944531.855376102,7944538.091340803,6431,200,0.5941884964704514,6.235964700579643,160
05e3a3b9-3af4-4a67-8269-76af695bf204,41128b96-fd4a-4c4f-ab0e-4f0be9d70919,7944530.260516646,7944530.882081199,7944538.237589428,5800,200,0.6215645531192422,7.355508228763938,192
d5bc7386-e97a-4fad-8c2d-61bbd0511775,10d802c2-a294-4971-99fd-28d0464b03a3,7944532.260460924,7944532.37205491,7944538.310085259,884,200,0.11159398593008518,5.938030349090695,176
b46a0acf-a674-4edb-b862-e31099a1d8a7,518b2120-1899-4a0f-af6e-5a114887002b,7944528.261198228,7944528.878382849,7944538.324457414,1116,200,0.6171846203505993,9.44607456587255,176
d3746d51-faac-402d-81ad-2214c114f227,4131e3cc-5480-4d8c-9fef-c2f6acff68e7,7944532.260442562,7944532.721241142,7944538.671441029,5258,200,0.4607985792681575,5.9501998871564865,176
81d14d8d-736a-401b-a095-e4340d4e2616,91e2dcb0-9727-45f1-bd96-95ee2a9fe135,7944529.260640151,7944529.742461458,7944538.806253162,5527,200,0.48182130698114634,9.063791704364121,192
4bf57ef8-b7c5-4682-9ef8-87fc88a1177a,de97fead-7ef2-4b4d-af77-6f2fa230612d,7944530.260493919,7944530.961368404,7944539.141192631,5932,200,0.7008744850754738,8.179824226535857,176
5c1c6ebf-e4b0-4237-bf87-dab268f62d2e,cc3c0d60-a9d9-4fea-9ac0-d1f3f23f0acd,7944533.260281139,7944533.96921548,7944539.195955044,738,200,0.7089343406260014,5.2267395639792085,224
e6d7e508-cf5e-421b-a945-3ef13737f046,173d8474-31a7-49c9-a766-796c9ce56475,7944532.260476304,7944532.857467453,7944539.195099628,1624,200,0.5969911487773061,6.337632174603641,256
a5964683-d82e-4b56-a094-2ed60f378238,b59ce72b-bea5-439f-af40-3074ece4d7f6,7944534.260312787,7944534.655385971,7944539.662878378,2581,200,0.395073183812201,5.007492407225072,288
2ec3433e-915a-4dc8-b5e2-4735f9e15c56,cf53ec7b-8773-48c4-bfea-fbe3da37a269,7944532.260453182,7944532.760646089,7944539.858849713,5889,200,0.5001929067075253,7.098203623667359,160
f94d7323-48bf-4f86-81a5-802c7484236f,81cbfa98-5491-4e8d-8566-7ecb5f746ab3,7944531.261184316,7944531.805160058,7944539.8987688115,5642,200,0.5439757416024804,8.093608753755689,160
16d12802-c25d-45d7-a8a3-5c9bfdbd0e87,5f9e6284-915c-40e2-8a2a-bcc88656c017,7944531.261180778,7944531.372446853,7944540.105197894,431,200,0.11126607470214367,8.732751041650772,176
333c9591-4f75-440f-ae6c-42ceac43d3bb,40d78c7c-f309-472d-9723-03a3659022b7,7944532.260457177,7944532.3959334735,7944540.164537317,837,200,0.13547629676759243,7.768603843636811,192
706ae396-358f-4261-9e52-392efbe66be0,e6dca7b5-0f24-49b0-b2a3-fe8bda0289ff,7944535.260723339,7944535.515847719,7944540.185092343,3012,200,0.25512437988072634,4.669244623742998,224
4ab1429e-6aa2-4e3f-ab3b-195accb8a1c7,2b0b6d27-8a7f-458e-8a26-26ecad67cecb,7944533.260277739,7944533.947448258,7944540.595322004,2638,200,0.6871705194935203,6.647873745299876,288
97eddfe4-9eda-42f6-a011-cabc0b4b7fcb,57965c9f-d1a7-428f-b691-aa12d95ea40d,7944533.260274589,7944533.799721305,7944540.753610003,6010,200,0.539446716196835,6.953888697549701,192
a4a8fb3c-de8a-4870-b7f2-17a053e5213f,cfbe6bee-cd08-4654-810f-1a3b3025c764,7944531.261177342,7944531.869682208,7944540.953528143,6707,200,0.6085048653185368,9.083845935761929,160
f72fbbae-3a0f-4022-8b16-8eadf5beedb9,b1b62e80-fa7e-4971-91ba-8520394e2045,7944532.260464259,7944532.515892737,7944540.960014986,2633,200,0.25542847719043493,8.444122249260545,192
37b760a8-1845-406e-bef7-0b398add2fa8,8e505307-8830-46b2-ac68-84a7d5dbd9a0,7944534.260319073,7944534.61661404,7944540.961900556,2900,200,0.3562949672341347,6.345286516472697,160
9740cac8-20ca-4d56-b689-bd55522ea179,6f90c4ab-65aa-49a6-ba03-ccb6cd74af3e,7944532.260472235,7944532.92384861,7944541.017491921,5828,200,0.6633763751015067,8.09364331047982,176
88a3edc9-1ed0-4e60-96a6-8aec5d6419d9,31d285ac-fc75-4253-9dbd-ca2580bb03c1,7944534.260307569,7944534.954791688,7944541.072835275,4916,200,0.6944841193035245,6.118043586611748,224
26cc6af1-d34b-44aa-ba27-35be39502085,86299f69-c775-484b-b143-609a8de38115,7944536.260299551,7944536.369221589,7944541.802872108,529,200,0.10892203729599714,5.433650519698858,160
76b2cd44-44d6-4293-9559-ec582eba5f2c,3c65feda-6cb4-427f-8794-100421de1d7c,7944531.261167155,7944531.774922201,7944541.808427492,5748,200,0.513755046762526,10.033505290746689,160
795ef214-f3e7-4199-921f-d49ba0f44c5f,89189bcd-1513-4bf6-8b6b-dc60259a21f6,7944533.260261889,7944533.915280481,7944541.926139301,5968,200,0.6550185922533274,8.010858819819987,160
611a0f8f-232b-45da-95a2-3dad0f2900db,a88040f4-3d46-4ddd-9db3-d9cefb577c4d,7944532.260468301,7944533.165463277,7944542.188027064,5797,200,0.9049949757754803,9.022563787177205,192
061eb22c-c779-4e8e-a49b-f90fc1e7e4b0,bef48969-2881-4b72-aae0-5d83261314a3,7944533.260270843,7944533.98115612,7944542.819105502,5729,200,0.7208852767944336,8.837949382141232,192
8584a4b5-1192-4129-9de9-c95c9f95bab7,47b3760c-0084-40cf-8343-7f22faad50d5,7944534.260303456,7944534.7552389195,7944542.937565837,753,200,0.49493546318262815,8.182326917536557,192
fe52d646-0057-47ba-b742-f97f0bb3e19c,70040244-0ba8-4018-b9e4-d79962cfab6a,7944534.260315932,7944535.248536627,7944542.945092705,5851,200,0.9882206944748759,7.696556078270078,224
bc2e6d0f-256b-46b7-8439-acb2711a526e,0fc32f2f-3791-4f05-a896-da6268fe53f9,7944536.260286699,7944536.7190101,7944543.097060037,4974,200,0.4587234007194638,6.378049937076867,192
52d6874a-7144-45e7-9b5a-fed84c307365,32fb687a-464c-4e34-81ac-888a775f869d,7944534.260310214,7944534.940244247,7944543.152619611,2196,200,0.6799340331926942,8.212375363335013,192
2a3f9326-2429-4c03-83dd-8ae3e6333a7b,ae3515b7-b2c3-4055-9fee-cc35030fc4b2,7944534.260293988,7944534.9434742145,7944543.377734322,2517,200,0.683180226944387,8.434260107576847,176
717bca1a-9fa5-495c-8a60-9685af109c28,120c94cb-bfa6-4a5b-90d2-781529b863ae,7944535.260734663,7944535.607811871,7944543.681506662,3884,200,0.3470772076398134,8.073694790713489,160
e9fd5c53-3bd9-4507-8cae-42a4a7d825be,5a9ab48e-691b-47c5-8cd3-56c1907a079f,7944536.26030609,7944537.149809544,7944543.9208713,5826,200,0.8895034538581967,6.771061755716801,192
6798da70-28d6-4597-a713-7c754c014d99,a6faa808-0571-441b-a567-0baffa4b9e37,7944537.260455057,7944537.763918472,7944544.108058744,5903,200,0.5034634154289961,6.344140271656215,160
e1b8056a-f470-4c22-99f7-f8db96f09bf7,51d7aec4-2dba-42c1-8f75-3193d8c9b3b1,7944537.260465812,7944537.729879893,7944544.157414216,389,200,0.4694140814244747,6.42753432225436,176
2d2c1707-8fe3-4fa7-a7e8-e3f09aad2f6d,43547b38-0907-4fd9-ac93-a7380b13691c,7944537.260443332,7944537.40066805,7944544.167118651,1080,200,0.14022471848875284,6.76645060069859,192
14db1d88-af12-47b2-bbdc-19ed14620d5e,b8b3aa08-15cd-45c8-b069-5a34a697815c,7944536.260295965,7944536.782453687,7944544.363346887,5939,200,0.5221577221527696,7.580893199890852,192
e954b0bd-e8a6-4047-8200-b4090a9c122f,a11dd54d-1ecf-4edb-8876-8bcbbf55cb77,7944536.260302451,7944536.825236023,7944544.613825377,1286,200,0.5649335719645023,7.78858935367316,160
b111eb00-8d37-4585-8ae3-8da8bd37a339,4bf9a1b8-5289-460f-817e-659616fb5993,7944537.260462838,7944538.11511328,7944545.055569216,5969,200,0.854650441557169,6.940455935895443,192
1dc97049-c923-4248-b73f-3b22ce437445,44ca5816-8d16-4e6a-83e3-4700fae7ed03,7944538.260713472,7944538.88747546,7944545.078226503,5793,200,0.6267619878053665,6.190751043148339,160
5bec2f12-953d-4a37-ba33-13bd8ab23e12,899c2615-9ae4-4ce5-91c4-b802b05ed50e,7944537.260458765,7944537.455310253,7944545.099596099,2276,200,0.19485148880630732,7.644285845570266,288
7771e36d-0289-464d-b43c-44772bb53ef4,abcf79af-7bcb-4a44-bac7-cf7c8ee297aa,7944540.260530909,7944540.780790046,7944545.289791514,5856,133,0.5202591372653842,4.50900146830827,176
3df674a8-d89b-4aca-9e33-ea4c2b645f56,e3dd554f-367d-4384-ab25-a1c69ce5e46b,7944538.260700002,7944538.462128968,7944545.425464227,1675,200,0.20142896566540003,6.963335258886218,176
16811ffd-fc91-403d-a5c7-0a8495eebf0f,008dd8be-2869-4ff2-8840-18c17714b28a,7944539.260519808,7944539.36036303,7944545.636299089,682,200,0.09984322171658278,6.275936058722436,224
74c7c6d7-9ec6-49c2-a93d-ea3a6ec63ffc,d769c8e7-545f-4504-930e-6fb89f07eeaa,7944539.260504046,7944539.937020759,7944545.865827664,2971,200,0.6765167126432061,5.928806904703379,288
80bbaf8f-22f4-4296-af07-0f51e0763ae5,91817d88-3093-4655-a55c-1e6106fc4d42,7944540.260544925,7944540.766574187,7944546.170912805,5832,200,0.5060292622074485,5.404338617809117,176
cf96a54c-a2c3-4c0f-ba57-f87cda9e4b4f,5081ad02-1e94-429c-b756-848bd4f73416,7944538.260709773,7944538.608480839,7944546.183343172,1758,200,0.3477710662409663,7.574862333014607,224
575f3eb5-c132-4df0-8f16-005f66d87f83,339e6a45-2ac7-4236-ac28-4af01254bcc9,7944538.260716621,7944538.77717751,7944546.672625741,5777,200,0.5164608890190721,7.895448231138289,160
007d04db-7a2d-4fc9-a806-1ac314de7242,f76a8951-064e-4b9c-abe7-8c32bfa4dae8,7944539.260516588,7944539.740769672,7944546.831076186,5348,200,0.48025308456271887,7.090306513942778,176
6f1637f4-fe58-42d1-a5c5-94168bec154f,815feb3a-ad0f-4a1c-9270-1b7572814464,7944540.260553108,7944540.751825753,7944547.176530281,5938,200,0.4912726450711489,6.424704528413713,192
8ba404da-424f-4614-b404-32907eb0199e,773fcc75-711c-4081-bfea-8e9f5d5f8c42,7944541.260839083,7944541.725569922,7944547.243076344,1958,200,0.46473083831369877,5.51750642247498,160
60081c41-b9ea-44e5-8819-619ad0c182c9,ae3515b7-b2c3-4055-9fee-cc35030fc4b2,7944539.260513307,7944539.51585654,7944547.791005169,2505,200,0.2553432332351804,8.27514862921089,176
c2c20229-678e-4c03-94d8-b22c392f82e9,3daffac5-0016-4e98-88da-87898f7abac9,7944540.260547619,7944540.755327979,7944548.087783959,5743,200,0.4947803597897291,7.332455979660153,176
28893730-f77d-41c2-9568-8eb4534e7caa,5562c1a1-e6b0-40ec-96dd-5ea84936cbf8,7944542.260472379,7944542.792240712,7944548.190671028,5936,200,0.5317683331668377,5.398430315777659,176
453ba325-6a08-45c8-961c-af048c3572f3,ceb9fa8f-f70d-473e-ab20-b3de05821488,7944541.260822928,7944541.505329611,7944548.283379134,385,200,0.24450668320059776,6.77804952301085,160
bc7643bf-106f-4867-a5a6-f0a44aff0413,04fdc20b-8327-42f7-a183-15c098d0ccce,7944540.260541061,7944540.738023856,7944548.954114399,5740,200,0.47748279478400946,8.216090543195605,160
97bd28d1-4180-4899-ab37-1f50a5c48a4a,3047d0dd-5a9d-4d90-be11-b1eb806c0a55,7944541.260832396,7944541.805402098,7944549.46054089,5853,200,0.5445697018876672,7.655138791538775,160
fd91bcc7-5677-4cd8-b591-ae8e370e3da3,37eb1b64-a7eb-46c5-9e62-2902b2302b84,7944541.260835853,7944541.516988953,7944549.503110199,2725,200,0.25615309923887253,7.98612124659121,224
5f70f5e5-f555-4171-9811-d8ff381ffa5f,2c2590bf-7735-4068-8406-2d47707168ea,7944542.260466771,7944542.860178846,7944549.585596963,5174,200,0.5997120747342706,6.725418116897345,160
4ecf2654-6e9b-473f-be75-344dfa2c0286,afe0ed98-73c4-4e2c-bd3d-c7f2b02b52f5,7944542.260469724,7944542.456492512,7944549.604132976,1957,200,0.19602278713136911,7.147640464827418,224
bb771f92-e9f2-43fb-a11c-0a6c68808231,984ff781-ca15-479c-8e06-7bd9cd701519,7944542.260454181,7944542.9683482405,7944549.964661958,3961,200,0.7078940598294139,6.996313717216253,192
cea7bf49-07f6-4d06-84a5-1a397981d77f,2a2ae2a8-7cce-4581-8c57-146abd9d9090,7944543.260999115,7944543.37573957,7944549.992187839,814,200,0.1147404545918107,6.616448269225657,160
ab5856e6-90ea-43cd-aa8d-56feebcb8152,bd8b9a21-6e85-459a-809b-68db2cf2042c,7944543.260986251,7944543.509415855,7944550.136991693,2583,200,0.24842960387468338,6.627575838007033,224
5348143c-2d47-485a-8c4c-537e0bd20e78,3ee811a5-f205-4725-8db6-b99eb8dd1ecb,7944540.26055019,7944540.844569949,7944550.26979677,4764,200,0.5840197596698999,9.425226820632815,160
ccb53ce5-3382-4034-99ac-88c7528c2520,22d7558f-2436-464f-b111-4724e2f322d1,7944542.26046296,7944542.939249891,7944550.274747089,2207,200,0.6787869306281209,7.3354971976950765,224
97986beb-8f71-4ec3-be89-9866f03b4c7d,0759bb94-aa77-4047-8f94-34cc9c62436b,7944542.260478755,7944542.934701642,7944550.270800713,6053,200,0.6742228865623474,7.33609907142818,192
5c31e2bc-8d49-4dd8-8697-e65925b18188,dc6a24a9-28a9-4c0c-84ed-02457cc09129,7944544.260584902,7944544.363899519,7944550.287179412,687,200,0.10331461671739817,5.923279893584549,288
17d05b85-f49f-4272-a6f6-ced18681a1e1,d3446ebe-acf3-4d07-a3ea-c3744b922b9f,7944543.260995611,7944544.2181896595,7944550.876540979,5352,200,0.9571940489113331,6.6583513198420405,160
4a6aaa5e-7659-4655-b6a7-2a6854093c8d,e793cd05-3809-4e36-8e78-d44bc000c93e,7944543.261006977,7944543.7572110165,7944552.363853904,5855,200,0.4962040390819311,8.606642887927592,160
52296212-e94b-4419-8457-7ad1fbf967de,15e18881-cbb9-4802-a422-20808dd1ab23,7944544.260595076,7944544.475921955,7944553.012780943,2370,200,0.21532687917351723,8.536858987994492,176
712a8e87-a612-4440-bcbe-673532269435,c1aa437d-4a45-48f5-a4ba-fefa5588951c,7944545.26120494,7944545.726595674,7944553.050063126,5305,200,0.4653907334432006,7.323467452079058,176
e7c87c5b-1e27-4d32-b499-3a23e340dea2,029edadb-b234-4d39-a619-c56cc85e964f,7944544.260599135,7944544.400109465,7944553.756254401,1268,200,0.13951032981276512,9.356144935823977,192
8d84f35a-557d-460f-a899-ac77d277eecc,808d4138-729b-4276-b0a1-bb598e185260,7944545.261214738,7944545.380507456,7944553.881193855,888,200,0.11929271835833788,8.50068639870733,192
cce8ceb0-c565-4b8c-aa7d-8f0eb9793308,45e7f1a3-6b50-4b00-bff3-e4a8f31e6793,7944542.260475469,7944543.032952304,7944554.1839539185,4495,200,0.7724768351763487,11.151001614518464,192
5cee84f8-8bef-4326-85c5-a57644f495b8,7f67bd0b-ddb0-444e-86e9-2afc934f05db,7944546.260868571,7944546.9679565085,7944554.547932582,5909,200,0.7070879377424717,7.579976073466241,224
9ad8fdf5-7956-40f8-ade5-e15356e9ea25,ec13b1d0-76b0-4b76-b16c-1f1ba5a32e9c,7944547.260413409,7944547.586284051,7944555.533822225,3967,200,0.32587064150720835,7.947538174688816,160
0f797f1a-175e-4685-850e-c02d13997ad7,fc991f32-f1b6-4afe-ba3b-a472773d0110,7944544.260602292,7944544.726681763,7944555.574548856,2988,200,0.46607947163283825,10.84786709304899,192
0d1034c3-5411-4e96-a066-9690cd6719a0,6f4051d6-8003-4af8-be6a-137219b04ba5,7944546.260862427,7944547.0264038555,7944555.654596261,6473,200,0.7655414287000895,8.628192405216396,192
0b2703cd-3ef0-4620-a68f-034e4f55ceeb,aa2dc0a5-8f81-47dc-8767-40e6ea12f767,7944546.260849569,7944546.9530636985,7944555.9759657085,5869,200,0.6922141294926405,9.022902010008693,192
407cdccd-5a75-4187-a08b-5a554d70663e,d37165ed-69cb-440f-a075-e298fee15734,7944548.260502307,7944548.550431113,7944556.092063648,3233,200,0.289928806014359,7.54163253493607,160
8e7f4951-c583-483d-951b-ab534a32be2f,173d8474-31a7-49c9-a766-796c9ce56475,7944548.260512635,7944548.425939326,7944556.120381002,1624,200,0.16542669106274843,7.6944416761398315,256
8b43896a-63d4-4d69-8612-cf38353a227a,a3c929d0-baa7-4945-b63f-33a6fc39fd65,7944547.260404735,7944547.611231555,7944556.152001413,4228,200,0.350826820358634,8.540769857354462,192
a5117c85-42bc-4e03-b8ac-99d92f2b8784,1ebbb437-f79e-4fd7-9fad-45fbb7cdb20b,7944547.260416754,7944547.748964522,7944556.746171446,5836,200,0.48854776844382286,8.997206923551857,160
36104e17-672a-4f30-b8ee-4068119dafa3,b991161b-bed3-4e41-942a-2cb9ebc99c53,7944549.261265045,7944549.613879161,7944556.947913425,4099,200,0.3526141159236431,7.334034264087677,192
9b5473d5-d4ed-4a75-8fb2-808559f10ad6,d3ad6d04-4b48-448b-836a-9b64752fc74f,7944546.260872063,7944546.665520646,7944557.203055165,2417,200,0.4046485824510455,10.537534519098699,160
b98589f1-a934-4fd0-93b6-2f1123f1bfa2,67a0b975-184d-4abe-91c9-e84646d0b743,7944549.261283403,7944549.884493772,7944557.818495854,3068,200,0.6232103686779737,7.934002081863582,192
c1597978-5d4a-4400-88d0-94c4413b877e,4b6ac81e-dcab-4d4b-86b0-55cc757e83a1,7944546.260858238,7944546.912258408,7944557.999476325,5978,200,0.65140017028898,11.087217916734517,160
fc535a27-d017-492e-9687-157639af657d,91e2dcb0-9727-45f1-bd96-95ee2a9fe135,7944550.260900998,7944550.950198421,7944558.019041696,5527,200,0.6892974236980081,7.068843274377286,192
8dfcdd18-7dee-46e7-ae32-2d88be9d82c0,a88040f4-3d46-4ddd-9db3-d9cefb577c4d,7944548.260516431,7944548.740677343,7944558.040393375,5797,200,0.4801609115675092,9.299716032110155,192
84662c6c-9983-4c2d-8f9c-df53a4b2a8a1,0a6e1c4d-4f69-4db3-b893-0aa1755f54ee,7944546.260865505,7944546.866605587,7944558.049219401,5722,200,0.605740082450211,11.182613813318312,176
1665861a-f7d1-4f3a-8482-f0309db9234d,1395c13e-e24a-45ea-b379-cf296f4c4d9c,7944551.260607259,7944551.377970921,7944558.300705473,1173,200,0.11736366152763367,6.922734552063048,176
b6ff026c-7c04-46cf-bfd0-c504ca258c43,b3efda6a-d076-45f0-9d86-ab69b8c656b1,7944550.260916785,7944550.374180254,7944558.336583622,371,200,0.11326346825808287,7.962403368204832,176
937049b8-45a1-451e-a0c2-b90eba31f2e2,eaa14318-4f95-461e-9213-5b24ea716730,7944550.260919636,7944551.129201112,7944558.35288218,5814,200,0.8682814761996269,7.223681068047881,160
2a75b483-74ca-4f18-a72e-3332f39afc9a,dc50ab8c-4aef-4581-800f-8d55cff5e8ac,7944549.261279608,7944549.649843277,7944559.139014172,1867,200,0.3885636692866683,9.489170894958079,192
d6cc6681-6adb-4082-beca-a3d566531385,7a77a142-6294-4d46-b6bf-f820bc0585c9,7944550.260921981,7944551.211590192,7944560.332529696,4950,200,0.9506682110950351,9.12093950342387,160
f907287f-9d74-4f29-8156-209531377d3a,8205a582-0870-4530-86d0-ed900328ac62,7944550.260913906,7944550.95796489,7944560.697336093,5851,200,0.697050984017551,9.739371202886105,160
5f2b99fe-c9c2-41ee-b57e-44b40159eacf,d7d8b6a7-fa09-48cf-8e94-8659d578b8ed,7944552.261018752,7944552.62383793,7944560.702698632,4318,200,0.36281917802989483,8.078860701993108,288
acaf440b-5dc5-490f-a3da-7f4d58e83b54,f21c3799-f3ff-498f-be2e-8982bdfe2ecd,7944553.260502592,7944553.414481854,7944561.006568847,1252,200,0.15397926233708858,7.592086993157864,192
e1e64f61-bfce-4be1-a050-b8097798e64d,3c65feda-6cb4-427f-8794-100421de1d7c,7944548.260519162,7944548.736508214,7944561.074983448,5736,200,0.47598905209451914,12.338475233875215,160
cbde990f-dc62-406e-b69c-c8ba7d8e37ae,ce5a2d48-1bb4-44b4-acae-d45b53fda20e,7944551.260621973,7944551.4283696255,7944561.159215318,456,200,0.16774765215814114,9.730845692567527,160
67decfe5-daa4-4196-9626-b9e8a56ce54a,675afd83-9b5b-45b7-9f5f-7e5d89f0c9f2,7944549.261275748,7944550.033653716,7944561.885115208,3951,200,0.7723779678344727,11.851461492478848,176
204ba21b-2c6d-464f-83c6-765f4247c9f8,6cbbb375-c940-47eb-bdbe-1c9292cd44d7,7944550.260928633,7944551.158654276,7944562.242128008,3562,200,0.8977256435900927,11.083473731763661,16
fd9edf5e-ea1f-426e-ba50-f9249e37d04f,d361340e-7ada-4795-9f86-b45068834ca9,7944550.260910263,7944550.964833765,7944562.285137481,5043,200,0.7039235020056367,11.320303715765476,192
fea50e36-947b-4b1d-969b-41d36085eeb9,d98c265f-698d-4cb1-87ed-52317461cdc6,7944552.261028862,7944552.656399838,7944562.593231848,4457,200,0.39537097606807947,9.936832010746002,288
d98bd20d-ecf7-4612-9969-24275c8c2ef9,11930aa0-eecb-4b90-8321-5576b64783b6,7944550.260925346,7944551.374448359,7944562.876711207,5928,200,1.113523012958467,11.502262848429382,224
527d3518-da38-4b61-874e-f65b114ac1d8,072cf49e-ac0d-4d29-b3db-cf9253ebe3e7,7944552.26099288,7944552.705269007,7944563.162836765,4911,200,0.4442761270329356,10.457567757926881,176
c7ff7f39-71c3-47d4-8f94-d0fb8fd74a1c,f259acc7-014b-45ee-b116-6c5a67d0b3dc,7944551.260618288,7944551.876267559,7944563.2138125645,5981,200,0.615649270825088,11.337545005604625,192
1ee911fe-ed4b-450b-ac44-afffbd5a5055,0c737e2d-f398-481a-b5d7-001a67e75a1c,7944552.261024521,7944552.5847179,7944563.307008979,3091,200,0.32369337882846594,10.722291079349816,176
d619472c-0e04-46dc-93a9-cfc15da7a47a,74a8d097-f062-41b6-8205-d784bb153261,7944553.260488885,7944553.964216328,7944563.952712582,2186,200,0.7037274427711964,9.988496254198253,160
7af75058-84dc-44f1-a9ca-59227c2e1f3c,d00c697d-7ae3-4f63-8c46-74cb115fcffb,7944554.260539471,7944554.960328873,7944564.774943614,5840,200,0.6997894020751119,9.814614741131663,160
d80696ad-cc9f-49ee-bc01-df0e602f598e,b23331f5-cf25-4f3d-bb0a-0b712f6627c0,7944554.260544977,7944555.159880933,7944564.79922816,4782,200,0.8993359562009573,9.63934722635895,176
86913bb6-522b-4bb3-a4a2-836b1f617d5e,16c03b80-16ca-4741-9908-eb2c51e1d2a1,7944553.260499304,7944553.444661972,7944564.8063954795,1852,200,0.18416266795247793,11.361733507364988,224
c28603eb-5518-4a86-8abd-d06853a6b4bb,eecbcd88-7743-4e34-95b6-1c67dec9ac89,7944554.260542257,7944554.719705963,7944564.884506629,5566,200,0.4591637058183551,10.16480066627264,224
52190302-1e05-4d89-814a-a77111f1785f,c51e1c93-377f-4846-81a1-14e5879a721c,7944555.26036986,7944555.826561183,7944565.14858153,4697,200,0.5661913231015205,9.322020347230136,160
96931af0-a71e-4a0c-a6c2-5ff5d9c365c4,6e066633-fcb0-417d-94ee-a9864bbdaa41,7944554.260526355,7944554.841934468,7944565.181433807,6604,200,0.5814081123098731,10.339499339461327,192
0322927a-dd8d-4ed5-91eb-f85908925038,70040244-0ba8-4018-b9e4-d79962cfab6a,7944554.260536373,7944554.780120262,7944565.6822229065,5773,200,0.5195838892832398,10.90210264455527,224
fde7d1c9-4e36-43ad-b738-c45c43738fec,0ff8ff91-ea55-4fbf-831d-05097d6a3ed6,7944557.26060365,7944557.553453554,7944565.882077899,2650,200,0.2928499048575759,8.328624344430864,160
30865370-439d-45b8-9306-51ff12359b55,2a2ae2a8-7cce-4581-8c57-146abd9d9090,7944555.26038012,7944555.373201553,7944565.929930292,814,200,0.11282143276184797,10.55672873929143,224
17e48bed-1337-4fea-b10a-8e267bc95d72,3a3d8f95-20e5-48e9-a332-7a0c444f6704,7944556.260277405,7944557.187499987,7944565.956827347,6052,200,0.9272225815802813,8.769327360205352,192
92339aeb-71e9-42ce-ba30-f1bdc6e3a70d,38266a74-72bd-478f-9485-977da0aac2cf,7944557.260598454,7944557.815308598,7944566.145567602,500,200,0.5547101441770792,8.330259003676474,160
b5f5612c-3651-4aeb-b756-4a72e8e1a3da,de6ab6cd-502c-4f93-87be-5d526b706d0d,7944556.260271283,7944556.746628926,7944566.340293768,5768,200,0.48635764326900244,9.593664841726422,192
84365cc2-4a08-4ebd-bc33-017d841cd1f0,6d14bf3f-56d2-4882-8aba-c916497faa7a,7944556.260274701,7944556.704968449,7944566.545590322,4637,200,0.44469374790787697,9.840621873736382,160
bddbd122-ad43-48d8-a9f1-790c40f6f26f,17f52023-20f0-4ba4-8129-16c153a0bb0e,7944556.260268005,7944556.682154501,7944566.784964401,4371,200,0.42188649624586105,10.102809900417924,160
e724b5de-457a-4321-b5d1-c22dc1b9c302,cae64ee8-4011-44ef-9331-c924f5e429be,7944557.260600988,7944557.569047322,7944566.945658853,2527,200,0.30844633374363184,9.376611531712115,176
304e693a-1aae-491d-a768-040930afb367,7c8adab7-544c-4106-916a-d86d02536d30,7944556.260258109,7944556.774014483,7944567.095499283,5773,200,0.5137563738971949,10.32148479949683,176
c299e0cd-ce84-4bad-aeaf-e5f23c0326a5,ca073e97-bf55-4d62-953d-49667f7c8738,7944557.260594695,7944558.242517737,7944567.153487069,6411,200,0.9819230418652296,8.910969331860542,192
307ce250-c76b-4e7f-8ae1-e390d35b6d07,5081ad02-1e94-429c-b756-848bd4f73416,7944557.260585122,7944557.606841391,7944567.2304151775,1917,200,0.34625626914203167,9.623573786579072,224
f70c13f7-768d-4c54-ab36-fe7adb62dc2d,997695bc-33ef-41c6-903e-cc1112298142,7944560.261150662,7944560.61383657,7944567.574962543,2754,200,0.3526859078556299,6.96112597361207,176
09b08755-e9ac-4210-b020-0af9b353d3a4,97572e5f-d135-46bc-9183-21b2af1303c1,7944560.261141924,7944560.611941478,7944567.959685755,1356,200,0.350799554027617,7.3477442767471075,160
37ee2f97-1db7-4cc4-8f1a-5eba027a6e63,538295df-2f0a-4085-8670-42fd0748d463,7944559.260920399,7944559.415429195,7944568.147466013,1172,200,0.15450879652053118,8.73203681781888,176
fa6fb6ea-c1f1-46ce-90f4-fe6e10c13965,a9ee696e-7782-458b-b0e3-a5f993f4a8eb,7944560.261157866,7944560.904995644,7944568.1688922625,5878,200,0.6438377788290381,7.263896618038416,176
6682905d-65db-467f-b3d7-ff95d973a7aa,b3efda6a-d076-45f0-9d86-ab69b8c656b1,7944558.260721734,7944558.339642327,7944568.1753927395,371,200,0.07892059348523617,9.835750412195921,176
50c27304-2412-486f-8663-b0e8c007f9ed,584dad95-d36b-497a-92bb-3cefd7fd8072,7944561.260515229,7944561.824902435,7944568.726862015,5867,200,0.5643872059881687,6.901959580369294,192
35e134e2-834b-4908-b837-f2404b655f2e,a652313c-8964-4423-b134-65f44458edb1,7944562.26091202,7944562.594383344,7944568.805821102,3209,200,0.3334713242948055,6.2114377580583096,192
b71bdc40-7229-4790-a310-5a3c5aa160bf,3c60d5cc-d24d-425a-91b7-4a50e6553b26,7944560.261128775,7944560.611875592,7944568.976406209,775,200,0.3507468169555068,8.364530617371202,192
bd5cbe71-bd77-48ea-ab10-e59fc8adf8a0,ab7c945e-e515-4175-81a9-07d757d848ff,7944562.260901449,7944562.972578961,7944569.154154177,3426,200,0.7116775121539831,6.181575215421617,192
3dad0103-0778-4fab-bd59-062d1c1d623d,fc0ee260-72a8-4d48-ad4f-51c0fbdc2377,7944558.26071197,7944558.747461828,7944569.168837616,5576,200,0.48674985859543085,10.421375787816942,160
9565128c-056a-4548-ae6f-9efe9d641741,ae3515b7-b2c3-4055-9fee-cc35030fc4b2,7944560.261154571,7944560.776723345,7944569.217213024,2728,200,0.5155687741935253,8.440489679574966,176
1436ab37-96da-4b0d-8309-7b68ab649159,cdf5f7dc-c349-4b90-abc8-6f86fa5415cd,7944559.260932103,7944559.544052822,7944569.944024986,3322,200,0.2831207187846303,10.399972164072096,192
2ce086f6-5848-4d7d-b1a2-80bc106b6c5a,1cda0d46-618b-4b7a-b957-319fe6d96516,7944559.260936027,7944559.775872143,7944570.020226479,6465,200,0.5149361155927181,10.244354335591197,192
01286d70-c84d-4f64-a47f-05823ab9a616,09dd643a-82c5-4330-85e9-67ad0d950227,7944561.260498567,7944561.8550221,7944570.165502982,3050,200,0.5945235332474113,8.310480882413685,192
7ab7e370-6300-4f98-a6e0-8acb8553998a,5528d602-0065-4aee-a2d6-8421c7efbbb5,7944560.261146304,7944560.588866501,7944570.242871606,1029,200,0.3277201969176531,9.654005104675889,224
3210d563-1ec1-4fcd-ad91-aac3c2f3249e,22d7558f-2436-464f-b111-4724e2f322d1,7944564.26085697,7944564.46004262,7944570.267736443,2207,200,0.1991856498643756,5.807693823240697,224
944832b6-54d8-4ea4-8a8f-35a30ddfe8ea,00237d17-5a7a-4844-95a2-634553f9bde7,7944560.261165288,7944561.547355687,7944570.51554475,4871,200,1.2861903989687562,8.968189062550664,160
ab2658d0-f201-4ef1-922c-0a8a6d78da32,339e6a45-2ac7-4236-ac28-4af01254bcc9,7944560.261161646,7944561.352040225,7944570.579767707,5777,200,1.0908785788342357,9.22772748209536,160
872a7d70-6975-40af-b13c-1f0694144dc6,08b23a33-09ef-477b-94c0-369965ae5cb3,7944562.260916009,7944562.964757568,7944570.594187315,5443,200,0.7038415595889091,7.629429746419191,176
6d8a6297-585f-477e-aa0a-5da88f324f15,dc6a24a9-28a9-4c0c-84ed-02457cc09129,7944562.260919591,7944562.413851633,7944570.781029528,736,200,0.15293204132467508,8.367177895270288,288
6ec41d3a-f8db-49de-b94e-95ee499df4d1,32bb63f5-0400-4e7c-8e6c-cb23dafc8d9e,7944562.260926986,7944562.490599296,7944570.782587167,1840,200,0.2296723099425435,8.291987870819867,192
4870c5d0-d4db-4161-a795-edf805fde93d,cf53ec7b-8773-48c4-bfea-fbe3da37a269,7944563.260671682,7944564.231475517,7944570.928101442,5863,200,0.9708038354292512,6.696625924669206,160
18a56028-b6a9-41b9-bfa8-e08fb7e05e05,20137c1a-ca8a-4457-a308-ac224059e1dd,7944561.260511087,7944561.707043287,7944571.056610962,5500,200,0.44653220009058714,9.349567675031722,176
66fb4a74-76b4-49ea-817e-61f97eeb3b0d,3327e22a-e47a-4e28-ab49-61feb0f8ccd2,7944563.260666351,7944564.108693395,7944571.267213603,4075,200,0.8480270439758897,7.1585202077403665,176
3a52e479-31d1-4299-9e10-2336078b36fa,2b0b6d27-8a7f-458e-8a26-26ecad67cecb,7944562.260923264,7944562.837630037,7944571.3333526645,2632,200,0.5767067736014724,8.495722627267241,288
e611d0af-e064-4dc7-ae07-f5d4cc9c69a6,f48f3c83-7b8a-45e5-a0fa-74a6e92599d8,7944563.260669249,7944564.162544784,7944571.560270423,5874,200,0.9018755350261927,7.39772563893348,160
febd3ebe-e61a-4ba0-af20-9d874cf4e468,6cbbb375-c940-47eb-bdbe-1c9292cd44d7,7944563.2606631,7944564.0467962045,7944571.621871858,3600,200,0.7861331049352884,7.575075653381646,288
62452377-59a7-4500-acf8-af27b0d1f925,27d34d22-9260-40a3-99e2-e20e86c4cfe7,7944564.260844456,7944564.592477503,7944571.705647319,3509,200,0.3316330472007394,7.113169815391302,160
c0ab402a-b43d-4dcc-9621-a5206c3f2885,ab319b63-2c03-4b0a-8207-96b3768da2a6,7944565.260412842,7944565.364536766,7944571.836246167,626,200,0.10412392392754555,6.471709401346743,192
899d9cc2-828e-45cd-b533-0727122107f9,78c52aa7-54ff-4215-918f-225351f4fb8d,7944565.260427955,7944565.766402539,7944572.108142444,5788,200,0.5059745842590928,6.341739905066788,224
f6be6db3-6aa9-46c2-afad-43cc03e17481,4181337f-4f55-4fd6-8fbd-e067aaaaebe3,7944563.260653742,7944564.212648155,7944572.2180090835,5428,200,0.9519944135099649,8.005360928364098,176
2c1a3e08-d46f-4974-ad46-c9d452bebfce,e33a9d69-0943-4460-8168-0f009275bb34,7944568.261285988,7944568.483834572,7944573.038718885,1145,200,0.22254858445376158,4.554884312674403,176
27fb22a1-a4c0-4a32-9445-83cc3fdaed85,cfbe6bee-cd08-4654-810f-1a3b3025c764,7944565.26042234,7944565.83769659,7944573.10287128,6554,200,0.5772742507979274,7.26517468970269,160
151e3c81-19dd-4681-9b0e-9164dc272eed,6a0ac87a-e917-4b52-bf8d-10689801e4bb,7944565.260425573,7944565.544218669,7944573.19682468,2933,200,0.2837930954992771,7.652606011368334,192
45ca4e3d-da26-430a-a2dc-3830b9a8e450,749cff23-59a3-425b-bc36-69a36ebb5518,7944565.260430689,7944565.972665926,7944573.229931211,3338,200,0.7122352374717593,7.257265284657478,160
a3a41480-c46c-4911-93da-3cb3cd2ef350,40d78c7c-f309-472d-9723-03a3659022b7,7944566.260460489,7944566.415857984,7944573.337898206,1017,200,0.15539749432355165,6.922040222212672,192
bc28dc46-00cd-4528-922c-b0f59031ffe9,8e505307-8830-46b2-ac68-84a7d5dbd9a0,7944566.260473548,7944566.543503808,7944573.661210483,2900,200,0.2830302594229579,7.117706675082445,160
e2f67dc8-d99d-4b3e-822d-3b7dabb1534d,808d4138-729b-4276-b0a1-bb598e185260,7944568.261275826,7944568.533686862,7944573.847388583,888,200,0.27241103630512953,5.313701720908284,192
60e267a9-937d-4d92-8378-11cfddb6e07c,b291c0ac-e9de-4ead-baf2-abc51810229c,7944567.261073717,7944567.380149957,7944573.8849366745,1132,200,0.11907623987644911,6.504786717705429,592
9c5fb8b3-1a2c-4373-9a9e-2b09d1440982,e6336030-a659-4464-954a-a056f93a2109,7944566.260476585,7944566.704976617,7944574.07792231,1953,200,0.44450003281235695,7.3729456923902035,192
9a25ef7c-4b25-464d-9290-075f2f6262d3,f21c3799-f3ff-498f-be2e-8982bdfe2ecd,7944569.260612284,7944569.47373721,7944574.208663446,1252,200,0.2131249262019992,4.734926235862076,192
777a5cd2-c6c8-40ba-97f3-9d23f33f6499,32379e4f-c52b-4533-87e4-7ccbc01e4871,7944566.260469829,7944566.936948061,7944574.595408327,4139,200,0.6764782322570682,7.658460265956819,176
3b6b25c1-a9ba-43b3-89e2-27789e0d0d12,9bc4feee-617f-4059-8c66-f3a6b1d07f17,7944567.261062503,7944567.467182058,7944574.6378141,2139,200,0.20611955504864454,7.170632041990757,176
977aec70-438f-4692-88c9-9b4c3e619083,818f34b1-81e6-4dc9-8896-079af3a673ea,7944567.261083419,7944568.026291012,7944574.6959255,5920,200,0.7652075923979282,6.669634488411248,192
57d660a8-2203-4557-af57-740fff762e64,657ec69d-2850-466b-9d84-480d9f1b5621,7944567.261077679,7944567.58574579,7944574.742957791,3281,200,0.3246681112796068,7.157212001271546,160
9bd2b330-1463-4174-bf85-24dfea0fda54,43515880-6b47-44ce-ad5a-c143292b1649,7944568.261289439,7944568.92165602,7944574.852264664,5944,200,0.6603665808215737,5.9306086441501975,176
9384e4db-883b-4cb0-8592-0abb5a57052d,6e324056-7897-4c8b-93de-3f0d2871a1a9,7944567.261080531,7944567.775579635,7944574.87757937,6001,200,0.5144991036504507,7.101999734528363,192
c97428a5-de8c-41be-bd40-97bfab0b0413,0fdf3a79-0b56-4d09-930d-738eaa2f1f84,7944569.260615726,7944569.790268763,7944575.265493143,5766,200,0.5296530369669199,5.475224380381405,192
d969235b-ed72-43fe-88ad-adc2215d928d,4131e3cc-5480-4d8c-9fef-c2f6acff68e7,7944569.260603152,7944569.746477304,7944575.527768293,5425,200,0.4858741518110037,5.781290989369154,176
5edf2f40-cc79-4583-a4c4-364eea9fcfac,ae04581e-61a3-4e13-a5d3-988c330d8c3d,7944570.260461528,7944570.469794397,7944576.755045457,2001,200,0.2093328693881631,6.285251059569418,224
cf042e0c-1fb3-40b8-82c6-1708c4160cca,bcb9a03c-7a7d-4221-8d1f-5f52836f8b7c,7944570.260470064,7944570.558578167,7944576.886013913,3160,200,0.29810810275375843,6.327435745857656,160
ba88a763-618e-4c9d-9938-95e296769ca6,47b3760c-0084-40cf-8343-7f22faad50d5,7944571.260387241,7944571.363281095,7944578.365139926,905,200,0.10289385449141264,7.001858830451965,192
566f3b64-5382-4183-9f24-cb8ddbc49532,21f467fb-de7c-4e1b-9293-058f066ebf57,7944571.260374561,7944571.766179627,7944578.370891742,5978,200,0.5058050658553839,6.604712115600705,176
54bc582d-5690-4340-a91b-9f75688f098c,238e0114-a854-4abc-967f-54062126b3e7,7944572.260461457,7944572.936806357,7944579.892165361,2860,200,0.6763448994606733,6.955359004437923,176
c92f06f2-976d-4f7f-8ee6-cc8862e240a6,dc6a24a9-28a9-4c0c-84ed-02457cc09129,7944574.261109913,7944574.363925762,7944580.146172664,793,168,0.102815848775208,5.78224690258503,288
5c4f48a1-5f30-4b77-8cf9-97c715df04b6,773031a0-4df5-41b1-9031-e9c5d037efa1,7944571.260384002,7944571.447123929,7944580.157751202,1841,200,0.18673992715775967,8.710627272725105,192
5d0884a3-2232-4eba-9474-def870a68796,b1a5a57a-6ed3-4161-976b-550b8607a896,7944573.260659432,7944573.826478014,7944580.414326684,5509,200,0.5658185817301273,6.587848669849336,176
4018abc6-40e5-4724-9de3-6a7504a30b9a,f930fe97-9b9d-4eda-a442-77a83ed574c8,7944572.260464985,7944572.682365918,7944580.955057649,3139,200,0.42190093267709017,8.272691731341183,160
619cda1b-6141-4e77-a461-cf20e0d50e07,08617b02-e213-4095-a1cd-ed95f33fb542,7944572.260455031,7944572.943793583,7944580.980998928,2622,200,0.6833385517820716,8.037205344997346,192
c3fe5511-2c3b-4f01-ae01-9a06762618eb,1cc89369-2782-418c-93f1-6fd3c276dc1b,7944572.260467914,7944573.308215827,7944580.987721325,6667,200,1.0477479128167033,7.679505498148501,160
ab25271c-9684-4714-acfe-c1a2a991f0d2,00049226-a856-4e37-9f5a-1aec0d5a0b20,7944572.260457904,7944573.152375283,7944581.092547822,5730,200,0.891917378641665,7.9401725390926,192
9f20d97f-1c42-4f73-91d8-cf676e4a11a7,407004fb-7cce-4fb0-8afc-9731047cc8ed,7944572.26043939,7944573.121018262,7944581.194314571,6076,200,0.860578871332109,8.073296309448779,160
cba6ab49-b0dd-4dee-9099-c4b879377cd9,2a455136-68a7-4f2e-ae04-e584f979ee34,7944572.260452462,7944572.89087678,7944581.221101462,4971,200,0.6304243179038167,8.330224681645632,176
b7704b5f-5fe2-4f48-a2c6-afe09551fd16,21cb5448-40d6-4a59-bf7c-80ffd1fc6875,7944573.260652547,7944573.5280423835,7944581.62828838,869,200,0.26738983672112226,8.100245996378362,192
07368307-09a6-4ae4-b3f8-88949a0dcb0f,97e6ae57-69da-4647-a7d0-d90457e6abcc,7944572.260448575,7944572.907816698,7944582.014974215,1998,200,0.6473681228235364,9.10715751722455,192
4e38196e-19cf-4997-904b-293fcebb5292,2375aed9-bf2b-4d31-b02f-4651375f6697,7944573.260662437,7944573.900236642,7944582.093356355,1728,200,0.6395742045715451,8.193119713105261,176
0958618d-a3a2-463a-8082-dd527f8eec97,2c8123bf-d432-4b47-bc4d-4dd26514d2d5,7944573.260656051,7944573.801331381,7944582.1487072185,3163,200,0.5406753299757838,8.347375837154686,224
e4c1a4aa-7048-4876-99d0-281febea507e,91817d88-3093-4655-a55c-1e6106fc4d42,7944573.260641223,7944573.852200745,7944583.314883056,5832,200,0.5915595218539238,9.462682311423123,176
7476a2a9-3293-4399-a29a-3eb6bed62d23,828db195-ca5a-4484-848e-1fc6ac242624,7944574.261096131,7944574.90806939,7944583.712944518,5834,200,0.6469732588157058,8.804875127971172,176
80de07e2-f253-481f-af0f-24e3b8d243c6,e6330420-13fa-40f0-aaaa-ee9b7b873195,7944574.261106161,7944574.722054216,7944583.743617307,5759,200,0.4609480546787381,9.021563091315329,192
acab341f-2654-4f67-b086-eee9e42ebc5f,f0cbebc5-adb6-461b-9b21-22667b2f1d8c,7944575.260305499,7944575.676367708,7944584.148768172,3470,200,0.4160622088238597,8.472400464117527,224
f863dca0-bac5-4283-b8aa-2a61b0c0a126,518b2120-1899-4a0f-af6e-5a114887002b,7944574.261112889,7944574.400835292,7944585.090472267,1251,200,0.13972240313887596,10.689636974595487,176
0b4963f9-aad8-4ca2-80cd-e6192214ac07,0fc32f2f-3791-4f05-a896-da6268fe53f9,7944575.26029464,7944575.979946411,7944585.098595995,5148,200,0.7196517707780004,9.118649584241211,192
ac7ca77b-52a3-4b95-b0a3-12227037f604,4da8fb42-3983-40f2-bef1-a8d32802c74f,7944577.260538578,7944577.5373385865,7944585.610888135,2491,200,0.27680000849068165,8.07354954816401,176
c4c191f4-4560-472b-9edd-13eb6c4855bb,2dd1593e-b38b-4dc5-b628-5b24a57f7800,7944576.260491005,7944576.72332447,7944585.910162592,6049,200,0.462833465076983,9.186838122084737,176
e7f82499-5583-4f02-9a2c-249a3d86ac8c,899c2615-9ae4-4ce5-91c4-b802b05ed50e,7944576.260478489,7944576.425630687,7944586.016710531,2267,200,0.16515219770371914,9.591079844161868,288
ba9b156a-4660-41d9-a1c8-016229eb6acf,a2a378e3-be1f-4c30-b726-cf946c531dee,7944575.260308847,7944576.255632976,7944586.324249819,5940,200,0.9953241292387247,10.068616842851043,192
7c0299b8-16e0-4f4a-8be1-57dda05e9b0f,d98c265f-698d-4cb1-87ed-52317461cdc6,7944577.260527006,7944577.5313166985,7944587.164875049,4458,200,0.27078969217836857,9.633558350615203,2240
032a19ce-75f5-40f9-8d5c-9cbba3b30c1e,c9893413-7418-4865-94fb-0696dc49f758,7944577.260542096,7944577.519301336,7944587.226656427,2895,200,0.25875924061983824,9.707355090416968,176
62265828-c2df-4e6b-b4dc-885e578f220f,a6faa808-0571-441b-a567-0baffa4b9e37,7944578.260490612,7944579.341797253,7944587.557553906,5914,200,1.0813066409900784,8.215756652876735,160
5f81c415-8491-46b7-a5cc-3de39f3f53d8,bfc78a92-84e5-4fdf-8b1d-913c94a11821,7944575.260311875,7944576.078245781,7944587.622125313,4430,200,0.8179339068010449,11.54387953132391,192
8cba09f7-f536-4546-a325-48afa677dd44,0759bb94-aa77-4047-8f94-34cc9c62436b,7944578.260487744,7944579.2601895165,7944587.697784633,5859,200,0.9997017728164792,8.437595116905868,192
a7200152-ebc7-479c-b156-b21acbd642c1,87ff4f06-6b13-499d-bcc9-1557df9503ed,7944578.260457327,7944579.359430469,7944587.790376559,988,200,1.0989731419831514,8.430946090258658,176
781a6123-ec53-4670-9f85-78a5169495be,be7c7963-f013-4d24-b0a7-6748d0b4636c,7944578.2604717,7944579.358176157,7944587.790004038,718,200,1.0977044571191072,8.431827881373465,224
f4ab0d64-f883-4220-bf38-1164be5be531,16c03b80-16ca-4741-9908-eb2c51e1d2a1,7944579.261167842,7944579.4961732505,7944587.811577621,1848,200,0.23500540852546692,8.315404370427132,224
1e7c7d85-a351-43f7-ba36-19c9bfff74ff,0fdd3815-1923-4d11-a5f1-1c32cbce836b,7944578.260477602,7944580.129095015,7944587.967920697,4011,200,1.8686174135655165,7.83882568217814,176
7ec4daa9-9bd9-465f-a2c4-f383e939a949,e6dca7b5-0f24-49b0-b2a3-fe8bda0289ff,7944578.260484158,7944579.124492225,7944588.127179639,3170,200,0.864008067175746,9.002687414176762,224
ceeae22b-974d-43eb-b96f-19e3b9bee469,b2185b3f-d1c5-4fe5-8a4c-3e61578f32fc,7944578.260467959,7944579.275330307,7944588.298792615,2392,200,1.0148623483255506,9.02346230763942,192
ac4e7104-a2f8-407c-907f-876efe80c7ae,ab7c945e-e515-4175-81a9-07d757d848ff,7944578.260493596,7944579.269614755,7944588.293524055,3426,200,1.0091211590915918,9.023909299634397,192
650605df-98f0-4818-9018-1ac2932e7fb8,96fd4659-a409-45b4-ac31-ac3be6cd91f8,7944579.261164728,7944579.678743014,7944588.850806461,4772,200,0.41757828649133444,9.172063446603715,224
5ce8310b-be04-4363-a337-919ac9c3add5,dd4ea50a-bbcb-4a3f-a62c-27fbf36607ed,7944578.260480953,7944579.447762118,7944589.033030016,3272,200,1.1872811643406749,9.585267898626626,176
dee11496-d8b6-48e1-8c42-69c340ba0a6a,3ee811a5-f205-4725-8db6-b99eb8dd1ecb,7944579.261160512,7944580.096061864,7944589.059921331,4914,200,0.8349013514816761,8.963859466835856,160
5e7bfb1a-28d0-46be-ac70-e725b8b52567,aa2dc0a5-8f81-47dc-8767-40e6ea12f767,7944578.260497103,7944580.090581192,7944589.05540395,5869,200,1.8300840882584453,8.964822757989168,192
488395d2-f7f8-4b64-8bad-f7b12405ac7d,6bc07a15-054a-4565-ad27-d0f02e46447f,7944581.260577315,7944581.825629456,7944589.1177008245,5694,200,0.5650521405041218,7.292071368545294,192
17088176-9fa2-4e54-9a54-5ca530509dec,601ebb0f-02ad-42e7-a626-7ebef638a847,7944581.260581173,7944581.937008622,7944589.250821249,5930,200,0.6764274490997195,7.31381262652576,192
cab03894-5303-4383-ae73-7a03239a641a,8e505307-8830-46b2-ac68-84a7d5dbd9a0,7944580.261240404,7944580.522424487,7944589.295390749,2900,200,0.2611840832978487,8.772966261953115,160
9ade7cfb-53fc-4d17-923c-de318e727c2a,1746f222-2ffd-4f94-84ff-98bd0a70124e,7944581.260588334,7944581.714309914,7944589.595390125,913,200,0.45372158009558916,7.881080211140215,224
01b9e262-982a-4671-825d-6219192c1cae,eecbcd88-7743-4e34-95b6-1c67dec9ac89,7944577.26054578,7944578.180606989,7944589.934162524,5566,200,0.9200612092390656,11.753555534407496,224
3e27b02c-f0bd-40e1-bf8c-8147c43eadc8,8f571481-bb6f-4a50-ba89-2ea91233c37d,7944582.260503661,7944583.078964703,7944590.163989789,5765,200,0.8184610418975353,7.085025086067617,224
9b94169d-73b7-410c-88ef-e3171b1a0c74,cfbe6bee-cd08-4654-810f-1a3b3025c764,7944582.260523442,7944582.926921596,7944590.166260783,6554,200,0.6663981536403298,7.239339186809957,160
75f4c721-b368-45ef-942e-bb238c5fc015,8deb1987-ae66-48b8-ad82-ef28a801bdb8,7944580.26123035,7944580.907165978,7944590.253438693,1901,200,0.6459356285631657,9.346272714436054,192
fabd94d0-1ba3-4d62-80cf-edac5c268a77,48f00f11-d6a7-4d60-b710-9751910c2b29,7944578.260474681,7944579.885230439,7944590.3040975435,5614,200,1.6247557578608394,10.418867104686797,176
4d782b08-645c-4c2b-a6c5-0ab5bb79f728,173d8474-31a7-49c9-a766-796c9ce56475,7944579.261147744,7944579.888276081,7944590.307275285,1624,200,0.6271283365786076,10.418999204412103,320
787ee12a-14ce-43a3-9b52-37bb482ba6c9,67a0b975-184d-4abe-91c9-e84646d0b743,7944581.260584778,7944581.973881233,7944590.309692085,3237,200,0.7132964543998241,8.335810852237046,192
1e5c36bd-4a90-48a3-89f3-ed9d10accb0c,ac2e9396-3cbc-47f4-b34f-0a22d08801cc,7944582.260513583,7944582.825668755,7944590.810487192,3676,200,0.5651551717892289,7.98481843713671,224
39e4b198-cc26-42d8-886b-a3c39a554399,d00c697d-7ae3-4f63-8c46-74cb115fcffb,7944581.260591502,7944582.233246887,7944590.908034219,5823,200,0.9726553848013282,8.674787332303822,160
e711477c-63d1-4a16-9460-fc767aa68dfc,6ba87a37-5514-486c-a5f6-0a7c5f9057f4,7944581.260594197,7944582.043690321,7944591.023249399,3470,200,0.7830961244180799,8.979559077881277,192
95658f26-6c54-4431-8551-ad6048919f6e,808d4138-729b-4276-b0a1-bb598e185260,7944583.260646562,7944583.386022937,7944591.21562389,888,200,0.12537637446075678,7.829600953496993,192
5d947f03-ee9d-4c91-91e8-f5922e15a3dc,c9eebcda-eea2-470a-a776-e217e9bdb657,7944582.260519918,7944583.017091872,7944591.477628812,5901,200,0.7565719541162252,8.460536940023303,160
9fb34f3e-f722-4b58-93ac-75dccb320bdf,3c65feda-6cb4-427f-8794-100421de1d7c,7944582.260526466,7944582.979936358,7944591.769320702,5768,200,0.7194098914042115,8.78938434459269,160
027c3ec3-6c3e-4485-97ab-4f7a439f8643,db1fb291-ef7d-478a-9b73-48146f6a8cd5,7944584.260251419,7944584.770185639,7944591.939946619,5739,200,0.5099342204630375,7.169760979712009,176
b8b28b37-1cdb-482c-b621-65d508bdf835,d37165ed-69cb-440f-a075-e298fee15734,7944583.260632471,7944583.949100182,7944592.2766962275,3221,200,0.6884677112102509,8.327596045099199,224
36665eb6-10dd-4397-b786-3b15888588ae,a985a02b-05ef-4ef4-872e-e27efa1ad38a,7944585.261129013,7944585.512819946,7944592.47494887,2727,200,0.25169093254953623,6.962128924205899,192
8ed1f767-a558-48ce-b9dd-fc4ea625d0b3,9b86c84b-a3fb-4ca2-85be-c0037ebe4e13,7944584.260258156,7944584.815620444,7944592.731618855,5871,200,0.5553622879087925,7.915998411364853,176
0b5fcfa6-cd20-4fc1-8524-1e5a182ff231,3d244e10-3c51-4e44-bce4-3022987dcfec,7944584.260255154,7944584.800153013,7944592.771204889,5965,200,0.5398978590965271,7.971051875501871,192
d3f2066b-ac49-4b13-aa18-c9c17d395875,57965c9f-d1a7-428f-b691-aa12d95ea40d,7944584.260237486,7944584.926768047,7944593.03305639,6036,200,0.6665305607020855,8.106288342736661,192
3bb3009d-c504-4598-b0e1-ca7b1b694f17,6cbbb375-c940-47eb-bdbe-1c9292cd44d7,7944586.260632495,7944587.043491574,7944593.182942621,3672,200,0.7828590786084533,6.1394510474056005,16
3ff4fbd9-2189-46d0-b2d3-ad1e9095ffc7,cbfc928e-2503-4065-b5ce-fed6fc8afe16,7944585.261125356,7944585.449079108,7944593.201256445,1108,200,0.18795375246554613,7.752177336253226,224
97c06855-2b15-4542-87f7-e344c03af2c1,fc991f32-f1b6-4afe-ba3b-a472773d0110,7944585.261132333,7944585.978097628,7944593.235395115,3167,200,0.7169652944430709,7.257297486998141,192
eabca4c9-f11d-4e11-9bca-5fcf034c1ff1,25236658-a6aa-4462-813e-c90ddddf0d4d,7944586.26063987,7944587.391943279,7944593.521706411,5894,200,1.13130340911448,6.1297631319612265,224
35fb5878-6cce-412d-9561-51352cd5a2c3,675afd83-9b5b-45b7-9f5f-7e5d89f0c9f2,7944587.260953561,7944587.699951173,7944593.544763793,4140,200,0.43899761140346527,5.844812620431185,176
76686788-d112-4d97-92a5-e67dc931ea3a,c36617c0-5ee9-428f-8eb3-fabed3fcffc7,7944586.260635796,7944586.619814107,7944593.62963132,2819,200,0.35917831119149923,7.009817212820053,160
a0f79cdc-b6c3-4b03-abc5-71b33cfc6798,558d1a32-11e7-4870-b268-20a3c0b14d67,7944581.260566531,7944582.043334623,7944593.783795239,5763,200,0.7827680921182036,11.740460616536438,160
70e8797b-9e1d-4936-bbda-5547c6483a1d,67175028-e3cc-49e9-98a5-1253f05846f8,7944586.260629217,7944586.998283269,7944593.984268051,1060,200,0.7376540517434478,6.985984781756997,224
f2f94ead-7b6e-4de7-9e08-6c696c06567a,bc5c74d8-eb34-4a1c-8ed5-ee4fc1418410,7944586.260610523,7944587.3228351595,7944594.053251525,6059,200,1.062224636785686,6.730416365899146,224
f41c2a06-fdf0-443e-a1ee-73ce1a600d34,81f9eb5c-a80a-4900-a905-f6adea401077,7944586.260646324,7944587.316629171,7944594.048350943,1584,200,1.0559828476980329,6.731721771880984,224
28301ed2-c5ec-4efc-bf94-cdd7f6e3fcd1,27d34d22-9260-40a3-99e2-e20e86c4cfe7,7944587.26096366,7944587.588372725,7944594.070384485,3509,200,0.3274090653285384,6.4820117596536875,160
cbfc5301-5f8a-42fe-b8d9-766b1679fd64,00d31eb0-b908-4fd8-b7c3-40330a3b5089,7944582.260517121,7944583.187550568,7944594.15643861,5836,200,0.9270334467291832,10.968888041563332,224
bbf6c50a-dd2d-4593-bbab-1a41deb84118,efedac55-57dd-4acf-9f7e-f6bbd7243fbe,7944587.260957431,7944587.487351744,7944594.249292291,2377,200,0.22639431338757277,6.76194054633379,160
80271f53-6018-4cc2-ba29-a7924524d826,3e53059f-27ed-453d-a3cb-045b4aa7f847,7944587.260960198,7944587.697015301,7944594.283060203,4572,200,0.4360551033169031,6.58604490198195,224
b17be7a2-10c0-418d-8ede-df9e9c453b35,a9ee696e-7782-458b-b0e3-a5f993f4a8eb,7944586.260625645,7944586.81584315,7944594.408480639,5878,200,0.5552175054326653,7.592637488618493,176
7ddb3b2c-1348-4b1e-b2f6-7d893e9e2529,faaf4675-e336-4c29-ba22-f21742dac9e8,7944583.260643219,7944583.963309339,7944594.42557798,5841,200,0.7026661206036806,10.46226864028722,224
e8fcdcc0-1f30-43a4-b4d1-ddedf1b84c5c,af4b1375-aefd-45d5-8a5c-3dd4d84c4dc4,7944586.260643148,7944586.866640154,7944594.43635119,5921,200,0.6059970064088702,7.5697110360488296,160
9fd59227-4f67-4df8-9742-390298f309fa,2f05deee-6ad5-4e5e-aa8d-17b94344b163,7944584.26024752,7944584.93336162,7944594.660630623,5861,200,0.6731140995398164,9.727269003167748,224
3b9b0255-66e5-4f0f-9a41-1b4aed8699e7,773fcc75-711c-4081-bfea-8e9f5d5f8c42,7944589.260520715,7944589.596499773,7944594.769796391,1958,200,0.3359790574759245,5.173296618275344,160
0841368d-3d69-4b60-93ac-e312db25c671,a652313c-8964-4423-b134-65f44458edb1,7944587.260942421,7944587.538815906,7944594.825324381,3209,200,0.2778734853491187,7.286508474498987,192
1f090b6c-04fc-4f6b-8d1a-5a2e0b2f1711,fb070aed-59ed-4076-890d-d41bb370b24e,7944587.260968125,7944587.983039189,7944594.831939416,3832,200,0.7220710637047887,6.84890022687614,160
db26e85d-4197-4dcf-9282-df9ca65fedec,6f4051d6-8003-4af8-be6a-137219b04ba5,7944588.260809978,7944588.827109515,7944594.844337362,6480,200,0.5662995371967554,6.0172278471291065,192
606e6962-8145-4ef1-8ada-8aefcdf7f62e,06e322b2-e2e0-4c72-a22b-f12dc16e4101,7944585.261116645,7944585.774641791,7944595.02605022,5948,200,0.5135251460596919,9.251408428885043,176
e050244a-42ea-4611-bf32-662f3e5f51b2,de528792-7b2e-4008-9f06-3c9229e60e2f,7944588.260820802,7944588.498992268,7944595.065943853,2333,200,0.23817146569490433,6.5669515850022435,224
ae8ef9b4-29b3-4fc9-b712-ef6ae8dd1db1,f21c3799-f3ff-498f-be2e-8982bdfe2ecd,7944588.260824602,7944588.423540933,7944595.117069412,1252,200,0.16271633096039295,6.693528478965163,192
92147930-f0e4-4b32-9da9-300681dbe813,32379e4f-c52b-4533-87e4-7ccbc01e4871,7944589.260523196,7944590.098889391,7944595.318044001,4139,200,0.8383661946281791,5.219154610298574,176
38a29560-1139-4336-8647-8667a36d2717,73d8e0e8-1341-40a5-b0d5-094ca0aac9e0,7944589.260503849,7944589.903765834,7944595.925335708,4716,200,0.6432619849219918,6.02156987413764,176
f7a19df9-a5a1-4db4-9ba6-5395a620bb5f,d320f06b-a0b4-4a9d-b201-e2bc260657f4,7944586.260621767,7944587.129291336,7944595.985815741,3975,200,0.8686695694923401,8.85652440506965,224
51af82b8-ee10-4880-9d01-1a75546cccd4,5fdc8d1b-9130-4255-8d8f-69525a57c9d9,7944589.260526245,7944590.028541147,7944596.004196454,3272,200,0.768014901317656,5.97565530706197,176
7763a9ed-316c-4691-9203-693d41c94c3e,17f52023-20f0-4ba4-8129-16c153a0bb0e,7944589.260517687,7944590.089653752,7944596.030640758,4371,200,0.8291360652074218,5.940987005829811,160
fe99ad5d-b4b8-4d20-b5b5-59d84057ec66,307c55d5-8ee9-4aec-850b-cee5f644152a,7944590.261049974,7944590.860349874,7944596.09297194,6618,200,0.5992999002337456,5.232622065581381,192
d5b11557-d922-4d8f-b5ae-87f67392cd92,70040244-0ba8-4018-b9e4-d79962cfab6a,7944590.261046722,7944590.787568851,7944596.263725459,5851,200,0.5265221297740936,5.476156607270241,224
03dada3f-c6c0-4119-828b-798b1c59bdb9,32fb687a-464c-4e34-81ac-888a775f869d,7944591.260621102,7944591.577016064,7944596.508392763,2199,200,0.31639496237039566,4.931376699358225,192
44711dc5-4311-4c58-9b5e-46c7778a3d73,0c737e2d-f398-481a-b5d7-001a67e75a1c,7944591.260606925,7944591.576652635,7944596.5535910865,3312,200,0.31604570988565683,4.976938451640308,176
86942634-3082-48ae-a067-43c10d4d0230,6765a657-895e-4f86-948f-60d5c92ec33b,7944589.260529063,7944590.211041073,7944596.733402301,5880,200,0.9505120106041431,6.522361227311194,176
2abb76b0-ef59-48f0-8f17-ca16ab7cc812,173d8474-31a7-49c9-a766-796c9ce56475,7944591.260617899,7944591.837933313,7944596.935344497,1678,200,0.5773154143244028,5.097411183640361,256
866a1234-6894-4f85-b74f-006db1e73e8d,41128b96-fd4a-4c4f-ab0e-4f0be9d70919,7944589.260514131,7944590.203581279,7944596.985024555,5818,200,0.9430671483278275,6.781443275511265,192
f2f9afcf-d3c0-4cf3-8b97-c80f1dae4d04,91e22163-b1ce-41e5-803d-070d44488e41,7944590.261038488,7944590.767932773,7944597.108986332,5746,200,0.5068942848592997,6.341053559444845,192
840553d0-e065-4e65-a0db-a52c60a2661b,4ea0b07c-fe43-42ee-a874-dd65caa61064,7944592.260965803,7944592.412833168,7944597.23374697,923,200,0.15186736546456814,4.8209138019010425,160
dc556668-256c-4ca3-b4b5-6a410afc5228,47290926-f76b-42a0-b6b0-95ae3ac5a196,7944591.26060257,7944591.605172778,7944597.242667174,3351,200,0.3445702074095607,5.637494396418333,16
12150a9d-de37-4395-bbde-c9b92ba90e33,029edadb-b234-4d39-a619-c56cc85e964f,7944592.260969044,7944592.429652572,7944598.128680847,1441,200,0.1686835279688239,5.699028274975717,192
c5e24dc1-fe34-4f68-ae58-514d6892ba19,968a1f33-46fd-4a53-ac57-a44567e4fc97,7944591.260582679,7944591.777306384,7944598.765279294,5915,200,0.5167237054556608,6.9879729095846415,224
ee66374f-a558-4abd-a089-341d442834b5,238e0114-a854-4abc-967f-54062126b3e7,7944593.260628166,7944593.532438171,7944599.072520881,3057,200,0.2718100054189563,5.540082709863782,176
6d67a742-3751-4f0a-ab44-82d2dbcbf9b3,929b8a4f-ae3d-429e-830a-f69897f7f505,7944592.260954834,7944592.745068558,7944599.216212958,5440,200,0.48411372397094965,6.471144400537014,160
a130ed7c-1300-47a4-b495-9952f140c085,41fd5310-0f46-4007-8b30-1bef61ff04ee,7944594.260393032,7944594.360412494,7944600.1796916835,907,200,0.10001946240663528,5.819279189221561,288
2aeba9f6-a436-4822-ad6b-9d76cb65d0e9,d769c8e7-545f-4504-930e-6fb89f07eeaa,7944596.260615565,7944596.514446177,7944601.258491299,2961,200,0.25383061170578003,4.744045122526586,288
140eb5cf-7581-433e-bc9d-a5981743b0ef,b2e5c2f2-ace4-4fcd-a84f-e1ad661d87cb,7944594.260369178,7944594.6549922135,7944602.005296226,4422,200,0.39462303556501865,7.350304012186825,192
9cf2f42b-88f7-4100-af96-7e6851b49d4e,a927ad72-e15c-4517-96ee-5a0ed021604d,7944595.260235906,7944595.785687744,7944602.767630119,5976,200,0.5254518380388618,6.981942375190556,176
9aca9e81-0ae5-4b9b-a3c6-ad31514fa8d5,8cf69dd1-e5ec-4dcc-92df-c7d7e0e9221d,7944596.260550352,7944596.3904133,7944603.007415784,1219,200,0.12986294832080603,6.617002483457327,176
dd432a2b-f73a-4922-b7df-9be2962e4413,e9333846-4b52-4552-b7b0-49ce8f3d396a,7944595.260246515,7944595.447836224,7944603.128359868,1920,200,0.18758970871567726,7.6805236442014575,160
05c71395-75fb-4198-a140-d7dcdc4c7abb,136c09df-f87e-45ff-b30d-813886566a5b,7944596.260597253,7944596.721733721,7944604.019602943,5793,200,0.46113646775484085,7.29786922223866,192
7e81664f-4d81-4e69-8be7-ecaa634191af,5f1dfde8-0414-448f-b867-af9a8603ce0b,7944597.260405941,7944597.703618406,7944604.166657942,4794,200,0.44321246538311243,6.4630395360291,176
d5608814-7394-4ad4-957b-4a14bc83618a,97e6ae57-69da-4647-a7d0-d90457e6abcc,7944598.260297443,7944598.452888231,7944604.648573573,1998,200,0.19259078800678253,6.195685341954231,192
daf5d0be-cda9-4add-ac2a-49f84b734439,e3dd554f-367d-4384-ab25-a1c69ce5e46b,7944597.260384308,7944597.463371814,7944605.476662223,1903,200,0.2029875060543418,8.013290408998728,176
48490015-6b7d-4acf-a0bf-5b1810794d64,d5425635-66a0-41d5-81d0-ad9595409e38,7944599.260788591,7944599.783183771,7944605.581477042,5918,200,0.5223951805382967,5.798293271102011,160
76503f10-e0bd-4496-8f51-823d17ee613a,fd66c258-5859-4553-99da-0f386f57432c,7944599.260799474,7944599.714624632,7944605.80607732,5080,200,0.4538251580670476,6.0914526879787445,160
4bc2ba16-578f-470b-8b79-352e24ab2211,9728b43f-13e5-4f1c-b6d4-40db13828d76,7944598.260352399,7944598.7545886105,7944606.010053259,5809,200,0.49423621129244566,7.25546464882791,176
2f285ca0-c3f6-4beb-a8a4-3c673befe362,0a8f817b-a718-410e-a942-023e11cee743,7944599.260764064,7944599.745628883,7944606.164789397,5772,200,0.4848648188635707,6.419160514138639,192
635144ae-8cc4-49bd-a846-61eccb276445,45e7f1a3-6b50-4b00-bff3-e4a8f31e6793,7944601.260341774,7944601.63763262,7944606.481979573,4768,200,0.37729084584861994,4.844346953555942,192
990fc828-ba07-4380-955f-c8bd39d17cac,db50af28-fa33-4f95-803d-71036af6bdbe,7944600.260454554,7944600.927282433,7944606.627542137,5923,200,0.6668278789147735,5.700259704142809,176
3df6681b-0330-4850-a24a-454b471ee21f,b9b7e5f2-0bd9-4d16-914a-3c4fc4e7dc4d,7944602.261087379,7944602.354526073,7944606.832707271,487,200,0.0934386933222413,4.4781811982393265,160
19b07a0f-e63b-4580-aa44-f129181cb989,7478b6c6-9274-4639-a17e-c22dceb7abc8,7944599.26079492,7944599.502095769,7944606.925800921,2399,200,0.24130084924399853,7.423705152235925,192
7e562587-f157-4294-a357-de0178deadb2,1f10b2d7-9302-4f7e-adfd-f3c4f7c6944c,7944599.26071057,7944599.5932100285,7944606.942983611,3695,200,0.3324994584545493,7.349773582071066,192
f9911032-1854-4616-8e67-50cb6e8c9643,3327e22a-e47a-4e28-ab49-61feb0f8ccd2,7944600.260405407,7944600.612014829,7944607.009005683,4075,200,0.3516094218939543,6.396990853361785,176
078a856c-1472-480d-ae0a-968600ffb31d,6963d70e-8a78-474a-aecb-3a11623672b1,7944602.261156837,7944602.561139572,7944607.832701671,1366,200,0.29998273495584726,5.2715620985254645,176
622b18f9-99ac-4050-a8a7-d5cf1731d701,5a9ab48e-691b-47c5-8cd3-56c1907a079f,7944601.260356945,7944601.916219528,7944608.008523422,5723,200,0.655862582847476,6.092303894460201,192
37e6658d-f732-4b25-aa90-fe1b0cab504c,3c65feda-6cb4-427f-8794-100421de1d7c,7944602.261166005,7944602.74782716,7944608.102965191,5706,200,0.4866611547768116,5.355138030834496,176
c319cb63-b085-4919-a3a6-9865cdf0fe9f,e793cd05-3809-4e36-8e78-d44bc000c93e,7944603.260394357,7944603.775120036,7944608.933068954,5894,200,0.5147256786003709,5.1579489186406136,160
07861cf5-cccd-4a0a-8160-2dd272fe75b2,4da8fb42-3983-40f2-bef1-a8d32802c74f,7944602.261161115,7944602.750952903,7944609.005417775,2674,200,0.48979178816080093,6.254464872181416,176
484c0800-2417-440e-80ee-ce1ec573b172,0883483d-ba52-4103-b119-afeaa09302ef,7944603.260484673,7944604.002017855,7944609.026289965,5809,200,0.741533181630075,5.024272110313177,192
d5aec7e8-8283-4966-9c5d-e5cc712586c3,94d515a9-ef0d-42ed-ace0-0af11d850115,7944602.26107516,7944602.520740336,7944609.111059731,2563,200,0.2596651762723923,6.590319395065308,224
230ba97f-f79c-4f50-888b-cb6a64e0fe8e,b5b79d80-d814-4a6c-9f3d-7d392ce15643,7944602.261136435,7944602.466236535,7944609.286940776,2199,200,0.20510010048747063,6.820704240351915,160
860a3035-b345-4354-b525-58542b0f1168,4c23bd5a-bf9f-4ee2-a8bc-c19f72ea4b9d,7944604.260917405,7944604.523575235,7944609.607152555,1557,200,0.262657830491662,5.083577319979668,160
0cc971d4-c4fc-42d3-b1f6-ffc1d822373b,f9b63fbd-926e-4b5a-a306-1e20c2f21778,7944603.260455464,7944603.703758963,7944610.030841597,4927,200,0.44330349937081337,6.327082633972168,160
2516d7ce-77a3-49fd-9317-2a4944b35fe6,7ed7ebb9-c4ac-496b-a503-cbbd0dad0d9e,7944603.260479548,7944603.8838781305,7944610.116812999,2424,200,0.6233985824510455,6.232934868894517,160
c2e33126-b3a6-4a5a-8bc4-d5b796bf1e62,86299f69-c775-484b-b143-609a8de38115,7944604.260921182,7944604.406778026,7944610.324357863,726,200,0.14585684426128864,5.917579836212099,160
7ddc9f38-48eb-4423-8ac2-6c7f08758d04,2a455136-68a7-4f2e-ae04-e584f979ee34,7944604.260931242,7944605.119382038,7944610.921410518,4971,200,0.8584507955238223,5.802028479985893,176
cc7bb467-2e30-461a-9687-8f0b5df5d33c,cae64ee8-4011-44ef-9331-c924f5e429be,7944604.260927907,7944604.599791101,7944611.06110568,2527,200,0.33886319398880005,6.461314578540623,176
46c300ca-b8e5-403a-8476-4bdaf0e7cb69,173d8474-31a7-49c9-a766-796c9ce56475,7944605.261167514,7944605.42878222,7944611.097589433,1725,200,0.16761470586061478,5.668807213194668,320
0720abb4-57e4-4d08-a55d-9c53a5c65964,2a2ae2a8-7cce-4581-8c57-146abd9d9090,7944605.261156198,7944605.361218674,7944611.227456347,531,200,0.10006247647106647,5.8662376729771495,224
b3ebd8a7-5db0-43f0-8e39-50b165e0b35d,187f15cf-abd4-40d5-b327-1bd0cec63671,7944605.261185328,7944605.598208562,7944611.943253037,3881,200,0.3370232339948416,6.34504447504878,176
0ecde0e6-4267-46f5-b7ef-6013f57fb6f7,3d4bb9ce-f904-4d3e-9ad9-28a3dced33aa,7944604.260899982,7944604.718009967,7944612.010209667,5052,200,0.45710998494178057,7.29219969920814,160
55623d95-d4e4-483f-9944-642de72c8239,4bf9a1b8-5289-460f-817e-659616fb5993,7944605.261181465,7944605.7393635735,7944612.106820949,5954,200,0.4781821081414819,6.367457375861704,192
2ed0df2a-789c-4de0-b2d7-c3ffc604ccbd,5fdc8d1b-9130-4255-8d8f-69525a57c9d9,7944604.260924146,7944604.619435796,7944612.131718234,3272,200,0.35851165000349283,7.5122824385762215,3264
012025c5-9c34-447d-8927-c9463fa39816,27d34d22-9260-40a3-99e2-e20e86c4cfe7,7944604.260912715,7944605.035190027,7944612.800976382,3509,200,0.7742773117497563,7.76578635443002,160
52e2716b-0dad-40d3-ac28-fa795816186f,10d802c2-a294-4971-99fd-28d0464b03a3,7944606.261037291,7944606.37878617,7944613.085319456,1031,200,0.11774887889623642,6.706533285789192,176
1513d42d-5e97-4336-a368-b42fb3fe5811,32fb687a-464c-4e34-81ac-888a775f869d,7944605.261131622,7944605.451325865,7944613.089466552,2199,200,0.19019424356520176,7.638140686787665,192
84a4611c-ab26-4dca-9b3d-cce1a13e5185,0fd4279a-26c5-4067-ab88-75febf63597d,7944606.26101584,7944606.739315732,7944613.1502085375,5791,200,0.4782998925074935,6.410892805084586,176
16284c63-d52b-4b19-ae0b-8622edf91f3b,c6e18b90-e57b-498d-a257-de89d96b372c,7944606.2610414,7944606.950105802,7944613.268353068,3110,200,0.6890644021332264,6.318247266113758,192
269b5f06-06dd-4c2a-b447-86838223612f,008dd8be-2869-4ff2-8840-18c17714b28a,7944607.260294513,7944607.352470285,7944613.914631703,682,200,0.09217577241361141,6.5621614176779985,224
67a94c48-6804-4084-9f7c-3f535dc8bf2c,307fce6d-c2b2-4dae-aea7-ddfb228a713a,7944606.261048623,7944606.993425694,7944613.983012951,5807,200,0.7323770709335804,6.989587256684899,176
4300dde0-be57-4039-956f-61562de2329a,6a0ac87a-e917-4b52-bf8d-10689801e4bb,7944605.261172192,7944605.541984655,7944614.356451082,3081,200,0.2808124627918005,8.814466427080333,192
73b0e943-e835-493d-aaa6-6ab26bda6362,de6ab6cd-502c-4f93-87be-5d526b706d0d,7944607.260327814,7944607.741348625,7944614.401518301,5952,200,0.4810208110138774,6.660169675946236,192
915f8b19-ef56-48b0-80e5-2e64cbd4233f,de97fead-7ef2-4b4d-af77-6f2fa230612d,7944607.260318694,7944607.970749645,7944615.223387418,5929,200,0.7104309508576989,7.2526377737522125,176
d204290a-294d-4ba5-9fc1-2102e19eef66,ec13b1d0-76b0-4b76-b16c-1f1ba5a32e9c,7944607.260331331,7944607.989429862,7944615.311718034,3967,200,0.7290985314175487,7.322288171388209,160
ab31877b-97c7-46bd-95dc-9041d4888fd4,850a9e15-1175-420d-83de-67148187b5e5,7944608.260374916,7944608.451548642,7944615.725777895,701,200,0.19117372576147318,7.274229253642261,176
7b17e084-8898-42ee-8b3b-b8b5338682a6,b1cb652a-67d4-44c4-a3d6-11f8ce62329e,7944608.260371337,7944608.770029425,7944616.120852475,5174,200,0.5096580879762769,7.350823050364852,192
2c355cab-f1f3-4761-904c-2a2709f55428,9c12cb33-cb8b-46f3-b54d-8d364af5f3c9,7944610.260651466,7944610.768142615,7944616.2012502225,2220,200,0.5074911490082741,5.433107607066631,192
7e3f8fd2-4061-4210-bd4c-ded55207e415,5c6dac57-aba8-4008-9b1b-2dc74818894a,7944608.260377766,7944608.799659715,7944616.893708293,5469,200,0.5392819494009018,8.094048578292131,224
b74b3741-b7a5-463b-a13b-aeee61f76f43,a11dd54d-1ecf-4edb-8876-8bcbbf55cb77,7944608.260361455,7944608.511387277,7944617.015831405,1536,200,0.25102582201361656,8.504444127902389,160
efcc4876-2ecb-457f-be56-5adf352fa331,57a91587-71d3-4b42-b57c-e9022c37163c,7944609.260390192,7944609.897128104,7944617.24698305,5999,200,0.6367379119619727,7.349854946136475,176
862938f3-c131-4e58-9e5f-45d27e4ce2d9,9bc4feee-617f-4059-8c66-f3a6b1d07f17,7944611.260731038,7944611.484728845,7944617.26957202,2304,200,0.22399780713021755,5.784843174740672,176
94e9a0bc-e04c-405b-ad7c-5681cd96e49e,b2adb0c3-8839-4059-becb-292eecf840fb,7944609.26038698,7944609.743057621,7944617.903563692,5915,200,0.48267064057290554,8.160506071522832,176
5623c0eb-5539-4187-812e-98e3268dc3c7,abcf79af-7bcb-4a44-bac7-cf7c8ee297aa,7944612.261056948,7944612.811712891,7944618.104023573,5844,183,0.5506559424102306,5.29231068212539,176
43f05e6e-a1aa-4b43-a322-18dc902e6ea8,3bbe7a32-b751-4c03-9865-9f62ef479d14,7944610.26069237,7944610.576474597,7944618.103751079,1815,200,0.31578222662210464,7.527276482433081,176
ef7ee5b2-315c-4fd2-9d32-fbf2ed4ec81f,dee31f57-0db9-4efb-ad6f-509637e9dad7,7944610.260593151,7944610.860892233,7944618.128043284,1995,200,0.6002990826964378,7.267151050269604,176
6381bfab-2039-454e-96a0-add34bb4a882,6f90c4ab-65aa-49a6-ba03-ccb6cd74af3e,7944610.260696274,7944611.0306424815,7944618.8789244015,5891,200,0.769946207292378,7.848281919956207,176
65153067-ba32-48b4-b257-d9d9e2af1ca2,15e18881-cbb9-4802-a422-20808dd1ab23,7944609.26037272,7944609.5109142,7944619.072196357,2559,200,0.2505414802581072,9.561282156966627,176
288f9e00-976e-40f2-b6be-262af0587059,a16f5240-7964-4ea6-8660-0762c30468df,7944610.260682632,7944610.5088024195,7944619.72807058,2382,200,0.24811978731304407,9.219268160872161,176
dc70e709-8869-4692-aea3-f9310b9014a3,f930fe97-9b9d-4eda-a442-77a83ed574c8,7944614.260550006,7944614.635384801,7944620.10058421,3312,200,0.3748347945511341,5.46519940905273,160
c60622a5-ec1c-41ab-8c9e-fcf33ecd73ca,70040244-0ba8-4018-b9e4-d79962cfab6a,7944612.261060171,7944612.854662806,7944620.17487172,5839,200,0.5936026349663734,7.320208914577961,224
ed0823a7-6875-4027-bf4f-b3c1ec085d43,584dad95-d36b-497a-92bb-3cefd7fd8072,7944612.261030804,7944612.802074849,7944620.259163115,5945,200,0.5410440443083644,7.4570882664993405,192
46c8c766-99b1-4832-96b5-94346009e2fa,ba04113c-f39c-42e2-9942-9e943a5f3a91,7944613.261236376,7944613.869999361,7944620.707638113,1692,200,0.6087629850953817,6.837638751603663,192
dc667a1e-c7d8-4623-8552-0872f332b6b4,43515880-6b47-44ce-ad5a-c143292b1649,7944614.260542282,7944615.013915701,7944621.196868947,5961,200,0.7533734189346433,6.182953245937824,160
9f5fd59f-931a-408d-8630-0d547b825e47,40d78c7c-f309-472d-9723-03a3659022b7,7944609.260383497,7944609.3803506605,7944621.203823224,1204,200,0.11996716354042292,11.823472563177347,192
52bba95c-93ed-4fd5-be79-aaf8b568a9e4,dc6a24a9-28a9-4c0c-84ed-02457cc09129,7944614.260560285,7944614.908732586,7944621.840743725,853,200,0.6481723003089428,6.932011139579117,16
2cdb4dde-c05b-4f08-a345-5788a2841215,f21c3799-f3ff-498f-be2e-8982bdfe2ecd,7944613.261209215,7944613.675526498,7944622.046969078,1405,200,0.41431728284806013,8.37144257966429,192
5b5dbed5-64c5-4f93-a694-ed15fa1a9a36,4dc898de-9d0d-4eef-9608-2e7f5c017b44,7944611.260757847,7944611.890592362,7944622.0758567145,4720,200,0.629834515042603,10.185264352709055,192
491bdc52-c51a-4693-b823-71647f75701e,17f52023-20f0-4ba4-8129-16c153a0bb0e,7944616.260724516,7944616.661522706,7944622.239095183,4584,200,0.4007981903851032,5.577572477050126,160
46cb8237-fa59-4039-b3ff-c898ade58da3,db793246-9873-488a-8c36-68b6c758735d,7944615.260949216,7944615.487946057,7944622.265227534,2302,200,0.22699684090912342,6.777281477116048,224
de37eaf2-2b4c-410f-8363-a951ff1819f3,ae2e8592-a20d-44b2-9ac8-d0abc430102f,7944612.261052861,7944612.961269699,7944622.335084161,2715,200,0.7002168381586671,9.373814461752772,320
c2c233ef-f430-48a6-9c66-1b510cccfd0e,84fa6356-b99b-42cc-943e-4313c53f37a8,7944610.260688207,7944611.385476331,7944622.77591905,6798,200,1.124788124114275,11.390442718751729,224
8bbef85d-7cf1-4c40-82dd-d4d8764a57e4,4c0997d5-2aec-4027-a2f1-cdad7df5163a,7944617.260410291,7944617.689574456,7944622.802560905,592,200,0.42916416469961405,5.112986449152231,288
8e6a5290-f5f7-47ad-a75c-a7b7a9f31298,509e694a-3fe7-4d92-89a0-f7d32c4d3964,7944611.26074952,7944612.257134672,7944622.8337594,5348,200,0.996385152451694,10.576624727807939,224
5f7180b9-619a-47f9-87ed-4c44a1bfa783,c97a374c-d25c-47eb-bcd4-8d00e4cf68d8,7944612.261072219,7944612.997238173,7944622.887521091,3095,200,0.7361659538000822,9.890282917767763,160
7adb61e4-8fab-4d0d-87f4-4b2829939651,2cdf6e17-98f6-4422-b801-386c14474a71,7944614.260534965,7944614.533962311,7944622.956328594,436,200,0.27342734578996897,8.422366282902658,288
da09b02a-d1b5-4a17-85d7-3dad3468d3e7,b1b62e80-fa7e-4971-91ba-8520394e2045,7944610.260677261,7944611.135503931,7944623.293022545,2924,200,0.8748266696929932,12.157518614083529,192
4f7626de-e664-4cf4-ab52-797a0fc8a7ec,31d285ac-fc75-4253-9dbd-ca2580bb03c1,7944613.261232371,7944614.105673877,7944623.332823684,5107,200,0.8444415051490068,9.227149807848036,224
b9af30da-d920-43ad-a694-8a500f42d7c6,773031a0-4df5-41b1-9031-e9c5d037efa1,7944616.260677286,7944616.425332258,7944623.6481552925,1841,200,0.16465497203171253,7.22282303404063,192
4dc4882e-3aae-4c93-be52-c21038b328ff,5528d602-0065-4aee-a2d6-8421c7efbbb5,7944617.260419487,7944617.485413975,7944623.84351012,1229,200,0.2249944880604744,6.358096145093441,224
43ba7e96-5fb8-4729-8e3c-69f6a72eeae8,c6a375bc-b50a-4597-9716-5f2339a823ae,7944618.260536521,7944618.629368886,7944623.9597521145,2758,200,0.36883236560970545,5.330383228138089,224
dc647ffa-4d17-4f8f-828b-0cabc6fdc6f4,68be2e78-fd86-4254-9162-87ef98236296,7944614.260539133,7944614.893085136,7944623.997179771,4148,200,0.6325460029765964,9.104094634763896,192
0b647a3c-5eaa-4c97-a6c0-ac97f27c9e39,78c52aa7-54ff-4215-918f-225351f4fb8d,7944615.260953638,7944615.766189571,7944624.205358635,5717,200,0.5052359327673912,8.439169064164162,224
25cfd424-0afd-4bdc-8e8c-912eddff9137,06d076b9-40b8-4297-8b75-54eca6130a42,7944617.260392543,7944617.807212875,7944624.265699313,3033,200,0.5468203322961926,6.458486437797546,160
a7a16462-5fe4-4747-8c4a-b175c13d98da,407ddf5a-139c-4828-921e-c70aad421b68,7944612.261063693,7944613.024346931,7944624.54420282,4555,200,0.7632832378149033,11.519855889491737,176
e3499d8b-9115-4340-8e6d-28a60b09b738,bcb9a03c-7a7d-4221-8d1f-5f52836f8b7c,7944614.260553163,7944615.050252484,7944624.636909572,3160,200,0.7896993216127157,9.586657088249922,224
532608f4-b929-4199-90db-48109d403291,47290926-f76b-42a0-b6b0-95ae3ac5a196,7944615.260957924,7944616.006205446,7944624.767031184,3370,200,0.7452475223690271,8.760825738310814,288
9ba7cd9a-8532-4e3f-96ed-b1464ffb0a23,828db195-ca5a-4484-848e-1fc6ac242624,7944613.261239298,7944614.230583981,7944624.977963075,5834,200,0.9693446829915047,10.747379094362259,176
04cd048a-e6f1-4e4f-9c4c-be3a06cfcab1,b8b3aa08-15cd-45c8-b069-5a34a697815c,7944614.260514066,7944615.013004964,7944625.150185181,5889,200,0.7524908985942602,10.137180216610432,192
8e6801eb-8bad-430a-b2cd-78510cb3e4d2,bd8b9a21-6e85-459a-809b-68db2cf2042c,7944618.2605775,7944619.152282024,7944625.159981289,2729,200,0.891704523935914,6.007699265144765,224
12c890d9-5c28-4aeb-b7d4-686ea638fcfb,c3d496a4-2080-4ec5-b544-6c3443dffdf3,7944618.26055907,7944618.815868579,7944625.168366865,4936,200,0.5553095089271665,6.352498286403716,176
8533591b-30c8-4d15-a45b-e841d2dd6ad1,1326464b-c372-47f9-8850-927fd5f180aa,7944615.260919409,7944615.842104709,7944625.230233093,5607,200,0.5811852999031544,9.388128384016454,224
d31b5fb7-e51b-4bd9-8b8b-b01f221afcaa,08617b02-e213-4095-a1cd-ed95f33fb542,7944614.260556561,7944615.837815988,7944625.22758358,2794,200,1.5772594269365072,9.389767591841519,192
687940a6-98fc-44df-aa75-877a15771c61,f08a5a98-ba52-4eb6-9dfc-c3e02b3c3c96,7944615.260961667,7944616.202481104,7944625.985379164,5836,200,0.9415194373577833,9.782898060046136,176
e6b78da3-63c8-427c-a34d-b57f43d95b4b,983c6b10-a629-42aa-9aba-1fecdf2e8c5b,7944619.261033272,7944619.368945867,7944626.081351202,869,200,0.10791259445250034,6.71240533515811,192
b67ca556-e784-4b57-975a-6d54adc59a21,af4b1375-aefd-45d5-8a5c-3dd4d84c4dc4,7944617.26042324,7944618.313404822,7944626.162375167,5921,200,1.0529815815389156,7.84897034522146,160
ad1dab7d-ea05-49fd-8998-66da390059ae,b3b1f241-4f97-466c-b9af-0701c1476d26,7944618.260570667,7944618.939749634,7944626.228285197,5885,200,0.679178967140615,7.288535563275218,224
cc54ea1f-d0a6-4a7f-873d-7b44608f7049,7c8adab7-544c-4106-916a-d86d02536d30,7944617.260427154,7944618.167238667,7944627.255266569,5773,200,0.9068115130066872,9.088027901947498,176
d00340c3-a0dc-471c-92ca-5799fc4dbd73,b4ccd658-c53e-48f2-80b3-bdc3daefd3b0,7944618.26056676,7944618.759722801,7944627.5465360535,4375,200,0.4991560410708189,8.786813252605498,224
e4a1b20e-1621-42e2-987d-abbbff9db094,a4910820-870d-4238-922d-93ffdf3d500c,7944622.260591088,7944622.416964735,7944627.897094101,1299,200,0.15637364704161882,5.480129365809262,160
a08f4a76-0a08-4070-b40a-dd3162a5684d,8205a582-0870-4530-86d0-ed900328ac62,7944617.260413272,7944618.221765436,7944628.058471618,5850,200,0.961352163925767,9.83670618198812,160
b5849be2-0949-4717-bbb7-741ee07e0fdd,5a9ab48e-691b-47c5-8cd3-56c1907a079f,7944619.261014606,7944619.742883173,7944628.13650508,5760,200,0.4818685669451952,8.393621907569468,192
c91a8aaa-f248-4770-915a-e26f9094ac02,cf53ec7b-8773-48c4-bfea-fbe3da37a269,7944618.26055294,7944619.00159625,7944628.223341559,5879,200,0.7410433096811175,9.22174530941993,160
87d409f9-fc2c-4689-89fd-dfd6bb2a4a83,6e7cc52a-11de-432c-9428-ed0bba4d276d,7944617.260404147,7944618.132932038,7944629.000363708,3987,200,0.8725278908386827,10.867431669496,160
23dcb670-f5ec-48c7-b5ab-8f85935038dc,91817d88-3093-4655-a55c-1e6106fc4d42,7944618.26057414,7944619.1809293935,7944629.05600576,5790,200,0.9203552538529038,9.875076366588473,176
246afa57-949b-46d0-bedb-bb50eac03b61,1cda0d46-618b-4b7a-b957-319fe6d96516,7944618.260563312,7944619.293230025,7944629.303207706,6341,200,1.0326667129993439,10.009977680630982,192
a3d84907-46ca-4e07-b068-eb529ecd1993,4da8fb42-3983-40f2-bef1-a8d32802c74f,7944621.260461845,7944621.602544087,7944629.305605607,2733,200,0.34208224155008793,7.703061520121992,176
a586a83e-c782-4625-b36e-362e598e58bb,d769c8e7-545f-4504-930e-6fb89f07eeaa,7944619.2609527,7944619.508271018,7944629.333835521,2925,200,0.24731831811368465,9.825564502738416,768
d755fa8f-6b90-49f1-836b-33cf042818a6,0a8f817b-a718-410e-a942-023e11cee743,7944621.260491937,7944622.026495354,7944630.644161721,5737,200,0.7660034168511629,8.617666366510093,192
c6b76dc4-a135-4b0e-81b2-fbb2ed3d1b5c,386b7318-3947-4df1-8dd5-2e93abdf10c2,7944621.260485809,7944621.765507133,7944630.961042499,5948,200,0.5050213234499097,9.195535366423428,160
14f925d9-c3c9-4f4a-b0fb-e82df71e5f1e,fb070aed-59ed-4076-890d-d41bb370b24e,7944620.260640495,7944620.623162227,7944631.06188921,3994,200,0.36252173129469156,10.43872698303312,160
7ac768fc-df4d-420a-b3d0-e1b115597b43,08b23a33-09ef-477b-94c0-369965ae5cb3,7944621.2604087,7944621.797103815,7944631.503387217,5672,200,0.5366951143369079,9.706283402629197,176
2c027eb4-c399-44a5-9097-c651e643901e,db1fb291-ef7d-478a-9b73-48146f6a8cd5,7944622.260618798,7944622.7773381155,7944631.82527641,5728,200,0.5167193170636892,9.047938294708729,176
647a469a-052f-411c-bda6-9e7819a20ca0,1cc89369-2782-418c-93f1-6fd3c276dc1b,7944620.260614853,7944620.863941323,7944631.940589483,6858,200,0.6033264696598053,11.076648159883916,160
939599f7-c459-4d58-8433-7a38c2c3a907,4131e3cc-5480-4d8c-9fef-c2f6acff68e7,7944623.260421281,7944623.760811483,7944632.219250459,5651,200,0.5003902018070221,8.458438976667821,176
58603804-d300-4a9b-9ab3-6e6281d9c477,855dd6b3-1f0e-4fa3-a820-cbf26b5c076f,7944625.2604589,7944625.802902456,7944632.250288607,5967,200,0.5424435567110777,6.447386150248349,192
965a904b-41a9-482b-95f0-40319ee58028,ade8cb90-6dbe-409a-8c98-4ae1df590b7e,7944622.260614249,7944622.562455524,7944632.300202316,3036,200,0.3018412748351693,9.737746791914105,192
80b8a30a-ec6f-45eb-8e5f-e57d586e72a3,24c23bb0-d441-4724-9598-3e932da218b4,7944623.260405992,7944623.42008703,7944632.324338719,1325,200,0.15968103799968958,8.904251689091325,192
ca27b769-10f7-4cb1-ad4d-43a4cc1d6cc5,c9eebcda-eea2-470a-a776-e217e9bdb657,7944623.260425431,7944623.764198287,7944632.753072073,5932,200,0.5037728566676378,8.988873785361648,160
9ec367fc-e457-4b71-b319-32cc59d295bf,e38ecf53-d2a3-434b-affd-1afb07135ae3,7944624.260342099,7944624.826796788,7944632.887332343,6220,200,0.5664546890184283,8.060535554774106,176
cc81dc1f-2a0f-461d-875d-394a73af0b6f,a1a7eb59-e3ea-49ce-8404-f2ae489b3233,7944626.261369843,7944626.45173699,7944633.01454664,276,200,0.19036714732646942,6.5628096498548985,192
83f62c19-7822-4b8d-b6be-6ea1318bd1f5,d361340e-7ada-4795-9f86-b45068834ca9,7944625.260456313,7944626.199693192,7944633.162484454,5242,200,0.9392368784174323,6.962791262194514,192
373e70d6-0b20-4527-b933-de0fe4759e9b,57653307-c6ff-4c87-8138-1533b53900a3,7944625.260451789,7944625.860464093,7944633.256085873,5957,200,0.6000123042613268,7.395621779374778,160
b0985631-9127-4b51-b653-b7d3d54b4ca5,6d14bf3f-56d2-4882-8aba-c916497faa7a,7944624.260333782,7944624.737144681,7944633.274185152,4841,200,0.47681089863181114,8.537040471099317,160
db4d3c8a-58bc-4d44-8cb5-7e7f3e469b41,f84ba8c9-6059-4f39-8fc9-945657cc28a2,7944626.261365646,7944626.894228616,7944633.391139555,1920,200,0.6328629702329636,6.496910938993096,256
b4655b9f-cf66-4f79-8593-40aafae0f836,bb3439ba-bbc2-476c-b3db-f87808d184ff,7944625.260442422,7944625.867833961,7944633.681164041,3845,200,0.607391539029777,7.813330080360174,176
2bac10f2-d4d4-4b92-80a5-cd3853e3df4c,5f1dfde8-0414-448f-b867-af9a8603ce0b,7944624.260337529,7944625.088727482,7944634.004582239,4782,200,0.8283899528905749,8.915854757651687,176
4ea2522b-6972-47f3-8fa9-f9c4247b2bc6,a0ee44f1-f36b-4a6a-bf7e-a9a8c8f79820,7944626.261379272,7944627.12326246,7944634.1380422,5984,200,0.861883188597858,7.014779740013182,192
7a838499-44c1-431a-a66c-ba6584f256bb,0fdf3a79-0b56-4d09-930d-738eaa2f1f84,7944626.261321907,7944626.878158495,7944634.350378196,5766,200,0.6168365878984332,7.472219700925052,192
24415df0-fcbc-4309-b558-9f5f4d0f2691,b9059ca1-41f6-4bb2-a78c-89f60ec16a23,7944624.26031963,7944624.562789666,7944634.35367814,2937,200,0.30247003585100174,9.790888474322855,160
31f9b3a9-b08b-4946-972f-770c4f5871b9,173d8474-31a7-49c9-a766-796c9ce56475,7944626.261382503,7944627.054069349,7944635.080063574,1713,200,0.7926868451759219,8.025994225405157,256
dbcbee72-7857-41fa-ba57-bdf342916b40,4101a5fe-666e-4384-a477-c0dd5e15c3ca,7944629.260592023,7944629.788933833,7944635.673058636,5833,200,0.5283418102189898,5.884124802425504,160
cc9d9366-e903-49aa-8dbb-6e496e893763,7a77a142-6294-4d46-b6bf-f820bc0585c9,7944630.260376568,7944630.704837907,7944635.955805717,5120,200,0.4444613391533494,5.250967809930444,160
7647fce0-d297-488a-841d-758d298e3721,41128b96-fd4a-4c4f-ab0e-4f0be9d70919,7944627.260244433,7944627.738669056,7944636.1982686855,5831,200,0.4784246236085892,8.459599629044533,192
49b6daf4-d635-452b-a3c1-bba36ab22c00,238e0114-a854-4abc-967f-54062126b3e7,7944628.261436079,7944628.583576216,7944636.444612392,3268,200,0.32214013766497374,7.861036175861955,176
0f603277-a2bb-4ab6-8868-19559bd9c869,8861bb38-fa7f-46fe-a61e-d670524b80a8,7944627.260234574,7944627.728258726,7944636.609641975,5669,200,0.4680241523310542,8.881383248604834,160
5d4aa3fe-0b03-40af-9844-0990c3e7c836,169bfd1c-b54b-4a03-b40f-5a304abd2cb8,7944626.261375646,7944627.913322216,7944636.861339669,5200,200,1.6519465697929263,8.948017452843487,160
68128c5e-5626-4c9c-a41a-3bfc31fc445c,79a894eb-9287-484e-a864-40b6ad2996ba,7944628.261349435,7944628.692537713,7944637.009968596,2647,200,0.43118827790021896,8.317430882714689,160
0677db5e-2fee-40c3-8ace-8bfa03a057aa,3daffac5-0016-4e98-88da-87898f7abac9,7944625.260461955,7944626.018942763,7944637.037499521,5743,200,0.7584808077663183,11.018556757830083,176
3b9fddcd-0e28-4af7-9928-6432d647d373,e793cd05-3809-4e36-8e78-d44bc000c93e,7944628.261414032,7944629.228153896,7944637.106351116,5882,200,0.9667398631572723,7.878197220154107,160
4502e29a-031a-4aff-ac4f-e6a938a120cb,32379e4f-c52b-4533-87e4-7ccbc01e4871,7944629.260582841,7944629.6657871725,7944637.236785335,4412,200,0.4052043315023184,7.570998162031174,176
fd3fe975-c4ea-4bb8-9a16-a7d9f5354219,be7c7963-f013-4d24-b0a7-6748d0b4636c,7944629.260600868,7944629.725195341,7944637.256005359,916,200,0.464594473131001,7.530810018070042,224
2e4afe33-2f15-4913-8d93-da7d0f2534f5,2d56a9c3-5f90-4bf8-8d15-611eb4ee9fbf,7944626.261372856,7944627.318825756,7944637.465922824,6560,200,1.0574529003351927,10.147097067907453,160
b56069bd-98cc-45cf-b07e-780f6cdebb8d,eaa14318-4f95-461e-9213-5b24ea716730,7944629.260596963,7944629.779639638,7944637.778083971,5769,200,0.519042675383389,7.998444332741201,160
7a5ffdf1-a85c-4629-9fe0-021f7284c67e,c3c53689-6e84-4e12-be4b-3b03f2098793,7944630.260384259,7944630.51714133,7944637.790387011,2322,200,0.2567570712417364,7.273245681077242,224
8083c54d-a55d-4ee8-8173-f8494e637a5c,fc991f32-f1b6-4afe-ba3b-a472773d0110,7944629.260604502,7944629.76922989,7944637.858669466,3374,200,0.5086253881454468,8.089439576491714,192
d03a97d3-c05d-4030-b5f8-94e22825a4b8,6584e089-0fa2-4d90-acc5-9e1bf6b9f730,7944630.260365884,7944630.427390932,7944638.104681043,1217,200,0.16702504828572273,7.677290110848844,176
73cc4dc9-4c2b-47f7-a93c-f14b7e31c84a,ae2e8592-a20d-44b2-9ac8-d0abc430102f,7944630.26035415,7944630.935764642,7944638.512183561,2709,200,0.6754104923456907,7.576418918557465,256
d0efa72f-0289-44df-b896-7d2049bc1087,ba46ec63-d117-43af-a082-fdb05a1381df,7944629.260572453,7944629.606725187,7944638.5684738215,3165,200,0.34615273401141167,8.961748634465039,160
f4d6c7d4-bb16-49ca-98c4-b7e4f62ab479,7478b6c6-9274-4639-a17e-c22dceb7abc8,7944630.260381093,7944630.496624986,7944638.753641436,2399,200,0.23624389246106148,8.257016450166702,192
95dd2397-b545-4cbd-8c93-c013a4df5e4f,a16f5240-7964-4ea6-8660-0762c30468df,7944631.260715586,7944631.477053773,7944638.8581143115,2382,200,0.2163381865248084,7.381060538813472,176
f4ca3ee4-2ff9-42d0-b308-68a1a69ad8df,92deaa90-0511-413c-a6f7-0c972eadcb6a,7944633.260449364,7944633.398784221,7944638.925733741,516,200,0.1383348572999239,5.526949520222843,160
ad3bef09-eeab-4647-8774-dda98e00ec11,0f610880-6ddd-4017-bf17-27f18caf55cb,7944631.260631029,7944631.7362696435,7944639.193630032,5699,200,0.4756386149674654,7.457360388711095,160
4f78870e-0473-4eaa-a220-9961816e5e38,cfbe6bee-cd08-4654-810f-1a3b3025c764,7944631.260691242,7944631.828676551,7944639.771814624,6567,200,0.5679853083565831,7.943138073198497,160
57f2721d-d33d-4558-80b0-2e45c6449b99,02040ade-ed2d-491c-ad7f-c7feac81e298,7944634.260300238,7944634.601049551,7944640.157059676,1591,200,0.3407493131235242,5.556010125204921,160
1b4ccc76-b004-44d5-ae28-ba0697d792af,e6dca7b5-0f24-49b0-b2a3-fe8bda0289ff,7944632.261019852,7944632.499390108,7944640.199218916,3012,200,0.23837025556713343,7.699828808195889,224
6dac0b57-a438-4e09-ab88-00848c95ba62,d3ad6d04-4b48-448b-836a-9b64752fc74f,7944632.261016257,7944632.50708441,7944640.221446075,2590,200,0.2460681525990367,7.714361664839089,160
23d2838a-e1b4-4294-9225-a23b8f42b08b,97e6ae57-69da-4647-a7d0-d90457e6abcc,7944632.261022501,7944632.455387549,7944640.3104166165,2205,200,0.19436504784971476,7.855029067955911,192
cd08aa63-1a00-43b3-a237-8695bd6c18c1,b23331f5-cf25-4f3d-bb0a-0b712f6627c0,7944632.260999409,7944632.680807096,7944641.131554281,5006,200,0.41980768740177155,8.450747185386717,176
1694ef89-69c0-4a61-9d5f-351797ba5637,17f52023-20f0-4ba4-8129-16c153a0bb0e,7944633.260475721,7944633.681306101,7944641.742216712,4572,200,0.4208303801715374,8.060910610482097,160
c9f32dab-b355-456d-8d67-3cc0459dd4f7,6cbbb375-c940-47eb-bdbe-1c9292cd44d7,7944633.260462276,7944633.576223165,7944642.101544368,3780,200,0.31576088909059763,8.525321203283966,288
a5e30575-56f6-4c73-93e2-1d59541a4b49,3d244e10-3c51-4e44-bce4-3022987dcfec,7944634.26022591,7944635.433690109,7944642.1376402145,5965,200,1.173464199528098,6.703950105234981,192
f6645ee6-a725-448f-a316-51f85e8ded17,0fdd3815-1923-4d11-a5f1-1c32cbce836b,7944635.260456677,7944635.669771624,7944642.136396066,4153,200,0.4093149472028017,6.466624442487955,176
bceb0137-33bb-49de-921f-586215e66f6d,50a0f783-38f6-47fa-851b-c29341137a2e,7944635.260440848,7944635.975321978,7944642.1583037395,2141,200,0.7148811304941773,6.182981761172414,224
2c8a966f-8e12-4eb6-8b01-876cb34fdc3b,4181337f-4f55-4fd6-8fbd-e067aaaaebe3,7944634.260320756,7944635.971481571,7944642.154271469,5412,200,1.711160815320909,6.182789898477495,176
2cf62b52-5354-4aa5-ba0d-66202c552ee0,6f4051d6-8003-4af8-be6a-137219b04ba5,7944634.260312587,7944635.357637048,7944642.190252867,6521,200,1.0973244607448578,6.832615818828344,192
5dc8f382-a55c-4f4d-bc1b-1035eaecc6ee,16c13356-28d3-47de-b107-a5a7029a64ab,7944634.260309028,7944635.142046754,7944642.265354521,5944,200,0.8817377258092165,7.123307766392827,160
8c5d2018-82a4-4983-a82a-73175779250a,bfc78a92-84e5-4fdf-8b1d-913c94a11821,7944634.260304637,7944635.307449355,7944642.306186161,4636,200,1.0471447175368667,6.998736806213856,192
9dc667fe-b433-4196-915a-c412600d7e03,16c03b80-16ca-4741-9908-eb2c51e1d2a1,7944635.260413891,7944635.897764278,7944642.619828109,2027,200,0.6373503869399428,6.722063831053674,224
f2e6b297-b17e-46e2-a3c1-f5133e12c7a6,2d5dcc3c-a047-4b49-9a38-cd2e4eb26eb8,7944634.260316393,7944635.244689944,7944643.032909361,1453,200,0.9843735508620739,7.788219416514039,176
4e89ab80-616b-41bf-9552-9ccadde6e0e9,c36617c0-5ee9-428f-8eb3-fabed3fcffc7,7944635.260423403,7944635.999945822,7944643.140593844,3013,200,0.7395224189385772,7.140648021362722,160
6ebaeb37-70c0-4e27-a9c9-ef3e8e3b40b4,f21c3799-f3ff-498f-be2e-8982bdfe2ecd,7944634.260276798,7944634.643146372,7944643.222328038,1405,200,0.38286957424134016,8.579181665554643,1392
753cc5da-7386-46ba-a569-817a41b06e8d,fd66c258-5859-4553-99da-0f386f57432c,7944636.26047479,7944636.7046587905,7944643.787139861,5320,200,0.44418400060385466,7.082481070421636,160
6aaa4c5e-3b69-48ac-a09c-10eed0d5505e,efedac55-57dd-4acf-9f7e-f6bbd7243fbe,7944635.260453859,7944635.982359648,7944643.8727493035,2548,200,0.7219057884067297,7.890389655716717,224
190c49f5-3c79-4bad-88da-6f603cfd2b29,f9b63fbd-926e-4b5a-a306-1e20c2f21778,7944634.260324133,7944635.977885265,7944643.868550804,4927,200,1.717561132274568,7.89066553954035,160
6567136a-a4df-4524-aa9e-4b1c0fc25c23,32bb63f5-0400-4e7c-8e6c-cb23dafc8d9e,7944634.260294066,7944635.983638046,7944643.875573392,2002,200,1.723343980498612,7.8919353457167745,192
e25ff55d-3109-4248-a970-417061af2b75,b7554870-29f4-4f87-8863-6a1c0092c222,7944637.260740089,7944637.75195682,7944644.295741862,5944,200,0.4912167303264141,6.543785042129457,224
bbd8e2d0-7694-4c6c-aada-68d7f609cff8,9c1eaa62-32d0-47df-aea2-fa3f14175763,7944637.260719317,7944637.545294942,7944644.598111245,3071,200,0.28457562532275915,7.052816302515566,192
c3952e3d-b92e-47fa-bb42-8151e0ffb299,dc6a24a9-28a9-4c0c-84ed-02457cc09129,7944638.260393516,7944638.331690855,7944645.188884707,964,200,0.07129733916372061,6.857193851843476,816
b921cec4-4f23-4651-889f-b2ac96dae23f,407004fb-7cce-4fb0-8afc-9731047cc8ed,7944637.260748856,7944637.805113404,7944645.193499049,6076,200,0.5443645482882857,7.388385645113885,160
b18213cf-c10b-494b-8745-706a46394a8b,9f8fc93a-62fd-4685-beff-f86268053404,7944638.260426787,7944638.76167197,7944645.230042603,5850,200,0.5012451829388738,6.468370633199811,160
0844103a-b76c-4567-8719-2e1810f1e764,27d34d22-9260-40a3-99e2-e20e86c4cfe7,7944640.261280674,7944640.733681816,7944645.697837938,3509,200,0.47240114212036133,4.964156121946871,160
e17cbb6a-85f2-423b-bc3c-dd774fa31cbb,70040244-0ba8-4018-b9e4-d79962cfab6a,7944638.260422674,7944638.7300487235,7944646.12068196,5827,200,0.4696260495111346,7.39063323661685,224
f71c1a42-c491-48f9-ae4e-fdb7611c804b,601ebb0f-02ad-42e7-a626-7ebef638a847,7944639.26049337,7944639.76260843,7944646.187429615,5947,200,0.5021150605753064,6.424821184948087,192
22b95c0d-9840-4473-bd00-25ad5275e724,0fc32f2f-3791-4f05-a896-da6268fe53f9,7944639.260474801,7944639.947933204,7944647.0683379965,5360,200,0.6874584024772048,7.120404792949557,192
86d97907-e37e-4530-9db8-d0644d321c33,38266a74-72bd-478f-9485-977da0aac2cf,7944639.26049631,7944639.375697959,7944647.101627953,752,200,0.11520164925605059,7.725929994136095,160
d082d062-f197-47fd-9507-4adbb4753483,a11dd54d-1ecf-4edb-8876-8bcbbf55cb77,7944642.2607955,7944642.510891957,7944647.131052697,1286,200,0.2500964570790529,4.620160739868879,160
9eb1ab60-77d9-4522-acca-b1e3d8968a51,4c0997d5-2aec-4027-a2f1-cdad7df5163a,7944640.261298288,7944640.806799661,7944647.674816842,654,200,0.5455013737082481,6.86801718082279,288
16f9f211-e191-4d4b-9867-02bf8d1a36d6,3327e22a-e47a-4e28-ab49-61feb0f8ccd2,7944640.261285024,7944641.087990027,7944647.913516917,4075,200,0.826705003157258,6.825526890344918,176
3bcbd34e-0e0c-4792-ba5b-c1fd34f83dcf,008dd8be-2869-4ff2-8840-18c17714b28a,7944640.261294199,7944640.815095583,7944647.977201093,682,200,0.5538013838231564,7.162105510011315,224
827646ec-ff59-411b-9624-a466256ef070,2c2590bf-7735-4068-8406-2d47707168ea,7944640.261265588,7944641.159913469,7944648.063598084,5412,200,0.8986478811129928,6.903684615157545,160
f7eccb8f-f844-43dc-90bc-a9f3f135b87d,799f49c2-16e7-41ad-b2ec-4b6cea8a3a37,7944640.261306447,7944640.872834014,7944648.072853017,1616,200,0.6115275667980313,7.200019002892077,192
23052b7d-517f-4587-a93f-4ed01b101d4e,6ba87a37-5514-486c-a5f6-0a7c5f9057f4,7944641.260680465,7944641.599513706,7944648.140684144,3660,200,0.33883324079215527,6.541170437820256,192
9d2ba3ab-bf0d-45a6-ba80-8758fd2e7339,81f9eb5c-a80a-4900-a905-f6adea401077,7944639.260488259,7944639.656172734,7944648.142799391,1785,200,0.3956844750791788,8.486626657657325,224
95fd380c-a8c2-46fb-a24f-b90fede46499,00d31eb0-b908-4fd8-b7c3-40330a3b5089,7944640.261288924,7944640.956960147,7944648.255519992,6029,200,0.6956712231040001,7.298559844493866,224
a798f6c7-ce12-4c8d-9408-5339c9c667a5,509e694a-3fe7-4d92-89a0-f7d32c4d3964,7944641.260756921,7944641.735171993,7944648.847879679,5323,200,0.4744150722399354,7.112707685679197,176
a0695633-c0bf-4d03-9210-b5f7d0dfe888,7c8adab7-544c-4106-916a-d86d02536d30,7944640.261302535,7944641.224731729,7944649.017389725,5746,200,0.9634291939437389,7.792657995596528,176
50463944-901f-4b42-91cf-906de389a15f,d3446ebe-acf3-4d07-a3ea-c3744b922b9f,7944641.260737205,7944641.748771561,7944649.132075792,5575,200,0.48803435638546944,7.383304230868816,160
287c522a-ebd5-49ac-8f02-7a8fdf0ad6d6,d8a397bc-57f7-446c-afd5-6ed41a735419,7944642.26077484,7944642.534217375,7944649.150170878,2629,200,0.27344253566116095,6.615953502245247,192
504390a1-1321-4cc3-9276-4e1bb8705cdc,173d8474-31a7-49c9-a766-796c9ce56475,7944641.260762062,7944641.4274253715,7944649.194683895,1713,200,0.16666330955922604,7.767258523963392,256
845956a6-b94f-4cef-91f0-ba1dad72d93b,d5425635-66a0-41d5-81d0-ad9595409e38,7944642.260804955,7944643.10150346,7944649.249360184,5910,200,0.840698504820466,6.147856724448502,160
18c6b7c9-1511-4041-9b4f-343e261b15cf,76555300-fcff-4171-b015-185f2da1ade5,7944643.260934308,7944643.387243315,7944649.700715972,777,200,0.12630900647491217,6.313472657464445,192
84303b76-0e91-4b42-9500-b80acd07b2af,675afd83-9b5b-45b7-9f5f-7e5d89f0c9f2,7944642.260808942,7944643.099387268,7944649.945819322,4411,200,0.8385783256962895,6.846432054415345,176
ddbe4d6a-3e88-4721-8fdc-6cbe9b8489fe,91817d88-3093-4655-a55c-1e6106fc4d42,7944642.260800304,7944642.8456419585,7944650.032860254,5960,200,0.5848416546359658,7.1872182954102755,176
fbefce9a-3b11-48df-a0d1-dbff25d4b359,a88040f4-3d46-4ddd-9db3-d9cefb577c4d,7944643.26094852,7944643.761218479,7944650.572783299,5870,200,0.5002699587494135,6.8115648198872805,192
aa94f07f-d4ba-485a-85f5-4e1faa27f40f,bd8b9a21-6e85-459a-809b-68db2cf2042c,7944644.26075668,7944644.4895746065,7944651.012873677,2729,200,0.22881792671978474,6.523299070075154,224
54f91432-8539-4d6a-ab08-cd4818b19d49,984ff781-ca15-479c-8e06-7bd9cd701519,7944644.260742309,7944644.6217407305,7944651.1386898225,4192,200,0.3609984219074249,6.516949092037976,192
4af41a26-b7d2-4198-8166-5dca209ce2d8,ae2e8592-a20d-44b2-9ac8-d0abc430102f,7944642.260710266,7944642.528120784,7944651.937866431,2718,200,0.2674105176702142,9.409745646640658,256
ab00c9a6-f311-4ffe-938f-c3d4475a2529,6e066633-fcb0-417d-94ee-a9864bbdaa41,7944642.260813363,7944642.999445565,7944651.959472045,6397,200,0.7386322021484375,8.960026480257511,192
2199767b-a6a5-4323-8b2f-0bad33ca8683,3e53059f-27ed-453d-a3cb-045b4aa7f847,7944645.261035089,7944645.703905559,7944652.257328027,4584,200,0.442870469763875,6.5534224677830935,224
afeb9526-234a-4627-8964-e8da4666f9f7,0883483d-ba52-4103-b119-afeaa09302ef,7944645.261060746,7944645.751710858,7944652.766751345,5726,200,0.4906501118093729,7.01504048705101,192
5801be25-469d-4e7b-9451-76ea50a6cb55,e522d237-13e9-4cef-9443-adf8b3a62e2c,7944647.260851899,7944647.3745765295,7944653.037085282,703,200,0.11372463032603264,5.662508752197027,192
58319319-8c50-4bc0-8238-1e97c54e2e84,b1b62e80-fa7e-4971-91ba-8520394e2045,7944646.261090283,7944646.576200861,7944653.055004414,3148,200,0.3151105772703886,6.478803553618491,192
04c3db6b-1856-4135-bdb0-e452eeaac0c8,657ec69d-2850-466b-9d84-480d9f1b5621,7944646.261087599,7944646.759014337,7944653.102389176,3461,200,0.4979267381131649,6.343374839052558,160
e3cae941-51a6-4aaa-867c-94fe29d7e7b8,57965c9f-d1a7-428f-b691-aa12d95ea40d,7944646.261070196,7944646.846689454,7944653.2509514745,6079,200,0.5856192586943507,6.404262020252645,192
e22dbbb3-4d08-4343-b30a-1c36182ead29,c6e46137-96c8-4e42-a23e-7c081d40d5d1,7944647.260859332,7944647.359192096,7944653.715986958,478,200,0.09833276364952326,6.35679486207664,176
a8d07434-e12c-457b-853d-51762195f8df,072cf49e-ac0d-4d29-b3db-cf9253ebe3e7,7944646.261083143,7944647.071519512,7944653.991151852,4505,200,0.810436368919909,6.919632339850068,176
137a52cb-aa51-4b64-b6d2-b778126acdce,8b7011a5-dbfb-452d-bb3d-380cfd694481,7944646.261095867,7944646.844373609,7944654.228969155,2835,200,0.5832777423784137,7.384595545940101,176
ecf1d299-a4ce-4951-a310-c4e643c67757,5a4d2d04-e0f6-46b3-804d-1276b63ea647,7944648.26106929,7944648.676229251,7944654.940118545,1581,200,0.41515996027737856,6.263889294117689,192
3819b62a-3739-481f-8f21-0a6e53db05da,a0ee44f1-f36b-4a6a-bf7e-a9a8c8f79820,7944649.26087311,7944649.914133838,7944654.974102849,5984,200,0.6532607283443213,5.05996901076287,192
4057e36e-8198-41f4-b0b7-770d3882d65e,86de5cef-70bf-4017-a0cc-18e138df67ce,7944649.260884867,7944649.595376802,7944655.1975221755,2630,200,0.33449193462729454,5.6021453738212585,192
21f99c57-f81e-4123-95c5-8b176cdb5af2,029edadb-b234-4d39-a619-c56cc85e964f,7944649.260877265,7944649.856457315,7944655.890770102,1607,200,0.5955800507217646,6.034312786534429,192
0cd85324-ac8e-4779-a1ce-dcdd02815db5,968a1f33-46fd-4a53-ac57-a44567e4fc97,7944646.261092797,7944647.161407626,7944656.192386594,5559,200,0.9003148293122649,9.030978967435658,224
47ea563f-e47d-4e04-ab0b-5c4f98ea8274,c2c3631f-2662-40db-8c0f-628ff0659c25,7944649.260881227,7944649.636094897,7944656.627970707,690,200,0.37521366961300373,6.991875809617341,192
7bc9729d-10a5-4f15-89ae-ed5f16a40021,7ed7ebb9-c4ac-496b-a503-cbbd0dad0d9e,7944647.260842278,7944647.464537493,7944657.014115746,2424,200,0.20369521528482437,9.549578253179789,160
05515d69-fb14-4649-846e-d61be59b0aa4,232da153-6f07-41c5-b184-6a34c8861a3c,7944649.260862409,7944649.939806587,7944657.042494494,5688,200,0.6789441779255867,7.102687906473875,224
b0e0d308-0562-45e9-bca4-2fdbd28e654f,dee31f57-0db9-4efb-ad6f-509637e9dad7,7944651.260394705,7944651.452292102,7944657.144613588,2166,200,0.1918973969295621,5.692321485839784,176
c3460ad1-7336-4ee4-8ef2-a056b8f206e9,1326464b-c372-47f9-8850-927fd5f180aa,7944650.260823261,7944650.720048017,7944657.914152271,5772,200,0.4592247558757663,7.194104254245758,224
543782db-6360-427d-b139-f320703745fe,cae64ee8-4011-44ef-9331-c924f5e429be,7944652.260527686,7944652.68005,7944658.05493056,2527,200,0.419522313401103,5.374880560673773,176
d063b5cf-fa32-45e7-bb35-7d8a33f2586d,3d8863b7-df29-4780-bd2e-c251d2407494,7944651.260366809,7944651.747370337,7944658.119386187,5863,200,0.4870035285130143,6.372015849687159,176
728be31c-5ed4-4ef8-85b7-ab6f670f152c,b4ccd658-c53e-48f2-80b3-bdc3daefd3b0,7944648.261076444,7944648.637488496,7944658.159819583,4375,200,0.3764120517298579,9.522331087850034,224
22c6a3f0-7161-483b-b0d0-d61cfffcf13a,78c52aa7-54ff-4215-918f-225351f4fb8d,7944652.260521167,7944652.775371259,7944658.266937915,5877,200,0.5148500921204686,5.491566656157374,224
f684330a-07c0-49d0-b9fe-3092336bdccd,ade8cb90-6dbe-409a-8c98-4ae1df590b7e,7944650.2608192,7944650.543976381,7944658.647618517,3036,200,0.28315718099474907,8.103642135858536,192
40fad911-dbc0-4def-becd-1061519f4671,5528d602-0065-4aee-a2d6-8421c7efbbb5,7944652.260503652,7944652.7808553,7944658.877484173,1424,200,0.5203516483306885,6.096628872677684,224
a6648c7c-c7bb-4933-b7be-33ca02126524,aa51b55b-bb87-48f0-8caf-7b55883df5b1,7944651.260302956,7944651.776091639,7944659.012629355,5910,200,0.5157886827364564,7.2365377163514495,176
aef2214e-0947-4e09-96e2-9619d7f18d3a,91e22163-b1ce-41e5-803d-070d44488e41,7944649.260869656,7944650.215707205,7944659.078339029,5821,200,0.9548375494778156,8.86263182386756,192
0ce8fcd3-89b8-40b6-a08d-45be4f78510c,d769c8e7-545f-4504-930e-6fb89f07eeaa,7944653.260674941,7944653.501770286,7944659.838194478,2919,200,0.24109534453600645,6.336424192413688,288
619dcdc6-579f-47cc-b058-d37b15125163,5f03cc52-082c-4278-836e-b69155dec9ba,7944650.260807665,7944650.791957168,7944660.29842284,6344,200,0.5311495028436184,9.506465672515333,160
7797c1f8-1585-4837-9e27-0ecb7d609cac,a16f5240-7964-4ea6-8660-0762c30468df,7944651.260389143,7944651.4777706815,7944660.6360170785,2382,200,0.21738153882324696,9.158246397040784,176
80433302-af77-4b26-80d5-3d7d5ee27947,67a0b975-184d-4abe-91c9-e84646d0b743,7944653.26065403,7944653.540838215,7944660.739560349,3456,200,0.2801841842010617,7.19872213434428,192
c0fdaab7-b2fc-4d32-863f-fee16d4c79ed,899c2615-9ae4-4ce5-91c4-b802b05ed50e,7944654.260595972,7944654.442235351,7944660.743614708,2283,200,0.18163937889039516,6.3013793574646115,288
4f3ffbaa-bc8c-41c6-9e1a-b645a7278f96,739e8356-c265-49a3-95cc-6cf7925072f8,7944652.260517944,7944652.796277713,7944661.9042257955,4867,200,0.5357597693800926,9.107948082499206,176
f56472bd-ec4f-4dbd-8ac3-6340eca97328,6f90c4ab-65aa-49a6-ba03-ccb6cd74af3e,7944655.260619043,7944655.748443257,7944662.014766374,5889,200,0.4878242136910558,6.266323116607964,176
b9db0dde-d929-4269-81f4-5c44e7b962ba,a4910820-870d-4238-922d-93ffdf3d500c,7944656.261073992,7944656.4895320125,7944662.177786307,1299,200,0.22845802083611488,5.688254294916987,176
b6e654ef-1b7f-4d36-8866-efe6d8ba6f57,173d8474-31a7-49c9-a766-796c9ce56475,7944656.260983097,7944656.435724194,7944662.614544015,1762,200,0.17474109679460526,6.178819821216166,0
2a97c2cb-8ec0-4126-8deb-0a36bf2ff9e0,f84ba8c9-6059-4f39-8fc9-945657cc28a2,7944656.261111056,7944656.7187094055,7944662.842899585,1910,200,0.4575983490794897,6.124190179631114,0
556dc367-2283-4ec0-a667-e4212ad317d4,16c03b80-16ca-4741-9908-eb2c51e1d2a1,7944656.261099911,7944656.639253316,7944663.023395219,2185,200,0.37815340515226126,6.384141902439296,224
73e4e892-fcae-4854-bbbe-bfe35282b39e,35bdd8b2-7f0e-44c7-a49b-13f5b8d5483e,7944656.261005505,7944656.671127177,7944663.221281994,4111,200,0.4101216718554497,6.550154817290604,160
dc20af9c-6f48-4f2e-a08c-a9b15b6b43e3,75db6428-dff0-463f-b671-c2e496eaec25,7944657.261209963,7944657.627704308,7944663.79817051,441,200,0.3664943454787135,6.170466201379895,160
6d609353-2d64-4530-bf7b-4e2b2b7ec112,43515880-6b47-44ce-ad5a-c143292b1649,7944657.261220055,7944657.7787354505,7944663.809792784,5891,200,0.5175153957679868,6.031057333573699,160
c91d2b52-ad56-4b03-b408-af49d84ca5d2,dc6a24a9-28a9-4c0c-84ed-02457cc09129,7944656.261107143,7944656.864081327,7944663.827832099,1006,200,0.602974183857441,6.963750772178173,16
e0ed636f-7ab4-4c7b-9af8-72e27ab20225,828db195-ca5a-4484-848e-1fc6ac242624,7944657.2612071,7944657.889667487,7944663.944611457,5834,200,0.6284603867679834,6.054943970404565,176
b6467531-6cc4-43f5-9f44-9386df2bb000,74a8d097-f062-41b6-8205-d784bb153261,7944656.261115088,7944656.933699771,7944663.9743726775,2455,200,0.6725846827030182,7.040672906674445,160
d7c40fa5-6e99-4004-8799-a988640a22b4,715e64e0-0181-41a0-b6a9-c164d566d676,7944657.261189243,7944657.743420606,7944664.228973247,5782,200,0.4822313627228141,6.4855526415631175,176
be7cba68-37c8-42a6-af2f-eecd47498b08,329a4354-972d-40a4-8b5f-66b965aaf514,7944657.261214426,7944657.85828708,7944664.3412485495,1128,200,0.5970726544037461,6.482961469329894,192
8b380017-2c5f-45f6-9897-1bddd7061d97,238e0114-a854-4abc-967f-54062126b3e7,7944658.260921167,7944658.872101852,7944664.807503502,3466,200,0.6111806845292449,5.93540165014565,176
2edf2291-476a-4c53-8f17-bb8f20570d15,cf53ec7b-8773-48c4-bfea-fbe3da37a269,7944658.26091207,7944658.84892312,7944664.813627429,5875,200,0.5880110496655107,5.964704309590161,160
bd254a22-de96-4046-aeaf-dfbcd2da3362,2cdf6e17-98f6-4422-b801-386c14474a71,7944658.26090805,7944658.811961554,7944665.066400059,551,200,0.5510535035282373,6.254438504576683,16
68a283b4-b720-45bb-8f0a-89d7ee983d3f,de528792-7b2e-4008-9f06-3c9229e60e2f,7944659.260603669,7944659.517150852,7944665.229728397,2521,200,0.2565471827983856,5.712577545084059,224
f40819df-5a13-4a5f-bdc9-a097bfec5788,2903699a-107f-4d56-beac-5f33cb95fd7d,7944658.260894666,7944658.799032024,7944665.81558798,1012,200,0.5381373576819897,7.016555955633521,160
63b7b508-babd-405e-9ad9-edd3c43d1608,94d515a9-ef0d-42ed-ace0-0af11d850115,7944660.260858182,7944660.521578581,7944666.001474794,2563,200,0.26072039920836687,5.479896212927997,224
9acb1e47-e0c8-4686-9b09-828e056035ac,2375aed9-bf2b-4d31-b02f-4651375f6697,7944658.260914846,7944658.910402056,7944666.273297378,1916,200,0.6494872095063329,7.362895322032273,176
ffa5d46e-cd64-4089-90ae-21cbca76d833,1746f222-2ffd-4f94-84ff-98bd0a70124e,7944659.260599933,7944659.383043853,7944666.288672098,1098,200,0.1224439200013876,6.905628245323896,160
0e8c727b-89dc-4ab4-b0e3-dbc1be9ed821,32379e4f-c52b-4533-87e4-7ccbc01e4871,7944660.260946698,7944660.684133965,7944666.666098355,4412,200,0.4231872670352459,5.981964390724897,176
a338a63f-ca26-4a45-8da6-b4c7f697a637,0063cc32-341a-4d61-a6b2-bfe3e579b5b9,7944661.26056417,7944661.740237735,7944666.783103346,5758,200,0.4796735653653741,5.042865610681474,192
3b445670-ff03-4542-b1f5-978fcac57ebc,05e2aea2-3e77-4091-acf4-2b43e9372008,7944659.26058914,7944659.646752594,7944667.154107012,4561,200,0.38616345450282097,7.5073544178158045,224
fe5c165e-8073-4a6f-a2ac-7abb895dfdb0,808d4138-729b-4276-b0a1-bb598e185260,7944660.260928566,7944660.496029061,7944667.960309605,1023,200,0.23510049562901258,7.464280543848872,192
31869987-f70a-4c80-9df8-a239ed4e894b,41885f0f-e482-417f-a075-43076124bbb5,7944656.260996023,7944656.997860913,7944668.003101604,5095,200,0.7368648899719119,11.005240690894425,192
bfb582eb-018e-45d6-abe4-4268be1906ce,08b23a33-09ef-477b-94c0-369965ae5cb3,7944660.2609557,7944661.171045385,7944668.050481048,5898,200,0.9100896855816245,6.879435663111508,176
ffc72c80-f0b0-4619-913b-b1c88f88a1bf,7f67bd0b-ddb0-444e-86e9-2afc934f05db,7944657.261202889,7944657.871039851,7944668.605260941,5909,200,0.6098369620740414,10.734221090562642,224
48c9a26d-006c-419e-b0f6-b147172c96ef,cc1399df-ddbd-4863-9dc3-cad34947be2c,7944660.260951564,7944661.161025598,7944668.615134991,5895,200,0.9000740339979529,7.454109393060207,176
2cca9091-c72f-40b1-9f1c-e5175f96905d,8deb1987-ae66-48b8-ad82-ef28a801bdb8,7944661.260578305,7944661.448729868,7944668.770134226,2085,200,0.18815156258642673,7.321404358372092,192
768413e0-10f5-497a-9004-fb9b5535ea32,41128b96-fd4a-4c4f-ab0e-4f0be9d70919,7944658.260918136,7944659.102862049,7944669.136758653,5889,200,0.8419439131394029,10.033896604552865,192
6309c1e0-0e90-4c38-a140-a39d76b1c094,4c0997d5-2aec-4027-a2f1-cdad7df5163a,7944663.260330966,7944663.577193257,7944669.14771808,706,200,0.31686229165643454,5.570524822920561,16
0e6d405c-a11a-41c7-802b-b613891bafc5,5f1dfde8-0414-448f-b867-af9a8603ce0b,7944661.260574674,7944661.678788755,7944669.286852353,4612,200,0.41821408085525036,7.608063598163426,176
54d189be-95e6-4d04-a933-4b3432e64d11,3047d0dd-5a9d-4d90-be11-b1eb806c0a55,7944662.260813911,7944662.768715925,7944670.027228373,5877,200,0.5079020131379366,7.258512448519468,160
d2bce09d-982c-4c49-8f5f-7507adcce5c8,24366d4f-7bcb-4d89-a25c-c95b1df94dec,7944662.260810698,7944662.395249944,7944670.221838434,1094,200,0.13443924579769373,7.826588490046561,160
3eb3e3a0-864d-46ed-bcb8-636d36d66a88,ab319b63-2c03-4b0a-8207-96b3768da2a6,7944663.26035374,7944663.78526903,7944670.888787648,789,200,0.5249152900651097,7.103518617339432,192
4664a86c-3280-4d32-8fd7-29fed1265f70,22c8b384-fed3-4c7f-8565-f8172214ee15,7944663.260289502,7944663.767079813,7944671.071252709,5800,200,0.506790311075747,7.304172895848751,176
a62eb594-5c11-4df8-99ed-e4814afbd4c1,f21c3799-f3ff-498f-be2e-8982bdfe2ecd,7944663.260346434,7944663.672362925,7944671.072579766,1405,200,0.4120164904743433,7.400216841138899,192
6e1c6f67-1bc2-437e-9a68-3d2e2f9aecc1,d37165ed-69cb-440f-a075-e298fee15734,7944664.260298615,7944665.097113119,7944671.6076813685,3372,200,0.8368145041167736,6.510568249039352,224
43174b32-b891-48bb-b4ef-a3c26cc635c3,dd8a6dac-ac34-4ab3-802b-27a9bdca9fc9,7944665.260633197,7944666.109706086,7944671.87110786,5044,200,0.8490728894248605,5.761401773430407,192
181df542-e483-4072-8caa-7a4da3e9cd02,6cbbb375-c940-47eb-bdbe-1c9292cd44d7,7944663.260350252,7944664.003302404,7944671.936294777,3857,200,0.7429521521553397,7.932992373593152,288
aeb4d188-749f-42d3-93f4-e24d215cdc69,91817d88-3093-4655-a55c-1e6106fc4d42,7944666.260388446,7944666.748777525,7944672.068261265,5948,200,0.488389078527689,5.319483740255237,176
5755f6ea-739e-4d3d-b8b1-d82dc6c43c13,ab7c945e-e515-4175-81a9-07d757d848ff,7944663.260285456,7944663.615153844,7944672.25532453,3637,200,0.3548683878034353,8.640170686878264,192
5ebac8e2-fc7a-4795-a0dc-9d92ee6e4597,2a2ae2a8-7cce-4581-8c57-146abd9d9090,7944664.260293147,7944664.658685207,7944672.278893393,624,200,0.3983920607715845,7.620208186097443,224
814e0ce9-9efc-4562-8386-7922fe239fae,c2cf61e6-40f9-49e5-a7f1-e24130e70596,7944662.260801465,7944662.757979888,7944672.585811775,5862,200,0.4971784222871065,9.827831887640059,176
a38a97be-5c04-47c1-b15e-a9679b45fc62,c6edf900-83dc-49ab-a291-352d4609219e,7944664.260305225,7944664.784624073,7944672.596234055,1772,200,0.5243188478052616,7.811609982512891,224
d8e0ac46-4512-4d59-b3c5-15205d4af4dc,a88040f4-3d46-4ddd-9db3-d9cefb577c4d,7944664.260302331,7944665.00435957,7944672.7813041955,5905,200,0.7440572390332818,7.7769446251913905,192
9c79b491-2169-4d8b-90b8-1dd7ca83d262,db793246-9873-488a-8c36-68b6c758735d,7944664.260295909,7944664.932359438,7944672.919290229,2487,200,0.6720635294914246,7.986930790357292,224
230ebd8d-772d-404b-ab7f-af2014fb7e46,4101a5fe-666e-4384-a477-c0dd5e15c3ca,7944667.261249207,7944667.860390111,7944672.935055868,5836,200,0.5991409039124846,5.074665756896138,160
fbafd72e-72a9-4990-8ab8-2330856558e8,db50af28-fa33-4f95-803d-71036af6bdbe,7944664.260288943,7944665.292936465,7944673.120264605,6007,200,1.0326475221663713,7.827328139916062,176
04ed806b-8201-44cf-8548-8a0dbc056a99,20dfea16-8046-4ede-8ea9-42a56d65cfbd,7944665.260621043,7944665.6599785155,7944673.13437919,2512,200,0.39935747254639864,7.474400674924254,176
911a6baf-5de3-4d5d-8148-93292b9538a5,2a455136-68a7-4f2e-ae04-e584f979ee34,7944665.260617401,7944665.7385028,7944673.185830203,4971,200,0.4778853990137577,7.447327402420342,176
8a9fe4d2-99b0-4b12-8936-46ebd83a4f3a,4be06dde-f2d3-4131-bc26-c027c0ab9b86,7944663.2602751,7944663.773091643,7944673.20168031,5967,200,0.5128165427595377,9.428588666953146,160
e5111134-892e-4302-87d0-764c6bda4b74,70040244-0ba8-4018-b9e4-d79962cfab6a,7944665.260630054,7944665.807399664,7944673.217384464,5827,200,0.5467696096748114,7.409984800033271,224
5d4737a9-f1db-4c29-95f1-d14512623636,ba04113c-f39c-42e2-9942-9e943a5f3a91,7944665.260626509,7944665.681308309,7944673.220566009,1931,200,0.42068179976195097,7.5392577005550265,192
4bf96cf5-62d4-42d4-abb2-a4dc682f497e,1395c13e-e24a-45ea-b379-cf296f4c4d9c,7944665.260637089,7944665.841910834,7944673.262507163,1173,200,0.5812737457454205,7.420596328563988,192
4d115a5b-824e-44f3-8214-a5b3432e275f,6f4051d6-8003-4af8-be6a-137219b04ba5,7944664.260307833,7944665.84264768,7944673.263076405,6504,200,1.5823398474603891,7.420428724959493,192
31d0b17a-5964-449a-b70f-89095f3444f9,7478b6c6-9274-4639-a17e-c22dceb7abc8,7944665.260623742,7944665.533043616,7944673.71035171,2399,200,0.27241987455636263,8.177308093756437,192
8638590f-4f5e-4837-af6e-343f9ab4f259,4da8fb42-3983-40f2-bef1-a8d32802c74f,7944666.260402102,7944666.501672965,7944673.824918274,2945,200,0.24127086251974106,7.32324530929327,176
f4529c68-0677-4d4d-8486-d402043db25c,9b048b14-06a6-4574-a80f-dbc23b48d9f7,7944666.260398752,7944666.762995937,7944674.176974147,5928,200,0.5025971848517656,7.413978209719062,160
d056dd89-26d4-45e4-9fb1-9110f87ed215,d98c265f-698d-4cb1-87ed-52317461cdc6,7944664.26027992,7944665.193323829,7944674.35826591,4460,200,0.9330439092591405,9.164942081086338,16
323efa02-44a1-44ce-8ee2-dbb3f8f183b4,eaa14318-4f95-461e-9213-5b24ea716730,7944665.260608214,7944666.185801636,7944674.837146039,5926,200,0.9251934224739671,8.651344402693212,160
e626a73f-d620-4599-bdf0-9230a347f772,3a3d8f95-20e5-48e9-a332-7a0c444f6704,7944667.261240723,7944667.913288483,7944674.955676965,5877,200,0.652047760784626,7.042388482019305,192
d9464a91-36d8-4f9f-8e8d-600fb7d5baef,134b7ff3-7475-498b-8ba8-13bfa96c8a9c,7944667.261259235,7944667.9448109865,7944674.98653594,4935,200,0.6835517510771751,7.04172495380044,192
a29e1e57-d76c-496c-bfef-f3fa8aa1c439,e6dca7b5-0f24-49b0-b2a3-fe8bda0289ff,7944666.260404726,7944667.947411256,7944674.9898938155,3192,200,1.6870065303519368,7.04248255956918,224
ebcb21ed-1221-4d31-8381-bfb73f6201ab,a11dd54d-1ecf-4edb-8876-8bcbbf55cb77,7944667.261255566,7944667.677299012,7944675.156432775,1455,200,0.4160434463992715,7.479133762419224,160
257fb9ce-21b0-43af-aece-419a48100fce,6765a657-895e-4f86-948f-60d5c92ec33b,7944667.261252448,7944668.017712969,7944675.208234204,5881,200,0.7564605213701725,7.1905212346464396,176
cc9d8ace-5d03-4b9e-9f33-9a6aaecc1bea,ae04581e-61a3-4e13-a5d3-988c330d8c3d,7944670.260529245,7944670.532881907,7944675.7213093685,2237,200,0.2723526619374752,5.188427461311221,224
ce7ed973-fd3f-41d1-8b67-8315da144ed9,d00c697d-7ae3-4f63-8c46-74cb115fcffb,7944668.261699111,7944668.746813475,7944675.771384585,5791,200,0.4851143639534712,7.024571109563112,160
c72c68bb-bc91-436c-bf5f-5587f8e77ac7,fd66c258-5859-4553-99da-0f386f57432c,7944667.261212365,7944667.839081659,7944676.29945878,5551,200,0.5778692942112684,8.460377121344209,160
9f56eb3b-a940-42fd-8374-8e84f2028846,76555300-fcff-4171-b015-185f2da1ade5,7944671.261233029,7944671.39668155,7944676.81700551,907,200,0.1354485210031271,5.420323960483074,736
c15877da-5763-42ad-a66e-4aa6a5a78c4e,dc6a24a9-28a9-4c0c-84ed-02457cc09129,7944669.26114441,7944669.7561497325,7944676.856448003,1061,200,0.49500532262027264,7.100298270583153,288
c0a5a16f-efb5-492e-b01d-17a5c5faa625,173d8474-31a7-49c9-a766-796c9ce56475,7944669.261157735,7944669.912161451,7944677.227375585,1808,200,0.6510037155821919,7.315214133821428,0
cd05a18d-c689-43f5-86d6-2cb8ddb4e6e7,cbfc928e-2503-4065-b5ce-fed6fc8afe16,7944670.260511433,7944670.841926309,7944677.324972495,1369,200,0.5814148765057325,6.483046186156571,224
c35a90e1-ec30-499a-927c-023f64816717,04fdc20b-8327-42f7-a183-15c098d0ccce,7944669.261129205,7944670.200233882,7944677.349943761,5749,200,0.9391046771779656,7.149709878489375,160
6dcaa3e9-d045-4c8b-ad72-c63ee6c8f761,386b7318-3947-4df1-8dd5-2e93abdf10c2,7944667.261245438,7944668.166721445,7944677.58789598,5940,200,0.9054760066792369,9.421174535527825,160
dfb73520-3df1-46bd-b102-ca3bca820d3c,d361340e-7ada-4795-9f86-b45068834ca9,7944669.261152015,7944669.83585175,7944677.783188429,5409,200,0.5746997352689505,7.947336678393185,192
0b736e1c-acd8-4a5c-b315-cd65bf29916b,8c98f610-d05a-452b-bd58-8654bc224515,7944670.260526117,7944671.04865302,7944678.012893201,3856,200,0.788126902654767,6.964240181259811,160
7c16ae40-3325-4baa-8e11-c76f0809f055,32fb687a-464c-4e34-81ac-888a775f869d,7944670.260515403,7944670.503066127,7944678.293138394,2417,200,0.2425507241860032,7.790072266943753,192
b9d36c59-14cc-4139-b0ca-d1349e83136a,31d285ac-fc75-4253-9dbd-ca2580bb03c1,7944671.261242399,7944671.814339113,7944678.321658241,5367,200,0.5530967144295573,6.507319127209485,224
75e6a60d-7575-41f9-85a7-e90bb9341217,00237d17-5a7a-4844-95a2-634553f9bde7,7944670.260497553,7944670.891899831,7944678.326842671,5110,200,0.6314022773876786,7.434942840598524,160
6f733d75-df8a-4059-a45a-c66a340d77c8,6963d70e-8a78-474a-aecb-3a11623672b1,7944670.260536602,7944670.81962097,7944678.322552206,1355,200,0.5590843679383397,7.502931236289442,176
0e60306a-5775-4687-9a8d-2d44a388153c,17f52023-20f0-4ba4-8129-16c153a0bb0e,7944672.26122486,7944672.68526682,7944678.935909406,4592,200,0.42404195945709944,6.250642586499453,160
2eebe393-28c3-4f43-9805-481e6ed6f1a6,d7da3b0d-04e9-4b9d-b404-5377e6967479,7944669.261155369,7944669.978017857,7944679.005348863,5744,200,0.7168624885380268,9.027331005781889,160
d344a559-5aa4-44ae-a5cd-1eda92fee91b,73d8e0e8-1341-40a5-b0d5-094ca0aac9e0,7944671.26123618,7944671.73125769,7944679.052653753,4860,200,0.4700215104967356,7.32139606308192,176
1b77dc76-1938-4f9f-85a5-43985733e725,86de5cef-70bf-4017-a0cc-18e138df67ce,7944671.26123932,7944671.942753364,7944679.080180757,2834,200,0.6815140442922711,7.137427392415702,192
23eba098-48ce-4191-bac8-93338473263c,c36617c0-5ee9-428f-8eb3-fabed3fcffc7,7944672.261237678,7944672.551376091,7944679.192052284,3172,200,0.29013841319829226,6.6406761929392815,160
c4285504-deaa-49d6-9159-903d624504c1,b7554870-29f4-4f87-8863-6a1c0092c222,7944670.26051926,7944670.773521384,7944679.218401009,5944,200,0.5130021246150136,8.444879624992609,224
f76107b0-6cda-4de2-9653-d61f8a9ea76c,899c2615-9ae4-4ce5-91c4-b802b05ed50e,7944670.260532969,7944670.876610162,7944679.286787787,2278,200,0.6160771930590272,8.410177625715733,288
0d68fc9a-65e4-4ff5-9515-79aab769f08d,a4f0c701-3c40-428e-a46d-38a2479e43d2,7944670.260522241,7944670.778349598,7944679.5168772815,5875,200,0.5178273571655154,8.738527683541179,176
60780e40-fb06-4cd3-bdb0-5de5c7dd78f9,49d21dd3-cbfe-430e-b63f-91912665739f,7944672.261248988,7944672.663738491,7944679.976018655,4438,200,0.4024895029142499,7.31228016410023,192
53f9857b-ab26-499e-b588-0ed1617cdc3d,4bf9a1b8-5289-460f-817e-659616fb5993,7944671.26122955,7944672.279564007,7944679.986048378,5908,200,1.0183344576507807,7.706484370864928,192
bdf3ef80-cca1-4c0b-af33-a73832e69069,08617b02-e213-4095-a1cd-ed95f33fb542,7944672.261244909,7944672.515787723,7944680.047255199,2981,200,0.25454281363636255,7.531467476859689,192
d1cc4884-1137-41f2-8faa-4a2185e4e1e3,3d4bb9ce-f904-4d3e-9ad9-28a3dced33aa,7944672.261241449,7944672.7117248615,7944680.052973838,5194,200,0.4504834124818444,7.341248976066709,160
ceae6df7-246d-48f9-a7b9-f37d2fea84c3,47290926-f76b-42a0-b6b0-95ae3ac5a196,7944673.260389496,7944673.609288082,7944680.067397288,3372,200,0.34889858681708574,6.458109205588698,16
07a67a4b-cdb2-475d-94b4-bdd50c494085,0fd4279a-26c5-4067-ab88-75febf63597d,7944671.261218195,7944672.069998264,7944680.105404142,5981,200,0.808780069462955,8.03540587797761,176
526003e5-643d-4c98-b3b8-08cc02abdd73,4c0997d5-2aec-4027-a2f1-cdad7df5163a,7944673.260407259,7944673.784586368,7944681.303954,769,200,0.5241791093721986,7.519367631524801,288
89a02f76-1aaa-4764-b2e0-f2fecac7896f,4131e3cc-5480-4d8c-9fef-c2f6acff68e7,7944673.260402567,7944673.7381648,7944681.800164063,5429,200,0.47776223346590996,8.061999263241887,176
0c9480fa-99f4-43f4-b9be-52648d244948,86299f69-c775-484b-b143-609a8de38115,7944673.260399686,7944673.386424106,7944681.880877957,935,200,0.1260244194418192,8.494453851133585,160
72afc199-a9d7-444e-b186-6bec4aa5fc1a,675afd83-9b5b-45b7-9f5f-7e5d89f0c9f2,7944673.260405055,7944674.157841344,7944681.899171453,4620,200,0.8974362891167402,7.741330108605325,176
1813da4f-a617-4844-af7d-fd390db42982,2c2590bf-7735-4068-8406-2d47707168ea,7944675.260534911,7944675.836203308,7944682.893281663,5649,200,0.5756683964282274,7.0570783549919724,160
696eeced-cc3e-4a95-a257-a029642c23a7,e6336030-a659-4464-954a-a056f93a2109,7944674.261271871,7944674.442844747,7944683.08162979,2115,200,0.1815728759393096,8.638785043731332,192
b924fd30-1dbe-4825-94c7-d689a6a5f2b6,b291c0ac-e9de-4ead-baf2-abc51810229c,7944675.260455336,7944675.418624729,7944683.175574996,1417,200,0.15816939249634743,7.75695026665926,192
531d7856-12a1-4f5f-b099-df7ba065e5f7,f21c3799-f3ff-498f-be2e-8982bdfe2ecd,7944675.260527901,7944675.856095706,7944683.202620057,1405,200,0.595567804761231,7.346524351276457,192
5b9f6867-0071-4669-85c1-74a7ccf2b77b,f0cbebc5-adb6-461b-9b21-22667b2f1d8c,7944675.260523523,7944676.003850982,7944683.294377155,3660,200,0.7433274583891034,7.290526173077524,224
337e5484-97e3-4ca0-b8d6-fdd2a4355a0a,3e29e7d8-6d1a-47d0-9144-aee9df51a47e,7944675.26053152,7944675.832864759,7944683.978730275,4483,200,0.5723332390189171,8.145865516737103,176
af97a2cf-6ec3-461e-af37-c1b54cc3772e,74c55eab-1a18-4213-99b5-af35716fb45c,7944675.260506978,7944675.391949609,7944684.174609739,1111,200,0.13144263066351414,8.782660130411386,160
80806c21-292f-4631-958c-1aecef070888,c224457b-5ee5-41ff-ab1d-fe153a463ef1,7944677.260317399,7944677.620478692,7944685.052521187,3900,200,0.36016129329800606,7.432042494416237,160
b50add09-be6b-4ad7-9771-a35bad2f02b5,c51e1c93-377f-4846-81a1-14e5879a721c,7944677.260313538,7944677.664819569,7944685.287901289,4691,200,0.40450603142380714,7.623081719502807,160
60e5940f-d47a-4dce-b679-191ba74bac7a,eecbcd88-7743-4e34-95b6-1c67dec9ac89,7944678.260993018,7944679.190131081,7944685.34468514,5752,200,0.9291380634531379,6.1545540587976575,224
511e062f-d40b-4b63-af7c-147bc7c6885e,67175028-e3cc-49e9-98a5-1253f05846f8,7944678.260977867,7944678.417913828,7944685.592917677,1269,200,0.15693596098572016,7.175003848969936,224
6359445f-c5bf-4752-8ec9-a842f6a8939c,bcb9a03c-7a7d-4221-8d1f-5f52836f8b7c,7944677.260296664,7944677.572312717,7944685.626206462,3420,200,0.31201605312526226,8.053893744945526,224
4c140e92-300d-4c04-a421-ec2356840035,40d78c7c-f309-472d-9723-03a3659022b7,7944679.261204702,7944679.905521485,7944685.752857967,1457,200,0.6443167831748724,5.847336482256651,192
3b475b33-599c-4e74-9230-ac62736afc55,2a2ae2a8-7cce-4581-8c57-146abd9d9090,7944678.260989316,7944678.591012973,7944686.071266696,624,200,0.3300236575305462,7.4802537225186825,608
2366b39a-35b0-4c44-b090-2e3af38cb6f5,fc991f32-f1b6-4afe-ba3b-a472773d0110,7944678.260956478,7944678.623796414,7944686.218631964,3601,200,0.36283993534743786,7.594835550524294,192
6f35fdc1-dc6a-4994-a45f-7d7874e96075,b95dfb64-0406-4605-9307-eb2ed587ac22,7944678.260905846,7944678.767326921,7944686.288934075,5866,200,0.5064210752025247,7.521607154048979,224
37758e01-5851-42c7-8ac1-2efa200b28d1,119381d5-69e5-4c08-b438-534c58547839,7944678.260985904,7944678.883792385,7944686.569328209,2164,200,0.6228064810857177,7.68553582392633,192
e1dc8831-df52-4372-b225-9b3082216f8c,c9eebcda-eea2-470a-a776-e217e9bdb657,7944678.260973278,7944678.772881495,7944686.7159987865,6002,200,0.5119082164019346,7.943117291666567,160
b3154b07-b9d1-49c6-8e8f-1a99ac490d52,aa2dc0a5-8f81-47dc-8767-40e6ea12f767,7944679.26120816,7944679.93487321,7944686.768327452,5839,200,0.6736650504171848,6.833454241976142,192
c483b55b-787b-4759-ad42-4137e770e998,2d5dcc3c-a047-4b49-9a38-cd2e4eb26eb8,7944679.26118683,7944679.424930975,7944686.98373498,1658,200,0.16374414507299662,7.558804005384445,176
00ea5e52-2533-4245-9e83-24f6bbb4e75a,a982f705-32d0-4428-be25-bacea39e1167,7944679.261201282,7944679.54252805,7944687.169402929,2849,200,0.281326767988503,7.626874879002571,224
36b0b6f6-44f8-4ef7-b56e-cb6fbd9a6b88,3047d0dd-5a9d-4d90-be11-b1eb806c0a55,7944678.260982546,7944679.006478592,7944687.207116762,5877,200,0.7454960457980633,8.200638170354068,160
30b9ad8b-fd16-47e7-a929-b0ac7c33959d,7a77a142-6294-4d46-b6bf-f820bc0585c9,7944679.261215912,7944680.128815661,7944687.321069473,5303,200,0.867599749006331,7.192253812216222,160
52a2736f-31ac-467b-8543-d95e9ddbd0eb,e3dd554f-367d-4384-ab25-a1c69ce5e46b,7944679.261211957,7944679.864016131,7944687.682350301,2104,200,0.6028041737154126,7.818334170617163,176
d5cdf9d8-b97d-414e-89cb-153f80b126c8,b9059ca1-41f6-4bb2-a78c-89f60ec16a23,7944681.260458162,7944681.704178535,7944687.880061475,3140,200,0.4437203733250499,6.175882939249277,160
d132e947-39d9-44d6-8221-39176dec3cda,a88040f4-3d46-4ddd-9db3-d9cefb577c4d,7944680.260377308,7944680.786877305,7944687.919849651,5893,200,0.5264999968931079,7.132972345687449,192
2ea6e2d8-e3c4-478e-b030-371ad8ba03bd,601ebb0f-02ad-42e7-a626-7ebef638a847,7944679.261197247,7944679.767653558,7944687.985341738,5934,200,0.5064563117921352,8.217688179574907,192
5dfec905-6f51-4b86-980f-4a64d1236a58,75db6428-dff0-463f-b671-c2e496eaec25,7944682.26052158,7944682.353949445,7944688.129372072,589,200,0.09342786483466625,5.775422627106309,160
1676b8b4-50c7-4b5b-be46-b726058c3ec3,68be2e78-fd86-4254-9162-87ef98236296,7944681.260451233,7944681.733293859,7944688.18397241,4311,200,0.47284262627363205,6.4506785506382585,192
77c3bb4d-06ce-45ce-bd05-1d827ed4c362,307fce6d-c2b2-4dae-aea7-ddfb228a713a,7944680.260389844,7944680.800328909,7944688.527732297,5775,200,0.539939065463841,7.72740338742733,176
1a7320f4-94db-484f-8bac-985b07301daf,8e505307-8830-46b2-ac68-84a7d5dbd9a0,7944681.260454969,7944681.704062265,7944688.581061882,3139,200,0.44360729679465294,6.876999616622925,160
868a6437-e597-4039-ba89-44c10e2eb0c8,efedac55-57dd-4acf-9f7e-f6bbd7243fbe,7944683.261211282,7944683.55485616,7944689.071366415,2718,200,0.29364487808197737,5.516510255634785,224
ac991d19-7f7f-4693-b1f0-8850c296b670,d5425635-66a0-41d5-81d0-ad9595409e38,7944681.260447622,7944681.8037119,7944689.080329084,5888,200,0.543264277279377,7.276617184281349,160
754c016d-7e13-4c51-a264-e87f07d73214,a11dd54d-1ecf-4edb-8876-8bcbbf55cb77,7944680.260386136,7944680.432391862,7944689.169181426,1455,200,0.17200572602450848,8.736789563670754,160
4addecb5-c83e-461c-8809-42638bee51fb,008dd8be-2869-4ff2-8840-18c17714b28a,7944682.260533313,7944682.3521538135,7944689.215779887,682,200,0.09162050019949675,6.863626073114574,224
6097c231-357c-4b6d-8f77-7d167de53a05,fc0ee260-72a8-4d48-ad4f-51c0fbdc2377,7944683.261199845,7944683.796327939,7944689.964951283,5576,200,0.5351280942559242,6.168623344041407,160
58f053c6-7d52-4dae-adf2-1feb2fd72dc4,808d4138-729b-4276-b0a1-bb598e185260,7944683.26120772,7944683.838193192,7944690.026447337,1023,200,0.5769854718819261,6.188254144974053,192
5512b377-3c75-4dee-9dc0-720f1959b12e,3084bad3-0d0c-475a-b223-7ebae9afaa52,7944681.26043561,7944681.869804714,7944690.129043895,5911,200,0.6093691037967801,8.25923918094486,288
9fdf7b54-673f-4065-b5b3-a40d5c2456a5,62668b5f-d3c2-4774-bf3f-6674f4688863,7944683.261203475,7944683.837634636,7944690.220309764,1026,200,0.5764311607927084,6.382675128057599,160
cd39f2b7-9d38-4de0-a429-f7c27e638f6b,cd8610c6-4e75-4a34-b188-241f3519a738,7944681.260417266,7944681.872779151,7944690.2650033105,5723,200,0.6123618856072426,8.392224159091711,192
1a6bbef4-cd13-4254-b314-b97237bd2441,3327e22a-e47a-4e28-ab49-61feb0f8ccd2,7944684.260596207,7944684.74828645,7944690.4245743025,4085,200,0.48769024293869734,5.676287852227688,176
92b99e32-bacc-48ee-a0b0-18fa1edc3af0,818f34b1-81e6-4dc9-8896-079af3a673ea,7944684.260588678,7944684.884172526,7944690.617980828,6005,200,0.6235838485881686,5.733808301389217,192
f92aa6ed-8fea-4471-8ab8-bab5bafae7fc,173d8474-31a7-49c9-a766-796c9ce56475,7944683.261195633,7944683.4635522375,7944690.622042525,1840,200,0.2023566048592329,7.158490287140012,256
8096fcf6-0ade-4076-903d-5885cf370f7c,a985a02b-05ef-4ef4-872e-e27efa1ad38a,7944683.26118457,7944683.567885189,7944690.827470085,3206,200,0.3067006189376116,7.259584895335138,192
ec20d6f5-e36a-4ea7-85ac-7d6885a7ded1,db793246-9873-488a-8c36-68b6c758735d,7944683.261214929,7944683.749802668,7944690.881956862,2475,200,0.4885877389460802,7.132154194638133,2464
90d9cc49-50f8-415a-aa58-5ebcfcd4d8b2,5a3fbe60-735b-4fe4-a6f8-1bc371c5ad89,7944684.260600463,7944685.169460076,7944690.91692097,6627,200,0.9088596133515239,5.7474608942866325,192
b98ed90c-01dd-417c-95f1-c8cd1436c8fd,a1a7eb59-e3ea-49ce-8404-f2ae489b3233,7944685.261196164,7944685.327192454,7944690.9463424515,377,200,0.06599628925323486,5.619149997830391,192
ca16dce2-d26f-4374-acbd-8f1b0c15ad5c,bfc78a92-84e5-4fdf-8b1d-913c94a11821,7944684.260593077,7944684.965039176,7944690.965828149,4829,200,0.704446098767221,6.000788972713053,192
ea16406f-8f52-4fc7-bd4a-e798c21f5610,d769c8e7-545f-4504-930e-6fb89f07eeaa,7944685.261185728,7944685.531119415,7944691.057610666,2923,200,0.2699336865916848,5.526491251774132,288
493d982d-931d-446d-ad91-e10c84ace9f2,48f00f11-d6a7-4d60-b710-9751910c2b29,7944682.260536674,7944682.86184598,7944691.138266458,5858,200,0.6013093059882522,8.27642047777772,176
38d4a83b-7d72-4a27-bfc6-32cddeaf5a60,fa482bdd-c4dc-4bd0-ab79-4e8054d78a61,7944684.26057669,7944685.251217463,7944691.883822616,6291,200,0.9906407734379172,6.632605153135955,192
114ee233-5ee3-4abe-bcb6-e20c015092a5,899c2615-9ae4-4ce5-91c4-b802b05ed50e,7944686.260558479,7944686.448560281,7944692.122726731,2278,200,0.1880018012598157,5.674166450276971,288
06c2b64f-6874-4b2b-b61e-4b9f3cf0b33c,643c4d15-0574-4bb2-a238-eb5212ad6aff,7944684.260603925,7944684.915378394,7944692.132406657,6554,200,0.6547744683921337,7.217028263024986,160
34346a15-6d91-46d6-b886-6efb908f8db6,558d1a32-11e7-4870-b268-20a3c0b14d67,7944683.261217967,7944684.178068915,7944692.289555745,5693,200,0.9168509487062693,8.111486829817295,160
d7e97c29-4ada-4a76-990b-c14d60be2987,9b86c84b-a3fb-4ca2-85be-c0037ebe4e13,7944684.260611288,7944685.099174065,7944692.691176234,5842,200,0.8385627763345838,7.59200216922909,176
62688fb8-7de7-431e-a4e9-559c6015e47a,57653307-c6ff-4c87-8138-1533b53900a3,7944684.260607763,7944684.851052907,7944692.749860539,5989,200,0.5904451441019773,7.898807631805539,160
8e77b1ef-7b64-4786-9286-c959f7e1d00d,b4ccd658-c53e-48f2-80b3-bdc3daefd3b0,7944687.260645564,7944687.659524434,7944692.814160929,4526,200,0.3988788705319166,5.15463649481535,224
74781245-c5df-4b76-bb78-5f2ac42c10fe,855dd6b3-1f0e-4fa3-a820-cbf26b5c076f,7944685.261199628,7944685.742085525,7944692.943480117,5986,200,0.48088589683175087,7.201394592411816,192
34edfe21-4fd0-4d08-ad9d-b7a18649f502,68a72b40-75f5-45c2-ab5b-a60e1e1882e3,7944687.26064829,7944687.500540693,7944693.15094292,2706,200,0.23989240359514952,5.650402226485312,192
ceed926c-44ef-45f5-a1c8-cd7996e9e047,1cc89369-2782-418c-93f1-6fd3c276dc1b,7944686.260568356,7944686.856589241,7944693.357233096,6855,200,0.5960208848118782,6.500643854960799,160
ae9a7454-c425-4940-ac53-d3e8d9387db1,238e0114-a854-4abc-967f-54062126b3e7,7944687.260650251,7944687.607077362,7944694.023768768,3671,200,0.34642711095511913,6.416691405698657,176
94d2a6eb-322e-47b6-9ae7-52f144fb9a75,bc3ac3c3-4d2f-4962-bb52-152a9ce073ae,7944687.260636007,7944687.778440094,7944694.29395227,5895,200,0.5178040862083435,6.515512176789343,192
6df17a5f-31ef-47e8-afe3-2f8db507aba1,70040244-0ba8-4018-b9e4-d79962cfab6a,7944688.261054315,7944688.76061331,7944695.508495016,5974,200,0.4995589954778552,6.7478817058727145,224
583bc516-5579-47b4-a79e-3495fa94bed3,be7c7963-f013-4d24-b0a7-6748d0b4636c,7944689.261191169,7944689.574300456,7944695.757817495,1110,200,0.3131092870607972,6.183517038822174,224
44c82a57-e44f-42ae-beab-8d682bec98db,3c65feda-6cb4-427f-8794-100421de1d7c,7944687.260652574,7944688.172117734,7944695.808505965,5699,200,0.911465160548687,7.63638823106885,160
88d8607c-98b3-4f80-b0f0-6f7e6d6fb43c,6e324056-7897-4c8b-93de-3f0d2871a1a9,7944688.261065458,7944688.758288887,7944695.961746063,5948,200,0.4972234293818474,7.203457175754011,192
9e8e5801-efd2-4893-82a6-3b796eccc204,ab7c945e-e515-4175-81a9-07d757d848ff,7944689.261171978,7944689.701505508,7944696.032288699,3790,200,0.4403335303068161,6.330783191137016,192
0e4d6cc8-8be9-4ef3-8450-476ca23dd358,072cf49e-ac0d-4d29-b3db-cf9253ebe3e7,7944688.261072703,7944688.667683224,7944696.1008861745,4505,200,0.4066105214878917,7.433202950283885,176
295da66c-a924-4d7a-9352-433b77d2f29c,997695bc-33ef-41c6-903e-cc1112298142,7944689.261196242,7944689.994226831,7944696.151889589,2993,200,0.7330305892974138,6.1576627576723695,176
1c924965-7ea7-4f52-89c8-ee5778ac47f8,3ee811a5-f205-4725-8db6-b99eb8dd1ecb,7944688.261069275,7944688.93339427,7944696.932124911,5123,200,0.6723249945789576,7.998730640858412,160
546d8eba-3036-46da-812b-2ace2ad345b6,b1cb652a-67d4-44c4-a3d6-11f8ce62329e,7944690.2608246,7944690.712493144,7944696.998609417,5357,200,0.451668543741107,6.286116273142397,192
8fe99403-48b0-49b7-92b9-24586d020a9a,0ff8ff91-ea55-4fbf-831d-05097d6a3ed6,7944689.26111793,7944689.967387711,7944697.107414293,2807,200,0.7062697811052203,7.140026582404971,160
d68ea7d1-e8b2-4c4d-a0db-c9fe87b0a695,ac2e9396-3cbc-47f4-b34f-0a22d08801cc,7944690.260815398,7944690.5793075375,7944697.896328706,3676,200,0.3184921396896243,7.317021168768406,224
a3e35308-6a4a-4789-bf34-d7ff7c290fc2,a16f5240-7964-4ea6-8660-0762c30468df,7944690.260827828,7944690.495827316,7944697.976125288,2535,200,0.2349994881078601,7.480297971516848,176
711b22db-2bab-4244-9b8b-fb13600082db,7ed7ebb9-c4ac-496b-a503-cbbd0dad0d9e,7944691.26093135,7944691.487583554,7944698.85020096,2642,200,0.2266522040590644,7.362617406062782,160
9de383cf-299a-4f32-b257-af3fec230979,828db195-ca5a-4484-848e-1fc6ac242624,7944692.260508418,7944692.864183938,7944698.872386528,5834,200,0.6036755200475454,6.008202590048313,176
b6357b3c-a9dd-4c00-9efa-c6f635bbf99a,6cbbb375-c940-47eb-bdbe-1c9292cd44d7,7944691.260940227,7944691.591463062,7944699.333780337,3922,200,0.3305228352546692,7.74231727514416,288
4e4ca7ea-df07-4244-8619-0ee603a2e1c6,9bc4feee-617f-4059-8c66-f3a6b1d07f17,7944693.260323658,7944693.557164865,7944700.228522078,2480,200,0.2968412069603801,6.671357213519514,176
07db5eb9-b53c-40e3-88c9-1aeca233eb98,f0cbebc5-adb6-461b-9b21-22667b2f1d8c,7944694.260814509,7944694.852064541,7944700.903200122,3660,200,0.5912500312551856,6.051135580986738,224
2a40a30d-dfd9-4f32-9490-2d27713cfd12,c39188e7-a06e-4fc5-9568-0d491f899573,7944693.260354965,7944693.405561623,7944700.997243303,609,200,0.1452066581696272,7.591681679710746,176
1a32d224-c27a-4f79-b256-4a0a723665fb,92deaa90-0511-413c-a6f7-0c972eadcb6a,7944692.260519227,7944692.362869685,7944701.00549799,737,200,0.1023504575714469,8.642628305591643,160
1b23758b-0929-4465-a7df-66e0c9b488ad,5b302f37-e3ca-40e5-bfef-75e965ee6100,7944694.26088539,7944695.172459397,7944701.009359121,5781,200,0.91157400701195,5.836899723857641,160
61cbd91b-4db3-4467-a71f-c63699e215c7,0759bb94-aa77-4047-8f94-34cc9c62436b,7944693.260350612,7944693.979854863,7944701.091064928,6056,200,0.7195042511448264,7.111210064962506,192
67b8d422-6be0-475d-9445-6dc38dd40a65,f84ba8c9-6059-4f39-8fc9-945657cc28a2,7944695.260851769,7944695.450982608,7944701.14825553,1904,200,0.19013083912432194,5.697272921912372,0
c69caca4-f2f2-4390-b54e-e2187e3b1d58,0656b29d-0483-4131-b056-dc30d1e2958b,7944693.260358236,7944693.412589429,7944701.564076246,541,200,0.1522311931475997,8.151486816816032,192
bbd0f503-8caa-4b18-8436-5b9d6a4c3b15,17f52023-20f0-4ba4-8129-16c153a0bb0e,7944695.260862755,7944695.72188633,7944702.20110071,4592,200,0.4610235756263137,6.479214379563928,160
59bd187e-3f67-4961-997b-382e4aee0e33,134b7ff3-7475-498b-8ba8-13bfa96c8a9c,7944694.260890457,7944695.066785156,7944702.316717963,5041,200,0.8058946989476681,7.249932806938887,192
4cfa2a98-727b-4ea7-a624-b2b11ac54c85,173d8474-31a7-49c9-a766-796c9ce56475,7944695.260855966,7944695.335247833,7944702.732087057,1860,200,0.07439186703413725,7.39683922380209,1776
36d319ed-fbf1-469c-8eee-e71c51bd52ca,a3c929d0-baa7-4945-b63f-33a6fc39fd65,7944696.260287394,7944696.827862255,7944702.96227327,4631,200,0.567574861459434,6.134411014616489,192
dee89ffb-b1bd-4b06-95b1-06f0e71400e3,16c13356-28d3-47de-b107-a5a7029a64ab,7944697.260666017,7944697.935299816,7944703.454007388,5878,200,0.6746337981894612,5.518707572482526,160
98e7166a-989c-4f11-8aff-f87eff12e8ff,6a0ac87a-e917-4b52-bf8d-10689801e4bb,7944697.260704342,7944698.00314112,7944703.467762171,3320,200,0.7424367778003216,5.464621051214635,192
18a9a56a-eb77-46c1-84f8-c19bcf0ba76c,169bfd1c-b54b-4a03-b40f-5a304abd2cb8,7944696.260272753,7944696.752114587,7944703.654432059,5373,200,0.491841834038496,6.902317471802235,224
035a906f-b5d8-4f69-9394-08a7568717d3,db793246-9873-488a-8c36-68b6c758735d,7944694.260852166,7944694.769252238,7944703.6555094775,2475,200,0.5084000714123249,8.886257239617407,224
17cf1d60-c7a1-437a-8586-6b9992116fff,6d397388-4b5d-422f-8257-510f20c16cb4,7944698.260441622,7944698.347057249,7944703.749604059,503,200,0.08661562763154507,5.402546809986234,192
f93c626a-3492-4b81-87b3-0ac4637d0815,502899ee-4518-4d94-a120-80fc9b07318d,7944696.260290228,7944696.7021493185,7944703.790324654,5270,200,0.4418590907007456,7.088175335898995,192
39bff8f9-8eac-46f1-9cc4-f4ca12725bdc,ba46ec63-d117-43af-a082-fdb05a1381df,7944694.260878703,7944695.949852506,7944703.805599833,3445,200,1.6889738030731678,7.855747327208519,160
8f34e914-9f37-4e57-91a5-5ef3d131bc28,b325fd77-fdfe-41e9-a0ff-794363903698,7944697.260697238,7944697.496168516,7944703.827640565,2097,200,0.2354712774977088,6.331472049467266,160
5cb35a9f-7123-4036-ae69-bc9482c98e2a,ae2e8592-a20d-44b2-9ac8-d0abc430102f,7944694.260797868,7944694.943044078,7944704.19619898,2728,200,0.6822462100535631,9.253154902718961,0
e2341213-4588-4bbe-8eb4-0bf37fddad0d,3d8863b7-df29-4780-bd2e-c251d2407494,7944697.260688324,7944697.743349465,7944704.19595474,5774,200,0.4826611401513219,6.452605275437236,176
ab540b02-c418-44d2-97cc-5a5fb1f8f60f,307c55d5-8ee9-4aec-850b-cee5f644152a,7944695.260839835,7944695.825102026,7944704.362517875,6649,200,0.5642621908336878,8.537415849044919,192
6de33a5c-2fc8-4d9e-8c93-dc097ec4904a,b2adb0c3-8839-4059-becb-292eecf840fb,7944697.260681158,7944697.752268058,7944704.361565355,5963,200,0.4915869003161788,6.609297296963632,176
067f5b41-13c1-4d82-9c40-0b85baa239ef,86de5cef-70bf-4017-a0cc-18e138df67ce,7944699.260611107,7944699.526786417,7944704.83136529,3014,200,0.2661753101274371,5.304578873328865,192
73afcc35-b8b8-4847-a729-e806b8204b84,6dea13ca-acc2-443b-bdac-b586c0f4fe58,7944694.260810707,7944695.177060738,7944704.8891868,5999,200,0.9162500314414501,9.712126062251627,176
bf1aedff-3f9d-4427-9041-d2ff8d0f916a,b2e5c2f2-ace4-4fcd-a84f-e1ad661d87cb,7944698.260436443,7944698.682190114,7944704.904439108,4703,200,0.4217536710202694,6.222248994745314,192
c328ed53-c945-40e0-b0f9-e6498d8446d3,749cff23-59a3-425b-bc36-69a36ebb5518,7944695.260866035,7944695.668035282,7944704.975619602,3493,200,0.407169247046113,9.30758432019502,160
898cdc1b-abba-4de3-92c5-be75c330418f,7c8adab7-544c-4106-916a-d86d02536d30,7944695.260859491,7944696.157895557,7944705.044745761,5767,200,0.8970360653474927,8.886850204318762,176
0e2b3cda-505e-42f1-af0d-547e2c061bb1,bfffcdeb-f570-472b-9850-8d2a51b3e4a9,7944697.2606942,7944697.822634457,7944705.088864039,1281,200,0.5619402565062046,7.26622958201915,176
33d00e2b-e16d-4207-b472-8b1845610e9f,dc6a24a9-28a9-4c0c-84ed-02457cc09129,7944696.260283222,7944696.4165448155,7944705.684114864,1124,200,0.1562615931034088,9.267570048570633,16
8d6da7bc-3025-4a8f-addd-ff3952834a70,899c2615-9ae4-4ce5-91c4-b802b05ed50e,7944697.260700939,7944697.824568927,7944705.809945734,2275,200,0.5638679880648851,7.9853768069297075,288
9e0b84f8-4ea2-416e-904a-5d092e06ca40,abcf79af-7bcb-4a44-bac7-cf7c8ee297aa,7944699.26063065,7944699.751316775,7944706.011532107,5818,200,0.49068612419068813,6.260215332731605,176
fb9e24b6-f351-4b03-8e2d-3c214e5d09a3,c6edf900-83dc-49ab-a291-352d4609219e,7944698.260444526,7944698.443679897,7944706.158892438,1961,200,0.18323537148535252,7.715212540701032,224
168e71eb-0e35-4d4a-bb8c-d447fc42317e,6f4051d6-8003-4af8-be6a-137219b04ba5,7944697.260691767,7944697.822604091,7944706.25197813,6477,200,0.5619123242795467,8.429374039173126,192
1c576074-c6ea-4b60-99ab-ca4ee1402678,239fe02a-0a19-4d3b-9cb8-bae3872a285f,7944700.261253187,7944700.570894186,7944706.527085369,3617,200,0.30964099895209074,5.956191183067858,224
1fa95e5a-4263-43d8-8901-e911a8651cf7,eaa14318-4f95-461e-9213-5b24ea716730,7944698.260447999,7944698.755392862,7944706.625688263,5947,200,0.4949448620900512,7.870295401662588,160
41a01a32-3686-41cd-86bf-8aafdb97297c,22d7558f-2436-464f-b111-4724e2f322d1,7944697.260685304,7944697.757079614,7944706.652292468,2329,200,0.4963943101465702,8.895212853327394,224
b5393707-d2c4-4024-b00a-98df535a524c,0899530f-4ed7-49f5-91aa-9eef27c4e875,7944701.260518421,7944701.751518098,7944706.964447281,5977,200,0.4909996762871742,5.212929183617234,176
04672117-d1a2-4e90-9cd4-5b94bbad1ebc,c22fb9b8-9ddc-4b2a-99a0-55d2562e0072,7944698.260426752,7944698.576910576,7944707.128335129,3310,200,0.31648382358253,8.551424552686512,192
84b06b33-6f75-436b-a8d2-1d756edcc1c3,008dd8be-2869-4ff2-8840-18c17714b28a,7944702.260978021,7944702.514273862,7944707.141443053,682,200,0.25329584162682295,4.627169190905988,224
e38ad746-bf0c-4380-aea5-a5fcddd92bd5,d8a397bc-57f7-446c-afd5-6ed41a735419,7944699.260559779,7944699.529183727,7944707.200209476,2861,200,0.268623948097229,7.67102574929595,192
1f8f969c-e646-469d-83c7-5659b7baa822,e38ecf53-d2a3-434b-affd-1afb07135ae3,7944698.260439355,7944699.216127736,7944707.220495508,6241,200,0.9556883806362748,8.004367772489786,176
0e4a0a48-ee2b-47d7-a389-a9ee58599c2d,f160fdea-ff99-47be-a3a0-a67bae8c864d,7944702.260982072,7944702.36560212,7944707.36621295,538,200,0.10462004784494638,5.000610830262303,224
e05a9cef-8369-403f-97b6-462a91c50935,f21c3799-f3ff-498f-be2e-8982bdfe2ecd,7944702.260991402,7944702.702844209,7944707.857137732,1583,200,0.44185280706733465,5.154293523170054,192
83ed25c9-33bf-4681-8a92-99f70c15b590,f8e43d47-46b2-48cc-9573-4488e6fb8e5c,7944701.2605288,7944701.7113458635,7944708.442386505,4983,200,0.4508170634508133,6.731040641665459,176
b172c86e-ffb4-48f0-abc3-9e372de0b6c1,1326464b-c372-47f9-8850-927fd5f180aa,7944703.260582165,7944703.7315481445,7944708.797949606,5982,200,0.4709659796208143,5.066401461139321,224
45ca980a-a47a-42d6-a476-c34216cd27d7,4da709ff-bf01-49a3-8bc5-9118019904f4,7944702.260988003,7944702.475209577,7944708.864968406,2011,200,0.21422157436609268,6.389758829027414,224
cb915f39-8a55-468a-bd45-1ee01e0365bc,fc0ee260-72a8-4d48-ad4f-51c0fbdc2377,7944702.261040775,7944703.23118481,7944708.869452211,5576,200,0.970144035294652,5.638267400674522,5568
4c79565a-4a45-4ffa-8776-6e83e94950c0,4c23bd5a-bf9f-4ee2-a8bc-c19f72ea4b9d,7944702.26105553,7944702.869452011,7944708.965542619,1745,200,0.6083964807912707,6.096090608276427,160
0a9b873a-e4eb-471f-ae03-ea07f7bd27f2,3e53059f-27ed-453d-a3cb-045b4aa7f847,7944702.260968213,7944702.960188965,7944709.167917389,4584,200,0.6992207523435354,6.2077284241095185,224
fcfc40f1-2a91-4cdd-8ed1-78bde127fd93,6e7cc52a-11de-432c-9428-ed0bba4d276d,7944703.260558862,7944703.61130651,7944709.276305875,4142,200,0.35074764769524336,5.664999364875257,160
c6f270dd-54b7-40a4-aeab-756896d1d189,715e64e0-0181-41a0-b6a9-c164d566d676,7944703.260578693,7944703.748055731,7944709.736006731,5856,200,0.48747703805565834,5.987951000221074,176
f8b452ac-92f7-43fb-9462-55d1a7de6635,ec13b1d0-76b0-4b76-b16c-1f1ba5a32e9c,7944704.261044964,7944704.7060414,7944709.788506985,4133,200,0.44499643612653017,5.082465584389865,160
a8c8a18f-a7b1-489a-8f9e-533cd4070d27,2cdf6e17-98f6-4422-b801-386c14474a71,7944705.260575084,7944705.534520234,7944709.81348803,611,200,0.2739451499655843,4.27896779589355,288
6d2e3a04-0785-47db-9f4c-d379f9b84bf8,09dd643a-82c5-4330-85e9-67ad0d950227,7944702.260984977,7944703.531749921,7944709.8842012165,3229,200,1.2707649441435933,6.352451295591891,192
b2b5930e-9fc3-4aab-9192-b4d0aadfd655,db181ab9-192b-4119-8e82-13c9748a3f0a,7944703.26057422,7944704.037313868,7944709.906395321,5952,200,0.7767396485432982,5.869081452488899,160
2868d5bf-d177-4c4e-ac4c-67afdb329289,bef48969-2881-4b72-aae0-5d83261314a3,7944704.261038263,7944704.816992726,7944710.234548673,5760,200,0.5559544628486037,5.417555946856737,192
8225b570-10de-4979-92fd-074e4985d40a,773031a0-4df5-41b1-9031-e9c5d037efa1,7944704.261027604,7944704.519819941,7944710.298665303,1841,200,0.25879233703017235,5.778845361433923,192
c2a656de-e364-4d14-b223-a7f613a95150,119381d5-69e5-4c08-b438-534c58547839,7944705.260571077,7944705.632849319,7944710.434230241,2326,200,0.3722782423719764,4.801380922086537,192
152bf41b-fc7a-46c2-ae51-62f150dca437,bb3439ba-bbc2-476c-b3db-f87808d184ff,7944705.260561766,7944705.642450612,7944710.516846628,4047,200,0.3818888459354639,4.874396015889943,176
9c82cc02-ec22-4daa-acab-a9eafc532e13,5f1dfde8-0414-448f-b867-af9a8603ce0b,7944704.261041777,7944704.775416107,7944710.53609587,4612,200,0.5143743297085166,5.760679762810469,176
fcbf7c59-7c5c-4452-aa8d-d4432f64962c,cae64ee8-4011-44ef-9331-c924f5e429be,7944705.260567959,7944705.898514051,7944710.990944791,2527,200,0.6379460915923119,5.092430739663541,176
a89c2a8b-6685-4ec3-9b5c-6d1759e4a83d,d8fa74bb-c0dd-4dbd-b367-a3010dde6911,7944705.260551801,7944705.359254238,7944711.162188254,493,200,0.09870243724435568,5.802934016101062,176
842e13fe-63c9-43a2-a7f0-55fbb2681d16,f5dfcd4e-8527-4840-bbd6-49f1e98a3680,7944705.260580556,7944705.8609445095,7944711.1896267915,1701,200,0.6003639539703727,5.328682282008231,192
1432ef5a-acd9-4452-a020-1e0bb489fe79,0a8f817b-a718-410e-a942-023e11cee743,7944705.260565248,7944705.764517529,7944711.298212383,5794,200,0.5039522806182504,5.533694854006171,192
5d00f722-6f7a-494b-8195-997ba9c0f417,ff27b323-224b-4236-b530-8b34fcfc9531,7944707.261181631,7944707.3489020495,7944711.701570003,553,200,0.08772041834890842,4.3526679538190365,176
f7ac2051-63a4-4d29-9209-196323e0c1b3,1746f222-2ffd-4f94-84ff-98bd0a70124e,7944707.261209092,7944707.399604192,7944711.766328547,1243,200,0.1383950999006629,4.366724355146289,224
666859c1-c95c-435d-83a7-7cc4720a8f0b,f48f3c83-7b8a-45e5-a0fa-74a6e92599d8,7944705.260577912,7944706.197094966,7944712.185971719,5864,200,0.936517053283751,5.988876753486693,160
0263c116-ea2a-4a11-b1ec-bdd4e3e25d8f,3327e22a-e47a-4e28-ab49-61feb0f8ccd2,7944708.261333572,7944708.665240588,7944712.618992859,4085,200,0.40390701591968536,3.953752270899713,176
8c27d08c-1184-41aa-9583-9ebdc74c27ab,bd570a98-2f1a-4531-bb66-616d7ad2d60e,7944708.261293648,7944708.551957523,7944712.750932719,2840,200,0.29066387563943863,4.198975195176899,160
e67bb8e2-247c-46d4-8355-e0f17aa7970e,16c03b80-16ca-4741-9908-eb2c51e1d2a1,7944707.26120181,7944707.471735453,7944712.804682217,2417,200,0.2105336431413889,5.332946763373911,224
9a41aa4e-3246-4e02-af38-ac55f1d94c5c,2a455136-68a7-4f2e-ae04-e584f979ee34,7944707.261205416,7944707.679504782,7944712.854049825,4971,200,0.4182993657886982,5.1745450431481,176
68fe305a-be81-4b58-a0f5-642b70278703,fa482bdd-c4dc-4bd0-ab79-4e8054d78a61,7944707.261198686,7944707.783491932,7944713.126712717,6291,200,0.5222932454198599,5.3432207852602005,192
c9062ea0-a646-4bae-b456-ab317e82677b,37708728-a9ac-4b1e-aa70-2cee12a8dac3,7944709.261272257,7944709.379068659,7944713.168709952,943,200,0.11779640149325132,3.789641293697059,160
cc16989f-01ae-4d48-97a5-673d97144550,d5425635-66a0-41d5-81d0-ad9595409e38,7944707.261194262,7944707.746931367,7944713.224447271,5848,200,0.4857371049001813,5.47751590423286,160
