request_id,conversation_id,send_time,ttft_time,total_time,tokens_in,tokens_out,ttft,tpot,cached_tokens
a2e9a3d7-7249-41cf-9892-8903b78d60e6,f93cf9d2-38b2-470c-ab49-c0cef71be9fc,7943713.248919261,7943713.938314633,7943718.301554777,4903,200,0.6893953727558255,4.363240143284202,0
5d648329-6764-4a27-ac04-39f178896c97,e74245db-a56d-47ca-9c2a-8e63314d403e,7943712.885372553,7943713.9340127,7943718.299134376,2682,200,1.0486401468515396,4.365121676586568,160
1573ef12-12fd-45d0-a264-a6156df4b1af,0b4cd372-bd8b-4110-ae65-321a75436596,7943710.474473601,7943710.997372767,7943715.914991224,2305,200,0.5228991657495499,4.917618457227945,0
c79bbd25-b223-4962-bcd0-49f2de4701c2,d0030985-3721-47a2-be3f-a716ff7779ef,7943714.251945795,7943714.785494042,7943718.981181231,3109,200,0.5335482470691204,4.195687189698219,160
0ec3eeb6-9c44-4147-8cff-ace9c16df863,109911a5-9e24-4bdc-95c0-fd2a56571c91,7943710.474464622,7943711.286846961,7943716.659428261,6017,200,0.8123823385685682,5.372581300325692,0
c0fbd95d-3193-4eab-b843-174ddc6b61ca,768e7329-8d72-458d-b447-38a0758c3ca0,7943713.248936107,7943713.969972071,7943719.071323712,560,200,0.7210359638556838,5.1013516411185265,176
2556cc69-83c9-49b5-b5bb-db4897d80446,21dbf6ef-22d2-46e3-ac48-9cb8657506d9,7943712.885275467,7943713.970381915,7943719.073147947,2847,200,1.085106447339058,5.102766032330692,0
d218cde5-7852-4748-bf43-1e39efcac87e,1a988c14-d0aa-42e6-93b1-f46a41f68179,7943710.474456496,7943711.300586719,7943716.696926898,5906,200,0.8261302234604955,5.396340179257095,0
52216575-7a2d-402d-b87d-e5cb115c186f,9d3da819-d55e-499b-8c32-f0bc4ad5ad0e,7943712.885387236,7943713.965704206,7943719.069380679,512,200,1.0803169701248407,5.103676472790539,0
ef8d3850-7ab9-4f4b-a482-430a6719b8b4,9136ede0-846b-49de-ba9b-d51df17940f6,7943712.885269714,7943714.298075343,7943719.0772367045,2209,200,1.4128056289628148,4.779161361977458,0
70958718-3f0c-4f11-bb3a-93d738eef049,12a20126-19e5-4ddc-b4e6-5b1c4432afdc,7943712.885383813,7943714.293572326,7943719.083760449,5800,200,1.4081885134801269,4.790188122540712,0
72de6040-5258-44f0-8d48-879b66486ebb,af106407-ea10-4304-a36e-a9f2fe57ec32,7943713.248925527,7943714.474311209,7943719.092719938,2712,200,1.225385682657361,4.618408728390932,16
5cb45b6a-cb8f-4b23-a034-6e909a7ec901,6ee396d8-db4c-4684-88ab-113b143832cd,7943710.474471942,7943711.22929121,7943717.997466685,5614,200,0.754819268360734,6.768175475299358,0
6661e698-d537-4bb3-be97-8ef9fb2c15a6,126d60f8-035c-4467-9714-706011decbc4,7943710.474467596,7943711.176801793,7943718.004889892,5280,200,0.7023341972380877,6.828088099136949,0
cb8e1446-4a9d-48b8-b18a-35008a05a0dd,16ee1f98-70d1-4f25-b592-1d867d4d1193,7943712.885367881,7943714.210924653,7943720.407633789,4558,200,1.3255567727610469,6.19670913554728,0
1474bf8d-2595-43cc-9052-99d7ebefa65d,5c06298c-86e7-48f5-99ec-f360b1699941,7943712.885272324,7943714.136298281,7943720.409222257,3797,200,1.2510259570553899,6.272923976182938,160
5e352162-efe2-49fd-9c35-22aa1c68de4f,cf4fae3f-b581-4c59-9fef-3738c46b3c2b,7943712.88537902,7943714.133134931,7943720.405982006,1952,200,1.2477559112012386,6.2728470750153065,160
225a0c3b-5c1b-4c9d-86df-53b1519c9c07,90459a3b-3485-49f1-9ff4-20b06e66b7dc,7943712.885390515,7943714.606880393,7943720.404969919,5927,200,1.7214898774400353,5.798089525662363,160
ede13c3b-671d-4345-add7-5c7216f881fe,d3954709-3e90-4162-b807-366fedb25f30,7943713.248930618,7943714.612630691,7943720.411324253,2391,200,1.3637000732123852,5.798693561926484,16
095cfc92-d600-4b2f-b2df-049befd53119,d3326a24-2cfe-423c-b12e-a234f3b6df37,7943713.248927791,7943714.420359973,7943720.4272876745,5879,200,1.1714321821928024,6.006927701644599,160
99cfe9f6-d588-4e9c-bc0e-3189b1344f50,36c06fe6-5b24-4d05-aa49-6e7c64045ab9,7943714.251996142,7943714.820491881,7943720.840661294,3241,200,0.5684957392513752,6.020169412717223,176
9f3a66c1-d159-4158-9ead-26f525a09ad7,58843bbc-fa60-4c1f-af2c-099aaaad1548,7943714.251966879,7943714.674249976,7943721.014684888,1719,200,0.42228309717029333,6.34043491166085,0
62b082f3-2bf5-463c-b883-b35592497afa,b3f909ce-018e-4430-b0f6-b0dfbcd17eb4,7943710.474469994,7943711.24651705,7943718.771707349,5564,200,0.7720470558851957,7.525190299376845,0
9616b9fa-4486-4e7c-9437-26d35f1776cc,b1d48415-2679-4cdf-930c-839699995501,7943714.251878039,7943714.723729746,7943721.165598261,2393,200,0.47185170743614435,6.441868514753878,176
71dbffa1-fdc7-4419-a255-1cebea453aa0,bce6251d-3800-4c24-95b5-d0897fa4e7d4,7943712.885256707,7943714.2298857,7943721.178220704,5778,200,1.344628993421793,6.948335004039109,0
c8b8895d-1a3c-439b-9380-854af760d8f7,3576d3c5-71c8-4aa8-bb01-7f961dd7500d,7943712.885385719,7943714.7949140165,7943721.193563636,6317,200,1.9095282973721623,6.39864961989224,0
0969994d-2cda-4ca6-9eae-31048d331727,a97b3419-50d1-4d99-ba18-6269343a8188,7943713.248933522,7943714.796140186,7943721.199000911,3336,200,1.5472066635265946,6.402860725298524,160
099ae984-0144-42ca-9038-5d4a9d00049a,a2d50e13-b70d-4fc7-ae7b-c9da9cadaf6a,7943710.474427291,7943713.607361902,7943721.206135487,5739,200,3.1329346103593707,7.598773585632443,0
ec19dea8-2d1e-4445-a09e-d35abf29a616,94392b0d-8f83-4e2b-80c5-1cb03c746275,7943714.251987009,7943715.042178951,7943721.213300611,3444,200,0.7901919418945909,6.171121659688652,176
70945cd8-ed6a-41c5-a5c0-025a306a9db4,c3afa93c-0f3f-46f3-9ff6-4aa96ba3a472,7943712.885376985,7943714.127176086,7943721.219840158,1075,200,1.2417991012334824,7.09266407135874,224
524cbb6d-e905-435c-bb5d-2d901828e1db,9b851f62-5c3b-4f7e-9c1c-652e52982025,7943713.248922735,7943714.132401231,7943721.225939043,613,200,0.8834784952923656,7.0935378121212125,160
513a0eb7-8799-43c5-8bd9-39f92e6e03c1,57bce021-31a9-4e18-abb7-e343db79493f,7943712.885266746,7943714.131071423,7943721.225075455,5873,200,1.245804676786065,7.094004032202065,224
f8928e68-adb0-4e8e-a9c6-eb608761135f,50255ca8-a7bc-49f9-aa44-a33caa66a0be,7943710.474461618,7943711.430335705,7943719.498171988,5944,200,0.9558740872889757,8.067836282774806,0
6951d217-b1d1-4276-a55a-d97a42cad894,bea7b331-6d61-47ee-bb30-fd850a81bff3,7943713.248938597,7943714.329851773,7943721.899971061,2380,200,1.080913175828755,7.570119288749993,0
b06ab7e0-03ea-4584-98b5-b165b20cc9d2,dec5032f-5640-4adb-8120-132fbe0e8a7b,7943712.885370496,7943714.329066632,7943721.900193433,2426,200,1.443696136586368,7.5711268009617925,16
8b8989e9-ebb7-4906-9e34-6c8e2dab5504,1bfb8811-2bed-4519-a6c0-e896b99e94ca,7943713.248909682,7943714.334855743,7943721.906198539,3863,200,1.0859460607171059,7.571342796087265,0
fa7796c6-20b0-4d3d-8889-456bdea5dbd6,e8a795ee-9f90-4976-894b-7318b1215e72,7943714.251974495,7943715.035061239,7943721.922534181,5718,200,0.7830867441371083,6.887472941540182,160
fdde42ef-af5a-489f-92cc-b38e83d859da,881cd439-cd62-4d96-be83-b9b80c159776,7943715.302037411,7943715.975195675,7943722.134033745,1052,200,0.6731582637876272,6.158838069997728,176
ac402791-ea34-4b3d-a458-223c3f02b8b3,1b1e4f29-258e-4294-b6b5-79b12ac8f92a,7943715.30208183,7943715.969743716,7943722.129067796,2194,200,0.6676618857309222,6.159324080683291,0
11bca033-fbe8-4855-ab4e-9d65643c2c11,5e34dc58-8d28-4946-b67f-f69a67bb089a,7943714.25195726,7943714.952108482,7943722.219752868,5389,200,0.7001512218266726,7.267644385807216,160
c8734a65-16d5-48bd-a946-17ffb2fc764e,d6ffa9d6-2f92-432f-a7e0-2110ea985d38,7943714.252013762,7943715.003082638,7943722.261910245,5780,200,0.7510688761249185,7.258827607147396,176
edb45e31-c037-421e-8cca-38f2ad3f4f9c,01bf6cef-c97b-4d6f-8ae2-8102bf0f9a79,7943715.302074259,7943716.194932864,7943722.800112072,5930,200,0.8928586049005389,6.60517920833081,160
575bb919-7d5d-4108-8e20-903ca2579b42,2871c9ae-c754-4c2c-804f-828a39cb9175,7943715.302071571,7943716.176376959,7943722.8065900225,5810,200,0.8743053879588842,6.630213063210249,192
6aaa6c58-351e-4b38-8a2e-32d3dcd3288c,70e7939a-901f-448b-86db-5ca1cf795b25,7943715.302076605,7943716.173600687,7943723.255057669,5759,200,0.8715240815654397,7.0814569825306535,176
b95255e1-89f2-47f5-acb4-788ba5b706ac,9530f0c6-0a29-4251-88c5-b383e57f7761,7943715.302069211,7943715.816445049,7943723.570463685,1470,200,0.5143758375197649,7.754018636420369,176
28211053-123b-4774-801f-ba7bdcb1bdbc,f5b97146-dcd1-49f1-afff-ca5345e46e8b,7943715.30206655,7943716.199047194,7943723.61962501,5821,200,0.8969806442037225,7.42057781573385,160
e91bd05e-a0ab-4118-9b21-d8a0a8dbec0a,fdb31cc6-26d5-438f-b807-c434b38142f1,7943715.302079577,7943716.191738802,7943724.099441492,5940,200,0.8896592250093818,7.907702689990401,176
f478651b-49d2-4d88-b6b9-f11b69bb4daf,aa3f314e-70fe-43e2-ba6e-eb6dfbb6f833,7943715.3020629,7943716.1043575285,7943724.164639071,4708,200,0.8022946286946535,8.060281542129815,0
6bf403e3-d97c-4891-9a34-cecbd2a8bf18,d1a58fee-2699-4cde-8dec-5a26bda64889,7943717.283158036,7943717.904774525,7943724.557173698,2412,200,0.6216164892539382,6.652399173006415,176
297defb1-ed9a-45e2-8acb-5a09868d50fa,b4c5b65e-b0b2-4149-a9a2-a49a11473845,7943716.273647843,7943717.124596498,7943724.610225296,5748,200,0.8509486550465226,7.485628797672689,160
8ae48126-7799-4107-81c2-edcb6b36c88b,e1189205-6824-4411-804c-f395c62b7c66,7943717.28315312,7943718.2030863175,7943725.238483303,5807,200,0.9199331970885396,7.035396985709667,160
bdd4cc1d-c04e-4dc3-9441-7dbc86e1a583,46874def-a8d1-42c8-9ef7-379c30144d14,7943716.273650698,7943717.148553757,7943725.911493021,5796,200,0.8749030586332083,8.762939264066517,192
191b5a17-8daf-47b6-ad4f-d755a2e79345,8f859b06-32e8-473b-8002-142e58a5ff49,7943716.273636233,7943717.20378039,7943726.246520277,6346,200,0.9301441572606564,9.042739886790514,176
8e0d379e-548f-418d-bfd7-b57ceb3b5bd5,cfcf8ea2-39e8-4b65-a05c-99c6f74fc7ff,7943719.249744936,7943720.489491054,7943727.284363436,453,200,1.239746117964387,6.794872381724417,160
887edd19-c9c0-44d9-94fa-30318ab9b7b2,795cc20d-671d-410c-bce2-c55dbac8dc37,7943718.318604856,7943720.456975421,7943727.252131545,5972,200,2.1383705651387572,6.795156124047935,192
b1bc6728-fff0-42dc-9805-f0011c23e4b8,6b44b6e7-0ae8-483a-b986-2de5bf8a3a9d,7943720.246568002,7943720.765005031,7943727.385602142,3090,200,0.518437028862536,6.620597111061215,176
e62c4352-cfda-46af-9dd9-cea939c1f602,8aa6063f-9cd1-4748-bc9a-78c44fd7370a,7943717.28316036,7943717.836862192,7943727.679280656,1563,200,0.553701831959188,9.842418464832008,16
00750cc5-507b-47f7-9324-0b2d48009d34,f4aff892-842b-4e98-af4c-cfd1deacf96e,7943717.283138986,7943717.911472767,7943728.121225093,2193,200,0.6283337809145451,10.209752325899899,16
a9aa972a-71f6-4e74-87be-b3f6253b86c5,cb5f3703-6da0-4120-9adb-188860ebbdd5,7943718.318607948,7943720.099462142,7943728.103537799,1995,200,1.7808541944250464,8.004075656645,16
b02cb4b5-f77a-41c0-9e36-4dfe705666d9,bbbe54a6-230f-48d7-9ca5-8eaad95f2b7e,7943719.249737542,7943720.136351741,7943728.139499164,754,200,0.8866141987964511,8.003147423267365,192
898f9476-39c1-4d39-bf00-c36f0b0d6cbd,977ac36b-bb7b-4aac-bf3e-938831af0d6d,7943721.246146153,7943721.758103729,7943728.290450541,5699,200,0.5119575764983892,6.532346812076867,0
e2c33162-6360-4c2b-809a-79a604c55505,6cfd20c7-df85-4041-b191-f790c3146abd,7943717.283149831,7943717.941174952,7943728.313512417,2977,200,0.6580251213163137,10.372337464243174,192
085935e9-c0a0-46e9-a39d-def246b51146,77c5fe55-dea3-47e3-9fa4-17d19b193453,7943721.246142769,7943721.7635267405,7943729.012216953,5869,200,0.5173839712515473,7.248690212145448,192
a77230ef-acf6-4521-b60b-96f13bf130eb,861e29f7-4713-4676-b1bc-a4d3d62f4ef2,7943718.318600696,7943719.956946805,7943729.075875131,2599,200,1.6383461095392704,9.118928326293826,0
a6c6bd3c-6112-4f7b-ab82-f603a7a7cece,d2d5bd84-b3bd-4a48-8157-0a1a9475ba55,7943719.249729899,7943720.559954611,7943729.143651472,2186,200,1.310224711894989,8.583696861751378,160
3e479f8f-5751-4e44-b7d8-4896c061254e,ea0112a1-5acd-4249-9207-038c80625b12,7943722.246490838,7943722.748788438,7943729.155796558,5872,200,0.502297599799931,6.407008119858801,176
fa9d3af0-4892-4d1f-9a4e-bfa1a806eeca,f54b1d08-f79c-4df6-86d7-835552a2e20b,7943720.246565684,7943721.107781491,7943729.173678561,1563,200,0.8612158074975014,8.065897069871426,192
60f87aa9-3581-44ff-832d-1fd735219d56,c47b88bc-8337-4fcb-bb63-b8c147f8261e,7943720.246576265,7943721.1053117905,7943729.1716223955,5816,200,0.8587355250492692,8.066310605034232,192
9b873c44-0d56-4e85-b478-2716e2fbb55d,4346426a-d1cf-4421-a05c-b8084161d1b8,7943722.246499502,7943722.348625019,7943729.737657578,787,200,0.10212551709264517,7.38903255853802,176
2182a549-0463-491c-b2d9-e74e38322dd3,61124a8b-68ac-4ded-b169-e18061937ffa,7943718.318610303,7943720.560155289,7943729.952933716,5829,200,2.2415449861437082,9.392778426408768,192
cd50aa7a-2841-4b88-809c-774423e00105,719dac01-1de7-4620-a520-52d4ffeb767c,7943719.249740469,7943720.5974775385,7943729.989278828,679,200,1.3477370692417026,9.39180128928274,192
1e6e1bc1-bbdf-4edc-b4c9-7a032ef8c0e6,e4dc0ced-f82e-4bf7-a8a7-2b3c0cd1ba02,7943720.246571238,7943721.13759852,7943730.012271373,1349,200,0.8910272819921374,8.87467285245657,176
3cd21dd8-300c-4a2c-8dcd-358af2292545,50a6fd55-dd24-4441-9105-8785b6a488a7,7943723.246398323,7943723.4153165035,7943730.040998488,1588,200,0.16891818027943373,6.6256819842383265,224
c135760a-2e77-4cda-a4fe-eaaef8c3ee55,6ec635c0-f7da-4c2c-a7f4-be19d54eedfb,7943721.246151939,7943721.687660248,7943730.1996769495,4817,200,0.44150830898433924,8.512016701512039,192
3e88769c-ed9a-467f-83cc-41c0c68032e6,320cf5f0-a5c1-49b5-91a9-a20c3778432b,7943718.318576284,7943720.395633971,7943730.207484881,5446,200,2.0770576875656843,9.811850910075009,160
ce99c55b-a0fe-4b7a-b6f6-c11fd30790b3,ccd8f2c3-44d3-41c4-91db-1ba4dc5f9701,7943717.283155589,7943717.936631423,7943730.248051744,2364,200,0.653475834056735,12.311420320533216,192
ac9d570d-c9bd-4734-87a9-9016e70a8d21,2a3ec4c6-ff7d-4eb7-bfc6-c8b98976fd17,7943722.246488206,7943722.4300010875,7943730.650317089,2218,200,0.183512881398201,8.220316001214087,192
f09987f8-b252-4637-9370-5eb0427f2b33,f77b3e1a-28ab-448e-9c49-1437284550c7,7943723.246405427,7943723.3373145675,7943731.01033228,544,200,0.09090914018452168,7.6730177123099566,224
913f7d63-ee9a-4b65-872e-6ae18001e623,6ccb2fd4-21c1-492d-9d64-56223fb86062,7943718.318612294,7943719.822087441,7943731.020257365,5982,200,1.503475146368146,11.19816992431879,160
1db9dedd-715e-453c-80da-6e63413b9ddb,5b395a28-37db-4f2f-9699-dc343bce8a3b,7943719.249742856,7943719.949775991,7943731.081075527,1120,200,0.7000331347808242,11.131299535743892,176
81aa865f-9c1a-479b-aa8f-cabf7337faa8,e7ddf100-0645-4d83-9de1-cdfd98d12da1,7943722.246493738,7943722.5699012,7943731.176235133,3241,200,0.3234074618667364,8.606333932839334,176
ded272b4-356c-4cc1-9df6-038f9b82793f,cc69a023-c1c3-4dcc-9d6f-d347a10e1419,7943721.24613414,7943721.592460691,7943731.309761041,4015,200,0.346326551400125,9.717300349846482,0
744573b6-08be-48fe-9bab-dae270a1d179,32087621-eee3-413a-95d8-81b2a9d41e00,7943725.246563154,7943725.3964873785,7943731.373277717,1689,200,0.14992422424256802,5.976790338754654,192
d2378806-bb78-477b-a5e6-6e05640a5df6,ad505044-0649-4c84-9a66-a33049893e40,7943718.318614639,7943720.051051501,7943732.15362692,5592,200,1.7324368618428707,12.102575418539345,0
7d09e186-4275-42db-bb2b-988730b3c618,a59afcff-3049-48a3-b277-5a727d2c27e6,7943724.246928712,7943724.516236101,7943732.209840821,3067,200,0.26930738892406225,7.693604719825089,192
6c08cbfa-dc12-40b6-9b97-d9819549e1b0,d0030985-3721-47a2-be3f-a716ff7779ef,7943726.246481139,7943726.582425305,7943732.356568427,3333,200,0.3359441654756665,5.774143122136593,224
3ac2132f-24d4-41cc-bee9-244cf9a247f2,4df870a1-f984-48dc-93fb-96ee01475d6f,7943720.246562395,7943721.0897693485,7943732.355048886,4345,200,0.8432069532573223,11.265279537066817,192
6cb3ec74-c566-4d38-82f0-5c61c91a0cba,12968104-ad78-488d-a9b9-865ea70aa9e0,7943722.246484944,7943722.502055214,7943732.355161861,2769,200,0.25557027012109756,9.853106646798551,176
b85fd370-db81-4a05-88c0-054d827bdbf7,bbea6a5c-8d47-4003-8b31-48aa9eb697ca,7943721.246148967,7943721.784568829,7943732.735187566,6542,200,0.5384198622778058,10.950618736445904,192
38bf312d-5f46-40dd-8806-2e08762f5757,0f386fc6-2621-495e-924c-56970457578f,7943718.318617158,7943720.589276901,7943732.842925479,5879,200,2.27065974380821,12.25364857725799,192
5fbc063c-9268-4f7c-af4e-e78c46086428,44838094-3154-4ad0-aad1-71143ecb6bab,7943720.246543447,7943720.850606596,7943732.8990507955,5988,200,0.6040631495416164,12.048444199375808,192
80a6048c-4899-4a56-b5d8-b6ccf1608361,f67702ed-ffe8-4f1f-b79c-d71f9ba12c4f,7943720.246558638,7943721.258572334,7943732.91009922,1080,200,1.0120136961340904,11.651526886038482,160
d9c15835-58bd-4702-b261-3d97a963bc2b,3d3d0540-f4de-4214-9bb1-6b9e805f2954,7943720.246573641,7943721.398067706,7943732.9328880785,6026,200,1.1514940652996302,11.534820372238755,176
aa0c9a34-fdc2-4d64-b600-38caa4890a61,53775c11-23d0-4c0f-9a63-56b35a9ba870,7943721.246155707,7943721.744273205,7943732.978693246,5747,200,0.49811749812215567,11.234420040622354,176
68aea855-35ba-43d2-82eb-c3467d07033a,e214ec5e-819d-494d-96be-4f44b7317ecc,7943723.246401787,7943723.47859203,7943733.021416853,2640,200,0.23219024296849966,9.542824823409319,176
07bfa816-0067-4def-b9f9-d001550e89f7,af58fe18-5abf-4a30-a78b-73561c06d4f2,7943727.24661739,7943727.635982286,7943733.170696474,2413,200,0.3893648963421583,5.53471418749541,16
113fe27e-7be8-4edf-aec8-7741edf1e122,c0b7d39b-a900-41e1-ab87-0dae194f0135,7943722.246496989,7943722.552204509,7943733.211708506,3378,200,0.3057075198739767,10.659503996372223,192
f7550ce2-0a22-40b0-9477-c2abc9eb8944,25764557-8d50-4bc3-8d58-ccb7ee44ac5a,7943722.246467734,7943722.451535455,7943733.865488599,2027,200,0.20506772119551897,11.413953144103289,160
80ec4dff-f0ba-4b45-b7a0-9fb40785d152,87203db3-07a9-41c9-8809-fcaafbca8a36,7943722.246480852,7943722.753467164,7943733.961974628,5939,200,0.5069863116368651,11.208507464267313,176
0660e91e-ae30-4b37-b5e8-b31073375937,dff993b8-19dc-45b2-9b6f-11b92241e9b2,7943727.246655054,7943727.387406186,7943734.043541395,1313,200,0.1407511318102479,6.656135208904743,192
316c405c-2569-40c7-a843-bdfdd93ed796,170812a6-cb38-4169-bec1-bbe2e86c6001,7943728.24642243,7943728.384846269,7943734.128504789,1492,200,0.13842383958399296,5.743658520281315,256
9c940a9b-bec2-42fd-93e6-46f7065fd035,1ddc0d9c-5d28-46c9-b091-e70085a47921,7943723.246386698,7943723.7443885915,7943734.191556417,5945,200,0.49800189305096865,10.447167825885117,160
0d92a44c-d498-4e6e-b40b-51f153e4d735,42b78ebd-17aa-4ddc-8442-4e4fb55a60c8,7943725.246574351,7943725.948944793,7943734.620187027,2500,200,0.7023704424500465,8.671242234297097,160
d31bc0d0-7e80-422a-9ed3-d85860a6b40d,623901f7-e6f9-48bd-828b-b5728990d3b2,7943723.246409216,7943723.4752146695,7943734.873996035,2570,200,0.2288054535165429,11.398781365714967,192
e85e55d4-6ef3-43ba-a090-b261180c2537,1b47827e-eff6-4493-98e1-f137248f2700,7943729.246261933,7943729.712878382,7943735.144180535,3201,200,0.46661644894629717,5.431302153505385,224
ca9bcd7c-f947-4ba4-a6fd-84a269a63a8a,b4527815-5a94-4cdd-8d25-4cd8b6f2f33f,7943725.246584115,7943725.988579594,7943735.226321445,2398,200,0.7419954789802432,9.237741851247847,256
82054370-b914-424e-8079-cabb947410a1,26f6e7fb-05d7-47ec-9c49-43b5ac7aed02,7943728.246408038,7943728.91630232,7943735.304780139,3158,200,0.6698942817747593,6.388477819040418,160
4402b8c0-474f-4ad3-b303-0861f8e29846,76489012-fef6-4640-b537-d17bb55de8c8,7943726.246491632,7943726.505043935,7943736.163526316,2492,200,0.2585523026064038,9.658482381142676,192
fd685388-f6b4-41c7-8d57-11e907c5a5df,4ea8f553-17d2-4104-a58f-9cd66ff1b47f,7943729.246257833,7943729.372431467,7943736.388891544,879,200,0.12617363408207893,7.016460076905787,176
30d3da63-4208-4ec6-8ea8-1d7f8bda0e24,1bb39ff9-0ea5-419f-a37c-928f0db0f068,7943724.246932166,7943724.399883432,7943736.529661605,1725,200,0.15295126661658287,12.129778172820807,176
a7405054-3083-479a-9b0c-10ccc22fd516,b1d48415-2679-4cdf-930c-839699995501,7943724.246902803,7943724.475138739,7943736.714766221,2490,200,0.22823593579232693,12.239627482369542,176
79d253ba-9dde-4b26-ab5d-0ca97021313f,3899d1b8-965e-459d-a293-a76d5121cf61,7943727.246651342,7943727.928133237,7943736.914283734,2616,200,0.6814818950369954,8.986150496639311,224
d9b3f39f-0c75-43f2-9d0b-18a47de9e9a4,c13d9418-24a3-4ed3-8a2f-34e200890302,7943729.246278518,7943729.693760933,7943736.936806186,934,200,0.44748241547495127,7.243045252747834,160
e7358241-4a33-4b66-bb4b-69a8c3296eef,c0dbd0bd-4010-4779-815e-795e06cc171a,7943725.246578083,7943726.012250384,7943737.000736256,4835,200,0.7656723009422421,10.988485871814191,192
2d5d2729-f6f6-45fe-8e40-da0006ddde34,27e00e2e-21f7-46b8-8008-d0a46fedbeee,7943725.246581131,7943726.148958106,7943737.004020317,643,200,0.9023769749328494,10.855062211863697,16
52f637a0-e159-4f05-bb63-680d7c6445db,993f48a3-6585-47a7-a1f8-bce99e9c742b,7943730.246957086,7943730.485265178,7943737.074631993,2341,200,0.238308091647923,6.5893668150529265,288
afe72cc9-6431-4aed-82b3-4730a25dcea1,3e6c5d34-1386-4cd8-9374-9aa3862b99fd,7943731.246288514,7943731.569091204,7943737.157847047,2748,200,0.32280268985778093,5.588755843229592,192
59134cce-a6b4-4e16-903e-c57cab14145e,e6f02cf2-63e2-47aa-88a9-85c903954750,7943726.246494774,7943726.996519902,7943737.207272132,3356,200,0.7500251280143857,10.210752230137587,160
2b0f4510-f3d6-4cab-a2c2-9d6813b226af,c18a3eda-6ea4-4f5f-85d5-5cf3a28d9145,7943728.246418377,7943728.524071339,7943737.313745897,1671,200,0.2776529612019658,8.78967455867678,160
b8b8619e-ab20-4cbf-bac6-99b300e62e0f,5f73476c-5788-47d5-8c33-62022bc36395,7943728.246428361,7943728.612885114,7943737.80171533,3750,200,0.36645675264298916,9.188830216415226,176
56e913e3-3539-4130-a0fb-b8ffd1ddff63,5ef28ed9-d9ba-4069-8337-a1edc2905941,7943727.246647118,7943727.771259429,7943737.995002955,5804,200,0.5246123112738132,10.223743526265025,160
6ecc6270-f8c7-4487-805f-cf5cba732793,0510668b-2e39-4521-abbf-68606b666ffd,7943730.246945394,7943730.485957894,7943738.001909206,2380,200,0.23901249933987856,7.515951312147081,192
c932d8fa-2abf-488b-8dbe-0a3bc39441b2,07664316-d6e1-41da-94de-93685a509c09,7943729.246272017,7943729.933653352,7943738.077244132,5899,200,0.6873813346028328,8.143590779975057,192
df183fdc-a6a4-4fd8-b0d6-a4a0d14ca101,a4705d3f-c9cc-472f-8323-bf9e4593e138,7943729.246231821,7943729.954728623,7943738.088445138,5755,200,0.7084968015551567,8.133716515265405,160
b21e120b-0c81-4f8a-b200-5ea78b3bec44,fc0804dd-2f2c-4652-a7ad-2d9b311e21e9,7943729.246281439,7943730.049080545,7943738.103213353,3598,200,0.8027991056442261,8.05413280799985,176
de249558-68e2-4dca-ac22-0b0b98b87669,30f216f0-4832-49c5-916a-f648b0267209,7943731.24628585,7943732.069563612,7943738.474633186,4019,200,0.8232777621597052,6.405069573782384,176
b655125d-34ec-4613-9d54-2c1bd2b966c4,7d83a754-194c-4131-be9f-21b4f40d2af1,7943730.246948699,7943730.755868741,7943738.998353005,5746,200,0.5089200427755713,8.242484264075756,192
da2fbbbf-c6bf-4930-81eb-200b5be7681e,b1d48415-2679-4cdf-930c-839699995501,7943732.246212204,7943732.608444268,7943739.009125058,2618,200,0.36223206389695406,6.400680789723992,176
0f806642-80f4-46e6-ac81-2fdc8f9706ef,fbbaa9a9-4e43-483f-830b-0626de58b4c4,7943732.246260174,7943732.820609314,7943739.022787031,2971,200,0.5743491407483816,6.202177716419101,288
f9c44bd9-67a4-46fa-8cb3-1adb3f7d6c5a,d1aebabe-6add-434e-8599-d63b95b83ad3,7943731.246243211,7943731.512394872,7943739.1152394265,2339,200,0.26615166012197733,7.602844554930925,224
ea27d7af-1b21-4f96-b894-0358ec7dd024,bfd839f9-7891-4b73-8ec3-0ec4e6a3b69e,7943728.246425374,7943728.441884789,7943739.124929385,2123,200,0.19545941427350044,10.6830445965752,160
d74aefda-1000-44c4-abef-e932da08a139,bef9b82d-0036-4384-9900-05007475b8fa,7943732.246242135,7943732.678201928,7943739.254607853,763,200,0.431959792971611,6.576405924744904,224
be51c315-4ed6-44a4-b6fd-699fbe94d916,e232fd4f-1b09-4f75-9370-41eb0f33f527,7943732.246263243,7943732.672628806,7943739.248740199,2794,200,0.4263655627146363,6.576111393049359,224
1d69465e-347c-473e-93fe-72355c076126,351bbc11-4243-48fb-a347-cf0afb61f2b4,7943729.246268756,7943729.793705633,7943739.304136619,5809,200,0.5474368771538138,9.510430986061692,160
6fd45758-e580-4a33-947b-1514b9e4bb99,dd24355c-c6d1-461a-b504-e7f6f058e87e,7943731.246275889,7943732.039101523,7943739.5982598085,4058,200,0.7928256345912814,7.559158285148442,160
26c7d8d0-a28a-4fe2-a3b0-63796886fb67,6bef9240-78a1-482c-96d2-a89c97ba970c,7943732.246245659,7943732.636383573,7943739.844007268,2595,200,0.39013791363686323,7.207623695023358,288
26aeb807-878b-4715-bef3-69ed42256da2,5e42de05-0341-4884-a574-6c349b3cf11b,7943733.246340271,7943733.753851312,7943739.946152324,5884,200,0.5075110411271453,6.192301011644304,192
a3b0ccf7-39b2-4515-af1b-790a44c9a98b,57ff1918-00a6-4f1f-abf1-71b1dec34e08,7943731.246268433,7943731.858867268,7943740.112854298,2030,200,0.612598835490644,8.253987030126154,0
7bce6684-433e-49db-b1ef-85eea9a345b3,6459e9c0-ac3f-4f1e-a735-823b3c83d15f,7943730.246951865,7943730.509113153,7943740.227805722,2642,200,0.2621612884104252,9.718692568130791,160
6df2cfab-9728-4a91-a220-0c97272d3459,c0e3d991-e188-4f78-8b8e-5dd01a6f8850,7943733.246322371,7943733.488291363,7943740.93677681,2497,200,0.24196899216622114,7.448485447093844,0
f5821283-c4ed-41cf-92ca-4975791a86a2,e9cfb301-71d8-484a-8756-4676879b5e86,7943729.246264833,7943730.238600873,7943741.140375795,5959,200,0.9923360403627157,10.90177492145449,176
d2897d7f-85b8-429d-b219-cbcabf3129df,d3954709-3e90-4162-b807-366fedb25f30,7943730.246954502,7943730.85946648,7943741.192307896,2434,200,0.6125119784846902,10.332841415889561,288
6906149f-0f11-4743-8e58-9045fe0a62f3,231beffe-da58-4516-af27-1182589624ee,7943732.246248737,7943733.019591977,7943741.211050196,5477,200,0.7733432399109006,8.191458218730986,192
670a1a09-8a83-4727-a686-b6765e1c0608,21b9c278-5fd1-4a6c-80f1-483ff6605dad,7943732.246270055,7943733.01375731,7943741.205869982,2362,200,0.7674872549250722,8.192112672142684,224
379028d3-00e0-4000-9f44-774468bae6d2,5e4b17dd-139b-49d4-a241-2a2bae8d295a,7943732.246251759,7943732.879632528,7943741.27707873,1628,200,0.6333807688206434,8.397446202114224,176
9120eccd-0893-46d3-ad36-3d46b3f5210e,cefc6823-5ff4-4638-94ce-6bc5efae4bb7,7943731.246278673,7943731.782068601,7943742.091186828,330,200,0.5357899274677038,10.309118227101862,176
1647d118-8a1e-472f-87be-21c4242d1717,6dcfeadf-1244-46cf-a016-ab16dc8a9fb7,7943729.246275098,7943730.020410411,7943742.211471525,5894,200,0.7741353129968047,12.191061113961041,176
d5a12b97-f512-4bf5-ae18-073c785c7d44,574fbb7a-4068-4b77-ba6a-764bb9aa87b9,7943734.246775948,7943734.512911695,7943742.371722702,2244,200,0.2661357466131449,7.858811006881297,176
7b434ec7-6041-4c33-99a9-1b4c1c4d675e,04b0e516-69f4-450c-9856-35e89097255e,7943731.246282265,7943731.876697378,7943742.562239107,5897,200,0.6304151136428118,10.685541728511453,176
2184ca2c-8b53-4033-bc04-3404482bfb16,2ae37bed-8d28-4e69-b69c-68eced6190e3,7943732.246256981,7943732.723635773,7943743.01445313,3595,200,0.477378792129457,10.290817356668413,176
107930af-3899-4d0c-8acd-2518d1f90b93,e43607a6-bee1-4fdf-a0b4-8ea2245eecf1,7943730.246937527,7943730.3920692885,7943743.029226637,1129,200,0.1451317612081766,12.637157348915935,192
1500b4ba-b653-4603-adbc-ad9cdc396562,20a3f730-0a4f-46a2-b2a5-1a67647b8fbe,7943734.24675892,7943734.9637143295,7943743.184545638,5875,175,0.7169554093852639,8.22083130851388,192
7aa04db0-8cfe-4768-b9e9-17ef51181dae,ea5b5549-801e-4348-bdb2-525722742c4b,7943735.246733602,7943735.726024014,7943743.77435595,5226,200,0.4792904118075967,8.048331935890019,160
50fb8bd3-1ba6-4a36-b4c6-5ef502aa7bde,d38bb58d-f195-4092-892e-2e293cc0ef73,7943734.246769161,7943734.407961758,7943743.790574518,1096,200,0.1611925968900323,9.382612760178745,192
af32b747-0570-4ee6-8b72-c1af10cd65eb,b65fe60e-4835-4a42-9562-b7704e085306,7943732.246238344,7943732.776139879,7943743.9652125165,4260,200,0.529901534318924,11.189072637818754,176
6598e767-08ef-47d8-8ea4-8669c60763b7,ceb63c9d-93ca-445d-9e1d-fe8b5b88d14c,7943732.246266974,7943733.199170644,7943743.9840351585,5858,200,0.9529036702588201,10.784864514134824,224
7ca137d8-bd13-4533-914b-27448cc36bf6,afb63b1a-ee8d-4572-842f-11c17ca1ffae,7943733.246337066,7943733.469783946,7943744.119657475,2082,200,0.22344687953591347,10.649873528629541,192
79ca7269-9487-4505-8fbd-98afe33f8627,11125870-5b26-45ea-8fba-47c68888a24c,7943735.246743487,7943735.655570807,7943744.417090938,2596,200,0.4088273197412491,8.761520131491125,224
892d074c-9b5e-4646-9473-6633622c87fc,b7660a54-c8d6-4417-beda-becfd4ccc9ca,7943733.246332483,7943733.741661815,7943744.611865983,5932,200,0.4953293316066265,10.870204168371856,160
9010af29-ca73-4df0-85ed-fb74aed5cde5,03660c29-973b-47cf-a282-e5f41700788c,7943735.246741067,7943736.028809544,7943744.667868908,5995,200,0.782068477012217,8.639059363864362,192
c52b8b75-c5b5-40f7-ba62-9cecd9cbf705,dec5032f-5640-4adb-8120-132fbe0e8a7b,7943735.246731224,7943735.931490184,7943744.728799907,2403,200,0.6847589602693915,8.797309722751379,288
e27d6092-96c7-4f83-a795-1bf8494ca894,940160ec-0bfb-4ebc-ac97-abf254489499,7943731.246272615,7943731.957552521,7943744.967849764,6306,200,0.7112799054011703,13.010297243483365,192
696b3596-fde9-4c2b-8dac-803e98a5061b,af106407-ea10-4304-a36e-a9f2fe57ec32,7943736.247166828,7943736.477247352,7943744.976865752,2715,200,0.23008052352815866,8.499618399888277,288
2d0ba66b-7c73-44db-be72-aa3b50afd8d1,26ca3259-a648-4a22-bf02-e9cb1e01d80f,7943734.246772757,7943734.584642565,7943745.226938467,3479,200,0.3378698080778122,10.642295901663601,224
be8c27d7-7da5-4150-adf8-4c04e8fe0e2c,aeb913ad-d459-4fbd-906a-cf6ac2bb3fd1,7943737.24680791,7943737.805297517,7943745.543490264,5661,200,0.5584896076470613,7.738192746415734,224
0d5899bc-09c5-41c0-854a-e5806d9dbc06,9b14e473-99ef-46f4-a075-81919dd0446c,7943732.246254529,7943732.595221,7943745.69295417,2364,200,0.34896647091954947,13.097733169794083,224
fa0bed54-9030-4c37-963a-17e475eb75dc,724170c2-3955-4cb1-b828-7f949b9d7ed4,7943735.246738907,7943736.111864149,7943745.837028151,6434,200,0.865125241689384,9.725164002738893,160
64c1905a-5b82-4739-b79e-c73e56baf413,1bc73e7d-6b0e-4755-ade4-f801a54d64d7,7943737.24679368,7943737.409182448,7943746.021380722,836,200,0.16238876804709435,8.612198273651302,176
6d679393-edd3-42a2-aec5-48ff33f3f6a6,e214ec5e-819d-494d-96be-4f44b7317ecc,7943738.246649502,7943738.723765863,7943746.1024476485,2640,200,0.4771163612604141,7.378681785427034,176
d7a8f536-7421-4744-a88a-bc60afcb30eb,50844e5e-9277-49cc-b561-36669f0ad23e,7943737.246814331,7943737.608939765,7943746.161297547,3324,200,0.3621254339814186,8.552357781678438,192
8e3e3883-948f-441d-a906-0ec970568a26,6fb86cb0-b646-4ecd-8730-d6ed365d30a3,7943735.246715026,7943735.780717647,7943746.258699549,5843,200,0.5340026207268238,10.47798190265894,160
48d66157-9fc7-4e80-8adc-a97986c9cadd,e97e37df-ee9b-4b5d-a717-f7c02b09bc14,7943735.246727949,7943735.618323879,7943746.876348841,3798,200,0.37159593030810356,11.258024961687624,224
c1de5139-cd6b-4cb9-bc02-becb0d353268,be47ec66-79ab-4aa4-bbaf-d9fef785d9a0,7943737.246817358,7943737.85433392,7943746.920528151,872,200,0.6075165625661612,9.066194230690598,160
3fa15f7e-545d-415f-9087-eea9187a7d63,685903a0-52de-4b0b-84fa-de2407e87d00,7943739.246855561,7943739.477769299,7943747.685985354,1308,200,0.230913738720119,8.208216054365039,192
d57270d6-3536-4552-b73c-f1a0f1cae907,a941116a-c518-4f7b-bc3c-311e10bec57b,7943738.246655118,7943738.995339627,7943747.828761945,839,200,0.7486845096573234,8.833422317169607,176
6521dd77-499f-4448-bdc2-49062cbbbd92,a97b3419-50d1-4d99-ba18-6269343a8188,7943737.246820541,7943737.83311465,7943747.933894054,3587,200,0.5862941090017557,10.100779403932393,160
788976fa-a035-4b67-98ba-b8b5ae303856,c56b9229-6877-464d-915f-96351da897ef,7943738.246671571,7943739.550585414,7943747.961337672,4707,200,1.3039138428866863,8.410752257332206,224
180fd952-0700-447b-bd35-4eb3e7e587bb,a0581530-c894-4f12-a948-e8caaa8163fe,7943738.246646656,7943739.5565866,7943747.968166803,5875,200,1.3099399441853166,8.411580203101039,160
037b1268-077c-4de7-a694-f9c2094331e6,982c25fe-e1d7-4334-a0d5-49530ec9569d,7943738.246657655,7943738.948663973,7943748.061270303,2083,200,0.7020063186064363,9.112606329843402,176
b757201c-a354-4e7b-a6af-ba3f3aad9c16,cda35d87-8607-4ef3-a3a2-df474f3cb394,7943737.246823103,7943738.186976777,7943748.201998296,5931,200,0.9401536742225289,10.015021518804133,160
c1548b2a-b6f5-4ce3-93b9-dbb652f75397,dc042378-78ad-458d-b1a6-44be64014146,7943741.246513665,7943741.355307181,7943748.236390019,887,200,0.10879351664334536,6.881082837469876,160
60bc8ca0-57b6-4cef-a1a6-b44838db7f97,9539df23-6b98-4019-8768-95ac112d999f,7943739.24687291,7943739.394071827,7943748.262982887,408,200,0.14719891641288996,8.868911060504615,192
e28dccdb-7d59-46be-81e4-2478c8f7af26,9b9edbc7-220b-4ac4-815e-b9209e973b09,7943738.246628057,7943738.661568488,7943748.617797909,4168,200,0.41494043078273535,9.956229421310127,192
d18ada4c-88e9-43e8-8513-ad57b4cbd344,cfba0479-b5d0-449b-bc96-f06bacbea9a8,7943738.246663956,7943739.016953256,7943748.637450175,2868,200,0.7702893000096083,9.620496919378638,288
eb0d0ee7-0546-49a0-be64-dcd3f7c59497,c1b75d15-4b27-406d-967a-f255a4effcdf,7943739.246878864,7943739.968271349,7943749.000339899,5844,200,0.7213924843817949,9.0320685505867,176
e51254d6-bbdd-4862-aba6-794aca1b8a63,b25956a5-e9c7-45bc-bd5b-3553a68b6dc1,7943738.246661023,7943738.472799133,7943749.075614998,1811,200,0.22613810934126377,10.602815865539014,160
1afd62a8-aec0-4276-89ab-cf6f04d5c290,aa942eaa-fb40-4ee4-a6e1-593548ba0dbd,7943735.246736198,7943736.196341451,7943749.192708459,5836,200,0.9496052535250783,12.996367007493973,192
74431341-965a-4fa2-8dd7-34d17d5704de,a4871c4c-a224-4639-acd0-b1eb78535047,7943736.247156741,7943736.71899221,7943749.3471391285,5754,200,0.47183546889573336,12.628146918490529,224
4117a69a-d5e0-4fb3-aec8-c07071387426,e5488a62-a6e0-4b98-a167-55ef476697ef,7943740.246649923,7943740.414591616,7943749.384099272,1166,200,0.16794169321656227,8.96950765606016,192
b1258f48-d699-4c1c-8f66-7a7100026b4e,e0cfc694-73d4-4603-9a29-1bdf768266fa,7943739.246869217,7943739.5006192215,7943749.3914365675,1639,200,0.2537500048056245,9.890817346051335,176
e17c469e-dd72-4e28-82a2-3ebb6f4f80a4,fbbaa9a9-4e43-483f-830b-0626de58b4c4,7943742.246337123,7943743.112237024,7943749.815338309,2969,200,0.865899900905788,6.70310128480196,288
e65665fc-d919-4771-af9a-da826bd93a68,034fada1-6ff3-494e-9df1-8d72fa54e215,7943743.24635232,7943743.489620344,7943749.97611866,2668,200,0.24326802417635918,6.486498315818608,160
ea45e119-48ac-4ac2-a71e-61780f563632,89dcafbe-2a9d-4cc0-9491-fefdefeb9324,7943740.246642415,7943740.437530462,7943750.151883534,1282,200,0.19088804628700018,9.714353072457016,160
8b1735f4-73e6-4a55-815a-d13c9a056e57,8ecf5eb7-d68c-4a1a-9734-eaf9544cf0f8,7943740.246639745,7943740.76515042,7943750.186513422,5860,200,0.5185106750577688,9.421363001689315,160
5e1ae13b-6af1-4b85-9ba7-99ba356a4171,bbcf2ca1-a472-4c7f-9404-4430eb3e7e19,7943741.246500922,7943741.398427699,7943750.206191879,1197,200,0.151926776394248,8.807764180004597,160
5645daf6-b3ea-4e7e-bc08-7b89d0d062f1,5efef79a-109b-4a9d-bb65-6cd95942cd81,7943739.24687595,7943739.905166502,7943750.736637634,5922,200,0.6582905519753695,10.83147113211453,192
3ef5f31c-b250-403f-acde-9e3dd2db5153,53775c11-23d0-4c0f-9a63-56b35a9ba870,7943741.246519727,7943742.151149283,7943750.742100668,5764,200,0.9046295564621687,8.590951384976506,176
68830953-5843-4d07-9305-a76311af7a63,de528272-6a53-45f6-8d5a-5a4c5661786f,7943742.246342794,7943742.406805953,7943750.894876828,654,200,0.16046315897256136,8.488070875406265,176
c3243a67-2ede-4f24-8766-76557ddd12b9,8aa6063f-9cd1-4748-bc9a-78c44fd7370a,7943741.246507545,7943741.43502203,7943751.098182169,1614,200,0.18851448502391577,9.663160138763487,16
c33f0cbd-d353-4d30-b5ce-97c3807d0bc7,8209e59b-35d3-4538-b69b-78c95831187d,7943737.246811533,7943737.844479461,7943751.3546962375,6497,200,0.5976679278537631,13.510216776281595,192
a12f341e-e487-4069-8f41-4c47a3d9e83f,320cf5f0-a5c1-49b5-91a9-a20c3778432b,7943740.246636378,7943740.772452821,7943751.362455248,5612,200,0.5258164433762431,10.590002426877618,160
87abc8c0-41ad-4573-b576-313d8e52d7ce,cfcf6a51-050f-473a-a1ec-66f62d2f15ad,7943740.246622839,7943740.934248794,7943751.369176884,5712,200,0.6876259548589587,10.434928090311587,480
51466808-5549-4ec8-9c06-eba260b9a616,e252c7b2-268a-46f8-9aef-034d91473c0c,7943741.246516215,7943742.158487064,7943751.366537808,5995,200,0.9119708491489291,9.208050744608045,160
0fa96849-64d2-4a41-b9ff-56e56d3a133c,060f2ac7-a6fe-475c-862b-44d01526e2fe,7943741.246490995,7943742.018657323,7943751.380001127,2655,200,0.772166327573359,9.361343803815544,160
c7ce1167-6ead-4d19-8d20-45249c3f6a72,e4e8f086-4b5a-4d8b-b272-2700f2ab0698,7943742.246340093,7943742.778377843,7943751.717945083,5835,200,0.5320377498865128,8.939567239955068,224
899efeae-53ba-46c9-99b6-792030a8c577,1a988c14-d0aa-42e6-93b1-f46a41f68179,7943738.246668916,7943739.118863831,7943751.976896702,5903,200,0.8721949150785804,12.858032871037722,160
4c008969-985b-48ea-aef4-63580016560f,f4aff892-842b-4e98-af4c-cfd1deacf96e,7943738.246651839,7943739.124299113,7943751.982038771,2210,200,0.8776472732424736,12.857739658094943,16
ea3f503a-067c-434d-b3dd-3bf0530e937b,c5b6340f-a7a6-40e3-9148-75cf6174e464,7943745.24635597,7943745.358737446,7943751.987221356,707,200,0.11238147597759962,6.6284839091822505,176
8049d21c-be35-4038-adbb-18ee00963841,a5a74f4e-963f-4aa1-b844-df4512abb1bf,7943743.246356469,7943744.045839151,7943752.128478386,3839,200,0.7994826827198267,8.082639235071838,192
a1aff985-a0ad-4b7c-95b2-09cbb01f1aa9,714217a1-bbce-48d4-9455-460f544a1b5b,7943743.246343658,7943743.788862282,7943752.2423178395,1947,200,0.5425186241045594,8.453455557115376,224
b37657d9-dc32-4005-934c-9893823ac98e,5761bb36-4436-4d2d-b483-82492b5b7782,7943744.246230646,7943744.423007529,7943752.449772914,2087,200,0.1767768831923604,8.026765384711325,192
46095567-8711-4638-8706-d96e09ce4939,a2d50e13-b70d-4fc7-ae7b-c9da9cadaf6a,7943742.246334587,7943742.88236594,7943752.659028852,5671,200,0.6360313529148698,9.776662912219763,224
89313e8f-2580-4053-b9a4-d748319646d3,57ff1918-00a6-4f1f-abf1-71b1dec34e08,7943743.246359608,7943743.828538072,7943752.733482417,2030,200,0.5821784641593695,8.904944344423711,272
4ac39775-37f7-46a4-980d-0f243dca1ade,127f378e-d0dc-464e-a79a-fa7013197aab,7943738.246642633,7943738.764540033,7943752.965998033,5386,200,0.5178974000737071,14.201457999646664,176
1b7477f7-c1a5-4874-b4d0-024a6e7acb16,461b8a8a-fc1a-4527-a296-04cb42ef41e8,7943738.246666074,7943738.988030067,7943752.9945117375,3226,200,0.7413639929145575,14.00648167077452,224
bdae5d6e-4698-4846-b7bc-cf46f63f4e89,bc829e6b-bf7d-471a-b1e0-497440ccbb5a,7943743.246340166,7943743.774962146,7943753.1441591885,5808,200,0.5286219799891114,9.369197042658925,176
4b8e486d-85f5-4852-b61a-e0a8821fc49e,4681109f-b6ac-4c2e-b51b-95fbb0ccf6fc,7943743.246349214,7943744.364126452,7943753.269907916,4821,200,1.117777238599956,8.905781463719904,224
1c9bffaf-3aa8-45b1-865f-200ec5784d99,8c43f4f9-7235-42cc-8288-4dc1f62734a9,7943740.246647512,7943741.680608499,7943753.305026117,5831,200,1.4339609872549772,11.62441761791706,224
d089a5e1-afb3-4353-9a43-ec3e3d378bcc,27e00e2e-21f7-46b8-8008-d0a46fedbeee,7943741.246510712,7943742.042649423,7943753.345881143,692,200,0.7961387103423476,11.303231719881296,288
d4b1335b-62d0-45f4-877b-32613de1ca04,3d3d0540-f4de-4214-9bb1-6b9e805f2954,7943739.246882243,7943740.05164284,7943753.658920964,6026,200,0.8047605967149138,13.607278124429286,176
64b7b02f-cede-462e-bbae-68e6bd469e3d,993f48a3-6585-47a7-a1f8-bce99e9c742b,7943742.246331117,7943742.506261471,7943754.047220824,2337,200,0.2599303536117077,11.54095935355872,288
6aec6227-544c-4d20-8063-eef03d2971a1,d0030985-3721-47a2-be3f-a716ff7779ef,7943740.246645019,7943740.403608702,7943754.105050472,3458,200,0.15696368273347616,13.701441769488156,3312
10daa88a-2dbc-484d-aeb5-bad7eb701690,48b46b38-6965-4b53-934f-2c90104b6a67,7943746.246253784,7943746.827303292,7943754.644547382,6080,200,0.5810495084151626,7.817244090139866,160
17142048-e82a-451b-976b-08e7035b9ab2,6bfbba00-7f3d-4e1e-b71c-0a1bcc62392c,7943743.246346618,7943743.778544314,7943754.675113702,5805,200,0.5321976961567998,10.896569387987256,160
8073579c-342a-4dd6-9faa-7442607d078e,960d53c2-dc81-4753-bf81-c4f25c1aef1b,7943745.246349098,7943745.758958545,7943754.8230811795,5946,200,0.5126094464212656,9.06412263493985,224
e1b05514-6fb7-496b-8fab-db60906afc94,5c06298c-86e7-48f5-99ec-f360b1699941,7943748.246649098,7943748.623982307,7943755.006018742,4034,200,0.37733320891857147,6.382036435417831,224
70ad1ab1-d868-49b3-8761-3423d0a41d64,50a6fd55-dd24-4441-9105-8785b6a488a7,7943747.246921092,7943747.41649226,7943755.047672183,1588,200,0.16957116778939962,7.631179923191667,224
698218be-fc5c-404d-ac7a-ad07badd3fc3,34a35d00-5687-4c8e-8304-472e9b1eded2,7943746.246257464,7943746.949567997,7943755.089259559,4293,200,0.7033105324953794,8.139691562391818,160
fb743671-556b-4c45-926c-d6aeb0fe77b0,c0dbd0bd-4010-4779-815e-795e06cc171a,7943747.246923824,7943747.670517866,7943755.821557574,4835,200,0.4235940417274833,8.151039708405733,192
d12b94a8-46ed-4475-a472-1b6b8142ddfc,36c06fe6-5b24-4d05-aa49-6e7c64045ab9,7943745.246353329,7943745.577131438,7943755.917283497,3241,200,0.33077810890972614,10.340152058750391,176
2956a5a1-5720-4048-878b-27e9ddb3a94a,e43607a6-bee1-4fdf-a0b4-8ea2245eecf1,7943746.246263002,7943746.821162535,7943755.944281178,1129,200,0.5748995328322053,9.1231186427176,192
af159d9f-e524-455d-b90a-9da94a31ec9f,5e4b17dd-139b-49d4-a241-2a2bae8d295a,7943749.24654906,7943749.580905023,7943755.986300044,1802,200,0.33435596339404583,6.4053950207307935,1584
0334991a-4a96-4d98-b296-3f449067bf13,1628d450-3fc3-4b73-9923-fce01e9f48ee,7943748.246673643,7943748.58846582,7943756.017475144,3489,200,0.34179217740893364,7.429009323939681,192
313794b2-d373-45c3-8f6d-066da660952a,9711cf50-ddc8-4966-85ef-b4c71ee210d4,7943741.246504131,7943741.742395321,7943756.026371294,5871,200,0.49589119013398886,14.283975972793996,192
4387bce8-b126-4f0e-9d12-01a3da3da26d,04c151c1-ee98-4835-b8ba-1681eccdd922,7943748.246671512,7943748.836899057,7943756.18810868,6512,200,0.5902275452390313,7.351209622807801,192
bc90981c-dbb1-4396-954a-acb083ce2249,8f981136-8343-4ee0-8adb-07bae5162d5b,7943742.246317851,7943742.778368816,7943756.236808203,5949,200,0.532050964422524,13.458439387381077,192
5077d95b-bb70-4a5a-9df7-e6feef8807f5,39f0db0a-82e8-429d-aa53-89c2802d7dac,7943747.246908318,7943747.344249099,7943756.330124955,820,200,0.09734078031033278,8.985875856131315,224
9565541e-2c6b-459a-b156-fc7951b575c0,06b96d78-d574-4242-88bf-812e4fb33e49,7943746.246244488,7943746.4284538515,7943756.357318752,1215,200,0.18220936320722103,9.928864900954068,192
148026d8-f5aa-40bc-91ef-9353c0a34fe5,085ced3c-c3cf-4b60-bf50-665ed52a072d,7943749.246532339,7943749.877062317,7943756.788243987,875,200,0.630529978312552,6.911181669682264,288
ffe390aa-a397-4449-abc3-cce420c330d4,b0d890a5-dc11-452e-9cd3-7dba2c64d275,7943749.246552218,7943749.873345649,7943756.7853930015,3744,200,0.6267934311181307,6.912047352641821,192
b28ccd2b-c222-40fa-9d7d-0e0101d915ef,28923570-dc4f-40ce-95e1-9bd4d262af79,7943743.246331367,7943743.975290046,7943756.936093454,5932,200,0.7289586793631315,12.960803408175707,192
fcf905d6-dd6b-4dee-820a-d3286a390108,f4aff892-842b-4e98-af4c-cfd1deacf96e,7943750.24765686,7943750.546148574,7943757.144025689,2208,200,0.29849171359091997,6.597877115011215,288
1e826bab-fda1-4463-ae82-3fe800086231,41ebc82e-eb6d-418f-b73e-022fa300e998,7943748.246664345,7943748.776894784,7943757.518036404,5839,200,0.53023043833673,8.741141620092094,160
5331dcda-018c-47bd-988e-fa210fef8b88,76c6a94a-5b1b-4124-a8c1-7b783e5beb5f,7943749.24655808,7943750.408251017,7943757.881340029,5754,200,1.1616929369047284,7.473089011386037,176
a03be10b-5448-4828-8a0e-2d80460f455b,05df5986-4b14-436d-8a7a-c4b26a4be8f5,7943750.247644485,7943750.723588943,7943757.909073719,3359,200,0.4759444575756788,7.18548477627337,176
1bc4fe50-e283-422b-9d4c-9a6c3e7bb7ef,d2e35e05-d494-455b-8b64-3602cd992e55,7943749.246537037,7943749.888423463,7943757.977437531,376,200,0.6418864261358976,8.089014067314565,176
b8a57072-f171-4a32-b85a-0d0abeeb6fc9,b7795841-e87f-48a1-b8b8-68640b01c350,7943747.246917384,7943747.577243177,7943758.231016404,3490,200,0.33032579347491264,10.653773226775229,160
601e543a-5505-490b-8a65-93d7c9cda88e,7d9a3919-67da-44b2-b824-fb9926b6da15,7943745.246334349,7943745.619583332,7943758.23489994,4188,200,0.37324898317456245,12.61531660798937,224
e07e7417-0ca8-42f2-bd6e-04bc8f72b4cb,d200f713-d4e3-48fd-85a8-eb68048a1bd1,7943750.247659131,7943751.137697634,7943758.851327179,5828,200,0.8900385033339262,7.713629544712603,176
ba27b07f-791f-43af-a073-6d4e0cab0275,6769e696-2581-4f98-b1bd-a92e8911c925,7943748.246666851,7943748.791383475,7943758.854509856,5969,200,0.5447166236117482,10.063126380555332,176
d4a43176-6be9-4bbe-855e-37f0b7edd192,1b1e4f29-258e-4294-b6b5-79b12ac8f92a,7943751.246436133,7943751.531860418,7943759.002006567,2194,200,0.28542428463697433,7.470146149396896,192
8ae42279-df82-4e00-a02d-80325a869211,8201882b-3c83-4a5b-b140-7a5572375d5a,7943749.246516004,7943749.714340452,7943759.075984652,3999,200,0.46782444790005684,9.36164420004934,160
90f8908e-14f8-4f4b-b4cc-874461071be7,c51f405c-538f-46db-a0c4-5f1665cc8bbd,7943749.246554966,7943749.874996595,7943759.096010748,1135,200,0.6284416290000081,9.221014153212309,160
3a6e761e-2767-49d7-91f7-1bc82224e9ea,e74245db-a56d-47ca-9c2a-8e63314d403e,7943751.2464331,7943751.620006462,7943759.113420433,2778,200,0.37357336189597845,7.493413971737027,160
e3b36674-b2d9-4b86-badf-eedac0469edc,b3f909ce-018e-4430-b0f6-b0dfbcd17eb4,7943748.246660946,7943749.167557928,7943759.182937405,5553,200,0.9208969818428159,10.0153794772923,176
538e32f7-86b1-419d-812d-41146fdf2753,c13d9418-24a3-4ed3-8a2f-34e200890302,7943751.246420163,7943751.440239553,7943759.307753433,934,200,0.19381939060986042,7.867513879202306,224
92c00cd5-8474-4395-909d-a5713656efac,b1d48415-2679-4cdf-930c-839699995501,7943752.247030188,7943752.527166851,7943759.730121617,2844,200,0.2801366625353694,7.202954766340554,176
d620d8ca-1283-4fc6-925b-a5c955bb64c4,af106407-ea10-4304-a36e-a9f2fe57ec32,7943749.246542726,7943750.124561124,7943759.9963882025,2708,200,0.8780183978378773,9.871827078983188,16
5f6bda77-daea-48be-9ab7-634515135cc8,55e477b8-0dcf-4b42-89d3-65961d992b09,7943746.246260274,7943746.874143027,7943760.089514858,2708,200,0.6278827525675297,13.215371831320226,160
c9eb2f20-8c24-43dc-af0f-39cc074c3700,36072142-1340-4cca-b3ba-83f8c8f4afb5,7943750.247663674,7943750.8283111,7943760.215194924,5991,200,0.5806474257260561,9.386883824132383,176
04b6d6e3-4bb7-4142-800d-f7f08ac4dd91,20a3f959-78cc-46c6-8962-31e21ecd5c4e,7943752.247022159,7943752.451882988,7943760.258146797,1517,200,0.20486082881689072,7.806263809092343,192
8ce7c6a9-8689-42e9-ad62-aa9354c5a85b,2d1467d2-a312-48c3-9684-57b9e2890fec,7943753.246249456,7943753.4503335655,7943760.582625819,2097,200,0.2040841095149517,7.132292253896594,224
29c680a9-d0a4-47dd-ad4a-2de656572fe3,4890f004-8473-4e87-ad72-f47223ed1312,7943750.247653704,7943750.599627423,7943760.952396365,3529,200,0.35197371896356344,10.352768941782415,192
2b8b723c-481f-499f-9341-eccc9e01af63,e8a795ee-9f90-4976-894b-7318b1215e72,7943748.246669222,7943749.010749886,7943761.169580078,5718,200,0.7640806641429663,12.15883019194007,160
7e99b6ef-c9b3-4e5e-93e3-789061e73892,d0030985-3721-47a2-be3f-a716ff7779ef,7943752.247039335,7943752.809944926,7943762.6040101,3631,200,0.562905590981245,9.794065173715353,224
974fc770-5343-4633-b756-9450d800f3f0,f93cf9d2-38b2-470c-ab49-c0cef71be9fc,7943753.246253174,7943753.673322436,7943762.634254759,4903,200,0.4270692626014352,8.960932322777808,176
36b33cad-5fb1-4f36-948b-f53848bf2e49,170e19f4-aa66-45f7-9f4d-83d88f291e9c,7943748.246675574,7943749.010912673,7943762.828682946,4074,200,0.7642370983958244,13.817770273424685,160
6264f1f5-dea2-4b51-adc4-21ea7b46886f,113c9921-afda-4fc9-98dd-836eefa608b3,7943752.247034518,7943752.985917406,7943763.15617641,3115,200,0.7388828881084919,10.170259003527462,176
82287e66-6578-4247-9a58-55e63b87abfe,2df7a811-23ae-45a7-8f94-32c9fac9f9be,7943749.24654581,7943750.3624188565,7943763.211080708,5527,200,1.115873046219349,12.848661851137877,192
f2c92e9c-db1b-410a-8fa8-8d9875d9b6b4,1d7c5bcf-74ff-44f5-a7c0-50054157f41a,7943750.247661543,7943751.498094855,7943763.281584202,5964,200,1.2504333117976785,11.783489347435534,176
1a117924-4c8e-45f8-b255-93a9e9e23f33,f9cf1ffd-3dce-465f-a144-2780cfb6b48c,7943751.246438673,7943752.073908522,7943763.299729931,4289,200,0.8274698490276933,11.225821409374475,224
2440e98b-df96-4e6d-8f47-e70def9ebd58,88e4bd73-dff8-4ef1-a2ff-0f0f1c369eb3,7943749.24654009,7943750.229482266,7943763.303533459,3037,200,0.9829421760514379,13.074051192961633,176
ddf0fc76-0679-4439-b771-8a3cb8d3ea00,210df3c6-51ac-493b-bbda-636788eacdb7,7943754.24679966,7943754.799909161,7943763.672890762,2863,200,0.5531095014885068,8.87298160046339,224
df6c766a-a243-451a-98b3-c0d85b566fb9,1944b4a9-25a6-481b-a8a6-9b9e9f4d0c67,7943752.247027455,7943752.965322741,7943764.115963086,5909,200,0.7182952864095569,11.150640344247222,224
a423ca6a-7903-4918-92b3-4fb1e67d5c09,11125870-5b26-45ea-8fba-47c68888a24c,7943752.247032411,7943752.525527929,7943764.140832923,2584,200,0.27849551755934954,11.615304994396865,224
f3e88d4a-e437-47db-9150-4a02970715e4,94392b0d-8f83-4e2b-80c5-1cb03c746275,7943756.246457403,7943756.54530281,7943764.794163462,3476,200,0.29884540755301714,8.248860651627183,192
14edc8ac-3455-4fad-8c8e-a0f334e23741,25764557-8d50-4bc3-8d58-ccb7ee44ac5a,7943753.246256234,7943753.447633163,7943764.841958904,2192,200,0.20137692894786596,11.394325740635395,224
867a2472-3ca7-4d2e-9d87-80969152e2ca,fba72a56-cd36-4731-8af1-a04f79c5aabf,7943756.246440629,7943756.4692121055,7943765.057605773,2384,200,0.22277147695422173,8.588393667712808,192
7a0966a1-9e35-4634-a69b-0cbef164b2e7,6438b31e-b086-495f-8c72-0c6603de3583,7943754.246811998,7943754.869503831,7943765.13267429,460,200,0.6226918324828148,10.26317045930773,192
15138a7c-f9c5-4711-9b48-b41dde60394c,46db840a-ebfe-444d-ac32-5a034a324426,7943754.246781914,7943754.875350025,7943765.1399434265,5772,200,0.6285681109875441,10.264593401923776,192
4bb7f0e7-b5b2-473e-87e3-2b441e215f76,34f5ddf7-c486-4989-9f91-cd88f232dd90,7943757.246474201,7943757.9497588165,7943765.183364747,1525,200,0.703284615650773,7.233605930581689,176
fdd6eb56-78da-4afc-a838-410e82716d4b,6aa47392-d059-41e1-b0df-daff049d420c,7943753.246232439,7943753.778084111,7943765.635945649,6073,200,0.5318516725674272,11.857861537486315,176
ce988573-bbca-4eb8-9efb-a3cef0b7193f,0bf31ffa-4595-4d11-950e-5ea31165867e,7943755.246347177,7943755.726252767,7943766.007210967,5631,200,0.4799055904150009,10.280958199873567,192
8096d1c9-0d42-417c-8bc0-225c055f621b,42303959-8373-4fb5-b881-e39d2351d467,7943754.24679067,7943755.104482565,7943766.082943119,3017,200,0.8576918952167034,10.978460554033518,192
6b75d678-001a-4694-9fc8-a0f87368a84b,d83a09fe-8706-41f6-9b86-8130d5bfad9b,7943754.246797137,7943755.157664481,7943766.169045962,6510,200,0.9108673436567187,11.011381481774151,224
3e429f83-5904-425b-bf97-5eee65669209,21dbf6ef-22d2-46e3-ac48-9cb8657506d9,7943754.246794298,7943755.023376969,7943766.343845329,3039,200,0.7765826703980565,11.320468360558152,176
d1548335-2efe-4b8a-bbee-b50cc996a0eb,ec035cd5-4099-445f-80a6-d885e8148b75,7943754.246805787,7943754.570119053,7943766.833785761,2629,200,0.32331326603889465,12.263666708022356,288
589e09c9-a561-4e66-9ca3-fd2edefaeb00,2640c64b-b58e-4eac-8e19-d9e509af1f52,7943758.246289957,7943758.760868983,7943766.877667412,5597,200,0.5145790260285139,8.116798428818583,224
2b99e8db-4d1e-44da-a846-e0d46fab5b42,bd8eeb28-8ddb-4e89-a649-ed73109fdad4,7943752.247036866,7943753.305982143,7943766.930780548,5763,200,1.058945276774466,13.624798404984176,160
90d33d6e-c258-4098-b4ca-248fbb4a0069,f5eff546-183e-4cec-8960-21f5d535335a,7943754.246802669,7943755.24684902,7943767.129383592,5992,200,1.000046350993216,11.882534571923316,176
355dd575-6017-4695-9f5c-3ee2ffe0336e,90dca292-00d5-4d7c-b7ca-be3920741df0,7943757.246456553,7943757.788767357,7943767.192058668,5838,200,0.5423108041286469,9.403291310183704,176
a9855d86-fe47-4cf5-87ca-7d0081b52586,fdb31cc6-26d5-438f-b807-c434b38142f1,7943757.246476899,7943758.251070811,7943767.212886689,5941,200,1.004593912512064,8.961815877817571,192
17086a71-11eb-4ec4-91df-fb0fc7a73f59,77c5fe55-dea3-47e3-9fa4-17d19b193453,7943757.246471857,7943758.038429647,7943767.243335613,5948,200,0.7919577900320292,9.204905966296792,192
e4d0fa12-6585-4d29-9d51-dc30c1d42091,57ff1918-00a6-4f1f-abf1-71b1dec34e08,7943754.24680854,7943754.514020684,7943767.612984927,2082,200,0.26721214409917593,13.098964243195951,256
05b7b52d-14c6-4654-80f8-ebad534799f1,c5eb325e-4501-406f-86a4-ccbdef7dd488,7943756.246461533,7943756.714137375,7943767.84853697,5748,200,0.4676758423447609,11.13439959473908,160
e0b93704-4ec3-4209-bda5-96fab62c1e77,4d91675e-bed6-4756-af92-49701ac0572f,7943758.246292385,7943758.753068568,7943767.990991999,5949,200,0.5067761829122901,9.23792343121022,176
bb55bfbb-bbb1-470a-bc39-10f1fd5f4168,c8b7ff65-cf0d-44ff-991e-2b8fd4458b22,7943759.246314521,7943759.699394697,7943768.092951762,4790,200,0.45308017637580633,8.39355706423521,176
97298253-faeb-49a5-841f-f8f5b79b03a2,d3954709-3e90-4162-b807-366fedb25f30,7943757.24648602,7943757.75330515,7943769.006417608,2480,200,0.5068191299214959,11.253112457692623,288
fe8219c9-d88a-4f0c-a547-a7076f48e696,824ede68-58b2-43a5-8b67-3d484cac77f3,7943760.246515802,7943761.005478607,7943769.073420443,3451,200,0.7589628044515848,8.067941836081445,192
a92be4f1-7ad2-49d2-bded-382cec04ae08,977ac36b-bb7b-4aac-bf3e-938831af0d6d,7943759.2463223,7943759.816040391,7943769.153656919,5765,200,0.5697180908173323,9.337616527453065,0
4afbc191-e277-48b1-8ffd-aff6f3c35205,f58c899f-fc92-4076-9696-2dba20d0a4e7,7943760.246500106,7943760.4277741555,7943769.238174186,1456,200,0.18127404991537333,8.810400030575693,176
8e37517f-2164-485c-8f58-58c13bc96af8,fc03dbf1-0de7-4854-9fc3-dbbc06937d77,7943757.246479841,7943757.9529579105,7943769.547494732,5882,200,0.7064780695363879,11.594536821357906,224
4f1f9420-5812-4a46-960c-1886a7866941,983cb979-5e2f-4649-bfa0-1fb1c92b9954,7943755.246338614,7943755.717530537,7943769.665849484,5882,200,0.4711919231340289,13.948318946175277,176
771c1a1d-bec3-4f29-b266-a707bcb2deac,f20a741c-0fb3-4811-91f0-bee136177ca3,7943758.246295121,7943758.809818124,7943769.905660364,5651,200,0.5635230038315058,11.095842239446938,224
fc5e252d-97a1-4d9a-b1aa-408d6cd12aa6,ad505044-0649-4c84-9a66-a33049893e40,7943761.246653473,7943761.792567897,7943769.919954956,5616,200,0.5459144236519933,8.127387058921158,192
ad947aff-a946-4f81-9400-429f5b0e6f12,35c9b5dc-29e8-498f-9ad8-87fe22f17021,7943762.246328913,7943762.548629087,7943769.961953107,2035,200,0.30230017472058535,7.413324019871652,176
17fa7fe5-a18b-4439-8864-e82a6c7a513f,5efef79a-109b-4a9d-bb65-6cd95942cd81,7943758.246297535,7943759.179685911,7943770.072057797,5922,200,0.9333883766084909,10.892371885478497,192
711ed9f7-2436-4229-88d0-8103b87a2507,a63362d9-272f-48f7-9f11-fab613927024,7943757.246465403,7943757.409763229,7943770.171769332,1111,200,0.16329782642424107,12.76200610306114,176
1291db47-50ce-4fb7-8dc5-0a9bc25448db,ed0ec45f-0834-450d-974e-6c8a7ef11d0e,7943757.246488737,7943757.48875757,7943770.196800275,1034,200,0.24226883333176374,12.708042704500258,160
ad8d3b80-e963-4cfb-a8ff-5ba829577364,623901f7-e6f9-48bd-828b-b5728990d3b2,7943759.246307936,7943759.518699143,7943770.231846357,2570,200,0.2723912075161934,10.713147213682532,192
830e6480-e196-42b0-96c3-977ecb9dea7b,b41865ca-d2ff-4e84-9d9e-aa057435693c,7943757.246469124,7943757.407061763,7943770.558346225,456,200,0.160592638887465,13.151284461840987,176
70c956d2-894f-4376-bd45-fc087a993992,41705093-4c8c-4a90-99d2-ad3181aceb70,7943760.246485546,7943760.771500505,7943770.7639032,5701,200,0.5250149583443999,9.992402695119381,192
13419d03-8282-45c5-b68f-a3817a531360,afe6f909-f768-4fd6-b7ba-ab195b5c9b8e,7943757.246482571,7943757.93810324,7943770.7645216435,2506,200,0.6916206693276763,12.826418403536081,192
45cc49ad-542a-4681-acf0-e1f2e50bd795,231beffe-da58-4516-af27-1182589624ee,7943759.246298365,7943759.758238652,7943770.77515791,5646,200,0.5119402864947915,11.01691925805062,192
d7ca102f-d6ba-45e3-b0ae-7682b0336ef3,50a6fd55-dd24-4441-9105-8785b6a488a7,7943761.246676431,7943761.929174059,7943770.820449522,1588,200,0.6824976280331612,8.891275462694466,1584
d5a0831c-5069-481f-9bce-566d6263aa1d,26f6e7fb-05d7-47ec-9c49-43b5ac7aed02,7943761.24666724,7943761.678183633,7943770.9080391405,3381,200,0.4315163930878043,9.229855507612228,176
0921496f-6a55-4f0a-8cce-3e9d8bbd27c3,461b8a8a-fc1a-4527-a296-04cb42ef41e8,7943758.24628625,7943758.544585202,7943771.044585344,3226,200,0.29829895216971636,12.500000142492354,224
56b8f122-04a9-4e5d-858b-fda1d882a371,282e0f6f-de8f-4a61-aab6-17114cdd3384,7943762.246335503,7943762.632088969,7943771.134573929,2091,200,0.38575346674770117,8.502484959550202,192
af70871a-c91a-43bb-b342-63ab86a98d20,7d83a754-194c-4131-be9f-21b4f40d2af1,7943760.246512249,7943760.769564014,7943771.137127657,5738,200,0.5230517648160458,10.367563643492758,192
54194378-f49c-4f20-905e-22cb35ff32ab,cebd319e-5a49-45d3-8581-90eea425cdba,7943760.246504893,7943760.459024833,7943771.141401819,1474,200,0.21251993998885155,10.68237698636949,160
6bb74f7c-e0a5-43fa-8f48-188972590a0d,719dac01-1de7-4620-a520-52d4ffeb767c,7943762.246339309,7943762.780604753,7943771.228037423,832,200,0.5342654436826706,8.447432670742273,192
1d495eea-bfea-4a6b-8cc8-870d44369c83,07c6cfe5-ddc2-4943-8c6c-6cb93009af4e,7943761.246660262,7943761.750803623,7943771.414919437,5934,200,0.5041433610022068,9.664115813560784,176
7982f6ba-a078-49b5-bfec-e519880ee1ef,861e29f7-4713-4676-b1bc-a4d3d62f4ef2,7943761.24668,7943762.2379589565,7943771.721689187,2668,200,0.991278956644237,9.483730230480433,0
a1be3618-f0a9-4b5c-b9b4-5a55783b8763,75585882-0160-44b1-a849-b6ed5e3759c6,7943764.246541901,7943764.5434365,7943772.712585488,3380,200,0.2968945996835828,8.169148988090456,160
e39d5efc-be36-424c-b472-0a733a1756ce,af58fe18-5abf-4a30-a78b-73561c06d4f2,7943763.246204204,7943763.475988452,7943772.985497207,2419,200,0.22978424839675426,9.50950875505805,288
a714721b-4ffc-4286-87ca-bf6982d49f44,95c2b3e8-bedd-4bae-b816-72ab196b5d6b,7943758.24627295,7943758.763574179,7943773.117579255,5857,200,0.5173012288287282,14.354005075991154,192
2c179771-a265-4d4e-941b-e517ffe46924,825d2cf4-8a7f-4cbc-9887-605dcdf60536,7943759.246311684,7943759.723553841,7943773.217646018,4928,200,0.4772421568632126,13.494092176668346,224
7c1688af-8b13-406c-8e7c-e7b73b20068b,09902512-78b5-4837-b654-59b7f20d3a39,7943765.246585628,7943765.7583503,7943773.281040478,5890,200,0.5117646716535091,7.522690177895129,224
396a9521-ed15-48cb-9638-515f87afa3ed,ebb1ca76-edc7-4fc1-baf1-d741d0a23195,7943759.246316869,7943759.757671063,7943773.327782472,5904,200,0.5113541940227151,13.570111408829689,176
3a67d86d-39ba-4cd5-a21a-6e4ddcbabaf9,cb5f3703-6da0-4120-9adb-188860ebbdd5,7943760.24650885,7943760.509876091,7943773.61115223,2144,200,0.2633672412484884,13.101276138797402,192
205de954-ea39-4ef8-98af-058fa470667d,0de88066-b060-43c4-86e8-92b4ba42d652,7943766.246460602,7943766.3660144415,7943773.747425266,550,200,0.11955383978784084,7.381410824134946,192
90cc729e-8755-4bb0-8776-41b29085cdd6,0510668b-2e39-4521-abbf-68606b666ffd,7943766.246437439,7943766.799600349,7943773.836224944,2585,200,0.5531629100441933,7.0366245955228806,192
15931ebb-2c9a-429b-844d-57a2e9efd986,42b78ebd-17aa-4ddc-8442-4e4fb55a60c8,7943761.246682863,7943761.709911238,7943773.837379749,2669,200,0.4632283756509423,12.127468510530889,160
f746935c-85b9-4260-8e2a-3f386dac4620,6bef9240-78a1-482c-96d2-a89c97ba970c,7943761.246637445,7943761.718378104,7943773.847042287,2660,200,0.4717406593263149,12.128664182499051,16
6c0e3597-2631-4630-a106-189233388909,c6a32dee-7f0c-4888-b588-98dc18b473fa,7943761.246663395,7943761.944124528,7943774.034494141,5859,200,0.6974611328914762,12.090369612909853,192
c6290ada-6a4f-42e9-9808-bbc671771bf6,53775c11-23d0-4c0f-9a63-56b35a9ba870,7943761.246673715,7943762.592298089,7943774.059647602,5782,200,1.345624373294413,11.467349513433874,176
5746dd80-2449-47a6-b172-e77292e3dcc4,00960d8d-92b2-47dd-a410-ce898eaf23c2,7943762.24631224,7943763.2101406455,7943774.092666467,5874,200,0.9638284053653479,10.882525821216404,176
732992c0-e7ce-4cb5-9aac-f329cb519205,d0030985-3721-47a2-be3f-a716ff7779ef,7943765.24660043,7943765.602394187,7943774.096888456,3619,200,0.3557937564328313,8.494494268670678,224
ae151d4a-1858-43be-a893-0a172d479f50,b4c5b65e-b0b2-4149-a9a2-a49a11473845,7943759.246319833,7943760.134437005,7943774.200306888,5751,200,0.8881171718239784,14.065869882702827,176
4e890af4-94c1-43e9-8c0b-382b5ef7dc41,3bdbe03e-f2c9-476d-be78-5845bc3d6cf8,7943760.24651952,7943761.347074258,7943774.211607956,4687,200,1.1005547381937504,12.864533698186278,192
c4c74715-8027-4829-8dc7-0dceb96afa41,0b745e6f-d44a-48f9-a807-a21f2458356f,7943761.246657155,7943762.001666653,7943774.242605432,6011,200,0.7550094975158572,12.240938778966665,160
0b2a10b1-cb17-4df4-9646-837790edc584,240c36b4-8f22-4cfd-bfbb-90147dc774e6,7943762.246325295,7943763.159594037,7943774.343163026,5979,200,0.9132687412202358,11.183568988926709,176
0d9c3f6e-fe27-4a23-b8e4-7ec4ff120e5d,33112398-5129-4e1e-868e-09609c2b6bee,7943760.246523128,7943760.919447639,7943774.808530366,2472,200,0.6729245111346245,13.889082727022469,176
f16d17ec-5f2a-4222-93c1-c96911c0204c,1ba8fcf4-b3c2-4320-a37d-806f78c0ae0a,7943763.246188347,7943763.585863092,7943774.988590162,3827,200,0.3396747447550297,11.402727070264518,176
9612aff3-aff3-4266-bd4d-70f7f64825aa,4ac57aef-73b0-4d1e-900c-4a6b79a7c0bd,7943767.246154137,7943767.7191737965,7943775.073833265,5147,200,0.47301965951919556,7.354659468866885,224
fad5c636-d5a5-461d-9cac-3cc86dccd919,d1a58fee-2699-4cde-8dec-5a26bda64889,7943761.246670747,7943762.073985143,7943775.354457857,2672,200,0.8273143954575062,13.280472714453936,192
0198ab7c-20fc-4fdf-aef5-c4b6cf551cd4,e5488a62-a6e0-4b98-a167-55ef476697ef,7943764.246567111,7943764.398826026,7943775.53152365,1322,200,0.1522589148953557,11.132697623223066,192
0cd2741d-a216-4de3-912a-586cb66a9db3,a97b3419-50d1-4d99-ba18-6269343a8188,7943766.246453369,7943766.58108268,7943775.811505637,3587,200,0.33462931122630835,9.230422956869006,160
24bd941c-fd71-49ef-884a-19187b6015aa,b4602778-3348-473e-a759-7f39965e7fe3,7943765.246594487,7943765.894517987,7943775.8474561,5785,200,0.647923500277102,9.952938113361597,160
c52ed260-5b2f-40da-b2eb-434a6004b723,109911a5-9e24-4bdc-95c0-fd2a56571c91,7943762.24633156,7943763.247577487,7943776.040372538,6056,200,1.0012459261342883,12.792795051820576,176
4de87f88-7e0b-48b6-a2e0-6eed1fc55b8f,8c2d8f7d-60fa-4adc-b7e0-562e4b1056d2,7943768.246291308,7943768.445866554,7943776.123674101,1777,200,0.19957524631172419,7.677807547152042,192
e4002e29-32a5-48af-b0c9-2fcd39de53c8,53331c8b-4eec-428f-89e8-96e8338db919,7943763.246201398,7943763.7764777895,7943776.147593313,5988,200,0.5302763916552067,12.371115523390472,160
7956be3e-5295-41b1-b432-f73677de8d6f,4890f004-8473-4e87-ad72-f47223ed1312,7943769.246189724,7943769.613591257,7943776.239769525,3529,200,0.36740153282880783,6.62617826834321,192
be022907-c280-4410-b388-1a36b618c683,af106407-ea10-4304-a36e-a9f2fe57ec32,7943767.246148774,7943767.48494703,7943776.335534626,2676,200,0.23879825603216887,8.850587595254183,832
c06ab297-885d-4b30-b67d-0f1b9a0643a3,196b3ba3-fa8c-4255-8678-43251bc0da68,7943769.246162406,7943769.460428569,7943776.8969418425,2029,200,0.21426616236567497,7.436513273976743,160
86b185be-8454-4a6a-abcb-8c3c336203c3,288856ff-0e20-4dd0-9458-85503a7ab282,7943769.246196406,7943769.890669142,7943776.914312557,5703,200,0.6444727359339595,7.0236434154212475,160
54b23f5a-9210-4a3e-a742-4d9f03b0ef83,5e4b17dd-139b-49d4-a241-2a2bae8d295a,7943766.246456999,7943766.775442469,7943777.022910496,1790,200,0.5289854696020484,10.247468027286232,176
f1889f63-f756-44df-ac59-2080f8f737e3,9d3da819-d55e-499b-8c32-f0bc4ad5ad0e,7943770.24697299,7943770.384169049,7943777.463725557,500,200,0.13719605840742588,7.079556507989764,176
c2527f3d-cde1-4f6a-9c4d-5aba5d6c4a88,3357a07f-5bdc-45f0-8791-aeac036a93b7,7943765.246597966,7943765.439358283,7943777.830457036,1564,200,0.1927603166550398,12.391098753549159,176
9f29f0a2-c0a0-4169-8a90-0656bdee18d3,50255ca8-a7bc-49f9-aa44-a33caa66a0be,7943770.246967851,7943770.746276638,7943777.873885118,5910,200,0.499308786354959,7.127608480863273,176
ae23aa38-3cde-4252-a871-23aa97ad872f,f271ebe9-b215-4499-a991-8ff24c4302bb,7943768.246300053,7943768.533898719,7943777.973809501,2922,200,0.2875986658036709,9.439910782501101,176
f44bbf0a-ac51-45ba-9544-fc5c5b1a3dbe,86bb770e-e896-4df8-98ac-b45dd9f48001,7943769.246202612,7943769.771981522,7943778.326007079,885,200,0.5257789101451635,8.554025556892157,160
a155150e-100f-4aae-a21b-0ea3eef22de9,5e42de05-0341-4884-a574-6c349b3cf11b,7943767.246151777,7943767.756218153,7943778.42358177,5908,200,0.510066376067698,10.667363616637886,192
87a4764e-af77-49f1-945f-4ecfba792958,57ff1918-00a6-4f1f-abf1-71b1dec34e08,7943767.246156999,7943767.334916692,7943778.554092077,2070,200,0.0887596933171153,11.219175384379923,2064
7f032807-5773-4787-b533-99f3a1c70040,7f03b1ba-06bc-47a2-be64-1a59fab8ce22,7943771.246468405,7943772.099217013,7943778.709906738,5773,200,0.8527486082166433,6.61068972479552,192
f3c61a1b-a6ee-4d4d-a4d6-9815a914d434,01346e59-8ea1-4714-95da-e6489ae288e8,7943769.24618559,7943769.547406836,7943778.916589379,2879,200,0.30122124683111906,9.36918254289776,176
fc4412d2-44de-4c05-86f9-114ecd48e026,bbea6a5c-8d47-4003-8b31-48aa9eb697ca,7943766.246449268,7943766.947272581,7943778.947097492,6503,200,0.700823312625289,11.999824911355972,192
4f4b05b7-4212-4d02-93e0-5206b02d71d6,c5ee0dcb-4f4d-49c2-8f2a-ab8151ec8f48,7943768.246303644,7943768.761081153,7943778.9511796525,5991,200,0.5147775085642934,10.190098499879241,176
4f48af87-e5da-4f5d-86e0-612db64cda5f,4346426a-d1cf-4421-a05c-b8084161d1b8,7943771.246482349,7943771.529461352,7943779.021238741,869,200,0.28297900315374136,7.4917773893103,176
47a76cb5-4ef3-4b08-964f-e09c94a213b6,4df870a1-f984-48dc-93fb-96ee01475d6f,7943768.246306352,7943768.664976857,7943779.146346435,4510,200,0.4186705043539405,10.481369578279555,192
779b9e19-b3df-47e8-8cca-f6c55cb5d6b2,d3326a24-2cfe-423c-b12e-a234f3b6df37,7943767.246140836,7943767.762791348,7943779.251480665,5879,200,0.5166505118831992,11.488689317367971,160
92bd6839-58e7-4d39-9f08-e9eb80a16753,e0f89448-f876-416b-8010-7e072a728504,7943770.246975748,7943770.761664025,7943779.284861854,6012,200,0.5146882766857743,8.523197829723358,160
bdae2043-9ddd-42ef-af3f-69400244f102,aeb913ad-d459-4fbd-906a-cf6ac2bb3fd1,7943769.246177552,7943769.810588169,7943779.494830206,5661,200,0.5644106166437268,9.684242037124932,224
a2de91e8-0cba-482e-8c0f-7fdd5cbf1273,41d7460a-e0a1-4300-9f40-37670c541e0c,7943769.246181673,7943769.414154216,7943779.790711436,869,200,0.16797254234552383,10.376557220704854,16
a61954c6-f6c6-4b16-820d-95a5318c996b,714217a1-bbce-48d4-9455-460f544a1b5b,7943769.246199413,7943769.627138447,7943779.902367445,1947,200,0.3809390338137746,10.275228997692466,224
9f3e7ce9-0939-46d5-941f-c0f6d3537eb2,39f0db0a-82e8-429d-aa53-89c2802d7dac,7943770.246970515,7943770.380244685,7943779.912671408,820,200,0.1332741705700755,9.532426722347736,224
f636712e-4dc5-44a4-9dc6-1028430d7fbd,b2b28eea-494d-4c24-b6d8-00f553246d00,7943773.246483864,7943773.408198304,7943780.0666042445,1258,200,0.16171443928033113,6.658405940979719,192
601bc90f-ca53-4ca7-9147-cb37c94e6c82,27e00e2e-21f7-46b8-8008-d0a46fedbeee,7943771.246464693,7943771.415089616,7943780.115025701,739,200,0.16862492263317108,8.699936085380614,288
c576b48e-a3de-4f10-bdcc-77bf361cacf3,8201882b-3c83-4a5b-b140-7a5572375d5a,7943771.24648494,7943771.720470464,7943780.133072653,3999,200,0.47398552391678095,8.41260218899697,160
473512b9-9d74-4add-8959-1434f2466fd4,e18bfa26-41ba-44f1-81dd-523d09a147de,7943771.246477844,7943771.927996626,7943780.166736789,2995,200,0.6815187819302082,8.238740162923932,176
7d371bc4-9712-44a0-ae11-0c741e15fef8,8bfd814d-28ab-4cb5-b72a-dd26380f4984,7943770.246964917,7943770.754030497,7943780.220270709,5662,200,0.507065580226481,9.466240212321281,192
f75fdd0a-167b-482a-9a25-5b2853a39db0,bbcf2ca1-a472-4c7f-9404-4430eb3e7e19,7943769.246193291,7943769.547868505,7943780.307771153,1319,200,0.30167521443217993,10.759902647696435,160
2f728583-6d88-4c43-8792-0788697debdb,1944b4a9-25a6-481b-a8a6-9b9e9f4d0c67,7943772.24634871,7943772.746700489,7943780.985965782,5909,200,0.5003517791628838,8.23926529288292,224
2ff960b1-6ca9-4e1c-a72d-f113f0de834e,f56f3534-c298-4487-a39f-16c483a04920,7943770.246956068,7943770.680033773,7943781.155712657,4717,200,0.43307770509272814,10.475678883492947,224
723a7dee-c096-4a18-94d5-ab1ba22051f0,46db840a-ebfe-444d-ac32-5a034a324426,7943771.246471,7943772.036609612,7943781.241357039,5772,200,0.7901386125013232,9.204747426323593,192
5dd1425a-734b-4ce6-8a03-34845e981bf5,aa942eaa-fb40-4ee4-a6e1-593548ba0dbd,7943774.246210492,7943775.000339335,7943781.459817328,5889,200,0.7541288426145911,6.4594779927283525,192
0554f29d-e58a-42f4-b238-b2086008a171,0bd71f2d-8ff1-4b8b-a899-9b785a451bbb,7943773.246492136,7943773.380031975,7943781.736306819,1230,200,0.13353983871638775,8.356274844147265,288
b4871e91-a982-4580-a5bb-fa19e64a2f49,940160ec-0bfb-4ebc-ac97-abf254489499,7943771.246473133,7943772.421667205,7943781.849243017,6560,200,1.1751940725371242,9.427575811743736,192
304a0622-610f-46e0-9b2c-2385cfd01d61,62bd5ab4-a4ae-4c45-90a9-d469d50595d4,7943773.246487446,7943773.465278219,7943781.901763417,1742,200,0.21879077330231667,8.436485197395086,160
5757bcea-b320-4d91-80fe-d7f092857cc6,a87c1e2c-7a49-4744-9e7f-268e78b88eee,7943773.246489784,7943773.685280589,7943781.9189057285,844,200,0.43879080563783646,8.23362513910979,192
4c5470e1-dda0-4a34-afa3-e7adcd798d7d,1ddc0d9c-5d28-46c9-b091-e70085a47921,7943771.246451302,7943772.397435735,7943781.981133275,5945,200,1.1509844325482845,9.583697539754212,160
6764c37e-d9cd-4611-be33-b1a378df459e,ed4008e7-8fb2-4c86-98dd-bbd7d9a96ecf,7943771.246480274,7943772.83257787,7943782.001877721,6108,200,1.5860975962132215,9.169299851171672,176
de75d82e-dafa-49b7-979f-e127d878d97d,14141ec7-cddf-437f-8727-cf3bc4ae468c,7943772.24635273,7943772.835191755,7943782.005621609,721,200,0.5888390243053436,9.170429854653776,176
662a4bdb-efab-48c0-a90d-b242d21fad30,ec035cd5-4099-445f-80a6-d885e8148b75,7943774.246207545,7943775.394464523,7943782.013767328,2627,200,1.148256978020072,6.6193028055131435,288
bdc2cdd2-0a13-4f9b-829a-f8ce9d80dead,1bb39ff9-0ea5-419f-a37c-928f0db0f068,7943776.246353319,7943776.4259707965,7943782.230462594,1895,200,0.17961747758090496,5.804491797462106,176
7d949c24-97a6-4e2c-8cfc-c1d8c9179940,70da4a8b-eece-46eb-8b9e-2f1c28b4f670,7943773.246469514,7943773.581381517,7943782.489339996,3481,200,0.334912003017962,8.907958478666842,192
7b69a2f8-d4d4-4553-9a12-7632f45a6f94,2d04a413-22fe-4614-bb84-9ea52c8c3a73,7943774.246186913,7943774.751630155,7943782.792824063,5481,200,0.5054432423785329,8.041193908080459,160
a43da549-b4ff-471b-bc6b-e22fe9aaf02e,f4aff892-842b-4e98-af4c-cfd1deacf96e,7943774.246204708,7943774.900682705,7943782.81156182,2207,200,0.6544779976829886,7.910879114642739,288
f86a29d8-8d2e-4bf9-8e0c-c602811c8849,d0030985-3721-47a2-be3f-a716ff7779ef,7943774.246193712,7943774.638991322,7943782.89642099,3619,200,0.3927976107224822,8.25742966774851,224
2e76c484-a177-425f-8416-9ee8898a1615,5e34dc58-8d28-4946-b67f-f69a67bb089a,7943776.246350889,7943776.755309774,7943782.923229356,5614,200,0.5089588845148683,6.167919582687318,160
9f40f73a-57c6-4865-886f-cae79f4ce980,bfd839f9-7891-4b73-8ec3-0ec4e6a3b69e,7943774.246199597,7943774.991000483,7943783.07887815,2123,200,0.7448008861392736,8.08787766750902,176
05361f42-4a2f-4a48-9048-cf569608b2f0,bae42ab0-315a-422a-8e89-6a7cf4b10773,7943774.246196639,7943774.805262952,7943783.128196307,5913,200,0.5590663133189082,8.322933355346322,160
36254a0f-d22f-4d76-9859-f272183f593c,2871c9ae-c754-4c2c-804f-828a39cb9175,7943774.246213045,7943774.792132488,7943783.1304344935,5800,200,0.5459194434806705,8.338302005082369,192
04c997f6-1917-4c38-915f-ac8cc35abdfd,8aa6063f-9cd1-4748-bc9a-78c44fd7370a,7943777.246761219,7943777.444910062,7943783.21135783,1671,200,0.19814884290099144,5.766447768546641,288
4d35ad84-7648-4197-b224-5bb754ac1399,44838094-3154-4ad0-aad1-71143ecb6bab,7943775.24646361,7943775.846234244,7943783.316441645,6003,200,0.5997706344351172,7.470207400619984,192
adcea17c-d0e7-47f2-a51a-a58f7394bcfd,6c9f1413-e467-4d64-be9e-c1beccfa7d1a,7943775.246447137,7943775.547280339,7943783.7037600465,2142,200,0.3008332019671798,8.156479707919061,224
db55b437-f559-454b-b198-cf24f6dc86a9,488fa642-e3bf-4c27-a466-49415c3146f9,7943771.246475297,7943772.005222628,7943784.078824802,5845,200,0.758747330866754,12.073602174408734,176
49499bbf-13f9-4319-bd14-970d1d500f77,f270da46-3409-4931-ac53-a9c00d956923,7943775.246467619,7943775.533125627,7943784.335416853,1806,200,0.28665800765156746,8.802291226573288,160
0b5f71c2-a67c-4467-973c-53fc9f5f5d93,e8a795ee-9f90-4976-894b-7318b1215e72,7943777.246774853,7943777.846752907,7943784.769310457,5718,200,0.5999780539423227,6.922557549551129,160
224d029b-6ab8-4982-af9c-81f95235fa8a,cfcf6a51-050f-473a-a1ec-66f62d2f15ad,7943772.246335286,7943772.758694464,7943784.77968351,5848,200,0.5123591786250472,12.020989045500755,176
512b8855-01ef-47d2-8233-4b25794c9258,dc8da506-377a-47db-b74b-fa65c921225f,7943777.246755875,7943777.753478546,7943784.813351735,5858,200,0.5067226709797978,7.059873188845813,192
cc802877-5b4f-4794-8092-f45f00d50ecc,9b14e473-99ef-46f4-a075-81919dd0446c,7943777.246737187,7943777.70210186,7943785.009853553,2364,200,0.4553646733984351,7.307751692831516,224
67287b65-1cfa-4a0d-9526-9ad21ddded63,76489012-fef6-4640-b537-d17bb55de8c8,7943776.246340671,7943776.496486539,7943785.162791046,2492,200,0.25014586839824915,8.666304507292807,192
763dc531-2658-451f-ad9a-e73b69c97d20,16ee1f98-70d1-4f25-b592-1d867d4d1193,7943776.246358147,7943776.665551179,7943785.18875702,4741,200,0.41919303219765425,8.523205840960145,176
dfe78556-762b-4ed2-ba25-786ac55eea03,36c06fe6-5b24-4d05-aa49-6e7c64045ab9,7943778.246328444,7943778.557339919,7943785.243380633,3430,200,0.3110114745795727,6.686040714383125,176
92c482de-6017-452b-bc37-f3231664bfcd,425f6293-7288-4f82-9137-97ef2c2f89e8,7943778.246316011,7943778.545897265,7943785.309825383,3122,200,0.299581253901124,6.763928118161857,160
4c435824-628a-45ad-bc5a-8880bbe15c92,a941116a-c518-4f7b-bc3c-311e10bec57b,7943778.246334555,7943778.366567039,7943785.754972545,839,200,0.12023248430341482,7.388405506499112,176
6a0705ae-f225-4906-98da-d351e18fec26,32087621-eee3-413a-95d8-81b2a9d41e00,7943777.246751666,7943777.442627564,7943785.959693049,1911,200,0.19587589800357819,8.517065485008061,192
25b11d5e-7730-4aa4-aa01-6f0c9ca05a96,af58fe18-5abf-4a30-a78b-73561c06d4f2,7943774.246201743,7943775.1378604425,7943786.053861385,2371,200,0.8916586991399527,10.916000942699611,16
234c281a-86a8-4fb6-b44b-6f4e998c45e8,5f73476c-5788-47d5-8c33-62022bc36395,7943777.246768151,7943778.028675009,7943786.073276974,3916,200,0.7819068571552634,8.04460196569562,176
43fdb8bc-c78c-46ca-877c-3c9693ff1c96,01bf6cef-c97b-4d6f-8ae2-8102bf0f9a79,7943777.246771529,7943778.185602488,7943786.178035147,5890,200,0.9388309586793184,7.992432658560574,224
60953d56-1648-4249-84e3-b371c7181957,f9c92a82-99c7-477b-95d5-3aed03818705,7943778.246320944,7943778.527257066,7943786.292480858,3133,200,0.2809361219406128,7.765223791822791,176
b89b4717-04d8-4e80-bf3c-0e2da43c9df6,7d9a3919-67da-44b2-b824-fb9926b6da15,7943775.24647026,7943775.734202084,7943786.317715219,4377,200,0.4877318236976862,10.58351313509047,224
224ffd64-5518-4562-a389-a147e8619924,20a3f959-78cc-46c6-8962-31e21ecd5c4e,7943778.246324632,7943778.422059505,7943786.419800335,1517,200,0.17573487292975187,7.997740829363465,192
98e90dca-8a3a-48a8-94c1-8b7b706adbaf,99f1f6df-a16f-4986-bef1-52e47aec378f,7943780.246505872,7943780.849951157,7943786.743093027,3431,154,0.603445284999907,5.893141869455576,160
9479cd10-4f2d-4211-80ef-d3dec5d45846,c8f41ada-0fda-488a-8de7-cd70fca61f37,7943779.247035971,7943779.420338381,7943786.999374284,1888,200,0.1733024101704359,7.579035903327167,176
1d8a5dce-f052-40f5-9e08-904a629a5091,0190a9e6-affc-4d5f-87eb-836948a65e3d,7943779.247018853,7943779.791868645,7943787.209848551,6357,200,0.5448497915640473,7.417979906313121,192
6b709eeb-970d-4eca-8f61-27ee28c2ee52,e0cfc694-73d4-4603-9a29-1bdf768266fa,7943776.246348109,7943776.425989517,7943787.258451561,1639,200,0.1796414079144597,10.83246204443276,176
e12e445d-4202-4da8-ae85-4c97488956c0,db487834-a11b-4e9c-b4d3-b089f73897c6,7943780.246511109,7943781.181731967,7943787.735657214,5830,200,0.9352208580821753,6.5539252469316125,160
b42cb254-f9e9-4f00-b0cd-3e275247aa04,d2e35e05-d494-455b-8b64-3602cd992e55,7943780.246497863,7943780.414106341,7943787.803217486,474,200,0.16760847810655832,7.389111144468188,176
38d0537c-75d2-42dc-8c31-d753c2910b3a,170812a6-cb38-4169-bec1-bbe2e86c6001,7943779.246968267,7943779.433369178,7943787.882885595,1565,200,0.186400911770761,8.44951641652733,256
e5ef3a7b-5738-459b-9342-a6a512abc540,a2d50e13-b70d-4fc7-ae7b-c9da9cadaf6a,7943777.246764972,7943777.772553414,7943788.040816156,5659,200,0.5257884422317147,10.268262742087245,224
d0db5d72-43ee-42ba-a230-b92bd614a016,843f4d3a-2be0-4405-8c9c-e6a1d1eb833e,7943780.246500698,7943780.807022538,7943788.144242822,462,200,0.5605218401178718,7.337220284156501,176
eada0bcd-ea7e-4be9-97f3-db6242706833,ccd8f2c3-44d3-41c4-91db-1ba4dc5f9701,7943781.246967964,7943781.499355351,7943788.958783274,2586,200,0.2523873867467046,7.459427922964096,192
d3cab706-efe7-4387-9d55-794d8a117560,6fb86cb0-b646-4ecd-8730-d6ed365d30a3,7943778.246296702,7943778.75868005,7943789.006067821,5868,200,0.5123833483085036,10.247387770563364,176
ddaff22e-ce2a-406b-9029-41365d10128c,6418d22e-6d88-463b-a16b-7587c147056d,7943780.246508168,7943781.200209771,7943789.05575268,5735,200,0.9537016032263637,7.855542908422649,192
6e9b13b4-e8d1-44ba-83b4-e8f44e0b5065,5efef79a-109b-4a9d-bb65-6cd95942cd81,7943780.246502993,7943780.800058101,7943789.152943048,5922,200,0.5535551086068153,8.352884946390986,192
87fef986-c754-4299-8cf1-08b2441038b2,cfcf8ea2-39e8-4b65-a05c-99c6f74fc7ff,7943782.246273193,7943782.334356864,7943789.932180527,617,200,0.08808367140591145,7.597823662683368,160
ce450cb2-be73-4094-9981-fc2ed66b8040,12a20126-19e5-4ddc-b4e6-5b1c4432afdc,7943782.246270266,7943782.720012287,7943789.998051615,5772,200,0.473742020316422,7.278039328753948,192
a73a4f02-7de1-48b3-beaf-42dcbf139a5e,44aca2c5-60dc-4929-8170-29f5e1fce844,7943780.246489161,7943780.734728253,7943790.1610326525,4915,200,0.48823909275233746,9.426304399035871,192
ab67e465-9f8f-4914-8369-e4e450ecc076,dec5032f-5640-4adb-8120-132fbe0e8a7b,7943782.24627602,7943782.480598553,7943790.240388307,2404,200,0.23432253301143646,7.759789753705263,288
efde3ece-2464-40a5-a2bb-00ba9cc5b185,6d968042-3126-405f-a611-079b508437c7,7943781.246964829,7943781.460866375,7943790.524286443,2077,200,0.21390154585242271,9.063420068472624,160
e1481782-da41-4aab-8b65-d8642594983e,bc829e6b-bf7d-471a-b1e0-497440ccbb5a,7943781.2469583,7943781.742606497,7943790.686509436,5918,200,0.49564819782972336,8.943902938626707,176
875c92b7-4fd5-4928-9116-b99722984ede,cca96de9-6408-4913-ba55-66f765509f5d,7943783.246866265,7943783.411384414,7943791.025088567,1015,200,0.16451814863830805,7.613704153336585,176
2e837481-2dd5-45f3-ba4a-ee96bbc8e0aa,9f4a967c-69d5-46cb-a48b-7028ac8a0984,7943783.246846818,7943783.648706414,7943791.286787231,4363,200,0.4018595954403281,7.638080817647278,176
398da4f2-62b2-4942-806a-b6654c96af75,1330884e-9e05-4fca-8ac8-b7725234d148,7943782.246278353,7943782.436853192,7943791.302103689,1866,200,0.1905748387798667,8.86525049712509,160
34fe9b67-fc97-41e7-8b0a-94dec250aed4,f77b3e1a-28ab-448e-9c49-1437284550c7,7943783.246856307,7943783.360023006,7943791.825679747,689,200,0.11316669918596745,8.465656741522253,224
3ebe13e5-f995-405d-8504-92f72f865563,6bef9240-78a1-482c-96d2-a89c97ba970c,7943783.24686881,7943783.948780787,7943791.959970938,2713,200,0.7019119774922729,8.011190150864422,16
6e6ba0b8-e4da-454d-8d64-b30efe7e75cf,7e2e7623-9e79-4fcd-af36-959e2862cb05,7943784.246231801,7943784.758041845,7943792.134332261,5735,200,0.5118100438266993,7.376290416345,160
b3eb4ff1-89a1-46c1-a830-966475a647aa,e9cfb301-71d8-484a-8756-4676879b5e86,7943783.246859677,7943783.7509272,7943792.203998269,5796,200,0.5040675224736333,8.45307106897235,176
06e51eaf-fc4c-4cfc-bc7c-becd92e92af4,2ea40277-676a-410a-8b83-b14467b8308b,7943784.246228795,7943784.548227521,7943792.216309515,3138,200,0.30199872609227896,7.66808199416846,176
e232ea9e-7c85-402b-a906-d9c726612ba2,50a6fd55-dd24-4441-9105-8785b6a488a7,7943784.246240763,7943784.757433828,7943792.247650588,1588,200,0.5111930649727583,7.490216759964824,224
11cf1e6c-be35-40fc-9350-5eae0033bd5e,04c151c1-ee98-4835-b8ba-1681eccdd922,7943784.246210662,7943784.8065853,7943792.296200316,6518,200,0.5603746380656958,7.489615016616881,192
38de2ca2-2c4c-4618-9cdf-ee8a02b48274,1b47827e-eff6-4493-98e1-f137248f2700,7943782.246258596,7943782.546586324,7943792.603359597,3414,200,0.3003277285024524,10.05677327234298,224
addbc5ae-c261-4bbe-9145-50722c3efb4e,6ec635c0-f7da-4c2c-a7f4-be19d54eedfb,7943784.246237805,7943784.716723184,7943792.624694536,5018,200,0.4704853789880872,7.907971352338791,192
e8d89667-eb9f-49df-b55b-c435055c5a07,a0581530-c894-4f12-a948-e8caaa8163fe,7943784.24622463,7943784.920295603,7943792.905681395,5799,200,0.6740709729492664,7.985385792329907,224
9ecd988f-c72c-49ea-b118-8e5e490cc1e6,e1189205-6824-4411-804c-f395c62b7c66,7943785.246506469,7943785.771479208,7943792.937905869,5787,200,0.5249727386981249,7.166426661424339,160
94c0aeae-23cf-4e4d-afe6-ab9333a4b956,5e4b17dd-139b-49d4-a241-2a2bae8d295a,7943783.246862557,7943783.45071327,7943793.074692179,2017,200,0.20385071355849504,9.623978909105062,176
b7792ead-2f9d-4fce-ae22-68d6cb399355,cfba0479-b5d0-449b-bc96-f06bacbea9a8,7943785.246500673,7943785.560121567,7943793.087094762,2868,200,0.31362089421600103,7.526973195374012,16
638a13eb-21eb-4f22-8945-5af37c27dd8e,034fada1-6ff3-494e-9df1-8d72fa54e215,7943785.246508774,7943785.942963209,7943793.138870745,2784,200,0.6964544346556067,7.1959075359627604,160
d1c4f940-5a2d-4801-85eb-bdff06439f95,ec035cd5-4099-445f-80a6-d885e8148b75,7943785.246511075,7943785.570144989,7943793.204072934,2666,200,0.32363391388207674,7.633927945047617,288
e4c673ce-075a-4d6b-95d0-4e64639e070e,fc3dbac8-9a03-4b40-a41e-097cdfb9846a,7943785.246503981,7943785.606081992,7943793.350902973,3985,200,0.35957801155745983,7.7448209803551435,160
32a7c377-b3a2-49c9-a443-d0ac552efb38,b4c5b65e-b0b2-4149-a9a2-a49a11473845,7943784.246234675,7943785.14328721,7943795.026662325,5689,200,0.8970525348559022,9.883375114761293,160
1edbaad6-10ca-422f-88c5-25534e4240a3,5761bb36-4436-4d2d-b483-82492b5b7782,7943786.246220061,7943786.464708522,7943795.178133355,2289,200,0.2184884613379836,8.713424833491445,192
846b8fb2-cf9d-4089-91f0-154892d57b62,8c66f4b5-d213-4e99-89aa-3f646bb39a87,7943786.246231164,7943786.729505679,7943795.2948967125,5982,200,0.4832745147868991,8.565391033887863,176
d7940476-222a-415c-9279-014767410434,ad3e5418-e180-424b-8b3f-a75453da1b2f,7943786.246234633,7943786.494899029,7943795.559362701,2820,200,0.2486643958836794,9.064463672228158,192
88d33631-4396-44f3-9dcb-74e6051d8c0f,b8da1dd5-81ed-4005-bc7f-80a71f22ed71,7943788.246972412,7943788.819082921,7943795.97640549,4864,200,0.5721105094999075,7.157322568818927,176
f00f68cb-ced6-4111-9306-8897d8b7ad0e,42303959-8373-4fb5-b881-e39d2351d467,7943785.24649226,7943785.542224288,7943796.213571293,3177,200,0.29573202785104513,10.671347005292773,192
1c561ed7-9af5-48d4-af31-39cfb294cac8,e5488a62-a6e0-4b98-a167-55ef476697ef,7943788.246988859,7943788.641716398,7943796.979073637,1310,200,0.39472753927111626,8.337357238866389,192
fbeddbee-e9e2-40b7-9e50-5b66dc1b2dd2,78d7f456-01c1-4f3b-87e0-11b338250aee,7943788.24697639,7943788.417590323,7943797.063245324,1199,200,0.17061393335461617,8.64565500151366,176
904970a7-cb85-4d34-9fd7-2e5f9c9aa8de,d1a58fee-2699-4cde-8dec-5a26bda64889,7943788.246962489,7943788.53244075,7943797.091407067,2900,200,0.2854782612994313,8.558966317214072,192
c86ebfde-2dd4-4358-9aa9-8e9ee728d070,fdda8363-a79c-4dff-b8a5-15f6be115142,7943787.246604401,7943787.481478257,7943797.768012525,2689,200,0.23487385641783476,10.286534267477691,192
623b054b-8b3d-4970-89ba-3119acc9158c,3af3006f-2e77-4d23-9583-c5204d42ceb9,7943787.246590615,7943787.3685088875,7943797.846832651,962,200,0.12191827222704887,10.478323763236403,176
a065e93f-6a70-4a98-ae80-c8612763dfaa,623901f7-e6f9-48bd-828b-b5728990d3b2,7943787.24660801,7943787.493650115,7943797.984207079,2570,200,0.24704210553318262,10.490556963719428,192
3376d18b-e88f-4751-9054-6fd0a4ea3e16,e7ddf100-0645-4d83-9de1-cdfd98d12da1,7943790.247038558,7943790.7589968825,7943798.066258321,3428,200,0.5119583243504167,7.307261438108981,176
a92fba29-1c89-4f72-9a3e-8320c3eca69a,4a354b33-4f32-4d6e-a541-599473e738d8,7943790.247035326,7943790.454981369,7943798.311555322,1798,200,0.20794604253023863,7.856573953293264,176
bfc1f929-4385-42ad-bd8b-5bf311c65f6f,b836c219-a933-4d49-bac8-ee5d287b5bfa,7943788.246979677,7943788.754681022,7943798.732069902,5868,200,0.5077013447880745,9.977388880215585,192
0bfc583b-fbe8-4029-a15b-aa749506112b,6ee396d8-db4c-4684-88ab-113b143832cd,7943790.247030755,7943790.826043866,7943798.863394698,5647,200,0.5790131110697985,8.037350832484663,160
d8312cf5-65c9-4d59-ad13-dee0e234c3b7,127f378e-d0dc-464e-a79a-fa7013197aab,7943788.246986054,7943788.801728894,7943799.011692826,5352,200,0.5547428401187062,10.209963931702077,176
43397add-8343-4178-ac01-c82351d833d4,027ea883-203a-4478-89ab-361ad0825fd8,7943788.246982899,7943788.57361038,7943799.045319726,3322,200,0.3266274817287922,10.471709345467389,192
daaf9de0-fdb6-40eb-9aa8-55cf7f4e5190,b4527815-5a94-4cdd-8d25-4cd8b6f2f33f,7943789.246589318,7943789.463658617,7943799.134866787,2398,200,0.2170692989602685,9.671208170242608,256
13b40c22-4198-4369-973d-d6276780c9b7,8037e110-1d44-4477-8e06-0223eba390eb,7943790.246993338,7943790.932445078,7943799.9522379665,5891,200,0.685451740399003,9.019792888313532,160
370de75c-6680-471d-b88c-6dde75379a9e,e43607a6-bee1-4fdf-a0b4-8ea2245eecf1,7943791.246344696,7943791.394821305,7943800.003278891,1315,200,0.14847660902887583,8.608457585796714,192
e38a0655-c1f0-4bfe-a59f-5256bdd23675,fc0804dd-2f2c-4652-a7ad-2d9b311e21e9,7943789.246566234,7943789.578810458,7943800.090265767,3778,200,0.3322442239150405,10.511455308645964,176
01f73110-cd90-4f6b-b3e4-7493a133552f,4008439a-7054-4643-abe9-8e6901c83b3f,7943791.24636762,7943791.337305601,7943800.096100865,436,200,0.09093798045068979,8.758795264177024,288
95bfe646-5c18-4c48-9d65-0e16a5f89d2c,0a95fabc-9d75-4cf4-8543-739fad988dfa,7943790.246939751,7943790.632074864,7943800.3306920165,5853,200,0.3851351123303175,9.698617152869701,2256
39759c24-5cb2-4d80-b0ed-d0d600d74663,d0030985-3721-47a2-be3f-a716ff7779ef,7943790.247041948,7943790.953193317,7943800.893053692,3805,200,0.7061513690277934,9.93986037466675,224
dd68cd2e-0c49-410c-8fdb-472fabc50a8e,30971b06-21cb-430b-9b96-f4da653a673d,7943789.24659398,7943789.743393058,7943800.912335412,5866,200,0.4967990778386593,11.16894235368818,176
c8d02c90-4f0c-465b-bb35-e429ea948598,c763213b-3ea9-43c8-82d2-a13bc4766d37,7943792.246331843,7943792.380635529,7943800.959706142,984,200,0.134303686209023,8.5790706127882,160
4b7ee194-14cc-4d49-af60-ba538645ba3e,bea7b331-6d61-47ee-bb30-fd850a81bff3,7943792.246326066,7943792.502055478,7943801.03411449,2587,200,0.2557294126600027,8.532059011980891,176
fc8ea439-bd18-423e-a084-5ab844b3239e,ceb63c9d-93ca-445d-9e1d-fe8b5b88d14c,7943791.246357981,7943791.75400966,7943801.145710894,5845,200,0.5076516792178154,9.391701233573258,224
a4c39d1d-c2cd-4b7d-a5d8-e6b7e1a352b3,1bc73e7d-6b0e-4755-ade4-f801a54d64d7,7943792.246313449,7943792.388130702,7943801.215530414,999,200,0.14181725308299065,8.827399712055922,176
ac3bcb83-ba43-437c-bb78-ffe3fc1fa935,b1d48415-2679-4cdf-930c-839699995501,7943791.246370572,7943791.588823207,7943801.272146097,3056,200,0.3424526350572705,9.683322890661657,176
8885c5cf-3409-4897-b744-9cc7e6e8a505,76c6a94a-5b1b-4124-a8c1-7b783e5beb5f,7943791.246361474,7943791.851171874,7943801.301617771,5941,200,0.604810400865972,9.450445896945894,176
1244ebdb-03d7-451c-b402-a85c763952f3,a4705d3f-c9cc-472f-8323-bf9e4593e138,7943790.247045196,7943790.829814129,7943801.450808602,5730,200,0.582768932916224,10.620994473807514,160
482f52cf-a969-44be-bf83-629ecc77538d,47b6f51c-e139-4524-b0ed-2b8a71627474,7943792.246336847,7943792.763551802,7943801.993356421,5750,200,0.5172149557620287,9.229804618284106,160
a2bab5ca-92e1-4a8a-8daf-732b79018c6f,42b78ebd-17aa-4ddc-8442-4e4fb55a60c8,7943791.246365009,7943791.508853224,7943802.015576072,2814,200,0.26248821523040533,10.506722847931087,160
665e2d89-16e2-4be8-b0d5-e0a63aca9a4b,e232fd4f-1b09-4f75-9370-41eb0f33f527,7943793.246444008,7943793.502437355,7943802.0770433685,3016,200,0.255993346683681,8.5746060134843,224
6bf9c978-f91e-4924-b82a-1848ef6335fc,ec035cd5-4099-445f-80a6-d885e8148b75,7943793.246431457,7943793.473372117,7943802.728481784,2648,200,0.22694065980613232,9.255109667778015,448
d5f2b439-9079-4ac4-9b91-e84188869e04,754d16d3-ea57-4edc-91a1-c28db76c5ec2,7943793.246446966,7943793.735450092,7943802.8064537635,5763,200,0.48900312557816505,9.071003671735525,160
0379fa7e-b7c3-4488-b0a6-dd81d582e390,41d7460a-e0a1-4300-9f40-37670c541e0c,7943794.246104348,7943794.578271381,7943802.822912236,917,200,0.33216703217476606,8.244640855118632,288
56a32972-1dd9-4f55-8fd6-2b1e2c8eaf09,5c47871b-d8be-425a-92e0-3bc8f1070874,7943793.246452692,7943793.76268564,7943802.959260331,5737,200,0.5162329478189349,9.196574690751731,192
4ef4268f-42a3-459f-a5ae-f856e60c388b,06bd9fe0-2b10-467b-8ee7-3de10fda9474,7943794.246110599,7943794.78075607,7943802.967924531,6090,200,0.5346454717218876,8.187168460339308,176
e6ff7147-57f8-4ad3-a189-f92f611a9212,cebd319e-5a49-45d3-8581-90eea425cdba,7943795.246753099,7943795.440761715,7943803.013017851,1620,200,0.19400861579924822,7.572256135754287,160
0047a083-c846-41d8-b093-e232bf7a9e9d,19500c45-30d4-49de-bfa4-2268492645cd,7943792.246329454,7943792.596299971,7943803.026516189,4227,200,0.34997051768004894,10.430216217413545,160
d853dc18-a193-4501-8ee5-99f9c48156da,94392b0d-8f83-4e2b-80c5-1cb03c746275,7943794.246113423,7943794.562311804,7943803.056220149,3736,200,0.316198380663991,8.493908344767988,192
c159bec4-5d8a-4a04-a581-00f0e493816d,a3dab01f-d1d0-4917-85cd-54cb085d56db,7943792.246334594,7943792.65307386,7943803.06444877,774,200,0.40673926658928394,10.411374909803271,160
81a15cab-aa36-424b-9f0c-d039f3dc1fd1,20a3f730-0a4f-46a2-b2a5-1a67647b8fbe,7943795.246736002,7943795.768002378,7943803.188123404,5894,200,0.5212663756683469,7.420121026225388,192
d4f6b331-4abb-4feb-be06-b11b943f4de1,c1b75d15-4b27-406d-967a-f255a4effcdf,7943795.246747478,7943795.7587579265,7943803.490522443,5937,200,0.5120104486122727,7.731764516793191,176
b0976e05-0ec6-4861-8540-805c88eb906c,57ff1918-00a6-4f1f-abf1-71b1dec34e08,7943795.246744609,7943795.464706446,7943803.823679592,2082,200,0.21796183660626411,8.358973146416247,256
05ae8c39-fc65-49d5-b856-430580da5676,aa942eaa-fb40-4ee4-a6e1-593548ba0dbd,7943796.246919706,7943796.3695662655,7943803.976838858,5889,200,0.12264655902981758,7.607272592373192,5888
5912a525-5f0a-47ac-b81a-82d3d21ed5f6,2df7a811-23ae-45a7-8f94-32c9fac9f9be,7943795.24675656,7943795.704313045,7943803.974920647,5526,200,0.45755648519843817,8.270607601851225,192
ddc0dd1d-5391-47c0-a4f4-19d6ed652a15,68e71f54-23d1-4536-bcb8-b9ff5adfe35b,7943796.246928863,7943797.305648219,7943804.0235689785,5348,200,1.0587193556129932,6.717920759692788,224
41ed90bb-f83f-4779-b26f-f3a225dd3728,d2e35e05-d494-455b-8b64-3602cd992e55,7943796.246922957,7943796.885303169,7943804.1251956085,474,200,0.6383802117779851,7.23989243991673,176
00f15389-fbc1-4e69-9161-79f3bd8c6a33,0bd71f2d-8ff1-4b8b-a899-9b785a451bbb,7943793.246449995,7943793.423961585,7943804.977864404,1293,200,0.1775115905329585,11.55390281882137,16
68ff3494-9155-4ce3-b246-aaf8ddda0bb2,5342e1c8-a17c-4fb4-a32a-4e55385954d2,7943794.246088282,7943794.774969724,7943805.062121381,6012,200,0.5288814418017864,10.287151657044888,160
885a4e73-d01e-41c6-86b6-6f6dff087a72,f270da46-3409-4931-ac53-a9c00d956923,7943796.246900132,7943796.465776518,7943805.083820891,1806,200,0.21887638606131077,8.618044372648,160
58bde64c-2e5c-4f8e-8017-9f9964b45be8,7d83a754-194c-4131-be9f-21b4f40d2af1,7943796.246938736,7943796.885399997,7943805.101032132,5587,200,0.6384612610563636,8.215632135048509,192
11d09aab-1b27-4167-af9f-8d979d6b9000,11125870-5b26-45ea-8fba-47c68888a24c,7943795.246758719,7943795.939066847,7943805.200633753,2814,200,0.6923081278800964,9.261566906236112,224
6a3ddf03-594a-4185-8faa-6c7814335b58,41ebc82e-eb6d-418f-b73e-022fa300e998,7943793.246440754,7943793.760865147,7943805.267951931,5839,200,0.514424392953515,11.507086783647537,160
91565273-7388-4177-9e86-f5ae31db4682,21dbf6ef-22d2-46e3-ac48-9cb8657506d9,7943794.246107508,7943794.994616633,7943805.315032116,3260,200,0.7485091248527169,10.320415482856333,192
9ba8f0d9-31da-465b-bc7b-fe0d3ac7dcb9,bd2ab0e4-b415-4560-8ada-17cafd1ace98,7943796.246935562,7943796.844085644,7943805.6696315985,778,200,0.5971500817686319,8.82554595451802,176
6358c1cc-00ea-44d6-a71c-11975e30a878,7db776df-3838-4154-a574-531f0fd66b8c,7943797.246347046,7943797.734761996,7943805.744613909,5884,200,0.4884149497374892,8.00985191296786,160
6a7bcef4-322e-408a-bc21-80486cdd7d61,6bef9240-78a1-482c-96d2-a89c97ba970c,7943798.246495935,7943798.491294803,7943805.81625377,2780,200,0.24479886796325445,7.3249589670449495,288
cda96ba8-ec7c-4bc6-bd5e-109207383f37,d1aebabe-6add-434e-8599-d63b95b83ad3,7943795.246750298,7943795.557827147,7943805.869956307,2495,200,0.3110768487676978,10.312129160389304,224
27d272b9-62e4-4cef-9563-3c5233f5e24b,be87db14-1251-411b-a2d2-32b73d635bc4,7943798.246516478,7943798.564186787,7943806.089795273,2810,200,0.3176703089848161,7.5256084855645895,160
76c79dfa-4783-4434-b0df-b0cfb8b2a33e,13c19d21-f311-4a3a-97bb-1e152f24a81d,7943799.246409854,7943799.853053082,7943806.207672471,6869,200,0.6066432278603315,6.354619389399886,192
790e7e91-9798-4b22-91c3-5758b6d2cfa8,685903a0-52de-4b0b-84fa-de2407e87d00,7943798.246503044,7943798.832922721,7943806.243477468,1308,200,0.586419677361846,7.410554747097194,192
397759ba-5eaa-4aa1-9253-92caba27b846,085ced3c-c3cf-4b60-bf50-665ed52a072d,7943796.246931866,7943796.795823287,7943806.351348905,930,200,0.5488914214074612,9.555525617673993,288
888c81a4-247c-4277-96f3-f4786df37d77,881cd439-cd62-4d96-be83-b9b80c159776,7943798.246458849,7943798.41756131,7943806.419069581,1240,200,0.17110246140509844,8.001508270390332,176
cef5e33c-e760-490c-aecc-a6ed38ad8829,cf4fae3f-b581-4c59-9fef-3738c46b3c2b,7943800.246288805,7943800.617513862,7943806.795657909,2054,200,0.37122505716979504,6.178144046105444,160
5f440d70-7a6d-498c-b260-68511d77888b,c4d3dc38-186d-40b5-b82e-511fcca85150,7943796.246916634,7943796.53770257,7943807.225276417,2973,200,0.2907859357073903,10.687573847360909,192
67910c74-9afb-4dfa-881d-1c97617e9707,31a18d24-4d97-46f5-88d7-b218f1a9d035,7943799.246412472,7943800.056647591,7943807.860426664,2366,200,0.8102351194247603,7.803779073059559,160
2cddfd19-97d3-4d5a-b7b4-06e8e3086aed,14141ec7-cddf-437f-8727-cf3bc4ae468c,7943796.246925531,7943796.577532098,7943808.022031043,721,200,0.33060656674206257,11.44449894502759,176
0a538990-6c9f-48aa-b02b-cf35f6603ab7,dd24355c-c6d1-461a-b504-e7f6f058e87e,7943800.246284726,7943800.636328593,7943808.101232074,4203,200,0.3900438668206334,7.4649034813046455,224
c047eb47-7d04-4acb-8822-1004b77bf4f7,c0dbd0bd-4010-4779-815e-795e06cc171a,7943797.24635586,7943797.660199344,7943808.123999102,4981,200,0.413843484595418,10.463799757882953,192
83d6ee1a-f08a-42ac-bfb9-2f7b0faf072f,b41865ca-d2ff-4e84-9d9e-aa057435693c,7943799.246403791,7943799.424938719,7943808.186249006,456,200,0.178534927777946,8.761310286819935,176
01872a9c-913b-425a-af34-34c714477391,b3f909ce-018e-4430-b0f6-b0dfbcd17eb4,7943799.246415714,7943800.370256869,7943808.228296542,5553,200,1.123841155320406,7.858039672486484,176
74f71f64-2568-4615-bc17-d6b534b0262f,b4527815-5a94-4cdd-8d25-4cd8b6f2f33f,7943800.246281351,7943800.687182763,7943808.251370045,2387,200,0.4409014116972685,7.564187282696366,0
61d15b77-3660-4e73-8d17-c4cf9111b1cf,4d91675e-bed6-4756-af92-49701ac0572f,7943798.246505742,7943798.75058252,7943808.284934425,5902,200,0.5040767779573798,9.53435190487653,176
e3f4c614-eaf2-472c-a0f7-e4317154e34b,3576d3c5-71c8-4aa8-bb01-7f961dd7500d,7943799.246394613,7943799.833757052,7943809.085370507,6389,200,0.5873624393716455,9.251613454893231,192
77bef562-c01b-4880-82e6-61ef693cf0bc,32087621-eee3-413a-95d8-81b2a9d41e00,7943798.246499944,7943798.437112585,7943809.090076862,1911,200,0.19061264116317034,10.65296427719295,192
c85a2255-59e5-49a3-9b7f-6fcd012673ed,cc69a023-c1c3-4dcc-9d6f-d347a10e1419,7943798.246513541,7943798.728293827,7943809.236628722,4200,200,0.4817802859470248,10.508334895595908,176
be0d8a6a-1020-4534-90e7-17d5d43b73d5,b0d890a5-dc11-452e-9cd3-7dba2c64d275,7943800.246276949,7943800.444416734,7943809.930723038,1991,200,0.1981397857889533,9.486306303180754,192
9c751298-24df-4599-8893-c75fe77e8452,781fb1b7-73b5-4d50-94c8-ef9b92132ba5,7943800.246259408,7943800.839200616,7943809.944805065,5135,200,0.5929412078112364,9.105604449287057,192
ee9423ed-d9ff-4eea-a469-ed057eafe7d5,8aa6063f-9cd1-4748-bc9a-78c44fd7370a,7943798.246509095,7943798.437465716,7943810.696714378,1722,200,0.19095662143081427,12.25924866180867,288
bbeca123-afd1-441c-9b15-b10f1d0c0ea3,64d360e4-7905-43d3-8873-c6d7e150a922,7943799.246418646,7943799.959269026,7943810.825693494,2849,200,0.7128503806889057,10.866424467414618,192
b0c6eae2-8558-4fc6-bfa4-e4c48b23d9bb,5b395a28-37db-4f2f-9699-dc343bce8a3b,7943801.246385498,7943801.392426647,7943810.84863119,1284,200,0.14604114927351475,9.456204542890191,176
a7a31971-dbfc-4061-8b07-e0108e4f99af,cd915048-11fd-46b6-9dd8-c6d53337db9a,7943802.246341422,7943802.342740228,7943810.905336655,570,200,0.09639880619943142,8.562596426345408,16
332945d8-f521-437d-87b0-af5c25ff40f3,f4aff892-842b-4e98-af4c-cfd1deacf96e,7943799.246406931,7943800.032807811,7943811.01351799,2208,200,0.7864008797332644,10.980710178613663,288
f66aa585-ce26-4d81-937f-82d62d8db200,f271ebe9-b215-4499-a991-8ff24c4302bb,7943801.246396474,7943801.535217832,7943811.1535623595,3087,200,0.28882135823369026,9.618344527669251,176
ce615801-ba28-4f2e-af3c-bbf1b56e1f9f,977ac36b-bb7b-4aac-bf3e-938831af0d6d,7943803.246376146,7943803.758696633,7943811.204498262,5831,200,0.5123204877600074,7.445801628753543,256
18e42316-70ae-42da-8179-2a01a437c347,41705093-4c8c-4a90-99d2-ad3181aceb70,7943800.246291832,7943800.83675525,7943811.253851537,5701,200,0.5904634175822139,10.4170962870121,192
31b4293a-ab6a-451a-bf58-b9fdc661b524,d3954709-3e90-4162-b807-366fedb25f30,7943803.246382492,7943803.488331199,7943811.579234614,2545,200,0.24194870702922344,8.090903415344656,288
03024117-41a8-43d7-bf8a-a9e558feb5d4,c8b7ff65-cf0d-44ff-991e-2b8fd4458b22,7943800.246271945,7943800.698465868,7943811.760263744,4790,200,0.4521939232945442,11.061797875910997,176
a4aad5ec-21db-4738-85f7-21fdb6809cea,afb63b1a-ee8d-4572-842f-11c17ca1ffae,7943803.246363544,7943803.501511645,7943811.869946047,2342,200,0.2551481006667018,8.368434402160347,192
e0e54aec-9e40-4c2e-88ed-d58572c62210,6ccb2fd4-21c1-492d-9d64-56223fb86062,7943800.246300725,7943801.222299978,7943811.945478015,5992,200,0.9759992528706789,10.723178036510944,160
8e5361d3-65f5-4557-9854-5fb0cb5231a4,27b28b59-8639-4edb-98d5-099555d9b2a6,7943801.246399778,7943801.427511311,7943812.540116253,1931,200,0.18111153319478035,11.112604942172766,192
b34a3a1c-ffc9-40f9-a751-7a8818849900,861e29f7-4713-4676-b1bc-a4d3d62f4ef2,7943804.24707604,7943804.523972763,7943812.8949106345,2735,200,0.27689672261476517,8.370937871746719,256
663ab611-f80d-4006-802c-78bf3fa4a3c2,27e00e2e-21f7-46b8-8008-d0a46fedbeee,7943805.247024243,7943805.67230836,7943812.961714509,739,200,0.42528411746025085,7.289406148716807,288
1b207a65-4163-4ecf-9356-a7da12d66470,00c5fb90-bb72-417a-8dfe-2ccb6c1cacd4,7943804.247087623,7943804.770238977,7943813.28099414,5773,200,0.5231513539329171,8.51075516268611,192
9cc6cad7-6a64-4756-b6ba-f8fe12ab0745,6be13090-1fa6-466d-b960-d0765f22b5e4,7943805.247037322,7943805.768952786,7943814.116383563,5940,200,0.5219154637306929,8.347430776804686,160
19f626ce-6e69-488a-86fa-b44f836dedb4,8201882b-3c83-4a5b-b140-7a5572375d5a,7943803.246385905,7943804.067395968,7943814.231103302,3999,200,0.8210100634023547,10.163707333616912,160
4578bea5-dcd1-441f-a576-f1f8159721ab,c47b88bc-8337-4fcb-bb63-b8c147f8261e,7943804.247099179,7943804.762807227,7943814.322506738,5828,200,0.5157080478966236,9.559699511155486,192
01b78ab4-c956-466f-992e-1aa6c40dcde5,06bd9fe0-2b10-467b-8ee7-3de10fda9474,7943806.246482196,7943807.22048711,7943814.969515918,6033,200,0.9740049140527844,7.749028807505965,176
fb3a0bf2-bbba-4e48-a498-702a4ef5aeb4,16ee1f98-70d1-4f25-b592-1d867d4d1193,7943803.246389254,7943804.072063472,7943814.981127529,4741,200,0.8256742181256413,10.909064057283103,176
7e5afb9d-f3ed-463d-9cfd-39131ac7d2d9,0510668b-2e39-4521-abbf-68606b666ffd,7943807.247039962,7943807.764492816,7943815.015378405,2812,200,0.5174528546631336,7.250885589048266,192
d5f047c1-9545-4ede-90b0-ae4cebddd55e,be47ec66-79ab-4aa4-bbaf-d9fef785d9a0,7943807.247045194,7943807.451911392,7943815.056369102,1147,200,0.20486619789153337,7.604457709938288,160
f8b94e11-f824-4a35-82d8-d90bb05fe7b8,ec035cd5-4099-445f-80a6-d885e8148b75,7943804.247095895,7943805.002705448,7943815.063503107,2686,200,0.7556095533072948,10.060797658748925,288
23e00414-1a07-4313-80f3-8a0c60f30ddc,bbcf2ca1-a472-4c7f-9404-4430eb3e7e19,7943806.246460314,7943806.497702413,7943815.262769073,1534,200,0.2512420993298292,8.765066660009325,160
ca98080a-cbdd-4192-9214-982828b453c8,113c9921-afda-4fc9-98dd-836eefa608b3,7943804.247103213,7943804.600689034,7943815.32007751,3320,200,0.3535858206450939,10.719388475641608,176
6cec367b-48c2-4a79-8b83-a655040d122c,0936669e-5c64-4f1d-ada6-04ce9a565d14,7943805.247054013,7943805.582932334,7943815.892998856,2599,200,0.3358783209696412,10.310066521167755,16
ce351c11-b5a4-446e-ad8a-cef2967ecc1c,57ff1918-00a6-4f1f-abf1-71b1dec34e08,7943808.246170963,7943808.46518344,7943815.907243175,2134,200,0.21901247650384903,7.442059735767543,256
3cef0433-7c37-41f3-9b86-bfe3d8c52503,e4dc0ced-f82e-4bf7-a8a7-2b3c0cd1ba02,7943808.246174182,7943808.414331879,7943815.9634872,1510,200,0.168157696723938,7.549155321903527,176
8b30a9cd-0f46-4cf9-a93f-94713d59c7ae,231beffe-da58-4516-af27-1182589624ee,7943805.247045222,7943805.870251214,7943816.006191431,5811,200,0.6232059923931956,10.135940216481686,192
7681c752-ba32-497b-b455-46d1acd4007f,89984c0f-ab73-4aa4-b3b8-e96bb2c0c5b1,7943805.247048332,7943805.646113335,7943816.191451154,3391,200,0.3990650027990341,10.545337818562984,160
70a3d7fc-0290-4641-b5b4-f0fb1e7e3ae8,ebb1bf48-399a-4ba9-b547-c624bdb481ef,7943805.247051214,7943806.157101903,7943816.62378129,5728,200,0.9100506892427802,10.466679386794567,192
c6908066-b0d9-45b9-9f60-a3f5b919c192,4769ae9f-49de-48d9-86da-df8b89379ef9,7943803.246379762,7943803.657455154,7943816.692789204,3641,200,0.4110753918066621,13.035334050655365,160
8a705ec3-e6b1-4a41-ab10-977ede9b729d,4df870a1-f984-48dc-93fb-96ee01475d6f,7943806.246478672,7943807.137755592,7943816.82380672,4656,200,0.8912769202142954,9.686051127500832,192
250d7d59-f64f-4b02-b844-1f0dc19f7703,c7982c70-c5d4-4b9d-9f05-ceacbb6c0ad6,7943806.246473423,7943807.018414297,7943816.841401403,2039,200,0.7719408739358187,9.822987105697393,192
e6880421-abba-4ec5-a093-82d0baf764c7,bd8eeb28-8ddb-4e89-a649-ed73109fdad4,7943807.247042689,7943807.84522619,7943816.99265751,5772,200,0.5981835015118122,9.147431319579482,160
81c4f570-e7e8-47ee-ab79-92cf6624306e,b65fe60e-4835-4a42-9562-b7704e085306,7943809.246702311,7943810.095066485,7943817.0299629215,4033,200,0.8483641743659973,6.934896436519921,176
cb88d567-3629-431f-980a-d38b251deba1,04b0e516-69f4-450c-9856-35e89097255e,7943808.246176524,7943808.864919923,7943817.205649298,5844,200,0.6187433991581202,8.340729374438524,176
f51f5bd8-6379-4835-838b-83ba8ab75dc9,f20a741c-0fb3-4811-91f0-bee136177ca3,7943806.246470578,7943807.384550149,7943817.210473681,5651,200,1.138079570606351,9.825923532247543,224
2f0d745d-8f17-4624-9cb4-d0141b31d180,1d7c5bcf-74ff-44f5-a7c0-50054157f41a,7943806.246476276,7943807.392890675,7943817.212544938,5990,200,1.1464143991470337,9.819654262624681,176
4c72a0cf-08b3-47e0-a2c5-893d9744f424,9d906d38-5a40-402b-9306-6739e6010f19,7943807.247024427,7943807.848519215,7943817.238858787,509,200,0.6014947881922126,9.390339571982622,192
746c751e-ba96-4706-a20f-0e1860d7ff29,dc042378-78ad-458d-b1a6-44be64014146,7943807.247036192,7943807.877326289,7943817.245220919,1033,200,0.6302900975570083,9.367894629947841,160
77288855-ea19-4808-9f9d-9daa221295ae,c13d9418-24a3-4ed3-8a2f-34e200890302,7943809.246704698,7943809.575748246,7943817.899560405,934,200,0.32904354855418205,8.32381215877831,224
55176649-83ed-4ff4-a5a5-8d52eb703867,320cf5f0-a5c1-49b5-91a9-a20c3778432b,7943804.247092759,7943804.787299962,7943818.093857598,5811,200,0.5402072025462985,13.306557635776699,160
e83a3c2e-5594-4a3c-8c48-acf25ca054f0,6f4a7340-4bd4-446a-8cc1-2367016ee48c,7943805.247041558,7943806.031078076,7943818.150164375,5791,200,0.7840365180745721,12.119086299091578,192
5bfa2d9f-6ce8-41ad-b9b9-898494b81206,1d752596-f454-4264-b645-3b61ae3e70bc,7943808.246162239,7943808.744727135,7943818.237089657,5745,200,0.4985648952424526,9.492362522520125,192
b90fdca0-1e7e-45a1-b69d-edbff3a17299,d2e35e05-d494-455b-8b64-3602cd992e55,7943811.246914424,7943811.357602521,7943818.288474559,474,200,0.11068809684365988,6.9308720380067825,176
4ed2dc29-6194-433e-b9a6-84fb8f6033ef,b4c5b65e-b0b2-4149-a9a2-a49a11473845,7943809.246688465,7943809.734333157,7943818.497316422,5651,200,0.4876446919515729,8.762983265332878,176
0dc471bf-55ed-48e7-8208-0840cda85108,109911a5-9e24-4bdc-95c0-fd2a56571c91,7943810.246312881,7943810.8568073725,7943818.608722628,5897,200,0.6104944916442037,7.751915255561471,176
42c65464-8a1e-4cc4-87d4-377062308aa7,f2c8fa8a-6fa2-439d-8757-8199060b169a,7943810.24639682,7943810.669934638,7943818.719434657,4700,200,0.42353781778365374,8.049500019289553,176
88b8faf0-fc5e-4a9c-9517-1338d011154e,70e7939a-901f-448b-86db-5ca1cf795b25,7943810.246391728,7943810.7466056,7943818.983533693,5885,200,0.500213872641325,8.236928092315793,192
2c5a29e2-49ad-493d-86f3-0246a21d3b4e,d2d5bd84-b3bd-4a48-8157-0a1a9475ba55,7943809.246695931,7943809.929304678,7943819.011603426,2405,200,0.6826087469235063,9.082298748195171,160
91831e41-9949-40e4-92c5-206180763b26,12660cf2-26fe-4c78-a8b3-e603c06b965a,7943806.246467338,7943807.30852108,7943819.02554891,5778,200,1.0620537418872118,11.717027829959989,160
2df814b6-b53e-4a83-847d-d7c8d954b416,cb5f3703-6da0-4120-9adb-188860ebbdd5,7943811.246918376,7943811.458536128,7943819.05693181,2132,200,0.21161775197833776,7.598395682871342,192
1e911905-ed4b-4044-b50d-ac88e602a5d2,240c36b4-8f22-4cfd-bfbb-90147dc774e6,7943809.246699468,7943809.758279894,7943819.083280786,5979,200,0.5115804253146052,9.325000892393291,176
7d55847f-56b5-417a-944d-548cdb509d49,26f6e7fb-05d7-47ec-9c49-43b5ac7aed02,7943811.246928018,7943811.675211453,7943819.224002096,3642,200,0.428283435292542,7.548790642991662,176
6bf7f663-c2f7-432c-bebc-194139f675d2,1628d450-3fc3-4b73-9923-fce01e9f48ee,7943811.246925062,7943811.55676124,7943819.708259501,3495,200,0.30983617808669806,8.151498260907829,192
5fb45b2a-2657-4ce5-8a76-eacaefe0c3d3,aeb913ad-d459-4fbd-906a-cf6ac2bb3fd1,7943810.246404905,7943810.870787962,7943819.779070092,5661,200,0.6243830574676394,8.908282130025327,224
ee0586fb-d7c9-4c1e-82b6-7d17366499fd,fb6d507d-694c-4402-9d45-f0e30b2ce003,7943811.246828798,7943811.440403101,7943819.804049825,1575,200,0.19357430282980204,8.363646724261343,192
8cc28ef1-e0df-4a2a-8319-882eeaa1ec28,7d9a3919-67da-44b2-b824-fb9926b6da15,7943812.246390408,7943812.696477428,7943819.87031049,4624,200,0.45008702017366886,7.173833061940968,224
3a4854bf-5841-49d5-a219-3a1c513f6858,8b3b7df3-f53b-4397-b9ae-1bd08411c732,7943810.246400492,7943810.978711709,7943820.093375608,5758,200,0.7323112171143293,9.114663898944855,176
b402e22c-b9cc-47da-a398-3e9ba63d7ece,e4e8f086-4b5a-4d8b-b272-2700f2ab0698,7943811.246892277,7943811.759971846,7943820.164036579,5837,200,0.5130795687437057,8.404064733535051,224
83dda16c-b54e-4b0e-bb0f-c097a5f5d966,ec1c5ea7-b4c6-4a5d-b57d-9ddcfc5712bc,7943812.246378205,7943812.746455319,7943820.26510833,5948,200,0.5000771144405007,7.5186530109494925,176
80ece800-6172-4363-be08-23211731ad19,210df3c6-51ac-493b-bbda-636788eacdb7,7943813.246292893,7943813.911355807,7943821.074534998,3031,200,0.6650629146024585,7.163179190829396,224
e64ce216-a877-4cb8-bf07-86c8d3239d34,6fb86cb0-b646-4ecd-8730-d6ed365d30a3,7943813.246302805,7943813.751376391,7943821.109720773,5871,200,0.5050735864788294,7.358344381675124,160
cac7a263-2bf6-434a-a23e-c541ab2a1d1c,0bd71f2d-8ff1-4b8b-a899-9b785a451bbb,7943811.24691014,7943811.40331959,7943821.143625458,1336,200,0.15640944987535477,9.74030586797744,288
ac91283f-b267-4ff7-8d59-a247ae9d53a5,50844e5e-9277-49cc-b561-36669f0ad23e,7943812.246386859,7943812.541673932,7943822.353537454,3495,200,0.2952870735898614,9.811863522045314,192
2f69fa56-7423-42bf-9b5f-c801d2e98a3a,3357a07f-5bdc-45f0-8791-aeac036a93b7,7943815.246481407,7943815.439830903,7943822.549580551,1564,200,0.19334949553012848,7.109749647788703,176
1c823d51-3eb8-45fb-9d86-6910cef8cf43,4890f004-8473-4e87-ad72-f47223ed1312,7943815.246477094,7943815.609253085,7943822.637396627,3707,200,0.36277599167078733,7.0281435418874025,192
444188cf-2840-4673-83c1-813141e7bf52,c0b7d39b-a900-41e1-ab87-0dae194f0135,7943814.246551558,7943814.572430348,7943822.9195690295,3571,200,0.32587878964841366,8.347138681448996,192
46668ee4-f53c-4da5-9a1f-c95a7b26b835,48025e73-e03f-47a3-89fc-cb934ceacb18,7943812.246393253,7943812.604617792,7943823.178312941,4028,200,0.35822453908622265,10.57369514927268,192
171e578b-f979-4b61-aca6-f597d2ca3281,dcc8b99b-cc01-4910-9253-2bf89c553910,7943813.246308576,7943813.418046417,7943823.217037531,1609,200,0.17173784039914608,9.798991113901138,176
24f20220-1afc-4465-bbc3-79d05c1bcb60,8ecf5eb7-d68c-4a1a-9734-eaf9544cf0f8,7943815.24650032,7943815.772359178,7943823.223927153,5947,200,0.5258588586002588,7.451567974872887,160
94636dd9-bc0e-4af7-ba30-a6b1908b8c5c,53775c11-23d0-4c0f-9a63-56b35a9ba870,7943810.246370285,7943810.773290492,7943823.694278719,5694,200,0.5269202068448067,12.920988227240741,176
7f13c231-f215-4c20-be5a-2263cdd7e4cd,57bce021-31a9-4e18-abb7-e343db79493f,7943815.246441647,7943815.767957274,7943823.824311048,5957,200,0.5215156264603138,8.056353773921728,224
8544012a-25a2-49e1-86e6-ac6febf6ec20,f5eff546-183e-4cec-8960-21f5d535335a,7943814.246559537,7943814.7387334015,7943824.0160615295,5992,200,0.49217386450618505,9.277328127995133,176
17e46eda-cc51-4237-8703-44b2fc30c077,ec035cd5-4099-445f-80a6-d885e8148b75,7943817.247063638,7943817.732159431,7943824.036777138,2686,200,0.48509579338133335,6.304617706686258,288
05e62106-70a4-4cf5-bdae-b870f412cb51,905b7b66-f9e8-4004-b125-fe3a30572297,7943817.247060691,7943817.514084486,7943824.113127347,2593,200,0.26702379528433084,6.599042860791087,160
4cda623d-3f79-4d6e-be95-c877fe61036a,623901f7-e6f9-48bd-828b-b5728990d3b2,7943816.246764764,7943816.536122707,7943824.207909463,2570,200,0.2893579425290227,7.671786756254733,192
3de2a345-4108-48df-941a-66eae6d85a32,33ea6c12-64ad-418c-9fdf-8678e88b1bad,7943811.246921364,7943812.151931162,7943824.262728315,5990,200,0.9050097977742553,12.110797152854502,160
a8e3947a-4d7f-4a71-a134-4d135735ad7e,25764557-8d50-4bc3-8d58-ccb7ee44ac5a,7943813.246305743,7943813.9339124495,7943824.779754031,2352,200,0.6876067062839866,10.8458415819332,224
ccb26109-1219-468c-bbae-97d6d35213cd,e9cfb301-71d8-484a-8756-4676879b5e86,7943815.246508573,7943815.813772701,7943824.979798163,5796,200,0.5672641275450587,9.166025462560356,176
b229567d-61af-427f-a544-2d6adbf88a02,ddf859b5-dde2-43b4-ac73-c5baf651f446,7943816.246772913,7943816.404383357,7943825.193489129,1729,200,0.15761044342070818,8.789105772040784,224
76f1212c-2c70-4b33-90ea-f99f6d62c89c,af58fe18-5abf-4a30-a78b-73561c06d4f2,7943815.246484251,7943815.51391337,7943825.366621892,2428,200,0.26742911897599697,9.852708522230387,288
15aca194-b44d-4d9d-897f-e1c1eeaf9259,cd915048-11fd-46b6-9dd8-c6d53337db9a,7943818.246461892,7943818.35444138,7943825.393502874,631,200,0.10797948855906725,7.039061494171619,288
4fdeaae3-1eba-4b7f-bc1d-9d8e0b700ba5,0b745e6f-d44a-48f9-a807-a21f2458356f,7943817.247068955,7943817.831192914,7943826.191340027,6008,200,0.5841239597648382,8.360147112980485,160
d621e9f4-f340-441d-9647-e4e3c134edfc,825675cb-f150-435a-a754-aa57988c056f,7943817.247071674,7943817.827430198,7943826.689179061,5889,200,0.5803585238754749,8.861748863011599,176
1cc6f6a9-8fa0-4110-9ecb-58894a84f7dd,f4aff892-842b-4e98-af4c-cfd1deacf96e,7943818.246484041,7943818.784772781,7943826.874681115,2203,200,0.5382887395098805,8.089908334426582,288
30070b92-c647-41bd-b8d2-c33a39a9e007,e99f0ad9-ca51-4ebc-8462-fe9ebb8c761e,7943815.24649187,7943815.411792271,7943826.969798885,1039,200,0.16530040092766285,11.55800661444664,176
c5fc5f2c-5c78-4eb5-baf3-3dc513f58cb8,dced35a2-1f71-49ea-a75d-eee733b63868,7943818.246479978,7943818.822978679,7943827.285847784,5784,200,0.5764987012371421,8.462869104929268,160
14b56eef-603a-4ef4-a195-15cf48f56c27,6ec635c0-f7da-4c2c-a7f4-be19d54eedfb,7943815.246496203,7943816.100912082,7943827.51679664,5018,200,0.8544158786535263,11.41588455811143,192
913cd96d-e866-4b7f-893c-cd7756b14ba5,e0cfc694-73d4-4603-9a29-1bdf768266fa,7943819.247031047,7943819.553377932,7943827.594681942,1822,200,0.3063468849286437,8.041304009966552,160
a84e139b-d14d-4945-87d7-6e326d490fbe,b1d48415-2679-4cdf-930c-839699995501,7943819.247043504,7943819.664116903,7943828.067824534,3288,200,0.41707339882850647,8.403707630932331,176
52711416-b8c6-47a1-b60b-c268fbbf58a3,03660c29-973b-47cf-a282-e5f41700788c,7943819.247040666,7943819.908796197,7943828.17229035,6184,200,0.6617555310949683,8.263494153507054,192
74db79ef-2259-4a89-945f-c8f21e417d99,c56b9229-6877-464d-915f-96351da897ef,7943817.247066322,7943817.70925052,7943828.232694086,4707,200,0.46218419820070267,10.523443565703928,224
1df2b52c-c12b-4a9c-8979-13492fe42a4c,30148b5c-2b5e-4684-bbba-6e466a5a8f02,7943818.24647716,7943818.575915384,7943828.617643723,3502,200,0.3294382244348526,10.041728339157999,224
fb072181-0442-4c11-b15e-45a46f1746fb,35c9b5dc-29e8-498f-9ad8-87fe22f17021,7943817.247044976,7943817.827962066,7943828.970282168,2257,200,0.580917090177536,11.142320102080703,176
237cbb70-4952-414b-9728-c7603c9c421b,77c5fe55-dea3-47e3-9fa4-17d19b193453,7943820.24635718,7943820.769259118,7943829.05081382,5863,200,0.5229019373655319,8.281554702669382,192
84e7c744-b44f-45b2-a53a-a020c22c5ebb,dc8da506-377a-47db-b74b-fa65c921225f,7943818.24647332,7943818.751708981,7943829.212413656,6025,200,0.5052356608211994,10.460704674944282,192
586f8908-807b-4316-944c-85e9328ef6b3,11125870-5b26-45ea-8fba-47c68888a24c,7943820.246376966,7943820.534375604,7943829.22306983,2952,200,0.28799863811582327,8.688694225624204,224
f7269085-46e0-4b07-8217-a5114f9fb6bc,9b9edbc7-220b-4ac4-815e-b9209e973b09,7943820.246380401,7943820.653405615,7943829.593229861,4430,200,0.40702521428465843,8.939824245870113,192
c5105080-0390-4f90-9826-a9db780b2ee9,07664316-d6e1-41da-94de-93685a509c09,7943819.247022203,7943819.872055567,7943829.729495089,5893,200,0.625033363699913,9.857439521700144,192
601c9ce2-2aa3-416d-8e80-6b9c7c85835c,353806f6-670c-40e6-972c-678e8c5266b7,7943820.246383491,7943821.385422077,7943830.2911225185,4107,200,1.1390385860577226,8.90570044144988,176
6b347510-5626-4ee2-8db0-b8618d931a5f,6aa47392-d059-41e1-b0df-daff049d420c,7943823.246843303,7943823.776520822,7943830.618208308,6088,200,0.5296775195747614,6.841687485575676,176
f9aaa0b9-cbe4-42ff-a7e2-a9affc99529e,1df59d7e-3949-4771-9ddc-e9beefe99db9,7943821.246379684,7943821.414316883,7943830.841560601,1849,200,0.16793719958513975,9.427243717946112,192
07bfbd90-c381-48c1-96dd-c17fe948bd39,f7ee062d-4842-49dc-93fa-f6db64295351,7943819.247037505,7943820.170052908,7943831.201537167,5963,200,0.9230154035612941,11.03148425836116,176
cfe8ee50-6033-4bc6-b33c-b0028b911dd9,161005e4-9356-4adc-9089-3e438b2ab322,7943820.246387356,7943821.351491049,7943831.234377253,5783,200,1.10510369297117,9.882886203937232,176
143ac20b-4710-4650-8147-33122db82512,d63cb699-0e5b-4352-80c6-4c8a1661e7d1,7943820.246390582,7943821.061882806,7943831.276632943,3030,200,0.8154922239482403,10.21475013718009,192
f347581a-4014-40c4-87a2-3bee557b924d,245b7a91-93c8-47b9-8809-04cba8eebd79,7943820.246368313,7943820.7809137795,7943831.500375298,5829,200,0.5345454663038254,10.719461518339813,192
4f993d5c-9f8e-4a48-b86f-9b45120f2c1b,6a06774c-a655-4c0f-9a71-d2ddd55097d6,7943822.246295236,7943822.299710213,7943831.622342765,358,200,0.05341497715562582,9.32263255212456,160
78cda356-fbde-46f7-90e6-8eed82594ef6,795cc20d-671d-410c-bce2-c55dbac8dc37,7943821.246365086,7943821.733650392,7943831.629587373,5941,200,0.4872853057458997,9.895936980843544,192
151c8fe2-67a4-4565-83b0-03e966d1fcc5,461b8a8a-fc1a-4527-a296-04cb42ef41e8,7943825.246775055,7943825.652454184,7943831.799294992,3238,200,0.4056791290640831,6.146840807981789,224
050a4573-8630-4009-8fc0-dd92522ebcd9,c0e3d991-e188-4f78-8b8e-5dd01a6f8850,7943826.246228908,7943826.475205947,7943832.14206806,2546,200,0.22897703852504492,5.666862113401294,256
403942ff-01cc-481c-a46b-7670f1ca7d99,50a6fd55-dd24-4441-9105-8785b6a488a7,7943823.246853395,7943823.412918986,7943832.156396749,1588,200,0.16606559045612812,8.743477763608098,224
c2530552-47c3-4e68-8c5b-239adb7b4d61,0a424db1-d8ea-438e-b44d-65ffe2623299,7943819.247034545,7943819.966556457,7943832.28856956,5789,200,0.7195219118148088,12.322013103403151,160
862f3fb4-e160-46e6-96c8-5ff839db0f5b,45ac5512-7ff4-4619-88d8-49c256d2e88b,7943823.246856682,7943823.7667501895,7943833.015835881,5828,200,0.5198935074731708,9.2490856917575,192
af7cde8d-66ca-4401-8457-901f179c5322,471160fa-a8fe-4f94-b069-9a59621350cb,7943820.246372222,7943820.789034045,7943833.051634294,5962,200,0.5426618233323097,12.262600248679519,160
08fc0732-10f5-4860-96ca-0c844a65e1c7,e74245db-a56d-47ca-9c2a-8e63314d403e,7943824.246204497,7943824.531564318,7943833.194133266,2873,200,0.2853598203510046,8.662568948231637,160
48cf6a60-68cb-4b14-969a-06e983f1b2b7,a59afcff-3049-48a3-b277-5a727d2c27e6,7943821.24637626,7943821.528944039,7943833.219453337,3236,200,0.28256777860224247,11.690509297885,192
2dd3b2d2-53ed-461e-bc18-8355cd7199a2,f4aff892-842b-4e98-af4c-cfd1deacf96e,7943824.246221629,7943824.46511515,7943833.313391399,2213,200,0.21889352146536112,8.848276248201728,288
a2da5cac-8526-4499-85ec-9ed4d3169ff3,934886bb-967b-466f-ae2a-130630c0b4d5,7943827.247078136,7943827.385542295,7943833.631995459,588,200,0.13846415933221579,6.2464531641453505,192
b4f96a09-3897-4875-94d9-0b0e5d9ccbd1,e252c7b2-268a-46f8-9aef-034d91473c0c,7943824.246225508,7943824.7466654,7943833.785553618,5997,200,0.5004398925229907,9.038888217881322,160
4be98c53-4d50-42ec-9e68-889e561d7b6d,a97b3419-50d1-4d99-ba18-6269343a8188,7943824.246228982,7943824.777297837,7943833.84453006,3593,200,0.5310688549652696,9.06723222322762,160
b79f35f1-cced-4387-861e-d63b7a90bdd5,7d83a754-194c-4131-be9f-21b4f40d2af1,7943825.246785746,7943825.862033371,7943834.0908117425,5564,200,0.615247624926269,8.228778371587396,192
9b1f6266-d357-4abe-9ce1-a0bcf707ddb6,53331c8b-4eec-428f-89e8-96e8338db919,7943825.246790268,7943825.872645007,7943834.092438602,5815,200,0.6258547389879823,8.219793594442308,160
33a4a6d9-3fad-4a79-b04a-6c919a85f097,5e34dc58-8d28-4946-b67f-f69a67bb089a,7943824.246232779,7943825.16878339,7943834.1204655785,5812,200,0.9225506111979485,8.951682188548148,160
888624fc-b576-4049-8708-4fe1a9e8c796,ce509adb-84cd-4828-852b-e10802b976ce,7943826.246245094,7943826.369989605,7943834.135183645,595,200,0.12374451104551554,7.765194040723145,224
69a9daf8-9b9b-4a47-8903-cfc7965d843a,a7fe60ad-86de-4de6-a1b1-c7f1fc1cb0c0,7943828.247195631,7943828.972852023,7943834.602682441,3401,200,0.7256563920527697,5.629830417223275,176
5d35f582-f2b1-4ced-a8ec-6aae2a6c566e,e7ddf100-0645-4d83-9de1-cdfd98d12da1,7943825.246793579,7943825.7275746595,7943834.697406341,3589,200,0.4807810802012682,8.96983168181032,176
a041e4f8-d0b6-459a-b4f1-c85ff75d84ee,0f386fc6-2621-495e-924c-56970457578f,7943826.246250337,7943826.751279684,7943834.7470262395,5906,200,0.50502934679389,7.995746555738151,192
497822cb-8a9e-4bb1-ba9e-fb99b9d43b4a,151f5f76-882e-418a-9422-f04915156328,7943825.246797972,7943825.460302067,7943834.862722107,359,200,0.2135040946304798,9.402420040220022,192
1d6c3816-4d7a-467f-bc17-523dc8d672a6,c1b75d15-4b27-406d-967a-f255a4effcdf,7943825.246801584,7943825.9878705125,7943834.865251034,5937,200,0.7410689285025001,8.877380521036685,176
1e907f90-7ebb-4c81-b0c6-2fa0336b2402,170812a6-cb38-4169-bec1-bbe2e86c6001,7943829.246179278,7943829.4232271705,7943834.898678356,1565,200,0.17704789247363806,5.4754511853680015,256
25c947f0-0f24-46c1-a003-f702aabc7f5b,ceb63c9d-93ca-445d-9e1d-fe8b5b88d14c,7943826.246241487,7943826.889009837,7943834.935595774,5869,200,0.6427683504298329,8.046585937030613,224
d2c99bd1-b6b3-4fac-bbb5-ff9750ed71cc,e8a795ee-9f90-4976-894b-7318b1215e72,7943827.247075369,7943828.1823488735,7943835.092427735,5639,200,0.9352735048159957,6.910078861750662,160
78129f6c-265a-4532-b800-f028431a6021,fba72a56-cd36-4731-8af1-a04f79c5aabf,7943827.247049987,7943827.517704969,7943835.1344228145,2553,200,0.2706549819558859,7.616717845201492,192
b840f2ea-2f5a-49c5-b48d-dc4be808bfec,d3326a24-2cfe-423c-b12e-a234f3b6df37,7943828.247200855,7943828.82800951,7943835.209387196,5836,200,0.580808655358851,6.381377685815096,224
3da093d4-92f9-4a94-a375-6eb5fd86716b,57ff1918-00a6-4f1f-abf1-71b1dec34e08,7943827.247072075,7943827.636009036,7943835.258675676,2173,200,0.3889369610697031,7.622666640207171,256
a01ba378-af18-4c9e-90ab-e2967c8dd944,d3954709-3e90-4162-b807-366fedb25f30,7943827.247066003,7943827.658215799,7943835.294314545,2592,200,0.4111497960984707,7.636098745279014,288
707d72ec-96f8-4e52-a425-ae8f0cb16610,a4bf666e-08c0-432d-b95f-de037f8142af,7943827.24706893,7943827.759510764,7943835.322302935,5940,200,0.5124418335035443,7.562792170792818,192
45ba7edc-7949-4aca-8779-20594122f846,af58fe18-5abf-4a30-a78b-73561c06d4f2,7943828.247198266,7943828.5374702895,7943835.924076436,2380,200,0.2902720235288143,7.386606146581471,480
5dcb7069-8354-4e53-86c1-fc11eb234a41,94392b0d-8f83-4e2b-80c5-1cb03c746275,7943828.247190218,7943828.755374543,7943836.038693481,3981,200,0.5081843249499798,7.283318937756121,192
148a11cf-80e6-487d-8f83-481b035d2699,04c151c1-ee98-4835-b8ba-1681eccdd922,7943827.247063116,7943827.797714939,7943836.09475242,6495,200,0.5506518231704831,8.297037480399013,192
f7c1fbcd-3179-4ec4-b7b5-0ee78034c7ed,3ee16a31-eef8-4342-9c4e-7c45a1871994,7943829.24617596,7943829.4196363175,7943836.09812336,1296,200,0.17346035782247782,6.67848704289645,192
2798718d-a16a-469f-b021-435db17b340c,33112398-5129-4e1e-868e-09609c2b6bee,7943828.247181547,7943828.506337599,7943836.313162864,2644,200,0.2591560520231724,7.806825265288353,176
270a13b9-0563-4d06-945c-ca8e8c59b876,2640c64b-b58e-4eac-8e19-d9e509af1f52,7943828.247174207,7943828.772650181,7943836.811746098,5766,200,0.5254759741947055,8.0390959167853,224
a0b2acf6-c77e-4955-9b0c-a026a4fbcc1b,de302346-0e5b-4da8-ba0f-d440eba8675a,7943828.247192713,7943829.204304969,7943836.831490085,6042,200,0.9571122555062175,7.627185116522014,192
2eb0f506-3d47-411d-887d-987d74d4a92a,7aedc914-42e9-47b9-bc06-d5469496c73b,7943824.246217465,7943824.783969164,7943837.075388712,5828,200,0.5377516988664865,12.291419547982514,176
8ad8c6b2-b1fb-4c55-9865-1618f6f2602b,b7795841-e87f-48a1-b8b8-68640b01c350,7943825.246804723,7943825.717802517,7943837.435877001,3679,200,0.47099779453128576,11.718074483796954,160
1eef779b-5037-4213-ba2a-3c46f6816748,70da4a8b-eece-46eb-8b9e-2f1c28b4f670,7943830.246417954,7943830.697655164,7943837.594943229,3481,200,0.451237210072577,6.8972880654037,192
f630fd07-ee93-4cf8-a3bd-5ca290360b58,6c9f1413-e467-4d64-be9e-c1beccfa7d1a,7943831.246429659,7943831.495195499,7943837.802853112,2322,200,0.2487658392637968,6.307657613418996,224
910c1882-b907-4c33-b168-e02b50fde6e4,07c6cfe5-ddc2-4943-8c6c-6cb93009af4e,7943829.246167233,7943829.732648269,7943837.8145990465,5902,200,0.4864810360595584,8.081950777210295,176
1f93bcff-9ab3-4058-ab9a-0f87826921b4,ccd8f2c3-44d3-41c4-91db-1ba4dc5f9701,7943830.246393751,7943830.52198012,7943838.042862039,2742,200,0.27558636851608753,7.520881919190288,192
d5ac2ad6-93c5-49fd-a141-c4fc1254fc85,cfba0479-b5d0-449b-bc96-f06bacbea9a8,7943831.246419179,7943831.53720862,7943838.094726522,2859,200,0.29078944120556116,6.557517901994288,288
7aba1c62-1ec5-450b-9455-37f41fccec64,dec5032f-5640-4adb-8120-132fbe0e8a7b,7943828.247187529,7943828.516996929,7943838.153827583,2412,200,0.2698094006627798,9.636830653995275,16
589f72fc-cdf1-4349-a3bf-fd9bfb2a73a7,6459e9c0-ac3f-4f1e-a735-823b3c83d15f,7943832.246525161,7943832.525520209,7943838.794748494,2836,200,0.2789950482547283,6.269228285178542,160
8d69a673-342e-4b18-a4bd-f8ddf0d5321e,83c43919-a2bc-41bd-8bf8-b7585910d60a,7943830.246406843,7943830.38495738,7943838.849543887,1163,200,0.13855053670704365,8.46458650752902,224
6ace1e6c-9ad7-42c6-915a-ca91373a665c,1bb39ff9-0ea5-419f-a37c-928f0db0f068,7943831.246425694,7943831.459988759,7943838.986003666,2080,200,0.2135630650445819,7.526014907285571,176
fe361a9d-eaf0-4265-88c6-d9bb9353d613,a87c1e2c-7a49-4744-9e7f-268e78b88eee,7943833.246284357,7943833.383637496,7943839.19842275,972,200,0.13735313899815083,5.814785254187882,192
c057c616-d7f7-465c-88ae-d5ec23756744,9b851f62-5c3b-4f7e-9c1c-652e52982025,7943831.246411359,7943831.379390236,7943839.782168232,785,200,0.13297887705266476,8.40277799591422,160
95535276-3719-4ec1-8855-f28ed83fec2e,0bd71f2d-8ff1-4b8b-a899-9b785a451bbb,7943833.246267572,7943833.417234278,7943839.801949937,1392,200,0.17096670623868704,6.384715658612549,16
e53cf6ab-32b0-45fd-a0ec-0186e25176f7,be87db14-1251-411b-a2d2-32b73d635bc4,7943830.246414028,7943830.737611589,7943840.147530875,2971,200,0.4911975609138608,9.40991928614676,160
b1836eb5-cd4d-4b96-bedc-f5b94eacebf3,6438b31e-b086-495f-8c72-0c6603de3583,7943827.24705981,7943827.463120225,7943840.899674907,592,200,0.21606041491031647,13.436554682441056,192
4bf38f27-6f38-47ac-bc61-444aefb8321d,fc0804dd-2f2c-4652-a7ad-2d9b311e21e9,7943832.246538103,7943832.603221239,7943841.012871805,3979,200,0.3566831359639764,8.40965056605637,176
a2850785-88ba-475d-a51b-e13a8a0c8e8d,28923570-dc4f-40ce-95e1-9bd4d262af79,7943832.246534339,7943832.769555957,7943841.1666618325,5932,200,0.5230216179043055,8.39710587542504,192
28104a5f-f187-4209-a94a-021fa2fc6bf9,4b349825-4e43-44a5-8995-af5b8ec8780f,7943831.246422014,7943831.604436272,7943841.268539932,3790,200,0.35801425762474537,9.664103659801185,176
56f8e7ea-8efc-4442-ae7c-b3b3d26c7231,b4527815-5a94-4cdd-8d25-4cd8b6f2f33f,7943833.246281173,7943833.497490798,7943841.300490521,2397,200,0.25120962504297495,7.802999722771347,256
02962bb8-9cdc-46ff-ac16-2504ebc22fd2,be47ec66-79ab-4aa4-bbaf-d9fef785d9a0,7943833.246287155,7943833.392484382,7943841.753129211,1299,200,0.14619722682982683,8.360644829459488,160
624b4b0b-54c8-43c9-aee4-c959f6786fbd,af58fe18-5abf-4a30-a78b-73561c06d4f2,7943835.247154318,7943835.476313914,7943842.288079562,2380,200,0.22915959637612104,6.811765647493303,288
5690c9d5-2714-413d-9a45-29e4b2230139,bae42ab0-315a-422a-8e89-6a7cf4b10773,7943828.247184964,7943828.945777554,7943842.723929283,5913,200,0.6985925901681185,13.778151729144156,160
3277a86b-1f90-4203-a743-4c9581c94c4b,f2a16fba-8442-4899-b829-ef700bbd4eb1,7943834.246184558,7943834.681417498,7943842.783538838,5088,200,0.43523294012993574,8.102121340110898,176
c9a26b34-f55b-4261-a2f2-073ab4a1b327,d1a58fee-2699-4cde-8dec-5a26bda64889,7943833.246277823,7943833.539723539,7943843.220287109,3110,200,0.2934457156807184,9.680563570000231,192
9d18deb8-1991-4fcd-ba4c-16b40ab5be25,8bfd814d-28ab-4cb5-b72a-dd26380f4984,7943835.247151538,7943835.751212539,7943843.288659097,5914,200,0.5040610013529658,7.537446557544172,192
81e18430-8421-4e78-b7ae-8016c05e7e03,b7660a54-c8d6-4417-beda-becfd4ccc9ca,7943836.24629876,7943836.7702081045,7943844.143435452,5750,200,0.5239093443378806,7.373227347619832,288
a59c7588-eeac-4604-a4cf-499279be92f2,a2d50e13-b70d-4fc7-ae7b-c9da9cadaf6a,7943830.246411051,7943830.762485149,7943844.201457065,5659,200,0.5160740986466408,13.438971915282309,224
39d424ab-f525-418a-be66-eb1f14269854,ed4008e7-8fb2-4c86-98dd-bbd7d9a96ecf,7943836.246289909,7943836.778910697,7943844.210228401,6022,200,0.532620788551867,7.431317703798413,176
2fa7cd27-47c0-4443-9977-5814799345ab,ea0112a1-5acd-4249-9207-038c80625b12,7943835.247160825,7943835.812415514,7943844.32204564,5876,200,0.565254689194262,8.509630125947297,176
2a6a72d7-5b37-4568-a55e-bfdb953d94de,88e4bd73-dff8-4ef1-a2ff-0f0f1c369eb3,7943837.247091522,7943837.582788781,7943844.652090879,3300,200,0.3356972588226199,7.069302097894251,176
747667cd-e1d5-4144-9ecc-5417e1f71dc3,fda1a843-8c94-4359-a21c-7bd6444db827,7943835.247157593,7943835.358983643,7943845.066953058,631,200,0.11182605009526014,9.707969415001571,176
68a9e37c-2dc2-4ccc-81fb-87cac415eb9d,14141ec7-cddf-437f-8727-cf3bc4ae468c,7943837.247107153,7943837.39693294,7943845.950019835,721,200,0.14982578717172146,8.55308689456433,176
aade4d4a-135c-47ec-8018-55d21491e86f,8cb1914f-d8d8-4dc5-a5c1-41cb5213fa37,7943834.24619502,7943834.532272377,7943846.034843607,3314,200,0.2860773568972945,11.502571229822934,176
0de6d629-887a-4572-ae2f-18c62dca2729,240c36b4-8f22-4cfd-bfbb-90147dc774e6,7943836.246301767,7943836.780587602,7943846.173042517,5979,200,0.5342858349904418,9.392454914748669,176
b9db151e-0c28-4b04-992c-64a9d0d7c56c,1ba8fcf4-b3c2-4320-a37d-806f78c0ae0a,7943837.247110224,7943837.616235489,7943846.32264971,3827,200,0.36912526469677687,8.70641422085464,176
b752ff14-1b55-4525-af45-4bab529a1dad,4890f004-8473-4e87-ad72-f47223ed1312,7943836.246304998,7943837.003432363,7943846.331412919,3707,200,0.7571273650974035,9.327980555593967,192
3d3d1157-2a85-41ac-9281-1f75505abe38,ac827f15-c5cc-4d2f-908e-4b8596ec5e96,7943835.247147991,7943835.790196182,7943847.107242814,6395,200,0.5430481908842921,11.317046632058918,192
e2b891e1-0fd6-4f27-93b2-507e0dbb2455,cb5f3703-6da0-4120-9adb-188860ebbdd5,7943836.246296004,7943836.808403683,7943847.195076475,2132,200,0.5621076785027981,10.38667279202491,192
f0e26f8a-34a1-4e3f-9c6a-54fc28442dcc,f5b97146-dcd1-49f1-afff-ca5345e46e8b,7943836.246293192,7943836.758455984,7943847.271110032,6007,200,0.5121627924963832,10.512654047459364,160
5846e8b6-9d0f-4bc3-ba51-07a3093d923c,aa942eaa-fb40-4ee4-a6e1-593548ba0dbd,7943838.247025025,7943838.7684268,7943847.273073923,5890,200,0.5214017750695348,8.504647122696042,192
f8295d94-5d21-4457-8cee-a274d55b3d1c,21dbf6ef-22d2-46e3-ac48-9cb8657506d9,7943838.247020941,7943838.560822249,7943847.297447011,3470,200,0.3138013081625104,8.736624761484563,192
cf167b0e-a914-4e26-83e3-eeb67e44ba7c,c8b7ff65-cf0d-44ff-991e-2b8fd4458b22,7943837.247103221,7943837.84974669,7943847.509836405,4790,200,0.6026434693485498,9.660089714452624,176
4deef9e2-c128-4184-9c12-5952f278ccd8,a941116a-c518-4f7b-bc3c-311e10bec57b,7943837.247116957,7943837.500730807,7943847.759419353,1035,200,0.2536138501018286,10.258688545785844,176
cb7b10d8-29ad-4397-86c9-d57cae27493f,26f6e7fb-05d7-47ec-9c49-43b5ac7aed02,7943835.247139324,7943835.6321504675,7943848.02106098,3893,200,0.38501114305108786,12.388910512439907,160
59fa13bc-46fa-4f76-aebb-97792f01c753,58843bbc-fa60-4c1f-af2c-099aaaad1548,7943836.246308607,7943836.855443306,7943848.119579577,1923,200,0.6091346992179751,11.264136270619929,176
462d7cf1-d37b-4e91-8180-380b032bfacd,231beffe-da58-4516-af27-1182589624ee,7943839.246156574,7943839.698117316,7943848.394457138,4843,200,0.4519607415422797,8.696339822374284,192
65f3c33d-5e88-4f41-8b60-493a9d831318,4681109f-b6ac-4c2e-b51b-95fbb0ccf6fc,7943836.246280138,7943836.932567956,7943848.409453311,5030,200,0.6862878175452352,11.476885355077684,224
eadf4687-95ca-4133-8778-9340347a6051,6769e696-2581-4f98-b1bd-a92e8911c925,7943839.246167591,7943840.137577449,7943848.415977553,5970,200,0.8914098581299186,8.278400104492903,176
7d8bdc00-f03f-4d31-ad6b-b31e10c9b892,42303959-8373-4fb5-b881-e39d2351d467,7943842.246465858,7943842.584888915,7943848.767411725,3378,200,0.3384230565279722,6.182522810064256,192
1891b140-cd36-4788-b772-df8f2a2017fa,57ff1918-00a6-4f1f-abf1-71b1dec34e08,7943840.246154762,7943840.682809153,7943848.862674709,2204,200,0.4366543907672167,8.179865556769073,2144
b9a65a48-e075-49fd-afa8-9a44cef76e6e,49f32e14-6b35-435d-bcf2-ffde177188b3,7943839.246164196,7943839.474075416,7943848.929114414,2390,200,0.22791121993213892,9.455038998275995,192
b6e1ae54-1653-4af6-aadd-275bdeec75f2,5ef28ed9-d9ba-4069-8337-a1edc2905941,7943837.247113425,7943838.134312042,7943849.056233732,5832,200,0.8871986167505383,10.921921689994633,224
bf2aa9de-9ede-456a-acbb-d26d70b49462,4346426a-d1cf-4421-a05c-b8084161d1b8,7943843.246291769,7943843.6773657,7943849.2905140985,999,200,0.43107393104583025,5.613148398697376,176
2943e1e9-b58f-45dc-9cd1-127c98dc6708,44838094-3154-4ad0-aad1-71143ecb6bab,7943838.247033697,7943839.239906859,7943849.8444372155,5993,200,0.9928731620311737,10.604530356824398,192
8d439177-d382-417b-99da-c34de22c053b,4008439a-7054-4643-abe9-8e6901c83b3f,7943839.2461471,7943839.338951053,7943849.925677301,510,200,0.09280395321547985,10.586726248264313,288
32d09594-a008-4015-9acc-98560e832d25,41705093-4c8c-4a90-99d2-ad3181aceb70,7943840.246151365,7943840.744163229,7943850.185243523,5701,200,0.4980118637904525,9.441080293618143,1024
6a2f93b5-28e6-40b8-90b3-b669d06916d7,35c9b5dc-29e8-498f-9ad8-87fe22f17021,7943838.247027976,7943838.60726469,7943850.337500487,2437,200,0.36023671366274357,11.730235797353089,176
737bf63e-7beb-4bc1-8409-52138f54a708,3576d3c5-71c8-4aa8-bb01-7f961dd7500d,7943838.247011934,7943839.284417805,7943850.411470617,6399,200,1.0374058708548546,11.127052811905742,192
7b65ef16-8f4e-4f6c-bc32-4cd1d24a69da,127f378e-d0dc-464e-a79a-fa7013197aab,7943840.246141455,7943840.84059478,7943850.520802353,5337,200,0.5944533245638013,9.680207572877407,176
0848c72d-a0c4-427d-8d5e-1f24c9d41aca,a63362d9-272f-48f7-9f11-fab613927024,7943840.24616813,7943840.864885394,7943850.867779842,1272,200,0.6187172643840313,10.0028944471851,176
e25fe079-bfae-4505-b824-45a82486ee4b,8aa6063f-9cd1-4748-bc9a-78c44fd7370a,7943844.246267153,7943844.4096300285,7943850.889208237,1791,200,0.16336287558078766,6.479578208178282,288
e6dd6b4f-318f-46b7-a647-9c5192e0c99b,e214ec5e-819d-494d-96be-4f44b7317ecc,7943839.246160604,7943839.516070915,7943850.94202019,2640,200,0.26991031132638454,11.4259492745623,176
f7c590b4-354c-442a-919d-bcfec98a9c90,fc03dbf1-0de7-4854-9fc3-dbbc06937d77,7943842.246489084,7943843.295240943,7943851.117496418,5705,200,1.0487518589943647,7.822255474515259,224
6f0aab48-206f-416f-98d2-26d9489c63f8,977ac36b-bb7b-4aac-bf3e-938831af0d6d,7943843.246308838,7943843.893721219,7943851.156494557,5901,200,0.6474123811349273,7.262773337773979,272
1557696d-6ea2-4000-a4df-65a7acdc91bf,0bf31ffa-4595-4d11-950e-5ea31165867e,7943838.247030721,7943838.84616331,7943851.20721401,5661,200,0.5991325890645385,12.361050699837506,192
277e7f1c-ffe7-43d5-8e2e-3dfbb6fc5515,b41865ca-d2ff-4e84-9d9e-aa057435693c,7943842.24648516,7943842.849868564,7943851.926799856,681,200,0.6033834042027593,9.076931292191148,176
505621a4-ebfb-4ae6-ad99-9da438ccf399,f271ebe9-b215-4499-a991-8ff24c4302bb,7943843.246301693,7943843.591582005,7943852.165773689,3266,200,0.34528031200170517,8.574191683903337,176
ff88b869-297a-40a5-aa84-f4f1394f57f8,ad3e5418-e180-424b-8b3f-a75453da1b2f,7943844.246287721,7943844.9890853735,7943852.590257591,2820,200,0.742797652259469,7.601172217167914,192
9b3b56e6-a52c-4150-805f-d090a3caf460,fc3dbac8-9a03-4b40-a41e-097cdfb9846a,7943840.246162214,7943840.959141404,7943852.78829781,4147,200,0.7129791900515556,11.829156405292451,160
8ee9e8e6-6f89-465e-ad4a-d8a4a54b5c49,53775c11-23d0-4c0f-9a63-56b35a9ba870,7943844.246282046,7943845.360346131,7943852.859749843,5627,188,1.1140640852972865,7.499403712339699,176
6f0f9db9-72d8-4c72-b19f-15d4d7f064c3,27e00e2e-21f7-46b8-8008-d0a46fedbeee,7943845.246335077,7943845.358257975,7943852.866901995,802,200,0.1119228983297944,7.508644019253552,288
68531dc2-8125-4449-a70d-f5c66bb14885,34a35d00-5687-4c8e-8304-472e9b1eded2,7943842.246477588,7943842.706441719,7943853.136061483,4507,200,0.45996413100510836,10.429619763977826,160
4bfc6e96-dc44-4981-820d-360d7d609ade,0038079c-2c93-4916-8603-2b199c276420,7943840.24616488,7943840.705802235,7943853.1421707235,1176,200,0.4596373550593853,12.436368488706648,160
4972d67b-93c2-4ba0-a166-7278d62a6345,06b96d78-d574-4242-88bf-812e4fb33e49,7943842.246504612,7943842.689808345,7943853.199778423,1379,200,0.4433037331327796,10.509970077313483,192
ae82bb96-47aa-4ca7-b000-4cb3f343e83e,800a9214-4a8f-4730-ae51-da64761ccf7b,7943843.246294742,7943844.314138354,7943853.326912953,5827,200,1.0678436113521457,9.012774598784745,176
311e1c51-737e-4dc9-86c9-c7421402671b,24dcaf79-471d-4093-b6e7-fcecb30f565a,7943844.246279566,7943844.963210272,7943853.830588238,5712,200,0.7169307060539722,8.86737796664238,160
07ac0b97-3bcb-4c53-baa2-81295673e749,36c06fe6-5b24-4d05-aa49-6e7c64045ab9,7943846.246428764,7943846.5214256495,7943853.940619384,3430,200,0.27499688509851694,7.4191937344148755,192
335dcd63-7822-411f-bdc9-d955e3e6f60a,20a3f959-78cc-46c6-8962-31e21ecd5c4e,7943841.246564484,7943841.344665079,7943854.230099032,1157,200,0.09810059517621994,12.885433952324092,192
bb7cd0b2-fec8-4427-9564-97a303916a9b,90dca292-00d5-4d7c-b7ca-be3920741df0,7943840.246158271,7943841.335585552,7943854.26228135,5821,200,1.0894272811710835,12.926695797592402,176
a8337a76-e3c8-4c48-b324-75d26168d379,b5f8cc72-86b3-4d6e-97a0-b612ac47f05a,7943842.246508433,7943842.785681293,7943854.268067911,5831,200,0.5391728607937694,11.482386617921293,192
0a52fd89-b758-4ebd-b78b-84d93910d35c,623901f7-e6f9-48bd-828b-b5728990d3b2,7943846.246437604,7943846.487007144,7943854.825294751,2570,200,0.2405695402994752,8.338287606835365,192
1d04f4d4-05cd-43c7-a05f-4894e443e570,cfcf8ea2-39e8-4b65-a05c-99c6f74fc7ff,7943843.246279288,7943843.412565875,7943854.896676684,792,200,0.16628658678382635,11.484110808931291,160
a29b6d13-45b7-430b-a686-a0ddb2f4c963,8276d4d4-43b8-49da-ae7f-7e654ef83e88,7943843.246312517,7943843.820100736,7943854.917845856,5805,200,0.5737882191315293,11.09774512052536,224
19eeb987-d590-4bde-8051-794a3d38e56e,cefc6823-5ff4-4638-94ce-6bc5efae4bb7,7943847.24641869,7943847.329156673,7943855.174614464,357,200,0.0827379822731018,7.845457791350782,176
30c4038a-0706-4578-8767-2453bb3201e9,ec035cd5-4099-445f-80a6-d885e8148b75,7943843.24629777,7943843.900242885,7943855.200457432,2683,200,0.6539451144635677,11.300214547663927,288
2f7bceb2-6f9e-4bf7-810c-662c161fbf1e,6b44b6e7-0ae8-483a-b986-2de5bf8a3a9d,7943847.246409229,7943847.542272929,7943855.229093062,3314,200,0.2958637000992894,7.6868201326578856,176
8740c753-0840-4bc1-a3d4-593f39af71f4,c0dbd0bd-4010-4779-815e-795e06cc171a,7943842.246500148,7943843.202653591,7943855.253881752,4989,200,0.9561534421518445,12.051228160969913,192
42b9302e-2f7c-46d9-9943-5227d9c6858c,87203db3-07a9-41c9-8809-fcaafbca8a36,7943844.246276306,7943844.754907297,7943855.807896109,5935,200,0.5086309909820557,11.052988812327385,176
ecd7c6a7-3905-49eb-80a9-22038e13bfaa,1588bc1f-6334-473b-b4b5-2936e890cf9e,7943844.246291101,7943844.651468555,7943855.869602665,1956,200,0.40517745446413755,11.218134109862149,160
4ef4f894-b934-4426-92a2-72d1f3227c68,aeb913ad-d459-4fbd-906a-cf6ac2bb3fd1,7943847.246424162,7943847.745241435,7943855.954494308,5661,200,0.4988172734156251,8.209252872504294,224
07e1fb94-8800-46fc-960d-662f7800d4bd,983cb979-5e2f-4649-bfa0-1fb1c92b9954,7943843.24628839,7943844.283555764,7943855.996511153,5814,200,1.0372673738747835,11.712955389171839,176
ce88f8d4-8ea0-4ca2-870a-d94945721da0,cf4fae3f-b581-4c59-9fef-3738c46b3c2b,7943842.246481386,7943843.343841144,7943856.555933802,2054,200,1.0973597578704357,13.212092658504844,160
07745782-00ac-4464-b54c-aa1c888e9d56,eaba400f-f029-457a-b05a-0a6f98a6ec83,7943843.246304951,7943843.824570162,7943856.609292928,2145,200,0.5782652115449309,12.784722765907645,192
00fd379b-1c84-4c4e-ac9f-83f69e9e6de5,6cfd20c7-df85-4041-b191-f790c3146abd,7943845.246349901,7943845.56310821,7943857.059704424,3153,200,0.3167583094909787,11.496596213430166,192
57495ab3-8823-4eec-865e-8d6de5fd3428,1bc73e7d-6b0e-4755-ade4-f801a54d64d7,7943844.246284793,7943844.892068694,7943857.182870318,1160,200,0.6457839012145996,12.29080162383616,176
3492aae6-08ea-4415-9c75-cc4ac24374f7,ddf859b5-dde2-43b4-ac73-c5baf651f446,7943848.246512164,7943848.852260203,7943857.451751882,1729,200,0.605748038738966,8.599491679109633,224
4430c790-4e00-45ea-818b-33feae5b8a57,c13d9418-24a3-4ed3-8a2f-34e200890302,7943848.246507038,7943848.49274727,7943857.479076708,1085,200,0.24624023120850325,8.98632943816483,224
1462ce70-9848-49a5-9a63-1d889813c918,6bef9240-78a1-482c-96d2-a89c97ba970c,7943848.246519742,7943848.713115817,7943857.501016275,2821,200,0.4665960753336549,8.787900458090007,16
98cea3d1-bb3d-4dd5-bc10-55ed0b3258fd,027ea883-203a-4478-89ab-361ad0825fd8,7943847.246421856,7943847.611502291,7943857.507255444,3558,200,0.36508043482899666,9.895753153599799,192
6c20832e-e0c1-467e-a12e-ecb4f487de1e,ce509adb-84cd-4828-852b-e10802b976ce,7943848.246516222,7943848.4730636235,7943857.517722308,595,200,0.22654740139842033,9.044658684171736,224
6166c309-a5a5-4113-ac72-3a5a76e50f6c,f77179f3-5fa4-4871-acce-6b894f13b2db,7943845.246353333,7943845.959360786,7943857.782896458,5931,200,0.7130074528977275,11.82353567238897,176
0e1b9b3a-de32-4d9b-9fe8-cdd3fe8d4990,e252d297-3d3f-4c5a-8afc-b644cb099865,7943849.246268841,7943849.8703237735,7943858.2393303,5982,200,0.6240549320355058,8.369006526656449,176
0357efb4-aa6f-4cb0-a720-32630b8589d7,4d91675e-bed6-4756-af92-49701ac0572f,7943849.246273308,7943849.764296936,7943858.431233908,5864,200,0.5180236278101802,8.666936972178519,176
b985d5ad-48e1-4d1e-8468-131f06818773,0de88066-b060-43c4-86e8-92b4ba42d652,7943848.246503249,7943849.062775195,7943858.89968442,693,200,0.8162719458341599,9.836909225210547,192
81a54f60-6200-4084-803f-3fdbe1114b00,5c47871b-d8be-425a-92e0-3bc8f1070874,7943845.246346244,7943845.751668497,7943859.015310895,5730,200,0.505322253331542,13.26364239770919,192
35335296-fed4-429a-b4cd-fc943351e9b4,12660cf2-26fe-4c78-a8b3-e603c06b965a,7943848.24652352,7943849.251082408,7943859.051148084,5754,200,1.0045588882640004,9.800065675750375,160
4c53ad22-638f-4f20-b1fe-88f064342338,f77b3e1a-28ab-448e-9c49-1437284550c7,7943848.246493848,7943848.486414503,7943859.083397565,824,200,0.23992065526545048,10.59698306210339,224
623dc5db-c392-4489-a8d5-99cfc984ca70,63dbcaa2-f60a-484e-98c0-24f6814d7556,7943848.246529415,7943848.6648042165,7943859.101102825,2240,200,0.41827480122447014,10.436298608779907,192
1208e6d0-33f0-4a58-a798-138d42d9bb2e,1944b4a9-25a6-481b-a8a6-9b9e9f4d0c67,7943849.246263333,7943849.755248966,7943859.125177207,5907,200,0.5089856330305338,9.369928241707385,224
2696f14d-9183-495d-b827-0dbd7661f8bb,c3afa93c-0f3f-46f3-9ff6-4aa96ba3a472,7943849.246270945,7943849.408922368,7943859.163152218,1244,200,0.16265142243355513,9.754229850135744,224
9dcdfbb3-8182-4429-b095-4ca312a0ea49,f4aff892-842b-4e98-af4c-cfd1deacf96e,7943850.246490011,7943850.593771415,7943859.170257603,2213,200,0.34728140383958817,8.57648618798703,288
2ab2f07e-ea14-4db5-b282-c312a9b7011b,0bd71f2d-8ff1-4b8b-a899-9b785a451bbb,7943850.246480752,7943850.426219751,7943859.214339013,1449,200,0.1797389993444085,8.788119262084365,288
f8172d93-a67f-4ccb-8459-5e59582bee75,113c9921-afda-4fc9-98dd-836eefa608b3,7943848.246526739,7943848.675103425,7943859.2906247545,3320,200,0.4285766864195466,10.615521329455078,176
d71d9891-6b4c-4b7e-953a-b529d547b732,160f36f5-505c-4cd0-b6cb-eb0b1a10aca0,7943851.246883956,7943852.029453322,7943859.789531264,5653,200,0.7825693665072322,7.760077942162752,224
39ef4475-5c6a-4dd9-9dd8-3df0ace7f322,a2172bc1-ab2e-4a70-b741-9a6cc8abbdee,7943851.246880836,7943851.675623717,7943859.891954017,2491,200,0.42874288093298674,8.216330300085247,160
736de5ea-7c88-40b8-ad9e-4dd1683ce241,7db776df-3838-4154-a574-531f0fd66b8c,7943852.246669627,7943852.724607467,7943860.032374278,5884,200,0.47793783992528915,7.30776681099087,160
2b647217-847b-4f13-8d0e-eb42082ecc3b,e0cfc694-73d4-4603-9a29-1bdf768266fa,7943850.246471805,7943850.483719355,7943860.173857687,1977,200,0.23724755086004734,9.690138331614435,160
568f2aec-e2fa-408d-91c5-f20a7e7243d8,d2e35e05-d494-455b-8b64-3602cd992e55,7943849.24626671,7943849.388510715,7943860.665626203,595,200,0.1422440055757761,11.277115487493575,176
01aeae17-14bb-455e-be68-4fe459930325,b1d48415-2679-4cdf-930c-839699995501,7943851.246874582,7943852.237136831,7943860.78111216,3505,200,0.9902622485533357,8.54397532902658,176
c5f085ed-ca6c-455a-8c44-e632a47f6dc4,126d60f8-035c-4467-9714-706011decbc4,7943852.246658007,7943852.677637482,7943860.90043835,5477,200,0.4309794753789902,8.222800867632031,160
f9ca34b9-4cca-4256-ab88-98aba47b333a,1e4cedf5-0c16-460d-a662-72daaa3cfb4d,7943849.246255048,7943849.7793657025,7943861.116970369,5875,200,0.533110654912889,11.337604666128755,192
7019107e-593e-45e5-82d0-62c88e06a01e,f5eff546-183e-4cec-8960-21f5d535335a,7943850.246483749,7943850.885381863,7943861.169442206,5978,200,0.6388981146737933,10.284060342237353,176
31ed5000-5c91-4e20-8a3f-b527224e3b1e,e2aea28f-f167-453e-bb63-de5ec1a91723,7943853.246984743,7943853.8317980645,7943861.177813268,501,200,0.5848133219406009,7.346015203744173,192
d977d9d8-420a-40e8-b2df-d2635d977a13,70fb8739-e8b3-4b20-881f-bf8e312c9340,7943851.246853766,7943851.461896065,7943861.186269416,1910,200,0.21504229865968227,9.724373350851238,192
4bbe0e90-3694-4f80-8153-75c824ee075d,245b7a91-93c8-47b9-8809-04cba8eebd79,7943850.246492659,7943850.767277797,7943861.266604554,5829,200,0.5207851380109787,10.499326757155359,192
78e35fb4-9d3e-470a-9271-278dc8d01641,46874def-a8d1-42c8-9ef7-379c30144d14,7943848.246509576,7943849.282860494,7943861.641908494,5948,200,1.0363509180024266,12.359047999605536,192
777a5e15-5cdb-4470-b41d-2ddea4389ebf,cc69a023-c1c3-4dcc-9d6f-d347a10e1419,7943853.247011539,7943853.770141811,7943861.823435066,4397,200,0.5231302725151181,8.053293255157769,176
2a9272b9-4c65-40ac-9919-f145e3aae192,07664316-d6e1-41da-94de-93685a509c09,7943851.246877253,7943852.385392359,7943862.092647356,5893,200,1.1385151064023376,9.707254996523261,192
04e8282c-9549-4c30-88d4-91251249c178,ec035cd5-4099-445f-80a6-d885e8148b75,7943851.246868729,7943852.420244126,7943862.122101307,2685,200,1.173375396989286,9.70185718126595,288
b84e10d5-ca3d-4015-a02f-edd55b15f759,41ebc82e-eb6d-418f-b73e-022fa300e998,7943851.246864947,7943851.786134219,7943862.234126363,5839,200,0.5392692722380161,10.447992144152522,160
c0e85892-9798-4389-80e9-b26046cef5c0,d0030985-3721-47a2-be3f-a716ff7779ef,7943850.246486945,7943850.929773555,7943862.2367415875,3793,200,0.6832866100594401,11.306968032382429,224
0ab75fe5-0192-4f87-b6e8-e80f14362a6a,8aa6063f-9cd1-4748-bc9a-78c44fd7370a,7943854.246437421,7943854.445352027,7943862.253013256,1843,200,0.19891460612416267,7.807661228813231,288
8889fe73-18ae-4666-9857-1f0d2c15376e,12a20126-19e5-4ddc-b4e6-5b1c4432afdc,7943851.246871442,7943851.810947126,7943862.935202695,5927,200,0.5640756841748953,11.124255569651723,192
9f9da1c8-8b1b-4076-b598-0f3d9c4b2b5b,c51f405c-538f-46db-a0c4-5f1665cc8bbd,7943856.246662463,7943856.435174075,7943863.050970589,1324,200,0.18851161189377308,6.615796513855457,160
91a32f56-dd46-4657-911d-8e9136d70503,21b9c278-5fd1-4a6c-80f1-483ff6605dad,7943853.246997017,7943853.728912816,7943863.220913109,2529,200,0.4819157989695668,9.492000292986631,224
ed0e2bf3-3cb2-4607-b493-a11f58d1d195,b4c5b65e-b0b2-4149-a9a2-a49a11473845,7943853.246993794,7943854.355026958,7943863.25566515,5662,200,1.10803316347301,8.900638191960752,176
9ef603f2-a027-4c5b-958e-1bf182b916f0,ad505044-0649-4c84-9a66-a33049893e40,7943853.247015146,7943854.220079461,7943863.39566041,5677,200,0.9730643155053258,9.175580948591232,192
024b8940-14ca-4ba9-b778-dc21b00eb46e,e252c7b2-268a-46f8-9aef-034d91473c0c,7943855.246846859,7943855.766407958,7943863.860547289,5989,200,0.5195610988885164,8.094139331020415,160
abe82318-674d-4640-a087-d8fe5ebf10fd,f56f3534-c298-4487-a39f-16c483a04920,7943854.246439943,7943854.697545204,7943864.001714206,4961,200,0.45110526122152805,9.304169001989067,224
fc8546a1-89bd-4a19-b027-f187d3576697,07c6cfe5-ddc2-4943-8c6c-6cb93009af4e,7943855.246861794,7943855.765374833,7943864.060652397,5902,200,0.5185130387544632,8.295277563855052,176
e3201f3c-1d98-4a57-a823-8f2d5547a3d9,1330884e-9e05-4fca-8ac8-b7725234d148,7943856.246669967,7943856.916402555,7943864.060279901,2037,200,0.6697325883433223,7.143877346068621,176
fd58b159-66bb-4465-ab9a-90c4e2a2c482,db487834-a11b-4e9c-b4d3-b089f73897c6,7943856.246642942,7943856.9218706945,7943864.066173902,6038,200,0.6752277528867126,7.144303207285702,160
dcf6f705-c03b-463d-8050-7e3e05de4096,a97b3419-50d1-4d99-ba18-6269343a8188,7943856.246666432,7943856.8076396985,7943864.144113508,3864,200,0.5609732661396265,7.336473809555173,160
85f92577-73b0-4857-bb70-a003f3785cfb,6ee396d8-db4c-4684-88ab-113b143832cd,7943856.246659297,7943857.163658732,7943864.1891856035,5697,200,0.9169994350522757,7.025526871904731,160
0f95533d-0b64-4bd7-a150-71c67d880d75,e5488a62-a6e0-4b98-a167-55ef476697ef,7943853.246999677,7943853.885906892,7943864.221474694,1403,200,0.6389072146266699,10.33556780219078,192
d5ed0e12-63f1-4c64-957e-7a0aeacfb7a2,89984c0f-ab73-4aa4-b3b8-e96bb2c0c5b1,7943857.246731352,7943857.509009868,7943864.319445198,2704,200,0.2622785158455372,6.810435330495238,160
4584a760-1c28-4db5-931c-3200159771eb,288856ff-0e20-4dd0-9458-85503a7ab282,7943853.247007606,7943853.9545359425,7943864.649566893,5915,200,0.707528336904943,10.695030950009823,160
5a7754a9-82d9-427c-b521-351dfccc671b,6dcfeadf-1244-46cf-a016-ab16dc8a9fb7,7943854.246433864,7943854.760730622,7943864.77270116,5907,200,0.5142967579886317,10.01197053771466,176
c22a1a44-c39a-442c-8a20-b71f2db890d3,e99f0ad9-ca51-4ebc-8462-fe9ebb8c761e,7943855.246855134,7943855.416826695,7943864.890239569,1039,200,0.16997156105935574,9.473412874154747,176
30d9ca69-4c3a-4aef-aefc-3eb0f1420cf4,cf4fae3f-b581-4c59-9fef-3738c46b3c2b,7943857.246734944,7943857.452206351,7943864.945819203,2054,200,0.20547140669077635,7.493612851947546,160
bab4001b-0e7b-46eb-9312-1ae6ce30bc19,f56eb112-09aa-410e-941f-40b32b5b1551,7943855.246859893,7943855.789092031,7943865.007264178,3500,200,0.5422321381047368,9.218172146938741,224
092f8f99-469a-4456-9db3-4e6a028c2d3f,0936669e-5c64-4f1d-ada6-04ce9a565d14,7943856.246656038,7943856.515535208,7943865.013119095,2593,200,0.26887917052954435,8.497583886608481,288
bf240788-07ba-4ae7-a585-1a0cd2e685d7,dc042378-78ad-458d-b1a6-44be64014146,7943856.246683954,7943856.618234349,7943865.026385588,1224,200,0.3715503951534629,8.4081512382254,160
a35199fa-7950-4b3f-b15f-a05dc1534edc,034fada1-6ff3-494e-9df1-8d72fa54e215,7943854.24642478,7943854.501807421,7943865.076286084,2895,200,0.25538264121860266,10.574478662572801,160
3fcde0ec-e039-49d6-a465-50e852e80767,171cdbd7-f8eb-4c7c-a419-2dc4afcffa35,7943856.246676652,7943856.490908531,7943865.281384597,1383,200,0.24423187877982855,8.790476066060364,160
17185081-579d-441c-b306-79d0b57316aa,7e2e7623-9e79-4fcd-af36-959e2862cb05,7943858.246882552,7943858.737168464,7943865.300328064,5888,200,0.4902859115973115,6.563159599900246,160
4ce51889-7d2b-40a1-8d54-76ea6b9d04e9,78d7f456-01c1-4f3b-87e0-11b338250aee,7943855.246857602,7943855.406243074,7943866.327682388,1201,200,0.15938547160476446,10.921439314261079,176
73e8e283-ba81-4e56-b0bf-86c9c1426032,9f4a967c-69d5-46cb-a48b-7028ac8a0984,7943860.246730326,7943860.77910856,7943867.043235053,4615,200,0.5323782339692116,6.2641264935955405,176
1bf5d480-cef0-4bef-8e25-524998a3c0a0,8c43f4f9-7235-42cc-8288-4dc1f62734a9,7943856.24665276,7943856.952186144,7943867.066385363,5795,200,0.7055333843454719,10.11419921927154,224
94cca534-1b8e-4424-ad70-24bc12b06f80,50b135ba-662a-4b3d-90f5-c92d2b289617,7943856.246679903,7943857.234210674,7943867.086140338,5933,200,0.9875307707116008,9.851929664611816,176
35fdaa50-74e4-401c-a076-188c567c4d36,fdda8363-a79c-4dff-b8a5-15f6be115142,7943859.24658659,7943859.586953429,7943867.097142187,2896,200,0.3403668384999037,7.5101887583732605,192
8d6b36d0-ffaf-4d55-bb1c-ee51474d4147,2ea40277-676a-410a-8b83-b14467b8308b,7943859.246578877,7943859.591205447,7943867.639849536,3308,200,0.34462657012045383,8.048644089139998,176
2bf99393-7c83-4e38-8a05-d3227432ec54,940160ec-0bfb-4ebc-ac97-abf254489499,7943858.246893042,7943858.807286288,7943867.672443669,6500,200,0.5603932458907366,8.865157381631434,192
485b325a-56ad-409b-aa8a-35d19de1942a,d83a09fe-8706-41f6-9b86-8130d5bfad9b,7943856.246673369,7943857.224773015,7943867.749497619,6540,200,0.9780996460467577,10.524724604561925,224
e3632b79-7f49-4f0a-ae5e-9c7f078c51a7,41d7460a-e0a1-4300-9f40-37670c541e0c,7943859.246584405,7943859.895437441,7943867.825569981,973,200,0.6488530356436968,7.930132539942861,288
5ff36937-57ff-47ee-85e8-d52a13eee6fd,aa942eaa-fb40-4ee4-a6e1-593548ba0dbd,7943857.246722105,7943857.315648943,7943867.835413584,5890,200,0.06892683822661638,10.519764640368521,5888
cff0ce51-f238-41f5-9188-fa952fe33af1,0038079c-2c93-4916-8603-2b199c276420,7943860.246715529,7943860.441811951,7943867.924437479,1176,200,0.1950964219868183,7.482625528238714,160
f3f89aa4-36cf-4a00-9339-99399c5e98ff,6052704c-60c2-46b7-b067-f7d04009c56d,7943859.246581845,7943859.621274533,7943868.050779123,3625,200,0.37469268776476383,8.42950459010899,192
61b0d2ac-1042-4e97-908c-94b494ff5a1a,be47ec66-79ab-4aa4-bbaf-d9fef785d9a0,7943861.246187358,7943861.423511072,7943868.133782339,1461,200,0.17732371389865875,6.710271267220378,160
9af4ef96-b17f-43b2-9496-eb81a9547d61,8201882b-3c83-4a5b-b140-7a5572375d5a,7943860.246724397,7943860.636217353,7943868.292563328,4216,200,0.38949295599013567,7.656345974653959,160
d8d33d32-4c50-4428-9048-87e9c31d2b1c,45ac5512-7ff4-4619-88d8-49c256d2e88b,7943860.246727589,7943860.977402425,7943868.866944246,5829,200,0.7306748367846012,7.889541820622981,192
75cd37fd-60e3-4ba6-b55d-6defbcbe92ae,d3954709-3e90-4162-b807-366fedb25f30,7943860.246732744,7943860.856658342,7943868.9869312225,2655,200,0.6099255979061127,8.130272880196571,16
9e7a4885-9e42-42a5-987f-fe50a3c6ee11,c4d3dc38-186d-40b5-b82e-511fcca85150,7943861.246176328,7943861.545360039,7943869.232697833,3181,200,0.2991837114095688,7.687337794341147,192
2f66e7ec-8e24-40d4-9fbf-ad748db33b46,01bf6cef-c97b-4d6f-8ae2-8102bf0f9a79,7943858.246890072,7943858.752320282,7943869.315956129,5878,200,0.5054302103817463,10.563635846599936,224
c27fc744-081d-4e64-ae39-872a8a936ed3,19500c45-30d4-49de-bfa4-2268492645cd,7943862.24631145,7943862.603548291,7943869.338332668,4227,200,0.35723684076219797,6.734784376807511,160
b24074ae-d72c-469a-a20c-66c3beb9ee70,83c43919-a2bc-41bd-8bf8-b7585910d60a,7943863.246321453,7943863.398345183,7943869.728402736,1346,200,0.1520237298682332,6.330057553015649,224
6c4efc25-1efd-4e16-9b46-27b720bd0e7f,0510668b-2e39-4521-abbf-68606b666ffd,7943859.246570618,7943859.573605693,7943869.945901004,3030,200,0.32703507505357265,10.372295310720801,192
d4de945e-2c3d-4850-aaf0-a7fc3b3df598,05df5986-4b14-436d-8a7a-c4b26a4be8f5,7943862.246308367,7943862.597556282,7943870.257718855,3563,200,0.35124791506677866,7.660162572748959,176
08a38e89-e0c2-4eb7-97e6-0c6325eebe09,1bb39ff9-0ea5-419f-a37c-928f0db0f068,7943862.24631395,7943862.487727142,7943870.58216632,2236,200,0.24141319189220667,8.094439177773893,176
b4e5b678-eaee-4c62-949a-806045ce2d70,bc829e6b-bf7d-471a-b1e0-497440ccbb5a,7943860.24673907,7943860.970407504,7943870.610513224,5921,200,0.7236684337258339,9.640105720609426,176
84761f1b-6002-4aa4-85c7-fe938cd3963f,cd915048-11fd-46b6-9dd8-c6d53337db9a,7943862.246301536,7943862.351177309,7943870.8733631605,662,200,0.10487577226012945,8.522185851819813,288
469d8ac6-a728-4a8d-ac14-e465a8af49aa,75362569-bf81-4066-ac37-01104ae65d91,7943864.246435107,7943864.873844097,7943871.100161894,5874,200,0.6274089906364679,6.226317796856165,160
d0b05247-ab89-44b3-904d-d578a09da06f,f20a741c-0fb3-4811-91f0-bee136177ca3,7943864.246417706,7943864.7601334285,7943871.281199477,5799,200,0.5137157225981355,6.521066048182547,224
1c4e7509-d96f-4ca8-acc4-52b34ed36181,76c6a94a-5b1b-4124-a8c1-7b783e5beb5f,7943860.246735952,7943861.235091653,7943871.314164776,6055,200,0.9883557008579373,10.079073123633862,176
cfd8a60e-2aa0-41da-857f-01f3becb2451,6fb86cb0-b646-4ecd-8730-d6ed365d30a3,7943861.246191296,7943861.732515388,7943871.380643884,5877,200,0.4863240923732519,9.648128495551646,160
d2d4e6a6-e260-4b37-8a48-eb0cdedb8942,ef9a6926-cbbd-4236-a031-a34675858e8f,7943863.246323768,7943863.38541556,7943871.545024333,1423,200,0.13909179158508778,8.159608772955835,224
50e2e662-8852-4c7c-b4f3-fdbd1ae931e3,6f4a7340-4bd4-446a-8cc1-2367016ee48c,7943863.246318408,7943863.741286283,7943871.563327948,5950,200,0.4949678750708699,7.822041664272547,192
bc9e3562-62e8-459e-828a-2faa92b3ca18,170812a6-cb38-4169-bec1-bbe2e86c6001,7943865.246164908,7943865.434603468,7943871.795250352,1639,200,0.18843855988234282,6.360646883957088,256
78032996-83fc-4787-87a2-3c83ffd45fe9,62bd5ab4-a4ae-4c45-90a9-d469d50595d4,7943864.246426264,7943864.701045261,7943871.861548144,2002,200,0.4546189969405532,7.160502883605659,160
a2e5f9a7-bf5a-4d89-ab27-3df485b70d41,ccd8f2c3-44d3-41c4-91db-1ba4dc5f9701,7943864.246447005,7943864.695937831,7943871.85804032,2952,200,0.4494908256456256,7.162102488800883,192
a854908e-d8df-438e-9d76-e488422a0b0b,20a3f959-78cc-46c6-8962-31e21ecd5c4e,7943864.246429552,7943864.549510591,7943872.050913998,1157,200,0.3030810384079814,7.50140340719372,192
81a0e734-d717-40cb-b6b5-f237a158ca02,bbea6a5c-8d47-4003-8b31-48aa9eb697ca,7943864.246440724,7943864.9898134535,7943872.198667362,6511,200,0.7433727299794555,7.20885390881449,192
6fc4a13b-3da3-4d35-b1be-d4909fccb4f0,13c19d21-f311-4a3a-97bb-1e152f24a81d,7943864.24644402,7943864.943145627,7943872.8698200295,6817,200,0.6967016067355871,7.926674402318895,192
5e4d1fce-c53d-4e53-bfa4-7ee2c510ae00,0f386fc6-2621-495e-924c-56970457578f,7943866.247031074,7943866.738110473,7943873.031361355,5906,200,0.49107939936220646,6.293250882066786,192
1ddb0e28-1a56-42f5-80be-1d3f38e90bba,d1a58fee-2699-4cde-8dec-5a26bda64889,7943863.24631016,7943863.54325845,7943873.115630693,3353,200,0.29694829043000937,9.572372242808342,192
b7813ebe-1a78-4002-9e1f-da3e34985644,bd8eeb28-8ddb-4e89-a649-ed73109fdad4,7943865.246155497,7943865.739433427,7943873.299039917,5773,200,0.49327793065458536,7.559606489725411,176
398d23fd-6d30-46ae-84af-d93cb28a41f6,dec5032f-5640-4adb-8120-132fbe0e8a7b,7943864.246432316,7943864.535464616,7943873.366845256,2396,200,0.28903230000287294,8.831380640156567,288
2157c34c-7fb8-46eb-9e24-c717a0698234,905b7b66-f9e8-4004-b125-fe3a30572297,7943867.246396171,7943867.535555315,7943873.77981694,2817,200,0.2891591442748904,6.244261625222862,160
30a94895-5998-4c55-b3bc-14de109eb902,ec035cd5-4099-445f-80a6-d885e8148b75,7943865.246168229,7943865.514923467,7943873.792846759,2716,200,0.2687552385032177,8.277923291549087,288
4458ad02-95ae-4de2-8b15-1ea20410e01f,ea6e22c9-a8de-42ca-9570-58d1e9355915,7943868.246682601,7943868.570781116,7943873.841753077,3672,200,0.32409851532429457,5.270971960388124,176
b209fe24-6611-4e14-a996-e0e0efacf94b,07664316-d6e1-41da-94de-93685a509c09,7943867.246393864,7943867.346571832,7943873.847499748,5893,200,0.10017796792089939,6.5009279157966375,5888
6018b929-dabb-4c3d-b917-68e892a861c6,c56b9229-6877-464d-915f-96351da897ef,7943866.247039399,7943866.711837361,7943874.129827231,4707,200,0.46479796152561903,7.417989870533347,224
a26fad4f-14d8-4e67-ad91-8ae7ebcecf59,d6ffa9d6-2f92-432f-a7e0-2110ea985d38,7943865.246173076,7943866.405383187,7943874.147502725,5974,200,1.159210111014545,7.74211953766644,176
94778177-bb8a-488f-81c1-d6ea804fb920,934886bb-967b-466f-ae2a-130630c0b4d5,7943866.247036751,7943866.793620354,7943874.169765203,768,200,0.5465836022049189,7.376144849695265,192
6d8d88b5-5df5-42d7-a241-b7b128c28c44,861e29f7-4713-4676-b1bc-a4d3d62f4ef2,7943865.246170943,7943865.916247483,7943874.855580407,2811,200,0.670076540671289,8.939332923851907,0
28462064-fe5c-4639-a03c-c0bc398f7d6d,36072142-1340-4cca-b3ba-83f8c8f4afb5,7943864.246437997,7943864.857515572,7943874.9484645035,5968,200,0.6110775750130415,10.090948931872845,176
5e59ba2b-fda2-40dd-a6d0-bb18834e1a72,6228ccc2-550e-4c29-97cb-5246061c5a94,7943866.24702091,7943866.754898615,7943875.133904252,5840,200,0.5078777056187391,8.379005637019873,176
56309d14-0552-4851-b2d9-7948adb9d957,f3f64daf-5dba-42d9-a89e-1d5fd05daf60,7943866.24703431,7943866.764498832,7943875.193460862,5885,200,0.5174645213410258,8.42896203044802,176
3c3716e1-d077-43d3-9f82-7cbba108a024,61184d08-6e50-4c11-bf05-8e45841425f3,7943867.246390801,7943867.702030812,7943875.230462906,5305,200,0.4556400114670396,7.528432093560696,176
fc6f827c-37c2-463f-88dd-5e240a89ced5,471160fa-a8fe-4f94-b069-9a59621350cb,7943865.24617625,7943866.212322988,7943875.672888091,5976,200,0.9661467373371124,9.46056510321796,160
b1497fd2-5319-49b0-a1fb-d93085624d01,881cd439-cd62-4d96-be83-b9b80c159776,7943867.246375603,7943867.432510132,7943875.689739901,1454,200,0.18613452930003405,8.257229768671095,176
c3f18348-7d6f-4d0e-9664-aba3795c9d8f,6bef9240-78a1-482c-96d2-a89c97ba970c,7943866.247041805,7943866.897549601,7943875.76842225,2882,200,0.6505077965557575,8.87087264843285,288
1e518ecc-4a2e-40f5-9234-e48d46633789,d2e35e05-d494-455b-8b64-3602cd992e55,7943868.246673165,7943868.351649886,7943875.848977789,595,200,0.10497672110795975,7.497327903285623,176
ad3fcad8-ad0c-448c-8bb3-a944ca89957e,36c06fe6-5b24-4d05-aa49-6e7c64045ab9,7943867.246387942,7943867.942035879,7943875.887395799,3430,200,0.695647937245667,7.945359920151532,176
5e276550-f957-4ab6-bfda-077e59b15bc2,b2b28eea-494d-4c24-b6d8-00f553246d00,7943867.246384816,7943867.433393513,7943876.063120771,1472,200,0.18700869660824537,8.629727258346975,192
4d11fa4e-96fe-4ffc-8877-5a682c0537b2,060f2ac7-a6fe-475c-862b-44d01526e2fe,7943868.246685601,7943868.521740256,7943876.353857822,2894,200,0.27505465503782034,7.832117565907538,160
d58e85eb-de3e-4676-b60e-bafd2b0e4791,64d360e4-7905-43d3-8873-c6d7e150a922,7943869.246416014,7943869.547486981,7943876.410752142,3054,200,0.30107096768915653,6.863265160471201,192
c1de9c32-36bf-4908-8457-b5af5ad4f959,6cafcfd1-e154-4074-aed9-9d3b56fe9e3e,7943868.24668835,7943868.76107974,7943877.111091596,5984,200,0.5143913896754384,8.350011856295168,160
1f6c35c2-3883-424a-880c-c37cfd71f7fa,f67702ed-ffe8-4f1f-b79c-d71f9ba12c4f,7943869.246425723,7943869.431648068,7943877.652186059,1337,200,0.18522234540432692,8.220537991262972,160
50c6e311-e856-4eed-9566-e8a67bb9ef48,a941116a-c518-4f7b-bc3c-311e10bec57b,7943869.24643138,7943869.493903157,7943877.658130063,1035,200,0.2474717777222395,8.164226905442774,176
1d930eb7-c1de-4b01-97a0-d30f90654b69,1628d450-3fc3-4b73-9923-fce01e9f48ee,7943870.246317833,7943870.563731633,7943878.094898416,3676,200,0.3174138003960252,7.531166782602668,192
ffef7997-eaf6-4aaf-8d0d-1aecb6bbe9a2,7d83a754-194c-4131-be9f-21b4f40d2af1,7943869.246428473,7943869.947207284,7943878.1048634285,5717,200,0.7007788112387061,8.157656144350767,192
cb30e9d2-1d5f-4ace-9a47-cbde8313dc47,8b3b7df3-f53b-4397-b9ae-1bd08411c732,7943869.246434179,7943869.881408533,7943879.007752195,5915,200,0.6349743539467454,9.126343661919236,176
a5283f24-b6d2-4f40-bca5-ae657277d7ea,ceb63c9d-93ca-445d-9e1d-fe8b5b88d14c,7943869.246422995,7943869.7390113855,7943879.322101352,5820,200,0.49258839059621096,9.583089966326952,224
9b7cd34a-56be-430b-8923-703b8cc16f43,1261e235-5a20-4070-a57e-7f8c315979af,7943872.246799221,7943872.663508312,7943879.931498091,1899,200,0.4167090905830264,7.267989778891206,160
3293af33-35ef-4309-8225-ba09bf9e5483,6a06774c-a655-4c0f-9a71-d2ddd55097d6,7943870.246304327,7943870.343232441,7943880.14421558,449,200,0.09692811407148838,9.800983139313757,160
b45eb930-46e4-45d4-bd67-06a2ac296e49,ec035cd5-4099-445f-80a6-d885e8148b75,7943872.24680477,7943872.908686042,7943880.173259032,2690,200,0.6618812717497349,7.264572990126908,448
771107b2-1155-4681-bd4d-1769d5ff4241,ec1c5ea7-b4c6-4a5d-b57d-9ddcfc5712bc,7943873.246798632,7943873.744165923,7943880.449976252,5959,200,0.4973672917112708,6.7058103289455175,176
7201b446-1121-41c3-84d4-7dd13f425dda,cda35d87-8607-4ef3-a3a2-df474f3cb394,7943872.246790218,7943872.951569102,7943882.031856287,5790,200,0.7047788836061954,9.080287185497582,160
abe57062-4b80-4cd9-b663-c54ee37da9be,eac24277-21e2-44c9-80fc-a38e74362cc8,7943871.246125475,7943871.407386607,7943882.077659114,1831,200,0.16126113198697567,10.670272507704794,160
2e02b7f2-f888-489b-a0d5-a763f680d8df,977ac36b-bb7b-4aac-bf3e-938831af0d6d,7943873.246786923,7943873.745616922,7943882.152457235,5955,200,0.49882999900728464,8.406840313225985,256
3aa0928c-f571-49f9-a252-7a088d793878,04b0e516-69f4-450c-9856-35e89097255e,7943872.246810047,7943873.365199103,7943882.238837403,6027,200,1.1183890560641885,8.873638300225139,176
f7d37b23-68f6-4761-b498-c63100276a15,5c06298c-86e7-48f5-99ec-f360b1699941,7943873.246790646,7943873.669554288,7943882.269054781,4250,200,0.422763641923666,8.59950049314648,224
f49924f8-ce5d-4f0f-9f75-7cffe04e5f55,ce509adb-84cd-4828-852b-e10802b976ce,7943873.246796061,7943873.334869485,7943882.726155379,595,200,0.08807342406362295,9.391285893507302,224
0512e2e3-2f96-4c85-bd51-f8a9ef1d243e,c763213b-3ea9-43c8-82d2-a13bc4766d37,7943874.246298927,7943874.395842117,7943883.159864137,1191,200,0.14954319037497044,8.764022019691765,160
2b615158-aad3-4b45-87d9-4e69d3b304b3,f9c92a82-99c7-477b-95d5-3aed03818705,7943876.246538741,7943876.6625611875,7943883.183538877,3307,200,0.41602244693785906,6.520977689884603,176
1adbe90d-b74e-488d-99b8-4e516ddfa637,0bd71f2d-8ff1-4b8b-a899-9b785a451bbb,7943872.246813334,7943872.855565161,7943883.288359371,1505,200,0.6087518278509378,10.432794209569693,288
bdc1a9a6-fcfa-4717-b9b5-10d73328cc75,5ca8a6ad-a355-4018-902b-ec2a13ffca11,7943872.246801916,7943873.086510437,7943883.878517171,5805,200,0.8397085210308433,10.792006734758615,224
004b2f19-816f-4734-aa9e-915634a58bd9,c0e3d991-e188-4f78-8b8e-5dd01a6f8850,7943877.247055506,7943877.466513301,7943884.132857058,2521,200,0.21945779491215944,6.666343756951392,256
c724c05c-9e6a-41a5-b270-b21ad1594768,0b745e6f-d44a-48f9-a807-a21f2458356f,7943875.24664313,7943875.725035437,7943884.744749008,5992,200,0.4783923076465726,9.01971357036382,160
31b15ce8-9f83-41ad-9e7a-8928dd63edc4,6769e696-2581-4f98-b1bd-a92e8911c925,7943874.246307221,7943874.828822899,7943884.779315155,5970,200,0.5825156774371862,9.950492256321013,176
bdaab546-f5eb-4e99-968c-0482c00c78e7,c0dbd0bd-4010-4779-815e-795e06cc171a,7943872.246807475,7943873.41084181,7943884.953199199,4952,200,1.1640343349426985,11.542357389815152,192
eb4455a5-4a74-4b8b-b65d-6d4cfccdbc44,2ae37bed-8d28-4e69-b69c-68eced6190e3,7943873.246793058,7943873.711602533,7943884.980153378,3768,200,0.464809475466609,11.268550844863057,176
e6eb0a67-553c-476d-b69e-36facadac48f,b1d48415-2679-4cdf-930c-839699995501,7943873.246777778,7943873.569701957,7943885.119666128,3648,200,0.3229241790249944,11.54996417183429,176
c7338bac-460f-483c-bc29-5a44c53a824a,86bb770e-e896-4df8-98ac-b45dd9f48001,7943874.246302383,7943874.3636025395,7943885.138439034,1148,200,0.11730015650391579,10.774836494587362,160
66190a04-fb21-4ae0-82e7-e71dbc2f5c9c,39f0db0a-82e8-429d-aa53-89c2802d7dac,7943875.24664877,7943875.818921613,7943885.550390962,1097,200,0.5722728427499533,9.731469349004328,224
970247a0-ec01-490b-9a2d-62ee0a32fb33,e43607a6-bee1-4fdf-a0b4-8ea2245eecf1,7943876.246527657,7943876.509891159,7943885.900021449,1496,200,0.26336350198835135,9.390130289830267,192
ced0e751-b4be-4400-8f62-0dd613326a8c,27e00e2e-21f7-46b8-8008-d0a46fedbeee,7943875.246629993,7943875.353366628,7943885.964882175,799,200,0.1067366348579526,10.611515547148883,288
0d7c0390-5002-4c79-9289-44e93890f375,a4705d3f-c9cc-472f-8323-bf9e4593e138,7943878.246829132,7943878.721556204,7943886.13888148,5753,200,0.4747270727530122,7.417325275950134,160
85c7aa74-3a55-4d05-a62f-ecbc5adc0acd,77c5fe55-dea3-47e3-9fa4-17d19b193453,7943874.246305137,7943874.756643031,7943886.15429175,5830,200,0.5103378938511014,11.397648719139397,192
f63189d7-f7eb-4e36-9240-254d5edaf37c,38ca9ea7-6762-4ec6-bb70-b0490b13047b,7943875.246646245,7943875.488036029,7943886.212357049,1091,200,0.24138978403061628,10.72432101983577,192
e6f09af3-c119-4a3b-bfbe-dc6349e31d45,fda1a843-8c94-4359-a21c-7bd6444db827,7943876.246530534,7943876.442438018,7943886.222612814,631,200,0.19590748380869627,9.78017479646951,176
422bdc0b-f75f-409a-a10f-2f7a32d1033d,fba72a56-cd36-4731-8af1-a04f79c5aabf,7943877.247046422,7943877.514146635,7943886.273580388,2784,200,0.26710021309554577,8.759433752857149,192
d1c0c0f6-289e-401c-928b-95ccf3e30d69,4295c9d1-a245-45a2-ab2e-52b55d4bb49c,7943876.246541361,7943876.418030411,7943886.929181237,355,200,0.17148904968053102,10.51115082576871,160
c89ca386-eeff-4ccb-a37d-b5c1f8f20d00,c8b7ff65-cf0d-44ff-991e-2b8fd4458b22,7943877.247049244,7943877.688133429,7943886.935230509,4790,200,0.44108418468385935,9.24709708057344,176
f139cd13-58cf-46a0-891c-9619ce2c7921,1df59d7e-3949-4771-9ddc-e9beefe99db9,7943874.246289207,7943874.4402010795,7943887.3607734,2021,200,0.1939118728041649,12.92057232093066,192
2971cca9-4aef-41c9-929e-95444cd8360e,f271ebe9-b215-4499-a991-8ff24c4302bb,7943878.246834783,7943878.566080454,7943887.825164586,3429,200,0.31924567092210054,9.259084132499993,176
0295ac3c-726a-45a9-b975-0fa3e7d1aae8,236fc023-08a3-4a22-a449-4a04376484b6,7943875.246639822,7943875.765094979,7943887.856333327,6018,200,0.5184551570564508,12.091238347813487,192
a54e5870-2908-48ee-b5f6-382a8c16c5b5,934886bb-967b-466f-ae2a-130630c0b4d5,7943876.246516225,7943876.457406509,7943887.868595785,948,200,0.21089028380811214,11.411189276725054,192
2be4e1ee-a65a-40ef-b2b3-e5f94290d5e0,cd915048-11fd-46b6-9dd8-c6d53337db9a,7943879.246759416,7943879.325352592,7943888.028991042,726,200,0.07859317678958178,8.703638449311256,288
eec8f7e1-43e5-4dea-879a-db74e0216304,8f859b06-32e8-473b-8002-142e58a5ff49,7943877.247058351,7943878.228666504,7943888.165372849,6426,200,0.9816081533208489,9.936706345528364,192
22ebcd37-81ac-40be-95e3-d13255ffdfec,46874def-a8d1-42c8-9ef7-379c30144d14,7943876.246536352,7943876.8585143145,7943888.27709353,5948,200,0.6119779627770185,11.418579215183854,192
0c1ad82a-20ee-409d-a086-099fc42339fc,c13d9418-24a3-4ed3-8a2f-34e200890302,7943878.246832493,7943878.907931281,7943888.343477727,1085,200,0.6610987884923816,9.435546445660293,224
9c56ae3a-bc58-4b6e-b16f-841d86a8a427,d0030985-3721-47a2-be3f-a716ff7779ef,7943877.247030957,7943877.771290062,7943888.347231946,4015,200,0.5242591053247452,10.575941883958876,224
40079699-bbfd-463d-bb01-0d36822b9bc0,171cdbd7-f8eb-4c7c-a419-2dc4afcffa35,7943880.247037779,7943880.557863054,7943888.981687747,1383,200,0.3108252752572298,8.423824693076313,160
df359046-aa65-43aa-bc92-00593d7c8e09,4ea8f553-17d2-4104-a58f-9cd66ff1b47f,7943881.247095877,7943881.372524934,7943889.070134412,1100,200,0.12542905658483505,7.697609477676451,176
76733b46-af50-4468-9bc6-0cc4b8bf6184,5c47871b-d8be-425a-92e0-3bc8f1070874,7943876.246533582,7943876.817926781,7943889.285594582,5730,200,0.5713931992650032,12.467667800374329,192
8ce69b68-5ad5-4154-8c16-e98e64f9d08a,07c6cfe5-ddc2-4943-8c6c-6cb93009af4e,7943880.24704052,7943880.741403824,7943889.79707416,5839,200,0.494363303296268,9.055670335888863,176
fa21bad5-4402-435b-8dca-bc247807a7a8,57ff1918-00a6-4f1f-abf1-71b1dec34e08,7943878.246821053,7943878.469796758,7943889.886213214,2279,200,0.222975704818964,11.416416455991566,0
8adba27c-0a9d-4fb7-ae07-0a5b31bdbbf1,fa60773d-c882-463b-8316-07d4c895e992,7943877.247052045,7943877.743713373,7943889.954158714,6010,200,0.49666132871061563,12.2104453407228,192
7fe2b547-1c3b-410d-b2f0-af91d11c3640,3576d3c5-71c8-4aa8-bb01-7f961dd7500d,7943879.246743344,7943879.771879095,7943889.996799385,6368,200,0.5251357508823276,10.224920290522277,192
5cb99fc8-ee06-4228-b4fb-8466efc16781,1ba8fcf4-b3c2-4320-a37d-806f78c0ae0a,7943878.246836931,7943878.830593701,7943890.031734995,3834,200,0.5837567700073123,11.201141293160617,176
3cac8a8d-ed3e-4902-b153-8c6bc19abf2f,9c028c65-c498-4659-bd21-4f568b643385,7943882.246680405,7943882.722958194,7943890.769488874,6046,200,0.4762777891010046,8.046530679799616,176
288faf74-455f-49bf-b56f-4f5f8c815c5a,dd24355c-c6d1-461a-b504-e7f6f058e87e,7943879.246755588,7943879.705286427,7943890.937098531,4372,200,0.45853083953261375,11.231812103651464,224
db624bae-6106-44e9-b528-db5b8e459133,5e34dc58-8d28-4946-b67f-f69a67bb089a,7943876.24652475,7943876.832690668,7943890.985209806,6004,200,0.5861659180372953,14.152519137598574,160
91896557-aae9-4d58-876f-51d9c8fb4a4f,f2a16fba-8442-4899-b829-ef700bbd4eb1,7943883.246387758,7943883.813885288,7943891.011577766,5088,200,0.5674975300207734,7.1976924780756235,192
d4b4ba93-b908-42cc-af08-1e7395881c23,aeb913ad-d459-4fbd-906a-cf6ac2bb3fd1,7943883.24638135,7943884.3419684535,7943891.3425020585,5661,200,1.0955871036276221,7.000533604994416,224
bac7c52f-8bba-4b49-a270-cca027150023,912546cf-205f-4ad1-9d03-c1c3d84673d6,7943884.246274977,7943884.778328946,7943891.769884179,5940,200,0.5320539688691497,6.991555233485997,192
9261a8d9-0841-4b26-84e5-296db6ab7ac4,127f378e-d0dc-464e-a79a-fa7013197aab,7943877.247042975,7943878.225875535,7943891.816919114,5290,200,0.9788325596600771,13.591043579392135,176
5d0b6104-7e0c-4b0f-95de-0b60b5bb8b0f,e214ec5e-819d-494d-96be-4f44b7317ecc,7943882.246687915,7943882.489039535,7943892.088831238,2640,200,0.2423516195267439,9.599791703745723,176
8732dad8-2163-4dc3-ae7f-0e42aa526013,26f6e7fb-05d7-47ec-9c49-43b5ac7aed02,7943881.24708264,7943881.76887356,7943892.097430707,4071,200,0.5217909198254347,10.328557146713138,160
566e39c3-9853-47ce-8bc8-30dd6dd39fd0,eb47aef2-5af4-4ab2-9e3a-6321c91f6f64,7943881.247099966,7943881.740637668,7943892.179355443,5804,200,0.4935377025976777,10.438717775046825,176
669a8aee-d47c-46f5-a97d-41bf55045e93,6438b31e-b086-495f-8c72-0c6603de3583,7943884.246271224,7943884.771334746,7943892.315942754,764,200,0.5250635221600533,7.544608008116484,192
dbefdfde-f353-4b51-8acb-51720ca17c3e,41d7460a-e0a1-4300-9f40-37670c541e0c,7943882.246691656,7943882.353390691,7943892.637124425,1032,200,0.10669903457164764,10.283733733929694,288
39c211c1-51db-415c-976f-bedd78a700bd,5f73476c-5788-47d5-8c33-62022bc36395,7943883.246374791,7943883.635474853,7943893.091789851,4131,200,0.38910006266087294,9.45631499774754,176
f7813694-8acc-4729-9807-ba8a8adf02a5,dcc8b99b-cc01-4910-9253-2bf89c553910,7943885.246618826,7943885.420073816,7943893.201649762,1848,200,0.17345498967915773,7.781575946137309,160
8c40520a-5d4b-403c-8b24-d89e30988222,e0552d74-4f29-42bf-8508-a13c3c642f59,7943880.247034468,7943880.749433169,7943893.651928095,5706,200,0.5023987013846636,12.902494926005602,192
e8f49f77-6ed7-44e1-a6ac-0e6575a3cbe4,35c9b5dc-29e8-498f-9ad8-87fe22f17021,7943883.246391106,7943883.968683779,7943893.863743491,2588,200,0.722292672842741,9.895059711299837,176
34590147-1508-4f22-b618-0f9f338e0a7d,f4aff892-842b-4e98-af4c-cfd1deacf96e,7943884.246264366,7943884.472280288,7943894.014743498,2205,200,0.22601592168211937,9.542463209480047,288
6a940715-80f2-4a74-88f9-9e6f30574b0a,3ee16a31-eef8-4342-9c4e-7c45a1871994,7943884.246286486,7943884.646989086,7943894.1720122,1437,200,0.4007025994360447,9.525023113936186,192
6c707be8-eacb-4c42-95b4-eebdfec0ea98,8aa6063f-9cd1-4748-bc9a-78c44fd7370a,7943883.246358812,7943883.453066736,7943894.230086227,1896,200,0.2067079246044159,10.777019490487874,288
86c6d2af-84b6-4ede-814a-728679fe2ca7,7c3d9d5e-536a-4db4-bbf4-b05c9113f99d,7943883.246394717,7943883.57824123,7943894.25106934,1982,200,0.3318465128540993,10.672828109934926,224
e64b22d4-9c02-45f5-b80e-0de7de74535c,231beffe-da58-4516-af27-1182589624ee,7943883.246370813,7943884.558042171,7943894.812610664,4986,200,1.3116713585332036,10.254568492993712,192
7908b263-ce79-4738-9596-6db4c8cef40d,eaba400f-f029-457a-b05a-0a6f98a6ec83,7943884.246279132,7943884.780073774,7943894.836096853,2326,200,0.5337946424260736,10.056023078970611,192
13342ba5-2949-4599-be29-6780ca11a272,bd2ab0e4-b415-4560-8ada-17cafd1ace98,7943886.24643344,7943886.364218304,7943894.9219286535,1031,200,0.11778486426919699,8.557710349559784,400
febd1326-f23f-451a-a9b4-8295b3587ba7,d60ad5cd-2dca-4130-b76f-5c9c8c2a027b,7943885.246611568,7943885.746525049,7943894.942566244,5629,200,0.4999134810641408,9.196041194722056,176
4f8b1d6a-654c-4ce6-aeea-66fd12734986,e7ddf100-0645-4d83-9de1-cdfd98d12da1,7943879.246763182,7943879.544261632,7943895.291432959,3713,200,0.2974984496831894,15.747171327471733,176
f19db289-7bb8-4992-a906-12b6c9cf78bb,89984c0f-ab73-4aa4-b3b8-e96bb2c0c5b1,7943883.246384625,7943883.545572779,7943895.5714558195,2919,200,0.2991881538182497,12.025883040390909,160
91d63598-9eae-433f-8c32-640c0933a1f9,2d1467d2-a312-48c3-9684-57b9e2890fec,7943886.246430124,7943886.47285534,7943895.926204326,2291,200,0.22642521560192108,9.453348985873163,224
17187878-4f03-49a5-9c20-f42c48315f9a,5c310efb-bfc5-46d7-97ea-542167b82029,7943884.246290018,7943884.639106052,7943896.089525539,2743,200,0.39281603414565325,11.450419487431645,288
3b1e568a-0971-4832-9df0-61723152bef6,b0e0ac14-8af5-4799-bee0-183834e865d4,7943880.247025256,7943880.8244228065,7943896.146935301,5950,200,0.5773975504562259,15.322512494400144,176
36a50fba-0500-4853-9276-11a8df22c787,04c151c1-ee98-4835-b8ba-1681eccdd922,7943884.246267974,7943884.957317366,7943896.168642811,6496,200,0.711049391888082,11.211325444281101,192
4afc5e87-4a3e-4f83-b011-ba924b6e393a,4346426a-d1cf-4421-a05c-b8084161d1b8,7943887.246455096,7943887.379516393,7943896.219582738,1110,200,0.13306129723787308,8.840066345408559,176
6c2ce8e8-b83c-40de-8f4a-f25686c7dfc3,6c9f1413-e467-4d64-be9e-c1beccfa7d1a,7943887.246469369,7943887.4590700725,7943896.291448163,2322,200,0.21260070335119963,8.83237809035927,224
00ddcea0-a419-44ca-ad2e-d1fc417eef47,24dcaf79-471d-4093-b6e7-fcecb30f565a,7943886.246413388,7943886.758073548,7943896.954471723,5705,200,0.5116601595655084,10.19639817532152,160
f57d8147-16cc-4626-80c1-59389c8e54ae,16ee1f98-70d1-4f25-b592-1d867d4d1193,7943887.24646676,7943887.67307694,7943897.100747934,4897,200,0.42661018017679453,9.427670993842185,176
495b5b3d-ef44-48b2-8663-58f8915d7abb,cfcf8ea2-39e8-4b65-a05c-99c6f74fc7ff,7943888.247049642,7943888.415167752,7943897.183184617,943,200,0.16811810992658138,8.768016865476966,160
2b11a056-2d33-4bea-8d0c-4505bdbe9237,ec035cd5-4099-445f-80a6-d885e8148b75,7943885.24661569,7943885.509462501,7943897.766397473,2693,200,0.2628468107432127,12.25693497247994,16
0055c1a5-2254-4152-aa8a-67b7b06d000d,dc042378-78ad-458d-b1a6-44be64014146,7943888.247040774,7943888.455457753,7943898.1922885,1390,200,0.208416978828609,9.736830747686327,160
816deda1-272f-45e7-b436-c1df7b2b849b,b3f909ce-018e-4430-b0f6-b0dfbcd17eb4,7943886.2464267,7943886.72567353,7943899.283781583,5712,200,0.47924683056771755,12.558108053170145,176
3db2c780-34f4-44a8-8bd3-f7be833ebd3b,8201882b-3c83-4a5b-b140-7a5572375d5a,7943888.247057963,7943888.74707383,7943899.286455708,4216,200,0.5000158669427037,10.53938187751919,160
5daf1a3a-67d4-42bd-a2bb-78e8e03b710d,a87c1e2c-7a49-4744-9e7f-268e78b88eee,7943889.246867957,7943889.36945248,7943899.330254934,1082,200,0.12258452363312244,9.960802453570068,192
4e29b073-65f1-4ecd-b39d-9f6739334849,34604346-851a-41d2-9520-ce6b073a7cc6,7943887.24646361,7943887.441909522,7943899.960674008,2178,200,0.19544591195881367,12.518764486536384,224
b8dbcadb-0d6a-4c4f-9e87-e558ac0058cd,07664316-d6e1-41da-94de-93685a509c09,7943883.246378159,7943883.938632975,7943900.045893219,5893,200,0.6922548161819577,16.107260243967175,192
68c3b6c7-030b-4635-b327-2cd9717f1f45,4ac57aef-73b0-4d1e-900c-4a6b79a7c0bd,7943883.246397896,7943884.179401775,7943900.073355036,5352,200,0.9330038791522384,15.893953260965645,224
8113f24f-34ec-4f8c-b88c-fb1b432d876b,d1aebabe-6add-434e-8599-d63b95b83ad3,7943884.246254755,7943884.52114468,7943900.283746406,2676,200,0.2748899245634675,15.762601726688445,224
3bb8d16e-4548-44a1-a424-e2fea7ca32d1,ad3e5418-e180-424b-8b3f-a75453da1b2f,7943884.246283158,7943884.738971553,7943900.311799672,2831,200,0.4926883950829506,15.57282811962068,192
a9ccfe97-b5c0-4a8d-9802-a3ae85fe4d87,6bef9240-78a1-482c-96d2-a89c97ba970c,7943888.247052865,7943889.376306379,7943900.5310666915,2945,200,1.129253514111042,11.154760312289,16
2548a5c9-804d-41ea-987e-b8a9e16d1f5f,33112398-5129-4e1e-868e-09609c2b6bee,7943889.246884732,7943889.887485865,7943900.61269529,2802,200,0.6406011329963803,10.725209425203502,176
d75ee93c-38e9-4dc5-b312-b2cebee694e7,57ff1918-00a6-4f1f-abf1-71b1dec34e08,7943889.24687719,7943889.6387808565,7943900.866200762,2279,200,0.3919036667793989,11.227419905364513,272
02eff47c-66e7-4119-9df4-2c51cb90c659,8f981136-8343-4ee0-8adb-07bae5162d5b,7943891.246140951,7943891.769223676,7943900.879079937,5955,200,0.5230827247723937,9.109856260940433,192
cdfc9a1d-224c-4a7b-a87c-2e5eb432d6e5,d200f713-d4e3-48fd-85a8-eb68048a1bd1,7943892.246641971,7943892.779282852,7943901.062945511,5985,200,0.5326408809050918,8.28366265911609,176
2f07fcf8-37b2-4bda-b544-bed0e34ce0df,a3dab01f-d1d0-4917-85cd-54cb085d56db,7943888.24706034,7943888.756294491,7943901.083265166,774,200,0.5092341508716345,12.32697067502886,160
ffc9002f-35cf-487f-8ab5-ca760daeb3f4,6418d22e-6d88-463b-a16b-7587c147056d,7943888.247055855,7943889.323966536,7943901.539296248,5893,200,1.076910681091249,12.21532971225679,192
9c3fa182-893b-44e7-8b42-7e312661aa74,51098ee2-2e33-44d0-9eb4-d67710b1b109,7943889.246880216,7943889.739964936,7943901.567394275,5414,200,0.4930847203359008,11.827429339289665,224
22efc486-8ade-4b41-a9cd-29f431e48171,00960d8d-92b2-47dd-a410-ce898eaf23c2,7943893.246309276,7943893.74892401,7943901.802951608,5874,200,0.5026147346943617,8.054027597419918,176
6c06287d-9bd3-4211-a486-f02445f0282b,7d83a754-194c-4131-be9f-21b4f40d2af1,7943890.246381201,7943890.728813826,7943901.938108504,5717,200,0.4824326252564788,11.209294677712023,192
f2a499f2-f11e-45a8-a91a-5e11dee0b140,d1267d78-73ba-48bf-844a-30f28f4bac7c,7943885.246599135,7943885.759465157,7943902.044261032,5847,200,0.5128660220652819,16.284795874729753,176
8ae9cd18-9758-4ec4-b687-160e5b431fd1,aa942eaa-fb40-4ee4-a6e1-593548ba0dbd,7943891.246126881,7943891.749542553,7943902.1584168235,5898,200,0.503415672108531,10.408874270506203,192
a7e85ed5-29bc-4e58-b106-250c0378527a,e4dc0ced-f82e-4bf7-a8a7-2b3c0cd1ba02,7943890.246371998,7943890.422231888,7943902.162481398,1631,200,0.17585988994687796,11.74024950992316,176
8d5fb08a-9f90-443e-8bc3-edb5e413869f,28923570-dc4f-40ce-95e1-9bd4d262af79,7943892.246651199,7943892.821224828,7943902.666329792,5933,200,0.5745736295357347,9.84510496351868,192
4f4366bf-987d-4fce-ad73-c5027a49ec0f,1e4cedf5-0c16-460d-a662-72daaa3cfb4d,7943894.247084045,7943894.8507926995,7943902.729324953,5918,200,0.6037086546421051,7.878532253205776,192
f0feab8a-c103-4704-9c44-fb1233b1b342,b1d48415-2679-4cdf-930c-839699995501,7943892.246638454,7943892.637126271,7943902.750483575,3859,200,0.3904878171160817,10.11335730459541,176
eee30061-2dcc-4393-9f0c-c21f1fcbee93,2d04a413-22fe-4614-bb84-9ea52c8c3a73,7943890.246384278,7943890.744612344,7943902.769889971,5701,200,0.4982280656695366,12.025277627632022,160
45ed6eaa-9775-472d-8547-88610fda7f45,960d53c2-dc81-4753-bf81-c4f25c1aef1b,7943892.246654669,7943893.060269197,7943902.773044336,5896,200,0.8136145286262035,9.71277513820678,224
3bf6a14b-4810-4383-b9b4-7b539bfd6faa,1944b4a9-25a6-481b-a8a6-9b9e9f4d0c67,7943893.246315405,7943893.7799054915,7943902.785143467,5880,200,0.533590086735785,9.005237975157797,224
acd97c8d-7ecd-4ffc-818c-44e9ccb75ef7,7b2e5dae-5d3e-413e-aa17-79e5e13971cb,7943893.246306011,7943893.737130954,7943903.043077958,5800,200,0.49082494247704744,9.305947003886104,192
155d5f76-180e-45ea-b7c7-4a85f0c424c8,b4527815-5a94-4cdd-8d25-4cd8b6f2f33f,7943886.246422783,7943886.564021592,7943903.21714173,2394,200,0.3175988094881177,16.653120137751102,0
387f084d-99b7-4919-a75b-44f1b504e87c,ce509adb-84cd-4828-852b-e10802b976ce,7943894.247087986,7943894.514958154,7943903.256522638,595,200,0.26787016820162535,8.741564483381808,224
8143caaa-577c-49b2-84f9-1f9fd0b2a3a7,940160ec-0bfb-4ebc-ac97-abf254489499,7943892.246647789,7943893.982035522,7943903.278211988,6395,200,1.735387733206153,9.2961764652282,192
bf05f8de-e9fb-467e-80b6-ca8ca6442059,42b78ebd-17aa-4ddc-8442-4e4fb55a60c8,7943893.24631896,7943893.981871274,7943903.277543003,3006,200,0.7355523146688938,9.295671728439629,160
60e9b007-4f9f-464d-acab-999006f7c1fd,9711cf50-ddc8-4966-85ef-b4c71ee210d4,7943891.246138602,7943891.755535063,7943904.0790556865,5859,200,0.5093964617699385,12.323520623147488,192
3d4266f0-a3a1-406c-86fa-7d0ed3b317d9,795cc20d-671d-410c-bce2-c55dbac8dc37,7943894.247091673,7943894.856635952,7943904.098879155,5957,200,0.6095442790538073,9.242243202403188,192
85a452b2-7c14-48aa-9b3c-fc2d0e737675,8c2d8f7d-60fa-4adc-b7e0-562e4b1056d2,7943892.246657611,7943892.88460996,7943904.260054722,2056,200,0.6379523491486907,11.375444762408733,192
da8dedc7-820f-4e69-a485-bb65ce97b797,c13d9418-24a3-4ed3-8a2f-34e200890302,7943892.246645008,7943892.441269067,7943904.393998582,1085,200,0.19462405890226364,11.952729514800012,1072
78b56cbe-71b3-42d4-8925-ce1967adcf08,c1b75d15-4b27-406d-967a-f255a4effcdf,7943892.246628099,7943892.789886588,7943905.032929909,5901,200,0.5432584891095757,12.243043321184814,176
db8183bd-5151-4f1f-9775-814481bfaa44,6be13090-1fa6-466d-b960-d0765f22b5e4,7943888.24706361,7943889.408152274,7943905.564359494,5928,200,1.161088664084673,16.156207219697535,160
7a936b59-9353-4a1a-b309-01aecfeea488,6fb86cb0-b646-4ecd-8730-d6ed365d30a3,7943895.246160641,7943895.751157655,7943905.628796032,5869,200,0.5049970140680671,9.877638376317918,160
20c0f117-0a8e-47de-9a7d-cf50957308dd,d0030985-3721-47a2-be3f-a716ff7779ef,7943893.24631227,7943893.619396793,7943905.84387339,4003,200,0.37308452278375626,12.22447659727186,224
80997087-3212-4756-96c2-0c723758b878,c5eb325e-4501-406f-86a4-ccbdef7dd488,7943889.24688266,7943890.134366657,7943905.977638665,5778,200,0.8874839963391423,15.843272008001804,160
70f75467-cde6-4919-b1c5-bc6dcd0bc0fa,42303959-8373-4fb5-b881-e39d2351d467,7943897.246163364,7943897.624841421,7943906.198476965,3539,200,0.3786780573427677,8.573635543696582,192
418c6e87-5453-4a33-9175-ad3f5561262b,ed4008e7-8fb2-4c86-98dd-bbd7d9a96ecf,7943896.24626684,7943896.923420032,7943906.238446853,5971,200,0.6771531915292144,9.315026821568608,176
e8d2faaf-e14a-4151-a753-89fc9e559645,41ebc82e-eb6d-418f-b73e-022fa300e998,7943890.246386906,7943890.982647573,7943906.263830899,5839,200,0.7362606665119529,15.281183326616883,160
18bffb02-c88f-43c9-a632-b9bb6bd7c2f4,87203db3-07a9-41c9-8809-fcaafbca8a36,7943895.24615418,7943895.763001818,7943906.316950469,5850,200,0.51684763841331,10.553948651067913,384
1533f281-4282-464b-9013-106b9cd6b099,06bd9fe0-2b10-467b-8ee7-3de10fda9474,7943891.246135352,7943891.816332386,7943906.5482670395,6051,200,0.5701970336958766,14.73193465359509,176
b3db7ee2-7a36-440a-9646-3e392d3ae7b1,0bd71f2d-8ff1-4b8b-a899-9b785a451bbb,7943892.246660507,7943892.85093808,7943906.663631633,1539,200,0.604277572594583,13.812693553045392,16
60ae8c82-3c4c-4956-aecd-c946c73fa30c,bbea6a5c-8d47-4003-8b31-48aa9eb697ca,7943897.246176804,7943897.81430992,7943906.953243134,6511,200,0.5681331157684326,9.138933213427663,192
ed705efa-6860-4537-9370-ccf2f477a189,90dca292-00d5-4d7c-b7ca-be3920741df0,7943893.24629726,7943893.757860839,7943907.123536147,5878,200,0.5115635795518756,13.365675307810307,176
497e0ff7-6c1b-440e-9915-15c6196b03c8,240c36b4-8f22-4cfd-bfbb-90147dc774e6,7943894.247074086,7943894.945461289,7943907.232133489,5820,200,0.6983872028067708,12.286672200076282,176
0351e4b1-c2fd-4d93-b852-e6b7a5461637,a0029e44-bbfc-40dd-aa13-4c3bc41def2e,7943897.246159676,7943897.446451469,7943907.358622976,1730,200,0.2002917928621173,9.91217150632292,160
5222ed5c-e38c-4ec4-9dee-100c86e3426c,d3954709-3e90-4162-b807-366fedb25f30,7943895.24615807,7943895.555951987,7943907.932180242,2699,200,0.30979391746222973,12.376228254288435,288
3a81f59e-2f4d-4efd-a2f5-818b3d0e48f7,30971b06-21cb-430b-9b96-f4da653a673d,7943895.246144705,7943895.742465559,7943907.963795808,5884,200,0.49632085394114256,12.221330248750746,176
3fa1889b-8222-406b-b9c6-8bbdad77eacf,fb6d507d-694c-4402-9d45-f0e30b2ce003,7943896.246270071,7943896.420557061,7943908.104590879,1695,200,0.17428699042648077,11.684033817611635,192
61408bf8-e566-41cb-a736-fe40d14371eb,ccd8f2c3-44d3-41c4-91db-1ba4dc5f9701,7943899.246929538,7943899.474778893,7943908.391516484,2367,200,0.22784935496747494,8.916737590916455,192
99377660-17db-4219-baac-096b17010ad8,e0f89448-f876-416b-8010-7e072a728504,7943900.247039468,7943900.750769401,7943908.722552947,5876,200,0.5037299329414964,7.971783545799553,160
2cb2f667-6b97-401b-bf0d-5b04a38f8453,196b3ba3-fa8c-4255-8678-43251bc0da68,7943898.246965061,7943898.902589475,7943908.761000416,2029,200,0.6556244138628244,9.858410941436887,160
2dc1aea1-3002-4cdf-a686-271cf3d521de,dc8da506-377a-47db-b74b-fa65c921225f,7943897.246173194,7943898.167364562,7943908.838135976,6029,200,0.921191368252039,10.670771414414048,192
e65813cc-7d0a-4e8c-a8fd-24710e2c9ec3,53331c8b-4eec-428f-89e8-96e8338db919,7943897.246166454,7943897.764932622,7943908.9337557,5818,200,0.5187661685049534,11.168823077343404,160
d0c1ebcb-33b6-41a6-a21a-5e36c9fc0e6a,c0dbd0bd-4010-4779-815e-795e06cc171a,7943896.246273026,7943896.685973234,7943908.959738233,4952,200,0.4397002076730132,12.273764999583364,192
6f697de2-78fe-4042-b423-72e272421b63,9b9edbc7-220b-4ac4-815e-b9209e973b09,7943901.24626581,7943901.675640029,7943909.085487647,4664,200,0.4293742189183831,7.409847618080676,192
2b3e9bd0-29ec-4403-834e-b962f881e27a,754d16d3-ea57-4edc-91a1-c28db76c5ec2,7943898.246961635,7943898.835532604,7943909.124225394,5789,200,0.5885709691792727,10.288692790083587,160
5c7fc5ac-d138-49af-a85e-3ee15e65b268,471160fa-a8fe-4f94-b069-9a59621350cb,7943896.246257848,7943896.750075755,7943909.129836519,5976,200,0.5038179066032171,12.379760764539242,160
aabf8763-d7bc-4af7-8b37-d8020b2982c7,11125870-5b26-45ea-8fba-47c68888a24c,7943897.246150292,7943897.565559679,7943909.175674679,3134,200,0.31940938625484705,11.61011500004679,224
94bb23cc-f20c-4d72-9dc4-ef39c61e994c,9d906d38-5a40-402b-9306-6739e6010f19,7943899.246926514,7943899.4103099555,7943909.198387944,693,200,0.16338344104588032,9.788077988661826,192
a97cd9db-a3bd-47a0-bbe8-15043e4b2f9b,8aa6063f-9cd1-4748-bc9a-78c44fd7370a,7943899.246922292,7943899.593811036,7943909.2081604935,1951,200,0.34688874427229166,9.61434945743531,288
e34e1d4c-c1dd-42d6-bfd5-093c3c22aec7,47b6f51c-e139-4524-b0ed-2b8a71627474,7943897.246169609,7943898.195652183,7943909.3332160115,5777,200,0.9494825741276145,11.137563828378916,160
c32a4f53-830b-44a5-8b83-a2f26b9a60c3,90459a3b-3485-49f1-9ff4-20b06e66b7dc,7943898.246957686,7943898.919452248,7943910.019995261,5834,200,0.672494562342763,11.100543012842536,160
6816b7d3-751f-48f4-af33-11b9957adce5,282e0f6f-de8f-4a61-aab6-17114cdd3384,7943898.246945365,7943898.6091228165,7943910.0637311125,2277,200,0.3621774511411786,11.45460829604417,192
c0ddb095-305a-46a7-8a73-776f10e7f947,f4aff892-842b-4e98-af4c-cfd1deacf96e,7943900.247055495,7943900.496078192,7943910.144460385,2189,200,0.24902269709855318,9.648382192477584,16
9696586e-4e1d-47bd-94c4-45e65b1bc012,ebb1ca76-edc7-4fc1-baf1-d741d0a23195,7943898.246968165,7943899.0313924495,7943910.170938427,5876,200,0.7844242844730616,11.139545977115631,176
35381a4f-f174-4a53-afff-1f754d48ae2d,623901f7-e6f9-48bd-828b-b5728990d3b2,7943899.246908309,7943899.853642552,7943910.254078906,2570,200,0.606734243221581,10.400436353869736,192
5a9af3b4-746a-4cf2-b9b5-f9283561a5f1,5c310efb-bfc5-46d7-97ea-542167b82029,7943901.246275456,7943901.516630195,7943910.554680155,2744,200,0.2703547393903136,9.03804995957762,288
49344963-87a5-4831-84bf-3c8151018ac5,fa60773d-c882-463b-8316-07d4c895e992,7943900.247052856,7943901.181264693,7943910.918606819,5958,200,0.9342118371278048,9.737342125736177,192
f0d880e4-859b-4f0f-a800-e3d6193a282b,af58fe18-5abf-4a30-a78b-73561c06d4f2,7943900.247058697,7943900.5287744,7943910.956242925,2371,200,0.2817157031968236,10.427468524314463,288
68e9581c-5164-4820-b8eb-1b794a53987a,e5488a62-a6e0-4b98-a167-55ef476697ef,7943903.246653324,7943903.4281853,7943911.04429724,1577,200,0.18153197597712278,7.6161119397729635,192
9d31027d-1829-41c1-b9eb-2525c65af66a,e3db737d-83d5-49ea-8fb1-6b8a17dd5c81,7943900.247048855,7943901.334654285,7943911.089884673,5966,200,1.0876054298132658,9.755230388604105,176
f9d8e1ae-95e0-4fda-93c7-f68e6970595b,41d7460a-e0a1-4300-9f40-37670c541e0c,7943901.246279361,7943901.420481387,7943911.111457082,1085,200,0.1742020258679986,9.690975695848465,288
b5814c89-5011-44b7-9eaa-9b340f4bbfa8,bae42ab0-315a-422a-8e89-6a7cf4b10773,7943901.246255383,7943901.748049172,7943911.28049965,5912,200,0.5017937887459993,9.53245047852397,160
191b3d92-cc00-49cd-a588-21c341b41b0a,f77b3e1a-28ab-448e-9c49-1437284550c7,7943902.246895034,7943902.345503141,7943911.746901122,942,200,0.09860810730606318,9.401397980749607,224
709b0e6c-4180-46e8-a6b6-b5ccde83149d,b4c5b65e-b0b2-4149-a9a2-a49a11473845,7943901.246271791,7943901.761591857,7943911.968548235,5820,200,0.5153200663626194,10.206956377252936,160
56c8067f-be5d-40a8-ba82-a200a06b5379,dced35a2-1f71-49ea-a75d-eee733b63868,7943902.246879684,7943902.7220888315,7943911.973262027,5784,200,0.47520914766937494,9.251173195429146,176
ab2e3ba4-e4bd-402f-9af3-fc8dd1588210,d2e35e05-d494-455b-8b64-3602cd992e55,7943903.246661327,7943903.350631833,7943912.041443526,595,200,0.10397050622850657,8.690811692737043,176
93d973c8-a1e4-4d34-8e07-888a7b2a1cc4,afe6f909-f768-4fd6-b7ba-ab195b5c9b8e,7943904.246504904,7943904.997668495,7943912.191340275,2778,200,0.7511635916307569,7.193671779707074,192
af247d60-e4eb-43c9-b6f1-a5674e299cf9,c7982c70-c5d4-4b9d-9f05-ceacbb6c0ad6,7943903.246667727,7943903.467240615,7943912.197717259,2246,200,0.2205728879198432,8.730476643890142,192
1152e4b5-7818-42fb-bb40-900f9a563e5e,44838094-3154-4ad0-aad1-71143ecb6bab,7943902.246891261,7943903.856040507,7943912.530377261,5884,200,1.609149245545268,8.674336754716933,192
8a8fed37-66b7-431b-bd0a-228966e96d0f,d1a58fee-2699-4cde-8dec-5a26bda64889,7943904.246484274,7943904.673415296,7943912.6634396445,3583,200,0.42693102173507214,7.990024348720908,192
1493d155-26b2-4721-9108-e2530a0c7966,5ca8a6ad-a355-4018-902b-ec2a13ffca11,7943901.246268786,7943901.727352694,7943912.752354452,5832,200,0.4810839081183076,11.02500175870955,224
9b6477f5-c3f1-4489-ada0-47d2ad59f736,6769e696-2581-4f98-b1bd-a92e8911c925,7943903.246664634,7943903.747761536,7943912.957693955,5970,200,0.5010969024151564,9.20993241854012,176
680e11fb-ce21-453c-926f-36a4d6b14fc7,a2d50e13-b70d-4fc7-ae7b-c9da9cadaf6a,7943904.24651663,7943905.341709522,7943913.002813019,5677,200,1.0951928915455937,7.661103497259319,160
ba588427-4063-44b1-8ae4-1e4f3952d24f,6205a7d7-30c6-4588-aae4-93bd8a23b6d5,7943904.246511863,7943904.602801332,7943913.115517319,2867,200,0.3562894696369767,8.512715986929834,160
4f386db6-7247-4e5e-9f46-d681652b2478,1628d450-3fc3-4b73-9923-fce01e9f48ee,7943904.246508242,7943905.04318321,7943913.122744579,3676,200,0.7966749686747789,8.079561368562281,192
daf67d53-87b0-4054-9369-6d57b8903b54,6438b31e-b086-495f-8c72-0c6603de3583,7943904.246495237,7943904.441795502,7943913.144061697,764,200,0.19530026521533728,8.702266194857657,192
369361cf-402f-4f4b-8599-89b4a4c02e5d,13c19d21-f311-4a3a-97bb-1e152f24a81d,7943904.246498887,7943904.965824055,7943913.73829279,6817,200,0.7193251671269536,8.772468735463917,192
b694f6b0-2836-4ee3-98ea-63614fb01c61,dff993b8-19dc-45b2-9b6f-11b92241e9b2,7943906.246391006,7943906.541829853,7943913.876398471,1558,200,0.2954388475045562,7.334568617865443,192
61c08260-d190-45dc-82b7-2d0884d48eb5,a97b3419-50d1-4d99-ba18-6269343a8188,7943906.24638307,7943906.641451529,7943913.943316804,4137,200,0.39506845921278,7.301865275017917,160
3a07dda5-a539-4f19-93bc-8b20e83060f2,41705093-4c8c-4a90-99d2-ad3181aceb70,7943905.246251111,7943905.681133699,7943914.065963897,5701,200,0.4348825877532363,8.384830198250711,1024
db8eb6a8-9dbb-4a57-b7bf-64fdc0acaca6,25764557-8d50-4bc3-8d58-ccb7ee44ac5a,7943905.246239333,7943905.472170366,7943914.178354143,2529,200,0.22593103256076574,8.706183777190745,224
abb3e2a3-d85e-4adb-b395-8ecbf41f9c6d,f3a3a146-a735-459e-af58-d3d7626b4a21,7943906.246378382,7943906.881559172,7943914.227496199,5709,200,0.6351807899773121,7.345937027595937,192
1cb094b2-d02a-414f-9c31-dc72923150e9,50844e5e-9277-49cc-b561-36669f0ad23e,7943906.246367434,7943906.628222311,7943914.858524566,3714,200,0.3818548768758774,8.230302254669368,192
d255dedd-7089-4d61-bd18-8660723bba94,dec5032f-5640-4adb-8120-132fbe0e8a7b,7943906.246388624,7943907.354777831,7943914.872258708,2373,200,1.1083892062306404,7.517480877228081,16
de31c304-4be5-431b-acd9-683272ac35c0,f93cf9d2-38b2-470c-ab49-c0cef71be9fc,7943906.246385526,7943907.0069085695,7943914.877534607,4903,200,0.7605230435729027,7.870626037940383,176
62ba4635-a182-4dd8-9137-fd38540c7b4a,4ea323b6-3ea0-43fc-b190-c775d192ad29,7943908.246909031,7943908.358443203,7943915.022764987,649,200,0.11153417266905308,6.664321783930063,160
8da0f5fe-abe7-492e-86f2-4bef4dea2637,4681109f-b6ac-4c2e-b51b-95fbb0ccf6fc,7943907.246549206,7943907.679332103,7943915.115457981,5228,200,0.43278289679437876,7.436125878244638,224
bc79281e-3e61-4431-81f0-5d8a63ffc1f4,fc03dbf1-0de7-4854-9fc3-dbbc06937d77,7943906.246393596,7943907.363352608,7943915.139065958,5870,200,1.1169590121135116,7.7757133496925235,224
96e8459d-1d5d-4eb1-b754-92f88d9c9bb0,0510668b-2e39-4521-abbf-68606b666ffd,7943906.246380766,7943907.1264702985,7943915.824622452,3214,200,0.880089532583952,8.698152153752744,192
0002241c-972f-4941-8ef6-7d794b3aa592,f5b97146-dcd1-49f1-afff-ca5345e46e8b,7943908.246924306,7943908.731799256,7943915.850045724,5973,200,0.48487494979053736,7.118246467784047,160
62694c65-ef93-4f2b-b0f6-4386af1f98ec,a59afcff-3049-48a3-b277-5a727d2c27e6,7943908.246916216,7943908.733834305,7943915.86057154,3499,200,0.4869180889800191,7.126737235113978,192
5c4e96d5-a994-4b54-a5c9-4847269162eb,1434280e-db6a-489c-bee3-dabaf81a8a75,7943908.246919942,7943908.477473275,7943915.906160708,2436,200,0.23055333271622658,7.428687432780862,192
65b343b8-3551-43e3-9041-b7f09d281493,170812a6-cb38-4169-bec1-bbe2e86c6001,7943909.246810735,7943909.455415067,7943915.94071212,1707,200,0.2086043320596218,6.48529705312103,256
dcb6edd5-a263-4af8-8f90-ffe984597cde,034fada1-6ff3-494e-9df1-8d72fa54e215,7943910.246352461,7943910.529418924,7943916.770922655,2990,200,0.2830664627254009,6.2415037313476205,160
c9681b89-c242-46ed-a109-8131802f0e6c,2cba0280-e9ce-4e04-935e-d0af6820ee0e,7943909.24681393,7943909.762155221,7943916.792239919,5714,200,0.5153412912040949,7.030084698460996,176
f0cf1452-6990-4f1d-a2f1-6d82da31c1cf,4008439a-7054-4643-abe9-8e6901c83b3f,7943908.246896333,7943908.343587014,7943916.894024487,594,200,0.09669068083167076,8.550437472760677,288
c6667290-f817-4ffa-9221-a053c4d04906,0936669e-5c64-4f1d-ada6-04ce9a565d14,7943909.246824948,7943909.703576671,7943917.062177285,2594,200,0.4567517228424549,7.35860061366111,288
dc782820-a792-4a94-b339-132d30ec167e,f20a741c-0fb3-4811-91f0-bee136177ca3,7943904.246502091,7943905.404268205,7943917.076245851,5799,200,1.1577661139890552,11.671977645717561,224
9c2c8bb8-d876-4a60-add1-85f34257cb0d,e0cfc694-73d4-4603-9a29-1bdf768266fa,7943910.246350002,7943910.439767596,7943917.080239565,2182,200,0.19341759476810694,6.6404719687998295,160
1211e6cd-3681-4f3b-8953-1be2787fd5e6,3e6c5d34-1386-4cd8-9374-9aa3862b99fd,7943908.24691301,7943908.857211647,7943917.084314114,3019,200,0.6102986363694072,8.227102467790246,192
0a0fad80-a7ea-4185-a922-5054445d7ee0,0bd71f2d-8ff1-4b8b-a899-9b785a451bbb,7943909.246816957,7943909.8535155,7943917.191159077,1533,200,0.6066985428333282,7.337643576785922,16
a09967f6-c086-4b06-85e0-c02a37780f3f,cefc6823-5ff4-4638-94ce-6bc5efae4bb7,7943910.246355152,7943910.33106486,7943917.597519119,357,200,0.0847097085788846,7.266454258933663,176
84fe7c30-8291-4c1c-9ae9-e52d81357a10,4df870a1-f984-48dc-93fb-96ee01475d6f,7943906.246375496,7943906.719165391,7943917.695724544,4793,200,0.4727898957207799,10.976559152826667,192
2e0287df-c6ce-4a01-b751-a643d1b66791,33ea6c12-64ad-418c-9fdf-8678e88b1bad,7943906.246396537,7943907.151332796,7943917.715840881,5976,200,0.9049362586811185,10.564508085139096,160
4eb7b985-f207-4bff-bd3f-2c13217f09ea,4ed73052-44e1-40c2-9767-c1fdeb96c4c1,7943911.2476792,7943911.948995711,7943917.877314219,5861,200,0.7013165112584829,5.928318507969379,224
79c26ec8-8bc9-4c9c-9870-52448bd026a2,0de88066-b060-43c4-86e8-92b4ba42d652,7943910.246338099,7943910.368943546,7943917.900060318,875,200,0.12260544672608376,7.531116772443056,192
e284eb40-3e26-4f19-9521-82f4a5c7294a,e252c7b2-268a-46f8-9aef-034d91473c0c,7943907.246558684,7943907.751605342,7943917.902903323,5978,200,0.505046658217907,10.15129798091948,160
66b74ae8-98b0-4fd8-b862-29349e87f02a,ce509adb-84cd-4828-852b-e10802b976ce,7943911.247673973,7943911.408255812,7943917.916657981,595,200,0.16058183833956718,6.5084021696820855,224
6517471c-c52e-45b0-aafa-0b2d1aac3a36,977ac36b-bb7b-4aac-bf3e-938831af0d6d,7943909.246819789,7943909.953655907,7943917.983975872,5961,200,0.706836118362844,8.030319965444505,256
ab445b04-95ff-4650-b14d-266dd8be42fb,27e00e2e-21f7-46b8-8008-d0a46fedbeee,7943909.246801832,7943909.395984882,7943918.022593105,852,200,0.14918304979801178,8.62660822365433,288
3c0756ed-613c-4359-b4ba-92a7caee864e,f2c8fa8a-6fa2-439d-8757-8199060b169a,7943910.246346468,7943910.674308906,7943918.78386353,4974,200,0.4279624382033944,8.109554623253644,176
d1ede773-4393-4302-bf8d-fd144cf63819,3bdbe03e-f2c9-476d-be78-5845bc3d6cf8,7943908.246928242,7943908.719483707,7943918.8465860095,4919,200,0.47255546506494284,10.127102302387357,192
0cc5ab2c-8bc9-4261-a435-8f793dffcf8f,5b395a28-37db-4f2f-9699-dc343bce8a3b,7943911.247681252,7943911.573248393,7943919.147583636,1524,200,0.3255671411752701,7.574335243552923,176
a8e60029-a333-4513-9ad1-0efc0b16fb9b,881cd439-cd62-4d96-be83-b9b80c159776,7943912.247029882,7943912.419598446,7943919.224232843,1617,200,0.17256856430321932,6.804634396918118,176
964783a4-0b07-48b2-841f-74e72243aa55,f4aff892-842b-4e98-af4c-cfd1deacf96e,7943912.24701162,7943912.490064253,7943919.467650884,2183,200,0.24305263347923756,6.977586630731821,16
f8d87142-4bb3-48a1-a708-dd90602233c0,c0dbd0bd-4010-4779-815e-795e06cc171a,7943911.247665331,7943912.015670352,7943919.80043567,4952,200,0.768005020916462,7.784765318036079,192
b9e2840b-62a4-4f55-8271-d33f65d5e8ba,b7660a54-c8d6-4417-beda-becfd4ccc9ca,7943912.247035438,7943912.761092522,7943920.131228638,5932,200,0.5140570839866996,7.3701361157000065,160
cb615ada-2433-4f4d-8adc-f3c6d8a76831,cc69a023-c1c3-4dcc-9d6f-d347a10e1419,7943913.246904371,7943913.69452504,7943920.9272557115,4592,200,0.4476206684485078,7.23273067176342,176
b1ff36a5-68df-49f9-a9dc-27e4ca1a6abb,231beffe-da58-4516-af27-1182589624ee,7943911.247676943,7943911.914979625,7943921.009870965,5138,200,0.667302681133151,9.094891340471804,192
15051fba-7e93-4967-8ef8-c02c5d5092be,6cafcfd1-e154-4074-aed9-9d3b56fe9e3e,7943912.247026792,7943912.761278554,7943921.095590049,5915,200,0.5142517620697618,8.334311495535076,160
e7082ec0-4dde-4c36-9d6f-bce1bc7fa739,aeb913ad-d459-4fbd-906a-cf6ac2bb3fd1,7943912.247038485,7943912.743739844,7943921.108692417,5661,200,0.49670135974884033,8.364952572621405,224
34c8ff9b-0806-46fd-8270-a3a2f78c4221,9f4a967c-69d5-46cb-a48b-7028ac8a0984,7943913.246918447,7943913.706626868,7943921.158876631,4804,200,0.4597084205597639,7.452249763533473,176
9f67164c-232f-40cf-ba56-d90ae1627175,20a3f959-78cc-46c6-8962-31e21ecd5c4e,7943914.246239582,7943914.43848894,7943921.174410701,1579,200,0.1922493577003479,6.735921761021018,192
826d1d7a-56a3-4545-bc2f-77083ff5308b,01bf6cef-c97b-4d6f-8ae2-8102bf0f9a79,7943913.246916067,7943913.743891534,7943921.987329723,5807,200,0.49697546754032373,8.243438188917935,224
55a6955a-1d6d-40e1-b84f-501601f66e89,1bc73e7d-6b0e-4755-ade4-f801a54d64d7,7943914.24624657,7943914.7691902,7943922.26734892,1378,200,0.5229436298832297,7.498158720321953,176
11702636-1d8b-4819-b0c6-97fcdd28ca59,b8da1dd5-81ed-4005-bc7f-80a71f22ed71,7943909.246822239,7943909.84086488,7943922.380618523,5090,200,0.5940426411107183,12.539753642864525,176
29a5d16b-45d6-4d10-bdd0-122a3251a7f2,24dcaf79-471d-4093-b6e7-fcecb30f565a,7943915.247061544,7943915.8645466715,7943923.628065048,5874,200,0.6174851274117827,7.763518376275897,160
7f213ac5-51d9-4e18-a7a8-5153ff8d1911,103ef819-f19e-40e3-afdd-3c194e788d50,7943915.247066931,7943916.207895386,7943924.1810788745,5836,200,0.9608284551650286,7.973183488473296,176
90fad6c7-a375-42e7-8964-3885f28bc8c8,060f2ac7-a6fe-475c-862b-44d01526e2fe,7943914.246231084,7943914.533196866,7943924.296692379,2894,200,0.28696578182280064,9.763495513238013,160
234d294b-51d2-49d3-b894-75902af1a977,6aa47392-d059-41e1-b0df-daff049d420c,7943914.24624264,7943914.8591912165,7943924.550517835,6085,200,0.6129485769197345,9.69132661819458,176
28f082ce-8cdd-467c-a710-a4fd385583e4,39f0db0a-82e8-429d-aa53-89c2802d7dac,7943917.24705462,7943917.379799924,7943924.941599183,1097,200,0.13274530414491892,7.561799258925021,224
ddb001c2-64fd-45b7-982b-6ad2501ba9e6,43457d7f-b6c5-459b-ad04-d0f5e27a0f7c,7943915.24705376,7943915.5640244745,7943925.0245883325,2230,200,0.3169707143679261,9.460563858039677,288
1bb60459-aa9f-4e5b-af35-aab96aa198fc,fda1a843-8c94-4359-a21c-7bd6444db827,7943917.247056803,7943917.359845447,7943925.068118848,837,200,0.11278864461928606,7.708273400552571,176
9025d322-4bdf-4a73-a6e4-c91c6e56873d,f9c92a82-99c7-477b-95d5-3aed03818705,7943915.247069074,7943916.006286958,7943925.117565466,3500,200,0.7592178843915462,9.111278507858515,176
b1666d28-cbe2-468c-ad8e-63b499a0b36e,ff721aff-e43e-491c-a1bd-376484481958,7943915.247059038,7943915.856143765,7943925.6373625165,5961,200,0.609084727242589,9.781218751333654,224
8f0c72a6-764a-4e56-bd3f-8ce483c38c1a,ee855e58-40b7-4582-8d97-9ecf0170c5b2,7943912.24703249,7943912.392447256,7943925.752204116,1044,200,0.14541476592421532,13.359756860882044,160
d0468dce-ece9-4d9a-8a16-0aff9c9b2371,7b2e5dae-5d3e-413e-aa17-79e5e13971cb,7943912.247022814,7943913.173454087,7943926.157212933,5800,200,0.9264312731102109,12.983758845366538,192
63c9802b-30dc-4d48-9324-0c5b18c1c123,a941116a-c518-4f7b-bc3c-311e10bec57b,7943916.246324177,7943916.342488617,7943926.164568452,1179,200,0.09616443980485201,9.82207983545959,176
3c882bc9-32c2-4714-ad11-a9391ab96dbe,ef9a6926-cbbd-4236-a031-a34675858e8f,7943915.247056681,7943915.830292541,7943926.2565437285,1563,200,0.5832358598709106,10.42625118792057,224
171bca7a-25ff-489c-9e5a-a7cf7debfdc5,0a9c1717-d9cc-43d7-bcbd-2fe1a4ccd8c2,7943913.246913015,7943913.525228533,7943926.751050084,2932,200,0.2783155180513859,13.225821550935507,224
746cac90-1297-43aa-9652-5f9f2a73a6cd,e232fd4f-1b09-4f75-9370-41eb0f33f527,7943918.246626063,7943918.706225367,7943926.908240781,3216,200,0.45959930401295424,8.2020154139027,224
ca24a265-0e48-4c4f-a16b-5bb6c980b3ea,a0029e44-bbfc-40dd-aa13-4c3bc41def2e,7943917.247040462,7943917.430805226,7943926.938132052,1733,200,0.18376476410776377,9.507326826453209,160
2edce3fe-edba-4a62-acca-aa4cc20e9d9b,fba72a56-cd36-4731-8af1-a04f79c5aabf,7943918.246600981,7943918.534993251,7943927.617829356,2951,200,0.2883922699838877,9.08283610548824,192
e898e91c-bacd-4e25-a0eb-5ba8093f09f1,6a9253a7-800b-4ea9-8be4-0958a68fd34d,7943915.247044333,7943915.652846396,7943927.694310458,3123,200,0.40580206271260977,12.041464062407613,192
989aa62f-1674-4757-920f-b414f8d9afa2,6438b31e-b086-495f-8c72-0c6603de3583,7943917.247051642,7943917.36695687,7943927.812269199,764,200,0.11990522779524326,10.445312328636646,192
0f6691a4-0f2c-463c-8260-b9ceaf7b288e,684c786a-badc-48de-b322-c0adb845e0af,7943919.246829847,7943919.461806487,7943927.819556903,1680,200,0.21497664041817188,8.357750415802002,192
d3cb8151-a426-4b78-a77c-5af566629838,160f36f5-505c-4cd0-b6cb-eb0b1a10aca0,7943920.24713188,7943920.7243142845,7943928.060830829,5653,200,0.47718240413814783,7.336516544222832,224
77b55ea7-64fe-4b9e-a9a1-523c15435d3d,c8b7ff65-cf0d-44ff-991e-2b8fd4458b22,7943919.246821317,7943919.731613857,7943928.111191875,4790,200,0.48479253984987736,8.379578018561006,176
43ace22d-23ef-4f93-b15f-536927c48d1f,50a6fd55-dd24-4441-9105-8785b6a488a7,7943917.247062783,7943917.424113108,7943928.112667244,1793,200,0.17705032508820295,10.68855413608253,224
d4bea976-561a-4ba8-a265-0c46479557a5,0bd6b9e7-3058-4c9b-85ea-14af508634a2,7943917.247048287,7943917.730857989,7943928.210487966,5932,200,0.4838097020983696,10.479629977606237,192
9cb6859b-ae6c-4f46-b777-1a455d39235a,89feb0ae-9362-4a5b-a776-195dcb115949,7943914.246244678,7943914.77839966,7943928.290582414,5862,200,0.5321549819782376,13.512182753533125,160
76eb70b4-7c95-42cb-8bec-699b2602c4b4,f67702ed-ffe8-4f1f-b79c-d71f9ba12c4f,7943915.247063609,7943915.829866097,7943929.109356856,1535,200,0.5828024884685874,13.279490758664906,160
1dd8f698-7329-435e-bf4a-f0d797644bd6,5c06298c-86e7-48f5-99ec-f360b1699941,7943916.246332429,7943916.617905892,7943929.3390401555,4518,200,0.37157346308231354,12.72113426309079,224
87c6a2eb-f90f-470e-8f12-37eaae5bd4c5,471160fa-a8fe-4f94-b069-9a59621350cb,7943922.246139032,7943923.021113828,7943930.942957396,5976,200,0.7749747959896922,7.921843567863107,160
908cad97-1051-47db-982f-139a612f70dd,ee9e1858-e571-4719-b3f0-483ca80cbcdc,7943923.247519659,7943923.460056089,7943931.011311754,366,200,0.2125364299863577,7.5512556647881866,160
1d9812fb-b748-4526-9d83-9e2646edd3d0,e0318768-b6e5-4e1f-8f7c-25bc990bff07,7943918.246615866,7943918.875022813,7943931.042685564,1671,200,0.6284069465473294,12.167662750929594,192
e093f168-804b-4a7e-88c8-363af6b63be7,06bd9fe0-2b10-467b-8ee7-3de10fda9474,7943921.24706285,7943921.777043748,7943931.376203142,6068,200,0.5299808979034424,9.599159394390881,176
50f43788-898f-477c-a0eb-6fb0b9e00b74,f3344a2f-1e15-4802-8ccb-49fecc4a1511,7943918.246612133,7943918.443188974,7943931.800106303,1692,200,0.1965768402442336,13.356917329132557,192
9b84165b-f1d1-40b1-afd8-d7148f28be87,1944b4a9-25a6-481b-a8a6-9b9e9f4d0c67,7943918.24662975,7943918.988793884,7943932.388365532,5880,200,0.7421641340479255,13.39957164786756,224
b86ff25f-3eee-4f83-831d-5c99dbf0a60d,14141ec7-cddf-437f-8727-cf3bc4ae468c,7943924.24660919,7943924.367785844,7943932.5934366,969,200,0.12117665447294712,8.225650755688548,176
45d417af-887a-49db-a9c2-b8234c67a9eb,d2d5bd84-b3bd-4a48-8157-0a1a9475ba55,7943919.246815561,7943919.553136853,7943932.640473193,2621,200,0.3063212912529707,13.087336339987814,176
d58a6969-5ae6-4e7b-8161-edd9f8321f46,57ff1918-00a6-4f1f-abf1-71b1dec34e08,7943919.246838218,7943920.160417276,7943932.667087483,2352,200,0.9135790588334203,12.506670206785202,256
79077e39-41f3-4ce8-8b44-b1808bf4d8b6,d3954709-3e90-4162-b807-366fedb25f30,7943919.246812488,7943919.888308571,7943932.861671159,2760,200,0.6414960827678442,12.973362588323653,288
3eb70394-6ac9-4073-8604-0b05c5ca3f6c,2040b71f-50f7-495d-b101-08f2fb392415,7943920.247116937,7943920.384782915,7943932.876167469,1062,200,0.13766597770154476,12.491384553723037,192
978003fb-d068-4509-9412-358a8bf82e9f,ed0ec45f-0834-450d-974e-6c8a7ef11d0e,7943918.246618769,7943918.850265911,7943932.903032266,1293,200,0.6036471417173743,14.052766354754567,160
7f9442d6-8c2b-4c39-9dcd-6f9830f20676,8201882b-3c83-4a5b-b140-7a5572375d5a,7943917.247059946,7943917.610366402,7943933.0713922195,4216,200,0.36330645624548197,15.46102581731975,160
807c714b-25bf-4c25-96df-8a730eb4efe6,e214ec5e-819d-494d-96be-4f44b7317ecc,7943922.246128697,7943922.980706096,7943933.151491854,2640,200,0.7345773987472057,10.170785758644342,176
8728b523-7026-4ba5-87df-bbc607de23bf,41d7460a-e0a1-4300-9f40-37670c541e0c,7943922.246149394,7943922.976344703,7943933.146926294,1140,200,0.73019530903548,10.170581591315567,288
d59d2e63-9d4e-45da-89b2-5f9d440c4f47,7acfafc2-e8ac-45d6-9ad0-664cb87e4a6f,7943920.247139385,7943920.801977137,7943933.756497192,700,200,0.5548377521336079,12.954520055092871,224
a2a35d48-0e60-488c-99a5-a112984ee71f,04c151c1-ee98-4835-b8ba-1681eccdd922,7943919.246824142,7943920.370264958,7943933.769828373,6380,200,1.1234408160671592,13.399563414976,192
0d5e0fbc-b573-4227-acec-98813a8a9786,2df7a811-23ae-45a7-8f94-32c9fac9f9be,7943923.247530006,7943923.984730002,7943933.990535034,5747,200,0.7371999956667423,10.005805032327771,192
371b08fe-2f19-4937-ae3c-5e3ab2e563d6,50b135ba-662a-4b3d-90f5-c92d2b289617,7943919.246804281,7943919.794543342,7943934.063239466,5891,200,0.5477390605956316,14.26869612466544,176
2669d7cc-4b1a-4d38-87f8-56211dc06602,0bf31ffa-4595-4d11-950e-5ea31165867e,7943919.246818246,7943920.360470535,7943934.092297956,5659,200,1.1136522889137268,13.731827421113849,192
bd7d37c6-eb14-4cf6-b713-37c83bdd781c,b1d48415-2679-4cdf-930c-839699995501,7943919.246826931,7943919.950771882,7943934.109312036,4032,200,0.7039449512958527,14.158540153875947,176
5f33c78a-6dd7-46ce-a49f-a241e188c4f0,de528272-6a53-45f6-8d5a-5a4c5661786f,7943919.246832639,7943919.951088203,7943934.108652763,746,200,0.7042555641382933,14.157564559951425,176
dc77ff7e-08ff-4610-9a0c-3cc6dbf12d95,6052704c-60c2-46b7-b067-f7d04009c56d,7943921.247072521,7943921.616402335,7943934.21672377,3864,200,0.36932981479912996,12.600321434438229,192
9317144f-753e-4ef1-a56c-87e15d4d64f8,30f216f0-4832-49c5-916a-f648b0267209,7943926.246696563,7943926.75920516,7943934.23632446,4219,200,0.5125085962936282,7.47711930051446,176
cbbe9b74-24c4-44e5-bdd6-4da587cc0cbe,12660cf2-26fe-4c78-a8b3-e603c06b965a,7943920.247128136,7943920.730669014,7943934.936398253,5723,200,0.483540877699852,14.205729238688946,160
98d6d374-0f29-4911-97e0-7b069cf23144,20a3f730-0a4f-46a2-b2a5-1a67647b8fbe,7943918.246622596,7943918.848782468,7943934.985238894,5867,200,0.6021598717197776,16.136456426233053,192
584f50b0-8f8a-4428-932c-4b2a97fac672,dfb6999a-5970-43d8-adde-422602a87d73,7943922.246135572,7943923.815298405,7943935.19897405,2793,200,1.5691628325730562,11.38367564510554,192
1428af14-146a-4eab-9a14-e5b94d7ee8ab,6ee396d8-db4c-4684-88ab-113b143832cd,7943923.247522453,7943925.077753917,7943935.256383866,5688,200,1.8302314644679427,10.178629948757589,160
d8b31249-5aa1-4d2c-ab98-2682c63245eb,825675cb-f150-435a-a754-aa57988c056f,7943921.247080106,7943922.154952125,7943935.7364529725,5904,200,0.907872018404305,13.581500847823918,176
9986be28-0973-4050-9c60-c911d17c8301,6ec635c0-f7da-4c2c-a7f4-be19d54eedfb,7943925.246192624,7943925.7187090665,7943935.840859971,5237,200,0.47251644264906645,10.122150904498994,192
c2d2ec06-1ba0-45f7-9f41-b499ebe27420,288856ff-0e20-4dd0-9458-85503a7ab282,7943922.246125686,7943923.356635889,7943935.979898166,5948,200,1.1105102030560374,12.623262276872993,160
7a0dd444-9a8a-4fb6-985b-faefcbde08a9,170812a6-cb38-4169-bec1-bbe2e86c6001,7943919.246835474,7943920.279382885,7943936.023196631,1707,200,1.0325474115088582,15.743813745677471,0
2bfb83c6-3abb-424b-9162-b341c2a5bc9c,8aa6063f-9cd1-4748-bc9a-78c44fd7370a,7943926.246679946,7943926.460720067,7943936.036326866,1993,200,0.21404012106359005,9.575606798753142,288
92a5a749-c147-4e44-85f6-fb347bdc3475,993f48a3-6585-47a7-a1f8-bce99e9c742b,7943923.247501969,7943924.254360386,7943936.041872744,2297,200,1.0068584168329835,11.787512358278036,288
756e19db-9923-4027-b811-712fbefbf3c6,55e477b8-0dcf-4b42-89d3-65961d992b09,7943924.246600158,7943924.528174715,7943936.117974225,2708,200,0.2815745575353503,11.58979951031506,160
2728f85f-951d-47a4-ba35-50a2b2144fef,a03b3c71-45a1-48b1-9bbb-48e8669a9d11,7943920.247135285,7943922.044006611,7943936.116814832,5940,200,1.7968713259324431,14.072808220982552,224
deb80332-c53b-4e01-b529-2bad73eaef2b,07c6cfe5-ddc2-4943-8c6c-6cb93009af4e,7943922.246109458,7943922.93576244,7943936.209572045,5798,200,0.6896529821678996,13.273809605278075,176
77344681-aef6-4b46-970d-c1819044ef7f,2cf6c4f8-2bdc-4486-969c-3bbcd7e36b59,7943922.246146294,7943922.928387531,7943936.203475824,1902,200,0.6822412367910147,13.27508829254657,192
03bccd52-2c32-4a9a-91b9-ea9bff3613cb,21dbf6ef-22d2-46e3-ac48-9cb8657506d9,7943925.246207773,7943925.591126138,7943936.2935754,3669,200,0.34491836559027433,10.702449261210859,192
6c9fc5b7-78df-4f4f-81b0-72a14f8e53db,16ee1f98-70d1-4f25-b592-1d867d4d1193,7943921.247076644,7943921.720632757,7943936.607832058,4897,200,0.47355611342936754,14.88719930127263,176
ea9bbda2-a5d8-497e-8d38-f53daa429299,d83a09fe-8706-41f6-9b86-8130d5bfad9b,7943922.246118738,7943922.9607751565,7943936.783138774,6498,200,0.7146564181894064,13.822363617829978,224
eae04d17-d90e-430b-b1a7-98d56d511488,8037e110-1d44-4477-8e06-0223eba390eb,7943923.247526027,7943924.092273142,7943936.8035324635,5857,200,0.8447471149265766,12.711259321309626,160
d90f0c34-0739-4886-b4bf-fc34e8fb2c99,8b3b7df3-f53b-4397-b9ae-1bd08411c732,7943922.246142268,7943923.323779739,7943936.809955226,5843,200,1.0776374712586403,13.486175486817956,176
1fe2712c-9b0b-4e2f-9d92-c8e7d58cbb54,76c6a94a-5b1b-4124-a8c1-7b783e5beb5f,7943924.246615494,7943924.9143520845,7943936.863556388,5987,200,0.6677365908399224,11.949204303324223,176
136eacbe-da6d-496f-89c2-fba8a37eeee9,35c9b5dc-29e8-498f-9ad8-87fe22f17021,7943923.247537605,7943924.437066342,7943936.961041486,2794,200,1.1895287362858653,12.523975144140422,176
cfef46c2-c6f9-4855-9b28-99738aae7b62,e5488a62-a6e0-4b98-a167-55ef476697ef,7943924.246617929,7943924.471745399,7943936.995502402,1565,200,0.2251274697482586,12.523757003247738,1536
cfabbc8a-4624-49be-9af6-1eea11556874,3d3d0540-f4de-4214-9bb1-6b9e805f2954,7943922.246122322,7943923.102808322,7943937.649887864,6048,200,0.8566859997808933,14.54707954172045,176
e8a86766-40a9-4415-8ada-56016d832355,1d752596-f454-4264-b645-3b61ae3e70bc,7943923.247533904,7943924.182872949,7943937.735749659,5776,200,0.9353390447795391,13.552876709960401,192
ebd22ef6-7ddb-4579-a500-9823b48431ae,6b44b6e7-0ae8-483a-b986-2de5bf8a3a9d,7943928.246567054,7943928.757862772,7943938.2443401655,3489,200,0.5112957181409001,9.486477393656969,176
87692147-278b-42e3-b398-6478dd33165c,cda35d87-8607-4ef3-a3a2-df474f3cb394,7943922.24613174,7943923.152281195,7943938.541697733,5793,200,0.9061494553461671,15.38941653817892,160
baced542-835a-48ad-81ed-61c6cbf0f172,f271ebe9-b215-4499-a991-8ff24c4302bb,7943923.247515653,7943924.008403773,7943938.607641308,3600,200,0.7608881201595068,14.599237534217536,176
f30202cc-9af0-4079-9ee9-b139d9678557,d0030985-3721-47a2-be3f-a716ff7779ef,7943929.247071994,7943929.971706432,7943938.656297054,4205,200,0.724634438753128,8.684590621851385,224
9c6fcc9f-e968-4c15-ab05-30ba32ffdc12,aa942eaa-fb40-4ee4-a6e1-593548ba0dbd,7943926.246686302,7943926.780304078,7943938.735487699,5925,200,0.5336177758872509,11.95518362056464,192
a1ab79f8-50f1-40ca-8031-b1ecf178a739,e252c7b2-268a-46f8-9aef-034d91473c0c,7943924.246612448,7943924.754697866,7943938.880197539,6006,200,0.508085417561233,14.125499673187733,160
57ca3b0b-a16e-405d-8363-85e48f20f77c,ce509adb-84cd-4828-852b-e10802b976ce,7943930.246979268,7943930.3329389645,7943938.888041575,595,200,0.08595969621092081,8.555102610960603,160
c907ca35-0812-4229-8b33-852465d6b976,b25956a5-e9c7-45bc-bd5b-3553a68b6dc1,7943929.247050569,7943929.46570348,7943938.887341937,1813,200,0.2186529105529189,9.421638457104564,160
ae34aa3a-8679-4063-9304-b71765a3a196,5c310efb-bfc5-46d7-97ea-542167b82029,7943925.246204779,7943925.5132048195,7943938.916812877,2756,200,0.2670000409707427,13.403608057647943,288
721795bc-ac9a-4a10-89b6-4dd5f34aac8d,a8a2d01f-9110-456c-8e18-340da89f329e,7943929.247060047,7943929.8849919,7943938.916358281,1538,200,0.6379318526014686,9.031366380862892,192
89625990-cacd-4d1b-b365-eb70df532035,960d53c2-dc81-4753-bf81-c4f25c1aef1b,7943926.246689874,7943927.195114973,7943938.968288619,5888,200,0.9484250992536545,11.773173646070063,224
4eb40b9d-8493-493e-aa50-bbb0b3d52268,a5a74f4e-963f-4aa1-b844-df4512abb1bf,7943927.247071488,7943927.614486134,7943939.325765224,4068,200,0.3674146458506584,11.711279090493917,192
7955a700-7587-46b1-aee1-e4363c606f0e,5ef28ed9-d9ba-4069-8337-a1edc2905941,7943926.246670559,7943926.77835964,7943939.387667162,5853,200,0.5316890813410282,12.609307521954179,224
01679d7b-227f-4da9-becc-1116537a0629,ddf859b5-dde2-43b4-ac73-c5baf651f446,7943926.246683591,7943926.433574852,7943940.095478281,1466,200,0.18689126055687666,13.66190342977643,224
79ff3fcc-0c62-4aea-8646-822009e1f81d,8edd6727-c62e-4b6d-af6e-8918b8420add,7943928.246580314,7943928.558873986,7943940.106461028,3013,200,0.31229367200285196,11.5475870417431,176
ec1c7616-8307-4e85-8310-1d26a7e9f614,0936669e-5c64-4f1d-ada6-04ce9a565d14,7943931.246791515,7943931.525390197,7943940.128759991,2583,200,0.27859868202358484,8.603369794785976,288
6c8986c6-bbf2-415c-9879-b678f0ecb7a5,ea0112a1-5acd-4249-9207-038c80625b12,7943925.246201205,7943925.940712839,7943940.646078972,5937,200,0.6945116342976689,14.70536613278091,176
8b753e80-01d0-4e6e-85b4-c2b7eb47befd,993f48a3-6585-47a7-a1f8-bce99e9c742b,7943929.247080257,7943930.118053946,7943940.85864956,2329,200,0.8709736885502934,10.740595614537597,288
9176b4ca-a392-4ebf-9444-253cbea331f3,5761bb36-4436-4d2d-b483-82492b5b7782,7943929.247047395,7943930.125128571,7943940.867279033,2518,200,0.8780811754986644,10.74215046223253,192
573d6fca-a962-4c53-a271-e85dda6f365f,00960d8d-92b2-47dd-a410-ce898eaf23c2,7943931.246788196,7943931.87476983,7943941.49210078,5874,200,0.6279816338792443,9.617330949753523,176
1df89fa0-4595-442f-a838-33ddb7de6b79,127f378e-d0dc-464e-a79a-fa7013197aab,7943932.246574279,7943932.744436373,7943941.5630445685,5249,200,0.49786209408193827,8.818608195520937,176
75ff3ded-fd3a-47c1-8e05-659fcb2aa665,a4bf666e-08c0-432d-b95f-de037f8142af,7943926.246693313,7943927.165749324,7943941.707738472,5871,200,0.9190560104325414,14.541989148594439,192
4eabf593-7d04-444f-9f3a-00d4acc3ff24,ccd8f2c3-44d3-41c4-91db-1ba4dc5f9701,7943927.24707461,7943927.507102013,7943941.889031607,2530,200,0.26002740301191807,14.381929594092071,192
0da9ec49-4fc3-44ff-a1f7-31fabb5a1fa1,27aea9bb-42b0-4624-b82e-d63b45d8bfc5,7943929.247055386,7943929.993399857,7943941.88963004,674,200,0.7463444704189897,11.896230183541775,192
f6d07fd7-6b92-4ba2-86cc-d9f9c118ece8,e252d297-3d3f-4c5a-8afc-b644cb099865,7943929.247027539,7943930.000335011,7943941.896715926,5827,200,0.7533074719831347,11.896380915306509,176
ec9679d5-743b-4e98-8fc6-5697026bf45a,2871c9ae-c754-4c2c-804f-828a39cb9175,7943930.246990039,7943930.744182618,7943941.9405773785,5874,200,0.49719257932156324,11.196394760161638,192
b8f7ccb8-a010-4f90-bc02-fbc43ab0dce2,cd915048-11fd-46b6-9dd8-c6d53337db9a,7943933.246283619,7943934.102422891,7943942.021021981,764,200,0.8561392724514008,7.918599089607596,288
e0e20edf-0fb0-4806-bb4c-eb8d9191d155,e214ec5e-819d-494d-96be-4f44b7317ecc,7943933.246303393,7943933.709798982,7943942.039231289,2640,200,0.4634955897927284,8.329432306811213,176
868c6582-dca1-437b-ac9a-f399fe62c128,1330884e-9e05-4fca-8ac8-b7725234d148,7943931.246779278,7943931.455660428,7943942.085426222,2205,200,0.20888114999979734,10.629765793681145,176
a8813272-ca45-40ef-bcc5-b02fc3e99b36,68e71f54-23d1-4536-bcb8-b9ff5adfe35b,7943928.246585772,7943928.801104108,7943942.088979635,5615,200,0.5545183354988694,13.287875527516007,224
b82983a9-acda-450d-aa77-2224d387fe25,b3f909ce-018e-4430-b0f6-b0dfbcd17eb4,7943931.246801549,7943931.981711279,7943942.107607102,5712,200,0.7349097300320864,10.125895823352039,176
c3f6f396-533b-47e3-9a38-182398e33193,1d7c5bcf-74ff-44f5-a7c0-50054157f41a,7943927.247061398,7943927.927957331,7943942.156546803,6001,200,0.6808959329500794,14.228589472360909,176
386ff4e3-a7ea-489c-8a90-09678ed08e6a,f9c92a82-99c7-477b-95d5-3aed03818705,7943934.24629348,7943934.637144486,7943942.201003905,3500,200,0.39085100684314966,7.563859418965876,176
83db3eb9-3487-459f-96b6-6cf803fe4ba4,d1267d78-73ba-48bf-844a-30f28f4bac7c,7943928.246582926,7943928.865992858,7943942.514261455,5889,200,0.6194099318236113,13.648268597200513,176
a788069e-78cf-417e-acc7-a2deb99b6de9,0510668b-2e39-4521-abbf-68606b666ffd,7943931.246794432,7943931.580229792,7943942.775877116,3390,200,0.3334353594109416,11.195647324435413,192
28610d26-3772-4eb3-a1e4-510ef6544624,de302346-0e5b-4da8-ba0f-d440eba8675a,7943929.247076255,7943930.725384604,7943942.825556026,6032,200,1.478308348916471,12.100171421654522,192
dc2f36c3-4c79-40b1-9aca-5d5fda8333da,70da4a8b-eece-46eb-8b9e-2f1c28b4f670,7943930.246982991,7943931.339326475,7943942.860544171,3656,200,1.0923434840515256,11.521217696368694,192
c7473082-ada6-438d-a930-2144263123d8,dec5032f-5640-4adb-8120-132fbe0e8a7b,7943928.246577265,7943928.505425614,7943943.212225501,2359,200,0.25884834956377745,14.706799887120724,16
5097f229-b16d-4ffb-940f-cf4b96a5745c,dcc8b99b-cc01-4910-9253-2bf89c553910,7943932.246578248,7943932.452381941,7943943.219169435,2027,200,0.20580369234085083,10.766787494532764,176
f5568562-f114-4422-98e9-1d850e0f1251,f1ecd1ef-d78f-4c9f-9a85-929421dfd70e,7943929.247063707,7943930.084921676,7943943.2794741625,1206,200,0.8378579691052437,13.194552486762404,176
29934bc3-9dcf-4f83-9c68-8ebc5f100439,905b7b66-f9e8-4004-b125-fe3a30572297,7943935.246715046,7943935.758467462,7943943.321557225,2833,200,0.5117524154484272,7.563089762814343,160
aa341ca9-8d79-4efb-9a7d-0d229c96245d,b0e0ac14-8af5-4799-bee0-183834e865d4,7943929.247044173,7943930.352929056,7943943.366850134,5950,200,1.1058848826214671,13.013921078294516,176
604c3d4b-3b13-416d-90bf-cf0dd6653ba4,3af3006f-2e77-4d23-9583-c5204d42ceb9,7943935.246700474,7943935.808175134,7943943.504714764,1178,200,0.5614746594801545,7.696539630182087,176
6cb1f90a-3120-41c9-ab2d-f4ea8d9bb5b4,9b9edbc7-220b-4ac4-815e-b9209e973b09,7943930.246969725,7943930.6752513535,7943943.998327517,4880,200,0.4282816285267472,13.323076163418591,192
843ea1b7-97d7-4e77-8750-ab7c14a41de2,d6ffa9d6-2f92-432f-a7e0-2110ea985d38,7943929.24704027,7943930.007666758,7943944.693902068,5822,200,0.7606264883652329,14.686235309578478,176
d866fcca-5b65-484f-b7dc-35203e81320c,11125870-5b26-45ea-8fba-47c68888a24c,7943929.247067429,7943930.36693397,7943944.718404054,3134,200,1.1198665406554937,14.351470083929598,224
4d112f6d-9df8-4159-a117-7a801ab21121,b4527815-5a94-4cdd-8d25-4cd8b6f2f33f,7943930.246986359,7943930.784731136,7943944.753216334,2394,200,0.5377447763457894,13.968485197983682,0
6fbb9272-1539-4ace-927f-f496d5f85442,90dca292-00d5-4d7c-b7ca-be3920741df0,7943933.246313069,7943933.777848185,7943944.803173177,5851,200,0.5315351160243154,11.0253249919042,176
2d8aa967-08d7-405a-9ee4-89535a8cd9b4,993f48a3-6585-47a7-a1f8-bce99e9c742b,7943934.246287175,7943934.504541994,7943945.111318404,2343,200,0.2582548186182976,10.60677640978247,320
912a7de9-bf2c-46e9-bf40-3bd32f52b3e4,45ac5512-7ff4-4619-88d8-49c256d2e88b,7943932.2465823,7943932.798974467,7943945.223716892,5856,200,0.5523921670392156,12.424742424860597,192
1bdc70dd-1f1a-48de-a6e1-0ceccb854fdc,77c5fe55-dea3-47e3-9fa4-17d19b193453,7943936.246819178,7943936.754148454,7943945.753236072,5861,200,0.5073292767629027,8.999087617732584,192
2190d241-4b55-47c5-a2b1-acad8b33f281,f56f3534-c298-4487-a39f-16c483a04920,7943933.246306558,7943933.712371178,7943945.84949346,5205,200,0.46606461983174086,12.137122281827033,224
3a7a271c-4fd9-4d40-aaf6-f3541d49a128,12968104-ad78-488d-a9b9-865ea70aa9e0,7943937.246257473,7943937.517809531,7943946.051208904,2777,200,0.2715520579367876,8.533399373292923,176
0c8e7079-5772-4a7b-809e-800904295c43,240c36b4-8f22-4cfd-bfbb-90147dc774e6,7943931.246798187,7943932.389242473,7943946.187291125,5924,200,1.1424442864954472,13.798048651777208,176
4ec4b833-8dcc-4f65-9cca-ff43bcf8b10b,461b8a8a-fc1a-4527-a296-04cb42ef41e8,7943932.246561335,7943933.017037348,7943946.222618397,3442,200,0.7704760124906898,13.20558104943484,224
89ed992a-1d3c-492e-9378-79fb2e903095,6bef9240-78a1-482c-96d2-a89c97ba970c,7943933.246296886,7943933.52249041,7943946.872640965,3007,200,0.27619352377951145,13.350150554440916,288
686e8cd0-a118-48f4-b9d3-e9c2b164255a,0f386fc6-2621-495e-924c-56970457578f,7943933.246299891,7943933.779359374,7943947.050085109,5904,200,0.5330594833940268,13.27072573453188,192
0519ac38-d912-4fb0-ab71-47baf1e78c20,dd24355c-c6d1-461a-b504-e7f6f058e87e,7943936.246816705,7943936.683571315,7943947.16922647,4538,200,0.43675461038947105,10.485655155032873,224
fc482ead-cf10-453b-b97a-6ddb13844c68,e43607a6-bee1-4fdf-a0b4-8ea2245eecf1,7943938.24642377,7943938.851523188,7943947.174251636,1698,200,0.6050994182005525,8.3227284476161,192
e3cfcc76-1243-46c5-b919-56f74d64e0a1,623901f7-e6f9-48bd-828b-b5728990d3b2,7943933.246309438,7943933.733900799,7943947.1864264095,2570,200,0.4875913616269827,13.452525610104203,192
90eb474a-fe2f-4185-aff6-8d5a1e2503f5,e5488a62-a6e0-4b98-a167-55ef476697ef,7943933.246293115,7943933.362203473,7943947.240229659,1565,200,0.11591035779565573,13.878026185557246,1552
72871682-47e0-4fc6-858f-342dd48dfeda,0038079c-2c93-4916-8603-2b199c276420,7943938.246413909,7943938.411272358,7943947.703784558,1176,200,0.16485844925045967,9.29251219984144,160
71a421be-01ac-45ef-8812-eadf88c1554c,170812a6-cb38-4169-bec1-bbe2e86c6001,7943935.246718425,7943936.075581846,7943947.824724238,1707,200,0.8288634205237031,11.749142392538488,0
7aaf0fb2-54a0-40f1-8c45-097dbc4d3a08,d1aebabe-6add-434e-8599-d63b95b83ad3,7943936.246814224,7943936.546633957,7943948.066831063,2794,200,0.2998197330161929,11.52019710559398,224
de128a67-021b-4718-8b03-e762e0c63a76,2640c64b-b58e-4eac-8e19-d9e509af1f52,7943934.246278831,7943934.751614624,7943948.102597052,5808,200,0.5053357928991318,13.350982428528368,224
6d1562c6-7631-4e4d-a96c-1d988aceb2f8,a97b3419-50d1-4d99-ba18-6269343a8188,7943935.246690347,7943936.003777064,7943948.629151456,4407,200,0.7570867175236344,12.625374391674995,160
7c2092b5-418f-496a-94fd-4f03bb05307c,f4aff892-842b-4e98-af4c-cfd1deacf96e,7943934.246290615,7943934.430178954,7943948.756928569,2184,200,0.18388833943754435,14.326749614439905,416
66a0f0e8-abf3-4280-8ab4-71b061854749,59106e92-06ba-4669-86c3-2bb626cec043,7943934.246296219,7943934.820631458,7943948.991853779,917,200,0.5743352398276329,14.171222320757806,160
cf6e8fae-503e-4d6f-a384-e4125c817bd6,c0b7d39b-a900-41e1-ab87-0dae194f0135,7943935.246711552,7943936.1454896815,7943949.149385165,3749,169,0.8987781293690205,13.003895483911037,192
05c7f2d5-31b4-43b7-be80-8e3855119309,c4d3dc38-186d-40b5-b82e-511fcca85150,7943938.246426142,7943938.593451653,7943949.627003117,3403,200,0.3470255108550191,11.033551464788616,192
bdb2d9c8-e755-49e2-9e0d-8487692fd6ec,3576d3c5-71c8-4aa8-bb01-7f961dd7500d,7943938.246419154,7943938.823098506,7943949.8175716,6361,200,0.5766793517395854,10.994473094120622,192
42425f78-2a93-47ad-bc93-ff86201bba1b,4295c9d1-a245-45a2-ab2e-52b55d4bb49c,7943935.246707869,7943936.282973534,7943950.001994998,385,200,1.036265665665269,13.719021463766694,160
b6ab5b76-a586-44b0-a266-c573e4b14d87,8f859b06-32e8-473b-8002-142e58a5ff49,7943935.246704759,7943936.348825146,7943950.077546842,6545,200,1.1021203873679042,13.728721695952117,192
3ed64be0-9c5f-4d66-9005-0bd018722495,c47b88bc-8337-4fcb-bb63-b8c147f8261e,7943936.246802352,7943936.783380324,7943950.088472089,5847,200,0.5365779716521502,13.305091764777899,192
17ba4154-d949-4061-b52b-d8f73aa22e89,62bd5ab4-a4ae-4c45-90a9-d469d50595d4,7943938.246428096,7943938.543568849,7943950.144263496,2269,200,0.2971407528966665,11.600694647058845,160
58f40d1f-fe6a-4f17-8355-d8388e48e287,6f4a7340-4bd4-446a-8cc1-2367016ee48c,7943940.246191443,7943940.771274609,7943950.273727909,5921,200,0.525083165615797,9.5024533001706,192
3b8eec8c-ea6e-4ca2-91ce-8ca09735b867,ec035cd5-4099-445f-80a6-d885e8148b75,7943939.246667872,7943939.56828845,7943950.320986145,2693,200,0.3216205779463053,10.752697695046663,288
3ec4a577-41f6-430f-9411-491505bd3a89,2f456b25-d553-4a83-9c3a-57509508ef11,7943941.246264423,7943941.391240127,7943950.501880598,1490,200,0.14497570414096117,9.11064047086984,160
ed758970-3ff9-48ff-bb35-e3ce36c00afa,bd8eeb28-8ddb-4e89-a649-ed73109fdad4,7943936.246811149,7943937.528117876,7943950.574093985,5785,200,1.2813067268580198,13.045976109802723,160
392339a2-63e0-49e9-8fa8-5384c8c94b04,396067f9-cf14-4d86-bd9f-220abe7ead62,7943937.246263992,7943938.165272328,7943950.6016468555,5955,200,0.9190083360299468,12.436374527402222,192
5160624a-84a4-42cc-88e0-cb8ac9d41817,6d968042-3126-405f-a611-079b508437c7,7943937.246248376,7943937.804416563,7943950.640052713,2288,200,0.5581681877374649,12.835636150091887,160
6d7b0845-f92f-4074-83ac-17d22dc476d1,c0dbd0bd-4010-4779-815e-795e06cc171a,7943937.24626096,7943937.698117871,7943950.655636991,4964,200,0.45185691118240356,12.957519120536745,192
783721b0-6828-4dd8-841e-f6534a49549e,3d3d0540-f4de-4214-9bb1-6b9e805f2954,7943938.246421631,7943938.7901828755,7943950.78088587,6048,200,0.5437612440437078,11.990702994167805,176
45d05afc-9a8b-4137-ae00-6944d14ac8bc,e74245db-a56d-47ca-9c2a-8e63314d403e,7943939.246655324,7943940.120985749,7943950.828441652,3010,200,0.8743304256349802,10.70745590236038,160
bd3d45da-3849-41ad-b00a-ba7951836975,aeb913ad-d459-4fbd-906a-cf6ac2bb3fd1,7943939.246675946,7943941.068375286,7943950.878450559,5657,200,1.8216993398964405,9.810075273737311,224
668c9055-50da-49e7-bdd7-1e071b4fdb7a,f7ee062d-4842-49dc-93fa-f6db64295351,7943940.246186016,7943940.877945461,7943951.086344725,5953,200,0.6317594451829791,10.208399264141917,176
fbbfd135-9fed-4c64-ae59-d1075679af1f,19e245be-212e-4849-8f21-2c5fb9e6f9e4,7943939.246673258,7943940.142493701,7943951.10202665,1027,200,0.8958204425871372,10.959532949142158,176
a0618686-824c-409f-a6f0-c8e721b7efd0,24dcaf79-471d-4093-b6e7-fcecb30f565a,7943939.246678386,7943940.141918306,7943951.10125082,5795,200,0.8952399203553796,10.95933251362294,160
37308f13-321c-4aff-b110-dc10469daa14,e7ddf100-0645-4d83-9de1-cdfd98d12da1,7943940.24616988,7943940.646446985,7943951.239461239,3884,200,0.40027710516005754,10.593014254234731,176
b06a5eeb-eb66-46c6-978b-8411e7bca2b4,fa60773d-c882-463b-8316-07d4c895e992,7943940.246195967,7943940.969945172,7943951.347182789,6033,200,0.7237492045387626,10.37723761703819,192
15c9bfee-7d7a-4448-b84f-2a75f2c5f142,d0030985-3721-47a2-be3f-a716ff7779ef,7943942.246340067,7943942.640347946,7943951.79032891,4193,200,0.3940078793093562,9.149980963207781,224
3aa0ce6e-d701-4ee4-a161-ca9b7ccdb8f5,39f87421-fc9d-4f3c-946c-d4d02eb0b3f8,7943941.246273746,7943941.427222343,7943952.06620109,2078,200,0.1809485973790288,10.638978746719658,192
c648d026-f9eb-468e-a57a-eaa0ee7052e4,07664316-d6e1-41da-94de-93685a509c09,7943939.246664522,7943939.992147428,7943952.14728914,5861,200,0.745482905767858,12.155141712166369,192
85e0c3b0-3965-4dea-b673-2e0c8104f320,d3954709-3e90-4162-b807-366fedb25f30,7943939.246670577,7943940.433150086,7943952.175302458,2808,200,1.1864795088768005,11.74215237237513,288
139abd4a-57af-454b-80b5-621f1fe2e378,0bd71f2d-8ff1-4b8b-a899-9b785a451bbb,7943943.246173013,7943943.505242622,7943952.181010842,1592,200,0.2590696094557643,8.675768219865859,288
627620b5-d7e2-4690-ad93-6a4c89d2d9f1,7b2e5dae-5d3e-413e-aa17-79e5e13971cb,7943943.246213918,7943943.918391572,7943952.191061837,5710,200,0.6721776546910405,8.272670264355838,192
61f8eead-d542-4084-87ab-e02c60a59851,861e29f7-4713-4676-b1bc-a4d3d62f4ef2,7943942.24634532,7943942.565957139,7943952.291881558,2889,200,0.31961181946098804,9.72592441830784,320
cef191ff-2a43-48c5-86cc-2663b2374804,29c4b994-3de9-45d9-90a7-a713dda14155,7943943.246199986,7943944.052104126,7943953.125744883,5704,200,0.805904139764607,9.073640757240355,176
6211d855-fd7b-4b47-9e7c-f544277a83f2,a72e8095-de78-490c-ab9e-c21369095279,7943943.246189513,7943944.037990012,7943953.156863308,532,200,0.7918004989624023,9.118873295374215,176
9c6837dd-c931-4676-ba99-0e8ebd53de15,de528272-6a53-45f6-8d5a-5a4c5661786f,7943944.246925903,7943944.424922227,7943953.17696615,734,200,0.1779963243752718,8.75204392336309,176
66bdc328-75c0-465e-8af3-107678bac578,db487834-a11b-4e9c-b4d3-b089f73897c6,7943943.246186358,7943944.409242574,7943953.185416671,5945,200,1.1630562162026763,8.776174097321928,160
2af51de3-133b-4514-9385-3951ce88abb7,cb5f3703-6da0-4120-9adb-188860ebbdd5,7943944.246962082,7943944.566731366,7943953.19051693,2154,200,0.3197692846879363,8.623785563744605,192
1cc61fed-da0a-494b-bf17-8ff737cf0798,993f48a3-6585-47a7-a1f8-bce99e9c742b,7943942.24634308,7943942.51273429,7943953.205302107,2333,200,0.26639121025800705,10.69256781693548,16
0115a459-2de1-49a4-a275-1572de230d6c,8f981136-8343-4ee0-8adb-07bae5162d5b,7943944.246950744,7943945.100835188,7943953.228994942,5952,200,0.8538844445720315,8.128159753978252,192
5879d45f-a52d-4788-9fea-7c2b970222b9,a87c1e2c-7a49-4744-9e7f-268e78b88eee,7943944.246940375,7943944.749995237,7943953.294821908,1188,200,0.5030548619106412,8.54482667054981,192
722b0a22-1361-493a-bbaa-057e570e3a06,034fada1-6ff3-494e-9df1-8d72fa54e215,7943943.246216807,7943943.871557163,7943953.288307848,3074,200,0.6253403564915061,9.416750685311854,160
2f10ed8b-3bd2-49c1-aadf-30f2e4b35707,1628d450-3fc3-4b73-9923-fce01e9f48ee,7943943.246193053,7943943.879510567,7943953.295820945,3676,200,0.6333175133913755,9.416310378350317,192
4c148e7d-7b25-4f97-a428-d95981e3766e,89984c0f-ab73-4aa4-b3b8-e96bb2c0c5b1,7943945.246541993,7943945.76403657,7943953.940121099,2713,200,0.5174945769831538,8.176084529608488,160
f089992f-2760-463d-9672-fe822b6cc402,f3a3a146-a735-459e-af58-d3d7626b4a21,7943943.246196697,7943944.015230252,7943954.013838119,5919,200,0.7690335558727384,9.998607866466045,192
21220a71-f971-4572-8dd6-9fb382b86c12,8201882b-3c83-4a5b-b140-7a5572375d5a,7943943.246210421,7943944.164567325,7943954.040696785,4216,200,0.9183569038286805,9.87612945958972,160
47b35a3c-c371-4c39-868f-783f2bc3e441,b1d48415-2679-4cdf-930c-839699995501,7943945.246523363,7943945.617878397,7943954.107861354,4244,200,0.3713550344109535,8.489982957020402,176
26ec02dd-d14b-4fc6-91f2-c5ecdb4f6408,34a35d00-5687-4c8e-8304-472e9b1eded2,7943942.24633258,7943942.943873897,7943954.163553688,4717,200,0.6975413169711828,11.21967979054898,160
9879da61-1731-452d-b565-0936a7f57b1b,aa942eaa-fb40-4ee4-a6e1-593548ba0dbd,7943943.2461826,7943943.830627869,7943954.195890656,5925,200,0.5844452688470483,10.365262786857784,192
1cb22c6f-89b5-4cff-8f2a-fcd4caf2f566,cc69a023-c1c3-4dcc-9d6f-d347a10e1419,7943943.246206905,7943944.216651936,7943954.2151451195,4768,200,0.9704450313001871,9.998493183404207,176
6606c4d9-0ced-4da1-8dea-5baf7410dc3b,76c6a94a-5b1b-4124-a8c1-7b783e5beb5f,7943944.246954101,7943945.103374643,7943954.235247915,5987,200,0.856420542113483,9.131873271428049,176
b264c9c3-77e9-451a-820f-9f798e6534a2,59106e92-06ba-4669-86c3-2bb626cec043,7943944.246958348,7943944.773741757,7943954.306126314,1021,200,0.5267834085971117,9.532384557649493,160
82951881-e157-442d-9e17-0e80d78315dc,fda1a843-8c94-4359-a21c-7bd6444db827,7943944.246947247,7943944.912361196,7943954.354328972,825,200,0.6654139496386051,9.441967776045203,176
98463e0d-fae2-45c2-8f83-e384fa699399,41ebc82e-eb6d-418f-b73e-022fa300e998,7943946.246233432,7943947.055810812,7943954.517974117,5839,200,0.8095773803070188,7.462163304910064,160
aa2f4e92-5b69-4182-b8bf-1a3c3acdfa31,5c310efb-bfc5-46d7-97ea-542167b82029,7943943.246203488,7943943.8575576665,7943954.858220312,2758,200,0.6113541787490249,11.000662645325065,288
f1f289b1-f200-479d-91c4-8be1953a5d35,d2e35e05-d494-455b-8b64-3602cd992e55,7943944.246943696,7943944.466602963,7943954.875270629,730,200,0.21965926699340343,10.40866766590625,176
c9124df0-6c19-4723-84c1-57348956ed9f,6a06774c-a655-4c0f-9a71-d2ddd55097d6,7943948.247119956,7943948.359766402,7943954.968378847,564,200,0.11264644656330347,6.608612445183098,160
48d602c3-2ddd-43b5-be6b-143453da3c3c,eb47aef2-5af4-4ab2-9e3a-6321c91f6f64,7943945.246537126,7943945.781428769,7943954.989591669,5804,200,0.5348916435614228,9.208162900060415,176
e916f95b-0aa7-4a7e-afea-85a777e108ba,fc03dbf1-0de7-4854-9fc3-dbbc06937d77,7943946.246215269,7943946.743885576,7943955.027938094,5839,200,0.4976703068241477,8.284052518196404,224
d7d0dbae-084f-4d26-b9df-6c3cc8447339,a2172bc1-ab2e-4a70-b741-9a6cc8abbdee,7943947.246360754,7943947.496573294,7943955.1450813385,2657,200,0.2502125399187207,7.648508044891059,160
476d3b59-313d-4145-8ae4-2377c978f243,b4527815-5a94-4cdd-8d25-4cd8b6f2f33f,7943945.246534934,7943945.49006735,7943955.235525327,2381,200,0.24353241547942162,9.745457977056503,256
781a929f-0d6c-4556-9a8a-ebe3d8fa58ba,ad505044-0649-4c84-9a66-a33049893e40,7943946.246227422,7943946.78074969,7943955.304221762,5765,200,0.5345222679898143,8.523472072556615,192
eb7ce7ea-082c-45d0-87c0-842afc219d28,940160ec-0bfb-4ebc-ac97-abf254489499,7943945.246539611,7943945.825003787,7943955.318656496,6430,200,0.5784641755744815,9.49365270882845,192
607cc0e3-f636-47cb-9e00-e4a8c03c3de6,4295c9d1-a245-45a2-ab2e-52b55d4bb49c,7943948.247123086,7943948.338707525,7943955.560589931,385,200,0.09158443938940763,7.221882405690849,160
ed432fdc-2eb9-4adc-a462-c52788549713,c04293c9-674a-4121-83b3-78d969e4af61,7943944.24693584,7943945.052786167,7943956.077460742,5114,200,0.8058503270149231,11.02467457484454,192
5dcb5f4a-675c-44f0-a115-cc47e25405a5,993f48a3-6585-47a7-a1f8-bce99e9c742b,7943949.246815395,7943949.60081747,7943956.225320387,2325,200,0.3540020752698183,6.624502916820347,288
f36fd6c8-163d-4858-a985-670b74d3ff0c,50255ca8-a7bc-49f9-aa44-a33caa66a0be,7943945.246531959,7943945.988383897,7943956.232262546,5944,200,0.741851937957108,10.243878649547696,176
9a0d0b9a-3025-48ac-83c9-da0b3b45b987,f270da46-3409-4931-ac53-a9c00d956923,7943949.246804575,7943949.469810293,7943956.281830998,2000,200,0.22300571762025356,6.8120207050815225,160
54b37187-46c4-4c39-8ea9-36136e650ba8,cefc6823-5ff4-4638-94ce-6bc5efae4bb7,7943949.24680093,7943949.376095547,7943956.290487976,505,200,0.1292946171015501,6.914392428472638,176
dc2f387f-db9f-443e-b5fc-8fe7046b8f60,afc8c001-a5de-441c-928c-72f0289bc099,7943946.246223804,7943946.389423901,7943956.313226607,742,200,0.14320009760558605,9.923802705481648,160
2565e1ea-fd05-4001-8987-8ff1c97c15f8,d38bb58d-f195-4092-892e-2e293cc0ef73,7943946.246230354,7943946.832591127,7943956.320574518,1306,200,0.5863607730716467,9.487983391620219,192
4fe9ae06-8239-48f5-9afe-f6cb62303977,ec035cd5-4099-445f-80a6-d885e8148b75,7943947.246363701,7943947.487748299,7943956.778186796,2712,200,0.24138459749519825,9.290438497439027,288
c81e96b3-d983-44d9-b4d0-0e182236d8d8,50a6fd55-dd24-4441-9105-8785b6a488a7,7943946.246236809,7943946.468495325,7943957.053399537,1793,200,0.222258516587317,10.584904211573303,224
67154a05-f05f-42be-914d-f4bf55535d36,6dcfeadf-1244-46cf-a016-ab16dc8a9fb7,7943950.246945933,7943950.754143121,7943957.185207532,5838,200,0.507197187282145,6.4310644110664725,176
2682e1e2-6f5d-40a6-aa5f-ad0eb9b91855,e3db737d-83d5-49ea-8fb1-6b8a17dd5c81,7943948.247104482,7943948.747883893,7943957.962768039,5966,200,0.5007794108241796,9.214884146116674,176
892d91ba-f488-45b1-842b-b93ea289a14e,1df59d7e-3949-4771-9ddc-e9beefe99db9,7943949.246812457,7943949.870698784,7943958.0580853885,2188,200,0.62388632632792,8.187386604957283,192
54522dea-d9a8-45d7-8717-2b17412d05b5,d63cb699-0e5b-4352-80c6-4c8a1661e7d1,7943949.246807037,7943949.55787807,7943958.17273232,3211,200,0.31107103265821934,8.614854250103235,192
f71b43c6-b25e-434a-a82b-67e48ca53e46,95c2b3e8-bedd-4bae-b816-72ab196b5d6b,7943947.246353564,7943947.734305759,7943958.184679064,5888,200,0.48795219510793686,10.450373305007815,192
402fde04-3a66-493c-b203-ea3a229f59fb,06b96d78-d574-4242-88bf-812e4fb33e49,7943949.24679216,7943949.621096087,7943958.193887862,1583,200,0.37430392671376467,8.572791775688529,192
8bf169da-ac54-48f6-b9c5-8bc4bb149154,d1a58fee-2699-4cde-8dec-5a26bda64889,7943951.247113011,7943951.687471893,7943958.218961412,3861,200,0.4403588818386197,6.531489519402385,192
5a3415c8-1a6a-440c-b6d4-729e7a1aeebd,cd915048-11fd-46b6-9dd8-c6d53337db9a,7943949.246809647,7943949.768191667,7943958.614133225,764,200,0.521382019855082,8.84594155754894,288
bf48038a-0381-4487-9940-4e309e814784,47b6f51c-e139-4524-b0ed-2b8a71627474,7943948.247115915,7943948.747416595,7943958.696571595,5807,200,0.5003006802871823,9.949155000038445,160
b5df53a3-94b5-4b99-9c73-72385e0b25fc,d60ad5cd-2dca-4130-b76f-5c9c8c2a027b,7943951.247124434,7943951.824951253,7943958.888538995,5698,200,0.5778268184512854,7.0635877419263124,192
f805c908-0df2-44d1-8df5-0b4b394441a9,7d9a3919-67da-44b2-b824-fb9926b6da15,7943950.246924979,7943950.663563535,7943959.107508337,4813,200,0.41663855593651533,8.443944802507758,224
9faf9d1b-10eb-4f73-9de5-01be06189f3b,cf4fae3f-b581-4c59-9fef-3738c46b3c2b,7943949.24682006,7943949.543000059,7943959.220295645,2156,200,0.2961799995973706,9.67729558609426,160
c058426f-bb13-4ac9-bd4f-95393ecc1fc6,861e29f7-4713-4676-b1bc-a4d3d62f4ef2,7943952.247036875,7943952.687455989,7943959.934836989,2925,200,0.4404191141948104,7.247380999848247,0
e2c7c9eb-ba0c-483e-9b71-549331c8e56a,81505de9-db89-4e1a-8deb-0cfff5c3be97,7943953.246368765,7943953.776940231,7943960.595861151,1476,200,0.5305714663118124,6.818920919671655,176
7bbcb112-cf23-4744-838c-a2c0093afaf6,5c06298c-86e7-48f5-99ec-f360b1699941,7943952.247039578,7943952.9845851725,7943960.756395782,4679,200,0.7375455945730209,7.771810609847307,224
73fb2ff9-0d06-4851-b2de-346bdb860c24,b2b28eea-494d-4c24-b6d8-00f553246d00,7943953.246361595,7943953.8731589215,7943960.811794149,1700,200,0.6267973268404603,6.938635227270424,192
ecaed33f-9e38-4ce1-b00a-0a29377ef25b,0fbeb8c1-5eda-4151-888d-51b66858f368,7943951.247119614,7943951.85572871,7943960.847340835,6070,200,0.60860909614712,8.991612125188112,192
97777393-12ec-419a-b646-7b0fba9b4313,a63362d9-272f-48f7-9f11-fab613927024,7943951.247095034,7943951.495399609,7943961.0837256815,1465,200,0.24830457475036383,9.588326072320342,176
ffa40158-862d-4d03-b46c-3c2037b78889,eb17ff89-cb10-4f74-a662-d58be5aee85d,7943953.246388992,7943953.557103877,7943961.102815564,1826,200,0.31071488466113806,7.545711686834693,192
3eb4e233-1a21-424e-a37b-32bf185ba73f,f77b3e1a-28ab-448e-9c49-1437284550c7,7943952.247024359,7943952.45117134,7943961.159399271,1076,200,0.20414698123931885,8.70822793059051,224
5e63c735-6ff7-47e9-8acd-c23e437d9e44,912b0536-5057-493f-9682-008d1775213c,7943954.246668148,7943954.454449385,7943961.275383637,1057,200,0.20778123755007982,6.820934251882136,176
67d084d7-e56b-44d7-941b-c702a4c843e4,4ed73052-44e1-40c2-9767-c1fdeb96c4c1,7943952.247046081,7943953.215955237,7943961.544244083,5861,200,0.9689091555774212,8.328288845717907,224
b1837c2e-29e3-4f73-badb-36ad24060d6d,3ee16a31-eef8-4342-9c4e-7c45a1871994,7943953.246342823,7943953.503964649,7943961.785459896,1573,200,0.2576218256726861,8.281495247036219,192
cdb33919-8d9f-4401-9d12-7eb57e2231b2,57ff1918-00a6-4f1f-abf1-71b1dec34e08,7943952.247042862,7943952.948605087,7943962.391411343,2425,200,0.7015622248873115,9.442806256003678,256
22d9f9bb-35db-4c88-9963-92965e339d10,a97b3419-50d1-4d99-ba18-6269343a8188,7943952.247033488,7943952.731201455,7943962.853430402,4591,200,0.484167966991663,10.122228947468102,160
37f6ccb6-479c-4db1-82dc-febe49fba4a3,8bfd814d-28ab-4cb5-b72a-dd26380f4984,7943954.246660049,7943954.952894318,7943962.948578542,5926,200,0.7062342688441277,7.995684224180877,192
9f483164-0a7e-4d88-9bdb-a2ca7b6f53b7,45ac5512-7ff4-4619-88d8-49c256d2e88b,7943955.24677652,7943955.784148681,7943963.076447222,5770,200,0.5373721607029438,7.292298541404307,192
d03d082a-7c76-47ed-ba10-db0571f78908,7acfafc2-e8ac-45d6-9ad0-664cb87e4a6f,7943953.246378642,7943953.667437596,7943963.234160981,879,200,0.4210589546710253,9.56672338489443,224
4d675094-94e7-436a-9937-9a112ce2ae78,c51f405c-538f-46db-a0c4-5f1665cc8bbd,7943956.246479061,7943956.68651502,7943963.33122363,1509,200,0.44003595877438784,6.644708610139787,160
558255cb-a3c3-4e50-be35-ed56d71a5235,3bdbe03e-f2c9-476d-be78-5845bc3d6cf8,7943955.246766286,7943955.729317095,7943963.874023694,5128,200,0.4825508091598749,8.144706598483026,192
d3719634-5a8d-452c-991d-26caf7fbad51,8aa6063f-9cd1-4748-bc9a-78c44fd7370a,7943955.246779979,7943955.469916328,7943963.878665252,2044,200,0.22313634864985943,8.408748923800886,288
8c16e12d-f9ef-4716-9329-1fd975cc78be,dc042378-78ad-458d-b1a6-44be64014146,7943953.24638415,7943953.909119369,7943963.930057159,1552,200,0.6627352191135287,10.020937789231539,160
dbb5f39e-a60b-41e8-9ac2-35b055e78f72,21dbf6ef-22d2-46e3-ac48-9cb8657506d9,7943951.247129394,7943951.688295251,7943963.956702134,3846,200,0.44116585701704025,12.268406882882118,192
0a877072-d9f9-4785-8d46-fb60b54c6dfe,dec5032f-5640-4adb-8120-132fbe0e8a7b,7943956.246473822,7943956.680020606,7943964.085066446,2336,152,0.4335467843338847,7.405045839957893,288
4425e586-6954-4851-a9f7-326c6c77776d,14141ec7-cddf-437f-8727-cf3bc4ae468c,7943956.246463007,7943956.827884724,7943964.089611094,969,200,0.5814217170700431,7.2617263700813055,176
51d950f7-cc04-4824-8ca0-f3492d84ff31,ce509adb-84cd-4828-852b-e10802b976ce,7943957.246315583,7943957.788441413,7943964.564698098,595,200,0.5421258304268122,6.776256685145199,224
2e2bc786-687d-4a43-9ec8-f8729c7fdc85,42b78ebd-17aa-4ddc-8442-4e4fb55a60c8,7943957.246318799,7943957.850411516,7943964.712328133,3213,200,0.6040927162393928,6.861916617490351,160
e0748c5d-657f-4ad8-b012-208c9a9080bf,e214ec5e-819d-494d-96be-4f44b7317ecc,7943956.246465771,7943957.025381579,7943964.801230246,2640,200,0.7789158076047897,7.775848667137325,176
1acfa828-850d-44c5-99e4-e4226ffd6137,41d7460a-e0a1-4300-9f40-37670c541e0c,7943956.246468321,7943956.753607796,7943964.848690461,1194,200,0.5071394741535187,8.095082665793598,288
22c1fed9-b015-4781-b7d8-9fe7de720fdd,e2aea28f-f167-453e-bb63-de5ec1a91723,7943957.246321449,7943957.535396501,7943965.059484426,715,200,0.28907505236566067,7.5240879245102406,192
5cb96676-a363-4842-bd80-abf28e00e0cb,d200f713-d4e3-48fd-85a8-eb68048a1bd1,7943958.246702221,7943959.213197873,7943965.140826208,5968,200,0.9664956517517567,5.927628334611654,176
1188e9b8-ab68-4935-8b73-3976541a3899,a3dab01f-d1d0-4917-85cd-54cb085d56db,7943959.24666018,7943959.393209198,7943965.239020225,965,200,0.14654901716858149,5.845811027102172,160
d2e91cb6-6942-493c-8630-176b374d431f,320cf5f0-a5c1-49b5-91a9-a20c3778432b,7943956.246454846,7943957.189176499,7943965.269918363,6005,200,0.9427216527983546,8.080741863697767,160
d45973f1-e0c6-45a9-bac6-a0060dcef6c8,bd3ab7eb-0595-4c3a-b717-f9c55e72b6cc,7943955.246786518,7943955.580340937,7943965.291850025,3200,200,0.33355441875755787,9.7115090880543,224
e87b8294-893b-430e-8623-2c6b65abde78,dced35a2-1f71-49ea-a75d-eee733b63868,7943959.246657628,7943959.854322253,7943965.631283107,5854,200,0.6076646251603961,5.776960854418576,160
b9c5e26d-0542-4436-b021-3ebdb343ed46,afe6f909-f768-4fd6-b7ba-ab195b5c9b8e,7943957.246312685,7943957.849642456,7943965.827949813,2778,200,0.6033297702670097,7.978307357057929,192
82c64166-b095-47e3-a24a-ed8e6913c2b7,f4aff892-842b-4e98-af4c-cfd1deacf96e,7943954.246674188,7943954.496066791,7943966.053336525,2178,200,0.24939260259270668,11.557269734330475,16
029772c8-d095-4647-b93c-f5057949d7d0,396067f9-cf14-4d86-bd9f-220abe7ead62,7943957.246310095,7943957.828649767,7943966.906851156,5955,200,0.5823396714404225,9.078201388940215,192
6a8d331b-75c3-4084-b06c-9a6378a7c335,35c9b5dc-29e8-498f-9ad8-87fe22f17021,7943955.24678966,7943955.558660562,7943967.165464235,3050,200,0.31187090184539557,11.606803672388196,176
36eeca36-6622-411d-b1cb-b4b1fb8935c4,6fb86cb0-b646-4ecd-8730-d6ed365d30a3,7943953.246373823,7943954.19593961,7943967.16962487,5862,200,0.9495657868683338,12.97368525993079,176
a7e2c7ed-238a-4a71-a189-67348256c732,c0dbd0bd-4010-4779-815e-795e06cc171a,7943958.246713296,7943958.744125743,7943967.17146813,4952,200,0.4974124478176236,8.42734238691628,192
575fc52d-5f62-469c-b066-bea4a7dd49ae,0936669e-5c64-4f1d-ada6-04ce9a565d14,7943959.246670962,7943959.538799361,7943967.240105195,2592,200,0.29212839901447296,7.701305833645165,288
3c5324eb-7aef-4be3-84f8-4476118091f7,34f5ddf7-c486-4989-9f91-cd88f232dd90,7943959.246663009,7943960.256076955,7943967.252538968,1840,200,1.0094139464199543,6.996462012641132,176
b1c7c374-d818-46e2-9302-11c0236d76f2,a941116a-c518-4f7b-bc3c-311e10bec57b,7943961.246295476,7943961.413099978,7943967.317536344,1362,200,0.16680450178682804,5.904436365701258,176
f8028898-a321-439e-acea-6a89246b05d0,9e580bae-2f35-4dfe-997c-4787138befb0,7943960.246236992,7943960.435804607,7943967.334346011,1730,200,0.1895676152780652,6.8985414039343596,192
6d2e1ec2-29d0-42c2-bba0-a2e1c1f32560,f93cf9d2-38b2-470c-ab49-c0cef71be9fc,7943954.246671459,7943954.709840694,7943967.424017304,4910,200,0.46316923573613167,12.714176609180868,176
07e2c9e9-1e8a-4ac1-b9d6-8b2c39085adf,109911a5-9e24-4bdc-95c0-fd2a56571c91,7943958.246708518,7943959.110572734,7943967.572210759,5942,200,0.8638642160221934,8.461638025008142,176
f3167f59-5a8b-4602-b2ba-3c4f3bcfb221,57ff1918-00a6-4f1f-abf1-71b1dec34e08,7943959.246644898,7943959.493966303,7943967.799217072,2488,200,0.24732140451669693,8.305250769481063,272
10c03964-a50d-40b9-a00d-ecc8b80368fe,b25956a5-e9c7-45bc-bd5b-3553a68b6dc1,7943955.2467832,7943955.481346198,7943967.960320493,1813,200,0.23456299863755703,12.47897429484874,160
1a2d9291-8377-4eae-a683-e51ef7db0ee2,44aca2c5-60dc-4929-8170-29f5e1fce844,7943956.246476813,7943957.220818579,7943968.121158911,5122,200,0.9743417659774423,10.900340331718326,192
6ff29f05-b6d5-4bd6-b1e9-b92d53c65399,d38bb58d-f195-4092-892e-2e293cc0ef73,7943962.246739508,7943962.393039917,7943968.233755352,1306,200,0.14630040898919106,5.84071543533355,192
0798023e-03e2-47bf-bd2a-b87b9a8327df,bd2ab0e4-b415-4560-8ada-17cafd1ace98,7943961.246291233,7943961.413516584,7943968.255308986,1245,200,0.167225350625813,6.841792401857674,176
b758e536-b9e7-4c6c-8bcd-513263f39139,4d91675e-bed6-4756-af92-49701ac0572f,7943957.246306547,7943957.783290301,7943968.259967811,6055,200,0.5369837544858456,10.476677509956062,176
67f41410-11b5-45a2-9b65-5a103cf00383,6205a7d7-30c6-4588-aae4-93bd8a23b6d5,7943959.246654054,7943959.670936868,7943968.976289169,3099,200,0.4242828134447336,9.305352301336825,160
92c435e7-2973-4736-a362-a4f750c5c794,642c0dfd-41e6-40b7-821d-1a9704681a8a,7943960.246225856,7943960.7913915,7943969.00631553,5793,200,0.5451656440272927,8.214924030005932,176
62794c79-09bc-4533-9753-b525fba191bd,d4b57d15-884a-4f2d-89bf-cbd7ff0bfb90,7943960.24624652,7943960.729320191,7943969.016422535,2844,200,0.4830736704170704,8.287102344445884,224
74e91160-3682-4e40-a29d-b8bb1b5b58be,b4c5b65e-b0b2-4149-a9a2-a49a11473845,7943956.24647112,7943957.400483399,7943969.128384443,5672,200,1.1540122786536813,11.727901044301689,176
d786321d-7ae3-4079-a578-af3d8ffb7c4f,b78cf2d7-715a-4c9e-8b3b-c3a98499a310,7943957.246296723,7943957.811808085,7943969.160053488,2241,200,0.565511361695826,11.348245402798057,192
99b42bf0-5246-4372-9339-a42559c12288,fc0804dd-2f2c-4652-a7ad-2d9b311e21e9,7943958.246679924,7943958.697862357,7943970.036992708,4156,200,0.45118243247270584,11.339130351319909,176
8087d3d0-b639-4521-9ad0-5157a2046e69,c3afa93c-0f3f-46f3-9ff6-4aa96ba3a472,7943961.246298651,7943961.401841031,7943970.168655152,1420,200,0.15554238017648458,8.766814121045172,224
94840f21-fa9a-4965-a5c0-9f67f8745166,dc8da506-377a-47db-b74b-fa65c921225f,7943958.246696125,7943958.785920504,7943970.2087865,6011,200,0.5392243787646294,11.422865996137261,192
e9d5c3da-8d20-45da-a8a8-d31591dea538,19cac09e-5bb2-48a4-997f-7045948aada3,7943962.246754646,7943962.362806733,7943970.216974223,996,200,0.11605208646506071,7.8541674902662635,192
a1341787-a455-4e2f-8396-e9885e2fa137,0510668b-2e39-4521-abbf-68606b666ffd,7943961.246302211,7943961.5671779495,7943970.253373268,3552,200,0.3208757387474179,8.686195318587124,192
49941053-b12d-4080-bb1a-47b75f879a3b,7b2e5dae-5d3e-413e-aa17-79e5e13971cb,7943962.246750929,7943962.709793613,7943970.961096605,5698,200,0.4630426838994026,8.251302991993725,192
092d8d70-b31a-4f2c-acd4-5a2db8615798,76c6a94a-5b1b-4124-a8c1-7b783e5beb5f,7943959.246667985,7943959.869667465,7943971.2534913495,5987,200,0.6229994799941778,11.383823884651065,176
59199e15-b87c-4546-9b92-a76e591ac99c,cca96de9-6408-4913-ba55-66f765509f5d,7943960.246240347,7943960.839832948,7943971.858960685,1286,200,0.5935926008969545,11.019127737730742,176
3ad404df-eced-4a7d-9324-1bced867f3eb,43457d7f-b6c5-459b-ad04-d0f5e27a0f7c,7943963.246612179,7943963.443191119,7943971.91317321,2239,200,0.1965789394453168,8.469982091337442,288
3af2e4f1-ebba-4eeb-b1d7-c1b33faa19af,af58fe18-5abf-4a30-a78b-73561c06d4f2,7943964.246225927,7943964.494996821,7943972.045799223,2429,200,0.24877089355140924,7.550802402198315,288
bb305ca2-e75f-4228-a5bc-9786f5d7713c,d2e35e05-d494-455b-8b64-3602cd992e55,7943964.246197048,7943964.655874868,7943972.133322579,730,200,0.4096778202801943,7.477447710931301,176
3cc8e67a-51a4-4188-b5d4-70e421222b25,ea6e22c9-a8de-42ca-9570-58d1e9355915,7943964.246229413,7943964.650688173,7943972.128549592,3844,200,0.4044587602838874,7.477861418388784,176
413fd9b8-6b1d-4be2-b160-88b3934997f8,0b9ab531-6440-439d-bda2-4bcf6f92f3a6,7943964.246222871,7943964.496993745,7943972.545052466,457,200,0.25077087339013815,8.048058721236885,176
ef72d6a7-02e5-4a6d-8684-7d9e5239af08,3d3d0540-f4de-4214-9bb1-6b9e805f2954,7943960.246243413,7943960.841533067,7943972.7647255305,6048,200,0.5952896540984511,11.923192463815212,176
39a1630d-b66c-4cc7-8bcb-ae2c0c190bde,4295c9d1-a245-45a2-ab2e-52b55d4bb49c,7943964.246206614,7943964.339954702,7943972.822107534,385,200,0.09374808799475431,8.482152831740677,160
7dfdf770-3924-4c37-adb8-98525c3926ed,b7660a54-c8d6-4417-beda-becfd4ccc9ca,7943964.246232397,7943964.771043112,7943972.838901058,5888,200,0.5248107146471739,8.067857946269214,160
0293a8c0-b74e-4a82-8920-d81caf6f99a3,e8a795ee-9f90-4976-894b-7318b1215e72,7943961.246281187,7943961.749567344,7943972.910266486,5641,200,0.5032861568033695,11.16069914214313,160
2319b6f4-9e3f-40cd-ad85-3392eada0b1c,a2d50e13-b70d-4fc7-ae7b-c9da9cadaf6a,7943963.246616359,7943963.741262446,7943973.10003878,5677,200,0.4946460872888565,9.358776333741844,224
d581ad31-f9d4-4ffc-9a79-24c761e2f3c3,231beffe-da58-4516-af27-1182589624ee,7943964.2462137,7943964.738157553,7943973.284890239,5311,200,0.49194385297596455,8.546732686460018,192
05b14824-4ae6-4048-a9ea-1e95b2e30743,c0e3d991-e188-4f78-8b8e-5dd01a6f8850,7943966.246296727,7943966.499192783,7943974.071671376,2548,200,0.2528960555791855,7.572478593327105,320
bc37a620-3517-4459-98de-e2146819ce87,42303959-8373-4fb5-b881-e39d2351d467,7943964.24621671,7943964.990914831,7943974.184380933,3764,200,0.7446981212124228,9.193466101773083,192
6a575f90-6a5e-429f-aea3-3a785865f48c,af106407-ea10-4304-a36e-a9f2fe57ec32,7943964.24621027,7943964.542723566,7943974.671921841,2670,200,0.29651329666376114,10.129198274575174,16
06e30489-96f8-49d4-bfac-649b18e8bdc7,034fada1-6ff3-494e-9df1-8d72fa54e215,7943965.246845275,7943965.312777718,7943974.795908917,3171,200,0.0659324424341321,9.483131199143827,3072
e7e68e55-eafb-4494-b770-0d66e4c99758,f5770a69-6314-4b67-99f3-00584ca9b14e,7943966.246262722,7943966.94232044,7943975.192685766,5973,200,0.6960577182471752,8.250365326181054,192
281e49c7-5ab5-47a4-995a-ff803a9da2a3,55e477b8-0dcf-4b42-89d3-65961d992b09,7943966.246300259,7943966.969451645,7943975.207055785,2708,200,0.7231513867154717,8.237604139372706,160
89f9b7b9-4bde-44df-8b17-63cc6dd092a5,4a98d6c0-84d8-4a01-a386-3b29d15d5fce,7943966.246275073,7943966.763573317,7943975.537141742,5910,200,0.5172982439398766,8.77356842532754,192
3c473cf9-2884-4211-b46f-1f60713a7c0a,6ee396d8-db4c-4684-88ab-113b143832cd,7943967.246370429,7943967.746393339,7943975.571271399,5688,200,0.500022909604013,7.824878060258925,160
eb85e8ae-6c7c-4690-968e-0b7572078df7,07c6cfe5-ddc2-4943-8c6c-6cb93009af4e,7943968.246667722,7943969.159582225,7943975.832159309,5822,200,0.9129145024344325,6.672577084042132,176
310b7eb1-e228-45c3-9153-b068b8e85289,aa942eaa-fb40-4ee4-a6e1-593548ba0dbd,7943963.246601835,7943963.768240533,7943976.170809134,5925,200,0.5216386979445815,12.402568601071835,192
35e96b45-edaf-464e-8612-efc84abfdc05,b0776ec9-ec2e-4a2f-9605-8fc3ea878659,7943964.246219836,7943964.950000545,7943976.473384652,5820,200,0.7037807088345289,11.523384107276797,224
a2d23094-eb7c-43b4-b04a-f988c5268cce,70e7939a-901f-448b-86db-5ca1cf795b25,7943965.246850415,7943965.7258370025,7943976.84177633,5721,200,0.47898658737540245,11.115939327515662,192
491ec6e6-b4c7-488e-b7af-e2fb278b486d,be47ec66-79ab-4aa4-bbaf-d9fef785d9a0,7943970.246444079,7943970.391992127,7943976.843529228,1658,200,0.14554804749786854,6.451537101529539,160
c8ca2e99-a16b-4945-a33c-87ec12865abd,8aa6063f-9cd1-4748-bc9a-78c44fd7370a,7943970.246422674,7943970.364817529,7943976.95408189,2087,200,0.11839485540986061,6.589264361187816,2016
f2605d61-1fd7-4b33-82d5-e11f141b57d6,b38f7d51-ee06-41a2-897f-9594e9dfb054,7943966.246285706,7943967.145887724,7943977.180916215,5813,200,0.8996020182967186,10.035028491169214,176
ecdec617-9d9d-49ef-b5fe-5a24434ccb65,4346426a-d1cf-4421-a05c-b8084161d1b8,7943966.2462894,7943966.437171936,7943977.18889709,1234,200,0.19088253565132618,10.75172515399754,176
ea1e73ba-9102-412a-9bd4-6d363aa05b05,25764557-8d50-4bc3-8d58-ccb7ee44ac5a,7943966.246279174,7943966.523178761,7943977.269429979,2716,200,0.2768995864316821,10.746251218020916,224
75e2f7a1-cb52-4ed4-8a6c-8ea9c3ca8d40,c8b7ff65-cf0d-44ff-991e-2b8fd4458b22,7943967.246361242,7943967.709225043,7943978.039944283,4805,200,0.4628638010472059,10.330719240009785,176
fae55f6c-b2be-441d-8959-35d030429a0e,99f1f6df-a16f-4986-bef1-52e47aec378f,7943968.246663856,7943968.976657049,7943978.988857855,3693,200,0.7299931924790144,10.012200806289911,160
ca23ead7-c86a-44c3-b469-e23cc66b4a63,27e00e2e-21f7-46b8-8008-d0a46fedbeee,7943966.246282641,7943966.5833553625,7943978.997409373,915,200,0.3370727216824889,12.41405401006341,288
d6e3b2eb-09d1-45e6-83a3-87dbe3a2181e,161005e4-9356-4adc-9089-3e438b2ab322,7943966.246293234,7943967.173603404,7943979.221762054,5952,200,0.9273101706057787,12.048158649355173,176
aaad1cd3-4f08-4ae1-8985-8b2ac3da5c54,63dbcaa2-f60a-484e-98c0-24f6814d7556,7943969.246884835,7943969.470961615,7943979.32883044,2485,200,0.22407678049057722,9.857868824154139,192
8770d935-73af-442d-9f57-3fa619dc38d2,6459e9c0-ac3f-4f1e-a735-823b3c83d15f,7943967.246373036,7943967.53858658,7943980.172189156,3014,200,0.2922135442495346,12.633602575398982,160
4c1b0baa-d295-4d24-8c1e-1f4fc6c22ee6,1628d450-3fc3-4b73-9923-fce01e9f48ee,7943968.246646301,7943968.81018991,7943980.1795111755,3676,200,0.5635436093434691,11.369321265257895,192
9c532f26-8aba-479e-b000-d86e65d60fc3,07664316-d6e1-41da-94de-93685a509c09,7943967.246367763,7943967.76115409,7943980.809082194,5861,200,0.5147863272577524,13.047928104177117,192
5e65e418-21d1-4207-b14e-30f744a407f0,eaba400f-f029-457a-b05a-0a6f98a6ec83,7943972.246299415,7943972.468612069,7943981.057765536,2479,200,0.2223126543685794,8.589153466746211,192
4bb7cf41-b195-48b4-a4bd-685f615c634d,a8a2d01f-9110-456c-8e18-340da89f329e,7943973.2463102,7943973.449434457,7943981.110579055,1747,200,0.20312425773590803,7.661144597455859,192
e9641312-3eab-4acc-bdbf-b9e84eee8545,89984c0f-ab73-4aa4-b3b8-e96bb2c0c5b1,7943970.246433468,7943970.501302052,7943981.173925465,2924,200,0.2548685846850276,10.672623412683606,160
80d39c25-4e36-42be-9d08-424f2a8b3b2a,e5488a62-a6e0-4b98-a167-55ef476697ef,7943968.246660466,7943968.995047654,7943981.188902784,1677,200,0.7483871877193451,12.193855130113661,192
8ed8d80d-a730-46f2-b772-3202a3cf7859,4ac57aef-73b0-4d1e-900c-4a6b79a7c0bd,7943968.24665671,7943969.379818165,7943981.803642714,5590,200,1.133161454461515,12.423824549652636,224
a695b88f-d918-4483-98ff-dfc7dbd4b445,8ecf5eb7-d68c-4a1a-9734-eaf9544cf0f8,7943969.246887676,7943970.082402852,7943981.860135729,5952,200,0.8355151759460568,11.777732877060771,160
a7508419-76d1-454f-8a0c-20aeccbdcb2e,984417aa-cbc4-4961-a69c-cf10fd2a2932,7943973.246306954,7943973.356459118,7943981.995762392,628,200,0.11015216447412968,8.639303273521364,176
7e622c19-bae7-4bf3-988f-00f82f8d55e8,396067f9-cf14-4d86-bd9f-220abe7ead62,7943973.246319072,7943974.2786524845,7943982.0098994635,5955,200,1.032333412207663,7.7312469789758325,192
ff650d63-6fd9-4452-9256-931ef9fa4455,b4527815-5a94-4cdd-8d25-4cd8b6f2f33f,7943974.246351327,7943974.514525308,7943982.074690317,2382,200,0.2681739814579487,7.560165008530021,0
599f472f-10c8-4dc5-937d-552d2e2be7e3,46874def-a8d1-42c8-9ef7-379c30144d14,7943974.246340512,7943974.771179473,7943982.112271238,5952,200,0.5248389607295394,7.341091765090823,192
b77e5088-e583-413d-9d62-246c9c987aae,c66012d9-b67a-4ded-8486-e8ccc9786533,7943970.246437419,7943970.367979013,7943982.1262922995,1097,200,0.12154159415513277,11.75831328611821,192
47941db0-45fb-47ab-973e-c08f68a7512c,03660c29-973b-47cf-a282-e5f41700788c,7943969.246875081,7943969.754069511,7943982.192520113,6184,200,0.5071944296360016,12.438450601883233,192
cfa2c258-bf11-40cd-b2e9-14f74dad392e,aeb913ad-d459-4fbd-906a-cf6ac2bb3fd1,7943971.246160975,7943971.7686239425,7943982.201693195,5645,200,0.5224629677832127,10.433069252409041,224
42451a20-6ebf-4a47-9221-2fc1175b9610,2df7a811-23ae-45a7-8f94-32c9fac9f9be,7943968.246671318,7943969.396156089,7943982.349246584,5747,200,1.1494847713038325,12.95309049449861,192
e9b5dfbd-7779-4965-9f52-6492f6963aa9,57ff1918-00a6-4f1f-abf1-71b1dec34e08,7943974.24632425,7943974.48399776,7943982.9740726035,2514,200,0.2376735107973218,8.490074843168259,256
94d49c8a-3723-49bb-8acb-ef22b32899d9,8201882b-3c83-4a5b-b140-7a5572375d5a,7943971.246164331,7943971.640998219,7943983.010202396,4216,200,0.3948338879272342,11.369204176589847,160
2cb495ec-17ef-4831-a0b8-266cffb13f2a,41705093-4c8c-4a90-99d2-ad3181aceb70,7943970.246440548,7943970.721438169,7943983.75713518,5701,200,0.4749976200982928,13.03569701127708,192
d1955f43-b46a-40ef-a426-dd45e6183300,905b7b66-f9e8-4004-b125-fe3a30572297,7943971.246167255,7943971.815102024,7943984.207343248,3039,200,0.5689347693696618,12.392241223715246,160
00138913-9885-442a-aa72-a0709055de66,cfcf8ea2-39e8-4b65-a05c-99c6f74fc7ff,7943971.246170384,7943971.509359648,7943984.899163463,1153,200,0.26318926457315683,13.389803814701736,160
aee34158-f7bb-4003-a592-adaa49853d73,13c19d21-f311-4a3a-97bb-1e152f24a81d,7943971.246151401,7943971.842754787,7943984.925933694,6842,200,0.5966033861041069,13.083178906701505,192
99aa9c3a-95f4-4437-9da7-729c9056da09,4ea323b6-3ea0-43fc-b190-c775d192ad29,7943976.246874754,7943976.350911548,7943984.958949897,649,200,0.1040367940440774,8.608038349077106,160
2cf4895f-56d4-4f1d-b899-c2c06e810123,1b1e4f29-258e-4294-b6b5-79b12ac8f92a,7943972.246309037,7943972.41486732,7943985.258736518,2194,200,0.16855828277766705,12.84386919811368,192
a6e1f6ea-babb-436c-9da6-539422781196,a0581530-c894-4f12-a948-e8caaa8163fe,7943976.24688072,7943976.695673566,7943985.578061658,5230,200,0.44879284594208,8.882388091646135,224
5c34be7f-2244-4f72-9398-06f41382e3da,c0dbd0bd-4010-4779-815e-795e06cc171a,7943973.246297416,7943973.704364813,7943985.830598528,4952,200,0.45806739665567875,12.12623371463269,192
6f279bff-ba7f-451b-a61b-c296b5f63747,0038079c-2c93-4916-8603-2b199c276420,7943973.246315777,7943973.843571421,7943986.173399025,1176,200,0.5972556434571743,12.329827603884041,160
1773dcf8-ad87-4384-9c07-689bb66b25b3,e0cfc694-73d4-4603-9a29-1bdf768266fa,7943977.24651437,7943977.790232429,7943986.2006373,2389,200,0.5437180595472455,8.410404870286584,160
2f99c0d3-88c2-4e21-9e4f-1ccf8a68d0d9,0a424db1-d8ea-438e-b44d-65ffe2623299,7943976.246865792,7943976.741338844,7943986.2094487995,5791,200,0.4944730522111058,9.468109955079854,160
6cd6121d-081d-4bd6-addc-eeb5c7ffaac7,87203db3-07a9-41c9-8809-fcaafbca8a36,7943975.246265442,7943975.935238213,7943986.23879604,5813,200,0.6889727711677551,10.30355782713741,176
fdd4f3cd-009c-4dea-a78c-c4fd28fc732c,170812a6-cb38-4169-bec1-bbe2e86c6001,7943977.246517424,7943977.422752101,7943986.294033863,1775,200,0.1762346774339676,8.871281761676073,256
a389c2dc-c47d-45cd-993b-29946ace29a6,af106407-ea10-4304-a36e-a9f2fe57ec32,7943978.246475739,7943978.446139596,7943986.787345169,2660,200,0.19966385699808598,8.341205572709441,832
00005487-a489-483c-8e77-96478a415f9c,1944b4a9-25a6-481b-a8a6-9b9e9f4d0c67,7943978.246473548,7943978.730091607,7943987.011689359,5937,200,0.4836180591955781,8.281597752124071,224
8f643133-ebc2-445b-bb40-a57c8fb7a7a9,127f378e-d0dc-464e-a79a-fa7013197aab,7943974.246344514,7943975.272262178,7943987.080298062,5233,200,1.0259176641702652,11.808035884052515,176
4c492897-f7a3-4fd7-a749-e985c20b4e40,f3a3a146-a735-459e-af58-d3d7626b4a21,7943974.246347874,7943975.010607412,7943987.182608175,6177,200,0.7642595376819372,12.172000763006508,192
6454a954-b51f-4d2e-aeaa-8fc062e52da8,c47b88bc-8337-4fcb-bb63-b8c147f8261e,7943976.246884224,7943976.759204263,7943987.326064628,5810,200,0.5123200388625264,10.566860364750028,192
49c1a561-66ef-422b-bcb3-44bec284171b,14141ec7-cddf-437f-8727-cf3bc4ae468c,7943977.246505635,7943977.3916236125,7943987.716852609,969,200,0.1451179776340723,10.325228996574879,176
11161aef-3b8b-43dd-8439-d4fadf7e718a,ec035cd5-4099-445f-80a6-d885e8148b75,7943978.246461798,7943978.514186201,7943987.817903932,2622,200,0.2677244022488594,9.303717731498182,16
f80f9976-7ca2-4fdf-81c1-b7f5a89d0ec9,06bd9fe0-2b10-467b-8ee7-3de10fda9474,7943973.246313094,7943973.976467973,7943987.819539368,6029,200,0.7301548784598708,13.843071395531297,176
f102973d-88c5-4d56-a18e-7ba925104e10,0024ac15-1c91-4907-95fd-1da29a12b0f1,7943974.24633642,7943974.799369801,7943987.994186551,5804,200,0.5530333807691932,13.194816750474274,160
28aa4ed0-4e8c-4be4-94c3-bba42d19d6bf,0bd71f2d-8ff1-4b8b-a899-9b785a451bbb,7943976.246878149,7943976.452214018,7943988.23776863,1654,200,0.2053358694538474,11.785554611124098,16
65ba2351-5cd5-4cf8-af18-ff0175267c00,11125870-5b26-45ea-8fba-47c68888a24c,7943977.246522441,7943977.700055774,7943988.284863864,3134,200,0.4535333337262273,10.584808089770377,224
439d09ab-8d00-46b4-a0c2-6e90b65bb3b8,f20a741c-0fb3-4811-91f0-bee136177ca3,7943979.246633459,7943979.809020443,7943988.288371867,5991,200,0.5623869840055704,8.479351423680782,224
dc3c1233-5e6a-46f7-a9e4-b9d75eb74a8d,a4705d3f-c9cc-472f-8323-bf9e4593e138,7943979.246637212,7943979.791378323,7943988.292583762,5759,200,0.5447411108762026,8.501205438748002,160
0e25b286-ab1a-4bff-9f51-6a194796f7b9,6ccb2fd4-21c1-492d-9d64-56223fb86062,7943976.246887937,7943976.938654998,7943988.477230778,5972,200,0.6917670611292124,11.538575779646635,160
10ba2344-7350-454b-9945-815451cac1b8,aa942eaa-fb40-4ee4-a6e1-593548ba0dbd,7943980.246677808,7943980.757301046,7943988.818477313,5925,200,0.510623237118125,8.061176267452538,192
1f7e1dac-3302-4f54-9f54-c25f528ff77c,d38bb58d-f195-4092-892e-2e293cc0ef73,7943981.246262972,7943981.418380014,7943988.927693012,1306,200,0.17211704142391682,7.509312998503447,192
5f36e1ed-0d0d-4aa1-b60c-f04c24817689,a97b3419-50d1-4d99-ba18-6269343a8188,7943980.246666046,7943980.701675484,7943988.984222439,4852,200,0.45500943809747696,8.282546955160797,160
cee84952-841a-44b3-a565-2cf6fa65186f,e5488a62-a6e0-4b98-a167-55ef476697ef,7943979.246621182,7943979.440141795,7943989.137667119,1773,200,0.19352061301469803,9.697525323368609,192
d1e938cd-c3db-491e-9e4d-76c28875a203,cd6b3eb9-5348-4696-990b-752ae3e2e1a3,7943975.24627404,7943975.756915776,7943989.1954584615,6259,200,0.5106417359784245,13.438542685471475,192
10db3db0-9147-461c-bfb9-1a105297a90f,f5eeda52-a3dd-4697-9576-2fc81988d390,7943979.246644339,7943979.3713010475,7943989.247907802,684,200,0.12465670891106129,9.87660675495863,160
62afe38f-fa61-4ec2-bfda-faa7abd50e63,19500c45-30d4-49de-bfa4-2268492645cd,7943977.246519778,7943977.653813751,7943989.538503921,4480,200,0.4072939734905958,11.884690169245005,160
4e1c686d-9030-4fce-b2ce-4ed77801ad86,f4aff892-842b-4e98-af4c-cfd1deacf96e,7943982.246405984,7943982.686186732,7943989.580022575,2172,200,0.4397807475179434,6.893835843540728,288
178b0512-ec19-4fea-b292-c4588278c9e9,7d9a3919-67da-44b2-b824-fb9926b6da15,7943983.246254349,7943983.889959164,7943990.071741115,4957,200,0.6437048148363829,6.181781951338053,224
25bf28ac-9be9-47b5-8f96-1b94d74f9e4c,f271ebe9-b215-4499-a991-8ff24c4302bb,7943978.246470394,7943978.598385032,7943990.150244014,3761,200,0.35191463865339756,11.55185898207128,176
7d480de6-ae21-47b5-84e6-976b673ed76b,21b9c278-5fd1-4a6c-80f1-483ff6605dad,7943979.246640452,7943979.492664901,7943990.318988315,2712,200,0.2460244484245777,10.826323414221406,224
ddbd1f89-8549-492e-95dc-b9cb3480c7a1,fc0804dd-2f2c-4652-a7ad-2d9b311e21e9,7943980.246679939,7943981.095204018,7943990.636922922,4155,200,0.8485240787267685,9.541718903928995,176
c54035fd-5294-4f3c-8205-d28513df42ac,d2e35e05-d494-455b-8b64-3602cd992e55,7943984.246355849,7943984.656625384,7943990.786692255,857,200,0.41026953514665365,6.130066870711744,176
29d4f61f-7c16-4151-ba4d-d9dcb0f3b190,c04293c9-674a-4121-83b3-78d969e4af61,7943981.246281658,7943981.689287237,7943990.825597969,5251,200,0.4430055785924196,9.136310731992126,192
23674678-0c26-4746-a046-0dd2cf6033ed,2d1467d2-a312-48c3-9684-57b9e2890fec,7943980.246674789,7943980.502901394,7943990.849444785,2528,200,0.25622660480439663,10.346543391235173,224
575ef238-f4c0-475d-8516-ab53cbbc4f6c,0510668b-2e39-4521-abbf-68606b666ffd,7943983.246248684,7943983.7307502115,7943990.883865162,3735,200,0.4845015276223421,7.153114950284362,192
b1e4325a-0bd5-4abf-b1d4-559870334aa7,240c36b4-8f22-4cfd-bfbb-90147dc774e6,7943982.246399817,7943982.946738701,7943991.161563409,5920,200,0.7003388842567801,8.214824707247317,176
37b150d0-a0b1-438e-b97c-ec0e01fa94c2,fdb31cc6-26d5-438f-b807-c434b38142f1,7943983.246234834,7943983.742165024,7943991.174237256,5839,200,0.49593019019812346,7.432072231546044,480
f4e94e4c-1e60-4738-8972-5396678c1db3,cf4fae3f-b581-4c59-9fef-3738c46b3c2b,7943983.246269813,7943983.920171885,7943991.1884671645,2277,200,0.6739020720124245,7.268295279704034,160
5c2d3407-7557-45df-8cc7-3bce61140c4c,ef9a6926-cbbd-4236-a031-a34675858e8f,7943985.246298519,7943985.416325599,7943991.244259588,1702,200,0.1700270799919963,5.827933989465237,224
236bd002-22a1-40a4-a287-b9f0b626e270,43457d7f-b6c5-459b-ad04-d0f5e27a0f7c,7943980.246681974,7943980.926675439,7943991.319687124,2239,200,0.6799934646114707,10.393011685460806,16
bef455fb-96ae-4d57-8f6b-38949b9af3e4,5c06298c-86e7-48f5-99ec-f360b1699941,7943981.246284721,7943981.968792405,7943991.337586008,4835,200,0.7225076835602522,9.368793603032827,224
dc451baa-2be1-49d1-998b-785809798f11,e6f02cf2-63e2-47aa-88a9-85c903954750,7943983.246244865,7943983.913376259,7943991.759304669,3578,200,0.6671313941478729,7.845928410068154,160
d5b21daa-1b66-43ad-a5ff-626dfcb4e37c,5c310efb-bfc5-46d7-97ea-542167b82029,7943982.246385187,7943982.564852838,7943991.873926109,2766,200,0.31846765149384737,9.30907327029854,288
670a1516-45ae-48d7-a761-fdef5b618e44,e99f0ad9-ca51-4ebc-8462-fe9ebb8c761e,7943984.246352841,7943984.92154594,7943992.159037973,1223,200,0.6751930993050337,7.23749203234911,176
dcf805b6-4131-4ace-9ba7-e6a262ecc9c2,86bb770e-e896-4df8-98ac-b45dd9f48001,7943983.246261229,7943983.75497446,7943992.171643965,1457,200,0.5087132314220071,8.416669504716992,160
4cc825e8-523f-4555-af32-6cf2d3c4d902,4df870a1-f984-48dc-93fb-96ee01475d6f,7943983.246264731,7943984.128573576,7943992.321704717,4922,200,0.8823088454082608,8.193131141364574,192
b998a900-0d03-4682-80a4-60fd24badd0a,a03b3c71-45a1-48b1-9bbb-48e8669a9d11,7943984.246346,7943984.769545486,7943992.341622598,5896,200,0.5231994865462184,7.572077111341059,224
8afc1b79-755b-4aea-a353-5c6433b47863,50a6fd55-dd24-4441-9105-8785b6a488a7,7943986.246229016,7943986.475995868,7943992.374092184,1793,200,0.22976685222238302,5.898096315562725,224
be8fda8c-4498-4933-9264-b1f6acfc1146,29a9b4dd-db41-4d0d-aaea-4398b379e9cd,7943981.246273221,7943981.6949488865,7943993.653316555,4967,200,0.44867566507309675,11.95836766809225,224
9d7ec183-3738-4a6c-b53b-ff496dd8b443,6418d22e-6d88-463b-a16b-7587c147056d,7943981.246277554,7943981.746226695,7943994.002716121,5833,200,0.4999491414055228,12.256489425897598,192
8501b94f-1092-4b2f-afb0-2bd07f42cffd,2ecf4198-da61-4895-86d2-4df5804f97cf,7943982.246395572,7943982.950286586,7943994.035516974,5879,200,0.7038910137489438,11.085230387747288,160
69947789-6cb9-4b68-9db8-e51cec6a5909,f56f3534-c298-4487-a39f-16c483a04920,7943986.246245552,7943986.796783743,7943994.17932938,5209,200,0.5505381915718317,7.3825456369668245,224
fac47a8f-6480-45ed-919c-b4b35e8fa144,53331c8b-4eec-428f-89e8-96e8338db919,7943983.246251493,7943984.185603879,7943994.18927791,5817,200,0.9393523866310716,10.003674030303955,160
123a47a4-4a3c-4afb-8206-b91fe21f3726,0936669e-5c64-4f1d-ada6-04ce9a565d14,7943982.246402835,7943982.708310478,7943994.191776596,2543,200,0.46190764382481575,11.48346611764282,16
48692a29-032e-44be-8ee7-fd732011db3b,62388b59-9638-4c41-a856-dca0a32d4e75,7943988.246801894,7943988.477785451,7943994.217604691,1303,200,0.2309835571795702,5.73981923982501,224
070f4ffb-8cc0-4c6a-b1b0-2bca6cbdecd0,d3954709-3e90-4162-b807-366fedb25f30,7943986.246239433,7943986.718750192,7943994.2842970425,2846,200,0.47251075878739357,7.565546850673854,288
fb4b795d-8c00-4221-9e0b-2cf0e2d4cd29,1bc73e7d-6b0e-4755-ade4-f801a54d64d7,7943986.246254525,7943986.67734745,7943994.4016428655,1594,200,0.43109292443841696,7.724295415915549,176
cc3629b9-92e8-409b-9652-377de8e2abfd,89feb0ae-9362-4a5b-a776-195dcb115949,7943984.246349921,7943984.989611781,7943994.8293296285,5862,200,0.7432618597522378,9.839717847295105,160
94449a6c-ddab-4ca9-9f7b-4dcfde5c8da9,824ede68-58b2-43a5-8b67-3d484cac77f3,7943986.246248693,7943986.759277094,7943995.029498615,3728,200,0.5130284009501338,8.270221521146595,192
c979ce80-20d0-4974-9372-eccea26878d5,dcc8b99b-cc01-4910-9253-2bf89c553910,7943986.246242715,7943986.951328846,7943995.547306528,2237,200,0.7050861306488514,8.595977682620287,160
c8b406bb-409a-48b2-b664-6c1bd55d9f6e,01bf6cef-c97b-4d6f-8ae2-8102bf0f9a79,7943987.246984317,7943987.940517496,7943995.661719844,5960,200,0.6935331793501973,7.721202347427607,224
925358f4-ab8c-4cd7-bbe1-5469f7d3eecb,983cb979-5e2f-4649-bfa0-1fb1c92b9954,7943987.246987812,7943987.889105232,7943995.8105241,5844,200,0.6421174202114344,7.921418868005276,176
1d632786-35f3-4f50-a485-117211839677,ce509adb-84cd-4828-852b-e10802b976ce,7943987.246974854,7943987.562329474,7943995.920933142,595,200,0.31535462010651827,8.358603668399155,224
4d5ac9b9-0f6b-4a06-90b3-8aaf4ca2e163,b4c5b65e-b0b2-4149-a9a2-a49a11473845,7943983.246258384,7943983.865975973,7943995.942091438,5812,200,0.6197175895795226,12.076115464791656,176
23cec31a-c529-48b3-b4f8-5cc52cd9ab09,ccd8f2c3-44d3-41c4-91db-1ba4dc5f9701,7943988.246780666,7943988.981689531,7943996.055060045,2683,200,0.7349088657647371,7.073370513506234,192
f6db3621-c10e-4d16-9dd6-c76c01c61503,170812a6-cb38-4169-bec1-bbe2e86c6001,7943988.246785027,7943988.345216059,7943996.225644181,1775,200,0.09843103215098381,7.880428121425211,1760
acbf4f69-e369-4689-9813-fbc6788e31ad,6228ccc2-550e-4c29-97cb-5246061c5a94,7943988.246791625,7943989.192652294,7943996.490801063,5961,200,0.9458606690168381,7.298148768953979,176
c8bd5f01-a99a-42bb-8d6a-699b33cf8512,a72e8095-de78-490c-ab9e-c21369095279,7943989.246723372,7943989.385228375,7943996.596898144,685,200,0.13850500341504812,7.211669769138098,176
b6174139-7674-4a0e-bbf1-6959fd5573fc,c13d9418-24a3-4ed3-8a2f-34e200890302,7943984.246334051,7943984.914511187,7943996.812298842,1281,200,0.6681771362200379,11.8977876547724,224
aeab1d50-bf5b-4064-8274-e43997e88ab2,2cf6c4f8-2bdc-4486-969c-3bbcd7e36b59,7943988.246798733,7943988.469498288,7943996.873466889,2094,200,0.22269955463707447,8.403968601487577,192
941e75be-9747-464e-ac0c-5770c5f2dc8d,7acfafc2-e8ac-45d6-9ad0-664cb87e4a6f,7943989.246730026,7943989.400982209,7943997.064640041,1094,200,0.15425218269228935,7.663657832890749,224
c8e53c68-ee7f-43ad-9f69-a1fb878e03a2,724170c2-3955-4cb1-b828-7f949b9d7ed4,7943986.24625126,7943986.856968414,7943997.077608505,6434,200,0.6107171541079879,10.220640091225505,160
bbd28ec2-69d2-4764-bebd-a021f7c1c49a,977ac36b-bb7b-4aac-bf3e-938831af0d6d,7943985.246288826,7943985.715138402,7943997.241529113,5535,200,0.4688495760783553,11.52639071084559,256
d8c7f4d6-53a3-49cd-ae77-6e7b023bf10c,a59afcff-3049-48a3-b277-5a727d2c27e6,7943987.246991192,7943987.796626181,7943997.5763429245,3512,200,0.5496349893510342,9.779716743156314,192
b0f139b4-a216-4c13-9195-0741956f52a3,e4e8f086-4b5a-4d8b-b272-2700f2ab0698,7943986.246257686,7943987.037432112,7943997.653180522,5861,200,0.7911744257435203,10.615748410113156,224
a6fa0c74-8bc5-4b71-b588-372c45363c57,3e6c5d34-1386-4cd8-9374-9aa3862b99fd,7943988.246769363,7943988.759890659,7943997.989177994,3280,200,0.5131212957203388,9.229287335649133,192
c41ccf19-c3b3-40fa-b47f-cebd3c529d25,cda35d87-8607-4ef3-a3a2-df474f3cb394,7943989.246713334,7943989.7495326325,7943998.0433733305,5856,184,0.5028192987665534,8.293840697966516,160
1582863b-2d5f-4c4e-8e39-9ffad4c3afde,861e29f7-4713-4676-b1bc-a4d3d62f4ef2,7943988.246788645,7943988.531601719,7943998.055489218,2984,200,0.28481307346373796,9.52388749923557,256
1e49381c-d607-4940-b0a9-0d4f7bb981d1,07c6cfe5-ddc2-4943-8c6c-6cb93009af4e,7943990.246560627,7943990.731120992,7943998.5404612245,5810,200,0.4845603657886386,7.809340232051909,176
e932437c-933c-47d3-8b69-219e3b1398cf,4d91675e-bed6-4756-af92-49701ac0572f,7943989.246727281,7943989.793251215,7943998.988101557,6055,200,0.5465239332988858,9.194850342348218,176
484bc90b-e93e-480e-a528-eba922407afd,6bbc936c-c1b4-4a46-95c3-8ca43a9ad526,7943988.246795108,7943988.540889396,7943999.038575817,878,200,0.29409428872168064,10.497686420567334,176
31d943f6-2a24-4dd3-9cae-44034c48f6c7,6aa47392-d059-41e1-b0df-daff049d420c,7943991.246911092,7943991.822921017,7943999.213623378,5966,200,0.576009925454855,7.390702361240983,176
a0dcdd12-6d6b-4031-b61d-b790cdc85732,e4dc0ced-f82e-4bf7-a8a7-2b3c0cd1ba02,7943991.246926818,7943991.611986337,7943999.392225799,1814,200,0.36505951918661594,7.7802394619211555,176
20262a0e-1e9e-40d7-b11e-70e488bc602a,3babfc96-9c64-49b2-a24f-ac3cd1c177fc,7943991.246900508,7943991.6180913625,7943999.398142348,1700,200,0.3711908543482423,7.780050985515118,192
35417ae4-1b53-41cc-a7e1-e2f58c08e173,fda1a843-8c94-4359-a21c-7bd6444db827,7943991.246913147,7943991.823347715,7944000.011155639,825,200,0.5764345675706863,8.187807924114168,176
7384a0ea-c597-4c4e-a84e-6d39cd0dc7b8,21dbf6ef-22d2-46e3-ac48-9cb8657506d9,7943992.246337049,7943992.677619476,7944000.269253204,4044,200,0.431282427161932,7.591633727774024,192
375edb23-f4f6-459d-9d43-c1a40c9f7147,2bcd60c1-5dcf-4f0a-b326-bf9af0b4c68c,7943990.24655178,7943990.354071524,7944000.303631766,788,200,0.10751974396407604,9.949560241773725,224
91f474e7-b528-4cbc-bd3f-cabd46e2d1b6,48025e73-e03f-47a3-89fc-cb934ceacb18,7943992.246350047,7943992.663200991,7944000.940357706,4273,200,0.4168509440496564,8.277156714349985,192
3bcf594c-77be-46f6-af6c-e27aa94f7a0b,fb6d507d-694c-4402-9d45-f0e30b2ce003,7943992.24635886,7943992.793799758,7944000.970518292,1856,200,0.5474408976733685,8.176718533970416,192
c55c769c-1ca8-4eb1-b53f-669c5c4cd491,35c9b5dc-29e8-498f-9ad8-87fe22f17021,7943992.246364956,7943993.192727629,7944001.052993694,3231,200,0.946362673304975,7.860266065225005,176
c394dd8c-304f-438e-a26d-0c9731018666,b3f909ce-018e-4430-b0f6-b0dfbcd17eb4,7943993.246260604,7943993.76035585,7944001.211466648,5542,200,0.514095245860517,7.451110797934234,176
6b039364-d665-4f88-962d-7f24a3aeda39,55e477b8-0dcf-4b42-89d3-65961d992b09,7943993.246276934,7943993.616600308,7944001.269580135,2891,200,0.3703233739361167,7.652979827485979,160
1f4aba6f-3166-4211-8908-7cbd06d2594f,af58fe18-5abf-4a30-a78b-73561c06d4f2,7943991.246924321,7943991.927667911,7944001.334091136,2438,200,0.6807435899972916,9.406423225067556,288
5776f3cc-3543-4592-85f1-d273d9f4d019,034fada1-6ff3-494e-9df1-8d72fa54e215,7943993.246273186,7943993.773720157,7944001.930531664,3252,200,0.5274469712749124,8.15681150648743,160
94cf5baa-4d93-40ff-912b-823b527c71ff,a4871c4c-a224-4639-acd0-b1eb78535047,7943994.246375191,7943994.8946902435,7944002.206275449,5931,200,0.6483150525018573,7.311585205607116,224
f6c5eed3-6a7b-4ba1-a7be-1e9af1c5fdae,0bd71f2d-8ff1-4b8b-a899-9b785a451bbb,7943994.246401656,7943995.451556877,7944002.221378461,1704,200,1.2051552208140492,6.769821584224701,288
021004a3-ebbb-40d5-8a7a-8c9d766dd575,a63362d9-272f-48f7-9f11-fab613927024,7943995.246295201,7943995.580337002,7944002.261162384,1463,200,0.33404180128127337,6.680825382471085,176
b76e2c94-db21-4241-bcec-125c8ec29fd0,3bdbe03e-f2c9-476d-be78-5845bc3d6cf8,7943991.246921772,7943992.145825415,7944002.45423765,5337,200,0.8989036427810788,10.308412235230207,192
b673bccb-78d8-4318-9a00-28d1b3240faf,bbea6a5c-8d47-4003-8b31-48aa9eb697ca,7943994.246390377,7943995.148145929,7944003.134396968,6534,200,0.9017555518075824,7.986251039430499,192
0eb673a4-8bcc-4482-85d4-739ec82eec46,f67702ed-ffe8-4f1f-b79c-d71f9ba12c4f,7943994.246421172,7943995.14293764,7944003.129054661,1333,200,0.8965164674445987,7.986117021180689,160
c8a3bb6d-dce3-41da-a63d-326a2fefb892,b4527815-5a94-4cdd-8d25-4cd8b6f2f33f,7943992.246346363,7943992.543283515,7944003.352310395,2421,200,0.29693715181201696,10.809026880189776,272
b93400d0-7f4d-40ba-b0d5-8855fbb2f5fe,ad3e5418-e180-424b-8b3f-a75453da1b2f,7943991.246908346,7943991.7170229405,7944003.783974392,3045,200,0.47011459432542324,12.066951451823115,192
1386471c-d4cb-407f-8ec6-5d505682ddbf,231beffe-da58-4516-af27-1182589624ee,7943992.246355443,7943992.940045277,7944003.805472688,5466,200,0.6936898333951831,10.865427411161363,192
88eaceed-a07c-46a8-ae02-6a888d54fdf5,51098ee2-2e33-44d0-9eb4-d67710b1b109,7943994.246395934,7943994.876647867,7944003.907689242,5589,200,0.6302519328892231,9.03104137443006,224
0a418237-3a18-42c1-bb1f-0bcb9ea311f2,29c4b994-3de9-45d9-90a7-a713dda14155,7943991.246919441,7943992.155279459,7944004.095182802,5704,200,0.9083600183948874,11.939903342165053,176
ae390d0a-2051-498a-b751-115a00d83f21,47b6f51c-e139-4524-b0ed-2b8a71627474,7943991.246915365,7943992.205557874,7944004.098981537,5919,200,0.958642509765923,11.893423662520945,160
beb9ae60-aa30-4049-b400-e77d404c8703,8aa6063f-9cd1-4748-bc9a-78c44fd7370a,7943992.246370649,7943993.286226331,7944004.124569541,2020,200,1.0398556822910905,10.838343209587038,288
016dee91-0fe6-455c-aaee-db4069db03f7,f4aff892-842b-4e98-af4c-cfd1deacf96e,7943996.246484019,7943996.469062349,7944004.200111484,2176,200,0.22257832996547222,7.731049135327339,288
a8b66b27-7f1d-4dc3-ac90-8c178e1ff4a4,fba72a56-cd36-4731-8af1-a04f79c5aabf,7943993.246251959,7943993.564987429,7944004.214463302,3189,200,0.3187354700639844,10.649475872516632,192
9feef7f6-8b54-4201-8684-007e126df90b,825675cb-f150-435a-a754-aa57988c056f,7943992.246368077,7943993.315979622,7944004.279556988,5847,200,1.069611545652151,10.963577365502715,176
cb3166a2-8dc8-4b92-8cde-3ec288560b42,6bef9240-78a1-482c-96d2-a89c97ba970c,7943992.246361969,7943993.284731825,7944004.306630614,3072,200,1.0383698558434844,11.021898789331317,288
877e1ae3-23b5-4efc-bd9a-38be444dbafd,a941116a-c518-4f7b-bc3c-311e10bec57b,7943993.246239404,7943994.105508957,7944004.358813882,1362,200,0.8592695528641343,10.253304924815893,176
dc6aaba1-629d-4143-bd7f-6d5c7139de77,bfd839f9-7891-4b73-8ec3-0ec4e6a3b69e,7943992.246352931,7943992.519370223,7944004.883545701,2123,200,0.27301729284226894,12.364175477996469,160
6f96e13c-9cab-40d5-b2db-6d9cf4323e08,fdda8363-a79c-4dff-b8a5-15f6be115142,7943993.246256927,7943993.566006952,7944004.980523938,3097,200,0.31975002493709326,11.414516986347735,192
c07728f6-f478-4c9e-9a0d-9229531c9b79,5342e1c8-a17c-4fb4-a32a-4e55385954d2,7943994.246384133,7943994.993006545,7944005.313334808,6073,200,0.7466224124655128,10.320328262634575,160
cb81e6dc-5e53-46b0-bd77-ae8dffb7d27a,3af3006f-2e77-4d23-9583-c5204d42ceb9,7943994.246418148,7943994.987078725,7944005.307649162,1328,200,0.7406605770811439,10.320570436306298,176
dd5ef62e-d1e5-4f1b-91a9-83feb3496e58,e5488a62-a6e0-4b98-a167-55ef476697ef,7943993.246269295,7943993.505319407,7944005.3345944015,1867,200,0.2590501122176647,11.829274994321167,192
387b1d43-5e80-4cb8-bbcb-e46d7dfc2c7d,0936669e-5c64-4f1d-ada6-04ce9a565d14,7943996.246495132,7943996.469057032,7944005.689861943,2543,200,0.22256189957261086,9.220804911106825,288
96cb229b-345e-4ac6-a801-5df04693346a,af71c602-f33a-4d04-89ea-432032173fac,7943994.246393028,7943994.6272728015,7944005.913567768,1709,200,0.3808797737583518,11.286294966936111,160
e3d1afe9-7311-4759-936a-9190c095bbbc,ec035cd5-4099-445f-80a6-d885e8148b75,7943993.246264619,7943993.8989341725,7944005.933707111,2663,200,0.6526695536449552,12.034772938117385,448
6ceb12b7-6682-4d56-9929-d7bc83ee0f8f,f5770a69-6314-4b67-99f3-00584ca9b14e,7943995.246292684,7943995.944059028,7944006.11079531,5875,200,0.697766344062984,10.166736281476915,192
46f0ded1-5771-4d61-8ee9-b77c7892ed9b,58843bbc-fa60-4c1f-af2c-099aaaad1548,7943996.246489672,7943996.448793045,7944006.750422555,2134,200,0.2023033732548356,10.30162950977683,176
0e6bebbe-1dd3-4687-82f5-8183ed1d67e6,8201882b-3c83-4a5b-b140-7a5572375d5a,7943997.246199469,7943997.745922286,7944006.779712701,4216,200,0.4997228169813752,9.033790415152907,160
cc337633-0046-4b65-a29c-b4370cdcb363,bd8eeb28-8ddb-4e89-a649-ed73109fdad4,7943994.246398679,7943995.265857645,7944006.799317284,5773,200,1.0194589663296938,11.533459638245404,176
9d203e41-a808-4f07-afa5-e6af58706e34,7d83a754-194c-4131-be9f-21b4f40d2af1,7943994.246415274,7943995.430346521,7944006.814323027,5730,200,1.1839312463998795,11.383976506069303,192
a5d862bb-8287-4fb4-9ef7-d4317152c90d,8edd6727-c62e-4b6d-af6e-8918b8420add,7943995.246280736,7943995.52525579,7944006.826685962,3203,200,0.2789750536903739,11.301430172286928,176
025cb91c-30a6-416b-8ff2-40b2a5b887a7,76c6a94a-5b1b-4124-a8c1-7b783e5beb5f,7943995.246289543,7943995.857662373,7944006.847766948,6015,200,0.6113728303462267,10.99010457471013,176
6f833834-b5fd-44ff-bcfe-64f850a7f07c,fa60773d-c882-463b-8316-07d4c895e992,7943997.246194418,7943997.952459655,7944007.237346883,6052,200,0.7062652371823788,9.284887228161097,192
96bc7e6b-9063-4495-aa62-dc508b29a0ac,0de88066-b060-43c4-86e8-92b4ba42d652,7943996.246486773,7943996.391509821,7944007.608860208,1032,200,0.14502304792404175,11.217350387014449,192
149a3bbb-61d0-4af3-a42e-d5c63969566a,af106407-ea10-4304-a36e-a9f2fe57ec32,7943997.246185739,7943997.519346991,7944007.914266736,2650,200,0.27316125202924013,10.394919745624065,288
a2047b63-ca76-47ff-b6e0-3d33f6545b47,937cee9f-d224-46a0-9ef8-5fe4ab699fbd,7943996.246475941,7943996.731012346,7944008.002213099,5776,200,0.48453640565276146,11.271200752817094,160
80d05ce7-b9af-4186-9843-88906e2e5370,76fd2099-e109-465e-8f16-7a2d91ab32c8,7943994.246412452,7943995.398440857,7944008.112905751,5666,200,1.1520284051075578,12.714464893564582,160
c1345f40-321e-4d24-be90-b6b1d8c7b091,2cba0280-e9ce-4e04-935e-d0af6820ee0e,7943994.246387399,7943996.040036581,7944008.149444222,5788,200,1.7936491826549172,12.109407640993595,176
2cb1f9d1-84b5-4184-9849-550a5072fbbb,26f6e7fb-05d7-47ec-9c49-43b5ac7aed02,7943996.246497612,7943996.999462483,7944008.16196952,4252,200,0.7529648710042238,11.162507036700845,160
0dc3b5dd-a7b8-42c5-b684-75e6325e2b7c,04c151c1-ee98-4835-b8ba-1681eccdd922,7943995.246297538,7943996.566024352,7944008.177256022,6382,200,1.3197268135845661,11.611231669783592,192
03393cc9-cfaa-4eb3-80d0-fab4d4c48cc8,bd2ab0e4-b415-4560-8ada-17cafd1ace98,7943996.246492428,7943997.069671987,7944008.202315118,1485,200,0.8231795588508248,11.132643131539226,176
9a72ecf1-874a-4b12-906b-ced1f683a223,a2d50e13-b70d-4fc7-ae7b-c9da9cadaf6a,7943999.24626929,7943999.873317902,7944008.862350497,5745,200,0.6270486116409302,8.989032595418394,224
b8dccb83-e0af-446b-b470-c97355666202,22b227dd-da9d-4799-b7e8-7aeb1547af5e,7943997.24619691,7943997.962611828,7944008.992892666,2779,200,0.716414918191731,11.030280837789178,176
9192c277-000d-4eea-98f4-cbf308467aef,afc8c001-a5de-441c-928c-72f0289bc099,7943999.246263847,7943999.820847714,7944009.087726895,986,200,0.5745838675647974,9.266879180446267,160
abd0f8f3-e9dd-485a-ad4a-2bbd06f1314c,940160ec-0bfb-4ebc-ac97-abf254489499,7943997.24619187,7943997.82575474,7944009.175006176,6396,200,0.5795628698542714,11.349251436069608,192
8d00e7a8-73a4-42c4-bd4e-c17db0b1a809,6438b31e-b086-495f-8c72-0c6603de3583,7944000.246902878,7944000.727872428,7944010.056208368,954,200,0.4809695491567254,9.32833594083786,192
04f07231-3ed0-4c4b-99fe-2952692a8bd2,6c9f1413-e467-4d64-be9e-c1beccfa7d1a,7943999.246280044,7943999.90817062,7944010.22158936,2164,200,0.6618905756622553,10.313418740406632,224
6eb50359-9dde-4af6-8d32-7798b633125a,c5ee0dcb-4f4d-49c2-8f2a-ab8151ec8f48,7943999.246273033,7944000.156919594,7944010.857690718,5838,200,0.9106465606018901,10.700771124102175,176
855a69f8-c9b1-44b2-a442-2a257149d26b,d6ffa9d6-2f92-432f-a7e0-2110ea985d38,7943999.246228607,7944000.114933088,7944010.894449626,5847,200,0.8687044810503721,10.779516537673771,176
fcc81217-6b0c-498e-a7fb-c16d04443894,8f859b06-32e8-473b-8002-142e58a5ff49,7943998.246488617,7943998.757116169,7944010.954148378,6524,200,0.5106275519356132,12.19703220948577,192
471afbf4-8f08-438a-84ce-76266104be76,78d7f456-01c1-4f3b-87e0-11b338250aee,7944000.246913315,7944000.97495288,7944011.0148643255,1413,200,0.7280395654961467,10.039911445230246,176
2f410b58-4927-40db-bca0-87eb3c083c72,a97b3419-50d1-4d99-ba18-6269343a8188,7944000.246909908,7944001.421872399,7944011.115020334,5074,200,1.1749624907970428,9.69314793497324,160
0ea8bc3a-f77f-40ee-a527-abdf2e55d36c,c0e3d991-e188-4f78-8b8e-5dd01a6f8850,7943999.246266605,7943999.853402647,7944011.122832517,2549,200,0.6071360418573022,11.269429869949818,256
23a6f7fb-6507-4757-9d34-c13a342cc585,aeb913ad-d459-4fbd-906a-cf6ac2bb3fd1,7944000.246918101,7944001.301003831,7944011.124389042,5645,200,1.054085730575025,9.823385210707784,224
bd10badb-0e00-464f-8062-dfd461d40efc,25764557-8d50-4bc3-8d58-ccb7ee44ac5a,7944001.246572346,7944001.637714923,7944011.141591029,2892,200,0.3911425769329071,9.503876105882227,224
e67856a9-fb5c-4cdd-9472-7db0f37ea77b,d38bb58d-f195-4092-892e-2e293cc0ef73,7944001.246564506,7944001.661472243,7944011.155190765,1306,200,0.41490773763507605,9.493718521669507,192
34d86225-c25c-4e6e-8e8c-b04a7897c6d6,8276d4d4-43b8-49da-ae7f-7e654ef83e88,7944000.24688332,7944000.84448175,7944011.195032847,5786,200,0.5975984307006001,10.350551096722484,224
b126938b-1c76-49d1-ac9b-5f922bb525b3,f1ecd1ef-d78f-4c9f-9a85-929421dfd70e,7944000.246920721,7944000.838670233,7944011.189584178,1055,200,0.5917495125904679,10.350913944654167,176
bd5704a9-8c3c-4e61-9241-1562c35d8f4e,c0dbd0bd-4010-4779-815e-795e06cc171a,7944001.246555319,7944001.712930004,7944011.47037024,4952,200,0.4663746850565076,9.757440235465765,192
d9a1d725-4123-4a3a-8e9b-2b3ca8f7431c,fc03dbf1-0de7-4854-9fc3-dbbc06937d77,7944002.246653785,7944002.772929242,7944011.600168992,5797,200,0.5262754568830132,8.82723974995315,224
2d9b779c-f986-4162-a1fc-27a7746bf8a2,881cd439-cd62-4d96-be83-b9b80c159776,7944002.246635501,7944002.915690549,7944011.628108156,1828,200,0.6690550474449992,8.712417607195675,176
16966b28-e29e-4a29-8996-1b018bc2f6e6,dced35a2-1f71-49ea-a75d-eee733b63868,7944002.246644287,7944002.941872254,7944011.672169886,5786,200,0.6952279666438699,8.730297631584108,160
77eac93b-a460-4e40-8916-9ada899379ee,31a18d24-4d97-46f5-88d7-b218f1a9d035,7944002.246667163,7944002.93534183,7944011.6664473275,2670,200,0.6886746669188142,8.73110549710691,160
71268923-e86b-4ce1-9392-676b692a9eed,aa942eaa-fb40-4ee4-a6e1-593548ba0dbd,7944002.246650735,7944002.771988552,7944011.704022202,5928,200,0.5253378171473742,8.932033649645746,192
733c1972-12b5-471d-924b-aae2f346e5c2,c1b75d15-4b27-406d-967a-f255a4effcdf,7944002.24663894,7944003.219481702,7944011.730382738,5944,200,0.9728427622467279,8.510901035740972,176
36d4e11c-9048-4a00-9a4a-250c0d006ba5,1ba8fcf4-b3c2-4320-a37d-806f78c0ae0a,7943999.246276804,7944000.073792967,7944011.765607029,4066,200,0.8275161627680063,11.691814062185585,176
f48e856f-38c1-4927-9ea7-0a1d3fdca671,a5a74f4e-963f-4aa1-b844-df4512abb1bf,7944002.24664145,7944002.966049479,7944011.818181503,4242,200,0.7194080296903849,8.852132023312151,192
9962f54e-42c8-4711-92c7-b00db87baf06,41ebc82e-eb6d-418f-b73e-022fa300e998,7944002.246625492,7944003.1305440925,7944011.854672177,5839,200,0.8839186001569033,8.724128084257245,160
6d20f4e2-42d0-4445-83f3-c8aa3024cf61,39f0db0a-82e8-429d-aa53-89c2802d7dac,7944003.246931834,7944003.52416857,7944011.851265922,1336,200,0.27723673544824123,8.327097352594137,224
5f00ce80-6ace-473b-bfec-8fdd81c3ec54,912b0536-5057-493f-9682-008d1775213c,7944000.246896121,7944000.425584649,7944011.966180744,1057,200,0.1786885280162096,11.54059609491378,176
eb315d55-969f-4df4-b623-04ac6d12117f,5c47871b-d8be-425a-92e0-3bc8f1070874,7944003.246921588,7944003.942082206,7944011.979321408,5811,200,0.6951606180518866,8.037239202298224,192
6db50806-c759-4b8d-8125-e8db0828f000,f80ec396-9940-4eaa-b11a-e3113ee20829,7944001.246576268,7944001.790701931,7944011.981940091,5917,200,0.5441256631165743,10.191238159313798,192
d6485d4d-8905-46c1-a121-999fd8415f4f,ad505044-0649-4c84-9a66-a33049893e40,7944000.246924136,7944000.849172303,7944011.990081908,5867,200,0.6022481676191092,11.140909604728222,192
772af703-d9c3-4d39-9867-687e16357534,1d752596-f454-4264-b645-3b61ae3e70bc,7944003.246928517,7944003.779300836,7944012.009155975,5731,200,0.5323723191395402,8.229855138808489,192
21fb8f29-2dca-4f74-b1ef-70d8f3f76eec,89984c0f-ab73-4aa4-b3b8-e96bb2c0c5b1,7944000.246899834,7944000.852020851,7944012.041398235,2912,200,0.605121017433703,11.189377383328974,160
abc4ab71-4675-4496-8f1d-96a021dca62d,113c9921-afda-4fc9-98dd-836eefa608b3,7944003.246935381,7944004.167829689,7944012.053373483,3320,200,0.9208943080157042,7.885543794371188,176
f51c8a0f-82eb-410a-996f-e6c745e0d358,d1a58fee-2699-4cde-8dec-5a26bda64889,7943999.246259433,7943999.759261949,7944012.1257200325,4125,200,0.5130025157704949,12.366458083502948,192
54ec7434-2389-47f6-8501-1b0cdfdbf8d3,06bd9fe0-2b10-467b-8ee7-3de10fda9474,7944004.24673808,7944004.780107851,7944012.208346288,6082,200,0.5333697712048888,7.428238436579704,176
630591cb-1515-431f-9a27-5cadfb6788d5,4681109f-b6ac-4c2e-b51b-95fbb0ccf6fc,7944004.246751977,7944005.135218802,7944012.295973594,5486,200,0.8884668247774243,7.160754792392254,224
3626b858-d375-4dc5-a65c-5604d9bb90ae,1848fdf1-36ea-4090-912e-01ff672d7b6e,7944004.246750059,7944004.808642073,7944012.575531297,429,200,0.5618920139968395,7.766889224760234,176
dd36de06-f67d-4da1-a5d8-f771d4f2281d,b4527815-5a94-4cdd-8d25-4cd8b6f2f33f,7944004.24674725,7944004.620147608,7944012.601748895,2424,200,0.3734003584831953,7.981601286679506,0
87303219-3ae7-4651-99d7-95ed1fe5e7b1,dc8da506-377a-47db-b74b-fa65c921225f,7944001.246569381,7944001.752070358,7944012.791758968,6007,200,0.5055009769275784,11.039688609540462,192
bba274d8-768d-4f93-9966-d14a1f208937,4295c9d1-a245-45a2-ab2e-52b55d4bb49c,7944005.246364692,7944005.804055131,7944012.867109492,556,200,0.5576904388144612,7.063054361380637,160
eb930d0a-5b90-425c-9a80-43e62a04c45a,b2b28eea-494d-4c24-b6d8-00f553246d00,7944005.246354325,7944005.49421661,7944012.943462799,1858,200,0.24786228500306606,7.449246189557016,192
c9ab8451-9daf-4fc3-9623-31bd94f6da44,127f378e-d0dc-464e-a79a-fa7013197aab,7944002.246647707,7944003.041668558,7944012.951560064,5214,200,0.7950208503752947,9.909891506657004,176
8f52304d-1af2-4316-9f5b-21c904aff0f6,861e29f7-4713-4676-b1bc-a4d3d62f4ef2,7944000.246906882,7944000.930166045,7944012.987108956,2984,200,0.6832591630518436,12.056942910887301,256
6ab01961-bf83-4b50-a5b7-ff2f81742203,c8b7ff65-cf0d-44ff-991e-2b8fd4458b22,7944005.246358604,7944006.041305574,7944013.044570481,4805,200,0.794946969486773,7.003264907747507,176
acc00bd4-87bb-4e68-8025-0445b05374b8,cc69a023-c1c3-4dcc-9d6f-d347a10e1419,7944002.246660499,7944003.047760877,7944013.107421037,4977,200,0.8011003779247403,10.05966015998274,176
9c033296-c1d9-4683-9237-feccf84013b7,33ea6c12-64ad-418c-9fdf-8678e88b1bad,7944005.246361257,7944005.905837022,7944013.163912366,5991,200,0.6594757651910186,7.258075344376266,160
d02ada23-3b05-4b30-b1e2-3f23e7d03e1a,20a3f959-78cc-46c6-8962-31e21ecd5c4e,7944006.246580661,7944006.417364877,7944013.252452509,1606,200,0.17078421544283628,6.835087631829083,192
46dc3173-a8c8-4b08-95f0-d83d82e1278a,bc829e6b-bf7d-471a-b1e0-497440ccbb5a,7944003.246918063,7944003.74468183,7944013.272554882,5873,200,0.4977637669071555,9.527873052284122,176
85297da4-6863-4497-92f2-3aa14cabcaaa,ddf859b5-dde2-43b4-ac73-c5baf651f446,7944003.246904268,7944003.434494294,7944013.280968688,1661,200,0.1875900262966752,9.846474394202232,224
d80448f2-8969-4925-9eca-768d3e0c17d7,a3dab01f-d1d0-4917-85cd-54cb085d56db,7944006.246577688,7944006.391423478,7944013.282582612,1172,200,0.14484579022973776,6.891159133985639,160
e224196c-7050-4f5c-a672-38d42ac0b650,cd915048-11fd-46b6-9dd8-c6d53337db9a,7944002.246656885,7944002.974034137,7944013.967756085,829,200,0.7273772517219186,10.993721948005259,288
2fc4a5f7-a035-473c-96df-cc2af130de9c,0bd71f2d-8ff1-4b8b-a899-9b785a451bbb,7944006.246568613,7944006.408760747,7944014.089469136,1698,200,0.16219213418662548,7.680708388797939,288
7376ac7c-d9c9-4deb-b7e9-f9516858a029,8cb1914f-d8d8-4dc5-a5c1-41cb5213fa37,7944003.246914721,7944003.618294225,7944014.431731809,3519,200,0.37137950398027897,10.813437583856285,176
5c16bca8-87f6-4d73-9185-118fd28fc256,5ef28ed9-d9ba-4069-8337-a1edc2905941,7944002.246663753,7944002.790326955,7944014.59886284,5865,200,0.5436632018536329,11.808535885065794,224
db5a1fb5-1bc8-449c-bb35-727112be7e9c,dc042378-78ad-458d-b1a6-44be64014146,7944007.246367581,7944007.418971511,7944014.803757259,1774,200,0.1726039294153452,7.38478574808687,160
00c7b3c2-9975-46fc-92d3-7a9e578a9332,0bf31ffa-4595-4d11-950e-5ea31165867e,7944003.246924908,7944003.80414566,7944014.966020805,5660,200,0.557220752350986,11.161875144578516,192
df179ac9-1b75-4506-bd5c-f6bcd2b32e06,57ff1918-00a6-4f1f-abf1-71b1dec34e08,7944006.246583373,7944006.47724434,7944015.706552696,2575,200,0.23066096659749746,9.229308356530964,272
dd369ce4-0dce-4c31-b173-89cda59598b9,ebb1ca76-edc7-4fc1-baf1-d741d0a23195,7944005.246344723,7944005.816347083,7944015.95141029,5857,200,0.5700023602694273,10.135063206776977,176
94774825-aab6-446a-b214-fe912fd143d1,3797ba5d-fcc7-4791-8c86-0439e19be4b7,7944009.246631955,7944009.847978961,7944016.011734242,6100,200,0.6013470059260726,6.163755280897021,176
a2305f2f-b8cb-4c83-83cb-6d82175ccda7,d6f8e477-f975-4444-a444-268c9c3561ab,7944009.246634205,7944009.784485548,7944016.069898886,5675,200,0.5378513429313898,6.285413337871432,176
b79aea7a-1165-456f-be92-b65c89dfb436,a7fe60ad-86de-4de6-a1b1-c7f1fc1cb0c0,7944008.246268683,7944008.687989764,7944016.102830251,3689,200,0.44172108080238104,7.414840486831963,176
b64b9ebd-6a82-443e-8e9d-29aeed028e40,e5488a62-a6e0-4b98-a167-55ef476697ef,7944009.246628654,7944009.56839125,7944017.01836809,1855,200,0.32176259625703096,7.449976839125156,192
d813204f-37d9-4cd9-8c38-74c9d60f45fe,cb5f3703-6da0-4120-9adb-188860ebbdd5,7944007.246370741,7944007.477223953,7944017.069475356,2368,200,0.23085321206599474,9.592251402325928,192
04aaa38f-df31-46b0-9044-a54767872b6b,11125870-5b26-45ea-8fba-47c68888a24c,7944009.246619463,7944009.688253519,7944017.230125535,3134,200,0.4416340561583638,7.54187201615423,224
6d8f8837-dc09-48e6-9515-15bfa3b59f1b,e7ddf100-0645-4d83-9de1-cdfd98d12da1,7944008.246273562,7944008.634809749,7944017.303466113,4077,200,0.388536186888814,8.66865636408329,176
5cc5913b-43c1-40bb-8bb7-780dfca6e63f,c7982c70-c5d4-4b9d-9f05-ceacbb6c0ad6,7944007.246360191,7944007.499725344,7944018.110596467,2429,200,0.253365152515471,10.610871123149991,192
7780f052-e481-406e-8752-990b90db88e8,d3954709-3e90-4162-b807-366fedb25f30,7944008.246271175,7944008.525713476,7944018.536816691,2886,200,0.2794423010200262,10.01110321469605,288
27389d40-7ba0-4663-b1f2-d5987be3342b,d77e7ed2-7184-47bd-9b19-385348298a61,7944008.246264869,7944008.560478281,7944018.692960676,2664,200,0.3142134118825197,10.132482394576073,160
6522f190-68d7-4607-acdb-8c2919fba87b,e252d297-3d3f-4c5a-8afc-b644cb099865,7944008.246254712,7944008.7711737035,7944018.891635598,5887,200,0.5249189911410213,10.120461894199252,176
d2bf9074-c8bc-4a84-bdfe-da84698c741d,2d04a413-22fe-4614-bb84-9ea52c8c3a73,7944016.246468855,7944016.870786788,7944019.260627382,5946,55,0.6243179328739643,2.3898405944928527,160
b0caa30e-045d-41d8-8514-f374484d08e5,06057990-dadb-46c8-b104-17a913a4bdf0,7944011.246426774,7944011.369648434,7944019.308590382,671,200,0.12322166003286839,7.938941948115826,176
e2487cbc-c026-4e50-93e2-0ff098914925,977ac36b-bb7b-4aac-bf3e-938831af0d6d,7944011.246431084,7944011.7167281825,7944019.3105114065,5589,200,0.47029709815979004,7.593783224001527,256
b3e368f9-c4c1-4838-a7c3-9e4f7dae1cec,af58fe18-5abf-4a30-a78b-73561c06d4f2,7944011.246433696,7944011.479830856,7944019.924600321,2406,200,0.2333971606567502,8.444769464433193,288
903d9ea0-9216-46f0-80bf-ff45a55bf692,170812a6-cb38-4169-bec1-bbe2e86c6001,7944013.246507425,7944013.459409409,7944020.107844524,1831,200,0.21290198434144258,6.648435114882886,0
fa4d730b-0185-4f9d-870d-6761290389c9,b1d48415-2679-4cdf-930c-839699995501,7944011.246415612,7944011.6617028965,7944020.522118039,4405,200,0.41528728418052197,8.860415142960846,176
a5f8894c-d57e-4d0c-9625-1ad2d176edb3,f4aff892-842b-4e98-af4c-cfd1deacf96e,7944012.246440188,7944012.468110614,7944020.794666145,2179,200,0.22167042642831802,8.326555530540645,288
daf21dfc-493d-4fb5-8bc3-32d72624de04,396067f9-cf14-4d86-bd9f-220abe7ead62,7944012.246436739,7944012.750554702,7944020.957921964,5950,200,0.5041179629042745,8.207367261871696,192
8f965b62-fe30-4692-8994-34a04287ce6e,8aa6063f-9cd1-4748-bc9a-78c44fd7370a,7944012.246424094,7944012.456302825,7944021.085833917,2028,200,0.20987873151898384,8.629531092010438,400
aece26cb-73da-48dc-a539-781964226918,060f2ac7-a6fe-475c-862b-44d01526e2fe,7944012.246433122,7944012.551617946,7944021.2064751,3123,200,0.30518482346087694,8.654857154004276,160
1ac8ebcd-70a3-4b06-ac3f-85e080f1e05a,e252c7b2-268a-46f8-9aef-034d91473c0c,7944014.246726041,7944014.744027929,7944022.014462498,5936,200,0.49730188865214586,7.270434568636119,160
c87b4c7b-004d-455c-b2f0-6d08d26e1e2c,7dca581a-2e82-4ca0-bf23-35337ca94cc0,7944013.246528426,7944013.764464183,7944022.136720872,5884,200,0.5179357565939426,8.372256688773632,176
24c8a690-d95c-44b8-a950-54040f39a88b,6ee396d8-db4c-4684-88ab-113b143832cd,7944014.246720519,7944014.751919588,7944022.266023857,5689,200,0.5051990691572428,7.51410426851362,160
5970084f-e998-4003-b4b9-a8e17b0f7341,b4c5b65e-b0b2-4149-a9a2-a49a11473845,7944014.246717579,7944014.7378574805,7944022.286563803,5774,200,0.4911399018019438,7.5487063229084015,176
31838c65-0aef-4095-b63d-a414a33f28fe,42303959-8373-4fb5-b881-e39d2351d467,7944013.246525428,7944013.618380572,7944022.346627398,3988,200,0.37185514345765114,8.728246826678514,192
18beafba-8c17-41a7-8553-ebe14232af40,30971b06-21cb-430b-9b96-f4da653a673d,7944013.246517962,7944013.748335209,7944022.658139538,5915,200,0.5018172468990088,8.909804329276085,176
7c804273-e070-4390-bcff-b60be8e83778,83c43919-a2bc-41bd-8bf8-b7585910d60a,7944014.246723189,7944014.405949753,7944022.908605403,1421,200,0.15922656375914812,8.502655650489032,224
2eb77951-de51-4a66-9743-35ba231d1a8c,41705093-4c8c-4a90-99d2-ad3181aceb70,7944014.246706845,7944014.768126286,7944023.041032153,5701,200,0.5214194403961301,8.272905867546797,192
a7a4349c-ca94-44bb-95a7-fdc5ba0a7bb9,e0f89448-f876-416b-8010-7e072a728504,7944015.246785637,7944015.7103841575,7944023.196853794,5839,200,0.4635985204949975,7.486469636671245,160
0665c41f-b007-436d-9e81-487c43aff664,cca96de9-6408-4913-ba55-66f765509f5d,7944013.24652178,7944013.403876312,7944023.2198367575,1440,200,0.15735453180968761,9.815960445441306,176
7d3cf740-3319-4d33-bed2-047dd8493efa,d4b57d15-884a-4f2d-89bf-cbd7ff0bfb90,7944016.246462746,7944016.559068493,7944024.155808666,3124,200,0.3126057470217347,7.596740173175931,224
1d479194-1eec-4e01-b741-191337b47e1c,af106407-ea10-4304-a36e-a9f2fe57ec32,7944016.24645498,7944016.467954946,7944024.166249633,2648,200,0.22149996552616358,7.698294687084854,832
7bf03c14-5cf3-46e4-842c-4f1acad2b184,d2d5bd84-b3bd-4a48-8157-0a1a9475ba55,7944016.246437956,7944016.537923591,7944024.689772105,2836,200,0.2914856355637312,8.151848513633013,160
7463042d-e14e-4f1e-b1c6-c6b076473e1b,50255ca8-a7bc-49f9-aa44-a33caa66a0be,7944017.246302136,7944018.091751687,7944025.118685878,5940,200,0.8454495510086417,7.0269341906532645,176
f4f95bac-ebf6-487f-a770-7a50ecc4f1f2,cd915048-11fd-46b6-9dd8-c6d53337db9a,7944015.246774245,7944015.35583389,7944025.140065278,817,200,0.10905964486300945,9.784231388010085,16
7f1c6212-788c-490b-80b3-fca6d39fe4a7,d566688b-c12f-4f43-a23a-91a9e9641df7,7944017.246274702,7944017.479582146,7944025.140015713,1989,200,0.23330744355916977,7.6604335671290755,224
c553c2ec-c468-487c-a9f9-92c0758a28e3,f3a3a146-a735-459e-af58-d3d7626b4a21,7944016.246475007,7944016.810729638,7944025.153546524,6147,200,0.564254630357027,8.342816886492074,192
b5595a12-4889-4ed7-8af1-cbab850add4e,19e245be-212e-4849-8f21-2c5fb9e6f9e4,7944017.246268694,7944018.001954799,7944025.163189066,1252,200,0.7556861042976379,7.161234267055988,176
35e862f3-81f6-498e-a53e-218f5434b4a0,a3dab01f-d1d0-4917-85cd-54cb085d56db,7944017.24628733,7944017.437022902,7944025.387009985,1333,200,0.19073557201772928,7.949987082742155,160
ea4d8455-7ac4-47a9-999f-d61a853a6260,b25956a5-e9c7-45bc-bd5b-3553a68b6dc1,7944017.246304357,7944017.734413024,7944025.8123298725,1813,200,0.488108666613698,8.07791684847325,160
90834d2b-baef-4d35-a353-daaaf22bfe50,81505de9-db89-4e1a-8deb-0cfff5c3be97,7944017.2462906,7944017.465256825,7944025.938414047,1662,200,0.21896622516214848,8.473157221451402,176
84ed2dd4-86c6-4abf-9d99-dddd50a9b265,b5f8cc72-86b3-4d6e-97a0-b612ac47f05a,7944017.246271817,7944018.079100556,7944025.9645404965,5950,200,0.8328287387266755,7.885439940728247,192
f1e961f4-a434-4c6f-a9f7-6aefdc6b88bb,e32a076c-30ff-426f-bce8-121b072666e8,7944016.246465451,7944016.570602584,7944026.009898765,3411,200,0.324137132614851,9.439296181313694,288
d3a9ca73-fe7c-44d3-858a-0f80d1fa779a,7f03b1ba-06bc-47a2-be64-1a59fab8ce22,7944017.246296723,7944017.781834799,7944026.271255716,5782,200,0.535538075491786,8.489420916885138,192
e1439388-a97a-4383-8106-42662547fa92,912b0536-5057-493f-9682-008d1775213c,7944019.246309064,7944019.400160768,7944026.297749109,1057,200,0.15385170374065638,6.897588340565562,176
f9725ce0-f008-446d-b255-90e914085b7a,55e477b8-0dcf-4b42-89d3-65961d992b09,7944020.246565672,7944020.574869427,7944026.874668525,2879,200,0.32830375526100397,6.299799097701907,160
43472559-dd2f-446a-a7e3-03684c3d8468,6f4a7340-4bd4-446a-8cc1-2367016ee48c,7944019.246294001,7944019.757546921,7944027.025645594,5969,200,0.5112529201433063,7.26809867285192,192
e6015f6f-e412-487f-804d-5e4d1bade0ab,f56eb112-09aa-410e-941f-40b32b5b1551,7944019.246318483,7944020.089602673,7944027.039540128,4361,200,0.8432841906324029,6.9499374544247985,224
6c43f4ae-6d88-4ac8-b269-b1aa9dd39d7e,12660cf2-26fe-4c78-a8b3-e603c06b965a,7944019.246284037,7944019.840592435,7944027.112504298,5889,200,0.5943083977326751,7.271911863237619,160
2f46428d-0039-4328-b672-7005d4c953e7,d38bb58d-f195-4092-892e-2e293cc0ef73,7944019.246312308,7944019.8349479055,7944027.10700207,1306,200,0.5886355973780155,7.272054164670408,192
2aae2c4d-efb0-4a53-a5ad-9129f5b71613,eb47aef2-5af4-4ab2-9e3a-6321c91f6f64,7944018.246995362,7944018.711012872,7944027.162569648,5804,200,0.46401750948280096,8.451556775718927,176
d869b646-3685-4b73-835c-316458b3dca2,50844e5e-9277-49cc-b561-36669f0ad23e,7944016.246448231,7944016.928934781,7944027.241144548,3939,200,0.6824865499511361,10.31220976728946,192
e90106e5-259d-4837-a442-664480d4d8ec,f77b3e1a-28ab-448e-9c49-1437284550c7,7944020.246560118,7944020.473537966,7944027.339834783,1246,200,0.2269778475165367,6.866296817548573,160
0a40b689-764d-4a40-9b0a-093e9a02bf9f,08fd4f28-cfe4-49c1-85a7-0a1ca9c62bf4,7944021.246239324,7944021.380736705,7944027.867577697,813,200,0.13449738081544638,6.486840992234647,192
b5540857-9d1f-41e2-9297-bf47398cfdea,0b745e6f-d44a-48f9-a807-a21f2458356f,7944017.246277869,7944018.29558738,7944027.971878261,5887,200,1.0493095116689801,9.6762908808887,160
df6f4af6-64a6-4efc-9073-7652f525af5e,cefc6823-5ff4-4638-94ce-6bc5efae4bb7,7944017.246284261,7944018.294502433,7944027.972577822,665,200,1.048218172043562,9.678075389005244,176
6de06321-a02d-4309-980d-0a9da70c22b5,8f981136-8343-4ee0-8adb-07bae5162d5b,7944019.246300064,7944019.850992051,7944028.150339904,5919,200,0.6046919869259,8.299347853288054,192
3fdb21da-e5ed-412e-81cf-a345015b74f1,d1267d78-73ba-48bf-844a-30f28f4bac7c,7944019.246302805,7944019.891748054,7944028.29655995,5861,200,0.6454452490434051,8.404811896383762,176
7bbe8724-6d1c-46c3-9b2a-9e6f916fd8ca,c0dbd0bd-4010-4779-815e-795e06cc171a,7944020.24656303,7944020.769871915,7944028.805170294,4952,200,0.5233088843524456,8.035298379138112,192
e7d2c5ce-4ea7-4164-a51b-8a3e2315a285,0936669e-5c64-4f1d-ada6-04ce9a565d14,7944017.246280407,7944017.530574309,7944028.898069687,2543,200,0.2842939021065831,11.367495378479362,16
502ecab9-d56e-4389-af5c-efab385b5cef,be47ec66-79ab-4aa4-bbaf-d9fef785d9a0,7944021.246258422,7944021.834432292,7944028.911476787,1850,200,0.588173869997263,7.077044495381415,160
50778ddb-68b3-4525-85b8-3dac2c64f154,684c786a-badc-48de-b322-c0adb845e0af,7944017.24626027,7944018.101867139,7944028.92889145,1949,200,0.8556068697944283,10.827024310827255,192
40988c73-6b9e-4211-87d6-8a59d6586490,a97b3419-50d1-4d99-ba18-6269343a8188,7944022.246232833,7944022.702961275,7944028.964147409,5237,200,0.45672844257205725,6.261186134070158,160
039f72f9-3c12-400f-8454-7782be47ff0c,b8da1dd5-81ed-4005-bc7f-80a71f22ed71,7944019.246297304,7944019.935172153,7944029.705316553,5267,200,0.6888748491182923,9.770144400186837,176
6fbdc309-588b-4560-b9d3-7b539d3ff665,d75fc6aa-3530-4026-a801-ef7d33d2f263,7944016.246472422,7944016.777130602,7944029.880400646,468,200,0.5306581798940897,13.103270043618977,192
704b13fe-d3c8-4a4c-8a5e-02ac2b923c82,99f1f6df-a16f-4986-bef1-52e47aec378f,7944020.246550474,7944020.681677808,7944029.979823056,3900,200,0.4351273337379098,9.298145247623324,160
a1fc631e-fe57-45ef-8ecb-06ef6d874837,e43607a6-bee1-4fdf-a0b4-8ea2245eecf1,7944022.24622554,7944022.458468481,7944029.995317222,1860,200,0.21224294137209654,7.536848740652204,192
510ab8d8-23f2-4389-a27f-90f83d3abe14,25e05b43-67ce-4b7b-8e1a-a1867aa8c036,7944019.246315738,7944019.81087306,7944030.074553781,6029,200,0.564557321369648,10.263680721633136,192
09ea52ff-8e0c-4e87-9cfa-1852b2442c0d,43457d7f-b6c5-459b-ad04-d0f5e27a0f7c,7944021.246251352,7944021.457568597,7944030.2164822435,2241,200,0.2113172449171543,8.758913646452129,288
75d54ec9-635d-4573-ab0c-a4cf6b36c0d6,9e580bae-2f35-4dfe-997c-4787138befb0,7944021.246261155,7944021.586668181,7944030.700876512,1943,200,0.3404070260003209,9.114208330400288,192
62bafbd1-bc9a-4247-aeb0-eedfdba9d011,4d91675e-bed6-4756-af92-49701ac0572f,7944023.246214586,7944023.823477532,7944030.970882854,6044,200,0.5772629454731941,7.147405322641134,176
1b3c8899-84ce-45da-be70-6b6fd3bd3aa9,47b6f51c-e139-4524-b0ed-2b8a71627474,7944025.246226678,7944025.748857963,7944031.018715109,5842,200,0.5026312852278352,5.26985714584589,160
009d5245-eccd-4116-81e9-a243097afc92,f2c8fa8a-6fa2-439d-8757-8199060b169a,7944017.246299342,7944017.712638194,7944031.116793907,5234,200,0.4663388514891267,13.404155713506043,176
ea268462-5859-402d-bc6a-758fc290b7bc,53331c8b-4eec-428f-89e8-96e8338db919,7944017.246293235,7944018.347008281,7944031.1484441245,5980,200,1.100715046748519,12.801435843110085,160
018851e3-873f-4bfb-9475-e3b2c70be6b4,8b3b7df3-f53b-4397-b9ae-1bd08411c732,7944022.246229113,7944022.9552266635,7944031.316727997,5844,200,0.7089975504204631,8.36150133330375,176
dfd0af5f-3ddd-40f4-a72a-879c51e99980,c56b9229-6877-464d-915f-96351da897ef,7944021.246248262,7944022.098123447,7944031.3574967645,4873,200,0.8518751850351691,9.259373317472637,224
13a47f67-0006-4803-b9cc-dc148181f97b,b9b91956-d519-4e8c-ab83-8b3d59ff4c1e,7944022.246222019,7944022.764305274,7944031.863317819,5813,200,0.5180832548066974,9.09901254530996,176
d1be04ec-f515-414a-b86b-0e571cb6d1a2,ce509adb-84cd-4828-852b-e10802b976ce,7944026.246357275,7944026.339312917,7944032.024931447,595,200,0.09295564144849777,5.685618530027568,224
157b8368-a77d-496a-ab88-58400aebe98a,c4d3dc38-186d-40b5-b82e-511fcca85150,7944019.246306139,7944019.986301268,7944032.048380332,3639,200,0.7399951294064522,12.062079063616693,192
f7749b5f-fab9-458a-81e7-04c9c6cf8efd,27b28b59-8639-4edb-98d5-099555d9b2a6,7944023.246217544,7944023.53149132,7944032.05670718,2089,200,0.2852737754583359,8.525215860456228,192
148838b2-f4d6-40c2-8818-8eb615f6c9cf,8201882b-3c83-4a5b-b140-7a5572375d5a,7944022.246248341,7944023.007987957,7944032.41469025,4216,200,0.7617396162822843,9.40670229215175,160
c75b5427-e0f8-4860-9a5e-21479f73ddfb,a2d50e13-b70d-4fc7-ae7b-c9da9cadaf6a,7944021.246253532,7944021.760248615,7944032.734396249,5733,200,0.5139950830489397,10.974147633649409,224
0704da4a-1646-421e-87cb-96ba68725604,ccd8f2c3-44d3-41c4-91db-1ba4dc5f9701,7944023.246195444,7944024.041732546,7944032.79692027,2887,200,0.7955371020361781,8.755187723785639,192
b784dedc-804f-45db-9a90-75bbc71a451e,b38f7d51-ee06-41a2-897f-9594e9dfb054,7944023.246204006,7944023.785282414,7944032.809234127,5788,200,0.5390784088522196,9.023951712995768,176
f9f3e370-50a7-4d44-932f-ea15cca67aa9,ea0112a1-5acd-4249-9207-038c80625b12,7944022.246237091,7944022.833070181,7944032.860567818,5939,200,0.5868330905213952,10.027497637085617,176
a11d40a1-0b63-4060-a422-6a1da6e0f62e,f271ebe9-b215-4499-a991-8ff24c4302bb,7944024.246282273,7944024.612701219,7944033.1049274495,3930,200,0.36641894560307264,8.49222623091191,176
dbfa203f-5f62-4e1c-af92-484767bc7112,63dbcaa2-f60a-484e-98c0-24f6814d7556,7944027.246541542,7944027.490653745,7944033.117225335,2691,200,0.24411220289766788,5.626571590080857,192
3df77739-e9b8-45ac-be9d-1adf16967f59,af106407-ea10-4304-a36e-a9f2fe57ec32,7944026.246347604,7944026.51992818,7944033.239522186,2638,200,0.2735805753618479,6.719594006426632,16
6d8d0162-eb84-4d3c-aff1-017b5c446930,e6f02cf2-63e2-47aa-88a9-85c903954750,7944021.246255853,7944021.942689006,7944033.292293347,3578,200,0.6964331530034542,11.349604341201484,160
fbd66222-c8d7-4b28-8223-5ea304be39a1,27e00e2e-21f7-46b8-8008-d0a46fedbeee,7944025.246210239,7944025.361124135,7944033.933379805,954,200,0.11491389572620392,8.572255670093,288
62148b39-46a2-490a-93ff-9a0789e7ee4e,7b2e5dae-5d3e-413e-aa17-79e5e13971cb,7944025.246223676,7944025.884729843,7944034.038291129,5748,200,0.6385061666369438,8.153561286628246,192
4655dadc-ffd4-41e0-a569-3823931d18f7,9f4a967c-69d5-46cb-a48b-7028ac8a0984,7944022.246245001,7944023.078364261,7944034.035401574,5008,200,0.8321192599833012,10.95703731290996,176
d973496c-5b1e-4690-888b-bbe3ce6c12ad,b4527815-5a94-4cdd-8d25-4cd8b6f2f33f,7944023.246207551,7944024.10604769,7944034.335377264,2413,200,0.8598401388153434,10.22932957392186,0
aa6b7111-9af1-4c4f-9433-4c6f7a67a165,f7ee062d-4842-49dc-93fa-f6db64295351,7944025.246232412,7944025.817879499,7944034.761003451,5973,200,0.5716470871120691,8.943123952485621,176
2ed0ed4b-fb41-4d8a-8a60-d7ffee6293b3,c47b88bc-8337-4fcb-bb63-b8c147f8261e,7944022.246210253,7944022.94696092,7944034.780449132,5789,200,0.7007506666705012,11.833488212898374,192
670158ab-f744-439a-b382-ac1eb69d1274,90459a3b-3485-49f1-9ff4-20b06e66b7dc,7944022.246241225,7944023.213172438,7944034.799449152,5886,200,0.9669312126934528,11.58627671469003,160
f88d4cf0-8a66-4d4d-9805-772de13bdb22,8ccb7a9c-c0f2-430f-aa35-4054852335ef,7944025.246220483,7944025.610305059,7944034.9690513555,3793,200,0.3640845753252506,9.358746296726167,176
c253f2ba-c3e4-4499-a216-7bae8f64b612,0bd71f2d-8ff1-4b8b-a899-9b785a451bbb,7944024.246272172,7944024.437079085,7944034.973150824,1755,200,0.19080691318958998,10.536071739159524,288
68fc44d0-08a9-42d9-9ce9-6fec31b10343,e74245db-a56d-47ca-9c2a-8e63314d403e,7944023.246210759,7944024.114419244,7944034.97260517,3182,200,0.8682084856554866,10.858185925520957,176
ca729f50-eeed-4617-903b-1cc8b1f5faeb,7c3d9d5e-536a-4db4-bbf4-b05c9113f99d,7944024.246285815,7944024.490996745,7944035.2272810545,2214,200,0.2447109306231141,10.736284309066832,224
8bf3293b-3747-44a8-b649-533c23c0a31a,7e2e7623-9e79-4fcd-af36-959e2862cb05,7944026.246344277,7944026.736013344,7944035.294358072,5696,200,0.4896690668538213,8.558344728313386,160
eb37f239-b199-40f2-9308-677198f3941d,1944b4a9-25a6-481b-a8a6-9b9e9f4d0c67,7944027.246532414,7944027.812843401,7944035.315678416,5895,200,0.5663109868764877,7.502835014835,224
07a5679a-edc6-4584-b79a-ba2c2b40dab1,05df5986-4b14-436d-8a7a-c4b26a4be8f5,7944027.246537725,7944027.613369401,7944035.86363914,3775,200,0.3668316751718521,8.250269738957286,176
3bd919cf-1790-44de-804f-23e4cf471630,afc8c001-a5de-441c-928c-72f0289bc099,7944028.246448396,7944028.387130653,7944035.95863629,1247,200,0.14068225678056479,7.5715056378394365,160
38c9ecd5-e60c-4fc9-9be0-31718b2f9154,8aa6063f-9cd1-4748-bc9a-78c44fd7370a,7944029.24643463,7944029.424656542,7944035.987278959,2007,200,0.17822191212326288,6.562622416764498,288
b5711d81-681e-4fbf-b31a-d989e899b36c,06b96d78-d574-4242-88bf-812e4fb33e49,7944026.246353874,7944026.845090055,7944036.065950825,1779,200,0.5987361809238791,9.220860769972205,192
b90dbafb-c4f7-4059-8582-a09cb35aa01e,57ff1918-00a6-4f1f-abf1-71b1dec34e08,7944026.246350868,7944026.502385469,7944036.07070551,2636,200,0.25603460147976875,9.568320040591061,256
670c6413-03c5-4d97-a9db-b1b94a389487,00960d8d-92b2-47dd-a410-ce898eaf23c2,7944025.246229494,7944026.171567511,7944036.281764748,5865,200,0.9253380168229342,10.11019723676145,176
0d16170d-c9cb-456f-a331-03eb7feb3bdf,97baf3da-711b-4810-94f8-bd636b16cb9a,7944028.24643077,7944028.343967751,7944036.602076398,908,200,0.09753698110580444,8.258108647540212,160
a442aaf2-5b96-4d5d-9e54-d787c2e22521,1e4cedf5-0c16-460d-a662-72daaa3cfb4d,7944027.246521517,7944027.976383776,7944036.80586116,5931,200,0.7298622597008944,8.829477383755147,192
8bef86ff-6645-40d1-a3a6-2984d1addb3c,41d7460a-e0a1-4300-9f40-37670c541e0c,7944026.246329786,7944026.377554046,7944036.812071397,1253,200,0.13122425973415375,10.43451735097915,288
40465200-4bcc-4dee-8377-8f2408326df1,7db323ee-7338-40ca-b957-d7f35acd4336,7944029.246450772,7944029.947062794,7944036.905203173,5901,200,0.7006120225414634,6.958140378817916,176
3040e41d-7066-4cba-8a2a-70f67b1e1479,170812a6-cb38-4169-bec1-bbe2e86c6001,7944030.247040596,7944030.435068391,7944037.003895482,1831,200,0.18802779540419579,6.568827090784907,256
44c7cdda-287c-4be5-9633-75eb9925cef5,9b9edbc7-220b-4ac4-815e-b9209e973b09,7944027.246544208,7944027.713496699,7944037.328513089,5188,200,0.4669524906203151,9.615016389638186,608
2910d0a2-b17a-4f77-b711-dcf8053dca20,20a3f730-0a4f-46a2-b2a5-1a67647b8fbe,7944027.246534901,7944027.766112435,7944037.723808726,5822,200,0.5195775339379907,9.95769629161805,192
13bb7193-e02b-49f5-98de-08f54f66dc1c,8c66f4b5-d213-4e99-89aa-3f646bb39a87,7944026.246341295,7944026.746837596,7944037.848299083,6000,200,0.5004963018000126,11.101461486890912,176
146f2757-27b7-4486-89c8-5460ef427c20,bd8eeb28-8ddb-4e89-a649-ed73109fdad4,7944029.246438143,7944029.929022794,7944037.976960925,5771,200,0.6825846508145332,8.047938131727278,160
f44f46fb-c6af-4148-95aa-41a3f4b96d51,2cf6c4f8-2bdc-4486-969c-3bbcd7e36b59,7944030.2470588,7944030.471909005,7944038.0850436445,2283,200,0.22485020477324724,7.613134639337659,192
6d209343-d09a-4e8d-bc47-517a5622c254,af58fe18-5abf-4a30-a78b-73561c06d4f2,7944029.246453469,7944029.911655118,7944038.109070841,2405,200,0.6652016490697861,8.197415723465383,288
900d0eeb-90a8-4354-927e-745a576cf965,f4aff892-842b-4e98-af4c-cfd1deacf96e,7944029.246425493,7944029.679902287,7944038.197107882,2171,200,0.4334767945110798,8.517205595038831,288
80c951a0-c335-4179-827f-028e928cf111,cf4fae3f-b581-4c59-9fef-3738c46b3c2b,7944028.246441136,7944028.495698956,7944038.712271245,2277,200,0.24925781972706318,10.2165722893551,160
4ad4c699-a486-4a7b-ab5f-7a40d000652a,5c310efb-bfc5-46d7-97ea-542167b82029,7944031.246151394,7944031.49958046,7944039.044389706,2758,200,0.25342906545847654,7.5448092464357615,288
9265344f-c1e3-4c18-99d3-d83a337df574,29c4b994-3de9-45d9-90a7-a713dda14155,7944029.246442002,7944029.763470863,7944039.076299219,5704,200,0.5170288607478142,9.312828356400132,176
01c1abf7-bb00-4c99-9988-563ac35c930e,bbea6a5c-8d47-4003-8b31-48aa9eb697ca,7944028.246445129,7944028.898719019,7944039.148483272,6696,200,0.6522738905623555,10.249764252454042,192
92819a7b-a907-4994-9468-3e7f86d249ad,ed0ec45f-0834-450d-974e-6c8a7ef11d0e,7944030.24705545,7944030.415269615,7944039.188725679,1486,200,0.16821416467428207,8.77345606405288,160
9bd6a093-9bb4-4d4e-aea3-82f6bae68dc3,36072142-1340-4cca-b3ba-83f8c8f4afb5,7944027.246529393,7944027.766369141,7944039.288829028,6028,200,0.5198397478088737,11.522459886968136,176
bd805fe0-d83a-4aee-b000-bb2c9c544570,bd3ab7eb-0595-4c3a-b717-f9c55e72b6cc,7944031.246165023,7944031.719876509,7944039.652227472,3411,200,0.47371148597449064,7.932350962422788,224
b8b77e38-63b4-480a-98ea-a62577ad516a,169b543e-8c75-4952-9e23-705f71128139,7944030.247051984,7944030.405561411,7944039.878327362,1378,200,0.1585094267502427,9.472765951417387,192
8719c190-8eb3-43f9-9da6-21be41afdb34,e8a795ee-9f90-4976-894b-7318b1215e72,7944028.246451172,7944028.760417953,7944039.882421891,5567,200,0.5139667810872197,11.12200393807143,160
3b943dd1-d6d5-4c15-92a6-739aa8db6b84,5761bb36-4436-4d2d-b483-82492b5b7782,7944033.246530035,7944033.489964337,7944040.285607648,2670,200,0.24343430250883102,6.79564331099391,192
f5e9967b-12b2-4c4b-9b29-9b9b1d214bd5,4295c9d1-a245-45a2-ab2e-52b55d4bb49c,7944032.246734222,7944032.3304369,7944040.335291917,544,200,0.08370267786085606,8.00485501717776,160
89fbe331-802b-46d2-ae7c-a3206fc3618b,eaba400f-f029-457a-b05a-0a6f98a6ec83,7944029.246448001,7944029.565949233,7944040.81371552,2618,200,0.31950123235583305,11.247766287066042,192
82809d50-cc51-4754-babb-4fe42a667bcf,b0e0ac14-8af5-4799-bee0-183834e865d4,7944029.246444711,7944029.749411176,7944041.001565217,5809,200,0.502966464497149,11.252154041081667,176
de48984c-137b-408f-9788-5a4ee03fcf2b,21dbf6ef-22d2-46e3-ac48-9cb8657506d9,7944031.246162891,7944031.788204931,7944041.166399576,4233,200,0.542042039334774,9.378194645047188,192
b31bdb44-5f02-44ba-93b8-3728194d7fba,c5eb325e-4501-406f-86a4-ccbdef7dd488,7944034.246207654,7944034.748375593,7944041.788721801,5745,200,0.5021679392084479,7.040346208028495,160
ae1a6f13-46f9-49f6-a060-25f5d79c41c6,320cf5f0-a5c1-49b5-91a9-a20c3778432b,7944033.246526737,7944033.946762593,7944041.893907886,6075,200,0.7002358566969633,7.947145292535424,160
f5401263-4ac7-4eda-b800-3b523c85d36d,4ea323b6-3ea0-43fc-b190-c775d192ad29,7944031.24616722,7944031.736098539,7944041.983643204,915,200,0.4899313189089298,10.247544664889574,160
5e71b241-75fc-43e4-a3c4-3331353bfba2,4346426a-d1cf-4421-a05c-b8084161d1b8,7944033.246519913,7944033.587071955,7944042.122809507,1396,200,0.3405520422384143,8.535737551748753,176
83201b52-d39f-488c-b9de-a6b4702bccd6,ec035cd5-4099-445f-80a6-d885e8148b75,7944034.246213177,7944034.6784564555,7944042.192249191,2580,200,0.43224327825009823,7.513792735524476,288
edec3133-a2f8-4ce1-9628-4b1af7d6ad2a,be87db14-1251-411b-a2d2-32b73d635bc4,7944035.246361077,7944035.545597383,7944042.296585459,3198,200,0.29923630598932505,6.75098807644099,160
c2a821e1-9cc6-4cd6-838f-ebf4284fa087,01bf6cef-c97b-4d6f-8ae2-8102bf0f9a79,7944031.246160166,7944031.747525562,7944043.005750134,5913,200,0.5013653952628374,11.258224572055042,160
9379dc6d-ed6d-4fef-b8c8-58daffbd82e9,c04293c9-674a-4121-83b3-78d969e4af61,7944035.246331228,7944035.755115848,7944043.068009326,5388,200,0.5087846200913191,7.31289347819984,192
6af15f51-cd94-4e2f-ba7f-08194bf1d04c,fa60773d-c882-463b-8316-07d4c895e992,7944035.246353244,7944035.785288906,7944043.879887307,6050,200,0.538935661315918,8.094598401337862,192
7f68ccad-e4c5-4b28-bc11-15f4a78232be,795cc20d-671d-410c-bce2-c55dbac8dc37,7944033.246535312,7944033.751061652,7944043.972299962,5898,200,0.5045263394713402,10.221238310448825,192
96c3aaf7-56cd-494f-86e5-bf380e8cb4a7,d38bb58d-f195-4092-892e-2e293cc0ef73,7944036.246435293,7944036.5847196635,7944044.015333342,1306,200,0.3382843704894185,7.430613678880036,192
4f326f8e-80e8-4f49-85c8-ac2b54a0a21a,5c06298c-86e7-48f5-99ec-f360b1699941,7944033.246537461,7944033.9399730675,7944044.04044502,5089,200,0.6934356065467,10.100471952930093,160
f7ee861f-5733-4875-81e1-eb04327898ba,e5488a62-a6e0-4b98-a167-55ef476697ef,7944036.246446688,7944036.452565436,7944044.0606329255,1992,200,0.20611874852329493,7.608067489229143,192
a420a33a-bc55-42f3-b7e3-78a9f065116b,26f6e7fb-05d7-47ec-9c49-43b5ac7aed02,7944034.246204067,7944034.6680847695,7944044.255662198,4411,200,0.42188070248812437,9.587577428668737,160
67a8630d-db88-43c4-ab58-4450b8073330,43457d7f-b6c5-459b-ad04-d0f5e27a0f7c,7944034.246200472,7944034.474313377,7944044.269279759,2226,200,0.2281129052862525,9.794966381974518,288
fb031161-f467-4d77-a7d2-51f1304255c4,dced35a2-1f71-49ea-a75d-eee733b63868,7944034.246210162,7944035.153465268,7944044.286750498,5774,200,0.9072551066055894,9.133285230025649,176
c052ceaa-8bd8-4a71-a2db-aee52fceb302,6205a7d7-30c6-4588-aae4-93bd8a23b6d5,7944033.246532807,7944033.578056093,7944044.341255674,3305,200,0.3315232861787081,10.763199580833316,160
477181d0-29c6-42d6-a855-a61e5da29191,f5770a69-6314-4b67-99f3-00584ca9b14e,7944036.246438841,7944036.874012191,7944044.901187973,5946,200,0.6275733495131135,8.027175782248378,192
761a7702-8433-4690-b9b2-93d1dab83797,6be13090-1fa6-466d-b960-d0765f22b5e4,7944034.246190571,7944034.768940576,7944045.164394633,5892,200,0.5227500051259995,10.395454056560993,160
839625ab-665f-4d21-8d7b-562aa64cb49c,a8a2d01f-9110-456c-8e18-340da89f329e,7944037.246697947,7944037.912858753,7944045.421018132,1919,200,0.6661608060821891,7.508159378543496,192
7414a17f-1cb0-450f-b027-4f6ef89b77dd,127f378e-d0dc-464e-a79a-fa7013197aab,7944037.2466798,7944037.729735953,7944046.125704431,5162,200,0.48305615317076445,8.395968478173018,176
275639e7-84b3-4b95-aeac-00cd0d7e3685,d75fc6aa-3530-4026-a801-ef7d33d2f263,7944035.24635753,7944035.762042927,7944046.778603848,556,200,0.5156853962689638,11.016560921445489,432
f0df1583-4e5c-4ed7-8f18-e2a374683820,f3a3a146-a735-459e-af58-d3d7626b4a21,7944035.246364756,7944036.2504834365,7944046.878858685,6147,200,1.0041186809539795,10.62837524805218,192
547b9f23-ba31-40c4-91a5-28321f295553,c0dbd0bd-4010-4779-815e-795e06cc171a,7944038.246217352,7944038.734834937,7944046.949431082,4952,200,0.4886175850406289,8.214596144855022,192
2831058a-6206-49d7-afef-ada25d15a363,dc8da506-377a-47db-b74b-fa65c921225f,7944036.246444152,7944036.939246631,7944046.9862031955,6032,200,0.6928024794906378,10.046956564299762,192
2fde1ba5-234b-4435-a4b1-bcf1edb6168d,dec5032f-5640-4adb-8120-132fbe0e8a7b,7944038.246226227,7944038.498958124,7944047.039311769,2332,200,0.25273189693689346,8.540353645570576,16
8be96ecb-be85-43e0-9d9a-99578e7c0135,af71c602-f33a-4d04-89ea-432032173fac,7944037.246694669,7944037.452913049,7944047.184764215,1946,200,0.20621837954968214,9.731851166114211,160
0a7528ee-8991-4ecf-bd54-2baf39c1e386,461b8a8a-fc1a-4527-a296-04cb42ef41e8,7944038.246237018,7944038.708283091,7944047.72221006,3695,200,0.46204607281833887,9.0139269689098,224
4e1e038f-eb39-40b4-8588-4aed2ad22266,19500c45-30d4-49de-bfa4-2268492645cd,7944036.246425018,7944036.697564804,7944047.730592494,4693,200,0.4511397862806916,11.033027689903975,160
7be901a3-5a85-4898-8e0a-8d437ac522ad,41705093-4c8c-4a90-99d2-ad3181aceb70,7944037.246701154,7944037.760910474,7944047.961574541,5701,200,0.5142093198373914,10.2006640676409,192
b85e6244-6bf0-4b04-957b-39834fb6113e,d3326a24-2cfe-423c-b12e-a234f3b6df37,7944038.246232122,7944038.778753288,7944048.09515849,5851,200,0.532521165907383,9.316405202262104,224
70302c18-7a7f-4c99-a9c7-64777ef382e6,0bd71f2d-8ff1-4b8b-a899-9b785a451bbb,7944036.246441608,7944036.34318358,7944048.316390913,1802,200,0.09674197155982256,11.973207333125174,1728
53ee4503-d742-4d1d-82cb-ae603c5fe180,7d83a754-194c-4131-be9f-21b4f40d2af1,7944038.246234582,7944039.197441505,7944048.85466864,5730,200,0.9512069234624505,9.65722713433206,192
33a2e904-afc6-4e87-929a-cb083ad60e66,3ee16a31-eef8-4342-9c4e-7c45a1871994,7944040.246322003,7944040.433032721,7944049.12740629,1790,200,0.186710718087852,8.69437356851995,192
98056052-6d5b-45ad-ab66-98a4e563ed5f,fba72a56-cd36-4731-8af1-a04f79c5aabf,7944039.246561798,7944039.702993851,7944049.271258187,3397,200,0.45643205288797617,9.568264335393906,192
3d540d9e-b854-4430-9fe1-e8f0a50fe87b,160f36f5-505c-4cd0-b6cb-eb0b1a10aca0,7944037.246691274,7944037.768994506,7944049.311160197,5717,200,0.5223032319918275,11.542165690101683,224
7e804d37-d1ef-4cd3-8945-30aa1ea14cf7,2ecf4198-da61-4895-86d2-4df5804f97cf,7944040.246314415,7944040.739237974,7944049.87936039,5906,200,0.49292355962097645,9.140122415497899,160
a217ca6e-23c0-4a23-992b-77e47b177183,16ee1f98-70d1-4f25-b592-1d867d4d1193,7944038.246229572,7944038.711738989,7944049.882805128,4897,200,0.4655094165354967,11.171066138893366,176
9ccc6b83-c996-4eb7-bf1e-d4586a81c14e,20a3f959-78cc-46c6-8962-31e21ecd5c4e,7944041.246524187,7944041.420887502,7944050.027622971,1606,200,0.17436331510543823,8.60673546884209,192
6306370a-64e9-44ea-b390-8456e7eee670,04c151c1-ee98-4835-b8ba-1681eccdd922,7944040.246302511,7944040.780055947,7944050.145130412,6407,200,0.5337534360587597,9.365074465051293,192
0c749709-4d6f-477b-bb13-5421edf67a3f,6769e696-2581-4f98-b1bd-a92e8911c925,7944041.246520645,7944041.74963121,7944050.688756586,5927,200,0.5031105652451515,8.939125375822186,176
63aed0c3-3781-4ed2-acbe-0e584670af0b,d1aebabe-6add-434e-8599-d63b95b83ad3,7944042.246839832,7944042.549781315,7944050.854924108,2977,200,0.30294148344546556,8.305142792873085,224
4fa6f2b0-3d73-43b9-ad4a-102a8bbc8bd3,06bd9fe0-2b10-467b-8ee7-3de10fda9474,7944041.246508774,7944041.786670765,7944051.023539149,6070,200,0.5401619905605912,9.236868384294212,176
aaae7c36-de60-43b3-bbbf-ad5048e032cf,a2172bc1-ab2e-4a70-b741-9a6cc8abbdee,7944042.24683671,7944042.972174709,7944051.05053102,2832,200,0.7253379989415407,8.078356311656535,160
3b39b76b-8622-4e50-aecc-8a893689b862,d200f713-d4e3-48fd-85a8-eb68048a1bd1,7944039.246572127,7944039.761245998,7944051.159004466,5916,200,0.5146738709881902,11.397758468054235,176
e13e6c9a-7952-4f9a-97b3-171d5b85304d,0936669e-5c64-4f1d-ada6-04ce9a565d14,7944041.246527134,7944041.477786609,7944051.170835351,2544,200,0.23125947453081608,9.693048741668463,288
c8eb4d0d-8832-49d0-a84b-14726d87c7da,5efef79a-109b-4a9d-bb65-6cd95942cd81,7944042.246823438,7944042.911838602,7944051.313316466,5837,200,0.6650151638314128,8.401477864012122,192
10aa527b-fe47-473d-81b4-eef2ccb18562,a0029e44-bbfc-40dd-aa13-4c3bc41def2e,7944042.246829835,7944042.868271461,7944052.02171575,1946,200,0.6214416259899735,9.15344428922981,160
9670741f-aa80-4b12-9e04-2c54d40d8835,109911a5-9e24-4bdc-95c0-fd2a56571c91,7944042.246826998,7944042.768271845,7944052.030085088,5954,200,0.5214448468759656,9.261813242919743,176
eb33288e-d376-45ff-afd7-a218be7f0107,70da4a8b-eece-46eb-8b9e-2f1c28b4f670,7944042.24683272,7944043.002925163,7944052.325845111,3890,200,0.7560924431309104,9.322919948026538,1024
e380091f-2a01-4cae-a9bf-c8957fc83312,034fada1-6ff3-494e-9df1-8d72fa54e215,7944040.246318393,7944040.561957919,7944052.333522476,3319,200,0.31563952565193176,11.771564557217062,160
246332e0-1c2a-4dae-b4b7-8046fbe22011,a4bf666e-08c0-432d-b95f-de037f8142af,7944041.246530296,7944041.740580461,7944052.814794551,5886,200,0.494050164707005,11.074214089661837,192
a2cd7495-0e59-4466-853a-b24f4eb61961,dcc8b99b-cc01-4910-9253-2bf89c553910,7944043.246150972,7944043.43448112,7944052.844735516,2450,200,0.18833014741539955,9.410254396498203,176
46584924-ad0a-4772-a1c4-94f54a77442c,af106407-ea10-4304-a36e-a9f2fe57ec32,7944044.246359182,7944044.735161154,7944053.167436681,2626,200,0.4888019720092416,8.43227552715689,288
50984282-c263-451a-936a-12152030036d,afc8c001-a5de-441c-928c-72f0289bc099,7944044.246365628,7944044.462371107,7944053.171264,1413,200,0.21600547898560762,8.70889289304614,160
2bf6d8f8-4a71-4d4d-a037-658ed2526eaa,240c36b4-8f22-4cfd-bfbb-90147dc774e6,7944044.246351684,7944044.946096288,7944053.199619288,6001,200,0.6997446035966277,8.253522999584675,176
0835f7b5-988b-44f8-a867-1c840e2ce656,07c6cfe5-ddc2-4943-8c6c-6cb93009af4e,7944044.246339432,7944044.741310855,7944054.087193108,5884,200,0.4949714234098792,9.345882252790034,176
90131e60-1d8d-48e2-90b2-9c3087d878c2,68e71f54-23d1-4536-bcb8-b9ff5adfe35b,7944042.246813962,7944043.353457298,7944054.132527513,5845,200,1.1066433358937502,10.779070215299726,224
21432b4a-122b-483e-9eb6-2423854fdcb6,e8a795ee-9f90-4976-894b-7318b1215e72,7944045.246733752,7944045.7628695825,7944054.202993308,5567,200,0.5161358304321766,8.440123725682497,160
eac4e16d-2ef6-400e-a237-cef65ffe97be,8ccb7a9c-c0f2-430f-aa35-4054852335ef,7944046.246810486,7944046.986162691,7944054.248926854,3793,200,0.7393522057682276,7.262764162383974,176
99cffa26-cc97-4108-b212-dbcf5b00a00c,cc69a023-c1c3-4dcc-9d6f-d347a10e1419,7944045.24675947,7944045.713251691,7944054.459788752,5157,200,0.46649222169071436,8.74653706047684,176
2cb85e5b-7f88-4e38-ba21-c3665684675f,4ac57aef-73b0-4d1e-900c-4a6b79a7c0bd,7944044.246362323,7944044.956931916,7944054.527405673,5753,200,0.7105695931240916,9.57047375664115,224
56b36264-af27-4979-a2f7-24bdfd610b8b,d3954709-3e90-4162-b807-366fedb25f30,7944045.246746748,7944045.545795958,7944054.672632995,2942,200,0.2990492098033428,9.12683703750372,288
f9939f80-c9dc-427d-8635-0d922e33300d,940160ec-0bfb-4ebc-ac97-abf254489499,7944045.246750044,7944045.823455438,7944054.7618564,6450,200,0.5767053943127394,8.938400962390006,192
c056f57c-9b97-402c-8791-a897bb2d35f9,d21977be-6028-413b-90c1-07456af34fe1,7944045.246753365,7944045.781866472,7944054.766419864,5909,200,0.5351131074130535,8.9845533920452,192
b67022d6-b1df-480c-b595-269b008543c4,6bef9240-78a1-482c-96d2-a89c97ba970c,7944044.246355606,7944044.532739177,7944054.825379956,3037,200,0.2863835711032152,10.292640778236091,288
c4c0bfa4-02c2-4826-a971-bb9589f84dad,f4aff892-842b-4e98-af4c-cfd1deacf96e,7944046.246813331,7944046.443568604,7944054.862393544,2160,200,0.19675527326762676,8.418824939988554,288
f0cfa8ac-8aa5-433b-bf70-77ca7aed3ee1,a97b3419-50d1-4d99-ba18-6269343a8188,7944046.246801127,7944046.690990127,7944055.0696327435,5447,200,0.4441889999434352,8.378642616793513,160
d39686ed-297c-46fd-a312-85d4729ac651,d6f8e477-f975-4444-a444-268c9c3561ab,7944045.246742911,7944045.774006193,7944055.211596323,5901,200,0.5272632818669081,9.437590130604804,176
9560b0e0-84d9-44de-8400-0f25824eae88,78d7f456-01c1-4f3b-87e0-11b338250aee,7944045.246756322,7944045.441306824,7944055.284964489,1575,200,0.19455050211399794,9.843657664954662,176
cf322111-9836-4b9a-a0ef-17e68c3a87de,f93cf9d2-38b2-470c-ab49-c0cef71be9fc,7944047.246190519,7944047.6665319875,7944055.885148843,4910,200,0.4203414684161544,8.218616855330765,176
c837e580-9a0a-4537-ba5c-1fe19f17bb07,ce509adb-84cd-4828-852b-e10802b976ce,7944048.246233952,7944048.66757923,7944056.099040837,595,200,0.42134527768939734,7.43146160710603,160
189cc6ed-d5f9-4322-ae59-b3c672f27546,8f859b06-32e8-473b-8002-142e58a5ff49,7944048.246244522,7944049.075266663,7944056.139411872,6510,200,0.8290221411734819,7.0641452092677355,192
8b119031-4771-4b03-bed2-123cb5481877,a4705d3f-c9cc-472f-8323-bf9e4593e138,7944048.246230981,7944048.749893751,7944056.298799919,5676,200,0.5036627696827054,7.548906167969108,160
ed4c3646-5a9b-4656-a129-0302468f7706,fda1a843-8c94-4359-a21c-7bd6444db827,7944048.246236752,7944048.508637058,7944056.442734814,825,200,0.2624003058299422,7.934097756631672,176
446f99bb-f458-40c8-b090-ae895cf03d9f,77c5fe55-dea3-47e3-9fa4-17d19b193453,7944048.246241658,7944048.750015369,7944056.688561805,5914,200,0.5037737106904387,7.938546435907483,192
6e87efc3-7103-45ab-a1a0-2d82b262ad53,b836c219-a933-4d49-bac8-ee5d287b5bfa,7944049.247139592,7944049.754731967,7944056.777088673,5880,200,0.5075923753902316,7.022356705740094,192
d4b7d14f-73f3-488b-8456-82289ddf0e84,f56f3534-c298-4487-a39f-16c483a04920,7944047.246200326,7944047.707662338,7944056.934557483,5385,200,0.46146201249212027,9.226895144209266,224
21af5e88-6f56-47c7-b89d-88c0f7fb9b61,196b3ba3-fa8c-4255-8678-43251bc0da68,7944048.246227369,7944048.490886168,7944057.083843577,2041,200,0.24465879891067743,8.592957409098744,160
ff752756-30c7-4b35-bd5d-8b2f83870034,e99f0ad9-ca51-4ebc-8462-fe9ebb8c761e,7944048.246218186,7944048.453306408,7944057.159889932,1223,200,0.20708822179585695,8.706583524122834,176
2384bc3c-3fb9-4911-857e-8e2a926bf92f,f5eeda52-a3dd-4697-9576-2fc81988d390,7944049.247141905,7944049.365530325,7944057.183740385,913,200,0.11838841997087002,7.818210059776902,160
682bb3a7-63bc-4242-b135-669bacdd3bc6,25764557-8d50-4bc3-8d58-ccb7ee44ac5a,7944049.247127519,7944049.534627118,7944057.234384647,3058,200,0.2874995991587639,7.699757528491318,224
25fe47a0-dbf2-45a4-9c64-bf091742f69e,170812a6-cb38-4169-bec1-bbe2e86c6001,7944050.246339806,7944050.532592241,7944057.270959959,1831,200,0.28625243436545134,6.73836771864444,1824
9b601f26-3cc0-4dd4-8dcf-e1fcabc37778,8201882b-3c83-4a5b-b140-7a5572375d5a,7944050.246321996,7944050.609774018,7944057.31076134,4216,200,0.36345202196389437,6.700987322255969,160
2fd6e289-a4f1-4c44-8649-4696bd8e30a2,c0e3d991-e188-4f78-8b8e-5dd01a6f8850,7944049.247145205,7944049.480109205,7944057.697976886,2548,200,0.23296399973332882,8.217867681756616,320
cf448ac9-2afd-4617-a0da-dbb430d6c0b2,89984c0f-ab73-4aa4-b3b8-e96bb2c0c5b1,7944048.246238862,7944048.558049532,7944057.874831025,2713,200,0.3118106694892049,9.316781492903829,160
823a730b-df19-4856-a4d9-a5b8557e4651,e5488a62-a6e0-4b98-a167-55ef476697ef,7944050.24631128,7944050.461185727,7944057.978955564,2112,200,0.2148744473233819,7.517769836820662,192
afdf09b6-c248-40f8-b9b8-63a6a5bf304c,34a35d00-5687-4c8e-8304-472e9b1eded2,7944051.246192747,7944051.680044179,7944058.002568486,4943,200,0.4338514320552349,6.32252430729568,720
5612f837-8986-4798-8703-b2320c103b9f,7acfafc2-e8ac-45d6-9ad0-664cb87e4a6f,7944050.246325684,7944050.83250954,7944058.291528129,1353,200,0.586183856241405,7.459018588997424,224
d9461bc0-1ef4-42cf-b7df-decb48bc1114,11125870-5b26-45ea-8fba-47c68888a24c,7944050.246335373,7944050.96816407,7944058.8229474295,3394,200,0.7218286963179708,7.854783359915018,224
0db038af-2ae0-47c3-9164-18eb3ae22c17,41705093-4c8c-4a90-99d2-ad3181aceb70,7944053.246247291,7944053.34040902,7944058.841690852,5701,200,0.09416172932833433,5.50128183234483,5696
3df0cc3f-549d-4239-bc39-619a92f18dd2,5fc8ee29-b22f-416e-abed-d6f40dfce92a,7944051.246213344,7944051.4934632825,7944058.920358212,1562,200,0.24724993854761124,7.4268949292600155,176
3000954a-9d40-4fb8-b469-6570e59c81db,6052704c-60c2-46b7-b067-f7d04009c56d,7944051.246216665,7944051.727177864,7944058.94189319,4116,200,0.4809611989185214,7.214715326204896,192
f38892ac-e6fe-4acc-aba7-bad5cdfc6482,af58fe18-5abf-4a30-a78b-73561c06d4f2,7944051.246209707,7944051.659781759,7944059.147722049,2405,200,0.41357205156236887,7.4879402900114655,288
6f4068d7-991a-4050-84b5-ed708055abcb,1d752596-f454-4264-b645-3b61ae3e70bc,7944049.247136958,7944049.732582713,7944059.272473311,5905,200,0.48544575460255146,9.539890598505735,192
4d973de4-2194-4a0b-8a2d-dd237c3042a4,aa942eaa-fb40-4ee4-a6e1-593548ba0dbd,7944051.246202908,7944051.7571896,7944059.295115529,5938,200,0.5109866913408041,7.5379259288311005,192
b7744b4d-7707-48b8-9fb0-92bb49f34b6c,a0581530-c894-4f12-a948-e8caaa8163fe,7944054.246776961,7944054.715487447,7944059.3052906105,5439,200,0.4687104858458042,4.589803163893521,224
d91393ce-a080-4e80-b72b-7a9f864f686d,0f8c6232-9728-4a2a-ab1b-6f99c58519e3,7944055.246530086,7944055.340780828,7944059.9081270965,332,200,0.09425074234604836,4.567346268333495,192
a0e67fb6-83a5-4cec-b205-eb13089e340c,d1a58fee-2699-4cde-8dec-5a26bda64889,7944052.246305745,7944052.632269018,7944060.598221383,4343,200,0.3859632732346654,7.965952364727855,192
098d7629-a81c-4e44-a2d2-dfdee8c3caf8,0038079c-2c93-4916-8603-2b199c276420,7944056.246132622,7944056.39713485,7944060.705742731,1176,200,0.15100222826004028,4.308607880957425,160
733da1bd-deba-4b1e-81f1-1a5ba2b4511f,27e00e2e-21f7-46b8-8008-d0a46fedbeee,7944052.246294588,7944052.35934036,7944061.231801154,1006,200,0.11304577253758907,8.872460793703794,288
3fba5a17-2e81-4cab-99a5-38c8a6fdb58a,4681109f-b6ac-4c2e-b51b-95fbb0ccf6fc,7944053.246260009,7944054.272880817,7944061.278949873,5711,200,1.026620808057487,7.006069055758417,224
057d8df5-412d-4316-a3ae-39a8069d04f9,19500c45-30d4-49de-bfa4-2268492645cd,7944050.246330831,7944050.908238192,7944061.325121592,4833,200,0.6619073608890176,10.41688339971006,160
456d97ef-216f-4c5c-b303-9119270a3e68,9f4a967c-69d5-46cb-a48b-7028ac8a0984,7944053.246249904,7944053.704226862,7944061.926346141,5193,200,0.457976957783103,8.222119279205799,176
91d97d0d-e846-4a9b-8b9b-4b7e6a571404,861e29f7-4713-4676-b1bc-a4d3d62f4ef2,7944053.246237565,7944053.514561261,7944061.943065703,2984,200,0.268323696218431,8.428504441864789,256
483ca04e-4b10-4fbf-8800-0f063befd54c,cd6b3eb9-5348-4696-990b-752ae3e2e1a3,7944053.246252778,7944053.780735309,7944061.984787704,6228,200,0.5344825312495232,8.204052395187318,192
9dc72e52-6ffa-4fde-9acd-5b2ab81cdb08,8aa6063f-9cd1-4748-bc9a-78c44fd7370a,7944057.246400612,7944057.437847986,7944062.090713282,1999,200,0.19144737347960472,4.65286529622972,288
8885ed39-b014-4cf7-9024-deb3a8108546,2bcd60c1-5dcf-4f0a-b326-bf9af0b4c68c,7944054.24678584,7944054.366865909,7944062.22719966,979,200,0.12008006870746613,7.8603337509557605,224
72a83de4-1d8f-400d-9fbe-a72d79b594b3,0fbeb8c1-5eda-4151-888d-51b66858f368,7944051.246206696,7944051.778881184,7944062.359229024,6241,200,0.5326744876801968,10.580347839742899,192
077b1bf9-f336-4393-9b32-8056e3bee194,fdda8363-a79c-4dff-b8a5-15f6be115142,7944055.246522159,7944055.724033426,7944063.066652722,3265,200,0.477511266246438,7.3426192961633205,192
74c8f95f-7a45-48e7-87cf-8ddd27931c43,684c786a-badc-48de-b322-c0adb845e0af,7944055.246528096,7944055.447570868,7944063.143288394,2132,200,0.20104277227073908,7.695717526599765,192
3ce9d7bb-71eb-4209-8e87-3559bcba9e74,41ebc82e-eb6d-418f-b73e-022fa300e998,7944053.246257561,7944053.752211134,7944063.216784973,5839,200,0.5059535726904869,9.464573838748038,160
e0079cab-d325-4865-a75b-69a7413aacbf,f67702ed-ffe8-4f1f-b79c-d71f9ba12c4f,7944055.246513455,7944055.432943168,7944063.269985744,1512,200,0.186429712921381,7.837042575702071,160
4957aecf-a750-41fc-917b-0f5fdcf83f73,a72e8095-de78-490c-ab9e-c21369095279,7944058.246344533,7944058.327551,7944064.078091953,525,200,0.08120646700263023,5.75054095312953,176
d7967ea1-7ae7-4fc9-a9a3-ca40a17ee900,3babfc96-9c64-49b2-a24f-ac3cd1c177fc,7944055.246525195,7944055.426695869,7944064.127116604,1925,200,0.1801706738770008,8.700420734472573,192
19cab296-f490-4c70-9ea5-35728a1cc61f,0bd71f2d-8ff1-4b8b-a899-9b785a451bbb,7944056.246137635,7944056.441833756,7944064.189701106,1866,200,0.19569612108170986,7.747867350466549,288
56d3412f-b3e3-4930-b708-661b76c514e5,5c06298c-86e7-48f5-99ec-f360b1699941,7944056.246123757,7944056.672891407,7944065.180092021,5089,200,0.42676765006035566,8.507200613617897,224
996ca795-e6c9-43e2-a175-ca2b601389ae,2ae37bed-8d28-4e69-b69c-68eced6190e3,7944057.246409112,7944057.5754479505,7944065.876809951,3999,200,0.3290388388559222,8.301362000405788,176
19ec3aec-d9b4-4031-b0e7-053c9fac8ccf,d60ad5cd-2dca-4130-b76f-5c9c8c2a027b,7944056.246135665,7944056.744398216,7944066.140227034,5703,200,0.49826255068182945,9.39582881797105,176
5570ceb8-affe-4efd-ad0c-32931e419ad3,4346426a-d1cf-4421-a05c-b8084161d1b8,7944059.246359973,7944059.473067494,7944066.886128574,1560,200,0.22670752089470625,7.413061079569161,176
a30011f3-1ef4-4d41-8498-da0341617353,b25956a5-e9c7-45bc-bd5b-3553a68b6dc1,7944058.246341805,7944058.421670203,7944066.9625524795,1813,200,0.17532839812338352,8.540882276371121,160
243ba611-08e1-4bc5-9a7e-ab13b15b3954,8c43f4f9-7235-42cc-8288-4dc1f62734a9,7944057.246412619,7944057.734519016,7944066.989416081,5771,200,0.48810639698058367,9.254897065460682,224
ab0d387e-8c5f-4ac5-b800-a48b1b3a9b7d,6ee396d8-db4c-4684-88ab-113b143832cd,7944059.246369277,7944059.784827326,7944067.8250303045,5675,200,0.5384580492973328,8.0402029780671,160
26085650-1625-436d-84b5-4bda16aa6dab,21b9c278-5fd1-4a6c-80f1-483ff6605dad,7944060.246324783,7944060.885525874,7944068.295875544,2861,200,0.6392010906711221,7.410349669866264,224
714910f7-1b67-4888-898c-427284d5540d,6438b31e-b086-495f-8c72-0c6603de3583,7944060.246309921,7944060.381497807,7944068.388351565,954,200,0.13518788572400808,8.006853758357465,192
f4673422-1c63-4344-bde3-4980a1ebdf22,ed4008e7-8fb2-4c86-98dd-bbd7d9a96ecf,7944058.246338719,7944058.7535002,7944068.850426146,6182,200,0.5071614813059568,10.096925945952535,176
3a7e50ae-32b3-4299-909d-90ab0c01e6d1,82acdce9-c99d-4257-a84a-5e179b892b53,7944059.246372308,7944059.802203367,7944068.881921226,5898,200,0.5558310598134995,9.079717858694494,224
88dd7e04-2d46-43c1-8030-a958a601bf72,12968104-ad78-488d-a9b9-865ea70aa9e0,7944058.246328827,7944058.517980398,7944069.037569906,3007,200,0.27165157068520784,10.519589507952332,176
e0a0a517-87d7-4001-b473-0f42f2bad258,b0e0ac14-8af5-4799-bee0-183834e865d4,7944061.246673917,7944061.753207871,7944069.144734812,5809,200,0.5065339533612132,7.3915269412100315,176
8f19c80f-88c2-49ab-a8e7-8773e489c339,50255ca8-a7bc-49f9-aa44-a33caa66a0be,7944059.246382245,7944060.189894889,7944069.1735698,5933,200,0.943512643687427,8.983674911782146,176
20dc6c39-ec82-44d4-ad48-d969cfe06810,ce509adb-84cd-4828-852b-e10802b976ce,7944060.246313251,7944060.774319409,7944069.497649546,595,200,0.5280061587691307,8.72333013638854,224
c6b44320-a505-479f-af16-a739be4a5c03,53331c8b-4eec-428f-89e8-96e8338db919,7944059.246375023,7944060.336512046,7944069.844316415,5852,200,1.0901370225474238,9.507804368622601,160
648787b5-5327-4157-9b64-b2cd9e608b03,410b157b-a47b-4817-885f-9f93e3439c49,7944060.246293707,7944060.857058127,7944069.870924109,3189,200,0.6107644205912948,9.013865981251001,192
8fefad2b-7bde-44df-af8c-b56208694392,cda35d87-8607-4ef3-a3a2-df474f3cb394,7944059.246384614,7944060.416881267,7944069.955641295,5856,200,1.1704966528341174,9.538760027848184,160
e0bac7e3-4e99-47cf-83d3-46b616cda11e,51098ee2-2e33-44d0-9eb4-d67710b1b109,7944061.246703539,7944061.872437604,7944069.994864838,5589,200,0.6257340647280216,8.12242723442614,224
0be70111-bf6e-4a14-92a2-8ba50c1cb33a,07664316-d6e1-41da-94de-93685a509c09,7944060.246321083,7944061.109827824,7944070.005954842,5803,200,0.8635067408904433,8.896127018146217,192
602ef6ab-7068-44ca-93b3-d092b8e42859,1848fdf1-36ea-4090-912e-01ff672d7b6e,7944059.246377598,7944059.685344701,7944070.225775096,619,200,0.438967103138566,10.540430394932628,176
424e00ba-1525-407f-b299-347340e76787,dd24355c-c6d1-461a-b504-e7f6f058e87e,7944061.246709405,7944061.830165998,7944070.241391723,4730,200,0.5834565926343203,8.411225724965334,224
5544b6b9-e2cc-4ebd-9d15-6542434f47f3,034fada1-6ff3-494e-9df1-8d72fa54e215,7944061.246699597,7944061.5756938765,7944070.874084651,3313,200,0.32899427972733974,9.298390774056315,160
f18471c3-e7b8-4607-a003-7dc9c1622677,6b44b6e7-0ae8-483a-b986-2de5bf8a3a9d,7944059.246379911,7944060.218268526,7944071.007665397,3685,200,0.9718886148184538,10.789396870881319,176
15e64239-7554-4e07-9a29-b322094f1785,00c5fb90-bb72-417a-8dfe-2ccb6c1cacd4,7944064.246294928,7944064.803361414,7944071.140034739,5771,200,0.5570664862170815,6.336673324927688,192
124e6b33-f7ae-4f24-bb07-a6c5f5b25f45,c0dbd0bd-4010-4779-815e-795e06cc171a,7944060.246306149,7944060.34527754,7944071.146259815,4952,200,0.09897139109671116,10.800982275046408,4848
408c53e1-d98f-4896-a064-27b658f3ce12,c3afa93c-0f3f-46f3-9ff6-4aa96ba3a472,7944062.246491934,7944062.411110878,7944071.226908628,1575,200,0.16461894381791353,8.815797749906778,224
