{"actual_qps": 5.444266928570634, "success_rate": 100.0, "input_tokens": 3846, "output_tokens": 199, "model": "QwQ-32B", "input_tokens_per_minute": 1024194.3020702793, "output_tokens_per_minute": 53011.322016849415, "slo_seconds": 5.0, "slo_attainment": 0.0, "ttft_slo_ms": 1000, "ttft_slo_attainment": 4.83271375464684, "tpot_slo_ms": 50, "tpot_slo_attainment": 58.36431226765799, "Latency": {"unit": "s", "min": 5.25738295300016, "p50": 13.665992878999532, "p90": 20.077795237399734, "p95": 25.036152328200295, "p99": 29.581038470480078, "max": 30.872259579000456}, "Throughput": {"unit": "tokens/s", "min": 6.478307798890157, "p50": 14.530697418556187, "p90": 22.16345440815557, "p95": 25.39830344286891, "p99": 31.873545521899686, "max": 38.04174087905631}, "TTFT": {"unit": "s", "min": 0.2535887250005544, "p50": 3.907961307999358, "p90": 6.816575724800535, "p95": 8.193084746199565, "p99": 12.213121459279899, "max": 13.896198886999628}, "TPOT": {"unit": "ms", "min": 18.617641412062433, "p50": 47.28304727135554, "p90": 69.98704463819274, "p95": 91.77148743215709, "p99": 140.7203461372856, "max": 143.4232007386938}, "Input Tokens per Minute": {"unit": "tokens/min", "min": 1024194.3020702793, "p50": 1024194.3020702793, "p90": 1024194.3020702793, "p95": 1024194.3020702793, "p99": 1024194.3020702793, "max": 1024194.3020702793}, "Output Tokens per Minute": {"unit": "tokens/min", "min": 53011.322016849415, "p50": 53011.322016849415, "p90": 53011.322016849415, "p95": 53011.322016849415, "p99": 53011.322016849415, "max": 53011.322016849415}}
{"actual_qps": 5.151401326268158, "success_rate": 100.0, "input_tokens": 4011, "output_tokens": 199, "model": "QwQ-32B", "input_tokens_per_minute": 1263583.116782516, "output_tokens_per_minute": 62861.579353529414, "slo_seconds": 5.0, "slo_attainment": 0.6269592476489028, "ttft_slo_ms": 1000, "ttft_slo_attainment": 45.45454545454545, "tpot_slo_ms": 50, "tpot_slo_attainment": 83.07210031347962, "Latency": {"unit": "s", "min": 4.740692231000139, "p50": 8.251916144999996, "p90": 14.016597677600474, "p95": 20.850605076000278, "p99": 27.049171091620604, "max": 29.97617168800025}, "Throughput": {"unit": "tokens/s", "min": 6.671966056294704, "p50": 24.11028251147804, "p90": 31.169572632566233, "p95": 32.54089041809441, "p99": 35.21775641426776, "max": 42.187931688998546}, "TTFT": {"unit": "s", "min": 0.07329273499999545, "p50": 1.0698789490006675, "p90": 3.0354474083997025, "p95": 4.97051992180031, "p99": 8.230985080439694, "max": 11.234431167000366}, "TPOT": {"unit": "ms", "min": 21.979642391958425, "p50": 35.47944442210856, "p90": 60.37649599397147, "p95": 69.01194603266441, "p99": 106.60018686040297, "max": 118.44963201005085}, "Input Tokens per Minute": {"unit": "tokens/min", "min": 1263583.116782516, "p50": 1263583.116782516, "p90": 1263583.116782516, "p95": 1263583.116782516, "p99": 1263583.116782516, "max": 1263583.116782516}, "Output Tokens per Minute": {"unit": "tokens/min", "min": 62861.579353529414, "p50": 62861.579353529414, "p90": 62861.579353529414, "p95": 62861.579353529414, "p99": 62861.579353529414, "max": 62861.579353529414}}
{"actual_qps": 5.0722240216956145, "success_rate": 100.0, "input_tokens": 4003, "output_tokens": 199, "model": "QwQ-32B", "input_tokens_per_minute": 1179065.5585345235, "output_tokens_per_minute": 58650.66805669395, "slo_seconds": 5.0, "slo_attainment": 1.3377926421404682, "ttft_slo_ms": 1000, "ttft_slo_attainment": 65.21739130434783, "tpot_slo_ms": 50, "tpot_slo_attainment": 92.64214046822742, "Latency": {"unit": "s", "min": 3.353192871999454, "p50": 7.395584130000316, "p90": 10.595643559600283, "p95": 12.282875175300251, "p99": 15.905363272820303, "max": 16.54068986600032}, "Throughput": {"unit": "tokens/s", "min": 12.091394108724783, "p50": 27.004488358488224, "p90": 32.58982996478977, "p95": 34.45428984162501, "p99": 39.10868556069959, "max": 46.92326622109818}, "TTFT": {"unit": "s", "min": 0.154881803000535, "p50": 0.7436544789998152, "p90": 1.62702753700014, "p95": 1.893678790200187, "p99": 3.283179422959929, "max": 3.984559911999895}, "TPOT": {"unit": "ms", "min": 20.58553914573062, "p50": 33.04524940200857, "p90": 48.05871217386769, "p95": 54.16711811658433, "p99": 69.97280817245895, "max": 78.5682500100532}, "Input Tokens per Minute": {"unit": "tokens/min", "min": 1179065.5585345235, "p50": 1179065.5585345235, "p90": 1179065.5585345235, "p95": 1179065.5585345235, "p99": 1179065.5585345235, "max": 1179065.5585345235}, "Output Tokens per Minute": {"unit": "tokens/min", "min": 58650.66805669395, "p50": 58650.66805669395, "p90": 58650.66805669395, "p95": 58650.66805669395, "p99": 58650.66805669395, "max": 58650.66805669395}}
{"actual_qps": 5.083995930767676, "success_rate": 100.0, "input_tokens": 4078, "output_tokens": 199, "model": "QwQ-32B", "input_tokens_per_minute": 1348351.488778943, "output_tokens_per_minute": 66108.01908711577, "slo_seconds": 5.0, "slo_attainment": 0.5952380952380952, "ttft_slo_ms": 1000, "ttft_slo_attainment": 58.63095238095239, "tpot_slo_ms": 50, "tpot_slo_attainment": 90.47619047619048, "Latency": {"unit": "s", "min": 4.873758414999429, "p50": 8.161065987000256, "p90": 11.440990828999475, "p95": 13.843904441999939, "p99": 20.739085478799588, "max": 21.229019342000356}, "Throughput": {"unit": "tokens/s", "min": 9.421066361002925, "p50": 24.50660255324084, "p90": 30.422281411285987, "p95": 32.53506522938245, "p99": 36.112622602003114, "max": 41.03609226597733}, "TTFT": {"unit": "s", "min": 0.04905781900015427, "p50": 0.8054223220001404, "p90": 2.125902016499822, "p95": 2.422694353999532, "p99": 2.9448278053999726, "max": 3.685629692000475}, "TPOT": {"unit": "ms", "min": 23.624518778892728, "p50": 36.511769904521785, "p90": 48.727136251256894, "p95": 61.026238026380184, "p99": 91.19370673040258, "max": 101.69690669346582}, "Input Tokens per Minute": {"unit": "tokens/min", "min": 1348351.488778943, "p50": 1348351.488778943, "p90": 1348351.488778943, "p95": 1348351.488778943, "p99": 1348351.488778943, "max": 1348351.488778943}, "Output Tokens per Minute": {"unit": "tokens/min", "min": 66108.01908711577, "p50": 66108.01908711577, "p90": 66108.01908711577, "p95": 66108.01908711577, "p99": 66108.01908711577, "max": 66108.01908711577}}
{"actual_qps": 5.114754222456316, "success_rate": 100.0, "input_tokens": 3982, "output_tokens": 199, "model": "QwQ-32B", "input_tokens_per_minute": 1210569.8654367733, "output_tokens_per_minute": 60654.099832263215, "slo_seconds": 5.0, "slo_attainment": 2.912621359223301, "ttft_slo_ms": 1000, "ttft_slo_attainment": 93.85113268608414, "tpot_slo_ms": 50, "tpot_slo_attainment": 94.8220064724919, "Latency": {"unit": "s", "min": 2.1300611320002645, "p50": 6.995362367999405, "p90": 9.374150235199341, "p95": 10.245123121400137, "p99": 13.074732770760138, "max": 16.157517318999453}, "Throughput": {"unit": "tokens/s", "min": 12.378139292775018, "p50": 28.59037023084163, "p90": 34.855628254647634, "p95": 36.870266960890056, "p99": 41.757156329878086, "max": 44.19167187200415}, "TTFT": {"unit": "s", "min": 0.058175408000352036, "p50": 0.4601992230000178, "p90": 0.845343130600304, "p95": 1.0885431460001198, "p99": 1.3736818643201698, "max": 1.9063417059996937}, "TPOT": {"unit": "ms", "min": 18.96862476135911, "p50": 33.271735065325664, "p90": 43.361906063314315, "p95": 49.638533200000616, "p99": 63.401654211857874, "max": 78.88099545728359}, "Input Tokens per Minute": {"unit": "tokens/min", "min": 1210569.8654367733, "p50": 1210569.8654367733, "p90": 1210569.8654367733, "p95": 1210569.8654367733, "p99": 1210569.8654367733, "max": 1210569.8654367733}, "Output Tokens per Minute": {"unit": "tokens/min", "min": 60654.099832263215, "p50": 60654.099832263215, "p90": 60654.099832263215, "p95": 60654.099832263215, "p99": 60654.099832263215, "max": 60654.099832263215}}
{"actual_qps": 5.344222950124071, "success_rate": 100.0, "input_tokens": 4021, "output_tokens": 199, "model": "QwQ-32B", "input_tokens_per_minute": 1265882.4836650635,