{"actual_qps": 4.272688085600013, "success_rate": 100.0, "input_tokens": 3869, "output_tokens": 199, "model": "QwQ-32B", "input_tokens_per_minute": 727756.2386578732, "output_tokens_per_minute": 37481.20766117738, "slo_seconds": 5.0, "slo_attainment": 0.0, "ttft_slo_ms": 1000, "ttft_slo_attainment": 2.1052631578947367, "tpot_slo_ms": 50, "tpot_slo_attainment": 74.21052631578947, "Latency": {"unit": "s", "min": 6.142560839005455, "p50": 13.360489790000429, "p90": 17.87135547889993, "p95": 20.54965391970254, "p99": 24.791230577971323, "max": 27.951868843003467}, "Throughput": {"unit": "tokens/s", "min": 5.939457710279769, "p50": 14.910623294738066, "p90": 22.403205511187842, "p95": 24.644651842258252, "p99": 28.43540748166961, "max": 32.55971006912845}, "TTFT": {"unit": "s", "min": 0.26504468799976166, "p50": 4.250400075499783, "p90": 9.213950890998966, "p95": 10.328564896098756, "p99": 17.535258171928856, "max": 21.37142979100463}, "TPOT": {"unit": "ms", "min": 20.023204241227006, "p50": 40.05217655527422, "p90": 59.89524342661405, "p95": 63.5560351457246, "p99": 71.3330304349981, "max": 101.76336695451138}, "Input Tokens per Minute": {"unit": "tokens/min", "min": 727756.2386578732, "p50": 727756.2386578732, "p90": 727756.2386578732, "p95": 727756.2386578732, "p99": 727756.2386578732, "max": 727756.2386578732}, "Output Tokens per Minute": {"unit": "tokens/min", "min": 37481.20766117738, "p50": 37481.20766117738, "p90": 37481.20766117738, "p95": 37481.20766117738, "p99": 37481.20766117738, "max": 37481.20766117738}}
{"actual_qps": 4.406026752884532, "success_rate": 100.0, "input_tokens": 3782, "output_tokens": 200, "model": "QwQ-32B", "input_tokens_per_minute": 1063253.4981909962, "output_tokens_per_minute": 56226.162294272755, "slo_seconds": 5.0, "slo_attainment": 0.0, "ttft_slo_ms": 1000, "ttft_slo_attainment": 2.807017543859649, "tpot_slo_ms": 50, "tpot_slo_attainment": 78.59649122807018, "Latency": {"unit": "s", "min": 6.753312526998343, "p50": 12.841320024002925, "p90": 18.88323998499982, "p95": 22.3580090522024, "p99": 26.036273071402103, "max": 26.5544510779946}, "Throughput": {"unit": "tokens/s", "min": 7.531694005369139, "p50": 15.574722818694736, "p90": 22.024308788068915, "p95": 23.650094874897615, "p99": 28.430675268764894, "max": 29.615096176941535}, "TTFT": {"unit": "s", "min": 0.5941598799981875, "p50": 4.327666311997746, "p90": 9.016908637403684, "p95": 10.533456238597866, "p99": 12.942844152954356, "max": 16.03583907999564}, "TPOT": {"unit": "ms", "min": 17.983173326615198, "p50": 40.24154852765545, "p90": 58.96500859094546, "p95": 72.46095165829689, "p99": 88.08105424965116, "max": 91.35017663821193}, "Input Tokens per Minute": {"unit": "tokens/min", "min": 1063253.4981909962, "p50": 1063253.4981909962, "p90": 1063253.4981909962, "p95": 1063253.4981909962, "p99": 1063253.4981909962, "max": 1063253.4981909962}, "Output Tokens per Minute": {"unit": "tokens/min", "min": 56226.162294272755, "p50": 56226.162294272755, "p90": 56226.162294272755, "p95": 56226.162294272755, "p99": 56226.162294272755, "max": 56226.162294272755}}
{"actual_qps": 4.3298105180820805, "success_rate": 100.0, "input_tokens": 3788, "output_tokens": 198, "model": "QwQ-32B", "input_tokens_per_minute": 846292.9552901832, "output_tokens_per_minute": 44390.39828879151, "slo_seconds": 5.0, "slo_attainment": 0.4405286343612335, "ttft_slo_ms": 1000, "ttft_slo_attainment": 2.2026431718061676, "tpot_slo_ms": 50, "tpot_slo_attainment": 92.07048458149781, "Latency": {"unit": "s", "min": 4.513050973000645, "p50": 11.962863177002873, "p90": 16.30011910939793, "p95": 17.7707268715043, "p99": 21.02482039918309, "max": 21.680447366998123}, "Throughput": {"unit": "tokens/s", "min": 9.224901894987605, "p50": 16.674667718333097, "p90": 21.76239495781531, "p95": 23.45693598452499, "p99": 25.27708891584612, "max": 31.274742504317697}, "TTFT": {"unit": "s", "min": 0.7273253960011061, "p50": 3.955386132998683, "p90": 8.304285423799593, "p95": 9.295915261701884, "p99": 12.046958579581988, "max": 14.32020915600151}, "TPOT": {"unit": "ms", "min": 23.515125542702727, "p50": 37.20749167335833, "p90": 48.621995293457196, "p95": 51.69307149446658, "p99": 67.58234319207932, "max": 70.8395109396959}, "Input Tokens per Minute": {"unit": "tokens/min", "min": 846292.9552901832, "p50": 846292.9552901832, "p90": 846292.9552901832, "p95": 846292.9552901832, "p99": 846292.9552901832, "max": 846292.9552901832}, "Output Tokens per Minute": {"unit": "tokens/min", "min": 44390.39828879151, "p50": 44390.39828879151, "p90": 44390.39828879151, "p95": 44390.39828879151, "p99": 44390.39828879151, "max": 44390.39828879151}}
{"actual_qps": 4.311725438806957, "success_rate": 100.0, "input_tokens": 3637, "output_tokens": 200, "model": "QwQ-32B", "input_tokens_per_minute": 1123529.7415723526, "output_tokens_per_minute": 61774.07396739396, "slo_seconds": 5.0, "slo_attainment": 0.0, "ttft_slo_ms": 1000, "ttft_slo_attainment": 46.81528662420382, "tpot_slo_ms": 50, "tpot_slo_attainment": 94.26751592356688, "Latency": {"unit": "s", "min": 5.495072673998948, "p50": 8.372734739998123, "p90": 15.62765117429953, "p95": 19.027965695302548, "p99": 23.296474074294895, "max": 27.114082927997515}, "Throughput": {"unit": "tokens/s", "min": 7.376240624885144, "p50": 23.887070677398043, "p90": 29.390975651915156, "p95": 29.98126220278239, "p99": 33.179332519547536, "max": 36.39624293712085}, "TTFT": {"unit": "s", "min": 0.05898557400360005, "p50": 1.094940647999465, "p90": 6.024135435504285, "p95": 11.522455481753052, "p99": 16.44317945448959, "max": 19.780605990999902}, "TPOT": {"unit": "ms", "min": 26.77279798490646, "p50": 35.24760714071132, "p90": 44.042710971870974, "p95": 51.72054651130248, "p99": 68.09760241793934, "max": 75.4015164271166}, "Input Tokens per Minute": {"unit": "tokens/min", "min": 1123529.7415723526, "p50": 1123529.7415723526, "p90": 1123529.7415723526, "p95": 1123529.7415723526, "p99": 1123529.7415723526, "max": 1123529.7415723526}, "Output Tokens per Minute": {"unit": "tokens/min", "min": 61774.07396739396, "p50": 61774.07396739396, "p90": 61774.07396739396, "p95": 61774.07396739396, "p99": 61774.07396739396, "max": 61774.07396739396}}
{"actual_qps": 4.533219205384586, "success_rate": 100.0, "input_tokens": 3814, "output_tokens": 199, "model": "QwQ-32B", "input_tokens_per_minute": 983097.007974343, "output_tokens_per_minute": 51536.103237256444, "slo_seconds": 5.0, "slo_attainment": 0.0, "ttft_slo_ms": 1000, "ttft_slo_attainment": 46.56488549618321, "tpot_slo_ms": 50, "tpot_slo_attainment": 85.49618320610686, "Latency": {"unit": "s", "min": 5.617870135996782, "p50": 8.379205228000501, "p90": 13.773496321695712, "p95": 14.737179751198346, "p99": 15.778405879850103, "max": 16.082917646002898}, "Throughput": {"unit": "tokens/s", "min": 12.435554568029898, "p50": 23.868645336897913, "p90": 28.683169392346876, "p95": 31.140725486764588, "p99": 34.74616935534801, "max": 35.60068053522456}, "TTFT": {"unit": "s", "min": 0.0945485410047695, "p50": 1.0753222285020456, "p90": 2.798362963798718, "p95": 3.8694283774973877, "p99": 5.424750028783015, "max": 6.15765470599581}, "TPOT": {"unit": "ms", "min": 24.83336421105766, "p50": 36.302826987420346, "p90": 55.749825048245036, "p95": 62.02287013016099, "p99": 68.64108797061822, "max": 71.38795967337538}, "Input Tokens per Minute": {"unit": "tokens/min", "min": 983097.007974343, "p50": 983097.007974343, "p90": 983097.007974343, "p95": 983097.007974343, "p99": 983097.007974343, "max": 983097.007974343}, "Output Tokens per Minute": {"unit": "tokens/min", "min": 51536.103237256444, "p50": 51536.103237256444, "p90": 51536.103237256444, "p95": 51536.103237256444, "p99": 51536.103237256444, "max": 51536.103237256444}}
{"actual_qps": 4.475594842408747, "success_rate": 100.0, "input_tokens": 3712, "output_tokens": 199, "model": "QwQ-32B", "input_tokens_per_minute": 1029856.9971242695, "output_tokens_per_minute": 55441.308154436105, "slo_seconds": 5.0,