{"actual_qps": 5.309759656614761, "success_rate": 100.0, "input_tokens": 3857, "output_tokens": 199, "model": "QwQ-32B", "input_tokens_per_minute": 835919.6239945112, "output_tokens_per_minute": 43197.80768411565, "slo_seconds": 5.0, "slo_attainment": 0.0, "ttft_slo_ms": 1000, "ttft_slo_attainment": 0.4608294930875576, "tpot_slo_ms": 50, "tpot_slo_attainment": 92.16589861751152, "Latency": {"unit": "s", "min": 5.276155608000408, "p50": 12.596457122999709, "p90": 16.417635688997688, "p95": 18.345680790196635, "p99": 21.800617201840215, "max": 23.989126200998726}, "Throughput": {"unit": "tokens/s", "min": 5.535844206084402, "p50": 15.868807746055419, "p90": 20.495090803377995, "p95": 22.15644550675736, "p99": 24.106954967657234, "max": 37.90638769196523}, "TTFT": {"unit": "s", "min": 0.8710547590017086, "p50": 4.93741667100403, "p90": 8.691130328200234, "p95": 10.638763388399086, "p99": 14.333216463681602, "max": 16.98830987400288}, "TPOT": {"unit": "ms", "min": 21.462291356772255, "p50": 36.37689132663572, "p90": 48.228480949420444, "p95": 52.68547829545052, "p99": 65.29719691998977, "max": 68.67989431657178}, "Input Tokens per Minute": {"unit": "tokens/min", "min": 835919.6239945112, "p50": 835919.6239945112, "p90": 835919.6239945112, "p95": 835919.6239945112, "p99": 835919.6239945112, "max": 835919.6239945112}, "Output Tokens per Minute": {"unit": "tokens/min", "min": 43197.80768411565, "p50": 43197.80768411565, "p90": 43197.80768411565, "p95": 43197.80768411565, "p99": 43197.80768411565, "max": 43197.80768411565}}
{"actual_qps": 5.198578409165025, "success_rate": 100.0, "input_tokens": 3983, "output_tokens": 198, "model": "QwQ-32B", "input_tokens_per_minute": 1286176.7963474104, "output_tokens_per_minute": 64107.93884472751, "slo_seconds": 5.0, "slo_attainment": 0.0, "ttft_slo_ms": 1000, "ttft_slo_attainment": 1.8518518518518516, "tpot_slo_ms": 50, "tpot_slo_attainment": 70.37037037037037, "Latency": {"unit": "s", "min": 6.745418261998566, "p50": 16.231560385000193, "p90": 25.625694134098737, "p95": 31.209673247150924, "p99": 42.19004521424957, "max": 44.705761500001245}, "Throughput": {"unit": "tokens/s", "min": 1.519875200341291, "p50": 12.26156765385473, "p90": 20.630241614495972, "p95": 23.73325150414099, "p99": 27.615078092745414, "max": 29.64975517185246}, "TTFT": {"unit": "s", "min": 0.5826236759967287, "p50": 7.185814089501946, "p90": 16.390893997798408, "p95": 21.519817855150162, "p99": 31.237614752942804, "max": 33.585288559996116}, "TPOT": {"unit": "ms", "min": 16.666024035182442, "p50": 42.18311152763091, "p90": 66.11608488090121, "p95": 72.77780248945938, "p99": 82.3902534616815, "max": 87.15758068847117}, "Input Tokens per Minute": {"unit": "tokens/min", "min": 1286176.7963474104, "p50": 1286176.7963474104, "p90": 1286176.7963474104, "p95": 1286176.7963474104, "p99": 1286176.7963474104, "max": 1286176.7963474104}, "Output Tokens per Minute": {"unit": "tokens/min", "min": 64107.93884472751, "p50": 64107.93884472751, "p90": 64107.93884472751, "p95": 64107.93884472751, "p99": 64107.93884472751, "max": 64107.93884472751}}
{"actual_qps": 5.035960410731011, "success_rate": 100.0, "input_tokens": 3960, "output_tokens": 198, "model": "QwQ-32B", "input_tokens_per_minute": 1247080.8292902163, "output_tokens_per_minute": 62454.691257352795, "slo_seconds": 5.0, "slo_attainment": 0.0, "ttft_slo_ms": 1000, "ttft_slo_attainment": 4.430379746835443, "tpot_slo_ms": 50, "tpot_slo_attainment": 89.55696202531645, "Latency": {"unit": "s", "min": 6.612159051997878, "p50": 13.569228512002155, "p90": 22.007542117000412, "p95": 24.94698842275102, "p99": 29.678634308248405, "max": 38.52210159200331}, "Throughput": {"unit": "tokens/s", "min": 4.483760543026739, "p50": 14.513422176995041, "p90": 22.365579697246808, "p95": 25.101434972242686, "p99": 27.685618124448457, "max": 30.24730627729978}, "TTFT": {"unit": "s", "min": 0.15879867399780778, "p50": 5.775475952003035, "p90": 13.984453619501437, "p95": 17.506067044500014, "p99": 21.264456305247588, "max": 33.05106543000147}, "TPOT": {"unit": "ms", "min": 19.188353658269744, "p50": 37.41354396483824, "p90": 50.172364902004, "p95": 54.22358807911553, "p99": 63.70821827436503, "max": 69.61590126633584}, "Input Tokens per Minute": {"unit": "tokens/min", "min": 1247080.8292902163, "p50": 1247080.8292902163, "p90": 1247080.8292902163, "p95": 1247080.8292902163, "p99": 1247080.8292902163, "max": 1247080.8292902163}, "Output Tokens per Minute": {"unit": "tokens/min", "min": 62454.691257352795, "p50": 62454.691257352795, "p90": 62454.691257352795, "p95": 62454.691257352795, "p99": 62454.691257352795, "max": 62454.691257352795}}
{"actual_qps": 5.148100834464298, "success_rate": 100.0, "input_tokens": 4072, "output_tokens": 199, "model": "QwQ-32B", "input_tokens_per_minute": 1354365.6570521675, "output_tokens_per_minute": 66342.40767367992, "slo_seconds": 5.0, "slo_attainment": 0.2967359050445104, "ttft_slo_ms": 1000, "ttft_slo_attainment": 37.388724035608305, "tpot_slo_ms": 50, "tpot_slo_attainment": 91.0979228486647, "Latency": {"unit": "s", "min": 4.359727835006197, "p50": 8.794907194998814, "p90": 13.759809007596065, "p95": 15.75869006219873, "p99": 18.49745661027991, "max": 21.236200685998483}, "Throughput": {"unit": "tokens/s", "min": 9.417880484236742, "p50": 22.6937940634566, "p90": 27.681304780385425, "p95": 29.219135991598247, "p99": 33.01440595823216, "max": 36.427456353165226}, "TTFT": {"unit": "s", "min": 0.07758878800086677, "p50": 1.342945142001554, "p90": 3.3748286885995213, "p95": 4.751362101003176, "p99": 8.451105742721406, "max": 12.527350803000445}, "TPOT": {"unit": "ms", "min": 26.288042944730506, "p50": 36.49097628139449, "p90": 48.47676808440981, "p95": 57.22157494270303, "p99": 73.90824445368588, "max": 77.31924189949186}, "Input Tokens per Minute": {"unit": "tokens/min", "min": 1354365.6570521675, "p50": 1354365.6570521675, "p90": 1354365.6570521675, "p95": 1354365.6570521675, "p99": 1354365.6570521675, "max": 1354365.6570521675}, "Output Tokens per Minute": {"unit": "tokens/min", "min": 66342.40767367992, "p50": 66342.40767367992, "p90": 66342.40767367992, "p95": 66342.40767367992, "p99": 66342.40767367992, "max": 66342.40767367992}}
{"actual_qps": 5.083257461649053, "success_rate": 100.0, "input_tokens": 4015, "output_tokens": 199, "model": "QwQ-32B", "input_tokens_per_minute": 1216450.502837844, "output_tokens_per_minute": 60434.09846679089, "slo_seconds": 5.0, "slo_attainment": 0.32573289902280134, "ttft_slo_ms": 1000, "ttft_slo_attainment": 44.62540716612378, "tpot_slo_ms": 50, "tpot_slo_attainment": 95.43973941368078, "Latency": {"unit": "s", "min": 3.188633730998845, "p50": 8.32940509099717, "p90": 10.800696107599652, "p95": 11.71742930340115, "p99": 14.404294280702743, "max": 15.333819227998902}, "Throughput": {"unit": "tokens/s", "min": 12.23094381171938, "p50": 23.980282879056208, "p90": 29.3722710759011, "p95": 30.94988537095647, "p99": 33.07638654758604, "max": 35.77114870760785}, "TTFT": {"unit": "s", "min": 0.06153657399408985, "p50": 1.1241305049989023, "p90": 2.6630659319969734, "p95": 3.287490598701697, "p99": 4.374779750705784, "max": 6.583282044004591}, "TPOT": {"unit": "ms", "min": 26.06414793467707, "p50": 35.09480072362798, "p90": 44.322801665345914, "p95": 48.660344993462346, "p99": 61.02858430492146, "max": 65.22594130654022}, "Input Tokens per Minute": {"unit": "tokens/min", "min": 1216450.502837844, "p50": 1216450.502837844, "p90": 1216450.502837844, "p95": 1216450.502837844, "p99": 1216450.502837844, "max": 1216450.502837844}, "Output Tokens per Minute": {"unit": "tokens/min", "min": 60434.09846679089, "p50": 60434.09846679089, "p90": 60434.09846679089, "p95": 60434.09846679089, "p99": 60434.09846679089, "max": 60434.09846679089}}
{"actual_qps": 5.295165038890639, "success_rate": 100.0, "input_tokens": 4017, "output_tokens": 199, "model": "QwQ-32B", "input_tokens_per_minute": 1312027.796486417, "output_tokens_per_minute": 65000.69187585327, "slo_seconds": 5.0,