{"actual_qps": 5.786442043573389, "success_rate": 97.80701754385966, "input_tokens": 4063, "output_tokens": 200, "model": "QwQ-32B", "input_tokens_per_minute": 896231.8394996243, "output_tokens_per_minute": 44115.438486046696, "slo_seconds": 5.0, "slo_attainment": 0.0, "ttft_slo_ms": 1000, "ttft_slo_attainment": 0.0, "tpot_slo_ms": 50, "tpot_slo_attainment": 43.42105263157895, "Latency": {"unit": "s", "min": 12.68027211700246, "p50": 18.449264143004257, "p90": 31.56919986739522, "p95": 34.18397724009774, "p99": 37.66189042613842, "max": 40.927773278999666}, "Throughput": {"unit": "tokens/s", "min": 4.8866572495069365, "p50": 10.840540763564146, "p90": 12.278702827077293, "p95": 12.746318004190805, "p99": 15.007418221327256, "max": 15.772532178692613}, "TTFT": {"unit": "s", "min": 3.9761493659971165, "p50": 10.517678030999377, "p90": 20.924850821998554, "p95": 24.170166994498864, "p99": 28.11404024829797, "max": 36.276053105000756}, "TPOT": {"unit": "ms", "min": 18.47440232660261, "p50": 51.869749783915026, "p90": 66.64448849847055, "p95": 69.84774835928604, "p99": 75.24400613777384, "max": 75.5591825024873}, "Input Tokens per Minute": {"unit": "tokens/min", "min": 896231.8394996243, "p50": 896231.8394996243, "p90": 896231.8394996243, "p95": 896231.8394996243, "p99": 896231.8394996243, "max": 896231.8394996243}, "Output Tokens per Minute": {"unit": "tokens/min", "min": 44115.438486046696, "p50": 44115.438486046696, "p90": 44115.438486046696, "p95": 44115.438486046696, "p99": 44115.438486046696, "max": 44115.438486046696}, "exceptions": {"Request timed out.": 5}}
{"actual_qps": 4.501884850831357, "success_rate": 100.0, "input_tokens": 3924, "output_tokens": 199, "model": "QwQ-32B", "input_tokens_per_minute": 1296523.0630431506, "output_tokens_per_minute": 65861.58008056994, "slo_seconds": 5.0, "slo_attainment": 0.0, "ttft_slo_ms": 1000, "ttft_slo_attainment": 1.4970059880239521, "tpot_slo_ms": 50, "tpot_slo_attainment": 62.5748502994012, "Latency": {"unit": "s", "min": 6.398011003999272, "p50": 15.105527611998696, "p90": 24.44562190790384, "p95": 30.441381273301154, "p99": 33.32505061744017, "max": 48.80017334200238}, "Throughput": {"unit": "tokens/s", "min": 4.098346098042642, "p50": 13.229543850747646, "p90": 21.661659167440426, "p95": 23.812009182857942, "p99": 28.499350658680353, "max": 31.259714913741767}, "TTFT": {"unit": "s", "min": 0.47793087500031106, "p50": 5.308730386499519, "p90": 14.456295166900233, "p95": 17.4314068738975, "p99": 22.358193938300776, "max": 38.15015595200384}, "TPOT": {"unit": "ms", "min": 21.292189638188574, "p50": 45.40804481406502, "p90": 67.44211431406671, "p95": 73.29752845451266, "p99": 84.24384028395652, "max": 114.58312410193648}, "Input Tokens per Minute": {"unit": "tokens/min", "min": 1296523.0630431506, "p50": 1296523.0630431506, "p90": 1296523.0630431506, "p95": 1296523.0630431506, "p99": 1296523.0630431506, "max": 1296523.0630431506}, "Output Tokens per Minute": {"unit": "tokens/min", "min": 65861.58008056994, "p50": 65861.58008056994, "p90": 65861.58008056994, "p95": 65861.58008056994, "p99": 65861.58008056994, "max": 65861.58008056994}}
{"actual_qps": 4.771695878800401, "success_rate": 100.0, "input_tokens": 4077, "output_tokens": 199, "model": "QwQ-32B", "input_tokens_per_minute": 1139323.0162698238, "output_tokens_per_minute": 55827.85453454149, "slo_seconds": 5.0, "slo_attainment": 0.0, "ttft_slo_ms": 1000, "ttft_slo_attainment": 12.7208480565371, "tpot_slo_ms": 50, "tpot_slo_attainment": 86.21908127208481, "Latency": {"unit": "s", "min": 5.01809257199784, "p50": 10.274164106995158, "p90": 14.62110628100054, "p95": 16.807302691297807, "p99": 19.692414701397947, "max": 21.569051360005687}, "Throughput": {"unit": "tokens/s", "min": 9.272545030461982, "p50": 19.46630381967815, "p90": 25.57506891454217, "p95": 27.946551255609243, "p99": 34.588035697187166, "max": 39.85578128152676}, "TTFT": {"unit": "s", "min": 0.2205638339946745, "p50": 2.471677342997282, "p90": 5.678698801597057, "p95": 7.776529686895073, "p99": 12.340651997981189, "max": 14.479155786000774}, "TPOT": {"unit": "ms", "min": 20.381359663314008, "p50": 37.394835376888565, "p90": 51.76453252058113, "p95": 56.55279380552928, "p99": 63.867777230145066, "max": 65.87696637688163}, "Input Tokens per Minute": {"unit": "tokens/min", "min": 1139323.0162698238, "p50": 1139323.0162698238, "p90": 1139323.0162698238, "p95": 1139323.0162698238, "p99": 1139323.0162698238, "max": 1139323.0162698238}, "Output Tokens per Minute": {"unit": "tokens/min", "min": 55827.85453454149, "p50": 55827.85453454149, "p90": 55827.85453454149, "p95": 55827.85453454149, "p99": 55827.85453454149, "max": 55827.85453454149}}
{"actual_qps": 4.7970711732458025, "success_rate": 100.0, "input_tokens": 4007, "output_tokens": 199, "model": "QwQ-32B", "input_tokens_per_minute": 1305487.6173160528, "output_tokens_per_minute": 65096.133343543865, "slo_seconds": 5.0, "slo_attainment": 0.0, "ttft_slo_ms": 1000, "ttft_slo_attainment": 23.03030303030303, "tpot_slo_ms": 50, "tpot_slo_attainment": 97.27272727272728, "Latency": {"unit": "s", "min": 5.458891206995759, "p50": 10.08304238150231, "p90": 17.44886336589625, "p95": 19.49982655290114, "p99": 22.552265172747788, "max": 24.46263341199665}, "Throughput": {"unit": "tokens/s", "min": 8.175734665668438, "p50": 19.802646512050636, "p90": 27.076156883046266, "p95": 28.362045116917667, "p99": 30.11972492578337, "max": 36.63747680915367}, "TTFT": {"unit": "s", "min": 0.07695385899569374, "p50": 2.593010498498188, "p90": 8.315664085003673, "p95": 10.601893034797468, "p99": 13.872909232859456, "max": 17.306151612006943}, "TPOT": {"unit": "ms", "min": 26.218161170846773, "p50": 37.65216439196547, "p90": 45.4429285803777, "p95": 48.26513438842926, "p99": 58.394297236686626, "max": 76.72806185427129}, "Input Tokens per Minute": {"unit": "tokens/min", "min": 1305487.6173160528, "p50": 1305487.6173160528, "p90": 1305487.6173160528, "p95": 1305487.6173160528, "p99": 1305487.6173160528, "max": 1305487.6173160528}, "Output Tokens per Minute": {"unit": "tokens/min", "min": 65096.133343543865, "p50": 65096.133343543865, "p90": 65096.133343543865, "p95": 65096.133343543865, "p99": 65096.133343543865, "max": 65096.133343543865}}
{"actual_qps": 5.516527991266689, "success_rate": 100.0, "input_tokens": 3873, "output_tokens": 199, "model": "QwQ-32B", "input_tokens_per_minute": 1154771.4639480587, "output_tokens_per_minute": 59607.037670551406, "slo_seconds": 5.0, "slo_attainment": 0.33112582781456956, "ttft_slo_ms": 1000, "ttft_slo_attainment": 63.90728476821192, "tpot_slo_ms": 50, "tpot_slo_attainment": 86.75496688741721, "Latency": {"unit": "s", "min": 4.850437344997772, "p50": 8.166320149000967, "p90": 11.98165755870578, "p95": 13.57909408235173, "p99": 14.569117378741723, "max": 15.534798474996933}, "Throughput": {"unit": "tokens/s", "min": 12.874322143405822, "p50": 24.490836173337183, "p90": 29.123108024873986, "p95": 30.88276292177854, "p99": 34.481875595553795, "max": 41.233395212549}, "TTFT": {"unit": "s", "min": 0.061189793996163644, "p50": 0.7956163734997972, "p90": 1.6708254193021281, "p95": 2.0006616362061322, "p99": 2.8223244634085147, "max": 3.38489828400634}, "TPOT": {"unit": "ms", "min": 22.88535791455099, "p50": 37.47695432162005, "p90": 56.299472563337424, "p95": 62.10293572059627, "p99": 68.68208639309233, "max": 72.67670061809434}, "Input Tokens per Minute": {"unit": "tokens/min", "min": 1154771.4639480587, "p50": 1154771.4639480587, "p90": 1154771.4639480587, "p95": 1154771.4639480587, "p99": 1154771.4639480587, "max": 1154771.4639480587}, "Output Tokens per Minute": {"unit": "tokens/min", "min": 59607.037670551406, "p50": 59607.037670551406, "p90": 59607.037670551406, "p95": 59607.037670551406, "p99": 59607.037670551406, "max": 59607.037670551406}}
{"actual_qps": 4.672256534285425, "success_rate": 100.0, "input_tokens": 3949, "output_tokens": 200, "model": "QwQ-32B", "input_tokens_per_minute": 1165463.4080394297,