{"target_qps": 3.0, "actual_qps": 2.9981494701914353, "success_rate": 100.0, "input_tokens": 4133, "output_tokens": 199, "model": "QwQ-32B", "input_tokens_per_minute": 744099.6226415095, "output_tokens_per_minute": 35858.49056603773, "slo_seconds": 5.0, "slo_attainment": 15.09433962264151, "ttft_slo_ms": 1000, "ttft_slo_attainment": 52.20125786163522, "tpot_slo_ms": 50, "tpot_slo_attainment": 100.0, "Latency": {"unit": "s", "min": 3.2582814769994, "p50": 6.409081792997313, "p90": 8.253187189001618, "p95": 8.652638993801155, "p99": 11.069909428120214, "max": 15.093972677001148}, "Throughput": {"unit": "tokens/s", "min": 13.25032211730065, "p50": 31.150223852058854, "p90": 43.014548791917264, "p95": 46.58910591077259, "p99": 53.48149727177155, "max": 54.57367878199818}, "TTFT": {"unit": "s", "min": 0.06457616099942243, "p50": 0.9785856989983586, "p90": 1.9892335720025587, "p95": 2.2385904858983845, "p99": 3.204957608378891, "max": 8.39247922800132}, "TPOT": {"unit": "ms", "min": 16.452548437197247, "p50": 28.540831381900688, "p90": 35.67905705829471, "p95": 37.586085801009155, "p99": 41.29703293357776, "max": 44.29199248241174}, "Input Tokens per Minute": {"unit": "tokens/min", "min": 744099.6226415095, "p50": 744099.6226415095, "p90": 744099.6226415095, "p95": 744099.6226415095, "p99": 744099.6226415095, "max": 744099.6226415095}, "Output Tokens per Minute": {"unit": "tokens/min", "min": 35858.49056603773, "p50": 35858.49056603773, "p90": 35858.49056603773, "p95": 35858.49056603773, "p99": 35858.49056603773, "max": 35858.49056603773}}
{"target_qps": 3.0, "actual_qps": 2.998749594338732, "success_rate": 100.0, "input_tokens": 4242, "output_tokens": 199, "model": "QwQ-32B", "input_tokens_per_minute": 780108.4983122442, "output_tokens_per_minute": 36623.395161545115, "slo_seconds": 5.0, "slo_attainment": 16.847826086956523, "ttft_slo_ms": 1000, "ttft_slo_attainment": 64.13043478260869, "tpot_slo_ms": 50, "tpot_slo_attainment": 100.0, "Latency": {"unit": "s", "min": 3.531712427000457, "p50": 6.363548917999651, "p90": 8.003570607401343, "p95": 8.464109430399002, "p99": 9.147773210307566, "max": 9.376899227001559}, "Throughput": {"unit": "tokens/s", "min": 13.024843033176564, "p50": 31.26678915411403, "p90": 42.872505079988244, "p95": 46.063786980493774, "p99": 49.678316323947215, "max": 51.709731680013775}, "TTFT": {"unit": "s", "min": 0.061669082002481446, "p50": 0.8077012690009724, "p90": 1.4015828490995774, "p95": 1.609846508949522, "p99": 2.2035501227587875, "max": 2.5511509309981193}, "TPOT": {"unit": "ms", "min": 17.737122201011953, "p50": 28.09600132913782, "p90": 35.861314450765114, "p95": 37.31494395704787, "p99": 40.18431178568542, "max": 40.92515271858516}, "Input Tokens per Minute": {"unit": "tokens/min", "min": 780108.4983122442, "p50": 780108.4983122442, "p90": 780108.4983122442, "p95": 780108.4983122442, "p99": 780108.4983122442, "max": 780108.4983122442}, "Output Tokens per Minute": {"unit": "tokens/min", "min": 36623.395161545115, "p50": 36623.395161545115, "p90": 36623.395161545115, "p95": 36623.395161545115, "p99": 36623.395161545115, "max": 36623.395161545115}}
{"target_qps": 3.0, "actual_qps": 2.9999504154696393, "success_rate": 100.0, "input_tokens": 4150, "output_tokens": 199, "model": "QwQ-32B", "input_tokens_per_minute": 747034.5762711865, "output_tokens_per_minute": 35970.50847457627, "slo_seconds": 5.0, "slo_attainment": 16.94915254237288, "ttft_slo_ms": 1000, "ttft_slo_attainment": 65.5367231638418, "tpot_slo_ms": 50, "tpot_slo_attainment": 100.0, "Latency": {"unit": "s", "min": 3.564466146999621, "p50": 6.473995626001852, "p90": 8.011419362199376, "p95": 8.507114397000258, "p99": 9.29507001800026, "max": 9.618032154001412}, "Throughput": {"unit": "tokens/s", "min": 20.794274420968073, "p50": 30.892822849111823, "p90": 43.16591011271496, "p95": 47.09246459758248, "p99": 54.8633724140322, "max": 56.10938405695042}, "TTFT": {"unit": "s", "min": 0.05564591999791446, "p50": 0.6804641239978082, "p90": 1.482911060001061, "p95": 1.8125095254014008, "p99": 2.4382127573202896, "max": 2.64035859300202}, "TPOT": {"unit": "ms", "min": 17.417064708537346, "p50": 27.877717457286696, "p90": 36.11565124623822, "p95": 37.231732696485935, "p99": 39.20278497608967, "max": 40.97040111557919}, "Input Tokens per Minute": {"unit": "tokens/min", "min": 747034.5762711865, "p50": 747034.5762711865, "p90": 747034.5762711865, "p95": 747034.5762711865, "p99": 747034.5762711865, "max": 747034.5762711865}, "Output Tokens per Minute": {"unit": "tokens/min", "min": 35970.50847457627, "p50": 35970.50847457627, "p90": 35970.50847457627, "p95": 35970.50847457627, "p99": 35970.50847457627, "max": 35970.50847457627}}
{"target_qps": 3.0, "actual_qps": 2.999979050796217, "success_rate": 100.0, "input_tokens": 4147, "output_tokens": 199, "model": "QwQ-32B", "input_tokens_per_minute": 750295.8993638173, "output_tokens_per_minute": 36072.73504218662, "slo_seconds": 5.0, "slo_attainment": 20.994475138121548, "ttft_slo_ms": 1000, "ttft_slo_attainment": 85.0828729281768, "tpot_slo_ms": 50, "tpot_slo_attainment": 100.0, "Latency": {"unit": "s", "min": 3.3449240310001187, "p50": 5.920341844001086, "p90": 7.458356510000158, "p95": 7.932054801000049, "p99": 9.029575758601265, "max": 10.251273347999813}, "Throughput": {"unit": "tokens/s", "min": 19.509771441127672, "p50": 33.7431507262517, "p90": 44.73781628360312, "p95": 47.89094202271602, "p99": 52.92102123553462, "max": 53.18691869574193}, "TTFT": {"unit": "s", "min": 0.040298281997820595, "p50": 0.5844655219989363, "p90": 1.0327491209973232, "p95": 1.1487725500010129, "p99": 1.5244064917977038, "max": 1.9184842389986443}, "TPOT": {"unit": "ms", "min": 17.508905281404314, "p50": 27.766919879390638, "p90": 32.87333507537894, "p95": 35.78341872865044, "p99": 40.73911816884343, "max": 44.32752954271015}, "Input Tokens per Minute": {"unit": "tokens/min", "min": 750295.8993638173, "p50": 750295.8993638173, "p90": 750295.8993638173, "p95": 750295.8993638173, "p99": 750295.8993638173, "max": 750295.8993638173}, "Output Tokens per Minute": {"unit": "tokens/min", "min": 36072.73504218662, "p50": 36072.73504218662, "p90": 36072.73504218662, "p95": 36072.73504218662, "p99": 36072.73504218662, "max": 36072.73504218662}}
{"target_qps": 3.0, "actual_qps": 2.999971580169243, "success_rate": 100.0, "input_tokens": 4144, "output_tokens": 199, "model": "QwQ-32B", "input_tokens_per_minute": 749759.2306086529, "output_tokens_per_minute": 36060.742444305855, "slo_seconds": 5.0, "slo_attainment": 24.861878453038674, "ttft_slo_ms": 1000, "ttft_slo_attainment": 88.95027624309392, "tpot_slo_ms": 50, "tpot_slo_attainment": 100.0, "Latency": {"unit": "s", "min": 2.414941479000845, "p50": 6.171708054000192, "p90": 7.893143144003261, "p95": 8.59737514200242, "p99": 9.08266920540118, "max": 9.210694129997137}, "Throughput": {"unit": "tokens/s", "min": 21.71389009093739, "p50": 32.405939854911, "p90": 47.4075369964356, "p95": 52.25941498136569, "p99": 54.93339205827517, "max": 55.78538506618136}, "TTFT": {"unit": "s", "min": 0.03816672600078164, "p50": 0.4323556780000217, "p90": 1.0088992350029002, "p95": 1.0451927399990382, "p99": 1.2449975490009817, "max": 1.9340979720000178}, "TPOT": {"unit": "ms", "min": 17.478851321613007, "p50": 27.442030090452278, "p90": 36.5658098391815, "p95": 38.91401437689107, "p99": 40.22079403014561, "max": 41.671120477382544}, "Input Tokens per Minute": {"unit": "tokens/min", "min": 749759.2306086529, "p50": 749759.2306086529, "p90": 749759.2306086529, "p95": 749759.2306086529, "p99": 749759.2306086529, "max": 749759.2306086529}, "Output Tokens per Minute": {"unit": "tokens/min", "min": 36060.742444305855, "p50": 36060.742444305855, "p90": 36060.742444305855, "p95": 36060.742444305855, "p99": 36060.742444305855, "max": 36060.742444305855}}
{"target_qps": 3.0, "actual_qps": 2.9999920843709007, "success_rate": 100.0, "input_tokens": 4186, "output_tokens": 200, "model": "QwQ-32B", "input_tokens_per_minute": 769796.862901099,