{"target_qps": 4.0, "actual_qps": 3.997381797268928, "success_rate": 100.0, "input_tokens": 3816, "output_tokens": 199, "model": "QwQ-32B", "input_tokens_per_minute": 916014.7826086956, "output_tokens_per_minute": 47782.17391304347, "slo_seconds": 5.0, "slo_attainment": 1.6304347826086956, "ttft_slo_ms": 1000, "ttft_slo_attainment": 8.695652173913043, "tpot_slo_ms": 50, "tpot_slo_attainment": 78.80434782608695, "Latency": {"unit": "s", "min": 4.433986656000343, "p50": 11.769590650500504, "p90": 15.58598445419957, "p95": 16.276641664149793, "p99": 19.7988094975404, "max": 22.670733842000118}, "Throughput": {"unit": "tokens/s", "min": 3.230132678506269, "p50": 16.93306097268117, "p90": 24.14688122420096, "p95": 28.090807575171393, "p99": 41.61139652906323, "max": 45.106134843538086}, "TTFT": {"unit": "s", "min": 0.3834054250000918, "p50": 4.0546898464999686, "p90": 6.256169739399776, "p95": 6.574555865598905, "p99": 7.703302654779743, "max": 12.749456872001247}, "TPOT": {"unit": "ms", "min": 17.81941677889601, "p50": 39.66000427387266, "p90": 65.0658015266349, "p95": 69.51149234347308, "p99": 73.197252075831, "max": 84.32077462498455}, "Input Tokens per Minute": {"unit": "tokens/min", "min": 916014.7826086956, "p50": 916014.7826086956, "p90": 916014.7826086956, "p95": 916014.7826086956, "p99": 916014.7826086956, "max": 916014.7826086956}, "Output Tokens per Minute": {"unit": "tokens/min", "min": 47782.17391304347, "p50": 47782.17391304347, "p90": 47782.17391304347, "p95": 47782.17391304347, "p99": 47782.17391304347, "max": 47782.17391304347}}
{"target_qps": 4.0, "actual_qps": 3.9861961956365195, "success_rate": 100.0, "input_tokens": 3986, "output_tokens": 199, "model": "QwQ-32B", "input_tokens_per_minute": 956781.7721518987, "output_tokens_per_minute": 47862.278481012654, "slo_seconds": 5.0, "slo_attainment": 0.8438818565400843, "ttft_slo_ms": 1000, "ttft_slo_attainment": 9.282700421940929, "tpot_slo_ms": 50, "tpot_slo_attainment": 55.27426160337553, "Latency": {"unit": "s", "min": 4.710221093000655, "p50": 13.447473696000088, "p90": 17.967959985999915, "p95": 18.83371015840057, "p99": 21.91745024004034, "max": 22.87560421099988}, "Throughput": {"unit": "tokens/s", "min": 8.742938466465892, "p50": 14.683025951496674, "p90": 25.192449010899217, "p95": 30.44439114428449, "p99": 37.75960498970231, "max": 42.46085184773983}, "TTFT": {"unit": "s", "min": 0.3243289399997593, "p50": 2.849814081999284, "p90": 6.349639565598773, "p95": 6.764588926998476, "p99": 8.789588632959562, "max": 10.262239611000041}, "TPOT": {"unit": "ms", "min": 17.367867819097107, "p50": 46.554972857126224, "p90": 74.92286372361738, "p95": 82.3935563417068, "p99": 87.99337564683516, "max": 89.47238821607453}, "Input Tokens per Minute": {"unit": "tokens/min", "min": 956781.7721518987, "p50": 956781.7721518987, "p90": 956781.7721518987, "p95": 956781.7721518987, "p99": 956781.7721518987, "max": 956781.7721518987}, "Output Tokens per Minute": {"unit": "tokens/min", "min": 47862.278481012654, "p50": 47862.278481012654, "p90": 47862.278481012654, "p95": 47862.278481012654, "p99": 47862.278481012654, "max": 47862.278481012654}}
{"target_qps": 4.0, "actual_qps": 3.9935968474584826, "success_rate": 100.0, "input_tokens": 3754, "output_tokens": 199, "model": "QwQ-32B", "input_tokens_per_minute": 965128.560356935, "output_tokens_per_minute": 51405.05988587065, "slo_seconds": 5.0, "slo_attainment": 0.0, "ttft_slo_ms": 1000, "ttft_slo_attainment": 6.563706563706563, "tpot_slo_ms": 50, "tpot_slo_attainment": 76.44787644787645, "Latency": {"unit": "s", "min": 5.385926891000054, "p50": 11.008082230999207, "p90": 15.694922800600034, "p95": 16.378553218498926, "p99": 20.17044875763988, "max": 22.913782371000707}, "Throughput": {"unit": "tokens/s", "min": 8.728371281605458, "p50": 18.168468930654594, "p90": 25.03021087409114, "p95": 27.11909638717822, "p99": 29.842063206346573, "max": 37.13381262827802}, "TTFT": {"unit": "s", "min": 0.4038509909987624, "p50": 2.5084705619992747, "p90": 5.2473042688001446, "p95": 6.08508431809987, "p99": 9.500923734280066, "max": 14.673275012000886}, "TPOT": {"unit": "ms", "min": 22.270572738695716, "p50": 38.61403526633096, "p90": 64.55603871858987, "p95": 70.75860764622696, "p99": 73.90303251206113, "max": 75.23573928642577}, "Input Tokens per Minute": {"unit": "tokens/min", "min": 965128.560356935, "p50": 965128.560356935, "p90": 965128.560356935, "p95": 965128.560356935, "p99": 965128.560356935, "max": 965128.560356935}, "Output Tokens per Minute": {"unit": "tokens/min", "min": 51405.05988587065, "p50": 51405.05988587065, "p90": 51405.05988587065, "p95": 51405.05988587065, "p99": 51405.05988587065, "max": 51405.05988587065}}
{"target_qps": 4.0, "actual_qps": 3.9999274805148435, "success_rate": 100.0, "input_tokens": 3794, "output_tokens": 198, "model": "QwQ-32B", "input_tokens_per_minute": 937661.5183386864, "output_tokens_per_minute": 49129.45460539068, "slo_seconds": 5.0, "slo_attainment": 0.8032128514056224, "ttft_slo_ms": 1000, "ttft_slo_attainment": 28.915662650602407, "tpot_slo_ms": 50, "tpot_slo_attainment": 53.41365461847389, "Latency": {"unit": "s", "min": 4.157365918999858, "p50": 11.137906617001136, "p90": 20.789773572599735, "p95": 22.28716187980062, "p99": 24.85299388411965, "max": 26.375828639998872}, "Throughput": {"unit": "tokens/s", "min": 7.582700158155431, "p50": 17.68151876761234, "p90": 28.423407861502092, "p95": 29.69479082429621, "p99": 32.64621204094473, "max": 35.0933139112955}, "TTFT": {"unit": "s", "min": 0.06447508200108132, "p50": 1.6478741620012443, "p90": 4.780277176199888, "p95": 5.29317218560027, "p99": 6.550705016680368, "max": 7.787001930999395}, "TPOT": {"unit": "ms", "min": 27.3846298693465, "p50": 45.46379423998587, "p90": 83.15100229749133, "p95": 88.37263423014718, "p99": 106.18779236703075, "max": 109.27824358794113}, "Input Tokens per Minute": {"unit": "tokens/min", "min": 937661.5183386864, "p50": 937661.5183386864, "p90": 937661.5183386864, "p95": 937661.5183386864, "p99": 937661.5183386864, "max": 937661.5183386864}, "Output Tokens per Minute": {"unit": "tokens/min", "min": 49129.45460539068, "p50": 49129.45460539068, "p90": 49129.45460539068, "p95": 49129.45460539068, "p99": 49129.45460539068, "max": 49129.45460539068}}
{"target_qps": 4.0, "actual_qps": 3.9999353895769354, "success_rate": 100.0, "input_tokens": 3617, "output_tokens": 200, "model": "QwQ-32B", "input_tokens_per_minute": 868253.2780082987, "output_tokens_per_minute": 48000.0, "slo_seconds": 5.0, "slo_attainment": 0.0, "ttft_slo_ms": 1000, "ttft_slo_attainment": 73.44398340248964, "tpot_slo_ms": 50, "tpot_slo_attainment": 100.0, "Latency": {"unit": "s", "min": 5.43201985900123, "p50": 7.406296925999413, "p90": 8.984398636999686, "p95": 9.611707071999263, "p99": 10.986167980399475, "max": 11.68764523199934}, "Throughput": {"unit": "tokens/s", "min": 17.112086825875284, "p50": 27.004048311634737, "p90": 30.276466941998745, "p95": 30.944053680245354, "p99": 34.365584539724466, "max": 36.818716645261574}, "TTFT": {"unit": "s", "min": 0.05553677699936088, "p50": 0.6775868120002997, "p90": 1.4070909490001213, "p95": 1.8446397910011, "p99": 2.046608025800742, "max": 2.7122014639990084}, "TPOT": {"unit": "ms", "min": 25.604022165831182, "p50": 33.88578479397113, "p90": 39.82792348241258, "p95": 43.57607451256352, "p99": 48.00871354974748, "max": 49.3054033618068}, "Input Tokens per Minute": {"unit": "tokens/min", "min": 868253.2780082987, "p50": 868253.2780082987, "p90": 868253.2780082987, "p95": 868253.2780082987, "p99": 868253.2780082987, "max": 868253.2780082987}, "Output Tokens per Minute": {"unit": "tokens/min", "min": 48000.0, "p50": 48000.0, "p90": 48000.0, "p95": 48000.0, "p99": 48000.0, "max": 48000.0}}
{"target_qps": 4.0, "actual_qps": 3.999931764630678, "success_rate": 100.0, "input_tokens": 3849, "output_tokens": 199, "model": "QwQ-32B", "input_tokens_per_minute": 958873.3749740893, "output_tokens_per_minute": 49635.58574060428, "slo_seconds": 5.0,