{"target_qps": 5.0, "actual_qps": 4.992706695166362, "success_rate": 100.0, "input_tokens": 4062, "output_tokens": 200, "model": "QwQ-32B", "input_tokens_per_minute": 1218606.7924528301, "output_tokens_per_minute": 60000.0, "slo_seconds": 5.0, "slo_attainment": 0.0, "ttft_slo_ms": 1000, "ttft_slo_attainment": 23.0188679245283, "tpot_slo_ms": 50, "tpot_slo_attainment": 95.84905660377359, "Latency": {"unit": "s", "min": 5.733198364003329, "p50": 9.641888794001716, "p90": 12.849018454598262, "p95": 14.51079186699644, "p99": 17.4055709304387, "max": 18.223486454000522}, "Throughput": {"unit": "tokens/s", "min": 10.974848336778877, "p50": 20.742823763371067, "p90": 28.81308367240817, "p95": 30.654216927229488, "p99": 33.50759239674693, "max": 34.88454215289801}, "TTFT": {"unit": "s", "min": 0.08118169799854513, "p50": 2.1257585079947603, "p90": 4.445771776199399, "p95": 5.224301119799202, "p99": 7.145648462638784, "max": 10.18378212099924}, "TPOT": {"unit": "ms", "min": 21.32851679900213, "p50": 36.39357008039805, "p90": 45.857741974884156, "p95": 49.578863106511214, "p99": 56.160140711356114, "max": 59.14213904018757}, "Input Tokens per Minute": {"unit": "tokens/min", "min": 1218606.7924528301, "p50": 1218606.7924528301, "p90": 1218606.7924528301, "p95": 1218606.7924528301, "p99": 1218606.7924528301, "max": 1218606.7924528301}, "Output Tokens per Minute": {"unit": "tokens/min", "min": 60000.0, "p50": 60000.0, "p90": 60000.0, "p95": 60000.0, "p99": 60000.0, "max": 60000.0}}
{"target_qps": 5.0, "actual_qps": 4.992017502514801, "success_rate": 100.0, "input_tokens": 3888, "output_tokens": 199, "model": "QwQ-32B", "input_tokens_per_minute": 1168635.290952717, "output_tokens_per_minute": 60019.02643273545, "slo_seconds": 5.0, "slo_attainment": 0.33222591362126247, "ttft_slo_ms": 1000, "ttft_slo_attainment": 97.67441860465115, "tpot_slo_ms": 50, "tpot_slo_attainment": 100.0, "Latency": {"unit": "s", "min": 4.7425121320047765, "p50": 7.1949202210016665, "p90": 8.383414372998232, "p95": 8.76688618800108, "p99": 9.26753624399862, "max": 10.21461172200361}, "Throughput": {"unit": "tokens/s", "min": 19.579794655255846, "p50": 27.796965555944254, "p90": 31.704767774394828, "p95": 34.16803251383178, "p99": 36.01794623343968, "max": 37.12152857831492}, "TTFT": {"unit": "s", "min": 0.08861497400357621, "p50": 0.488233374999254, "p90": 0.6961118870021892, "p95": 0.791910382999049, "p99": 1.1465854379930533, "max": 1.5658435650038882}, "TPOT": {"unit": "ms", "min": 24.64351406031061, "p50": 33.954622175893455, "p90": 39.025494522645005, "p95": 40.73114109044367, "p99": 43.72124258795461, "max": 48.060384643243346}, "Input Tokens per Minute": {"unit": "tokens/min", "min": 1168635.290952717, "p50": 1168635.290952717, "p90": 1168635.290952717, "p95": 1168635.290952717, "p99": 1168635.290952717, "max": 1168635.290952717}, "Output Tokens per Minute": {"unit": "tokens/min", "min": 60019.02643273545, "p50": 60019.02643273545, "p90": 60019.02643273545, "p95": 60019.02643273545, "p99": 60019.02643273545, "max": 60019.02643273545}}
{"target_qps": 5.0, "actual_qps": 4.9956992749317015, "success_rate": 100.0, "input_tokens": 4089, "output_tokens": 198, "model": "QwQ-32B", "input_tokens_per_minute": 1226729.1946308725, "output_tokens_per_minute": 59540.93959731544, "slo_seconds": 5.0, "slo_attainment": 1.006711409395973, "ttft_slo_ms": 1000, "ttft_slo_attainment": 98.99328859060402, "tpot_slo_ms": 50, "tpot_slo_attainment": 100.0, "Latency": {"unit": "s", "min": 1.7648261860013008, "p50": 7.45939394349989, "p90": 8.699332892498205, "p95": 8.960828608500378, "p99": 9.501642238780404, "max": 10.161394136004674}, "Throughput": {"unit": "tokens/s", "min": 19.016668897882923, "p50": 26.614687927421823, "p90": 30.78633679991766, "p95": 32.22806401087087, "p99": 35.34143301380164, "max": 36.211912433858224}, "TTFT": {"unit": "s", "min": 0.09253471499687294, "p50": 0.5110007000002952, "p90": 0.665966823900817, "p95": 0.7675589540991493, "p99": 0.9121107795526009, "max": 1.3161198200032231}, "TPOT": {"unit": "ms", "min": 24.705429597998776, "p50": 34.891163781395704, "p90": 40.869942179404404, "p95": 42.24880562061989, "p99": 45.34722330758432, "max": 47.42764413065596}, "Input Tokens per Minute": {"unit": "tokens/min", "min": 1226729.1946308725, "p50": 1226729.1946308725, "p90": 1226729.1946308725, "p95": 1226729.1946308725, "p99": 1226729.1946308725, "max": 1226729.1946308725}, "Output Tokens per Minute": {"unit": "tokens/min", "min": 59540.93959731544, "p50": 59540.93959731544, "p90": 59540.93959731544, "p95": 59540.93959731544, "p99": 59540.93959731544, "max": 59540.93959731544}}
{"target_qps": 5.0, "actual_qps": 4.999911234742619, "success_rate": 100.0, "input_tokens": 3818, "output_tokens": 199, "model": "QwQ-32B", "input_tokens_per_minute": 1145483.8383838383, "output_tokens_per_minute": 59882.82828282828, "slo_seconds": 5.0, "slo_attainment": 0.33670033670033667, "ttft_slo_ms": 1000, "ttft_slo_attainment": 100.0, "tpot_slo_ms": 50, "tpot_slo_attainment": 100.0, "Latency": {"unit": "s", "min": 4.784070893998432, "p50": 7.0321871240012115, "p90": 7.991873184198631, "p95": 8.431424364601844, "p99": 8.883648823962732, "max": 9.380373191997933}, "Throughput": {"unit": "tokens/s", "min": 21.321113340204096, "p50": 28.44008884458218, "p90": 34.28361887270534, "p95": 36.046799215009656, "p99": 37.515344983354666, "max": 39.40061219804807}, "TTFT": {"unit": "s", "min": 0.06376026699581416, "p50": 0.3508365380039322, "p90": 0.5148293056001422, "p95": 0.556624652595201, "p99": 0.6274440840387258, "max": 0.6880805269975099}, "TPOT": {"unit": "ms", "min": 24.4876832814098, "p50": 33.43403337188574, "p90": 38.22182066733926, "p95": 39.92620632461922, "p99": 41.553309044424005, "max": 44.250573447247945}, "Input Tokens per Minute": {"unit": "tokens/min", "min": 1145483.8383838383, "p50": 1145483.8383838383, "p90": 1145483.8383838383, "p95": 1145483.8383838383, "p99": 1145483.8383838383, "max": 1145483.8383838383}, "Output Tokens per Minute": {"unit": "tokens/min", "min": 59882.82828282828, "p50": 59882.82828282828, "p90": 59882.82828282828, "p95": 59882.82828282828, "p99": 59882.82828282828, "max": 59882.82828282828}}
{"target_qps": 5.0, "actual_qps": 4.999883475798814, "success_rate": 100.0, "input_tokens": 4050, "output_tokens": 198, "model": "QwQ-32B", "input_tokens_per_minute": 1229531.9140623945, "output_tokens_per_minute": 60222.70074683806, "slo_seconds": 5.0, "slo_attainment": 3.289473684210526, "ttft_slo_ms": 1000, "ttft_slo_attainment": 100.0, "tpot_slo_ms": 50, "tpot_slo_attainment": 100.0, "Latency": {"unit": "s", "min": 1.410120726999594, "p50": 7.394482302497636, "p90": 8.680066808396806, "p95": 8.901565463298901, "p99": 9.345991023280511, "max": 9.489472803004901}, "Throughput": {"unit": "tokens/s", "min": 21.075986427472426, "p50": 27.0472433083927, "p90": 32.83081293122907, "p95": 36.56475576516844, "p99": 41.54831847847715, "max": 43.100556172825854}, "TTFT": {"unit": "s", "min": 0.06149224200635217, "p50": 0.38685781349704484, "p90": 0.49985461089745514, "p95": 0.5094116583964932, "p99": 0.5419908412131916, "max": 0.588132017001044}, "TPOT": {"unit": "ms", "min": 22.662881474934693, "p50": 35.134030748735654, "p90": 41.42519535776388, "p95": 42.51685710704298, "p99": 44.497453009368364, "max": 45.36873907036992}, "Input Tokens per Minute": {"unit": "tokens/min", "min": 1229531.9140623945, "p50": 1229531.9140623945, "p90": 1229531.9140623945, "p95": 1229531.9140623945, "p99": 1229531.9140623945, "max": 1229531.9140623945}, "Output Tokens per Minute": {"unit": "tokens/min", "min": 60222.70074683806, "p50": 60222.70074683806, "p90": 60222.70074683806, "p95": 60222.70074683806, "p99": 60222.70074683806, "max": 60222.70074683806}}
