{"actual_qps": 2.266275817657881, "success_rate": 100.0, "input_tokens": 4019, "output_tokens": 200, "model": "QwQ-32B", "input_tokens_per_minute": 471279.9389804526, "output_tokens_per_minute": 23451.028026198943, "slo_seconds": 5.0, "slo_attainment": 8.403361344537815, "ttft_slo_ms": 1000, "ttft_slo_attainment": 43.69747899159664, "tpot_slo_ms": 50, "tpot_slo_attainment": 100.0, "Latency": {"unit": "s", "min": 3.7552414310011955, "p50": 7.045849754000301, "p90": 13.604523429599794, "p95": 13.94432859689914, "p99": 14.551543145419854, "max": 24.004891868000414}, "Throughput": {"unit": "tokens/s", "min": 8.331635114199738, "p50": 28.385504514405724, "p90": 39.6646495778418, "p95": 42.75372861316524, "p99": 46.56536513615613, "max": 53.258892583819154}, "TTFT": {"unit": "s", "min": 0.07367166499898303, "p50": 1.6383737819996895, "p90": 5.278229123599521, "p95": 5.589966946799723, "p99": 6.4644157186202555, "max": 14.998995460000515}, "TPOT": {"unit": "ms", "min": 17.572193035183357, "p50": 28.93735451256197, "p90": 43.36717421306207, "p95": 44.12500975326404, "p99": 46.27650254301667, "max": 46.82294675376625}, "Input Tokens per Minute": {"unit": "tokens/min", "min": 471279.9389804526, "p50": 471279.9389804526, "p90": 471279.9389804526, "p95": 471279.9389804526, "p99": 471279.9389804526, "max": 471279.9389804526}, "Output Tokens per Minute": {"unit": "tokens/min", "min": 23451.028026198943, "p50": 23451.028026198943, "p90": 23451.028026198943, "p95": 23451.028026198943, "p99": 23451.028026198943, "max": 23451.028026198943}}
{"actual_qps": 1.8765284867112397, "success_rate": 100.0, "input_tokens": 4084, "output_tokens": 199, "model": "QwQ-32B", "input_tokens_per_minute": 495040.3629226274, "output_tokens_per_minute": 24132.88144612036, "slo_seconds": 5.0, "slo_attainment": 36.58536585365854, "ttft_slo_ms": 1000, "ttft_slo_attainment": 97.5609756097561, "tpot_slo_ms": 50, "tpot_slo_attainment": 100.0, "Latency": {"unit": "s", "min": 2.3798494000002393, "p50": 5.254190132998701, "p90": 6.073830938800529, "p95": 6.423846648701327, "p99": 6.582164719040702, "max": 6.716979654998795}, "Throughput": {"unit": "tokens/s", "min": 29.775287446517638, "p50": 38.06485774922935, "p90": 44.50776035158545, "p95": 46.76383224157016, "p99": 51.435161440469926, "max": 51.80313607909105}, "TTFT": {"unit": "s", "min": 0.07051792200036289, "p50": 0.48783859300056065, "p90": 0.7182585685997763, "p95": 0.7601740631995199, "p99": 1.1091508961591536, "max": 1.356651211001008}, "TPOT": {"unit": "ms", "min": 17.53888879900284, "p50": 24.18722112562689, "p90": 27.816057798998774, "p95": 29.257247706538973, "p99": 30.272848916784415, "max": 30.992885291453973}, "Input Tokens per Minute": {"unit": "tokens/min", "min": 495040.3629226274, "p50": 495040.3629226274, "p90": 495040.3629226274, "p95": 495040.3629226274, "p99": 495040.3629226274, "max": 495040.3629226274}, "Output Tokens per Minute": {"unit": "tokens/min", "min": 24132.88144612036, "p50": 24132.88144612036, "p90": 24132.88144612036, "p95": 24132.88144612036, "p99": 24132.88144612036, "max": 24132.88144612036}}
{"actual_qps": 1.8374272103196454, "success_rate": 100.0, "input_tokens": 4098, "output_tokens": 198, "model": "QwQ-32B", "input_tokens_per_minute": 439692.0659734672, "output_tokens_per_minute": 21319.733543739214, "slo_seconds": 5.0, "slo_attainment": 39.44954128440367, "ttft_slo_ms": 1000, "ttft_slo_attainment": 98.1651376146789, "tpot_slo_ms": 50, "tpot_slo_attainment": 100.0, "Latency": {"unit": "s", "min": 1.6945791180005472, "p50": 5.107961644998795, "p90": 6.2130614014004095, "p95": 6.353076911399694, "p99": 6.702683342558885, "max": 6.784700518001046}, "Throughput": {"unit": "tokens/s", "min": 29.478088158698174, "p50": 38.95448224882541, "p90": 45.79351127412496, "p95": 47.506060175503066, "p99": 49.562135922541536, "max": 51.095099514145865}, "TTFT": {"unit": "s", "min": 0.08889802699923166, "p50": 0.4338975280006707, "p90": 0.6056432965993735, "p95": 0.6586914066007011, "p99": 1.068175735280748, "max": 1.3013583579995611}, "TPOT": {"unit": "ms", "min": 18.872609361805093, "p50": 23.680128623120034, "p90": 28.976206042208297, "p95": 29.490108061306167, "p99": 30.89707389447151, "max": 32.93025722110661}, "Input Tokens per Minute": {"unit": "tokens/min", "min": 439692.0659734672, "p50": 439692.0659734672, "p90": 439692.0659734672, "p95": 439692.0659734672, "p99": 439692.0659734672, "max": 439692.0659734672}, "Output Tokens per Minute": {"unit": "tokens/min", "min": 21319.733543739214, "p50": 21319.733543739214, "p90": 21319.733543739214, "p95": 21319.733543739214, "p99": 21319.733543739214, "max": 21319.733543739214}}
{"actual_qps": 1.822608378587733, "success_rate": 100.0, "input_tokens": 4247, "output_tokens": 199, "model": "QwQ-32B", "input_tokens_per_minute": 505624.79053227155, "output_tokens_per_minute": 23714.87698263313, "slo_seconds": 5.0, "slo_attainment": 37.39837398373984, "ttft_slo_ms": 1000, "ttft_slo_attainment": 99.1869918699187, "tpot_slo_ms": 50, "tpot_slo_attainment": 100.0, "Latency": {"unit": "s", "min": 2.889172998999129, "p50": 5.227426138999363, "p90": 6.38564403220007, "p95": 6.6794898404003105, "p99": 7.3837151534005905, "max": 7.715075017000345}, "Throughput": {"unit": "tokens/s", "min": 25.923273533866542, "p50": 38.24440678341664, "p90": 43.67903605632334, "p95": 46.24284085615417, "p99": 50.03749238748816, "max": 51.138812020303}, "TTFT": {"unit": "s", "min": 0.038245990999712376, "p50": 0.45089890800045396, "p90": 0.5786455069996009, "p95": 0.6310804638000264, "p99": 0.7409860050800126, "max": 1.0770404869999766}, "TPOT": {"unit": "ms", "min": 18.25810140200985, "p50": 24.368672391958274, "p90": 29.65595599497322, "p95": 30.927591498497826, "p99": 34.83501291266531, "max": 36.41493359296033}, "Input Tokens per Minute": {"unit": "tokens/min", "min": 505624.79053227155, "p50": 505624.79053227155, "p90": 505624.79053227155, "p95": 505624.79053227155, "p99": 505624.79053227155, "max": 505624.79053227155}, "Output Tokens per Minute": {"unit": "tokens/min", "min": 23714.87698263313, "p50": 23714.87698263313, "p90": 23714.87698263313, "p95": 23714.87698263313, "p99": 23714.87698263313, "max": 23714.87698263313}}
{"actual_qps": 2.147567575914816, "success_rate": 100.0, "input_tokens": 4003, "output_tokens": 200, "model": "QwQ-32B", "input_tokens_per_minute": 484313.82109605183, "output_tokens_per_minute": 24193.91652992566, "slo_seconds": 5.0, "slo_attainment": 38.4, "ttft_slo_ms": 1000, "ttft_slo_attainment": 100.0, "tpot_slo_ms": 50, "tpot_slo_attainment": 100.0, "Latency": {"unit": "s", "min": 3.844531917000495, "p50": 5.383298834000016, "p90": 6.152268781999737, "p95": 6.570969019399127, "p99": 6.971421076160113, "max": 6.9863062469994475}, "Throughput": {"unit": "tokens/s", "min": 28.62743099558484, "p50": 37.15194087625852, "p90": 43.596009434464854, "p95": 44.79319896411691, "p99": 47.87333730858317, "max": 52.02193773333011}, "TTFT": {"unit": "s", "min": 0.042424662000485114, "p50": 0.3770930339996994, "p90": 0.5213724152003125, "p95": 0.5751991066004848, "p99": 0.6593359389196849, "max": 0.8735411249999743}, "TPOT": {"unit": "ms", "min": 18.63847407537778, "p50": 24.764379804015224, "p90": 29.286599433164074, "p95": 30.80524337889238, "p99": 32.331982412058956, "max": 32.59085521105461}, "Input Tokens per Minute": {"unit": "tokens/min", "min": 484313.82109605183, "p50": 484313.82109605183, "p90": 484313.82109605183, "p95": 484313.82109605183, "p99": 484313.82109605183, "max": 484313.82109605183}, "Output Tokens per Minute": {"unit": "tokens/min", "min": 24193.91652992566, "p50": 24193.91652992566, "p90": 24193.91652992566, "p95": 24193.91652992566, "p99": 24193.91652992566, "max": 24193.91652992566}}
{"actual_qps": 1.9016482340937426, "success_rate": 100.0, "input_tokens": 3916, "output_tokens": 199, "model": "QwQ-32B", "input_tokens_per_minute": 424474.52346425614, "output_tokens_per_minute": 21623.554837786356, "slo_seconds": 5.0, "slo_attainment": 50.0,