{"actual_qps": 5.768668728044641, "success_rate": 100.0, "input_tokens": 4030, "output_tokens": 199, "model": "QwQ-32B", "input_tokens_per_minute": 997637.5142169142, "output_tokens_per_minute": 49294.999951273785, "slo_seconds": 5.0, "slo_attainment": 0.0, "ttft_slo_ms": 1000, "ttft_slo_attainment": 0.0, "tpot_slo_ms": 50, "tpot_slo_attainment": 35.0597609561753, "Latency": {"unit": "s", "min": 7.8235244959942065, "p50": 16.452813292002247, "p90": 27.851562062001904, "p95": 32.19740329600245, "p99": 35.36323335449924, "max": 36.27764644000126}, "Throughput": {"unit": "tokens/s", "min": 4.218047763114518, "p50": 12.154025380679032, "p90": 15.406039190992216, "p95": 16.812578768371083, "p99": 19.277545529100664, "max": 24.696581504129995}, "TTFT": {"unit": "s", "min": 2.148903606001113, "p50": 6.1908584690027055, "p90": 15.239746801002184, "p95": 19.382293669998035, "p99": 23.237682033006422, "max": 26.745944381997106}, "TPOT": {"unit": "ms", "min": 22.945154256276005, "p50": 56.07203095977314, "p90": 72.76350614573396, "p95": 74.97164235930322, "p99": 85.25675379898722, "max": 135.67080112488838}, "Input Tokens per Minute": {"unit": "tokens/min", "min": 997637.5142169142, "p50": 997637.5142169142, "p90": 997637.5142169142, "p95": 997637.5142169142, "p99": 997637.5142169142, "max": 997637.5142169142}, "Output Tokens per Minute": {"unit": "tokens/min", "min": 49294.999951273785, "p50": 49294.999951273785, "p90": 49294.999951273785, "p95": 49294.999951273785, "p99": 49294.999951273785, "max": 49294.999951273785}}
{"actual_qps": 4.527439286054608, "success_rate": 100.0, "input_tokens": 3922, "output_tokens": 198, "model": "QwQ-32B", "input_tokens_per_minute": 1245416.1344960993, "output_tokens_per_minute": 63131.91612083317, "slo_seconds": 5.0, "slo_attainment": 0.3105590062111801, "ttft_slo_ms": 1000, "ttft_slo_attainment": 14.596273291925465, "tpot_slo_ms": 50, "tpot_slo_attainment": 75.77639751552795, "Latency": {"unit": "s", "min": 4.312342017001356, "p50": 10.03393415300161, "p90": 18.706360282102832, "p95": 20.41055538024848, "p99": 22.67186898487096, "max": 23.42819494500145}, "Throughput": {"unit": "tokens/s", "min": 6.561630651511978, "p50": 19.883549765249445, "p90": 26.873856471298744, "p95": 29.47936744001174, "p99": 36.43384113040761, "max": 38.65273362115295}, "TTFT": {"unit": "s", "min": 0.3663511120030307, "p50": 2.453487112001312, "p90": 6.611352903603256, "p95": 7.969500209498436, "p99": 11.798867819381131, "max": 13.54298641999776}, "TPOT": {"unit": "ms", "min": 22.62667590954362, "p50": 38.23600870353988, "p90": 61.77195910001396, "p95": 66.9901744859528, "p99": 79.99339906257917, "max": 84.50438849747604}, "Input Tokens per Minute": {"unit": "tokens/min", "min": 1245416.1344960993, "p50": 1245416.1344960993, "p90": 1245416.1344960993, "p95": 1245416.1344960993, "p99": 1245416.1344960993, "max": 1245416.1344960993}, "Output Tokens per Minute": {"unit": "tokens/min", "min": 63131.91612083317, "p50": 63131.91612083317, "p90": 63131.91612083317, "p95": 63131.91612083317, "p99": 63131.91612083317, "max": 63131.91612083317}}
{"actual_qps": 4.787133570840204, "success_rate": 100.0, "input_tokens": 4114, "output_tokens": 200, "model": "QwQ-32B", "input_tokens_per_minute": 1026595.2451344798, "output_tokens_per_minute": 49896.51925453998, "slo_seconds": 5.0, "slo_attainment": 0.0, "ttft_slo_ms": 1000, "ttft_slo_attainment": 11.857707509881422, "tpot_slo_ms": 50, "tpot_slo_attainment": 76.6798418972332, "Latency": {"unit": "s", "min": 5.161613431002479, "p50": 10.967828620996443, "p90": 17.452151022403267, "p95": 19.47956451859936, "p99": 21.317150021479172, "max": 23.01089043700631}, "Throughput": {"unit": "tokens/s", "min": 8.691536755064389, "p50": 18.235149992873403, "p90": 26.84367102047189, "p95": 29.868685055436057, "p99": 33.00868142264207, "max": 38.74757431440509}, "TTFT": {"unit": "s", "min": 0.11498810599732678, "p50": 2.5184085450018756, "p90": 6.570872692800186, "p95": 8.230124473602332, "p99": 10.975961723920461, "max": 15.098180622000655}, "TPOT": {"unit": "ms", "min": 19.42433949246074, "p50": 37.54151055777835, "p90": 76.4259850703652, "p95": 84.46222664220912, "p99": 92.41932092259061, "max": 95.30338838192793}, "Input Tokens per Minute": {"unit": "tokens/min", "min": 1026595.2451344798, "p50": 1026595.2451344798, "p90": 1026595.2451344798, "p95": 1026595.2451344798, "p99": 1026595.2451344798, "max": 1026595.2451344798}, "Output Tokens per Minute": {"unit": "tokens/min", "min": 49896.51925453998, "p50": 49896.51925453998, "p90": 49896.51925453998, "p95": 49896.51925453998, "p99": 49896.51925453998, "max": 49896.51925453998}}
{"actual_qps": 4.754115825250818, "success_rate": 100.0, "input_tokens": 3990, "output_tokens": 198, "model": "QwQ-32B", "input_tokens_per_minute": 1334449.1644924982, "output_tokens_per_minute": 66476.30977939683, "slo_seconds": 5.0, "slo_attainment": 0.29411764705882354, "ttft_slo_ms": 1000, "ttft_slo_attainment": 11.470588235294118, "tpot_slo_ms": 50, "tpot_slo_attainment": 50.588235294117645, "Latency": {"unit": "s", "min": 3.2516779680008767, "p50": 13.756107540499215, "p90": 19.182530364697598, "p95": 21.40895541494356, "p99": 23.266281081993004, "max": 23.91531756999757}, "Throughput": {"unit": "tokens/s", "min": 4.173530714026592, "p50": 14.520425160673698, "p90": 21.540958282551188, "p95": 22.875996836931478, "p99": 26.0130214914523, "max": 28.166268761911827}, "TTFT": {"unit": "s", "min": 0.20143442699918523, "p50": 2.413125613999, "p90": 7.369873415501935, "p95": 8.959093847301483, "p99": 12.202359033566976, "max": 16.30603474000236}, "TPOT": {"unit": "ms", "min": 29.793407879417337, "p50": 49.86228989952024, "p90": 77.6019858653191, "p95": 86.19367746726113, "p99": 102.56134625275438, "max": 103.54769744723245}, "Input Tokens per Minute": {"unit": "tokens/min", "min": 1334449.1644924982, "p50": 1334449.1644924982, "p90": 1334449.1644924982, "p95": 1334449.1644924982, "p99": 1334449.1644924982, "max": 1334449.1644924982}, "Output Tokens per Minute": {"unit": "tokens/min", "min": 66476.30977939683, "p50": 66476.30977939683, "p90": 66476.30977939683, "p95": 66476.30977939683, "p99": 66476.30977939683, "max": 66476.30977939683}}
{"actual_qps": 5.524627683311363, "success_rate": 100.0, "input_tokens": 3901, "output_tokens": 199, "model": "QwQ-32B", "input_tokens_per_minute": 1250983.9398440532, "output_tokens_per_minute": 63964.169403322914, "slo_seconds": 5.0, "slo_attainment": 0.0, "ttft_slo_ms": 1000, "ttft_slo_attainment": 28.22085889570552, "tpot_slo_ms": 50, "tpot_slo_attainment": 87.42331288343557, "Latency": {"unit": "s", "min": 6.368031008998514, "p50": 9.523633926997718, "p90": 15.30528148400117, "p95": 21.5326476477494, "p99": 23.51333819800311, "max": 24.401943698998366}, "Throughput": {"unit": "tokens/s", "min": 7.899796339960383, "p50": 20.959058084369886, "p90": 26.11578134412673, "p95": 27.18218963009096, "p99": 29.548385779600956, "max": 31.40688223995529}, "TTFT": {"unit": "s", "min": 0.10499610500119161, "p50": 1.495345550501952, "p90": 3.2333094224995875, "p95": 3.7383341622498847, "p99": 4.585955720747734, "max": 5.952051359003235}, "TPOT": {"unit": "ms", "min": 26.36605736181045, "p50": 39.38297694724465, "p90": 72.76434356532975, "p95": 92.77173575628237, "p99": 106.33538730780398, "max": 111.79046052762972}, "Input Tokens per Minute": {"unit": "tokens/min", "min": 1250983.9398440532, "p50": 1250983.9398440532, "p90": 1250983.9398440532, "p95": 1250983.9398440532, "p99": 1250983.9398440532, "max": 1250983.9398440532}, "Output Tokens per Minute": {"unit": "tokens/min", "min": 63964.169403322914, "p50": 63964.169403322914, "p90": 63964.169403322914, "p95": 63964.169403322914, "p99": 63964.169403322914, "max": 63964.169403322914}}
{"actual_qps": 4.672261194186438, "success_rate": 100.0, "input_tokens": 3977, "output_tokens": 200, "model": "QwQ-32B", "input_tokens_per_minute": 1138543.5267859038, "output_tokens_per_minute": 57246.11193715814, "slo_seconds": 5.0,