{"actual_qps": 5.319926616271191, "success_rate": 100.0, "input_tokens": 3878, "output_tokens": 198, "model": "QwQ-32B", "input_tokens_per_minute": 888158.774714454, "output_tokens_per_minute": 45499.25063855244, "slo_seconds": 5.0, "slo_attainment": 0.8658008658008658, "ttft_slo_ms": 1000, "ttft_slo_attainment": 0.0, "tpot_slo_ms": 50, "tpot_slo_attainment": 77.48917748917748, "Latency": {"unit": "s", "min": 4.016257775001577, "p50": 11.427350134996232, "p90": 16.8603561839991, "p95": 18.633535325003322, "p99": 21.606051067500804, "max": 23.140747193996503}, "Throughput": {"unit": "tokens/s", "min": 8.642763274812786, "p50": 17.500700462468817, "p90": 22.71258237352718, "p95": 26.21153535607199, "p99": 29.204667855629122, "max": 30.29726014392879}, "TTFT": {"unit": "s", "min": 1.0068876639998052, "p50": 3.6168461490015034, "p90": 5.976143191001029, "p95": 7.089347991503018, "p99": 10.498839095499699, "max": 11.752713800000492}, "TPOT": {"unit": "ms", "min": 16.763853708538928, "p50": 39.438682120597875, "p90": 59.83128994470024, "p95": 65.53285478392482, "p99": 71.1785069175694, "max": 75.36004818591287}, "Input Tokens per Minute": {"unit": "tokens/min", "min": 888158.774714454, "p50": 888158.774714454, "p90": 888158.774714454, "p95": 888158.774714454, "p99": 888158.774714454, "max": 888158.774714454}, "Output Tokens per Minute": {"unit": "tokens/min", "min": 45499.25063855244, "p50": 45499.25063855244, "p90": 45499.25063855244, "p95": 45499.25063855244, "p99": 45499.25063855244, "max": 45499.25063855244}}
{"actual_qps": 5.117803743413852, "success_rate": 100.0, "input_tokens": 3972, "output_tokens": 199, "model": "QwQ-32B", "input_tokens_per_minute": 1255122.5477617069, "output_tokens_per_minute": 63088.65255905257, "slo_seconds": 5.0, "slo_attainment": 0.0, "ttft_slo_ms": 1000, "ttft_slo_attainment": 5.015673981191222, "tpot_slo_ms": 50, "tpot_slo_attainment": 79.9373040752351, "Latency": {"unit": "s", "min": 5.931986045994563, "p50": 11.238955729000736, "p90": 19.424315371396368, "p95": 22.06574837310036, "p99": 24.922519719919798, "max": 26.898397785997076}, "Throughput": {"unit": "tokens/s", "min": 7.435387103395324, "p50": 17.776669872503515, "p90": 24.000323281695415, "p95": 25.138347811242003, "p99": 29.794929351708724, "max": 33.71552098222574}, "TTFT": {"unit": "s", "min": 0.3212742219984648, "p50": 3.2681483659980586, "p90": 8.476091999802156, "p95": 10.41945231410571, "p99": 14.343231367358966, "max": 18.406627762000426}, "TPOT": {"unit": "ms", "min": 19.714653999974658, "p50": 40.14955321608384, "p90": 59.14163571655465, "p95": 64.95233414521793, "p99": 78.6828966720646, "max": 85.5053312311314}, "Input Tokens per Minute": {"unit": "tokens/min", "min": 1255122.5477617069, "p50": 1255122.5477617069, "p90": 1255122.5477617069, "p95": 1255122.5477617069, "p99": 1255122.5477617069, "max": 1255122.5477617069}, "Output Tokens per Minute": {"unit": "tokens/min", "min": 63088.65255905257, "p50": 63088.65255905257, "p90": 63088.65255905257, "p95": 63088.65255905257, "p99": 63088.65255905257, "max": 63088.65255905257}}
{"actual_qps": 5.1893243461415315, "success_rate": 100.0, "input_tokens": 3992, "output_tokens": 198, "model": "QwQ-32B", "input_tokens_per_minute": 1095385.6573222736, "output_tokens_per_minute": 54564.042426958455, "slo_seconds": 5.0, "slo_attainment": 0.0, "ttft_slo_ms": 1000, "ttft_slo_attainment": 9.386281588447654, "tpot_slo_ms": 50, "tpot_slo_attainment": 90.97472924187726, "Latency": {"unit": "s", "min": 5.328453722999257, "p50": 10.302728518996446, "p90": 15.16568500839785, "p95": 16.253353284603506, "p99": 17.05981553504011, "max": 19.07765078099328}, "Throughput": {"unit": "tokens/s", "min": 2.906219791483591, "p50": 19.369052542055428, "p90": 26.99573416932056, "p95": 28.58315058440336, "p99": 32.75629270860804, "max": 37.534341179831976}, "TTFT": {"unit": "s", "min": 0.1705372099968372, "p50": 2.8019591420015786, "p90": 6.560113573398849, "p95": 7.869021862403312, "p99": 9.447970692279341, "max": 10.824090223002713}, "TPOT": {"unit": "ms", "min": 18.79634512563519, "p50": 35.6825335527435, "p90": 48.660997804032, "p95": 56.630855106540075, "p99": 64.41909358714007, "max": 110.60023988230729}, "Input Tokens per Minute": {"unit": "tokens/min", "min": 1095385.6573222736, "p50": 1095385.6573222736, "p90": 1095385.6573222736, "p95": 1095385.6573222736, "p99": 1095385.6573222736, "max": 1095385.6573222736}, "Output Tokens per Minute": {"unit": "tokens/min", "min": 54564.042426958455, "p50": 54564.042426958455, "p90": 54564.042426958455, "p95": 54564.042426958455, "p99": 54564.042426958455, "max": 54564.042426958455}}
{"actual_qps": 5.085714745165633, "success_rate": 100.0, "input_tokens": 4034, "output_tokens": 199, "model": "QwQ-32B", "input_tokens_per_minute": 1469250.1935638313, "output_tokens_per_minute": 72561.00932025093, "slo_seconds": 5.0, "slo_attainment": 0.0, "ttft_slo_ms": 1000, "ttft_slo_attainment": 19.18918918918919, "tpot_slo_ms": 50, "tpot_slo_attainment": 35.67567567567568, "Latency": {"unit": "s", "min": 7.124780042999191, "p50": 13.873685159502202, "p90": 20.478917030197046, "p95": 22.192829204848753, "p99": 26.863583244650364, "max": 29.007966459997988}, "Throughput": {"unit": "tokens/s", "min": 6.538467283995324, "p50": 14.393539237458828, "p90": 21.908042472700245, "p95": 23.42052716438229, "p99": 25.837991058994344, "max": 27.36244626144003}, "TTFT": {"unit": "s", "min": 0.11350633000256494, "p50": 2.492597176500567, "p90": 6.022005249900395, "p95": 7.347412419900502, "p99": 11.54495951081961, "max": 13.302725002999068}, "TPOT": {"unit": "ms", "min": 33.72347991458425, "p50": 55.111457012576494, "p90": 79.06764222211883, "p95": 88.8160315165833, "p99": 103.78254476768568, "max": 109.26977259798113}, "Input Tokens per Minute": {"unit": "tokens/min", "min": 1469250.1935638313, "p50": 1469250.1935638313, "p90": 1469250.1935638313, "p95": 1469250.1935638313, "p99": 1469250.1935638313, "max": 1469250.1935638313}, "Output Tokens per Minute": {"unit": "tokens/min", "min": 72561.00932025093, "p50": 72561.00932025093, "p90": 72561.00932025093, "p95": 72561.00932025093, "p99": 72561.00932025093, "max": 72561.00932025093}}
{"actual_qps": 5.033303291140147, "success_rate": 100.0, "input_tokens": 4040, "output_tokens": 199, "model": "QwQ-32B", "input_tokens_per_minute": 1228813.3497225787, "output_tokens_per_minute": 60634.84418752316, "slo_seconds": 5.0, "slo_attainment": 0.3236245954692557, "ttft_slo_ms": 1000, "ttft_slo_attainment": 57.28155339805825, "tpot_slo_ms": 50, "tpot_slo_attainment": 89.64401294498381, "Latency": {"unit": "s", "min": 4.8723695860026055, "p50": 8.758110265000141, "p90": 11.493660793195886, "p95": 12.07438671100098, "p99": 14.046467836198579, "max": 21.443786575997365}, "Throughput": {"unit": "tokens/s", "min": 9.326710993470979, "p50": 22.755689799971226, "p90": 27.575345108812275, "p95": 28.832820348380785, "p99": 32.3902522854652, "max": 34.32399140649562}, "TTFT": {"unit": "s", "min": 0.07687515200086636, "p50": 0.8627477529953467, "p90": 1.8051404876037849, "p95": 2.037289897399023, "p99": 3.230820047438617, "max": 3.8719882919976953}, "TPOT": {"unit": "ms", "min": 24.627019422132893, "p50": 38.93786176381605, "p90": 50.08577280402172, "p95": 53.22800563718836, "p99": 66.5618620860279, "max": 100.40392295977928}, "Input Tokens per Minute": {"unit": "tokens/min", "min": 1228813.3497225787, "p50": 1228813.3497225787, "p90": 1228813.3497225787, "p95": 1228813.3497225787, "p99": 1228813.3497225787, "max": 1228813.3497225787}, "Output Tokens per Minute": {"unit": "tokens/min", "min": 60634.84418752316, "p50": 60634.84418752316, "p90": 60634.84418752316, "p95": 60634.84418752316, "p99": 60634.84418752316, "max": 60634.84418752316}}
{"actual_qps": 5.316660016588047, "success_rate": 100.0, "input_tokens": 3987, "output_tokens": 199, "model": "QwQ-32B", "input_tokens_per_minute": 1259988.1248891866, "output_tokens_per_minute": 62988.38172733432, "slo_seconds": 5.0,