{"actual_qps": 5.355114106506683, "success_rate": 100.0, "input_tokens": 3841, "output_tokens": 200, "model": "QwQ-32B", "input_tokens_per_minute": 775792.8937145274, "output_tokens_per_minute": 40387.17635743121, "slo_seconds": 5.0, "slo_attainment": 0.0, "ttft_slo_ms": 1000, "ttft_slo_attainment": 2.955665024630542, "tpot_slo_ms": 50, "tpot_slo_attainment": 49.26108374384236, "Latency": {"unit": "s", "min": 8.827803608000977, "p50": 16.891831638997246, "p90": 26.709090077804284, "p95": 28.78333862760337, "p99": 32.70806166176102, "max": 33.725425920994894}, "Throughput": {"unit": "tokens/s", "min": 5.930243860181916, "p50": 11.840042233091582, "p90": 17.801781478530547, "p95": 19.6998299929749, "p99": 21.693411773606176, "max": 22.65569204764958}, "TTFT": {"unit": "s", "min": 0.5136716579945642, "p50": 7.4196313159991405, "p90": 12.562457397399703, "p95": 15.790987992900032, "p99": 18.14117711123879, "max": 18.25671518300078}, "TPOT": {"unit": "ms", "min": 23.830104396963986, "p50": 50.72327662309358, "p90": 81.39427960805693, "p95": 85.03681544019096, "p99": 89.0304408219095, "max": 93.02321211557751}, "Input Tokens per Minute": {"unit": "tokens/min", "min": 775792.8937145274, "p50": 775792.8937145274, "p90": 775792.8937145274, "p95": 775792.8937145274, "p99": 775792.8937145274, "max": 775792.8937145274}, "Output Tokens per Minute": {"unit": "tokens/min", "min": 40387.17635743121, "p50": 40387.17635743121, "p90": 40387.17635743121, "p95": 40387.17635743121, "p99": 40387.17635743121, "max": 40387.17635743121}}
{"actual_qps": 5.34002386201249, "success_rate": 100.0, "input_tokens": 3865, "output_tokens": 200, "model": "QwQ-32B", "input_tokens_per_minute": 1104613.9149386142, "output_tokens_per_minute": 57147.623786449454, "slo_seconds": 5.0, "slo_attainment": 0.0, "ttft_slo_ms": 1000, "ttft_slo_attainment": 0.0, "tpot_slo_ms": 50, "tpot_slo_attainment": 73.77049180327869, "Latency": {"unit": "s", "min": 7.417527937999694, "p50": 17.061328792995482, "p90": 27.743666314000446, "p95": 30.741136277798798, "p99": 38.624098798483, "max": 44.11655581300147}, "Throughput": {"unit": "tokens/s", "min": 4.53344546767766, "p50": 11.722416373694754, "p90": 16.800797401921955, "p95": 18.696938959138794, "p99": 24.19013217215011, "max": 26.963160998074322}, "TTFT": {"unit": "s", "min": 1.3666695740030264, "p50": 8.56714198300324, "p90": 18.856613821402426, "p95": 23.23204973660032, "p99": 31.47953556247839, "max": 34.853497325006174}, "TPOT": {"unit": "ms", "min": 19.787318773862225, "p50": 37.68431500501167, "p90": 65.3890718723429, "p95": 71.4730809899366, "p99": 81.61794674571662, "max": 82.79061100002403}, "Input Tokens per Minute": {"unit": "tokens/min", "min": 1104613.9149386142, "p50": 1104613.9149386142, "p90": 1104613.9149386142, "p95": 1104613.9149386142, "p99": 1104613.9149386142, "max": 1104613.9149386142}, "Output Tokens per Minute": {"unit": "tokens/min", "min": 57147.623786449454, "p50": 57147.623786449454, "p90": 57147.623786449454, "p95": 57147.623786449454, "p99": 57147.623786449454, "max": 57147.623786449454}}
{"actual_qps": 5.702894158621645, "success_rate": 89.82558139534885, "input_tokens": 3745, "output_tokens": 199, "model": "QwQ-32B", "input_tokens_per_minute": 1084180.360472938, "output_tokens_per_minute": 57785.61611101621, "slo_seconds": 5.0, "slo_attainment": 0.0, "ttft_slo_ms": 1000, "ttft_slo_attainment": 0.29069767441860467, "tpot_slo_ms": 50, "tpot_slo_attainment": 17.441860465116278, "Latency": {"unit": "s", "min": 13.459792170993751, "p50": 32.177877722999256, "p90": 57.551859802598486, "p95": 71.44054130040168, "p99": 78.37006590164006, "max": 93.55358723300014}, "Throughput": {"unit": "tokens/s", "min": 2.137812198498487, "p50": 6.214845417320999, "p90": 9.544938953822617, "p95": 11.080352098902827, "p99": 13.700457677740085, "max": 14.85907044174173}, "TTFT": {"unit": "s", "min": 0.9867703939962666, "p50": 17.147743137997168, "p90": 39.8461149353956, "p95": 53.04936392860253, "p99": 62.50545924992479, "max": 73.74032118800096}, "TPOT": {"unit": "ms", "min": 19.89348555275797, "p50": 86.14471352261512, "p90": 116.07789189647471, "p95": 120.66952207637746, "p99": 126.10976430955878, "max": 126.61600131657028}, "Input Tokens per Minute": {"unit": "tokens/min", "min": 1084180.360472938, "p50": 1084180.360472938, "p90": 1084180.360472938, "p95": 1084180.360472938, "p99": 1084180.360472938, "max": 1084180.360472938}, "Output Tokens per Minute": {"unit": "tokens/min", "min": 57785.61611101621, "p50": 57785.61611101621, "p90": 57785.61611101621, "p95": 57785.61611101621, "p99": 57785.61611101621, "max": 57785.61611101621}, "exceptions": {"Request timed out.": 35}}
{"actual_qps": 5.799982262397501, "success_rate": 100.0, "input_tokens": 3693, "output_tokens": 199, "model": "QwQ-32B", "input_tokens_per_minute": 1556938.2940546533, "output_tokens_per_minute": 83946.11195712793, "slo_seconds": 5.0, "slo_attainment": 0.2222222222222222, "ttft_slo_ms": 1000, "ttft_slo_attainment": 21.11111111111111, "tpot_slo_ms": 50, "tpot_slo_attainment": 50.66666666666667, "Latency": {"unit": "s", "min": 3.1778786219947506, "p50": 12.34017979449709, "p90": 31.07673865130275, "p95": 34.795203199802565, "p99": 38.97916791085823, "max": 44.00642120699922}, "Throughput": {"unit": "tokens/s", "min": 4.498930971734418, "p50": 16.155401499507818, "p90": 25.226337247799734, "p95": 26.80591619267918, "p99": 29.736843591411205, "max": 34.568083707095205}, "TTFT": {"unit": "s", "min": 0.13243194299866445, "p50": 2.492613253001764, "p90": 17.853831817398902, "p95": 19.431008965202995, "p99": 24.88878390810196, "max": 28.58516478600359}, "TPOT": {"unit": "ms", "min": 27.25782919096399, "p50": 49.32535151504878, "p90": 77.96796930503922, "p95": 84.01006571758401, "p99": 101.55397605982589, "max": 106.60150651759311}, "Input Tokens per Minute": {"unit": "tokens/min", "min": 1556938.2940546533, "p50": 1556938.2940546533, "p90": 1556938.2940546533, "p95": 1556938.2940546533, "p99": 1556938.2940546533, "max": 1556938.2940546533}, "Output Tokens per Minute": {"unit": "tokens/min", "min": 83946.11195712793, "p50": 83946.11195712793, "p90": 83946.11195712793, "p95": 83946.11195712793, "p99": 83946.11195712793, "max": 83946.11195712793}}
{"actual_qps": 5.799974359570082, "success_rate": 100.0, "input_tokens": 3837, "output_tokens": 200, "model": "QwQ-32B", "input_tokens_per_minute": 1233015.2571238503, "output_tokens_per_minute": 64267.655602466104, "slo_seconds": 5.0, "slo_attainment": 0.0, "ttft_slo_ms": 1000, "ttft_slo_attainment": 39.94169096209912, "tpot_slo_ms": 50, "tpot_slo_attainment": 88.33819241982506, "Latency": {"unit": "s", "min": 6.695933176997642, "p50": 9.474384291002934, "p90": 12.035573617601768, "p95": 20.481768983700746, "p99": 23.71115399436136, "max": 24.52617802599707}, "Throughput": {"unit": "tokens/s", "min": 8.15455224160917, "p50": 21.109551170509732, "p90": 26.030804424790087, "p95": 27.354882761472165, "p99": 29.256275417647522, "max": 29.868876333332388}, "TTFT": {"unit": "s", "min": 0.08730174999800511, "p50": 1.3612092809999012, "p90": 2.9403582598039066, "p95": 3.4081062376957556, "p99": 4.460978559237698, "max": 6.502683285994863}, "TPOT": {"unit": "ms", "min": 27.821079256298514, "p50": 39.91628439195925, "p90": 51.9521154100444, "p95": 87.18316036937716, "p99": 107.80448040059088, "max": 111.70464355276106}, "Input Tokens per Minute": {"unit": "tokens/min", "min": 1233015.2571238503, "p50": 1233015.2571238503, "p90": 1233015.2571238503, "p95": 1233015.2571238503, "p99": 1233015.2571238503, "max": 1233015.2571238503}, "Output Tokens per Minute": {"unit": "tokens/min", "min": 64267.655602466104, "p50": 64267.655602466104, "p90": 64267.655602466104, "p95": 64267.655602466104, "p99": 64267.655602466104, "max": 64267.655602466104}}
{"actual_qps": 5.819658626868199, "success_rate": 100.0, "input_tokens": 3741, "output_tokens": 199, "model": "QwQ-32B", "input_tokens_per_minute": 1167283.310767643, "output_tokens_per_minute": 62329.32062518473,