{"actual_qps": 5.2192600709943235, "success_rate": 100.0, "input_tokens": 3814, "output_tokens": 199, "model": "QwQ-32B", "input_tokens_per_minute": 906181.0225795041, "output_tokens_per_minute": 47421.96794661871, "slo_seconds": 5.0, "slo_attainment": 0.0, "ttft_slo_ms": 1000, "ttft_slo_attainment": 0.8264462809917356, "tpot_slo_ms": 50, "tpot_slo_attainment": 90.08264462809917, "Latency": {"unit": "s", "min": 8.11891013100103, "p50": 14.307748112998524, "p90": 24.314778777300308, "p95": 28.54368890509775, "p99": 36.44633175424004, "max": 43.045005190000666}, "Throughput": {"unit": "tokens/s", "min": 4.646299823108394, "p50": 13.97844423972251, "p90": 19.450647277864885, "p95": 19.933195382191457, "p99": 22.826792037359922, "max": 24.633848234915835}, "TTFT": {"unit": "s", "min": 0.666237279001507, "p50": 7.0171498765012075, "p90": 16.332995954997752, "p95": 19.414737596251317, "p99": 29.10188163647798, "max": 34.33548239100128}, "TPOT": {"unit": "ms", "min": 15.972283582912256, "p50": 39.475400334179284, "p90": 49.97235875476809, "p95": 51.29866433365273, "p99": 52.73484170230975, "max": 93.88156810375634}, "Input Tokens per Minute": {"unit": "tokens/min", "min": 906181.0225795041, "p50": 906181.0225795041, "p90": 906181.0225795041, "p95": 906181.0225795041, "p99": 906181.0225795041, "max": 906181.0225795041}, "Output Tokens per Minute": {"unit": "tokens/min", "min": 47421.96794661871, "p50": 47421.96794661871, "p90": 47421.96794661871, "p95": 47421.96794661871, "p99": 47421.96794661871, "max": 47421.96794661871}}
{"actual_qps": 5.206898450367804, "success_rate": 100.0, "input_tokens": 3998, "output_tokens": 198, "model": "QwQ-32B", "input_tokens_per_minute": 1283622.8585023235, "output_tokens_per_minute": 63797.3555160713, "slo_seconds": 5.0, "slo_attainment": 5.81039755351682, "ttft_slo_ms": 1000, "ttft_slo_attainment": 15.29051987767584, "tpot_slo_ms": 50, "tpot_slo_attainment": 100.0, "Latency": {"unit": "s", "min": 3.8740494339981524, "p50": 8.44748754399916, "p90": 16.400599650800004, "p95": 22.694093766198783, "p99": 35.71263539288203, "max": 47.38790727000014}, "Throughput": {"unit": "tokens/s", "min": 4.2204860168326945, "p50": 23.475084351891148, "p90": 36.20369167836444, "p95": 40.11940012557167, "p99": 48.0757445664136, "max": 51.62556735720151}, "TTFT": {"unit": "s", "min": 0.22092306400008965, "p50": 2.332464686001913, "p90": 10.182006724998796, "p95": 16.50086490819994, "p99": 28.38472180736245, "max": 40.8960567360009}, "TPOT": {"unit": "ms", "min": 12.954641281405989, "p50": 29.101380603030368, "p90": 37.22695246734159, "p95": 39.072203744714656, "p99": 42.5169442272454, "max": 44.369625628142835}, "Input Tokens per Minute": {"unit": "tokens/min", "min": 1283622.8585023235, "p50": 1283622.8585023235, "p90": 1283622.8585023235, "p95": 1283622.8585023235, "p99": 1283622.8585023235, "max": 1283622.8585023235}, "Output Tokens per Minute": {"unit": "tokens/min", "min": 63797.3555160713, "p50": 63797.3555160713, "p90": 63797.3555160713, "p95": 63797.3555160713, "p99": 63797.3555160713, "max": 63797.3555160713}}
{"actual_qps": 5.109471375596128, "success_rate": 100.0, "input_tokens": 4050, "output_tokens": 198, "model": "QwQ-32B", "input_tokens_per_minute": 1225750.103105134, "output_tokens_per_minute": 60091.301182538074, "slo_seconds": 5.0, "slo_attainment": 1.2944983818770228, "ttft_slo_ms": 1000, "ttft_slo_attainment": 12.944983818770226, "tpot_slo_ms": 50, "tpot_slo_attainment": 100.0, "Latency": {"unit": "s", "min": 4.174683093002386, "p50": 8.592622864998702, "p90": 12.636909067798115, "p95": 14.447865446199284, "p99": 18.516726685119952, "max": 20.931328487000428}, "Throughput": {"unit": "tokens/s", "min": 6.564467591667905, "p50": 23.1385664222617, "p90": 32.05926685319419, "p95": 35.35184779576433, "p99": 40.61879776675513, "max": 47.907828102027786}, "TTFT": {"unit": "s", "min": 0.1560801839987107, "p50": 2.554656080999848, "p90": 6.318986172598669, "p95": 7.808660063199204, "p99": 11.971580047480849, "max": 14.648028904000967}, "TPOT": {"unit": "ms", "min": 17.187312296483473, "p50": 29.928914693465146, "p90": 36.58480729146371, "p95": 38.949535264318854, "p99": 42.267275952967914, "max": 44.78765167335786}, "Input Tokens per Minute": {"unit": "tokens/min", "min": 1225750.103105134, "p50": 1225750.103105134, "p90": 1225750.103105134, "p95": 1225750.103105134, "p99": 1225750.103105134, "max": 1225750.103105134}, "Output Tokens per Minute": {"unit": "tokens/min", "min": 60091.301182538074, "p50": 60091.301182538074, "p90": 60091.301182538074, "p95": 60091.301182538074, "p99": 60091.301182538074, "max": 60091.301182538074}}
{"actual_qps": 5.12909458677008, "success_rate": 100.0, "input_tokens": 4074, "output_tokens": 199, "model": "QwQ-32B", "input_tokens_per_minute": 1384681.7610410731, "output_tokens_per_minute": 67912.22046703681, "slo_seconds": 5.0, "slo_attainment": 14.985590778097983, "ttft_slo_ms": 1000, "ttft_slo_attainment": 58.501440922190206, "tpot_slo_ms": 50, "tpot_slo_attainment": 100.0, "Latency": {"unit": "s", "min": 3.777158558998053, "p50": 6.492007939999894, "p90": 9.585870269999583, "p95": 10.516024779499276, "p99": 12.100092399397916, "max": 13.535319393999089}, "Throughput": {"unit": "tokens/s", "min": 14.77615667412107, "p50": 30.80710957972169, "p90": 42.302359607677474, "p95": 46.72858378708219, "p99": 51.62278235420265, "max": 52.949855526598}, "TTFT": {"unit": "s", "min": 0.0460888139969029, "p50": 0.8491548080019129, "p90": 3.3581832631985895, "p95": 4.308693069998844, "p99": 5.825881580079151, "max": 7.298663776000467}, "TPOT": {"unit": "ms", "min": 16.58873009044547, "p50": 28.282265487429306, "p90": 36.17723658291158, "p95": 37.34278482764207, "p99": 39.25246937960454, "max": 44.04723719597488}, "Input Tokens per Minute": {"unit": "tokens/min", "min": 1384681.7610410731, "p50": 1384681.7610410731, "p90": 1384681.7610410731, "p95": 1384681.7610410731, "p99": 1384681.7610410731, "max": 1384681.7610410731}, "Output Tokens per Minute": {"unit": "tokens/min", "min": 67912.22046703681, "p50": 67912.22046703681, "p90": 67912.22046703681, "p95": 67912.22046703681, "p99": 67912.22046703681, "max": 67912.22046703681}}
{"actual_qps": 5.033305488500157, "success_rate": 100.0, "input_tokens": 3969, "output_tokens": 200, "model": "QwQ-32B", "input_tokens_per_minute": 1170253.408355105, "output_tokens_per_minute": 58962.97319058535, "slo_seconds": 5.0, "slo_attainment": 19.269102990033225, "ttft_slo_ms": 1000, "ttft_slo_attainment": 78.7375415282392, "tpot_slo_ms": 50, "tpot_slo_attainment": 100.0, "Latency": {"unit": "s", "min": 3.5855432030002703, "p50": 6.189540922998276, "p90": 7.786598394999601, "p95": 8.295901507997769, "p99": 9.979589759001101, "max": 10.867872193000949}, "Throughput": {"unit": "tokens/s", "min": 18.402866398153137, "p50": 32.31257414534033, "p90": 44.84713488123613, "p95": 48.67270024634979, "p99": 54.13086247076834, "max": 55.77955380167955}, "TTFT": {"unit": "s", "min": 0.05562053800167632, "p50": 0.4272244720013987, "p90": 1.3059209570019448, "p95": 1.4344487639973522, "p99": 1.861345233002794, "max": 2.2533873520005727}, "TPOT": {"unit": "ms", "min": 17.529973542718036, "p50": 28.384214949740144, "p90": 35.347642814069985, "p95": 38.72242398492333, "p99": 44.754726668351346, "max": 46.0378018392087}, "Input Tokens per Minute": {"unit": "tokens/min", "min": 1170253.408355105, "p50": 1170253.408355105, "p90": 1170253.408355105, "p95": 1170253.408355105, "p99": 1170253.408355105, "max": 1170253.408355105}, "Output Tokens per Minute": {"unit": "tokens/min", "min": 58962.97319058535, "p50": 58962.97319058535, "p90": 58962.97319058535, "p95": 58962.97319058535, "p99": 58962.97319058535, "max": 58962.97319058535}}
{"actual_qps": 5.327869056926852, "success_rate": 100.0, "input_tokens": 3976, "output_tokens": 198, "model": "QwQ-32B", "input_tokens_per_minute": 1226741.3079036204, "output_tokens_per_minute": 61363.608527630604, "slo_seconds": 5.0, "slo_attainment": 19.365079365079367,