{"actual_qps": 2.2790939806914343, "success_rate": 100.0, "input_tokens": 4088, "output_tokens": 200, "model": "QwQ-32B", "input_tokens_per_minute": 461863.3497392511, "output_tokens_per_minute": 22592.757721636826, "slo_seconds": 5.0, "slo_attainment": 8.771929824561402, "ttft_slo_ms": 1000, "ttft_slo_attainment": 26.31578947368421, "tpot_slo_ms": 50, "tpot_slo_attainment": 100.0, "Latency": {"unit": "s", "min": 3.6427163500011375, "p50": 7.478678634499374, "p90": 11.28004087579975, "p95": 11.902261293400807, "p99": 13.004078968612157, "max": 20.857022541000333}, "Throughput": {"unit": "tokens/s", "min": 9.589096411381052, "p50": 26.744202518224597, "p90": 38.545454526816506, "p95": 43.13083145509547, "p99": 52.272326126347394, "max": 54.904082773268236}, "TTFT": {"unit": "s", "min": 0.10852682000040659, "p50": 1.777293073499095, "p90": 4.954258425298032, "p95": 5.819542189651656, "p99": 7.407278508460697, "max": 13.48277212299945}, "TPOT": {"unit": "ms", "min": 16.581719035164852, "p50": 27.81561621859555, "p90": 39.70426607939867, "p95": 42.78928741657991, "p99": 44.67758191588944, "max": 48.76626958793711}, "Input Tokens per Minute": {"unit": "tokens/min", "min": 461863.3497392511, "p50": 461863.3497392511, "p90": 461863.3497392511, "p95": 461863.3497392511, "p99": 461863.3497392511, "max": 461863.3497392511}, "Output Tokens per Minute": {"unit": "tokens/min", "min": 22592.757721636826, "p50": 22592.757721636826, "p90": 22592.757721636826, "p95": 22592.757721636826, "p99": 22592.757721636826, "max": 22592.757721636826}}
{"actual_qps": 1.8653890444242103, "success_rate": 100.0, "input_tokens": 3999, "output_tokens": 199, "model": "QwQ-32B", "input_tokens_per_minute": 495385.8494639429, "output_tokens_per_minute": 24756.906092867303, "slo_seconds": 5.0, "slo_attainment": 26.400000000000002, "ttft_slo_ms": 1000, "ttft_slo_attainment": 65.60000000000001, "tpot_slo_ms": 50, "tpot_slo_attainment": 100.0, "Latency": {"unit": "s", "min": 3.580165923001914, "p50": 5.957653503002803, "p90": 8.521207043001052, "p95": 9.147815204403013, "p99": 10.895203966319679, "max": 11.449281530996814}, "Throughput": {"unit": "tokens/s", "min": 17.468345018727767, "p50": 33.57026384619299, "p90": 49.02825619422454, "p95": 51.728618165143814, "p99": 54.79984071757801, "max": 55.863332678252824}, "TTFT": {"unit": "s", "min": 0.07877992400244693, "p50": 0.7519350820002728, "p90": 1.8616355707992627, "p95": 2.395867046198691, "p99": 3.1107210355998545, "max": 3.43859121299829}, "TPOT": {"unit": "ms", "min": 17.164847462326314, "p50": 26.160342522608566, "p90": 34.960070644219705, "p95": 38.32019508642483, "p99": 44.412514327851405, "max": 46.25228300000202}, "Input Tokens per Minute": {"unit": "tokens/min", "min": 495385.8494639429, "p50": 495385.8494639429, "p90": 495385.8494639429, "p95": 495385.8494639429, "p99": 495385.8494639429, "max": 495385.8494639429}, "Output Tokens per Minute": {"unit": "tokens/min", "min": 24756.906092867303, "p50": 24756.906092867303, "p90": 24756.906092867303, "p95": 24756.906092867303, "p99": 24756.906092867303, "max": 24756.906092867303}}
{"actual_qps": 1.788833343887463, "success_rate": 100.0, "input_tokens": 4138, "output_tokens": 200, "model": "QwQ-32B", "input_tokens_per_minute": 452352.62679732416, "output_tokens_per_minute": 21859.87168860643, "slo_seconds": 5.0, "slo_attainment": 9.90990990990991, "ttft_slo_ms": 1000, "ttft_slo_attainment": 45.94594594594595, "tpot_slo_ms": 50, "tpot_slo_attainment": 100.0, "Latency": {"unit": "s", "min": 3.752917849997175, "p50": 6.795980263999809, "p90": 8.516659528999298, "p95": 8.922997255000155, "p99": 9.401538604102097, "max": 10.749880283001403}, "Throughput": {"unit": "tokens/s", "min": 18.604858355144334, "p50": 29.42916139110283, "p90": 39.88982133769495, "p95": 46.15352179526026, "p99": 52.16056464462608, "max": 53.2918672867168}, "TTFT": {"unit": "s", "min": 0.10182860999702825, "p50": 1.0826213910004299, "p90": 2.15667467700041, "p95": 2.5747216409999965, "p99": 2.7137602803002667, "max": 5.510806350001076}, "TPOT": {"unit": "ms", "min": 17.39250086431831, "p50": 28.777931442218964, "p90": 35.27020504021384, "p95": 36.15957098241121, "p99": 38.649231646239286, "max": 39.563948050263164}, "Input Tokens per Minute": {"unit": "tokens/min", "min": 452352.62679732416, "p50": 452352.62679732416, "p90": 452352.62679732416, "p95": 452352.62679732416, "p99": 452352.62679732416, "max": 452352.62679732416}, "Output Tokens per Minute": {"unit": "tokens/min", "min": 21859.87168860643, "p50": 21859.87168860643, "p90": 21859.87168860643, "p95": 21859.87168860643, "p99": 21859.87168860643, "max": 21859.87168860643}}
{"actual_qps": 1.9016558986444967, "success_rate": 100.0, "input_tokens": 4183, "output_tokens": 199, "model": "QwQ-32B", "input_tokens_per_minute": 497866.62913339573, "output_tokens_per_minute": 23686.435704443855, "slo_seconds": 5.0, "slo_attainment": 32.231404958677686, "ttft_slo_ms": 1000, "ttft_slo_attainment": 79.33884297520662, "tpot_slo_ms": 50, "tpot_slo_attainment": 100.0, "Latency": {"unit": "s", "min": 1.5059457239985932, "p50": 5.578439361001074, "p90": 7.514676015001896, "p95": 7.785694285001227, "p99": 8.72458995259876, "max": 9.314632384997822}, "Throughput": {"unit": "tokens/s", "min": 21.47159348146908, "p50": 35.852321242066736, "p90": 47.53614896668261, "p95": 50.77858115511487, "p99": 56.682212913492194, "max": 57.332136094219564}, "TTFT": {"unit": "s", "min": 0.04160467499968945, "p50": 0.38473544899898116, "p90": 1.2033493669987365, "p95": 1.4575582659999782, "p99": 1.9289376175991493, "max": 2.8496110839987523}, "TPOT": {"unit": "ms", "min": 17.003369356785498, "p50": 25.709812256280742, "p90": 33.50538261307593, "p95": 34.63471867838797, "p99": 37.08939090150367, "max": 37.1013877487365}, "Input Tokens per Minute": {"unit": "tokens/min", "min": 497866.62913339573, "p50": 497866.62913339573, "p90": 497866.62913339573, "p95": 497866.62913339573, "p99": 497866.62913339573, "max": 497866.62913339573}, "Output Tokens per Minute": {"unit": "tokens/min", "min": 23686.435704443855, "p50": 23686.435704443855, "p90": 23686.435704443855, "p95": 23686.435704443855, "p99": 23686.435704443855, "max": 23686.435704443855}}
{"actual_qps": 2.114731144860827, "success_rate": 100.0, "input_tokens": 3996, "output_tokens": 200, "model": "QwQ-32B", "input_tokens_per_minute": 487404.21786340466, "output_tokens_per_minute": 24393.177856999304, "slo_seconds": 5.0, "slo_attainment": 29.03225806451613, "ttft_slo_ms": 1000, "ttft_slo_attainment": 76.61290322580645, "tpot_slo_ms": 50, "tpot_slo_attainment": 100.0, "Latency": {"unit": "s", "min": 3.501786294997146, "p50": 5.610733756500849, "p90": 7.703344247098357, "p95": 8.079854679751588, "p99": 8.512676938439835, "max": 8.911241643996618}, "Throughput": {"unit": "tokens/s", "min": 22.443561513645776, "p50": 35.64596764172682, "p90": 52.40747484800044, "p95": 54.46488854162272, "p99": 56.32066892006094, "max": 57.11370801974168}, "TTFT": {"unit": "s", "min": 0.04651549099799013, "p50": 0.3322026174992061, "p90": 1.2010389129998658, "p95": 1.4301816266015517, "p99": 2.1428692240312723, "max": 2.4046393249991524}, "TPOT": {"unit": "ms", "min": 16.168293125615058, "p50": 26.030082494977233, "p90": 33.798964271354365, "p95": 36.08353972512345, "p99": 38.92677761080235, "max": 40.64906072863462}, "Input Tokens per Minute": {"unit": "tokens/min", "min": 487404.21786340466, "p50": 487404.21786340466, "p90": 487404.21786340466, "p95": 487404.21786340466, "p99": 487404.21786340466, "max": 487404.21786340466}, "Output Tokens per Minute": {"unit": "tokens/min", "min": 24393.177856999304, "p50": 24393.177856999304, "p90": 24393.177856999304, "p95": 24393.177856999304, "p99": 24393.177856999304, "max": 24393.177856999304}}
{"actual_qps": 1.8852670863238146, "success_rate": 100.0, "input_tokens": 3994, "output_tokens": 200, "model": "QwQ-32B", "input_tokens_per_minute": 447905.95805681107, "output_tokens_per_minute": 22425.98609433807, "slo_seconds": 5.0,