{"actual_qps": 5.301240305563678, "success_rate": 100.0, "input_tokens": 3849, "output_tokens": 199, "model": "QwQ-32B", "input_tokens_per_minute": 917387.4454826334, "output_tokens_per_minute": 47450.92004416361, "slo_seconds": 5.0, "slo_attainment": 0.0, "ttft_slo_ms": 1000, "ttft_slo_attainment": 0.0, "tpot_slo_ms": 50, "tpot_slo_attainment": 56.48535564853556, "Latency": {"unit": "s", "min": 6.995823160999862, "p50": 18.106298082999274, "p90": 21.132835734998675, "p95": 24.9893629666989, "p99": 27.603409780799705, "max": 30.105924422001408}, "Throughput": {"unit": "tokens/s", "min": 3.7843874946307063, "p50": 11.044483935818132, "p90": 15.265232219097735, "p95": 16.327396370304367, "p99": 21.033408793783718, "max": 28.588487072537074}, "TTFT": {"unit": "s", "min": 1.065883641000255, "p50": 7.4265891469985945, "p90": 14.270773752198155, "p95": 17.823923259600267, "p99": 19.76894541779984, "max": 21.669834927997726}, "TPOT": {"unit": "ms", "min": 12.641894487433321, "p50": 44.79289583920474, "p90": 67.844847230149, "p95": 70.72211925075484, "p99": 76.54552541225512, "max": 97.24550943251784}, "Input Tokens per Minute": {"unit": "tokens/min", "min": 917387.4454826334, "p50": 917387.4454826334, "p90": 917387.4454826334, "p95": 917387.4454826334, "p99": 917387.4454826334, "max": 917387.4454826334}, "Output Tokens per Minute": {"unit": "tokens/min", "min": 47450.92004416361, "p50": 47450.92004416361, "p90": 47450.92004416361, "p95": 47450.92004416361, "p99": 47450.92004416361, "max": 47450.92004416361}}
{"actual_qps": 5.152733819253033, "success_rate": 100.0, "input_tokens": 4009, "output_tokens": 199, "model": "QwQ-32B", "input_tokens_per_minute": 1271300.267287146, "output_tokens_per_minute": 63266.02310357368, "slo_seconds": 5.0, "slo_attainment": 1.2461059190031152, "ttft_slo_ms": 1000, "ttft_slo_attainment": 1.557632398753894, "tpot_slo_ms": 50, "tpot_slo_attainment": 99.37694704049844, "Latency": {"unit": "s", "min": 4.3382625359990925, "p50": 10.56239141399783, "p90": 19.915406206000625, "p95": 22.731407871000556, "p99": 28.469339630001198, "max": 30.7554185959998}, "Throughput": {"unit": "tokens/s", "min": 6.502919131980632, "p50": 18.88591336613018, "p90": 29.19626809442577, "p95": 32.683476633264036, "p99": 40.24519757659611, "max": 46.101405422191775}, "TTFT": {"unit": "s", "min": 0.5816897289987537, "p50": 5.023146163999627, "p90": 13.939646188999177, "p95": 16.025595738999982, "p99": 22.07067676160005, "max": 22.93118057399988}, "TPOT": {"unit": "ms", "min": 15.21444043718836, "p50": 26.604611145736254, "p90": 35.789856517592526, "p95": 38.956279924623324, "p99": 41.8144126824124, "max": 51.70641146734358}, "Input Tokens per Minute": {"unit": "tokens/min", "min": 1271300.267287146, "p50": 1271300.267287146, "p90": 1271300.267287146, "p95": 1271300.267287146, "p99": 1271300.267287146, "max": 1271300.267287146}, "Output Tokens per Minute": {"unit": "tokens/min", "min": 63266.02310357368, "p50": 63266.02310357368, "p90": 63266.02310357368, "p95": 63266.02310357368, "p99": 63266.02310357368, "max": 63266.02310357368}}
{"actual_qps": 5.158447027493504, "success_rate": 100.0, "input_tokens": 3982, "output_tokens": 199, "model": "QwQ-32B", "input_tokens_per_minute": 1294037.1579808302, "output_tokens_per_minute": 64720.97075515701, "slo_seconds": 5.0, "slo_attainment": 3.64741641337386, "ttft_slo_ms": 1000, "ttft_slo_attainment": 8.206686930091186, "tpot_slo_ms": 50, "tpot_slo_attainment": 100.0, "Latency": {"unit": "s", "min": 3.728674771999067, "p50": 8.464486786000634, "p90": 14.331778695200773, "p95": 16.859236052399496, "p99": 22.200492484558023, "max": 29.613385155000287}, "Throughput": {"unit": "tokens/s", "min": 6.753702724398921, "p50": 23.526687645523086, "p90": 33.81423117292712, "p95": 38.45524237884326, "p99": 44.774318573062736, "max": 53.63836006881697}, "TTFT": {"unit": "s", "min": 0.44410822500140057, "p50": 2.812691438000911, "p90": 8.673384580000127, "p95": 11.352816000600425, "p99": 15.414632506599446, "max": 26.076286737999908}, "TPOT": {"unit": "ms", "min": 15.391178909559317, "p50": 27.547288452255792, "p90": 35.25629140703995, "p95": 36.05116454070672, "p99": 40.213883817083975, "max": 44.73474646575808}, "Input Tokens per Minute": {"unit": "tokens/min", "min": 1294037.1579808302, "p50": 1294037.1579808302, "p90": 1294037.1579808302, "p95": 1294037.1579808302, "p99": 1294037.1579808302, "max": 1294037.1579808302}, "Output Tokens per Minute": {"unit": "tokens/min", "min": 64720.97075515701, "p50": 64720.97075515701, "p90": 64720.97075515701, "p95": 64720.97075515701, "p99": 64720.97075515701, "max": 64720.97075515701}}
{"actual_qps": 5.09105924819315, "success_rate": 100.0, "input_tokens": 4091, "output_tokens": 200, "model": "QwQ-32B", "input_tokens_per_minute": 1362778.3525661314, "output_tokens_per_minute": 66610.76229248843, "slo_seconds": 5.0, "slo_attainment": 21.005917159763314, "ttft_slo_ms": 1000, "ttft_slo_attainment": 42.01183431952663, "tpot_slo_ms": 50, "tpot_slo_attainment": 100.0, "Latency": {"unit": "s", "min": 3.517942263002624, "p50": 7.0820455364992085, "p90": 10.17232966200063, "p95": 11.501081844097826, "p99": 13.718997295940534, "max": 15.796467878997646}, "Throughput": {"unit": "tokens/s", "min": 12.661058252516819, "p50": 28.240683682450722, "p90": 45.2201750926245, "p95": 52.0512782983815, "p99": 55.461953753277726, "max": 56.85141626778621}, "TTFT": {"unit": "s", "min": 0.054088108001451474, "p50": 1.3052658760007034, "p90": 4.6913661468995995, "p95": 6.095035856148568, "p99": 7.898443571329116, "max": 11.394525293999322}, "TPOT": {"unit": "ms", "min": 15.426302502506113, "p50": 25.604594017590095, "p90": 33.916015737188324, "p95": 36.245462174128846, "p99": 37.99382303180725, "max": 40.354750075384246}, "Input Tokens per Minute": {"unit": "tokens/min", "min": 1362778.3525661314, "p50": 1362778.3525661314, "p90": 1362778.3525661314, "p95": 1362778.3525661314, "p99": 1362778.3525661314, "max": 1362778.3525661314}, "Output Tokens per Minute": {"unit": "tokens/min", "min": 66610.76229248843, "p50": 66610.76229248843, "p90": 66610.76229248843, "p95": 66610.76229248843, "p99": 66610.76229248843, "max": 66610.76229248843}}
{"actual_qps": 5.033312370258396, "success_rate": 100.0, "input_tokens": 3994, "output_tokens": 199, "model": "QwQ-32B", "input_tokens_per_minute": 1184689.1585991106, "output_tokens_per_minute": 59307.227231661156, "slo_seconds": 5.0, "slo_attainment": 37.2093023255814, "ttft_slo_ms": 1000, "ttft_slo_attainment": 79.734219269103, "tpot_slo_ms": 50, "tpot_slo_attainment": 100.0, "Latency": {"unit": "s", "min": 3.5090564180027286, "p50": 5.588651709997066, "p90": 7.651434944000357, "p95": 8.149271926002257, "p99": 8.974935594000272, "max": 9.583765096002026}, "Throughput": {"unit": "tokens/s", "min": 20.86862501288061, "p50": 35.754282747063804, "p90": 52.413265860677264, "p95": 54.874603883391, "p99": 56.703114188592686, "max": 56.99537886422335}, "TTFT": {"unit": "s", "min": 0.047398932998476084, "p50": 0.3983794490013679, "p90": 1.6677812169982644, "p95": 1.9552894100015692, "p99": 2.540591688000859, "max": 4.324189285001921}, "TPOT": {"unit": "ms", "min": 17.207416216085985, "p50": 25.29490243215886, "p90": 33.53200671357736, "p95": 35.47865064824485, "p99": 38.72843336180656, "max": 40.750569799004104}, "Input Tokens per Minute": {"unit": "tokens/min", "min": 1184689.1585991106, "p50": 1184689.1585991106, "p90": 1184689.1585991106, "p95": 1184689.1585991106, "p99": 1184689.1585991106, "max": 1184689.1585991106}, "Output Tokens per Minute": {"unit": "tokens/min", "min": 59307.227231661156, "p50": 59307.227231661156, "p90": 59307.227231661156, "p95": 59307.227231661156, "p99": 59307.227231661156, "max": 59307.227231661156}}
{"actual_qps": 5.316647126925151, "success_rate": 100.0, "input_tokens": 3980, "output_tokens": 199, "model": "QwQ-32B", "input_tokens_per_minute": 1243319.4391784798, "output_tokens_per_minute": 62391.4237697601, "slo_seconds": 5.0,