{"actual_qps": 5.439410425419503, "success_rate": 100.0, "input_tokens": 3867, "output_tokens": 199, "model": "QwQ-32B", "input_tokens_per_minute": 957391.128006566, "output_tokens_per_minute": 49470.689276471276, "slo_seconds": 5.0, "slo_attainment": 0.0, "ttft_slo_ms": 1000, "ttft_slo_attainment": 0.0, "tpot_slo_ms": 50, "tpot_slo_attainment": 49.596774193548384, "Latency": {"unit": "s", "min": 8.047153378996882, "p50": 13.80186726949978, "p90": 23.37797778690292, "p95": 25.675518349097548, "p99": 27.41080985737186, "max": 29.31748974799848}, "Throughput": {"unit": "tokens/s", "min": 6.821866459888644, "p50": 14.490845117192405, "p90": 21.348379958390026, "p95": 22.281780548492915, "p99": 24.47505513808213, "max": 24.85350913305582}, "TTFT": {"unit": "s", "min": 1.090087062002567, "p50": 3.90696164649853, "p90": 6.881217128100982, "p95": 10.245302634995458, "p99": 13.207792306617193, "max": 15.035424162000709}, "TPOT": {"unit": "ms", "min": 19.187308743700793, "p50": 50.096045748734156, "p90": 80.84595622966108, "p95": 85.97668812939236, "p99": 98.70309175683836, "max": 105.36255376108683}, "Input Tokens per Minute": {"unit": "tokens/min", "min": 957391.128006566, "p50": 957391.128006566, "p90": 957391.128006566, "p95": 957391.128006566, "p99": 957391.128006566, "max": 957391.128006566}, "Output Tokens per Minute": {"unit": "tokens/min", "min": 49470.689276471276, "p50": 49470.689276471276, "p90": 49470.689276471276, "p95": 49470.689276471276, "p99": 49470.689276471276, "max": 49470.689276471276}}
{"actual_qps": 5.063991101601246, "success_rate": 96.875, "input_tokens": 3876, "output_tokens": 199, "model": "QwQ-32B", "input_tokens_per_minute": 551587.9636851989, "output_tokens_per_minute": 28350.700635580873, "slo_seconds": 5.0, "slo_attainment": 0.0, "ttft_slo_ms": 1000, "ttft_slo_attainment": 0.0, "tpot_slo_ms": 50, "tpot_slo_attainment": 41.875, "Latency": {"unit": "s", "min": 8.75525349000236, "p50": 19.51148810199811, "p90": 33.69869080439821, "p95": 36.577186506699206, "p99": 41.32137348413716, "max": 44.15229963599995}, "Throughput": {"unit": "tokens/s", "min": 4.529775383136064, "p50": 10.23763821951646, "p90": 15.42176662691064, "p95": 16.956544612008074, "p99": 19.256447790401214, "max": 22.84342768925884}, "TTFT": {"unit": "s", "min": 1.0233894329940085, "p50": 9.025061021995498, "p90": 20.56745289540122, "p95": 24.215361733696042, "p99": 26.375035642021693, "max": 36.89584987399576}, "TPOT": {"unit": "ms", "min": 19.324988066647265, "p50": 52.353529633159155, "p90": 77.38044799900591, "p95": 83.438665476372, "p99": 90.15799972804422, "max": 99.06271868749172}, "Input Tokens per Minute": {"unit": "tokens/min", "min": 551587.9636851989, "p50": 551587.9636851989, "p90": 551587.9636851989, "p95": 551587.9636851989, "p99": 551587.9636851989, "max": 551587.9636851989}, "Output Tokens per Minute": {"unit": "tokens/min", "min": 28350.700635580873, "p50": 28350.700635580873, "p90": 28350.700635580873, "p95": 28350.700635580873, "p99": 28350.700635580873, "max": 28350.700635580873}, "exceptions": {"Request timed out.": 5}}
{"actual_qps": 5.911802589585991, "success_rate": 100.0, "input_tokens": 3677, "output_tokens": 199, "model": "QwQ-32B", "input_tokens_per_minute": 1238877.4257145517, "output_tokens_per_minute": 67248.57790392276, "slo_seconds": 5.0, "slo_attainment": 0.0, "ttft_slo_ms": 1000, "ttft_slo_attainment": 0.0, "tpot_slo_ms": 50, "tpot_slo_attainment": 0.0, "Latency": {"unit": "s", "min": 21.556972853002662, "p50": 38.70932905999507, "p90": 53.43518950900034, "p95": 57.50955960199936, "p99": 70.83801411380036, "max": 79.59626071200182}, "Throughput": {"unit": "tokens/s", "min": 2.209750968186078, "p50": 5.166482179187597, "p90": 7.300973765602699, "p95": 7.427995424724616, "p99": 8.147742879717002, "max": 9.277740495560446}, "TTFT": {"unit": "s", "min": 3.81587369999761, "p50": 17.6794634540056, "p90": 29.181584737203977, "p95": 33.568500563495036, "p99": 46.80477549868184, "max": 56.143458089005435}, "TPOT": {"unit": "ms", "min": 59.27116376884287, "p50": 113.64771706532119, "p90": 139.94089394472758, "p95": 145.24496340904508, "p99": 150.5427090030248, "max": 159.9871336985055}, "Input Tokens per Minute": {"unit": "tokens/min", "min": 1238877.4257145517, "p50": 1238877.4257145517, "p90": 1238877.4257145517, "p95": 1238877.4257145517, "p99": 1238877.4257145517, "max": 1238877.4257145517}, "Output Tokens per Minute": {"unit": "tokens/min", "min": 67248.57790392276, "p50": 67248.57790392276, "p90": 67248.57790392276, "p95": 67248.57790392276, "p99": 67248.57790392276, "max": 67248.57790392276}}
{"actual_qps": 5.803249981939915, "success_rate": 100.0, "input_tokens": 3697, "output_tokens": 199, "model": "QwQ-32B", "input_tokens_per_minute": 1778600.9631179024, "output_tokens_per_minute": 95911.37950165672, "slo_seconds": 5.0, "slo_attainment": 0.0, "ttft_slo_ms": 1000, "ttft_slo_attainment": 2.6717557251908395, "tpot_slo_ms": 50, "tpot_slo_attainment": 11.450381679389313, "Latency": {"unit": "s", "min": 6.153339297998173, "p50": 24.45924987900071, "p90": 47.18838953269877, "p95": 52.259116541297765, "p99": 59.74476704951572, "max": 60.34190478500386}, "Throughput": {"unit": "tokens/s", "min": 3.3144462494611853, "p50": 8.155583393712348, "p90": 17.675081929303598, "p95": 20.96102568700815, "p99": 29.260537018529114, "max": 32.50267705294014}, "TTFT": {"unit": "s", "min": 0.3120025620009983, "p50": 5.42522812649986, "p90": 22.959018309499516, "p95": 27.391777657751657, "p99": 34.47681405705356, "max": 35.12552998699539}, "TPOT": {"unit": "ms", "min": 28.847634532660287, "p50": 95.51782569094519, "p90": 127.82586701710102, "p95": 129.1677292261446, "p99": 131.9885542289605, "max": 133.04565989448344}, "Input Tokens per Minute": {"unit": "tokens/min", "min": 1778600.9631179024, "p50": 1778600.9631179024, "p90": 1778600.9631179024, "p95": 1778600.9631179024, "p99": 1778600.9631179024, "max": 1778600.9631179024}, "Output Tokens per Minute": {"unit": "tokens/min", "min": 95911.37950165672, "p50": 95911.37950165672, "p90": 95911.37950165672, "p95": 95911.37950165672, "p99": 95911.37950165672, "max": 95911.37950165672}}
{"actual_qps": 5.766543939906906, "success_rate": 100.0, "input_tokens": 3831, "output_tokens": 199, "model": "QwQ-32B", "input_tokens_per_minute": 1188902.718121795, "output_tokens_per_minute": 61848.31331466837, "slo_seconds": 5.0, "slo_attainment": 0.2958579881656805, "ttft_slo_ms": 1000, "ttft_slo_attainment": 43.19526627218935, "tpot_slo_ms": 50, "tpot_slo_attainment": 63.905325443786985, "Latency": {"unit": "s", "min": 3.9138329069974134, "p50": 10.115679449994786, "p90": 18.760971155498556, "p95": 21.52198567375417, "p99": 25.37591368638219, "max": 25.974047468997014}, "Throughput": {"unit": "tokens/s", "min": 7.699993627821108, "p50": 19.73061746895683, "p90": 28.05269630420335, "p95": 29.636320799088665, "p99": 31.99933738661258, "max": 35.121697957486944}, "TTFT": {"unit": "s", "min": 0.14460016500379425, "p50": 1.101085073500144, "p90": 2.5659005828987573, "p95": 3.0866554171538154, "p99": 3.989837729518912, "max": 4.252792586994474}, "TPOT": {"unit": "ms", "min": 26.402619005019726, "p50": 46.10553565075335, "p90": 82.3354235638248, "p95": 94.0759421115509, "p99": 113.35604807762027, "max": 116.23960165830502}, "Input Tokens per Minute": {"unit": "tokens/min", "min": 1188902.718121795, "p50": 1188902.718121795, "p90": 1188902.718121795, "p95": 1188902.718121795, "p99": 1188902.718121795, "max": 1188902.718121795}, "Output Tokens per Minute": {"unit": "tokens/min", "min": 61848.31331466837, "p50": 61848.31331466837, "p90": 61848.31331466837, "p95": 61848.31331466837, "p99": 61848.31331466837, "max": 61848.31331466837}}
{"actual_qps": 5.885421957765615, "success_rate": 100.0, "input_tokens": 3740, "output_tokens": 199, "model": "QwQ-32B", "input_tokens_per_minute": 1229352.8387048452, "output_tokens_per_minute": 65587.09925246084, "slo_seconds": 5.0, "slo_attainment": 0.0, "ttft_slo_ms": 1000,