{"actual_qps": 5.5571506863365965, "success_rate": 100.0, "input_tokens": 4125, "output_tokens": 199, "model": "QwQ-32B", "input_tokens_per_minute": 687822.6799437098, "output_tokens_per_minute": 33292.59381890659, "slo_seconds": 5.0, "slo_attainment": 0.0, "ttft_slo_ms": 1000, "ttft_slo_attainment": 0.591715976331361, "tpot_slo_ms": 50, "tpot_slo_attainment": 31.360946745562128, "Latency": {"unit": "s", "min": 11.643330042999878, "p50": 16.57864197299932, "p90": 27.14105636219611, "p95": 28.646899106400088, "p99": 30.676127793075572, "max": 31.604115578003984}, "Throughput": {"unit": "tokens/s", "min": 6.32828972879713, "p50": 12.062472282176607, "p90": 14.844055823934001, "p95": 15.229331216468719, "p99": 16.97874594440342, "max": 17.177216420163457}, "TTFT": {"unit": "s", "min": 0.9974979649996385, "p50": 4.9222367360052885, "p90": 17.14671410119918, "p95": 18.833895828001545, "p99": 21.423736262760066, "max": 22.76330425999913}, "TPOT": {"unit": "ms", "min": 25.507323723630076, "p50": 58.48905483417092, "p90": 68.36697161606432, "p95": 71.36441589146355, "p99": 77.23432678734852, "max": 79.19072391459896}, "Input Tokens per Minute": {"unit": "tokens/min", "min": 687822.6799437098, "p50": 687822.6799437098, "p90": 687822.6799437098, "p95": 687822.6799437098, "p99": 687822.6799437098, "max": 687822.6799437098}, "Output Tokens per Minute": {"unit": "tokens/min", "min": 33292.59381890659, "p50": 33292.59381890659, "p90": 33292.59381890659, "p95": 33292.59381890659, "p99": 33292.59381890659, "max": 33292.59381890659}}
{"actual_qps": 4.719898992421043, "success_rate": 98.01699716713881, "input_tokens": 3912, "output_tokens": 199, "model": "QwQ-32B", "input_tokens_per_minute": 1335558.902735353, "output_tokens_per_minute": 67964.28171938098, "slo_seconds": 5.0, "slo_attainment": 0.0, "ttft_slo_ms": 1000, "ttft_slo_attainment": 0.0, "tpot_slo_ms": 50, "tpot_slo_attainment": 37.39376770538244, "Latency": {"unit": "s", "min": 9.415515421998862, "p50": 22.73924149600134, "p90": 33.73318700249729, "p95": 36.763069389498924, "p99": 45.40390233579929, "max": 49.151099987000634}, "Throughput": {"unit": "tokens/s", "min": 2.082062263711027, "p50": 8.791085550027905, "p90": 13.665919330378344, "p95": 14.645613457358005, "p99": 19.203113858769953, "max": 21.124166909151093}, "TTFT": {"unit": "s", "min": 1.9328031429977273, "p50": 10.29501270900073, "p90": 22.485238495501108, "p95": 26.483324177501345, "p99": 32.63444662305047, "max": 36.69867238900042}, "TPOT": {"unit": "ms", "min": 16.814147150759695, "p50": 56.24506826060897, "p90": 77.23758160803908, "p95": 83.29724819848697, "p99": 92.89721653392316, "max": 143.89831305771412}, "Input Tokens per Minute": {"unit": "tokens/min", "min": 1335558.902735353, "p50": 1335558.902735353, "p90": 1335558.902735353, "p95": 1335558.902735353, "p99": 1335558.902735353, "max": 1335558.902735353}, "Output Tokens per Minute": {"unit": "tokens/min", "min": 67964.28171938098, "p50": 67964.28171938098, "p90": 67964.28171938098, "p95": 67964.28171938098, "p99": 67964.28171938098, "max": 67964.28171938098}, "exceptions": {"Request timed out.": 7}}
{"actual_qps": 4.854513000034949, "success_rate": 100.0, "input_tokens": 4067, "output_tokens": 200, "model": "QwQ-32B", "input_tokens_per_minute": 1267897.4692871033, "output_tokens_per_minute": 62345.31184197744, "slo_seconds": 5.0, "slo_attainment": 0.0, "ttft_slo_ms": 1000, "ttft_slo_attainment": 2.5316455696202533, "tpot_slo_ms": 50, "tpot_slo_attainment": 37.65822784810127, "Latency": {"unit": "s", "min": 5.3206133319981745, "p50": 19.28537526150103, "p90": 24.511171275004017, "p95": 25.721883639000225, "p99": 31.136224153353464, "max": 35.77423354000348}, "Throughput": {"unit": "tokens/s", "min": 5.590615932451939, "p50": 10.370730868307527, "p90": 19.054726280926197, "p95": 22.23227717442997, "p99": 27.134682144730494, "max": 37.58965132782715}, "TTFT": {"unit": "s", "min": 0.43365346799691906, "p50": 5.147260867503064, "p90": 8.570812857004057, "p95": 9.64700890425047, "p99": 12.468856777900877, "max": 13.701400793004723}, "TPOT": {"unit": "ms", "min": 10.422182170858187, "p50": 61.783014939707144, "p90": 98.91566954773673, "p95": 104.02567438444264, "p99": 111.85431515529201, "max": 123.69032705022227}, "Input Tokens per Minute": {"unit": "tokens/min", "min": 1267897.4692871033, "p50": 1267897.4692871033, "p90": 1267897.4692871033, "p95": 1267897.4692871033, "p99": 1267897.4692871033, "max": 1267897.4692871033}, "Output Tokens per Minute": {"unit": "tokens/min", "min": 62345.31184197744, "p50": 62345.31184197744, "p90": 62345.31184197744, "p95": 62345.31184197744, "p99": 62345.31184197744, "max": 62345.31184197744}}
{"actual_qps": 4.770546035393186, "success_rate": 100.0, "input_tokens": 3972, "output_tokens": 199, "model": "QwQ-32B", "input_tokens_per_minute": 1223160.1345328987, "output_tokens_per_minute": 61301.02474593281, "slo_seconds": 5.0, "slo_attainment": 0.0, "ttft_slo_ms": 1000, "ttft_slo_attainment": 3.1948881789137378, "tpot_slo_ms": 50, "tpot_slo_attainment": 5.7507987220447285, "Latency": {"unit": "s", "min": 6.657650634995662, "p50": 25.152291988997604, "p90": 33.676038373803024, "p95": 34.45811748080305, "p99": 35.99366040155961, "max": 37.454341158001625}, "Throughput": {"unit": "tokens/s", "min": 4.597603791379853, "p50": 7.923627352655124, "p90": 13.543953039901739, "p95": 17.229695066470946, "p99": 27.527298753449006, "max": 30.040627086784696}, "TTFT": {"unit": "s", "min": 0.2177161670042551, "p50": 5.146377630997449, "p90": 8.856863167001576, "p95": 9.70213033359905, "p99": 11.048449891919445, "max": 11.211883010000747}, "TPOT": {"unit": "ms", "min": 29.19111229144692, "p50": 100.5536962763641, "p90": 129.7473467587951, "p95": 132.6013422603005, "p99": 135.83570509166637, "max": 137.18047876136552}, "Input Tokens per Minute": {"unit": "tokens/min", "min": 1223160.1345328987, "p50": 1223160.1345328987, "p90": 1223160.1345328987, "p95": 1223160.1345328987, "p99": 1223160.1345328987, "max": 1223160.1345328987}, "Output Tokens per Minute": {"unit": "tokens/min", "min": 61301.02474593281, "p50": 61301.02474593281, "p90": 61301.02474593281, "p95": 61301.02474593281, "p99": 61301.02474593281, "max": 61301.02474593281}}
{"actual_qps": 5.533309546005088, "success_rate": 100.0, "input_tokens": 3919, "output_tokens": 199, "model": "QwQ-32B", "input_tokens_per_minute": 1218254.8328672275, "output_tokens_per_minute": 62069.230200292, "slo_seconds": 5.0, "slo_attainment": 0.0, "ttft_slo_ms": 1000, "ttft_slo_attainment": 52.84810126582279, "tpot_slo_ms": 50, "tpot_slo_attainment": 63.92405063291139, "Latency": {"unit": "s", "min": 5.670811680996849, "p50": 10.028114470496803, "p90": 18.616512540003896, "p95": 21.556788854748447, "p99": 24.7642032489981, "max": 25.78867583900137}, "Throughput": {"unit": "tokens/s", "min": 7.755341966706605, "p50": 19.875967399343963, "p90": 27.725763088064607, "p95": 30.15586779689701, "p99": 33.86769443571846, "max": 35.26831981922609}, "TTFT": {"unit": "s", "min": 0.09632775800128002, "p50": 0.9167131684989727, "p90": 2.6545091820044036, "p95": 3.078980040498209, "p99": 3.4673446499462455, "max": 4.312910385997384}, "TPOT": {"unit": "ms", "min": 26.81537727134603, "p50": 45.872845897006, "p90": 80.78596897713882, "p95": 94.57082004521922, "p99": 111.80999478692777, "max": 115.71488353771412}, "Input Tokens per Minute": {"unit": "tokens/min", "min": 1218254.8328672275, "p50": 1218254.8328672275, "p90": 1218254.8328672275, "p95": 1218254.8328672275, "p99": 1218254.8328672275, "max": 1218254.8328672275}, "Output Tokens per Minute": {"unit": "tokens/min", "min": 62069.230200292, "p50": 62069.230200292, "p90": 62069.230200292, "p95": 62069.230200292, "p99": 62069.230200292, "max": 62069.230200292}}
{"actual_qps": 4.672128253578464, "success_rate": 100.0, "input_tokens": 3951, "output_tokens": 199, "model": "QwQ-32B", "input_tokens_per_minute": 1228293.665412245, "output_tokens_per_minute": 62144.223802334185, "slo_seconds": 5.0,