{"actual_qps": 1.2309701753573117, "success_rate": 100.0, "input_tokens": 3624, "output_tokens": 197, "model": "QwQ-32B", "input_tokens_per_minute": 197242.23847174, "output_tokens_per_minute": 10765.806002059182, "slo_seconds": 5.0, "slo_attainment": 0.0, "ttft_slo_ms": 1000, "ttft_slo_attainment": 10.714285714285714, "tpot_slo_ms": 50, "tpot_slo_attainment": 66.07142857142857, "Latency": {"unit": "s", "min": 5.940357714003767, "p50": 10.977371503999166, "p90": 16.043685364995326, "p95": 17.851618042499467, "p99": 20.106761238247056, "max": 20.610532398997748}, "Throughput": {"unit": "tokens/s", "min": 8.682351640723159, "p50": 17.724852029322864, "p90": 28.992108119372187, "p95": 30.71346696214642, "p99": 32.32545459646935, "max": 33.66800614187275}, "TTFT": {"unit": "s", "min": 0.22723070900246967, "p50": 2.120820765001554, "p90": 3.933612530501705, "p95": 4.651654332496037, "p99": 9.727081033598399, "max": 15.533434590994148}, "TPOT": {"unit": "ms", "min": 22.259191608017815, "p50": 44.425776444722715, "p90": 68.64366879898483, "p95": 76.92853283417628, "p99": 87.76024385188906, "max": 94.52376902010117}, "Input Tokens per Minute": {"unit": "tokens/min", "min": 197242.23847174, "p50": 197242.23847174, "p90": 197242.23847174, "p95": 197242.23847174, "p99": 197242.23847174, "max": 197242.23847174}, "Output Tokens per Minute": {"unit": "tokens/min", "min": 10765.806002059182, "p50": 10765.806002059182, "p90": 10765.806002059182, "p95": 10765.806002059182, "p99": 10765.806002059182, "max": 10765.806002059182}}
{"actual_qps": 1.0183292735005502, "success_rate": 100.0, "input_tokens": 4198, "output_tokens": 198, "model": "QwQ-32B", "input_tokens_per_minute": 306043.15711829514, "output_tokens_per_minute": 14438.308338381772, "slo_seconds": 5.0, "slo_attainment": 0.0, "ttft_slo_ms": 1000, "ttft_slo_attainment": 13.333333333333334, "tpot_slo_ms": 50, "tpot_slo_attainment": 60.0, "Latency": {"unit": "s", "min": 5.7240891809997265, "p50": 11.437187972005631, "p90": 18.23378943760181, "p95": 19.25167626450202, "p99": 20.10347820633761, "max": 20.939479300999665}, "Throughput": {"unit": "tokens/s", "min": 6.996671286500043, "p50": 17.310643013326608, "p90": 24.23295299848719, "p95": 28.42699154498703, "p99": 34.59906681270988, "max": 34.94005660566412}, "TTFT": {"unit": "s", "min": 0.3120192590067745, "p50": 2.2775409429959836, "p90": 5.122058363401448, "p95": 5.407264897301502, "p99": 6.844771590995667, "max": 7.866520226998546}, "TPOT": {"unit": "ms", "min": 23.70532274873045, "p50": 42.18296360304338, "p90": 72.13494589547311, "p95": 79.072300425125, "p99": 98.6704418848117, "max": 119.22946082138098}, "Input Tokens per Minute": {"unit": "tokens/min", "min": 306043.15711829514, "p50": 306043.15711829514, "p90": 306043.15711829514, "p95": 306043.15711829514, "p99": 306043.15711829514, "max": 306043.15711829514}, "Output Tokens per Minute": {"unit": "tokens/min", "min": 14438.308338381772, "p50": 14438.308338381772, "p90": 14438.308338381772, "p95": 14438.308338381772, "p99": 14438.308338381772, "max": 14438.308338381772}}
{"actual_qps": 1.0474352572111691, "success_rate": 100.0, "input_tokens": 4101, "output_tokens": 198, "model": "QwQ-32B", "input_tokens_per_minute": 146210.08055152278, "output_tokens_per_minute": 7076.284997374084, "slo_seconds": 5.0, "slo_attainment": 0.0, "ttft_slo_ms": 1000, "ttft_slo_attainment": 5.263157894736842, "tpot_slo_ms": 50, "tpot_slo_attainment": 42.10526315789473, "Latency": {"unit": "s", "min": 5.338529579996248, "p50": 15.658821708497271, "p90": 25.534308660698308, "p95": 29.040292096649498, "p99": 30.861343635547964, "max": 31.04228720899846}, "Throughput": {"unit": "tokens/s", "min": 6.442824224048301, "p50": 12.007718537478766, "p90": 23.77849678111431, "p95": 27.435394811671888, "p99": 36.77646559754246, "max": 37.463499452997425}, "TTFT": {"unit": "s", "min": 0.49377602899767226, "p50": 3.5991721840000537, "p90": 6.6039138759027995, "p95": 7.260824517449873, "p99": 7.60160950604739, "max": 7.637705016997643}, "TPOT": {"unit": "ms", "min": 21.66279384924272, "p50": 59.197569065342655, "p90": 116.15850362060115, "p95": 132.8909303045083, "p99": 135.37540994808398, "max": 135.39018932662393}, "Input Tokens per Minute": {"unit": "tokens/min", "min": 146210.08055152278, "p50": 146210.08055152278, "p90": 146210.08055152278, "p95": 146210.08055152278, "p99": 146210.08055152278, "max": 146210.08055152278}, "Output Tokens per Minute": {"unit": "tokens/min", "min": 7076.284997374084, "p50": 7076.284997374084, "p90": 7076.284997374084, "p95": 7076.284997374084, "p99": 7076.284997374084, "max": 7076.284997374084}}
{"actual_qps": 1.2130985494881408, "success_rate": 100.0, "input_tokens": 4034, "output_tokens": 200, "model": "QwQ-32B", "input_tokens_per_minute": 359476.0282679818, "output_tokens_per_minute": 17822.032734637804, "slo_seconds": 5.0, "slo_attainment": 0.0, "ttft_slo_ms": 1000, "ttft_slo_attainment": 10.526315789473683, "tpot_slo_ms": 50, "tpot_slo_attainment": 31.57894736842105, "Latency": {"unit": "s", "min": 6.664511595001386, "p50": 19.250538649997907, "p90": 32.5142191514009, "p95": 34.032947718997455, "p99": 35.09347214307811, "max": 36.502155360998586}, "Throughput": {"unit": "tokens/s", "min": 5.479128506852331, "p50": 10.38931967755727, "p90": 23.089065295390412, "p95": 26.204773739482054, "p99": 29.793378902187055, "max": 30.00970095843286}, "TTFT": {"unit": "s", "min": 0.19606960599776357, "p50": 3.291409207995457, "p90": 8.842089351599862, "p95": 9.554880014101945, "p99": 10.24735226826044, "max": 11.559007372998167}, "TPOT": {"unit": "ms", "min": 28.79005531156225, "p50": 79.83975540202354, "p90": 120.45259349948748, "p95": 124.38423197234434, "p99": 125.40373722191059, "max": 126.36386921606493}, "Input Tokens per Minute": {"unit": "tokens/min", "min": 359476.0282679818, "p50": 359476.0282679818, "p90": 359476.0282679818, "p95": 359476.0282679818, "p99": 359476.0282679818, "max": 359476.0282679818}, "Output Tokens per Minute": {"unit": "tokens/min", "min": 17822.032734637804, "p50": 17822.032734637804, "p90": 17822.032734637804, "p95": 17822.032734637804, "p99": 17822.032734637804, "max": 17822.032734637804}}
{"actual_qps": 1.262285257766651, "success_rate": 100.0, "input_tokens": 3780, "output_tokens": 198, "model": "QwQ-32B", "input_tokens_per_minute": 269496.336997687, "output_tokens_per_minute": 14174.144034374309, "slo_seconds": 5.0, "slo_attainment": 0.0, "ttft_slo_ms": 1000, "ttft_slo_attainment": 32.89473684210527, "tpot_slo_ms": 50, "tpot_slo_attainment": 67.10526315789474, "Latency": {"unit": "s", "min": 5.751534761002404, "p50": 9.778223646000697, "p90": 18.033892441999342, "p95": 20.570410956748674, "p99": 23.617876147998686, "max": 24.359097088999988}, "Throughput": {"unit": "tokens/s", "min": 8.210484948159898, "p50": 20.063450445058223, "p90": 27.104283563182648, "p95": 29.013740290739374, "p99": 30.37543613990387, "max": 30.76201632865442}, "TTFT": {"unit": "s", "min": 0.2747453799966024, "p50": 1.2876438710009097, "p90": 2.3919145280015073, "p95": 2.6137995332519495, "p99": 3.432814860247163, "max": 4.686224985998706}, "TPOT": {"unit": "ms", "min": 29.744105648251434, "p50": 41.79960462812717, "p90": 79.34448414824548, "p95": 90.01651125124488, "p99": 107.34038391208412, "max": 108.83186774876937}, "Input Tokens per Minute": {"unit": "tokens/min", "min": 269496.336997687, "p50": 269496.336997687, "p90": 269496.336997687, "p95": 269496.336997687, "p99": 269496.336997687, "max": 269496.336997687}, "Output Tokens per Minute": {"unit": "tokens/min", "min": 14174.144034374309, "p50": 14174.144034374309, "p90": 14174.144034374309, "p95": 14174.144034374309, "p99": 14174.144034374309, "max": 14174.144034374309}}
{"actual_qps": 1.0000191289888498, "success_rate": 100.0, "input_tokens": 3749, "output_tokens": 200, "model": "QwQ-32B", "input_tokens_per_minute": 242666.6737182741, "output_tokens_per_minute": 12944.4237756843, "slo_seconds": 5.0, "slo_attainment": 0.0, "ttft_slo_ms": 1000,