{"target_qps": 3.0, "actual_qps": 2.9996957519138165, "success_rate": 100.0, "input_tokens": 3659, "output_tokens": 200, "model": "QwQ-32B", "input_tokens_per_minute": 658765.7142857143, "output_tokens_per_minute": 36000.0, "slo_seconds": 5.0, "slo_attainment": 0.0, "ttft_slo_ms": 1000, "ttft_slo_attainment": 5.952380952380952, "tpot_slo_ms": 50, "tpot_slo_attainment": 2.380952380952381, "Latency": {"unit": "s", "min": 10.389796444986132, "p50": 27.498132702501607, "p90": 33.27030195539701, "p95": 33.7060118026493, "p99": 35.62351395187407, "max": 43.6520020809985}, "Throughput": {"unit": "tokens/s", "min": 4.581691342103619, "p50": 7.27326433482877, "p90": 11.742534401061514, "p95": 13.305908381469955, "p99": 16.392964874504628, "max": 19.24965528044731}, "TTFT": {"unit": "s", "min": 0.257385617995169, "p50": 6.201996173003863, "p90": 9.160744601795159, "p95": 9.613069801552045, "p99": 11.482139433529824, "max": 18.195266341994284}, "TPOT": {"unit": "ms", "min": 23.431349331679773, "p50": 107.14070235677976, "p90": 127.46728431907584, "p95": 130.257757183642, "p99": 133.31111683048093, "max": 136.55039007535927}, "Input Tokens per Minute": {"unit": "tokens/min", "min": 658765.7142857143, "p50": 658765.7142857143, "p90": 658765.7142857143, "p95": 658765.7142857143, "p99": 658765.7142857143, "max": 658765.7142857143}, "Output Tokens per Minute": {"unit": "tokens/min", "min": 36000.0, "p50": 36000.0, "p90": 36000.0, "p95": 36000.0, "p99": 36000.0, "max": 36000.0}}
{"target_qps": 3.0, "actual_qps": 2.999788564552811, "success_rate": 100.0, "input_tokens": 3618, "output_tokens": 198, "model": "QwQ-32B", "input_tokens_per_minute": 791668.1018117998, "output_tokens_per_minute": 43456.14488954838, "slo_seconds": 5.0, "slo_attainment": 0.0, "ttft_slo_ms": 1000, "ttft_slo_attainment": 5.454545454545454, "tpot_slo_ms": 50, "tpot_slo_attainment": 26.81818181818182, "Latency": {"unit": "s", "min": 6.117245980000007, "p50": 26.2253818695026, "p90": 36.86275342529988, "p95": 40.94516546104786, "p99": 43.50372165756926, "max": 45.30279371299548}, "Throughput": {"unit": "tokens/s", "min": 3.701577330893003, "p50": 7.556206494855976, "p90": 17.01941187291495, "p95": 23.02975898060145, "p99": 31.476954191438903, "max": 32.694451171963465}, "TTFT": {"unit": "s", "min": 0.3765607120003551, "p50": 6.1339851719967555, "p90": 14.356179315806365, "p95": 17.64285668794109, "p99": 20.571973324783468, "max": 21.971432120000827}, "TPOT": {"unit": "ms", "min": 13.653680522623121, "p50": 92.28656914575966, "p90": 160.98932434974972, "p95": 175.21911494122148, "p99": 183.600827583625, "max": 225.04522829395307}, "Input Tokens per Minute": {"unit": "tokens/min", "min": 791668.1018117998, "p50": 791668.1018117998, "p90": 791668.1018117998, "p95": 791668.1018117998, "p99": 791668.1018117998, "max": 791668.1018117998}, "Output Tokens per Minute": {"unit": "tokens/min", "min": 43456.14488954838, "p50": 43456.14488954838, "p90": 43456.14488954838, "p95": 43456.14488954838, "p99": 43456.14488954838, "max": 43456.14488954838}}
{"target_qps": 3.0, "actual_qps": 2.9992740932892925, "success_rate": 100.0, "input_tokens": 3709, "output_tokens": 197, "model": "QwQ-32B", "input_tokens_per_minute": 667796.8421052631, "output_tokens_per_minute": 35501.05263157895, "slo_seconds": 5.0, "slo_attainment": 0.0, "ttft_slo_ms": 1000, "ttft_slo_attainment": 4.385964912280701, "tpot_slo_ms": 50, "tpot_slo_attainment": 0.0, "Latency": {"unit": "s", "min": 12.092158177008969, "p50": 33.09438813699671, "p90": 40.7176908879017, "p95": 43.115475486493956, "p99": 48.37547249478697, "max": 48.93552647301112}, "Throughput": {"unit": "tokens/s", "min": 1.898436273646104, "p50": 5.9853509890480705, "p90": 8.2805717197979, "p95": 8.862430615255512, "p99": 11.413172312252332, "max": 11.64841314664928}, "TTFT": {"unit": "s", "min": 0.235331594987656, "p50": 5.4015228990028845, "p90": 15.027743232890499, "p95": 18.655031026456697, "p99": 22.35293105142934, "max": 23.275137047996395}, "TPOT": {"unit": "ms", "min": 69.5060407337013, "p50": 125.70687341710011, "p90": 177.47171858843183, "p95": 186.60886553142103, "p99": 191.81857852611853, "max": 490.3733970000758}, "Input Tokens per Minute": {"unit": "tokens/min", "min": 667796.8421052631, "p50": 667796.8421052631, "p90": 667796.8421052631, "p95": 667796.8421052631, "p99": 667796.8421052631, "max": 667796.8421052631}, "Output Tokens per Minute": {"unit": "tokens/min", "min": 35501.05263157895, "p50": 35501.05263157895, "p90": 35501.05263157895, "p95": 35501.05263157895, "p99": 35501.05263157895, "max": 35501.05263157895}}
{"target_qps": 3.0, "actual_qps": 2.999957202160402, "success_rate": 100.0, "input_tokens": 3590, "output_tokens": 199, "model": "QwQ-32B", "input_tokens_per_minute": 646338.4615384615, "output_tokens_per_minute": 35854.08284023669, "slo_seconds": 5.0, "slo_attainment": 0.0, "ttft_slo_ms": 1000, "ttft_slo_attainment": 0.0, "tpot_slo_ms": 50, "tpot_slo_attainment": 0.0, "Latency": {"unit": "s", "min": 21.350677907001227, "p50": 40.08414631000778, "p90": 49.27161368040252, "p95": 50.84087086560612, "p99": 54.52532771955768, "max": 57.420923060999485}, "Throughput": {"unit": "tokens/s", "min": 2.0377569349743285, "p50": 4.975813464034215, "p90": 7.212877152777363, "p95": 7.879105288174268, "p99": 8.98522438486826, "max": 9.367384064859918}, "TTFT": {"unit": "s", "min": 1.052330828999402, "p50": 13.870209297994734, "p90": 19.410151732794475, "p95": 20.625330077402758, "p99": 23.48423159736092, "max": 25.45505823599524}, "TPOT": {"unit": "ms", "min": 60.718782386951965, "p50": 134.78613042710793, "p90": 157.30005728243793, "p95": 158.41751984224348, "p99": 164.0120310437849, "max": 168.70375485473966}, "Input Tokens per Minute": {"unit": "tokens/min", "min": 646338.4615384615, "p50": 646338.4615384615, "p90": 646338.4615384615, "p95": 646338.4615384615, "p99": 646338.4615384615, "max": 646338.4615384615}, "Output Tokens per Minute": {"unit": "tokens/min", "min": 35854.08284023669, "p50": 35854.08284023669, "p90": 35854.08284023669, "p95": 35854.08284023669, "p99": 35854.08284023669, "max": 35854.08284023669}}
{"target_qps": 3.0, "actual_qps": 2.9999856775684584, "success_rate": 100.0, "input_tokens": 3757, "output_tokens": 199, "model": "QwQ-32B", "input_tokens_per_minute": 739896.0047985204, "output_tokens_per_minute": 39210.16670369026, "slo_seconds": 5.0, "slo_attainment": 0.0, "ttft_slo_ms": 1000, "ttft_slo_attainment": 0.0, "tpot_slo_ms": 50, "tpot_slo_attainment": 0.5050505050505051, "Latency": {"unit": "s", "min": 17.57027287001256, "p50": 38.88482205399487, "p90": 48.75431752380537, "p95": 51.19768537825075, "p99": 55.06054498181474, "max": 56.716069108995725}, "Throughput": {"unit": "tokens/s", "min": 3.1700295808126735, "p50": 5.137194399732923, "p90": 7.747025426124248, "p95": 8.881830353729356, "p99": 9.941645147294343, "max": 11.382862490504795}, "TTFT": {"unit": "s", "min": 4.755102688999614, "p50": 13.065534935500182, "p90": 19.074312393499717, "p95": 20.40675174594289, "p99": 22.53820074167699, "max": 24.216118595999433}, "TPOT": {"unit": "ms", "min": 48.96051325124803, "p50": 129.81981799494503, "p90": 158.07120054170497, "p95": 161.86483952313836, "p99": 169.22518545513373, "max": 192.4896714924431}, "Input Tokens per Minute": {"unit": "tokens/min", "min": 739896.0047985204, "p50": 739896.0047985204, "p90": 739896.0047985204, "p95": 739896.0047985204, "p99": 739896.0047985204, "max": 739896.0047985204}, "Output Tokens per Minute": {"unit": "tokens/min", "min": 39210.16670369026, "p50": 39210.16670369026, "p90": 39210.16670369026, "p95": 39210.16670369026, "p99": 39210.16670369026, "max": 39210.16670369026}}
{"target_qps": 3.0, "actual_qps": 2.999967165109359, "success_rate": 100.0, "input_tokens": 3740, "output_tokens": 198, "model": "QwQ-32B", "input_tokens_per_minute": 1052656.5478425378, "output_tokens_per_minute": 55918.63777089729, "slo_seconds": 5.0, "slo_attainment": 4.593639575971731, "ttft_slo_ms": 1000,