{"target_qps": 5.0, "actual_qps": 4.992676079076436, "success_rate": 100.0, "input_tokens": 3776, "output_tokens": 200, "model": "QwQ-32B", "input_tokens_per_minute": 1132965.0, "output_tokens_per_minute": 60000.0, "slo_seconds": 5.0, "slo_attainment": 0.0, "ttft_slo_ms": 1000, "ttft_slo_attainment": 0.0, "tpot_slo_ms": 50, "tpot_slo_attainment": 22.5, "Latency": {"unit": "s", "min": 10.05256948900933, "p50": 15.449441819502681, "p90": 16.622553191801128, "p95": 16.680070750503365, "p99": 18.587681304683446, "max": 25.420779833002598}, "Throughput": {"unit": "tokens/s", "min": 7.867579252637618, "p50": 12.945451518903987, "p90": 16.961344427369745, "p95": 17.86541016661582, "p99": 19.312489620890386, "max": 19.89541084184137}, "TTFT": {"unit": "s", "min": 1.021017357998062, "p50": 4.038144647500303, "p90": 5.2900128349021545, "p95": 5.447975908246734, "p99": 7.849097334430942, "max": 13.862840613001026}, "TPOT": {"unit": "ms", "min": 37.30900122607993, "p50": 55.704289590438236, "p90": 61.817666701007234, "p95": 64.27602761510782, "p99": 66.79536282603047, "max": 67.0297002362353}, "Input Tokens per Minute": {"unit": "tokens/min", "min": 1132965.0, "p50": 1132965.0, "p90": 1132965.0, "p95": 1132965.0, "p99": 1132965.0, "max": 1132965.0}, "Output Tokens per Minute": {"unit": "tokens/min", "min": 60000.0, "p50": 60000.0, "p90": 60000.0, "p95": 60000.0, "p99": 60000.0, "max": 60000.0}}
{"target_qps": 5.0, "actual_qps": 4.9941504203019775, "success_rate": 100.0, "input_tokens": 4005, "output_tokens": 199, "model": "QwQ-32B", "input_tokens_per_minute": 1219511.0590752102, "output_tokens_per_minute": 60860.72140394175, "slo_seconds": 5.0, "slo_attainment": 0.0, "ttft_slo_ms": 1000, "ttft_slo_attainment": 1.929260450160772, "tpot_slo_ms": 50, "tpot_slo_attainment": 0.0, "Latency": {"unit": "s", "min": 12.119146857003216, "p50": 29.449550987003022, "p90": 41.9956931820052, "p95": 45.05945855600294, "p99": 48.72814144079457, "max": 50.87924878699414}, "Throughput": {"unit": "tokens/s", "min": 3.9308756471090907, "p50": 6.791275021078116, "p90": 10.637030879751409, "p95": 12.338408779162451, "p99": 14.074844730691577, "max": 16.502811819994346}, "TTFT": {"unit": "s", "min": 0.4665730739943683, "p50": 6.769118553987937, "p90": 17.69368392499746, "p95": 18.554845482991368, "p99": 19.82186199129937, "max": 22.873166204997688}, "TPOT": {"unit": "ms", "min": 58.00167966834984, "p50": 99.88557222611082, "p90": 156.9020454221184, "p95": 169.18471429146587, "p99": 185.19981549347838, "max": 192.82509411051026}, "Input Tokens per Minute": {"unit": "tokens/min", "min": 1219511.0590752102, "p50": 1219511.0590752102, "p90": 1219511.0590752102, "p95": 1219511.0590752102, "p99": 1219511.0590752102, "max": 1219511.0590752102}, "Output Tokens per Minute": {"unit": "tokens/min", "min": 60860.72140394175, "p50": 60860.72140394175, "p90": 60860.72140394175, "p95": 60860.72140394175, "p99": 60860.72140394175, "max": 60860.72140394175}}
{"target_qps": 5.0, "actual_qps": 4.999946161329793, "success_rate": 100.0, "input_tokens": 3984, "output_tokens": 199, "model": "QwQ-32B", "input_tokens_per_minute": 1443238.747915189, "output_tokens_per_minute": 72371.28715644778, "slo_seconds": 5.0, "slo_attainment": 0.0, "ttft_slo_ms": 1000, "ttft_slo_attainment": 0.0, "tpot_slo_ms": 50, "tpot_slo_attainment": 5.9459459459459465, "Latency": {"unit": "s", "min": 18.956860567006515, "p50": 39.541955091495765, "p90": 54.677293162094465, "p95": 57.83884271290881, "p99": 61.100992190394614, "max": 67.51658486000088}, "Throughput": {"unit": "tokens/s", "min": 2.962235136962427, "p50": 5.019428792246536, "p90": 7.256248075332828, "p95": 7.84041792872567, "p99": 9.103321774232176, "max": 10.550270140620762}, "TTFT": {"unit": "s", "min": 1.6724996679986361, "p50": 11.855425370500598, "p90": 22.383378245905625, "p95": 23.61840527865934, "p99": 26.442426577696754, "max": 32.10744725998666}, "TPOT": {"unit": "ms", "min": 18.359125979889964, "p50": 137.1565746030043, "p90": 195.2634852225998, "p95": 199.90304784123006, "p99": 208.98251527976163, "max": 221.43993102536461}, "Input Tokens per Minute": {"unit": "tokens/min", "min": 1443238.747915189, "p50": 1443238.747915189, "p90": 1443238.747915189, "p95": 1443238.747915189, "p99": 1443238.747915189, "max": 1443238.747915189}, "Output Tokens per Minute": {"unit": "tokens/min", "min": 72371.28715644778, "p50": 72371.28715644778, "p90": 72371.28715644778, "p95": 72371.28715644778, "p99": 72371.28715644778, "max": 72371.28715644778}}
{"target_qps": 5.0, "actual_qps": 4.999909942872215, "success_rate": 100.0, "input_tokens": 4070, "output_tokens": 199, "model": "QwQ-32B", "input_tokens_per_minute": 1221018.6131386862, "output_tokens_per_minute": 59751.459854014596, "slo_seconds": 5.0, "slo_attainment": 0.0, "ttft_slo_ms": 1000, "ttft_slo_attainment": 0.0, "tpot_slo_ms": 50, "tpot_slo_attainment": 0.0, "Latency": {"unit": "s", "min": 20.60238461800327, "p50": 39.04468456449831, "p90": 50.03827873859264, "p95": 52.82158548769293, "p99": 57.2871451386917, "max": 59.32191187200078}, "Throughput": {"unit": "tokens/s", "min": 1.6698729970819228, "p50": 5.11491753885994, "p90": 7.479464625891878, "p95": 8.317525807237843, "p99": 9.20249890874883, "max": 9.707614128571855}, "TTFT": {"unit": "s", "min": 5.215172253010678, "p50": 15.069463398496737, "p90": 22.876179800601676, "p95": 25.40242401025024, "p99": 30.05658528851299, "max": 31.68409297199105}, "TPOT": {"unit": "ms", "min": 52.424532296539674, "p50": 120.78095314319769, "p90": 156.82891158693604, "p95": 160.58086888490527, "p99": 167.7147232888384, "max": 190.68951183920095}, "Input Tokens per Minute": {"unit": "tokens/min", "min": 1221018.6131386862, "p50": 1221018.6131386862, "p90": 1221018.6131386862, "p95": 1221018.6131386862, "p99": 1221018.6131386862, "max": 1221018.6131386862}, "Output Tokens per Minute": {"unit": "tokens/min", "min": 59751.459854014596, "p50": 59751.459854014596, "p90": 59751.459854014596, "p95": 59751.459854014596, "p99": 59751.459854014596, "max": 59751.459854014596}}
{"target_qps": 5.0, "actual_qps": 4.999941430769788, "success_rate": 100.0, "input_tokens": 4020, "output_tokens": 199, "model": "QwQ-32B", "input_tokens_per_minute": 1206166.9014084507, "output_tokens_per_minute": 59724.295774647886, "slo_seconds": 5.0, "slo_attainment": 0.0, "ttft_slo_ms": 1000, "ttft_slo_attainment": 0.0, "tpot_slo_ms": 50, "tpot_slo_attainment": 0.35211267605633806, "Latency": {"unit": "s", "min": 17.170211577002192, "p50": 38.743968417998985, "p90": 48.30449774860026, "p95": 50.40531532805544, "p99": 53.77497894153596, "max": 56.306452265998814}, "Throughput": {"unit": "tokens/s", "min": 1.5892640375878122, "p50": 5.149302558658219, "p90": 7.7035207154589855, "p95": 8.615195592706355, "p99": 10.419961195783303, "max": 11.648080112645806}, "TTFT": {"unit": "s", "min": 4.623691797998617, "p50": 13.47556195850484, "p90": 19.136098987695007, "p95": 20.420275560954178, "p99": 22.609884257453974, "max": 24.172825433997787}, "TPOT": {"unit": "ms", "min": 47.00321356782598, "p50": 126.50346225629949, "p90": 155.79187735675626, "p95": 159.587357011084, "p99": 186.41147368877864, "max": 327.5480768071455}, "Input Tokens per Minute": {"unit": "tokens/min", "min": 1206166.9014084507, "p50": 1206166.9014084507, "p90": 1206166.9014084507, "p95": 1206166.9014084507, "p99": 1206166.9014084507, "max": 1206166.9014084507}, "Output Tokens per Minute": {"unit": "tokens/min", "min": 59724.295774647886, "p50": 59724.295774647886, "p90": 59724.295774647886, "p95": 59724.295774647886, "p99": 59724.295774647886, "max": 59724.295774647886}}
{"target_qps": 5.0, "actual_qps": 4.9999429747335284, "success_rate": 100.0, "input_tokens": 3811, "output_tokens": 200, "model": "QwQ-32B", "input_tokens_per_minute": 1143482.2641509434, "output_tokens_per_minute": 60000.0, "slo_seconds": 5.0, "slo_attainment": 0.0, "ttft_slo_ms": 1000, "ttft_slo_attainment": 0.0, "tpot_slo_ms": 50, "tpot_slo_attainment": 0.0, "Latency": {"unit": "s",