{"target_qps": 5.0, "actual_qps": 4.999689672752759, "success_rate": 100.0, "input_tokens": 3718, "output_tokens": 200, "model": "QwQ-32B", "input_tokens_per_minute": 1115621.0526315789, "output_tokens_per_minute": 59999.99999999999, "slo_seconds": 5.0, "slo_attainment": 0.0, "ttft_slo_ms": 1000, "ttft_slo_attainment": 5.263157894736842, "tpot_slo_ms": 50, "tpot_slo_attainment": 0.0, "Latency": {"unit": "s", "min": 23.476300107999123, "p50": 42.37601965099748, "p90": 45.67033400500077, "p95": 45.68540960240061, "p99": 45.70972032608348, "max": 45.715798007004196}, "Throughput": {"unit": "tokens/s", "min": 4.374855273648677, "p50": 4.7196504449254535, "p90": 7.133596070890363, "p95": 7.496077226993266, "p99": 8.314599439637291, "max": 8.519229992798296}, "TTFT": {"unit": "s", "min": 0.9513963549979962, "p50": 5.309031202006736, "p90": 6.6667245530057695, "p95": 6.867066658809198, "p99": 7.352205378959771, "max": 7.473490058997413}, "TPOT": {"unit": "ms", "min": 113.19047112060868, "p50": 190.37296051254856, "p90": 198.7782748793831, "p95": 199.22822924519787, "p99": 202.28490938671783, "max": 203.0490794220978}, "Input Tokens per Minute": {"unit": "tokens/min", "min": 1115621.0526315789, "p50": 1115621.0526315789, "p90": 1115621.0526315789, "p95": 1115621.0526315789, "p99": 1115621.0526315789, "max": 1115621.0526315789}, "Output Tokens per Minute": {"unit": "tokens/min", "min": 59999.99999999999, "p50": 59999.99999999999, "p90": 59999.99999999999, "p95": 59999.99999999999, "p99": 59999.99999999999, "max": 59999.99999999999}}
{"target_qps": 5.0, "actual_qps": 4.983888894479875, "success_rate": 100.0, "input_tokens": 3913, "output_tokens": 200, "model": "QwQ-32B", "input_tokens_per_minute": 1174149.1803278688, "output_tokens_per_minute": 60000.0, "slo_seconds": 5.0, "slo_attainment": 0.0, "ttft_slo_ms": 1000, "ttft_slo_attainment": 3.278688524590164, "tpot_slo_ms": 50, "tpot_slo_attainment": 0.0, "Latency": {"unit": "s", "min": 19.061433497001417, "p50": 42.322593965000124, "p90": 51.837983152194646, "p95": 51.970670373999745, "p99": 52.222265676695095, "max": 58.544913177000126}, "Throughput": {"unit": "tokens/s", "min": 3.416180657665946, "p50": 4.725608268845613, "p90": 7.116475077414405, "p95": 8.021664793163863, "p99": 9.698369903819897, "max": 10.492390303775542}, "TTFT": {"unit": "s", "min": 0.25951092499599326, "p50": 5.662785142994835, "p90": 7.2467051738000015, "p95": 17.770037639302664, "p99": 20.706168274400998, "max": 24.139652554993518}, "TPOT": {"unit": "ms", "min": 61.335064407075926, "p50": 182.87094722615424, "p90": 226.26921008441929, "p95": 228.69109156133197, "p99": 232.946862212143, "max": 235.50808379897816}, "Input Tokens per Minute": {"unit": "tokens/min", "min": 1174149.1803278688, "p50": 1174149.1803278688, "p90": 1174149.1803278688, "p95": 1174149.1803278688, "p99": 1174149.1803278688, "max": 1174149.1803278688}, "Output Tokens per Minute": {"unit": "tokens/min", "min": 60000.0, "p50": 60000.0, "p90": 60000.0, "p95": 60000.0, "p99": 60000.0, "max": 60000.0}}
{"target_qps": 5.0, "actual_qps": 4.999898092910745, "success_rate": 96.64268585131894, "input_tokens": 3890, "output_tokens": 199, "model": "QwQ-32B", "input_tokens_per_minute": 1527001.6486452387, "output_tokens_per_minute": 78364.29182727552, "slo_seconds": 5.0, "slo_attainment": 0.0, "ttft_slo_ms": 1000, "ttft_slo_attainment": 0.0, "tpot_slo_ms": 50, "tpot_slo_attainment": 0.9592326139088728, "Latency": {"unit": "s", "min": 15.656260122006643, "p50": 46.68216011799814, "p90": 69.38741793939843, "p95": 76.55089732969057, "p99": 80.11994638401728, "max": 83.5723115169967}, "Throughput": {"unit": "tokens/s", "min": 2.39313710928439, "p50": 4.268264069708939, "p90": 6.415827411221294, "p95": 7.434741218448781, "p99": 8.869116349597956, "max": 12.774442838930442}, "TTFT": {"unit": "s", "min": 5.652267983998172, "p50": 13.737546909993398, "p90": 30.82174336360478, "p95": 41.438857903503234, "p99": 43.77662531056006, "max": 52.030922036996344}, "TPOT": {"unit": "ms", "min": 39.982738296472675, "p50": 158.50103142713405, "p90": 215.43182811257253, "p95": 222.72829477740046, "p99": 231.61027436804238, "max": 233.35384725627839}, "Input Tokens per Minute": {"unit": "tokens/min", "min": 1527001.6486452387, "p50": 1527001.6486452387, "p90": 1527001.6486452387, "p95": 1527001.6486452387, "p99": 1527001.6486452387, "max": 1527001.6486452387}, "Output Tokens per Minute": {"unit": "tokens/min", "min": 78364.29182727552, "p50": 78364.29182727552, "p90": 78364.29182727552, "p95": 78364.29182727552, "p99": 78364.29182727552, "max": 78364.29182727552}, "exceptions": {"Request timed out.": 14}}
{"target_qps": 5.0, "actual_qps": 4.999805646388357, "success_rate": 100.0, "input_tokens": 3879, "output_tokens": 199, "model": "QwQ-32B", "input_tokens_per_minute": 1556566.372025059, "output_tokens_per_minute": 80105.74217822654, "slo_seconds": 5.0, "slo_attainment": 0.0, "ttft_slo_ms": 1000, "ttft_slo_attainment": 0.0, "tpot_slo_ms": 50, "tpot_slo_attainment": 0.0, "Latency": {"unit": "s", "min": 19.77695257299638, "p50": 42.90045770949655, "p90": 73.93256213488934, "p95": 79.96221405104734, "p99": 88.71726039020884, "max": 90.08513457998924}, "Throughput": {"unit": "tokens/s", "min": 1.9834464527462825, "p50": 4.651809222799736, "p90": 6.699424560220978, "p95": 7.493862323085049, "p99": 9.084933670236557, "max": 10.112781494611143}, "TTFT": {"unit": "s", "min": 4.76070119200449, "p50": 15.84961189450405, "p90": 47.36373762859584, "p95": 52.98218006685855, "p99": 59.5130898437128, "max": 63.000727637991076}, "TPOT": {"unit": "ms", "min": 53.90252751257591, "p50": 132.35396571606123, "p90": 157.97273598238564, "p95": 162.54427197789516, "p99": 175.2958200726476, "max": 194.20533668850643}, "Input Tokens per Minute": {"unit": "tokens/min", "min": 1556566.372025059, "p50": 1556566.372025059, "p90": 1556566.372025059, "p95": 1556566.372025059, "p99": 1556566.372025059, "max": 1556566.372025059}, "Output Tokens per Minute": {"unit": "tokens/min", "min": 80105.74217822654, "p50": 80105.74217822654, "p90": 80105.74217822654, "p95": 80105.74217822654, "p99": 80105.74217822654, "max": 80105.74217822654}}
{"target_qps": 5.0, "actual_qps": 4.9999375701127775, "success_rate": 100.0, "input_tokens": 3805, "output_tokens": 199, "model": "QwQ-32B", "input_tokens_per_minute": 1156535.3575149865, "output_tokens_per_minute": 60739.41176530137, "slo_seconds": 5.0, "slo_attainment": 0.0, "ttft_slo_ms": 1000, "ttft_slo_attainment": 0.0, "tpot_slo_ms": 50, "tpot_slo_attainment": 0.3205128205128205, "Latency": {"unit": "s", "min": 16.722950224997476, "p50": 39.02441693399305, "p90": 49.48359801199695, "p95": 51.688447442002506, "p99": 54.32631419250581, "max": 55.872655577011756}, "Throughput": {"unit": "tokens/s", "min": 3.579568537320213, "p50": 5.125009556963625, "p90": 7.829825349776956, "p95": 8.693820004775944, "p99": 10.122698269365538, "max": 11.959612228052912}, "TTFT": {"unit": "s", "min": 5.177412728007766, "p50": 13.810430263001763, "p90": 19.09770658209455, "p95": 20.411843284446512, "p99": 22.757773704616408, "max": 23.79921113399905}, "TPOT": {"unit": "ms", "min": 49.011097412033415, "p50": 127.05729263316198, "p90": 155.76716866483883, "p95": 159.89406616960818, "p99": 179.5813771668051, "max": 192.92414520102864}, "Input Tokens per Minute": {"unit": "tokens/min", "min": 1156535.3575149865, "p50": 1156535.3575149865, "p90": 1156535.3575149865, "p95": 1156535.3575149865, "p99": 1156535.3575149865, "max": 1156535.3575149865}, "Output Tokens per Minute": {"unit": "tokens/min", "min": 60739.41176530137, "p50": 60739.41176530137, "p90": 60739.41176530137, "p95": 60739.41176530137, "p99": 60739.41176530137, "max": 60739.41176530137}}
{"target_qps": 5.0, "actual_qps": 4.9998948132959145, "success_rate": 100.0, "input_tokens": 3763, "output_tokens": 200, "model": "QwQ-32B", "input_tokens_per_minute": 1250107.146981943, "output_tokens_per_minute": 66424.44850942952, "slo_seconds": 5.0, "slo_attainment": 0.0,