{"target_qps": 5.0, "actual_qps": 4.991479864823579, "success_rate": 100.0, "input_tokens": 4000, "output_tokens": 199, "model": "QwQ-32B", "input_tokens_per_minute": 1200164.8854961833, "output_tokens_per_minute": 59713.74045801527, "slo_seconds": 5.0, "slo_attainment": 0.0, "ttft_slo_ms": 1000, "ttft_slo_attainment": 2.2900763358778624, "tpot_slo_ms": 50, "tpot_slo_attainment": 8.396946564885496, "Latency": {"unit": "s", "min": 9.645100879992242, "p50": 22.95820235699648, "p90": 29.393070514997817, "p95": 30.210088362000533, "p99": 33.631213911499074, "max": 40.501356577005936}, "Throughput": {"unit": "tokens/s", "min": 4.938106199473505, "p50": 8.710547525653284, "p90": 13.708199266605405, "p95": 15.249313352008569, "p99": 17.202701564929356, "max": 20.73591582799089}, "TTFT": {"unit": "s", "min": 0.16420660199946724, "p50": 6.003258041004301, "p90": 7.9739977449935395, "p95": 8.297601868500351, "p99": 10.865503524894281, "max": 16.63470838399371}, "TPOT": {"unit": "ms", "min": 23.858795527646073, "p50": 80.11102326129196, "p90": 118.80315595976867, "p95": 122.3281636858934, "p99": 130.89923384067328, "max": 146.27624402516207}, "Input Tokens per Minute": {"unit": "tokens/min", "min": 1200164.8854961833, "p50": 1200164.8854961833, "p90": 1200164.8854961833, "p95": 1200164.8854961833, "p99": 1200164.8854961833, "max": 1200164.8854961833}, "Output Tokens per Minute": {"unit": "tokens/min", "min": 59713.74045801527, "p50": 59713.74045801527, "p90": 59713.74045801527, "p95": 59713.74045801527, "p99": 59713.74045801527, "max": 59713.74045801527}}
{"target_qps": 5.0, "actual_qps": 4.985857116871011, "success_rate": 93.89830508474576, "input_tokens": 3921, "output_tokens": 199, "model": "QwQ-32B", "input_tokens_per_minute": 1176596.750902527, "output_tokens_per_minute": 59889.530685920574, "slo_seconds": 5.0, "slo_attainment": 0.0, "ttft_slo_ms": 1000, "ttft_slo_attainment": 1.3559322033898304, "tpot_slo_ms": 50, "tpot_slo_attainment": 4.745762711864407, "Latency": {"unit": "s", "min": 5.437359036994167, "p50": 36.686867511001765, "p90": 51.15223406219157, "p95": 53.002665830397746, "p99": 56.05276360931573, "max": 57.181903560995124}, "Throughput": {"unit": "tokens/s", "min": 3.4976100399781695, "p50": 5.4515420249500295, "p90": 8.447355845440754, "p95": 9.289407430389025, "p99": 10.721171193565072, "max": 18.023455749976648}, "TTFT": {"unit": "s", "min": 0.7904680960054975, "p50": 10.773138661010307, "p90": 23.24171933440084, "p95": 29.89275599820248, "p99": 32.21837652788673, "max": 42.25324712500151}, "TPOT": {"unit": "ms", "min": 25.39718980405447, "p50": 126.22182480402961, "p90": 199.51212566333353, "p95": 204.10220176380784, "p99": 211.09921800988218, "max": 213.62867026637198}, "Input Tokens per Minute": {"unit": "tokens/min", "min": 1176596.750902527, "p50": 1176596.750902527, "p90": 1176596.750902527, "p95": 1176596.750902527, "p99": 1176596.750902527, "max": 1176596.750902527}, "Output Tokens per Minute": {"unit": "tokens/min", "min": 59889.530685920574, "p50": 59889.530685920574, "p90": 59889.530685920574, "p95": 59889.530685920574, "p99": 59889.530685920574, "max": 59889.530685920574}, "exceptions": {"Request timed out.": 18}}
{"target_qps": 5.0, "actual_qps": 4.999925128954952, "success_rate": 85.89211618257261, "input_tokens": 4018, "output_tokens": 200, "model": "QwQ-32B", "input_tokens_per_minute": 1205439.1304347827, "output_tokens_per_minute": 60000.00000000001, "slo_seconds": 5.0, "slo_attainment": 0.0, "ttft_slo_ms": 1000, "ttft_slo_attainment": 0.0, "tpot_slo_ms": 50, "tpot_slo_attainment": 1.2448132780082988, "Latency": {"unit": "s", "min": 14.071661556008621, "p50": 44.69168464199174, "p90": 59.12569527340529, "p95": 69.07141315779882, "p99": 75.1553596956929, "max": 85.48808188200928}, "Throughput": {"unit": "tokens/s", "min": 2.3395073979556607, "p50": 4.475105416189269, "p90": 7.635890096414582, "p95": 9.192866758745037, "p99": 11.919631409736636, "max": 14.212962641543898}, "TTFT": {"unit": "s", "min": 1.4478643580077915, "p50": 24.105900747003034, "p90": 39.13160469040159, "p95": 44.31764554729888, "p99": 49.4542034031506, "max": 54.11546668301162}, "TPOT": {"unit": "ms", "min": 40.41929988943136, "p50": 103.78866174375877, "p90": 136.82449743718826, "p95": 145.76041252661906, "p99": 162.7771384602523, "max": 170.32839451760321}, "Input Tokens per Minute": {"unit": "tokens/min", "min": 1205439.1304347827, "p50": 1205439.1304347827, "p90": 1205439.1304347827, "p95": 1205439.1304347827, "p99": 1205439.1304347827, "max": 1205439.1304347827}, "Output Tokens per Minute": {"unit": "tokens/min", "min": 60000.00000000001, "p50": 60000.00000000001, "p90": 60000.00000000001, "p95": 60000.00000000001, "p99": 60000.00000000001, "max": 60000.00000000001}, "exceptions": {"Request timed out.": 34}}
{"target_qps": 5.0, "actual_qps": 4.999907063393686, "success_rate": 100.0, "input_tokens": 4124, "output_tokens": 199, "model": "QwQ-32B", "input_tokens_per_minute": 1344815.2967051503, "output_tokens_per_minute": 65005.60508976424, "slo_seconds": 5.0, "slo_attainment": 0.0, "ttft_slo_ms": 1000, "ttft_slo_attainment": 8.256880733944955, "tpot_slo_ms": 50, "tpot_slo_attainment": 4.892966360856269, "Latency": {"unit": "s", "min": 6.345282474998385, "p50": 39.212626901004114, "p90": 55.28262459599646, "p95": 59.542735992405504, "p99": 75.05775918957139, "max": 81.06018668299657}, "Throughput": {"unit": "tokens/s", "min": 2.467302484537117, "p50": 5.044982974700139, "p90": 11.011607656172828, "p95": 17.69698177877598, "p99": 27.947033117603414, "max": 31.519479359356797}, "TTFT": {"unit": "s", "min": 0.15477285700035281, "p50": 15.514923391994671, "p90": 26.875747307602442, "p95": 29.259816166305974, "p99": 46.28249597447809, "max": 49.63030473300023}, "TPOT": {"unit": "ms", "min": 28.141090005004997, "p50": 127.83891522103566, "p90": 157.4833746029862, "p95": 159.24114098394494, "p99": 164.59331781274332, "max": 171.7300159397012}, "Input Tokens per Minute": {"unit": "tokens/min", "min": 1344815.2967051503, "p50": 1344815.2967051503, "p90": 1344815.2967051503, "p95": 1344815.2967051503, "p99": 1344815.2967051503, "max": 1344815.2967051503}, "Output Tokens per Minute": {"unit": "tokens/min", "min": 65005.60508976424, "p50": 65005.60508976424, "p90": 65005.60508976424, "p95": 65005.60508976424, "p99": 65005.60508976424, "max": 65005.60508976424}}
{"target_qps": 5.0, "actual_qps": 4.999858052363349, "success_rate": 100.0, "input_tokens": 4026, "output_tokens": 199, "model": "QwQ-32B", "input_tokens_per_minute": 1288872.9826824341, "output_tokens_per_minute": 63967.5496380317, "slo_seconds": 5.0, "slo_attainment": 0.0, "ttft_slo_ms": 1000, "ttft_slo_attainment": 15.57632398753894, "tpot_slo_ms": 50, "tpot_slo_attainment": 7.476635514018691, "Latency": {"unit": "s", "min": 5.224209667998366, "p50": 34.170445947005646, "p90": 55.62149666699406, "p95": 58.97461581899552, "p99": 64.39799882519875, "max": 66.98161543199967}, "Throughput": {"unit": "tokens/s", "min": 2.985893945825206, "p50": 5.817599318675384, "p90": 16.958529026596114, "p95": 19.131949479508435, "p99": 28.825585849999865, "max": 38.283302683107884}, "TTFT": {"unit": "s", "min": 0.07020777399884537, "p50": 11.330702550010756, "p90": 27.70468068199989, "p95": 30.598180805987795, "p99": 35.16505678239338, "max": 35.739732887988794}, "TPOT": {"unit": "ms", "min": 22.82564129147166, "p50": 112.11360366336402, "p90": 153.87600506029918, "p95": 157.63992954270176, "p99": 164.81482901807288, "max": 167.58333128641814}, "Input Tokens per Minute": {"unit": "tokens/min", "min": 1288872.9826824341, "p50": 1288872.9826824341, "p90": 1288872.9826824341, "p95": 1288872.9826824341, "p99": 1288872.9826824341, "max": 1288872.9826824341}, "Output Tokens per Minute": {"unit": "tokens/min", "min": 63967.5496380317, "p50": 63967.5496380317, "p90": 63967.5496380317, "p95": 63967.5496380317, "p99": 63967.5496380317, "max": 63967.5496380317}}
{"target_qps": 5.0, "actual_qps": 4.999847254416404,