{"target_qps": 5.0, "actual_qps": 4.9963692619348485, "success_rate": 100.0, "input_tokens": 3892, "output_tokens": 200, "model": "QwQ-32B", "input_tokens_per_minute": 1167853.6082474228, "output_tokens_per_minute": 60000.00000000001, "slo_seconds": 5.0, "slo_attainment": 0.0, "ttft_slo_ms": 1000, "ttft_slo_attainment": 3.0927835051546393, "tpot_slo_ms": 50, "tpot_slo_attainment": 20.618556701030926, "Latency": {"unit": "s", "min": 8.646539796987781, "p50": 17.76785785300308, "p90": 32.75382820020313, "p95": 32.820651966406146, "p99": 38.111791711513035, "max": 41.90446593200613}, "Throughput": {"unit": "tokens/s", "min": 4.772760982672311, "p50": 11.256280957143998, "p90": 16.213762677925757, "p95": 18.75125261323495, "p99": 21.79230003139234, "max": 23.130640082137198}, "TTFT": {"unit": "s", "min": 0.32565661099215504, "p50": 4.510452036003699, "p90": 7.991431356401883, "p95": 8.354218386593857, "p99": 9.800587166332392, "max": 11.755138053995324}, "TPOT": {"unit": "ms", "min": 16.124561472386986, "p50": 66.03985518091604, "p90": 136.1980070924824, "p95": 142.73394211454274, "p99": 151.890103727586, "max": 169.47952484923775}, "Input Tokens per Minute": {"unit": "tokens/min", "min": 1167853.6082474228, "p50": 1167853.6082474228, "p90": 1167853.6082474228, "p95": 1167853.6082474228, "p99": 1167853.6082474228, "max": 1167853.6082474228}, "Output Tokens per Minute": {"unit": "tokens/min", "min": 60000.00000000001, "p50": 60000.00000000001, "p90": 60000.00000000001, "p95": 60000.00000000001, "p99": 60000.00000000001, "max": 60000.00000000001}}
{"target_qps": 5.0, "actual_qps": 4.9994251774242295, "success_rate": 100.0, "input_tokens": 3849, "output_tokens": 199, "model": "QwQ-32B", "input_tokens_per_minute": 1341471.6824960033, "output_tokens_per_minute": 69526.54684034588, "slo_seconds": 5.0, "slo_attainment": 0.273972602739726, "ttft_slo_ms": 1000, "ttft_slo_attainment": 3.5616438356164384, "tpot_slo_ms": 50, "tpot_slo_attainment": 3.8356164383561646, "Latency": {"unit": "s", "min": 4.911119803990005, "p50": 31.57731310899544, "p90": 45.558081867394506, "p95": 47.64013398298994, "p99": 51.8599486801139, "max": 56.75448665799922}, "Throughput": {"unit": "tokens/s", "min": 2.4733133021541085, "p50": 6.297900381191191, "p90": 11.18719998378831, "p95": 12.375079353034407, "p99": 17.13055001874051, "max": 40.72390981737229}, "TTFT": {"unit": "s", "min": 0.4980220349971205, "p50": 6.878833028997178, "p90": 19.557093486597296, "p95": 21.677415711202777, "p99": 26.229305834237625, "max": 28.608575402002316}, "TPOT": {"unit": "ms", "min": 10.070658602968827, "p50": 112.53657152262883, "p90": 162.5602124130615, "p95": 170.37939135877042, "p99": 180.90222397042862, "max": 329.33702921567885}, "Input Tokens per Minute": {"unit": "tokens/min", "min": 1341471.6824960033, "p50": 1341471.6824960033, "p90": 1341471.6824960033, "p95": 1341471.6824960033, "p99": 1341471.6824960033, "max": 1341471.6824960033}, "Output Tokens per Minute": {"unit": "tokens/min", "min": 69526.54684034588, "p50": 69526.54684034588, "p90": 69526.54684034588, "p95": 69526.54684034588, "p99": 69526.54684034588, "max": 69526.54684034588}}
{"target_qps": 5.0, "actual_qps": 4.999963403102075, "success_rate": 100.0, "input_tokens": 3768, "output_tokens": 199, "model": "QwQ-32B", "input_tokens_per_minute": 1130479.054054054, "output_tokens_per_minute": 59885.47297297297, "slo_seconds": 5.0, "slo_attainment": 0.0, "ttft_slo_ms": 1000, "ttft_slo_attainment": 4.054054054054054, "tpot_slo_ms": 50, "tpot_slo_attainment": 5.743243243243244, "Latency": {"unit": "s", "min": 7.457698939993861, "p50": 33.74354216900247, "p90": 45.01676987099927, "p95": 49.336622286497004, "p99": 53.05803741995697, "max": 54.08274058200186}, "Throughput": {"unit": "tokens/s", "min": 2.5953333653461987, "p50": 5.923511268718865, "p90": 10.158484456478599, "p95": 15.161301211454841, "p99": 21.826164249388295, "max": 26.817923545753192}, "TTFT": {"unit": "s", "min": 0.2998278019949794, "p50": 6.592362796000089, "p90": 17.83269008600473, "p95": 19.907119761246577, "p99": 22.02528262410706, "max": 22.999767749002785}, "TPOT": {"unit": "ms", "min": 8.674812532701628, "p50": 137.81906989698203, "p90": 162.55944157788537, "p95": 169.71573140576376, "p99": 175.56657832090366, "max": 248.29171468597852}, "Input Tokens per Minute": {"unit": "tokens/min", "min": 1130479.054054054, "p50": 1130479.054054054, "p90": 1130479.054054054, "p95": 1130479.054054054, "p99": 1130479.054054054, "max": 1130479.054054054}, "Output Tokens per Minute": {"unit": "tokens/min", "min": 59885.47297297297, "p50": 59885.47297297297, "p90": 59885.47297297297, "p95": 59885.47297297297, "p99": 59885.47297297297, "max": 59885.47297297297}}
{"target_qps": 5.0, "actual_qps": 4.999925343697206, "success_rate": 100.0, "input_tokens": 3727, "output_tokens": 199, "model": "QwQ-32B", "input_tokens_per_minute": 1118267.7631578946, "output_tokens_per_minute": 59991.118421052626, "slo_seconds": 5.0, "slo_attainment": 0.3289473684210526, "ttft_slo_ms": 1000, "ttft_slo_attainment": 13.815789473684212, "tpot_slo_ms": 50, "tpot_slo_attainment": 6.907894736842106, "Latency": {"unit": "s", "min": 4.794471059998614, "p50": 36.44392746900121, "p90": 52.24167724040308, "p95": 54.617746594497284, "p99": 58.23153819487298, "max": 58.62628099300491}, "Throughput": {"unit": "tokens/s", "min": 3.4114393171871726, "p50": 5.488005634804046, "p90": 15.095709689567368, "p95": 20.822870906271607, "p99": 27.18893019252097, "max": 41.714716284064465}, "TTFT": {"unit": "s", "min": 0.13916855500428937, "p50": 11.748839246494754, "p90": 25.034112746499886, "p95": 25.546319624651368, "p99": 28.26676165204946, "max": 29.01607724200585}, "TPOT": {"unit": "ms", "min": 22.927139748760087, "p50": 108.54266691208821, "p90": 154.52193153818664, "p95": 159.6998633635707, "p99": 165.54925016191217, "max": 173.39771515074077}, "Input Tokens per Minute": {"unit": "tokens/min", "min": 1118267.7631578946, "p50": 1118267.7631578946, "p90": 1118267.7631578946, "p95": 1118267.7631578946, "p99": 1118267.7631578946, "max": 1118267.7631578946}, "Output Tokens per Minute": {"unit": "tokens/min", "min": 59991.118421052626, "p50": 59991.118421052626, "p90": 59991.118421052626, "p95": 59991.118421052626, "p99": 59991.118421052626, "max": 59991.118421052626}}
{"target_qps": 5.0, "actual_qps": 4.999920309103384, "success_rate": 100.0, "input_tokens": 3679, "output_tokens": 200, "model": "QwQ-32B", "input_tokens_per_minute": 1103991.923076923, "output_tokens_per_minute": 60000.0, "slo_seconds": 5.0, "slo_attainment": 0.0, "ttft_slo_ms": 1000, "ttft_slo_attainment": 18.461538461538463, "tpot_slo_ms": 50, "tpot_slo_attainment": 12.307692307692308, "Latency": {"unit": "s", "min": 6.061475916998461, "p50": 29.81007301349746, "p90": 55.68035417810461, "p95": 61.3118227852472, "p99": 66.81994163881407, "max": 69.44187131899525}, "Throughput": {"unit": "tokens/s", "min": 2.8801067166128003, "p50": 6.709142195029568, "p90": 19.52280619698938, "p95": 24.811017547008188, "p99": 28.881023296436965, "max": 32.99526431163923}, "TTFT": {"unit": "s", "min": 0.13198651900165714, "p50": 6.0283253169982345, "p90": 30.125661193787526, "p95": 32.97800339239329, "p99": 35.84564577286219, "max": 37.0934597710002}, "TPOT": {"unit": "ms", "min": 21.31257096989064, "p50": 103.85469466582526, "p90": 150.90175052963917, "p95": 158.44234649118135, "p99": 163.2252306091186, "max": 169.46509311557162}, "Input Tokens per Minute": {"unit": "tokens/min", "min": 1103991.923076923, "p50": 1103991.923076923, "p90": 1103991.923076923, "p95": 1103991.923076923, "p99": 1103991.923076923, "max": 1103991.923076923}, "Output Tokens per Minute": {"unit": "tokens/min", "min": 60000.0, "p50": 60000.0, "p90": 60000.0, "p95": 60000.0, "p99": 60000.0, "max": 60000.0}}
{"target_qps": 5.0, "actual_qps": 4.99963222180518, "success_rate": 100.0, "input_tokens": 3747, "output_tokens": 199, "model": "QwQ-32B", "input_tokens_per_minute": 1124346.9387755103,