{"target_qps": 5.0, "actual_qps": 4.988787790378756, "success_rate": 100.0, "input_tokens": 3959, "output_tokens": 200, "model": "QwQ-32B", "input_tokens_per_minute": 1187759.259259259, "output_tokens_per_minute": 59999.99999999999, "slo_seconds": 5.0, "slo_attainment": 0.0, "ttft_slo_ms": 1000, "ttft_slo_attainment": 6.172839506172839, "tpot_slo_ms": 50, "tpot_slo_attainment": 0.6172839506172839, "Latency": {"unit": "s", "min": 13.304293337001582, "p50": 30.884300409496063, "p90": 37.68605409340962, "p95": 37.758447636938214, "p99": 37.921029609078104, "max": 52.26390895299846}, "Throughput": {"unit": "tokens/s", "min": 3.8267325197558857, "p50": 6.476959954076978, "p90": 9.624284337756992, "p95": 11.208331562877543, "p99": 14.440880868484319, "max": 15.032741306429617}, "TTFT": {"unit": "s", "min": 0.6368675130070187, "p50": 5.608976005496515, "p90": 7.804311053997663, "p95": 8.34972991469258, "p99": 10.003303489952954, "max": 21.407894306001253}, "TPOT": {"unit": "ms", "min": 41.40332621110114, "p50": 126.71933794221121, "p90": 153.073656156758, "p95": 158.46178042838025, "p99": 161.63753317040522, "max": 161.81120671861015}, "Input Tokens per Minute": {"unit": "tokens/min", "min": 1187759.259259259, "p50": 1187759.259259259, "p90": 1187759.259259259, "p95": 1187759.259259259, "p99": 1187759.259259259, "max": 1187759.259259259}, "Output Tokens per Minute": {"unit": "tokens/min", "min": 59999.99999999999, "p50": 59999.99999999999, "p90": 59999.99999999999, "p95": 59999.99999999999, "p99": 59999.99999999999, "max": 59999.99999999999}}
{"target_qps": 5.0, "actual_qps": 4.999861981904361, "success_rate": 100.0, "input_tokens": 3884, "output_tokens": 198, "model": "QwQ-32B", "input_tokens_per_minute": 1165323.076923077, "output_tokens_per_minute": 59625.64102564102, "slo_seconds": 5.0, "slo_attainment": 0.0, "ttft_slo_ms": 1000, "ttft_slo_attainment": 2.9914529914529915, "tpot_slo_ms": 50, "tpot_slo_attainment": 4.700854700854701, "Latency": {"unit": "s", "min": 8.01079184799164, "p50": 30.566334555005596, "p90": 44.61302674900944, "p95": 49.23588909434984, "p99": 52.74353997390528, "max": 54.84387764200801}, "Throughput": {"unit": "tokens/s", "min": 1.222441963760171, "p50": 6.525809094625734, "p90": 11.478477067304869, "p95": 16.443217540527186, "p99": 20.87136912637591, "max": 24.966320907481993}, "TTFT": {"unit": "s", "min": 0.37701092100178357, "p50": 9.323872078493878, "p90": 22.64870831570589, "p95": 28.124368276193124, "p99": 32.094233417697104, "max": 34.0939346679952}, "TPOT": {"unit": "ms", "min": 27.886468070341586, "p50": 93.99242783163473, "p90": 125.87686236685987, "p95": 132.5395784276412, "p99": 167.20012586933538, "max": 290.74094406776993}, "Input Tokens per Minute": {"unit": "tokens/min", "min": 1165323.076923077, "p50": 1165323.076923077, "p90": 1165323.076923077, "p95": 1165323.076923077, "p99": 1165323.076923077, "max": 1165323.076923077}, "Output Tokens per Minute": {"unit": "tokens/min", "min": 59625.64102564102, "p50": 59625.64102564102, "p90": 59625.64102564102, "p95": 59625.64102564102, "p99": 59625.64102564102, "max": 59625.64102564102}}
{"target_qps": 5.0, "actual_qps": 4.9999730206461495, "success_rate": 100.0, "input_tokens": 3995, "output_tokens": 199, "model": "QwQ-32B", "input_tokens_per_minute": 1331355.4311677103, "output_tokens_per_minute": 66495.55856806706, "slo_seconds": 5.0, "slo_attainment": 0.0, "ttft_slo_ms": 1000, "ttft_slo_attainment": 2.0527859237536656, "tpot_slo_ms": 50, "tpot_slo_attainment": 4.105571847507331, "Latency": {"unit": "s", "min": 6.832505009006127, "p50": 36.916713401995366, "p90": 52.72826313499536, "p95": 55.64432832199964, "p99": 59.89471231980426, "max": 62.46587714701309}, "Throughput": {"unit": "tokens/s", "min": 2.5916439095164625, "p50": 5.417600364966127, "p90": 8.99602187205221, "p95": 10.477296807885134, "p99": 20.935490781490476, "max": 29.27184096262997}, "TTFT": {"unit": "s", "min": 0.569586415993399, "p50": 8.647501939994982, "p90": 22.45009419899725, "p95": 27.047760684014065, "p99": 34.62427971719595, "max": 37.14391363799223}, "TPOT": {"unit": "ms", "min": 29.368456914578093, "p50": 136.83408112063344, "p90": 169.19973171354113, "p95": 175.71769530650045, "p99": 179.91602395875577, "max": 191.35225993196235}, "Input Tokens per Minute": {"unit": "tokens/min", "min": 1331355.4311677103, "p50": 1331355.4311677103, "p90": 1331355.4311677103, "p95": 1331355.4311677103, "p99": 1331355.4311677103, "max": 1331355.4311677103}, "Output Tokens per Minute": {"unit": "tokens/min", "min": 66495.55856806706, "p50": 66495.55856806706, "p90": 66495.55856806706, "p95": 66495.55856806706, "p99": 66495.55856806706, "max": 66495.55856806706}}
{"target_qps": 5.0, "actual_qps": 4.9999713713298055, "success_rate": 100.0, "input_tokens": 4040, "output_tokens": 199, "model": "QwQ-32B", "input_tokens_per_minute": 1212154.4554455446, "output_tokens_per_minute": 59975.24752475248, "slo_seconds": 5.0, "slo_attainment": 0.0, "ttft_slo_ms": 1000, "ttft_slo_attainment": 14.19141914191419, "tpot_slo_ms": 50, "tpot_slo_attainment": 11.221122112211221, "Latency": {"unit": "s", "min": 6.433551114998409, "p50": 35.303208566998364, "p90": 49.75694141399872, "p95": 52.9043193437028, "p99": 57.85826196908574, "max": 60.02861792099429}, "Throughput": {"unit": "tokens/s", "min": 3.331744206791947, "p50": 5.6652074448258825, "p90": 18.112172121878572, "p95": 22.070920761252225, "p99": 27.68728331720404, "max": 31.087030541149197}, "TTFT": {"unit": "s", "min": 0.10105383899644949, "p50": 11.830033894002554, "p90": 21.88151572019269, "p95": 23.392746437294406, "p99": 27.951095950148016, "max": 28.758659769999213}, "TPOT": {"unit": "ms", "min": 26.6908477034903, "p50": 113.24694666332311, "p90": 152.40691723821195, "p95": 157.5311197803488, "p99": 163.7777436633908, "max": 169.75875005022746}, "Input Tokens per Minute": {"unit": "tokens/min", "min": 1212154.4554455446, "p50": 1212154.4554455446, "p90": 1212154.4554455446, "p95": 1212154.4554455446, "p99": 1212154.4554455446, "max": 1212154.4554455446}, "Output Tokens per Minute": {"unit": "tokens/min", "min": 59975.24752475248, "p50": 59975.24752475248, "p90": 59975.24752475248, "p95": 59975.24752475248, "p99": 59975.24752475248, "max": 59975.24752475248}}
{"target_qps": 5.0, "actual_qps": 4.99990970154832, "success_rate": 100.0, "input_tokens": 3916, "output_tokens": 200, "model": "QwQ-32B", "input_tokens_per_minute": 1194061.8269358776, "output_tokens_per_minute": 60975.51550570008, "slo_seconds": 5.0, "slo_attainment": 0.0, "ttft_slo_ms": 1000, "ttft_slo_attainment": 19.871794871794872, "tpot_slo_ms": 50, "tpot_slo_attainment": 9.294871794871796, "Latency": {"unit": "s", "min": 5.521292114004609, "p50": 34.90968499198789, "p90": 55.23236755640246, "p95": 58.855606326654375, "p99": 61.563556333520964, "max": 63.28475183098635}, "Throughput": {"unit": "tokens/s", "min": 3.160318942770559, "p50": 5.729102734234625, "p90": 17.775040301176833, "p95": 21.945213019801816, "p99": 32.081281320440475, "max": 36.22340493318681}, "TTFT": {"unit": "s", "min": 0.16976585300290026, "p50": 14.291691565500514, "p90": 27.3682894668993, "p95": 30.058567805447815, "p99": 33.08378988169483, "max": 33.765532434990746}, "TPOT": {"unit": "ms", "min": 26.322387025124705, "p50": 107.4931167060101, "p90": 155.00460118441444, "p95": 159.09912665957017, "p99": 167.0148736430748, "max": 169.2841174975289}, "Input Tokens per Minute": {"unit": "tokens/min", "min": 1194061.8269358776, "p50": 1194061.8269358776, "p90": 1194061.8269358776, "p95": 1194061.8269358776, "p99": 1194061.8269358776, "max": 1194061.8269358776}, "Output Tokens per Minute": {"unit": "tokens/min", "min": 60975.51550570008, "p50": 60975.51550570008, "p90": 60975.51550570008, "p95": 60975.51550570008, "p99": 60975.51550570008, "max": 60975.51550570008}}
{"target_qps": 5.0, "actual_qps": 4.99984831885087, "success_rate": 100.0, "input_tokens": 3961, "output_tokens": 199, "model": "QwQ-32B",