{"target_qps": 2.0, "actual_qps": 1.9954865360835712, "success_rate": 100.0, "input_tokens": 3581, "output_tokens": 198, "model": "QwQ-32B", "input_tokens_per_minute": 429837.27272727276, "output_tokens_per_minute": 23807.727272727276, "slo_seconds": 5.0, "slo_attainment": 1.1363636363636365, "ttft_slo_ms": 1000, "ttft_slo_attainment": 21.59090909090909, "tpot_slo_ms": 50, "tpot_slo_attainment": 44.31818181818182, "Latency": {"unit": "s", "min": 4.2930519779911265, "p50": 17.423726663000707, "p90": 32.052020109909066, "p95": 32.83411043965316, "p99": 33.857218258389324, "max": 35.00337609699636}, "Throughput": {"unit": "tokens/s", "min": 5.713734567939634, "p50": 10.236379879096681, "p90": 27.40999827372987, "p95": 31.20082898602545, "p99": 38.16739308269432, "max": 46.58690391481987}, "TTFT": {"unit": "s", "min": 0.2800757410004735, "p50": 2.071609229009482, "p90": 5.5357341671988225, "p95": 6.647585137750138, "p99": 9.769608590179114, "max": 11.546602631002315}, "TPOT": {"unit": "ms", "min": 16.86750725628317, "p50": 64.2685745175853, "p90": 152.28315474725522, "p95": 154.86627366732665, "p99": 160.97715989443475, "max": 170.65149038187965}, "Input Tokens per Minute": {"unit": "tokens/min", "min": 429837.27272727276, "p50": 429837.27272727276, "p90": 429837.27272727276, "p95": 429837.27272727276, "p99": 429837.27272727276, "max": 429837.27272727276}, "Output Tokens per Minute": {"unit": "tokens/min", "min": 23807.727272727276, "p50": 23807.727272727276, "p90": 23807.727272727276, "p95": 23807.727272727276, "p99": 23807.727272727276, "max": 23807.727272727276}}
{"target_qps": 2.0, "actual_qps": 1.9979202703887162, "success_rate": 100.0, "input_tokens": 3674, "output_tokens": 198, "model": "QwQ-32B", "input_tokens_per_minute": 440930.5263157895, "output_tokens_per_minute": 23838.315789473687, "slo_seconds": 5.0, "slo_attainment": 1.0526315789473684, "ttft_slo_ms": 1000, "ttft_slo_attainment": 21.052631578947366, "tpot_slo_ms": 50, "tpot_slo_attainment": 34.73684210526316, "Latency": {"unit": "s", "min": 4.542228857011651, "p50": 17.629885836999165, "p90": 38.941605519605226, "p95": 44.03311955550016, "p99": 47.355988174347736, "max": 48.91390977600531}, "Throughput": {"unit": "tokens/s", "min": 4.088816471958042, "p50": 11.321053734211858, "p90": 26.885201962740066, "p95": 31.38736191837361, "p99": 37.81088769541344, "max": 44.0312468384917}, "TTFT": {"unit": "s", "min": 0.10788362300081644, "p50": 3.65354329701222, "p90": 12.804066828396756, "p95": 16.96604640180303, "p99": 18.420500816949644, "max": 18.98710740498791}, "TPOT": {"unit": "ms", "min": 16.578683899463993, "p50": 77.6407534522607, "p90": 137.91489201111153, "p95": 142.20641152863772, "p99": 154.23723443573337, "max": 161.40258241206146}, "Input Tokens per Minute": {"unit": "tokens/min", "min": 440930.5263157895, "p50": 440930.5263157895, "p90": 440930.5263157895, "p95": 440930.5263157895, "p99": 440930.5263157895, "max": 440930.5263157895}, "Output Tokens per Minute": {"unit": "tokens/min", "min": 23838.315789473687, "p50": 23838.315789473687, "p90": 23838.315789473687, "p95": 23838.315789473687, "p99": 23838.315789473687, "max": 23838.315789473687}}
{"target_qps": 2.0, "actual_qps": 1.999981414972495, "success_rate": 100.0, "input_tokens": 3708, "output_tokens": 200, "model": "QwQ-32B", "input_tokens_per_minute": 444997.5, "output_tokens_per_minute": 24000.0, "slo_seconds": 5.0, "slo_attainment": 0.0, "ttft_slo_ms": 1000, "ttft_slo_attainment": 11.607142857142858, "tpot_slo_ms": 50, "tpot_slo_attainment": 6.25, "Latency": {"unit": "s", "min": 5.419884467002703, "p50": 31.49829194549966, "p90": 46.00553989429172, "p95": 48.602628400844694, "p99": 52.55696975719926, "max": 53.072178375005024}, "Throughput": {"unit": "tokens/s", "min": 3.768452815085359, "p50": 6.349600408689881, "p90": 12.088861783192709, "p95": 21.08063948589692, "p99": 30.5690665778383, "max": 36.901155590610536}, "TTFT": {"unit": "s", "min": 0.17737798600865062, "p50": 5.326563118003833, "p90": 18.29234657569905, "p95": 20.000045534656234, "p99": 21.248269911692187, "max": 21.616317106992938}, "TPOT": {"unit": "ms", "min": 15.732194070400666, "p50": 134.77582318591885, "p90": 156.36720646527564, "p95": 159.19719838368573, "p99": 167.469031512485, "max": 175.35087757285547}, "Input Tokens per Minute": {"unit": "tokens/min", "min": 444997.5, "p50": 444997.5, "p90": 444997.5, "p95": 444997.5, "p99": 444997.5, "max": 444997.5}, "Output Tokens per Minute": {"unit": "tokens/min", "min": 24000.0, "p50": 24000.0, "p90": 24000.0, "p95": 24000.0, "p99": 24000.0, "max": 24000.0}}
{"target_qps": 2.0, "actual_qps": 1.9999727717708522, "success_rate": 100.0, "input_tokens": 3866, "output_tokens": 199, "model": "QwQ-32B", "input_tokens_per_minute": 505330.0261949273, "output_tokens_per_minute": 26072.0293371999, "slo_seconds": 5.0, "slo_attainment": 0.0, "ttft_slo_ms": 1000, "ttft_slo_attainment": 12.977099236641221, "tpot_slo_ms": 50, "tpot_slo_attainment": 6.870229007633588, "Latency": {"unit": "s", "min": 6.572353085008217, "p50": 37.09075630399457, "p90": 51.95392927000648, "p95": 54.09107811350259, "p99": 58.685704141602024, "max": 59.052751929993974}, "Throughput": {"unit": "tokens/s", "min": 3.386802366756702, "p50": 5.392179074505973, "p90": 15.81852179107835, "p95": 18.33229786894607, "p99": 28.95834838892568, "max": 30.430501437332616}, "TTFT": {"unit": "s", "min": 0.16773942598956637, "p50": 11.088245072009158, "p90": 25.238477033999516, "p95": 26.93417113700707, "p99": 28.380466003093158, "max": 28.807017209008336}, "TPOT": {"unit": "ms", "min": 27.232368527657126, "p50": 118.63129968338426, "p90": 156.56761863819105, "p95": 160.04206739190846, "p99": 164.20888182863322, "max": 173.83012241204491}, "Input Tokens per Minute": {"unit": "tokens/min", "min": 505330.0261949273, "p50": 505330.0261949273, "p90": 505330.0261949273, "p95": 505330.0261949273, "p99": 505330.0261949273, "max": 505330.0261949273}, "Output Tokens per Minute": {"unit": "tokens/min", "min": 26072.0293371999, "p50": 26072.0293371999, "p90": 26072.0293371999, "p95": 26072.0293371999, "p99": 26072.0293371999, "max": 26072.0293371999}}
{"target_qps": 2.0, "actual_qps": 1.9999747726848107, "success_rate": 100.0, "input_tokens": 3611, "output_tokens": 198, "model": "QwQ-32B", "input_tokens_per_minute": 433415.35714285716, "output_tokens_per_minute": 23870.35714285714, "slo_seconds": 5.0, "slo_attainment": 0.0, "ttft_slo_ms": 1000, "ttft_slo_attainment": 18.75, "tpot_slo_ms": 50, "tpot_slo_attainment": 10.714285714285714, "Latency": {"unit": "s", "min": 5.274999125991599, "p50": 34.12216981050733, "p90": 57.42704864709667, "p95": 60.024843175353446, "p99": 65.19805071146082, "max": 66.8098081700009}, "Throughput": {"unit": "tokens/s", "min": 1.959107780959845, "p50": 5.8617440599092845, "p90": 18.313637503621138, "p95": 23.309836175139758, "p99": 36.26837435735106, "max": 37.91469822516868}, "TTFT": {"unit": "s", "min": 0.12520822499936912, "p50": 12.285541282995837, "p90": 31.267095758199865, "p95": 33.16948364130294, "p99": 38.384759964412666, "max": 40.35382061499695}, "TPOT": {"unit": "ms", "min": 21.493807869326282, "p50": 111.34529850253662, "p90": 153.75505160702244, "p95": 156.85937937260817, "p99": 169.81397154575725, "max": 191.13001589758846}, "Input Tokens per Minute": {"unit": "tokens/min", "min": 433415.35714285716, "p50": 433415.35714285716, "p90": 433415.35714285716, "p95": 433415.35714285716, "p99": 433415.35714285716, "max": 433415.35714285716}, "Output Tokens per Minute": {"unit": "tokens/min", "min": 23870.35714285714, "p50": 23870.35714285714, "p90": 23870.35714285714, "p95": 23870.35714285714, "p99": 23870.35714285714, "max": 23870.35714285714}}
{"target_qps": 2.0, "actual_qps": 1.999978390033539, "success_rate": 100.0, "input_tokens": 3800, "output_tokens": 200, "model": "QwQ-32B", "input_tokens_per_minute": 456045.2631578948, "output_tokens_per_minute": 24000.0, "slo_seconds": 5.0, "slo_attainment": 0.0, "ttft_slo_ms": 1000,