{"target_qps": 5.0, "actual_qps": 4.988515136465107, "success_rate": 100.0, "input_tokens": 3862, "output_tokens": 200, "model": "QwQ-32B", "input_tokens_per_minute": 1158822.1698113207, "output_tokens_per_minute": 60000.0, "slo_seconds": 5.0, "slo_attainment": 0.0, "ttft_slo_ms": 1000, "ttft_slo_attainment": 3.30188679245283, "tpot_slo_ms": 50, "tpot_slo_attainment": 68.39622641509435, "Latency": {"unit": "s", "min": 8.112661639999715, "p50": 12.950109249002708, "p90": 21.40404175289587, "p95": 25.79046998559788, "p99": 31.050584052328166, "max": 34.38900087699585}, "Throughput": {"unit": "tokens/s", "min": 5.815813047763997, "p50": 15.443897782165028, "p90": 20.301548704140128, "p95": 22.050339017741713, "p99": 24.46555486832597, "max": 24.652821586185002}, "TTFT": {"unit": "s", "min": 0.5314300149984774, "p50": 3.6685524649983563, "p90": 9.584292842297147, "p95": 14.658350791799966, "p99": 17.558375411278828, "max": 19.525180131000525}, "TPOT": {"unit": "ms", "min": 29.33851662310555, "p50": 43.603698597992356, "p90": 64.17063993066034, "p95": 72.70095486405738, "p99": 81.6527035132491, "max": 84.47683194470703}, "Input Tokens per Minute": {"unit": "tokens/min", "min": 1158822.1698113207, "p50": 1158822.1698113207, "p90": 1158822.1698113207, "p95": 1158822.1698113207, "p99": 1158822.1698113207, "max": 1158822.1698113207}, "Output Tokens per Minute": {"unit": "tokens/min", "min": 60000.0, "p50": 60000.0, "p90": 60000.0, "p95": 60000.0, "p99": 60000.0, "max": 60000.0}}
{"target_qps": 5.0, "actual_qps": 4.983997577363194, "success_rate": 100.0, "input_tokens": 4006, "output_tokens": 199, "model": "QwQ-32B", "input_tokens_per_minute": 1201876.254180602, "output_tokens_per_minute": 59840.468227424746, "slo_seconds": 5.0, "slo_attainment": 0.0, "ttft_slo_ms": 1000, "ttft_slo_attainment": 3.678929765886288, "tpot_slo_ms": 50, "tpot_slo_attainment": 31.438127090301005, "Latency": {"unit": "s", "min": 6.446556515998964, "p50": 17.688213089000783, "p90": 30.527653701000958, "p95": 33.586205339502335, "p99": 37.02943249177623, "max": 40.96079394199478}, "Throughput": {"unit": "tokens/s", "min": 2.7400539531695722, "p50": 11.306964643272403, "p90": 17.922509753567894, "p95": 21.61281069414802, "p99": 27.270305892477367, "max": 31.024314997261424}, "TTFT": {"unit": "s", "min": 0.3585947609972209, "p50": 4.797287068002333, "p90": 10.88234955319931, "p95": 13.963979560599546, "p99": 16.902087538378677, "max": 22.198553906993766}, "TPOT": {"unit": "ms", "min": 15.882893753755456, "p50": 62.32895957286722, "p90": 102.27384349548002, "p95": 107.47006982712273, "p99": 113.6873111651272, "max": 117.57368016133701}, "Input Tokens per Minute": {"unit": "tokens/min", "min": 1201876.254180602, "p50": 1201876.254180602, "p90": 1201876.254180602, "p95": 1201876.254180602, "p99": 1201876.254180602, "max": 1201876.254180602}, "Output Tokens per Minute": {"unit": "tokens/min", "min": 59840.468227424746, "p50": 59840.468227424746, "p90": 59840.468227424746, "p95": 59840.468227424746, "p99": 59840.468227424746, "max": 59840.468227424746}}
{"target_qps": 5.0, "actual_qps": 4.999982871225425, "success_rate": 100.0, "input_tokens": 3676, "output_tokens": 200, "model": "QwQ-32B", "input_tokens_per_minute": 1102988.2653061224, "output_tokens_per_minute": 60000.0, "slo_seconds": 5.0, "slo_attainment": 0.0, "ttft_slo_ms": 1000, "ttft_slo_attainment": 0.0, "tpot_slo_ms": 50, "tpot_slo_attainment": 38.265306122448976, "Latency": {"unit": "s", "min": 9.801558949999162, "p50": 24.11155710300227, "p90": 45.12835429400366, "p95": 49.507536263503425, "p99": 56.56327635029775, "max": 66.94940086000133}, "Throughput": {"unit": "tokens/s", "min": 2.9873306919986082, "p50": 8.294777454937286, "p90": 14.555088896340358, "p95": 16.08451216775605, "p99": 19.394269508353673, "max": 20.404917321852878}, "TTFT": {"unit": "s", "min": 1.413785144999565, "p50": 11.48390659949655, "p90": 24.6842075295026, "p95": 29.734803706751336, "p99": 39.48216876079824, "max": 44.66318407200015}, "TPOT": {"unit": "ms", "min": 23.74596904522164, "p50": 63.246304718613736, "p90": 122.77598920100996, "p95": 128.4395150917009, "p99": 144.05979233994174, "max": 150.06946113065732}, "Input Tokens per Minute": {"unit": "tokens/min", "min": 1102988.2653061224, "p50": 1102988.2653061224, "p90": 1102988.2653061224, "p95": 1102988.2653061224, "p99": 1102988.2653061224, "max": 1102988.2653061224}, "Output Tokens per Minute": {"unit": "tokens/min", "min": 60000.0, "p50": 60000.0, "p90": 60000.0, "p95": 60000.0, "p99": 60000.0, "max": 60000.0}}
{"target_qps": 5.0, "actual_qps": 4.9998633596507265, "success_rate": 100.0, "input_tokens": 3829, "output_tokens": 198, "model": "QwQ-32B", "input_tokens_per_minute": 1481915.8745482895, "output_tokens_per_minute": 76981.97792564484, "slo_seconds": 5.0, "slo_attainment": 0.0, "ttft_slo_ms": 1000, "ttft_slo_attainment": 3.5623409669211195, "tpot_slo_ms": 50, "tpot_slo_attainment": 0.0, "Latency": {"unit": "s", "min": 8.716449039995496, "p50": 22.901699533998908, "p90": 50.83796090020042, "p95": 55.0772808964015, "p99": 67.56052356776169, "max": 78.3526039999997}, "Throughput": {"unit": "tokens/s", "min": 1.4488771432356098, "p50": 8.72944377371325, "p90": 11.626948202704504, "p95": 12.501000936466456, "p99": 14.32011197058738, "max": 14.948926896704194}, "TTFT": {"unit": "s", "min": 0.42734134400234325, "p50": 4.096023902995512, "p90": 28.098378883596165, "p95": 31.290527056799327, "p99": 43.24722884504444, "max": 53.99726164700405}, "TPOT": {"unit": "ms", "min": 63.18097346734043, "p50": 91.96294991958514, "p90": 122.15093218189975, "p95": 123.82761733166976, "p99": 125.64521095698936, "max": 140.88510517077094}, "Input Tokens per Minute": {"unit": "tokens/min", "min": 1481915.8745482895, "p50": 1481915.8745482895, "p90": 1481915.8745482895, "p95": 1481915.8745482895, "p99": 1481915.8745482895, "max": 1481915.8745482895}, "Output Tokens per Minute": {"unit": "tokens/min", "min": 76981.97792564484, "p50": 76981.97792564484, "p90": 76981.97792564484, "p95": 76981.97792564484, "p99": 76981.97792564484, "max": 76981.97792564484}}
{"target_qps": 5.0, "actual_qps": 4.999928416775369, "success_rate": 100.0, "input_tokens": 3816, "output_tokens": 199, "model": "QwQ-32B", "input_tokens_per_minute": 1337862.6542293008, "output_tokens_per_minute": 69972.78596712607, "slo_seconds": 5.0, "slo_attainment": 0.0, "ttft_slo_ms": 1000, "ttft_slo_attainment": 26.96629213483146, "tpot_slo_ms": 50, "tpot_slo_attainment": 32.30337078651686, "Latency": {"unit": "s", "min": 6.776726100004453, "p50": 13.69067360400004, "p90": 20.151065089499753, "p95": 23.603764304500146, "p99": 50.147717745350015, "max": 53.679859128002136}, "Throughput": {"unit": "tokens/s", "min": 3.621467920881765, "p50": 14.524120971450099, "p90": 23.58261538884734, "p95": 25.22906724467238, "p99": 26.910994755183705, "max": 29.51277608812736}, "TTFT": {"unit": "s", "min": 0.11550299700320465, "p50": 1.6272425030001614, "p90": 3.397502471001644, "p95": 6.401878826494794, "p99": 28.642266895149074, "max": 29.604523520996736}, "TPOT": {"unit": "ms", "min": 33.17571559798934, "p50": 59.13799633918785, "p90": 86.75369918341286, "p95": 97.64411284673248, "p99": 112.2348468796491, "max": 120.98158596485126}, "Input Tokens per Minute": {"unit": "tokens/min", "min": 1337862.6542293008, "p50": 1337862.6542293008, "p90": 1337862.6542293008, "p95": 1337862.6542293008, "p99": 1337862.6542293008, "max": 1337862.6542293008}, "Output Tokens per Minute": {"unit": "tokens/min", "min": 69972.78596712607, "p50": 69972.78596712607, "p90": 69972.78596712607, "p95": 69972.78596712607, "p99": 69972.78596712607, "max": 69972.78596712607}}
{"target_qps": 5.0, "actual_qps": 4.999895292775944, "success_rate": 100.0, "input_tokens": 3798, "output_tokens": 199, "model": "QwQ-32B", "input_tokens_per_minute": 1139599.3421052631, "output_tokens_per_minute": 59922.039473684206, "slo_seconds": 5.0, "slo_attainment": 0.0, "ttft_slo_ms": 1000,