{"target_qps": 5.0, "actual_qps": 4.996354001287403, "success_rate": 100.0, "input_tokens": 3991, "output_tokens": 198, "model": "QwQ-32B", "input_tokens_per_minute": 1197570.3296703296, "output_tokens_per_minute": 59452.74725274725, "slo_seconds": 5.0, "slo_attainment": 0.0, "ttft_slo_ms": 1000, "ttft_slo_attainment": 1.098901098901099, "tpot_slo_ms": 50, "tpot_slo_attainment": 84.61538461538461, "Latency": {"unit": "s", "min": 6.3226812569992035, "p50": 14.88936762850426, "p90": 24.03039475280384, "p95": 25.898416272251414, "p99": 29.715586136254277, "max": 30.405703930999152}, "Throughput": {"unit": "tokens/s", "min": 4.6131664864294555, "p50": 13.299791298021463, "p90": 19.75189418037749, "p95": 21.11222287908325, "p99": 25.65670060882996, "max": 31.632149695763985}, "TTFT": {"unit": "s", "min": 0.5689032250011223, "p50": 6.8385729729998275, "p90": 15.92558451609948, "p95": 19.379777705647935, "p99": 22.79522441781104, "max": 23.276224381996144}, "TPOT": {"unit": "ms", "min": 20.310072758799272, "p50": 37.22252035176047, "p90": 55.97380714120045, "p95": 59.32521192334932, "p99": 68.87470017351353, "max": 76.89441003850123}, "Input Tokens per Minute": {"unit": "tokens/min", "min": 1197570.3296703296, "p50": 1197570.3296703296, "p90": 1197570.3296703296, "p95": 1197570.3296703296, "p99": 1197570.3296703296, "max": 1197570.3296703296}, "Output Tokens per Minute": {"unit": "tokens/min", "min": 59452.74725274725, "p50": 59452.74725274725, "p90": 59452.74725274725, "p95": 59452.74725274725, "p99": 59452.74725274725, "max": 59452.74725274725}}
{"target_qps": 5.0, "actual_qps": 4.985667070187878, "success_rate": 98.54545454545455, "input_tokens": 3983, "output_tokens": 199, "model": "QwQ-32B", "input_tokens_per_minute": 1194956.4575645756, "output_tokens_per_minute": 59716.60516605166, "slo_seconds": 5.0, "slo_attainment": 0.0, "ttft_slo_ms": 1000, "ttft_slo_attainment": 0.36363636363636365, "tpot_slo_ms": 50, "tpot_slo_attainment": 25.454545454545453, "Latency": {"unit": "s", "min": 12.266293223998218, "p50": 25.646377521006798, "p90": 39.549646970997856, "p95": 41.34205873099927, "p99": 44.815499065996846, "max": 45.727717519999715}, "Throughput": {"unit": "tokens/s", "min": 1.525192720104871, "p50": 7.798372297849128, "p90": 10.640305973707076, "p95": 11.895768314622943, "p99": 14.362115243964167, "max": 16.30484420580398}, "TTFT": {"unit": "s", "min": 0.6383937529972172, "p50": 12.498695819005661, "p90": 24.165939908001747, "p95": 26.675811357497878, "p99": 33.20019055569865, "max": 34.17271299899585}, "TPOT": {"unit": "ms", "min": 27.07659401004372, "p50": 67.31283791959503, "p90": 90.79477067334939, "p95": 93.7826632914802, "p99": 108.30426485528243, "max": 156.00546293464265}, "Input Tokens per Minute": {"unit": "tokens/min", "min": 1194956.4575645756, "p50": 1194956.4575645756, "p90": 1194956.4575645756, "p95": 1194956.4575645756, "p99": 1194956.4575645756, "max": 1194956.4575645756}, "Output Tokens per Minute": {"unit": "tokens/min", "min": 59716.60516605166, "p50": 59716.60516605166, "p90": 59716.60516605166, "p95": 59716.60516605166, "p99": 59716.60516605166, "max": 59716.60516605166}, "exceptions": {"Request timed out.": 4}}
{"target_qps": 5.0, "actual_qps": 4.99995965707534, "success_rate": 100.0, "input_tokens": 3953, "output_tokens": 198, "model": "QwQ-32B", "input_tokens_per_minute": 1186160.2787456445, "output_tokens_per_minute": 59495.12195121951, "slo_seconds": 5.0, "slo_attainment": 0.0, "ttft_slo_ms": 1000, "ttft_slo_attainment": 0.0, "tpot_slo_ms": 50, "tpot_slo_attainment": 13.240418118466899, "Latency": {"unit": "s", "min": 9.70699878299638, "p50": 29.9255472320001, "p90": 48.29105143080233, "p95": 51.268518660604606, "p99": 54.80034503269936, "max": 58.61615375900146}, "Throughput": {"unit": "tokens/s", "min": 1.7325738510003905, "p50": 6.5753725237453065, "p90": 11.9884985909153, "p95": 13.645543200808982, "p99": 14.931201641044984, "max": 20.603690643326065}, "TTFT": {"unit": "s", "min": 1.228025277996494, "p50": 11.559800852999615, "p90": 27.91018851819974, "p95": 31.999869088796547, "p99": 37.83063244237898, "max": 43.83580925300339}, "TPOT": {"unit": "ms", "min": 36.50849873871202, "p50": 89.77522087435094, "p90": 116.40694256181345, "p95": 120.37143458040936, "p99": 129.1987953645316, "max": 179.15399476417937}, "Input Tokens per Minute": {"unit": "tokens/min", "min": 1186160.2787456445, "p50": 1186160.2787456445, "p90": 1186160.2787456445, "p95": 1186160.2787456445, "p99": 1186160.2787456445, "max": 1186160.2787456445}, "Output Tokens per Minute": {"unit": "tokens/min", "min": 59495.12195121951, "p50": 59495.12195121951, "p90": 59495.12195121951, "p95": 59495.12195121951, "p99": 59495.12195121951, "max": 59495.12195121951}}
{"target_qps": 5.0, "actual_qps": 4.999930636962152, "success_rate": 100.0, "input_tokens": 4117, "output_tokens": 200, "model": "QwQ-32B", "input_tokens_per_minute": 1381243.222335782, "output_tokens_per_minute": 67091.46868891803, "slo_seconds": 5.0, "slo_attainment": 0.0, "ttft_slo_ms": 1000, "ttft_slo_attainment": 4.5584045584045585, "tpot_slo_ms": 50, "tpot_slo_attainment": 0.0, "Latency": {"unit": "s", "min": 15.850695713001187, "p50": 25.982202988001518, "p90": 52.52112020899949, "p95": 58.38267184200231, "p99": 65.45449268700031, "max": 71.89286043999891}, "Throughput": {"unit": "tokens/s", "min": 2.7819174084319274, "p50": 7.697576687102292, "p90": 10.672402364613815, "p95": 11.14123674655762, "p99": 11.856710723184893, "max": 12.617742692262672}, "TTFT": {"unit": "s", "min": 0.1265430470011779, "p50": 5.554833845999383, "p90": 28.618396131998452, "p95": 35.08388383700003, "p99": 47.47245799700249, "max": 49.409251217999554}, "TPOT": {"unit": "ms", "min": 68.89380612061066, "p50": 96.3253691306498, "p90": 122.19002107537823, "p95": 125.33827170855557, "p99": 133.33930623869048, "max": 135.45159273367724}, "Input Tokens per Minute": {"unit": "tokens/min", "min": 1381243.222335782, "p50": 1381243.222335782, "p90": 1381243.222335782, "p95": 1381243.222335782, "p99": 1381243.222335782, "max": 1381243.222335782}, "Output Tokens per Minute": {"unit": "tokens/min", "min": 67091.46868891803, "p50": 67091.46868891803, "p90": 67091.46868891803, "p95": 67091.46868891803, "p99": 67091.46868891803, "max": 67091.46868891803}}
{"target_qps": 5.0, "actual_qps": 4.999489297335613, "success_rate": 100.0, "input_tokens": 3911, "output_tokens": 199, "model": "QwQ-32B", "input_tokens_per_minute": 1390530.8988702393, "output_tokens_per_minute": 70912.4329598339, "slo_seconds": 5.0, "slo_attainment": 0.0, "ttft_slo_ms": 1000, "ttft_slo_attainment": 21.50537634408602, "tpot_slo_ms": 50, "tpot_slo_attainment": 10.483870967741936, "Latency": {"unit": "s", "min": 7.536178786998789, "p50": 16.23837917199853, "p90": 22.779700150601276, "p95": 48.69258881694766, "p99": 53.91403996425217, "max": 56.24872603499534}, "Throughput": {"unit": "tokens/s", "min": 3.5556360845500623, "p50": 12.290704967777618, "p90": 17.57658354575009, "p95": 19.482756444431953, "p99": 23.636449309267338, "max": 26.538648518402265}, "TTFT": {"unit": "s", "min": 0.09112675100186607, "p50": 1.7805264039998292, "p90": 4.338941160000107, "p95": 27.123137303350813, "p99": 29.6458111467887, "max": 31.669504899997264}, "TPOT": {"unit": "ms", "min": 34.2092518090319, "p50": 72.80527046342566, "p90": 97.09135793769501, "p95": 107.62750622892362, "p99": 123.61846015874976, "max": 124.04390325628357}, "Input Tokens per Minute": {"unit": "tokens/min", "min": 1390530.8988702393, "p50": 1390530.8988702393, "p90": 1390530.8988702393, "p95": 1390530.8988702393, "p99": 1390530.8988702393, "max": 1390530.8988702393}, "Output Tokens per Minute": {"unit": "tokens/min", "min": 70912.4329598339, "p50": 70912.4329598339, "p90": 70912.4329598339, "p95": 70912.4329598339, "p99": 70912.4329598339, "max": 70912.4329598339}}
{"target_qps": 5.0, "actual_qps": 4.999982352062175, "success_rate": 100.0, "input_tokens": 4197, "output_tokens": 199, "model": "QwQ-32B",