{"target_qps": 5.0, "actual_qps": 4.994556754991392, "success_rate": 100.0, "input_tokens": 4040, "output_tokens": 200, "model": "QwQ-32B", "input_tokens_per_minute": 1212219.1881918819, "output_tokens_per_minute": 60000.0, "slo_seconds": 5.0, "slo_attainment": 2.5830258302583027, "ttft_slo_ms": 1000, "ttft_slo_attainment": 38.37638376383764, "tpot_slo_ms": 50, "tpot_slo_attainment": 93.35793357933579, "Latency": {"unit": "s", "min": 4.4040381030008575, "p50": 7.609867814999234, "p90": 13.027041515999372, "p95": 13.926708176500142, "p99": 15.87547786049945, "max": 19.451770038000177}, "Throughput": {"unit": "tokens/s", "min": 10.28184065559526, "p50": 26.28166544572498, "p90": 36.22338265317986, "p95": 38.82451227460509, "p99": 41.62671138384085, "max": 45.41286776418271}, "TTFT": {"unit": "s", "min": 0.18324417599978915, "p50": 1.3999604119999276, "p90": 3.8237133719994745, "p95": 5.364128911501211, "p99": 7.874244758400529, "max": 10.935374177000995}, "TPOT": {"unit": "ms", "min": 16.085621502506957, "p50": 30.77410223618724, "p90": 45.136097618085465, "p95": 52.26302185928944, "p99": 58.84726591658233, "max": 63.34920934171181}, "Input Tokens per Minute": {"unit": "tokens/min", "min": 1212219.1881918819, "p50": 1212219.1881918819, "p90": 1212219.1881918819, "p95": 1212219.1881918819, "p99": 1212219.1881918819, "max": 1212219.1881918819}, "Output Tokens per Minute": {"unit": "tokens/min", "min": 60000.0, "p50": 60000.0, "p90": 60000.0, "p95": 60000.0, "p99": 60000.0, "max": 60000.0}}
{"target_qps": 5.0, "actual_qps": 4.991388988404909, "success_rate": 100.0, "input_tokens": 3922, "output_tokens": 199, "model": "QwQ-32B", "input_tokens_per_minute": 1176889.8648648649, "output_tokens_per_minute": 59919.93243243243, "slo_seconds": 5.0, "slo_attainment": 23.64864864864865, "ttft_slo_ms": 1000, "ttft_slo_attainment": 91.55405405405406, "tpot_slo_ms": 50, "tpot_slo_attainment": 100.0, "Latency": {"unit": "s", "min": 3.1136799790001533, "p50": 5.572268115000043, "p90": 7.1185497299993585, "p95": 7.889611906249684, "p99": 8.916592797050637, "max": 9.415987620001033}, "Throughput": {"unit": "tokens/s", "min": 21.240469727803024, "p50": 35.89205786707973, "p90": 43.34863008193906, "p95": 45.091521701469034, "p99": 48.39171646932742, "max": 50.945821102820396}, "TTFT": {"unit": "s", "min": 0.05866734400115092, "p50": 0.540438070500386, "p90": 0.8710227210003723, "p95": 1.1343905569997332, "p99": 1.4575368537995066, "max": 1.892571501999555}, "TPOT": {"unit": "ms", "min": 17.563437658295765, "p50": 25.087573967338262, "p90": 32.257694781407764, "p95": 35.39181245853902, "p99": 41.158437429653056, "max": 43.93747087939557}, "Input Tokens per Minute": {"unit": "tokens/min", "min": 1176889.8648648649, "p50": 1176889.8648648649, "p90": 1176889.8648648649, "p95": 1176889.8648648649, "p99": 1176889.8648648649, "max": 1176889.8648648649}, "Output Tokens per Minute": {"unit": "tokens/min", "min": 59919.93243243243, "p50": 59919.93243243243, "p90": 59919.93243243243, "p95": 59919.93243243243, "p99": 59919.93243243243, "max": 59919.93243243243}}
{"target_qps": 5.0, "actual_qps": 4.994024697891033, "success_rate": 100.0, "input_tokens": 4060, "output_tokens": 199, "model": "QwQ-32B", "input_tokens_per_minute": 1224012.366403796, "output_tokens_per_minute": 60154.223532660595, "slo_seconds": 5.0, "slo_attainment": 13.245033112582782, "ttft_slo_ms": 1000, "ttft_slo_attainment": 87.74834437086093, "tpot_slo_ms": 50, "tpot_slo_attainment": 100.0, "Latency": {"unit": "s", "min": 3.6959584439991886, "p50": 5.9658852185002615, "p90": 7.38621094369937, "p95": 8.08133947629958, "p99": 9.32738002701901, "max": 10.342776981000497}, "Throughput": {"unit": "tokens/s", "min": 19.337166446438566, "p50": 33.52394447979049, "p90": 40.474649843779915, "p95": 42.47029030408279, "p99": 45.618955983474144, "max": 47.568784844041225}, "TTFT": {"unit": "s", "min": 0.08292898099898594, "p50": 0.5941241635000551, "p90": 1.1020066885997957, "p95": 1.3101685999515207, "p99": 1.5672188468002424, "max": 2.243310793001001}, "TPOT": {"unit": "ms", "min": 18.29382297989866, "p50": 26.76929794723668, "p90": 33.268536054771666, "p95": 36.843651499248836, "p99": 43.52564941376448, "max": 46.70369102010528}, "Input Tokens per Minute": {"unit": "tokens/min", "min": 1224012.366403796, "p50": 1224012.366403796, "p90": 1224012.366403796, "p95": 1224012.366403796, "p99": 1224012.366403796, "max": 1224012.366403796}, "Output Tokens per Minute": {"unit": "tokens/min", "min": 60154.223532660595, "p50": 60154.223532660595, "p90": 60154.223532660595, "p95": 60154.223532660595, "p99": 60154.223532660595, "max": 60154.223532660595}}
{"target_qps": 5.0, "actual_qps": 4.999960594893878, "success_rate": 100.0, "input_tokens": 4003, "output_tokens": 199, "model": "QwQ-32B", "input_tokens_per_minute": 1207048.631787803, "output_tokens_per_minute": 60229.09436748667, "slo_seconds": 5.0, "slo_attainment": 22.185430463576157, "ttft_slo_ms": 1000, "ttft_slo_attainment": 95.69536423841059, "tpot_slo_ms": 50, "tpot_slo_attainment": 100.0, "Latency": {"unit": "s", "min": 3.6168478349991346, "p50": 5.48953943450033, "p90": 6.843645476400526, "p95": 7.213549459500518, "p99": 7.706313735980493, "max": 8.639615267999034}, "Throughput": {"unit": "tokens/s", "min": 23.149178961798924, "p50": 36.432932884082234, "p90": 42.626164299330505, "p95": 44.415626530663495, "p99": 48.484230978391786, "max": 50.575235982267294}, "TTFT": {"unit": "s", "min": 0.03569969199998013, "p50": 0.39055195950095367, "p90": 0.7749603351994667, "p95": 0.9694851181007831, "p99": 1.30292274051988, "max": 1.814923969001029}, "TPOT": {"unit": "ms", "min": 18.545153125635455, "p50": 25.73264908040247, "p90": 31.401294244223845, "p95": 33.9103374238737, "p99": 36.5017033600985, "max": 40.35108898994562}, "Input Tokens per Minute": {"unit": "tokens/min", "min": 1207048.631787803, "p50": 1207048.631787803, "p90": 1207048.631787803, "p95": 1207048.631787803, "p99": 1207048.631787803, "max": 1207048.631787803}, "Output Tokens per Minute": {"unit": "tokens/min", "min": 60229.09436748667, "p50": 60229.09436748667, "p90": 60229.09436748667, "p95": 60229.09436748667, "p99": 60229.09436748667, "max": 60229.09436748667}}
{"target_qps": 5.0, "actual_qps": 4.999958656591883, "success_rate": 100.0, "input_tokens": 3912, "output_tokens": 198, "model": "QwQ-32B", "input_tokens_per_minute": 1179497.1628496055, "output_tokens_per_minute": 59975.5318068757, "slo_seconds": 5.0, "slo_attainment": 32.78145695364238, "ttft_slo_ms": 1000, "ttft_slo_attainment": 97.35099337748345, "tpot_slo_ms": 50, "tpot_slo_attainment": 100.0, "Latency": {"unit": "s", "min": 1.4717220379989158, "p50": 5.358449011499943, "p90": 6.968025562400727, "p95": 7.9068636532000705, "p99": 9.109005423910842, "max": 9.767138602999694}, "Throughput": {"unit": "tokens/s", "min": 20.476826236352967, "p50": 37.23915508546405, "p90": 45.39902837228045, "p95": 47.19915139065466, "p99": 48.98688152067465, "max": 49.77689297204924}, "TTFT": {"unit": "s", "min": 0.03518655600055354, "p50": 0.25155613150036515, "p90": 0.5509253482006898, "p95": 0.771553291301643, "p99": 1.37592256690101, "max": 1.4620584189997317}, "TPOT": {"unit": "ms", "min": 19.516930135672116, "p50": 25.67875498995027, "p90": 32.74630150904273, "p95": 37.49079635276322, "p99": 43.88085976381968, "max": 46.55035783416587}, "Input Tokens per Minute": {"unit": "tokens/min", "min": 1179497.1628496055, "p50": 1179497.1628496055, "p90": 1179497.1628496055, "p95": 1179497.1628496055, "p99": 1179497.1628496055, "max": 1179497.1628496055}, "Output Tokens per Minute": {"unit": "tokens/min", "min": 59975.5318068757, "p50": 59975.5318068757, "p90": 59975.5318068757, "p95": 59975.5318068757, "p99": 59975.5318068757, "max": 59975.5318068757}}
{"target_qps": 5.0, "actual_qps": 4.9999766279425994, "success_rate": 100.0, "input_tokens": 3961, "output_tokens": 200, "model": "QwQ-32B", "input_tokens_per_minute": 1210059.4376256089,