{"target_qps": 1.0, "actual_qps": 0.999923517816671, "success_rate": 100.0, "input_tokens": 4063, "output_tokens": 200, "model": "QwQ-32B", "input_tokens_per_minute": 243831.1111111111, "output_tokens_per_minute": 12000.0, "slo_seconds": 5.0, "slo_attainment": 24.074074074074073, "ttft_slo_ms": 1000, "ttft_slo_attainment": 96.29629629629629, "tpot_slo_ms": 50, "tpot_slo_attainment": 100.0, "Latency": {"unit": "s", "min": 4.026955568999256, "p50": 5.364740402999814, "p90": 6.719448197101156, "p95": 7.00915498484901, "p99": 10.42408825241043, "max": 14.131843703999039}, "Throughput": {"unit": "tokens/s", "min": 14.152435038848036, "p50": 37.28046257852371, "p90": 42.47056432022356, "p95": 44.5061534378965, "p99": 47.448178464282456, "max": 49.665310821818245}, "TTFT": {"unit": "s", "min": 0.11091049799870234, "p50": 0.47452649449951423, "p90": 0.7182383114013648, "p95": 0.8739641261499852, "p99": 4.276906077469058, "max": 7.896019981999416}, "TPOT": {"unit": "ms", "min": 18.851632030162904, "p50": 24.640880376878226, "p90": 30.688610446238854, "p95": 31.2971928535189, "p99": 31.970107046532323, "max": 32.410593663316554}, "Input Tokens per Minute": {"unit": "tokens/min", "min": 243831.1111111111, "p50": 243831.1111111111, "p90": 243831.1111111111, "p95": 243831.1111111111, "p99": 243831.1111111111, "max": 243831.1111111111}, "Output Tokens per Minute": {"unit": "tokens/min", "min": 12000.0, "p50": 12000.0, "p90": 12000.0, "p95": 12000.0, "p99": 12000.0, "max": 12000.0}}
{"target_qps": 1.0, "actual_qps": 0.9999244823533096, "success_rate": 100.0, "input_tokens": 4133, "output_tokens": 197, "model": "QwQ-32B", "input_tokens_per_minute": 248000.0, "output_tokens_per_minute": 11857.0, "slo_seconds": 5.0, "slo_attainment": 41.66666666666667, "ttft_slo_ms": 1000, "ttft_slo_attainment": 100.0, "tpot_slo_ms": 50, "tpot_slo_attainment": 100.0, "Latency": {"unit": "s", "min": 1.5673857709989534, "p50": 5.054094571498354, "p90": 5.901660666197495, "p95": 5.994310565951855, "p99": 6.081988025460996, "max": 6.144466787001875}, "Throughput": {"unit": "tokens/s", "min": 32.54961039468615, "p50": 39.46859636473288, "p90": 41.58755801302937, "p95": 42.544769671387776, "p99": 42.664804348290325, "max": 42.735095259038225}, "TTFT": {"unit": "s", "min": 0.1231900550010323, "p50": 0.40721867049978755, "p90": 0.5326472523007396, "p95": 0.5623040590007804, "p99": 0.5933157099705931, "max": 0.5937488979980117}, "TPOT": {"unit": "ms", "min": 21.404834562820007, "p50": 23.89488516331511, "p90": 27.46199482211541, "p95": 27.788486441698037, "p99": 28.404609499661426, "max": 29.008875412074673}, "Input Tokens per Minute": {"unit": "tokens/min", "min": 248000.0, "p50": 248000.0, "p90": 248000.0, "p95": 248000.0, "p99": 248000.0, "max": 248000.0}, "Output Tokens per Minute": {"unit": "tokens/min", "min": 11857.0, "p50": 11857.0, "p90": 11857.0, "p95": 11857.0, "p99": 11857.0, "max": 11857.0}}
{"target_qps": 1.0, "actual_qps": 0.9999891072520106, "success_rate": 100.0, "input_tokens": 3877, "output_tokens": 200, "model": "QwQ-32B", "input_tokens_per_minute": 236489.9113517852, "output_tokens_per_minute": 12199.066917363385, "slo_seconds": 5.0, "slo_attainment": 32.78688524590164, "ttft_slo_ms": 1000, "ttft_slo_attainment": 100.0, "tpot_slo_ms": 50, "tpot_slo_attainment": 100.0, "Latency": {"unit": "s", "min": 4.317830678999599, "p50": 5.101431521001359, "p90": 5.764569319999282, "p95": 5.922314767001808, "p99": 5.979195538401837, "max": 6.023181890002888}, "Throughput": {"unit": "tokens/s", "min": 33.205040733030906, "p50": 39.204681896963315, "p90": 43.05483124291359, "p95": 45.06109954349173, "p99": 45.99683021703088, "max": 46.319556015183565}, "TTFT": {"unit": "s", "min": 0.06501342300180113, "p50": 0.3765633319999324, "p90": 0.5008307880016218, "p95": 0.5316648600019107, "p99": 0.5466174781991867, "max": 0.5539058959984686}, "TPOT": {"unit": "ms", "min": 19.97825318592997, "p50": 24.020790824122273, "p90": 27.05663297990154, "p95": 27.42176346732982, "p99": 27.79105214070676, "max": 28.08428590452335}, "Input Tokens per Minute": {"unit": "tokens/min", "min": 236489.9113517852, "p50": 236489.9113517852, "p90": 236489.9113517852, "p95": 236489.9113517852, "p99": 236489.9113517852, "max": 236489.9113517852}, "Output Tokens per Minute": {"unit": "tokens/min", "min": 12199.066917363385, "p50": 12199.066917363385, "p90": 12199.066917363385, "p95": 12199.066917363385, "p99": 12199.066917363385, "max": 12199.066917363385}}
{"target_qps": 1.0, "actual_qps": 0.9999867332426743, "success_rate": 100.0, "input_tokens": 4064, "output_tokens": 199, "model": "QwQ-32B", "input_tokens_per_minute": 243895.93220338985, "output_tokens_per_minute": 11978.644067796611, "slo_seconds": 5.0, "slo_attainment": 38.983050847457626, "ttft_slo_ms": 1000, "ttft_slo_attainment": 100.0, "tpot_slo_ms": 50, "tpot_slo_attainment": 100.0, "Latency": {"unit": "s", "min": 4.188665954003227, "p50": 5.0939710499988, "p90": 5.868139373599115, "p95": 5.907640595401608, "p99": 6.016594363181139, "max": 6.125386458999856}, "Throughput": {"unit": "tokens/s", "min": 32.65100109824837, "p50": 39.26209985038041, "p90": 43.3764567522397, "p95": 43.9466958222816, "p99": 45.9181718760106, "max": 47.74789925867789}, "TTFT": {"unit": "s", "min": 0.07940411500021582, "p50": 0.39916418500069994, "p90": 0.4971503959990514, "p95": 0.5030144895994454, "p99": 0.5310005332784205, "max": 0.5564473279991944}, "TPOT": {"unit": "ms", "min": 20.459862603014308, "p50": 23.709786718578314, "p90": 27.230983239195066, "p95": 27.47747548895329, "p99": 28.34365748371531, "max": 28.42151812059748}, "Input Tokens per Minute": {"unit": "tokens/min", "min": 243895.93220338985, "p50": 243895.93220338985, "p90": 243895.93220338985, "p95": 243895.93220338985, "p99": 243895.93220338985, "max": 243895.93220338985}, "Output Tokens per Minute": {"unit": "tokens/min", "min": 11978.644067796611, "p50": 11978.644067796611, "p90": 11978.644067796611, "p95": 11978.644067796611, "p99": 11978.644067796611, "max": 11978.644067796611}}
{"target_qps": 1.0, "actual_qps": 0.9999909199157506, "success_rate": 100.0, "input_tokens": 3834, "output_tokens": 200, "model": "QwQ-32B", "input_tokens_per_minute": 237700.8187318612, "output_tokens_per_minute": 12399.051620926719, "slo_seconds": 5.0, "slo_attainment": 46.774193548387096, "ttft_slo_ms": 1000, "ttft_slo_attainment": 100.0, "tpot_slo_ms": 50, "tpot_slo_attainment": 100.0, "Latency": {"unit": "s", "min": 3.5732329890015535, "p50": 5.017963149000934, "p90": 5.916681272001005, "p95": 5.966852498802109, "p99": 6.11023891450026, "max": 6.135622814003}, "Throughput": {"unit": "tokens/s", "min": 32.59652786079855, "p50": 39.85685174186021, "p90": 49.38586726428252, "p95": 51.23966845641825, "p99": 55.605060361611145, "max": 55.97172102004039}, "TTFT": {"unit": "s", "min": 0.07119650100139552, "p50": 0.35428840600070544, "p90": 0.50134452320126, "p95": 0.5224054807500579, "p99": 0.5338759067399224, "max": 0.534575372999825}, "TPOT": {"unit": "ms", "min": 17.36991475376838, "p50": 23.85451270351242, "p90": 27.460076821109542, "p95": 27.570912693978364, "p99": 28.28857864191121, "max": 28.354284427136484}, "Input Tokens per Minute": {"unit": "tokens/min", "min": 237700.8187318612, "p50": 237700.8187318612, "p90": 237700.8187318612, "p95": 237700.8187318612, "p99": 237700.8187318612, "max": 237700.8187318612}, "Output Tokens per Minute": {"unit": "tokens/min", "min": 12399.051620926719, "p50": 12399.051620926719, "p90": 12399.051620926719, "p95": 12399.051620926719, "p99": 12399.051620926719, "max": 12399.051620926719}}
