{"target_qps": 5.0, "actual_qps": 4.998721371061801, "success_rate": 100.0, "input_tokens": 4007, "output_tokens": 199, "model": "QwQ-32B", "input_tokens_per_minute": 1202197.802197802, "output_tokens_per_minute": 59948.35164835164, "slo_seconds": 5.0, "slo_attainment": 8.058608058608058, "ttft_slo_ms": 1000, "ttft_slo_attainment": 35.8974358974359, "tpot_slo_ms": 50, "tpot_slo_attainment": 100.0, "Latency": {"unit": "s", "min": 3.615904002002935, "p50": 7.508709721998457, "p90": 11.754610403600964, "p95": 12.415299921799305, "p99": 13.62432885843939, "max": 21.41698303299927}, "Throughput": {"unit": "tokens/s", "min": 9.33838345446883, "p50": 26.63573468741972, "p90": 39.26975870405137, "p95": 40.79884265747815, "p99": 42.84500138778004, "max": 45.416157127775655}, "TTFT": {"unit": "s", "min": 0.1285699840009329, "p50": 1.60196659599751, "p90": 4.344020687198646, "p95": 5.036133388001326, "p99": 7.3362532379991645, "max": 11.97601411800133}, "TPOT": {"unit": "ms", "min": 17.897022608049703, "p50": 28.580636351771364, "p90": 40.792522155773376, "p95": 42.90759541105562, "p99": 45.895921418490936, "max": 47.58371626634306}, "Input Tokens per Minute": {"unit": "tokens/min", "min": 1202197.802197802, "p50": 1202197.802197802, "p90": 1202197.802197802, "p95": 1202197.802197802, "p99": 1202197.802197802, "max": 1202197.802197802}, "Output Tokens per Minute": {"unit": "tokens/min", "min": 59948.35164835164, "p50": 59948.35164835164, "p90": 59948.35164835164, "p95": 59948.35164835164, "p99": 59948.35164835164, "max": 59948.35164835164}}
{"target_qps": 5.0, "actual_qps": 4.998436290940215, "success_rate": 100.0, "input_tokens": 3951, "output_tokens": 198, "model": "QwQ-32B", "input_tokens_per_minute": 1185437.0, "output_tokens_per_minute": 59672.0, "slo_seconds": 5.0, "slo_attainment": 25.0, "ttft_slo_ms": 1000, "ttft_slo_attainment": 99.0, "tpot_slo_ms": 50, "tpot_slo_attainment": 100.0, "Latency": {"unit": "s", "min": 2.014212381996913, "p50": 5.231722439997611, "p90": 6.009510690598472, "p95": 6.102804091947656, "p99": 6.365607473890631, "max": 6.537138061998121}, "Throughput": {"unit": "tokens/s", "min": 25.816542716536482, "p50": 38.15043641329558, "p90": 41.830829163845344, "p95": 43.356705523606635, "p99": 45.264357895769884, "max": 46.88271809677723}, "TTFT": {"unit": "s", "min": 0.11855049900259473, "p50": 0.49971899400043185, "p90": 0.667254599199805, "p95": 0.727154143399821, "p99": 0.8820215678294684, "max": 1.179972619000182}, "TPOT": {"unit": "ms", "min": 18.405947482411403, "p50": 23.968425595465753, "p90": 27.17859099497191, "p95": 27.735207078140736, "p99": 29.101499378486558, "max": 29.798441211047002}, "Input Tokens per Minute": {"unit": "tokens/min", "min": 1185437.0, "p50": 1185437.0, "p90": 1185437.0, "p95": 1185437.0, "p99": 1185437.0, "max": 1185437.0}, "Output Tokens per Minute": {"unit": "tokens/min", "min": 59672.0, "p50": 59672.0, "p90": 59672.0, "p95": 59672.0, "p99": 59672.0, "max": 59672.0}}
{"target_qps": 5.0, "actual_qps": 4.999907738869178, "success_rate": 100.0, "input_tokens": 4060, "output_tokens": 199, "model": "QwQ-32B", "input_tokens_per_minute": 1221772.7810308076, "output_tokens_per_minute": 60078.20515532682, "slo_seconds": 5.0, "slo_attainment": 25.249169435215947, "ttft_slo_ms": 1000, "ttft_slo_attainment": 99.00332225913621, "tpot_slo_ms": 50, "tpot_slo_attainment": 100.0, "Latency": {"unit": "s", "min": 2.9548247800012177, "p50": 5.2635682270010875, "p90": 6.017350482001348, "p95": 6.158932448000996, "p99": 6.31358531099977, "max": 6.560059515002649}, "Throughput": {"unit": "tokens/s", "min": 30.487528282724618, "p50": 37.989862516493034, "p90": 42.218907390647544, "p95": 43.070437134243626, "p99": 45.773781387252356, "max": 46.89845047096584}, "TTFT": {"unit": "s", "min": 0.08698406099938438, "p50": 0.516164659999049, "p90": 0.7089092989990604, "p95": 0.7673271950006892, "p99": 0.9580412190007337, "max": 1.0571736519996193}, "TPOT": {"unit": "ms", "min": 19.039690623128024, "p50": 24.075168708530775, "p90": 27.07795088944884, "p95": 28.09311123115119, "p99": 28.63957123115677, "max": 28.957335949754317}, "Input Tokens per Minute": {"unit": "tokens/min", "min": 1221772.7810308076, "p50": 1221772.7810308076, "p90": 1221772.7810308076, "p95": 1221772.7810308076, "p99": 1221772.7810308076, "max": 1221772.7810308076}, "Output Tokens per Minute": {"unit": "tokens/min", "min": 60078.20515532682, "p50": 60078.20515532682, "p90": 60078.20515532682, "p95": 60078.20515532682, "p99": 60078.20515532682, "max": 60078.20515532682}}
{"target_qps": 5.0, "actual_qps": 4.999949310930502, "success_rate": 100.0, "input_tokens": 3996, "output_tokens": 199, "model": "QwQ-32B", "input_tokens_per_minute": 1202436.8300829346, "output_tokens_per_minute": 59946.246437245994, "slo_seconds": 5.0, "slo_attainment": 37.54152823920266, "ttft_slo_ms": 1000, "ttft_slo_attainment": 100.0, "tpot_slo_ms": 50, "tpot_slo_attainment": 100.0, "Latency": {"unit": "s", "min": 2.3121692429995164, "p50": 5.110319797000557, "p90": 5.81145113599996, "p95": 5.942544059998909, "p99": 6.067117515998689, "max": 6.116496700000425}, "Throughput": {"unit": "tokens/s", "min": 31.251822169850865, "p50": 39.0954255259713, "p90": 42.65446559680507, "p95": 43.968342210588276, "p99": 48.439004073454164, "max": 50.840416694689516}, "TTFT": {"unit": "s", "min": 0.06821240299905185, "p50": 0.3662276679970091, "p90": 0.49444448099893634, "p95": 0.5040038460028882, "p99": 0.5355457020014001, "max": 0.5602147839999816}, "TPOT": {"unit": "ms", "min": 19.270100276381942, "p50": 23.97381084923306, "p90": 26.991251216078588, "p95": 27.60328142210884, "p99": 28.266318351753263, "max": 28.842927356781182}, "Input Tokens per Minute": {"unit": "tokens/min", "min": 1202436.8300829346, "p50": 1202436.8300829346, "p90": 1202436.8300829346, "p95": 1202436.8300829346, "p99": 1202436.8300829346, "max": 1202436.8300829346}, "Output Tokens per Minute": {"unit": "tokens/min", "min": 59946.246437245994, "p50": 59946.246437245994, "p90": 59946.246437245994, "p95": 59946.246437245994, "p99": 59946.246437245994, "max": 59946.246437245994}}
{"target_qps": 5.0, "actual_qps": 4.9999422884160785, "success_rate": 100.0, "input_tokens": 4151, "output_tokens": 199, "model": "QwQ-32B", "input_tokens_per_minute": 1245409.0, "output_tokens_per_minute": 59727.0, "slo_seconds": 5.0, "slo_attainment": 37.666666666666664, "ttft_slo_ms": 1000, "ttft_slo_attainment": 100.0, "tpot_slo_ms": 50, "tpot_slo_attainment": 100.0, "Latency": {"unit": "s", "min": 1.7320332000017515, "p50": 5.11625585749789, "p90": 5.916174164297991, "p95": 6.000117862299885, "p99": 6.113888051962676, "max": 6.207644032001554}, "Throughput": {"unit": "tokens/s", "min": 30.023617232775067, "p50": 39.08002678602014, "p90": 42.630132840329715, "p95": 43.62975051073303, "p99": 45.5584402642342, "max": 50.03219421600649}, "TTFT": {"unit": "s", "min": 0.05840970800272771, "p50": 0.4052310134993604, "p90": 0.5004986840991478, "p95": 0.5207271200490141, "p99": 0.545151264289052, "max": 0.5573933330015279}, "TPOT": {"unit": "ms", "min": 19.639891125629603, "p50": 23.947658442217406, "p90": 27.442732748251053, "p95": 27.95595631231567, "p99": 28.690307068443772, "max": 28.88018448744452}, "Input Tokens per Minute": {"unit": "tokens/min", "min": 1245409.0, "p50": 1245409.0, "p90": 1245409.0, "p95": 1245409.0, "p99": 1245409.0, "max": 1245409.0}, "Output Tokens per Minute": {"unit": "tokens/min", "min": 59727.0, "p50": 59727.0, "p90": 59727.0, "p95": 59727.0, "p99": 59727.0, "max": 59727.0}}
