{"target_qps": 4.0, "actual_qps": 3.996112481009784, "success_rate": 100.0, "input_tokens": 3869, "output_tokens": 199, "model": "QwQ-32B", "input_tokens_per_minute": 928701.3197969544, "output_tokens_per_minute": 47993.90862944163, "slo_seconds": 5.0, "slo_attainment": 1.015228426395939, "ttft_slo_ms": 1000, "ttft_slo_attainment": 59.89847715736041, "tpot_slo_ms": 50, "tpot_slo_attainment": 85.78680203045685, "Latency": {"unit": "s", "min": 4.775838636998742, "p50": 8.844767045999106, "p90": 11.671776339799909, "p95": 12.073018888200021, "p99": 12.841093284278614, "max": 16.840309057000923}, "Throughput": {"unit": "tokens/s", "min": 11.876266600751913, "p50": 22.612240544025315, "p90": 28.268298506267975, "p95": 30.04619639684253, "p99": 36.057087566666496, "max": 41.877461782436825}, "TTFT": {"unit": "s", "min": 0.11944630800098821, "p50": 0.7958820130006643, "p90": 1.8063464866001597, "p95": 2.2257882955993407, "p99": 2.9439543588395463, "max": 6.514407495000341}, "TPOT": {"unit": "ms", "min": 22.321088788940237, "p50": 40.38017604522505, "p90": 51.400507964823724, "p95": 54.4514407969811, "p99": 59.29960542833955, "max": 60.35142302512647}, "Input Tokens per Minute": {"unit": "tokens/min", "min": 928701.3197969544, "p50": 928701.3197969544, "p90": 928701.3197969544, "p95": 928701.3197969544, "p99": 928701.3197969544, "max": 928701.3197969544}, "Output Tokens per Minute": {"unit": "tokens/min", "min": 47993.90862944163, "p50": 47993.90862944163, "p90": 47993.90862944163, "p95": 47993.90862944163, "p99": 47993.90862944163, "max": 47993.90862944163}}
{"target_qps": 4.0, "actual_qps": 3.994300215070286, "success_rate": 100.0, "input_tokens": 3909, "output_tokens": 199, "model": "QwQ-32B", "input_tokens_per_minute": 948497.7992952632, "output_tokens_per_minute": 48396.996564408466, "slo_seconds": 5.0, "slo_attainment": 0.4098360655737705, "ttft_slo_ms": 1000, "ttft_slo_attainment": 86.47540983606558, "tpot_slo_ms": 50, "tpot_slo_attainment": 94.67213114754098, "Latency": {"unit": "s", "min": 2.67776776699975, "p50": 8.349315197000578, "p90": 10.124326631599798, "p95": 10.646411632201307, "p99": 13.088919353860055, "max": 13.686203238999951}, "Throughput": {"unit": "tokens/s", "min": 14.61325661379072, "p50": 23.954114957109738, "p90": 29.15797669244095, "p95": 31.024113148623393, "p99": 33.17832350010549, "max": 37.82719312767743}, "TTFT": {"unit": "s", "min": 0.06642717999966408, "p50": 0.5865507630005595, "p90": 1.1136007509001502, "p95": 1.5231704281995917, "p99": 1.8140561368404633, "max": 2.5316713230004098}, "TPOT": {"unit": "ms", "min": 25.296411628142554, "p50": 38.91774699748832, "p90": 47.198813316084234, "p95": 49.97315598969057, "p99": 56.59444551633068, "max": 62.699769025120936}, "Input Tokens per Minute": {"unit": "tokens/min", "min": 948497.7992952632, "p50": 948497.7992952632, "p90": 948497.7992952632, "p95": 948497.7992952632, "p99": 948497.7992952632, "max": 948497.7992952632}, "Output Tokens per Minute": {"unit": "tokens/min", "min": 48396.996564408466, "p50": 48396.996564408466, "p90": 48396.996564408466, "p95": 48396.996564408466, "p99": 48396.996564408466, "max": 48396.996564408466}}
{"target_qps": 4.0, "actual_qps": 3.9977850628994425, "success_rate": 100.0, "input_tokens": 3831, "output_tokens": 199, "model": "QwQ-32B", "input_tokens_per_minute": 933558.4535365078, "output_tokens_per_minute": 48504.3951760004, "slo_seconds": 5.0, "slo_attainment": 0.40816326530612246, "ttft_slo_ms": 1000, "ttft_slo_attainment": 80.40816326530611, "tpot_slo_ms": 50, "tpot_slo_attainment": 97.14285714285714, "Latency": {"unit": "s", "min": 3.1544435569994675, "p50": 7.86106058400037, "p90": 9.534685944800003, "p95": 10.15137274260014, "p99": 11.154687787599105, "max": 11.274154564000128}, "Throughput": {"unit": "tokens/s", "min": 17.73968938111125, "p50": 25.404587483836053, "p90": 31.006232518781935, "p95": 32.744634327262354, "p99": 35.421057388425815, "max": 36.06371495025813}, "TTFT": {"unit": "s", "min": 0.09318748599980609, "p50": 0.6214859020001313, "p90": 1.2730658237996977, "p95": 1.5558140993995033, "p99": 2.1013700273608267, "max": 2.2508952070002124}, "TPOT": {"unit": "ms", "min": 25.83507270351197, "p50": 35.59417017587938, "p90": 43.61019324220507, "p95": 48.54583824321776, "p99": 53.17128741226116, "max": 55.344428402007104}, "Input Tokens per Minute": {"unit": "tokens/min", "min": 933558.4535365078, "p50": 933558.4535365078, "p90": 933558.4535365078, "p95": 933558.4535365078, "p99": 933558.4535365078, "max": 933558.4535365078}, "Output Tokens per Minute": {"unit": "tokens/min", "min": 48504.3951760004, "p50": 48504.3951760004, "p90": 48504.3951760004, "p95": 48504.3951760004, "p99": 48504.3951760004, "max": 48504.3951760004}}
{"target_qps": 4.0, "actual_qps": 3.999967457464696, "success_rate": 100.0, "input_tokens": 3741, "output_tokens": 198, "model": "QwQ-32B", "input_tokens_per_minute": 918951.2479284164, "output_tokens_per_minute": 48817.64112647686, "slo_seconds": 5.0, "slo_attainment": 1.214574898785425, "ttft_slo_ms": 1000, "ttft_slo_attainment": 91.09311740890689, "tpot_slo_ms": 50, "tpot_slo_attainment": 98.78542510121457, "Latency": {"unit": "s", "min": 2.674428161999458, "p50": 7.737910162999469, "p90": 9.639837775201158, "p95": 10.092559014799917, "p99": 10.545636965979975, "max": 11.28796717899968}, "Throughput": {"unit": "tokens/s", "min": 17.71798206253499, "p50": 25.823754031252424, "p90": 30.02632300461275, "p95": 32.002188174017185, "p99": 35.03595233987769, "max": 41.268680837117934}, "TTFT": {"unit": "s", "min": 0.044000750000122935, "p50": 0.4790375969987508, "p90": 0.9916258539993578, "p95": 1.1150829745998627, "p99": 2.0723592722798987, "max": 3.110820188001526}, "TPOT": {"unit": "ms", "min": 23.529655824114258, "p50": 36.12413598492269, "p90": 44.5578154180916, "p95": 47.544485848746845, "p99": 49.99880988924517, "max": 53.847314221105144}, "Input Tokens per Minute": {"unit": "tokens/min", "min": 918951.2479284164, "p50": 918951.2479284164, "p90": 918951.2479284164, "p95": 918951.2479284164, "p99": 918951.2479284164, "max": 918951.2479284164}, "Output Tokens per Minute": {"unit": "tokens/min", "min": 48817.64112647686, "p50": 48817.64112647686, "p90": 48817.64112647686, "p95": 48817.64112647686, "p99": 48817.64112647686, "max": 48817.64112647686}}
{"target_qps": 4.0, "actual_qps": 3.9999416889167896, "success_rate": 100.0, "input_tokens": 3626, "output_tokens": 200, "model": "QwQ-32B", "input_tokens_per_minute": 870322.6890756303, "output_tokens_per_minute": 48000.0, "slo_seconds": 5.0, "slo_attainment": 0.0, "ttft_slo_ms": 1000, "ttft_slo_attainment": 93.69747899159664, "tpot_slo_ms": 50, "tpot_slo_attainment": 98.73949579831933, "Latency": {"unit": "s", "min": 5.085451015000217, "p50": 7.622243569499915, "p90": 9.2914346140009, "p95": 9.719651558200438, "p99": 10.583885853069878, "max": 10.862246632999813}, "Throughput": {"unit": "tokens/s", "min": 18.412397246845263, "p50": 26.239003488177136, "p90": 32.42134776571695, "p95": 33.290063342034244, "p99": 37.452620232107435, "max": 39.32787857164946}, "TTFT": {"unit": "s", "min": 0.0471878589996777, "p50": 0.4324490375001915, "p90": 0.8483601352994812, "p95": 1.0955992609997338, "p99": 1.4045909443101663, "max": 1.5473387299989554}, "TPOT": {"unit": "ms", "min": 24.702903180910816, "p50": 35.856901103014835, "p90": 44.09043668743907, "p95": 45.9451773909531, "p99": 50.54559509874181, "max": 52.05370192462812}, "Input Tokens per Minute": {"unit": "tokens/min", "min": 870322.6890756303, "p50": 870322.6890756303, "p90": 870322.6890756303, "p95": 870322.6890756303, "p99": 870322.6890756303, "max": 870322.6890756303}, "Output Tokens per Minute": {"unit": "tokens/min", "min": 48000.0, "p50": 48000.0, "p90": 48000.0, "p95": 48000.0, "p99": 48000.0, "max": 48000.0}}
{"target_qps": 4.0, "actual_qps": 3.99993316098349, "success_rate": 100.0, "input_tokens": 3870, "output_tokens": 199, "model": "QwQ-32B", "input_tokens_per_minute": 973686.7514399264,