{"target_qps": 5.0, "actual_qps": 4.995665276393203, "success_rate": 100.0, "input_tokens": 3921, "output_tokens": 199, "model": "QwQ-32B", "input_tokens_per_minute": 1176465.1162790698, "output_tokens_per_minute": 59789.53488372093, "slo_seconds": 5.0, "slo_attainment": 3.488372093023256, "ttft_slo_ms": 1000, "ttft_slo_attainment": 47.286821705426355, "tpot_slo_ms": 50, "tpot_slo_attainment": 86.82170542635659, "Latency": {"unit": "s", "min": 2.115289154000493, "p50": 9.015521102998719, "p90": 12.855065419699175, "p95": 16.34622840319962, "p99": 16.571736633749353, "max": 16.764114006000455}, "Throughput": {"unit": "tokens/s", "min": 11.930245757599424, "p50": 22.137220536492475, "p90": 35.41543823585839, "p95": 38.745512226254746, "p99": 44.61722643779324, "max": 50.331237663833036}, "TTFT": {"unit": "s", "min": 0.10737915199933923, "p50": 1.0599814664992664, "p90": 2.597865107801044, "p95": 5.149284907449681, "p99": 7.213704546020873, "max": 7.592145313999936}, "TPOT": {"unit": "ms", "min": 17.39231632662761, "p50": 39.51958653265846, "p90": 53.61412515427201, "p95": 57.37597665628065, "p99": 68.75648890934954, "max": 75.79648888442087}, "Input Tokens per Minute": {"unit": "tokens/min", "min": 1176465.1162790698, "p50": 1176465.1162790698, "p90": 1176465.1162790698, "p95": 1176465.1162790698, "p99": 1176465.1162790698, "max": 1176465.1162790698}, "Output Tokens per Minute": {"unit": "tokens/min", "min": 59789.53488372093, "p50": 59789.53488372093, "p90": 59789.53488372093, "p95": 59789.53488372093, "p99": 59789.53488372093, "max": 59789.53488372093}}
{"target_qps": 5.0, "actual_qps": 4.997243085370961, "success_rate": 100.0, "input_tokens": 3954, "output_tokens": 199, "model": "QwQ-32B", "input_tokens_per_minute": 1186473.7373737374, "output_tokens_per_minute": 59890.90909090909, "slo_seconds": 5.0, "slo_attainment": 0.0, "ttft_slo_ms": 1000, "ttft_slo_attainment": 81.81818181818183, "tpot_slo_ms": 50, "tpot_slo_attainment": 93.60269360269359, "Latency": {"unit": "s", "min": 5.603772342999946, "p50": 8.409226941999805, "p90": 10.29831702499978, "p95": 11.00872741119965, "p99": 12.929329983080828, "max": 13.584542833999876}, "Throughput": {"unit": "tokens/s", "min": 14.722615434612411, "p50": 23.662472957241462, "p90": 29.15432995843083, "p95": 31.336752037161578, "p99": 34.316299798008856, "max": 35.690243599891}, "TTFT": {"unit": "s", "min": 0.06490751700039255, "p50": 0.6451381200004107, "p90": 1.1633340034004507, "p95": 1.4379515070006161, "p99": 2.3536474643193674, "max": 2.8837190279991773}, "TPOT": {"unit": "ms", "min": 26.122954216081972, "p50": 39.37424307035477, "p90": 48.28575464120671, "p95": 50.65991573165367, "p99": 58.04109680442663, "max": 60.78828787940438}, "Input Tokens per Minute": {"unit": "tokens/min", "min": 1186473.7373737374, "p50": 1186473.7373737374, "p90": 1186473.7373737374, "p95": 1186473.7373737374, "p99": 1186473.7373737374, "max": 1186473.7373737374}, "Output Tokens per Minute": {"unit": "tokens/min", "min": 59890.90909090909, "p50": 59890.90909090909, "p90": 59890.90909090909, "p95": 59890.90909090909, "p99": 59890.90909090909, "max": 59890.90909090909}}
{"target_qps": 5.0, "actual_qps": 4.996883343670975, "success_rate": 100.0, "input_tokens": 4034, "output_tokens": 199, "model": "QwQ-32B", "input_tokens_per_minute": 1225526.6142742278, "output_tokens_per_minute": 60487.515166568905, "slo_seconds": 5.0, "slo_attainment": 0.6578947368421052, "ttft_slo_ms": 1000, "ttft_slo_attainment": 85.19736842105263, "tpot_slo_ms": 50, "tpot_slo_attainment": 98.02631578947368, "Latency": {"unit": "s", "min": 3.5299231560002227, "p50": 8.15868152100029, "p90": 9.734427038700959, "p95": 10.148667465550442, "p99": 11.244662499379555, "max": 11.902030252000259}, "Throughput": {"unit": "tokens/s", "min": 16.80385579312302, "p50": 24.43836048297812, "p90": 30.111813825810383, "p95": 31.360850286554058, "p99": 34.10117518213206, "max": 36.31630388533744}, "TTFT": {"unit": "s", "min": 0.057919783001125325, "p50": 0.5628619629997047, "p90": 1.0758692363006048, "p95": 1.2698139266001816, "p99": 1.69289089136093, "max": 2.182224859001508}, "TPOT": {"unit": "ms", "min": 25.83685386934345, "p50": 38.337465060300275, "p90": 44.92689782663679, "p95": 46.723669272364646, "p99": 53.42582269784093, "max": 56.55751949749019}, "Input Tokens per Minute": {"unit": "tokens/min", "min": 1225526.6142742278, "p50": 1225526.6142742278, "p90": 1225526.6142742278, "p95": 1225526.6142742278, "p99": 1225526.6142742278, "max": 1225526.6142742278}, "Output Tokens per Minute": {"unit": "tokens/min", "min": 60487.515166568905, "p50": 60487.515166568905, "p90": 60487.515166568905, "p95": 60487.515166568905, "p99": 60487.515166568905, "max": 60487.515166568905}}
{"target_qps": 5.0, "actual_qps": 4.999945623008044, "success_rate": 100.0, "input_tokens": 4031, "output_tokens": 198, "model": "QwQ-32B", "input_tokens_per_minute": 1224459.5401711902, "output_tokens_per_minute": 60333.64867605599, "slo_seconds": 5.0, "slo_attainment": 1.3157894736842104, "ttft_slo_ms": 1000, "ttft_slo_attainment": 86.18421052631578, "tpot_slo_ms": 50, "tpot_slo_attainment": 95.72368421052632, "Latency": {"unit": "s", "min": 2.633980518001408, "p50": 7.828594974000225, "p90": 9.777476105298774, "p95": 10.402633094649989, "p99": 10.875790517969307, "max": 11.14654140499988}, "Throughput": {"unit": "tokens/s", "min": 14.538296090311958, "p50": 25.49962183934661, "p90": 31.108979832654928, "p95": 32.55920565465242, "p99": 36.6906499538147, "max": 42.2718211101526}, "TTFT": {"unit": "s", "min": 0.039486044999648584, "p50": 0.46634714850006276, "p90": 1.1000008444996638, "p95": 1.2953338243497443, "p99": 2.1479598859800837, "max": 2.749115876998985}, "TPOT": {"unit": "ms", "min": 22.60393611054976, "p50": 36.23756960552609, "p90": 46.34528334572678, "p95": 49.149781544725414, "p99": 52.97621052462789, "max": 68.91541365117985}, "Input Tokens per Minute": {"unit": "tokens/min", "min": 1224459.5401711902, "p50": 1224459.5401711902, "p90": 1224459.5401711902, "p95": 1224459.5401711902, "p99": 1224459.5401711902, "max": 1224459.5401711902}, "Output Tokens per Minute": {"unit": "tokens/min", "min": 60333.64867605599, "p50": 60333.64867605599, "p90": 60333.64867605599, "p95": 60333.64867605599, "p99": 60333.64867605599, "max": 60333.64867605599}}
{"target_qps": 5.0, "actual_qps": 4.9999440180436165, "success_rate": 100.0, "input_tokens": 3881, "output_tokens": 199, "model": "QwQ-32B", "input_tokens_per_minute": 1164454.054054054, "output_tokens_per_minute": 59744.59459459459, "slo_seconds": 5.0, "slo_attainment": 0.33783783783783783, "ttft_slo_ms": 1000, "ttft_slo_attainment": 97.63513513513513, "tpot_slo_ms": 50, "tpot_slo_attainment": 100.0, "Latency": {"unit": "s", "min": 1.4604503949994978, "p50": 7.619900021500143, "p90": 9.102964602000611, "p95": 9.543368303749958, "p99": 9.874754053549987, "max": 10.29630324000027}, "Throughput": {"unit": "tokens/s", "min": 18.749603722863625, "p50": 26.20876689870363, "p90": 31.914572084815187, "p95": 33.24618855318289, "p99": 36.190244084042796, "max": 37.27257065931544}, "TTFT": {"unit": "s", "min": 0.044062676999601535, "p50": 0.4076278929996988, "p90": 0.7812151834996257, "p95": 0.9249564402502983, "p99": 1.2563602855489084, "max": 2.088640858999497}, "TPOT": {"unit": "ms", "min": 25.3995564582965, "p50": 36.35749510301399, "p90": 43.55730900251683, "p95": 45.36007398869675, "p99": 48.330576236180136, "max": 49.340550622441604}, "Input Tokens per Minute": {"unit": "tokens/min", "min": 1164454.054054054, "p50": 1164454.054054054, "p90": 1164454.054054054, "p95": 1164454.054054054, "p99": 1164454.054054054, "max": 1164454.054054054}, "Output Tokens per Minute": {"unit": "tokens/min", "min": 59744.59459459459, "p50": 59744.59459459459, "p90": 59744.59459459459, "p95": 59744.59459459459, "p99": 59744.59459459459, "max": 59744.59459459459}}
{"target_qps": 5.0, "actual_qps": 4.9999151411068095, "success_rate": 100.0, "input_tokens": 4133,