{"actual_qps": 4.27305515465074, "success_rate": 100.0, "input_tokens": 3851, "output_tokens": 199, "model": "QwQ-32B", "input_tokens_per_minute": 751032.8339127119, "output_tokens_per_minute": 38863.35414013622, "slo_seconds": 5.0, "slo_attainment": 0.0, "ttft_slo_ms": 1000, "ttft_slo_attainment": 0.5076142131979695, "tpot_slo_ms": 50, "tpot_slo_attainment": 75.63451776649747, "Latency": {"unit": "s", "min": 7.180235535997781, "p50": 13.851064088004932, "p90": 25.768518446601227, "p95": 27.12743654700025, "p99": 29.38919474412018, "max": 30.153826137997385}, "Throughput": {"unit": "tokens/s", "min": 6.632657463922177, "p50": 14.436865401788083, "p90": 20.14957127270279, "p95": 22.41753092492021, "p99": 26.64059702379873, "max": 27.854239460155476}, "TTFT": {"unit": "s", "min": 0.9794346920025419, "p50": 5.968938555997738, "p90": 13.19643592680368, "p95": 16.455524999198673, "p99": 18.816770050200866, "max": 19.471638619004807}, "TPOT": {"unit": "ms", "min": 19.824332241242434, "p50": 37.43934292463532, "p90": 68.92567231358164, "p95": 84.74385457185923, "p99": 90.94256824460003, "max": 93.12077809546972}, "Input Tokens per Minute": {"unit": "tokens/min", "min": 751032.8339127119, "p50": 751032.8339127119, "p90": 751032.8339127119, "p95": 751032.8339127119, "p99": 751032.8339127119, "max": 751032.8339127119}, "Output Tokens per Minute": {"unit": "tokens/min", "min": 38863.35414013622, "p50": 38863.35414013622, "p90": 38863.35414013622, "p95": 38863.35414013622, "p99": 38863.35414013622, "max": 38863.35414013622}}
{"actual_qps": 4.3035378076518045, "success_rate": 100.0, "input_tokens": 3863, "output_tokens": 198, "model": "QwQ-32B", "input_tokens_per_minute": 730140.2030842776, "output_tokens_per_minute": 37520.91376850628, "slo_seconds": 5.0, "slo_attainment": 0.0, "ttft_slo_ms": 1000, "ttft_slo_attainment": 0.5235602094240838, "tpot_slo_ms": 50, "tpot_slo_attainment": 15.706806282722512, "Latency": {"unit": "s", "min": 10.49050388300384, "p50": 22.607370103003632, "p90": 32.81709733900061, "p95": 35.7966833065002, "p99": 37.36838672950106, "max": 39.31940473400027}, "Throughput": {"unit": "tokens/s", "min": 4.766215289334896, "p50": 8.775259904065846, "p90": 11.391820765772263, "p95": 12.427810873157561, "p99": 14.024051359075496, "max": 14.480796307107989}, "TTFT": {"unit": "s", "min": 0.9407398970070062, "p50": 9.382177122999565, "p90": 17.75539806499728, "p95": 20.853379241998482, "p99": 23.723987329703185, "max": 33.6925922579976}, "TPOT": {"unit": "ms", "min": 23.89792886432629, "p50": 69.87588222110942, "p90": 84.96549031153894, "p95": 92.07984252008197, "p99": 104.01176304223442, "max": 106.39954968846997}, "Input Tokens per Minute": {"unit": "tokens/min", "min": 730140.2030842776, "p50": 730140.2030842776, "p90": 730140.2030842776, "p95": 730140.2030842776, "p99": 730140.2030842776, "max": 730140.2030842776}, "Output Tokens per Minute": {"unit": "tokens/min", "min": 37520.91376850628, "p50": 37520.91376850628, "p90": 37520.91376850628, "p95": 37520.91376850628, "p99": 37520.91376850628, "max": 37520.91376850628}}
{"actual_qps": 4.454647036484234, "success_rate": 100.0, "input_tokens": 3728, "output_tokens": 199, "model": "QwQ-32B", "input_tokens_per_minute": 1022262.5933758065, "output_tokens_per_minute": 54629.42421052289, "slo_seconds": 5.0, "slo_attainment": 0.0, "ttft_slo_ms": 1000, "ttft_slo_attainment": 0.3597122302158274, "tpot_slo_ms": 50, "tpot_slo_attainment": 66.18705035971223, "Latency": {"unit": "s", "min": 6.47584556700167, "p50": 18.014479819998087, "p90": 34.10279687380244, "p95": 40.44604917930119, "p99": 46.82177834888744, "max": 51.73950638699898}, "Throughput": {"unit": "tokens/s", "min": 3.865518130460086, "p50": 11.079277893869776, "p90": 17.511360385535838, "p95": 18.635419811230506, "p99": 22.187920803724488, "max": 23.88841634821914}, "TTFT": {"unit": "s", "min": 0.8736161180058843, "p50": 8.050684418998571, "p90": 25.52872450190116, "p95": 29.68387037419924, "p99": 35.78917112035527, "max": 40.810395426997275}, "TPOT": {"unit": "ms", "min": 20.400682663325345, "p50": 42.490769100473315, "p90": 71.6703693618088, "p95": 80.00346969950175, "p99": 93.58165429599188, "max": 98.3894200000038}, "Input Tokens per Minute": {"unit": "tokens/min", "min": 1022262.5933758065, "p50": 1022262.5933758065, "p90": 1022262.5933758065, "p95": 1022262.5933758065, "p99": 1022262.5933758065, "max": 1022262.5933758065}, "Output Tokens per Minute": {"unit": "tokens/min", "min": 54629.42421052289, "p50": 54629.42421052289, "p90": 54629.42421052289, "p95": 54629.42421052289, "p99": 54629.42421052289, "max": 54629.42421052289}}
{"actual_qps": 4.311636571884277, "success_rate": 100.0, "input_tokens": 3661, "output_tokens": 200, "model": "QwQ-32B", "input_tokens_per_minute": 1271398.3424996128, "output_tokens_per_minute": 69445.21870152774, "slo_seconds": 5.0, "slo_attainment": 0.0, "ttft_slo_ms": 1000, "ttft_slo_attainment": 38.81019830028329, "tpot_slo_ms": 50, "tpot_slo_attainment": 66.28895184135978, "Latency": {"unit": "s", "min": 5.270925629003614, "p50": 9.278874735005957, "p90": 23.369043797801716, "p95": 27.715340305196847, "p99": 37.3576990025613, "max": 49.92922607399669}, "Throughput": {"unit": "tokens/s", "min": 4.005669939758203, "p50": 21.554337752342942, "p90": 28.387694002586546, "p95": 29.23420265738428, "p99": 32.202632886945096, "max": 37.943999607865244}, "TTFT": {"unit": "s", "min": 0.09103678700193996, "p50": 1.2682835619998514, "p90": 8.06338262699719, "p95": 9.63447589179704, "p99": 21.921193601881104, "max": 32.495834944995295}, "TPOT": {"unit": "ms", "min": 24.727144180927205, "p50": 40.03412416080497, "p90": 78.66372017989995, "p95": 87.730729114586, "p99": 92.65805422976305, "max": 102.2700227185851}, "Input Tokens per Minute": {"unit": "tokens/min", "min": 1271398.3424996128, "p50": 1271398.3424996128, "p90": 1271398.3424996128, "p95": 1271398.3424996128, "p99": 1271398.3424996128, "max": 1271398.3424996128}, "Output Tokens per Minute": {"unit": "tokens/min", "min": 69445.21870152774, "p50": 69445.21870152774, "p90": 69445.21870152774, "p95": 69445.21870152774, "p99": 69445.21870152774, "max": 69445.21870152774}}
{"actual_qps": 4.557373280008602, "success_rate": 100.0, "input_tokens": 3772, "output_tokens": 199, "model": "QwQ-32B", "input_tokens_per_minute": 975855.9142306651, "output_tokens_per_minute": 51693.39986996808, "slo_seconds": 5.0, "slo_attainment": 0.0, "ttft_slo_ms": 1000, "ttft_slo_attainment": 64.25855513307985, "tpot_slo_ms": 50, "tpot_slo_attainment": 98.47908745247148, "Latency": {"unit": "s", "min": 5.303291425996576, "p50": 7.825549781999143, "p90": 9.593131210200957, "p95": 10.2026750681056, "p99": 11.927370831359585, "max": 14.238239110003633}, "Throughput": {"unit": "tokens/s", "min": 14.046680804755004, "p50": 25.555401658356672, "p90": 30.023057854544483, "p95": 31.127393037033006, "p99": 35.08359150868242, "max": 37.712428741819835}, "TTFT": {"unit": "s", "min": 0.09588065600109985, "p50": 0.7923590790014714, "p90": 1.5518806263964509, "p95": 1.937693498998851, "p99": 2.4197096793564556, "max": 2.6159816500003217}, "TPOT": {"unit": "ms", "min": 25.166376306524445, "p50": 34.62612078391746, "p90": 42.47015815074807, "p95": 44.51482996984632, "p99": 52.066855311555194, "max": 67.49819084423086}, "Input Tokens per Minute": {"unit": "tokens/min", "min": 975855.9142306651, "p50": 975855.9142306651, "p90": 975855.9142306651, "p95": 975855.9142306651, "p99": 975855.9142306651, "max": 975855.9142306651}, "Output Tokens per Minute": {"unit": "tokens/min", "min": 51693.39986996808, "p50": 51693.39986996808, "p90": 51693.39986996808, "p95": 51693.39986996808, "p99": 51693.39986996808, "max": 51693.39986996808}}
{"actual_qps": 4.524580375709461, "success_rate": 100.0, "input_tokens": 3739, "output_tokens": 199, "model": "QwQ-32B", "input_tokens_per_minute": 1048293.1420171186, "output_tokens_per_minute": 55922.82983933944, "slo_seconds": 5.0, "slo_attainment": 0.0, "ttft_slo_ms": 1000,