{"actual_qps": 5.581844963671707, "success_rate": 100.0, "input_tokens": 4037, "output_tokens": 199, "model": "QwQ-32B", "input_tokens_per_minute": 715324.4659741087, "output_tokens_per_minute": 35424.594915376525, "slo_seconds": 5.0, "slo_attainment": 0.0, "ttft_slo_ms": 1000, "ttft_slo_attainment": 0.0, "tpot_slo_ms": 50, "tpot_slo_attainment": 81.86813186813187, "Latency": {"unit": "s", "min": 9.070191587001318, "p50": 14.137430318500265, "p90": 21.27471772269564, "p95": 24.957878130349467, "p99": 28.370413034617087, "max": 29.988071501000377}, "Throughput": {"unit": "tokens/s", "min": 6.669318498634638, "p50": 14.14380957251592, "p90": 17.128575832271498, "p95": 17.744578209481713, "p99": 20.17239883982711, "max": 22.050250877459323}, "TTFT": {"unit": "s", "min": 1.8660134399979142, "p50": 5.503009971998836, "p90": 14.661050994496327, "p95": 17.435157284545113, "p99": 21.628813179455097, "max": 22.441727299003105}, "TPOT": {"unit": "ms", "min": 20.195749261331375, "p50": 39.12919160551491, "p90": 52.64422311355423, "p95": 53.60969007616134, "p99": 60.16727546687284, "max": 68.89790080904689}, "Input Tokens per Minute": {"unit": "tokens/min", "min": 715324.4659741087, "p50": 715324.4659741087, "p90": 715324.4659741087, "p95": 715324.4659741087, "p99": 715324.4659741087, "max": 715324.4659741087}, "Output Tokens per Minute": {"unit": "tokens/min", "min": 35424.594915376525, "p50": 35424.594915376525, "p90": 35424.594915376525, "p95": 35424.594915376525, "p99": 35424.594915376525, "max": 35424.594915376525}}
{"actual_qps": 4.631209560789248, "success_rate": 100.0, "input_tokens": 3940, "output_tokens": 200, "model": "QwQ-32B", "input_tokens_per_minute": 1465422.203442542, "output_tokens_per_minute": 74381.3293996253, "slo_seconds": 5.0, "slo_attainment": 0.0, "ttft_slo_ms": 1000, "ttft_slo_attainment": 0.5235602094240838, "tpot_slo_ms": 50, "tpot_slo_attainment": 48.69109947643979, "Latency": {"unit": "s", "min": 7.2174613530005445, "p50": 17.003884576999553, "p90": 27.948645258402394, "p95": 30.1887556749476, "p99": 42.78832076831815, "max": 45.62710916400101}, "Throughput": {"unit": "tokens/s", "min": 4.383359008810413, "p50": 11.762019264262609, "p90": 19.083692327753255, "p95": 21.902350736940118, "p99": 24.51563891731658, "max": 27.710574427510192}, "TTFT": {"unit": "s", "min": 0.6836409000025014, "p50": 6.495963281002332, "p90": 14.089849319098722, "p95": 19.30515097069983, "p99": 28.77364667555099, "max": 29.980520704004448}, "TPOT": {"unit": "ms", "min": 16.833009738703232, "p50": 50.56503364570899, "p90": 78.95570191658273, "p95": 83.8420970010181, "p99": 90.81897336677724, "max": 94.99072747237174}, "Input Tokens per Minute": {"unit": "tokens/min", "min": 1465422.203442542, "p50": 1465422.203442542, "p90": 1465422.203442542, "p95": 1465422.203442542, "p99": 1465422.203442542, "max": 1465422.203442542}, "Output Tokens per Minute": {"unit": "tokens/min", "min": 74381.3293996253, "p50": 74381.3293996253, "p90": 74381.3293996253, "p95": 74381.3293996253, "p99": 74381.3293996253, "max": 74381.3293996253}}
{"actual_qps": 4.841867197883602, "success_rate": 100.0, "input_tokens": 4091, "output_tokens": 200, "model": "QwQ-32B", "input_tokens_per_minute": 932125.5960442077, "output_tokens_per_minute": 45563.432145320214, "slo_seconds": 5.0, "slo_attainment": 0.0, "ttft_slo_ms": 1000, "ttft_slo_attainment": 2.564102564102564, "tpot_slo_ms": 50, "tpot_slo_attainment": 82.05128205128204, "Latency": {"unit": "s", "min": 6.598204814996279, "p50": 12.04680736249793, "p90": 16.309981223801877, "p95": 17.670246667598256, "p99": 20.95417241097003, "max": 25.92260812099994}, "Throughput": {"unit": "tokens/s", "min": 7.715273056879633, "p50": 16.6019162255503, "p90": 21.27106891291375, "p95": 24.1631814458134, "p99": 28.689523986662202, "max": 30.31127490093118}, "TTFT": {"unit": "s", "min": 0.2509777480008779, "p50": 3.7262236089991347, "p90": 6.738393498303052, "p95": 8.40358521274793, "p99": 10.487296632595822, "max": 12.938216549999197}, "TPOT": {"unit": "ms", "min": 24.34613328645282, "p50": 42.762187389470725, "p90": 53.95524779899704, "p95": 56.762295976385296, "p99": 68.03145311467485, "max": 78.7767143065596}, "Input Tokens per Minute": {"unit": "tokens/min", "min": 932125.5960442077, "p50": 932125.5960442077, "p90": 932125.5960442077, "p95": 932125.5960442077, "p99": 932125.5960442077, "max": 932125.5960442077}, "Output Tokens per Minute": {"unit": "tokens/min", "min": 45563.432145320214, "p50": 45563.432145320214, "p90": 45563.432145320214, "p95": 45563.432145320214, "p99": 45563.432145320214, "max": 45563.432145320214}}
{"actual_qps": 4.766640229370806, "success_rate": 100.0, "input_tokens": 4013, "output_tokens": 198, "model": "QwQ-32B", "input_tokens_per_minute": 1469047.806461969, "output_tokens_per_minute": 72839.18246547601, "slo_seconds": 5.0, "slo_attainment": 0.0, "ttft_slo_ms": 1000, "ttft_slo_attainment": 22.074468085106382, "tpot_slo_ms": 50, "tpot_slo_attainment": 57.446808510638306, "Latency": {"unit": "s", "min": 5.916289667002275, "p50": 9.83277852700121, "p90": 24.848032788995624, "p95": 27.55114237449925, "p99": 33.55594939349794, "max": 35.21250043899636}, "Throughput": {"unit": "tokens/s", "min": 5.42871557004509, "p50": 20.244683559839828, "p90": 27.341185691171763, "p95": 28.708303278999885, "p99": 31.192808485069694, "max": 33.14550972835907}, "TTFT": {"unit": "s", "min": 0.059478206996573135, "p50": 1.8309172919980483, "p90": 7.760538325001107, "p95": 11.130963343746771, "p99": 15.750735072997486, "max": 16.897268107000855}, "TPOT": {"unit": "ms", "min": 26.396023914554032, "p50": 41.01948871608676, "p90": 85.09131934421825, "p95": 90.62178959548925, "p99": 98.58334800754795, "max": 103.1247454472518}, "Input Tokens per Minute": {"unit": "tokens/min", "min": 1469047.806461969, "p50": 1469047.806461969, "p90": 1469047.806461969, "p95": 1469047.806461969, "p99": 1469047.806461969, "max": 1469047.806461969}, "Output Tokens per Minute": {"unit": "tokens/min", "min": 72839.18246547601, "p50": 72839.18246547601, "p90": 72839.18246547601, "p95": 72839.18246547601, "p99": 72839.18246547601, "max": 72839.18246547601}}
{"actual_qps": 5.52460017197398, "success_rate": 100.0, "input_tokens": 3891, "output_tokens": 199, "model": "QwQ-32B", "input_tokens_per_minute": 1227642.423033397, "output_tokens_per_minute": 63021.625846813426, "slo_seconds": 5.0, "slo_attainment": 0.0, "ttft_slo_ms": 1000, "ttft_slo_attainment": 51.23456790123457, "tpot_slo_ms": 50, "tpot_slo_attainment": 97.53086419753086, "Latency": {"unit": "s", "min": 5.7551182769966545, "p50": 7.9320219779983745, "p90": 9.874287829998503, "p95": 10.945645258350122, "p99": 12.627371346702347, "max": 13.722817554000358}, "Throughput": {"unit": "tokens/s", "min": 14.574266488130764, "p50": 25.16884288133759, "p90": 28.936888179768083, "p95": 29.85355721437727, "p99": 31.977896766082466, "max": 34.751675008905515}, "TTFT": {"unit": "s", "min": 0.07266232300025877, "p50": 0.9709248325052613, "p90": 1.8992551024981366, "p95": 2.156280425301156, "p99": 2.6177547818884337, "max": 2.9889955789985834}, "TPOT": {"unit": "ms", "min": 24.52429481406887, "p50": 34.95962818091192, "p90": 43.378968461798074, "p95": 46.760342972123176, "p99": 55.10969929616298, "max": 57.06434858292774}, "Input Tokens per Minute": {"unit": "tokens/min", "min": 1227642.423033397, "p50": 1227642.423033397, "p90": 1227642.423033397, "p95": 1227642.423033397, "p99": 1227642.423033397, "max": 1227642.423033397}, "Output Tokens per Minute": {"unit": "tokens/min", "min": 63021.625846813426, "p50": 63021.625846813426, "p90": 63021.625846813426, "p95": 63021.625846813426, "p99": 63021.625846813426, "max": 63021.625846813426}}
{"actual_qps": 4.64999962381485, "success_rate": 100.0, "input_tokens": 3974, "output_tokens": 199, "model": "QwQ-32B", "input_tokens_per_minute": 1091223.7547506103, "output_tokens_per_minute": 54828.97025914527, "slo_seconds": 5.0, "slo_attainment": 0.3546099290780142, "ttft_slo_ms": 1000,