{"target_qps": 5.0, "actual_qps": 4.993502133608482, "success_rate": 100.0, "input_tokens": 4033, "output_tokens": 200, "model": "QwQ-32B", "input_tokens_per_minute": 1209967.9487179487, "output_tokens_per_minute": 60000.0, "slo_seconds": 5.0, "slo_attainment": 0.0, "ttft_slo_ms": 1000, "ttft_slo_attainment": 48.29059829059829, "tpot_slo_ms": 50, "tpot_slo_attainment": 47.43589743589743, "Latency": {"unit": "s", "min": 6.3386160299996845, "p50": 11.075450735497725, "p90": 15.3655107579958, "p95": 16.865868982648315, "p99": 18.71637164158418, "max": 19.892710305000946}, "Throughput": {"unit": "tokens/s", "min": 10.053934176567223, "p50": 18.0579746831528, "p90": 23.79009855504084, "p95": 25.189972027186183, "p99": 27.932576312169115, "max": 31.552629005043226}, "TTFT": {"unit": "s", "min": 0.07085743799689226, "p50": 1.038554941998882, "p90": 2.175915851801983, "p95": 2.5125608875528993, "p99": 2.850306747175418, "max": 7.442585359996883}, "TPOT": {"unit": "ms", "min": 29.394680165810612, "p50": 50.55813107036781, "p90": 67.43293474472598, "p95": 76.94423001156056, "p99": 84.0681774931171, "max": 88.9031294221117}, "Input Tokens per Minute": {"unit": "tokens/min", "min": 1209967.9487179487, "p50": 1209967.9487179487, "p90": 1209967.9487179487, "p95": 1209967.9487179487, "p99": 1209967.9487179487, "max": 1209967.9487179487}, "Output Tokens per Minute": {"unit": "tokens/min", "min": 60000.0, "p50": 60000.0, "p90": 60000.0, "p95": 60000.0, "p99": 60000.0, "max": 60000.0}}
{"target_qps": 5.0, "actual_qps": 4.99878345923301, "success_rate": 100.0, "input_tokens": 3929, "output_tokens": 199, "model": "QwQ-32B", "input_tokens_per_minute": 1208810.0185966871, "output_tokens_per_minute": 61333.18930625954, "slo_seconds": 5.0, "slo_attainment": 0.3246753246753247, "ttft_slo_ms": 1000, "ttft_slo_attainment": 76.62337662337663, "tpot_slo_ms": 50, "tpot_slo_attainment": 49.02597402597403, "Latency": {"unit": "s", "min": 2.638029497000389, "p50": 10.900807719499426, "p90": 13.785502752701724, "p95": 15.052335830947772, "p99": 16.385094685905205, "max": 17.282526250004594}, "Throughput": {"unit": "tokens/s", "min": 11.572382249380171, "p50": 18.34726442568057, "p90": 24.077987501639296, "p95": 24.98416369444034, "p99": 28.90125017925688, "max": 32.523583109079595}, "TTFT": {"unit": "s", "min": 0.08795491499768104, "p50": 0.6874340110007324, "p90": 1.3607477207020566, "p95": 1.683199825847986, "p99": 2.6078489984921935, "max": 2.897908530998393}, "TPOT": {"unit": "ms", "min": 26.659315984048472, "p50": 50.110929861810874, "p90": 64.91249976785349, "p95": 70.50886857386418, "p99": 77.15925994367106, "max": 80.07319203517827}, "Input Tokens per Minute": {"unit": "tokens/min", "min": 1208810.0185966871, "p50": 1208810.0185966871, "p90": 1208810.0185966871, "p95": 1208810.0185966871, "p99": 1208810.0185966871, "max": 1208810.0185966871}, "Output Tokens per Minute": {"unit": "tokens/min", "min": 61333.18930625954, "p50": 61333.18930625954, "p90": 61333.18930625954, "p95": 61333.18930625954, "p99": 61333.18930625954, "max": 61333.18930625954}}
{"target_qps": 5.0, "actual_qps": 4.998899915923528, "success_rate": 100.0, "input_tokens": 4104, "output_tokens": 199, "model": "QwQ-32B", "input_tokens_per_minute": 1238041.9800868311, "output_tokens_per_minute": 60084.81377285742, "slo_seconds": 5.0, "slo_attainment": 0.33112582781456956, "ttft_slo_ms": 1000, "ttft_slo_attainment": 90.06622516556291, "tpot_slo_ms": 50, "tpot_slo_attainment": 42.05298013245033, "Latency": {"unit": "s", "min": 2.55155426300189, "p50": 10.959737060500629, "p90": 14.017994239598922, "p95": 15.191483563449216, "p99": 16.79400355626269, "max": 16.963508667002316}, "Throughput": {"unit": "tokens/s", "min": 11.790013724521694, "p50": 18.17273705647547, "p90": 23.447243664909745, "p95": 25.38615122615502, "p99": 27.96083188063906, "max": 33.85514556392995}, "TTFT": {"unit": "s", "min": 0.06417655900440877, "p50": 0.586969436997606, "p90": 0.9912074118976312, "p95": 1.1988652329982867, "p99": 1.6342632980758947, "max": 1.9217617100002826}, "TPOT": {"unit": "ms", "min": 28.29319220099887, "p50": 52.0621385401856, "p90": 66.85924850856617, "p95": 72.58852791959697, "p99": 78.79917127747603, "max": 81.80745536181843}, "Input Tokens per Minute": {"unit": "tokens/min", "min": 1238041.9800868311, "p50": 1238041.9800868311, "p90": 1238041.9800868311, "p95": 1238041.9800868311, "p99": 1238041.9800868311, "max": 1238041.9800868311}, "Output Tokens per Minute": {"unit": "tokens/min", "min": 60084.81377285742, "p50": 60084.81377285742, "p90": 60084.81377285742, "p95": 60084.81377285742, "p99": 60084.81377285742, "max": 60084.81377285742}}
{"target_qps": 5.0, "actual_qps": 4.999896039911638, "success_rate": 100.0, "input_tokens": 3927, "output_tokens": 199, "model": "QwQ-32B", "input_tokens_per_minute": 1178151.0, "output_tokens_per_minute": 59851.0, "slo_seconds": 5.0, "slo_attainment": 0.33333333333333337, "ttft_slo_ms": 1000, "ttft_slo_attainment": 99.0, "tpot_slo_ms": 50, "tpot_slo_attainment": 52.0, "Latency": {"unit": "s", "min": 3.1359455490019172, "p50": 10.32125783849915, "p90": 12.587532450696745, "p95": 13.248833586751426, "p99": 14.89362493316126, "max": 15.606021035004233}, "Throughput": {"unit": "tokens/s", "min": 12.815566476003136, "p50": 19.3369581824156, "p90": 22.59330732489536, "p95": 24.068557135942307, "p99": 26.67521533973517, "max": 27.94271325984112}, "TTFT": {"unit": "s", "min": 0.06016082499991171, "p50": 0.4862507749967335, "p90": 0.7010002023955169, "p95": 0.7998992077518778, "p99": 0.9973766037967283, "max": 1.0831001910046325}, "TPOT": {"unit": "ms", "min": 34.761798190926704, "p50": 49.7466235351544, "p90": 60.718024485920324, "p95": 65.32566607589003, "p99": 71.19988927073142, "max": 75.33570873367087}, "Input Tokens per Minute": {"unit": "tokens/min", "min": 1178151.0, "p50": 1178151.0, "p90": 1178151.0, "p95": 1178151.0, "p99": 1178151.0, "max": 1178151.0}, "Output Tokens per Minute": {"unit": "tokens/min", "min": 59851.0, "p50": 59851.0, "p90": 59851.0, "p95": 59851.0, "p99": 59851.0, "max": 59851.0}}
{"target_qps": 5.0, "actual_qps": 4.9999557455582115, "success_rate": 100.0, "input_tokens": 3990, "output_tokens": 199, "model": "QwQ-32B", "input_tokens_per_minute": 1215586.2009919938, "output_tokens_per_minute": 60774.915767722116, "slo_seconds": 5.0, "slo_attainment": 0.32786885245901637, "ttft_slo_ms": 1000, "ttft_slo_attainment": 100.0, "tpot_slo_ms": 50, "tpot_slo_attainment": 60.65573770491803, "Latency": {"unit": "s", "min": 2.6148502670039306, "p50": 9.82479331200011, "p90": 12.74022330299922, "p95": 13.338796678400833, "p99": 14.759177231640196, "max": 15.147468499999377}, "Throughput": {"unit": "tokens/s", "min": 13.203526384623823, "p50": 20.356662338709743, "p90": 25.67214752304744, "p95": 28.348938286579727, "p99": 29.949613531558537, "max": 32.263806365238324}, "TTFT": {"unit": "s", "min": 0.05088346599950455, "p50": 0.38578365799912717, "p90": 0.4933329641979072, "p95": 0.5028873899995233, "p99": 0.5521178380749187, "max": 0.5980254960013554}, "TPOT": {"unit": "ms", "min": 29.555682110564778, "p50": 47.54690430152679, "p90": 62.25490991256362, "p95": 65.74515489750658, "p99": 71.72630565344669, "max": 73.71833231657699}, "Input Tokens per Minute": {"unit": "tokens/min", "min": 1215586.2009919938, "p50": 1215586.2009919938, "p90": 1215586.2009919938, "p95": 1215586.2009919938, "p99": 1215586.2009919938, "max": 1215586.2009919938}, "Output Tokens per Minute": {"unit": "tokens/min", "min": 60774.915767722116, "p50": 60774.915767722116, "p90": 60774.915767722116, "p95": 60774.915767722116, "p99": 60774.915767722116, "max": 60774.915767722116}}
{"target_qps": 5.0, "actual_qps": 4.999868020150803, "success_rate": 100.0, "input_tokens": 3933, "output_tokens": 199, "model": "QwQ-32B", "input_tokens_per_minute": 1180105.0505050505, "output_tokens_per_minute": 59974.74747474748, "slo_seconds": 5.0, "slo_attainment": 0.0, "ttft_slo_ms": 1000,