{"target_qps": 5.0, "actual_qps": 4.9962123510985395, "success_rate": 100.0, "input_tokens": 3907, "output_tokens": 200, "model": "QwQ-32B", "input_tokens_per_minute": 1172192.9752066117, "output_tokens_per_minute": 60000.0, "slo_seconds": 5.0, "slo_attainment": 0.4132231404958678, "ttft_slo_ms": 1000, "ttft_slo_attainment": 38.84297520661157, "tpot_slo_ms": 50, "tpot_slo_attainment": 64.0495867768595, "Latency": {"unit": "s", "min": 4.899354934001167, "p50": 10.212630930498563, "p90": 14.687834144900991, "p95": 16.009362443700955, "p99": 17.75310189535703, "max": 17.984248161003052}, "Throughput": {"unit": "tokens/s", "min": 11.120842984900472, "p50": 19.583592405668767, "p90": 27.51458076443351, "p95": 31.574089809888243, "p99": 39.100274815430836, "max": 40.8217005491916}, "TTFT": {"unit": "s", "min": 0.12166558800527127, "p50": 1.3368003464966023, "p90": 3.4010619631961165, "p95": 3.6690273925498325, "p99": 4.216023452969312, "max": 10.049646478000795}, "TPOT": {"unit": "ms", "min": 21.126683256300762, "p50": 45.111935628149844, "p90": 63.243602584926386, "p95": 71.68051437134933, "p99": 79.79093672134594, "max": 85.7742319849376}, "Input Tokens per Minute": {"unit": "tokens/min", "min": 1172192.9752066117, "p50": 1172192.9752066117, "p90": 1172192.9752066117, "p95": 1172192.9752066117, "p99": 1172192.9752066117, "max": 1172192.9752066117}, "Output Tokens per Minute": {"unit": "tokens/min", "min": 60000.0, "p50": 60000.0, "p90": 60000.0, "p95": 60000.0, "p99": 60000.0, "max": 60000.0}}
{"target_qps": 5.0, "actual_qps": 4.996697930673517, "success_rate": 100.0, "input_tokens": 3941, "output_tokens": 199, "model": "QwQ-32B", "input_tokens_per_minute": 1193267.3791472092, "output_tokens_per_minute": 60287.29595576564, "slo_seconds": 5.0, "slo_attainment": 0.33003300330033003, "ttft_slo_ms": 1000, "ttft_slo_attainment": 80.85808580858085, "tpot_slo_ms": 50, "tpot_slo_attainment": 50.165016501650165, "Latency": {"unit": "s", "min": 4.599104206004995, "p50": 10.634409583995875, "p90": 13.782648435799638, "p95": 14.360082922699073, "p99": 15.834263107716692, "max": 16.604723866999848}, "Throughput": {"unit": "tokens/s", "min": 12.044765188626778, "p50": 18.732436029516627, "p90": 25.84553776220562, "p95": 27.35964552322547, "p99": 31.074262303128105, "max": 32.98267023583865}, "TTFT": {"unit": "s", "min": 0.09140641499834601, "p50": 0.6476363749970915, "p90": 1.3218984238003033, "p95": 1.7076242147952139, "p99": 2.4453731395851377, "max": 2.7984809830013546}, "TPOT": {"unit": "ms", "min": 29.190847025096097, "p50": 49.95838109549075, "p90": 64.05284914068015, "p95": 66.64882601958998, "p99": 72.59806154331638, "max": 76.10940236684395}, "Input Tokens per Minute": {"unit": "tokens/min", "min": 1193267.3791472092, "p50": 1193267.3791472092, "p90": 1193267.3791472092, "p95": 1193267.3791472092, "p99": 1193267.3791472092, "max": 1193267.3791472092}, "Output Tokens per Minute": {"unit": "tokens/min", "min": 60287.29595576564, "p50": 60287.29595576564, "p90": 60287.29595576564, "p95": 60287.29595576564, "p99": 60287.29595576564, "max": 60287.29595576564}}
{"target_qps": 5.0, "actual_qps": 4.99850871425283, "success_rate": 100.0, "input_tokens": 4015, "output_tokens": 198, "model": "QwQ-32B", "input_tokens_per_minute": 1207794.3661792632, "output_tokens_per_minute": 59749.70350678744, "slo_seconds": 5.0, "slo_attainment": 0.33222591362126247, "ttft_slo_ms": 1000, "ttft_slo_attainment": 86.37873754152824, "tpot_slo_ms": 50, "tpot_slo_attainment": 40.53156146179402, "Latency": {"unit": "s", "min": 3.426651984998898, "p50": 11.006650390001596, "p90": 14.20609413299826, "p95": 15.16221903400583, "p99": 16.1544937150029, "max": 17.098467968004115}, "Throughput": {"unit": "tokens/s", "min": 11.696954392303123, "p50": 18.098413623591483, "p90": 24.025906041799733, "p95": 25.68889228756012, "p99": 28.221966319957076, "max": 31.40358038260211}, "TTFT": {"unit": "s", "min": 0.05615030099579599, "p50": 0.6203504590012017, "p90": 1.119341824996809, "p95": 1.2885213609988568, "p99": 1.7762546590020065, "max": 2.113867925996601}, "TPOT": {"unit": "ms", "min": 29.536456608056408, "p50": 52.20047694470923, "p90": 67.95779785426392, "p95": 72.72271922611527, "p99": 77.58007052259597, "max": 81.55403179901911}, "Input Tokens per Minute": {"unit": "tokens/min", "min": 1207794.3661792632, "p50": 1207794.3661792632, "p90": 1207794.3661792632, "p95": 1207794.3661792632, "p99": 1207794.3661792632, "max": 1207794.3661792632}, "Output Tokens per Minute": {"unit": "tokens/min", "min": 59749.70350678744, "p50": 59749.70350678744, "p90": 59749.70350678744, "p95": 59749.70350678744, "p99": 59749.70350678744, "max": 59749.70350678744}}
{"target_qps": 5.0, "actual_qps": 4.999890452483394, "success_rate": 100.0, "input_tokens": 4015, "output_tokens": 199, "model": "QwQ-32B", "input_tokens_per_minute": 1207851.3230000657, "output_tokens_per_minute": 60143.40504005401, "slo_seconds": 5.0, "slo_attainment": 0.0, "ttft_slo_ms": 1000, "ttft_slo_attainment": 99.00332225913621, "tpot_slo_ms": 50, "tpot_slo_attainment": 47.176079734219265, "Latency": {"unit": "s", "min": 7.017097668001952, "p50": 10.567007001998718, "p90": 13.0874610749961, "p95": 14.088916818000143, "p99": 15.567260515999806, "max": 15.90607601100055}, "Throughput": {"unit": "tokens/s", "min": 12.573811407771544, "p50": 18.926835192043555, "p90": 23.50894993976703, "p95": 24.86070239244949, "p99": 27.052704514600748, "max": 28.501812211051636}, "TTFT": {"unit": "s", "min": 0.04075382800510852, "p50": 0.47645791299873963, "p90": 0.7064075519956532, "p95": 0.7876716649989248, "p99": 0.972141140999156, "max": 1.21384878999379}, "TPOT": {"unit": "ms", "min": 33.145810060292874, "p50": 50.73393414069193, "p90": 62.73531384926831, "p95": 67.2787970000186, "p99": 75.19308750250906, "max": 77.76005581406972}, "Input Tokens per Minute": {"unit": "tokens/min", "min": 1207851.3230000657, "p50": 1207851.3230000657, "p90": 1207851.3230000657, "p95": 1207851.3230000657, "p99": 1207851.3230000657, "max": 1207851.3230000657}, "Output Tokens per Minute": {"unit": "tokens/min", "min": 60143.40504005401, "p50": 60143.40504005401, "p90": 60143.40504005401, "p95": 60143.40504005401, "p99": 60143.40504005401, "max": 60143.40504005401}}
{"target_qps": 5.0, "actual_qps": 4.999897689343805, "success_rate": 100.0, "input_tokens": 4004, "output_tokens": 199, "model": "QwQ-32B", "input_tokens_per_minute": 1201251.3422818792, "output_tokens_per_minute": 59706.04026845638, "slo_seconds": 5.0, "slo_attainment": 0.6711409395973155, "ttft_slo_ms": 1000, "ttft_slo_attainment": 100.0, "tpot_slo_ms": 50, "tpot_slo_attainment": 58.7248322147651, "Latency": {"unit": "s", "min": 2.764747624998563, "p50": 9.861058061000222, "p90": 12.461413697099488, "p95": 13.059680113300056, "p99": 13.903349268588705, "max": 15.573041102004936}, "Throughput": {"unit": "tokens/s", "min": 12.842706744943426, "p50": 20.173069593949585, "p90": 25.674436540307426, "p95": 27.395278022590254, "p99": 31.454769480107238, "max": 32.195339851797435}, "TTFT": {"unit": "s", "min": 0.05172957800095901, "p50": 0.37930836849773186, "p90": 0.5013331399997696, "p95": 0.5142922244460351, "p99": 0.5613756843160079, "max": 0.7302160449980875}, "TPOT": {"unit": "ms", "min": 30.80965258794177, "p50": 47.7986874145825, "p90": 60.992485944731, "p95": 63.49315396984464, "p99": 67.32702521738204, "max": 75.66574664321966}, "Input Tokens per Minute": {"unit": "tokens/min", "min": 1201251.3422818792, "p50": 1201251.3422818792, "p90": 1201251.3422818792, "p95": 1201251.3422818792, "p99": 1201251.3422818792, "max": 1201251.3422818792}, "Output Tokens per Minute": {"unit": "tokens/min", "min": 59706.04026845638, "p50": 59706.04026845638, "p90": 59706.04026845638, "p95": 59706.04026845638, "p99": 59706.04026845638, "max": 59706.04026845638}}
{"target_qps": 5.0, "actual_qps": 4.999862203797337, "success_rate": 100.0, "input_tokens": 3977, "output_tokens": 199, "model": "QwQ-32B",