{"actual_qps": 5.318215095868119, "success_rate": 100.0, "input_tokens": 4047, "output_tokens": 200, "model": "QwQ-32B", "input_tokens_per_minute": 898459.5886198789, "output_tokens_per_minute": 44395.53471333386, "slo_seconds": 5.0, "slo_attainment": 0.0, "ttft_slo_ms": 1000, "ttft_slo_attainment": 2.6785714285714284, "tpot_slo_ms": 50, "tpot_slo_attainment": 22.321428571428573, "Latency": {"unit": "s", "min": 7.341803801995411, "p50": 19.817156784498366, "p90": 38.31007803750181, "p95": 39.71193288024806, "p99": 42.423359702788076, "max": 43.78820455499954}, "Throughput": {"unit": "tokens/s", "min": 4.567440068221863, "p50": 10.093615681882182, "p90": 17.487663785530955, "p95": 21.67576178574524, "p99": 26.38794338904831, "max": 27.241261874315203}, "TTFT": {"unit": "s", "min": 0.48647025199898053, "p50": 5.116940167499706, "p90": 9.24532257829997, "p95": 11.147074529597374, "p99": 13.68955804132013, "max": 17.737625289999414}, "TPOT": {"unit": "ms", "min": 27.81535585425664, "p50": 80.94347915325511, "p90": 149.58341319398644, "p95": 150.9787301879428, "p99": 152.54153559372, "max": 153.50623814575286}, "Input Tokens per Minute": {"unit": "tokens/min", "min": 898459.5886198789, "p50": 898459.5886198789, "p90": 898459.5886198789, "p95": 898459.5886198789, "p99": 898459.5886198789, "max": 898459.5886198789}, "Output Tokens per Minute": {"unit": "tokens/min", "min": 44395.53471333386, "p50": 44395.53471333386, "p90": 44395.53471333386, "p95": 44395.53471333386, "p99": 44395.53471333386, "max": 44395.53471333386}}
{"actual_qps": 5.158086407255175, "success_rate": 100.0, "input_tokens": 3824, "output_tokens": 199, "model": "QwQ-32B", "input_tokens_per_minute": 1057492.7181257994, "output_tokens_per_minute": 55136.67758739247, "slo_seconds": 5.0, "slo_attainment": 0.35842293906810035, "ttft_slo_ms": 1000, "ttft_slo_attainment": 14.695340501792115, "tpot_slo_ms": 50, "tpot_slo_attainment": 22.22222222222222, "Latency": {"unit": "s", "min": 2.784749787999317, "p50": 14.896566886003711, "p90": 40.878419169403784, "p95": 43.92941695010377, "p99": 51.92497702132008, "max": 53.653540052997414}, "Throughput": {"unit": "tokens/s", "min": 3.727619832772372, "p50": 13.425912260892337, "p90": 19.00573090090959, "p95": 20.780498224812256, "p99": 25.4712334848337, "max": 27.66061641173135}, "TTFT": {"unit": "s", "min": 0.10363236300327117, "p50": 2.3185793700031354, "p90": 13.096673212798487, "p95": 16.494946125897695, "p99": 22.80625372971801, "max": 24.23570399000164}, "TPOT": {"unit": "ms", "min": 27.140861402019148, "p50": 63.986468361836884, "p90": 147.1773772331536, "p95": 147.82950819746986, "p99": 149.8696580972849, "max": 158.13540386432524}, "Input Tokens per Minute": {"unit": "tokens/min", "min": 1057492.7181257994, "p50": 1057492.7181257994, "p90": 1057492.7181257994, "p95": 1057492.7181257994, "p99": 1057492.7181257994, "max": 1057492.7181257994}, "Output Tokens per Minute": {"unit": "tokens/min", "min": 55136.67758739247, "p50": 55136.67758739247, "p90": 55136.67758739247, "p95": 55136.67758739247, "p99": 55136.67758739247, "max": 55136.67758739247}}
{"actual_qps": 5.143637391030691, "success_rate": 100.0, "input_tokens": 4005, "output_tokens": 198, "model": "QwQ-32B", "input_tokens_per_minute": 1323003.0256866897, "output_tokens_per_minute": 65615.39376247657, "slo_seconds": 5.0, "slo_attainment": 0.0, "ttft_slo_ms": 1000, "ttft_slo_attainment": 16.119402985074625, "tpot_slo_ms": 50, "tpot_slo_attainment": 21.492537313432834, "Latency": {"unit": "s", "min": 6.045346751001489, "p50": 14.744939770003839, "p90": 26.721251549603767, "p95": 42.37700185109789, "p99": 49.16755144553667, "max": 51.679330643004505}, "Throughput": {"unit": "tokens/s", "min": 1.9408858213181013, "p50": 13.482551500829468, "p90": 18.980737392389475, "p95": 19.696648953612108, "p99": 22.88745283865218, "max": 24.176146216695184}, "TTFT": {"unit": "s", "min": 0.13541825299762422, "p50": 2.2002715389971854, "p90": 5.717840978399912, "p95": 13.212980631898246, "p99": 18.52652040343761, "max": 20.55347430400434}, "TPOT": {"unit": "ms", "min": 32.76957250249206, "p50": 62.123816859305556, "p90": 101.6603212060212, "p95": 146.28795365275784, "p99": 154.11837385839772, "max": 283.31745816659446}, "Input Tokens per Minute": {"unit": "tokens/min", "min": 1323003.0256866897, "p50": 1323003.0256866897, "p90": 1323003.0256866897, "p95": 1323003.0256866897, "p99": 1323003.0256866897, "max": 1323003.0256866897}, "Output Tokens per Minute": {"unit": "tokens/min", "min": 65615.39376247657, "p50": 65615.39376247657, "p90": 65615.39376247657, "p95": 65615.39376247657, "p99": 65615.39376247657, "max": 65615.39376247657}}
{"actual_qps": 5.082210025696641, "success_rate": 100.0, "input_tokens": 4019, "output_tokens": 199, "model": "QwQ-32B", "input_tokens_per_minute": 1312747.637133636, "output_tokens_per_minute": 64988.022963430776, "slo_seconds": 5.0, "slo_attainment": 0.30120481927710846, "ttft_slo_ms": 1000, "ttft_slo_attainment": 24.096385542168676, "tpot_slo_ms": 50, "tpot_slo_attainment": 16.566265060240966, "Latency": {"unit": "s", "min": 1.9828957930003526, "p50": 14.970584210001107, "p90": 22.308954294103753, "p95": 25.439162107402442, "p99": 29.636250092418706, "max": 31.163388420005504}, "Throughput": {"unit": "tokens/s", "min": 6.4177873504797995, "p50": 13.357807001667357, "p90": 19.025616380269696, "p95": 22.179726923272387, "p99": 26.857582334211337, "max": 29.08439559925956}, "TTFT": {"unit": "s", "min": 0.08221812099509407, "p50": 1.7294883469985507, "p90": 3.8970660258964926, "p95": 4.596485541795483, "p99": 5.749199105318329, "max": 6.149635107001814}, "TPOT": {"unit": "ms", "min": 23.15599588945218, "p50": 64.76414060802857, "p90": 96.40616405026296, "p95": 118.5453493625815, "p99": 139.79161115712705, "max": 142.51303578393205}, "Input Tokens per Minute": {"unit": "tokens/min", "min": 1312747.637133636, "p50": 1312747.637133636, "p90": 1312747.637133636, "p95": 1312747.637133636, "p99": 1312747.637133636, "max": 1312747.637133636}, "Output Tokens per Minute": {"unit": "tokens/min", "min": 64988.022963430776, "p50": 64988.022963430776, "p90": 64988.022963430776, "p95": 64988.022963430776, "p99": 64988.022963430776, "max": 64988.022963430776}}
{"actual_qps": 5.033304858585296, "success_rate": 100.0, "input_tokens": 4013, "output_tokens": 199, "model": "QwQ-32B", "input_tokens_per_minute": 1263213.7951470544, "output_tokens_per_minute": 62851.527445531465, "slo_seconds": 5.0, "slo_attainment": 0.0, "ttft_slo_ms": 1000, "ttft_slo_attainment": 51.24999999999999, "tpot_slo_ms": 50, "tpot_slo_attainment": 22.5, "Latency": {"unit": "s", "min": 6.418742674999521, "p50": 13.42858846749732, "p90": 19.54129651700132, "p95": 20.406712218247414, "p99": 22.251855537871087, "max": 22.3302464360022}, "Throughput": {"unit": "tokens/s", "min": 8.956461836334581, "p50": 14.786668587368517, "p90": 21.84486565859599, "p95": 24.604748944626873, "p99": 28.079016410887082, "max": 31.15875026101041}, "TTFT": {"unit": "s", "min": 0.09514031199796591, "p50": 0.9646595174999675, "p90": 2.540897970496735, "p95": 3.165952896649105, "p99": 3.5657087621256505, "max": 4.913866144997883}, "TPOT": {"unit": "ms", "min": 30.542190402033086, "p50": 60.43886439699268, "p90": 88.41267987687509, "p95": 95.61646272213235, "p99": 101.94478141792759, "max": 110.62861841707841}, "Input Tokens per Minute": {"unit": "tokens/min", "min": 1263213.7951470544, "p50": 1263213.7951470544, "p90": 1263213.7951470544, "p95": 1263213.7951470544, "p99": 1263213.7951470544, "max": 1263213.7951470544}, "Output Tokens per Minute": {"unit": "tokens/min", "min": 62851.527445531465, "p50": 62851.527445531465, "p90": 62851.527445531465, "p95": 62851.527445531465, "p99": 62851.527445531465, "max": 62851.527445531465}}
{"actual_qps": 5.327912595058464, "success_rate": 100.0, "input_tokens": 4064, "output_tokens": 198, "model": "QwQ-32B", "input_tokens_per_minute": 1231320.2731748729, "output_tokens_per_minute": 60076.230935702006,