{"actual_qps": 5.808672564768329, "success_rate": 100.0, "input_tokens": 4174, "output_tokens": 200, "model": "QwQ-32B", "input_tokens_per_minute": 903554.4079496715, "output_tokens_per_minute": 43291.9869784443, "slo_seconds": 5.0, "slo_attainment": 0.0, "ttft_slo_ms": 1000, "ttft_slo_attainment": 5.045871559633028, "tpot_slo_ms": 50, "tpot_slo_attainment": 28.899082568807337, "Latency": {"unit": "s", "min": 6.284408796003845, "p50": 16.83709917449596, "p90": 35.45416454629886, "p95": 38.28408600029978, "p99": 40.993916558624115, "max": 43.29025085999456}, "Throughput": {"unit": "tokens/s", "min": 4.6199778478258775, "p50": 11.878924003580703, "p90": 22.129916202442345, "p95": 25.83684652603938, "p99": 27.668954226668593, "max": 31.824791558304863}, "TTFT": {"unit": "s", "min": 0.2921771749970503, "p50": 3.5895873449990177, "p90": 8.070981108301202, "p95": 9.436684305598101, "p99": 16.432760522219105, "max": 17.00495731900446}, "TPOT": {"unit": "ms", "min": 23.044373271362353, "p50": 64.86383589698968, "p90": 146.78025966935473, "p95": 147.38326360428658, "p99": 149.8495187072351, "max": 150.69107692964386}, "Input Tokens per Minute": {"unit": "tokens/min", "min": 903554.4079496715, "p50": 903554.4079496715, "p90": 903554.4079496715, "p95": 903554.4079496715, "p99": 903554.4079496715, "max": 903554.4079496715}, "Output Tokens per Minute": {"unit": "tokens/min", "min": 43291.9869784443, "p50": 43291.9869784443, "p90": 43291.9869784443, "p95": 43291.9869784443, "p99": 43291.9869784443, "max": 43291.9869784443}}
{"actual_qps": 4.491754447942256, "success_rate": 100.0, "input_tokens": 3865, "output_tokens": 199, "model": "QwQ-32B", "input_tokens_per_minute": 1243406.8105487989, "output_tokens_per_minute": 64185.53173465398, "slo_seconds": 5.0, "slo_attainment": 0.0, "ttft_slo_ms": 1000, "ttft_slo_attainment": 10.397553516819572, "tpot_slo_ms": 50, "tpot_slo_attainment": 25.382262996941897, "Latency": {"unit": "s", "min": 5.157140206996701, "p50": 16.44896564899682, "p90": 40.66251839320175, "p95": 44.17327470659729, "p99": 48.593977408064674, "max": 51.37086616700253}, "Throughput": {"unit": "tokens/s", "min": 3.893257305606181, "p50": 12.12527460261181, "p90": 19.59995072828539, "p95": 20.94313057925245, "p99": 26.333673158812527, "max": 38.78118336372931}, "TTFT": {"unit": "s", "min": 0.12242724299721885, "p50": 3.173889543999394, "p90": 12.974379697603581, "p95": 15.116464857702521, "p99": 19.292276792721676, "max": 22.12827338200441}, "TPOT": {"unit": "ms", "min": 25.300065145726037, "p50": 64.68453371857706, "p90": 145.55062524122147, "p95": 147.90536335427925, "p99": 151.50675157407252, "max": 168.38056958293225}, "Input Tokens per Minute": {"unit": "tokens/min", "min": 1243406.8105487989, "p50": 1243406.8105487989, "p90": 1243406.8105487989, "p95": 1243406.8105487989, "p99": 1243406.8105487989, "max": 1243406.8105487989}, "Output Tokens per Minute": {"unit": "tokens/min", "min": 64185.53173465398, "p50": 64185.53173465398, "p90": 64185.53173465398, "p95": 64185.53173465398, "p99": 64185.53173465398, "max": 64185.53173465398}}
{"actual_qps": 4.747904420325448, "success_rate": 100.0, "input_tokens": 4072, "output_tokens": 198, "model": "QwQ-32B", "input_tokens_per_minute": 1117701.291872321, "output_tokens_per_minute": 54544.325070698505, "slo_seconds": 5.0, "slo_attainment": 0.0, "ttft_slo_ms": 1000, "ttft_slo_attainment": 14.336917562724013, "tpot_slo_ms": 50, "tpot_slo_attainment": 18.27956989247312, "Latency": {"unit": "s", "min": 5.523375040000246, "p50": 14.63703913599602, "p90": 21.988922893801647, "p95": 33.33473961289856, "p99": 49.10565342517846, "max": 50.494781893001345}, "Throughput": {"unit": "tokens/s", "min": 3.960805305066984, "p50": 13.550435989620299, "p90": 18.369869264955348, "p95": 20.431151072236695, "p99": 23.329113477665363, "max": 31.054983361056944}, "TTFT": {"unit": "s", "min": 0.22893325600307435, "p50": 2.0503031620028196, "p90": 5.128098633998889, "p95": 9.074079191900072, "p99": 18.490600801117253, "max": 19.966872679993685}, "TPOT": {"unit": "ms", "min": 29.753658010044614, "p50": 61.91790968844557, "p90": 95.77949526131094, "p95": 126.66372353418787, "p99": 153.72539974028803, "max": 154.33873643717072}, "Input Tokens per Minute": {"unit": "tokens/min", "min": 1117701.291872321, "p50": 1117701.291872321, "p90": 1117701.291872321, "p95": 1117701.291872321, "p99": 1117701.291872321, "max": 1117701.291872321}, "Output Tokens per Minute": {"unit": "tokens/min", "min": 54544.325070698505, "p50": 54544.325070698505, "p90": 54544.325070698505, "p95": 54544.325070698505, "p99": 54544.325070698505, "max": 54544.325070698505}}
{"actual_qps": 4.837017503493872, "success_rate": 100.0, "input_tokens": 3993, "output_tokens": 199, "model": "QwQ-32B", "input_tokens_per_minute": 1363156.6562656513, "output_tokens_per_minute": 68018.60481866077, "slo_seconds": 5.0, "slo_attainment": 0.0, "ttft_slo_ms": 1000, "ttft_slo_attainment": 17.579250720461097, "tpot_slo_ms": 50, "tpot_slo_attainment": 22.19020172910663, "Latency": {"unit": "s", "min": 6.109924823002075, "p50": 15.505748073002906, "p90": 22.932148648002478, "p95": 27.740554598702147, "p99": 32.731430816858484, "max": 34.502060016006}, "Throughput": {"unit": "tokens/s", "min": 5.796755321485649, "p50": 12.746824284829955, "p90": 19.73964392877042, "p95": 22.62661780993499, "p99": 28.60270588021399, "max": 32.73362697476386}, "TTFT": {"unit": "s", "min": 0.12662388499302324, "p50": 2.1376583949968335, "p90": 5.704544329999775, "p95": 6.868758736103336, "p99": 9.083750111979777, "max": 11.834563866003009}, "TPOT": {"unit": "ms", "min": 22.79352525628058, "p50": 65.13591162811693, "p90": 96.12170588944683, "p95": 110.0055026738539, "p99": 134.01230452249962, "max": 137.08819144224222}, "Input Tokens per Minute": {"unit": "tokens/min", "min": 1363156.6562656513, "p50": 1363156.6562656513, "p90": 1363156.6562656513, "p95": 1363156.6562656513, "p99": 1363156.6562656513, "max": 1363156.6562656513}, "Output Tokens per Minute": {"unit": "tokens/min", "min": 68018.60481866077, "p50": 68018.60481866077, "p90": 68018.60481866077, "p95": 68018.60481866077, "p99": 68018.60481866077, "max": 68018.60481866077}}
{"actual_qps": 5.524505904532806, "success_rate": 100.0, "input_tokens": 3964, "output_tokens": 199, "model": "QwQ-32B", "input_tokens_per_minute": 1025621.4064699225, "output_tokens_per_minute": 51626.75357574801, "slo_seconds": 5.0, "slo_attainment": 0.0, "ttft_slo_ms": 1000, "ttft_slo_attainment": 38.40304182509506, "tpot_slo_ms": 50, "tpot_slo_attainment": 24.714828897338403, "Latency": {"unit": "s", "min": 5.909962134996022, "p50": 13.41374772999552, "p90": 19.032615163798617, "p95": 20.45242552259806, "p99": 29.43716211420149, "max": 29.93518311700609}, "Throughput": {"unit": "tokens/s", "min": 6.681101606035628, "p50": 14.890112320501228, "p90": 20.51613157136376, "p95": 25.322475518982753, "p99": 28.276120482512056, "max": 31.341357893742163}, "TTFT": {"unit": "s", "min": 0.1254285670001991, "p50": 1.2321479789970908, "p90": 2.818200822197833, "p95": 3.2780432570034455, "p99": 3.889936992059229, "max": 4.20980094299739}, "TPOT": {"unit": "ms", "min": 27.66693128643197, "p50": 59.930157467341765, "p90": 88.93459790251563, "p95": 96.4025281643284, "p99": 143.51377974361287, "max": 148.21303950752986}, "Input Tokens per Minute": {"unit": "tokens/min", "min": 1025621.4064699225, "p50": 1025621.4064699225, "p90": 1025621.4064699225, "p95": 1025621.4064699225, "p99": 1025621.4064699225, "max": 1025621.4064699225}, "Output Tokens per Minute": {"unit": "tokens/min", "min": 51626.75357574801, "p50": 51626.75357574801, "p90": 51626.75357574801, "p95": 51626.75357574801, "p99": 51626.75357574801, "max": 51626.75357574801}}
{"actual_qps": 4.688562328863312, "success_rate": 100.0, "input_tokens": 3937, "output_tokens": 200, "model": "QwQ-32B", "input_tokens_per_minute": 1130921.7676488368, "output_tokens_per_minute": 57441.74685306515, "slo_seconds": 5.0, "slo_attainment": 0.0,