{"actual_qps": 1.3529924351635827, "success_rate": 100.0, "input_tokens": 3912, "output_tokens": 200, "model": "QwQ-32B", "input_tokens_per_minute": 259526.05894075468, "output_tokens_per_minute": 13265.92582770147, "slo_seconds": 5.0, "slo_attainment": 0.0, "ttft_slo_ms": 1000, "ttft_slo_attainment": 11.940298507462686, "tpot_slo_ms": 50, "tpot_slo_attainment": 23.88059701492537, "Latency": {"unit": "s", "min": 6.362475717000052, "p50": 21.116655941999852, "p90": 32.14360174160065, "p95": 32.334909959200196, "p99": 35.82643053795996, "max": 40.45372894600041}, "Throughput": {"unit": "tokens/s", "min": 4.943920009623085, "p50": 9.471196601835574, "p90": 24.3632900057219, "p95": 26.337436657203423, "p99": 29.010828305228603, "max": 31.434304647421314}, "TTFT": {"unit": "s", "min": 0.6243624319995433, "p50": 2.9606291109994345, "p90": 4.478217265000057, "p95": 5.26111648599981, "p99": 10.80913665251953, "max": 19.865435834999516}, "TPOT": {"unit": "ms", "min": 23.734860391962698, "p50": 92.75786563819054, "p90": 140.46784633970108, "p95": 146.01046530100592, "p99": 150.0372012925634, "max": 151.0522886984935}, "Input Tokens per Minute": {"unit": "tokens/min", "min": 259526.05894075468, "p50": 259526.05894075468, "p90": 259526.05894075468, "p95": 259526.05894075468, "p99": 259526.05894075468, "max": 259526.05894075468}, "Output Tokens per Minute": {"unit": "tokens/min", "min": 13265.92582770147, "p50": 13265.92582770147, "p90": 13265.92582770147, "p95": 13265.92582770147, "p99": 13265.92582770147, "max": 13265.92582770147}}
{"actual_qps": 1.4141868709205807, "success_rate": 100.0, "input_tokens": 3759, "output_tokens": 199, "model": "QwQ-32B", "input_tokens_per_minute": 327505.0188575419, "output_tokens_per_minute": 17421.922590738093, "slo_seconds": 5.0, "slo_attainment": 0.0, "ttft_slo_ms": 1000, "ttft_slo_attainment": 46.590909090909086, "tpot_slo_ms": 50, "tpot_slo_attainment": 56.81818181818182, "Latency": {"unit": "s", "min": 5.540016655999352, "p50": 10.172524410000733, "p90": 19.619670701099672, "p95": 21.40759641694976, "p99": 23.08369762084011, "max": 25.06438605099902}, "Throughput": {"unit": "tokens/s", "min": 7.979449390583751, "p50": 19.63875422881522, "p90": 29.352056543670976, "p95": 31.72035428992067, "p99": 34.39120937556346, "max": 36.10097449498054}, "TTFT": {"unit": "s", "min": 0.22945399600030214, "p50": 1.0697830109993447, "p90": 2.7706740339008316, "p95": 4.0110507909997954, "p99": 4.989276216939612, "max": 5.666059864000999}, "TPOT": {"unit": "ms", "min": 21.454900839196295, "p50": 46.17711296141921, "p90": 90.64306993266142, "p95": 96.92256885477373, "p99": 107.0480328386889, "max": 123.31682924120821}, "Input Tokens per Minute": {"unit": "tokens/min", "min": 327505.0188575419, "p50": 327505.0188575419, "p90": 327505.0188575419, "p95": 327505.0188575419, "p99": 327505.0188575419, "max": 327505.0188575419}, "Output Tokens per Minute": {"unit": "tokens/min", "min": 17421.922590738093, "p50": 17421.922590738093, "p90": 17421.922590738093, "p95": 17421.922590738093, "p99": 17421.922590738093, "max": 17421.922590738093}}
{"actual_qps": 1.314166602559715, "success_rate": 100.0, "input_tokens": 4075, "output_tokens": 199, "model": "QwQ-32B", "input_tokens_per_minute": 301243.4534299077, "output_tokens_per_minute": 14772.546779373755, "slo_seconds": 5.0, "slo_attainment": 2.666666666666667, "ttft_slo_ms": 1000, "ttft_slo_attainment": 70.66666666666667, "tpot_slo_ms": 50, "tpot_slo_attainment": 72.0, "Latency": {"unit": "s", "min": 4.4574034760007635, "p50": 9.548122647998753, "p90": 17.7345151785994, "p95": 19.134930515999077, "p99": 28.911328657781564, "max": 29.675328118000834}, "Throughput": {"unit": "tokens/s", "min": 6.7396053450435645, "p50": 20.946526073575225, "p90": 30.688588005541142, "p95": 35.56590754709255, "p99": 42.59095715936149, "max": 44.86917127355104}, "TTFT": {"unit": "s", "min": 0.20514616999935242, "p50": 0.8017024730015692, "p90": 1.4343642788000586, "p95": 1.700894469599006, "p99": 1.9709375390996868, "max": 2.020599556999514}, "TPOT": {"unit": "ms", "min": 19.72481315577389, "p50": 43.661163914568085, "p90": 83.842216220101, "p95": 91.90308550552169, "p99": 137.24152926593683, "max": 146.13263685929434}, "Input Tokens per Minute": {"unit": "tokens/min", "min": 301243.4534299077, "p50": 301243.4534299077, "p90": 301243.4534299077, "p95": 301243.4534299077, "p99": 301243.4534299077, "max": 301243.4534299077}, "Output Tokens per Minute": {"unit": "tokens/min", "min": 14772.546779373755, "p50": 14772.546779373755, "p90": 14772.546779373755, "p95": 14772.546779373755, "p99": 14772.546779373755, "max": 14772.546779373755}}
{"actual_qps": 1.2999936954639368, "success_rate": 100.0, "input_tokens": 4013, "output_tokens": 200, "model": "QwQ-32B", "input_tokens_per_minute": 296701.69365146133, "output_tokens_per_minute": 14784.374278796793, "slo_seconds": 5.0, "slo_attainment": 2.666666666666667, "ttft_slo_ms": 1000, "ttft_slo_attainment": 72.0, "tpot_slo_ms": 50, "tpot_slo_attainment": 54.666666666666664, "Latency": {"unit": "s", "min": 4.417388878999191, "p50": 10.3750026839989, "p90": 21.764879755800212, "p95": 22.349800530501668, "p99": 27.42627521283824, "max": 29.62894406799751}, "Throughput": {"unit": "tokens/s", "min": 6.750156183123036, "p50": 19.277103446773545, "p90": 31.682790413153917, "p95": 38.44736750724668, "p99": 44.38396057530347, "max": 45.27561540955214}, "TTFT": {"unit": "s", "min": 0.11786607300018659, "p50": 0.6821274329995504, "p90": 1.5138805784001308, "p95": 1.9003452398017542, "p99": 2.6772599944793924, "max": 2.891263737998088}, "TPOT": {"unit": "ms", "min": 20.648971793967053, "p50": 48.25778692964322, "p90": 103.36477782914531, "p95": 108.7313125618123, "p99": 123.66935667999849, "max": 135.8134400904405}, "Input Tokens per Minute": {"unit": "tokens/min", "min": 296701.69365146133, "p50": 296701.69365146133, "p90": 296701.69365146133, "p95": 296701.69365146133, "p99": 296701.69365146133, "max": 296701.69365146133}, "Output Tokens per Minute": {"unit": "tokens/min", "min": 14784.374278796793, "p50": 14784.374278796793, "p90": 14784.374278796793, "p95": 14784.374278796793, "p99": 14784.374278796793, "max": 14784.374278796793}}
{"actual_qps": 1.3166531420055607, "success_rate": 100.0, "input_tokens": 4150, "output_tokens": 200, "model": "QwQ-32B", "input_tokens_per_minute": 339503.4428135299, "output_tokens_per_minute": 16361.37420186845, "slo_seconds": 5.0, "slo_attainment": 1.2048192771084338, "ttft_slo_ms": 1000, "ttft_slo_attainment": 71.08433734939759, "tpot_slo_ms": 50, "tpot_slo_attainment": 66.26506024096386, "Latency": {"unit": "s", "min": 4.959595300999354, "p50": 9.485349266000412, "p90": 15.677966771399223, "p95": 17.549862839499827, "p99": 18.383406347919806, "max": 18.509832097999606}, "Throughput": {"unit": "tokens/s", "min": 10.805068297816401, "p50": 21.085148726877815, "p90": 29.73043549666609, "p95": 33.955422712115286, "p99": 37.69795628425632, "max": 40.32587093541689}, "TTFT": {"unit": "s", "min": 0.11961466700086021, "p50": 0.6375545910013898, "p90": 1.334034194401465, "p95": 1.7144999984004234, "p99": 1.9933540063789383, "max": 2.2401807230016857}, "TPOT": {"unit": "ms", "min": 23.435747819097394, "p50": 43.89816965325662, "p90": 73.50710826734273, "p95": 81.96794014523276, "p99": 89.28893430523097, "max": 91.64178809045387}, "Input Tokens per Minute": {"unit": "tokens/min", "min": 339503.4428135299, "p50": 339503.4428135299, "p90": 339503.4428135299, "p95": 339503.4428135299, "p99": 339503.4428135299, "max": 339503.4428135299}, "Output Tokens per Minute": {"unit": "tokens/min", "min": 16361.37420186845, "p50": 16361.37420186845, "p90": 16361.37420186845, "p95": 16361.37420186845, "p99": 16361.37420186845, "max": 16361.37420186845}}
{"actual_qps": 1.196721398286776, "success_rate": 100.0, "input_tokens": 3876, "output_tokens": 199, "model": "QwQ-32B", "input_tokens_per_minute": 297372.8084569666, "output_tokens_per_minute": 15279.345370674064, "slo_seconds": 5.0,