{"target_qps": 5.0, "actual_qps": 4.994051508689808, "success_rate": 100.0, "input_tokens": 3871, "output_tokens": 197, "model": "QwQ-32B", "input_tokens_per_minute": 1161559.6153846153, "output_tokens_per_minute": 59319.230769230766, "slo_seconds": 5.0, "slo_attainment": 0.0, "ttft_slo_ms": 1000, "ttft_slo_attainment": 5.769230769230769, "tpot_slo_ms": 50, "tpot_slo_attainment": 1.9230769230769231, "Latency": {"unit": "s", "min": 13.8483560730092, "p50": 23.07943237099971, "p90": 26.04809422950639, "p95": 26.443682249448464, "p99": 26.63649440586101, "max": 34.250405496000894}, "Throughput": {"unit": "tokens/s", "min": 2.7305620661294534, "p50": 8.54275953338329, "p90": 11.80166128261251, "p95": 13.958819366999691, "p99": 14.408883101062932, "max": 14.442147424978847}, "TTFT": {"unit": "s", "min": 0.33756809000624344, "p50": 4.467550884990487, "p90": 6.144374236502336, "p95": 6.357772543656028, "p99": 7.710499653467849, "max": 15.368129869995755}, "TPOT": {"unit": "ms", "min": 36.24631539697937, "p50": 93.06534538943504, "p90": 102.91148301755253, "p95": 107.787756648521, "p99": 125.28010056625659, "max": 289.66342927665113}, "Input Tokens per Minute": {"unit": "tokens/min", "min": 1161559.6153846153, "p50": 1161559.6153846153, "p90": 1161559.6153846153, "p95": 1161559.6153846153, "p99": 1161559.6153846153, "max": 1161559.6153846153}, "Output Tokens per Minute": {"unit": "tokens/min", "min": 59319.230769230766, "p50": 59319.230769230766, "p90": 59319.230769230766, "p95": 59319.230769230766, "p99": 59319.230769230766, "max": 59319.230769230766}}
{"target_qps": 5.0, "actual_qps": 4.986055794460252, "success_rate": 100.0, "input_tokens": 3752, "output_tokens": 199, "model": "QwQ-32B", "input_tokens_per_minute": 1306404.7887995215, "output_tokens_per_minute": 69483.45752680054, "slo_seconds": 5.0, "slo_attainment": 0.0, "ttft_slo_ms": 1000, "ttft_slo_attainment": 1.0610079575596816, "tpot_slo_ms": 50, "tpot_slo_attainment": 2.6525198938992043, "Latency": {"unit": "s", "min": 11.24127337698883, "p50": 35.50339378800709, "p90": 52.724303031002634, "p95": 55.87573115539852, "p99": 62.23094867472362, "max": 63.49512717599282}, "Throughput": {"unit": "tokens/s", "min": 3.1498480103150177, "p50": 5.631887155391473, "p90": 9.25559505573877, "p95": 10.83571392269115, "p99": 12.894549257377154, "max": 13.560982741264443}, "TTFT": {"unit": "s", "min": 0.5585726639983477, "p50": 7.408307453006273, "p90": 16.75550713220437, "p95": 22.03988477200328, "p99": 24.73003152911668, "max": 25.373846907998086}, "TPOT": {"unit": "ms", "min": 15.386684743664695, "p50": 145.90535385423894, "p90": 204.06144181109647, "p95": 212.7393036613056, "p99": 228.90899358652754, "max": 230.88026008545012}, "Input Tokens per Minute": {"unit": "tokens/min", "min": 1306404.7887995215, "p50": 1306404.7887995215, "p90": 1306404.7887995215, "p95": 1306404.7887995215, "p99": 1306404.7887995215, "max": 1306404.7887995215}, "Output Tokens per Minute": {"unit": "tokens/min", "min": 69483.45752680054, "p50": 69483.45752680054, "p90": 69483.45752680054, "p95": 69483.45752680054, "p99": 69483.45752680054, "max": 69483.45752680054}}
{"target_qps": 5.0, "actual_qps": 4.999489718999774, "success_rate": 98.62068965517241, "input_tokens": 3671, "output_tokens": 200, "model": "QwQ-32B", "input_tokens_per_minute": 1101520.2797202796, "output_tokens_per_minute": 60000.0, "slo_seconds": 5.0, "slo_attainment": 0.0, "ttft_slo_ms": 1000, "ttft_slo_attainment": 0.0, "tpot_slo_ms": 50, "tpot_slo_attainment": 0.6896551724137931, "Latency": {"unit": "s", "min": 29.072569843003293, "p50": 39.77897048799787, "p90": 69.19298023199372, "p95": 77.91829580859485, "p99": 83.98474929294296, "max": 87.44289175100857}, "Throughput": {"unit": "tokens/s", "min": 2.2872070673222353, "p50": 5.0277822061871635, "p90": 6.245288366299969, "p95": 6.460532261347518, "p99": 6.482481944367183, "max": 6.879336814049574}, "TTFT": {"unit": "s", "min": 7.102165149000939, "p50": 16.404041235000477, "p90": 44.35001208278991, "p95": 50.76957204539941, "p99": 53.171717592344514, "max": 58.220588723997935}, "TPOT": {"unit": "ms", "min": 30.405482643265767, "p50": 124.76187583415046, "p90": 153.6585059849108, "p95": 154.99034157284916, "p99": 171.79247203638843, "max": 179.26219752264308}, "Input Tokens per Minute": {"unit": "tokens/min", "min": 1101520.2797202796, "p50": 1101520.2797202796, "p90": 1101520.2797202796, "p95": 1101520.2797202796, "p99": 1101520.2797202796, "max": 1101520.2797202796}, "Output Tokens per Minute": {"unit": "tokens/min", "min": 60000.0, "p50": 60000.0, "p90": 60000.0, "p95": 60000.0, "p99": 60000.0, "max": 60000.0}, "exceptions": {"Request timed out.": 2}}
{"target_qps": 5.0, "actual_qps": 4.999942804319942, "success_rate": 100.0, "input_tokens": 3803, "output_tokens": 199, "model": "QwQ-32B", "input_tokens_per_minute": 1485621.17758207, "output_tokens_per_minute": 78001.30284233681, "slo_seconds": 5.0, "slo_attainment": 0.0, "ttft_slo_ms": 1000, "ttft_slo_attainment": 3.7825059101654848, "tpot_slo_ms": 50, "tpot_slo_attainment": 0.0, "Latency": {"unit": "s", "min": 13.270796601005713, "p50": 35.385164911000174, "p90": 68.79147960340198, "p95": 71.43218744139885, "p99": 74.00939691691572, "max": 88.3339631449926}, "Throughput": {"unit": "tokens/s", "min": 2.264134800243449, "p50": 5.6520861356174175, "p90": 8.733780699665608, "p95": 9.65015115367753, "p99": 11.890166942257832, "max": 15.070685356208624}, "TTFT": {"unit": "s", "min": 0.1829135300067719, "p50": 9.511518015991896, "p90": 39.97057373400312, "p95": 44.37933682230069, "p99": 44.94925474950083, "max": 60.02554172799864}, "TPOT": {"unit": "ms", "min": 55.01657996983934, "p50": 129.37598723620434, "p90": 151.21418946731518, "p95": 156.4008813216111, "p99": 162.22449666946827, "max": 188.2697466281026}, "Input Tokens per Minute": {"unit": "tokens/min", "min": 1485621.17758207, "p50": 1485621.17758207, "p90": 1485621.17758207, "p95": 1485621.17758207, "p99": 1485621.17758207, "max": 1485621.17758207}, "Output Tokens per Minute": {"unit": "tokens/min", "min": 78001.30284233681, "p50": 78001.30284233681, "p90": 78001.30284233681, "p95": 78001.30284233681, "p99": 78001.30284233681, "max": 78001.30284233681}}
{"target_qps": 5.0, "actual_qps": 4.999902887886389, "success_rate": 100.0, "input_tokens": 3754, "output_tokens": 199, "model": "QwQ-32B", "input_tokens_per_minute": 1282745.9540548075, "output_tokens_per_minute": 68218.47670487266, "slo_seconds": 5.0, "slo_attainment": 0.0, "ttft_slo_ms": 1000, "ttft_slo_attainment": 40.81081081081081, "tpot_slo_ms": 50, "tpot_slo_attainment": 2.9729729729729732, "Latency": {"unit": "s", "min": 5.852525598005741, "p50": 21.929727415503294, "p90": 37.705089040397446, "p95": 42.00603909389902, "p99": 45.73348748504126, "max": 50.83500133900088}, "Throughput": {"unit": "tokens/s", "min": 3.9342971325262646, "p50": 9.120061410715461, "p90": 14.919973448493772, "p95": 17.411913006301887, "p99": 26.323714715245565, "max": 34.1732806889645}, "TTFT": {"unit": "s", "min": 0.09413291999953799, "p50": 1.770464382992941, "p90": 10.472302450999273, "p95": 12.42275694179407, "p99": 14.325635157493672, "max": 15.083010606002063}, "TPOT": {"unit": "ms", "min": 22.907484090467563, "p50": 97.38897007035797, "p90": 146.6943664924606, "p95": 153.42207708840692, "p99": 167.29264793346283, "max": 185.64471448240766}, "Input Tokens per Minute": {"unit": "tokens/min", "min": 1282745.9540548075, "p50": 1282745.9540548075, "p90": 1282745.9540548075, "p95": 1282745.9540548075, "p99": 1282745.9540548075, "max": 1282745.9540548075}, "Output Tokens per Minute": {"unit": "tokens/min", "min": 68218.47670487266, "p50": 68218.47670487266, "p90": 68218.47670487266, "p95": 68218.47670487266, "p99": 68218.47670487266, "max": 68218.47670487266}}
{"target_qps": 5.0, "actual_qps": 4.999942416497264, "success_rate": 100.0, "input_tokens": 3813, "output_tokens": 199, "model": "QwQ-32B", "input_tokens_per_minute": 1341506.6215925217,