{"target_qps": 1.0, "actual_qps": 0.9972518804556608, "success_rate": 100.0, "input_tokens": 3479, "output_tokens": 200, "model": "QwQ-32B", "input_tokens_per_minute": 208775.1219512195, "output_tokens_per_minute": 12000.0, "slo_seconds": 5.0, "slo_attainment": 7.317073170731707, "ttft_slo_ms": 1000, "ttft_slo_attainment": 36.58536585365854, "tpot_slo_ms": 50, "tpot_slo_attainment": 53.65853658536586, "Latency": {"unit": "s", "min": 4.259411221995833, "p50": 12.321331040991936, "p90": 28.512784566002665, "p95": 29.142694173991913, "p99": 30.098000466206578, "max": 30.582779129006667}, "Throughput": {"unit": "tokens/s", "min": 6.53962804218493, "p50": 16.23201254268864, "p90": 36.49502604842883, "p95": 40.750944318469365, "p99": 44.844409877305885, "max": 46.95484647436459}, "TTFT": {"unit": "s", "min": 0.2771904980036197, "p50": 1.4730976339924382, "p90": 4.9744962910044705, "p95": 5.7475108560029184, "p99": 8.717509771604098, "max": 10.504226516000926}, "TPOT": {"unit": "ms", "min": 20.0111594170463, "p50": 44.091330035197686, "p90": 138.01366385929788, "p95": 141.13512651764626, "p99": 146.10708012266363, "max": 146.16111762818457}, "Input Tokens per Minute": {"unit": "tokens/min", "min": 208775.1219512195, "p50": 208775.1219512195, "p90": 208775.1219512195, "p95": 208775.1219512195, "p99": 208775.1219512195, "max": 208775.1219512195}, "Output Tokens per Minute": {"unit": "tokens/min", "min": 12000.0, "p50": 12000.0, "p90": 12000.0, "p95": 12000.0, "p99": 12000.0, "max": 12000.0}}
{"target_qps": 1.0, "actual_qps": 0.9998128598614845, "success_rate": 100.0, "input_tokens": 3868, "output_tokens": 200, "model": "QwQ-32B", "input_tokens_per_minute": 258464.7506208568, "output_tokens_per_minute": 13363.175198105855, "slo_seconds": 5.0, "slo_attainment": 7.462686567164178, "ttft_slo_ms": 1000, "ttft_slo_attainment": 22.388059701492537, "tpot_slo_ms": 50, "tpot_slo_attainment": 40.298507462686565, "Latency": {"unit": "s", "min": 4.105580228002509, "p50": 17.67419887900178, "p90": 32.84479081619647, "p95": 34.38895144060516, "p99": 35.46196888091887, "max": 36.12423445499735}, "Throughput": {"unit": "tokens/s", "min": 5.536449505917002, "p50": 11.31593015158466, "p90": 36.530117913330145, "p95": 43.484580141248635, "p99": 48.32026940728023, "max": 48.714186276492796}, "TTFT": {"unit": "s", "min": 0.16270489399903454, "p50": 3.475791845994536, "p90": 7.816681201595929, "p95": 10.68681309590028, "p99": 14.666952820204608, "max": 15.20048271601263}, "TPOT": {"unit": "ms", "min": 1.1052711306364467, "p50": 68.36469960296597, "p90": 143.7423642221066, "p95": 153.62946361809503, "p99": 163.2784110613913, "max": 171.06838586432193}, "Input Tokens per Minute": {"unit": "tokens/min", "min": 258464.7506208568, "p50": 258464.7506208568, "p90": 258464.7506208568, "p95": 258464.7506208568, "p99": 258464.7506208568, "max": 258464.7506208568}, "Output Tokens per Minute": {"unit": "tokens/min", "min": 13363.175198105855, "p50": 13363.175198105855, "p90": 13363.175198105855, "p95": 13363.175198105855, "p99": 13363.175198105855, "max": 13363.175198105855}}
{"target_qps": 1.0, "actual_qps": 0.9999874698736342, "success_rate": 100.0, "input_tokens": 4081, "output_tokens": 195, "model": "QwQ-32B", "input_tokens_per_minute": 244898.9189189189, "output_tokens_per_minute": 11745.405405405405, "slo_seconds": 5.0, "slo_attainment": 0.0, "ttft_slo_ms": 1000, "ttft_slo_attainment": 35.13513513513514, "tpot_slo_ms": 50, "tpot_slo_attainment": 0.0, "Latency": {"unit": "s", "min": 5.025873824997689, "p50": 29.170959695999045, "p90": 36.295466534199655, "p95": 38.313972398597976, "p99": 39.212904660355996, "max": 39.48287696699845}, "Throughput": {"unit": "tokens/s", "min": 5.065487000027098, "p50": 6.856133705722102, "p90": 10.072613685104894, "p95": 10.334121559246872, "p99": 11.282313984212289, "max": 11.584254372452643}, "TTFT": {"unit": "s", "min": 0.11169442100799643, "p50": 2.598808631999418, "p90": 9.336432420994969, "p95": 10.52992506260634, "p99": 12.046678279238986, "max": 12.424121301999548}, "TPOT": {"unit": "ms", "min": 76.61104996483328, "p50": 124.26405511553698, "p90": 155.84798066032377, "p95": 156.78727635581413, "p99": 163.75447656401204, "max": 166.6512823065195}, "Input Tokens per Minute": {"unit": "tokens/min", "min": 244898.9189189189, "p50": 244898.9189189189, "p90": 244898.9189189189, "p95": 244898.9189189189, "p99": 244898.9189189189, "max": 244898.9189189189}, "Output Tokens per Minute": {"unit": "tokens/min", "min": 11745.405405405405, "p50": 11745.405405405405, "p90": 11745.405405405405, "p95": 11745.405405405405, "p99": 11745.405405405405, "max": 11745.405405405405}}
{"target_qps": 1.0, "actual_qps": 0.9999607874544091, "success_rate": 100.0, "input_tokens": 3935, "output_tokens": 200, "model": "QwQ-32B", "input_tokens_per_minute": 239417.23970415368, "output_tokens_per_minute": 12166.472941559061, "slo_seconds": 5.0, "slo_attainment": 0.0, "ttft_slo_ms": 1000, "ttft_slo_attainment": 11.475409836065573, "tpot_slo_ms": 50, "tpot_slo_attainment": 0.0, "Latency": {"unit": "s", "min": 10.867710203994648, "p50": 32.818402874996536, "p90": 41.98055461399781, "p95": 43.695220497989794, "p99": 46.059674510799226, "max": 47.63235663999512}, "Throughput": {"unit": "tokens/s", "min": 4.198826472341018, "p50": 6.094141776544972, "p90": 8.685980517015356, "p95": 9.488528910982188, "p99": 13.669550920361797, "max": 18.40314070267405}, "TTFT": {"unit": "s", "min": 0.41321737300313544, "p50": 7.509887528998661, "p90": 11.926256713006296, "p95": 13.717340060000424, "p99": 14.264685370595544, "max": 14.625448621009127}, "TPOT": {"unit": "ms", "min": 51.72028395975589, "p50": 129.11951626630807, "p90": 156.52411331155866, "p95": 159.01447573874728, "p99": 175.49357745523244, "max": 188.37178251255614}, "Input Tokens per Minute": {"unit": "tokens/min", "min": 239417.23970415368, "p50": 239417.23970415368, "p90": 239417.23970415368, "p95": 239417.23970415368, "p99": 239417.23970415368, "max": 239417.23970415368}, "Output Tokens per Minute": {"unit": "tokens/min", "min": 12166.472941559061, "p50": 12166.472941559061, "p90": 12166.472941559061, "p95": 12166.472941559061, "p99": 12166.472941559061, "max": 12166.472941559061}}
{"target_qps": 1.0, "actual_qps": 0.9999829788730081, "success_rate": 100.0, "input_tokens": 3732, "output_tokens": 199, "model": "QwQ-32B", "input_tokens_per_minute": 271755.12643168936, "output_tokens_per_minute": 14546.913180206724, "slo_seconds": 5.0, "slo_attainment": 0.0, "ttft_slo_ms": 1000, "ttft_slo_attainment": 19.17808219178082, "tpot_slo_ms": 50, "tpot_slo_attainment": 0.0, "Latency": {"unit": "s", "min": 12.780417533998843, "p50": 23.59216802600713, "p90": 38.49745327580022, "p95": 40.866340503995886, "p99": 43.27204312919872, "max": 43.99165543800336}, "Throughput": {"unit": "tokens/s", "min": 4.546316750499566, "p50": 8.477389605716924, "p90": 13.289299914177928, "p95": 14.330641490716381, "p99": 15.169358575781978, "max": 15.648941004310235}, "TTFT": {"unit": "s", "min": 0.12228530200081877, "p50": 3.5162416669918457, "p90": 10.033667163198697, "p95": 11.025630848799482, "p99": 12.137181582596968, "max": 12.547053495}, "TPOT": {"unit": "ms", "min": 52.79726904020446, "p50": 93.43049089449468, "p90": 150.0164769537543, "p95": 154.4269927397099, "p99": 160.88076902112348, "max": 160.89891823112202}, "Input Tokens per Minute": {"unit": "tokens/min", "min": 271755.12643168936, "p50": 271755.12643168936, "p90": 271755.12643168936, "p95": 271755.12643168936, "p99": 271755.12643168936, "max": 271755.12643168936}, "Output Tokens per Minute": {"unit": "tokens/min", "min": 14546.913180206724, "p50": 14546.913180206724, "p90": 14546.913180206724, "p95": 14546.913180206724, "p99": 14546.913180206724, "max": 14546.913180206724}}
{"target_qps": 1.0, "actual_qps": 0.999979361059223, "success_rate": 100.0, "input_tokens": 4005, "output_tokens": 198, "model": "QwQ-32B", "input_tokens_per_minute": 307537.52115431894,