{"target_qps": 5.0, "actual_qps": 4.9992407899653, "success_rate": 100.0, "input_tokens": 3862, "output_tokens": 200, "model": "QwQ-32B", "input_tokens_per_minute": 1158762.0, "output_tokens_per_minute": 60000.0, "slo_seconds": 5.0, "slo_attainment": 0.0, "ttft_slo_ms": 1000, "ttft_slo_attainment": 6.5, "tpot_slo_ms": 50, "tpot_slo_attainment": 13.5, "Latency": {"unit": "s", "min": 9.16768959199544, "p50": 16.059743005498603, "p90": 27.759373745403714, "p95": 31.274551100552337, "p99": 33.942336408141706, "max": 34.79380569999921}, "Throughput": {"unit": "tokens/s", "min": 5.748149590891247, "p50": 12.453501226160572, "p90": 17.17518476856888, "p95": 18.252741084253913, "p99": 21.58302240823271, "max": 21.81574735848664}, "TTFT": {"unit": "s", "min": 0.2804600360104814, "p50": 2.725293221999891, "p90": 7.3983621370003645, "p95": 9.587140519103553, "p99": 12.161034112833002, "max": 13.069984512010706}, "TPOT": {"unit": "ms", "min": 26.217373000032588, "p50": 69.99025057536788, "p90": 107.41970716632234, "p95": 113.76803792537709, "p99": 120.0418953414484, "max": 122.77420302507836}, "Input Tokens per Minute": {"unit": "tokens/min", "min": 1158762.0, "p50": 1158762.0, "p90": 1158762.0, "p95": 1158762.0, "p99": 1158762.0, "max": 1158762.0}, "Output Tokens per Minute": {"unit": "tokens/min", "min": 60000.0, "p50": 60000.0, "p90": 60000.0, "p95": 60000.0, "p99": 60000.0, "max": 60000.0}}
{"target_qps": 5.0, "actual_qps": 4.985026473757714, "success_rate": 100.0, "input_tokens": 3790, "output_tokens": 199, "model": "QwQ-32B", "input_tokens_per_minute": 1137252.1276595744, "output_tokens_per_minute": 59843.617021276594, "slo_seconds": 5.0, "slo_attainment": 0.0, "ttft_slo_ms": 1000, "ttft_slo_attainment": 5.851063829787234, "tpot_slo_ms": 50, "tpot_slo_attainment": 1.0638297872340425, "Latency": {"unit": "s", "min": 13.817283074997249, "p50": 32.97116241949698, "p90": 46.666079520504, "p95": 48.621507859897974, "p99": 50.8323154263488, "max": 51.3534423509991}, "Throughput": {"unit": "tokens/s", "min": 3.8945782569551333, "p50": 6.037065302301901, "p90": 10.7246342419946, "p95": 11.959008430047456, "p99": 12.848899756841217, "max": 14.474625649228065}, "TTFT": {"unit": "s", "min": 0.22523484700650442, "p50": 6.114820761998999, "p90": 14.635756772602333, "p95": 16.83605858379451, "p99": 19.53055048095004, "max": 21.732840735989157}, "TPOT": {"unit": "ms", "min": 36.44850906536004, "p50": 134.47684516583865, "p90": 168.01630019143883, "p95": 170.2991143595787, "p99": 185.01676797017984, "max": 185.67970301509877}, "Input Tokens per Minute": {"unit": "tokens/min", "min": 1137252.1276595744, "p50": 1137252.1276595744, "p90": 1137252.1276595744, "p95": 1137252.1276595744, "p99": 1137252.1276595744, "max": 1137252.1276595744}, "Output Tokens per Minute": {"unit": "tokens/min", "min": 59843.617021276594, "p50": 59843.617021276594, "p90": 59843.617021276594, "p95": 59843.617021276594, "p99": 59843.617021276594, "max": 59843.617021276594}}
{"target_qps": 5.0, "actual_qps": 4.999813548119197, "success_rate": 100.0, "input_tokens": 4020, "output_tokens": 199, "model": "QwQ-32B", "input_tokens_per_minute": 1639107.1862620765, "output_tokens_per_minute": 81212.74912731882, "slo_seconds": 5.0, "slo_attainment": 0.0, "ttft_slo_ms": 1000, "ttft_slo_attainment": 3.9719626168224296, "tpot_slo_ms": 50, "tpot_slo_attainment": 4.906542056074766, "Latency": {"unit": "s", "min": 5.879621651998605, "p50": 35.248858291502984, "p90": 50.41031240060838, "p95": 54.75847605084637, "p99": 55.793918555506245, "max": 59.889741720005986}, "Throughput": {"unit": "tokens/s", "min": 2.9972734634419966, "p50": 5.629345923717118, "p90": 10.144726925138869, "p95": 12.196955627250778, "p99": 19.130779478594736, "max": 34.015794184990774}, "TTFT": {"unit": "s", "min": 0.10555110299901571, "p50": 7.05468252049468, "p90": 19.10738620649936, "p95": 21.22494483329647, "p99": 28.17434564009939, "max": 30.176123009005096}, "TPOT": {"unit": "ms", "min": 7.111122470018732, "p50": 136.74458644969883, "p90": 183.45883287536654, "p95": 191.63281371808657, "p99": 195.05609794387632, "max": 269.055640913801}, "Input Tokens per Minute": {"unit": "tokens/min", "min": 1639107.1862620765, "p50": 1639107.1862620765, "p90": 1639107.1862620765, "p95": 1639107.1862620765, "p99": 1639107.1862620765, "max": 1639107.1862620765}, "Output Tokens per Minute": {"unit": "tokens/min", "min": 81212.74912731882, "p50": 81212.74912731882, "p90": 81212.74912731882, "p95": 81212.74912731882, "p99": 81212.74912731882, "max": 81212.74912731882}}
{"target_qps": 5.0, "actual_qps": 4.996553610409171, "success_rate": 100.0, "input_tokens": 3905, "output_tokens": 199, "model": "QwQ-32B", "input_tokens_per_minute": 1171608.536585366, "output_tokens_per_minute": 59925.60975609756, "slo_seconds": 5.0, "slo_attainment": 0.0, "ttft_slo_ms": 1000, "ttft_slo_attainment": 6.910569105691057, "tpot_slo_ms": 50, "tpot_slo_attainment": 0.0, "Latency": {"unit": "s", "min": 15.029423746003886, "p50": 34.02317762400344, "p90": 43.18335666349594, "p95": 46.273537031494925, "p99": 50.20221801739463, "max": 52.00767021199863}, "Throughput": {"unit": "tokens/s", "min": 3.8455866064513353, "p50": 5.871866872853799, "p90": 9.329460262723185, "p95": 10.517688418230682, "p99": 12.398007700657004, "max": 13.307230096109121}, "TTFT": {"unit": "s", "min": 0.08530911400157493, "p50": 8.726327382995805, "p90": 14.496951909997733, "p95": 16.142612870993617, "p99": 18.092600781300284, "max": 19.814810866009793}, "TPOT": {"unit": "ms", "min": 51.19164884423875, "p50": 130.14744006027993, "p90": 159.30155388444626, "p95": 163.8204319673395, "p99": 182.3132101745985, "max": 193.61606806521286}, "Input Tokens per Minute": {"unit": "tokens/min", "min": 1171608.536585366, "p50": 1171608.536585366, "p90": 1171608.536585366, "p95": 1171608.536585366, "p99": 1171608.536585366, "max": 1171608.536585366}, "Output Tokens per Minute": {"unit": "tokens/min", "min": 59925.60975609756, "p50": 59925.60975609756, "p90": 59925.60975609756, "p95": 59925.60975609756, "p99": 59925.60975609756, "max": 59925.60975609756}}
{"target_qps": 5.0, "actual_qps": 4.999982100147273, "success_rate": 100.0, "input_tokens": 4063, "output_tokens": 199, "model": "QwQ-32B", "input_tokens_per_minute": 1219017.9310344828, "output_tokens_per_minute": 59876.89655172414, "slo_seconds": 5.0, "slo_attainment": 0.0, "ttft_slo_ms": 1000, "ttft_slo_attainment": 27.586206896551722, "tpot_slo_ms": 50, "tpot_slo_attainment": 4.137931034482759, "Latency": {"unit": "s", "min": 6.22109609299514, "p50": 25.18571000099473, "p90": 39.166819832797046, "p95": 42.7405195494539, "p99": 45.57858532794082, "max": 51.613021579003544}, "Throughput": {"unit": "tokens/s", "min": 3.87499111428425, "p50": 7.906708797812827, "p90": 14.195825775726801, "p95": 17.15056981892225, "p99": 27.868986289181933, "max": 32.14867557265302}, "TTFT": {"unit": "s", "min": 0.08458359200449195, "p50": 3.504419325006893, "p90": 11.470074906098311, "p95": 12.753848482800095, "p99": 14.382421991158772, "max": 18.41865736199543}, "TPOT": {"unit": "ms", "min": 21.212984211087676, "p50": 109.241932695986, "p90": 148.91772677393013, "p95": 156.55024722611196, "p99": 163.52761945563142, "max": 194.19548381909718}, "Input Tokens per Minute": {"unit": "tokens/min", "min": 1219017.9310344828, "p50": 1219017.9310344828, "p90": 1219017.9310344828, "p95": 1219017.9310344828, "p99": 1219017.9310344828, "max": 1219017.9310344828}, "Output Tokens per Minute": {"unit": "tokens/min", "min": 59876.89655172414, "p50": 59876.89655172414, "p90": 59876.89655172414, "p95": 59876.89655172414, "p99": 59876.89655172414, "max": 59876.89655172414}}
{"target_qps": 5.0, "actual_qps": 4.999971447996907, "success_rate": 100.0, "input_tokens": 3857, "output_tokens": 200, "model": "QwQ-32B", "input_tokens_per_minute": 1370415.8469145847, "output_tokens_per_minute": 71060.44107178194, "slo_seconds": 5.0, "slo_attainment": 0.0, "ttft_slo_ms": 1000,