{"target_qps": 5.0, "actual_qps": 4.998117529852793, "success_rate": 100.0, "input_tokens": 3990, "output_tokens": 200, "model": "QwQ-32B", "input_tokens_per_minute": 1197118.5770750986, "output_tokens_per_minute": 60000.0, "slo_seconds": 5.0, "slo_attainment": 0.0, "ttft_slo_ms": 1000, "ttft_slo_attainment": 15.810276679841898, "tpot_slo_ms": 50, "tpot_slo_attainment": 56.126482213438734, "Latency": {"unit": "s", "min": 6.170703976000368, "p50": 12.658109153999249, "p90": 19.041917662402557, "p95": 21.38455313420272, "p99": 24.705171307959827, "max": 28.913260770998022}, "Throughput": {"unit": "tokens/s", "min": 6.917241247331525, "p50": 15.800148155367367, "p90": 22.642239721308407, "p95": 25.823707797334244, "p99": 28.90973861015871, "max": 32.411212849920716}, "TTFT": {"unit": "s", "min": 0.21425694299978204, "p50": 2.802333130995976, "p90": 6.168102651397931, "p95": 10.627337043599983, "p99": 13.026387514361698, "max": 14.134623578000173}, "TPOT": {"unit": "ms", "min": 23.05009156783918, "p50": 48.54707760303006, "p90": 64.37746116985983, "p95": 72.26816951054445, "p99": 81.34410922612405, "max": 86.24307117587243}, "Input Tokens per Minute": {"unit": "tokens/min", "min": 1197118.5770750986, "p50": 1197118.5770750986, "p90": 1197118.5770750986, "p95": 1197118.5770750986, "p99": 1197118.5770750986, "max": 1197118.5770750986}, "Output Tokens per Minute": {"unit": "tokens/min", "min": 60000.0, "p50": 60000.0, "p90": 60000.0, "p95": 60000.0, "p99": 60000.0, "max": 60000.0}}
{"target_qps": 5.0, "actual_qps": 4.9897738989076466, "success_rate": 100.0, "input_tokens": 3883, "output_tokens": 200, "model": "QwQ-32B", "input_tokens_per_minute": 1172460.7348586963, "output_tokens_per_minute": 60375.931357291556, "slo_seconds": 5.0, "slo_attainment": 0.0, "ttft_slo_ms": 1000, "ttft_slo_attainment": 71.61716171617162, "tpot_slo_ms": 50, "tpot_slo_attainment": 86.79867986798679, "Latency": {"unit": "s", "min": 5.893382918002317, "p50": 9.402959348997683, "p90": 12.128183257799538, "p95": 13.185639354398878, "p99": 15.407769842222045, "max": 17.198461986998154}, "Throughput": {"unit": "tokens/s", "min": 11.628946829733831, "p50": 21.26989946216445, "p90": 26.368641092891767, "p95": 27.200090602341593, "p99": 30.10351795898729, "max": 33.93636605370861}, "TTFT": {"unit": "s", "min": 0.1298525000020163, "p50": 0.7321663849943434, "p90": 2.494137256604154, "p95": 3.16153690690262, "p99": 5.615728627778014, "max": 6.444511432004219}, "TPOT": {"unit": "ms", "min": 26.565345708542882, "p50": 43.40990101506883, "p90": 51.287063423104826, "p95": 53.65049608691841, "p99": 58.27235737142675, "max": 63.57187951759064}, "Input Tokens per Minute": {"unit": "tokens/min", "min": 1172460.7348586963, "p50": 1172460.7348586963, "p90": 1172460.7348586963, "p95": 1172460.7348586963, "p99": 1172460.7348586963, "max": 1172460.7348586963}, "Output Tokens per Minute": {"unit": "tokens/min", "min": 60375.931357291556, "p50": 60375.931357291556, "p90": 60375.931357291556, "p95": 60375.931357291556, "p99": 60375.931357291556, "max": 60375.931357291556}}
{"target_qps": 5.0, "actual_qps": 4.999921211158324, "success_rate": 100.0, "input_tokens": 4070, "output_tokens": 199, "model": "QwQ-32B", "input_tokens_per_minute": 1221236.3636363638, "output_tokens_per_minute": 59949.49494949495, "slo_seconds": 5.0, "slo_attainment": 0.0, "ttft_slo_ms": 1000, "ttft_slo_attainment": 86.86868686868688, "tpot_slo_ms": 50, "tpot_slo_attainment": 79.46127946127946, "Latency": {"unit": "s", "min": 6.035794108000118, "p50": 9.465652594997664, "p90": 11.907817813396106, "p95": 13.11159858579922, "p99": 14.36888718331757, "max": 15.627946828994027}, "Throughput": {"unit": "tokens/s", "min": 12.797586412883517, "p50": 21.096985439215658, "p90": 25.89613251721153, "p95": 26.9847153047985, "p99": 30.238541521901997, "max": 33.135656455695006}, "TTFT": {"unit": "s", "min": 0.0898889460004284, "p50": 0.6007473700010451, "p90": 1.0875812281985424, "p95": 1.3979127145998063, "p99": 2.1715838528401226, "max": 2.566165877004096}, "TPOT": {"unit": "ms", "min": 28.6451777085415, "p50": 44.48001676883453, "p90": 56.5150611979791, "p95": 61.53861269146852, "p99": 68.53541692101393, "max": 75.34431221103121}, "Input Tokens per Minute": {"unit": "tokens/min", "min": 1221236.3636363638, "p50": 1221236.3636363638, "p90": 1221236.3636363638, "p95": 1221236.3636363638, "p99": 1221236.3636363638, "max": 1221236.3636363638}, "Output Tokens per Minute": {"unit": "tokens/min", "min": 59949.49494949495, "p50": 59949.49494949495, "p90": 59949.49494949495, "p95": 59949.49494949495, "p99": 59949.49494949495, "max": 59949.49494949495}}
{"target_qps": 5.0, "actual_qps": 4.999936622553492, "success_rate": 100.0, "input_tokens": 3861, "output_tokens": 198, "model": "QwQ-32B", "input_tokens_per_minute": 1184981.2683466019, "output_tokens_per_minute": 61041.46142571847, "slo_seconds": 5.0, "slo_attainment": 0.6493506493506493, "ttft_slo_ms": 1000, "ttft_slo_attainment": 100.0, "tpot_slo_ms": 50, "tpot_slo_attainment": 94.8051948051948, "Latency": {"unit": "s", "min": 1.8004149440021138, "p50": 8.517281091499171, "p90": 9.884252454200759, "p95": 10.424963808298708, "p99": 11.110114695132362, "max": 11.905365853999683}, "Throughput": {"unit": "tokens/s", "min": 15.13108574724944, "p50": 23.444461454525104, "p90": 27.80592296092128, "p95": 29.17937530813993, "p99": 30.447359260481047, "max": 35.73766943935013}, "TTFT": {"unit": "s", "min": 0.060107646000687964, "p50": 0.35120660249958746, "p90": 0.5025915768979757, "p95": 0.5156313483013946, "p99": 0.5598467667865044, "max": 0.6571304249955574}, "TPOT": {"unit": "ms", "min": 27.759247331684932, "p50": 40.87700868091527, "p90": 47.792793326110555, "p95": 50.16854216532257, "p99": 54.85704014584654, "max": 57.089165748733485}, "Input Tokens per Minute": {"unit": "tokens/min", "min": 1184981.2683466019, "p50": 1184981.2683466019, "p90": 1184981.2683466019, "p95": 1184981.2683466019, "p99": 1184981.2683466019, "max": 1184981.2683466019}, "Output Tokens per Minute": {"unit": "tokens/min", "min": 61041.46142571847, "p50": 61041.46142571847, "p90": 61041.46142571847, "p95": 61041.46142571847, "p99": 61041.46142571847, "max": 61041.46142571847}}
{"target_qps": 5.0, "actual_qps": 4.999922669362642, "success_rate": 100.0, "input_tokens": 3913, "output_tokens": 199, "model": "QwQ-32B", "input_tokens_per_minute": 1224325.253978606, "output_tokens_per_minute": 62426.32189744512, "slo_seconds": 5.0, "slo_attainment": 2.229299363057325, "ttft_slo_ms": 1000, "ttft_slo_attainment": 100.0, "tpot_slo_ms": 50, "tpot_slo_attainment": 97.77070063694268, "Latency": {"unit": "s", "min": 3.8125583559958613, "p50": 8.08250165500067, "p90": 9.46330461630423, "p95": 9.900914062245283, "p99": 10.813750678953149, "max": 11.362133069997071}, "Throughput": {"unit": "tokens/s", "min": 15.212881898262795, "p50": 24.72806037459715, "p90": 31.646470783433664, "p95": 36.6248368962332, "p99": 40.99040807572874, "max": 44.63342158774097}, "TTFT": {"unit": "s", "min": 0.07189049300359329, "p50": 0.3618278639987693, "p90": 0.5072780446003889, "p95": 0.5246985369049069, "p99": 0.5486714594338992, "max": 0.6230099740059813}, "TPOT": {"unit": "ms", "min": 20.982230799000632, "p50": 39.27907139950548, "p90": 45.99112347082451, "p95": 47.97175488517436, "p99": 53.88431999518977, "max": 58.654904508761035}, "Input Tokens per Minute": {"unit": "tokens/min", "min": 1224325.253978606, "p50": 1224325.253978606, "p90": 1224325.253978606, "p95": 1224325.253978606, "p99": 1224325.253978606, "max": 1224325.253978606}, "Output Tokens per Minute": {"unit": "tokens/min", "min": 62426.32189744512, "p50": 62426.32189744512, "p90": 62426.32189744512, "p95": 62426.32189744512, "p99": 62426.32189744512, "max": 62426.32189744512}}
