{"target_qps": 2.0, "actual_qps": 1.9991669682487188, "success_rate": 100.0, "input_tokens": 4021, "output_tokens": 199, "model": "QwQ-32B", "input_tokens_per_minute": 482636.39999999997, "output_tokens_per_minute": 23905.2, "slo_seconds": 5.0, "slo_attainment": 0.0, "ttft_slo_ms": 1000, "ttft_slo_attainment": 87.0, "tpot_slo_ms": 50, "tpot_slo_attainment": 74.0, "Latency": {"unit": "s", "min": 5.6514271889973315, "p50": 9.276360444000602, "p90": 12.500837384704937, "p95": 13.277694686947505, "p99": 14.790040253521076, "max": 15.078563925002527}, "Throughput": {"unit": "tokens/s", "min": 13.263862592933663, "p50": 21.385385803885598, "p90": 30.881853486181058, "p95": 31.932783557989058, "p99": 33.9569976625905, "max": 35.38929075992992}, "TTFT": {"unit": "s", "min": 0.14325563699821942, "p50": 0.5206835874960234, "p90": 1.1084173433002438, "p95": 1.4682110879992252, "p99": 2.1495247502499977, "max": 4.783174849006173}, "TPOT": {"unit": "ms", "min": 25.058873296477223, "p50": 44.85176409045252, "p90": 59.526447826135325, "p95": 61.21960621834358, "p99": 71.22681014348966, "max": 73.20532044221767}, "Input Tokens per Minute": {"unit": "tokens/min", "min": 482636.39999999997, "p50": 482636.39999999997, "p90": 482636.39999999997, "p95": 482636.39999999997, "p99": 482636.39999999997, "max": 482636.39999999997}, "Output Tokens per Minute": {"unit": "tokens/min", "min": 23905.2, "p50": 23905.2, "p90": 23905.2, "p95": 23905.2, "p99": 23905.2, "max": 23905.2}}
{"target_qps": 2.0, "actual_qps": 1.9998750884686605, "success_rate": 100.0, "input_tokens": 4033, "output_tokens": 200, "model": "QwQ-32B", "input_tokens_per_minute": 499944.67833525076, "output_tokens_per_minute": 24789.670406284113, "slo_seconds": 5.0, "slo_attainment": 0.0, "ttft_slo_ms": 1000, "ttft_slo_attainment": 98.38709677419355, "tpot_slo_ms": 50, "tpot_slo_attainment": 89.51612903225806, "Latency": {"unit": "s", "min": 5.333815901998605, "p50": 8.863897352501226, "p90": 10.463918277101039, "p95": 10.96942653955448, "p99": 11.58434445089253, "max": 12.376240370998858}, "Throughput": {"unit": "tokens/s", "min": 16.1599964128572, "p50": 22.56361001832191, "p90": 27.209661866161333, "p95": 27.700749736332547, "p99": 30.5047895302887, "max": 37.4966072460542}, "TTFT": {"unit": "s", "min": 0.08868451000307687, "p50": 0.3946941540016269, "p90": 0.5573120999957609, "p95": 0.6307750597497941, "p99": 0.9838596882496481, "max": 1.2398103110026568}, "TPOT": {"unit": "ms", "min": 25.89702389951668, "p50": 42.76020141206851, "p90": 50.257003962814906, "p95": 53.04124876407083, "p99": 55.50942498973166, "max": 56.62784281912308}, "Input Tokens per Minute": {"unit": "tokens/min", "min": 499944.67833525076, "p50": 499944.67833525076, "p90": 499944.67833525076, "p95": 499944.67833525076, "p99": 499944.67833525076, "max": 499944.67833525076}, "Output Tokens per Minute": {"unit": "tokens/min", "min": 24789.670406284113, "p50": 24789.670406284113, "p90": 24789.670406284113, "p95": 24789.670406284113, "p99": 24789.670406284113, "max": 24789.670406284113}}
{"target_qps": 2.0, "actual_qps": 1.9999863164269032, "success_rate": 100.0, "input_tokens": 3921, "output_tokens": 200, "model": "QwQ-32B", "input_tokens_per_minute": 470628.0, "output_tokens_per_minute": 24000.0, "slo_seconds": 5.0, "slo_attainment": 0.0, "ttft_slo_ms": 1000, "ttft_slo_attainment": 100.0, "tpot_slo_ms": 50, "tpot_slo_attainment": 84.16666666666667, "Latency": {"unit": "s", "min": 6.4431600230018375, "p50": 9.046797842496744, "p90": 10.975335352999537, "p95": 11.672097188293991, "p99": 13.90338643590876, "max": 14.290086485001666}, "Throughput": {"unit": "tokens/s", "min": 13.995716555663426, "p50": 22.107419956893537, "p90": 27.6162492844285, "p95": 28.222835988690996, "p99": 30.039503994773124, "max": 31.04066937434544}, "TTFT": {"unit": "s", "min": 0.07533062400034396, "p50": 0.4286687765015813, "p90": 0.5654892750957515, "p95": 0.6217093499461044, "p99": 0.7614629054205581, "max": 0.9287955309991958}, "TPOT": {"unit": "ms", "min": 31.575115075346314, "p50": 43.69608189446451, "p90": 51.83200862661008, "p95": 57.10319230427046, "p99": 67.30586327412952, "max": 68.66494532663289}, "Input Tokens per Minute": {"unit": "tokens/min", "min": 470628.0, "p50": 470628.0, "p90": 470628.0, "p95": 470628.0, "p99": 470628.0, "max": 470628.0}, "Output Tokens per Minute": {"unit": "tokens/min", "min": 24000.0, "p50": 24000.0, "p90": 24000.0, "p95": 24000.0, "p99": 24000.0, "max": 24000.0}}
{"target_qps": 2.0, "actual_qps": 1.9999884990661643, "success_rate": 100.0, "input_tokens": 3908, "output_tokens": 200, "model": "QwQ-32B", "input_tokens_per_minute": 469070.8474576271, "output_tokens_per_minute": 24000.0, "slo_seconds": 5.0, "slo_attainment": 0.0, "ttft_slo_ms": 1000, "ttft_slo_attainment": 100.0, "tpot_slo_ms": 50, "tpot_slo_attainment": 92.37288135593221, "Latency": {"unit": "s", "min": 6.341252002996043, "p50": 8.391760506998253, "p90": 9.968201424299332, "p95": 10.51073490385097, "p99": 11.116423391921126, "max": 11.139363004993356}, "Throughput": {"unit": "tokens/s", "min": 17.954348009877005, "p50": 23.83452074402596, "p90": 28.512815296301735, "p95": 29.676214176937002, "p99": 30.974443770483166, "max": 31.539513002401772}, "TTFT": {"unit": "s", "min": 0.07288698900083546, "p50": 0.32642077900163713, "p90": 0.510365504999936, "p95": 0.5425598121535585, "p99": 0.6768178614988573, "max": 0.8107536620009341}, "TPOT": {"unit": "ms", "min": 30.080860919600184, "p50": 39.98367027638801, "p90": 48.59924276331811, "p95": 50.777619157795826, "p99": 53.94351173445386, "max": 54.07135275880081}, "Input Tokens per Minute": {"unit": "tokens/min", "min": 469070.8474576271, "p50": 469070.8474576271, "p90": 469070.8474576271, "p95": 469070.8474576271, "p99": 469070.8474576271, "max": 469070.8474576271}, "Output Tokens per Minute": {"unit": "tokens/min", "min": 24000.0, "p50": 24000.0, "p90": 24000.0, "p95": 24000.0, "p99": 24000.0, "max": 24000.0}}
{"target_qps": 2.0, "actual_qps": 1.9999804011921731, "success_rate": 100.0, "input_tokens": 3835, "output_tokens": 198, "model": "QwQ-32B", "input_tokens_per_minute": 494545.92793749506, "output_tokens_per_minute": 25561.34885602812, "slo_seconds": 5.0, "slo_attainment": 17.05426356589147, "ttft_slo_ms": 1000, "ttft_slo_attainment": 100.0, "tpot_slo_ms": 50, "tpot_slo_attainment": 96.89922480620154, "Latency": {"unit": "s", "min": 1.9253320949937915, "p50": 7.855595731001813, "p90": 9.675101383200673, "p95": 9.8831064271988, "p99": 10.850614357921295, "max": 11.329298138000013}, "Throughput": {"unit": "tokens/s", "min": 17.65334423755455, "p50": 25.262454561409868, "p90": 45.83205305329983, "p95": 50.146504216749534, "p99": 54.08328147692683, "max": 54.66564682469731}, "TTFT": {"unit": "s", "min": 0.06252754900197033, "p50": 0.35312637299648486, "p90": 0.4976105104040471, "p95": 0.5133512621963745, "p99": 0.5332259822380729, "max": 0.5632063709999784}, "TPOT": {"unit": "ms", "min": 17.554507296501388, "p50": 38.63793233165724, "p90": 46.56187101007245, "p95": 47.542714786917045, "p99": 52.13133531057185, "max": 54.27533018091388}, "Input Tokens per Minute": {"unit": "tokens/min", "min": 494545.92793749506, "p50": 494545.92793749506, "p90": 494545.92793749506, "p95": 494545.92793749506, "p99": 494545.92793749506, "max": 494545.92793749506}, "Output Tokens per Minute": {"unit": "tokens/min", "min": 25561.34885602812, "p50": 25561.34885602812, "p90": 25561.34885602812, "p95": 25561.34885602812, "p99": 25561.34885602812, "max": 25561.34885602812}}
