{"target_qps": 5.0, "actual_qps": 4.999702464289441, "success_rate": 100.0, "input_tokens": 3991, "output_tokens": 199, "model": "QwQ-32B", "input_tokens_per_minute": 1197513.779527559, "output_tokens_per_minute": 59932.67716535433, "slo_seconds": 5.0, "slo_attainment": 0.0, "ttft_slo_ms": 1000, "ttft_slo_attainment": 61.811023622047244, "tpot_slo_ms": 50, "tpot_slo_attainment": 79.13385826771653, "Latency": {"unit": "s", "min": 5.174494560997118, "p50": 9.044841513503343, "p90": 11.959803529001512, "p95": 12.856681605001357, "p99": 15.573335022870596, "max": 16.299793514001067}, "Throughput": {"unit": "tokens/s", "min": 12.270094086051188, "p50": 22.112129388168746, "p90": 30.27738570430193, "p95": 32.92508118839368, "p99": 38.173514105127666, "max": 38.651118025614515}, "TTFT": {"unit": "s", "min": 0.1593977110023843, "p50": 0.730272230997798, "p90": 2.592035501494684, "p95": 2.923548192350063, "p99": 3.5360701271525614, "max": 7.7742779520049226}, "TPOT": {"unit": "ms", "min": 21.285929381917583, "p50": 39.71649340955214, "p90": 54.83030854873816, "p95": 60.32144593743427, "p99": 74.61422881030589, "max": 78.24581875879699}, "Input Tokens per Minute": {"unit": "tokens/min", "min": 1197513.779527559, "p50": 1197513.779527559, "p90": 1197513.779527559, "p95": 1197513.779527559, "p99": 1197513.779527559, "max": 1197513.779527559}, "Output Tokens per Minute": {"unit": "tokens/min", "min": 59932.67716535433, "p50": 59932.67716535433, "p90": 59932.67716535433, "p95": 59932.67716535433, "p99": 59932.67716535433, "max": 59932.67716535433}}
{"target_qps": 5.0, "actual_qps": 4.999929454079158, "success_rate": 100.0, "input_tokens": 3902, "output_tokens": 199, "model": "QwQ-32B", "input_tokens_per_minute": 1178455.8692858357, "output_tokens_per_minute": 60297.41165982352, "slo_seconds": 5.0, "slo_attainment": 0.0, "ttft_slo_ms": 1000, "ttft_slo_attainment": 95.69536423841059, "tpot_slo_ms": 50, "tpot_slo_attainment": 90.39735099337747, "Latency": {"unit": "s", "min": 5.829456115003268, "p50": 9.086365221995948, "p90": 10.532192724599737, "p95": 11.02070108755106, "p99": 11.984433070610757, "max": 12.52233015299862}, "Throughput": {"unit": "tokens/s", "min": 15.971468373408733, "p50": 22.003695012187173, "p90": 26.70670578529498, "p95": 28.333432277688242, "p99": 31.172552756246965, "max": 34.30851799111415}, "TTFT": {"unit": "s", "min": 0.08244739099609433, "p50": 0.5204205610025383, "p90": 0.7922484591006651, "p95": 0.9298081451503091, "p99": 1.4293334519783103, "max": 1.6956536629950278}, "TPOT": {"unit": "ms", "min": 28.31340632161556, "p50": 43.110636683405716, "p90": 49.79639924774104, "p95": 51.87550962715551, "p99": 55.576125797863895, "max": 59.06534824620093}, "Input Tokens per Minute": {"unit": "tokens/min", "min": 1178455.8692858357, "p50": 1178455.8692858357, "p90": 1178455.8692858357, "p95": 1178455.8692858357, "p99": 1178455.8692858357, "max": 1178455.8692858357}, "Output Tokens per Minute": {"unit": "tokens/min", "min": 60297.41165982352, "p50": 60297.41165982352, "p90": 60297.41165982352, "p95": 60297.41165982352, "p99": 60297.41165982352, "max": 60297.41165982352}}
{"target_qps": 5.0, "actual_qps": 4.999669679323699, "success_rate": 100.0, "input_tokens": 4039, "output_tokens": 198, "model": "QwQ-32B", "input_tokens_per_minute": 1211935.2739726026, "output_tokens_per_minute": 59647.602739726026, "slo_seconds": 5.0, "slo_attainment": 0.684931506849315, "ttft_slo_ms": 1000, "ttft_slo_attainment": 97.94520547945206, "tpot_slo_ms": 50, "tpot_slo_attainment": 84.93150684931507, "Latency": {"unit": "s", "min": 2.8350934100017184, "p50": 9.136352366502251, "p90": 11.002694149198945, "p95": 12.761641722249987, "p99": 15.186372346184504, "max": 15.400400288002857}, "Throughput": {"unit": "tokens/s", "min": 12.345272249769994, "p50": 21.866365993507625, "p90": 26.51228103070806, "p95": 28.456741945856898, "p99": 32.424516457069785, "max": 33.409681320868145}, "TTFT": {"unit": "s", "min": 0.07849261900264537, "p50": 0.504790465500264, "p90": 0.74651824439934, "p95": 0.876225389996034, "p99": 1.0398023217736772, "max": 1.2784827770010452}, "TPOT": {"unit": "ms", "min": 27.503955623112446, "p50": 43.61409550000275, "p90": 52.55908632359788, "p95": 61.098166774108584, "p99": 73.1770082632064, "max": 74.43853468342711}, "Input Tokens per Minute": {"unit": "tokens/min", "min": 1211935.2739726026, "p50": 1211935.2739726026, "p90": 1211935.2739726026, "p95": 1211935.2739726026, "p99": 1211935.2739726026, "max": 1211935.2739726026}, "Output Tokens per Minute": {"unit": "tokens/min", "min": 59647.602739726026, "p50": 59647.602739726026, "p90": 59647.602739726026, "p95": 59647.602739726026, "p99": 59647.602739726026, "max": 59647.602739726026}}
{"target_qps": 5.0, "actual_qps": 4.999894853794617, "success_rate": 100.0, "input_tokens": 3871, "output_tokens": 199, "model": "QwQ-32B", "input_tokens_per_minute": 1196235.9664840263, "output_tokens_per_minute": 61600.9301189473, "slo_seconds": 5.0, "slo_attainment": 0.3236245954692557, "ttft_slo_ms": 1000, "ttft_slo_attainment": 99.67637540453075, "tpot_slo_ms": 50, "tpot_slo_attainment": 89.64401294498381, "Latency": {"unit": "s", "min": 3.191397643997334, "p50": 8.59054280500277, "p90": 10.36605921420123, "p95": 11.306856508001509, "p99": 13.643459861040762, "max": 14.848391889005143}, "Throughput": {"unit": "tokens/s", "min": 13.469472081222138, "p50": 23.278028229964267, "p90": 27.516161465562956, "p95": 28.190976607313374, "p99": 30.05743634223337, "max": 32.82023670774773}, "TTFT": {"unit": "s", "min": 0.0766413589954027, "p50": 0.4267617389996303, "p90": 0.6064169204008067, "p95": 0.7175947798023116, "p99": 0.899829580758815, "max": 1.0876151799966465}, "TPOT": {"unit": "ms", "min": 27.724960778907285, "p50": 41.412985226111346, "p90": 50.36049965125112, "p95": 54.61816882312292, "p99": 65.50429731034724, "max": 70.0855451658612}, "Input Tokens per Minute": {"unit": "tokens/min", "min": 1196235.9664840263, "p50": 1196235.9664840263, "p90": 1196235.9664840263, "p95": 1196235.9664840263, "p99": 1196235.9664840263, "max": 1196235.9664840263}, "Output Tokens per Minute": {"unit": "tokens/min", "min": 61600.9301189473, "p50": 61600.9301189473, "p90": 61600.9301189473, "p95": 61600.9301189473, "p99": 61600.9301189473, "max": 61600.9301189473}}
{"target_qps": 5.0, "actual_qps": 4.9998875581116655, "success_rate": 100.0, "input_tokens": 3889, "output_tokens": 199, "model": "QwQ-32B", "input_tokens_per_minute": 1166949.494949495, "output_tokens_per_minute": 59809.09090909091, "slo_seconds": 5.0, "slo_attainment": 0.33670033670033667, "ttft_slo_ms": 1000, "ttft_slo_attainment": 100.0, "tpot_slo_ms": 50, "tpot_slo_attainment": 97.3063973063973, "Latency": {"unit": "s", "min": 3.2959781019962975, "p50": 8.483218756999122, "p90": 9.752797558598104, "p95": 9.995451514796878, "p99": 10.618731860364207, "max": 11.430717628005368}, "Throughput": {"unit": "tokens/s", "min": 17.496714249155982, "p50": 23.565045487438322, "p90": 27.94932382823555, "p95": 28.846798226135373, "p99": 30.307310956179663, "max": 31.675121626668425}, "TTFT": {"unit": "s", "min": 0.0693982689990662, "p50": 0.3567512399968109, "p90": 0.5061651615978917, "p95": 0.5299376019975169, "p99": 0.6122440510796151, "max": 0.6456836110010045}, "TPOT": {"unit": "ms", "min": 30.415010944710243, "p50": 40.7030476783999, "p90": 47.29154187336654, "p95": 48.01405149143588, "p99": 51.2524534824033, "max": 55.08022219599745}, "Input Tokens per Minute": {"unit": "tokens/min", "min": 1166949.494949495, "p50": 1166949.494949495, "p90": 1166949.494949495, "p95": 1166949.494949495, "p99": 1166949.494949495, "max": 1166949.494949495}, "Output Tokens per Minute": {"unit": "tokens/min", "min": 59809.09090909091, "p50": 59809.09090909091, "p90": 59809.09090909091, "p95": 59809.09090909091, "p99": 59809.09090909091, "max": 59809.09090909091}}
