{"actual_qps": 5.622588784135939, "success_rate": 100.0, "input_tokens": 4054, "output_tokens": 199, "model": "QwQ-32B", "input_tokens_per_minute": 1120868.0645809174, "output_tokens_per_minute": 55034.830572293904, "slo_seconds": 5.0, "slo_attainment": 0.0, "ttft_slo_ms": 1000, "ttft_slo_attainment": 12.63537906137184, "tpot_slo_ms": 50, "tpot_slo_attainment": 41.87725631768953, "Latency": {"unit": "s", "min": 5.783143443000881, "p50": 13.499134372999833, "p90": 22.603419306999424, "p95": 24.48482002739983, "p99": 27.047758352722305, "max": 31.658610220998526}, "Throughput": {"unit": "tokens/s", "min": 6.154596636864011, "p50": 14.621418828596218, "p90": 23.478251335861707, "p95": 26.257857620216612, "p99": 28.951061338455226, "max": 31.127880335248662}, "TTFT": {"unit": "s", "min": 0.29503430100157857, "p50": 2.8280159200003254, "p90": 9.288323543799198, "p95": 12.508814045401227, "p99": 15.447426639201149, "max": 16.217683535000106}, "TPOT": {"unit": "ms", "min": 28.431357748751047, "p50": 52.212388859301264, "p90": 65.09181884120788, "p95": 70.27195914071588, "p99": 83.74507847457485, "max": 86.34370172865546}, "Input Tokens per Minute": {"unit": "tokens/min", "min": 1120868.0645809174, "p50": 1120868.0645809174, "p90": 1120868.0645809174, "p95": 1120868.0645809174, "p99": 1120868.0645809174, "max": 1120868.0645809174}, "Output Tokens per Minute": {"unit": "tokens/min", "min": 55034.830572293904, "p50": 55034.830572293904, "p90": 55034.830572293904, "p95": 55034.830572293904, "p99": 55034.830572293904, "max": 55034.830572293904}}
{"actual_qps": 4.583800329660642, "success_rate": 100.0, "input_tokens": 3930, "output_tokens": 199, "model": "QwQ-32B", "input_tokens_per_minute": 1053733.2533370093, "output_tokens_per_minute": 53463.27056442966, "slo_seconds": 5.0, "slo_attainment": 0.36900369003690037, "ttft_slo_ms": 1000, "ttft_slo_attainment": 23.616236162361623, "tpot_slo_ms": 50, "tpot_slo_attainment": 89.2988929889299, "Latency": {"unit": "s", "min": 4.986758844999713, "p50": 9.665086417000566, "p90": 13.5751722290006, "p95": 14.406616163500075, "p99": 16.24716946969967, "max": 18.28509596100048}, "Throughput": {"unit": "tokens/s", "min": 10.937869860052782, "p50": 20.67964691928461, "p90": 28.991816100853736, "p95": 31.216693093053028, "p99": 35.3381123196069, "max": 40.106210509967326}, "TTFT": {"unit": "s", "min": 0.2757420399975672, "p50": 1.791872677000356, "p90": 4.14237827100078, "p95": 5.3581846529978066, "p99": 7.8358265597992, "max": 10.864278954999463}, "TPOT": {"unit": "ms", "min": 22.59879207537125, "p50": 39.22493772864726, "p90": 50.20505071356021, "p95": 52.488555899493186, "p99": 56.41044735025596, "max": 58.216706989943624}, "Input Tokens per Minute": {"unit": "tokens/min", "min": 1053733.2533370093, "p50": 1053733.2533370093, "p90": 1053733.2533370093, "p95": 1053733.2533370093, "p99": 1053733.2533370093, "max": 1053733.2533370093}, "Output Tokens per Minute": {"unit": "tokens/min", "min": 53463.27056442966, "p50": 53463.27056442966, "p90": 53463.27056442966, "p95": 53463.27056442966, "p99": 53463.27056442966, "max": 53463.27056442966}}
{"actual_qps": 4.711384206319573, "success_rate": 100.0, "input_tokens": 4044, "output_tokens": 199, "model": "QwQ-32B", "input_tokens_per_minute": 1140391.812303187, "output_tokens_per_minute": 56272.90932764611, "slo_seconds": 5.0, "slo_attainment": 0.3508771929824561, "ttft_slo_ms": 1000, "ttft_slo_attainment": 37.54385964912281, "tpot_slo_ms": 50, "tpot_slo_attainment": 71.57894736842105, "Latency": {"unit": "s", "min": 4.9369659579970175, "p50": 9.773888965999504, "p90": 13.406818815800943, "p95": 14.313608691598347, "p99": 15.929881256561057, "max": 16.018931066999357}, "Throughput": {"unit": "tokens/s", "min": 12.485227582508331, "p50": 20.30008842823786, "p90": 28.67091329472125, "p95": 31.821775658147644, "p99": 35.96770041342794, "max": 40.51071076883468}, "TTFT": {"unit": "s", "min": 0.14069030900282087, "p50": 1.1558013489993755, "p90": 3.1213457771998945, "p95": 4.083817112400721, "p99": 5.490219637919946, "max": 6.023428100001183}, "TPOT": {"unit": "ms", "min": 18.27983868342149, "p50": 42.75720551759973, "p90": 55.726660082412, "p95": 58.379342109555054, "p99": 63.900442108935025, "max": 65.86292366331298}, "Input Tokens per Minute": {"unit": "tokens/min", "min": 1140391.812303187, "p50": 1140391.812303187, "p90": 1140391.812303187, "p95": 1140391.812303187, "p99": 1140391.812303187, "max": 1140391.812303187}, "Output Tokens per Minute": {"unit": "tokens/min", "min": 56272.90932764611, "p50": 56272.90932764611, "p90": 56272.90932764611, "p95": 56272.90932764611, "p99": 56272.90932764611, "max": 56272.90932764611}}
{"actual_qps": 4.819714110146382, "success_rate": 100.0, "input_tokens": 4005, "output_tokens": 199, "model": "QwQ-32B", "input_tokens_per_minute": 1335526.0584644456, "output_tokens_per_minute": 66435.33274030754, "slo_seconds": 5.0, "slo_attainment": 0.2949852507374631, "ttft_slo_ms": 1000, "ttft_slo_attainment": 75.22123893805309, "tpot_slo_ms": 50, "tpot_slo_attainment": 79.05604719764013, "Latency": {"unit": "s", "min": 2.422539261999191, "p50": 8.906767361000675, "p90": 14.821399901601398, "p95": 17.644634038000365, "p99": 21.085992197901145, "max": 22.00627918399914}, "Throughput": {"unit": "tokens/s", "min": 9.08831512713975, "p50": 22.45483595717605, "p90": 29.332636197415198, "p95": 31.386975801411175, "p99": 34.99875798805433, "max": 37.062779470954524}, "TTFT": {"unit": "s", "min": 0.07623066900123376, "p50": 0.535938637000072, "p90": 3.880182420800701, "p95": 6.360026538699806, "p99": 8.178359115840358, "max": 10.086569496997981}, "TPOT": {"unit": "ms", "min": 23.619463409059705, "p50": 42.187624105519085, "p90": 55.166116325625204, "p95": 61.590676450748035, "p99": 69.89178982963861, "max": 76.92496513568105}, "Input Tokens per Minute": {"unit": "tokens/min", "min": 1335526.0584644456, "p50": 1335526.0584644456, "p90": 1335526.0584644456, "p95": 1335526.0584644456, "p99": 1335526.0584644456, "max": 1335526.0584644456}, "Output Tokens per Minute": {"unit": "tokens/min", "min": 66435.33274030754, "p50": 66435.33274030754, "p90": 66435.33274030754, "p95": 66435.33274030754, "p99": 66435.33274030754, "max": 66435.33274030754}}
{"actual_qps": 5.475415954259452, "success_rate": 100.0, "input_tokens": 3881, "output_tokens": 200, "model": "QwQ-32B", "input_tokens_per_minute": 1252325.3337663442, "output_tokens_per_minute": 64524.66226336887, "slo_seconds": 5.0, "slo_attainment": 2.4390243902439024, "ttft_slo_ms": 1000, "ttft_slo_attainment": 99.6951219512195, "tpot_slo_ms": 50, "tpot_slo_attainment": 90.85365853658537, "Latency": {"unit": "s", "min": 4.417953481999575, "p50": 8.140134887500608, "p90": 10.509361036499104, "p95": 10.892159928501314, "p99": 11.826645369059298, "max": 12.045151717000408}, "Throughput": {"unit": "tokens/s", "min": 16.60419102216222, "p50": 24.569844327730607, "p90": 34.41194181632715, "p95": 36.8458275419885, "p99": 40.99258708036431, "max": 45.269829303290805}, "TTFT": {"unit": "s", "min": 0.07507811799951014, "p50": 0.4957489255011751, "p90": 0.8161421311997403, "p95": 0.9237941166014934, "p99": 0.967059990049711, "max": 1.2867041770005017}, "TPOT": {"unit": "ms", "min": 21.389137427128055, "p50": 38.58901877135199, "p90": 49.04187585176151, "p95": 51.99709762387033, "p99": 56.34123414371382, "max": 58.99947972863798}, "Input Tokens per Minute": {"unit": "tokens/min", "min": 1252325.3337663442, "p50": 1252325.3337663442, "p90": 1252325.3337663442, "p95": 1252325.3337663442, "p99": 1252325.3337663442, "max": 1252325.3337663442}, "Output Tokens per Minute": {"unit": "tokens/min", "min": 64524.66226336887, "p50": 64524.66226336887, "p90": 64524.66226336887, "p95": 64524.66226336887, "p99": 64524.66226336887, "max": 64524.66226336887}}
