{"target_qps": 5.0, "actual_qps": 4.994633790678191, "success_rate": 100.0, "input_tokens": 4061, "output_tokens": 199, "model": "QwQ-32B", "input_tokens_per_minute": 1218568.8888888888, "output_tokens_per_minute": 59985.555555555555, "slo_seconds": 5.0, "slo_attainment": 5.185185185185185, "ttft_slo_ms": 1000, "ttft_slo_attainment": 32.96296296296296, "tpot_slo_ms": 50, "tpot_slo_attainment": 93.7037037037037, "Latency": {"unit": "s", "min": 4.215602301000217, "p50": 8.560163169500356, "p90": 13.43303800169997, "p95": 15.445929086649674, "p99": 18.20165811570993, "max": 22.70391933800056}, "Throughput": {"unit": "tokens/s", "min": 8.809051733426973, "p50": 23.36417018890561, "p90": 36.86800351298093, "p95": 40.06862811629838, "p99": 46.421725149426756, "max": 47.442805492478946}, "TTFT": {"unit": "s", "min": 0.07598825100012618, "p50": 1.940018285500173, "p90": 5.082424231600543, "p95": 6.289619433750067, "p99": 8.397931866389673, "max": 13.497661850999975}, "TPOT": {"unit": "ms", "min": 18.89268447235855, "p50": 32.85426123618287, "p90": 46.26897302512808, "p95": 51.21012673869645, "p99": 58.18727571949838, "max": 65.03995021608058}, "Input Tokens per Minute": {"unit": "tokens/min", "min": 1218568.8888888888, "p50": 1218568.8888888888, "p90": 1218568.8888888888, "p95": 1218568.8888888888, "p99": 1218568.8888888888, "max": 1218568.8888888888}, "Output Tokens per Minute": {"unit": "tokens/min", "min": 59985.555555555555, "p50": 59985.555555555555, "p90": 59985.555555555555, "p95": 59985.555555555555, "p99": 59985.555555555555, "max": 59985.555555555555}}
{"target_qps": 5.0, "actual_qps": 4.997091973807572, "success_rate": 100.0, "input_tokens": 3922, "output_tokens": 200, "model": "QwQ-32B", "input_tokens_per_minute": 1176673.2203389832, "output_tokens_per_minute": 60000.0, "slo_seconds": 5.0, "slo_attainment": 23.389830508474578, "ttft_slo_ms": 1000, "ttft_slo_attainment": 91.86440677966101, "tpot_slo_ms": 50, "tpot_slo_attainment": 98.30508474576271, "Latency": {"unit": "s", "min": 3.6123986120001064, "p50": 5.917789995000021, "p90": 8.184041414000239, "p95": 9.406476385399856, "p99": 11.16166600297951, "max": 11.727976805999788}, "Throughput": {"unit": "tokens/s", "min": 17.05323972824402, "p50": 33.79640037395401, "p90": 44.33711256828408, "p95": 47.6380020345127, "p99": 50.698374416294115, "max": 55.364875663393185}, "TTFT": {"unit": "s", "min": 0.06085992400039686, "p50": 0.5066505249997135, "p90": 0.941905924199637, "p95": 1.3018105707996257, "p99": 2.1938729178594074, "max": 2.747089949999463}, "TPOT": {"unit": "ms", "min": 17.845786376884423, "p50": 27.037957582914387, "p90": 38.03955390954871, "p95": 40.04852755226248, "p99": 52.46360615256035, "max": 55.12628666331889}, "Input Tokens per Minute": {"unit": "tokens/min", "min": 1176673.2203389832, "p50": 1176673.2203389832, "p90": 1176673.2203389832, "p95": 1176673.2203389832, "p99": 1176673.2203389832, "max": 1176673.2203389832}, "Output Tokens per Minute": {"unit": "tokens/min", "min": 60000.0, "p50": 60000.0, "p90": 60000.0, "p95": 60000.0, "p99": 60000.0, "max": 60000.0}}
{"target_qps": 5.0, "actual_qps": 4.990305935820088, "success_rate": 100.0, "input_tokens": 4081, "output_tokens": 200, "model": "QwQ-32B", "input_tokens_per_minute": 1224358.389261745, "output_tokens_per_minute": 60000.0, "slo_seconds": 5.0, "slo_attainment": 26.845637583892618, "ttft_slo_ms": 1000, "ttft_slo_attainment": 95.9731543624161, "tpot_slo_ms": 50, "tpot_slo_attainment": 97.6510067114094, "Latency": {"unit": "s", "min": 3.803259703000549, "p50": 5.945260210000015, "p90": 8.093495910700495, "p95": 9.35647066814945, "p99": 11.013191630580408, "max": 11.44045360600012}, "Throughput": {"unit": "tokens/s", "min": 17.481824312901978, "p50": 33.640243335217804, "p90": 44.69445770480587, "p95": 46.95669466204022, "p99": 50.055284862735576, "max": 52.58646940207941}, "TTFT": {"unit": "s", "min": 0.06393662899972696, "p50": 0.523836613000185, "p90": 0.8852480103001653, "p95": 0.9807777736995831, "p99": 1.2318565840404874, "max": 1.3507767579994834}, "TPOT": {"unit": "ms", "min": 17.70905649246473, "p50": 27.13498998492473, "p90": 39.0585210190981, "p95": 43.54688154949876, "p99": 52.04657005396789, "max": 54.71539164321728}, "Input Tokens per Minute": {"unit": "tokens/min", "min": 1224358.389261745, "p50": 1224358.389261745, "p90": 1224358.389261745, "p95": 1224358.389261745, "p99": 1224358.389261745, "max": 1224358.389261745}, "Output Tokens per Minute": {"unit": "tokens/min", "min": 60000.0, "p50": 60000.0, "p90": 60000.0, "p95": 60000.0, "p99": 60000.0, "max": 60000.0}}
{"target_qps": 5.0, "actual_qps": 4.999955155735563, "success_rate": 100.0, "input_tokens": 3987, "output_tokens": 199, "model": "QwQ-32B", "input_tokens_per_minute": 1229677.2546244226, "output_tokens_per_minute": 61583.369431581385, "slo_seconds": 5.0, "slo_attainment": 21.68284789644013, "ttft_slo_ms": 1000, "ttft_slo_attainment": 81.55339805825243, "tpot_slo_ms": 50, "tpot_slo_attainment": 100.0, "Latency": {"unit": "s", "min": 2.7168343949997507, "p50": 6.083728710000287, "p90": 8.176513337600227, "p95": 8.60505387940011, "p99": 9.828535813040295, "max": 10.57180869199965}, "Throughput": {"unit": "tokens/s", "min": 18.91823866916477, "p50": 32.87457569750683, "p90": 44.76488918159349, "p95": 48.39472512863724, "p99": 51.24222345185194, "max": 52.97628515112101}, "TTFT": {"unit": "s", "min": 0.03845439799988526, "p50": 0.5203336280001167, "p90": 1.3355496075997506, "p95": 1.789004013399966, "p99": 3.0956965737601543, "max": 3.8423729500000263}, "TPOT": {"unit": "ms", "min": 15.953367723620007, "p50": 27.120175261307534, "p90": 37.154135944725546, "p95": 39.20479224422189, "p99": 45.327646186331336, "max": 47.78924126130458}, "Input Tokens per Minute": {"unit": "tokens/min", "min": 1229677.2546244226, "p50": 1229677.2546244226, "p90": 1229677.2546244226, "p95": 1229677.2546244226, "p99": 1229677.2546244226, "max": 1229677.2546244226}, "Output Tokens per Minute": {"unit": "tokens/min", "min": 61583.369431581385, "p50": 61583.369431581385, "p90": 61583.369431581385, "p95": 61583.369431581385, "p99": 61583.369431581385, "max": 61583.369431581385}}
{"target_qps": 5.0, "actual_qps": 4.999971126083438, "success_rate": 100.0, "input_tokens": 3899, "output_tokens": 199, "model": "QwQ-32B", "input_tokens_per_minute": 1169950.8361204013, "output_tokens_per_minute": 59837.45819397993, "slo_seconds": 5.0, "slo_attainment": 31.103678929765888, "ttft_slo_ms": 1000, "ttft_slo_attainment": 99.66555183946488, "tpot_slo_ms": 50, "tpot_slo_attainment": 98.66220735785953, "Latency": {"unit": "s", "min": 1.5962507399999595, "p50": 5.774301644999468, "p90": 7.826997772999856, "p95": 8.703435591699506, "p99": 10.36506550164, "max": 10.888229618999503}, "Throughput": {"unit": "tokens/s", "min": 18.36845906069141, "p50": 34.583271135819516, "p90": 48.017349320420536, "p95": 53.09059727724399, "p99": 55.09617756729049, "max": 56.01542159676339}, "TTFT": {"unit": "s", "min": 0.03302918600002158, "p50": 0.2606167459998687, "p90": 0.5415810575996147, "p95": 0.7189121675995008, "p99": 0.8901128987997979, "max": 1.339774670999759}, "TPOT": {"unit": "ms", "min": 17.593504040203367, "p50": 27.22817719598027, "p90": 38.207738471356976, "p95": 41.62591599899414, "p99": 50.40921898060211, "max": 53.23346151256296}, "Input Tokens per Minute": {"unit": "tokens/min", "min": 1169950.8361204013, "p50": 1169950.8361204013, "p90": 1169950.8361204013, "p95": 1169950.8361204013, "p99": 1169950.8361204013, "max": 1169950.8361204013}, "Output Tokens per Minute": {"unit": "tokens/min", "min": 59837.45819397993, "p50": 59837.45819397993, "p90": 59837.45819397993, "p95": 59837.45819397993, "p99": 59837.45819397993, "max": 59837.45819397993}}
{"target_qps": 5.0, "actual_qps": 4.999921943801839, "success_rate": 100.0, "input_tokens": 3959, "output_tokens": 200, "model": "QwQ-32B", "input_tokens_per_minute": 1213077.5009595107, "output_tokens_per_minute": 61280.95689187069, "slo_seconds": 5.0,