{"target_qps": 1.0, "actual_qps": 0.9999268988608406, "success_rate": 100.0, "input_tokens": 4089, "output_tokens": 200, "model": "QwQ-32B", "input_tokens_per_minute": 245387.54716981133, "output_tokens_per_minute": 12000.0, "slo_seconds": 5.0, "slo_attainment": 39.62264150943396, "ttft_slo_ms": 1000, "ttft_slo_attainment": 77.35849056603774, "tpot_slo_ms": 50, "tpot_slo_attainment": 96.22641509433963, "Latency": {"unit": "s", "min": 3.6079567550004867, "p50": 5.657225943000412, "p90": 9.763127826599884, "p95": 11.803660877999755, "p99": 16.507558239119987, "max": 20.236623237999993}, "Throughput": {"unit": "tokens/s", "min": 9.883071777728379, "p50": 35.353016127534474, "p90": 49.02405572120635, "p95": 50.927000490144216, "p99": 54.8495762390531, "max": 55.433036918418665}, "TTFT": {"unit": "s", "min": 0.06121182999959274, "p50": 0.5057828889994198, "p90": 1.329302630199891, "p95": 2.0485724961999945, "p99": 7.1654961102797525, "max": 12.16081448299974}, "TPOT": {"unit": "ms", "min": 17.584700648238588, "p50": 25.856995135677725, "p90": 41.049597318593975, "p95": 47.77074841708575, "p99": 56.3759025686449, "max": 61.01257178392161}, "Input Tokens per Minute": {"unit": "tokens/min", "min": 245387.54716981133, "p50": 245387.54716981133, "p90": 245387.54716981133, "p95": 245387.54716981133, "p99": 245387.54716981133, "max": 245387.54716981133}, "Output Tokens per Minute": {"unit": "tokens/min", "min": 12000.0, "p50": 12000.0, "p90": 12000.0, "p95": 12000.0, "p99": 12000.0, "max": 12000.0}}
{"target_qps": 1.0, "actual_qps": 0.9999869034215175, "success_rate": 100.0, "input_tokens": 4192, "output_tokens": 197, "model": "QwQ-32B", "input_tokens_per_minute": 259895.99991741538, "output_tokens_per_minute": 12213.107142686307, "slo_seconds": 5.0, "slo_attainment": 66.12903225806451, "ttft_slo_ms": 1000, "ttft_slo_attainment": 100.0, "tpot_slo_ms": 50, "tpot_slo_attainment": 100.0, "Latency": {"unit": "s", "min": 2.7203693910005313, "p50": 4.588309288000346, "p90": 5.4794948526004195, "p95": 5.77296390455017, "p99": 6.2194475238297855, "max": 6.379478520999328}, "Throughput": {"unit": "tokens/s", "min": 27.937382419983695, "p50": 42.963194603391, "p90": 51.97952684175475, "p95": 53.65165992267553, "p99": 55.894943041241945, "max": 56.74226015825027}, "TTFT": {"unit": "s", "min": 0.04760899499979132, "p50": 0.4078726900002039, "p90": 0.5136965926999437, "p95": 0.5653210199495332, "p99": 0.6597998028996972, "max": 0.6721612149995053}, "TPOT": {"unit": "ms", "min": 17.453595427135195, "p50": 21.665655113066357, "p90": 25.63988359396849, "p95": 26.85786997663607, "p99": 29.920362850491905, "max": 30.071249005021713}, "Input Tokens per Minute": {"unit": "tokens/min", "min": 259895.99991741538, "p50": 259895.99991741538, "p90": 259895.99991741538, "p95": 259895.99991741538, "p99": 259895.99991741538, "max": 259895.99991741538}, "Output Tokens per Minute": {"unit": "tokens/min", "min": 12213.107142686307, "p50": 12213.107142686307, "p90": 12213.107142686307, "p95": 12213.107142686307, "p99": 12213.107142686307, "max": 12213.107142686307}}
{"target_qps": 1.0, "actual_qps": 0.9999651058009789, "success_rate": 100.0, "input_tokens": 3821, "output_tokens": 200, "model": "QwQ-32B", "input_tokens_per_minute": 229278.30508474578, "output_tokens_per_minute": 12000.0, "slo_seconds": 5.0, "slo_attainment": 79.66101694915254, "ttft_slo_ms": 1000, "ttft_slo_attainment": 100.0, "tpot_slo_ms": 50, "tpot_slo_attainment": 100.0, "Latency": {"unit": "s", "min": 3.5754211359999317, "p50": 4.406127191000451, "p90": 5.225925734999692, "p95": 5.628583791500205, "p99": 5.945446360680091, "max": 6.346896582000227}, "Throughput": {"unit": "tokens/s", "min": 31.511463502839987, "p50": 45.39133604869636, "p90": 54.63489007756347, "p95": 55.58665133287143, "p99": 55.810136660760584, "max": 55.93746649485708}, "TTFT": {"unit": "s", "min": 0.038864739000018744, "p50": 0.23612425400006032, "p90": 0.5132150121997257, "p95": 0.5699161803995594, "p99": 0.7661424588597222, "max": 0.8460468739995122}, "TPOT": {"unit": "ms", "min": 17.186792939698428, "p50": 20.237208226132484, "p90": 24.305792699498905, "p95": 25.94931220100668, "p99": 28.41793639658218, "max": 29.458518989947642}, "Input Tokens per Minute": {"unit": "tokens/min", "min": 229278.30508474578, "p50": 229278.30508474578, "p90": 229278.30508474578, "p95": 229278.30508474578, "p99": 229278.30508474578, "max": 229278.30508474578}, "Output Tokens per Minute": {"unit": "tokens/min", "min": 12000.0, "p50": 12000.0, "p90": 12000.0, "p95": 12000.0, "p99": 12000.0, "max": 12000.0}}
{"target_qps": 1.0, "actual_qps": 0.9999905805887211, "success_rate": 100.0, "input_tokens": 4262, "output_tokens": 198, "model": "QwQ-32B", "input_tokens_per_minute": 264255.6811964486, "output_tokens_per_minute": 12308.100198078087, "slo_seconds": 5.0, "slo_attainment": 80.64516129032258, "ttft_slo_ms": 1000, "ttft_slo_attainment": 98.38709677419355, "tpot_slo_ms": 50, "tpot_slo_attainment": 100.0, "Latency": {"unit": "s", "min": 2.8881051319995095, "p50": 4.225218992000009, "p90": 5.497344827599318, "p95": 5.891389676850349, "p99": 6.1492782809902025, "max": 6.3260702750003475}, "Throughput": {"unit": "tokens/s", "min": 31.61520364235742, "p50": 47.18703521715551, "p90": 54.492153870015066, "p95": 55.49712489905099, "p99": 55.878908287758705, "max": 56.01667729635762}, "TTFT": {"unit": "s", "min": 0.03667279799992684, "p50": 0.3900357154998346, "p90": 0.5075224835005429, "p95": 0.700108209750533, "p99": 0.9405282983799317, "max": 1.0171191919998819}, "TPOT": {"unit": "ms", "min": 17.341044572861588, "p50": 20.844306211054015, "p90": 25.12762300552982, "p95": 26.489245634170558, "p99": 28.458122192261463, "max": 28.77126932160984}, "Input Tokens per Minute": {"unit": "tokens/min", "min": 264255.6811964486, "p50": 264255.6811964486, "p90": 264255.6811964486, "p95": 264255.6811964486, "p99": 264255.6811964486, "max": 264255.6811964486}, "Output Tokens per Minute": {"unit": "tokens/min", "min": 12308.100198078087, "p50": 12308.100198078087, "p90": 12308.100198078087, "p95": 12308.100198078087, "p99": 12308.100198078087, "max": 12308.100198078087}}
{"target_qps": 1.0, "actual_qps": 0.9999963589465944, "success_rate": 100.0, "input_tokens": 3831, "output_tokens": 200, "model": "QwQ-32B", "input_tokens_per_minute": 229871.18644067796, "output_tokens_per_minute": 12000.0, "slo_seconds": 5.0, "slo_attainment": 79.66101694915254, "ttft_slo_ms": 1000, "ttft_slo_attainment": 100.0, "tpot_slo_ms": 50, "tpot_slo_attainment": 100.0, "Latency": {"unit": "s", "min": 3.508589375000156, "p50": 4.289761614000781, "p90": 5.580711334999433, "p95": 6.049943271600112, "p99": 6.404661985319927, "max": 6.504363373999695}, "Throughput": {"unit": "tokens/s", "min": 30.74858960055533, "p50": 46.622637338925, "p90": 55.371934073001306, "p95": 55.85487918966788, "p99": 56.91904475876431, "max": 57.002965757425265}, "TTFT": {"unit": "s", "min": 0.039908271999593126, "p50": 0.24141971900007775, "p90": 0.47771958839966827, "p95": 0.4899051562001659, "p99": 0.6918354412199557, "max": 0.8905875159998686}, "TPOT": {"unit": "ms", "min": 17.42661331658081, "p50": 20.338673557791168, "p90": 26.06352787336815, "p95": 29.175846562811873, "p99": 30.287981106832845, "max": 30.889933095475946}, "Input Tokens per Minute": {"unit": "tokens/min", "min": 229871.18644067796, "p50": 229871.18644067796, "p90": 229871.18644067796, "p95": 229871.18644067796, "p99": 229871.18644067796, "max": 229871.18644067796}, "Output Tokens per Minute": {"unit": "tokens/min", "min": 12000.0, "p50": 12000.0, "p90": 12000.0, "p95": 12000.0, "p99": 12000.0, "max": 12000.0}}
{"target_qps": 1.0, "actual_qps": 0.9999870960165194, "success_rate": 100.0, "input_tokens": 4197, "output_tokens": 200, "model": "QwQ-32B", "input_tokens_per_minute": 256009.2840615433, "output_tokens_per_minute": 12199.108166102256, "slo_seconds": 5.0, "slo_attainment": 83.60655737704919, "ttft_slo_ms": 1000, "ttft_slo_attainment": 98.36065573770492,