{"actual_qps": 1.2975568762751095, "success_rate": 100.0, "input_tokens": 3910, "output_tokens": 199, "model": "QwQ-32B", "input_tokens_per_minute": 258205.2774980422, "output_tokens_per_minute": 13161.168670370194, "slo_seconds": 5.0, "slo_attainment": 2.9850746268656714, "ttft_slo_ms": 1000, "ttft_slo_attainment": 37.3134328358209, "tpot_slo_ms": 50, "tpot_slo_attainment": 97.01492537313433, "Latency": {"unit": "s", "min": 4.240084118999221, "p50": 9.093246730000828, "p90": 12.088966858401545, "p95": 12.370633106500826, "p99": 15.544661023239343, "max": 21.216674679999414}, "Throughput": {"unit": "tokens/s", "min": 9.426547892942738, "p50": 21.994344367688985, "p90": 33.51573048792742, "p95": 37.155199621596346, "p99": 42.784595293073636, "max": 47.1688755191974}, "TTFT": {"unit": "s", "min": 0.08311989700086997, "p50": 1.5308175860009214, "p90": 3.541850786200666, "p95": 4.199025425200306, "p99": 7.163823168459807, "max": 11.491803903998516}, "TPOT": {"unit": "ms", "min": 20.598880507537643, "p50": 37.467346864319715, "p90": 47.292829980891945, "p95": 48.858759084423724, "p99": 51.42130231061338, "max": 53.127757216083154}, "Input Tokens per Minute": {"unit": "tokens/min", "min": 258205.2774980422, "p50": 258205.2774980422, "p90": 258205.2774980422, "p95": 258205.2774980422, "p99": 258205.2774980422, "max": 258205.2774980422}, "Output Tokens per Minute": {"unit": "tokens/min", "min": 13161.168670370194, "p50": 13161.168670370194, "p90": 13161.168670370194, "p95": 13161.168670370194, "p99": 13161.168670370194, "max": 13161.168670370194}}
{"actual_qps": 1.4236167391077696, "success_rate": 100.0, "input_tokens": 3750, "output_tokens": 198, "model": "QwQ-32B", "input_tokens_per_minute": 331254.9080378091, "output_tokens_per_minute": 17503.69135658891, "slo_seconds": 5.0, "slo_attainment": 10.989010989010989, "ttft_slo_ms": 1000, "ttft_slo_attainment": 61.53846153846154, "tpot_slo_ms": 50, "tpot_slo_attainment": 98.9010989010989, "Latency": {"unit": "s", "min": 1.5744753049984865, "p50": 6.843564548998984, "p90": 9.652216423000937, "p95": 10.014772279499084, "p99": 10.802616412598944, "max": 10.965292444001534}, "Throughput": {"unit": "tokens/s", "min": 18.239367624837787, "p50": 29.131344795794483, "p90": 38.08315510082041, "p95": 42.20572315485343, "p99": 45.185733275257554, "max": 50.4628234692112}, "TTFT": {"unit": "s", "min": 0.0865851919988927, "p50": 0.7066774749982869, "p90": 1.5958197619984276, "p95": 1.9949663819988928, "p99": 3.0925980600983145, "max": 3.411623571999371}, "TPOT": {"unit": "ms", "min": 18.429453753778212, "p50": 29.98587938694543, "p90": 40.8902850904452, "p95": 45.587620271348825, "p99": 50.051537210062286, "max": 52.11571528643297}, "Input Tokens per Minute": {"unit": "tokens/min", "min": 331254.9080378091, "p50": 331254.9080378091, "p90": 331254.9080378091, "p95": 331254.9080378091, "p99": 331254.9080378091, "max": 331254.9080378091}, "Output Tokens per Minute": {"unit": "tokens/min", "min": 17503.69135658891, "p50": 17503.69135658891, "p90": 17503.69135658891, "p95": 17503.69135658891, "p99": 17503.69135658891, "max": 17503.69135658891}}
{"actual_qps": 1.311860007727055, "success_rate": 100.0, "input_tokens": 4180, "output_tokens": 199, "model": "QwQ-32B", "input_tokens_per_minute": 340864.3210267865, "output_tokens_per_minute": 16245.731838031867, "slo_seconds": 5.0, "slo_attainment": 7.142857142857142, "ttft_slo_ms": 1000, "ttft_slo_attainment": 63.095238095238095, "tpot_slo_ms": 50, "tpot_slo_attainment": 97.61904761904762, "Latency": {"unit": "s", "min": 3.88117600500118, "p50": 7.222929507999652, "p90": 8.85936007399978, "p95": 9.490785361851522, "p99": 11.45803136528135, "max": 11.934111549999216}, "Throughput": {"unit": "tokens/s", "min": 16.75868364076194, "p50": 27.631102689430406, "p90": 38.708126990940485, "p95": 42.05129722919808, "p99": 45.569570961822, "max": 51.53077308070681}, "TTFT": {"unit": "s", "min": 0.0699515930027701, "p50": 0.8204279740002676, "p90": 1.5382195347003291, "p95": 1.7534242066492878, "p99": 2.109947518580848, "max": 2.130313539000781}, "TPOT": {"unit": "ms", "min": 18.21142674875156, "p50": 31.279869786428648, "p90": 40.04359691859084, "p95": 45.50194969296392, "p99": 52.31829181859194, "max": 55.08481849747068}, "Input Tokens per Minute": {"unit": "tokens/min", "min": 340864.3210267865, "p50": 340864.3210267865, "p90": 340864.3210267865, "p95": 340864.3210267865, "p99": 340864.3210267865, "max": 340864.3210267865}, "Output Tokens per Minute": {"unit": "tokens/min", "min": 16245.731838031867, "p50": 16245.731838031867, "p90": 16245.731838031867, "p95": 16245.731838031867, "p99": 16245.731838031867, "max": 16245.731838031867}}
{"actual_qps": 1.2999908380545302, "success_rate": 100.0, "input_tokens": 3850, "output_tokens": 200, "model": "QwQ-32B", "input_tokens_per_minute": 250407.7134238789, "output_tokens_per_minute": 13006.680207302803, "slo_seconds": 5.0, "slo_attainment": 4.477611940298507, "ttft_slo_ms": 1000, "ttft_slo_attainment": 74.6268656716418, "tpot_slo_ms": 50, "tpot_slo_attainment": 91.04477611940298, "Latency": {"unit": "s", "min": 3.902964877001068, "p50": 7.310703463997925, "p90": 10.19963233419985, "p95": 12.4068175124994, "p99": 18.38804814193941, "max": 27.95216911999887}, "Throughput": {"unit": "tokens/s", "min": 7.155079777222244, "p50": 27.357148458409526, "p90": 36.65780616488761, "p95": 39.211964722093136, "p99": 47.98414206436345, "max": 51.2430950067054}, "TTFT": {"unit": "s", "min": 0.044283982999331784, "p50": 0.526410708000185, "p90": 1.5434610389987937, "p95": 1.9561890821998529, "p99": 3.9525130793596386, "max": 5.098223779998079}, "TPOT": {"unit": "ms", "min": 19.345578738690374, "p50": 33.639644884409165, "p90": 43.83340947839388, "p95": 55.688962049753535, "p99": 78.51575793829197, "max": 114.84394643216478}, "Input Tokens per Minute": {"unit": "tokens/min", "min": 250407.7134238789, "p50": 250407.7134238789, "p90": 250407.7134238789, "p95": 250407.7134238789, "p99": 250407.7134238789, "max": 250407.7134238789}, "Output Tokens per Minute": {"unit": "tokens/min", "min": 13006.680207302803, "p50": 13006.680207302803, "p90": 13006.680207302803, "p95": 13006.680207302803, "p99": 13006.680207302803, "max": 13006.680207302803}}
{"actual_qps": 1.311465875414655, "success_rate": 100.0, "input_tokens": 4092, "output_tokens": 200, "model": "QwQ-32B", "input_tokens_per_minute": 349559.38381014613, "output_tokens_per_minute": 17083.400869293233, "slo_seconds": 5.0, "slo_attainment": 7.954545454545454, "ttft_slo_ms": 1000, "ttft_slo_attainment": 78.4090909090909, "tpot_slo_ms": 50, "tpot_slo_attainment": 97.72727272727273, "Latency": {"unit": "s", "min": 4.2837055810014135, "p50": 6.931664563500817, "p90": 8.69957244609941, "p95": 9.073252419899836, "p99": 11.855128236889247, "max": 12.528496537997853}, "Throughput": {"unit": "tokens/s", "min": 15.96360739641961, "p50": 28.853100305506942, "p90": 38.91473702476755, "p95": 42.44490489918094, "p99": 44.987626527936136, "max": 46.68854948552404}, "TTFT": {"unit": "s", "min": 0.040211778999946546, "p50": 0.458540087000074, "p90": 1.110406416000842, "p95": 1.1966223825000266, "p99": 1.6968434787990538, "max": 2.012289349000639}, "TPOT": {"unit": "ms", "min": 20.85484152262119, "p50": 32.759121216080544, "p90": 40.026160984924715, "p95": 40.667644652770754, "p99": 57.666274360848334, "max": 58.33844570350896}, "Input Tokens per Minute": {"unit": "tokens/min", "min": 349559.38381014613, "p50": 349559.38381014613, "p90": 349559.38381014613, "p95": 349559.38381014613, "p99": 349559.38381014613, "max": 349559.38381014613}, "Output Tokens per Minute": {"unit": "tokens/min", "min": 17083.400869293233, "p50": 17083.400869293233, "p90": 17083.400869293233, "p95": 17083.400869293233, "p99": 17083.400869293233, "max": 17083.400869293233}}
{"actual_qps": 1.2131384473883298, "success_rate": 100.0, "input_tokens": 3975, "output_tokens": 200, "model": "QwQ-32B", "input_tokens_per_minute": 277843.0728312978,