{"actual_qps": 5.633164231376378, "success_rate": 100.0, "input_tokens": 4060, "output_tokens": 199, "model": "QwQ-32B", "input_tokens_per_minute": 1112407.6066360774, "output_tokens_per_minute": 54638.35981107786, "slo_seconds": 5.0, "slo_attainment": 0.0, "ttft_slo_ms": 1000, "ttft_slo_attainment": 1.824817518248175, "tpot_slo_ms": 50, "tpot_slo_attainment": 89.05109489051095, "Latency": {"unit": "s", "min": 5.183743011002662, "p50": 11.743741286500153, "p90": 17.354058205202456, "p95": 18.43136780605055, "p99": 20.999401714808993, "max": 25.278748962002282}, "Throughput": {"unit": "tokens/s", "min": 4.065478020646578, "p50": 17.023458841320302, "p90": 24.927962171212723, "p95": 27.833100248657875, "p99": 35.9690347705672, "max": 38.582159566069066}, "TTFT": {"unit": "s", "min": 0.6727946020000672, "p50": 4.054220938500293, "p90": 8.573152377501177, "p95": 10.05951080585164, "p99": 13.003798004709088, "max": 15.362595643000532}, "TPOT": {"unit": "ms", "min": 13.812906100515168, "p50": 35.62565216833805, "p90": 51.292670264823094, "p95": 57.038955862062444, "p99": 60.83168318286617, "max": 105.97861112817041}, "Input Tokens per Minute": {"unit": "tokens/min", "min": 1112407.6066360774, "p50": 1112407.6066360774, "p90": 1112407.6066360774, "p95": 1112407.6066360774, "p99": 1112407.6066360774, "max": 1112407.6066360774}, "Output Tokens per Minute": {"unit": "tokens/min", "min": 54638.35981107786, "p50": 54638.35981107786, "p90": 54638.35981107786, "p95": 54638.35981107786, "p99": 54638.35981107786, "max": 54638.35981107786}}
{"actual_qps": 4.629973576493784, "success_rate": 100.0, "input_tokens": 3924, "output_tokens": 199, "model": "QwQ-32B", "input_tokens_per_minute": 1196233.9485686033, "output_tokens_per_minute": 60837.852795128325, "slo_seconds": 5.0, "slo_attainment": 2.622950819672131, "ttft_slo_ms": 1000, "ttft_slo_attainment": 20.327868852459016, "tpot_slo_ms": 50, "tpot_slo_attainment": 98.36065573770492, "Latency": {"unit": "s", "min": 2.7468334109980788, "p50": 8.948164130997611, "p90": 15.08882805780013, "p95": 17.72207960540036, "p99": 22.059209195479905, "max": 23.909635336000065}, "Throughput": {"unit": "tokens/s", "min": 8.364828538345193, "p50": 22.35095345504156, "p90": 33.18698187585786, "p95": 37.47356831294261, "p99": 46.27099601580298, "max": 48.821411257343854}, "TTFT": {"unit": "s", "min": 0.11890880999999354, "p50": 2.362810624999838, "p90": 7.442988283999877, "p95": 9.333842154199376, "p99": 15.145951506918923, "max": 16.932482103999064}, "TPOT": {"unit": "ms", "min": 16.31999432161069, "p50": 30.169120879393965, "p90": 43.35896848843827, "p95": 45.11975800804194, "p99": 51.34354638996219, "max": 54.68763985427084}, "Input Tokens per Minute": {"unit": "tokens/min", "min": 1196233.9485686033, "p50": 1196233.9485686033, "p90": 1196233.9485686033, "p95": 1196233.9485686033, "p99": 1196233.9485686033, "max": 1196233.9485686033}, "Output Tokens per Minute": {"unit": "tokens/min", "min": 60837.852795128325, "p50": 60837.852795128325, "p90": 60837.852795128325, "p95": 60837.852795128325, "p99": 60837.852795128325, "max": 60837.852795128325}}
{"actual_qps": 4.69552926223618, "success_rate": 100.0, "input_tokens": 4063, "output_tokens": 200, "model": "QwQ-32B", "input_tokens_per_minute": 1071701.6045201104, "output_tokens_per_minute": 52749.775541717085, "slo_seconds": 5.0, "slo_attainment": 3.0303030303030303, "ttft_slo_ms": 1000, "ttft_slo_attainment": 22.348484848484848, "tpot_slo_ms": 50, "tpot_slo_attainment": 100.0, "Latency": {"unit": "s", "min": 4.014552322998497, "p50": 8.323000621499887, "p90": 11.417953453801239, "p95": 12.574221932500041, "p99": 15.29283100786936, "max": 20.05878802799998}, "Throughput": {"unit": "tokens/s", "min": 9.970692133583585, "p50": 24.029861780613125, "p90": 32.667812936491465, "p95": 36.92507708361238, "p99": 42.94400981752032, "max": 49.81875534520835}, "TTFT": {"unit": "s", "min": 0.1702385749995301, "p50": 1.8534273255008884, "p90": 5.045178208300786, "p95": 5.956569520901212, "p99": 9.550708831950145, "max": 14.909740266000881}, "TPOT": {"unit": "ms", "min": 18.004799577882558, "p50": 30.76052374874153, "p90": 39.66094071858889, "p95": 40.85892561556351, "p99": 44.77214768020006, "max": 48.08429482411395}, "Input Tokens per Minute": {"unit": "tokens/min", "min": 1071701.6045201104, "p50": 1071701.6045201104, "p90": 1071701.6045201104, "p95": 1071701.6045201104, "p99": 1071701.6045201104, "max": 1071701.6045201104}, "Output Tokens per Minute": {"unit": "tokens/min", "min": 52749.775541717085, "p50": 52749.775541717085, "p90": 52749.775541717085, "p95": 52749.775541717085, "p99": 52749.775541717085, "max": 52749.775541717085}}
{"actual_qps": 4.790224930498329, "success_rate": 100.0, "input_tokens": 4006, "output_tokens": 198, "model": "QwQ-32B", "input_tokens_per_minute": 1283890.6507452617, "output_tokens_per_minute": 63680.53816558214, "slo_seconds": 5.0, "slo_attainment": 6.969696969696971, "ttft_slo_ms": 1000, "ttft_slo_attainment": 32.121212121212125, "tpot_slo_ms": 50, "tpot_slo_attainment": 80.0, "Latency": {"unit": "s", "min": 1.4528866479995486, "p50": 9.379917374000797, "p90": 24.538650800797406, "p95": 28.624752974998962, "p99": 34.10046390076959, "max": 34.55261275799785}, "Throughput": {"unit": "tokens/s", "min": 5.788274287700754, "p50": 21.313659603734095, "p90": 36.029254812270835, "p95": 41.085568005876695, "p99": 47.299234707973845, "max": 51.52667230916179}, "TTFT": {"unit": "s", "min": 0.05488908600091236, "p50": 2.0712943880007515, "p90": 9.494188457998826, "p95": 14.031232860397903, "p99": 16.20895054267755, "max": 17.150149015000352}, "TPOT": {"unit": "ms", "min": 16.967759020116862, "p50": 35.4488601809058, "p90": 73.39346689195968, "p95": 89.1307549434714, "p99": 122.5195525996983, "max": 125.76295403015875}, "Input Tokens per Minute": {"unit": "tokens/min", "min": 1283890.6507452617, "p50": 1283890.6507452617, "p90": 1283890.6507452617, "p95": 1283890.6507452617, "p99": 1283890.6507452617, "max": 1283890.6507452617}, "Output Tokens per Minute": {"unit": "tokens/min", "min": 63680.53816558214, "p50": 63680.53816558214, "p90": 63680.53816558214, "p95": 63680.53816558214, "p99": 63680.53816558214, "max": 63680.53816558214}}
{"actual_qps": 5.499975269636493, "success_rate": 100.0, "input_tokens": 3881, "output_tokens": 199, "model": "QwQ-32B", "input_tokens_per_minute": 1175806.6694570398, "output_tokens_per_minute": 60528.699626852904, "slo_seconds": 5.0, "slo_attainment": 3.8461538461538463, "ttft_slo_ms": 1000, "ttft_slo_attainment": 58.65384615384615, "tpot_slo_ms": 50, "tpot_slo_attainment": 97.11538461538461, "Latency": {"unit": "s", "min": 4.416317797000374, "p50": 7.493009141000584, "p90": 9.324531392399878, "p95": 10.724025432600316, "p99": 13.250443759041255, "max": 14.005427854001027}, "Throughput": {"unit": "tokens/s", "min": 14.280177805697283, "p50": 26.67459197129473, "p90": 34.011134372249366, "p95": 37.71182656495579, "p99": 44.53584590204225, "max": 45.28659602708909}, "TTFT": {"unit": "s", "min": 0.053780475001985906, "p50": 0.8544220470012078, "p90": 2.0587103734014818, "p95": 2.4183135115488765, "p99": 3.241364966991129, "max": 3.47203582200018}, "TPOT": {"unit": "ms", "min": 20.544578165832196, "p50": 33.19461261055414, "p90": 40.36784048241965, "p95": 44.1525204052696, "p99": 58.991875562618276, "max": 59.479235773872475}, "Input Tokens per Minute": {"unit": "tokens/min", "min": 1175806.6694570398, "p50": 1175806.6694570398, "p90": 1175806.6694570398, "p95": 1175806.6694570398, "p99": 1175806.6694570398, "max": 1175806.6694570398}, "Output Tokens per Minute": {"unit": "tokens/min", "min": 60528.699626852904, "p50": 60528.699626852904, "p90": 60528.699626852904, "p95": 60528.699626852904, "p99": 60528.699626852904, "max": 60528.699626852904}}
{"actual_qps": 4.699979867322728, "success_rate": 100.0, "input_tokens": 3983, "output_tokens": 199, "model": "QwQ-32B", "input_tokens_per_minute": 1110217.1619238849,