{"actual_qps": 5.185124940039208, "success_rate": 100.0, "input_tokens": 3925, "output_tokens": 199, "model": "QwQ-32B", "input_tokens_per_minute": 777960.9539176712, "output_tokens_per_minute": 39599.82298155804, "slo_seconds": 5.0, "slo_attainment": 0.0, "ttft_slo_ms": 1000, "ttft_slo_attainment": 0.0, "tpot_slo_ms": 50, "tpot_slo_attainment": 47.5, "Latency": {"unit": "s", "min": 11.439470571000129, "p50": 17.441973548500755, "p90": 25.680743457198695, "p95": 28.307418733499254, "p99": 29.7630100863818, "max": 31.148098092999135}, "Throughput": {"unit": "tokens/s", "min": 6.420937785763302, "p50": 11.390848190991491, "p90": 15.125610767731915, "p95": 16.337437350354417, "p99": 17.43287721958367, "max": 17.4833265891705}, "TTFT": {"unit": "s", "min": 1.8077423190006812, "p50": 7.199248886499845, "p90": 15.21213740549974, "p95": 19.416458012549988, "p99": 22.397994213068923, "max": 24.38674965500104}, "TPOT": {"unit": "ms", "min": 15.320333331653991, "p50": 50.40644970353214, "p90": 67.46375086131502, "p95": 73.55863077085374, "p99": 83.49777669553724, "max": 85.56279974875372}, "Input Tokens per Minute": {"unit": "tokens/min", "min": 777960.9539176712, "p50": 777960.9539176712, "p90": 777960.9539176712, "p95": 777960.9539176712, "p99": 777960.9539176712, "max": 777960.9539176712}, "Output Tokens per Minute": {"unit": "tokens/min", "min": 39599.82298155804, "p50": 39599.82298155804, "p90": 39599.82298155804, "p95": 39599.82298155804, "p99": 39599.82298155804, "max": 39599.82298155804}}
{"actual_qps": 5.0363761932490085, "success_rate": 100.0, "input_tokens": 3948, "output_tokens": 198, "model": "QwQ-32B", "input_tokens_per_minute": 1063074.4127354675, "output_tokens_per_minute": 53374.933775723, "slo_seconds": 5.0, "slo_attainment": 0.0, "ttft_slo_ms": 1000, "ttft_slo_attainment": 0.7194244604316548, "tpot_slo_ms": 50, "tpot_slo_attainment": 76.2589928057554, "Latency": {"unit": "s", "min": 5.858499016001588, "p50": 17.664434664999135, "p90": 28.514051420500618, "p95": 29.226474321200655, "p99": 31.17398201793102, "max": 32.06251888499901}, "Throughput": {"unit": "tokens/s", "min": 1.4460119021706774, "p50": 11.286830953869583, "p90": 14.618903256504765, "p95": 15.477855255760096, "p99": 23.532668621680372, "max": 34.13843707299955}, "TTFT": {"unit": "s", "min": 0.6990335020018392, "p50": 10.363758941497508, "p90": 20.084704419800254, "p95": 22.41292640950086, "p99": 24.44579662674922, "max": 26.864047938997828}, "TPOT": {"unit": "ms", "min": 16.452634537680424, "p50": 40.88117068593547, "p90": 56.51016631808804, "p95": 61.5601444793895, "p99": 69.37981722078945, "max": 94.53579427656919}, "Input Tokens per Minute": {"unit": "tokens/min", "min": 1063074.4127354675, "p50": 1063074.4127354675, "p90": 1063074.4127354675, "p95": 1063074.4127354675, "p99": 1063074.4127354675, "max": 1063074.4127354675}, "Output Tokens per Minute": {"unit": "tokens/min", "min": 53374.933775723, "p50": 53374.933775723, "p90": 53374.933775723, "p95": 53374.933775723, "p99": 53374.933775723, "max": 53374.933775723}}
{"actual_qps": 5.261263518083307, "success_rate": 99.71509971509973, "input_tokens": 3922, "output_tokens": 198, "model": "QwQ-32B", "input_tokens_per_minute": 1329773.7769812022, "output_tokens_per_minute": 67435.1401598376, "slo_seconds": 5.0, "slo_attainment": 0.0, "ttft_slo_ms": 1000, "ttft_slo_attainment": 0.0, "tpot_slo_ms": 50, "tpot_slo_attainment": 67.23646723646723, "Latency": {"unit": "s", "min": 8.270424669000931, "p50": 22.63936194549933, "p90": 33.38402029050049, "p95": 36.41963278319982, "p99": 48.52102484226868, "max": 51.85821971800033}, "Throughput": {"unit": "tokens/s", "min": 2.6346504685816248, "p50": 8.833181329298382, "p90": 14.375875774377029, "p95": 15.31547213879587, "p99": 20.41214333844773, "max": 24.18255506874232}, "TTFT": {"unit": "s", "min": 2.1011598719996982, "p50": 11.874229948500215, "p90": 24.756770481203056, "p95": 27.84484450490054, "p99": 40.14461749116922, "max": 43.67064175699852}, "TPOT": {"unit": "ms", "min": 6.051572733663283, "p50": 42.74032151758304, "p90": 77.11243745528844, "p95": 84.11367376130927, "p99": 88.09202615985919, "max": 109.3101344153603}, "Input Tokens per Minute": {"unit": "tokens/min", "min": 1329773.7769812022, "p50": 1329773.7769812022, "p90": 1329773.7769812022, "p95": 1329773.7769812022, "p99": 1329773.7769812022, "max": 1329773.7769812022}, "Output Tokens per Minute": {"unit": "tokens/min", "min": 67435.1401598376, "p50": 67435.1401598376, "p90": 67435.1401598376, "p95": 67435.1401598376, "p99": 67435.1401598376, "max": 67435.1401598376}, "exceptions": {"Connection error.": 1}}
{"actual_qps": 5.131703818518902, "success_rate": 100.0, "input_tokens": 4123, "output_tokens": 199, "model": "QwQ-32B", "input_tokens_per_minute": 1493762.0599689232, "output_tokens_per_minute": 72184.83032362473, "slo_seconds": 5.0, "slo_attainment": 1.3368983957219251, "ttft_slo_ms": 1000, "ttft_slo_attainment": 12.032085561497325, "tpot_slo_ms": 50, "tpot_slo_attainment": 60.962566844919785, "Latency": {"unit": "s", "min": 3.912468075999641, "p50": 23.800269507999474, "p90": 47.64013811850272, "p95": 53.76892904140002, "p99": 67.84596346324953, "max": 75.64151463499729}, "Throughput": {"unit": "tokens/s", "min": 1.8315876772237294, "p50": 8.364392799554977, "p90": 28.087054462538966, "p95": 30.726133258046563, "p99": 42.2796314395794, "max": 51.11862796449776}, "TTFT": {"unit": "s", "min": 0.10843565599861904, "p50": 10.766735902499931, "p90": 31.496745002501846, "p95": 38.167387914499876, "p99": 46.27409434976083, "max": 56.91632311400099}, "TPOT": {"unit": "ms", "min": 18.738124728651517, "p50": 43.14138978139938, "p90": 122.6621746623036, "p95": 129.49894264196124, "p99": 133.1752297909017, "max": 133.38591150253038}, "Input Tokens per Minute": {"unit": "tokens/min", "min": 1493762.0599689232, "p50": 1493762.0599689232, "p90": 1493762.0599689232, "p95": 1493762.0599689232, "p99": 1493762.0599689232, "max": 1493762.0599689232}, "Output Tokens per Minute": {"unit": "tokens/min", "min": 72184.83032362473, "p50": 72184.83032362473, "p90": 72184.83032362473, "p95": 72184.83032362473, "p99": 72184.83032362473, "max": 72184.83032362473}}
{"actual_qps": 5.114778024285996, "success_rate": 100.0, "input_tokens": 3986, "output_tokens": 199, "model": "QwQ-32B", "input_tokens_per_minute": 1274257.414789465, "output_tokens_per_minute": 63649.14120995098, "slo_seconds": 5.0, "slo_attainment": 3.0303030303030303, "ttft_slo_ms": 1000, "ttft_slo_attainment": 63.030303030303024, "tpot_slo_ms": 50, "tpot_slo_attainment": 90.0, "Latency": {"unit": "s", "min": 2.696955084000365, "p50": 7.605378790000032, "p90": 11.332431942502446, "p95": 20.309752097901182, "p99": 39.069012947219704, "max": 78.94123786300042}, "Throughput": {"unit": "tokens/s", "min": 2.5335300714069438, "p50": 26.24578086798256, "p90": 34.067378648281476, "p95": 36.75086213236462, "p99": 43.303377001034754, "max": 51.27850651725737}, "TTFT": {"unit": "s", "min": 0.060598989999562036, "p50": 0.7413804104999144, "p90": 2.0003536921016356, "p95": 8.541870525650403, "p99": 18.72304638730118, "max": 59.877323560998775}, "TPOT": {"unit": "ms", "min": 18.892158884424205, "p50": 33.5687324120625, "p90": 49.0735434909515, "p95": 58.72831940100491, "p99": 97.85556772252389, "max": 102.53667101507068}, "Input Tokens per Minute": {"unit": "tokens/min", "min": 1274257.414789465, "p50": 1274257.414789465, "p90": 1274257.414789465, "p95": 1274257.414789465, "p99": 1274257.414789465, "max": 1274257.414789465}, "Output Tokens per Minute": {"unit": "tokens/min", "min": 63649.14120995098, "p50": 63649.14120995098, "p90": 63649.14120995098, "p95": 63649.14120995098, "p99": 63649.14120995098, "max": 63649.14120995098}}
{"actual_qps": 5.316649809608293, "success_rate": 100.0, "input_tokens": 3994, "output_tokens": 199, "model": "QwQ-32B", "input_tokens_per_minute": 1191564.960365733, "output_tokens_per_minute": 59364.34731015606, "slo_seconds": 5.0, "slo_attainment": 7.467532467532467,