request_id,conversation_id,send_time,ttft_time,total_time,tokens_in,tokens_out,ttft,tpot,cached_tokens
8546c8ec-0b87-4833-951a-d194a0885b00,db7e9f5d-8a61-4add-b03f-97cfb3b8ea31,7934095.891058823,7934096.4793285215,7934101.17839965,1905,200,0.588269698433578,4.699071128852665,0
d0ada453-7fd9-4ac2-99b8-9d0016fb29cb,7566167e-bf47-4f1f-b7d0-e3cef448181a,7934100.768855772,7934101.382078518,7934106.049664231,2251,200,0.6132227461785078,4.667585712857544,0
f465a2c5-f7df-48ae-994a-c11bd9fea6df,5fcd7bbd-da7e-4afa-95ef-18c316df5c14,7934100.768993514,7934101.754481876,7934106.040913861,5858,200,0.9854883626103401,4.286431984975934,160
32766303-be67-4084-8e92-f29dcad1bc9f,6ccb629d-90a9-4625-b6a2-eeeb27f2e288,7934100.768955454,7934101.5389267765,7934106.054853143,1186,200,0.7699713222682476,4.51592636667192,0
6e90b304-4038-460b-80a7-39fa28f9f6b0,24f24f5a-9b09-4804-81d9-c57c2c65a4fb,7934100.769049637,7934101.508451703,7934106.025161379,1369,200,0.7394020659849048,4.516709676012397,0
f78539a3-b673-4d78-95e6-cec2f18888cb,0b5b7174-9f85-4885-997f-47ed4c9fc8ad,7934101.411535785,7934101.894642327,7934106.081411801,1697,200,0.483106542378664,4.186769474297762,224
af1a0ed4-cf64-4997-a3f8-2f57f71a0c5c,2578c165-88d2-4fcf-8239-ee23a11cde02,7934100.768949798,7934101.675242591,7934106.268353615,5981,200,0.9062927924096584,4.593111024238169,0
a47992d7-8384-412b-a464-ddc2f38be9ac,13c8030e-be08-44bc-b1d5-1304416e7a6e,7934101.411568278,7934102.128250387,7934106.291992739,5680,200,0.7166821081191301,4.1637423522770405,160
0d212019-56db-4816-89a0-6955240292cc,69adc9c9-2273-43eb-a23c-a4efe562816a,7934100.769032142,7934102.106997542,7934106.271334161,620,200,1.3379653999581933,4.164336618967354,0
54dfa9df-812b-46ec-aea6-59e58cf4c4da,a1329327-31f8-4e0e-8c96-d4c38c61242d,7934100.768866136,7934101.324469764,7934106.4383444525,1622,200,0.5556036280468106,5.113874688744545,0
423b1b8a-f7ea-4969-a420-c5d69bf784b3,9751aa65-dcbb-464d-885d-1feaba1a4819,7934100.769028055,7934101.576269953,7934106.4482163,3669,200,0.8072418980300426,4.871946347877383,160
f9f4687b-ba31-4683-b780-e9343f420922,9be2a601-19ad-4a64-8a31-74d14d459e36,7934101.411559951,7934102.031886757,7934106.903099428,5869,200,0.6203268067911267,4.871212670579553,160
9989c881-7529-4055-9969-3086203a4aa4,5ed43ab5-6e62-46fc-a695-99d4cb7b0dcc,7934102.416758507,7934103.259329248,7934107.085873836,5923,200,0.842570741660893,3.8265445875003934,0
52e25475-1899-46b9-bfb3-6a1d9ecb7b3f,5363cb6c-edd6-43d7-9a0e-58df46053aa0,7934095.891056094,7934096.857474621,7934102.344760216,5835,200,0.9664185270667076,5.487285594455898,0
47159f5c-7246-4670-8d7a-02770cbd15fb,d0f54797-351a-4ec4-a3a2-dec8278c55cf,7934100.768987164,7934102.1905798465,7934107.20479764,825,200,1.4215926826000214,5.014217793941498,192
2dcfaad2-d377-4fc1-b6ac-ab144c10f24b,9c107b6c-4101-42aa-9de6-3ff87c671de9,7934100.769037856,7934102.1727767885,7934107.181249458,6007,200,1.403738932684064,5.008472669869661,192
067fa094-d5c2-4210-aaeb-79642be89c40,e62bfd31-0eb8-4b75-9da9-5217ee3c5b91,7934102.416739151,7934103.016114462,7934107.359715895,3038,200,0.5993753112852573,4.34360143262893,176
d447a351-66cf-4b73-af4b-81906991ab2a,c091b3a7-97e5-4a95-8225-26b3b3a6566f,7934102.416764263,7934102.934745441,7934107.389298,2504,200,0.5179811781272292,4.454552559182048,224
269e28f3-3ea6-4bd4-964d-6032d160cd46,c7558f93-f86c-4355-a7b9-c08b9ddff562,7934102.416761397,7934103.189867145,7934107.691843705,5367,200,0.7731057479977608,4.501976559869945,0
92ebfb67-9559-4dc5-b2fb-4d64aee0b7db,a5fcfe4e-eb51-4ac0-b8bc-d87496e3d9cb,7934095.89105072,7934096.4854117455,7934102.88371841,1360,200,0.594361025840044,6.398306664079428,0
fc4f28d4-3946-489f-a57d-20d08989b019,e2bb5c6d-8f13-4395-8e28-67275d11e72f,7934100.769033912,7934101.904959358,7934107.716228425,3281,200,1.1359254466369748,5.811269066296518,192
89ac88e5-fc3f-4ab2-b603-35ce1ad2de55,01d20233-ba05-4142-a870-402681c0fb91,7934100.768957624,7934101.929187346,7934107.740318851,4961,200,1.1602297220379114,5.811131504364312,0
2d862d1e-06f8-4fb5-ae8b-b17dbd08f4d9,01524993-21d4-4d2d-a5d5-91a5663d91e2,7934101.411564488,7934102.399925268,7934107.770193473,5774,200,0.9883607802912593,5.370268205180764,0
b24f726d-7910-4d23-bb69-bce56c873564,586ddd63-a522-48ce-ae0d-777af55d3cac,7934100.768946197,7934101.72287938,7934107.823891935,5965,200,0.9539331831037998,6.101012554951012,0
7189a9f0-4b8d-492a-8186-3b2e91b8c34d,b87d1b47-75a0-4129-8580-a96e0868928f,7934095.891024035,7934101.669102646,7934107.85022605,5152,200,5.778078611008823,6.181123403832316,0
12e72311-e9a0-449f-aa6b-4498f771b2ac,f59505d6-2c8a-4269-b06b-4a09a34c57e0,7934100.768991516,7934102.353423126,7934107.840374167,5716,200,1.584431610070169,5.486951041035354,0
346df6f9-9ab5-4c85-a279-6ac7bbe88b5c,e89d00a2-aef6-4faf-a8f6-58052acdc0b2,7934100.768953221,7934102.251390013,7934107.863269109,3247,200,1.4824367919936776,5.611879096366465,0
71d9b0c8-13ae-499e-932b-bd69d3301b49,90d228aa-55a6-47fd-8f46-cd871d180b10,7934100.769039855,7934102.620135007,7934107.8308773795,5800,200,1.8510951520875096,5.210742372088134,160
08d3305e-dc8e-4283-ac17-4e71700e4908,e5137238-7fd2-495a-878a-41bbed79caeb,7934101.411571648,7934102.618588089,7934107.887075645,3153,200,1.207016441039741,5.268487555906177,160
ddba705c-7dd4-406f-bc03-5a58a506aa95,dcff9a1f-a60c-4377-8789-154950a7f139,7934100.769030094,7934102.598266514,7934107.866653888,5854,200,1.8292364198714495,5.268387373536825,0
0a9ce351-e817-4cfd-a600-5ddf56d4c1a1,8e020282-5ecc-434f-b573-91c202e1468e,7934102.416751832,7934103.216539944,7934108.046447987,5344,200,0.799788111820817,4.829908043146133,0
7ab5405e-3ff4-4b82-b6fc-75d92504625e,5dd975b0-30ab-46b6-96e0-39b315e33c7d,7934102.416770281,7934103.241631671,7934108.124628202,5732,200,0.8248613895848393,4.882996531203389,176
3cf7cac8-f5c4-4740-8e80-ab71265fa470,2c6c787f-ce0d-46f8-8c82-65f2ac219c19,7934102.416767306,7934103.257982084,7934108.18285106,5897,200,0.8412147779017687,4.924868976697326,176
028896d8-ae09-41f3-bc47-819ae9104c7d,df831d09-321b-4ae9-9739-8a1cee2e855a,7934102.416755937,7934103.269965465,7934108.253324574,5948,200,0.8532095281407237,4.983359108678997,192
912455a9-6186-4bc8-bdf4-1e21f23d4d80,12aae71a-3e0d-4bf5-90fb-76d1a7c353ae,7934103.444498423,7934104.375735595,7934108.684402185,5656,200,0.9312371723353863,4.308666589669883,160
d0c4a456-c908-4f25-b16e-ee35d29b6a99,d350830f-1917-4e57-b61a-d5974c15409d,7934103.44451562,7934104.3567724535,7934109.24589278,5778,200,0.912256833165884,4.889120326377451,176
d2c1a6a4-0ef0-49f8-a219-f976a4a3dbc2,933f3928-c5bd-436c-b052-8afb0bd75fd0,7934103.444518577,7934104.17604205,7934109.262776113,3218,200,0.731523472815752,5.086734062992036,176
4361e1bd-6841-47a0-8f73-49d3a9c73993,2204b36f-ca0b-4da9-b583-476d2b2d954f,7934104.457928161,7934105.294358085,7934109.403158069,1783,200,0.8364299237728119,4.1087999837473035,176
2353ea1b-5f58-4189-89d8-189ff4a22641,6fabae89-8106-4a2d-87ea-938cd36cda15,7934105.409710751,7934105.536982333,7934109.958472085,969,200,0.1272715823724866,4.421489751897752,192
fa553ca5-6860-47b8-8a5f-98fc039ddabd,d99bd3a4-aa98-4081-914d-d5fe46dea9f9,7934104.457917786,7934105.320828328,7934110.027245466,1924,200,0.8629105417057872,4.706417137756944,0
a19999fd-2c72-436b-9255-7f0bf5fb9dae,0bb3e9ef-a7e7-449d-be77-fde198463305,7934104.45793322,7934105.363830622,7934110.042467999,2947,200,0.9058974022045732,4.678637376986444,160
7524530b-86cc-4f89-8cd0-9c7abfd3eb22,4b5c1f81-a784-456b-9708-1578b5087dca,7934105.40972277,7934105.737517604,7934110.160183491,3555,200,0.32779483404010534,4.422665887512267,176
79e33e56-4897-4624-a000-b287f6b19b93,0e78f555-d2c5-4fe2-81d1-9a7530f75bf4,7934105.409680663,7934105.854889512,7934110.173799522,2297,200,0.44520884938538074,4.318910010159016,176
19915af3-4ea9-43c8-8058-a42ad3f960ae,e88b1149-8f9c-4867-9db5-96d87443c927,7934105.409704573,7934105.853314724,7934110.172546487,2931,200,0.44361015036702156,4.319231763482094,192
e30fd808-1a75-4e28-bca1-e8aae7086171,7dffa10a-2db3-48f9-af53-bddccb30f2a3,7934105.409716399,7934105.773888954,7934110.219679079,3970,200,0.3641725545749068,4.445790125057101,176
7f866ff3-f174-4834-bece-01302f09c713,812563ed-7b1d-4308-9d83-be86b39f1461,7934104.457935799,7934105.518520683,7934110.388583489,4665,200,1.0605848841369152,4.870062805712223,176
61e2d69d-098e-4964-9171-3e58f51640e4,394d1f48-5ed2-4b48-bbcd-f72d5f1a36aa,7934105.409720017,7934105.780654283,7934110.419666621,3413,200,0.37093426659703255,4.63901233766228,192
650c89a6-4cec-4e31-be48-db70cb8bbd68,2e90c9d3-0cc0-431a-a190-712898af6e66,7934105.409700556,7934105.846845286,7934110.7741684085,4815,200,0.4371447302401066,4.927323122508824,0
e397771e-2913-4481-bb42-76aa271616ab,d24c0cc3-a163-4cd4-9cf2-de41d5c96f4a,7934106.409595226,7934106.569454648,7934110.864226894,1310,200,0.15985942166298628,4.294772246852517,0
9f3a87e3-2d02-42c6-a601-deb34091e324,b3617f9e-9162-4e7e-b033-d5442ce6ecc4,7934105.40970797,7934105.922072899,7934110.996330005,5917,200,0.5123649286106229,5.0742571065202355,224
85d3131d-2e11-41c1-b464-c249921afc0f,830a675a-2522-4601-b35a-c7313f3380c3,7934106.409586347,7934106.883160712,7934111.030469061,5859,200,0.47357436548918486,4.147308348678052,192
ca97fc27-866c-4de5-9e58-67964aabd8c5,ac793620-cf14-4d0b-85c9-285d6602176f,7934106.409608359,7934106.894127555,7934111.090246091,5543,200,0.48451919574290514,4.196118535473943,160
49e1355c-3c9b-4a70-8d6c-4e1c6d3426bc,ca330d28-a7ef-4a25-a6cc-51578e715514,7934106.409605031,7934106.90192698,7934111.098520481,5845,200,0.4923219494521618,4.196593500673771,176
7565a45b-9523-4bcd-96be-9c1af59389d2,92822c32-6058-49fd-aa9c-0152bb38bb78,7934109.409670551,7934109.899965901,7934111.150509451,5774,44,0.49029534962028265,1.250543549656868,160
441af1b4-ade9-49b3-af22-d74e0d2408d3,7110344b-1fb7-43d7-ad6b-ca3b816cfae0,7934106.409598951,7934106.518317875,7934111.349864114,611,200,0.10871892422437668,4.8315462386235595,16
c1881fe4-2bef-4402-a1e4-aff3ba5bfdf6,eac78716-775d-4fad-95de-28cdcbfe901d,7934104.457931081,7934105.479314671,7934111.4255464,4100,200,1.0213835900649428,5.946231729350984,160
a20e1e13-2d78-45e2-bc68-6f7bce2aaff7,fcaabc84-519f-4e09-90c8-1e1b11491039,7934105.409713729,7934105.936862764,7934111.52225885,5854,200,0.5271490346640348,5.585396085865796,160
519c8e13-d664-4b9c-99c6-53aca16fb5f9,02fdc58c-4081-4c4f-b08f-be89fc1991ff,7934106.409601985,7934106.641927793,7934111.804692399,2378,200,0.23232580814510584,5.162764606066048,16
7f2585e7-1ba7-4896-821b-febb09d8274e,4368eee3-45f1-41a9-9c4f-60292d5f062d,7934106.409611714,7934106.890311059,7934112.920596924,5714,200,0.4806993445381522,6.030285865068436,176
16b097b6-2b12-4a11-bedc-5c49a501db70,dbb95e14-48d9-4363-a646-86ec308fb763,7934107.409303728,7934107.705239966,7934113.461366032,3540,200,0.2959362380206585,5.756126066669822,160
b7b4aa25-84fc-4e04-8de5-f3bcc8aea29f,967aed41-fbe7-4e66-a54e-1b932c3f1357,7934107.409306742,7934107.882412642,7934113.664842868,5834,200,0.47310589998960495,5.782430225983262,0
637d2b8d-9e0f-4d01-afe2-6f5cc7bd00f4,086d9db4-5996-4535-986e-525ff4b4a80d,7934108.41001664,7934108.63145296,7934114.021302152,2571,200,0.22143631987273693,5.3898491924628615,16
c8e809b1-5cfd-4309-bd11-8c233df972af,abc0c6cc-0bfe-4666-83e8-64b03ca4efa9,7934107.409296208,7934107.583152588,7934114.24093485,1993,200,0.17385638039559126,6.657782261259854,0
db2665a3-aace-4291-bdb9-41bafde5cc5b,10678ac7-e4b4-4f19-ab04-5d834f4a91ae,7934108.410024157,7934108.596227395,7934114.308853872,2020,200,0.18620323855429888,5.7126264767721295,192
c964f521-1490-4eff-8d19-a2adc2014819,147b36a6-ee7b-41e9-9e55-9d0a8335e8b4,7934108.410020991,7934108.78840697,7934114.312623901,4155,200,0.37838597875088453,5.524216931313276,176
93b86e67-0319-4ae9-9d9b-120119146b3c,3843b2c1-db08-4327-bab6-6c5f8f1d4ce6,7934108.410027707,7934108.883474103,7934114.956341432,2306,200,0.47344639617949724,6.072867329232395,0
84188bd6-e7bc-4e02-8339-241c70b11499,a38f645a-15c1-4b70-be39-1656a21c0e2d,7934108.410008068,7934108.888529611,7934114.960790288,3446,200,0.4785215426236391,6.072260676883161,160
7bd3f6ea-a308-42b9-abfc-6669d8793f34,a91786b9-b70a-4ba9-93a3-3c49e7f6ffc5,7934108.410014294,7934108.914647908,7934115.310098399,6015,200,0.5046336138620973,6.395450491458178,160
15958bd7-744a-4950-8e35-d350d257ce8c,9751aa65-dcbb-464d-885d-1feaba1a4819,7934108.409998665,7934108.87396722,7934115.3598188665,3669,200,0.4639685554429889,6.485851646400988,3664
c4c9acba-2292-4f0d-ae3a-c722bf48d852,3ed7f939-1a64-4314-86e0-5d9c4a84a947,7934108.410011525,7934108.872915918,7934115.35970511,5224,200,0.46290439274162054,6.486789192073047,160
c0e4f783-c670-4704-9765-6f9123207a3a,6ea89213-a24b-4e04-9166-3ae74526c64a,7934108.409991161,7934108.5411030585,7934116.008726931,1135,200,0.13111189752817154,7.467623872682452,192
7c44fdc2-bd22-4491-8ded-661a6e3958af,875b2892-f361-4e79-89c5-34479b8c6b4f,7934108.409994931,7934108.972283526,7934116.029868623,5949,200,0.5622885953634977,7.0575850969180465,176
064b61bf-e1aa-49ff-911f-14cdf7150d0d,9fd9f898-9cfd-457b-adfe-707b66258b3d,7934108.409976206,7934109.009701414,7934116.326264833,6560,200,0.5997252082452178,7.3165634190663695,160
ae61463d-cc08-46b2-925f-4ae1b21864ec,0681aeae-8d68-4e14-bd3e-6fa8decb1709,7934110.409645839,7934110.860958651,7934116.894952285,5779,200,0.45131281204521656,6.033993634395301,176
9608d9d9-44a8-4665-b651-6d4f5100d666,6390146e-f25a-4269-b965-86f87e50701d,7934109.409688689,7934109.68390164,7934116.968303123,2937,200,0.2742129508405924,7.284401482902467,16
a42fdffd-6fbe-457e-8c6d-a97e2bd47b24,df0f9f8a-9867-430c-98ce-3f30f838e161,7934109.409704109,7934109.826072419,7934117.085625051,5297,200,0.41636831033974886,7.259552631527185,192
85ec03d6-ff30-4e7d-a7ed-12e241ad0024,b0504ddd-048b-41e3-b755-077cdf863893,7934109.4096968,7934109.898587821,7934117.165260226,6029,200,0.488891021348536,7.266672404482961,176
164fb6a8-030f-4365-b762-1f34dce2a550,2aacea92-7898-4f60-9526-e7a073521d56,7934109.409693157,7934109.840938943,7934117.270618583,4561,200,0.4312457861378789,7.42967963963747,160
4b882e93-fa84-43cf-a0de-d68608d6d1ba,5b7afdee-bc23-4cea-8c95-ee1786504a83,7934110.409631775,7934110.665193233,7934117.439865958,3169,200,0.25556145794689655,6.774672725237906,224
7fec31c6-83a1-477b-a43f-1a8a69082a43,6fccfc20-dbda-4af7-960b-0d56735be69f,7934111.409374258,7934111.526863887,7934117.555065108,1051,200,0.11748962942510843,6.028201221488416,192
fc81842f-1c0a-4324-a756-03bd4c11f8cc,e7803957-8926-462a-a31e-30cdb1c9ec2d,7934110.409642793,7934110.6723411875,7934117.664840474,3302,200,0.2626983942463994,6.992499286308885,16
12922419-6b11-47e3-9dfe-c3db5cba522a,c7344d02-17ce-4505-8d92-ada61240d9c1,7934112.409923516,7934112.882226288,7934118.05466697,2663,200,0.47230277210474014,5.172440681606531,192
582bdef2-9b21-4977-96fa-c27177feb330,11ed2698-a70a-4704-b64c-933c1e3f5226,7934109.409700082,7934109.916018796,7934118.086108592,5826,200,0.5063187144696712,8.170089796185493,176
8dd5c2df-2c15-4264-81f8-f0eac1f88c39,99cf908c-ea9c-4c6d-abb5-12c7195290fb,7934111.409399854,7934111.905204208,7934120.512101732,5860,200,0.4958043536171317,8.606897524558008,224
2ff27631-61c0-4d5d-890b-29bf0056872c,38966326-1dde-4a5a-8407-2274abfe769c,7934111.409409294,7934111.817393192,7934121.319462395,4779,200,0.40798389818519354,9.502069203183055,176
9c21b81c-5a23-4bcc-b89e-d4056b0002da,e4e2e608-ce54-4ee6-8651-29dcfd54dc86,7934111.409402784,7934111.500303704,7934121.463828665,856,200,0.09090092033147812,9.963524960912764,160
69d0f528-d729-4f26-97a5-9982d4b0dcb9,e5f863e9-3a7b-4d7a-bdd2-60bc8ad6448d,7934114.409837351,7934114.907068089,7934121.864537571,5873,200,0.4972307374700904,6.95746948197484,160
6f656e6b-723b-443a-82ed-bbab3f1f3bdd,d6e42e4d-4caf-4c43-b542-af920a9f2350,7934111.409394134,7934111.67898163,7934121.948609846,2862,200,0.2695874962955713,10.269628215581179,16
4dced187-d66a-401b-af7b-91bd611de813,572c2839-ba50-43b8-b7b0-0bf23c8d57dd,7934111.409396577,7934111.896423012,7934122.481741404,5692,200,0.48702643532305956,10.585318392142653,224
79d51e36-fa93-4d85-8562-36d6dcd7f3da,9e3c8867-59dc-4f49-8675-cc60714855dc,7934111.409390187,7934111.72331979,7934122.533044929,3237,200,0.3139296034350991,10.809725138358772,16
dac6987a-c004-47fb-91a4-6906ed8a6b28,b08a97a6-f8e0-4014-92ec-ad1af8ba590e,7934113.409740572,7934113.889450934,7934122.914131168,6016,200,0.47971036192029715,9.024680234491825,176
58eb3006-7b47-44b6-8975-a2ee05c1f800,9724fec6-5a27-419a-835f-02d1cdee68c6,7934112.409939615,7934113.004535068,7934123.126725723,5850,200,0.5945954527705908,10.122190655209124,192
8f2324ca-84ec-4024-9c9f-d69ce1e73cda,abc0c6cc-0bfe-4666-83e8-64b03ca4efa9,7934113.409757125,7934113.67184178,7934123.146745218,2058,200,0.26208465453237295,9.47490343824029,0
cfbca590-c85c-4d30-aaaf-e8d2ffcd3d65,ad6e0805-854b-4ad4-b718-81d6c8218f27,7934112.409943996,7934113.369554365,7934123.303477824,4775,200,0.9596103690564632,9.93392345868051,176
a697b21c-95fc-4421-bd43-aab1e4a08363,df0a35f9-6001-4df7-9553-17f2347760bb,7934113.409753318,7934113.800341886,7934123.810716943,4458,200,0.3905885675922036,10.010375057347119,224
d9e2b406-a449-43f1-a479-35a15ede2dbb,4a8c5b6b-e155-42ad-badf-17b8d48d8aa9,7934111.409406233,7934111.802708586,7934123.846258859,4261,200,0.39330235309898853,12.043550273403525,160
81e54a59-4a0a-49e6-9fe5-14d93c063318,d58f6a04-6c49-4da0-97a2-a89a8f9c9ac4,7934116.410056486,7934116.664552116,7934124.013316101,1928,200,0.2544956300407648,7.348763985559344,160
41c8a8e6-bc51-4421-b16b-442e53cb66b7,44e83e1c-1083-44c9-9f17-132d04102b38,7934114.409853871,7934114.779380853,7934124.058483663,3788,200,0.3695269823074341,9.279102809727192,16
af92b6d6-79ff-4d47-8fb5-ace880cbdcf7,1c43eba4-81bf-4b3c-a107-b258630ab250,7934115.410250381,7934115.5057447385,7934124.396245582,877,200,0.09549435786902905,8.890500843524933,224
339f293f-50ee-4df6-abb6-df0ce49e4eab,e6637aa4-3c0e-4683-beb9-6bdb1f923cdc,7934114.409820385,7934114.906002776,7934126.090428795,5789,200,0.4961823904886842,11.184426018968225,224
8f58e80c-242f-48d2-a396-8d757f2ec576,8d422a4b-204c-417f-ae64-a7bfa06533b6,7934115.410239039,7934115.718999085,7934126.303017039,3731,200,0.30876004602760077,10.584017953835428,176
4dfbb9b5-cbb8-455b-ac39-81fcc8876f27,0691447b-4b91-4b36-9c39-fd2b25d1d966,7934114.409843763,7934114.959772956,7934126.446900339,6565,200,0.54992919228971,11.487127383239567,192
cbccc563-25eb-499c-9db8-513eb3a8a3eb,38274d58-563a-4896-ae8c-7920e3737a7e,7934114.409847491,7934114.641542693,7934127.429341801,2365,200,0.23169520124793053,12.78779910877347,288
36d1dddc-7181-4ba0-844b-10bd95a21ab5,39347bce-b242-4a8f-a48f-0d5c3652e3a7,7934117.409892232,7934117.533740739,7934127.506281717,1116,200,0.12384850718080997,9.972540977410972,176
14b2e393-52ef-49ba-99ce-12252eba2b12,5b4e6569-39b6-477d-b82b-e9fa840a6eac,7934115.410253427,7934115.887799829,7934127.517729308,5908,200,0.47754640225321054,11.629929479211569,160
777938c0-40e0-4a2a-94a4-a1d81e64928f,d0cc8fed-2a8e-48e8-91db-ebb573e1adc3,7934116.410059268,7934116.609993888,7934127.63486127,1799,200,0.19993462041020393,11.024867381900549,176
9064e65d-ecf2-4e31-b1c7-91ed53772634,a49d24aa-32c1-4fd9-8039-e95dd8e8abd7,7934114.409851259,7934114.882849098,7934128.01044489,5674,200,0.4729978395625949,13.127595791593194,160
94585c55-234c-4e3a-8560-a18a49963ce0,61aaf7d9-5163-47db-a2f7-a5dfc87dc710,7934117.409882317,7934117.714964281,7934128.213015128,3634,200,0.30508196353912354,10.49805084709078,160
c41fc9e2-325e-4791-ab85-855ac2fb39d0,a66219a5-0bf0-499e-8da4-6217f9feef08,7934116.410030672,7934116.514273369,7934128.4359845305,598,200,0.10424269642680883,11.921711161732674,224
f574d42a-2e28-4beb-aee0-17f000baa950,33dc18f9-e1dd-4050-ba46-e0d05a421864,7934116.410062391,7934117.087921282,7934129.0426627705,3370,200,0.6778588909655809,11.954741488210857,192
ff40100a-a197-4d40-967d-8ab3b2061e69,ddb1b982-2da3-4da3-a8e6-a3ce2b95f759,7934116.410046919,7934116.498990683,7934129.493085095,697,200,0.08894376363605261,12.994094411842525,224
01b98ad7-5335-47dd-a469-9ba3ccae9387,b1506650-c796-427f-84ec-42b45a69bfd0,7934116.410050793,7934116.537773827,7934130.14243097,1437,200,0.12772303447127342,13.604657143354416,176
58078abd-825f-43e3-b723-aab8b1d0a6cc,53dfe89a-8102-4086-85f9-8feab140d30f,7934114.409840823,7934114.922806643,7934130.329000917,5963,200,0.5129658197984099,15.406194274313748,160
34e42d63-3ddd-44fc-a930-6b2d2fbdb13e,c1178b93-624c-4368-a215-bbf1e0b91c17,7934118.41007744,7934118.828088224,7934130.347535032,1802,200,0.4180107843130827,11.519446807913482,192
55865459-5ae0-476c-8279-7a43ab2bcc7f,01d20233-ba05-4142-a870-402681c0fb91,7934115.410247411,7934115.861565303,7934130.684463053,4961,200,0.4513178924098611,14.822897749952972,192
51866786-4b75-48a4-90b3-86a83ac1bdcd,0ea7eebf-4e91-49b7-886d-7fde689bef99,7934118.410070146,7934118.628340152,7934130.805918096,2509,200,0.21827000565826893,12.17757794354111,224
58e6cb0a-d745-48c7-8bab-22b2cfd86597,23ee0cbe-2b7a-408b-9469-e2b3dc42f35f,7934116.410064913,7934116.832052869,7934130.948282637,4973,200,0.42198795545846224,14.116229767911136,176
d0ed797d-567d-43e4-9120-269261ea95eb,19c30b89-49e6-4785-b4ec-da68e367d4ae,7934116.410053484,7934116.967178013,7934130.974701621,5939,200,0.5571245290338993,14.007523607462645,176
2af8ccfc-26e5-4e28-815e-5f4ef919872a,69756b9b-d2e4-4a2e-8c02-1fbcee79c27c,7934119.409264926,7934119.899466268,7934131.054947177,3167,200,0.49020134191960096,11.15548090916127,192
66da055b-96ee-47b5-8dc6-4e3c3974b25c,33e1e879-a9b2-42f0-b1cb-4f3cf8e6b433,7934118.410080478,7934118.929605049,7934131.094996312,5941,200,0.5195245714858174,12.165391262620687,160
6e41d38b-568d-4691-9de5-fd880961f75a,a608334d-8e74-4f9e-96d4-619933b8f449,7934118.410086584,7934118.653139716,7934131.190190809,2152,200,0.24305313173681498,12.53705109283328,0
8ebcf62a-7ff3-48f1-bc0d-9d9c020f0b75,ebf7605b-4582-4b04-ac02-afd745d666ed,7934120.4095606,7934120.58604091,7934131.472540126,466,200,0.17648031003773212,10.886499215848744,176
60e78805-1d5d-4245-b8e4-e0f4d4362d5c,3df895ed-3731-4a8d-b4ab-71cc1de11695,7934117.409896023,7934117.642461209,7934131.624144863,2589,200,0.23256518598645926,13.98168365471065,192
d0162ef0-1614-4feb-bf6b-53d10a127fb3,77d7eb80-2931-44e9-917a-939b4706e637,7934117.409902891,7934117.886907214,7934132.2253896855,5842,200,0.4770043231546879,14.338482471182942,160
97ad1c91-6327-4700-b712-a1e49500a3e8,1d1a4bec-da87-4ab0-9afd-e22b33a3b57b,7934117.409899675,7934117.597935988,7934132.266373747,1804,200,0.18803631234914064,14.668437759391963,176
08cffba0-b1b1-4084-8cde-8920a6b2324f,3ed61bf9-527c-438b-9427-d3c27f9b8bc8,7934119.409267548,7934120.124165562,7934132.287417611,5981,200,0.7148980144411325,12.163252049125731,176
d9608421-acb1-49f5-8ab5-b3af95e1769f,e744a491-b17b-40f1-9e4a-9a68d90db4e7,7934121.410048532,7934121.537704204,7934132.805722316,638,200,0.12765567190945148,11.26801811158657,192
8fee713d-460a-4b00-af97-965430768b4a,79555c7b-a7d6-4507-9ba7-d84dc5f17364,7934120.40957585,7934120.905767324,7934132.970584816,2043,200,0.496191474609077,12.064817491918802,192
4b2e2cea-8fa2-4c2f-8a86-650c8ff75cfb,e4212cdd-4eb2-432c-8728-ac09b26569d4,7934120.40958239,7934120.753106345,7934133.069257038,2910,200,0.3435239549726248,12.316150692291558,192
98c254b6-33d0-4174-9000-f3f043e56825,145e5f0d-7ea8-47b9-b4c3-c7f6cf51725e,7934121.410051975,7934121.860658919,7934133.134387255,2664,200,0.450606944039464,11.273728335276246,16
1a153b57-fdc2-4f72-8ee6-46e7dc25aa87,2b5bb3c9-4d36-4e8a-b052-54bcfbf3a086,7934121.410033453,7934121.94087849,7934133.177467651,5916,200,0.5308450367301702,11.236589160747826,176
50e6cedc-8f91-4805-9ac2-09cb11f3e5c9,d81300c0-9e09-45d8-84f5-e342f80ca6d0,7934118.410093232,7934119.024574706,7934133.243773817,1116,200,0.6144814742729068,14.219199110753834,256
672423b6-57a0-44de-a521-f9ed4aef5c51,3ceab0ba-5330-4fd0-bbfe-5682ea55d910,7934122.409369189,7934122.908310093,7934133.305867626,5795,200,0.4989409036934376,10.397557533346117,224
01890a49-46c9-4fa0-8ddd-02e6408b7226,84da21c3-27f8-4bcf-90a8-84027f4f1733,7934118.410089576,7934118.873163215,7934133.310008732,5502,200,0.4630736391991377,14.43684551678598,192
c5656703-ca59-451d-adc3-630fc238e560,6c566894-07f4-460e-aed1-dffa6c9aa451,7934118.410074474,7934118.614301231,7934133.366473141,2172,200,0.20422675646841526,14.752171910367906,192
ae49a15e-45e0-4940-abb4-4bbfffecd7f8,e12b8c40-92d4-423f-9257-e7ca6e3758dc,7934121.410020892,7934122.075446512,7934133.444671272,5990,200,0.6654256200417876,11.36922476068139,192
79b6bb1f-1d3b-4cdb-a3cc-3319dcb39797,2d3d4654-4672-47a0-8065-8167b1e24cd1,7934119.409258295,7934120.262661847,7934133.58575157,2751,200,0.8534035524353385,13.323089722543955,288
f79c7ac3-182f-41a7-b4fa-d6aaf7df49df,4f425ba0-648a-4d9f-ac1f-e294980d4117,7934118.410054515,7934118.904057753,7934133.8669691235,5925,200,0.4940032381564379,14.96291137021035,192
1c71adb2-a6a9-4a0b-a29b-d1b1315253c5,edf00561-d5fd-43db-891d-a57747fab3fc,7934122.409394373,7934122.904189608,7934133.887791484,5823,200,0.4947952348738909,10.983601875603199,176
24bb058d-7119-479c-9509-137b54ebf166,52377bb8-f78a-45ab-8e51-d46ef232477d,7934118.41008387,7934119.345006971,7934133.890856208,6049,200,0.9349231002852321,14.545849237591028,192
5aa670bd-4f8e-48ad-89ea-c29821a9282a,4605532e-01fb-47f9-adba-e8a42434e6e4,7934120.409585148,7934120.6004755115,7934133.932558072,808,200,0.19089036341756582,13.332082560285926,160
7baa5d09-66d8-4538-8442-eeb7e1877da4,2cd32f10-6a09-49cd-8240-78a3d16e83e9,7934123.409818707,7934123.655112973,7934133.965620694,2320,200,0.24529426638036966,10.310507720336318,16
c6bf2e51-0f7c-4fa7-9e7d-e7dd73632325,dd2b277d-7320-4529-bb10-09e0e4b25d8f,7934119.409261615,7934121.229002243,7934133.984279535,5885,200,1.8197406278923154,12.755277291871607,176
df65ffe0-8762-4ffc-a7bf-6fc159951680,4bd80eaf-8b5c-4491-b357-aa692e0a7926,7934120.409588312,7934121.49899428,7934134.013882868,4529,200,1.0894059678539634,12.51488858833909,192
313c6361-3009-452d-b30c-1773527eed78,e62f3f98-5d83-4b9e-9c7d-fc428edf1181,7934121.410040571,7934121.948302855,7934134.040289426,5952,200,0.5382622834295034,12.09198657143861,192
e2423eff-de8c-43df-8866-7c6a50c4e3c7,0bb3e9ef-a7e7-449d-be77-fde198463305,7934122.409401099,7934122.769861479,7934134.092303468,2947,200,0.3604603800922632,11.322441988624632,2944
034d6768-d87d-46b5-ba6f-dc9a97e7b5b6,d796c657-4eb3-4828-afc6-34d91aad56ae,7934119.409247644,7934119.56024594,7934134.32788583,1501,200,0.15099829621613026,14.767639889381826,160
ca7ad10d-e699-4763-bcba-df8381cc077a,882c383b-3739-4ff4-be3d-18745f09b583,7934124.409272262,7934125.476466159,7934134.561668232,5916,200,1.0671938974410295,9.085202072747052,224
8b4b84e8-3821-46ec-9d2f-8e7a582730d4,c5e80430-d231-4b4b-ba36-b8fdc718933a,7934124.409311986,7934125.394768039,7934134.480238249,2324,200,0.9854560531675816,9.08547020982951,224
9fcd32c4-a56d-494d-ace0-ad31ce250659,c0256791-c1ba-4f9d-be2a-b22ce90b509a,7934121.410037282,7934121.784398718,7934134.581713873,4050,200,0.3743614358827472,12.797315155155957,160
2fb54f62-74c6-46d4-a50d-247b70c34f64,9f643b5d-c78d-43a4-a8c7-71bb7f808217,7934122.409398026,7934122.804850836,7934134.650798052,681,200,0.39545281045138836,11.845947215333581,224
2a4542f4-42f2-4aac-901b-184584e85f13,67051a1d-89a2-4ed0-8ddd-2edca032ecdb,7934125.409370656,7934125.922031836,7934134.900062581,5965,200,0.5126611795276403,8.978030744940042,176
ba7576d9-c6b4-4a26-a598-9dc70b2e7a2b,3cba0bbe-0d61-4be6-8be5-4585a5068a33,7934124.409291288,7934125.357002495,7934134.974501106,3179,200,0.947711206972599,9.617498611100018,176
87c56427-dd53-46ce-b9e4-f718d4080209,80054dbf-463c-40e8-8df3-863c643bb1d5,7934124.409296571,7934125.356478788,7934134.9742338685,3437,200,0.94718221668154,9.61775508057326,160
0a84e6f2-0229-438e-b16e-284bc9717248,f20096ad-3678-4d6d-8538-5f2a89e8594a,7934121.410044034,7934121.764033962,7934134.992047093,3343,200,0.3539899280294776,13.228013130836189,192
f29ed287-8170-4ebb-bbe3-bb93a72232bd,cccb58ff-6359-4960-8b86-e8900d8deba6,7934125.409375238,7934125.628846873,7934135.076210334,2293,200,0.21947163436561823,9.447363461367786,192
aa751dbf-83f6-4e10-9a60-e9d3f5f993ee,e89d00a2-aef6-4faf-a8f6-58052acdc0b2,7934124.409309648,7934125.217864898,7934135.0090707205,3472,200,0.808555250056088,9.791205822490156,192
17d989a8-b641-4a4e-b4a3-2732f169cf16,2165f3a7-24a0-44d8-a18c-2a333f2e202e,7934123.409815427,7934123.532575,7934135.213115159,1125,200,0.12275957316160202,11.680540159344673,160
0ce324e1-5d3e-48fd-866f-a60d31df612c,92e9c4f3-5a88-45b5-bba4-0d7a61180e52,7934123.409823009,7934123.9310003575,7934135.414160716,6168,200,0.5211773486807942,11.483160358853638,224
d170812c-e3e6-4ea1-8eab-3c05a550fbd9,5dd975b0-30ab-46b6-96e0-39b315e33c7d,7934126.409361289,7934126.885925054,7934135.476104419,5732,200,0.47656376473605633,8.590179365128279,192
7f271438-cb54-4b66-8ccc-55e9abc05ad1,b43a54be-56bf-4383-90c8-2237a54a894d,7934127.409716287,7934127.664654669,7934135.869110701,2942,200,0.25493838265538216,8.20445603132248,224
63d700db-37e4-4d1a-a54d-c0203e3950a9,dc01cdfe-5594-4022-adeb-04dcc93573b5,7934120.409579541,7934120.9823874775,7934136.264925566,5801,200,0.5728079369291663,15.282538088038564,224
4ed20b33-a5b7-47a1-bca4-8797fc8a1fad,ee02d911-a559-4b52-8dda-fe24f118e746,7934122.409389719,7934122.972708737,7934136.378701629,6458,200,0.5633190171793103,13.405992892570794,192
67be38b1-f6ed-426d-97e5-cadbdafc5e67,5feecc80-78cc-489f-a6b9-84a83af8bc36,7934124.409294093,7934125.506153808,7934136.394338456,5883,200,1.096859714947641,10.888184648007154,176
37d09c76-cdef-40fc-9db4-e6b735dc4225,966e73e3-01e1-49dd-97cc-3b17b0344882,7934124.409306286,7934125.51902631,7934136.380986925,5841,200,1.10972002428025,10.861960615031421,160
9256a153-f69a-4922-90bf-342412facff8,62010be8-f099-4914-b6f4-3848f181a33a,7934124.409299165,7934125.588152749,7934136.560584224,5846,200,1.1788535844534636,10.972431474365294,192
9e48ac67-2b09-4e8d-82cd-8bbbf4e458eb,b654d5e6-e3eb-4dbc-aa01-60dee8fba52e,7934123.409805687,7934123.673425647,7934136.648556383,2583,200,0.2636199602857232,12.975130735896528,256
7604daff-c0dc-429d-aae1-6da81d04fae7,ae9da31d-1fdd-4854-b3ec-afc0865d2ca8,7934125.409378384,7934126.200484596,7934137.057418712,634,200,0.7911062119528651,10.856934116221964,176
44cc3fa4-5069-4fd0-8d3d-98d9f322e917,a38cc03c-0c15-4c65-b327-0a790b0f3638,7934124.409318103,7934126.120002027,7934136.977003631,5990,200,1.710683923214674,10.857001604512334,176
74661f8f-27c8-4c56-9450-3f5815248a6b,9079960d-2c5e-4892-b03f-4c965fd9712e,7934129.410229639,7934129.647800253,7934137.172948685,2193,200,0.2375706136226654,7.5251484317705035,16
48be03cd-c145-43e3-9c3a-4da35055ee35,3fad36b5-6bb3-4dd2-b7e5-7ce7e5787a0f,7934126.409365051,7934126.584154778,7934137.179581733,1613,200,0.17478972673416138,10.595426955260336,160
7b4b18b2-3a26-4bb5-9bc8-19b1c3730b57,50febabb-892c-4a87-b8cf-3f82b8fdd573,7934126.409345991,7934126.898285004,7934137.235246433,6026,200,0.4889390133321285,10.336961428634822,160
01e35187-5855-44ee-98ca-d43ece412e85,6788d54d-4159-4b04-b9ab-1d1eeea6d9b1,7934129.410214913,7934129.5792837385,7934137.359308066,1479,200,0.16906882543116808,7.780024327337742,160
89e43156-8208-4219-8ba6-6776dc37b1e6,dcff9a1f-a60c-4377-8789-154950a7f139,7934127.409711825,7934127.9484065,7934137.413059329,5869,200,0.5386946750804782,9.464652828872204,160
f8bd72af-4421-46ae-9106-d4ec0a8b6b97,0063e1c2-efc9-4319-b73c-26561d65a9f4,7934124.409314875,7934125.079640202,7934137.404261203,5819,200,0.6703253276646137,12.32462100032717,192
370e0727-4cd4-48bb-a957-87a885dcf99b,a1329327-31f8-4e0e-8c96-d4c38c61242d,7934124.409287823,7934125.16205441,7934137.486547642,1626,200,0.7527665868401527,12.324493232183158,224
6e045183-28c6-424a-9636-bcf603b39c99,c6e38f2b-0d99-430b-8e69-70df034e0023,7934127.409703628,7934127.948660397,7934137.768854993,5713,200,0.538956768810749,9.820194596424699,160
34c21bb6-90cf-475c-87e0-dbbc0e7cc8b4,22ad330a-90f5-4f19-8245-dae0d3c2f176,7934124.409302836,7934125.553635593,7934137.872439059,6055,200,1.1443327562883496,12.31880346685648,192
8264195d-6b0f-470e-89d5-cc209a611a80,f5152412-29dc-4335-be1c-ee1dc24e4c82,7934130.409425459,7934130.980209585,7934138.040352755,6591,200,0.5707841264083982,7.0601431699469686,192
0ba25f32-0e6b-4dbf-8760-0f6856a297e4,26c258a6-5b59-44bd-b849-a28547921f76,7934127.409708166,7934127.942587719,7934138.20333288,6009,200,0.5328795537352562,10.260745160281658,224
302d780b-d99c-4739-b387-ae24a9f96632,439e0127-230c-4593-b4e3-e1cd2be6e4d2,7934128.409370695,7934128.920162043,7934138.218154237,5849,200,0.5107913473621011,9.297992194071412,176
6b2a7cb9-dff8-40f6-99aa-44780068c4e7,b9a1c60e-769e-4d7c-9bcd-7c30c553b14c,7934125.409357198,7934125.923015682,7934138.3199167745,5819,200,0.5136584844440222,12.396901092492044,176
f2aca842-dd9d-4e03-bf19-ff4ec095e252,c7dd51fb-3966-4c0d-8619-1b4983c7d99b,7934131.409528621,7934131.844132232,7934138.447302706,4562,200,0.4346036110073328,6.60317047405988,192
8517d21c-f3e8-4cb2-a7dd-02415ae22922,5ff78ba8-aec6-4968-b820-e7cd608f5eb4,7934131.409514772,7934131.604257898,7934138.451192405,1591,200,0.19474312663078308,6.8469345066696405,224
7afd5537-c43f-4ddc-9ee7-95b913c4dcd9,01580029-b853-4a73-96e9-198754e7c6cf,7934126.409357414,7934126.9227593895,7934138.463229323,5995,200,0.5134019758552313,11.54046993330121,192
953cbd9d-8290-4141-85a2-8aa540302231,190e5313-6c7f-41ec-98a7-7c21e80df0f7,7934130.409415382,7934130.811647543,7934138.86605789,4675,200,0.4022321607917547,8.054410346783698,160
8df431c0-4201-4fec-b01c-f164bd8a1ad4,8430f359-c0da-41c2-8c0a-99afadae6c25,7934127.4096909,7934128.43824266,7934138.965047641,6001,200,1.0285517601296306,10.526804980821908,224
ed433111-9703-4f3b-abff-c2b4660d8ad6,bfa767e2-3dd3-462a-8100-22c9a1611ab7,7934129.4102328,7934129.591362051,7934139.104816089,1273,200,0.18112925067543983,9.513454038649797,160
ea110556-124e-4277-a7f6-b8a2ca5bf41d,906139de-bfcf-4e94-9bec-98a4621dbed1,7934131.409504657,7934131.741652764,7934139.420977156,3438,200,0.3321481077000499,7.679324391297996,192
972ace41-0204-421a-bf4d-d938c235e129,6fabae89-8106-4a2d-87ea-938cd36cda15,7934128.40936044,7934128.577095501,7934139.426300575,970,200,0.16773506067693233,10.84920507390052,192
c4275a95-358c-4b28-90ca-7058e72c8ae6,fd8747e3-d18e-47de-ad0f-7ef2dda19974,7934128.409379294,7934128.9482672615,7934139.462674,5950,200,0.5388879673555493,10.51440673880279,192
a3363ff4-78d5-4ceb-a912-f9eafc73e502,8094c720-081f-4a98-aca9-d83abaec4c87,7934132.409455374,7934132.604766248,7934139.5289822845,1733,200,0.19531087391078472,6.924216036684811,160
418780c2-3acf-4e48-aece-cf38256dda7b,2e6d427c-5d5d-4341-bd59-5c0bf98acf50,7934129.410226023,7934129.645746776,7934139.61543167,2275,200,0.23552075307816267,9.96968489419669,160
d6f14545-65c7-454b-8076-540fe3badca0,4717d3eb-c887-4854-adc7-7c474067cf88,7934128.409375218,7934128.679885069,7934139.853969155,2952,200,0.27050985116511583,11.174084085971117,176
649d14eb-a2c4-4c4c-9492-cb51654f4e2e,1ce0cc43-25d2-46e0-91e4-43901076cdf9,7934131.409531713,7934131.619647011,7934140.109839856,2150,200,0.2101152976974845,8.49019284453243,224
2e71c2f9-fd6f-4e60-8bb8-f34eca16854f,6390146e-f25a-4269-b965-86f87e50701d,7934131.409522282,7934131.716167151,7934141.1087387195,2863,200,0.3066448690369725,9.392571568489075,16
434cf49d-a9f9-4179-8442-c757318f6831,43fe2249-85af-4fbb-8dd9-4e1a5ca35870,7934133.409612513,7934133.739836219,7934141.345009137,924,200,0.3302237056195736,7.605172918178141,176
6d1fe07a-e33e-469b-9477-36711d9c81ec,df831d09-321b-4ae9-9739-8a1cee2e855a,7934131.409518689,7934131.937664044,7934141.415793348,5929,200,0.5281453551724553,9.478129304014146,192
903fe40f-e0c7-40ee-aeb9-e86785a88cb4,370e9c6e-76c4-4f5f-94a2-56eda56ca89b,7934133.40962719,7934133.588022767,7934141.692294472,1646,200,0.178395576775074,8.104271705262363,176
a04d2fa8-0708-4e18-be65-3f6c1ea584ea,7f8c295b-2bf1-4118-b828-2a33e7d46182,7934132.40945887,7934132.724409081,7934141.951346454,3326,200,0.3149502109736204,9.226937373168766,256
195f1e76-7ef1-4b2a-80f8-c58f2dd053bc,abc0c6cc-0bfe-4666-83e8-64b03ca4efa9,7934131.409525479,7934131.6362407515,7934141.956607864,2106,200,0.22671527229249477,10.320367112755775,256
5d965960-3d2a-4b93-99f3-9a1f50bed534,ad6e0805-854b-4ad4-b718-81d6c8218f27,7934134.409281267,7934134.90312931,7934142.038340562,4621,200,0.4938480434939265,7.135211251676083,176
ad7416ef-f927-47a0-b908-ecce8ab1507d,f7d0a3b0-3709-4619-b382-915a0b45357c,7934134.409303959,7934134.966991363,7934142.392057362,6032,200,0.5576874036341906,7.425065998919308,176
554311a5-810b-45eb-830d-39838e551978,a014b4f6-1f69-4153-959c-5c494d3c617b,7934134.409308014,7934134.584566082,7934142.394432228,738,200,0.17525806743651628,7.809866146184504,176
c323fe2e-ccdf-4544-9084-0469155902e0,8deda839-744f-496a-8cdb-5f824f48fd60,7934133.409623194,7934133.51609792,7934142.574282714,445,200,0.10647472646087408,9.058184794150293,176
071fb9a2-a0c4-4663-88ba-34251b37d5ea,01524993-21d4-4d2d-a5d5-91a5663d91e2,7934132.409443921,7934132.897915024,7934143.068265908,5656,200,0.4884711029008031,10.170350884087384,224
fdad39a0-3899-4858-80e5-e1bc1fe22425,c0e273f1-c346-4c7f-ba9e-53a9c61c18c0,7934134.409293299,7934134.959513844,7934143.434966875,5476,200,0.5502205453813076,8.475453031249344,176
8a21fd53-5bc2-4202-88aa-101c2a7e6636,aed0c80f-ef61-4db3-a266-35516e5cb5b1,7934135.409728218,7934135.552372362,7934143.493168176,758,200,0.14264414459466934,7.940795813687146,192
5f419e5f-fca5-4949-9f6a-ce3139ec31c8,e4e2e608-ce54-4ee6-8651-29dcfd54dc86,7934134.409301072,7934134.585949414,7934144.345513678,856,200,0.17664834205061197,9.759564263746142,160
ace249d2-8ff5-433c-b3d6-31c74fc99f7e,e2758233-3b9b-4d9c-ada4-f41e0412e585,7934135.409737959,7934135.650707416,7934144.394945432,2516,200,0.24096945766359568,8.744238016195595,288
bf471b4a-0f24-4142-8c50-ee52551e0bc3,12ed77b0-f0e1-4d6e-912d-ddc62a0ba391,7934133.40963095,7934133.920483214,7934144.436261315,5599,200,0.5108522642403841,10.515778101049364,176
18be76e0-2c0f-4f47-8c2d-9a14fd3e0777,01d20233-ba05-4142-a870-402681c0fb91,7934136.409875854,7934136.89268188,7934144.691867242,4961,200,0.4828060260042548,7.799185361713171,192
e764aa04-0262-4e44-9f41-6e3f3877fb1c,118b77be-9ad9-4df5-8b48-c03d9e5c8b6e,7934136.409872721,7934136.646659562,7934144.722941201,1597,200,0.23678684141486883,8.076281638815999,224
06e4258c-5f08-4fcf-b352-fc4f078eaa68,fed8f82c-7ec3-45a2-b128-1e40c532bd83,7934137.410232718,7934137.634167717,7934145.302017837,2437,200,0.22393499873578548,7.667850119993091,192
d37ac116-b1d0-4a29-8e7a-1b3691eaafc3,8d422f2a-231f-45fb-a52a-f07367e2f4cc,7934137.410236038,7934137.9158664495,7934145.376779677,5850,200,0.5056304112076759,7.46091322787106,192
f06eaa2b-46d1-49b9-aea1-2b955ca1710f,4abbb17d-526a-4a7b-bcb0-eb3b6a1371f2,7934138.410278591,7934138.536130819,7934146.047137965,699,200,0.12585222721099854,7.511007146909833,224
8af9588c-668e-4abd-908b-936259c16468,2cd32f10-6a09-49cd-8240-78a3d16e83e9,7934135.409718179,7934135.657132841,7934146.204191985,2321,200,0.24741466157138348,10.54705914389342,288
128fe57b-2d91-4232-81ce-9c7bf9ebf93d,3e3695d3-7980-4436-b728-80c0b07f02c9,7934134.409297348,7934134.905075335,7934146.4716193965,5120,200,0.49577798694372177,11.566544061526656,192
55e40dc2-36c1-4257-9aa9-72f0ac2d59a6,81f274fb-2e6f-430c-bca5-cbd3ec69d401,7934135.409731343,7934135.923925638,7934146.8640637975,5773,200,0.5141942948102951,10.940138159319758,160
b3419f3e-b606-4ed7-9dcf-b8d944490635,799e20b1-36a1-4282-9d47-3faabcc08648,7934136.40985693,7934136.957925033,7934147.142296439,6006,200,0.5480681024491787,10.184371406212449,176
f1b32cca-6364-4500-b1bd-ceef61c5f50c,ceefa533-f37a-4408-af9f-4ed7830209c4,7934136.409881625,7934136.939155777,7934147.690965116,5899,200,0.529274151660502,10.751809339039028,224
49726371-e5af-4bf7-8969-f72821ece353,292a9ec3-7dac-4e8f-8c20-f84e90560a11,7934138.410311841,7934138.927472105,7934148.346342935,6033,200,0.5171602638438344,9.418870829977095,192
e1ef3c22-dec8-4dda-bc14-b9d3a697ec7c,11ed2698-a70a-4704-b64c-933c1e3f5226,7934137.410220463,7934137.899978841,7934148.360448918,5826,200,0.4897583778947592,10.460470077581704,192
533123e7-8a7c-4cd6-84ce-97e1d26a8cfb,ad9c75bd-75e6-40d2-be4c-6dde6eda0590,7934139.409506971,7934139.943757004,7934148.365757017,5904,200,0.5342500330880284,8.422000013291836,224
1a856bc3-1e62-4a38-a767-b7850e19b96d,8beb7c75-b625-4124-ba58-b23ff800a95e,7934140.409448099,7934140.985812577,7934148.417357756,1181,200,0.5763644780963659,7.4315451784059405,192
723bd6d2-0fcb-4955-a1a3-4c8ff4f893d0,6b878a33-5f67-484e-9f15-8dc6a9ae6662,7934136.409878902,7934136.830900345,7934148.566712794,4127,200,0.4210214428603649,11.735812448896468,176
0045aea0-1fdd-4e95-88fc-dd014341a7bb,c174f84e-239e-4505-9877-710ea1e1aa00,7934139.409510996,7934139.854865952,7934148.805578055,4355,200,0.445354956202209,8.950712102465332,224
44b14451-545a-475a-8444-c924cf12df06,32495d31-4c0d-459b-9532-97f707faea14,7934139.409495236,7934139.691295368,7934148.816691188,2249,200,0.2818001313135028,9.125395820476115,192
c9f013bd-f3d4-4ad8-b19e-5403c27c395e,52b8d013-981a-41d3-8520-eb23e5010775,7934135.409734725,7934135.90626898,7934148.851186231,5763,200,0.4965342553332448,12.944917250424623,224
9181cc82-eee1-41a3-b0e5-8d35bf1d9b8d,0a292c2d-a16c-463f-8328-8918f0e015aa,7934140.409469444,7934141.104447953,7934148.886526982,1634,200,0.6949785090982914,7.782079028896987,256
4ed3c771-3c50-4817-9240-3a4627917c3d,649f563f-c280-4cb5-a6b1-81e9567055cb,7934138.410303943,7934138.922414487,7934149.134993581,5901,200,0.5121105443686247,10.2125790938735,160
760ba904-b15a-40d9-83c2-3212edba0b67,eac78716-775d-4fad-95de-28cdcbfe901d,7934138.410234456,7934138.854279485,7934149.288437247,4259,200,0.44404502864927053,10.434157762676477,160
6f10b03b-6804-4331-8a55-55080ac38163,7dffa10a-2db3-48f9-af53-bddccb30f2a3,7934139.409502988,7934139.825595146,7934149.334193641,4119,200,0.4160921582952142,9.508598495274782,176
318d2b6f-2371-4081-b92d-a019a55f42fd,0691447b-4b91-4b36-9c39-fd2b25d1d966,7934136.409869059,7934136.980117473,7934149.638992061,6565,200,0.5702484138309956,12.658874588087201,192
d2bbc148-9ab1-494b-9fdb-bee4416b6063,13990c43-6738-458d-b63c-4d87efe484c9,7934139.409491497,7934139.613514287,7934149.898124443,1289,200,0.20402279030531645,10.284610155969858,176
03153c48-fe09-4248-9aef-11bf06aba06d,f59505d6-2c8a-4269-b06b-4a09a34c57e0,7934138.410298138,7934138.946391388,7934150.027411653,5692,200,0.5360932499170303,11.08102026488632,192
0d8b7491-1a9f-4cf5-b672-d7cfec6a5a50,ce6f50d7-6546-4e5e-801d-c1df390fc739,7934139.409474998,7934139.696918668,7934150.099289124,2467,200,0.2874436704441905,10.402370455674827,16
9d6bf53e-f437-4585-99bb-b7b3b67cd1f7,1b5b7ec9-af75-4404-bc92-07d960135fb0,7934139.409498989,7934140.226861372,7934150.122835514,5878,200,0.8173623830080032,9.895974142476916,176
97a38994-e1b0-44a0-95ef-6e041d83e4be,0e78f555-d2c5-4fe2-81d1-9a7530f75bf4,7934139.409514912,7934139.668440518,7934150.2080330495,2458,200,0.2589256055653095,10.539592531509697,176
8643b712-0027-4c4e-a2f4-9b5098bfac57,e9f9f184-5441-434e-b0d6-f2a3a2cebb12,7934140.409462078,7934140.601490942,7934150.232660554,1556,200,0.19202886428683996,9.631169612519443,160
d8911889-6194-4d23-baf6-fcc610932d53,2cd9f398-23c1-4f32-aea2-8dac6a11d683,7934142.40932344,7934142.591094973,7934150.273536843,1018,200,0.18177153263241053,7.6824418706819415,224
513eee6a-2a95-4a79-9703-11aa97086a7b,c5c63911-9805-4346-a627-b123c84bf691,7934138.410308235,7934138.938936413,7934150.290449513,5814,200,0.5286281779408455,11.351513099856675,192
e856d120-2a79-4bb4-af7d-3c13707414ff,e7803957-8926-462a-a31e-30cdb1c9ec2d,7934140.409479015,7934140.703675505,7934150.417129487,3302,200,0.2941964901983738,9.713453982025385,16
3f824657-889d-475f-afc6-89b4f5678b9c,99739e4b-0948-421b-91a7-a3c430be6f19,7934142.409317858,7934142.583496196,7934150.43830042,897,200,0.17417833860963583,7.854804223403335,192
70ef8691-55ef-4e7b-a9ca-5b49ddd1a46c,b43a54be-56bf-4383-90c8-2237a54a894d,7934139.409486974,7934139.732011706,7934150.797512129,2942,200,0.32252473197877407,11.065500423312187,224
3608c849-5879-4c30-8809-6b4cfcb35222,b9128bf0-2636-4290-afce-cc0c01a9a3d0,7934140.409472617,7934140.885212155,7934151.235223198,5530,200,0.4757395377382636,10.35001104325056,224
faae9b5f-e628-4e62-9a42-4301aa981ec6,55d2324f-c44a-414f-861b-ac4705ce2f69,7934142.409320567,7934142.695387246,7934151.397761071,2834,200,0.28606667928397655,8.702373825013638,224
062f8f21-f3d6-4f45-9df5-202f0d40564d,4717d3eb-c887-4854-adc7-7c474067cf88,7934143.409759573,7934143.660548925,7934151.450869771,2940,200,0.25078935269266367,7.790320845320821,176
b124b047-f7e2-4312-a713-9d97190ee8c2,9e3c8867-59dc-4f49-8675-cc60714855dc,7934141.409690423,7934141.686584584,7934151.469358981,3250,200,0.276894161477685,9.782774396240711,288
ce4f1e9a-bdc1-413b-b5fc-c05046985ac7,dd8abcd2-6f78-4e3c-b821-2725f6f61b99,7934143.40975611,7934143.58560658,7934151.62929199,1627,200,0.17585046961903572,8.043685410171747,192
a18bc4a8-4d0c-4bb2-a9c7-beda693bb344,46895bab-7df6-44fa-8603-fc2f9ac66342,7934143.409751937,7934143.751143571,7934152.000996971,3790,200,0.341391634196043,8.249853399582207,176
393d589f-21c2-444d-b6db-e3611609ea71,37a01d59-0e82-4874-a0c6-e70aa5765dda,7934145.409269444,7934145.902279274,7934152.425387876,5935,200,0.49300982989370823,6.523108602501452,192
a4d51177-d117-4f9a-8161-59e5fa734c85,5e58d4ca-bf58-4ee2-994c-fc398a6a70f7,7934140.409466225,7934140.859126536,7934152.448239134,4908,200,0.4496603114530444,11.58911259751767,176
b3d30005-5a3e-43e2-ad18-de043f166835,0c3fef3b-dca1-42b1-bf99-d0432500b549,7934140.409476292,7934140.82399896,7934152.644554232,4334,200,0.4145226674154401,11.820555272512138,224
054d198f-a4d4-464d-aca4-c01ec19c7d94,c6b975b3-883d-4959-9258-7d41be847c3b,7934142.409308246,7934142.887951964,7934152.995010692,5491,200,0.47864371724426746,10.10705872811377,176
8644b7e9-a547-46d1-be3a-dd52493d2047,ab5c571e-66fd-45fb-a12c-d2497b60f982,7934146.409317548,7934146.523711337,7934153.15102312,600,200,0.11439378838986158,6.62731178291142,176
3f0d8724-4b41-457c-aee5-8e19cedf22de,df0f9f8a-9867-430c-98ce-3f30f838e161,7934141.409686303,7934141.857329368,7934153.170498677,5502,200,0.44764306489378214,11.313169308938086,192
85022370-623d-409b-8089-afb65eedf27a,6ea89213-a24b-4e04-9166-3ae74526c64a,7934142.409315187,7934142.593297252,7934153.286090198,1288,200,0.1839820658788085,10.692792945541441,192
e6f1d99a-68be-47f2-9f98-8ffab13ad2e8,ff19633c-acff-4576-b01e-d80c3fbca124,7934141.40967678,7934141.878039279,7934153.987240462,5655,200,0.4683624990284443,12.109201182611287,160
994d401a-6d1f-4a71-b469-e52101c6dc70,cf3db011-98a5-4583-9d91-eb16b37b5740,7934147.410043797,7934147.584386933,7934154.253046804,783,200,0.17434313520789146,6.668659871444106,192
39cb9dae-deaa-4740-b78b-f9ffcb554de2,384c381c-9e43-46bc-ae6e-f423ed8194ee,7934144.409290574,7934144.87671073,7934154.317197743,4849,200,0.4674201561138034,9.440487013198435,192
893cd854-d7d4-484a-8df0-5dd061e69a46,70efcdcf-b43e-4fea-9b8e-1b80008b762c,7934145.409273129,7934145.588848314,7934154.413645967,2100,200,0.1795751852914691,8.8247976526618,192
edb36af4-f698-4a98-a7fd-93fa0b45cefb,b654d5e6-e3eb-4dbc-aa01-60dee8fba52e,7934143.409738916,7934143.714787057,7934154.424733024,2645,200,0.3050481406971812,10.709945967420936,0
da9125cd-ad30-4092-8238-fbf05d27a321,41d72990-c4f9-4f15-a3a5-0d6b55ca3bc4,7934145.409253776,7934145.51156456,7934154.444989868,518,200,0.10231078416109085,8.933425308205187,160
70501604-2d49-43de-8abe-6c21cba4f690,fe06d773-cd9a-42bf-b1d7-614c1c625f07,7934144.409276301,7934145.069260927,7934154.596789805,5883,200,0.6599846258759499,9.527528878301382,192
1435a096-fb25-4e48-bfe9-2ac2862f6290,5363cb6c-edd6-43d7-9a0e-58df46053aa0,7934144.409297977,7934144.8971712785,7934154.8565228935,5835,200,0.4878733018413186,9.959351615048945,192
fee04d33-7d70-41b6-a88b-bdaa51164b7a,f83a6d5d-465c-4ff0-bc0f-6eab5f238de4,7934146.409334271,7934146.922828575,7934154.881257677,5923,200,0.5134943034499884,7.958429102785885,176
f77d4360-3983-4b00-9b46-9e77f74bfe78,3ac1f3a7-813a-4683-b941-b18074fd7722,7934142.409312091,7934142.678974897,7934154.923551207,2556,200,0.26966280583292246,12.244576310738921,160
1b690ce6-d274-4fd3-bff9-3c7f8bbb079e,5b7afdee-bc23-4cea-8c95-ee1786504a83,7934146.409330926,7934147.027749433,7934154.989474605,3341,200,0.6184185072779655,7.9617251716554165,224
035d55bf-4709-43e4-9863-dbd582d623a8,c9558e45-2a86-403d-85c0-a9d29a0abf12,7934142.409294704,7934142.8644647775,7934155.333761429,4775,200,0.4551700735464692,12.469296651892364,176
d6c4c75f-10ac-4172-8800-8293e28e2ac6,33cf4974-3a90-4987-86e1-7c8c5d8040df,7934148.409917894,7934148.5771166645,7934155.902142984,1785,200,0.16719877067953348,7.325026319362223,192
96d02de0-565c-4932-aaaa-4dd20a386501,c226d327-ec87-408c-844a-cb6a344c2aea,7934146.409320707,7934146.536261734,7934155.981257812,316,200,0.12694102618843317,9.444996078498662,192
4d71d0c2-3e47-4a97-b39e-0be561cc6c5e,8753a8da-483b-43c1-bb7e-968667ba09c4,7934146.409326989,7934146.898440963,7934156.066815563,5416,200,0.48911397345364094,9.16837459988892,192
12b61632-e924-4fc4-84ca-55a19a375cd4,19c30b89-49e6-4785-b4ec-da68e367d4ae,7934144.409286466,7934144.921429033,7934156.411329095,5939,200,0.5121425669640303,11.48990006186068,176
e1fa076f-4a8f-416b-91a4-ef3bfb42f23d,e8cd8757-8340-4c5b-9d26-05f2b0bf23b8,7934148.409926386,7934148.64060392,7934156.427533927,2930,200,0.23067753482609987,7.786930006928742,176
e79c9289-5335-47ed-ac15-aed1bb608e8a,33dc18f9-e1dd-4050-ba46-e0d05a421864,7934146.409314444,7934146.740625992,7934156.496122444,3370,200,0.3313115481287241,9.755496451631188,192
96d83f2d-3792-4a8a-8058-a24606c5f538,c042296f-1f45-4a47-8fd6-d3a427bbfd9a,7934147.409984481,7934148.086733733,7934156.955011184,5151,200,0.6767492527142167,8.86827745102346,176
58498b71-1437-4c85-85e0-ee4559acd27e,c6e38f2b-0d99-430b-8e69-70df034e0023,7934147.410064665,7934147.903831997,7934156.989195099,5655,200,0.4937673322856426,9.085363102145493,224
f1c0afa7-d48e-4b73-8c85-4a5d605bb6bd,83bb93d5-935c-47c5-ad10-6b74cc73f69a,7934148.409929211,7934148.828278676,7934157.132126733,5016,200,0.4183494644239545,8.303848057053983,192
892cc0af-8a8c-406b-8b21-e4c7deed9bfb,d6e42e4d-4caf-4c43-b542-af920a9f2350,7934146.409306112,7934146.795700877,7934157.162482842,3086,200,0.38639476522803307,10.36678196489811,192
e6324226-bf67-4327-b2da-9697f83633d0,4a8c5b6b-e155-42ad-badf-17b8d48d8aa9,7934149.409608328,7934149.793978891,7934157.261148505,4261,200,0.38437056355178356,7.4671696135774255,160
71ff1de8-d7ce-44ae-b75d-7eae9e8e18fa,46bf7e07-8121-40ed-8854-6f622d8117c7,7934144.40929446,7934144.8525519045,7934157.352445637,5169,200,0.44325744453817606,12.499893732368946,192
2ceb34d5-a2ca-45aa-80f4-695b016031d6,6ccb629d-90a9-4625-b6a2-eeeb27f2e288,7934149.409599282,7934149.561669092,7934158.050852162,1396,200,0.15206980984658003,8.489183070138097,224
5e25da28-fe6e-4238-b694-9ec3f58840b7,21aff5d2-52eb-4393-97d6-cc63d6a99afd,7934147.410069552,7934147.924064788,7934158.087114009,5962,200,0.5139952357858419,10.163049221038818,240
1e8b7613-bc2c-4e0c-a9ae-e080068849f1,00582910-d45e-43fe-9151-b2d8aa205d5a,7934146.409323494,7934147.1358403815,7934158.349386693,5868,200,0.7265168875455856,11.213546311482787,176
8ecccae8-f4b3-4e62-8528-7dd59539d381,9f643b5d-c78d-43a4-a8c7-71bb7f808217,7934150.410098519,7934150.493934832,7934158.496087996,681,200,0.08383631240576506,8.002153164707124,224
d5293f82-d6a7-4caf-9004-17376d9e01ed,a5fcfe4e-eb51-4ac0-b8bc-d87496e3d9cb,7934149.409613788,7934149.590441593,7934158.911730569,1618,200,0.18082780484110117,9.321288975887,192
b1c83af0-9498-4353-bc33-90b9402a7f57,bc1de8c2-a6ae-4eed-92df-8609cafce1c4,7934149.409611225,7934149.535171633,7934158.9594683,1086,200,0.1255604075267911,9.424296667799354,176
e2c2803c-dd57-43d4-bddd-6c292766c749,cc7c6485-ac31-423b-8903-23389e9ecb8c,7934147.410073296,7934147.964675281,7934159.2691384945,6390,200,0.5546019850298762,11.304463213309646,224
b7bc821e-4ce2-4986-90cb-a1b4400b5b60,6390146e-f25a-4269-b965-86f87e50701d,7934150.410095525,7934150.684010913,7934159.908264357,2855,200,0.2739153876900673,9.224253444001079,16
44260640-5e21-4f7d-82ad-625b57975257,2de8f2d6-66ab-4a07-90f9-203b01c54d88,7934152.410097227,7934152.92534866,7934161.094835806,5941,200,0.5152514325454831,8.169487145729363,176
9089bfbf-68dd-461e-bf54-c4ea108a2fe2,f554436d-1d1b-47f3-a997-b59b79320c86,7934152.410070193,7934152.929710795,7934161.175995424,5782,200,0.519640602171421,8.24628462921828,176
b307e1de-bc89-4367-bc76-44ad16fb3a99,458e899c-964f-4008-90b4-694cb94dfddf,7934150.410077454,7934150.836458992,7934161.436222958,5011,200,0.4263815386220813,10.599763966165483,224
eda22c97-7679-4f66-9e59-5eb6739b7831,bba30c2c-2f5f-43ba-8618-041c52204c6e,7934152.410086707,7934152.915238209,7934161.518483093,5808,200,0.5051515018567443,8.603244883939624,176
f8920cbf-c48b-4e24-9410-defd7fb2b8fb,8169c7c3-afba-4513-82f8-29a3792b9971,7934152.410093777,7934152.937186212,7934161.698401822,5825,200,0.5270924353972077,8.761215609498322,160
985da29d-8d4f-4795-aba6-4dd86ae36d92,eee60849-6a21-4615-8b42-be632d4dfff0,7934153.409368861,7934153.903491496,7934161.97124611,5969,200,0.4941226355731487,8.067754614166915,224
d2bc8848-10db-4930-bbb0-277833e9e04a,a37337b3-4345-44c2-99d0-bd4fa96c3614,7934153.409301969,7934153.841481262,7934162.118701464,4631,200,0.43217929266393185,8.277220201678574,224
7218b5fe-1ceb-46c7-95ba-8ff041c78998,5dd975b0-30ab-46b6-96e0-39b315e33c7d,7934151.409929134,7934151.889855117,7934162.48069533,5732,200,0.4799259826540947,10.590840213000774,192
516b547b-7412-48f0-a25b-a07dcc0ae312,92dcd987-4459-4c21-98a5-5129ac92bc66,7934150.410091646,7934150.795354656,7934162.788520043,4428,200,0.38526300992816687,11.993165386840701,192
a4954dd9-42fa-439c-a7df-249cf786260e,c7fa4698-9161-46a4-be00-36f3a587634a,7934151.409940838,7934151.553692414,7934163.00257169,1654,200,0.1437515765428543,11.448879275470972,176
1a9f381a-a062-4ff5-9518-2f18efe57b3f,a49d24aa-32c1-4fd9-8039-e95dd8e8abd7,7934152.410083379,7934152.906529059,7934163.248370379,5674,200,0.49644568003714085,10.341841320507228,160
fd426ee1-6d97-49d2-b88b-a97b9358cfa6,4368eee3-45f1-41a9-9c4f-60292d5f062d,7934152.41007915,7934152.930083375,7934163.760168742,5716,200,0.5200042249634862,10.83008536696434,176
051de067-ac96-4aff-a287-296ba3c89ee4,616f129f-3b5e-4571-8580-6d776d7d23f8,7934152.41009004,7934152.64352065,7934164.298286153,2474,200,0.2334306100383401,11.654765502549708,224
ac6a2a9f-fb2b-4048-944d-51b296f93b10,01d20233-ba05-4142-a870-402681c0fb91,7934153.409345541,7934153.848240175,7934164.360169885,4961,200,0.43889463413506746,10.511929709464312,192
d08657a5-0224-458c-8a2d-b6e7c0bd6d5e,2578c165-88d2-4fcf-8239-ee23a11cde02,7934154.409826397,7934154.903087673,7934164.663629358,5991,200,0.4932612758129835,9.760541684925556,160
26c960ea-1f25-440d-b828-b0c50c0ad136,2aacea92-7898-4f60-9526-e7a073521d56,7934154.409838697,7934154.834429253,7934164.976489693,4793,200,0.42459055595099926,10.142060440033674,160
0a729b98-a8d5-4174-b6d5-1c0b8019d855,edf00561-d5fd-43db-891d-a57747fab3fc,7934155.409526478,7934155.91094051,7934164.977445773,5759,200,0.5014140326529741,9.066505262628198,176
e75937bb-aab3-492f-bdd0-f08069ed04d4,6c566894-07f4-460e-aed1-dffa6c9aa451,7934155.409506457,7934155.636673342,7934165.1344245365,2351,200,0.227166885510087,9.497751194052398,192
4f60fc6e-4fd4-4d8d-af03-4b8bcd932ccf,8152b1f1-7dee-46bb-b519-7a1651a49de4,7934154.409835377,7934154.948367038,7934165.449680406,6507,200,0.5385316610336304,10.501313367858529,160
f1b5632c-6a04-4d7e-b26c-5d98724c3038,5b4e6569-39b6-477d-b82b-e9fa840a6eac,7934153.409363561,7934153.921025724,7934165.519500301,5865,200,0.5116621628403664,11.598474577069283,160
136b1398-6e65-4eae-a06d-4708d44f9a6f,9eb46858-d5f4-4b3b-82d9-88cdaa73368d,7934155.409522991,7934155.5682479255,7934166.261559314,1518,200,0.15872493479400873,10.693311388604343,176
dec94776-9acf-49ff-9cd2-1a898a728ef8,33e1e879-a9b2-42f0-b1cb-4f3cf8e6b433,7934155.409518307,7934155.900523835,7934166.397823128,5915,200,0.49100552778691053,10.49729929305613,224
013498dc-7d3f-4310-815d-652530119d7c,09329235-b77c-4c42-adf4-ff1827d1d710,7934157.409359139,7934157.922850455,7934166.874659377,5951,200,0.513491315767169,8.951808921992779,176
66654d71-efb9-4ac2-9372-e37211c881e2,22ad330a-90f5-4f19-8245-dae0d3c2f176,7934156.409511637,7934156.881468895,7934167.231403932,6019,200,0.4719572579488158,10.349935037083924,192
13427fda-4227-42af-8f11-9e40389f725a,b0504ddd-048b-41e3-b755-077cdf863893,7934157.409353124,7934157.902126731,7934167.473714291,5982,200,0.4927736073732376,9.571587559767067,192
809fc8b9-4a8a-41e8-aabd-8a8408047141,016dd4b2-29b2-4b1e-8e7a-9002ec0e19e8,7934159.409545923,7934159.576205211,7934167.857151655,1395,200,0.16665928810834885,8.280946443788707,224
be61a850-09fa-4f67-b482-4061b316dcf4,92822c32-6058-49fd-aa9c-0152bb38bb78,7934156.409503049,7934156.873175358,7934168.111469776,5774,200,0.4636723091825843,11.238294417969882,224
cd3c3683-6e0c-4b2f-9543-1703cb1a9ede,9724fec6-5a27-419a-835f-02d1cdee68c6,7934157.409355994,7934157.912052117,7934168.347132341,5867,200,0.5026961229741573,10.435080223716795,192
4d3b0b11-25f2-41c3-8c29-73c6fc22890a,f68fd222-0137-4dff-931c-e9fcf351724a,7934157.409349051,7934157.938591518,7934168.390851837,6000,200,0.529242467135191,10.452260318212211,176
6a4e292d-a36f-4705-b0a2-d31de781fafa,30910795-649d-4c33-afd7-634035edf721,7934160.409313368,7934160.527412456,7934168.910608397,670,200,0.11809908878058195,8.38319594040513,160
ed5e3e75-4613-4761-9f8a-7df5d8ae4afa,5feecc80-78cc-489f-a6b9-84a83af8bc36,7934158.409442941,7934158.895079961,7934169.289719751,5827,200,0.48563702031970024,10.394639790058136,176
f75d35a1-71ed-476d-a10c-05e605de0c6f,190e5313-6c7f-41ec-98a7-7c21e80df0f7,7934158.40944653,7934158.816635162,7934169.304059725,4673,200,0.40718863159418106,10.487424563616514,160
77173cea-9992-4fe5-a771-43e8e051d4f2,e62f3f98-5d83-4b9e-9c7d-fc428edf1181,7934159.409536615,7934159.986506916,7934169.366710984,5953,200,0.5769703006371856,9.380204068496823,192
38774fbe-173b-414c-9af0-47c7de1773e6,bc1de8c2-a6ae-4eed-92df-8609cafce1c4,7934157.40933479,7934157.5393916,7934169.485444053,1086,200,0.13005680963397026,11.946052453480661,176
0c15c662-8815-43bf-b090-f3a5fc17a461,e89d00a2-aef6-4faf-a8f6-58052acdc0b2,7934158.409432178,7934158.726583654,7934169.685882392,3660,200,0.3171514756977558,10.959298738278449,192
084ffd32-3281-4f65-92e7-6100dfd54880,ea672ecc-82bf-4d92-96e4-b9c2c87a2418,7934159.409549453,7934159.937680502,7934170.109716031,5876,200,0.5281310491263866,10.172035528346896,160
830e6707-9d57-41ae-9e7d-f08f272be219,13c8030e-be08-44bc-b1d5-1304416e7a6e,7934160.409306924,7934160.878462563,7934170.223522545,5587,200,0.4691556394100189,9.345059981569648,224
d52f7149-29f0-4720-9adb-4827c1fc4bc1,54d11fb0-e397-4273-8b83-8a5523a7ebef,7934161.409608049,7934161.940423713,7934170.269325071,5923,200,0.5308156637474895,8.32890135794878,176
380227b1-d1f7-41f6-a103-5de2e270627a,4605532e-01fb-47f9-adba-e8a42434e6e4,7934159.409543163,7934159.557611061,7934170.327374249,990,200,0.14806789811700583,10.769763187505305,160
9176487a-64c5-4e05-a926-7587d2596d65,c0256791-c1ba-4f9d-be2a-b22ce90b509a,7934159.409514985,7934159.830065291,7934170.418634292,4050,200,0.420550306327641,10.58856900036335,160
732e8402-b877-4a78-833e-35ed2fe1f413,a66219a5-0bf0-499e-8da4-6217f9feef08,7934159.409539687,7934159.507681856,7934170.525082118,715,200,0.0981421684846282,11.017400261946023,224
aae9cefe-c482-4382-8138-574de0eab8d8,dc01cdfe-5594-4022-adeb-04dcc93573b5,7934159.409529268,7934159.90846601,7934170.96490697,5819,200,0.4989367425441742,11.05644095968455,224
fffb0813-76b7-4d03-9edb-65e954bc1ab5,af0a2a28-6ee5-4ebe-ac1f-2586f3821ce3,7934160.409290313,7934160.620517656,7934171.007346309,2462,200,0.2112273434177041,10.386828652583063,176
d81f9cb4-20e7-4057-9c33-2eccd4c83d17,cf7e77af-4024-47fb-97ee-71ec78b11b82,7934161.409603744,7934161.775818593,7934171.189888763,4075,200,0.3662148490548134,9.414070170372725,176
a4634efb-8dde-468b-9180-9678373eb4cf,44e83e1c-1083-44c9-9f17-132d04102b38,7934161.409598556,7934161.747466252,7934171.19391893,3788,200,0.33786769583821297,9.446452678181231,16
2843c49d-10ae-441f-9c91-cc88cc2b052d,26c258a6-5b59-44bd-b849-a28547921f76,7934162.410169766,7934162.879389729,7934171.458071004,6009,200,0.4692199630662799,8.578681274317205,224
b2dcf7f9-9af2-4275-9746-07ff50486a0c,b5c4d38d-aba9-4af9-a091-5e7b12c9feb5,7934160.409310189,7934160.9017856885,7934171.626276092,5899,200,0.49247549939900637,10.724490403197706,176
1932cdd2-461e-43e2-9b63-045fd315005b,3a406cf2-2085-46e7-87f9-24bae68b9983,7934160.409302905,7934160.922183668,7934172.023317688,5647,200,0.5128807630389929,11.101134019903839,192
3ebaf066-0b00-4718-9bd7-aa2aa4dac3df,a91786b9-b70a-4ba9-93a3-3c49e7f6ffc5,7934161.40957149,7934162.637668139,7934172.100975957,6015,200,1.2280966490507126,9.463307817466557,160
662b6258-29c4-4318-94c0-833ba18f85ef,3a2ad835-f604-4d73-8e3d-7ad4422a62af,7934162.410181669,7934163.135768033,7934172.125858778,1116,200,0.7255863640457392,8.99009074550122,192
c178389a-e6e7-4569-8943-bedfc0a23f33,12aae71a-3e0d-4bf5-90fb-76d1a7c353ae,7934161.409594236,7934161.905103303,7934172.131033127,5590,200,0.495509066618979,10.225929824635386,160
a7822960-1b2f-424e-9369-b124280edcdc,804b8669-7bd9-41ef-94fe-2ae1da627a93,7934163.410203868,7934163.966636758,7934172.299716816,6537,200,0.5564328907057643,8.33308005798608,224
3aa973aa-5f41-42dd-b9ac-528f43664f20,1e1a7e3b-879a-4933-96b3-e424b396be80,7934164.409791232,7934164.612702337,7934172.366210659,2424,200,0.2029111050069332,7.753508321940899,160
31816c51-0961-4ae0-9ca7-a9be98fc04b1,e5f863e9-3a7b-4d7a-bdd2-60bc8ad6448d,7934165.409680358,7934165.926116688,7934172.384791852,5880,200,0.5164363300427794,6.458675163798034,160
ccf2e8b5-6f59-49e8-906c-6f61bcd85e29,9079960d-2c5e-4892-b03f-4c965fd9712e,7934163.410216229,7934163.613434953,7934172.428071761,2201,200,0.20321872364729643,8.814636807888746,288
bf7530e4-239d-4e49-86a1-a911a5515b7d,e7803957-8926-462a-a31e-30cdb1c9ec2d,7934165.409670866,7934165.715831346,7934172.475104217,3293,200,0.30616047978401184,6.759272871538997,288
69870ae5-3a6e-4318-8888-0957c64452e0,93047e83-9aeb-4634-bc01-01c7fbdbf63d,7934163.410213299,7934163.899037727,7934172.915875997,5852,200,0.4888244280591607,9.016838270239532,176
c610ec96-5830-4ed3-967d-7bf100862a37,b87d1b47-75a0-4129-8580-a96e0868928f,7934166.410313635,7934166.874523662,7934172.989610703,5367,200,0.46421002689749,6.115087040700018,176
39713086-fca8-4cf2-8695-b54dadae20ec,a38cc03c-0c15-4c65-b327-0a790b0f3638,7934163.410219209,7934163.89890979,7934173.1508266395,5990,200,0.4886905811727047,9.251916849054396,176
be71ed68-e70e-48df-b049-b8a80a19f085,a014b4f6-1f69-4153-959c-5c494d3c617b,7934166.410310988,7934166.519894969,7934173.289498328,738,200,0.10958398040384054,6.769603359512985,176
85f2111e-6d6e-490e-a9f1-3a7ae8ca7072,5fcd7bbd-da7e-4afa-95ef-18c316df5c14,7934159.409533492,7934159.922247487,7934173.450681455,5788,200,0.5127139948308468,13.528433968313038,224
460c8438-7ba2-4fde-85a2-192088e13c7d,5f121c84-8232-44fe-909c-9a69fa9fdc9b,7934167.409849705,7934167.61360469,7934174.198283918,2450,200,0.20375498477369547,6.584679228253663,192
71b076c4-c07f-4315-88f3-883453585777,e2bb5c6d-8f13-4395-8e28-67275d11e72f,7934160.409316793,7934160.976445128,7934174.312550366,3445,200,0.5671283351257443,13.336105237714946,192
4d5c9fea-4bc8-4023-ab0d-36567eb1152c,c226d327-ec87-408c-844a-cb6a344c2aea,7934168.409756006,7934168.5602127565,7934174.875300091,428,200,0.15045675076544285,6.315087334252894,192
93d73b7a-40b4-4134-aa96-33ffd7852bc3,8a111b60-2340-4df0-891d-81e653adc99d,7934161.409527907,7934161.913588301,7934175.350008086,5803,200,0.5040603941306472,13.436419785022736,160
243d42c4-a272-494d-b77b-0ced742c11ca,cb361646-3167-4aa2-89ea-dddda78b2cfd,7934165.409675989,7934165.920953148,7934175.381164812,5884,200,0.5112771587446332,9.460211663506925,176
87395d24-6eea-4339-8501-da6ed6de243b,83bb93d5-935c-47c5-ad10-6b74cc73f69a,7934165.409646421,7934165.821225195,7934175.452730288,5016,200,0.4115787744522095,9.631505092605948,192
bfa0bf02-c914-43b8-bc3e-627a8010a7f4,c5e80430-d231-4b4b-ba36-b8fdc718933a,7934168.409760366,7934168.65515576,7934175.494258503,2324,200,0.24539539404213428,6.839102743193507,224
03ba2ae4-f71d-4642-b28a-32271d81147f,6ea89213-a24b-4e04-9166-3ae74526c64a,7934166.410294343,7934166.5593603775,7934175.932992807,1276,200,0.1490660347044468,9.373632429167628,176
fa4dfbd5-14e3-4e12-a3e2-b3bb5ad9a5ef,6390146e-f25a-4269-b965-86f87e50701d,7934169.409638069,7934169.681546946,7934176.32612124,2866,200,0.2719088774174452,6.644574293866754,288
1c04ba4b-0049-4075-b541-660d0ac379fd,ce6f50d7-6546-4e5e-801d-c1df390fc739,7934167.409863016,7934167.640837201,7934177.016999789,2467,200,0.23097418528050184,9.376162587665021,16
b9de91f5-7d15-466e-9edd-371407848572,624225ef-629e-463c-88fa-426505dea49e,7934166.410307309,7934166.903884981,7934177.321970432,5949,200,0.4935776721686125,10.418085451237857,176
4b96f234-fa57-40a3-a6b6-bffe68bd53e3,1d9d59fe-b742-4ff7-a68f-88fb2eef9ca9,7934169.409655796,7934169.908327395,7934177.444014577,5825,200,0.49867159873247147,7.535687182098627,224
34e98fec-cb24-4ca1-af2c-1614bb7f6906,875b2892-f361-4e79-89c5-34479b8c6b4f,7934170.40940795,7934170.908641875,7934177.640371951,5955,200,0.49923392478376627,6.731730076484382,176
1ea92f27-2386-4402-a15f-00289f52a0e2,c7344d02-17ce-4505-8d92-ada61240d9c1,7934169.409648188,7934169.6466019675,7934178.06714692,2663,200,0.2369537791237235,8.42054495215416,192
7488f735-2553-4ea4-9415-1bfd22913407,92dcd987-4459-4c21-98a5-5129ac92bc66,7934170.409404083,7934170.799123937,7934178.223508729,4428,200,0.38971985410898924,7.424384791404009,192
b0789c8a-cbbf-4547-885c-007dc0950b3c,f483dee7-275c-4181-9276-2967d4d6cbdd,7934169.40961898,7934169.600289084,7934178.360473534,1850,200,0.1906701037660241,8.76018445007503,160
50783cd9-1c49-42ef-b323-52d0e3b7d7d3,7567f27f-edd6-4f18-89a4-b271b111ba68,7934165.409684401,7934165.825869828,7934178.3653158555,4365,200,0.4161854274570942,12.53944602701813,192
71cd8e25-d3a1-4931-973c-d80d0fba887f,bdd764a1-f13b-4ef5-be66-457691858534,7934168.40976338,7934168.626259938,7934179.014298487,2389,200,0.21649655792862177,10.38803854957223,192
c693d3c1-120c-4156-8573-80dd2bff64f3,e12b8c40-92d4-423f-9257-e7ca6e3758dc,7934172.410216753,7934172.902136009,7934179.242989335,5964,200,0.4919192558154464,6.340853326022625,192
aedc2ec3-3d79-4618-a9aa-37fd1848848a,41d72990-c4f9-4f15-a3a5-0d6b55ca3bc4,7934172.410223916,7934172.511252745,7934179.702479437,721,200,0.10102882888168097,7.191226691938937,160
95e2f9dc-75f7-486a-a370-5161fe9dacc6,d9803a99-16c4-4289-b98d-9209663675b4,7934173.41003688,7934173.711576614,7934179.952121124,3431,200,0.30153973400592804,6.24054451007396,176
6481332f-32b0-4bb2-8618-ccdcb9b7ce4e,11ed2698-a70a-4704-b64c-933c1e3f5226,7934168.409744908,7934168.901976804,7934179.960132666,5758,200,0.4922318961471319,11.05815586168319,192
d50b8faf-e33e-4fe9-b539-d65dc054c6ef,01c1bafa-b5bb-4860-a15f-0969b27850ba,7934169.409575425,7934169.727225851,7934180.165687648,3344,200,0.3176504261791706,10.43846179638058,176
527286a9-ff1c-4722-9d27-a2adc2f300e1,ad6e0805-854b-4ad4-b718-81d6c8218f27,7934169.409652497,7934169.86331415,7934180.344673393,4621,200,0.45366165321320295,10.481359243392944,176
5055cb14-c777-47b1-a8f3-2bb14291a20c,b1506650-c796-427f-84ec-42b45a69bfd0,7934170.409412375,7934170.626237706,7934181.055836023,1437,200,0.21682533156126738,10.429598316550255,176
e18e4b7a-e7dc-4b0f-8db9-f67ce3249a23,dd8abcd2-6f78-4e3c-b821-2725f6f61b99,7934174.410186497,7934174.570440843,7934181.169220045,1627,200,0.16025434620678425,6.598779202438891,192
5e85b7cd-a169-4976-b97a-24dd3261be75,73263cbe-ff20-4caa-bbf9-8ff4b160fd8c,7934173.410028002,7934173.6844428675,7934181.2502944125,2899,200,0.2744148653000593,7.565851544961333,288
408262f8-cf15-4b2c-abc1-b15d1b938ce7,ba02e545-eecd-490c-8274-c4a5f6d03e12,7934170.409415335,7934170.960005352,7934181.466821136,5926,200,0.5505900168791413,10.506815783679485,192
6a71cefd-be1e-4f43-8e79-a8359082a198,ddb1b982-2da3-4da3-a8e6-a3ce2b95f759,7934174.410183052,7934174.511054578,7934182.330365382,678,200,0.10087152663618326,7.819310803897679,224
163ea068-c93b-42ba-8542-08e3a67ff3d3,2354094b-5191-4448-be6e-b3bbb69ce9f0,7934175.409569994,7934175.909287681,7934182.384230659,5724,200,0.49971768725663424,6.474942978471518,224
7a1c443e-03fe-4563-b269-e84a543b9221,b9a1c60e-769e-4d7c-9bcd-7c30c553b14c,7934169.409643542,7934170.137637958,7934182.448934324,5768,200,0.7279944159090519,12.311296366155148,208
c971ba8e-703e-416e-afcc-7f6f5c6125d0,067c23e7-4153-4362-990f-0e4ae9fd98ab,7934175.409562538,7934175.758895028,7934182.592981806,3746,200,0.3493324900045991,6.834086777642369,160
6fb610df-865c-4c9a-904d-8d74c9251623,15fbccdc-7622-4cd8-b468-066ca318efea,7934170.409392741,7934170.9221848175,7934182.759080572,5887,200,0.5127920769155025,11.836895754560828,176
080551b6-c35a-4c73-9d3d-69a1105139fd,b43a54be-56bf-4383-90c8-2237a54a894d,7934176.409553672,7934176.70577888,7934182.918669188,3112,200,0.2962252078577876,6.212890308350325,224
4e4e9d24-530a-418d-b540-07d18bc568a7,38966326-1dde-4a5a-8407-2274abfe769c,7934173.410030587,7934173.867127248,7934183.0778740635,4950,200,0.4570966614410281,9.210746815428138,176
ee4d9431-b200-4bcc-9fc9-cb81b956c699,5dd975b0-30ab-46b6-96e0-39b315e33c7d,7934176.409563919,7934176.915387203,7934183.081025189,5732,200,0.5058232843875885,6.165637985803187,192
12ac780c-6e84-4a39-abce-bd4070a83930,e38f0f5f-4fbc-4b59-80f5-e48d1b3455eb,7934179.409520778,7934179.981326849,7934183.179006218,6455,59,0.5718060713261366,3.1976793687790632,192
ad976236-4d89-4e08-9c9a-dab855be1a60,67758644-12b8-4d98-b640-a9e8ac069351,7934177.409315053,7934177.489637458,7934183.235846029,689,200,0.08032240439206362,5.746208570897579,224
bd27d6a3-30a9-4462-a640-518e351a75d9,9be2a601-19ad-4a64-8a31-74d14d459e36,7934173.410021276,7934173.937194172,7934183.250849246,5863,200,0.5271728960797191,9.31365507375449,160
a4160175-1de9-429d-a210-ee38f38c664f,01580029-b853-4a73-96e9-198754e7c6cf,7934171.409524948,7934171.882227754,7934183.25897445,5995,200,0.47270280588418245,11.376746695488691,192
49bff5bf-efde-4253-9881-c4f18fb7ae9a,1154a913-bc2a-415a-8f60-85869c412d08,7934174.410171885,7934174.652438528,7934183.319247371,2684,200,0.24226664286106825,8.666808842681348,224
be305fd5-336f-41d5-90ee-193917e2c234,b37c25a9-30ca-45ba-948f-8b94d0b977f6,7934172.410221093,7934172.870478543,7934183.635105345,5407,200,0.4602574501186609,10.764626801945269,176
30af3df2-1b3f-4386-be04-8847d0a7756a,df0f9f8a-9867-430c-98ce-3f30f838e161,7934173.410034183,7934173.924381034,7934183.661639572,5694,200,0.5143468510359526,9.73725853767246,192
918818c1-3126-47b1-9321-8c5981c0de03,df831d09-321b-4ae9-9739-8a1cee2e855a,7934174.410189601,7934174.916633961,7934183.963214198,5873,200,0.5064443601295352,9.046580237336457,192
eacbef4f-62cc-4469-89f3-021f51e66c7b,9fd9f898-9cfd-457b-adfe-707b66258b3d,7934172.410202335,7934172.953287057,7934184.0176350195,6547,200,0.5430847220122814,11.064347962848842,224
d34f128d-937b-4246-af26-880280b7026c,c67ed64b-ebd5-4f27-9da9-1071f4c7abce,7934176.409537516,7934176.629310715,7934184.0224101925,2435,200,0.21977319940924644,7.393099477514625,176
4a93ee19-62d9-4bdc-9601-ec00ea1eb057,c042296f-1f45-4a47-8fd6-d3a427bbfd9a,7934173.410011507,7934173.919536276,7934184.081078748,5335,200,0.5095247691497207,10.161542472429574,176
b8e9938d-1444-4a2c-bf31-79b4a3081d77,d6c6ecce-7613-4cc5-89c7-46de6050a111,7934173.410025047,7934173.56646192,7934184.815974613,1005,200,0.15643687266856432,11.249512692913413,176
324d56e8-b734-4d93-911c-a5c6dad3fd0c,19c30b89-49e6-4785-b4ec-da68e367d4ae,7934175.409548946,7934175.910164519,7934184.999007069,5939,200,0.5006155734881759,9.088842549361289,176
79a4fdeb-ca19-49fc-8d33-60aa1327c3c3,2e6d427c-5d5d-4341-bd59-5c0bf98acf50,7934176.409560284,7934176.657500507,7934185.1521829935,2281,200,0.24794022366404533,8.49468248616904,160
970d1373-51f4-43cc-8700-f7db9c073606,370e9c6e-76c4-4f5f-94a2-56eda56ca89b,7934178.409962317,7934178.583707615,7934185.176630181,1813,200,0.17374529782682657,6.592922566458583,176
5efa4a04-f5fc-47fe-9940-8950788e46ca,086d9db4-5996-4535-986e-525ff4b4a80d,7934177.409301182,7934177.639240892,7934185.257584689,2609,200,0.22993970941752195,7.6183437975123525,288
2b8db16b-0eee-4a67-ab74-9a456f8f033d,eac78716-775d-4fad-95de-28cdcbfe901d,7934178.409940592,7934178.783078114,7934185.277890251,4465,200,0.3731375215575099,6.494812137447298,160
bf6494ad-288d-42bb-99cf-d46255ef9611,d350830f-1917-4e57-b61a-d5974c15409d,7934175.409567112,7934175.927688669,7934185.306250294,5978,200,0.5181215573102236,9.378561624325812,176
f0377a74-e7c5-4f74-b2b9-ca0d3c56123d,99cf908c-ea9c-4c6d-abb5-12c7195290fb,7934176.409547011,7934176.905682022,7934185.443163782,5863,200,0.4961350103840232,8.53748176060617,160
4935916d-ec0d-4638-909b-34b40194b8d6,161520fe-b2a7-4765-9cec-8d3bd6da2327,7934176.409556823,7934176.762515447,7934185.938482944,3490,200,0.35295862425118685,9.175967496819794,176
c88906cb-7d31-4816-b74b-cbbaf3256eba,a2f0e4f8-0472-4ab5-ae87-c77e28e82d50,7934177.409321595,7934177.809921595,7934186.045820953,4438,200,0.4006000002846122,8.235899358056486,192
0089eb76-e460-4c02-9076-1a1fedf1c7d9,b1506650-c796-427f-84ec-42b45a69bfd0,7934179.409493176,7934179.5973986965,7934186.11330105,1437,200,0.18790552020072937,6.515902353450656,176
884f7950-36fe-4341-aef8-91507ea8873d,79555c7b-a7d6-4507-9ba7-d84dc5f17364,7934180.410037029,7934180.589398949,7934187.017403418,2204,200,0.17936192080378532,6.428004468791187,192
7f5102d2-0707-467d-81a5-74b7c1cd75d2,a49d24aa-32c1-4fd9-8039-e95dd8e8abd7,7934178.409959171,7934178.886663348,7934187.196547226,5776,200,0.4767041774466634,8.309883877635002,160
6389cc11-fbd0-4f5b-8aea-2298bb2c4d98,b9128bf0-2636-4290-afce-cc0c01a9a3d0,7934179.409509258,7934179.922263143,7934187.230626972,5683,200,0.5127538843080401,7.308363829739392,224
0789c627-cd76-4b03-b028-1d0a53a01e6a,92e9c4f3-5a88-45b5-bba4-0d7a61180e52,7934178.409955463,7934178.954043049,7934187.374115626,6158,200,0.5440875859931111,8.420072576962411,224
38eb70aa-d067-4e74-92cb-a8028888739c,c40ff6c2-61d2-42ae-a09a-e2b819365e0d,7934176.409550588,7934176.927011303,7934187.446443291,5920,200,0.5174607150256634,10.519431988708675,192
12580799-90dc-458f-a381-44a56954dda6,4d35524b-b5f4-4841-84b1-db05ed40f78f,7934177.40931868,7934178.059483118,7934187.8504911745,6651,200,0.6501644384115934,9.791008056141436,160
c90e2fdd-380d-47d6-9ed5-f78c7d57b8db,57727da7-a89d-4b07-b497-8a4ae07e2f57,7934180.409967813,7934180.513332403,7934187.977782265,915,200,0.10336459055542946,7.464449862018228,176
54fbb939-0289-4bec-a558-03e94f11eeb8,02fdc58c-4081-4c4f-b08f-be89fc1991ff,7934179.40951708,7934179.660602401,7934187.977200347,2369,200,0.251085321418941,8.316597945988178,16
1c943022-335c-49cd-b4f4-07db6db22a26,292a9ec3-7dac-4e8f-8c20-f84e90560a11,7934179.409505239,7934180.093917369,7934188.1236038,5974,200,0.6844121301546693,8.029686431400478,192
6ad39f72-2225-4ece-98dc-1a150c5d3c68,799c1417-591d-41ce-b052-4d152da895db,7934180.410016336,7934180.887732731,7934188.156193778,5783,200,0.47771639563143253,7.268461046740413,160
bc70dedd-1529-4553-b9af-509e7aea039a,c5c63911-9805-4346-a627-b123c84bf691,7934180.410032654,7934181.097519207,7934188.292807487,5762,200,0.6874865526333451,7.1952882800251245,192
94ae7ce9-3605-48ef-8ce1-d6138779abbe,8430f359-c0da-41c2-8c0a-99afadae6c25,7934179.409513077,7934179.931745902,7934188.39937652,5884,200,0.5222328249365091,8.46763061825186,224
53b99b03-c1b9-484f-af7b-7847a67e8c1b,52b8d013-981a-41d3-8520-eb23e5010775,7934180.410040437,7934180.90506846,7934188.894342207,5925,200,0.4950280226767063,7.989273747429252,224
96e0b07a-fb56-414b-b744-0963ad2b88e3,80054dbf-463c-40e8-8df3-863c643bb1d5,7934181.410050546,7934181.722933371,7934188.90402506,3625,200,0.31288282480090857,7.181091689504683,160
a889b274-fc80-4d83-9297-d7bb0270705f,a5fcfe4e-eb51-4ac0-b8bc-d87496e3d9cb,7934182.409304225,7934182.589552382,7934189.160344346,1791,200,0.1802481571212411,6.570791964419186,192
cca0e784-778f-4503-9a86-b8ae88c64f0c,c6e38f2b-0d99-430b-8e69-70df034e0023,7934181.410033502,7934181.884891371,7934189.3260122035,5643,200,0.4748578695580363,7.4411208322271705,224
60cc1578-fc82-4ecb-920b-21717c7fb374,c2cbe9ac-84ba-4ba4-8d9c-43c03e1b96e7,7934182.409315932,7934182.839515915,7934189.367020102,5112,200,0.43019998352974653,6.527504187077284,192
be2a2ff4-9e4a-4c84-b243-88f782216c66,7512566d-1690-445a-a19d-ecf10aebe311,7934183.409462117,7934183.501083384,7934190.433774988,633,200,0.09162126760929823,6.932691603899002,176
29691afb-1079-4a68-87f8-ecf771992554,3843b2c1-db08-4327-bab6-6c5f8f1d4ce6,7934181.410046008,7934181.633716219,7934191.196026003,2327,200,0.22367021068930626,9.562309783883393,288
55508093-fe80-40fd-ab8d-e97efdef2acb,e4212cdd-4eb2-432c-8728-ac09b26569d4,7934183.409448017,7934183.676477471,7934191.292269699,3138,200,0.2670294540002942,7.615792227908969,192
4f433238-5e96-47b5-a266-ae6415342165,9f643b5d-c78d-43a4-a8c7-71bb7f808217,7934185.409949851,7934185.495041767,7934191.914859458,681,200,0.0850919159129262,6.4198176907375455,224
52fd2e8e-f3fa-43a0-8fb6-e9ddfcc18c56,62f03492-233a-4c73-8583-919a97f51a7b,7934183.409458017,7934183.61362088,7934192.130436314,2268,200,0.20416286308318377,8.516815434210002,192
149b6cc7-0b73-4777-9cec-11d9f98bf471,d15044b7-c396-404e-998e-93e71a743f28,7934184.410043625,7934184.592941871,7934193.099482738,2038,200,0.18289824575185776,8.506540867500007,192
c86ac12a-05ce-4266-950b-883361ab146d,22ad330a-90f5-4f19-8245-dae0d3c2f176,7934184.41002675,7934184.895945369,7934193.348092534,6019,200,0.48591861966997385,8.45214716438204,192
b00645ac-3e39-401e-a318-de411cd7416f,2837df08-d441-40c9-a309-8d7d55e0a257,7934186.409320184,7934186.582944708,7934193.4741646815,1874,200,0.17362452391535044,6.891219973564148,176
07a34868-bf5e-4778-9964-756fd3e8c3b7,bfa767e2-3dd3-462a-8100-22c9a1611ab7,7934185.409946405,7934185.565648203,7934194.0543420045,1427,200,0.15570179745554924,8.488693801686168,160
d1ca945c-d210-41cf-a071-01e2ac5d6d54,a1ada656-7a98-4bad-802d-dc64f2e7ee89,7934184.410040039,7934184.886563427,7934194.864201424,6007,200,0.47652338817715645,9.977637996897101,192
6d6b7181-626b-45a4-bc85-741b361745c4,1c43eba4-81bf-4b3c-a107-b258630ab250,7934186.409307822,7934186.536471251,7934194.953413517,1094,200,0.12716342974454165,8.416942265816033,224
1d910577-0e22-4a42-bfc0-73e5145624b6,e89d00a2-aef6-4faf-a8f6-58052acdc0b2,7934187.409884837,7934187.750878326,7934194.954955905,3869,200,0.34099348820745945,7.2040775790810585,192
80e3f5cf-a7e1-4206-9eb0-3a6e3bd30125,bdd764a1-f13b-4ef5-be66-457691858534,7934188.409772684,7934188.630318941,7934195.277599594,2389,200,0.22054625675082207,6.6472806530073285,192
711f9588-78d3-41ef-95b9-34e59adf7544,c1178b93-624c-4368-a215-bbf1e0b91c17,7934186.409325352,7934186.596067892,7934195.397846663,2044,200,0.18674254044890404,8.80177877098322,192
bcc3ed47-ab0e-4b61-b701-e388a56cf4f0,38274d58-563a-4896-ae8c-7920e3737a7e,7934187.409887857,7934187.633927285,7934195.549565269,2388,200,0.22403942793607712,7.915637983940542,288
72314cfe-bd59-4533-b0dd-61492e40d932,7dffa10a-2db3-48f9-af53-bddccb30f2a3,7934186.409323212,7934186.79695236,7934195.868676758,4262,200,0.3876291485503316,9.071724398061633,176
937d9d6c-2a00-4e22-b955-94d31daf0738,ab5c571e-66fd-45fb-a12c-d2497b60f982,7934187.409891325,7934187.518535387,7934196.1206566915,600,200,0.10864406172186136,8.60212130472064,176
ab7d1726-cf16-4563-a707-e02ab2bbd5ef,01d20233-ba05-4142-a870-402681c0fb91,7934185.409937475,7934185.839064794,7934196.34586929,5167,200,0.42912731878459454,10.506804496049881,192
0ab4d01a-26eb-4cac-ab00-a2a6e4eb2610,dd8abcd2-6f78-4e3c-b821-2725f6f61b99,7934189.410224127,7934189.57074824,7934196.355397141,1627,200,0.16052411310374737,6.784648900851607,192
f0f1f036-05f8-44fc-9eb0-0935e3b17755,0e78f555-d2c5-4fe2-81d1-9a7530f75bf4,7934187.409859273,7934187.654235481,7934196.4882095475,2660,200,0.24437620863318443,8.833974066190422,176
1f9086af-a2fb-41f1-83ed-a2851573e1f0,df0f9f8a-9867-430c-98ce-3f30f838e161,7934187.409813123,7934187.898846572,7934196.511719954,5631,200,0.48903344944119453,8.61287338193506,192
f49f0c7b-dc0e-4e87-bb9d-ff628e5442f2,e827bcdc-4d52-47f9-b3c6-64cb5b723399,7934187.409880818,7934187.664133735,7934197.355898202,2569,200,0.2542529171332717,9.691764467395842,160
7f3f18eb-d869-47ba-ab15-16cdc889f9be,d24c0cc3-a163-4cd4-9cf2-de41d5c96f4a,7934190.409485127,7934190.566282159,7934197.45480454,1584,200,0.15679703187197447,6.888522380962968,192
17d6f54b-2d67-40cb-ac53-f779c94701bd,866d5673-2e79-436a-b3d6-adfe48aed886,7934188.409768097,7934188.696342614,7934198.163291151,3036,200,0.28657451644539833,9.466948537155986,160
064dd742-3f38-4c35-b22d-8b0c416b5a1f,8a111b60-2340-4df0-891d-81e653adc99d,7934186.409317034,7934186.884810005,7934198.280083713,5803,200,0.47549297101795673,11.395273707807064,160
e04f6968-3249-4bd4-b625-b07a939e01c2,e62f3f98-5d83-4b9e-9c7d-fc428edf1181,7934188.409779175,7934188.907931629,7934198.280987214,5951,200,0.4981524534523487,9.37305558566004,192
ec1e51bc-d751-4247-80bf-9ccdc51faf14,abc0c6cc-0bfe-4666-83e8-64b03ca4efa9,7934187.40987676,7934187.609149737,7934198.931335398,2200,200,0.19927297718822956,11.322185660712421,256
2656f7bc-4bda-4b46-bd9b-7724d54e63bc,5b7afdee-bc23-4cea-8c95-ee1786504a83,7934188.409757137,7934188.755092527,7934198.935956423,3554,200,0.34533538948744535,10.180863896384835,224
65dbf5de-f278-4280-871b-bff595958226,145e5f0d-7ea8-47b9-b4c3-c7f6cf51725e,7934189.410233961,7934189.6601231685,7934199.073380533,2726,200,0.24988920707255602,9.413257364183664,288
5d4a17fd-ad6e-4ee5-a641-2f5e49e062da,db7e9f5d-8a61-4add-b03f-97cfb3b8ea31,7934189.410243108,7934189.601597842,7934199.158302294,1905,200,0.19135473389178514,9.556704452261329,160
dedfff18-5726-4ca7-b9b6-c6e711ec0c0d,c8625007-cb15-40d2-8dcc-b41d03e3b3c0,7934189.410239552,7934189.903871457,7934199.244798606,5789,200,0.4936319049447775,9.340927149169147,224
d1cbc0b9-330a-4da9-8593-15249d5fb9e7,69756b9b-d2e4-4a2e-8c02-1fbcee79c27c,7934189.410208044,7934189.723723553,7934199.316104576,3431,200,0.31351550947874784,9.59238102287054,192
12a560dc-5bed-4f7f-b135-509a7ad95d43,c226d327-ec87-408c-844a-cb6a344c2aea,7934189.410230474,7934189.498631236,7934199.497868221,540,200,0.08840076252818108,9.999236985109746,192
1fd74a88-945e-41c6-aaf1-2b172db575d5,fe06d773-cd9a-42bf-b1d7-614c1c625f07,7934189.41024738,7934189.899408307,7934199.9302250445,5883,200,0.48916092701256275,10.030816737562418,192
3884c528-96cb-46d2-8989-49ff2d88202e,5363cb6c-edd6-43d7-9a0e-58df46053aa0,7934190.409489803,7934190.886076179,7934200.17941785,5835,200,0.4765863763168454,9.29334167111665,192
dd00ad83-d30c-4606-9120-008f3e8ed270,dc01cdfe-5594-4022-adeb-04dcc93573b5,7934190.409492964,7934190.997828221,7934200.297057492,5732,200,0.5883352570235729,9.299229270778596,224
0ca52a88-5ee2-48a6-98fb-1b5945b7c6f7,967aed41-fbe7-4e66-a54e-1b932c3f1357,7934191.409451914,7934191.912729393,7934200.418814886,5941,200,0.5032774787396193,8.506085493601859,224
91827028-ffeb-4f57-911d-ceda5cb32988,f5152412-29dc-4335-be1c-ee1dc24e4c82,7934190.409499233,7934191.07544515,7934200.619492987,6536,200,0.6659459173679352,9.544047837145627,192
5f0efa0c-1a95-4ba4-b7bc-8cc8a3d6979c,fe21ff9d-318c-4c69-89c7-45912541fdc6,7934188.409775821,7934188.891239447,7934200.7904591635,5944,200,0.48146362602710724,11.899219716899097,192
30be587e-c024-4ddc-a4ac-00dca259998c,bc1de8c2-a6ae-4eed-92df-8609cafce1c4,7934191.409460948,7934191.550013425,7934200.874251861,1280,200,0.14055247697979212,9.324238436296582,176
cc397a7b-9abe-4321-bc32-f2c29173c7a0,eb8d5825-451b-48b5-839c-bd3f2e385b6a,7934191.40945511,7934191.739727259,7934200.89260943,3975,200,0.3302721483632922,9.15288217086345,192
6f5ee5b5-8e62-4658-b146-74e69e8957bc,dcf17682-e8a1-4a94-9b2c-5f14df155e87,7934191.409457794,7934191.757881474,7934200.930610776,4008,200,0.3484236793592572,9.172729302197695,192
fbf8172b-c339-44c2-b744-3c57324a8251,23ee0cbe-2b7a-408b-9469-e2b3dc42f35f,7934189.410168805,7934189.837362581,7934200.981825899,5229,200,0.4271937757730484,11.144463318400085,176
38122df8-0dfc-4bb9-ad4d-c4cb6d3beff5,3cba0bbe-0d61-4be6-8be5-4585a5068a33,7934190.409459004,7934190.75750338,7934201.101075571,3437,200,0.3480443758890033,10.343572190962732,176
184d7ef5-b959-40b8-8b09-895286b57c36,0691447b-4b91-4b36-9c39-fd2b25d1d966,7934190.409495691,7934190.970078729,7934201.135506719,6497,200,0.5605830382555723,10.16542799025774,192
99c61803-3643-4f65-8b88-210fc05e1e67,0b5b7174-9f85-4885-997f-47ed4c9fc8ad,7934192.409557181,7934192.58632273,7934201.240579279,1961,200,0.17676554899662733,8.65425654873252,224
c7ea9357-6cf4-4445-8af7-ec1aa4ad1f36,30910795-649d-4c33-afd7-634035edf721,7934191.409447721,7934191.520045189,7934201.501384143,670,200,0.1105974679812789,9.981338953599334,160
63ebbe8f-1f34-4aeb-be65-8cf7c57b608d,6729e742-81c7-499b-922c-2c6994bc9caf,7934191.4094341,7934191.751292589,7934201.691995051,3716,200,0.3418584894388914,9.940702461637557,224
63d2dbb7-20de-4d15-932f-61d274446b90,e4a9abbe-0d10-482c-9e14-ba6fe5099a3e,7934191.409463521,7934191.711470341,7934201.768554607,3513,200,0.30200682021677494,10.057084266096354,224
462e0a6a-5468-4305-a701-e216dbb812a3,d846d4b2-4867-4720-9892-d49f8c7696e6,7934193.409415644,7934193.559635168,7934201.822410201,1375,200,0.1502195242792368,8.262775032781065,176
c5137b1b-f9ab-4c3c-b7e0-e0b99467e68c,ddb1b982-2da3-4da3-a8e6-a3ce2b95f759,7934193.409422086,7934193.505481971,7934202.217177781,678,200,0.09605988580733538,8.711695809848607,224
8abd19de-7d00-4521-b768-ad1689a63b23,6788d54d-4159-4b04-b9ab-1d1eeea6d9b1,7934194.409463439,7934194.598223885,7934202.267713108,1684,200,0.18876044545322657,7.669489223510027,160
e97e8d6a-9758-4caa-94da-61253e8e2dd8,2c6e08f1-87b6-450e-a518-3a26ca1469a8,7934193.4094129,7934193.824522819,7934202.308997281,3941,200,0.4151099193841219,8.484474461525679,192
540507bb-1c69-4bdb-87a7-c008bc31aef4,15332257-88ef-4326-9ea6-b3f0529eafbe,7934192.409570939,7934192.564412309,7934202.51969672,1594,200,0.15484136994928122,9.955284411087632,160
4910e33d-2e0c-41c6-a53f-574362e90f95,c95f6829-a53c-4f99-b06f-5fe22ab86fe9,7934193.409408695,7934193.735497861,7934202.701098877,3262,200,0.32608916610479355,8.965601015836,160
4e3c05e2-46b1-4763-a7fb-affdd2009802,966e73e3-01e1-49dd-97cc-3b17b0344882,7934192.409574698,7934192.886435816,7934203.171628815,5998,200,0.47686111833900213,10.285192999057472,160
20a4df8e-4851-4e12-836d-699eada18c48,c0256791-c1ba-4f9d-be2a-b22ce90b509a,7934194.40946048,7934194.783897014,7934203.196710131,4050,200,0.37443653400987387,8.412813116796315,160
cc2d3997-1d54-455b-a899-0adff3b99713,83bb93d5-935c-47c5-ad10-6b74cc73f69a,7934194.409451468,7934194.858774492,7934203.805977379,5180,200,0.4493230236694217,8.947202887386084,192
d2be0cd2-1f72-4f6b-8849-9ad77d825c8e,649f563f-c280-4cb5-a6b1-81e9567055cb,7934193.409395899,7934194.070868305,7934203.919122521,5915,200,0.6614724062383175,9.84825421590358,160
6ca6268b-254e-4fea-9881-77d0bf454147,a7665175-db71-4c41-b159-46cbf857d36f,7934195.410194134,7934195.730006331,7934204.07711138,3706,200,0.3198121963068843,8.347105049528182,160
79d81ce2-3080-4c04-b77e-b6cd8142f799,fc7a540c-ad9c-4bf3-98e8-177a30030277,7934193.409419176,7934193.830215143,7934204.133314213,4623,200,0.4207959668710828,10.303099069744349,176
2047235b-a347-449a-9d5d-06bc86776baf,61aaf7d9-5163-47db-a2f7-a5dfc87dc710,7934194.409454905,7934194.773287343,7934204.189170831,3828,200,0.3638324374333024,9.415883488021791,160
ac35ac89-912b-4f6d-a4d1-101598f24ba7,d6c6ecce-7613-4cc5-89c7-46de6050a111,7934194.409457715,7934194.496474567,7934204.325914868,1005,200,0.08701685164123774,9.829440301284194,992
6274f18b-871c-4e91-ae65-552708377c8e,0a292c2d-a16c-463f-8328-8918f0e015aa,7934196.410098024,7934196.947937607,7934204.841001847,1694,200,0.5378395831212401,7.8930642399936914,256
b561eb6d-7f87-4e53-81bc-4f3447ae4471,f82351e7-3d63-4b51-ae04-4b1630ee9ca6,7934196.410084672,7934196.952019031,7934204.846935906,4987,200,0.5419343588873744,7.89491687528789,224
10b22c3e-8921-45e5-ad64-eecc34ca29ff,9751aa65-dcbb-464d-885d-1feaba1a4819,7934197.409851695,7934197.743565858,7934205.060202083,3508,200,0.3337141629308462,7.3166362242773175,160
bf892a40-1c7b-4586-b837-20c39af55343,0ea7eebf-4e91-49b7-886d-7fde689bef99,7934198.409810334,7934198.669669136,7934205.32172691,2766,200,0.25985880196094513,6.652057773433626,160
22f7f4ff-cfa5-4480-818f-f3738f760d34,6390146e-f25a-4269-b965-86f87e50701d,7934196.410066683,7934196.716822077,7934205.3718766915,2885,200,0.306755393743515,8.655054614879191,16
742746fe-92e3-415c-8030-05250cd574d9,f1c9a465-31b9-4ab6-ae78-59df434e4f7e,7934196.41007873,7934196.922903736,7934206.240935204,5875,200,0.5128250056877732,9.318031467497349,160
07b069ba-dda9-46b1-9aad-068e0af5c2e4,8430f359-c0da-41c2-8c0a-99afadae6c25,7934194.409443148,7934194.91454051,7934206.247925652,5872,200,0.5050973612815142,11.333385142497718,224
dd70f98e-3714-45be-9993-ca9dd8f02bf8,ca330d28-a7ef-4a25-a6cc-51578e715514,7934195.410187232,7934195.892121107,7934206.409602123,5875,200,0.48193387500941753,10.517481015995145,176
59532ca6-13c7-45ad-a70e-5e56b9aeed66,2e537ed5-6b5a-485b-a5d3-f821b7a2b92f,7934196.410086948,7934196.911724251,7934207.16716729,5900,200,0.501637302339077,10.255443039350212,176
9dbe8265-f221-433d-8df5-a3ef37dc925f,01524993-21d4-4d2d-a5d5-91a5663d91e2,7934197.409933543,7934198.624338458,7934207.243742761,5850,200,1.214404915459454,8.61940430290997,224
9b7a3d0b-9f2b-4780-9c2d-02e8f0b43faa,572c2839-ba50-43b8-b7b0-0bf23c8d57dd,7934196.41008968,7934196.947000373,7934207.268659774,5629,200,0.5369106931611896,10.32165940105915,224
2ed1ffad-2b58-4121-9597-7fa612240c5d,c0e273f1-c346-4c7f-ba9e-53a9c61c18c0,7934198.409813781,7934199.158291302,7934207.27158978,5476,200,0.7484775204211473,8.113298478536308,176
bc0bbf80-5d30-4fbf-ad39-15ebd4bd44a4,ce6f50d7-6546-4e5e-801d-c1df390fc739,7934196.410095772,7934196.702621953,7934207.340454758,2460,200,0.29252618085592985,10.637832805514336,16
77b896f1-1d10-41dd-a02d-7b073002e30f,11ed2698-a70a-4704-b64c-933c1e3f5226,7934197.409897344,7934198.105330817,7934207.376864927,5758,200,0.6954334732145071,9.27153410948813,192
1a647e32-f8b5-43ee-89f9-15e4387541bc,eebd360c-a6f8-44bb-8be3-022c7f51f6ed,7934196.410082451,7934196.678444275,7934207.894738592,2962,200,0.2683618236333132,11.216294317506254,176
0a8567a9-c61f-44a4-9169-c3ad8b054026,3ed61bf9-527c-438b-9427-d3c27f9b8bc8,7934197.409920944,7934198.081514686,7934208.003327483,6001,200,0.6715937424451113,9.921812796965241,176
cf201e4c-e5cf-499a-b1a4-a76c9f5aa131,f210abcd-570b-431b-8891-b977ea47e021,7934200.410047432,7934200.564703416,7934208.358802885,1499,200,0.15465598367154598,7.794099468737841,224
57147503-e2c6-42ed-95d8-070c44ac76b0,90d228aa-55a6-47fd-8f46-cd871d180b10,7934197.409924767,7934198.130658843,7934208.363144355,5837,200,0.7207340756431222,10.232485512271523,160
6a59a440-ac7c-4d84-8b94-28943238b96e,9e3c8867-59dc-4f49-8675-cc60714855dc,7934198.40979481,7934198.691235669,7934208.371997557,3260,200,0.2814408587291837,9.680761887691915,288
df91d6be-22fa-45cc-9c78-4319c499ba2e,99739e4b-0948-421b-91a7-a3c430be6f19,7934200.41004252,7934200.540036433,7934208.452906335,1030,200,0.12999391369521618,7.912869901396334,192
031f7e3b-dba4-42ff-8084-903088314f4c,4a8c5b6b-e155-42ad-badf-17b8d48d8aa9,7934195.410196978,7934195.795359508,7934208.735198214,4261,200,0.3851625304669142,12.939838705584407,160
58c78ce4-87f2-44c7-95e5-df999ffb82ca,8094c720-081f-4a98-aca9-d83abaec4c87,7934196.410092592,7934196.642944498,7934209.017845708,1733,200,0.2328519057482481,12.374901209957898,160
1f56ab0f-6b06-4168-9dd1-49db2b08b334,5fcd7bbd-da7e-4afa-95ef-18c316df5c14,7934198.409803857,7934198.932993486,7934209.087134929,5788,200,0.5231896284967661,10.154141443781555,224
093d248f-fa0c-4dcb-b68b-8589bc500d45,b654d5e6-e3eb-4dbc-aa01-60dee8fba52e,7934198.409819522,7934198.684107876,7934209.195763466,2646,200,0.27428835444152355,10.511655589565635,0
f184f601-06df-45bd-8777-1644564257f0,c3ce244b-c729-4d19-9eca-771462a7d8ff,7934197.409916029,7934197.676287021,7934209.277238122,2541,200,0.26637099124491215,11.600951101630926,192
4218642a-490e-4648-b239-dcedad0bce58,e6b5aa5a-f8c4-40a5-83af-81b226cb08c3,7934199.409627863,7934199.926794702,7934209.288500941,5717,200,0.5171668389812112,9.361706239171326,176
4ea6404d-f9ec-4beb-83c0-67740b0529d3,586ddd63-a522-48ce-ae0d-777af55d3cac,7934197.409929483,7934197.9007760165,7934209.369577672,5827,200,0.49084653332829475,11.468801655806601,224
8379dc32-e7d7-4dd2-b275-4fdb17519e36,a499fde4-51c2-4cdf-8809-3a52991b1c6c,7934200.410025299,7934200.886451387,7934209.66278468,5912,200,0.4764260882511735,8.77633329294622,176
7951aa6c-4ee2-4619-ba17-1b0e7dc84eb4,19c30b89-49e6-4785-b4ec-da68e367d4ae,7934199.409634561,7934199.917437916,7934209.690418981,5939,200,0.5078033544123173,9.772981065325439,176
b9a4476d-5778-4490-b3e9-3e215d4b901c,e6637aa4-3c0e-4683-beb9-6bdb1f923cdc,7934198.409807441,7934198.890648919,7934209.881469679,6072,200,0.48084147833287716,10.990820759907365,224
66a45cee-fb6b-4210-a796-192f553d56a7,00350808-5c9c-404f-9bcd-c153da1e8468,7934201.409635106,7934201.598020448,7934209.985650467,1840,200,0.18838534224778414,8.387630018405616,176
9cec040c-eeca-47d7-9263-82cdbe18f463,d99bd3a4-aa98-4081-914d-d5fe46dea9f9,7934199.409617324,7934199.600976934,7934210.0206125025,2156,200,0.19135960936546326,10.419635568745434,176
92f0609d-82f6-45e5-a6e1-3b7ac86732e0,4605532e-01fb-47f9-adba-e8a42434e6e4,7934201.409652242,7934201.5547728855,7934210.082814194,1158,200,0.14512064307928085,8.528041308745742,160
0776a82a-7927-4364-bd60-9cd2e2b61b73,5b4e6569-39b6-477d-b82b-e9fa840a6eac,7934199.409638132,7934199.932427209,7934210.118364944,5879,200,0.5227890769019723,10.185937735252082,160
34e82cc6-7719-46f0-9101-01608fdf7867,67051a1d-89a2-4ed0-8ddd-2edca032ecdb,7934199.409631734,7934199.924221615,7934210.2213353235,5935,200,0.5145898815244436,10.297113708220422,176
6cce9271-28db-490d-aaf9-6408dca723f7,3fad36b5-6bb3-4dd2-b7e5-7ce7e5787a0f,7934201.409646993,7934201.608047299,7934210.3446887275,1859,200,0.19840030651539564,8.736641428433359,160
26f76e17-4fc0-4632-ade7-5ba517bc7a3d,69adc9c9-2273-43eb-a23c-a4efe562816a,7934200.410038736,7934200.519895345,7934210.43204093,815,200,0.10985660925507545,9.912145584821701,176
060d46bf-33a1-4b3a-9ec6-a0620852fecd,c042296f-1f45-4a47-8fd6-d3a427bbfd9a,7934200.410045145,7934200.86322771,7934210.740766909,5504,200,0.453182565048337,9.877539198845625,192
822c212e-26a5-4ffa-b14a-fa3c04d22629,ffd0b423-c554-4d30-981b-d5ee5c345c99,7934201.409649421,7934201.768866259,7934210.834490036,4021,200,0.35921683721244335,9.065623776987195,192
8a6c3e3a-0d38-4f7f-9d61-de677cb0d315,8162980e-e365-418d-87c3-2d53058fb7f2,7934198.409816852,7934199.073799029,7934210.961534634,5620,200,0.6639821771532297,11.887735605239868,160
e842234b-cd23-460f-83f7-e526bd6b64b4,f6528ead-3790-48e8-bf6e-24fdeff779c9,7934202.409473122,7934202.832088739,7934211.502036582,4967,200,0.42261561658233404,8.669947843067348,176
cb7ec948-21f0-4638-a175-6ef05a0b2541,4717d3eb-c887-4854-adc7-7c474067cf88,7934203.409814011,7934203.675217139,7934211.515206316,2940,200,0.26540312729775906,7.839989176951349,176
5620aeb9-5ee6-4074-b0bf-4c294520181a,8e020282-5ecc-434f-b573-91c202e1468e,7934203.409820454,7934203.865316147,7934212.117913778,5523,200,0.4554956927895546,8.252597630955279,176
d576ff87-887e-47aa-867e-dcba0314c4fc,145e5f0d-7ea8-47b9-b4c3-c7f6cf51725e,7934202.409467564,7934202.634085059,7934212.255759413,2787,200,0.22461749520152807,9.621674354188144,288
8d35597f-3f75-429b-b4f8-7ded3b58859b,41d72990-c4f9-4f15-a3a5-0d6b55ca3bc4,7934202.409388287,7934202.526167349,7934212.7298073685,518,200,0.11677906196564436,10.203640019521117,160
f3246040-5b58-47ea-9d1c-ff1b3492a211,e2758233-3b9b-4d9c-ada4-f41e0412e585,7934203.409804141,7934203.656568962,7934212.93156492,2527,200,0.2467648210003972,9.274995957501233,16
353ed22b-ccbd-43a7-89c3-a30d699e9c94,67758644-12b8-4d98-b640-a9e8ac069351,7934201.409654797,7934201.498028483,7934212.976992281,657,200,0.08837368618696928,11.478963797912002,192
53fb9d07-c7b9-438c-b5ca-0dd8684e1a3b,52377bb8-f78a-45ab-8e51-d46ef232477d,7934204.410231963,7934204.938208884,7934212.996975044,5911,200,0.5279769208282232,8.058766160160303,192
2f970f4e-d0c1-4102-9fd6-c532cf2dd0f1,77d7eb80-2931-44e9-917a-939b4706e637,7934204.410255898,7934205.379068347,7934213.014825325,5837,200,0.9688124489039183,7.63575697876513,160
3882b87f-29b1-4e05-848a-acf030b115d5,07cc5745-65dc-498f-99ac-d5a4354b0626,7934205.409623303,7934206.056042965,7934213.146979553,3753,200,0.6464196611195803,7.090936588123441,176
476ff310-b469-4cb7-b01e-8173bf4b8d3e,a26972fd-5c20-4eee-90b4-0d0d88eabfe5,7934203.409823195,7934204.000031607,7934213.336484982,6594,200,0.5902084121480584,9.33645337447524,192
31f3fe77-2be6-48df-bdd3-e7f89716356f,59f382fc-4000-4ad3-a823-919106d73d6f,7934204.410244687,7934204.689761481,7934213.365566085,2738,200,0.2795167937874794,8.675804603844881,160
5ded575f-397d-401a-9a60-84f607d27afd,2354094b-5191-4448-be6e-b3bbb69ce9f0,7934206.410025325,7934206.896829669,7934213.474367035,5745,200,0.48680434469133615,6.57753736525774,224
1d9aa7ce-4d5f-40b0-b007-efc53058333b,55a46424-dc8a-4408-bb90-47e7b7a6401f,7934204.410172321,7934205.139269184,7934213.939596466,5931,200,0.7290968634188175,8.800327281467617,224
e115947b-a97f-445a-acfb-77b0ee902b26,6a0f8598-e547-4e24-8413-65bc893e194c,7934204.410248056,7934204.518370429,7934214.033634259,681,200,0.10812237299978733,9.515263830311596,192
8fb4a54e-ca5c-4f13-864a-5a9923db99c1,edf00561-d5fd-43db-891d-a57747fab3fc,7934204.410240517,7934204.947073114,7934214.061404474,5714,200,0.5368325971066952,9.11433135997504,176
71dd6565-74fd-4f97-ab6e-c85b19026395,33dc18f9-e1dd-4050-ba46-e0d05a421864,7934204.410236616,7934204.767445216,7934214.124983021,3363,200,0.3572086002677679,9.357537805102766,192
15cc6c9f-ef60-4015-a965-1718a48898e5,3ce4e7a8-164e-4281-af94-9119012af635,7934205.409639976,7934206.004235866,7934214.149776189,838,200,0.5945958895608783,8.145540323108435,192
544442f2-6b86-4fc2-b284-b6d5db4148a8,016dd4b2-29b2-4b1e-8e7a-9002ec0e19e8,7934205.409626081,7934205.608475909,7934214.29614121,1610,200,0.1988498279824853,8.687665301375091,224
81827d4a-03b5-4c2e-8ab9-7742c16f890a,1bf26568-c5c1-4e78-8ba0-796957c5b747,7934205.409619618,7934205.585050259,7934214.326316947,1273,200,0.17543064057826996,8.741266688331962,176
e76d8f44-3e34-4961-ad82-2d7814caa801,6ea89213-a24b-4e04-9166-3ae74526c64a,7934205.40963194,7934205.575605137,7934214.420154453,1276,200,0.16597319766879082,8.844549315981567,192
bf41d5f9-41fd-4dd3-927e-574dd78d07bc,83b87dad-7d4a-4b0a-b4dc-3dc07570827f,7934202.409443204,7934202.605360334,7934214.85998105,1758,200,0.19591712951660156,12.254620715975761,192
3df8796b-60bc-43e8-8f90-03bffbd29d94,abea0846-5b48-41dc-b9bf-d5bea8fa1a2b,7934208.409826223,7934208.736510114,7934215.021277424,1115,200,0.3266838910058141,6.2847673101350665,192
b6f122f6-ea75-4ec6-a751-a55758e465ca,2e90c9d3-0cc0-431a-a190-712898af6e66,7934206.410014084,7934206.860238088,7934215.231327958,4996,200,0.45022400468587875,8.371089870110154,176
d128116e-52b5-4901-8213-ffe83eb1c011,03bfbc57-8878-4e23-ad8e-e62d44d9ba11,7934205.40960819,7934206.106866905,7934215.317800916,5971,200,0.6972587145864964,9.210934011265635,176
6f115753-7d40-4a3a-8eb1-e14d32885c33,c67ed64b-ebd5-4f27-9da9-1071f4c7abce,7934205.409637583,7934206.101394982,7934215.3126073545,2435,200,0.6917573986575007,9.211212372407317,176
775ee4b1-86e7-457d-8bbe-c6752d799cb8,c7344d02-17ce-4505-8d92-ada61240d9c1,7934207.41011057,7934207.677180615,7934215.423237398,2663,200,0.2670700456947088,7.746056783013046,192
6598b126-3076-483e-aabf-ee69c9aff9c5,5feecc80-78cc-489f-a6b9-84a83af8bc36,7934201.409643859,7934201.90726382,7934215.557265934,5813,200,0.49761996138840914,13.65000211354345,176
f212fec1-6cb8-4441-b669-429bdd40c807,2578c165-88d2-4fcf-8239-ee23a11cde02,7934207.410122771,7934207.888911414,7934216.06019745,5987,200,0.4787886431440711,8.171286036260426,160
6743f6ec-59c4-4611-8aa7-2c2e44398253,1ce0cc43-25d2-46e0-91e4-43901076cdf9,7934209.409707079,7934209.676840025,7934216.164924936,2402,200,0.2671329462900758,6.488084911368787,224
86f3f3c8-bca4-4eed-b14b-e9a600ce09e2,30910795-649d-4c33-afd7-634035edf721,7934208.409819072,7934208.571476996,7934216.318070803,670,200,0.16165792383253574,7.746593806892633,160
a7ec9c3e-7864-4fb7-9ba9-dec0acb35b8d,12ed77b0-f0e1-4d6e-912d-ddc62a0ba391,7934208.409840708,7934208.999806337,7934216.334985966,5845,200,0.5899656293913722,7.335179628804326,176
67fae374-689e-4e67-9cfe-dbd5a35e3e91,a1329327-31f8-4e0e-8c96-d4c38c61242d,7934207.410127019,7934207.587838447,7934216.402314349,1818,200,0.17771142814308405,8.814475902356207,224
e4059bb2-040e-4a86-8bd7-a2a03496feea,9be2a601-19ad-4a64-8a31-74d14d459e36,7934208.409823058,7934209.052803038,7934216.462142944,5863,200,0.6429799795150757,7.409339906647801,160
e7fd8a4c-f8f0-4fff-bb8b-cbc38bb26e10,b4a94ea5-376e-4be1-9fd2-48c7486ef854,7934206.410028784,7934206.588234263,7934216.5005405415,1571,200,0.1782054789364338,9.912306278944016,224
f5822b4b-4bad-4a43-9f89-24e01ddc05b2,99e0e4b1-23a2-4541-9f03-bb67c392735b,7934206.410036109,7934206.854788648,7934217.716235124,5186,200,0.44475253857672215,10.861446475610137,176
751eb374-a5b2-4c42-b162-ed028a4370c8,99bfa5b8-81b7-48c0-a8d6-629e60885c21,7934204.410213354,7934204.9379309295,7934217.872749993,6314,200,0.5277175754308701,12.934819063171744,192
e639d65a-92f3-4a9a-951d-7fc64dcf434d,08648f01-3d60-4970-b1a8-6c2826c616cf,7934208.409829318,7934208.920623095,7934217.878407417,5951,200,0.5107937771826982,8.957784322090447,176
22055e1c-150d-4cff-8450-dc97319cc17e,8171fb88-1e6f-49a9-ab54-976103cd97e5,7934205.409634678,7934205.642612723,7934217.95263605,2367,200,0.2329780450090766,12.310023327358067,192
d953463c-c4cf-447a-a207-707312dc14b1,26c258a6-5b59-44bd-b849-a28547921f76,7934204.41025223,7934204.938881885,7934218.550217372,5998,200,0.5286296550184488,13.611335487104952,224
e74bc462-c384-4f65-a951-384243102c1a,dcff9a1f-a60c-4377-8789-154950a7f139,7934203.409817402,7934203.916802129,7934218.557328129,5911,200,0.5069847265258431,14.640526000410318,160
489233c2-52d4-4b8b-af80-b8eb2eb30a90,15332257-88ef-4326-9ea6-b3f0529eafbe,7934209.409710887,7934209.576169516,7934218.580769376,1594,200,0.1664586290717125,9.004599859938025,160
aee72273-2142-4f6d-84be-316525694f00,384c381c-9e43-46bc-ae6e-f423ed8194ee,7934206.410033017,7934206.845893788,7934219.347544594,5086,200,0.4358607707545161,12.501650805585086,192
8d6c2322-40b5-4597-a313-079ea5104ea7,50febabb-892c-4a87-b8cf-3f82b8fdd573,7934208.409832337,7934209.386611772,7934219.902778595,6026,200,0.9767794348299503,10.516166822984815,160
07bb931e-5163-4d95-b6cd-c489b9201d48,616f129f-3b5e-4571-8580-6d776d7d23f8,7934209.409713886,7934209.637920885,7934220.009769954,2462,200,0.22820699959993362,10.371849068440497,224
12499b4e-dc03-4116-ac2d-283d26911554,a2917ffe-8d97-4a93-82c1-5c15242ac5e6,7934208.409838086,7934208.918467261,7934220.167388822,3192,200,0.5086291749030352,11.248921561054885,192
43aa1f41-fe4c-4eca-a494-0a09273c4a12,ba2e8e79-30dd-4877-acf0-65973d9f29c7,7934208.409805403,7934208.928470229,7934220.173771498,2889,200,0.518664825707674,11.245301268994808,192
83e92529-173c-482b-b35a-c7121274bb57,1d1a4bec-da87-4ab0-9afd-e22b33a3b57b,7934211.409434835,7934211.6071998,7934220.414048119,1812,200,0.19776496477425098,8.806848319247365,192
d57c6c5c-b27e-42ac-98a2-b9672555907e,e4e2e608-ce54-4ee6-8651-29dcfd54dc86,7934208.409843658,7934209.040186605,7934220.430813817,1029,200,0.63034294731915,11.390627211891115,160
af6e1181-3cd5-430b-b1f6-86b223fbad1c,9724fec6-5a27-419a-835f-02d1cdee68c6,7934205.409628669,7934205.905945419,7934221.239952787,5770,200,0.4963167505338788,15.334007367491722,192
6b66bf48-6cc7-46b8-b844-fa85428b9189,c9558e45-2a86-403d-85c0-a9d29a0abf12,7934211.409420014,7934211.886730721,7934221.321056017,5030,200,0.47731070686131716,9.434325295500457,176
0534b07b-b16a-4c4b-bff5-79c2993dab12,a66219a5-0bf0-499e-8da4-6217f9feef08,7934209.409717071,7934209.518625153,7934221.795870722,859,200,0.1089080823585391,12.277245569042861,224
a8082460-462e-4782-88f8-876a6392e3af,21d6c7bf-0824-4d6c-ae87-342ca4d3bf10,7934210.409439578,7934210.921187278,7934221.84699039,5689,200,0.5117477001622319,10.925803111866117,224
9bc34da3-dcb5-413d-905e-bb44ce5fb9b4,d6e42e4d-4caf-4c43-b542-af920a9f2350,7934212.409575106,7934212.710627276,7934221.91291733,3278,200,0.30105217080563307,9.202290053479373,192
13a51b80-eb8d-4522-b45c-83462cb9e891,c6e38f2b-0d99-430b-8e69-70df034e0023,7934211.40942365,7934211.905961979,7934222.0227187835,5820,200,0.49653832893818617,10.116756804287434,224
9783b880-8a99-4460-aeeb-a61fcd060a92,cb953ede-153a-45bb-bfb3-12068eca1314,7934207.410130338,7934208.115702518,7934222.043848075,5576,200,0.7055721804499626,13.92814555671066,192
4c367922-c08c-4150-80e3-37d2e00037c2,e5f863e9-3a7b-4d7a-bdd2-60bc8ad6448d,7934210.409426141,7934210.900417479,7934222.141565175,5868,200,0.4909913381561637,11.24114769604057,160
00154d1c-d877-4db2-9212-29fc7d271af2,02fdc58c-4081-4c4f-b08f-be89fc1991ff,7934208.409835356,7934208.72991731,7934222.247771039,2365,200,0.32008195389062166,13.517853728495538,16
5bbb67ac-8698-4c0e-afe2-6d9cbb1aa737,d81300c0-9e09-45d8-84f5-e342f80ca6d0,7934212.409566087,7934212.549715062,7934222.527638526,1178,200,0.14014897495508194,9.977923464030027,0
43e336eb-27e8-45a1-9133-ad9c8c6992db,6898d6f2-8e46-4f07-87d2-63452e09f5c6,7934211.409406567,7934211.897070156,7934223.2175545525,5118,200,0.4876635894179344,11.320484396070242,224
f5274dff-7332-4007-8880-67f723564644,c6e456e4-af54-4e43-83be-7f792f4e7126,7934210.409443976,7934210.907467061,7934223.281215164,5916,200,0.49802308436483145,12.373748103156686,176
2f28be8e-61d5-403d-981d-cb322efc2b7c,0691447b-4b91-4b36-9c39-fd2b25d1d966,7934213.409515544,7934213.906070685,7934223.325808947,6485,200,0.4965551411733031,9.419738261960447,912
60e1725f-1d3d-496b-a7c3-ec5bc6a9523f,a49d24aa-32c1-4fd9-8039-e95dd8e8abd7,7934211.409427244,7934211.91362359,7934223.381257178,5764,200,0.5041963458061218,11.46763358823955,160
eafa9ae3-87dc-40f9-bf8d-de46f9e81389,c11b2f2c-9092-45e8-ae60-7c8dc222703b,7934209.409698253,7934210.112246799,7934223.490018944,5899,200,0.7025485467165709,13.377772144973278,224
385ac285-048c-46df-822e-88c84ee53445,7f8c295b-2bf1-4118-b828-2a33e7d46182,7934212.409578094,7934212.721653457,7934223.963592661,3347,200,0.3120753625407815,11.241939203813672,0
9421b139-a1c5-487c-b5b2-70ce78f44288,abc0c6cc-0bfe-4666-83e8-64b03ca4efa9,7934214.409469252,7934214.617945748,7934224.020167139,2270,200,0.20847649592906237,9.402221390977502,256
d774758d-1a49-4a39-b013-5f05643e1c81,d4cacfff-d5be-4fc4-86c3-ca3c2c799d9e,7934214.409472368,7934214.7475961,7934224.144843394,3401,200,0.33812373224645853,9.397247293964028,160
ed42ffe2-34c7-4b63-8aa6-d300f5500d3e,e5137238-7fd2-495a-878a-41bbed79caeb,7934214.409478849,7934214.727504434,7934224.5214953525,3409,200,0.3180255852639675,9.793990918435156,224
f8d17ae8-32f3-4f7b-b3c1-51d703db60a3,6390146e-f25a-4269-b965-86f87e50701d,7934213.409509012,7934213.604309353,7934224.819383482,2891,200,0.194800341501832,11.215074129402637,1056
8ea3e4c2-c1de-457f-93fa-e99b771ce696,bc1de8c2-a6ae-4eed-92df-8609cafce1c4,7934214.409485586,7934214.95448585,7934224.903129847,1280,200,0.5450002644211054,9.94864399638027,176
8cb80a87-aa5f-4001-aaaf-e1be9f7773e9,b8dda2fa-28fc-4eb1-802f-fb8defb5784f,7934215.409899619,7934215.574565126,7934225.055446437,1264,200,0.164665506221354,9.480881310999393,176
d272c879-b0e3-47e9-bd28-8456e71f97aa,62f03492-233a-4c73-8583-919a97f51a7b,7934215.409893982,7934215.650803292,7934225.103195167,2438,200,0.24090931005775928,9.452391874976456,192
4129439b-8a8d-45fe-9e0d-5ffeaaec391d,3b187a2d-275c-495a-833c-75272901b9ca,7934215.409874788,7934215.917468672,7934225.131579043,1811,200,0.5075938841328025,9.214110371656716,256
53b72665-243c-47dc-a0c8-93d486f8263b,583cbfc9-7618-498d-864b-dd180e9fa774,7934211.409431584,7934211.924634881,7934225.168805625,5976,200,0.5152032971382141,13.244170743972063,192
52b75e12-7eb6-4e90-9f92-0aafb19d00bb,f5152412-29dc-4335-be1c-ee1dc24e4c82,7934214.409475659,7934214.997874819,7934225.461338593,6444,200,0.5883991597220302,10.463463773950934,192
6d99764e-69fd-447a-b7d9-74d7c674aaaa,3d7c75b0-1e1d-4eb3-aac3-ba4080d6570f,7934215.409896719,7934215.63682225,7934225.766237917,2452,200,0.2269255304709077,10.129415667615831,160
f4c6c461-b6bc-4467-9477-5f964f83c118,55d2324f-c44a-414f-861b-ac4705ce2f69,7934216.409858616,7934216.70339423,7934225.843173582,3046,200,0.2935356143862009,9.139779351651669,224
1a578575-e822-4210-ba40-ca289294ae5f,743528ce-8ff5-4c63-8df5-2e9b0703cc0a,7934214.409466203,7934214.744915753,7934225.857111842,3429,200,0.335449549369514,11.112196089699864,160
ca69b17e-2067-4b9e-a37c-5190986a37ce,552bec3f-53c2-4c84-990b-b3a31a68408b,7934213.409512601,7934213.884594476,7934225.984181727,5801,200,0.47508187498897314,12.09958725143224,176
1b40c896-356e-4475-881f-882252498c87,ff19633c-acff-4576-b01e-d80c3fbca124,7934214.40945033,7934214.90034119,7934226.079206896,5516,200,0.49089086055755615,11.178865705616772,160
03e1076d-781b-4212-acea-d6226729a580,c226d327-ec87-408c-844a-cb6a344c2aea,7934215.409902126,7934216.166974476,7934226.130063277,538,200,0.7570723500102758,9.963088801130652,192
d43a17b4-0505-4d82-b9fa-a80a4f6c3ecc,dd2b277d-7320-4529-bb10-09e0e4b25d8f,7934215.409887401,7934215.943931966,7934226.195219908,5809,200,0.5340445647016168,10.25128794182092,176
32d7c33e-ec5c-4de0-ae74-159799e99772,c0256791-c1ba-4f9d-be2a-b22ce90b509a,7934216.409861517,7934216.791815953,7934226.230459568,4050,200,0.38195443619042635,9.438643614761531,160
0c699697-4a0e-4106-ade2-92ea013cc16f,086d9db4-5996-4535-986e-525ff4b4a80d,7934219.409473267,7934219.663292342,7934226.417804328,2609,200,0.2538190744817257,6.75451198592782,288
a57582d4-da06-4d98-ae70-c9db5a2629b5,93032404-55d8-44ff-94c1-e83b4adf4b3c,7934216.40983765,7934217.101987839,7934226.457043644,5936,200,0.6921501886099577,9.355055805295706,224
28250413-1719-49b8-b85b-c0caae1ea752,92e9c4f3-5a88-45b5-bba4-0d7a61180e52,7934217.409407919,7934217.915025308,7934226.5639896635,6158,200,0.5056173885241151,8.648964355699718,224
c51727bf-71d5-4bc3-89f2-b3dc783867f9,11ed2698-a70a-4704-b64c-933c1e3f5226,7934213.409495862,7934213.899529948,7934226.662756835,5686,200,0.49003408569842577,12.763226887211204,192
3822e9be-f901-4a03-b37d-2bc8e9ef3ecc,ab5c571e-66fd-45fb-a12c-d2497b60f982,7934215.409911953,7934215.97758033,7934226.694046521,600,200,0.5676683774217963,10.716466190293431,176
88d4cf41-5ba5-411f-97f6-7421bf873502,2c6c787f-ce0d-46f8-8c82-65f2ac219c19,7934215.409891123,7934215.983385092,7934226.701397452,5905,200,0.5734939686954021,10.718012359924614,176
c95520f6-52d7-440f-944c-cebacecd0d5c,cd4629a6-2b96-4df9-a7c5-74be84bebcc4,7934214.409482605,7934214.780128766,7934226.7924974365,3907,200,0.3706461610272527,12.012368670664728,160
4e254898-78bd-4fe6-a631-92130729a493,f736d9db-b6e3-4fda-a6db-8f835470a33a,7934216.409855522,7934216.927519782,7934226.904603057,5933,200,0.5176642602309585,9.977083274163306,176
af374ba8-5c0f-408f-bc53-069d5dac3b7a,327c0ffa-aa23-4d82-a685-d4e61996d990,7934216.409864068,7934216.823016835,7934226.926140561,4333,200,0.41315276734530926,10.103123725391924,192
7d1cd735-e6bf-4b1e-9f70-8b635a1fe6af,54d11fb0-e397-4273-8b83-8a5523a7ebef,7934218.409274089,7934218.908720998,7934227.092746504,5923,200,0.4994469089433551,8.184025505557656,176
d340c4c4-7031-4615-a7ae-fae35b2cbde5,4bd80eaf-8b5c-4491-b357-aa692e0a7926,7934217.409412279,7934218.04741582,7934227.09789763,4775,200,0.6380035411566496,9.050481810234487,192
c30e9217-9564-4437-8fce-d479d92d8f60,00582910-d45e-43fe-9151-b2d8aa205d5a,7934220.409823107,7934220.91648662,7934227.142151209,5835,200,0.5066635133698583,6.225664588622749,176
f44c7861-00c9-4dda-b0c2-e5ca73c4e30a,bba30c2c-2f5f-43ba-8618-041c52204c6e,7934214.409461319,7934214.962382144,7934227.220165795,5976,200,0.5529208248481154,12.257783650420606,176
1608a509-0ea3-4266-aa63-19b89ee9ac06,6badb635-12b1-45cb-9019-63670c999c17,7934219.409458619,7934219.881375344,7934227.260363605,3262,200,0.4719167249277234,7.378988261334598,160
2070b41b-6f5e-4c29-a6e8-bf513e33b9dd,346884c6-d766-4ec5-aa72-7b2d60af0395,7934215.409908785,7934216.196246,7934227.271032335,6306,200,0.7863372154533863,11.074786335229874,160
5e5e5577-4fd9-4484-b419-63d2ecca3fef,46d0e33d-a861-4fe0-8451-3a9b6b02a7e9,7934216.409851816,7934217.204305693,7934227.326278984,5858,200,0.7944538770243526,10.121973291039467,160
9f1d6ce2-098a-4db5-a414-9bd8cdbec9cb,01c1bafa-b5bb-4860-a15f-0969b27850ba,7934221.409421535,7934221.752263884,7934227.450719208,3518,200,0.3428423488512635,5.698455324396491,176
d9cfb819-b393-4b7d-9200-728dcef03a76,f59505d6-2c8a-4269-b06b-4a09a34c57e0,7934215.409905285,7934216.150941412,7934227.455352809,5692,200,0.7410361273214221,11.304411397315562,192
9c960293-c7f0-4b0f-b492-6d35c5fb40ed,c042296f-1f45-4a47-8fd6-d3a427bbfd9a,7934218.409285394,7934218.907157208,7934227.488464168,5743,200,0.49787181429564953,8.581306960433722,176
31efc126-78b0-4685-b05c-d719d2863fc3,b37c25a9-30ca-45ba-948f-8b94d0b977f6,7934218.40925819,7934218.894443937,7934227.842638847,5407,200,0.48518574703484774,8.948194910772145,176
35d1f02d-e13a-4b77-82d5-b2eecd20699a,1c43eba4-81bf-4b3c-a107-b258630ab250,7934219.409469461,7934219.794340157,7934228.06840793,1317,200,0.38487069588154554,8.274067773483694,224
d179abb1-db9d-4f51-ab46-019931c12d7f,33e1e879-a9b2-42f0-b1cb-4f3cf8e6b433,7934219.409465838,7934219.923245247,7934228.087096039,5903,200,0.5137794092297554,8.163850791752338,224
2af5efc4-d7de-45dd-9fea-9b5a725bf97d,0e78f555-d2c5-4fe2-81d1-9a7530f75bf4,7934217.40939656,7934217.663231273,7934228.166363851,2823,200,0.25383471325039864,10.503132577985525,176
30f10473-6f71-47d6-9fc6-83ab59b03a21,dd8abcd2-6f78-4e3c-b821-2725f6f61b99,7934218.409282874,7934218.5794959515,7934228.187253801,1627,200,0.17021307721734047,9.607757849618793,192
cd44bd4b-6aea-4d76-bfb1-24a36490fafa,310a581d-ae8d-4277-90f0-34b55bd55910,7934220.409826898,7934220.919599379,7934228.425407257,5883,200,0.5097724813967943,7.505807877518237,224
74e91704-707c-47a4-86a0-105d59ee6bf4,967aed41-fbe7-4e66-a54e-1b932c3f1357,7934220.409818973,7934220.9055736335,7934228.954173366,5941,200,0.4957546601071954,8.048599732108414,224
4b592d32-dcfe-4d8b-bdad-7427d19364e6,451863a8-c37a-4460-987d-185a07fcf9bd,7934218.409289476,7934218.944392151,7934229.122418716,6240,200,0.5351026747375727,10.17802656441927,160
049e155c-629f-49a8-b5f2-cc50ae5bf7b3,19c30b89-49e6-4785-b4ec-da68e367d4ae,7934219.409462588,7934219.907235868,7934229.184778363,5939,200,0.4977732803672552,9.277542495168746,176
521a26f4-bac0-4efc-8063-d0f700eb6d54,e89d00a2-aef6-4faf-a8f6-58052acdc0b2,7934219.40947647,7934219.795933311,7934229.239184988,4104,200,0.3864568406715989,9.443251676857471,192
109bfb85-cb7e-4cb8-9873-ffe467c74859,384c381c-9e43-46bc-ae6e-f423ed8194ee,7934221.409425631,7934221.490521291,7934229.325080635,5086,200,0.08109566010534763,7.834559343755245,5072
a9baaa7f-32da-4b57-9e58-7973b561cb50,e2bb5c6d-8f13-4395-8e28-67275d11e72f,7934220.409807626,7934220.767503508,7934229.344625506,3610,200,0.35769588220864534,8.577121997252107,192
893c19ac-f27d-4b12-b12f-d8e58cb6d954,df0f9f8a-9867-430c-98ce-3f30f838e161,7934218.409278366,7934219.03063811,7934229.384840281,5821,200,0.6213597441092134,10.354202170856297,192
af93a5a9-b980-491f-94ef-43ca9c6de646,0e701727-8a9d-4ce8-87a9-9931a1476227,7934221.409408553,7934221.912682923,7934229.515272764,5851,200,0.5032743699848652,7.602589841000736,192
fbfc625a-1c51-494b-ab46-8d8bbeb59a84,f83a6d5d-465c-4ff0-bc0f-6eab5f238de4,7934219.409444463,7934219.924228309,7934229.524326369,5923,200,0.5147838452830911,9.600098060443997,176
ca624abf-96bd-45d0-b5f0-02b5371878ed,a2ba86da-8f5d-49d0-8042-bb89ccc41566,7934222.409271079,7934222.903640013,7934229.734171586,5862,200,0.4943689340725541,6.830531572923064,192
77d08143-60ee-4a01-82f9-a29024dc7b28,c0e273f1-c346-4c7f-ba9e-53a9c61c18c0,7934221.409427885,7934221.867834496,7934229.895067011,5447,200,0.45840661134570837,8.027232514694333,176
4dbc75e7-9116-4254-b057-edfa2d7a50ec,53dfe89a-8102-4086-85f9-8feab140d30f,7934224.409452327,7934224.895409887,7934230.0590278385,5892,200,0.4859575601294637,5.163617951795459,160
db94b179-25dd-4593-892c-5984d90c7d9b,5dd975b0-30ab-46b6-96e0-39b315e33c7d,7934221.409430273,7934221.887339884,7934230.096185088,5732,200,0.47790961153805256,8.208845203742385,192
bcf3cde8-707d-4c87-bd4f-ba1b8e472bc5,41d72990-c4f9-4f15-a3a5-0d6b55ca3bc4,7934223.409313114,7934223.507181943,7934230.197974777,518,200,0.09786882903426886,6.690792833454907,160
ec3b62d8-0b9c-444a-9e52-5b6b1eea88a2,2de8f2d6-66ab-4a07-90f9-203b01c54d88,7934222.409259193,7934222.908731649,7934230.384639204,5802,200,0.49947245605289936,7.475907554849982,176
f1c8d38d-4ecf-4aa5-986f-53cdba4a5400,e12b8c40-92d4-423f-9257-e7ca6e3758dc,7934223.409323792,7934223.923240813,7934230.9923979435,5951,200,0.5139170214533806,7.069157130084932,192
fc60e9c7-bfe1-4481-9922-c199821baca1,44e83e1c-1083-44c9-9f17-132d04102b38,7934222.409267691,7934222.749526921,7934231.049245778,3786,200,0.3402592297643423,8.299718856811523,288
fd98353a-7f08-4393-a6eb-04423ffb535b,e827bcdc-4d52-47f9-b3c6-64cb5b723399,7934225.409602539,7934225.689413614,7934231.263820213,2730,200,0.27981107495725155,5.574406599625945,160
7619ccbb-511e-4481-8aa9-84fc94544b9f,c7558f93-f86c-4355-a7b9-c08b9ddff562,7934224.409463813,7934224.851865521,7934231.8022220805,5522,200,0.4424017081037164,6.950356559827924,176
305dc386-14dd-4a92-afb0-45affcd8f161,ad6e0805-854b-4ad4-b718-81d6c8218f27,7934225.409606803,7934225.85455568,7934232.021141832,4571,200,0.44494887720793486,6.166586151346564,176
72382e97-3c9c-427c-b7a3-4287db484ab3,bfa767e2-3dd3-462a-8100-22c9a1611ab7,7934226.409417511,7934226.5647144,7934232.401670739,1586,200,0.1552968891337514,5.836956338956952,160
38cb22dd-a7c1-43d9-a7d9-50d4d1f0667b,9e3c8867-59dc-4f49-8675-cc60714855dc,7934225.409598646,7934225.699947756,7934232.87868121,3252,200,0.2903491100296378,7.1787334540858865,288
6a4ec45c-1742-4a18-9171-e6b12cdbd26e,4d5fc9ec-0170-4a88-adc1-b4297da5604b,7934224.409460788,7934224.534421564,7934233.18248292,805,200,0.1249607764184475,8.64806135557592,192
eed13fca-f04c-43c5-8c33-32262a310a91,394d1f48-5ed2-4b48-bbcd-f72d5f1a36aa,7934225.409577304,7934225.736117926,7934233.398465709,3630,200,0.32654062286019325,7.662347782403231,192
65cac402-fd31-42b8-b731-48d8576be597,21aff5d2-52eb-4393-97d6-cc63d6a99afd,7934227.409531954,7934227.89223745,7934233.429575557,5958,200,0.4827054962515831,5.537338106893003,192
34fcb4eb-a337-4998-9239-16b23d3abeaa,05c9a37c-7cb7-46e2-9554-dc0d1ad6af70,7934225.409594854,7934225.921522111,7934233.464144227,5872,200,0.5119272563606501,7.542622116394341,176
57402703-4e4c-44a9-96ef-be804d072cbc,b9a1c60e-769e-4d7c-9bcd-7c30c553b14c,7934225.409536987,7934225.911089992,7934233.839442724,5954,200,0.5015530055388808,7.928352732211351,208
21c3afef-7772-4b60-a0be-624bbcf3da4e,c49def02-d591-4de2-b5b8-5d6d36f9f1a4,7934226.409427849,7934226.66104262,7934233.889125496,2988,200,0.2516147717833519,7.228082875721157,192
b602faf7-cfb1-42fa-a8ac-2d2fbbce231a,03bfbc57-8878-4e23-ad8e-e62d44d9ba11,7934225.409610612,7934225.920723663,7934234.389688892,5971,200,0.5111130503937602,8.468965229578316,176
9a0e4103-5b31-4028-9d45-c029c160b016,cf3db011-98a5-4583-9d91-eb16b37b5740,7934229.409636734,7934229.653111392,7934235.393554901,968,200,0.2434746576473117,5.740443509072065,192
ab0b93f7-218a-4723-8380-6c90171f6ad6,79555c7b-a7d6-4507-9ba7-d84dc5f17364,7934227.409543537,7934227.622873949,7934235.442587228,2399,200,0.21333041228353977,7.819713278673589,192
ae2e3dae-ddec-4d53-bef7-9fcb781e57e6,145e5f0d-7ea8-47b9-b4c3-c7f6cf51725e,7934227.409547975,7934227.633555159,7934236.0394385485,2775,200,0.22400718368589878,8.405883389525115,288
6dd6a8c2-b835-4b07-be61-a4cbe4287851,e7803957-8926-462a-a31e-30cdb1c9ec2d,7934229.409660918,7934229.797871345,7934236.306735361,3333,200,0.3882104270160198,6.508864016272128,288
606c34b3-fb3b-47ab-9767-fbaaa9f0fdcf,799c1417-591d-41ce-b052-4d152da895db,7934228.409555425,7934228.882880792,7934236.348634199,5839,200,0.47332536708563566,7.465753407217562,160
cbc39404-5540-4502-ad02-3453b0dfa4dc,a37337b3-4345-44c2-99d0-bd4fa96c3614,7934228.409558691,7934228.811306713,7934237.428671288,4818,200,0.4017480220645666,8.61736457515508,224
fd379657-a2dc-49c6-acb8-feb7330d16ae,a5fcfe4e-eb51-4ac0-b8bc-d87496e3d9cb,7934229.409653113,7934229.717981985,7934237.44412494,1975,200,0.30832887161523104,7.7261429550126195,192
3c35a20c-2614-4f6e-ba38-43859fce45b9,eb8d5825-451b-48b5-839c-bd3f2e385b6a,7934229.409657836,7934229.872078232,7934238.052781453,4132,200,0.46242039557546377,8.180703221820295,192
b447d1ec-41d3-4e3d-840d-d4615454f104,f554436d-1d1b-47f3-a997-b59b79320c86,7934230.41016094,7934230.8714414,7934238.200814432,5782,200,0.46128045953810215,7.329373032785952,176
9f83849e-2641-48cc-bc72-49559987680f,00afce9f-fcbc-4be0-8ad5-f936a8ddfc41,7934231.410081789,7934231.579187667,7934238.365401782,1776,200,0.16910587809979916,6.786214115098119,192
b4e50242-6164-42b4-83eb-71f070d61742,d846d4b2-4867-4720-9892-d49f8c7696e6,7934230.410170329,7934230.560817179,7934238.376529343,1582,200,0.1506468504667282,7.815712164156139,176
ca2a80ef-9fa7-4707-970f-e940fd51fb64,5555e6f1-41e9-474b-b230-5cfb010b675a,7934228.409546761,7934228.900325297,7934238.389454776,5880,200,0.4907785365357995,9.489129479043186,160
78e8ca18-6876-4780-959f-933b1a05021f,df0a35f9-6001-4df7-9553-17f2347760bb,7934230.410174453,7934230.809844903,7934238.392444617,4685,200,0.3996704500168562,7.582599714398384,224
a9fb94b3-bc30-4e00-b19f-2281740ca3dd,893d54fb-c8cf-4265-b0f0-731eb46f056f,7934231.410078107,7934231.887009008,7934239.317254208,5788,200,0.4769309004768729,7.430245200172067,192
17f55a70-deda-424d-b624-4cf9ef29a34c,5ed43ab5-6e62-46fc-a695-99d4cb7b0dcc,7934231.410065895,7934231.896083504,7934239.978290348,5901,200,0.48601760901510715,8.082206844352186,192
66aef769-4313-4f7d-9aad-1b5daeef062c,c174f84e-239e-4505-9877-710ea1e1aa00,7934233.409356857,7934233.815925384,7934241.032693031,4583,200,0.4065685272216797,7.216767647303641,224
bae64e11-42d5-4e23-b064-cd6d9b7a222e,baf92ccf-5953-4cbe-bea1-e5e4ec4f48f1,7934233.409349186,7934233.711585318,7934241.151065889,3283,200,0.30223613139241934,7.439480571076274,192
138a2bee-2455-4550-83c9-0045d222065b,01580029-b853-4a73-96e9-198754e7c6cf,7934232.409567775,7934232.8901456045,7934241.27369568,6002,200,0.4805778292939067,8.383550075814128,192
db08b01f-2428-4c09-a048-7f439752286c,016dd4b2-29b2-4b1e-8e7a-9002ec0e19e8,7934234.409896299,7934234.7027545385,7934241.282039084,1610,200,0.2928582392632961,6.57928454503417,224
404cf77d-dda5-4b2b-9714-b5cc548d7677,7a32f88d-b258-446c-954a-35e5cd5a4c84,7934235.409639162,7934236.115305916,7934241.336729725,6341,123,0.7056667543947697,5.2214238084852695,176
8ae306c3-ae1f-4c0c-a560-f0a60b360cb7,b654d5e6-e3eb-4dbc-aa01-60dee8fba52e,7934234.409905013,7934234.675514987,7934241.956943591,2646,200,0.26560997404158115,7.281428604386747,0
6337bbd0-945e-42a2-8df3-9d6d4475e40a,23ee0cbe-2b7a-408b-9469-e2b3dc42f35f,7934233.409362391,7934233.867493756,7934242.083796366,5461,200,0.4581313654780388,8.216302610002458,176
ab61cebb-d5b8-424f-b687-db40807e06a2,09329235-b77c-4c42-adf4-ff1827d1d710,7934232.409564181,7934232.887000223,7934242.139951195,5880,200,0.4774360414594412,9.25295097194612,176
d0c43ad6-2cf9-4f8f-8b1a-3aad33697054,c5e80430-d231-4b4b-ba36-b8fdc718933a,7934235.409646914,7934235.653295767,7934242.265422899,2324,200,0.24364885222166777,6.612127132713795,224
71a805b2-280c-47ca-a5c4-8434cc8a69c5,a1329327-31f8-4e0e-8c96-d4c38c61242d,7934234.409911959,7934234.588399847,7934242.281583521,2022,200,0.17848788760602474,7.693183673545718,224
043b2e90-2c1c-4d5c-976a-6f2500078d55,abc0c6cc-0bfe-4666-83e8-64b03ca4efa9,7934234.409902489,7934234.828744859,7934242.302641139,2339,200,0.41884237062186,7.473896279931068,0
d7c55cb2-dfde-4be5-a95d-c9869084bf10,df0f9f8a-9867-430c-98ce-3f30f838e161,7934232.409570388,7934232.898640188,7934242.363445679,5646,200,0.4890698008239269,9.464805490337312,192
0b40a9f3-6c5f-4ee4-a83e-e8e0846bd4f1,b43a54be-56bf-4383-90c8-2237a54a894d,7934235.409642857,7934235.857278118,7934242.373062786,3117,200,0.44763526134192944,6.515784667804837,224
0a6c27c6-a944-4012-be69-c12efd7087cc,0136334d-367a-412e-a713-3b46dd3fbb28,7934232.409555621,7934232.895603747,7934242.994574872,5916,200,0.4860481256619096,10.098971124738455,176
6f3ff841-2071-4cd1-9981-62a45bbf1f93,e4212cdd-4eb2-432c-8728-ac09b26569d4,7934233.40935971,7934233.72746041,7934243.082627998,3385,200,0.31810070015490055,9.355167587287724,192
25b0a170-63ed-4494-a511-164368479d95,9c107b6c-4101-42aa-9de6-3ff87c671de9,7934234.409899953,7934234.913911844,7934244.299566929,6030,200,0.5040118908509612,9.385655085556209,192
2570f36a-e69f-4a21-a74e-3b400e13f128,2b648323-c36f-4d40-a568-1b308a23e4fb,7934237.409569396,7934237.4822845105,7934244.316461804,653,200,0.07271511480212212,6.834177293814719,176
b0cf93ee-f163-4d93-9cb3-60f2d9748ee5,d58f6a04-6c49-4da0-97a2-a89a8f9c9ac4,7934235.409635241,7934235.68172666,7934244.634121065,2105,200,0.27209141850471497,8.952394405379891,176
6d9c3910-2530-4af9-8ced-dd5f90280a29,8a111b60-2340-4df0-891d-81e653adc99d,7934234.409908586,7934234.909605781,7934244.680994137,5804,200,0.4996971944347024,9.77138835657388,160
d2bfe94d-b4d5-48ca-839f-654fedec17d8,c226d327-ec87-408c-844a-cb6a344c2aea,7934238.409493894,7934238.499313118,7934245.097312126,655,200,0.0898192236199975,6.597999008372426,512
f7fdadd9-e9aa-494c-9ae2-c2ae3d36700f,7a32f88d-b258-446c-954a-35e5cd5a4c84,7934242.409256026,7934242.96164389,7934245.194440003,6341,68,0.5523878633975983,2.2327961130067706,176
37e443fb-2c98-4b79-973b-8f1eb4f92e54,df831d09-321b-4ae9-9739-8a1cee2e855a,7934235.409626237,7934235.954740964,7934245.236512137,5926,200,0.5451147267594934,9.281771172769368,192
69059288-c815-4201-b8f0-bb5e23463718,13c8030e-be08-44bc-b1d5-1304416e7a6e,7934237.409555576,7934237.882444819,7934245.256185443,5814,200,0.4728892436251044,7.373740623705089,224
e72a2cd7-b624-4a1a-9362-274865ad506d,62f03492-233a-4c73-8583-919a97f51a7b,7934236.409312182,7934236.472199047,7934245.297663159,2426,200,0.06288686487823725,8.825464111752808,2400
9ae9c353-5a73-4b5a-a912-b7ac28b2f09a,b08a97a6-f8e0-4014-92ec-ad1af8ba590e,7934234.409887451,7934234.882405551,7934245.327047895,6004,200,0.47251810040324926,10.444642343558371,176
07325c30-9c9f-43ea-85a1-b1115981a269,623e1445-3e3a-45f8-b5a7-4ffd7a140c28,7934236.409301099,7934236.50269662,7934245.432930813,877,200,0.09339552093297243,8.930234192870557,176
1280fa36-6778-4d04-ad71-43fe539f02a4,eee60849-6a21-4615-8b42-be632d4dfff0,7934236.409309253,7934236.905855167,7934245.564522103,5941,200,0.49654591362923384,8.658666936680675,224
6f6948be-31e9-4e2a-a0cf-98d757bee070,11ed2698-a70a-4704-b64c-933c1e3f5226,7934238.409480734,7934238.928264533,7934245.81146606,5859,200,0.5187837993726134,6.883201526477933,192
9fe88b2d-787b-4baf-b4c8-6238bd1a0a42,4ae02155-c413-4c65-b178-63d7dab745da,7934239.410225718,7934239.614287201,7934245.969223193,1754,200,0.20406148303300142,6.354935991577804,160
082e29b3-03e2-4d84-a100-473d983fef8a,c3ce244b-c729-4d19-9eca-771462a7d8ff,7934238.40949674,7934238.654382129,7934245.983625546,2697,200,0.2448853887617588,7.329243416897953,192
4d2632b0-e16c-4f24-bc45-eefe4e29420b,30910795-649d-4c33-afd7-634035edf721,7934238.409503039,7934238.518042199,7934246.004533223,670,200,0.1085391603410244,7.486491023562849,160
3ce2d7a4-65b4-4517-8e78-0a7e03aac6ca,5b7afdee-bc23-4cea-8c95-ee1786504a83,7934236.409314652,7934236.727459141,7934246.4118648395,3719,200,0.3181444890797138,9.684405698440969,224
a170c74c-601d-4397-b12a-a937c2d2f4be,99739e4b-0948-421b-91a7-a3c430be6f19,7934238.409487326,7934238.671204495,7934246.420407315,1148,200,0.2617171695455909,7.749202819541097,192
581c4522-8400-4126-9f10-a1f8ae20e514,15332257-88ef-4326-9ea6-b3f0529eafbe,7934238.409470877,7934238.673911635,7934246.423488663,1806,200,0.2644407581537962,7.749577027745545,160
7ef7b298-321f-44ad-a39c-157c2e3772a5,d15044b7-c396-404e-998e-93e71a743f28,7934239.410198469,7934239.611071279,7934246.566344976,2223,200,0.20087281055748463,6.955273697152734,192
e5b97a56-4a8e-4e6a-a26b-789b62420143,420cc219-d4c9-4156-b463-edb91ecbe2ab,7934239.410212746,7934239.652448648,7934246.883049007,2597,200,0.24223590176552534,7.230600358918309,192
03867f61-794f-4247-942e-dbcd6d5e266b,fe06d773-cd9a-42bf-b1d7-614c1c625f07,7934238.409490801,7934238.973242257,7934246.92615383,5883,200,0.5637514553964138,7.952911573462188,192
53ce5e59-61cc-46bc-a690-c8dca8210238,19c30b89-49e6-4785-b4ec-da68e367d4ae,7934239.410209151,7934240.083520721,7934247.261193859,5939,200,0.6733115697279572,7.177673138678074,176
db4bc351-a414-43d5-945f-c6217852e90a,4861bc1f-2fb9-4c4e-971c-e3dda892c195,7934241.409503081,7934241.530927929,7934247.349708681,1073,200,0.12142484821379185,5.818780751898885,224
939d7522-c884-46b2-83dc-b4dd29a963ae,b8dda2fa-28fc-4eb1-802f-fb8defb5784f,7934240.410022383,7934240.566554329,7934247.385446644,1406,200,0.15653194673359394,6.818892315030098,176
2920205c-19ad-49c7-93c1-8b4d30f74f99,147b36a6-ee7b-41e9-9e55-9d0a8335e8b4,7934239.410222782,7934239.815330398,7934247.4374277,4418,200,0.4051076164469123,7.62209730129689,176
e00c12bb-29e0-47f2-821f-1bc032dff166,2e6d427c-5d5d-4341-bd59-5c0bf98acf50,7934241.40951758,7934241.613090653,7934247.6648540385,2410,200,0.20357307326048613,6.0517633855342865,160
31ef71db-99c9-4e74-8aed-d7dcf26e7de8,15fbccdc-7622-4cd8-b468-066ca318efea,7934240.410031705,7934240.912683018,7934248.012473425,5907,200,0.5026513123884797,7.099790407344699,176
94cfa94b-001f-473c-80db-913a48fddef8,6729e742-81c7-499b-922c-2c6994bc9caf,7934241.409520773,7934241.709692117,7934248.43666649,3716,200,0.30017134360969067,6.726974372752011,224
0ce90167-7753-4df3-9d9d-51d5e1f0d324,a49d24aa-32c1-4fd9-8039-e95dd8e8abd7,7934239.410215968,7934239.883240666,7934248.545765532,5742,200,0.4730246979743242,8.662524865940213,160
dfcae368-bb89-41d1-ab73-cb672e20ceab,8d422f2a-231f-45fb-a52a-f07367e2f4cc,7934242.409263128,7934242.93858758,7934248.910434341,5882,200,0.5293244514614344,5.971846761181951,192
09ea63ef-eef4-4222-b20c-a7e7c799ccdf,572c2839-ba50-43b8-b7b0-0bf23c8d57dd,7934242.409259515,7934242.924560278,7934248.918522882,5617,200,0.5153007628396153,5.993962604552507,224
fd691f12-c685-433f-9b20-56ffb7f75ffa,2354094b-5191-4448-be6e-b3bbb69ce9f0,7934241.409513577,7934241.888103844,7934249.128288314,5749,200,0.47859026677906513,7.240184470079839,224
67eb80d5-6185-4140-8382-2dabc2706062,d99bd3a4-aa98-4081-914d-d5fe46dea9f9,7934240.41002565,7934240.590607701,7934249.197305926,2144,200,0.18058205116540194,8.60669822525233,176
393bf737-2555-4078-a76e-a1e4654027e8,dd8abcd2-6f78-4e3c-b821-2725f6f61b99,7934243.409438987,7934243.56700019,7934249.828357254,1627,200,0.1575612025335431,6.26135706435889,192
bae7bfa6-922b-483e-bd9e-ee13251255f0,52b8d013-981a-41d3-8520-eb23e5010775,7934238.409484203,7934238.908975437,7934249.862537183,5908,200,0.49949123430997133,10.953561745584011,224
c7f075a8-683f-4a62-950f-55a4b5e5f324,6ea89213-a24b-4e04-9166-3ae74526c64a,7934239.410218839,7934239.587593061,7934250.067589442,1276,200,0.17737422231584787,10.47999638132751,192
717814c1-d4fb-47b9-b36f-22ccd856e543,7dffa10a-2db3-48f9-af53-bddccb30f2a3,7934238.409499147,7934238.806974861,7934250.100083814,4409,200,0.39747571386396885,11.293108953163028,176
87f58439-931a-4c1a-b95e-358e4d2754cd,c0256791-c1ba-4f9d-be2a-b22ce90b509a,7934242.409270957,7934242.781760854,7934250.127307715,4050,200,0.37248989660292864,7.345546861179173,160
105386ed-d83d-4d63-af66-75f6c8ffb64f,384c381c-9e43-46bc-ae6e-f423ed8194ee,7934242.409251767,7934242.894865723,7934250.379426353,5086,200,0.4856139561161399,7.484560629352927,192
0490c185-be2a-4b61-89d5-bee0c14182bb,616f129f-3b5e-4571-8580-6d776d7d23f8,7934243.40943651,7934243.662779895,7934251.156877373,2672,200,0.2533433847129345,7.494097478687763,224
93f301ae-1ef9-47c1-89ac-0f364fb81dd8,6788d54d-4159-4b04-b9ab-1d1eeea6d9b1,7934245.409596487,7934245.572963183,7934251.183797324,1850,200,0.16336669586598873,5.610834141261876,160
23f8201b-c1c5-4c76-8d3b-f29cdf59a0b4,d6c6ecce-7613-4cc5-89c7-46de6050a111,7934243.409426653,7934243.538148303,7934251.237812585,1020,200,0.12872164975851774,7.699664282612503,176
39f84585-5b0f-4b53-99ca-b036c7223b56,5b4e6569-39b6-477d-b82b-e9fa840a6eac,7934240.410011924,7934240.910518854,7934251.287839368,5719,200,0.5005069300532341,10.377320514060557,160
fcb6c94b-ac8d-4e10-8baa-a22d12e2b799,6390146e-f25a-4269-b965-86f87e50701d,7934243.409414747,7934243.701154627,7934251.316137364,2912,200,0.2917398801073432,7.614982737228274,16
1e292018-3b83-425d-b842-15e75ac4be2d,92822c32-6058-49fd-aa9c-0152bb38bb78,7934242.40924022,7934242.897541095,7934251.358921869,5774,200,0.4883008748292923,8.46138077415526,224
b7d76aa8-9920-4d4d-8e70-a804f6bb1c92,21d6c7bf-0824-4d6c-ae87-342ca4d3bf10,7934240.410028716,7934240.928011762,7934251.487635966,5689,200,0.5179830463603139,10.559624204412103,224
d8d44ff9-8ff5-48ab-b136-ec2c45f4b951,57727da7-a89d-4b07-b497-8a4ae07e2f57,7934244.409360902,7934244.552614074,7934251.761474283,1074,200,0.14325317181646824,7.208860209211707,176
c15b6be7-82f3-4607-bc8b-f9314f9f2693,bdd764a1-f13b-4ef5-be66-457691858534,7934244.409367705,7934244.631313591,7934251.828404596,2386,200,0.22194588650017977,7.197091004811227,192
69e3d732-d93f-484c-b5ed-b3025b7baf82,e62f3f98-5d83-4b9e-9c7d-fc428edf1181,7934243.409429504,7934243.908791699,7934252.347749467,6009,200,0.49936219584196806,8.438957767561078,192
318b7b36-78cd-4e5c-aedf-76a5ab44f7de,5f121c84-8232-44fe-909c-9a69fa9fdc9b,7934244.409345402,7934244.637501079,7934252.386356266,2699,200,0.22815567627549171,7.748855187557638,192
8402e18b-4d3e-44f9-8584-c6dc23039ba5,f59505d6-2c8a-4269-b06b-4a09a34c57e0,7934242.409266903,7934242.931206176,7934252.464323085,5647,200,0.5219392729923129,9.533116908743978,192
5eeed02e-e842-4684-807e-dc8552f0b7f2,d7284dde-c357-4445-b8a8-ac336e3acc3e,7934245.409593651,7934245.763831005,7934253.009446411,4156,200,0.35423735436052084,7.245615405961871,176
d10026e8-982c-4028-9539-264395627d91,aa39c52c-b5b7-4994-acbd-6f14cf52a56a,7934244.409354236,7934244.658363618,7934253.474325475,2533,200,0.2490093819797039,8.815961857326329,192
331a3e68-3412-4639-b628-083a95731dba,2c717881-9558-48a1-a0f7-0e9143a28634,7934243.409423704,7934243.908249963,7934254.351370425,5921,200,0.498826258815825,10.443120461888611,160
51b10878-62fd-4109-842a-1fbc82f76022,47655980-12c4-4dd9-9ee0-ecc634eaf4db,7934246.409744557,7934246.480363302,7934254.411656052,333,200,0.07061874493956566,7.931292749941349,160
169082e8-60c1-423d-8ba0-8589eed8073b,92dcd987-4459-4c21-98a5-5129ac92bc66,7934244.409357635,7934244.849307722,7934254.425759035,4614,200,0.439950087107718,9.576451312750578,192
4ffd0dd4-3c2b-4409-8057-1935d29ba556,5dd975b0-30ab-46b6-96e0-39b315e33c7d,7934243.409432671,7934243.905597016,7934255.008675232,5732,200,0.49616434518247843,11.103078215382993,192
66451d51-9925-4bca-a51c-814ecdbe04db,4605532e-01fb-47f9-adba-e8a42434e6e4,7934245.409580508,7934245.5648022005,7934255.186649249,1354,200,0.1552216922864318,9.621847048401833,160
bedf5754-b45d-4bac-843b-2613abe55517,7512566d-1690-445a-a19d-ecf10aebe311,7934244.409364272,7934244.518116427,7934255.188387538,783,200,0.10875215474516153,10.670271111652255,160
074ae111-ca8d-4909-89f4-1f62c8981bc0,1154a913-bc2a-415a-8f60-85869c412d08,7934247.409307518,7934247.607321907,7934255.2444333695,2165,200,0.19801438879221678,7.637111462652683,224
9a5a5c7a-3143-4456-9f1e-1b2124b6b24d,39ab0541-81ed-4fce-99b0-095de4cec58b,7934247.409304421,7934247.772973466,7934255.533118567,3856,200,0.3636690443381667,7.760145101696253,192
b778dbce-7dc6-4962-af26-284348b198e8,5feecc80-78cc-489f-a6b9-84a83af8bc36,7934247.409284587,7934247.91891782,7934255.796023075,5839,200,0.5096332328394055,7.877105254679918,176
b76e0da6-ca77-4607-b433-924aa6c6303b,edf00561-d5fd-43db-891d-a57747fab3fc,7934247.409300841,7934247.90287905,7934255.892358601,5867,200,0.49357820861041546,7.98947955109179,176
48367558-385b-44f1-a919-6dc29274b571,9f643b5d-c78d-43a4-a8c7-71bb7f808217,7934247.409295772,7934247.500625666,7934255.905548598,681,200,0.09132989402860403,8.404922931455076,224
11d39706-c8b9-4b11-af59-467a6027d165,2c7c59ac-4ed1-4d4a-8ede-c1915202131e,7934247.409298419,7934247.650275317,7934256.151629364,2303,200,0.24097689799964428,8.501354047097266,160
9eb7df0a-dd21-4861-a406-0fb9cee568b4,9241e5d4-7685-47e9-8f12-d51806022933,7934246.409740962,7934246.865662036,7934256.2361943135,5478,200,0.4559210743755102,9.370532277040184,160
bb711823-d40c-4835-9d0a-ab804ad97486,2eef5030-8e4f-48f7-87c0-c4672c479dbb,7934248.4096193,7934248.913176794,7934256.254515827,5820,200,0.5035574939101934,7.341339033097029,176
2ffa599b-79b8-4271-beea-2f2c057ad828,09329235-b77c-4c42-adf4-ff1827d1d710,7934245.409590122,7934245.885123919,7934256.287285933,5961,200,0.4755337964743376,10.402162014506757,176
cd7f32f9-f29d-4710-91ba-70d0a05de198,1bdb2620-bdad-4c27-8800-12a87f185a66,7934249.409547481,7934249.911814271,7934256.646227929,5850,200,0.5022667897865176,6.73441365826875,192
81b9f21a-fb44-4f3e-b80f-e765385c56ca,b5c4d38d-aba9-4af9-a091-5e7b12c9feb5,7934248.409615613,7934248.9190440625,7934256.777007866,5865,200,0.5094284499064088,7.857963803224266,176
1d21ede0-0380-4e8f-9a55-6190f607b979,c7344d02-17ce-4505-8d92-ada61240d9c1,7934248.409607869,7934248.696488476,7934256.983201502,2848,200,0.2868806077167392,8.286713025532663,192
b9a481b5-754d-4db6-a166-2c5dd3e963b6,81f274fb-2e6f-430c-bca5-cbd3ec69d401,7934250.409456217,7934250.899540534,7934257.175282625,5789,200,0.49008431751281023,6.275742090307176,160
8af6a940-8b8e-4b72-a1f5-36b38cfb4f02,2578c165-88d2-4fcf-8239-ee23a11cde02,7934249.409558046,7934250.013788325,7934257.295934372,6002,200,0.6042302791029215,7.282146046869457,160
5e5a4a7a-e7f4-44ab-b832-7419f900cca6,05632621-7db2-4736-b11c-644a5c05ada0,7934249.409567199,7934249.936121537,7934257.296909384,5866,200,0.5265543386340141,7.360787847079337,176
d14050a7-584c-47fd-9420-97e59a46657d,b87d1b47-75a0-4129-8580-a96e0868928f,7934246.409730806,7934246.892242978,7934257.344908516,5574,200,0.4825121723115444,10.452665537595749,176
ded789b0-4073-439c-9691-cac6029d979f,b9128bf0-2636-4290-afce-cc0c01a9a3d0,7934248.409612576,7934248.913642489,7934257.347065097,5648,200,0.5040299138054252,8.433422607369721,224
a3b8f4e6-9ee0-40c4-a2ee-f1cd7b4be312,a2aca4a9-9726-4bfb-b5e8-9e7eb3967010,7934249.409573396,7934249.792193364,7934257.372223018,4081,200,0.3826199686154723,7.580029653385282,160
c0cf8a4a-0dd0-47cd-abac-63eacc8227a6,016dd4b2-29b2-4b1e-8e7a-9002ec0e19e8,7934250.409448459,7934250.573036883,7934258.23390061,1610,200,0.1635884242132306,7.6608637273311615,160
d1f0664c-c88d-480b-9b86-867218290aca,d6e42e4d-4caf-4c43-b542-af920a9f2350,7934250.409461633,7934250.69018399,7934258.246917397,3459,200,0.2807223564013839,7.5567334070801735,192
2411b6f5-22b1-4f3d-9b59-30b37076c476,ffd0b423-c554-4d30-981b-d5ee5c345c99,7934251.409656594,7934251.751056318,7934258.729666599,4225,200,0.3413997245952487,6.978610280901194,192
318cfad1-b619-4bb0-b617-39cf400d3807,0957c38b-3863-4426-b4cd-c9bd4939ca85,7934247.409292385,7934247.744480343,7934258.924245342,3392,200,0.33518795762211084,11.179764999076724,192
8613bfd2-485c-4147-8c30-d72849577703,476ae43d-0078-4849-b929-279b27c39df4,7934249.409561567,7934249.554841778,7934259.005202571,1383,200,0.1452802112326026,9.450360792689025,176
2db58c51-6f37-4f27-b8ec-2e6f051ba77e,e89d00a2-aef6-4faf-a8f6-58052acdc0b2,7934249.409570827,7934249.768333214,7934259.238539101,4276,200,0.35876238718628883,9.470205886289477,192
9401a231-3373-4c28-911a-d83612dba165,f6528ead-3790-48e8-bf6e-24fdeff779c9,7934248.40959547,7934248.863646358,7934259.292942818,5160,200,0.4540508883073926,10.42929646000266,176
3a082c53-fdac-4192-82ec-94eb58c8ba5f,11ed2698-a70a-4704-b64c-933c1e3f5226,7934252.409384378,7934252.910909937,7934259.322237056,5881,200,0.5015255585312843,6.411327118985355,192
bd4437f1-3ee6-4e09-8abb-68dc6fd76654,b654d5e6-e3eb-4dbc-aa01-60dee8fba52e,7934249.409564545,7934249.677877314,7934259.604006074,2692,200,0.26831276901066303,9.926128759980202,0
334970e2-6a39-49a2-a640-0d12d97f2afe,7f8c295b-2bf1-4118-b828-2a33e7d46182,7934250.409463758,7934250.733234335,7934260.04343378,3349,200,0.3237705770879984,9.31019944511354,0
839c9c22-e150-461c-a956-f1290c1ef261,11a4e14b-d6c9-4235-a9bf-b4929896ec16,7934253.40928094,7934253.883426066,7934260.132016714,5821,200,0.4741451255977154,6.248590648174286,224
f9346b85-4615-4a3b-9231-a2e7dedfd777,02fdc58c-4081-4c4f-b08f-be89fc1991ff,7934254.409450268,7934254.613715405,7934260.2681230875,2370,200,0.20426513627171516,5.654407682828605,288
005bfe57-2d19-4455-82fd-d91acbfde8ed,0e78f555-d2c5-4fe2-81d1-9a7530f75bf4,7934251.409667741,7934251.689768502,7934260.440167217,3000,200,0.28010076098144054,8.750398715026677,176
c90eb933-3dee-4a85-bf65-8ed350d23b36,cc7c6485-ac31-423b-8903-23389e9ecb8c,7934250.409459437,7934250.955341171,7934261.011946082,6390,200,0.5458817332983017,10.056604911573231,224
f80a7817-9bb6-438f-9373-4b8e1c92a744,882c383b-3739-4ff4-be3d-18745f09b583,7934252.409406255,7934252.910154013,7934261.086841622,5956,200,0.5007477579638362,8.176687609404325,224
eeb57753-00f0-4471-bc9b-e7fc4b8e2ec5,a014b4f6-1f69-4153-959c-5c494d3c617b,7934253.409277962,7934253.507502091,7934261.21792811,909,200,0.09822412952780724,7.710426018573344,176
41b59a8c-c14a-451e-bc61-12fedce1a9a0,625b3d00-628e-41f1-9a81-62cb5c7be991,7934252.409395638,7934252.780139951,7934261.345384204,4441,200,0.3707443131133914,8.56524425279349,160
c40d365d-716e-422f-8571-d203de01364b,b1506650-c796-427f-84ec-42b45a69bfd0,7934252.409399183,7934252.558223078,7934261.372775404,1437,200,0.14882389549165964,8.814552325755358,176
1101d1b1-e310-4f4b-87db-80556ca0dae9,10a77566-30c0-4a98-b443-a2bb542d4dba,7934254.409435559,7934254.777397885,7934261.962993897,4140,200,0.3679623259231448,7.185596011579037,192
0f91d828-ebee-4d13-82df-0c0de38ea3d6,933f3928-c5bd-436c-b052-8afb0bd75fd0,7934252.409402652,7934252.750751502,7934262.088253607,3515,200,0.34134885016828775,9.337502105161548,176
6a0931bd-7d91-49a9-9d89-f39d7324e1c9,161520fe-b2a7-4765-9cec-8d3bd6da2327,7934253.409262506,7934253.726704184,7934262.191708704,3688,200,0.31744167767465115,8.465004520490766,176
0b2fa79c-5e2e-4f59-8cfa-244cd3255203,ab5c571e-66fd-45fb-a12c-d2497b60f982,7934255.409414737,7934255.488876234,7934262.422438396,600,200,0.07946149725466967,6.933562162332237,176
82dd3d7c-0fad-4b57-a5f1-1a71f051e7fb,3b187a2d-275c-495a-833c-75272901b9ca,7934253.409274484,7934253.58900974,7934262.497446023,1876,200,0.17973525635898113,8.908436282537878,256
441a8d23-f17b-467b-846c-381e54eef130,477df5a5-5195-4a2c-8f15-39eb80add435,7934253.409283865,7934253.877905756,7934263.128953741,5615,200,0.4686218909919262,9.251047984696925,192
e1eacc35-8934-4ae3-9f29-4795b54deb97,09329235-b77c-4c42-adf4-ff1827d1d710,7934255.409425475,7934255.884333748,7934263.4720655605,5814,200,0.4749082736670971,7.587731812149286,176
15270bc3-3ee4-45d3-8f2c-d2f39e02f254,8e020282-5ecc-434f-b573-91c202e1468e,7934254.409446996,7934254.890022181,7934264.348711411,5679,200,0.48057518526911736,9.458689229562879,176
7b7fc454-145b-48b9-89e2-0743a3544463,384c381c-9e43-46bc-ae6e-f423ed8194ee,7934256.409625256,7934256.870127244,7934264.458023365,5086,200,0.4605019874870777,7.587896120734513,192
7aa5d7d4-f347-416b-979a-8a077002147b,89cf2e96-a828-4fa8-862d-c0d888d66892,7934256.409653738,7934256.751603384,7934264.491202549,3394,200,0.3419496454298496,7.739599165506661,16
e828ebb9-5b16-4bcb-9796-d347236aa12c,1907f3d5-7754-471f-a8be-1f44529fe912,7934255.409429199,7934255.505100007,7934265.996981767,479,200,0.09567080810666084,10.49188175983727,192
cf5d08c9-f6ed-4e63-9e60-a6f578fb6b00,bc1de8c2-a6ae-4eed-92df-8609cafce1c4,7934256.409639439,7934256.569792843,7934266.87430364,1485,200,0.16015340480953455,10.304510796442628,176
125458c4-b58d-44f5-b148-d827ab46bca1,ce6f50d7-6546-4e5e-801d-c1df390fc739,7934258.410058302,7934258.619905314,7934267.139511974,2471,200,0.2098470125347376,8.519606659188867,288
0068985a-57b4-4aca-a375-922d2bc4c010,b4a94ea5-376e-4be1-9fd2-48c7486ef854,7934257.409337856,7934257.573647976,7934268.020230083,1571,200,0.16431012004613876,10.446582106873393,224
8112caf3-6311-4644-ae78-9f091c24a97a,80054dbf-463c-40e8-8df3-863c643bb1d5,7934256.409649564,7934256.790495878,7934268.3905396825,3884,200,0.3808463141322136,11.600043804384768,160
5f379b33-6631-4af1-8138-92c2d4eb3c5b,32495d31-4c0d-459b-9532-97f707faea14,7934257.409327719,7934257.643018561,7934268.4094507685,2503,200,0.2336908420547843,10.766432207077742,192
93111a68-e63d-48df-ab96-8a17a446afd1,46bf7e07-8121-40ed-8854-6f622d8117c7,7934256.409645394,7934257.086598198,7934269.102221401,5414,200,0.6769528035074472,12.015623203478754,192
d6ae3c2f-c1ac-42d5-8d48-ae0f783a44d7,64067c58-b338-48a4-85e4-99a236b0af21,7934258.410068105,7934258.5065375995,7934269.234465538,572,200,0.09646949451416731,10.727927938103676,176
b6373697-775d-43b1-b88b-be48240d34ab,d4cacfff-d5be-4fc4-86c3-ca3c2c799d9e,7934259.409452509,7934259.745262663,7934269.23777442,3607,200,0.3358101537451148,9.492511756718159,160
a9dea9af-5eb9-4699-804a-373012e9b448,086d9db4-5996-4535-986e-525ff4b4a80d,7934259.409458407,7934259.751496826,7934269.353681136,2604,200,0.34203841909766197,9.602184309624135,288
9ab10e72-07ce-45c7-9f7f-083a3c548dfe,93032404-55d8-44ff-94c1-e83b4adf4b3c,7934258.410063694,7934258.907599035,7934269.442159018,5883,200,0.497535340487957,10.534559982828796,224
eb1bb0d6-32a7-48fb-8e8c-a28fd065d17b,9724fec6-5a27-419a-835f-02d1cdee68c6,7934257.409341536,7934257.896334534,7934269.509481135,5770,200,0.48699299711734056,11.613146601244807,192
05bedfc6-8afa-4cb2-b0ed-9840e0ac743b,2837df08-d441-40c9-a309-8d7d55e0a257,7934258.410044497,7934258.598314142,7934270.31546098,2128,200,0.18826964497566223,11.717146838083863,176
41d8011f-7a06-48da-b6b8-0d4ffd9304e6,01524993-21d4-4d2d-a5d5-91a5663d91e2,7934259.409449672,7934259.898209327,7934270.557593375,5808,200,0.4887596545740962,10.65938404854387,224
058ce672-f9eb-4aef-9686-edeae014755b,9751aa65-dcbb-464d-885d-1feaba1a4819,7934260.409944057,7934260.757307502,7934270.913919474,3678,200,0.3473634449765086,10.15661197155714,160
6b6c0fe0-7dd7-4c63-bef1-5c8452b7c942,830a675a-2522-4601-b35a-c7313f3380c3,7934260.409938407,7934260.93790472,7934271.017110118,5830,200,0.5279663130640984,10.079205397516489,192
61112d84-d47a-4fe1-9ce0-53c3c3a98cea,2aacea92-7898-4f60-9526-e7a073521d56,7934259.40945596,7934259.829293657,7934271.506145317,4919,200,0.4198376974090934,11.676851660013199,160
1238bdda-4ef0-4ea5-8bdb-9e7ee3320881,7981de4b-b38c-4779-9333-92692204b4e4,7934259.409436616,7934259.607036887,7934272.040710674,1826,200,0.19760027062147856,12.43367378693074,192
7cabdeeb-7fe5-4b89-a1a0-2068781c88ef,19c30b89-49e6-4785-b4ec-da68e367d4ae,7934260.409941216,7934260.9223842,7934272.058409586,5939,200,0.512442983686924,11.136025385931134,176
62fe1db3-c4f1-44b1-8bf7-d86a4667b6de,4368eee3-45f1-41a9-9c4f-60292d5f062d,7934261.409394242,7934261.889075025,7934272.217163849,5716,200,0.47968078311532736,10.328088823705912,176
1fdc832b-f2b1-4800-be9c-820a636e00f0,8ab790e1-160f-4156-b4d8-43ea4ce11bb4,7934262.410258738,7934262.928628991,7934272.338404136,5886,200,0.518370253033936,9.409775144420564,176
a7cfdf95-c946-45c5-90e4-e84b715d4fd9,12ed77b0-f0e1-4d6e-912d-ddc62a0ba391,7934260.409934005,7934260.919509522,7934272.464387538,5845,200,0.5095755169168115,11.544878016225994,176
008eec0d-ef49-4e31-874a-9c9318e62fc3,2c282873-ea96-4454-955b-1036d45d8e73,7934259.40944565,7934259.577354919,7934272.523020289,1631,200,0.16790926922112703,12.945665369741619,192
d7c8c2ff-6428-41d3-bc3b-e334a3e9ca19,e38f0f5f-4fbc-4b59-80f5-e48d1b3455eb,7934260.409950889,7934260.957240563,7934272.72367405,6476,200,0.5472896741703153,11.76643348671496,192
1d2f62bf-4b36-4037-ae3d-aedc1ec3104e,9e3c8867-59dc-4f49-8675-cc60714855dc,7934260.409947455,7934260.72464498,7934273.414265623,3274,200,0.3146975254639983,12.689620642922819,16
ac1d0446-735d-48d8-a09d-bade79a01fb5,abc0c6cc-0bfe-4666-83e8-64b03ca4efa9,7934261.409404581,7934261.6311879605,7934273.438359337,2416,200,0.22178337909281254,11.807171376422048,256
d39194b8-9d16-4c2a-b066-58445012074a,9079960d-2c5e-4892-b03f-4c965fd9712e,7934262.410270857,7934262.629599495,7934274.085074624,2195,200,0.2193286381661892,11.455475129187107,288
57380c31-c7ce-4696-a4d3-39603f97ad4c,df0f9f8a-9867-430c-98ce-3f30f838e161,7934263.409335654,7934264.062555242,7934274.291784003,5666,200,0.6532195881009102,10.229228761047125,192
30c8923b-334b-4385-b9f3-2f1a533883f0,e5f863e9-3a7b-4d7a-bdd2-60bc8ad6448d,7934260.409923566,7934260.93814237,7934274.319981608,5855,200,0.5282188048586249,13.381839237175882,160
6b2a06db-15e6-4946-a8d5-5b2b38efa0eb,a499fde4-51c2-4cdf-8809-3a52991b1c6c,7934261.409408293,7934261.899212832,7934274.395546113,5911,200,0.48980453889817,12.496333281509578,176
ac285919-c9bb-4c68-8714-b37ad8cac4a2,dcff9a1f-a60c-4377-8789-154950a7f139,7934262.410249505,7934262.935473102,7934274.398716156,5929,200,0.5252235969528556,11.46324305422604,160
c3c9ecb5-3a68-4aca-9fb7-f52fa8a24941,00350808-5c9c-404f-9bcd-c153da1e8468,7934262.410262029,7934262.6234599175,7934274.7339999555,2056,200,0.2131978888064623,12.110540037974715,176
0c96709f-2586-4c69-b63b-b29a8c0a5b24,e62ef715-38d1-40e2-b24e-aadafeed5c74,7934263.409321786,7934263.765220776,7934274.822599521,2320,200,0.3558989902958274,11.057378744706511,160
597cef6c-fb9c-4a70-9ad8-6bef16a134dd,61aaf7d9-5163-47db-a2f7-a5dfc87dc710,7934264.409400313,7934264.786461798,7934275.028194818,4042,200,0.3770614843815565,10.241733020171523,160
0038c036-170d-4ea6-a545-bc2cbff065a6,127f14a7-64ab-4aeb-b2c8-b55ee217a17a,7934263.409339196,7934263.923092008,7934275.128796078,5905,200,0.513752811588347,11.20570407062769,224
218fed1e-f245-43fd-ab57-12a6585ad674,62010be8-f099-4914-b6f4-3848f181a33a,7934262.410255803,7934262.924419744,7934275.28539988,5885,200,0.5141639411449432,12.360980136319995,192
825fd476-9c4d-4b29-bc2d-0530f3148f53,c042296f-1f45-4a47-8fd6-d3a427bbfd9a,7934263.409332108,7934263.889699417,7934275.439685623,5856,200,0.4803673094138503,11.549986205995083,176
85f4d89a-d151-4c5c-900a-fe2367b450bb,439e0127-230c-4593-b4e3-e1cd2be6e4d2,7934264.409394448,7934264.919495138,7934275.496274454,5823,200,0.5101006906479597,10.576779315248132,176
83de9b9d-3751-4c8f-a19a-3e8b642b53ac,a1329327-31f8-4e0e-8c96-d4c38c61242d,7934262.410245883,7934262.619696959,7934276.036847738,2162,200,0.209451075643301,13.417150778695941,224
a1f2dbd9-e842-499e-aaad-a3a820d2d448,4b48480c-b437-41ef-a6d9-2bc4b74b0eca,7934262.410267993,7934263.208718342,7934276.060727909,5814,200,0.7984503488987684,12.852009567432106,176
31baea28-2c42-4b00-a019-aab8316a78bb,45eb3780-6fbc-4e95-b095-04211b3f96a5,7934264.409397339,7934264.615738397,7934276.1131184995,771,200,0.20634105801582336,11.497380102053285,192
bb9c8a0f-6216-47ee-84f9-c573c43a6a7d,a49d24aa-32c1-4fd9-8039-e95dd8e8abd7,7934263.409344839,7934264.171344482,7934276.122880698,5730,200,0.761999643407762,11.95153621584177,160
5deacb17-593f-4eae-a82a-ed3b19fe8277,4abbb17d-526a-4a7b-bcb0-eb3b6a1371f2,7934262.410252902,7934262.5339701865,7934276.197298072,941,200,0.12371728476136923,13.66332788579166,224
2ba4caf5-450b-451c-8e81-d930bcb69bbd,e5137238-7fd2-495a-878a-41bbed79caeb,7934262.410235411,7934262.743399415,7934276.790005401,3623,200,0.33316400460898876,14.046605985611677,224
b013bbd3-6ca2-4ecf-bc66-154d27ab874a,458e899c-964f-4008-90b4-694cb94dfddf,7934264.409380851,7934265.12634738,7934276.795948571,5011,200,0.7169665284454823,11.669601190835238,224
13bffe61-419c-40dc-8e2e-e0ebacdc2e85,b0504ddd-048b-41e3-b755-077cdf863893,7934264.409410524,7934265.759800377,7934276.853613692,5959,200,1.3503898531198502,11.093813315033913,192
add12034-d498-4171-b48e-a721f96fa961,616f129f-3b5e-4571-8580-6d776d7d23f8,7934265.409416674,7934265.669583151,7934276.972024876,2862,200,0.2601664774119854,11.302441724576056,224
cc7d63fa-e790-4c80-a27e-143c245e699e,83bb93d5-935c-47c5-ad10-6b74cc73f69a,7934266.409514678,7934266.921955154,7934276.999357897,5337,200,0.5124404765665531,10.07740274257958,192
e487eb2a-358f-441f-a222-d6f395c0b5d9,3d7c75b0-1e1d-4eb3-aac3-ba4080d6570f,7934264.409391401,7934264.670984967,7934277.164118657,2609,200,0.2615935653448105,12.493133690208197,160
ef0904b8-7c04-476a-871c-3c8fe63077f9,5b0c86fb-7255-4292-8ba9-f3639b7add50,7934267.410173725,7934267.653860439,7934277.170338808,1978,200,0.2436867132782936,9.516478369012475,192
0aeee405-c114-4fb8-9295-5d7963c2410d,ff957c9d-a716-4c43-bbb0-dee349a644f6,7934262.410265007,7934263.341276673,7934277.1813553,5668,200,0.9310116656124592,13.840078627690673,160
8b57aa2c-5a50-4af7-b407-43e17c2fc1bd,6ea89213-a24b-4e04-9166-3ae74526c64a,7934265.409402632,7934265.5604891125,7934277.2465607105,1276,200,0.15108648035675287,11.686071597971022,192
9f2e66e2-2eb5-447d-8314-cf5bf06fb0e9,4f425ba0-648a-4d9f-ac1f-e294980d4117,7934263.409342013,7934264.292466802,7934277.2480425,5915,200,0.8831247882917523,12.955575698055327,192
323c9aff-07e0-4644-8030-7214b3d6b225,c7344d02-17ce-4505-8d92-ada61240d9c1,7934264.409413518,7934265.159735741,7934277.300433529,2848,200,0.7503222227096558,12.140697787515819,192
15fcf1b1-fe3f-4e5d-8fb8-1d48fbfe7450,a2917ffe-8d97-4a93-82c1-5c15242ac5e6,7934266.40952144,7934266.656829659,7934277.417465926,2945,200,0.24730821885168552,10.760636267252266,192
4d441559-be08-47f3-8284-c448ead25507,1bf26568-c5c1-4e78-8ba0-796957c5b747,7934264.409403508,7934264.735862565,7934277.499785697,1379,200,0.32645905762910843,12.763923131860793,176
a9df108b-c8b9-475e-9a81-e6b69a8b3c36,e6637aa4-3c0e-4683-beb9-6bdb1f923cdc,7934264.409406918,7934264.935448882,7934277.49994841,6315,200,0.5260419640690088,12.56449952814728,224
e6a94bba-c049-42ed-aa22-dbf5527f0bf2,cf3db011-98a5-4583-9d91-eb16b37b5740,7934266.409488138,7934266.546164809,7934277.507465581,969,200,0.13667667098343372,10.961300772614777,192
e8bb1517-261e-4407-ba03-30700fba82e5,a66219a5-0bf0-499e-8da4-6217f9feef08,7934266.409504085,7934266.5815646965,7934277.669190324,1032,200,0.1720606116577983,11.087625627405941,224
fa222ca7-f915-4970-8c9b-e6ea2a4d3b81,c51fd857-3f7f-4b3f-b0f9-e88d9ac704ef,7934266.409517791,7934266.886884771,7934278.224035666,5551,200,0.47736698016524315,11.337150895036757,224
c41f4efe-875d-4dbd-b9cb-417d7fb5958d,d846d4b2-4867-4720-9892-d49f8c7696e6,7934267.410183362,7934267.599164701,7934278.277224481,1736,200,0.1889813393354416,10.678059780038893,176
4444afab-b2f2-4245-8277-13f7b872b4cc,5b4e6569-39b6-477d-b82b-e9fa840a6eac,7934266.409511122,7934266.933924496,7934278.450047323,5778,200,0.5244133742526174,11.516122826375067,160
b814555d-6dac-45ae-86ee-c9cabc355649,3ac1f3a7-813a-4683-b941-b18074fd7722,7934267.410191061,7934268.043181617,7934278.452805561,2863,200,0.6329905558377504,10.409623944200575,160
9045caa5-e1da-4d9e-86a5-da1f73adba24,8162980e-e365-418d-87c3-2d53058fb7f2,7934269.409448146,7934270.100436711,7934279.001525453,5825,200,0.690988564863801,8.901088742539287,160
27c4ac93-1519-4069-b369-6e596ae3adeb,eb8d5825-451b-48b5-839c-bd3f2e385b6a,7934266.409507436,7934266.83116864,7934279.152180295,4136,200,0.4216612046584487,12.321011655032635,192
b8c47e52-3d0d-46a1-9c91-9a76b1b0d194,ac793620-cf14-4d0b-85c9-285d6602176f,7934270.409826516,7934270.88393122,7934279.188024055,5493,200,0.47410470340400934,8.304092835634947,224
2c913e0b-ebad-4ab5-9e3f-96f94222ac76,77e4d1e2-9eab-4ec9-8690-2163ba744ae1,7934270.409814454,7934271.2582680695,7934279.211545921,3547,200,0.8484536157920957,7.953277851454914,224
f7eeddca-59f6-4ae3-bd8c-e493c4636134,370e9c6e-76c4-4f5f-94a2-56eda56ca89b,7934267.410168664,7934267.619996289,7934279.385034205,2013,200,0.20982762519270182,11.765037916600704,176
88227193-50a0-4ca9-b60e-edeaaf8139ce,9fd9f898-9cfd-457b-adfe-707b66258b3d,7934267.410187163,7934268.131128088,7934279.624811156,6622,200,0.7209409242495894,11.493683068081737,224
c6cdc53d-ba1c-4079-8372-3233bf20b3af,e88b1149-8f9c-4867-9db5-96d87443c927,7934269.409455207,7934270.147980913,7934280.434335021,3140,200,0.7385257054120302,10.286354108713567,192
8c1f1a69-ef73-41f3-8fd1-e59db9125bad,3ed61bf9-527c-438b-9427-d3c27f9b8bc8,7934268.4095583,7934268.909782766,7934280.467620185,5915,200,0.5002244664356112,11.557837418280542,176
b9f9656f-c6ba-4cd9-bd24-08db5a3dbdf7,966e73e3-01e1-49dd-97cc-3b17b0344882,7934269.409435685,7934269.92300144,7934281.0169880325,5849,200,0.5135657554492354,11.093986592255533,160
f8e4165c-7e12-48b4-9b85-eb6e2074bc7e,e4e2e608-ce54-4ee6-8651-29dcfd54dc86,7934270.409855818,7934271.316666638,7934281.086922331,1197,200,0.9068108191713691,9.770255693234503,160
027347b4-63e8-4338-ac57-dab099f0b5a1,a38f645a-15c1-4b70-be39-1656a21c0e2d,7934270.409834204,7934270.758181498,7934281.092958137,3702,200,0.3483472941443324,10.334776639007032,160
6814c5a3-1130-4068-a5e5-da8cae8f663d,799e20b1-36a1-4282-9d47-3faabcc08648,7934266.40950014,7934266.948963979,7934281.119455541,6008,200,0.5394638394936919,14.170491561293602,176
6cc3662e-49ba-417a-ae00-fa47a48757c7,1d9d59fe-b742-4ff7-a68f-88fb2eef9ca9,7934267.410147442,7934267.928634814,7934281.1260694405,5883,200,0.5184873724356294,13.19743462651968,224
62c263ff-2cfe-437c-9380-8514334e9d9d,c226d327-ec87-408c-844a-cb6a344c2aea,7934272.410268374,7934272.540963048,7934281.167154778,655,200,0.13069467432796955,8.626191729679704,192
10bb6407-da7e-43c0-b147-587ea62897d1,2cd9f398-23c1-4f32-aea2-8dac6a11d683,7934268.409555061,7934268.535236126,7934281.211979857,1218,200,0.1256810650229454,12.676743730902672,224
3cc7fbc3-0db4-4bd9-8566-568f224712f2,01c1bafa-b5bb-4860-a15f-0969b27850ba,7934271.409997105,7934271.983438336,7934281.279585115,3642,200,0.573441231623292,9.296146778389812,176
2468ded6-ac8f-4c38-bf49-72d92a7d723a,23ee0cbe-2b7a-408b-9469-e2b3dc42f35f,7934267.410179678,7934267.900773386,7934281.41845312,5647,200,0.4905937071889639,13.517679734155536,176
27ca9c00-8bf0-4bd0-b072-6fcaf1855300,f3c7b4af-4cc8-4b3c-8d1a-85880e5521c2,7934268.40954565,7934268.567058945,7934281.912329261,1433,200,0.1575132953003049,13.345270316116512,224
0f2cd644-5f00-4559-9d30-efee331d463e,451863a8-c37a-4460-987d-185a07fcf9bd,7934271.409985495,7934271.982097872,7934282.289916922,6284,200,0.5721123768016696,10.307819050736725,160
8d98a196-fa87-41b2-8778-150cd5360314,73263cbe-ff20-4caa-bbf9-8ff4b160fd8c,7934272.410271455,7934272.721714353,7934282.314159194,2907,200,0.3114428985863924,9.592444840818644,16
5aa92ab8-f164-439e-937e-f5b49d02697a,6b878a33-5f67-484e-9f15-8dc6a9ae6662,7934270.409837925,7934270.840075506,7934282.447914906,4290,200,0.43023758102208376,11.607839399948716,176
84e1c657-5ed5-4c82-bc78-b780d5e02a45,0e701727-8a9d-4ce8-87a9-9931a1476227,7934272.410239464,7934273.120276834,7934282.51695919,5840,200,0.7100373702123761,9.396682356484234,192
f34e6fcc-6761-4ea3-b5a3-768460f54c1b,8ec0ec4f-e5c6-4e62-887d-61d6c0a16301,7934270.40984201,7934270.911570183,7934282.992910722,5752,200,0.5017281733453274,12.08134053926915,160
a2086916-dc34-4fff-bb96-cf47bee4dcc9,50cb1f3a-c995-4191-a881-615aad112039,7934273.409521247,7934273.7439933345,7934283.047275832,3376,200,0.3344720872119069,9.30328249745071,192
c69d3430-9bb4-4325-bd33-d38dab744cd3,d99bd3a4-aa98-4081-914d-d5fe46dea9f9,7934271.409993344,7934271.623282597,7934283.2417935645,2144,200,0.21328925341367722,11.618510967120528,176
d0d675a3-72a2-4427-8cfd-88fb2f56f436,2204b36f-ca0b-4da9-b583-476d2b2d954f,7934269.409452179,7934269.622058186,7934283.2482007565,2076,200,0.2126060063019395,13.626142570748925,176
4801c209-e85c-4a9e-8d69-932e91e98586,9f643b5d-c78d-43a4-a8c7-71bb7f808217,7934273.40953039,7934273.508414825,7934283.26507024,681,200,0.09888443537056446,9.75665541458875,224
b3ed3f94-706e-4a87-9d74-989857eb4384,39ab0541-81ed-4fce-99b0-095de4cec58b,7934274.409457935,7934274.799277236,7934283.3384976275,4029,200,0.3898193007335067,8.539220391772687,192
5069fadf-d46f-4466-81ea-23af702cdc47,0063e1c2-efc9-4319-b73c-26561d65a9f4,7934270.409830346,7934270.935006193,7934283.468487052,5865,200,0.5251758471131325,12.533480859361589,192
50952dc3-48f2-4cb6-84ed-785b0287fde6,6390146e-f25a-4269-b965-86f87e50701d,7934271.40991667,7934271.702501224,7934283.509106478,2930,200,0.2925845542922616,11.806605253368616,16
4e5befd7-733d-49ce-900a-a2de23177711,67758644-12b8-4d98-b640-a9e8ac069351,7934270.409851338,7934270.559555699,7934284.14161364,686,200,0.1497043613344431,13.582057940773666,192
922dc09f-df91-4c10-b929-3a48ca6559bc,a37337b3-4345-44c2-99d0-bd4fa96c3614,7934269.409458192,7934269.834462606,7934284.175364058,4989,200,0.42500441428273916,14.340901452116668,224
a80a1dc5-5b43-429d-85c3-b445f2ea7077,e6b5aa5a-f8c4-40a5-83af-81b226cb08c3,7934274.409449418,7934274.924650394,7934284.335550751,5720,200,0.5152009762823582,9.410900356248021,176
3888683f-2323-4e7d-ae56-7884b400a372,b654d5e6-e3eb-4dbc-aa01-60dee8fba52e,7934271.40998973,7934272.138324307,7934284.384882803,2680,200,0.7283345768228173,12.246558495797217,0
dff6f3fd-40e8-4aa1-bb57-2ef15ebf3f66,5feecc80-78cc-489f-a6b9-84a83af8bc36,7934275.410099159,7934275.975856188,7934284.735973068,5800,200,0.5657570287585258,8.760116879828274,176
a51c4b95-6a78-496b-9814-0a15caecc96f,dd8abcd2-6f78-4e3c-b821-2725f6f61b99,7934272.41025916,7934272.6019309,7934284.978761073,1627,200,0.1916717393323779,12.376830173656344,192
839125c1-eed4-4e5f-aaa9-8cfb48a65a03,743528ce-8ff5-4c63-8df5-2e9b0703cc0a,7934274.409460894,7934274.75873967,7934285.042408832,3649,200,0.34927877597510815,10.283669162541628,160
251dc112-e839-4361-af58-f9daafca3d16,8430f359-c0da-41c2-8c0a-99afadae6c25,7934271.409981608,7934271.903010716,7934285.216617617,5872,200,0.4930291073396802,13.313606901094317,224
d2bc2521-4a99-4d42-b12c-bfed8f30a1c8,649f563f-c280-4cb5-a6b1-81e9567055cb,7934272.41026218,7934272.940696829,7934285.241290963,5912,200,0.5304346494376659,12.300594134256244,160
fc257600-cd60-46d1-a8fa-51d80a23c127,93047e83-9aeb-4634-bc01-01c7fbdbf63d,7934272.410265811,7934272.92829731,7934285.271280618,5875,200,0.5180314993485808,12.342983308248222,176
2577499f-01ea-4481-9a25-53d9f995f7aa,7dffa10a-2db3-48f9-af53-bddccb30f2a3,7934273.409540009,7934273.8596641235,7934285.47385786,4525,200,0.4501241147518158,11.614193736575544,176
d1ba3102-5b40-47f0-82a0-6a6a2fe82c9b,ca330d28-a7ef-4a25-a6cc-51578e715514,7934270.409846966,7934271.0127257835,7934285.730885334,5732,200,0.6028788173571229,14.71815955080092,176
a4c25f54-aab0-4009-8318-a49b744a8a36,01d20233-ba05-4142-a870-402681c0fb91,7934271.409962314,7934271.861813823,7934285.975742629,5167,200,0.4518515085801482,14.11392880603671,192
4036da63-acca-4c4b-9c98-d80798e83e16,292a9ec3-7dac-4e8f-8c20-f84e90560a11,7934272.410256104,7934272.925307706,7934286.076080278,5884,200,0.5150516023859382,13.15077257156372,192
11e8d546-9b78-41e5-a19f-079735e9e9c2,a014b4f6-1f69-4153-959c-5c494d3c617b,7934274.409455091,7934274.539008601,7934286.078993882,909,200,0.129553509876132,11.539985281415284,176
99ffc6e4-643f-4f16-bfc8-e8ab571fa4f9,2eef5030-8e4f-48f7-87c0-c4672c479dbb,7934274.409440772,7934274.94268819,7934286.14666043,5957,200,0.5332474187016487,11.203972239978611,176
142eb8eb-0889-43f0-bb4a-845e91f91262,e89d00a2-aef6-4faf-a8f6-58052acdc0b2,7934273.409533541,7934273.799070435,7934286.242557736,4410,200,0.3895368939265609,12.44348730146885,192
6580fd30-2fb1-49ab-b2d5-6b6fb6f38372,8094c720-081f-4a98-aca9-d83abaec4c87,7934275.410122287,7934275.789338694,7934286.329901637,1976,200,0.37921640649437904,10.540562942624092,160
610eb065-0b5c-43fe-8843-77bc3750f8f8,4bd80eaf-8b5c-4491-b357-aa692e0a7926,7934272.410252301,7934273.155028493,7934286.386095274,4775,200,0.7447761921212077,13.23106678109616,192
69f7e00b-95f2-4577-baf2-435d6ec69862,308e3060-30fa-48b1-a71c-e01dd6119f87,7934273.409536818,7934274.2455760045,7934287.029649256,5920,200,0.8360391864553094,12.78407325129956,224
efb257a7-a0ed-4f78-af46-bcdece06ede6,19c30b89-49e6-4785-b4ec-da68e367d4ae,7934275.410119627,7934275.919836514,7934287.277163287,5939,200,0.5097168870270252,11.357326772995293,176
0ad4609f-a7c1-42d6-bb0e-c33c76115bc9,1ce0cc43-25d2-46e0-91e4-43901076cdf9,7934274.409452594,7934274.678554442,7934287.285443092,2668,200,0.26910184789448977,12.606888649985194,224
69cc212f-bb23-453a-a175-067e8ae5da60,3b187a2d-275c-495a-833c-75272901b9ca,7934278.409886884,7934278.649802058,7934287.322172308,1876,200,0.23991517443209887,8.672370250336826,0
bdfd12ed-16c4-4148-935c-8bdf3b78bdbc,a38cc03c-0c15-4c65-b327-0a790b0f3638,7934274.409463635,7934274.897346551,7934287.357935865,5979,200,0.48788291588425636,12.460589314810932,176
b1721bae-d65f-4f27-98d3-9e54b13fad00,7ad2aea5-c86b-4155-9a3b-4b2ea0397338,7934277.410328357,7934277.673424752,7934287.439416865,3122,200,0.2630963958799839,9.765992112457752,176
3f6a782c-fd73-4940-b704-7bcc7179c894,9241e5d4-7685-47e9-8f12-d51806022933,7934278.409879435,7934278.895334916,7934287.606325849,5466,200,0.48545548133552074,8.710990932770073,160
9c6ac709-8d0e-4517-966c-323a30a1eeaf,a1c001c3-216d-4bf4-817f-1db21b7766d1,7934276.409540723,7934276.949110118,7934287.885422458,5919,200,0.5395693946629763,10.936312340199947,176
4a7cbfa8-e3fd-4017-8958-324785f88f25,d350830f-1917-4e57-b61a-d5974c15409d,7934279.40957194,7934279.943879501,7934287.906111161,6011,200,0.5343075608834624,7.96223166026175,176
10fa3210-a833-45a8-86c2-92187ca5c9d3,38274d58-563a-4896-ae8c-7920e3737a7e,7934279.409595164,7934280.205264765,7934287.921943766,2382,200,0.7956696012988687,7.716679001227021,288
5c739474-a687-41f2-b99e-e9c503e4ea12,5b7afdee-bc23-4cea-8c95-ee1786504a83,7934276.409524263,7934276.788241701,7934288.01660005,3940,200,0.37871743831783533,11.228358348831534,224
4ce49c53-8aa5-4390-b02e-a6fc08b491d5,90d228aa-55a6-47fd-8f46-cd871d180b10,7934275.410116356,7934275.905696911,7934288.189682464,5858,200,0.49558055493980646,12.283985553309321,160
2f50649f-06f9-473b-93e8-304f7189f570,d81300c0-9e09-45d8-84f5-e342f80ca6d0,7934278.409875452,7934278.561643678,7934288.219311083,1231,200,0.15176822617650032,9.657667404972017,256
db4a983a-9b30-4f7c-b939-0232eb43df95,52b8d013-981a-41d3-8520-eb23e5010775,7934278.409863239,7934278.944986851,7934288.333827769,5937,200,0.5351236118003726,9.388840918429196,224
1523e599-ea8b-4491-8c2d-cfd1ad84e56f,a91786b9-b70a-4ba9-93a3-3c49e7f6ffc5,7934275.410111845,7934275.911805392,7934288.337794898,6019,200,0.5016935477033257,12.425989505834877,160
3b03ed01-2aa3-4647-a35c-0c42c4f972fe,54d11fb0-e397-4273-8b83-8a5523a7ebef,7934276.409536999,7934276.936985103,7934288.35174566,5862,200,0.5274481046944857,11.41476055700332,176
87e15060-992e-469f-858a-4872d00c5292,c0e273f1-c346-4c7f-ba9e-53a9c61c18c0,7934279.409575639,7934279.938580726,7934288.4939639615,5435,200,0.5290050869807601,8.55538323521614,176
a43e4bce-bfce-497e-9c58-e266bef1f70f,33e1e879-a9b2-42f0-b1cb-4f3cf8e6b433,7934279.40959258,7934280.130357519,7934288.909879707,5917,200,0.7207649387419224,8.779522188007832,224
e400a091-a6ca-4bd8-a796-0cb85eae6cab,906139de-bfcf-4e94-9bec-98a4621dbed1,7934276.409543713,7934276.759477423,7934288.984372903,3715,200,0.349933709949255,12.22489548008889,192
f072541c-b581-4b6c-a580-f413dc599a07,e62bfd31-0eb8-4b75-9da9-5217ee3c5b91,7934279.409580794,7934279.743388319,7934289.046076565,3327,200,0.3338075252249837,9.302688245661557,176
234ff1d8-de78-4de1-9552-15107baf342c,7512566d-1690-445a-a19d-ecf10aebe311,7934276.409533243,7934276.560279429,7934289.276804165,978,200,0.15074618626385927,12.71652473602444,176
56a0fbbe-0a89-46db-b772-5d7ace06d4cc,fe06d773-cd9a-42bf-b1d7-614c1c625f07,7934280.409401378,7934280.878611513,7934289.371512138,5883,200,0.46921013575047255,8.492900624871254,192
e7935f3b-5f82-4700-b53d-03eefe4ae295,c1178b93-624c-4368-a215-bbf1e0b91c17,7934278.409843371,7934278.68874466,7934289.432057563,2295,200,0.2789012882858515,10.743312903679907,192
1bf075d9-8be7-4de4-895a-443d49d1b663,2de8f2d6-66ab-4a07-90f9-203b01c54d88,7934278.409871315,7934278.962146251,7934289.486580943,5896,200,0.5522749368101358,10.524434691295028,176
ee086ded-8814-4505-a0b0-d3123bb682b7,c7344d02-17ce-4505-8d92-ada61240d9c1,7934278.409867386,7934279.3841619,7934289.496953325,2848,200,0.974294513463974,10.112791425548494,2800
e4fb7acf-4264-4c55-bf11-22608426959c,3843b2c1-db08-4327-bab6-6c5f8f1d4ce6,7934279.409560562,7934279.681193967,7934289.989711545,2332,200,0.27163340523838997,10.308517578057945,288
f08d0f63-f30c-438e-9768-d226bc7f81c3,a2f0e4f8-0472-4ab5-ae87-c77e28e82d50,7934279.409586318,7934280.264516219,7934290.011014213,4615,200,0.8549299007281661,9.746497994288802,192
cd0c1160-fe75-4939-af06-73bfa8832445,3cacc107-dca1-4afb-b1b9-2f813f74eb3e,7934279.409589785,7934279.948787851,7934290.268576658,5764,200,0.5391980661079288,10.319788807071745,192
427d6e0b-55ec-40a9-9e26-4fdb9974afc6,1b5b7ec9-af75-4404-bc92-07d960135fb0,7934281.409846573,7934281.930307832,7934290.303954421,5824,200,0.5204612584784627,8.373646588996053,176
d2f3c8a0-99b9-4932-8fdd-cb7c55162478,b9a1c60e-769e-4d7c-9bcd-7c30c553b14c,7934281.409852889,7934281.94620196,7934290.438544585,5947,200,0.5363490702584386,8.49234262574464,176
267999ac-3a54-4aef-80cf-73e2db2a0ee6,92822c32-6058-49fd-aa9c-0152bb38bb78,7934281.40982962,7934281.9006279735,7934290.524822677,5786,200,0.49079835321754217,8.624194703064859,224
3fcf85e8-cbf2-4bf4-bda7-c049bcf8124a,b43a54be-56bf-4383-90c8-2237a54a894d,7934282.409420519,7934282.73042128,7934290.890628152,3343,200,0.3210007604211569,8.160206872038543,224
c3924c1c-8b57-4177-b3b7-ec9ed54db46a,15fbccdc-7622-4cd8-b468-066ca318efea,7934278.409803104,7934278.957354157,7934291.026810357,5903,200,0.5475510535761714,12.069456200115383,176
261c7b21-c923-4528-b4cf-34d9d856b3b0,21aff5d2-52eb-4393-97d6-cc63d6a99afd,7934279.409583475,7934280.200045797,7934291.074276725,5888,200,0.7904623216018081,10.874230927787721,192
c06c8646-fedc-49a6-aa77-f967df11d82a,8e020282-5ecc-434f-b573-91c202e1468e,7934282.409446542,7934282.917163432,7934291.242737367,5855,200,0.5077168894931674,8.325573935173452,176
453c9084-1493-4691-8fcc-7f8f2bcbd3af,616f129f-3b5e-4571-8580-6d776d7d23f8,7934281.409843227,7934281.705372144,7934291.322612025,2850,200,0.2955289166420698,9.617239881306887,224
632fb260-99c7-4a54-917c-ad9f31dd88af,016dd4b2-29b2-4b1e-8e7a-9002ec0e19e8,7934283.409659539,7934283.6223558355,7934291.380636791,1796,200,0.2126962961629033,7.758280955255032,224
6c84be82-9990-4ecb-bdda-96cc36d319e2,a7665175-db71-4c41-b159-46cbf857d36f,7934278.409883802,7934278.767730886,7934291.4749452965,3961,200,0.3578470842912793,12.707214410416782,160
48ad1578-5591-483f-a62d-85f336a24db8,e2756295-4593-489d-b18c-ca24bcd6ad71,7934281.409839643,7934281.949957958,7934291.7651306875,5900,200,0.540118315257132,9.815172729082406,176
5f4cb0da-85e0-4d20-af7d-6bfca6a30725,05632621-7db2-4736-b11c-644a5c05ada0,7934279.409578156,7934280.209928384,7934291.969743263,5866,200,0.8003502283245325,11.759814878925681,176
2361e6e8-39cd-4165-a116-2acb88c107d5,3bbe86ed-d7cf-4231-9539-29db62dc29f1,7934282.409439293,7934282.52305547,7934292.093538323,364,200,0.11361617688089609,9.570482853800058,160
554dc1c2-9088-412b-bd1c-27f3b5e50c53,eac78716-775d-4fad-95de-28cdcbfe901d,7934281.409849749,7934281.818796472,7934292.2071836665,4465,200,0.4089467227458954,10.38838719483465,160
d1dd589a-50a8-4541-aaea-30086b57ecd9,abc0c6cc-0bfe-4666-83e8-64b03ca4efa9,7934283.40964588,7934283.663720656,7934292.211194323,2484,200,0.25407477654516697,8.547473667189479,256
4dce0bc2-984f-4970-9c66-10631d8d854a,99739e4b-0948-421b-91a7-a3c430be6f19,7934283.40965652,7934283.591940254,7934292.410260693,1294,200,0.18228373397141695,8.818320439197123,192
81a0c8cd-5932-42ab-8468-dc1d4d131a8b,77e4d1e2-9eab-4ec9-8690-2163ba744ae1,7934283.409641503,7934283.519897336,7934292.4301903155,3547,200,0.11025583278387785,8.910292979329824,3536
4e1ceb45-7e83-4fd3-bea9-cab5da9dbd10,b654d5e6-e3eb-4dbc-aa01-60dee8fba52e,7934283.409580548,7934284.1232721135,7934292.437183267,2680,200,0.713691565208137,8.313911153934896,0
87170903-46bd-4fa9-a32b-77bfcc28e3dd,67758644-12b8-4d98-b640-a9e8ac069351,7934282.409441819,7934282.528224549,7934292.465599398,686,200,0.11878272984176874,9.937374848872423,192
d409f844-a068-47ad-9cb8-d0db9bf3e4df,2b648323-c36f-4d40-a568-1b308a23e4fb,7934283.409663015,7934283.578299081,7934292.486159102,641,200,0.16863606590777636,8.907860021106899,176
f70b8662-457a-465f-8402-1d2978651689,f83a6d5d-465c-4ff0-bc0f-6eab5f238de4,7934284.409368916,7934285.0670506675,7934292.756133549,5897,200,0.6576817510649562,7.689082881435752,176
208c5594-8ccb-4435-b2cf-cc36cf7f482b,9751aa65-dcbb-464d-885d-1feaba1a4819,7934282.409443988,7934282.767426016,7934293.279066117,3678,200,0.35798202734440565,10.511640100739896,224
fd379168-a918-4bd2-b716-2a3791ed3547,6390146e-f25a-4269-b965-86f87e50701d,7934284.40934398,7934284.709842063,7934293.286182931,2930,200,0.30049808230251074,8.576340868137777,16
bae34783-cd6e-461f-b91a-5fae3d3c91ae,f1c9a465-31b9-4ab6-ae78-59df434e4f7e,7934282.409435904,7934282.908467686,7934293.296233104,5961,200,0.49903178215026855,10.387765417806804,160
09aaf605-c85f-4228-ab11-e03e3251e8cd,f4288e8a-c8ba-470c-896d-085c2d99d96a,7934283.409623628,7934283.560390795,7934293.31844037,761,200,0.1507671670988202,9.758049575611949,192
85778b13-2539-4776-a882-6bf5b1105288,b4c5b5ea-ee65-4239-bc1f-6b1f8a4f5a2a,7934285.409516398,7934285.527266494,7934293.731016403,759,200,0.11775009613484144,8.203749909065664,320
a3948312-533e-4936-9f69-e39a8cc5d1c8,df0f9f8a-9867-430c-98ce-3f30f838e161,7934286.40933524,7934286.896876326,7934294.227481808,5747,200,0.4875410860404372,7.330605481751263,192
95b846b6-0581-434b-a059-abbea51a7a89,384c381c-9e43-46bc-ae6e-f423ed8194ee,7934283.4096498,7934283.8761036135,7934294.391588036,5086,200,0.4664538139477372,10.515484422445297,192
0c9e1d2a-44ac-4f38-8cc0-f16d63a9562d,61aaf7d9-5163-47db-a2f7-a5dfc87dc710,7934283.409666474,7934283.831799939,7934294.3923439095,4237,200,0.42213346529752016,10.56054397020489,160
20e453c8-5ee3-4879-b3bb-25cd230f1038,6badb635-12b1-45cb-9019-63670c999c17,7934285.409538716,7934285.756594834,7934294.496604987,3497,200,0.34705611784011126,8.740010153502226,160
f68c8b2f-f5f7-4233-b3a7-ca0d96d2a96d,92dcd987-4459-4c21-98a5-5129ac92bc66,7934285.409473569,7934285.853622955,7934294.539073965,4614,200,0.4441493861377239,8.685451009310782,192
53fe015c-eb54-4f77-b54c-73a65a51ded2,586ddd63-a522-48ce-ae0d-777af55d3cac,7934284.409353427,7934285.117084652,7934295.440666079,5970,200,0.707731225527823,10.323581426404417,224
5251d28f-6575-4309-bdf9-6a5b5b749cf8,c9558e45-2a86-403d-85c0-a9d29a0abf12,7934283.409653227,7934283.876076505,7934295.600347123,5190,200,0.4664232777431607,11.724270618520677,176
fbbdddb1-3b64-4162-9c69-e295eee8b0de,30910795-649d-4c33-afd7-634035edf721,7934286.409332636,7934286.518495551,7934295.814537868,681,200,0.10916291549801826,9.29604231659323,160
d5e2cbfb-369d-47c7-8f71-3f68d41df175,d6c6ecce-7613-4cc5-89c7-46de6050a111,7934285.40953452,7934285.703142472,7934296.131905147,1020,200,0.29360795207321644,10.428762675262988,176
40c37444-8714-40bf-83e2-94fef719e96e,41d72990-c4f9-4f15-a3a5-0d6b55ca3bc4,7934286.409329826,7934286.5419887,7934296.21044248,825,200,0.1326588736847043,9.668453780002892,160
47ee2581-44ae-4e8a-a32f-d1e9c36c83c2,26c258a6-5b59-44bd-b849-a28547921f76,7934284.409365354,7934285.038370652,7934296.472007488,6019,200,0.6290052980184555,11.43363683577627,224
4c9903a9-89b6-45b7-bc87-353f5b5442ee,6a0f8598-e547-4e24-8413-65bc893e194c,7934284.409361757,7934284.546404963,7934298.041195817,884,200,0.1370432060211897,13.4947908539325,192
a480f6b0-48a6-4bc6-b843-6f8e0e5e5862,0ea7eebf-4e91-49b7-886d-7fde689bef99,7934284.409358207,7934284.681808734,7934298.230452619,2930,200,0.27245052717626095,13.548643884249032,224
d6fa5b86-7248-4636-9256-1c56b34c184b,9e3c8867-59dc-4f49-8675-cc60714855dc,7934285.409543066,7934285.715425449,7934298.636002355,3254,200,0.30588238313794136,12.920576905831695,272
1c922508-9fad-4bcd-a9ba-fd6f1b0a2abf,b1506650-c796-427f-84ec-42b45a69bfd0,7934288.409774465,7934288.589690337,7934298.815548927,1594,200,0.17991587240248919,10.2258585896343,176
02e2207f-1010-4135-9642-b1f02fc4e7db,ea672ecc-82bf-4d92-96e4-b9c2c87a2418,7934285.409546818,7934285.917700129,7934299.220522247,5736,200,0.5081533109769225,13.302822118625045,160
f192415a-b690-46b2-bbdb-fe1e28f758af,12ed77b0-f0e1-4d6e-912d-ddc62a0ba391,7934286.409327061,7934286.919380416,7934299.268359532,5845,200,0.5100533552467823,12.348979115486145,176
d5bcac4a-37ae-4526-82d6-0f52761005cc,799c1417-591d-41ce-b052-4d152da895db,7934288.409781349,7934288.916515416,7934299.282153178,5829,200,0.5067340666428208,10.365637762472034,160
b7163d30-6dd1-41eb-af8c-f11810cbe02e,83bb93d5-935c-47c5-ad10-6b74cc73f69a,7934286.409315416,7934286.891969788,7934299.401967842,5337,200,0.48265437223017216,12.509998054243624,192
2643099f-abf1-4929-88f7-27fbac04326c,6462a983-2af7-4433-ad5e-c2a356caa285,7934290.410014684,7934290.568780555,7934299.409973105,1212,200,0.15876587107777596,8.84119255002588,192
0f4de8f0-deeb-4166-8c16-a3b1da3268f2,2e90c9d3-0cc0-431a-a190-712898af6e66,7934290.410011966,7934290.869257137,7934299.535006445,5161,200,0.4592451713979244,8.665749307721853,176
2da218e7-ac1a-4f8a-948b-f4677f9c060a,10a77566-30c0-4a98-b443-a2bb542d4dba,7934287.409681166,7934287.796784765,7934299.641504318,4337,200,0.3871035994961858,11.844719553366303,192
bb82aa92-9a60-477d-bb39-de50dce0ce6d,5f121c84-8232-44fe-909c-9a69fa9fdc9b,7934291.409406857,7934291.63780817,7934299.729209099,2685,200,0.22840131353586912,8.091400928795338,192
25b06c08-112a-4768-b38c-5a145f7969be,d6e42e4d-4caf-4c43-b542-af920a9f2350,7934289.409574685,7934289.733504071,7934299.837703442,3679,200,0.3239293862134218,10.104199371300638,192
e1fdad74-d331-4245-8b98-5dafb59abac2,e2bb5c6d-8f13-4395-8e28-67275d11e72f,7934286.409323558,7934286.761674111,7934300.144667984,3794,200,0.3523505525663495,13.382993873208761,192
46e81a40-93a0-4f5a-8a0b-ae22a54c6f51,d0e91c45-b812-4570-8897-580d82fac103,7934289.409583285,7934289.89732519,7934300.16660156,5809,200,0.48774190433323383,10.269276370294392,224
00d2a590-dda6-48d0-9633-9434f0d0bc72,8a111b60-2340-4df0-891d-81e653adc99d,7934288.409761339,7934288.958667349,7934300.346854818,5778,200,0.5489060096442699,11.388187468983233,160
2eab1c4c-3244-48cb-b923-68597cacd49b,f554436d-1d1b-47f3-a997-b59b79320c86,7934292.409604702,7934292.895249328,7934300.351808294,5814,200,0.48564462549984455,7.456558966077864,176
75f1be93-4920-4c89-a1a4-e06f311316d9,804b8669-7bd9-41ef-94fe-2ae1da627a93,7934287.409690212,7934287.942809661,7934300.449391755,6522,200,0.5331194484606385,12.506582094356418,224
1be69087-a402-4a57-80a0-ac5e60e8e8cb,02fdc58c-4081-4c4f-b08f-be89fc1991ff,7934293.40970517,7934293.63086644,7934300.500308433,2361,200,0.22116126958280802,6.869441992603242,288
f0c75e9e-a39f-4715-a280-41b34a8044e4,39ab0541-81ed-4fce-99b0-095de4cec58b,7934290.410023551,7934290.792451702,7934300.531476259,4236,200,0.3824281506240368,9.739024557173252,192
86cde6ea-05cb-4381-99dc-35edc284a762,2a1bf603-2bcc-4001-9fbd-8c61855c48e1,7934291.409420096,7934291.935296979,7934300.933931617,6461,200,0.5258768824860454,8.998634638264775,192
20ff9a63-3d3f-4902-9491-a181c72bb85f,df831d09-321b-4ae9-9739-8a1cee2e855a,7934288.409778551,7934288.918989515,7934301.09809227,5818,200,0.5092109637334943,12.179102755151689,192
ec5adc5e-1b0f-4971-a2e1-bd4fd6b537b7,4605532e-01fb-47f9-adba-e8a42434e6e4,7934290.41001781,7934290.609710331,7934301.266810375,1598,200,0.1996925212442875,10.657100044190884,160
98358fed-6154-40fa-8f2b-052c8266b08e,33dc18f9-e1dd-4050-ba46-e0d05a421864,7934294.409442538,7934294.7556032725,7934301.389967711,3363,200,0.3461607340723276,6.63436443824321,192
e2f339aa-5bfe-42bd-be2c-5e212af83bf8,c3ce244b-c729-4d19-9eca-771462a7d8ff,7934288.409784622,7934288.678566992,7934301.430227496,2850,200,0.26878237072378397,12.751660503447056,192
41605ae1-25d8-4ea2-b34e-efd46a89b286,edf00561-d5fd-43db-891d-a57747fab3fc,7934289.409586027,7934289.903108409,7934302.290632424,5823,200,0.4935223814100027,12.387524015270174,176
414ef363-0dc3-4659-b515-bb391e654b54,69adc9c9-2273-43eb-a23c-a4efe562816a,7934292.409616824,7934292.533117359,7934302.657208883,996,200,0.12350053433328867,10.124091524630785,176
da4fa692-ef81-4ab8-ba76-a1beb83f721c,893d54fb-c8cf-4265-b0f0-731eb46f056f,7934289.409588148,7934289.876450269,7934302.892594799,5791,200,0.46686212066560984,13.016144530847669,192
5a547296-0996-4692-88ef-30ddd0ed3e31,933f3928-c5bd-436c-b052-8afb0bd75fd0,7934290.410008486,7934290.786399535,7934303.018805955,3515,200,0.3763910485431552,12.232406419701874,176
6ec80aa5-5a04-492a-9b9f-c53e07af20bb,067c23e7-4153-4362-990f-0e4ae9fd98ab,7934290.410021097,7934290.788504485,7934303.371018151,3953,200,0.3784833876416087,12.582513665780425,160
a5d41c1e-082e-4d0a-a981-a280ce1d8530,25393e40-5018-4c88-bbfc-16af8222a20f,7934294.409440435,7934294.954587067,7934303.408282956,5940,200,0.5451466320082545,8.453695889562368,160
8ee76569-eaf7-4024-b0e5-f7c34dc3ecbf,79555c7b-a7d6-4507-9ba7-d84dc5f17364,7934293.409714122,7934293.652534794,7934303.432469436,2602,200,0.2428206717595458,9.779934641905129,192
2d2fb0fe-4d8e-4970-8ee6-41ce2c7f0038,e0272631-07dc-4f1b-b5ab-7f974c0e6139,7934294.409445747,7934295.16507339,7934303.462244465,4392,200,0.7556276433169842,8.29717107489705,224
d63fed3c-1730-414b-a8ca-a6b6527b2fb0,2aacea92-7898-4f60-9526-e7a073521d56,7934294.409462332,7934295.359330688,7934303.476725852,5045,200,0.9498683558776975,8.117395164445043,160
e3c305d5-e2dd-4db7-b8fd-37b6697ccad8,db7e9f5d-8a61-4add-b03f-97cfb3b8ea31,7934296.409960532,7934296.6103280075,7934303.602500629,2069,200,0.20036747585982084,6.992172621190548,160
b86ab2f4-949e-4dc3-a84f-10662b4cd09a,80054dbf-463c-40e8-8df3-863c643bb1d5,7934290.409995398,7934290.798830172,7934303.8243736,4116,200,0.38883477449417114,13.02554342802614,160
b3fb61ac-0211-443f-bb5c-a826615aca8a,d846d4b2-4867-4720-9892-d49f8c7696e6,7934297.409387791,7934297.593419618,7934303.897843734,1933,200,0.18403182737529278,6.304424116387963,176
ab0380ff-cdf2-485a-9b54-ffec797bf652,c7344d02-17ce-4505-8d92-ada61240d9c1,7934294.409431072,7934294.741545995,7934304.115639702,3018,200,0.3321149228140712,9.3740937076509,192
bfbbfd2a-137f-4dcb-be90-43ff57394e10,23ee0cbe-2b7a-408b-9469-e2b3dc42f35f,7934294.409459836,7934295.343542078,7934304.132056537,5782,200,0.9340822417289019,8.788514459505677,176
9a49c213-a878-4ce5-9c35-5f192b82cdce,abc0c6cc-0bfe-4666-83e8-64b03ca4efa9,7934294.409448592,7934294.678113924,7934304.168994406,2537,200,0.2686653323471546,9.490880481898785,0
914df046-9e44-4f4a-a881-664ac7f82bf0,10678ac7-e4b4-4f19-ab04-5d834f4a91ae,7934295.409247927,7934295.883065069,7934304.1808166355,2257,200,0.47381714172661304,8.297751566395164,192
8288408f-f3ab-419d-9709-5c98583afb34,7ad2aea5-c86b-4155-9a3b-4b2ea0397338,7934296.409978253,7934296.709211644,7934304.247819025,3122,200,0.2992333909496665,7.538607381284237,176
ceb5b28e-5e40-45ae-9e0c-fcde139d95dc,a5fcfe4e-eb51-4ac0-b8bc-d87496e3d9cb,7934296.409974834,7934296.614039007,7934304.421361678,2147,200,0.2040641726925969,7.807322671636939,192
a39a0c9f-09c2-44ea-835f-4869ce100a80,e827bcdc-4d52-47f9-b3c6-64cb5b723399,7934297.409379511,7934298.097355502,7934304.515608213,2945,200,0.6879759905859828,6.418252711184323,160
b318be86-b7ce-4fea-a384-01c70d2e7636,64067c58-b338-48a4-85e4-99a236b0af21,7934295.409241234,7934295.53722661,7934304.806740949,727,200,0.12798537593334913,9.26951433904469,176
e76ba5ae-d7d2-4743-b73c-1ae2b8f61d53,92e9c4f3-5a88-45b5-bba4-0d7a61180e52,7934292.40961355,7934292.921020169,7934305.064204711,6192,200,0.5114066191017628,12.143184541724622,160
8e787abc-cde7-4a4d-9a16-b64d1df04239,2c6e08f1-87b6-450e-a518-3a26ca1469a8,7934296.409990325,7934296.781408116,7934305.243973608,4222,200,0.371417791582644,8.462565491907299,192
13b61797-a00f-48d2-be6a-09c5c9a4aa05,a24e58f2-2110-4c13-b7a6-ccba1267dbc0,7934297.409384338,7934297.999651035,7934305.286765331,2992,200,0.5902666971087456,7.287114296108484,192
aa1a6fcc-e36b-4818-bd57-f447b834a0f7,5dd975b0-30ab-46b6-96e0-39b315e33c7d,7934298.409380382,7934298.891086157,7934305.37060993,5732,200,0.4817057754844427,6.4795237723737955,192
1b2b6f0c-9687-42ee-8522-43fd9af40871,11a4e14b-d6c9-4235-a9bf-b4929896ec16,7934293.409717232,7934293.899184093,7934305.424353841,5950,200,0.4894668608903885,11.525169747881591,224
060ae650-a3f1-48e9-bcd2-195df5ebbd96,ad6e0805-854b-4ad4-b718-81d6c8218f27,7934297.409351679,7934297.7969424175,7934305.537990227,4509,200,0.3875907389447093,7.741047809831798,176
c90587ae-e018-4564-a9a2-449697fb9873,6ea89213-a24b-4e04-9166-3ae74526c64a,7934294.409418303,7934294.592334548,7934306.241847274,1276,200,0.18291624542325735,11.649512725882232,192
b5e2cb4f-f39f-4fc8-a080-0bd1d8bdaf5a,ceefa533-f37a-4408-af9f-4ed7830209c4,7934294.409451343,7934295.1905264715,7934306.263894993,5987,200,0.7810751283541322,11.073368521407247,224
f79ae873-007f-4251-8b17-d21a1214f02f,dd2b277d-7320-4529-bb10-09e0e4b25d8f,7934295.409228417,7934295.917778365,7934306.321122614,5938,200,0.5085499482229352,10.40334424842149,176
7a51d769-6a02-4598-a00e-e20bea92a0c3,572c2839-ba50-43b8-b7b0-0bf23c8d57dd,7934296.409987674,7934296.923040055,7934306.470558664,5764,200,0.513052380643785,9.54751860909164,224
ba1048f6-fdaf-4506-b571-4b757ddf9256,161520fe-b2a7-4765-9cec-8d3bd6da2327,7934296.409984467,7934296.752711847,7934306.890854311,3949,200,0.34272738080471754,10.138142463751137,176
fa01e506-6ecc-4b23-8785-d0045f481d94,d15044b7-c396-404e-998e-93e71a743f28,7934297.409391528,7934297.812890348,7934306.960568847,2451,200,0.4034988200291991,9.147678499110043,192
9a771b70-8b17-4cd5-acbf-0d6b4261718c,c042296f-1f45-4a47-8fd6-d3a427bbfd9a,7934294.409434982,7934294.919175319,7934307.044683229,5728,200,0.509740337729454,12.125507909804583,176
e3b9ecee-bcd8-4ce4-8df2-6731bcaeed00,624225ef-629e-463c-88fa-426505dea49e,7934294.409454198,7934295.53802619,7934307.06622327,5964,200,1.128571992740035,11.528197079896927,176
aa6dd025-9c50-4c3e-ae17-2e184ff5114a,33cf4974-3a90-4987-86e1-7c8c5d8040df,7934295.409251323,7934295.956162084,7934307.096937825,2041,200,0.5469107609242201,11.14077574107796,192
526886bf-5fb3-4286-8eab-5ee5b250439c,81f274fb-2e6f-430c-bca5-cbd3ec69d401,7934297.409374063,7934298.074641078,7934307.764248706,5789,200,0.665267014876008,9.689607628621161,160
fb905dd2-b3f9-49b0-8770-ed717e03061d,e89d00a2-aef6-4faf-a8f6-58052acdc0b2,7934298.409388616,7934298.813870317,7934307.89041839,4600,200,0.4044817015528679,9.076548072509468,192
ee1d3a0a-7589-47ac-804f-b168ec838584,52377bb8-f78a-45ab-8e51-d46ef232477d,7934294.409437611,7934294.963732986,7934307.966782513,5896,200,0.5542953750118613,13.003049527294934,192
9b117fcd-53b2-4d3f-bbf9-497aa212e2ff,50febabb-892c-4a87-b8cf-3f82b8fdd573,7934294.40945694,7934295.595800762,7934307.992269508,6039,200,1.186343821696937,12.396468745544553,160
07e2fc2f-9b92-4694-a633-1bdb505e69a0,83b87dad-7d4a-4b0a-b4dc-3dc07570827f,7934295.409244832,7934296.208355378,7934308.025913558,1764,200,0.799110546708107,11.817558179609478,192
0121cb1a-faf4-47f2-8d42-e6883c4fea43,5e0b58d3-c006-4a2c-a6cd-a016092a16a8,7934296.40998136,7934296.912375981,7934308.10662945,5739,200,0.5023946212604642,11.194253468886018,176
7e9f21fc-234c-4271-a878-42e901620abd,e4e2e608-ce54-4ee6-8651-29dcfd54dc86,7934299.40936429,7934299.5619199835,7934308.136524627,1314,200,0.15255569387227297,8.574604643508792,160
0863280b-4ff4-4a1a-b20a-e80d93b592ff,855db15a-64ae-4b1f-a52e-cfbf6248599a,7934300.410483356,7934300.687345333,7934308.157689835,2932,200,0.276861977763474,7.470344501547515,160
d75f470a-4019-45dd-a9c3-9b6888af7f67,8152b1f1-7dee-46bb-b519-7a1651a49de4,7934297.409307439,7934298.139722304,7934308.3584938105,6625,200,0.7304148655384779,10.218771506100893,160
68501de9-1f62-41d7-93dc-d92963add6ee,0e78f555-d2c5-4fe2-81d1-9a7530f75bf4,7934300.410510555,7934300.7277118005,7934308.482747751,3186,200,0.31720124557614326,7.755035950802267,176
4dd70802-66cf-4814-b92e-8c4f4e03e968,3467dee3-2b4a-4201-afb4-3a253af3f2f2,7934299.409371045,7934299.477115788,7934308.958142434,413,200,0.06774474214762449,9.48102664668113,192
01df7f53-4393-4333-ba18-e36add16dd59,d99bd3a4-aa98-4081-914d-d5fe46dea9f9,7934301.409609997,7934301.6534206495,7934309.112405295,2320,200,0.24381065275520086,7.458984645083547,176
184e0910-da4b-4d46-a322-e8496ca667c1,01d20233-ba05-4142-a870-402681c0fb91,7934300.410513959,7934300.883965959,7934309.22633789,5167,200,0.4734519999474287,8.342371931299567,192
7453e096-a300-44ea-ab41-9b091af72417,13c8030e-be08-44bc-b1d5-1304416e7a6e,7934300.410517413,7934300.92763492,7934309.360207706,5750,200,0.5171175068244338,8.432572785764933,224
5ca74ba8-520f-4407-8169-9e826e18c5bb,0691447b-4b91-4b36-9c39-fd2b25d1d966,7934300.410503526,7934300.9861211665,7934309.481674198,6505,200,0.5756176402792335,8.495553031563759,192
0daecd69-0867-44f1-bf1b-5f37c89c498e,c2cbe9ac-84ba-4ba4-8d9c-43c03e1b96e7,7934301.409674782,7934301.877738752,7934309.806337454,5330,200,0.4680639700964093,7.928598701953888,192
d443190f-325c-424f-847b-b55730b93840,9f6f2f4f-8298-4179-8389-d9490b4f24b1,7934302.409719188,7934302.879533662,7934310.139678776,5882,200,0.46981447469443083,7.260145113803446,160
14f6cc22-3683-436b-a74b-ea5dbc93b383,5feecc80-78cc-489f-a6b9-84a83af8bc36,7934300.410498458,7934300.919741053,7934310.235722036,5984,200,0.5092425951734185,9.315980982966721,176
dc1a1633-a59f-4932-a711-68add66d42c5,3cacc107-dca1-4afb-b1b9-2f813f74eb3e,7934301.409652091,7934301.918068651,7934310.250413373,5764,200,0.5084165604785085,8.332344722002745,192
155b0fd1-375a-4190-ade1-e124bd2a3edb,799e20b1-36a1-4282-9d47-3faabcc08648,7934300.410507169,7934300.925063701,7934311.207433744,6008,200,0.5145565327256918,10.282370042987168,176
d9eb2ee7-d385-41d8-915f-d6b0973c3b7a,d81300c0-9e09-45d8-84f5-e342f80ca6d0,7934303.409664567,7934303.553306175,7934311.34081599,1293,200,0.14364160876721144,7.787509814836085,256
e270dd06-7e89-4bf3-b7dd-7b12b17783df,7981de4b-b38c-4779-9333-92692204b4e4,7934304.410039081,7934304.641867206,7934311.507128752,2006,200,0.2318281251937151,6.865261545404792,192
32ded97e-62ba-45e2-bd45-d0e930c12871,6f63a0ec-64b3-4d1a-9be0-a212dd89aac0,7934305.409680087,7934305.686776297,7934312.290015636,2683,200,0.27709621004760265,6.603239338845015,176
0fa775cd-8d46-4bf9-8fca-b0572f82453a,e7803957-8926-462a-a31e-30cdb1c9ec2d,7934301.40966717,7934301.751609714,7934312.3129006345,3339,200,0.3419425440952182,10.561290920712054,288
1d95bb35-ed5c-4cad-b65e-a1460e335756,eac78716-775d-4fad-95de-28cdcbfe901d,7934305.409662279,7934306.101564661,7934312.315409114,4465,200,0.6919023813679814,6.213844452984631,160
1d658c90-9fa5-4213-b8f9-b5cc3724e86b,bfa767e2-3dd3-462a-8100-22c9a1611ab7,7934303.409656028,7934303.593672921,7934312.899208649,1752,200,0.18401689268648624,9.305535728111863,160
50fecea3-08d0-40cf-8e97-e2c137cbca30,c345f567-40a1-40e3-a7db-ec4eebc90342,7934304.410045422,7934304.592731498,7934313.12424486,1912,200,0.18268607649952173,8.531513362191617,192
f149bc08-213a-4253-b3e7-db0e457ea940,12aae71a-3e0d-4bf5-90fb-76d1a7c353ae,7934301.40967088,7934301.931292253,7934313.275438801,5609,200,0.5216213725507259,11.344146548770368,160
e89edcc8-0565-4c30-aabf-fdc032919d03,2eef5030-8e4f-48f7-87c0-c4672c479dbb,7934304.410048798,7934304.955889054,7934313.306288804,5872,200,0.5458402559161186,8.35039975028485,176
54f58fb9-bfda-4485-ab17-85f2190c3f96,a1329327-31f8-4e0e-8c96-d4c38c61242d,7934304.410042672,7934304.64728299,7934313.314883402,2150,200,0.2372403172776103,8.66760041192174,224
f96f80ad-d52d-4dc3-bf1b-2f611d69c8ac,6fb0551f-4ff5-43b9-b3ce-5ed20bd3d658,7934304.41005137,7934304.803848009,7934313.390867278,4200,200,0.3937966385856271,8.587019269354641,192
3d14aee6-873c-4e21-85c5-9c62f09eeeae,22ad330a-90f5-4f19-8245-dae0d3c2f176,7934305.409684102,7934305.954796181,7934313.737554518,6047,200,0.5451120790094137,7.7827583365142345,192
1a92e28b-f92d-4c42-9f70-ad3953ef63d2,dcff9a1f-a60c-4377-8789-154950a7f139,7934302.409709982,7934302.88870789,7934314.01513331,5821,200,0.4789979085326195,11.126425419934094,160
cc413162-77e5-4f48-ba68-9f775e8a18d2,452a745c-ac46-4f34-b215-56354ca1b125,7934305.409676542,7934305.824318553,7934314.094357591,4226,200,0.4146420117467642,8.270039037801325,176
6eb83475-9343-4baf-bccb-01a693f2d7f6,b87d1b47-75a0-4129-8580-a96e0868928f,7934304.410053691,7934304.9172748625,7934314.2327572275,5745,200,0.5072211716324091,9.315482364967465,176
13ae2f57-1a82-4d63-81fa-433220f0969f,01580029-b853-4a73-96e9-198754e7c6cf,7934305.40966574,7934306.067100638,7934314.262672132,5943,200,0.6574348974972963,8.195571494288743,192
b6314635-5699-4929-a323-1a1e5f258323,c0e273f1-c346-4c7f-ba9e-53a9c61c18c0,7934307.409500975,7934307.887832046,7934314.464322162,5448,200,0.4783310703933239,6.576490116305649,176
087ddaf6-a7e7-43c7-803d-9af9d3474478,21d6c7bf-0824-4d6c-ae87-342ca4d3bf10,7934305.409658085,7934306.110111647,7934314.500387006,5697,200,0.7004535626620054,8.390275359153748,224
bfdc7fa0-5393-4b06-a791-e6b3d0cbaed8,e4a9abbe-0d10-482c-9e14-ba6fe5099a3e,7934306.409326863,7934306.694194179,7934315.137891615,3786,200,0.2848673164844513,8.44369743578136,224
2b4063fe-456e-496a-a194-043600f61db3,d0e91c45-b812-4570-8897-580d82fac103,7934308.409475454,7934308.885447349,7934315.2688815715,5809,200,0.47597189527004957,6.3834342220798135,224
845526b9-0fa1-4020-bb3b-14ad3c04cef5,a49d24aa-32c1-4fd9-8039-e95dd8e8abd7,7934305.409669139,7934306.125055439,7934315.27883504,5749,200,0.7153862994164228,9.15377960074693,160
277b5d29-76b2-4b6d-8284-38808df7d9d2,5b7afdee-bc23-4cea-8c95-ee1786504a83,7934309.409557916,7934309.781996338,7934315.392043561,4090,200,0.37243842147290707,5.610047223046422,224
1725791d-42cf-41bf-8050-0f10295660b6,a37337b3-4345-44c2-99d0-bd4fa96c3614,7934307.409503942,7934307.850603335,7934315.733374952,4989,200,0.44109939225018024,7.882771617732942,224
c7177fef-d9c7-47b1-ab20-4e23552de23f,c11b2f2c-9092-45e8-ae60-7c8dc222703b,7934304.410024708,7934304.947155792,7934315.7389194295,5899,200,0.5371310841292143,10.791763637214899,224
c96c342b-d778-4952-8ded-06408945a02d,6788d54d-4159-4b04-b9ab-1d1eeea6d9b1,7934305.409641717,7934306.110162829,7934316.000176147,2054,200,0.7005211124196649,9.89001331757754,160
9825eee0-fba6-4879-af83-5fe9aa72cb4e,a38cc03c-0c15-4c65-b327-0a790b0f3638,7934305.409600639,7934306.113711325,7934316.001256148,5967,200,0.7041106866672635,9.887544822879136,176
ac78bc29-978f-4062-906c-1f7970eeb9bf,ddb1b982-2da3-4da3-a8e6-a3ce2b95f759,7934307.409480694,7934307.531319911,7934316.284755406,904,200,0.12183921691030264,8.753435495309532,224
c042c6c9-712b-4181-a1d8-d87c2922fae3,46895bab-7df6-44fa-8603-fc2f9ac66342,7934306.409335032,7934306.744169784,7934316.306457438,3974,200,0.3348347516730428,9.562287653796375,176
c0e5979d-238b-4c60-a8dd-560a5c401a5d,81342983-96cb-4edf-b41c-58479ba18f6d,7934309.409534164,7934309.531079416,7934316.70983286,768,200,0.12154525239020586,7.178753443993628,176
ba15d7c7-d87c-459b-9bed-f455b6f5a5dc,37a01d59-0e82-4874-a0c6-e70aa5765dda,7934307.409497597,7934307.929133656,7934317.197082613,5956,200,0.5196360591799021,9.267948956228793,192
5f5799cd-b758-4e9c-90aa-6c46f31d9bcc,19c30b89-49e6-4785-b4ec-da68e367d4ae,7934308.409487452,7934308.886966143,7934317.853152086,5939,200,0.4774786904454231,8.966185943223536,176
df7faf09-ddd9-4f86-b4cc-3d7f9916be6d,26c258a6-5b59-44bd-b849-a28547921f76,7934309.409568237,7934309.884842926,7934318.178029443,6019,200,0.47527468856424093,8.293186517432332,160
31254d7a-f72d-476e-aa58-a06e85284a47,bdd764a1-f13b-4ef5-be66-457691858534,7934309.40956405,7934309.663246555,7934318.352924987,2583,200,0.2536825053393841,8.689678431488574,192
1d38e077-2418-4a20-a686-35e491bd81eb,bc1de8c2-a6ae-4eed-92df-8609cafce1c4,7934310.409285341,7934310.578770501,7934319.223053796,1694,200,0.1694851592183113,8.644283295609057,176
33b26a90-ea70-468d-9eaf-3c01a29d7596,384c381c-9e43-46bc-ae6e-f423ed8194ee,7934304.41005609,7934304.870479087,7934319.350380979,5086,200,0.4604229973629117,14.479901891201735,192
6983ec74-6859-49d5-907f-7d0755fe09d3,eb8d5825-451b-48b5-839c-bd3f2e385b6a,7934310.409298363,7934310.796921819,7934320.161187069,4286,200,0.38762345630675554,9.364265249110758,192
42a3aad1-6c78-477a-961a-b44b606e441e,9079960d-2c5e-4892-b03f-4c965fd9712e,7934308.409484288,7934308.611635555,7934320.289809884,2181,200,0.20215126685798168,11.67817432899028,288
78085f74-f8cc-4e37-aab8-86831f180100,0136334d-367a-412e-a713-3b46dd3fbb28,7934312.409418375,7934312.909608894,7934320.473419902,5882,200,0.5001905187964439,7.563811007887125,176
1a40ab0d-6551-474d-8516-66a372e2bbbe,ff957c9d-a716-4c43-bbb0-dee349a644f6,7934305.40967276,7934305.930492986,7934320.518873198,5818,200,0.5208202255889773,14.58838021196425,160
f02e459c-4ac2-4347-9982-e9e41812540f,11ed2698-a70a-4704-b64c-933c1e3f5226,7934311.409306287,7934311.886727565,7934320.984710726,5766,200,0.4774212781339884,9.097983160987496,192
fbea4dee-ee36-4b38-8a3e-1818026ba788,016dd4b2-29b2-4b1e-8e7a-9002ec0e19e8,7934312.409445162,7934312.858084907,7934321.0300445,1796,200,0.4486397448927164,8.171959592960775,224
1b737c05-23cc-4b63-be51-8d1db66b1abd,abc0c6cc-0bfe-4666-83e8-64b03ca4efa9,7934314.409681526,7934314.482811877,7934321.795512315,2605,200,0.07313035055994987,7.312700438313186,2528
fa9ef623-e001-4864-935a-1944ba69586f,583cbfc9-7618-498d-864b-dd180e9fa774,7934310.40930134,7934310.900829684,7934321.974433931,5976,200,0.4915283443406224,11.073604246601462,192
ed008680-5120-4e11-bd25-c529caab1131,2b5bb3c9-4d36-4e8a-b052-54bcfbf3a086,7934311.409314771,7934311.883467598,7934322.0524668,5874,200,0.4741528267040849,10.168999202549458,176
f930550c-5a11-4389-bef1-a81dc90309bd,10a77566-30c0-4a98-b443-a2bb542d4dba,7934307.409493461,7934307.823030152,7934322.101964217,4516,200,0.41353669110685587,14.27893406432122,192
0f2680b9-b311-4067-b102-4d2f5c9b756f,2b648323-c36f-4d40-a568-1b308a23e4fb,7934312.409348081,7934312.479873817,7934322.166315501,641,200,0.07052573654800653,9.686441683210433,176
4a817a50-a472-4960-80f1-76e04d032ca2,e6b5aa5a-f8c4-40a5-83af-81b226cb08c3,7934313.409928469,7934313.872259356,7934322.200118213,5720,200,0.46233088709414005,8.327858856879175,176
c4d2b828-c692-4404-a391-c000ab62d130,c226d327-ec87-408c-844a-cb6a344c2aea,7934309.409571581,7934309.493278509,7934322.352922101,655,200,0.0837069284170866,12.859643591567874,192
2fd4e29b-db86-47c9-89ba-7decb28900b2,70efcdcf-b43e-4fea-9b8e-1b80008b762c,7934314.409687662,7934314.641298209,7934322.370914603,2325,200,0.23161054775118828,7.729616393335164,192
7db804fd-9822-4fe2-98a2-2cbb52f3141d,d24c0cc3-a163-4cd4-9cf2-de41d5c96f4a,7934314.409678771,7934314.587628165,7934323.030633119,1844,200,0.17794939409941435,8.443004953674972,192
c2158a92-cbac-4b28-a973-d997a354eafc,c7344d02-17ce-4505-8d92-ada61240d9c1,7934313.409919258,7934313.679455847,7934323.284093274,3006,200,0.2695365883409977,9.604637427255511,192
4b4c6d00-a5fb-4942-99b2-22965294d932,6a0f8598-e547-4e24-8413-65bc893e194c,7934315.409888502,7934315.572384128,7934323.973906686,1040,200,0.16249562613666058,8.401522557251155,192
eebb25d3-0d34-4491-89bd-8ca73f8e7581,518da9d9-bd7e-4178-ad6c-3f0c271aa0a4,7934315.409883355,7934315.5375164375,7934324.224993577,878,200,0.1276330826804042,8.687477139756083,160
d18dc8e2-3c4f-453b-9e23-06eb5805164d,b0504ddd-048b-41e3-b755-077cdf863893,7934314.409665922,7934314.935971563,7934324.425063364,5958,200,0.5263056410476565,9.489091801457107,192
45c4a2af-dd49-4f02-a88e-ad7108bff2ad,f68fd222-0137-4dff-931c-e9fcf351724a,7934309.40948767,7934309.901990748,7934324.470499128,5917,200,0.4925030777230859,14.56850838009268,176
7b62a247-3c5a-4254-ac9c-e14931971b3b,f483dee7-275c-4181-9276-2967d4d6cbdd,7934310.409295123,7934310.585736538,7934324.837601922,1850,200,0.17644141521304846,14.251865384168923,160
32a30bc6-507c-4782-a961-d90c2924cbe9,f27570f5-c473-4259-ba07-f87fff5089de,7934315.409898543,7934315.590050961,7934324.924387048,1563,200,0.1801524180918932,9.334336087107658,160
b14d6ffc-d41f-40f6-82d7-8abb2e76a057,8171fb88-1e6f-49a9-ab54-976103cd97e5,7934315.409894629,7934315.680113342,7934325.113787912,2588,200,0.27021871227771044,9.433674570173025,192
289d240c-8e6f-4cb5-b222-2085f11e1934,2c717881-9558-48a1-a0f7-0e9143a28634,7934315.409907341,7934316.250825193,7934325.135641528,5921,200,0.8409178517758846,8.884816335514188,160
0d7b975c-4e35-4135-9107-79f910162838,6114f2e9-4693-488e-9dbb-a470b56d0719,7934315.409879644,7934315.930718444,7934325.441605602,5617,200,0.5208387998864055,9.510887158103287,224
238185f9-5e07-4d17-8264-64b1fc73a137,370e9c6e-76c4-4f5f-94a2-56eda56ca89b,7934315.409868407,7934316.092256552,7934325.475311605,2010,200,0.6823881445452571,9.383055053651333,176
2cd4cadd-f5ed-4c7b-99dd-b548a744cd5b,eee60849-6a21-4615-8b42-be632d4dfff0,7934310.409305504,7934311.138102774,7934325.489941589,5925,200,0.7287972699850798,14.351838815025985,224
07134252-13af-4fb7-8420-0ebeb2e562d9,df0f9f8a-9867-430c-98ce-3f30f838e161,7934312.409440394,7934312.894819895,7934326.237432111,5686,200,0.4853795012459159,13.342612216249108,192
76de3b24-9759-4366-9812-54dc652e65cc,67758644-12b8-4d98-b640-a9e8ac069351,7934316.40927661,7934316.485687717,7934326.310358776,686,200,0.0764111066237092,9.824671058915555,192
73d04a0e-75cd-45b1-8d31-1c41dce2476a,41353917-ac7b-4377-8f57-59434d539259,7934317.409290198,7934317.526633348,7934326.350420238,1082,200,0.11734315007925034,8.823786890134215,160
73801c41-7ef7-44d5-9de6-5d12e95ffd33,8094c720-081f-4a98-aca9-d83abaec4c87,7934318.40969574,7934318.608603227,7934326.356427851,2140,200,0.1989074870944023,7.747824624180794,160
3be9c3f6-d8e4-4409-a5da-f2f9c8215a3c,db0d8031-9380-4fe2-8061-0b305834b36e,7934316.409279956,7934316.488006178,7934326.412344413,632,200,0.07872622273862362,9.924338234588504,176
8ff8201e-0ca3-4ebb-8c11-8faaeba77882,e7803957-8926-462a-a31e-30cdb1c9ec2d,7934317.409283655,7934317.681339844,7934327.042762512,3312,200,0.272056189365685,9.361422668211162,288
75a6dd2b-2019-46ce-9d05-848a08a932de,39dc9061-e502-4946-a915-02a337fe480e,7934318.409687141,7934318.818860125,7934327.168282391,3254,200,0.4091729838401079,8.349422265775502,192
16720037-c85e-48a6-9bd2-13d2a57b6cdf,e5f863e9-3a7b-4d7a-bdd2-60bc8ad6448d,7934313.409932364,7934313.891567131,7934327.1701249955,5843,200,0.48163476679474115,13.278557864949107,160
2f29295c-c931-4fb0-9e3b-152ce359fb1e,c042296f-1f45-4a47-8fd6-d3a427bbfd9a,7934314.409684733,7934314.880293613,7934327.398207473,5766,200,0.47060888074338436,12.517913859337568,176
05885753-c6d6-4c97-9d47-10361e2966d2,09329235-b77c-4c42-adf4-ff1827d1d710,7934317.409286934,7934317.917368064,7934327.415260307,5919,200,0.5080811297520995,9.497892242856324,176
3d57b3f2-98c8-4f3b-a2f8-c715e3c311b8,5fcd7bbd-da7e-4afa-95ef-18c316df5c14,7934318.409704844,7934318.920634504,7934327.465065848,5968,200,0.510929660871625,8.54443134367466,224
d55af521-32df-437a-840d-8f9857a5806a,9e3c8867-59dc-4f49-8675-cc60714855dc,7934317.409276738,7934318.039152359,7934327.668201262,3255,200,0.6298756208270788,9.629048903472722,16
f27f4a0f-dced-4bb9-82a8-0210920e1f4e,c5e80430-d231-4b4b-ba36-b8fdc718933a,7934318.40971083,7934318.669487334,7934327.712712198,2324,200,0.2597765037789941,9.04322486370802,224
5f402aa8-bb70-4d9e-b7d5-4b0ebf209135,21aff5d2-52eb-4393-97d6-cc63d6a99afd,7934314.409675494,7934314.9167111125,7934327.918149409,5888,200,0.507035618647933,13.00143829640001,192
870d4a90-357c-442c-b93c-067c13316ef7,99bfa5b8-81b7-48c0-a8d6-629e60885c21,7934315.409904158,7934316.454800058,7934328.173887193,6242,200,1.044895900413394,11.71908713504672,192
ba567e63-0856-4dbe-be7d-37aae2c40916,83bb93d5-935c-47c5-ad10-6b74cc73f69a,7934318.409701658,7934319.085176908,7934328.307735484,5482,200,0.6754752499982715,9.222558575682342,192
8d906f05-7711-4098-a7ed-dc4d5c9a1dfb,47655980-12c4-4dd9-9ee0-ecc634eaf4db,7934319.409439027,7934319.511621898,7934328.526231351,548,200,0.10218287073075771,9.01460945326835,160
560890c5-3de3-48c8-8624-288099430987,a4f8e498-bdbe-4f0b-a1e1-8b71d9e4a707,7934315.409885995,7934315.979721317,7934328.649335705,6129,200,0.5698353219777346,12.66961438767612,192
090d13ed-32f7-44e6-bdb4-bdb8ee42bc05,f8ab9d2b-deca-482c-8981-3b28f5058d06,7934315.409890831,7934315.816550974,7934328.752368029,4341,200,0.4066601423546672,12.935817055404186,176
519aa9ad-ee98-4365-9a0a-5e8b89b278b3,52b8d013-981a-41d3-8520-eb23e5010775,7934315.40990137,7934316.98050706,7934328.776971038,5907,200,1.5706056896597147,11.796463978476822,224
260e3331-f6cc-4f03-a906-25e0c68d1263,d6e42e4d-4caf-4c43-b542-af920a9f2350,7934317.409280503,7934318.232322082,7934328.835276375,3924,200,0.8230415787547827,10.602954292669892,192
58751d0d-3ae3-43c0-b088-dbecc4d0865b,39ab0541-81ed-4fce-99b0-095de4cec58b,7934318.40970802,7934319.191972648,7934328.884590624,4407,200,0.7822646275162697,9.692617976106703,192
a9f2d1a2-1b92-4ac2-b92d-34e8927e78d4,30910795-649d-4c33-afd7-634035edf721,7934319.409445614,7934319.522876231,7934329.059158992,681,200,0.11343061737716198,9.536282761022449,160
a7434942-e6da-4c80-9cd7-28a5b7ccf31b,346884c6-d766-4ec5-aa72-7b2d60af0395,7934318.409699096,7934318.999683656,7934329.09605759,6304,200,0.5899845594540238,10.096373934298754,160
4b6b98ea-9cf1-4ca9-aa65-750e234bd0b0,6d6afd5b-1a5c-44f8-acab-1571e66ccb96,7934319.40942583,7934319.669902544,7934329.125852188,3218,200,0.26047671400010586,9.455949644558132,176
9e09848e-b989-44fc-b1fe-ae5d31f883b6,b9128bf0-2636-4290-afce-cc0c01a9a3d0,7934316.409267698,7934316.880262335,7934329.185664686,5720,200,0.47099463641643524,12.305402351543307,224
cc2f8497-b896-4cdd-96f7-1edbfd20ecae,5b0c86fb-7255-4292-8ba9-f3639b7add50,7934320.409489841,7934320.593131057,7934330.015900187,2167,200,0.18364121578633785,9.422769130207598,192
86539d7c-6914-49a4-a5d4-dd57e8649624,7dffa10a-2db3-48f9-af53-bddccb30f2a3,7934320.409471899,7934320.825641469,7934330.198412967,4650,200,0.4161695698276162,9.372771497815847,176
ba9e52dd-daa4-4fce-9d77-45fcc798ab5f,02fdc58c-4081-4c4f-b08f-be89fc1991ff,7934321.409281,7934322.0784563245,7934330.426092814,2364,200,0.6691753249615431,8.347636489197612,288
cb35177b-7f30-479d-98e5-7211f3a01046,743528ce-8ff5-4c63-8df5-2e9b0703cc0a,7934322.409689932,7934323.312275266,7934331.218875556,3840,200,0.9025853341445327,7.906600289978087,160
998a097a-2d8c-4007-8080-51f68df2e317,182e146a-f05f-4c8c-927f-b75bc2b1ea10,7934321.409296127,7934322.396024719,7934331.357899352,5857,200,0.9867285918444395,8.961874633096159,160
b8bec4b2-bcef-44c0-a652-bd643477f067,57727da7-a89d-4b07-b497-8a4ae07e2f57,7934322.409706499,7934323.152841406,7934331.402365986,1269,200,0.7431349065154791,8.249524580314755,176
3aa76fab-407d-4300-8d20-27670c483b65,df0a35f9-6001-4df7-9553-17f2347760bb,7934317.409263288,7934317.87484418,7934331.535148296,4940,200,0.4655808927491307,13.66030411515385,224
db6e258d-b3be-47e3-a0e2-20ae29fb6ebb,161520fe-b2a7-4765-9cec-8d3bd6da2327,7934320.409486811,7934320.770898519,7934331.932004999,4170,200,0.361411708407104,11.161106480285525,176
5d2cd97c-7116-42fd-a289-1ec2da9fdd6f,ad6e0805-854b-4ad4-b718-81d6c8218f27,7934319.409442901,7934319.792885739,7934332.14956126,4402,200,0.3834428386762738,12.356675520539284,176
6670ba16-a846-450e-9112-71cf822d791d,ff19633c-acff-4576-b01e-d80c3fbca124,7934323.409407576,7934323.866246693,7934332.184842641,5760,200,0.45683911722153425,8.318595948629081,160
c946b7f7-f348-4b50-a505-c14e21f2ef23,c174f84e-239e-4505-9877-710ea1e1aa00,7934319.409448056,7934319.83301146,7934332.34700497,4773,200,0.42356340400874615,12.513993510045111,224
3557fb18-749f-4740-80cb-45ddf8e11e86,5f392163-5e1f-4046-b000-a9b1693783cd,7934322.409704075,7934322.629925123,7934332.406265919,1363,200,0.2202210482209921,9.77634079568088,192
10d79430-608c-4045-af1a-a5ce072231c0,3bbe86ed-d7cf-4231-9539-29db62dc29f1,7934320.40948323,7934320.512690637,7934333.402733669,477,200,0.1032074075192213,12.890043031424284,160
9204a676-3a61-484f-bb9f-85e7dc7c71cf,3843b2c1-db08-4327-bab6-6c5f8f1d4ce6,7934321.409300012,7934321.64228604,7934334.106853465,2321,200,0.2329860283061862,12.464567424729466,16
985d6110-492f-4ab6-90d0-cfbb7afd78ae,b9a1c60e-769e-4d7c-9bcd-7c30c553b14c,7934321.40930636,7934321.901960807,7934334.127541174,5925,200,0.4926544465124607,12.225580367259681,176
f6f31485-9800-4602-8e47-554cbb846e2a,a2e343e5-52ab-4a90-be2f-a2f9fd76f526,7934325.40942133,7934325.63080957,7934334.1547983615,2268,200,0.22138823941349983,8.52398879174143,160
b512836f-5d15-43ed-9cff-5b83c81137d9,9b27c6c2-2245-4a1e-a424-6b64e12f2370,7934321.409303464,7934321.536597372,7934334.158278001,747,200,0.12729390803724527,12.62168062850833,192
c8ad73b2-5849-4767-b49c-d3ad923e2ef7,00582910-d45e-43fe-9151-b2d8aa205d5a,7934323.409404797,7934323.873036599,7934334.448606779,5837,200,0.46363180223852396,10.575570180080831,752
d697093c-1600-4616-8d4c-4494b65012ca,384c381c-9e43-46bc-ae6e-f423ed8194ee,7934322.40970142,7934322.909283588,7934334.863714003,5086,200,0.4995821677148342,11.954430415295064,176
4d72e2f3-ba34-457d-97a9-0b70aa38a28d,28372a1f-07f7-48a6-8cc7-9fa100b2f8a5,7934323.409401211,7934323.494240275,7934335.027489223,571,200,0.08483906369656324,11.533248947933316,176
e1b5cb6e-d51c-46da-9c5e-55411e9eddfb,0be4320b-01bc-4621-8810-cea97dbe5f9b,7934325.409418997,7934325.9268160695,7934335.910016039,6021,200,0.5173970721662045,9.983199969865382,224
80533fa9-039b-407a-a8cc-3231dde6fb5a,b08a97a6-f8e0-4014-92ec-ad1af8ba590e,7934322.409709343,7934322.970271594,7934335.975435139,6025,200,0.5605622511357069,13.005163544788957,176
8dd3db49-fb2c-420c-8fb0-a55ee23799eb,1ce0cc43-25d2-46e0-91e4-43901076cdf9,7934326.40995399,7934326.6720937425,7934336.196792056,2863,200,0.2621397525072098,9.524698313325644,224
1ff48c10-9887-4b2e-8431-c8422487aba6,882c383b-3739-4ff4-be3d-18745f09b583,7934323.409391313,7934323.898702531,7934336.282106879,5951,200,0.48931121826171875,12.383404348045588,224
b1e61bf3-fe36-4c95-9bf3-28e0d07c90e2,3cba0bbe-0d61-4be6-8be5-4585a5068a33,7934324.410048332,7934324.740082442,7934336.6008883305,3651,200,0.3300341097638011,11.860805888660252,176
adda1de7-79da-4378-953c-4d05a7516a1c,8162980e-e365-418d-87c3-2d53058fb7f2,7934325.409415749,7934325.93383244,7934337.135657886,5866,200,0.5244166906923056,11.20182544644922,160
17349a74-0d09-409f-8b24-54bbd4578054,3d7c75b0-1e1d-4eb3-aac3-ba4080d6570f,7934328.409394783,7934328.810304968,7934337.360432628,2775,200,0.40091018471866846,8.550127659924328,160
1df979a0-8cde-46df-a8bb-d34304da1a9d,476ae43d-0078-4849-b929-279b27c39df4,7934325.409402745,7934325.569961236,7934337.545399918,1575,200,0.16055849101394415,11.975438682362437,176
fb7bed40-592b-46f5-b241-f00fbdf67912,46bf7e07-8121-40ed-8854-6f622d8117c7,7934322.409698351,7934322.951303575,7934337.799800119,5581,200,0.5416052239015698,14.84849654417485,192
34e1ec6a-7722-408e-9d8e-99046fc33977,a38cc03c-0c15-4c65-b327-0a790b0f3638,7934328.409405155,7934329.098752234,7934338.084166164,5955,200,0.6893470790237188,8.985413929447532,176
b51892c3-74f6-4944-81d1-f51bb45b786f,abea0846-5b48-41dc-b9bf-d5bea8fa1a2b,7934328.40939889,7934328.667390891,7934338.128315294,1338,200,0.25799200125038624,9.460924402810633,192
a7e07fa7-25b7-4a51-bcc9-dd68f4f859c7,a499fde4-51c2-4cdf-8809-3a52991b1c6c,7934325.409423835,7934325.899287903,7934338.352975813,5922,200,0.48986406810581684,12.453687909990549,176
7acdcaa8-7438-41fc-9aa1-78a2fba370c2,22ad330a-90f5-4f19-8245-dae0d3c2f176,7934326.409944983,7934327.388969149,7934338.507371395,6047,200,0.9790241662412882,11.11840224545449,192
39483055-139c-4f12-b55d-46462f569840,b2a2aa59-caa5-4e99-8596-8ed2be72bbe6,7934329.410187035,7934329.8847775245,7934338.940533792,5243,200,0.47459048964083195,9.055756267160177,224
5391d4ca-2060-49ad-9b55-072ba2815ffc,2e90c9d3-0cc0-431a-a190-712898af6e66,7934329.410168174,7934329.8753829785,7934339.239691466,5314,200,0.4652148047462106,9.36430848762393,176
22a5207c-39ab-46b9-b16e-55b4edb8f9b4,c042296f-1f45-4a47-8fd6-d3a427bbfd9a,7934329.4101847,7934329.9184027305,7934339.4874188155,5762,200,0.5082180304452777,9.569016085006297,176
3348a110-7293-4c0d-95b7-855ed9ee473f,a66219a5-0bf0-499e-8da4-6217f9feef08,7934330.409644951,7934330.568877604,7934339.892075609,1190,200,0.15923265274614096,9.32319800555706,224
bf8c5845-7e0f-4013-b97e-f20a498408bb,c226d327-ec87-408c-844a-cb6a344c2aea,7934330.409681825,7934331.091005812,7934339.975486147,812,200,0.6813239874318242,8.884480334818363,192
ccc84485-40ff-47fc-8c2f-cccd5cb418bc,d846d4b2-4867-4720-9892-d49f8c7696e6,7934330.409675128,7934330.633668601,7934340.077769163,2190,200,0.2239934727549553,9.444100562483072,176
851c24ba-6e8b-4651-a058-1343cf3b9a40,26c258a6-5b59-44bd-b849-a28547921f76,7934330.409668724,7934331.108245351,7934340.10539294,5887,200,0.6985766272991896,8.997147588990629,224
f090522d-9118-4c0d-a43f-fa7755ccd35c,46d0e33d-a861-4fe0-8451-3a9b6b02a7e9,7934327.409730941,7934327.917246678,7934340.284966399,5834,200,0.5075157368555665,12.36771972104907,160
de785048-5741-4e51-8e0a-39cf6e5aa1de,0e701727-8a9d-4ce8-87a9-9931a1476227,7934331.410153208,7934331.871256845,7934340.382129082,5786,200,0.4611036367714405,8.51087223738432,192
681b80b7-5e04-49c8-b430-1e5c11f5ee25,21d6c7bf-0824-4d6c-ae87-342ca4d3bf10,7934331.410167165,7934331.968764714,7934340.494409891,5697,200,0.5585975488647819,8.525645176880062,224
6f234034-2d7e-4f18-81e0-a15087f8ece4,2a1bf603-2bcc-4001-9fbd-8c61855c48e1,7934328.409378533,7934329.131366372,7934340.614953542,6461,200,0.7219878388568759,11.483587170019746,336
f4d1c70e-9ee3-457a-8192-f0b5a048957e,e7803957-8926-462a-a31e-30cdb1c9ec2d,7934328.40941263,7934329.146071897,7934340.900186863,3275,200,0.7366592669859529,11.75411496590823,288
25aabd7e-8dcf-4c28-8f82-8791aff350e4,61aaf7d9-5163-47db-a2f7-a5dfc87dc710,7934327.409724242,7934328.575162612,7934340.909101607,4485,200,1.165438369847834,12.33393899537623,160
ccf9cb5b-8b95-4a53-bb3f-656b68e7ddaa,8e020282-5ecc-434f-b573-91c202e1468e,7934330.409661643,7934330.918467965,7934340.913322405,6050,200,0.5088063217699528,9.994854439981282,176
f1b3d879-7220-4979-b5cb-5733955b9595,92e9c4f3-5a88-45b5-bba4-0d7a61180e52,7934330.409691525,7934331.548406773,7934340.93063077,6192,200,1.138715248554945,9.382223996333778,224
b72d1061-90c2-41bc-b46f-04de72cd64c4,67758644-12b8-4d98-b640-a9e8ac069351,7934331.410170516,7934332.134297481,7934340.961620387,686,200,0.7241269648075104,8.827322905883193,192
d373cdfe-30c5-4374-82ff-fbb8f527bb95,c8625007-cb15-40d2-8dcc-b41d03e3b3c0,7934329.410189456,7934330.506934629,7934341.037025877,5789,200,1.0967451725155115,10.530091248452663,224
9463d2fd-2e53-4aea-a167-851cd1a99825,f8f658f8-2055-491a-a5ab-4e79d35eee0d,7934330.409672198,7934330.729600934,7934341.062268631,2146,200,0.3199287364259362,10.332667696289718,192
991f811e-da81-415d-b64f-bccf3cc90635,2e6d427c-5d5d-4341-bd59-5c0bf98acf50,7934332.409491731,7934332.654647577,7934341.279991596,2595,200,0.24515584576874971,8.625344019383192,160
649b82ff-f31d-4395-bdce-fcaafd8e2480,d83afec6-2b91-4543-84b4-2d1cdf313b33,7934328.409409114,7934329.734020213,7934341.300994107,5586,200,1.3246110985055566,11.566973893903196,160
2196b341-43ab-468e-8f4f-6206d205bf5a,9724fec6-5a27-419a-835f-02d1cdee68c6,7934329.410176354,7934329.944561224,7934341.316028711,5869,200,0.5343848699703813,11.371467486955225,192
2ec83ffc-325a-4f17-bae3-cd714ea40aba,33e1e879-a9b2-42f0-b1cb-4f3cf8e6b433,7934329.410191642,7934330.347032139,7934341.328694662,5938,200,0.9368404969573021,10.981662523001432,224
c3fe3bdc-4621-4e6b-8661-f909b93bba45,10a77566-30c0-4a98-b443-a2bb542d4dba,7934330.409658932,7934331.084868375,7934341.745705708,4704,200,0.6752094430848956,10.660837332718074,192
2aa40458-bf2d-481c-843c-35cc3da4b40e,c7344d02-17ce-4505-8d92-ada61240d9c1,7934330.409678614,7934331.080697924,7934341.741834097,3006,200,0.671019310131669,10.66113617271185,192
684f17a6-5052-44dc-876f-3fcfe42a4858,5ed43ab5-6e62-46fc-a695-99d4cb7b0dcc,7934331.410173825,7934331.928890535,7934341.921454887,5910,200,0.5187167096883059,9.992564352229238,192
49f9026a-3d3c-4021-9461-f60b960a5473,9241e5d4-7685-47e9-8f12-d51806022933,7934332.409498741,7934332.8485380495,7934341.953776211,5500,200,0.43903930857777596,9.105238161049783,160
7672fd53-572f-4192-b018-ca9160928458,145e5f0d-7ea8-47b9-b4c3-c7f6cf51725e,7934332.409488355,7934332.6417401275,7934342.016887442,2818,200,0.23225177265703678,9.375147314742208,288
2b975bc9-9818-4a2e-b8d9-a8e425b010e1,650b104b-2cbd-4304-ab8c-0935cf2bbab7,7934330.409664867,7934330.816689285,7934342.371760651,3690,200,0.40702441800385714,11.555071365088224,192
4258fbf2-afc6-4b9a-a0de-ded2a08bb83e,77d7eb80-2931-44e9-917a-939b4706e637,7934333.41012608,7934333.877215661,7934342.3870387655,5747,200,0.4670895813032985,8.50982310436666,160
b02aab85-d6a9-4f38-827b-cb58c31e3415,a75aaab8-fe29-46ca-812d-a65cb6998846,7934335.409921429,7934335.523762146,7934342.393526086,771,200,0.11384071689099073,6.869763939641416,224
7464af6d-db03-4591-94ee-63b83fdfa5ee,64067c58-b338-48a4-85e4-99a236b0af21,7934329.410182481,7934329.541680848,7934342.447468411,914,200,0.13149836752563715,12.905787562951446,176
5d17b919-ba08-4275-be97-3f7727f61019,23ee0cbe-2b7a-408b-9469-e2b3dc42f35f,7934331.41017723,7934331.972358491,7934342.462733243,5931,200,0.5621812613680959,10.490374751389027,176
8d58e3d9-5880-4916-9fee-7266564e58f5,bd1bea6e-715c-4f79-b2e0-496b2179d6a3,7934330.409684965,7934331.433596799,7934342.867600157,4676,200,1.0239118337631226,11.43400335777551,224
fb021d89-86f9-402a-ba31-ab8141dba2ab,cb361646-3167-4aa2-89ea-dddda78b2cfd,7934332.409495315,7934333.229238763,7934342.955251085,5855,200,0.8197434488683939,9.726012321189046,304
87714b59-6f78-4646-a44c-025f9eb4fe3d,4a8c5b6b-e155-42ad-badf-17b8d48d8aa9,7934332.409481554,7934332.820081517,7934342.967568076,4436,200,0.4105999628081918,10.14748655911535,160
323a6781-eef4-4534-8816-bf173f97adee,161520fe-b2a7-4765-9cec-8d3bd6da2327,7934334.409338014,7934334.821287685,7934343.115430352,4364,200,0.41194967087358236,8.294142667204142,176
7942dff5-8acc-4565-b911-41efaa67b3c0,911d7352-a7c8-4221-994f-575ec976f2e6,7934333.410118634,7934333.606137474,7934343.158821028,2089,200,0.1960188401862979,9.552683553658426,160
42307d21-0ef3-4b9e-865d-bb72ffb60e1f,0ea7eebf-4e91-49b7-886d-7fde689bef99,7934328.409401995,7934329.095631713,7934343.354278988,3105,200,0.6862297179177403,14.258647275157273,224
4a7e6bf5-01bb-4363-81f5-0903c0e48a28,c0e273f1-c346-4c7f-ba9e-53a9c61c18c0,7934334.409331114,7934334.887835529,7934343.512811849,5399,200,0.47850441467016935,8.624976320192218,176
3b0b9a2f-96b3-4a5f-a862-7b807ce0184a,fe21ff9d-318c-4c69-89c7-45912541fdc6,7934334.409334498,7934334.927733178,7934344.070996928,5943,200,0.518398679792881,9.14326374977827,192
55ca2f04-9b56-49b8-9178-b2346eadb48f,830a675a-2522-4601-b35a-c7313f3380c3,7934334.409327387,7934334.881585873,7934344.097634025,5800,200,0.472258485853672,9.216048152185977,192
993b70c6-cd84-4c99-87a0-9fec9813a829,649f563f-c280-4cb5-a6b1-81e9567055cb,7934329.41017999,7934329.912367057,7934344.103917586,5912,200,0.5021870667114854,14.191550528630614,160
ccf434d8-61b3-4668-99da-c4567ad840c5,edf00561-d5fd-43db-891d-a57747fab3fc,7934335.409925299,7934335.914407907,7934344.107592018,5859,200,0.5044826082885265,8.193184111267328,176
42d50c43-8367-4768-8605-0236f38f9b35,bba30c2c-2f5f-43ba-8618-041c52204c6e,7934334.409316125,7934334.888210265,7934344.178089299,5992,200,0.47889413964003325,9.289879034273326,176
ad7b1d18-313f-4d13-a828-c7f5de4cf677,9f643b5d-c78d-43a4-a8c7-71bb7f808217,7934335.409905543,7934335.509601827,7934344.254728201,681,200,0.09969628416001797,8.745126374065876,224
f0de030a-d04a-4378-9799-df7742d4146c,9fd9f898-9cfd-457b-adfe-707b66258b3d,7934330.409655428,7934330.995151059,7934344.337275396,6595,200,0.585495631210506,13.34212433733046,224
dc3bec4d-988a-428a-abf6-0b009ca5e9f8,7a32f88d-b258-446c-954a-35e5cd5a4c84,7934330.40968822,7934331.627521268,7934344.359648687,6402,200,1.2178330477327108,12.732127418741584,176
544106ec-27dd-47b1-aac2-9c57ea384070,54d11fb0-e397-4273-8b83-8a5523a7ebef,7934331.410163557,7934332.246644074,7934344.3916643765,5833,200,0.8364805169403553,12.145020302385092,176
ca1653d6-052c-4e1f-b03f-665763411262,1bf26568-c5c1-4e78-8ba0-796957c5b747,7934336.409473944,7934336.596535196,7934344.440643479,1478,200,0.18706125114113092,7.844108283519745,176
65b4a4b3-e26c-471e-9d25-afb16e3bd8a8,89cf2e96-a828-4fa8-862d-c0d888d66892,7934336.409470671,7934336.709253139,7934344.5101970835,3406,200,0.2997824680060148,7.800943944603205,288
69922f5e-d13f-4a08-a475-f2ca94093fab,e7e4cbf2-d712-49fe-ab56-7723226bf17b,7934336.409455456,7934336.867654642,7934344.957043793,5433,200,0.45819918625056744,8.089389150962234,160
6e8a4b89-18c9-409f-9077-e0796f210a5d,41023a8b-aed5-4fd8-859a-6c48e8160fdf,7934336.409466923,7934336.681306939,7934345.107122496,2885,200,0.2718400154262781,8.425815557129681,192
4e6c6343-56b6-4bdf-9273-300ff306ee6a,01580029-b853-4a73-96e9-198754e7c6cf,7934337.410157668,7934337.909466095,7934345.148034699,5943,200,0.4993084268644452,7.238568603992462,192
532e6b26-d311-4e35-ae71-b621134947e2,33dc18f9-e1dd-4050-ba46-e0d05a421864,7934335.409929157,7934335.726092212,7934345.392985367,3363,200,0.31616305466741323,9.666893155314028,192
5679f032-25a8-4cc9-b11c-e2bfd314f3f4,8a111b60-2340-4df0-891d-81e653adc99d,7934337.410153773,7934338.100884032,7934345.414418259,5951,200,0.6907302597537637,7.31353422626853,160
711fd6ed-3e01-4b04-95ba-6a4e74dca2a1,b4c5b5ea-ee65-4239-bc1f-6b1f8a4f5a2a,7934337.410144101,7934337.573133045,7934345.4296828555,823,200,0.1629889439791441,7.856549810618162,0
b946c765-e004-4803-ae74-f6bedb9d06a2,11ed2698-a70a-4704-b64c-933c1e3f5226,7934338.410282968,7934338.931943657,7934345.924043248,5702,200,0.5216606892645359,6.9920995915308595,192
52bb44af-4a78-4424-801b-d9a17f44aaf3,6badb635-12b1-45cb-9019-63670c999c17,7934338.410293793,7934338.75682753,7934346.134934008,3693,200,0.3465337371453643,7.3781064776703715,160
81eadc5f-67cc-4dda-81dc-232e174b0734,dc01cdfe-5594-4022-adeb-04dcc93573b5,7934339.409878021,7934339.891173835,7934346.406848741,5946,200,0.481295813806355,6.515674905851483,224
48720ffd-60ec-4221-84c9-0c1edd565ad8,7567f27f-edd6-4f18-89a4-b271b111ba68,7934338.410297217,7934338.85260316,7934346.452052947,4687,200,0.4423059429973364,7.599449787288904,192
9362a438-e6f5-403e-b903-b15c54b85259,38274d58-563a-4896-ae8c-7920e3737a7e,7934340.409616843,7934340.644693639,7934347.022419304,2405,200,0.23507679626345634,6.377725664526224,288
90f6c783-e9e3-4c5d-a3b0-0fbcbb7312a1,6b878a33-5f67-484e-9f15-8dc6a9ae6662,7934338.410303334,7934338.804431333,7934347.070508386,4462,200,0.39412799943238497,8.266077052801847,176
538f83a8-e154-418a-970c-48bff0df75b8,2c282873-ea96-4454-955b-1036d45d8e73,7934340.409599994,7934340.613521553,7934347.202636059,1836,200,0.20392155833542347,6.589114506728947,192
a1df2949-50c5-4f9d-8ab0-8a24bf6fdb12,8400d908-39a2-4c56-8f0a-53e1a7477ded,7934339.40986119,7934339.499504134,7934347.379013598,534,200,0.08964294381439686,7.879509463906288,176
6343114c-e380-43dc-86d2-c64b90c3582b,d6e42e4d-4caf-4c43-b542-af920a9f2350,7934340.409607024,7934340.791790434,7934347.386894666,4112,200,0.38218341022729874,6.5951042314991355,192
24959f39-0a9d-4e16-ac06-19c1e6b4aeab,ca330d28-a7ef-4a25-a6cc-51578e715514,7934339.409870734,7934339.916340509,7934347.432733974,5931,200,0.5064697749912739,7.51639346498996,176
fd193cb3-1dfa-47b7-972d-749454235012,69adc9c9-2273-43eb-a23c-a4efe562816a,7934340.409613531,7934340.538514214,7934347.553911986,1167,200,0.12890068255364895,7.015397772192955,176
ddb6652a-b8f8-46d4-8eb3-219b7ca701af,fe06d773-cd9a-42bf-b1d7-614c1c625f07,7934335.40991738,7934335.900464043,7934347.69339515,6032,200,0.49054666329175234,11.792931106872857,192
be2441b4-30e6-427e-ab89-28b44d198b23,9f7b1605-012c-47de-9622-02198dfdb495,7934340.409603429,7934340.534486019,7934347.836284433,604,200,0.12488259002566338,7.30179841350764,192
d15867e4-f600-4a3f-9b9c-61359be58178,0063e1c2-efc9-4319-b73c-26561d65a9f4,7934341.40952722,7934341.906643803,7934348.084192812,5874,200,0.4971165833994746,6.177549009211361,192
227c6acd-0c5f-49e5-ac09-5363d48e91ab,5dd975b0-30ab-46b6-96e0-39b315e33c7d,7934336.409477586,7934336.926986836,7934348.185599236,5732,200,0.5175092499703169,11.258612399920821,192
71b0f09c-ecdd-4777-91ab-ed1ad539377f,e89d00a2-aef6-4faf-a8f6-58052acdc0b2,7934341.409530462,7934341.85522582,7934348.218920424,4802,200,0.44569535832852125,6.3636946035549045,192
43b31898-0de6-48ac-ab98-58dd8209a67a,ce6f50d7-6546-4e5e-801d-c1df390fc739,7934337.410160628,7934337.701442696,7934348.33639101,2487,200,0.2912820680066943,10.63494831416756,16
60a34c79-ca9c-41a8-a43d-c2c3241c267a,c1178b93-624c-4368-a215-bbf1e0b91c17,7934342.409484523,7934342.636913317,7934348.907669708,2430,200,0.22742879390716553,6.270756390877068,192
687fa27c-2269-45ef-94e2-940cba513668,abc0c6cc-0bfe-4666-83e8-64b03ca4efa9,7934342.409499244,7934342.649458742,7934348.980725109,2677,200,0.23995949793606997,6.331266366876662,272
fd1f9902-c3dc-467f-89ef-f7baf76c8042,2aacea92-7898-4f60-9526-e7a073521d56,7934342.40949325,7934342.875636698,7934349.126938371,5152,200,0.4661434479057789,6.25130167324096,160
85a24ffe-0b81-4089-a184-9d50e83d1ab3,f83a6d5d-465c-4ff0-bc0f-6eab5f238de4,7934338.410300421,7934338.932112858,7934349.280963292,5897,200,0.5218124371021986,10.34885043464601,176
bd0bc8a0-db7b-499a-8778-01eecb5dfa64,08648f01-3d60-4970-b1a8-6c2826c616cf,7934340.409590614,7934340.910996175,7934349.362161414,5954,200,0.5014055613428354,8.451165238395333,176
e987a530-9a8c-4642-b4d3-f591b1b0819b,05c9a37c-7cb7-46e2-9554-dc0d1ad6af70,7934339.409874967,7934339.9087940715,7934349.450765183,6015,200,0.49891910422593355,9.541971111670136,176
4e60dfcd-4ca8-4a88-8666-3a6ad03d4956,327c0ffa-aa23-4d82-a685-d4e61996d990,7934343.409959344,7934343.836594818,7934349.828858637,4620,200,0.4266354739665985,5.992263819091022,192
7bcdac86-3007-4be3-b1a7-80e0cab1cc33,3cacc107-dca1-4afb-b1b9-2f813f74eb3e,7934341.409517967,7934341.905281036,7934349.833872424,5777,200,0.4957630690187216,7.9285913882777095,192
314ec320-d621-430c-904d-78a570dfde26,8d422f2a-231f-45fb-a52a-f07367e2f4cc,7934340.409610574,7934340.926408527,7934350.156040497,5892,200,0.5167979532852769,9.229631969705224,192
f4d2926b-2e0b-4001-82d4-89401ef7e256,e62f3f98-5d83-4b9e-9c7d-fc428edf1181,7934343.409968328,7934343.906843869,7934350.161322612,5998,200,0.49687554128468037,6.254478743299842,192
abf3da7d-891e-4873-895f-34a60c0faaaa,dddec317-43ba-489c-b868-b27439755827,7934343.409965339,7934343.915259003,7934350.191555131,5864,200,0.5052936635911465,6.276296128518879,176
e7aea05b-96a8-4ef7-a22a-f4ed012f9b42,f3c7b4af-4cc8-4b3c-8d1a-85880e5521c2,7934343.409955872,7934343.5856647175,7934350.233240492,1640,200,0.1757088452577591,6.647575774230063,160
3ed90ae7-d044-417e-a959-d109027e5d4e,384c381c-9e43-46bc-ae6e-f423ed8194ee,7934344.409396481,7934344.8694915725,7934351.192126708,5326,200,0.46009509172290564,6.322635135613382,192
40c4f2fa-b70c-4b16-b2c3-254a1bb2b89c,5f121c84-8232-44fe-909c-9a69fa9fdc9b,7934344.409411212,7934344.680161507,7934351.242279308,2872,200,0.2707502944394946,6.562117801047862,192
3347119e-d81d-4cc9-a1bc-782385d2af06,92822c32-6058-49fd-aa9c-0152bb38bb78,7934344.40940697,7934344.914237491,7934351.259944057,5737,200,0.5048305206000805,6.345706566236913,224
46a5836a-d247-4da0-a2ff-0ba8a4cc358f,3467dee3-2b4a-4201-afb4-3a253af3f2f2,7934345.409466758,7934345.505372253,7934351.379718709,530,200,0.09590549487620592,5.8743464555591345,192
b3234abe-b7dc-4b42-920f-fc72f0474bc6,6898d6f2-8e46-4f07-87d2-63452e09f5c6,7934342.409496298,7934342.898705533,7934351.967558767,5344,200,0.48920923471450806,9.0688532339409,224
cdc36c8c-aa07-44f4-bdc2-a5c36eb5d1e4,6462a983-2af7-4433-ad5e-c2a356caa285,7934343.409962469,7934343.557316742,7934352.165511374,1398,200,0.1473542731255293,8.608194632455707,192
76911e57-e340-4239-90ff-d1f58121aa09,83bb93d5-935c-47c5-ad10-6b74cc73f69a,7934344.409414211,7934344.875457176,7934352.327954268,5337,200,0.4660429647192359,7.452497092075646,192
6a6a4470-8838-442e-acb2-f5061a1be3e8,10a77566-30c0-4a98-b443-a2bb542d4dba,7934346.409881366,7934346.896878674,7934352.4175607115,4831,200,0.4869973072782159,5.520682037808001,192
34045302-81e2-4bd2-8bc3-9eceb2a7fdf3,c3ce244b-c729-4d19-9eca-771462a7d8ff,7934343.409944192,7934343.711070058,7934352.422031369,3023,200,0.3011258663609624,8.710961311124265,192
1b1d77df-4b9e-4d3b-b981-68ee9d8c273d,e5f863e9-3a7b-4d7a-bdd2-60bc8ad6448d,7934346.409874882,7934346.941088039,7934352.894760103,5770,121,0.5312131578102708,5.953672063536942,160
5f3163a6-413a-409d-9e47-3f1e4af47f2a,f4359015-fade-4b04-b62c-685e70fd39c6,7934345.409476301,7934345.73778362,7934353.296755066,3555,200,0.328307319432497,7.55897144600749,224
3bb8895d-e32f-4b74-9e40-daf4af855beb,30910795-649d-4c33-afd7-634035edf721,7934347.409934678,7934347.496544704,7934354.015167791,432,200,0.08661002572625875,6.51862308755517,160
15500236-1aa6-4f18-9901-c64e7fd03ba2,6788d54d-4159-4b04-b9ab-1d1eeea6d9b1,7934346.409871012,7934346.695368073,7934354.209471396,2228,200,0.2854970609769225,7.514103323221207,160
a7bc1f08-2af5-4d87-a97d-baed19749008,2837df08-d441-40c9-a309-8d7d55e0a257,7934346.409884564,7934346.686620209,7934354.310845476,2326,200,0.27673564571887255,7.62422526627779,176
7b139080-5948-4a10-b6e2-adc3878935ca,e2bb5c6d-8f13-4395-8e28-67275d11e72f,7934346.40986398,7934346.819011878,7934354.395484035,3987,200,0.40914789866656065,7.57647215668112,192
0f21d245-0815-4f10-a714-62778a636cf1,eb8d5825-451b-48b5-839c-bd3f2e385b6a,7934346.409878095,7934346.868494559,7934355.003842785,4453,200,0.4586164643988013,8.135348225943744,192
6fd96a6c-ba0c-4fbd-a00e-a7aef9d5af35,c7344d02-17ce-4505-8d92-ada61240d9c1,7934347.409947823,7934347.6970188115,7934355.023735163,3006,200,0.2870709886774421,7.32671635132283,192
a87ba8a4-af67-407e-8a0d-3dd3d8ef6d7f,d15044b7-c396-404e-998e-93e71a743f28,7934347.409944409,7934347.644450362,7934355.1553074,2674,200,0.23450595326721668,7.510857038199902,192
67eddecd-030e-4168-960c-546a4742c487,bfa767e2-3dd3-462a-8100-22c9a1611ab7,7934348.409936728,7934348.583992022,7934356.393728834,1931,200,0.17405529413372278,7.809736811555922,160
9dc856f5-9be4-47ad-9a4a-c4d80d6c6f87,69756b9b-d2e4-4a2e-8c02-1fbcee79c27c,7934347.409950844,7934347.6970621,7934356.457125098,3431,200,0.2871112562716007,8.76006299816072,192
a0ff23ff-90fd-4038-812a-7670a229d8ce,308e3060-30fa-48b1-a71c-e01dd6119f87,7934348.409939489,7934348.898024787,7934357.297149562,5920,200,0.48808529786765575,8.399124775081873,224
8bb98704-d41f-40ef-88d2-11d9ae677f00,2b648323-c36f-4d40-a568-1b308a23e4fb,7934348.409919369,7934348.503464691,7934357.328136802,641,200,0.09354532230645418,8.824672110378742,176
18e126d0-a7e7-4e13-b314-0bb3c6962ebd,e6b5aa5a-f8c4-40a5-83af-81b226cb08c3,7934349.409478014,7934349.87488351,7934357.38427538,5864,200,0.4654054958373308,7.509391869418323,176
2af8fb02-c35b-49d0-a003-85c67176c2a0,ffd0b423-c554-4d30-981b-d5ee5c345c99,7934350.409291558,7934350.800470066,7934357.937414736,4451,200,0.39117850828915834,7.136944669298828,192
158bef0a-a0ac-4d5d-86f0-16e7fa3dc23c,3fad36b5-6bb3-4dd2-b7e5-7ce7e5787a0f,7934348.409930029,7934348.617400213,7934358.289325389,2071,200,0.20747018419206142,9.67192517593503,160
b4292f57-d5bc-4987-b40f-591a2773e4c0,e7e4cbf2-d712-49fe-ab56-7723226bf17b,7934349.409474318,7934349.485336379,7934358.360359597,5433,200,0.07586206123232841,8.875023217871785,5424
58bef2ac-5117-4e70-abfa-874507229329,33dc18f9-e1dd-4050-ba46-e0d05a421864,7934352.409603447,7934352.7230384,7934359.916607806,3363,200,0.31343495287001133,7.193569406867027,192
7e2ecdd5-0560-4665-b136-af3a2ab5ca6b,d131e8b1-ce03-46d6-82b2-94b88e7a0078,7934350.40927929,7934350.4885064615,7934360.057976368,366,200,0.07922717183828354,9.569469906389713,176
536dcc17-1d61-4a06-98ed-cc654445c8a0,362e7dd0-a233-4042-adde-c1e9626a0aef,7934349.409464946,7934349.891202922,7934360.146685718,6061,200,0.48173797596246004,10.255482795648277,192
019e7a0c-5443-45f3-8bea-14839939f672,df0f9f8a-9867-430c-98ce-3f30f838e161,7934350.409288715,7934350.989707372,7934360.472165625,5668,200,0.5804186575114727,9.482458252459764,192
aac4f4ca-a298-44d0-8498-5941f790c031,182e146a-f05f-4c8c-927f-b75bc2b1ea10,7934353.409325916,7934353.8912451975,7934361.056474676,5857,200,0.4819192811846733,7.165229478850961,160
7c69bb57-d13b-46ec-ba72-8e715f1d80f8,4368eee3-45f1-41a9-9c4f-60292d5f062d,7934348.409933499,7934348.916407528,7934361.065505924,5937,200,0.5064740292727947,12.149098395369947,176
407a7684-63c1-41d5-aeb9-9968c8d0cb13,a2e343e5-52ab-4a90-be2f-a2f9fd76f526,7934350.409282329,7934350.631584308,7934361.0683871545,2268,200,0.22230197954922915,10.436802846379578,160
297f92d1-f20f-4232-9a12-37a0dbc23533,39e20f76-6db8-4d08-a978-9bb294a6df3b,7934350.409285437,7934350.8848185325,7934361.278446694,5959,200,0.4755330951884389,10.393628161400557,160
9245aadc-2130-4db5-9d34-f9315538b90a,00350808-5c9c-404f-9bcd-c153da1e8468,7934351.409705441,7934351.696632897,7934361.286213255,2255,200,0.2869274551048875,9.58958035800606,176
deb56a49-e9fb-4594-8c76-8f0198064850,9f643b5d-c78d-43a4-a8c7-71bb7f808217,7934354.409396984,7934354.506684761,7934362.020190594,681,200,0.09728777687996626,7.513505833223462,224
f0e516e8-dc5d-43a8-b550-d044c69ba79a,9e3c8867-59dc-4f49-8675-cc60714855dc,7934351.409727341,7934351.759957853,7934362.199506179,3279,200,0.3502305122092366,10.439548326656222,288
7afdc630-267b-43a6-9b6e-f098f178ac90,68d4f502-0f47-4b6f-be7e-d4ea6c5ea47d,7934352.409600069,7934352.6937059555,7934362.367248491,3026,200,0.28410588670521975,9.673542535863817,160
aa4c05f2-b0fc-4c08-a1c4-c78222c51360,a89382a8-dc9a-4c53-8dd0-6dea43247d09,7934352.409588131,7934352.5889270445,7934363.013215695,1863,200,0.17933891341090202,10.424288650043309,176
8a19c264-55e4-4ea2-a38b-cd4eff074357,346884c6-d766-4ec5-aa72-7b2d60af0395,7934355.409482938,7934356.015736713,7934363.057631297,6526,200,0.6062537748366594,7.041894583962858,160
8410172d-8808-4b85-bf62-8a69656836b7,3843b2c1-db08-4327-bab6-6c5f8f1d4ce6,7934350.40926901,7934350.66127569,7934363.0936159985,2317,200,0.25200668070465326,12.432340308092535,16
a2ea7580-0ac6-4cec-90bb-51d1a9afd2fd,15fbccdc-7622-4cd8-b468-066ca318efea,7934351.409716811,7934351.961778513,7934363.100087725,5949,200,0.5520617021247745,11.138309211470187,176
4eae92ce-ceaa-44ca-9b8d-63409fd5a644,d846d4b2-4867-4720-9892-d49f8c7696e6,7934351.409724664,7934351.702885457,7934363.28080749,2336,200,0.2931607933714986,11.577922033146024,176
8282396e-36ad-4426-bfe8-cc43fd7b5461,0b5b7174-9f85-4885-997f-47ed4c9fc8ad,7934352.409584664,7934352.662351102,7934363.467139779,2285,200,0.2527664378285408,10.804788677021861,224
150c3100-fb5a-40b5-a34a-1f6ec353cf69,c0e273f1-c346-4c7f-ba9e-53a9c61c18c0,7934352.409590574,7934352.863532007,7934363.620221407,5450,200,0.45394143275916576,10.756689400412142,240
5e4fe9ff-ed5e-48ea-ad42-1a36f6eb3d01,81f274fb-2e6f-430c-bca5-cbd3ec69d401,7934352.409596342,7934352.914024395,7934364.026555342,5791,200,0.5044280532747507,11.112530946731567,160
b0a2506d-8198-4225-adcc-cf5f6f975802,19c30b89-49e6-4785-b4ec-da68e367d4ae,7934354.409411707,7934354.9151401585,7934364.0496894065,5939,200,0.5057284515351057,9.134549248032272,176
0cde546f-f362-45ae-a8be-3d56a1e5e09f,c042296f-1f45-4a47-8fd6-d3a427bbfd9a,7934351.409720135,7934351.956181853,7934364.185716642,5778,200,0.5464617181569338,12.22953478898853,176
a5a4e83d-9714-473b-a1f4-6cb8ce14cf5a,e4e2e608-ce54-4ee6-8651-29dcfd54dc86,7934353.409333408,7934353.57414608,7934364.20916851,1458,200,0.1648126719519496,10.63502242974937,160
9eb2880d-065d-4098-a69e-3a96a4a938c3,f3b6de5c-404c-4234-843a-c5a9646cfa64,7934353.409317045,7934353.756357145,7934364.32649341,3814,200,0.34704010002315044,10.570136265829206,176
4b2b8a62-6b8c-496b-a85b-48381af2caf3,583cbfc9-7618-498d-864b-dd180e9fa774,7934352.40959323,7934352.921776212,7934364.345590077,5957,200,0.5121829817071557,11.42381386552006,192
21cbb7e0-b050-4d0a-ba88-9ddcd2cb9034,ac1ca301-49cd-4273-8224-edf5d81ce2a5,7934353.409329793,7934353.5981206475,7934364.373026785,1692,200,0.18879085406661034,10.774906137958169,160
da38491b-1a81-4c72-823d-c606e6c16b9d,64067c58-b338-48a4-85e4-99a236b0af21,7934355.409497675,7934355.691664696,7934364.386433551,1089,200,0.2821670211851597,8.69476885534823,176
7aef0ce1-8ab1-4443-83f1-eb0a51cc5e67,3bbe86ed-d7cf-4231-9539-29db62dc29f1,7934352.409574609,7934352.510060792,7934364.419422473,608,200,0.10048618260771036,11.909361680969596,160
d94738d5-33f2-430a-b4af-640149a54bd4,6729e742-81c7-499b-922c-2c6994bc9caf,7934354.409417351,7934354.788849856,7934365.138245822,3914,200,0.37943250499665737,10.349395966157317,224
5ab02765-33dd-475a-8fb7-1482198fdca0,e7803957-8926-462a-a31e-30cdb1c9ec2d,7934354.409423894,7934354.692217416,7934365.3075763,3254,200,0.2827935218811035,10.615358883515,288
439bc1f5-b877-4d4c-86f5-6d562008c17e,d0cc8fed-2a8e-48e8-91db-ebb573e1adc3,7934354.409414263,7934354.867744279,7934365.914056266,2065,200,0.4583300156518817,11.046311986632645,176
52ed61e7-9d34-419f-b5a4-87a3b5814a16,0e78f555-d2c5-4fe2-81d1-9a7530f75bf4,7934354.409405869,7934354.724609673,7934365.972728855,3383,200,0.3152038035914302,11.24811918195337,176
202a6f6d-0bb0-43c8-b89d-b523a8a0ee6e,62010be8-f099-4914-b6f4-3848f181a33a,7934353.4093363,7934353.88129841,7934365.975165445,5810,200,0.47196211013942957,12.093867035582662,192
c323afdd-2a45-4197-8c11-b346347a53be,3ac1f3a7-813a-4683-b941-b18074fd7722,7934355.409509034,7934356.09494107,7934366.093418721,3145,200,0.6854320364072919,9.998477650806308,160
83afb980-1632-4dfc-94ab-ba673a46077a,bc1de8c2-a6ae-4eed-92df-8609cafce1c4,7934357.409991782,7934357.631431061,7934366.105559578,1906,200,0.22143927868455648,8.474128517322242,176
04757e69-4cdc-4370-a9fd-36f407fe6f50,10a77566-30c0-4a98-b443-a2bb542d4dba,7934354.409420733,7934355.046595668,7934366.138693437,4910,200,0.637174935080111,11.092097768560052,192
b8be33ee-bd20-4e05-b20c-a9ed4bec3c48,f554436d-1d1b-47f3-a997-b59b79320c86,7934357.409968052,7934357.936048379,7934366.231227626,5626,200,0.5260803271085024,8.295179246924818,176
6d757825-ca0c-4963-8fd0-d36168f08c32,6114f2e9-4693-488e-9dbb-a470b56d0719,7934355.409501027,7934355.908061112,7934366.450265199,5617,200,0.49856008496135473,10.54220408666879,224
f982eace-cddc-4808-a91d-4e09917a4d99,967aed41-fbe7-4e66-a54e-1b932c3f1357,7934356.409980525,7934356.889941942,7934366.498835137,5946,200,0.4799614166840911,9.608893195167184,224
daa2b2f8-18c6-41fc-b85f-9177424cb930,c7558f93-f86c-4355-a7b9-c08b9ddff562,7934355.409494001,7934355.925480406,7934367.313109359,5702,200,0.5159864043816924,11.387628952972591,176
546ee03e-c57f-4888-a91d-2df10a8de64a,23ee0cbe-2b7a-408b-9469-e2b3dc42f35f,7934354.409408759,7934354.91034096,7934367.318840974,5922,200,0.5009322008118033,12.408500013872981,176
d79fcb73-9dd9-4373-9fd2-963dbfdd5dca,11ed2698-a70a-4704-b64c-933c1e3f5226,7934355.409511852,7934355.930957785,7934367.3333020825,5873,200,0.5214459327980876,11.402344297617674,192
17e465c4-cb94-4e9e-9f45-5c66ad87eb3e,20a5ac43-3841-4dd2-974f-f7830a0b6360,7934357.409982068,7934358.0824636845,7934367.359135338,5758,200,0.6724816160276532,9.276671653613448,176
f3a2bf96-92da-4559-a04c-5a201a297598,d99bd3a4-aa98-4081-914d-d5fe46dea9f9,7934359.409384701,7934359.6610536,7934367.371103883,2543,200,0.2516688983887434,7.710050282999873,176
5212c27c-9068-49b5-ba8b-b26ab45ed241,62f03492-233a-4c73-8583-919a97f51a7b,7934356.409967505,7934356.633293723,7934367.453718319,2659,200,0.22332621738314629,10.820424595847726,192
19ca7a66-e8b6-4d8a-ae4c-f3ee0ee7e2b9,c40ff6c2-61d2-42ae-a09a-e2b819365e0d,7934355.409504639,7934356.124194439,7934367.927502273,5914,200,0.7146897995844483,11.803307834081352,192
e2dffbd2-943f-46a0-973b-ebef6c74ded3,53dfe89a-8102-4086-85f9-8feab140d30f,7934357.4099889,7934358.104096972,7934368.261443021,6000,200,0.694108072668314,10.157346048392355,224
3f74d0b0-2308-4e65-a098-2bb846e84b66,190e5313-6c7f-41ec-98a7-7c21e80df0f7,7934358.409310365,7934358.835265203,7934368.348173024,4924,200,0.42595483828336,9.512907820753753,160
f385a6ab-50d3-4c48-9a90-a8c8a8f67d01,f8ab9d2b-deca-482c-8981-3b28f5058d06,7934358.409317356,7934358.774462323,7934368.514373314,4500,200,0.36514496710151434,9.739910990931094,176
b94c927e-8092-4d82-8f7b-38d524755663,78cd1186-1eef-46ee-8b61-c9af4f4d299a,7934357.40999478,7934358.034208217,7934368.750557975,1413,200,0.6242134366184473,10.716349758207798,192
8e7c0c4c-7a37-4873-95ac-e1b61eae03fa,9241e5d4-7685-47e9-8f12-d51806022933,7934357.409985418,7934357.968939637,7934369.512834546,5488,200,0.5589542184025049,11.543894909322262,1616
662d1e59-2d04-4b6f-b4ef-7531f577753b,3cacc107-dca1-4afb-b1b9-2f813f74eb3e,7934359.409411349,7934359.946277745,7934369.876755746,5777,200,0.5368663957342505,9.930478001013398,5776
93a3d9c3-ceed-4e66-ab0a-2ca4c7b8675d,5f19ba86-19af-4239-a7f9-b0bdc619d45b,7934360.409413493,7934360.56902025,7934370.017124526,1250,200,0.15960675664246082,9.448104276321828,176
b2795ee9-b8f7-4bae-b805-a625a606ebec,384c381c-9e43-46bc-ae6e-f423ed8194ee,7934359.409400898,7934359.4855330335,7934370.252167315,5314,200,0.07613213546574116,10.766634281724691,5280
a903aaa9-db59-49d5-949a-d5ab4eca992f,99cf908c-ea9c-4c6d-abb5-12c7195290fb,7934358.409300851,7934358.98494209,7934370.278206079,5890,200,0.5756412390619516,11.293263989500701,160
c5ec3f75-be63-4255-a809-c958b8b894b7,5b7afdee-bc23-4cea-8c95-ee1786504a83,7934358.409320211,7934358.89021538,7934370.307659869,4288,200,0.48089516907930374,11.417444488964975,224
5eb52ecd-4933-4eca-9722-94f7d46e56cc,016dd4b2-29b2-4b1e-8e7a-9002ec0e19e8,7934360.4094363,7934360.59837514,7934370.402832354,1796,200,0.1889388393610716,9.804457214660943,224
5372cf9f-31a9-4be5-a282-e87bdb09c802,41d72990-c4f9-4f15-a3a5-0d6b55ca3bc4,7934358.409314088,7934358.525133106,7934370.427210179,1142,200,0.11581901833415031,11.90207707323134,160
49c4e4cf-c1ae-4ba6-84d9-a430092d6b2d,d7284dde-c357-4445-b8a8-ac336e3acc3e,7934361.409751423,7934361.8200077005,7934370.852982013,4404,200,0.410256277769804,9.032974312081933,176
acf10471-7d2e-4cf1-a9a5-910d85124220,ce6f50d7-6546-4e5e-801d-c1df390fc739,7934357.409978064,7934357.639025571,7934371.157769186,2482,200,0.2290475070476532,13.518743615597486,288
169b62e7-06fb-42b0-9994-3f2d7e688c7d,d4cacfff-d5be-4fc4-86c3-ca3c2c799d9e,7934360.40942871,7934360.736591381,7934371.2118320735,3607,200,0.32716267090290785,10.4752406924963,160
3c2cb580-e58e-4650-b679-73e8543a8c0a,93047e83-9aeb-4634-bc01-01c7fbdbf63d,7934359.409398036,7934359.896869335,7934371.258277455,5724,200,0.48747129924595356,11.361408120021224,176
91e89f80-6761-43d4-bb2f-314c21d13d89,83bb93d5-935c-47c5-ad10-6b74cc73f69a,7934361.409753787,7934361.901261285,7934371.271109116,5337,200,0.49150749761611223,9.369847831316292,192
24596f1b-0a5a-4ec9-9423-ffece1a9c4e7,c95f6829-a53c-4f99-b06f-5fe22ab86fe9,7934361.409738516,7934361.730481742,7934371.289399084,3325,200,0.32074322551488876,9.55891734175384,160
ffbf0a27-dd30-4876-b0c1-3c74fa866dcb,2f000981-e67f-4a3a-8b92-4b725cd702a2,7934362.409889203,7934362.642331118,7934371.377928,2972,200,0.23244191519916058,8.73559688217938,224
784d3e7c-3635-4acf-ba7b-3fca7c52b3fc,616f129f-3b5e-4571-8580-6d776d7d23f8,7934359.409408509,7934359.69829765,7934371.376138284,2850,200,0.28888914082199335,11.67784063424915,224
6845b3eb-7cf7-4567-9ebb-33ac7e961499,89cf2e96-a828-4fa8-862d-c0d888d66892,7934362.409894044,7934362.743456963,7934371.412708649,3404,200,0.33356291987001896,8.669251685962081,16
cc006560-8062-469a-9308-e3005ebb1adc,1b9f3c6e-4241-411f-9c01-bd9aebebcbcb,7934359.409394559,7934359.919202905,7934372.086889367,5349,200,0.5098083456978202,12.167686461471021,160
39c02429-c49b-41b9-936f-d2bd08ba4bde,743528ce-8ff5-4c63-8df5-2e9b0703cc0a,7934360.409439686,7934360.782338434,7934372.208123819,4091,200,0.3728987481445074,11.425785385072231,160
42b0a56c-19e4-4446-b460-5ddfd996bc33,02fdc58c-4081-4c4f-b08f-be89fc1991ff,7934360.40943302,7934361.087692367,7934372.333876629,2369,200,0.6782593466341496,11.24618426244706,288
d8e1757c-08da-4840-ad37-1701c22e70fc,d6c6ecce-7613-4cc5-89c7-46de6050a111,7934362.409891466,7934362.561291055,7934372.436892728,1281,200,0.15139958914369345,9.87560167349875,176
43077b39-2b1b-4175-81de-abc7ce8d93a9,a5fcfe4e-eb51-4ac0-b8bc-d87496e3d9cb,7934360.409424796,7934360.689212614,7934372.72855839,2389,200,0.27978781796991825,12.03934577666223,192
2553a67a-d3c0-448b-91eb-5b3d649307d5,61aaf7d9-5163-47db-a2f7-a5dfc87dc710,7934361.409741514,7934362.087447897,7934373.162923393,4485,200,0.6777063822373748,11.07547549623996,160
90f76059-481a-4f23-8af7-81cf127c7e7a,624225ef-629e-463c-88fa-426505dea49e,7934364.409538343,7934364.916427798,7934373.21383109,5933,200,0.5068894550204277,8.29740329273045,176
e829895d-19cc-418c-b93a-cbcc567f63ee,650b104b-2cbd-4304-ab8c-0935cf2bbab7,7934359.409404061,7934359.795756553,7934373.221440171,3830,200,0.38635249249637127,13.425683617591858,192
8a50fbaa-2b36-4355-90b4-6e9c175b4822,92dcd987-4459-4c21-98a5-5129ac92bc66,7934361.409744456,7934362.041599586,7934373.484775555,4861,200,0.6318551292642951,11.443175969645381,192
7428bf68-cbdc-4637-b18a-16b5a977d3f7,7a32f88d-b258-446c-954a-35e5cd5a4c84,7934361.409730209,7934361.995433463,7934373.55183413,6402,200,0.5857032537460327,11.556400666944683,176
d15e27b6-c6f9-4d99-be59-1510d74aee44,f4288e8a-c8ba-470c-896d-085c2d99d96a,7934363.409453441,7934363.540063306,7934373.864324913,991,200,0.13060986436903477,10.324261607602239,192
413115a8-3c3a-4f5f-bff8-d82e1d273b65,1907f3d5-7754-471f-a8be-1f44529fe912,7934360.409443053,7934360.975451451,7934373.966406726,649,200,0.5660083973780274,12.99095527548343,192
03944e48-3e90-4c7d-ba51-aaac34b650ac,978ce6e0-1014-477d-8750-5e8cca36ffd1,7934362.409878012,7934362.846960833,7934374.195075095,5209,200,0.4370828215032816,11.34811426140368,192
d41c8c2f-0b0e-4c95-9d03-03c9166ad723,ab6b6010-d85a-42ba-af90-ea7abb5ace34,7934366.409311883,7934366.543498101,7934374.2057229355,587,200,0.13418621756136417,7.662224834784865,0
5081b54d-afde-4b7a-9915-49846f87b463,2e537ed5-6b5a-485b-a5d3-f821b7a2b92f,7934363.409463953,7934363.912843202,7934374.4049855275,5900,200,0.5033792490139604,10.492142325267196,176
96f8699f-c138-4d63-b012-6f095eaabc07,e38f0f5f-4fbc-4b59-80f5-e48d1b3455eb,7934361.409748059,7934361.972569744,7934374.50743484,6528,200,0.5628216853365302,12.534865096211433,192
8a236b9c-eaef-4e4a-8c38-6cb965f4e650,d131e8b1-ce03-46d6-82b2-94b88e7a0078,7934366.409328232,7934366.520682498,7934374.7813126175,440,200,0.11135426629334688,8.260630119591951,176
2edb2865-0e82-455b-a334-6970f4ec7aa7,93032404-55d8-44ff-94c1-e83b4adf4b3c,7934364.409522763,7934364.931787963,7934375.31079403,5979,200,0.5222651995718479,10.379006067290902,224
3a9cbb9a-5d6d-46a2-b256-594b7b13d03b,2cd9f398-23c1-4f32-aea2-8dac6a11d683,7934362.409886345,7934362.573721055,7934375.366440518,1411,200,0.16383470967411995,12.792719462886453,160
1dace8c9-532a-4b73-ac2c-a3a8334786ca,8094c720-081f-4a98-aca9-d83abaec4c87,7934364.409534565,7934364.631676878,7934375.9829342505,2328,200,0.2221423126757145,11.351257372647524,160
464c2237-93cf-42fd-9e4f-5cdf8fdccf85,145e5f0d-7ea8-47b9-b4c3-c7f6cf51725e,7934368.409622419,7934368.696012752,7934376.033754026,2870,200,0.2863903334364295,7.337741273455322,16
0b3603b2-62f1-43e7-bf8b-b81ab3152009,eee60849-6a21-4615-8b42-be632d4dfff0,7934368.40963057,7934368.913302794,7934376.492586188,5919,200,0.5036722244694829,7.579283393919468,224
278fe2e7-f1eb-48ac-8475-fd48ce59fa51,f82351e7-3d63-4b51-ae04-4b1630ee9ca6,7934365.409440518,7934365.851827962,7934377.102471837,5198,200,0.44238744396716356,11.250643874518573,224
55bba84b-1d1e-4fed-8efa-651ffa9239a2,5fcd7bbd-da7e-4afa-95ef-18c316df5c14,7934369.409337642,7934369.887308931,7934377.192907722,5778,200,0.47797128930687904,7.305598790757358,224
7f24706f-90b4-4184-9d52-1bcc9b987bbf,41023a8b-aed5-4fd8-859a-6c48e8160fdf,7934366.409337164,7934366.707112809,7934377.256527883,2885,200,0.29777564480900764,10.549415074288845,192
69663250-a833-44c3-8e5e-2c53e4790b62,2de8f2d6-66ab-4a07-90f9-203b01c54d88,7934369.409386073,7934369.910361219,7934377.314196853,5945,200,0.500975145958364,7.403835633769631,176
83b3ce68-4129-46d1-93b5-311512d63b59,a89382a8-dc9a-4c53-8dd0-6dea43247d09,7934370.409442268,7934370.603531107,7934377.4406023575,2043,200,0.19408883899450302,6.837071250192821,176
062dfe26-f1e7-4b85-995c-94c4c147c259,4e54060f-b887-4a20-9057-93c4824d5c38,7934366.409321665,7934366.5127947,7934377.495967345,599,200,0.10347303561866283,10.983172644861042,160
85c7fea0-1401-434c-99e9-ab8f7bad0bd0,e7803957-8926-462a-a31e-30cdb1c9ec2d,7934367.409326198,7934367.704100323,7934377.703446184,3265,200,0.2947741253301501,9.999345861375332,288
4b3b5185-afb1-4115-b261-c874f305c0c9,54d11fb0-e397-4273-8b83-8a5523a7ebef,7934366.40934066,7934366.924778973,7934378.00762693,5889,200,0.515438312664628,11.082847957499325,176
e653ca3d-9b40-47f1-8df9-ababa19d43ef,0a292c2d-a16c-463f-8328-8918f0e015aa,7934370.409430741,7934370.585364917,7934378.028849875,1856,200,0.17593417596071959,7.443484957329929,256
1152c425-1f7b-4394-984f-ea5eb86201e9,625b3d00-628e-41f1-9a81-62cb5c7be991,7934368.409619429,7934368.831385317,7934378.06467785,4441,200,0.4217658881098032,9.23329253308475,160
8deb09d8-288a-4d1c-b2be-13c8dfdce7ba,f3b6de5c-404c-4234-843a-c5a9646cfa64,7934366.409334084,7934366.791551107,7934378.1783668455,3925,200,0.3822170225903392,11.386815738864243,176
4c320ad3-31c9-4e12-ab79-1a1ad0d2a17e,10a77566-30c0-4a98-b443-a2bb542d4dba,7934364.409542167,7934364.837195795,7934378.260959488,4988,200,0.42765362840145826,13.42376369331032,192
79879ac3-0243-4902-9225-1c20d399c161,9be2a601-19ad-4a64-8a31-74d14d459e36,7934367.409330277,7934367.897716648,7934378.32338962,5849,200,0.4883863711729646,10.425672971643507,160
cbb4ccbe-6897-48b7-8f99-f2ff6e24939b,6cde12cd-5c7a-4f7e-9375-c2e3298a8471,7934367.409315417,7934367.910836878,7934378.511280734,5827,200,0.5015214616432786,10.60044385585934,176
62f31920-ea98-42b5-a3fc-f04896ce7cbb,abc0c6cc-0bfe-4666-83e8-64b03ca4efa9,7934366.409325059,7934366.678669539,7934378.955908977,2741,200,0.26934448070824146,12.277239438146353,256
2c13508d-9e58-4629-be83-886acc5974dd,96500d09-5659-4d3a-ad06-9b5daa47acd1,7934371.409488823,7934371.672226604,7934378.976369351,2925,200,0.26273778080940247,7.304142747074366,192
cf0ced88-0067-427b-b97b-ff4ffb9f1a45,edf00561-d5fd-43db-891d-a57747fab3fc,7934368.409615487,7934368.902596387,7934379.106080503,5675,200,0.49298090022057295,10.203484116122127,176
4bab97af-1eef-4a9e-9cc2-61e0ba025632,01580029-b853-4a73-96e9-198754e7c6cf,7934365.409450411,7934365.908020845,7934379.254554234,5943,200,0.49857043381780386,13.346533389762044,192
68a43a2f-4e20-4779-ae29-f7d49e791918,9f643b5d-c78d-43a4-a8c7-71bb7f808217,7934369.409421719,7934369.506182407,7934379.2752040075,681,200,0.0967606883496046,9.769021600484848,224
682d628b-25ae-41a2-8d4b-85f9d1ffbfad,a38f645a-15c1-4b70-be39-1656a21c0e2d,7934368.40963681,7934368.805418836,7934379.287797304,3953,200,0.39578202553093433,10.482378467917442,160
4e07b633-faa8-4821-a7a6-5b61dfa61219,d846d4b2-4867-4720-9892-d49f8c7696e6,7934368.409608706,7934368.689411279,7934379.41565457,2503,200,0.2798025729134679,10.726243291050196,176
6ebd1ba6-8a37-4163-a347-9fc6de691322,cd4629a6-2b96-4df9-a7c5-74be84bebcc4,7934366.40933097,7934366.796455051,7934379.453180413,4078,200,0.3871240811422467,12.656725361943245,160
00ebe6bc-a517-4514-a6ee-a11740e0dcbf,458e899c-964f-4008-90b4-694cb94dfddf,7934369.409411184,7934369.849071515,7934379.974530611,5232,200,0.4396603312343359,10.12545909639448,224
627a7962-8e5e-4058-b0d8-ac7c1befc4ed,a1ada656-7a98-4bad-802d-dc64f2e7ee89,7934367.409333286,7934367.91986973,7934380.019304374,6018,200,0.5105364443734288,12.099434643983841,192
a3b37f18-5fa0-488d-95ae-5901f927290a,f27570f5-c473-4259-ba07-f87fff5089de,7934369.409417147,7934369.590737025,7934380.230582348,1760,200,0.181319878436625,10.639845322817564,160
de5e7bba-8ebb-42af-8927-44827a676bc6,2c6e08f1-87b6-450e-a518-3a26ca1469a8,7934368.409578914,7934368.847419609,7934380.319115329,4431,200,0.43784069549292326,11.4716957192868,192
c8e8c002-485d-4391-985f-014d640cda00,15cdaaae-7998-4e87-9696-6c4f4e214b59,7934368.409625524,7934368.949635103,7934380.443019343,5652,200,0.5400095796212554,11.493384239263833,160
8111c1ac-08de-4ac1-b7ab-f7d0a019831f,8400d908-39a2-4c56-8f0a-53e1a7477ded,7934370.409449506,7934370.492206801,7934380.459891748,534,200,0.08275729510933161,9.96768494695425,176
56ae8bcf-0ae5-4b63-8b44-fc2f61188fb3,47655980-12c4-4dd9-9ee0-ecc634eaf4db,7934372.409440076,7934372.549973477,7934380.737787684,746,200,0.14053340069949627,8.187814207747579,160
1d7eb474-3328-4f15-9a06-5a3120812729,5dd975b0-30ab-46b6-96e0-39b315e33c7d,7934373.409938886,7934373.919031204,7934380.956890613,5732,200,0.5090923178941011,7.0378594091162086,192
754560d0-c94e-413c-bd91-6a57794e7efb,4895017a-ac7e-4f78-a8c4-c0efe3579875,7934370.409446141,7934370.884083127,7934381.078568441,5848,200,0.4746369859203696,10.194485314190388,176
c2e02c2b-06c7-46c1-8627-1b5c5e25c56f,966e73e3-01e1-49dd-97cc-3b17b0344882,7934371.409486047,7934371.912191032,7934381.233847791,5922,200,0.5027049854397774,9.321656758897007,160
f099f650-680b-4927-8481-211caf660d3e,92e9c4f3-5a88-45b5-bba4-0d7a61180e52,7934372.409434976,7934372.937216818,7934381.448211859,6192,200,0.527781842276454,8.510995040647686,224
dbd72a49-8206-437b-89d1-aa2dcc8c7a87,4ae02155-c413-4c65-b178-63d7dab745da,7934372.409405081,7934372.616372881,7934381.966247942,1988,200,0.2069678008556366,9.349875060841441,160
0167ba2a-0029-48bb-9e23-c82ba62a20c5,5ff78ba8-aec6-4968-b820-e7cd608f5eb4,7934373.409912663,7934373.617886483,7934382.0235675415,1847,200,0.2079738201573491,8.405681058764458,224
28bacfd0-4643-4bdd-a4dc-b79fd1aa9001,f83a6d5d-465c-4ff0-bc0f-6eab5f238de4,7934371.409482744,7934371.888079864,7934382.067379573,5897,200,0.4785971203818917,10.179299709387124,176
6ceb6660-7d23-4895-9c36-21fcafbc5a63,8430f359-c0da-41c2-8c0a-99afadae6c25,7934371.409474054,7934371.895650485,7934382.419246595,5838,200,0.48617643024772406,10.523596110753715,224
4a9ad7cc-f14e-4584-8ee4-264c4ce77a7b,c7dd51fb-3966-4c0d-8619-1b4983c7d99b,7934373.409932293,7934373.8557654545,7934382.4667856265,4542,200,0.44583316147327423,8.611020172014832,192
d75e6f0d-a082-4bf2-8450-4912ed76f5cf,e89d00a2-aef6-4faf-a8f6-58052acdc0b2,7934372.409429693,7934372.847016362,7934382.5093372,4978,200,0.4375866688787937,9.662320838309824,192
27c15a9b-a9a6-442b-87e6-2aed3a0b7f97,5af26803-465f-4efa-ae1e-28fcc54ee796,7934372.409359247,7934372.536802478,7934382.667808617,643,200,0.12744323071092367,10.131006139330566,192
04ff6ad2-5f66-4636-a8f1-4f65adc1a0e7,ddb1b982-2da3-4da3-a8e6-a3ce2b95f759,7934373.409928572,7934373.548513867,7934382.79834981,896,200,0.13858529459685087,9.249835942871869,224
6a7e5431-73ff-4c97-891e-fb647e44d023,21d6c7bf-0824-4d6c-ae87-342ca4d3bf10,7934373.409925037,7934373.934387937,7934383.27721496,5711,200,0.5244629001244903,9.342827023006976,224
2db4c589-47fe-4053-b615-a7e8888c1099,911d7352-a7c8-4221-994f-575ec976f2e6,7934374.409454696,7934374.650086927,7934383.280701559,2214,200,0.24063223134726286,8.630614631809294,160
94d3b1fe-8357-49b1-89a4-6520b90edf23,906139de-bfcf-4e94-9bec-98a4621dbed1,7934373.409935783,7934373.764538999,7934383.286587627,3921,200,0.35460321605205536,9.522048627957702,192
b3154900-2c88-4f37-a2c2-1bb94d7715c0,e88b1149-8f9c-4867-9db5-96d87443c927,7934375.409979433,7934375.694697638,7934384.133457567,3140,200,0.28471820522099733,8.438759928569198,192
1e131529-bcbe-4a37-a2f4-9671d46080a5,9724fec6-5a27-419a-835f-02d1cdee68c6,7934374.409458227,7934374.92545273,7934384.142302847,5880,200,0.5159945022314787,9.216850116848946,192
275249b0-3b1b-43d2-8684-4d34502f6047,b9a1c60e-769e-4d7c-9bcd-7c30c553b14c,7934374.409461535,7934374.9409142,7934384.175442827,5887,200,0.5314526651054621,9.234528627246618,176
23c8fe36-4db9-4c29-8184-656c3f79e936,9079960d-2c5e-4892-b03f-4c965fd9712e,7934375.409982348,7934375.616833698,7934384.255384215,2190,200,0.20685135014355183,8.63855051714927,288
8648296f-dfd0-4d5e-9982-08fdbb81d598,384c381c-9e43-46bc-ae6e-f423ed8194ee,7934374.409464118,7934374.904346861,7934384.3126601195,5314,200,0.4948827428743243,9.408313258551061,192
59c995ea-e779-4dcc-9cac-1585cb80fb35,6a0f8598-e547-4e24-8413-65bc893e194c,7934375.409985387,7934375.558594813,7934384.457676889,1220,200,0.14860942587256432,8.899082076735795,192
7ba09729-af19-4125-af58-f659d83cd91e,647864a3-b5ed-4406-bf9c-a1b552510779,7934376.409991376,7934376.889333561,7934384.676891787,5980,200,0.47934218496084213,7.787558225914836,160
25afc241-1d4f-432b-aa06-bcfa4358b41f,a2ba86da-8f5d-49d0-8042-bb89ccc41566,7934375.409976116,7934375.9463467365,7934384.719260157,6081,200,0.5363706201314926,8.772913420572877,192
908976ec-33fc-4d2e-baba-118744be9bc7,b3f83eed-ce13-4588-aa6c-81e02d7ba83e,7934377.409415371,7934377.48120727,7934385.066213796,630,200,0.07179189939051867,7.585006525740027,176
1838a06f-d832-4679-a6c3-f324cf226940,52b8d013-981a-41d3-8520-eb23e5010775,7934374.409441338,7934374.920693202,7934385.079840711,5898,200,0.5112518640235066,10.159147509373724,224
0173c2fd-af42-4acd-9151-45ae355c6753,2d3d4654-4672-47a0-8065-8167b1e24cd1,7934376.409987514,7934376.667782509,7934385.15804242,2747,200,0.2577949948608875,8.490259910933673,288
223ea5fe-f146-47e2-bf24-ccff49c6e71f,bc3106b7-eaba-4765-a0cb-95a65868c216,7934375.409967388,7934375.487264427,7934385.277349177,374,200,0.07729703933000565,9.79008474946022,176
323ad877-b23a-43e7-83b9-4220ca32c89c,4e369fef-7293-491e-9edd-8fec038576e2,7934376.409979915,7934376.8312271265,7934385.4604521245,4311,200,0.4212472112849355,8.62922499794513,192
d0e312b5-6dcd-4c2f-8535-a03919ceaa00,a38cc03c-0c15-4c65-b327-0a790b0f3638,7934376.409967122,7934376.926684004,7934385.4863131475,5955,200,0.5167168825864792,8.559629143215716,176
900f5ad7-db0b-46fa-b554-9a7f72c6b543,f59505d6-2c8a-4269-b06b-4a09a34c57e0,7934378.409353262,7934378.933277618,7934386.100777093,5693,200,0.5239243563264608,7.167499475181103,192
fc1a1671-64d4-4cb9-8a73-3e5c72250d84,eb8d5825-451b-48b5-839c-bd3f2e385b6a,7934377.409461893,7934377.792005145,7934386.205890568,4457,200,0.38254325184971094,8.413885422982275,192
ca249ec5-c8ff-4f5f-ab2f-f7b319d26ed3,8ca7cf43-4763-434f-9f7e-0cbad9b2b4eb,7934378.409360081,7934378.530648148,7934386.261080772,726,200,0.12128806672990322,7.730432623997331,192
8423e3bc-4fb9-430a-97ce-ab88a984ff9e,a37337b3-4345-44c2-99d0-bd4fa96c3614,7934376.409983609,7934376.851452676,7934386.297796283,5215,200,0.44146906677633524,9.446343607269228,224
89310393-973f-40c3-b9d6-11738fa90c81,10a77566-30c0-4a98-b443-a2bb542d4dba,7934378.409369047,7934378.874795077,7934386.453517259,5061,200,0.4654260305687785,7.578722181729972,192
0208724d-d65b-427e-90b4-9fd19bfe6e70,e2758233-3b9b-4d9c-ada4-f41e0412e585,7934379.409560916,7934379.63585115,7934386.499072952,2519,200,0.2262902343645692,6.863221801817417,16
383845c5-9911-4e9b-ac7e-60272af89fe2,1042353b-1343-412c-aecd-996d922a8106,7934378.409362962,7934378.5741373105,7934387.256976926,1079,200,0.16477434895932674,8.682839615270495,192
6da42a72-4270-4b08-b31b-78ba2808c43c,3cacc107-dca1-4afb-b1b9-2f813f74eb3e,7934378.409356862,7934378.908169742,7934387.345023308,5833,200,0.49881287943571806,8.436853566206992,192
00a13dc1-84ca-4ff5-85f9-0e0a5dec3a36,11ed2698-a70a-4704-b64c-933c1e3f5226,7934378.409341855,7934378.933363751,7934387.372332085,5861,200,0.5240218956023455,8.43896833434701,192
a47a039e-9898-4609-ad1a-790710c872ef,83bb93d5-935c-47c5-ad10-6b74cc73f69a,7934379.409557319,7934379.898138222,7934388.135125047,5478,200,0.48858090303838253,8.236986824311316,192
8da297a3-6357-4272-986d-7b8dcf193265,2eef5030-8e4f-48f7-87c0-c4672c479dbb,7934379.409564245,7934379.911779937,7934388.163016572,6029,200,0.5022156927734613,8.251236634328961,176
490fe3ab-54c1-485a-94a3-146d90ef841c,bba30c2c-2f5f-43ba-8618-041c52204c6e,7934378.409366141,7934378.9190777475,7934388.193734577,5906,200,0.5097116064280272,9.274656829424202,176
37056c0a-f5dd-4676-bb16-73d6e2f597ad,6fb0551f-4ff5-43b9-b3ce-5ed20bd3d658,7934379.409567669,7934379.788830998,7934388.202702387,4428,200,0.3792633293196559,8.413871388882399,192
957a05bb-4c60-43a7-82c5-72fc812037a1,cf3db011-98a5-4583-9d91-eb16b37b5740,7934380.409374228,7934380.550174342,7934388.266045039,1165,200,0.14080011378973722,7.715870697051287,192
65ad1238-974f-4cc1-899d-d324c5aecd6e,3b187a2d-275c-495a-833c-75272901b9ca,7934380.409366928,7934380.610281059,7934388.449766612,1957,200,0.2009141305461526,7.839485553093255,0
6e8113da-03bf-444a-a862-723b57abf475,92dcd987-4459-4c21-98a5-5129ac92bc66,7934380.409370438,7934380.830490691,7934389.206229595,4861,200,0.4211202524602413,8.37573890388012,192
5fe30007-7845-4bb5-8ff2-0afa3f410bcf,01524993-21d4-4d2d-a5d5-91a5663d91e2,7934381.409495937,7934381.902629743,7934389.305439754,5803,200,0.49313380662351847,7.402810011059046,224
7766dc40-c0a8-490e-8ca5-f51b28fabed4,5e0b58d3-c006-4a2c-a6cd-a016092a16a8,7934379.409547146,7934379.9043131815,7934389.4199194545,5903,200,0.49476603511720896,9.51560627296567,176
91d5be3c-b06c-4544-9d5e-1bdcd7a73784,e13a541a-2c09-4b59-9cf5-bf9b5c4447be,7934381.409480561,7934381.513649154,7934389.432452735,448,200,0.1041685938835144,7.918803580105305,160
59c22046-3073-4d37-8710-30bd29dbc8c9,145e5f0d-7ea8-47b9-b4c3-c7f6cf51725e,7934381.409483605,7934381.6899892865,7934390.277022041,2928,200,0.28050568141043186,8.587032754905522,288
23af15fa-9794-454f-9fe2-b6cfaa4d0a70,bfa767e2-3dd3-462a-8100-22c9a1611ab7,7934381.409476404,7934381.616029084,7934390.354207779,2092,200,0.20655267965048552,8.738178695552051,160
a3b34772-1508-4ae7-ad0f-30b9a907be9f,b4a94ea5-376e-4be1-9fd2-48c7486ef854,7934380.40935543,7934380.576116247,7934390.423146728,1738,200,0.16676081717014313,9.8470304813236,224
8166562f-d437-4ef4-9db4-fd0902bf2d81,a7665175-db71-4c41-b159-46cbf857d36f,7934381.409486744,7934381.818756272,7934390.807806425,4253,200,0.40926952846348286,8.98905015271157,160
70df965e-f837-42bd-92b4-dc3e55cbe0b0,44beb2ed-9f4b-47fb-a578-32a53429b95d,7934381.409489663,7934381.857357637,7934391.14625661,4526,200,0.44786797370761633,9.288898972794414,160
b6b2516a-9f43-4d79-b80d-64b84fd8edb6,12ed77b0-f0e1-4d6e-912d-ddc62a0ba391,7934382.409369564,7934383.147956929,7934391.404808425,5936,200,0.7385873654857278,8.256851496174932,176
796cdd82-c89b-4b5b-9e07-065cffbe6599,1b5b7ec9-af75-4404-bc92-07d960135fb0,7934382.409360738,7934382.922074995,7934391.933748215,5958,200,0.5127142574638128,9.011673220433295,176
d9f4e4df-3640-43dd-bfe1-cd4b46e895e1,3ed61bf9-527c-438b-9427-d3c27f9b8bc8,7934381.409492341,7934381.934764567,7934392.06174846,5947,200,0.5252722259610891,10.126983893103898,176
dd756bd0-5532-436b-b7bf-dc9b0007e131,e9227b44-8d0d-488d-bfd0-6181fce2773d,7934382.409351469,7934382.897468197,7934392.098140788,5819,200,0.4881167281419039,9.200672591105103,176
df3d2c69-fe1b-47be-867a-07e75cb932a8,c0e273f1-c346-4c7f-ba9e-53a9c61c18c0,7934382.409373549,7934382.886338444,7934392.244936652,5464,200,0.47696489561349154,9.358598207123578,176
e01b95b2-7816-424c-ad24-2c50296f6ede,a1c001c3-216d-4bf4-817f-1db21b7766d1,7934382.409367029,7934382.931442346,7934392.261991602,5986,200,0.522075317800045,9.330549255944788,176
4a45d2fa-dd94-4dd3-83d8-97ef2d28acd5,d24c0cc3-a163-4cd4-9cf2-de41d5c96f4a,7934383.409445676,7934383.635192525,7934392.448832133,2015,200,0.22574684862047434,8.813639608211815,192
0c6e640b-6ae7-4852-b663-37cf5771abdf,7dfd2e6c-8eae-47f5-9f35-fee95b418410,7934383.409433951,7934383.641497684,7934392.9221435925,2065,200,0.23206373304128647,9.280645908787847,160
205196d9-e6a4-45fa-b179-6b67fa0c6202,26c258a6-5b59-44bd-b849-a28547921f76,7934383.409459554,7934383.930222659,7934393.141390847,5875,200,0.520763105712831,9.21116818767041,224
801d7fd0-476e-450a-8afa-c9a2589ec138,e4e85b75-22d5-46e6-ac0e-0e0da50d1aab,7934384.410117016,7934384.520203786,7934393.334843166,821,200,0.1100867697969079,8.814639380201697,288
1f38016d-c8c7-4b44-a290-f0b819cacd18,a2917ffe-8d97-4a93-82c1-5c15242ac5e6,7934384.410095473,7934384.703582196,7934393.801304128,3171,200,0.2934867227450013,9.097721932455897,192
a235355d-3580-4e81-b1c6-0d6d7cebd346,dc01cdfe-5594-4022-adeb-04dcc93573b5,7934383.409453866,7934383.933510437,7934393.817632144,5946,200,0.5240565706044436,9.884121707640588,224
12c74c59-c6e4-49ae-9dfb-4d5afbc0f974,2c6c787f-ce0d-46f8-8c82-65f2ac219c19,7934384.41010828,7934385.076203426,7934393.901548348,5938,200,0.6660951459780335,8.825344922021031,176
60994376-5615-439c-84e3-e4763cde3a3f,3843b2c1-db08-4327-bab6-6c5f8f1d4ce6,7934383.409448431,7934383.609248961,7934394.1189137725,2311,200,0.19980053044855595,10.509664811193943,288
4f46b2c6-69ef-45c0-ac6e-24501caec4eb,f6528ead-3790-48e8-bf6e-24fdeff779c9,7934381.409465001,7934381.896837983,7934394.163475529,5377,200,0.4873729823157191,12.266637546010315,176
159be2f8-989b-4fa1-9c52-f80d141100cf,4368eee3-45f1-41a9-9c4f-60292d5f062d,7934383.409450922,7934383.926373101,7934394.236860935,5937,200,0.5169221786782146,10.310487833805382,176
dd0b56e3-a3c8-4535-9af4-8bee68822dca,7512566d-1690-445a-a19d-ecf10aebe311,7934385.410036837,7934385.533236517,7934395.03926094,1159,200,0.12319967988878489,9.50602442305535,176
c9caead2-ba85-4865-bd11-591bea434692,46bf7e07-8121-40ed-8854-6f622d8117c7,7934382.409364274,7934382.91915958,7934395.204039867,5783,200,0.509795306250453,12.284880287013948,192
d4d5895c-7ea6-43f5-9cd1-6183541b0a27,ea672ecc-82bf-4d92-96e4-b9c2c87a2418,7934383.40944223,7934383.914403527,7934395.678260975,5737,200,0.504961296916008,11.76385744754225,160
652caae7-b0bb-49d1-bd57-24b8763b77d6,d99bd3a4-aa98-4081-914d-d5fe46dea9f9,7934384.410111375,7934384.666769697,7934395.751196863,2531,200,0.25665832217782736,11.084427165798843,176
5f988cbc-9066-490f-aac3-439cc75dcb15,61aaf7d9-5163-47db-a2f7-a5dfc87dc710,7934384.410105013,7934385.077797891,7934395.863460387,4480,200,0.6676928773522377,10.785662496462464,160
2e99a116-1dd8-4380-9e0c-a223a1f9f768,c345f567-40a1-40e3-a7db-ec4eebc90342,7934386.409503889,7934386.62269411,7934396.136886535,2072,200,0.2131902202963829,9.514192425645888,192
f4651341-f3c1-4500-b18f-4a3fa35f368b,e62f3f98-5d83-4b9e-9c7d-fc428edf1181,7934385.410039476,7934385.883861486,7934396.156110623,6039,200,0.47382200974971056,10.272249137051404,192
cf6d0125-5b91-4e0f-acb6-76d3460bece2,4d5fc9ec-0170-4a88-adc1-b4297da5604b,7934383.409456572,7934383.562536425,7934396.246457466,1015,200,0.15307985339313745,12.683921040967107,192
942e827c-a65a-471e-924f-9865f89217fc,e6b65716-92ee-4955-bcc6-66ecf37edfd1,7934386.409508948,7934386.560344976,7934396.263962113,1370,200,0.1508360281586647,9.703617136925459,192
