request_id,conversation_id,send_time,ttft_time,total_time,tokens_in,tokens_out,ttft,tpot,cached_tokens
9f435b27-09ea-4398-9af4-54aaad4aa783,3ae663a1-4eaa-473c-a8ca-e5ed2fd6bf81,7934119.438962863,7934121.242602694,7934130.176351432,5829,125,1.803639831021428,8.9337487379089,176
498f92bc-a862-4bc5-a039-0193b32134d6,12cd0593-3b00-4e01-8af8-5885c65b23b2,7934119.054312205,7934119.578778352,7934131.022202983,2991,200,0.5244661467149854,11.443424630910158,160
559444e5-efb4-4151-bb60-84bbd1567daa,06312fd4-a78a-42c6-96c4-a5088cfcc81e,7934119.05419787,7934119.5866387095,7934131.031161027,2730,200,0.5324408393353224,11.444522317498922,160
d1b2ad52-b850-4eb6-b345-cd6ba346ed6a,bf643991-8072-4e34-aaba-6aa45667f279,7934119.438974621,7934119.9015921075,7934131.057591815,1506,200,0.4626174867153168,11.155999707058072,160
19656f55-2be6-4d7c-b653-369d6f4d50e4,3cc8072d-46b6-40b5-a71a-afefedb345af,7934119.0543146,7934119.714405308,7934131.14673147,3007,200,0.6600907072424889,11.432326162233949,192
10d9634f-017a-40b2-9b02-a2be2aabb3a3,dcebb6b1-74bc-4dbf-86f2-41f09017875b,7934119.054211326,7934119.718583136,7934131.151881545,2433,200,0.6643718099221587,11.433298408985138,192
56cd81fe-f5eb-436f-a7ce-d4f94ee3d611,fd85aaea-6f27-4a87-b591-1bc8eedf9b03,7934115.687435533,7934116.474372732,7934127.813922652,5951,200,0.7869371995329857,11.339549919590354,160
babaf1be-d88b-4146-8707-a5228524f480,2f758670-b8ed-4ec1-862e-affd9609923b,7934119.054310005,7934120.290737066,7934131.1944195945,3921,200,1.2364270612597466,10.903682528063655,192
3e33c9b6-1938-4df0-98d0-d9242ebb366e,bc3c695a-dbbe-46c3-b730-f17bff089f3e,7934120.438433194,7934121.275921808,7934131.739912978,5603,200,0.8374886140227318,10.463991170749068,224
28213606-bf24-4084-adc5-6fba438cd5ae,91152587-decc-47ab-9f6b-e6eb00d2bbdb,7934120.438416459,7934121.169612453,7934132.249867874,6401,200,0.7311959946528077,11.08025542087853,192
6602b074-baca-4948-baac-0246c9a0f59f,afd76ba8-dee7-4f83-b1dd-08d1d278d296,7934119.054275425,7934119.657884088,7934132.259642415,5875,200,0.6036086631938815,12.601758326403797,176
d9dd73c1-e5b1-4d5a-b317-5c04dd4a07e1,e088525b-8b4c-427f-8e0c-45636e723004,7934121.438420815,7934122.035239424,7934132.946394115,5299,200,0.5968186082318425,10.911154691129923,224
986939a0-384f-4730-b798-7eb287b41708,c7d4bf82-b656-4649-9145-d43cfcc0709d,7934121.438686807,7934122.4878200935,7934132.969092572,5822,200,1.0491332868114114,10.481272478587925,160
8fbff010-69fc-472e-be7e-52f9ed136310,644cffe6-f7e2-45fc-8b1e-a5ae777f772e,7934120.438437333,7934121.328730048,7934132.992915114,5746,200,0.8902927143499255,11.664185066707432,176
a59ff4df-0059-4840-9ef1-6355d2334f09,10bae5ed-9bb5-428f-8878-b428defcbc4a,7934122.437204781,7934123.033934783,7934133.048939086,5955,200,0.5967300022020936,10.015004302375019,224
df8edf1e-139f-4e41-b538-ab1243c0a262,9eeda092-546d-42e1-bbec-a34b1a994009,7934121.438681457,7934122.036269423,7934133.164205596,2417,200,0.5975879654288292,11.12793617323041,176
fb31c455-44c7-4417-bb46-fef1389b86f7,410e174c-4bcc-4323-abfb-461a0b1dfecd,7934121.438434285,7934122.387823251,7934133.202460788,5911,200,0.9493889659643173,10.814637537114322,160
54d7f603-c6e1-4fdb-a430-e3eeedbd2371,923dec82-5765-49e7-81ae-7dbcf0121691,7934122.437207956,7934123.449314239,7934133.330204916,1701,200,1.0121062835678458,9.880890676751733,160
c6c4aa50-b05c-40bb-9037-642923f67229,a5d52ffa-baf4-4f45-b499-90d158833a2c,7934121.438438597,7934122.296073256,7934133.4865884,2731,200,0.8576346589252353,11.190515143796802,192
d868dc5e-f15b-459b-bb08-2af2880eb06b,8263d56c-0301-4b0e-9bce-d56c30ac60df,7934119.054272806,7934119.662409236,7934133.5550946295,5972,200,0.608136429451406,13.892685393802822,176
dd67b837-0c62-45c1-b1ac-bbdd2380dcc0,78c7ebb0-2d9a-4cfc-adc9-dc9ee1c4eab2,7934115.687400627,7934119.980155366,7934133.927306778,5534,200,4.292754738591611,13.947151412256062,288
9c9e97d2-4b9e-48a9-bc19-236500a9faf4,d4238793-b034-4004-8635-9639e6bd91f6,7934119.054319284,7934120.61857778,7934133.950216465,5998,200,1.5642584962770343,13.331638684496284,160
cc3b0c9c-da33-4550-96d3-a8df54d04b3b,253cd96e-682a-412f-b75a-b826bf7b830c,7934119.054269556,7934119.730609199,7934133.986519624,5881,200,0.6763396430760622,14.255910424515605,160
efb5932c-f4ba-4416-82f2-48dfc575fb2c,9bb66c7b-e720-4c31-baca-a2f43672e95a,7934115.68744399,7934116.371260655,7934130.625860569,1083,200,0.6838166648522019,14.254599913954735,160
3e2d45b5-973d-4719-abd5-3d30c1ddabdc,fdc227b0-6b16-435f-95a4-a55419769f5a,7934120.438429178,7934121.507446474,7934134.012835089,1163,200,1.0690172966569662,12.505388614721596,160
bc1345f4-86ea-47f1-be4e-5f1fd0ddfc82,b10ff1df-1a27-4b7a-8491-ded24b953092,7934119.438978913,7934120.6146833105,7934134.04559267,5915,200,1.1757043972611427,13.430909359827638,176
c9bdf156-34c2-4ef3-919e-d4565625ac30,811fc368-df9a-4da3-b103-b4c3c476eec0,7934120.438440493,7934120.902523338,7934134.07208332,2834,200,0.46408284455537796,13.169559981673956,160
53cc4791-32e5-4c0e-9143-77b611c35464,4badfb68-cc71-43fc-ae4b-f30cf995fe2a,7934121.438684043,7934122.771404956,7934134.09396889,2590,200,1.3327209129929543,11.322563934139907,192
781fde3e-0acd-44e3-affb-758e5f300c6f,764b887c-0f76-4dbe-8fcb-1a144f07cbcd,7934115.687440736,7934115.937447503,7934130.75422389,1343,200,0.25000676698982716,14.816776386462152,176
9c5d5984-8dd6-40d3-af3f-bb4c29eaf190,583eb43e-4777-43dd-b3ac-37d66ab778b1,7934123.498517378,7934124.834977967,7934134.533902588,5754,200,1.3364605884999037,9.69892462156713,192
6986f8ff-9316-413a-a94f-1e394821ed1f,b3f1f0dd-eba4-4b6a-9258-7a503a88b12a,7934121.438678124,7934122.659756106,7934134.624458538,5406,200,1.2210779823362827,11.96470243204385,160
6f2df450-2b4c-4864-97d6-976b03eec61e,54817b76-e7bc-4b7a-abc8-5a293f291076,7934123.498531048,7934124.859450539,7934134.923288112,5875,200,1.3609194904565811,10.063837572932243,192
a798ec77-64d8-46b5-a2ab-a022df5a7fc7,4de1cfe3-bafc-4c88-b75f-5e9daea7a2a2,7934121.438688921,7934122.1265835,7934135.016727183,1821,200,0.6878945790231228,12.890143683180213,176
9b2e04a4-1c05-4d0d-81ca-b52f6f1c3fa8,d9617223-3bfc-4530-a2a7-84b7fcc611f3,7934125.43628079,7934126.481533464,7934135.026883308,1524,200,1.0452526742592454,8.545349843800068,0
021ef1b4-cb30-4d09-be93-b994c1ee4f75,6451150b-8176-4edc-977c-58e74288094d,7934126.436428892,7934126.75318283,7934135.06670017,2713,200,0.3167539378628135,8.313517339527607,192
00db7a51-6607-428c-893a-fd3efb4d86d6,0a12384f-0fb8-4809-b8db-e918b89100c7,7934124.452719251,7934125.297669286,7934135.086491309,1361,200,0.8449500352144241,9.788822023198009,176
6564db1f-c96b-4fbe-8495-ac781e8ab078,18a3256f-2391-44cc-8b21-9f9538eff167,7934125.436277391,7934126.407467799,7934135.3066634135,5973,200,0.9711904078722,8.899195614270866,176
d9273396-dfc0-4e80-9213-4fbc772c3a96,6a71b1b0-2834-4bc1-adb7-e8b35edf44b6,7934126.436420401,7934126.639395641,7934135.39698002,2197,200,0.2029752405360341,8.757584379054606,192
982ff87a-e93c-46ef-b84b-dde9eb30ef40,bee5e930-99b4-4b1a-8085-5d0945f9389e,7934122.4371926,7934123.164271712,7934135.459261343,3670,200,0.7270791120827198,12.294989630579948,464
e0ddd2f9-9bed-4679-bc37-2c59bf881f12,d35e928a-a1c9-429d-80e3-757fa9365310,7934127.436183983,7934127.772505073,7934135.720719214,3654,200,0.3363210894167423,7.9482141407206655,192
015fd73f-396a-4887-97fd-e5e1b49759ee,d6c72ceb-7174-43a1-88b3-1e71991dd8e8,7934127.436200246,7934128.063577197,7934135.895187038,5458,200,0.6273769503459334,7.831609841436148,176
32ce32e9-4e89-4832-a0f9-d68fcc7384c9,ecf1639d-7d01-4ec2-989b-319b083d49e3,7934129.436490859,7934130.13200546,7934136.154020835,6074,143,0.6955146007239819,6.022015375085175,192
eed18169-c1a0-4a70-aca9-1c5ebb00b846,68dc3514-25ae-4501-8edd-3cc454af6fae,7934128.436136802,7934128.634650274,7934136.248850304,1452,200,0.19851347245275974,7.614200029522181,176
f90a5b39-ed03-4fdc-897e-4bfe750d1b14,bb6f0502-2197-4ee3-b8a1-b1060a43622f,7934128.436129645,7934128.583125054,7934136.259406806,1179,200,0.14699540846049786,7.676281752064824,192
4766f2f1-be3d-4cf9-8bf1-7a0a3014d46c,576e478b-c34e-41ac-b6c5-ffe5ab41a267,7934120.438442876,7934122.249521818,7934136.316204797,6005,200,1.8110789423808455,14.066682978533208,192
534090a8-4669-42fe-a9ba-e955e2c8ccca,96e352eb-b046-4e48-a206-53a1eee8c0ed,7934121.438442107,7934122.486185478,7934136.350609796,1558,200,1.047743370756507,13.86442431807518,176
f3ff6857-db20-4f03-96e5-28796b7e0274,0a73b161-d82b-4323-916b-33e2b59d35e0,7934124.452716445,7934125.507698816,7934136.395831958,1191,200,1.0549823716282845,10.888133142143488,160
a93c4896-00fa-43e8-aed1-cd43de4e3586,2a6eb3ba-e100-4c92-a9e9-1e45cee4c4c3,7934124.452707078,7934125.597370363,7934136.461054283,2326,200,1.1446632845327258,10.863683920353651,288
4044ce55-3434-42be-866f-8ded82546ef5,f981a306-8b21-4254-95fa-d0ce56582057,7934125.43626024,7934126.289440471,7934136.469872399,4332,200,0.8531802305951715,10.180431928485632,176
a83eb596-72e3-461d-83fa-40b52ad04716,2c929018-1efb-4278-a9f8-81ffee848167,7934125.436263734,7934126.349501291,7934136.5186280925,4390,200,0.91323755774647,10.16912680119276,176
dedabae9-b1d9-4582-b3a0-38f86da014ea,62ba3324-375e-4ba6-aa6c-7f54c2faf14e,7934129.436487548,7934129.886098464,7934136.898560896,2817,200,0.44961091596633196,7.012462431564927,192
65019119-208a-4ea1-b36e-c8e48fc08d2b,87790c2b-aa62-4df2-9e78-4b07d45b22cf,7934125.436247563,7934126.322184339,7934137.087253974,5860,200,0.885936776176095,10.765069634653628,224
0889d22c-1d7e-46d6-a1c1-27f6f3ec5088,ea6d9052-0bee-4ce2-a459-fb9948e3e46d,7934128.436117962,7934128.802511809,7934137.147153537,3751,200,0.36639384739100933,8.344641727395356,176
e815580d-825c-4cfa-b1e9-64786feb961e,01214e46-af22-4c6d-ac0a-0617f82b827f,7934126.436405802,7934127.043222213,7934137.20835958,6311,200,0.6068164110183716,10.165137366391718,192
79772332-9421-441c-8ba9-ab1ea38d39ab,5cb9d20f-89b5-43e8-8e0e-afedfcf0361d,7934123.498528255,7934124.595058422,7934137.421016896,2398,200,1.0965301664546132,12.82595847453922,192
78d1957b-3035-4bb6-b9c9-e6303e486a47,01511df3-9144-4d3b-b5d6-5c39e2afe5fd,7934126.436416806,7934127.448440576,7934138.130352467,5976,200,1.01202377025038,10.681911891326308,160
83bec4dc-303d-4121-aa46-224d685c45d8,20fad8c1-7cce-472b-a73b-41371e731918,7934124.452721465,7934126.250961308,7934138.15459025,4874,200,1.7982398429885507,11.903628941625357,160
7f683c6e-364e-43c7-9ae3-0aea9403226f,f4c8df6e-bfa7-4e35-ad4b-b3fb5f113233,7934125.436267141,7934126.70804047,7934138.183727596,5687,200,1.2717733290046453,11.475687125697732,160
9dcd2630-cdad-4f57-add9-7a57568343e3,904fe956-8d0d-467a-b6bb-0633305ea8f5,7934126.436423596,7934127.600642504,7934138.233780645,5867,200,1.164218908175826,10.633138140663505,224
377ac259-8dc7-4830-8f19-d56e2d67851b,4b849273-34b2-41a7-a754-161f75c4d8a1,7934129.436483618,7934129.9562690575,7934138.267306592,1266,200,0.5197854395955801,8.311037534847856,224
1da3addc-345d-430c-a516-c0e9e301e2e6,d11f81f3-6a44-4460-95ba-f10e37531043,7934131.436581782,7934132.170402666,7934138.459457088,3012,200,0.7338208835572004,6.28905442263931,176
c79efd7c-c54b-4702-bb17-3d8d39182724,8987c78d-2347-4b22-8be7-d483fce491ca,7934131.436578228,7934132.044198541,7934138.472412348,2109,200,0.6076203128322959,6.428213806822896,176
790dcc51-fe90-46ee-9537-a4f945774f4d,56b64791-72e9-4353-8daa-808f7d741c64,7934127.436196725,7934128.142307809,7934138.940188264,5788,200,0.7061110837385058,10.797880454920232,176
35487768-e7a0-4850-9260-6ebe4c6c06b8,4b292fad-a776-4332-bc3d-941725a4782d,7934128.436133375,7934128.972081961,7934139.035916916,5871,200,0.5359485857188702,10.063834954984486,208
07bfa57f-2f40-47bf-8e15-f54487e41ed4,a863f06a-1dc1-4688-946e-30c3758ebea2,7934132.436125041,7934132.909286979,7934139.20956186,1929,200,0.47316193766891956,6.300274881534278,224
0f1663c3-5521-4d3a-92e4-ac117bb79b00,035c2af7-1db2-46bd-85ea-71ff7e3a5dc7,7934131.436557919,7934132.345102814,7934139.462908339,3857,200,0.9085448952391744,7.117805524729192,192
ff91ecd2-1e32-4721-abfc-ddc26eba3a41,e90299f6-57f5-4b5e-8152-c30f4c5c2d66,7934132.436121824,7934132.678757028,7934139.5443584835,686,200,0.242635203525424,6.865601455792785,176
777bc3eb-9da1-4f98-b39d-df4f8cf87fd0,6582c1ba-13ad-483e-8428-492bebf8d206,7934130.436991263,7934130.925416698,7934139.673705653,5823,200,0.48842543456703424,8.748288955539465,224
ca769f84-4c25-4276-bde9-cd51d0775044,0038992e-64f0-433e-82d3-367cf8fa2c76,7934129.436472236,7934130.006402824,7934139.933781551,3759,200,0.5699305878952146,9.927378727123141,160
860c4228-e424-4076-88ee-d124269a7159,dcc58d2b-caca-4a97-96d7-49d693f51ff9,7934130.437006145,7934130.663323127,7934140.383226734,1970,200,0.22631698194891214,9.719903606921434,176
5d2dd735-4d26-4a1d-981a-b98e8bac7664,ca964145-fe53-493b-a011-fb315d4e4406,7934132.4361056,7934132.958004413,7934140.482012678,6028,200,0.5218988135457039,7.524008264765143,176
b50177b5-dd7b-4b48-9d3d-c4a6078d2ad8,07b79031-0347-442e-a431-2cc169be4fbc,7934133.436141395,7934133.736537909,7934141.342457191,1871,200,0.3003965141251683,7.605919281952083,192
dcc32042-145b-47dd-9d7b-0ede7e001e1c,93c4c0a0-35e8-4dae-9794-e96bff496a85,7934131.436568247,7934132.1016664645,7934141.443943189,1478,200,0.6650982173159719,9.342276724986732,0
2c3c79d5-82ae-4d1f-b9d0-80b300bce650,23e2deaf-5aec-4dee-805d-ab1d76d05bf4,7934133.436134849,7934133.726232897,7934141.7158404095,2183,200,0.29009804781526327,7.989607512950897,160
273d792c-7e53-42c8-bb54-7500f866597e,7ff7943f-fd27-44bb-b612-493ce23b16d6,7934133.436150186,7934133.744185065,7934141.842928609,1552,200,0.308034879155457,8.098743543960154,192
d07edc3c-d0a5-4c35-8b72-7fce30c45a43,eebb2bf9-1068-482e-b93b-f5660953911a,7934132.436130997,7934132.854679176,7934141.972816051,1536,200,0.41854817885905504,9.118136875331402,160
60105dbb-aee3-42ff-802f-bd9adb210a28,c1017aac-714c-4899-a365-4481a7efceb5,7934132.436117697,7934132.817539333,7934141.977800815,4189,200,0.38142163679003716,9.160261482000351,176
1a014b98-c799-483c-ab6d-41df750f57fd,77e7c157-4bdc-42fb-8f26-344afffd4b77,7934131.436575586,7934132.263580938,7934141.983432172,5887,200,0.8270053518936038,9.719851233996451,176
23dae2b5-4a6d-4ddc-b318-8452e2cf0f04,9722108d-af98-459e-a516-37eb0ff460e3,7934131.436571975,7934131.652237034,7934142.060478932,2202,200,0.21566505916416645,10.408241897821426,192
57f3de5e-f5ff-4d20-94e9-eff03d29ee21,614e6400-b3e8-4e96-b9c3-056d4cf0c685,7934132.436134152,7934133.074134057,7934142.165632819,1761,200,0.6379999052733183,9.091498761437833,160
d2948707-eba9-4c6b-997e-2e4b18abd28e,38bd04e6-cb8f-4c97-a175-530eaa1094b0,7934134.43759332,7934134.743539185,7934142.453450292,1980,200,0.3059458648785949,7.709911107085645,176
9636bb17-14df-40b6-831f-6da17f31576c,661d3f63-5e60-4b42-b305-fdfdcbc3733f,7934133.436138307,7934133.554564372,7934142.57229912,324,200,0.11842606496065855,9.01773474831134,192
03af2291-487a-458e-b4be-3f07e14044df,39e6e02c-0a49-44e4-86c7-71fea0ddc507,7934133.436144269,7934133.897386819,7934142.589865597,2942,200,0.4612425500527024,8.692478777840734,192
3e88f8f3-8356-42e6-ac93-cb3df0cc6eb9,efe7c577-0e24-46ab-92a1-13fce9231da5,7934133.436124366,7934133.998788078,7934142.596568258,5807,200,0.5626637125387788,8.597780179232359,432
f6276b20-1788-426d-a30f-0fb8cc8b3cd6,1152561f-8ae3-4e14-9371-b4b07fd47f9c,7934132.436127921,7934132.980720682,7934143.089193404,1025,200,0.5445927614346147,10.108472721651196,224
97806b80-2f16-4c8e-b654-fb1d43672929,8a1dd802-aa0a-410a-a3b6-cded00117fc8,7934135.436891247,7934135.699569505,7934143.665702158,2260,200,0.26267825812101364,7.9661326529458165,224
9bd6f9a4-c40b-403a-90b5-6763314ccd2b,6373bd4f-7ecf-4f59-8cd0-cf0889386d97,7934133.436147353,7934133.975759105,7934144.468978471,541,200,0.5396117521449924,10.493219366297126,192
298ba9cf-7cb5-4702-a648-a58c1926e1f8,8e9f1c0e-bf14-4d09-b639-edcedc41ee33,7934137.436112003,7934137.848056743,7934145.323049057,1707,200,0.4119447395205498,7.474992314353585,176
6a24c4a8-9b6f-4bdb-9459-000a4c827818,0dd0cb6e-80c4-440e-9e94-a75f9c044e6c,7934137.436136039,7934137.842957548,7934145.3189256,1328,200,0.4068215088918805,7.475968051701784,192
4a50d77e-e777-4294-b7b9-ed8659ca6323,0a12384f-0fb8-4809-b8db-e918b89100c7,7934137.436115368,7934138.044576044,7934145.398274646,1505,200,0.6084606759250164,7.353698601946235,176
bef499d6-72f1-411e-b29d-c0e864096846,45279b00-df84-4e7b-813d-b5d302dc8c84,7934135.436901155,7934135.994997677,7934146.891314152,819,200,0.5580965224653482,10.896316474303603,160
05178e6c-fe7e-49cf-8370-ba11399a1e61,047bea13-6787-41b6-a5a4-e3a836c6c6ca,7934136.438047239,7934137.130829768,7934147.166741562,2378,200,0.6927825296297669,10.03591179382056,160
c761bcc9-ba97-4c1b-965f-08bf119685e1,da54d551-745f-4af5-a083-f1b462d8b4b3,7934137.436118218,7934138.117195148,7934147.496871336,2470,200,0.6810769299045205,9.379676188342273,224
0c6776d1-27d5-4b03-915c-58dd0406d3bb,09103c37-f3ad-4892-b37f-4d805e0747ba,7934137.436102372,7934138.531532493,7934148.388142055,4397,200,1.09543012175709,9.856609561480582,224
c55ff8d9-1eb5-4bda-be08-b4d1c511a79a,76aca489-b544-4106-8503-feefab69b8ce,7934137.436133448,7934138.526339804,7934148.382846884,3700,200,1.0902063557878137,9.856507080607116,192
854ac1ed-a4d4-40c5-be22-0370104bd753,4072159d-f729-4339-b27a-001b9050b01b,7934139.437060278,7934140.983239878,7934148.413319423,6001,200,1.5461796000599861,7.430079544894397,176
c7ee3863-71ae-4e5b-a52b-8489d4d4dfb3,fe819010-c40b-4d7d-9bd8-1d269a045ee7,7934140.437072819,7934140.985515192,7934148.41508297,1225,200,0.5484423730522394,7.429567777551711,192
44d60757-b230-49c3-ab0c-5d38fb30806d,5e5a3766-9cfb-4baf-a1b7-875a90db3d82,7934136.438056741,7934137.270084346,7934148.596351393,5962,200,0.832027604803443,11.3262670468539,176
5b8bb72e-5f6f-4b2e-b5e8-3dcc41fb8309,a1cef276-6150-4849-a49f-d5521b1ab18e,7934137.43612043,7934137.717568923,7934148.75925621,1758,200,0.2814484927803278,11.041687287390232,288
5ad42d6f-39eb-45c8-a6e7-aa5179ef5632,522f3597-4ed8-4897-9cb3-a933f9bf024d,7934139.437063634,7934140.636129772,7934148.854700578,6389,200,1.199066137894988,8.218570806086063,224
1e7eed83-ab83-461a-8226-b427e5b715d1,39bc6c25-b2be-478d-9919-83b0de268d70,7934139.437056982,7934140.583921327,7934148.863404584,5861,200,1.1468643452972174,8.279483256861567,160
0472dad8-84e4-4b23-b35c-8bce9326d001,644cffe6-f7e2-45fc-8b1e-a5ae777f772e,7934137.436123658,7934138.277303969,7934148.86968066,5744,200,0.8411803105846047,10.592376691289246,176
a075c178-60ff-4648-acc3-4f1b3a1ddb3c,7fff0f4d-cd62-4d33-8e09-009989025b4b,7934140.437058552,7934141.105954105,7934148.887313276,5891,200,0.6688955528661609,7.781359170563519,176
949f4fc2-5a1c-4348-bd6a-9f0a0e234975,9275074f-0819-42b2-9e68-2fb2aa8483cd,7934137.436129973,7934138.15821927,7934148.895990445,2589,200,0.7220892971381545,10.737771174870431,176
418f0468-60f2-4980-8e4a-70cc66599266,16e9d9d1-48cf-4b87-a42b-57a6058ec096,7934140.437076565,7934141.286166078,7934148.901609349,5843,200,0.8490895135328174,7.615443270653486,192
d7a098c4-4443-4014-aa22-185243315176,9a4a8c90-314b-48ec-b045-c31653141afb,7934141.437043212,7934141.627343917,7934149.112232695,1743,200,0.1903007049113512,7.484888778068125,176
c93c4c23-2425-448a-bbc8-bfcc585bc52e,b952ea77-91ff-426e-9bca-87a362322901,7934138.436948748,7934139.282984825,7934149.31520387,5799,200,0.8460360765457153,10.032219044864178,176
56d1f407-9b94-4abf-bfb8-e5f27f3180e1,8cbd93dc-cd66-435d-bace-fce047b83985,7934136.43806014,7934137.432998814,7934149.667722054,5841,200,0.9949386734515429,12.2347232401371,192
0da5bcb5-e16d-4ab0-b883-7069ce5311ce,5e171af4-e00a-40d3-8551-bf2d4d91992e,7934137.436126786,7934138.071945787,7934149.802741587,6001,200,0.6358190011233091,11.73079579975456,176
4c4158db-ae9b-4fdc-9477-1a29fd6f06db,194a873d-95d7-4e33-8211-f30323686617,7934139.43704141,7934139.669874082,7934149.925325253,504,200,0.23283267207443714,10.25545117072761,224
a8b498d0-66b6-4c96-939e-9749dc88ce91,0e5901a7-c94f-45c6-bcbc-a7ef22f161d4,7934139.437053146,7934140.228284601,7934150.124375356,1677,200,0.7912314552813768,9.896090755239129,160
8dc02660-8c2c-471e-98e7-8393c270679e,afafd84f-c43a-4a5b-a307-c257cbf756bb,7934140.437079539,7934141.034566813,7934150.255177032,5796,200,0.5974872745573521,9.220610219053924,176
a9853440-cece-45e7-9927-20e92f0de0db,92a7f10e-4538-40db-8647-82796b2a10aa,7934138.436938308,7934139.392997038,7934150.321997181,5877,200,0.9560587294399738,10.92900014296174,160
ee7fc43f-68d5-4376-972a-9e105dc82137,d34c67c0-ca74-4c70-a28c-f7680bf83cf8,7934141.437051845,7934141.926598511,7934151.3304221975,5836,200,0.4895466659218073,9.403823686763644,176
68bad534-4770-4719-85fc-f009ba7f0f26,d9617223-3bfc-4530-a2a7-84b7fcc611f3,7934143.436300806,7934144.190607549,7934151.470542428,1570,200,0.7543067429214716,7.2799348793923855,0
fe6219a2-78f9-4414-8070-f023a52e08d2,87790c2b-aa62-4df2-9e78-4b07d45b22cf,7934143.43627968,7934144.195779675,7934151.475909815,5860,200,0.7594999950379133,7.280130140483379,224
8803255d-87e8-41ac-9d9f-714fb1e2384c,dede0210-5552-4607-8159-2fd26af2324f,7934143.436297621,7934144.059843495,7934151.648121095,1095,200,0.6235458739101887,7.588277600705624,176
243800a3-e2e0-4b03-acd9-6b289b348acf,9c642a25-cabd-44b1-88b8-98eaa23c9be3,7934143.436275815,7934144.065057408,7934151.653590102,5520,200,0.6287815934047103,7.588532693684101,192
63e71072-e511-4ba0-92b7-17f3ec7bd90b,383fe816-1603-4be4-bd50-ca1ab0a1996d,7934143.436294575,7934144.110064312,7934152.018880796,2460,200,0.6737697366625071,7.908816483803093,288
7d66387f-7811-476e-a570-4317baf261ae,16b5e0f5-14de-4964-8ae6-ff7f9f314d05,7934142.436983094,7934142.931915876,7934152.926857063,2634,200,0.4949327828362584,9.99494118615985,224
ab0d4e0f-1697-40b8-b78f-544374d091cc,8a726fa4-de81-489c-98f8-8ba49638fffc,7934142.436986568,7934143.430579393,7934153.387169886,4123,200,0.9935928247869015,9.95659049320966,192
9b913208-e786-4163-badc-c2381247ecfe,5941b2d9-9a78-4657-b188-6c93d0e82645,7934143.436291844,7934144.316835313,7934154.14461998,5580,200,0.8805434694513679,9.827784666791558,224
c504ce19-62d5-49c5-a2c1-81246e4a4755,bee5e930-99b4-4b1a-8085-5d0945f9389e,7934143.436289058,7934144.199336055,7934154.263849579,3670,200,0.7630469966679811,10.064513524062932,192
85576075-1053-4761-9f9f-71e7121393e0,fde65300-6df0-4455-b1cd-90c84a5f86b0,7934147.436383522,7934147.933140274,7934154.274611769,4729,200,0.49675675202161074,6.341471495106816,176
e9deb79e-e95d-4272-93ec-fc06198bcd90,fd85aaea-6f27-4a87-b591-1bc8eedf9b03,7934144.436225453,7934145.313442238,7934154.3430862995,5912,200,0.8772167842835188,9.029644061811268,160
e7c8157f-0db9-458d-b407-7277604d6bc9,f2e623bf-4085-4da8-a0e0-3eb712c8e231,7934143.436283162,7934144.628600651,7934154.476951718,5713,200,1.1923174895346165,9.848351066932082,176
ec3f336a-ff60-4028-9b62-5553651c935e,4b8b588a-1dbc-4c5d-ab0f-82c23b12725e,7934145.43656517,7934146.187383216,7934154.491104545,5873,200,0.750818045809865,8.303721329197288,176
1507d080-9146-42a8-b369-b725e554bffa,9f45f164-ae08-433e-ac2e-7d1612160d99,7934144.43624178,7934145.518189809,7934154.6185826985,5829,200,1.0819480288773775,9.100392889231443,176
d06c35de-e826-45fa-a31b-7da1374447df,48a73f4b-50e7-4022-9d8e-cc985d65dcbd,7934145.436575673,7934146.103194147,7934154.640578027,2454,200,0.6666184747591615,8.5373838795349,192
2a8ff663-9c8d-49d2-b9ca-6531f622dfc1,0b2debcb-f399-4d3c-89e9-0a9d700f6b3e,7934146.436518115,7934147.3738189265,7934154.906169702,6002,200,0.937300811521709,7.532350775785744,160
3f466cef-9d45-420f-be23-587fe4d6fb96,8051a711-6f9e-4c72-82f6-53e7026aaa9e,7934146.43651526,7934147.031977222,7934154.994700753,3825,200,0.5954619627445936,7.962723530828953,288
0e4347b8-b074-4fb3-a8a1-a8ca6f1b3528,b6d0191d-230c-484f-8de2-79d96d0d39c7,7934142.436979503,7934142.909639398,7934155.187289722,2757,200,0.47265989426523447,12.277650324627757,160
bd40f00c-040a-4586-b291-ffba31f05a84,97ad3f12-85c7-44bc-b969-699e6ef5da09,7934142.436957277,7934144.046806577,7934155.388988311,3693,200,1.6098492993041873,11.342181734740734,160
1671bd64-3b7d-4a7e-9799-645b8a5538dd,bd0e9c71-7c80-413a-a857-441407b810e6,7934143.436286109,7934144.110802582,7934155.413243163,853,200,0.6745164738968015,11.302440580911934,192
24cde529-ef75-447d-9e9d-f9152358cf7d,afa96050-26e9-458e-8e99-e58a051b36a6,7934145.43657209,7934146.120742989,7934155.485103971,2142,200,0.6841708989813924,9.36436098255217,192
2b3e6fd1-3f09-4fb2-8d97-48365b686c86,06fc1b29-ed92-49b8-98c8-5792e32d0ecd,7934146.436512437,7934147.193576017,7934156.092158478,3756,200,0.7570635806769133,8.898582460358739,160
10bebdf3-0d63-4677-9d5f-8e1acc0ff443,2b10aab9-b462-4f69-aa9f-d5e523afdc9a,7934143.436264922,7934144.372943902,7934156.412857518,5893,200,0.9366789804771543,12.039913615211844,224
3b7fd0e2-f883-4712-951a-d43fd5243860,b6b50fed-883a-44d8-a0d2-154444ac9b9d,7934147.436402337,7934148.450413128,7934156.427219352,5932,200,1.0140107916668057,7.976806223392487,176
75cc1aeb-3766-4af8-a9f5-c709c8446e6a,69c65194-d8b7-413c-af90-cf5d54b7fb38,7934144.436235606,7934145.3688926045,7934156.44351195,5928,200,0.9326569987460971,11.074619345366955,192
2fa85a99-0901-41ab-9472-b1c92cb2681b,158a3758-8a73-4b48-8df1-3a54b581611f,7934145.436554026,7934146.343661077,7934156.987557414,5789,200,0.907107051461935,10.64389633666724,192
fed240a6-1dbb-4948-b870-61b34c0d139b,a95d4290-526f-498c-bb05-5a23a8195ec0,7934147.436396512,7934148.107821687,7934157.0121803265,2761,200,0.671425174921751,8.904358639381826,0
baf73531-f16b-44d9-8d6e-a48595c8bcf9,2d679471-06dd-4b86-8657-55437a5fe80f,7934149.436473292,7934149.850463382,7934157.184334129,1401,200,0.41399008966982365,7.333870747126639,176
64f5ada5-2b9c-41cb-91f3-21c37751df20,961158f4-59d1-44e2-aa5a-ebdcb33cc610,7934149.436465449,7934150.22944186,7934157.283556651,5834,200,0.7929764110594988,7.054114791564643,176
238a473e-93ec-4b16-a11c-6c4d0eaa40db,0ebf658d-7b25-481f-9f43-f196e42a9404,7934144.436238741,7934145.2953550285,7934157.381980626,5996,200,0.8591162879019976,12.086625597439706,224
b674599e-e27e-4e65-ac0e-88e934029500,630b34bb-1144-46fd-8e59-e34b1de4ccf7,7934145.436569072,7934146.190460695,7934158.008403289,5250,200,0.7538916226476431,11.817942594178021,192
81fbd04b-722c-47c7-910e-7c1b4acdc7b2,34bb8fa8-0277-4f1b-b7c2-92303cd5bbb5,7934149.436454265,7934149.987644172,7934158.07331878,5924,200,0.5511899068951607,8.085674608126283,160
e3912ea5-4a54-4710-ae4a-4dbe042e36d5,c357b8bf-f678-4933-aee9-8582856de38b,7934147.436392929,7934148.448236403,7934158.111533618,6709,200,1.011843473650515,9.66329721454531,160
bfaa1569-9b55-4f42-83eb-e93f66995ac9,b294c638-1caa-4f73-aea8-c2de71511a8d,7934150.436054635,7934151.053137293,7934158.149414076,5553,200,0.6170826582238078,7.09627678245306,224
e7c27461-8d83-4bb3-a806-8e7f1dca4f3a,e839419a-835c-4bf1-af83-436ccab8d728,7934146.436501712,7934147.138360448,7934158.350830787,2446,200,0.7018587365746498,11.21247033867985,192
085a3d9c-ecf1-45d9-ba8f-9d48e2ff4242,26246547-489c-4bf5-a461-7a53ca519d6a,7934150.436046559,7934150.971021591,7934158.404014673,959,200,0.5349750313907862,7.432993082329631,160
a32e1a1e-e76b-4b4a-8a72-e029cab664d6,414739a4-5bea-42f3-b253-f5aae22c9226,7934150.436038043,7934150.649364522,7934158.70802328,1809,200,0.2133264783769846,8.058658758178353,224
836a54af-ceb8-4ff0-b28a-dc3648e154e7,2a6b418f-fb9e-4337-90a6-71ef5a5391d6,7934149.436476222,7934149.942430895,7934158.975047317,182,200,0.5059546725824475,9.032616422511637,160
17ae5581-f22f-4f81-b73f-5077a769f95c,6773d64e-c4f2-4e4b-895c-24140b31607f,7934149.436469427,7934149.974358285,7934158.982622395,5836,200,0.5378888575360179,9.008264110423625,192
cc9eb818-83dc-47d2-b597-267d11771303,a720e724-daa2-4c66-a117-9d12dcfd9736,7934151.436877266,7934151.7026052615,7934159.011341069,2740,200,0.2657279958948493,7.308735807426274,160
e7de452d-ab8e-4f82-8251-5466452f1a44,deca5ee5-8d40-4e4b-893d-49946608462b,7934147.436399867,7934148.424047354,7934159.294214647,5575,200,0.9876474868506193,10.870167293585837,160
f8219993-afff-41b9-8d80-6731554ddc29,12f27011-1d1f-4e75-a7d0-158faedac5c8,7934148.437487917,7934148.793658652,7934159.370368348,3834,200,0.356170735321939,10.576709696091712,192
a8d4e0b3-a41c-40aa-b8b0-5c7d8aea7b2e,ddab7268-983e-4382-b5cd-d0c1c556d1d2,7934150.436049565,7934151.1430295715,7934159.656635887,1736,200,0.7069800067692995,8.513606315478683,176
632841b2-e6e9-4c1f-94ce-ff902cf99761,361d1536-ceec-424e-9ffd-3c7b29a993b3,7934151.436901794,7934152.357964311,7934160.01055479,5775,200,0.9210625169798732,7.652590478770435,160
8e542dbe-e932-4330-aea9-5b5ac82a5055,1dc18a45-9b1e-4369-9edc-0d1ebcd8ecb5,7934150.436052307,7934151.136026858,7934160.027700308,2637,200,0.6999745517969131,8.89167344942689,160
e670a583-3b32-432e-b044-1fdbaad89f43,a99e74fa-c07c-46d6-bc02-1eabac116d61,7934151.436894659,7934151.93517893,7934160.391053298,5891,200,0.49828427098691463,8.45587436761707,192
62087e33-ce51-4cd9-b469-13d6389e08f3,8f74c273-3def-47ea-8e27-63467cdcf042,7934151.436905539,7934152.023881686,7934161.540216027,1888,200,0.5869761472567916,9.516334340907633,192
02c41bac-fc30-45ac-9f61-9e49659826c2,383fe816-1603-4be4-bd50-ca1ab0a1996d,7934153.436220654,7934153.930423463,7934161.994243331,2460,200,0.4942028084769845,8.0638198684901,2448
c7e5bda6-0e69-4194-af33-13e3452bcfbf,b89c72e3-8095-4ece-b109-42acaa3672e6,7934153.436217151,7934154.278229581,7934162.139440979,6023,200,0.8420124305412173,7.861211397685111,192
3c7a7b80-e2d1-4c71-bd7e-daeb22bd5936,0a73b161-d82b-4323-916b-33e2b59d35e0,7934153.436224577,7934154.004893481,7934162.306525993,1322,200,0.5686689037829638,8.301632512360811,160
646cd11b-7a63-41b9-888d-08d3cbf7783b,0a12384f-0fb8-4809-b8db-e918b89100c7,7934151.436889908,7934152.028904573,7934162.824043209,1700,200,0.5920146647840738,10.795138635672629,176
8b3c5ee5-1fc2-490c-8152-4a2fcd3d483f,6582c1ba-13ad-483e-8428-492bebf8d206,7934151.436898475,7934151.97332299,7934163.028434506,5823,200,0.5364245157688856,11.055111515335739,224
9f039de9-e40d-44f8-85f2-cc68fc6f0575,e544a40e-0e84-4a84-b719-306beaad3aaa,7934152.436553214,7934153.299229878,7934163.2729897695,5129,200,0.8626766642555594,9.973759891465306,176
489c7e19-b914-4133-bbb2-030103a563eb,93c4c0a0-35e8-4dae-9794-e96bff496a85,7934154.436838464,7934154.613552055,7934163.413945946,1479,200,0.1767135914415121,8.800393890589476,320
dcec399d-2960-4e8e-bcd5-640b1be11748,95a97b7f-b9b9-4ff5-b501-08226dc92408,7934154.436847955,7934154.952628059,7934164.076697719,5889,200,0.5157801043242216,9.1240696599707,176
b5275e13-0d82-408a-b155-afde79d1ac4c,aa544b43-9b4f-46e1-b4cd-a465947c3251,7934153.436205239,7934154.266864254,7934164.389017927,5790,200,0.8306590151041746,10.122153673321009,192
512c2eb2-0828-4d44-8b09-aac3e456cbfa,6c9af2b5-4d45-4f11-9012-e8457da54f98,7934154.436854848,7934155.151588125,7934164.687210457,3266,200,0.7147332774475217,9.535622332245111,176
980c5ba2-08c6-4cf6-8eaa-0db716e6addc,ce567047-2508-420e-b4ab-2aa108e28efd,7934154.436858103,7934154.856990401,7934164.772746893,353,200,0.4201322980225086,9.915756491944194,160
e4ad98ad-4452-46bc-bd77-7db8d2682652,8eaebb8b-dcfc-489d-9907-9f0d91cbfe81,7934154.43685179,7934155.0485560205,7934165.002117943,2622,200,0.6117042303085327,9.9535619225353,16
fe095e33-0799-4f7f-9c45-7f5a6a5bd73f,ee3f178d-873f-4ae5-81ad-c50bc746de6c,7934155.436280253,7934155.930650324,7934165.080186029,354,200,0.49437007028609514,9.149535705335438,192
71ce75a9-a382-4a96-9e8a-1431dc8a0bf2,4b849273-34b2-41a7-a754-161f75c4d8a1,7934154.436864921,7934155.051361933,7934165.495176168,1425,200,0.6144970124587417,10.443814234808087,224
0742fb6c-8722-4aa0-abaa-fb3bb3e3bb92,a5bcb831-7cfc-48c3-9eeb-1100e9578497,7934155.436268423,7934155.996208515,7934166.2927052155,5974,200,0.5599400922656059,10.296496700495481,176
115641b8-1fa7-4578-b0e9-eb725c6b3151,e1ffbb6b-111e-4e1e-8b10-9c71bc28b303,7934154.436861486,7934155.184321753,7934166.439957277,3267,200,0.7474602665752172,11.25563552416861,176
60404e13-ef60-4b37-9198-48d768353f2f,2ed64c5c-56dd-454e-9dee-222c4090064a,7934156.436259565,7934156.939452956,7934166.946436644,5902,200,0.5031933914870024,10.00698368716985,160
d8791230-ae61-49e8-b89c-36c2fa64f49b,7ecb3eec-b83e-4819-a7f9-fe7a738640b6,7934157.437020793,7934158.361765264,7934166.962225807,5807,200,0.9247444709762931,8.600460543297231,192
1ae0a913-427b-4a4a-9983-419fbd38e1ac,abf7562e-34ae-4c0d-9940-697f33aab22b,7934155.436276828,7934156.104706676,7934167.18173373,5838,200,0.6684298478066921,11.07702705450356,192
346a59fe-60d6-4b2a-9eb0-cba6f4bc8ccd,de310453-2360-466e-a6d3-3ca31cdb0cdb,7934156.436269375,7934156.8792676935,7934167.755406474,4577,200,0.4429983189329505,10.876138780266047,192
74a71709-a1ef-4b9e-afbe-0862d435b7e2,a04b43b6-d229-474d-9233-e6d9265116cb,7934159.436444769,7934159.632536968,7934167.883694659,539,200,0.19609219953417778,8.251157690770924,224
d3df8e9e-70a6-4fbd-8c98-7ebae3cfc04b,d4238793-b034-4004-8635-9639e6bd91f6,7934156.436266723,7934157.32270024,7934168.137776286,5931,200,0.8864335166290402,10.81507604662329,160
65be3c41-fed8-4a0f-ac7f-a0ba192d1d78,3153217e-eb23-4a22-9578-9fc2be8dea7d,7934157.43702779,7934158.325129884,7934168.17036222,5334,200,0.888102094642818,9.845232335850596,176
3eb86fce-8a02-4606-bbad-269e61faabfb,1459b68e-f660-4e66-83c5-c861ebfa7b52,7934157.437010292,7934158.356181311,7934168.376288692,6003,200,0.9191710194572806,10.020107380114496,192
694c96b1-bc4b-428e-95ea-5ed2b93ebf96,9e4a66fd-e0ca-44f4-a552-5097141dcc11,7934160.436659165,7934161.052481627,7934168.955014891,5115,200,0.6158224623650312,7.902533263899386,176
8fe18c33-a90b-4119-abc5-7f055f035591,1c71abef-2cf5-47fd-b33e-16fd8e19488d,7934158.436970288,7934159.0846055485,7934169.31607219,2242,200,0.6476352605968714,10.231466641649604,176
f7c41376-cc0b-4499-b805-453e3d4382c2,ebbcf9f5-1774-4a00-ac1e-60443cb15ecc,7934158.436958427,7934159.160518945,7934169.713967835,5919,200,0.7235605185851455,10.553448889404535,176
ae05f698-0987-4139-9c85-53431db61f68,deefa634-0664-4fee-b571-ee928bcdcb5d,7934157.437024741,7934157.796197327,7934170.136588245,2829,200,0.3591725854203105,12.34039091784507,192
80fa759a-af79-4ffb-931f-629122e3ef9f,8263d56c-0301-4b0e-9bce-d56c30ac60df,7934159.436460973,7934160.384464923,7934170.139894589,5972,200,0.9480039505288005,9.75542966555804,192
5e69de19-e5cb-4437-8b24-a4b9188975d4,966432a2-f3ee-49ef-9b46-d08cee8b7695,7934160.436656241,7934161.945116806,7934170.273929066,5972,200,1.5084605645388365,8.328812260180712,192
7d09ba1b-bae9-4f67-989c-bd0178d819cd,0d5aff4c-7895-4f7a-8506-67872ca5d129,7934159.436454154,7934159.980613399,7934170.35767466,5716,200,0.5441592456772923,10.377061260864139,160
c66e3193-6b76-4440-83ae-38a23b1de8c1,f888da27-679c-4d6f-aa21-485a21f187b4,7934162.436289068,7934163.243207498,7934170.392623771,5722,200,0.8069184301421046,7.14941627252847,160
f4203e34-8121-4ae2-bc92-dffbeb582814,f8201b4c-03c7-49e9-9da6-6c287bf761c8,7934159.436463755,7934160.247302964,7934170.446815532,5799,200,0.8108392097055912,10.19951256737113,192
ef071255-68d6-4540-a92c-128d92a6550c,6dac39d7-6c17-45bc-aff3-f0b80b131575,7934160.436638565,7934161.081817677,7934170.834485108,1706,200,0.6451791124418378,9.752667430788279,176
094f099c-4955-4e2b-acfe-8b6533a5f4f6,811fc368-df9a-4da3-b103-b4c3c476eec0,7934161.436681074,7934162.149740072,7934171.214611257,3006,200,0.7130589978769422,9.064871185459197,160
afb71ada-da12-4614-a3b9-8f1a221ad422,78aedc0f-59f6-41d0-9633-bca9c5bc83d4,7934161.436677607,7934162.291963259,7934171.22097719,1365,200,0.8552856519818306,8.929013931192458,160
e270fb3e-4362-4bf1-822c-098eec7ed00b,a1cef276-6150-4849-a49f-d5521b1ab18e,7934163.436803359,7934163.630663783,7934171.408478812,1764,200,0.19386042468249798,7.777815029025078,16
4d41a7a0-9b25-4873-b805-6464c0b3d7dc,ecf1639d-7d01-4ec2-989b-319b083d49e3,7934162.436277759,7934163.342144848,7934171.472515393,6238,200,0.905867088586092,8.130370545201004,192
3eb62245-b695-4c28-8978-86b85c77b7f0,86bcccf7-bc5c-4d53-ad50-89b11a3494f2,7934163.436790269,7934164.116093147,7934171.643369873,5836,200,0.6793028777465224,7.527276726439595,1136
d438862b-c3fe-4d60-8c5c-038fdbf44062,dfb452fa-d64f-419c-b9d0-7f0d74d73e13,7934160.436649471,7934161.396926119,7934171.653606607,808,200,0.960276648402214,10.256680487655103,192
ea72b23a-e738-4359-8666-31ef70e165d3,cffad852-a87e-43a7-896d-2b983e243193,7934160.436653232,7934162.161018669,7934172.07644229,5863,200,1.7243654364719987,9.915423621423542,176
f78cf4ec-cb45-4b88-8146-dcc11ac65808,bf3576f0-1508-41f7-9a01-7c035b15e907,7934161.436667354,7934163.035490398,7934172.182252606,6708,200,1.598823044449091,9.146762208081782,192
426d5adb-8b8e-40e4-b834-b4046e293d30,afa96050-26e9-458e-8e99-e58a051b36a6,7934164.436666821,7934164.764167417,7934172.389588663,2142,200,0.3275005957111716,7.625421246513724,192
06d707f2-2542-47ed-b00f-4c5a2a39f0eb,e61d5ce5-2a47-4b6c-97fb-bfe4dcd823ed,7934165.436133717,7934165.978577298,7934172.404971803,439,200,0.5424435809254646,6.426394504494965,160
ad624785-1566-4e14-be9c-46d7b62899f1,bb6f0502-2197-4ee3-b8a1-b1060a43622f,7934164.436655477,7934164.583452976,7934172.961579124,1179,200,0.14679749961942434,8.37812614813447,192
59f48a5b-ea52-407d-8684-225b2dd762b1,1cf6a300-5f01-432b-9b53-4799d42d0d63,7934166.436230417,7934166.961726848,7934173.009722133,1123,200,0.5254964306950569,6.047995285131037,176
27302908-8fea-45e6-90c8-0b4cefac0638,548fd163-71d0-4642-9386-c5a09a047dbd,7934165.436140035,7934166.346760323,7934173.0861294605,4958,200,0.9106202879920602,6.739369137212634,224
1de40650-ec68-43d4-b88b-048bd1c20ee8,9557c1f9-8651-4a6f-bfd3-0c96ede25015,7934166.436227156,7934166.822351153,7934173.309822856,3766,200,0.38612399715930223,6.487471703439951,192
29e6e387-d2e6-4c2d-a1a1-57b77f60f6a6,18f863ed-97ca-4066-89d0-577bf721924f,7934162.436296831,7934163.3600661205,7934173.316381554,5941,200,0.9237692896276712,9.956315433606505,192
38a14db0-cad2-4865-90aa-7138b111d7e0,194a873d-95d7-4e33-8211-f30323686617,7934164.436670666,7934164.8613203345,7934173.331920617,504,200,0.42464966885745525,8.470600282773376,224
bcaf1caa-5e48-4945-96bb-ce88af5e4e10,6d17f320-f4be-4fd9-8926-c85f69e9bb80,7934159.436457606,7934160.355337281,7934173.503970586,5749,200,0.9188796747475863,13.148633304983377,224
e03cfb54-a6dc-4d98-bebd-d384a21f6310,c7d4bf82-b656-4649-9145-d43cfcc0709d,7934163.436799818,7934164.112244592,7934173.507477703,5822,200,0.6754447743296623,9.395233110524714,224
9c71a587-158f-44e3-95d6-4bdc3780967c,0a12384f-0fb8-4809-b8db-e918b89100c7,7934167.436230735,7934167.649302051,7934174.2190289935,1889,200,0.2130713164806366,6.569726942107081,1664
e6f43cdd-0da7-466f-a9df-87e90270f3a2,12cd0593-3b00-4e01-8af8-5885c65b23b2,7934165.436143125,7934166.0822453955,7934175.177688043,3084,200,0.6461022701114416,9.095442647114396,160
bf3f2101-2132-483b-8f64-88a465d9d159,e544a40e-0e84-4a84-b719-306beaad3aaa,7934168.436217115,7934168.618311025,7934175.356189223,5129,200,0.18209390994161367,6.737878197804093,5120
b864be2e-0e81-42a5-8d81-d7058ae83d8a,87790c2b-aa62-4df2-9e78-4b07d45b22cf,7934165.436124504,7934166.369150457,7934175.406629332,5860,200,0.9330259533599019,9.037478875368834,224
de5b8847-37a0-42f7-a6df-fca8e34b21ce,a48a78e1-9592-4620-8de8-227c1d576960,7934165.436146054,7934166.368457929,7934175.410990071,5806,200,0.9323118748143315,9.042532141320407,224
7ac3fb29-8bed-400d-b087-331a247889d2,5941b2d9-9a78-4657-b188-6c93d0e82645,7934162.436293507,7934163.608098667,7934175.4338090755,5757,200,1.1718051601201296,11.825710408389568,224
d493d346-45da-46d1-953e-0415e00a43f5,e02870fa-87af-4cfe-91a6-a31a47709f44,7934167.436234662,7934168.0843964135,7934176.066331367,5937,200,0.6481617512181401,7.981934953480959,192
8c6a14ae-ea7c-4cb0-901d-3804bfc5ae78,570fbda0-f064-4cd7-beaa-2df0ab0b8524,7934169.436466565,7934169.684421469,7934176.116071719,1643,200,0.247954904101789,6.431650249287486,224
754e627c-a5ed-4f1c-9b04-7d4a3726a30a,d9617223-3bfc-4530-a2a7-84b7fcc611f3,7934166.436224248,7934166.689144732,7934176.370196,1616,200,0.25292048417031765,9.681051267310977,256
505d75b5-0a07-40d7-8a77-b286c8f4a42f,afafd84f-c43a-4a5b-a307-c257cbf756bb,7934167.436218229,7934168.064681904,7934177.040638771,5759,200,0.6284636752679944,8.975956866517663,176
18759192-5d20-4a14-b44e-5bebc6989566,e8f6df88-143b-40ff-bdb8-5b4fe35021da,7934166.436214718,7934167.016937301,7934177.34652228,1803,200,0.580722582526505,10.329584979452193,288
2ab75358-9a94-4250-b0e5-635df0c477ab,8f9dacfc-fe44-4310-a09b-1460546de939,7934168.436219759,7934169.028021727,7934177.376082094,5953,200,0.591801967471838,8.348060367628932,160
75a7c46c-cc72-414f-85ac-f4d398225205,f981a306-8b21-4254-95fa-d0ce56582057,7934170.436185305,7934171.235156801,7934177.662551817,4495,200,0.798971495591104,6.427395015954971,176
476ea21f-d4b2-40ed-9e23-7c677ef2e11d,674c51c0-f4d4-4007-888b-ab7031140fb5,7934168.436213679,7934168.786603026,7934177.69053344,2533,200,0.35038934741169214,8.903930413536727,224
1567efeb-3fcc-49e0-bde8-04428b4b8df5,035c2af7-1db2-46bd-85ea-71ff7e3a5dc7,7934171.436641463,7934171.790145078,7934178.054795044,3857,200,0.35350361466407776,6.264649965800345,192
28b614fc-cfb5-4b76-af50-a34b16862c32,38b2318c-b3fa-4676-aeb0-8f6a022013a8,7934169.436470073,7934170.031341219,7934178.089311786,5042,200,0.5948711466044188,8.057970566675067,192
270344f7-dc3d-421c-82cb-715a791ba226,54817b76-e7bc-4b7a-abc8-5a293f291076,7934170.436199172,7934171.250551735,7934178.24487316,5934,200,0.8143525626510382,6.994321424514055,192
f02505c2-a214-4e65-abf3-29c570bf4841,d34c67c0-ca74-4c70-a28c-f7680bf83cf8,7934169.436472972,7934170.174845151,7934178.382154632,5836,200,0.73837217874825,8.207309481687844,176
20414e10-3227-46bd-9679-f233c34da2b7,74754bd7-23c9-4bf3-8f2e-f5b104757169,7934165.436137045,7934166.260698978,7934178.392037058,5714,200,0.8245619330555201,12.131338080391288,224
5f5e1312-ed09-48dc-ad50-6789f2a5df4d,2f758670-b8ed-4ec1-862e-affd9609923b,7934166.4362332,7934167.251512463,7934179.153790606,4119,200,0.8152792630717158,11.902278142981231,192
0606b7c9-26e3-49fd-9725-5793314e4276,38bd04e6-cb8f-4c97-a175-530eaa1094b0,7934172.436662516,7934173.044687486,7934179.26474703,2162,200,0.6080249706283212,6.220059543848038,176
c090a7c1-c623-4bd8-89a9-14ab715b22e7,2a6eb3ba-e100-4c92-a9e9-1e45cee4c4c3,7934172.436675378,7934172.650681388,7934179.724700073,2326,200,0.2140060095116496,7.074018685147166,288
4075117c-9781-45a2-a871-aff77c8c1eca,664bf423-efd4-4b9d-a27d-474445e82338,7934173.436941227,7934173.845352046,7934179.975123851,1707,200,0.408410819247365,6.129771804437041,176
810cf316-e5de-44b0-8439-9f3f7a5e8370,b952ea77-91ff-426e-9bca-87a362322901,7934171.436652289,7934171.91452065,7934181.0591363795,5799,200,0.4778683613985777,9.14461572933942,176
c62137c0-1da7-4f71-a6ee-aac18ee36770,e7496e05-d4a7-4d53-8d10-3adebad8c63e,7934168.436204714,7934168.975271407,7934181.41673462,4884,200,0.5390666928142309,12.441463213413954,176
934e371e-f13b-4a0f-908f-b0e57a6ea031,11a2967c-8c37-4e82-b852-df78459a03a9,7934170.436195387,7934170.9620750565,7934181.467435095,216,200,0.5258796699345112,10.50536003895104,160
d89be10f-f15e-4c39-8620-d040c11793d6,8a726fa4-de81-489c-98f8-8ba49638fffc,7934173.436950142,7934174.2797986185,7934181.5936277285,4120,200,0.8428484769538045,7.313829110004008,192
bb5b9a36-740e-4aef-b262-d92ab99eefe3,5e5a3766-9cfb-4baf-a1b7-875a90db3d82,7934171.436655748,7934171.9406988295,7934181.947941659,5943,200,0.5040430817753077,10.007242829538882,176
7e801f56-a5b1-4c17-b185-381987e0be91,2dbf224b-17cd-4061-a60e-d8b8bf91c15a,7934174.436285076,7934174.906449666,7934182.353792029,5435,200,0.4701645905151963,7.447342363186181,192
9fa8ff92-3a2c-4dc5-aef0-656c18933d86,b339d958-9b9a-4296-9c52-77ff5ebf01d5,7934175.436814678,7934176.163751489,7934182.404769243,3190,200,0.7269368106499314,6.24101775418967,192
22fa8c3d-69d8-49d5-b04b-efd816be626b,576e478b-c34e-41ac-b6c5-ffe5ab41a267,7934169.436455005,7934170.420906955,7934182.479473067,6005,200,0.9844519505277276,12.058566112071276,192
82baad91-e53d-4f29-b552-4e30bbf59db9,fe819010-c40b-4d7d-9bd8-1d269a045ee7,7934176.436341342,7934177.02096964,7934183.106011653,1432,200,0.5846282988786697,6.085042012855411,192
10a9e66d-7e33-4692-af48-98e454e018e4,937c7008-06a1-4543-8676-6f44a8fe2de3,7934174.436269975,7934175.096509704,7934183.125148715,4783,200,0.6602397290989757,8.028639011085033,160
ac761503-6134-40b1-9219-e2ea2833a154,bc3c695a-dbbe-46c3-b730-f17bff089f3e,7934173.436953947,7934175.0929898545,7934183.1218992565,5604,200,1.6560359075665474,8.028909401968122,224
1dc9d3bf-317f-47bc-994e-42045f9a504c,91152587-decc-47ab-9f6b-e6eb00d2bbdb,7934173.436932569,7934174.44085948,7934183.27464536,6419,200,1.0039269104599953,8.833785880357027,192
9919987a-0df8-4721-a12a-b4065c23e682,047bea13-6787-41b6-a5a4-e3a836c6c6ca,7934174.436281149,7934174.852839898,7934183.340515836,2561,200,0.4165587490424514,8.487675937823951,160
d8713fb9-c563-4cca-8e15-44615f262fde,7f5de7de-5ab0-428b-a058-4c69774bc1e9,7934175.436818961,7934175.828666001,7934183.466092183,3573,200,0.3918470395728946,7.637426182627678,288
df71d8e2-7c43-4cd0-96fd-f9692c7c3ab5,a5d52ffa-baf4-4f45-b499-90d158833a2c,7934172.436671531,7934173.085210966,7934183.661548751,2922,200,0.6485394351184368,10.576337785460055,192
0bdceeea-089e-47d4-a9c9-cf1c8e5776e8,a6ec72f4-a9fb-40e1-8aa4-10bf660619d5,7934173.436944548,7934174.220219596,7934183.6871678475,3886,200,0.7832750482484698,9.466948251239955,192
9708ff13-ed64-40fe-8fb7-09ca1e14891f,680d8f20-a336-4622-9c8f-67256e5b3ae8,7934175.43681192,7934176.365431334,7934183.912862164,5916,200,0.9286194136366248,7.547430830076337,176
6f257b8d-307e-4545-8984-86c32473a70b,bb6f0502-2197-4ee3-b8a1-b1060a43622f,7934176.436353548,7934176.653340762,7934184.0412594415,1179,200,0.21698721311986446,7.387918679974973,1168
6e65bf12-4e49-4c06-ae7e-5e2e8ca3a88e,c1017aac-714c-4899-a365-4481a7efceb5,7934173.436957206,7934174.213619681,7934184.100246473,4189,200,0.7766624754294753,9.886626792140305,176
f00a2939-537a-45f0-a195-771bd35b9637,93c4c0a0-35e8-4dae-9794-e96bff496a85,7934173.43694784,7934174.110920333,7934184.841609535,1479,200,0.6739724930375814,10.730689201503992,0
1e0e0557-e553-41ee-9c60-0542d5798f28,74f34492-f3fe-4345-b7a4-517983671cc4,7934178.436710607,7934178.8643179545,7934185.297554674,1071,200,0.4276073472574353,6.433236719109118,160
39519254-5ea9-4839-b7c6-a7802d567569,fe28b892-74db-4075-be6f-8e84d7615a76,7934175.436805721,7934176.374297304,7934185.331963159,5916,200,0.9374915827065706,8.957665855064988,160
4977a350-1bd9-411f-b15d-0973830fe17f,da3224f5-6f28-408f-b4b6-ddd0c4795c70,7934175.436816841,7934176.35902034,7934185.827007018,5778,200,0.9222034988924861,9.467986677773297,176
7cf37527-cce1-4012-aecc-1ebde97142ac,23d19ba7-7bd3-4d29-b13f-0f5291c02ec6,7934176.436350158,7934177.191348483,7934185.963908533,5797,200,0.7549983244389296,8.772560049779713,160
b00ff258-a835-4f08-822f-ec1fd84f0828,fd85aaea-6f27-4a87-b591-1bc8eedf9b03,7934177.436110305,7934178.248645712,7934186.072996477,5890,200,0.8125354070216417,7.824350764974952,160
f4777a38-96b8-4abc-a971-3e1de1540ed8,16e9d9d1-48cf-4b87-a42b-57a6058ec096,7934178.436698298,7934178.92971736,7934186.280183172,5843,200,0.4930190620943904,7.350465811789036,192
b4d0a6aa-92a9-47a4-8cc4-995535d9b87f,9e1f8095-8e1c-45e5-95bf-cc2fa1c68f3f,7934180.436132771,7934181.367866585,7934187.060167369,4675,200,0.9317338140681386,5.692300784401596,192
939c82e0-dafe-42cc-b957-994dd5c615e9,db77c097-065d-4605-a081-54873f86805c,7934179.436842453,7934180.360170069,7934187.251508276,5890,200,0.9233276164159179,6.8913382068276405,176
18d0eabe-9045-4673-9f70-f21fe1c39cd3,d5ad65c6-0df2-4a3a-86b9-c36c3ec13993,7934180.43614624,7934180.980462691,7934187.396663295,5810,200,0.5443164510652423,6.41620060428977,192
de3e00d9-ab3f-4083-9fff-70c6b1b3d018,f88bb08c-4a52-4a43-a69a-b3b68f451538,7934180.436151927,7934181.028156154,7934187.9976191865,6228,200,0.5920042265206575,6.969463032670319,224
e38c9dd4-f60d-4015-ac4b-50c8927e4cce,ffc55810-9dd4-4d11-9c4b-7896cc97951e,7934179.436835949,7934180.095906081,7934188.002483399,5876,200,0.6590701313689351,7.9065773179754615,160
d9276c03-2ca9-424e-9d60-d639fabc34e0,2f38c29f-bc9e-4bc5-99c1-7fd57e50a30c,7934180.436155687,7934181.05725388,7934188.173427304,2269,200,0.6210981933400035,7.1161734238266945,160
3178be94-144c-40c1-99f0-4bd95d9702aa,bf2c9de6-a904-45db-bddb-fbd2e015a190,7934180.436158918,7934181.464144112,7934188.310737013,1461,200,1.0279851937666535,6.846592901274562,192
498be9ed-d94c-48cb-b228-f043bab3d769,764b887c-0f76-4dbe-8fcb-1a144f07cbcd,7934180.436143144,7934181.02381476,7934188.395877157,1553,200,0.587671616114676,7.372062397189438,176
19863ba6-251e-4fb7-aecc-ebe055c8c466,383fe816-1603-4be4-bd50-ca1ab0a1996d,7934181.437744397,7934181.691704265,7934188.412191716,2514,200,0.25395986810326576,6.720487451180816,288
b1bb69c5-92cd-494a-9410-04c9a5b29b43,8cc546da-7a0a-4edb-b598-3a4017c94f34,7934179.436826005,7934180.373792526,7934188.432694103,5983,200,0.9369665216654539,8.058901576325297,176
a32ddee6-1118-4e87-a2ac-c4e49f29360c,451a9b19-a212-4faa-a8f6-2dba2b487636,7934181.43773705,7934182.150751367,7934188.930411634,5740,200,0.713014317676425,6.779660266824067,224
d0a37b92-dbed-4be2-bc24-c1203a0207c2,1152561f-8ae3-4e14-9371-b4b07fd47f9c,7934181.437740978,7934181.983932054,7934189.081054875,1221,200,0.5461910758167505,7.09712282102555,224
765a305a-4b2b-4975-bfc3-116087078c75,965290f7-a7b8-4bd2-bc07-c9e4b41a7dd3,7934182.436826755,7934182.924832919,7934189.255642538,5846,200,0.4880061633884907,6.330809619277716,176
a05306dd-901e-4cee-a6cc-9351678a82eb,0038992e-64f0-433e-82d3-367cf8fa2c76,7934183.43673851,7934183.851093535,7934189.98352727,3939,200,0.414355025626719,6.132433734834194,160
77d0704c-fc97-433c-b961-f3ab0e3822bd,935ddb47-1f66-4b5d-b9a2-4c4215e44222,7934179.43683942,7934180.431512116,7934190.067111643,5860,200,0.9946726961061358,9.635599526576698,160
8920b704-b878-419f-9520-309ad41a7fd4,641a35e5-6f76-4ab0-9200-900f50fee312,7934180.43614896,7934180.938635397,7934190.162457679,2586,200,0.5024864366278052,9.223822282627225,176
aa73ba98-ee8b-497e-8fc2-c09ace16cee3,661d3f63-5e60-4b42-b305-fdfdcbc3733f,7934183.436726436,7934183.5508606,7934190.453861299,504,200,0.11413416359573603,6.903000699356198,192
33f937b6-3b46-491a-ab28-cdfdd7fa8fc6,a6efb579-aa74-470f-aba5-7b8844de154c,7934182.436837487,7934182.851529148,7934191.000261793,4618,200,0.4146916614845395,8.148732644505799,176
feeee0f3-23d3-4cd3-8753-2a4e4e2497cd,95a97b7f-b9b9-4ff5-b501-08226dc92408,7934181.43772576,7934182.053867119,7934191.220199547,5701,200,0.616141359321773,9.166332427412271,160
d5c8e8ae-79d1-4887-a548-315796465ccc,a1cef276-6150-4849-a49f-d5521b1ab18e,7934183.436734678,7934183.721910451,7934191.307712718,1761,200,0.2851757723838091,7.585802267305553,16
b4b92f5c-f38e-435a-b33a-27d5b9797c85,d4238793-b034-4004-8635-9639e6bd91f6,7934183.436730768,7934184.116874043,7934191.311575166,5931,200,0.6801432752981782,7.194701123051345,160
77d18445-32a7-4951-b8db-f24b4d0fdcbe,e088525b-8b4c-427f-8e0c-45636e723004,7934181.43774795,7934182.086983779,7934191.740589691,5256,200,0.6492358297109604,9.653605911880732,224
ea18f157-6f16-4ed8-bedd-2e398711a7b4,f18570f2-d4a3-4893-9ffb-be09b490d0dd,7934183.436720436,7934183.991484536,7934192.15141967,5197,200,0.554764099419117,8.159935134463012,224
c11658c0-1127-406f-b77f-16ae2d667b44,614e6400-b3e8-4e96-b9c3-056d4cf0c685,7934183.43671659,7934183.633669167,7934192.26767953,1980,200,0.19695257674902678,8.63401036337018,160
77c7faef-7e41-4165-b162-d82d94131b49,11a2967c-8c37-4e82-b852-df78459a03a9,7934184.436694428,7934184.83910509,7934192.300380827,266,200,0.4024106618016958,7.461275736801326,208
d5b926f7-eb1a-40f1-a715-681140d1be23,06312fd4-a78a-42c6-96c4-a5088cfcc81e,7934184.436697678,7934184.97281828,7934192.388729741,2947,200,0.5361206019297242,7.415911461226642,160
5f83bf9d-38e7-4284-9f21-a83acd56626a,77e7c157-4bdc-42fb-8f26-344afffd4b77,7934182.436840597,7934182.935018547,7934192.919123488,5887,200,0.49817795027047396,9.984104940667748,176
1979b81f-a3af-448a-a68a-9a0e31b150b6,904fe956-8d0d-467a-b6bb-0633305ea8f5,7934184.436690937,7934185.018582905,7934193.122601205,5867,200,0.5818919679149985,8.10401829984039,224
49d3e724-2b7b-4537-b9f2-49cff04b06f5,dede0210-5552-4607-8159-2fd26af2324f,7934184.436682437,7934185.000611087,7934193.37123727,1251,200,0.5639286506921053,8.370626182295382,176
bc4e9fe5-8b35-4adc-b5c1-37837ae45bbf,2b8e65d1-d959-42ef-85da-c23c233207a9,7934183.436723617,7934183.888302005,7934193.688009258,3578,200,0.4515783879905939,9.799707253463566,288
6239a1e1-5b74-4df9-97d6-e09bae3fbfda,7fca321f-d32e-47b6-bc07-6471abedc94d,7934186.436768532,7934187.009186627,7934193.734982839,5994,200,0.5724180955439806,6.725796211510897,160
39b4c4b6-6f9a-4393-902e-c3036079cffc,f76488c6-8ad5-4bcf-b4de-98e28d0c5d12,7934185.437610617,7934185.542097174,7934193.848276957,970,200,0.10448655672371387,8.306179783307016,192
e056ada0-c58d-499a-a7b6-46f2a8ea3ae0,644cffe6-f7e2-45fc-8b1e-a5ae777f772e,7934183.436706532,7934183.928432608,7934194.01760862,5883,200,0.49172607623040676,10.089176012203097,176
e78760bd-baef-4389-b2dd-596af2e45ef1,f16bdfcd-0419-4038-bc3c-4a3e2f4c0f7a,7934186.436765644,7934186.960306418,7934194.975860704,5881,200,0.5235407743602991,8.015554285608232,160
e6076c8d-6f53-4ca1-91da-394087a9e895,361d1536-ceec-424e-9ffd-3c7b29a993b3,7934187.436708347,7934188.1821611095,7934194.979329307,5841,200,0.745452762581408,6.797168197110295,160
8078bb1f-51bb-4b8a-b2a1-797d29de81ef,06fc1b29-ed92-49b8-98c8-5792e32d0ecd,7934186.436774605,7934187.076245366,7934195.243822109,3981,200,0.6394707607105374,8.167576743289828,176
6d0f7c9b-7830-4e85-a628-4097ff557f69,11b7d389-ed5e-43d8-b78f-6154624895fe,7934186.436762324,7934187.039827094,7934195.4259439,5865,200,0.6030647708103061,8.386116805486381,224
ad8588d1-0dbf-47a1-87c5-706b9fcba7fc,0a12384f-0fb8-4809-b8db-e918b89100c7,7934187.436713704,7934187.779312317,7934195.549594708,2136,200,0.3425986133515835,7.770282390527427,176
077309eb-a70d-4bfe-b0a6-665da8ddaeff,d3d0040a-4b55-4d35-b6ff-f594d1873706,7934186.436770882,7934187.233522938,7934195.894389445,5921,200,0.7967520551756024,8.660866507329047,176
a83f51b8-a65b-4880-9958-71761ba3425b,c6242738-47cf-4f43-bba0-5fb66070156d,7934187.436692873,7934187.774247289,7934196.1493374165,3324,200,0.33755441568791866,8.375090127810836,192
dff1d922-7587-414d-8f8c-991cd3156b53,410e174c-4bcc-4323-abfb-461a0b1dfecd,7934188.436525801,7934189.3597852215,7934196.466668004,5882,200,0.9232594203203917,7.106882782652974,160
245f5d92-8bff-4cc1-8ffa-f787b008a83d,f2c4e007-8b4c-48ab-a695-68d6e4624a56,7934187.436705055,7934188.083448762,7934196.497434046,5942,200,0.6467437073588371,8.413985284045339,160
4c5e7cf8-9a08-4891-aa07-1e4763f74584,8b412ed6-84aa-4ec2-9281-40208ff1b4a4,7934187.436711082,7934187.927056887,7934196.644412243,388,200,0.490345804952085,8.717355355620384,224
e7853101-e751-43d8-897f-fa8975b2a690,9bb66c7b-e720-4c31-baca-a2f43672e95a,7934187.436716741,7934187.897226735,7934197.362097992,1173,200,0.4605099940672517,9.464871256612241,160
a39ec534-da87-4e92-b695-64cabb4419a0,156e4c45-4731-41f8-af7a-2245be51116a,7934186.436752865,7934187.326088248,7934198.307307866,5913,200,0.8893353827297688,10.981219618581235,176
f6a10954-1e17-437a-9980-57a211ad6bc3,0e5901a7-c94f-45c6-bcbc-a7ef22f161d4,7934188.436513778,7934189.045626987,7934198.309058581,1876,200,0.6091132089495659,9.26343159377575,176
7585257f-319b-43d6-ad21-d30835b40e64,09103c37-f3ad-4892-b37f-4d805e0747ba,7934188.436520025,7934188.970857051,7934198.348527736,4402,200,0.5343370260670781,9.377670684829354,224
887667ee-a15d-4a61-9143-46296ced5db4,e9bc7a92-eadd-413c-b3b9-622476997ae1,7934188.436523143,7934188.920758206,7934198.350561597,2493,200,0.4842350631952286,9.429803390987217,160
f7b74fc3-2364-4128-a010-4074545bca73,2a6b418f-fb9e-4337-90a6-71ef5a5391d6,7934187.436701738,7934187.642976076,7934198.961220491,358,200,0.2062743380665779,11.318244414404035,160
cd5dfd3e-f53d-4ada-a023-be5cc550e524,afbaa7d4-dd8a-4673-887a-531114e49c64,7934189.436745807,7934190.035166621,7934199.187384457,5936,200,0.5984208146110177,9.152217836119235,160
54c5294d-5306-44cb-a12c-f5d2473d6aad,e8aec464-55fe-4709-9173-dbeae0bf8f34,7934189.436760484,7934190.095716136,7934199.269373144,2533,200,0.6589556513354182,9.173657008446753,192
c9cba876-e8e3-409b-8529-992f44cc0026,62ba3324-375e-4ba6-aa6c-7f54c2faf14e,7934189.436758208,7934190.113656279,7934199.342575519,2983,200,0.6768980706110597,9.228919240646064,192
2e437528-6f36-4fc9-8843-8623f636f106,f5bd21a6-1445-498e-ad35-72eda8ae150d,7934189.436754769,7934190.277193745,7934199.952978678,5239,200,0.8404389759525657,9.675784933380783,176
40fd1d90-0cd6-4aae-9541-096248e4f1bb,87790c2b-aa62-4df2-9e78-4b07d45b22cf,7934189.436766676,7934190.358445439,7934200.150198876,5860,200,0.9216787628829479,9.791753437370062,224
04fd1877-c5d1-47ef-81b0-89ba77406bef,204a7825-84c9-483e-9666-88e9fb77f477,7934190.437039374,7934190.955912294,7934200.204827304,817,200,0.5188729194924235,9.248915010131896,176
87e707c8-c9a1-4a70-9a3e-0597f9fb0f51,aa76f5a5-1391-4a23-990b-4742ae99e457,7934191.436799747,7934192.371167859,7934200.439752759,5893,200,0.9343681121245027,8.068584900349379,176
40554e69-f10e-4f2f-89bc-38c2869c6a8e,78cfc202-0dc9-415b-a206-33528596d7a6,7934191.436797326,7934192.361467663,7934200.918721682,6020,200,0.9246703367680311,8.557254019193351,192
eac6a096-5441-43e1-be28-0cc10e1afe64,39bc6c25-b2be-478d-9919-83b0de268d70,7934189.436763462,7934190.718875304,7934201.029673572,5792,200,1.2821118421852589,10.310798267833889,160
d5423fe7-0030-4292-94fc-790a063d75e8,10bae5ed-9bb5-428f-8878-b428defcbc4a,7934190.437053744,7934191.198383749,7934201.124003252,5953,200,0.7613300057128072,9.925619502551854,224
e7fbcd85-dd9a-4b6f-b026-b0e28fdc694f,9275074f-0819-42b2-9e68-2fb2aa8483cd,7934190.437049995,7934191.198661703,7934201.164210426,2810,200,0.761611707508564,9.965548723004758,176
0513b14a-f1f8-41e2-a5a6-d873c5403219,18e1515f-5651-447b-acf1-6c7ef9a74d7a,7934192.436578787,7934192.687515739,7934201.263321447,1189,200,0.25093695241957903,8.575805707834661,160
7fb70e37-893c-47d0-9cd9-6a0afea8852d,69c65194-d8b7-413c-af90-cf5d54b7fb38,7934191.436802264,7934192.212630997,7934201.5495449,5923,200,0.7758287331089377,9.336913902312517,192
c2f31225-09a8-4504-92c1-7813e8ce1180,f981a306-8b21-4254-95fa-d0ce56582057,7934191.436794447,7934192.534665553,7934201.740624024,4660,200,1.0978711061179638,9.205958470702171,176
69dc3438-d8fa-424c-b4d5-8b59de32052a,93c4c0a0-35e8-4dae-9794-e96bff496a85,7934192.436602665,7934192.934286005,7934201.76340499,1531,200,0.49768333975225687,8.829118984751403,1472
4e0fa38f-6df3-4301-ab07-e57830fa0b1b,a52c7e36-dca1-4901-9673-56c0a94f5015,7934191.436791598,7934192.20703906,7934201.792134498,3377,200,0.7702474622055888,9.585095438174903,192
6e49206d-0e55-4086-8aa5-a5ba1e5f8308,548fd163-71d0-4642-9386-c5a09a047dbd,7934192.436599756,7934192.891105123,7934201.83756423,4958,200,0.45450536720454693,8.946459107100964,224
a949a145-6273-4ee3-acf4-07837e1c9c0a,73fa2a69-5751-40b7-88fd-2f38288e2042,7934191.436783164,7934191.797992383,7934201.959024777,961,200,0.36120921932160854,10.161032393574715,192
b095892a-b5f7-4036-9380-84639b51aa61,8e09d1f4-c05c-494c-9041-54ba584198ed,7934192.436592332,7934193.389298476,7934202.129734541,5985,200,0.9527061441913247,8.740436065010726,224
1257caea-1984-436d-a218-12cb2019ec1d,4de1cfe3-bafc-4c88-b75f-5e9daea7a2a2,7934194.436377603,7934194.757150065,7934202.291150088,2031,200,0.32077246252447367,7.534000023268163,176
83a1f628-4c53-42c4-bf40-e0c8b8d77c6c,1b4c1624-eb1c-42ee-a57d-25e7831e5794,7934193.436549201,7934193.826620159,7934202.311557328,1013,200,0.3900709580630064,8.484937169589102,224
5e3d4602-1118-42df-bb65-af5ef1dfe693,a284dc61-34eb-45cc-857a-6a8eab8536a1,7934192.436588574,7934192.903580956,7934202.8524554055,4311,200,0.4669923819601536,9.94887444935739,224
8a137371-10c8-4e8c-818e-1a441d2cb91a,5cb9d20f-89b5-43e8-8e0e-afedfcf0361d,7934192.436595569,7934193.083775452,7934203.1975407805,2575,200,0.6471798829734325,10.11376532819122,192
2662c5af-5402-4dd4-ac1f-93835cc4fb79,383fe816-1603-4be4-bd50-ca1ab0a1996d,7934194.436374364,7934194.9575453615,7934203.220578433,2514,200,0.5211709970608354,8.263033071532845,288
d12b7a40-4e1c-4b41-95e6-19e2adad875a,45279b00-df84-4e7b-813d-b5d302dc8c84,7934194.43638064,7934194.665840254,7934203.401557926,819,200,0.22945961449295282,8.73571767192334,160
90deb65a-9148-4a7d-b31a-a8ab3ec05327,64563322-ed3c-49a7-8722-1b80cee44900,7934193.436558505,7934194.0701471465,7934203.917134279,2168,200,0.6335886418819427,9.846987132914364,160
97e20b19-5c44-49cd-b256-a7386230b1f6,60d24e28-c417-4922-8b19-082e330e8183,7934195.436243714,7934195.784275792,7934204.099134915,564,200,0.3480320777744055,8.31485912296921,176
4e37e720-5c6a-4236-a7f1-dc3f635a091f,efe7c577-0e24-46ab-92a1-13fce9231da5,7934194.436365366,7934195.206783516,7934204.214657932,5786,200,0.7704181503504515,9.007874415256083,160
f4fa0a04-4268-432f-b2e7-6c3b40517d79,12f27011-1d1f-4e75-a7d0-158faedac5c8,7934196.436454675,7934197.271346965,7934204.870428358,4019,200,0.8348922897130251,7.599081393331289,192
3aa7084a-1cda-4aa2-99cb-75089fb42eaa,68dc3514-25ae-4501-8edd-3cc454af6fae,7934198.436159973,7934198.794412608,7934205.344118158,1611,200,0.35825263522565365,6.549705550074577,176
14f5861c-c4ae-4875-821b-95c561866085,a1cef276-6150-4849-a49f-d5521b1ab18e,7934195.436246472,7934196.127862078,7934205.904076572,1755,200,0.6916156057268381,9.776214493438601,288
bdb145d1-0407-4352-ae19-0e718a0c8728,b3f1f0dd-eba4-4b6a-9258-7a503a88b12a,7934195.436235988,7934196.038326752,7934206.177289191,5406,200,0.6020907647907734,10.138962438330054,160
fd5927c1-e955-49b3-b7c0-166a46297a2b,23e2deaf-5aec-4dee-805d-ab1d76d05bf4,7934195.436248839,7934196.0393741615,7934206.199653475,2350,200,0.6031253226101398,10.160279313102365,160
3887b28e-bfe1-401e-b90c-cb89f7d89717,3153217e-eb23-4a22-9578-9fc2be8dea7d,7934196.436475899,7934198.145213871,7934207.221410146,5500,200,1.7087379721924663,9.076196274720132,176
196d450c-7925-4197-970f-cbfc1ccadb0c,7f600648-e3b8-4d8f-965e-8a52d4e10df9,7934197.436696887,7934198.629466459,7934207.248672204,5790,200,1.1927695721387863,8.619205744937062,224
b47faeba-9434-4544-af01-557384fbd132,25518b2c-685c-4ddb-970f-4927e0b58092,7934198.436163283,7934199.159043948,7934207.272883095,1814,200,0.7228806652128696,8.11383914668113,160
4656207a-f341-4c94-89c6-f0c5c4069948,d2f98f69-9db6-4ca6-ab3f-4fee73d2fcbb,7934196.436481557,7934197.10771374,7934207.370227955,2798,200,0.6712321834638715,10.26251421496272,176
59a86b90-48d3-4d56-ad2f-166f79f1177e,0a73b161-d82b-4323-916b-33e2b59d35e0,7934197.436712149,7934198.512818385,7934207.402145945,1557,200,1.0761062363162637,8.889327559620142,160
9fb5ef3f-398c-4f30-8669-ad35ef5368c2,c6adb431-97d2-40fd-82e1-9e46fa15e62b,7934199.436322116,7934200.141654659,7934208.0734754335,5893,200,0.7053325427696109,7.931820774450898,192
b1a6a559-f44e-41db-8016-6f473028222d,e8f6df88-143b-40ff-bdb8-5b4fe35021da,7934197.436709638,7934197.770664946,7934208.245548033,1854,200,0.33395530842244625,10.47488308697939,288
0ea85c03-1f3b-42d6-8f52-c6ac16d55a5f,a48a78e1-9592-4620-8de8-227c1d576960,7934199.436308668,7934200.345878983,7934208.330269299,5806,200,0.9095703149214387,7.984390316531062,224
bb581173-3c23-45dd-89c2-e9992da495bc,11a2967c-8c37-4e82-b852-df78459a03a9,7934200.436227741,7934200.570590464,7934208.466429291,330,200,0.13436272367835045,7.89583882689476,160
35c5bc62-d392-420c-8f98-7d02336ac9b8,9b10e490-0b7e-4062-93f5-763ca32328dc,7934196.436479108,7934197.198945525,7934209.047164481,2220,200,0.7624664166942239,11.848218956030905,176
e316fb1a-d175-4096-a832-ec7f1c12ad97,deefa634-0664-4fee-b571-ee928bcdcb5d,7934199.436318231,7934200.1525807,7934209.310401748,3008,200,0.7162624690681696,9.157821048051119,176
bdfda5d1-61dc-45d6-8fe5-7b276e5f2820,1cf6a300-5f01-432b-9b53-4799d42d0d63,7934197.436706205,7934197.987708199,7934209.399562777,1123,200,0.5510019939392805,11.411854578182101,176
f325aa6c-e2a2-4b70-9105-207fd84d0c53,4d0480bc-9006-4e5d-a89b-bc428648e570,7934200.436218261,7934201.035330233,7934209.685800728,2153,200,0.5991119723767042,8.650470495223999,192
5002a36a-c396-4a3b-93f0-c68ec5b280e0,d34c67c0-ca74-4c70-a28c-f7680bf83cf8,7934199.436312295,7934200.561341833,7934209.714951601,5815,200,1.125029538758099,9.15360976755619,176
4740a642-18a9-4bfa-894c-a083e52c12bb,37528ce1-23e1-4dd6-8248-cc8e876b9973,7934200.436205638,7934200.806821091,7934209.741367642,2166,200,0.37061545345932245,8.934546550735831,160
b5c37ae9-c25b-4a7a-8cf0-aeed52686025,bee5e930-99b4-4b1a-8085-5d0945f9389e,7934199.436299457,7934200.807375132,7934209.741859015,3670,200,1.3710756748914719,8.934483882971108,192
cb01d1fe-712c-4df9-94c8-a0242242f831,abf7562e-34ae-4c0d-9940-697f33aab22b,7934198.43615125,7934199.327573226,7934209.909621626,5856,200,0.8914219755679369,10.582048400305212,192
7cc9199b-0184-4bc7-a388-e01d64aba720,2b10aab9-b462-4f69-aa9f-d5e523afdc9a,7934199.436328341,7934200.0295628775,7934210.041498598,5877,200,0.5932345362380147,10.011935720220208,224
013788a1-9aba-4d6e-900c-f1bd207944d8,ddab7268-983e-4382-b5cd-d0c1c556d1d2,7934199.436325427,7934200.053487041,7934210.1430324735,1922,200,0.6171616138890386,10.08954543247819,176
ca91fec3-982a-4457-ace5-3e91fa8ea2e2,7f6b3d68-32fd-4d79-8750-b01e8964419a,7934199.436331867,7934200.474471722,7934210.240454783,3684,200,1.0381398545578122,9.76598306093365,288
e9c4490e-2dc4-4cbd-9476-1fdf82c53969,c1017aac-714c-4899-a365-4481a7efceb5,7934199.436315356,7934200.478631496,7934210.24503204,4119,200,1.0423161406069994,9.76640054397285,176
d75c2184-63c0-43ef-9965-69af7ac2b9a8,0a12384f-0fb8-4809-b8db-e918b89100c7,7934201.436113137,7934201.793096631,7934210.368068521,2303,200,0.3569834940135479,8.574971890076995,176
3b7a846e-b2c2-4b9e-a90f-e55d73eed98d,e1ffbb6b-111e-4e1e-8b10-9c71bc28b303,7934200.436221777,7934200.762655982,7934210.468122564,3444,200,0.32643420435488224,9.70546658243984,176
345370f8-9802-473d-9f2c-12c29f626247,f2e623bf-4085-4da8-a0e0-3eb712c8e231,7934200.436225105,7934201.300903966,7934210.764138914,5854,200,0.8646788606420159,9.463234947994351,176
65beb941-1713-464c-abaf-f012071a899f,2a6eb3ba-e100-4c92-a9e9-1e45cee4c4c3,7934201.436103293,7934201.959256111,7934210.861598084,2402,200,0.5231528179720044,8.902341973036528,288
650a2b01-7e38-498d-8f3e-fb438deabfa0,39e6e02c-0a49-44e4-86c7-71fea0ddc507,7934198.436166451,7934199.132183954,7934210.991735701,3145,200,0.6960175028070807,11.859551747329533,192
b77d0949-4500-4582-8698-d0d2974a5a7f,da54d551-745f-4af5-a083-f1b462d8b4b3,7934199.436335155,7934199.891274991,7934211.437457226,2470,200,0.45493983663618565,11.54618223477155,224
2f9990a3-9ece-4ed5-bcdf-9f4e71e5269f,83faef8c-de76-4007-b119-002a4c228c5e,7934202.436901023,7934203.082375728,7934211.891299323,3318,200,0.645474704913795,8.808923595584929,192
b08ac010-f475-4857-96a4-51ee62432df4,2b8e65d1-d959-42ef-85da-c23c233207a9,7934203.436713313,7934204.038108672,7934211.913170457,3608,200,0.6013953592628241,7.875061784870923,16
a49e1fbc-05f9-489a-ba84-56b12041e99b,d9617223-3bfc-4530-a2a7-84b7fcc611f3,7934203.436696563,7934204.131707267,7934213.362957514,1668,200,0.6950107039883733,9.231250246986747,256
1905bce7-9093-463d-b323-d69d681bcc12,096de4a6-59ff-48ea-a5bc-74fe92e53140,7934203.436710543,7934204.071413621,7934213.478548387,1796,200,0.6347030783072114,9.40713476575911,192
5d5b40e5-a58d-419a-9a67-be1d4bc00d87,97ad3f12-85c7-44bc-b969-699e6ef5da09,7934206.436223076,7934207.202115884,7934213.904299979,3891,200,0.7658928083255887,6.702184095047414,160
63e23c94-f523-48a7-98db-520cab1a5e4f,95a97b7f-b9b9-4ff5-b501-08226dc92408,7934203.436708009,7934204.365494024,7934213.915729413,5783,200,0.92878601513803,9.550235388800502,160
77041405-db26-48d2-8186-12097cdfcf38,c357b8bf-f678-4933-aee9-8582856de38b,7934204.437590163,7934205.490928066,7934214.087137808,6682,200,1.0533379027619958,8.596209742128849,160
9a9f0337-5b74-493b-9f47-f7f9bd358f62,19e18a1d-1ced-4ae8-b1a4-829b17887035,7934205.436852664,7934206.007268235,7934214.151296635,5819,200,0.5704155713319778,8.144028400070965,176
728a564d-94ea-4a91-b40d-05d27c388379,da3224f5-6f28-408f-b4b6-ddd0c4795c70,7934205.436830751,7934206.034525471,7934214.320666366,5778,200,0.5976947201415896,8.286140895448625,176
301f5cc7-1cc9-41e1-91f1-4fc59387d80c,2c929018-1efb-4278-a9f8-81ffee848167,7934205.436846632,7934206.387083807,7934214.370986479,4596,200,0.950237175449729,7.983902672305703,176
81003556-e54e-40fa-a1fe-d6fa0fcc16e4,902824bd-1c89-4c85-b338-15e12ec85308,7934205.436840254,7934206.012705743,7934214.453020684,5856,200,0.5758654894307256,8.440314941108227,160
02a81940-2a4a-43dd-b86a-83b09b6738b7,a720e724-daa2-4c66-a117-9d12dcfd9736,7934206.436216103,7934206.875880701,7934214.522589927,3005,200,0.4396645976230502,7.646709226071835,160
fe28c820-f76f-4d95-97b8-9fb618f86b06,03c8099b-ba1e-4020-a5bd-a611370f36cf,7934206.436205513,7934207.286718226,7934215.253635169,5729,200,0.8505127131938934,7.966916942968965,192
0c73251d-fbf5-4e92-8621-7d53f7f15570,20c8e018-9f79-48b0-aad8-4763f7885b6e,7934205.4368495,7934206.564756363,7934215.337524588,5888,200,1.1279068626463413,8.77276822552085,224
9fac0a4e-7205-4eb1-a5b7-6296ab3beb1c,76aca489-b544-4106-8503-feefab69b8ce,7934206.436209614,7934207.277604546,7934215.383807166,3912,200,0.8413949320092797,8.106202619150281,192
b81cbf8b-cca6-4c74-9332-83d76064a4bd,a95d4290-526f-498c-bb05-5a23a8195ec0,7934207.43654104,7934207.896144872,7934215.457319679,2718,200,0.45960383117198944,7.561174807138741,160
f0a439a3-6b78-4ddb-b6fc-40d2ea62fc1d,644cffe6-f7e2-45fc-8b1e-a5ae777f772e,7934203.436704953,7934204.042359296,7934215.488289503,5868,200,0.6056543430313468,11.445930207148194,176
bf4585dc-a8aa-4305-ab00-ee09d9983352,d11f81f3-6a44-4460-95ba-f10e37531043,7934207.436544196,7934208.135961626,7934216.082047994,3258,200,0.6994174299761653,7.946086368523538,176
79046731-a24b-4ea7-b0bb-4e5a58b5cbe2,21382f9b-ea93-4dd9-a4d5-96385aa18b12,7934209.436305682,7934209.675563285,7934216.1632011365,733,200,0.2392576029524207,6.487637851387262,192
5f6cef3a-7d59-4654-8b19-6045ea06ecf0,de310453-2360-466e-a6d3-3ca31cdb0cdb,7934207.436547148,7934207.95736575,7934216.445791397,4798,200,0.5208186022937298,8.488425646908581,192
320d3cf9-d2e7-44de-b586-9e49af77c482,96e352eb-b046-4e48-a206-53a1eee8c0ed,7934208.437478884,7934209.054023897,7934216.463173177,1779,200,0.6165450131520629,7.409149279817939,176
19aa6ed5-b976-4f16-b33b-84a5b06e4239,ec8a2cd6-5952-45c9-940a-d0161c338fd4,7934206.436228929,7934207.315755603,7934216.512520521,5828,200,0.8795266738161445,9.19676491804421,160
2af71b9e-1b48-46cd-97c9-5c03c8466823,4b849273-34b2-41a7-a754-161f75c4d8a1,7934206.436220134,7934207.0772699,7934217.744074469,1413,200,0.6410497659817338,10.666804569773376,224
f58bdc44-a764-41b3-826b-b1d554bf11a8,17b2c601-5562-408c-b74f-9b2ed70a4c89,7934204.437580275,7934205.449756579,7934217.901685319,6482,200,1.0121763031929731,12.451928740367293,192
95802168-edc9-46f1-a4f0-962fdf272a82,12cd0593-3b00-4e01-8af8-5885c65b23b2,7934205.436843939,7934205.905044739,7934217.9826236535,3217,200,0.4682008000090718,12.077578914351761,160
82ab6842-bc5d-4ed6-aeb5-e62db86dcd28,4b292fad-a776-4332-bc3d-941725a4782d,7934209.436298577,7934209.937609167,7934218.443169231,5876,200,0.501310589723289,8.505560063757002,176
83e5a2e9-f13f-4a07-b828-92bdd9e42581,e02870fa-87af-4cfe-91a6-a31a47709f44,7934203.436716101,7934204.501251192,7934218.551566684,5870,200,1.064535090699792,14.050315491855145,192
2ee3fd4d-8ee5-4b69-becb-f1ecb04c5057,c9ec15ee-a488-4ea7-8fbf-abe88bc3f054,7934209.43628771,7934209.840512229,7934218.61296779,3681,200,0.404224518686533,8.772455560974777,192
8a1b170e-ce90-446b-ae0c-3f54d42bdb56,d4238793-b034-4004-8635-9639e6bd91f6,7934206.43619447,7934207.481766568,7934219.377243053,5931,200,1.0455720974132419,11.895476485602558,160
15cda358-9d40-4ef0-90e4-0558f76e9809,5e5a3766-9cfb-4baf-a1b7-875a90db3d82,7934206.436212827,7934207.781087522,7934219.401571444,5908,200,1.344874694943428,11.620483921840787,176
d1e80192-c74e-4ead-abfb-5b136b20893d,583eb43e-4777-43dd-b3ac-37d66ab778b1,7934207.436531735,7934208.201990109,7934219.443153954,5798,200,0.7654583742842078,11.241163845174015,192
37da29b3-e595-4875-8085-07328d62b195,e839419a-835c-4bf1-af83-436ccab8d728,7934211.436242377,7934211.794763418,7934220.43963129,2677,200,0.3585210405290127,8.644867871887982,176
8a940647-82af-4863-bfe3-7346b78f2272,6a71b1b0-2834-4bc1-adb7-e8b35edf44b6,7934205.436855503,7934206.339039853,7934221.269967732,2441,200,0.9021843494847417,14.930927879177034,192
c27d6a3f-35df-4d0d-b8e9-f4c96f7c0ce8,b294c638-1caa-4f73-aea8-c2de71511a8d,7934210.436810312,7934211.364563919,7934221.873772464,5799,200,0.9277536068111658,10.509208545088768,224
3baa74fd-9557-496e-8b97-8b630c693cf9,21eb9a24-054f-432f-8588-055c3f877391,7934206.43622606,7934207.459478705,7934221.949553641,5906,200,1.0232526455074549,14.490074935369194,160
e1336bb2-e966-45ea-8213-68954f91f296,f76488c6-8ad5-4bcf-b4de-98e28d0c5d12,7934211.436245826,7934211.836013688,7934222.0540028475,970,200,0.3997678617015481,10.217989159747958,192
a752e88b-e13a-4a54-b7c9-e6d20f159794,0fb71a12-500a-4889-9f08-48dec91095e3,7934207.436549652,7934208.379000559,7934222.072966972,5885,200,0.9424509070813656,13.69396641291678,224
1bacf4ed-934c-43d3-b134-c852d06590df,4fad2225-b301-4c70-b28d-06d4f1a0a87f,7934211.436252177,7934212.460490691,7934223.24106757,1672,200,1.0242385137826204,10.780576879158616,176
b6ffde6f-070b-4df0-9fac-e8f980a738f1,92a7f10e-4538-40db-8647-82796b2a10aa,7934210.436819433,7934211.34561291,7934223.306883298,5792,200,0.9087934764102101,11.96127038821578,160
6356b0b8-3466-449f-84b4-00f03d1afe61,b6b50fed-883a-44d8-a0d2-154444ac9b9d,7934211.436228975,7934212.351388069,7934223.411768843,5919,200,0.9151590941473842,11.06038077455014,176
2f302319-9ad1-4c70-bd6b-bd991b2f88db,9eeda092-546d-42e1-bbec-a34b1a994009,7934209.436302536,7934210.110503441,7934223.492190759,2435,200,0.6742009045556188,13.381687317974865,176
023f4fc0-52b3-480e-ab6b-783ac5e3f41e,937c7008-06a1-4543-8676-6f44a8fe2de3,7934211.436248873,7934212.401548273,7934223.963520439,4966,200,0.9652993995696306,11.561972166411579,160
9490ee87-059b-422c-a985-3fed4946d914,e088525b-8b4c-427f-8e0c-45636e723004,7934212.436471947,7934213.094170137,7934223.9931576885,5267,200,0.6576981907710433,10.898987551219761,224
1e6aae0e-ab44-4e43-89ec-6ea3b77b13d4,9a4a8c90-314b-48ec-b045-c31653141afb,7934214.437570894,7934214.959712842,7934224.907438519,1984,200,0.5221419474110007,9.947725677862763,176
ef0a3a07-f087-4214-91bf-07a95816434b,7f81c22f-585b-43ce-a4c2-95ec78954dfb,7934215.43667905,7934215.988566398,7934225.079266126,1640,200,0.5518873473629355,9.090699728578329,224
84c338b1-1354-47f0-bdfb-a027fd09d18a,07b79031-0347-442e-a431-2cc169be4fbc,7934215.436670545,7934215.91478522,7934225.127394892,2039,200,0.47811467573046684,9.212609671987593,192
3a7c773a-12ae-4858-9f93-c4fd552b9dbc,c107a611-f181-4fdb-8e0d-0d7c7758851f,7934211.436238903,7934212.374163244,7934225.199009603,5901,200,0.9379243412986398,12.824846358969808,192
49adbe78-166a-485d-88dd-aff102033d09,c0aa256f-23f1-483c-a314-1e45b1d0a471,7934214.437558003,7934215.230944785,7934225.737899558,2624,200,0.7933867825195193,10.506954772397876,16
e8c083bd-55c3-4ecd-a5a1-88e4f39c8925,78c7ebb0-2d9a-4cfc-adc9-dc9ee1c4eab2,7934215.436682769,7934216.058292124,7934225.789111703,5559,200,0.6216093553230166,9.730819578282535,288
818a41ac-d908-4fb4-b007-994b70bf72e9,c1017aac-714c-4899-a365-4481a7efceb5,7934216.43640307,7934217.492618931,7934225.889169216,4099,200,1.056215861812234,8.396550284698606,176
56a61db7-8474-440b-a052-b73de6769e6f,968ca5b8-1884-449f-930f-a9034955bfc8,7934217.437113248,7934218.049495935,7934225.909351296,2251,200,0.6123826876282692,7.859855360351503,288
2138c8c0-fd4d-499e-b06c-b343d016a05b,9f189d4e-98f8-462c-a6f4-9787eb21058a,7934214.437574012,7934216.167800951,7934226.132157892,5923,200,1.7302269386127591,9.96435694117099,160
7808cd23-033b-4e86-a311-f1e864e9fb81,0a12384f-0fb8-4809-b8db-e918b89100c7,7934215.436675889,7934216.215416805,7934226.220968889,2525,200,0.7787409154698253,10.005552084185183,176
915f5b64-e6ea-4493-bb6d-5143348e0901,6db5555c-9147-470f-bc60-d14016e9a811,7934216.436409897,7934217.585939919,7934226.274766874,4608,200,1.1495300214737654,8.68882695492357,176
f64d4f02-be14-44dc-8ef3-39b6f8bd8fb8,2d0b64cb-12fe-4c27-890b-a69e4e1a0aab,7934217.437108875,7934218.040479992,7934226.296939606,461,200,0.6033711163327098,8.256459614261985,176
4e859384-bb4c-46ad-a4d4-358fbcb564fc,c7d4bf82-b656-4649-9145-d43cfcc0709d,7934216.436386616,7934217.362696818,7934226.349628948,5832,200,0.9263102021068335,8.986932129599154,224
2c379683-5fa7-49e9-945c-8b493dd4eacd,522f3597-4ed8-4897-9cb3-a933f9bf024d,7934218.436694834,7934219.445799834,7934226.37701985,6246,200,1.0091049997135997,6.931220015510917,224
1502e598-ea68-4088-8f93-44701c095794,096de4a6-59ff-48ea-a5bc-74fe92e53140,7934217.437018321,7934218.042996848,7934226.641346705,1949,200,0.6059785271063447,8.598349857144058,192
683cc44f-987d-4c2d-a3c7-7e5ae8064976,576e478b-c34e-41ac-b6c5-ffe5ab41a267,7934216.436395138,7934217.569602889,7934226.658809619,5995,200,1.1332077514380217,9.089206730015576,192
f8fc9991-16b0-480c-bae5-92acea74823a,ecf1639d-7d01-4ec2-989b-319b083d49e3,7934213.436066134,7934214.395501397,7934226.687339156,6433,200,0.9594352627173066,12.291837759315968,192
6d02735e-313e-4284-9ea3-0ec1662f994d,8784904c-a70e-4603-b59c-29e3f8894e4f,7934215.436667099,7934216.31295262,7934226.726903462,5420,200,0.8762855213135481,10.413950841873884,1520
099a3dbe-d9a8-4896-85cc-754a0b5180a6,26246547-489c-4bf5-a461-7a53ca519d6a,7934214.437567015,7934214.895157341,7934226.82193778,1173,200,0.4575903257355094,11.92678043898195,160
f4f43f9c-7c00-41a5-86bc-b09a5816e443,4b849273-34b2-41a7-a754-161f75c4d8a1,7934216.436398185,7934217.468165622,7934226.927969237,1413,200,1.031767437234521,9.459803614765406,224
4e137eb5-2048-4f6e-a8f2-aff87438d970,3e480c2f-1023-4d91-88fa-a8b489c3d9c9,7934216.436406712,7934217.275741154,7934226.951756129,1121,200,0.8393344422802329,9.676014974713326,176
419314f0-0db7-4359-bbca-c6e407041126,e8f6df88-143b-40ff-bdb8-5b4fe35021da,7934217.43710403,7934217.691960568,7934226.971170479,1886,200,0.25485653802752495,9.279209911823273,16
3197bd8b-6a44-4b49-b243-ce35e7c6f513,a2176afe-f9ab-4a5f-83c6-b934cbaf705c,7934217.437095029,7934218.046253427,7934227.0965019455,1968,200,0.6091583976522088,9.050248518586159,192
31c29cbd-c348-45da-9c35-1b822e6d79cc,ce567047-2508-420e-b4ab-2aa108e28efd,7934218.436697821,7934218.976888675,7934227.138577525,517,200,0.5401908541098237,8.161688849329948,160
47753be4-e9d1-452b-a76e-0369439d1ba1,afa96050-26e9-458e-8e99-e58a051b36a6,7934220.436309175,7934221.098024469,7934227.161953306,2294,200,0.6617152942344546,6.06392883695662,192
aaa42821-17b2-4df9-9c97-6a1a4146b4ae,f3147b85-f01a-48c8-959d-fa64c1291b53,7934217.437062187,7934217.582688096,7934227.169076664,1239,200,0.14562590885907412,9.586388568393886,160
60d7ea3f-3da0-4abd-9e53-41bd937e7121,383fe816-1603-4be4-bd50-ca1ab0a1996d,7934219.43716674,7934219.881942968,7934227.261180716,2524,200,0.44477622769773006,7.379237747751176,288
fb9d7fae-6228-4d1f-952a-dd13c9a50292,3ae663a1-4eaa-473c-a8ca-e5ed2fd6bf81,7934214.437576647,7934216.199586415,7934227.27343681,5884,200,1.7620097678154707,11.073850395157933,176
1ff3e9cc-6362-4998-9efc-655a52370e78,5941b2d9-9a78-4657-b188-6c93d0e82645,7934215.436658113,7934216.5855195075,7934227.301610378,5651,200,1.148861394263804,10.716090870089829,224
f1eac17d-9b35-43a1-951c-c89368d0ff81,194a873d-95d7-4e33-8211-f30323686617,7934216.43639096,7934217.20392277,7934227.326098026,737,200,0.7675318103283644,10.122175255790353,224
3d1b5a84-4ef0-41e8-85be-2e76a3bcc3b9,b2764794-a178-4394-bc3a-45229dfe0235,7934221.436759712,7934221.914490861,7934227.473915422,2020,200,0.477731148712337,5.559424561448395,192
c95c66f2-55de-4f43-af80-d403eb38f40c,df0744dd-23a1-49aa-a465-e4b3a210dd4c,7934215.436673011,7934216.445105814,7934227.484138467,537,200,1.0084328036755323,11.039032652974129,288
0f300d79-753d-4614-8315-b3f1ebb6e778,7ecb3eec-b83e-4819-a7f9-fe7a738640b6,7934218.436678482,7934219.355657437,7934227.519712813,5788,200,0.9189789546653628,8.164055376313627,192
48a0bdcd-e631-499c-bcdb-aca85b224353,2f758670-b8ed-4ec1-862e-affd9609923b,7934218.43669214,7934219.233117065,7934227.863117205,4282,200,0.796424925327301,8.630000139586627,192
4611f20e-5f31-4e22-84a6-a2e377175c69,7d2e5d4e-e5db-464d-b30f-0fa63819307f,7934217.437099663,7934217.686238389,7934227.942972064,2149,200,0.24913872685283422,10.256733674556017,160
70358dc9-2e88-4605-9932-06fe4905833d,01214e46-af22-4c6d-ac0a-0617f82b827f,7934216.436368674,7934217.252292078,7934227.993266668,6276,200,0.8159234039485455,10.740974590182304,192
2104b839-c92e-4ebe-8a0c-56f9fb6b715e,1dc18a45-9b1e-4369-9edc-0d1ebcd8ecb5,7934219.437171112,7934219.798396111,7934228.070103189,2833,200,0.36122499871999025,8.271707078441978,160
569700e9-2279-4374-9c2b-3ea3d8d28142,ba258cd1-45b7-468b-be3f-a59855639d9d,7934217.437088999,7934217.851455466,7934228.192534818,2716,200,0.41436646692454815,10.341079352423549,192
5ac240b7-d42f-4ab8-b569-0339fe8fd990,05abfb55-c5d3-4f16-b57e-4ecd5585f804,7934220.436283751,7934221.04597353,7934228.976811194,1807,200,0.6096897786483169,7.930837663821876,192
703a123a-c65e-4425-8d05-7de52dad1195,95a97b7f-b9b9-4ff5-b501-08226dc92408,7934218.436688241,7934219.377925404,7934229.148670256,5771,200,0.9412371637299657,9.770744851790369,160
5df701c7-a036-4236-937b-d3b2f641e9c5,f88bb08c-4a52-4a43-a69a-b3b68f451538,7934219.43717484,7934220.26006155,7934229.263663484,6228,200,0.8228867100551724,9.003601933829486,224
7746ef2d-4786-4159-94fa-3faf2009d30a,39e6e02c-0a49-44e4-86c7-71fea0ddc507,7934221.436763125,7934221.762667982,7934229.369118578,3340,200,0.32590485736727715,7.606450595892966,192
84c0b067-8fba-4d80-933a-99183691186f,1cf6a300-5f01-432b-9b53-4799d42d0d63,7934221.436765708,7934221.996399615,7934229.431903346,1123,200,0.559633906930685,7.435503731481731,176
b02efc2c-4188-4c91-9946-f3ff5879688c,01c8ba73-1c5b-47e5-bcfb-ddb1e4905c2b,7934219.437155289,7934220.363269598,7934229.458108593,5766,200,0.926114309579134,9.094838994555175,160
7f54b0d2-f9d1-473d-991a-947c6a117e77,6773d64e-c4f2-4e4b-895c-24140b31607f,7934220.436238962,7934221.149502367,7934229.913158329,5824,200,0.7132634045556188,8.76365596242249,192
324f3f5a-94fc-4699-a5cc-6da1341a234a,8b412ed6-84aa-4ec2-9281-40208ff1b4a4,7934221.436750332,7934221.580526146,7934230.0237287525,546,200,0.14377581421285868,8.443202606402338,224
8e3bf20f-52af-4f33-9a39-6d2a2119b56c,8987c78d-2347-4b22-8be7-d483fce491ca,7934224.436145017,7934225.076955204,7934230.076232696,2277,200,0.6408101869747043,4.999277492053807,176
046f3667-6732-4a92-a283-a72850111259,935ddb47-1f66-4b5d-b9a2-4c4215e44222,7934223.436181566,7934223.963680054,7934230.235576727,5798,200,0.5274984883144498,6.271896673366427,160
4d14a217-b2eb-4b0f-9d2f-a4f1b49a174e,deca5ee5-8d40-4e4b-893d-49946608462b,7934222.436073855,7934223.351212522,7934230.406474256,5547,200,0.9151386674493551,7.055261733941734,160
a4e8a306-ff5c-47fa-a032-e01cd71e752a,e3813743-28fa-4fe1-9447-a2aa249feab9,7934223.436184283,7934224.055656368,7934231.007535155,1930,200,0.6194720845669508,6.951878787018359,192
9bee56dd-4c3d-48e3-953f-3b34c3195771,8eaebb8b-dcfc-489d-9907-9f0d91cbfe81,7934222.436083325,7934222.953182979,7934231.071504839,2628,200,0.5170996533706784,8.118321860209107,288
2c50d32e-dbca-4439-b736-df2f769deb65,bc3c695a-dbbe-46c3-b730-f17bff089f3e,7934223.436167474,7934223.965664093,7934231.160430221,5750,200,0.5294966194778681,7.194766127504408,224
732a994d-ac1a-480f-881e-dd70a9f9c7c6,6c9af2b5-4d45-4f11-9012-e8457da54f98,7934223.436177212,7934223.757562571,7934231.481621791,3266,200,0.3213853593915701,7.72405921947211,176
6c192653-4a06-4f6c-9c87-711ed23d2ba9,fde65300-6df0-4455-b1cd-90c84a5f86b0,7934224.436116724,7934225.229707042,7934231.823924348,4942,200,0.7935903174802661,6.5942173060029745,176
1fed9d84-0885-4ace-8caf-eccc6e6f4cf8,bb6f0502-2197-4ee3-b8a1-b1060a43622f,7934226.437133518,7934226.64162339,7934232.429494349,1179,200,0.20448987185955048,5.787870959378779,192
782951bb-b79e-47ff-ac6d-53b10fcc6e94,a04b43b6-d229-474d-9233-e6d9265116cb,7934226.437149289,7934226.645032508,7934233.092130006,557,200,0.20788321923464537,6.4470974979922175,224
a8e749b0-d10c-4964-bb60-d72070ab683b,361d1536-ceec-424e-9ffd-3c7b29a993b3,7934224.43607128,7934224.965402984,7934233.206619715,5833,200,0.5293317036703229,8.241216731257737,160
d79a6ca7-a961-4d3d-a415-f75c5dc72d77,4de1cfe3-bafc-4c88-b75f-5e9daea7a2a2,7934225.436654708,7934225.878375046,7934233.426026372,2186,200,0.4417203376069665,7.5476513262838125,176
699c0e6f-b8f8-42c1-b1b4-7e09b4bcc4c3,a1cef276-6150-4849-a49f-d5521b1ab18e,7934227.436264417,7934228.006064794,7934233.460694544,1759,200,0.5698003768920898,5.454629749991,288
88ae7de8-798b-4f9a-a3a0-aa0ef4aea769,0e5901a7-c94f-45c6-bcbc-a7ef22f161d4,7934225.436668187,7934226.05756365,7934233.769057996,1876,200,0.6208954630419612,7.711494345217943,160
985cdf05-34b2-4159-b86d-87f2ba3f9153,a95d4290-526f-498c-bb05-5a23a8195ec0,7934225.436664873,7934226.12998284,7934233.859940274,2779,200,0.69331796746701,7.7299574334174395,160
409de200-3fbf-4b5e-946c-346cc142995a,77e7c157-4bdc-42fb-8f26-344afffd4b77,7934226.437143136,7934227.098510834,7934233.938040212,6012,200,0.661367698572576,6.839529377408326,176
f2bb2d2b-900f-444a-97cc-736087f2c8fc,06312fd4-a78a-42c6-96c4-a5088cfcc81e,7934227.43626136,7934227.721600788,7934234.290478569,3175,200,0.2853394281119108,6.568877781741321,160
a3762160-ffd4-4740-b17b-31f5ad0d50ce,e128d93a-5ba8-457b-a873-34471e825c50,7934227.436232269,7934227.957465542,7934234.2982955165,5912,200,0.5212332727387547,6.340829974971712,224
b1e1a50a-9dfe-48c6-8116-3bc6fc1228e8,df9cc1db-7d23-4d29-9fcc-95eba2a3ea5a,7934228.43636557,7934229.131781741,7934234.9572199015,5746,200,0.6954161711037159,5.825438160449266,192
9566484f-8b12-469c-9f38-93a65d27d5ea,6dac39d7-6c17-45bc-aff3-f0b80b131575,7934226.437146498,7934227.028554726,7934235.106252768,1944,200,0.5914082285016775,8.077698041684926,176
d6c0854e-0037-41b3-9e5a-361d87841f2a,764b887c-0f76-4dbe-8fcb-1a144f07cbcd,7934228.436362475,7934229.077474585,7934235.48061321,1743,200,0.6411121096462011,6.403138625435531,176
a1d28fa1-8c91-434e-91c3-0c14a0d49a6e,f5bd21a6-1445-498e-ad35-72eda8ae150d,7934227.436257221,7934227.893161625,7934235.73510937,5239,200,0.45690440386533737,7.841947745531797,176
d7da0241-f088-4f1a-9e6e-014b4e275fe0,45279b00-df84-4e7b-813d-b5d302dc8c84,7934229.436507287,7934229.543119599,7934235.973859342,819,200,0.1066123116761446,6.430739742703736,160
6896b245-ddb3-4736-af92-1cc5604470a0,b6d0191d-230c-484f-8de2-79d96d0d39c7,7934228.436350304,7934229.084000631,7934236.371975101,2951,200,0.6476503275334835,7.287974469363689,160
c1b85c8b-dd53-476e-8563-1a8a287fe144,3cc8072d-46b6-40b5-a71a-afefedb345af,7934229.43650004,7934229.694343704,7934237.068825013,3231,200,0.2578436639159918,7.374481309205294,192
ffc5a1e1-61cc-45d6-bc57-a89f18ce5740,9275074f-0819-42b2-9e68-2fb2aa8483cd,7934228.436359243,7934229.04514432,7934237.461424059,3052,200,0.6087850779294968,8.416279738768935,176
c3c2951b-099e-4bbc-aaf0-82faa5d6e6be,eaf119a5-4710-4ef6-96f9-c67f053ee28e,7934231.436801861,7934231.64456508,7934238.386406574,674,200,0.20776321925222874,6.741841494105756,160
3690eafb-1b34-4216-8ba2-35b596b02ce2,0a12384f-0fb8-4809-b8db-e918b89100c7,7934230.43648197,7934230.989772167,7934238.415877472,2666,200,0.5532901966944337,7.42610530462116,464
e50b7f3f-2afc-482d-8544-ac15265236c5,156e4c45-4731-41f8-af7a-2245be51116a,7934229.436510206,7934229.9074036395,7934238.891708545,5896,200,0.4708934333175421,8.984304905869067,176
3868c7c8-9b03-4df7-b397-f040b846c7c4,0dd0cb6e-80c4-440e-9e94-a75f9c044e6c,7934230.436496245,7934231.023552417,7934239.160811971,1518,200,0.587056172080338,8.137259554117918,192
747f483e-407d-4438-88e6-10cb987d0e40,7f600648-e3b8-4d8f-965e-8a52d4e10df9,7934231.436797724,7934232.319614149,7934239.340040392,5836,200,0.8828164245933294,7.020426243543625,224
eb68aabc-0fa0-4cdb-a028-86da2b8b03b0,f76488c6-8ad5-4bcf-b4de-98e28d0c5d12,7934231.436781504,7934231.983191639,7934240.000498054,970,200,0.5464101349934936,8.017306414432824,192
02af3c27-2dea-4dfb-bfae-6e14c03a3aad,4badfb68-cc71-43fc-ae4b-f30cf995fe2a,7934230.436490367,7934231.13740965,7934240.097552112,2861,200,0.7009192826226354,8.96014246251434,192
d944659b-dadf-4611-9021-96fa5b08df0b,12f27011-1d1f-4e75-a7d0-158faedac5c8,7934230.436493553,7934231.252971969,7934240.212172139,4245,200,0.8164784153923392,8.959200170822442,192
65c47b8d-01e2-4023-9723-a7083da927f9,c1017aac-714c-4899-a365-4481a7efceb5,7934232.436341057,7934232.932643678,7934241.001548802,3941,200,0.4963026214390993,8.068905123509467,176
47274402-ff56-4e18-a7b0-65c45a165591,583eb43e-4777-43dd-b3ac-37d66ab778b1,7934233.437062086,7934234.2324606655,7934241.055673324,5798,200,0.7953985799103975,6.823212658055127,192
4ecd1adb-bd5d-45db-b107-e6c43ec9193a,b3f7ad05-2009-4188-bbcc-48140f3b358f,7934233.437076521,7934233.869582751,7934241.171493966,2001,200,0.4325062297284603,7.301911215297878,176
f0a293b5-1ea0-4b8b-9b05-a977a45f9787,096de4a6-59ff-48ea-a5bc-74fe92e53140,7934232.436329187,7934233.042585522,7934241.298759939,2077,200,0.606256335042417,8.256174417212605,192
46e83d6b-8960-4250-b399-5adceb9bdb74,3153217e-eb23-4a22-9578-9fc2be8dea7d,7934233.437080773,7934233.938029339,7934241.727732043,5681,200,0.5009485660120845,7.789702704176307,176
24be0212-b729-4da9-ab28-6fd1889bd296,7fff0f4d-cd62-4d33-8e09-009989025b4b,7934233.437084044,7934234.299358157,7934242.105146437,5899,200,0.862274113111198,7.8057882795110345,176
358f0b5e-a509-47b1-9050-3b171d14fba0,b024f549-cde7-4f5d-99e0-1fb22ccdcca4,7934232.43631901,7934233.070942147,7934242.165322521,2709,200,0.6346231363713741,9.094380374066532,160
77a70add-a253-47c9-99c9-95822084449c,644cffe6-f7e2-45fc-8b1e-a5ae777f772e,7934232.436332606,7934233.3650401365,7934242.215998696,5856,200,0.9287075307220221,8.850958559662104,176
195c3e7b-401f-443b-9e43-6b8a28747ccf,11a2967c-8c37-4e82-b852-df78459a03a9,7934235.436342876,7934235.710960225,7934242.286529482,419,200,0.27461734879761934,6.57556925714016,160
6aabab6e-701c-4dfd-85a8-7bf8c6b4eeb8,f64c4c2a-5014-4e08-b0bf-86f57718b601,7934234.436694343,7934234.712019852,7934242.310530878,1638,200,0.2753255097195506,7.598511025309563,192
7431d31d-5d23-4b0b-aa7a-cb3184888eeb,eebb2bf9-1068-482e-b93b-f5660953911a,7934235.436339862,7934235.858703853,7934242.374936965,1743,200,0.42236399091780186,6.516233112663031,224
50d0b25c-429e-4ca5-ad04-17388ae3c3fe,383fe816-1603-4be4-bd50-ca1ab0a1996d,7934232.436338392,7934233.066928057,7934242.387585388,2524,200,0.6305896649137139,9.320657330565155,288
a287da07-413f-4a38-8315-d77d50774668,965290f7-a7b8-4bd2-bc07-c9e4b41a7dd3,7934232.436335217,7934233.325868276,7934243.0185585525,5846,200,0.8895330587401986,9.692690276540816,176
eb2b4f65-8cb2-496b-b81e-2744001ebf59,e8aec464-55fe-4709-9173-dbeae0bf8f34,7934233.437087374,7934233.940449675,7934243.104983132,2775,200,0.5033623008057475,9.16453345771879,192
ae1ab8c0-2039-4085-8685-240835bebf05,87790c2b-aa62-4df2-9e78-4b07d45b22cf,7934233.437093716,7934234.343596896,7934243.236854616,5860,200,0.9065031800419092,8.8932577194646,224
9c54772b-22eb-4132-8304-bc25054955c0,3fd70b55-8038-4caa-926d-236e01247145,7934233.437090904,7934233.811105262,7934243.278925123,549,200,0.3740143571048975,9.467819861136377,176
299555e5-e916-4d7f-bf87-6cd4299690a5,8a1dd802-aa0a-410a-a3b6-cded00117fc8,7934235.436327521,7934236.143198501,7934244.030148369,2261,200,0.7068709805607796,7.886949867941439,224
9a19e831-38f0-4c42-9819-695068a555c8,0b2debcb-f399-4d3c-89e9-0a9d700f6b3e,7934236.436264529,7934237.0440994855,7934244.177306788,5969,200,0.6078349566087127,7.133207302540541,160
a9632e6d-0d83-40fd-8045-1317067daf2d,1459b68e-f660-4e66-83c5-c861ebfa7b52,7934237.436431623,7934237.95789153,7934244.376009607,5881,200,0.5214599072933197,6.418118076398969,192
2df9b9a4-2ffc-4f1f-9006-5c4867075cba,5e171af4-e00a-40d3-8551-bf2d4d91992e,7934234.436706312,7934235.3510435205,7934244.707966085,5976,200,0.914337208494544,9.356922564096749,176
7cd98bb8-0c76-4301-a276-1074779d5c18,06fc1b29-ed92-49b8-98c8-5792e32d0ecd,7934237.436435011,7934237.800985977,7934244.835309443,4194,200,0.3645509658381343,7.034323466010392,160
785e4476-127d-447d-b649-81a56b5f15a4,9b10e490-0b7e-4062-93f5-763ca32328dc,7934237.436428037,7934238.060252033,7934245.273227816,2227,200,0.6238239966332912,7.212975783273578,160
92d7c368-70f1-44fe-addd-4847dca09dfa,dede0210-5552-4607-8159-2fd26af2324f,7934234.436702944,7934234.979346831,7934245.350485868,1427,200,0.5426438869908452,10.371139036491513,176
8794f789-c299-41c3-b0c5-0bf70fbf4a00,53af0820-ed9a-40ae-a494-25d54b4c12a6,7934236.436268182,7934237.222944075,7934245.390374378,3567,200,0.786675893701613,8.167430303059518,192
2b9549c2-e7b5-4987-ab6e-dbbe76d97ba9,a863f06a-1dc1-4688-946e-30c3758ebea2,7934236.436273768,7934237.080277643,7934245.471816626,1961,200,0.6440038755536079,8.391538983210921,224
ec7a394f-8265-41c3-a14f-f945eae8d7fe,b10ff1df-1a27-4b7a-8491-ded24b953092,7934237.436404596,7934238.205733815,7934245.750673961,5815,200,0.7693292191252112,7.544940145686269,176
216bf227-0ea9-4c1e-8bff-4473e688ace6,da3224f5-6f28-408f-b4b6-ddd0c4795c70,7934236.436270778,7934237.967368893,7934245.96361477,5778,200,1.5310981152579188,7.996245876885951,176
79316490-cde2-4a32-b57f-4566607dc3a1,74f34492-f3fe-4345-b7a4-517983671cc4,7934239.436498646,7934239.716119238,7934245.993276039,1348,200,0.279620592482388,6.277156800962985,160
8e76b392-0453-4252-997f-58c0f0126807,f2e623bf-4085-4da8-a0e0-3eb712c8e231,7934237.436421429,7934237.9188567735,7934246.3376736455,5842,200,0.48243534471839666,8.41881687194109,176
553b130e-4b85-42c6-ba0f-d230f8115135,1152561f-8ae3-4e14-9371-b4b07fd47f9c,7934236.436276207,7934237.211445589,7934246.437148069,1429,200,0.7751693818718195,9.22570248041302,224
c95b0d34-d9b7-44da-9033-98e3312d43e1,e9cade69-6199-43bb-933b-bc6b3e0cf9f0,7934239.436494521,7934240.047922022,7934246.585793643,6027,200,0.6114275008440018,6.5378716215491295,192
2f2b548b-e199-4d91-8510-740564488493,e8f6df88-143b-40ff-bdb8-5b4fe35021da,7934239.436502823,7934239.7970274985,7934246.903102177,1874,200,0.36052467580884695,7.106074678711593,16
53dd0760-552e-421a-b58e-cd96cf4a5e51,e90299f6-57f5-4b5e-8152-c30f4c5c2d66,7934238.436580332,7934238.97568328,7934246.928090748,925,200,0.5391029482707381,7.952407468110323,176
e40995b9-9c79-4afa-a321-c3fed034f84d,06d0f3b9-c52b-463c-87aa-ac543747aba2,7934237.436424928,7934237.535694325,7934247.124978227,878,200,0.09926939755678177,9.589283901266754,160
f91ef0b6-093b-45cd-9a4a-726715461a31,bf3576f0-1508-41f7-9a01-7c035b15e907,7934235.436336767,7934236.423351284,7934247.139318549,6631,200,0.9870145171880722,10.715967264957726,192
cb531532-5ce5-4e24-bb2e-fc7fb6ab743f,a0c71312-2b96-472c-8ed1-c64a53fe3235,7934236.436250793,7934236.613596975,7934247.240782045,1012,200,0.17734618205577135,10.627185069955885,160
a03b7267-0a70-4ddc-b1e1-b50e2459338e,6d17f320-f4be-4fd9-8926-c85f69e9bb80,7934240.436226629,7934240.986741643,7934247.406769802,5790,200,0.5505150146782398,6.420028158463538,224
18cdcb27-b3ac-4ab9-91f3-a96750421ff1,6582c1ba-13ad-483e-8428-492bebf8d206,7934239.436476375,7934240.231750351,7934247.460239813,5834,200,0.7952739764004946,7.228489461354911,224
4a6740d0-c4e6-4e3d-a37c-b785c59a1245,0f6c5a93-10f9-4b02-9ff1-2658d58e056c,7934242.437064338,7934243.021364129,7934248.933673512,1129,200,0.5842997916042805,5.912309383042157,160
01e77315-de60-4605-8c4e-1b694bd6f1d4,fdc227b0-6b16-435f-95a4-a55419769f5a,7934237.436417621,7934237.996965762,7934249.081165127,1302,200,0.5605481415987015,11.084199365228415,160
9948e862-cc5d-4d81-8c9a-301d8a9f7350,95a97b7f-b9b9-4ff5-b501-08226dc92408,7934240.436230419,7934241.001630295,7934249.220136682,5754,200,0.5653998758643866,8.218506386503577,160
ed97c55b-9340-4713-8445-7561a1f26e9e,50c3eb60-67c0-42ee-825a-0f8ce134459c,7934242.437061225,7934243.100742397,7934249.350496879,2255,200,0.6636811718344688,6.249754481948912,176
9b5e4380-cd8d-45f8-9d97-96050adcadec,614e6400-b3e8-4e96-b9c3-056d4cf0c685,7934243.4363294,7934244.1050023325,7934249.396885224,2230,200,0.6686729323118925,5.291882891207933,160
3559283e-4b19-4de4-8e66-5213068c6355,7f6b3d68-32fd-4d79-8750-b01e8964419a,7934243.436333085,7934243.844299556,7934249.851151438,3684,200,0.40796647034585476,6.0068518826738,288
60a94b68-2391-455f-ad92-28dad241fdf8,904fe956-8d0d-467a-b6bb-0633305ea8f5,7934238.436591432,7934239.343091504,7934249.891489118,5877,200,0.9065000712871552,10.548397614620626,224
aa68e58e-4659-4876-8ed2-35f0a20487cc,23d19ba7-7bd3-4d29-b13f-0f5291c02ec6,7934239.436432368,7934240.019311668,7934250.098335034,5802,200,0.5828793002292514,10.079023365862668,160
96582c67-cf2d-467f-972c-b30182cd833b,34bb8fa8-0277-4f1b-b7c2-92303cd5bbb5,7934242.437051907,7934243.324443474,7934250.403044014,5962,200,0.8873915672302246,7.078600539825857,160
40006988-0777-4148-9255-3b9554dbda7a,c0aa256f-23f1-483c-a314-1e45b1d0a471,7934243.436309331,7934243.8642087765,7934251.179661021,2689,200,0.42789944540709257,7.315452244132757,288
c32ee18e-435a-4286-8eb0-4d1c4982e6b5,383fe816-1603-4be4-bd50-ca1ab0a1996d,7934245.436157,7934245.59646245,7934251.205773671,2524,200,0.16030544973909855,5.609311221167445,2512
262d44f3-5eb3-4f22-9e5b-bdfa95f9422e,39bc6c25-b2be-478d-9919-83b0de268d70,7934240.436216068,7934241.34118825,7934251.312249805,5928,200,0.9049721816554666,9.971061554737389,160
83be8950-00c0-45a5-81ba-aa9cb2413dff,54817b76-e7bc-4b7a-abc8-5a293f291076,7934240.436233901,7934241.364622742,7934251.515611922,5914,200,0.9283888405188918,10.15098918043077,192
6e3a7573-9d8b-4d36-a95a-2df903f9a11b,2e9ef113-26ec-4798-9566-b37d540bbb58,7934244.4370106,7934245.035240901,7934251.783895763,6568,200,0.5982303004711866,6.748654861934483,192
df462be0-8748-4880-b6fa-75d3fa20ac79,8a726fa4-de81-489c-98f8-8ba49638fffc,7934241.43687903,7934241.83883062,7934252.070391526,4345,200,0.4019515896216035,10.231560906395316,192
eb3a8957-6924-41a7-8407-b65455c3c5da,0a12384f-0fb8-4809-b8db-e918b89100c7,7934245.436174309,7934245.588439894,7934252.2140518,2809,200,0.1522655850276351,6.625611905939877,2624
446e75e6-ddf7-4075-8cf8-11121d5fd7bb,3e480c2f-1023-4d91-88fa-a8b489c3d9c9,7934243.436266094,7934243.995808195,7934252.372183673,1109,200,0.5595421008765697,8.37637547776103,176
3f32bab4-f3df-4536-abc9-0bdaad7a0b52,98ac192e-deec-4570-b34a-56d60e56dc71,7934245.436161258,7934246.064529992,7934252.383199024,1836,200,0.6283687334507704,6.318669032305479,192
2bbf8739-fb24-4136-98de-0d64ffa92a5f,ee3f178d-873f-4ae5-81ad-c50bc746de6c,7934244.436989991,7934244.688587164,7934252.40671672,538,200,0.2515971725806594,7.7181295566260815,192
63c408e2-dfee-4085-9aea-b686163bc53a,48a73f4b-50e7-4022-9d8e-cc985d65dcbd,7934245.436146598,7934245.952170906,7934253.033245703,2707,200,0.5160243073478341,7.081074797548354,192
d53897e0-d70c-4667-904e-603f820c3036,8263d56c-0301-4b0e-9bce-d56c30ac60df,7934245.436167085,7934246.438636349,7934253.469485911,5937,200,1.002469263970852,7.03084956202656,192
8f0d1278-3c8b-4110-8d97-b08e24787144,97ad3f12-85c7-44bc-b969-699e6ef5da09,7934244.437006432,7934245.166925363,7934254.454316094,4074,200,0.7299189316108823,9.287390730343759,160
5aae4237-1e17-4f29-9ae3-a7169c896a43,c1017aac-714c-4899-a365-4481a7efceb5,7934245.436163967,7934246.227922859,7934254.831045387,3927,200,0.7917588921263814,8.603122528642416,176
863647fe-0ba2-4a74-bd6b-45ee772d276b,0038992e-64f0-433e-82d3-367cf8fa2c76,7934246.436130085,7934246.7989846375,7934254.951910164,4114,200,0.36285455245524645,8.152925526723266,160
d43301bf-b68d-47b5-abb0-4b0f0531b8c5,6e42a9af-cf94-46f2-8aa9-a4e990349dca,7934243.436325239,7934244.326486509,7934255.037384518,5810,200,0.890161270275712,10.710898009128869,224
e56a3892-1b76-4b4f-b4b4-58789402efe6,9e4a66fd-e0ca-44f4-a552-5097141dcc11,7934246.436115975,7934246.9160585115,7934255.076582613,5305,200,0.4799425369128585,8.160524101927876,176
b1336c97-d70d-440b-b0b1-1ce424eb90c1,91152587-decc-47ab-9f6b-e6eb00d2bbdb,7934247.437879132,7934248.413603741,7934255.818238931,6465,200,0.9757246086373925,7.4046351900324225,192
30c15258-a525-4e7a-b2e2-f328e9e9b0b8,035c2af7-1db2-46bd-85ea-71ff7e3a5dc7,7934247.437866299,7934248.219990747,7934255.917113173,4066,200,0.7821244476363063,7.69712242577225,192
f4ff959a-e55c-4b4e-884a-8d4dad99f266,18a3256f-2391-44cc-8b21-9f9538eff167,7934246.436133772,7934247.300356495,7934256.258209193,5967,200,0.8642227230593562,8.95785269793123,176
3c2f47ba-b5ea-4ae7-8782-9a2216b87d38,0fb71a12-500a-4889-9f08-48dec91095e3,7934248.436871184,7934249.349680664,7934256.800499275,5791,200,0.9128094799816608,7.450818611308932,224
88d9ae14-16a9-4cf8-a4fd-e6305c654588,5531c795-4c92-4efe-93f0-ad80b9b2f5cf,7934247.437882997,7934248.045030929,7934256.868460045,5831,200,0.6071479320526123,8.823429116047919,192
8ea25757-0ecf-4129-8cc8-5afa44ff873e,e495b9a6-189d-4aee-bef9-48cf6c56835e,7934249.436565236,7934249.64509209,7934256.970201188,479,200,0.2085268534719944,7.325109098106623,160
98139ea3-cd19-46e4-9c0a-e2ec5f6b6134,18f863ed-97ca-4066-89d0-577bf721924f,7934248.436856935,7934249.129170348,7934257.006728,5929,200,0.6923134131357074,7.877557652071118,192
a95ee4c5-7c28-4a0a-9341-78700e4232ee,b3ffd0fe-a17b-4314-8444-c54bf3c9afe5,7934250.436171744,7934250.933019564,7934257.196379927,331,200,0.49684781953692436,6.263360363431275,160
0cb17fa1-6fd8-488d-a92d-b8ffa16c6e5e,961158f4-59d1-44e2-aa5a-ebdcb33cc610,7934249.436572867,7934250.467165747,7934257.315876747,5826,200,1.030592879280448,6.848710999824107,176
35181e43-55c0-4732-ae42-8d8071967927,ecf1639d-7d01-4ec2-989b-319b083d49e3,7934249.43656898,7934250.219830133,7934257.396109517,5859,200,0.7832611529156566,7.176279383711517,192
98aee6d5-d56f-4c6a-9204-a3741eb067f5,630b34bb-1144-46fd-8e59-e34b1de4ccf7,7934250.436187351,7934251.088852143,7934258.269531451,5416,200,0.6526647917926311,7.1806793082505465,192
e20f9278-2f9e-43cf-923c-a57f5963ad9a,641a35e5-6f76-4ab0-9200-900f50fee312,7934250.436189751,7934250.729540428,7934258.27115444,2597,200,0.29335067700594664,7.541614011861384,176
e8d2f50a-28d2-487c-9dd9-5c2a3cd315f0,74def355-9a6f-4dea-aed5-4077f6996685,7934251.436455064,7934252.178183133,7934258.748807018,5950,200,0.7417280683293939,6.570623884908855,176
c5d93a8e-1af4-4160-a0b6-46a949ba0be4,93c4c0a0-35e8-4dae-9794-e96bff496a85,7934251.436449036,7934251.613529708,7934258.929052682,1593,200,0.1770806722342968,7.315522973425686,0
57804ac6-8a39-4d0f-9a98-a0d56e8b236c,979aa3f6-f609-4613-92f5-7fd412266151,7934249.436560945,7934250.47283287,7934259.054557432,5732,200,1.0362719250842929,8.581724562682211,160
3d4df190-47bb-4cc2-9379-98aae1c2d6eb,9bb66c7b-e720-4c31-baca-a2f43672e95a,7934252.436442664,7934252.7077368,7934259.071838376,1376,200,0.271294136531651,6.364101575687528,160
847a688f-9a5b-4892-9f8c-dabf05cdc945,a95d4290-526f-498c-bb05-5a23a8195ec0,7934249.436498955,7934249.987175936,7934259.266836566,2847,200,0.5506769809871912,9.27966063003987,160
574cb1fd-6e17-4966-9ecb-9baeb6dd82e4,01c8ba73-1c5b-47e5-bcfb-ddb1e4905c2b,7934252.436446499,7934253.458701067,7934259.342296032,5766,200,1.022254567593336,5.883594965562224,160
9a11dee9-d566-4fa4-884e-2305234469df,047bea13-6787-41b6-a5a4-e3a836c6c6ca,7934251.436458562,7934251.873622314,7934259.346257324,2777,200,0.4371637525036931,7.472635010257363,160
012ae058-f230-4034-9909-b36f1adc73b1,674c51c0-f4d4-4007-888b-ab7031140fb5,7934253.436719675,7934254.06529177,7934259.398949505,2738,200,0.6285720951855183,5.333657735027373,224
462af09e-0f5c-4fa8-913a-d6a5afe84ef3,e9b11554-c1de-4c15-a706-c20b8d2603be,7934251.436439864,7934251.934249743,7934260.02701961,5851,200,0.4978098785504699,8.092769866809249,160
fdf92f10-8dfc-4b9d-99af-59ad2af3f7eb,e2db953a-3b42-4c69-8094-c08e5f2f1e07,7934249.436542721,7934249.808978677,7934260.035693299,1557,200,0.3724359553307295,10.226714622229338,192
d745862b-1d91-4233-9d96-54d9f2df3caa,966432a2-f3ee-49ef-9b46-d08cee8b7695,7934250.436180989,7934251.167651795,7934260.068918537,5972,200,0.731470805592835,8.901266742497683,192
f7e20ef9-797f-4152-af2a-afd83d76421f,6a54a866-8f11-4918-ad94-a31e5ed06135,7934254.436178222,7934254.666712352,7934260.286722984,470,200,0.23053412977606058,5.6200106320902705,176
a87cfd08-e937-4deb-99a9-23a202b4e437,afd76ba8-dee7-4f83-b1dd-08d1d278d296,7934252.43644947,7934253.055181768,7934260.371210251,5857,200,0.6187322977930307,7.316028483211994,176
6348903a-1bdc-485e-bfbd-79c96e158859,f888da27-679c-4d6f-aa21-485a21f187b4,7934251.436461519,7934252.125076185,7934260.505905008,5674,200,0.688614665530622,8.38082882296294,176
7f6fe6d6-c602-4481-9761-b6028cb27b26,ffc55810-9dd4-4d11-9c4b-7896cc97951e,7934250.436184803,7934251.39860193,7934261.039446714,5825,200,0.9624171266332269,9.640844784677029,160
7c286a3a-ad3a-4179-92da-6311c07bed98,0ef0d555-22d3-481e-b8bc-21fc0a1fb373,7934251.436452442,7934251.939373089,7934261.15995287,5630,200,0.5029206471517682,9.220579780638218,192
fb582e9c-f5b2-4ed4-9837-8ccb1524c3ad,ed6fbd43-efd1-4415-8aa9-6d1c4533dabb,7934252.43645223,7934253.135267629,7934261.395361999,5901,200,0.6988153988495469,8.260094369761646,176
2eae5a2b-793b-4e7b-99e2-359097f24e59,11a2967c-8c37-4e82-b852-df78459a03a9,7934255.436220973,7934255.513493587,7934261.974711298,498,200,0.07727261446416378,6.461217710748315,416
df98c7c4-8c65-4e77-acb3-09ccec3f9269,937c7008-06a1-4543-8676-6f44a8fe2de3,7934254.436184427,7934255.153084935,7934261.980201861,5190,200,0.7169005079194903,6.827116926200688,160
3100c194-c796-4502-9021-ebe57d0791e3,3ae663a1-4eaa-473c-a8ca-e5ed2fd6bf81,7934252.436455816,7934253.290643392,7934262.11142951,5884,200,0.8541875761002302,8.820786117576063,176
917cc7a5-fd4c-469e-88a7-0e660d8cfd6a,11b7d389-ed5e-43d8-b78f-6154624895fe,7934253.436726454,7934254.180473703,7934262.133328006,5676,200,0.7437472492456436,7.952854302711785,224
7ec20d59-441a-4d9c-bd8d-586742ff994d,06312fd4-a78a-42c6-96c4-a5088cfcc81e,7934252.436410768,7934253.185752665,7934262.174885702,3365,200,0.7493418967351317,8.989133037626743,160
f5d40e9d-00f1-4262-9b4a-ce43e010940d,b339d958-9b9a-4296-9c52-77ff5ebf01d5,7934253.436729423,7934254.405197735,7934262.232738797,3452,200,0.9684683121740818,7.827541061677039,192
9499ae17-7fff-4312-942e-baad524bd3e9,4de1cfe3-bafc-4c88-b75f-5e9daea7a2a2,7934253.436723215,7934253.932338126,7934262.290891838,2184,200,0.495614911429584,8.358553712256253,176
cb43a33f-0501-4cfb-bb28-05dfbb4b3219,fbea4e9e-c510-4c9a-8e1f-ca6073d14deb,7934254.436181386,7934254.900058215,7934262.320867357,5980,200,0.4638768285512924,7.420809142291546,160
4aea6582-c551-4ee6-9549-30f3b061178f,ddab7268-983e-4382-b5cd-d0c1c556d1d2,7934255.436236555,7934255.61369433,7934262.445851094,1923,200,0.17745777498930693,6.832156764343381,176
5a3753d8-2f42-4bda-a467-ea190dad1288,644cffe6-f7e2-45fc-8b1e-a5ae777f772e,7934253.43670877,7934254.3202388575,7934263.158938462,5827,200,0.8835300877690315,8.838699604384601,176
2e5dc021-7baa-42eb-a490-ce76c62d3bb5,d9617223-3bfc-4530-a2a7-84b7fcc611f3,7934254.436187242,7934255.007327184,7934264.368748356,1727,200,0.5711399419233203,9.361421171575785,256
00c07e01-9591-489a-bb94-c94b6807ff3f,34a3ac54-2f1b-4afb-9125-f0ecfe19b0a1,7934256.437012373,7934256.870434996,7934264.461097646,462,200,0.4334226232022047,7.590662649832666,192
f123960f-da2d-40ad-a4e4-503f09b8305a,36ee2f53-b294-4c6e-a24e-02cef72af9a7,7934254.436162409,7934254.923290947,7934265.920276194,5944,200,0.4871285380795598,10.996985246427357,192
4b38b71c-30c0-45da-b421-2e71e9b5cd7a,a284dc61-34eb-45cc-857a-6a8eab8536a1,7934255.43623294,7934255.826229115,7934266.025219065,4561,200,0.3899961747229099,10.198989950120449,224
b5ea687a-5a76-4f24-8504-4e0ac5ce022f,8f74c273-3def-47ea-8e27-63467cdcf042,7934257.436328629,7934257.741749089,7934267.429873202,2076,200,0.3054204601794481,9.688124112784863,192
45e3f45a-70cc-4ea6-893e-82ec889d40ea,de310453-2360-466e-a6d3-3ca31cdb0cdb,7934257.436324904,7934258.323250496,7934267.530179892,5071,200,0.8869255920872092,9.206929395906627,192
07e08f12-6edb-4bed-8a41-c9fe0110ed27,f18570f2-d4a3-4893-9ffb-be09b490d0dd,7934257.436335177,7934258.091446583,7934268.4383973135,5370,200,0.6551114059984684,10.34695073030889,224
c2070071-fe78-4b61-9233-ff1d515da900,bb6f0502-2197-4ee3-b8a1-b1060a43622f,7934257.43631353,7934258.012824219,7934268.8314274065,1323,200,0.57651068829,10.818603187799454,192
003858e7-be61-4397-98fa-2683c423da85,bee5e930-99b4-4b1a-8085-5d0945f9389e,7934256.43702146,7934257.1585104,7934269.130887795,3858,200,0.7214889395982027,11.972377395257354,192
94fee5d0-0955-43de-b8e3-68e6706c4f07,39e6e02c-0a49-44e4-86c7-71fea0ddc507,7934258.436523951,7934258.757204247,7934269.235968212,3519,200,0.320680296048522,10.478763964958489,192
14c59c84-b6db-4cd4-88f4-2542d3bf57be,d34c67c0-ca74-4c70-a28c-f7680bf83cf8,7934258.436534971,7934258.930263605,7934269.264696658,5835,200,0.4937286339700222,10.334433052688837,176
c3611b24-e086-4473-a783-be03e08f8a89,bc3c695a-dbbe-46c3-b730-f17bff089f3e,7934257.436332303,7934258.228698877,7934270.035459534,5816,200,0.79236657358706,11.806760657578707,224
fd0123de-c84a-49c2-99da-c832b28a95ae,afa96050-26e9-458e-8e99-e58a051b36a6,7934260.436985848,7934260.939953867,7934271.050223599,2294,200,0.5029680198058486,10.110269731841981,192
c49f9306-3a96-4d46-896f-8aa5bbbc99d2,3fd70b55-8038-4caa-926d-236e01247145,7934259.43637613,7934259.954081608,7934271.513096767,549,200,0.5177054777741432,11.559015158563852,176
bc453829-774d-482e-b9fc-196a34e0436a,b6b50fed-883a-44d8-a0d2-154444ac9b9d,7934259.436360441,7934260.035093936,7934272.070030845,5923,200,0.598733494989574,12.034936908632517,176
98854c30-f5ef-4a71-a5b3-5f08e33c9c94,6dac39d7-6c17-45bc-aff3-f0b80b131575,7934261.436292607,7934261.861691946,7934272.075866061,2098,200,0.42539933882653713,10.214174115099013,176
216fa77f-eb61-4640-8088-35255f733ceb,2f38c29f-bc9e-4bc5-99c1-7fd57e50a30c,7934262.436310715,7934263.132164137,7934272.37245568,2462,200,0.695853422395885,9.240291542373598,160
ca1d6701-44c4-45b5-9d2e-5ae2a93bd3fb,6f959304-7c93-46cd-83a5-4f6f73543c93,7934259.436371994,7934260.4428441,7934272.467672998,5866,200,1.0064721060916781,12.02482889778912,160
edf00bf9-4cf7-4525-b989-92c998eae2ff,4b849273-34b2-41a7-a754-161f75c4d8a1,7934260.436968244,7934261.016364529,7934272.492306985,1413,200,0.5793962851166725,11.475942456163466,160
71641283-ab9e-4efc-a95d-1fa6647516cd,194a873d-95d7-4e33-8211-f30323686617,7934260.436991946,7934261.015851783,7934272.541820027,737,200,0.578859836794436,11.525968244299293,224
2ec7c910-3c50-4bdf-8bf8-1640ea764949,b6d0191d-230c-484f-8de2-79d96d0d39c7,7934260.436978735,7934261.158719678,7934272.978128425,2951,200,0.7217409433797002,11.819408746436238,160
00d9d96e-8292-4fb0-91fc-93a839dd9905,0f6c5a93-10f9-4b02-9ff1-2658d58e056c,7934260.436982439,7934260.806157515,7934273.44480762,1129,200,0.3691750764846802,12.638650104403496,160
90dc95c0-3f45-4a0b-a0fa-0b787bec049f,6a71b1b0-2834-4bc1-adb7-e8b35edf44b6,7934262.436378287,7934262.871027287,7934274.117866168,2654,200,0.43464899994432926,11.246838880702853,192
7bb3d9f7-d94f-4ae3-97b9-e33906e0e274,a720e724-daa2-4c66-a117-9d12dcfd9736,7934260.436988674,7934261.316687897,7934274.346149748,2993,200,0.8796992227435112,13.029461851343513,160
1b2f942d-3bcd-4f9d-8f01-2ba62e2a3fc8,f981a306-8b21-4254-95fa-d0ce56582057,7934261.436301531,7934262.281575592,7934274.42201638,4821,200,0.8452740609645844,12.140440788120031,176
a916c72d-d5bc-4103-83a9-d802440378b9,c7d4bf82-b656-4649-9145-d43cfcc0709d,7934262.436373649,7934264.179117604,7934274.4692216655,5823,200,1.7427439549937844,10.290104061365128,224
72d3422f-8a65-41fc-8f73-3654f41aba33,0d393f18-32f7-4856-b2a3-705b9147e436,7934262.436386002,7934263.513387174,7934274.791146586,5883,200,1.077001172117889,11.277759411372244,192
62ec5610-a747-4868-b894-f1d33f71b419,3e480c2f-1023-4d91-88fa-a8b489c3d9c9,7934263.436429395,7934263.764711563,7934274.820568698,1109,200,0.3282821672037244,11.055857135914266,176
9a371c42-d68c-4597-a799-9d13e8aeb5a8,a1cef276-6150-4849-a49f-d5521b1ab18e,7934264.436644018,7934265.022279411,7934275.051105063,1754,200,0.5856353929266334,10.0288256527856,16
e5e5d5eb-cd0d-4b2e-a19d-84c1ec00bb91,2d0b64cb-12fe-4c27-890b-a69e4e1a0aab,7934263.436441308,7934263.923853539,7934275.130194111,461,200,0.48741223104298115,11.20634057186544,176
c00cf244-7d24-42f5-ae91-5813871e1b3f,9a4a8c90-314b-48ec-b045-c31653141afb,7934265.436927817,7934266.026115357,7934275.935248144,2192,200,0.5891875401139259,9.909132787026465,176
f8be2713-daa0-4e35-9e92-443f0923845d,1cf6a300-5f01-432b-9b53-4799d42d0d63,7934264.436647643,7934266.022140959,7934275.9315014705,1123,200,1.5854933159425855,9.909360511228442,176
898879f6-c3c4-44ae-b648-cd40e1c96039,ecf1639d-7d01-4ec2-989b-319b083d49e3,7934264.436628927,7934266.026306356,7934275.935438248,5847,200,1.5896774297580123,9.90913189202547,192
cc86aa72-47f8-4fd0-8d27-64fa192d9147,9557c1f9-8651-4a6f-bfd3-0c96ede25015,7934262.436356069,7934263.757976896,7934276.0958424825,3935,200,1.3216208275407553,12.337865586392581,192
0fc959bd-8d22-4a09-8df7-194a3366a935,6773d64e-c4f2-4e4b-895c-24140b31607f,7934264.436639937,7934265.041338766,7934276.138741301,5970,200,0.6046988293528557,11.097402535378933,192
eeccf15b-3fd1-4f1f-93d8-9efc1dfa033f,8a1dd802-aa0a-410a-a3b6-cded00117fc8,7934262.436389362,7934262.979449346,7934276.225405332,2261,200,0.5430599832907319,13.245955985970795,224
e7b3b3e2-56f4-45fc-b583-91bdd407bfb8,cfa869f2-0e7b-48ac-912f-0f1682a5bebc,7934264.436624195,7934265.764023726,7934276.857473671,570,200,1.3273995304480195,11.093449945561588,176
ce5e5766-73ac-4647-b5f6-dbf154b9425f,efe7c577-0e24-46ab-92a1-13fce9231da5,7934264.436659219,7934265.829851288,7934276.878238223,5750,200,1.3931920696049929,11.04838693421334,176
4cf72a67-109c-4860-9380-895605604609,11a2967c-8c37-4e82-b852-df78459a03a9,7934265.436880337,7934265.838274282,7934276.886975458,577,200,0.4013939453288913,11.048701175488532,160
d65b89da-34ea-4330-b56a-9a3a1f99585b,d4238793-b034-4004-8635-9639e6bd91f6,7934265.436951816,7934266.097338748,7934276.998238059,5975,200,0.6603869320824742,10.900899310596287,160
2bf49cba-87f1-4758-a89f-3afd57378a22,7fff0f4d-cd62-4d33-8e09-009989025b4b,7934266.43636521,7934267.366127773,7934277.0283519365,5899,200,0.9297625627368689,9.662224163301289,176
f2a97745-1f85-4b84-a8bf-d3acf64c0c99,2f758670-b8ed-4ec1-862e-affd9609923b,7934267.436390152,7934267.99275666,7934277.196198864,4458,200,0.5563665078952909,9.203442203812301,192
5c115ef4-1f9a-4301-ab15-17f379608151,c2544ed7-4cc3-41ba-bc4c-4d76b48b4602,7934262.436382577,7934263.695340936,7934277.215777921,1448,200,1.2589583592489362,13.520436984486878,16
958cab9e-dad8-4a92-86d1-e124e1724e32,c1017aac-714c-4899-a365-4481a7efceb5,7934264.436632767,7934265.449150956,7934277.222678995,3848,200,1.0125181889161468,11.773528038524091,176
e0ce5dee-bfaf-4491-9012-e82bd866f9ec,f2c4e007-8b4c-48ab-a695-68d6e4624a56,7934265.436947476,7934266.004002551,7934277.272409076,6026,200,0.5670550744980574,11.26840652525425,160
e9f1b4e0-3300-43e6-9cab-43e3e6920406,16e9d9d1-48cf-4b87-a42b-57a6058ec096,7934263.436446598,7934264.581718784,7934277.277495615,5848,200,1.1452721860259771,12.695776831358671,192
3a3b7158-a32c-4f90-a155-5610ee71cdee,b2764794-a178-4394-bc3a-45229dfe0235,7934264.436568118,7934265.167019745,7934277.309583859,2211,200,0.7304516276344657,12.142564113251865,192
d6804147-4dd4-4299-9eaf-a849a5a39a0f,56b64791-72e9-4353-8daa-808f7d741c64,7934264.436654772,7934265.362389344,7934277.327517666,5895,200,0.9257345721125603,11.965128322131932,176
fea51520-388b-4540-9d4f-10dcddd28d49,6373bd4f-7ecf-4f59-8cd0-cf0889386d97,7934266.436369025,7934266.708429708,7934277.469960604,677,200,0.2720606829971075,10.761530895717442,192
af3efd25-68d7-4b0d-b18a-fc6491b7aa5a,95a97b7f-b9b9-4ff5-b501-08226dc92408,7934264.436636265,7934265.150112584,7934277.517839145,5763,200,0.7134763188660145,12.367726560682058,160
1feb4fd8-38f9-49eb-8b26-e78f8a79a2a2,92a7f10e-4538-40db-8647-82796b2a10aa,7934264.436607127,7934265.572058109,7934277.522354004,5979,200,1.1354509815573692,11.950295895338058,160
3c4efa2c-0a47-4dae-ad22-f4ced1106ad7,7ecb3eec-b83e-4819-a7f9-fe7a738640b6,7934264.43665085,7934266.162578083,7934277.540272244,5725,200,1.7259272327646613,11.377694161608815,192
cae319db-843e-4c42-adeb-d4237f3bce07,ec8a2cd6-5952-45c9-940a-d0161c338fd4,7934266.436355698,7934267.344761977,7934278.254430586,6003,200,0.9084062790498137,10.909668608568609,160
1088f3dc-c34a-4a5d-849f-818cdd1c2337,12f27011-1d1f-4e75-a7d0-158faedac5c8,7934267.436405699,7934268.0456863325,7934278.454507065,4438,200,0.6092806337401271,10.408820732496679,192
04896f7a-6235-4432-b658-b1b592dc07b5,bf643991-8072-4e34-aaba-6aa45667f279,7934270.437745158,7934271.256776957,7934279.208834317,1793,200,0.8190317992120981,7.952057359740138,160
b112b7e8-d3c5-48b3-b134-e69577bab21d,e624dbbb-c081-4a44-b1fc-b30d15208ed4,7934271.436584296,7934271.8259881595,7934279.461410333,2326,200,0.3894038638100028,7.635422173887491,224
f20e4cec-6772-4130-a1df-c2c832365b25,a6ec72f4-a9fb-40e1-8aa4-10bf660619d5,7934268.436221563,7934268.802419387,7934279.49647862,4052,200,0.36619782354682684,10.694059233181179,192
cd4f1276-f0c5-441c-a681-88f332f3dfda,4072159d-f729-4339-b27a-001b9050b01b,7934269.436200525,7934270.232454297,7934280.470173815,6018,200,0.7962537724524736,10.237719518132508,176
f9d3ffc9-aac3-477f-81a9-c495a4ddfd2d,6582c1ba-13ad-483e-8428-492bebf8d206,7934269.436217802,7934270.789504837,7934281.065474576,5877,200,1.353287035599351,10.275969739072025,224
a9488326-12c3-42aa-9191-d83b1c06ce24,361d1536-ceec-424e-9ffd-3c7b29a993b3,7934270.437741211,7934271.323549819,7934281.09293727,5845,200,0.885808608494699,9.769387451000512,160
2e08162b-91ef-4faf-b7db-6cc4dc91c53d,f76488c6-8ad5-4bcf-b4de-98e28d0c5d12,7934269.436210965,7934269.864998264,7934281.14239474,970,200,0.42878729943186045,11.27739647589624,192
e57e2b4f-7647-4e06-8d1e-d4b7875530b5,8784904c-a70e-4603-b59c-29e3f8894e4f,7934268.436211715,7934269.104596848,7934281.184095596,5578,200,0.6683851322159171,12.07949874829501,192
de5e4bfe-0b36-47a3-8713-d888117cfdab,0a12384f-0fb8-4809-b8db-e918b89100c7,7934271.436573125,7934271.987601536,7934281.285080954,3052,200,0.5510284109041095,9.297479418106377,176
7fb49654-a238-4681-a1db-698adcff8e0c,5941b2d9-9a78-4657-b188-6c93d0e82645,7934267.436401835,7934268.160156553,7934281.527789947,5595,200,0.7237547179684043,13.367633393965662,224
b5293549-2497-463d-84fb-e3b6907dddef,0e5901a7-c94f-45c6-bcbc-a7ef22f161d4,7934269.436214018,7934270.03482788,7934281.955655078,2045,200,0.5986138619482517,11.920827198773623,160
b37a7d36-9b6d-4311-9dbd-75383159afe6,6c9af2b5-4d45-4f11-9012-e8457da54f98,7934272.436420326,7934272.975935283,7934282.342126638,3266,200,0.5395149569958448,9.366191354580224,176
a3db0d2d-2bac-4957-8860-41b2bd04032e,548fd163-71d0-4642-9386-c5a09a047dbd,7934270.437737299,7934271.218943027,7934282.493390625,4969,200,0.7812057277187705,11.27444759849459,224
7e1f392c-3928-438e-9f87-afd280aad6a4,06312fd4-a78a-42c6-96c4-a5088cfcc81e,7934269.436208059,7934269.972717438,7934282.881400916,3575,200,0.5365093788132071,12.908683477900922,160
d531a9bb-9a49-4364-8f6b-9ee50f7b07fb,e913d0bc-9409-4e00-b985-d381b49a0441,7934270.437723508,7934271.051824385,7934283.0261368,1689,200,0.6141008771955967,11.97431241441518,160
bc33791f-93ff-4543-b4a3-dec3e34289fb,2d679471-06dd-4b86-8657-55437a5fe80f,7934271.436557189,7934271.7508620275,7934283.2715813555,1603,200,0.31430483888834715,11.520719327963889,176
3274510d-c6ed-41f8-bcc5-685f035dc188,07b79031-0347-442e-a431-2cc169be4fbc,7934269.436204665,7934269.80720115,7934283.276694629,2225,200,0.3709964845329523,13.469493479467928,192
06fb7d86-c02b-4a66-adc4-f731a2c97d60,42f81ecc-70f5-44f6-9811-7ef3b617ba73,7934274.436650113,7934274.986636476,7934283.363063866,2304,200,0.5499863624572754,8.376427390612662,192
7e9aa79d-ec90-4b55-bd5d-75bc3d4d3b97,ba258cd1-45b7-468b-be3f-a59855639d9d,7934271.436567318,7934271.888290821,7934283.626833114,2716,200,0.4517235029488802,11.738542293198407,192
fd64d59e-a89c-4990-9c86-2770930276ba,383fe816-1603-4be4-bd50-ca1ab0a1996d,7934269.436171656,7934270.041526798,7934284.208856362,2590,200,0.6053551426157355,14.167329563759267,288
44ff9a14-73f9-4448-8a85-50a31308fa6e,0ef0d555-22d3-481e-b8bc-21fc0a1fb373,7934271.43657062,7934272.140153841,7934284.38618204,5630,200,0.7035832209512591,12.246028198860586,192
72cae0fa-4f5c-4bc9-b45c-c9bb09a59cd6,70022972-d038-4dbd-bee2-ba197b2c9339,7934275.436532171,7934275.975056929,7934284.735586306,906,200,0.5385247571393847,8.760529377497733,704
3d819248-7ead-4074-8a93-5e7d9d618cac,0a73b161-d82b-4323-916b-33e2b59d35e0,7934275.436535045,7934275.986928672,7934284.943857306,1753,200,0.550393627025187,8.956928634084761,160
b898a476-e17a-4974-b09d-d4aedc66dbe2,69c65194-d8b7-413c-af90-cf5d54b7fb38,7934272.436397151,7934273.038688062,7934285.008039863,5864,200,0.6022909106686711,11.969351801089942,192
be8e47d0-fd3b-48d5-b4cf-31625d046bda,d6c72ceb-7174-43a1-88b3-1e71991dd8e8,7934274.436637589,7934275.187756267,7934285.073955882,5694,200,0.751118678599596,9.886199614964426,176
7ae0922e-804d-4c67-b4c1-5efd4a8f0e99,11b74fff-cb08-46c0-b07c-43771f2785fa,7934276.437859224,7934276.857832002,7934285.255598947,863,200,0.41997277829796076,8.39776694495231,192
5f1e1d19-eb6e-4621-b9fc-1b894d780684,18a3256f-2391-44cc-8b21-9f9538eff167,7934272.436412155,7934273.3877869,7934285.268234222,5981,200,0.9513747449964285,11.880447322502732,176
694e7711-6792-4d56-ad85-84127c1a4d79,a32d1156-2f56-45f7-a95c-d68d29f17fe9,7934272.436416685,7934273.375883477,7934285.299002811,5870,200,0.9394667921587825,11.923119334504008,192
596390d7-e756-4bea-ae17-51c81e16a4dd,e8f6df88-143b-40ff-bdb8-5b4fe35021da,7934275.436528984,7934276.086507614,7934285.4376181755,1931,200,0.6499786293134093,9.35111056175083,16
17c9f3e2-929a-496a-bbc8-fd5cd0b0b12b,bee5e930-99b4-4b1a-8085-5d0945f9389e,7934273.436891773,7934273.952114743,7934285.443658003,3858,200,0.5152229703962803,11.491543259471655,192
1584050b-cdba-4840-b792-7de3518e8ed3,57d2b1d3-5b07-41fb-98e7-d4d6c3f432ca,7934273.436906387,7934274.30079826,7934285.500281053,5968,200,0.8638918725773692,11.19948279298842,160
7fda6ad4-99bf-48bd-9f41-cb4b4c49b883,410e174c-4bcc-4323-abfb-461a0b1dfecd,7934273.436903162,7934274.23792076,7934286.272024217,5886,200,0.8010175982490182,12.034103456884623,160
1a740b8e-6b05-465f-9b8e-6ac3e11febab,03590f17-db4a-4ad3-a5bc-6fcb5b7f2b02,7934275.436525112,7934275.79873952,7934286.333105735,1517,200,0.3622144078835845,10.53436621464789,176
24958357-d2c5-4e17-9e43-b6626d4a6a35,a6efb579-aa74-470f-aba5-7b8844de154c,7934275.436509212,7934276.320193541,7934287.306869656,4867,200,0.883684329688549,10.986676114611328,176
0b73223a-da30-4928-9481-03611a72fc55,deefa634-0664-4fee-b571-ee928bcdcb5d,7934274.436646537,7934274.904797539,7934287.316529554,3207,200,0.46815100219100714,12.41173201519996,192
dee6b394-d363-4a71-b5c3-c2a4a62efd2f,8b412ed6-84aa-4ec2-9281-40208ff1b4a4,7934278.437764165,7934278.738290077,7934287.346943307,546,200,0.3005259120836854,8.608653229661286,224
025dbc88-0c5d-4953-abab-51bd051c1ea0,995b512b-75be-4e4a-842c-d44fe43bcbfb,7934278.437756407,7934279.202024275,7934287.632908948,3301,200,0.7642678683623672,8.43088467232883,224
8839549d-e38e-4e67-a449-49bfe969a2ea,18e1515f-5651-447b-acf1-6c7ef9a74d7a,7934279.436797287,7934280.20928097,7934287.925355763,1428,200,0.7724836822599173,7.716074793599546,160
27d55aed-4904-4596-9ec1-9e8c24bcb9f9,9c642a25-cabd-44b1-88b8-98eaa23c9be3,7934276.437847856,7934277.186922697,7934288.045215501,5508,200,0.7490748409181833,10.85829280409962,192
e520cf44-8990-46f2-88f8-b3ae7a1f531c,87790c2b-aa62-4df2-9e78-4b07d45b22cf,7934277.436558061,7934278.283294096,7934288.117112643,5860,200,0.8467360343784094,9.833818547427654,224
bd762aeb-641a-4e2a-b129-da2511d2075f,e839419a-835c-4bf1-af83-436ccab8d728,7934280.43613311,7934280.723187894,7934288.19493479,2859,200,0.28705478366464376,7.471746896393597,176
37666e66-e9fa-4535-abea-f47be90cfd3f,e7496e05-d4a7-4d53-8d10-3adebad8c63e,7934278.437772313,7934278.9719177885,7934288.265909269,5095,200,0.5341454753652215,9.293991480953991,176
e75125e3-72a3-411d-8fce-fc0ff8ac9a5a,968ca5b8-1884-449f-930f-a9034955bfc8,7934278.437744385,7934279.094043009,7934288.35979712,2262,200,0.6562986243516207,9.265754111111164,288
c7088d40-d2e0-4f7f-ba46-7dae01f6326f,035c2af7-1db2-46bd-85ea-71ff7e3a5dc7,7934279.436784252,7934280.251547059,7934288.523219368,4066,200,0.8147628074511886,8.2716723093763,192
28ea20aa-e9d7-46af-b19e-98934bedbd67,bb6f0502-2197-4ee3-b8a1-b1060a43622f,7934279.436800487,7934280.129769551,7934288.905546534,1323,200,0.6929690632969141,8.775776983238757,192
1d215f02-f02a-4465-9a8c-99aed9658f53,86bcccf7-bc5c-4d53-ad50-89b11a3494f2,7934277.436554973,7934278.119419621,7934289.043355979,5719,200,0.6828646482899785,10.923936357721686,192
0f864349-4627-491b-aa24-63282d4222c8,b330bc7f-ccb0-415f-add5-1d92834e01ef,7934279.436773723,7934280.177834099,7934289.072986769,5816,200,0.7410603761672974,8.895152669399977,192
72a45450-9b92-47e5-97d1-c436e4795316,45279b00-df84-4e7b-813d-b5d302dc8c84,7934280.436165589,7934280.883900968,7934289.338145473,819,200,0.4477353794500232,8.45424450468272,160
32ced327-4f04-4326-b92e-cdcf332aa2fb,764b887c-0f76-4dbe-8fcb-1a144f07cbcd,7934280.436160413,7934281.003847788,7934289.391724511,1948,200,0.5676873754709959,8.387876722961664,176
e1663b74-f56f-426e-be72-521dfa82cd30,096de4a6-59ff-48ea-a5bc-74fe92e53140,7934278.437748941,7934279.270399824,7934289.481328899,2229,200,0.8326508831232786,10.21092907525599,192
007151e6-41f8-47ce-9135-2f1abf2f54a5,f2e623bf-4085-4da8-a0e0-3eb712c8e231,7934278.437727179,7934279.271874369,7934289.483126803,5842,200,0.8341471897438169,10.211252434179187,176
d7fed541-e4de-4f2b-8e37-e1e6363ef2a0,03c8099b-ba1e-4020-a5bd-a611370f36cf,7934278.437752688,7934279.383550031,7934289.496495127,5738,200,0.9457973428070545,10.11294509563595,192
a09513e5-a774-4756-a7fa-38e38ddfcd15,62ba3324-375e-4ba6-aa6c-7f54c2faf14e,7934277.436551412,7934277.850116552,7934289.903226109,3177,200,0.41356514021754265,12.053109557367861,192
5299ad73-05d3-482b-8620-8444f938dd8f,6db5555c-9147-470f-bc60-d14016e9a811,7934279.436803327,7934280.365602651,7934290.032347455,4768,200,0.9287993237376213,9.666744804009795,176
5c0ca54c-d88e-4027-bc63-3aed005ce449,3153217e-eb23-4a22-9578-9fc2be8dea7d,7934281.436585778,7934282.185078826,7934290.123014818,5831,200,0.7484930474311113,7.937935992144048,176
eabd71f3-c8f3-4a56-8082-d6ad27852533,383fe816-1603-4be4-bd50-ca1ab0a1996d,7934280.436089154,7934280.704326284,7934290.18247928,2590,200,0.2682371297851205,9.478152995929122,288
f58e6a18-51d8-42a6-b2d9-5b0bfe50a6d5,f33ed1b7-98b9-440c-8c35-a38b4413ebf6,7934279.436791356,7934280.33475341,7934290.29554754,5261,200,0.8979620542377234,9.960794130340219,192
483204f1-c23b-417f-8118-5ada5b1dce06,4390bb7e-9aec-4d44-9580-84b4c611e62f,7934281.436575268,7934282.358600504,7934290.328578671,5743,200,0.9220252353698015,7.9699781676754355,160
23949f67-9a29-469e-a4f8-527ef664d26c,4badfb68-cc71-43fc-ae4b-f30cf995fe2a,7934282.436326476,7934282.783395173,7934290.58502732,3060,200,0.3470686972141266,7.801632147282362,192
19aced17-4488-41e8-8930-5a3d9ad95248,6bf8b67e-ba7b-4962-b021-3100e5dc69e1,7934277.43654097,7934278.059233262,7934290.58522627,1244,200,0.6226922925561666,12.525993008166552,224
622448bb-36fc-4f1a-a748-f262a41a9ef7,afa96050-26e9-458e-8e99-e58a051b36a6,7934282.436341437,7934282.909904763,7934290.909665547,2294,200,0.47356332652270794,7.999760784208775,192
2d67ac6d-58e1-438c-b910-23818b31e781,8d0d672b-a7b3-4430-b510-6bdd1d8bb4c1,7934278.437760851,7934280.1991453795,7934291.073550644,5875,200,1.761384528130293,10.874405264854431,224
f74b8ac1-b4ae-410b-88fa-b0250c3a33c8,979aa3f6-f609-4613-92f5-7fd412266151,7934279.436794095,7934280.603876401,7934291.099153731,5732,200,1.16708230599761,10.49527733027935,160
f5beb218-3a69-4b2d-9382-ac01949b00f1,2c929018-1efb-4278-a9f8-81ffee848167,7934278.437768746,7934279.60065021,7934291.533239673,4832,200,1.162881463766098,11.932589462958276,176
c0aed254-64ea-472d-ac89-0dc94178d002,8a726fa4-de81-489c-98f8-8ba49638fffc,7934282.436338718,7934282.851529785,7934292.11718911,4487,200,0.4151910673826933,9.26565932482481,192
8c00ac76-76ce-434c-aff1-f28484edc280,23d19ba7-7bd3-4d29-b13f-0f5291c02ec6,7934283.43786825,7934284.577579172,7934292.255721267,5766,200,1.1397109227254987,7.678142094984651,160
d44f2a97-6762-4153-90b7-eb612db9b60f,ebbcf9f5-1774-4a00-ac1e-60443cb15ecc,7934279.436788467,7934280.498531892,7934292.33106014,5887,200,1.06174342520535,11.832528248429298,176
44e475c8-afcf-402f-a430-bb599abb0ab0,a99e74fa-c07c-46d6-bc02-1eabac116d61,7934280.436182138,7934281.260043798,7934292.389945896,5916,200,0.8238616604357958,11.129902098327875,192
2820f074-ee24-4aba-af22-f8282db071f7,9e1f8095-8e1c-45e5-95bf-cc2fa1c68f3f,7934283.437837528,7934284.121576502,7934292.443560831,4842,200,0.6837389739230275,8.321984329260886,192
9c95948c-be2f-4a2a-8f3c-17a422539c4c,c1017aac-714c-4899-a365-4481a7efceb5,7934282.436348601,7934282.849946519,7934292.497469338,3754,200,0.41359791811555624,9.647522818297148,176
3894dd5c-d226-4147-80b7-8df4a7f6b08c,39bc6c25-b2be-478d-9919-83b0de268d70,7934283.437862765,7934284.01613694,7934292.5046261,5902,200,0.578274174593389,8.488489160314202,160
6587b031-a756-413e-8b80-757fc6e44438,38bd04e6-cb8f-4c97-a175-530eaa1094b0,7934284.436302774,7934285.069492353,7934292.759890107,2349,200,0.6331895794719458,7.690397754311562,176
9e81ea82-ddf8-4a8d-a2d3-cb0a7e81eab8,9275074f-0819-42b2-9e68-2fb2aa8483cd,7934282.4363448,7934283.0247352915,7934293.304134656,3256,200,0.5883904919028282,10.279399364255369,176
dbb288bd-c558-4069-84e2-d7830e0b231a,06312fd4-a78a-42c6-96c4-a5088cfcc81e,7934282.436335268,7934283.209394575,7934293.321817854,3802,200,0.773059306666255,10.112423279322684,160
d6886b88-2684-4b9b-aea9-28b3e6c66cd1,e8aec464-55fe-4709-9173-dbeae0bf8f34,7934286.437487648,7934287.103328195,7934294.249254107,2946,200,0.6658405475318432,7.145925911143422,192
b2c43b60-455d-4f29-8edf-5f8562a70111,95a97b7f-b9b9-4ff5-b501-08226dc92408,7934283.437791052,7934284.269271545,7934294.423243603,5901,200,0.8314804928377271,10.153972057625651,176
d8bf0d04-99e7-439c-8fb6-cc2aefbe7677,f604b214-cf06-420a-b0b4-5ce7a5740c75,7934285.436253236,7934286.014971025,7934294.527233501,3333,200,0.5787177896127105,8.512262475676835,160
90da85c0-6f71-4f80-a9b9-286aae03fcbd,c2544ed7-4cc3-41ba-bc4c-4d76b48b4602,7934286.43748197,7934286.860394249,7934295.384981063,1514,200,0.4229122791439295,8.524586814455688,16
d380800c-7f55-497b-817b-4087065a98c5,05abfb55-c5d3-4f16-b57e-4ecd5585f804,7934286.437478008,7934286.656452255,7934295.843580831,1805,200,0.2189742475748062,9.187128575518727,192
f169bce5-54ca-4518-9b9d-2b98cb807090,c0aa256f-23f1-483c-a314-1e45b1d0a471,7934287.436190507,7934287.681747458,7934295.946781649,2751,200,0.24555695056915283,8.265034191310406,288
fee45719-053a-4318-b543-c136f8e58c32,f4ed1c61-877b-407f-bec1-a5080fdbd2b0,7934285.436262557,7934285.70361312,7934296.132319233,1531,200,0.26735056284815073,10.428706113249063,192
cfdfd681-d9f9-46f1-ac4b-d1a20aa97b78,16e9d9d1-48cf-4b87-a42b-57a6058ec096,7934287.436197085,7934287.92583654,7934296.22884522,5848,200,0.4896394545212388,8.30300868023187,192
075fdebf-7591-487b-b60f-ca194588b74b,f339d9b9-7381-4c9d-b89f-c7af823b7ea2,7934284.436305907,7934285.038462195,7934296.469301324,1607,200,0.6021562879905105,11.430839129723608,224
61c7b2bd-a5a5-4749-ae8d-b9967f675df4,bf2c9de6-a904-45db-bddb-fbd2e015a190,7934288.436454627,7934288.729373094,7934297.405519461,1650,200,0.29291846696287394,8.676146367564797,192
458fe27a-6b00-42ca-b0c8-a6db40d434c3,6582c1ba-13ad-483e-8428-492bebf8d206,7934287.43618019,7934287.518385589,7934297.483816487,5865,200,0.08220539893954992,9.965430897660553,5856
e9dbb38e-b180-4b38-a777-379973ad25f3,383fe816-1603-4be4-bd50-ca1ab0a1996d,7934288.436457557,7934289.15620698,7934297.645616514,2590,200,0.7197494236752391,8.489409533329308,16
54deab12-4ed7-4c15-ad5c-aca88a002ed0,a48a78e1-9592-4620-8de8-227c1d576960,7934284.436286174,7934284.973946838,7934298.073150139,5806,200,0.537660663947463,13.099203301593661,224
e2fb01d3-a3fb-4f02-8beb-0a48d5e7d4fc,7f600648-e3b8-4d8f-965e-8a52d4e10df9,7934286.437484626,7934286.967399816,7934298.142675225,5824,200,0.5299151903018355,11.175275408662856,224
db36a54f-0d35-4e41-9431-66c3f3725b0f,194a873d-95d7-4e33-8211-f30323686617,7934284.43629889,7934284.756181985,7934298.261236064,737,200,0.31988309510052204,13.505054078996181,224
727a4995-8f64-4ef1-b7bc-1b8a1439e448,156e4c45-4731-41f8-af7a-2245be51116a,7934287.436193461,7934287.9391260035,7934299.035275356,5987,200,0.5029325429350138,11.096149352379143,176
695d6ae6-8122-41b1-9765-d51a8d9bf24f,b3f1f0dd-eba4-4b6a-9258-7a503a88b12a,7934286.437460711,7934287.263539705,7934299.296891486,4329,200,0.8260789941996336,12.033351780846715,160
4ac70058-1007-43f2-819a-c98cdbc0d1be,78c7ebb0-2d9a-4cfc-adc9-dc9ee1c4eab2,7934288.436451362,7934289.313530206,7934299.312193118,5577,200,0.8770788433030248,9.998662912286818,288
8e2ca63e-d48f-4c45-a7b6-fbbd89156e1f,9a1eae28-c3b5-466e-ba7b-ae73bec6e606,7934291.4361147,7934292.114106548,7934299.7459071325,5223,200,0.6779918484389782,7.631800584495068,160
fb60bb38-02fa-495d-a244-44bbb3681400,ed6fbd43-efd1-4415-8aa9-6d1c4533dabb,7934289.436499147,7934289.9376797415,7934299.934069026,5904,200,0.5011805947870016,9.996389284729958,176
1f983c38-940e-48e8-9b0d-bc6f7f4c3176,e1ffbb6b-111e-4e1e-8b10-9c71bc28b303,7934292.436257903,7934292.81422095,7934300.137491128,3649,200,0.37796304654330015,7.32327017839998,176
c172b603-14ec-494b-9fc5-6d1e5b62f615,b3ffd0fe-a17b-4314-8444-c54bf3c9afe5,7934293.436539886,7934294.0695193615,7934300.730403865,330,200,0.6329794758930802,6.660884503275156,160
f1c13f8d-a2e0-4763-a7e5-f2a22e1a2ab6,8b412ed6-84aa-4ec2-9281-40208ff1b4a4,7934290.436986856,7934290.84261977,7934300.88749699,714,200,0.40563291404396296,10.044877219945192,224
84aee2f8-4004-49f8-8f91-b5e359c6108b,a0c71312-2b96-472c-8ed1-c64a53fe3235,7934291.436111288,7934292.069550386,7934300.954507499,1181,200,0.6334390975534916,8.884957113303244,160
7b4ec59a-9c90-4d62-9cee-f0976fa43ab7,eaf119a5-4710-4ef6-96f9-c67f053ee28e,7934288.436442779,7934288.981347301,7934301.125590713,883,200,0.5449045216664672,12.144243411719799,160
3d1c1e96-605f-40f2-a57e-268c61c7fa48,8f96b91b-4e75-4371-8fa7-9924e5dfeefd,7934293.43654278,7934293.590345756,7934301.248738157,371,200,0.15380297601222992,7.658392400480807,160
8f1cfca8-fe47-4241-a6c1-1c72b186345f,d9617223-3bfc-4530-a2a7-84b7fcc611f3,7934292.436260387,7934293.04917783,7934301.397727727,1767,200,0.6129174428060651,8.348549896851182,256
b5930efc-6aa2-4f6f-ba3f-8aaac42cee93,f0e9ae05-0666-4374-8518-76c2cede1867,7934294.436863065,7934294.888477432,7934301.409024942,925,200,0.45161436684429646,6.520547510124743,176
e7c1e64e-0658-4ee5-9029-ea3e63bc102e,25518b2c-685c-4ddb-970f-4927e0b58092,7934293.436537006,7934293.958555456,7934302.877112372,2001,200,0.5220184503123164,8.918556915596128,160
194b1919-24c2-4046-8460-92353e424aba,e088525b-8b4c-427f-8e0c-45636e723004,7934291.436105352,7934292.296035675,7934302.976936369,5267,200,0.8599303234368563,10.68090069387108,224
7e6a9983-4a4e-4bff-b0d4-87b27ab162ef,53af0820-ed9a-40ae-a494-25d54b4c12a6,7934289.436507189,7934289.910002514,7934302.993971784,3567,200,0.4734953250735998,13.083969269879162,192
0b3f76f6-22da-4f0a-96be-ced72969fb05,26246547-489c-4bf5-a461-7a53ca519d6a,7934290.436982582,7934290.887352242,7934303.045364792,1388,200,0.4503696598112583,12.158012550324202,160
e184f9c6-13bb-4ef6-a44e-7a0c4e470e41,047bea13-6787-41b6-a5a4-e3a836c6c6ca,7934292.436252233,7934292.985909151,7934303.271193597,2985,200,0.5496569182723761,10.285284445621073,160
81ea616b-0451-466e-982d-91188715b6fc,1c71abef-2cf5-47fd-b33e-16fd8e19488d,7934290.436967901,7934290.958942708,7934303.401284536,2422,200,0.5219748066738248,12.442341828718781,176
e1701dcd-655d-4a99-8dc2-83b28a5ad53c,8f9dacfc-fe44-4310-a09b-1460546de939,7934294.436856224,7934295.532682044,7934303.440781971,5950,200,1.0958258202299476,7.908099927008152,160
8d098e8c-abbc-4c0f-a0cd-b3e2d408e939,a7a294d1-c88e-470d-8ca6-c86b5e5cbc06,7934294.436849902,7934295.3665367635,7934303.4846792985,1781,200,0.9296868611127138,8.118142534978688,176
ca40f160-048e-4a1e-8631-93dad56b1c12,06fc1b29-ed92-49b8-98c8-5792e32d0ecd,7934293.436545854,7934294.336419608,7934303.591509747,4382,200,0.8998737540096045,9.255090138874948,160
4c51e93d-e353-4f9c-8336-7c0d8fb48295,583eb43e-4777-43dd-b3ac-37d66ab778b1,7934296.43639768,7934297.1571784625,7934303.623501842,5792,200,0.7207807824015617,6.466323379427195,192
6a273a67-6060-4e62-9650-13765bad6d3f,17b2c601-5562-408c-b74f-9b2ed70a4c89,7934290.436989961,7934291.278668398,7934303.851097074,6447,200,0.841678436845541,12.57242867629975,192
c8ffbd82-2842-4857-94ea-993fde2b3001,02cd5b43-b6fe-4cb4-8afb-075adc7acc08,7934293.436532864,7934294.389999772,7934303.973992006,5861,200,0.9534669080749154,9.583992233499885,176
58721bc6-4c78-46b1-8a1d-67e7d29920ea,644cffe6-f7e2-45fc-8b1e-a5ae777f772e,7934291.436108298,7934292.125750011,7934304.159414553,5773,200,0.6896417131647468,12.033664542250335,176
996561e7-11d3-4712-9cf6-97979d6ce1aa,d3d0040a-4b55-4d35-b6ff-f594d1873706,7934294.436859404,7934295.656034131,7934304.161055692,6080,200,1.2191747268661857,8.505021560937166,176
1ede0b3a-2eeb-464f-9d1e-f8165833d877,11a2967c-8c37-4e82-b852-df78459a03a9,7934295.436649372,7934295.88274838,7934304.181184916,650,200,0.4460990084335208,8.298436535522342,160
199410dc-e27a-4760-8e35-9681646e2b73,2b8e65d1-d959-42ef-85da-c23c233207a9,7934291.436092577,7934292.047073648,7934304.399775835,3607,200,0.6109810713678598,12.352702186442912,16
0b2e2e27-4dbf-4df7-b58b-9c5c20eba0ba,b6b50fed-883a-44d8-a0d2-154444ac9b9d,7934297.436837882,7934298.162543147,7934304.920810545,5932,200,0.7257052650675178,6.758267397992313,176
e7a9b16a-f5e4-4db4-acdc-523d26667524,7d2e5d4e-e5db-464d-b30f-0fa63819307f,7934291.436102044,7934292.130873843,7934304.948209022,2344,200,0.6947717992588878,12.817335179075599,160
06ef29eb-8dbc-4479-b05b-b380d99bce1b,83faef8c-de76-4007-b119-002a4c228c5e,7934292.436240884,7934293.195802355,7934305.091120163,3558,200,0.7595614716410637,11.895317807793617,192
ccff3336-60eb-4a9e-9869-9618e444a014,937c7008-06a1-4543-8676-6f44a8fe2de3,7934292.436255335,7934292.986816367,7934305.119857719,5368,200,0.5505610322579741,12.133041352033615,160
b71e1399-313b-4dcf-87cb-4d1f1fec9cf7,e4309e54-f368-4beb-8abb-5e8553b2a1cf,7934295.436628117,7934295.980978627,7934305.260803478,5806,200,0.544350509531796,9.279824851080775,224
32b7f95e-b5b5-49e7-9d14-072a37c569ff,0038992e-64f0-433e-82d3-367cf8fa2c76,7934297.436842348,7934298.001188758,7934305.287056006,4297,200,0.5643464094027877,7.2858672477304935,160
7e63e378-5bc3-4b8e-91e7-96022a44145b,2a6b418f-fb9e-4337-90a6-71ef5a5391d6,7934298.437066114,7934298.560851404,7934305.3109091455,547,200,0.12378529086709023,6.750057741068304,160
98ae94c5-416a-49d9-8948-6afc3e27c357,e8f6df88-143b-40ff-bdb8-5b4fe35021da,7934298.437069766,7934299.02638242,7934305.38834202,1969,200,0.5893126539885998,6.361959599889815,288
cb8e65a0-fdca-4aa9-a8c9-717282c7170a,c1017aac-714c-4899-a365-4481a7efceb5,7934293.436521827,7934294.182798924,7934306.266822159,3611,200,0.7462770966812968,12.084023235365748,176
cbee3b15-5471-48e2-adc0-aa8977b392cd,929c8784-19f8-4a41-94f3-58e17f2b5956,7934294.436837212,7934295.533775945,7934306.295562474,5470,200,1.0969387330114841,10.761786528863013,224
c216fb3d-a3a1-4811-a8f0-50fb96907cb2,0a12384f-0fb8-4809-b8db-e918b89100c7,7934292.436249251,7934293.176807497,7934306.315479677,3202,200,0.7405582461506128,13.138672180473804,176
bcdf9dd3-cf95-4c26-8a48-310f448a1973,0035d189-b7ba-4219-bf54-b6c735ceb63f,7934295.43664165,7934296.359060873,7934306.344959109,5824,200,0.9224192230030894,9.985898235812783,160
7054781f-adfa-4a3c-8569-27029efab482,8f74c273-3def-47ea-8e27-63467cdcf042,7934298.437049094,7934298.658074287,7934306.412520043,2076,200,0.22102519311010838,7.754445755854249,192
8bcfe7a3-c9e1-46ba-b9af-c3f9820e2d55,548fd163-71d0-4642-9386-c5a09a047dbd,7934296.436410153,7934298.01669651,7934306.927479627,4969,200,1.5802863566204906,8.910783116705716,224
fc23e7c6-3284-48c7-9629-c4595a189642,b294c638-1caa-4f73-aea8-c2de71511a8d,7934296.436406743,7934297.650408902,7934306.942080868,5733,200,1.2140021594241261,9.291671966202557,224
f351efb9-df92-4748-94aa-de0adaf2a239,641a35e5-6f76-4ab0-9200-900f50fee312,7934298.437072988,7934298.693926096,7934307.011462209,2597,200,0.2568531082943082,8.317536112852395,176
d4a6e255-e75d-4488-a757-819f07717861,4b292fad-a776-4332-bc3d-941725a4782d,7934294.436852787,7934295.955057445,7934307.097636858,5859,200,1.518204658292234,11.14257941301912,176
b53b91c3-997e-4f7d-9cd2-e8437907d74c,abf7562e-34ae-4c0d-9940-697f33aab22b,7934295.436645732,7934296.392428307,7934307.12567953,5816,200,0.9557825746014714,10.73325122334063,192
8f61079b-d351-4eb7-9ca3-d27e36508e20,f18570f2-d4a3-4893-9ffb-be09b490d0dd,7934299.436444869,7934299.905721125,7934307.183324881,5370,200,0.46927625592797995,7.277603755705059,224
90c8eac0-1ba3-4c47-87c3-242594bdeec3,a95d4290-526f-498c-bb05-5a23a8195ec0,7934297.436824981,7934298.137258016,7934307.78909782,2962,200,0.7004330344498158,9.651839804835618,160
8d8ae511-1cef-4f84-934b-b2f13a80f851,9f45f164-ae08-433e-ac2e-7d1612160d99,7934294.436845915,7934296.209165658,7934308.026814719,5781,200,1.7723197424784303,11.817649060860276,176
ad5f1e16-bb9a-4c1c-8811-9c34bd87aa15,afafd84f-c43a-4a5b-a307-c257cbf756bb,7934295.436652736,7934296.440568969,7934308.050683969,5756,200,1.0039162328466773,11.61011500004679,176
055ae306-2b90-4c57-b615-a4996e3b991e,20c8e018-9f79-48b0-aad8-4763f7885b6e,7934298.437061581,7934298.947022921,7934308.131295446,5888,200,0.5099613405764103,9.184272524900734,224
feeb3343-4e77-4465-8fcc-43e7f380ede5,c0aa256f-23f1-483c-a314-1e45b1d0a471,7934299.436434373,7934299.51129301,7934308.284686501,2810,200,0.07485863659530878,8.77339349128306,2720
d29614a1-6722-4ebd-ba42-7596bb3d0210,bee5e930-99b4-4b1a-8085-5d0945f9389e,7934300.436690695,7934301.026588464,7934308.503647072,3858,200,0.5898977695032954,7.477058608084917,192
9428faf8-0a7c-447a-8b3d-43e4f4e534a3,961158f4-59d1-44e2-aa5a-ebdcb33cc610,7934301.436476809,7934302.403552906,7934309.154784229,5887,200,0.9670760966837406,6.751231322996318,176
c912784e-3895-42b1-919e-cb91d64769bf,f4ed1c61-877b-407f-bec1-a5080fdbd2b0,7934302.436068849,7934302.608844838,7934309.237617135,1730,200,0.17277598939836025,6.6287722969427705,192
a85098e0-0954-4e48-9258-3239fd286d7f,1f4955f6-7c84-4aa6-90b7-dd77f5b51da1,7934300.436694165,7934301.4443508545,7934309.664219936,5849,200,1.0076566897332668,8.21986908186227,176
959fa7fc-438e-4019-9293-798d62dff517,acf1c310-789c-4b46-9c4c-aa4020ee454c,7934301.43647982,7934302.362716906,7934309.829539645,1190,200,0.9262370858341455,7.466822739690542,192
140e5703-5802-48b1-a3df-71ed0bded79a,12f27011-1d1f-4e75-a7d0-158faedac5c8,7934301.436459733,7934302.061816296,7934309.860492405,4438,200,0.625356562435627,7.798676108941436,192
828e227f-319e-4b77-97e0-8313c9a07745,e2db953a-3b42-4c69-8094-c08e5f2f1e07,7934300.436681466,7934301.060884111,7934310.2603244195,1835,200,0.6242026444524527,9.199440308846533,192
98f321de-4b34-45d1-b817-03168a5ac17f,6a54a866-8f11-4918-ad94-a31e5ed06135,7934301.436473451,7934302.400462284,7934310.271244897,648,200,0.963988833129406,7.87078261282295,176
43151c39-8a7e-4b10-b18c-f75f4d9bc73b,6f297619-e9b7-4e7c-b457-43581af10191,7934302.436058043,7934302.93006931,7934310.358519688,5847,200,0.49401126708835363,7.428450378589332,192
30dbf44c-e154-4e3f-89de-8065bbe6cb8f,c357b8bf-f678-4933-aee9-8582856de38b,7934303.436407736,7934304.144068601,7934311.215585802,6607,200,0.7076608650386333,7.071517201140523,160
ade7f0ff-014a-4318-b450-ffb287fbb645,e495b9a6-189d-4aee-bef9-48cf6c56835e,7934303.436401956,7934303.600308687,7934311.362082531,607,200,0.1639067316427827,7.761773843318224,160
a70424f0-1216-45e8-850d-1d9b934bed53,0dd0cb6e-80c4-440e-9e94-a75f9c044e6c,7934305.436919268,7934306.10169787,7934312.316679847,1722,200,0.6647786013782024,6.214981977827847,192
735dd676-5496-4ff4-a16f-b1d8420e49aa,096de4a6-59ff-48ea-a5bc-74fe92e53140,7934301.436470029,7934302.216200672,7934312.340748847,2405,200,0.77973064314574,10.124548175372183,192
44047b6e-1325-4eae-afea-fca57f780025,74def355-9a6f-4dea-aed5-4077f6996685,7934303.436405259,7934304.024765436,7934312.921910378,5914,200,0.5883601764217019,8.8971449425444,176
81848089-0257-4cde-b00a-9323358bb0e4,2dbf224b-17cd-4061-a60e-d8b8bf91c15a,7934304.436790733,7934305.026070551,7934313.149116761,5634,200,0.5892798183485866,8.123046210035682,192
504f064b-4149-4fb0-9e68-9c0c58e5a1c0,0497f88c-e894-49c0-8680-54b58048ae33,7934304.436810524,7934305.241187483,7934313.327111776,3991,200,0.8043769588693976,8.08592429291457,224
638f7611-d33d-4e19-8914-12156ed319df,34bb8fa8-0277-4f1b-b7c2-92303cd5bbb5,7934304.436799551,7934305.062799628,7934313.338038024,5762,200,0.6260000765323639,8.275238395668566,160
6817f2e0-6043-4393-aa3b-31b553fd194e,630b34bb-1144-46fd-8e59-e34b1de4ccf7,7934304.436802744,7934305.232554559,7934313.414922118,5598,200,0.7957518147304654,8.18236755952239,192
1ff7209c-447e-4ee7-8953-6917d4e7b65b,929c8784-19f8-4a41-94f3-58e17f2b5956,7934305.436915608,7934306.407815922,7934313.765219289,5620,200,0.9709003139287233,7.357403366826475,224
61ec6aaa-001a-45fe-a6f8-1032c19e60fe,1cf6a300-5f01-432b-9b53-4799d42d0d63,7934302.436072225,7934302.968138011,7934314.039917887,1123,200,0.532065786421299,11.07177987601608,176
239a9051-84e0-444a-a9bb-7586c7902a6f,39e6e02c-0a49-44e4-86c7-71fea0ddc507,7934305.436906377,7934306.101526973,7934314.123148984,3692,200,0.6646205959841609,8.021622011438012,192
bb3658b8-1ecc-4411-acdc-31623b8ce43b,ddab7268-983e-4382-b5cd-d0c1c556d1d2,7934304.436808149,7934305.0473800395,7934314.256612354,1923,200,0.6105718901380897,9.209232314489782,176
a895e77c-00f3-41d6-9975-e29b81af0fc8,aa544b43-9b4f-46e1-b4cd-a465947c3251,7934307.436735165,7934308.312925966,7934314.484194088,5778,200,0.8761908011510968,6.171268121339381,192
eff754b3-d8c3-4212-a53d-7cc502593c93,035c2af7-1db2-46bd-85ea-71ff7e3a5dc7,7934306.437354213,7934306.996847396,7934315.161132922,4066,200,0.5594931831583381,8.164285526610911,192
4e575e41-8d3d-43a8-835b-1fbeb94efbf1,bb6f0502-2197-4ee3-b8a1-b1060a43622f,7934309.436298053,7934309.862450329,7934315.409796057,1179,200,0.42615227587521076,5.547345728613436,192
f90e3a70-220a-4e0b-86e9-9f53b8ed29ba,bf3576f0-1508-41f7-9a01-7c035b15e907,7934307.43673785,7934308.387893375,7934315.757808372,6609,200,0.95115552470088,7.369914997369051,192
27865c5f-c17f-45cf-839e-e6b50171745b,fbea4e9e-c510-4c9a-8e1f-ca6073d14deb,7934306.437362018,7934307.1808573725,7934316.329965099,5840,200,0.7434953544288874,9.149107726290822,160
32a52fb8-d083-4665-b99e-28cc146edfb2,d4238793-b034-4004-8635-9639e6bd91f6,7934303.436392538,7934303.953899504,7934316.410276754,5954,200,0.5175069654360414,12.456377250142395,160
03df642b-053a-4fff-88c8-8ca17634bf57,2b8e65d1-d959-42ef-85da-c23c233207a9,7934309.43629482,7934309.77280194,7934316.7309911195,3589,200,0.3365071201696992,6.958189179189503,288
b0d365ed-6d00-4d4b-9394-be708c81b775,d9617223-3bfc-4530-a2a7-84b7fcc611f3,7934307.436722151,7934307.957444109,7934317.224175283,1810,200,0.5207219580188394,9.266731173731387,1744
64950892-7805-4dd8-87ed-81aa74268ec5,d35e928a-a1c9-429d-80e3-757fa9365310,7934308.436290004,7934308.819775793,7934317.260579429,3958,200,0.38348578847944736,8.44080363586545,192
1026dfb9-a777-4bbd-938c-934369576d04,c1017aac-714c-4899-a365-4481a7efceb5,7934308.436276446,7934309.163415932,7934317.880257594,3600,200,0.7271394859999418,8.716841662302613,176
c18b1b7f-6bfe-4980-982c-07b331528397,b952ea77-91ff-426e-9bca-87a362322901,7934311.436383322,7934312.334020933,7934318.104009411,5847,200,0.8976376112550497,5.769988478161395,176
2feb25f6-2f48-494d-9a21-b0cd4d7a4362,b6d0191d-230c-484f-8de2-79d96d0d39c7,7934311.436357355,7934312.396647625,7934318.129178464,2951,200,0.9602902699261904,5.73253083974123,160
350cbe3b-c5b3-4282-a3c6-d505a8a3bd96,11a2967c-8c37-4e82-b852-df78459a03a9,7934312.436548405,7934312.538829517,7934318.207726382,753,200,0.10228111129254103,5.6688968650996685,160
1bed1fee-2198-4b2f-ab82-af1b8640559c,f3147b85-f01a-48c8-959d-fa64c1291b53,7934309.436301004,7934309.790947595,7934318.375115691,1433,200,0.3546465905383229,8.584168096072972,160
5f07878e-13ec-4400-a65a-ffca9443ce9e,e913d0bc-9409-4e00-b985-d381b49a0441,7934308.436292583,7934308.713538678,7934318.433578114,1689,200,0.2772460952401161,9.72003943566233,160
35484c7b-9246-4796-8137-0278ee3a7ea4,d466e64f-dce6-42a2-a60f-863c44e0803e,7934311.436376491,7934312.2617571065,7934318.482985558,1651,200,0.8253806158900261,6.2212284514680505,448
e9de28bc-3664-4cf5-970d-fd7eac631b1e,2ce6f444-2254-49aa-a987-83f28b28df9d,7934310.436277391,7934310.665606987,7934319.247988113,382,200,0.22932959534227848,8.582381126470864,176
8e9860b9-ab77-48d3-91aa-034d2c13e805,383fe816-1603-4be4-bd50-ca1ab0a1996d,7934304.436805291,7934305.066777359,7934319.381841508,2590,200,0.6299720676615834,14.315064148977399,288
97bedc37-a0cc-49ec-ba33-b07ecec47645,23e2deaf-5aec-4dee-805d-ab1d76d05bf4,7934311.43637419,7934312.131553469,7934320.1529212715,2531,200,0.6951792789623141,8.021367802284658,160
16677397-8cb1-4c4a-b601-cb0ef4357f61,ca6d5afc-77b7-44a5-95fe-4bd353dcb90a,7934308.436286315,7934308.880515603,7934320.317731338,3609,200,0.4442292880266905,11.437215734273195,160
3e03667e-fb6d-4028-b1c6-110c6e534c23,f2e623bf-4085-4da8-a0e0-3eb712c8e231,7934309.436280897,7934309.947234018,7934321.012885373,5842,200,0.5109531208872795,11.065651355311275,176
f216224f-3db2-4537-9ab1-d572ba231e5b,168275c1-deb0-4465-8f8a-3dcdf57e22ce,7934311.436368913,7934312.857827114,7934321.029058387,5488,200,1.4214582005515695,8.171231272630394,160
b959faf3-12b6-49a7-8852-9cf84f66c8c1,eebb2bf9-1068-482e-b93b-f5660953911a,7934311.436366014,7934311.677034995,7934321.220107683,1957,200,0.2406689804047346,9.543072688393295,224
04394a5e-e9a8-4dc5-a6c3-4e2357227288,7e271716-92bb-4055-a16b-52c471a6e0bd,7934311.436381012,7934312.425475963,7934322.07422595,1949,200,0.9890949511900544,9.64874998666346,288
8c49b319-0432-4ac4-899e-f45084fec88f,a95d4290-526f-498c-bb05-5a23a8195ec0,7934307.436731769,7934308.056636968,7934322.131917313,3029,200,0.6199051989242435,14.07528034504503,160
602e4af6-4fa7-491d-8519-aa5543c5538f,e8f6df88-143b-40ff-bdb8-5b4fe35021da,7934312.436538044,7934312.624371799,7934322.191227127,1957,200,0.18783375434577465,9.566855328157544,16
f3a6c8b1-b323-4fbb-baf8-676ce5c65822,16e9d9d1-48cf-4b87-a42b-57a6058ec096,7934313.437918328,7934314.294680879,7934322.223602482,5787,200,0.856762551702559,7.928921602666378,192
6e1874b7-932b-40b4-9468-a1c12aef6daf,87790c2b-aa62-4df2-9e78-4b07d45b22cf,7934314.436983026,7934315.07546189,7934322.39892015,6020,200,0.6384788639843464,7.323458259925246,224
9f35ba81-0476-48d8-95fc-10d055d628b0,8a726fa4-de81-489c-98f8-8ba49638fffc,7934313.437923941,7934314.033631796,7934323.305377117,4667,200,0.5957078551873565,9.271745321340859,192
f5908202-ec88-4b03-9118-5c64d06df514,cfa869f2-0e7b-48ac-912f-0f1682a5bebc,7934315.436817035,7934315.629676888,7934324.001493342,558,200,0.1928598526865244,8.371816454455256,176
69f20c2f-a72a-4132-b398-e660b95a3324,548fd163-71d0-4642-9386-c5a09a047dbd,7934309.436290895,7934310.284124811,7934324.73829112,4969,200,0.8478339165449142,14.45416630897671,224
ee7a53c5-c7e2-465d-b76b-ed87e787002d,f88910ec-3fa7-4b0d-87e8-87f7a35d4a47,7934310.436286827,7934311.1597636305,7934324.869014001,2098,200,0.7234768038615584,13.709250370971859,192
8cb57584-b54f-4af6-bcb6-162e36453d63,d11f81f3-6a44-4460-95ba-f10e37531043,7934316.43650374,7934317.194866348,7934324.967401074,3490,200,0.7583626080304384,7.772534726187587,176
e8f2b310-8153-482f-b9fa-aa55822ff88f,e624dbbb-c081-4a44-b1fc-b30d15208ed4,7934315.436831978,7934316.255352867,7934325.140188516,2326,200,0.8185208886861801,8.88483564928174,224
97a4ae16-acfc-4907-9aee-7698bf766a5b,dede0210-5552-4607-8159-2fd26af2324f,7934317.436567207,7934317.590284192,7934325.248715368,1605,200,0.15371698513627052,7.658431176096201,464
c62b4cc8-ba4c-44b8-998f-258f8ac59ea6,a284dc61-34eb-45cc-857a-6a8eab8536a1,7934311.436371677,7934312.299939682,7934325.364647728,4728,200,0.8635680051520467,13.064708046615124,224
49a93f2b-59bf-4cf5-aece-6f0e1220e424,f981a306-8b21-4254-95fa-d0ce56582057,7934316.436491745,7934317.0210431125,7934325.845635761,5032,200,0.5845513679087162,8.82459264807403,176
cd67f18d-ecd8-4d78-ac03-fc98c985d09c,451a9b19-a212-4faa-a8f6-2dba2b487636,7934311.436378859,7934312.388654995,7934326.138179066,5782,200,0.9522761357948184,13.749524070881307,224
00883a7e-50a6-4c6c-856d-69ef399a3af9,5e5a3766-9cfb-4baf-a1b7-875a90db3d82,7934317.436563822,7934317.960440712,7934326.376829368,5951,200,0.5238768896088004,8.416388656012714,176
b6a2718d-7388-4621-96ab-0ba3a2d9c464,e544a40e-0e84-4a84-b719-306beaad3aaa,7934318.436369668,7934319.009029389,7934326.381237223,5388,200,0.5726597215980291,7.372207833454013,176
3e25789e-3ebb-44a1-8403-d1503e9d6df5,096de4a6-59ff-48ea-a5bc-74fe92e53140,7934316.436500409,7934316.687843256,7934326.445057475,2553,200,0.2513428470119834,9.75721421930939,192
69bf1e01-780a-4697-880e-1919612894fd,db77c097-065d-4605-a081-54873f86805c,7934313.437910462,7934313.919064607,7934326.520815124,5923,200,0.4811541447415948,12.601750517264009,176
4f647237-f0c1-455d-9464-461b7e6474f4,8b412ed6-84aa-4ec2-9281-40208ff1b4a4,7934317.436581563,7934318.063619495,7934327.06393639,714,200,0.6270379321649671,9.000316894613206,224
06daa549-af02-445c-8fb4-c827993c4057,95a97b7f-b9b9-4ff5-b501-08226dc92408,7934313.437921691,7934314.32981187,7934327.199470007,5824,200,0.8918901793658733,12.869658136740327,160
1b3a03bb-01a8-41a4-8338-d3a8d7e5b692,20fad8c1-7cce-472b-a73b-41371e731918,7934314.436974367,7934315.270512099,7934327.429694294,5077,200,0.8335377322509885,12.15918219462037,160
e816d4d3-22fc-4ee4-a19d-b794b0b7e9b6,1617cb07-56e4-4bb2-8e30-4e1589bac742,7934317.436554635,7934318.108876179,7934327.444969987,2675,200,0.6723215440288186,9.336093807592988,176
f32ecc99-5a8d-4527-b79c-9091e70fafa6,361d1536-ceec-424e-9ffd-3c7b29a993b3,7934317.436578912,7934318.488418586,7934327.689723629,5823,200,1.0518396738916636,9.2013050429523,160
99810d2a-b86b-4bd3-b47b-0383575aeca9,2a6eb3ba-e100-4c92-a9e9-1e45cee4c4c3,7934319.436960969,7934320.088936233,7934328.00395101,2460,200,0.6519752638414502,7.915014777332544,16
b77625ea-5d76-434a-a7c2-d493ffcfdbc7,f16bdfcd-0419-4038-bc3c-4a3e2f4c0f7a,7934316.436506435,7934318.122656164,7934328.2596214,5839,200,1.6861497284844518,10.136965236626565,160
3e744746-7166-4071-ad12-77d1582ee68d,995b512b-75be-4e4a-842c-d44fe43bcbfb,7934317.436569886,7934318.254793634,7934328.287159861,3543,200,0.8182237474247813,10.03236622735858,224
04afd668-df94-4ca5-b6b9-444bc78efded,97ad3f12-85c7-44bc-b969-699e6ef5da09,7934320.436389827,7934321.271518639,7934328.462230361,4300,200,0.8351288121193647,7.190711721777916,160
3415b4f7-0993-406d-84e0-587a6723d8c6,9e4a66fd-e0ca-44f4-a552-5097141dcc11,7934319.436954888,7934319.903738047,7934328.488039449,5472,200,0.46678315941244364,8.584301401861012,176
33f3af4d-95f0-4dce-9cff-bef005994e01,6582c1ba-13ad-483e-8428-492bebf8d206,7934315.436828423,7934317.634686637,7934328.807548602,5865,200,2.1978582134470344,11.172861965373158,224
5938e4ff-0533-4251-9351-d48e3819c965,f88bb08c-4a52-4a43-a69a-b3b68f451538,7934317.436572955,7934318.851451953,7934328.865081772,6228,200,1.414878997951746,10.013629819266498,224
dc55e9a2-6d9a-421e-abb5-18ed1d0f8f24,c2544ed7-4cc3-41ba-bc4c-4d76b48b4602,7934319.436937621,7934319.616183938,7934328.923883777,1588,200,0.17924631759524345,9.307699838653207,288
3e0b5dc0-632f-42c7-8026-06d3598c2f1a,c7d4bf82-b656-4649-9145-d43cfcc0709d,7934319.436957928,7934319.955915036,7934329.0818997575,5860,200,0.5189571073278785,9.125984721817076,224
47c3ae23-4825-4f04-a5a0-e592f3b6dccc,70022972-d038-4dbd-bee2-ba197b2c9339,7934318.436360944,7934319.001439353,7934329.097671725,1086,200,0.5650784093886614,10.096232371404767,192
bb365b83-ce81-47e4-9d06-0085b37e7f58,74f34492-f3fe-4345-b7a4-517983671cc4,7934319.43695229,7934319.79772399,7934329.145163064,1579,200,0.36077169980853796,9.347439073957503,160
5391081a-d266-4bc2-a51b-d025cfe499ea,d9617223-3bfc-4530-a2a7-84b7fcc611f3,7934322.43634978,7934323.851368098,7934331.237727993,1866,200,1.4150183172896504,7.386359895579517,272
4a44f71b-a09d-4660-8a1f-d17a072b1af0,2f758670-b8ed-4ec1-862e-affd9609923b,7934321.436218773,7934322.762702933,7934331.38295912,4605,200,1.326484159566462,8.620256187394261,192
e88f7a72-544c-4005-a508-04d0e3d9a798,2b8e65d1-d959-42ef-85da-c23c233207a9,7934322.436341526,7934323.154649968,7934331.404439108,3586,200,0.7183084422722459,8.249789140187204,16
ebee71c8-c11b-42aa-b7e7-6685f253cac0,e8aec464-55fe-4709-9173-dbeae0bf8f34,7934324.436330042,7934324.803098513,7934331.868180217,3131,200,0.36676847096532583,7.06508170440793,192
8af751ea-4b39-4a79-afef-99cc0a3ce8d2,c6adb431-97d2-40fd-82e1-9e46fa15e62b,7934317.436575896,7934319.127889532,7934332.0449619675,5943,200,1.69131363555789,12.917072435840964,192
90a8907d-d3dd-4911-be77-f347ce432973,158a3758-8a73-4b48-8df1-3a54b581611f,7934319.436946121,7934320.221847558,7934332.176609583,5852,200,0.7849014373496175,11.95476202480495,192
4b32f92c-f4c4-465d-90d3-cfc9779b77d5,53af0820-ed9a-40ae-a494-25d54b4c12a6,7934323.436517745,7934324.138616387,7934332.208276321,3567,200,0.7020986415445805,8.06965993437916,192
ba6be7c5-0285-45de-b554-e76f7608051b,da54d551-745f-4af5-a083-f1b462d8b4b3,7934319.436949619,7934320.024728414,7934332.372832208,2745,200,0.5877787945792079,12.348103794269264,224
1fcea861-cd80-47fd-b414-1a87bdceb724,e3813743-28fa-4fe1-9447-a2aa249feab9,7934322.436327484,7934322.776794427,7934332.435784405,2172,200,0.3404669426381588,9.658989978022873,192
7f92cf8a-5a1d-4ce2-8c7e-23b095e35718,73cc2c9c-bffd-4773-98c4-1fcd03396b0f,7934320.436375028,7934321.01352845,7934332.817072345,1420,200,0.5771534219384193,11.803543894551694,192
425a50ab-38fa-45e0-8ff2-667e3f92d948,9275074f-0819-42b2-9e68-2fb2aa8483cd,7934320.436399743,7934321.413200671,7934332.89021623,3426,200,0.9768009278923273,11.47701555956155,176
508cd4a3-f1f3-48fe-a71a-53d8e57c4c63,64563322-ed3c-49a7-8722-1b80cee44900,7934325.436451968,7934325.816379236,7934332.925494229,2343,200,0.3799272682517767,7.109114993363619,160
f52d0938-5155-423b-97b9-f2fefac3019c,7e271716-92bb-4055-a16b-52c471a6e0bd,7934320.436385685,7934320.706661542,7934333.296889547,1961,200,0.27027585729956627,12.590228005312383,288
0bf1e76d-910b-4641-b611-70a742401c12,b10ff1df-1a27-4b7a-8491-ded24b953092,7934320.436393417,7934321.2699638875,7934333.341793657,5802,200,0.8335704701021314,12.07182976976037,176
9086f3e7-5111-49ea-b849-dbf5d85212f6,07b79031-0347-442e-a431-2cc169be4fbc,7934320.436396977,7934320.92013435,7934333.429552108,2409,200,0.48373737279325724,12.509417758323252,192
3e0b2c65-a091-4eea-9841-cea8947ecebe,a95d4290-526f-498c-bb05-5a23a8195ec0,7934326.436823374,7934326.714829154,7934334.044170109,3117,200,0.2780057806521654,7.329340954311192,160
f232470a-ab50-4528-bcc4-a893966de540,1a674740-677c-4cf0-beb0-4396b9c8aec1,7934321.436228814,7934321.781055334,7934334.139243042,1785,200,0.3448265204206109,12.358187708072364,192
72897e06-0b65-4e67-8a6c-3229f87fbff5,7f6b3d68-32fd-4d79-8750-b01e8964419a,7934321.436234847,7934322.179858466,7934334.149657262,3670,200,0.7436236189678311,11.969798795878887,288
b3007368-ec51-434f-8cf8-b72e146b54a8,383fe816-1603-4be4-bd50-ca1ab0a1996d,7934325.436446196,7934325.8346295,7934334.179470514,2651,200,0.3981833038851619,8.344841013662517,288
9b86de8e-7dbd-4832-a22a-617f36c0b889,f888da27-679c-4d6f-aa21-485a21f187b4,7934321.436231882,7934321.978269705,7934334.1853568535,5896,200,0.5420378223061562,12.207087148912251,160
4326adaf-e71f-4a54-bc66-159cffcc0b06,644cffe6-f7e2-45fc-8b1e-a5ae777f772e,7934323.43653699,7934324.29543606,7934334.485046222,5773,200,0.8588990699499846,10.189610161818564,176
b08a720d-8e08-495b-9332-0b32798b6725,ed6fbd43-efd1-4415-8aa9-6d1c4533dabb,7934323.436546313,7934323.9481546255,7934335.07928568,5909,200,0.5116083128377795,11.131131054833531,176
e62062b3-ee49-4041-95d4-6a1f2354e7ba,2d0b64cb-12fe-4c27-890b-a69e4e1a0aab,7934322.43635255,7934322.955265108,7934335.106912773,590,200,0.5189125575125217,12.151647665537894,176
2e714887-1bde-4fc6-9cd1-2fc694a5c502,de310453-2360-466e-a6d3-3ca31cdb0cdb,7934322.436347221,7934323.162020631,7934335.274535168,5289,200,0.7256734101101756,12.112514536827803,192
5b95e9f2-1881-4cf1-8363-d3af91c1e0b9,6d17f320-f4be-4fd9-8926-c85f69e9bb80,7934326.436832257,7934327.3509059865,7934335.485347568,5933,200,0.9140737298876047,8.13444158155471,224
e8f95091-7d64-4c02-9de4-d3bbb410f198,c6242738-47cf-4f43-bba0-5fb66070156d,7934325.436438021,7934326.172526711,7934335.934621574,3487,200,0.736088689416647,9.762094863690436,192
2c6bb2f7-c5ab-465d-b0e0-42568d4dace0,c1017aac-714c-4899-a365-4481a7efceb5,7934322.43634454,7934323.242233906,7934336.003678774,3600,200,0.8058893661946058,12.761444868519902,176
9d59999a-98a2-4de8-b891-267fe4a37cc8,b8900caa-bd41-45bf-8132-fa03c5e8c8dc,7934326.436835469,7934326.706008536,7934336.21924357,380,200,0.2691730670630932,9.513235034421086,192
bdcefe95-01dd-4b80-a8c0-05f1e55f37d6,8987c78d-2347-4b22-8be7-d483fce491ca,7934327.436303462,7934327.665720432,7934336.282266184,2452,200,0.22941697016358376,8.616545751690865,176
c4106db2-151f-4ffd-956a-3caec7e40ccf,34a3ac54-2f1b-4afb-9125-f0ecfe19b0a1,7934323.436534039,7934323.948186289,7934336.324312679,462,200,0.5116522498428822,12.376126389950514,192
be2ee4f5-8b56-45c7-ade6-e9bceaf98716,34183f5d-72d9-40af-b6d6-77d785da5629,7934325.436454604,7934326.018346876,7934337.159601579,991,200,0.5818922715261579,11.141254703514278,176
6a94f9b7-382b-486f-9a23-be260672682b,ffbd83b0-7b7b-4195-9f04-dd6f6b150f3d,7934327.436290768,7934327.960033428,7934337.409398832,5864,200,0.5237426599487662,9.449365404434502,192
df0ae9e0-f75e-48fe-9c70-e6d4da299847,b514b877-15b9-45c3-9137-6fb4da75e98d,7934324.436317973,7934324.921086479,7934337.573818238,1747,200,0.48476850613951683,12.652731759473681,160
e4ba8414-efff-4f6c-b358-3cd7479d0a58,11b7d389-ed5e-43d8-b78f-6154624895fe,7934322.436338087,7934324.197695049,7934337.860733557,5858,200,1.7613569628447294,13.66303850710392,224
748626e9-7250-4811-8f3d-d1d4375a81dd,95a97b7f-b9b9-4ff5-b501-08226dc92408,7934323.436529735,7934324.27392214,7934337.892043768,5805,200,0.8373924046754837,13.618121628649533,160
b120191b-ee5d-41a6-8efa-c0b67f8f90cd,e9bc7a92-eadd-413c-b3b9-622476997ae1,7934328.436867597,7934328.671852912,7934338.060863172,2698,200,0.2349853152409196,9.389010259881616,160
96dea7cf-cb48-4ffd-a2f2-c2a3433f7d47,afd76ba8-dee7-4f83-b1dd-08d1d278d296,7934324.436334065,7934325.340217702,7934338.212243786,6003,200,0.9038836369290948,12.872026083990932,176
81e52abd-6df2-4fe4-85de-981abc0f22af,01214e46-af22-4c6d-ac0a-0617f82b827f,7934325.436456743,7934326.40865653,7934338.3457090445,6296,200,0.9721997873857617,11.937052514404058,192
3189d42b-e97f-420e-b382-4d8fa0ac69d3,11a2967c-8c37-4e82-b852-df78459a03a9,7934325.436449408,7934325.9653530745,7934338.379096201,854,200,0.528903666883707,12.4137431262061,160
e879eb41-a1be-4bf5-963d-b5805313fcf9,b3ffd0fe-a17b-4314-8444-c54bf3c9afe5,7934326.436819331,7934326.524605804,7934338.462952836,330,200,0.0877864733338356,11.938347032293677,160
86a30406-8eda-4e76-9f25-34bda1c1c3a0,7ecb3eec-b83e-4819-a7f9-fe7a738640b6,7934325.436459376,7934326.314499449,7934338.495531378,5934,200,0.8780400734394789,12.181031929329038,192
a22da40c-89c0-41f2-8de4-db94dc7c6238,a1cef276-6150-4849-a49f-d5521b1ab18e,7934326.436809096,7934326.623442058,7934338.517989034,1764,200,0.18663296289741993,11.894546975381672,288
2178639f-c946-438c-852a-8dd8509d733a,5bbb49c0-2de5-4357-bd31-b7f999a7bd42,7934326.436829525,7934327.8244546745,7934338.856228569,5743,200,1.3876251494511962,11.03177389409393,224
4cbb2464-dadd-4913-ae91-b976155c30a9,1b4c1624-eb1c-42ee-a57d-25e7831e5794,7934329.436635848,7934329.966426238,7934338.967392518,1205,200,0.5297903902828693,9.000966279767454,224
86867262-31c1-4779-82e6-4eca37d0e12d,ec7bec38-d487-4adc-af55-0977ebddf24f,7934326.436826251,7934326.661923745,7934339.480838878,2211,200,0.22509749326854944,12.818915133364499,224
0294191d-64e2-41eb-9c32-c4626dc71ecd,f76488c6-8ad5-4bcf-b4de-98e28d0c5d12,7934329.436633042,7934330.003293831,7934339.5051383125,1154,200,0.5666607888415456,9.501844481565058,192
0d6b905c-0c9b-4bb2-9208-31d4a97ad79a,69c65194-d8b7-413c-af90-cf5d54b7fb38,7934327.436306244,7934328.361992989,7934340.31201569,5848,200,0.9256867449730635,11.95002270117402,192
5b0cc2ed-5393-45cb-bec1-7c531e4f200e,9557c1f9-8651-4a6f-bfd3-0c96ede25015,7934331.43931053,7934332.289971194,7934340.403408781,4101,200,0.8506606640294194,8.113437586463988,192
3a820060-7472-4d09-8883-974ca88efdbc,93c4c0a0-35e8-4dae-9794-e96bff496a85,7934328.436871368,7934328.65089685,7934340.488744022,1669,200,0.21402548160403967,11.837847172282636,0
3b7b233a-df66-4c95-b157-6c0fb00334ff,6373bd4f-7ecf-4f59-8cd0-cf0889386d97,7934329.436638463,7934330.732906435,7934341.06671493,861,200,1.2962679713964462,10.333808495663106,192
06eb36b8-30ff-4a69-90fa-12096c53686f,77e7c157-4bdc-42fb-8f26-344afffd4b77,7934330.436304347,7934331.53324157,7934341.11603352,6025,200,1.0969372233375907,9.582791949622333,176
ac3e192c-110e-4be0-9d04-16b4c025600e,0497f88c-e894-49c0-8680-54b58048ae33,7934327.436299902,7934328.860882928,7934341.247653836,3991,200,1.424583025276661,12.386770908720791,224
cba3aa7a-c1d7-4a18-a8a6-5ba91d692097,b6b50fed-883a-44d8-a0d2-154444ac9b9d,7934328.436856783,7934329.490043087,7934341.2770416355,5920,200,1.053186303935945,11.786998548544943,176
c153c941-fb47-49fe-8979-fbebf6b265fc,c107a611-f181-4fdb-8e0d-0d7c7758851f,7934332.436357665,7934333.085456199,7934341.302329019,5893,200,0.6490985341370106,8.216872819699347,192
66c0ab16-77b4-467f-914a-10e5939dd739,9eeda092-546d-42e1-bbec-a34b1a994009,7934329.436641047,7934330.347799427,7934341.328458602,2444,200,0.9111583800986409,10.980659174732864,176
0beb6ecb-416e-431f-ae4f-ae3f76d9bd8d,0a12384f-0fb8-4809-b8db-e918b89100c7,7934329.436624535,7934330.1959240725,7934341.343067247,3370,200,0.7592995371669531,11.147143174894154,176
890b3be6-b3cd-4279-87db-2d478f105e8e,e128d93a-5ba8-457b-a873-34471e825c50,7934333.4364656,7934334.124405936,7934341.828410533,5803,200,0.6879403367638588,7.704004596918821,224
850e0060-c2d8-4914-b008-88e4997e29fc,abf7562e-34ae-4c0d-9940-697f33aab22b,7934333.436468847,7934334.384378249,7934341.850272498,5791,200,0.947909401729703,7.465894249267876,192
03818b0a-431c-4ab1-839a-6a218d1b5615,d34c67c0-ca74-4c70-a28c-f7680bf83cf8,7934328.436874725,7934329.030825421,7934341.911015708,5816,200,0.5939506962895393,12.880190286785364,176
02fb9cf4-602d-4c57-9111-f4929a0f9379,01cdd06e-7cd8-45a4-a533-c8a41a0c3d07,7934331.439313901,7934332.889280127,7934341.968138352,5689,200,1.4499662267044187,9.07885822467506,192
4b5d4111-93ac-42bc-9744-3bd8ae37c595,9bb66c7b-e720-4c31-baca-a2f43672e95a,7934332.436371276,7934332.970989586,7934341.978180936,1586,200,0.5346183096989989,9.007191349752247,160
6ac74bec-663e-48d9-9543-2cd9316bc8fc,6773d64e-c4f2-4e4b-895c-24140b31607f,7934332.436364819,7934333.071075763,7934342.04174419,5828,200,0.634710943326354,8.97066842764616,192
cca44498-f9cb-40fe-8646-2e7f98094247,1d9d626d-bdd6-47b7-97ff-59c3342ff0bb,7934335.436324526,7934335.65559804,7934342.415295261,1846,200,0.21927351411432028,6.75969722121954,192
bf357223-e6f1-4337-89e5-172c8b9538e2,6f959304-7c93-46cd-83a5-4f6f73543c93,7934330.436293024,7934331.503277003,7934342.436167047,5823,200,1.0669839791953564,10.932890044525266,160
f45a5da2-11ee-42e2-8b76-0c497d2ef3af,2a6eb3ba-e100-4c92-a9e9-1e45cee4c4c3,7934329.436643548,7934330.792464929,7934342.474856812,2402,200,1.355821380391717,11.682391882874072,288
bcd49879-fd3a-4cb0-acfc-c77b050157b4,01511df3-9144-4d3b-b5d6-5c39e2afe5fd,7934330.436308016,7934332.056696788,7934342.902796676,6020,200,1.6203887723386288,10.84609988797456,160
b795fdae-dcef-4460-8c0a-00beea1044c6,b294c638-1caa-4f73-aea8-c2de71511a8d,7934331.439301831,7934333.233244781,7934342.957002161,5733,200,1.7939429506659508,9.723757379688323,224
745e051d-13c6-4a79-a8e0-6212924e148e,afafd84f-c43a-4a5b-a307-c257cbf756bb,7934332.436367955,7934333.248307325,7934342.989743445,5666,200,0.8119393698871136,9.741436120122671,176
aba4d6f0-f520-44d8-a03c-d06ccfbdd3ec,bd19b890-fa88-4665-b8c4-ea148092288b,7934334.436562587,7934334.937170169,7934343.139675141,1653,200,0.5006075827404857,8.20250497199595,176
b73f0aa8-14f3-47c7-89ff-e6f56e6bb278,1cf6a300-5f01-432b-9b53-4799d42d0d63,7934336.436929469,7934336.992399968,7934343.246350508,1123,200,0.5554704992100596,6.253950539976358,176
804ece6e-bae4-492e-a263-ef6b33f6d1e1,0e5901a7-c94f-45c6-bcbc-a7ef22f161d4,7934334.436559245,7934335.066717616,7934343.578379166,2200,200,0.6301583712920547,8.511661550030112,160
f73d65ca-1840-403d-9c7e-86b57340ea3c,ee3f178d-873f-4ae5-81ad-c50bc746de6c,7934334.43654964,7934335.006176472,7934344.094359247,732,200,0.5696268314495683,9.088182775303721,192
b20c71a9-dd1a-4213-82b1-abf8c3f6f39a,6dac39d7-6c17-45bc-aff3-f0b80b131575,7934335.436337789,7934335.71113602,7934344.297158939,2360,200,0.27479823119938374,8.586022919043899,176
df92403c-1d9e-4119-bb5c-52269f5ceb52,7f81c22f-585b-43ce-a4c2-95ec78954dfb,7934331.43931728,7934332.73744746,7934344.4253474865,1860,200,1.2981301797553897,11.687900026328862,224
638c0ae9-90ab-432f-bbdb-04a6398d24e7,deefa634-0664-4fee-b571-ee928bcdcb5d,7934336.436918921,7934336.847234993,7934344.487252032,3417,200,0.4103160724043846,7.640017039142549,192
fd1409ab-cbb4-43bc-8af4-22904ad27c8d,11b74fff-cb08-46c0-b07c-43771f2785fa,7934336.436922302,7934336.7969831135,7934344.515689862,1049,200,0.3600608119741082,7.718706748448312,192
8f327b39-5a67-4e7c-8fc7-068002a16017,a99e74fa-c07c-46d6-bc02-1eabac116d61,7934336.436900316,7934337.309121211,7934344.979193846,5894,200,0.8722208952531219,7.670072634704411,192
da5108fc-1a63-447f-913f-2bd6c9288627,ec8a2cd6-5952-45c9-940a-d0161c338fd4,7934336.436925976,7934337.118088205,7934345.126222475,5957,200,0.6811622297391295,8.008134270086884,160
012f4ed7-f322-4776-a92a-630b3673bf97,39bc6c25-b2be-478d-9919-83b0de268d70,7934335.436334211,7934336.159311086,7934345.4275177475,5827,200,0.7229768745601177,9.268206661567092,160
42b188f7-e984-42af-8ac9-cdf01d4d604e,929c8784-19f8-4a41-94f3-58e17f2b5956,7934337.436163665,7934338.382156865,7934345.434282414,5758,200,0.9459931999444962,7.052125548943877,224
ad2221ff-2633-4730-b007-762263219eaf,e8f6df88-143b-40ff-bdb8-5b4fe35021da,7934337.436166685,7934337.704672053,7934345.4654677855,2010,200,0.26850536838173866,7.760795732028782,288
9723ff02-3db1-4939-98e0-0db662cddde3,74def355-9a6f-4dea-aed5-4077f6996685,7934336.436915491,7934337.12888282,7934345.4718371555,5914,200,0.6919673290103674,8.342954335734248,176
53118359-7660-4358-bc76-07754c78d433,c0aa256f-23f1-483c-a314-1e45b1d0a471,7934336.436911471,7934337.168954635,7934345.734589063,2858,200,0.7320431638509035,8.565634427592158,288
07b97ed2-7f54-4125-bc4f-a9168c097a41,937c7008-06a1-4543-8676-6f44a8fe2de3,7934336.436933471,7934336.990219408,7934345.893843357,5588,200,0.5532859368249774,8.903623949736357,160
c4bae871-72b6-45ee-b45c-cb66e1b2cd62,3e480c2f-1023-4d91-88fa-a8b489c3d9c9,7934338.436108835,7934339.033566765,7934345.94271537,1291,200,0.5974579295143485,6.909148605540395,176
6fbc4482-6fd2-4aff-8b8b-e238ca310c70,0b2debcb-f399-4d3c-89e9-0a9d700f6b3e,7934333.436459218,7934334.133085704,7934346.0220260825,5984,200,0.6966264862567186,11.88894037809223,160
a7dd61a8-4645-47f8-b2ad-2e33c7b4f930,3153217e-eb23-4a22-9578-9fc2be8dea7d,7934338.436099423,7934339.1599702975,7934346.098889248,5878,200,0.7238708743825555,6.938918950967491,176
7802fbba-e0de-40a1-a5e4-a6f88a86c638,383fe816-1603-4be4-bd50-ca1ab0a1996d,7934339.436138522,7934340.123261677,7934346.35563587,2651,200,0.687123155221343,6.232374193146825,288
bf47cf29-3712-437e-99d6-af1e9557847f,2b8e65d1-d959-42ef-85da-c23c233207a9,7934337.436154566,7934337.726698939,7934346.420521519,3588,200,0.29054437298327684,8.693822580389678,288
8bc403e4-e64d-434c-8551-54d136574227,11a2967c-8c37-4e82-b852-df78459a03a9,7934339.436141949,7934339.979800477,7934346.441462848,1020,200,0.5436585275456309,6.461662371642888,160
8d4c424e-0ce3-4be6-b43e-3a7765b1fc26,03c8099b-ba1e-4020-a5bd-a611370f36cf,7934338.436090016,7934339.293201544,7934346.487042746,5881,200,0.8571115285158157,7.193841201253235,192
3df4b9be-6b26-4109-b3d9-1aca1143e937,05abfb55-c5d3-4f16-b57e-4ecd5585f804,7934340.437990252,7934340.7838296,7934347.046930144,1802,200,0.34583934769034386,6.263100543990731,192
42a4f86a-e63b-401e-abef-5a264f494c51,e913d0bc-9409-4e00-b985-d381b49a0441,7934338.436102841,7934338.940535256,7934347.095658432,1689,200,0.5044324146583676,8.155123176053166,160
88aab341-3850-42ee-a788-fa36fdad3a08,2ab09120-4ab5-4d7e-b766-99ec6b96b886,7934338.436112093,7934338.706892434,7934347.226669466,926,200,0.27078034076839685,8.519777032546699,224
3f9c8a6a-4bca-4b00-b645-f01c25a7b452,b3f7ad05-2009-4188-bbcc-48140f3b358f,7934340.437994092,7934340.93162217,7934347.406769541,2187,200,0.4936280781403184,6.4751473711803555,176
270c4587-d205-4950-a6f8-04d00013f460,e4309e54-f368-4beb-8abb-5e8553b2a1cf,7934339.436126619,7934340.344462977,7934347.454818917,5796,200,0.9083363581448793,7.110355940647423,224
6986daa0-0592-4cc2-8abd-1f70758c60a4,06312fd4-a78a-42c6-96c4-a5088cfcc81e,7934340.438005382,7934340.819810994,7934347.576156879,3971,200,0.38180561177432537,6.756345884874463,160
3b5c13de-c23b-405f-90d2-9369b8763377,7e271716-92bb-4055-a16b-52c471a6e0bd,7934341.436545751,7934341.630808691,7934347.716427677,1971,200,0.19426293950527906,6.085618986748159,288
c92e2aaf-f894-4fc6-87cd-dad52b922b23,95a97b7f-b9b9-4ff5-b501-08226dc92408,7934340.437977488,7934340.977601235,7934347.858334283,5794,200,0.5396237466484308,6.880733048543334,160
4a982857-41e5-489a-ba25-1a08abf26047,2a6eb3ba-e100-4c92-a9e9-1e45cee4c4c3,7934339.436148309,7934340.052150464,7934347.860809514,2402,200,0.6160021545365453,7.808659050613642,288
efb48113-19e4-4c3f-9ca5-ac867788b42d,410e174c-4bcc-4323-abfb-461a0b1dfecd,7934336.436936691,7934337.376580782,7934348.208369159,5882,200,0.9396440908312798,10.831788376905024,160
cf517dcc-dd55-4cb8-823a-856a1a329fa0,16b5e0f5-14de-4964-8ae6-ff7f9f314d05,7934340.43800901,7934341.150797996,7934348.317649189,2804,200,0.7127889860421419,7.166851193644106,224
19584744-a209-46b8-afb1-734cce984ce4,87790c2b-aa62-4df2-9e78-4b07d45b22cf,7934341.436556269,7934341.937965367,7934348.813585656,6008,200,0.5014090975746512,6.875620288774371,224
4a199b2f-7701-489c-9482-9b7cdc3f2b2d,8e5e9e24-503b-4789-a98e-bdb4919e34a0,7934342.436254303,7934342.897630578,7934348.928436066,3692,200,0.46137627493590117,6.030805488117039,192
ddb28a0e-f08b-41d6-a152-7b760c374e13,cfa869f2-0e7b-48ac-912f-0f1682a5bebc,7934343.436472468,7934343.892583294,7934349.849543572,558,200,0.45611082576215267,5.956960278563201,176
bb76ac3d-a7bc-4e37-ad25-f2c2f1885d93,8263d56c-0301-4b0e-9bce-d56c30ac60df,7934341.436559665,7934342.342403827,7934349.859774915,5915,200,0.9058441622182727,7.51737108733505,192
1d95309f-570e-4bad-89da-3b3cae4b4835,522f3597-4ed8-4897-9cb3-a933f9bf024d,7934339.436145149,7934340.386332202,7934349.874479839,6255,200,0.9501870526000857,9.48814763687551,224
42c73c65-9381-4cec-9fbd-25d9f20ac656,eaf119a5-4710-4ef6-96f9-c67f053ee28e,7934342.436262117,7934342.543829586,7934349.983622899,871,200,0.10756746958941221,7.43979331292212,160
8a24f234-5545-4113-86c3-4948cb5939e2,1c24e0e9-2184-44d8-be53-7aca86fd0b7c,7934340.437997787,7934341.201501231,7934350.179880096,3644,200,0.7635034434497356,8.97837886493653,224
ba2edbb6-979b-4fb0-a065-e712a67d5497,df0744dd-23a1-49aa-a465-e4b3a210dd4c,7934344.436334361,7934344.816953146,7934350.47703763,595,200,0.38061878457665443,5.660084484145045,16
304113a0-5574-475d-be42-8630d77f64a7,2a6b418f-fb9e-4337-90a6-71ef5a5391d6,7934344.43634,7934345.371194477,7934351.210914211,792,200,0.9348544776439667,5.839719734154642,160
4a423899-d02d-4b6d-a589-9588397604f6,4de1cfe3-bafc-4c88-b75f-5e9daea7a2a2,7934344.436326838,7934344.7343358975,7934351.3255976755,2368,200,0.2980090593919158,6.591261778026819,176
96cc7856-481e-48c2-9e87-075f47f6d5f8,a52c7e36-dca1-4901-9673-56c0a94f5015,7934345.436856979,7934345.811377247,7934351.383879432,3579,200,0.37452026829123497,5.572502185590565,192
1c3d130d-6e4a-4eab-a453-0febc67b553f,31278dca-21fe-4e66-bee5-737381c4ab34,7934345.436844068,7934345.665107623,7934351.508443368,1522,200,0.22826355509459972,5.843335744924843,192
f4ae0329-84c7-48d9-ae25-07c53db25b77,0038992e-64f0-433e-82d3-367cf8fa2c76,7934343.436483067,7934343.882257032,7934352.190773437,4484,200,0.4457739647477865,8.3085164045915,160
83c2eb09-1c35-4506-b260-92d73079d668,e90299f6-57f5-4b5e-8152-c30f4c5c2d66,7934343.436486157,7934343.798069767,7934352.445547923,1080,200,0.3615836100652814,8.647478156723082,176
19b3648a-4914-40e5-9b46-9fe19f0693e1,047bea13-6787-41b6-a5a4-e3a836c6c6ca,7934345.436859688,7934346.049432702,7934352.441885138,3155,200,0.6125730145722628,6.392452435567975,160
6450bd4f-9209-4669-be3a-d026f3458d8d,bc551782-d1de-468d-8312-b5fe56632f64,7934344.436342531,7934345.063761698,7934353.203651266,1458,200,0.6274191671982408,8.139889568090439,160
104e1451-6dd3-4ce9-b121-3009e3c6ffe6,5e5a3766-9cfb-4baf-a1b7-875a90db3d82,7934345.436851314,7934346.1661563255,7934353.317184784,5882,200,0.7293050112202764,7.151028458960354,176
dea54d63-23f5-41e6-b04c-1b439bae5d3d,5fc01b85-436e-42f3-985e-da333a5cd88e,7934344.436337268,7934345.051041526,7934353.345743458,1049,200,0.6147042578086257,8.294701931998134,160
a0da749e-792b-4e85-bcb8-70cde3705ef2,06fc1b29-ed92-49b8-98c8-5792e32d0ecd,7934346.43630096,7934346.915935764,7934353.410040199,4565,200,0.4796348037198186,6.494104434736073,176
cec82939-8c90-4ba8-8f9a-4422afd74292,a863f06a-1dc1-4688-946e-30c3758ebea2,7934346.43629258,7934346.697718812,7934353.778260807,2161,200,0.2614262318238616,7.080541994422674,224
1bfed289-9472-421d-902e-4455468dc504,ae63a74d-ec05-43be-9fce-442acded5b4e,7934345.436854567,7934345.596503154,7934354.081913071,787,200,0.15964858699589968,8.485409916378558,192
3a70c7d0-f005-4e4e-a847-b4fd2e90f99c,2c929018-1efb-4278-a9f8-81ffee848167,7934346.436309674,7934347.074846576,7934354.229692782,5060,200,0.6385369021445513,7.154846206307411,176
b0fadaab-d0fc-4052-b809-26a30d2cedbf,38bd04e6-cb8f-4c97-a175-530eaa1094b0,7934346.43630716,7934347.015554629,7934354.415739237,2534,200,0.5792474690824747,7.400184608064592,176
90365f86-7b4c-448d-91bf-87251d194654,e7496e05-d4a7-4d53-8d10-3adebad8c63e,7934346.436311857,7934347.273849067,7934355.024369222,5305,200,0.8375372104346752,7.750520154833794,176
e3c8a239-8488-4553-9709-9cbc31131150,a56b5ec4-1cda-4da7-971c-0291ce94dafa,7934347.43666049,7934347.557927212,7934355.19771278,1013,200,0.12126672174781561,7.639785568229854,160
18e548d3-611a-434b-8456-267c1f4d14d5,f4ed1c61-877b-407f-bec1-a5080fdbd2b0,7934347.436656802,7934347.571442077,7934355.254991225,1718,200,0.1347852749750018,7.683549148030579,192
aa76f5c9-c9a5-48b8-9720-073c9619166f,583eb43e-4777-43dd-b3ac-37d66ab778b1,7934346.436304687,7934347.379467507,7934355.544571521,5741,200,0.94316282030195,8.165104013867676,192
52163001-245d-4154-843a-70d5c3ccd507,2a6eb3ba-e100-4c92-a9e9-1e45cee4c4c3,7934347.436643471,7934347.504952167,7934356.1247493625,2402,200,0.06830869615077972,8.61979719530791,2400
aef18358-a213-4bac-a293-efe0899ba84d,9275074f-0819-42b2-9e68-2fb2aa8483cd,7934348.437657451,7934348.756356318,7934356.742524801,3604,200,0.3186988662928343,7.986168483272195,176
0229fae3-c740-4e2a-bdb9-c996ead16720,6451150b-8176-4edc-977c-58e74288094d,7934349.43615309,7934350.089809066,7934357.407674282,2879,200,0.6536559760570526,7.317865216173232,192
8c9c2243-f3f1-4ed1-ba9d-93b759c09d7c,18f863ed-97ca-4066-89d0-577bf721924f,7934348.437653296,7934348.922230518,7934357.416264887,5978,200,0.48457722272723913,8.494034368544817,192
41897dce-d212-4479-b979-081dc362035f,b330bc7f-ccb0-415f-add5-1d92834e01ef,7934350.436267493,7934351.230360593,7934357.961955227,5878,200,0.7940930994227529,6.731594634242356,192
145dca10-79e8-4b93-bdd8-4e2753000173,fbea4e9e-c510-4c9a-8e1f-ca6073d14deb,7934349.436159634,7934350.044912016,7934358.200993016,5880,200,0.6087523819878697,8.156081000342965,160
b2f32f24-3822-4361-9ef2-a5a81a050e86,7e271716-92bb-4055-a16b-52c471a6e0bd,7934351.437145615,7934351.940340398,7934358.289620666,1974,200,0.5031947828829288,6.349280267953873,288
08075352-53ee-41c3-a802-99ac38563ad7,6bf8b67e-ba7b-4962-b021-3100e5dc69e1,7934349.436156447,7934349.598466822,7934358.405111103,1429,200,0.16231037490069866,8.806644281372428,224
2e269add-400f-490c-a0bb-dcaa272a4662,d9293aa0-6ed4-4395-a220-45f64de96d9d,7934348.437641477,7934348.941396186,7934358.512722494,5955,200,0.5037547089159489,9.571326307952404,160
b9a78be6-1779-46d0-9de0-eb8b6bf5c5a0,54817b76-e7bc-4b7a-abc8-5a293f291076,7934350.436275974,7934350.936819712,7934359.190699377,5827,200,0.500543737784028,8.253879665397108,192
df4695c3-daa7-4cba-96f2-7defc68368b9,e839419a-835c-4bf1-af83-436ccab8d728,7934351.437154768,7934351.934956436,7934360.145062879,3014,200,0.49780166801065207,8.210106442682445,176
678a1b9f-c186-4318-9276-7710aa5a0aea,98ac192e-deec-4570-b34a-56d60e56dc71,7934349.436142162,7934350.045356779,7934360.171152934,2032,200,0.6092146169394255,10.125796155072749,192
9d71a1bd-9856-4e9f-8d3c-92a72bf896dc,fdc227b0-6b16-435f-95a4-a55419769f5a,7934353.436113875,7934354.01360852,7934361.076877764,1456,200,0.5774946445599198,7.063269244506955,160
d33adda6-348f-4acb-86f0-b685a5b96885,6d17f320-f4be-4fd9-8926-c85f69e9bb80,7934348.43766134,7934349.358089922,7934361.093793238,5933,200,0.9204285815358162,11.735703315585852,224
3f329f23-61d1-44f4-9785-357d6d8b66ef,6995a6dd-6449-45b9-9e24-0d2cb8df19aa,7934350.436201178,7934351.073371092,7934361.098368545,5939,200,0.6371699143201113,10.024997453205287,160
cd531d9a-dc78-4e01-8349-c3c515e10765,26a045fc-da78-4fb2-b580-9fa1440dca8e,7934349.436162777,7934350.285861057,7934361.2803254,5935,200,0.8496982799842954,10.994464342482388,160
84d97f56-b300-4018-87c8-71d48f750794,f04da30f-7925-4b12-a187-bd76eb4d9712,7934350.436247676,7934351.085214373,7934361.305696523,2767,200,0.6489666970446706,10.220482150092721,16
3f6e1f65-5470-4b44-b86f-f5dbf53648c2,0a12384f-0fb8-4809-b8db-e918b89100c7,7934354.436771093,7934354.7752922755,7934362.040837479,3591,200,0.33852118253707886,7.265545203350484,176
47a1705d-c556-4f8c-9ea1-3c8b3145d9bc,12f27011-1d1f-4e75-a7d0-158faedac5c8,7934351.437130956,7934352.134263228,7934362.228697007,4687,200,0.6971322717145085,10.094433778896928,192
5a2d4457-998e-434c-b160-57fbd7fcd494,7fca321f-d32e-47b6-bc07-6471abedc94d,7934352.436994687,7934353.123747646,7934362.397310035,5994,200,0.6867529591545463,9.273562389425933,160
dd089240-8e41-46ff-a4eb-ff49bac03ba9,21f73bb5-88cc-41cb-8490-dd67bd327277,7934350.436272444,7934351.029632584,7934362.405048251,1301,200,0.5933601399883628,11.37541566696018,160
a5e65f79-df21-4b11-a8dd-49678578fd45,5b55315f-f2f0-4b55-bb8c-4ae8696d9e6c,7934352.436998405,7934352.985522616,7934363.039137429,1529,200,0.5485242111608386,10.053614812903106,176
fd1af250-7a55-4518-9781-b78a44ddb8e2,096de4a6-59ff-48ea-a5bc-74fe92e53140,7934351.437141375,7934352.14263291,7934363.125753509,2721,200,0.7054915353655815,10.983120598830283,192
7b93b88b-fe55-43f4-abf9-39f62cf25ad2,4b292fad-a776-4332-bc3d-941725a4782d,7934351.437148292,7934352.127699396,7934363.307826655,5838,200,0.6905511040240526,11.180127259343863,208
1fa2f9b3-53f5-427e-ab2b-89b329e0c829,383fe816-1603-4be4-bd50-ca1ab0a1996d,7934356.437656548,7934356.744001032,7934363.953709453,2706,200,0.30634448397904634,7.2097084214910865,288
a440662d-ebfd-429b-ac6f-7307a70df463,9d3f5b11-39e8-4b8d-9a2f-bb81a7bae6d3,7934351.43715141,7934352.115227214,7934363.984168817,3333,200,0.6780758043751121,11.86894160322845,192
b6203e17-e7f6-42a1-9626-09d6f7e4695a,5e171af4-e00a-40d3-8551-bf2d4d91992e,7934353.436109614,7934354.004659813,7934364.237357893,5907,200,0.5685501992702484,10.232698080129921,176
4d5c5531-369d-4b09-8b7d-21d11b7bb688,7fff0f4d-cd62-4d33-8e09-009989025b4b,7934353.436094816,7934354.039827125,7934364.400999227,5899,200,0.6037323093041778,10.361172101460397,176
0ef5e4fe-5af9-4b80-9f5e-d983efc3869d,e088525b-8b4c-427f-8e0c-45636e723004,7934352.436991147,7934353.779473234,7934364.403116105,5259,200,1.3424820872023702,10.623642871156335,224
20a7f21c-2686-4ea5-83a6-ac55152e530f,de310453-2360-466e-a6d3-3ca31cdb0cdb,7934355.436072214,7934356.122768659,7934364.410427492,5558,200,0.686696445569396,8.287658832967281,192
f59e3997-62dc-485e-88e7-bc62ba77d3bf,bee5e930-99b4-4b1a-8085-5d0945f9389e,7934352.43697718,7934352.823996731,7934364.460269178,4104,200,0.38701955135911703,11.636272447183728,192
a66eb805-ddcd-41cc-8ebc-f9fda868f668,ecf1639d-7d01-4ec2-989b-319b083d49e3,7934356.437668431,7934356.973203391,7934365.214440696,6088,200,0.5355349602177739,8.241237305104733,192
6038eaf8-26b0-4464-8adf-9c0bcc7e4820,78c7ebb0-2d9a-4cfc-adc9-dc9ee1c4eab2,7934354.436761349,7934355.094304933,7934365.339215824,5566,200,0.6575435837730765,10.24491089116782,288
0d275c15-847e-4d43-8999-b3a2b0929453,194a873d-95d7-4e33-8211-f30323686617,7934357.43669953,7934357.634446051,7934366.108334285,737,200,0.1977465208619833,8.473888234235346,224
3c1bd786-9923-4787-aaff-e98a2d5bd74c,a1cef276-6150-4849-a49f-d5521b1ab18e,7934355.436086096,7934356.374815977,7934366.485853497,1775,200,0.9387298813089728,10.11103751976043,288
4758ed93-b38e-47be-8a00-12e534f5a372,614e6400-b3e8-4e96-b9c3-056d4cf0c685,7934356.43763671,7934357.091934876,7934366.927660203,2481,200,0.6542981658130884,9.835725327022374,160
bceb8f08-4a0e-4d9d-a3ce-122a608b957c,91152587-decc-47ab-9f6b-e6eb00d2bbdb,7934358.436576064,7934359.377760992,7934367.260088695,6368,200,0.9411849286407232,7.882327702827752,192
5d1076d6-3934-4ff0-af72-50966b6b54e0,34a3ac54-2f1b-4afb-9125-f0ecfe19b0a1,7934354.436774681,7934354.9675875865,7934367.3434514925,462,200,0.5308129051700234,12.375863905996084,192
c257b909-3f20-4feb-a647-c2e6288b3d10,28135364-f9fb-43e0-94f5-def56058aa1c,7934359.436560266,7934359.7904420355,7934367.391405032,1853,200,0.3538817698135972,7.600962996482849,176
e9f6a7b5-a9b6-47e7-a905-3ab0ebf26ad3,e9bc7a92-eadd-413c-b3b9-622476997ae1,7934356.437661015,7934356.713490996,7934368.23771418,2698,200,0.27582998014986515,11.524223184213042,160
aab64e73-7ccc-4bf4-a92e-364d2fbc4f54,ae63a74d-ec05-43be-9fce-442acded5b4e,7934355.436082641,7934356.347558076,7934368.353123335,787,200,0.9114754348993301,12.005565259605646,192
e543ec49-ad09-443c-9563-5753c68dbf2c,afbaa7d4-dd8a-4673-887a-531114e49c64,7934356.437664814,7934357.421559064,7934368.451350323,5958,200,0.9838942494243383,11.029791259206831,160
d8301e41-ebf3-42b2-bdd3-0f25f0df270c,95a97b7f-b9b9-4ff5-b501-08226dc92408,7934357.436696513,7934358.038053032,7934368.754548471,5679,200,0.6013565193861723,10.71649543941021,160
c2c3e8ee-9f0a-4b09-9de9-6a8a600c69b7,b952ea77-91ff-426e-9bca-87a362322901,7934356.437672271,7934356.929123612,7934368.830085507,5837,200,0.49145134072750807,11.900961894541979,176
f5775cc1-9558-439b-9a05-2bff8ab7dd71,ed6fbd43-efd1-4415-8aa9-6d1c4533dabb,7934358.436572726,7934359.291566747,7934369.245392671,5798,200,0.8549940213561058,9.953825923614204,176
fd204d41-fdb0-405d-a978-703b3ca04b8c,644cffe6-f7e2-45fc-8b1e-a5ae777f772e,7934359.436562728,7934360.408405769,7934369.911552213,5821,200,0.971843040548265,9.503146444447339,176
033e2e45-7602-40a1-8cfd-faa398b9cd14,a5235a93-b69b-4a71-abbb-70c3b3877e5c,7934360.437036223,7934360.990434245,7934370.04401772,5842,200,0.553398022428155,9.053583474829793,192
2087a660-a10b-415d-bc6a-a964dfeb7a30,e495b9a6-189d-4aee-bef9-48cf6c56835e,7934358.436556494,7934358.984293323,7934370.276384519,761,200,0.5477368291467428,11.292091196402907,160
e67bcb87-b57a-4df0-ad58-345e2b11f047,a04b43b6-d229-474d-9233-e6d9265116cb,7934358.436566318,7934358.8917935565,7934370.308421881,557,200,0.4552272381260991,11.41662832442671,224
83b372c4-e74d-4cdc-992b-f75184c953a0,6ef9927c-c75e-4eff-83fc-b5a5da22a604,7934360.437046035,7934360.715329253,7934370.458539841,1819,200,0.27828321792185307,9.743210587650537,192
c4099aec-2245-44e0-83b5-6f2da4251ae3,07b79031-0347-442e-a431-2cc169be4fbc,7934361.436837021,7934362.0178589625,7934370.879855599,2567,200,0.581021941266954,8.861996636725962,192
46541ddc-2ea7-42e4-8adb-f48bd84ef94d,d9617223-3bfc-4530-a2a7-84b7fcc611f3,7934357.436689138,7934357.776871206,7934371.189811128,1912,200,0.34018206782639027,13.412939921952784,272
13962076-5f23-4506-8e42-70e4faa5d7f0,548fd163-71d0-4642-9386-c5a09a047dbd,7934360.437049255,7934361.580096093,7934371.265187138,4984,200,1.1430468382313848,9.68509104475379,160
98019b07-c50e-4ec5-bf24-726bb16771ca,9f189d4e-98f8-462c-a6f4-9787eb21058a,7934361.43684024,7934362.1038016435,7934371.289467022,5857,200,0.6669614035636187,9.18566537834704,160
57823977-cd69-49a6-b9ce-d0ae45d1db2c,2ed64c5c-56dd-454e-9dee-222c4090064a,7934361.436843864,7934362.344817096,7934371.296925853,5902,200,0.907973232679069,8.952108756639063,160
e5cd7f03-933b-4bf6-b0d6-72dad0eff734,ec8a2cd6-5952-45c9-940a-d0161c338fd4,7934361.43681901,7934362.3658358045,7934371.316044075,5955,200,0.929016794078052,8.950208270922303,160
bf2c78f2-cad6-48df-989d-e13c3ee1feff,21fceb3e-85db-49d7-a533-5ed37d9c5035,7934362.436278941,7934362.795970212,7934371.401037391,2103,200,0.3596912706270814,8.60506717953831,192
7fa3ceae-49e3-4afd-9e36-cc3d8c38713b,da3224f5-6f28-408f-b4b6-ddd0c4795c70,7934359.436542484,7934360.144876854,7934371.406109116,5955,200,0.708334369584918,11.261232262477279,176
c46e8d0b-8f2f-4c70-82e7-758cf928da13,18a3256f-2391-44cc-8b21-9f9538eff167,7934362.436292271,7934363.179611105,7934371.44437537,5979,200,0.7433188334107399,8.264764265157282,176
10afdbdb-bede-4beb-bf5e-60f97953404d,b8900caa-bd41-45bf-8132-fa03c5e8c8dc,7934362.436299018,7934362.875371404,7934371.461628851,599,200,0.4390723863616586,8.586257446557283,192
884462b4-ff17-4703-b06b-1e3c0e07cfaf,e2c3fa11-0aab-4c48-98f7-3d3522c5fa51,7934362.436296277,7934362.953099727,7934372.543156639,5480,200,0.5168034499511123,9.5900569120422,160
65f9a9bb-7cc6-4a9d-a622-2f406c925f91,995b512b-75be-4e4a-842c-d44fe43bcbfb,7934358.436569704,7934359.175296255,7934372.810882964,3714,200,0.7387265516445041,13.635586708784103,224
161f5454-201d-4370-883a-bd88ce533818,630b34bb-1144-46fd-8e59-e34b1de4ccf7,7934361.436848356,7934362.525753073,7934373.186201821,5769,200,1.0889047170057893,10.660448747687042,192
1d37569d-4c6e-484f-9a59-b60c1736814c,8cc546da-7a0a-4edb-b598-3a4017c94f34,7934359.436556515,7934360.22715377,7934373.256408989,6025,200,0.7905972544103861,13.029255219735205,176
bbd9372b-be9c-4388-b702-8ab985476d5a,6f297619-e9b7-4e7c-b457-43581af10191,7934365.436217546,7934366.1089727115,7934373.410881958,5855,200,0.6727551650255919,7.301909246481955,192
88ffdcac-7951-4b98-a64a-2e8992d55e3c,9b10e490-0b7e-4062-93f5-763ca32328dc,7934361.436852291,7934362.566419471,7934373.574014006,2407,200,1.1295671798288822,11.007594535127282,160
b497e6cf-398e-48c8-a84c-f936ca37da03,1be50b09-a329-4921-955f-90a9f21fcc54,7934362.436301299,7934362.732203307,7934373.602559909,1453,200,0.2959020072594285,10.870356602594256,160
990bded4-842a-4ceb-8b41-c1ccae96ca90,a720e724-daa2-4c66-a117-9d12dcfd9736,7934363.436133826,7934363.703782219,7934373.747016521,2740,200,0.26764839328825474,10.04323430173099,160
ae72dd47-39db-4b80-a806-907f538d8bf3,e8f6df88-143b-40ff-bdb8-5b4fe35021da,7934366.436589639,7934366.6781199565,7934374.227272474,2055,200,0.24153031781315804,7.549152517691255,288
aa539e67-ac92-455b-8994-06c39f4d3337,8784904c-a70e-4603-b59c-29e3f8894e4f,7934363.436125031,7934363.919972908,7934374.282608788,5771,200,0.4838478770107031,10.362635880708694,192
20274f75-84dd-473c-b17e-019445275991,9c642a25-cabd-44b1-88b8-98eaa23c9be3,7934366.436606935,7934367.138502795,7934374.827881838,5535,200,0.7018958600237966,7.689379042945802,192
a461b4a4-46e1-4bfa-9adb-5cda639ee9ca,c7d4bf82-b656-4649-9145-d43cfcc0709d,7934361.436832614,7934362.427979166,7934374.906928558,5869,200,0.9911465514451265,12.478949392214417,224
c5f760d5-d361-47d5-879a-ca0cce343b8b,2ab09120-4ab5-4d7e-b766-99ec6b96b886,7934367.436415743,7934367.824477546,7934375.129506508,926,200,0.3880618028342724,7.305028961971402,224
6d98151f-1d6e-44a2-848c-60671a6d6eab,b6d0191d-230c-484f-8de2-79d96d0d39c7,7934364.436173802,7934365.379136682,7934375.334120672,2953,200,0.9429628793150187,9.954983990639448,160
47d7d4ee-7ebe-4078-84ec-db09d0903ae1,e624dbbb-c081-4a44-b1fc-b30d15208ed4,7934364.436170948,7934365.106025535,7934375.373898757,2326,200,0.669854586943984,10.267873222008348,224
a3501a25-e29d-4550-9c35-2e5c8ed15fd7,f18570f2-d4a3-4893-9ffb-be09b490d0dd,7934364.436167498,7934365.032078537,7934375.866869796,5370,200,0.5959110390394926,10.834791258908808,224
b311ff53-d06b-4a35-a859-4b26603d55f3,bee5e930-99b4-4b1a-8085-5d0945f9389e,7934368.43647402,7934368.726667223,7934376.058442053,4104,200,0.2901932029053569,7.331774830818176,4096
88d6c542-86b2-4519-9db4-b1f98ca8732b,383fe816-1603-4be4-bd50-ca1ab0a1996d,7934367.436412079,7934368.068949581,7934376.065529947,2565,200,0.6325375018641353,7.996580366045237,576
da864f3a-7266-490e-a425-b7a36337f968,0a12384f-0fb8-4809-b8db-e918b89100c7,7934364.436158004,7934364.930264096,7934376.179216366,3805,200,0.49410609155893326,11.24895227048546,176
b5655f6a-f0d9-48eb-8dcf-d233a4fc00e7,01cdd06e-7cd8-45a4-a533-c8a41a0c3d07,7934368.436458991,7934369.357169565,7934376.508734939,5839,200,0.9207105739042163,7.151565373875201,192
d696a738-2abc-4e25-92ed-3277dd363805,7e271716-92bb-4055-a16b-52c471a6e0bd,7934365.436205548,7934365.989751103,7934377.129966518,1986,200,0.5535455550998449,11.140215414576232,288
cd5609fb-1c91-48b6-a2b5-2ef1d7a6cf0a,ddab7268-983e-4382-b5cd-d0c1c556d1d2,7934369.436408839,7934370.017353008,7934377.213940253,1933,200,0.580944168381393,7.196587244980037,176
9308fe75-fe07-4363-9fc1-2f8c50f93179,eb108419-0694-4cc7-aba6-dac546a8e3c1,7934369.436425684,7934370.344870357,7934377.335856904,5657,200,0.9084446728229523,6.99098654743284,160
f56d1ffb-3ab0-4194-8361-e55d118f17b6,e2db953a-3b42-4c69-8094-c08e5f2f1e07,7934370.436145677,7934370.734305726,7934378.048965351,2115,200,0.29816004913300276,7.314659624360502,192
cf2af260-6941-4eff-94b2-ce39b797b6d5,158a3758-8a73-4b48-8df1-3a54b581611f,7934368.436485323,7934369.477293325,7934378.090124784,5852,200,1.0408080015331507,8.612831459380686,192
696f3223-1d31-41cc-9ba7-f3e0e287dadd,da54d551-745f-4af5-a083-f1b462d8b4b3,7934369.43643659,7934369.698498739,7934378.1332067745,2745,200,0.26206214912235737,8.434708035551012,224
d9f2a111-81fe-4fb1-a0cd-153ed08c5804,7ecb3eec-b83e-4819-a7f9-fe7a738640b6,7934366.436613475,7934367.319825947,7934378.206183091,5752,200,0.8832124723121524,10.886357143521309,192
d4c0aa61-2b14-4582-90a4-0ab39f601627,a32d1156-2f56-45f7-a95c-d68d29f17fe9,7934367.436422795,7934368.351182264,7934378.43782516,5837,200,0.9147594692185521,10.086642895825207,192
bec8fe75-8c98-4e53-955f-057c26fb9107,4b849273-34b2-41a7-a754-161f75c4d8a1,7934371.436599989,7934372.113900573,7934378.996555004,1594,200,0.6773005835711956,6.882654431276023,224
7116ad2e-7b76-4e96-9ffd-09fb04f40ee2,6773d64e-c4f2-4e4b-895c-24140b31607f,7934366.436610665,7934367.506912604,7934379.010283494,5845,200,1.0703019388020039,11.503370890393853,192
2bf84f78-2a8f-4e16-9936-1906423ace74,9a1eae28-c3b5-466e-ba7b-ae73bec6e606,7934367.436419079,7934368.308028564,7934379.063612579,5405,200,0.8716094847768545,10.755584015510976,160
0d799db4-585f-4de1-87c3-d634aac36673,8e5e9e24-503b-4789-a98e-bdb4919e34a0,7934368.436488688,7934369.325073691,7934379.131207242,3692,200,0.888585003092885,9.806133550591767,192
049b5370-f8dc-4e25-a01d-14ead2842400,39f2cf98-8bba-4b84-8b19-9650ae69841d,7934365.43621434,7934366.33513083,7934379.28419139,5782,200,0.8989164903759956,12.949060559272766,192
be0c40e1-3e8f-4cda-9f33-772934d01eb2,2d679471-06dd-4b86-8657-55437a5fe80f,7934369.436432674,7934369.645808854,7934379.300556244,1798,200,0.20937618054449558,9.654747390188277,176
ff849c6e-d79e-4b00-aace-62dbe6069fea,92a7f10e-4538-40db-8647-82796b2a10aa,7934368.436481366,7934369.240645833,7934379.317594686,5927,200,0.8041644673794508,10.076948852278292,160
3842ca6c-4ad6-4976-8f6a-00bba688d602,96e352eb-b046-4e48-a206-53a1eee8c0ed,7934368.436478438,7934368.83103815,7934379.447809323,1779,200,0.3945597121492028,10.616771172732115,176
a5d81c2b-da14-4cc4-9d23-2a0bf6a06e9b,8940318e-1e7f-489b-8b66-1e06114473ba,7934371.436596371,7934371.823463086,7934379.44995436,1049,200,0.3868667148053646,7.626491273753345,160
36ff4b7a-fafd-47b6-b3b8-19f58085d385,11a2967c-8c37-4e82-b852-df78459a03a9,7934369.436421346,7934369.956085018,7934379.999880842,1311,200,0.5196636719629169,10.043795824050903,160
75b3a444-61e8-4059-a361-0824606b157f,9476ccf9-6e21-4a44-8202-e6841f97f1e3,7934367.436402323,7934368.238130453,7934380.04815635,4134,200,0.8017281303182244,11.81002589687705,192
5326ccc8-c847-453c-97dc-2c2a5bac40a6,a99e74fa-c07c-46d6-bc02-1eabac116d61,7934369.436429101,7934370.018041086,7934380.256150309,5898,200,0.5816119853407145,10.238109222613275,192
18db3e7b-0fab-495f-83e7-3b717dcf63a2,f88bb08c-4a52-4a43-a69a-b3b68f451538,7934368.436494479,7934369.482642783,7934380.341531712,6228,200,1.0461483038961887,10.85888892877847,224
7a6c36e5-ed96-40f2-a787-78972d9c7153,7ff7943f-fd27-44bb-b612-493ce23b16d6,7934369.436440557,7934370.165582719,7934380.391530566,1785,200,0.7291421620175242,10.225947846658528,192
5e384a8c-f2c5-47e8-8ac7-3cfeb924b8be,764b887c-0f76-4dbe-8fcb-1a144f07cbcd,7934368.436491757,7934369.575364144,7934380.465781619,2210,200,1.1388723868876696,10.890417475253344,176
034ec069-d12e-4c43-a641-ebd3d23e12fa,ec7bec38-d487-4adc-af55-0977ebddf24f,7934369.436443912,7934370.1710439455,7934380.547271233,2211,200,0.7346000336110592,10.376227287575603,224
b4e899e2-8518-466c-9fc0-ff44f8bc7e68,f2c4e007-8b4c-48ab-a695-68d6e4624a56,7934371.436585565,7934372.4410518445,7934380.695051538,6017,200,1.0044662794098258,8.253999693319201,160
e4b1851b-326e-441d-bf34-bd60ac1cd0d0,3e480c2f-1023-4d91-88fa-a8b489c3d9c9,7934372.43634536,7934372.699435706,7934380.8058194835,1291,200,0.2630903460085392,8.106383777223527,176
ad14ed9a-c451-41ba-b64d-b6a8169eaedf,0d393f18-32f7-4856-b2a3-705b9147e436,7934370.436148929,7934370.944882939,7934380.838896412,5875,200,0.5087340092286468,9.894013473764062,192
de537eaa-745b-4618-a69b-3c599919d49e,6582c1ba-13ad-483e-8428-492bebf8d206,7934370.436131477,7934370.944568367,7934380.879683634,5857,200,0.5084368893876672,9.935115267522633,224
f3a5f2f3-37e7-4182-8e13-70997801e8cc,53c80873-74a7-4254-86bc-a73603eb89f0,7934373.436702626,7934373.9733126275,7934380.9799791705,524,200,0.5366100016981363,7.0066665429621935,160
68df369a-f55c-4e4e-9a5a-6320c846a636,f981a306-8b21-4254-95fa-d0ce56582057,7934371.436582091,7934372.299374468,7934381.257153158,5210,200,0.8627923764288425,8.957778690382838,176
df770e69-b385-4258-a250-34c993b3e9f6,096de4a6-59ff-48ea-a5bc-74fe92e53140,7934371.436592058,7934372.214806963,7934381.332005221,2877,200,0.7782149044796824,9.117198258638382,192
feef06c8-94c1-4c06-ae27-c051a2611971,583eb43e-4777-43dd-b3ac-37d66ab778b1,7934371.436588138,7934371.964780125,7934381.417451338,5741,200,0.5281919864937663,9.452671213075519,192
b5b7107c-b29c-4c37-b145-140f91d9101f,a6efb579-aa74-470f-aba5-7b8844de154c,7934372.436334603,7934373.3307435755,7934381.475917278,5096,200,0.8944089729338884,8.145173702389002,176
e997bed0-c48d-46b0-ba6d-4d775b5b349f,c2544ed7-4cc3-41ba-bc4c-4d76b48b4602,7934374.436063723,7934374.709131875,7934381.935877526,1694,200,0.2730681523680687,7.226745651103556,288
27d9f25f-458b-426a-9cb6-b4a2d38c6dbb,56b64791-72e9-4353-8daa-808f7d741c64,7934372.436348967,7934373.0601985445,7934381.98808081,5825,200,0.6238495772704482,8.927882265299559,176
0ec48449-6db5-458d-9d74-0f429ad8e3a3,74f34492-f3fe-4345-b7a4-517983671cc4,7934371.436571733,7934372.029418293,7934382.093158662,1805,200,0.5928465602919459,10.063740368932486,176
ca04ff2b-db7a-4e75-8a9d-22719bca5d70,34bb8fa8-0277-4f1b-b7c2-92303cd5bbb5,7934373.436706176,7934374.371561481,7934383.300614739,5839,200,0.9348553046584129,8.929053258150816,160
b4358125-4b62-4be4-8867-d9cb816d52e5,1459b68e-f660-4e66-83c5-c861ebfa7b52,7934374.436042132,7934375.07895276,7934383.305067786,5951,200,0.6429106285795569,8.22611502557993,192
e78fb3fa-0594-4037-89a4-b33912cde318,2a6eb3ba-e100-4c92-a9e9-1e45cee4c4c3,7934373.436688696,7934373.9485635515,7934383.314394883,2469,200,0.5118748554959893,9.36583133134991,288
fe4ed781-8e8f-41df-ae4b-5cd1ccacc8fd,2dbf224b-17cd-4061-a60e-d8b8bf91c15a,7934374.436061018,7934375.373644632,7934383.485537523,5852,200,0.937583614140749,8.11189289111644,192
c3b34de6-f3bc-4111-b43c-3e311d3f330d,bf2c9de6-a904-45db-bddb-fbd2e015a190,7934375.436363435,7934375.904066669,7934383.787512526,1846,200,0.4677032334730029,7.883445857092738,192
53da6c23-93c9-4ad2-93c7-17602c8bd120,bf643991-8072-4e34-aaba-6aa45667f279,7934374.436051758,7934375.096200843,7934384.202002809,2051,200,0.6601490853354335,9.105801966041327,160
f386dbd8-156c-4472-ad16-d8934c738d65,f2e623bf-4085-4da8-a0e0-3eb712c8e231,7934374.436058135,7934375.338063585,7934384.340827033,5842,200,0.9020054498687387,9.002763448283076,176
56672233-b183-453d-9b7e-49aab9637807,abf7562e-34ae-4c0d-9940-697f33aab22b,7934376.436316038,7934377.135611161,7934384.434563632,5742,200,0.6992951231077313,7.298952471464872,192
fb2ad847-0e32-44eb-bb3d-46d97951d662,f8201b4c-03c7-49e9-9da6-6c287bf761c8,7934375.436356985,7934375.991361027,7934384.522615386,5972,200,0.5550040416419506,8.531254359520972,192
5883b3b0-1eb1-4689-bddc-12ea9caa765a,614e6400-b3e8-4e96-b9c3-056d4cf0c685,7934375.43634716,7934375.983411012,7934384.741789028,2696,200,0.547063852660358,8.758378015831113,2480
c49925d0-3690-4bc3-ba81-931891b33a84,deca5ee5-8d40-4e4b-893d-49946608462b,7934374.436055541,7934375.113677672,7934384.75530911,5755,200,0.6776221310719848,9.641631437465549,160
3c90d1d7-3a54-44a2-8ebd-ea9fb3338a29,361d1536-ceec-424e-9ffd-3c7b29a993b3,7934376.43629397,7934377.391014864,7934384.982840757,5824,200,0.9547208938747644,7.59182589314878,160
eaa42244-5803-403f-9e63-d571b75253a9,904fe956-8d0d-467a-b6bb-0633305ea8f5,7934377.436124366,7934377.933712483,7934385.062215973,5920,200,0.4975881176069379,7.128503489308059,224
04e89976-d164-4a09-8c60-d275c12253d0,26246547-489c-4bf5-a461-7a53ca519d6a,7934377.436115443,7934377.60402551,7934385.109946442,1388,200,0.16791006736457348,7.505920931696892,160
eaf508d2-cec9-4814-9293-866e37d0e185,09103c37-f3ad-4892-b37f-4d805e0747ba,7934375.436360128,7934375.947448265,7934385.202564944,4407,200,0.5110881365835667,9.255116678774357,224
4d2a92f7-c5aa-43f3-82bd-512269b7fa6c,b6b50fed-883a-44d8-a0d2-154444ac9b9d,7934376.436318776,7934377.53010233,7934385.488502631,5844,200,1.0937835546210408,7.958400300703943,176
0e1b95a5-61f1-4a5b-b331-61217b5fdc15,8b412ed6-84aa-4ec2-9281-40208ff1b4a4,7934376.436313161,7934377.40818361,7934385.498233251,884,200,0.9718704493716359,8.09004964120686,224
0a2f5771-114b-46d7-82a2-877386d923c9,fe998469-a82d-4779-aa50-cc61c7408365,7934377.436128117,7934377.753461659,7934385.5177332945,2892,200,0.31733354181051254,7.7642716355621815,224
1dcf98a4-c4b6-457f-8450-906dd0575e2b,acf1c310-789c-4b46-9c4c-aa4020ee454c,7934377.436131217,7934377.596134956,7934385.698564734,1382,200,0.1600037394091487,8.102429778315127,192
37e6769b-6d03-4b20-a3d5-bb6777ccb2b5,95a97b7f-b9b9-4ff5-b501-08226dc92408,7934376.436307173,7934377.125429738,7934385.962567251,5695,200,0.6891225650906563,8.837137512862682,160
587156e0-1fce-442b-ac70-a2c1a5652093,c0aa256f-23f1-483c-a314-1e45b1d0a471,7934376.436310566,7934377.514517209,7934386.344035405,2917,200,1.0782066425308585,8.829518196173012,288
bdcb86c8-d2ce-4d38-91c8-ddf604d73459,0a12384f-0fb8-4809-b8db-e918b89100c7,7934377.436134548,7934377.828548771,7934386.365146041,4014,200,0.39241422340273857,8.536597269587219,176
357a76a0-14bb-47f3-bde6-f989e46a6c1c,45279b00-df84-4e7b-813d-b5d302dc8c84,7934378.436507871,7934378.972954233,7934386.500122085,946,200,0.5364463618025184,7.527167852036655,160
96ebfe07-83c0-4038-903f-b3f480fe79da,a2176afe-f9ab-4a5f-83c6-b934cbaf705c,7934379.436478221,7934379.77910943,7934386.903629469,2190,200,0.34263120871037245,7.124520039185882,192
ddf44f70-7347-46be-8b20-3c2222852792,e839419a-835c-4bf1-af83-436ccab8d728,7934378.436488779,7934378.810660979,7934387.282677305,3165,200,0.3741721995174885,8.472016326151788,176
b6aef5a3-c5c1-45f0-9e2e-d41f00105ecb,6f959304-7c93-46cd-83a5-4f6f73543c93,7934379.4364661,7934380.352588944,7934388.159766723,5849,200,0.9161228444427252,7.807177779264748,160
e1cb37c7-ae93-40ef-9fea-c91ca494acf6,ecf1639d-7d01-4ec2-989b-319b083d49e3,7934379.436481069,7934380.385752268,7934388.185441732,6208,200,0.9492711992934346,7.799689464271069,192
8db3153c-f4ad-47a6-a347-8e22360a20a1,8d0d672b-a7b3-4430-b510-6bdd1d8bb4c1,7934378.436503566,7934379.356422854,7934388.221286217,5847,200,0.9199192877858877,8.864863363094628,224
64d1c920-b719-4109-83c9-f34a0f09f48d,383fe816-1603-4be4-bd50-ca1ab0a1996d,7934379.436484071,7934379.952798784,7934388.227721075,2565,200,0.5163147123530507,8.274922290816903,288
7f951e8c-a2dd-449c-84e9-bdcca8b559ab,2f758670-b8ed-4ec1-862e-affd9609923b,7934380.436295909,7934380.9541254,7934388.474534413,4780,200,0.5178294908255339,7.520409013144672,192
ca604c56-f0a6-4e8d-a5e7-bafc8915a96f,948c2b49-f444-4991-aeef-14250d07cd61,7934380.436292646,7934380.897319107,7934389.230040491,775,200,0.46102646086364985,8.332721383310854,224
2845b1fb-2102-4bf6-838d-97a0b8589c3f,11a2967c-8c37-4e82-b852-df78459a03a9,7934379.436475122,7934379.977124807,7934389.375812995,1449,200,0.5406496850773692,9.3986881878227,1296
dc219f9d-57cd-486c-bccd-a9d3ef6ad5a8,f7c7eefe-8b56-4dc8-b6f3-0e7f09d2935d,7934380.436284243,7934380.9380987035,7934390.14652106,5849,200,0.5018144603818655,9.208422356285155,224
55cb4dd1-2dc4-450c-8fa8-972cdb15a0f7,d6aa8713-de55-47ad-864d-e04eada8c916,7934381.436382847,7934381.962272009,7934391.175230435,1237,200,0.5258891619741917,9.212958426214755,192
a8579c47-3193-40a0-8b72-d50f41c5d3aa,1c24e0e9-2184-44d8-be53-7aca86fd0b7c,7934382.436262076,7934383.262132202,7934391.444598608,3834,200,0.8258701264858246,8.182466405443847,224
ad6ec4a8-c001-46b9-87ba-debd67fd05c1,b92d6d18-ae56-41d7-8307-d8766d2aa7f9,7934382.436273921,7934383.085887006,7934392.288639522,2032,200,0.6496130842715502,9.20275251660496,192
d5346303-552c-4b06-8558-b0e0e3e11c41,06fc1b29-ed92-49b8-98c8-5792e32d0ecd,7934383.436246412,7934384.314166166,7934393.17029226,4752,200,0.8779197540134192,8.85612609423697,160
274b7b3a-ae13-4204-a9bc-ff073baa4976,2ed64c5c-56dd-454e-9dee-222c4090064a,7934383.436249395,7934384.070314528,7934393.215487422,5902,200,0.6340651335194707,9.145172894001007,160
20dc75e4-f5ae-4a2c-ae98-d03168c86ad7,641a35e5-6f76-4ab0-9200-900f50fee312,7934384.436241437,7934385.111452562,7934393.927118956,2826,200,0.6752111250534654,8.81566639430821,176
a10b6663-9605-4bc6-afff-49d58f7d602b,6373bd4f-7ecf-4f59-8cd0-cf0889386d97,7934383.436252157,7934383.7384934155,7934394.145144408,1045,200,0.3022412583231926,10.406650992110372,192
ceadd9aa-be61-4f93-a1d1-85d0fe5597e1,eebb2bf9-1068-482e-b93b-f5660953911a,7934383.436255943,7934384.518027779,7934394.2611170225,2181,200,1.0817718356847763,9.743089243769646,224
f065c25a-1722-434a-8387-93349d7b840a,7e271716-92bb-4055-a16b-52c471a6e0bd,7934383.436242917,7934384.077949964,7934394.363204917,1992,200,0.6417070478200912,10.28525495249778,416
f3c79778-7296-4935-83ad-2c0398c9fa26,a95d4290-526f-498c-bb05-5a23a8195ec0,7934385.437073955,7934386.123867395,7934396.154369912,3178,200,0.6867934400215745,10.030502516776323,160
a72003a8-0229-44aa-a69f-d56b1410ce3a,a284dc61-34eb-45cc-857a-6a8eab8536a1,7934386.437241344,7934386.992581649,7934396.161777861,4960,200,0.5553403049707413,9.169196212664247,224
fcb48148-ec21-4b87-b76d-c743d4c22793,87790c2b-aa62-4df2-9e78-4b07d45b22cf,7934383.436227668,7934383.996172325,7934396.2794264285,6008,200,0.5599446566775441,12.28325410373509,224
fd447a0c-07a0-40b7-be28-827522a72d70,39e6e02c-0a49-44e4-86c7-71fea0ddc507,7934386.437229484,7934386.852236839,7934396.290924655,3906,200,0.41500735469162464,9.438687816262245,192
050fda89-e627-4d67-97c8-b28c08640175,2d0b64cb-12fe-4c27-890b-a69e4e1a0aab,7934387.436418083,7934387.6714855395,7934396.801524832,728,200,0.2350674569606781,9.130039292387664,176
39062bfe-d434-454f-87ef-290f991cf19d,e8f6df88-143b-40ff-bdb8-5b4fe35021da,7934386.437235338,7934387.098053187,7934396.9872592585,2092,200,0.6608178494498134,9.889206071384251,16
f860a597-c488-4fe9-b24d-1aece7b411ff,53af0820-ed9a-40ae-a494-25d54b4c12a6,7934385.437062841,7934386.194189509,7934397.128372803,3567,200,0.7571266684681177,10.934183293953538,192
6f84098e-ac2a-4d0a-8fa4-a2a194fea1a8,8f9dacfc-fe44-4310-a09b-1460546de939,7934386.437226534,7934387.341055372,7934397.196322349,5908,200,0.9038288379088044,9.855266977101564,160
a05b451b-d095-4cb1-8a6f-5d9c7dd111b2,f89b0792-4a8f-4884-b996-19ed67bdd3ac,7934387.436425864,7934388.160050329,7934397.344504263,575,200,0.7236244650557637,9.184453934431076,176
8b7aa182-43e2-48fe-bdff-dc3a8815597d,6db5555c-9147-470f-bc60-d14016e9a811,7934386.437238342,7934387.312618893,7934397.488176502,4938,200,0.8753805505111814,10.175557609647512,176
3cfbba4b-fd1f-4384-82cf-65e9338611c4,16e9d9d1-48cf-4b87-a42b-57a6058ec096,7934386.437232642,7934387.3604411045,7934397.496172171,5818,200,0.923208462074399,10.135731066577137,192
d18821f7-e962-48e1-9795-79019e93be4a,2f38c29f-bc9e-4bc5-99c1-7fd57e50a30c,7934386.437222824,7934387.074629435,7934397.926205522,2641,200,0.6374066108837724,10.851576087065041,160
e1d3dfec-9574-4871-94a1-d6dbbaaa2cc7,f33ed1b7-98b9-440c-8c35-a38b4413ebf6,7934388.436182862,7934389.296794828,7934398.089402829,5492,200,0.8606119658797979,8.7926080012694,192
c7a5eff7-b648-4fac-ab8c-8405550c31f0,dede0210-5552-4607-8159-2fd26af2324f,7934387.436402868,7934387.967591516,7934398.105303044,1754,200,0.5311886481940746,10.13771152868867,176
bbdb365f-887d-4746-9da1-fa3c005320db,d2f98f69-9db6-4ca6-ab3f-4fee73d2fcbb,7934389.436923723,7934389.751097246,7934398.309974818,3110,200,0.31417352333664894,8.558877571485937,176
a6c14dc8-da10-4fc1-8c68-2ccbacce609a,18a3256f-2391-44cc-8b21-9f9538eff167,7934389.43693942,7934390.332088926,7934398.31584593,5942,200,0.8951495056971908,7.983757004141808,176
143d3fb2-31f8-47aa-94d2-45f48ce7e24d,2ab09120-4ab5-4d7e-b766-99ec6b96b886,7934387.436428948,7934388.132517555,7934398.333249353,926,200,0.6960886064916849,10.20073179807514,224
8e0d1db0-71e5-494b-a291-7daa14398c88,d4238793-b034-4004-8635-9639e6bd91f6,7934388.436173358,7934389.329057429,7934398.428821573,5855,200,0.8928840709850192,9.099764144048095,176
b9800ce3-01a0-43a7-a9f0-b7d2aee09283,096de4a6-59ff-48ea-a5bc-74fe92e53140,7934389.43695253,7934390.153965411,7934398.803284159,3031,200,0.7170128803700209,8.649318748153746,192
ef53d47d-4f97-4b0a-b2eb-2b0a93f66b27,ed6128fd-109c-449c-9640-2cacd9a07676,7934389.436949306,7934390.037245566,7934398.903710924,2225,200,0.6002962598577142,8.866465358063579,160
5bb47885-dfe3-47e7-8afa-0db9980f88dd,6582c1ba-13ad-483e-8428-492bebf8d206,7934389.436956054,7934390.106023659,7934399.066074512,5857,200,0.6690676053985953,8.960050852969289,224
1e362c5e-5c33-435d-a3be-e24ca9576e7b,4b2a962e-9447-4684-8739-109bc56139fb,7934390.437007491,7934391.073338947,7934399.147092254,4753,200,0.6363314567133784,8.073753306642175,224
0fd99655-a09c-4dc9-8908-f8f761881f06,2b8e65d1-d959-42ef-85da-c23c233207a9,7934390.43700332,7934390.90509604,7934399.319288258,3590,200,0.4680927200242877,8.414192218333483,16
b57110c9-a37e-414c-8e15-bc380528714a,0e5901a7-c94f-45c6-bcbc-a7ef22f161d4,7934391.436555066,7934392.275130404,7934399.350411582,2203,200,0.8385753380134702,7.075281177647412,160
52ba00be-0763-40b8-8d48-51c4ee3f4006,8a726fa4-de81-489c-98f8-8ba49638fffc,7934390.437010632,7934391.066222736,7934399.450125018,4905,200,0.6292121037840843,8.383902282454073,192
1d64408b-e9d3-49b0-a6ef-09bde346f8cb,38bd04e6-cb8f-4c97-a175-530eaa1094b0,7934386.437209166,7934387.165516552,7934399.711571789,2711,200,0.7283073859289289,12.54605523776263,176
4428d056-6a34-456f-8c2e-36dcdc4b8ab1,2e9ef113-26ec-4798-9566-b37d540bbb58,7934387.436421911,7934388.578764126,7934399.789108419,6508,200,1.1423422144725919,11.210344293154776,192
7df0aa08-6d27-453c-83f3-cb29eb8d34c9,968ca5b8-1884-449f-930f-a9034955bfc8,7934392.436141122,7934393.063358779,7934399.988147093,2260,200,0.6272176569327712,6.924788313917816,288
86746337-0e25-438f-aa54-e963225ae302,11b7d389-ed5e-43d8-b78f-6154624895fe,7934391.43648165,7934392.342617194,7934400.056438509,5818,200,0.9061355441808701,7.713821315206587,224
80e28571-f24d-4c56-bbda-aedb2b88c8e9,194a873d-95d7-4e33-8211-f30323686617,7934392.436117996,7934392.8923077565,7934400.164138607,959,200,0.4561897600069642,7.271830850280821,160
0584a52d-b3e8-4bc6-aa0e-b7b0f2dc9e7f,0a12384f-0fb8-4809-b8db-e918b89100c7,7934392.436131751,7934393.215237626,7934400.201780748,4217,200,0.779105874709785,6.986543121747673,176
c02d7f30-b9e5-437f-9bbe-13b5ff55dc91,c1017aac-714c-4899-a365-4481a7efceb5,7934393.437009944,7934393.899347103,7934400.385963134,3564,200,0.4623371595516801,6.486616030335426,176
803ea193-5c83-4479-8132-fa11b42b0082,bc3c695a-dbbe-46c3-b730-f17bff089f3e,7934389.436941845,7934390.387724758,7934400.38906408,5779,200,0.9507829127833247,10.001339321956038,224
bac3f3b3-3d6f-44a1-ae70-ac05fdafc0be,11a2967c-8c37-4e82-b852-df78459a03a9,7934391.436529332,7934392.065651921,7934400.399738087,1657,200,0.6291225887835026,8.33408616669476,160
b9f893f1-3514-4306-abd6-ec7f2a0c03b0,c7d4bf82-b656-4649-9145-d43cfcc0709d,7934389.436945346,7934390.363736035,7934400.448295701,5812,200,0.9267906891182065,10.084559665992856,224
c0f3c85a-aa42-4a07-854f-f034b5f7e144,6d17f320-f4be-4fd9-8926-c85f69e9bb80,7934389.436935934,7934390.28249729,7934400.718650404,5870,200,0.8455613553524017,10.436153114773333,224
6c875224-2aa2-48f6-aba2-c54e4730b04c,5bbb49c0-2de5-4357-bd31-b7f999a7bd42,7934392.436127875,7934393.228393302,7934400.876723091,5743,200,0.7922654272988439,7.648329788818955,224
f6c89e13-52bd-475a-a33e-a0ce897df0e7,9275074f-0819-42b2-9e68-2fb2aa8483cd,7934394.43650213,7934394.985252462,7934401.340904819,3850,200,0.5487503325566649,6.355652356520295,176
8e8a3be8-5a0d-4d5e-af2c-50e7d5890963,ee3f178d-873f-4ae5-81ad-c50bc746de6c,7934390.436988876,7934390.759237135,7934401.36374613,899,200,0.32224825862795115,10.604508995078504,192
df0d7d7a-8d1a-47fc-aac8-6286c01e1f34,12f27011-1d1f-4e75-a7d0-158faedac5c8,7934391.43655976,7934392.528448293,7934401.387343078,4687,200,1.091888532973826,8.858894784934819,192
5544d387-701b-44bb-bd7c-b2479003d683,7d2e5d4e-e5db-464d-b30f-0fa63819307f,7934394.436504982,7934395.218744073,7934401.413291204,2547,200,0.7822390906512737,6.194547130726278,160
04bee50c-665a-429c-9b53-7e1c2342287b,9e4a66fd-e0ca-44f4-a552-5097141dcc11,7934392.436137412,7934393.411205461,7934401.432395012,5640,200,0.975068049505353,8.021189550869167,176
db72cd53-a009-40e6-8593-b3f04615b14b,69d6a749-1fe1-4b27-b172-f4ebf273db0f,7934393.436986808,7934394.117171848,7934401.906504548,2186,200,0.6801850404590368,7.78933269996196,176
e925e9e9-4678-40a0-8fb2-9332932ba055,8e09d1f4-c05c-494c-9041-54ba584198ed,7934394.436485068,7934395.203174882,7934401.942242253,6012,200,0.766689813695848,6.73906737100333,224
7108b2bd-54b4-4f79-b2e3-1be3ed9523ce,eb108419-0694-4cc7-aba6-dac546a8e3c1,7934395.436377092,7934396.137649506,7934402.03743716,5841,200,0.7012724140658975,5.899787653237581,160
b2a0e938-a64a-45a8-8111-61f04ffa86c4,023f21de-89c7-46fe-88e2-9c06559bd065,7934391.436550152,7934392.430137565,7934402.048885623,910,200,0.993587413802743,9.618748057633638,288
8fe17d77-72ac-4b6b-a726-7d62bd8bfdae,aa76f5a5-1391-4a23-990b-4742ae99e457,7934392.436144534,7934393.400024154,7934402.184866058,5829,200,0.9638796206563711,8.784841903485358,176
508172ff-c24b-42b9-a44c-09636a16276c,6dac39d7-6c17-45bc-aff3-f0b80b131575,7934393.436946635,7934393.91495709,7934402.321647262,2603,200,0.4780104551464319,8.406690171919763,176
510929fc-ffb8-4c0e-8bfb-9b207dd5220d,5fc01b85-436e-42f3-985e-da333a5cd88e,7934396.436149929,7934396.600727014,7934402.357128774,1271,200,0.16457708552479744,5.756401759572327,160
efc35e87-f761-4802-b229-2925d213953b,e4309e54-f368-4beb-8abb-5e8553b2a1cf,7934392.436134408,7934393.388620009,7934402.579257258,5794,200,0.9524856004863977,9.19063724949956,224
c802c62d-43c2-47ef-af6c-7b338415ced8,1be50b09-a329-4921-955f-90a9f21fcc54,7934393.437004902,7934393.955428854,7934402.71355371,1453,200,0.5184239512309432,8.7581248562783,160
2a4bed10-77a5-42a2-bc14-387ffd3ca264,74def355-9a6f-4dea-aed5-4077f6996685,7934393.437013445,7934394.359335595,7934402.904349505,5936,200,0.9223221493884921,8.545013910159469,176
e19fe7c0-6fb7-4042-9386-5b495928a0d6,451a9b19-a212-4faa-a8f6-2dba2b487636,7934394.436498919,7934395.391601149,7934403.059232918,5811,200,0.9551022304221988,7.667631768621504,224
9256ce0e-05db-4bee-979e-bc7a3433a51d,1b4c1624-eb1c-42ee-a57d-25e7831e5794,7934395.436367038,7934395.651449567,7934403.116115109,1435,200,0.21508252900093794,7.46466554235667,224
686e30f2-cd20-4708-aadc-7865f7d12c38,0857271c-07d1-492a-bcb3-366b5269f9f8,7934394.4364951,7934394.93968924,7934403.169140917,4167,200,0.5031941402703524,8.22945167683065,160
fed90a02-3bbe-4953-8da1-d13df9b0c839,eaf119a5-4710-4ef6-96f9-c67f053ee28e,7934397.436399512,7934397.757124474,7934403.476906845,1032,200,0.32072496227920055,5.719782371073961,160
c12f4c57-21fd-4ecd-b27a-a12cce418efe,ecf1639d-7d01-4ec2-989b-319b083d49e3,7934398.436615044,7934399.139487073,7934403.624436786,6303,137,0.7028720285743475,4.48494971357286,192
247a0ab9-e66f-4703-babe-dc8df755fa21,42f81ecc-70f5-44f6-9811-7ef3b617ba73,7934397.436393141,7934397.941585415,7934403.771345686,2561,200,0.5051922742277384,5.829760271124542,192
d9224694-0c34-494b-9021-dda191f73c54,156e4c45-4731-41f8-af7a-2245be51116a,7934396.436159068,7934396.941056191,7934403.809943303,5834,200,0.5048971232026815,6.868887111544609,176
560f1287-1bde-4594-bc2f-04b362b6e933,383fe816-1603-4be4-bd50-ca1ab0a1996d,7934395.436380663,7934395.986066999,7934404.004995754,2602,200,0.5496863359585404,8.01892875507474,288
23ceefe7-556f-4895-8a71-0124a58ddac2,d34c67c0-ca74-4c70-a28c-f7680bf83cf8,7934397.4363962,7934398.327442023,7934404.105821626,5766,200,0.8910458227619529,5.778379603289068,176
e6c8ad08-d6da-434e-853a-ce4eb036abe4,5531c795-4c92-4efe-93f0-ad80b9b2f5cf,7934398.436624564,7934399.310337877,7934404.1777258925,5814,200,0.8737133126705885,4.86738801561296,192
ed6a211c-e2dd-43a5-a6a1-53a87e6e1403,34a3ac54-2f1b-4afb-9125-f0ecfe19b0a1,7934399.436293116,7934399.944791718,7934404.3569971835,472,200,0.5084986025467515,4.4122054651379585,192
40c6f233-f161-46b3-b328-80dceedcee8e,2ce6f444-2254-49aa-a987-83f28b28df9d,7934398.436634068,7934398.836838847,7934404.374293428,563,200,0.4002047786489129,5.537454580888152,176
c22cb277-06b8-4bb3-b03a-fdd6bd80b31b,01214e46-af22-4c6d-ac0a-0617f82b827f,7934396.436162105,7934396.960019937,7934404.412128252,6304,200,0.523857831954956,7.452108315192163,192
2026d673-c350-49f5-8d79-8203bca02792,70022972-d038-4dbd-bee2-ba197b2c9339,7934397.436374069,7934397.734650686,7934404.778558886,1271,200,0.29827661719173193,7.043908199295402,192
9cb4460d-15ce-41af-aaa7-d9bdd71c1284,fbea4e9e-c510-4c9a-8e1f-ca6073d14deb,7934399.436283486,7934400.041782032,7934404.95573033,5956,200,0.6054985458031297,4.913948298431933,160
e3c1f376-3520-4773-a102-2f771f68f5ab,ae63a74d-ec05-43be-9fce-442acded5b4e,7934400.436402219,7934400.561177638,7934405.1548448065,917,200,0.12477541901171207,4.593667168170214,192
646e295a-c18f-4aca-beca-060065fa1fb6,548fd163-71d0-4642-9386-c5a09a047dbd,7934397.436389241,7934397.893350476,7934405.2060986925,4984,200,0.45696123503148556,7.3127482160925865,224
53f27f3c-b0e3-4512-b964-1e09d62bf917,18e1515f-5651-447b-acf1-6c7ef9a74d7a,7934400.436399431,7934400.621084804,7934405.357935083,1633,200,0.18468537274748087,4.736850279383361,160
fc80666f-b5e9-438b-873c-7788d7d94a0e,4f6a7dd0-71b6-49ac-9783-184c84f1915e,7934399.43627967,7934399.528049894,7934405.407115616,520,200,0.09177022334188223,5.879065722227097,192
48cfed79-fbba-47dc-907d-c47680f5a04f,6773d64e-c4f2-4e4b-895c-24140b31607f,7934399.436275774,7934400.031224405,7934405.621809489,5847,200,0.5949486317113042,5.5905850837007165,192
49cbc521-be35-4dc6-a743-d6aa5c134415,0b2debcb-f399-4d3c-89e9-0a9d700f6b3e,7934399.436286074,7934399.964216746,7934405.682737172,5779,200,0.5279306722804904,5.718520425260067,160
b8449627-8a40-465b-aff7-0c87b8534c83,bf3576f0-1508-41f7-9a01-7c035b15e907,7934398.436631271,7934399.172313597,7934405.81619246,6584,200,0.7356823263689876,6.643878863193095,192
c9ea6085-09fe-490c-ae15-20e3eab9d71d,4de1cfe3-bafc-4c88-b75f-5e9daea7a2a2,7934399.436289656,7934400.079837608,7934405.9143494265,2368,200,0.6435479521751404,5.834511818364263,176
76e24e93-21d6-4d65-90c4-26b1c89b2938,7f600648-e3b8-4d8f-965e-8a52d4e10df9,7934398.436628123,7934399.465875555,7934405.995821893,5774,200,1.0292474320158362,6.5299463383853436,224
caaad3d0-7876-443f-9c59-d2e0fd9d51bd,b4cb6c3e-df11-4fed-84fd-953c59cc716d,7934399.436260035,7934399.655662796,7934406.058165842,2187,200,0.21940276119858027,6.402503045275807,176
9e96f06c-e655-44f8-951b-ce92f3a6891e,035c2af7-1db2-46bd-85ea-71ff7e3a5dc7,7934401.436143572,7934402.0146309035,7934406.0588462865,4270,200,0.5784873310476542,4.0442153830081224,192
0e2f9bad-81ee-4048-971d-c640708f48d4,cfa869f2-0e7b-48ac-912f-0f1682a5bebc,7934400.436395355,7934400.69791739,7934406.082914956,736,200,0.26152203511446714,5.384997566230595,176
e65bc47f-dcc9-4553-b964-984b8b1957ba,0dd0cb6e-80c4-440e-9e94-a75f9c044e6c,7934400.436405402,7934400.696524785,7934406.081846335,1972,200,0.2601193832233548,5.3853215500712395,192
bc2aadf0-b258-4c0a-9466-fc7b043d3c8e,522f3597-4ed8-4897-9cb3-a933f9bf024d,7934400.436409137,7934400.963300614,7934406.156887099,6243,200,0.5268914764747024,5.193586485460401,224
de768880-8d98-4c3f-8aa3-947fde9af80f,0a73b161-d82b-4323-916b-33e2b59d35e0,7934400.436384329,7934400.640960941,7934406.287584638,1915,200,0.20457661245018244,5.646623697131872,160
1b4b1f30-896d-440c-bca7-84662e3d9d8d,b10ff1df-1a27-4b7a-8491-ded24b953092,7934400.436412673,7934400.975990113,7934406.540716277,5985,200,0.5395774394273758,5.56472616456449,176
07a7608b-8b6c-4516-941d-1f8c5fc53270,cbfdc8cb-86e6-4e92-8c77-b69f6bf82e13,7934400.43641857,7934401.356898642,7934406.731378203,5943,200,0.9204800724983215,5.374479561112821,176
6fe0e6fc-7ec2-4c24-8654-693c92f943a9,10bae5ed-9bb5-428f-8878-b428defcbc4a,7934400.436415497,7934401.079455371,7934406.898687389,5996,200,0.6430398738011718,5.819232017733157,224
81fa8625-3a0c-4ba2-a805-8846367d3ee4,a1cef276-6150-4849-a49f-d5521b1ab18e,7934401.436087352,7934401.922073406,7934406.996897307,1768,200,0.48598605394363403,5.074823901057243,288
6e8ac44c-26f2-4321-b76d-2e53b345a5de,e3813743-28fa-4fe1-9447-a2aa249feab9,7934401.436125913,7934401.882935308,7934407.096834009,2343,200,0.4468093952164054,5.213898700661957,192
b1c4e7a7-37f5-4f59-97dc-9b1a5b978bcd,fe28b892-74db-4075-be6f-8e84d7615a76,7934401.436148082,7934402.40789214,7934407.268845701,5897,200,0.9717440577223897,4.860953561030328,160
9ba586f1-d062-4521-8929-cbf9c40f255b,8f906103-b00a-41fa-8410-60bf77d7d17b,7934402.436426778,7934402.5260843,7934407.436000541,555,200,0.08965752180665731,4.909916240721941,256
9280e7d6-e94e-4492-a3b5-9593701ca4b2,965290f7-a7b8-4bd2-bc07-c9e4b41a7dd3,7934402.436435553,7934402.917990932,7934407.633130599,5706,200,0.4815553789958358,4.715139666572213,176
17be2f71-23c5-4803-a7af-6fd99e4ccfb4,de310453-2360-466e-a6d3-3ca31cdb0cdb,7934403.437137057,7934403.604286777,7934407.704818011,1742,200,0.16714971978217363,4.100531234405935,192
b9a86ae0-e6d9-4f2d-8d61-1552760634e1,11a2967c-8c37-4e82-b852-df78459a03a9,7934403.437125269,7934403.609224125,7934407.819165297,1821,200,0.1720988554880023,4.209941172040999,160
2536da1d-8929-4d28-b94a-791269bc4e17,9bb66c7b-e720-4c31-baca-a2f43672e95a,7934403.437134166,7934403.598118989,7934408.237878549,1796,200,0.16098482254892588,4.639759560115635,160
eecb331d-103c-4978-9e7c-bbc0eab93b95,93c4c0a0-35e8-4dae-9794-e96bff496a85,7934404.436369673,7934404.772382867,7934408.722281324,1745,200,0.3360131932422519,3.9498984571546316,256
1c4ce78a-eec1-4594-96e6-194924619e21,383fe816-1603-4be4-bd50-ca1ab0a1996d,7934404.436372769,7934404.79778506,7934408.848786979,2568,200,0.36141229048371315,4.0510019194334745,576
92859840-1053-4315-9239-db2a4a764356,2b8e65d1-d959-42ef-85da-c23c233207a9,7934404.436348204,7934404.745065066,7934408.92671235,3560,200,0.308716862462461,4.1816472839564085,288
cd865498-9cf9-4c7f-9290-ce7e5e03db09,acc6b700-283c-41fe-b5a8-046373768d2d,7934404.436366856,7934405.220713975,7934409.141206052,4164,200,0.7843471188098192,3.9204920772463083,192
bd3bb5d0-8edb-4209-a100-ee8b6bd780e3,cffad852-a87e-43a7-896d-2b983e243193,7934404.43636286,7934404.934894099,7934409.452249403,5829,200,0.49853123910725117,4.517355304211378,176
abdaa916-67ff-4cac-979a-86fb4e0b1c0c,ec7bec38-d487-4adc-af55-0977ebddf24f,7934405.436806682,7934405.601947149,7934409.471747156,2211,200,0.16514046769589186,3.869800006970763,224
da881093-f90c-429b-b9f5-254098e59f6c,96e352eb-b046-4e48-a206-53a1eee8c0ed,7934406.436893928,7934406.605548803,7934410.22950289,1779,200,0.1686548748984933,3.623954087495804,176
5e96a905-b221-45f0-b0fd-42ce4c464870,6bf8b67e-ba7b-4962-b021-3100e5dc69e1,7934406.43689031,7934406.588731763,7934410.249677555,1429,200,0.1518414532765746,3.6609457917511463,224
b60c586b-b9a2-401f-8bc3-d1054fa94fe0,86bcccf7-bc5c-4d53-ad50-89b11a3494f2,7934406.436869649,7934406.913634401,7934410.378001151,5782,200,0.47676475159823895,3.4643667498603463,192
3421500f-d603-4543-be0a-a0ad82324659,c1017aac-714c-4899-a365-4481a7efceb5,7934406.436882037,7934406.764994634,7934410.812354424,3552,200,0.32811259757727385,4.047359789721668,176
b517597e-77e6-44cc-b8f8-a94fe548072d,ed6fbd43-efd1-4415-8aa9-6d1c4533dabb,7934406.43688655,7934406.891784466,7934411.257597992,5798,200,0.45489791594445705,4.365813526324928,176
17e13b0d-7e1b-44d7-a3c2-50af746bd617,2a6b418f-fb9e-4337-90a6-71ef5a5391d6,7934408.437058036,7934408.5459563425,7934411.9365855465,982,200,0.10889830626547337,3.390629203990102,160
cd901bad-cee5-4c99-abc1-4600558af07f,a52c7e36-dca1-4901-9673-56c0a94f5015,7934407.43634807,7934407.734216948,7934411.984391935,3784,200,0.29786887764930725,4.250174987129867,192
fea00e7d-62b3-4276-982d-c0730e8d1e93,583eb43e-4777-43dd-b3ac-37d66ab778b1,7934407.436339547,7934407.890693015,7934412.004809988,5723,200,0.45435346849262714,4.114116972312331,192
b7e08f18-7681-499b-b7b1-415593fbdabd,ca6d5afc-77b7-44a5-95fe-4bd353dcb90a,7934408.436977382,7934408.762288215,7934412.236374575,3834,200,0.32531083282083273,3.4740863600745797,160
98433fe6-3ac3-4517-b5c5-374777317663,b3f7ad05-2009-4188-bbcc-48140f3b358f,7934408.437049454,7934408.645443222,7934412.275041953,2379,200,0.20839376747608185,3.629598731175065,176
29732f62-a6f4-4237-a4ad-05b8ff19f132,69c65194-d8b7-413c-af90-cf5d54b7fb38,7934408.437019841,7934408.916259347,7934412.997440664,5871,200,0.4792395066469908,4.081181316636503,192
9a3eac7c-c967-4db7-bc68-ac6f77b003f6,26a045fc-da78-4fb2-b580-9fa1440dca8e,7934408.437044051,7934408.925594546,7934413.000855986,5956,200,0.48855049535632133,4.075261440128088,160
919499f4-f204-41fb-9c54-1c4e95ae5a47,39bc6c25-b2be-478d-9919-83b0de268d70,7934408.437053629,7934408.914735169,7934413.27666142,5850,200,0.477681539952755,4.361926251091063,160
c3ef5dc3-5002-453f-b16c-522786d6c0ef,a43c9d46-4fb4-4879-b232-bc45faa1f2d2,7934409.436723207,7934409.8893765,7934413.665429178,5871,200,0.45265329256653786,3.776052678003907,224
96d6a141-b024-4ad0-812c-9f7cd800c9e2,f604b214-cf06-420a-b0b4-5ce7a5740c75,7934409.436700853,7934409.754008983,7934413.875205864,3524,200,0.31730813067406416,4.121196880936623,160
62ad5104-2edc-41e0-b626-ab247d936154,a6efb579-aa74-470f-aba5-7b8844de154c,7934409.436716767,7934409.857429789,7934413.933849851,5276,200,0.42071302235126495,4.076420061290264,176
dccb1176-3855-4373-b28f-bfef0f99d660,8f74c273-3def-47ea-8e27-63467cdcf042,7934409.436719688,7934409.641090167,7934413.954884983,2282,200,0.2043704790994525,4.313794815912843,192
0c54f4ad-e5dc-403c-85cf-568ae689328b,5b55315f-f2f0-4b55-bb8c-4ae8696d9e6c,7934410.436735267,7934410.586913854,7934414.2544731265,1529,200,0.150178587064147,3.667559272609651,176
25f0047a-0379-42a8-bcb8-5d367cd06bf5,194a873d-95d7-4e33-8211-f30323686617,7934410.436743922,7934410.514692992,7934414.26687675,959,200,0.07794907037168741,3.7521837577223778,224
14eb3d96-1606-467e-8e46-8f85003387c8,6582c1ba-13ad-483e-8428-492bebf8d206,7934409.436712435,7934409.915586318,7934414.288047945,5857,200,0.4788738824427128,4.372461627237499,224
2a4d9218-3b42-40f9-9024-bc619ba7ab08,4b849273-34b2-41a7-a754-161f75c4d8a1,7934410.436747715,7934410.596963316,7934414.294333621,1784,200,0.1602156013250351,3.697370304726064,224
7c119e95-d256-4a60-ad3e-a16b4b6c854a,87790c2b-aa62-4df2-9e78-4b07d45b22cf,7934410.436750621,7934410.914809158,7934414.992480179,6020,200,0.47805853746831417,4.077671021223068,224
70fab7d4-8d77-41b7-8d95-698cccade5df,d9617223-3bfc-4530-a2a7-84b7fcc611f3,7934411.436431196,7934411.597932047,7934415.252061616,1972,200,0.16150085162371397,3.6541295684874058,256
ee3ed32c-82af-47f9-959e-4a9fb68328ee,afafd84f-c43a-4a5b-a307-c257cbf756bb,7934410.436754382,7934410.8882332435,7934415.302549755,5836,200,0.45147886127233505,4.414316511712968,176
9a81e2f4-16b6-4c07-ae4c-eea6ec44f7a4,f04da30f-7925-4b12-a187-bd76eb4d9712,7934411.436352716,7934411.674837626,7934415.542803912,2762,200,0.23848490975797176,3.8679662868380547,16
f2228fb2-a85a-4b1c-b89a-b0487c8cd8c1,16e9d9d1-48cf-4b87-a42b-57a6058ec096,7934411.436425531,7934411.900300936,7934415.961482121,5818,200,0.46387540455907583,4.061181184835732,192
52a2c779-4fe1-4e2d-800c-8f9d5f1e46ce,f4c8df6e-bfa7-4e35-ad4b-b3fb5f113233,7934411.436399937,7934411.90915798,7934416.2790588215,5851,200,0.47275804355740547,4.369900841265917,160
