{"actual_qps": 5.5785370539244115, "success_rate": 100.0, "input_tokens": 4038, "output_tokens": 199, "model": "QwQ-32B", "input_tokens_per_minute": 919443.774220683, "output_tokens_per_minute": 45337.93823802241, "slo_seconds": 5.0, "slo_attainment": 0.0, "ttft_slo_ms": 1000, "ttft_slo_attainment": 8.974358974358974, "tpot_slo_ms": 50, "tpot_slo_attainment": 54.700854700854705, "Latency": {"unit": "s", "min": 5.643615487002535, "p50": 12.568462535004073, "p90": 18.75938351649893, "p95": 21.923855259650736, "p99": 25.269535905026203, "max": 25.863677328998165}, "Throughput": {"unit": "tokens/s", "min": 5.902201475049126, "p50": 15.912852322191313, "p90": 24.10227217993321, "p95": 27.86701034108972, "p99": 32.62718801284697, "max": 35.43827542124508}, "TTFT": {"unit": "s", "min": 0.37574307300383225, "p50": 2.753310526499263, "p90": 6.5086710814990525, "p95": 9.0614466953506, "p99": 14.41496639253957, "max": 17.53059899100481}, "TPOT": {"unit": "ms", "min": 22.59497172861704, "p50": 47.65115449748434, "p90": 70.04634334924634, "p95": 74.35237547560516, "p99": 82.07844425577362, "max": 117.37029210867743}, "Input Tokens per Minute": {"unit": "tokens/min", "min": 919443.774220683, "p50": 919443.774220683, "p90": 919443.774220683, "p95": 919443.774220683, "p99": 919443.774220683, "max": 919443.774220683}, "Output Tokens per Minute": {"unit": "tokens/min", "min": 45337.93823802241, "p50": 45337.93823802241, "p90": 45337.93823802241, "p95": 45337.93823802241, "p99": 45337.93823802241, "max": 45337.93823802241}}
{"actual_qps": 4.607134159784476, "success_rate": 100.0, "input_tokens": 3944, "output_tokens": 199, "model": "QwQ-32B", "input_tokens_per_minute": 1247427.6979687256, "output_tokens_per_minute": 62972.60199941649, "slo_seconds": 5.0, "slo_attainment": 0.0, "ttft_slo_ms": 1000, "ttft_slo_attainment": 9.230769230769232, "tpot_slo_ms": 50, "tpot_slo_attainment": 46.15384615384615, "Latency": {"unit": "s", "min": 5.967256489995634, "p50": 13.321437416001572, "p90": 20.016317668004195, "p95": 22.217182082998626, "p99": 26.843998689158177, "max": 30.47456526600581}, "Throughput": {"unit": "tokens/s", "min": 6.562849978473647, "p50": 14.990239702777062, "p90": 23.868687131895662, "p95": 25.945295761264898, "p99": 29.951080982337736, "max": 33.5162398893543}, "TTFT": {"unit": "s", "min": 0.37501962399983313, "p50": 2.930570052994881, "p90": 8.141276114997165, "p95": 9.485412949598688, "p99": 10.538870724276638, "max": 11.604101725999499}, "TPOT": {"unit": "ms", "min": 20.511776653259417, "p50": 50.62932395980279, "p90": 67.79189730050214, "p95": 78.18182474171161, "p99": 102.15645602471649, "max": 117.06914924119947}, "Input Tokens per Minute": {"unit": "tokens/min", "min": 1247427.6979687256, "p50": 1247427.6979687256, "p90": 1247427.6979687256, "p95": 1247427.6979687256, "p99": 1247427.6979687256, "max": 1247427.6979687256}, "Output Tokens per Minute": {"unit": "tokens/min", "min": 62972.60199941649, "p50": 62972.60199941649, "p90": 62972.60199941649, "p95": 62972.60199941649, "p99": 62972.60199941649, "max": 62972.60199941649}}
{"actual_qps": 4.801092318829971, "success_rate": 100.0, "input_tokens": 4060, "output_tokens": 198, "model": "QwQ-32B", "input_tokens_per_minute": 1220809.3192156656, "output_tokens_per_minute": 59821.05289749884, "slo_seconds": 5.0, "slo_attainment": 0.0, "ttft_slo_ms": 1000, "ttft_slo_attainment": 41.42394822006473, "tpot_slo_ms": 50, "tpot_slo_attainment": 36.24595469255664, "Latency": {"unit": "s", "min": 6.209571097999287, "p50": 12.252142696997907, "p90": 16.00360584299633, "p95": 17.103240330197146, "p99": 19.04558737447922, "max": 21.151408692996483}, "Throughput": {"unit": "tokens/s", "min": 7.030943998926464, "p50": 16.155437425474826, "p90": 22.22435676134536, "p95": 24.253096078333943, "p99": 29.55595661324824, "max": 32.20834367520804}, "TTFT": {"unit": "s", "min": 0.1822512500002631, "p50": 1.1343160670003272, "p90": 2.513195711400476, "p95": 3.2418675387976665, "p99": 5.292868759958947, "max": 6.091975852003088}, "TPOT": {"unit": "ms", "min": 27.869547999975268, "p50": 54.83175673367469, "p90": 72.40955779496691, "p95": 75.9646209537598, "p99": 88.1500796072335, "max": 95.61395494598106}, "Input Tokens per Minute": {"unit": "tokens/min", "min": 1220809.3192156656, "p50": 1220809.3192156656, "p90": 1220809.3192156656, "p95": 1220809.3192156656, "p99": 1220809.3192156656, "max": 1220809.3192156656}, "Output Tokens per Minute": {"unit": "tokens/min", "min": 59821.05289749884, "p50": 59821.05289749884, "p90": 59821.05289749884, "p95": 59821.05289749884, "p99": 59821.05289749884, "max": 59821.05289749884}}
{"actual_qps": 4.755427704765925, "success_rate": 100.0, "input_tokens": 3969, "output_tokens": 199, "model": "QwQ-32B", "input_tokens_per_minute": 1158838.9078846576, "output_tokens_per_minute": 58274.9548663327, "slo_seconds": 5.0, "slo_attainment": 0.33333333333333337, "ttft_slo_ms": 1000, "ttft_slo_attainment": 47.66666666666667, "tpot_slo_ms": 50, "tpot_slo_attainment": 26.666666666666668, "Latency": {"unit": "s", "min": 4.405034069000976, "p50": 13.048013974999776, "p90": 17.916011221404187, "p95": 19.823781363752644, "p99": 21.16958345801744, "max": 22.424996592999378}, "Throughput": {"unit": "tokens/s", "min": 8.918618969263784, "p50": 15.328148667843271, "p90": 23.26407654794219, "p95": 24.856821819870675, "p99": 28.706896472364903, "max": 33.55194726962894}, "TTFT": {"unit": "s", "min": 0.09612279199791374, "p50": 1.0430095850024372, "p90": 2.2956844256994384, "p95": 2.925854251247802, "p99": 4.137589374163507, "max": 4.871620024998265}, "TPOT": {"unit": "ms", "min": 21.5117502964895, "p50": 60.172506851758676, "p90": 82.41688129596673, "p95": 89.28386850527556, "p99": 98.52797245147809, "max": 100.29912623116131}, "Input Tokens per Minute": {"unit": "tokens/min", "min": 1158838.9078846576, "p50": 1158838.9078846576, "p90": 1158838.9078846576, "p95": 1158838.9078846576, "p99": 1158838.9078846576, "max": 1158838.9078846576}, "Output Tokens per Minute": {"unit": "tokens/min", "min": 58274.9548663327, "p50": 58274.9548663327, "p90": 58274.9548663327, "p95": 58274.9548663327, "p99": 58274.9548663327, "max": 58274.9548663327}}
{"actual_qps": 5.524580811181569, "success_rate": 100.0, "input_tokens": 3902, "output_tokens": 199, "model": "QwQ-32B", "input_tokens_per_minute": 1139187.2137780103, "output_tokens_per_minute": 58239.926842970846, "slo_seconds": 5.0, "slo_attainment": 0.0, "ttft_slo_ms": 1000, "ttft_slo_attainment": 92.66666666666666, "tpot_slo_ms": 50, "tpot_slo_attainment": 27.333333333333332, "Latency": {"unit": "s", "min": 6.613487528004043, "p50": 12.005167817500478, "p90": 14.950989790696623, "p95": 16.217170368295417, "p99": 17.94433462785717, "max": 18.497890268998162}, "Throughput": {"unit": "tokens/s", "min": 8.46754450853268, "p50": 16.596757253210917, "p90": 22.058398156828837, "p95": 23.065525273713902, "p99": 25.780895430085767, "max": 28.898448383875916}, "TTFT": {"unit": "s", "min": 0.08329851199960103, "p50": 0.5307557215019187, "p90": 0.9594948227000715, "p95": 1.0439713571995528, "p99": 1.2945689871159989, "max": 1.4706143010043888}, "TPOT": {"unit": "ms", "min": 32.36218812061858, "p50": 58.00084171859631, "p90": 71.94568402610366, "p95": 80.13548019070869, "p99": 85.8866625267649, "max": 113.68774867283223}, "Input Tokens per Minute": {"unit": "tokens/min", "min": 1139187.2137780103, "p50": 1139187.2137780103, "p90": 1139187.2137780103, "p95": 1139187.2137780103, "p99": 1139187.2137780103, "max": 1139187.2137780103}, "Output Tokens per Minute": {"unit": "tokens/min", "min": 58239.926842970846, "p50": 58239.926842970846, "p90": 58239.926842970846, "p95": 58239.926842970846, "p99": 58239.926842970846, "max": 58239.926842970846}}
{"actual_qps": 4.672156044081726, "success_rate": 100.0, "input_tokens": 3984, "output_tokens": 199, "model": "QwQ-32B", "input_tokens_per_minute": 1186310.6082068381, "output_tokens_per_minute": 59535.96370735933, "slo_seconds": 5.0, "slo_attainment": 0.0,