{"actual_qps": 5.409082667185306, "success_rate": 100.0, "input_tokens": 3817, "output_tokens": 200, "model": "QwQ-32B", "input_tokens_per_minute": 1000244.5893392091, "output_tokens_per_minute": 52403.58987658424, "slo_seconds": 5.0, "slo_attainment": 0.0, "ttft_slo_ms": 1000, "ttft_slo_attainment": 3.0303030303030303, "tpot_slo_ms": 50, "tpot_slo_attainment": 26.136363636363637, "Latency": {"unit": "s", "min": 7.983071001995995, "p50": 16.137143855499744, "p90": 21.915562323901394, "p95": 22.626805993750168, "p99": 24.395132722997953, "max": 24.691469998993853}, "Throughput": {"unit": "tokens/s", "min": 8.09996326699665, "p50": 12.393768392366084, "p90": 19.675817332143442, "p95": 21.74416373397122, "p99": 24.502095480567146, "max": 25.053015305763196}, "TTFT": {"unit": "s", "min": 0.37440967600559816, "p50": 2.6954968405007094, "p90": 6.206206648603985, "p95": 7.5026873394032005, "p99": 8.615113281769304, "max": 11.020833189002587}, "TPOT": {"unit": "ms", "min": 24.41167940702857, "p50": 66.79194719345563, "p90": 79.31307345425377, "p95": 81.38685418216025, "p99": 83.74464514838283, "max": 84.65619679896807}, "Input Tokens per Minute": {"unit": "tokens/min", "min": 1000244.5893392091, "p50": 1000244.5893392091, "p90": 1000244.5893392091, "p95": 1000244.5893392091, "p99": 1000244.5893392091, "max": 1000244.5893392091}, "Output Tokens per Minute": {"unit": "tokens/min", "min": 52403.58987658424, "p50": 52403.58987658424, "p90": 52403.58987658424, "p95": 52403.58987658424, "p99": 52403.58987658424, "max": 52403.58987658424}}
{"actual_qps": 5.540334531844095, "success_rate": 100.0, "input_tokens": 3759, "output_tokens": 199, "model": "QwQ-32B", "input_tokens_per_minute": 1197959.3258936577, "output_tokens_per_minute": 63615.17015206003, "slo_seconds": 5.0, "slo_attainment": 0.0, "ttft_slo_ms": 1000, "ttft_slo_attainment": 9.25925925925926, "tpot_slo_ms": 50, "tpot_slo_attainment": 42.28395061728395, "Latency": {"unit": "s", "min": 5.982440101004613, "p50": 13.867380312498426, "p90": 19.006783998701575, "p95": 19.96054823044796, "p99": 25.629241761819575, "max": 32.03994265300571}, "Throughput": {"unit": "tokens/s", "min": 6.242208426088982, "p50": 14.371532778243754, "p90": 23.480752146933405, "p95": 25.26189380253291, "p99": 30.10852902665237, "max": 33.431174675098646}, "TTFT": {"unit": "s", "min": 0.37505311900167726, "p50": 2.751496593995398, "p90": 5.651724719399499, "p95": 6.323825363103238, "p99": 7.1969681601897175, "max": 11.067270530002133}, "TPOT": {"unit": "ms", "min": 27.096601934665077, "p50": 53.56481864573972, "p90": 69.14981802158457, "p95": 73.8222443140595, "p99": 113.89374557266827, "max": 121.70042140200505}, "Input Tokens per Minute": {"unit": "tokens/min", "min": 1197959.3258936577, "p50": 1197959.3258936577, "p90": 1197959.3258936577, "p95": 1197959.3258936577, "p99": 1197959.3258936577, "max": 1197959.3258936577}, "Output Tokens per Minute": {"unit": "tokens/min", "min": 63615.17015206003, "p50": 63615.17015206003, "p90": 63615.17015206003, "p95": 63615.17015206003, "p99": 63615.17015206003, "max": 63615.17015206003}}
{"actual_qps": 5.496555678851598, "success_rate": 100.0, "input_tokens": 3783, "output_tokens": 199, "model": "QwQ-32B", "input_tokens_per_minute": 1186955.041323811, "output_tokens_per_minute": 62679.86989055997, "slo_seconds": 5.0, "slo_attainment": 0.0, "ttft_slo_ms": 1000, "ttft_slo_attainment": 17.24137931034483, "tpot_slo_ms": 50, "tpot_slo_attainment": 38.557993730407524, "Latency": {"unit": "s", "min": 6.137254707995453, "p50": 13.111155145001248, "p90": 17.524885917994833, "p95": 19.236051139900507, "p99": 22.43074576190235, "max": 23.605158003003453}, "Throughput": {"unit": "tokens/s", "min": 8.472724477190646, "p50": 15.254186056691724, "p90": 21.739824664742557, "p95": 24.535107137414425, "p99": 29.69467325355485, "max": 32.5878604548456}, "TTFT": {"unit": "s", "min": 0.2692319769994356, "p50": 1.8633466579995002, "p90": 4.060357876600756, "p95": 5.333754412503184, "p99": 7.691546390924484, "max": 10.502132479996362}, "TPOT": {"unit": "ms", "min": 28.187407628120035, "p50": 53.79424971859901, "p90": 71.50192287336361, "p95": 76.57200956028514, "p99": 85.8357869507562, "max": 89.96947817086861}, "Input Tokens per Minute": {"unit": "tokens/min", "min": 1186955.041323811, "p50": 1186955.041323811, "p90": 1186955.041323811, "p95": 1186955.041323811, "p99": 1186955.041323811, "max": 1186955.041323811}, "Output Tokens per Minute": {"unit": "tokens/min", "min": 62679.86989055997, "p50": 62679.86989055997, "p90": 62679.86989055997, "p95": 62679.86989055997, "p99": 62679.86989055997, "max": 62679.86989055997}}
{"actual_qps": 5.675362510085979, "success_rate": 100.0, "input_tokens": 3690, "output_tokens": 199, "model": "QwQ-32B", "input_tokens_per_minute": 1379330.8643003844, "output_tokens_per_minute": 74409.9710671229, "slo_seconds": 5.0, "slo_attainment": 0.0, "ttft_slo_ms": 1000, "ttft_slo_attainment": 40.26315789473684, "tpot_slo_ms": 50, "tpot_slo_attainment": 33.1578947368421, "Latency": {"unit": "s", "min": 5.967284293001285, "p50": 13.320572632997937, "p90": 19.395531764301996, "p95": 20.928810452149996, "p99": 22.991448710315016, "max": 24.80705995899916}, "Throughput": {"unit": "tokens/s", "min": 8.062221010089782, "p50": 14.937652645658268, "p90": 22.203869911897478, "p95": 24.097463573701564, "p99": 27.32656530395692, "max": 29.92564413954518}, "TTFT": {"unit": "s", "min": 0.09470254399639089, "p50": 1.368966903497494, "p90": 4.729498567695555, "p95": 5.338159939152684, "p99": 7.998019336224021, "max": 9.081251919000351}, "TPOT": {"unit": "ms", "min": 30.85362787438023, "p50": 57.6711677864506, "p90": 79.24134916933484, "p95": 84.3749119047911, "p99": 96.03584403669606, "max": 103.2734633718887}, "Input Tokens per Minute": {"unit": "tokens/min", "min": 1379330.8643003844, "p50": 1379330.8643003844, "p90": 1379330.8643003844, "p95": 1379330.8643003844, "p99": 1379330.8643003844, "max": 1379330.8643003844}, "Output Tokens per Minute": {"unit": "tokens/min", "min": 74409.9710671229, "p50": 74409.9710671229, "p90": 74409.9710671229, "p95": 74409.9710671229, "p99": 74409.9710671229, "max": 74409.9710671229}}
{"actual_qps": 5.833270838002399, "success_rate": 100.0, "input_tokens": 3830, "output_tokens": 200, "model": "QwQ-32B", "input_tokens_per_minute": 1212908.3942162667, "output_tokens_per_minute": 63336.84210368514, "slo_seconds": 5.0, "slo_attainment": 0.0, "ttft_slo_ms": 1000, "ttft_slo_attainment": 90.6832298136646, "tpot_slo_ms": 50, "tpot_slo_attainment": 21.428571428571427, "Latency": {"unit": "s", "min": 6.993701952000265, "p50": 12.062051019001956, "p90": 14.949318242198935, "p95": 16.354765956645497, "p99": 17.65909492305604, "max": 18.465341151000757}, "Throughput": {"unit": "tokens/s", "min": 10.831102353565814, "p50": 16.58093463716238, "p90": 21.497798470966433, "p95": 23.207168652325382, "p99": 25.31826763088476, "max": 28.597158039140933}, "TTFT": {"unit": "s", "min": 0.061568429999169894, "p50": 0.6493234724985086, "p90": 0.9805737779010091, "p95": 1.1185735566497894, "p99": 1.4854894834000885, "max": 1.732418328996573}, "TPOT": {"unit": "ms", "min": 32.01499099496736, "p50": 58.00128330653691, "p90": 72.12126938896077, "p95": 78.16758218870024, "p99": 85.13385470234566, "max": 88.7441078693654}, "Input Tokens per Minute": {"unit": "tokens/min", "min": 1212908.3942162667, "p50": 1212908.3942162667, "p90": 1212908.3942162667, "p95": 1212908.3942162667, "p99": 1212908.3942162667, "max": 1212908.3942162667}, "Output Tokens per Minute": {"unit": "tokens/min", "min": 63336.84210368514, "p50": 63336.84210368514, "p90": 63336.84210368514, "p95": 63336.84210368514, "p99": 63336.84210368514, "max": 63336.84210368514}}
{"actual_qps": 5.699927737741498, "success_rate": 100.0, "input_tokens": 3733, "output_tokens": 199, "model": "QwQ-32B", "input_tokens_per_minute": 1263152.0161502878, "output_tokens_per_minute": 67517.66377733057, "slo_seconds": 5.0, "slo_attainment": 0.29069767441860467,