{"actual_qps": 4.54888521446891, "success_rate": 100.0, "input_tokens": 4015, "output_tokens": 199, "model": "QwQ-32B", "input_tokens_per_minute": 847900.5827374057, "output_tokens_per_minute": 42090.46965052199, "slo_seconds": 5.0, "slo_attainment": 2.358490566037736, "ttft_slo_ms": 1000, "ttft_slo_attainment": 18.39622641509434, "tpot_slo_ms": 50, "tpot_slo_attainment": 69.81132075471697, "Latency": {"unit": "s", "min": 4.413126786999783, "p50": 8.882225813999867, "p90": 41.45111161469968, "p95": 44.69263730724976, "p99": 49.262660372419745, "max": 51.77919219599971}, "Throughput": {"unit": "tokens/s", "min": 3.8625554304312097, "p50": 22.510494782962752, "p90": 35.413534966619004, "p95": 36.72534347402307, "p99": 43.11750601631846, "max": 45.31934151295206}, "TTFT": {"unit": "s", "min": 0.25994369000000006, "p50": 2.048621267500039, "p90": 18.612496618900423, "p95": 21.586303708849925, "p99": 31.0772650970001, "max": 31.827059692000148}, "TPOT": {"unit": "ms", "min": 15.143144884425613, "p50": 33.353803110554075, "p90": 95.1411318135674, "p95": 112.02042025753764, "p99": 123.70593210165832, "max": 133.16370174371932}, "Input Tokens per Minute": {"unit": "tokens/min", "min": 847900.5827374057, "p50": 847900.5827374057, "p90": 847900.5827374057, "p95": 847900.5827374057, "p99": 847900.5827374057, "max": 847900.5827374057}, "Output Tokens per Minute": {"unit": "tokens/min", "min": 42090.46965052199, "p50": 42090.46965052199, "p90": 42090.46965052199, "p95": 42090.46965052199, "p99": 42090.46965052199, "max": 42090.46965052199}}
{"actual_qps": 3.6229836450918493, "success_rate": 100.0, "input_tokens": 3959, "output_tokens": 199, "model": "QwQ-32B", "input_tokens_per_minute": 1024342.0677602383, "output_tokens_per_minute": 51630.95959670126, "slo_seconds": 5.0, "slo_attainment": 24.334600760456272, "ttft_slo_ms": 1000, "ttft_slo_attainment": 63.87832699619772, "tpot_slo_ms": 50, "tpot_slo_attainment": 97.33840304182509, "Latency": {"unit": "s", "min": 3.741353727999922, "p50": 5.759975254999517, "p90": 11.951091774000272, "p95": 13.29124622909976, "p99": 31.856839257579836, "max": 43.458134931999666}, "Throughput": {"unit": "tokens/s", "min": 4.602130310307757, "p50": 34.72237138977375, "p90": 44.367653414202806, "p95": 46.5890616406847, "p99": 51.991544690290276, "max": 53.45658671705371}, "TTFT": {"unit": "s", "min": 0.0841286470003979, "p50": 0.6784937060001539, "p90": 4.371502757200508, "p95": 6.259702446700145, "p99": 17.476546366239617, "max": 28.282046072999947}, "TPOT": {"unit": "ms", "min": 17.256902472362338, "p50": 25.294966030148075, "p90": 33.9539650572869, "p95": 40.734981091453335, "p99": 71.01265456613197, "max": 79.57092310049971}, "Input Tokens per Minute": {"unit": "tokens/min", "min": 1024342.0677602383, "p50": 1024342.0677602383, "p90": 1024342.0677602383, "p95": 1024342.0677602383, "p99": 1024342.0677602383, "max": 1024342.0677602383}, "Output Tokens per Minute": {"unit": "tokens/min", "min": 51630.95959670126, "p50": 51630.95959670126, "p90": 51630.95959670126, "p95": 51630.95959670126, "p99": 51630.95959670126, "max": 51630.95959670126}}
{"actual_qps": 3.6900324734798438, "success_rate": 100.0, "input_tokens": 4015, "output_tokens": 199, "model": "QwQ-32B", "input_tokens_per_minute": 868910.1676929825, "output_tokens_per_minute": 43228.91625831901, "slo_seconds": 5.0, "slo_attainment": 31.363636363636367, "ttft_slo_ms": 1000, "ttft_slo_attainment": 89.54545454545455, "tpot_slo_ms": 50, "tpot_slo_attainment": 100.0, "Latency": {"unit": "s", "min": 3.8170847130004404, "p50": 5.410091769999781, "p90": 6.580954120200022, "p95": 6.781917730600202, "p99": 7.29313588429005, "max": 7.590977334999479}, "Throughput": {"unit": "tokens/s", "min": 26.34706852276667, "p50": 36.86750692997225, "p90": 46.21830325682187, "p95": 48.295879513216484, "p99": 51.586111944497134, "max": 52.396007696352356}, "TTFT": {"unit": "s", "min": 0.09852363899972261, "p50": 0.5366633825001372, "p90": 1.0366684450995307, "p95": 1.2160855772495776, "p99": 1.5162817052701576, "max": 1.6445076139998491}, "TPOT": {"unit": "ms", "min": 17.624378477386067, "p50": 24.54178779648211, "p90": 29.563826500502525, "p95": 31.28573027839026, "p99": 33.836747837537345, "max": 37.15147917587708}, "Input Tokens per Minute": {"unit": "tokens/min", "min": 868910.1676929825, "p50": 868910.1676929825, "p90": 868910.1676929825, "p95": 868910.1676929825, "p99": 868910.1676929825, "max": 868910.1676929825}, "Output Tokens per Minute": {"unit": "tokens/min", "min": 43228.91625831901, "p50": 43228.91625831901, "p90": 43228.91625831901, "p95": 43228.91625831901, "p99": 43228.91625831901, "max": 43228.91625831901}}
{"actual_qps": 3.7547851487150816, "success_rate": 100.0, "input_tokens": 4069, "output_tokens": 199, "model": "QwQ-32B", "input_tokens_per_minute": 932724.1884918849, "output_tokens_per_minute": 45727.299550228505, "slo_seconds": 5.0, "slo_attainment": 42.48927038626609, "ttft_slo_ms": 1000, "ttft_slo_attainment": 91.41630901287554, "tpot_slo_ms": 50, "tpot_slo_attainment": 100.0, "Latency": {"unit": "s", "min": 2.5495610320003834, "p50": 5.081012194000323, "p90": 6.36187051440047, "p95": 6.839441332999923, "p99": 8.501443674999937, "max": 8.524878551000256}, "Throughput": {"unit": "tokens/s", "min": 23.460744784045428, "p50": 39.26077073393426, "p90": 46.98468385223484, "p95": 48.358233147052786, "p99": 51.68840569385968, "max": 53.657481513072774}, "TTFT": {"unit": "s", "min": 0.052852537999569904, "p50": 0.4939946360000249, "p90": 0.9688527461996274, "p95": 1.091737639400526, "p99": 1.332918610479465, "max": 1.9014092840006924}, "TPOT": {"unit": "ms", "min": 17.630430703521693, "p50": 22.770069351761446, "p90": 28.881481523617435, "p95": 30.525090783918294, "p99": 37.14241679497326, "max": 38.1895599296481}, "Input Tokens per Minute": {"unit": "tokens/min", "min": 932724.1884918849, "p50": 932724.1884918849, "p90": 932724.1884918849, "p95": 932724.1884918849, "p99": 932724.1884918849, "max": 932724.1884918849}, "Output Tokens per Minute": {"unit": "tokens/min", "min": 45727.299550228505, "p50": 45727.299550228505, "p90": 45727.299550228505, "p95": 45727.299550228505, "p99": 45727.299550228505, "max": 45727.299550228505}}
{"actual_qps": 4.349948632906544, "success_rate": 100.0, "input_tokens": 3913, "output_tokens": 200, "model": "QwQ-32B", "input_tokens_per_minute": 1004650.086065739, "output_tokens_per_minute": 51344.72749514785, "slo_seconds": 5.0, "slo_attainment": 36.39846743295019, "ttft_slo_ms": 1000, "ttft_slo_attainment": 92.33716475095785, "tpot_slo_ms": 50, "tpot_slo_attainment": 100.0, "Latency": {"unit": "s", "min": 3.5297685400000773, "p50": 5.406973670000298, "p90": 6.641065171000264, "p95": 6.920320072999857, "p99": 8.049875879599675, "max": 8.46823242499977}, "Throughput": {"unit": "tokens/s", "min": 23.617679577329913, "p50": 36.98926834241251, "p90": 44.741141056038195, "p95": 45.9219596894683, "p99": 50.598132511802454, "max": 56.66093902009666}, "TTFT": {"unit": "s", "min": 0.05482826399929763, "p50": 0.4777632219993393, "p90": 0.9287273740001183, "p95": 1.0748629260006055, "p99": 1.3589990415997801, "max": 1.437031905999902}, "TPOT": {"unit": "ms", "min": 17.413967246229454, "p50": 24.436151507541755, "p90": 30.2523643417063, "p95": 33.067911246228014, "p99": 35.293881656282025, "max": 38.602783512563214}, "Input Tokens per Minute": {"unit": "tokens/min", "min": 1004650.086065739, "p50": 1004650.086065739, "p90": 1004650.086065739, "p95": 1004650.086065739, "p99": 1004650.086065739, "max": 1004650.086065739}, "Output Tokens per Minute": {"unit": "tokens/min", "min": 51344.72749514785, "p50": 51344.72749514785, "p90": 51344.72749514785, "p95": 51344.72749514785, "p99": 51344.72749514785, "max": 51344.72749514785}}
{"actual_qps": 3.7213508513892504, "success_rate": 100.0, "input_tokens": 3885, "output_tokens": 199, "model": "QwQ-32B", "input_tokens_per_minute": 871354.4521340829, "output_tokens_per_minute": 44822.37331851326, "slo_seconds": 5.0,