{"actual_qps": 5.812565997519722, "success_rate": 100.0, "input_tokens": 3984, "output_tokens": 199, "model": "QwQ-32B", "input_tokens_per_minute": 1068866.3028772378, "output_tokens_per_minute": 53629.615336090086, "slo_seconds": 5.0, "slo_attainment": 0.0, "ttft_slo_ms": 1000, "ttft_slo_attainment": 4.444444444444445, "tpot_slo_ms": 50, "tpot_slo_attainment": 47.77777777777778, "Latency": {"unit": "s", "min": 7.3920824529996025, "p50": 15.958639788001165, "p90": 20.96803501119648, "p95": 22.69889956804799, "p99": 26.144525673319663, "max": 28.472581570997136}, "Throughput": {"unit": "tokens/s", "min": 7.024301589980336, "p50": 12.532396506623726, "p90": 21.536587414469864, "p95": 23.5365638871792, "p99": 25.101478988508493, "max": 27.055975264296848}, "TTFT": {"unit": "s", "min": 0.5951134560018545, "p50": 4.173098531002324, "p90": 9.045758777599984, "p95": 10.504531728899014, "p99": 11.700770555585988, "max": 13.001662774004217}, "TPOT": {"unit": "ms", "min": 22.599435226130943, "p50": 51.69180692714302, "p90": 79.40851805629863, "p95": 83.60587177536839, "p99": 87.83396005045017, "max": 89.57886913566513}, "Input Tokens per Minute": {"unit": "tokens/min", "min": 1068866.3028772378, "p50": 1068866.3028772378, "p90": 1068866.3028772378, "p95": 1068866.3028772378, "p99": 1068866.3028772378, "max": 1068866.3028772378}, "Output Tokens per Minute": {"unit": "tokens/min", "min": 53629.615336090086, "p50": 53629.615336090086, "p90": 53629.615336090086, "p95": 53629.615336090086, "p99": 53629.615336090086, "max": 53629.615336090086}}
{"actual_qps": 4.526491477230626, "success_rate": 100.0, "input_tokens": 3965, "output_tokens": 198, "model": "QwQ-32B", "input_tokens_per_minute": 953416.8189541935, "output_tokens_per_minute": 47748.490867830384, "slo_seconds": 5.0, "slo_attainment": 0.0, "ttft_slo_ms": 1000, "ttft_slo_attainment": 1.6528925619834711, "tpot_slo_ms": 50, "tpot_slo_attainment": 56.19834710743802, "Latency": {"unit": "s", "min": 6.962040177000745, "p50": 14.79287211799965, "p90": 20.826403790499175, "p95": 22.506721817903234, "p99": 27.432173240666383, "max": 29.659965621001902}, "Throughput": {"unit": "tokens/s", "min": 5.348744763349137, "p50": 13.496010191800131, "p90": 19.10332529463713, "p95": 20.78509797630015, "p99": 25.1244406168504, "max": 27.49520369991541}, "TTFT": {"unit": "s", "min": 0.34750660300051095, "p50": 5.498882686497382, "p90": 9.369563723298052, "p95": 10.768526724601179, "p99": 12.607380440853667, "max": 16.258817500005534}, "TPOT": {"unit": "ms", "min": 19.33097575377145, "p50": 47.36294227386588, "p90": 72.80373858294074, "p95": 80.30790113315098, "p99": 87.46202172845933, "max": 90.40907337186957}, "Input Tokens per Minute": {"unit": "tokens/min", "min": 953416.8189541935, "p50": 953416.8189541935, "p90": 953416.8189541935, "p95": 953416.8189541935, "p99": 953416.8189541935, "max": 953416.8189541935}, "Output Tokens per Minute": {"unit": "tokens/min", "min": 47748.490867830384, "p50": 47748.490867830384, "p90": 47748.490867830384, "p95": 47748.490867830384, "p99": 47748.490867830384, "max": 47748.490867830384}}
{"actual_qps": 4.787307059074705, "success_rate": 100.0, "input_tokens": 4043, "output_tokens": 199, "model": "QwQ-32B", "input_tokens_per_minute": 985301.0880794444, "output_tokens_per_minute": 48726.53188369244, "slo_seconds": 5.0, "slo_attainment": 0.40650406504065045, "ttft_slo_ms": 1000, "ttft_slo_attainment": 6.910569105691057, "tpot_slo_ms": 50, "tpot_slo_attainment": 39.83739837398374, "Latency": {"unit": "s", "min": 4.932369848997041, "p50": 16.699368548001075, "p90": 24.875917136498174, "p95": 26.790337891996387, "p99": 32.00822727445158, "max": 36.270797771001526}, "Throughput": {"unit": "tokens/s", "min": 5.514077778567635, "p50": 11.976505427443286, "p90": 21.16571650645446, "p95": 26.90606264446843, "p99": 36.366291445722325, "max": 40.54845969035928}, "TTFT": {"unit": "s", "min": 0.40845469899795717, "p50": 4.252329712500796, "p90": 9.021756362497399, "p95": 10.529118858745278, "p99": 15.057449746703426, "max": 17.34348771799705}, "TPOT": {"unit": "ms", "min": 21.960319698492505, "p50": 55.78223090953689, "p90": 100.40550041457433, "p95": 105.93914666958827, "p99": 132.60334760023983, "max": 134.05607977890656}, "Input Tokens per Minute": {"unit": "tokens/min", "min": 985301.0880794444, "p50": 985301.0880794444, "p90": 985301.0880794444, "p95": 985301.0880794444, "p99": 985301.0880794444, "max": 985301.0880794444}, "Output Tokens per Minute": {"unit": "tokens/min", "min": 48726.53188369244, "p50": 48726.53188369244, "p90": 48726.53188369244, "p95": 48726.53188369244, "p99": 48726.53188369244, "max": 48726.53188369244}}
{"actual_qps": 4.755635012745408, "success_rate": 100.0, "input_tokens": 4019, "output_tokens": 199, "model": "QwQ-32B", "input_tokens_per_minute": 1316869.7723861923, "output_tokens_per_minute": 65229.27375930142, "slo_seconds": 5.0, "slo_attainment": 0.0, "ttft_slo_ms": 1000, "ttft_slo_attainment": 0.6006006006006006, "tpot_slo_ms": 50, "tpot_slo_attainment": 11.411411411411411, "Latency": {"unit": "s", "min": 7.930054716001905, "p50": 26.772842891004984, "p90": 38.982452820998155, "p95": 40.960441352598714, "p99": 49.536214329199005, "max": 53.985754214001645}, "Throughput": {"unit": "tokens/s", "min": 3.40515718339399, "p50": 7.266826113137252, "p90": 15.07291984087652, "p95": 18.52771541184567, "p99": 21.261806058018717, "max": 25.22050694006232}, "TTFT": {"unit": "s", "min": 0.386297883997031, "p50": 9.775811922001594, "p90": 16.733976709198032, "p95": 18.652780275400435, "p99": 23.389556341597636, "max": 25.23662929100101}, "TPOT": {"unit": "ms", "min": 23.94978383417948, "p50": 82.71786118595043, "p90": 123.44469098693367, "p95": 127.6414811045552, "p99": 139.9747925891568, "max": 144.46796443718912}, "Input Tokens per Minute": {"unit": "tokens/min", "min": 1316869.7723861923, "p50": 1316869.7723861923, "p90": 1316869.7723861923, "p95": 1316869.7723861923, "p99": 1316869.7723861923, "max": 1316869.7723861923}, "Output Tokens per Minute": {"unit": "tokens/min", "min": 65229.27375930142, "p50": 65229.27375930142, "p90": 65229.27375930142, "p95": 65229.27375930142, "p99": 65229.27375930142, "max": 65229.27375930142}}
{"actual_qps": 5.516410894414126, "success_rate": 100.0, "input_tokens": 3959, "output_tokens": 199, "model": "QwQ-32B", "input_tokens_per_minute": 1223257.228996684, "output_tokens_per_minute": 61519.878449359996, "slo_seconds": 5.0, "slo_attainment": 0.0, "ttft_slo_ms": 1000, "ttft_slo_attainment": 1.5923566878980893, "tpot_slo_ms": 50, "tpot_slo_attainment": 0.0, "Latency": {"unit": "s", "min": 11.603136846999405, "p50": 24.792756877501233, "p90": 33.75663447269617, "p95": 39.54163872524622, "p99": 42.195304098130876, "max": 42.65428408199659}, "Throughput": {"unit": "tokens/s", "min": 3.020204517815082, "p50": 8.032119928130225, "p90": 10.110611188904137, "p95": 10.424944431390566, "p99": 10.805871533077893, "max": 11.511208454263443}, "TTFT": {"unit": "s", "min": 0.37935881900193635, "p50": 4.774023207497521, "p90": 10.463681471197923, "p95": 15.414984308998463, "p99": 18.218746768485364, "max": 19.262535064997792}, "TPOT": {"unit": "ms", "min": 75.66654598955817, "p50": 101.13465963566607, "p90": 120.99299428742624, "p95": 122.93757357335593, "p99": 127.98987622839401, "max": 129.71076466333696}, "Input Tokens per Minute": {"unit": "tokens/min", "min": 1223257.228996684, "p50": 1223257.228996684, "p90": 1223257.228996684, "p95": 1223257.228996684, "p99": 1223257.228996684, "max": 1223257.228996684}, "Output Tokens per Minute": {"unit": "tokens/min", "min": 61519.878449359996, "p50": 61519.878449359996, "p90": 61519.878449359996, "p95": 61519.878449359996, "p99": 61519.878449359996, "max": 61519.878449359996}}
{"actual_qps": 4.67236737132878, "success_rate": 100.0, "input_tokens": 3935, "output_tokens": 199, "model": "QwQ-32B", "input_tokens_per_minute": 1288988.1189949661, "output_tokens_per_minute": 65496.75398314248, "slo_seconds": 5.0,