{"actual_qps": 5.392578844674702, "success_rate": 100.0, "input_tokens": 3867, "output_tokens": 200, "model": "QwQ-32B", "input_tokens_per_minute": 910877.8082741474, "output_tokens_per_minute": 47098.48679018639, "slo_seconds": 5.0, "slo_attainment": 0.0, "ttft_slo_ms": 1000, "ttft_slo_attainment": 0.42016806722689076, "tpot_slo_ms": 50, "tpot_slo_attainment": 64.28571428571429, "Latency": {"unit": "s", "min": 8.743592910999723, "p50": 15.499757392000902, "p90": 24.10559949549861, "p95": 25.334819816102748, "p99": 27.25957203003141, "max": 29.79191462699964}, "Throughput": {"unit": "tokens/s", "min": 6.713230838099448, "p50": 12.903575877099904, "p90": 19.18248667943434, "p95": 20.07737286448758, "p99": 21.80060103576122, "max": 22.87389200707109}, "TTFT": {"unit": "s", "min": 0.9334380340005737, "p50": 5.710591877501429, "p90": 11.494850694196067, "p95": 14.840885958295603, "p99": 19.915564526848527, "max": 23.19794549600192}, "TPOT": {"unit": "ms", "min": 20.244078748736907, "p50": 45.30101468342069, "p90": 79.63069619649077, "p95": 94.35274790203076, "p99": 110.72094496733996, "max": 114.98097887940719}, "Input Tokens per Minute": {"unit": "tokens/min", "min": 910877.8082741474, "p50": 910877.8082741474, "p90": 910877.8082741474, "p95": 910877.8082741474, "p99": 910877.8082741474, "max": 910877.8082741474}, "Output Tokens per Minute": {"unit": "tokens/min", "min": 47098.48679018639, "p50": 47098.48679018639, "p90": 47098.48679018639, "p95": 47098.48679018639, "p99": 47098.48679018639, "max": 47098.48679018639}}
{"actual_qps": 5.592914693262992, "success_rate": 100.0, "input_tokens": 3807, "output_tokens": 199, "model": "QwQ-32B", "input_tokens_per_minute": 1111483.720224063, "output_tokens_per_minute": 58189.388858068734, "slo_seconds": 5.0, "slo_attainment": 0.0, "ttft_slo_ms": 1000, "ttft_slo_attainment": 0.3389830508474576, "tpot_slo_ms": 50, "tpot_slo_attainment": 46.101694915254235, "Latency": {"unit": "s", "min": 7.960748890000104, "p50": 20.50960706100159, "p90": 33.37256409720433, "p95": 36.73444312250213, "p99": 40.92160193315853, "max": 41.84781929299788}, "Throughput": {"unit": "tokens/s", "min": 2.7046404959558337, "p50": 9.748181131554189, "p90": 15.045939588232173, "p95": 18.748690684919993, "p99": 24.303555542919238, "max": 25.123264502317117}, "TTFT": {"unit": "s", "min": 0.9907283569991705, "p50": 9.530076190996624, "p90": 19.28906885659963, "p95": 22.02156346509728, "p99": 27.24285991776371, "max": 32.14744043799874}, "TPOT": {"unit": "ms", "min": 24.864443135674488, "p50": 54.48102876381661, "p90": 87.3934352512389, "p95": 90.69003308042062, "p99": 102.65427610171102, "max": 105.82273291958755}, "Input Tokens per Minute": {"unit": "tokens/min", "min": 1111483.720224063, "p50": 1111483.720224063, "p90": 1111483.720224063, "p95": 1111483.720224063, "p99": 1111483.720224063, "max": 1111483.720224063}, "Output Tokens per Minute": {"unit": "tokens/min", "min": 58189.388858068734, "p50": 58189.388858068734, "p90": 58189.388858068734, "p95": 58189.388858068734, "p99": 58189.388858068734, "max": 58189.388858068734}}
{"actual_qps": 5.4705123849437465, "success_rate": 99.63235294117648, "input_tokens": 3684, "output_tokens": 199, "model": "QwQ-32B", "input_tokens_per_minute": 987995.6436090285, "output_tokens_per_minute": 53436.99322669761, "slo_seconds": 5.0, "slo_attainment": 0.0, "ttft_slo_ms": 1000, "ttft_slo_attainment": 0.0, "tpot_slo_ms": 50, "tpot_slo_attainment": 20.22058823529412, "Latency": {"unit": "s", "min": 13.607791775997612, "p50": 31.17509789200267, "p90": 46.39732247399661, "p95": 50.82927126799768, "p99": 54.29762781999889, "max": 62.641051919003075}, "Throughput": {"unit": "tokens/s", "min": 3.192794403558333, "p50": 6.21548948426172, "p90": 10.868409697523857, "p95": 11.663621920873343, "p99": 13.369776422432988, "max": 14.69746181395678}, "TTFT": {"unit": "s", "min": 1.945605348002573, "p50": 12.971616490001907, "p90": 26.29836136799713, "p95": 29.685818164998636, "p99": 37.16206109709893, "max": 42.65718942700187}, "TPOT": {"unit": "ms", "min": 25.547500974892102, "p50": 73.53562943215584, "p90": 147.90440730148154, "p95": 151.71888148240703, "p99": 155.92002711406835, "max": 156.65121245225447}, "Input Tokens per Minute": {"unit": "tokens/min", "min": 987995.6436090285, "p50": 987995.6436090285, "p90": 987995.6436090285, "p95": 987995.6436090285, "p99": 987995.6436090285, "max": 987995.6436090285}, "Output Tokens per Minute": {"unit": "tokens/min", "min": 53436.99322669761, "p50": 53436.99322669761, "p90": 53436.99322669761, "p95": 53436.99322669761, "p99": 53436.99322669761, "max": 53436.99322669761}, "exceptions": {"Request timed out.": 1}}
{"actual_qps": 5.681177783309712, "success_rate": 100.0, "input_tokens": 3803, "output_tokens": 200, "model": "QwQ-32B", "input_tokens_per_minute": 883043.7414318272, "output_tokens_per_minute": 46437.453185314174, "slo_seconds": 5.0, "slo_attainment": 0.0, "ttft_slo_ms": 1000, "ttft_slo_attainment": 0.0, "tpot_slo_ms": 50, "tpot_slo_attainment": 1.702127659574468, "Latency": {"unit": "s", "min": 23.77454781800043, "p50": 39.40765781800292, "p90": 53.65374047860096, "p95": 56.86492622169753, "p99": 60.21388368025757, "max": 74.23321592700086}, "Throughput": {"unit": "tokens/s", "min": 2.694211715099008, "p50": 5.07515572033394, "p90": 6.893114114807034, "p95": 7.160029435490817, "p99": 7.927625129150234, "max": 8.412357683142725}, "TTFT": {"unit": "s", "min": 6.310381456001778, "p50": 19.695898094003496, "p90": 28.335523350001314, "p95": 31.37007131770296, "p99": 35.813680820198925, "max": 43.43081956199603}, "TPOT": {"unit": "ms", "min": 41.62453311057024, "p50": 113.93039914068295, "p90": 134.85847717387531, "p95": 145.77362055981447, "p99": 159.30767658452214, "max": 159.60008807034419}, "Input Tokens per Minute": {"unit": "tokens/min", "min": 883043.7414318272, "p50": 883043.7414318272, "p90": 883043.7414318272, "p95": 883043.7414318272, "p99": 883043.7414318272, "max": 883043.7414318272}, "Output Tokens per Minute": {"unit": "tokens/min", "min": 46437.453185314174, "p50": 46437.453185314174, "p90": 46437.453185314174, "p95": 46437.453185314174, "p99": 46437.453185314174, "max": 46437.453185314174}}
{"actual_qps": 5.8532968648868495, "success_rate": 100.0, "input_tokens": 3741, "output_tokens": 199, "model": "QwQ-32B", "input_tokens_per_minute": 1914174.6531764648, "output_tokens_per_minute": 102181.83955559615, "slo_seconds": 5.0, "slo_attainment": 0.0, "ttft_slo_ms": 1000, "ttft_slo_attainment": 0.38461538461538464, "tpot_slo_ms": 50, "tpot_slo_attainment": 0.0, "Latency": {"unit": "s", "min": 15.78147649600578, "p50": 27.96199270750003, "p90": 46.87864036839529, "p95": 51.29652395999364, "p99": 58.64443861104118, "max": 61.51949114400486}, "Throughput": {"unit": "tokens/s", "min": 3.2510021828990734, "p50": 7.147900019746306, "p90": 9.900645323802408, "p95": 10.26207129027257, "p99": 10.928183929475388, "max": 12.673085439795136}, "TTFT": {"unit": "s", "min": 0.57753979699919, "p50": 7.3135542105010245, "p90": 23.076741814600247, "p95": 26.950816980200006, "p99": 33.78912938767236, "max": 37.17647288599983}, "TPOT": {"unit": "ms", "min": 72.81945733669104, "p50": 106.86305498995864, "p90": 122.90912413870625, "p95": 126.20327695653368, "p99": 128.42789669372124, "max": 129.92449216583384}, "Input Tokens per Minute": {"unit": "tokens/min", "min": 1914174.6531764648, "p50": 1914174.6531764648, "p90": 1914174.6531764648, "p95": 1914174.6531764648, "p99": 1914174.6531764648, "max": 1914174.6531764648}, "Output Tokens per Minute": {"unit": "tokens/min", "min": 102181.83955559615, "p50": 102181.83955559615, "p90": 102181.83955559615, "p95": 102181.83955559615, "p99": 102181.83955559615, "max": 102181.83955559615}}
{"actual_qps": 5.672164674869539, "success_rate": 100.0, "input_tokens": 3734, "output_tokens": 199, "model": "QwQ-32B", "input_tokens_per_minute": 1362680.841490658, "output_tokens_per_minute": 72811.90579026895, "slo_seconds": 5.0, "slo_attainment": 0.0,