{"actual_qps": 5.25699685730763, "success_rate": 100.0, "input_tokens": 3958, "output_tokens": 199, "model": "QwQ-32B", "input_tokens_per_minute": 755404.7401973091, "output_tokens_per_minute": 38165.7971840534, "slo_seconds": 5.0, "slo_attainment": 0.0, "ttft_slo_ms": 1000, "ttft_slo_attainment": 2.5906735751295336, "tpot_slo_ms": 50, "tpot_slo_attainment": 52.84974093264248, "Latency": {"unit": "s", "min": 7.857277028997487, "p50": 15.169201647004229, "p90": 26.94412521799968, "p95": 28.037372828004294, "p99": 37.69837307804117, "max": 38.457638253996265}, "Throughput": {"unit": "tokens/s", "min": 5.20052736153701, "p50": 13.184609490605464, "p90": 20.58845076261171, "p95": 22.429611290192714, "p99": 25.429048437999295, "max": 25.454110789513308}, "TTFT": {"unit": "s", "min": 0.5820514730003197, "p50": 3.978112295997562, "p90": 10.712776374598617, "p95": 13.472845716003187, "p99": 18.676750390721992, "max": 19.684104274994752}, "TPOT": {"unit": "ms", "min": 23.868179211060134, "p50": 47.99259716081673, "p90": 92.24414767136001, "p95": 96.01760608138692, "p99": 108.26537815960423, "max": 109.6333008844244}, "Input Tokens per Minute": {"unit": "tokens/min", "min": 755404.7401973091, "p50": 755404.7401973091, "p90": 755404.7401973091, "p95": 755404.7401973091, "p99": 755404.7401973091, "max": 755404.7401973091}, "Output Tokens per Minute": {"unit": "tokens/min", "min": 38165.7971840534, "p50": 38165.7971840534, "p90": 38165.7971840534, "p95": 38165.7971840534, "p99": 38165.7971840534, "max": 38165.7971840534}}
{"actual_qps": 5.066604995528871, "success_rate": 97.77777777777777, "input_tokens": 3995, "output_tokens": 199, "model": "QwQ-32B", "input_tokens_per_minute": 695256.4563427233, "output_tokens_per_minute": 34674.42616778633, "slo_seconds": 5.0, "slo_attainment": 0.0, "ttft_slo_ms": 1000, "ttft_slo_attainment": 0.0, "tpot_slo_ms": 50, "tpot_slo_attainment": 11.11111111111111, "Latency": {"unit": "s", "min": 12.288926822999201, "p50": 30.929962363497907, "p90": 50.20507282449762, "p95": 54.05521653750293, "p99": 63.97073217649631, "max": 64.67184942499443}, "Throughput": {"unit": "tokens/s", "min": 3.092535651573679, "p50": 6.4129278202055815, "p90": 9.441308028754719, "p95": 10.268516214068743, "p99": 13.49713793079626, "max": 16.274814138016698}, "TTFT": {"unit": "s", "min": 2.6414303860001382, "p50": 16.334380795997276, "p90": 31.387625944498723, "p95": 38.526392302250315, "p99": 45.85014887149919, "max": 46.48355625000113}, "TPOT": {"unit": "ms", "min": 20.1970976783956, "p50": 67.63016076382056, "p90": 107.66421733416024, "p95": 114.65181479396773, "p99": 118.46499531908998, "max": 121.82333339198027}, "Input Tokens per Minute": {"unit": "tokens/min", "min": 695256.4563427233, "p50": 695256.4563427233, "p90": 695256.4563427233, "p95": 695256.4563427233, "p99": 695256.4563427233, "max": 695256.4563427233}, "Output Tokens per Minute": {"unit": "tokens/min", "min": 34674.42616778633, "p50": 34674.42616778633, "p90": 34674.42616778633, "p95": 34674.42616778633, "p99": 34674.42616778633, "max": 34674.42616778633}, "exceptions": {"Request timed out.": 4}}
{"actual_qps": 5.288006039256669, "success_rate": 79.81220657276995, "input_tokens": 3650, "output_tokens": 197, "model": "QwQ-32B", "input_tokens_per_minute": 611463.3055369712, "output_tokens_per_minute": 33124.26689845182, "slo_seconds": 5.0, "slo_attainment": 0.0, "ttft_slo_ms": 1000, "ttft_slo_attainment": 0.0, "tpot_slo_ms": 50, "tpot_slo_attainment": 0.9389671361502347, "Latency": {"unit": "s", "min": 24.993519162002485, "p50": 51.797165664502245, "p90": 83.04793967389412, "p95": 88.38961441260362, "p99": 101.8155594016717, "max": 107.75546463800129}, "Throughput": {"unit": "tokens/s", "min": 1.4052310440802027, "p50": 3.857831969420745, "p90": 5.827915230854688, "p95": 5.842276954293527, "p99": 7.883266390699775, "max": 8.002074405914751}, "TTFT": {"unit": "s", "min": 4.603030821002903, "p50": 32.87059298750319, "p90": 64.55830841439965, "p95": 72.42744458980013, "p99": 81.08320292012687, "max": 91.68734249699628}, "TPOT": {"unit": "ms", "min": 36.52628427132994, "p50": 105.29862965326467, "p90": 132.9292497000129, "p95": 137.31798975562475, "p99": 153.6055753609922, "max": 153.60986815577422}, "Input Tokens per Minute": {"unit": "tokens/min", "min": 611463.3055369712, "p50": 611463.3055369712, "p90": 611463.3055369712, "p95": 611463.3055369712, "p99": 611463.3055369712, "max": 611463.3055369712}, "Output Tokens per Minute": {"unit": "tokens/min", "min": 33124.26689845182, "p50": 33124.26689845182, "p90": 33124.26689845182, "p95": 33124.26689845182, "p99": 33124.26689845182, "max": 33124.26689845182}, "exceptions": {"Request timed out.": 43}}
{"actual_qps": 5.0821792333842355, "success_rate": 100.0, "input_tokens": 4057, "output_tokens": 199, "model": "QwQ-32B", "input_tokens_per_minute": 2159199.914381723, "output_tokens_per_minute": 106235.90739947696, "slo_seconds": 5.0, "slo_attainment": 0.0, "ttft_slo_ms": 1000, "ttft_slo_attainment": 0.0, "tpot_slo_ms": 50, "tpot_slo_attainment": 3.8817005545286505, "Latency": {"unit": "s", "min": 8.492595383999287, "p50": 37.05660042800446, "p90": 67.34999367099954, "p95": 76.82238148799661, "p99": 103.76585770420212, "max": 131.4332185710009}, "Throughput": {"unit": "tokens/s", "min": 1.5216853256314267, "p50": 5.390539423424421, "p90": 11.188020911453108, "p95": 13.775201585800975, "p99": 17.916062868556622, "max": 23.549926842954935}, "TTFT": {"unit": "s", "min": 1.0992668170001707, "p50": 13.787133987003472, "p90": 44.456844066000485, "p95": 54.54326841099828, "p99": 76.03735867659864, "max": 106.70014302599884}, "TPOT": {"unit": "ms", "min": 27.66545201006349, "p50": 119.83474976383589, "p90": 133.53830207534568, "p95": 134.95743609046394, "p99": 146.68559905426926, "max": 147.5756430301781}, "Input Tokens per Minute": {"unit": "tokens/min", "min": 2159199.914381723, "p50": 2159199.914381723, "p90": 2159199.914381723, "p95": 2159199.914381723, "p99": 2159199.914381723, "max": 2159199.914381723}, "Output Tokens per Minute": {"unit": "tokens/min", "min": 106235.90739947696, "p50": 106235.90739947696, "p90": 106235.90739947696, "p95": 106235.90739947696, "p99": 106235.90739947696, "max": 106235.90739947696}}
{"actual_qps": 5.033281404381899, "success_rate": 100.0, "input_tokens": 3958, "output_tokens": 199, "model": "QwQ-32B", "input_tokens_per_minute": 1222720.1902297887, "output_tokens_per_minute": 61640.27645032706, "slo_seconds": 5.0, "slo_attainment": 0.0, "ttft_slo_ms": 1000, "ttft_slo_attainment": 0.6369426751592357, "tpot_slo_ms": 50, "tpot_slo_attainment": 0.3184713375796179, "Latency": {"unit": "s", "min": 5.98673830399639, "p50": 29.890313685504225, "p90": 40.429440141497615, "p95": 40.9903925470473, "p99": 42.1042565245305, "max": 42.25814909199835}, "Throughput": {"unit": "tokens/s", "min": 4.732814955160219, "p50": 6.691131860439583, "p90": 9.92157923624714, "p95": 10.220162365974158, "p99": 10.90954233331233, "max": 16.575137453728733}, "TTFT": {"unit": "s", "min": 0.9492961780051701, "p50": 7.242422581999563, "p90": 15.94250100240024, "p95": 16.826607725851133, "p99": 18.80838308171508, "max": 19.397574499998882}, "TPOT": {"unit": "ms", "min": 39.41856889952449, "p50": 110.54423792210852, "p90": 123.35713387237134, "p95": 125.46551983971003, "p99": 127.87649402562934, "max": 130.26299400503126}, "Input Tokens per Minute": {"unit": "tokens/min", "min": 1222720.1902297887, "p50": 1222720.1902297887, "p90": 1222720.1902297887, "p95": 1222720.1902297887, "p99": 1222720.1902297887, "max": 1222720.1902297887}, "Output Tokens per Minute": {"unit": "tokens/min", "min": 61640.27645032706, "p50": 61640.27645032706, "p90": 61640.27645032706, "p95": 61640.27645032706, "p99": 61640.27645032706, "max": 61640.27645032706}}
{"actual_qps": 5.316043313895535, "success_rate": 100.0, "input_tokens": 4018, "output_tokens": 199, "model": "QwQ-32B", "input_tokens_per_minute": 1383426.5667701466, "output_tokens_per_minute": 68545.4825571059,