{"actual_qps": 5.433254428589243, "success_rate": 100.0, "input_tokens": 3813, "output_tokens": 200, "model": "QwQ-32B", "input_tokens_per_minute": 954368.586611517, "output_tokens_per_minute": 50045.75638810642, "slo_seconds": 5.0, "slo_attainment": 0.398406374501992, "ttft_slo_ms": 1000, "ttft_slo_attainment": 15.53784860557769, "tpot_slo_ms": 50, "tpot_slo_attainment": 45.0199203187251, "Latency": {"unit": "s", "min": 4.592883007004275, "p50": 13.045213734003482, "p90": 29.909898024998256, "p95": 30.846600022996427, "p99": 33.97172913950271, "max": 35.14167691500188}, "Throughput": {"unit": "tokens/s", "min": 5.69124804384678, "p50": 15.33129345966043, "p90": 26.73640727674934, "p95": 31.049113519753554, "p99": 38.85780649773096, "max": 43.54563347139355}, "TTFT": {"unit": "s", "min": 0.29422407999663847, "p50": 2.157062620994111, "p90": 4.57188802100427, "p95": 5.656366078499559, "p99": 7.253505607495754, "max": 8.300050701996952}, "TPOT": {"unit": "ms", "min": 20.578892155808994, "p50": 52.27101348242085, "p90": 133.6091092813862, "p95": 137.0851107738728, "p99": 142.78713803515762, "max": 143.05721291960404}, "Input Tokens per Minute": {"unit": "tokens/min", "min": 954368.586611517, "p50": 954368.586611517, "p90": 954368.586611517, "p95": 954368.586611517, "p99": 954368.586611517, "max": 954368.586611517}, "Output Tokens per Minute": {"unit": "tokens/min", "min": 50045.75638810642, "p50": 50045.75638810642, "p90": 50045.75638810642, "p95": 50045.75638810642, "p99": 50045.75638810642, "max": 50045.75638810642}}
{"actual_qps": 5.509735073932326, "success_rate": 100.0, "input_tokens": 3747, "output_tokens": 199, "model": "QwQ-32B", "input_tokens_per_minute": 1247768.3134650085, "output_tokens_per_minute": 66567.83448810816, "slo_seconds": 5.0, "slo_attainment": 0.0, "ttft_slo_ms": 1000, "ttft_slo_attainment": 22.15568862275449, "tpot_slo_ms": 50, "tpot_slo_attainment": 60.778443113772454, "Latency": {"unit": "s", "min": 5.162227087996143, "p50": 10.917189163999865, "p90": 25.0673223112004, "p95": 29.91342585699821, "p99": 32.916829359452464, "max": 36.73013440199429}, "Throughput": {"unit": "tokens/s", "min": 5.4451202876388285, "p50": 18.321229906023135, "p90": 29.075137972869804, "p95": 31.485810370433047, "p99": 36.04116586317043, "max": 38.74296821716058}, "TTFT": {"unit": "s", "min": 0.1358242779970169, "p50": 1.9257854690004024, "p90": 4.923693108996666, "p95": 5.593312909299852, "p99": 8.200703495389542, "max": 12.523319741994783}, "TPOT": {"unit": "ms", "min": 21.30203469347527, "p50": 43.73530107790174, "p90": 102.68649683315944, "p95": 135.17927157411955, "p99": 139.14777188722698, "max": 142.26704713567887}, "Input Tokens per Minute": {"unit": "tokens/min", "min": 1247768.3134650085, "p50": 1247768.3134650085, "p90": 1247768.3134650085, "p95": 1247768.3134650085, "p99": 1247768.3134650085, "max": 1247768.3134650085}, "Output Tokens per Minute": {"unit": "tokens/min", "min": 66567.83448810816, "p50": 66567.83448810816, "p90": 66567.83448810816, "p95": 66567.83448810816, "p99": 66567.83448810816, "max": 66567.83448810816}}
{"actual_qps": 5.530653946086195, "success_rate": 100.0, "input_tokens": 3781, "output_tokens": 199, "model": "QwQ-32B", "input_tokens_per_minute": 1213903.685999917, "output_tokens_per_minute": 64057.57124935812, "slo_seconds": 5.0, "slo_attainment": 0.6211180124223602, "ttft_slo_ms": 1000, "ttft_slo_attainment": 25.465838509316768, "tpot_slo_ms": 50, "tpot_slo_attainment": 64.90683229813664, "Latency": {"unit": "s", "min": 4.233171783998841, "p50": 10.134260165501473, "p90": 21.119892774301125, "p95": 24.762872085798517, "p99": 28.67172045103769, "max": 29.056076998000208}, "Throughput": {"unit": "tokens/s", "min": 6.883241671398553, "p50": 19.721054596335275, "p90": 30.496642402145003, "p95": 32.16096650573012, "p99": 37.273250510079045, "max": 47.24589745117103}, "TTFT": {"unit": "s", "min": 0.20384198800456943, "p50": 1.452445530499972, "p90": 3.1808052000997122, "p95": 3.805242632098451, "p99": 5.454972936168141, "max": 5.893011562999163}, "TPOT": {"unit": "ms", "min": 19.62759866329915, "p50": 43.123714763822676, "p90": 96.36392307690937, "p95": 114.02942712109267, "p99": 135.4740367653919, "max": 140.88798910551986}, "Input Tokens per Minute": {"unit": "tokens/min", "min": 1213903.685999917, "p50": 1213903.685999917, "p90": 1213903.685999917, "p95": 1213903.685999917, "p99": 1213903.685999917, "max": 1213903.685999917}, "Output Tokens per Minute": {"unit": "tokens/min", "min": 64057.57124935812, "p50": 64057.57124935812, "p90": 64057.57124935812, "p95": 64057.57124935812, "p99": 64057.57124935812, "max": 64057.57124935812}}
{"actual_qps": 5.599750875458493, "success_rate": 100.0, "input_tokens": 3720, "output_tokens": 200, "model": "QwQ-32B", "input_tokens_per_minute": 1301266.167265408, "output_tokens_per_minute": 69955.83205118234, "slo_seconds": 5.0, "slo_attainment": 3.6619718309859155, "ttft_slo_ms": 1000, "ttft_slo_attainment": 35.774647887323944, "tpot_slo_ms": 50, "tpot_slo_attainment": 48.45070422535211, "Latency": {"unit": "s", "min": 3.7671933000019635, "p50": 12.387294482003199, "p90": 22.081054456399585, "p95": 24.254647217696768, "p99": 26.614380915198854, "max": 27.48927330099832}, "Throughput": {"unit": "tokens/s", "min": 7.275565192650497, "p50": 16.14557563724417, "p90": 31.64052947543214, "p95": 36.63860146235108, "p99": 44.82983263015504, "max": 53.08992240984708}, "TTFT": {"unit": "s", "min": 0.09394874299323419, "p50": 1.3728468709959998, "p90": 3.2739505340025064, "p95": 4.516292358600914, "p99": 5.4315921562557925, "max": 6.476471009002125}, "TPOT": {"unit": "ms", "min": 17.50727736683774, "p50": 51.54997743718822, "p90": 97.46272736884936, "p95": 105.26316295277437, "p99": 122.57723507407393, "max": 130.25793312562058}, "Input Tokens per Minute": {"unit": "tokens/min", "min": 1301266.167265408, "p50": 1301266.167265408, "p90": 1301266.167265408, "p95": 1301266.167265408, "p99": 1301266.167265408, "max": 1301266.167265408}, "Output Tokens per Minute": {"unit": "tokens/min", "min": 69955.83205118234, "p50": 69955.83205118234, "p90": 69955.83205118234, "p95": 69955.83205118234, "p99": 69955.83205118234, "max": 69955.83205118234}}
{"actual_qps": 5.899994720094845, "success_rate": 100.0, "input_tokens": 3795, "output_tokens": 199, "model": "QwQ-32B", "input_tokens_per_minute": 1222833.8560151225, "output_tokens_per_minute": 64394.83604981794, "slo_seconds": 5.0, "slo_attainment": 1.529051987767584, "ttft_slo_ms": 1000, "ttft_slo_attainment": 68.19571865443424, "tpot_slo_ms": 50, "tpot_slo_attainment": 46.788990825688074, "Latency": {"unit": "s", "min": 4.544410886999685, "p50": 11.660807501997624, "p90": 21.576927690801675, "p95": 26.587892283899414, "p99": 28.38839280320288, "max": 28.943412097003602}, "Throughput": {"unit": "tokens/s", "min": 6.910035324435892, "p50": 17.14571894117742, "p90": 34.27346210407891, "p95": 36.87709959510337, "p99": 40.31599582441126, "max": 44.010104933985}, "TTFT": {"unit": "s", "min": 0.07003712999721756, "p50": 0.700469729003089, "p90": 1.6446127329996671, "p95": 2.024174074600159, "p99": 2.3069523483960075, "max": 2.5704857390010147}, "TPOT": {"unit": "ms", "min": 19.488867879397677, "p50": 53.76815481909789, "p90": 101.93888909751186, "p95": 125.85576139046049, "p99": 137.50962052814066, "max": 139.05372099996833}, "Input Tokens per Minute": {"unit": "tokens/min", "min": 1222833.8560151225, "p50": 1222833.8560151225, "p90": 1222833.8560151225, "p95": 1222833.8560151225, "p99": 1222833.8560151225, "max": 1222833.8560151225}, "Output Tokens per Minute": {"unit": "tokens/min", "min": 64394.83604981794, "p50": 64394.83604981794, "p90": 64394.83604981794, "p95": 64394.83604981794, "p99": 64394.83604981794, "max": 64394.83604981794}}
{"actual_qps": 5.737736413690718, "success_rate": 100.0, "input_tokens": 3761, "output_tokens": 199, "model": "QwQ-32B", "input_tokens_per_minute": 1287661.1666072097, "output_tokens_per_minute": 68245.94838704624,