{"target_qps": 5.0, "actual_qps": 4.99445554560337, "success_rate": 100.0, "input_tokens": 3901, "output_tokens": 199, "model": "QwQ-32B", "input_tokens_per_minute": 1170385.8823529412, "output_tokens_per_minute": 59825.882352941175, "slo_seconds": 5.0, "slo_attainment": 0.0, "ttft_slo_ms": 1000, "ttft_slo_attainment": 2.7450980392156863, "tpot_slo_ms": 50, "tpot_slo_attainment": 86.27450980392157, "Latency": {"unit": "s", "min": 5.56304169500072, "p50": 11.374431059000926, "p90": 15.123394488601479, "p95": 16.54776889519853, "p99": 18.43418393810033, "max": 20.619733875002566}, "Throughput": {"unit": "tokens/s", "min": 9.699446230121392, "p50": 17.56456337592156, "p90": 24.59749239662396, "p95": 25.961545572750385, "p99": 28.446535412158326, "max": 35.951555096150344}, "TTFT": {"unit": "s", "min": 0.20840324299933854, "p50": 3.1214546019982663, "p90": 6.723745557598158, "p95": 7.386353789500572, "p99": 9.503935171360506, "max": 13.645632296000258}, "TPOT": {"unit": "ms", "min": 16.521624427147785, "p50": 39.02273634672776, "p90": 52.35704268239925, "p95": 56.391284002520436, "p99": 61.12573415990355, "max": 63.27390371858822}, "Input Tokens per Minute": {"unit": "tokens/min", "min": 1170385.8823529412, "p50": 1170385.8823529412, "p90": 1170385.8823529412, "p95": 1170385.8823529412, "p99": 1170385.8823529412, "max": 1170385.8823529412}, "Output Tokens per Minute": {"unit": "tokens/min", "min": 59825.882352941175, "p50": 59825.882352941175, "p90": 59825.882352941175, "p95": 59825.882352941175, "p99": 59825.882352941175, "max": 59825.882352941175}}
{"target_qps": 5.0, "actual_qps": 4.98739756158116, "success_rate": 100.0, "input_tokens": 3961, "output_tokens": 198, "model": "QwQ-32B", "input_tokens_per_minute": 1188571.4285714286, "output_tokens_per_minute": 59667.34693877551, "slo_seconds": 5.0, "slo_attainment": 1.0204081632653061, "ttft_slo_ms": 1000, "ttft_slo_attainment": 18.367346938775512, "tpot_slo_ms": 50, "tpot_slo_attainment": 89.1156462585034, "Latency": {"unit": "s", "min": 3.9719736939987342, "p50": 9.968828591499914, "p90": 13.674125609899784, "p95": 15.119169936149223, "p99": 18.071758404070277, "max": 19.40681025000231}, "Throughput": {"unit": "tokens/s", "min": 10.305660612102713, "p50": 20.02121853469202, "p90": 26.621410656382768, "p95": 28.721606450329574, "p99": 33.844778415888456, "max": 41.732038992876056}, "TTFT": {"unit": "s", "min": 0.15031597100096405, "p50": 2.3131009344997437, "p90": 4.932194773000447, "p95": 5.948307792099327, "p99": 8.83904689012226, "max": 10.864181111999642}, "TPOT": {"unit": "ms", "min": 21.300840195985458, "p50": 38.06139431407104, "p90": 50.159431375879706, "p95": 52.418118449492596, "p99": 57.17981510734401, "max": 64.89848463521332}, "Input Tokens per Minute": {"unit": "tokens/min", "min": 1188571.4285714286, "p50": 1188571.4285714286, "p90": 1188571.4285714286, "p95": 1188571.4285714286, "p99": 1188571.4285714286, "max": 1188571.4285714286}, "Output Tokens per Minute": {"unit": "tokens/min", "min": 59667.34693877551, "p50": 59667.34693877551, "p90": 59667.34693877551, "p95": 59667.34693877551, "p99": 59667.34693877551, "max": 59667.34693877551}}
{"target_qps": 5.0, "actual_qps": 4.999865235465701, "success_rate": 100.0, "input_tokens": 4027, "output_tokens": 198, "model": "QwQ-32B", "input_tokens_per_minute": 1241389.7641609346, "output_tokens_per_minute": 61277.38674481953, "slo_seconds": 5.0, "slo_attainment": 0.3225806451612903, "ttft_slo_ms": 1000, "ttft_slo_attainment": 8.064516129032258, "tpot_slo_ms": 50, "tpot_slo_attainment": 81.93548387096774, "Latency": {"unit": "s", "min": 3.6275503510005365, "p50": 11.505370385999413, "p90": 17.15517632730116, "p95": 20.443766029149085, "p99": 24.015454920309786, "max": 32.97037085199918}, "Throughput": {"unit": "tokens/s", "min": 6.066052483843168, "p50": 17.271691735038175, "p90": 25.49059771954471, "p95": 26.851328909811865, "p99": 29.183457428509513, "max": 32.338743568269756}, "TTFT": {"unit": "s", "min": 0.1636279939993983, "p50": 3.246909030000097, "p90": 7.78198303840145, "p95": 10.220370039348566, "p99": 14.84842518557024, "max": 20.00891141300235}, "TPOT": {"unit": "ms", "min": 18.851810688431954, "p50": 37.95021912562914, "p90": 55.106834767833625, "p95": 58.56109857262133, "p99": 67.84815941915026, "max": 73.51116932161186}, "Input Tokens per Minute": {"unit": "tokens/min", "min": 1241389.7641609346, "p50": 1241389.7641609346, "p90": 1241389.7641609346, "p95": 1241389.7641609346, "p99": 1241389.7641609346, "max": 1241389.7641609346}, "Output Tokens per Minute": {"unit": "tokens/min", "min": 61277.38674481953, "p50": 61277.38674481953, "p90": 61277.38674481953, "p95": 61277.38674481953, "p99": 61277.38674481953, "max": 61277.38674481953}}
{"target_qps": 5.0, "actual_qps": 4.999945575675786, "success_rate": 100.0, "input_tokens": 4040, "output_tokens": 199, "model": "QwQ-32B", "input_tokens_per_minute": 1221136.6220098652, "output_tokens_per_minute": 60311.05775547928, "slo_seconds": 5.0, "slo_attainment": 0.3289473684210526, "ttft_slo_ms": 1000, "ttft_slo_attainment": 61.51315789473685, "tpot_slo_ms": 50, "tpot_slo_attainment": 93.42105263157895, "Latency": {"unit": "s", "min": 2.8758694600001036, "p50": 7.872956019999037, "p90": 10.463803994099726, "p95": 11.236993310150865, "p99": 18.71351153028856, "max": 20.442676467002457}, "Throughput": {"unit": "tokens/s", "min": 9.783454741008594, "p50": 25.34517643114342, "p90": 29.539545156287097, "p95": 30.824632547280284, "p99": 33.94626878361875, "max": 35.34732496065298}, "TTFT": {"unit": "s", "min": 0.04034239899920067, "p50": 0.8080897229974653, "p90": 2.182491548101461, "p95": 3.0018975326507613, "p99": 4.540591853919645, "max": 6.543429154000478}, "TPOT": {"unit": "ms", "min": 27.918836417077515, "p50": 35.12904469597693, "p90": 46.86653311808222, "p95": 51.191378706024615, "p99": 73.38378836629121, "max": 81.85152258292462}, "Input Tokens per Minute": {"unit": "tokens/min", "min": 1221136.6220098652, "p50": 1221136.6220098652, "p90": 1221136.6220098652, "p95": 1221136.6220098652, "p99": 1221136.6220098652, "max": 1221136.6220098652}, "Output Tokens per Minute": {"unit": "tokens/min", "min": 60311.05775547928, "p50": 60311.05775547928, "p90": 60311.05775547928, "p95": 60311.05775547928, "p99": 60311.05775547928, "max": 60311.05775547928}}
{"target_qps": 5.0, "actual_qps": 4.999912739273102, "success_rate": 100.0, "input_tokens": 3899, "output_tokens": 199, "model": "QwQ-32B", "input_tokens_per_minute": 1169940.6040268457, "output_tokens_per_minute": 59873.15436241611, "slo_seconds": 5.0, "slo_attainment": 0.33557046979865773, "ttft_slo_ms": 1000, "ttft_slo_attainment": 76.84563758389261, "tpot_slo_ms": 50, "tpot_slo_attainment": 100.0, "Latency": {"unit": "s", "min": 3.754658231002395, "p50": 7.423724230002335, "p90": 9.15790392849849, "p95": 9.547007587449114, "p99": 10.102809679830205, "max": 10.622608205001598}, "Throughput": {"unit": "tokens/s", "min": 18.827767732771232, "p50": 26.91810443531036, "p90": 31.67157402926518, "p95": 32.93923680099212, "p99": 34.606091669002375, "max": 36.94378364782067}, "TTFT": {"unit": "s", "min": 0.0490381849995174, "p50": 0.6157060269997601, "p90": 1.3493617100997657, "p95": 1.607469569600653, "p99": 1.9732147973008611, "max": 2.666445399998338}, "TPOT": {"unit": "ms", "min": 26.243124517587884, "p50": 34.411919349243284, "p90": 41.18572029849989, "p95": 42.71288120402112, "p99": 44.45130557778153, "max": 47.423057763808174}, "Input Tokens per Minute": {"unit": "tokens/min", "min": 1169940.6040268457, "p50": 1169940.6040268457, "p90": 1169940.6040268457, "p95": 1169940.6040268457, "p99": 1169940.6040268457, "max": 1169940.6040268457}, "Output Tokens per Minute": {"unit": "tokens/min", "min": 59873.15436241611, "p50": 59873.15436241611, "p90": 59873.15436241611, "p95": 59873.15436241611, "p99": 59873.15436241611, "max": 59873.15436241611}}
{"target_qps": 5.0, "actual_qps": 4.999952546533545, "success_rate": 100.0, "input_tokens": 4144,