{"target_qps": 5.0, "actual_qps": 4.986346935307766, "success_rate": 100.0, "input_tokens": 3937, "output_tokens": 199, "model": "QwQ-32B", "input_tokens_per_minute": 1181194.1605839415, "output_tokens_per_minute": 59730.65693430657, "slo_seconds": 5.0, "slo_attainment": 0.0, "ttft_slo_ms": 1000, "ttft_slo_attainment": 1.4598540145985401, "tpot_slo_ms": 50, "tpot_slo_attainment": 23.357664233576642, "Latency": {"unit": "s", "min": 5.991877780998038, "p50": 25.13545113300279, "p90": 29.645653371399384, "p95": 29.70323240680009, "p99": 31.18281888884038, "max": 45.67656976299986}, "Throughput": {"unit": "tokens/s", "min": 4.378612514856781, "p50": 7.956889213633427, "p90": 11.284830543823354, "p95": 14.52891328419408, "p99": 31.407711495819687, "max": 33.37851793877661}, "TTFT": {"unit": "s", "min": 0.5390649279979698, "p50": 13.099979741000425, "p90": 16.78499088599929, "p95": 17.341460869799626, "p99": 22.17236987095918, "max": 29.904586176999146}, "TPOT": {"unit": "ms", "min": 20.875478949749972, "p50": 60.03305491457235, "p90": 79.3502968301483, "p95": 83.7405613819169, "p99": 95.64564732402073, "max": 99.88342691960597}, "Input Tokens per Minute": {"unit": "tokens/min", "min": 1181194.1605839415, "p50": 1181194.1605839415, "p90": 1181194.1605839415, "p95": 1181194.1605839415, "p99": 1181194.1605839415, "max": 1181194.1605839415}, "Output Tokens per Minute": {"unit": "tokens/min", "min": 59730.65693430657, "p50": 59730.65693430657, "p90": 59730.65693430657, "p95": 59730.65693430657, "p99": 59730.65693430657, "max": 59730.65693430657}}
{"target_qps": 5.0, "actual_qps": 4.999824111651299, "success_rate": 100.0, "input_tokens": 3961, "output_tokens": 198, "model": "QwQ-32B", "input_tokens_per_minute": 1660490.2612637947, "output_tokens_per_minute": 83358.32582333287, "slo_seconds": 5.0, "slo_attainment": 3.7914691943127963, "ttft_slo_ms": 1000, "ttft_slo_attainment": 15.165876777251185, "tpot_slo_ms": 50, "tpot_slo_attainment": 59.0047393364929, "Latency": {"unit": "s", "min": 4.203163550999307, "p50": 12.946735389999958, "p90": 32.101184627001224, "p95": 35.337930882050564, "p99": 40.56300793503056, "max": 42.42543354699956}, "Throughput": {"unit": "tokens/s", "min": 3.9884587517536096, "p50": 14.902405232896367, "p90": 32.41289054872252, "p95": 36.67028225059823, "p99": 42.997288787407555, "max": 47.58320669022022}, "TTFT": {"unit": "s", "min": 0.20225127099911333, "p50": 4.005579165001109, "p90": 18.735119103199757, "p95": 20.904224462650376, "p99": 28.58348855146998, "max": 33.1872151489988}, "TPOT": {"unit": "ms", "min": 12.02404926631637, "p50": 42.51064383416592, "p90": 80.58464147236842, "p95": 88.04012707235931, "p99": 96.60881572085815, "max": 101.01308214070376}, "Input Tokens per Minute": {"unit": "tokens/min", "min": 1660490.2612637947, "p50": 1660490.2612637947, "p90": 1660490.2612637947, "p95": 1660490.2612637947, "p99": 1660490.2612637947, "max": 1660490.2612637947}, "Output Tokens per Minute": {"unit": "tokens/min", "min": 83358.32582333287, "p50": 83358.32582333287, "p90": 83358.32582333287, "p95": 83358.32582333287, "p99": 83358.32582333287, "max": 83358.32582333287}}
{"target_qps": 5.0, "actual_qps": 4.998400667486439, "success_rate": 100.0, "input_tokens": 3996, "output_tokens": 199, "model": "QwQ-32B", "input_tokens_per_minute": 1254444.6117312054, "output_tokens_per_minute": 62700.77438772351, "slo_seconds": 5.0, "slo_attainment": 16.455696202531644, "ttft_slo_ms": 1000, "ttft_slo_attainment": 67.40506329113924, "tpot_slo_ms": 50, "tpot_slo_attainment": 99.0506329113924, "Latency": {"unit": "s", "min": 3.859095176001574, "p50": 6.509538140000586, "p90": 9.496405329000481, "p95": 10.861936085500929, "p99": 12.996800216498743, "max": 14.135908833002759}, "Throughput": {"unit": "tokens/s", "min": 14.14836515732649, "p50": 30.624193259482887, "p90": 43.18096725429042, "p95": 46.04028403555649, "p99": 48.69054029792884, "max": 51.825619964942376}, "TTFT": {"unit": "s", "min": 0.11749445500026923, "p50": 0.7291531999999279, "p90": 2.2635086589998537, "p95": 2.982943807751326, "p99": 4.185016051298776, "max": 5.920972975000041}, "TPOT": {"unit": "ms", "min": 16.971416849253675, "p50": 28.04217449999153, "p90": 39.63342671104968, "p95": 44.16371772865419, "p99": 48.943420516582236, "max": 51.717661100507875}, "Input Tokens per Minute": {"unit": "tokens/min", "min": 1254444.6117312054, "p50": 1254444.6117312054, "p90": 1254444.6117312054, "p95": 1254444.6117312054, "p99": 1254444.6117312054, "max": 1254444.6117312054}, "Output Tokens per Minute": {"unit": "tokens/min", "min": 62700.77438772351, "p50": 62700.77438772351, "p90": 62700.77438772351, "p95": 62700.77438772351, "p99": 62700.77438772351, "max": 62700.77438772351}}
{"target_qps": 5.0, "actual_qps": 4.999948835607027, "success_rate": 100.0, "input_tokens": 3918, "output_tokens": 199, "model": "QwQ-32B", "input_tokens_per_minute": 1175504.0, "output_tokens_per_minute": 59769.0, "slo_seconds": 5.0, "slo_attainment": 29.666666666666668, "ttft_slo_ms": 1000, "ttft_slo_attainment": 98.66666666666667, "tpot_slo_ms": 50, "tpot_slo_attainment": 99.66666666666667, "Latency": {"unit": "s", "min": 2.558284550999815, "p50": 5.738386143499156, "p90": 8.394709645598052, "p95": 9.049247425699287, "p99": 9.827787403440343, "max": 10.61289854899951}, "Throughput": {"unit": "tokens/s", "min": 18.57743433297073, "p50": 34.824856873088756, "p90": 46.69599446839697, "p95": 48.9727736149158, "p99": 52.15897533572331, "max": 56.480123807812}, "TTFT": {"unit": "s", "min": 0.0623905710017425, "p50": 0.4587321220024023, "p90": 0.7119758355984233, "p95": 0.8410613380990981, "p99": 1.0215484491996167, "max": 1.186263780000445}, "TPOT": {"unit": "ms", "min": 16.81247739195979, "p50": 26.62279441457355, "p90": 39.64541593818856, "p95": 43.81175345176814, "p99": 46.174781468795814, "max": 50.25184801507662}, "Input Tokens per Minute": {"unit": "tokens/min", "min": 1175504.0, "p50": 1175504.0, "p90": 1175504.0, "p95": 1175504.0, "p99": 1175504.0, "max": 1175504.0}, "Output Tokens per Minute": {"unit": "tokens/min", "min": 59769.0, "p50": 59769.0, "p90": 59769.0, "p95": 59769.0, "p99": 59769.0, "max": 59769.0}}
{"target_qps": 5.0, "actual_qps": 4.999956984369933, "success_rate": 100.0, "input_tokens": 3834, "output_tokens": 199, "model": "QwQ-32B", "input_tokens_per_minute": 1150260.606060606, "output_tokens_per_minute": 59863.63636363637, "slo_seconds": 5.0, "slo_attainment": 28.95622895622896, "ttft_slo_ms": 1000, "ttft_slo_attainment": 99.66329966329967, "tpot_slo_ms": 50, "tpot_slo_attainment": 99.66329966329967, "Latency": {"unit": "s", "min": 3.6242056230003072, "p50": 5.676630939000461, "p90": 7.941525035599628, "p95": 8.729915073199662, "p99": 9.580639800720968, "max": 10.575231711001834}, "Throughput": {"unit": "tokens/s", "min": 18.912115163579067, "p50": 35.208589862192056, "p90": 46.61075706106761, "p95": 48.85615535840773, "p99": 52.2431672269926, "max": 55.18450684219995}, "TTFT": {"unit": "s", "min": 0.061975750999408774, "p50": 0.40083368300111033, "p90": 0.5900361566011271, "p95": 0.6328345624002393, "p99": 0.8450094482768331, "max": 1.1587395409987948}, "TPOT": {"unit": "ms", "min": 17.626973557786577, "p50": 26.710510160799586, "p90": 37.04889052260937, "p95": 41.58753909848277, "p99": 46.42226526773439, "max": 50.22087597488042}, "Input Tokens per Minute": {"unit": "tokens/min", "min": 1150260.606060606, "p50": 1150260.606060606, "p90": 1150260.606060606, "p95": 1150260.606060606, "p99": 1150260.606060606, "max": 1150260.606060606}, "Output Tokens per Minute": {"unit": "tokens/min", "min": 59863.63636363637, "p50": 59863.63636363637, "p90": 59863.63636363637, "p95": 59863.63636363637, "p99": 59863.63636363637, "max": 59863.63636363637}}
{"target_qps": 5.0, "actual_qps": 4.999882821912995, "success_rate": 100.0, "input_tokens": 3598, "output_tokens": 199, "model": "QwQ-32B", "input_tokens_per_minute": 1093851.9168358636, "output_tokens_per_minute": 60758.78972448941, "slo_seconds": 5.0,