{"target_qps": 2.0, "actual_qps": 1.9991736958303954, "success_rate": 100.0, "input_tokens": 3887, "output_tokens": 200, "model": "QwQ-32B", "input_tokens_per_minute": 466530.0, "output_tokens_per_minute": 24000.0, "slo_seconds": 5.0, "slo_attainment": 6.481481481481481, "ttft_slo_ms": 1000, "ttft_slo_attainment": 84.25925925925925, "tpot_slo_ms": 50, "tpot_slo_attainment": 82.4074074074074, "Latency": {"unit": "s", "min": 4.03826591699999, "p50": 8.029458113500368, "p90": 11.746744454000417, "p95": 12.280246976349824, "p99": 13.074952654989373, "max": 13.586764953000056}, "Throughput": {"unit": "tokens/s", "min": 14.720207546965662, "p50": 24.90902735759773, "p90": 36.56822901127143, "p95": 43.313510544978385, "p99": 45.62990262266597, "max": 49.5262085535415}, "TTFT": {"unit": "s", "min": 0.12977540399970167, "p50": 0.6023739835000015, "p90": 1.3930555833996547, "p95": 2.3588583243994883, "p99": 3.106818537820186, "max": 6.815884134000044}, "TPOT": {"unit": "ms", "min": 19.29729537185715, "p50": 37.57504014572704, "p90": 54.66123325678249, "p95": 56.71427967311812, "p99": 60.34646162396689, "max": 63.84976388442134}, "Input Tokens per Minute": {"unit": "tokens/min", "min": 466530.0, "p50": 466530.0, "p90": 466530.0, "p95": 466530.0, "p99": 466530.0, "max": 466530.0}, "Output Tokens per Minute": {"unit": "tokens/min", "min": 24000.0, "p50": 24000.0, "p90": 24000.0, "p95": 24000.0, "p99": 24000.0, "max": 24000.0}}
{"target_qps": 2.0, "actual_qps": 1.9990959256933392, "success_rate": 100.0, "input_tokens": 3691, "output_tokens": 200, "model": "QwQ-32B", "input_tokens_per_minute": 442983.05084745766, "output_tokens_per_minute": 24000.0, "slo_seconds": 5.0, "slo_attainment": 12.711864406779661, "ttft_slo_ms": 1000, "ttft_slo_attainment": 96.61016949152543, "tpot_slo_ms": 50, "tpot_slo_attainment": 99.15254237288136, "Latency": {"unit": "s", "min": 4.008962787999735, "p50": 6.613917894499991, "p90": 8.399501430699365, "p95": 8.858283339349736, "p99": 10.259361476260455, "max": 11.635442517000229}, "Throughput": {"unit": "tokens/s", "min": 17.188860647782448, "p50": 30.239351731894885, "p90": 41.41367266145119, "p95": 43.55198211399461, "p99": 47.27256214772869, "max": 49.8882156249172}, "TTFT": {"unit": "s", "min": 0.09915361300045333, "p50": 0.46911836599974777, "p90": 0.7560497023996504, "p95": 0.9179474161499002, "p99": 1.1281076531295637, "max": 1.9225328879992958}, "TPOT": {"unit": "ms", "min": 19.11670268844172, "p50": 30.556458555275555, "p90": 40.515993423616976, "p95": 42.85016127562779, "p99": 49.1321606824103, "max": 52.70252858291822}, "Input Tokens per Minute": {"unit": "tokens/min", "min": 442983.05084745766, "p50": 442983.05084745766, "p90": 442983.05084745766, "p95": 442983.05084745766, "p99": 442983.05084745766, "max": 442983.05084745766}, "Output Tokens per Minute": {"unit": "tokens/min", "min": 24000.0, "p50": 24000.0, "p90": 24000.0, "p95": 24000.0, "p99": 24000.0, "max": 24000.0}}
{"target_qps": 2.0, "actual_qps": 1.9988769077224675, "success_rate": 100.0, "input_tokens": 3971, "output_tokens": 199, "model": "QwQ-32B", "input_tokens_per_minute": 476546.2184873949, "output_tokens_per_minute": 23880.0, "slo_seconds": 5.0, "slo_attainment": 13.445378151260504, "ttft_slo_ms": 1000, "ttft_slo_attainment": 93.27731092436974, "tpot_slo_ms": 50, "tpot_slo_attainment": 94.9579831932773, "Latency": {"unit": "s", "min": 2.040261257999191, "p50": 6.250242827000875, "p90": 9.52738375500012, "p95": 10.535189187600372, "p99": 13.65877223324019, "max": 13.913006353000128}, "Throughput": {"unit": "tokens/s", "min": 14.375038358037768, "p50": 31.998756774057732, "p90": 40.64138490435054, "p95": 42.86432666480826, "p99": 47.16965843513264, "max": 49.596591196926575}, "TTFT": {"unit": "s", "min": 0.05589320499984751, "p50": 0.47088457199970435, "p90": 0.8600021314003243, "p95": 1.0152505085005938, "p99": 1.6317613840401095, "max": 1.9817971709999256}, "TPOT": {"unit": "ms", "min": 19.300971346734084, "p50": 29.06834079899751, "p90": 43.517928579897315, "p95": 49.785012858294394, "p99": 66.1847234245198, "max": 68.50501641205959}, "Input Tokens per Minute": {"unit": "tokens/min", "min": 476546.2184873949, "p50": 476546.2184873949, "p90": 476546.2184873949, "p95": 476546.2184873949, "p99": 476546.2184873949, "max": 476546.2184873949}, "Output Tokens per Minute": {"unit": "tokens/min", "min": 23880.0, "p50": 23880.0, "p90": 23880.0, "p95": 23880.0, "p99": 23880.0, "max": 23880.0}}
{"target_qps": 2.0, "actual_qps": 1.99999248579492, "success_rate": 100.0, "input_tokens": 3670, "output_tokens": 198, "model": "QwQ-32B", "input_tokens_per_minute": 440496.0, "output_tokens_per_minute": 23867.0, "slo_seconds": 5.0, "slo_attainment": 20.833333333333336, "ttft_slo_ms": 1000, "ttft_slo_attainment": 95.83333333333334, "tpot_slo_ms": 50, "tpot_slo_attainment": 94.16666666666667, "Latency": {"unit": "s", "min": 2.5723909919997823, "p50": 6.871847288500248, "p90": 9.163846201599702, "p95": 10.674504194250083, "p99": 12.32494015552973, "max": 12.710617867999645}, "Throughput": {"unit": "tokens/s", "min": 15.734876311837022, "p50": 29.052561829068296, "p90": 42.59452037891503, "p95": 43.80753834498438, "p99": 47.92594191609688, "max": 51.90505126900518}, "TTFT": {"unit": "s", "min": 0.03870564899989404, "p50": 0.35857491500019023, "p90": 0.6753194233003342, "p95": 0.8220915493003301, "p99": 1.2350117797404714, "max": 1.3116262459998325}, "TPOT": {"unit": "ms", "min": 17.8911526884406, "p50": 32.84645932160801, "p90": 42.60890735628193, "p95": 50.43123131382212, "p99": 59.47053885532479, "max": 61.48269016582743}, "Input Tokens per Minute": {"unit": "tokens/min", "min": 440496.0, "p50": 440496.0, "p90": 440496.0, "p95": 440496.0, "p99": 440496.0, "max": 440496.0}, "Output Tokens per Minute": {"unit": "tokens/min", "min": 23867.0, "p50": 23867.0, "p90": 23867.0, "p95": 23867.0, "p99": 23867.0, "max": 23867.0}}
{"target_qps": 2.0, "actual_qps": 1.9999634661340242, "success_rate": 100.0, "input_tokens": 3869, "output_tokens": 200, "model": "QwQ-32B", "input_tokens_per_minute": 475739.70010712434, "output_tokens_per_minute": 24586.18596498635, "slo_seconds": 5.0, "slo_attainment": 17.073170731707318, "ttft_slo_ms": 1000, "ttft_slo_attainment": 93.4959349593496, "tpot_slo_ms": 50, "tpot_slo_attainment": 91.05691056910568, "Latency": {"unit": "s", "min": 3.779432031000397, "p50": 6.909970698000507, "p90": 10.355674801199346, "p95": 11.397578903100202, "p99": 13.577262495580507, "max": 13.92932322500019}, "Throughput": {"unit": "tokens/s", "min": 14.358199373322194, "p50": 28.943682794179242, "p90": 42.39163045884516, "p95": 44.10102749245107, "p99": 49.629805349707205, "max": 52.91800417616215}, "TTFT": {"unit": "s", "min": 0.044527811000079964, "p50": 0.38642259300013393, "p90": 0.8150250506003429, "p95": 1.007627542899354, "p99": 1.3543958162003584, "max": 1.702616100999876}, "TPOT": {"unit": "ms", "min": 18.194234025127596, "p50": 32.60511998492555, "p90": 48.221530377889586, "p95": 54.53307616683481, "p99": 65.50088410673509, "max": 67.51269300502598}, "Input Tokens per Minute": {"unit": "tokens/min", "min": 475739.70010712434, "p50": 475739.70010712434, "p90": 475739.70010712434, "p95": 475739.70010712434, "p99": 475739.70010712434, "max": 475739.70010712434}, "Output Tokens per Minute": {"unit": "tokens/min", "min": 24586.18596498635, "p50": 24586.18596498635, "p90": 24586.18596498635, "p95": 24586.18596498635, "p99": 24586.18596498635, "max": 24586.18596498635}}
{"target_qps": 2.0, "actual_qps": 1.999961342513875, "success_rate": 100.0, "input_tokens": 3536, "output_tokens": 198, "model": "QwQ-32B", "input_tokens_per_minute": 434786.7100217064, "output_tokens_per_minute": 24376.30388967549, "slo_seconds": 5.0, "slo_attainment": 26.82926829268293, "ttft_slo_ms": 1000, "ttft_slo_attainment": 98.3739837398374, "tpot_slo_ms": 50, "tpot_slo_attainment": 100.0, "Latency": {"unit": "s", "min": 2.238962643999912, "p50": 5.79343019099997, "p90": 7.809955178999553,