{"target_qps": 5.0, "actual_qps": 4.9970240357441895, "success_rate": 100.0, "input_tokens": 3862, "output_tokens": 200, "model": "QwQ-32B", "input_tokens_per_minute": 1158898.846153846, "output_tokens_per_minute": 60000.0, "slo_seconds": 5.0, "slo_attainment": 1.153846153846154, "ttft_slo_ms": 1000, "ttft_slo_attainment": 16.538461538461537, "tpot_slo_ms": 50, "tpot_slo_attainment": 76.53846153846153, "Latency": {"unit": "s", "min": 4.223579869000787, "p50": 11.384081722000246, "p90": 15.322126320000187, "p95": 17.55445349344985, "p99": 22.007200715730075, "max": 24.319740744999763}, "Throughput": {"unit": "tokens/s", "min": 8.223771877219571, "p50": 17.568431304999294, "p90": 29.22718598908165, "p95": 33.22924718565145, "p99": 39.32191943169743, "max": 47.353194731301706}, "TTFT": {"unit": "s", "min": 0.09401484400041227, "p50": 2.926398989000063, "p90": 6.441702858900133, "p95": 9.298517811300052, "p99": 14.116053411690114, "max": 15.421676906999892}, "TPOT": {"unit": "ms", "min": 19.196275869345946, "p50": 40.36224787437071, "p90": 57.54369342512566, "p95": 60.09351389220751, "p99": 64.02705051552797, "max": 64.71190245226248}, "Input Tokens per Minute": {"unit": "tokens/min", "min": 1158898.846153846, "p50": 1158898.846153846, "p90": 1158898.846153846, "p95": 1158898.846153846, "p99": 1158898.846153846, "max": 1158898.846153846}, "Output Tokens per Minute": {"unit": "tokens/min", "min": 60000.0, "p50": 60000.0, "p90": 60000.0, "p95": 60000.0, "p99": 60000.0, "max": 60000.0}}
{"target_qps": 5.0, "actual_qps": 4.999358580211048, "success_rate": 100.0, "input_tokens": 3959, "output_tokens": 198, "model": "QwQ-32B", "input_tokens_per_minute": 1195086.269578966, "output_tokens_per_minute": 59872.34318667259, "slo_seconds": 5.0, "slo_attainment": 15.2317880794702, "ttft_slo_ms": 1000, "ttft_slo_attainment": 91.05960264900662, "tpot_slo_ms": 50, "tpot_slo_attainment": 94.03973509933775, "Latency": {"unit": "s", "min": 1.6946621919996687, "p50": 6.751495452999734, "p90": 9.862752496299892, "p95": 10.940184916850193, "p99": 11.841184831299707, "max": 13.730609747000017}, "Throughput": {"unit": "tokens/s", "min": 12.9443743998567, "p50": 29.280143479678728, "p90": 41.57780740643112, "p95": 44.062511643073094, "p99": 46.72730692089774, "max": 50.280708357929896}, "TTFT": {"unit": "s", "min": 0.06912419499985845, "p50": 0.5472631239999828, "p90": 0.9750281354999063, "p95": 1.196126271949697, "p99": 1.4379494129199157, "max": 2.4049964559999353}, "TPOT": {"unit": "ms", "min": 17.85380329145473, "p50": 32.06569213544731, "p90": 45.108186236684666, "p95": 51.33181490502634, "p99": 58.027323673116484, "max": 64.98508896610304}, "Input Tokens per Minute": {"unit": "tokens/min", "min": 1195086.269578966, "p50": 1195086.269578966, "p90": 1195086.269578966, "p95": 1195086.269578966, "p99": 1195086.269578966, "max": 1195086.269578966}, "Output Tokens per Minute": {"unit": "tokens/min", "min": 59872.34318667259, "p50": 59872.34318667259, "p90": 59872.34318667259, "p95": 59872.34318667259, "p99": 59872.34318667259, "max": 59872.34318667259}}
{"target_qps": 5.0, "actual_qps": 4.99364051981526, "success_rate": 100.0, "input_tokens": 3966, "output_tokens": 200, "model": "QwQ-32B", "input_tokens_per_minute": 1190065.7718120806, "output_tokens_per_minute": 60000.0, "slo_seconds": 5.0, "slo_attainment": 10.738255033557047, "ttft_slo_ms": 1000, "ttft_slo_attainment": 88.25503355704699, "tpot_slo_ms": 50, "tpot_slo_attainment": 90.26845637583892, "Latency": {"unit": "s", "min": 3.794619820000662, "p50": 6.721208708499944, "p90": 10.35582867769936, "p95": 11.534817686399856, "p99": 13.591218072560086, "max": 14.28441105499951}, "Throughput": {"unit": "tokens/s", "min": 14.001277282622057, "p50": 29.756644867735883, "p90": 40.116342162727065, "p95": 43.79064847550703, "p99": 45.97845284577798, "max": 52.70620233042611}, "TTFT": {"unit": "s", "min": 0.08697281799959455, "p50": 0.5313619055000345, "p90": 1.0341429112000697, "p95": 1.273462654700051, "p99": 1.558134978569786, "max": 2.5208237349997944}, "TPOT": {"unit": "ms", "min": 18.36735497989998, "p50": 30.726039409547873, "p90": 49.219393439696574, "p95": 55.57032421130526, "p99": 65.68528245728602, "max": 71.18182879899385}, "Input Tokens per Minute": {"unit": "tokens/min", "min": 1190065.7718120806, "p50": 1190065.7718120806, "p90": 1190065.7718120806, "p95": 1190065.7718120806, "p99": 1190065.7718120806, "max": 1190065.7718120806}, "Output Tokens per Minute": {"unit": "tokens/min", "min": 60000.0, "p50": 60000.0, "p90": 60000.0, "p95": 60000.0, "p99": 60000.0, "max": 60000.0}}
{"target_qps": 5.0, "actual_qps": 4.999926669158888, "success_rate": 100.0, "input_tokens": 3929, "output_tokens": 199, "model": "QwQ-32B", "input_tokens_per_minute": 1193172.4759798266, "output_tokens_per_minute": 60627.789551077076, "slo_seconds": 5.0, "slo_attainment": 14.802631578947366, "ttft_slo_ms": 1000, "ttft_slo_attainment": 89.14473684210526, "tpot_slo_ms": 50, "tpot_slo_attainment": 92.10526315789474, "Latency": {"unit": "s", "min": 3.1419753800000763, "p50": 6.747677827999723, "p90": 10.28133507600005, "p95": 11.03495121824994, "p99": 12.052773056890299, "max": 12.690763288000198}, "Throughput": {"unit": "tokens/s", "min": 15.759493378078432, "p50": 29.639828272557608, "p90": 41.53582486748802, "p95": 44.19950310962201, "p99": 48.70479113363185, "max": 55.219747551381694}, "TTFT": {"unit": "s", "min": 0.0441015399992466, "p50": 0.4571755914998903, "p90": 1.008715091499471, "p95": 1.1183862244996816, "p99": 1.709920661939721, "max": 1.9194069089999175}, "TPOT": {"unit": "ms", "min": 17.85070373366648, "p50": 30.812617027639128, "p90": 47.59183265326799, "p95": 52.27836685251109, "p99": 58.566368290250935, "max": 63.54912872864213}, "Input Tokens per Minute": {"unit": "tokens/min", "min": 1193172.4759798266, "p50": 1193172.4759798266, "p90": 1193172.4759798266, "p95": 1193172.4759798266, "p99": 1193172.4759798266, "max": 1193172.4759798266}, "Output Tokens per Minute": {"unit": "tokens/min", "min": 60627.789551077076, "p50": 60627.789551077076, "p90": 60627.789551077076, "p95": 60627.789551077076, "p99": 60627.789551077076, "max": 60627.789551077076}}
{"target_qps": 5.0, "actual_qps": 4.999942274416398, "success_rate": 100.0, "input_tokens": 3967, "output_tokens": 198, "model": "QwQ-32B", "input_tokens_per_minute": 1220575.5776963648, "output_tokens_per_minute": 61141.135796514085, "slo_seconds": 5.0, "slo_attainment": 20.77922077922078, "ttft_slo_ms": 1000, "ttft_slo_attainment": 97.40259740259741, "tpot_slo_ms": 50, "tpot_slo_attainment": 90.5844155844156, "Latency": {"unit": "s", "min": 1.6799945120001212, "p50": 6.866743882500032, "p90": 10.375235021199478, "p95": 11.285570532850395, "p99": 12.598490885220409, "max": 13.048962604000735}, "Throughput": {"unit": "tokens/s", "min": 15.326888892966954, "p50": 28.99624599193414, "p90": 43.86539549967768, "p95": 48.99368750599957, "p99": 53.37023764253787, "max": 54.36083247745712}, "TTFT": {"unit": "s", "min": 0.036875026000416256, "p50": 0.31407730849969084, "p90": 0.7102141246003157, "p95": 0.8701061255001601, "p99": 1.2065653679801023, "max": 1.5299541120002687}, "TPOT": {"unit": "ms", "min": 18.141645643216673, "p50": 32.955064587938736, "p90": 48.13198867738798, "p95": 55.792890486933935, "p99": 60.213247235829094, "max": 63.08291540201264}, "Input Tokens per Minute": {"unit": "tokens/min", "min": 1220575.5776963648, "p50": 1220575.5776963648, "p90": 1220575.5776963648, "p95": 1220575.5776963648, "p99": 1220575.5776963648, "max": 1220575.5776963648}, "Output Tokens per Minute": {"unit": "tokens/min", "min": 61141.135796514085, "p50": 61141.135796514085, "p90": 61141.135796514085, "p95": 61141.135796514085, "p99": 61141.135796514085, "max": 61141.135796514085}}
{"target_qps": 5.0, "actual_qps": 4.999922138295839, "success_rate": 100.0, "input_tokens": 3980, "output_tokens": 199, "model": "QwQ-32B", "input_tokens_per_minute": 1194030.303030303,