{"actual_qps": 5.553642998752706, "success_rate": 100.0, "input_tokens": 4123, "output_tokens": 198, "model": "QwQ-32B", "input_tokens_per_minute": 674808.044353711, "output_tokens_per_minute": 32520.35886387968, "slo_seconds": 5.0, "slo_attainment": 0.0, "ttft_slo_ms": 1000, "ttft_slo_attainment": 1.8072289156626504, "tpot_slo_ms": 50, "tpot_slo_attainment": 0.6024096385542169, "Latency": {"unit": "s", "min": 12.284214368999528, "p50": 28.90342002399848, "p90": 38.773969161498826, "p95": 38.95976052275, "p99": 39.95655822155349, "max": 49.70050643099967}, "Throughput": {"unit": "tokens/s", "min": 3.2234661832436493, "p50": 6.87857027206732, "p90": 11.305834791588648, "p95": 12.94155009393959, "p99": 15.20742428915588, "max": 16.28105746059923}, "TTFT": {"unit": "s", "min": 0.47133380999730434, "p50": 4.15836506550113, "p90": 8.20471701399947, "p95": 8.928016825997474, "p99": 10.76611038154878, "max": 14.134429132995137}, "TPOT": {"unit": "ms", "min": 49.51020721607928, "p50": 121.6324610740748, "p90": 169.7761592688368, "p95": 174.1287490854371, "p99": 178.54861307035998, "max": 180.5567657939906}, "Input Tokens per Minute": {"unit": "tokens/min", "min": 674808.044353711, "p50": 674808.044353711, "p90": 674808.044353711, "p95": 674808.044353711, "p99": 674808.044353711, "max": 674808.044353711}, "Output Tokens per Minute": {"unit": "tokens/min", "min": 32520.35886387968, "p50": 32520.35886387968, "p90": 32520.35886387968, "p95": 32520.35886387968, "p99": 32520.35886387968, "max": 32520.35886387968}}
{"actual_qps": 4.635680239969528, "success_rate": 100.0, "input_tokens": 3960, "output_tokens": 199, "model": "QwQ-32B", "input_tokens_per_minute": 1308138.2623370334, "output_tokens_per_minute": 65809.68368143281, "slo_seconds": 5.0, "slo_attainment": 0.0, "ttft_slo_ms": 1000, "ttft_slo_attainment": 1.1940298507462688, "tpot_slo_ms": 50, "tpot_slo_attainment": 2.3880597014925375, "Latency": {"unit": "s", "min": 10.170010650996119, "p50": 34.4183118400033, "p90": 52.301481960999084, "p95": 55.61303391949914, "p99": 63.16262217107565, "max": 67.64777342999878}, "Throughput": {"unit": "tokens/s", "min": 2.7336649492163487, "p50": 5.793938589756142, "p90": 9.409635919356852, "p95": 11.269513990463897, "p99": 14.377206297273247, "max": 19.66566278673569}, "TTFT": {"unit": "s", "min": 0.2870486690007965, "p50": 14.448793128998659, "p90": 26.121157601200686, "p95": 28.484062036101385, "p99": 36.083741589220324, "max": 39.15686966499925}, "TPOT": {"unit": "ms", "min": 14.643183778901234, "p50": 104.1442502060251, "p90": 143.14469994169667, "p95": 147.81572342159674, "p99": 198.01773598814648, "max": 206.2222870793896}, "Input Tokens per Minute": {"unit": "tokens/min", "min": 1308138.2623370334, "p50": 1308138.2623370334, "p90": 1308138.2623370334, "p95": 1308138.2623370334, "p99": 1308138.2623370334, "max": 1308138.2623370334}, "Output Tokens per Minute": {"unit": "tokens/min", "min": 65809.68368143281, "p50": 65809.68368143281, "p90": 65809.68368143281, "p95": 65809.68368143281, "p99": 65809.68368143281, "max": 65809.68368143281}}
{"actual_qps": 4.723170902932212, "success_rate": 100.0, "input_tokens": 3961, "output_tokens": 199, "model": "QwQ-32B", "input_tokens_per_minute": 997961.7320623616, "output_tokens_per_minute": 50377.5376494626, "slo_seconds": 5.0, "slo_attainment": 0.0, "ttft_slo_ms": 1000, "ttft_slo_attainment": 0.78125, "tpot_slo_ms": 50, "tpot_slo_attainment": 7.03125, "Latency": {"unit": "s", "min": 7.23554521099868, "p50": 32.9064902234968, "p90": 52.76369976300339, "p95": 56.76372365149837, "p99": 68.02818851265037, "max": 71.16852332300186}, "Throughput": {"unit": "tokens/s", "min": 2.8102311339563717, "p50": 6.077829864573315, "p90": 12.224898423696867, "p95": 15.384874510150613, "p99": 23.196443418236747, "max": 27.641317159622194}, "TTFT": {"unit": "s", "min": 0.8365055559988832, "p50": 8.147476202997495, "p90": 27.150778760500543, "p95": 29.507166312248955, "p99": 36.02342563689926, "max": 38.2790693210045}, "TPOT": {"unit": "ms", "min": 21.751875145749562, "p50": 104.93285570102223, "p90": 155.0963477738649, "p95": 160.07960116833752, "p99": 167.62684047034642, "max": 175.3599737386875}, "Input Tokens per Minute": {"unit": "tokens/min", "min": 997961.7320623616, "p50": 997961.7320623616, "p90": 997961.7320623616, "p95": 997961.7320623616, "p99": 997961.7320623616, "max": 997961.7320623616}, "Output Tokens per Minute": {"unit": "tokens/min", "min": 50377.5376494626, "p50": 50377.5376494626, "p90": 50377.5376494626, "p95": 50377.5376494626, "p99": 50377.5376494626, "max": 50377.5376494626}}
{"actual_qps": 4.799942870999888, "success_rate": 100.0, "input_tokens": 4039, "output_tokens": 199, "model": "QwQ-32B", "input_tokens_per_minute": 910255.4003767247, "output_tokens_per_minute": 45032.48257764431, "slo_seconds": 5.0, "slo_attainment": 0.0, "ttft_slo_ms": 1000, "ttft_slo_attainment": 6.11353711790393, "tpot_slo_ms": 50, "tpot_slo_attainment": 3.9301310043668125, "Latency": {"unit": "s", "min": 7.750881224994373, "p50": 36.11448677899898, "p90": 60.53756132999843, "p95": 63.65454844160267, "p99": 68.16319679607957, "max": 70.97683375899942}, "Throughput": {"unit": "tokens/s", "min": 2.817820821355549, "p50": 5.537943851283039, "p90": 13.407914245117068, "p95": 16.69112536026616, "p99": 23.132439035106152, "max": 25.803517586498067}, "TTFT": {"unit": "s", "min": 0.2305971409950871, "p50": 8.626081798000087, "p90": 36.62829356899893, "p95": 38.56138862840307, "p99": 40.24680598075822, "max": 41.549047435997636}, "TPOT": {"unit": "ms", "min": 35.94353526129988, "p50": 120.35469000503285, "p90": 166.32237322511497, "p95": 169.25155933870028, "p99": 177.48608625649553, "max": 190.12441134673188}, "Input Tokens per Minute": {"unit": "tokens/min", "min": 910255.4003767247, "p50": 910255.4003767247, "p90": 910255.4003767247, "p95": 910255.4003767247, "p99": 910255.4003767247, "max": 910255.4003767247}, "Output Tokens per Minute": {"unit": "tokens/min", "min": 45032.48257764431, "p50": 45032.48257764431, "p90": 45032.48257764431, "p95": 45032.48257764431, "p99": 45032.48257764431, "max": 45032.48257764431}}
{"actual_qps": 5.475273615925508, "success_rate": 100.0, "input_tokens": 3962, "output_tokens": 199, "model": "QwQ-32B", "input_tokens_per_minute": 1157627.9205156544, "output_tokens_per_minute": 58283.140129092564, "slo_seconds": 5.0, "slo_attainment": 0.0, "ttft_slo_ms": 1000, "ttft_slo_attainment": 12.121212121212121, "tpot_slo_ms": 50, "tpot_slo_attainment": 9.764309764309765, "Latency": {"unit": "s", "min": 5.328162042998883, "p50": 35.03322874199512, "p90": 64.18413162999937, "p95": 70.17437335099821, "p99": 75.67628452648118, "max": 77.15201839600195}, "Throughput": {"unit": "tokens/s", "min": 1.5437304251632606, "p50": 5.708865759217206, "p90": 15.790945714338257, "p95": 23.053483658244446, "p99": 31.33888683487193, "max": 37.53639592526971}, "TTFT": {"unit": "s", "min": 0.181698428998061, "p50": 8.264899811998475, "p90": 44.05145952780149, "p95": 45.47614243020071, "p99": 54.88277708916286, "max": 55.470523681004124}, "TPOT": {"unit": "ms", "min": 17.37128973866277, "p50": 110.11576101506519, "p90": 152.72411995478313, "p95": 157.2564842854217, "p99": 161.00997258593296, "max": 239.53087431138675}, "Input Tokens per Minute": {"unit": "tokens/min", "min": 1157627.9205156544, "p50": 1157627.9205156544, "p90": 1157627.9205156544, "p95": 1157627.9205156544, "p99": 1157627.9205156544, "max": 1157627.9205156544}, "Output Tokens per Minute": {"unit": "tokens/min", "min": 58283.140129092564, "p50": 58283.140129092564, "p90": 58283.140129092564, "p95": 58283.140129092564, "p99": 58283.140129092564, "max": 58283.140129092564}}
{"actual_qps": 4.639494736853373, "success_rate": 100.0, "input_tokens": 3908, "output_tokens": 199, "model": "QwQ-32B", "input_tokens_per_minute": 1149511.401136262, "output_tokens_per_minute": 58718.86699349766, "slo_seconds": 5.0, "slo_attainment": 0.0, "ttft_slo_ms": 1000, "ttft_slo_attainment": 13.712374581939798,