{"actual_qps": 5.4440130913174976, "success_rate": 100.0, "input_tokens": 3711, "output_tokens": 199, "model": "QwQ-32B", "input_tokens_per_minute": 437209.6811842703, "output_tokens_per_minute": 23526.055118988053, "slo_seconds": 5.0, "slo_attainment": 0.0, "ttft_slo_ms": 1000, "ttft_slo_attainment": 5.042016806722689, "tpot_slo_ms": 50, "tpot_slo_attainment": 13.445378151260504, "Latency": {"unit": "s", "min": 9.100645725004142, "p50": 20.455506997997873, "p90": 27.609895272002905, "p95": 27.63139441280582, "p99": 27.724403673518975, "max": 33.7488650400046}, "Throughput": {"unit": "tokens/s", "min": 5.92612521229759, "p50": 9.777318157871884, "p90": 14.601738863556559, "p95": 16.068619454452453, "p99": 20.966089792977453, "max": 21.97646255479404}, "TTFT": {"unit": "s", "min": 0.4599230849999003, "p50": 3.0745573329986655, "p90": 8.323058519397454, "p95": 9.278367469900695, "p99": 9.691679764480213, "max": 10.639991590003774}, "TPOT": {"unit": "ms", "min": 37.38702221104615, "p50": 85.2256395577862, "p90": 121.18464318592126, "p95": 126.60715832965037, "p99": 131.17221388613453, "max": 132.8933235929446}, "Input Tokens per Minute": {"unit": "tokens/min", "min": 437209.6811842703, "p50": 437209.6811842703, "p90": 437209.6811842703, "p95": 437209.6811842703, "p99": 437209.6811842703, "max": 437209.6811842703}, "Output Tokens per Minute": {"unit": "tokens/min", "min": 23526.055118988053, "p50": 23526.055118988053, "p90": 23526.055118988053, "p95": 23526.055118988053, "p99": 23526.055118988053, "max": 23526.055118988053}}
{"actual_qps": 5.634948268623671, "success_rate": 100.0, "input_tokens": 3855, "output_tokens": 199, "model": "QwQ-32B", "input_tokens_per_minute": 1406026.0673348212, "output_tokens_per_minute": 72697.71254394542, "slo_seconds": 5.0, "slo_attainment": 0.0, "ttft_slo_ms": 1000, "ttft_slo_attainment": 2.15633423180593, "tpot_slo_ms": 50, "tpot_slo_attainment": 1.6172506738544474, "Latency": {"unit": "s", "min": 10.445252603996778, "p50": 34.58964584599744, "p90": 47.43611507899914, "p95": 50.09330505649996, "p99": 54.160270350502834, "max": 55.76593596100429}, "Throughput": {"unit": "tokens/s", "min": 2.363196904123436, "p50": 5.77399569405336, "p90": 9.397032945937548, "p95": 11.321852968897417, "p99": 15.742206771498996, "max": 19.147454598031633}, "TTFT": {"unit": "s", "min": 0.3993564999982482, "p50": 7.268751846000669, "p90": 17.6872634080064, "p95": 20.341169507504674, "p99": 23.39796655200262, "max": 28.133092053001747}, "TPOT": {"unit": "ms", "min": 29.546048959792326, "p50": 128.5658575879321, "p90": 164.84082758293724, "p95": 170.6069243266221, "p99": 182.59925885275462, "max": 286.6516778648565}, "Input Tokens per Minute": {"unit": "tokens/min", "min": 1406026.0673348212, "p50": 1406026.0673348212, "p90": 1406026.0673348212, "p95": 1406026.0673348212, "p99": 1406026.0673348212, "max": 1406026.0673348212}, "Output Tokens per Minute": {"unit": "tokens/min", "min": 72697.71254394542, "p50": 72697.71254394542, "p90": 72697.71254394542, "p95": 72697.71254394542, "p99": 72697.71254394542, "max": 72697.71254394542}}
{"actual_qps": 5.452953636407501, "success_rate": 100.0, "input_tokens": 3687, "output_tokens": 199, "model": "QwQ-32B", "input_tokens_per_minute": 1156256.985328077, "output_tokens_per_minute": 62675.69495758108, "slo_seconds": 5.0, "slo_attainment": 0.0, "ttft_slo_ms": 1000, "ttft_slo_attainment": 1.5673981191222568, "tpot_slo_ms": 50, "tpot_slo_attainment": 3.1347962382445136, "Latency": {"unit": "s", "min": 9.976398686994798, "p50": 34.08845842899609, "p90": 51.271617733397576, "p95": 55.51766867310288, "p99": 65.38365023856022, "max": 72.94582199900469}, "Throughput": {"unit": "tokens/s", "min": 2.7417608646966634, "p50": 5.867088428671136, "p90": 10.398889946182495, "p95": 13.491842733176249, "p99": 18.06305587360062, "max": 20.047314293956532}, "TTFT": {"unit": "s", "min": 0.5372504249971826, "p50": 9.080841099996178, "p90": 27.208537047999563, "p95": 29.417043652696147, "p99": 36.76520919267959, "max": 44.90003614600573}, "TPOT": {"unit": "ms", "min": 33.64902691459037, "p50": 109.93324316581466, "p90": 152.02471526030624, "p95": 158.85965165879722, "p99": 164.38493186492565, "max": 186.98657927137415}, "Input Tokens per Minute": {"unit": "tokens/min", "min": 1156256.985328077, "p50": 1156256.985328077, "p90": 1156256.985328077, "p95": 1156256.985328077, "p99": 1156256.985328077, "max": 1156256.985328077}, "Output Tokens per Minute": {"unit": "tokens/min", "min": 62675.69495758108, "p50": 62675.69495758108, "p90": 62675.69495758108, "p95": 62675.69495758108, "p99": 62675.69495758108, "max": 62675.69495758108}}
{"actual_qps": 5.766620080161418, "success_rate": 100.0, "input_tokens": 3738, "output_tokens": 200, "model": "QwQ-32B", "input_tokens_per_minute": 1285881.762755793, "output_tokens_per_minute": 68798.78700063785, "slo_seconds": 5.0, "slo_attainment": 0.2857142857142857, "ttft_slo_ms": 1000, "ttft_slo_attainment": 13.428571428571429, "tpot_slo_ms": 50, "tpot_slo_attainment": 12.0, "Latency": {"unit": "s", "min": 4.510245669000142, "p50": 33.21062330699715, "p90": 60.09869984439938, "p95": 64.06679902869946, "p99": 69.47674314339324, "max": 74.72104554100224}, "Throughput": {"unit": "tokens/s", "min": 2.6766220755068595, "p50": 6.022176527195308, "p90": 19.52149049924069, "p95": 25.393800348121086, "p99": 34.147911702141165, "max": 44.34348252350014}, "TTFT": {"unit": "s", "min": 0.2289700690016616, "p50": 6.728260018502624, "p90": 38.7802784332016, "p95": 40.42364082585082, "p99": 43.24417927215085, "max": 49.04978527800267}, "TPOT": {"unit": "ms", "min": 21.073833723625945, "p50": 108.02435672111591, "p90": 150.01500055073464, "p95": 153.38808664221608, "p99": 157.55777974552538, "max": 160.1563291658192}, "Input Tokens per Minute": {"unit": "tokens/min", "min": 1285881.762755793, "p50": 1285881.762755793, "p90": 1285881.762755793, "p95": 1285881.762755793, "p99": 1285881.762755793, "max": 1285881.762755793}, "Output Tokens per Minute": {"unit": "tokens/min", "min": 68798.78700063785, "p50": 68798.78700063785, "p90": 68798.78700063785, "p95": 68798.78700063785, "p99": 68798.78700063785, "max": 68798.78700063785}}
{"actual_qps": 5.834773189395796, "success_rate": 100.0, "input_tokens": 3771, "output_tokens": 199, "model": "QwQ-32B", "input_tokens_per_minute": 1126771.7908992323, "output_tokens_per_minute": 59748.797990611085, "slo_seconds": 5.0, "slo_attainment": 0.0, "ttft_slo_ms": 1000, "ttft_slo_attainment": 7.894736842105263, "tpot_slo_ms": 50, "tpot_slo_attainment": 11.513157894736842, "Latency": {"unit": "s", "min": 6.230490367997845, "p50": 37.182637434503704, "p90": 71.12766597459776, "p95": 74.14157635015253, "p99": 78.15225817164988, "max": 81.74413243099843}, "Throughput": {"unit": "tokens/s", "min": 2.4466587882478694, "p50": 5.37885528093134, "p90": 17.18729912477481, "p95": 23.68312239354441, "p99": 28.312802116596696, "max": 32.100202100829115}, "TTFT": {"unit": "s", "min": 0.2712427629958256, "p50": 7.558251766000467, "p90": 46.990314430199945, "p95": 48.390574079499125, "p99": 49.45145825434992, "max": 49.54942124099762}, "TPOT": {"unit": "ms", "min": 27.843327884424546, "p50": 108.9208912537708, "p90": 154.12143397790447, "p95": 156.909049189926, "p99": 161.26759475506267, "max": 162.20419145225495}, "Input Tokens per Minute": {"unit": "tokens/min", "min": 1126771.7908992323, "p50": 1126771.7908992323, "p90": 1126771.7908992323, "p95": 1126771.7908992323, "p99": 1126771.7908992323, "max": 1126771.7908992323}, "Output Tokens per Minute": {"unit": "tokens/min", "min": 59748.797990611085, "p50": 59748.797990611085, "p90": 59748.797990611085, "p95": 59748.797990611085, "p99": 59748.797990611085, "max": 59748.797990611085}}
{"actual_qps": 5.821027169414556, "success_rate": 100.0, "input_tokens": 3777, "output_tokens": 199, "model": "QwQ-32B", "input_tokens_per_minute": 1265970.4109579942, "output_tokens_per_minute": 66873.40380443429, "slo_seconds": 5.0, "slo_attainment": 0.0,