{"actual_qps": 2.2235174667517006, "success_rate": 100.0, "input_tokens": 3116, "output_tokens": 197, "model": "QwQ-32B", "input_tokens_per_minute": 163248.6759489394, "output_tokens_per_minute": 10358.626705107255, "slo_seconds": 5.0, "slo_attainment": 0.0, "ttft_slo_ms": 1000, "ttft_slo_attainment": 13.20754716981132, "tpot_slo_ms": 50, "tpot_slo_attainment": 66.0377358490566, "Latency": {"unit": "s", "min": 6.510822771000676, "p50": 13.247166711000318, "p90": 34.09745829879976, "p95": 35.05457512420107, "p99": 37.411011022359304, "max": 37.99344916800328}, "Throughput": {"unit": "tokens/s", "min": 5.264065368627622, "p50": 15.094372145596635, "p90": 22.674030269196006, "p95": 24.993380632037596, "p99": 28.840650267553826, "max": 30.718083878861467}, "TTFT": {"unit": "s", "min": 0.3564869620022364, "p50": 3.5805632370029343, "p90": 6.176309725396277, "p95": 7.922878751001553, "p99": 12.38884356408, "max": 15.095947688998422}, "TPOT": {"unit": "ms", "min": 18.755816753770006, "p50": 44.27920379900419, "p90": 155.36990925128106, "p95": 159.84727284221984, "p99": 161.94332440522817, "max": 163.50314761305768}, "Input Tokens per Minute": {"unit": "tokens/min", "min": 163248.6759489394, "p50": 163248.6759489394, "p90": 163248.6759489394, "p95": 163248.6759489394, "p99": 163248.6759489394, "max": 163248.6759489394}, "Output Tokens per Minute": {"unit": "tokens/min", "min": 10358.626705107255, "p50": 10358.626705107255, "p90": 10358.626705107255, "p95": 10358.626705107255, "p99": 10358.626705107255, "max": 10358.626705107255}}
{"actual_qps": 2.040283205162953, "success_rate": 100.0, "input_tokens": 3744, "output_tokens": 199, "model": "QwQ-32B", "input_tokens_per_minute": 473205.8454748705, "output_tokens_per_minute": 25173.474894411356, "slo_seconds": 5.0, "slo_attainment": 0.0, "ttft_slo_ms": 1000, "ttft_slo_attainment": 4.6875, "tpot_slo_ms": 50, "tpot_slo_attainment": 5.46875, "Latency": {"unit": "s", "min": 7.266981141998258, "p50": 30.44420555350007, "p90": 41.36150103479959, "p95": 46.36360119889942, "p99": 48.0781100055328, "max": 49.37986970600468}, "Throughput": {"unit": "tokens/s", "min": 4.050233449191941, "p50": 6.55485601670375, "p90": 10.87828533028, "p95": 13.759583829688077, "p99": 26.832520523730068, "max": 27.521744737183184}, "TTFT": {"unit": "s", "min": 0.48862776099849725, "p50": 5.090584193003451, "p90": 15.211018269001212, "p95": 18.795736666397715, "p99": 19.95917700678925, "max": 20.14237292799953}, "TPOT": {"unit": "ms", "min": 23.853741829130264, "p50": 120.84863097988635, "p90": 153.64164440151805, "p95": 159.2606360404565, "p99": 176.68772158736434, "max": 185.53057759800598}, "Input Tokens per Minute": {"unit": "tokens/min", "min": 473205.8454748705, "p50": 473205.8454748705, "p90": 473205.8454748705, "p95": 473205.8454748705, "p99": 473205.8454748705, "max": 473205.8454748705}, "Output Tokens per Minute": {"unit": "tokens/min", "min": 25173.474894411356, "p50": 25173.474894411356, "p90": 25173.474894411356, "p95": 25173.474894411356, "p99": 25173.474894411356, "max": 25173.474894411356}}
{"actual_qps": 2.026136692202812, "success_rate": 100.0, "input_tokens": 3592, "output_tokens": 197, "model": "QwQ-32B", "input_tokens_per_minute": 393698.9706710971, "output_tokens_per_minute": 21665.83317121266, "slo_seconds": 5.0, "slo_attainment": 0.0, "ttft_slo_ms": 1000, "ttft_slo_attainment": 2.7027027027027026, "tpot_slo_ms": 50, "tpot_slo_attainment": 4.504504504504505, "Latency": {"unit": "s", "min": 6.7803938669967465, "p50": 33.200590189997456, "p90": 49.70076904400048, "p95": 55.15370007599995, "p99": 57.62396325540176, "max": 60.60585529400123}, "Throughput": {"unit": "tokens/s", "min": 1.5963571640352234, "p50": 6.022505631741972, "p90": 12.479268473625647, "p95": 16.483615134625506, "p99": 28.79981213136506, "max": 29.496811530889193}, "TTFT": {"unit": "s", "min": 0.40638200199464336, "p50": 7.518084467003064, "p90": 28.016544706995774, "p95": 29.85527238799841, "p99": 30.71851172530296, "max": 30.74019353100448}, "TPOT": {"unit": "ms", "min": 21.672798648215398, "p50": 97.25353792461861, "p90": 149.78706310052735, "p95": 154.02506007537235, "p99": 166.1797550321591, "max": 263.7384357174438}, "Input Tokens per Minute": {"unit": "tokens/min", "min": 393698.9706710971, "p50": 393698.9706710971, "p90": 393698.9706710971, "p95": 393698.9706710971, "p99": 393698.9706710971, "max": 393698.9706710971}, "Output Tokens per Minute": {"unit": "tokens/min", "min": 21665.83317121266, "p50": 21665.83317121266, "p90": 21665.83317121266, "p95": 21665.83317121266, "p99": 21665.83317121266, "max": 21665.83317121266}}
{"actual_qps": 2.0655734327876463, "success_rate": 100.0, "input_tokens": 3706, "output_tokens": 197, "model": "QwQ-32B", "input_tokens_per_minute": 430180.2575379415, "output_tokens_per_minute": 22927.865103942873, "slo_seconds": 5.0, "slo_attainment": 0.0, "ttft_slo_ms": 1000, "ttft_slo_attainment": 13.559322033898304, "tpot_slo_ms": 50, "tpot_slo_attainment": 7.627118644067797, "Latency": {"unit": "s", "min": 6.499137450999115, "p50": 37.40817959299966, "p90": 60.368905760602495, "p95": 67.03420881685233, "p99": 72.14844164490758, "max": 72.14923765500134}, "Throughput": {"unit": "tokens/s", "min": 0.6298746432467186, "p50": 5.347370202368465, "p90": 10.281516110560426, "p95": 19.30323135724174, "p99": 24.873334903610097, "max": 30.77331438331927}, "TTFT": {"unit": "s", "min": 0.17197341000428423, "p50": 7.284794264000084, "p90": 39.52064168359575, "p95": 40.184830913051336, "p99": 40.93793414657237, "max": 41.00792265100608}, "TPOT": {"unit": "ms", "min": 29.525158226122347, "p50": 121.40849317588459, "p90": 157.4147397010229, "p95": 159.04782586580743, "p99": 163.50353325196133, "max": 584.5131237949364}, "Input Tokens per Minute": {"unit": "tokens/min", "min": 430180.2575379415, "p50": 430180.2575379415, "p90": 430180.2575379415, "p95": 430180.2575379415, "p99": 430180.2575379415, "max": 430180.2575379415}, "Output Tokens per Minute": {"unit": "tokens/min", "min": 22927.865103942873, "p50": 22927.865103942873, "p90": 22927.865103942873, "p95": 22927.865103942873, "p99": 22927.865103942873, "max": 22927.865103942873}}
{"actual_qps": 2.3333170120529694, "success_rate": 100.0, "input_tokens": 3748, "output_tokens": 199, "model": "QwQ-32B", "input_tokens_per_minute": 497752.0497692014, "output_tokens_per_minute": 26471.798950768538, "slo_seconds": 5.0, "slo_attainment": 0.0, "ttft_slo_ms": 1000, "ttft_slo_attainment": 8.148148148148149, "tpot_slo_ms": 50, "tpot_slo_attainment": 5.9259259259259265, "Latency": {"unit": "s", "min": 7.412099936998857, "p50": 34.56374654999672, "p90": 67.59937904879918, "p95": 72.82927270330038, "p99": 77.9974116590603, "max": 78.58922819900181}, "Throughput": {"unit": "tokens/s", "min": 1.8314433060271158, "p50": 5.786409749032805, "p90": 11.25903645369747, "p95": 17.476504481609034, "p99": 23.486539033532132, "max": 26.98290655818917}, "TTFT": {"unit": "s", "min": 0.2758488910039887, "p50": 5.740595962997759, "p90": 44.07919270920102, "p95": 47.29083990089857, "p99": 48.303065198537226, "max": 48.34624409300159}, "TPOT": {"unit": "ms", "min": 35.71503787434861, "p50": 110.84409534672905, "p90": 156.50007039699477, "p95": 159.30693711456317, "p99": 169.4714141879482, "max": 221.59680839843077}, "Input Tokens per Minute": {"unit": "tokens/min", "min": 497752.0497692014, "p50": 497752.0497692014, "p90": 497752.0497692014, "p95": 497752.0497692014, "p99": 497752.0497692014, "max": 497752.0497692014}, "Output Tokens per Minute": {"unit": "tokens/min", "min": 26471.798950768538, "p50": 26471.798950768538, "p90": 26471.798950768538, "p95": 26471.798950768538, "p99": 26471.798950768538, "max": 26471.798950768538}}
{"actual_qps": 2.2499961163942954, "success_rate": 100.0, "input_tokens": 3557, "output_tokens": 200, "model": "QwQ-32B", "input_tokens_per_minute": 454890.41743246117, "output_tokens_per_minute": 25573.76631070419, "slo_seconds": 5.0, "slo_attainment": 0.0, "ttft_slo_ms": 1000,