{"target_qps": 5.0, "actual_qps": 4.991815089725607, "success_rate": 100.0, "input_tokens": 4039, "output_tokens": 200, "model": "QwQ-32B", "input_tokens_per_minute": 1211980.4020100504, "output_tokens_per_minute": 60000.0, "slo_seconds": 5.0, "slo_attainment": 0.0, "ttft_slo_ms": 1000, "ttft_slo_attainment": 0.5025125628140703, "tpot_slo_ms": 50, "tpot_slo_attainment": 36.18090452261307, "Latency": {"unit": "s", "min": 9.72110919500119, "p50": 17.756838646997494, "p90": 24.982336783398935, "p95": 28.23342033790104, "p99": 30.543665670339035, "max": 31.994714511001803}, "Throughput": {"unit": "tokens/s", "min": 6.251032492608346, "p50": 11.263266168937005, "p90": 15.473537981864144, "p95": 17.2381333753923, "p99": 19.33972008239069, "max": 20.57378391581533}, "TTFT": {"unit": "s", "min": 0.34994025099877035, "p50": 6.287150273998122, "p90": 14.174626046000782, "p95": 17.51621222249814, "p99": 20.770081589120892, "max": 21.734583217999898}, "TPOT": {"unit": "ms", "min": 9.029368497497092, "p50": 54.78193897487924, "p90": 66.93212081607354, "p95": 70.03570748542617, "p99": 75.55641560120696, "max": 81.436107180899}, "Input Tokens per Minute": {"unit": "tokens/min", "min": 1211980.4020100504, "p50": 1211980.4020100504, "p90": 1211980.4020100504, "p95": 1211980.4020100504, "p99": 1211980.4020100504, "max": 1211980.4020100504}, "Output Tokens per Minute": {"unit": "tokens/min", "min": 60000.0, "p50": 60000.0, "p90": 60000.0, "p95": 60000.0, "p99": 60000.0, "max": 60000.0}}
{"target_qps": 5.0, "actual_qps": 4.99648942364449, "success_rate": 100.0, "input_tokens": 3953, "output_tokens": 199, "model": "QwQ-32B", "input_tokens_per_minute": 1407772.18716135, "output_tokens_per_minute": 70973.69306247485, "slo_seconds": 5.0, "slo_attainment": 0.5571030640668524, "ttft_slo_ms": 1000, "ttft_slo_attainment": 9.47075208913649, "tpot_slo_ms": 50, "tpot_slo_attainment": 89.13649025069638, "Latency": {"unit": "s", "min": 4.463853224999184, "p50": 11.839141232998372, "p90": 22.250790831199993, "p95": 24.2773731338988, "p99": 27.876569960158523, "max": 31.888016691998928}, "Throughput": {"unit": "tokens/s", "min": 2.8223768467413666, "p50": 16.893117166518348, "p90": 28.69580085533486, "p95": 32.19387295488982, "p99": 39.34968378609824, "max": 44.804340536988995}, "TTFT": {"unit": "s", "min": 0.1701639749990136, "p50": 4.409200409998448, "p90": 13.506044773398024, "p95": 15.884858044800417, "p99": 20.13298267654035, "max": 25.990581994999957}, "TPOT": {"unit": "ms", "min": 12.377067839183631, "p50": 33.91095135175511, "p90": 51.10509442914661, "p95": 55.29369470652874, "p99": 60.971897530144865, "max": 119.00857616438608}, "Input Tokens per Minute": {"unit": "tokens/min", "min": 1407772.18716135, "p50": 1407772.18716135, "p90": 1407772.18716135, "p95": 1407772.18716135, "p99": 1407772.18716135, "max": 1407772.18716135}, "Output Tokens per Minute": {"unit": "tokens/min", "min": 70973.69306247485, "p50": 70973.69306247485, "p90": 70973.69306247485, "p95": 70973.69306247485, "p99": 70973.69306247485, "max": 70973.69306247485}}
{"target_qps": 5.0, "actual_qps": 4.99994003230265, "success_rate": 100.0, "input_tokens": 4104, "output_tokens": 199, "model": "QwQ-32B", "input_tokens_per_minute": 1231329.1666666667, "output_tokens_per_minute": 59881.25, "slo_seconds": 5.0, "slo_attainment": 0.6944444444444444, "ttft_slo_ms": 1000, "ttft_slo_attainment": 18.75, "tpot_slo_ms": 50, "tpot_slo_attainment": 99.65277777777779, "Latency": {"unit": "s", "min": 4.341644866999559, "p50": 8.435650030998659, "p90": 10.985472808800115, "p95": 12.48836756475048, "p99": 16.268700582378944, "max": 18.746713259999524}, "Throughput": {"unit": "tokens/s", "min": 10.668536784351769, "p50": 23.6869423682817, "p90": 32.56116065269928, "p95": 34.55219776006545, "p99": 38.37401988861891, "max": 46.06549041359451}, "TTFT": {"unit": "s", "min": 0.1967094379979244, "p50": 1.9801100229997246, "p90": 4.057791182599249, "p95": 5.3725238198003336, "p99": 9.404805877908254, "max": 11.784055632997479}, "TPOT": {"unit": "ms", "min": 18.380865819093213, "p50": 32.39868924623322, "p90": 38.612965503525814, "p95": 39.59226495904869, "p99": 41.593505313365895, "max": 50.602794422107145}, "Input Tokens per Minute": {"unit": "tokens/min", "min": 1231329.1666666667, "p50": 1231329.1666666667, "p90": 1231329.1666666667, "p95": 1231329.1666666667, "p99": 1231329.1666666667, "max": 1231329.1666666667}, "Output Tokens per Minute": {"unit": "tokens/min", "min": 59881.25, "p50": 59881.25, "p90": 59881.25, "p95": 59881.25, "p99": 59881.25, "max": 59881.25}}
{"target_qps": 5.0, "actual_qps": 4.999951444721273, "success_rate": 100.0, "input_tokens": 3933, "output_tokens": 199, "model": "QwQ-32B", "input_tokens_per_minute": 1236768.4702088279, "output_tokens_per_minute": 62767.94245603981, "slo_seconds": 5.0, "slo_attainment": 8.201892744479496, "ttft_slo_ms": 1000, "ttft_slo_attainment": 70.97791798107255, "tpot_slo_ms": 50, "tpot_slo_attainment": 100.0, "Latency": {"unit": "s", "min": 3.7386560589984583, "p50": 7.025167011997837, "p90": 9.11518445800175, "p95": 10.157106248199124, "p99": 12.787295184680698, "max": 15.406206089999614}, "Throughput": {"unit": "tokens/s", "min": 12.981781421827327, "p50": 28.392233935672508, "p90": 37.38659959352138, "p95": 41.3245346793693, "p99": 49.420683364056295, "max": 53.4951589137562}, "TTFT": {"unit": "s", "min": 0.03381700400132104, "p50": 0.6828696019983909, "p90": 1.8937901310004253, "p95": 2.858492192000267, "p99": 6.493658837842919, "max": 7.9402110839982925}, "TPOT": {"unit": "ms", "min": 18.476641055269795, "p50": 32.330638351764655, "p90": 37.96760383819349, "p95": 39.30833964824256, "p99": 42.445217228149275, "max": 45.4578662311498}, "Input Tokens per Minute": {"unit": "tokens/min", "min": 1236768.4702088279, "p50": 1236768.4702088279, "p90": 1236768.4702088279, "p95": 1236768.4702088279, "p99": 1236768.4702088279, "max": 1236768.4702088279}, "Output Tokens per Minute": {"unit": "tokens/min", "min": 62767.94245603981, "p50": 62767.94245603981, "p90": 62767.94245603981, "p95": 62767.94245603981, "p99": 62767.94245603981, "max": 62767.94245603981}}
{"target_qps": 5.0, "actual_qps": 4.999985496042057, "success_rate": 100.0, "input_tokens": 3933, "output_tokens": 199, "model": "QwQ-32B", "input_tokens_per_minute": 1209186.8736272997, "output_tokens_per_minute": 61474.69870564202, "slo_seconds": 5.0, "slo_attainment": 8.064516129032258, "ttft_slo_ms": 1000, "ttft_slo_attainment": 80.64516129032258, "tpot_slo_ms": 50, "tpot_slo_attainment": 100.0, "Latency": {"unit": "s", "min": 3.720457131999865, "p50": 6.524565745499785, "p90": 7.9842325357007216, "p95": 8.322105573649788, "p99": 8.772188478677927, "max": 9.353011717001209}, "Throughput": {"unit": "tokens/s", "min": 21.383486523004656, "p50": 30.653381716392538, "p90": 39.334042314819676, "p95": 42.904009366388884, "p99": 51.83511937896541, "max": 53.75683495444378}, "TTFT": {"unit": "s", "min": 0.03858350600057747, "p50": 0.4401694865009631, "p90": 1.2097192978995737, "p95": 1.4498654403487312, "p99": 1.812947683188977, "max": 1.9844713269994827}, "TPOT": {"unit": "ms", "min": 18.280171025125394, "p50": 30.36953764824112, "p90": 35.73990874321873, "p95": 37.28666256205881, "p99": 39.6328576120135, "max": 39.72946204020669}, "Input Tokens per Minute": {"unit": "tokens/min", "min": 1209186.8736272997, "p50": 1209186.8736272997, "p90": 1209186.8736272997, "p95": 1209186.8736272997, "p99": 1209186.8736272997, "max": 1209186.8736272997}, "Output Tokens per Minute": {"unit": "tokens/min", "min": 61474.69870564202, "p50": 61474.69870564202, "p90": 61474.69870564202, "p95": 61474.69870564202, "p99": 61474.69870564202, "max": 61474.69870564202}}
{"target_qps": 5.0, "actual_qps": 4.999981012405698, "success_rate": 100.0, "input_tokens": 3975, "output_tokens": 200, "model": "QwQ-32B", "input_tokens_per_minute": 1206419.8873822002, "output_tokens_per_minute": 60695.18215057096, "slo_seconds": 5.0, "slo_attainment": 10.457516339869281,