{"target_qps": 5.0, "actual_qps": 4.990284682689635, "success_rate": 100.0, "input_tokens": 4149, "output_tokens": 199, "model": "QwQ-32B", "input_tokens_per_minute": 1244723.1818181819, "output_tokens_per_minute": 59930.45454545455, "slo_seconds": 5.0, "slo_attainment": 0.0, "ttft_slo_ms": 1000, "ttft_slo_attainment": 0.9090909090909091, "tpot_slo_ms": 50, "tpot_slo_attainment": 43.18181818181818, "Latency": {"unit": "s", "min": 8.233739422001236, "p50": 16.878966595002566, "p90": 20.84383155799951, "p95": 22.455488898502878, "p99": 24.08224454087278, "max": 30.31078716099728}, "Throughput": {"unit": "tokens/s", "min": 6.598310988681682, "p50": 11.84907475879967, "p90": 17.183735780918447, "p95": 19.506941695403608, "p99": 23.592986630574007, "max": 24.29029991714134}, "TTFT": {"unit": "s", "min": 0.48507463600253686, "p50": 4.934840392004844, "p90": 10.911611696699401, "p95": 12.852259092295935, "p99": 15.053361529748363, "max": 16.424068840002292}, "TPOT": {"unit": "ms", "min": 18.273764150758304, "p50": 54.8107787487685, "p90": 70.49317513164759, "p95": 74.90593716506942, "p99": 77.18902756606408, "max": 78.00862615577492}, "Input Tokens per Minute": {"unit": "tokens/min", "min": 1244723.1818181819, "p50": 1244723.1818181819, "p90": 1244723.1818181819, "p95": 1244723.1818181819, "p99": 1244723.1818181819, "max": 1244723.1818181819}, "Output Tokens per Minute": {"unit": "tokens/min", "min": 59930.45454545455, "p50": 59930.45454545455, "p90": 59930.45454545455, "p95": 59930.45454545455, "p99": 59930.45454545455, "max": 59930.45454545455}}
{"target_qps": 5.0, "actual_qps": 4.996198960817934, "success_rate": 100.0, "input_tokens": 4167, "output_tokens": 199, "model": "QwQ-32B", "input_tokens_per_minute": 1250135.1724137932, "output_tokens_per_minute": 59942.06896551724, "slo_seconds": 5.0, "slo_attainment": 0.0, "ttft_slo_ms": 1000, "ttft_slo_attainment": 5.517241379310345, "tpot_slo_ms": 50, "tpot_slo_attainment": 82.41379310344827, "Latency": {"unit": "s", "min": 6.680139723001048, "p50": 13.570805857503728, "p90": 20.13188809030254, "p95": 22.314873442702446, "p99": 26.090243711460936, "max": 28.642561073000252}, "Throughput": {"unit": "tokens/s", "min": 6.982615817428731, "p50": 14.737519776764977, "p90": 22.551189668521317, "p95": 24.814979251436146, "p99": 28.451451344105458, "max": 29.939493527562046}, "TTFT": {"unit": "s", "min": 0.26868158700381173, "p50": 5.7375872425000125, "p90": 11.351450113198375, "p95": 13.206719052503106, "p99": 16.93942141501947, "max": 21.26519827899756}, "TPOT": {"unit": "ms", "min": 14.242923095503215, "p50": 39.08750055777991, "p90": 53.196838338187064, "p95": 58.33579148115425, "p99": 64.45761939657284, "max": 66.62022377889083}, "Input Tokens per Minute": {"unit": "tokens/min", "min": 1250135.1724137932, "p50": 1250135.1724137932, "p90": 1250135.1724137932, "p95": 1250135.1724137932, "p99": 1250135.1724137932, "max": 1250135.1724137932}, "Output Tokens per Minute": {"unit": "tokens/min", "min": 59942.06896551724, "p50": 59942.06896551724, "p90": 59942.06896551724, "p95": 59942.06896551724, "p99": 59942.06896551724, "max": 59942.06896551724}}
{"target_qps": 5.0, "actual_qps": 4.996740257403834, "success_rate": 100.0, "input_tokens": 4115, "output_tokens": 199, "model": "QwQ-32B", "input_tokens_per_minute": 1234658.940397351, "output_tokens_per_minute": 59887.74834437086, "slo_seconds": 5.0, "slo_attainment": 0.33112582781456956, "ttft_slo_ms": 1000, "ttft_slo_attainment": 0.9933774834437087, "tpot_slo_ms": 50, "tpot_slo_attainment": 37.41721854304636, "Latency": {"unit": "s", "min": 4.653631162000238, "p50": 19.22958469150035, "p90": 31.879696539403827, "p95": 35.742221167798554, "p99": 40.71423764233769, "max": 43.08473254799901}, "Throughput": {"unit": "tokens/s", "min": 4.642015585850228, "p50": 10.400672403531622, "p90": 16.255658948871734, "p95": 17.73573303276793, "p99": 27.16771987023006, "max": 42.97719201150342}, "TTFT": {"unit": "s", "min": 0.8024708579978324, "p50": 6.609594561497943, "p90": 16.036183910699773, "p95": 19.640724125700213, "p99": 23.532693010330846, "max": 27.73557809599879}, "TPOT": {"unit": "ms", "min": 17.957876989970114, "p50": 57.23994604772426, "p90": 94.26974433717531, "p95": 101.25765760930148, "p99": 114.693212118383, "max": 120.32258044222655}, "Input Tokens per Minute": {"unit": "tokens/min", "min": 1234658.940397351, "p50": 1234658.940397351, "p90": 1234658.940397351, "p95": 1234658.940397351, "p99": 1234658.940397351, "max": 1234658.940397351}, "Output Tokens per Minute": {"unit": "tokens/min", "min": 59887.74834437086, "p50": 59887.74834437086, "p90": 59887.74834437086, "p95": 59887.74834437086, "p99": 59887.74834437086, "max": 59887.74834437086}}
{"target_qps": 5.0, "actual_qps": 4.999943735050234, "success_rate": 100.0, "input_tokens": 4224, "output_tokens": 200, "model": "QwQ-32B", "input_tokens_per_minute": 1486922.0786580988, "output_tokens_per_minute": 70392.7574445624, "slo_seconds": 5.0, "slo_attainment": 0.28169014084507044, "ttft_slo_ms": 1000, "ttft_slo_attainment": 31.549295774647888, "tpot_slo_ms": 50, "tpot_slo_attainment": 55.49295774647888, "Latency": {"unit": "s", "min": 4.421919813998102, "p50": 11.562663181997777, "p90": 19.399359309602005, "p95": 20.66981485280412, "p99": 23.990219630360222, "max": 31.99041652300366}, "Throughput": {"unit": "tokens/s", "min": 6.251872333584155, "p50": 17.29705318333456, "p90": 27.083331100687545, "p95": 28.443013453906914, "p99": 31.2159380627587, "max": 45.22922359805728}, "TTFT": {"unit": "s", "min": 0.05696691899356665, "p50": 1.807841419999022, "p90": 6.887802819398349, "p95": 8.413193523999508, "p99": 12.43321234477929, "max": 19.883221452000726}, "TPOT": {"unit": "ms", "min": 21.672056904518932, "p50": 47.02106410553111, "p90": 67.77669614873857, "p95": 72.59636935077424, "p99": 86.59830317788722, "max": 91.54355736680729}, "Input Tokens per Minute": {"unit": "tokens/min", "min": 1486922.0786580988, "p50": 1486922.0786580988, "p90": 1486922.0786580988, "p95": 1486922.0786580988, "p99": 1486922.0786580988, "max": 1486922.0786580988}, "Output Tokens per Minute": {"unit": "tokens/min", "min": 70392.7574445624, "p50": 70392.7574445624, "p90": 70392.7574445624, "p95": 70392.7574445624, "p99": 70392.7574445624, "max": 70392.7574445624}}
{"target_qps": 5.0, "actual_qps": 4.999873365040185, "success_rate": 100.0, "input_tokens": 4036, "output_tokens": 200, "model": "QwQ-32B", "input_tokens_per_minute": 1210916.9491525425, "output_tokens_per_minute": 60000.0, "slo_seconds": 5.0, "slo_attainment": 0.0, "ttft_slo_ms": 1000, "ttft_slo_attainment": 76.27118644067797, "tpot_slo_ms": 50, "tpot_slo_attainment": 100.0, "Latency": {"unit": "s", "min": 5.734543542996107, "p50": 7.7954305759994895, "p90": 9.033839701996476, "p95": 9.290507046601125, "p99": 9.876904516565265, "max": 10.102536278995103}, "Throughput": {"unit": "tokens/s", "min": 19.797008837853333, "p50": 25.656055563596247, "p90": 29.633803905232124, "p95": 30.91391519993417, "p99": 32.76228460642741, "max": 34.87635912090515}, "TTFT": {"unit": "s", "min": 0.044937728001968935, "p50": 0.7114579589979257, "p90": 1.3279514072040912, "p95": 1.6190815153000586, "p99": 1.9693134501564784, "max": 2.260826107005414}, "TPOT": {"unit": "ms", "min": 27.832712180913664, "p50": 35.43924109047354, "p90": 40.51851872060782, "p95": 41.65616560705128, "p99": 43.77462213136777, "max": 44.972579020084865}, "Input Tokens per Minute": {"unit": "tokens/min", "min": 1210916.9491525425, "p50": 1210916.9491525425, "p90": 1210916.9491525425, "p95": 1210916.9491525425, "p99": 1210916.9491525425, "max": 1210916.9491525425}, "Output Tokens per Minute": {"unit": "tokens/min", "min": 60000.0, "p50": 60000.0, "p90": 60000.0, "p95": 60000.0, "p99": 60000.0, "max": 60000.0}}
{"target_qps": 5.0, "actual_qps": 4.999951111644733, "success_rate": 100.0, "input_tokens": 4036, "output_tokens": 199, "model": "QwQ-32B", "input_tokens_per_minute": 1216601.992703524,