{"target_qps": 5.0, "actual_qps": 4.997051620656706, "success_rate": 100.0, "input_tokens": 3843, "output_tokens": 199, "model": "QwQ-32B", "input_tokens_per_minute": 1153154.4117647058, "output_tokens_per_minute": 59729.41176470588, "slo_seconds": 5.0, "slo_attainment": 0.0, "ttft_slo_ms": 1000, "ttft_slo_attainment": 2.450980392156863, "tpot_slo_ms": 50, "tpot_slo_attainment": 55.392156862745104, "Latency": {"unit": "s", "min": 5.716326565998315, "p50": 15.050538879499072, "p90": 24.052267692401816, "p95": 26.402856887699446, "p99": 31.02594373683052, "max": 31.116658111001016}, "Throughput": {"unit": "tokens/s", "min": 4.023562988302299, "p50": 13.258479340946156, "p90": 16.19291258113727, "p95": 17.036315147755154, "p99": 21.80055003881847, "max": 23.30463206588096}, "TTFT": {"unit": "s", "min": 0.23024097499728668, "p50": 6.831254951499432, "p90": 11.016899433498475, "p95": 13.058590701996216, "p99": 17.29022917430979, "max": 18.560810835995653}, "TPOT": {"unit": "ms", "min": 16.348611402020254, "p50": 43.67417040202096, "p90": 69.06462808290043, "p95": 73.30930744799149, "p99": 79.3935317894271, "max": 120.76834968188037}, "Input Tokens per Minute": {"unit": "tokens/min", "min": 1153154.4117647058, "p50": 1153154.4117647058, "p90": 1153154.4117647058, "p95": 1153154.4117647058, "p99": 1153154.4117647058, "max": 1153154.4117647058}, "Output Tokens per Minute": {"unit": "tokens/min", "min": 59729.41176470588, "p50": 59729.41176470588, "p90": 59729.41176470588, "p95": 59729.41176470588, "p99": 59729.41176470588, "max": 59729.41176470588}}
{"target_qps": 5.0, "actual_qps": 4.989156106083657, "success_rate": 100.0, "input_tokens": 3921, "output_tokens": 199, "model": "QwQ-32B", "input_tokens_per_minute": 1261328.9647099227, "output_tokens_per_minute": 64021.16638602683, "slo_seconds": 5.0, "slo_attainment": 0.0, "ttft_slo_ms": 1000, "ttft_slo_attainment": 2.1604938271604937, "tpot_slo_ms": 50, "tpot_slo_attainment": 73.4567901234568, "Latency": {"unit": "s", "min": 6.058887020000839, "p50": 14.39491594899664, "p90": 23.88004559189867, "p95": 25.90980286255071, "p99": 32.067071995022836, "max": 34.361926442994445}, "Throughput": {"unit": "tokens/s", "min": 3.908623992610272, "p50": 13.893794455608633, "p90": 21.21749588041847, "p95": 22.848947749980997, "p99": 28.130411455747236, "max": 33.009362831784955}, "TTFT": {"unit": "s", "min": 0.3830041990004247, "p50": 6.468248520002817, "p90": 13.320733262097923, "p95": 16.20735235400243, "p99": 20.685785147713087, "max": 22.782263030996546}, "TPOT": {"unit": "ms", "min": 20.095811169486, "p50": 39.70240312059899, "p90": 63.85123948291299, "p95": 68.51386557689545, "p99": 75.58948119068553, "max": 95.4951846210813}, "Input Tokens per Minute": {"unit": "tokens/min", "min": 1261328.9647099227, "p50": 1261328.9647099227, "p90": 1261328.9647099227, "p95": 1261328.9647099227, "p99": 1261328.9647099227, "max": 1261328.9647099227}, "Output Tokens per Minute": {"unit": "tokens/min", "min": 64021.16638602683, "p50": 64021.16638602683, "p90": 64021.16638602683, "p95": 64021.16638602683, "p99": 64021.16638602683, "max": 64021.16638602683}}
{"target_qps": 5.0, "actual_qps": 4.9990737440386335, "success_rate": 100.0, "input_tokens": 3999, "output_tokens": 198, "model": "QwQ-32B", "input_tokens_per_minute": 1262571.9399342397, "output_tokens_per_minute": 62700.7534081182, "slo_seconds": 5.0, "slo_attainment": 0.0, "ttft_slo_ms": 1000, "ttft_slo_attainment": 2.20125786163522, "tpot_slo_ms": 50, "tpot_slo_attainment": 45.28301886792453, "Latency": {"unit": "s", "min": 5.997946007002611, "p50": 18.016201736001676, "p90": 28.223683914698633, "p95": 30.779967706602466, "p99": 38.169779189633296, "max": 58.912544224003796}, "Throughput": {"unit": "tokens/s", "min": 1.5553682679843261, "p50": 11.101119114118493, "p90": 17.89175607635187, "p95": 19.776132531316893, "p99": 23.724487832809597, "max": 28.094709592269428}, "TTFT": {"unit": "s", "min": 0.3416421499932767, "p50": 6.368871876496996, "p90": 15.076248245401809, "p95": 17.923781560803377, "p99": 27.60358585726444, "max": 51.22090991400182}, "TPOT": {"unit": "ms", "min": 23.91898826632067, "p50": 51.67073495978921, "p90": 83.4901636231067, "p95": 93.1534910635289, "p99": 101.82912531596905, "max": 126.47016104165232}, "Input Tokens per Minute": {"unit": "tokens/min", "min": 1262571.9399342397, "p50": 1262571.9399342397, "p90": 1262571.9399342397, "p95": 1262571.9399342397, "p99": 1262571.9399342397, "max": 1262571.9399342397}, "Output Tokens per Minute": {"unit": "tokens/min", "min": 62700.7534081182, "p50": 62700.7534081182, "p90": 62700.7534081182, "p95": 62700.7534081182, "p99": 62700.7534081182, "max": 62700.7534081182}}
{"target_qps": 5.0, "actual_qps": 4.9999206807577865, "success_rate": 100.0, "input_tokens": 3931, "output_tokens": 199, "model": "QwQ-32B", "input_tokens_per_minute": 1179579.9331103677, "output_tokens_per_minute": 59928.76254180602, "slo_seconds": 5.0, "slo_attainment": 0.33444816053511706, "ttft_slo_ms": 1000, "ttft_slo_attainment": 28.093645484949832, "tpot_slo_ms": 50, "tpot_slo_attainment": 47.82608695652174, "Latency": {"unit": "s", "min": 4.448472055999446, "p50": 11.877784611002426, "p90": 16.723862750997068, "p95": 18.32430220980095, "p99": 20.641605133277036, "max": 21.802130365002085}, "Throughput": {"unit": "tokens/s", "min": 9.173415471409639, "p50": 16.652841845114555, "p90": 23.636447721737106, "p95": 26.57473495490304, "p99": 32.85849676125108, "max": 44.95925735450431}, "TTFT": {"unit": "s", "min": 0.08091946100466885, "p50": 1.716845930001, "p90": 4.186572735205118, "p95": 4.958438082802599, "p99": 6.765032568203303, "max": 7.821239693999814}, "TPOT": {"unit": "ms", "min": 21.77663946228983, "p50": 51.150625798991356, "p90": 70.05850072262308, "p95": 74.12613612212763, "p99": 90.90194575145611, "max": 91.50657312058692}, "Input Tokens per Minute": {"unit": "tokens/min", "min": 1179579.9331103677, "p50": 1179579.9331103677, "p90": 1179579.9331103677, "p95": 1179579.9331103677, "p99": 1179579.9331103677, "max": 1179579.9331103677}, "Output Tokens per Minute": {"unit": "tokens/min", "min": 59928.76254180602, "p50": 59928.76254180602, "p90": 59928.76254180602, "p95": 59928.76254180602, "p99": 59928.76254180602, "max": 59928.76254180602}}
{"target_qps": 5.0, "actual_qps": 4.999914200389129, "success_rate": 100.0, "input_tokens": 3971, "output_tokens": 198, "model": "QwQ-32B", "input_tokens_per_minute": 1261784.656106058, "output_tokens_per_minute": 63185.23576392227, "slo_seconds": 5.0, "slo_attainment": 0.625, "ttft_slo_ms": 1000, "ttft_slo_attainment": 70.625, "tpot_slo_ms": 50, "tpot_slo_attainment": 97.1875, "Latency": {"unit": "s", "min": 2.8338631940059713, "p50": 7.648081041999831, "p90": 9.377563648097567, "p95": 9.927051529597886, "p99": 17.802188727961767, "max": 20.023970358997758}, "Throughput": {"unit": "tokens/s", "min": 9.988029167758437, "p50": 26.082259226142952, "p90": 29.44604017535757, "p95": 30.162353722947753, "p99": 31.684104696467557, "max": 32.03937847740543}, "TTFT": {"unit": "s", "min": 0.05432986599771539, "p50": 0.7316690965017187, "p90": 1.5149783607004794, "p95": 2.267950457348707, "p99": 5.665600666271058, "max": 9.667527172998234}, "TPOT": {"unit": "ms", "min": 28.584167341698468, "p50": 34.77912576632643, "p90": 41.886714134190115, "p95": 43.71119700479164, "p99": 63.75009963953868, "max": 70.38201340703071}, "Input Tokens per Minute": {"unit": "tokens/min", "min": 1261784.656106058, "p50": 1261784.656106058, "p90": 1261784.656106058, "p95": 1261784.656106058, "p99": 1261784.656106058, "max": 1261784.656106058}, "Output Tokens per Minute": {"unit": "tokens/min", "min": 63185.23576392227, "p50": 63185.23576392227, "p90": 63185.23576392227, "p95": 63185.23576392227, "p99": 63185.23576392227, "max": 63185.23576392227}}
{"target_qps": 5.0, "actual_qps": 4.999967952372134, "success_rate": 100.0, "input_tokens": 3974, "output_tokens": 199, "model": "QwQ-32B", "input_tokens_per_minute": 1192228.2828282828,