{"target_qps": 5.0, "actual_qps": 4.988157236610053, "success_rate": 100.0, "input_tokens": 3874, "output_tokens": 200, "model": "QwQ-32B", "input_tokens_per_minute": 1162473.488372093, "output_tokens_per_minute": 60000.0, "slo_seconds": 5.0, "slo_attainment": 0.0, "ttft_slo_ms": 1000, "ttft_slo_attainment": 4.651162790697675, "tpot_slo_ms": 50, "tpot_slo_attainment": 84.18604651162791, "Latency": {"unit": "s", "min": 5.37748806899981, "p50": 12.670648760002223, "p90": 17.578122568200342, "p95": 19.885727101099825, "p99": 22.490545001840218, "max": 24.29830982600106}, "Throughput": {"unit": "tokens/s", "min": 8.231025179619062, "p50": 15.784511415969904, "p90": 22.767462831466094, "p95": 24.341366673417653, "p99": 29.63985429765887, "max": 37.192086236873635}, "TTFT": {"unit": "s", "min": 0.14869689099941752, "p50": 3.609711711997079, "p90": 7.780005562599399, "p95": 9.624472490301923, "p99": 13.203376801858827, "max": 14.112638608999987}, "TPOT": {"unit": "ms", "min": 14.617757929643895, "p50": 41.12238464825456, "p90": 56.620126775874375, "p95": 67.92622783969227, "p99": 80.39176017054419, "max": 84.5455287085475}, "Input Tokens per Minute": {"unit": "tokens/min", "min": 1162473.488372093, "p50": 1162473.488372093, "p90": 1162473.488372093, "p95": 1162473.488372093, "p99": 1162473.488372093, "max": 1162473.488372093}, "Output Tokens per Minute": {"unit": "tokens/min", "min": 60000.0, "p50": 60000.0, "p90": 60000.0, "p95": 60000.0, "p99": 60000.0, "max": 60000.0}}
{"target_qps": 5.0, "actual_qps": 4.996160756057551, "success_rate": 100.0, "input_tokens": 3957, "output_tokens": 199, "model": "QwQ-32B", "input_tokens_per_minute": 1315055.4243242037, "output_tokens_per_minute": 66366.46031415455, "slo_seconds": 5.0, "slo_attainment": 1.1695906432748537, "ttft_slo_ms": 1000, "ttft_slo_attainment": 30.409356725146196, "tpot_slo_ms": 50, "tpot_slo_attainment": 57.01754385964912, "Latency": {"unit": "s", "min": 3.9444635990003007, "p50": 11.799972153501585, "p90": 18.247140241300443, "p95": 19.474787327948615, "p99": 22.29937840821959, "max": 23.403306662999967}, "Throughput": {"unit": "tokens/s", "min": 8.545800936591363, "p50": 16.90022073372286, "p90": 30.576854041951492, "p95": 34.549285341260955, "p99": 40.29879670636177, "max": 50.70397912930132}, "TTFT": {"unit": "s", "min": 0.12740186800147058, "p50": 1.834018712001125, "p90": 6.134961834499705, "p95": 7.211532334399635, "p99": 9.758360638440026, "max": 11.082855417997052}, "TPOT": {"unit": "ms", "min": 13.159888723620767, "p50": 47.21324538441516, "p90": 66.92332753317802, "p95": 72.30370331457947, "p99": 78.08418618380963, "max": 83.19165941204814}, "Input Tokens per Minute": {"unit": "tokens/min", "min": 1315055.4243242037, "p50": 1315055.4243242037, "p90": 1315055.4243242037, "p95": 1315055.4243242037, "p99": 1315055.4243242037, "max": 1315055.4243242037}, "Output Tokens per Minute": {"unit": "tokens/min", "min": 66366.46031415455, "p50": 66366.46031415455, "p90": 66366.46031415455, "p95": 66366.46031415455, "p99": 66366.46031415455, "max": 66366.46031415455}}
{"target_qps": 5.0, "actual_qps": 4.999908490424935, "success_rate": 100.0, "input_tokens": 4032, "output_tokens": 198, "model": "QwQ-32B", "input_tokens_per_minute": 1209800.9803921569, "output_tokens_per_minute": 59597.05882352941, "slo_seconds": 5.0, "slo_attainment": 4.248366013071895, "ttft_slo_ms": 1000, "ttft_slo_attainment": 78.10457516339869, "tpot_slo_ms": 50, "tpot_slo_attainment": 76.47058823529412, "Latency": {"unit": "s", "min": 2.7713846929982537, "p50": 8.496538375498858, "p90": 12.786049393498615, "p95": 13.425696130499091, "p99": 14.485855676047866, "max": 15.334952195000369}, "Throughput": {"unit": "tokens/s", "min": 13.042101302748481, "p50": 23.358152447241352, "p90": 34.30036907115641, "p95": 36.516669054438246, "p99": 42.2551987966161, "max": 44.80932287716877}, "TTFT": {"unit": "s", "min": 0.1267978609976126, "p50": 0.6777258389993221, "p90": 1.4265831554985198, "p95": 1.646882695997192, "p99": 2.4263571415498517, "max": 4.029244534998725}, "TPOT": {"unit": "ms", "min": 21.355182944721513, "p50": 39.379634944731635, "p90": 58.791873123190896, "p95": 62.84946869597556, "p99": 65.73820515755165, "max": 66.4250147085442}, "Input Tokens per Minute": {"unit": "tokens/min", "min": 1209800.9803921569, "p50": 1209800.9803921569, "p90": 1209800.9803921569, "p95": 1209800.9803921569, "p99": 1209800.9803921569, "max": 1209800.9803921569}, "Output Tokens per Minute": {"unit": "tokens/min", "min": 59597.05882352941, "p50": 59597.05882352941, "p90": 59597.05882352941, "p95": 59597.05882352941, "p99": 59597.05882352941, "max": 59597.05882352941}}
{"target_qps": 5.0, "actual_qps": 4.999901374028665, "success_rate": 100.0, "input_tokens": 4016, "output_tokens": 199, "model": "QwQ-32B", "input_tokens_per_minute": 1205036.4238410597, "output_tokens_per_minute": 59706.95364238411, "slo_seconds": 5.0, "slo_attainment": 7.9470198675496695, "ttft_slo_ms": 1000, "ttft_slo_attainment": 91.72185430463577, "tpot_slo_ms": 50, "tpot_slo_attainment": 71.19205298013244, "Latency": {"unit": "s", "min": 1.7692158709978685, "p50": 8.382796428999427, "p90": 12.363110931799023, "p95": 14.06625169175204, "p99": 17.944973715159104, "max": 19.164551395999297}, "Throughput": {"unit": "tokens/s", "min": 10.435934338737043, "p50": 23.79693644490702, "p90": 36.90733112758385, "p95": 41.12332292926946, "p99": 47.783146619751264, "max": 50.98928330319597}, "TTFT": {"unit": "s", "min": 0.06792574499922921, "p50": 0.49581682499774615, "p90": 0.9379206950987291, "p95": 1.0672063777496077, "p99": 1.5690623017712644, "max": 1.84332379999978}, "TPOT": {"unit": "ms", "min": 18.63982063817883, "p50": 39.13967282412831, "p90": 59.13024563970298, "p95": 67.37754294722365, "p99": 88.2514907725705, "max": 93.76330797486438}, "Input Tokens per Minute": {"unit": "tokens/min", "min": 1205036.4238410597, "p50": 1205036.4238410597, "p90": 1205036.4238410597, "p95": 1205036.4238410597, "p99": 1205036.4238410597, "max": 1205036.4238410597}, "Output Tokens per Minute": {"unit": "tokens/min", "min": 59706.95364238411, "p50": 59706.95364238411, "p90": 59706.95364238411, "p95": 59706.95364238411, "p99": 59706.95364238411, "max": 59706.95364238411}}
{"target_qps": 5.0, "actual_qps": 4.999815953941544, "success_rate": 100.0, "input_tokens": 3997, "output_tokens": 199, "model": "QwQ-32B", "input_tokens_per_minute": 1199280.6228373703, "output_tokens_per_minute": 59887.8892733564, "slo_seconds": 5.0, "slo_attainment": 6.920415224913495, "ttft_slo_ms": 1000, "ttft_slo_attainment": 92.73356401384083, "tpot_slo_ms": 50, "tpot_slo_attainment": 79.93079584775087, "Latency": {"unit": "s", "min": 2.268320754999877, "p50": 8.58369910699912, "p90": 12.692178113199041, "p95": 13.985477842198447, "p99": 15.285481248840952, "max": 16.483359132998885}, "Throughput": {"unit": "tokens/s", "min": 12.133449158406657, "p50": 23.29997795902709, "p90": 37.72754591297997, "p95": 40.674818086474644, "p99": 44.18532480768174, "max": 51.82717209610579}, "TTFT": {"unit": "s", "min": 0.06925632899947232, "p50": 0.4845202850010537, "p90": 0.9383110409995424, "p95": 1.0498085368009924, "p99": 1.2578241374010395, "max": 1.3725344790000236}, "TPOT": {"unit": "ms", "min": 18.924865658288525, "p50": 40.50580508040335, "p90": 60.34636393065993, "p95": 67.55544458290423, "p99": 74.30329242673523, "max": 80.27564887436085}, "Input Tokens per Minute": {"unit": "tokens/min", "min": 1199280.6228373703, "p50": 1199280.6228373703, "p90": 1199280.6228373703, "p95": 1199280.6228373703, "p99": 1199280.6228373703, "max": 1199280.6228373703}, "Output Tokens per Minute": {"unit": "tokens/min", "min": 59887.8892733564, "p50": 59887.8892733564, "p90": 59887.8892733564, "p95": 59887.8892733564, "p99": 59887.8892733564, "max": 59887.8892733564}}
{"target_qps": 5.0, "actual_qps": 4.999941271439755, "success_rate": 100.0, "input_tokens": 3955, "output_tokens": 199, "model": "QwQ-32B", "input_tokens_per_minute": 1186582.4503311259,