{"target_qps": 5.0, "actual_qps": 4.9935337903685655, "success_rate": 100.0, "input_tokens": 4030, "output_tokens": 199, "model": "QwQ-32B", "input_tokens_per_minute": 1209208.6419753085, "output_tokens_per_minute": 59902.469135802465, "slo_seconds": 5.0, "slo_attainment": 0.0, "ttft_slo_ms": 1000, "ttft_slo_attainment": 3.292181069958848, "tpot_slo_ms": 50, "tpot_slo_attainment": 58.43621399176955, "Latency": {"unit": "s", "min": 6.68693911200171, "p50": 14.408972637997067, "p90": 20.92590110540041, "p95": 23.17364916870063, "p99": 25.751859969738867, "max": 27.958443734001776}, "Throughput": {"unit": "tokens/s", "min": 7.153473988137944, "p50": 13.816098879400098, "p90": 21.206298093436306, "p95": 22.92544996445137, "p99": 25.292466282192198, "max": 29.909050561121493}, "TTFT": {"unit": "s", "min": 0.2243007530014438, "p50": 4.243797014998563, "p90": 10.554518574000396, "p95": 11.714697937899835, "p99": 15.130976828579502, "max": 16.203510273000575}, "TPOT": {"unit": "ms", "min": 19.603954834158472, "p50": 46.69803430654761, "p90": 63.511148852261954, "p95": 71.56918487135636, "p99": 82.04079052231472, "max": 85.8061598392033}, "Input Tokens per Minute": {"unit": "tokens/min", "min": 1209208.6419753085, "p50": 1209208.6419753085, "p90": 1209208.6419753085, "p95": 1209208.6419753085, "p99": 1209208.6419753085, "max": 1209208.6419753085}, "Output Tokens per Minute": {"unit": "tokens/min", "min": 59902.469135802465, "p50": 59902.469135802465, "p90": 59902.469135802465, "p95": 59902.469135802465, "p99": 59902.469135802465, "max": 59902.469135802465}}
{"target_qps": 5.0, "actual_qps": 4.984251306006729, "success_rate": 100.0, "input_tokens": 3954, "output_tokens": 199, "model": "QwQ-32B", "input_tokens_per_minute": 1213996.1472993572, "output_tokens_per_minute": 61351.14932563682, "slo_seconds": 5.0, "slo_attainment": 1.2987012987012987, "ttft_slo_ms": 1000, "ttft_slo_attainment": 40.909090909090914, "tpot_slo_ms": 50, "tpot_slo_attainment": 77.92207792207793, "Latency": {"unit": "s", "min": 4.2458875800002716, "p50": 9.533776622000005, "p90": 16.11606774470165, "p95": 17.651016186749615, "p99": 20.406095810009212, "max": 20.94876518000092}, "Throughput": {"unit": "tokens/s", "min": 9.547102097976317, "p50": 20.978061787812056, "p90": 33.05823897660817, "p95": 36.02257657026592, "p99": 40.572767664195815, "max": 47.10440307983548}, "TTFT": {"unit": "s", "min": 0.14166308200219646, "p50": 1.2472733369995694, "p90": 4.372658025502461, "p95": 5.754917715600092, "p99": 8.6555490753501, "max": 11.129988810000214}, "TPOT": {"unit": "ms", "min": 19.15333811557868, "p50": 40.73481297739786, "p90": 61.79115347990249, "p95": 69.40813623141045, "p99": 80.21120452115815, "max": 88.79209581407018}, "Input Tokens per Minute": {"unit": "tokens/min", "min": 1213996.1472993572, "p50": 1213996.1472993572, "p90": 1213996.1472993572, "p95": 1213996.1472993572, "p99": 1213996.1472993572, "max": 1213996.1472993572}, "Output Tokens per Minute": {"unit": "tokens/min", "min": 61351.14932563682, "p50": 61351.14932563682, "p90": 61351.14932563682, "p95": 61351.14932563682, "p99": 61351.14932563682, "max": 61351.14932563682}}
{"target_qps": 5.0, "actual_qps": 4.999944241288502, "success_rate": 100.0, "input_tokens": 4087, "output_tokens": 199, "model": "QwQ-32B", "input_tokens_per_minute": 1226190.1023890786, "output_tokens_per_minute": 59850.51194539249, "slo_seconds": 5.0, "slo_attainment": 4.778156996587031, "ttft_slo_ms": 1000, "ttft_slo_attainment": 83.27645051194538, "tpot_slo_ms": 50, "tpot_slo_attainment": 76.79180887372013, "Latency": {"unit": "s", "min": 2.0244383299977926, "p50": 8.243923720001476, "p90": 12.405892792199301, "p95": 13.268225487799644, "p99": 14.773205304401927, "max": 17.874961074001476}, "Throughput": {"unit": "tokens/s", "min": 11.188835554494897, "p50": 24.260292403574567, "p90": 35.12028415539143, "p95": 38.76403602464361, "p99": 44.939835909805915, "max": 48.03927889747448}, "TTFT": {"unit": "s", "min": 0.08166027799961739, "p50": 0.6141267250022793, "p90": 1.2050231103996338, "p95": 1.4884823045998923, "p99": 2.183866568599769, "max": 2.7766929989993514}, "TPOT": {"unit": "ms", "min": 15.139683452255682, "p50": 38.04908850754292, "p90": 57.461685363815924, "p95": 61.44324955678907, "p99": 67.47027102069094, "max": 88.51110946733885}, "Input Tokens per Minute": {"unit": "tokens/min", "min": 1226190.1023890786, "p50": 1226190.1023890786, "p90": 1226190.1023890786, "p95": 1226190.1023890786, "p99": 1226190.1023890786, "max": 1226190.1023890786}, "Output Tokens per Minute": {"unit": "tokens/min", "min": 59850.51194539249, "p50": 59850.51194539249, "p90": 59850.51194539249, "p95": 59850.51194539249, "p99": 59850.51194539249, "max": 59850.51194539249}}
{"target_qps": 5.0, "actual_qps": 4.999859116719653, "success_rate": 100.0, "input_tokens": 3980, "output_tokens": 199, "model": "QwQ-32B", "input_tokens_per_minute": 1226050.060657804, "output_tokens_per_minute": 61484.7272606378, "slo_seconds": 5.0, "slo_attainment": 6.472491909385113, "ttft_slo_ms": 1000, "ttft_slo_attainment": 91.2621359223301, "tpot_slo_ms": 50, "tpot_slo_attainment": 75.08090614886731, "Latency": {"unit": "s", "min": 2.2329787840026256, "p50": 8.423371684002632, "p90": 12.66922237059989, "p95": 15.1105465998, "p99": 18.423817213719893, "max": 19.063981936000346}, "Throughput": {"unit": "tokens/s", "min": 10.490987699811066, "p50": 23.74346134812416, "p90": 36.00856018973729, "p95": 40.283555750021875, "p99": 47.229004976813975, "max": 51.9768993837221}, "TTFT": {"unit": "s", "min": 0.07649779799976386, "p50": 0.49604345799889416, "p90": 0.9542759657982969, "p95": 1.1545667799975485, "p99": 1.3833439517582886, "max": 1.6394761090014072}, "TPOT": {"unit": "ms", "min": 18.027984160790542, "p50": 39.919918643209165, "p90": 59.46591803114835, "p95": 72.15388351156325, "p99": 87.1878237517442, "max": 93.1958022814084}, "Input Tokens per Minute": {"unit": "tokens/min", "min": 1226050.060657804, "p50": 1226050.060657804, "p90": 1226050.060657804, "p95": 1226050.060657804, "p99": 1226050.060657804, "max": 1226050.060657804}, "Output Tokens per Minute": {"unit": "tokens/min", "min": 61484.7272606378, "p50": 61484.7272606378, "p90": 61484.7272606378, "p95": 61484.7272606378, "p99": 61484.7272606378, "max": 61484.7272606378}}
{"target_qps": 5.0, "actual_qps": 4.999941779928168, "success_rate": 100.0, "input_tokens": 3935, "output_tokens": 199, "model": "QwQ-32B", "input_tokens_per_minute": 1188796.7695464485, "output_tokens_per_minute": 60391.182524099924, "slo_seconds": 5.0, "slo_attainment": 6.9306930693069315, "ttft_slo_ms": 1000, "ttft_slo_attainment": 94.05940594059405, "tpot_slo_ms": 50, "tpot_slo_attainment": 82.83828382838284, "Latency": {"unit": "s", "min": 4.026132819999475, "p50": 7.967134468999575, "p90": 11.615362323199225, "p95": 13.49230628969744, "p99": 16.241430018737955, "max": 16.58330801500051}, "Throughput": {"unit": "tokens/s", "min": 12.06031992043379, "p50": 25.103128455809006, "p90": 37.999758539603576, "p95": 40.95415642206456, "p99": 46.01984480751957, "max": 49.67546003612123}, "TTFT": {"unit": "s", "min": 0.06375808300072094, "p50": 0.47841822000191314, "p90": 0.8423957521998091, "p95": 1.0248096756993617, "p99": 1.339107689681405, "max": 1.6802089820012043}, "TPOT": {"unit": "ms", "min": 18.990338552767618, "p50": 37.753823894477065, "p90": 56.39188569045323, "p95": 66.28180512261265, "p99": 81.10652782191434, "max": 82.29500379396694}, "Input Tokens per Minute": {"unit": "tokens/min", "min": 1188796.7695464485, "p50": 1188796.7695464485, "p90": 1188796.7695464485, "p95": 1188796.7695464485, "p99": 1188796.7695464485, "max": 1188796.7695464485}, "Output Tokens per Minute": {"unit": "tokens/min", "min": 60391.182524099924, "p50": 60391.182524099924, "p90": 60391.182524099924, "p95": 60391.182524099924, "p99": 60391.182524099924, "max": 60391.182524099924}}
{"target_qps": 5.0, "actual_qps": 4.999993914507416, "success_rate": 100.0, "input_tokens": 3925,