{"target_qps": 5.0, "actual_qps": 4.997102178281112, "success_rate": 100.0, "input_tokens": 3871, "output_tokens": 200, "model": "QwQ-32B", "input_tokens_per_minute": 1161378.733031674, "output_tokens_per_minute": 60000.0, "slo_seconds": 5.0, "slo_attainment": 0.0, "ttft_slo_ms": 1000, "ttft_slo_attainment": 0.0, "tpot_slo_ms": 50, "tpot_slo_attainment": 63.80090497737556, "Latency": {"unit": "s", "min": 6.787339250004152, "p50": 14.653853308998805, "p90": 18.532743641997513, "p95": 20.54576493499917, "p99": 27.664726170996456, "max": 31.035580902003858}, "Throughput": {"unit": "tokens/s", "min": 6.444216418294484, "p50": 13.648287299094344, "p90": 19.634193262146443, "p95": 21.955601072612726, "p99": 27.196224581477324, "max": 29.466627883655242}, "TTFT": {"unit": "s", "min": 1.041881981996994, "p50": 5.106244498005253, "p90": 8.17623120600183, "p95": 8.82328461400175, "p99": 16.72924722559838, "max": 17.964306524001586}, "TPOT": {"unit": "ms", "min": 24.454727030150654, "p50": 46.58346329646767, "p90": 63.35553901509737, "p95": 66.37131589450657, "p99": 71.67537796581499, "max": 74.8306817638228}, "Input Tokens per Minute": {"unit": "tokens/min", "min": 1161378.733031674, "p50": 1161378.733031674, "p90": 1161378.733031674, "p95": 1161378.733031674, "p99": 1161378.733031674, "max": 1161378.733031674}, "Output Tokens per Minute": {"unit": "tokens/min", "min": 60000.0, "p50": 60000.0, "p90": 60000.0, "p95": 60000.0, "p99": 60000.0, "max": 60000.0}}
{"target_qps": 5.0, "actual_qps": 4.997984835422202, "success_rate": 100.0, "input_tokens": 3988, "output_tokens": 199, "model": "QwQ-32B", "input_tokens_per_minute": 1219789.6434571124, "output_tokens_per_minute": 60984.63498374269, "slo_seconds": 5.0, "slo_attainment": 0.0, "ttft_slo_ms": 1000, "ttft_slo_attainment": 1.3071895424836601, "tpot_slo_ms": 50, "tpot_slo_attainment": 29.411764705882355, "Latency": {"unit": "s", "min": 8.277989214999252, "p50": 16.9731496634995, "p90": 25.672246754504158, "p95": 28.420191612503913, "p99": 31.65407939815086, "max": 32.7174720969997}, "Throughput": {"unit": "tokens/s", "min": 6.112941715272087, "p50": 11.766526818406643, "p90": 17.162837143639397, "p95": 19.0227591865224, "p99": 22.511319805842533, "max": 24.160456700959603}, "TTFT": {"unit": "s", "min": 0.28174544499779586, "p50": 4.264748060501006, "p90": 8.68847411349634, "p95": 11.25845251975079, "p99": 14.701430964904642, "max": 17.005631883002934}, "TPOT": {"unit": "ms", "min": 29.046254306528528, "p50": 67.50505559044248, "p90": 90.74208218843884, "p95": 96.47896352134693, "p99": 103.67369967136995, "max": 105.58547425123596}, "Input Tokens per Minute": {"unit": "tokens/min", "min": 1219789.6434571124, "p50": 1219789.6434571124, "p90": 1219789.6434571124, "p95": 1219789.6434571124, "p99": 1219789.6434571124, "max": 1219789.6434571124}, "Output Tokens per Minute": {"unit": "tokens/min", "min": 60984.63498374269, "p50": 60984.63498374269, "p90": 60984.63498374269, "p95": 60984.63498374269, "p99": 60984.63498374269, "max": 60984.63498374269}}
{"target_qps": 5.0, "actual_qps": 4.99871510122116, "success_rate": 100.0, "input_tokens": 3991, "output_tokens": 198, "model": "QwQ-32B", "input_tokens_per_minute": 1197587.441860465, "output_tokens_per_minute": 59663.72093023256, "slo_seconds": 5.0, "slo_attainment": 0.0, "ttft_slo_ms": 1000, "ttft_slo_attainment": 0.0, "tpot_slo_ms": 50, "tpot_slo_attainment": 28.837209302325583, "Latency": {"unit": "s", "min": 10.003523302002577, "p50": 19.595315637001477, "p90": 26.85941187959979, "p95": 29.441566967604732, "p99": 32.22089168484016, "max": 33.009653144996264}, "Throughput": {"unit": "tokens/s", "min": 5.750889933593897, "p50": 10.090135566455878, "p90": 16.336758274530332, "p95": 17.939297584541876, "p99": 19.602982811139757, "max": 19.992955877851813}, "TTFT": {"unit": "s", "min": 1.0241612570025609, "p50": 6.753360898997926, "p90": 11.479650541400769, "p95": 12.50974067480274, "p99": 17.054326266324782, "max": 17.385734110997873}, "TPOT": {"unit": "ms", "min": 18.207600236189993, "p50": 65.19594071357629, "p90": 89.72373475075227, "p95": 96.05419881206109, "p99": 108.63764694431912, "max": 112.6451044723736}, "Input Tokens per Minute": {"unit": "tokens/min", "min": 1197587.441860465, "p50": 1197587.441860465, "p90": 1197587.441860465, "p95": 1197587.441860465, "p99": 1197587.441860465, "max": 1197587.441860465}, "Output Tokens per Minute": {"unit": "tokens/min", "min": 59663.72093023256, "p50": 59663.72093023256, "p90": 59663.72093023256, "p95": 59663.72093023256, "p99": 59663.72093023256, "max": 59663.72093023256}}
{"target_qps": 5.0, "actual_qps": 4.999924357311338, "success_rate": 100.0, "input_tokens": 3946, "output_tokens": 199, "model": "QwQ-32B", "input_tokens_per_minute": 1528640.5130676837, "output_tokens_per_minute": 77378.12352249246, "slo_seconds": 5.0, "slo_attainment": 0.0, "ttft_slo_ms": 1000, "ttft_slo_attainment": 1.5384615384615385, "tpot_slo_ms": 50, "tpot_slo_attainment": 9.743589743589745, "Latency": {"unit": "s", "min": 5.937748313997872, "p50": 20.93225073099893, "p90": 29.61121429389532, "p95": 34.23358528824719, "p99": 38.897132615919844, "max": 40.862637812002504}, "Throughput": {"unit": "tokens/s", "min": 4.894446631667385, "p50": 9.52148157641728, "p90": 15.143695026900616, "p95": 18.34149146398365, "p99": 23.943196782355397, "max": 33.682801867588836}, "TTFT": {"unit": "s", "min": 0.09005888200044865, "p50": 4.112255089999962, "p90": 9.572344767800683, "p95": 14.821591746446929, "p99": 18.37453992881638, "max": 21.46264248999796}, "TPOT": {"unit": "ms", "min": 29.385374030137807, "p50": 80.72089987437913, "p90": 104.90276096683027, "p95": 108.86124429776261, "p99": 115.04219255136026, "max": 117.2264391155583}, "Input Tokens per Minute": {"unit": "tokens/min", "min": 1528640.5130676837, "p50": 1528640.5130676837, "p90": 1528640.5130676837, "p95": 1528640.5130676837, "p99": 1528640.5130676837, "max": 1528640.5130676837}, "Output Tokens per Minute": {"unit": "tokens/min", "min": 77378.12352249246, "p50": 77378.12352249246, "p90": 77378.12352249246, "p95": 77378.12352249246, "p99": 77378.12352249246, "max": 77378.12352249246}}
{"target_qps": 5.0, "actual_qps": 4.99995302935758, "success_rate": 100.0, "input_tokens": 3975, "output_tokens": 198, "model": "QwQ-32B", "input_tokens_per_minute": 1283153.6144467127, "output_tokens_per_minute": 64210.31619922928, "slo_seconds": 5.0, "slo_attainment": 0.3076923076923077, "ttft_slo_ms": 1000, "ttft_slo_attainment": 47.38461538461539, "tpot_slo_ms": 50, "tpot_slo_attainment": 66.15384615384615, "Latency": {"unit": "s", "min": 3.8466169809980784, "p50": 9.107586460006132, "p90": 18.680621515400713, "p95": 21.285213128401665, "p99": 22.765256910717287, "max": 23.26549208600045}, "Throughput": {"unit": "tokens/s", "min": 8.596422515401944, "p50": 21.81831106112875, "p90": 30.317374840994546, "p95": 31.375918350612448, "p99": 33.32725920596768, "max": 34.8347671317157}, "TTFT": {"unit": "s", "min": 0.054341970004315954, "p50": 1.0246548959985375, "p90": 2.5777778868025054, "p95": 2.867630108199956, "p99": 3.5571131506023805, "max": 3.7868988400005037}, "TPOT": {"unit": "ms", "min": 27.465069386947214, "p50": 40.90111357284664, "p90": 84.6433475336742, "p95": 96.44716540706168, "p99": 100.03930205768108, "max": 102.27509155273806}, "Input Tokens per Minute": {"unit": "tokens/min", "min": 1283153.6144467127, "p50": 1283153.6144467127, "p90": 1283153.6144467127, "p95": 1283153.6144467127, "p99": 1283153.6144467127, "max": 1283153.6144467127}, "Output Tokens per Minute": {"unit": "tokens/min", "min": 64210.31619922928, "p50": 64210.31619922928, "p90": 64210.31619922928, "p95": 64210.31619922928, "p99": 64210.31619922928, "max": 64210.31619922928}}
{"target_qps": 5.0, "actual_qps": 4.999918910481932, "success_rate": 100.0, "input_tokens": 4007, "output_tokens": 199, "model": "QwQ-32B", "input_tokens_per_minute": 1202111.9205298014, "output_tokens_per_minute": 59932.45033112583, "slo_seconds": 5.0,