{"target_qps": 5.0, "actual_qps": 4.990890612489362, "success_rate": 100.0, "input_tokens": 3845, "output_tokens": 200, "model": "QwQ-32B", "input_tokens_per_minute": 1153688.4057971016, "output_tokens_per_minute": 60000.00000000001, "slo_seconds": 5.0, "slo_attainment": 0.0, "ttft_slo_ms": 1000, "ttft_slo_attainment": 1.4492753623188406, "tpot_slo_ms": 50, "tpot_slo_attainment": 47.34299516908212, "Latency": {"unit": "s", "min": 7.793452655998408, "p50": 14.412032221996924, "p90": 22.861769222999285, "p95": 24.6412606003003, "p99": 27.858827668238664, "max": 29.25574946499546}, "Throughput": {"unit": "tokens/s", "min": 6.836263081870462, "p50": 13.877293425332635, "p90": 20.76213140729859, "p95": 22.52461877933095, "p99": 24.45402871970113, "max": 25.662566878630546}, "TTFT": {"unit": "s", "min": 0.7224339749955107, "p50": 3.7225530249997973, "p90": 7.02006093399832, "p95": 8.237509404199951, "p99": 11.215515469921227, "max": 14.166327798993734}, "TPOT": {"unit": "ms", "min": 23.14082619598973, "p50": 53.03914654772845, "p90": 82.98405606632214, "p95": 89.65324917588799, "p99": 94.5528664551703, "max": 100.42846317587441}, "Input Tokens per Minute": {"unit": "tokens/min", "min": 1153688.4057971016, "p50": 1153688.4057971016, "p90": 1153688.4057971016, "p95": 1153688.4057971016, "p99": 1153688.4057971016, "max": 1153688.4057971016}, "Output Tokens per Minute": {"unit": "tokens/min", "min": 60000.00000000001, "p50": 60000.00000000001, "p90": 60000.00000000001, "p95": 60000.00000000001, "p99": 60000.00000000001, "max": 60000.00000000001}}
{"target_qps": 5.0, "actual_qps": 4.99346084273172, "success_rate": 100.0, "input_tokens": 3843, "output_tokens": 199, "model": "QwQ-32B", "input_tokens_per_minute": 1158579.3973772523, "output_tokens_per_minute": 60004.717632078224, "slo_seconds": 5.0, "slo_attainment": 0.0, "ttft_slo_ms": 1000, "ttft_slo_attainment": 0.3289473684210526, "tpot_slo_ms": 50, "tpot_slo_attainment": 26.31578947368421, "Latency": {"unit": "s", "min": 8.03695769100159, "p50": 22.834991042000183, "p90": 35.495472272999905, "p95": 40.52531134505221, "p99": 46.30047162001985, "max": 47.860210259997984}, "Throughput": {"unit": "tokens/s", "min": 2.23967079556785, "p50": 8.69744305502216, "p90": 12.943646786227529, "p95": 14.846328093820986, "p99": 21.281619775162767, "max": 24.885038305467976}, "TTFT": {"unit": "s", "min": 0.9507444050032063, "p50": 9.304465924000397, "p90": 23.026135566900482, "p95": 27.624314905100604, "p99": 31.994406803013035, "max": 37.10788994000177}, "TPOT": {"unit": "ms", "min": 30.759339256287582, "p50": 61.69562706030655, "p90": 84.36477518894274, "p95": 89.8216502271442, "p99": 101.51661030795384, "max": 113.5376912650564}, "Input Tokens per Minute": {"unit": "tokens/min", "min": 1158579.3973772523, "p50": 1158579.3973772523, "p90": 1158579.3973772523, "p95": 1158579.3973772523, "p99": 1158579.3973772523, "max": 1158579.3973772523}, "Output Tokens per Minute": {"unit": "tokens/min", "min": 60004.717632078224, "p50": 60004.717632078224, "p90": 60004.717632078224, "p95": 60004.717632078224, "p99": 60004.717632078224, "max": 60004.717632078224}}
{"target_qps": 5.0, "actual_qps": 4.999917953095979, "success_rate": 100.0, "input_tokens": 3685, "output_tokens": 199, "model": "QwQ-32B", "input_tokens_per_minute": 1105793.5714285714, "output_tokens_per_minute": 59813.57142857143, "slo_seconds": 5.0, "slo_attainment": 0.0, "ttft_slo_ms": 1000, "ttft_slo_attainment": 0.0, "tpot_slo_ms": 50, "tpot_slo_attainment": 5.714285714285714, "Latency": {"unit": "s", "min": 11.823738441002206, "p50": 27.9597623774971, "p90": 40.025154622695844, "p95": 43.48807817480265, "p99": 45.831077169542255, "max": 48.47301506200165}, "Throughput": {"unit": "tokens/s", "min": 4.126007011203672, "p50": 7.143874003267554, "p90": 9.920609447574524, "p95": 10.69705840301227, "p99": 16.28054538056858, "max": 16.915123841579803}, "TTFT": {"unit": "s", "min": 1.7666102100047283, "p50": 9.11070694099908, "p90": 19.187632480301545, "p95": 22.461296881805175, "p99": 24.74550813958187, "max": 26.85795663099998}, "TPOT": {"unit": "ms", "min": 15.279424824092617, "p50": 95.63402216834714, "p90": 120.15836514620608, "p95": 127.73117176204424, "p99": 133.88913604496045, "max": 134.84553201003416}, "Input Tokens per Minute": {"unit": "tokens/min", "min": 1105793.5714285714, "p50": 1105793.5714285714, "p90": 1105793.5714285714, "p95": 1105793.5714285714, "p99": 1105793.5714285714, "max": 1105793.5714285714}, "Output Tokens per Minute": {"unit": "tokens/min", "min": 59813.57142857143, "p50": 59813.57142857143, "p90": 59813.57142857143, "p95": 59813.57142857143, "p99": 59813.57142857143, "max": 59813.57142857143}}
{"target_qps": 5.0, "actual_qps": 4.999585419378466, "success_rate": 100.0, "input_tokens": 3744, "output_tokens": 199, "model": "QwQ-32B", "input_tokens_per_minute": 1299645.7637103142, "output_tokens_per_minute": 69112.26669347851, "slo_seconds": 5.0, "slo_attainment": 0.0, "ttft_slo_ms": 1000, "ttft_slo_attainment": 11.428571428571429, "tpot_slo_ms": 50, "tpot_slo_attainment": 14.857142857142858, "Latency": {"unit": "s", "min": 5.867678103000799, "p50": 19.260810998002853, "p90": 36.40487287930155, "p95": 39.77058891414927, "p99": 43.94925930299061, "max": 46.4454498030027}, "Throughput": {"unit": "tokens/s", "min": 4.306126883220969, "p50": 10.344731013281908, "p90": 21.164121558607466, "p95": 25.578707605709774, "p99": 31.557537704754644, "max": 34.08503269763855}, "TTFT": {"unit": "s", "min": 0.08816918500087922, "p50": 3.3082156384989503, "p90": 16.762964063999245, "p95": 20.076502039201298, "p99": 24.717218133011624, "max": 28.38330003200099}, "TPOT": {"unit": "ms", "min": 28.45013038693733, "p50": 80.17001863064895, "p90": 101.52838173316236, "p95": 105.90630704797908, "p99": 113.9798424858256, "max": 117.73278014071873}, "Input Tokens per Minute": {"unit": "tokens/min", "min": 1299645.7637103142, "p50": 1299645.7637103142, "p90": 1299645.7637103142, "p95": 1299645.7637103142, "p99": 1299645.7637103142, "max": 1299645.7637103142}, "Output Tokens per Minute": {"unit": "tokens/min", "min": 69112.26669347851, "p50": 69112.26669347851, "p90": 69112.26669347851, "p95": 69112.26669347851, "p99": 69112.26669347851, "max": 69112.26669347851}}
{"target_qps": 5.0, "actual_qps": 4.9999396600614885, "success_rate": 100.0, "input_tokens": 3666, "output_tokens": 199, "model": "QwQ-32B", "input_tokens_per_minute": 1126964.2537437535, "output_tokens_per_minute": 61392.91237197593, "slo_seconds": 5.0, "slo_attainment": 0.0, "ttft_slo_ms": 1000, "ttft_slo_attainment": 62.25806451612903, "tpot_slo_ms": 50, "tpot_slo_attainment": 80.3225806451613, "Latency": {"unit": "s", "min": 5.012490309003624, "p50": 8.435693155497574, "p90": 18.941431994004237, "p95": 20.066373351251606, "p99": 22.44222865936129, "max": 22.83024021199526}, "Throughput": {"unit": "tokens/s", "min": 8.76031080456691, "p50": 23.671846388473543, "p90": 30.770404672441362, "p95": 31.695092026201074, "p99": 33.832297744347656, "max": 35.84540873790679}, "TTFT": {"unit": "s", "min": 0.07689444300194737, "p50": 0.84500881099666, "p90": 2.1580476989023736, "p95": 2.6844584394486453, "p99": 3.091854367570268, "max": 3.4986016799957724}, "TPOT": {"unit": "ms", "min": 27.17490126131671, "p50": 37.51947478645779, "p90": 83.89390275025936, "p95": 87.8700758133086, "p99": 98.31163667551637, "max": 98.7892052211071}, "Input Tokens per Minute": {"unit": "tokens/min", "min": 1126964.2537437535, "p50": 1126964.2537437535, "p90": 1126964.2537437535, "p95": 1126964.2537437535, "p99": 1126964.2537437535, "max": 1126964.2537437535}, "Output Tokens per Minute": {"unit": "tokens/min", "min": 61392.91237197593, "p50": 61392.91237197593, "p90": 61392.91237197593, "p95": 61392.91237197593, "p99": 61392.91237197593, "max": 61392.91237197593}}
{"target_qps": 5.0, "actual_qps": 4.999837947085696, "success_rate": 100.0, "input_tokens": 3893, "output_tokens": 199, "model": "QwQ-32B",