{"target_qps": 5.0, "actual_qps": 4.999062738724656, "success_rate": 100.0, "input_tokens": 3773, "output_tokens": 199, "model": "QwQ-32B", "input_tokens_per_minute": 1132038.857142857, "output_tokens_per_minute": 59825.142857142855, "slo_seconds": 5.0, "slo_attainment": 0.0, "ttft_slo_ms": 1000, "ttft_slo_attainment": 0.5714285714285714, "tpot_slo_ms": 50, "tpot_slo_attainment": 50.28571428571429, "Latency": {"unit": "s", "min": 7.731534664000719, "p50": 18.088394866999806, "p90": 21.216362930799367, "p95": 26.474389053400408, "p99": 28.5276942460795, "max": 30.391956450999714}, "Throughput": {"unit": "tokens/s", "min": 6.362446947146358, "p50": 10.994124708586778, "p90": 14.975231090464355, "p95": 15.797474232191272, "p99": 20.03959185807242, "max": 25.86808553432897}, "TTFT": {"unit": "s", "min": 0.5515660820001358, "p50": 6.353049440000177, "p90": 15.367937170799985, "p95": 19.381717188000035, "p99": 21.651903467419718, "max": 22.30046315999971}, "TPOT": {"unit": "ms", "min": 13.2446985477401, "p50": 49.58062504019881, "p90": 68.69883710954598, "p95": 71.19151004220903, "p99": 76.94458483165747, "max": 103.93064343299987}, "Input Tokens per Minute": {"unit": "tokens/min", "min": 1132038.857142857, "p50": 1132038.857142857, "p90": 1132038.857142857, "p95": 1132038.857142857, "p99": 1132038.857142857, "max": 1132038.857142857}, "Output Tokens per Minute": {"unit": "tokens/min", "min": 59825.142857142855, "p50": 59825.142857142855, "p90": 59825.142857142855, "p95": 59825.142857142855, "p99": 59825.142857142855, "max": 59825.142857142855}}
{"target_qps": 5.0, "actual_qps": 4.999934201364244, "success_rate": 100.0, "input_tokens": 3964, "output_tokens": 198, "model": "QwQ-32B", "input_tokens_per_minute": 1374922.769940759, "output_tokens_per_minute": 68937.29877208546, "slo_seconds": 5.0, "slo_attainment": 0.0, "ttft_slo_ms": 1000, "ttft_slo_attainment": 0.0, "tpot_slo_ms": 50, "tpot_slo_attainment": 67.81609195402298, "Latency": {"unit": "s", "min": 7.647945241000343, "p50": 20.03244499700031, "p90": 32.824116581399906, "p95": 38.67665004015079, "p99": 46.055228600389725, "max": 49.96679214899996}, "Throughput": {"unit": "tokens/s", "min": 2.3402589272906837, "p50": 9.755624103193542, "p90": 16.655549389809536, "p95": 18.644628532733016, "p99": 22.178344823849887, "max": 26.150814852570807}, "TTFT": {"unit": "s", "min": 1.31389537099858, "p50": 11.172092769000301, "p90": 24.19113954790082, "p95": 29.75870888855059, "p99": 38.509582989870225, "max": 41.23229400100172}, "TPOT": {"unit": "ms", "min": 15.632604512566058, "p50": 45.00683748241655, "p90": 58.59844845979742, "p95": 61.8204756879369, "p99": 68.73974775979902, "max": 87.39971475411859}, "Input Tokens per Minute": {"unit": "tokens/min", "min": 1374922.769940759, "p50": 1374922.769940759, "p90": 1374922.769940759, "p95": 1374922.769940759, "p99": 1374922.769940759, "max": 1374922.769940759}, "Output Tokens per Minute": {"unit": "tokens/min", "min": 68937.29877208546, "p50": 68937.29877208546, "p90": 68937.29877208546, "p95": 68937.29877208546, "p99": 68937.29877208546, "max": 68937.29877208546}}
{"target_qps": 5.0, "actual_qps": 4.990101076679101, "success_rate": 100.0, "input_tokens": 3917, "output_tokens": 198, "model": "QwQ-32B", "input_tokens_per_minute": 1227258.5189227886, "output_tokens_per_minute": 62191.20010730067, "slo_seconds": 5.0, "slo_attainment": 0.0, "ttft_slo_ms": 1000, "ttft_slo_attainment": 2.2151898734177213, "tpot_slo_ms": 50, "tpot_slo_attainment": 90.50632911392405, "Latency": {"unit": "s", "min": 6.202307868999924, "p50": 13.669060465999792, "p90": 21.763876392499697, "p95": 26.4442207004995, "p99": 32.42825087904924, "max": 40.11514383500071}, "Throughput": {"unit": "tokens/s", "min": 4.681963815853663, "p50": 14.340531948596379, "p90": 20.790099699215897, "p95": 22.727376220348706, "p99": 26.51875729228915, "max": 29.986122795700513}, "TTFT": {"unit": "s", "min": 0.4403446239994082, "p50": 6.071162332000313, "p90": 14.016606107500593, "p95": 17.94285435499978, "p99": 23.631541239498834, "max": 31.01454865300002}, "TPOT": {"unit": "ms", "min": 20.074606793973565, "p50": 37.67866516833996, "p90": 49.20683253768956, "p95": 52.48560953141212, "p99": 58.903537087437506, "max": 66.51636221568862}, "Input Tokens per Minute": {"unit": "tokens/min", "min": 1227258.5189227886, "p50": 1227258.5189227886, "p90": 1227258.5189227886, "p95": 1227258.5189227886, "p99": 1227258.5189227886, "max": 1227258.5189227886}, "Output Tokens per Minute": {"unit": "tokens/min", "min": 62191.20010730067, "p50": 62191.20010730067, "p90": 62191.20010730067, "p95": 62191.20010730067, "p99": 62191.20010730067, "max": 62191.20010730067}}
{"target_qps": 5.0, "actual_qps": 4.99991036160702, "success_rate": 100.0, "input_tokens": 3999, "output_tokens": 199, "model": "QwQ-32B", "input_tokens_per_minute": 1280771.9002107172, "output_tokens_per_minute": 63769.52611671917, "slo_seconds": 5.0, "slo_attainment": 0.30959752321981426, "ttft_slo_ms": 1000, "ttft_slo_attainment": 52.63157894736842, "tpot_slo_ms": 50, "tpot_slo_attainment": 99.07120743034056, "Latency": {"unit": "s", "min": 3.824386984000739, "p50": 8.346886748999168, "p90": 12.853738717599118, "p95": 15.257608563099529, "p99": 18.269376144079743, "max": 26.735195843000838}, "Throughput": {"unit": "tokens/s", "min": 7.48077557293672, "p50": 23.937475523621735, "p90": 28.235625700888534, "p95": 29.661164310091465, "p99": 31.37007930536215, "max": 36.3887629433869}, "TTFT": {"unit": "s", "min": 0.04466956500073138, "p50": 0.9699095519990806, "p90": 5.023165750199041, "p95": 7.267753832700505, "p99": 11.069559341879419, "max": 17.588687582001512}, "TPOT": {"unit": "ms", "min": 26.547928341711103, "p50": 36.91953723617774, "p90": 41.40729418391838, "p95": 43.42032383920196, "p99": 49.54632743397563, "max": 56.67054166332121}, "Input Tokens per Minute": {"unit": "tokens/min", "min": 1280771.9002107172, "p50": 1280771.9002107172, "p90": 1280771.9002107172, "p95": 1280771.9002107172, "p99": 1280771.9002107172, "max": 1280771.9002107172}, "Output Tokens per Minute": {"unit": "tokens/min", "min": 63769.52611671917, "p50": 63769.52611671917, "p90": 63769.52611671917, "p95": 63769.52611671917, "p99": 63769.52611671917, "max": 63769.52611671917}}
{"target_qps": 5.0, "actual_qps": 4.999979998080088, "success_rate": 100.0, "input_tokens": 3971, "output_tokens": 199, "model": "QwQ-32B", "input_tokens_per_minute": 1191305.9800664452, "output_tokens_per_minute": 59828.57142857143, "slo_seconds": 5.0, "slo_attainment": 0.0, "ttft_slo_ms": 1000, "ttft_slo_attainment": 65.78073089700996, "tpot_slo_ms": 50, "tpot_slo_attainment": 100.0, "Latency": {"unit": "s", "min": 5.218780184999559, "p50": 8.271735592001278, "p90": 8.906863283000348, "p95": 9.16157113600093, "p99": 9.624056359998576, "max": 9.961419265999211}, "Throughput": {"unit": "tokens/s", "min": 16.862177919073904, "p50": 24.163126265769744, "p90": 27.554066518371137, "p95": 29.002177677084955, "p99": 33.19122608903481, "max": 36.806795332381796}, "TTFT": {"unit": "s", "min": 0.04858832100035215, "p50": 0.8062712850005482, "p90": 1.5108599060004053, "p95": 1.7431322569991607, "p99": 2.2003754359993764, "max": 2.3389959699998144}, "TPOT": {"unit": "ms", "min": 24.83710998995003, "p50": 37.2141396783903, "p90": 40.522878969851774, "p95": 41.486037261307295, "p99": 44.084379045223194, "max": 48.09364252872618}, "Input Tokens per Minute": {"unit": "tokens/min", "min": 1191305.9800664452, "p50": 1191305.9800664452, "p90": 1191305.9800664452, "p95": 1191305.9800664452, "p99": 1191305.9800664452, "max": 1191305.9800664452}, "Output Tokens per Minute": {"unit": "tokens/min", "min": 59828.57142857143, "p50": 59828.57142857143, "p90": 59828.57142857143, "p95": 59828.57142857143, "p99": 59828.57142857143, "max": 59828.57142857143}}
{"target_qps": 5.0, "actual_qps": 4.99990281813889, "success_rate": 100.0, "input_tokens": 3972, "output_tokens": 199, "model": "QwQ-32B", "input_tokens_per_minute": 1191652.8239202658,