{"target_qps": 5.0, "actual_qps": 4.989537057241036, "success_rate": 100.0, "input_tokens": 4139, "output_tokens": 199, "model": "QwQ-32B", "input_tokens_per_minute": 1241770.0934579438, "output_tokens_per_minute": 59761.68224299065, "slo_seconds": 5.0, "slo_attainment": 0.46728971962616817, "ttft_slo_ms": 1000, "ttft_slo_attainment": 1.4018691588785046, "tpot_slo_ms": 50, "tpot_slo_attainment": 97.19626168224299, "Latency": {"unit": "s", "min": 2.3621776759991917, "p50": 12.20020063999982, "p90": 20.631413543999592, "p95": 22.568220321400894, "p99": 27.992057895321235, "max": 29.566875911999887}, "Throughput": {"unit": "tokens/s", "min": 6.764326423774412, "p50": 16.356232175764003, "p90": 21.79604644172774, "p95": 24.10947345162655, "p99": 27.46778964788212, "max": 32.27607480012802}, "TTFT": {"unit": "s", "min": 0.7940346070008673, "p50": 4.701363725999727, "p90": 12.844498317400035, "p95": 15.761089586149955, "p99": 20.365085589919417, "max": 21.171567412000513}, "TPOT": {"unit": "ms", "min": 16.118129266334705, "p50": 37.47204032412294, "p90": 45.631598694466334, "p95": 48.65743043768378, "p99": 53.90775024431911, "max": 57.209120005028865}, "Input Tokens per Minute": {"unit": "tokens/min", "min": 1241770.0934579438, "p50": 1241770.0934579438, "p90": 1241770.0934579438, "p95": 1241770.0934579438, "p99": 1241770.0934579438, "max": 1241770.0934579438}, "Output Tokens per Minute": {"unit": "tokens/min", "min": 59761.68224299065, "p50": 59761.68224299065, "p90": 59761.68224299065, "p95": 59761.68224299065, "p99": 59761.68224299065, "max": 59761.68224299065}}
{"target_qps": 5.0, "actual_qps": 4.983530047082352, "success_rate": 100.0, "input_tokens": 4234, "output_tokens": 200, "model": "QwQ-32B", "input_tokens_per_minute": 1461442.6977413318, "output_tokens_per_minute": 69024.69204767997, "slo_seconds": 5.0, "slo_attainment": 0.0, "ttft_slo_ms": 1000, "ttft_slo_attainment": 22.19020172910663, "tpot_slo_ms": 50, "tpot_slo_attainment": 89.33717579250721, "Latency": {"unit": "s", "min": 5.741598581998915, "p50": 9.581107846001032, "p90": 14.163936914000088, "p95": 16.21891196030101, "p99": 20.14759606247996, "max": 24.238272177999534}, "Throughput": {"unit": "tokens/s", "min": 8.251413241474157, "p50": 20.874412772994315, "p90": 27.307803104752665, "p95": 29.152837163701093, "p99": 31.411345916105155, "max": 34.833504492466766}, "TTFT": {"unit": "s", "min": 0.203170101998694, "p50": 1.599932983999679, "p90": 5.568321092999761, "p95": 7.4234218214009156, "p99": 13.328251756579641, "max": 15.937487557001077}, "TPOT": {"unit": "ms", "min": 21.8233853668347, "p50": 37.28527918090678, "p90": 50.564525697486566, "p95": 53.652747456784994, "p99": 57.24693209025144, "max": 59.83317033165969}, "Input Tokens per Minute": {"unit": "tokens/min", "min": 1461442.6977413318, "p50": 1461442.6977413318, "p90": 1461442.6977413318, "p95": 1461442.6977413318, "p99": 1461442.6977413318, "max": 1461442.6977413318}, "Output Tokens per Minute": {"unit": "tokens/min", "min": 69024.69204767997, "p50": 69024.69204767997, "p90": 69024.69204767997, "p95": 69024.69204767997, "p99": 69024.69204767997, "max": 69024.69204767997}}
{"target_qps": 5.0, "actual_qps": 4.996184081995254, "success_rate": 100.0, "input_tokens": 4045, "output_tokens": 198, "model": "QwQ-32B", "input_tokens_per_minute": 1213550.704225352, "output_tokens_per_minute": 59673.59154929577, "slo_seconds": 5.0, "slo_attainment": 0.35211267605633806, "ttft_slo_ms": 1000, "ttft_slo_attainment": 27.464788732394368, "tpot_slo_ms": 50, "tpot_slo_attainment": 97.53521126760563, "Latency": {"unit": "s", "min": 4.060085914999945, "p50": 8.982402556000125, "p90": 11.552012773098978, "p95": 12.289151604100242, "p99": 14.031046183990494, "max": 14.334218580999732}, "Throughput": {"unit": "tokens/s", "min": 12.56131054064177, "p50": 22.18611473096265, "p90": 27.7897889060137, "p95": 29.34821546972409, "p99": 31.700480887703492, "max": 34.401791442192575}, "TTFT": {"unit": "s", "min": 0.20733280899912643, "p50": 1.5015623384997525, "p90": 2.9832563496000155, "p95": 3.4669746867006324, "p99": 5.037157892820253, "max": 5.35039843100094}, "TPOT": {"unit": "ms", "min": 22.297383557783014, "p50": 37.58701228392298, "p90": 45.59798027738583, "p95": 48.07789808115083, "p99": 51.71538552387148, "max": 54.11180845225884}, "Input Tokens per Minute": {"unit": "tokens/min", "min": 1213550.704225352, "p50": 1213550.704225352, "p90": 1213550.704225352, "p95": 1213550.704225352, "p99": 1213550.704225352, "max": 1213550.704225352}, "Output Tokens per Minute": {"unit": "tokens/min", "min": 59673.59154929577, "p50": 59673.59154929577, "p90": 59673.59154929577, "p95": 59673.59154929577, "p99": 59673.59154929577, "max": 59673.59154929577}}
{"target_qps": 5.0, "actual_qps": 4.999926327252138, "success_rate": 100.0, "input_tokens": 4203, "output_tokens": 200, "model": "QwQ-32B", "input_tokens_per_minute": 1321137.578753117, "output_tokens_per_minute": 62858.221000192716, "slo_seconds": 5.0, "slo_attainment": 0.0, "ttft_slo_ms": 1000, "ttft_slo_attainment": 52.84810126582279, "tpot_slo_ms": 50, "tpot_slo_attainment": 97.15189873417721, "Latency": {"unit": "s", "min": 6.217252958000245, "p50": 8.32833577600013, "p90": 9.525759605499843, "p95": 10.61283058024992, "p99": 12.356696618349552, "max": 12.963138404998972}, "Throughput": {"unit": "tokens/s", "min": 15.428362619570123, "p50": 24.014404210620775, "p90": 27.878766005973144, "p95": 29.775642703527986, "p99": 31.285667019619584, "max": 32.16854796661341}, "TTFT": {"unit": "s", "min": 0.040937177998785046, "p50": 0.9679110850001962, "p90": 1.8948778295007287, "p95": 2.3062997170004564, "p99": 3.2404985160499598, "max": 3.4570136980000825}, "TPOT": {"unit": "ms", "min": 24.179700708542377, "p50": 36.84564439698252, "p90": 41.30365192211218, "p95": 43.13099299497709, "p99": 57.80729456959787, "max": 60.44782613567786}, "Input Tokens per Minute": {"unit": "tokens/min", "min": 1321137.578753117, "p50": 1321137.578753117, "p90": 1321137.578753117, "p95": 1321137.578753117, "p99": 1321137.578753117, "max": 1321137.578753117}, "Output Tokens per Minute": {"unit": "tokens/min", "min": 62858.221000192716, "p50": 62858.221000192716, "p90": 62858.221000192716, "p95": 62858.221000192716, "p99": 62858.221000192716, "max": 62858.221000192716}}
{"target_qps": 5.0, "actual_qps": 4.999841682929738, "success_rate": 100.0, "input_tokens": 4068, "output_tokens": 200, "model": "QwQ-32B", "input_tokens_per_minute": 1220662.5, "output_tokens_per_minute": 60000.0, "slo_seconds": 5.0, "slo_attainment": 0.0, "ttft_slo_ms": 1000, "ttft_slo_attainment": 67.56756756756756, "tpot_slo_ms": 50, "tpot_slo_attainment": 100.0, "Latency": {"unit": "s", "min": 5.7216889890005405, "p50": 8.253166258500642, "p90": 9.005422887499662, "p95": 9.188677430000098, "p99": 9.598570524099888, "max": 10.21443353199902}, "Throughput": {"unit": "tokens/s", "min": 19.58013622326239, "p50": 24.233209659999293, "p90": 27.98008651663503, "p95": 29.183026951263496, "p99": 33.53655374436517, "max": 34.95471361419381}, "TTFT": {"unit": "s", "min": 0.04512819900082832, "p50": 0.789523179999378, "p90": 1.50085956500061, "p95": 1.6964327342502656, "p99": 2.1590702481998054, "max": 2.729930138000782}, "TPOT": {"unit": "ms", "min": 26.263091221103174, "p50": 37.06533513819001, "p90": 40.97946099999941, "p95": 41.93189800879229, "p99": 43.92620305854242, "max": 46.53074148743359}, "Input Tokens per Minute": {"unit": "tokens/min", "min": 1220662.5, "p50": 1220662.5, "p90": 1220662.5, "p95": 1220662.5, "p99": 1220662.5, "max": 1220662.5}, "Output Tokens per Minute": {"unit": "tokens/min", "min": 60000.0, "p50": 60000.0, "p90": 60000.0, "p95": 60000.0, "p99": 60000.0, "max": 60000.0}}
{"target_qps": 5.0, "actual_qps": 4.999965930065406, "success_rate": 100.0, "input_tokens": 4020, "output_tokens": 200, "model": "QwQ-32B", "input_tokens_per_minute": 1255714.3047155903, "output_tokens_per_minute": 62460.38415841934, "slo_seconds": 5.0,