{"target_qps": 5.0, "actual_qps": 4.998602507206902, "success_rate": 100.0, "input_tokens": 3881, "output_tokens": 199, "model": "QwQ-32B", "input_tokens_per_minute": 1164512.3287671234, "output_tokens_per_minute": 59875.34246575343, "slo_seconds": 5.0, "slo_attainment": 1.36986301369863, "ttft_slo_ms": 1000, "ttft_slo_attainment": 30.59360730593607, "tpot_slo_ms": 50, "tpot_slo_attainment": 39.26940639269406, "Latency": {"unit": "s", "min": 4.831284404004691, "p50": 12.345308162999572, "p90": 21.735332162996933, "p95": 27.147172645004314, "p99": 29.503216773877647, "max": 30.580130576003285}, "Throughput": {"unit": "tokens/s", "min": 6.540194441057854, "p50": 16.200486643130134, "p90": 25.71374035090473, "p95": 29.809201756359734, "p99": 36.3563561233239, "max": 41.396859152861786}, "TTFT": {"unit": "s", "min": 0.06971458800398977, "p50": 1.4998867530011921, "p90": 3.124066891400435, "p95": 4.020618988404021, "p99": 4.871925452940923, "max": 8.496495125997171}, "TPOT": {"unit": "ms", "min": 23.206392120625228, "p50": 54.85930515075308, "p90": 92.79818334171392, "p95": 133.68742745176255, "p99": 136.0170531165014, "max": 140.7514217889317}, "Input Tokens per Minute": {"unit": "tokens/min", "min": 1164512.3287671234, "p50": 1164512.3287671234, "p90": 1164512.3287671234, "p95": 1164512.3287671234, "p99": 1164512.3287671234, "max": 1164512.3287671234}, "Output Tokens per Minute": {"unit": "tokens/min", "min": 59875.34246575343, "p50": 59875.34246575343, "p90": 59875.34246575343, "p95": 59875.34246575343, "p99": 59875.34246575343, "max": 59875.34246575343}}
{"target_qps": 5.0, "actual_qps": 4.997680642549677, "success_rate": 100.0, "input_tokens": 3946, "output_tokens": 199, "model": "QwQ-32B", "input_tokens_per_minute": 1183937.1134020619, "output_tokens_per_minute": 59822.68041237113, "slo_seconds": 5.0, "slo_attainment": 0.3436426116838488, "ttft_slo_ms": 1000, "ttft_slo_attainment": 46.391752577319586, "tpot_slo_ms": 50, "tpot_slo_attainment": 34.36426116838488, "Latency": {"unit": "s", "min": 4.91267060500104, "p50": 13.581730361001974, "p90": 31.124698112005717, "p95": 32.52310852699884, "p99": 34.16239547629958, "max": 35.87397849399713}, "Throughput": {"unit": "tokens/s", "min": 5.575071636770548, "p50": 14.647715551795422, "p90": 25.671391395214172, "p95": 27.486140301480788, "p99": 34.12488879731515, "max": 40.71105434921739}, "TTFT": {"unit": "s", "min": 0.07130751100339694, "p50": 1.0563188710002578, "p90": 2.7183762279964867, "p95": 4.034848679999413, "p99": 6.09712497829751, "max": 7.42112365399953}, "TPOT": {"unit": "ms", "min": 24.167418557797774, "p50": 62.205567005014075, "p90": 143.4410566633132, "p95": 144.57992723869188, "p99": 147.83187906682156, "max": 157.68813550752768}, "Input Tokens per Minute": {"unit": "tokens/min", "min": 1183937.1134020619, "p50": 1183937.1134020619, "p90": 1183937.1134020619, "p95": 1183937.1134020619, "p99": 1183937.1134020619, "max": 1183937.1134020619}, "Output Tokens per Minute": {"unit": "tokens/min", "min": 59822.68041237113, "p50": 59822.68041237113, "p90": 59822.68041237113, "p95": 59822.68041237113, "p99": 59822.68041237113, "max": 59822.68041237113}}
{"target_qps": 5.0, "actual_qps": 4.995939208352673, "success_rate": 100.0, "input_tokens": 4117, "output_tokens": 198, "model": "QwQ-32B", "input_tokens_per_minute": 1246482.8357326253, "output_tokens_per_minute": 60175.08857676628, "slo_seconds": 5.0, "slo_attainment": 0.9900990099009901, "ttft_slo_ms": 1000, "ttft_slo_attainment": 55.115511551155116, "tpot_slo_ms": 50, "tpot_slo_attainment": 29.372937293729372, "Latency": {"unit": "s", "min": 1.2427079530025367, "p50": 14.176204597002652, "p90": 31.916857015796996, "p95": 32.97283080929919, "p99": 34.86045154856344, "max": 36.118040277004184}, "Throughput": {"unit": "tokens/s", "min": 5.537398996903412, "p50": 14.108148526742273, "p90": 26.945363560580084, "p95": 30.578249811047044, "p99": 38.48342252275452, "max": 41.350141806520035}, "TTFT": {"unit": "s", "min": 0.06882561899692519, "p50": 0.9240718310029479, "p90": 3.5685701619964694, "p95": 4.536221127497261, "p99": 6.3602959246959685, "max": 7.670779860003677}, "TPOT": {"unit": "ms", "min": 22.508452371885735, "p50": 67.04533315576957, "p90": 144.06266266533615, "p95": 145.41225295225607, "p99": 147.39714011397922, "max": 149.674263944735}, "Input Tokens per Minute": {"unit": "tokens/min", "min": 1246482.8357326253, "p50": 1246482.8357326253, "p90": 1246482.8357326253, "p95": 1246482.8357326253, "p99": 1246482.8357326253, "max": 1246482.8357326253}, "Output Tokens per Minute": {"unit": "tokens/min", "min": 60175.08857676628, "p50": 60175.08857676628, "p90": 60175.08857676628, "p95": 60175.08857676628, "p99": 60175.08857676628, "max": 60175.08857676628}}
{"target_qps": 5.0, "actual_qps": 4.999959594076873, "success_rate": 100.0, "input_tokens": 4028, "output_tokens": 199, "model": "QwQ-32B", "input_tokens_per_minute": 1259933.902457194, "output_tokens_per_minute": 62496.20193296693, "slo_seconds": 5.0, "slo_attainment": 0.9584664536741214, "ttft_slo_ms": 1000, "ttft_slo_attainment": 57.18849840255591, "tpot_slo_ms": 50, "tpot_slo_attainment": 30.990415335463258, "Latency": {"unit": "s", "min": 3.8939956549947965, "p50": 13.780884193001839, "p90": 33.53326851120655, "p95": 34.52810967800324, "p99": 36.15701965732413, "max": 37.28178311800002}, "Throughput": {"unit": "tokens/s", "min": 5.364550278268155, "p50": 14.512856881967219, "p90": 25.9241030975741, "p95": 31.001969381426136, "p99": 37.59400492566464, "max": 41.31964884688762}, "TTFT": {"unit": "s", "min": 0.06440836199908517, "p50": 0.8289022749959258, "p90": 5.059468374001155, "p95": 5.859203330398304, "p99": 7.690471760563958, "max": 8.745824785997684}, "TPOT": {"unit": "ms", "min": 22.81376992966705, "p50": 64.97263231660017, "p90": 143.18740340801637, "p95": 144.8191613638095, "p99": 147.74669393750514, "max": 149.0370008743695}, "Input Tokens per Minute": {"unit": "tokens/min", "min": 1259933.902457194, "p50": 1259933.902457194, "p90": 1259933.902457194, "p95": 1259933.902457194, "p99": 1259933.902457194, "max": 1259933.902457194}, "Output Tokens per Minute": {"unit": "tokens/min", "min": 62496.20193296693, "p50": 62496.20193296693, "p90": 62496.20193296693, "p95": 62496.20193296693, "p99": 62496.20193296693, "max": 62496.20193296693}}
{"target_qps": 5.0, "actual_qps": 4.999910921420106, "success_rate": 100.0, "input_tokens": 3793, "output_tokens": 199, "model": "QwQ-32B", "input_tokens_per_minute": 1138118.4668989547, "output_tokens_per_minute": 59963.41463414634, "slo_seconds": 5.0, "slo_attainment": 1.3937282229965158, "ttft_slo_ms": 1000, "ttft_slo_attainment": 74.56445993031359, "tpot_slo_ms": 50, "tpot_slo_attainment": 37.97909407665505, "Latency": {"unit": "s", "min": 4.368223203004163, "p50": 12.188280096997914, "p90": 31.931627453600232, "p95": 33.26739511720079, "p99": 34.83724866686316, "max": 35.12846519199957}, "Throughput": {"unit": "tokens/s", "min": 5.693388507208382, "p50": 16.409206090468977, "p90": 30.524888328360547, "p95": 35.29175663950009, "p99": 42.199118539636, "max": 45.78520618233376}, "TTFT": {"unit": "s", "min": 0.0464048739959253, "p50": 0.4981820120010525, "p90": 3.309644905201278, "p95": 4.901154740199853, "p99": 6.183060622120826, "max": 6.740056439994078}, "TPOT": {"unit": "ms", "min": 19.184720201013274, "p50": 58.51026709047006, "p90": 141.90746389045563, "p95": 144.1512384386954, "p99": 150.35719725588464, "max": 155.24847158290802}, "Input Tokens per Minute": {"unit": "tokens/min", "min": 1138118.4668989547, "p50": 1138118.4668989547, "p90": 1138118.4668989547, "p95": 1138118.4668989547, "p99": 1138118.4668989547, "max": 1138118.4668989547}, "Output Tokens per Minute": {"unit": "tokens/min", "min": 59963.41463414634, "p50": 59963.41463414634, "p90": 59963.41463414634, "p95": 59963.41463414634, "p99": 59963.41463414634, "max": 59963.41463414634}}
{"target_qps": 5.0, "actual_qps": 4.999948470031014, "success_rate": 100.0, "input_tokens": 3918,