{"target_qps": 5.0, "actual_qps": 4.995567058930809, "success_rate": 100.0, "input_tokens": 3946, "output_tokens": 198, "model": "QwQ-32B", "input_tokens_per_minute": 1183994.6666666667, "output_tokens_per_minute": 59457.333333333336, "slo_seconds": 5.0, "slo_attainment": 0.8888888888888888, "ttft_slo_ms": 1000, "ttft_slo_attainment": 19.555555555555557, "tpot_slo_ms": 50, "tpot_slo_attainment": 58.22222222222222, "Latency": {"unit": "s", "min": 2.5824609030023566, "p50": 11.873786704003578, "p90": 20.262774819204058, "p95": 25.30966138460205, "p99": 30.36462221860041, "max": 31.18531497799995}, "Throughput": {"unit": "tokens/s", "min": 6.413274970642187, "p50": 16.743760323707797, "p90": 25.173599652051067, "p95": 29.534751082187235, "p99": 34.134408179898536, "max": 35.27636578505059}, "TTFT": {"unit": "s", "min": 0.23817308800062165, "p50": 2.642776408996724, "p90": 5.592374021597789, "p95": 6.294341657997574, "p99": 11.136937448156221, "max": 13.445822596004291}, "TPOT": {"unit": "ms", "min": 23.504156648231397, "p50": 45.23230059797485, "p90": 87.75035057086866, "p95": 98.27758323116167, "p99": 135.21574913588293, "max": 136.81785372362577}, "Input Tokens per Minute": {"unit": "tokens/min", "min": 1183994.6666666667, "p50": 1183994.6666666667, "p90": 1183994.6666666667, "p95": 1183994.6666666667, "p99": 1183994.6666666667, "max": 1183994.6666666667}, "Output Tokens per Minute": {"unit": "tokens/min", "min": 59457.333333333336, "p50": 59457.333333333336, "p90": 59457.333333333336, "p95": 59457.333333333336, "p99": 59457.333333333336, "max": 59457.333333333336}}
{"target_qps": 5.0, "actual_qps": 4.998474579939535, "success_rate": 100.0, "input_tokens": 3925, "output_tokens": 200, "model": "QwQ-32B", "input_tokens_per_minute": 1177555.5944055943, "output_tokens_per_minute": 60000.0, "slo_seconds": 5.0, "slo_attainment": 0.0, "ttft_slo_ms": 1000, "ttft_slo_attainment": 50.0, "tpot_slo_ms": 50, "tpot_slo_attainment": 33.91608391608392, "Latency": {"unit": "s", "min": 5.341976861003786, "p50": 12.725286173499626, "p90": 30.476490626999293, "p95": 32.43756925150046, "p99": 34.471170208197506, "max": 34.95359362299496}, "Throughput": {"unit": "tokens/s", "min": 5.721872324693556, "p50": 15.716740414363557, "p90": 26.795981315139155, "p95": 28.86494962200461, "p99": 35.21869390978246, "max": 37.439323532078895}, "TTFT": {"unit": "s", "min": 0.07810346400219714, "p50": 0.9993047594980453, "p90": 2.6276232764976157, "p95": 4.005457145502078, "p99": 6.142930436097958, "max": 6.324835700004769}, "TPOT": {"unit": "ms", "min": 22.733359783946366, "p50": 58.373944683419595, "p90": 143.12295025627637, "p95": 144.38992498239645, "p99": 145.69974062188936, "max": 147.32565635677932}, "Input Tokens per Minute": {"unit": "tokens/min", "min": 1177555.5944055943, "p50": 1177555.5944055943, "p90": 1177555.5944055943, "p95": 1177555.5944055943, "p99": 1177555.5944055943, "max": 1177555.5944055943}, "Output Tokens per Minute": {"unit": "tokens/min", "min": 60000.0, "p50": 60000.0, "p90": 60000.0, "p95": 60000.0, "p99": 60000.0, "max": 60000.0}}
{"target_qps": 5.0, "actual_qps": 4.989549507142781, "success_rate": 100.0, "input_tokens": 4043, "output_tokens": 199, "model": "QwQ-32B", "input_tokens_per_minute": 1226650.8090340097, "output_tokens_per_minute": 60458.37137804907, "slo_seconds": 5.0, "slo_attainment": 0.6578947368421052, "ttft_slo_ms": 1000, "ttft_slo_attainment": 40.46052631578947, "tpot_slo_ms": 50, "tpot_slo_attainment": 28.618421052631575, "Latency": {"unit": "s", "min": 4.977668236999307, "p50": 15.156988473998354, "p90": 31.394075088196406, "p95": 32.611012377097715, "p99": 33.920031449419255, "max": 34.254590755997924}, "Throughput": {"unit": "tokens/s", "min": 5.30957153078653, "p50": 12.99611498741218, "p90": 26.429117780599814, "p95": 29.733460742069788, "p99": 38.59868787171082, "max": 40.17945561606296}, "TTFT": {"unit": "s", "min": 0.07304653599567246, "p50": 1.188903702495736, "p90": 3.645456563800689, "p95": 4.323937363597723, "p99": 5.654516384352097, "max": 5.964300117993844}, "TPOT": {"unit": "ms", "min": 20.492370271358823, "p50": 69.79403393468866, "p90": 143.80086573065597, "p95": 145.74776007862582, "p99": 148.1974019184421, "max": 173.2911359534672}, "Input Tokens per Minute": {"unit": "tokens/min", "min": 1226650.8090340097, "p50": 1226650.8090340097, "p90": 1226650.8090340097, "p95": 1226650.8090340097, "p99": 1226650.8090340097, "max": 1226650.8090340097}, "Output Tokens per Minute": {"unit": "tokens/min", "min": 60458.37137804907, "p50": 60458.37137804907, "p90": 60458.37137804907, "p95": 60458.37137804907, "p99": 60458.37137804907, "max": 60458.37137804907}}
{"target_qps": 5.0, "actual_qps": 4.999989099356871, "success_rate": 100.0, "input_tokens": 4007, "output_tokens": 199, "model": "QwQ-32B", "input_tokens_per_minute": 1259692.6037802107, "output_tokens_per_minute": 62759.55161074332, "slo_seconds": 5.0, "slo_attainment": 0.9523809523809524, "ttft_slo_ms": 1000, "ttft_slo_attainment": 62.22222222222222, "tpot_slo_ms": 50, "tpot_slo_attainment": 33.96825396825397, "Latency": {"unit": "s", "min": 4.626800899997761, "p50": 12.346254844000214, "p90": 32.419941790003215, "p95": 34.29516914119813, "p99": 35.44184331924407, "max": 36.65852090999397}, "Throughput": {"unit": "tokens/s", "min": 5.455757489262894, "p50": 16.182847297498355, "p90": 27.474563690360675, "p95": 31.024770305308255, "p99": 38.92632792181951, "max": 43.22641157956392}, "TTFT": {"unit": "s", "min": 0.04766159599967068, "p50": 0.7782963249992463, "p90": 3.7451193943983547, "p95": 5.408904219500256, "p99": 7.006031843142994, "max": 8.3734778539947}, "TPOT": {"unit": "ms", "min": 22.843245301488086, "p50": 57.68903793971699, "p90": 141.88414339197567, "p95": 143.90833130551738, "p99": 147.45841316112296, "max": 158.48119733665732}, "Input Tokens per Minute": {"unit": "tokens/min", "min": 1259692.6037802107, "p50": 1259692.6037802107, "p90": 1259692.6037802107, "p95": 1259692.6037802107, "p99": 1259692.6037802107, "max": 1259692.6037802107}, "Output Tokens per Minute": {"unit": "tokens/min", "min": 62759.55161074332, "p50": 62759.55161074332, "p90": 62759.55161074332, "p95": 62759.55161074332, "p99": 62759.55161074332, "max": 62759.55161074332}}
{"target_qps": 5.0, "actual_qps": 4.999841117381937, "success_rate": 100.0, "input_tokens": 3990, "output_tokens": 199, "model": "QwQ-32B", "input_tokens_per_minute": 1197067.576791809, "output_tokens_per_minute": 59739.93174061433, "slo_seconds": 5.0, "slo_attainment": 2.7303754266211606, "ttft_slo_ms": 1000, "ttft_slo_attainment": 73.37883959044369, "tpot_slo_ms": 50, "tpot_slo_attainment": 38.56655290102389, "Latency": {"unit": "s", "min": 4.369525734997296, "p50": 11.903719257003104, "p90": 30.79532039400365, "p95": 32.58218744600453, "p99": 34.483000072436404, "max": 35.04788846000156}, "Throughput": {"unit": "tokens/s", "min": 5.7064778732176755, "p50": 16.687336220135233, "p90": 32.1615409734097, "p95": 37.289717549368, "p99": 42.201592057616104, "max": 45.77155785995703}, "TTFT": {"unit": "s", "min": 0.04685305300517939, "p50": 0.500444420002168, "p90": 2.30057900359825, "p95": 4.313197138003303, "p99": 6.022040757478677, "max": 6.4408592309991946}, "TPOT": {"unit": "ms", "min": 21.595291427135393, "p50": 58.89207572865197, "p90": 140.1831493206204, "p95": 142.28664489650023, "p99": 145.15019885445102, "max": 152.1154585929591}, "Input Tokens per Minute": {"unit": "tokens/min", "min": 1197067.576791809, "p50": 1197067.576791809, "p90": 1197067.576791809, "p95": 1197067.576791809, "p99": 1197067.576791809, "max": 1197067.576791809}, "Output Tokens per Minute": {"unit": "tokens/min", "min": 59739.93174061433, "p50": 59739.93174061433, "p90": 59739.93174061433, "p95": 59739.93174061433, "p99": 59739.93174061433, "max": 59739.93174061433}}
{"target_qps": 5.0, "actual_qps": 4.999925910515034, "success_rate": 100.0, "input_tokens": 4091, "output_tokens": 198, "model": "QwQ-32B", "input_tokens_per_minute": 1227311.418685121,