{"actual_qps": 5.668738758575571, "success_rate": 100.0, "input_tokens": 4049, "output_tokens": 199, "model": "QwQ-32B", "input_tokens_per_minute": 1016937.1276158033, "output_tokens_per_minute": 50163.39434587179, "slo_seconds": 5.0, "slo_attainment": 0.39370078740157477, "ttft_slo_ms": 1000, "ttft_slo_attainment": 24.803149606299215, "tpot_slo_ms": 50, "tpot_slo_attainment": 27.559055118110237, "Latency": {"unit": "s", "min": 4.803488031000597, "p50": 16.352508821499214, "p90": 23.75926214049905, "p95": 26.96969585509814, "p99": 28.938895788001133, "max": 31.52589925099892}, "Throughput": {"unit": "tokens/s", "min": 5.679839068190821, "p50": 12.230555846343481, "p90": 26.794580012192743, "p95": 31.681782719726723, "p99": 37.22240326610286, "max": 41.6364106060526}, "TTFT": {"unit": "s", "min": 0.3148726590006845, "p50": 1.501237137001226, "p90": 5.281521353201253, "p95": 8.722343930597708, "p99": 11.941079284670012, "max": 15.030926704999729}, "TPOT": {"unit": "ms", "min": 21.67991148745208, "p50": 74.38943763064623, "p90": 94.5953109000095, "p95": 96.3884989949713, "p99": 101.30211696512524, "max": 141.33339790296577}, "Input Tokens per Minute": {"unit": "tokens/min", "min": 1016937.1276158033, "p50": 1016937.1276158033, "p90": 1016937.1276158033, "p95": 1016937.1276158033, "p99": 1016937.1276158033, "max": 1016937.1276158033}, "Output Tokens per Minute": {"unit": "tokens/min", "min": 50163.39434587179, "p50": 50163.39434587179, "p90": 50163.39434587179, "p95": 50163.39434587179, "p99": 50163.39434587179, "max": 50163.39434587179}}
{"actual_qps": 4.49295840855544, "success_rate": 100.0, "input_tokens": 3939, "output_tokens": 198, "model": "QwQ-32B", "input_tokens_per_minute": 1094563.583779965, "output_tokens_per_minute": 55197.03661678601, "slo_seconds": 5.0, "slo_attainment": 0.3558718861209964, "ttft_slo_ms": 1000, "ttft_slo_attainment": 11.387900355871885, "tpot_slo_ms": 50, "tpot_slo_attainment": 37.01067615658363, "Latency": {"unit": "s", "min": 4.6217985120019875, "p50": 13.825666949000151, "p90": 18.296802338001726, "p95": 20.441254637000384, "p99": 25.34951638920101, "max": 25.936736374002066}, "Throughput": {"unit": "tokens/s", "min": 6.70734561870201, "p50": 14.374917203982523, "p90": 21.293778174534356, "p95": 22.56589107761568, "p99": 28.014016189717772, "max": 34.83861806939067}, "TTFT": {"unit": "s", "min": 0.22280789999786066, "p50": 2.4010556659995927, "p90": 5.945101605997479, "p95": 6.852910966998024, "p99": 10.97572230860096, "max": 11.158976945000177}, "TPOT": {"unit": "ms", "min": 25.94887220100956, "p50": 54.825409507534985, "p90": 73.93185079900151, "p95": 75.78474365829753, "p99": 80.64586949647982, "max": 92.1475680925815}, "Input Tokens per Minute": {"unit": "tokens/min", "min": 1094563.583779965, "p50": 1094563.583779965, "p90": 1094563.583779965, "p95": 1094563.583779965, "p99": 1094563.583779965, "max": 1094563.583779965}, "Output Tokens per Minute": {"unit": "tokens/min", "min": 55197.03661678601, "p50": 55197.03661678601, "p90": 55197.03661678601, "p95": 55197.03661678601, "p99": 55197.03661678601, "max": 55197.03661678601}}
{"actual_qps": 4.784979494707184, "success_rate": 100.0, "input_tokens": 4025, "output_tokens": 199, "model": "QwQ-32B", "input_tokens_per_minute": 1237762.8459561146, "output_tokens_per_minute": 61304.44347348159, "slo_seconds": 5.0, "slo_attainment": 0.0, "ttft_slo_ms": 1000, "ttft_slo_attainment": 17.684887459807076, "tpot_slo_ms": 50, "tpot_slo_attainment": 46.62379421221865, "Latency": {"unit": "s", "min": 6.838931195998157, "p50": 12.9543796379985, "p90": 17.85931420400084, "p95": 19.964384341001278, "p99": 21.772103265200705, "max": 23.48732881199976}, "Throughput": {"unit": "tokens/s", "min": 5.815165332119515, "p50": 15.434165503799068, "p90": 21.260661907687094, "p95": 23.877037214848627, "p99": 27.49241402280698, "max": 29.244335740214968}, "TTFT": {"unit": "s", "min": 0.19782414699875517, "p50": 2.020321325999248, "p90": 5.426157091998903, "p95": 7.037173533499299, "p99": 8.549421160700875, "max": 10.394018769999093}, "TPOT": {"unit": "ms", "min": 30.55640281908651, "p50": 51.04433322111019, "p90": 72.99864621608546, "p95": 81.31417794583659, "p99": 93.21078721759787, "max": 96.73213920601785}, "Input Tokens per Minute": {"unit": "tokens/min", "min": 1237762.8459561146, "p50": 1237762.8459561146, "p90": 1237762.8459561146, "p95": 1237762.8459561146, "p99": 1237762.8459561146, "max": 1237762.8459561146}, "Output Tokens per Minute": {"unit": "tokens/min", "min": 61304.44347348159, "p50": 61304.44347348159, "p90": 61304.44347348159, "p95": 61304.44347348159, "p99": 61304.44347348159, "max": 61304.44347348159}}
{"actual_qps": 4.815601573196641, "success_rate": 100.0, "input_tokens": 4021, "output_tokens": 200, "model": "QwQ-32B", "input_tokens_per_minute": 1288710.2042682606, "output_tokens_per_minute": 64098.45097428977, "slo_seconds": 5.0, "slo_attainment": 0.0, "ttft_slo_ms": 1000, "ttft_slo_attainment": 85.53846153846155, "tpot_slo_ms": 50, "tpot_slo_attainment": 47.07692307692308, "Latency": {"unit": "s", "min": 6.2971900289994664, "p50": 10.744456427000841, "p90": 13.596852127599414, "p95": 14.475657553401108, "p99": 16.49156986179776, "max": 17.21812358799798}, "Throughput": {"unit": "tokens/s", "min": 11.615667582930552, "p50": 18.614250181833263, "p90": 24.418464975546982, "p95": 25.432723366417893, "p99": 29.082870783193453, "max": 31.76019765625163}, "TTFT": {"unit": "s", "min": 0.08065369300311431, "p50": 0.5825938649977616, "p90": 1.2312451196004988, "p95": 1.5081291036003677, "p99": 3.582627656362305, "max": 4.215828222997516}, "TPOT": {"unit": "ms", "min": 30.67663510553565, "p50": 50.64273200502552, "p90": 63.49580726331733, "p95": 66.26920609144979, "p99": 73.63405313849492, "max": 76.66264830149701}, "Input Tokens per Minute": {"unit": "tokens/min", "min": 1288710.2042682606, "p50": 1288710.2042682606, "p90": 1288710.2042682606, "p95": 1288710.2042682606, "p99": 1288710.2042682606, "max": 1288710.2042682606}, "Output Tokens per Minute": {"unit": "tokens/min", "min": 64098.45097428977, "p50": 64098.45097428977, "p90": 64098.45097428977, "p95": 64098.45097428977, "p99": 64098.45097428977, "max": 64098.45097428977}}
{"actual_qps": 5.508244348933225, "success_rate": 100.0, "input_tokens": 3887, "output_tokens": 200, "model": "QwQ-32B", "input_tokens_per_minute": 1257919.729196005, "output_tokens_per_minute": 64721.87109996539, "slo_seconds": 5.0, "slo_attainment": 0.0, "ttft_slo_ms": 1000, "ttft_slo_attainment": 97.56838905775076, "tpot_slo_ms": 50, "tpot_slo_attainment": 51.671732522796354, "Latency": {"unit": "s", "min": 5.431251996000356, "p50": 10.383451669000351, "p90": 13.678131275602208, "p95": 14.620639380399371, "p99": 16.717735899960967, "max": 19.034734933997242}, "Throughput": {"unit": "tokens/s", "min": 10.507107175040685, "p50": 19.261417722692077, "p90": 29.094286044187243, "p95": 31.316052945737077, "p99": 35.02749946774293, "max": 36.82392202521308}, "TTFT": {"unit": "s", "min": 0.08040999900185852, "p50": 0.5086120220003068, "p90": 0.871094958402682, "p95": 0.919918285600579, "p99": 1.1943817634804872, "max": 1.271177501999773}, "TPOT": {"unit": "ms", "min": 25.44280643216287, "p50": 49.2592425075257, "p90": 65.65372012562912, "p95": 70.60503081004171, "p99": 80.33560673467551, "max": 92.4374563618032}, "Input Tokens per Minute": {"unit": "tokens/min", "min": 1257919.729196005, "p50": 1257919.729196005, "p90": 1257919.729196005, "p95": 1257919.729196005, "p99": 1257919.729196005, "max": 1257919.729196005}, "Output Tokens per Minute": {"unit": "tokens/min", "min": 64721.87109996539, "p50": 64721.87109996539, "p90": 64721.87109996539, "p95": 64721.87109996539, "p99": 64721.87109996539, "max": 64721.87109996539}}
