{"actual_qps": 3.1423764711341033, "success_rate": 100.0, "input_tokens": 3724, "output_tokens": 199, "model": "QwQ-32B", "input_tokens_per_minute": 541321.4827999163, "output_tokens_per_minute": 29023.77468151236, "slo_seconds": 5.0, "slo_attainment": 2.7027027027027026, "ttft_slo_ms": 1000, "ttft_slo_attainment": 29.72972972972973, "tpot_slo_ms": 50, "tpot_slo_attainment": 47.2972972972973, "Latency": {"unit": "s", "min": 4.166727343003004, "p50": 13.4642212990002, "p90": 17.598513385499974, "p95": 19.916070132152527, "p99": 21.695971927210486, "max": 22.079540349997842}, "Throughput": {"unit": "tokens/s", "min": 9.058159582566653, "p50": 14.854216360496636, "p90": 32.1498431195168, "p95": 37.62647903016554, "p99": 41.707256044974685, "max": 47.99930101878419}, "TTFT": {"unit": "s", "min": 0.2539463370012527, "p50": 1.719062677499096, "p90": 4.692013211300948, "p95": 6.625364198201534, "p99": 11.361509889450355, "max": 12.303458332997252}, "TPOT": {"unit": "ms", "min": 18.432965080411584, "p50": 50.8118262939695, "p90": 77.46836136782932, "p95": 88.92783186357296, "p99": 98.00333282326035, "max": 104.81288469090941}, "Input Tokens per Minute": {"unit": "tokens/min", "min": 541321.4827999163, "p50": 541321.4827999163, "p90": 541321.4827999163, "p95": 541321.4827999163, "p99": 541321.4827999163, "max": 541321.4827999163}, "Output Tokens per Minute": {"unit": "tokens/min", "min": 29023.77468151236, "p50": 29023.77468151236, "p90": 29023.77468151236, "p95": 29023.77468151236, "p99": 29023.77468151236, "max": 29023.77468151236}}
{"actual_qps": 3.3907680222988033, "success_rate": 100.0, "input_tokens": 3781, "output_tokens": 199, "model": "QwQ-32B", "input_tokens_per_minute": 776173.8623186541, "output_tokens_per_minute": 40902.9397350465, "slo_seconds": 5.0, "slo_attainment": 0.0, "ttft_slo_ms": 1000, "ttft_slo_attainment": 32.535885167464116, "tpot_slo_ms": 50, "tpot_slo_attainment": 40.66985645933015, "Latency": {"unit": "s", "min": 6.4980632179976965, "p50": 11.734413287998905, "p90": 16.393967473198437, "p95": 18.235307013401325, "p99": 21.348521171119344, "max": 22.909246797997184}, "Throughput": {"unit": "tokens/s", "min": 6.775741557932388, "p50": 16.997725769305962, "p90": 22.219380136628146, "p95": 24.332737727796626, "p99": 27.89653905494193, "max": 30.77840170068824}, "TTFT": {"unit": "s", "min": 0.22215649999998277, "p50": 1.4469910739971965, "p90": 4.543627219398331, "p95": 5.519370502000673, "p99": 9.618144606478143, "max": 11.625637471999653}, "TPOT": {"unit": "ms", "min": 26.012280366832336, "p50": 52.12483945225225, "p90": 66.02654684421721, "p95": 71.42705620905173, "p99": 78.48422304260815, "max": 116.66191592310217}, "Input Tokens per Minute": {"unit": "tokens/min", "min": 776173.8623186541, "p50": 776173.8623186541, "p90": 776173.8623186541, "p95": 776173.8623186541, "p99": 776173.8623186541, "max": 776173.8623186541}, "Output Tokens per Minute": {"unit": "tokens/min", "min": 40902.9397350465, "p50": 40902.9397350465, "p90": 40902.9397350465, "p95": 40902.9397350465, "p99": 40902.9397350465, "max": 40902.9397350465}}
{"actual_qps": 3.2387816731441967, "success_rate": 100.0, "input_tokens": 3731, "output_tokens": 199, "model": "QwQ-32B", "input_tokens_per_minute": 732825.7608920063, "output_tokens_per_minute": 39119.6410876779, "slo_seconds": 5.0, "slo_attainment": 0.0, "ttft_slo_ms": 1000, "ttft_slo_attainment": 50.5, "tpot_slo_ms": 50, "tpot_slo_attainment": 39.5, "Latency": {"unit": "s", "min": 5.962408129002142, "p50": 12.110184716999356, "p90": 16.197058688102334, "p95": 17.77723647354705, "p99": 21.055562539910643, "max": 21.303202760002023}, "Throughput": {"unit": "tokens/s", "min": 9.3882597022224, "p50": 16.473620855275087, "p90": 23.847668845123337, "p95": 25.966526156966662, "p99": 28.613228776805016, "max": 32.44786204680711}, "TTFT": {"unit": "s", "min": 0.12147692900180118, "p50": 0.9885649530006049, "p90": 2.968411280398503, "p95": 5.021287089700485, "p99": 6.0577420426691555, "max": 6.671436981003353}, "TPOT": {"unit": "ms", "min": 28.795507251245237, "p50": 53.98802070854644, "p90": 72.09123803969217, "p95": 80.30625129119453, "p99": 98.66982831531746, "max": 99.4768994070416}, "Input Tokens per Minute": {"unit": "tokens/min", "min": 732825.7608920063, "p50": 732825.7608920063, "p90": 732825.7608920063, "p95": 732825.7608920063, "p99": 732825.7608920063, "max": 732825.7608920063}, "Output Tokens per Minute": {"unit": "tokens/min", "min": 39119.6410876779, "p50": 39119.6410876779, "p90": 39119.6410876779, "p95": 39119.6410876779, "p99": 39119.6410876779, "max": 39119.6410876779}}
{"actual_qps": 3.213135325117311, "success_rate": 100.0, "input_tokens": 3672, "output_tokens": 200, "model": "QwQ-32B", "input_tokens_per_minute": 717707.9840879097, "output_tokens_per_minute": 39083.30735973041, "slo_seconds": 5.0, "slo_attainment": 0.0, "ttft_slo_ms": 1000, "ttft_slo_attainment": 92.46231155778895, "tpot_slo_ms": 50, "tpot_slo_attainment": 63.81909547738693, "Latency": {"unit": "s", "min": 6.439387334001367, "p50": 9.884607619002054, "p90": 12.65138422559976, "p95": 13.156845504801458, "p99": 13.772911073839424, "max": 14.02966304399888}, "Throughput": {"unit": "tokens/s", "min": 14.255509870249451, "p50": 20.23347893097166, "p90": 25.66524998473025, "p95": 28.06168452179988, "p99": 29.55094203137393, "max": 31.058855388921312}, "TTFT": {"unit": "s", "min": 0.15037707499868702, "p50": 0.5600396860027104, "p90": 0.9203998579992915, "p95": 1.1126560142984088, "p99": 1.4174310324000545, "max": 1.5532190220001212}, "TPOT": {"unit": "ms", "min": 31.020696175888112, "p50": 46.79806781408404, "p90": 59.57995774874118, "p95": 63.786448961807984, "p99": 66.5797316462404, "max": 68.50442936180782}, "Input Tokens per Minute": {"unit": "tokens/min", "min": 717707.9840879097, "p50": 717707.9840879097, "p90": 717707.9840879097, "p95": 717707.9840879097, "p99": 717707.9840879097, "max": 717707.9840879097}, "Output Tokens per Minute": {"unit": "tokens/min", "min": 39083.30735973041, "p50": 39083.30735973041, "p90": 39083.30735973041, "p95": 39083.30735973041, "p99": 39083.30735973041, "max": 39083.30735973041}}
{"actual_qps": 3.3666379063769036, "success_rate": 100.0, "input_tokens": 3890, "output_tokens": 200, "model": "QwQ-32B", "input_tokens_per_minute": 848130.3555370362, "output_tokens_per_minute": 43600.473536985686, "slo_seconds": 5.0, "slo_attainment": 13.513513513513514, "ttft_slo_ms": 1000, "ttft_slo_attainment": 95.94594594594594, "tpot_slo_ms": 50, "tpot_slo_attainment": 60.810810810810814, "Latency": {"unit": "s", "min": 3.688403352000023, "p50": 9.75745806300074, "p90": 12.980818308600647, "p95": 14.215422356048292, "p99": 16.46062793474844, "max": 18.833332080001128}, "Throughput": {"unit": "tokens/s", "min": 10.61946973325965, "p50": 20.497141649252324, "p90": 42.1799540182046, "p95": 45.595041115729586, "p99": 50.16943016190402, "max": 54.224004511749165}, "TTFT": {"unit": "s", "min": 0.09777665700312355, "p50": 0.56016362849914, "p90": 0.9064362488996267, "p95": 0.9421429800504484, "p99": 1.2193520950781016, "max": 1.4025366750029207}, "TPOT": {"unit": "ms", "min": 17.845835256264937, "p50": 45.747213296480496, "p90": 61.52295954674829, "p95": 66.63314509723978, "p99": 78.16465126085643, "max": 90.20478536181305}, "Input Tokens per Minute": {"unit": "tokens/min", "min": 848130.3555370362, "p50": 848130.3555370362, "p90": 848130.3555370362, "p95": 848130.3555370362, "p99": 848130.3555370362, "max": 848130.3555370362}, "Output Tokens per Minute": {"unit": "tokens/min", "min": 43600.473536985686, "p50": 43600.473536985686, "p90": 43600.473536985686, "p95": 43600.473536985686, "p99": 43600.473536985686, "max": 43600.473536985686}}
