{"target_qps": 5.0, "actual_qps": 4.995187049445858, "success_rate": 100.0, "input_tokens": 3930, "output_tokens": 199, "model": "QwQ-32B", "input_tokens_per_minute": 1179070.9090909092, "output_tokens_per_minute": 59705.45454545455, "slo_seconds": 5.0, "slo_attainment": 6.545454545454546, "ttft_slo_ms": 1000, "ttft_slo_attainment": 10.909090909090908, "tpot_slo_ms": 50, "tpot_slo_attainment": 72.72727272727273, "Latency": {"unit": "s", "min": 4.070545259999562, "p50": 12.426464115000272, "p90": 19.01490116739951, "p95": 19.320870580100745, "p99": 21.176171477119862, "max": 33.42709699900115}, "Throughput": {"unit": "tokens/s", "min": 5.983169881787111, "p50": 16.030603216659674, "p90": 35.279806550569276, "p95": 40.86549019909306, "p99": 45.64733210390712, "max": 47.6263205550714}, "TTFT": {"unit": "s", "min": 0.1249940229990898, "p50": 4.876092405000236, "p90": 8.15894545020019, "p95": 8.945422226699886, "p99": 13.932517224179678, "max": 20.34718690400041}, "TPOT": {"unit": "ms", "min": 6.543215095473499, "p50": 36.951676512569, "p90": 59.09487583618038, "p95": 62.39916709447203, "p99": 65.57636910160886, "max": 89.13761068594968}, "Input Tokens per Minute": {"unit": "tokens/min", "min": 1179070.9090909092, "p50": 1179070.9090909092, "p90": 1179070.9090909092, "p95": 1179070.9090909092, "p99": 1179070.9090909092, "max": 1179070.9090909092}, "Output Tokens per Minute": {"unit": "tokens/min", "min": 59705.45454545455, "p50": 59705.45454545455, "p90": 59705.45454545455, "p95": 59705.45454545455, "p99": 59705.45454545455, "max": 59705.45454545455}}
{"target_qps": 5.0, "actual_qps": 4.998135063190733, "success_rate": 100.0, "input_tokens": 3960, "output_tokens": 198, "model": "QwQ-32B", "input_tokens_per_minute": 1190929.518468454, "output_tokens_per_minute": 59805.37646819548, "slo_seconds": 5.0, "slo_attainment": 57.80730897009967, "ttft_slo_ms": 1000, "ttft_slo_attainment": 99.00332225913621, "tpot_slo_ms": 50, "tpot_slo_attainment": 100.0, "Latency": {"unit": "s", "min": 1.9139356800005771, "p50": 4.897816476999651, "p90": 5.4201978010005405, "p95": 5.582107567999628, "p99": 6.491796108000926, "max": 6.678736515999844}, "Throughput": {"unit": "tokens/s", "min": 28.73659787772148, "p50": 40.66662319622088, "p90": 46.58338747038193, "p95": 48.55849124497323, "p99": 50.73320039762031, "max": 52.02753686208662}, "TTFT": {"unit": "s", "min": 0.0734994659997028, "p50": 0.4911620019993279, "p90": 0.6671215299993491, "p95": 0.7533039690006262, "p99": 0.9692928229997051, "max": 1.3992739710010937}, "TPOT": {"unit": "ms", "min": 17.211747437184055, "p50": 22.388642482408283, "p90": 24.635805552765735, "p95": 25.041519567839806, "p99": 27.23859529648859, "max": 30.81432540200502}, "Input Tokens per Minute": {"unit": "tokens/min", "min": 1190929.518468454, "p50": 1190929.518468454, "p90": 1190929.518468454, "p95": 1190929.518468454, "p99": 1190929.518468454, "max": 1190929.518468454}, "Output Tokens per Minute": {"unit": "tokens/min", "min": 59805.37646819548, "p50": 59805.37646819548, "p90": 59805.37646819548, "p95": 59805.37646819548, "p99": 59805.37646819548, "max": 59805.37646819548}}
{"target_qps": 5.0, "actual_qps": 4.99552632059609, "success_rate": 100.0, "input_tokens": 4014, "output_tokens": 199, "model": "QwQ-32B", "input_tokens_per_minute": 1204287.4576271188, "output_tokens_per_minute": 59782.372881355936, "slo_seconds": 5.0, "slo_attainment": 55.59322033898305, "ttft_slo_ms": 1000, "ttft_slo_attainment": 97.96610169491525, "tpot_slo_ms": 50, "tpot_slo_attainment": 100.0, "Latency": {"unit": "s", "min": 1.3968280459994276, "p50": 4.940153507999639, "p90": 5.380198651599494, "p95": 5.56568525260027, "p99": 6.098796725040447, "max": 6.48617836899939}, "Throughput": {"unit": "tokens/s", "min": 30.834798030824675, "p50": 40.47117793481536, "p90": 45.54875675138553, "p95": 48.25772229756077, "p99": 50.0171461255188, "max": 51.258279203632064}, "TTFT": {"unit": "s", "min": 0.0544014139995852, "p50": 0.5222653430009814, "p90": 0.7000293685992801, "p95": 0.7726794946996961, "p99": 1.109200614218753, "max": 1.2684541979997448}, "TPOT": {"unit": "ms", "min": 17.901547286440397, "p50": 22.313442788936985, "p90": 24.675163164819374, "p95": 25.136371187939556, "p99": 27.237441709847772, "max": 28.88203298995114}, "Input Tokens per Minute": {"unit": "tokens/min", "min": 1204287.4576271188, "p50": 1204287.4576271188, "p90": 1204287.4576271188, "p95": 1204287.4576271188, "p99": 1204287.4576271188, "max": 1204287.4576271188}, "Output Tokens per Minute": {"unit": "tokens/min", "min": 59782.372881355936, "p50": 59782.372881355936, "p90": 59782.372881355936, "p95": 59782.372881355936, "p99": 59782.372881355936, "max": 59782.372881355936}}
{"target_qps": 5.0, "actual_qps": 4.999972772314951, "success_rate": 100.0, "input_tokens": 3927, "output_tokens": 198, "model": "QwQ-32B", "input_tokens_per_minute": 1200776.0311803217, "output_tokens_per_minute": 60807.41099031431, "slo_seconds": 5.0, "slo_attainment": 72.54901960784314, "ttft_slo_ms": 1000, "ttft_slo_attainment": 99.01960784313727, "tpot_slo_ms": 50, "tpot_slo_attainment": 100.0, "Latency": {"unit": "s", "min": 1.0392390659999364, "p50": 4.8081794640002045, "p90": 5.2900542024999595, "p95": 5.5418320384987965, "p99": 5.89961540955046, "max": 6.096188919998895}, "Throughput": {"unit": "tokens/s", "min": 29.829517590519348, "p50": 41.523983346451054, "p90": 47.39928894817507, "p95": 50.71586198534117, "p99": 52.623625562188025, "max": 54.139790176956105}, "TTFT": {"unit": "s", "min": 0.03085892499984766, "p50": 0.3957350704995406, "p90": 0.6441827230000854, "p95": 0.7288027902504837, "p99": 0.9670768318506813, "max": 1.1143896479989053}, "TPOT": {"unit": "ms", "min": 17.66587338191235, "p50": 22.20988364321907, "p90": 24.426484159420355, "p95": 25.006058802762198, "p99": 26.59191761507571, "max": 27.580459025118753}, "Input Tokens per Minute": {"unit": "tokens/min", "min": 1200776.0311803217, "p50": 1200776.0311803217, "p90": 1200776.0311803217, "p95": 1200776.0311803217, "p99": 1200776.0311803217, "max": 1200776.0311803217}, "Output Tokens per Minute": {"unit": "tokens/min", "min": 60807.41099031431, "p50": 60807.41099031431, "p90": 60807.41099031431, "p95": 60807.41099031431, "p99": 60807.41099031431, "max": 60807.41099031431}}
{"target_qps": 5.0, "actual_qps": 4.999953647096376, "success_rate": 100.0, "input_tokens": 3813, "output_tokens": 199, "model": "QwQ-32B", "input_tokens_per_minute": 1143943.0, "output_tokens_per_minute": 59992.0, "slo_seconds": 5.0, "slo_attainment": 89.33333333333333, "ttft_slo_ms": 1000, "ttft_slo_attainment": 100.0, "tpot_slo_ms": 50, "tpot_slo_attainment": 100.0, "Latency": {"unit": "s", "min": 3.612422432999665, "p50": 4.633682634000252, "p90": 5.015273092600182, "p95": 5.1071138189990055, "p99": 5.3461470583994375, "max": 5.629840063000302}, "Throughput": {"unit": "tokens/s", "min": 35.52498787921416, "p50": 43.143390116510716, "p90": 50.02978913945209, "p95": 51.35523101896265, "p99": 54.41557304222007, "max": 55.36451057688871}, "TTFT": {"unit": "s", "min": 0.033661262001260184, "p50": 0.2566554860004544, "p90": 0.472491458400873, "p95": 0.4830116346492105, "p99": 0.5303471831785646, "max": 0.5416327290004119}, "TPOT": {"unit": "ms", "min": 17.683780753767717, "p50": 21.85935558040613, "p90": 23.47599473115457, "p95": 24.199684378390657, "p99": 24.99869858894523, "max": 25.692485462306067}, "Input Tokens per Minute": {"unit": "tokens/min", "min": 1143943.0, "p50": 1143943.0, "p90": 1143943.0, "p95": 1143943.0, "p99": 1143943.0, "max": 1143943.0}, "Output Tokens per Minute": {"unit": "tokens/min", "min": 59992.0, "p50": 59992.0, "p90": 59992.0, "p95": 59992.0, "p99": 59992.0, "max": 59992.0}}
