{"target_qps": 1.0, "actual_qps": 0.9996812788155806, "success_rate": 100.0, "input_tokens": 4085, "output_tokens": 200, "model": "QwQ-32B", "input_tokens_per_minute": 245121.1111111111, "output_tokens_per_minute": 12000.0, "slo_seconds": 5.0, "slo_attainment": 40.74074074074074, "ttft_slo_ms": 1000, "ttft_slo_attainment": 70.37037037037037, "tpot_slo_ms": 50, "tpot_slo_attainment": 100.0, "Latency": {"unit": "s", "min": 3.711538075000135, "p50": 5.163739270000406, "p90": 8.680973642400023, "p95": 9.481048518049919, "p99": 13.940765326139925, "max": 18.753611883999838}, "Throughput": {"unit": "tokens/s", "min": 10.664612301731355, "p50": 38.73164003580771, "p90": 44.86653496065631, "p95": 47.4955689030073, "p99": 51.56832967484074, "max": 53.88601597465566}, "TTFT": {"unit": "s", "min": 0.12842798300152936, "p50": 0.5416966875000071, "p90": 3.4153431477991036, "p95": 3.6788213633991282, "p99": 8.487151247370083, "max": 13.198325048000697}, "TPOT": {"unit": "ms", "min": 17.31330762813924, "p50": 23.722446334166804, "p90": 28.84072277085223, "p95": 31.06607098492915, "p99": 34.29016563095346, "max": 35.98599477386849}, "Input Tokens per Minute": {"unit": "tokens/min", "min": 245121.1111111111, "p50": 245121.1111111111, "p90": 245121.1111111111, "p95": 245121.1111111111, "p99": 245121.1111111111, "max": 245121.1111111111}, "Output Tokens per Minute": {"unit": "tokens/min", "min": 12000.0, "p50": 12000.0, "p90": 12000.0, "p95": 12000.0, "p99": 12000.0, "max": 12000.0}}
{"target_qps": 1.0, "actual_qps": 0.9996737766564195, "success_rate": 100.0, "input_tokens": 4197, "output_tokens": 200, "model": "QwQ-32B", "input_tokens_per_minute": 255981.46561952608, "output_tokens_per_minute": 12196.020075208318, "slo_seconds": 5.0, "slo_attainment": 70.49180327868852, "ttft_slo_ms": 1000, "ttft_slo_attainment": 100.0, "tpot_slo_ms": 50, "tpot_slo_attainment": 100.0, "Latency": {"unit": "s", "min": 3.799726943998394, "p50": 4.8490888669985, "p90": 5.423309037998479, "p95": 5.524041683000178, "p99": 5.807959005599696, "max": 5.808677537999756}, "Throughput": {"unit": "tokens/s", "min": 34.43124509694695, "p50": 41.244861763854715, "p90": 46.95520978813081, "p95": 51.15429262300998, "p99": 52.304300054893226, "max": 52.635361158226566}, "TTFT": {"unit": "s", "min": 0.08566101300129958, "p50": 0.4741202989989688, "p90": 0.5247864649991243, "p95": 0.5666162630004692, "p99": 0.5714925940006651, "max": 0.5719873360012571}, "TPOT": {"unit": "ms", "min": 17.46899574873763, "p50": 22.515903603013598, "p90": 24.8597801155712, "p95": 25.355170246229907, "p99": 26.576793084423667, "max": 26.7451334924653}, "Input Tokens per Minute": {"unit": "tokens/min", "min": 255981.46561952608, "p50": 255981.46561952608, "p90": 255981.46561952608, "p95": 255981.46561952608, "p99": 255981.46561952608, "max": 255981.46561952608}, "Output Tokens per Minute": {"unit": "tokens/min", "min": 12196.020075208318, "p50": 12196.020075208318, "p90": 12196.020075208318, "p95": 12196.020075208318, "p99": 12196.020075208318, "max": 12196.020075208318}}
{"target_qps": 1.0, "actual_qps": 0.9999094621645076, "success_rate": 100.0, "input_tokens": 3798, "output_tokens": 199, "model": "QwQ-32B", "input_tokens_per_minute": 231653.40459081545, "output_tokens_per_minute": 12165.03018813197, "slo_seconds": 5.0, "slo_attainment": 73.77049180327869, "ttft_slo_ms": 1000, "ttft_slo_attainment": 100.0, "tpot_slo_ms": 50, "tpot_slo_attainment": 100.0, "Latency": {"unit": "s", "min": 3.6184053720007796, "p50": 4.661875384999803, "p90": 5.243762636999236, "p95": 5.295515162999436, "p99": 5.374209932799931, "max": 5.412467754998943}, "Throughput": {"unit": "tokens/s", "min": 36.95172129483459, "p50": 42.87935076202248, "p90": 45.97249874923532, "p95": 47.64537279925289, "p99": 52.10228198753572, "max": 55.272966801232386}, "TTFT": {"unit": "s", "min": 0.052626278999014175, "p50": 0.3630226789991866, "p90": 0.5151959949998854, "p95": 0.5502993130012328, "p99": 0.6254855646002397, "max": 0.6448961999994935}, "TPOT": {"unit": "ms", "min": 17.804284537684982, "p50": 22.10487450752934, "p90": 23.772648571431482, "p95": 24.241635653266147, "p99": 25.34614510351554, "max": 26.318206291451396}, "Input Tokens per Minute": {"unit": "tokens/min", "min": 231653.40459081545, "p50": 231653.40459081545, "p90": 231653.40459081545, "p95": 231653.40459081545, "p99": 231653.40459081545, "max": 231653.40459081545}, "Output Tokens per Minute": {"unit": "tokens/min", "min": 12165.03018813197, "p50": 12165.03018813197, "p90": 12165.03018813197, "p95": 12165.03018813197, "p99": 12165.03018813197, "max": 12165.03018813197}}
{"target_qps": 1.0, "actual_qps": 0.9999907928680912, "success_rate": 100.0, "input_tokens": 4300, "output_tokens": 200, "model": "QwQ-32B", "input_tokens_per_minute": 258003.0, "output_tokens_per_minute": 12000.0, "slo_seconds": 5.0, "slo_attainment": 76.66666666666667, "ttft_slo_ms": 1000, "ttft_slo_attainment": 100.0, "tpot_slo_ms": 50, "tpot_slo_attainment": 100.0, "Latency": {"unit": "s", "min": 3.722012348000135, "p50": 4.688198121500136, "p90": 5.193490789201133, "p95": 5.446204880899404, "p99": 5.633986507669178, "max": 5.794866578999063}, "Throughput": {"unit": "tokens/s", "min": 34.51330540116519, "p50": 42.66031733952104, "p90": 47.50899687791722, "p95": 50.05093254068194, "p99": 53.34757159746647, "max": 53.73437304888618}, "TTFT": {"unit": "s", "min": 0.05198929000107455, "p50": 0.44076940800005104, "p90": 0.47524465039914504, "p95": 0.4815270257002339, "p99": 0.5391024962000847, "max": 0.5425541849999718}, "TPOT": {"unit": "ms", "min": 17.852839527638285, "p50": 21.883541261303066, "p90": 23.758255213062657, "p95": 25.051692748235638, "p99": 25.939369713216642, "max": 26.768518276381727}, "Input Tokens per Minute": {"unit": "tokens/min", "min": 258003.0, "p50": 258003.0, "p90": 258003.0, "p95": 258003.0, "p99": 258003.0, "max": 258003.0}, "Output Tokens per Minute": {"unit": "tokens/min", "min": 12000.0, "p50": 12000.0, "p90": 12000.0, "p95": 12000.0, "p99": 12000.0, "max": 12000.0}}
{"target_qps": 1.0, "actual_qps": 0.9999941278011475, "success_rate": 100.0, "input_tokens": 3837, "output_tokens": 200, "model": "QwQ-32B", "input_tokens_per_minute": 230278.9655172414, "output_tokens_per_minute": 12000.0, "slo_seconds": 5.0, "slo_attainment": 82.75862068965517, "ttft_slo_ms": 1000, "ttft_slo_attainment": 100.0, "tpot_slo_ms": 50, "tpot_slo_attainment": 100.0, "Latency": {"unit": "s", "min": 3.805843079000624, "p50": 4.664379001999805, "p90": 5.064557285599221, "p95": 5.120808329050214, "p99": 5.748019759470498, "max": 5.763609618001283}, "Throughput": {"unit": "tokens/s", "min": 34.700476481846884, "p50": 42.87829688011325, "p90": 47.505273384874066, "p95": 50.19382649678685, "p99": 52.36331407674173, "max": 52.550774125064024}, "TTFT": {"unit": "s", "min": 0.059534775999054546, "p50": 0.30662050299906696, "p90": 0.4765697862005254, "p95": 0.47817243430090456, "p99": 0.5116856757405912, "max": 0.5479289080012677}, "TPOT": {"unit": "ms", "min": 18.47439398994566, "p50": 22.07888368090365, "p90": 23.548784313061333, "p95": 23.844584070108187, "p99": 26.55074352110822, "max": 26.697054758800157}, "Input Tokens per Minute": {"unit": "tokens/min", "min": 230278.9655172414, "p50": 230278.9655172414, "p90": 230278.9655172414, "p95": 230278.9655172414, "p99": 230278.9655172414, "max": 230278.9655172414}, "Output Tokens per Minute": {"unit": "tokens/min", "min": 12000.0, "p50": 12000.0, "p90": 12000.0, "p95": 12000.0, "p99": 12000.0, "max": 12000.0}}
