{"actual_qps": 5.3607508019203, "success_rate": 100.0, "input_tokens": 3564, "output_tokens": 199, "model": "QwQ-32B", "input_tokens_per_minute": 532988.4680789245, "output_tokens_per_minute": 29767.413122663133, "slo_seconds": 5.0, "slo_attainment": 0.0, "ttft_slo_ms": 1000, "ttft_slo_attainment": 3.289473684210526, "tpot_slo_ms": 50, "tpot_slo_attainment": 27.631578947368425, "Latency": {"unit": "s", "min": 6.911585287991329, "p50": 19.324921616498614, "p90": 24.655229429308385, "p95": 24.70755707825374, "p99": 25.24406472944844, "max": 27.66809016300249}, "Throughput": {"unit": "tokens/s", "min": 3.7834947606884914, "p50": 10.333507491730455, "p90": 17.81418415273647, "p95": 22.332579142845564, "p99": 27.854171171474075, "max": 28.9369213670117}, "TTFT": {"unit": "s", "min": 0.25251397301326506, "p50": 4.986527134991775, "p90": 6.722119886294241, "p95": 8.749240152702983, "p99": 11.266982333975179, "max": 12.622213044989621}, "TPOT": {"unit": "ms", "min": 29.2417497588228, "p50": 71.58971363823362, "p90": 95.2655865914503, "p95": 98.2410537313818, "p99": 103.34235930949598, "max": 189.803030887091}, "Input Tokens per Minute": {"unit": "tokens/min", "min": 532988.4680789245, "p50": 532988.4680789245, "p90": 532988.4680789245, "p95": 532988.4680789245, "p99": 532988.4680789245, "max": 532988.4680789245}, "Output Tokens per Minute": {"unit": "tokens/min", "min": 29767.413122663133, "p50": 29767.413122663133, "p90": 29767.413122663133, "p95": 29767.413122663133, "p99": 29767.413122663133, "max": 29767.413122663133}}
{"actual_qps": 5.565548153702764, "success_rate": 100.0, "input_tokens": 3912, "output_tokens": 199, "model": "QwQ-32B", "input_tokens_per_minute": 1501730.4774688038, "output_tokens_per_minute": 76600.87525142598, "slo_seconds": 5.0, "slo_attainment": 0.0, "ttft_slo_ms": 1000, "ttft_slo_attainment": 1.0204081632653061, "tpot_slo_ms": 50, "tpot_slo_attainment": 4.846938775510204, "Latency": {"unit": "s", "min": 9.750990879008896, "p50": 31.65225146949524, "p90": 43.7621961830082, "p95": 45.86736367815392, "p99": 47.53741259373487, "max": 53.99563752100221}, "Throughput": {"unit": "tokens/s", "min": 3.7040029376856185, "p50": 6.30742332829191, "p90": 10.94415039443909, "p95": 12.246460147845744, "p99": 13.536266556754944, "max": 14.972837305621564}, "TTFT": {"unit": "s", "min": 0.5905422650102992, "p50": 5.242742524998903, "p90": 11.032254655096043, "p95": 12.760986137802684, "p99": 16.32912510244466, "max": 19.32600017399818}, "TPOT": {"unit": "ms", "min": 4.431729899495887, "p50": 131.52224221603183, "p90": 172.88015397086687, "p95": 179.1659451829351, "p99": 184.94346770151603, "max": 194.38573422615917}, "Input Tokens per Minute": {"unit": "tokens/min", "min": 1501730.4774688038, "p50": 1501730.4774688038, "p90": 1501730.4774688038, "p95": 1501730.4774688038, "p99": 1501730.4774688038, "max": 1501730.4774688038}, "Output Tokens per Minute": {"unit": "tokens/min", "min": 76600.87525142598, "p50": 76600.87525142598, "p90": 76600.87525142598, "p95": 76600.87525142598, "p99": 76600.87525142598, "max": 76600.87525142598}}
{"actual_qps": 5.561663745459383, "success_rate": 100.0, "input_tokens": 3641, "output_tokens": 200, "model": "QwQ-32B", "input_tokens_per_minute": 1123358.0735460457, "output_tokens_per_minute": 61694.346102628886, "slo_seconds": 5.0, "slo_attainment": 0.0, "ttft_slo_ms": 1000, "ttft_slo_attainment": 2.5396825396825395, "tpot_slo_ms": 50, "tpot_slo_attainment": 27.3015873015873, "Latency": {"unit": "s", "min": 7.13967280399811, "p50": 19.85488108699792, "p90": 30.865124417602782, "p95": 32.68097491919616, "p99": 36.008398750732304, "max": 38.304125237991684}, "Throughput": {"unit": "tokens/s", "min": 5.221369728648218, "p50": 10.073089792059802, "p90": 18.705564053429665, "p95": 20.877833204189024, "p99": 25.925839421475715, "max": 28.01248817564903}, "TTFT": {"unit": "s", "min": 0.526410988997668, "p50": 3.5245915690029506, "p90": 12.11295162259776, "p95": 14.680803697503872, "p99": 18.034852084040477, "max": 19.15247681400797}, "TPOT": {"unit": "ms", "min": 27.686205386925938, "p50": 63.74610956278852, "p90": 128.10552977081085, "p95": 134.82271178640002, "p99": 150.98345055387458, "max": 161.6137811557089}, "Input Tokens per Minute": {"unit": "tokens/min", "min": 1123358.0735460457, "p50": 1123358.0735460457, "p90": 1123358.0735460457, "p95": 1123358.0735460457, "p99": 1123358.0735460457, "max": 1123358.0735460457}, "Output Tokens per Minute": {"unit": "tokens/min", "min": 61694.346102628886, "p50": 61694.346102628886, "p90": 61694.346102628886, "p95": 61694.346102628886, "p99": 61694.346102628886, "max": 61694.346102628886}}
{"actual_qps": 5.76666172646343, "success_rate": 100.0, "input_tokens": 3813, "output_tokens": 199, "model": "QwQ-32B", "input_tokens_per_minute": 1172632.270575347, "output_tokens_per_minute": 61389.791473455596, "slo_seconds": 5.0, "slo_attainment": 0.0, "ttft_slo_ms": 1000, "ttft_slo_attainment": 8.280254777070063, "tpot_slo_ms": 50, "tpot_slo_attainment": 19.10828025477707, "Latency": {"unit": "s", "min": 6.545685549004702, "p50": 27.25545632950525, "p90": 36.018913760301075, "p95": 38.64850721270632, "p99": 40.51911427428873, "max": 41.742284280000604}, "Throughput": {"unit": "tokens/s", "min": 4.79130463149625, "p50": 7.322127455130495, "p90": 17.322953935204332, "p95": 20.943457361476188, "p99": 28.03981510718535, "max": 30.554477220558024}, "TTFT": {"unit": "s", "min": 0.23714391500107013, "p50": 3.7905748744960874, "p90": 8.036272346708573, "p95": 11.494672311500373, "p99": 15.483597756865493, "max": 16.35271803100477}, "TPOT": {"unit": "ms", "min": 7.250972407028762, "p50": 112.06185460556736, "p90": 151.76335138444415, "p95": 154.38296859346468, "p99": 158.5614128909903, "max": 160.59645769853512}, "Input Tokens per Minute": {"unit": "tokens/min", "min": 1172632.270575347, "p50": 1172632.270575347, "p90": 1172632.270575347, "p95": 1172632.270575347, "p99": 1172632.270575347, "max": 1172632.270575347}, "Output Tokens per Minute": {"unit": "tokens/min", "min": 61389.791473455596, "p50": 61389.791473455596, "p90": 61389.791473455596, "p95": 61389.791473455596, "p99": 61389.791473455596, "max": 61389.791473455596}}
{"actual_qps": 5.866654421003718, "success_rate": 100.0, "input_tokens": 3786, "output_tokens": 199, "model": "QwQ-32B", "input_tokens_per_minute": 1512950.0349814675, "output_tokens_per_minute": 79851.09008816606, "slo_seconds": 5.0, "slo_attainment": 0.0, "ttft_slo_ms": 1000, "ttft_slo_attainment": 32.1078431372549, "tpot_slo_ms": 50, "tpot_slo_attainment": 6.61764705882353, "Latency": {"unit": "s", "min": 6.729995814006543, "p50": 22.336168932502915, "p90": 35.259465681595614, "p95": 37.382034860356356, "p99": 39.78979681920013, "max": 41.48869622600614}, "Throughput": {"unit": "tokens/s", "min": 4.820590141240328, "p50": 8.9541241321132, "p90": 16.16358611839368, "p95": 19.0400065354346, "p99": 26.397933758461832, "max": 29.71770050491826}, "TTFT": {"unit": "s", "min": 0.15294604600057937, "p50": 2.1529456850039423, "p90": 7.3108714931004215, "p95": 7.8014688778523125, "p99": 9.229563275672556, "max": 14.868030686004204}, "TPOT": {"unit": "ms", "min": 20.775060537657303, "p50": 97.11882569846884, "p90": 143.02311308290598, "p95": 152.02750924722912, "p99": 160.83243378211588, "max": 171.72295730653155}, "Input Tokens per Minute": {"unit": "tokens/min", "min": 1512950.0349814675, "p50": 1512950.0349814675, "p90": 1512950.0349814675, "p95": 1512950.0349814675, "p99": 1512950.0349814675, "max": 1512950.0349814675}, "Output Tokens per Minute": {"unit": "tokens/min", "min": 79851.09008816606, "p50": 79851.09008816606, "p90": 79851.09008816606, "p95": 79851.09008816606, "p99": 79851.09008816606, "max": 79851.09008816606}}
{"actual_qps": 5.649996678743543, "success_rate": 100.0, "input_tokens": 3762, "output_tokens": 199, "model": "QwQ-32B", "input_tokens_per_minute": 1499535.921443153, "output_tokens_per_minute": 79659.15212251345, "slo_seconds": 5.0, "slo_attainment": 0.0,