{"actual_qps": 5.265266991902215, "success_rate": 100.0, "input_tokens": 3878, "output_tokens": 200, "model": "QwQ-32B", "input_tokens_per_minute": 825721.2870925793, "output_tokens_per_minute": 42584.29103168563, "slo_seconds": 5.0, "slo_attainment": 0.0, "ttft_slo_ms": 1000, "ttft_slo_attainment": 0.0, "tpot_slo_ms": 50, "tpot_slo_attainment": 0.0, "Latency": {"unit": "s", "min": 12.537886117002927, "p50": 33.38403627900698, "p90": 39.53344106879668, "p95": 39.94645140910143, "p99": 40.34799540392705, "max": 50.67791247399873}, "Throughput": {"unit": "tokens/s", "min": 3.9464924705139306, "p50": 5.990887330953652, "p90": 10.272497982731384, "p95": 11.456045232726606, "p99": 13.04490236027783, "max": 15.95165230674533}, "TTFT": {"unit": "s", "min": 1.1189380569994682, "p50": 6.830180938006379, "p90": 9.402617423608898, "p95": 10.317496061197016, "p99": 10.77080312172125, "max": 19.427341731003253}, "TPOT": {"unit": "ms", "min": 56.46360033670272, "p50": 128.69077880906897, "p90": 157.11722156986764, "p95": 159.36633211607494, "p99": 163.4844431111688, "max": 164.3002640150883}, "Input Tokens per Minute": {"unit": "tokens/min", "min": 825721.2870925793, "p50": 825721.2870925793, "p90": 825721.2870925793, "p95": 825721.2870925793, "p99": 825721.2870925793, "max": 825721.2870925793}, "Output Tokens per Minute": {"unit": "tokens/min", "min": 42584.29103168563, "p50": 42584.29103168563, "p90": 42584.29103168563, "p95": 42584.29103168563, "p99": 42584.29103168563, "max": 42584.29103168563}}
{"actual_qps": 5.190366355078758, "success_rate": 100.0, "input_tokens": 4127, "output_tokens": 198, "model": "QwQ-32B", "input_tokens_per_minute": 772481.0199794765, "output_tokens_per_minute": 37235.506011636004, "slo_seconds": 5.0, "slo_attainment": 0.0, "ttft_slo_ms": 1000, "ttft_slo_attainment": 2.6455026455026456, "tpot_slo_ms": 50, "tpot_slo_attainment": 5.82010582010582, "Latency": {"unit": "s", "min": 15.424319243989885, "p50": 35.785124935995555, "p90": 51.12163214879983, "p95": 51.54485481480369, "p99": 55.56220879208006, "max": 55.7159856549988}, "Throughput": {"unit": "tokens/s", "min": 2.3281249484588793, "p50": 5.494228410905136, "p90": 10.674879695789844, "p95": 11.831908674676145, "p99": 12.588285981164594, "max": 12.966536599528071}, "TTFT": {"unit": "s", "min": 0.6110234400111949, "p50": 7.028341965997242, "p90": 17.949742628799875, "p95": 21.221551227007875, "p99": 24.084895507163026, "max": 25.191443632997107}, "TPOT": {"unit": "ms", "min": 42.539152195946265, "p50": 147.32879293468562, "p90": 167.32429429548256, "p95": 169.926763146729, "p99": 174.94803957432572, "max": 315.967345027387}, "Input Tokens per Minute": {"unit": "tokens/min", "min": 772481.0199794765, "p50": 772481.0199794765, "p90": 772481.0199794765, "p95": 772481.0199794765, "p99": 772481.0199794765, "max": 772481.0199794765}, "Output Tokens per Minute": {"unit": "tokens/min", "min": 37235.506011636004, "p50": 37235.506011636004, "p90": 37235.506011636004, "p95": 37235.506011636004, "p99": 37235.506011636004, "max": 37235.506011636004}}
{"actual_qps": 5.132488687791468, "success_rate": 100.0, "input_tokens": 3941, "output_tokens": 199, "model": "QwQ-32B", "input_tokens_per_minute": 1710236.4021366672, "output_tokens_per_minute": 86463.90495728239, "slo_seconds": 5.0, "slo_attainment": 0.0, "ttft_slo_ms": 1000, "ttft_slo_attainment": 8.843537414965986, "tpot_slo_ms": 50, "tpot_slo_attainment": 15.419501133786847, "Latency": {"unit": "s", "min": 5.661219679008354, "p50": 23.92677744899993, "p90": 32.5355404009897, "p95": 36.829938052993384, "p99": 42.94761196460458, "max": 45.56899014899682}, "Throughput": {"unit": "tokens/s", "min": 1.9723968264990608, "p50": 8.302078630055137, "p90": 17.371325869925844, "p95": 21.275568958540813, "p99": 29.519542120733202, "max": 35.32807616379814}, "TTFT": {"unit": "s", "min": 0.2656656519975513, "p50": 3.24036797399458, "p90": 7.994579288002569, "p95": 11.650381790997926, "p99": 17.46337099279336, "max": 18.215440148007474}, "TPOT": {"unit": "ms", "min": 22.28611547740623, "p50": 105.2059009145441, "p90": 136.63087456282955, "p95": 140.34852729143574, "p99": 149.26734669343165, "max": 471.5599402789362}, "Input Tokens per Minute": {"unit": "tokens/min", "min": 1710236.4021366672, "p50": 1710236.4021366672, "p90": 1710236.4021366672, "p95": 1710236.4021366672, "p99": 1710236.4021366672, "max": 1710236.4021366672}, "Output Tokens per Minute": {"unit": "tokens/min", "min": 86463.90495728239, "p50": 86463.90495728239, "p90": 86463.90495728239, "p95": 86463.90495728239, "p99": 86463.90495728239, "max": 86463.90495728239}}
{"actual_qps": 5.082153954612209, "success_rate": 100.0, "input_tokens": 3998, "output_tokens": 200, "model": "QwQ-32B", "input_tokens_per_minute": 1309598.2845437003, "output_tokens_per_minute": 65510.603879452865, "slo_seconds": 5.0, "slo_attainment": 0.0, "ttft_slo_ms": 1000, "ttft_slo_attainment": 16.816816816816818, "tpot_slo_ms": 50, "tpot_slo_attainment": 18.61861861861862, "Latency": {"unit": "s", "min": 6.792315540995332, "p50": 23.63145973099745, "p90": 32.63439572600473, "p95": 35.77417041840089, "p99": 40.04693440471951, "max": 41.28072169199004}, "Throughput": {"unit": "tokens/s", "min": 4.844876538067097, "p50": 8.463294365927784, "p90": 17.791711690507107, "p95": 23.44267201003105, "p99": 27.889119097433323, "max": 29.445039588177377}, "TTFT": {"unit": "s", "min": 0.09905408800113946, "p50": 3.2691536619968247, "p90": 7.743389948003461, "p95": 9.715775560800099, "p99": 12.504819836927929, "max": 12.960349059998407}, "TPOT": {"unit": "ms", "min": 24.63944574875638, "p50": 98.08332228143325, "p90": 148.52938749144457, "p95": 152.4259811879461, "p99": 157.2758170703763, "max": 170.74884796986325}, "Input Tokens per Minute": {"unit": "tokens/min", "min": 1309598.2845437003, "p50": 1309598.2845437003, "p90": 1309598.2845437003, "p95": 1309598.2845437003, "p99": 1309598.2845437003, "max": 1309598.2845437003}, "Output Tokens per Minute": {"unit": "tokens/min", "min": 65510.603879452865, "p50": 65510.603879452865, "p90": 65510.603879452865, "p95": 65510.603879452865, "p99": 65510.603879452865, "max": 65510.603879452865}}
{"actual_qps": 5.098365318986207, "success_rate": 100.0, "input_tokens": 4025, "output_tokens": 199, "model": "QwQ-32B", "input_tokens_per_minute": 851396.8443086806, "output_tokens_per_minute": 42210.53041137763, "slo_seconds": 5.0, "slo_attainment": 0.0, "ttft_slo_ms": 1000, "ttft_slo_attainment": 23.72093023255814, "tpot_slo_ms": 50, "tpot_slo_attainment": 6.511627906976744, "Latency": {"unit": "s", "min": 7.562325410995982, "p50": 22.25756562499737, "p90": 36.79618463160004, "p95": 38.86457714519056, "p99": 40.96540582805609, "max": 42.56434317099047}, "Throughput": {"unit": "tokens/s", "min": 4.4116050759472865, "p50": 8.985708651595793, "p90": 14.930631648263166, "p95": 16.921234536095803, "p99": 20.847334316557554, "max": 26.44689154862213}, "TTFT": {"unit": "s", "min": 0.2118285089964047, "p50": 2.761074207999627, "p90": 7.5128083071991565, "p95": 7.940489371797593, "p99": 9.743803893307042, "max": 10.136729179997928}, "TPOT": {"unit": "ms", "min": 29.506543819045522, "p50": 97.0104997587857, "p90": 155.45433553866746, "p95": 163.6323163783761, "p99": 172.20166388626185, "max": 178.07089717591873}, "Input Tokens per Minute": {"unit": "tokens/min", "min": 851396.8443086806, "p50": 851396.8443086806, "p90": 851396.8443086806, "p95": 851396.8443086806, "p99": 851396.8443086806, "max": 851396.8443086806}, "Output Tokens per Minute": {"unit": "tokens/min", "min": 42210.53041137763, "p50": 42210.53041137763, "p90": 42210.53041137763, "p95": 42210.53041137763, "p99": 42210.53041137763, "max": 42210.53041137763}}
{"actual_qps": 5.295226271504284, "success_rate": 100.0, "input_tokens": 3994, "output_tokens": 200, "model": "QwQ-32B", "input_tokens_per_minute": 1618714.9231896556, "output_tokens_per_minute": 81049.2544600251, "slo_seconds": 5.0, "slo_attainment": 0.0, "ttft_slo_ms": 1000,