{"target_qps": 4.0, "actual_qps": 3.9991066922110257, "success_rate": 100.0, "input_tokens": 4043, "output_tokens": 200, "model": "QwQ-32B", "input_tokens_per_minute": 970456.25, "output_tokens_per_minute": 48000.0, "slo_seconds": 5.0, "slo_attainment": 0.0, "ttft_slo_ms": 1000, "ttft_slo_attainment": 89.0625, "tpot_slo_ms": 50, "tpot_slo_attainment": 28.645833333333332, "Latency": {"unit": "s", "min": 6.750569102005102, "p50": 12.036575666501449, "p90": 14.484573972403451, "p95": 14.91851102755063, "p99": 16.510479364019265, "max": 16.860378637000395}, "Throughput": {"unit": "tokens/s", "min": 11.86212980775512, "p50": 16.61602150461688, "p90": 21.703414746175476, "p95": 24.111181634599962, "p99": 27.76016061671821, "max": 29.627131724434104}, "TTFT": {"unit": "s", "min": 0.11078305300179636, "p50": 0.5357769974980329, "p90": 1.027104231100384, "p95": 1.5181699165499587, "p99": 1.6865306624065854, "max": 4.498274798002967}, "TPOT": {"unit": "ms", "min": 32.41603243720908, "p50": 57.54559877384588, "p90": 68.92012373317806, "p95": 71.51918261983859, "p99": 76.05155347837601, "max": 76.13911699496641}, "Input Tokens per Minute": {"unit": "tokens/min", "min": 970456.25, "p50": 970456.25, "p90": 970456.25, "p95": 970456.25, "p99": 970456.25, "max": 970456.25}, "Output Tokens per Minute": {"unit": "tokens/min", "min": 48000.0, "p50": 48000.0, "p90": 48000.0, "p95": 48000.0, "p99": 48000.0, "max": 48000.0}}
{"target_qps": 4.0, "actual_qps": 3.9993863384263175, "success_rate": 100.0, "input_tokens": 3834, "output_tokens": 200, "model": "QwQ-32B", "input_tokens_per_minute": 927641.7863153269, "output_tokens_per_minute": 48389.1909757534, "slo_seconds": 5.0, "slo_attainment": 0.0, "ttft_slo_ms": 1000, "ttft_slo_attainment": 98.7603305785124, "tpot_slo_ms": 50, "tpot_slo_attainment": 32.231404958677686, "Latency": {"unit": "s", "min": 6.893510798996431, "p50": 11.145864955498837, "p90": 13.740770144903218, "p95": 14.214889488145126, "p99": 15.805937690131978, "max": 17.59085631900234}, "Throughput": {"unit": "tokens/s", "min": 11.369543152026775, "p50": 17.943970601000963, "p90": 21.85872614083072, "p95": 23.246259446422915, "p99": 27.317801519684824, "max": 29.01279273097191}, "TTFT": {"unit": "s", "min": 0.0796561009992729, "p50": 0.48650239700145903, "p90": 0.7088541634002468, "p95": 0.8465270449501986, "p99": 1.0376771409094365, "max": 1.6139688699986436}, "TPOT": {"unit": "ms", "min": 33.079258758787084, "p50": 53.335733821590125, "p90": 66.21008424170479, "p95": 69.76202998593907, "p99": 75.87950829337174, "max": 84.62834893466217}, "Input Tokens per Minute": {"unit": "tokens/min", "min": 927641.7863153269, "p50": 927641.7863153269, "p90": 927641.7863153269, "p95": 927641.7863153269, "p99": 927641.7863153269, "max": 927641.7863153269}, "Output Tokens per Minute": {"unit": "tokens/min", "min": 48389.1909757534, "p50": 48389.1909757534, "p90": 48389.1909757534, "p95": 48389.1909757534, "p99": 48389.1909757534, "max": 48389.1909757534}}
{"target_qps": 4.0, "actual_qps": 3.9999275533119203, "success_rate": 100.0, "input_tokens": 3928, "output_tokens": 200, "model": "QwQ-32B", "input_tokens_per_minute": 942825.7268722467, "output_tokens_per_minute": 48000.0, "slo_seconds": 5.0, "slo_attainment": 0.0, "ttft_slo_ms": 1000, "ttft_slo_attainment": 96.91629955947137, "tpot_slo_ms": 50, "tpot_slo_attainment": 31.718061674008812, "Latency": {"unit": "s", "min": 6.809783579003124, "p50": 11.399542083003325, "p90": 13.75181204160035, "p95": 14.251021803302136, "p99": 15.892583914042627, "max": 16.713370543002384}, "Throughput": {"unit": "tokens/s", "min": 11.966467175810731, "p50": 17.54456438194998, "p90": 22.49435062115075, "p95": 23.74151521096336, "p99": 27.031507075383917, "max": 29.369508983614097}, "TTFT": {"unit": "s", "min": 0.07579876800446073, "p50": 0.49230388699652394, "p90": 0.7261670954001603, "p95": 0.870151012502174, "p99": 1.202453541262221, "max": 1.985105839004973}, "TPOT": {"unit": "ms", "min": 31.64224065831469, "p50": 54.95060727639497, "p90": 66.170974269342, "p95": 68.35896960751711, "p99": 75.16384027968658, "max": 82.87936788944155}, "Input Tokens per Minute": {"unit": "tokens/min", "min": 942825.7268722467, "p50": 942825.7268722467, "p90": 942825.7268722467, "p95": 942825.7268722467, "p99": 942825.7268722467, "max": 942825.7268722467}, "Output Tokens per Minute": {"unit": "tokens/min", "min": 48000.0, "p50": 48000.0, "p90": 48000.0, "p95": 48000.0, "p99": 48000.0, "max": 48000.0}}
{"target_qps": 4.0, "actual_qps": 3.999840653481614, "success_rate": 100.0, "input_tokens": 4065, "output_tokens": 199, "model": "QwQ-32B", "input_tokens_per_minute": 1032393.3872344294, "output_tokens_per_minute": 50551.707919566514, "slo_seconds": 5.0, "slo_attainment": 0.0, "ttft_slo_ms": 1000, "ttft_slo_attainment": 94.48818897637796, "tpot_slo_ms": 50, "tpot_slo_attainment": 20.866141732283463, "Latency": {"unit": "s", "min": 5.723583361002966, "p50": 12.396387241500634, "p90": 15.222472730401208, "p95": 16.40692683074885, "p99": 18.73340041080817, "max": 20.02134632299567}, "Throughput": {"unit": "tokens/s", "min": 9.989338217994286, "p50": 16.110562769430764, "p90": 21.225046700646597, "p95": 23.595713279510328, "p99": 26.689251057076028, "max": 27.195682111724835}, "TTFT": {"unit": "s", "min": 0.048900155001319945, "p50": 0.4588911730024847, "p90": 0.7213934604013049, "p95": 1.0507604694998007, "p99": 1.6691969373302709, "max": 2.054111120000016}, "TPOT": {"unit": "ms", "min": 35.68113483921461, "p50": 59.98207034171534, "p90": 72.69580118092253, "p95": 77.48176619496913, "p99": 89.68272684536431, "max": 93.3573795377216}, "Input Tokens per Minute": {"unit": "tokens/min", "min": 1032393.3872344294, "p50": 1032393.3872344294, "p90": 1032393.3872344294, "p95": 1032393.3872344294, "p99": 1032393.3872344294, "max": 1032393.3872344294}, "Output Tokens per Minute": {"unit": "tokens/min", "min": 50551.707919566514, "p50": 50551.707919566514, "p90": 50551.707919566514, "p95": 50551.707919566514, "p99": 50551.707919566514, "max": 50551.707919566514}}
{"target_qps": 4.0, "actual_qps": 3.9999852602544586, "success_rate": 100.0, "input_tokens": 3949, "output_tokens": 199, "model": "QwQ-32B", "input_tokens_per_minute": 1054259.5028507663, "output_tokens_per_minute": 53374.07746759445, "slo_seconds": 5.0, "slo_attainment": 10.861423220973784, "ttft_slo_ms": 1000, "ttft_slo_attainment": 100.0, "tpot_slo_ms": 50, "tpot_slo_attainment": 56.92883895131086, "Latency": {"unit": "s", "min": 3.9012843550008256, "p50": 9.790615840996907, "p90": 13.026440451201053, "p95": 13.609526408702369, "p99": 14.312735961780849, "max": 14.694962433997716}, "Throughput": {"unit": "tokens/s", "min": 13.61010624547685, "p50": 20.414382625713735, "p90": 40.56425789679825, "p95": 44.254705359659745, "p99": 50.7403745492306, "max": 51.26516854472088}, "TTFT": {"unit": "s", "min": 0.061758089999784715, "p50": 0.40301295799872605, "p90": 0.5058583924037521, "p95": 0.5159628254012204, "p99": 0.6431002727222219, "max": 0.7212807489995612}, "TPOT": {"unit": "ms", "min": 18.358316849235646, "p50": 47.456668989952824, "p90": 63.4476398593081, "p95": 66.4703422376869, "p99": 69.74691346744173, "max": 71.40866210050915}, "Input Tokens per Minute": {"unit": "tokens/min", "min": 1054259.5028507663, "p50": 1054259.5028507663, "p90": 1054259.5028507663, "p95": 1054259.5028507663, "p99": 1054259.5028507663, "max": 1054259.5028507663}, "Output Tokens per Minute": {"unit": "tokens/min", "min": 53374.07746759445, "p50": 53374.07746759445, "p90": 53374.07746759445, "p95": 53374.07746759445, "p99": 53374.07746759445, "max": 53374.07746759445}}
