{"target_qps": 5.0, "actual_qps": 4.994362612784674, "success_rate": 100.0, "input_tokens": 3985, "output_tokens": 199, "model": "QwQ-32B", "input_tokens_per_minute": 1195691.0204081633, "output_tokens_per_minute": 59917.95918367347, "slo_seconds": 5.0, "slo_attainment": 0.0, "ttft_slo_ms": 1000, "ttft_slo_attainment": 90.61224489795919, "tpot_slo_ms": 50, "tpot_slo_attainment": 42.857142857142854, "Latency": {"unit": "s", "min": 6.2690800670025055, "p50": 11.200740088999737, "p90": 14.233222675597062, "p95": 14.874556963799114, "p99": 15.810997217477707, "max": 16.45013896900491}, "Throughput": {"unit": "tokens/s", "min": 12.157952001307516, "p50": 17.855962946271763, "p90": 25.382707114789575, "p95": 28.029083648461395, "p99": 31.01339591318456, "max": 31.90260737818713}, "TTFT": {"unit": "s", "min": 0.09318878200429026, "p50": 0.5356920449994504, "p90": 0.9695694100009857, "p95": 1.3370730822003671, "p99": 2.068086103078386, "max": 2.8211700590036344}, "TPOT": {"unit": "ms", "min": 28.375801567869242, "p50": 53.35066975378104, "p90": 68.57932338392509, "p95": 70.42803050754632, "p99": 74.26487418069317, "max": 76.15578114068991}, "Input Tokens per Minute": {"unit": "tokens/min", "min": 1195691.0204081633, "p50": 1195691.0204081633, "p90": 1195691.0204081633, "p95": 1195691.0204081633, "p99": 1195691.0204081633, "max": 1195691.0204081633}, "Output Tokens per Minute": {"unit": "tokens/min", "min": 59917.95918367347, "p50": 59917.95918367347, "p90": 59917.95918367347, "p95": 59917.95918367347, "p99": 59917.95918367347, "max": 59917.95918367347}}
{"target_qps": 5.0, "actual_qps": 4.996008496132721, "success_rate": 100.0, "input_tokens": 3899, "output_tokens": 199, "model": "QwQ-32B", "input_tokens_per_minute": 1169942.4242424243, "output_tokens_per_minute": 59832.32323232323, "slo_seconds": 5.0, "slo_attainment": 0.33670033670033667, "ttft_slo_ms": 1000, "ttft_slo_attainment": 86.86868686868688, "tpot_slo_ms": 50, "tpot_slo_attainment": 31.986531986531986, "Latency": {"unit": "s", "min": 4.0551383970014285, "p50": 11.423629209995852, "p90": 14.031564194799286, "p95": 15.077994453000429, "p99": 16.497324321044733, "max": 17.745031931000995}, "Throughput": {"unit": "tokens/s", "min": 11.270760220532217, "p50": 17.503134786058364, "p90": 22.363419825775026, "p95": 23.770448668558203, "p99": 27.101106465319543, "max": 30.490806354003585}, "TTFT": {"unit": "s", "min": 0.08548841300216736, "p50": 0.5356569809955545, "p90": 1.0473666168007185, "p95": 1.282452143401315, "p99": 1.916029294238837, "max": 2.5703225170000223}, "TPOT": {"unit": "ms", "min": 31.665085412046505, "p50": 54.645874834196505, "p90": 67.10022173366502, "p95": 72.19398430350877, "p99": 78.40513924462313, "max": 82.38893996986464}, "Input Tokens per Minute": {"unit": "tokens/min", "min": 1169942.4242424243, "p50": 1169942.4242424243, "p90": 1169942.4242424243, "p95": 1169942.4242424243, "p99": 1169942.4242424243, "max": 1169942.4242424243}, "Output Tokens per Minute": {"unit": "tokens/min", "min": 59832.32323232323, "p50": 59832.32323232323, "p90": 59832.32323232323, "p95": 59832.32323232323, "p99": 59832.32323232323, "max": 59832.32323232323}}
{"target_qps": 5.0, "actual_qps": 4.992717631517269, "success_rate": 100.0, "input_tokens": 3903, "output_tokens": 200, "model": "QwQ-32B", "input_tokens_per_minute": 1171059.0, "output_tokens_per_minute": 60000.0, "slo_seconds": 5.0, "slo_attainment": 0.0, "ttft_slo_ms": 1000, "ttft_slo_attainment": 90.33333333333333, "tpot_slo_ms": 50, "tpot_slo_attainment": 21.0, "Latency": {"unit": "s", "min": 7.890861864994804, "p50": 11.824325044999568, "p90": 14.379186298597778, "p95": 15.093032004604902, "p99": 16.639667743030582, "max": 18.851607479999075}, "Throughput": {"unit": "tokens/s", "min": 10.609174852181349, "p50": 16.914299462526763, "p90": 20.616996149724315, "p95": 21.200811716419473, "p99": 23.596314574448886, "max": 25.345773810492588}, "TTFT": {"unit": "s", "min": 0.07352494800579734, "p50": 0.5418708195029467, "p90": 0.9837727339996493, "p95": 1.2303106931554797, "p99": 1.8780156979808051, "max": 3.3682388619999983}, "TPOT": {"unit": "ms", "min": 39.10002235677702, "p50": 56.41481146984866, "p90": 67.99624959397322, "p95": 71.17973199848855, "p99": 78.94378832301739, "max": 88.77351862812344}, "Input Tokens per Minute": {"unit": "tokens/min", "min": 1171059.0, "p50": 1171059.0, "p90": 1171059.0, "p95": 1171059.0, "p99": 1171059.0, "max": 1171059.0}, "Output Tokens per Minute": {"unit": "tokens/min", "min": 60000.0, "p50": 60000.0, "p90": 60000.0, "p95": 60000.0, "p99": 60000.0, "max": 60000.0}}
{"target_qps": 5.0, "actual_qps": 4.9999553124827285, "success_rate": 100.0, "input_tokens": 4091, "output_tokens": 199, "model": "QwQ-32B", "input_tokens_per_minute": 1227424.0, "output_tokens_per_minute": 59850.0, "slo_seconds": 5.0, "slo_attainment": 0.33333333333333337, "ttft_slo_ms": 1000, "ttft_slo_attainment": 82.33333333333334, "tpot_slo_ms": 50, "tpot_slo_attainment": 28.000000000000004, "Latency": {"unit": "s", "min": 2.644332662996021, "p50": 12.479823066998506, "p90": 17.897620824095792, "p95": 20.76927956114887, "p99": 23.98896521752794, "max": 25.867747602002055}, "Throughput": {"unit": "tokens/s", "min": 7.731635667595614, "p50": 16.011763107483368, "p90": 22.00594201067068, "p95": 24.126828822802622, "p99": 26.274447547071432, "max": 27.289968506723607}, "TTFT": {"unit": "s", "min": 0.06878507899818942, "p50": 0.4737003045011079, "p90": 2.6717987840005684, "p95": 5.691395620299227, "p99": 8.202045262678512, "max": 10.181763073000184}, "TPOT": {"unit": "ms", "min": 27.439374100515177, "p50": 60.443099414574796, "p90": 74.91646731606083, "p95": 81.88176281660186, "p99": 91.55947134657555, "max": 93.29660891455946}, "Input Tokens per Minute": {"unit": "tokens/min", "min": 1227424.0, "p50": 1227424.0, "p90": 1227424.0, "p95": 1227424.0, "p99": 1227424.0, "max": 1227424.0}, "Output Tokens per Minute": {"unit": "tokens/min", "min": 59850.0, "p50": 59850.0, "p90": 59850.0, "p95": 59850.0, "p99": 59850.0, "max": 59850.0}}
{"target_qps": 5.0, "actual_qps": 4.999969010358824, "success_rate": 100.0, "input_tokens": 3786, "output_tokens": 198, "model": "QwQ-32B", "input_tokens_per_minute": 1232137.69001954, "output_tokens_per_minute": 64758.36748807918, "slo_seconds": 5.0, "slo_attainment": 0.3058103975535168, "ttft_slo_ms": 1000, "ttft_slo_attainment": 100.0, "tpot_slo_ms": 50, "tpot_slo_attainment": 47.706422018348626, "Latency": {"unit": "s", "min": 3.893476788995031, "p50": 10.334868507001374, "p90": 13.140834367598291, "p95": 13.517014790398388, "p99": 14.39708638811746, "max": 15.457076713995775}, "Throughput": {"unit": "tokens/s", "min": 11.985638020207233, "p50": 19.317448628806048, "p90": 25.915793234495773, "p95": 30.303133239627222, "p99": 35.300950919866786, "max": 38.00643482233574}, "TTFT": {"unit": "s", "min": 0.06306924499949673, "p50": 0.32967174400255317, "p90": 0.5059224907978205, "p95": 0.5201094771997304, "p99": 0.5728359108178119, "max": 0.8447833629979868}, "TPOT": {"unit": "ms", "min": 25.92092687938299, "p50": 50.34423588441501, "p90": 63.91676847939818, "p95": 66.56266910199999, "p99": 70.7532638422105, "max": 76.48246359420465}, "Input Tokens per Minute": {"unit": "tokens/min", "min": 1232137.69001954, "p50": 1232137.69001954, "p90": 1232137.69001954, "p95": 1232137.69001954, "p99": 1232137.69001954, "max": 1232137.69001954}, "Output Tokens per Minute": {"unit": "tokens/min", "min": 64758.36748807918, "p50": 64758.36748807918, "p90": 64758.36748807918, "p95": 64758.36748807918, "p99": 64758.36748807918, "max": 64758.36748807918}}
