{"actual_qps": 2.139625256607138, "success_rate": 100.0, "input_tokens": 3034, "output_tokens": 196, "model": "QwQ-32B", "input_tokens_per_minute": 147960.55995434235, "output_tokens_per_minute": 9595.472894979546, "slo_seconds": 5.0, "slo_attainment": 0.0, "ttft_slo_ms": 1000, "ttft_slo_attainment": 38.775510204081634, "tpot_slo_ms": 50, "tpot_slo_attainment": 65.3061224489796, "Latency": {"unit": "s", "min": 5.510390221999842, "p50": 10.422937003997504, "p90": 31.005824386799944, "p95": 31.798996939195785, "p99": 32.15801869020448, "max": 32.207246259000385}, "Throughput": {"unit": "tokens/s", "min": 2.361518219906278, "p50": 19.18844946710261, "p90": 28.71094659627544, "p95": 31.690236014667718, "p99": 34.30453070888871, "max": 36.29507021145512}, "TTFT": {"unit": "s", "min": 0.12754052798845805, "p50": 1.3879554869927233, "p90": 5.717527871605125, "p95": 6.536377158199317, "p99": 7.492877345476298, "max": 7.673844965000171}, "TPOT": {"unit": "ms", "min": 21.84204027636138, "p50": 37.74451514073921, "p90": 153.31550258192487, "p95": 154.25861631859394, "p99": 242.02333996045502, "max": 321.1756477074942}, "Input Tokens per Minute": {"unit": "tokens/min", "min": 147960.55995434235, "p50": 147960.55995434235, "p90": 147960.55995434235, "p95": 147960.55995434235, "p99": 147960.55995434235, "max": 147960.55995434235}, "Output Tokens per Minute": {"unit": "tokens/min", "min": 9595.472894979546, "p50": 9595.472894979546, "p90": 9595.472894979546, "p95": 9595.472894979546, "p99": 9595.472894979546, "max": 9595.472894979546}}
{"actual_qps": 2.0542361746327766, "success_rate": 100.0, "input_tokens": 3705, "output_tokens": 199, "model": "QwQ-32B", "input_tokens_per_minute": 489317.100382123, "output_tokens_per_minute": 26299.11407381057, "slo_seconds": 5.0, "slo_attainment": 0.0, "ttft_slo_ms": 1000, "ttft_slo_attainment": 0.7407407407407408, "tpot_slo_ms": 50, "tpot_slo_attainment": 6.666666666666667, "Latency": {"unit": "s", "min": 10.762589521997143, "p50": 30.079358781003975, "p90": 39.867473300397975, "p95": 42.46890160079201, "p99": 45.34162868616084, "max": 45.42843088800146}, "Throughput": {"unit": "tokens/s", "min": 4.4025293432008885, "p50": 6.642314556582075, "p90": 11.078911414241905, "p95": 12.91515276294425, "p99": 15.6806019905077, "max": 18.582888401646237}, "TTFT": {"unit": "s", "min": 0.8989534620050108, "p50": 6.125549011994735, "p90": 12.5006317928026, "p95": 13.729511056499904, "p99": 16.228847637003053, "max": 16.76697942300234}, "TPOT": {"unit": "ms", "min": 1.1106195779027062, "p50": 118.98645401507295, "p90": 166.164930652212, "p95": 177.30099357787142, "p99": 189.22791311064418, "max": 189.97008279395928}, "Input Tokens per Minute": {"unit": "tokens/min", "min": 489317.100382123, "p50": 489317.100382123, "p90": 489317.100382123, "p95": 489317.100382123, "p99": 489317.100382123, "max": 489317.100382123}, "Output Tokens per Minute": {"unit": "tokens/min", "min": 26299.11407381057, "p50": 26299.11407381057, "p90": 26299.11407381057, "p95": 26299.11407381057, "p99": 26299.11407381057, "max": 26299.11407381057}}
{"actual_qps": 1.9637338619445128, "success_rate": 100.0, "input_tokens": 3712, "output_tokens": 196, "model": "QwQ-32B", "input_tokens_per_minute": 450286.61306410027, "output_tokens_per_minute": 23861.42047991301, "slo_seconds": 5.0, "slo_attainment": 0.0, "ttft_slo_ms": 1000, "ttft_slo_attainment": 0.8064516129032258, "tpot_slo_ms": 50, "tpot_slo_attainment": 4.032258064516129, "Latency": {"unit": "s", "min": 13.995628945995122, "p50": 31.095119276498735, "p90": 42.74154982159089, "p95": 44.23270960445079, "p99": 45.38955648663497, "max": 47.27890449800179}, "Throughput": {"unit": "tokens/s", "min": 2.406846197291195, "p50": 6.394733366106694, "p90": 10.893689423917424, "p95": 12.296930156396948, "p99": 13.841719632271673, "max": 14.290175937911702}, "TTFT": {"unit": "s", "min": 0.9261450549965957, "p50": 4.608610057497572, "p90": 11.498661048497889, "p95": 13.331207298053048, "p99": 17.879305661053216, "max": 18.746197051994386}, "TPOT": {"unit": "ms", "min": 4.1393573115399604, "p50": 138.230859954773, "p90": 176.58766729593535, "p95": 178.67454985967157, "p99": 281.00913652333645, "max": 390.27463781172446}, "Input Tokens per Minute": {"unit": "tokens/min", "min": 450286.61306410027, "p50": 450286.61306410027, "p90": 450286.61306410027, "p95": 450286.61306410027, "p99": 450286.61306410027, "max": 450286.61306410027}, "Output Tokens per Minute": {"unit": "tokens/min", "min": 23861.42047991301, "p50": 23861.42047991301, "p90": 23861.42047991301, "p95": 23861.42047991301, "p99": 23861.42047991301, "max": 23861.42047991301}}
{"actual_qps": 2.1314879108309386, "success_rate": 100.0, "input_tokens": 3696, "output_tokens": 198, "model": "QwQ-32B", "input_tokens_per_minute": 466417.2580734786, "output_tokens_per_minute": 25106.678884821355, "slo_seconds": 5.0, "slo_attainment": 0.0, "ttft_slo_ms": 1000, "ttft_slo_attainment": 0.0, "tpot_slo_ms": 50, "tpot_slo_attainment": 0.0, "Latency": {"unit": "s", "min": 14.406945390001056, "p50": 34.5894426980085, "p90": 45.54629540439928, "p95": 47.53592704139301, "p99": 49.659336054802985, "max": 52.83141011999396}, "Throughput": {"unit": "tokens/s", "min": 3.785626761537268, "p50": 5.756788044728241, "p90": 7.2719753425517855, "p95": 7.999915403480321, "p99": 9.109279804986146, "max": 9.258327422749204}, "TTFT": {"unit": "s", "min": 1.0644008069939446, "p50": 8.880867330997717, "p90": 15.258121371400193, "p95": 17.595747113396648, "p99": 18.692543000524747, "max": 21.171112940995954}, "TPOT": {"unit": "ms", "min": 63.617416824086625, "p50": 131.581166045212, "p90": 157.55939755274918, "p95": 162.086230171897, "p99": 166.93366505504568, "max": 170.20753535172076}, "Input Tokens per Minute": {"unit": "tokens/min", "min": 466417.2580734786, "p50": 466417.2580734786, "p90": 466417.2580734786, "p95": 466417.2580734786, "p99": 466417.2580734786, "max": 466417.2580734786}, "Output Tokens per Minute": {"unit": "tokens/min", "min": 25106.678884821355, "p50": 25106.678884821355, "p90": 25106.678884821355, "p95": 25106.678884821355, "p99": 25106.678884821355, "max": 25106.678884821355}}
{"actual_qps": 2.3442409459643323, "success_rate": 100.0, "input_tokens": 3613, "output_tokens": 198, "model": "QwQ-32B", "input_tokens_per_minute": 505469.2659609499, "output_tokens_per_minute": 27720.449865116014, "slo_seconds": 5.0, "slo_attainment": 0.0, "ttft_slo_ms": 1000, "ttft_slo_attainment": 2.097902097902098, "tpot_slo_ms": 50, "tpot_slo_attainment": 0.0, "Latency": {"unit": "s", "min": 15.692140468003345, "p50": 34.14862337899103, "p90": 41.5085861552041, "p95": 43.20249284690217, "p99": 46.74645372653789, "max": 48.23310440899513}, "Throughput": {"unit": "tokens/s", "min": 1.7235586095721496, "p50": 5.795116359714349, "p90": 7.9814313602830795, "p95": 9.913200478812598, "p99": 11.782846918863935, "max": 12.745233858172814}, "TTFT": {"unit": "s", "min": 0.8443989399966085, "p50": 7.54486428500968, "p90": 13.60351301820774, "p95": 14.411788993507798, "p99": 17.3057268636345, "max": 18.524456069993903}, "TPOT": {"unit": "ms", "min": 52.23611058296119, "p50": 131.08146888440552, "p90": 158.289420170854, "p95": 162.01304986986804, "p99": 180.12636233722836, "max": 517.9660505000356}, "Input Tokens per Minute": {"unit": "tokens/min", "min": 505469.2659609499, "p50": 505469.2659609499, "p90": 505469.2659609499, "p95": 505469.2659609499, "p99": 505469.2659609499, "max": 505469.2659609499}, "Output Tokens per Minute": {"unit": "tokens/min", "min": 27720.449865116014, "p50": 27720.449865116014, "p90": 27720.449865116014, "p95": 27720.449865116014, "p99": 27720.449865116014, "max": 27720.449865116014}}
{"actual_qps": 2.262290689229397, "success_rate": 100.0, "input_tokens": 3523, "output_tokens": 198, "model": "QwQ-32B", "input_tokens_per_minute": 679031.6803556732, "output_tokens_per_minute": 38169.6645400814, "slo_seconds": 5.0, "slo_attainment": 11.6751269035533, "ttft_slo_ms": 1000,