{"actual_qps": 5.293738057300524, "success_rate": 100.0, "input_tokens": 3761, "output_tokens": 200, "model": "QwQ-32B", "input_tokens_per_minute": 533477.6668845651, "output_tokens_per_minute": 28362.780050123907, "slo_seconds": 5.0, "slo_attainment": 0.0, "ttft_slo_ms": 1000, "ttft_slo_attainment": 6.164383561643835, "tpot_slo_ms": 50, "tpot_slo_attainment": 50.68493150684932, "Latency": {"unit": "s", "min": 6.961413726006867, "p50": 14.796833182001137, "p90": 19.07313247550337, "p95": 29.43739486274353, "p99": 37.95015358765379, "max": 38.80337159799819}, "Throughput": {"unit": "tokens/s", "min": 5.154191292241154, "p50": 13.516407104121193, "p90": 19.32698510400259, "p95": 21.881891325867397, "p99": 26.407944576694923, "max": 28.72979654302516}, "TTFT": {"unit": "s", "min": 0.39167258999077603, "p50": 2.5501148394978372, "p90": 8.079058548501052, "p95": 10.49364478175994, "p99": 11.302146096959047, "max": 12.783974997990299}, "TPOT": {"unit": "ms", "min": 31.256261527662318, "p50": 49.1222826457666, "p90": 76.55118723617412, "p95": 126.71708383291916, "p99": 141.64573035048483, "max": 145.48729713568898}, "Input Tokens per Minute": {"unit": "tokens/min", "min": 533477.6668845651, "p50": 533477.6668845651, "p90": 533477.6668845651, "p95": 533477.6668845651, "p99": 533477.6668845651, "max": 533477.6668845651}, "Output Tokens per Minute": {"unit": "tokens/min", "min": 28362.780050123907, "p50": 28362.780050123907, "p90": 28362.780050123907, "p95": 28362.780050123907, "p99": 28362.780050123907, "max": 28362.780050123907}}
{"actual_qps": 5.612212229360536, "success_rate": 100.0, "input_tokens": 3859, "output_tokens": 199, "model": "QwQ-32B", "input_tokens_per_minute": 1345992.6377458184, "output_tokens_per_minute": 69610.22713329211, "slo_seconds": 5.0, "slo_attainment": 0.0, "ttft_slo_ms": 1000, "ttft_slo_attainment": 0.2785515320334262, "tpot_slo_ms": 50, "tpot_slo_attainment": 0.5571030640668524, "Latency": {"unit": "s", "min": 13.411578240004019, "p50": 34.221330140993814, "p90": 45.92882177999709, "p95": 48.19423566480837, "p99": 51.44386834866224, "max": 52.93857871099317}, "Throughput": {"unit": "tokens/s", "min": 3.777963157867482, "p50": 5.812909231674513, "p90": 9.288542334544662, "p95": 10.091169107292332, "p99": 12.109388945961719, "max": 14.912488032425635}, "TTFT": {"unit": "s", "min": 0.5461427510017529, "p50": 6.58201995100535, "p90": 11.964670946198748, "p95": 13.888027649204012, "p99": 17.40964663488355, "max": 19.96732190300827}, "TPOT": {"unit": "ms", "min": 2.9125257537655775, "p50": 145.03784441711187, "p90": 185.6764588321778, "p95": 192.1683535904781, "p99": 201.82113297620322, "max": 205.89276333668576}, "Input Tokens per Minute": {"unit": "tokens/min", "min": 1345992.6377458184, "p50": 1345992.6377458184, "p90": 1345992.6377458184, "p95": 1345992.6377458184, "p99": 1345992.6377458184, "max": 1345992.6377458184}, "Output Tokens per Minute": {"unit": "tokens/min", "min": 69610.22713329211, "p50": 69610.22713329211, "p90": 69610.22713329211, "p95": 69610.22713329211, "p99": 69610.22713329211, "max": 69610.22713329211}}
{"actual_qps": 5.4801498462174, "success_rate": 100.0, "input_tokens": 3605, "output_tokens": 200, "model": "QwQ-32B", "input_tokens_per_minute": 760008.8599575034, "output_tokens_per_minute": 42155.638841622516, "slo_seconds": 5.0, "slo_attainment": 0.0, "ttft_slo_ms": 1000, "ttft_slo_attainment": 0.0, "tpot_slo_ms": 50, "tpot_slo_attainment": 0.0, "Latency": {"unit": "s", "min": 18.639695272999234, "p50": 37.77447210600076, "p90": 50.79511291579111, "p95": 52.49488979539892, "p99": 55.3404123216297, "max": 59.599773922993336}, "Throughput": {"unit": "tokens/s", "min": 3.3557174270226695, "p50": 5.294580939179518, "p90": 7.6970895435147355, "p95": 8.603512015898461, "p99": 10.049415634763665, "max": 10.729789144660135}, "TTFT": {"unit": "s", "min": 3.2328587810043246, "p50": 9.67952818100457, "p90": 24.219234943398625, "p95": 25.309240607600078, "p99": 29.228073290276818, "max": 37.973418786001275}, "TPOT": {"unit": "ms", "min": 55.69384151760515, "p50": 130.75429524120116, "p90": 155.43478728741778, "p95": 163.83579678895788, "p99": 170.34377525024988, "max": 172.48243325626555}, "Input Tokens per Minute": {"unit": "tokens/min", "min": 760008.8599575034, "p50": 760008.8599575034, "p90": 760008.8599575034, "p95": 760008.8599575034, "p99": 760008.8599575034, "max": 760008.8599575034}, "Output Tokens per Minute": {"unit": "tokens/min", "min": 42155.638841622516, "p50": 42155.638841622516, "p90": 42155.638841622516, "p95": 42155.638841622516, "p99": 42155.638841622516, "max": 42155.638841622516}}
{"actual_qps": 5.711639949357721, "success_rate": 100.0, "input_tokens": 3802, "output_tokens": 199, "model": "QwQ-32B", "input_tokens_per_minute": 1455183.512970292, "output_tokens_per_minute": 76430.89293849657, "slo_seconds": 5.0, "slo_attainment": 0.0, "ttft_slo_ms": 1000, "ttft_slo_attainment": 0.0, "tpot_slo_ms": 50, "tpot_slo_attainment": 0.0, "Latency": {"unit": "s", "min": 20.75276507200033, "p50": 38.83377245849988, "p90": 53.73802352300408, "p95": 56.15095614609963, "p99": 62.716032074151876, "max": 65.5576015330007}, "Throughput": {"unit": "tokens/s", "min": 3.0507522441821338, "p50": 5.147649325274587, "p90": 6.55110767043016, "p95": 7.124640818250354, "p99": 8.298080545623419, "max": 9.637269988173305}, "TTFT": {"unit": "s", "min": 1.6829110429971479, "p50": 9.574888408991683, "p90": 24.60256185050821, "p95": 26.09328559815038, "p99": 36.55849349276366, "max": 38.26119535899488}, "TPOT": {"unit": "ms", "min": 57.556112954786734, "p50": 139.58071731659817, "p90": 160.12335096830478, "p95": 163.83561702742327, "p99": 176.82424001825385, "max": 230.46984129781623}, "Input Tokens per Minute": {"unit": "tokens/min", "min": 1455183.512970292, "p50": 1455183.512970292, "p90": 1455183.512970292, "p95": 1455183.512970292, "p99": 1455183.512970292, "max": 1455183.512970292}, "Output Tokens per Minute": {"unit": "tokens/min", "min": 76430.89293849657, "p50": 76430.89293849657, "p90": 76430.89293849657, "p95": 76430.89293849657, "p99": 76430.89293849657, "max": 76430.89293849657}}
{"actual_qps": 5.8729341502142836, "success_rate": 100.0, "input_tokens": 3742, "output_tokens": 199, "model": "QwQ-32B", "input_tokens_per_minute": 1301431.9905684388, "output_tokens_per_minute": 69539.3201831668, "slo_seconds": 5.0, "slo_attainment": 0.0, "ttft_slo_ms": 1000, "ttft_slo_attainment": 3.072625698324022, "tpot_slo_ms": 50, "tpot_slo_attainment": 0.27932960893854747, "Latency": {"unit": "s", "min": 13.232662370995968, "p50": 33.577709341996524, "p90": 43.06640197759262, "p95": 45.67825447840004, "p99": 50.12819370319427, "max": 53.49293503900117}, "Throughput": {"unit": "tokens/s", "min": 3.738811487053047, "p50": 5.956344832885868, "p90": 9.144694450425984, "p95": 10.6276315342883, "p99": 13.137755614119778, "max": 15.11411644858183}, "TTFT": {"unit": "s", "min": 0.2534865589987021, "p50": 8.695413484507299, "p90": 14.143850675504655, "p95": 16.296801562250767, "p99": 19.21897082562559, "max": 20.905458450011793}, "TPOT": {"unit": "ms", "min": 46.48571054270695, "p50": 125.0959094120561, "p90": 154.93746557690224, "p95": 158.11589675553722, "p99": 165.1276670971904, "max": 179.4928263718714}, "Input Tokens per Minute": {"unit": "tokens/min", "min": 1301431.9905684388, "p50": 1301431.9905684388, "p90": 1301431.9905684388, "p95": 1301431.9905684388, "p99": 1301431.9905684388, "max": 1301431.9905684388}, "Output Tokens per Minute": {"unit": "tokens/min", "min": 69539.3201831668, "p50": 69539.3201831668, "p90": 69539.3201831668, "p95": 69539.3201831668, "p99": 69539.3201831668, "max": 69539.3201831668}}
{"actual_qps": 5.720514456667827, "success_rate": 100.0, "input_tokens": 3787, "output_tokens": 199, "model": "QwQ-32B", "input_tokens_per_minute": 1843364.0970953424, "output_tokens_per_minute": 97262.966354079, "slo_seconds": 5.0, "slo_attainment": 0.0, "ttft_slo_ms": 1000, "ttft_slo_attainment": 5.9880239520958085,