{"target_qps": 5.0, "actual_qps": 4.998752748105794, "success_rate": 100.0, "input_tokens": 4133, "output_tokens": 199, "model": "QwQ-32B", "input_tokens_per_minute": 1239923.2044198895, "output_tokens_per_minute": 59983.42541436463, "slo_seconds": 5.0, "slo_attainment": 0.0, "ttft_slo_ms": 1000, "ttft_slo_attainment": 24.30939226519337, "tpot_slo_ms": 50, "tpot_slo_attainment": 61.32596685082873, "Latency": {"unit": "s", "min": 5.236298693002027, "p50": 11.72830388500006, "p90": 16.625402487999963, "p95": 17.83582861100149, "p99": 20.37062420520159, "max": 23.85445061700011}, "Throughput": {"unit": "tokens/s", "min": 8.38417967410526, "p50": 17.052764147405018, "p90": 29.256938634484047, "p95": 32.14956550909839, "p99": 36.01762993378585, "max": 38.1949181522603}, "TTFT": {"unit": "s", "min": 0.18586331099868403, "p50": 2.0224306500022067, "p90": 4.383117621000565, "p95": 6.024988912999106, "p99": 10.599760204400793, "max": 14.889072407997446}, "TPOT": {"unit": "ms", "min": 14.754484919608124, "p50": 46.46713217085224, "p90": 69.88297301006297, "p95": 75.53648506029788, "p99": 80.77457627337047, "max": 85.65212995478335}, "Input Tokens per Minute": {"unit": "tokens/min", "min": 1239923.2044198895, "p50": 1239923.2044198895, "p90": 1239923.2044198895, "p95": 1239923.2044198895, "p99": 1239923.2044198895, "max": 1239923.2044198895}, "Output Tokens per Minute": {"unit": "tokens/min", "min": 59983.42541436463, "p50": 59983.42541436463, "p90": 59983.42541436463, "p95": 59983.42541436463, "p99": 59983.42541436463, "max": 59983.42541436463}}
{"target_qps": 5.0, "actual_qps": 4.994711242947109, "success_rate": 99.65156794425087, "input_tokens": 4205, "output_tokens": 199, "model": "QwQ-32B", "input_tokens_per_minute": 1261563.986013986, "output_tokens_per_minute": 59906.643356643355, "slo_seconds": 5.0, "slo_attainment": 0.0, "ttft_slo_ms": 1000, "ttft_slo_attainment": 1.0452961672473868, "tpot_slo_ms": 50, "tpot_slo_attainment": 29.965156794425084, "Latency": {"unit": "s", "min": 9.561847172000853, "p50": 21.645221062999553, "p90": 33.75361820500075, "p95": 36.78500586274822, "p99": 40.25122580354818, "max": 50.621263591998286}, "Throughput": {"unit": "tokens/s", "min": 3.950908883112393, "p50": 9.222905623147243, "p90": 12.55909791748379, "p95": 13.487751185332693, "p99": 17.23261114049194, "max": 20.916460638028504}, "TTFT": {"unit": "s", "min": 0.17097017699779826, "p50": 9.437574212497566, "p90": 20.033940763001738, "p95": 22.328513090249544, "p99": 25.055415060999604, "max": 31.612287476997153}, "TPOT": {"unit": "ms", "min": 13.485897386926442, "p50": 61.754827522610924, "p90": 98.07600787939575, "p95": 111.73535203265851, "p99": 118.72130604925727, "max": 122.73549896795325}, "Input Tokens per Minute": {"unit": "tokens/min", "min": 1261563.986013986, "p50": 1261563.986013986, "p90": 1261563.986013986, "p95": 1261563.986013986, "p99": 1261563.986013986, "max": 1261563.986013986}, "Output Tokens per Minute": {"unit": "tokens/min", "min": 59906.643356643355, "p50": 59906.643356643355, "p90": 59906.643356643355, "p95": 59906.643356643355, "p99": 59906.643356643355, "max": 59906.643356643355}, "exceptions": {"Request timed out.": 1}}
{"target_qps": 5.0, "actual_qps": 4.999818574000014, "success_rate": 100.0, "input_tokens": 4128, "output_tokens": 199, "model": "QwQ-32B", "input_tokens_per_minute": 1376676.6296029766, "output_tokens_per_minute": 66573.80433113062, "slo_seconds": 5.0, "slo_attainment": 0.0, "ttft_slo_ms": 1000, "ttft_slo_attainment": 12.931034482758621, "tpot_slo_ms": 50, "tpot_slo_attainment": 33.04597701149425, "Latency": {"unit": "s", "min": 6.816072956997232, "p50": 17.62479756099856, "p90": 36.542271623800495, "p95": 44.603600312951855, "p99": 49.61693984104015, "max": 52.744778291998955}, "Throughput": {"unit": "tokens/s", "min": 3.7918445479623664, "p50": 11.347689943523626, "p90": 22.32712545855794, "p95": 25.326645130367403, "p99": 27.940870923905862, "max": 29.342408929863986}, "TTFT": {"unit": "s", "min": 0.3180029620016285, "p50": 4.6704126429995085, "p90": 14.461799210499157, "p95": 18.12198114810033, "p99": 25.88617514733945, "max": 30.11368085199865}, "TPOT": {"unit": "ms", "min": 22.12887674875162, "p50": 60.135197620604515, "p90": 113.6233252728657, "p95": 147.90966550829046, "p99": 169.08476316638607, "max": 174.95332132162346}, "Input Tokens per Minute": {"unit": "tokens/min", "min": 1376676.6296029766, "p50": 1376676.6296029766, "p90": 1376676.6296029766, "p95": 1376676.6296029766, "p99": 1376676.6296029766, "max": 1376676.6296029766}, "Output Tokens per Minute": {"unit": "tokens/min", "min": 66573.80433113062, "p50": 66573.80433113062, "p90": 66573.80433113062, "p95": 66573.80433113062, "p99": 66573.80433113062, "max": 66573.80433113062}}
{"target_qps": 5.0, "actual_qps": 4.999977283603413, "success_rate": 100.0, "input_tokens": 4165, "output_tokens": 199, "model": "QwQ-32B", "input_tokens_per_minute": 1345243.897386469, "output_tokens_per_minute": 64504.033225205676, "slo_seconds": 5.0, "slo_attainment": 1.1869436201780417, "ttft_slo_ms": 1000, "ttft_slo_attainment": 54.3026706231454, "tpot_slo_ms": 50, "tpot_slo_attainment": 37.388724035608305, "Latency": {"unit": "s", "min": 4.53132764700058, "p50": 15.416892181998264, "p90": 30.85318014800143, "p95": 35.15439125239863, "p99": 41.49248961100121, "max": 48.077610638003534}, "Throughput": {"unit": "tokens/s", "min": 4.159940507565648, "p50": 12.972783206821191, "p90": 31.751666701128972, "p95": 33.81735134096574, "p99": 40.007752662303524, "max": 44.13717470472167}, "TTFT": {"unit": "s", "min": 0.07272317399838357, "p50": 0.9139508029984427, "p90": 9.472532202000007, "p95": 12.952058980802393, "p99": 16.90969054771878, "max": 18.310800674997154}, "TPOT": {"unit": "ms", "min": 21.703107356777984, "p50": 64.8730455226057, "p90": 122.19707930552563, "p95": 139.62477637487697, "p99": 153.2950662408045, "max": 187.03287587825045}, "Input Tokens per Minute": {"unit": "tokens/min", "min": 1345243.897386469, "p50": 1345243.897386469, "p90": 1345243.897386469, "p95": 1345243.897386469, "p99": 1345243.897386469, "max": 1345243.897386469}, "Output Tokens per Minute": {"unit": "tokens/min", "min": 64504.033225205676, "p50": 64504.033225205676, "p90": 64504.033225205676, "p95": 64504.033225205676, "p99": 64504.033225205676, "max": 64504.033225205676}}
{"target_qps": 5.0, "actual_qps": 4.999952437118864, "success_rate": 100.0, "input_tokens": 4082, "output_tokens": 199, "model": "QwQ-32B", "input_tokens_per_minute": 1224743.9597315437, "output_tokens_per_minute": 59890.268456375845, "slo_seconds": 5.0, "slo_attainment": 2.348993288590604, "ttft_slo_ms": 1000, "ttft_slo_attainment": 90.93959731543623, "tpot_slo_ms": 50, "tpot_slo_attainment": 50.33557046979866, "Latency": {"unit": "s", "min": 3.212642603000859, "p50": 10.474941266000314, "p90": 22.26319612230145, "p95": 24.052917781749052, "p99": 25.35262710600218, "max": 26.700841030000447}, "Throughput": {"unit": "tokens/s", "min": 7.490400762106505, "p50": 19.093378552220898, "p90": 33.09549123750997, "p95": 36.87290284873227, "p99": 42.78913591794603, "max": 48.782990764959195}, "TTFT": {"unit": "s", "min": 0.05818821499997284, "p50": 0.5173927369996818, "p90": 0.9581199933971221, "p95": 1.1112881828494208, "p99": 1.3346365936594489, "max": 1.8683891450018564}, "TPOT": {"unit": "ms", "min": 20.309554884417466, "p50": 49.661041899498606, "p90": 108.43656776983633, "p95": 117.53502811079211, "p99": 124.74487498648126, "max": 133.5804310854372}, "Input Tokens per Minute": {"unit": "tokens/min", "min": 1224743.9597315437, "p50": 1224743.9597315437, "p90": 1224743.9597315437, "p95": 1224743.9597315437, "p99": 1224743.9597315437, "max": 1224743.9597315437}, "Output Tokens per Minute": {"unit": "tokens/min", "min": 59890.268456375845, "p50": 59890.268456375845, "p90": 59890.268456375845, "p95": 59890.268456375845, "p99": 59890.268456375845, "max": 59890.268456375845}}
{"target_qps": 5.0, "actual_qps": 4.999929791236027,