{"target_qps": 5.0, "actual_qps": 4.9925825929660546, "success_rate": 100.0, "input_tokens": 3836, "output_tokens": 199, "model": "QwQ-32B", "input_tokens_per_minute": 1151045.6896551724, "output_tokens_per_minute": 59796.98275862069, "slo_seconds": 5.0, "slo_attainment": 0.0, "ttft_slo_ms": 1000, "ttft_slo_attainment": 8.620689655172415, "tpot_slo_ms": 50, "tpot_slo_attainment": 66.8103448275862, "Latency": {"unit": "s", "min": 6.211803214999236, "p50": 12.267576625999936, "p90": 17.64977131589876, "p95": 19.123869564349658, "p99": 21.986890073792562, "max": 22.264902373997757}, "Throughput": {"unit": "tokens/s", "min": 6.3615803796709445, "p50": 16.282327255831056, "p90": 24.07226052661176, "p95": 26.88866514876097, "p99": 30.7290572655853, "max": 32.19677009681715}, "TTFT": {"unit": "s", "min": 0.1667153509988566, "p50": 3.4717430974997114, "p90": 6.649166322400925, "p95": 7.224565749948668, "p99": 9.016989831030003, "max": 11.022295507002127}, "TPOT": {"unit": "ms", "min": 15.688713487435422, "p50": 43.71900403517182, "p90": 59.34925672011391, "p95": 66.73059531457596, "p99": 79.19027229662225, "max": 81.6966091708547}, "Input Tokens per Minute": {"unit": "tokens/min", "min": 1151045.6896551724, "p50": 1151045.6896551724, "p90": 1151045.6896551724, "p95": 1151045.6896551724, "p99": 1151045.6896551724, "max": 1151045.6896551724}, "Output Tokens per Minute": {"unit": "tokens/min", "min": 59796.98275862069, "p50": 59796.98275862069, "p90": 59796.98275862069, "p95": 59796.98275862069, "p99": 59796.98275862069, "max": 59796.98275862069}}
{"target_qps": 5.0, "actual_qps": 4.9887084593281195, "success_rate": 100.0, "input_tokens": 3784, "output_tokens": 199, "model": "QwQ-32B", "input_tokens_per_minute": 1135278.082191781, "output_tokens_per_minute": 59772.602739726026, "slo_seconds": 5.0, "slo_attainment": 0.0, "ttft_slo_ms": 1000, "ttft_slo_attainment": 3.1963470319634704, "tpot_slo_ms": 50, "tpot_slo_attainment": 45.662100456621005, "Latency": {"unit": "s", "min": 5.7073134269994625, "p50": 17.334895599000447, "p90": 29.86601538620016, "p95": 34.0206853609976, "p99": 39.944966670920905, "max": 47.910555940998165}, "Throughput": {"unit": "tokens/s", "min": 4.174445402935836, "p50": 11.478410565906046, "p90": 18.426358182423797, "p95": 20.88033098461016, "p99": 30.89866245403877, "max": 35.042757430118414}, "TTFT": {"unit": "s", "min": 0.33566931399764144, "p50": 6.933951569000783, "p90": 17.591401308400236, "p95": 20.00456497399864, "p99": 25.822258835760657, "max": 31.99408253999718}, "TPOT": {"unit": "ms", "min": 17.10277970855188, "p50": 50.95067542210767, "p90": 80.42065341407086, "p95": 84.35152394477011, "p99": 92.23761881426222, "max": 99.2417482160836}, "Input Tokens per Minute": {"unit": "tokens/min", "min": 1135278.082191781, "p50": 1135278.082191781, "p90": 1135278.082191781, "p95": 1135278.082191781, "p99": 1135278.082191781, "max": 1135278.082191781}, "Output Tokens per Minute": {"unit": "tokens/min", "min": 59772.602739726026, "p50": 59772.602739726026, "p90": 59772.602739726026, "p95": 59772.602739726026, "p99": 59772.602739726026, "max": 59772.602739726026}}
{"target_qps": 5.0, "actual_qps": 4.999070081945533, "success_rate": 100.0, "input_tokens": 4080, "output_tokens": 199, "model": "QwQ-32B", "input_tokens_per_minute": 1502896.676556502, "output_tokens_per_minute": 73432.21430720518, "slo_seconds": 5.0, "slo_attainment": 0.0, "ttft_slo_ms": 1000, "ttft_slo_attainment": 11.200000000000001, "tpot_slo_ms": 50, "tpot_slo_attainment": 32.266666666666666, "Latency": {"unit": "s", "min": 6.037373191997176, "p50": 16.844908500999736, "p90": 39.39865912220121, "p95": 44.79187364879945, "p99": 53.924970983020174, "max": 56.62786942100138}, "Throughput": {"unit": "tokens/s", "min": 3.5318298577171388, "p50": 11.868209905785166, "p90": 23.060914536943702, "p95": 25.45613655611218, "p99": 30.306424864827115, "max": 33.12698977514086}, "TTFT": {"unit": "s", "min": 0.1545868960020016, "p50": 3.804158129001735, "p90": 13.866457979998815, "p95": 19.637782942399284, "p99": 25.941815155318974, "max": 29.13875904300221}, "TPOT": {"unit": "ms", "min": 17.61535137689066, "p50": 66.04425295477793, "p90": 134.5542324613129, "p95": 149.19888110754124, "p99": 164.05751188904947, "max": 174.17463221105052}, "Input Tokens per Minute": {"unit": "tokens/min", "min": 1502896.676556502, "p50": 1502896.676556502, "p90": 1502896.676556502, "p95": 1502896.676556502, "p99": 1502896.676556502, "max": 1502896.676556502}, "Output Tokens per Minute": {"unit": "tokens/min", "min": 73432.21430720518, "p50": 73432.21430720518, "p90": 73432.21430720518, "p95": 73432.21430720518, "p99": 73432.21430720518, "max": 73432.21430720518}}
{"target_qps": 5.0, "actual_qps": 4.9999011448711235, "success_rate": 100.0, "input_tokens": 3901, "output_tokens": 199, "model": "QwQ-32B", "input_tokens_per_minute": 1184035.6496283878, "output_tokens_per_minute": 60541.52974339939, "slo_seconds": 5.0, "slo_attainment": 0.3236245954692557, "ttft_slo_ms": 1000, "ttft_slo_attainment": 48.86731391585761, "tpot_slo_ms": 50, "tpot_slo_attainment": 43.689320388349515, "Latency": {"unit": "s", "min": 4.9899119030014845, "p50": 13.512841866002418, "p90": 28.71027301020149, "p95": 31.48229038780118, "p99": 35.653264859078625, "max": 37.87027359900094}, "Throughput": {"unit": "tokens/s", "min": 5.28118708931842, "p50": 14.568875491948052, "p90": 32.08531178022931, "p95": 34.69219298233181, "p99": 38.64254870681369, "max": 40.080867936706035}, "TTFT": {"unit": "s", "min": 0.07523564399889437, "p50": 1.030467068998405, "p90": 6.0815443293991835, "p95": 7.798552386799564, "p99": 9.697081640721882, "max": 11.730819625001459}, "TPOT": {"unit": "ms", "min": 17.873047185915784, "p50": 56.42311267839071, "p90": 131.23531574472224, "p95": 137.3585421658285, "p99": 149.22515310431547, "max": 153.01374097989947}, "Input Tokens per Minute": {"unit": "tokens/min", "min": 1184035.6496283878, "p50": 1184035.6496283878, "p90": 1184035.6496283878, "p95": 1184035.6496283878, "p99": 1184035.6496283878, "max": 1184035.6496283878}, "Output Tokens per Minute": {"unit": "tokens/min", "min": 60541.52974339939, "p50": 60541.52974339939, "p90": 60541.52974339939, "p95": 60541.52974339939, "p99": 60541.52974339939, "max": 60541.52974339939}}
{"target_qps": 5.0, "actual_qps": 4.999969055108138, "success_rate": 100.0, "input_tokens": 4011, "output_tokens": 199, "model": "QwQ-32B", "input_tokens_per_minute": 1229375.501986752, "output_tokens_per_minute": 61135.72891757863, "slo_seconds": 5.0, "slo_attainment": 3.205128205128205, "ttft_slo_ms": 1000, "ttft_slo_attainment": 89.1025641025641, "tpot_slo_ms": 50, "tpot_slo_attainment": 47.756410256410255, "Latency": {"unit": "s", "min": 3.3424453160005214, "p50": 10.843583071502508, "p90": 22.075696440998957, "p95": 26.220542354452117, "p99": 33.04754022542881, "max": 34.7166832490002}, "Throughput": {"unit": "tokens/s", "min": 5.760918995790296, "p50": 18.299451498496946, "p90": 33.079426807102934, "p95": 38.02098629545344, "p99": 45.80335102899607, "max": 49.594746091721596}, "TTFT": {"unit": "s", "min": 0.06725649199870531, "p50": 0.5085335579988168, "p90": 1.026736568800698, "p95": 2.0338589213981253, "p99": 5.479492984059903, "max": 5.6115807149981265}, "TPOT": {"unit": "ms", "min": 18.505998678385787, "p50": 52.57644734422743, "p90": 104.79761783467097, "p95": 121.02036585678725, "p99": 141.71901946732694, "max": 150.8834996834114}, "Input Tokens per Minute": {"unit": "tokens/min", "min": 1229375.501986752, "p50": 1229375.501986752, "p90": 1229375.501986752, "p95": 1229375.501986752, "p99": 1229375.501986752, "max": 1229375.501986752}, "Output Tokens per Minute": {"unit": "tokens/min", "min": 61135.72891757863, "p50": 61135.72891757863, "p90": 61135.72891757863, "p95": 61135.72891757863, "p99": 61135.72891757863, "max": 61135.72891757863}}
{"target_qps": 5.0, "actual_qps": 4.9999781266789896, "success_rate": 100.0, "input_tokens": 3921, "output_tokens": 199, "model": "QwQ-32B",