{"target_qps": 2.0, "actual_qps": 1.9987666857346948, "success_rate": 100.0, "input_tokens": 3865, "output_tokens": 198, "model": "QwQ-32B", "input_tokens_per_minute": 463802.3076923077, "output_tokens_per_minute": 23852.30769230769, "slo_seconds": 5.0, "slo_attainment": 5.769230769230769, "ttft_slo_ms": 1000, "ttft_slo_attainment": 65.38461538461539, "tpot_slo_ms": 50, "tpot_slo_attainment": 76.92307692307693, "Latency": {"unit": "s", "min": 2.840736107002158, "p50": 9.452093401998354, "p90": 13.11025508119783, "p95": 14.653567195698084, "p99": 15.972627384849838, "max": 16.445315203000064}, "Throughput": {"unit": "tokens/s", "min": 12.161518191120756, "p50": 21.159667350477264, "p90": 35.98940148702541, "p95": 38.68538209387487, "p99": 44.31805821301869, "max": 45.56044312501063}, "TTFT": {"unit": "s", "min": 0.151084876000823, "p50": 0.8081087715017929, "p90": 1.8287593205983286, "p95": 2.1670370276997346, "p99": 4.1565382789116105, "max": 6.930779062000511}, "TPOT": {"unit": "ms", "min": 18.18844920603281, "p50": 41.80423174873785, "p90": 61.67815650853537, "p95": 66.32372084822872, "p99": 74.34673554493769, "max": 78.86670023113976}, "Input Tokens per Minute": {"unit": "tokens/min", "min": 463802.3076923077, "p50": 463802.3076923077, "p90": 463802.3076923077, "p95": 463802.3076923077, "p99": 463802.3076923077, "max": 463802.3076923077}, "Output Tokens per Minute": {"unit": "tokens/min", "min": 23852.30769230769, "p50": 23852.30769230769, "p90": 23852.30769230769, "p95": 23852.30769230769, "p99": 23852.30769230769, "max": 23852.30769230769}}
{"target_qps": 2.0, "actual_qps": 1.999780738007206, "success_rate": 100.0, "input_tokens": 3760, "output_tokens": 199, "model": "QwQ-32B", "input_tokens_per_minute": 451315.7894736842, "output_tokens_per_minute": 23950.526315789473, "slo_seconds": 5.0, "slo_attainment": 3.508771929824561, "ttft_slo_ms": 1000, "ttft_slo_attainment": 68.42105263157895, "tpot_slo_ms": 50, "tpot_slo_attainment": 58.77192982456141, "Latency": {"unit": "s", "min": 4.405812004999461, "p50": 9.896220660501058, "p90": 20.405994242299496, "p95": 23.015468748247983, "p99": 27.2531924959393, "max": 28.935649481001747}, "Throughput": {"unit": "tokens/s", "min": 6.911889091389285, "p50": 20.210211663779617, "p90": 35.66183649032315, "p95": 38.8346346711826, "p99": 43.5216937164787, "max": 45.39458328522677}, "TTFT": {"unit": "s", "min": 0.1725671960011823, "p50": 0.6862593535006454, "p90": 3.344798527301828, "p95": 5.883157485298397, "p99": 10.42101788839897, "max": 11.883915555001295}, "TPOT": {"unit": "ms", "min": 18.40705267838059, "p50": 44.669871434678896, "p90": 90.3114487401997, "p95": 98.20958963140693, "p99": 111.87080271949748, "max": 120.35154403013588}, "Input Tokens per Minute": {"unit": "tokens/min", "min": 451315.7894736842, "p50": 451315.7894736842, "p90": 451315.7894736842, "p95": 451315.7894736842, "p99": 451315.7894736842, "max": 451315.7894736842}, "Output Tokens per Minute": {"unit": "tokens/min", "min": 23950.526315789473, "p50": 23950.526315789473, "p90": 23950.526315789473, "p95": 23950.526315789473, "p99": 23950.526315789473, "max": 23950.526315789473}}
{"target_qps": 2.0, "actual_qps": 1.9999873236803436, "success_rate": 100.0, "input_tokens": 4021, "output_tokens": 200, "model": "QwQ-32B", "input_tokens_per_minute": 482564.7272727273, "output_tokens_per_minute": 24000.0, "slo_seconds": 5.0, "slo_attainment": 4.545454545454546, "ttft_slo_ms": 1000, "ttft_slo_attainment": 66.36363636363637, "tpot_slo_ms": 50, "tpot_slo_attainment": 56.36363636363636, "Latency": {"unit": "s", "min": 4.0807897849990695, "p50": 10.225943303999884, "p90": 20.590558089198392, "p95": 23.750005390300068, "p99": 32.875737283809315, "max": 36.78630448799959}, "Throughput": {"unit": "tokens/s", "min": 5.436805973952723, "p50": 19.558109243257714, "p90": 35.56318102150165, "p95": 39.22810111989742, "p99": 45.55440886289775, "max": 49.01012072104214}, "TTFT": {"unit": "s", "min": 0.05951314599951729, "p50": 0.6946249335014727, "p90": 3.826948052100853, "p95": 5.482223916450126, "p99": 8.41339617581223, "max": 9.603567608999583}, "TPOT": {"unit": "ms", "min": 19.33275088441547, "p50": 44.75180289194958, "p90": 90.10061362059604, "p95": 112.07191422563756, "p99": 130.55612824673213, "max": 136.59666773366834}, "Input Tokens per Minute": {"unit": "tokens/min", "min": 482564.7272727273, "p50": 482564.7272727273, "p90": 482564.7272727273, "p95": 482564.7272727273, "p99": 482564.7272727273, "max": 482564.7272727273}, "Output Tokens per Minute": {"unit": "tokens/min", "min": 24000.0, "p50": 24000.0, "p90": 24000.0, "p95": 24000.0, "p99": 24000.0, "max": 24000.0}}
{"target_qps": 2.0, "actual_qps": 1.99995474969046, "success_rate": 100.0, "input_tokens": 3625, "output_tokens": 200, "model": "QwQ-32B", "input_tokens_per_minute": 471036.3528436382, "output_tokens_per_minute": 25983.96691455103, "slo_seconds": 5.0, "slo_attainment": 1.5384615384615385, "ttft_slo_ms": 1000, "ttft_slo_attainment": 79.23076923076923, "tpot_slo_ms": 50, "tpot_slo_attainment": 42.30769230769231, "Latency": {"unit": "s", "min": 4.685259276000579, "p50": 12.231750607501453, "p90": 24.511017277197606, "p95": 29.17118416880239, "p99": 32.40535008919043, "max": 34.67301005599802}, "Throughput": {"unit": "tokens/s", "min": 5.768175294760784, "p50": 16.352377974719595, "p90": 31.13032806937754, "p95": 33.86773875116244, "p99": 41.45099577298046, "max": 42.68707198862292}, "TTFT": {"unit": "s", "min": 0.08078159999786294, "p50": 0.5461915854994004, "p90": 2.938757815800273, "p95": 3.6834886796003046, "p99": 5.129510869828954, "max": 5.668549587000598}, "TPOT": {"unit": "ms", "min": 20.800509477385503, "p50": 56.92475985427396, "p90": 115.34895002613072, "p95": 136.33916538467074, "p99": 149.39108154517888, "max": 155.73134862310482}, "Input Tokens per Minute": {"unit": "tokens/min", "min": 471036.3528436382, "p50": 471036.3528436382, "p90": 471036.3528436382, "p95": 471036.3528436382, "p99": 471036.3528436382, "max": 471036.3528436382}, "Output Tokens per Minute": {"unit": "tokens/min", "min": 25983.96691455103, "p50": 25983.96691455103, "p90": 25983.96691455103, "p95": 25983.96691455103, "p99": 25983.96691455103, "max": 25983.96691455103}}
{"target_qps": 2.0, "actual_qps": 1.9999748408164955, "success_rate": 100.0, "input_tokens": 3786, "output_tokens": 200, "model": "QwQ-32B", "input_tokens_per_minute": 454416.61016949156, "output_tokens_per_minute": 24000.0, "slo_seconds": 5.0, "slo_attainment": 3.389830508474576, "ttft_slo_ms": 1000, "ttft_slo_attainment": 95.76271186440678, "tpot_slo_ms": 50, "tpot_slo_attainment": 50.0, "Latency": {"unit": "s", "min": 4.711342483002227, "p50": 10.335760119500264, "p90": 15.34450070130042, "p95": 22.139801021649504, "p99": 25.66172077249277, "max": 26.716193895998003}, "Throughput": {"unit": "tokens/s", "min": 7.486096289709865, "p50": 19.35055602213916, "p90": 30.667762456334017, "p95": 35.14468021047807, "p99": 40.781905940784775, "max": 42.45074534945573}, "TTFT": {"unit": "s", "min": 0.06923435300268466, "p50": 0.48888011499911954, "p90": 0.8091886857011559, "p95": 0.928569868599879, "p99": 1.1753243412502707, "max": 2.0413134720001835}, "TPOT": {"unit": "ms", "min": 21.126000492467345, "p50": 49.62352027387306, "p90": 74.80568601708704, "p95": 105.79110466104194, "p99": 124.21777847442212, "max": 131.6655695175829}, "Input Tokens per Minute": {"unit": "tokens/min", "min": 454416.61016949156, "p50": 454416.61016949156, "p90": 454416.61016949156, "p95": 454416.61016949156, "p99": 454416.61016949156, "max": 454416.61016949156}, "Output Tokens per Minute": {"unit": "tokens/min", "min": 24000.0, "p50": 24000.0, "p90": 24000.0, "p95": 24000.0, "p99": 24000.0, "max": 24000.0}}
{"target_qps": 2.0, "actual_qps": 1.9999667104874894, "success_rate": 100.0, "input_tokens": 3600, "output_tokens": 200, "model": "QwQ-32B", "input_tokens_per_minute": 482154.4925330375, "output_tokens_per_minute": 26783.47358884491, "slo_seconds": 5.0,