request_id,conversation_id,send_time,ttft_time,total_time,tokens_in,tokens_out,ttft,tpot,cached_tokens
62990438-2b81-4c2a-9b1d-7fbce3fda150,e9dcc81c-6d8b-474c-9e86-10f992ded543,23184645.71390699,23184645.916436084,23184650.280171096,44,256,0.20252909511327744,4.3637350127100945,0
71765a66-e011-43ea-986f-a2234fd47793,eee9b018-00b4-4fd1-9fec-0901fcacaf83,23184646.214896586,23184646.24463257,23184650.62198438,27,256,0.029735982418060303,4.377351813018322,0
cc4e17cd-f071-407e-b0d2-e505eb0aa093,7eda0be8-ff88-49a1-b1e5-4c19aca365d1,23184646.71548521,23184646.746763214,23184651.140006457,72,256,0.03127800300717354,4.393243242055178,0
c0242b81-eeb0-42bc-ae2a-7aff1b5bd6eb,200cad11-b2a3-4959-bed5-90e72475b568,23184647.2157365,23184647.254010458,23184651.663562585,103,256,0.03827395662665367,4.409552127122879,0
9c90dea9-e4bf-4d4b-96fe-512f5db36588,7fd88135-e1ce-4c19-ad87-619276c0829c,23184647.716495868,23184647.744507372,23184652.16252836,14,256,0.028011504560709,4.418020986020565,0
262ea468-31d9-4fca-991a-e5c18884dbdf,d7772aa8-6a80-4c09-bb93-675ada603263,23184648.21855852,23184648.257001374,23184652.67867683,15,256,0.03844285383820534,4.421675454825163,0
66b67587-88b6-4375-9a12-be6da1bd0391,0e661b10-ddf3-49a3-90fa-1c4dbe28dfa0,23184648.718698166,23184648.781735502,23184653.176702093,280,256,0.06303733587265015,4.394966591149569,0
0d2298cb-f1c6-4667-b382-bbb4678d6636,b5d1a35c-9fca-4494-a1b0-3daf88b7c1c6,23184649.21950734,23184649.264485396,23184653.660932306,26,256,0.044978056102991104,4.396446909755468,0
8f07fba3-5e7c-482f-8003-337ff1d75435,1cb0c672-bd02-4389-8a68-5a739cde54ef,23184649.719819847,23184649.76091378,23184654.158658154,27,256,0.04109393432736397,4.397744372487068,0
067db43b-17c8-496f-8014-09c14d032a14,6933aecc-1e3b-4e6c-be1d-0a154437d78e,23184650.22062632,23184650.260918837,23184654.662261575,15,256,0.040292516350746155,4.401342738419771,0
56fd19cb-4e6a-467b-9477-2a2ba8bd4e74,b1de6b79-6b49-4056-8dd1-f9d4b14851b0,23184650.72135838,23184650.759931147,23184655.16252623,60,256,0.0385727658867836,4.402595084160566,0
cdb75d39-bd2c-443b-9cf9-6261b9cd9962,13b48acf-ee24-4e1b-97a2-079d1730f397,23184651.2216968,23184651.259927187,23184655.659609564,20,256,0.03823038563132286,4.399682376533747,0
a698006e-cf5b-45a7-b0a5-7c9077febd68,3662f1c9-9d37-444d-be2e-870f9ed74c07,23184651.72243139,23184651.764998656,23184656.158783287,34,256,0.042567264288663864,4.393784631043673,0
1bb52b71-f100-4294-b565-a1cb08900ee7,cbe1960a-cf43-4c22-bbdf-13814597ce75,23184652.223389506,23184652.264947876,23184656.66014947,43,256,0.04155836999416351,4.395201593637466,0
0d6c1f34-a32a-4da2-a9b1-b9df0cf1900d,03ce1ea2-a4f9-4aa2-ae94-177efac81669,23184652.72436013,23184652.76635877,23184657.1570559,72,256,0.041998639702796936,4.390697129070759,0
3c004fdd-3c61-499e-90c4-27dc31b28346,2b097905-b609-4884-a9a5-6c4610d78755,23184653.2246884,23184653.262652878,23184657.684680305,16,256,0.03796447813510895,4.422027427703142,0
09167e5c-398a-44d9-8122-195371fad8ad,73c0db61-9c57-4ace-b296-24d7d8b8b1e0,23184653.725414827,23184653.763699077,23184658.183712352,18,256,0.03828424960374832,4.420013274997473,0
ca9681ab-a96f-4aee-ba75-66757d320094,7cfc4ef8-2784-4b28-8d91-8cac9ad8b928,23184654.226135287,23184654.262065135,23184659.00522252,18,256,0.0359298475086689,4.743157386779785,0
f854c9e4-9b71-44db-9962-db4508773739,0516c12d-e70c-4d96-b3ca-7fa2a3f9af46,23184654.72674714,23184654.766193032,23184659.782355692,57,256,0.039445891976356506,5.016162659972906,0
3bc99dc1-6fd7-4b9e-8b3d-0981431adcd1,d4af5d30-a286-457e-ab37-d99917de97db,23184655.227161583,23184655.263507936,23184660.297300003,13,256,0.036346353590488434,5.033792067319155,0
4b313e86-ccc0-4f1c-81ac-7fb522330e27,86304e29-da0e-4430-84ee-979d1590bd76,23184655.72795385,23184655.762483854,23184660.903820634,22,256,0.03453000262379646,5.141336780041456,0
ad289f45-ff80-472f-b177-35fe93efecbf,28250faa-78ff-419f-95bb-b813051cba99,23184656.228299618,23184656.262904212,23184661.61151159,57,256,0.034604594111442566,5.348607379943132,0
b2513dcf-6b46-40e0-8504-77e9eb6cedbc,2c2f3daa-74bc-455a-ba2c-8a6f6882d610,23184656.728521734,23184656.761726145,23184662.134899545,29,256,0.03320441022515297,5.373173400759697,0
abefb0b7-0b2f-4482-8fbc-2bde880c94ae,7ed9a8b5-3655-4795-871d-96d77246702a,23184657.229025736,23184657.286941428,23184662.946878057,350,256,0.057915691286325455,5.6599366292357445,0
a7459f4c-9530-49e1-8345-c7522e60e1e5,bd8bcd58-d5ae-4d2d-a8be-58dc452aad48,23184657.72924558,23184657.771517847,23184663.57138023,80,256,0.04227226600050926,5.799862384796143,0
e5056eb6-105c-4fa5-82eb-33faf6f2b83e,3eeda283-3ea9-41a1-90da-2dbe1e14f047,23184658.229435973,23184658.573936608,23184664.343658738,2560,256,0.3445006348192692,5.769722130149603,0
ec0cf9b6-b74e-4783-a1fb-76bf5b61170e,7fe4cfee-c4b6-40ab-aaef-bc8f2ceea676,23184658.72993219,23184658.884101223,23184664.590670493,1069,256,0.15416903421282768,5.706569269299507,0
e8aab6b8-c595-4fef-8d1b-36be36c7aa4f,56a44914-269a-497b-9f09-c61bb282e0ec,23184659.23042544,23184659.638688143,23184665.11962544,3157,256,0.4082627035677433,5.480937298387289,0
8263d9b6-f5d9-4304-9889-9aeef3a92527,c1e10beb-8b95-4dfa-b500-82f4d9d3ffb0,23184659.731067214,23184659.763183214,23184665.249690663,48,256,0.03211599960923195,5.486507449299097,0
514e5e0d-5605-4663-a6e5-b50e6fac5759,e7595705-e356-4f67-86b7-7003add6ab13,23184660.231339753,23184660.26218833,23184665.7778998,33,256,0.030848577618598938,5.515711471438408,0
745eb90d-e591-4e31-92f4-ef088a30244e,3e66868c-e5a4-4a33-ab76-257e6cf86d7b,23184660.731587656,23184660.90427355,23184666.350624405,1091,256,0.1726858951151371,5.446350853890181,0
86b3ff85-6dfb-42f8-86ac-acd707fc87d2,02e4b6b1-927f-409e-8124-d7f1edf7bd49,23184661.23254783,23184661.517345197,23184666.785518266,2211,256,0.2847973667085171,5.268173068761826,0
fdd1a003-a6de-4b7e-8c01-928ea9f84274,18f3c5ab-a87d-47b4-b3f2-1161dd85dd76,23184661.734413695,23184661.77371672,23184667.035528075,37,256,0.03930302709341049,5.261811353266239,0
9da7c3fa-8fb7-4171-9099-9184c6f7f40f,04004a9d-401d-482f-bb6b-60e57131fd7b,23184662.23493955,23184662.530809667,23184667.612960782,2213,256,0.2958701178431511,5.082151114940643,0
9c914202-4bef-47e8-8911-988e4949b0f3,3f24eca3-b970-4aaa-8303-0300292d4cfb,23184662.73539437,23184662.925552323,23184667.897404797,1213,256,0.1901579536497593,4.971852473914623,0
9ef4f522-57dd-44f1-acc9-256dc30285e9,5b4253aa-d379-425e-8d65-b0145f30deb9,23184663.236027673,23184663.419460036,23184668.268339522,1075,256,0.18343236297369003,4.848879486322403,0
86e35556-8390-4117-ac03-96c3e6529813,a3154f22-4499-4104-a309-d378de22be51,23184663.73673885,23184663.919425365,23184668.63644009,1187,256,0.18268651515245438,4.717014726251364,0
44e0632a-0264-4794-a165-01f1347b389e,588ebc7a-4275-4f30-b01a-1687de7599be,23184664.237661015,23184664.364527877,23184668.996516634,1076,256,0.12686686217784882,4.6319887563586235,0
5600d813-0b69-4dec-98b6-dce54dfb2ae1,75dcd796-2b33-4ea6-bee0-9e23fd638b11,23184664.737844605,23184664.778888106,23184669.376958128,29,256,0.04104350134730339,4.5980700217187405,0
ca8ea15b-8c17-44ec-9ad1-ca5238fc9802,b0013c80-01ce-4b74-8e23-60ba51e4afe6,23184665.238917995,23184665.292465266,23184669.868448146,240,256,0.053547270596027374,4.575982879847288,0
adb8c5d1-adae-446a-a2c1-44f8dafa2c2e,d540b4ab-9107-4142-9d7f-2d66a7adf5d2,23184665.74059432,23184665.777761854,23184670.32584995,23,256,0.03716753423213959,4.5480880960822105,0
2c12440b-b420-4f84-aaed-f81c9581f53e,3165bcf5-ba40-477c-9266-620dea2daf16,23184666.2413932,23184666.274355255,23184670.797487494,31,256,0.03296205401420593,4.523132238537073,0
02d1af95-c1f2-4728-8752-4ece116081bd,c1d4f16c-3b75-445d-8ae0-f0aeef716fb0,23184666.74210277,23184666.785779797,23184671.280253794,25,256,0.04367702826857567,4.494473997503519,0
7a74ef70-473d-4fe2-ab5f-d478e37b0296,5575dab3-2523-460a-98ab-c3f2b48df6b0,23184667.242274646,23184667.285617635,23184671.758217286,46,256,0.043342988938093185,4.4725996516644955,0
bd0056ef-94ee-4666-b8ff-ba280dfd02e4,4ab78284-b10a-41a6-ba2c-62a673c5a871,23184667.743124478,23184667.78941944,23184672.23429209,18,256,0.046294961124658585,4.44487265124917,0
c97596ea-9d47-4a7f-ba62-1386916f3102,6b28fc6e-4de2-4cbb-ae76-c2a193d32386,23184668.243614074,23184668.286320005,23184672.710705593,26,256,0.04270593076944351,4.424385588616133,0
0e96a82d-b18a-45df-9b4e-6d9d264d6c1c,70430244-2844-4470-9d6c-6f9a64804fd6,23184668.744349383,23184668.774042822,23184673.183447476,34,256,0.029693439602851868,4.409404654055834,0
7f482be8-2cd9-4dba-976a-be7d267ab840,20a86fa4-bbd9-4296-a765-2afa59f16075,23184669.246049535,23184669.28876653,23184673.700962115,20,256,0.042716994881629944,4.412195585668087,0
d6795c5b-f127-4e6a-889e-982b41fd36fe,b7ee7587-7e04-492e-a077-b6d5b11eb99f,23184669.74680008,23184669.8156986,23184674.19106137,422,256,0.0688985213637352,4.375362768769264,0
4527a5c0-5bf9-4090-9647-1c658f96f386,57d821ef-fd42-4d3c-8436-ba385b53192a,23184670.24688112,23184670.289376907,23184675.027145136,143,256,0.042495787143707275,4.737768229097128,0
b07ef7c5-0c56-49c1-9297-b3e966f7715e,a6c0bfab-c8b5-475c-8971-cd009381b6a1,23184670.74831095,23184670.797350634,23184675.765589297,191,256,0.04903968423604965,4.968238662928343,0
7895ccac-31a5-40a3-b5a4-c0ef8d78d7b2,02e15bf7-7e5d-49c8-8a24-7647b6c3e99e,23184671.24933811,23184671.280531958,23184676.257857196,19,256,0.031193848699331284,4.977325238287449,0
114af0c5-d56f-44a0-ada4-a20975c526ec,d5da08c8-96c1-470a-a5c4-94a6c042ca13,23184671.750020605,23184671.791619264,23184676.789170515,18,256,0.04159865900874138,4.997551251202822,0
2aafd335-da47-4628-9631-13bd00291207,6c2efbb6-3276-48b0-8c91-a40b6f7dd07c,23184672.250656668,23184672.28373274,23184677.301779468,24,256,0.03307607024908066,5.0180467292666435,0
8f707c1c-b264-4ce5-8a89-45ce628c1a75,7f20fbaf-1937-44c8-9613-6591c4a903bd,23184672.751669098,23184672.79459225,23184677.855920967,53,256,0.042923152446746826,5.061328716576099,0
c0fbbd83-6b67-47e1-b567-92a7c5f09f89,26f4cab1-31e8-49eb-ae28-15e2b825aba9,23184673.252041455,23184673.28948504,23184678.36925179,34,256,0.03744358569383621,5.079766750335693,0
8f5a97b7-858e-4eac-9da3-9c6960ac47df,38f6458e-d3d5-47fd-bf1d-c90fa4a244dc,23184673.752804045,23184673.785345804,23184678.907160398,39,256,0.03254175931215286,5.121814593672752,0
3a231b7a-3ec1-435c-8861-11e1cd2e789b,2d7b2d91-722e-44ce-98de-fd497ac84b83,23184674.253713053,23184674.577933926,23184679.51961733,2393,256,0.3242208734154701,4.941683404147625,0
94bffaed-7e8e-47ea-a077-aabfeed117bf,20753475-606e-4bdc-b4ec-2ac6846583ca,23184674.754480373,23184675.008998983,23184679.798557937,1849,256,0.25451860949397087,4.789558954536915,0
8bc32e1f-a18b-4fdf-9a9b-68df0474c8d4,4218fe2a-0e30-446b-a840-53492714e1a8,23184675.255270377,23184675.621701013,23184680.18272036,2688,256,0.3664306364953518,4.561019346117973,0
a1effd00-dda1-4a1d-9465-acc48dc29411,ef6dee53-73ee-44bf-a509-67e2da87a9c3,23184675.75591951,23184675.799562875,23184680.35509396,24,256,0.043643366545438766,4.555531084537506,0
925c413b-319d-4052-8701-49be84a4a856,d62cec30-9728-45e0-808a-3a9aa104a802,23184676.257922005,23184676.29308571,23184680.834041763,44,256,0.03516370430588722,4.540956053882837,0
47d8d8cf-d96b-45fc-b17c-fd6a7c971ac8,01d85c4a-7135-4e15-a58b-3335a2c614a6,23184676.759032782,23184676.79071429,23184681.350084823,21,256,0.03168150782585144,4.559370532631874,0
d350c47f-a880-4686-8aeb-bed06ff0576d,3bd80b37-5cdf-41c2-aed1-b3de6da329e0,23184677.259541,23184677.301554777,23184681.96999361,41,256,0.04201377555727959,4.668438833206892,0
944e7ba6-ad89-45d6-9567-1c424ce72356,f28f5ce9-2e4f-49cb-8036-3d8df462a561,23184677.7600982,23184677.818630934,23184682.451244213,324,256,0.05853273347020149,4.632613278925419,0
d9cf042d-cfbf-4127-84b1-979ed472c835,5083f490-343d-4791-a470-49c99fa2253c,23184678.26079773,23184678.296861686,23184683.048831806,24,256,0.03606395423412323,4.751970119774342,0
ced9e861-62c6-42e4-8aec-bee5acf2c82b,efebedee-6117-4b9e-a104-3a4bf08936f1,23184678.761723813,23184678.81738942,23184683.625732128,430,256,0.05566560849547386,4.808342706412077,0
423432ea-54a8-48a7-9f27-602abce03a76,a43e342f-f59e-47ac-a262-b90c4578fbf1,23184679.2623752,23184679.30465223,23184684.12876249,144,256,0.042277030646800995,4.824110262095928,0
a8a94060-337c-4eda-8f88-e8f7cbc7c745,d2cd9b9e-c62d-4010-8d66-b45457a338e7,23184679.763390433,23184679.797920346,23184684.623770334,14,256,0.0345299132168293,4.825849987566471,0
621e82c0-4977-47f0-9f6f-620cd554f156,d02a2008-74db-465c-ac7b-7f30278689c4,23184680.26522131,23184680.302249074,23184685.14474687,25,256,0.037027765065431595,4.842497795820236,0
bae06a48-e7ca-4af0-98e8-7bb090ce8f9c,b0896189-4031-4e7a-b3e9-8efe1ca7e6d2,23184680.766182132,23184680.79929483,23184685.68985253,53,256,0.033112697303295135,4.890557698905468,0
cc0d9b3a-4c4a-4c86-84b4-fa04c93970d1,b00ad42a-0224-4ce7-b87e-864294f065f4,23184681.266639397,23184681.521578584,23184686.27333063,2034,256,0.2549391873180866,4.75175204500556,0
534ce2c4-736a-4dce-824f-0ed3aa23c349,0fdbd610-586d-4757-a4ff-67ea87f71c59,23184681.76738027,23184681.7978956,23184686.582029402,36,256,0.03051532804965973,4.784133803099394,0
ed098d2e-97fb-4c33-a60f-47ee66650758,93ddbf94-75e6-483b-8b56-5bac6e3372d8,23184682.268253975,23184682.29580614,23184687.090134136,33,256,0.02755216509103775,4.7943279966712,0
9ca23c3d-7f8e-47b0-9ce7-fc0f42da9d75,ca2b8fa4-a0d1-43fa-8437-b0cd215f0477,23184682.76979949,23184682.99441798,23184687.66943521,1628,256,0.22461849078536034,4.6750172302126884,0
da0d4294-82b8-406f-add9-62062450fcaf,056fc188-1017-4329-baf2-d67faa66845e,23184684.77220492,23184684.80329031,23184687.721779823,17,163,0.031085390597581863,2.9184895120561123,0
b98f0a35-d957-4646-a499-dc4b9fd574d0,090a9c68-561a-4cd6-baf5-8cd27b321b44,23184683.270023424,23184683.431689184,23184688.01432025,1096,256,0.16166575998067856,4.582631066441536,0
2906fd34-63d9-463c-9228-4041888e4a99,c7a1c86b-7bc4-49e8-a6cd-79f4bde71755,23184683.770539343,23184683.830771804,23184688.371341687,310,256,0.060232460498809814,4.540569882839918,0
60afe20c-febb-49e5-8675-c4ef56fd97fc,24eae745-c79f-42c8-a97f-22a10a95edcf,23184684.27137387,23184684.305422433,23184688.828957938,59,256,0.03404856100678444,4.523535504937172,0
4c648eca-17ef-4b96-9222-9ced1de94ceb,266fe04d-94df-48f4-9af4-1fed9949273b,23184688.276627906,23184688.317431815,23184689.591725543,11,76,0.04080390930175781,1.274293728172779,0
80167583-f185-47a2-993f-c0129c48f3d7,249a004a-ba68-43a5-8387-335b1f0d233e,23184685.27253873,23184685.33500714,23184689.776951235,350,256,0.06246840953826904,4.441944096237421,0
88bdae12-2e64-4133-aa54-8ce13c0c7664,e3c7bcc1-0031-4d71-a008-c7782ec29364,23184686.775261328,23184686.812669046,23184690.07993626,11,192,0.03740771859884262,3.2672672122716904,0
106f3746-4d7a-4f3b-8978-90ab70826869,dd1cbda9-d9df-4ea6-8a3e-44f554131e89,23184685.774118863,23184685.814058878,23184690.232007954,29,256,0.039940014481544495,4.417949076741934,0
94470f12-c597-4993-9909-d7364fb7bb5c,ccd4cc95-20fc-4872-b625-f17013a4ece1,23184686.274554454,23184686.333876044,23184690.702554196,432,256,0.05932158976793289,4.368678152561188,0
63113925-8e94-4b4c-b89e-61af3c08418d,90aca95c-7955-4a95-9ccd-fcab3e5398ea,23184687.275563303,23184687.318455566,23184691.650382113,16,256,0.04289226233959198,4.331926546990871,0
d0e9e64b-7eb1-4a53-ac9c-6103deb00d91,1b79020b-0742-49d7-af6f-65f9f997c48f,23184687.775941737,23184687.805088077,23184692.125377443,13,256,0.029146339744329453,4.3202893659472466,0
8544f308-f897-436e-8d2e-1d5eabe9618b,c0ecec39-5579-442a-b67e-0d58cd939c06,23184688.77778891,23184688.810535893,23184693.13162875,78,256,0.03274698182940483,4.321092858910561,0
3f32645f-72d1-41f0-843a-7d2ed570ccdb,d01c2e7b-b1e5-415e-a026-b982b4bf2cb9,23184689.278369874,23184689.31718007,23184693.64345559,28,256,0.03881019726395607,4.326275520026684,0
520591f5-b7e2-4d64-8c68-9416415cb34b,79b8eba7-6dea-4920-9e8b-6f01746fe809,23184689.7792203,23184689.81010208,23184694.139530525,17,256,0.03088177740573883,4.329428445547819,0
e1bf9237-fee6-4557-894b-5fbe1bd18adb,d31c51cc-9a8d-4373-b5ca-9dd22a1f3b34,23184690.279927,23184690.31664355,23184694.665795583,84,256,0.03671655058860779,4.349152032285929,0
0872b6da-4527-426d-b42b-5f74e8d4c6cc,03757f2a-464b-4f4f-a25f-07232ce55c90,23184690.780049626,23184690.821056135,23184695.188723683,13,256,0.041006509214639664,4.36766754835844,0
1778482c-9f0b-41fc-8d4d-f49a520e1412,8ca80456-1b5f-427b-8d74-c6e73423101b,23184691.2802418,23184691.311959244,23184695.694516927,30,256,0.0317174457013607,4.382557682693005,0
81e33384-9305-488e-bd35-1da1e4f4b0dc,e6b47b4d-aed0-41dd-8841-4c3344ddb11e,23184691.780746665,23184691.820127323,23184696.210070174,17,256,0.03938065841794014,4.389942850917578,0
7103ca14-f52b-41d0-80aa-0acb985738c5,5efb371b-8c96-45ff-adf9-9542e91716ff,23184692.281400464,23184692.311776802,23184696.726292036,31,256,0.030376337468624115,4.414515234529972,0
3d84bb91-9190-4f98-9dca-560984ba7e4b,6b5b6210-dfa0-4b9d-a218-279194af2137,23184692.78175538,23184692.822308544,23184697.249622915,22,256,0.04055316373705864,4.42731437087059,0
7fc2a9ad-f9ae-4201-8d0a-75ab45bada99,a86598e1-029f-45fe-aded-7a5039bdc101,23184693.282834686,23184693.31771434,23184697.75056168,41,256,0.0348796546459198,4.432847339659929,0
d396168a-351b-43d3-8c29-6a53603392b8,d8cad28b-318f-4d05-a10c-45612333cfb8,23184693.783441298,23184693.812719714,23184698.252859417,13,256,0.02927841618657112,4.440139703452587,0
879c7e55-f4a7-4774-b33d-3918e8eee06d,7c15245f-7229-46af-9e78-efb2351011a3,23184694.285113677,23184694.328024045,23184698.77278587,21,256,0.042910367250442505,4.444761823862791,0
c30dc2b4-5b21-499c-a7f1-250ca08dfab8,0e9a0915-1661-4cef-a101-cacc9e5ed521,23184694.785820153,23184694.82153931,23184699.254158948,17,256,0.03571915626525879,4.432619638741016,0
d468ad24-37e2-4122-b677-a017a92c64bd,9b593b5d-1634-424b-b739-c03ede831a7e,23184695.286446866,23184695.327422414,23184699.75465829,31,256,0.04097554832696915,4.427235875278711,0
0fcf6817-9ea7-447a-b23e-8a149c61230b,46e9a21f-a498-44ce-9c04-86af38f693e8,23184695.78739469,23184695.831059314,23184700.25160846,50,256,0.04366462305188179,4.420549146831036,0
0f3c5bc4-914f-47cc-8fb8-c908ded1e5b6,0d21ba24-3a51-4fd8-bd3e-8542f1b6670d,23184696.288090304,23184696.31556795,23184700.73070166,28,256,0.027477648109197617,4.415133707225323,0
5c5eaa2b-7b4d-49f4-9964-2128bf8a0f7c,d332b89b-725f-4e99-b170-e58f8fffa5a4,23184696.790010553,23184696.832105555,23184701.22769239,24,256,0.04209500178694725,4.395586837083101,0
783bc626-ed31-41bc-bda2-a9c043be9a04,3e6bd3d1-f3fd-4206-9301-a9183c8f179c,23184697.290785473,23184697.31736599,23184701.708506078,15,256,0.02658051624894142,4.391140088438988,0
235d49fc-709c-4e5a-b617-4b4d30faabe7,6abf981a-fe17-44ca-966e-31cf9061fc92,23184697.79157297,23184697.837206762,23184702.224908516,117,256,0.045633792877197266,4.387701753526926,0
12363a42-444d-4c47-bebb-60553c95eadd,a96dbce8-d1f6-4c09-a03c-211cdf01f267,23184698.291812085,23184698.322603337,23184702.70312986,21,256,0.030791252851486206,4.380526524037123,0
8bfc3e86-00ea-47a1-addc-158c9a4af1eb,b44647c7-a619-49ee-b592-fcee351b70a2,23184698.79229594,23184698.82441363,23184703.19847572,27,256,0.03211769089102745,4.3740620873868465,0
a2ecbfd4-d88f-4d2d-944f-8df1c0a4fd50,46d94dda-7f20-4c28-a3a7-dd98e9a1477f,23184699.29269058,23184699.32354742,23184703.698026948,20,256,0.030856840312480927,4.374479528516531,0
073a4f97-28fa-4309-8ade-18b5b6f0747e,42eb7fa5-7694-423d-ba1b-f5488b1239c2,23184699.79370053,23184699.821959764,23184704.191154532,28,256,0.02825923264026642,4.369194768369198,0
1b1a78c7-5709-4876-99d4-27da425b9eba,e6b78749-13e7-43c1-9574-603d3549f055,23184700.295065273,23184700.337470878,23184704.70764892,20,256,0.04240560531616211,4.370178043842316,0
3b710f7d-39a1-4d21-8b59-74535710484a,04259f66-cf1f-470b-b61c-ec6b4514861c,23184700.79607385,23184700.83360675,23184705.20316809,23,256,0.03753289952874184,4.369561340659857,0
05e37de1-f866-43c1-92b7-2fbe2b3e0c4d,c1be31a9-41ac-4679-93c0-da6699cfa603,23184701.296686914,23184701.32872862,23184705.73465028,16,256,0.03204170614480972,4.405921660363674,0
01a1a0e1-8cdb-41d4-98c5-223e4e6cedf2,6fd42768-e84f-4dbb-abd4-4472e0319acd,23184701.797071185,23184701.82866715,23184706.232533213,17,256,0.03159596398472786,4.403866063803434,0
7cad1cbe-2374-4000-a7b6-e0c834c12a6b,0dd452f3-cced-4c0f-bcb2-0476f164ebc5,23184702.297859836,23184702.342842083,23184706.7808929,40,256,0.044982247054576874,4.43805081769824,0
6c1390ee-e525-427d-83e9-c8553c13e308,956ec2a4-063a-4fb4-988f-8efc5be188b6,23184702.799248382,23184702.839297377,23184707.31046176,19,256,0.0400489941239357,4.471164382994175,0
dd3fab95-f40c-46f4-aa17-b35201746dd9,db9b62a4-29ba-4568-b8b8-b43211730f21,23184703.299390193,23184703.334042326,23184707.812088285,36,256,0.03465213254094124,4.478045959025621,0
815ff73b-28b2-4836-9346-06fd061d94af,92bbb556-3aaa-418c-830d-9cc2379bf060,23184703.800210223,23184703.830780603,23184708.342413098,25,256,0.0305703803896904,4.511632494628429,0
1355060d-418b-46d1-bbfb-c63a86e0a269,fa31ce0b-852d-4ad3-afa5-23d942ca855c,23184704.300403744,23184704.343371022,23184708.862690248,34,256,0.04296727851033211,4.519319225102663,0
0c1d11d2-ecb3-4bb1-bd3a-d6a1e9f66fe2,1a1a1e5b-a468-4641-a534-10dbb2bbacb5,23184704.801978752,23184704.842977356,23184709.357749294,26,256,0.04099860414862633,4.514771938323975,0
440592bf-c45b-4c52-a9df-78be39bb0b08,8f1045f2-1bcc-4c74-bf9b-26fe4fcfc5de,23184705.30407278,23184705.374231968,23184709.847239714,311,256,0.0701591894030571,4.473007746040821,0
e01b752c-a693-4bf6-b474-54baed17b749,808a9517-1d72-4d9d-8e75-b9c6e84393cd,23184705.805070728,23184705.837326683,23184710.31395161,23,256,0.032255955040454865,4.476624928414822,0
c934935d-3530-4aec-89cf-3936dd6b09c8,b0de5606-599a-4f67-b52d-961fcc6cf08d,23184706.306079905,23184706.382746298,23184710.834913418,258,256,0.07666639238595963,4.452167119830847,0
1d9054ba-5bc2-489a-89b3-f0167ab1ce19,da453a01-987a-4e78-ae26-920bb69f275e,23184706.806937046,23184706.879365858,23184711.305482574,276,256,0.07242881134152412,4.426116716116667,0
530ced94-a37a-4ce3-a7de-5f116f0c7076,45d3124b-842b-4f6c-b556-ab261638d1d3,23184707.307231545,23184707.344083652,23184711.81140294,14,256,0.03685210645198822,4.4673192873597145,0
665b128d-b38e-4805-a189-f8d7422d4a6f,57c80e5d-0299-4c60-a27c-37fcfd3f67a7,23184707.80836566,23184707.876427684,23184712.3267543,257,256,0.06806202232837677,4.45032661780715,0
f7f89342-6a0b-4c9b-97ec-8bb5c5ae0767,04c300ea-bb19-4d26-98fd-e6a20f7159b2,23184708.30938616,23184708.34116473,23184712.82389077,36,256,0.031778570264577866,4.482726041227579,0
fb28f771-2dc3-4878-928d-889c6abbdd54,b5b03e45-ec00-4e57-8197-c7490d9fa8d5,23184708.80994922,23184708.844971728,23184713.32392232,85,256,0.03502250835299492,4.478950593620539,0
05fb7926-4337-4400-9f97-7a778405a05c,6b171f99-c194-4d86-9dbc-1d62e2dcc120,23184709.310080223,23184709.35686582,23184713.835132644,59,256,0.04678559675812721,4.478266824036837,0
7ea85dd6-1392-494a-a5b1-59aed5e1dddc,62606564-7b32-4f4b-9bbc-cec2eb4aaeff,23184709.810272593,23184709.847827572,23184714.33205364,33,256,0.03755497932434082,4.484226066619158,0
a4a658ca-b048-4cf4-b4f6-46eceec410ec,931a58eb-ac30-4fff-b9c3-b06f62e74b1e,23184710.310844563,23184710.34721857,23184714.826083902,19,256,0.03637400642037392,4.478865332901478,0
5d79eaab-c15d-4a05-8d3f-4d8252b8a142,29642913-74c6-4494-b481-5a99b8d43dff,23184710.811205816,23184710.85179694,23184715.31610843,14,256,0.040591124445199966,4.464311491698027,0
451579fb-ee60-4d33-855c-d05b51ce2fe5,468eaf2f-2010-4c20-ad3e-1fc3874a0e54,23184711.311738636,23184711.382810462,23184715.80787417,451,256,0.07107182592153549,4.425063706934452,0
b3266fd5-f6cd-4075-ad05-4984d80ea91e,becb4328-73a8-4d4b-bad5-4938f87539c1,23184711.812653966,23184711.846132863,23184716.256149642,25,256,0.03347889706492424,4.410016778856516,0
110d715a-fd93-4357-b267-e6e4fc158052,6a681362-5e10-4247-8b44-deb36f9b20e8,23184712.313567888,23184712.371824272,23184716.73408025,359,256,0.05825638398528099,4.362255979329348,0
cde7b62c-c745-443a-9084-05c45c230728,93b5b95f-797f-4abf-a536-45d31c948eb2,23184712.814447735,23184712.855839793,23184717.228850547,37,256,0.04139205813407898,4.373010754585266,0
e423730a-2ff2-48f7-8c69-36dd4c07b04a,61cf79fa-6910-45f0-ae10-8ee5f40d4ece,23184713.31519327,23184713.360605605,23184717.73355727,24,256,0.0454123355448246,4.372951664030552,0
08e46eb2-7ace-4090-8d3f-223c1072efc3,89cd473e-b5cf-4cb1-9469-d8fd982053e7,23184713.81583646,23184713.85327532,23184718.235437304,27,256,0.03743886202573776,4.382161982357502,0
140bad90-62fa-44a8-a74d-49f3bdfc7ae2,13437579-7bd2-4614-8a3f-153979e16704,23184714.31637859,23184714.350167252,23184718.7314529,64,256,0.033788662403821945,4.381285648792982,0
5d2e61fc-74a0-4bca-970b-d137c338e7d0,e909ddd3-62bf-4657-a184-d939b823186a,23184714.817523323,23184714.859798685,23184719.24653081,16,256,0.042275361716747284,4.3867321237921715,0
11b0cf33-e852-4c29-a25d-bba0a7b5a840,0260c931-808b-45f3-9d25-71401907acbe,23184715.318360344,23184715.354818888,23184719.741219617,23,256,0.03645854443311691,4.386400729417801,0
b01c44fc-1c8b-4b14-964c-667401117878,648f175a-b510-40f6-be9f-1161efd85703,23184716.3200568,23184716.357673883,23184719.91516075,11,207,0.03761708363890648,3.557486865669489,0
5dfbd321-41bc-4ed1-88f1-73e8a3a839b1,6b5bca51-142e-470e-b282-7368e4306199,23184715.819168437,23184715.859976046,23184720.253190212,18,256,0.040807608515024185,4.393214166164398,0
e2240de9-f35f-42a1-b142-23daf8b4e421,e52f0b78-4098-48d6-b6a6-03b956115015,23184716.82107691,23184716.862198215,23184721.243666463,157,256,0.04112130403518677,4.3814682476222515,0
1ef8474d-b5ec-4a1c-b9b0-87949fbc1451,f4a0849a-b50c-4bee-8cdc-fd1b62a004cc,23184717.321292743,23184717.35103567,23184721.77266291,18,256,0.029742926359176636,4.42162724211812,0
d2afe87b-7d9c-4130-b4f4-86619607b1f1,cec462a0-b06b-4054-be0c-bfc45289a0d0,23184717.822259832,23184717.854968578,23184722.42883812,17,256,0.03270874544978142,4.573869541287422,0
29e52b31-be92-43c8-80b3-9ac56c7d6059,7b4158c6-cbc0-4691-9bf1-61e18f558a4f,23184718.32254073,23184718.355327398,23184722.923747513,27,256,0.032786667346954346,4.568420115858316,0
42e7a9d3-1f8e-4313-86d2-8f0868a7a4a6,11e6da42-aa81-497f-ba86-78f2a1f7a76f,23184718.82289392,23184718.86944478,23184723.43542201,19,256,0.04655085876584053,4.565977230668068,0
469eddf3-bbdd-45cc-a952-7dbfee7c7b63,4a1ab53a-bf1c-4685-9fb5-472461bb022a,23184719.323324233,23184719.364435058,23184723.941247992,13,256,0.041110824793577194,4.57681293413043,0
1dfdd054-f1a8-4e1a-a5eb-eefb98acc14b,ef9df9b2-57b1-40a1-95a7-81e41a965f44,23184719.82483356,23184719.861534465,23184724.44282153,29,256,0.03670090436935425,4.5812870636582375,0
c06cc191-3d05-411d-b4bf-36724324af3c,90945505-6bfa-45a0-b3a6-3e4483f06800,23184720.325151663,23184720.354688745,23184724.950124014,13,256,0.029537081718444824,4.59543526917696,0
8369ac0c-7aa5-49e8-898d-54c12913791f,c3bd77cb-3b76-42d9-9bf5-bf21b301708e,23184720.82714736,23184720.86408567,23184725.472434644,16,256,0.03693830966949463,4.608348973095417,0
6709c292-d4c7-47bc-a6ec-217514191e76,f1267387-15bb-4f2d-8195-c01ba4001254,23184721.32742335,23184721.431931846,23184725.987817395,740,256,0.10450849682092667,4.555885549634695,0
edd90ab8-8ec7-47e6-9df8-04f407c3f7c7,65e0abe3-af3b-49e3-bc82-9c069b270f3f,23184721.827866692,23184722.084850825,23184726.481640767,2010,256,0.2569841332733631,4.396789941936731,0
225ba885-7a7e-430b-a21f-5024d394875f,713dbafe-1167-4697-b0db-c4f430a193d5,23184722.328677285,23184722.359021842,23184726.754385762,18,256,0.030344557017087936,4.395363919436932,0
d4594023-bb33-43a0-8eb3-bb8eab55c7be,46f81253-5c0c-454c-87e6-cc7064bfe74a,23184722.828988545,23184722.87170925,23184727.27313446,109,256,0.04272070527076721,4.4014252088963985,0
6d9495ad-0f4d-4cc0-b6d2-c6332651b09e,5296af9d-50c8-4254-9ffe-da3dff386224,23184723.329380084,23184723.366709564,23184727.768865734,30,256,0.037329480051994324,4.4021561704576015,0
6fcdf358-d528-4c10-b8e8-4ced686f4187,77f64918-9e91-4261-96bb-a2edd491f747,23184723.830015484,23184723.870996155,23184728.2759697,160,256,0.04098067060112953,4.404973544180393,0
6102b8c3-6089-4f7f-b745-109d4f1996ab,7427dd43-e678-4436-b1e1-6120ce492ad7,23184724.33186299,23184724.374042653,23184729.278218485,68,256,0.042179662734270096,4.904175832867622,0
4f120ea5-d4be-4f7b-8f7b-a3b6812e1791,dcc08a03-7f38-42e8-bc87-17c1c1f03ed5,23184724.832869116,23184724.879043583,23184729.874672033,16,256,0.046174466609954834,4.995628450065851,0
1cadc8b6-411e-4e59-b6ed-2c9a8f6413d9,a61e2a05-63d3-464e-b5c5-4b1d8bbcdbed,23184725.33372889,23184725.366022673,23184730.37025951,40,256,0.03229378163814545,5.004236835986376,0
88d94926-3da1-44dd-89fd-63f54344e798,bfc8513e-65b5-4af5-9e0c-bf401248ff86,23184725.834772903,23184725.867174592,23184731.422518734,86,256,0.032401688396930695,5.555344142019749,0
61eaea5f-2ee7-4c8c-afe3-9da6ceea9913,21832a4c-d51f-4510-87a2-d66ef1634ca2,23184726.33648009,23184726.380010415,23184731.982032664,46,256,0.04353032633662224,5.602022249251604,0
4b4f3ef1-9182-4789-a7dd-127892f0e0e5,98a6f3d4-a000-49ff-a337-f760ddf2161e,23184726.83686547,23184726.875002604,23184732.514893655,19,256,0.03813713416457176,5.639891050755978,0
090b54e5-bb35-4e43-8a75-d59cdd957814,56bb9ade-754b-4061-bb84-b4ba49434d5a,23184727.337536927,23184727.37363343,23184733.227934036,24,256,0.03609650209546089,5.854300606995821,0
b4634d04-134b-4395-a3b8-963583f9687b,f31edb52-042b-41d7-9416-e6dc640bcd8b,23184727.837805785,23184727.87327096,23184733.771265145,64,256,0.03546517342329025,5.897994186729193,0
a849b7d5-51b4-44cc-8e68-5f1e03dd9b7d,e658db4e-7695-4b6d-8cf0-3bb379cfe2be,23184728.83893621,23184728.971124828,23184734.613915168,16,256,0.132188618183136,5.642790339887142,0
15392529-93c5-4c07-a920-0797df9ea48f,9b85a7ad-6c44-4a24-b6fb-74ad5d703f12,23184728.338261902,23184729.060571294,23184734.651658274,5237,256,0.7223093919456005,5.591086979955435,0
d7e3fe0d-a09b-4ca3-9f0d-a01f2f85182f,f2d55dec-ec82-448c-89f6-73f44fb0ef26,23184729.339318976,23184729.47960999,23184734.999025118,932,256,0.1402910128235817,5.519415128976107,0
3526b6dd-3d15-4005-8b30-9d566da9d822,0a19ceaa-f1b9-455a-849d-44912a43765a,23184729.839718863,23184729.8753449,23184735.394874524,15,256,0.03562603518366814,5.51952962577343,0
f5318227-9067-4963-a324-2e6f68883551,8519cd34-41b3-47f2-adc2-4ed50209511c,23184730.841247164,23184731.039249845,23184736.087825514,32,256,0.1980026811361313,5.048575669527054,0
db5c2b6f-e5d6-4940-9f83-7b74a26def11,5904fac7-812e-4a44-9bce-202fe74dc36b,23184730.340533458,23184731.126789194,23184736.12356026,5680,256,0.7862557359039783,4.996771067380905,0
8d8af9c3-f278-404f-b9ef-72b7fa8370cc,3cbe003f-d360-4b0c-8959-5063bd0f5be3,23184731.342952363,23184731.385129336,23184736.366492175,21,256,0.042176973074674606,4.981362838298082,0
9928b220-76ca-4626-bd3e-a05e820dc6cb,8755dfe3-f400-4b20-8225-10d6be10fef6,23184731.84311257,23184731.89004442,23184736.833962657,123,256,0.04693185165524483,4.943918235599995,0
488d00ec-d1c8-4217-a3d2-8e8b14e3e761,dbc69bd7-894b-4632-8171-f1b0d27484cc,23184732.34326277,23184732.387461968,23184737.301464494,20,256,0.044199198484420776,4.914002526551485,0
3e9e6b22-a70a-4b6f-ba31-6e4c5b175fbd,d16332b2-e3e0-407c-a8d8-3407394e1599,23184732.844866846,23184733.11343056,23184737.819820695,1808,256,0.2685637138783932,4.706390134990215,0
5b38ceff-303f-44ef-9b1d-a09aee49f582,c5a6c6b5-67ad-4af2-a76e-6a207482dc29,23184733.345311753,23184733.397499755,23184738.07705595,17,256,0.052188001573085785,4.67955619469285,0
9858cab1-dd20-4704-bcc9-18a311187fc6,46570059-0d7c-473a-a0e2-478da311770c,23184733.84636829,23184734.01908291,23184738.554505605,1128,256,0.17271462082862854,4.535422693938017,0
625b0e9a-91c7-42c9-a861-3418e9600caf,7dc4e66b-125b-4cfa-b951-1e0d0933e3f4,23184734.34725185,23184734.42608583,23184738.933971807,414,256,0.07883397862315178,4.507885977625847,0
80c20ad1-31bb-443f-bd41-d2067891684c,8c2b8356-e3ec-4207-a710-f311ff271bb7,23184734.84780973,23184734.887614265,23184739.388313167,32,256,0.03980453684926033,4.500698901712894,0
c9c08acd-d0c0-439d-9eec-c912c4274ac5,e75f9dd9-e8db-4e81-8a5f-7b101dc77f52,23184735.348870873,23184735.393872917,23184739.98492651,87,256,0.0450020432472229,4.59105359390378,0
9e6a75aa-dc3d-4eb5-9071-0e643bf34563,54ff1a34-caef-4cb9-877c-9608554f64f0,23184735.848987654,23184735.891628493,23184740.46414542,25,256,0.04264083877205849,4.572516925632954,0
7dd6fbd3-8747-4cfb-b9b4-875e07173739,350cebd7-e72d-4119-a91b-e8ab281ded99,23184736.34925169,23184736.38410516,23184740.94203935,51,256,0.03485346958041191,4.557934187352657,0
d53a67e4-c009-4210-ad27-9f95a09ccacb,298d02bb-f947-4c47-81c2-800087789859,23184736.85063614,23184736.885339342,23184741.44526921,18,256,0.03470320254564285,4.559929866343737,0
e679de3f-22a9-4de9-b38b-26f03759a329,6c901856-d63d-43e9-b850-dc5001c67374,23184737.353695184,23184737.388239697,23184742.00859103,39,256,0.03454451262950897,4.620351333171129,0
30a538e5-cc0e-4c25-a767-937ccc5adfc6,0617e025-e249-48f6-af2e-ce91efb5a7c9,23184737.85427592,23184737.887970496,23184742.506298337,29,256,0.03369457647204399,4.618327841162682,0
368a3cdb-917e-4cab-8b80-fdb7cc8a7ef5,fe55661c-80da-44af-a992-555cfb21d8d5,23184738.355109744,23184738.39878473,23184743.065909013,21,256,0.04367498680949211,4.667124282568693,0
207b1138-85d7-4261-9919-58b3ab70866d,73749781-d8ee-4dc6-85fc-fdfd40dffc13,23184738.856740396,23184738.978981003,23184743.582935166,870,256,0.12224060669541359,4.603954162448645,0
a10b3177-f34a-4d53-8b51-062ef1fe1b20,04c6579f-9aa1-40db-8846-4a410e29031d,23184739.357896153,23184739.475462507,23184744.031862155,680,256,0.11756635457277298,4.556399647146463,0
5af285cf-10e7-4dac-b616-967c94701401,b4ad8b94-0055-4379-89da-35fc43bfacef,23184739.858063523,23184739.98414638,23184744.484240483,1005,256,0.126082856208086,4.5000941045582294,0
c2160bd5-9b2a-474a-b47f-ea56b1a62ccd,f8c42b39-5c8c-44be-ba31-8e00a5440290,23184740.358255442,23184740.394666567,23184744.889680546,20,256,0.03641112521290779,4.495013978332281,0
9460f34a-4c4f-44c8-ac32-c317ff508893,a20094ff-153c-475c-bc82-74e95944a9e8,23184740.85879478,23184740.89087227,23184745.408299267,104,256,0.03207749128341675,4.517426997423172,0
3f8dab50-d9ca-4c0f-ab06-1885bde9a8b1,757ad993-50b5-4479-ad8e-ae8f32dfeafa,23184741.359145332,23184741.40474845,23184746.000190422,29,256,0.04560311883687973,4.595441970974207,0
6f4a9af9-99ad-49de-b095-cf040512bfae,163b1438-2e11-44ac-91ab-906ec526f720,23184741.859592568,23184741.989342786,23184746.733138163,780,256,0.12975021824240685,4.7437953762710094,0
08757489-24e2-4766-94b8-655ddf98e892,9248ebc5-bff7-46fc-a304-9fde94170943,23184742.36014683,23184742.40284742,23184747.158059448,71,256,0.04270058870315552,4.755212027579546,0
c8c174ad-04dc-4abe-b0c4-8ab45d34f6f3,079a46dc-484b-4016-b984-0a19e637fcf0,23184742.861285657,23184742.961760752,23184747.82642185,610,256,0.10047509521245956,4.86466109752655,0
d8ef26f7-3f2d-418e-b1e1-5915cf43a648,d726acfb-f64d-4c34-af35-90a320d3cce7,23184743.36150859,23184743.392580934,23184748.263036866,38,256,0.03107234463095665,4.870455931872129,0
f61e9a22-e316-4700-8611-dd8ca8beeaad,b5e75c47-59f8-45bf-8227-6f8c19332b96,23184743.862220384,23184743.894070633,23184748.768645104,56,256,0.03185024857521057,4.874574471265078,0
ff1523a9-8d03-4128-8c25-3613fca0a5c4,74c64f27-67de-423f-a082-53881d6e02fa,23184744.362466443,23184744.413749352,23184749.29371192,175,256,0.05128290876746178,4.87996256724,0
309ed1ac-73df-4088-b8b9-aa4b50652024,20a4fe9a-7f11-4d32-bf3f-2ac851ecef99,23184744.86325373,23184744.929869495,23184749.80756422,456,256,0.0666157640516758,4.877694725990295,0
d2de295f-848e-4b8b-a0f9-f176c4813a30,57aa231e-c77b-4201-97e1-9382534ee05a,23184745.365115482,23184745.407522947,23184750.297381394,105,256,0.04240746423602104,4.8898584470152855,0
f977a0d1-20cb-40e2-acb7-94501e665e2d,60378c37-0252-438a-ab26-8a8208fbeec2,23184746.867075615,23184746.909734134,23184750.61827014,19,204,0.04265851899981499,3.7085360065102577,0
b55ed373-2372-4224-84d6-440ab686ec2d,43bcfd69-9f82-4593-9ca8-12b3d0fe7bce,23184745.86529162,23184746.113510013,23184750.863751687,1846,256,0.24821839109063148,4.750241674482822,0
29eb000f-c6bb-4b51-afbc-aaaf9c08678a,b1c3c343-e239-4838-8d26-b770d80f52f1,23184746.366451807,23184746.594036438,23184751.22023066,1779,256,0.2275846302509308,4.6261942237615585,0
b90c0299-252e-4c23-8f82-12ea47d7f7c9,1fd1065c-cf9d-4723-9663-80cc9c76429f,23184747.36837259,23184747.612909958,23184752.111537453,1748,256,0.2445373684167862,4.498627495020628,0
798ce66b-e1f0-40df-8d9e-6f1e0ff13229,880c8be4-f0a3-473b-9e9d-196406e645c8,23184747.868995655,23184747.914603654,23184752.40725126,30,256,0.045607998967170715,4.492647606879473,0
8452fbf6-8718-44e2-b4da-8ebefa35198b,d9a66cbd-b148-4d29-a1b8-84f7c1bab998,23184748.369862705,23184748.406971134,23184752.88947152,33,256,0.03710842877626419,4.48250038549304,0
daa56fae-615c-4180-9ac6-f4bc4bf1e306,10314fb1-60d3-4c0f-9cf0-a209da4a661e,23184748.870311078,23184748.90988293,23184753.39313527,59,256,0.0395718514919281,4.483252339065075,0
4cd2371a-37a3-4060-8d97-70f997922391,1e7c5dd0-4526-4d5d-bb6f-0d88fa632257,23184749.370908197,23184749.418332376,23184753.8941862,67,256,0.04742417857050896,4.475853823125362,0
f21191cc-1453-4009-874b-f41820e75ef7,267da659-d21a-4963-9267-d5dd3886a565,23184749.871168673,23184749.913012557,23184754.525414787,23,256,0.04184388369321823,4.612402230501175,0
776be7f4-f529-4d26-b83a-c22596443084,3fa6d321-cae7-457d-980e-24bc2eaa6fcc,23184750.371772517,23184750.40767987,23184755.062129132,29,256,0.035907354205846786,4.654449261724949,0
0c3ff4ef-df80-4069-9455-96ef4e5e794b,d3a0402e-b85b-4367-a26c-2f41fb2d8530,23184750.872019943,23184750.922657058,23184755.606457364,148,256,0.05063711479306221,4.683800306171179,0
940e2cf2-1cae-41e1-b18a-532e65b7bc3c,ea4daef1-61ab-4837-8607-79c5a038f6ad,23184751.373424217,23184751.440204423,23184756.178862147,263,256,0.0667802058160305,4.738657724112272,0
7817d222-367e-4e3a-b975-4afba8a60d1c,6060d0d6-2d45-4e4e-a8c9-16c80c4e2ac3,23184751.873607855,23184751.905317966,23184756.743387375,36,256,0.03171011060476303,4.838069409132004,0
b384e9a4-e57b-4cc6-b0b3-d0e591d20f7d,19d987bf-fd03-41b8-be7d-cd668ec656e4,23184752.37390553,23184752.406380985,23184757.366833724,21,256,0.03247545659542084,4.960452739149332,0
0af9a604-3308-4b8d-9a25-5639e75a2866,e150ba98-2063-4111-a9a8-b23c1df56af0,23184752.874740265,23184752.906687625,23184757.98144659,49,256,0.031947359442710876,5.074758965522051,0
16dfe228-a4b6-44ab-8cbc-68878b524635,06d60015-72a9-48a0-98d4-6f2db5270411,23184753.37781938,23184753.41141715,23184758.546634134,74,256,0.03359776735305786,5.135216984897852,0
de5085af-3991-4967-bcce-5bf8323b9930,12e891c1-d2a1-403f-a0cc-174e623c4010,23184753.87837729,23184753.99751476,23184759.080228135,982,256,0.1191374696791172,5.0827133767306805,0
0d95f62d-e034-4a75-b11b-20d564ff1b7f,cad44749-33b8-4886-aad8-eaed13f43079,23184754.37853336,23184754.572284944,23184759.688956402,1293,256,0.19375158473849297,5.116671457886696,0
24da1572-619e-4b6a-99a6-5c5ba357352e,ba3ace16-ccde-4c72-ae9f-e600dae72c49,23184754.879214577,23184754.941435013,23184760.135529023,374,256,0.062220435589551926,5.194094009697437,0
de404230-091b-4820-856d-90602303231e,e85a77ea-2a04-4236-9dc5-7ad0af448ee1,23184755.380859237,23184755.485121254,23184760.81134492,610,256,0.10426201671361923,5.3262236677110195,0
bf415585-4083-417f-8d04-7c34daec269a,52565c3a-6a46-4bfa-b484-64e5a723ad31,23184755.881520666,23184756.03772359,23184761.34598078,1033,256,0.15620292350649834,5.3082571886479855,0
77eaaaa0-3e91-4cdf-a20f-743c15da0960,fa8c52d3-c09b-4814-85a6-72be1a710c70,23184756.381795697,23184756.547931105,23184761.799129993,1034,256,0.16613540798425674,5.251198887825012,0
93f256c8-adc3-47be-89cd-6c74a95fbb77,f42a1a23-40d7-47fe-856b-7250113ae7d4,23184756.88226344,23184757.06617368,23184762.23230941,1326,256,0.18391023948788643,5.166135728359222,0
5a92cfaa-1e3f-4a35-b21d-803f2fbd1bde,54014e14-b65d-4e69-be4d-9317c826fd9a,23184757.383522417,23184757.487910483,23184762.603636168,672,256,0.10438806563615799,5.115725684911013,0
d685a35e-45a1-4591-bb6b-1938c3d136b1,3cc408b3-6a4a-4367-a370-4020718f3dd5,23184757.883662723,23184757.98020939,23184763.04769456,713,256,0.09654666855931282,5.0674851685762405,0
f2be9d12-f2ce-4ccb-a939-c17b264816f9,f6f0b765-d4d7-47c9-ac28-92b7c7fd1a78,23184758.386134528,23184758.492165424,23184763.50590869,663,256,0.1060308963060379,5.01374326646328,0
2e1fdcc1-945a-4bf1-9042-7b8923de0bff,2fc02e82-68f8-419d-a5ce-c7c482203ab0,23184758.886393014,23184758.916741118,23184763.922906168,70,256,0.030348103493452072,5.00616504997015,0
d3027c20-c352-4b6c-bcd6-13fb3638838b,c68de23b-6d31-4b19-b643-627e540e9545,23184759.387381617,23184759.616987534,23184764.48839391,1652,256,0.22960591688752174,4.871406376361847,0
0990a9f2-db34-4215-85f5-bc4ed26e5c69,4fae4f34-843e-4948-ad74-c6da022ee137,23184759.88844301,23184760.042325146,23184764.82039812,1048,256,0.15388213470578194,4.778072971850634,0
dc1dec78-1d23-4fe9-9490-adc8f4300c97,9a1de644-2e94-403f-8212-038db4fa3183,23184760.390495468,23184760.647898037,23184765.282644544,1928,256,0.25740256905555725,4.634746506810188,0
b7f34c88-cadb-4ea7-8842-e69ee5c2a526,30de2d7e-dba6-4f29-b92f-5fe19b3d8ac9,23184760.890873156,23184761.002927084,23184765.5745491,705,256,0.11205392703413963,4.571622017771006,0
3d2705fd-fb71-4ee6-95d6-a95d731f4198,dca13f09-6ef4-48cd-b278-9ad5184788d3,23184761.392655615,23184761.460355464,23184765.98300049,312,256,0.0676998496055603,4.522645026445389,0
7988aa7f-09cf-4dde-bf57-48f1416e5fd4,1312450e-fbbb-489b-8420-8ab2aaaf74cd,23184761.893274482,23184761.944186367,23184766.457381096,480,256,0.050911884754896164,4.513194728642702,0
f337188a-6fbe-410a-b16f-d2f2c6143329,fa842dbc-be37-4307-8a66-dc72a61c6343,23184762.393792767,23184762.425586075,23184766.9636571,45,256,0.03179330751299858,4.538071025162935,0
1e95abef-5023-4adf-a256-a7e0a3f840a9,535fcc76-f1fc-4a6c-8682-30a23c51192a,23184762.89504099,23184762.939025268,23184767.17378625,11,239,0.04398427903652191,4.234760981053114,0
97371c81-2832-4a3f-ae3c-4a81074aabc2,378000d3-4cb8-4e7e-985d-ee2edd12aacf,23184763.395323392,23184763.434175607,23184767.9512034,15,256,0.03885221481323242,4.5170277915894985,0
b506228c-6717-4c77-88f3-01b77f185dba,92cd97cc-f4ae-47ef-9814-fabfcb03e17f,23184763.895495273,23184763.94092599,23184768.449697763,21,256,0.04543071612715721,4.508771773427725,0
40e8cbfe-f380-40a5-a2b0-55b0901047c4,9500ce56-f6af-4b3f-b044-2a851813cd37,23184764.39563631,23184764.433938533,23184768.500288937,185,231,0.0383022241294384,4.066350404173136,0
0fcfccea-e863-4c84-adf4-22702f77b0f1,05504dc7-1ff4-459a-8921-42e2f296433f,23184764.896027908,23184764.97133908,23184769.42006322,400,256,0.07531117275357246,4.448724139481783,0
6c3518bf-d163-4d51-8e5d-dfd9b31f36b1,17e98d20-355e-477b-aba7-2e09d8d1d920,23184765.396316458,23184765.436650567,23184769.879176844,67,256,0.04033410921692848,4.442526277154684,0
5aff1e8d-b751-47ca-aa8e-7856873476dd,f09fdebb-b860-4fa9-bdb9-6d58239c81f5,23184765.896671314,23184765.931614406,23184770.371333063,16,256,0.03494309261441231,4.439718656241894,0
b05258e6-a510-42b5-af90-12ab1f9a8f4c,6b72a030-7263-489c-812b-f6fc9570cf26,23184766.396846272,23184766.456755187,23184770.886049375,422,256,0.0599089153110981,4.429294187575579,0
c3c9a610-190c-4ce1-a115-fc4021ea9644,b82028bc-4b53-45e1-94b3-9eb7b5285a1d,23184769.40461552,23184769.4376746,23184770.981114432,11,89,0.03305907920002937,1.543439831584692,0
50f045dc-2753-4190-b8d1-369db07d718c,ea37d4a7-4a2c-4d67-834d-4e74860ac126,23184766.897550926,23184766.961826265,23184771.36570868,370,256,0.0642753392457962,4.403882414102554,0
e52378b2-2ee0-442c-88fb-69d5ce970f48,61641d55-2fb1-4eaf-8edf-53ab63cd69e3,23184767.398105063,23184767.433151968,23184771.82754229,25,256,0.035046905279159546,4.394390322268009,0
e2c88257-ac0d-452b-8ca1-bf4a51221da0,8623d627-a4ad-4805-b3dd-d79ffdbbdb7c,23184767.8986411,23184767.93283963,23184772.3253199,115,256,0.03419853001832962,4.39248027279973,0
32346eff-1662-49b3-8224-2c2a5d3fcfe5,278d1efa-239a-40e2-a076-2ddf7f8970de,23184768.39974374,23184768.430256132,23184772.828353614,67,256,0.03051239252090454,4.3980974815785885,0
38484a0d-9c4b-4fa2-b641-8174b0523b00,bee04488-00e1-4af9-9d43-558a84bae3c5,23184768.901435375,23184768.944110338,23184773.35008931,189,256,0.0426749624311924,4.405978973954916,0
71014a5c-467c-48ad-b11b-c14914ee7f82,19877262-565a-46a2-bbf7-6f8072d9270c,23184769.905435544,23184769.946561523,23184774.375006307,24,256,0.04112597927451134,4.428444784134626,0
bdbb9f4c-c6b4-4488-a8c1-cbbab309da59,865c49df-be9e-4cfc-b6f3-f564e5c9d54e,23184770.406549055,23184770.462119695,23184774.86670878,294,256,0.05557063966989517,4.404589086771011,0
e2ce2d1f-1851-4590-81e5-11c372918d85,bfcbc370-ba47-4372-a17a-5702b6603b0c,23184770.907377735,23184770.962618202,23184775.3492475,250,256,0.05524046719074249,4.386629298329353,0
bbabc475-ccc2-486f-b593-268fde7efbfc,28d0cfb3-64c9-414a-acb2-572fb52f3896,23184771.408485144,23184771.451261256,23184775.847393256,17,256,0.042776111513376236,4.3961319997906685,0
dc5a32df-3009-4a2e-99f0-e787003b38b8,ed2b3d8c-2e29-4b8b-ba91-a10474d25f79,23184771.909141887,23184771.946360648,23184776.347121242,27,256,0.03721876069903374,4.400760594755411,0
12952e93-203b-4713-ab8a-56e29069c377,32721fa7-d925-410c-9c9e-c39f9604c5b9,23184772.912100095,23184772.95362529,23184776.82741223,108,226,0.04152519628405571,3.873786937445402,0
f1b6377b-5517-4f54-a969-7f65fb2742ab,50e78c5b-ef08-494a-b42d-c20df815f30c,23184772.410901736,23184772.447851118,23184776.84431822,18,256,0.03694938123226166,4.396467100828886,0
a9791422-1ef2-454d-9d79-d9938cc46dfe,5bcf78e3-2634-4190-b58d-5e93ca3a5c08,23184773.412802655,23184773.45773367,23184777.833795454,71,256,0.04493101313710213,4.376061785966158,0
68fe8e66-42c6-486a-a778-82290ea207da,e6ff0a41-4e3a-4110-8f2d-c6770be59374,23184773.91345577,23184773.956230987,23184778.328913126,30,256,0.042775217443704605,4.372682139277458,0
6eb13dfa-cefc-477c-ac9e-9c3d69e072be,b4cdb115-a4dd-4dfe-b601-84f6952346ff,23184774.414577056,23184774.443544343,23184778.872792296,30,256,0.02896728739142418,4.4292479529976845,0
0691a17a-1a1f-4783-86c5-de925ac9c83a,29b0ce3d-cd57-47d1-95ba-0c137ce485c3,23184774.91546396,23184774.953192182,23184779.403843008,20,256,0.03772822022438049,4.450650826096535,0
68b35008-3c4e-43db-93ec-0e6291bcce1d,3431bf62-3b2e-4809-a000-6342823c6c47,23184775.41689164,23184775.451832496,23184779.895440962,33,256,0.03494085744023323,4.443608466535807,0
4d7bf3cd-e0ce-491a-9099-4744796a221b,4ee4b028-5338-404b-ac8e-c4f322db8658,23184775.918030344,23184775.951351523,23184780.38803586,17,256,0.03332117944955826,4.436684336513281,0
7140135a-b1f5-4add-a750-fb86fd5eb395,28ea8ae8-f55d-4bca-a935-6f5e34cb1234,23184776.42196265,23184776.450422507,23184780.880786747,17,256,0.028459858149290085,4.430364239960909,0
2eaf8090-0fa5-44aa-b6d3-23c4770464c6,46f282e7-5972-4d14-85b1-07f5bf990d20,23184776.92270129,23184776.962811023,23184781.394283265,29,256,0.04010973125696182,4.4314722418785095,0
afbf1c0a-209e-426d-8402-471a432fd851,39fbccf1-46d4-4da8-afb2-4df65590de74,23184777.423686575,23184777.45616046,23184781.887809698,17,256,0.032473884522914886,4.43164923787117,0
ef595531-c2d6-4a81-8773-18ded45306c1,3e05f0de-fe8e-457f-b78d-792a60bdd585,23184777.924229737,23184777.951905645,23184782.382176504,41,256,0.02767590805888176,4.430270858108997,0
19eda758-3ff1-4cbb-99d9-23b4f1a02011,b2cc835a-b770-4c8f-88de-68c425a6305e,23184778.425207943,23184778.54809901,23184782.91128149,1012,256,0.12289106845855713,4.363182477653027,0
e4108a82-267b-47b5-8315-5beb2ce11a60,1de6347d-0b12-4f0f-85ae-fce58860a6e2,23184778.925671954,23184778.97684585,23184783.318408053,504,256,0.051173895597457886,4.341562204062939,0
1a070945-3c35-462c-8788-52fede39c058,76ef3bdd-f862-49f7-ae67-3fd95354c7a9,23184779.426325288,23184779.47160508,23184784.075192235,105,256,0.045279793441295624,4.603587154299021,0
c51da947-0c1d-45ce-91f2-08a071b140c2,f3a321e7-8b65-4295-80b2-e5c1119eb3e6,23184779.927081306,23184779.96369356,23184784.633538138,44,256,0.03661225363612175,4.669844578951597,0
b8bc23fa-e2b9-4bcf-8159-ad8b24a4ee74,f412cc56-c495-49b2-a602-790fc9bad141,23184780.42724741,23184780.455941845,23184784.997964144,34,248,0.028694435954093933,4.5420222990214825,0
bdc2dde2-632e-44ef-9c67-fbedb78fda23,9d6c0f01-3525-466d-985a-f51318e23818,23184780.927949402,23184780.96632695,23184785.658837564,58,256,0.038377545773983,4.692510616034269,0
42bce0f3-be46-41b6-aa99-82f0bbeb74c3,58534cf4-a757-43d7-b626-c48f4975378e,23184781.428716056,23184781.462790936,23184786.162293244,24,256,0.03407488018274307,4.699502307921648,0
764bd731-b0cf-42f7-876d-7a9b29a84f13,57b6c527-7226-4f79-b92f-db4bb480cfa6,23184781.928967386,23184781.97145935,23184786.68352338,24,256,0.04249196499586105,4.712064027786255,0
2bccf3bf-f5e4-45d8-93aa-35fd2a67a08f,461e0ac8-6f30-47c5-ad5f-56b08140aaa1,23184782.429883208,23184782.46764104,23184787.185658816,58,256,0.03775783255696297,4.718017775565386,0
a2ff0577-1c94-4610-a97c-dce19ee1d8a5,d3df4e55-9c57-4f71-8de9-cb54d4108cee,23184782.930651233,23184782.961852245,23184787.69507718,19,256,0.031201012432575226,4.733224935829639,0
d0ea22a4-3e81-4a1d-a271-ba48c76254eb,61463abf-2f3d-421f-a6ad-8924b4f52032,23184783.43109413,23184783.69824919,23184788.271520153,1916,256,0.2671550624072552,4.573270961642265,0
a0d58d17-cb38-4c3c-b2a9-4fd395996412,4a00ee48-a9ce-4cf6-930f-3ce38037880e,23184786.937668484,23184786.978806224,23184788.42857666,11,84,0.04113774001598358,1.4497704356908798,0
0ff80996-d077-4763-a9ec-fff13275614d,27c44627-e784-4ff9-8dc5-fad3741538bf,23184783.931963407,23184784.163286082,23184788.60140006,1757,256,0.23132267594337463,4.43811397626996,0
6b310e1a-9cab-46cd-9809-e5f3c6444aab,2cafe017-18d3-49b9-95e7-618268c9f442,23184784.43210703,23184784.479134075,23184788.908777133,88,256,0.047027043998241425,4.429643057286739,0
ee942865-7aca-43bd-a6e5-a88d71ba8629,0d5a27a9-26dd-4d85-8592-29098634e870,23184784.932773292,23184784.96265245,23184789.386845913,19,256,0.02987915650010109,4.42419346421957,0
a9cbee98-41e8-4f1a-8bc3-5d0dec827911,1ca07f75-9603-4675-bf64-4211871efd3e,23184785.433359325,23184785.467525832,23184789.878674075,20,256,0.03416650742292404,4.411148242652416,0
36213ffd-f583-43be-929d-a12e85de66e3,ae7eefdf-9866-4698-b578-94a2722621c8,23184785.93447035,23184785.971054256,23184790.371265937,18,256,0.036583904176950455,4.400211680680513,0
e1b3ef9f-c9bf-4adc-bb25-ea5cd0229954,3e2ff8af-3c91-4858-8a07-9d7dd2eee451,23184786.436613634,23184786.476978015,23184790.86606928,77,256,0.040364380925893784,4.3890912644565105,0
93e0ea78-eb84-4595-99c3-55be7385f3e4,50afaa82-feb0-454b-973e-061266ee4441,23184787.437861897,23184787.469565246,23184791.897557538,19,256,0.03170334920287132,4.427992291748524,0
945131a0-36ee-45d3-8e5b-1086b3b2ccc0,fd914869-c226-4e38-89bd-951dba0116e2,23184787.939037465,23184787.975161538,23184792.394030716,18,256,0.03612407296895981,4.41886917874217,0
741f4945-3633-464e-b92a-82e933032b7e,574282db-5ef8-4253-a8a4-7bd8937224e1,23184788.439879157,23184788.480243813,23184792.885482002,17,256,0.04036465659737587,4.405238188803196,0
621848d5-9c4e-4309-aefa-16ca230f665b,1de86f70-3360-44ba-b0d3-414a908e5b47,23184788.940162454,23184788.97739618,23184793.37461237,22,256,0.03723372519016266,4.397216189652681,0
ca44bf0e-6b3d-4dba-9ae8-2efc6532481f,4273093d-3ea9-4b96-aa15-ba98f460dff7,23184789.440992933,23184789.47109956,23184793.867603406,17,256,0.030106626451015472,4.39650384709239,0
d876ec93-0c83-4c35-b125-07d915c56992,7381697e-f486-4579-985f-3172b30f31ce,23184789.941518147,23184789.980370034,23184794.37557541,35,256,0.03885188698768616,4.395205374807119,0
c9482b94-8a6b-49ac-a408-52973cce550d,0a29eaee-59d3-4208-9dbf-8419837c0c90,23184790.442584816,23184790.4740165,23184794.87420898,76,256,0.03143168240785599,4.400192480534315,0
873b8ad4-f130-4b24-83b2-a36bc0380aa6,4e75dd9a-3fe2-4441-a787-49cf1c59bf53,23184790.94366912,23184791.05353425,23184795.400702592,693,256,0.10986512899398804,4.34716834127903,0
80dbd4b9-7622-452a-835b-a7b1c458c57b,21206f84-c74a-4b9c-a7bf-1d55c7846bfa,23184791.444558498,23184791.48528221,23184795.83398621,156,256,0.040723711252212524,4.348704002797604,0
5f261386-f56d-4f3c-a894-2422b445deb7,4f8dad97-2cfc-4948-9b77-680c8de4f232,23184791.945676744,23184791.981854834,23184796.33047701,28,256,0.036178089678287506,4.348622176796198,0
634f2f29-3579-4626-9d1b-4de184bab60d,a370f317-698f-49af-8c61-215bb44468d4,23184792.446063552,23184792.478596248,23184796.83531661,21,256,0.032532695680856705,4.356720361858606,0
d115c648-22b0-4d01-85f3-da188ea45620,855aec04-4460-400f-97c6-8f66ac8059cc,23184792.94703594,23184792.986130115,23184797.37484744,29,256,0.03909417614340782,4.388717323541641,0
d28d3b94-36be-427e-9313-638cdd868afb,a1576160-5563-4264-9711-c88a582741af,23184793.4475615,23184793.47567161,23184797.87290603,25,256,0.028110112994909286,4.397234417498112,0
c948f684-c016-464d-840e-5b05e8a37e98,710c6541-8a36-4d70-a04b-ebebe66a02a8,23184793.9481234,23184793.98441803,23184798.392795146,17,256,0.03629463165998459,4.40837711468339,0
2b0b7114-46f5-4b60-b258-2b1d500fae55,15e84c83-5828-4030-9929-c3f6236a9060,23184794.448742464,23184794.48016544,23184798.903302684,47,256,0.03142297640442848,4.423137243837118,0
9d73c448-57c6-4564-b6c6-c5c914a14e1e,12020c64-99f5-4e9d-a0f8-cc6008806458,23184794.950807303,23184794.992847588,23184799.433453843,18,256,0.04204028472304344,4.440606255084276,0
a8a9a982-8757-448a-8662-bdd3013946b3,2cdebbc3-01b6-40ee-a015-4064f892d76c,23184795.45241053,23184795.48795263,23184799.949559975,22,256,0.03554210066795349,4.461607344448566,0
389a834d-a937-4278-b079-3f374f502878,e4698c70-5dda-403d-8a04-1372c4f252f6,23184795.953097243,23184795.986253418,23184800.456276573,25,256,0.033156175166368484,4.470023155212402,0
6524653c-7ff4-4e3e-9a91-959e2b966d45,0724d3e2-c733-4c32-ada5-0b4e23bd6d9d,23184796.45515474,23184796.489774503,23184801.0440958,20,256,0.0346197634935379,4.554321296513081,0
4b810b74-b977-487e-a619-9ace58fe5876,26458df0-43ac-4331-8a63-9cab72b93c87,23184796.955455232,23184797.012450345,23184801.545877423,294,256,0.05699511244893074,4.533427078276873,0
2a5c6eff-1a2c-41d0-bbc1-19d93967d7f6,fa6e394e-eb30-4072-98fb-a215034bfc72,23184797.45647345,23184797.495521087,23184802.02662391,82,256,0.03904763609170914,4.531102821230888,0
5dbd8b54-8f52-4239-b599-60692a68b8fc,3b2d5024-5cd4-4688-84b5-7c6df6c3b743,23184797.95729393,23184797.99196092,23184802.533965982,26,256,0.034666988998651505,4.5420050621032715,0
b095abf6-b027-4ae5-81b5-f052ad23bb51,950030d6-acec-4831-90f0-57a9aaa6125d,23184798.457522806,23184798.497641746,23184803.028149378,51,256,0.04011894017457962,4.530507631599903,0
0628b64b-a38a-4dd2-9ccc-4c0c9b4bee5e,37db7857-44a2-4f2b-8e4e-501a53409740,23184798.958366856,23184798.991645794,23184803.51739191,27,256,0.033278938382864,4.525746114552021,0
5b9fa07f-fc88-479c-a479-259a9af99469,99378d45-989f-4141-a450-bc87cdcaef50,23184799.46029312,23184799.511927716,23184804.023254685,125,256,0.051634594798088074,4.511326968669891,0
6a5205a9-fc2c-48de-a701-8a47504da61d,5e54bee5-f491-4192-98be-541408875ead,23184799.96083572,23184800.001581177,23184804.52939922,55,256,0.04074545577168465,4.527818042784929,0
72e6feb7-0f3f-450f-b22e-f349cc230cd8,04b67ec5-5c3c-430f-ad88-8a4a9522eb91,23184800.46154892,23184800.614391204,23184805.054445054,1022,256,0.15284228324890137,4.440053850412369,0
fac775f2-7a80-44f5-8fb2-e60743901dea,b08cb6e2-61e8-4778-b391-fe7a43c7e129,23184800.961661074,23184800.991861302,23184805.443964664,28,256,0.030200228095054626,4.452103361487389,0
d7dd51a8-f096-4532-ac13-67a7f443a312,156f6126-ec6a-44d2-b293-5f13c55d4dd5,23184801.46209527,23184801.491676196,23184805.953563023,78,256,0.029580924659967422,4.461886826902628,0
cd9b6db9-e8e5-4810-a7bc-b969f7da91d9,be06dc51-914e-43ea-8358-55b0d1890680,23184801.962390848,23184802.008049034,23184806.482221473,73,256,0.045658186078071594,4.474172439426184,0
6699b6ee-d537-4f78-baf8-49ead063aeae,75fca209-2967-4928-bae6-de93695692d1,23184802.46286828,23184802.51644604,23184806.987158705,121,256,0.05357775837182999,4.470712665468454,0
136e5f43-9b26-4dd2-9e2c-8501193acd7b,47c98225-1df1-4345-895b-32a3319e122e,23184802.963357944,23184802.994334154,23184807.47478466,55,256,0.03097620978951454,4.480450507253408,0
7d206ce0-2451-4333-8de3-60a425d12e4b,3873691e-ee1a-46b8-9b6a-dba524c6d889,23184803.46377764,23184803.498617385,23184807.979408294,64,256,0.03483974561095238,4.480790909379721,0
7cd76699-c944-4d56-bd58-6bbd6126d2bf,18c03500-2486-488d-a2b6-4e4fa8b4a510,23184804.46562968,23184804.508821595,23184808.393929858,11,223,0.04319191724061966,3.8851082623004913,0
6cb619fa-ce70-4b41-9c1a-0bf4c1bab519,0b37e88c-8860-485b-a849-e963e29b1038,23184803.965372704,23184804.004109774,23184808.47987267,44,256,0.03873706981539726,4.4757628962397575,0
6bf8f161-64e8-4c26-95aa-bbdb49c32180,ec2fd5fe-8e18-4206-86ff-9c7f3a10e4fe,23184804.96635542,23184805.000666164,23184809.500100482,19,256,0.03431074321269989,4.499434318393469,0
13dbe132-66b9-4e27-b22b-6c78ca0a6e55,e96be2c6-b8bf-4c4c-8253-53aac13b367f,23184805.466924284,23184805.497968126,23184809.985528227,60,256,0.031043842434883118,4.487560100853443,0
537b45d9-c3f5-4f70-9ed9-02209ae331e6,319498e8-4633-4289-9d12-f71e7d89d42d,23184805.968833305,23184806.007429827,23184810.48858383,19,256,0.03859652206301689,4.481154002249241,0
b79bf9df-eb09-4323-b6e6-40ae376e92db,ad07e043-ae52-46ed-b00c-c4cf83d899e1,23184806.46927009,23184806.49903794,23184810.974874884,37,256,0.029767848551273346,4.47583694383502,0
90a25772-1559-41d7-a34b-68cc6d467ef6,d8d63488-01c8-430e-8a6b-faaa2fc071fe,23184806.970357463,23184807.00375877,23184811.478000175,36,256,0.033401306718587875,4.474241405725479,0
70386730-1e27-4590-95a7-79e2395c9ec5,fa2ac823-6298-42c5-9050-bd78035f7356,23184807.471438874,23184807.51539266,23184811.984955076,175,256,0.043953787535429,4.469562415033579,0
2edca307-0bad-48d3-a7ad-cbbd54aa263f,55b68b63-02cb-4b03-8347-cf5fb37c41af,23184807.971944727,23184808.013122797,23184812.489000298,13,256,0.04117807000875473,4.475877501070499,0
f9cc22e3-eda7-445c-b4ca-c01bddf93bf6,2df7990b-d1b0-4405-bcbd-8523184a9635,23184808.47209572,23184808.544317883,23184812.98708291,266,256,0.07222216203808784,4.442765027284622,0
bf3fde40-f37e-4ee5-9420-84c635c394a3,84f4137b-254a-4c01-94e2-e0b9e03bf80a,23184808.972705234,23184809.027768977,23184813.448307082,135,256,0.05506374314427376,4.420538105070591,0
81915559-c410-4252-b86f-1ae4c644b4fe,bf9d27a3-a64a-49b6-9d51-271d3f4da950,23184809.47287562,23184809.518124282,23184813.928113878,14,256,0.04524866119027138,4.409989595413208,0
4250f95e-dec2-4ec8-9ba4-49b9f22743c4,20ea1576-9540-4a2f-aca7-4819050b13ce,23184809.973601095,23184810.003718466,23184814.413179867,18,256,0.030117370188236237,4.40946140140295,0
57956d37-2dc0-4e23-a9ce-d8ba395ab359,ef96f711-4c6a-4643-9d46-6d20ca698bdf,23184810.473790582,23184810.507412896,23184814.940934747,20,256,0.03362231329083443,4.43352185189724,0
189e4b9a-de59-44fd-884c-894ec257cec4,d4c38abe-b57f-4481-ba5c-51d509ad31b9,23184810.975063905,23184811.00830333,23184815.546641033,29,256,0.03323942422866821,4.538337703794241,0
2f93025e-3076-45ee-adeb-0299db0384d1,765ed215-0fe5-4a1c-96af-4aba5747c434,23184811.477885455,23184811.51250181,23184816.059414603,74,256,0.03461635485291481,4.546912793070078,0
e1f2f2ad-0bcd-4e81-9cb0-dbe357f73caa,36ca243c-1b5b-4fcb-9566-152e42e18307,23184811.978942703,23184812.01497026,23184816.570400387,40,256,0.03602755814790726,4.5554301254451275,0
b7532ffa-2eb3-4e8a-887d-3d8608c14efd,4306d63d-cecc-4f0f-9a90-815dee512042,23184812.479400896,23184812.520480298,23184817.074900076,103,256,0.04107940196990967,4.554419778287411,0
d56338bb-6c02-41b5-adf8-4a7d14fe82ba,d894ab01-17da-4c3b-b571-38bc4289a458,23184812.97981997,23184813.019357957,23184817.590556815,45,256,0.03953798860311508,4.571198858320713,0
4f18d30b-af8c-404c-ab68-eefc01442c2c,80022c73-4440-4db5-8c94-0fa365fa37c2,23184813.480895184,23184813.5164811,23184818.108033914,40,256,0.035585917532444,4.591552812606096,0
28cdf5f2-1b1b-4c3c-957a-5e8316326611,562cbb87-ea92-4ca7-b23b-7f7dfebf0d79,23184813.98154092,23184814.012024954,23184818.61179169,25,256,0.03048403561115265,4.599766734987497,0
cc2b4dc4-6bce-4863-a7db-8c91fb38e40d,5c1769ad-0721-490e-a8b5-39f8ce2dff34,23184814.482579153,23184814.546099205,23184819.114350654,307,256,0.06352005153894424,4.568251449614763,0
681d9e60-e22f-4264-8290-e78b031ce004,257abe77-b163-4352-8842-8b7204fd36f6,23184814.98469917,23184815.15960568,23184819.637569003,1211,256,0.17490650713443756,4.477963324636221,0
2ea56717-ad1a-43eb-b292-b9957b7437a1,ae74c259-f31a-478e-9fc7-7acf2bc404e1,23184815.985327967,23184816.02028077,23184819.72636212,11,212,0.0349528044462204,3.706081349402666,0
dbb9688b-4340-4eb5-92f8-ed7f4b4dedc3,cf54e607-1dab-403f-a36a-7dcecd97e577,23184815.484863136,23184815.52649208,23184819.967682306,11,254,0.041628945618867874,4.4411902241408825,0
d32c62dd-d4b3-4fa7-8b32-5a8ed8a0920e,86e6a535-3d78-44f4-8bd4-367e30d22e62,23184816.48555989,23184816.516144283,23184820.985228177,53,256,0.030584394931793213,4.469083894044161,0
555263b6-bd75-403b-98d9-58180e299cd3,469fb72e-3eac-48d7-8aff-b9e3fe9fdd23,23184816.98591769,23184817.021848693,23184821.50489255,53,256,0.03593100234866142,4.483043856918812,0
e40cd705-53d4-49e5-8157-c8107b02e8f3,b712787b-4eb0-42d8-a27e-6a987ec2d309,23184819.49142047,23184819.5314693,23184821.856646884,11,133,0.04004883021116257,2.3251775838434696,0
b8e2fab5-75a7-48e3-9a52-462b67eef894,89e9af08-ee45-4a0d-8f72-2d55ddf732d0,23184817.48737432,23184817.537040956,23184822.012324095,131,256,0.0496666356921196,4.47528313845396,0
c8578a0e-4bc4-42ec-93f8-8b319093dc06,39e23507-1127-423f-a531-bba27544e4b6,23184818.488905434,23184818.523646794,23184822.287387826,11,216,0.03474136069417,3.7637410312891006,0
8a04dd20-c2a9-4d92-8a8c-5ced0267d400,df13d2ee-370b-431d-a9e3-4c48bb1da4c8,23184817.987987258,23184818.03762704,23184822.504712123,175,256,0.049639783799648285,4.4670850820839405,0
d1799d73-0a5f-4383-a3ca-e236fbca80f4,6d2c0353-eabd-4b37-b034-845380813fa0,23184818.98971816,23184819.025875848,23184823.479870584,38,256,0.03615768626332283,4.453994736075401,0
541a7b3c-f30d-4497-9971-532c7ebfa3bf,24728b93-3e55-46b8-bf29-49a84e3299b4,23184819.991759192,23184820.021021374,23184824.5395562,18,256,0.029262181371450424,4.518534827977419,0
1d4a0a7f-6d3e-4cce-a1ed-4a355d3cfdff,cdfe8c2c-4d90-4b74-b361-0baaeed4959e,23184820.992498875,23184821.03845143,23184824.86405288,12,217,0.045952554792165756,3.825601451098919,0
ae196d8f-36e1-4017-a2e8-67805bcbc31a,2414e860-d353-44ca-ba4a-25fedc2d3d05,23184820.492281336,23184820.52953299,23184825.07906431,110,256,0.037251655012369156,4.549531318247318,0
dcb343b5-edfc-466b-9cb2-993ef63663df,192a1371-ab44-4ebc-aa95-a8b54bf1b61f,23184821.494586185,23184821.536564063,23184826.267583873,13,256,0.04197787865996361,4.73101980984211,0
6f83e583-992b-408d-8083-e1e7468cc173,888af04a-7af6-4f17-b24b-03ee028f3f4a,23184821.994943112,23184822.02836598,23184826.75540356,25,256,0.03342286869883537,4.727037578821182,0
10f5ed9a-5587-4efb-a3ff-e4e1cfc2bfa4,f24841c0-b5c0-48bd-93e7-f1729236627a,23184822.495979536,23184822.53540858,23184827.25783979,19,256,0.03942904248833656,4.7224312126636505,0
85e041b0-cac3-437f-80fe-ef905d1282de,b79d5e9d-bdb4-4b6d-afd1-e36f7bbe761f,23184822.99619104,23184823.035027422,23184827.760325257,14,256,0.03883638232946396,4.725297834724188,0
2ef9fc2e-af2b-44de-8f51-c9266b777f8e,e4831cc9-9e0e-44c0-8ad6-7fbe348f08e9,23184823.496716026,23184823.617676716,23184828.27665584,972,256,0.12096069008111954,4.658979125320911,0
d08db59a-129b-4495-8a7a-be17c2af8a1b,a1766603-519e-4add-89c1-83d50d96919f,23184823.996993802,23184824.026269615,23184828.689758606,55,256,0.029275812208652496,4.663488991558552,0
1f42532e-daea-43b0-b6f2-2b75eb28cecd,16e78b23-ddcb-4454-bcad-997b04fcfec2,23184824.497289456,23184824.538613673,23184829.189153433,138,256,0.04132421687245369,4.650539759546518,0
cb1f3abc-e5f6-4249-9f8f-44a349add98e,c79626b3-8172-4863-8b2d-5113930121c1,23184824.99848844,23184825.184675418,23184829.724482067,1362,256,0.18618697673082352,4.53980664908886,0
1476118a-f056-4c93-b159-64abf85d81de,e9725c56-42ba-442d-8750-4f6b37e56923,23184825.49941645,23184825.54662493,23184830.067068186,126,256,0.047208480536937714,4.520443256944418,0
ac84af36-edc6-44d1-abad-dbf6953d6efe,7ad6a0f9-faeb-48f0-ae96-87a459b4f35a,23184826.000444256,23184826.196276285,23184830.597758133,1377,256,0.1958320289850235,4.401481848210096,0
0dab00ea-38ec-4262-b044-305a2c4f22a1,61de0013-b285-4dc1-91e3-5cfab1c1fce0,23184826.5013989,23184826.54551411,23184830.948684722,42,256,0.04411521181464195,4.403170611709356,0
dead141c-d7b0-493f-91b4-7f86830c1a8b,fba74420-2cab-4a2f-a548-c3c1d33b860c,23184827.00221792,23184827.03346341,23184831.43421149,52,256,0.03124549239873886,4.400748077780008,0
332f7b00-82d4-420d-8d72-f1f574f5879e,2e03801a-09d4-4de7-9980-7487551e28e6,23184827.502934147,23184827.535134368,23184831.931536097,25,256,0.032200220972299576,4.396401729434729,0
3fd6a592-8fcb-41ae-a6d7-9e997ffd0c97,49c745d2-ebfe-4a9e-b47e-eff2d735aa3f,23184828.003187936,23184828.037357513,23184832.432649903,80,256,0.034169577062129974,4.395292390137911,0
a4578ac8-a2b9-46e0-af91-62d5f668dd77,2634dedd-8bf0-4e6c-8aa5-21c8914a337d,23184828.50415771,23184828.533998612,23184832.95325646,79,256,0.029840901494026184,4.41925784945488,0
02f3e5d7-9855-4cac-a9df-ff1aead5054e,70867287-1dc3-43bb-b12d-fa1dabbff50d,23184829.005095292,23184829.050303932,23184833.470482804,30,256,0.045208640396595,4.42017887160182,0
2466225a-ea5c-4c9f-a55a-c09f00ffaca7,49587d7d-26dc-4903-bea6-4f01a73bcea9,23184829.50566482,23184829.534268342,23184833.96088459,30,256,0.02860352024435997,4.426616247743368,0
b1435464-8416-4d3a-89ad-9d779dd34cae,6aa91b0e-814d-4b4e-a37f-c573d3bf3610,23184830.007020526,23184830.047967043,23184834.476347864,20,256,0.04094651713967323,4.428380820900202,0
24ae80a1-47ff-4925-9398-9fe4630e52ae,877ee40a-e2b0-4f05-b0f5-868e360bee1a,23184830.508116815,23184830.544963136,23184834.975764245,67,256,0.03684632107615471,4.4308011084795,0
6b72b2eb-ef26-4991-9922-8d23b10b2c79,5f1ac585-6dc0-4849-bdd4-619841458b65,23184831.009431243,23184831.053492658,23184835.47888926,20,256,0.044061414897441864,4.425396602600813,0
329208be-716e-4ae8-afa7-8733af889754,519b28e6-3a77-49d6-93ea-a0d9f40a4023,23184831.509817775,23184831.553173,23184835.982493766,25,256,0.04335522651672363,4.429320763796568,0
e9fbfaa8-0e95-40f2-be03-2ba16f0a3d64,788b694e-8473-463e-82d0-18efb63559c9,23184832.01043523,23184832.051209144,23184836.481876407,12,256,0.0407739132642746,4.430667262524366,0
d4a94881-a096-418c-8993-255265c1cb9a,d8692bdb-986d-4ce9-a0c6-65bad3d28d46,23184832.511072986,23184832.576137103,23184836.973768495,286,256,0.06506411731243134,4.397631391882896,0
6362b7f3-76e9-4b40-a173-d0aa43f397c3,61de2141-23ed-48c1-903e-7b864eb51a6c,23184833.012031972,23184833.040025495,23184837.438294522,73,256,0.027993522584438324,4.398269027471542,0
87b3ed29-8612-405a-93d8-0b9f75d30c6d,c0bb1e2e-f330-4145-80fd-c1d20f38342d,23184833.513833545,23184833.56488362,23184837.956245463,132,256,0.05105007439851761,4.391361843794584,0
8b2bc0ea-a5a6-458d-831f-20fd015b2587,9d78f704-8feb-4153-a935-fc6a12c9404b,23184834.014517777,23184834.045538377,23184838.439593323,46,256,0.031020600348711014,4.3940549455583096,0
91130afa-b3bb-4a0e-8c6f-c490552da426,60934ca4-7204-488f-b520-1c3f0b78653f,23184834.51494047,23184834.54407975,23184838.9400219,27,256,0.029139280319213867,4.395942147821188,0
89546da3-d066-4378-99be-0777703ee398,8feae038-70ff-4e07-9340-b3643d2b7b7c,23184835.01552131,23184835.045228854,23184839.43962306,20,256,0.029707543551921844,4.3943942077457905,0
17c2b728-7a16-474b-b61f-64ef458d1f05,9c49bd64-9771-434a-907e-ddcc3eb7919f,23184835.51567869,23184835.550092347,23184839.945482083,105,256,0.0344136580824852,4.3953897356987,0
6abd8e9a-1caa-4d28-b431-8549334ed0ea,8d0fc66e-d96c-4e74-8602-9f799d443c64,23184836.015985593,23184836.0508193,23184840.455755986,41,256,0.03483370691537857,4.40493668615818,0
ff23f730-41a7-4c08-a191-05a392473c6e,22a04844-8292-4acf-9ffc-4c505210fd95,23184836.5169434,23184836.55118133,23184840.95907222,23,256,0.03423793241381645,4.407890889793634,0
8b6287fa-7be0-420a-8a6e-ee2359f81095,d81302fe-9e95-4bcc-b9ff-9acc7360be01,23184837.01742807,23184837.061478913,23184841.48265506,63,256,0.04405084252357483,4.421176146715879,0
bcc74072-232c-4481-a7c4-6f9fbd2d77fa,c455f691-8fd3-46af-a96a-2dca36467473,23184840.522046935,23184840.558934636,23184841.747909263,11,69,0.036887701600790024,1.1889746263623238,0
b70ad1d1-3991-4215-85c4-d2788146af1d,b7fd7307-41c8-4593-8fe2-51ad8000b3b8,23184837.51799236,23184837.557371713,23184841.99135609,29,256,0.03937935456633568,4.433984376490116,0
6df5cba9-e3c4-4d7d-ab4f-04576d3c7b6a,ef0188ba-ae31-43fa-9592-6ad938e714ab,23184838.01890315,23184838.05955419,23184842.497876767,21,256,0.04065103828907013,4.438322577625513,0
a051180c-0a00-462f-b461-f4d965e91f15,43b92d7f-bbc6-4a29-9cd4-24e4fa40e9e5,23184838.51966125,23184838.560491983,23184842.990723465,58,256,0.04083073139190674,4.430231481790543,0
9bee7fe6-bcc3-437e-a7cb-efa39f182a5b,f6951d19-f051-41ea-b263-ed0a8ea944fe,23184839.019851074,23184839.058983117,23184843.51340184,13,256,0.03913204371929169,4.45441872254014,0
97c05bf6-df52-4b00-9559-50f6a0824ffe,e027e098-0799-4f31-a83a-b238e33ed16c,23184839.521414496,23184839.5615961,23184844.010644626,63,256,0.04018160328269005,4.449048526585102,0
37d3463f-8e22-4b09-abe6-d1f3221e840f,ac8957d6-6ed9-422b-9fe5-0837711181db,23184840.02177819,23184840.052150458,23184844.64230093,57,256,0.030372269451618195,4.590150471776724,0
d9e0002f-acc6-43d6-8780-665d2e3f0b74,7185544e-37fa-45c4-b269-5280719e4586,23184841.022295974,23184841.063868955,23184845.631167583,88,256,0.04157298058271408,4.567298628389835,0
066f4bfe-1eb7-4f0f-b646-850590db6421,c2ffb0f9-b5de-492c-9830-941ec5964061,23184841.522500843,23184841.552654397,23184846.111859802,41,256,0.030153553932905197,4.5592054054141045,0
4cb30012-2b57-478a-9dc2-b98f56af3f7f,c97ce3b0-fcd3-401b-9bb2-bb5f0af76bc3,23184842.023256507,23184842.06763038,23184846.61625289,170,256,0.04437387362122536,4.548622511327267,0
dd7d8fd4-9992-41b5-8915-2e9ef6c506bd,d65c48ea-cd02-4b08-ab63-94c9a3378f83,23184842.524506666,23184842.565609183,23184847.120837167,28,256,0.041102517396211624,4.555227983742952,0
a4d07446-6ea2-4a55-b798-a4e5311713f1,dac90cb6-bace-4916-a2ad-0b298abb841a,23184843.025157858,23184843.088305637,23184847.631410126,270,256,0.06314777955412865,4.543104488402605,0
d2d857eb-a9c7-4afb-b388-a6de6b0d28d6,77719e7d-553f-46ed-939a-5ff5f874fff1,23184843.525638614,23184843.565166514,23184848.14068056,33,256,0.03952790051698685,4.575514044612646,0
69f2fb5b-6b06-4c47-9a9b-85bed8dcb515,2a0b927e-d2dd-4734-988a-992c780bb39c,23184844.025907777,23184844.259762917,23184848.6898182,1707,256,0.23385513946413994,4.430055283010006,0
d328f72c-7ef2-41ba-93fa-ff81c375528b,8a12bca2-fbd3-4371-9c9c-580839202cc0,23184844.52622137,23184844.55602198,23184848.980997793,46,256,0.02980061247944832,4.42497581243515,0
5117a442-6921-44f5-b820-1ad62ebcdc2c,d76ba5cd-3131-4e54-9b12-be991d31f1d5,23184845.027191743,23184845.066826046,23184849.499028735,52,256,0.039634302258491516,4.432202689349651,0
f3ea8d64-7b9e-4b14-861e-8a71d0ff126d,2d270073-b53f-4571-a079-2544a58c8d16,23184845.527737062,23184845.564166225,23184850.006479938,35,256,0.036429163068532944,4.442313712090254,0
d26738bb-d4fb-4511-b062-38b85fec388e,3eff530d-25d7-4bb5-856e-85bc4a327842,23184846.02872052,23184846.07568952,23184850.554171924,110,256,0.04696900025010109,4.478482402861118,0
09cfdfba-53a8-436b-b712-2828af2cbcc0,5ddaf214-8594-461f-a2f1-b252f46b1505,23184846.529557034,23184846.56425806,23184851.02903904,35,256,0.03470102697610855,4.464780978858471,0
b8dc6888-0ec6-4674-b7a6-5fb4540b9878,8d0fcccc-ac05-4c66-a5c2-f5db85b7a3bc,23184847.03070433,23184847.066913158,23184851.519940086,15,256,0.036208827048540115,4.453026928007603,0
f6513a20-8320-42be-9fb8-51ee9b5760c1,df47e295-9b15-49ac-8a49-6e1783a5169e,23184848.03189379,23184848.088570878,23184851.572566643,371,202,0.056677088141441345,3.4839957654476166,0
a55681aa-2b64-4bef-b39d-4529cde21113,e2902eac-69d6-4201-a8d0-cdc6b2594ac5,23184847.531208705,23184847.57667598,23184852.0153942,146,256,0.045467276126146317,4.438718218356371,0
48a2455b-5d49-4ae5-b10e-074e24643ade,8544c49b-6032-430e-a3fa-547af2deaa23,23184848.532461513,23184848.568993837,23184852.049374342,22,202,0.03653232380747795,3.48038050532341,0
1d1f224a-18e7-43cd-8955-f1e315e690a5,b9367ddd-8d90-4533-8355-5d56bfea6caa,23184849.033233985,23184849.068056077,23184853.482328095,69,256,0.034822091460227966,4.414272017776966,0
bc3c78b3-1d52-44f6-913c-890c06bef259,f91f0c40-3789-4a9c-927a-b8041c4b64f1,23184849.533506807,23184849.576090857,23184853.98684859,137,256,0.042584050446748734,4.410757731646299,0
a975119e-77b7-452d-9787-02ec1fec7d60,cd88c0d7-f333-4da0-b6c2-f202199cf176,23184850.034021128,23184850.10645081,23184854.48408215,275,256,0.07242968305945396,4.377631340175867,0
1f470388-aa7a-4903-a209-4c1f7e005aa0,aa22bb9f-a1f5-48a5-8492-9c8a91deddbf,23184852.035748765,23184852.065576363,23184854.77816454,11,152,0.029827598482370377,2.7125881761312485,0
59d6783f-74f4-43a6-9ac3-5b057e2774af,62aae610-6920-4b42-9000-508793e06dc0,23184850.53446328,23184850.571957145,23184855.04643059,24,256,0.03749386593699455,4.47447344660759,0
7af9ccd7-5b88-4304-86b9-2172df8b9efa,25fd4afc-8c5a-4951-a0fb-f523f50a7888,23184852.537705153,23184852.57865388,23184855.385325562,11,158,0.04094872623682022,2.8066716827452183,0
e7945432-7a35-442e-acfb-6e8a10f18407,40b96766-54b1-4bbf-8d18-1a24a6b66cee,23184851.03530459,23184851.06333728,23184855.532123692,90,256,0.028032690286636353,4.468786410987377,0
e349ff35-ef62-4f6e-be10-445092cd82b1,291132e7-b5c6-43eb-bebe-e3b3b846207b,23184851.535540473,23184851.5709293,23184856.03672165,28,256,0.035388827323913574,4.46579235047102,0
e9e2505d-5e96-4b61-8a36-1e24f560c884,fa44c48e-0917-4c20-a794-5559910607d2,23184853.038870152,23184853.07714707,23184857.268973526,11,235,0.03827691823244095,4.191826455295086,0
519bfd9f-baa1-4894-968b-202475065674,4948fd26-b0fb-453e-a76b-857d8243fe56,23184853.539636485,23184853.58755801,23184858.122675713,17,256,0.047921523451805115,4.535117704421282,0
e95643d4-01be-47cb-9ba7-10bc86c36ae8,52486014-f2dc-4fac-84a0-55b44a077d24,23184854.040185433,23184854.07249775,23184858.61118305,15,256,0.03231231868267059,4.5386852994561195,0
1c8870c1-8d6e-460e-a222-8d83d5a327db,bca0caed-f396-4ecf-81e8-12839dd30dc8,23184854.541161947,23184854.723339707,23184859.163195774,1181,256,0.18217775970697403,4.439856067299843,0
b467687c-ee98-4c8d-b0b0-a53b24935c65,5a3b2542-cdfd-4416-84e3-762fd08729d3,23184855.04318542,23184855.079783704,23184859.522625312,34,256,0.03659828379750252,4.442841608077288,0
3ee3f4b1-5ed4-4b32-8fcd-e8816ac18f0c,f4499197-28ee-44da-aee6-ed7af9846c75,23184855.544205274,23184855.583262116,23184860.034731504,25,256,0.039056841284036636,4.451469387859106,0
1198f8c2-0374-41c5-be76-92f28ba5c911,b70f162a-15a4-4dd8-9915-b8087ac24c9d,23184856.044580903,23184856.216873594,23184860.583738256,1194,256,0.17229269072413445,4.366864662617445,0
61a874dd-b917-41f8-879e-2e64d1a098e6,7f51b769-44d2-48a6-b2b8-30aa72250c5a,23184856.54556776,23184856.572806034,23184860.9449298,57,256,0.027238275855779648,4.372123766690493,0
5806eaf6-2ced-49ef-bd05-588d101ad29b,5ead7100-86f5-4772-a2ba-56d1679c34f0,23184857.045812383,23184857.080818214,23184861.460926637,93,256,0.035005830228328705,4.3801084235310555,0
508fd419-9000-40ea-b5a8-95a8a785b50e,98813a95-bb14-4492-99bb-a2c4321c388b,23184857.54608454,23184857.591087583,23184861.97831684,35,256,0.04500304162502289,4.387229256331921,0
6c2c3399-eb3c-4d22-9424-74eb4a721b21,9615c7a1-f05e-4ff9-9ffd-f7c51d6889c8,23184858.047604416,23184858.088127434,23184862.48385807,22,256,0.040523018687963486,4.395730637013912,0
029a1cc9-34d1-4878-ad22-2d155ef403d3,16d0612f-8984-489b-a045-b345f84bcccb,23184858.548907768,23184858.59246188,23184862.988377355,18,256,0.04355411231517792,4.395915474742651,0
b9a42e80-a1da-4b1e-91cc-514bd3fcc5ba,f52ee421-5170-4058-a8c8-c420d628ce65,23184859.0504968,23184859.093037914,23184863.500379596,20,256,0.04254111275076866,4.407341681420803,0
8656d4ea-7f98-4e6f-8b60-b30711b4260d,ff6d33c9-252e-4a87-b0f9-a4edba2c098e,23184859.55122776,23184859.589911357,23184864.002851613,32,256,0.03868359699845314,4.412940256297588,0
2ad6000b-f880-4f9b-be6c-a9a7e714fdfd,d9b25c83-331e-4d7e-a48f-65faa995db2d,23184860.05234046,23184860.086315535,23184864.5068952,14,256,0.03397507593035698,4.420579664409161,0
0ddd98cf-678c-4fe9-84a7-3ffeefc24300,6391002c-f311-4e21-a2f2-60ea5f13fa63,23184860.553471543,23184860.584171012,23184865.037520558,17,256,0.0306994691491127,4.45334954559803,0
4430524f-d3de-4dc7-8572-0967575bfa7d,fb6fa0b6-1d6f-44cb-83e1-bc5d49f0d546,23184861.05385407,23184861.098104633,23184865.563578974,26,256,0.04425056278705597,4.4654743410646915,0
646dd09d-120f-47f6-a78a-b020c8f398ef,5bb4f171-fe42-4856-93b6-e48fe5349abc,23184861.554413132,23184861.598981835,23184866.068173666,20,256,0.04456870257854462,4.4691918306052685,0
31c750b9-9e89-4eb5-be44-4286e2e80390,41d49562-d313-437b-8504-395123bbd1c0,23184862.055238064,23184862.099459052,23184866.57178132,37,256,0.04422098770737648,4.472322266548872,0
7524bc66-6ca6-4e5e-96a8-a35b4f0581f1,6b05935a-7e81-4047-8b60-f8b06a983c73,23184862.55592097,23184862.587907434,23184867.059686735,18,256,0.03198646381497383,4.471779301762581,0
fefb5118-2d55-4470-9332-5059bdac8fb2,0e4a7fce-5ed3-4453-a13d-4b22d07f7aad,23184863.056603856,23184863.09950856,23184867.56393433,146,256,0.04290470480918884,4.464425768703222,0
4b033215-a84a-4b8b-817d-845c3cb80284,9e2d2939-b179-4695-86b8-6f6c67ed0e99,23184863.55761356,23184863.587671686,23184868.041447826,71,256,0.030058126896619797,4.453776139765978,0
2ca5cc71-4294-443d-b20f-ee962517818a,77480a4c-1211-4a1e-8e68-cd6ae65fbde1,23184864.058514357,23184864.090404354,23184868.532363154,63,256,0.03188999742269516,4.441958799958229,0
d49c98d1-dc76-4058-af24-25b401455f81,84a748aa-b572-4e0f-a5bc-062bfc10bab7,23184864.558747116,23184864.61864789,23184869.020235203,353,256,0.05990077182650566,4.401587314903736,0
ff0bb5ed-e8d7-4869-b560-63eaa0ca7229,2794b161-c956-4dbd-99e7-472cbdc4531e,23184865.059806857,23184865.09146449,23184869.483675864,22,256,0.0316576324403286,4.392211373895407,0
6440af63-57f2-4669-b8b1-eebfa2c49593,faaed245-7dc6-4795-804d-2413c54002fe,23184865.56034932,23184865.598569553,23184869.980409127,47,256,0.03822023421525955,4.381839573383331,0
5a74cb02-ffa8-441b-bf5a-56ddadf0f1d3,85a78c9a-337b-411b-a46a-5653ff6f8e76,23184866.06069903,23184866.101415724,23184870.474606786,24,256,0.04071669280529022,4.373191062361002,0
45360e17-d9bc-4ed3-96d7-3623426b2073,18a428f9-29e9-4ac2-aff8-a196ee51c5c8,23184866.561019737,23184866.589230016,23184870.95558564,21,256,0.02821027860045433,4.366355624049902,0
a380d1bf-15fd-4c4b-95f9-9b70f7cf5f19,f4f21538-3c7e-441c-aef0-14f79f639bcd,23184867.06194307,23184867.09539408,23184871.451899413,19,256,0.033451009541749954,4.356505334377289,0
624a9db2-3bc5-438b-84bd-f5ba20f52773,2c240d3a-5a68-4816-9ae4-96302b2e7576,23184867.564008527,23184867.59743275,23184871.958984647,15,256,0.03342422470450401,4.361551895737648,0
45a05e1b-2de9-4f81-9717-a4346d34bb1f,6f776b1f-4d4f-4522-ade6-428698ed9e6c,23184868.065078966,23184868.110146966,23184872.472248882,20,256,0.04506799951195717,4.362101916223764,0
2e7a9d05-f5ef-487d-8ed6-facd9679c625,c182a5e2-af74-45e7-98da-76dd42732c13,23184868.565689873,23184868.59952342,23184872.96788963,27,256,0.03383354842662811,4.368366207927465,0
c2c5f54d-e826-40e7-9ba1-9169b4fb6b29,b6c47020-4f2e-4dfa-aa23-cba598cd77fc,23184869.066660147,23184869.105031814,23184873.480623208,28,256,0.03837166726589203,4.375591393560171,0
8b00b90e-c33d-4926-be66-3c0ce8e46352,fe591db5-030d-47be-b00f-110349794238,23184869.568035327,23184869.60250585,23184873.977458317,30,256,0.03447052463889122,4.374952465295792,0
570a715c-4666-4311-8c90-be59e19f3671,14f7a9bb-ed67-4581-bb28-22a8369f9c0a,23184870.068604276,23184870.098254785,23184874.473836843,24,256,0.029650509357452393,4.375582057982683,0
2c5c7fc2-ddd1-49c0-94e7-c511f588a562,bb51d689-2743-42cf-9e50-c5836229da78,23184870.5695998,23184870.611328423,23184874.988317277,17,256,0.04172862321138382,4.3769888542592525,0
5ba35097-dc8b-44b1-aa62-f8d84da49eb1,b310cf0c-733d-4e66-b037-035fcf6c300f,23184871.070443973,23184871.107227176,23184875.487553153,15,256,0.03678320348262787,4.380325976759195,0
33437fa7-fe43-40bc-84fd-bc042a28f294,12e89ed1-9ce5-4415-8748-60f65fe1ac5f,23184871.57079384,23184871.60964903,23184875.98914472,20,256,0.038855187594890594,4.379495691508055,0
d81de60b-31f3-49a1-83ca-01343b12ffd3,bf5dbcb1-b9e7-41d5-b8fc-e6e04cc2b2c1,23184872.071021177,23184872.11221337,23184876.486230172,20,256,0.0411921925842762,4.374016802757978,0
cb9f8006-8ce0-4805-8486-6f68efc898ce,8620db54-7a74-4c6b-9710-01901da761dc,23184872.571395997,23184872.607912257,23184876.984507773,29,256,0.03651626035571098,4.376595515757799,0
9835787c-e5e4-465b-bf94-1ac65f81362d,d12de552-a6c4-4ce4-a379-015578d72a15,23184875.576507792,23184875.607864123,23184877.257993255,11,97,0.031356330960989,1.6501291319727898,0
2bad5a94-b9f5-4f21-862d-a32b84006b91,94f05a0e-6425-41dd-bc22-70ac2b130594,23184873.071901526,23184873.104036063,23184877.479963474,18,256,0.032134536653757095,4.375927411019802,0
688ff7ec-9a5a-4939-b001-e0972fe7bf5c,1901cc1b-5390-4323-a895-ebeb8402a623,23184873.572663493,23184873.59908402,23184877.972143,16,256,0.026420526206493378,4.37305898219347,0
c5f2e3d4-1401-4efc-b80d-1606f3c62649,7c3f0ff3-52fb-4449-9859-89bdd06174a2,23184874.073516194,23184874.11370041,23184878.49002613,19,256,0.04018421471118927,4.376325722783804,0
ca52c727-e311-4dda-9471-176b4fe43e7f,bb1955eb-ea6f-4d8f-b550-3bdc22b281b7,23184874.574991215,23184874.609809697,23184878.991715394,21,256,0.03481848165392876,4.381905697286129,0
341b9943-e091-4145-b56f-a6c8d6b5f9b7,07f1d70a-6ee4-4136-b607-90756cf8c6f2,23184875.07578894,23184875.105640043,23184879.488729548,27,256,0.029851101338863373,4.383089505136013,0
a74939dc-79d2-4707-bb1d-d6a162a5e249,facf0a36-4efa-4369-8a01-2ad475484bee,23184876.077461883,23184876.108119797,23184880.50309651,26,256,0.03065791353583336,4.3949767127633095,0
adec6d45-7211-4191-98d0-0d3e01e594a9,f56a6650-791d-42d3-94dc-094dda88e22f,23184876.577650376,23184876.606126826,23184881.005775772,23,256,0.028476450592279434,4.399648945778608,0
0ac459fb-e7dc-495f-be54-aae811b03182,a5817554-5509-45bd-9630-55bdaf5f575d,23184877.079140164,23184877.12136401,23184881.536484845,99,256,0.042223844677209854,4.4151208363473415,0
c47c7d35-d3e6-42f2-9140-bf4311ad4f2d,5494ac15-71e3-46ea-bfed-6c0919ba47d5,23184877.58071864,23184877.615534212,23184882.051259942,26,256,0.03481557220220566,4.4357257299125195,0
892a4b8b-7465-4a4f-be0c-82135a8e7273,0e5d5dcb-17fe-4d69-a581-8e8cedaabb39,23184878.081407633,23184878.108451627,23184882.562676817,48,256,0.027043994516134262,4.454225189983845,0
de55e574-6a77-45df-a3ed-4ddf9cf7c15d,90b55b20-28f9-4f59-8bb3-cedcc2e4c0d8,23184878.581959333,23184878.61198735,23184883.071630847,19,256,0.03002801537513733,4.4596434980630875,0
f4185a24-5ea4-4bb6-9d20-b2825cb2f337,6fe2e426-cfa5-4a07-8b8e-e7ed8931d42d,23184879.082551453,23184879.11151336,23184883.5797047,30,256,0.0289619080722332,4.468191336840391,0
513d7961-7547-4bc7-aa7f-776403f5eed0,7c39212a-fea9-43e3-9c7c-18e9f1d7f1e8,23184879.5846476,23184879.634208407,23184884.103289016,149,256,0.04956080764532089,4.469080608338118,0
0ececae4-d96b-4f20-ae43-92c8f1643e2b,af446ec4-5da1-4390-87d8-09960f4f355d,23184880.084969323,23184880.117389236,23184884.5826471,109,256,0.03241991251707077,4.465257864445448,0
45a6369a-2acb-4edd-9a1d-1739b0e2038f,d3321eac-e61e-451c-9379-be8277bb1296,23184880.586153064,23184880.6246931,23184885.08549423,45,256,0.038540035486221313,4.4608011320233345,0
2ee2ff80-bd66-49bb-90c1-4e07f277117a,5c2c223b-2917-457c-a247-d2e10cb68d0d,23184881.087676056,23184881.125210695,23184885.413552213,14,246,0.03753463923931122,4.288341518491507,0
43e0f974-dc5c-4a48-a3fa-85ccc699f539,7b941abd-c898-4dea-be7b-87184087cb2d,23184881.588357653,23184881.62429641,23184886.09193455,52,256,0.03593875467777252,4.4676381424069405,0
e4570810-a81f-461a-be70-a77e82e6e49b,793c2b48-0e58-4275-8e99-60c8f4dfb562,23184882.08852461,23184882.1218752,23184886.57280257,27,256,0.033350590616464615,4.450927369296551,0
cf6bc4ec-8ce6-4ac2-9096-db9021f5fe28,3a4cb0e2-cd8b-4fff-b6e5-7d95a31d77e3,23184884.090228617,23184884.132519234,23184886.746333417,12,151,0.042290616780519485,2.6138141825795174,0
a8facf22-819c-4b8d-8254-a465312f806b,6088f58b-7330-41c8-a65a-c5b7bb7bd2de,23184882.58878631,23184882.632987212,23184887.06968775,57,256,0.04420090094208717,4.436700537800789,0
c83dbee6-9a60-48f2-bde7-dcd821095bd7,d0ac5d16-9726-4f1e-9cfb-56f45b44955f,23184883.088899497,23184883.12332777,23184887.540029805,32,256,0.034428272396326065,4.416702035814524,0
88297f23-4f97-4ef7-bb88-0be559872214,24a89d91-8171-4ae3-ac59-daa3217eab56,23184883.589956544,23184883.63317427,23184888.05397844,99,256,0.043217726051807404,4.420804169028997,0
867f814d-f452-4dca-a0da-94a6bf9141ab,a7cbf570-bab5-4a35-b908-494fcf5a8139,23184884.590922035,23184884.63630052,23184889.035558823,22,256,0.04537848383188248,4.399258304387331,0
f2e3bd46-8c64-4cb6-96e6-0caa069f906d,b3b01483-5c76-4658-9ffd-e23dc2380460,23184885.091755223,23184885.12041372,23184889.52869931,22,256,0.02865849807858467,4.408285588026047,0
4e11cf8c-78ad-4104-a70b-26b2a38cf212,9c2267f3-80f0-499c-b0c3-cef116452489,23184885.59279815,23184885.659974482,23184890.046190083,432,256,0.06717633083462715,4.386215601116419,0
ec6251a1-18e0-4083-8d59-725ab8461b8c,e77c92b6-2c8e-403a-a629-b608dfd7d4db,23184886.09323905,23184886.125216726,23184890.510364365,38,256,0.03197767585515976,4.385147638618946,0
853998d7-f933-4219-b8bd-b5319789de16,bf1210b7-4c02-4ea5-9b3c-ad1224fa1f9c,23184886.593599796,23184886.6244935,23184891.009743605,31,256,0.030893702059984207,4.385250106453896,0
5fecbe2f-be96-4154-bca0-85b53de94548,5ee3599b-fc9d-4c1e-a342-eca3d076719a,23184887.094493818,23184887.13799057,23184891.520966288,72,256,0.0434967540204525,4.3829757161438465,0
a68e75a9-84c9-47c1-b0f1-8b20747ef71a,b24a12b4-c363-4fc0-91a8-153863990da1,23184887.59462307,23184887.649988018,23184892.013547752,437,256,0.0553649477660656,4.3635597340762615,0
649aaca1-ee75-4b08-a415-3092c7bcc9ec,8b8ab042-a8b3-46ba-a8c3-5d94b0720dd1,23184888.09542948,23184888.139931925,23184892.510631524,36,256,0.04450244456529617,4.3706995993852615,0
2295ab12-6aa3-4c98-9f0f-4f9f18f9a03d,16d8eccb-a25a-4d21-8137-0cb120609dc5,23184888.596066415,23184888.62736433,23184893.007923312,63,256,0.03129791468381882,4.380558982491493,0
da2f2f9b-608d-41e3-852f-2a892067ea97,1e59b02f-da04-41e6-b695-55af56c1a122,23184889.09656784,23184889.145116847,23184893.528063178,183,256,0.04854900762438774,4.382946331053972,0
33b2186a-f35c-4826-9042-31c21ca56ac7,99120ed4-272c-4bed-a119-31520e5280cc,23184889.596673407,23184889.633055348,23184894.006890044,80,256,0.03638194128870964,4.373834695667028,0
9518117e-7724-4fec-8e61-a6d6bc429d12,160f2c72-7f02-409c-ac1d-4e400f8a50e6,23184890.09750363,23184890.13272261,23184894.5018618,19,256,0.0352189801633358,4.369139190763235,0
195eb320-d518-456f-b1ef-cabb0adf7b0f,4464f2ad-bed1-45c5-a49b-8e2393a1a890,23184890.59792659,23184890.629675377,23184894.997264795,43,256,0.03174878656864166,4.367589417845011,0
a19aa22e-299d-4355-b3b6-4ac62f8689cd,5736acb0-6bb1-4754-9b62-b355502d8c15,23184891.09829035,23184891.128501013,23184895.496486157,25,256,0.03021066263318062,4.3679851442575455,0
9fab1046-946c-4ed5-b40d-b9378f9e9654,39adf821-8cae-48d0-9455-c4904b8bf806,23184891.59919185,23184891.64086772,23184896.00972316,91,256,0.0416758731007576,4.3688554391264915,0
69b67ea4-0272-4b17-9383-e4172876dcec,6abed932-274d-41f8-969c-90ae769ef95b,23184892.09998318,23184892.13298597,23184896.507556014,21,256,0.033002786338329315,4.374570045620203,0
64978dfc-bfb0-4673-a49c-5353f17f982b,14719664-9cad-488a-9644-0d7243724bcf,23184892.600862894,23184892.629290015,23184897.00802216,11,256,0.0284271202981472,4.378732144832611,0
cd9d349b-6c01-4c47-84fc-8f34aba1651e,a5304d64-475d-4b96-9af1-f8d62f4d7e78,23184893.102391608,23184893.149447773,23184897.523781028,190,256,0.0470561645925045,4.374333254992962,0
78415718-05c0-4279-984a-bbdfb74b9acb,0b8e4d98-b015-4577-ad60-d9ecb5709f00,23184893.602937825,23184893.646328982,23184898.019409176,31,256,0.0433911569416523,4.373080193996429,0
5ba7b9e3-f817-4ead-9b5d-ba079a7dfa32,daf033ad-e668-4b31-9c94-9eb22e0c0ddf,23184894.104704097,23184894.14193664,23184898.516796213,24,256,0.037232544273138046,4.374859571456909,0
92ce57ac-72cc-40f7-bde6-e72800c2c3d6,b533e15a-ba72-497c-80c5-7aa612791c1f,23184894.605677616,23184894.638107236,23184899.013520226,23,256,0.03242962062358856,4.375412989407778,0
07d9ce1d-7698-456d-8a0d-179b38450d9c,cc552e86-ffba-43ea-99db-44dd4198ab15,23184895.106075257,23184895.133708183,23184899.516034096,45,256,0.027632925659418106,4.382325913757086,0
553f2be9-95ed-4f00-8366-6a33945d39ef,ef4f704f-e995-45bf-952f-59059bc4bcc4,23184898.611896086,23184898.652064662,23184899.92658195,11,75,0.04016857594251633,1.27451728656888,0
4804c31b-60fa-4a7f-bfd6-da515e7a741f,e690fff4-618d-4c03-a959-2db9a28e05c9,23184895.6076534,23184895.648456216,23184900.029639635,30,256,0.040802814066410065,4.381183419376612,0
cf1a1234-4361-48ad-859a-07baf22d377b,38890afd-4813-48f8-bcd3-c94a0b1f39d0,23184896.10868702,23184896.145500354,23184900.532004923,11,256,0.03681333363056183,4.38650456815958,0
0cec022f-cea4-4a93-8c35-c810eae77e9e,cf07ad17-4973-4ee5-846e-21bad30a0a82,23184896.60928345,23184896.643665984,23184901.03813759,11,256,0.03438253328204155,4.394471604377031,0
5a090917-564e-4f6e-b0d8-1a46060c3411,8cd06dc0-9c0e-4ed3-8023-c12230a6111f,23184897.109678745,23184897.145932607,23184901.550795756,19,256,0.03625386208295822,4.404863148927689,0
764e6bc0-4693-4dc9-a47d-78ecb8f6218b,da1d8600-dc0e-4d40-8917-7484c3756626,23184897.61059369,23184897.643355522,23184902.067685828,17,256,0.0327618308365345,4.424330305308104,0
e5f73d76-5a0a-49e7-996b-f5fbd1bdf386,f9309176-7a21-419f-97e9-dca988f56dab,23184898.111568157,23184898.137776084,23184902.567391604,26,256,0.026207927614450455,4.429615519940853,0
4b3dfae4-8fbf-40ab-b0c6-a37da68f1930,30e84025-1bbb-4ff1-9e16-82f132196733,23184899.1127916,23184899.15077716,23184903.81727507,20,256,0.037985559552907944,4.6664979085326195,0
2614b78b-9c44-4abf-9fb5-d60deac874c8,19346bf0-6481-488a-99ba-33057db4ee11,23184899.613589663,23184899.650793638,23184904.31911707,24,256,0.03720397502183914,4.668323431164026,0
b712dfbf-e316-4057-83ee-192e5668d8e1,288fbefc-5e8e-4071-820a-3917dc763dec,23184900.114203382,23184900.14983611,23184904.826876685,27,256,0.03563272953033447,4.677040573209524,0
f21018cc-63cb-4f63-9217-b7a9d1a6453e,4736e9a2-8ee4-4faa-8cc0-d8159f5f5a4a,23184900.61498507,23184900.653010484,23184905.370500877,42,256,0.03802541270852089,4.717490393668413,0
475a070b-4107-447f-bd37-c64ea65cdf58,806effe4-8b91-4ec9-ad72-9f51ef3cc829,23184901.115212217,23184901.160458583,23184905.868321195,43,256,0.045246366411447525,4.707862611860037,0
903d7eac-a38e-4fda-8a5d-c69b6a8c1875,c6411f71-bfb0-477a-9968-4230df1012b3,23184901.616742168,23184901.665875208,23184906.38720851,148,256,0.04913304001092911,4.721333302557468,0
315bf067-17f5-4e15-b331-a13a64c89639,9c4b8c8d-423a-49c0-87c8-fa6d36402394,23184902.117762674,23184902.153872807,23184906.88123995,32,256,0.036110132932662964,4.727367144078016,0
c7166534-4cba-440f-8c0f-907b2d64daf6,8a0022f2-8389-4250-ab64-ef49024f9680,23184902.618450407,23184902.677029304,23184907.38678963,290,256,0.05857889726758003,4.7097603268921375,0
c0b83a45-212e-40dd-9ac6-8115623fba77,0f90f940-4a77-493a-ac84-da3e2ecdf3c7,23184903.118949413,23184903.437168863,23184907.943890695,2520,256,0.31821944937109947,4.506721831858158,0
87c2896c-a8ad-4d78-bb15-39510d1ddafd,f3c205c0-d24e-4791-b001-3eda9f24991e,23184903.619311176,23184903.661556784,23184908.170631062,26,256,0.04224560782313347,4.509074278175831,0
086f3156-e01b-4263-9084-86ed63da9f79,158e91b7-a5d0-4a3c-a63f-1226f175b69a,23184904.120288957,23184904.16241566,23184908.67519095,16,256,0.04212670400738716,4.512775290757418,0
5ee75d84-e6b2-4bea-9f46-f201c08bd7c7,b2dc07ba-d747-42cb-88a0-8d949cfa0233,23184904.620954186,23184904.65089735,23184909.165469073,26,256,0.029943164438009262,4.514571722596884,0
8b124ad5-8cdf-42c3-ab33-ad7f34a3c7c3,c3b68138-08da-4334-86b5-e620ba6223d1,23184905.12172895,23184905.18949305,23184909.667026464,270,256,0.06776409968733788,4.4775334149599075,0
2ce80480-6cdd-45df-bb0a-b0676491ffc0,8b42bfa3-dd13-4616-b4ea-d309faedbfac,23184905.622601617,23184905.661446378,23184910.124097332,94,256,0.0388447605073452,4.462650954723358,0
bc3caae4-236e-4db2-8809-15ccc596ed48,708b1289-6530-4af1-be0f-864694d679b5,23184906.123958167,23184906.189527724,23184910.62755763,364,256,0.06556955724954605,4.438029907643795,0
5a0b8983-efd6-4b13-8bff-f25d284bde44,a50c97af-dd7e-4680-97ed-f45e3959ccaf,23184906.624893736,23184906.67284113,23184911.09682895,198,256,0.04794739559292793,4.423987817019224,0
5e29b01d-d875-450c-b8a7-f206366620de,bec7d315-c7a9-4661-b625-64ed8763a007,23184907.125075366,23184907.15842084,23184911.583067082,26,256,0.03334547206759453,4.424646243453026,0
c9c89df8-c033-4c32-95f4-2885ff9dc6f5,c74df2f4-5fb7-4729-b62f-e006cbabe6bc,23184907.625948984,23184907.662800964,23184912.08389236,18,256,0.03685197979211807,4.421091396361589,0
d4969efe-8fa8-4b0a-939d-afa072738562,4658ebe0-9d42-459c-b2b0-91f72a2e9787,23184908.126347512,23184908.169300564,23184912.59367196,30,256,0.04295305162668228,4.424371395260096,0
633194b7-2650-47bc-83a1-0b7c6c062a01,a2cc957d-2663-4e1f-9c4d-6b37e74be9a4,23184908.62723157,23184908.657270882,23184913.296763908,22,256,0.030039310455322266,4.639493025839329,0
147dfa02-198a-43f3-ae2f-17e1153b20a4,b55a8b28-5b25-4239-84ce-9f60851581bd,23184909.12794016,23184909.16491964,23184913.894045547,168,256,0.03697948157787323,4.729125905781984,0
b2589131-edbd-4a6a-b337-f1bd071c27d9,05387860-5231-4ca0-926b-7b75ecdf8253,23184909.628955197,23184909.666307136,23184914.475753594,12,256,0.03735193982720375,4.809446457773447,0
6a644698-6e67-4a81-b155-29b4f7f085a6,481da6ba-651c-416d-abfc-7a5d0d1d9731,23184910.129512206,23184910.158806823,23184914.98005281,42,256,0.029294617474079132,4.821245986968279,0
90470703-d5c3-48f5-91b5-248da577962d,07f508d8-860a-4bf0-a482-a4112ba242d6,23184910.6298739,23184910.662846334,23184915.578377698,17,256,0.03297243267297745,4.915531363338232,0
242002a3-a782-44b6-ae1e-1c840fb8d9ff,52bebd38-e640-494a-a913-418e3b9cd3a7,23184911.13043228,23184911.166206352,23184916.085871305,18,256,0.035774070769548416,4.919664952903986,0
c565371b-5d58-4bbf-9338-b3f4e3b23c3c,7ee1649f-12d2-4dd8-911e-fdda517a354f,23184911.631061167,23184911.668673486,23184916.602271236,14,256,0.037612318992614746,4.9335977509617805,0
df3e43fd-0921-4746-a26a-d1d0df622c3d,e5b06437-a29d-4a74-b718-08ee3a684b20,23184913.1338348,23184913.170760695,23184916.81444118,11,194,0.036925893276929855,3.6436804868280888,0
76ac4180-2086-44d5-b51c-19898d8a25ca,cd711973-2231-40f1-b860-3813fbe7d16f,23184912.132802553,23184912.17146477,23184917.11340621,71,256,0.03866221755743027,4.941941440105438,0
e6a2f694-1ff1-461a-b813-28207e3c7f96,45448396-68e2-4225-b2f2-96a5675371bd,23184912.633559786,23184912.965088174,23184917.69739057,2397,256,0.3315283879637718,4.732302397489548,0
bc8ed8f8-1eb1-45c1-a855-c10d3bdf2a55,945dc74d-41a0-4306-82e9-4d021797c19e,23184913.634956464,23184913.80740096,23184918.53034828,1154,256,0.17244449630379677,4.72294731810689,0
97f33536-0699-49c2-9628-7648b9a11b12,f81641dc-6791-42cf-939e-d2714d047461,23184914.135814037,23184914.258448645,23184918.956683148,1391,256,0.12263460829854012,4.698234502226114,0
51148e2c-f63d-40b1-a26c-bb93cd516f3f,43d1fcb0-8925-45e7-965c-961b1670b8a5,23184914.636305872,23184914.667287987,23184919.355221067,23,256,0.030982114374637604,4.687933079898357,0
03b595f0-05e6-48bc-93c7-8bf348a7d14b,f4e9acd8-d22a-4709-b8a5-5b0d2788db25,23184915.137614727,23184915.276258755,23184919.957488783,1016,256,0.138644028455019,4.681230027228594,0
3d880235-1419-4608-bf94-e8117b2c37c5,81812a28-76f1-45e5-b18b-b07510c94b32,23184915.63807295,23184915.68247562,23184920.4221057,33,256,0.04440267011523247,4.739630080759525,0
19b4d71b-e00e-4232-87d0-f38cbb4fb467,b86280f1-e36e-4d2b-96c9-af6f8cecb257,23184916.138927214,23184916.173690587,23184920.906285085,21,256,0.03476337343454361,4.73259449750185,0
b6547fbb-293e-4329-95bf-3bfc3c2c796b,f7d76eeb-deb7-45f5-84b1-6068fa71064b,23184916.6395738,23184916.67405049,23184921.394196402,59,256,0.034476689994335175,4.720145910978317,0
67dcb50b-b184-4f56-9455-b76e69a43125,181d54f6-3252-4bd5-b7c9-48c44844b670,23184917.14148199,23184917.185848814,23184921.996323,60,256,0.04436682164669037,4.810474187135696,0
8f71a806-6dd8-4486-93d3-22485f0dc68e,9c8ca5f4-2d08-4455-b0ef-01335c91eb99,23184917.64221775,23184917.6779266,23184922.490557484,20,256,0.035708848387002945,4.812630884349346,0
5d0483bd-08a3-4f33-a78c-6f8f79812f89,ff36b131-38df-4827-b805-74420754d2e4,23184918.14250832,23184918.301830392,23184923.040887304,1135,256,0.1593220718204975,4.739056911319494,0
8906011a-c3e5-45af-8722-038042620814,317a9de5-e72d-4781-86c4-0169b2ca10fb,23184918.642967463,23184918.74654229,23184923.4545886,1479,256,0.10357482731342316,4.708046309649944,0
07366608-8b91-4dad-8024-57719a14e2f2,76f47c30-6c59-4dbc-a965-f4ef72d07f84,23184919.144204676,23184919.181134112,23184923.891906545,88,256,0.03692943602800369,4.710772432386875,0
3cc3a692-d0c2-433c-8c09-e98de37ad683,373613ef-b3d4-49d2-9d47-fd775115a396,23184919.645314373,23184919.80170973,23184924.43669307,1111,256,0.15639535710215569,4.634983338415623,0
db7562cd-5157-4abc-a99e-27b0b65324e1,c40f5e59-689e-42e5-b3f2-38754be0f88a,23184920.147098027,23184920.26366942,23184924.833978277,968,256,0.11657139286398888,4.570308856666088,0
6dfaf798-8614-4ba8-a3c0-f4959b80ccdc,4e55375e-5c31-43f6-88cf-7bf1ea7a939f,23184920.648066964,23184920.680314675,23184925.333400168,32,256,0.03224771097302437,4.653085492551327,0
0eaa782a-7e81-48b2-8290-06c0d9599387,c394baee-b92e-4bb3-bbdc-bb3d28f487e2,23184921.14831417,23184921.185319252,23184925.83097334,46,256,0.03700508177280426,4.645654086023569,0
0b7a09de-b733-4f63-9485-f314cc82c7f8,fc413e71-0e77-45eb-aaba-5eadae2437dc,23184921.649437204,23184921.8204215,23184926.362493847,1168,256,0.17098429426550865,4.542072348296642,0
67836eca-c2bb-4c66-9f90-c382496f7f7f,7f5d1f71-9970-45f1-bf3b-8449bddf11dc,23184922.14999078,23184922.1882803,23184926.73373192,41,256,0.038289520889520645,4.545451622456312,0
cd2d5323-598e-4fea-a2be-08f49acaffac,13b6dbf3-e2ad-4ca8-bc87-93df14f5cb4a,23184922.65048232,23184922.68546179,23184927.211989906,26,256,0.03497947007417679,4.526528116315603,0
d143e688-138f-4f28-aee8-c4018d57f93d,507507c8-09ca-4206-9051-11c9b907f718,23184923.151540555,23184923.1901433,23184927.682442296,128,256,0.03860274329781532,4.492298997938633,0
84407f21-c061-41a1-8546-f685136e25de,9cbdf647-c2ab-4d69-b7e2-659a65bbf970,23184923.652094368,23184923.68357976,23184928.152616795,115,256,0.03148539364337921,4.4690370336174965,0
fa011d87-238e-4d4d-b533-785f870977c0,39b638ca-7c04-457e-842c-d3e3a85c99ae,23184924.15355317,23184924.189670082,23184928.64131013,19,256,0.036116912961006165,4.451640047132969,0
05722439-3c94-4cee-aaea-af39c9f1ceb1,b4ccd1c8-1997-4890-9bfa-a0d55bbaf754,23184924.65426891,23184924.69648883,23184929.128641363,20,256,0.042219921946525574,4.432152532041073,0
00fa3b12-0eec-478e-96b0-606f1342a577,dfc02e15-e8bd-4e5a-89d2-727ec1ef69fc,23184925.155373055,23184925.314596042,23184929.649762806,1077,256,0.15922298654913902,4.33516676351428,0
86cd061f-ae3f-4b45-b5ea-4544deae9045,4b27435b-4340-44e7-838b-c47ec67faf2a,23184926.15755173,23184926.187486533,23184930.65628166,26,256,0.029934804886579514,4.468795128166676,0
fdbf7148-c700-48e7-a73b-4afad272be96,382b6274-905c-4938-8164-b0a345f72372,23184926.659569494,23184926.716261093,23184931.166450996,491,256,0.056691598147153854,4.450189903378487,0
ca15597c-864a-481d-93c5-997d7a2d5f14,eab5763e-0cbb-4d70-884f-c8ea036d3748,23184927.160326984,23184927.193284333,23184931.699649304,34,256,0.032957348972558975,4.506364971399307,0
7a9b4f54-0a10-48ab-8269-3352d53f48b7,10411a8c-7422-4734-aab2-ee4d9950e447,23184927.662270557,23184927.699352756,23184932.23812595,41,256,0.03708219900727272,4.5387731939554214,0
03fb8855-8db3-4770-9a78-d8a3e2fbb226,cc013592-21cc-49ab-86fc-c89ea1479652,23184928.16285777,23184928.20436261,23184932.754096065,24,256,0.041504837572574615,4.549733456224203,0
f4fcd531-86f7-4da0-9565-ca512d4cc5d2,cb348bf1-9a4b-4392-b091-fed478c3dcd4,23184928.663697623,23184928.69173534,23184933.251151145,38,256,0.028037715703248978,4.559415806084871,0
92ac1cb0-1fb4-4ce7-9aa7-699ab699fda4,9ee71394-fa37-44f5-9df2-488c4efa8bcf,23184929.163890257,23184929.19681891,23184933.798060227,18,256,0.03292865306138992,4.6012413166463375,0
f87c3975-4379-4359-9186-1fe96dbdcb19,d7f9993b-9ee2-4478-87b1-d962cae2f723,23184929.66498788,23184929.726811968,23184934.32259391,331,256,0.06182408705353737,4.595781940966845,0
8665c5fc-14ff-473e-b745-be0372489cd6,829f9188-2400-435a-aa18-3fe9866dcefb,23184930.1656032,23184930.366274077,23184934.86813736,1350,256,0.20067087560892105,4.501863282173872,0
fb651281-618a-49be-b2eb-9cd59bfdb982,48aeb294-48a3-4baf-8bbc-83256c7730a5,23184930.666512765,23184930.706267778,23184935.211459547,14,256,0.03975501284003258,4.505191769450903,0
ec122c7b-ae5b-43b5-8c6a-e41bb2182316,17c6dd87-53b5-4bc2-ba39-b69f281a2622,23184931.166638777,23184931.2692746,23184935.726043124,760,256,0.10263582319021225,4.456768523901701,0
181be8b9-9b92-4aa9-9ad6-4beacc396011,531aa6d9-0d4f-43e6-a18f-f2076524262e,23184931.666934405,23184931.70084954,23184936.14856776,20,256,0.03391513600945473,4.447718217968941,0
ed72fc36-d7b4-466e-a368-224c7e9af8dd,bf94e207-da30-4a7a-8dd3-9583874ea5ab,23184932.168009423,23184932.23627568,23184936.663012028,342,256,0.06826625764369965,4.4267363473773,0
70592703-12bf-42fc-b00e-87b1757bbd11,1f8961c4-fa7d-422b-830a-854fc9119032,23184932.66925684,23184932.70103767,23184937.130284492,26,256,0.03178083151578903,4.429246820509434,0
3ac1df45-1b14-4f3a-b1fa-f158243147ca,b6649471-bc49-4375-916a-305cb08c8dd4,23184933.170157187,23184933.19854358,23184937.63883436,52,256,0.028386391699314117,4.440290782600641,0
25d1d06f-edfc-4102-ae3a-d4f72dd0632b,c9d77bea-c058-4e10-8141-42bbc2e764f7,23184933.67032879,23184933.74417084,23184938.160928573,278,256,0.07384205237030983,4.416757732629776,0
2f735ff8-bd95-40d1-ad1a-a33ec7bba7cf,f788b391-8796-40b1-aa47-dcb834f70d46,23184934.171292257,23184934.200143993,23184938.613457996,36,256,0.028851736336946487,4.413314003497362,0
15142521-9a3c-415f-9cf9-8323accac75a,9677ce2a-0256-46b6-86fe-a7c50312f9a5,23184934.672320195,23184934.71032068,23184939.116264064,168,256,0.03800048679113388,4.4059433825314045,0
4f94a8d0-9f31-4262-bdcb-8e94fb4136ad,047b78b5-6f93-4e8f-b50a-35306b4b1e4c,23184935.173397686,23184935.20913919,23184939.61685507,14,256,0.03574150428175926,4.407715879380703,0
e17850be-aec7-465c-a657-559215127af5,b92bdd37-d1c2-4fcb-b8b2-2fcf28cae249,23184935.673871744,23184935.707260676,23184940.119427428,35,256,0.033388931304216385,4.412166751921177,0
cc0f85b6-11ba-4583-bd00-fffd0f7e3ed7,fb3a7e46-8782-4cdd-ad8c-d67a6fcb8fad,23184936.175080936,23184936.218345907,23184940.601491615,14,254,0.0432649701833725,4.383145708590746,0
baf90658-84c0-4765-86db-79e7a2b8d641,ecf02998-fad7-4336-93c6-d863413d56bd,23184936.675669335,23184936.714482356,23184941.129418947,16,256,0.038813021034002304,4.41493659093976,0
a1e796ec-9fe7-467a-92ad-4205e011e0e8,b6a282d9-2d73-4963-9e45-78864b16e5eb,23184937.176090606,23184937.216218214,23184941.62722046,14,256,0.04012760892510414,4.411002244800329,0
d5a92c0d-50e0-4f76-84e5-caf8680084f2,3d8d7643-e4b1-4304-bdd5-d2bbd9c4f534,23184937.67688179,23184937.70775655,23184942.105898876,14,256,0.03087475895881653,4.398142326623201,0
f8e981bf-0c79-4ade-961e-ffa2219dee91,28264195-873e-489a-9a30-d9176f975194,23184938.177542318,23184938.212559767,23184942.601461805,37,256,0.03501744940876961,4.3889020383358,0
11903a73-c22e-48e7-b4e7-47f1b7e7bfea,bbab817f-ff78-4d4c-80f4-3b74fbab7511,23184938.678658623,23184938.717234284,23184943.09767057,43,256,0.038575660437345505,4.380436286330223,0
77675c8e-4c3b-44f8-8652-4cb31237001f,47e9c22d-8596-4678-a25c-13e21e85c31f,23184939.179265182,23184939.219132394,23184943.59499374,39,256,0.03986721113324165,4.375861346721649,0
a2c33f02-aa6d-4025-90d4-dd88ad3a60bd,fa04e45a-f723-4e5f-a57e-563b944958cf,23184939.681360558,23184939.718480073,23184944.091740344,15,256,0.03711951524019241,4.373260270804167,0
6877b324-afdd-4020-a95f-586d7805f238,74907c85-7b65-45db-873e-821f90b9eec4,23184942.687431995,23184942.719693344,23184944.400887568,12,99,0.03226134926080704,1.6811942234635353,0
fd2574cc-16cf-4d9f-8ded-b186e37566c2,9892f441-3808-4017-9bd7-661d64d0dca5,23184940.181898102,23184940.222482063,23184944.591015495,20,256,0.040583960711956024,4.368533432483673,0
6d123611-a09e-4a56-a75c-c65b6573d53e,95dfb432-5687-4d3c-aff2-f9dca3847db1,23184940.682233587,23184940.719529018,23184945.093986407,54,256,0.03729543089866638,4.374457389116287,0
76f2df85-7766-42ef-82b1-5902988abd86,0e6c313c-7e10-4209-a92d-37dbcd026fd3,23184941.183318913,23184941.213679172,23184945.59574638,14,256,0.030360259115695953,4.382067207247019,0
