request_id,conversation_id,send_time,ttft_time,total_time,tokens_in,tokens_out,ttft,tpot,cached_tokens
b1c6e79b-90eb-4ac9-aaf1-e5ab11b16741,99603789-609f-4870-8730-cbca3912e470,23185609.013251398,23185609.22777943,23185614.62841687,44,256,0.21452803164720535,5.400637440383434,0
1021a253-91a0-436a-8546-2ac828feb92e,c2a9cfc6-a46e-4f52-95a4-7f0bcf0ec9c4,23185609.184339456,23185609.242379665,23185614.65424209,27,256,0.058040209114551544,5.411862425506115,0
f8db7613-3521-48bb-949c-64556aa7e264,a2816781-0fb7-4925-b542-31c26e1662ac,23185609.352473952,23185609.395850483,23185614.96934424,72,256,0.043376531451940536,5.573493756353855,0
d3fc0ad9-5838-4ab0-b466-ab9092fffb16,a5112a1f-f665-4baa-8d88-10347e895614,23185609.519447222,23185609.5479843,23185615.210131206,103,256,0.028537075966596603,5.662146907299757,0
298ebfea-e215-4ecc-ab4d-0e2d533fd550,dca22f48-f173-49b6-b765-5ee261a295b0,23185609.68629046,23185609.71565052,23185615.48450972,14,256,0.029360059648752213,5.768859200179577,0
382bd99b-0fa9-49a9-a8a7-3280f53e33fc,b32f23a7-e8b3-4610-9a0a-713c3701d947,23185609.85401166,23185609.8854812,23185615.73200262,15,256,0.031469542533159256,5.84652141854167,0
7a3d2f78-6c0c-47b7-961a-72dbe5e36f5b,b4e375c1-c34a-42b6-9b6b-07b96a250f21,23185610.020836953,23185610.082702216,23185615.939402513,280,256,0.06186526268720627,5.856700297445059,0
387e7376-377f-4792-a75f-7d2cafa3310b,eefd6a1d-252d-40e7-b988-02b6ebe81027,23185610.18771185,23185610.219675716,23185616.105132725,26,256,0.03196386620402336,5.885457009077072,0
122f0c35-fd3c-4a38-a8ab-3981548515a9,844dd413-ab69-47da-91bf-a6646b3f78e3,23185610.355403554,23185610.39154697,23185616.305256773,27,256,0.03614341467618942,5.913709804415703,0
7920eda7-b026-474c-aafc-fc4b2d45e0db,d41b67ea-ebfd-407f-88fa-900885ca1939,23185610.522168204,23185610.55186442,23185616.49231466,15,256,0.029696214944124222,5.940450239926577,0
2c5924ed-8bae-4139-adf2-1d0d2ee29451,ad91ad8c-e337-4041-98bf-1dfbe3478f27,23185610.689864505,23185610.72766,23185616.6919622,60,256,0.03779549524188042,5.964302200824022,0
f52d06e8-ab07-4aff-ad87-d0917706bc10,0749703e-5a1e-4642-ac06-a871c6071ba2,23185610.85822782,23185610.899870384,23185616.893052757,20,256,0.04164256528019905,5.993182372301817,0
16f9298e-1412-4ed0-b4f5-e44e4ed918b4,69fdf898-03ef-4b4d-9272-9e4c1b581aae,23185611.025894735,23185611.055496745,23185617.08384512,34,256,0.029602009803056717,6.028348375111818,0
105ab95a-e21e-4bc3-9e26-f8c1ed8e508c,249ac2fa-7e78-4f48-bf4e-29acc7f81bdc,23185611.19420747,23185611.228456207,23185617.304478228,43,256,0.03424873575568199,6.076022021472454,0
22795987-9e70-4942-8f31-4df917807d5e,a42d7734-47be-4ff7-b7ab-71b28a7d7128,23185611.361023277,23185611.402558565,23185617.518713705,72,256,0.04153528809547424,6.11615514010191,0
0afb1391-1b47-4ff0-8f90-e1a5b3a2f41c,2864176c-e175-497d-b035-e2824510d394,23185611.52816697,23185611.557971478,23185617.707245808,16,256,0.02980450913310051,6.149274330586195,0
d4e0d842-9f22-4ef0-b5d7-9f3a0d28a583,1ef4e9b4-6d03-43d2-bd29-4cf071b58d6d,23185611.69679923,23185611.736341275,23185617.91295887,18,256,0.03954204544425011,6.176617596298456,0
d00b52a7-50bd-4817-b6f3-4a017a8e7b36,fa55a2a0-4339-4b7e-adee-3d7eb35338cc,23185611.86366308,23185611.898148905,23185618.096759085,18,256,0.034485824406147,6.198610179126263,0
870c90a2-4c9d-465e-864b-fcf47ee30967,f1f2da06-ea13-4ae6-97c5-52f6458c50f5,23185612.031013384,23185612.06467919,23185618.272464894,57,256,0.03366580605506897,6.207785703241825,0
0713a3dd-5ad1-432f-aa1d-712babb60918,aa8c7057-41b1-4d25-ae20-6990be10d181,23185612.365116097,23185612.403170716,23185618.403043296,22,244,0.03805461898446083,5.999872580170631,0
95691089-06ff-49a5-ae42-e5e7322afaf8,cf9ebb43-9ab9-4344-8bd1-003bc3031d61,23185612.19831827,23185612.232331406,23185618.45978601,13,256,0.034013137221336365,6.227454602718353,0
2df4a66c-f539-4c73-be2b-e5f29d290def,901a977e-e6e7-4eee-af39-7a79c12befd6,23185612.533795033,23185612.571040884,23185618.90951823,57,256,0.03724585101008415,6.338477347046137,0
6b15b3cb-c3d9-47c8-892b-3d917aca246b,9492bbad-5fdd-406a-87ca-7fc94e4af357,23185613.037409917,23185613.080455497,23185618.909605846,80,230,0.04304558038711548,5.829150348901749,0
7e4f4a86-7242-4bb4-812c-3854acc928ba,3faaca82-083c-4082-af2f-8e44e7eb14d1,23185612.702907216,23185612.741910696,23185619.159566164,29,256,0.03900348022580147,6.4176554679870605,0
72b24529-bf72-43d6-9b77-075c5827aa0a,6f52932e-0a28-4130-89bc-3a7cfdd50c15,23185612.870323695,23185612.93419492,23185619.41065261,350,256,0.06387122347950935,6.476457692682743,0
4f2a2bda-5d8d-434d-9fb8-bba0e426351a,3268208e-e8bb-43dd-a3e7-52ac213399ef,23185613.20431558,23185613.601260517,23185620.010046557,2560,256,0.39694493636488914,6.408786039799452,0
3381ebb5-be56-4ab6-8bfd-0fa84fb6ab8f,e0f26ea8-92ac-4b10-bff5-513700946e9f,23185613.37170981,23185613.806402046,23185620.090082318,1069,256,0.43469223752617836,6.283680271357298,0
c088ff6a-25e8-49ab-aca8-541e6d411bc4,7ca2f68e-90fb-4151-ad6b-4c251cdbf99b,23185613.706033535,23185614.37109399,23185620.354826145,48,256,0.6650604531168938,5.983732156455517,0
4d5db23b-1d80-400b-8dca-dce5bf3d8775,0f3acbd9-5489-4ddd-80f3-05382b344afe,23185613.539100133,23185614.371755477,23185620.35490822,3157,256,0.832655344158411,5.9831527434289455,0
759653c8-ca30-4d9a-81f5-2aa279050562,e1f91d69-5fbf-4d7e-9bcf-770a5e77e2d6,23185613.87346439,23185614.372185014,23185620.35500147,33,256,0.4987206235527992,5.982816454023123,0
b02a288d-0189-4233-bab7-fd88c3148bd4,78e1d5b7-2c41-4ffe-bf2f-7e18bc70380b,23185614.040966187,23185614.524638593,23185620.45367105,1091,256,0.4836724065244198,5.929032456129789,0
c076827e-f95b-4b84-b16e-7837e5cb69b6,2c1e0428-42f0-4195-b350-9425c8dd598c,23185614.208465718,23185614.833272275,23185620.635073625,2211,256,0.6248065568506718,5.801801349967718,0
0320ca4e-2b61-40fd-859b-70074596f6d4,145994b2-56c7-41e9-a914-e75ccd7a6b7b,23185614.37603286,23185614.83372314,23185620.635178633,37,256,0.45769027993083,5.801455494016409,0
a6f20c7b-3d65-4fda-9d96-504972d174db,db96becf-e529-4e5d-a2e3-dcf9f2f1ab14,23185614.543423768,23185615.100129616,23185620.828684304,2213,256,0.5567058473825455,5.72855468839407,0
735582fb-d577-44d8-be3b-204e9eaaa99e,d4d5d368-9150-4387-abd0-462f4cdee05d,23185614.710881017,23185615.23470809,23185620.92868222,1213,256,0.5238270722329617,5.693974129855633,0
80c70c13-94c9-446e-8878-4ac37bf36dd5,be9dcd2d-3508-4934-ad87-6ccf98834109,23185614.87968979,23185615.37099516,23185621.046588555,1075,256,0.4913053698837757,5.6755933947861195,0
116cf738-532b-4cd4-a404-1e01d43ff207,c30af6dd-7e91-41aa-88cd-1fa3f35da953,23185615.050462928,23185615.511257507,23185621.183130566,1187,256,0.4607945792376995,5.6718730591237545,0
7e7c5d28-ad4a-4ca0-aacf-1f95ff5c8a81,a44dee00-8aea-4c7f-a294-079a5370a4bc,23185615.2176744,23185615.644781936,23185621.301482808,1076,256,0.427107535302639,5.656700871884823,0
c185b243-a975-4588-851d-936da3da22dc,a0b98a1d-109f-459f-b7b1-a7dfd91f1a5b,23185615.38537056,23185615.645529486,23185621.3049047,29,256,0.2601589262485504,5.659375213086605,0
5baad5fa-e31e-4ad5-9f75-d83577d9b642,ff3da1a9-7730-4b59-8088-da956663fbd2,23185615.552583393,23185615.69366131,23185621.345282365,240,256,0.1410779170691967,5.651621054857969,0
1e74fd9d-6e8b-485a-b5bb-26e56a38d744,343ee905-09d1-46ee-aad1-5aa140a0767a,23185615.71998283,23185615.772270456,23185621.42117999,23,256,0.05228762701153755,5.648909535259008,0
4945cd5f-94d7-48eb-b889-b5f98c5c0b8f,c4c0f97f-c358-4c16-9217-83db45a098b2,23185615.887895785,23185615.937631063,23185621.621329483,31,256,0.04973527789115906,5.683698419481516,0
76467560-b66f-4000-8105-e8aaa15322ba,d2de109a-1ffa-44d9-87bd-80abc023ca0d,23185616.05532368,23185616.101016015,23185621.829787895,25,256,0.045692335814237595,5.728771880269051,0
96c68ef2-f5f6-4df8-8184-3993ed5c00fe,ac80e617-c836-47d9-9023-9e7deeba50f3,23185616.225324742,23185616.26616133,23185622.003274385,46,256,0.04083658754825592,5.737113054841757,0
176128a3-0fb5-40dc-b8a4-f05992370216,7894572e-6de8-43fc-94b7-a947096421d1,23185616.39382262,23185616.44579122,23185622.179772492,18,256,0.05196859687566757,5.733981274068356,0
3b248b5c-f2ba-4f6d-9c16-7ea3b9b694b3,86ec1d76-7850-46df-91a0-781465ed1868,23185616.5621588,23185616.613438055,23185622.35951329,26,256,0.051279254257678986,5.746075235307217,0
f5330401-c618-43f3-9cad-8ec403de4bc1,042a0b7f-337e-43a7-827a-7b6fe24a75cd,23185616.734241247,23185616.77229514,23185622.51587935,34,256,0.03805389255285263,5.743584211915731,0
39b1d5f4-9db2-4825-b578-521680fe98f0,041fe4b4-d40b-4386-a662-9fed954444c8,23185616.90169484,23185616.934108995,23185622.687765937,20,256,0.03241415321826935,5.753656942397356,0
0b25c524-822b-4689-bca5-deb805062303,85276568-eff4-4139-95d9-48bb0956f903,23185617.068477128,23185617.174775988,23185622.910911344,422,256,0.10629886016249657,5.736135356128216,0
49892041-5e2b-4006-bea3-f0bfa89dd8b1,1b12635e-37b8-46a9-a995-b155020ba5ae,23185617.238843944,23185617.286636196,23185623.015833,143,256,0.04779225215315819,5.729196805506945,0
85dbb202-7f06-49c2-8735-59d1791ab90e,569f663f-e719-44d3-8e21-c3da28abd261,23185617.406853285,23185617.477161888,23185623.19535106,191,256,0.07030860334634781,5.718189172446728,0
c3aae238-dd18-4b2d-8708-ab37b4dc76ee,034a42dc-102f-4248-b9ce-4114c5cbe627,23185617.57429333,23185617.621890012,23185623.336147167,19,256,0.047596681863069534,5.714257154613733,0
1b13ebe0-73d1-4fed-9fcd-22a8acdb350b,e1dc7713-3d5c-4c65-88ec-a052902f8b9d,23185617.741948724,23185617.788505252,23185623.503158372,18,256,0.04655652865767479,5.714653119444847,0
b9b62677-a224-4833-b120-1e0642863d74,5af98e67-d5ce-4aad-afd5-49ece3d65c6d,23185617.91303289,23185617.953976817,23185623.664823327,24,256,0.0409439280629158,5.71084650978446,0
8b6119fe-441e-4ba3-8915-b4f2b050dd6d,983449ac-86cc-4fd5-9f57-c6894d8a5f81,23185618.080198005,23185618.134857193,23185623.846436866,53,256,0.05465918779373169,5.7115796729922295,0
bc4ba849-e644-45d5-b17e-9b43d06a0434,b7299ed6-84c7-4ed6-bde4-527740000d84,23185618.24732306,23185618.296855733,23185624.0118256,34,256,0.04953267425298691,5.714969865977764,0
17564a7f-40c3-4c76-89b6-6c677e7cced3,582d6c87-c7cd-49b4-bd76-28011276b300,23185618.414701346,23185618.47690046,23185624.187693466,39,256,0.06219911202788353,5.710793007165194,0
fa3290a2-804f-4c36-9282-defa48d9e342,368349e5-91c6-4239-baaa-013177155401,23185618.584597766,23185619.016671948,23185624.616923485,2393,256,0.4320741817355156,5.600251536816359,0
ec51d3c4-a225-40bf-97fe-2764a87661bc,52427154-35ab-471d-a29e-3cde63b37643,23185618.75163972,23185619.302165344,23185624.824204933,1849,256,0.5505256243050098,5.5220395885407925,0
93c08234-eef0-4a85-8a85-065f9fb99eff,ccd8687b-0bc5-493b-855c-46b97b5168b7,23185619.421128903,23185619.69183503,23185625.112562407,21,256,0.2707061283290386,5.420727375894785,0
8ba8cd7b-d565-42d9-8418-5eca41d044a1,dd9d7251-bdcf-41f8-9c20-e5bc7c59b8e1,23185619.25436345,23185619.693198934,23185625.11267985,44,256,0.4388354830443859,5.419480916112661,0
81dc6071-6e09-4c1a-b26b-82ba69f062e9,9b4e1624-2374-490c-b1f8-cffaf921fa27,23185618.91983791,23185619.694097206,23185625.112807862,2688,256,0.7742592953145504,5.4187106564641,0
01a6a261-4247-412d-a2c6-74195ff7ab10,4cb2bd61-55a5-4e4f-8c8c-cd45ab542578,23185619.087254833,23185619.694513224,23185625.11292983,24,256,0.607258390635252,5.418416604399681,0
c03e74aa-cb5c-4e5a-a99a-fef7c5b20f70,dc28cdce-f673-4bbc-83f5-d85abddacf07,23185619.58815795,23185619.71330303,23185625.12591453,41,256,0.1251450777053833,5.412611499428749,0
1a9f6b8f-8ead-4d2d-91e7-67b35ac6aa19,9f8c1431-fd61-4d42-a6a1-74f7b26ea813,23185619.759808704,23185619.858984984,23185625.24744873,324,256,0.09917628020048141,5.388463746756315,0
e7405312-fd30-4d5e-8a2d-ec898ebefcf3,983c55a1-ae1f-412c-b9e4-8c3a402a3c11,23185619.92756367,23185619.96602021,23185625.341594495,24,256,0.03845654055476189,5.37557428330183,0
1caf9ffd-4dac-4b66-9d9e-a269b61fd308,7168520b-739c-4e61-a658-933f571651a3,23185620.09530345,23185620.239811722,23185625.571722522,430,256,0.1445082724094391,5.33191080018878,0
cd280495-f46a-4acd-ba5f-098d986d44c1,37312560-a3c9-4750-96a4-6ce0b65f4fb3,23185620.26229752,23185620.33079197,23185625.64930498,144,256,0.06849445030093193,5.318513009697199,0
e1331103-6735-4588-8f86-4d2ad8539256,74a1a20b-7c03-4494-aa1a-502b6f7f15f0,23185620.43284459,23185620.471485108,23185625.780244064,14,256,0.03864051774144173,5.308758955448866,0
4280732c-00f9-4ffb-9811-cb756665ec41,81bb51e6-98f6-47bb-8328-a2be3210ebc0,23185620.6000534,23185620.65173007,23185625.95597597,25,256,0.0516766719520092,5.30424589663744,0
d3cd8239-5d31-4434-94c7-c0449268362e,9ae86218-d754-4e04-8cda-7ed9b0dc9a6b,23185620.77212823,23185620.812034886,23185626.107313897,53,256,0.03990665450692177,5.295279011130333,0
068b34ca-08e8-40cb-ae0f-06dbce601f7b,7ac254e6-4ad1-47ac-8b63-6c27c0ac745c,23185621.27453065,23185621.325058434,23185626.226731874,33,240,0.05052778497338295,4.901673439890146,0
dc163917-a118-44bc-84cf-52685e9088de,07145017-583f-459f-804f-65f4c29b67f1,23185621.107100815,23185621.25932242,23185626.483618807,36,256,0.15222160518169403,5.224296387284994,0
7775cf5e-091b-40cf-8f2d-37a8631c4a0f,196f31c0-011c-4e12-9017-93cf7691d787,23185620.939561225,23185621.259053376,23185626.485683657,2034,256,0.3194921500980854,5.2266302816569805,0
69a36c81-46ac-4f99-877b-63a2819c58cc,b2f73a46-0e36-4584-b323-b2f1618513ca,23185621.44314046,23185621.67273776,23185626.837364554,1628,256,0.2295973002910614,5.16462679579854,0
1cfdfb1c-516b-4aa2-9b31-2bf7934c27b7,e70eb456-331b-403b-8db8-8ceca474df7b,23185621.610869527,23185621.804189056,23185626.928852834,1096,256,0.19331952929496765,5.124663777649403,0
8f7b10ed-2e48-4282-bb93-6e80741ab418,0c924bcb-af9f-4eab-9c10-44444fb264a5,23185621.782025486,23185621.85802529,23185626.963883653,310,256,0.07599980384111404,5.105858363211155,0
a73dabe7-5d66-4600-bcab-215629c390b4,53bf79d9-dcbc-49cd-99ea-4b5a5f03349f,23185621.94885656,23185621.99937682,23185627.095526643,59,256,0.05052025988698006,5.096149824559689,0
649d9031-7069-4a25-a690-4aafcfc61fa3,8342a4dc-0ad8-4bb5-8b0e-90355dc15f57,23185622.116774257,23185622.16276569,23185627.246927656,17,256,0.045991431921720505,5.084161967039108,0
c11ba08f-f167-451d-a389-804b085ddad1,bb1c461f-63bb-42c6-b522-3badc88b06e9,23185622.28442099,23185622.353978552,23185627.41790843,350,256,0.0695575624704361,5.063929878175259,0
8cbc7b16-89c1-4c66-b1dd-66d4f0e5afae,2926de6f-c5d9-4791-97ea-fe0f9689b72b,23185622.45283908,23185622.499159843,23185627.5517535,29,256,0.04632076248526573,5.052593655884266,0
c6b7757e-07f7-4af2-8b68-29fabb5fe76d,f26594f8-a780-47fd-9e9c-0e7f64fd9569,23185622.620456077,23185622.709378734,23185627.738038726,432,256,0.0889226570725441,5.028659991919994,0
e05b9122-b391-4cb9-971c-945f14afbbd0,399cf6a0-455e-4c46-b643-cd568fa6b890,23185622.788048312,23185622.828584485,23185627.84964026,11,256,0.040536172688007355,5.021055776625872,0
d91d8a6b-bc33-4dbf-9822-11f8f1d8a759,5f0dc043-fd1b-4a35-9def-2d87f39c9ea9,23185623.290220533,23185623.334208246,23185627.888962585,11,233,0.043987713754177094,4.554754339158535,0
e3bcc6c4-f324-4019-9c23-f8f72a51fa51,c3d32a39-0f7d-4657-87bb-1642a8b176d2,23185622.955699585,23185622.993036717,23185628.006251696,16,256,0.037337131798267365,5.0132149793207645,0
d3c48702-a3f2-45fd-aef6-1e7490933c9a,d49a36b9-7789-4700-a992-3c6b31efdfa9,23185623.122628264,23185623.176583514,23185628.17839633,13,256,0.05395524948835373,5.001812815666199,0
c3124642-ff1a-454d-922d-a8289ccf8e88,44963dcc-f608-4239-a21c-f836450ab6d9,23185623.46055559,23185623.499687478,23185628.48208091,78,256,0.03913188725709915,4.982393432408571,0
1fd4698b-ba37-4a4e-9a13-1d22d8e74923,2b484d7c-5c85-453e-929d-c878c6db4e59,23185623.6273371,23185623.662773307,23185628.636616956,28,256,0.03543620556592941,4.973843649029732,0
247aa84a-9b52-4a3c-b9ba-3ace461406d9,40b5a894-7aff-4ff7-bfc1-f3f0801f85f0,23185623.794366512,23185623.8457757,23185628.806699097,17,256,0.05140918865799904,4.96092339605093,0
17631027-5404-426d-8d82-b5b0d1aaafd3,67d3ebe1-f97b-44ca-966a-597773ec1969,23185623.96161993,23185624.010560267,23185628.958415266,84,256,0.04894033819437027,4.947854999452829,0
538da284-ac84-4fe5-a7d0-1e0baea45a22,04fed0d8-601e-4a6c-92d6-63a9b74dada4,23185624.132811587,23185624.171980873,23185629.139379937,13,256,0.03916928544640541,4.967399064451456,0
f1616fe4-c2f5-4d3d-9b79-74827d1eb205,622fade3-6fd0-4ad3-945d-4da3b025c34a,23185624.30004959,23185624.349540904,23185629.309256162,30,256,0.049491312354803085,4.959715258330107,0
7c20f4e2-a8ce-480f-90f0-7ca2de1756cd,127c71d3-aa47-4aa8-9e77-99bd658cfe46,23185624.46795838,23185624.51650835,23185629.49826423,17,256,0.048549968749284744,4.981755882501602,0
8de2c923-6871-4ac6-be5b-66aad5dbe760,045e3d4b-90b0-4fa2-b2b4-2dae732cd0ee,23185624.63827808,23185624.676645245,23185629.676230475,31,256,0.03836716711521149,4.9995852299034595,0
8b1bfc01-cd15-41a2-afce-2696b5b9b5f9,ecd08c94-036a-427b-a327-213396c68685,23185624.80551506,23185624.838301018,23185629.82709696,22,256,0.03278595954179764,4.988795943558216,0
daefcf3b-f672-4174-a47e-099a644c5722,9b9abb5f-f4b4-41c6-9c05-7e7dd30b2a8a,23185624.972920883,23185625.03085417,23185630.031565767,41,256,0.05793328583240509,5.000711597502232,0
4730f3be-3c7c-4672-8a8c-f565aae067aa,6956c060-1beb-4cca-a39b-aa7ba2c7a4bb,23185625.14060347,23185625.185397383,23185630.186338473,13,256,0.04479391127824783,5.000941090285778,0
6d9e840e-d584-474b-bb6a-d765973a729f,398d7200-221c-460b-8e7f-cd8002fb33b2,23185625.30822876,23185625.358879037,23185630.358721424,21,256,0.050650276243686676,4.999842386692762,0
b17636c6-ce90-40fc-9979-a0cffe7aafbb,46543665-8d0e-4df8-8a80-315d045a2012,23185626.315537766,23185626.36171019,23185630.40330951,15,206,0.04617242515087128,4.041599318385124,0
500354d8-98df-4597-8b7d-7c06ac3eb300,fd37e641-2603-454b-b5a0-c8ecac760ee9,23185625.475468107,23185625.510276597,23185630.515600823,17,256,0.03480849042534828,5.005324225872755,0
c8028978-bf89-49d5-9bb7-093e31bc3429,95982528-e5d3-46d6-9627-aa12df333cc6,23185625.643361315,23185625.685862835,23185630.691924307,31,256,0.04250152036547661,5.006061471998692,0
d24b332f-822c-4416-b8b1-e149a08e89da,66d03c64-514e-414d-91df-564073370878,23185625.810811453,23185625.860498812,23185630.86552212,50,256,0.04968735948204994,5.005023308098316,0
44c7fe6c-5261-4c28-b4c9-93e83a1c3e71,370bc341-1256-4ace-b2b9-e651febc5048,23185625.978064183,23185626.01238989,23185631.020006757,28,256,0.03432570770382881,5.007616866379976,0
7e284c45-8c4f-4e6c-9934-51a812c39b89,c5ad2556-bdea-4ce0-9f09-4bec01372d54,23185626.14806132,23185626.185917024,23185631.231409017,24,256,0.03785570338368416,5.045491993427277,0
d2933a8e-440d-4201-a844-a10540ec2e42,b7df5ff9-ca7b-4583-8c1f-99254122c56f,23185626.48581324,23185626.544266444,23185631.617747333,117,256,0.05845320224761963,5.073480889201164,0
4b846bd0-62f4-465a-90e0-cc63ac30a311,f2f12894-d9d8-4a5b-b285-f1fc65f2fde6,23185626.652638473,23185626.702768017,23185631.77249594,21,256,0.050129543989896774,5.069727923721075,0
b5893878-301e-44c4-aaaf-95a1317c0de0,3d2975dc-945c-4bd7-a783-3abc35f1a7ce,23185626.820238024,23185626.853027083,23185631.92443668,27,256,0.03278905898332596,5.071409597992897,0
5348cfb7-ece4-402c-b49c-6589ec92c0c8,724654c9-41c5-41c7-812a-6790886695ba,23185626.98777676,23185627.020716336,23185632.098649085,20,256,0.03293957561254501,5.077932748943567,0
b1edff74-450c-4a5d-bdda-92fbb4240ce3,1df9bdf8-8562-45e1-9479-1ee6ac1aa0b1,23185627.155190792,23185627.191011123,23185632.27286982,28,256,0.035820331424474716,5.0818586982786655,0
464de4f0-ea5d-45c3-b906-9e46c3b34338,0a6bef83-28b0-4bd3-a32a-c475e4a5d9e9,23185627.322275344,23185627.35788019,23185632.442900438,20,256,0.035604845732450485,5.085020247846842,0
46a043f3-574c-46e9-8f05-f6e86be02b7b,310dcbcc-8c2f-4923-84fd-2cf34c442193,23185627.48959417,23185627.530452736,23185632.611899965,23,256,0.040858566761016846,5.0814472287893295,0
7955ae38-643d-4552-848c-aaae091884cb,beeecb0e-fdd7-4ef2-b656-f3cf6ef1b83b,23185627.65672752,23185627.70114226,23185632.784256227,16,256,0.044414740055799484,5.083113968372345,0
0a540ada-aabf-4a43-9784-4ea5d3df1415,4b9ac07a-11bc-4bcf-a4c6-294408290c4b,23185627.823695272,23185627.86764397,23185632.957518723,17,256,0.0439486987888813,5.089874751865864,0
dc0399d2-8f59-4554-b12c-454671c6467c,f7391787-84e4-43ed-af13-11aed60e8f2d,23185627.991302937,23185628.025506686,23185633.11333666,40,256,0.034203749150037766,5.087829973548651,0
073efa49-2111-495f-a5fa-f11093c2ef4a,3f2c91d2-6e73-4086-ac46-1a1e6ae0ee1a,23185628.158195097,23185628.192552056,23185633.28366576,19,256,0.03435695916414261,5.091113705188036,0
e3cd832c-a701-4a6d-ae92-02013e3451c7,dbda8205-6774-46a3-9d2f-8a322a7f2080,23185628.324986514,23185628.364993308,23185633.45139537,36,256,0.04000679403543472,5.08640206232667,0
3386c308-3929-431c-b501-52916394a570,c6bb1ed4-788a-448d-ba26-80acc1779d54,23185628.49192431,23185628.540676255,23185633.63109634,25,256,0.04875194653868675,5.090420085936785,0
c62d32aa-9e10-42f0-b866-b6d5c1876ac3,b0255d59-3747-44f0-a49a-ec7a4113e480,23185628.659266908,23185628.68902935,23185633.78172876,34,256,0.029762443155050278,5.092699408531189,0
950e9dba-55b1-4a17-a2c1-0440665967fb,c650c480-7dc1-44af-867f-52f048076e2c,23185628.826382868,23185628.86086557,23185633.952101894,26,256,0.03448270261287689,5.09123632311821,0
44bebb81-7820-4322-a851-2cbdbc63b4bf,eda2853c-c1bd-4296-8cd9-c3015ec6c591,23185628.9966785,23185629.081682954,23185634.14253551,311,256,0.08500445261597633,5.060852557420731,0
1ca510f7-7601-4caf-ba8c-fc5f42334e9f,833b5f27-75c5-4460-a25b-f412b0985ad6,23185629.164175976,23185629.21541371,23185634.274993274,23,256,0.05123773217201233,5.059579566121101,0
2f329287-2db8-44db-9742-96fc41203888,62b3ab64-b52f-4593-858f-76fbc94729a9,23185629.331724826,23185629.404791392,23185634.48704491,258,256,0.07306656613945961,5.082253519445658,0
f2696122-0952-405e-9cdc-951eaf2b705f,25b6106d-e94a-4a33-96a4-8247a0384dbc,23185629.49845908,23185629.578233387,23185634.757190607,276,256,0.07977430894970894,5.178957220166922,0
8ae99764-3b56-4c41-8c79-65cfb27e5c65,be545396-515d-4229-9539-e746ec84bbd8,23185629.665930312,23185629.714050464,23185635.01172668,14,256,0.048120152205228806,5.297676216810942,0
ed7618a5-b558-4be5-8a80-5870079695ba,c184c6f8-c516-408e-a74b-3983def930be,23185629.83360408,23185629.89393836,23185635.1582341,257,256,0.060334280133247375,5.264295741915703,0
f4a39015-3ecd-4a46-b5a0-ba882859008c,cad8d577-1c2a-491e-91c5-83bf444c59d4,23185630.001196697,23185630.049701624,23185635.318552926,36,256,0.04850492626428604,5.268851302564144,0
723b722b-da24-4155-9622-b29a24a07eca,2c636a9b-2521-4ede-a538-0918336c1eb1,23185630.168322623,23185630.205697924,23185635.46998205,85,256,0.037375301122665405,5.264284126460552,0
cb9e8eb9-1f7b-494b-a11b-4f8c9418dae4,24d2768f-f0a8-4560-992c-325ba57aeb3c,23185630.336042408,23185630.382958394,23185635.63849549,59,256,0.04691598564386368,5.25553709641099,0
2c902234-98be-4825-9966-dceaf04cb3bc,5b59e4ff-86f4-4efb-8889-114b48a7544a,23185630.50324354,23185630.555454135,23185635.808975402,33,256,0.052210595458745956,5.253521267324686,0
de54e800-fd7c-4bbd-ab74-77f4c2c5f733,830cbaae-ee1e-41d2-9c31-4b43236c94ca,23185630.67177329,23185630.707516238,23185635.961994153,19,256,0.035742949694395065,5.2544779144227505,0
e1ff5038-4c1f-40ba-aa8e-8d340e80b514,e4c69074-d970-4f90-8bda-83ac5431e405,23185630.839831594,23185630.88022485,23185636.13127418,14,256,0.04039325565099716,5.2510493285954,0
0908ea23-2a26-4cf0-9f34-6b2d99271393,d2639711-2b15-4c72-b3ff-1ec132eccae2,23185632.690026257,23185632.7240888,23185636.284163665,11,172,0.03406254202127457,3.5600748658180237,0
db5c8497-2bc9-4baa-9e3b-1f453ac856de,fc0c398f-9600-4b97-9317-d0d71ee45308,23185631.0069145,23185631.112541653,23185636.324381623,451,256,0.1056271530687809,5.211839970201254,0
975aae22-ff4f-43c4-9af7-d6ecdffb2e4c,f4186e7c-d760-4dac-b3fa-2d5608f29769,23185631.17396367,23185631.210364692,23185636.42134708,25,256,0.03640102222561836,5.2109823897480965,0
8455e005-52c9-464f-b74a-d7d3688ad289,9a6add83-826e-4b56-ae03-5c7644d40c4f,23185631.34139533,23185631.43976141,23185636.614877004,359,256,0.09836608171463013,5.175115592777729,0
3edc124f-6db5-406d-8ae8-0cc3709493a7,e469c038-0366-457c-bc97-cc2a5cb2942f,23185631.50866267,23185631.559178587,23185636.727134395,37,256,0.05051591619849205,5.167955808341503,0
dbf23ec3-01e3-4c97-9f87-07d18320422a,238aa75f-9e5f-4239-9ffa-889083092c06,23185631.677436642,23185631.712411463,23185637.058661856,24,256,0.03497482091188431,5.346250392496586,0
24919364-399b-43c0-bd3e-593aa2d4da0b,477daaac-c283-4914-a9ed-0e70e1fe0187,23185631.84537986,23185631.88485878,23185637.512736633,27,256,0.03947892040014267,5.627877853810787,0
80254b67-cd45-48d8-87a5-999a7e31601b,b1f200fd-3ddb-421a-88a1-d7a86018badd,23185632.0133881,23185632.059730507,23185637.958976246,64,256,0.046342406421899796,5.899245738983154,0
76f8d5d8-9124-4813-a01c-0b56fa189157,35e94012-0f0d-463e-afae-5d89f0090f6b,23185632.18023868,23185632.21223366,23185638.174622834,16,256,0.031994979828596115,5.962389174848795,0
0bc69f50-d15f-4f38-90d1-7802193c122e,6f3cfd77-5d3d-4cda-ab34-55ba234431f7,23185632.348656703,23185632.388002753,23185638.632383548,23,256,0.03934605047106743,6.244380794465542,0
25dbc7f1-7508-4417-b777-f1070ba63a33,38604c3c-43f0-477f-873b-9e44b8c0a05a,23185632.52014987,23185632.55454703,23185638.99890525,18,256,0.03439715877175331,6.444358218461275,0
bf93d433-1f16-4bbd-bf4c-a20a02ca90e7,2ed1caee-eaa7-4b5a-960e-96fedc4a5919,23185632.859590996,23185632.904008094,23185639.479100473,157,256,0.04441709816455841,6.575092379003763,0
f59c1819-138b-4d0b-944e-1a6f7fb533e4,c13eca98-5384-4a69-9a2f-5508f6d6ae4d,23185633.028338112,23185633.070745472,23185639.658228513,18,256,0.042407359927892685,6.587483040988445,0
1337eb1b-c9b2-4921-87ff-b4fa5768efa5,19bd5f87-9a65-41e3-91f4-962d6a6d73da,23185633.19543459,23185633.246204592,23185639.844637327,17,256,0.050770003348588943,6.59843273460865,0
d3f65c80-545a-4362-bc6b-3402c15a5d50,a9064c4c-f372-4033-8883-e6529b1d224a,23185633.362417374,23185633.396011956,23185640.004597265,27,256,0.033594582229852676,6.608585309237242,0
9a8a8265-ece1-4069-b2a7-8b74dd08dc5a,011b2493-b25a-4045-8fd0-171ba4cab2fe,23185633.529828757,23185633.5700008,23185640.18438043,19,256,0.040172044187784195,6.61437962949276,0
0f787baa-4a36-429c-adbd-9ce7746f10cd,128d3c0a-7970-4570-a268-979d6243be30,23185633.698181104,23185633.74390848,23185640.41446681,13,256,0.04572737589478493,6.670558329671621,0
141c123e-6966-46b8-b233-9501a6afb5aa,4d90ee30-4ba9-466d-ac5f-b661e7b7b642,23185633.86558868,23185633.91308108,23185640.68808203,29,256,0.04749239981174469,6.77500094845891,0
a21e1916-ef5d-4c40-8752-77895b5c7b53,51e281a5-8994-4878-8128-98c2424576a1,23185634.033156045,23185634.06421036,23185640.91825923,13,256,0.031054314225912094,6.854048870503902,0
1965b83b-bac6-472f-8c50-181d853a4de1,60c38744-a2a4-4637-8408-ed88340d3ad7,23185634.200058125,23185634.236656066,23185641.11836459,16,256,0.03659794107079506,6.881708525121212,0
0e9e49e9-a27b-45a2-8ccf-279406f85dca,4d63d5f7-a7d3-4ed2-b74a-eea3225de80d,23185634.368962277,23185634.51130164,23185641.37644492,740,256,0.14233936369419098,6.865143280476332,0
5f973a38-e222-467e-b3fc-52fcc80b1326,e25019ec-c6ef-4474-be46-4500eab5f72e,23185634.70364314,23185634.949833974,23185641.638934452,18,256,0.24619083479046822,6.689100477844477,0
1243a34f-a400-45e1-a023-a115fd85bffb,c8b0f88e-fd41-4dc5-aec7-3b0599ab40f8,23185634.5358909,23185634.953890756,23185641.645737633,2010,256,0.41799985617399216,6.691846877336502,0
4b7cfa11-031a-4c96-b1bc-746f499635d3,0cd34512-e0d1-47ff-bf13-0ca0ec30cc10,23185634.871337563,23185634.970291317,23185641.668740895,109,256,0.09895375370979309,6.698449578136206,0
2a33bd4d-3c68-41c6-beaf-1cad086ede0f,a0bdb53c-df5c-4d2f-a520-825986b1630d,23185635.04005645,23185635.085342575,23185641.837983713,30,256,0.04528612643480301,6.752641137689352,0
a5b0297c-52dc-434a-ac59-24037acf91ee,e7708411-1768-4c1e-99c8-f1cbadca738a,23185635.208149288,23185635.260755792,23185642.020748887,160,256,0.052606504410505295,6.759993094950914,0
c07e7647-3516-44a5-b551-9c6184085901,942bf4be-3bf6-4f54-bfe0-a6cc46ab2992,23185635.375276122,23185635.413523156,23185642.19273947,68,256,0.03824703395366669,6.779216315597296,0
44cac4f9-cca0-44f6-a5e3-3157a2d5a5bc,74ebe232-0e5b-4a22-af25-566166696e56,23185635.54475095,23185635.583273433,23185642.41339616,16,256,0.03852248191833496,6.8301227279007435,0
9cc447fa-900c-4770-a3bc-d202afa62631,ef28b4b8-d6f1-4411-a710-a6e609ec9ab2,23185635.71402292,23185635.752044376,23185642.607707996,40,256,0.03802145645022392,6.8556636199355125,0
3635488f-5cb6-4b65-aeeb-f03d43ad27a9,75043de4-a237-4f9a-9e81-0ff5a8bf9d97,23185635.885342937,23185635.92502346,23185642.857453365,86,256,0.03968052193522453,6.932429905980825,0
a379ad24-aaf6-479b-ad63-981a00072e84,138f1c5d-4415-4447-b255-c069c90e1c45,23185636.056323014,23185636.0944046,23185643.132569123,46,256,0.038081586360931396,7.038164522498846,0
e26da372-eb83-4926-afef-6e29f4df1e02,d8ceeda0-15a9-4a1b-9d40-46084f5ee9ae,23185636.224529494,23185636.264332607,23185643.4078687,19,256,0.03980311378836632,7.14353609085083,0
972d07f9-8e04-4858-94ea-66a225246b10,48388cec-d064-4523-a6b4-38edaa6f68f1,23185636.391639862,23185636.4382519,23185643.69764613,24,256,0.04661203920841217,7.2593942284584045,0
95af0c63-d72a-44b2-bc2e-099e25303168,00b95efe-6d8d-4827-982a-b804c577e294,23185636.558625743,23185636.594658732,23185643.948650718,64,256,0.036032989621162415,7.353991985321045,0
b297569c-8d55-4b1e-8dca-bc74c6cf0098,0d344ac1-c0ec-4f88-83c4-4b3b0d5aab72,23185636.7291249,23185637.783907324,23185644.6178528,5237,256,1.054782424122095,6.8339454755187035,0
9fb71f8f-1d56-4677-b0e1-502f560280de,5762d652-01a6-47f3-8b86-a79c4604fc2a,23185636.895926982,23185637.78418882,23185644.617935628,16,256,0.8882618360221386,6.833746809512377,0
46bd15ff-65bf-4f19-a85e-64aad3f1e743,25947fc2-3557-451e-beb2-82853b71d495,23185637.06302914,23185637.95711485,23185644.696861207,932,256,0.8940857090055943,6.739746358245611,0
d66673bf-ca22-4c3d-9f0c-e15a260a7895,092e4107-7e62-4b3d-bc5a-d14d38f4bf86,23185637.230511878,23185637.9596029,23185644.702370718,15,256,0.7290910221636295,6.742767818272114,0
ab97b3a1-3842-41f8-a019-d65780599775,bb25ffbb-a7a7-4354-a5d3-c9d0fb99bd15,23185637.568806775,23185638.918285456,23185645.18977888,32,256,1.349478680640459,6.271493423730135,0
8db559e0-eeff-4eac-aec9-f317e129f36f,5bf0dd57-667b-472c-bc28-b632f0ede4b0,23185637.73696672,23185638.922253378,23185645.195007183,21,256,1.1852866560220718,6.272753804922104,0
7813a407-c187-46ad-8f5d-f20e7fcd4241,1c446036-4ad1-4381-8f40-2e90283b63f3,23185637.39830702,23185638.92180353,23185645.19509796,5680,256,1.5234965085983276,6.273294430226088,0
d0875a0c-cd51-4fb4-9bc6-fb7312847e77,0fdfa4da-716b-472f-ade4-abad35245ff5,23185637.904708818,23185638.94345597,23185645.212082095,123,256,1.0387471541762352,6.268626123666763,0
9b449a39-63f6-4cbb-85f6-105dfb658551,4a61c1dc-25ad-424c-bcd7-b16754e4c57e,23185638.07149267,23185638.94451918,23185645.216675248,20,256,0.8730265125632286,6.2721560671925545,0
dfedbe63-c21e-41e5-904e-42330c62d3f2,ba03328d-11c1-47a2-910b-659cfa8e9567,23185638.407105327,23185639.16283541,23185645.38855806,17,256,0.7557300850749016,6.225722648203373,0
ed8669d4-be3b-40e8-ac87-9268f1ecf1a6,873a5455-faff-4a33-8320-8200449c92e6,23185638.238878347,23185639.163128372,23185645.38870398,1808,256,0.9242500253021717,6.225575607270002,0
dec0338a-9c0e-49a9-8d93-4347254004e1,2e3657d6-b592-4af2-ad69-219512a00352,23185638.574462052,23185639.329189803,23185645.56341047,1128,256,0.7547277510166168,6.234220664948225,0
c6fb70bd-89b1-4a78-a092-8d1e95de706f,36a66eb5-f44d-425f-82f4-fb644694648f,23185639.243148353,23185639.410769526,23185645.65163987,25,256,0.1676211729645729,6.2408703453838825,0
b863654c-d4ae-4f50-9987-fd14216fea04,1fad738d-1ede-49cb-bd57-855fe6ceef55,23185639.07578426,23185639.411141988,23185645.65186769,87,256,0.3353577293455601,6.240725703537464,0
970e6818-49b6-403c-8bd1-f846b2bf8398,9b87582e-3964-4c40-be96-c02fa326eda6,23185638.908895697,23185639.417179354,23185645.652023606,32,256,0.508283656090498,6.2348442524671555,0
a7459599-b4b9-48c9-9fca-4967b84fb467,92be9b48-1b74-4158-b863-89fb21d49d82,23185638.74157282,23185639.41809285,23185645.652166493,414,256,0.6765200309455395,6.234073642641306,0
69775e89-9b48-470b-b92f-c3e379b1d602,e31bc4e1-2f69-43c6-b463-ace446e16687,23185639.419137392,23185639.474097554,23185645.729658052,51,256,0.054960161447525024,6.255560498684645,0
79c1606e-c9e6-4ba7-ae28-bd6a433d748a,7670c5aa-f87b-44c3-832a-dd80278c2c46,23185639.5860542,23185639.639633276,23185645.951211683,18,256,0.05357907712459564,6.311578407883644,0
cb317c01-44fa-4a34-aaed-262e908bbf6f,4c76c480-d50c-4813-a95e-5e62bbb27a49,23185639.753344696,23185639.79909906,23185646.147914585,39,256,0.045754365622997284,6.348815523087978,0
ab6ca5e0-09db-45b0-b03a-39f33d709d5e,009d182c-c05c-4628-b2f6-af24b9d7a4ac,23185639.923795376,23185639.967016336,23185646.372873634,29,256,0.04322095960378647,6.405857298523188,0
a6e5bd97-2eb3-44a3-ad63-7cd52d1a9d2d,1f36c5c6-6840-439e-99e4-a89d8fce64ae,23185640.090909503,23185640.14463979,23185646.625012662,21,256,0.05373028665781021,6.4803728722035885,0
1301b9b1-e58e-4d38-8f49-d76612ebc406,00ff0d1a-a7f6-426a-b784-93bce91203f0,23185640.257709417,23185640.497147992,23185647.02804566,870,256,0.23943857476115227,6.530897669494152,0
2e29f867-2feb-473f-a9d7-6a58f7d4d85b,b85cf193-232c-49e9-b21c-2857715ad274,23185640.424704254,23185640.689070757,23185647.162958406,680,256,0.2643665038049221,6.473887648433447,0
cf4cee1d-bf43-49c7-80b1-f02415463ab2,4f766c2a-141c-402a-8623-635f6f8faa18,23185640.761888105,23185640.91596669,23185647.39667241,20,256,0.15407858416438103,6.4807057194411755,0
039c5087-5703-4fa1-ba4b-53f30765874d,cac35c67-a5d0-4980-a4de-bd9e43b50bf1,23185640.594446138,23185640.91718079,23185647.402582586,1005,256,0.32273465394973755,6.4854017943143845,0
660c977c-63bb-4024-a4fe-0353f0a363b6,b36ac6f8-2283-457b-b514-f6fc2a4b3d24,23185640.928804215,23185640.988933075,23185647.482931204,104,256,0.06012886017560959,6.4939981289207935,0
82e4831e-75fa-47b1-9ab5-d92d8708b204,333405a2-3006-469d-92cd-31a847abad17,23185641.096066613,23185641.136380598,23185647.683476802,29,256,0.04031398519873619,6.547096204012632,0
60356ffb-fdcc-434d-b9ae-f356e431abc7,7c8949cb-b3a3-4e1b-9413-6fdc6fa64c40,23185641.2645055,23185641.496600814,23185648.092581533,780,256,0.23209531232714653,6.59598071873188,0
5941e3b6-4f71-45f3-bc36-4097ffb8f826,d576c844-fee0-44c0-9f4f-1a171956ef91,23185641.437066797,23185641.518751256,23185648.122012433,71,256,0.08168445900082588,6.603261176496744,0
c0576532-e6d8-484e-b5e1-c6da41b9164f,4dfe9a8f-dd86-4678-9c47-7e8062757414,23185641.604385544,23185641.81390707,23185648.4566634,610,256,0.20952152460813522,6.6427563317120075,0
d3b93dc5-da21-48a3-875e-2fb00df8573d,30c8fdc0-595a-4a23-aaad-85c704a1bfe0,23185641.771839198,23185641.815871477,23185648.456806436,38,256,0.04403227940201759,6.640934959053993,0
b844025f-3046-44cf-9a71-36f5592554cc,f4fb256a-47ea-4f82-964d-a959146e21bd,23185641.939289503,23185641.97247352,23185648.61287766,56,256,0.03318401798605919,6.640404138714075,0
7c4e8bb6-1bff-47b6-8e8e-15856bcb5f56,49f4f57b-28cc-4cea-ab2b-24b6fad8138f,23185642.107005965,23185642.188747004,23185648.819284666,175,256,0.08174103870987892,6.630537662655115,0
0cb0f642-b162-4085-b517-95c818bb8558,ce352660-d7ad-47cb-9c2e-cc81e4b63118,23185642.274451114,23185642.410757836,23185649.01298139,456,256,0.13630672171711922,6.602223552763462,0
dc3daf44-6951-4bef-a997-5a31653b6fe2,2b82735e-db1b-4a4a-a9c2-a07387020b3e,23185642.44263436,23185642.503517043,23185649.126294695,105,256,0.06088268384337425,6.6227776519954205,0
7f3fa1a1-123a-449b-a44d-67dd588bd62a,2b9ffa47-11e2-40f8-91bf-ca6671ce884d,23185642.60990481,23185643.130445085,23185649.63613231,1846,256,0.5205402746796608,6.505687225610018,0
dfbc1689-ab11-4efd-88b0-8ef75d3af158,a363d0dc-3b2e-40ec-a7d9-33f824660bd6,23185642.777384333,23185643.575841926,23185649.957776044,1779,256,0.7984575927257538,6.381934117525816,0
47adf0fc-1e8c-4892-8ae2-ab6feead5b9c,2e0bd7d2-bb9e-4583-9b1c-59143cacf312,23185642.948270824,23185643.578439485,23185649.95789723,19,256,0.6301686614751816,6.379457745701075,0
9625e780-3849-4418-a094-4bf3575c6e75,4cb66dcd-3d13-4234-912b-da5e9061ea02,23185643.11581664,23185644.00421669,23185650.25429697,1748,256,0.8884000480175018,6.250080280005932,0
58b9e742-93b6-4802-9528-fa445355bae4,96fe0340-ddd0-4430-b679-d29abbeeaebe,23185643.28416613,23185644.00766973,23185650.261861097,30,256,0.7235035970807076,6.254191368818283,0
e925a902-6130-4413-96bc-c27d55fdcbfc,fa39ea63-f152-4623-96f1-61c7679bb796,23185643.618788436,23185644.0353742,23185650.278507333,59,256,0.4165857657790184,6.243133131414652,0
51071fca-2940-477c-b02f-afb27a51698e,a48f18a9-3d3a-45e0-b44a-3a9d289dfe99,23185643.451624002,23185644.036848817,23185650.278638676,33,256,0.5852248147130013,6.241789858788252,0
124033f4-635d-4060-a7d2-dce0b210f51b,028f9599-404d-47f8-ac9e-3e95b9a06a3a,23185643.786175538,23185644.060691703,23185650.296863116,67,256,0.27451616525650024,6.236171413213015,0
a894e502-edf6-404a-8771-83d683573ca2,1127cb88-ce6c-4e46-8d03-db2199d595f3,23185643.953855217,23185644.063255083,23185650.301358774,23,256,0.10939986631274223,6.238103691488504,0
7d65d3f1-e145-42d0-ab52-4d40cbeb6013,ddef28a0-3767-49f9-9708-6fec3f2bbd3a,23185644.121607464,23185644.168968257,23185650.41142354,29,256,0.04736079275608063,6.242455285042524,0
ffecab0c-5e77-4ccd-8a94-b7a234d65951,c711930c-0a1e-4de7-bfb2-c3b075ad0647,23185644.289191347,23185644.38597658,23185650.604464095,148,256,0.09678523242473602,6.21848751604557,0
fa9621f2-25df-4bea-8b3e-5839cfc94305,04802a32-49e5-43f1-aee8-892a30b144c6,23185644.45934534,23185644.613862142,23185650.80945156,263,256,0.15451680123806,6.195589419454336,0
082de976-c2f5-4992-be37-1fe33aea25ee,9d9e0de4-2830-4f97-93ab-dbaedc3a2ea3,23185644.62616312,23185644.678478096,23185650.86899113,36,256,0.05231497436761856,6.1905130334198475,0
1d28859b-d88b-4bb4-894d-c53569005cec,852e6955-4046-4215-b946-e49d82ab4208,23185644.793728232,23185644.845591497,23185651.042217202,21,256,0.05186326429247856,6.196625705808401,0
baa64f15-89c3-488e-b68c-2f27ca958bf6,39fb1350-65b9-4e50-bd7d-3dbf88800bca,23185644.960773576,23185645.020253476,23185651.214203957,49,256,0.05947989970445633,6.193950481712818,0
c5f49776-a993-4a99-8e4b-0578e4ea6c1a,7d3c62b5-7470-40c2-9f17-e1e3182a10e2,23185645.12870577,23185645.214087192,23185651.39969628,74,256,0.08538142219185829,6.185609087347984,0
53bb04ea-d76a-493d-a5b7-f1ddbdf11321,be359bf6-f1e8-4b11-a87e-8322e419a30e,23185645.296900462,23185645.58706216,23185651.697657887,982,256,0.29016169905662537,6.110595725476742,0
65a3cd98-f690-4bee-ac4f-7c500c3a8c24,3da72910-8c03-4275-b3aa-6060d1b32aa1,23185645.463735953,23185645.81012435,23185651.870214738,1293,256,0.34638839587569237,6.060090389102697,0
aeddb4e0-6d6c-45c0-b28f-611cbe7f0f0f,7b0e3fe0-7b77-47b7-9706-2c6d57375cc9,23185645.63113895,23185645.8647857,23185651.90793926,374,256,0.23364675045013428,6.043153557926416,0
01df3e46-a688-478d-9154-e159043c302b,cf2df507-9c12-487b-ae29-c1e704a0ef88,23185645.798832357,23185645.972964764,23185651.98518079,610,256,0.17413240671157837,6.012216027826071,0
69d6a405-7a43-4f72-a6b1-5180a2b9788f,d50d28b0-9ae7-4a4e-8b1e-71059f6a2259,23185650.50995148,23185650.548194885,23185652.086410236,11,76,0.038243405520915985,1.5382153503596783,0
8a07e902-b226-4374-9eb9-dfe280812375,84f0f0e1-318e-45f0-a810-78834cc97d3e,23185645.966653567,23185646.200782187,23185652.162621774,1033,256,0.23412862047553062,5.961839586496353,0
89aa36c5-63ab-4852-a6f7-eace95804872,44ac4b1e-4ce5-44f6-9d8e-815fd3372ad9,23185646.13376878,23185646.403365903,23185652.30776612,1034,256,0.2695971243083477,5.90440021827817,0
e3320997-235b-4bac-80ae-3dcc579a5499,8a75560d-7edd-4c48-8d99-4479feb7beaa,23185646.300987832,23185646.62330987,23185652.468411077,1326,256,0.3223220370709896,5.845101207494736,0
1fcd9ef2-7033-4221-96a7-64a5f503d28e,d55a44a3-bd7a-4745-943d-52f5eef9cd8d,23185646.468948968,23185646.74148516,23185652.547544528,672,256,0.27253619208931923,5.806059367954731,0
d00871ec-e458-4249-9b56-c076d57dbed9,70ceb03e-0023-4540-bce5-7739ae318c39,23185646.636189252,23185646.878908996,23185652.643622417,713,256,0.24271974340081215,5.764713421463966,0
1052db0b-8bee-4835-bce1-41c638f6d251,3342ffe4-c1c0-4cb6-8838-8a77ad288c16,23185646.972171463,23185647.062215284,23185652.766053762,70,256,0.0900438204407692,5.703838478773832,0
f8ae391b-adc8-4730-8636-66568fc6458a,6cdc01f6-057e-42a5-8386-58eda3832af3,23185646.80316459,23185647.061799522,23185652.766218167,663,256,0.25863493233919144,5.704418644309044,0
a9975e6d-20a0-4497-8391-146725ea4230,bb54006a-facc-4771-97c6-7a2ce87f3d46,23185647.14165237,23185647.536500566,23185653.114766214,1652,256,0.39484819397330284,5.578265648335218,0
a1e2ca58-35c4-4a47-97e8-0d45059e7201,faddc3bd-7bd1-4eaf-a629-617dc104576e,23185647.31052641,23185647.74360954,23185653.259317983,1048,256,0.4330831319093704,5.515708442777395,0
d66721ae-dbad-4a09-a2a9-d5bdbc9a19b4,935c6f1b-cf1b-4040-9fbc-49f15899a67a,23185647.477733813,23185648.087301604,23185653.497928567,1928,256,0.609567791223526,5.4106269627809525,0
d199d8f1-f96d-4660-ba91-81e56a08c666,316dc581-41f1-4092-bd06-888ffa1b234a,23185647.64529585,23185648.23204882,23185653.611044787,705,256,0.5867529697716236,5.378995966166258,0
02985570-0887-49c6-a1a5-52a94fee4cce,4f492882-2df8-40ff-8790-ca9cdc3bf8d0,23185647.81244998,23185648.289376915,23185653.661739033,312,256,0.47692693397402763,5.372362118214369,0
5a057d78-d6cb-4637-9cc6-c4e0d5a229ec,f4805aa6-81eb-403f-93c1-7a1ccbeec9b2,23185647.979332216,23185648.41127318,23185653.754053973,480,256,0.4319409653544426,5.342780791223049,0
e352646d-6101-44ac-a4b0-9a4e19de9ec7,ab06e934-21ec-4367-8149-6f37d0388322,23185648.14934275,23185648.41372243,23185653.757507678,45,256,0.26437968015670776,5.343785248696804,0
8078f708-b6b0-42f2-bd04-1688df0dcea4,c7fb1bc4-6cca-49ee-98c0-5e8a93087593,23185648.31691192,23185648.414927416,23185653.75768789,11,256,0.09801549464464188,5.342760473489761,0
b1151ef6-5987-4b72-9bab-247a20e8eb6f,98d24f01-4510-42c1-bc46-187237a78b94,23185648.483862784,23185648.535288043,23185653.903856445,15,256,0.0514252595603466,5.368568401783705,0
3a0c3004-b9fb-40f7-9ca3-39cd32caad11,13271a24-33f4-4020-90f2-4844482ff195,23185648.65676287,23185648.692267165,23185654.06609446,21,256,0.0355042964220047,5.373827297240496,0
1a773dca-a7fc-4a01-9ddd-991774106016,f9dd4d40-5f8a-439e-ad96-561e684f33b4,23185648.824504185,23185648.908018127,23185654.26536504,185,256,0.08351394161581993,5.357346914708614,0
0773afa4-89f5-43c9-b97a-6ead8094780b,73e8603a-d6cf-4cc3-be24-b67e93a5e3db,23185648.992098983,23185649.124222167,23185654.445548724,400,256,0.1321231834590435,5.321326557546854,0
ef86d6a2-19ab-4407-b900-4349f4a39719,0161719e-346a-4176-94ac-4139ac67764d,23185649.16049791,23185649.211705424,23185654.52375392,67,256,0.051207512617111206,5.312048494815826,0
239c3034-7b0c-4df1-a4f6-3cd2cc6a55e0,e369b1f1-2c71-4edd-8312-7b81f072c478,23185649.33258268,23185649.372858338,23185654.678762805,16,256,0.040275659412145615,5.305904466658831,0
522924e2-7192-43c5-a945-de0052ea4bad,60f69543-3ee6-4cc1-956a-041ba8283f37,23185649.50057867,23185649.634211823,23185654.891460218,422,256,0.13363315165042877,5.257248394191265,0
c2a9f122-74df-4be5-ba1b-adf9934f4209,7ff576dc-b95d-4289-b84e-f5e618edfcd2,23185649.668008853,23185649.806688964,23185655.02769739,370,256,0.1386801116168499,5.22100842744112,0
55bdd652-9241-4bbc-a18b-5e8f81595141,a7d1b9da-2f49-4a78-b3f9-ca5ce0b89bc1,23185649.83518741,23185649.88889174,23185655.104480993,25,256,0.05370433256030083,5.215589251369238,0
bd16eb81-853c-48f9-a4fa-95afb6cceaa6,35acde18-3678-4c0a-8753-6b2fb387e481,23185650.002223726,23185650.05103269,23185655.245023258,115,256,0.04880896210670471,5.19399056956172,0
fd86fb8f-ba36-4a72-ac29-cc1ab9e49e03,32d2bdae-f840-46db-9f5b-9210df4460be,23185650.175396413,23185650.21831354,23185655.601955116,67,256,0.04291712865233421,5.383641574531794,0
774de590-fdcb-4e3e-a7d2-8e2036449263,15da538e-9dbf-47bb-b6f6-e0a6b51cbddd,23185651.688482378,23185651.7585956,23185655.84148976,108,186,0.07011322304606438,4.082894157618284,0
ed301607-b7dc-4e36-819e-4f7713293bc9,5745427e-4dd9-4cd6-8d7a-a0d0c908b131,23185650.342299897,23185650.407526854,23185655.984848414,189,256,0.0652269572019577,5.57732155919075,0
57cfa2c1-1ca4-448b-9fcb-820c2ebc05a4,d2ca4792-a74c-47b6-897f-3dc25b4e72df,23185650.67724592,23185650.72491047,23185656.290894475,24,256,0.04766455292701721,5.5659840032458305,0
2a136762-0fef-4d66-9f99-2ed3a59d5865,96ec4228-d34f-4202-9f31-59017d1eff0f,23185650.84817276,23185650.92441615,23185656.465332,294,256,0.07624338939785957,5.540915850549936,0
0806846d-0240-4e7d-9c1d-5f2ee36168bd,1437e53e-fec9-48da-9ad9-8f89e0b89f28,23185651.01577826,23185651.09202648,23185656.61160393,250,256,0.07624822109937668,5.5195774510502815,0
6a6a49e0-99f7-4692-8aba-9e4e6a907d56,9c7b2985-dc6a-42c0-8a0e-d8d5c7324811,23185651.18363895,23185651.22900568,23185656.740212422,17,256,0.04536673054099083,5.511206742376089,0
e9c58ec7-bd89-40cf-921e-454916478f4b,208004a6-383c-46af-8322-fc8b27e63677,23185651.35384273,23185651.393027447,23185656.888048578,27,256,0.03918471559882164,5.495021130889654,0
ea1b93dc-0757-40ba-b32e-27f9ca01c039,940b41b7-c71c-4ab6-a899-14392920116c,23185651.521470856,23185651.571437098,23185657.055337276,18,256,0.0499662421643734,5.483900178223848,0
353f915f-9984-418c-baeb-4b2e593325bb,9c0c8405-70fd-4ece-8230-66ed9934503d,23185651.855899695,23185651.902466122,23185657.35826569,71,256,0.0465664267539978,5.45579956844449,0
e009c4b9-0df9-4029-b1e2-da79004b1bf7,bcaa1a80-cf73-4bf3-98e2-dcc31df44648,23185652.024108965,23185652.06238285,23185657.511450093,30,256,0.038273885846138,5.4490672424435616,0
840716f3-3783-41e9-9e80-d77e097c1aad,65808b6b-2d91-4e7e-975c-629474d6a738,23185652.191293992,23185652.24641499,23185657.691719756,30,256,0.05512099713087082,5.44530476629734,0
0f5b28b3-56a2-43e7-bdae-df302baab56c,2e497cb4-cc6d-4c63-bce9-df4dade2d874,23185656.400981717,23185656.442262672,23185657.766802672,11,71,0.04128095507621765,1.3245400004088879,0
c590efde-9b9d-4b2f-81cb-f6610ce34bca,5f2b9e72-3937-49df-89c6-72e6b47c4eab,23185652.35888884,23185652.406612262,23185657.90838551,20,256,0.047723423689603806,5.501773249357939,0
02bfc601-c58c-4d68-a629-7649cd2a6137,add48905-e49d-4120-93cf-d9557366324f,23185652.527714632,23185652.566777527,23185658.070879392,33,256,0.03906289488077164,5.504101864993572,0
1c098898-0ba4-4ab1-b815-2edfeeceedd5,a462c540-040f-4e40-8849-5689dc00de06,23185652.695746124,23185652.7403447,23185658.238890834,17,256,0.04459857568144798,5.49854613468051,0
2f62a71b-3592-44a0-879b-ce7bf509da5b,2d3bfba5-e5be-45c9-93c2-0bbc71d5c842,23185652.864036866,23185652.903627247,23185658.397624332,17,256,0.03959038108587265,5.49399708583951,0
05cfa672-a8b9-4462-83d2-ce1c9a455b63,1798ba1d-4be4-4ca5-93ce-07e93f6df551,23185653.03212856,23185653.076902516,23185658.57086464,29,256,0.04477395489811897,5.493962123990059,0
241492b6-9262-4346-b087-ee14693704d2,69d8d9ae-155d-4bd6-ad3f-06a8c9013d70,23185653.199584696,23185653.233232092,23185658.72355015,17,256,0.03364739567041397,5.490318056195974,0
a9878a9c-62cd-4ea4-9308-8a5bc887550f,19ffc7e5-d2a1-49cf-aaa9-a141824f9474,23185653.36720878,23185653.41821778,23185658.901597064,41,256,0.05100899934768677,5.483379285782576,0
6b20d941-7860-472e-853a-095376b65bd3,d45113e6-b0fe-4e2a-9f0f-2dd155032290,23185653.537981454,23185653.685656473,23185659.128072172,1012,256,0.1476750187575817,5.442415699362755,0
30a02a40-3bf9-4c18-a856-fb559e4fdf65,61e0f1f9-f8d3-49ec-9687-09b5bbc72148,23185653.70943994,23185653.8223648,23185659.2232626,504,256,0.11292485892772675,5.400897800922394,0
67861d1a-49ae-4dec-85ed-8a9f95dc458c,de79b912-6768-4332-b862-e19954a8c9de,23185653.877702028,23185653.932195164,23185659.31909661,105,256,0.05449313670396805,5.386901445686817,0
32067aee-d6bd-4a0a-8f39-403f524141d5,7d749261-9d9c-4693-af25-6be586557d4c,23185654.04904833,23185654.089855958,23185659.47376844,44,256,0.04080762714147568,5.383912481367588,0
4ff2972a-12b8-43b2-8cbc-eb203ac1a96a,fc0b96eb-521f-4214-ad96-761f5c776caf,23185654.216054033,23185654.267110314,23185659.647637796,34,256,0.051056280732154846,5.380527481436729,0
f4050c2d-2100-4bb2-b98c-1493cf82d68e,770aa843-fa75-412c-9767-8d58ff1aa190,23185654.386720683,23185654.421601757,23185659.82706058,58,256,0.034881073981523514,5.405458822846413,0
b0fe05ca-3a94-421a-96a7-b8a4f8e320f0,6388bfde-d071-4c2d-b9e7-b83d38fdc0e4,23185654.553701077,23185654.59913637,23185660.011410564,24,256,0.04543529450893402,5.412274193018675,0
bc613197-1a72-4e45-9e90-51b67b2eacf9,e2345d4f-6607-4ed7-a7a2-ed57204adee4,23185654.720877994,23185654.756494384,23185660.163442712,24,256,0.03561639040708542,5.4069483280181885,0
18d91ffe-0c43-4c9c-9605-52d429d143d2,2d21806a-d176-4bc0-b4a9-f0c536902fa0,23185654.891523376,23185654.929177478,23185660.335919023,58,256,0.037654101848602295,5.4067415446043015,0
475eed7a-ac88-412f-aaf5-b9e573d4ec46,55c7cd56-44c6-4373-8479-998d3c83215a,23185655.060135085,23185655.104760833,23185660.50668613,19,256,0.044625747948884964,5.401925295591354,0
beceb7ab-69db-4030-b848-94b62280af8a,94628b7d-f694-45c8-8fcf-9d5d73986987,23185655.226991672,23185655.647151165,23185660.82631607,1916,256,0.4201594926416874,5.179164905101061,0
eb369fa2-65df-42a7-ab14-58dfbc98d7a8,0f7816b2-186d-4058-9bba-37d6abddb4d7,23185655.896720994,23185655.963896517,23185660.951341435,20,256,0.06717552244663239,4.987444918602705,0
31b8b5b6-2b16-4bbe-aee6-83f7d400806f,f42cd5cc-f502-4c99-bd0a-9991c0aeaec4,23185655.56235286,23185655.96750863,23185660.957339242,88,256,0.4051557704806328,4.9898306131362915,0
041bf0f0-7b88-459b-9c8e-f87368d9befc,d7ea6048-f5ea-4968-a63f-003c869de4fa,23185655.72954203,23185655.96791321,23185660.95741845,19,256,0.23837118223309517,4.989505238831043,0
007a0635-23f0-4aaf-a144-ad59ed557b76,b58dc6bd-b37c-4b7b-b9d5-430db01a6910,23185655.393981073,23185655.96939438,23185660.957467873,1757,256,0.5754133053123951,4.988073494285345,0
13ad9581-73d9-447e-986a-c5738251fa5f,802ce626-4f9b-42c9-908e-7f67bba00fd2,23185656.064384,23185656.100619238,23185661.19042544,18,256,0.03623523935675621,5.089806202799082,0
8bf27fcd-e221-42f2-a8b6-0208cfad5126,bab8f141-e831-4513-aff5-55dd80067701,23185656.2338032,23185656.273782693,23185661.370131582,77,256,0.039979491382837296,5.096348889172077,0
b7054314-dc7e-499b-9856-157c77269ced,d5a3b6d6-3a9b-4997-ba78-e0a4a1103943,23185656.568064407,23185656.61218396,23185661.7295941,19,256,0.04411955177783966,5.117410141974688,0
8885f4a2-7773-47b6-be6b-a21c79ab17fd,a5258a47-707f-4d40-8f46-8f96fdeda404,23185656.73587025,23185656.777647868,23185661.899465803,18,256,0.04177761822938919,5.12181793525815,0
1db3e416-89dc-43fc-845e-cdc69a2733e6,5e43aacc-7953-4d34-9d89-d68fe6b4d95a,23185656.90391553,23185656.941825956,23185662.06957718,17,256,0.037910427898168564,5.127751223742962,0
3bc2b3fa-c570-4d6a-8261-c75912fd4df6,10684b1f-284b-4864-9bd8-f183e7ff0522,23185657.075691655,23185657.112879273,23185662.24547437,22,256,0.037187617272138596,5.132595095783472,0
db1c4368-d994-4626-8a45-12e0b2816de9,735674c4-4061-4ca8-9da5-adf76489b99a,23185657.243459705,23185657.280084938,23185662.413649667,17,256,0.03662523254752159,5.133564729243517,0
5644b8b9-d159-4d05-92ee-86a23ead37bd,dc4279c9-abb7-4eb4-be95-8c7923a1308c,23185657.41138498,23185657.451130744,23185662.584597353,35,256,0.0397457629442215,5.133466608822346,0
3ecd1d59-df35-48b9-9a90-c665cbd113fc,052c0829-1137-4379-81b3-3ebf1ceb2ac3,23185657.578233637,23185657.62716559,23185662.756502666,76,256,0.04893195256590843,5.129337076097727,0
f814fa3a-8c8c-4d85-8817-c7f718791e6e,0d6ebf6e-b886-4ec3-8305-6c3ca6430166,23185657.747478116,23185657.889484636,23185662.948190216,693,256,0.1420065201818943,5.0587055794894695,0
cc4260c0-8de9-4f7e-8051-fa3a73722dcf,576378c4-400d-4801-ab8c-33e4e155dfcd,23185657.915013965,23185657.97299213,23185663.023655273,156,256,0.05797816440463066,5.050663143396378,0
a722acd4-8245-4819-97cb-1de9addaaa4d,313e6b2a-ed6e-4b1a-aa0e-379be27ce0e5,23185658.082162477,23185658.129580744,23185663.1810274,28,256,0.0474182665348053,5.051446657627821,0
faa2a350-c87b-4905-9607-ffa46ff1ebed,02ebf4f1-a27d-4eb4-abe9-d8f081b0c875,23185658.24929503,23185658.29763985,23185663.355571385,21,256,0.048344820737838745,5.057931534945965,0
42bdb301-d3da-4b2e-9f2c-c016cdfa06ef,aa7c94b9-eb75-4648-90a8-4b29aaefd721,23185658.418760817,23185658.458170608,23185663.510910533,29,256,0.03940979018807411,5.052739925682545,0
8a6d7ef5-ffaa-4f41-84fc-41304283811f,bbf9ffe0-c154-4d15-a1aa-01dcf919da0c,23185658.587549847,23185658.62770935,23185663.70890264,25,256,0.04015950486063957,5.081193286925554,0
a410ec55-594e-466a-bd20-ef75b90c7458,9af49441-b97e-42fb-b2cc-43cc69c78818,23185658.754571315,23185658.800724454,23185663.885043204,17,256,0.04615313932299614,5.084318749606609,0
12349e02-1d27-43aa-bcca-89b485ca1b24,324237f8-7eae-4298-8757-e1816adb76bd,23185658.922162607,23185658.961021904,23185664.042160556,47,256,0.0388592965900898,5.081138651818037,0
f7e4881a-3214-4974-9e3e-30d4f4dddbe7,e8b8b5ca-0136-4105-816f-d5a363223109,23185659.091162343,23185659.12673605,23185664.21026194,18,256,0.03557370603084564,5.083525892347097,0
40373706-c7d9-47bb-acd9-a12e53bc9586,6ccfc653-0795-4f3c-b6a1-861b98837fb5,23185659.261151623,23185659.296140727,23185664.38961646,22,256,0.03498910367488861,5.093475732952356,0
098d2947-c7e2-43fe-b997-c6d66b0fa290,3c5c7ab5-95bf-4132-b7fe-11cb764ce805,23185659.429657396,23185659.47036068,23185664.555034433,25,256,0.04070328548550606,5.084673751145601,0
4c6ecb4f-f5ff-4b96-9639-402f9dc967c4,145d0edd-7894-4586-9d27-ea0f3d2ca2a7,23185659.598143145,23185659.64605102,23185664.731270786,20,256,0.04790787398815155,5.085219766944647,0
d6350b61-57d8-48da-afcd-0b16b36143ad,b22eb189-f1da-48bd-94c1-dc6243cb9f42,23185659.76553219,23185659.852658655,23185664.906687506,294,256,0.0871264636516571,5.05402885004878,0
d0a8a85a-598c-42ce-a912-36231f8f751e,411a694b-cd41-41c9-8067-ae5103b99113,23185659.93271506,23185659.971447255,23185665.031846013,82,256,0.038732197135686874,5.060398757457733,0
2227809e-931e-4849-a8cb-f79698fa8ba5,4805dab7-be81-4a53-880c-bf8eb3b70125,23185660.101303596,23185660.13998502,23185665.204581525,26,256,0.03868142515420914,5.064596503973007,0
6c4ce071-0b38-41c7-a1f2-af9602c3c2af,530f80bb-f60f-4940-b577-abd82778ac48,23185660.26847128,23185660.31420714,23185665.379842266,51,256,0.045735862106084824,5.065635126084089,0
03083d8c-9676-4109-8042-ff4d0e2b94f6,bc8ce623-ea96-4748-8e71-280eec1464b1,23185660.43579914,23185660.488078274,23185665.55371801,27,256,0.05227913334965706,5.065639737993479,0
3544bafb-dec2-48c4-94ce-8d388373e4e3,0250476f-fb87-4b1f-b384-b2f0dd8ad7ea,23185660.603305995,23185660.651684403,23185665.735772334,125,256,0.04837840795516968,5.084087930619717,0
9f105916-4a2b-476c-860e-90b4ed635cf4,69f3fbba-dcc9-4520-82db-88238acdeceb,23185660.770662073,23185660.823517084,23185665.994636428,55,256,0.05285501107573509,5.1711193434894085,0
73237c0a-55bb-4723-b7ab-270b8f2f1d7a,6720c588-8c08-4211-a6bf-c60cb3ac8c90,23185660.93791326,23185661.151293956,23185666.253972325,1022,256,0.21338069438934326,5.102678369730711,0
60db6e74-5c82-42ab-b7a8-59e603977f22,42d20984-4049-4b13-be8e-f5903cc21864,23185661.105405945,23185661.15374509,23185666.256710056,28,256,0.04833914339542389,5.1029649674892426,0
e0521767-7749-4a3d-ac09-8042b5e5d3a9,b319f733-b611-4ec3-ba7c-3eaba8bcea76,23185661.272867665,23185661.30865847,23185666.412586235,78,256,0.03579080477356911,5.10392776504159,0
b7df916e-e05b-45a6-b6b5-7b9ef25b7e8a,cb61cc07-055f-44a1-b994-c648716b95f8,23185662.453216292,23185662.490626156,23185666.42797403,19,196,0.037409864366054535,3.937347874045372,0
a55c4a14-2c19-430e-8ef5-23b71287b88a,00d8c31e-f04d-4c8a-8683-5b1cf6b7099b,23185661.439926468,23185661.485798355,23185666.582719296,73,256,0.04587188735604286,5.096920941025019,0
a1e58cfa-27be-4b19-a174-9d1ab2107ba3,0eee993f-5957-4d9f-8a49-1d3790ce00b5,23185661.607540824,23185661.651989788,23185666.743612263,121,256,0.044448964297771454,5.0916224755346775,0
09551081-9df1-43a5-8f30-06ffbc2b82bd,3083b1e6-d285-4678-ad24-b99b464f1b0f,23185661.77614008,23185661.82402983,23185666.92147069,55,256,0.04788975045084953,5.0974408611655235,0
f1d0bf07-a1fc-4335-8f69-3e14377510b7,60b01cd6-1b57-4825-b147-4578f811f28f,23185661.943887763,23185661.995118804,23185667.089109853,64,256,0.05123104155063629,5.093991048634052,0
0160faeb-ca21-4081-acd6-6731ce020f06,c2f0f681-99e6-47e3-9bdf-609681cf2698,23185662.11137868,23185662.14676217,23185667.239891045,44,256,0.03538348898291588,5.093128874897957,0
79849f93-c015-4047-a164-8b108760b598,e250b706-601e-43ad-9b22-c370ae73ae88,23185662.282837626,23185662.31900081,23185667.413829368,11,256,0.03616318479180336,5.094828557223082,0
0d271b31-32e6-476b-ba13-8aa614eedab5,3262cdae-24f9-4d4d-a5ab-8a501d82a506,23185662.62483736,23185662.660762824,23185667.765702713,60,256,0.03592546284198761,5.104939889162779,0
8380d761-bbd6-4036-8a34-2dab71b9dec1,f82a2f0d-6404-4a81-9406-c20f5b64c72d,23185662.796147466,23185662.832809575,23185667.936812725,19,256,0.036662109196186066,5.104003150016069,0
594bb2a8-5505-47a7-b3f1-0b67d152c46e,8942ccf2-dd00-4c9b-bfed-2fde74bf5826,23185662.966875046,23185663.006610237,23185668.11012791,37,256,0.03973519057035446,5.103517673909664,0
ce93a2f8-9fa7-4b86-8056-2c4d9c400e22,6d4a825f-bec6-4edd-82dc-767e5c6b36f0,23185663.135300368,23185663.17713873,23185668.276955463,36,256,0.04183836281299591,5.099816732108593,0
8025648c-bb54-407f-a68e-1ca589e886c8,09ed28f2-a50d-44d3-9212-a420378ab75e,23185663.304061696,23185663.357616656,23185668.45126499,175,256,0.0535549595952034,5.093648333102465,0
366a1db0-1224-41f5-bd65-98bac55e6218,8638b868-1e89-45c6-a8e2-01580b69b700,23185663.472348135,23185663.506153874,23185668.600946322,13,256,0.033805739134550095,5.094792447984219,0
29577b78-4269-479d-9307-a1b9d66fbd4e,9e104477-ef60-40e8-9879-b80a311705f8,23185663.64417211,23185663.72952489,23185668.89173325,266,256,0.08535278216004372,5.16220835968852,0
ed7495ad-108e-4886-b632-89eecd66014d,0c0b3d30-33d6-4d92-8304-4226acc7be8c,23185663.811785955,23185663.866642363,23185669.023602452,135,256,0.05485640838742256,5.156960088759661,0
1751764c-d3c0-41f0-9d6a-43b2b72e6e9e,58ffd2a2-7a65-4056-a138-a5e5a143bec5,23185663.980264097,23185664.017803706,23185669.18751848,14,256,0.037539608776569366,5.169714774936438,0
53ff3cb3-011a-4f5f-9159-52a4c939030c,960409da-5d70-49ae-86d5-ab2596b4662a,23185664.14775537,23185664.194465395,23185669.52170944,18,256,0.046710025519132614,5.32724404335022,0
818f29ab-c1c7-41b6-9bed-6c8de7c4fd54,2fd51083-e162-4e8c-9364-2ba99197f592,23185664.314871155,23185664.36355637,23185669.8036735,20,256,0.048685215413570404,5.4401171281933784,0
cbfa2a2a-eb19-494f-9d4c-59d54421d0d4,72a7ad23-fd65-4042-8bb8-cf4093520895,23185664.481930744,23185664.515240245,23185669.961223852,29,256,0.03330950066447258,5.445983607321978,0
118631f6-bc30-4bc0-8865-e8c19b587817,e0cc1eb4-84d7-4dd4-bfe8-a6c8658ac88b,23185667.334307466,23185667.373002283,23185669.980068948,11,117,0.03869481757283211,2.6070666648447514,0
cb4b6319-1a44-426c-a4c4-7d1c062c6cea,9f829dda-2f0e-43bf-823d-fb02c0205834,23185666.99772361,23185667.033040214,23185669.980165225,11,135,0.03531660512089729,2.9471250101923943,0
f6e31d5d-3c9f-43a1-909e-11d4599aa04d,b7918d87-4b39-4c97-8a34-a1143a646bad,23185664.653109983,23185664.689860422,23185670.134498883,74,256,0.036750439554452896,5.4446384608745575,0
e2170450-6554-4282-bdce-8398aca5fdc7,93055433-e576-4db4-a76c-1b2eddb2e633,23185666.159243092,23185666.198540103,23185670.27372448,11,193,0.039297010749578476,4.075184378772974,0
54a94a16-3ac3-40ef-b35b-186bd3186765,876a8756-e22f-4dab-9956-8ec7a80cd041,23185664.820194714,23185664.867051568,23185670.315157536,40,256,0.04685685411095619,5.448105968534946,0
33074b24-bb69-476b-9607-1a9e77690687,4f92d0c9-1055-4c86-9bc7-9809f48ebacf,23185664.987200666,23185665.031219177,23185670.476145204,103,256,0.04401851072907448,5.444926027208567,0
ea254140-b0d3-43e2-bb52-8f10e8598b65,73007013-e0d6-49da-af1c-a3fbb0e76edd,23185665.15403161,23185665.206610296,23185670.652602937,45,256,0.05257868766784668,5.445992641150951,0
787d1084-ab03-424b-83cc-7d59e8fb27ce,316a2cc2-d966-4c91-a126-c59026ac3a15,23185665.321315173,23185665.356708504,23185670.807195254,40,256,0.035393331199884415,5.450486749410629,0
6d6bca61-202e-42d3-a9f3-953e2807e576,8bb5db76-1644-4cbe-8c0c-f839e5a1d043,23185665.488774385,23185665.53161073,23185670.985351935,25,256,0.04283634573221207,5.453741203993559,0
30b50f40-937e-4647-916c-0d8a640a2439,cc98dcb5-d6db-4893-9f33-019cfdc10ced,23185665.656374983,23185665.756122567,23185671.18214043,307,256,0.09974758327007294,5.426017861813307,0
feee6db1-1c9a-464b-a331-f39299580673,1612fbf6-161f-4fd4-b058-4bac82e4a010,23185665.823490944,23185666.067404043,23185671.379173707,1211,256,0.24391309916973114,5.311769664287567,0
21ab38f8-8e60-402e-ba03-69cf2eb7d772,6eeaf1f1-ac1f-4fb3-9f97-2f659c69491b,23185665.991068028,23185666.068609733,23185671.37915334,11,256,0.07754170522093773,5.310543607920408,0
ef3f1d53-4323-4f60-8756-72c00f46031b,954a7009-afa9-41e9-82c6-1759c753bed7,23185666.32736423,23185666.37155261,23185671.6911734,53,256,0.04418838024139404,5.319620791822672,0
98556436-0a77-4672-8ed9-311cdc3c52e0,bdc651c2-3663-45f0-96c8-8bab7c8a6aaf,23185666.49518662,23185666.54159776,23185671.892729692,53,256,0.046411141753196716,5.351131930947304,0
e0039009-8994-4b6d-af0d-e8dea96429ba,1ed283c8-1e38-4a82-80a8-b62b1ecbe693,23185666.662639853,23185666.703200225,23185672.052721683,131,256,0.04056037217378616,5.349521458148956,0
7e97f0d7-f836-4e96-8f91-66755a6d1e64,cb9a37a4-a261-4af8-b04e-71975265d99b,23185666.830008436,23185666.880562916,23185672.235968452,175,256,0.05055448040366173,5.355405535548925,0
1b54871a-a5c8-4ea8-a802-ca1d52c97489,01d098cd-c661-4980-b409-b92c40c543ad,23185667.16676291,23185667.204209775,23185672.56927994,38,256,0.03744686394929886,5.365070164203644,0
5ea2d08d-1cc9-4aec-8c15-b2c15df15132,570a6f49-a4c2-4608-ba86-dbce5f9e16a3,23185667.501798585,23185667.546169784,23185672.928261377,18,256,0.04437119886279106,5.3820915929973125,0
38e74c13-f189-44e1-bd27-33de32ac6e3f,39b27013-cdd0-4be1-ba0e-f786f5621fc5,23185667.66882344,23185667.728828516,23185673.099249322,110,256,0.060005076229572296,5.370420806109905,0
e6703c8a-fd13-4ec4-84e1-a2753da47e2c,a06f1083-41d8-47cc-bf3e-aa1db11f8019,23185667.836206056,23185667.87813193,23185673.246743947,12,256,0.04192587360739708,5.368612017482519,0
8568a4a9-7b57-4742-9508-dc0cace5e966,c828b83d-2f85-45aa-b471-d9b8064346de,23185668.0038444,23185668.049873684,23185673.417574316,13,256,0.046029284596443176,5.367700632661581,0
e53f7ca4-ab66-4a61-8e16-7a7ea323ddd4,d5ffb69d-1cc1-4bae-935e-111c75170ebf,23185668.171609104,23185668.204404093,23185673.57039681,25,256,0.03279498964548111,5.365992717444897,0
1cf9ef93-0da5-4245-94dd-83752342b11d,c88ac102-9ccf-445a-854b-bddb0d7159bb,23185668.33913476,23185668.37301642,23185673.738545213,19,256,0.03388166055083275,5.365528792142868,0
4d6df503-bb34-4e34-ace0-8be06f429462,7a80cf20-9004-4467-bc00-74c37f06b4b4,23185668.50829981,23185668.545206822,23185673.914682403,14,256,0.03690701350569725,5.369475580751896,0
e4509f33-386d-4557-9cae-73f819fd0c13,cfa2bb1d-3405-4dd7-a63f-eaf655b0cd68,23185668.675509825,23185668.866121102,23185674.142269485,972,256,0.19061127677559853,5.27614838257432,0
afaf8168-6628-490a-ae7a-c3ca6782ea3b,2edc05ab-0cbb-4b88-b87e-927fb1c7adab,23185668.845081124,23185668.88963916,23185674.16630312,55,256,0.04455803707242012,5.276663959026337,0
167e9c71-fe6c-4b4d-9b64-ab78b2aa9250,4ff2a6db-9016-4015-911d-694ba0b03e5f,23185669.011880413,23185669.07422539,23185674.341108575,138,256,0.062344975769519806,5.266883186995983,0
1be5e18b-b67f-4ed6-8d2d-c80ae7793d66,61e53788-c6c7-4a7a-a273-8f71afa25360,23185669.34683303,23185669.47760707,23185674.58837792,126,256,0.13077403977513313,5.110770847648382,0
a52fa757-0fa4-4ba3-a98a-5207feae534e,5ee7912f-6d06-4ce6-9932-9ab6ff839528,23185669.179282524,23185669.479647122,23185674.59238541,1362,256,0.3003645986318588,5.112738288938999,0
cd7cc20e-777f-413d-94f9-f0dde917be9c,e2b09502-4242-46a8-816e-a58766ab62e2,23185669.514751192,23185669.77965918,23185674.78466522,1377,256,0.26490798965096474,5.0050060376524925,0
05211674-aab8-41e5-b193-778368bef16e,ae1a3967-51c9-4fed-b28f-3ddbfaa1d05d,23185669.68341933,23185669.784023613,23185674.788039993,42,256,0.10060428455471992,5.004016380757093,0
e5fcfa6e-c8e8-4c5c-8ef4-bfa830d04d54,4270f6e4-1050-460d-9fda-a5a00d5e49aa,23185669.852044035,23185669.89685412,23185674.90336791,52,256,0.044810086488723755,5.00651378929615,0
46347e38-83c1-43e5-8994-acd054e83dd0,a0a1e814-510b-4d3e-adf4-e133411cd11c,23185670.01907515,23185670.054214716,23185675.06820306,25,256,0.03513956442475319,5.013988345861435,0
2b7f55c1-4112-4944-88d4-9eed05a4b5d3,1e05f617-a7ed-4a9c-ae1b-1a46a2d47ee4,23185670.18642547,23185670.231841348,23185675.247368872,80,256,0.04541587829589844,5.0155275240540504,0
155dec99-0bb6-4f97-a06b-fc8c55a4b7ac,3cc40758-0ab6-45e2-9d9f-9878474e85ac,23185670.355700217,23185670.398747377,23185675.428254664,79,256,0.043047159910202026,5.029507286846638,0
b171f151-9bdb-43c8-a51f-37181c37a695,f9411ef6-f6e9-4eca-aea5-de696f04aa39,23185670.52308836,23185670.572529566,23185675.60956129,30,256,0.04944120720028877,5.037031725049019,0
7ea3e4b0-2f62-4d93-b704-bfdbe6eb30e8,8cc5be98-58c9-4906-bfd7-e4ef7f08982c,23185670.691897683,23185670.730714876,23185675.9489125,30,256,0.03881719335913658,5.218197625130415,0
b2129fb4-642d-4d3e-939d-a8af8302710e,bad7398e-d9fd-485a-8d67-ca47e455e658,23185670.859635495,23185670.90753233,23185676.1226863,20,256,0.04789683595299721,5.215153969824314,0
40293785-9418-4eed-8154-d9e4444acc7f,7d2afbbc-3f6f-4912-8985-f2b07b6cb999,23185674.383691587,23185674.439035643,23185676.258021712,11,83,0.05534405633807182,1.8189860694110394,0
1c3e79ee-3ac8-4b36-8828-3d84183d237e,2ce329dc-3d16-4661-8978-f7ad36b1bd43,23185671.027185436,23185671.060608942,23185676.28229205,67,256,0.03342350572347641,5.221683107316494,0
8f4fa241-4f53-4828-a743-5bb40e68b663,f653bb57-672d-4355-82d2-eb12c361034a,23185671.19436469,23185671.23946597,23185676.464666203,20,256,0.04510128125548363,5.225200232118368,0
4c1e2083-d3c5-45a5-86f5-448faf0fa2ab,2cee8877-a34c-4877-84a2-f33d22183100,23185671.361554433,23185671.400288936,23185676.624617476,25,256,0.03873450309038162,5.22432854026556,0
bb23c162-6071-46bf-a099-cc5a22b94bd2,c1e633b2-6851-4031-b8ab-8a4bf887c056,23185671.529020753,23185671.571891718,23185676.8078252,12,256,0.04287096485495567,5.235933482646942,0
f43947f5-ce9f-4e9b-8c07-eb4c93d8620f,f0542778-a0b7-4fa7-8085-46dafb9c49c8,23185671.69642337,23185671.798117574,23185677.042994563,286,256,0.10169420391321182,5.244876988232136,0
4a93832e-a449-4161-b474-c4060bcd46a6,e5e61c66-ed24-4cb0-9aa7-49618625cd17,23185671.86343502,23185671.91255052,23185677.158169877,73,256,0.04911550134420395,5.245619356632233,0
5b5c155a-83d8-4b57-9ae4-1d8b6751c5d2,b9e48139-39b0-4391-ad92-71e000295cd6,23185672.03228256,23185672.07707176,23185677.315806974,132,256,0.04478919878602028,5.238735213875771,0
eb77d73e-3ae7-470c-919d-0e71f60c3653,7261e113-77a7-40d6-b2a5-f9a17f2a800a,23185672.1994949,23185672.23723773,23185677.48457197,46,256,0.03774283081293106,5.247334241867065,0
9f3364f9-d4e2-4882-9767-2a0b30be72cb,c4e977ad-e85e-40d2-ac42-d14f12cb129d,23185672.366669945,23185672.413098894,23185677.69167308,27,256,0.046428948640823364,5.27857418730855,0
90a38f9e-ac56-4f51-9934-0742d494b481,53ce96f8-462e-476f-82d6-4edfab906e10,23185672.534121815,23185672.589245703,23185677.863512833,20,256,0.055123887956142426,5.274267129600048,0
42e3467e-1a4d-4e14-b7fe-7dde0b334195,b5e3fa12-8e0a-4dab-b6af-b5152402646c,23185672.702565618,23185672.754784692,23185678.022018116,105,256,0.052219074219465256,5.267233423888683,0
3bb4b957-bbb1-402f-85c4-c56ebe487e7a,b87396e7-446b-4bb1-bc8d-02582947fcec,23185672.8694359,23185672.90752572,23185678.175372645,41,256,0.038089819252491,5.267846927046776,0
b665858e-14dc-4a6b-b183-f6225bade4f0,7a99b581-3cd0-43a3-b598-cd215ed175e5,23185673.03985749,23185673.07671114,23185678.347750355,23,256,0.03685364872217178,5.271039213985205,0
18f8f4ca-4908-47b4-a920-fe87859ed3a7,c20e703c-9e18-48d0-8206-646398cb8f88,23185673.20968318,23185673.247470863,23185678.52136322,63,256,0.03778768330812454,5.273892357945442,0
48bd1305-22bc-419a-92fb-2e76f10f9b5e,47ff6bff-99fc-4406-a3d2-cea69f315b46,23185673.3777929,23185673.433594584,23185678.71102407,29,256,0.05580168589949608,5.277429483830929,0
bbe7fc4b-5fc7-4fc5-a0c1-8b289db1951b,23a6e6c1-64cd-4fe4-a624-8ff45cac69f5,23185673.545612685,23185673.58706963,23185678.86806893,21,256,0.04145694524049759,5.280999299138784,0
145b968d-8933-41ad-a9a4-329f360262c9,d018cea4-77cd-44d3-a7bc-11d796c40a71,23185673.713037703,23185673.76254684,23185679.04674296,58,256,0.049509137868881226,5.2841961197555065,0
72028bee-c16f-4f32-9b97-c698561c1568,e2bed2d5-47ba-420f-aa7d-36c372495430,23185673.88013212,23185673.93029322,23185679.342720695,13,256,0.050161100924015045,5.412427473813295,0
a397d40c-2c20-47fc-a181-5e3579fcb3d9,ac92a1cb-2ed3-4c2c-a358-97f1fffa0d1d,23185674.047428824,23185674.084285684,23185679.497151345,63,256,0.03685685992240906,5.412865661084652,0
899936cf-8e82-4bb7-b19f-89c608869d39,fdbbdb41-0f76-4efc-891a-7ada73000939,23185674.21441308,23185674.259526,23185679.75387642,57,256,0.04511291906237602,5.4943504221737385,0
850d357c-a563-45ae-9a9e-8157aab845c9,703ff0e5-f6bb-40a7-81dd-f15833315a86,23185674.552945588,23185674.592047844,23185680.12200094,88,256,0.039102256298065186,5.529953096061945,0
accf7ed2-b5fc-468b-845a-f9c660a1a154,6ee55a73-0f23-4e59-a2e4-5dfeb7f62d02,23185674.72033983,23185674.764464606,23185680.29586336,41,256,0.044124774634838104,5.531398754566908,0
86aa85d3-2aa1-4168-87ce-ffa4d52e1a1f,dcb230f0-0516-4b69-9285-3d1134d1df32,23185676.908412796,23185677.004062038,23185680.299678043,371,156,0.09564924240112305,3.295616004616022,0
4cbdac39-1efc-4fac-90ba-10d293802bee,b0c3d402-c282-4ebc-aaab-0da0aec17d31,23185674.887814704,23185674.92728895,23185680.440959677,170,256,0.0394742451608181,5.513670727610588,0
cdfd2b81-dcaf-4c07-9d1d-b6104c4dafb2,68ff6d84-35b4-4f4f-ad02-80e63c70edb3,23185675.054982528,23185675.09070412,23185680.594304346,28,256,0.03572159260511398,5.503600224852562,0
3ae21233-36da-4427-84eb-4e8c5eede6e3,565de89c-cd8e-4aa5-8686-8c8226edb892,23185675.22345424,23185675.310422473,23185680.777356885,270,256,0.08696823194622993,5.466934412717819,0
a7e1e4f9-e057-4ae3-b2f7-b0d2fdfdaf5b,b783a8cb-e69b-4123-a6d6-2e6bacea7df5,23185675.394593775,23185675.42636205,23185680.889540706,33,256,0.03176827356219292,5.4631786569952965,0
e5723ccf-f55a-4daa-a76a-c01bbd4b4583,00e79d76-6761-44fd-a61d-f94df118453f,23185675.563277178,23185675.92319708,23185681.193941563,1707,256,0.3599199019372463,5.270744483917952,0
4242d45b-2573-41ba-be4c-263789d2a523,2b322ad8-5c7d-489a-8bfa-461d8ed17faa,23185675.73125458,23185675.925260324,23185681.196657304,46,256,0.19400574266910553,5.271396979689598,0
f2b39e07-85c7-456a-bd4b-ec8f4fd822a8,c2abef16-9ef1-48db-b31c-38b1b446a6a1,23185675.899714798,23185675.944383472,23185681.212301847,52,256,0.04466867446899414,5.26791837438941,0
93753562-2ed6-473e-b446-a907da2354ea,525e5fa6-e081-4e13-8835-b42ca6c312e9,23185676.06659992,23185676.10351805,23185681.36612851,35,256,0.03691812977194786,5.262610461562872,0
f93edbd4-f8de-4913-924f-1ddd1438518d,7a52ae4e-5d1b-46d4-b268-3b42fe7b621f,23185677.076564793,23185677.121832456,23185681.423878744,22,210,0.04526766389608383,4.302046287804842,0
3151ddc3-a0fa-4c51-8d07-13b3fb2317e3,8f8633a6-b997-4bc8-8a00-008bc8e2e31f,23185678.251473907,23185678.286965404,23185681.498575635,11,156,0.035491496324539185,3.2116102315485477,0
da183d2e-0f62-4dff-8561-5ce80bd940d5,db9f31b8-1de0-445b-b4f5-b4ee9a9d7f4f,23185676.237626616,23185676.286552045,23185681.53883708,110,256,0.048925429582595825,5.252285033464432,0
edef041f-2de5-49c6-b81f-bedc3a7c5bb8,17c93725-296f-4639-9afc-be0952e42cbb,23185676.405561745,23185676.447418977,23185681.69436783,35,256,0.04185723140835762,5.246948853135109,0
6014c395-a57a-4df0-baea-c9fcb9052bba,b6349303-9c2d-4943-9ec6-defc26a458cd,23185676.572476715,23185676.619404867,23185681.862421643,15,256,0.046928152441978455,5.24301677569747,0
6366b5c7-017c-4df6-8906-2ebbed887a6a,002250d4-d07d-4e3d-9ca2-add277a4aaa8,23185676.741392847,23185676.785511836,23185682.02625313,146,256,0.04411898925900459,5.240741293877363,0
086b174a-5df9-44b0-bc10-68780d090076,ea2b8196-f04d-46b2-b40e-9115dc7f26f0,23185677.24396567,23185677.296095673,23185682.525117926,69,256,0.05213000252842903,5.22902225330472,0
0f092eb4-8cba-4ea8-a03a-0f021eaf5a7a,1af74d63-e58b-4c36-ad24-794fa2011711,23185677.41145662,23185677.46007825,23185682.67797687,137,256,0.048621632158756256,5.217898618429899,0
14c82a1a-10b1-454f-a8f5-8ef88c1b4eff,d492e8ae-d59e-466a-83d7-8cceb620a010,23185677.582500923,23185677.669067536,23185682.854712367,275,256,0.08656661212444305,5.185644831508398,0
f698ead7-f495-4e15-99aa-7e6b3d3d6968,ee9f8ea8-8076-4d82-a9fa-f152620f1042,23185678.58578328,23185678.6350721,23185682.931564733,11,210,0.04928882047533989,4.296492632478476,0
6f649f13-6a89-48e4-b4b9-1f5cdde777f9,accecb12-102e-4691-8714-53660da168f7,23185677.749692786,23185677.788093686,23185682.969864715,24,256,0.03840089961886406,5.181771028786898,0
cb26ceac-fed2-498c-8756-aaa935da7d12,5b93c852-1aaa-4cb3-b9a3-586c2c42aa93,23185677.917065874,23185677.960448295,23185683.14522456,90,256,0.043382421135902405,5.1847762651741505,0
39ac90f4-35df-49f5-8267-05790d33beee,8111e9ea-3617-4385-b5f8-ca52e5a1ffd8,23185678.08421687,23185678.134358704,23185683.316596203,28,256,0.0501418337225914,5.1822374984622,0
c2b25653-5b0d-4985-898a-b1f908539026,0305d395-b614-4e80-b64e-5d431ae8f8af,23185678.41861629,23185678.461444706,23185683.64387229,11,256,0.04282841458916664,5.1824275851249695,0
301fc15f-ea2d-490b-936c-f4e0e52ce705,0e31ef64-febf-4775-a4b0-7a0c177a70c6,23185678.753352992,23185678.786077566,23185683.96977247,17,256,0.03272457420825958,5.183694902807474,0
9bb41c2a-5138-4b0c-84c6-eab1fb5d1f51,f8068b70-e3c2-4417-887b-8fb51792cf1a,23185678.920508392,23185678.965794932,23185684.136877507,15,256,0.04528653994202614,5.171082574874163,0
a55fd4d7-68c0-47d6-bf9f-4ca03b5a20c6,0d540b92-ac64-4c3c-90d4-ca746b72f0fa,23185679.08747626,23185679.34468638,23185684.387555946,1181,256,0.2572101205587387,5.0428695641458035,0
6ee5fe11-f9a1-4d75-beac-1c3e243ac67a,dbd2636a-5619-4c03-b4d6-aef2d124679c,23185679.255065113,23185679.34494649,23185684.38764726,34,256,0.08988137543201447,5.04270077124238,0
3d0da685-bec8-4d78-8bae-2156bb41abf4,f5294503-e290-4a77-a7fb-86687a424005,23185679.422803342,23185679.45606319,23185684.496382944,25,256,0.03325984627008438,5.0403197556734085,0
24d09d73-aa8f-4904-8055-24ed84da0ee5,de5c6ce7-c873-408d-9ac6-00e0064c7479,23185679.759633742,23185679.828568432,23185684.739042178,57,256,0.06893469020724297,4.910473745316267,0
89be2936-c920-411e-8df6-3cfe1cc36cb0,e265e640-95bc-4576-ab10-219b5313bae9,23185679.592612114,23185679.83236645,23185684.743773203,1194,256,0.2397543378174305,4.911406751722097,0
b22670d2-c2d4-460a-a357-e84ab699f475,326df5c2-757d-4b7f-96cb-8435e1cc442b,23185679.92656977,23185679.964247014,23185684.876880016,93,256,0.03767724335193634,4.912633001804352,0
fb1ae0e2-f381-4b52-8355-ea0effbdce34,9d8784ed-0fb8-47a1-a59b-bcfe61dac3ee,23185680.09386132,23185680.13754286,23185685.04359072,35,256,0.043681539595127106,4.906047862023115,0
82bad1b3-86ce-414b-a676-d2ac80caa146,9fbaf33e-66f5-431d-bfbf-949e9a47efc0,23185680.26117456,23185680.297519594,23185685.19886632,22,256,0.03634503483772278,4.9013467244803905,0
c500434a-8dca-4745-96ca-e0ccd6aa61d0,daa091f4-8315-4532-96f3-f47bc26f74f2,23185680.428750597,23185680.461684596,23185685.36893992,18,256,0.032933998852968216,4.907255325466394,0
c7f2fb91-d51b-4fe9-8d4a-efa7f9aa7219,37c68f97-d40e-427d-862a-8ebd9827daa9,23185680.595530506,23185680.628713805,23185685.538190886,20,256,0.033183299005031586,4.9094770811498165,0
a91f09aa-b329-4196-82f3-fd74cc52ac3f,b47305ad-be12-47dd-ab16-78bd11d51d64,23185680.762988172,23185680.798682693,23185685.711357795,32,256,0.03569452092051506,4.912675101310015,0
0bfd7f92-4c75-4926-b393-7479a20cd7a8,0c3d3f8c-7130-4b7d-ad9a-5d9e43393ccb,23185680.930020183,23185680.964767236,23185685.87988013,14,256,0.03474705293774605,4.915112894028425,0
0ba2ea0e-aaf7-4109-9489-436a10914587,d82b0439-80a4-4da1-bd18-14215310430f,23185681.09862055,23185681.13284228,23185686.050465368,17,256,0.03422173112630844,4.917623087763786,0
104435d8-3ce7-4674-ac93-9e0f7122bcab,583d25ed-a794-4ad4-bab1-a27cc8576a20,23185681.27074548,23185681.30682142,23185686.221120954,26,256,0.03607594221830368,4.9142995327711105,0
aa549abe-1d1d-4d75-b3f0-e6757f4b72cc,674f74cb-2159-4395-a21e-99b50b8227b1,23185681.442679465,23185681.48234183,23185686.396244485,20,256,0.03966236487030983,4.913902655243874,0
52e50ef6-051b-4d8f-9fce-ad765fcc77bb,fbb25987-efac-4edf-a403-5617165a9890,23185681.610365316,23185681.654369503,23185686.560138963,37,256,0.04400418698787689,4.90576945990324,0
3777927a-053a-4629-9e74-d010f815e238,224602ed-79da-41b5-9463-e33af5822454,23185681.77782186,23185681.82824131,23185686.731276,18,256,0.05041944980621338,4.903034690767527,0
c8e23143-576f-41a3-aefa-3e97273f74b8,51ae94df-8027-4917-a596-8a1bbea5c83e,23185681.94484553,23185681.988708206,23185686.881369688,146,256,0.04386267438530922,4.892661482095718,0
c48373c8-7460-46ec-9b5c-e0acae6a0e66,fcf0b728-d113-45b3-986d-829c2e170e5a,23185682.111975744,23185682.16331237,23185687.05346346,71,256,0.0513366274535656,4.890151087194681,0
c16cbb43-e001-4bbf-b3d7-d96ae143bd38,52a0ed07-118c-4484-b6c7-31603a3db3bf,23185682.281738065,23185682.318183813,23185687.20051661,63,256,0.036445748060941696,4.882332798093557,0
67192cda-6c29-423c-aac0-f28ab329aa3e,1f9bac3c-8aeb-46df-9e92-3eba646b7c92,23185682.449178196,23185682.541979607,23185687.39034016,353,256,0.09280141070485115,4.848360553383827,0
d11b1eda-402d-4add-b1e9-bbb129b6cdcb,2ac9a48a-9965-48ba-83dc-b874e43186f5,23185682.616747312,23185682.661930874,23185687.5084069,22,256,0.045183561742305756,4.846476025879383,0
a75df139-5436-4e85-9aad-1436b566dd73,7f24e714-ae65-4bdd-b25e-245dcec348b8,23185682.78405906,23185682.832585886,23185687.69008505,47,256,0.0485268272459507,4.857499163597822,0
23696c18-1406-4ff8-8458-be7d8d5b4bca,5a29b8f2-e7d0-4df9-ad75-925e8b23329a,23185686.14684056,23185686.180318568,23185687.812786028,11,86,0.03347800672054291,1.6324674598872662,0
f62e7ea5-0dc6-4b88-9bac-38a774be9e4b,022b4616-1781-4ced-9603-47748f7b1c0b,23185682.951454263,23185682.987021588,23185687.849743053,24,256,0.03556732460856438,4.862721465528011,0
599bb9b6-a126-49ba-9a9f-7664d9343e62,81973c0c-b4a0-483b-88b7-019b271148d6,23185683.119283117,23185683.16241158,23185688.01981684,21,256,0.04312846437096596,4.857405256479979,0
8fc6e16e-0ae9-484a-8b67-c08172d94f11,1b1c9c94-cc37-4e91-a37e-8f8b38a0e761,23185683.28623124,23185683.33350858,23185688.191035215,19,256,0.04727734252810478,4.857526633888483,0
20841128-ffde-48d2-b829-a3e018bb6fe4,e42388b7-43e6-4d89-a396-90098ab5d636,23185683.453073535,23185683.48836173,23185688.34711948,15,256,0.03528819605708122,4.858757749199867,0
45baf728-cf2d-4c65-8e55-8ad4e873446b,2a267ae7-a0d5-4e31-ae47-48fbcc789c40,23185683.62393066,23185683.661095273,23185688.518095557,20,256,0.03716461360454559,4.857000283896923,0
c62f6ca5-7489-4892-9b0e-22197e287b1c,bfceb45f-95da-4daf-a8e9-1f6923cc4555,23185683.79151196,23185683.832020804,23185688.69002309,27,256,0.04050884395837784,4.858002286404371,0
95dcf5a4-2de9-4512-8970-30456b63184f,1e4505ec-431d-4805-9ff0-ae1dc9433025,23185683.95915058,23185684.003249142,23185688.860780243,28,256,0.044098563492298126,4.857531100511551,0
cfdf8428-1354-402f-9ff7-c2531293150e,235a2f67-3982-43bb-bdaa-b8e6496616a5,23185684.12638862,23185684.171226572,23185689.032732952,30,256,0.04483795166015625,4.861506380140781,0
3bd9df55-4cd1-4f91-9d5e-b93061d5f8e7,a48ac0fa-9893-4f39-941a-834bb90a4327,23185684.293777578,23185684.32688685,23185689.185998205,24,256,0.03310927376151085,4.859111353754997,0
0465aadc-32b7-4a65-a940-a810b79cffaa,df999797-cfe4-43fc-ac70-98f567fea721,23185684.461214453,23185684.497719098,23185689.36200664,17,256,0.03650464490056038,4.864287540316582,0
4ccba995-f1e2-45d7-b9e3-b8c80d21cac4,a226ee05-b1ca-4f5b-a5ad-cfd1dcc0c888,23185684.630043358,23185684.66436543,23185689.53444159,15,256,0.03432207182049751,4.870076160877943,0
527bcdf3-fc18-4c25-b248-aadee9c02b18,4b009fa3-8bf8-4607-a4ca-bb26a0bf5131,23185684.80009011,23185684.83817707,23185689.748350766,20,256,0.03808695822954178,4.910173695534468,0
b9c19599-07f7-41af-8306-5c3cc7e2dcdb,01ec5157-5217-4e46-92c4-4125ef86743d,23185684.971161563,23185685.00602688,23185689.920398366,20,256,0.03486531600356102,4.914371486753225,0
21631c03-e0a4-440d-ad56-dbbd58f5afd4,56dc4dd0-7fe0-46ea-bf46-5de64862f066,23185685.138466474,23185685.17778152,23185690.0947079,29,256,0.03931504487991333,4.916926380246878,0
a58af8b0-b901-4a8e-934e-ba626d9e3711,8b093346-61e0-481c-803f-0ee6a95907a3,23185685.305317335,23185685.34953193,23185690.31055299,18,256,0.04421459510922432,4.9610210582613945,0
93d0b158-0de1-44d7-949d-974525e3ffdf,aedde87b-3e5d-4527-ba43-163d41b4359b,23185685.47268059,23185685.51965106,23185690.48152142,16,256,0.046970468014478683,4.961870361119509,0
a7a1189f-b026-4957-a5cc-15f6b526d2ed,3b5d1c88-1e97-4026-bc56-5c724611408d,23185685.639506515,23185685.669015337,23185690.63443339,19,256,0.029508821666240692,4.965418051928282,0
127d9d56-7ef6-4b94-9b82-0c5f92f2e084,589bf80c-8bc9-42bb-8f7e-cc7f34d9b5c1,23185685.807160314,23185685.844588544,23185690.821373522,21,256,0.03742823004722595,4.976784978061914,0
3a376aa4-b5f6-43b9-840e-f46e6503af12,fae58e08-2032-4d76-89fd-3fc76bd45b4a,23185685.97690528,23185686.0110031,23185690.997742023,27,256,0.034097820520401,4.986738923937082,0
23139b57-048d-45e9-b78a-8d5319758782,d4bbc46f-8743-434c-863e-0783fcbd4a21,23185689.007350814,23185689.051541295,23185691.150082525,12,105,0.044190481305122375,2.0985412299633026,0
3a4a2878-0985-471a-aa46-abf074172c9a,04c8708c-bf0e-4209-b95a-13f97b68ecdf,23185686.315195147,23185686.3506564,23185691.34199188,26,256,0.03546125441789627,4.991335477679968,0
3deaa0ed-2727-4e8e-8b19-417a1d20bea4,9d683d10-e58a-4807-b30a-a78b242c55ef,23185686.48521746,23185686.52299662,23185691.5151262,23,256,0.03777915984392166,4.9921295791864395,0
a9449af1-7fff-44c0-92dc-9d7becb8baa0,88373b64-c155-4255-b4a5-176bc8ec0997,23185686.654400513,23185686.692192506,23185691.689616315,99,256,0.03779199346899986,4.997423809021711,0
7cb24a28-c187-4bff-9ff0-7f129a59b38b,bb0546fd-2282-48e9-b2bf-7491aa508540,23185686.825289644,23185686.863163453,23185691.864707015,26,256,0.03787380829453468,5.001543562859297,0
241ca920-69fd-4c9d-b215-0e096979cebe,10d21ec1-7f3f-4a49-aad7-6ec9bd09b2ce,23185686.99504789,23185687.03472574,23185692.036036804,48,256,0.039677850902080536,5.0013110637664795,0
b2cd7d67-34e8-48a1-b116-3952bb95de40,ad165ba9-50e6-4008-b7e4-924bc0d3312d,23185687.161852542,23185687.204257604,23185692.216906544,19,256,0.042405061423778534,5.012648940086365,0
ca8b641d-bcf5-4792-bb25-be9fd2f43dc4,7c791220-863e-402d-9356-c6a0d8a5a982,23185687.328821443,23185687.36980738,23185692.384841666,30,256,0.04098593816161156,5.015034284442663,0
2c55e203-b590-4ca5-be00-6195a3e30a48,c0ee689d-689c-4f55-950d-3f92fc86a4fe,23185687.49594476,23185687.5501248,23185692.559368625,149,256,0.05418004095554352,5.009243823587894,0
00003f93-6ff4-4784-893b-ca8e319f9786,972f7fa9-e2a9-4472-8fcb-e6550692d2e9,23185687.6630701,23185687.717052467,23185692.710539594,109,256,0.053982365876436234,4.993487127125263,0
5fe00e1b-4ee0-48e5-a6bd-c69e86c4f24a,e11f4363-0d15-4533-bfdd-e357a7e499d0,23185687.829908673,23185687.865831465,23185692.864883583,45,256,0.03592279180884361,4.999052118510008,0
b42a4cfa-5fc5-4b43-8933-37b22436978e,6508504d-6bc0-49d2-a844-f9b4b6a761bf,23185688.333026417,23185688.38400904,23185692.926830973,27,232,0.05098262429237366,4.542821932584047,0
a51afc0a-744d-47dc-a17d-f7d5c2609dd9,cd688f7f-32b5-4544-beb1-3077fb035f7d,23185687.99835616,23185688.036223963,23185693.041022245,14,256,0.03786780312657356,5.004798281937838,0
6f2e7742-38bc-4246-8983-c33f61b3237b,22ff87d6-ca08-4a28-87f8-9a5112f31373,23185688.16551647,23185688.211155985,23185693.219530016,52,256,0.0456395149230957,5.008374031633139,0
0640bf6d-fef1-42ef-8a32-8ac4cc15cc82,11ac1eac-0cf0-4eca-806a-c4f3698661e9,23185688.500620194,23185688.53473155,23185693.548196714,57,256,0.03411135450005531,5.013465166091919,0
f8a8b060-c67b-4476-a2e3-deb62e96a6be,a79a43b9-fc52-4518-8c91-22cfec53ce5c,23185688.670527767,23185688.706602696,23185693.732631996,32,256,0.0360749289393425,5.026029299944639,0
8f64ada2-6ab0-4516-a1f9-26fa967b5d0b,b413f99a-aff2-4ac3-b41e-ae7853ec608a,23185688.840343732,23185688.877981506,23185693.90064865,99,256,0.037637773901224136,5.022667143493891,0
054a6919-e4cd-4bfa-bd4d-eb3dc5d25a0a,6e2dffaf-987b-48d2-9327-64ef4f110626,23185689.174135543,23185689.223599188,23185694.24754938,22,256,0.04946364462375641,5.023950193077326,0
09c096a2-8888-49a3-94a9-04d30c9d1b77,a7bbd663-cbce-4f30-a657-f4a4ec6d763a,23185689.34204555,23185689.38196775,23185694.407133136,22,256,0.03992220014333725,5.025165386497974,0
8d100588-8604-4540-84df-a8c6b69aa829,3783e67a-9f85-4359-ad5f-892885467ade,23185689.50915132,23185689.610271003,23185694.601204492,432,256,0.10111968219280243,4.9909334890544415,0
1c62b871-d571-43aa-a868-98b06624c198,0abc5433-e4f8-43d0-979b-05282ef1299e,23185689.67616827,23185689.726083588,23185694.71536747,38,256,0.04991531744599342,4.989283882081509,0
9f7a406c-3eb2-45ad-b022-d379df3373b6,a49d0ca5-d745-4403-b702-811333a3070d,23185689.84397765,23185689.881669473,23185694.873606727,31,256,0.03769182413816452,4.991937253624201,0
205c85b0-14c3-473f-8ac4-92924d254e84,434e47d6-c8a4-48f5-bdbd-3498a9da6690,23185690.011285536,23185690.050743975,23185695.053812273,72,256,0.039458438754081726,5.003068298101425,0
c6517ce4-05c0-4b3f-ba5b-898ae247b9c0,d1a157d7-ce8c-460e-acde-21d294464dff,23185690.17849727,23185690.287737176,23185695.24903201,437,256,0.10923990607261658,4.961294833570719,0
12d6927e-c3c6-4bff-82f7-ff4daf4e3001,b733eecb-a265-49ed-8719-455764ba4213,23185690.34921805,23185690.388669293,23185695.370538685,36,256,0.039451245218515396,4.981869392096996,0
b8e3d28b-ce6a-41c0-aa94-0febf4f584e4,47db8c78-2981-42dd-a678-f15ee5e63a1d,23185693.885915525,23185693.9378808,23185695.620715898,11,80,0.051965273916721344,1.6828350983560085,0
ede79347-1256-4df3-9dba-3de0daf756a9,d4362cc8-298d-4267-ab74-dc64242d0f66,23185690.51806818,23185690.55843099,23185695.71534325,63,256,0.04036280885338783,5.156912263482809,0
b74804ce-4147-477b-a1cb-b47ab96d5f20,80da7fe5-ee75-48f7-8eb8-8b0af9fda6f6,23185690.68494356,23185690.73636987,23185695.996574547,183,256,0.05142631009221077,5.260204676538706,0
d2061bbe-4159-47e3-97d8-aedbb2e49a2e,6c32cc33-e254-405c-8df2-7dca0cc0853f,23185690.852416005,23185690.898730695,23185696.186590996,80,256,0.04631469026207924,5.2878603003919125,0
3c07b373-a585-4b9c-b283-63695f1f2d7a,856f7afb-d0d7-4962-9348-481e0f269b0f,23185691.019831985,23185691.06934219,23185696.36433966,19,256,0.049510203301906586,5.294997472316027,0
fb190d09-57bb-4c94-9117-8eb850a82e39,d046c6c6-357a-4586-961f-30a47fd7453f,23185691.188883293,23185691.226886626,23185696.562539473,43,256,0.038003332912921906,5.335652846843004,0
28618e48-2e73-4d3c-be36-d69977614391,5ea89d7c-b2e3-4aca-ad8b-c95e59180a0d,23185691.357746497,23185691.399303656,23185696.74079407,25,256,0.04155715927481651,5.341490413993597,0
b93261ab-17a5-428a-9d38-0e0af70806f1,53eca026-e7cd-4561-84f9-17a7f3864610,23185691.52539158,23185691.57326067,23185696.918264564,91,256,0.04786908999085426,5.345003895461559,0
5113b8f5-e7bc-4001-b9bd-29c3825d344e,53afcf9d-d2ab-4d03-8556-639697a49375,23185693.213070706,23185693.257698454,23185696.97546685,11,172,0.04462774842977524,3.717768397182226,0
3c4890c2-3a2c-4930-9b7c-a72a9c464dfc,3698ebfd-7409-4530-8bdf-3f3196e8a661,23185691.69315414,23185691.727163035,23185697.073099647,21,256,0.03400889411568642,5.345936611294746,0
c62daf8f-06a3-4444-b06c-ee978a7dc08f,1b35f8ee-8184-4d46-9948-44c33c264562,23185691.86478174,23185691.901109044,23185697.24793888,11,256,0.0363273024559021,5.3468298353254795,0
e9846fb4-562e-4087-ad2b-e8ecd4cebf7f,57bc610e-c13e-464c-bd30-6b4cad5d9573,23185693.045600377,23185693.077785566,23185697.360830985,11,201,0.03218518942594528,4.283045418560505,0
aef162df-5a1a-4506-a780-5f58ff565171,c2b5e9a6-0912-4173-b684-136d75913b7a,23185692.03610176,23185692.080364216,23185697.4227744,190,256,0.04426245763897896,5.342410184442997,0
45c12d79-daea-4d2b-ad60-1abf610217ff,59a6a53f-6110-48e6-9370-d0a155e60da1,23185692.20381248,23185692.252478562,23185697.60637331,31,256,0.048666082322597504,5.3538947477936745,0
7d477b8a-695c-47ba-afe1-72dcd1e0391a,7fe3fce4-e323-48ee-a5b8-7b71b9c9c3dc,23185692.37064456,23185692.42456331,23185697.78011493,24,256,0.0539187528192997,5.355551619082689,0
2f68cdb0-2547-4962-b722-6a18b6810a03,0504c6a4-8bbc-4b11-bf81-01fbb0362416,23185692.53965824,23185692.573874377,23185697.934208315,23,256,0.03421613574028015,5.360333938151598,0
a795069f-69ff-4ddf-8d8c-69acf6796419,7c63f374-d92a-4c2a-ba87-cbb0bc173b97,23185692.71082465,23185692.74779684,23185698.107721988,45,256,0.03697219118475914,5.359925147145987,0
33963f5e-166f-4be9-b7b1-44f95a931d79,663d5155-1ee4-4bc7-9715-7f468b7d1395,23185692.878109463,23185692.923397657,23185698.280560642,30,256,0.045288193970918655,5.357162985950708,0
2d4667c5-1f62-4ee9-967a-d222b0b81453,d7fa0a1b-ef73-4219-9ea2-b0a0b21550b8,23185693.3804512,23185693.432510205,23185698.99820855,19,256,0.052059005945920944,5.565698344260454,0
68c7f47a-53d9-4b1e-b581-3ab6c0a49ba2,2c2ca7af-7833-40ad-9615-41708825e268,23185693.550908007,23185693.586552165,23185699.280464895,17,256,0.035644158720970154,5.6939127296209335,0
96985013-87e8-413f-8eb4-a9835c5f94b0,ef1fd3e8-49d6-47a7-a6a8-c78a00bc1e55,23185693.718203302,23185693.7617017,23185699.513610736,26,256,0.04349839687347412,5.751909036189318,0
174c2717-dc40-4915-8259-467d0e56c536,58861cc8-4402-4d04-bc35-b175763213fe,23185694.054387864,23185694.09226601,23185699.88228526,20,256,0.03787814453244209,5.790019251406193,0
b65f95d5-be4d-43ba-b1cd-e1b89909b17c,7ba815e8-29ff-47ce-85ec-b5579c85f48a,23185694.22133853,23185694.26969362,23185700.06448782,24,256,0.048355091363191605,5.794794198125601,0
d927cb6e-f803-4e55-b406-c609327e8162,7554568c-6942-4096-99da-5d44270ede21,23185694.391507264,23185694.43983522,23185700.24460365,27,256,0.04832795634865761,5.804768428206444,0
27143764-7e88-42c6-a32e-9a0d5be14cca,284a5ee9-ea1c-4a0b-9710-dd617dde291e,23185694.55959688,23185694.597417407,23185700.409419335,42,256,0.03782052546739578,5.812001928687096,0
b599d0bb-4904-47ac-8ec6-8f5b7d6576bb,d2e7a8c5-66c8-442c-ba94-e70cfed52131,23185694.728047065,23185694.776120123,23185700.634599797,43,256,0.04807305708527565,5.858479674905539,0
c57c9fa9-84b8-44f3-9a70-e8eb4718ebf5,14815b75-4ab7-42ce-9959-fdf225479614,23185694.895127933,23185694.936361536,23185700.817761123,148,256,0.0412336029112339,5.881399586796761,0
a7a10e81-5ba0-4113-b439-b427201f505b,4f0cb3c4-1270-4449-927f-349ea1edf60e,23185695.06282741,23185695.1130753,23185701.006856665,32,256,0.05024789273738861,5.893781363964081,0
a287a096-5d8b-49c6-9ac2-99dcc7b1985d,27ea6389-c7a8-45c9-8813-582aae49ce44,23185695.229644887,23185695.327932537,23185701.270835068,290,256,0.09828764945268631,5.942902531474829,0
e09574e2-6b6e-47d4-96c7-5c1f255b9ba1,74a25804-7d9d-4f38-a68c-e0d9a21317dc,23185695.731750563,23185695.89985243,23185701.57859859,16,256,0.16810186579823494,5.678746160119772,0
9b1bdc12-a1e3-4a79-ac3b-c0b2f00bb8a7,ec1858b0-a9c7-4153-a559-94f0deab2d0c,23185695.564473685,23185695.901058305,23185701.5828009,26,256,0.3365846201777458,5.6817425936460495,0
70c96b8d-e3ca-4e28-a1da-97fd47018b6b,f243fd05-f78b-4b93-92d2-948d29f12948,23185695.397074834,23185695.902937822,23185701.58288776,2520,256,0.5058629885315895,5.679949939250946,0
cdda46f1-f989-4930-9aec-7a1b39400182,feab16fe-d1e9-4a80-a8fa-4b4121e38a13,23185695.90134176,23185695.94023074,23185701.6213825,26,256,0.03888897970318794,5.681151762604713,0
5934a3ed-812e-4263-a99a-118e672811ec,6b904319-c844-47ee-91a4-b86562e63a09,23185696.069493815,23185696.16133733,23185701.85600236,270,256,0.09184351563453674,5.694665029644966,0
62b9311c-050d-48bb-a5e9-bb6e476fbf31,db51550e-a3ec-4504-8b81-248ab98c91da,23185696.236937843,23185696.287250146,23185701.981020555,94,256,0.05031230300664902,5.693770408630371,0
25192cd6-2748-4f41-aedc-0a191a7670f2,79448a83-85ce-4caa-81bb-ae824c5cf699,23185696.40895063,23185696.519466434,23185702.190210465,364,256,0.11051580309867859,5.670744031667709,0
048ce5b3-b61d-404f-a1a0-dae8fcaac754,86b50797-3b36-46cd-b8ce-49f352027c41,23185696.577209327,23185696.624880385,23185702.293811943,198,256,0.047671057283878326,5.668931558728218,0
7b296906-a1d1-448f-9b84-7c2fad00465d,40d66c6d-02e7-43f8-9eac-b062f52a7a92,23185696.744516168,23185696.77900176,23185702.46759295,26,256,0.0344855934381485,5.688591189682484,0
8980ec74-ea50-4913-b43f-4e87b0f5f2bc,3f169344-12f4-4e8a-aad6-9c684a8efc3f,23185696.911406867,23185696.955294367,23185702.649599127,18,256,0.04388749971985817,5.694304760545492,0
9e1cf0b3-d544-429f-9575-3831f52b95f6,e865cadb-e361-473e-adb2-1787b766e4f5,23185697.078354064,23185697.131833114,23185702.833818503,30,256,0.05347904935479164,5.701985388994217,0
5800569f-b871-41e5-a06a-34143a94c097,729b5a36-0c6b-42ab-9e0b-e0dce6bd224e,23185697.248155143,23185697.28640491,23185703.03071712,22,256,0.03824976831674576,5.744312208145857,0
d2da90b1-2c28-4a59-a626-05bdb7654a0f,dab7418e-b5bc-48f0-9306-bcc4f430fa1c,23185697.416272473,23185697.464457043,23185703.21426385,168,256,0.04818456992506981,5.749806806445122,0
65523f4b-47ce-45ba-bcac-8d78597d73a0,a6fa01fa-ad4d-4d84-acb4-5c7bcba2ad0b,23185697.585906327,23185697.623366382,23185703.398515854,12,256,0.03746005520224571,5.775149472057819,0
849df966-e8f6-486b-aa85-92072978ca5f,fbc2174e-ad95-4fb9-bb0f-0d06c80357fe,23185697.754281875,23185697.799709354,23185703.585420728,42,256,0.04542747884988785,5.785711374133825,0
05a78c98-399e-4b27-88bc-ebee1be82e28,93fa9d90-992b-4604-98b5-865d7a4d075d,23185697.9215892,23185697.954677854,23185703.749556724,17,256,0.03308865427970886,5.7948788702487946,0
4696d52f-d75a-4d66-8880-ff78836d2d2b,136c89be-e91a-4942-a772-e0023c984d16,23185698.090798274,23185698.124319468,23185703.92647881,18,256,0.03352119401097298,5.80215934291482,0
e71a3c7f-600d-4228-b340-2b85b53bb577,ea61227a-84d5-40e2-88c8-caa742d16b0f,23185698.258273944,23185698.297565132,23185704.120799985,14,256,0.03929118812084198,5.823234852403402,0
041ae651-b78e-4436-9c4c-0ea2aac30079,aa8123c2-b54e-46fb-a406-10376b1823eb,23185698.42611314,23185698.471638907,23185704.306319345,71,256,0.04552576690912247,5.834680438041687,0
f770e02d-97b1-4f05-b00b-f348d3ac1e7b,ac03e3ca-a7e1-4f2f-a40c-370a441a8e6e,23185698.759936243,23185699.09555463,23185704.740260262,11,256,0.33561838790774345,5.644705630838871,0
3a8d828b-a0ec-4e48-89d0-e69f36b879e6,7d886f08-a149-4551-924a-3295f9d37e47,23185698.592972744,23185699.097779777,23185704.740391817,2397,256,0.5048070326447487,5.642612040042877,0
73cbcb37-6e8e-4183-aed2-877d7f75f727,105698d6-9afb-46ac-a9e5-dd1fb5213767,23185698.927417748,23185699.248046618,23185704.8416958,1154,256,0.3206288702785969,5.593649182468653,0
d2b01dc3-3bc1-451c-b86c-5cd229a1b7a2,ac4c04c3-533f-47a6-95b6-008791ab9365,23185699.26492199,23185699.378825568,23185704.938705485,23,256,0.11390357837080956,5.559879917651415,0
d97efa7e-4892-4ffe-8c92-749464920731,6353a008-4820-4921-9da8-7e7ff4459c19,23185699.09790063,23185699.383549478,23185704.94230446,1391,256,0.2856488488614559,5.558754980564117,0
ef36d366-29cb-4af6-986a-13d901f7d69d,17e82ceb-192d-448b-91e7-706d8753734e,23185699.431811742,23185699.59677185,23185705.119506422,1016,256,0.1649601086974144,5.522734571248293,0
49ff16cb-821e-4339-a221-6a4fec9782cd,b23e6c99-ac01-42b8-aa06-bff4bda15093,23185699.59965895,23185699.63699534,23185705.157612864,33,256,0.03733639046549797,5.52061752229929,0
0925e2be-7057-4173-9e57-1d7efa94ad44,367698f5-e406-4995-b1c9-7f8d63d52b9d,23185699.76685464,23185699.81650348,23185705.35635152,21,256,0.049648839980363846,5.539848040789366,0
99427502-aade-4bf6-b07b-bf1c5db62b49,8ee7963d-6929-4cec-b927-ccd270bc4088,23185699.934866235,23185699.98091913,23185705.50816838,59,256,0.04605289548635483,5.527249250560999,0
15bec1f1-88fc-40a4-86a1-c71484aada8c,391ad5e2-6c43-4558-a811-8e556ce472fc,23185700.10453067,23185700.146197785,23185705.65982346,60,256,0.041667114943265915,5.5136256739497185,0
6b4c6e09-9cf3-45f4-b35d-4b91db2de7a8,f72b722e-36c3-47ad-a652-2cf113422f03,23185700.271995418,23185700.32633312,23185705.857996944,20,256,0.05433770269155502,5.531663823872805,0
6d722a3c-642b-46de-9873-36e31dc946e8,7a446adc-dcd2-4673-8258-5c4af8eda4ec,23185700.43917189,23185700.630395427,23185706.116465602,1135,256,0.19122353568673134,5.486070174723864,0
39865fd6-99da-46f6-9fd3-d3573a04573f,f3334a5f-3796-47dd-b231-0c2945e6887a,23185700.606033288,23185700.708648577,23185706.172971483,1479,256,0.10261528939008713,5.464322905987501,0
c62dd70d-58a9-4b58-9d9d-1444389672bd,463b2ffe-4932-4259-85db-22ab5a5dc9cc,23185700.77504247,23185700.816668127,23185706.270260762,88,256,0.04162565618753433,5.453592635691166,0
7908ad8a-b4f9-4fc8-baf3-0915411915b0,7bd23f5a-cb66-4ac9-9d46-e2a00f13c228,23185700.942226443,23185701.139527727,23185706.540324584,1111,256,0.19730128347873688,5.400796856731176,0
09ff07de-3261-4980-9fab-781a84972032,8c991adc-3ff6-4857-80f8-804693a5e02c,23185701.113998808,23185701.294759627,23185706.65954758,968,256,0.18076081946492195,5.3647879511117935,0
469b7e2a-c140-4aab-b9ed-5821c32b181f,20969336-87bf-4fb6-b4a6-c885c78d712f,23185701.281227935,23185701.332109943,23185706.6946463,32,256,0.0508820079267025,5.362536355853081,0
4e8f9b39-10f4-43d7-a29a-26e5f4b04c03,0db618b6-b740-4708-8ddb-85f3ea47a895,23185701.448787495,23185701.501230683,23185706.85663861,46,256,0.052443187683820724,5.355407927185297,0
53998305-c402-4800-b519-9ac2b526f4a2,fb8d3a92-5337-4393-9070-f9d7c3b39144,23185701.621376216,23185701.79732139,23185707.10487266,1168,256,0.17594517394900322,5.307551268488169,0
9ade31c0-2c0d-4ab3-ab58-907dc719fc82,58179624-b13f-4ec2-b13f-4f41236d9ce6,23185701.788188517,23185701.83864648,23185707.145310227,41,256,0.05045796185731888,5.3066637478768826,0
cdfa2810-c1f0-4c88-bc57-77f1067a0b38,d458b873-6a32-462e-bfdd-14e34d2e8231,23185701.960104283,23185701.995331556,23185707.2955306,26,256,0.035227272659540176,5.300199043005705,0
d8013d44-6244-4055-b3a0-4e517d991d3b,505da96d-be29-42dd-b43f-e9d6d4088340,23185702.12727511,23185702.192551512,23185707.47673234,128,256,0.06527640298008919,5.284180827438831,0
56eaabd9-1c08-4720-8f8a-2ba0c3e4471f,07ad01c6-bb9c-467c-a1d4-b0a115d7ff1f,23185702.29415553,23185702.33887514,23185707.613779385,115,256,0.04471961036324501,5.274904243648052,0
6e2bfdc8-b622-49de-ac5c-32de560cd60c,8f9d0954-61d1-4807-87c4-2c57ea5e2016,23185702.461672068,23185702.505219,23185707.769609857,19,256,0.04354693368077278,5.264390856027603,0
d5ecc6d2-a68e-44a7-a554-5c535000c3c6,e0b87771-a200-4e8d-93b8-219f9e45d2cb,23185702.62883288,23185702.667233534,23185707.92389125,20,256,0.03840065374970436,5.256657715886831,0
6ff7e0e6-eb1e-4676-a4b9-d6a9b220bc69,6e10dd4e-fc71-402b-8db6-4525d5e92504,23185702.79602763,23185702.96590916,23185708.178309012,1077,256,0.16988153010606766,5.21239985153079,0
42abfe6e-616c-4e62-94a0-78cffe400bac,9fc0d27a-2739-4921-9b36-d379aaea7c29,23185703.135585558,23185703.177012824,23185708.371192656,26,256,0.04142726585268974,5.194179832935333,0
55f3c954-6823-48af-b5b2-ebddb5515670,1766d012-307c-4046-bd90-bcafaed5a252,23185703.302487943,23185703.42148239,23185708.579503953,491,256,0.11899444833397865,5.158021561801434,0
ab92246e-491b-42f1-bee2-c976dac68c90,3c918965-7ad3-4552-9d6c-e23cfb3e4024,23185703.470486023,23185703.520243566,23185708.671731416,34,256,0.049757543951272964,5.151487849652767,0
8a8c3018-5e9b-4c23-aacd-958633d9d906,52ba2f47-69f2-4bc9-9f0b-6d0ed76eef9f,23185703.63916118,23185703.688031208,23185708.824810356,41,256,0.0488700270652771,5.136779148131609,0
75b09850-a651-4383-a0af-40fed4287687,2d922df5-c134-4711-a868-736b3392f014,23185703.810372617,23185703.850941375,23185708.976542387,24,256,0.040568757802248,5.125601012259722,0
a03d991d-0071-413f-904e-0be079ca5b12,626e47aa-5e16-4cf6-9eef-ea16a5844be8,23185703.977488957,23185704.03582694,23185709.146809824,38,256,0.0583379827439785,5.11098288372159,0
953c8959-fcc8-41c9-9e7b-f1e2c0b57f26,271c27ba-2a21-4986-a234-be3bdb6bc8c0,23185704.145026814,23185704.177980047,23185709.27533889,18,256,0.032953232526779175,5.097358841449022,0
ef1b51c2-282f-46fc-b090-3d6561abe5f7,6b532915-4d7c-47ae-bf2b-54d6df7bfdf7,23185704.312533155,23185704.404838786,23185709.469926193,331,256,0.09230563044548035,5.065087407827377,0
4152ba8f-e5bf-4a40-bec5-5434ae310a14,dcbdeff4-693f-4ebf-980e-4a994f8f1c1e,23185704.47985044,23185704.714910865,23185709.722218912,1350,256,0.2350604236125946,5.007308047264814,0
86bc35a4-b295-41b0-a365-87e57faeacd4,1d25286f-f3e8-46fd-a6e7-d73d99c26397,23185704.646765146,23185704.715562254,23185709.72564616,14,256,0.06879710778594017,5.01008390635252,0
e5331545-7923-47e8-8e0a-f86ae1afb9d9,49d6af02-cb6f-45fe-b4f3-0575ffb355c3,23185704.814888082,23185704.941907454,23185709.942224875,760,256,0.12701937183737755,5.000317420810461,0
086ef946-e55b-428d-a98a-36591e86e6f8,838df7bf-b6e2-40f8-a47f-847e436fe9a1,23185704.98207203,23185705.017327476,23185710.018246066,20,256,0.035255447030067444,5.000918589532375,0
554b4c28-ae6c-4cb9-94f5-3f10d5401ffd,bab74239-05f2-4b6c-9d42-fb8318e4f7ac,23185705.148941744,23185705.243055243,23185710.207277376,342,256,0.09411349892616272,4.9642221331596375,0
1f811bbd-bfdf-417f-ba7d-fab8fae797c9,4cdaaa53-b5e2-4d8e-b565-626f88c0f898,23185705.319876503,23185705.355422202,23185710.319222305,26,256,0.035545699298381805,4.963800102472305,0
79714a4e-257b-4055-a59c-2c749849f973,83cb1364-0c8b-4f64-b7ed-2560ba0e4d94,23185705.48883766,23185705.527288057,23185710.49324794,52,256,0.03845039755105972,4.965959884226322,0
425d3fec-3c1f-4c7f-b430-2de5ed300a09,979d9dbd-47e4-4ec4-914b-792a7e8ba544,23185705.65989152,23185705.746062145,23185710.683673486,278,256,0.08617062494158745,4.93761134147644,0
361252e9-8dfe-40d4-8dc6-f079c66aa4bd,24a2eaa3-4863-45c2-a32f-4f9e7d1fdec4,23185705.827117603,23185705.882337935,23185710.817213133,36,256,0.055220331996679306,4.934875197708607,0
523b7ed9-a7ad-4ad7-9c49-82f6d07091fa,47bda8e7-b115-4ed1-80f9-d83cb0e7fd12,23185705.995524876,23185706.03625164,23185710.96768884,168,256,0.04072676599025726,4.931437198072672,0
00760abd-36de-4ad9-983a-61c9af58424f,01352989-f26b-4013-b336-e31409e19fcb,23185706.16272145,23185706.210730672,23185711.145190682,14,256,0.04800922051072121,4.934460010379553,0
4bc03e0e-62b4-4ca4-a78f-01dfbea5b3ce,a00c76ee-7689-447d-97e5-c2565e9fedee,23185706.33008124,23185706.371697836,23185711.30439254,35,256,0.04161659628152847,4.93269470334053,0
6f853048-271b-4320-9db0-e86a0c911ea5,b07b38b4-5e69-4245-b58f-c81160d4daf5,23185707.002899393,23185707.04500228,23185711.480316833,14,230,0.042102888226509094,4.435314550995827,0
790a2b95-9087-45e6-a122-47cd70fc1aca,bbfde0ef-c315-4851-a4a5-0e4a9786527e,23185706.49920079,23185706.542833842,23185711.483315423,14,256,0.043633051216602325,4.940481580793858,0
bf691c24-945d-4365-aa04-09741fb415df,3ca3683a-493c-47f0-bba7-f82137d4cbbc,23185708.681189537,23185708.729770105,23185711.551045362,12,146,0.04858056828379631,2.821275256574154,0
1cab0301-df98-4785-a5c1-c8fca65c67fb,634f4358-b155-417d-b6a0-df51c76be507,23185706.6667684,23185706.713307183,23185711.663425513,16,256,0.04653878137469292,4.950118329375982,0
1903cce8-381f-4d52-aefd-2c74197c79be,126ce8e3-d25c-4b7a-afb1-148721454d62,23185706.835707586,23185706.87361248,23185711.829438686,14,256,0.03790489211678505,4.955826207995415,0
00ba3326-8d1f-4dea-8f77-114884577e93,27527620-c670-46f5-8bbf-de80ac54b6f1,23185707.17040287,23185707.218979355,23185712.18032243,37,256,0.048576485365629196,4.961343076080084,0
915b6eb3-b6c4-41d2-b443-fee1a92ab5d6,75204d27-c150-47af-a75f-247902675084,23185707.338934746,23185707.374339685,23185712.333506905,43,256,0.03540493920445442,4.959167219698429,0
7e4055c3-43b6-4bc0-9fc9-878443750cbb,97944838-d9c7-4952-bd77-090b0fb85fae,23185707.50666889,23185707.55632011,23185712.51354433,39,256,0.049651216715574265,4.95722422003746,0
e551d5d8-0a07-48cd-b723-716e6077822f,83f28672-1410-4168-b46f-9180ab1a7cb5,23185707.673801698,23185707.70705743,23185712.664726634,15,256,0.03325573354959488,4.957669202238321,0
11c7ff52-2910-41db-bf00-581a53a79e90,0b3b90a2-bf9c-40e9-a331-d8600f52d182,23185707.841646522,23185707.8847769,23185712.839490995,20,256,0.04313037917017937,4.954714093357325,0
16780312-8935-4842-a642-fbd50e2d7722,a5dfb21d-d38a-4f52-93e2-fb664e86d0ba,23185708.009308133,23185708.059898097,23185713.023570802,54,256,0.05058996379375458,4.9636727049946785,0
5daa93a6-8235-41ef-b5fe-c11fe8c1ab36,86a47947-6baa-4e7c-8028-13f460c88348,23185708.17847528,23185708.213811107,23185713.178430673,14,256,0.03533582761883736,4.964619565755129,0
d383662c-5b14-4ec6-837a-426ad6ae8d8b,e7f0b570-e6d3-451b-9be6-2aa5080bb465,23185708.34696072,23185708.388351552,23185713.410414338,20,256,0.041390832513570786,5.022062785923481,0
9eb0a1f4-2707-4632-98d5-d197a723e0fd,399a3450-c670-432d-9079-552a73bd58d2,23185708.514244065,23185708.560649984,23185713.71692707,16,256,0.04640591889619827,5.15627708658576,0
8abf1067-8bf4-4b83-9ed2-b69276ad03ed,21fd5096-d283-442b-b6fe-105644a4bc79,23185708.84840485,23185708.896509707,23185714.060529366,17,256,0.04810485616326332,5.164019659161568,0
97094f8f-a0f4-40b0-96fb-9860e83ce09a,c48d1fe1-34c3-435b-85e9-d21978b5cc9c,23185709.015647076,23185709.052054115,23185714.22170046,21,256,0.03640703856945038,5.169646345078945,0
a01eebae-f673-4f5c-8e4a-98c445e932e2,e4e05f07-3588-4e63-86ae-f33119b436cf,23185709.184297137,23185709.22339823,23185714.396331068,21,256,0.039101094007492065,5.1729328371584415,0
9317a1da-f24c-4bc3-87da-8a5a0b77f7b2,6a9f6d7e-8b99-4b8b-abff-e984f8ce7093,23185709.351665743,23185709.396221004,23185714.56211841,96,256,0.044555261731147766,5.165897406637669,0
571c5515-0f54-4ade-83b8-057c3213cd3e,9920624f-ffc2-4920-b6db-ee99e9da8bd7,23185709.5185304,23185709.571548145,23185714.73485971,23,256,0.0530177466571331,5.163311563432217,0
40892290-c876-4f03-8b1b-5ffc2f103986,64409e73-f167-4f5b-90ef-ae215356cfb3,23185709.686830807,23185709.720059857,23185714.892677993,29,256,0.033229049295186996,5.172618135809898,0
21d845a8-0ecd-4175-8f00-5806c2ac930d,d63fcf96-7c23-4ead-90c5-4d2e548127d3,23185709.85533067,23185709.939124767,23185715.088785347,339,256,0.08379409834742546,5.14966057986021,0
0c1135d8-d8a9-405c-8943-b8721ccd77f4,f7c6ac14-a5cc-40d0-8e7f-14528cf14565,23185710.022488013,23185710.054750003,23185715.209528863,14,256,0.03226199001073837,5.154778860509396,0
5baeb4fd-3ee9-41de-b0d4-19ddfefe2c05,abcf1e72-3ed0-4d86-bced-3724379b6283,23185710.865855567,23185710.910393532,23185715.288402718,12,215,0.04453796520829201,4.378009185194969,0
8c6c80fa-019b-46e3-ae9d-4fc6d3426732,de11eba5-a056-45c3-9f41-c1fe7eb7e0fc,23185710.189391214,23185710.22333377,23185715.384306643,16,256,0.03394255414605141,5.160972874611616,0
bf3a61f9-4b27-426c-ac42-be3f95b576bb,b1fefd69-4263-49d7-9b05-d8c37dae8294,23185710.359566756,23185710.395243287,23185715.562146578,13,256,0.03567653149366379,5.166903290897608,0
e94f1405-7648-483a-bbc6-64610f6b9f47,92af0ae7-a91c-4642-aeec-0710743d89a9,23185710.530972894,23185710.56695545,23185715.75131571,41,256,0.03598255664110184,5.184360258281231,0
18086316-b0cc-448f-828a-ab241aeb182a,bf6d3797-8854-48f0-b222-0ba85acb652e,23185710.698575515,23185710.73836867,23185715.936808623,16,256,0.03979315608739853,5.1984399519860744,0
0c951481-7955-499e-a185-0facd9601cf7,6de364a9-47e5-4112-9ef4-14ceb3b28aed,23185711.033122588,23185711.06463734,23185716.28359666,40,256,0.03151475265622139,5.21895932033658,0
780d414a-4803-4175-8b67-e12340ad0489,27e2c45a-6fe9-40cc-abd9-3639957e9948,23185711.20021371,23185711.242487866,23185716.457966886,31,256,0.04227415472269058,5.215479020029306,0
82ebede9-9f47-4da9-a8e3-112867633c0a,f05e4dba-362c-4e6c-9470-bf81bdf64f8c,23185711.36798746,23185711.40688437,23185716.614375267,19,256,0.03889690712094307,5.207490898668766,0
7f8fdc1f-3273-468f-9ace-33adf8ac568d,94c52d59-9b66-4aa6-8950-29ca4bec79ff,23185711.53505095,23185711.580100108,23185716.786842845,21,256,0.04504915699362755,5.206742737442255,0
e67dc4a9-8c4b-429a-8b94-cc9ebdb86e56,395162de-1ae5-4677-9d21-46c962bea07f,23185711.702223606,23185711.743114337,23185716.93974043,21,256,0.040890730917453766,5.196626093238592,0
d116eaf8-3a48-4d3b-9e7c-64d902123f17,38381d47-6e7a-4ee6-a748-10278485de25,23185711.869653843,23185711.905818395,23185717.098148126,27,256,0.036164551973342896,5.192329730838537,0
afb91133-371b-4af9-a301-602fff6d015e,e5b16f58-fd3e-4318-a252-b6008422c772,23185712.038362723,23185712.083786923,23185717.2738327,21,256,0.0454242005944252,5.190045777708292,0
7c35cf9c-5e0d-4e4e-88e8-03f5c3d38ff9,e43aecbb-407d-4edc-b117-adc0fb4c28fb,23185712.205254514,23185712.23662107,23185717.428631723,16,256,0.031366556882858276,5.192010652273893,0
9aa19646-0b36-4a88-aec2-d6d5ad9ee402,0151c42a-6cb9-41b3-a468-b23504c0279c,23185712.376419667,23185712.410849642,23185717.597592812,20,256,0.03442997485399246,5.1867431700229645,0
eda5991c-0aa3-4b18-90c0-0d555df1c036,d622f63f-6b60-43ed-85f7-1c0ad6b4f6ac,23185712.543500673,23185712.589296624,23185717.781722777,16,256,0.045795951038599014,5.192426152527332,0
b46e9d74-65c3-4bbc-ac47-bc491bbd41b4,03bcf696-db98-48b0-94a9-31e5aa2546d9,23185712.710749008,23185712.740262717,23185717.939213824,26,256,0.029513709247112274,5.198951106518507,0
570767b4-7e91-4fef-959e-ee330fed8b71,354b8e83-d313-42ea-a5fa-420034fc93a8,23185712.87913181,23185712.926155712,23185718.11661384,127,256,0.04702390357851982,5.1904581263661385,0
209d4839-8b2f-424c-ae9f-dd871f07e9fd,122d3d76-1478-49fe-99d3-7d37283da877,23185713.04670657,23185713.080433164,23185718.270327877,66,256,0.03372659534215927,5.189894713461399,0
1428149d-1e20-40f0-8aae-1a862b8359a0,bb5e7eff-2c15-4c8f-bd5c-b9e2a3214a26,23185713.217397034,23185713.330602992,23185718.465780806,523,256,0.11320595815777779,5.135177813470364,0
4cfeba8b-c4f9-496d-834a-f792b4a0870f,8c6b9251-acb9-4573-a014-2955449bf5b5,23185713.551910546,23185713.65646296,23185718.65711999,55,256,0.10455241426825523,5.00065702944994,0
749e7616-088a-40d0-83df-30ac47487426,ccc5d726-f374-49fe-9812-3d3f552d5ac5,23185713.384345885,23185713.65690755,23185718.65722713,1244,256,0.2725616656243801,5.000319577753544,0
fa1ab80f-52b6-4cbc-a6c5-852947e0a0ab,92591c83-53e4-497d-a5de-a623e5fda118,23185713.71916238,23185713.75726498,23185718.753804885,65,256,0.03810260072350502,4.996539905667305,0
577e14e8-84de-473b-9c57-2b254155afc1,d98c9dbb-5eb9-4fd9-9024-f848144d76ef,23185713.890828136,23185713.929525007,23185718.92713131,33,256,0.03869687020778656,4.997606303542852,0
0cc5614e-5e37-4517-87bf-772d482766d6,d2c7b28c-4a51-49eb-b072-ff9a29583bb6,23185714.062464047,23185714.10397165,23185719.097347982,146,256,0.041507601737976074,4.993376333266497,0
8bfefd4d-a8d1-4bc9-9723-3554d7b30f84,74a75e09-2929-400e-982d-89024cfa4356,23185714.22993942,23185714.27945152,23185719.274862174,52,256,0.0495120994746685,4.995410654693842,0
9e51e9a5-83ff-47a7-b9ef-63882c3b703e,1038fa47-a4a5-4af9-bf46-a4d4c7b73764,23185714.397553112,23185714.4330304,23185719.43208628,26,256,0.03547728806734085,4.999055881053209,0
d7d91759-21b7-439c-a129-8d50577e8efd,18e4269e-8327-4e6e-8306-f707a868c599,23185714.564482857,23185714.601709094,23185719.606848706,45,256,0.03722623735666275,5.005139611661434,0
a2726616-7709-4dc1-ae3e-f49cf7f73d57,1502f413-9f9d-47eb-93a3-e42ebeb5181c,23185714.735997055,23185714.77988233,23185719.78376971,104,256,0.04388527572154999,5.003887381404638,0
daba9f89-d802-4758-83db-30dba4c9d686,c78889fb-d9a2-4e2e-ba43-3f654e3a1a8d,23185714.90372807,23185714.95196572,23185719.959366504,60,256,0.048237647861242294,5.007400784641504,0
44dc5dcb-76d5-45ef-8ba0-d2744d8475e5,87d2b25a-9d4b-4cad-b12d-ec9cebb92432,23185715.07128256,23185715.11428835,23185720.123817198,180,256,0.04300579056143761,5.00952884927392,0
44142c2f-4b1d-4885-9094-aa0ac08ec5b9,bb7440cb-0d28-4d5f-8b23-7dfb4e781c15,23185715.238368183,23185715.285094403,23185720.308679935,92,256,0.04672621935606003,5.02358553186059,0
86b6428b-ea7d-47d8-8ebc-a798a4efe974,b20cf614-6745-401e-8380-b8d08f99987e,23185715.40699358,23185715.44388203,23185720.466189835,70,256,0.036888450384140015,5.022307805716991,0
a7cffed2-9103-4b27-8471-45a133b309be,74758a07-c8c9-4505-bd95-78dc029073a4,23185715.574359007,23185715.629282217,23185720.645998515,100,256,0.05492321029305458,5.016716297715902,0
667198c0-9df7-48f4-9c51-8b02b33d179e,29b93340-8ba7-4ddc-b6c5-a475a958f9e5,23185715.74134398,23185715.795190066,23185720.803729884,105,256,0.0538460873067379,5.008539818227291,0
c1d90995-2db0-469a-83a5-953d826fe06d,0e795814-7338-4967-8941-8e6db2aa21e1,23185715.90850473,23185715.960140526,23185720.961244915,156,256,0.05163579806685448,5.001104388386011,0
1857cb25-5bb8-4c27-844e-6b05a973e6ec,35ee150f-0a4a-4003-8079-14d24fbc63c9,23185716.075846095,23185716.12648974,23185721.119578075,137,256,0.050643645226955414,4.993088334798813,0
50755452-4b28-4a79-ad5c-bd17d7663938,a7e909b7-4016-4e04-b764-2b284fd0805d,23185716.245637678,23185716.283301856,23185721.27918616,91,256,0.037664178758859634,4.99588430300355,0
dc2b125b-a94f-4b11-a3f2-7db7f3ca66e2,f6be1dc1-b688-4015-b4ef-121c538411c6,23185716.413562495,23185716.455901116,23185721.458517198,32,256,0.042338620871305466,5.002616081386805,0
5c121411-ec06-4f92-90fa-0ec08a02c2bb,a55bfd64-fc1d-4603-a729-4d92eb6550d2,23185716.580995157,23185716.630267415,23185721.645375673,27,256,0.04927225783467293,5.01510825753212,0
1bc7e32e-2fa7-47a7-b892-80c8fa3a7135,128b333c-fdad-48f5-b2e8-64de90fe5d36,23185716.74826468,23185716.78907273,23185721.805815704,64,256,0.040808048099279404,5.01674297451973,0
af056378-1270-464d-af27-9a85b56345ed,12e190af-df62-4abf-9ae3-af2ec414b007,23185716.91513746,23185716.958733108,23185721.98263586,81,256,0.04359564930200577,5.023902751505375,0
a9d77034-0ace-403e-bcf3-d841111d3e81,9685aeae-3403-4183-a750-891faa04a9d0,23185717.082418755,23185717.114881195,23185722.140660316,97,256,0.03246244043111801,5.025779120624065,0
2073e9ed-8452-4dbf-9599-b6000117551c,05f556dc-da37-4ce7-819d-bd95842bda04,23185717.253773917,23185717.293003324,23185722.31418686,63,256,0.03922940790653229,5.021183535456657,0
97401d32-ecdd-4ab7-b95a-956cb250d26d,fb08d0f4-48dc-4768-92e3-f88cb3e89adc,23185717.421132628,23185717.46808708,23185722.489126433,50,256,0.046954452991485596,5.021039351820946,0
891c2614-2e64-4b41-81e9-8322ac8ecf88,3cf64b8d-c3c7-4d59-b509-08c3dd09a61d,23185717.588740207,23185717.644513045,23185722.658711024,123,256,0.05577283725142479,5.0141979791224,0
4eb64676-85e3-44a0-acb8-f837ec7098b9,6f2049c7-0140-47ec-aa8d-e77893cb4f35,23185717.757289417,23185717.80445569,23185722.813640617,115,256,0.04716627299785614,5.009184926748276,0
755e9f15-fc56-4191-a876-1652ba294256,a2dac3ea-295f-4cb0-983a-107b145ed9c2,23185717.924423426,23185717.961668957,23185722.971961655,67,256,0.037245530635118484,5.010292697697878,0
384a3601-692d-46ae-becf-df7d9402ecbd,563d7170-bde0-4db7-a46c-d5443d9f6ea4,23185718.09204591,23185718.13259164,23185723.147479467,48,256,0.04054572805762291,5.0148878283798695,0
653dc041-f55e-41f9-b006-1a7588ae6ce7,fe820b6a-2f99-47c3-9280-ccdd56c1ab35,23185718.26061684,23185718.30778017,23185723.321688853,67,256,0.047163330018520355,5.013908684253693,0
b40fff04-500c-41c7-9976-602c2b6423c5,f0c45ffa-67d8-4da4-80f6-47f7a7889b52,23185718.4274822,23185718.46143033,23185723.4816803,79,256,0.033948130905628204,5.020249970257282,0
ca81262c-f17a-4cea-bc06-728bd6e48a6d,0c904012-c092-4adf-9ff2-69b62858b39e,23185718.59762252,23185718.63625329,23185723.666076966,90,256,0.03863076865673065,5.029823675751686,0
85ede0b4-08f9-4e2a-9dff-3f9aff9e5df7,dafb0391-964b-4e31-a857-c8a980d49741,23185718.76503403,23185718.81106719,23185723.85897344,92,256,0.04603315889835358,5.047906249761581,0
2e44f43c-fef8-40bb-99bb-d0e1306b1a45,4fb1783b-62ec-4a1f-9bc4-0b3532180cb4,23185718.932377852,23185718.983373202,23185724.03359526,51,256,0.0509953498840332,5.050222057849169,0
a4a47d63-3e2d-4402-af9c-9a49b4461ef2,9e318010-cab0-4306-b142-fcd0e65eacf6,23185719.099556673,23185719.134739857,23185724.185873635,98,256,0.03518318384885788,5.051133777946234,0
a6e7b82f-3ffc-4373-b847-c6e69cf90baf,c9375e27-bcdb-42ca-a700-aa2f95dad24a,23185719.267589036,23185719.31170818,23185724.362973247,49,256,0.04411914199590683,5.051265068352222,0
64cf33a4-3b17-4d0e-8972-c3e854dabd5d,bc4b3e2e-a544-48a3-9280-8f7a9f1c6340,23185719.43531081,23185719.4710266,23185724.52419831,37,256,0.03571578860282898,5.053171709179878,0
67f9e79c-9811-4202-9f00-124c29a912e2,577cf1e0-033e-4c7f-b0cc-e816c3d34299,23185719.60670146,23185719.644873008,23185724.705207102,79,256,0.03817154839634895,5.0603340938687325,0
9c114eb8-8ba6-409c-a0f4-317c2f76b29a,5f9ce3de-49c6-4e8c-bbe9-d21fe63779fc,23185719.773655955,23185719.822894953,23185724.88508257,79,256,0.04923899844288826,5.0621876157820225,0
0124201b-f6e0-4385-9264-bc47ec794653,b867b119-2d8e-4424-b34e-6caf7ae53a5f,23185719.94311935,23185719.979281146,23185725.0494962,43,256,0.036161795258522034,5.070215053856373,0
500e7a29-83e1-4d8f-b064-b32e55e6c5e3,c5379dc1-037b-416c-9c9e-a07855b371a1,23185720.110401697,23185720.164877493,23185725.231931556,127,256,0.05447579547762871,5.067054063081741,0
40749522-f472-479b-b2d7-6ca7b4eb4e30,bbb50428-2320-412f-ae0c-843e23648065,23185720.27806637,23185720.32870604,23185725.41212819,70,256,0.050639670342206955,5.083422150462866,0
3aaf9114-c84a-449e-bbb3-cf7f7ea920d4,de1446d4-979a-40f1-82de-71c3ac9239ba,23185720.446633056,23185720.48321415,23185725.579916313,79,256,0.036581095308065414,5.096702162176371,0
1fa657b4-5948-48e3-9da3-f4a92bf727f5,fe8928d5-ca15-4310-a05e-19f9f8556486,23185720.6135474,23185720.664545152,23185725.760502905,69,256,0.05099775269627571,5.09595775231719,0
260e4e4a-f8b5-4f1f-8cce-be74d49f2aa7,972f1b5a-f5ff-4485-a197-42119c21ffc7,23185720.783482417,23185720.822419073,23185725.91841311,55,256,0.03893665596842766,5.095994036644697,0
006c5e15-6b87-4113-9adc-f5b4a09aae2b,fb47ce6a-c539-4214-9393-a59fa2b47a15,23185720.95098007,23185720.999063168,23185726.094807256,44,256,0.048083096742630005,5.095744088292122,0
531572b5-7db1-4bb0-83c3-1da0156aac22,72daa064-b429-4abb-9aab-605c9a9c6a2a,23185721.121309157,23185721.157455936,23185726.2499409,63,256,0.036146778613328934,5.092484962195158,0
4f3d134e-ece0-42c2-960d-569b4036bd69,86f612d9-c48d-461e-a144-0c9d7e9a7328,23185721.288379345,23185721.33681692,23185726.426963978,89,256,0.04843757674098015,5.09014705568552,0
e77ba5d5-f04c-4164-a98e-cab3af8f6c37,40212754-876d-49bf-96cb-824279626f89,23185721.46032029,23185721.505465444,23185726.582181413,102,256,0.04514515399932861,5.076715968549252,0
c7a88f6d-a9c5-49ab-b6f1-9e50e54d9512,403edbfe-a8d0-4219-bf8b-27564de69a00,23185721.627482545,23185721.66399792,23185726.738401767,68,256,0.03651537373661995,5.07440384849906,0
185fb4c1-344a-4c2c-b526-1f232e9ebfa6,87ee3962-b160-4dc9-9646-d90a0c3e7290,23185721.79459905,23185721.84644997,23185726.911439843,100,256,0.05185092240571976,5.064989872276783,0
c114a1a5-984f-4eac-af77-3f7f2ab6f090,0ef47f65-f701-4adf-b101-8878c0ffd0db,23185721.96529375,23185722.004568294,23185727.067626234,65,256,0.03927454352378845,5.063057940453291,0
abc6951d-212e-4bf1-9d19-1d1f74d90892,e510f5c5-5f92-44c7-94be-130169a29326,23185722.134061772,23185722.174491256,23185727.23566006,64,256,0.040429484099149704,5.061168804764748,0
ef80b936-dc61-47bc-9f85-100bdc607656,69ee13fc-7de9-4c2c-b619-cb741ee1ff77,23185722.30175523,23185722.34799774,23185727.423282243,73,256,0.04624250903725624,5.075284503400326,0
f1a191e1-4ee1-4f12-8bca-dcf85ac0a400,247bb37e-7ce5-4bd1-8dce-7cc079dedf15,23185722.46892864,23185722.507490557,23185727.58645843,24,256,0.03856191784143448,5.078967873007059,0
f93ae57b-dcad-4522-82cb-a08ce3fd3444,cee61b5c-b252-4f47-95cd-8bc071edc317,23185722.636614617,23185722.68122933,23185727.84648606,68,256,0.04461471363902092,5.165256731212139,0
a9566321-254a-4508-ac51-982b2f408085,ac89c2bd-e78d-4978-b54b-de8a265220f7,23185722.80418047,23185722.852246247,23185728.288018808,88,256,0.048065777868032455,5.435772560536861,0
cfabcb57-8124-4dde-afdf-41395540aa5c,af1e0c92-58c1-49aa-8d7e-0e62e646bd2d,23185722.972099844,23185723.006308556,23185728.59753763,90,256,0.03420871123671532,5.591229073703289,0
30753af3-68f4-43bc-8cda-84f62ebf9cfb,8242ac06-d9b6-49a7-8c2a-54cbad74b3ee,23185723.13941523,23185723.185374342,23185729.05205094,92,256,0.04595911130309105,5.866676598787308,0
ec2278f6-d792-45dd-b6c4-72156f3419ca,40d84aa9-b644-4761-8962-37d68a07e874,23185723.306697298,23185723.33592169,23185729.26133483,19,256,0.029224392026662827,5.925413139164448,0
c12842a9-691b-45fa-b808-c134ed19e132,e0369f2a-b7ec-456d-9b94-ed3fae547e54,23185723.47492862,23185723.526609696,23185729.577336278,133,256,0.05168107524514198,6.05072658136487,0
dcecbe3d-68ff-4a4e-bc84-74c9da7ca1ba,a6ffd275-edd8-49f1-bbaa-835cd402bfd0,23185723.6456064,23185723.690655418,23185729.789884586,115,256,0.045049019157886505,6.099229168146849,0
9ad285f1-dd45-4bd3-8519-13ce5d33826a,db7ce350-6863-46a9-a7f7-da800c02db56,23185723.812558275,23185723.85659444,23185729.983807042,114,256,0.04403616487979889,6.127212602645159,0
a0867539-fe8f-4c44-8540-c66575660487,5df0ae4d-bc0e-4f33-bfad-d1dc737fc40a,23185723.98009376,23185724.033276446,23185730.204689186,81,256,0.0531826876103878,6.171412739902735,0
c1ac2f1c-a292-4073-8326-97b8b5147d31,fc1c0e8b-f4a8-4d2e-99b9-ce3f53261ecb,23185724.149350945,23185724.18558097,23185730.395130232,31,256,0.036230023950338364,6.209549263119698,0
45dea27a-12b9-4c7a-b8e6-a95f46564d1b,cd8f8b7c-b31a-4b1e-8fec-a2b1ae1d4f30,23185724.316256583,23185724.358464785,23185730.62748345,23,256,0.04220820218324661,6.269018664956093,0
f7c2a143-9873-4a1b-a07d-eae5f6332c0f,a7d46448-ecfc-407d-a0d5-2ce4a6778f57,23185724.483262148,23185724.521889832,23185730.81328686,93,256,0.038627684116363525,6.291397027671337,0
ea6bce84-3886-495a-93a5-2ae9fdd87596,b6787789-021e-4db7-82fc-c874954894d3,23185724.650753967,23185724.70362502,23185730.99371639,87,256,0.05287105217576027,6.290091369301081,0
ed236ae7-133e-4c4d-a8e2-571f836318d9,7c17ed94-4351-4356-bb44-c96d2b43c084,23185724.81834388,23185724.865767132,23185731.196260624,60,256,0.04742325097322464,6.330493491142988,0
9ee8534b-4681-4286-9d77-64e2d869e217,3ab6a312-15c7-41eb-a551-d74d394c04ea,23185724.985350817,23185725.031462234,23185731.3626204,111,256,0.046111416071653366,6.33115816488862,0
e9a33110-01bf-4b1e-a69c-e71a85b2e035,4ed1142f-a623-4101-950e-a9c3878df743,23185725.1523699,23185725.194081757,23185731.520441644,144,256,0.04171185567975044,6.326359886676073,0
696753bd-072d-490e-87a9-814197f15587,cb56f02c-83bb-4233-866a-8c76bf44f93a,23185725.32011212,23185725.36265539,23185731.685172845,129,256,0.04254326969385147,6.322517454624176,0
865b3559-4931-4e5c-ac7a-45bf83803e6f,2786c657-8095-41a2-ad4f-73f388e9dfab,23185725.48692825,23185725.542212646,23185731.860364337,111,256,0.055284395813941956,6.318151690065861,0
3dfefcb3-40b7-46c4-a8d3-ed681da09ea1,431523cb-781e-4fd5-b962-ff09f249c38f,23185725.65369875,23185725.699497882,23185732.018588543,51,256,0.0457991324365139,6.319090660661459,0
3bbb4333-04e7-4036-8d36-af11bbaf8a35,3309ca57-1617-4eed-9a3c-4194a2fa4c1e,23185725.820731577,23185725.858622447,23185732.230867118,24,256,0.03789087012410164,6.372244670987129,0
4b800046-409f-49af-ab30-f6e6830c6aea,3f5d2193-0473-4513-87c4-67363f9fbb0e,23185725.987536352,23185726.03545178,23185732.42056836,62,256,0.04791542887687683,6.3851165771484375,0
45303c21-5c87-46b1-8e37-5c089863d710,d23bc2a0-1cf0-4034-b290-a890e653d4e9,23185726.154488992,23185726.190989602,23185732.58418846,41,256,0.036500610411167145,6.393198858946562,0
33f2293f-3382-40b9-966e-20179108c517,f9c056fa-b81f-4fb8-b901-8278a0296175,23185726.321444888,23185726.36843057,23185732.79265447,36,256,0.0469856821000576,6.424223899841309,0
85ad1466-8d25-4c6c-8dac-dfc5557701c5,51f5bdac-9ffc-4860-b52d-050e66040a60,23185726.48875924,23185726.525665324,23185732.993533444,22,256,0.03690608590841293,6.467868119478226,0
479abe67-4f05-4be9-8a0d-9f8ba9a053ab,7ae05769-1a98-4496-99dc-d97cca19c7eb,23185726.65610236,23185726.698023308,23185733.20443401,37,256,0.04192094877362251,6.506410703063011,0
a139ca79-2aeb-48f4-ae2c-88783f3ddb05,da86f2fc-4e0f-45c1-880e-71b197a253a4,23185726.823151767,23185726.873802096,23185733.399436515,22,256,0.050650328397750854,6.525634419173002,0
c72fde96-b473-42ca-8919-da625688775e,170ce84d-081d-43bf-8715-b39033166dbd,23185726.990854055,23185727.026255045,23185733.561372183,15,256,0.03540099039673805,6.5351171381771564,0
a42d0161-ac1e-4706-baa7-637c756813a5,a0a91461-5c58-439b-9795-98352b9b7592,23185727.1587428,23185727.201303806,23185733.763193034,30,256,0.04256100580096245,6.561889227479696,0
397f9a58-ca4a-4c5e-a21b-ccc2eb74cbe1,c7c95bee-4a2c-4ef1-af10-1c099c3b4e9d,23185727.327175204,23185727.383117836,23185733.962921105,100,256,0.055942632257938385,6.579803269356489,0
4065cfe3-3427-447e-8ae2-65ab883bf027,6d5ed26c-727b-4eef-a996-11072e2ed884,23185727.49447442,23185727.544697,23185734.12879754,153,256,0.05022258311510086,6.584100537002087,0
d7949828-8424-4dea-95d7-653b143c02d1,370cc999-449b-468c-a43a-c6c39ed4538e,23185727.66453574,23185728.496269386,23185734.654488068,4159,256,0.8317336477339268,6.158218681812286,0
1d0275f3-87e7-403e-9385-6ba853356b0d,6d89910a-d828-4bbe-b882-b704acb57ad0,23185727.831952393,23185728.52153909,23185734.67539123,24,256,0.6895866952836514,6.153852142393589,0
f2b3d6a1-5fbc-41d6-b0fd-af599b5da5b2,9db2b637-4acf-4151-a599-2f48853c11cb,23185728.168278452,23185729.07397478,23185734.94181871,29,256,0.9056963287293911,5.867843929678202,0
14ec24fb-12c8-464a-ae1d-d2ea7ba3c15e,366c48f5-a28e-41b3-8797-27bc5db02384,23185727.999607425,23185729.077805694,23185734.94689326,3267,256,1.0781982690095901,5.869087565690279,0
5c5ca8df-8a5d-471c-b357-fbd5aa5aad81,e3fc182a-1b3f-4b7e-9245-a85eb07efc5e,23185728.336021747,23185729.361132264,23185735.12337916,2263,256,1.0251105166971684,5.762246895581484,0
08664ee0-f00a-46b8-9150-673c5cfe549c,48ceb95d-4a05-47e4-b98c-a08a90be1c6b,23185728.503519483,23185729.54504899,23185735.244198114,1376,256,1.041529506444931,5.699149124324322,0
ec24e2fe-1273-4474-99eb-a9419a3cd2ce,cac2479b-fb23-47e6-8111-9e6809f2560a,23185728.671110507,23185729.570641957,23185735.260694887,51,256,0.8995314501225948,5.690052930265665,0
14c87259-9c7b-40a7-a148-e22b0b1ff3ba,2946178f-4ff2-4376-a659-a8920f12cfd8,23185729.006149583,23185729.65144865,23185735.321069244,27,256,0.6452990658581257,5.669620595872402,0
02c71647-2058-422d-9368-97d5941df086,7840f576-8676-46a7-888b-da17facd9204,23185728.838746436,23185729.653301846,23185735.325906657,706,256,0.8145554102957249,5.672604810446501,0
bb51961d-38d2-432f-9613-2a29e813d5cf,474b5b7e-fcce-4952-b1d4-af9ec95534ef,23185729.342261683,23185729.75835035,23185735.403855573,117,256,0.41608866676688194,5.645505223423243,0
e42b6b45-310e-40fe-a4ae-31d1939c65bf,e72db96e-dbf1-49b5-a757-8dfd365d8dd3,23185729.173597366,23185729.762276143,23185735.40938038,802,256,0.588678777217865,5.647104237228632,0
b17d7a60-237e-42d5-b811-0508dac975fd,27da97ec-4851-4048-aef5-3e2dddc81411,23185729.50941033,23185729.788209334,23185735.42581767,51,256,0.27879900485277176,5.6376083344221115,0
a0f69cf3-15a2-4659-bec5-e0d4aed4727e,36ae4593-b248-4f49-830a-2d414c477da5,23185729.676324096,23185729.836393375,23185735.464393575,412,256,0.1600692793726921,5.628000199794769,0
7cb7baf1-01d0-4beb-8a57-4ecc4341829b,075cb4aa-9261-4d4b-a2bf-1afdb902fe1d,23185729.84403684,23185729.96076904,23185735.564040974,502,256,0.11673219874501228,5.603271935135126,0
22cacc57-11eb-43f3-93ba-349575a35a39,506d93ab-0d26-4e8e-aaf0-71bc9c9ce808,23185730.012800124,23185730.28386925,23185735.832397487,1644,256,0.27106912806630135,5.5485282354056835,0
5f42e2f8-83e1-45f1-8134-ce121a2187bd,85a8dd15-aca4-4692-874a-e89555bdde8d,23185730.18001168,23185730.308053326,23185735.851928983,141,256,0.12804164737462997,5.543875657021999,0
1fc09f96-dfc4-4bba-b099-39ad7f89facf,8ac660aa-5829-4b17-b781-81c008ad3dee,23185730.34923853,23185730.525786042,23185736.062332958,908,256,0.17654751241207123,5.536546915769577,0
7038241b-c4c1-4c50-b3f1-936de4d39fd5,c33f9b2d-d4f0-4051-9109-a3e5634e8319,23185730.516750906,23185730.710160907,23185736.21466259,1134,256,0.1934100016951561,5.504501681774855,0
f45965af-da0d-47f8-8bd3-75fd2009261a,06797c31-31b2-4b37-9afd-e3da40c1dfd5,23185730.683457505,23185730.72904615,23185736.231057666,26,256,0.045588646084070206,5.502011515200138,0
3c360dcb-059d-4837-b12a-79da4957f687,eb4239cd-99b6-4eb9-8475-316a6d44eb2b,23185730.852273162,23185730.890595783,23185736.25227494,14,249,0.03832262009382248,5.361679159104824,0
3c5e5a29-c1fa-487b-9b89-fc55ea1a12bc,897005ed-46a4-49dc-a4ca-26d720b16df3,23185731.019749295,23185731.21759703,23185736.673468813,924,256,0.19784773513674736,5.455871783196926,0
b0a2d045-38de-401b-b4a9-ed4dc0645169,b31ea80a-4e31-47df-ad70-91efe1677abf,23185731.187550016,23185731.239390202,23185736.69309351,85,256,0.05184018611907959,5.453703306615353,0
ee22c7ed-d75b-4e94-b348-17f2c494b74b,46fd2402-1f93-4b74-85f2-9e1bb90cc36a,23185731.355263498,23185731.40420822,23185736.872671273,29,256,0.04894472286105156,5.46846305206418,0
d7a2d58e-e5b7-462f-97a9-4d00bad4ccfb,8bdf5dbc-d68b-4938-86fa-3139f2ccf085,23185731.523899756,23185731.56814126,23185737.056908738,149,256,0.04424150288105011,5.4887674786150455,0
9f36a56e-27ef-44ca-8ca7-96016b382cb0,8ce0f935-1ecc-4bc6-b16d-9ab4f3eae71b,23185731.691023514,23185731.74021558,23185737.261495277,97,256,0.04919206723570824,5.521279696375132,0
b83f8c6f-e6e9-41f8-b574-32e29cbdd486,45a99128-25fb-4e86-87a3-88d6085019a6,23185731.8604894,23185731.896716207,23185737.469883077,74,256,0.03622680902481079,5.573166869580746,0
e37a96bf-bc6e-4e46-8b64-8f2b91ccfd15,7bb169de-0bfa-4bde-a79b-72e8521f342c,23185732.028233007,23185732.249459714,23185737.88037143,974,256,0.22122670710086823,5.630911715328693,0
1e321d76-c8fe-48f6-b7ad-3061e5c947ec,def18a69-4920-4696-a890-c17132c2b482,23185732.196250044,23185732.252702914,23185737.882644806,16,256,0.05645287036895752,5.629941891878843,0
65c56079-c39c-47ef-ade3-1e1643316b7a,18a156af-86bd-4822-9587-ff3446f4c3c3,23185732.364829503,23185732.420410883,23185738.12447509,84,256,0.05558137968182564,5.704064209014177,0
b99c9fa0-d6d6-43f3-a2a7-59f296bcc42a,a15ff313-3278-4858-9d47-a93cceaf171e,23185732.5330444,23185732.585525785,23185738.327268094,45,256,0.052481383085250854,5.741742309182882,0
ceae5bd2-c965-45d6-8519-aec258224058,a61164a3-318c-4a8a-ac28-9e0cc791ccb9,23185732.868574902,23185732.92726656,23185738.6124942,23,256,0.058691658079624176,5.685227639973164,0
edc063bb-4308-477e-8c47-1ac7d1761e41,bfe78190-70a9-4148-93fa-3027308052da,23185732.70051297,23185732.928855207,23185738.61595178,1086,256,0.2283422350883484,5.687096573412418,0
a5bab216-fdcc-4bf3-9878-ceaa83e38d1d,a0973425-1aa8-479d-b102-cd993846a72a,23185733.035996947,23185733.182899985,23185738.849875536,512,256,0.14690303802490234,5.666975550353527,0
33ea2924-b732-423b-b43d-66d3cd2fcf17,ccb12edb-6370-446b-ad05-b424b542b10e,23185733.207270093,23185733.244302463,23185738.9076144,14,256,0.037032369524240494,5.6633119359612465,0
8e8bbc33-212e-41bb-8514-03d197198a2f,cd16a13a-e8ad-4308-a69e-638ea02741f2,23185733.374425407,23185733.435833815,23185739.092109874,23,256,0.06140840798616409,5.656276058405638,0
aa2cdb89-a162-4620-aeea-83abc7aa2d63,4cd71a84-3bae-4fb9-97da-dee0de1cb73d,23185733.54356475,23185733.584716715,23185739.26411166,28,256,0.04115196317434311,5.679394945502281,0
9c49a0f9-7574-4e10-88af-6a207b7a1275,032475c9-ea0c-4422-97a9-1820fd861038,23185733.71091114,23185733.81697468,23185739.4881286,410,256,0.10606354102492332,5.6711539179086685,0
4f81411d-0794-4c74-a5cf-f57ccdc34da4,6d3c8766-6b3c-4cfe-80f8-116a43d19b77,23185733.882490877,23185733.923954453,23185739.595553804,19,256,0.04146357625722885,5.671599350869656,0
7942d008-938b-4417-9a00-fa614f7cbf79,1a54d9b4-7f73-4a4c-b4c4-f3cf6c283269,23185734.05017241,23185734.084167644,23185739.759017672,17,256,0.03399523347616196,5.674850028008223,0
60fe0fcd-fb55-4054-81f0-f38eb09da68b,9417f6a0-e3fd-41ab-9e44-1894697aaf17,23185734.217606112,23185734.282430727,23185739.943342123,124,256,0.06482461467385292,5.660911396145821,0
9db2fc25-4358-47d9-b903-df2f9b36c7c4,b6f5e21b-dfe4-4879-a8eb-d4045fac7389,23185734.38538142,23185734.449822284,23185740.107007813,14,256,0.06444086506962776,5.657185528427362,0
d8dd67c7-f1fb-415e-b321-b49bab21947c,ba1f19fe-9106-427e-8d7a-bc99df0e841c,23185734.554120727,23185734.63323212,23185740.2817023,151,256,0.07911139354109764,5.648470178246498,0
f9f1f387-f444-44ef-b73f-7b588183df75,25121d20-7051-4f8d-9d1e-62b813ca621a,23185734.72113982,23185734.775448054,23185740.42466319,18,256,0.05430823564529419,5.649215135723352,0
8942eaa8-c400-4707-864d-da39c6407413,66dd16bb-53c5-4cf1-805e-171eaf3ef9aa,23185734.88846525,23185734.943818897,23185740.588230938,12,256,0.055353645235300064,5.644412040710449,0
1b5d1ffd-20e2-4af0-a60c-0aa79515cc9a,b3a8132c-80be-4922-87d1-565b4f86a639,23185735.055444267,23185735.10582972,23185740.760739893,27,256,0.050385452806949615,5.654910173267126,0
65dc87e0-0ac3-4320-93c0-5249e09b5f31,66790fa3-c40d-478a-b0af-87657c6a37df,23185735.22398835,23185735.26213342,23185740.925350722,78,256,0.038145069032907486,5.663217302411795,0
370ea063-d7f4-43c2-ad31-39c9687bef9a,87d08713-b553-4128-854d-e9a25d110fd7,23185735.390991192,23185735.439222008,23185741.104888115,14,256,0.048230815678834915,5.665666107088327,0
0ab79360-68bf-48ce-9efe-023e07b4fcf6,976be39a-9859-4d60-819e-292e9c3b0b67,23185735.558160517,23185735.608501427,23185741.273776684,100,256,0.050340909510850906,5.665275257080793,0
e2a98a3c-fc65-4dd8-9551-12ca0addb98a,9eeab7fc-880d-4c77-9b12-64b462e7ab23,23185735.726608705,23185735.772931408,23185741.445400868,25,256,0.04632270336151123,5.672469459474087,0
8d4c1c26-7aba-4b6f-9569-925b9ba0ac13,3d456835-4653-4edc-bdbc-c9f99403819a,23185736.901835132,23185737.08404767,23185741.64812792,1339,205,0.18221253901720047,4.564080249518156,0
6e8ffed2-8c2a-478a-ae5d-67bfdef24568,94a00ae8-ae48-4855-95b9-869a6e925d78,23185735.894387465,23185736.11268127,23185741.74537777,1464,256,0.21829380467534065,5.6326965019106865,0
a737633a-f8f7-45c5-b84a-32a0f97c847a,9d48850d-2f32-43cd-93b5-be13e9661a76,23185736.568082564,23185736.6904697,23185741.74837155,695,227,0.12238713726401329,5.057901848107576,0
b69fff33-6152-48ea-9766-dec98f3aa5d5,4fbd2509-eca2-410c-ad0f-2cc907028b31,23185736.06245392,23185736.115596432,23185741.748511307,21,256,0.05314251407980919,5.632914874702692,0
29eb5d5d-b1fd-472c-983e-31ed03979b97,5e3adacc-7f45-4d33-8b7c-a8fc0776e79c,23185736.23402804,23185736.268573504,23185741.901532166,38,256,0.03454546257853508,5.63295866176486,0
96eae2dd-29ba-477c-a783-1e83b97255fe,606b068c-3af7-44c7-b6a4-95ca1d2743ff,23185736.400908664,23185736.43773819,23185742.082429536,26,256,0.03682952746748924,5.644691344350576,0
03f98815-d284-444c-b2df-7caaf227273f,6832ac7a-372e-48b1-a878-76b3b7ab6ef8,23185736.735012025,23185736.870993085,23185742.54156862,799,256,0.13598106056451797,5.67057553306222,0
f8331718-7af3-48fe-8025-14aa10be8091,e3d9a2ca-2054-4083-9c08-ae8b1a1ce522,23185737.06915189,23185737.311390307,23185742.95473992,1606,256,0.24223841726779938,5.64334961399436,0
3fabea35-93a7-460c-837f-31e14304a726,8b991526-ab72-4917-b9d1-cb130ccb661f,23185737.23626559,23185737.63604371,23185743.20028027,2791,256,0.3997781202197075,5.5642365626990795,0
218d9241-1833-487d-a3e8-3d705b441643,eda3b0a9-6502-4157-a4a7-8e9f02920a1f,23185737.403456144,23185738.013354838,23185743.461138938,3036,256,0.6098986938595772,5.447784099727869,0
dcca265f-97e8-4821-8a3e-0a7f836d192e,6c94c4e1-97c2-4173-be3c-4c7655747cae,23185737.570740808,23185738.092599805,23185743.515972186,496,256,0.5218589976429939,5.423372380435467,0
17056bdc-47ee-41bb-b57a-1e0948b4b36d,010319d4-d7c6-4f8f-ac2b-f30cc68f4fe7,23185737.908577748,23185738.094958972,23185743.518624764,33,256,0.18638122454285622,5.423665791749954,0
b9e10000-d41c-4055-b9f3-93a5c839ef13,dc758f8c-7c96-484c-b54e-ac0325d062f3,23185737.73781968,23185738.09628989,23185743.52217691,42,256,0.35847021266818047,5.425887018442154,0
31349104-a7ee-4088-8680-7d95cc470cc9,49bafb28-dd77-4608-8907-7567ba38f8fd,23185738.075565297,23185738.28667699,23185743.66273349,1520,256,0.21111169457435608,5.376056499779224,0
0192e1c6-ede9-4eb3-9b19-dbe3e4708bf2,bd3bfd50-6b55-4a55-951c-a7d926de0f93,23185738.242445044,23185738.307331126,23185743.683354232,18,256,0.06488608196377754,5.376023106276989,0
945e0792-738f-4015-9d25-a0bbf53ff088,89b9e1fd-995e-48c4-b230-9480ec162cbf,23185738.409350168,23185738.447253805,23185743.814015433,23,256,0.03790363669395447,5.36676162853837,0
a2954d91-ecd4-4f92-a598-b7ff58085b54,9defcc64-d8ff-4c77-9721-090647ca6536,23185738.576865457,23185738.659880243,23185744.014232177,314,256,0.08301478624343872,5.354351934045553,0
ceac1631-ff55-425e-b3a9-771e51d585e0,3b4af7e3-5b1b-4cbd-881e-eea63c0669e2,23185738.74606972,23185738.78439554,23185744.134418186,22,256,0.03832582011818886,5.3500226475298405,0
3503522f-4620-40d6-b506-5f134636fcd5,f1e13ef6-e7da-4d75-a466-bfb263abad1a,23185738.913311858,23185738.948246982,23185744.349913966,32,256,0.0349351242184639,5.401666983962059,0
c4d321a3-028d-42ec-83b9-fcd76703c303,3d80bb0b-885e-4863-b6c5-2d8293159c25,23185739.080374703,23185739.218216177,23185744.592771374,868,256,0.13784147426486015,5.374555196613073,0
9fba9fe4-4cb4-4df0-be7e-55e5c8544bb6,86329505-38c1-4648-9e5d-e13542cf901b,23185739.24765175,23185739.38544993,23185744.731867235,729,256,0.13779818266630173,5.346417304128408,0
b2eaabcf-5519-4d97-a8a1-9799fd9f6abc,567161a9-3cf8-4f81-818c-8fc5a4c0d8a2,23185739.41476832,23185739.467668146,23185744.807641644,68,256,0.05289982631802559,5.339973498135805,0
7197482a-f020-448d-937b-0325f280b002,9ee50616-cc24-4e8e-9ca3-c5dadbe3e9ef,23185739.582531966,23185739.63282958,23185744.963464588,43,256,0.05029761418700218,5.330635007470846,0
b9c7b767-8514-4eec-b22c-7ea6c1df4416,a2e8a10c-1774-48d7-8c8f-08df123cb8e2,23185739.749744914,23185739.80082258,23185745.11967202,56,256,0.05107766389846802,5.318849440664053,0
4fbe4efa-15c4-4b6f-9caa-3f71b3c0cacc,5bb1a70d-81c6-47b1-b230-8a27e159df87,23185739.91659207,23185739.96288856,23185745.266853005,32,256,0.04629649221897125,5.30396444350481,0
53a568dc-adaf-41a7-991c-86dd154ec125,cf01b029-116b-4e78-b1b9-01923076aaac,23185740.083625764,23185740.135560088,23185745.543958362,149,256,0.05193432420492172,5.408398274332285,0
909f09b7-95a8-4b61-968c-97a50124186d,de92ca8f-d232-45ab-a4aa-89958a7567bd,23185740.25094016,23185740.29851029,23185745.696145732,15,256,0.047570131719112396,5.397635441273451,0
b07a0a98-730d-4e6f-bdcd-27a09e843b33,673e1c1f-e3de-4267-97d2-bb901a320c81,23185740.423397217,23185740.463129118,23185745.84971222,20,256,0.03973190113902092,5.386583101004362,0
27dc72ae-e2ae-479e-8cd9-45e09c419ef2,30d02150-65cb-42ed-b2db-f33ab27067ac,23185740.590431232,23185740.636083845,23185746.000444043,117,256,0.045652613043785095,5.364360198378563,0
ec66d979-27be-4205-99ec-bfaee817adf6,bf92ec62-57a3-4402-8c7c-845f90983b80,23185740.76081104,23185740.801694382,23185746.152753398,22,256,0.040883343666791916,5.351059015840292,0
36e8efc8-2203-4422-9e75-1b86c9ea3924,099ae13e-758d-43af-a4c2-20d640336497,23185740.928561386,23185740.96128534,23185746.303412337,13,256,0.03272395581007004,5.3421269953250885,0
53e20007-bda5-4668-b9cf-1cb6ab20c279,1e8d3ee6-7e6f-462c-b0f4-d40685c47282,23185741.096799817,23185741.147755112,23185746.487650108,33,256,0.05095529556274414,5.339894995093346,0
6db2873c-c391-4f9f-8bd2-be74bf05bf72,b1f27b71-9d30-48aa-934f-8e7ad58ca437,23185741.263738163,23185741.3105243,23185746.63476215,33,256,0.04678613692522049,5.32423784956336,0
4db7bea9-f522-4913-8135-00b43c37f7f8,3daef4ef-9177-46e0-b622-497c956ab8bf,23185741.430964947,23185741.477830153,23185746.78924496,95,256,0.046865206211805344,5.311414808034897,0
9dac5fe6-bba8-4ef3-a133-44cdcbf099cc,d5ea13ab-4c36-4f67-afe7-ab4f6852ad36,23185741.598804887,23185741.646813467,23185746.9441732,23,256,0.04800857976078987,5.297359731048346,0
75cbc049-68b1-4ac3-bac7-c03314120ac6,ca39227d-9f64-487e-b5e8-104980278dcf,23185741.765706744,23185741.807912078,23185747.09857362,49,256,0.0422053337097168,5.290661543607712,0
9983a701-a1f0-4696-8ea9-79c74afda5ab,202444b5-2ca9-42b6-860f-a9cb079b20ea,23185741.933867957,23185741.982926775,23185747.267290507,44,256,0.04905881732702255,5.284363731741905,0
3feeedcc-76e0-43cb-bb3f-60546adb087d,d193cef2-6ac4-4fc4-931e-86b6e4d91662,23185742.10178435,23185742.1405713,23185747.434648782,20,256,0.03878695145249367,5.294077482074499,0
a789db75-ed15-4419-aa48-8c5b672fbdc6,701ad9b6-5c5b-4b07-9a4b-3cf9cfc571d0,23185742.269462906,23185742.646526605,23185747.820566535,2702,256,0.37706369906663895,5.174039930105209,0
2136098a-cec6-476f-903f-8df73b64d7be,51c0bf3c-c6e1-4a50-9394-1ca0b778b406,23185742.436833877,23185742.6725505,23185747.839133352,30,256,0.23571662232279778,5.166582852602005,0
974c2bef-92d3-4c35-970a-b2a29f5707bf,27ba602b-5033-42f7-9f0e-0c276e583146,23185742.603607733,23185742.672976997,23185747.83925874,146,256,0.06936926394701004,5.166281744837761,0
fe1ec292-657c-4e6a-9b83-a461e66a5122,c60c22a1-c73b-420d-b286-f2549c97acf2,23185742.774848763,23185742.813672528,23185747.971646603,16,256,0.03882376477122307,5.157974075525999,0
f359a4ad-b412-409c-87bc-b088635f7d94,f28343aa-b032-4446-8aef-26177427fea6,23185742.942451276,23185742.99563527,23185748.14161298,94,256,0.05318399518728256,5.145977709442377,0
0cc155ee-cdbd-4338-a0cb-36ba29d72db4,2f194ae7-cf34-46bd-9f66-a55efd4955d2,23185743.1101428,23185743.156911843,23185748.29885046,23,256,0.04676904156804085,5.141938619315624,0
f21fc558-08c6-4bb9-9b67-1865cd7dc85c,14cf15bb-8238-41a6-b191-390cc5447bb0,23185743.279642686,23185743.317913864,23185748.45211747,20,256,0.03827117756009102,5.134203605353832,0
214dc6b3-71b6-4474-a86c-e8227fc284af,6ae03c43-e022-4308-b550-19687e834796,23185743.446559973,23185743.49531516,23185748.62110737,15,256,0.048755187541246414,5.125792209059,0
75083fe5-bf23-46b8-915c-9ad7d4a72980,d1a701bd-2580-4525-8436-11821672913c,23185743.615081985,23185743.661249977,23185748.778322797,19,256,0.04616799205541611,5.117072820663452,0
fc92be17-857a-4778-b58a-526008de54c7,7cbe80dc-62f2-4b55-97e2-6e0cda57fdbc,23185743.782829676,23185743.829470623,23185748.9484178,25,256,0.046640947461128235,5.1189471781253815,0
53a999cb-f8d3-4ff7-8272-39c6cb760284,f179a5d2-4afd-4ab7-9d2c-4c499b0f0497,23185743.950073503,23185744.03553582,23185749.147201512,398,256,0.08546231687068939,5.111665692180395,0
d9c32a1e-0ebe-4368-b138-cee276276d3d,b89a21e8-ad84-4f95-946d-cb5460795aae,23185744.116857633,23185744.27188444,23185749.32122078,517,256,0.15502680838108063,5.049336340278387,0
73eb64e4-3753-4034-b71a-2bf57916ff8c,85632730-f1ca-49cf-8c77-650fd6b95ed1,23185744.284109134,23185744.329438157,23185749.379711017,39,256,0.0453290231525898,5.050272859632969,0
56d3be53-489d-401d-be01-986db31d336f,38b43716-fa6a-4353-aed7-0b51518a2a63,23185744.451215494,23185744.508911207,23185749.548734203,170,256,0.05769571289420128,5.039822995662689,0
4ad38576-d3ba-4683-a8f1-e8ddad430a70,924fad8a-20e3-4d8a-80f0-d9de55cded86,23185744.61869611,23185744.6690507,23185749.79103547,30,256,0.05035459250211716,5.121984768658876,0
3e4714e5-7704-4bce-8efd-c6f56f170e50,5b26742d-5679-4830-83ce-21f8813f9708,23185744.788633093,23185744.823224243,23185749.942491908,26,256,0.03459114953875542,5.119267664849758,0
5c8bed7c-acd7-4bf9-bf7c-f88576b5dd85,b1081a1a-cf4d-4a31-a1fb-debe5edc0c36,23185744.964077625,23185745.020355828,23185750.134593647,46,256,0.056278202682733536,5.114237818866968,0
b839ac36-765f-47d7-8529-cc42a65c7538,ed9e7cf5-e5e4-4dd5-95ff-2ddfffbf2cf8,23185745.13849812,23185745.17767876,23185750.288228445,18,256,0.03918064013123512,5.110549684613943,0
ebfd4b23-a118-4a95-876d-89d6c49e2c1c,441e4712-98da-4434-b1f8-89b75e326d10,23185745.307713658,23185745.54186848,23185750.533559028,1095,256,0.23415482416749,4.991690546274185,0
aa68b554-6367-4d9f-9363-ec3001d5876d,1df40c33-a4b4-4f66-928f-e07b9c4723d0,23185745.475564983,23185745.545206226,23185750.53843235,30,256,0.06964124366641045,4.993226122111082,0
5d077a17-c636-4097-aa7e-e2b86fd32238,1a160f17-bc2e-4faf-8f2d-cca4b51f73f4,23185745.643173575,23185745.67647226,23185750.667333506,29,256,0.033298686146736145,4.990861244499683,0
c372ac83-b0ea-4c35-8b3d-801e24a341f8,f2b14c3c-48fc-47bc-8cdb-e45197df0307,23185745.810395986,23185745.846782126,23185750.838997383,33,256,0.03638613969087601,4.992215257138014,0
40114c87-9e0a-4967-897f-a73cd15f8202,e72c6c19-5b9a-474b-a38c-b28b7369621f,23185745.980651326,23185746.01904584,23185751.01362381,17,256,0.038394514471292496,4.994577970355749,0
6d2c7e67-08b4-4ab0-8a38-f9eb745841c4,8845825d-fa5e-487e-b557-026d9724ca0b,23185746.15261934,23185746.19210932,23185751.18334276,19,256,0.0394899807870388,4.991233438253403,0
505eff60-1baf-4692-9be0-3bfdbe5592db,2f3cc05e-f7b2-4f4c-b732-7c030c4b9e5d,23185746.324405298,23185746.36173048,23185751.351725742,22,256,0.0373251810669899,4.989995263516903,0
b5ef00b0-9a85-4d43-8c87-9d5ba09f5c52,d6a8cb2d-42a8-495e-a6ec-5bc9612e9d5c,23185746.491890468,23185746.544118635,23185751.563680407,14,256,0.0522281676530838,5.019561771303415,0
05c764ba-9771-4e21-80ec-63dbeaf0d39d,0fe51939-1fef-4b7e-9417-65ca9ee868d0,23185748.51916445,23185748.564742666,23185751.64146284,12,155,0.04557821527123451,3.0767201744019985,0
33eb2cbf-a7fe-4aba-8847-95f412a811a3,3b91e70a-8edd-48a9-97df-c4f41ea31fcc,23185746.65957033,23185746.693747852,23185751.714577008,21,256,0.034177523106336594,5.020829156041145,0
b61cb229-393a-4c7e-9d53-a7e2c8b613b8,81d54d78-ae24-42e8-ad66-98483e576927,23185746.830265693,23185746.864730958,23185751.889469367,16,256,0.03446526452898979,5.024738408625126,0
8b40ffbb-7111-4b2e-a918-f26cae448a48,fa6cd31b-63e0-4080-ba93-95d90046abe9,23185747.002015136,23185747.039797504,23185752.1047458,32,256,0.03778236731886864,5.064948298037052,0
22b58bdd-db32-4f78-9d74-af666d564813,f8412457-0b51-4c4c-b158-863f01408ed7,23185747.17073219,23185747.21421964,23185752.338755634,26,256,0.04348745197057724,5.124535992741585,0
b57373d3-80ce-437f-ab6b-75f398cf355a,2188631f-88f6-474a-90f9-1d1318b702b1,23185747.33794703,23185747.388913285,23185752.515634164,195,256,0.050966255366802216,5.126720879226923,0
5e6da85d-81aa-4361-a7ed-2446a0db9cfc,6e0297b9-8cda-49ea-9e41-fa4319de094e,23185747.505735904,23185747.550496016,23185752.669306982,35,256,0.04476011171936989,5.1188109666109085,0
71e7e7d2-71ea-466e-965c-5b6537b5a613,91cecbe2-1d82-45c6-9ce4-9329c3556e6b,23185747.672597863,23185747.72115756,23185752.84785301,20,256,0.04855969548225403,5.126695450395346,0
7ab6ffe9-6b7c-44a1-953a-38cf054f2862,66c989c2-6367-4577-9974-b2a03a65d3ed,23185747.839396957,23185747.874653887,23185753.00089051,14,256,0.03525692969560623,5.126236621290445,0
195209ae-1ee1-4b41-b300-a15e91f77e4f,93740d82-bd10-42d1-a563-dffca89f767b,23185748.013080392,23185748.049658827,23185753.17515036,19,256,0.03657843545079231,5.125491533428431,0
e00919fd-a533-452b-acc5-c1022488c57c,d68f2ff3-1fb6-4e75-861c-87f3649fe601,23185748.182410646,23185748.22123412,23185753.348048367,40,256,0.03882347419857979,5.126814246177673,0
3a12bdb7-f297-4d8c-a640-aedd6d079324,e9fc9c9e-fd85-40a6-b325-9828bf0bdef0,23185748.350872297,23185748.392462954,23185753.519942593,13,256,0.04159065708518028,5.127479638904333,0
be3d0d74-f498-4f4d-a8ac-7564717877fc,88ad51e8-881a-49ad-9890-3e6e8fe49db0,23185748.686858714,23185748.738230444,23185753.86462925,64,256,0.051371730864048004,5.126398805528879,0
d4be2ba0-a49e-4447-88b6-e784a6bebeb2,4336c8f0-5662-4c21-8c72-aff14513b9b3,23185748.8550648,23185748.89691488,23185754.015705112,97,256,0.04185008257627487,5.118790231645107,0
16f8d677-2f66-4bce-b81b-cfa1b5234da8,895cce8b-5f7f-4881-b48d-fdaf202069d0,23185749.02192353,23185749.069655795,23185754.221517988,168,256,0.047732263803482056,5.151862192898989,0
2cc61475-597b-491d-9050-df99f4e49d3b,2dd431e5-617d-4f2c-87d2-17b0491bd0d8,23185749.18923111,23185749.224051856,23185754.378840283,35,256,0.03482074663043022,5.154788427054882,0
f6bceb58-8958-4643-a0f8-f029588e8350,f55009a6-3b95-45dd-b47f-78866c7b09df,23185749.358777586,23185749.39842043,23185754.589095168,80,256,0.03964284434914589,5.190674737095833,0
47138c03-ce6f-4773-840f-7d7254466d2b,0c03f8da-1050-44b6-ac88-062d31900798,23185749.526249208,23185749.71385116,23185754.876187082,872,256,0.1876019537448883,5.16233592107892,0
5fdc4eb5-1f78-4167-a819-78620c8d0992,ea600a00-d477-49da-a402-6286e1372f92,23185749.694193263,23185749.731873088,23185754.893285688,49,256,0.037679824978113174,5.161412600427866,0
59482171-a1bd-4f50-9970-a8e5d44ca064,989d7b99-c858-4da8-8074-e4d143a7e522,23185749.861142132,23185749.90356431,23185755.066167466,17,256,0.042422179132699966,5.1626031547784805,0
69ee342d-73e5-473e-b5a2-b897566c6f42,bbaf63ec-2c2c-48c7-808f-ee4c197db8bf,23185750.028247055,23185750.076162368,23185755.236156438,76,256,0.04791531339287758,5.1599940694868565,0
9cbd1839-289a-4022-8dc3-56e5bc93ce92,d7cabbd3-5ca3-41e5-9dce-8e59e7e945d6,23185750.19562447,23185750.229249127,23185755.42691134,17,256,0.03362465649843216,5.197662211954594,0
1f179d3b-a11e-4b39-990a-40a912f06a41,87caa8a0-c3bc-4bcb-ab41-674769a3884a,23185750.364136957,23185750.404746987,23185755.636446837,33,256,0.04061003029346466,5.231699850410223,0
7e86a936-cb13-49f3-b1d0-bf58e71fa95f,4c32e4c7-eb76-4c64-8e10-9909ee72c5a0,23185750.5331562,23185750.570644982,23185755.803050585,15,256,0.03748878091573715,5.232405602931976,0
0afe918f-209f-4ae0-86e9-167b3f79ddaf,ba24e5ae-ad18-4886-9c39-a46368e65821,23185750.702571508,23185750.741522495,23185755.975100763,26,256,0.03895098716020584,5.233578268438578,0
57f1eb3f-59cc-4b3d-aac1-7a5fdead1df2,91ee27ec-db3a-4801-91af-822f4e835ec2,23185750.87022427,23185750.91378837,23185756.147679646,24,256,0.043564099818468094,5.233891274780035,0
e9ffa793-9f89-43f8-87c0-3c62baeb5a1f,45a1f98d-06cc-45dc-8b1a-491a2f09f73e,23185751.037410215,23185751.087101478,23185756.31803141,41,256,0.04969126358628273,5.230929933488369,0
a8783132-71aa-49f1-b0d4-855f8c0bd6e9,8ab85b15-1ac6-406c-9455-c93a025c4085,23185752.047057193,23185752.082031813,23185756.354085725,18,210,0.03497461974620819,4.27205391228199,0
b57dc9c5-23ec-4724-a147-07a4c09b9568,f290b4a4-57bd-40ff-a158-4124826d6f05,23185751.20499066,23185751.239595965,23185756.48356112,13,256,0.03460530564188957,5.243965156376362,0
fd30cf16-7e4b-4c12-870c-c8058f3edbd7,4e34fc48-dde4-4e8e-a867-f826b2343fe4,23185751.37291599,23185751.463032093,23185756.670755535,467,256,0.09011610224843025,5.207723442465067,0
3e28f48d-8b3e-4738-afbc-1692dadef7da,d7c74045-bae0-4601-b96e-7e663ec0fee0,23185751.543684956,23185751.580907516,23185756.81784251,38,256,0.03722256049513817,5.236934993416071,0
629cf365-4c14-42aa-af07-c92f8970f9da,9aff82af-a851-4667-876a-2ca5f76b1a1e,23185751.71218844,23185751.754303746,23185757.076783977,25,256,0.04211530461907387,5.322480231523514,0
1205e167-3fd6-474b-bdec-807ef1e2aabe,291e5c1f-d114-4e73-ba1f-066aa88c8868,23185751.879228275,23185751.98483062,23185757.26656828,410,256,0.10560234636068344,5.28173765912652,0
83a35fe6-26bd-43b6-87bf-e37767fadfc0,e23da3ed-1171-4679-9797-99f6745cc3ce,23185752.21411215,23185752.337565266,23185757.557012495,515,256,0.12345311418175697,5.21944722905755,0
93b281ef-1964-43bb-adbd-ad06f6baefc9,a8c0d85c-1191-4a58-85f8-0c412812ca47,23185752.381032374,23185752.437649276,23185757.651533395,19,256,0.056616902351379395,5.2138841189444065,0
adcb14bc-c7fd-415a-847b-3fbcb9b4117c,4b806ed9-856b-4570-9ecb-4bf10cc250ca,23185752.548623044,23185752.590824388,23185757.80273483,24,256,0.042201343923807144,5.21191044151783,0
96710884-2774-4136-a808-5bd57840e2f4,bead2515-4ca8-46fb-896f-543daae110d9,23185752.71556638,23185752.767010048,23185757.97186914,20,256,0.051443666219711304,5.204859092831612,0
8cd9eef1-f846-41a5-856d-a79e5293f04e,5f620a22-f10e-47c5-af7a-fa549cad879c,23185752.8853786,23185752.92252058,23185758.13247478,22,256,0.03714198246598244,5.20995419844985,0
431960cb-71b3-440a-8bc4-995992c2e63e,2725632a-9ec7-49b5-9859-f728d438a3e8,23185753.053203,23185753.09641576,23185758.30482241,13,256,0.043212760239839554,5.208406649529934,0
9bcb2f4f-ad83-46f7-b426-f49ca596d415,477d65e9-754d-44bf-ba00-e824dedd12b1,23185753.220387157,23185753.27129063,23185758.47479819,22,256,0.05090347304940224,5.20350756123662,0
12d35105-b9de-413a-9e17-92c5adc6152f,cd39f29f-b071-430a-8304-5df907565163,23185753.38921772,23185753.443588592,23185758.645001575,26,256,0.05437087267637253,5.201412983238697,0
3d9875fd-b63e-4e56-aeee-905bace4aaf6,aab8c2e9-9993-4f41-a516-18b82b18abbc,23185753.559970938,23185753.595780253,23185758.79594698,30,256,0.035809315741062164,5.20016672834754,0
a20fabac-3492-4590-a3fb-654d796e3d20,ee5f8f43-b879-4133-9f60-cbdd2d85cfc3,23185753.72687356,23185753.773248415,23185758.967202775,32,256,0.0463748537003994,5.193954359740019,0
fb4316ec-3219-4e52-aa57-452b76828f89,3477b0ae-6ec6-40f4-b3bc-4064323a1387,23185753.89373581,23185753.93915328,23185759.16430941,30,256,0.04541746899485588,5.225156128406525,0
b3fa83f9-e372-419a-ba3e-6b5c3811ff97,74933514-864e-4e15-89d0-00fcfa7e5c9b,23185754.060655784,23185754.167908292,23185759.44719504,374,256,0.10725250840187073,5.2792867459356785,0
c330e307-8b2e-4127-a6d2-4a55fc0e0698,c39276b9-a4e5-4031-a977-31529fce6d65,23185754.227471206,23185754.259237744,23185759.651920274,17,256,0.031766537576913834,5.392682529985905,0
411fd296-3543-4567-82d4-f97ca7a7ffc2,d71da398-52a1-4761-8c1f-05bb59378b77,23185754.397772368,23185754.490195796,23185759.849656805,373,256,0.09242342785000801,5.359461009502411,0
db85fc47-fc7b-43fb-86c0-c4de5d6b1062,76bcdfdf-e84e-426b-8423-3f36714f5eaf,23185754.56939045,23185754.653143372,23185759.981048085,344,256,0.08375292271375656,5.327904712408781,0
ae7418f0-8297-4be0-bbb3-9e51effe272a,8fde0e12-d264-49dc-8d35-dcef81ea7405,23185754.736919392,23185754.839438472,23185760.13121282,337,256,0.10251908004283905,5.291774347424507,0
d4a003ea-9fa7-4e37-9a26-1f61b814bf49,a485bd6d-7ae6-4e1d-9a86-2ed561d12f24,23185754.90407193,23185754.949167535,23185760.239776343,26,256,0.04509560391306877,5.290608808398247,0
47792d4e-c3db-4e5b-ba61-cf9db0cdc1b4,508647c9-435c-489c-ac50-5b58e5a63fe9,23185755.07140855,23185755.12170182,23185760.41440047,16,256,0.050293270498514175,5.29269864782691,0
976f5bf8-cd66-42c3-ad2c-f4bc2bf3ed4d,1672cf75-aca7-49ea-81ce-fa84705dbfae,23185755.57521976,23185755.61456453,23185760.478380457,13,237,0.03934476897120476,4.863815926015377,0
e7d69ee7-a8e0-425f-9b63-ff28e75b9850,65abf86b-292a-43d8-bfd1-2c8e5bb6f48d,23185755.238914873,23185755.330232106,23185760.595533993,369,256,0.09131723269820213,5.265301886945963,0
a35ca343-451f-4eeb-b955-b9ffdff61bc4,227ced2a-4282-4700-bd3c-dae0a6f64078,23185755.406581745,23185755.50065484,23185760.72772645,382,256,0.0940730944275856,5.227071609348059,0
2a81156b-d4d4-405e-97c1-0e2d4f525a91,d2693e7a-5da3-46ef-acb7-cd0061aa421f,23185755.74301962,23185755.78856242,23185761.014049202,20,256,0.045542798936367035,5.225486781448126,0
479e0d76-7065-4c34-b03b-28f45ca9593d,68a47c16-7acd-4c64-9c8b-63ba871aa083,23185755.910026263,23185755.95442117,23185761.177629124,13,256,0.04439490661025047,5.223207954317331,0
9a530b18-18dc-4ee4-823d-01b1d62e3138,05378a81-39f6-446d-8b17-7a1e1c8b5215,23185756.077212,23185756.12570155,23185761.348029833,17,256,0.04848955199122429,5.222328282892704,0
8da604fe-53e8-4555-ae3a-935e43ab5dd0,16aa54e8-4a01-47d8-bceb-b283e930414d,23185756.244781848,23185756.279232267,23185761.566605058,19,256,0.03445041924715042,5.287372790277004,0
58e76b69-2fb6-4809-ac7f-0c109fa7fe6c,84e75e68-bcd2-40e0-9276-1ac7bd0885e0,23185756.41208888,23185756.459872678,23185761.795828782,121,256,0.04778379946947098,5.3359561040997505,0
2e46b137-1395-40aa-a3f2-08be3a124547,801e1874-2791-4186-8766-eaabf1f12f41,23185756.579466816,23185756.615319587,23185762.028592136,18,256,0.03585277125239372,5.413272548466921,0
275c8646-ec28-48db-9ec7-5c0ffe3dce49,729f5f23-c4f7-4cfd-946f-d8d24756d7d7,23185756.750162415,23185756.9635567,23185762.355296314,1032,256,0.21339428424835205,5.39173961430788,0
a67cf897-13e3-4826-b3e3-fefa2e397781,783392ff-3846-4611-b883-8dc5b2d528f7,23185756.917145807,23185756.97955588,23185762.372470126,24,256,0.06241007149219513,5.392914246767759,0
8da7efff-82bc-400f-a134-bc0edcdb506e,0e6e98ea-c7ba-40fd-9463-04d695b5a80d,23185757.08407086,23185757.1355401,23185762.523900513,20,256,0.051469240337610245,5.388360410928726,0
45a1f524-dffa-4a65-8cd2-9cfe02df8224,b3f726d4-8dee-4fd5-8bed-9310b3bbba70,23185757.251237497,23185757.28932002,23185762.67612034,43,256,0.03808252140879631,5.386800322681665,0
a5ce653d-b0d4-4c67-8fb3-cae41e5993c6,ba549e69-673d-4226-af8c-7dd714aaf3ab,23185757.41844424,23185757.461048782,23185762.843840852,27,256,0.04260454326868057,5.382792070508003,0
e2a4685b-54c0-47f2-8c0c-f5899f8930a7,18ee6103-a33c-44b0-8cfb-ef6f386dacd9,23185757.585603967,23185757.632512733,23185763.018592503,28,256,0.04690876603126526,5.386079769581556,0
029ec161-0f3a-456e-b522-146a36c78483,0e803e9d-3abd-46f7-bba2-cb1b246ea02e,23185757.752490297,23185757.8053263,23185763.188076455,34,256,0.05283600464463234,5.382750153541565,0
666ff11c-4e19-4cbc-8cb0-f313214d1bff,465f576a-a0d5-47e9-8f56-839f148989d2,23185757.92017369,23185757.95242368,23185763.3350138,33,256,0.03224999085068703,5.382590118795633,0
8831859c-f7fd-4ea3-8359-9b650b300ecd,63de3a16-9fbd-4bde-b15b-627e3574dddb,23185758.088130377,23185758.129345976,23185763.52275468,194,256,0.041215598583221436,5.393408704549074,0
83f39b0b-d470-409d-ae74-870063e97a94,dd66dd76-cfe2-4714-802d-979fc23882c5,23185758.255554818,23185758.30273568,23185763.694864992,20,256,0.04718086123466492,5.392129313200712,0
196f7f69-b756-41ff-999d-45c31f74a93a,369f7b78-a084-4925-9e8d-28c6104233aa,23185758.423161242,23185758.473079573,23185763.866185762,41,256,0.04991833120584488,5.393106188625097,0
4412e54f-71b7-4863-b025-b7b3c8ed77d3,7e1949e8-e7fc-4662-9911-4831b71114fa,23185758.590402715,23185758.626102474,23185764.014728196,71,256,0.0356997586786747,5.388625722378492,0
4abac290-df61-4354-bd3e-aab633c6241e,98e171e4-b1ef-49d7-95f6-8b27a64ad56b,23185758.757494565,23185758.79656655,23185764.184700884,34,256,0.039071984589099884,5.388134334236383,0
80f7ba08-3478-4c79-92c7-a11d6f79a998,cf17bef3-1877-4ff4-9e7c-84e8bc9716e3,23185758.928948887,23185758.963284727,23185764.370274168,15,256,0.03433584049344063,5.406989440321922,0
d33d7f73-1365-4eda-a7bd-ab7ea8faac81,79183983-b8b2-4233-b9b2-cfef31592108,23185759.097469095,23185759.279027756,23185764.610993538,778,256,0.18155866116285324,5.331965781748295,0
39f1794f-4cbd-4c8c-97ac-c4fc22c68229,117e82da-d9c9-4011-8821-df98b1fa7493,23185759.26424875,23185759.36518076,23185764.665606808,1121,256,0.10093200951814651,5.300426047295332,0
15de43cf-014f-4795-b615-9bb839391ad0,bd3f9ecc-dbc9-4ece-ab7a-a29cc84000b2,23185760.267836727,23185760.315665737,23185764.793301888,90,217,0.04782900959253311,4.4776361510157585,0
93856751-357b-4496-a541-f034c0578784,9548aebc-70b0-45e5-b50e-143555cb06c3,23185759.4317002,23185759.684250545,23185764.892605193,1100,256,0.2525503449141979,5.208354648202658,0
1d914118-2df4-4bd5-b80c-b7ee76ceabfa,4ed625e5-19b5-49a1-a116-57b21e5f6fe0,23185759.598789137,23185759.684496664,23185764.89269299,27,256,0.08570752665400505,5.208196327090263,0
dc31ba1c-3697-4fd9-9d07-927f79522bbd,b9b80d86-fa48-40b5-8a95-825f5bd47292,23185759.766359344,23185759.809453648,23185765.026091263,29,256,0.04309430345892906,5.2166376151144505,0
f7c03dea-9130-42c3-b087-654d64d1ef5b,13d1ad08-2cb4-4d41-addb-b5e029f342f1,23185759.933272704,23185759.980178043,23185765.20702654,18,256,0.046905338764190674,5.2268484979867935,0
66f615d7-f591-4cfa-80e4-7c2eb017d645,47a6b7a0-6b6b-4d7c-a267-288de29dcde4,23185760.100909505,23185760.146575235,23185765.39184641,20,256,0.04566572979092598,5.245271176099777,0
c832fbba-728b-46fb-8b01-b4c6fdfaf518,c4229cca-79b9-421c-b556-64da2d092f54,23185760.435184572,23185760.480780736,23185765.77520336,171,256,0.0455961637198925,5.294422622770071,0
fe2a23b2-b54d-4c39-ba5d-ea983314e7fe,5d1dde8e-6dfb-42dd-ae87-37e9dee6774d,23185760.602132592,23185760.65144787,23185766.15030507,56,256,0.049315277487039566,5.498857200145721,0
bd84d6ed-6a5f-4a5f-82c7-ba5c98e47d94,03052b25-5ce7-4a8b-85b6-a9338f867ef1,23185760.76949781,23185760.804029826,23185766.561499957,30,256,0.03453201428055763,5.75747013092041,0
0dcf9478-86ac-444f-9e3e-edfd6ffb9c56,d4c9b16b-d95a-4253-bc32-c68aceb9890a,23185760.936939895,23185760.972154144,23185767.03871271,30,256,0.035214249044656754,6.066558565944433,0
aebd27bf-fb2b-4ca3-b4ae-e60270bca034,ffba0726-ecc1-4613-ad8a-5ffe9214bde9,23185761.104721706,23185761.142009035,23185767.571009513,30,256,0.03728732839226723,6.429000478237867,0
4d145995-cd0e-4692-b819-2fb90fbd8e1e,3d5d06e6-8b5c-4908-9324-9fe6d6be6b92,23185764.499378636,23185764.547233157,23185767.913681302,11,102,0.04785452038049698,3.3664481453597546,0
36beedda-e2a0-41f5-94c9-e1cc5496c3d5,b81d2533-3e28-430f-832c-4436f92c88ea,23185761.27521351,23185761.308583807,23185767.93455195,19,256,0.03337029740214348,6.6259681433439255,0
45e71479-b803-44b2-b3bd-dd714bb0fc7e,6621fa90-5c62-4100-9c3a-86190efaec59,23185761.616269015,23185761.68191251,23185768.206024878,57,256,0.06564349681138992,6.524112366139889,0
97a82ebb-e50a-49f7-a283-0bd632e28588,de7d260d-66f3-4d3a-83bf-1fbe18d538c5,23185761.444469783,23185761.681929488,23185768.205852807,1044,256,0.2374597042798996,6.523923318833113,0
0ce725f0-d8f4-4c25-b8d2-116d3026e9f6,6046cb5c-26a8-4b07-94fc-956aa3af99c0,23185761.783411555,23185761.934138708,23185768.40249595,573,256,0.15072715282440186,6.468357242643833,0
7a374b60-cf48-482f-b1f8-5cca35ea77a9,602f2ca4-643b-404b-be29-76bfce6b3302,23185761.955217645,23185762.148313195,23185768.535865437,1075,256,0.19309554994106293,6.387552242726088,0
c3a8034f-fe63-47d3-9d94-8c7df6f5065c,6fa9aecb-7c23-433e-86a3-8fc6573a9d85,23185762.123688743,23185762.27533915,23185768.6397198,928,256,0.15165040642023087,6.3643806502223015,0
a66f9161-8925-4650-bbfd-5d2b9d20642c,6bc71d9f-11a3-46de-b095-f5d26ec9e32a,23185762.29509049,23185762.332676448,23185768.6970433,23,256,0.03758595883846283,6.364366851747036,0
76154ba0-e8f2-451a-804a-178b2c9300d4,7f0186cd-27c8-410e-8f29-c385fa606e00,23185762.465990767,23185762.50624382,23185768.87311635,96,256,0.04025305435061455,6.366872530430555,0
2a38beda-cbd7-449c-b523-828a48d82b70,5768290d-894a-46bb-ba17-ceca8c9091d7,23185762.63687668,23185762.674081106,23185769.043107234,41,256,0.037204425781965256,6.369026128202677,0
d0d7b31c-1365-416c-b392-993b82e3562e,d896a757-067c-4742-a7f6-cc52d86d46f1,23185762.80721965,23185762.846242294,23185769.23122787,36,256,0.039022643119096756,6.384985577315092,0
f541891c-957b-488e-8370-d8e9d85d47b4,e98a0b04-7318-4b1d-b882-02abcc69b073,23185762.97721784,23185763.012656786,23185769.39965288,33,256,0.03543894737958908,6.38699609413743,0
9853ee7a-fbaa-4c68-b936-455c611f4df8,4d76e0b9-06dd-4a4d-b7fa-48caf39492c0,23185763.148047127,23185763.186505035,23185769.579230525,21,256,0.03845790773630142,6.392725490033627,0
f8f0c9d8-f36a-454e-a8e6-748db510def7,ebe6be2e-b046-466a-8d01-e3cb0455b143,23185763.31881523,23185763.36687312,23185769.754799847,130,256,0.04805788770318031,6.3879267275333405,0
8acf0541-3f28-4821-b727-0e63be9a42cd,8421f2c7-167d-4c31-af25-2d0859c3c7c2,23185763.48560526,23185763.520409416,23185769.909090135,26,256,0.03480415791273117,6.3886807188391685,0
42a9c2e7-3d03-4346-a087-6f25bc95dd9d,4558697f-640c-4d7a-8aa7-454a386155a7,23185763.65371741,23185763.691397518,23185770.086726468,33,256,0.03768010810017586,6.3953289501369,0
5e022178-5147-4358-acff-660b0a066735,aefb406b-7156-4fbd-8eea-8cb6561b9949,23185763.82355418,23185763.862840723,23185770.268262155,30,256,0.0392865426838398,6.405421432107687,0
f30cb80c-4d1b-4098-824a-99b883f752bb,800d9f2d-30ec-4ccb-9089-ed93ad608164,23185763.99438877,23185764.031436328,23185770.44716561,33,256,0.03704755753278732,6.415729280561209,0
9974a35c-a6e9-41ee-af71-0240ab50c85e,43769752-685d-4a2a-a990-8a03c0978251,23185764.164951272,23185764.21435697,23185770.622673426,104,256,0.049405697733163834,6.40831645578146,0
55d9ee7c-5bc4-4b42-83d8-c2f36fe4f727,5e637f5e-5f14-43d8-8af1-03bb3373dd1c,23185764.33233356,23185764.370894,23185770.779015154,41,256,0.03856043890118599,6.408121153712273,0
6fee27a2-48be-414c-9dea-ed3e23dfd2c3,3ca90b8f-3f9a-469f-b21f-0ceba6bdec2e,23185764.668469545,23185764.735559683,23185771.10648248,242,256,0.06709013879299164,6.370922796428204,0
0796de56-921f-4842-aaa5-c12ca4eee142,edcbf642-c1c6-46d5-a140-7e7731a07bf3,23185769.027236175,23185769.07659239,23185771.163812216,110,108,0.049356214702129364,2.087219826877117,0
0a08e539-8940-460c-baa4-1b30b324ad25,01b1c0a1-39a4-483a-b506-5fb9c8c0fd2b,23185764.835560136,23185764.868479773,23185771.235962316,19,256,0.032919637858867645,6.367482542991638,0
d6e4fb40-4428-47a8-9b47-9290d8bee616,7e208b15-29e8-4233-ae22-5f8bba7bba0a,23185765.003417782,23185765.048206773,23185771.45671156,16,256,0.044788990169763565,6.4085047878324986,0
2b7ced49-11b7-4f80-af37-01a6380ae62f,3df8feee-1ca1-452a-96b3-1b1efb7bab65,23185765.170555137,23185765.201984167,23185771.60655412,14,256,0.03142903000116348,6.4045699536800385,0
4390210e-3c2b-4048-921f-86ebd6a2bb28,49f6d767-0a65-40ae-a2a8-32c1b01e7bc7,23185765.338193208,23185765.390733305,23185771.785881594,114,256,0.05254009738564491,6.395148288458586,0
99972022-510d-4438-8f6f-30a53c4fc3f5,2f5fcd8d-afe5-4d10-b1b5-11a45ccf8a77,23185765.50590803,23185765.553748786,23185771.943543803,33,256,0.04784075543284416,6.389795016497374,0
261b5688-7f96-4123-b657-85134a7d0c37,a9e282db-6d87-4f7b-bdcf-0c99383631a1,23185767.01379032,23185767.892849255,23185772.273439102,21,222,0.8790589347481728,4.380589846521616,0
4c88fee1-2a9d-47a9-bc96-a95cf4e7020f,e847827d-67e3-4ac2-a2e7-c138f4c15d6e,23185768.186360847,23185768.219532754,23185772.710797798,20,228,0.03317190706729889,4.491265043616295,0
189fd4c7-d5a3-4f47-8c34-92781eb6cbdb,00df2c36-8c72-4e77-8404-b34fdcddd7fd,23185765.67263821,23185767.810059547,23185772.901017595,10691,256,2.1374213360249996,5.090958047658205,0
09b8a113-1390-481a-9027-a0b17d0f2a23,651d3a97-2203-46e6-ab39-7e7831a58cf5,23185766.51042587,23185767.834549777,23185772.915781792,14,256,1.3241239078342915,5.081232015043497,0
42acb845-9d72-411e-a011-ede3979a44e6,b5c55f7d-d689-4dd5-8929-dc4f634bce99,23185766.0087504,23185767.835461643,23185772.915883906,106,256,1.8267112411558628,5.080422263592482,0
35a7e613-b0c8-4a2a-9853-2c8ab931673c,0386ae7d-06f3-462b-9b3b-50712e7d5890,23185766.176147893,23185767.83639341,23185772.92078745,31,256,1.6602455154061317,5.084394041448832,0
af3f3c92-54bf-4422-ad2b-414d74ff0095,0023c852-1123-4cd5-a83f-fed01b4f1994,23185766.343668785,23185767.838352136,23185772.920878515,26,256,1.494683351367712,5.082526378333569,0
95214b6b-e6c8-41d6-bb2a-35d8a104a012,a092e7a5-df74-4264-99d3-cb93125468f5,23185765.83967494,23185767.839526527,23185772.92099483,18,256,1.9998515881597996,5.081468302756548,0
a6a0c809-ba36-4a4d-b23a-4a6e6e29c805,9326953a-7c8b-4e3a-a0fe-a87cce4dfcd6,23185766.84630744,23185767.8910713,23185772.954346236,12,256,1.0447638593614101,5.063274934887886,0
21452bc9-503c-497c-b112-0bba7645c525,e06f5216-faf7-46c4-86b4-d6cfa52ec135,23185767.18128991,23185767.89260243,23185772.958053473,13,256,0.7113125175237656,5.065451044589281,0
5ac70d73-ba0d-414f-b4a9-d69ad0f77d39,327c7a13-805e-4c44-b492-94c5a8049178,23185766.679064967,23185767.89390542,23185772.958200216,393,256,1.2148404531180859,5.064294796437025,0
0921c006-e0c0-464e-ae51-f674bcd8bd87,7dc4899a-6616-402b-b9b8-e1a446715b10,23185767.34981556,23185767.91623392,23185772.975481726,35,256,0.5664183609187603,5.0592478066682816,0
8c94ca66-7c92-4c11-9186-479ade231aab,6452a625-9c5b-46d7-8817-fa3a92579d33,23185767.68453072,23185767.917254858,23185772.975654956,18,256,0.2327241376042366,5.058400098234415,0
0ac20d29-a770-480f-b0ef-9ee6ebe66a0a,94297fb4-0023-4891-a6a4-5c50d1bdcc32,23185767.851725273,23185767.917522866,23185772.9758728,18,256,0.0657975934445858,5.058349933475256,0
5cc884f1-66f5-4c5f-ac09-d157b2f3867a,0613f6c9-a9a5-4829-96c0-2f5bfeae9108,23185767.516924568,23185767.913981713,23185772.9760978,28,256,0.3970571458339691,5.062116086483002,0
44baf3f2-af66-4503-8add-357f36d4d4b4,e1ca9206-0354-4f5a-b788-f715cab1a949,23185768.019032888,23185768.08238551,23185773.12520373,190,256,0.06335262209177017,5.04281821846962,0
c6bb936c-5343-4a37-9546-7aca339c046c,fedbf827-c33d-4998-9a7c-295f0223015e,23185768.35372105,23185768.397850443,23185773.452744395,15,256,0.0441293939948082,5.0548939518630505,0
a0414a08-f593-490e-9a7a-96f5fc1c9c0a,2ba76bef-b55d-4cb8-9ffd-c92e2b2228c4,23185768.521061495,23185768.556434434,23185773.847819977,46,256,0.035372938960790634,5.291385542601347,0
c0b21cba-8f69-404f-a655-b0e1bd17cd97,ebe1293c-759b-47ef-832c-454659dd9113,23185771.046962973,23185771.082553275,23185774.249878947,11,135,0.03559030219912529,3.167325671762228,0
e4527c02-d9d4-4b11-ad2e-635c42f4f243,dbc60632-574c-42b2-a5ef-25ebea38ff4c,23185768.688369244,23185768.731910337,23185774.29925425,31,256,0.04354109242558479,5.5673439130187035,0
96351114-000d-40a8-bfd7-2fb6e2a7cc83,54e05553-431a-44aa-9b0b-f38d5e6f5749,23185768.85523732,23185768.89244974,23185774.699215338,64,256,0.037212420254945755,5.8067655973136425,0
41a9abfe-e179-4232-8403-3490e3a026e8,718d6b2d-1098-49a3-80c6-7ee9e59ed05e,23185769.194283847,23185769.226413492,23185775.366585255,24,256,0.032129645347595215,6.140171762555838,0
1613ceaa-3a67-4720-b1c1-0793c58c9702,e67939c7-934b-4fe2-b8d6-e15f722d5152,23185769.36392317,23185769.402980264,23185775.644927584,17,256,0.03905709460377693,6.241947319358587,0
d8f95162-f466-4f97-841c-6864ea5162b3,63f18229-c661-4ba4-a26f-3c2b7ce2355c,23185769.531338748,23185769.57282697,23185775.891567815,23,256,0.041488222777843475,6.3187408447265625,0
a94fd653-a365-4d0e-a695-be64daa29687,7b06e6ca-bb95-45ba-a003-dd7648753a4a,23185769.698840175,23185769.753165808,23185776.09127888,15,256,0.05432563275098801,6.338113073259592,0
ee84b483-337f-4eba-9118-6345e3a9de26,6b8e2be1-b1a4-4b2f-bb56-fffb18f423f1,23185769.865697086,23185769.913005684,23185776.25504477,23,256,0.04730859771370888,6.342039085924625,0
c8977904-7f00-491d-8586-209efd13eb03,5ef7bbfd-3f0a-4645-ac75-9029c8f2f16c,23185770.033393,23185770.081891112,23185776.4343358,19,256,0.048498112708330154,6.352444689720869,0
1b64dfd6-1e38-4a96-afc0-b3f8e4884ca0,b69013aa-f519-464b-8e33-f14e654dce9c,23185770.20442336,23185770.243587792,23185776.61019602,36,256,0.039164431393146515,6.36660822853446,0
fbca86be-b648-4cb0-9650-9b0957f4c39e,cfe876ae-b275-40d6-8712-e5c736a7997e,23185770.372130476,23185770.42483064,23185776.802678898,44,256,0.052700165659189224,6.377848256379366,0
a51b5f22-be2b-4a97-a231-f30a46894ced,e4f153c0-4070-4bb1-b6de-e4f1038df8e8,23185770.54193242,23185770.58133826,23185776.971609272,39,256,0.03940584138035774,6.390271011739969,0
8246e74b-9a98-441e-b2c4-962714ef123f,76e9cbc8-8958-422d-be8f-a4be486b9aca,23185770.71058179,23185770.7589093,23185777.15742735,66,256,0.04832750931382179,6.398518048226833,0
fc838e9c-415c-4868-8b75-30c36b429b56,71467f12-ce03-4f31-bea4-65d146360874,23185770.877674587,23185770.91091157,23185777.314274315,11,256,0.03323698416352272,6.4033627435564995,0
321f9e70-1aec-42a2-94eb-de8aa388f2f3,cc4c624c-b4eb-4ce7-a2a9-6e7bb68de407,23185771.21481172,23185771.376069125,23185777.861305602,788,256,0.16125740483403206,6.48523647710681,0
62765626-b7c8-4986-9569-76218e4b1384,ddc8855c-f189-4f49-a13e-03769b48f873,23185771.38252518,23185771.430578146,23185777.919487152,21,256,0.048052966594696045,6.488909006118774,0
68709965-1688-4e29-b76f-5e4769e162e9,30854a19-eaaf-46db-96b3-568c8d872d49,23185771.55206,23185771.589986213,23185778.084128696,13,256,0.03792621195316315,6.494142483919859,0
d288a569-7f83-496d-8e63-e29e5614cfa9,b18b5fbf-010c-4a17-a457-9fcd783eb1fd,23185771.719646595,23185771.763086364,23185778.30433177,54,256,0.04343976825475693,6.541245404630899,0
5ed8f342-dbe9-46dc-920d-463f9e00bce7,bbd870b9-7e22-42b4-9a0e-014d6d37e6ff,23185771.886627924,23185771.919112336,23185778.485871453,18,256,0.03248441219329834,6.566759116947651,0
e2cebf1a-395f-45b2-9e20-aa95267280af,1725c5d7-d1a9-4d69-813e-3937fbeeb349,23185776.276141074,23185776.3149045,23185778.587146584,13,104,0.03876342624425888,2.272242084145546,0
4e5952b0-38ff-4aa4-b44d-09c99bf31850,ee870ef4-27af-4e5c-a4f5-f366ca9fff05,23185772.059719283,23185772.095923737,23185778.666778073,26,256,0.03620445355772972,6.570854336023331,0
c449bcaf-4390-4a51-8bef-ae0212692800,0ff79ebb-d92e-4756-b4e5-daf180be38aa,23185772.227102973,23185772.272943605,23185778.847087603,40,256,0.045840632170438766,6.574143998324871,0
dc3039dd-0745-46b6-9892-f46d10323197,98e54eb9-83e3-48f3-9fd4-4fcec83d9827,23185772.394223448,23185772.455153644,23185779.028094467,71,256,0.060930196195840836,6.572940822690725,0
c9643e20-4a84-4b90-84d6-903e24f3fea9,3c09201c-9736-413f-a040-839d4d42651a,23185772.56169269,23185772.614272334,23185779.190151382,58,256,0.052579645067453384,6.575879048556089,0
659fbfc4-c9b4-4267-980a-eeb23e6be608,4cb0ba89-20ef-4563-814d-d1fd99f6963f,23185772.729486663,23185772.77767922,23185779.345531404,120,256,0.04819255694746971,6.567852184176445,0
8db5eed8-79a8-47e3-910a-d69ebbeedc3c,2bca3b9c-b71c-4a59-a34c-709001488a22,23185772.90108853,23185772.937835947,23185779.52124937,19,256,0.036747418344020844,6.5834134221076965,0
fa0403a0-3016-4d1a-bd72-63b8e8abafe7,f7e2c117-7539-4871-a5fd-115fa4da5c42,23185773.069051884,23185773.10423433,23185779.710495844,16,256,0.035182446241378784,6.6062615141272545,0
b4a43c06-c9d5-42f1-89cc-d2c2706aa0fb,52df199a-8849-4121-ad55-3153a2134f20,23185773.239722468,23185773.28727244,23185779.895864565,116,256,0.04754997044801712,6.608592126518488,0
8eff2927-30ee-4f20-9582-18487f76f63b,e1060f7f-51fa-40f1-8683-e456ed0cc59a,23185773.41569415,23185773.796477236,23185780.196178533,1827,256,0.3807830847799778,6.399701297283173,0
b36134cc-6d59-4979-a68e-5c85504cb52f,fc6c8ed5-8ba5-49c1-9d05-dcf59e69d949,23185773.583467502,23185774.147447467,23185780.339959025,1929,256,0.5639799647033215,6.192511558532715,0
705b34ae-7d32-4523-9915-8aabffda0187,cd66d34d-5e15-4f7c-8b20-ba9b964cc0e8,23185773.752181947,23185774.45394696,23185780.460737508,1600,256,0.7017650119960308,6.0067905485630035,0
2406d142-cf55-479b-a76b-220471cc42fd,b2d217fc-c57c-44fc-b49e-24f38823058b,23185773.919887733,23185774.60121074,23185780.51921787,673,256,0.6813230067491531,5.918007131665945,0
dd85e18f-a7fc-476a-b164-a8bd7e26cd61,e06f5dbb-ef3c-4ee7-9fab-9fc5c55e80b3,23185774.08749459,23185774.8952891,23185780.636713423,1517,256,0.8077945113182068,5.741424322128296,0
5b9459d7-c4f1-4beb-ad03-ef6d988148a3,7a066186-dee5-4963-8548-15b3bdca5ffc,23185774.255137615,23185775.170838337,23185780.748499446,1696,256,0.9157007224857807,5.577661108225584,0
60d5e3f1-eda2-4369-bb21-db1cb117ccc2,70d1574c-f825-4b1f-b853-bd4c5aadb85b,23185774.422711182,23185775.392409604,23185780.91119818,1692,256,0.9696984216570854,5.518788576126099,0
9a2fbaaf-96b8-463d-8398-182b1c6fcf12,cdffdc8c-edf3-4a0f-95f3-bf60b5ada19e,23185774.590062443,23185775.614393603,23185781.050287444,1759,256,1.024331159889698,5.435893841087818,0
a5a6821c-8f96-4550-bfb8-13f754b8e5ef,01e6c835-33b3-446a-a45d-db221c2ce61d,23185774.926278178,23185775.640156765,23185781.06665864,37,256,0.7138785868883133,5.426501873880625,0
3e3d7b16-1725-4412-8b0a-4eb34a2dacb4,5df92a6c-1277-407a-9fbe-604946212bf0,23185774.7588015,23185775.643453598,23185781.07040417,29,256,0.8846520967781544,5.426950570195913,0
0e230f94-7776-49fc-b8cf-f45b35b4a24b,df239651-fa36-4401-9cd0-340ed7f36fec,23185775.096809503,23185775.868267033,23185781.224824797,1931,256,0.7714575305581093,5.356557764112949,0
3f3692c3-689f-4a3e-a2b6-7b2ce7f9005f,1f7e1fc5-be7e-4e7a-a7d2-8ecbcc71d35c,23185775.264553204,23185775.891835477,23185781.242143147,30,256,0.6272822730243206,5.350307669490576,0
b1c53004-91c2-495a-8f0f-e041a8b22a89,1b4a98db-19ea-4254-a39d-f38d51c5ebf3,23185775.43135417,23185775.89277708,23185781.24226937,25,256,0.4614229127764702,5.349492289125919,0
81d5f0a6-ea0d-488d-ab85-2ed7b1a625ef,68033a23-e20f-4e1d-966e-0f5661565854,23185775.598618716,23185775.893051967,23185781.242398355,97,256,0.29443325102329254,5.34934638813138,0
f08f87e5-a8b8-45a8-9b20-288874c160d4,3b9f68cb-91f3-4db2-ac63-114973b1a2e0,23185775.765774168,23185775.92266666,23185781.260360915,228,256,0.15689249336719513,5.337694253772497,0
e0d53e01-34b4-4b20-8952-f5aa8be50331,ccd6bf7b-104d-4483-a1c2-e8b842651559,23185775.933359824,23185775.982220653,23185781.315777663,20,256,0.0488608293235302,5.3335570096969604,0
6700f0c3-950a-4019-80b2-984699073e7d,e606e74f-8848-41e4-b7b4-f230eab0ad5a,23185776.10151911,23185776.151978802,23185781.473982155,36,256,0.050459690392017365,5.322003353387117,0
01d6b3e4-15ab-432b-9c7d-0bba5a90c5a2,cf755613-5c60-4959-b5db-cb889b030a6b,23185776.443607982,23185776.52435369,23185781.809180766,229,256,0.08074570819735527,5.284827075898647,0
7f34ce6f-3e1f-4c20-a142-682d20923d46,64804426-c0b5-4115-838e-043041508977,23185776.610338308,23185776.658337425,23185781.921639353,131,256,0.04799911752343178,5.263301927596331,0
9bd9166f-4f95-4723-adf7-c279779fb0f3,0d4f38c0-f614-47dd-8f7e-2851f4f1e48d,23185776.78078647,23185776.831054837,23185782.07556621,124,256,0.05026836693286896,5.2445113733410835,0
d16c6908-76a2-41af-8986-5a5ebba2858c,8bf19dd6-d306-4d96-a088-922cd3375c65,23185776.951047577,23185776.991569534,23185782.22841499,41,256,0.040521956980228424,5.236845456063747,0
d30595ea-a3bc-4ef5-b9ac-aa5f3182b592,fa057a9e-3ab2-4282-8f67-1592a87eca58,23185777.118576385,23185777.155367583,23185782.38386244,39,256,0.03679119795560837,5.228494856506586,0
807a2640-8ab5-4025-b5b4-1cadbc1f1449,99017184-1ab4-45de-ab04-be86916b659e,23185777.285566486,23185777.335009176,23185782.553693634,86,256,0.04944268986582756,5.218684457242489,0
51a6d3a9-e266-4b09-8efd-91c452b3b8ac,4cb9cd82-d178-4e90-8753-d8a9ef475f16,23185777.45609442,23185777.85942534,23185782.94709745,2009,256,0.4033309184014797,5.087672110646963,0
2bec56c2-45e5-4575-bc0e-223a22ee84ad,73bf106c-7c57-4601-adff-2126fd23bf59,23185777.790126897,23185777.882423613,23185782.964852974,26,256,0.09229671582579613,5.082429360598326,0
52e83c12-c03a-49fe-8cfe-54fd65cb5412,aa04719a-7358-4ce2-a536-7ca136712987,23185777.62294944,23185777.883175872,23185782.96500904,23,256,0.26022643223404884,5.08183316886425,0
f9cd0488-bc4b-4c72-a58c-b28eeb20738f,98379a62-88e0-4010-a49f-f583b8865fd4,23185777.962661553,23185777.99942133,23185783.075925168,34,256,0.03675977513194084,5.076503839343786,0
a99390bb-94b4-4214-8ade-c9a03f41cbfb,312b8617-01de-4c24-b8a4-dbc3fbdbf7ee,23185778.296552826,23185778.3843591,23185783.605415758,50,256,0.08780627325177193,5.221056658774614,0
87c31b11-defc-4621-90d9-c6a876166fe3,2a636221-4337-46e7-bcb1-9059167d9448,23185778.129499927,23185778.38568496,23185783.60556718,1083,256,0.25618503242731094,5.219882220029831,0
49ebbfed-4983-4d73-8050-7d087ea549cd,7695404d-8e1d-4b29-8457-9bfb0e2094f0,23185778.46676307,23185778.501599513,23185783.8973497,55,256,0.03483644127845764,5.3957501873373985,0
e40ab43c-91ae-43b2-93e7-aa86341f517c,92a48fde-f8d7-4cd7-9a4a-9b1e84657656,23185778.634213004,23185778.686827414,23185784.34264145,22,256,0.05261440947651863,5.655814036726952,0
c83d8347-2ad3-48d5-9f7b-cc681e4c9755,563a7085-2bf3-4540-8622-7ee7938f5fac,23185778.805626407,23185778.84302174,23185784.650560446,19,256,0.037395332008600235,5.807538706809282,0
408eae1f-25ef-4e2c-b325-dc09227c98ef,dd6174ab-a08c-4e47-a1f4-66b14241fb2a,23185778.97311655,23185779.02504316,23185784.830239076,28,256,0.05192660912871361,5.805195916444063,0
bc42cc51-4b2c-4852-9512-86ace10780a4,21da40a6-d039-49e4-8945-968e21e08a11,23185779.140623294,23185779.187481605,23185784.98647211,65,256,0.04685831069946289,5.79899050667882,0
eab820da-2582-43aa-8c6c-8454f1b03436,5469c3e1-8caf-49ed-8c30-5e2d5d8c6eb6,23185779.308896787,23185779.349339053,23185785.141257152,47,256,0.04044226557016373,5.791918098926544,0
2adfcde1-696c-4fa2-a666-9917282c4dbe,17f9f49a-c364-4e3b-a480-6dd29d026221,23185779.475906797,23185779.538076717,23185785.313126676,192,256,0.06216992065310478,5.7750499583780766,0
33adfa92-44fc-460f-8f1f-59db0523c359,b62d1c92-a779-441e-8577-d2155c610d08,23185779.64457259,23185779.692791723,23185785.454695627,142,256,0.04821913316845894,5.761903904378414,0
433a55a6-c825-47ed-be5f-dad0e3579ba7,ae3b991b-4593-4790-88c8-fcee7b784b1c,23185780.14680843,23185780.196772322,23185785.530842733,12,235,0.04996389150619507,5.334070410579443,0
ad4393d0-e376-4831-ace9-bc2736bc2ce2,2c76628a-05ea-46d5-91dc-290fd432f7f1,23185779.81295224,23185779.851594884,23185785.6056034,33,256,0.03864264488220215,5.754008516669273,0
36a389e0-49c4-452c-bd7d-8840416535c3,9e5aa7e6-db00-4f4a-8e4e-135f352af709,23185779.979746584,23185780.03715179,23185785.782888558,36,256,0.05740520730614662,5.745736766606569,0
ed7783e0-6d30-45c4-a55e-0f51c2ba1de7,30f34189-1a29-418a-ab48-8af70fac9e16,23185780.31915569,23185780.35748849,23185786.10028317,27,256,0.038332801312208176,5.742794677615166,0
5197f8d8-b627-467c-8af5-2f02448747e2,4c2a9621-b0fc-4db7-a777-dbf5cd326601,23185780.486454543,23185780.534837626,23185786.277114414,26,256,0.04838308319449425,5.7422767877578735,0
9463088c-eb21-403b-9419-094cf6fb95c6,7089920c-c49b-4eb1-98df-23058f16a3b9,23185780.655277945,23185780.694665715,23185786.430966936,26,256,0.039387769997119904,5.7363012209534645,0
bc0f0b87-990a-454a-ab5e-5f59769d38de,bd2c7f1d-058e-4651-aef9-62e729c46ce4,23185780.82783095,23185780.892882787,23185786.62387721,215,256,0.0650518350303173,5.730994421988726,0
bcc22630-96bc-4024-9e13-7d57ad8f709e,83812cba-4efd-4f51-a22d-fc2af05b4b13,23185780.994886592,23185781.044783268,23185786.776755437,41,256,0.04989667609333992,5.731972169131041,0
ad63ff85-e448-4e66-9d09-990def046096,e75284f1-6070-4396-96c6-342eafee7af8,23185781.165621687,23185781.203125045,23185786.936338115,23,256,0.037503357976675034,5.733213070780039,0
1b1f64f8-d3a7-4986-a3e5-62f0ff0c20a4,61ce58b5-81ba-434d-b9cd-34e3dbf2c666,23185781.332446005,23185781.374299273,23185787.11359729,72,256,0.04185326769948006,5.739298015832901,0
fe0773a1-fb50-4d12-a14e-c603eb8a9833,4271a98c-0dcc-43d5-b70b-10d5421f1576,23185781.50004781,23185781.545728065,23185787.28360558,25,256,0.04568025469779968,5.737877514213324,0
261fcfec-8f23-40a3-afac-e0003b34ef54,bdee3f75-c94f-4f8c-9f74-4ba400412773,23185781.667158447,23185781.719413273,23185787.472717393,26,256,0.052254825830459595,5.753304120153189,0
4818e98b-9564-43e1-a13e-8dad124b3b31,5ecf2d45-f833-40af-b0ca-b128974d363b,23185781.834301244,23185781.86517872,23185787.629899804,21,256,0.030877474695444107,5.76472108438611,0
968cc8ae-89df-4e9d-9abf-c99315ed21b4,4b84740a-7f92-4194-86ee-91b7ab8079e8,23185782.001077108,23185782.035107512,23185787.80292153,20,256,0.034030403941869736,5.767814017832279,0
28fefd44-0033-4678-b20a-4db58742ccd4,9ed15c9d-1183-448e-aa3a-51ea36dcb874,23185786.199592646,23185786.234639112,23185787.963588443,11,89,0.03504646569490433,1.7289493307471275,0
49760115-fdab-45a1-ae3d-a3f8ac7a69ae,1310798e-da55-4963-a2a2-5687fbfbe248,23185782.17054528,23185782.206779823,23185787.979746222,22,256,0.0362345427274704,5.7729663997888565,0
d9868cb9-86ee-44da-bd4f-971f49d050c4,5c0183da-0fa3-4a41-a224-4b1cfb1e54c5,23185782.342150033,23185782.3797612,23185788.15248089,23,256,0.03761116787791252,5.772719688713551,0
5b36ed45-94dd-4b30-ad26-de6c50361dd8,5a431294-e7df-472c-b2bb-4882fb8fcdb2,23185782.509743985,23185782.55149827,23185788.330002468,22,256,0.041754286736249924,5.778504196554422,0
61c72982-ef6c-4130-b4b4-135580357383,a789d142-0dfa-4951-9aec-09ed020bd7c2,23185783.179366093,23185783.699990045,23185788.409474242,2703,214,0.5206239521503448,4.709484197199345,0
3f1921d9-46fb-4034-afc6-0fabc37801ce,3edd900c-a5d2-4b3d-8214-4e9888830040,23185782.6769363,23185782.72470193,23185788.515635032,50,256,0.04776563122868538,5.7909331023693085,0
0d6776e2-3746-4a6c-bdf7-3d8efba98ba8,cff63efa-3385-4ab2-a654-c0c162d4249f,23185782.84420813,23185782.887212887,23185788.685235675,27,256,0.04300475865602493,5.798022788017988,0
f0e64e1e-c398-433a-a0fe-b7da6a8184e7,fe1d6eaa-a4ac-4aa2-a1da-98196a663d1a,23185783.011859924,23185783.058678277,23185788.872848704,23,256,0.04681835323572159,5.814170427620411,0
c345e174-a9c1-416a-b26f-e9fcc4278b20,7eb0cc1e-0f8f-4622-8add-4c424e29752d,23185783.346486207,23185784.292249024,23185789.480274778,3072,256,0.9457628168165684,5.188025753945112,0
ae5199ad-2b37-4966-a1f0-cfd395be5e41,e0589ab8-6386-4f5e-bfc7-259e45033156,23185783.51510533,23185784.584165487,23185789.594220154,1615,256,1.0690601579844952,5.010054666548967,0
433d5f43-71e0-4805-a7a8-2005bbee1b4c,0b2140f4-a4b5-43ec-8417-0541856f9129,23185783.68203689,23185784.586715978,23185789.59740743,47,256,0.9046790860593319,5.010691452771425,0
72c5de14-acdf-43bd-a04d-2c0e17050c87,4ee66e6c-43e7-4593-847b-c54a7d6cd5e7,23185784.01715152,23185784.60757692,23185789.610965297,33,256,0.5904254019260406,5.003388375043869,0
ecddec32-7f8b-41a9-9920-17d4b64ddf44,63f53038-672f-4da1-ab1f-a5d4f9e4b8d0,23185784.18398782,23185784.608767934,23185789.613635644,14,256,0.42478011548519135,5.00486771017313,0
6d934692-4c03-49dc-b876-b25fea835cd2,e9e4b167-d1d6-42ab-bbda-be942c5c70c0,23185783.850340135,23185784.611978106,23185789.616764933,33,256,0.7616379708051682,5.00478682667017,0
bebfd556-2c97-4d7e-b6d2-7382be408872,962cf07d-be9c-4328-a3b5-4feeacbd4d65,23185784.35084323,23185784.612998214,23185789.616888296,155,256,0.2621549852192402,5.003890082240105,0
47f6283f-5e9d-473c-8392-63548f97f078,5e58b3a7-749b-4c0d-936a-b20ae27f8259,23185784.518391345,23185784.630274873,23185789.633265477,17,256,0.11188352853059769,5.0029906034469604,0
5f2a3652-fdec-485c-9a96-4316001fafca,e09c7cc9-74df-4ac2-b9d7-9b19c06a1853,23185784.6886652,23185784.749207232,23185789.749749154,199,256,0.060542032122612,5.0005419217050076,0
b350edd6-e5ab-4478-a3cd-4c2163d00e17,819bcb91-f670-46a7-85be-83ba545f8024,23185784.8561805,23185784.906034492,23185789.903980296,49,256,0.04985399171710014,4.997945804148912,0
900cf0c3-f3a8-4d51-bdd2-d8d8b4c844e7,20cbcd4f-edc9-461a-a75a-b3d2044d3865,23185785.025084395,23185785.061682653,23185790.05750387,26,256,0.03659825772047043,4.995821218937635,0
d46d916e-e44e-4d50-b879-e5f2662e0862,6c91d608-7f0d-4020-8b1f-883b371a31d9,23185785.19232787,23185785.237752423,23185790.38392759,18,256,0.045424554497003555,5.146175168454647,0
58418c14-580b-41b5-9dc4-7ba14a333989,5103a529-386c-4904-bb6e-06139664e8d7,23185788.890492268,23185788.923944753,23185790.421966165,11,70,0.033452484756708145,1.49802141264081,0
c73e348a-372e-46fc-b408-121fcf94ebd7,d99a4b46-10e7-4db9-8661-f96b69c4a84b,23185785.359341152,23185785.391147103,23185790.596274305,20,256,0.03180595114827156,5.205127201974392,0
99988552-a74a-45b5-b4a6-4b1a32026a3d,2362f6d7-fa83-470d-84c2-37e95352453e,23185785.526817933,23185785.569647387,23185790.774201527,24,256,0.04282945394515991,5.2045541405677795,0
4fa88ab7-597b-4f18-8572-c6768ea8ffcc,5530a0ec-a274-4699-914c-ce3e85fbc0eb,23185785.694071785,23185785.74147042,23185790.947180547,24,256,0.047398634254932404,5.205710127949715,0
780749a1-dc5a-404c-8713-17107ee1aedb,4274c575-bf6b-4d2f-b41b-f839d1fa822f,23185785.86179011,23185785.909058973,23185791.099453438,100,256,0.04726886376738548,5.190394464880228,0
63523e9f-d45b-437e-a15c-772d854e0dd5,f9e17843-c2bc-46b6-8d47-f04b6f70a6e6,23185786.028677426,23185786.06017598,23185791.249679882,12,256,0.03149855509400368,5.189503900706768,0
f3201c44-7000-4dd4-a10f-39f6507501b5,225dcdd0-5baf-4a66-9258-4df238830418,23185786.368264087,23185786.41503686,23185791.63158127,24,256,0.04677277430891991,5.216544408351183,0
272386d0-d47b-4bd8-b4c8-e4893af3c973,6d1fab7a-6dc1-48a1-83e3-bc11f47cdd7f,23185786.53523818,23185786.585637912,23185791.809293646,29,256,0.05039973184466362,5.223655734211206,0
6a593f27-99c4-4733-855f-ba77f953acf7,9203645b-d7df-4d0c-b2c2-72010e75c695,23185786.70258628,23185786.73887974,23185791.96171893,50,256,0.03629346191883087,5.222839191555977,0
7a7ff7e0-a70b-4d79-b253-2ff9b9f0feec,c6086a44-0dbc-4806-a4c5-42b927befb35,23185786.871185545,23185786.911765955,23185792.168370485,35,256,0.04058041051030159,5.25660452991724,0
45011b4d-d22c-4870-98d4-bf7d283b8ca2,a8ba1d58-e2b2-4de5-9465-c49f32e06758,23185790.566677105,23185790.597344942,23185792.223609466,11,82,0.03066783770918846,1.6262645237147808,0
593dda6a-4d72-4c49-b674-1d616142a3ce,b21403d3-964e-4b0e-b3e9-76b1389a147c,23185787.038595207,23185787.092203323,23185792.345999833,41,256,0.05360811576247215,5.253796510398388,0
8cbc93d2-4f69-440c-965d-3c7be5c86926,7c7bd577-bfa4-42d2-851f-2871bfb90d4c,23185787.20862505,23185787.246145986,23185792.499832764,42,256,0.037520937621593475,5.253686778247356,0
42a2e5e5-366d-4971-adbf-e7d099d05d40,c78768d2-1d7c-4714-b3ed-5edb4f4ed1bc,23185787.375494003,23185787.428313233,23185792.671170887,95,256,0.052819229662418365,5.242857653647661,0
99b09d1f-0d4b-4c75-a254-128f0a87c9d5,69311f31-e9e4-4820-ab13-c77cf770d05b,23185787.542315323,23185787.588990845,23185792.830042742,59,256,0.04667552188038826,5.241051897406578,0
85708580-4e23-4845-b3e5-6fd6be9f717e,04e8ece9-6e48-49ac-a4ad-01e4fb4549bf,23185787.709705167,23185787.742997695,23185792.99211024,20,256,0.03329252824187279,5.249112546443939,0
a2dcecb2-6104-4971-ab4d-50bec9e22967,727157f9-968f-43c8-9466-00c29d38f2db,23185787.87815136,23185787.920273654,23185793.16655256,25,256,0.04212229326367378,5.246278904378414,0
76b0a1e7-13a7-43fb-9375-ae550ba9955f,8987f811-2f35-48ba-89ad-c93eb39dd5b4,23185788.04530934,23185788.094292354,23185793.33901318,25,256,0.04898301512002945,5.2447208277881145,0
1fd4a639-7926-4f0c-9f71-afd3cd2d8f0d,30f71c5f-b8b7-4653-9570-78d2e8770aec,23185788.213475566,23185788.250118326,23185793.493510835,26,256,0.036642760038375854,5.243392508476973,0
8a4af550-521e-4439-a539-cd2e94390d46,f70ab1e6-0985-4875-af8e-f11c5df107cc,23185788.382188775,23185788.43557715,23185793.67298282,120,256,0.05338837578892708,5.23740566894412,0
2e5c22d3-f5c9-4257-9680-a8c1158c597b,fcb52727-11e1-4f1a-807b-3e6c8716a398,23185788.55159132,23185788.58650915,23185793.82494326,47,256,0.03491782769560814,5.238434109836817,0
9c1d70c8-d23d-4961-9cbf-f68be7edeec4,c4e0374b-a084-46a5-8320-20d01d81f63c,23185788.72353487,23185788.793921668,23185794.02694219,372,256,0.07038679718971252,5.233020521700382,0
25556a28-18ce-4d31-b6ee-11ffa5b649c6,ddbab719-4d9e-4f52-a5e4-2c8f2233513d,23185789.058355305,23185789.100710798,23185794.340821497,14,256,0.0423554927110672,5.240110699087381,0
7e8d20bf-b5fa-43ef-8b6e-c0e06696a809,66797465-a936-49d1-9e94-873e2a8e22c8,23185789.22565665,23185789.280894767,23185794.520374756,143,256,0.05523811653256416,5.2394799888134,0
e3bfa983-fa7b-4ce0-a98e-5ebffe7a54a0,c1b538fb-59b6-4e96-9deb-00e5cc868ffd,23185789.39243987,23185789.43813589,23185794.676064402,19,256,0.04569602012634277,5.2379285134375095,0
c3c17b66-1c1f-4122-95f4-b4a07db60140,4207cc43-236f-4661-9205-01bbd57540e2,23185789.559234448,23185789.5947902,23185794.870187335,90,256,0.035555753856897354,5.275397133082151,0
e118875c-f5a0-4c99-b16c-d5650b4e6225,4eeeab31-20bb-4b04-a3da-7fc95995771e,23185789.729744382,23185789.767406777,23185795.04429707,14,256,0.03766239434480667,5.27689029276371,0
c8ffe668-577c-47e5-84f1-fca55062cabe,4f55e92d-76cd-46b9-af64-c3488068bbfc,23185789.897375833,23185789.943068907,23185795.218117803,50,256,0.04569307342171669,5.2750488966703415,0
67700764-5700-4f3d-84cc-28658f7cf04f,ce01cf55-b3d1-4151-b413-684db1318d82,23185790.06445553,23185790.29763807,23185795.449614264,1129,256,0.23318253830075264,5.151976194232702,0
e6c4b567-7237-4194-a205-42e2397f06b8,1c03d6bd-8a11-41c0-8129-390c363c0991,23185790.23125041,23185790.36149106,23185795.48354877,370,256,0.13024065271019936,5.12205770984292,0
5c4f434f-7c06-4894-93f6-9e9259fe3674,dc093a61-7826-4b47-85e0-72ec7273d626,23185790.39906692,23185790.52107768,23185795.58345309,575,256,0.12201076000928879,5.062375407665968,0
0081f3dd-ab2f-4f63-b113-63b9fbb0e7e4,15edb0dd-952b-4c39-baab-df1cf38f72fe,23185790.733867384,23185790.769520454,23185795.829837494,21,256,0.035653069615364075,5.060317039489746,0
7d2c1b5f-0640-4f51-a289-74006529e8dc,0831ad4f-fa66-4692-a1aa-1dc5c6a77cec,23185790.90225478,23185790.94515266,23185796.0016313,24,256,0.04289788007736206,5.056478641927242,0
dd62baa1-66d9-4843-a1af-e2b25a0c7a13,2e90049d-0053-4263-bfd8-f7d11ae0631c,23185791.070621923,23185791.114837166,23185796.173967406,19,256,0.04421524330973625,5.059130240231752,0
bea8e600-8d8b-4561-beff-8199196b9b75,e80a44fc-942c-465d-8aee-4a005b603488,23185791.237804733,23185791.342765868,23185796.366051756,373,256,0.10496113449335098,5.023285888135433,0
5445b84f-5bab-4245-bec4-fc8a6b13005c,62dd88d5-3067-49b3-b1ca-ae388740ba86,23185791.40524173,23185791.45640126,23185796.479296274,16,256,0.05115952715277672,5.022895015776157,0
4d885c8a-8047-47bd-8f1d-02b79002d1b3,2e0528ff-9b69-4dc2-8ecb-f0c3be440136,23185795.10485056,23185795.14179896,23185796.603854578,12,77,0.036948397755622864,1.4620556198060513,0
027f0d38-4d97-4248-80f8-d5e0d1629022,021b831c-9495-4114-9732-e72d3685a2c5,23185791.574439894,23185791.613340426,23185796.64308083,37,256,0.03890053182840347,5.029740404337645,0
269a79a8-7552-4b08-95bf-71a919c966b0,eb55bdf2-9aab-464f-9eb6-7d5e936567af,23185791.74178928,23185791.786902573,23185796.88273699,40,256,0.04511329159140587,5.095834415405989,0
9899f4c6-0606-4300-8c27-cc39efb44db7,43292268-3145-4657-bf8e-a13f1f80c68f,23185791.909284033,23185791.94455359,23185797.039749164,28,256,0.03526955842971802,5.095195572823286,0
98880093-7612-44ef-b66d-bd969a876212,c3867d4a-5d30-437c-898a-7b4f4fa7b01a,23185792.079903994,23185792.148448724,23185797.249302547,236,256,0.06854473054409027,5.100853823125362,0
3d902b2e-527d-4752-af4c-f16bd0d26a67,8bc6ea06-4dab-4c59-a5ce-dd8ca9150f41,23185792.246993884,23185792.285003856,23185797.382623713,197,256,0.038009971380233765,5.097619857639074,0
55f163a1-2222-43d4-9031-23f482a69a1a,723a410e-42e4-4a01-9d2c-1f30a4cc6014,23185792.414269734,23185792.463417098,23185797.55962994,26,256,0.049147363752126694,5.096212841570377,0
bd8d5ebc-e462-41ef-ae38-e53defd2c95e,b5f988ed-84fa-4fea-bace-3f2ee5ed8053,23185792.58134687,23185792.61444253,23185797.71063459,26,256,0.03309566155076027,5.096192058175802,0
dfbbb953-21a5-475f-8967-7d17a421214f,07152ad9-bc15-4440-8e81-bab1523ae124,23185792.74877992,23185792.786296535,23185797.88149597,12,256,0.03751661628484726,5.095199435949326,0
e72efb6f-a0e7-4b9b-8fee-dcb118161326,89ad742a-5a2e-4e4c-87aa-4121b0619a67,23185792.915683065,23185792.97305536,23185798.057348736,132,256,0.05737229436635971,5.0842933766543865,0
54206b52-7a85-4cda-90cd-150438f35311,86c521c7-cfd5-47e4-a605-f309524f59ec,23185793.083956268,23185793.125309706,23185798.21541038,75,256,0.041353438049554825,5.090100675821304,0
31221bdc-a80d-4262-9f47-66834bdc303f,c458c860-78fc-49af-97ca-15352216f949,23185793.250973746,23185793.30003175,23185798.388788912,18,256,0.04905800521373749,5.088757161051035,0
53f92cbc-3f7d-40ea-bb21-ddd0b6ff0cdb,1745f511-b156-4fbc-8727-b7f504792e0f,23185793.418499928,23185793.453631133,23185798.59753628,29,256,0.03513120487332344,5.143905147910118,0
e0875680-b1fa-4087-9418-832a42a3d10b,cb1c9457-030c-4cca-8c47-78fd10106a93,23185793.58609336,23185793.631690066,23185799.033363737,54,256,0.04559670761227608,5.401673670858145,0
c4275760-e2b0-4b35-9125-9ae8e1bd3426,40f27cb1-f539-4c48-883e-308a86730b40,23185793.753507532,23185793.787233077,23185799.376216576,34,256,0.033725544810295105,5.588983498513699,0
5f8125c4-c5aa-41b1-8a91-70d63e37a4a6,18c18f24-34d9-4917-9e22-34906e7569c8,23185793.921242736,23185793.962879576,23185799.684021056,85,256,0.041636839509010315,5.72114147990942,0
e3c0548c-4a1b-4dcf-a475-7e264ff0d134,8deba5f0-fda2-4b67-b889-dd75fa9725f0,23185794.08866668,23185794.142991304,23185799.92584578,23,256,0.05432462319731712,5.782854475080967,0
51b5f5d1-a506-42a3-a1ee-129e738c0a68,ab2580ce-6253-4843-8766-1f567761acd6,23185794.260484595,23185794.29888616,23185800.13186548,41,256,0.038401566445827484,5.832979317754507,0
6796130b-a334-4db0-b7c3-37e012968fe4,ce7257f2-80b7-4e39-b062-528071cf4a7f,23185794.428067643,23185794.480676144,23185800.36203792,31,256,0.05260850116610527,5.881361775100231,0
1d3c7122-18d2-47ae-88c1-825fddf9b2b2,312ffa57-005c-4088-8bc4-5eafb4e8c181,23185794.597429607,23185794.63550518,23185800.580820244,26,256,0.03807557374238968,5.945315062999725,0
b313135a-fc07-421a-b836-3305c8457982,974fd7b7-9230-4919-9b9f-e3a88a416f11,23185794.765042897,23185794.869345605,23185800.874961574,393,256,0.10430270805954933,6.005615968257189,0
89dd07a6-4250-4ec0-833a-7a1bf04c508f,60bbb78a-1847-4afe-ba56-f94014ff9d18,23185794.93249606,23185794.98459529,23185801.058296815,24,256,0.052099231630563736,6.073701523244381,0
27a44a4c-d8f1-44dd-a83b-6ae10cc1596b,41f77b7f-6814-427d-9da9-984855029936,23185795.27525046,23185795.314202975,23185801.75420127,33,256,0.03895251452922821,6.439998295158148,0
5aadd0dc-31ba-49af-9034-310da4491793,17a11e5b-9f8d-4a7e-b2d5-31addc03b51b,23185795.44314721,23185795.48386182,23185801.959987413,21,256,0.04071461036801338,6.476125594228506,0
79baee88-bbb5-46b5-b133-c92ff9fbc6f0,324c9e80-7c5e-40e4-bd40-da7235feaf25,23185795.610174015,23185795.66062396,23185802.155111417,27,256,0.05044994503259659,6.494487456977367,0
544b504d-f3c8-485f-b53d-4bd3d5a61171,6e5f3a03-337e-47b2-a633-69d95c7770d9,23185795.777872585,23185795.809331376,23185802.312373534,21,256,0.031458791345357895,6.503042157739401,0
04e3a859-e2cc-42e0-8c34-57bb6b5b74c7,a26e87f1-595a-40f5-93b0-94f4410aa139,23185795.946110208,23185795.979671024,23185802.50157805,16,256,0.03356081619858742,6.521907027810812,0
770efc7f-c235-4493-895f-55e1ada74fd4,65af2a1d-cdcc-4dbf-a047-e348469df3ce,23185796.11760011,23185796.154493187,23185802.68380522,20,256,0.036893077194690704,6.529312033206224,0
b441dba2-50a0-4c2a-96cd-7ca968e60b75,e8083f43-5360-45e9-bb21-23cba01ede70,23185796.285164423,23185796.324741222,23185802.87334018,16,256,0.03957679867744446,6.5485989563167095,0
ea2c11c3-1927-4e19-afd2-82de3e4b8138,38f09e53-3129-4069-95aa-bcd8b56fa20e,23185796.45275615,23185796.506478496,23185803.060832214,147,256,0.05372234433889389,6.554353717714548,0
4d4eb958-3476-48c2-91bf-695b141453ba,cc0e1b32-96a3-45da-8276-9a0fe61e0948,23185796.622848295,23185796.76677654,23185803.268548217,778,256,0.14392824470996857,6.501771677285433,0
451f8dc5-be8a-481a-a60f-c1abd3971606,cc37d93f-13a1-4792-a04b-a621a3b62fd0,23185796.790343553,23185796.82463745,23185803.329759438,95,256,0.034293897449970245,6.505121987313032,0
62eb9a11-3480-48c7-9e04-fb330e6ebb76,11c92265-f85d-4a0f-a621-a10603bb44a3,23185796.96087612,23185796.99761045,23185803.565475434,98,256,0.03673433139920235,6.5678649842739105,0
c835823e-2914-4d6f-a2ff-c12324016f9e,bf84fa5d-0a2c-4476-b643-c49251921e00,23185797.128313743,23185797.230919607,23185803.85793954,392,256,0.10260586440563202,6.627019934356213,0
1c8d908e-5538-47a6-932f-48940baaffe6,49d3e26b-fc6a-4924-b3c7-f1e63f0da7c3,23185797.29575646,23185797.34472499,23185804.040673967,13,256,0.04896853119134903,6.695948977023363,0
071f9e2f-232a-4ce6-ab82-3ee0c53a8c52,ee5185cf-00aa-46f4-9d48-1b91011f65db,23185797.462799627,23185797.497368034,23185804.258852206,20,256,0.03456840664148331,6.761484172195196,0
a8226edc-bd06-4699-bf52-609157a287e9,321d4840-a3f0-4891-a111-cf70096992cb,23185797.629747797,23185797.673804663,23185804.452842355,15,256,0.04405686631798744,6.779037691652775,0
0b66668c-47c8-4b10-b31b-b1a7697fc5e4,93c9f39e-3e7b-4880-b57b-cc9144c33791,23185798.300597988,23185798.34703443,23185804.529653806,13,225,0.04643644019961357,6.1826193779706955,0
bd0b136d-4a33-4d53-9f16-9ec794fe6ee8,4a042c82-8e44-4dbc-9d13-b5c26440e90d,23185797.79713466,23185797.844328765,23185804.681506082,40,256,0.04719410464167595,6.837177317589521,0
5cbc0bc4-1b30-47aa-8bcc-1074986590d9,5129ef72-f480-493d-abeb-315e480981a8,23185797.964915883,23185797.995157447,23185804.845703337,17,256,0.03024156391620636,6.8505458906292915,0
3a1c85c9-1f7e-4ca0-884c-9188345b29c6,33f329c0-da88-4bdc-bb2e-4086161526a5,23185798.13349145,23185798.17852299,23185805.039291564,139,256,0.04503154009580612,6.8607685752213,0
5979aeae-de97-4918-b55b-b91e22260e4b,eb8a84a6-a070-4562-aec4-a516adf958df,23185798.468266822,23185798.745291166,23185805.51491585,1159,256,0.2770243436098099,6.769624684005976,0
ae7fc3e8-a190-4079-9b79-8c10721d2900,83090d3a-97e7-4f4e-9748-ab52b2028988,23185798.636575337,23185798.936127674,23185805.600883514,1123,256,0.2995523363351822,6.664755839854479,0
3f8a945e-221c-48ca-9add-557b4dce8230,6d5304bd-a305-49a9-ad33-74a23a63f6ec,23185798.80532456,23185799.129487414,23185805.68726853,1137,256,0.3241628557443619,6.5577811151742935,0
749d353c-4a24-47aa-bfdb-b1b89516a057,d511eb34-50dd-4ab4-abd5-fd0ab9bf2a93,23185798.97237028,23185799.348435126,23185805.79383216,1105,256,0.37606484442949295,6.445397034287453,0
982f755f-520c-46a6-832d-328cda38ade9,11571393-f5cb-467b-94ca-50ec894c66e4,23185799.13995539,23185799.65457264,23185805.982724134,2175,256,0.5146172493696213,6.328151494264603,0
a9e427da-f618-4cd6-b188-de46ade8b53b,2eab4966-cadc-429f-ad5c-399a3f0c7f19,23185799.307046354,23185799.65485738,23185805.98284068,16,256,0.3478110246360302,6.327983301132917,0
c2fa120d-8a0f-446f-8ffe-c1e53ccf3708,b12489ce-5b38-4d4f-8ad7-2d1c312831e1,23185799.473765124,23185799.84508527,23185806.126181208,1617,256,0.3713201470673084,6.281095936894417,0
1dceaf93-425c-4297-86fd-abf64ef53a95,29debaa9-7209-4ce6-b31a-f0b2347cd902,23185799.807513665,23185800.086125,23185806.30527863,20,256,0.27861133590340614,6.219153627753258,0
6d046b90-c77e-4fea-8ecc-da1895c284f8,a814a119-0393-4ed5-8d1c-23ac02335c6b,23185799.64073562,23185800.086856976,23185806.305380695,1931,256,0.44612135738134384,6.218523718416691,0
fe1c35b2-1296-4d2f-9921-b83bcf3f4dff,298a5bfc-6ef6-4767-8aa8-27298001813b,23185799.97879492,23185800.09038175,23185806.310076606,14,256,0.11158682778477669,6.21969485655427,0
630aa1ee-db2c-4d3b-8b9d-6a8444a5c23f,1daef8d8-f4e6-49d6-9935-be261e077339,23185800.313974313,23185801.521321677,23185807.201472074,17,256,1.2073473632335663,5.680150397121906,0
cb212c51-09ad-4513-8fbc-50e4520a1664,45bf144c-8470-4369-abac-5a724c505e8b,23185800.146435596,23185801.523027975,23185807.203793444,8950,256,1.3765923790633678,5.680765468627214,0
86703d79-9460-4945-9604-456af557cf28,c027d276-a7bd-4df8-843f-0fc742e6a474,23185800.648412067,23185801.553107597,23185807.22690098,23,256,0.9046955294907093,5.6737933829426765,0
c3fa19a4-be59-4e46-ad93-359149c062de,8dffd556-4c83-4730-a3f7-a03e670969ee,23185800.481021877,23185801.55367601,23185807.22700629,56,256,1.0726541317999363,5.673330280929804,0
8fca6092-ed1a-4845-aef0-b1e60d8f594c,c9d1905e-70f5-4c84-920e-ad3efb8da053,23185800.81561906,23185801.72371133,23185807.341419782,1203,256,0.9080922715365887,5.6177084520459175,0
f82611df-4444-4ca4-a933-952b33564434,f6c768a0-23df-4e25-b0fa-180fd96f9d34,23185801.150939237,23185801.75126408,23185807.360674374,32,256,0.6003248430788517,5.609410293400288,0
feb12bc3-ab2b-4e69-9dbb-6933e744ea1a,baf2e3a6-6ffa-4dd7-86a6-bda15fa1e38c,23185801.31850555,23185801.75200935,23185807.360807378,33,256,0.43350379914045334,5.608798027038574,0
5685a302-5e11-4670-bffb-9143d8e8087c,ea8fe4dd-996c-48bf-a0c7-003b578e2980,23185800.983470578,23185801.753231775,23185807.360937037,127,256,0.7697611972689629,5.607705261558294,0
8fe1b4a4-8b8f-4187-8e58-816ad36dbe53,171b2977-d4ab-4152-bd0a-10e3a4fb34b1,23185801.486156028,23185801.77702211,23185807.380042747,172,256,0.29086608067154884,5.603020638227463,0
16e856e9-cc4b-485e-9b10-ebd2374cb99d,dbeb1ad5-30b2-4496-adcb-5ba0b2da2926,23185801.654286154,23185801.835204385,23185807.422607053,289,256,0.18091823160648346,5.587402667850256,0
7d9eeaff-26a7-42c0-bbdb-820e66842fdc,1930cd6e-1900-4bbc-bc80-348d284c5f92,23185801.82177216,23185801.901999757,23185807.477932002,166,256,0.08022759854793549,5.575932245701551,0
5ab3241d-b7ac-4a93-ab70-99f77b91e6bf,cf561336-1878-4e93-a349-272184912fab,23185801.988689642,23185802.068057775,23185807.631069016,171,256,0.07936813309788704,5.563011240214109,0
86893625-c748-4154-8558-3db20e04f63a,3cdceee3-fe03-49b6-bf16-eff324164e1b,23185802.15632662,23185802.195708632,23185807.75328905,45,256,0.03938201069831848,5.557580418884754,0
6303d341-91a9-4116-970a-62c48f06de11,3aba4ee2-3583-4a87-a303-b93f818835c8,23185802.323295515,23185802.373426232,23185807.926894065,19,256,0.05013071745634079,5.553467832505703,0
4fcc5444-89be-45db-9fc9-0e918a2247c9,d0b0d2e6-a47e-4a7e-ad74-3ac9c47cdcf5,23185802.491130266,23185802.53856643,23185808.089990955,21,256,0.04743616282939911,5.551424525678158,0
0aaf8b15-1cf1-44b1-8dd9-4213e7d50bfc,6dd26e0c-daaa-4c66-857a-e3f9ce02b6ea,23185802.662947644,23185802.7077784,23185808.244190145,115,256,0.04483075812458992,5.536411743611097,0
72c1f8eb-083d-4b13-865c-18cb9c5cc8b6,7264e6d2-b0a8-47fb-90d5-944598581785,23185802.834021095,23185802.873978738,23185808.409906562,33,256,0.039957642555236816,5.535927824676037,0
4b52b01f-ffa4-45e6-8360-f857b526360e,fd3b11dd-784e-40ad-ae6f-1b99c81be368,23185803.00154359,23185803.03608322,23185808.556607716,47,256,0.03453963249921799,5.5205244943499565,0
d4c45e13-4869-4991-883b-7daea2c51de4,100135e8-c465-4c8c-a8ff-7457df4ba18e,23185803.169047892,23185803.226725046,23185808.739900764,16,256,0.05767715349793434,5.513175718486309,0
bf88d382-1fe0-4e22-9145-e766d5f157ae,ce0a0bcc-99d7-4ee2-9dad-68fc3121c3b5,23185803.50287268,23185803.916454524,23185809.25276126,12,256,0.41358184441924095,5.336306735873222,0
7ef0eae5-12f1-41a1-a69b-3078f1070de4,34c3f3f1-9326-4c26-8a91-36c9cae8f1fd,23185803.335978135,23185803.918876756,23185809.252893537,2840,256,0.5828986205160618,5.334016781300306,0
99abd94d-84eb-400d-b6ab-dedc5addde6b,d89b7675-d899-4538-9ef5-bce2cb24e9b2,23185803.67030711,23185803.943515252,23185809.276280332,131,256,0.2732081413269043,5.332765080034733,0
57198a94-f525-42d5-b141-c7337bf916a2,01b8f1fa-d223-48f7-8e4b-288fc8546a8b,23185803.838220913,23185804.21512547,23185809.448522646,1125,256,0.37690455839037895,5.233397174626589,0
bca6254f-9e21-4e6a-a12d-0d53cfce1959,b518a6ef-eb7e-4809-b683-919a69dc7bc1,23185804.008177023,23185804.219167247,23185809.45230231,13,256,0.21099022403359413,5.233135063201189,0
47bdfb88-3497-493b-a9ec-ba61bd86d563,e94f7661-c43b-4064-909a-dab5af93cef2,23185804.17541199,23185804.237818927,23185809.468421206,14,256,0.062406934797763824,5.230602279305458,0
ba8ef9a4-7e19-4473-b9d6-f99479041f60,05cebea3-e468-451e-a614-0515462d7f05,23185804.34303436,23185804.379454687,23185809.596906368,39,256,0.03642032667994499,5.2174516804516315,0
dd1d90d9-c25b-4726-8f80-c0b4d4503ff9,925c99d7-8f51-4044-95d5-b1a9e8b44584,23185804.513552204,23185804.683618493,23185809.896488864,592,256,0.17006628960371017,5.212870370596647,0
40866699-e0e0-4cdf-a085-2d889a6a8d1a,239837e7-debd-4289-b763-0d5714658ac2,23185804.685323488,23185804.722403787,23185809.931309916,22,256,0.037080299109220505,5.208906129002571,0
dfeb1db8-0c04-4cb1-9879-b0ebb4c88a12,4e9bcfda-8070-4aa2-9243-8a1774ae650b,23185804.853017617,23185804.889281634,23185810.081400998,74,256,0.03626401722431183,5.192119363695383,0
95d8027e-59a7-4138-93a2-fc6525a0f08e,ec494e74-9738-4c61-8c3e-eb14268680ff,23185805.019978628,23185805.086266417,23185810.260356367,158,256,0.06628778949379921,5.174089949578047,0
be4956de-5e1f-4647-a022-2fc88f201adb,3275ece3-1cf8-40ac-a350-644429429b89,23185805.186859608,23185805.236622907,23185810.400768843,24,256,0.04976329952478409,5.164145935326815,0
e6fb7c50-76f1-407d-9a55-9969f7b8c0fa,f0935e98-38b4-45f4-8004-b643379cf2d3,23185805.35395319,23185805.403741382,23185810.547368385,15,256,0.04978819191455841,5.143627002835274,0
8d016482-6cdc-42ff-8000-044f34f51ef0,c20ee7b1-1412-4102-b96a-f871a54a1814,23185805.52113043,23185805.576640278,23185810.700629566,24,256,0.05550984665751457,5.123989287763834,0
d56ae293-39fb-41b8-a09b-beba77a0b8b9,8e8516e4-dbb7-4811-aabc-076b368e0516,23185805.688466523,23185805.725900948,23185810.931235664,27,256,0.037434425204992294,5.2053347155451775,0
20599fd1-bdbf-4169-a371-ec57890e82ba,32197b9b-d370-471c-b983-3622df0d1040,23185805.856120583,23185805.894396137,23185811.260809775,26,256,0.03827555477619171,5.36641363799572,0
9ea4740d-ac32-44d1-8bc6-7209990f1d3f,645baff5-5c35-4e69-888b-6c080d38952a,23185806.023168962,23185806.062346775,23185811.491292812,27,256,0.03917781263589859,5.428946036845446,0
882291da-3cb1-466b-9542-7d305c446f63,646ff35a-990d-44e8-be06-4a917db71319,23185806.190662943,23185806.24737046,23185811.77207964,15,256,0.05670751631259918,5.524709179997444,0
e257ae64-4d3e-4f83-94db-182b2c715ce7,53c93d73-31de-4ff4-abe9-6347cea9f500,23185806.358977444,23185806.40704184,23185811.966700964,17,256,0.048064395785331726,5.559659123420715,0
d4766018-ac7b-448a-bcad-8fdb2439f541,1a85a5d1-f407-4986-a368-0e3e8a8d3aa1,23185806.530364413,23185806.570739314,23185812.162982143,19,256,0.04037490114569664,5.592242829501629,0
b1d4228d-d1ad-4f12-8408-fdf174bfe761,c8ed6132-db49-4c8a-8e33-c4f797047df1,23185806.69767075,23185806.751815915,23185812.35738826,45,256,0.05414516478776932,5.60557234659791,0
74ddab6c-4f54-4f39-9d1f-6f41d1ea5f25,22b37b37-447d-4459-bbb6-18d958a57464,23185806.865222007,23185806.913615417,23185812.524179976,37,256,0.048393409699201584,5.610564559698105,0
0f0bf614-570f-4272-b5d8-16ffd5207ad2,325dd7ab-f1aa-40e0-97f8-9040e8649561,23185807.034331627,23185807.077713545,23185812.699018955,21,256,0.04338191822171211,5.621305409818888,0
79fb7b47-b0d9-477e-bb0a-12a0a40013f9,169ae69e-ccef-43f6-ae5f-d62cb31febe4,23185807.20833756,23185807.24244066,23185812.86571144,28,256,0.03410309925675392,5.623270779848099,0
99f73824-d627-49f9-9191-1683d20afaad,6402204c-69a6-445f-be4e-dd05305172fd,23185807.381146077,23185807.436861828,23185813.089261822,22,256,0.05571575090289116,5.652399994432926,0
88a9e427-dfbc-4b1a-b06a-0df8d0a71fe3,f35c81f4-d137-4d27-8150-2f57070b4880,23185807.5505759,23185807.594677858,23185813.274793852,15,256,0.044101957231760025,5.680115994066,0
fec0e284-168b-4865-8ccb-2a7b4a1d2574,539faaaf-3043-4dc8-b9ff-d8201eb68ce9,23185807.71741989,23185807.771478504,23185813.487015624,21,256,0.05405861511826515,5.715537119656801,0
ce224cc6-3fbf-49ec-a062-40704af9dfd2,2e867b79-722c-4d48-bffb-06202e1949ea,23185807.8857706,23185807.93122144,23185813.67514807,17,256,0.0454508401453495,5.743926629424095,0
ae8b9a43-76fc-4845-9e41-d3f300da9160,a2a4944c-28f9-4125-8979-d9d8db1057a7,23185808.05348607,23185808.0843485,23185813.829618737,16,256,0.03086242824792862,5.745270237326622,0
221ca002-1d9b-41c8-aba0-3ca41063268e,fb8967da-74ff-4673-a225-42010f3740cd,23185808.22165089,23185808.264631312,23185814.01470448,31,256,0.04298042133450508,5.750073168426752,0
a95e96ee-c2c0-4331-b01f-79b022d3ff71,0aa6f52d-2411-42ad-b80e-57a6f59e7a06,23185808.388627905,23185808.438198082,23185814.200561292,14,256,0.049570176750421524,5.762363210320473,0
b83428e4-d35a-4e71-98bc-7b6210dd41c9,b5e05aec-f427-477a-b184-a793efd97b5e,23185808.559676226,23185808.59478439,23185814.360190038,49,256,0.035108163952827454,5.765405647456646,0
7d120c56-00e5-437c-a066-324708d2c304,eedfe551-bc48-4984-af71-b70b88cf09ac,23185808.72656496,23185808.776270393,23185814.543205775,213,256,0.04970543459057808,5.766935382038355,0
a5c20416-7539-4c0d-b23f-f2b29621af2f,fa80b416-bfd5-4a2f-9713-b80fb536221f,23185808.89554685,23185808.941649266,23185814.716209475,156,256,0.04610241577029228,5.774560209363699,0
e2f2795f-b300-4eed-b852-5e49dedb9426,a12bd834-6ff2-4a32-9fac-7d7b95aef91b,23185809.062682007,23185809.116136912,23185814.898766983,13,256,0.05345490574836731,5.782630071043968,0
fef11f0e-eb06-48f8-9cdd-f897f760d0c9,e4be00fb-8046-4c4e-8a5c-718aa82a66ae,23185809.23153339,23185809.291855898,23185815.074831516,280,256,0.060322508215904236,5.782975617796183,0
19a252ba-1f81-4cac-bbb8-3a41da7be438,48deb011-f8b9-42b1-a102-dfed0f7cae9e,23185809.399090704,23185809.45171377,23185815.26250375,13,256,0.052623067051172256,5.810789979994297,0
61736dc2-3c1d-4d86-93fc-fd5b6feb436b,56df1cff-17ab-4924-86aa-bad1912859a3,23185809.566298883,23185809.670440853,23185815.52530797,397,256,0.1041419692337513,5.854867115616798,0
a162f5e8-b4b6-45fc-9ad3-49dfc22757cc,46612473-91f2-4768-87fe-769881bf0e7b,23185809.733184647,23185809.81900206,23185815.64708255,403,256,0.08581741154193878,5.828080490231514,0
95611873-bdac-4003-8266-77b7f2ddc1b0,8bdb3b19-0272-4eda-9b72-34aa805166cb,23185809.900689404,23185809.933275606,23185815.77140187,14,256,0.03258620202541351,5.838126264512539,0
e5357bd3-94d0-4507-804f-04f33e176f32,494d909f-336c-48d4-a307-6547418c30d1,23185810.067791224,23185810.100836083,23185815.94906651,13,256,0.033044859766960144,5.848230425268412,0
a63d88e5-7f42-4468-9362-f3455f58633a,8f953c80-95bc-49bf-a92e-8cd32c5fc3a2,23185810.23505081,23185810.278258543,23185816.16519045,23,256,0.04320773482322693,5.886931907385588,0
71f5e991-3609-4bee-8e15-a27a9aefe345,b17bf761-2152-432f-996f-4a16fa1cc0fa,23185810.40200804,23185810.43685519,23185816.3344214,15,256,0.03484714776277542,5.897566210478544,0
b79c811d-f428-4966-9154-da39d6497557,98716933-d0f2-4571-9243-561bcddd7cdb,23185810.569353107,23185810.603142317,23185816.52245762,24,256,0.03378921002149582,5.919315300881863,0
4606759a-105c-4b9a-a214-affdb6dda0ff,287c7458-fa5c-400d-ac12-3d8d9f2e8f96,23185810.73850091,23185810.92848852,23185816.767892353,889,256,0.18998760730028152,5.839403834193945,0
71b7e23a-5a6a-4ca1-9cd0-a7e9e69c4b91,24680f02-d524-428e-9dce-8ec1718500bf,23185810.906101614,23185811.09593917,23185816.84943256,786,256,0.18983755633234978,5.753493390977383,0
c5a997f2-0cbd-4336-8403-cd4cc5f2ab9c,0f275626-5fa8-4ee3-b5fe-0a9acc507895,23185811.076211832,23185811.25712172,23185816.92670483,786,256,0.1809098869562149,5.669583112001419,0
c1e61a2d-690f-415a-b8bf-be116417a314,75badde8-4964-4dcc-9568-159870587e52,23185811.24391744,23185811.400385324,23185817.012203798,664,256,0.15646788477897644,5.611818473786116,0
05f0f5c6-0898-4b18-a61f-0478896d5609,a8d1091f-6262-42af-984c-05c9f487f46f,23185811.414215393,23185811.617907483,23185817.153309673,1060,256,0.20369208976626396,5.535402189940214,0
1ec3c029-c016-4c09-950f-efe2b6c0a50b,1103965c-8312-4753-8c8a-2bec219723fd,23185811.581787713,23185811.748813394,23185817.28113108,1025,256,0.16702568158507347,5.532317686825991,0
0c016de0-aec5-4126-b387-4cd0c7b6c234,1aa74820-f349-49e1-a853-e7ea258c57a2,23185811.75170257,23185811.900546763,23185817.428830165,1069,256,0.14884419366717339,5.528283402323723,0
92c7c4f7-be64-49bd-aaf4-e4fb8903b02b,5651e59a-f4d9-4ec0-bdb1-57bb719fba7e,23185811.92240666,23185812.068650268,23185817.59825558,986,256,0.1462436094880104,5.529605310410261,0
cd84b54c-b76e-4ce3-8f3d-118d126d9c33,a710064c-38f8-481a-9de1-3f6d8de52214,23185812.090128344,23185812.2317556,23185817.76211424,961,256,0.1416272558271885,5.530358642339706,0
2d4e00ea-429b-4b75-8338-36a7276c58f9,ebca77ae-8c3f-4d74-9005-1430d151680c,23185812.257349335,23185812.297977366,23185817.842475418,45,256,0.04062803089618683,5.544498052448034,0
2e655d95-c985-4405-8e0d-9d0525aaa4a8,e0874fda-cb35-441c-9abc-037bb4b13cc2,23185812.424987033,23185812.482362017,23185818.077766832,121,256,0.0573749840259552,5.59540481492877,0
72f2361c-7207-464c-af9f-d496bcfad676,5de8584d-2f83-4e2e-a0c4-910c4b6bcc63,23185812.592701733,23185812.725693498,23185818.30324099,820,256,0.13299176469445229,5.577547490596771,0
d90316ba-82dd-4125-baf0-bc9a3a078030,06a2e099-596c-466e-8ace-1ce021930314,23185812.76021612,23185812.80478439,23185818.380478334,16,256,0.044568270444869995,5.575693942606449,0
cb9ea345-0c9d-408f-b52b-b3beaa471de2,96284c05-c239-4b5f-b2ea-5f9e13692b61,23185812.92724388,23185813.024557725,23185818.586450927,576,256,0.09731384366750717,5.561893202364445,0
0aaeef02-29ab-418e-951c-0c58d7c63ea2,7caa5d1b-20fa-4ff1-9812-d8b921f398c7,23185813.094508626,23185813.252192933,23185818.792594153,947,256,0.1576843075454235,5.540401220321655,0
2bd11278-537c-4cec-b461-46495023c79a,18d2a8f3-f9eb-4851-9953-366367d1dca7,23185813.261934098,23185813.417499382,23185818.93264922,933,256,0.1555652841925621,5.515149839222431,0
c211395b-2b16-4596-b569-8ca66b58f78d,c4c15c0b-76f0-4df3-8e80-ad643b734d29,23185813.429181464,23185813.59539931,23185819.077211257,957,256,0.1662178449332714,5.481811948120594,0
27d15419-876e-4662-89ea-35e69aad17f7,26d1db73-03de-474f-b213-18f818f5e53d,23185813.59675563,23185813.633672807,23185819.115719546,29,256,0.036917176097631454,5.482046738266945,0
e72475c2-907c-40a1-9808-4d3a47cc6aee,e4114031-a92f-45c4-9676-6760e2521dde,23185813.764455024,23185813.813347775,23185819.296007182,22,256,0.04889275133609772,5.4826594069600105,0
17273f0d-9c0e-4270-abae-e0599c13f3a5,c1834c16-0565-4f0c-829d-b526ef058d35,23185813.93389354,23185813.96887337,23185819.450603336,18,256,0.03497983142733574,5.481729965656996,0
b5cef9f0-fa03-4502-beb3-fa66fb301b18,5d39ca15-c002-42ae-9d7b-d42a915429fb,23185814.101345345,23185814.203806583,23185819.68174796,382,256,0.10246123746037483,5.477941378951073,0
a17d55d9-5db4-4282-8d49-45f026e9b17f,cc221315-29d0-46f7-b792-14eee571b8f1,23185814.268620815,23185814.299030263,23185819.776860524,11,256,0.030409447848796844,5.47783026099205,0
e9c9472d-a13b-46ba-95ba-5824cf79344f,b44abd2b-6e3c-43ce-9301-7f01ddb64382,23185814.437125623,23185814.47988482,23185819.955824967,55,256,0.04275919497013092,5.475940149277449,0
c8461f6c-0c4b-44d5-b7aa-8277a0cc7068,6151fa02-af9d-4063-8f95-37cec98b3f28,23185814.604051393,23185814.692787983,23185820.149869055,442,256,0.08873658999800682,5.457081072032452,0
a91147b3-01dc-4592-ad86-31977d5c3c85,8feec16b-ee45-47be-af2a-81c2a43c08d5,23185814.775589652,23185814.81767398,23185820.269227516,72,256,0.04208432883024216,5.451553534716368,0
b914a8df-0433-4fc8-8633-f80cca3fb9b9,ddeb76fa-312b-468e-8cf9-0bb1819901b4,23185814.943203088,23185814.977893647,23185820.43989847,24,256,0.03469055891036987,5.462004821747541,0
457e81cc-b0aa-4144-b79f-f3a34dd5b578,ab448ebe-3423-4b6e-bbd2-19569cf41e2f,23185815.111247376,23185815.501410093,23185820.869706642,2533,256,0.39016271755099297,5.3682965487241745,0
590d2c7c-7035-499a-b5e6-b90784c917a4,ec96530c-dc8a-4708-ba24-dfb90c202584,23185815.27871298,23185815.50625684,23185820.87335164,18,256,0.22754386067390442,5.367094799876213,0
d71bcd00-1494-46c5-ae52-16dc207ccf60,df3d5877-be67-4a8e-88ee-72fa9cff8df4,23185815.446617313,23185815.5248313,23185820.891555566,57,256,0.07821398600935936,5.366724267601967,0
a8fb0f55-b336-4653-9b73-aac809ef92dc,9317ff87-6c81-4f0d-af5f-064f1c233946,23185815.614207104,23185815.646349497,23185821.00238165,27,256,0.03214239329099655,5.3560321517288685,0
ee4ccbb7-cf0b-47e8-8444-d31b60b6d979,4d1108af-b1e2-4e27-a926-c1ec8dbc2085,23185815.781603955,23185815.82738507,23185821.262420986,13,256,0.04578111693263054,5.435035914182663,0
bc9d631d-4bf3-492d-a99e-d1bcfa5c5ac5,95038ed0-8472-4577-b7ca-8af776109f0a,23185815.952983204,23185816.107754946,23185821.503795054,930,256,0.15477174147963524,5.396040108054876,0
1e13c105-2498-43de-919c-9958ac816887,d8e0122d-0003-46a2-9498-651a56ad3e89,23185816.120156717,23185816.166132044,23185821.562125195,82,256,0.045975327491760254,5.395993150770664,0
12791a05-1de3-45ef-a9a3-66463e363d64,35f7df5e-a298-4439-84dc-1d3eb1bafff4,23185816.29130661,23185816.328508012,23185821.71108825,32,256,0.037201400846242905,5.382580239325762,0
2de30b82-47aa-4726-9b80-330dd0b1e893,77f955eb-3d86-483e-a1e4-b7a6b3522dc6,23185816.45851083,23185816.50402801,23185821.866382062,146,256,0.04551718011498451,5.362354051321745,0
0c80f74e-0db7-4ae0-b898-b3194adc0744,a6446c2e-385e-41fc-b7eb-60ee121d09c9,23185816.626040105,23185816.662469998,23185822.117891826,27,256,0.03642989322543144,5.455421827733517,0
a5e5fb6c-bdb0-491f-aec8-13fe12b9746d,31735aba-8a83-497b-b93d-5f3656ce5cdb,23185816.79346547,23185816.8461424,23185822.28764754,20,256,0.05267693102359772,5.441505141556263,0
521835a4-6c60-4ecc-8ae8-64e3b3a31cba,b5b42385-5e8a-4a49-bd79-62f870b57960,23185816.960725736,23185817.008391958,23185822.445835736,36,256,0.04766622185707092,5.437443777918816,0
71dbaf1c-6b00-42dd-a18c-45369b1e79f1,5a63cd30-41c6-4c44-86bf-dbdc38cf955d,23185817.132171784,23185817.280978404,23185822.67986162,952,256,0.1488066203892231,5.39888321608305,0
f3087d41-7d98-474c-b73f-69d6b9457813,fa1397cd-b032-46d2-b769-8fe7300b691c,23185817.300526973,23185817.42927947,23185822.7988829,857,256,0.12875249609351158,5.369603432714939,0
f583c59f-c34c-47f5-957f-2eaab732f3c0,09944904-cc5d-4691-a35f-54d96c7b659e,23185817.471199844,23185817.615605623,23185822.948976543,916,256,0.1444057784974575,5.333370920270681,0
df735408-2b24-4c1b-be59-e45bbfaa775b,95aedaf7-dab9-4bc4-9143-03841355f63a,23185817.63796156,23185817.819974374,23185823.1119817,1221,256,0.18201281502842903,5.292007327079773,0
869d82b0-a1f3-4c25-99e7-2ca0076c1c16,41c1f3bb-5e77-43c5-afb0-54ed27c12b61,23185817.80546047,23185817.99351463,23185823.241522938,1213,256,0.188054159283638,5.24800830706954,0
b346c06c-b21e-4987-bd2e-c1478bfda370,1da9d765-eaf6-4a2f-aa95-8ec90ab9d9a2,23185817.975410286,23185818.09785522,23185823.31738267,692,256,0.12244493514299393,5.2195274494588375,0
505dbe9a-6580-471b-86c9-a0c00a0cce27,8df0a063-b5a4-4170-aa89-1a63da4084b4,23185818.142691564,23185818.178805057,23185823.39412521,17,256,0.036113493144512177,5.215320151299238,0
1e16daa9-b517-4de8-b4cf-da856d7f7bf2,7a2afb1f-f8e5-4bdb-8212-e8087ffec2af,23185818.30944664,23185818.361177776,23185823.564749688,29,256,0.051731135696172714,5.203571911901236,0
261e8797-7169-47b3-b940-50f73a144399,9f35ba9f-2ac1-4356-9b28-2bda111000a9,23185820.154033396,23185820.187774748,23185823.601276085,11,167,0.03374135121703148,3.413501337170601,0
a18aa3e9-e9c5-4842-b21a-126f2943cf0a,10db6149-72da-434e-94ac-f7452231c148,23185818.477179214,23185818.526120722,23185823.718518745,17,256,0.04894150793552399,5.192398022860289,0
236cd589-a816-4394-b20c-0e0e6afc030f,a0f9f331-b3c0-44f3-ab8a-aae49e0a38d7,23185818.644745983,23185818.68693128,23185823.901658177,17,256,0.04218529537320137,5.214726898819208,0
3b32402c-751d-4e87-83bd-760156298167,1eb7153f-e25b-4fd0-ba02-70ce80e58545,23185818.81207293,23185818.853741497,23185824.055701736,40,256,0.041668567806482315,5.201960239559412,0
4fb10faa-4384-438e-b426-aca92d4e84bf,57599e3c-40a4-4b5c-88f4-0c59ed1182a4,23185818.9788693,23185819.014099896,23185824.211080663,51,256,0.035230595618486404,5.196980766952038,0
43eb184f-75df-4752-a878-6c7f1b89749b,16d4f3ce-11b9-40cf-b6a0-0188f790cf2c,23185819.146396257,23185819.19443525,23185824.385098726,18,256,0.048038993030786514,5.190663475543261,0
c10028ff-c4f6-40f3-a858-b2ff5dde28c8,7f2cb043-229a-41cf-94b3-d1dbe43d4305,23185819.314470418,23185819.352011397,23185824.53744365,14,256,0.0375409796833992,5.185432251542807,0
d28e546e-d927-4377-a083-a1136f955253,89e3cd71-bf58-4a87-b295-e70de0a38c69,23185819.48162799,23185819.55678398,23185824.722943816,431,256,0.07515599206089973,5.166159834712744,0
3dd29e0b-2cc6-448f-95ec-23ee2fce1009,7fa51838-05de-4e64-86c0-a3588e4586de,23185819.64897423,23185819.699801143,23185824.858338997,19,256,0.050826914608478546,5.158537853509188,0
0ac0f2b0-0283-47a5-a64b-62010202d43d,f1abde24-2a39-4178-b993-0b5ce6835ad4,23185819.818928804,23185819.853692725,23185825.01084987,19,256,0.034763921052217484,5.1571571454405785,0
a32cfa38-4ba5-4a65-bd76-01fdc3836322,7a6ed97b-01d3-48d6-9650-2e4ffa3df896,23185819.98683598,23185820.030519117,23185825.18335682,14,256,0.043683137744665146,5.152837704867125,0
3dfdc392-aaec-45ff-a09c-dcfd2b36f98b,57bce9de-0d9a-4e73-ab15-7731e8c21bf3,23185820.324560616,23185820.417343523,23185825.701067217,526,256,0.09278290718793869,5.283723693341017,0
554ebac7-9187-4d51-978b-2a7c1b4ae739,929ef5d4-2f77-4d4d-803d-cfcb0700409e,23185820.49593096,23185820.53348631,23185825.81317519,27,256,0.037555351853370667,5.2796888798475266,0
17a703eb-4bee-430f-b735-6248050f3d09,f0beca87-9a43-44da-b054-f54d0da44eb5,23185820.66306246,23185820.712298874,23185825.995312247,26,256,0.04923641309142113,5.2830133736133575,0
8546b6b4-0fd6-4f69-b8bf-1ba093fa4701,15dbcebd-c12a-4268-bdc3-57d31f216962,23185820.83004552,23185820.868789356,23185826.147362035,81,256,0.03874383494257927,5.278572678565979,0
f1ddbd61-a244-467e-8828-6091d1215855,4d67dfca-4f53-47b4-b021-140603be8b58,23185820.997879505,23185821.186077002,23185826.51105181,781,256,0.18819749727845192,5.324974808841944,0
360a8547-5045-4081-ab2c-f4033780f52b,ec1f9797-fb8d-4842-8d15-71aec5089cfa,23185821.167131137,23185821.202297,23185826.52648834,28,256,0.03516586124897003,5.324191343039274,0
79406e3a-ab3b-4f5d-b762-e07f8b50fc18,c455f176-433e-4e6b-a1bf-256a827d46e9,23185821.335447542,23185821.37379176,23185826.69435148,52,256,0.03834421932697296,5.3205597177147865,0
9c2f2a6a-c5f9-42af-b8a4-6ef11ce1c44e,5436bc25-0d0c-43f4-874b-38c59557f1a3,23185821.50396889,23185821.542318054,23185826.973111466,74,256,0.03834916278719902,5.430793412029743,0
87acf5f5-59a0-4fed-ab0a-00b1f56457df,c046fd46-3121-45ef-aee6-cf0df77cb72b,23185821.675683625,23185821.71204145,23185827.14617498,19,256,0.0363578237593174,5.434133529663086,0
258d6494-d17d-4ceb-b07b-e471aacf35dd,41ff0aba-4558-46ee-9481-e6c8557a4cb5,23185821.846952975,23185822.03454402,23185827.38252688,930,256,0.1875910460948944,5.347982857376337,0
b106533d-440a-4bf1-bfe9-8dc55e673196,0746eb66-c982-4296-8dfa-6e9830a5b951,23185822.01392727,23185822.059213635,23185827.405688945,23,256,0.04528636485338211,5.346475310623646,0
e26a6a0e-116c-469e-8680-b36b46363bfa,67e366c0-095c-474a-908a-e63cb5194e48,23185822.18105032,23185822.227751017,23185827.57156247,28,256,0.046700697392225266,5.343811452388763,0
ebcb9764-c3d4-4651-b305-c3044e127156,16154fb6-f930-4e89-9b17-8a8825213cbb,23185822.348736353,23185822.38334578,23185827.726177678,47,256,0.03460942581295967,5.342831898480654,0
f66b330d-b123-42e4-96bb-9d6ac8cd8eba,e2925332-ff91-49e2-be18-1c853c099836,23185822.515661735,23185822.556929193,23185827.892426178,24,256,0.041267458349466324,5.335496984422207,0
d1ca870a-e8a4-4b53-93ba-fa4654bee1c1,221da7e7-4174-4785-8650-27fc5420be2d,23185822.68303191,23185822.71896907,23185828.046269245,21,256,0.03593716025352478,5.327300176024437,0
5650c80c-289d-4177-b27e-afe72c8b1f2d,be762beb-b72f-40c4-80f4-5f1abec8e66a,23185822.851884585,23185822.891708523,23185828.216709122,32,256,0.03982393816113472,5.32500059902668,0
07b8ea75-2ad7-4d79-8c68-d403069c9fb6,99d579c4-2f51-4da3-aa18-e3f9b4227719,23185823.019261394,23185823.089003902,23185828.404506806,261,256,0.06974250823259354,5.315502904355526,0
3f7356eb-9b13-414d-9d3b-9a48b4c67d83,ce138e1d-b4bc-44ef-ad49-9590116fd35d,23185823.186718497,23185823.222838897,23185828.540338434,49,256,0.036120399832725525,5.317499537020922,0
9603e838-b7a0-4152-92da-3f1ba37e61ca,c818445d-3f44-4372-b2c6-cb7da514cefd,23185823.35424161,23185823.389582634,23185828.676962975,18,254,0.03534102439880371,5.287380341440439,0
3fa086bf-8f54-4e25-ab21-ed068987a943,22c5224a-6913-4819-ae4d-b2e135ae41c7,23185823.525240723,23185823.566568833,23185828.890777763,19,256,0.04132810980081558,5.324208930134773,0
0c538232-9428-4f8a-9b06-6dac8b71c22b,5bd0c060-5999-43d0-a7aa-9191ce64c322,23185823.693546392,23185823.76666191,23185829.055520885,239,256,0.0731155164539814,5.288858976215124,0
5f128b93-5632-4bc1-aefa-1e64d5a1edd4,80335b8e-f110-4ae8-aab1-46e1e20e6351,23185823.864879232,23185823.901534546,23185829.189049456,34,256,0.03665531426668167,5.287514910101891,0
a7066733-861a-4d2f-b66d-3dd8af587b6e,f52f7de6-4d14-400b-92d7-f8424470b16d,23185824.035868224,23185824.072848294,23185829.35968069,62,256,0.03698007017374039,5.286832395941019,0
b732a24f-e9b7-4e26-ad61-6dba63281c56,ff4dada6-6d83-43dd-a5c1-b710606cff25,23185824.204446603,23185824.246197738,23185829.539507758,14,256,0.041751135140657425,5.293310020118952,0
2b1453e5-48e5-41f1-80bb-49149fb4755c,db7248ae-7607-465f-9f2f-ed3e089ee635,23185824.372391257,23185824.419481225,23185829.7446347,39,256,0.047089967876672745,5.325153473764658,0
f8d6482e-db4a-4b6b-8f33-89929e0f1d22,1bec3e16-831c-40fb-bf4f-9956036d82e3,23185824.53967298,23185824.574719787,23185829.896563746,35,256,0.035046808421611786,5.321843959391117,0
38b41b4b-1295-47dd-873a-fe79c48a987a,6c83193e-b234-42d9-a81b-421bfe5c9b75,23185824.707947686,23185824.744573224,23185830.067631703,27,256,0.036625538021326065,5.323058478534222,0
357527d3-de5f-45ea-86f0-d2efabde24df,bbb38ec5-53b1-4aff-8441-931913af1fbc,23185824.878720183,23185824.913280822,23185830.23244847,20,256,0.034560639411211014,5.319167647510767,0
a8725f35-d6d2-4aae-83d7-c4b788fac709,43254295-122a-44ce-bebc-62d2cddb0054,23185825.04630167,23185825.08528711,23185830.40322359,19,256,0.03898543864488602,5.317936480045319,0
e7e426e2-b348-439a-81a9-5b20fb371a60,23101f89-9029-4ba6-b114-0a4605ad9425,23185825.214642618,23185825.508108463,23185830.675383434,1422,256,0.29346584528684616,5.167274970561266,0
2ff49587-8ac8-4620-bec2-f4bbed9a9f07,dd5c750d-a6fc-4863-9528-3ce357b8f904,23185825.381926995,23185825.509103924,23185830.67865454,30,256,0.1271769292652607,5.169550616294146,0
efa6dd07-655a-4f01-aea9-2d85005cc1b3,0fd8c6b3-9126-417b-b2b6-912166578cf0,23185825.54966704,23185825.588275358,23185830.755125426,39,256,0.03860831633210182,5.166850067675114,0
1bd8daeb-836f-4bb4-b1a9-342c40e4f1a8,1597a54f-dcd4-4493-8b6f-63b1112a4639,23185827.065886185,23185827.10936471,23185830.8552665,11,195,0.043478526175022125,3.7459017895162106,0
f3c7800e-9b7d-4e02-808d-aa3ffa5d2627,88abf08f-a3ae-4a9a-8e1a-7e39b6ddb32f,23185825.71970485,23185825.75872077,23185830.934603106,31,256,0.03901591897010803,5.175882335752249,0
04fb2e38-7435-44c1-9f44-971a08a34ef9,6495e16b-9da9-4e5f-8779-987f55aeca04,23185825.89144675,23185825.93744832,23185831.118336838,130,256,0.04600156843662262,5.180888518691063,0
50ce9fd9-aac3-4e22-9a6b-3d744e882258,de1a237b-911f-4154-8471-ab2bdb55e61c,23185826.058809,23185826.111861926,23185831.29562653,34,256,0.05305292457342148,5.183764602988958,0
a094cea4-2614-412b-b124-140d51a8d4f0,d749573c-77c6-45e3-8313-c744325c045e,23185826.39348892,23185826.506857663,23185831.60062856,22,256,0.11336874216794968,5.093770895153284,0
2cae4a45-36ed-40ce-b2b4-fc5acc355db0,2a27c7b1-9196-402c-b31a-85df9f8884bb,23185826.22601112,23185826.50839485,23185831.604535595,1363,256,0.2823837287724018,5.096140746027231,0
6e2e4e07-c5fd-4d2c-9c5f-fcb041d4c206,a0860e4f-00b3-4c0e-8813-d445df2c87dc,23185827.232948083,23185827.304883264,23185831.663290735,442,224,0.07193518057465553,4.358407471328974,0
1b74bda7-a468-4ae1-959b-02dd36f38a5e,15a3ffb2-5478-453e-8ef2-08e4ced91fb5,23185826.562277336,23185826.604869056,23185831.70110522,17,256,0.04259172081947327,5.096236161887646,0
160edf44-545c-4190-b37a-12e5424e5046,eaf27f72-17a1-4161-be93-965e0c5bf4bb,23185826.730454806,23185826.993800845,23185831.97141456,1396,256,0.26334603875875473,4.977613713592291,0
7122451c-54df-4bb2-99c7-4ffe785bdd11,ad1af80e-c533-44e8-b3ce-4d4785cdcdbe,23185826.898534052,23185826.995025348,23185831.971713774,45,256,0.09649129584431648,4.976688425987959,0
dae7879f-e2c9-4909-b14c-0165551d7561,38397a4b-ddb1-4ba4-9096-a18c5bb8379c,23185827.40058048,23185827.443127315,23185832.41603931,93,256,0.0425468347966671,4.97291199490428,0
c2447174-ad47-4e41-9242-f14d5e09fa3b,bb691720-821d-41e9-98e3-11a20ebd35ee,23185827.568213064,23185827.614482474,23185832.592479672,44,256,0.046269409358501434,4.977997198700905,0
2199b3b5-4e96-4dff-a655-91c090902d0c,23b5304a-b6e7-4d54-aa23-6fb0ce28c466,23185827.73644116,23185827.780777335,23185832.766443186,20,256,0.04433617368340492,4.98566585034132,0
3f028b49-4ac9-404e-8d24-579fd42fd8cd,984c05be-f3b2-43fb-854a-a7b035aa1402,23185827.90341921,23185827.950160902,23185832.944611385,23,256,0.04674169048666954,4.994450483471155,0
2b1d0f36-a7df-48cb-99f8-8ee92027072a,e02b02b8-e323-4659-9605-3cebaa2812f2,23185828.070311975,23185828.12245364,23185833.117584255,53,256,0.052141666412353516,4.995130613446236,0
5283d879-91ca-4854-9316-f19b89912753,048f8159-cc41-42a1-82f3-9a1a3d3776af,23185828.237630192,23185828.275542453,23185833.274295878,22,256,0.03791226074099541,4.998753424733877,0
9b1939de-056e-43ee-b2dd-78d9b92d9157,85adc0c6-69c8-498a-b69c-232adf61c5a6,23185828.41090749,23185828.4630824,23185833.478092235,73,256,0.05217491090297699,5.015009835362434,0
b1dadaed-3945-4fc3-937f-dd695f5778ff,cc11e584-060d-42e3-8e8b-4e5772eec970,23185828.57791384,23185828.622982353,23185833.641219884,145,256,0.045068513602018356,5.01823753118515,0
cc4cb7db-87a9-4e24-be12-f6df10687865,245e8d48-b318-46a0-812f-ca6ac29c4ef0,23185828.74503203,23185828.79428092,23185834.034210738,23,256,0.049248889088630676,5.2399298176169395,0
066e14cf-ee7f-41e9-b061-588170307655,a0ed319e-749f-4cfd-8d5e-19c8dd7b0e4b,23185828.91206964,23185828.947242938,23185834.40106341,17,256,0.03517329692840576,5.45382047072053,0
252c7eca-8fc3-4522-b094-f6789888c4ad,326e7e57-59e0-46cb-832d-abc0065a2e8d,23185829.07904775,23185829.114634965,23185834.56665585,20,256,0.035587213933467865,5.452020883560181,0
b3931259-92ce-467a-b599-2234f8d89d30,74b757e1-bc06-4537-97c6-bb1eacd446b3,23185829.24912458,23185829.28548322,23185834.734358795,12,256,0.03635863959789276,5.448875576257706,0
c3b334a1-0b13-4746-a5e8-6797a5797e61,10f2c5e7-f2d3-417a-aa9f-73957381fbd2,23185829.41998253,23185829.460689213,23185834.924760763,65,256,0.040706682950258255,5.464071549475193,0
15f34c19-8862-4005-9a2c-5a5354a89ae0,dffae9e2-f95b-4df9-b654-e2c394feadab,23185829.58761593,23185829.686203446,23185835.11664853,299,256,0.098587516695261,5.430445082485676,0
8b8efb44-1f3c-4fe4-8479-f58c1f3ec692,c1de5f57-f527-4531-b694-53521e5fc8a5,23185829.754847847,23185829.80140081,23185835.233870637,18,256,0.04655296355485916,5.432469826191664,0
d9df8da5-edcc-480f-aaa1-3ad7dee15fb5,156fd3f7-df05-4f86-b218-44352f697519,23185829.922419224,23185829.975612298,23185835.40582512,18,256,0.053193073719739914,5.430212821811438,0
391bad2a-a934-4eb2-b376-1e685c9c2ba3,2da3dfd9-44fc-46fe-9314-ded99d6ea159,23185830.08991363,23185830.144113783,23185835.44240896,33,249,0.054200153797864914,5.298295177519321,0
7269a1db-6fa8-431c-af56-e979cb1a6c50,933db90c-1349-4840-a787-bd1922af6432,23185830.256928273,23185830.289864495,23185835.720198072,27,256,0.0329362228512764,5.430333577096462,0
6066523a-e76c-4c1d-ba57-b2ce5caa8426,b65ec46e-43aa-4a7f-bed4-2f34347c71c8,23185830.42722724,23185830.462466087,23185835.892607566,20,256,0.0352388471364975,5.430141478776932,0
0f1da085-1b74-4bd3-8173-0cd82b446dd6,c615b53f-6107-4732-b071-2665679882f1,23185830.598379936,23185830.63531339,23185836.060843747,17,256,0.03693345561623573,5.425530355423689,0
5abfb73b-6355-4ed0-afe4-4febd3a82ea0,550d119e-3d28-4be6-8087-6563d72b7a05,23185830.76547278,23185830.813377846,23185836.23198883,17,256,0.04790506511926651,5.418610982596874,0
4c1a2304-dfbd-496b-a240-447fe7bc0fba,e604dc4d-685a-49b2-be15-5e05f331b52c,23185830.934759468,23185830.972785678,23185836.38626607,28,256,0.03802620992064476,5.413480393588543,0
823cbcf1-867c-44f8-bc5c-11c1f3348e9b,609565a0-864f-4b31-beac-73638901ade0,23185831.101650447,23185831.152007926,23185836.556227542,36,256,0.050357479602098465,5.4042196162045,0
43bc2d33-df46-4594-b172-d40bf725dc37,200d4327-6120-4f2e-95e6-5057696e50ba,23185831.27571316,23185831.357421506,23185836.721607156,235,256,0.08170834556221962,5.3641856499016285,0
aabb497a-a8d9-4641-aaac-4b161aa174f3,12f5f6a0-6ed7-4449-8f99-5b57e4cf0917,23185831.44471247,23185831.48675864,23185836.833119605,48,256,0.04204616695642471,5.346360966563225,0
4319f8a1-770f-4c0f-b6be-14cf77715db3,d3729356-286e-47f0-90ce-db91e5cb09b3,23185831.611766297,23185831.662969526,23185837.000599727,58,256,0.051203228533267975,5.337630201131105,0
6a4fa5d6-8f42-41cd-8b14-36f095d43a74,67eaefdb-2313-417d-8281-62b39d38d233,23185831.778812625,23185831.817186702,23185837.149080712,20,256,0.038374077528715134,5.331894010305405,0
1c77ed19-04b1-49dc-b20c-48a3e00427af,49aa3ead-b8b7-4d13-b126-c637eb3818a9,23185831.94739278,23185831.987759855,23185837.316211738,26,256,0.04036707431077957,5.328451883047819,0
8a3d69b1-ec49-41bb-9e5a-a82d7258aa5f,7b06d039-fd38-41e5-a2bc-1f462cae81dd,23185832.114221897,23185832.161024347,23185837.48457211,33,256,0.046802449971437454,5.323547761887312,0
0a015d2f-b29b-4bc8-bf02-ff31b5b85915,a1349e47-7dfa-467f-acb0-06896b9f2ae4,23185832.281600572,23185832.317281947,23185837.64301229,61,256,0.03568137437105179,5.325730342417955,0
a3a81ee5-e846-4936-9fc1-f32846e5afca,b2e0d701-02e9-4242-aa6e-2a491ee53feb,23185832.449200537,23185832.491122764,23185837.81311689,54,256,0.041922226548194885,5.321994125843048,0
3a24693a-5408-4b39-ac5e-1fc6ea5d7466,1a69234e-e377-4823-a3e3-a32d2eb74f9c,23185832.61634222,23185832.65131433,23185837.98006226,39,256,0.03497210890054703,5.328747931867838,0
0f82baf6-c07a-41dc-9350-3f59483da4a1,19f3efc7-2928-4fbe-9f61-e3fd8fb856f5,23185832.783981863,23185832.824097663,23185838.23042005,33,256,0.04011579975485802,5.406322386115789,0
3d10bda8-9279-4a95-8e00-021196323056,f3eb76f5-e5d9-4a71-99f7-317b3caa3f2e,23185832.950839344,23185833.00146362,23185838.426303957,37,256,0.05062427744269371,5.424840334802866,0
dcfc6df1-0aca-456c-ae39-ddc4cee49d28,5a1ad847-c2b3-4203-9364-7de45f40a09e,23185833.120393027,23185833.15617099,23185838.57720148,21,256,0.03577796369791031,5.42103048786521,0
a2e934c1-3494-4689-94a9-6f0d677bc36f,7d0266f8-1d46-4c03-8dff-1716bfe41e6c,23185833.288406815,23185833.34191295,23185838.752618276,112,256,0.05350613594055176,5.410705324262381,0
c8c22ee3-16a0-409f-8fd1-564904dfedd1,ecb359ab-7115-4a74-8d67-4454d91e22da,23185833.458216004,23185833.49769395,23185838.905694425,40,256,0.03947794437408447,5.408000476658344,0
43655322-4eb2-4d7e-b807-c6bd6ac7d29f,bfbd8996-725d-4961-a461-0788b2adf2a4,23185833.62544324,23185833.98626543,23185839.1975303,1599,256,0.3608221895992756,5.211264871060848,0
ec3d412c-f504-4cb1-83ff-fb7acf81fbf3,d752063c-d549-4365-94ff-79db756f4ac3,23185833.794520494,23185834.227645293,23185839.303923048,1275,256,0.4331247992813587,5.076277755200863,0
8c725bfc-461b-4f9d-840a-f5508fca95e0,7cf7565c-a5c8-4597-933a-a1f1c9e53318,23185834.131479636,23185834.396163262,23185839.381412216,24,256,0.26468362659215927,4.985248953104019,0
a42d1a2d-913e-4e54-98bc-d4d10c6c23fc,354700d7-fd60-4161-a874-76a7f65a32ce,23185833.96187625,23185834.39804512,23185839.385692652,1280,256,0.4361688680946827,4.987647533416748,0
13f15938-0a9e-4db2-a014-71ee9660af93,5230de3c-50a9-4a8d-8f74-d5c6ffa52ee3,23185834.29834236,23185834.41550215,23185839.400347024,21,256,0.11715979129076004,4.984844874590635,0
463b4b19-490f-4cc4-80ae-76d241e10b78,b088301f-5133-4d03-a45d-f5dd21dcdc1e,23185834.465632107,23185834.51131166,23185839.50227459,14,256,0.04567955434322357,4.99096293002367,0
42fee087-0533-4c94-97a1-658450baac4a,001cb953-c085-41cb-b335-660e0fd27d5d,23185834.633565072,23185834.676126473,23185839.706146095,16,256,0.042561400681734085,5.030019622296095,0
86c2be9f-730d-47b1-854f-92bfca52c906,b112aea2-73c8-4b01-80fa-f5e3b761bb93,23185834.801932633,23185834.923730895,23185839.939572293,738,256,0.12179826200008392,5.015841398388147,0
47222c64-918b-4542-9002-ca5cda8aeabf,d57a29e0-6486-490f-81f3-c4307c38fca1,23185834.968875386,23185835.01562122,23185840.03558194,25,256,0.04674583300948143,5.019960720092058,0
18c5bca7-875d-4cbe-a6e4-b45f0f628cae,5ef941cc-3530-4017-828b-7e5e6683b2c0,23185835.136600807,23185835.17235913,23185840.192759983,18,256,0.03575832396745682,5.020400851964951,0
5fb5bb11-66ab-483a-b774-2f269abb0fd6,27c0e114-0cfa-4313-bf68-4005527ce2bd,23185835.308561496,23185835.34485862,23185840.362087715,22,256,0.03629712387919426,5.0172290951013565,0
8855bab4-971a-451c-8731-6ad286c151bc,24b232c1-9071-44b9-842f-5e31a80f1444,23185835.475565918,23185835.53922327,23185840.556412905,24,256,0.06365735083818436,5.017189636826515,0
37d3833c-a70c-4aaa-862e-9a4a94cf8940,2e4c3e4a-6c78-4a8e-b539-5f956b1bc0ff,23185835.64361358,23185835.685240377,23185840.708551742,29,256,0.04162679612636566,5.023311365395784,0
1951f97c-79d6-4004-ad4c-12fddb3d3314,a2a38e99-cbbf-4d3f-b963-df85ea8b3931,23185835.81100835,23185835.850066174,23185840.88060803,33,256,0.03905782476067543,5.030541855841875,0
0103bf27-9cce-4de1-9610-9468340d7453,71b06ad9-3721-4f1e-957a-d4787bcc0336,23185835.978484977,23185836.019505452,23185841.061447438,32,256,0.0410204753279686,5.041941985487938,0
6983e25b-198c-4de2-a12f-0e501d0470e6,2f8741f0-1ce3-4e41-90c8-e18aee22142d,23185836.145714343,23185836.190395653,23185841.26482245,69,256,0.04468131065368652,5.074426796287298,0
4e226a41-0466-4826-8651-bf6d9c7f1cc9,36f9fdc4-c518-46a1-b410-452718e037ce,23185836.313346837,23185836.3449061,23185841.451429114,25,256,0.03155926242470741,5.106523014605045,0
74c7cd53-f1be-4fb8-a7f4-27850a885737,a084d0d4-4c07-47b3-9989-251f0e0d8c27,23185836.48062429,23185836.515962996,23185841.62945288,33,256,0.03533870726823807,5.113489884883165,0
fdd955e4-b1ff-4ab9-98e0-9c47a9c4707b,cec91c37-ee2e-4b30-b3df-39f5e2964acb,23185836.648149308,23185836.683929473,23185841.800439563,27,256,0.0357801653444767,5.116510089486837,0
7d2449b9-5e16-4580-b980-7e34214a07af,c83f5e1e-4792-4888-acac-2bc098ebcb9f,23185836.81508996,23185836.851267196,23185841.974056557,51,256,0.03617723658680916,5.1227893605828285,0
99d95ad4-97d9-4b56-b9c7-b9befc975efe,360bca43-0b1a-4e3d-8a2d-652af8b015a9,23185836.982667018,23185837.018470004,23185842.147005387,22,256,0.03580298647284508,5.128535382449627,0
a1c220a8-1939-4ead-a4f4-27db4a813ffc,fca53726-9c33-4e4f-b202-01503a854f0a,23185837.15032158,23185837.18904517,23185842.469288856,61,256,0.03872358798980713,5.2802436873316765,0
3acd1fa8-2c12-478e-a44c-4774129eb496,1844a698-ae24-42d7-be3a-e2af2f432578,23185837.319059502,23185837.353895158,23185842.66460652,22,256,0.034835655242204666,5.310711361467838,0
86d7049f-4fa7-4999-8f7f-73dfe28b90f0,0cb822b1-d5ff-48a6-b1bb-42c3c3ef898a,23185837.48776016,23185837.53083159,23185842.96802016,101,256,0.043071430176496506,5.437188569456339,0
4aea1bc3-c6fc-46e4-b514-f0a6a19a0f96,56051b08-1adc-4a6b-971f-5a4b618332b9,23185837.65603746,23185837.69944155,23185843.2458346,17,256,0.04340408742427826,5.546393051743507,0
8e3afd1c-1ef8-477d-b63a-c1e34adbe861,03027a9f-c274-4358-85e8-4d7a1a3e913a,23185837.823584564,23185837.880393624,23185843.446141575,106,256,0.05680906027555466,5.5657479502260685,0
b1b98635-231a-4c1b-9580-cf2bbe62fc42,940a40c5-64f5-4aac-8014-768049fbdf95,23185837.991296154,23185838.138808504,23185843.65032598,561,256,0.14751235023140907,5.511517476290464,0
a5f44345-fd28-4c9c-8afe-8998380fd787,c216e36f-f0f9-4791-93e4-e98b9825314b,23185838.1592174,23185838.25076074,23185843.747749273,517,256,0.09154334291815758,5.496988531202078,0
e3b73d8f-0983-4fba-a780-1baf8f390c21,a5a9deac-0c74-49c8-b6f3-ed7923cb809f,23185838.329337504,23185838.397624005,23185843.8875681,374,256,0.06828650087118149,5.4899440966546535,0
7c44f16c-c63c-43bb-8bf9-0bf82c221c30,5c6aed32-2e5e-49f9-8d77-c8ceaabb65ea,23185838.50077807,23185838.536203735,23185844.038614765,16,256,0.035425662994384766,5.502411030232906,0
feb25c51-19ef-4cef-8703-ae7e83256637,07a3dc9c-0d7d-4585-b1ec-097ca07f6cb1,23185838.66854021,23185838.710090734,23185844.2200672,18,256,0.04155052453279495,5.509976465255022,0
538a754c-8d71-41e9-b0ff-95fbba4311a3,46b2604b-ac1f-4939-a48f-3d3ec96e1d7c,23185838.83605175,23185838.886537366,23185844.414061453,25,256,0.05048561468720436,5.527524087578058,0
6cec57b6-557f-4131-9952-5604b28cde89,015f6914-5488-4b6f-8503-e4aa21845b88,23185839.00352711,23185839.056879144,23185844.5937919,20,256,0.05335203558206558,5.536912754178047,0
a5bc40bb-ebdd-4f5f-8bc8-504672f77175,bf6f28e6-60ac-4541-9165-80e6e32f340a,23185839.17131246,23185839.23801873,23185844.777288076,312,256,0.06670626997947693,5.539269346743822,0
f6b68401-9704-4138-86d9-0f56de6836c6,e1ddace8-4bcc-4de8-890b-69a6a80e077c,23185839.340312347,23185839.384060174,23185844.92785964,201,256,0.04374782741069794,5.543799467384815,0
66c78c59-959a-4589-bd55-9b0611b7b602,0dced2bb-3285-45b7-9f73-ee32fb6c13b1,23185839.5075326,23185839.606846828,23185845.130970646,307,256,0.09931422770023346,5.524123817682266,0
7fc805d3-cb1b-46c6-b47c-c5b03723a229,5b987eff-baec-4d20-919a-4e592a9288a0,23185839.67517398,23185839.726980433,23185845.25253521,68,256,0.05180645361542702,5.525554776191711,0
ed9a2278-559a-45e8-8a3e-2b794c9063a6,19881c9a-c98d-4560-9217-8431439eaa15,23185839.843934387,23185839.881141696,23185845.414522056,95,256,0.037207309156656265,5.53338035941124,0
b06f5a13-24d9-4db2-811c-f71136324112,ca6b7c36-c484-4ab1-b2df-2f5c9941db6c,23185840.013096724,23185840.05363989,23185845.60393467,29,256,0.04054316505789757,5.550294782966375,0
80e71084-270b-4d3a-9a1c-66bb966ab853,673036af-e845-4b20-bfac-364b0902a34a,23185840.18028818,23185840.225148883,23185845.782419283,76,256,0.04486070200800896,5.557270400226116,0
b902a9e0-e0f5-402f-88b8-a6271f2e8d65,65aa54f3-e5c4-4234-99c7-7bfe9f1f90a3,23185840.347861905,23185840.3987241,23185845.9719796,40,256,0.05086219683289528,5.573255497962236,0
4ee915eb-9d68-4883-8bf6-766f44de1dc8,98f1c34e-ce13-4e16-88cc-44071a2cde6e,23185840.51659763,23185840.554464236,23185846.13610988,33,256,0.037866607308387756,5.581645645201206,0
9dbb3a3f-94d6-4e65-96b2-5668bb3b774d,f1b9eaa6-8443-4cd7-8f18-d7aa372c0bdc,23185840.684360906,23185840.728145476,23185846.317321893,51,256,0.04378456994891167,5.589176416397095,0
62cb773a-ab8a-4866-a9e6-9350faea0028,b7a54e21-a132-4398-a393-a40ac65d6eb6,23185840.851689577,23185840.90179915,23185846.506951302,73,256,0.05010957270860672,5.605152152478695,0
d59dcd53-a66d-4785-a2f9-f46ab4508780,6bfd693e-6882-45c6-a01f-048841937089,23185841.01921908,23185841.058692317,23185846.661004387,171,256,0.03947323560714722,5.602312069386244,0
a1be8fbb-ba53-4301-beca-98f43794c69e,518be114-2b11-4f50-ba72-72c89a03f576,23185841.187507544,23185841.334134206,23185846.877146333,719,256,0.14662666246294975,5.543012127280235,0
a7b4c102-d67a-456a-9510-24ffff9c060b,2e1e4b8f-dd35-4a14-8bdc-db259714e906,23185841.357659243,23185841.394059494,23185846.941191155,29,256,0.03640025109052658,5.547131661325693,0
8f62303b-33cb-4e54-928f-aed1a765e934,dc6b5c9b-f588-4184-bb2b-8ab352f05705,23185841.52634751,23185841.569543283,23185847.12353131,59,256,0.04319577291607857,5.55398802831769,0
14415472-3af1-4e01-b7ef-5cb097aef174,0a7fdfde-14a2-46cf-be4f-4c4bdec2850f,23185841.693478853,23185841.743631657,23185847.34792408,31,256,0.05015280470252037,5.604292422533035,0
a48de251-a4be-4d0d-ab77-25ec14e59ee9,d374397b-e531-41d3-9d80-d2bf6cf656db,23185841.860477865,23185841.895798076,23185847.514176406,85,256,0.035320211201906204,5.618378330022097,0
98874638-8df0-4972-be2d-df05ee9bfa23,f4ab5c60-904f-409a-95f0-55841260accf,23185842.03054973,23185842.067504834,23185847.689566236,25,256,0.036955103278160095,5.622061401605606,0
89371add-5e30-4310-9401-3128302639a6,e99f7290-a7cf-4bce-a472-03d23add722d,23185842.19785705,23185842.515201274,23185847.97286257,1509,256,0.31734422594308853,5.457661297172308,0
6eaf57c9-8fde-4c8b-ae2f-dabceb42c6ab,95655340-e715-433b-a0f2-ea4f6f05825a,23185842.368959423,23185842.53380657,23185847.99210807,48,256,0.16484714671969414,5.4583014994859695,0
aeb862df-10eb-4061-950f-6901bbc283b9,75a212c3-069f-4538-8916-c283469ecac4,23185842.536546584,23185842.57514812,23185848.03174822,19,256,0.03860153630375862,5.456600099802017,0
0989c7db-2c9e-40a5-bbe8-c17bcfd8c621,ed3310aa-3b69-4994-8c94-079c495afb65,23185842.705967367,23185842.940043163,23185848.283604134,1086,256,0.23407579585909843,5.3435609713196754,0
95de69c4-e347-4079-be1d-2917fd7e75d1,f0ac4820-8c27-40b6-9312-a0e7abe5e155,23185842.873143584,23185843.11565622,23185848.363734443,1133,256,0.24251263588666916,5.248078223317862,0
01038e9f-ef61-44de-9c9d-dfbdfdf5e1a5,bb4e5fef-451c-4100-8797-f586be1888bd,23185843.040653378,23185843.14302258,23185848.37952809,135,256,0.10236920043826103,5.236505512148142,0
0f9c8276-9f66-4a17-b9af-232f75605647,667c3c02-8352-49a4-94c1-2c6ef8f2efe6,23185843.207465988,23185843.244316183,23185848.476775575,23,256,0.03685019537806511,5.232459392398596,0
63db153f-4beb-46d1-8849-859c31f9acaf,8b227953-0b8e-44e8-9404-611dddf30bc0,23185843.37503943,23185843.447701972,23185848.655329816,342,256,0.07266254350543022,5.207627844065428,0
403613bd-ff66-41b2-98b7-2e3521944261,588798b4-9795-42c8-840b-bae673a35537,23185843.709693342,23185843.748644635,23185848.693444923,17,243,0.038951292634010315,4.944800287485123,0
7463d62e-9737-448f-bb1c-2b0c78881e60,972a0007-c2fd-4dc4-a4fc-e33f27eeacfa,23185843.54217051,23185843.585972063,23185848.78678997,32,256,0.043801553547382355,5.200817905366421,0
521b0fa5-44cc-4f47-8141-bf35b7255170,da66e1c9-3b55-4a53-9595-d7b4a2fc8d58,23185843.87749941,23185843.959979888,23185849.14807651,329,256,0.08248047903180122,5.18809662014246,0
8562a897-2277-4e6f-b14a-d9547cad9b7c,877d956c-ff14-42a9-a29c-f5ba8c5224f7,23185844.04496437,23185844.09537863,23185849.28301229,28,256,0.05041426047682762,5.1876336596906185,0
802f3c6e-5a54-4cf7-9e31-f43d1d57f767,950751ea-c74a-4f77-9ae3-83fe4fdcd03b,23185844.212656476,23185844.263790157,23185849.444738995,128,256,0.05113368108868599,5.180948838591576,0
448db345-faa0-493e-bf21-18ac73ec2385,047bb2d6-5c23-46c3-b4c4-1445fc8f450c,23185844.38015908,23185844.430686913,23185849.601562727,46,256,0.05052783340215683,5.170875813812017,0
4a4bd09f-dd58-4618-951e-ee5ca9cc879a,78f7579a-61e6-4658-aedc-d0d4548d0908,23185844.5473571,23185844.593619145,23185849.75839717,23,256,0.046262044459581375,5.164778023958206,0
e7ac9b45-db9c-4597-9c61-97c906b423a5,997dc5a7-94b4-4afb-90e2-4befcdfca368,23185844.714782335,23185844.76160058,23185849.913603567,129,256,0.04681824520230293,5.152002986520529,0
a791a113-d45f-46de-b865-e1b3d63965f0,f03796ea-ca9b-4fa5-b790-c09fcd3cf776,23185844.882354815,23185844.96899418,23185850.10133634,509,256,0.08663936704397202,5.132342159748077,0
133592a7-0d06-4579-b12a-288b2508dbce,fa6a3fb5-a570-4861-8675-c60f18f8968e,23185845.04958328,23185845.093405675,23185850.218304727,24,256,0.04382239654660225,5.124899052083492,0
57a3ed0b-16b6-4960-a9e0-6524c988269c,456e642d-f5ef-4249-bc54-556504209bc0,23185845.216822434,23185845.2673572,23185850.38691226,29,256,0.05053476616740227,5.119555059820414,0
76801edb-7e32-41f2-adaf-2b265d26a1ae,54b0c02a-30a2-4adf-a6da-6a676fc03d31,23185845.384516425,23185845.431122094,23185850.541994207,17,256,0.0466056689620018,5.110872112214565,0
e8d63f84-2d8d-4999-874d-a1b743f2313a,d86ceb7d-b62b-4781-b158-70f0c037c853,23185845.554093305,23185845.599754486,23185850.70071961,108,256,0.04566118121147156,5.1009651236236095,0
b460247d-fe3f-4d37-b92a-a1cb3c4f51b9,9bf7414c-d532-4918-9380-bbd923a18262,23185845.724229567,23185845.762429483,23185850.88248576,16,256,0.03819991648197174,5.12005627527833,0
28996f38-80bb-4838-9e85-29f3cef4ab53,37048a66-90f0-4b49-bef0-f1bf65dac17f,23185845.892453995,23185845.97307496,23185851.103500742,426,256,0.08062096685171127,5.130425781011581,0
6978fab9-8788-4314-b9ac-d6be68619e73,43f7ec06-2929-41e2-85a4-a630c607e325,23185846.0602057,23185846.092119806,23185851.304790705,20,256,0.03191410377621651,5.212670899927616,0
7e475bd9-09bc-4ffc-b491-b12752c4507c,86557f95-91a0-4042-8ecd-8eb9f2d3831f,23185846.227292247,23185846.27489573,23185851.5156856,60,256,0.047603484243154526,5.240789867937565,0
fe80f38e-6229-4f63-9aeb-5d1ffd05acc6,a1112f30-9e04-4934-8318-13540d933ce6,23185846.39735004,23185846.446521822,23185851.668429006,105,256,0.04917178303003311,5.2219071835279465,0
49437c9a-828d-4023-941c-7db6eb2c4b52,51b8e2a7-eaeb-49aa-99ae-50884f0a2049,23185846.56543643,23185846.604639653,23185851.822742216,15,256,0.0392032228410244,5.218102563172579,0
ad998304-2923-44c3-b3b1-67f05217fe93,a4de4aa3-123f-46de-b370-fe1de263616d,23185846.732818227,23185846.7766268,23185851.990302302,26,256,0.04380857199430466,5.213675502687693,0
d7248f12-661c-4221-8326-ca2bc844fb14,0b9dcf1d-bd6b-43ad-a6ca-de6d868cbb2b,23185846.899971414,23185846.935427826,23185852.145377465,89,256,0.03545641154050827,5.209949638694525,0
622db705-d8fc-4708-a417-36039fc59794,98432376-02cf-4f18-bc01-b0ebd83be347,23185847.06876065,23185847.25748268,23185852.443579007,1292,256,0.18872203305363655,5.186096325516701,0
e7e353b0-5660-417e-b3f8-0e5b714fc68b,818adb00-7eda-4bd8-9092-f522cfb710a2,23185847.23566019,23185847.2848177,23185852.463103198,122,256,0.049157507717609406,5.178285498172045,0
a257930e-adb0-4edb-ae6a-d755c604beaf,c19f9eeb-bcc7-42f5-aa75-d6c21202cfd6,23185847.407599434,23185847.452992897,23185852.621229723,75,256,0.04539346322417259,5.168236825615168,0
357b0cd5-54c2-46a5-9e39-7e1fef0226cc,2461ba0a-5397-41a9-837a-1a8c2722f47e,23185847.5746901,23185847.612880137,23185852.897501342,29,256,0.03819003701210022,5.284621205180883,0
d1565c49-661f-49ea-a0ee-d00d9784e7c6,eed95a51-8b6e-4f5b-b5b7-a80a09434405,23185847.741566025,23185847.790125187,23185853.070201732,20,256,0.04855916276574135,5.280076544731855,0
a98fbb49-269c-43f2-bd81-f3be70ae23d1,8fc789b7-4571-498f-9eb4-6e8d3f4592d7,23185847.912301995,23185847.95168873,23185853.25354282,15,256,0.03938673436641693,5.301854092627764,0
28e6a2ba-b1af-48c5-859c-27187188898b,0a8eb80c-ef59-4eb7-bca7-58f755493428,23185848.079707593,23185848.126248337,23185853.42441584,36,256,0.046540744602680206,5.2981675043702126,0
89e43017-c3a1-4cf0-a04a-9cebf12e1546,4bd30db5-c3e7-406c-9e97-2d27d9082ed2,23185848.247160576,23185848.283866048,23185853.577851992,29,256,0.03670547157526016,5.293985944241285,0
3da867c8-5343-4f5e-b722-ab3a318ad706,0a8d0d29-65b0-44b5-962b-27c888a21456,23185848.415439025,23185848.456061494,23185853.743214343,25,256,0.040622469037771225,5.287152849137783,0
556839fa-d24c-472a-ad3a-7b356ec2902a,bbf0e6ed-ed47-4649-97c1-771dd462c728,23185848.58242526,23185848.632077,23185853.91316022,19,256,0.04965174198150635,5.281083218753338,0
ddc487a4-404b-42c1-a910-15cc2af4bad8,6c9fea12-456a-49bb-a084-9d6ed701a603,23185848.751407325,23185848.788211115,23185854.066080507,30,256,0.03680378943681717,5.277869392186403,0
f22abfbc-79d5-4321-84ef-167fcf3bba63,6a0b4bc0-33dc-4cf6-8774-4e8d3419b8c6,23185848.918770686,23185848.959820736,23185854.240323436,31,256,0.04105005040764809,5.280502699315548,0
bf4d0716-700e-4d03-a29e-50d4c1e70c9e,3cacec2f-87ea-49ac-a173-07ac3a18f39e,23185849.086238775,23185849.14917439,23185854.416709796,123,256,0.06293561309576035,5.2675354070961475,0
25493fed-9188-4288-8bf7-9842ab40f7ec,2e33c071-ddec-4c6f-bfaf-9704038a93d0,23185849.253438592,23185849.308068987,23185854.57163688,173,256,0.05463039502501488,5.263567894697189,0
87a3dba1-4a80-4ba2-975c-98d7a70ba44b,983400d0-5a67-491f-8b4a-ea1260a812dd,23185849.420635168,23185849.46637273,23185854.72163064,17,256,0.04573756083846092,5.255257911980152,0
8d228945-6cc8-4cf5-ac45-4471ae04e029,f25d60e6-6668-432d-88ca-bfd975a3005a,23185849.588289134,23185849.63730628,23185854.89189532,90,256,0.04901714622974396,5.254589039832354,0
2f6b1fb8-7d57-4e18-be2e-d50d222dc2aa,600313d6-01b1-4965-9083-52a1ed12f072,23185849.758489273,23185849.79510072,23185855.04466882,75,256,0.036611445248126984,5.249568101018667,0
fceb3a74-6455-4e32-b9e5-3b6b85365add,0757a8ea-f128-43ee-af44-dd1a625095cc,23185849.925831504,23185849.973217253,23185855.2195154,46,256,0.047385748475790024,5.246298145502806,0
96be9ac7-34b5-44ea-a879-5d2af068a7a3,c5f440f8-9f23-44df-98c0-2c04f984df74,23185850.09346118,23185850.140811495,23185855.390137687,15,256,0.04735031723976135,5.249326191842556,0
088ef4d6-acd5-461c-a542-1332ef220795,da529c28-9e1b-4b53-a353-f29173db5310,23185850.26103037,23185850.31341267,23185855.56230009,24,256,0.05238230153918266,5.248887419700623,0
1ab01579-26c9-481e-be63-d7ed8b54021c,67db857d-9706-4916-bb7a-fb98b58f7ed1,23185850.428020723,23185850.46266797,23185855.713573497,21,256,0.034647248685359955,5.250905524939299,0
7f2c6799-29a9-4cdf-b447-5197a5724d4a,d366f014-67b3-4524-9f49-4c1b3a03eb33,23185850.598194096,23185850.646504723,23185855.888300397,124,256,0.04831062629818916,5.241795673966408,0
77c87a38-2bbf-4abf-bfcb-ef47f0243a1f,a6030e9a-83c2-4042-9272-f424264764d9,23185850.765550695,23185850.841148637,23185856.05796161,227,256,0.07559794187545776,5.21681297197938,0
77e3d49d-39b9-4cdc-88ba-e0a077b4e39f,c7a02dbd-5aab-4e45-a84a-8f5d3546cb4a,23185850.932547476,23185851.02580652,23185856.211992666,298,256,0.0932590439915657,5.186186145991087,0
a7afa77a-1b6a-4cb3-b473-dfe0667ccc95,f55b42fb-1d87-45c1-bd39-b109b3ff6d56,23185851.10357496,23185851.284606148,23185856.444685776,866,256,0.18103118613362312,5.160079628229141,0
84b586eb-805c-45d5-8585-07605c8cc675,25e4acbc-2118-4284-8ca4-9e0ebe5f1268,23185851.27111675,23185851.3744314,23185856.593875356,427,256,0.10331465303897858,5.219443954527378,0
590282be-faa5-4950-8672-1816c403a107,61f82aa1-6818-4d93-ba5b-6d51b7beed8f,23185851.43855435,23185851.491540626,23185856.887788944,46,256,0.052986275404691696,5.396248318254948,0
34fa4fbd-ca00-4026-abae-5fd95635786e,2ab7e3e8-f6b9-4340-a306-c6639b134202,23185851.609801993,23185851.64788215,23185857.169749416,19,256,0.03808015584945679,5.5218672677874565,0
5a0b2a0f-3b45-4e8f-8f82-d1703f95b6bd,0176cbb4-a367-4fa5-8958-62e251d4772b,23185851.777434472,23185851.822187167,23185857.41833258,79,256,0.04475269466638565,5.596145413815975,0
6de7aa3a-e265-4aa9-8a9f-984409a99082,bc674a41-11de-4eb0-9ec8-0a290521f56d,23185851.94446349,23185851.994108103,23185857.59945796,22,256,0.04964461177587509,5.605349857360125,0
01ac7a3a-aa4e-4faf-a761-f7a38d56f06a,b1d3377d-4a78-47cb-bc7d-585bd1c6022a,23185852.111325294,23185852.14326007,23185857.755372696,43,256,0.03193477541208267,5.6121126264333725,0
ee79237c-d5bf-4de6-b71b-12dc09916bad,87115cb5-275c-4768-8340-c397906c78b8,23185852.28087308,23185852.347031225,23185857.93766821,240,256,0.06615814566612244,5.590636987239122,0
1a54c390-5a16-486b-ad8f-de54a68aa762,9870c5df-9555-41f5-84b5-d49403ce1689,23185852.44781994,23185852.504400305,23185858.098687902,191,256,0.05658036470413208,5.594287596642971,0
865c4c08-0476-45ce-a856-caf1e64b4c74,cbbd6e47-13c0-45da-b5b5-98942f70532b,23185852.61499321,23185852.856621277,23185858.374881368,1186,256,0.24162806570529938,5.518260091543198,0
25318c38-9225-4798-8667-f61558004e05,011c7664-ad1f-403a-a978-c56218a9c08d,23185852.783845164,23185852.859224252,23185858.3786594,23,256,0.07537908852100372,5.519435148686171,0
5cef5ace-46e9-47f0-aefd-4290c5e3f69f,f2598140-6b8f-4846-bee4-b291a338661b,23185852.95465747,23185852.99448317,23185858.587080628,35,256,0.03982570022344589,5.592597458511591,0
eff27c6a-608c-407a-a5a0-4a206cadaa20,818ec099-82c1-4c70-8df0-9c6a160afe46,23185853.123040367,23185853.21478193,23185858.8384755,322,256,0.09174156188964844,5.623693570494652,0
8d7b6a9f-6f43-4dbe-95fc-7b24c6b51f4a,c4bdb387-bb16-4328-a81e-8dbe2371f8cf,23185853.291960858,23185853.32867912,23185858.95914839,97,256,0.03671826049685478,5.630469270050526,0
8ab058ce-ce2e-4d4f-a401-dde59a364748,5cd90326-2a4e-4d1c-becc-9d040d0fdc27,23185853.463759568,23185853.503893673,23185859.14253242,38,256,0.04013410583138466,5.638638745993376,0
1716020d-e30a-4064-afba-8e33e53be5aa,c9c7ef83-3394-41b6-b651-9e427558f4e8,23185853.634683184,23185853.670815296,23185859.323744714,25,256,0.03613211214542389,5.652929417788982,0
451fcc30-5696-47bf-80a3-85d7ec075594,2b80d289-db5c-4a14-961a-9fdacb75589d,23185853.80203111,23185853.837757546,23185859.50654987,20,256,0.035726435482501984,5.668792322278023,0
5730e8b8-6c00-4752-8469-c86e22244edf,3c0ce887-4d91-4fd2-a0c1-9a71c6c59657,23185853.971835587,23185854.006870996,23185859.6844528,22,256,0.03503540903329849,5.677581802010536,0
2804e797-4ceb-4a88-9469-e5c40a250508,26728484-5543-43cb-86d8-941e2c1b0a57,23185854.138937935,23185854.18538165,23185859.86512166,16,256,0.04644371569156647,5.679740007966757,0
1d5a1694-5237-468f-ac31-a5704b47fb0f,46bbb250-69c8-4eac-9122-744b20403d70,23185854.305869516,23185854.337592844,23185860.02144676,38,256,0.031723327934741974,5.683853916823864,0
d55f3d16-518b-4ce4-9c62-4e484e117eac,88826c7e-48b3-4ca1-aede-24fe96dde912,23185854.473210037,23185854.51707746,23185860.20682508,184,256,0.04386742413043976,5.689747620373964,0
2783085a-cb18-416c-a87a-bf4019427fb6,5b3cef8b-19e3-4068-9ec5-b26b10dad758,23185854.64087552,23185854.683840767,23185860.389381114,16,256,0.042965248227119446,5.705540347844362,0
6fcc33ec-bec2-4cd8-9dd2-2dcc19c0b948,41928465-a4f4-4aa2-aae8-f635ec418c7d,23185854.80780544,23185854.8538179,23185860.56913158,16,256,0.046012457460165024,5.71531368046999,0
b3d16d55-6b72-4f64-b4d6-ea326e7e5e1f,a55856a1-0759-4e6c-bae2-755c5eebc1e7,23185854.9746639,23185855.006027147,23185860.729790837,34,256,0.03136324882507324,5.723763689398766,0
a10f7e0b-5689-472b-bc5d-079eaeda3ba7,3511034d-0df6-4964-b288-c3e58eaec74a,23185855.14240383,23185855.179607365,23185860.915739313,46,256,0.03720353543758392,5.736131947487593,0
3ec461af-af23-4a0c-b9ab-f9017f33fd21,abde7313-8b17-4b6a-b63a-0b5166566bd7,23185855.31411677,23185855.352753974,23185861.094598137,33,256,0.038637205958366394,5.741844162344933,0
6ebb4bc6-eee1-4a17-beba-4694c9304b54,dcb7aed2-73f7-4df1-956e-0a0746a82f05,23185855.484407183,23185855.52377169,23185861.27737111,35,256,0.03936450555920601,5.7535994201898575,0
ccbef59a-b203-45e2-a1b4-1ae0933243f8,e2184830-63f7-4916-a819-bd1836dd9838,23185855.65225904,23185855.694920287,23185861.461868864,19,256,0.04266124591231346,5.766948577016592,0
5df03653-f7d4-4320-9f75-af90f6d5419e,f675db2e-5c7d-4a6f-842a-a71c32cdf211,23185855.819181077,23185855.8652514,23185861.64472133,22,256,0.04607032239437103,5.779469929635525,0
49ba35bd-50d2-4009-9838-40a90165e823,88e2da6d-b83a-4d0c-8d92-74283a093f04,23185855.98676411,23185856.023770586,23185861.815812673,53,256,0.037006475031375885,5.792042087763548,0
f425e252-5f88-4c0c-8fef-0182aca9007b,517e7c51-1d01-430d-8cdb-9c8398c9d7a4,23185856.155086517,23185856.190214276,23185861.996924665,16,256,0.03512775897979736,5.806710388511419,0
995f3d95-29c2-40b4-b0a5-24bec7635a97,10387860-75f0-4ac5-899a-6f8f8a08f43b,23185856.322528847,23185856.689599775,23185862.302227702,1652,256,0.36707092821598053,5.612627927213907,0
abd53bfb-98b2-4943-9efe-b123eaef5d71,07ce7d2e-ccfe-48c1-a5ab-d0161ad445ef,23185856.494598657,23185856.885224666,23185862.38236015,1048,256,0.3906260095536709,5.497135482728481,0
9bde09a8-ff93-47ad-b72b-d46b23fe8565,b2749c18-15ac-4dc8-9c7d-deb4d1a10ea6,23185856.66233088,23185857.170671053,23185862.552933093,1928,256,0.5083401724696159,5.382262039929628,0
96ae1a42-e447-4ea6-bb3d-a8985c311fb4,3d25c1b9-97d0-4df5-aa25-96b6645f6a39,23185856.82975029,23185857.27217918,23185862.61180308,705,256,0.4424288906157017,5.339623901993036,0
a4d9bcdc-432a-4fa3-92a8-aadd418eb4b0,db8d4dcd-c82b-4c92-b467-2492ef9d16d4,23185856.99659124,23185857.295622475,23185862.628274664,312,256,0.29903123527765274,5.332652188837528,0
1d71efca-e8ef-4ea6-81e0-c187dd69fc13,b6a787ac-c4a0-4ec5-b75e-9b952454b06c,23185857.164062522,23185857.350267377,23185862.66757664,480,256,0.18620485439896584,5.3173092640936375,0
c336f404-5c0b-49ec-b74f-1b5cc03a6ba4,ca6f1026-6b36-446a-88af-8c98f54412ed,23185857.331604984,23185857.373916596,23185862.68837054,19,256,0.04231161251664162,5.314453944563866,0
ff5fb072-a501-4c06-9b39-18f22e6663ba,7a6e87bd-4d30-4977-927a-b52c9746ee0b,23185857.49930628,23185857.539212737,23185862.83890663,18,256,0.03990645706653595,5.2996938936412334,0
47f18893-0f74-40e9-9ca2-376b80ad6430,62a98ee9-aca5-40f1-b5a0-7536e8bf91fc,23185857.666739807,23185857.71940156,23185863.019473523,58,256,0.05266175419092178,5.3000719621777534,0
616653e9-c239-4e11-ba52-07b1bdd78b94,d5fd3638-cb55-4207-a0ca-180304237eab,23185857.835491583,23185857.87508342,23185863.30030023,18,256,0.03959183767437935,5.425216808915138,0
39a15476-2cce-4912-8ca5-739659bc8306,76113857-5172-400a-ace8-160d21ef952e,23185858.00302618,23185858.035235483,23185863.48371058,28,256,0.032209303230047226,5.44847509637475,0
f9e85240-3f66-49d3-9100-58cc608c2604,0a7dbb26-b4a2-4b7b-ac6b-08824bd72602,23185858.50798684,23185858.772580195,23185863.615451545,12,234,0.26459335535764694,4.8428713493049145,0
f9911b09-8542-498e-bee6-dec96d250c7b,9903c21a-c0ac-4cd6-bbca-97dd90d25fc7,23185858.17145956,23185858.505707428,23185863.842348237,2223,256,0.3342478685081005,5.3366408087313175,0
f721c955-e135-4cbd-8090-cbc914743d1e,2b50129e-1c86-475d-b3e6-ce27b6e96d67,23185858.338280253,23185858.77029997,23185864.026864875,2241,256,0.4320197179913521,5.256564904004335,0
6ac77b3e-f00c-4b19-88df-235d72fd58aa,f8f4cfeb-c2f0-49cd-89b0-43715c743aed,23185858.67484079,23185858.79613431,23185864.049278837,116,256,0.12129352241754532,5.253144524991512,0
42afb6fc-56b2-483a-a2c0-24c5d6479813,02f89d87-06e4-4d9a-9417-e329415db152,23185858.84178267,23185858.87693623,23185864.123237405,17,256,0.03515356034040451,5.246301174163818,0
0d55777f-87eb-4586-addb-76be1ac73325,a4cdd7c1-4566-4553-9543-1e05000abf8f,23185859.009266928,23185859.05902796,23185864.3488915,68,256,0.049761030822992325,5.289863541722298,0
f351251b-8ef3-4d25-9906-f4fb112a14bf,36a4263a-22fc-40a1-a026-a1a6b605a16e,23185859.18112681,23185859.22327645,23185864.529294852,38,256,0.04214964061975479,5.306018400937319,0
4ceec778-c3f1-4d1d-a00d-ca15851f9cf3,50f2b589-05a1-4b5f-8761-9931651069ff,23185859.34827426,23185859.428742252,23185864.71343471,237,256,0.08046799153089523,5.284692458808422,0
7334322e-8e8a-431c-a508-62ddf337c000,05785f07-5be7-4c63-bbd7-31e19928c626,23185859.515381694,23185859.56394402,23185864.843143575,24,256,0.04856232553720474,5.279199555516243,0
76d81c19-8773-40a6-8352-8a94efffc8bf,199ed7e7-d788-4735-b4f7-2024d5f6fb71,23185859.854855433,23185859.903120313,23185864.90037604,12,242,0.04826487973332405,4.997255727648735,0
1459439b-4a7f-4427-abe9-4e9999cec522,34e64000-ec79-4012-ad6a-e3df62aa953e,23185859.68770934,23185859.723068614,23185864.993226275,15,256,0.035359274595975876,5.270157661288977,0
9f9b33de-33ca-435c-ad72-c3d6cb15bc5b,fad15bfd-044f-4980-b424-683ad44d97c4,23185860.025542215,23185860.06203023,23185865.315151628,22,256,0.036488015204668045,5.2531213983893394,0
d982064c-0ab8-42a4-983d-6e0ff7d6746b,506b8c6e-4d94-4496-8fa2-f35b03dd2c5d,23185860.19277416,23185860.24347573,23185865.48095875,72,256,0.0507015697658062,5.237483017146587,0
c5485125-20a6-47bf-978a-210385713eef,346f6012-1fe5-4d95-a076-fdb3823a2534,23185860.35988496,23185860.410540033,23185865.63635336,34,256,0.050655074417591095,5.225813325494528,0
8c259ee1-7b8b-429e-88ce-7ae5fdc039c4,502644de-0d03-45ed-b986-af1376108e60,23185860.53050793,23185860.568863403,23185865.78657384,20,256,0.038355473428964615,5.217710435390472,0
e73e9699-8cd1-4b8a-835f-b21d291442e4,25d71c0c-7570-4b8a-940e-28a5dcb69587,23185860.697576873,23185860.751047272,23185865.95592406,75,256,0.05347039923071861,5.204876787960529,0
f2d6f0b7-06eb-4609-9c60-87e550a92af3,f13a07e1-d59f-4a31-a664-0f3aac3ddc4a,23185861.877981827,23185861.918267816,23185865.995543208,12,201,0.04028598964214325,4.077275391668081,0
2a6bff71-13df-4a53-aa7d-0627d56916d7,5639ac4a-cb66-4a60-ade8-69ef6b4b68cc,23185860.86551707,23185860.91090459,23185866.108211454,28,256,0.045387521386146545,5.197306863963604,0
e0c096fa-b0a7-4816-9058-83b74759c6d5,aaa7b034-d80b-4779-9919-53e74c8aec94,23185861.034278944,23185861.071784258,23185866.25952616,25,256,0.037505313754081726,5.187741901725531,0
fb263c0a-711d-435d-89a7-b56fe0123d4d,684efa91-e0b2-44cf-b38c-4bf411fc770e,23185861.20194603,23185861.256765272,23185866.43243777,42,256,0.05481924116611481,5.175672497600317,0
983e0a85-d24e-4a36-8364-5906b1d031d0,95bd5717-75c2-470c-95aa-636e0125e299,23185861.370305493,23185861.418490402,23185866.585023914,26,256,0.04818490892648697,5.166533511132002,0
fdfa6e13-b18d-41d2-b676-35911762bf53,7e7a4bd6-eb86-41c3-89e7-dfd3d114d2f4,23185861.537274662,23185861.58553534,23185866.912432723,19,256,0.048260677605867386,5.326897382736206,0
014c5859-2888-461d-b57d-1a4552c15e16,65e6d8a5-4b80-4cae-b581-9b286b148859,23185861.704988763,23185861.748670243,23185867.18237307,16,256,0.04368147999048233,5.433702826499939,0
80725be5-e420-4571-842a-2b93b3494f8c,4071861f-b6a8-43c5-8794-7225f4d08a92,23185862.045259006,23185862.098309357,23185867.538872052,28,256,0.05305035039782524,5.440562695264816,0
d45b93db-ed6d-4773-8cc8-641486d67a12,a0f019fb-f884-4fb1-8233-de85453c22e5,23185862.212175336,23185862.260667585,23185867.691467755,29,256,0.048492249101400375,5.430800169706345,0
180af88a-cc66-4e1e-b85a-fd0628c7697a,418dc14a-ad94-476e-9ac7-e2b495b525b7,23185862.38254018,23185862.45021425,23185867.86414463,222,256,0.06767406687140465,5.413930382579565,0
100a487b-248a-4074-9040-5268acf4ad02,f09520e3-abf5-4c6f-83ad-4b47605efc3e,23185862.553021964,23185862.589428578,23185867.997643612,26,256,0.036406613886356354,5.408215034753084,0
6c639824-da59-4083-9469-0013aa929ed6,5a700a0a-63f7-45ae-a131-54629b4d7bde,23185862.72143067,23185862.76097017,23185868.194666136,28,256,0.03953950107097626,5.433695964515209,0
903b1b9c-029d-4e88-9379-58cc1849aae1,510ee57c-2947-4493-9f89-f478079dc612,23185862.888894092,23185862.94454114,23185868.3648473,102,256,0.055647049099206924,5.420306157320738,0
58995169-12ba-49d2-82a8-652aa4b232bb,1c4f7658-806b-4563-ae30-c9be0bbad386,23185863.224643823,23185863.370037913,23185868.63302362,31,256,0.14539409056305885,5.262985706329346,0
2126ae98-24bf-4e87-868b-fb0f05eac418,65f56df2-4220-47ac-ac43-eab130fb8c4d,23185863.057486974,23185863.370630264,23185868.633104794,1555,256,0.313143290579319,5.262474529445171,0
62fd9f5c-59ba-4c8d-8d4f-eff4bb5c05f6,9399db33-dd6b-4dd6-98c6-762dec77235d,23185863.392156366,23185863.42319068,23185868.723187074,27,256,0.031034313142299652,5.299996394664049,0
dfa1e200-fb69-4c43-8fd6-013748b1a1a3,45ccc256-b6a2-4209-8343-83856ee75d07,23185863.559433356,23185863.592931237,23185868.897745743,36,256,0.0334978811442852,5.3048145063221455,0
8ac8c58e-f2eb-4d48-bc85-5229249cd8c2,e2315829-c152-4a35-a564-95dae1ba48b9,23185863.727591835,23185863.761725154,23185869.068931926,28,256,0.034133318811655045,5.3072067722678185,0
3ea7990d-af2f-428c-b9b9-856763136bea,abf16b2f-b083-4127-997d-f96838513226,23185863.896149084,23185863.93251069,23185869.236251153,18,256,0.03636160492897034,5.303740464150906,0
cef50c64-d979-4d07-9946-be73b6087fa6,090ea6f9-e57a-4cca-b84d-02866097ccbc,23185865.92069556,23185865.955465946,23185869.415294085,11,162,0.03477038815617561,3.4598281383514404,0
94d51599-c2a0-4143-98d0-e3760e5f4806,c903b079-2e6a-4820-adee-7097a5f3959a,23185864.06769883,23185864.10439222,23185869.415392753,27,256,0.03669339045882225,5.311000533401966,0
ad7a5704-5649-4bc6-99f7-2e9c913be905,41691004-4e9a-4693-85e6-99078cbe7740,23185864.23559496,23185864.418106064,23185869.64566808,836,256,0.1825111024081707,5.227562014013529,0
e3278ae2-79c1-42f9-a0fb-bfe7174dd9d2,6b145c7a-4ff3-445e-b10f-a8ca2e07e880,23185864.402693897,23185864.454924423,23185869.6903276,18,256,0.05223052576184273,5.235403176397085,0
8689282f-1df3-45e4-b304-9af8947f251d,02aa5640-5a5c-49b1-8e74-b37676bc9e88,23185864.57032337,23185864.606153816,23185869.858537037,22,256,0.03583044558763504,5.252383220940828,0
233e4ad6-39ad-49b6-b943-cf4397d5e5ca,2103accb-875b-4015-9797-a7748505c210,23185864.73796472,23185864.789552815,23185870.051986814,46,256,0.05158809572458267,5.262433998286724,0
005dc29c-7fd2-4a68-82a4-1ca02b65c3c2,55096996-c5b2-42e3-9c11-ecb977e67d19,23185864.905451816,23185864.935140833,23185870.20317338,18,256,0.029689017683267593,5.268032547086477,0
c947a660-bd04-43d5-b9be-bae894518f79,05765d25-9c97-4126-a954-bbb352a95ee4,23185865.073056094,23185865.107879974,23185870.37515023,22,256,0.03482387959957123,5.267270255833864,0
a41716ce-ac4c-4829-b48c-d9da2a95285d,800d2f3e-0005-4818-86f8-3ff732b86859,23185865.24234316,23185865.28024998,23185870.54983385,22,256,0.037906818091869354,5.269583869725466,0
69493245-0f55-475b-bf1b-8a77899c9a77,92bea1b3-60c3-410f-83a5-b59396e55c3a,23185865.410664327,23185865.44513575,23185870.72023813,33,256,0.03447142243385315,5.2751023806631565,0
ef9d94d7-e1e8-410e-8640-bba47e4ada77,76b524bd-9046-41ce-8725-7275053ff2e8,23185865.57869327,23185865.612996947,23185870.889840256,19,256,0.03430367633700371,5.276843309402466,0
6f8cd3b0-a55f-4c00-b5da-a6c077dc1f33,e9340404-c21e-4355-8d7f-083ef3c7ac78,23185865.74911839,23185865.788137097,23185871.067628346,89,256,0.03901870548725128,5.279491249471903,0
1f577d77-1160-4934-aad4-5644f3eb5334,7924e14c-18ee-4556-9606-e2f8bac76c50,23185866.09088794,23185866.12498436,23185871.411547687,11,256,0.03409641981124878,5.286563325673342,0
e21031d4-ad3f-479d-bdee-39f19cec24a4,66dc83cd-b72f-45ec-8df7-99b5d42f9583,23185866.261496063,23185866.295360055,23185871.589471992,33,256,0.033863991498947144,5.29411193728447,0
0c09b775-8c73-42b2-b538-ed2e12257b8a,1ba8e59e-d229-4237-be3d-59686cb0ea4e,23185866.43250256,23185866.467636332,23185871.759983853,33,256,0.03513377159833908,5.2923475205898285,0
cb4d8ad3-eb80-4001-b157-52717a9e7b79,6d0f7842-2a5f-4a6a-b62b-0fddff6eb979,23185866.939652562,23185867.076747544,23185872.100692913,11,256,0.13709498196840286,5.023945368826389,0
89bc1ac5-e105-4404-8e8e-c17249a4d73c,1c33a861-36b4-44c4-b457-e8eb9d41e459,23185866.603651576,23185867.077792484,23185872.100770563,2371,256,0.4741409085690975,5.022978078573942,0
6a213fb9-4af0-4c86-9a4e-fe02f1f4217d,84cd4200-fb9c-45ce-9b9d-891b4397214d,23185866.77099075,23185867.078363184,23185872.10085345,46,256,0.30737243220210075,5.02249026671052,0
c6ae74c2-ef54-4ac1-b4f2-046756105166,f38b45b1-98fb-4ca7-8af0-cf84971c4d48,23185867.107615776,23185867.227936782,23185872.19558412,487,256,0.12032100558280945,4.967647336423397,0
598ce235-acda-4d97-bbb3-01349ae2b48a,877daaea-2e62-4dd8-ac22-bc7263550493,23185867.27465408,23185867.32344297,23185872.28734428,24,256,0.0487888902425766,4.963901311159134,0
535e1a63-5c4f-4a07-9c2b-0bcd02ebdc19,5ab4cd38-91bd-4c1b-b679-b4539d798ef0,23185867.441533,23185867.51914358,23185872.488826863,259,256,0.07761058211326599,4.9696832820773125,0
4ee889cf-0d50-4ad3-ba40-43e71500cbc4,ae39fbad-0bb9-4433-88b9-804d3673e965,23185867.609861024,23185867.649161797,23185872.625891443,31,256,0.03930077329277992,4.976729646325111,0
c99c3d0d-65f4-4527-80b3-f937d0ee404c,d44812a9-3435-41c6-8ebd-1c74f108bffd,23185871.655230705,23185871.70177411,23185872.766557813,11,56,0.04654340445995331,1.0647837035357952,0
f3105db9-c5d7-4e05-a3f5-ae78964f962f,6fc174a9-9538-4066-92df-f7cbb074e4d4,23185867.776917737,23185867.820645,23185872.80355311,45,256,0.04372726380825043,4.982908111065626,0
fbd34213-d23b-46eb-b855-4c1f06735af9,5dd0847c-fe16-4622-bc95-c724cced0fa5,23185867.944012158,23185868.065999728,23185873.023445964,504,256,0.12198757007718086,4.957446236163378,0
78e1614b-c77c-4fe3-afed-0f77ea785d54,d3ae8325-6dab-45fd-9376-a05732c167ea,23185868.111157343,23185868.157160472,23185873.11774011,15,256,0.046003129333257675,4.960579637438059,0
696197e2-97d7-49d1-9741-956d8d5fc9a9,89b6749f-d74e-410a-b7d2-aa3d832c4a3a,23185869.127143882,23185869.161480617,23185873.23425859,11,211,0.03433673456311226,4.072777971625328,0
e23c51ce-964a-409e-8fb5-eccab5e640ca,ec75a647-2a04-4278-9645-84eb5385a52b,23185868.27890456,23185868.323170446,23185873.292487994,25,256,0.04426588490605354,4.969317547976971,0
35fb6dbe-6c9f-43ff-ac48-4b129c279bc6,45fbcc1b-9626-4766-b9f1-c94e950817df,23185868.447320286,23185868.495640956,23185873.468106337,45,256,0.048320669680833817,4.972465381026268,0
4c0f4160-fa09-4596-b7f0-205a71816e68,aa8b33eb-4795-4535-89da-05ab56a5c121,23185868.615020975,23185868.70732641,23185873.641797185,389,256,0.09230543300509453,4.934470776468515,0
a452beed-128a-4d60-8ab8-9cc30f148b5b,757521fb-149e-4e16-bbfa-4c30abf23841,23185868.78594806,23185868.825348996,23185873.757513262,40,256,0.03940093517303467,4.932164266705513,0
cdb4707a-2f43-4d33-8384-bb1d4d1e6145,b34a7e8d-a6e2-4262-9464-6f7b424a2db8,23185868.95727355,23185868.99163965,23185873.926106762,30,256,0.034366101026535034,4.934467110782862,0
3747da70-da1d-49db-a5b0-717f6a2029ae,faba3e1d-5930-4ffe-a891-cd45eb2d8fe9,23185869.294961654,23185869.336175952,23185874.273681212,152,256,0.04121429845690727,4.937505260109901,0
9656bc76-ca75-4ea3-a28d-e16aec93f98b,7314e273-6b2c-4521-90f2-1fe03f279160,23185869.463346306,23185869.51202127,23185874.455933124,58,256,0.04867496341466904,4.943911854177713,0
3f9964f1-4f7f-4441-aebb-dd3bb872c31c,ace66ac1-ea2f-4f03-9224-2bc120c683ce,23185869.630636085,23185869.690904934,23185874.630843606,142,256,0.06026884913444519,4.939938671886921,0
6e9cd3f1-ddbc-4b48-ae8d-94c7c8bd8d1b,fef72701-c09f-414a-a04b-d80636e5386d,23185869.79919951,23185869.856909476,23185874.78531727,110,256,0.057709965854883194,4.928407792001963,0
7272df9c-1ae2-4fd8-8a40-eba8bdb1bc7d,5acfce3d-0dd6-47d0-97a8-c0c533c9be9a,23185869.966650434,23185870.013628945,23185874.938700553,38,256,0.04697851091623306,4.925071608275175,0
dcfad923-d1d8-4150-9b21-1659af54c313,16ade79c-4764-4e9c-a544-ba4d4feb9892,23185870.133591816,23185870.16603425,23185875.090634264,21,256,0.03244243562221527,4.924600012600422,0
2e5af80b-0f3f-46a1-a78e-dbf6b3bb3c54,d652b153-777d-4c9f-b01d-228deed83125,23185870.302031092,23185870.336056773,23185875.26225733,27,256,0.034025680273771286,4.926200557500124,0
be827137-edc8-4f1d-91d2-7e471257041b,c4eb1c02-5daf-4575-b156-fe5608f50172,23185870.47433236,23185870.508924693,23185875.43801499,28,256,0.03459233418107033,4.929090298712254,0
a934f270-c2c1-43ac-aa1e-196629729d3f,833189e0-2c30-441f-9721-b6c328f669ef,23185870.64529428,23185870.681694523,23185875.612648997,26,256,0.036400243639945984,4.930954474955797,0
849c181a-1f52-4b2f-97f4-8b0a1a681d8c,3164148d-334a-4e39-8dc2-a0d820eaf72a,23185870.816941656,23185870.853653837,23185875.78297791,62,256,0.03671218082308769,4.929324071854353,0
a3c4e036-31e1-4dcb-b236-831233a02853,0500f619-2d3f-4377-a6d0-73be4947bb8f,23185870.98504214,23185871.024610545,23185875.954641882,41,256,0.03956840559840202,4.930031336843967,0
e11ffff2-0cc3-478e-9fda-31e247ac0060,b723e0bf-378d-4579-9577-c6731330fd1b,23185871.152219195,23185871.203119747,23185876.130468637,40,256,0.05090055242180824,4.927348889410496,0
abc3b697-277d-4e26-8264-50942d0b036e,b94c1258-8d8c-4d52-8ab8-dca483312068,23185871.31970735,23185871.354548287,23185876.280835792,22,256,0.034840937703847885,4.92628750577569,0
900352c6-03dc-4440-9b83-453def93193b,a27db698-1563-4113-ba9c-33f288dece01,23185873.50742367,23185873.544517867,23185876.35980559,11,147,0.037094198167324066,2.815287724137306,0
e49a0c06-7262-49ab-87e0-9abe044e282f,fac08fc5-f071-4664-af2a-96bc897eff3d,23185871.487494256,23185871.53364039,23185876.459759384,107,256,0.04614613205194473,4.9261189959943295,0
da0fe6da-609b-44b0-82c8-543789d5248d,0504c7dc-e6bf-4045-981f-495534eb8556,23185873.171397436,23185873.213373493,23185876.497369457,11,171,0.04197605699300766,3.2839959636330605,0
5f034756-3121-484f-b257-e1f48bd63cdd,61e88b79-d37b-4a39-ba32-6ad5566c3436,23185871.822606266,23185871.873355113,23185876.80105464,22,256,0.05074884742498398,4.927699528634548,0
e2c60afc-18cf-41cc-a381-99a0204f71d8,697062d9-38ff-4f3a-aec9-4c79b3954b05,23185871.990064315,23185872.039016854,23185876.97398389,69,256,0.04895253852009773,4.934967037290335,0
8b902713-c858-468a-bd01-a42bb0505961,001a4140-34d0-4520-924e-3b5de7d16941,23185872.15734665,23185872.194476053,23185877.129978187,20,256,0.03712940216064453,4.9355021342635155,0
27d04f9e-56db-469f-9c6e-8eac793b6835,74e342a8-0de8-46b9-b1dc-4612d5b229fe,23185872.328905337,23185872.366593532,23185877.300023537,48,256,0.03768819570541382,4.933430004864931,0
a4dc9153-363a-4ee3-b310-02d4e5a40e02,25a8873e-5041-425c-97a5-1afb0c8d36df,23185872.49606301,23185872.548927262,23185877.47632356,44,256,0.052864253520965576,4.927396297454834,0
5f51fa7b-35a7-41e3-aaa4-0dfa48029d43,55e3be0c-bf22-474e-81ea-b03b621692bd,23185872.667399906,23185872.706594117,23185877.63214611,46,256,0.03919421136379242,4.925551991909742,0
21d856c8-f60c-4122-8894-73823d383dc7,3e4c888f-ad2f-41a7-8d09-0e0609ea8f74,23185872.83452428,23185872.8818354,23185877.80967263,16,256,0.047311119735240936,4.9278372302651405,0
30e46be1-99b2-4fea-9dac-6ed26e596a43,08ac53e6-b3da-4e70-8af8-38f6bc325474,23185876.197695136,23185876.244166836,23185877.82776946,11,83,0.04647170007228851,1.5836026221513748,0
f00a8588-c5ee-41d1-96a5-2b232e970906,45da8a97-6ecc-42ff-bae8-8ec69ea270da,23185874.011062767,23185874.042325735,23185877.84300656,11,198,0.031262967735528946,3.800680823624134,0
c4924034-5814-48c4-b02a-603ce2ab6720,817f9d1c-7c17-4bed-abaf-69d3f66a8793,23185873.00408898,23185873.041206896,23185877.98615506,11,256,0.03711791709065437,4.94494816288352,0
80350a56-928e-442f-a285-878b1a00d69a,cf9bba83-7e75-459c-87f7-787c4543c513,23185873.338363003,23185873.384853553,23185878.331093922,13,256,0.04649055004119873,4.946240369230509,0
0029d4b0-7fe8-40ad-94cc-c91b18b98258,4d515c19-18db-40d7-a9ac-6dc2b02ede0d,23185875.024898134,23185875.072559,23185878.35206968,11,170,0.047660864889621735,3.2795106805860996,0
077372f0-f9cb-49f9-a089-d985ab638e39,80242f58-8415-401f-a67f-037489a8c5b8,23185874.182215888,23185874.21775775,23185878.42821242,11,218,0.03554186224937439,4.210454668849707,0
e559732f-f539-48e6-b14c-3b319ebfaa7c,f0f4f99e-927a-4912-8fed-616fbcd14d61,23185873.67509477,23185873.714935336,23185878.66178271,14,256,0.039840567857027054,4.946847375482321,0
458df4f5-1aac-46db-889d-6722f27a9b5a,40c816bd-7755-4830-9c7f-44756332c555,23185873.843863264,23185873.89051552,23185878.937829036,18,256,0.046652257442474365,5.047313515096903,0
e556de3a-c3f7-4a50-8cb4-f8be16458f09,271a28d3-79ef-49e3-a424-2721e397e24a,23185874.690304283,23185874.727236696,23185879.259284716,11,224,0.036932412534952164,4.532048020511866,0
61e9d0c5-dce0-4c30-9600-57a2a40538af,181cbe72-526c-4f6c-b6f0-49f4a5a0db8d,23185877.205911785,23185877.243905015,23185879.39187902,12,100,0.03799322992563248,2.1479740031063557,0
0ce0ed19-ab16-441e-ab9f-4e5e8d97c2b3,c424ea33-82f9-4dc8-8d13-2f1a1780875b,23185874.350823145,23185874.388051223,23185879.54297801,14,256,0.03722807765007019,5.154926788061857,0
4e821217-8ce1-4ad6-9746-5518ba68fdff,7c0bd98d-d8c8-4f33-a7af-f3290186eca0,23185874.518436324,23185874.553515512,23185879.70058077,15,256,0.03507918864488602,5.147065255790949,0
a9e3da02-f21a-464a-b72a-0f2aa5e83715,93b216d7-953b-40b8-b45b-d0428cd13e19,23185875.192208085,23185875.223405883,23185879.83428112,11,228,0.031197797507047653,4.610875237733126,0
b8ce9341-1809-4cdc-9d79-4d6313472b65,563c25b6-759e-44ed-8895-856cb02f6af6,23185875.35947895,23185875.394080512,23185879.910144057,11,223,0.03460156172513962,4.516063544899225,0
ab1d3f2a-29a6-4427-b5a8-6356b4bf72da,e53333f3-de02-4015-a57c-b056f1a37801,23185874.857088897,23185874.899112448,23185880.04911736,17,256,0.04202355071902275,5.1500049121677876,0
fe2285d4-4a92-4dee-bc25-f86f8cb9c074,54e09129-55b4-42f5-a214-5488f33a87bd,23185876.53272144,23185876.571592934,23185880.16169189,11,175,0.03887149319052696,3.5900989547371864,0
8c3cc3f0-ef4e-4b4f-8547-5f33dd716012,88c7be27-8062-48b1-a149-2e8c8d6a756c,23185875.526307903,23185875.57061159,23185881.07489466,17,256,0.044303685426712036,5.50428307056427,0
cf0bf888-2a12-460d-916c-6f3dba598a60,5900a8d8-3771-4845-ba86-e1d9287a0f9c,23185879.058630675,23185879.122537762,23185881.226106845,11,87,0.06390708684921265,2.103569082915783,0
24d84d66-1847-4117-9640-78a0f3256442,4d85bb21-0056-4a00-abe7-8b08fc653a38,23185875.693895858,23185875.725748945,23185881.335159834,11,256,0.031853087246418,5.609410889446735,0
548079a0-2b2f-45b7-8c3d-b6a35bad4a60,efa9dfdf-c248-46be-83d0-6e9b34813d73,23185875.86190208,23185875.897270408,23185881.52377831,16,256,0.03536832705140114,5.62650790065527,0
55d74900-e9bb-46d2-b174-7abb35e8c166,fc399124-23ba-4290-ba1c-2b1dc30ba8e7,23185876.029263362,23185876.067619465,23185881.69738736,15,256,0.038356103003025055,5.629767894744873,0
a1718dcf-4eb7-4679-bc58-57c7bd76dfbe,0308c015-96d7-4ec3-8ece-d2978f02bb75,23185876.365037892,23185876.39702085,23185882.03673429,19,256,0.03198295831680298,5.639713440090418,0
2071e77e-b9f1-42a2-a76e-1df4b6f9ecff,baea5518-bbb6-47b5-bf3d-2ba6de941c85,23185876.867850445,23185876.917153846,23185882.17392802,11,236,0.04930340126156807,5.2567741721868515,0
be8656c9-4550-4b50-adbb-c61a06a5ed16,5d496e84-f9ce-40e5-a20f-b995355aa0f1,23185876.700478327,23185876.743483294,23185882.39620796,15,256,0.04300496727228165,5.652724664658308,0
60c56b5f-73cd-4808-a5ae-b69ed27fc89a,942be8ea-9ded-42fa-ba79-8d6f0596c6ef,23185877.034942593,23185877.069510553,23185882.743525628,11,256,0.03456795960664749,5.674015074968338,0
ce509601-ed99-4f00-b3f6-1e4d61abcbbc,61328592-c957-4e1c-8ef5-89fcbddfdaa4,23185877.37280085,23185877.415139057,23185883.100610677,51,256,0.042338207364082336,5.685471620410681,0
451ee6af-c559-4b9e-ac4f-faa0f68e631b,64a093cd-fbef-4f4b-b319-e1cda25787ab,23185877.539799143,23185877.59352481,23185883.279692195,39,256,0.05372566729784012,5.686167385429144,0
96a54d6c-bb27-4d7d-bced-3b252e5842bf,97d0aa65-1041-4d3c-9e3a-7fcb50092355,23185877.711427297,23185877.74669371,23185883.4578914,18,256,0.035266414284706116,5.711197689175606,0
2a8924dd-a5ac-49d2-b250-283d1f8ec0ff,57cb7ca6-892b-4b25-b00d-3ba4bfe92f77,23185877.880056567,23185877.964345302,23185883.66476422,362,256,0.08428873494267464,5.700418919324875,0
bc4c97cd-99c2-4875-bfba-5ccf229471eb,4d5f23ec-8ac4-49dc-95d8-894642893d9b,23185878.04705796,23185878.080975007,23185883.790970296,22,256,0.03391704708337784,5.709995288401842,0
2363b7d9-e86e-4ecc-9cf6-a60a73f8ca69,5bb0adba-f3b8-4a0c-8883-a0c3b3c0c226,23185878.21798862,23185878.25223022,23185883.97539021,17,256,0.03424159809947014,5.723159991204739,0
b0b49c66-2b37-4727-b5b7-019b0c0a57eb,5f9052e9-c4bb-4934-82e8-90dcc0e681c8,23185878.38494604,23185878.430366453,23185884.16140967,22,256,0.045420411974191666,5.731043215841055,0
fd8958fb-c0c6-49b8-b361-6fde9f980fe4,3f145e5a-2a8c-4202-9e4a-4f8c744bac8a,23185878.553599663,23185878.60098493,23185884.339098696,100,256,0.04738526791334152,5.7381137646734715,0
cb3c8338-85e2-4dce-b224-8de4ea6aa5f4,f3c35f54-4126-4fbe-97f3-fdb30a055a30,23185878.891523927,23185879.121159397,23185884.685137197,26,256,0.22963546961545944,5.563977800309658,0
3ccd6252-9a89-4935-a823-ab1aad97ac66,5e81ae0a-20cd-47ad-b20f-047ce3f7e5a4,23185878.721241698,23185879.123649336,23185884.68521631,2520,256,0.4024076387286186,5.561566974967718,0
af5c1aad-6141-48f4-b165-f07b55b4dd43,ce4e16e1-b225-4554-a7ec-e244112d43f3,23185879.226323474,23185879.273708627,23185884.851899534,22,256,0.04738515242934227,5.57819090783596,0
9a5332de-6360-4f6f-94ba-08715ae4fbb3,7c2dd8a2-3801-443e-81b0-c4cf32ca0327,23185879.393767748,23185879.429272022,23185885.018001586,18,256,0.03550427407026291,5.588729564100504,0
74152b2e-51d0-4ffa-8d76-cbd731affe60,8ed5e49c-8c2a-4cef-a607-820239e0f297,23185880.06779703,23185880.10255946,23185885.137678802,11,227,0.0347624272108078,5.035119343549013,0
67c6f35f-9a61-45c7-9d7c-887d6a59ab54,49b4c6dc-6e37-4cf7-a99d-43ae025c6da1,23185879.56148909,23185879.60051905,23185885.19526536,23,256,0.039029959589242935,5.594746310263872,0
64952ee1-85c8-487a-80bc-5c2edb2cde3d,d387f7f3-521e-412c-8686-1e3d7be56a15,23185879.729916245,23185879.776090983,23185885.37730112,19,256,0.04617473855614662,5.601210135966539,0
91a03881-448b-49f8-b2d2-4398f4ff27d5,81d47422-2b4e-49ed-b5c6-5230364d3d23,23185879.897197347,23185879.932187416,23185885.53409328,101,256,0.03499006852507591,5.6019058637320995,0
dd1ec298-1566-490f-a51a-190dc248706e,b0a1766b-75fc-4d8e-ae4e-4b2dd59baf88,23185880.235662997,23185880.34852117,23185885.911038052,587,256,0.11285817250609398,5.562516883015633,0
e24adc5e-feca-4cdb-a80a-9c1d8ff6c859,5e9b02a3-a646-4dce-80ad-965486c99e7a,23185880.56954703,23185880.761782695,23185886.133808143,14,256,0.19223566353321075,5.372025448828936,0
c2507bb4-019f-4027-8bf2-f24fa97d82ce,b871057a-d5b8-4493-94c0-d05b20c6dfc2,23185880.402602542,23185880.762806784,23185886.133903895,2145,256,0.360204242169857,5.371097110211849,0
a5152384-8e65-45dd-9130-464d5933cf38,69422dde-7265-45ac-9e41-70c57ea4fafe,23185880.736981407,23185880.78656292,23185886.148354106,208,256,0.049581512808799744,5.361791186034679,0
a508d622-a536-491c-9f7e-c3d4c316e41c,da2ecf87-140a-451c-a50a-c99182c5e9d8,23185881.07558864,23185881.245268084,23185886.40865908,19,256,0.169679444283247,5.1633909940719604,0
9ea2fa4a-4a83-42c6-891f-a7b30d2d1244,447df3fb-a00a-4224-93bf-fc52e1d600eb,23185880.90732275,23185881.246567305,23185886.411774382,1661,256,0.3392445556819439,5.165207076817751,0
c6a9ddfc-7e58-46be-a3e5-00c950bb6b54,f2347817-1ff6-4ca0-ba0b-01afa12cc354,23185881.243401803,23185881.295262635,23185886.449325185,135,256,0.051860831677913666,5.1540625505149364,0
91c26eeb-a424-495d-b216-f63a2ba1fe62,ffdffdeb-d21b-43c7-93d5-4a98893e40c0,23185881.410276063,23185881.457836524,23185886.60306263,91,256,0.04756046086549759,5.14522610604763,0
0d0cf7b0-ff7b-4a82-bcce-f3154c31e110,7bed9e9c-9a47-4c69-979e-02ec888f0ed3,23185881.582747065,23185881.61860938,23185886.906425457,94,256,0.03586231544613838,5.287816077470779,0
0059fe1c-2584-43ab-9d21-5655547ebb31,112b1160-8d90-4afd-a4d9-7f1d5f641bdf,23185881.749944463,23185881.79526804,23185887.198880117,58,256,0.04532357677817345,5.4036120772361755,0
ea6fa228-ee6c-4f10-a9e7-5d2629736c64,f5a536d8-3900-41e7-bfb7-1885802fc25e,23185881.920184553,23185881.957851678,23185887.45469397,73,256,0.03766712546348572,5.4968422912061214,0
113bcf39-39ef-4fe1-a987-cd5d0df0684c,0424b71a-17ec-42ff-b972-6e0f209c1f3c,23185882.087129436,23185882.13718366,23185887.62816637,61,256,0.05005422234535217,5.490982711315155,0
e3626e2d-ed3c-4e9e-b1d4-7ce7aa113fe3,10373dd4-f3fe-4760-8738-5da71460af92,23185882.256276842,23185882.294110484,23185887.78814306,84,256,0.03783364221453667,5.494032576680183,0
a8a2595d-66d7-45ee-ab5e-f7147d55eb19,11fb57ad-0692-4c4e-a8a0-6698e7543428,23185882.423287332,23185882.4685178,23185887.943268023,112,256,0.04523046687245369,5.4747502245008945,0
3c37682c-ee5b-47ba-b2c3-7f01c8a738bb,15bc561a-b71f-4a0b-9393-f5dd37d7bdb9,23185882.590173993,23185882.628314827,23185888.09730694,26,256,0.038140833377838135,5.468992114067078,0
f8c1d998-3842-4549-92f8-b2d65778aa8a,91330774-b58a-4e9c-9043-a890958e29f2,23185882.757727753,23185882.80323239,23185888.267432496,28,256,0.04550463706254959,5.464200105518103,0
7178b1e5-09d0-4c2c-b944-05259758243c,e5ad366d-6b0c-4fd8-a610-9cdb04143fdd,23185884.26793348,23185884.322018433,23185888.285623048,12,183,0.05408495292067528,3.963604614138603,0
7efd1b28-7917-4353-b72a-2ec8143d975d,2abde853-46a3-4081-bccc-bc5e7f11e672,23185882.924951334,23185882.978361376,23185888.43918976,46,256,0.05341004207730293,5.460828382521868,0
2090651f-6e8f-49d7-ba51-236b451f92d7,e41abb81-43c5-44d3-9e89-e3faf87e4bc6,23185883.093159106,23185883.13376633,23185888.584489096,31,256,0.04060722514986992,5.450722765177488,0
c8ade664-cd0d-4d5e-a489-01fdd0b6fec1,f6819ccb-f479-476f-8c6b-63d55ebbaa1a,23185883.26013617,23185883.331267696,23185888.765190903,331,256,0.07113152742385864,5.433923207223415,0
d1a29810-100d-473d-b0d9-e3a3c3043ccb,13e80c70-aa81-4cf9-9648-d7f8b3e90d0a,23185883.427784447,23185883.481447466,23185888.89977528,38,256,0.053663019090890884,5.4183278158307076,0
2f5087df-bd21-4c35-bd73-7ac547b81a24,28f40f95-6c12-42e7-a7de-3726ca6ebc53,23185883.59469406,23185883.64381121,23185889.0496923,52,256,0.04911715164780617,5.405881088227034,0
99d4458f-c4c9-4648-be81-afdc2668a859,d15b4a51-f266-479b-98d3-91cd47603841,23185883.762118023,23185883.804955654,23185889.200107694,16,256,0.042837630957365036,5.395152039825916,0
c5a79587-97c6-4ad0-b0c3-0220a53f73b9,daa4ae81-4a29-49bc-82e4-9a955d7099cc,23185883.93085147,23185883.976603653,23185889.386561573,43,256,0.045752182602882385,5.4099579192698,0
4d52def9-5d94-4f0c-ae08-b3fed199c54e,0ee056d4-ca73-4809-aff0-ace66edf10d8,23185884.100659225,23185884.134689745,23185889.60145529,31,256,0.03403051942586899,5.46676554530859,0
4e6cd939-fa67-4400-860a-73bb18c1c6c1,c66cf3ca-9a70-4971-b987-ec8332876db6,23185884.436681524,23185884.484147877,23185889.92704863,22,256,0.047466352581977844,5.442900754511356,0
b528050a-afc7-4307-8192-9624b6f891b2,bd47c5ab-f99a-4b47-b666-4cab5ec0b9e1,23185884.604339376,23185884.70044392,23185890.118893407,404,256,0.09610454365611076,5.418449487537146,0
d87f1c1e-ba5f-4835-8af3-4db3fb678520,70328a70-541e-4d0c-b481-a70fbf399ec1,23185884.771203812,23185884.83397401,23185890.233526975,145,256,0.06277019903063774,5.3995529636740685,0
f838aa3a-646d-4311-935c-315d39d1a0ce,3602d84a-076d-41b6-a9e7-328fdf77a46d,23185884.93886127,23185884.975073397,23185890.362301756,30,256,0.03621212765574455,5.387228358536959,0
95f933ee-d035-46f3-bd37-a9c8b24fb5e6,6a429234-c03f-4b3c-9d55-7136c465fed6,23185885.10575633,23185885.158529382,23185890.532994345,15,256,0.05277305096387863,5.374464962631464,0
3b5a1eb9-db3e-4a9c-9195-b310873e924b,b5432cba-f3e0-4768-9043-a64961bd947f,23185885.27621713,23185885.313281696,23185890.67623106,47,256,0.0370645672082901,5.36294936388731,0
1cc22804-7492-4729-9cf2-afccb4651948,619d4755-e8f3-437f-9fab-8b39f05d9023,23185885.44459836,23185885.493228044,23185890.848104633,23,256,0.04862968251109123,5.354876589030027,0
91d0b7a6-9183-44de-82e4-cf5bbacc6445,d241c6a7-cbc8-4416-9b42-7fbc9e02cdce,23185885.61235271,23185885.64489373,23185890.99258588,33,256,0.03254101797938347,5.347692150622606,0
5e5c7dbd-7222-46a9-9690-e8eb2ebcf5e0,1a91c6a6-e58e-4774-9bab-af4bad460491,23185885.779401347,23185885.828045994,23185891.164614648,30,256,0.048644647002220154,5.336568653583527,0
306e086d-f88e-436c-949f-df2401d47f5e,d236c80c-87e0-4480-8aeb-885ce799c9f0,23185885.951285727,23185885.989612192,23185891.312692158,42,256,0.03832646459341049,5.323079966008663,0
aeb51f1e-f815-4128-ad00-dc1effdc61db,ce4a20af-4e0b-4f49-b5df-3efd91523022,23185886.119400367,23185886.165845286,23185891.492848855,39,256,0.04644491896033287,5.327003568410873,0
075a316b-02cd-4c8d-867d-894cb5c1b8f1,c8100003-e958-4ecc-8663-06b82bd802f9,23185886.28718912,23185886.33205964,23185891.666679297,49,256,0.0448705218732357,5.334619656205177,0
a434e111-eca6-4b3a-be0c-e7aa536c17ee,9fbe7f4d-a0dc-44f9-b649-f074001892f2,23185886.454752795,23185886.50321075,23185891.835308973,18,256,0.048457954078912735,5.332098223268986,0
46f3ec11-234a-45fd-ba3c-31db5c176d75,fbb1966e-bccb-405f-8883-b15fb6d968c4,23185886.789585587,23185886.90716919,23185892.078292992,24,256,0.11758360266685486,5.171123802661896,0
ba49c0a3-3108-4e97-a666-c845553606fb,15062430-9a3e-43c6-8f7f-bc26f4739391,23185886.622040432,23185886.90804273,23185892.081024293,1389,256,0.2860022969543934,5.172981563955545,0
35698f37-6032-4e47-b4ea-6922dcfcf01d,bb40d5ab-1c16-46ef-8692-03ea2ec23aaf,23185886.95654037,23185887.20045577,23185892.25468361,1104,256,0.2439154013991356,5.054227840155363,0
d3406828-3181-45d1-b88a-9bc5ee027e17,b83cca46-71f1-41b3-9970-ffdab22e64ed,23185887.290832903,23185887.37002984,23185892.32964447,28,256,0.07919693738222122,4.959614630788565,0
7a7c492a-cd8d-4017-8ff0-1cda73058163,08329dde-25c8-4d22-8ec6-f8ede4886bfa,23185887.12395404,23185887.373129945,23185892.33482628,1085,256,0.24917590618133545,4.961696334183216,0
ca9faf00-447a-4af8-b26a-932aba409f46,8d8660f2-fd85-4a29-a908-c75f9c6604f1,23185887.457927212,23185887.5078841,23185892.46876304,24,256,0.04995688796043396,4.960878938436508,0
c5dd1efb-c5db-4c17-aca8-c49be5cd4ad4,c4d20d1e-b5f2-4a7b-8c15-1d79acbd95aa,23185887.628234383,23185887.67280707,23185892.63082982,188,256,0.04457268863916397,4.9580227471888065,0
f19e24e3-2649-43cd-abd3-15c7fb7b5c56,635020a0-1a48-4bd9-8210-885ef3f5d332,23185891.16735758,23185891.20002517,23185892.895440556,12,83,0.03266759216785431,1.695415385067463,0
ad3e43e9-def8-4e53-bf31-f44cd1c3572d,0f301943-427c-4a87-8595-e0a2304067d8,23185887.795310266,23185887.843458105,23185892.947907165,27,256,0.048147838562726974,5.104449059814215,0
149ec83c-dc29-4766-8acd-4a5365c93e27,d1cc5aa5-b704-4cc4-a05a-011b968eb35b,23185887.962036554,23185887.99804105,23185893.33830849,67,256,0.03600449487566948,5.340267442166805,0
d2d3dc20-957d-46bd-bfd1-cb177e282671,6f5e1386-8b87-4a8e-9dd6-249ee369d979,23185888.13320147,23185888.168312397,23185893.78387875,25,256,0.03511092811822891,5.615566354244947,0
359ea29c-fd5d-403d-a544-01b2a66ea8d4,1a7d6cdf-883e-4f67-a1b1-8644cf9249ad,23185888.304368425,23185888.344268396,23185894.2328916,91,256,0.03989997133612633,5.888623204082251,0
ad41792f-ca92-4d2b-a79b-726f37c61205,d6222ceb-8478-40a5-8fe5-6e6f902b24a2,23185888.4743015,23185888.512015402,23185894.686709784,68,256,0.037713903933763504,6.1746943816542625,0
caa9cda9-0cee-4e9a-9483-1ee24a567ab7,a4ec53d4-732d-468d-94e5-54f543cad3db,23185888.64488587,23185888.693005953,23185895.156814255,100,256,0.048120081424713135,6.463808301836252,0
b27b9726-6fa0-4741-a005-208ca8685333,44d6ce62-72e2-44d5-b1fe-93166f979d0b,23185888.812399294,23185888.858486854,23185895.628236655,22,256,0.046087559312582016,6.76974980160594,0
f4aa23b7-7662-4bec-8528-21023d2e3c92,4e72d0a9-f39a-4fe6-9a45-c427fe005b74,23185888.980185576,23185889.015186757,23185896.046307053,74,256,0.035001181066036224,7.0311202965676785,0
8195f22e-050c-4354-aede-68e1df611038,2752a3ef-d25f-4ff0-b02d-28eac4da9efc,23185889.14776367,23185889.18302812,23185896.50926785,31,256,0.035264451056718826,7.3262397311627865,0
3b921489-1971-4c51-bf67-3424f1bcbdb9,e38b6bb4-220b-4c10-be0c-9dab492ebc5d,23185889.31864209,23185889.50480202,23185897.009489603,984,256,0.18615992739796638,7.504687584936619,0
acbc56a6-90ec-479d-891e-d0c69d6347bf,583c026b-afa6-4ee5-b5be-97d9562da824,23185889.48612451,23185889.52941219,23185897.041320413,52,256,0.04328767955303192,7.51190822198987,0
cab57556-c2a8-41de-b044-7b10adb155a1,7bfdf031-8dbe-4147-a795-aa0742d50dc2,23185889.65387593,23185889.69612813,23185897.35589401,33,256,0.042252201586961746,7.6597658805549145,0
d5631e78-b5e4-4a4c-960b-ce55c1a8667c,4cadf9bb-e6e0-49c1-9daa-23b3aed960b2,23185889.821394917,23185889.86697287,23185897.616126098,20,256,0.04557795450091362,7.749153226613998,0
ac4a5130-0a13-4ab0-8fb1-c92c64f707a5,4ccc96e3-422c-447a-be69-83c8f899f4fb,23185889.988684017,23185890.036271688,23185897.897498377,37,256,0.047587670385837555,7.861226689070463,0
280933cc-c19d-4719-a043-1994e63532be,1329add6-d212-467e-9266-d26a8f52bac8,23185890.156226113,23185890.193379957,23185898.077221934,20,256,0.03715384379029274,7.883841976523399,0
168bb149-0daa-418a-a1e8-7072bdbcb627,8d9dfea6-e63a-40b0-8d99-820de7c72923,23185890.325315434,23185890.363939285,23185898.2784053,26,256,0.03862385079264641,7.914466015994549,0
49f2e113-095a-4ad5-b777-51f2f7fcb603,d6cc4727-fb53-4cc7-bb08-8fbbea7190e2,23185890.49426974,23185890.53010713,23185898.486991562,28,256,0.03583738952875137,7.956884432584047,0
40025d1a-da49-45f5-b556-f5dea7af4b53,da53404c-05bf-4cfb-b4eb-9c8657d68ebb,23185892.340734847,23185892.38848949,23185898.528908122,20,160,0.047754641622304916,6.140418633818626,0
99bbe83d-d3aa-45d8-bc49-685b132fa096,ca8ae133-6797-4e8c-997c-6f57fc67a93e,23185891.83729807,23185891.87208232,23185898.61443891,33,191,0.03478424996137619,6.742356590926647,0
5f638eb5-4268-4933-83a5-8d1b70016315,55c09d7a-96d4-4b9b-b62a-99c389baf084,23185890.662012927,23185890.698971935,23185898.687174994,39,256,0.03695900738239288,7.988203059881926,0
7aff4be9-a774-46a9-961c-fa5cc36254a5,cda659cf-e27a-4de5-b846-0ae35fbae096,23185890.829419244,23185890.863773692,23185898.890475094,21,256,0.034354448318481445,8.026701401919127,0
10555f29-35e9-4de9-aa16-e0ff77893164,a6a72284-feb3-4f5b-ae74-2bd5abebe198,23185890.997519135,23185891.036399335,23185899.106514692,44,256,0.03888019919395447,8.070115357637405,0
99064460-5ead-4987-bab8-f301a4018197,13862fe9-ce04-488d-921b-dc37c9e0f106,23185891.334093336,23185891.376431428,23185899.519574624,147,256,0.042338091880083084,8.143143195658922,0
0bc63dee-772d-4774-91e1-65b93fb51bfe,104036d2-2830-4ac4-a5c4-aa436ce5472d,23185891.501134936,23185891.5518206,23185899.72192619,191,256,0.050685662776231766,8.170105591416359,0
2af3faa4-ce83-482b-a318-1387db00ccbc,27101a43-a2c6-4086-893a-6c77963f12d9,23185891.668880988,23185891.70661069,23185899.91206479,46,256,0.03772970288991928,8.205454099923372,0
9d8f3c57-b74b-49c0-9c3d-5c52aa792b58,96643ad0-e8cd-4c47-88e5-ff59578f3cfb,23185892.004127752,23185892.041153528,23185900.335237775,28,256,0.037025775760412216,8.294084247201681,0
1171c97c-c4a0-4bfd-951c-b5a55ec5f597,6a7b2d19-a071-4b51-b7c4-c8989b987eec,23185892.173885707,23185892.219038874,23185900.549680475,145,256,0.045153167098760605,8.330641601234674,0
a23961eb-c744-4fe9-93f6-204fdbc8066c,449e3c11-2b56-4459-aa8a-9bb607e92dd6,23185892.508481037,23185892.54915234,23185900.907004602,101,256,0.04067130386829376,8.357852261513472,0
d67b6a01-fece-4113-bc30-36ff6fbc53a0,52af3592-1e23-4b60-80f7-133d0cf44caa,23185892.675948262,23185893.05067311,23185901.228626233,1728,256,0.3747248463332653,8.177953124046326,0
491711ce-e88a-4ae7-b6e7-2dce47cfa9b0,118894c8-60f0-4096-a65a-024a46851f38,23185892.843137342,23185893.241620008,23185901.310564253,1043,256,0.39848266541957855,8.068944245576859,0
892bb634-5b97-4095-a0c6-93b2368d4cad,d96b9451-e061-4acd-982d-cd2298e896b1,23185893.009996306,23185893.88592575,23185901.583202217,3545,256,0.875929445028305,7.6972764655947685,0
a34b5eea-ef28-47ee-9076-678dd6b9fea7,f700c85d-6845-4511-98f7-fa2919860dc2,23185893.177058063,23185894.38507433,23185901.781386577,2495,256,1.2080162651836872,7.39631224796176,0
f4d2d175-e1f4-4353-9268-5b3f26cf614f,05e76dbf-7d7c-4eaa-9dc8-fdaca2bdfdfc,23185893.34457258,23185894.904696457,23185901.995743014,2918,256,1.5601238757371902,7.091046556830406,0
ebf827e2-4d6e-4036-a600-804b9ccc83e3,a46cf261-9184-4bc6-a3d8-7eae0440f98f,23185893.511529088,23185895.423665013,23185902.214650672,2512,256,1.9121359251439571,6.790985658764839,0
da639bb2-a560-4644-9973-feaccbc922fe,4d70b76f-b314-40f9-98bd-8a4699cbcd85,23185893.845502626,23185895.840788726,23185902.387543127,32,256,1.9952860996127129,6.546754401177168,0
16b34b18-6a59-41dd-b762-9c54324007ef,43e9d362-91bc-4d62-9d2d-3fbb76b263a1,23185893.678737905,23185895.841062915,23185902.387633216,2410,256,2.162325009703636,6.546570301055908,0
081d970e-153e-4f63-8dc4-73161b46d5c2,1ffc14e4-320f-4fbf-b50f-90a21d5ffd71,23185894.01344973,23185896.30175304,23185902.5661976,2169,256,2.2883033119142056,6.264444559812546,0
5cf2ee7f-912d-40b3-a10a-2c612d763b3d,9a3bf0b5-6da1-40ed-b397-521f25e2b254,23185894.18295872,23185896.659714412,23185902.705740042,1866,256,2.4767556935548782,6.04602563008666,0
9a95e6f1-2a14-4bfc-91ef-4a83f3c9636a,069531d9-10ff-4a65-815b-3bb9281755b2,23185894.35011333,23185896.896448404,23185902.81440762,1218,256,2.5463350750505924,5.917959216982126,0
46cecff6-0251-46cf-b96d-9e015e40873c,c5226b4c-b703-4fc3-a0c9-565a0eb38d88,23185894.517052207,23185897.03986179,23185902.91761099,1213,256,2.5228095836937428,5.87774920091033,0
ab5578f0-10cf-458c-943b-4cb36e059a62,e3294e81-698f-487a-abd0-c3351dada167,23185894.688530345,23185897.1706168,23185902.984393716,769,256,2.482086457312107,5.8137769140303135,0
23060bfa-1dab-415b-92ab-4e05989a2201,cc2aced8-a949-495a-b3dd-9629775acdec,23185894.85618719,23185897.326002534,23185903.094016034,1132,256,2.469815343618393,5.768013499677181,0
16291141-e49e-4ece-9936-3ee8b5fa6577,55fa2e18-a5e7-42ff-9078-73e50008a518,23185895.023114763,23185897.355425265,23185903.11701963,203,256,2.332310501486063,5.761594366282225,0
fa4ea2ba-5f98-4487-997c-ef3daf2f26d4,1be581b7-c784-4cb5-b023-ec65b0b86277,23185895.190077838,23185897.501756255,23185903.22664736,1179,256,2.3116784170269966,5.7248911038041115,0
bd9e1d89-258c-47ef-8806-bdf058bda569,fbbd66a3-1d28-476b-8334-ca522c7a97d1,23185895.357738424,23185897.527056817,23185903.249064397,168,256,2.1693183928728104,5.72200758010149,0
fa3c0715-fd2e-4f45-a124-1b1bc341299b,4bcc2094-2124-41c5-a62a-8b3bc09dbdd4,23185901.084744763,23185901.35443801,23185903.249229554,11,55,0.2696932479739189,1.8947915434837341,0
6338a372-86e8-4276-8b6f-079c8710b2e1,1e011440-1a68-41eb-8b01-510ed4bb1be7,23185895.528205596,23185897.55870425,23185903.279632196,220,256,2.030498653650284,5.720927946269512,0
9384de0c-daf9-4585-968a-0ca945ce4658,e0bbb245-3a52-45c0-9e08-c05e8643f268,23185895.69575456,23185897.66906225,23185903.396319382,743,256,1.9733076877892017,5.727257132530212,0
7548a98e-b2c6-4f6e-a0b5-6880f9cb402c,332da547-efd8-469b-9aaf-04d74baafca0,23185896.03042855,23185897.697710488,23185903.42063023,18,256,1.667281936854124,5.7229197435081005,0
0c76a795-3d92-46ef-802a-00575213c109,777c0cb9-fc17-4855-90ae-f3c4577a1ef3,23185895.86285407,23185897.700900383,23185903.42416915,197,256,1.8380463123321533,5.723268765956163,0
c25e9b87-723d-4b2b-a5d4-28c2ead23680,f272680f-af98-4cba-9008-ce569749e140,23185896.20155356,23185897.70301238,23185903.42679331,30,256,1.5014588199555874,5.723780930042267,0
6bd3f09b-fec8-494a-bec0-f6e1e949b5f0,5770fe70-659a-4fd5-aed3-6ac7022f5cf1,23185896.370203376,23185897.72968953,23185903.45315,107,256,1.3594861552119255,5.723460469394922,0
99513fcd-23b5-4f49-b394-448ed61a1325,62665203-5ad9-4b8a-a218-648e13970fe8,23185896.537550975,23185897.731552508,23185903.45333194,21,256,1.1940015330910683,5.721779432147741,0
c9a9e5a3-dcdf-422d-a510-dfc720deca45,68d0216b-010d-47cd-a850-2279cc09165a,23185896.705169544,23185897.82538976,23185903.536976937,338,256,1.1202202178537846,5.711587175726891,0
299d0a83-1a66-470d-8c44-4e70da4721e1,9017c1ff-d108-4a33-bd5d-597bbd65fc6a,23185896.872488763,23185897.890086494,23185903.58805475,272,256,1.0175977312028408,5.697968255728483,0
3180b8a2-8555-4973-a6ca-acb96ba6327c,d54dd8c4-5cda-43bf-846a-085ce3bf3220,23185897.041445512,23185897.891289927,23185903.590899277,42,256,0.8498444147408009,5.699609350413084,0
c6ec5ffb-d1f9-4ead-a6a4-a8dde45c237c,0a326f9f-ed25-4838-831f-67716c387751,23185897.20863643,23185897.916066635,23185903.61943044,25,256,0.7074302062392235,5.703363806009293,0
70f95060-c115-403b-b29a-53b86de9dc75,644790ec-2ca9-4819-9b31-d4e9c3f22c66,23185897.375906095,23185897.93635281,23185903.642212264,144,256,0.5604467168450356,5.705859452486038,0
b7dd1d8f-c93b-462c-abbb-b15b232bfc12,67339ec7-b646-4cea-8151-59e5820f6edd,23185897.544615127,23185897.95812925,23185903.667905882,39,256,0.4135141223669052,5.709776632487774,0
7dad61b3-5827-4fd0-b505-68c8e5d0ac5b,447aac24-d0b1-4662-a07d-f0b22d9b4226,23185897.71196652,23185898.01028014,23185903.72610583,98,256,0.2983136214315891,5.715825691819191,0
bc24afaf-7424-4274-8ee1-3ec8d6537e4f,5f735a21-5915-4572-90ff-5fe9f50caedf,23185897.88064601,23185898.00509507,23185903.97310038,31,256,0.12444905936717987,5.968005310744047,0
07c8d7d6-8257-4f37-b156-47520fdae0cf,e6186bf8-95a8-4c19-b039-03429cc2d54c,23185898.054292604,23185898.14041571,23185904.890108485,106,256,0.08612310513854027,6.749692775309086,0
97ffc68e-0718-4302-9d08-1060772e9b94,ac452f47-d7a1-4863-9c73-9691857ba8e1,23185898.22176956,23185898.41351865,23185905.21874758,314,256,0.19174908846616745,6.805228929966688,0
c38358e0-46e1-4f0e-a6d2-668747b185e8,4450cc84-9813-42d7-bdde-be93acb07131,23185898.392391313,23185898.486813992,23185905.515210044,150,256,0.09442267939448357,7.028396051377058,0
366a563f-83ff-4c40-8852-feadecb4fb32,b2d74500-ed73-4a4e-9e48-60dfc115b6da,23185898.560400333,23185899.132749923,23185906.30038098,1650,256,0.572349589318037,7.167631056159735,0
4977109d-f47f-4577-bdb3-ae397bce4a4b,ae37dbb1-4172-4cae-a7d9-44ab60c8973c,23185898.733029716,23185899.155103832,23185906.428267602,34,256,0.4220741167664528,7.273163769394159,0
bfddbd76-9836-4e90-998f-52951044a57b,3f036ed1-caf9-4f35-9d13-36f62a46c49b,23185898.900685873,23185899.270287786,23185906.531992156,323,256,0.36960191279649734,7.261704370379448,0
cf43201f-323c-4998-b5c1-93b042cfb79f,27cbde02-7239-4c6c-a395-366db297868f,23185899.068932183,23185899.30223139,23185906.555928543,30,256,0.23329920694231987,7.253697153180838,0
2a04eae4-23d9-4ba2-92a8-0778ce1a9379,05f9f2d2-5030-4047-a901-f26a4f17ff19,23185899.23573988,23185899.303067572,23185906.556117717,22,256,0.06732769310474396,7.253050144761801,0
40ce079f-7e6f-4a7d-a77f-710842fa46d6,52341a69-57a1-4b03-8d3f-934397ae8d5f,23185899.406750713,23185899.769467182,23185907.09946024,689,256,0.3627164699137211,7.329993057996035,0
1de08d92-0f41-4842-b2be-d3573a6992f4,9226ad00-55e9-418c-bba1-788fd02c7975,23185904.623900536,23185904.883410554,23185907.829660714,12,142,0.25951001793146133,2.946250159293413,0
c3435e23-221b-43ed-a62f-653d569d21ca,602f8ed0-6b63-45b9-b295-209a907746f9,23185899.74140883,23185900.520845056,23185907.872530952,16,256,0.7794362269341946,7.351685896515846,0
f92b9c4a-5060-49d9-8a19-cd55b76ccb67,d6e2553b-592a-4ccf-9214-80e173b7a8b1,23185899.57448288,23185900.52143137,23185907.87265974,1696,256,0.9469484910368919,7.35122836753726,0
b56c16ed-3f88-418f-b9ae-8df036c852e7,eefaa505-6853-4c06-b027-ded700fb5e5f,23185899.912191726,23185900.547460057,23185907.899468064,37,256,0.6352683305740356,7.352008007466793,0
addeb3f9-5e59-45cb-8825-c01dbc66e8c9,388feba9-357d-4b04-a819-8e03af1e897e,23185900.079894885,23185900.567835007,23185907.919350874,34,256,0.48794012144207954,7.351515866816044,0
a887be92-5e2c-4ee6-bad4-f3901b37c582,381c3a16-6096-4708-bb85-f7ff77f6755d,23185900.247254323,23185900.568577208,23185907.91951705,27,256,0.32132288441061974,7.350939843803644,0
97e1cf18-3729-4d52-87e5-fb383cae19f1,aa7ee229-ebc7-4cf6-a8b3-63af76822199,23185900.415279463,23185900.616320506,23185907.960630246,33,256,0.20104104280471802,7.344309739768505,0
fdf930ae-9412-4e12-b386-168d0e4ac35c,b3a474db-5793-4d57-80bc-db3f053e691e,23185900.58292881,23185900.66206376,23185908.0023442,28,256,0.07913494855165482,7.340280439704657,0
4d49b24b-27bf-43b8-87fc-ffdd63401619,f88f254a-80c1-4ff7-b6db-82a18e1f534f,23185900.749919433,23185900.933980707,23185908.16769834,22,256,0.18406127393245697,7.233717631548643,0
55dc30f8-98bf-4376-9f9b-aaaa308cc00b,59dc5b7c-3066-4a5a-a127-d2d2c13db316,23185900.91714388,23185901.349836476,23185908.224040776,34,256,0.43269259482622147,6.87420430034399,0
facbf052-3ec5-4e61-a54c-54471a592ca1,0c672acd-df8c-4c97-99b0-1abaaf8b569b,23185901.25222239,23185901.89612314,23185908.335496,79,256,0.6439007520675659,6.439372859895229,0
92758f7c-b97e-4508-ab9f-bbc73f802ff8,85b47520-8e0e-4e70-8006-f351bc5db7a0,23185901.75391217,23185902.404512573,23185908.41298917,20,241,0.650600403547287,6.008476596325636,0
7b1e4398-5171-4a80-bc20-e2e7a612e9d9,36331059-d0b9-483e-b813-22ecd1ffb657,23185901.419029094,23185902.255915843,23185908.578302413,228,256,0.8368867486715317,6.32238657027483,0
9895b4bc-1566-4642-8a6b-368ebed704dc,e42ce7d7-2fc7-4132-b152-7a9ee4007872,23185901.58644885,23185902.383605774,23185908.69589432,115,256,0.7971569262444973,6.312288545072079,0
ab72b933-5066-4b64-9d5c-6281029545c8,fea18ac7-7137-4a61-a101-29f20f9a3bab,23185901.920715433,23185902.465703487,23185908.77158543,84,256,0.5449880547821522,6.305881943553686,0
04100f96-80f4-4402-a92c-1e1ba0194a3d,57a77a67-ef62-47b2-bac9-000975ad99d9,23185902.0883007,23185902.61187843,23185908.8124827,26,256,0.5235777273774147,6.200604271143675,0
