{"target_qps": 5.0, "actual_qps": 4.987933050043194, "success_rate": 100.0, "input_tokens": 3960, "output_tokens": 198, "model": "QwQ-32B", "input_tokens_per_minute": 1188248.969072165, "output_tokens_per_minute": 59567.010309278354, "slo_seconds": 5.0, "slo_attainment": 0.5154639175257731, "ttft_slo_ms": 1000, "ttft_slo_attainment": 4.123711340206185, "tpot_slo_ms": 50, "tpot_slo_attainment": 7.216494845360824, "Latency": {"unit": "s", "min": 2.9839535799983423, "p50": 18.87282428549952, "p90": 26.707075392201297, "p95": 30.79466848239972, "p99": 34.65018016670208, "max": 35.25855205100015}, "Throughput": {"unit": "tokens/s", "min": 5.672382680681488, "p50": 10.568230931041946, "p90": 14.90443569419825, "p95": 17.289852222687756, "p99": 20.12241180523582, "max": 21.247163822998143}, "TTFT": {"unit": "s", "min": 0.4632321720018808, "p50": 4.652340568998625, "p90": 11.738561615199433, "p95": 13.581739040200409, "p99": 20.303790103202257, "max": 21.75943295700199}, "TPOT": {"unit": "ms", "min": 23.6100741356897, "p50": 70.54011420602441, "p90": 90.07916637587482, "p95": 99.64821744045516, "p99": 108.2203440013021, "max": 109.66371528140837}, "Input Tokens per Minute": {"unit": "tokens/min", "min": 1188248.969072165, "p50": 1188248.969072165, "p90": 1188248.969072165, "p95": 1188248.969072165, "p99": 1188248.969072165, "max": 1188248.969072165}, "Output Tokens per Minute": {"unit": "tokens/min", "min": 59567.010309278354, "p50": 59567.010309278354, "p90": 59567.010309278354, "p95": 59567.010309278354, "p99": 59567.010309278354, "max": 59567.010309278354}}
{"target_qps": 5.0, "actual_qps": 4.984081653274586, "success_rate": 100.0, "input_tokens": 3954, "output_tokens": 200, "model": "QwQ-32B", "input_tokens_per_minute": 1186446.2686567164, "output_tokens_per_minute": 60000.0, "slo_seconds": 5.0, "slo_attainment": 0.0, "ttft_slo_ms": 1000, "ttft_slo_attainment": 2.6119402985074625, "tpot_slo_ms": 50, "tpot_slo_attainment": 8.955223880597014, "Latency": {"unit": "s", "min": 9.323872826000297, "p50": 23.94254594350059, "p90": 37.75569161690146, "p95": 41.69146892244988, "p99": 49.062843407089694, "max": 51.568923668000934}, "Throughput": {"unit": "tokens/s", "min": 3.8783047187021693, "p50": 8.353334417522001, "p90": 14.757555049220157, "p95": 16.804343762979315, "p99": 19.766375091134154, "max": 21.45031401997306}, "TTFT": {"unit": "s", "min": 0.3874135309997655, "p50": 6.690900149498702, "p90": 15.692846925201229, "p95": 17.56824111655005, "p99": 20.372799002960882, "max": 22.43397915099922}, "TPOT": {"unit": "ms", "min": 30.31830548241661, "p50": 79.12825341959639, "p90": 139.4788140824131, "p95": 149.8612533072903, "p99": 164.8958953584502, "max": 169.44367448242025}, "Input Tokens per Minute": {"unit": "tokens/min", "min": 1186446.2686567164, "p50": 1186446.2686567164, "p90": 1186446.2686567164, "p95": 1186446.2686567164, "p99": 1186446.2686567164, "max": 1186446.2686567164}, "Output Tokens per Minute": {"unit": "tokens/min", "min": 60000.0, "p50": 60000.0, "p90": 60000.0, "p95": 60000.0, "p99": 60000.0, "max": 60000.0}}
{"target_qps": 5.0, "actual_qps": 4.999937613111704, "success_rate": 100.0, "input_tokens": 4056, "output_tokens": 199, "model": "QwQ-32B", "input_tokens_per_minute": 1335330.625562006, "output_tokens_per_minute": 65678.22144852455, "slo_seconds": 5.0, "slo_attainment": 0.0, "ttft_slo_ms": 1000, "ttft_slo_attainment": 6.1946902654867255, "tpot_slo_ms": 50, "tpot_slo_attainment": 9.43952802359882, "Latency": {"unit": "s", "min": 5.155931778001104, "p50": 21.340480799000943, "p90": 34.67877558160107, "p95": 38.636921803098815, "p99": 43.85256792109926, "max": 49.93362556500142}, "Throughput": {"unit": "tokens/s", "min": 4.00531701307466, "p50": 9.371860075868723, "p90": 15.075999482171921, "p95": 16.463405942877785, "p99": 25.835808454381613, "max": 38.7902727598808}, "TTFT": {"unit": "s", "min": 0.17644825300158118, "p50": 5.933180627998809, "p90": 14.203523693999157, "p95": 16.720477154799664, "p99": 20.408991745399838, "max": 21.767418782997993}, "TPOT": {"unit": "ms", "min": 22.4095550401943, "p50": 72.6194312311469, "p90": 129.98415575477256, "p95": 140.6934417467399, "p99": 152.61186842391618, "max": 158.8257598793905}, "Input Tokens per Minute": {"unit": "tokens/min", "min": 1335330.625562006, "p50": 1335330.625562006, "p90": 1335330.625562006, "p95": 1335330.625562006, "p99": 1335330.625562006, "max": 1335330.625562006}, "Output Tokens per Minute": {"unit": "tokens/min", "min": 65678.22144852455, "p50": 65678.22144852455, "p90": 65678.22144852455, "p95": 65678.22144852455, "p99": 65678.22144852455, "max": 65678.22144852455}}
{"target_qps": 5.0, "actual_qps": 4.999783200317312, "success_rate": 100.0, "input_tokens": 4031, "output_tokens": 200, "model": "QwQ-32B", "input_tokens_per_minute": 1295616.8803937156, "output_tokens_per_minute": 64275.23482729434, "slo_seconds": 5.0, "slo_attainment": 1.2084592145015105, "ttft_slo_ms": 1000, "ttft_slo_attainment": 65.25679758308158, "tpot_slo_ms": 50, "tpot_slo_attainment": 24.47129909365559, "Latency": {"unit": "s", "min": 4.1118770289976965, "p50": 14.846124735002377, "p90": 32.98479295600191, "p95": 36.88215699250031, "p99": 44.39184878559936, "max": 48.327212025000335}, "Throughput": {"unit": "tokens/s", "min": 4.138455160552966, "p50": 13.471529006385381, "p90": 25.611919142974923, "p95": 29.962317239757546, "p99": 40.0486447737497, "max": 48.63958688199185}, "TTFT": {"unit": "s", "min": 0.071110080996732, "p50": 0.6775605670009099, "p90": 6.412588526996842, "p95": 7.9121827354993, "p99": 14.75416613340094, "max": 18.638174183000956}, "TPOT": {"unit": "ms", "min": 19.507168236180693, "p50": 71.22637995479036, "p90": 136.01406284924357, "p95": 145.3436015929688, "p99": 154.96875662913646, "max": 161.93976566331062}, "Input Tokens per Minute": {"unit": "tokens/min", "min": 1295616.8803937156, "p50": 1295616.8803937156, "p90": 1295616.8803937156, "p95": 1295616.8803937156, "p99": 1295616.8803937156, "max": 1295616.8803937156}, "Output Tokens per Minute": {"unit": "tokens/min", "min": 64275.23482729434, "p50": 64275.23482729434, "p90": 64275.23482729434, "p95": 64275.23482729434, "p99": 64275.23482729434, "max": 64275.23482729434}}
{"target_qps": 5.0, "actual_qps": 4.99993916207367, "success_rate": 100.0, "input_tokens": 3919, "output_tokens": 200, "model": "QwQ-32B", "input_tokens_per_minute": 1191136.612349451, "output_tokens_per_minute": 60779.90483668619, "slo_seconds": 5.0, "slo_attainment": 0.6389776357827476, "ttft_slo_ms": 1000, "ttft_slo_attainment": 82.10862619808307, "tpot_slo_ms": 50, "tpot_slo_attainment": 38.65814696485623, "Latency": {"unit": "s", "min": 4.615223837998201, "p50": 12.436681259998295, "p90": 21.796391408199998, "p95": 24.92965738100101, "p99": 32.27128980524037, "max": 33.08900660599829}, "Throughput": {"unit": "tokens/s", "min": 6.044303547140775, "p50": 16.081460625937712, "p90": 26.507453739964497, "p95": 28.85589353366659, "p99": 35.18548982042779, "max": 43.33484290693637}, "TTFT": {"unit": "s", "min": 0.07450074200096424, "p50": 0.5545799220017216, "p90": 1.2521362981991844, "p95": 1.8446587969992834, "p99": 4.227135410517948, "max": 5.095075517001533}, "TPOT": {"unit": "ms", "min": 22.531107758784206, "p50": 59.027999170851686, "p90": 106.26220315176425, "p95": 117.10082230150252, "p99": 137.65523352984695, "max": 144.93929316583248}, "Input Tokens per Minute": {"unit": "tokens/min", "min": 1191136.612349451, "p50": 1191136.612349451, "p90": 1191136.612349451, "p95": 1191136.612349451, "p99": 1191136.612349451, "max": 1191136.612349451}, "Output Tokens per Minute": {"unit": "tokens/min", "min": 60779.90483668619, "p50": 60779.90483668619, "p90": 60779.90483668619, "p95": 60779.90483668619, "p99": 60779.90483668619, "max": 60779.90483668619}}
{"target_qps": 5.0, "actual_qps": 4.9998182792714685, "success_rate": 100.0, "input_tokens": 3783, "output_tokens": 200, "model": "QwQ-32B", "input_tokens_per_minute": 1212282.387867633,