{"target_qps": 4.0, "actual_qps": 3.9993867883547694, "success_rate": 100.0, "input_tokens": 3879, "output_tokens": 200, "model": "QwQ-32B", "input_tokens_per_minute": 931033.962264151, "output_tokens_per_minute": 48000.0, "slo_seconds": 5.0, "slo_attainment": 0.0, "ttft_slo_ms": 1000, "ttft_slo_attainment": 17.61006289308176, "tpot_slo_ms": 50, "tpot_slo_attainment": 46.540880503144656, "Latency": {"unit": "s", "min": 6.154529720002756, "p50": 13.457078196999646, "p90": 19.627470574000476, "p95": 22.512818583998136, "p99": 29.647255161680214, "max": 30.61350825000045}, "Throughput": {"unit": "tokens/s", "min": 6.533063717060166, "p50": 14.8620671643709, "p90": 24.555545642566006, "p95": 27.46277112337742, "p99": 32.11778144115206, "max": 32.4963903171972}, "TTFT": {"unit": "s", "min": 0.16552130600030068, "p50": 2.3299342210011673, "p90": 4.654088582999979, "p95": 5.523663317600947, "p99": 8.330408508080799, "max": 9.110326607002207}, "TPOT": {"unit": "ms", "min": 15.741921703522905, "p50": 53.73013465828423, "p90": 89.44589289749277, "p95": 102.66561477335954, "p99": 143.25549761004092, "max": 149.5363175728661}, "Input Tokens per Minute": {"unit": "tokens/min", "min": 931033.962264151, "p50": 931033.962264151, "p90": 931033.962264151, "p95": 931033.962264151, "p99": 931033.962264151, "max": 931033.962264151}, "Output Tokens per Minute": {"unit": "tokens/min", "min": 48000.0, "p50": 48000.0, "p90": 48000.0, "p95": 48000.0, "p99": 48000.0, "max": 48000.0}}
{"target_qps": 4.0, "actual_qps": 3.9999629497433498, "success_rate": 100.0, "input_tokens": 3895, "output_tokens": 199, "model": "QwQ-32B", "input_tokens_per_minute": 1063379.9557617991, "output_tokens_per_minute": 54480.646677665754, "slo_seconds": 5.0, "slo_attainment": 0.3663003663003663, "ttft_slo_ms": 1000, "ttft_slo_attainment": 33.33333333333333, "tpot_slo_ms": 50, "tpot_slo_attainment": 32.967032967032964, "Latency": {"unit": "s", "min": 4.937089290000586, "p50": 14.675492094997026, "p90": 29.040741783198612, "p95": 32.15627577320047, "p99": 36.271890903998525, "max": 39.334837540998706}, "Throughput": {"unit": "tokens/s", "min": 5.084551316413599, "p50": 13.628163110672205, "p90": 26.99253413528323, "p95": 29.92712790268159, "p99": 37.38008605867594, "max": 40.50969878245331}, "TTFT": {"unit": "s", "min": 0.07127023200155236, "p50": 1.4815246210018813, "p90": 4.487494329999028, "p95": 5.36050621759932, "p99": 7.250123749717457, "max": 8.75802568400104}, "TPOT": {"unit": "ms", "min": 18.788153673359837, "p50": 66.22179419095639, "p90": 128.16871681106431, "p95": 139.59452438190675, "p99": 153.65250432179747, "max": 156.97988639195918}, "Input Tokens per Minute": {"unit": "tokens/min", "min": 1063379.9557617991, "p50": 1063379.9557617991, "p90": 1063379.9557617991, "p95": 1063379.9557617991, "p99": 1063379.9557617991, "max": 1063379.9557617991}, "Output Tokens per Minute": {"unit": "tokens/min", "min": 54480.646677665754, "p50": 54480.646677665754, "p90": 54480.646677665754, "p95": 54480.646677665754, "p99": 54480.646677665754, "max": 54480.646677665754}}
{"target_qps": 4.0, "actual_qps": 3.9999127995009958, "success_rate": 100.0, "input_tokens": 3760, "output_tokens": 200, "model": "QwQ-32B", "input_tokens_per_minute": 902477.3831775701, "output_tokens_per_minute": 48000.0, "slo_seconds": 5.0, "slo_attainment": 0.0, "ttft_slo_ms": 1000, "ttft_slo_attainment": 35.51401869158878, "tpot_slo_ms": 50, "tpot_slo_attainment": 27.102803738317753, "Latency": {"unit": "s", "min": 5.163973309001449, "p50": 15.996564876000775, "p90": 28.16184179989978, "p95": 30.869384518949843, "p99": 33.23577636609203, "max": 35.08983640999941}, "Throughput": {"unit": "tokens/s", "min": 5.699656095945971, "p50": 12.503178745965162, "p90": 26.48256901994597, "p95": 31.160277015527107, "p99": 36.38373945746081, "max": 38.729867106666696}, "TTFT": {"unit": "s", "min": 0.14176839200081304, "p50": 1.3419807615009631, "p90": 3.958101396398707, "p95": 4.975581208550828, "p99": 6.453187449860562, "max": 7.617914524002117}, "TPOT": {"unit": "ms", "min": 24.13561736181175, "p50": 67.9143701959745, "p90": 125.1051931251288, "p95": 142.93433604875392, "p99": 156.28790759181476, "max": 158.4504394673265}, "Input Tokens per Minute": {"unit": "tokens/min", "min": 902477.3831775701, "p50": 902477.3831775701, "p90": 902477.3831775701, "p95": 902477.3831775701, "p99": 902477.3831775701, "max": 902477.3831775701}, "Output Tokens per Minute": {"unit": "tokens/min", "min": 48000.0, "p50": 48000.0, "p90": 48000.0, "p95": 48000.0, "p99": 48000.0, "max": 48000.0}}
{"target_qps": 4.0, "actual_qps": 3.9999253948581512, "success_rate": 100.0, "input_tokens": 3822, "output_tokens": 199, "model": "QwQ-32B", "input_tokens_per_minute": 974607.5669140825, "output_tokens_per_minute": 50931.1909030009, "slo_seconds": 5.0, "slo_attainment": 0.39215686274509803, "ttft_slo_ms": 1000, "ttft_slo_attainment": 61.1764705882353, "tpot_slo_ms": 50, "tpot_slo_attainment": 22.745098039215687, "Latency": {"unit": "s", "min": 4.614358513998013, "p50": 16.038694669001416, "p90": 29.38588582479933, "p95": 32.57735123639795, "p99": 37.56729429845917, "max": 39.24103025400109}, "Throughput": {"unit": "tokens/s", "min": 5.096706144192217, "p50": 12.469842722709066, "p90": 24.380582231882926, "p95": 27.679721744259172, "p99": 34.683218444531, "max": 43.3429694275563}, "TTFT": {"unit": "s", "min": 0.07715976499821409, "p50": 0.7363923199991405, "p90": 4.8801069728011495, "p95": 5.911533997899823, "p99": 8.394818783438751, "max": 9.407767656997748}, "TPOT": {"unit": "ms", "min": 22.523881577879035, "p50": 75.69431025126391, "p90": 129.88852118492582, "p95": 142.91745569045, "p99": 153.15552192895464, "max": 156.6098275276392}, "Input Tokens per Minute": {"unit": "tokens/min", "min": 974607.5669140825, "p50": 974607.5669140825, "p90": 974607.5669140825, "p95": 974607.5669140825, "p99": 974607.5669140825, "max": 974607.5669140825}, "Output Tokens per Minute": {"unit": "tokens/min", "min": 50931.1909030009, "p50": 50931.1909030009, "p90": 50931.1909030009, "p95": 50931.1909030009, "p99": 50931.1909030009, "max": 50931.1909030009}}
{"target_qps": 4.0, "actual_qps": 3.9999520020425483, "success_rate": 100.0, "input_tokens": 3677, "output_tokens": 200, "model": "QwQ-32B", "input_tokens_per_minute": 904621.2976579652, "output_tokens_per_minute": 49192.457496763665, "slo_seconds": 5.0, "slo_attainment": 0.0, "ttft_slo_ms": 1000, "ttft_slo_attainment": 80.89430894308943, "tpot_slo_ms": 50, "tpot_slo_attainment": 38.61788617886179, "Latency": {"unit": "s", "min": 5.511250983003265, "p50": 12.671213042500312, "p90": 21.547045575500306, "p95": 22.828732948501965, "p99": 30.397583094697985, "max": 31.977489410997805}, "Throughput": {"unit": "tokens/s", "min": 6.254399694405507, "p50": 15.78482478582701, "p90": 27.641567917850544, "p95": 29.935869881096504, "p99": 35.5010882037373, "max": 36.289401556343805}, "TTFT": {"unit": "s", "min": 0.06735896800091723, "p50": 0.5333717104986135, "p90": 1.281834258001254, "p95": 1.6194877187517704, "p99": 3.81274589690056, "max": 4.617184756996721}, "TPOT": {"unit": "ms", "min": 26.11650707036808, "p50": 59.81462646231371, "p90": 104.09249768341928, "p95": 110.71387529395837, "p99": 133.7327316246179, "max": 137.48896811055823}, "Input Tokens per Minute": {"unit": "tokens/min", "min": 904621.2976579652, "p50": 904621.2976579652, "p90": 904621.2976579652, "p95": 904621.2976579652, "p99": 904621.2976579652, "max": 904621.2976579652}, "Output Tokens per Minute": {"unit": "tokens/min", "min": 49192.457496763665, "p50": 49192.457496763665, "p90": 49192.457496763665, "p95": 49192.457496763665, "p99": 49192.457496763665, "max": 49192.457496763665}}
{"target_qps": 4.0, "actual_qps": 3.9999363826119367, "success_rate": 100.0, "input_tokens": 3788, "output_tokens": 199, "model": "QwQ-32B", "input_tokens_per_minute": 1015200.3429691863, "output_tokens_per_minute": 53414.81009856921, "slo_seconds": 5.0, "slo_attainment": 7.08955223880597,