{"target_qps": 5.0, "actual_qps": 4.9898403610148225, "success_rate": 100.0, "input_tokens": 3901, "output_tokens": 200, "model": "QwQ-32B", "input_tokens_per_minute": 1170479.640718563, "output_tokens_per_minute": 60000.0, "slo_seconds": 5.0, "slo_attainment": 0.0, "ttft_slo_ms": 1000, "ttft_slo_attainment": 2.3952095808383236, "tpot_slo_ms": 50, "tpot_slo_attainment": 4.790419161676647, "Latency": {"unit": "s", "min": 11.35121466000055, "p50": 22.48836202199891, "p90": 27.371359925599243, "p95": 27.465185608800674, "p99": 28.29843054152036, "max": 39.45124865499747}, "Throughput": {"unit": "tokens/s", "min": 5.069548032535216, "p50": 8.893488987964217, "p90": 13.975698003689548, "p95": 15.395973722719312, "p99": 17.130896948616645, "max": 17.61925978765609}, "TTFT": {"unit": "s", "min": 0.6615969279991987, "p50": 6.550190329002362, "p90": 8.955867714598572, "p95": 9.299907928500758, "p99": 12.752172633798045, "max": 19.98712508099925}, "TPOT": {"unit": "ms", "min": 19.940391160797382, "p50": 83.48763297990857, "p90": 98.96288823014831, "p95": 103.10482625779088, "p99": 104.83973577648142, "max": 105.03275812563753}, "Input Tokens per Minute": {"unit": "tokens/min", "min": 1170479.640718563, "p50": 1170479.640718563, "p90": 1170479.640718563, "p95": 1170479.640718563, "p99": 1170479.640718563, "max": 1170479.640718563}, "Output Tokens per Minute": {"unit": "tokens/min", "min": 60000.0, "p50": 60000.0, "p90": 60000.0, "p95": 60000.0, "p99": 60000.0, "max": 60000.0}}
{"target_qps": 5.0, "actual_qps": 4.996769937925755, "success_rate": 100.0, "input_tokens": 3967, "output_tokens": 199, "model": "QwQ-32B", "input_tokens_per_minute": 1293712.4520951123, "output_tokens_per_minute": 65178.1840740558, "slo_seconds": 5.0, "slo_attainment": 0.0, "ttft_slo_ms": 1000, "ttft_slo_attainment": 16.363636363636363, "tpot_slo_ms": 50, "tpot_slo_attainment": 22.424242424242426, "Latency": {"unit": "s", "min": 5.054997546998493, "p50": 18.484705784499965, "p90": 31.282467816700958, "p95": 35.35310953709923, "p99": 39.697165770618376, "max": 41.48043291900103}, "Throughput": {"unit": "tokens/s", "min": 4.821550449835965, "p50": 10.819780122112872, "p90": 22.07532685331364, "p95": 25.816411281066333, "p99": 33.42057254653783, "max": 39.564806538581614}, "TTFT": {"unit": "s", "min": 0.1454261540020525, "p50": 3.063383763497768, "p90": 7.4456343290999945, "p95": 12.317288379650563, "p99": 15.180457070488044, "max": 18.957897366999532}, "TPOT": {"unit": "ms", "min": 23.20468474874415, "p50": 76.62938077136181, "p90": 126.36800857486635, "p95": 140.6610282954771, "p99": 157.93376887828688, "max": 167.30156937688233}, "Input Tokens per Minute": {"unit": "tokens/min", "min": 1293712.4520951123, "p50": 1293712.4520951123, "p90": 1293712.4520951123, "p95": 1293712.4520951123, "p99": 1293712.4520951123, "max": 1293712.4520951123}, "Output Tokens per Minute": {"unit": "tokens/min", "min": 65178.1840740558, "p50": 65178.1840740558, "p90": 65178.1840740558, "p95": 65178.1840740558, "p99": 65178.1840740558, "max": 65178.1840740558}}
{"target_qps": 5.0, "actual_qps": 4.999571204859302, "success_rate": 100.0, "input_tokens": 3976, "output_tokens": 198, "model": "QwQ-32B", "input_tokens_per_minute": 1192976.655052265, "output_tokens_per_minute": 59688.50174216028, "slo_seconds": 5.0, "slo_attainment": 0.0, "ttft_slo_ms": 1000, "ttft_slo_attainment": 18.466898954703833, "tpot_slo_ms": 50, "tpot_slo_attainment": 27.177700348432055, "Latency": {"unit": "s", "min": 5.694900685000903, "p50": 17.137827319998905, "p90": 31.02803104180057, "p95": 32.28726445070024, "p99": 34.279229807181764, "max": 39.77463007999904}, "Throughput": {"unit": "tokens/s", "min": 3.4079200822915734, "p50": 11.59667397633045, "p90": 22.643608700473745, "p95": 26.057173521209588, "p99": 28.557504364201463, "max": 35.119137463934244}, "TTFT": {"unit": "s", "min": 0.08935390099941287, "p50": 2.3477483890019357, "p90": 5.369262089599223, "p95": 6.347909409700877, "p99": 7.578405390321491, "max": 9.471652372998506}, "TPOT": {"unit": "ms", "min": 13.78835514572817, "p50": 74.99684806029492, "p90": 135.4843231306491, "p95": 147.5240833291436, "p99": 154.12010117468398, "max": 232.36996471927054}, "Input Tokens per Minute": {"unit": "tokens/min", "min": 1192976.655052265, "p50": 1192976.655052265, "p90": 1192976.655052265, "p95": 1192976.655052265, "p99": 1192976.655052265, "max": 1192976.655052265}, "Output Tokens per Minute": {"unit": "tokens/min", "min": 59688.50174216028, "p50": 59688.50174216028, "p90": 59688.50174216028, "p95": 59688.50174216028, "p99": 59688.50174216028, "max": 59688.50174216028}}
{"target_qps": 5.0, "actual_qps": 4.999718313203938, "success_rate": 100.0, "input_tokens": 4039, "output_tokens": 199, "model": "QwQ-32B", "input_tokens_per_minute": 1365158.0732800427, "output_tokens_per_minute": 67446.83228571719, "slo_seconds": 5.0, "slo_attainment": 0.8771929824561403, "ttft_slo_ms": 1000, "ttft_slo_attainment": 59.06432748538012, "tpot_slo_ms": 50, "tpot_slo_attainment": 19.5906432748538, "Latency": {"unit": "s", "min": 4.266708512997866, "p50": 16.69635082649802, "p90": 29.776243366500434, "p95": 33.915399928299664, "p99": 37.467618973218045, "max": 38.831581147002}, "Throughput": {"unit": "tokens/s", "min": 5.150446983934906, "p50": 11.978665655161798, "p90": 24.48207370672245, "p95": 30.491393152230163, "p99": 38.17215771681024, "max": 46.87454026698356}, "TTFT": {"unit": "s", "min": 0.06845777600028669, "p50": 0.7570886889989197, "p90": 5.712007836098931, "p95": 6.872218625851017, "p99": 8.104617820358726, "max": 8.53178005600057}, "TPOT": {"unit": "ms", "min": 19.85107236180569, "p50": 79.59177351507212, "p90": 124.55275618694348, "p95": 142.57020755527657, "p99": 152.62992273563697, "max": 155.72314772864743}, "Input Tokens per Minute": {"unit": "tokens/min", "min": 1365158.0732800427, "p50": 1365158.0732800427, "p90": 1365158.0732800427, "p95": 1365158.0732800427, "p99": 1365158.0732800427, "max": 1365158.0732800427}, "Output Tokens per Minute": {"unit": "tokens/min", "min": 67446.83228571719, "p50": 67446.83228571719, "p90": 67446.83228571719, "p95": 67446.83228571719, "p99": 67446.83228571719, "max": 67446.83228571719}}
{"target_qps": 5.0, "actual_qps": 4.999915479678693, "success_rate": 100.0, "input_tokens": 3976, "output_tokens": 200, "model": "QwQ-32B", "input_tokens_per_minute": 1198301.763956508, "output_tokens_per_minute": 60273.319212258255, "slo_seconds": 5.0, "slo_attainment": 0.0, "ttft_slo_ms": 1000, "ttft_slo_attainment": 82.95081967213115, "tpot_slo_ms": 50, "tpot_slo_attainment": 28.196721311475407, "Latency": {"unit": "s", "min": 5.394858752999426, "p50": 15.078291559999343, "p90": 25.14447351560012, "p95": 28.241308133999702, "p99": 29.191243364119146, "max": 29.779753782000626}, "Throughput": {"unit": "tokens/s", "min": 6.715972249605478, "p50": 13.264102183205742, "p90": 25.80470771230108, "p95": 29.07536078384135, "p99": 33.945436110283836, "max": 37.072332966790704}, "TTFT": {"unit": "s", "min": 0.06335665400183643, "p50": 0.5302761370003282, "p90": 1.2975816406004015, "p95": 1.9382531957999167, "p99": 3.649024794400611, "max": 4.132412887996907}, "TPOT": {"unit": "ms", "min": 26.068031738695616, "p50": 72.2351127085529, "p90": 116.27454142110415, "p95": 134.86239849346626, "p99": 143.77932625327443, "max": 144.96108266331848}, "Input Tokens per Minute": {"unit": "tokens/min", "min": 1198301.763956508, "p50": 1198301.763956508, "p90": 1198301.763956508, "p95": 1198301.763956508, "p99": 1198301.763956508, "max": 1198301.763956508}, "Output Tokens per Minute": {"unit": "tokens/min", "min": 60273.319212258255, "p50": 60273.319212258255, "p90": 60273.319212258255, "p95": 60273.319212258255, "p99": 60273.319212258255, "max": 60273.319212258255}}
{"target_qps": 5.0, "actual_qps": 4.99997004834611, "success_rate": 100.0, "input_tokens": 3980, "output_tokens": 199, "model": "QwQ-32B", "input_tokens_per_minute": 1194193.5483870967, "output_tokens_per_minute": 59864.51612903226,