{"actual_qps": 2.1343641712849766, "success_rate": 100.0, "input_tokens": 3334, "output_tokens": 198, "model": "QwQ-32B", "input_tokens_per_minute": 287996.2103603718, "output_tokens_per_minute": 17157.309754566628, "slo_seconds": 5.0, "slo_attainment": 1.1494252873563218, "ttft_slo_ms": 1000, "ttft_slo_attainment": 45.97701149425287, "tpot_slo_ms": 50, "tpot_slo_attainment": 39.08045977011494, "Latency": {"unit": "s", "min": 4.185239102000196, "p50": 12.271554359998845, "p90": 25.776456133397012, "p95": 30.05262991449563, "p99": 34.18100392056251, "max": 37.72014962600224}, "Throughput": {"unit": "tokens/s", "min": 5.302205902760544, "p50": 16.297853893059624, "p90": 26.18962401139306, "p95": 27.177636119875576, "p99": 29.81181565218133, "max": 34.02737279569203}, "TTFT": {"unit": "s", "min": 0.13210265999805415, "p50": 1.1218435060000047, "p90": 3.0647531907990926, "p95": 3.363712797397602, "p99": 6.3011427866767935, "max": 9.240849492998677}, "TPOT": {"unit": "ms", "min": 26.94845422112264, "p50": 52.707313557792205, "p90": 115.95823726330593, "p95": 139.6093747794171, "p99": 143.56680652654853, "max": 146.36024351759133}, "Input Tokens per Minute": {"unit": "tokens/min", "min": 287996.2103603718, "p50": 287996.2103603718, "p90": 287996.2103603718, "p95": 287996.2103603718, "p99": 287996.2103603718, "max": 287996.2103603718}, "Output Tokens per Minute": {"unit": "tokens/min", "min": 17157.309754566628, "p50": 17157.309754566628, "p90": 17157.309754566628, "p95": 17157.309754566628, "p99": 17157.309754566628, "max": 17157.309754566628}}
{"actual_qps": 2.0866028689398592, "success_rate": 100.0, "input_tokens": 3714, "output_tokens": 198, "model": "QwQ-32B", "input_tokens_per_minute": 519947.98849288624, "output_tokens_per_minute": 27725.88694875261, "slo_seconds": 5.0, "slo_attainment": 0.7092198581560284, "ttft_slo_ms": 1000, "ttft_slo_attainment": 46.09929078014184, "tpot_slo_ms": 50, "tpot_slo_attainment": 35.46099290780142, "Latency": {"unit": "s", "min": 3.56184332799603, "p50": 16.643421230997774, "p90": 30.25448529199639, "p95": 31.363973282997904, "p99": 34.02111887180072, "max": 37.108806285003084}, "Throughput": {"unit": "tokens/s", "min": 3.342764962350065, "p50": 12.016760089416422, "p90": 25.77940267276507, "p95": 28.060965101249167, "p99": 32.44408746807871, "max": 37.938383395529854}, "TTFT": {"unit": "s", "min": 0.10810658300033538, "p50": 1.1056212069961475, "p90": 4.253867903003993, "p95": 5.082020005000231, "p99": 7.911779817004567, "max": 8.8726753200026}, "TPOT": {"unit": "ms", "min": 25.01706399497969, "p50": 77.4601203015138, "p90": 140.17386260301595, "p95": 143.60661934169818, "p99": 145.53688011859336, "max": 208.4489848946983}, "Input Tokens per Minute": {"unit": "tokens/min", "min": 519947.98849288624, "p50": 519947.98849288624, "p90": 519947.98849288624, "p95": 519947.98849288624, "p99": 519947.98849288624, "max": 519947.98849288624}, "Output Tokens per Minute": {"unit": "tokens/min", "min": 27725.88694875261, "p50": 27725.88694875261, "p90": 27725.88694875261, "p95": 27725.88694875261, "p99": 27725.88694875261, "max": 27725.88694875261}}
{"actual_qps": 1.967745222578511, "success_rate": 100.0, "input_tokens": 3652, "output_tokens": 196, "model": "QwQ-32B", "input_tokens_per_minute": 431238.2526363597, "output_tokens_per_minute": 23167.2483780281, "slo_seconds": 5.0, "slo_attainment": 0.0, "ttft_slo_ms": 1000, "ttft_slo_attainment": 43.333333333333336, "tpot_slo_ms": 50, "tpot_slo_attainment": 25.0, "Latency": {"unit": "s", "min": 5.162951992999297, "p50": 14.76001398149674, "p90": 30.985471948199848, "p95": 31.920951617801258, "p99": 33.00780896612836, "max": 33.37901966700156}, "Throughput": {"unit": "tokens/s", "min": 2.955409205099301, "p50": 13.095371566075954, "p90": 24.25292353080347, "p95": 26.104754949223032, "p99": 35.554756529093126, "max": 38.73752850524079}, "TTFT": {"unit": "s", "min": 0.06883878500229912, "p50": 1.1614017935025913, "p90": 2.946746022497246, "p95": 3.9747160154984154, "p99": 5.407550891900393, "max": 7.388668496998434}, "TPOT": {"unit": "ms", "min": 23.983743180911027, "p50": 71.400239477386, "p90": 141.1295496110403, "p95": 143.25168129171243, "p99": 180.79082993032603, "max": 272.80097362502903}, "Input Tokens per Minute": {"unit": "tokens/min", "min": 431238.2526363597, "p50": 431238.2526363597, "p90": 431238.2526363597, "p95": 431238.2526363597, "p99": 431238.2526363597, "max": 431238.2526363597}, "Output Tokens per Minute": {"unit": "tokens/min", "min": 23167.2483780281, "p50": 23167.2483780281, "p90": 23167.2483780281, "p95": 23167.2483780281, "p99": 23167.2483780281, "max": 23167.2483780281}}
{"actual_qps": 2.1153219073540703, "success_rate": 100.0, "input_tokens": 3650, "output_tokens": 199, "model": "QwQ-32B", "input_tokens_per_minute": 405803.3547068048, "output_tokens_per_minute": 22150.863917288156, "slo_seconds": 5.0, "slo_attainment": 1.7699115044247788, "ttft_slo_ms": 1000, "ttft_slo_attainment": 58.4070796460177, "tpot_slo_ms": 50, "tpot_slo_attainment": 29.20353982300885, "Latency": {"unit": "s", "min": 2.8324572180063115, "p50": 14.664855606002675, "p90": 28.604923263800448, "p95": 33.00543908879772, "p99": 33.95666207956121, "max": 34.25829765800154}, "Throughput": {"unit": "tokens/s", "min": 5.838001700977311, "p50": 13.638047681706135, "p90": 26.010366376939178, "p95": 29.62120022416592, "p99": 39.79185306040231, "max": 40.77167832268987}, "TTFT": {"unit": "s", "min": 0.10791501899802824, "p50": 0.8556626999998116, "p90": 3.138870201600365, "p95": 4.753510476001243, "p99": 5.878177607516407, "max": 6.136047209001845}, "TPOT": {"unit": "ms", "min": 22.379058035186798, "p50": 70.30733565830019, "p90": 137.19091796583552, "p95": 141.14669618692866, "p99": 142.16015486252448, "max": 144.81658031658682}, "Input Tokens per Minute": {"unit": "tokens/min", "min": 405803.3547068048, "p50": 405803.3547068048, "p90": 405803.3547068048, "p95": 405803.3547068048, "p99": 405803.3547068048, "max": 405803.3547068048}, "Output Tokens per Minute": {"unit": "tokens/min", "min": 22150.863917288156, "p50": 22150.863917288156, "p90": 22150.863917288156, "p95": 22150.863917288156, "p99": 22150.863917288156, "max": 22150.863917288156}}
{"actual_qps": 2.3666628093612005, "success_rate": 100.0, "input_tokens": 3685, "output_tokens": 199, "model": "QwQ-32B", "input_tokens_per_minute": 511264.45017158746, "output_tokens_per_minute": 27628.07185135332, "slo_seconds": 5.0, "slo_attainment": 0.7092198581560284, "ttft_slo_ms": 1000, "ttft_slo_attainment": 49.645390070921984, "tpot_slo_ms": 50, "tpot_slo_attainment": 23.404255319148938, "Latency": {"unit": "s", "min": 3.1808560179997585, "p50": 17.141440950996184, "p90": 33.955085907000466, "p95": 36.214491539001756, "p99": 36.652081458402975, "max": 37.06944042500254}, "Throughput": {"unit": "tokens/s", "min": 5.3952797157710615, "p50": 11.667630543532391, "p90": 24.876917510746797, "p95": 26.76478479394845, "p99": 32.10385331176335, "max": 36.22996646230483}, "TTFT": {"unit": "s", "min": 0.05808738499763422, "p50": 1.0313399739970919, "p90": 5.536296894002589, "p95": 8.322331536001002, "p99": 8.819116347400994, "max": 9.49125297700084}, "TPOT": {"unit": "ms", "min": 26.650753507540376, "p50": 80.02686442714595, "p90": 141.7843029245965, "p95": 144.98045166835058, "p99": 150.35649879698653, "max": 159.19991234673103}, "Input Tokens per Minute": {"unit": "tokens/min", "min": 511264.45017158746, "p50": 511264.45017158746, "p90": 511264.45017158746, "p95": 511264.45017158746, "p99": 511264.45017158746, "max": 511264.45017158746}, "Output Tokens per Minute": {"unit": "tokens/min", "min": 27628.07185135332, "p50": 27628.07185135332, "p90": 27628.07185135332, "p95": 27628.07185135332, "p99": 27628.07185135332, "max": 27628.07185135332}}
{"actual_qps": 2.229541065090872, "success_rate": 100.0, "input_tokens": 3645, "output_tokens": 198, "model": "QwQ-32B", "input_tokens_per_minute": 473384.355782245, "output_tokens_per_minute": 25820.052775868553,