{"actual_qps": 5.799742136071933, "success_rate": 100.0, "input_tokens": 4044, "output_tokens": 199, "model": "QwQ-32B", "input_tokens_per_minute": 942375.8101719808, "output_tokens_per_minute": 46494.10375305392, "slo_seconds": 5.0, "slo_attainment": 0.0, "ttft_slo_ms": 1000, "ttft_slo_attainment": 4.680851063829787, "tpot_slo_ms": 50, "tpot_slo_attainment": 30.638297872340424, "Latency": {"unit": "s", "min": 6.959811784996418, "p50": 17.18351138199796, "p90": 30.58559049759933, "p95": 32.69522406039759, "p99": 35.24333782158079, "max": 36.034992938999494}, "Throughput": {"unit": "tokens/s", "min": 5.5501606546326405, "p50": 11.555325708572369, "p90": 21.00987513143465, "p95": 23.716983957770196, "p99": 27.186781927618203, "max": 28.736409284967888}, "TTFT": {"unit": "s", "min": 0.23509893199661747, "p50": 3.068920314995921, "p90": 5.874440655999933, "p95": 6.543111122903791, "p99": 9.341392613176867, "max": 9.741222206001112}, "TPOT": {"unit": "ms", "min": 27.424995834168733, "p50": 71.69235079901277, "p90": 135.14128838994552, "p95": 137.24266001056696, "p99": 143.70024678100052, "max": 147.19852048240602}, "Input Tokens per Minute": {"unit": "tokens/min", "min": 942375.8101719808, "p50": 942375.8101719808, "p90": 942375.8101719808, "p95": 942375.8101719808, "p99": 942375.8101719808, "max": 942375.8101719808}, "Output Tokens per Minute": {"unit": "tokens/min", "min": 46494.10375305392, "p50": 46494.10375305392, "p90": 46494.10375305392, "p95": 46494.10375305392, "p99": 46494.10375305392, "max": 46494.10375305392}}
{"actual_qps": 4.5195591026017725, "success_rate": 100.0, "input_tokens": 3984, "output_tokens": 199, "model": "QwQ-32B", "input_tokens_per_minute": 1206748.012191024, "output_tokens_per_minute": 60281.68137360744, "slo_seconds": 5.0, "slo_attainment": 0.32679738562091504, "ttft_slo_ms": 1000, "ttft_slo_attainment": 17.973856209150327, "tpot_slo_ms": 50, "tpot_slo_attainment": 39.21568627450981, "Latency": {"unit": "s", "min": 3.494512534001842, "p50": 14.76154671400218, "p90": 33.2898103505031, "p95": 34.743977471996914, "p99": 38.083845544100406, "max": 38.76381069600029}, "Throughput": {"unit": "tokens/s", "min": 5.159451467980579, "p50": 13.413977562075672, "p90": 24.192495064681726, "p95": 27.795730231492026, "p99": 33.60160787476979, "max": 38.58022006225544}, "TTFT": {"unit": "s", "min": 0.15824429100030102, "p50": 2.0632734925020486, "p90": 5.5221921845004545, "p95": 6.666433644499193, "p99": 9.69799728684884, "max": 10.911575801001163}, "TPOT": {"unit": "ms", "min": 22.45238658291435, "p50": 61.38774197991474, "p90": 140.80246068343016, "p95": 142.53643204144862, "p99": 146.76019542111587, "max": 166.2247331608081}, "Input Tokens per Minute": {"unit": "tokens/min", "min": 1206748.012191024, "p50": 1206748.012191024, "p90": 1206748.012191024, "p95": 1206748.012191024, "p99": 1206748.012191024, "max": 1206748.012191024}, "Output Tokens per Minute": {"unit": "tokens/min", "min": 60281.68137360744, "p50": 60281.68137360744, "p90": 60281.68137360744, "p95": 60281.68137360744, "p99": 60281.68137360744, "max": 60281.68137360744}}
{"actual_qps": 4.806073172916371, "success_rate": 100.0, "input_tokens": 4015, "output_tokens": 199, "model": "QwQ-32B", "input_tokens_per_minute": 1086745.985263827, "output_tokens_per_minute": 53972.365761651956, "slo_seconds": 5.0, "slo_attainment": 0.36363636363636365, "ttft_slo_ms": 1000, "ttft_slo_attainment": 33.81818181818182, "tpot_slo_ms": 50, "tpot_slo_attainment": 36.72727272727273, "Latency": {"unit": "s", "min": 4.323354091997317, "p50": 13.49719168899901, "p90": 31.40886696180096, "p95": 32.299664836496234, "p99": 35.50489088787828, "max": 36.355780865997076}, "Throughput": {"unit": "tokens/s", "min": 5.501188400743621, "p50": 14.799157038091094, "p90": 25.659425296078727, "p95": 29.78573603501152, "p99": 36.472779319086825, "max": 46.26037926669184}, "TTFT": {"unit": "s", "min": 0.13697903000138467, "p50": 1.3295019610013696, "p90": 4.027271543595998, "p95": 4.746180433705013, "p99": 7.34833400615782, "max": 8.125356219999958}, "TPOT": {"unit": "ms", "min": 20.52854661809733, "p50": 59.97016281405044, "p90": 141.85329181707846, "p95": 143.55515686732375, "p99": 150.07918294373812, "max": 157.95591105024732}, "Input Tokens per Minute": {"unit": "tokens/min", "min": 1086745.985263827, "p50": 1086745.985263827, "p90": 1086745.985263827, "p95": 1086745.985263827, "p99": 1086745.985263827, "max": 1086745.985263827}, "Output Tokens per Minute": {"unit": "tokens/min", "min": 53972.365761651956, "p50": 53972.365761651956, "p90": 53972.365761651956, "p95": 53972.365761651956, "p99": 53972.365761651956, "max": 53972.365761651956}}
{"actual_qps": 4.772389317711076, "success_rate": 100.0, "input_tokens": 4049, "output_tokens": 199, "model": "QwQ-32B", "input_tokens_per_minute": 1318849.2959505569, "output_tokens_per_minute": 64931.06266140221, "slo_seconds": 5.0, "slo_attainment": 0.906344410876133, "ttft_slo_ms": 1000, "ttft_slo_attainment": 35.64954682779456, "tpot_slo_ms": 50, "tpot_slo_attainment": 26.283987915407852, "Latency": {"unit": "s", "min": 2.6680955520059797, "p50": 16.149241268998594, "p90": 32.189632984001946, "p95": 33.64881132150185, "p99": 36.62868533849832, "max": 37.91489327199815}, "Throughput": {"unit": "tokens/s", "min": 5.274971989640519, "p50": 12.384482754860835, "p90": 25.759521500693378, "p95": 29.58121343855023, "p99": 39.1586860180557, "max": 42.73473711777238}, "TTFT": {"unit": "s", "min": 0.0939533799974015, "p50": 1.5129411300003994, "p90": 4.934848869001144, "p95": 5.837967068498983, "p99": 8.938203293597326, "max": 9.86781472700386}, "TPOT": {"unit": "ms", "min": 21.60733358294091, "p50": 73.75940247737931, "p90": 140.26236875876597, "p95": 142.01731623114796, "p99": 144.8032926663276, "max": 156.0542629547616}, "Input Tokens per Minute": {"unit": "tokens/min", "min": 1318849.2959505569, "p50": 1318849.2959505569, "p90": 1318849.2959505569, "p95": 1318849.2959505569, "p99": 1318849.2959505569, "max": 1318849.2959505569}, "Output Tokens per Minute": {"unit": "tokens/min", "min": 64931.06266140221, "p50": 64931.06266140221, "p90": 64931.06266140221, "p95": 64931.06266140221, "p99": 64931.06266140221, "max": 64931.06266140221}}
{"actual_qps": 5.533327270281902, "success_rate": 100.0, "input_tokens": 3886, "output_tokens": 199, "model": "QwQ-32B", "input_tokens_per_minute": 1051728.3338613948, "output_tokens_per_minute": 53990.97514917299, "slo_seconds": 5.0, "slo_attainment": 0.7272727272727273, "ttft_slo_ms": 1000, "ttft_slo_attainment": 70.18181818181817, "tpot_slo_ms": 50, "tpot_slo_attainment": 31.636363636363633, "Latency": {"unit": "s", "min": 4.197927018001792, "p50": 14.493167540000286, "p90": 32.598813573402005, "p95": 33.613445495597986, "p99": 35.42051757215959, "max": 36.9542334430007}, "Throughput": {"unit": "tokens/s", "min": 5.4120998155322555, "p50": 13.799605879667906, "p90": 28.82581032866721, "p95": 33.53018657176301, "p99": 37.0924333435073, "max": 40.46139719739397}, "TTFT": {"unit": "s", "min": 0.0778619560005609, "p50": 0.5608142199998838, "p90": 4.165480019201641, "p95": 4.916046752998954, "p99": 8.258340726357128, "max": 9.358176226000069}, "TPOT": {"unit": "ms", "min": 24.31123302008544, "p50": 70.90012199500163, "p90": 141.84072392966496, "p95": 144.04777759897738, "p99": 146.75711956101628, "max": 147.3517423417333}, "Input Tokens per Minute": {"unit": "tokens/min", "min": 1051728.3338613948, "p50": 1051728.3338613948, "p90": 1051728.3338613948, "p95": 1051728.3338613948, "p99": 1051728.3338613948, "max": 1051728.3338613948}, "Output Tokens per Minute": {"unit": "tokens/min", "min": 53990.97514917299, "p50": 53990.97514917299, "p90": 53990.97514917299, "p95": 53990.97514917299, "p99": 53990.97514917299, "max": 53990.97514917299}}
{"actual_qps": 4.672161111412276, "success_rate": 100.0, "input_tokens": 3915, "output_tokens": 200, "model": "QwQ-32B", "input_tokens_per_minute": 1174622.6151493997, "output_tokens_per_minute": 60000.384799189225,