{"target_qps": 2.0, "actual_qps": 1.9993495922507063, "success_rate": 100.0, "input_tokens": 3519, "output_tokens": 200, "model": "QwQ-32B", "input_tokens_per_minute": 422321.53846153844, "output_tokens_per_minute": 24000.0, "slo_seconds": 5.0, "slo_attainment": 0.0, "ttft_slo_ms": 1000, "ttft_slo_attainment": 44.871794871794876, "tpot_slo_ms": 50, "tpot_slo_attainment": 24.358974358974358, "Latency": {"unit": "s", "min": 7.064178542001173, "p50": 16.949400934005098, "p90": 24.91717190269701, "p95": 25.825782831147077, "p99": 27.317439023834595, "max": 27.4909442079952}, "Throughput": {"unit": "tokens/s", "min": 7.275122981837559, "p50": 11.800178062428419, "p90": 21.763519045254455, "p95": 23.804003051164514, "p99": 25.938684374508252, "max": 28.311855201686775}, "TTFT": {"unit": "s", "min": 0.16527045800467022, "p50": 1.1942011520004598, "p90": 2.4175336190935917, "p95": 2.9072240317524107, "p99": 5.691378592368725, "max": 8.663089117995696}, "TPOT": {"unit": "ms", "min": 31.462099301498895, "p50": 75.35941395980988, "p90": 121.92190060502148, "p95": 127.06957902059797, "p99": 132.2593341455631, "max": 132.27261079894436}, "Input Tokens per Minute": {"unit": "tokens/min", "min": 422321.53846153844, "p50": 422321.53846153844, "p90": 422321.53846153844, "p95": 422321.53846153844, "p99": 422321.53846153844, "max": 422321.53846153844}, "Output Tokens per Minute": {"unit": "tokens/min", "min": 24000.0, "p50": 24000.0, "p90": 24000.0, "p95": 24000.0, "p99": 24000.0, "max": 24000.0}}
{"target_qps": 2.0, "actual_qps": 1.9998194088409615, "success_rate": 100.0, "input_tokens": 3802, "output_tokens": 198, "model": "QwQ-32B", "input_tokens_per_minute": 463725.1457274443, "output_tokens_per_minute": 24222.120310117305, "slo_seconds": 5.0, "slo_attainment": 0.819672131147541, "ttft_slo_ms": 1000, "ttft_slo_attainment": 15.573770491803279, "tpot_slo_ms": 50, "tpot_slo_attainment": 20.491803278688526, "Latency": {"unit": "s", "min": 1.5291958519956097, "p50": 21.31195230800222, "p90": 31.77045542049164, "p95": 33.13694380009183, "p99": 36.69529788157727, "max": 37.85294275700289}, "Throughput": {"unit": "tokens/s", "min": 5.2836050629907625, "p50": 9.384426590086463, "p90": 18.679343380433373, "p95": 22.59411417390313, "p99": 26.182083357256815, "max": 29.54186864636412}, "TTFT": {"unit": "s", "min": 0.16043100399838295, "p50": 3.3222393024989287, "p90": 7.430302831300651, "p95": 8.489666199642667, "p99": 10.708620904212138, "max": 11.494081530996482}, "TPOT": {"unit": "ms", "min": 26.50071875842545, "p50": 78.15663892962682, "p90": 144.99528781962366, "p95": 147.7077339805988, "p99": 157.77823362379547, "max": 163.17139918093707}, "Input Tokens per Minute": {"unit": "tokens/min", "min": 463725.1457274443, "p50": 463725.1457274443, "p90": 463725.1457274443, "p95": 463725.1457274443, "p99": 463725.1457274443, "max": 463725.1457274443}, "Output Tokens per Minute": {"unit": "tokens/min", "min": 24222.120310117305, "p50": 24222.120310117305, "p90": 24222.120310117305, "p95": 24222.120310117305, "p99": 24222.120310117305, "max": 24222.120310117305}}
{"target_qps": 2.0, "actual_qps": 1.9999701406462547, "success_rate": 100.0, "input_tokens": 3551, "output_tokens": 198, "model": "QwQ-32B", "input_tokens_per_minute": 426177.55102040817, "output_tokens_per_minute": 23800.408163265307, "slo_seconds": 5.0, "slo_attainment": 0.0, "ttft_slo_ms": 1000, "ttft_slo_attainment": 8.16326530612245, "tpot_slo_ms": 50, "tpot_slo_attainment": 0.0, "Latency": {"unit": "s", "min": 16.978628527998808, "p50": 31.946356615502737, "p90": 43.8769286736031, "p95": 46.23156725376174, "p99": 48.32577543807696, "max": 48.45263627600798}, "Throughput": {"unit": "tokens/s", "min": 1.0981804813493046, "p50": 6.260494826797478, "p90": 8.634884623387347, "p95": 10.142469833918431, "p99": 11.444045951490638, "max": 11.779514444890978}, "TTFT": {"unit": "s", "min": 0.16523566999239847, "p50": 6.284020892999251, "p90": 15.959563809505196, "p95": 17.32817144619912, "p99": 18.361618381974406, "max": 19.284763178002322}, "TPOT": {"unit": "ms", "min": 54.15565897989959, "p50": 133.82294646232629, "p90": 154.57467633067282, "p95": 164.30337819071227, "p99": 195.71164462567674, "max": 507.74314750015037}, "Input Tokens per Minute": {"unit": "tokens/min", "min": 426177.55102040817, "p50": 426177.55102040817, "p90": 426177.55102040817, "p95": 426177.55102040817, "p99": 426177.55102040817, "max": 426177.55102040817}, "Output Tokens per Minute": {"unit": "tokens/min", "min": 23800.408163265307, "p50": 23800.408163265307, "p90": 23800.408163265307, "p95": 23800.408163265307, "p99": 23800.408163265307, "max": 23800.408163265307}}
{"target_qps": 2.0, "actual_qps": 1.9999557042807636, "success_rate": 100.0, "input_tokens": 4011, "output_tokens": 198, "model": "QwQ-32B", "input_tokens_per_minute": 481366.3157894737, "output_tokens_per_minute": 23806.315789473687, "slo_seconds": 5.0, "slo_attainment": 0.0, "ttft_slo_ms": 1000, "ttft_slo_attainment": 3.508771929824561, "tpot_slo_ms": 50, "tpot_slo_attainment": 1.7543859649122806, "Latency": {"unit": "s", "min": 9.851410062998184, "p50": 31.041053450506297, "p90": 41.41500224939664, "p95": 42.90997710630035, "p99": 45.38799515671257, "max": 47.03266821800207}, "Throughput": {"unit": "tokens/s", "min": 3.9588241430009785, "p50": 6.339636607531043, "p90": 9.597993561588362, "p95": 12.798772989733266, "p99": 15.205835440636294, "max": 15.932322217732056}, "TTFT": {"unit": "s", "min": 0.1028897340002004, "p50": 5.49464135600283, "p90": 11.96661096859898, "p95": 13.26685441890513, "p99": 15.179144625853807, "max": 15.3213856509974}, "TPOT": {"unit": "ms", "min": 47.18098227639891, "p50": 128.9469986532735, "p90": 158.60283088344724, "p95": 163.38130478068146, "p99": 170.12471003240503, "max": 177.69658102617157}, "Input Tokens per Minute": {"unit": "tokens/min", "min": 481366.3157894737, "p50": 481366.3157894737, "p90": 481366.3157894737, "p95": 481366.3157894737, "p99": 481366.3157894737, "max": 481366.3157894737}, "Output Tokens per Minute": {"unit": "tokens/min", "min": 23806.315789473687, "p50": 23806.315789473687, "p90": 23806.315789473687, "p95": 23806.315789473687, "p99": 23806.315789473687, "max": 23806.315789473687}}
{"target_qps": 2.0, "actual_qps": 1.9999749672133205, "success_rate": 100.0, "input_tokens": 3496, "output_tokens": 200, "model": "QwQ-32B", "input_tokens_per_minute": 447466.43484326155, "output_tokens_per_minute": 25591.67478080904, "slo_seconds": 5.0, "slo_attainment": 0.0, "ttft_slo_ms": 1000, "ttft_slo_attainment": 32.8125, "tpot_slo_ms": 50, "tpot_slo_attainment": 1.5625, "Latency": {"unit": "s", "min": 9.132114512991393, "p50": 26.964771519502392, "p90": 38.34572375179414, "p95": 39.40082740969883, "p99": 43.926096422476846, "max": 45.01534400800301}, "Throughput": {"unit": "tokens/s", "min": 4.4429295034253915, "p50": 7.417234967806906, "p90": 12.945165196024313, "p95": 13.7157747227001, "p99": 19.168860114069275, "max": 21.900732816641643}, "TTFT": {"unit": "s", "min": 0.1531345510011306, "p50": 2.511886387997947, "p90": 9.005396159504016, "p95": 9.785586982849054, "p99": 11.816877923538708, "max": 12.199633526004618}, "TPOT": {"unit": "ms", "min": 44.57642090955548, "p50": 123.66885608043134, "p90": 155.25081257137526, "p95": 158.79091164017117, "p99": 165.8894419618976, "max": 169.13639119096175}, "Input Tokens per Minute": {"unit": "tokens/min", "min": 447466.43484326155, "p50": 447466.43484326155, "p90": 447466.43484326155, "p95": 447466.43484326155, "p99": 447466.43484326155, "max": 447466.43484326155}, "Output Tokens per Minute": {"unit": "tokens/min", "min": 25591.67478080904, "p50": 25591.67478080904, "p90": 25591.67478080904, "p95": 25591.67478080904, "p99": 25591.67478080904, "max": 25591.67478080904}}
{"target_qps": 2.0, "actual_qps": 1.9999941646505128, "success_rate": 100.0, "input_tokens": 4001, "output_tokens": 198, "model": "QwQ-32B", "input_tokens_per_minute": 688029.1774576626, "output_tokens_per_minute": 34075.914775524914,