{"target_qps": 5.0, "actual_qps": 4.997979977048714, "success_rate": 100.0, "input_tokens": 3964, "output_tokens": 199, "model": "QwQ-32B", "input_tokens_per_minute": 1189257.9310344828, "output_tokens_per_minute": 59908.96551724138, "slo_seconds": 5.0, "slo_attainment": 0.0, "ttft_slo_ms": 1000, "ttft_slo_attainment": 3.4482758620689653, "tpot_slo_ms": 50, "tpot_slo_attainment": 0.6896551724137931, "Latency": {"unit": "s", "min": 12.918468732998008, "p50": 26.903776150997146, "p90": 29.388824526596, "p95": 29.522388387203684, "p99": 29.66722413076961, "max": 44.488656519999495}, "Throughput": {"unit": "tokens/s", "min": 4.495527975992975, "p50": 7.433900686561701, "p90": 11.76144955754281, "p95": 12.596193253713803, "p99": 14.303316823842996, "max": 15.481711039725194}, "TTFT": {"unit": "s", "min": 0.3916067449899856, "p50": 4.475667624006746, "p90": 6.317470120594953, "p95": 6.599690420605475, "p99": 7.534880749877194, "max": 18.591747679005493}, "TPOT": {"unit": "ms", "min": 48.39349425124032, "p50": 107.66215115075114, "p90": 124.9687914874483, "p95": 126.238758158832, "p99": 130.01778431315716, "max": 131.4171937638139}, "Input Tokens per Minute": {"unit": "tokens/min", "min": 1189257.9310344828, "p50": 1189257.9310344828, "p90": 1189257.9310344828, "p95": 1189257.9310344828, "p99": 1189257.9310344828, "max": 1189257.9310344828}, "Output Tokens per Minute": {"unit": "tokens/min", "min": 59908.96551724138, "p50": 59908.96551724138, "p90": 59908.96551724138, "p95": 59908.96551724138, "p99": 59908.96551724138, "max": 59908.96551724138}}
{"target_qps": 5.0, "actual_qps": 4.993678126287721, "success_rate": 87.35177865612648, "input_tokens": 3874, "output_tokens": 199, "model": "QwQ-32B", "input_tokens_per_minute": 1162376.4705882352, "output_tokens_per_minute": 59823.529411764706, "slo_seconds": 5.0, "slo_attainment": 0.0, "ttft_slo_ms": 1000, "ttft_slo_attainment": 0.3952569169960474, "tpot_slo_ms": 50, "tpot_slo_attainment": 8.300395256916996, "Latency": {"unit": "s", "min": 15.188074935998884, "p50": 29.974284554002224, "p90": 41.93595946600544, "p95": 46.053602400003, "p99": 48.19457847640443, "max": 59.7496169990045}, "Throughput": {"unit": "tokens/s", "min": 3.3473017911283387, "p50": 6.656156500145958, "p90": 10.354440514707633, "p95": 10.77664512229727, "p99": 11.743358981019021, "max": 13.168225785215121}, "TTFT": {"unit": "s", "min": 0.37575625999306794, "p50": 8.3796425590117, "p90": 21.918578351003816, "p95": 22.94709255399357, "p99": 26.087028105399803, "max": 38.019694916001754}, "TPOT": {"unit": "ms", "min": 35.03989626129331, "p50": 108.97728997984979, "p90": 138.9315609396646, "p95": 146.05581222607194, "p99": 163.39288897867115, "max": 168.49501482914516}, "Input Tokens per Minute": {"unit": "tokens/min", "min": 1162376.4705882352, "p50": 1162376.4705882352, "p90": 1162376.4705882352, "p95": 1162376.4705882352, "p99": 1162376.4705882352, "max": 1162376.4705882352}, "Output Tokens per Minute": {"unit": "tokens/min", "min": 59823.529411764706, "p50": 59823.529411764706, "p90": 59823.529411764706, "p95": 59823.529411764706, "p99": 59823.529411764706, "max": 59823.529411764706}, "exceptions": {"Request timed out.": 32}}
{"target_qps": 5.0, "actual_qps": 4.999891180285656, "success_rate": 100.0, "input_tokens": 4018, "output_tokens": 198, "model": "QwQ-32B", "input_tokens_per_minute": 1516346.9451975487, "output_tokens_per_minute": 74917.75986381236, "slo_seconds": 5.0, "slo_attainment": 0.0, "ttft_slo_ms": 1000, "ttft_slo_attainment": 0.0, "tpot_slo_ms": 50, "tpot_slo_attainment": 0.7792207792207793, "Latency": {"unit": "s", "min": 14.678773074992932, "p50": 37.39191332399787, "p90": 53.029200855005186, "p95": 56.74052477660006, "p99": 63.167636685245085, "max": 63.86540132299706}, "Throughput": {"unit": "tokens/s", "min": 1.9484287899947434, "p50": 5.341614153295188, "p90": 8.034238315515077, "p95": 9.045982018956806, "p99": 12.239122282795915, "max": 13.62511696162973}, "TTFT": {"unit": "s", "min": 1.279168192006182, "p50": 10.106891403003829, "p90": 25.587260460996184, "p95": 28.270700401198695, "p99": 32.62115541151433, "max": 39.85467993099883}, "TPOT": {"unit": "ms", "min": 40.00566696481084, "p50": 122.94766569345425, "p90": 175.27930265026058, "p95": 185.58356037185567, "p99": 197.05641721107355, "max": 333.6318039475468}, "Input Tokens per Minute": {"unit": "tokens/min", "min": 1516346.9451975487, "p50": 1516346.9451975487, "p90": 1516346.9451975487, "p95": 1516346.9451975487, "p99": 1516346.9451975487, "max": 1516346.9451975487}, "Output Tokens per Minute": {"unit": "tokens/min", "min": 74917.75986381236, "p50": 74917.75986381236, "p90": 74917.75986381236, "p95": 74917.75986381236, "p99": 74917.75986381236, "max": 74917.75986381236}}
{"target_qps": 5.0, "actual_qps": 4.999905195297443, "success_rate": 100.0, "input_tokens": 3912, "output_tokens": 200, "model": "QwQ-32B", "input_tokens_per_minute": 1173785.393258427, "output_tokens_per_minute": 60000.0, "slo_seconds": 5.0, "slo_attainment": 0.0, "ttft_slo_ms": 1000, "ttft_slo_attainment": 0.37453183520599254, "tpot_slo_ms": 50, "tpot_slo_attainment": 0.37453183520599254, "Latency": {"unit": "s", "min": 13.261033239003154, "p50": 35.06186601500667, "p90": 44.5648669742106, "p95": 45.64004961280589, "p99": 47.22324470280552, "max": 48.45022011800029}, "Throughput": {"unit": "tokens/s", "min": 4.1279482221732104, "p50": 5.70420296268313, "p90": 9.906029695405724, "p95": 11.411635569123225, "p99": 13.493814580420407, "max": 15.081781064522406}, "TTFT": {"unit": "s", "min": 0.5742843970074318, "p50": 8.18316158700327, "p90": 15.610253938200186, "p95": 17.06287301990669, "p99": 18.376992962057116, "max": 18.67526327300584}, "TPOT": {"unit": "ms", "min": 46.28573083919859, "p50": 131.46716466330895, "p90": 151.58513610553402, "p95": 157.32881244369688, "p99": 168.7866070003984, "max": 185.28368986431386}, "Input Tokens per Minute": {"unit": "tokens/min", "min": 1173785.393258427, "p50": 1173785.393258427, "p90": 1173785.393258427, "p95": 1173785.393258427, "p99": 1173785.393258427, "max": 1173785.393258427}, "Output Tokens per Minute": {"unit": "tokens/min", "min": 60000.0, "p50": 60000.0, "p90": 60000.0, "p95": 60000.0, "p99": 60000.0, "max": 60000.0}}
{"target_qps": 5.0, "actual_qps": 4.998998058400798, "success_rate": 100.0, "input_tokens": 3985, "output_tokens": 199, "model": "QwQ-32B", "input_tokens_per_minute": 1210701.849675615, "output_tokens_per_minute": 60514.757565246684, "slo_seconds": 5.0, "slo_attainment": 0.0, "ttft_slo_ms": 1000, "ttft_slo_attainment": 17.741935483870968, "tpot_slo_ms": 50, "tpot_slo_attainment": 0.6451612903225806, "Latency": {"unit": "s", "min": 9.377785966993542, "p50": 28.69255299899669, "p90": 40.36749501729937, "p95": 41.944812292351706, "p99": 44.04595085655863, "max": 45.07497421899461}, "Throughput": {"unit": "tokens/s", "min": 4.437051899981341, "p50": 6.942375754467742, "p90": 12.065110589774124, "p95": 13.301690552022169, "p99": 16.564300090395403, "max": 18.36733603853048}, "TTFT": {"unit": "s", "min": 0.11803572099597659, "p50": 4.465315896501124, "p90": 11.130748374096584, "p95": 11.78774193090212, "p99": 12.90742075092975, "max": 14.02441324100073}, "TPOT": {"unit": "ms", "min": 46.79117348743018, "p50": 122.08624326882986, "p90": 152.7888553844173, "p95": 158.04391117337545, "p99": 182.88374624033136, "max": 190.0624828492104}, "Input Tokens per Minute": {"unit": "tokens/min", "min": 1210701.849675615, "p50": 1210701.849675615, "p90": 1210701.849675615, "p95": 1210701.849675615, "p99": 1210701.849675615, "max": 1210701.849675615}, "Output Tokens per Minute": {"unit": "tokens/min", "min": 60514.757565246684, "p50": 60514.757565246684, "p90": 60514.757565246684, "p95": 60514.757565246684, "p99": 60514.757565246684, "max": 60514.757565246684}}
{"target_qps": 5.0, "actual_qps": 4.9999024679029365, "success_rate": 100.0, "input_tokens": 4056, "output_tokens": 198, "model": "QwQ-32B", "input_tokens_per_minute": 1240189.9315402026,