{"actual_qps": 2.399275459878746, "success_rate": 100.0, "input_tokens": 4086, "output_tokens": 197, "model": "QwQ-32B", "input_tokens_per_minute": 506628.00701367116, "output_tokens_per_minute": 24542.588558343006, "slo_seconds": 5.0, "slo_attainment": 7.258064516129033, "ttft_slo_ms": 1000, "ttft_slo_attainment": 33.064516129032256, "tpot_slo_ms": 50, "tpot_slo_attainment": 87.90322580645162, "Latency": {"unit": "s", "min": 2.042337912000221, "p50": 8.843828093999946, "p90": 13.969896858001087, "p95": 16.96426779430085, "p99": 17.216908178050126, "max": 22.627014745999986}, "Throughput": {"unit": "tokens/s", "min": 8.838991897300819, "p50": 22.386773236675154, "p90": 37.767404637632076, "p95": 40.89067860126317, "p99": 46.948199690004735, "max": 51.7034221615541}, "TTFT": {"unit": "s", "min": 0.15744769500088296, "p50": 1.8404058464993795, "p90": 3.9992412515006435, "p95": 5.482793419649986, "p99": 7.136065625110693, "max": 14.034504429000663}, "TPOT": {"unit": "ms", "min": 17.907895010050847, "p50": 32.77490777135377, "p90": 50.25710363668385, "p95": 57.10924200201492, "p99": 69.20597220210702, "max": 72.817512633173}, "Input Tokens per Minute": {"unit": "tokens/min", "min": 506628.00701367116, "p50": 506628.00701367116, "p90": 506628.00701367116, "p95": 506628.00701367116, "p99": 506628.00701367116, "max": 506628.00701367116}, "Output Tokens per Minute": {"unit": "tokens/min", "min": 24542.588558343006, "p50": 24542.588558343006, "p90": 24542.588558343006, "p95": 24542.588558343006, "p99": 24542.588558343006, "max": 24542.588558343006}}
{"actual_qps": 1.8664821260234614, "success_rate": 100.0, "input_tokens": 3988, "output_tokens": 200, "model": "QwQ-32B", "input_tokens_per_minute": 482426.3155102526, "output_tokens_per_minute": 24192.69422044402, "slo_seconds": 5.0, "slo_attainment": 23.96694214876033, "ttft_slo_ms": 1000, "ttft_slo_attainment": 88.42975206611571, "tpot_slo_ms": 50, "tpot_slo_attainment": 99.17355371900827, "Latency": {"unit": "s", "min": 4.01765650499874, "p50": 5.947656077998545, "p90": 8.570228145999863, "p95": 9.159911617000034, "p99": 10.174018225399413, "max": 10.511437786999522}, "Throughput": {"unit": "tokens/s", "min": 19.026892805031743, "p50": 33.626692158585996, "p90": 43.38206938273354, "p95": 46.015381128915955, "p99": 49.405455609184585, "max": 49.780263631587566}, "TTFT": {"unit": "s", "min": 0.09329533999880368, "p50": 0.5794949800001632, "p90": 1.147885103999215, "p95": 1.5511248699986027, "p99": 2.4997142913991395, "max": 2.918958405000012}, "TPOT": {"unit": "ms", "min": 17.736017206027384, "p50": 27.03882721608128, "p90": 38.32622986934512, "p95": 42.91544006532124, "p99": 48.63639238995269, "max": 50.674182547733274}, "Input Tokens per Minute": {"unit": "tokens/min", "min": 482426.3155102526, "p50": 482426.3155102526, "p90": 482426.3155102526, "p95": 482426.3155102526, "p99": 482426.3155102526, "max": 482426.3155102526}, "Output Tokens per Minute": {"unit": "tokens/min", "min": 24192.69422044402, "p50": 24192.69422044402, "p90": 24192.69422044402, "p95": 24192.69422044402, "p99": 24192.69422044402, "max": 24192.69422044402}}
{"actual_qps": 1.8520529477123548, "success_rate": 100.0, "input_tokens": 4166, "output_tokens": 200, "model": "QwQ-32B", "input_tokens_per_minute": 442489.5400945988, "output_tokens_per_minute": 21241.24442686028, "slo_seconds": 5.0, "slo_attainment": 23.14814814814815, "ttft_slo_ms": 1000, "ttft_slo_attainment": 93.51851851851852, "tpot_slo_ms": 50, "tpot_slo_attainment": 100.0, "Latency": {"unit": "s", "min": 4.06353838799987, "p50": 5.879383102000247, "p90": 8.061616935300117, "p95": 9.04929603279961, "p99": 10.173347457090038, "max": 10.247340459998668}, "Throughput": {"unit": "tokens/s", "min": 19.517259212838333, "p50": 34.01717709541168, "p90": 44.33223424387819, "p95": 47.284964427031476, "p99": 48.577713546389596, "max": 49.21818890418869}, "TTFT": {"unit": "s", "min": 0.09561369299990474, "p50": 0.5661361065003803, "p90": 0.8748549988999001, "p95": 1.0242805552498793, "p99": 1.1132537542498355, "max": 1.1502154810004868}, "TPOT": {"unit": "ms", "min": 18.455764753772527, "p50": 26.688766992461822, "p90": 37.29742060402339, "p95": 42.13900423894355, "p99": 47.75011394592253, "max": 49.93209924120021}, "Input Tokens per Minute": {"unit": "tokens/min", "min": 442489.5400945988, "p50": 442489.5400945988, "p90": 442489.5400945988, "p95": 442489.5400945988, "p99": 442489.5400945988, "max": 442489.5400945988}, "Output Tokens per Minute": {"unit": "tokens/min", "min": 21241.24442686028, "p50": 21241.24442686028, "p90": 21241.24442686028, "p95": 21241.24442686028, "p99": 21241.24442686028, "max": 21241.24442686028}}
{"actual_qps": 1.8047940569601288, "success_rate": 100.0, "input_tokens": 4219, "output_tokens": 199, "model": "QwQ-32B", "input_tokens_per_minute": 502064.34697532206, "output_tokens_per_minute": 23690.87127256903, "slo_seconds": 5.0, "slo_attainment": 22.31404958677686, "ttft_slo_ms": 1000, "ttft_slo_attainment": 90.08264462809917, "tpot_slo_ms": 50, "tpot_slo_attainment": 97.52066115702479, "Latency": {"unit": "s", "min": 2.418416161001005, "p50": 5.975923892001447, "p90": 8.676136600999598, "p95": 9.759333465999589, "p99": 10.655333760201028, "max": 10.89268659300069}, "Throughput": {"unit": "tokens/s", "min": 18.36094321565388, "p50": 33.4676283725254, "p90": 43.0293325689077, "p95": 49.2162528773056, "p99": 54.46984311530252, "max": 55.48328931100073}, "TTFT": {"unit": "s", "min": 0.06901879799988819, "p50": 0.5220985930009192, "p90": 0.9905744129991945, "p95": 1.1801717320013267, "p99": 1.7729581566007246, "max": 1.933572224999807}, "TPOT": {"unit": "ms", "min": 17.48525228141266, "p50": 27.476103301505553, "p90": 40.38928517587206, "p95": 45.13599506532759, "p99": 51.63774696080673, "max": 52.137610874364434}, "Input Tokens per Minute": {"unit": "tokens/min", "min": 502064.34697532206, "p50": 502064.34697532206, "p90": 502064.34697532206, "p95": 502064.34697532206, "p99": 502064.34697532206, "max": 502064.34697532206}, "Output Tokens per Minute": {"unit": "tokens/min", "min": 23690.87127256903, "p50": 23690.87127256903, "p90": 23690.87127256903, "p95": 23690.87127256903, "p99": 23690.87127256903, "max": 23690.87127256903}}
{"actual_qps": 2.1499962358940556, "success_rate": 100.0, "input_tokens": 3957, "output_tokens": 199, "model": "QwQ-32B", "input_tokens_per_minute": 474853.91950813576, "output_tokens_per_minute": 23907.217280620385, "slo_seconds": 5.0, "slo_attainment": 22.950819672131146, "ttft_slo_ms": 1000, "ttft_slo_attainment": 95.90163934426229, "tpot_slo_ms": 50, "tpot_slo_attainment": 100.0, "Latency": {"unit": "s", "min": 2.772840539999379, "p50": 6.061254160000317, "p90": 8.10332270059971, "p95": 8.681034215100317, "p99": 9.4966900585394, "max": 9.692205049999757}, "Throughput": {"unit": "tokens/s", "min": 20.635139162682595, "p50": 32.99647147881283, "p90": 43.96725335140019, "p95": 47.920958769937876, "p99": 49.95426306764349, "max": 52.562083739385834}, "TTFT": {"unit": "s", "min": 0.07722275299965986, "p50": 0.48972595400027785, "p90": 0.8205672938996941, "p95": 0.9377835512490492, "p99": 1.3742225849901832, "max": 1.4830020120007248}, "TPOT": {"unit": "ms", "min": 17.887695170859264, "p50": 28.400259570350762, "p90": 37.34140772613139, "p95": 39.42278762486916, "p99": 42.65162102642986, "max": 45.78658872362129}, "Input Tokens per Minute": {"unit": "tokens/min", "min": 474853.91950813576, "p50": 474853.91950813576, "p90": 474853.91950813576, "p95": 474853.91950813576, "p99": 474853.91950813576, "max": 474853.91950813576}, "Output Tokens per Minute": {"unit": "tokens/min", "min": 23907.217280620385, "p50": 23907.217280620385, "p90": 23907.217280620385, "p95": 23907.217280620385, "p99": 23907.217280620385, "max": 23907.217280620385}}
{"actual_qps": 1.899986755983975, "success_rate": 100.0, "input_tokens": 3966, "output_tokens": 200, "model": "QwQ-32B", "input_tokens_per_minute": 448616.06568623486, "output_tokens_per_minute": 22617.99175082345,