{"target_qps": 5.0, "actual_qps": 4.989355793418794, "success_rate": 95.2054794520548, "input_tokens": 3960, "output_tokens": 198, "model": "QwQ-32B", "input_tokens_per_minute": 1188181.2949640288, "output_tokens_per_minute": 59650.359712230216, "slo_seconds": 5.0, "slo_attainment": 0.0, "ttft_slo_ms": 1000, "ttft_slo_attainment": 0.0, "tpot_slo_ms": 50, "tpot_slo_attainment": 74.65753424657534, "Latency": {"unit": "s", "min": 11.549514259000716, "p50": 18.903969339999094, "p90": 28.401914809998924, "p95": 33.41683772119959, "p99": 36.8489191558596, "max": 38.91229325399945}, "Throughput": {"unit": "tokens/s", "min": 2.4710762561233737, "p50": 10.572753842334638, "p90": 14.420511143647927, "p95": 14.427224819029068, "p99": 16.298418012755906, "max": 17.316745580372515}, "TTFT": {"unit": "s", "min": 1.848838459000035, "p50": 10.876735842000926, "p90": 18.212246419000074, "p95": 23.705301078699435, "p99": 31.490060529180155, "max": 35.339517735999834}, "TPOT": {"unit": "ms", "min": 17.953645819093552, "p50": 39.142513015078535, "p90": 56.395808301508325, "p95": 59.29399584573222, "p99": 64.69372892613298, "max": 102.96440172975497}, "Input Tokens per Minute": {"unit": "tokens/min", "min": 1188181.2949640288, "p50": 1188181.2949640288, "p90": 1188181.2949640288, "p95": 1188181.2949640288, "p99": 1188181.2949640288, "max": 1188181.2949640288}, "Output Tokens per Minute": {"unit": "tokens/min", "min": 59650.359712230216, "p50": 59650.359712230216, "p90": 59650.359712230216, "p95": 59650.359712230216, "p99": 59650.359712230216, "max": 59650.359712230216}, "exceptions": {"Request timed out.": 7}}
{"target_qps": 5.0, "actual_qps": 4.998897135898827, "success_rate": 99.75786924939467, "input_tokens": 3938, "output_tokens": 198, "model": "QwQ-32B", "input_tokens_per_minute": 1619113.8102031893, "output_tokens_per_minute": 81537.05024720862, "slo_seconds": 5.0, "slo_attainment": 0.9685230024213075, "ttft_slo_ms": 1000, "ttft_slo_attainment": 2.4213075060532687, "tpot_slo_ms": 50, "tpot_slo_attainment": 73.8498789346247, "Latency": {"unit": "s", "min": 4.543286654999974, "p50": 16.753506905501126, "p90": 36.5812856337001, "p95": 45.1445479730002, "p99": 51.01524696754008, "max": 60.02079150700047}, "Throughput": {"unit": "tokens/s", "min": 3.108237943523967, "p50": 11.813197651515175, "p90": 22.98576583709911, "p95": 29.91978362858839, "p99": 39.64149122977629, "max": 44.0209951929615}, "TTFT": {"unit": "s", "min": 0.20460414400076843, "p50": 8.450794852499712, "p90": 27.582087052399583, "p95": 35.27190853595019, "p99": 42.686764096249355, "max": 49.13818244899994}, "TPOT": {"unit": "ms", "min": 7.113481020103645, "p50": 36.367975746228026, "p90": 57.553724688445826, "p95": 61.02588650828967, "p99": 68.85647877150892, "max": 84.88836438345629}, "Input Tokens per Minute": {"unit": "tokens/min", "min": 1619113.8102031893, "p50": 1619113.8102031893, "p90": 1619113.8102031893, "p95": 1619113.8102031893, "p99": 1619113.8102031893, "max": 1619113.8102031893}, "Output Tokens per Minute": {"unit": "tokens/min", "min": 81537.05024720862, "p50": 81537.05024720862, "p90": 81537.05024720862, "p95": 81537.05024720862, "p99": 81537.05024720862, "max": 81537.05024720862}, "exceptions": {"Request timed out.": 1}}
{"target_qps": 5.0, "actual_qps": 4.999942347664805, "success_rate": 100.0, "input_tokens": 4003, "output_tokens": 199, "model": "QwQ-32B", "input_tokens_per_minute": 1262330.9646427634, "output_tokens_per_minute": 63031.52960941831, "slo_seconds": 5.0, "slo_attainment": 27.21518987341772, "ttft_slo_ms": 1000, "ttft_slo_attainment": 70.25316455696202, "tpot_slo_ms": 50, "tpot_slo_attainment": 100.0, "Latency": {"unit": "s", "min": 3.804548533000343, "p50": 5.385568708499704, "p90": 6.540204935499787, "p95": 7.2858539659996495, "p99": 10.171038631899417, "max": 11.281607396000254}, "Throughput": {"unit": "tokens/s", "min": 17.727970224429843, "p50": 37.09607682252436, "p90": 43.285221553675385, "p95": 44.76872370319751, "p99": 51.51766746624595, "max": 52.568655193964894}, "TTFT": {"unit": "s", "min": 0.08469831500042346, "p50": 0.8752496830011296, "p90": 1.508306407999953, "p95": 2.1753030410004612, "p99": 4.727964588550743, "max": 6.1017981309996685}, "TPOT": {"unit": "ms", "min": 17.57024063316287, "p50": 23.13883701758664, "p90": 26.55703366331204, "p95": 28.052212948492596, "p99": 31.396373365325747, "max": 33.6011339045239}, "Input Tokens per Minute": {"unit": "tokens/min", "min": 1262330.9646427634, "p50": 1262330.9646427634, "p90": 1262330.9646427634, "p95": 1262330.9646427634, "p99": 1262330.9646427634, "max": 1262330.9646427634}, "Output Tokens per Minute": {"unit": "tokens/min", "min": 63031.52960941831, "p50": 63031.52960941831, "p90": 63031.52960941831, "p95": 63031.52960941831, "p99": 63031.52960941831, "max": 63031.52960941831}}
{"target_qps": 5.0, "actual_qps": 4.999884751573234, "success_rate": 100.0, "input_tokens": 3945, "output_tokens": 199, "model": "QwQ-32B", "input_tokens_per_minute": 1185151.6177455266, "output_tokens_per_minute": 59928.15030591182, "slo_seconds": 5.0, "slo_attainment": 51.49501661129568, "ttft_slo_ms": 1000, "ttft_slo_attainment": 99.66777408637874, "tpot_slo_ms": 50, "tpot_slo_attainment": 100.0, "Latency": {"unit": "s", "min": 2.3779762180001853, "p50": 4.981113685998935, "p90": 6.020161522999842, "p95": 6.236569882001277, "p99": 6.39058537299934, "max": 6.51773861699985}, "Throughput": {"unit": "tokens/s", "min": 23.549436523420958, "p50": 40.13750765744124, "p90": 47.60137103124864, "p95": 49.60365282567961, "p99": 51.7912384631489, "max": 53.37476409196856}, "TTFT": {"unit": "s", "min": 0.04409166400000686, "p50": 0.47888768699885986, "p90": 0.8227566549994663, "p95": 0.9105436299996654, "p99": 0.972704617999625, "max": 1.0709900279998692}, "TPOT": {"unit": "ms", "min": 17.97716215577881, "p50": 22.685453859292778, "p90": 26.542494989951766, "p95": 27.522859945450115, "p99": 27.9752109346744, "max": 28.252933809043633}, "Input Tokens per Minute": {"unit": "tokens/min", "min": 1185151.6177455266, "p50": 1185151.6177455266, "p90": 1185151.6177455266, "p95": 1185151.6177455266, "p99": 1185151.6177455266, "max": 1185151.6177455266}, "Output Tokens per Minute": {"unit": "tokens/min", "min": 59928.15030591182, "p50": 59928.15030591182, "p90": 59928.15030591182, "p95": 59928.15030591182, "p99": 59928.15030591182, "max": 59928.15030591182}}
{"target_qps": 5.0, "actual_qps": 4.999954898906838, "success_rate": 100.0, "input_tokens": 3796, "output_tokens": 199, "model": "QwQ-32B", "input_tokens_per_minute": 1138870.2341137123, "output_tokens_per_minute": 59936.78929765886, "slo_seconds": 5.0, "slo_attainment": 58.19397993311036, "ttft_slo_ms": 1000, "ttft_slo_attainment": 99.66555183946488, "tpot_slo_ms": 50, "tpot_slo_attainment": 100.0, "Latency": {"unit": "s", "min": 3.238823183999557, "p50": 4.855653865999557, "p90": 5.707811188200867, "p95": 5.983823165698776, "p99": 6.302213527238926, "max": 6.464715534999414}, "Throughput": {"unit": "tokens/s", "min": 30.93716945737476, "p50": 41.18909739436898, "p90": 47.982202620335165, "p95": 51.739162457026154, "p99": 53.753188955802756, "max": 54.78836899995947}, "TTFT": {"unit": "s", "min": 0.03041889300038747, "p50": 0.40228430000024673, "p90": 0.818564393199631, "p95": 0.8828542396993723, "p99": 0.9581638722409113, "max": 1.0035520820001693}, "TPOT": {"unit": "ms", "min": 17.989566839198012, "p50": 22.179296839197345, "p90": 25.414580651254735, "p95": 26.421165527633217, "p99": 27.812504521003092, "max": 28.403775658294013}, "Input Tokens per Minute": {"unit": "tokens/min", "min": 1138870.2341137123, "p50": 1138870.2341137123, "p90": 1138870.2341137123, "p95": 1138870.2341137123, "p99": 1138870.2341137123, "max": 1138870.2341137123}, "Output Tokens per Minute": {"unit": "tokens/min", "min": 59936.78929765886, "p50": 59936.78929765886, "p90": 59936.78929765886, "p95": 59936.78929765886, "p99": 59936.78929765886, "max": 59936.78929765886}}
{"target_qps": 5.0,