{"actual_qps": 5.303607798346018, "success_rate": 100.0, "input_tokens": 3864, "output_tokens": 199, "model": "QwQ-32B", "input_tokens_per_minute": 1144851.0774785783, "output_tokens_per_minute": 59023.668304765306, "slo_seconds": 5.0, "slo_attainment": 26.936026936026934, "ttft_slo_ms": 1000, "ttft_slo_attainment": 49.831649831649834, "tpot_slo_ms": 50, "tpot_slo_attainment": 100.0, "Latency": {"unit": "s", "min": 4.049551004000023, "p50": 5.442333237999264, "p90": 7.9561439053995855, "p95": 8.182065817800321, "p99": 8.562581573599674, "max": 13.400741985999048}, "Throughput": {"unit": "tokens/s", "min": 10.933054733118965, "p50": 36.43924108407615, "p90": 44.04756098893813, "p95": 46.14012612201665, "p99": 48.12290742897271, "max": 49.38819138280913}, "TTFT": {"unit": "s", "min": 0.21436173999973107, "p50": 1.0025388829999429, "p90": 2.6046820079998727, "p95": 3.0478643758000543, "p99": 3.551772497759814, "max": 8.295079035000526}, "TPOT": {"unit": "ms", "min": 17.415784060299917, "p50": 22.72256403015508, "p90": 27.329292004015336, "p95": 29.30316203316794, "p99": 32.30522118492621, "max": 36.285915909088956}, "Input Tokens per Minute": {"unit": "tokens/min", "min": 1144851.0774785783, "p50": 1144851.0774785783, "p90": 1144851.0774785783, "p95": 1144851.0774785783, "p99": 1144851.0774785783, "max": 1144851.0774785783}, "Output Tokens per Minute": {"unit": "tokens/min", "min": 59023.668304765306, "p50": 59023.668304765306, "p90": 59023.668304765306, "p95": 59023.668304765306, "p99": 59023.668304765306, "max": 59023.668304765306}}
{"actual_qps": 5.127660832153537, "success_rate": 100.0, "input_tokens": 4012, "output_tokens": 199, "model": "QwQ-32B", "input_tokens_per_minute": 1187032.5132957317, "output_tokens_per_minute": 58888.80922335154, "slo_seconds": 5.0, "slo_attainment": 55.48172757475083, "ttft_slo_ms": 1000, "ttft_slo_attainment": 81.72757475083057, "tpot_slo_ms": 50, "tpot_slo_attainment": 100.0, "Latency": {"unit": "s", "min": 2.4032283739998093, "p50": 4.931319765999433, "p90": 5.653131260000009, "p95": 5.824236128999473, "p99": 6.159310140999878, "max": 6.696311386000161}, "Throughput": {"unit": "tokens/s", "min": 22.88588158954733, "p50": 40.348289021190745, "p90": 46.45224786887429, "p95": 48.119717908493726, "p99": 50.721210895501855, "max": 53.21646905904522}, "TTFT": {"unit": "s", "min": 0.20474566699886054, "p50": 0.6847692819992517, "p90": 1.119866944000023, "p95": 1.320594136001091, "p99": 1.5551919650006312, "max": 1.9624806920000992}, "TPOT": {"unit": "ms", "min": 15.717760899504391, "p50": 20.881739829148238, "p90": 24.15118028140532, "p95": 24.98017417085395, "p99": 26.218207733675733, "max": 27.18799098492031}, "Input Tokens per Minute": {"unit": "tokens/min", "min": 1187032.5132957317, "p50": 1187032.5132957317, "p90": 1187032.5132957317, "p95": 1187032.5132957317, "p99": 1187032.5132957317, "max": 1187032.5132957317}, "Output Tokens per Minute": {"unit": "tokens/min", "min": 58888.80922335154, "p50": 58888.80922335154, "p90": 58888.80922335154, "p95": 58888.80922335154, "p99": 58888.80922335154, "max": 58888.80922335154}}
{"actual_qps": 5.137042347352861, "success_rate": 100.0, "input_tokens": 4001, "output_tokens": 199, "model": "QwQ-32B", "input_tokens_per_minute": 1227316.268672885, "output_tokens_per_minute": 61100.420125398596, "slo_seconds": 5.0, "slo_attainment": 53.84615384615385, "ttft_slo_ms": 1000, "ttft_slo_attainment": 81.08974358974359, "tpot_slo_ms": 50, "tpot_slo_attainment": 100.0, "Latency": {"unit": "s", "min": 2.5934523430005356, "p50": 4.930839853998805, "p90": 6.1248516622004905, "p95": 6.645703190950279, "p99": 8.265522197459683, "max": 9.959586457000114}, "Throughput": {"unit": "tokens/s", "min": 20.081155062360008, "p50": 40.507433231605646, "p90": 46.88556094122166, "p95": 47.76381537930558, "p99": 51.65570660315469, "max": 54.31099610327439}, "TTFT": {"unit": "s", "min": 0.15336150599978282, "p50": 0.7096498440005234, "p90": 1.285754838499998, "p95": 1.9207470433001614, "p99": 3.108216438570269, "max": 4.726759017999939}, "TPOT": {"unit": "ms", "min": 17.41150751256635, "p50": 21.150223663316318, "p90": 24.356266153265658, "p95": 26.315569250503234, "p99": 27.417713800347684, "max": 28.678329532660207}, "Input Tokens per Minute": {"unit": "tokens/min", "min": 1227316.268672885, "p50": 1227316.268672885, "p90": 1227316.268672885, "p95": 1227316.268672885, "p99": 1227316.268672885, "max": 1227316.268672885}, "Output Tokens per Minute": {"unit": "tokens/min", "min": 61100.420125398596, "p50": 61100.420125398596, "p90": 61100.420125398596, "p95": 61100.420125398596, "p99": 61100.420125398596, "max": 61100.420125398596}}
{"actual_qps": 5.083808804018821, "success_rate": 100.0, "input_tokens": 4099, "output_tokens": 199, "model": "QwQ-32B", "input_tokens_per_minute": 1293588.9094945374, "output_tokens_per_minute": 62958.17328311812, "slo_seconds": 5.0, "slo_attainment": 61.6822429906542, "ttft_slo_ms": 1000, "ttft_slo_attainment": 85.98130841121495, "tpot_slo_ms": 50, "tpot_slo_attainment": 100.0, "Latency": {"unit": "s", "min": 1.4342903420001676, "p50": 4.822754986000291, "p90": 5.606518861999575, "p95": 5.725880808999136, "p99": 6.002150285999233, "max": 6.563874853998641}, "Throughput": {"unit": "tokens/s", "min": 30.469807004038504, "p50": 41.421369652138125, "p90": 48.881444607682184, "p95": 51.05469630194495, "p99": 53.04891505190645, "max": 55.00777757856368}, "TTFT": {"unit": "s", "min": 0.054803016000732896, "p50": 0.5326578869990044, "p90": 1.0820457869995153, "p95": 1.2662002289998782, "p99": 1.6299187524000447, "max": 1.9835023449995788}, "TPOT": {"unit": "ms", "min": 17.428088964828675, "p50": 21.09018186431844, "p90": 24.60812419597108, "p95": 25.363619532666476, "p99": 27.15111681809047, "max": 27.53728266331413}, "Input Tokens per Minute": {"unit": "tokens/min", "min": 1293588.9094945374, "p50": 1293588.9094945374, "p90": 1293588.9094945374, "p95": 1293588.9094945374, "p99": 1293588.9094945374, "max": 1293588.9094945374}, "Output Tokens per Minute": {"unit": "tokens/min", "min": 62958.17328311812, "p50": 62958.17328311812, "p90": 62958.17328311812, "p95": 62958.17328311812, "p99": 62958.17328311812, "max": 62958.17328311812}}
{"actual_qps": 5.033319704110325, "success_rate": 100.0, "input_tokens": 3950, "output_tokens": 200, "model": "QwQ-32B", "input_tokens_per_minute": 1184204.6001556476, "output_tokens_per_minute": 59959.22889994232, "slo_seconds": 5.0, "slo_attainment": 87.54098360655738, "ttft_slo_ms": 1000, "ttft_slo_attainment": 100.0, "tpot_slo_ms": 50, "tpot_slo_attainment": 100.0, "Latency": {"unit": "s", "min": 3.526888369000517, "p50": 4.502165087000321, "p90": 5.067942395199862, "p95": 5.269055635000405, "p99": 5.5639127476789145, "max": 5.689015300000392}, "Throughput": {"unit": "tokens/s", "min": 35.15546882076169, "p50": 44.423071152474094, "p90": 50.68339065622796, "p95": 53.32570289278492, "p99": 55.167418312879185, "max": 56.7072101736744}, "TTFT": {"unit": "s", "min": 0.041763655999602634, "p50": 0.32124211200061836, "p90": 0.4980000091996772, "p95": 0.5050645708000957, "p99": 0.5410679265600625, "max": 0.5650955339988286}, "TPOT": {"unit": "ms", "min": 17.34157902512434, "p50": 20.818844969850105, "p90": 23.39316944724204, "p95": 24.687775775882574, "p99": 26.008784778095272, "max": 26.485770376875642}, "Input Tokens per Minute": {"unit": "tokens/min", "min": 1184204.6001556476, "p50": 1184204.6001556476, "p90": 1184204.6001556476, "p95": 1184204.6001556476, "p99": 1184204.6001556476, "max": 1184204.6001556476}, "Output Tokens per Minute": {"unit": "tokens/min", "min": 59959.22889994232, "p50": 59959.22889994232, "p90": 59959.22889994232, "p95": 59959.22889994232, "p99": 59959.22889994232, "max": 59959.22889994232}}
{"actual_qps": 5.316636595149857, "success_rate": 100.0, "input_tokens": 3998, "output_tokens": 199, "model": "QwQ-32B", "input_tokens_per_minute": 1233996.3165352456, "output_tokens_per_minute": 61527.99823312769, "slo_seconds": 5.0,