{"target_qps": 2.0, "actual_qps": 1.9995741642873754, "success_rate": 100.0, "input_tokens": 3907, "output_tokens": 200, "model": "QwQ-32B", "input_tokens_per_minute": 468948.8888888889, "output_tokens_per_minute": 24000.0, "slo_seconds": 5.0, "slo_attainment": 4.62962962962963, "ttft_slo_ms": 1000, "ttft_slo_attainment": 68.51851851851852, "tpot_slo_ms": 50, "tpot_slo_attainment": 91.66666666666666, "Latency": {"unit": "s", "min": 4.166334052999446, "p50": 7.675688920000539, "p90": 14.304518314399683, "p95": 14.487029376749069, "p99": 14.52719796568017, "max": 19.897294475000308}, "Throughput": {"unit": "tokens/s", "min": 10.0516178343386, "p50": 26.056478633978507, "p90": 35.28093608541031, "p95": 39.44611276277161, "p99": 41.93042078363983, "max": 48.00383201534575}, "TTFT": {"unit": "s", "min": 0.10764787500011153, "p50": 0.7137914989998535, "p90": 3.3820203273990033, "p95": 4.959173703149372, "p99": 6.45364711742959, "max": 9.31201924099878}, "TPOT": {"unit": "ms", "min": 18.86303439195715, "p50": 34.09409155025041, "p90": 47.710588534173255, "p95": 53.822930404271446, "p99": 59.84189169084949, "max": 62.64384069849503}, "Input Tokens per Minute": {"unit": "tokens/min", "min": 468948.8888888889, "p50": 468948.8888888889, "p90": 468948.8888888889, "p95": 468948.8888888889, "p99": 468948.8888888889, "max": 468948.8888888889}, "Output Tokens per Minute": {"unit": "tokens/min", "min": 24000.0, "p50": 24000.0, "p90": 24000.0, "p95": 24000.0, "p99": 24000.0, "max": 24000.0}}
{"target_qps": 2.0, "actual_qps": 1.9983609221897791, "success_rate": 100.0, "input_tokens": 3648, "output_tokens": 199, "model": "QwQ-32B", "input_tokens_per_minute": 437843.7931034483, "output_tokens_per_minute": 23991.724137931033, "slo_seconds": 5.0, "slo_attainment": 1.7241379310344827, "ttft_slo_ms": 1000, "ttft_slo_attainment": 95.6896551724138, "tpot_slo_ms": 50, "tpot_slo_attainment": 100.0, "Latency": {"unit": "s", "min": 4.3624474620010005, "p50": 6.607674748500358, "p90": 7.928237001499838, "p95": 8.240076522249183, "p99": 9.1952536056001, "max": 9.724201601999084}, "Throughput": {"unit": "tokens/s", "min": 20.567241217920078, "p50": 30.267834044841536, "p90": 35.56603076080564, "p95": 38.48463939454816, "p99": 43.03490923419163, "max": 45.84582433189063}, "TTFT": {"unit": "s", "min": 0.05314770699988003, "p50": 0.4767009215001963, "p90": 0.8475689829992916, "p95": 0.9572930304998408, "p99": 1.2011383316505087, "max": 1.3993185720009933}, "TPOT": {"unit": "ms", "min": 20.275445472367238, "p50": 31.25419771356919, "p90": 37.30405001507146, "p95": 38.522329457290695, "p99": 42.975427360299776, "max": 46.02763835678321}, "Input Tokens per Minute": {"unit": "tokens/min", "min": 437843.7931034483, "p50": 437843.7931034483, "p90": 437843.7931034483, "p95": 437843.7931034483, "p99": 437843.7931034483, "max": 437843.7931034483}, "Output Tokens per Minute": {"unit": "tokens/min", "min": 23991.724137931033, "p50": 23991.724137931033, "p90": 23991.724137931033, "p95": 23991.724137931033, "p99": 23991.724137931033, "max": 23991.724137931033}}
{"target_qps": 2.0, "actual_qps": 1.998409639296631, "success_rate": 100.0, "input_tokens": 3982, "output_tokens": 200, "model": "QwQ-32B", "input_tokens_per_minute": 485430.8442332691, "output_tokens_per_minute": 24380.003250715305, "slo_seconds": 5.0, "slo_attainment": 0.819672131147541, "ttft_slo_ms": 1000, "ttft_slo_attainment": 92.62295081967213, "tpot_slo_ms": 50, "tpot_slo_attainment": 100.0, "Latency": {"unit": "s", "min": 4.624996184000338, "p50": 6.842444445999718, "p90": 7.9959780565013725, "p95": 8.425065968898798, "p99": 8.824366861859179, "max": 9.065367631001209}, "Throughput": {"unit": "tokens/s", "min": 22.061984482135266, "p50": 29.22935428226033, "p90": 36.1819925321334, "p95": 37.76527747471993, "p99": 39.788278585404186, "max": 43.24327892245141}, "TTFT": {"unit": "s", "min": 0.059452528001202154, "p50": 0.491921631999503, "p90": 0.8576134907998494, "p95": 1.065607579600328, "p99": 1.6721635982798746, "max": 2.042620193999028}, "TPOT": {"unit": "ms", "min": 21.958053683421216, "p50": 31.775504721105364, "p90": 37.53213650151288, "p95": 39.1815158783901, "p99": 41.09239476361507, "max": 42.70328934171402}, "Input Tokens per Minute": {"unit": "tokens/min", "min": 485430.8442332691, "p50": 485430.8442332691, "p90": 485430.8442332691, "p95": 485430.8442332691, "p99": 485430.8442332691, "max": 485430.8442332691}, "Output Tokens per Minute": {"unit": "tokens/min", "min": 24380.003250715305, "p50": 24380.003250715305, "p90": 24380.003250715305, "p95": 24380.003250715305, "p99": 24380.003250715305, "max": 24380.003250715305}}
{"target_qps": 2.0, "actual_qps": 1.9999781133395573, "success_rate": 100.0, "input_tokens": 3655, "output_tokens": 198, "model": "QwQ-32B", "input_tokens_per_minute": 438697.0, "output_tokens_per_minute": 23844.0, "slo_seconds": 5.0, "slo_attainment": 5.833333333333333, "ttft_slo_ms": 1000, "ttft_slo_attainment": 94.16666666666667, "tpot_slo_ms": 50, "tpot_slo_attainment": 100.0, "Latency": {"unit": "s", "min": 1.414618856000743, "p50": 6.5058812385004785, "p90": 8.28906644240051, "p95": 9.076864494050369, "p99": 9.849136030510547, "max": 10.034642034001081}, "Throughput": {"unit": "tokens/s", "min": 19.930955117514504, "p50": 30.741415830044886, "p90": 38.29514535283105, "p95": 39.993536625611654, "p99": 41.7262184264623, "max": 44.782611056860915}, "TTFT": {"unit": "s", "min": 0.043644061999657424, "p50": 0.40620680400115816, "p90": 0.9184371633004049, "p95": 1.0303845307503252, "p99": 1.2723518164902272, "max": 1.3870565749984962}, "TPOT": {"unit": "ms", "min": 21.388742547745796, "p50": 30.670702404521897, "p90": 39.69583132160798, "p95": 41.94377301181012, "p99": 45.914769701409014, "max": 47.68684767839833}, "Input Tokens per Minute": {"unit": "tokens/min", "min": 438697.0, "p50": 438697.0, "p90": 438697.0, "p95": 438697.0, "p99": 438697.0, "max": 438697.0}, "Output Tokens per Minute": {"unit": "tokens/min", "min": 23844.0, "p50": 23844.0, "p90": 23844.0, "p95": 23844.0, "p99": 23844.0, "max": 23844.0}}
{"target_qps": 2.0, "actual_qps": 1.999978337801297, "success_rate": 100.0, "input_tokens": 3849, "output_tokens": 198, "model": "QwQ-32B", "input_tokens_per_minute": 465398.2751687777, "output_tokens_per_minute": 24047.27615717071, "slo_seconds": 5.0, "slo_attainment": 4.958677685950414, "ttft_slo_ms": 1000, "ttft_slo_attainment": 97.52066115702479, "tpot_slo_ms": 50, "tpot_slo_attainment": 100.0, "Latency": {"unit": "s", "min": 2.9439710460010247, "p50": 6.680145735001133, "p90": 7.641772958000729, "p95": 8.177912721999746, "p99": 9.043783307201009, "max": 9.469620353998835}, "Throughput": {"unit": "tokens/s", "min": 21.120170875228798, "p50": 29.881645598362486, "p90": 36.382972908243254, "p95": 39.10959169130112, "p99": 42.30254307604971, "max": 44.47659099767565}, "TTFT": {"unit": "s", "min": 0.050881139000921394, "p50": 0.41602407500067784, "p90": 0.6666075240009377, "p95": 0.8010597920001601, "p99": 1.0048378782001237, "max": 1.1026874160015723}, "TPOT": {"unit": "ms", "min": 21.46893830150708, "p50": 31.716244195981126, "p90": 36.7977074371842, "p95": 38.93712088442291, "p99": 42.731074233166154, "max": 45.1731798391884}, "Input Tokens per Minute": {"unit": "tokens/min", "min": 465398.2751687777, "p50": 465398.2751687777, "p90": 465398.2751687777, "p95": 465398.2751687777, "p99": 465398.2751687777, "max": 465398.2751687777}, "Output Tokens per Minute": {"unit": "tokens/min", "min": 24047.27615717071, "p50": 24047.27615717071, "p90": 24047.27615717071, "p95": 24047.27615717071, "p99": 24047.27615717071, "max": 24047.27615717071}}
{"target_qps": 2.0, "actual_qps": 1.9999713309109757, "success_rate": 100.0, "input_tokens": 3599, "output_tokens": 199, "model": "QwQ-32B", "input_tokens_per_minute": 449520.2984615188, "output_tokens_per_minute": 24877.59512034056, "slo_seconds": 5.0, "slo_attainment": 28.799999999999997, "ttft_slo_ms": 1000, "ttft_slo_attainment": 93.60000000000001,