{"target_qps": 5.0, "actual_qps": 4.994732526940102, "success_rate": 100.0, "input_tokens": 3799, "output_tokens": 199, "model": "QwQ-32B", "input_tokens_per_minute": 1139991.25, "output_tokens_per_minute": 59706.25, "slo_seconds": 5.0, "slo_attainment": 0.4166666666666667, "ttft_slo_ms": 1000, "ttft_slo_attainment": 11.25, "tpot_slo_ms": 50, "tpot_slo_attainment": 72.08333333333333, "Latency": {"unit": "s", "min": 4.474677845999395, "p50": 13.714966884499518, "p90": 25.89237068520015, "p95": 27.06284643710069, "p99": 27.381687921620287, "max": 40.004450872000234}, "Throughput": {"unit": "tokens/s", "min": 4.561733851571465, "p50": 14.503990263857775, "p90": 24.98472139109199, "p95": 27.378682657111646, "p99": 31.21632963660957, "max": 35.077243577916505}, "TTFT": {"unit": "s", "min": 0.2900277039989305, "p50": 4.522132128000521, "p90": 8.898050390298886, "p95": 9.540008022400341, "p99": 10.900877665659918, "max": 17.984351651000907}, "TPOT": {"unit": "ms", "min": 19.28648045728395, "p50": 42.16939861808855, "p90": 88.48665425577482, "p95": 95.56512645552871, "p99": 105.31464809899643, "max": 149.30474256604768}, "Input Tokens per Minute": {"unit": "tokens/min", "min": 1139991.25, "p50": 1139991.25, "p90": 1139991.25, "p95": 1139991.25, "p99": 1139991.25, "max": 1139991.25}, "Output Tokens per Minute": {"unit": "tokens/min", "min": 59706.25, "p50": 59706.25, "p90": 59706.25, "p95": 59706.25, "p99": 59706.25, "max": 59706.25}}
{"target_qps": 5.0, "actual_qps": 4.9935660963569415, "success_rate": 100.0, "input_tokens": 3998, "output_tokens": 198, "model": "QwQ-32B", "input_tokens_per_minute": 1317927.930694225, "output_tokens_per_minute": 65475.63865543221, "slo_seconds": 5.0, "slo_attainment": 3.3333333333333335, "ttft_slo_ms": 1000, "ttft_slo_attainment": 70.60606060606061, "tpot_slo_ms": 50, "tpot_slo_attainment": 100.0, "Latency": {"unit": "s", "min": 2.8769282960001874, "p50": 6.838560725000207, "p90": 9.832740759100854, "p95": 11.656189491100486, "p99": 14.887471778040174, "max": 15.780799307998677}, "Throughput": {"unit": "tokens/s", "min": 12.673629269122491, "p50": 29.2132661705707, "p90": 35.70825044898843, "p95": 37.88558853540399, "p99": 42.35275718066705, "max": 43.12448688206998}, "TTFT": {"unit": "s", "min": 0.09830367999893497, "p50": 0.714857363000192, "p90": 2.1052572141992667, "p95": 4.594523242900053, "p99": 6.373878667079945, "max": 6.9520645499997045}, "TPOT": {"unit": "ms", "min": 21.37999766331924, "p50": 30.934559603018208, "p90": 39.48928622713406, "p95": 42.60816694572553, "p99": 46.23510328342028, "max": 49.320515693465836}, "Input Tokens per Minute": {"unit": "tokens/min", "min": 1317927.930694225, "p50": 1317927.930694225, "p90": 1317927.930694225, "p95": 1317927.930694225, "p99": 1317927.930694225, "max": 1317927.930694225}, "Output Tokens per Minute": {"unit": "tokens/min", "min": 65475.63865543221, "p50": 65475.63865543221, "p90": 65475.63865543221, "p95": 65475.63865543221, "p99": 65475.63865543221, "max": 65475.63865543221}}
{"target_qps": 5.0, "actual_qps": 4.998888748280874, "success_rate": 100.0, "input_tokens": 3958, "output_tokens": 199, "model": "QwQ-32B", "input_tokens_per_minute": 1187447.0989761092, "output_tokens_per_minute": 59846.41638225256, "slo_seconds": 5.0, "slo_attainment": 2.04778156996587, "ttft_slo_ms": 1000, "ttft_slo_attainment": 82.93515358361775, "tpot_slo_ms": 50, "tpot_slo_attainment": 100.0, "Latency": {"unit": "s", "min": 3.325843669999813, "p50": 6.954669852999359, "p90": 8.209299629000451, "p95": 8.617127497000547, "p99": 9.314077624919737, "max": 9.817219941000076}, "Throughput": {"unit": "tokens/s", "min": 19.54391319902407, "p50": 28.74474130569876, "p90": 34.985779701869376, "p95": 36.95943808545319, "p99": 40.92073780712049, "max": 45.28344090275885}, "TTFT": {"unit": "s", "min": 0.0825283659996785, "p50": 0.6082911869998497, "p90": 1.1705532435997157, "p95": 1.3985878046009013, "p99": 1.9256053437190694, "max": 2.640870017999987}, "TPOT": {"unit": "ms", "min": 20.036575241204048, "p50": 31.67658242712984, "p90": 37.020211284416014, "p95": 40.17189676884098, "p99": 44.20439131316774, "max": 45.00890330652953}, "Input Tokens per Minute": {"unit": "tokens/min", "min": 1187447.0989761092, "p50": 1187447.0989761092, "p90": 1187447.0989761092, "p95": 1187447.0989761092, "p99": 1187447.0989761092, "max": 1187447.0989761092}, "Output Tokens per Minute": {"unit": "tokens/min", "min": 59846.41638225256, "p50": 59846.41638225256, "p90": 59846.41638225256, "p95": 59846.41638225256, "p99": 59846.41638225256, "max": 59846.41638225256}}
{"target_qps": 5.0, "actual_qps": 4.999933716962133, "success_rate": 100.0, "input_tokens": 3939, "output_tokens": 199, "model": "QwQ-32B", "input_tokens_per_minute": 1196155.8265816837, "output_tokens_per_minute": 60653.851232789944, "slo_seconds": 5.0, "slo_attainment": 2.9605263157894735, "ttft_slo_ms": 1000, "ttft_slo_attainment": 88.48684210526315, "tpot_slo_ms": 50, "tpot_slo_attainment": 100.0, "Latency": {"unit": "s", "min": 4.396042384001703, "p50": 6.507801177000147, "p90": 8.256336168101006, "p95": 8.657299966799927, "p99": 9.378849990330195, "max": 9.950821570000699}, "Throughput": {"unit": "tokens/s", "min": 20.098842954128656, "p50": 30.71174811577265, "p90": 36.89772807242009, "p95": 38.18275112961307, "p99": 41.5941551685508, "max": 45.49546672430866}, "TTFT": {"unit": "s", "min": 0.04007302400168555, "p50": 0.461347903999922, "p90": 1.0550844410998252, "p95": 1.2726697840993437, "p99": 1.7081379139201607, "max": 2.1160781850012427}, "TPOT": {"unit": "ms", "min": 20.95544634171324, "p50": 30.545778763822895, "p90": 37.71472283467517, "p95": 40.06587841256658, "p99": 42.46762733813765, "max": 44.487274391967865}, "Input Tokens per Minute": {"unit": "tokens/min", "min": 1196155.8265816837, "p50": 1196155.8265816837, "p90": 1196155.8265816837, "p95": 1196155.8265816837, "p99": 1196155.8265816837, "max": 1196155.8265816837}, "Output Tokens per Minute": {"unit": "tokens/min", "min": 60653.851232789944, "p50": 60653.851232789944, "p90": 60653.851232789944, "p95": 60653.851232789944, "p99": 60653.851232789944, "max": 60653.851232789944}}
{"target_qps": 5.0, "actual_qps": 4.999817372837485, "success_rate": 100.0, "input_tokens": 3973, "output_tokens": 198, "model": "QwQ-32B", "input_tokens_per_minute": 1210465.3895874042, "output_tokens_per_minute": 60478.077706198186, "slo_seconds": 5.0, "slo_attainment": 6.557377049180328, "ttft_slo_ms": 1000, "ttft_slo_attainment": 99.34426229508196, "tpot_slo_ms": 50, "tpot_slo_attainment": 100.0, "Latency": {"unit": "s", "min": 2.3675677239989454, "p50": 6.193688167000801, "p90": 7.634273544600365, "p95": 7.937517845198818, "p99": 9.19250569231859, "max": 10.01635424899905}, "Throughput": {"unit": "tokens/s", "min": 19.967344906954175, "p50": 32.18343800131675, "p90": 38.160676687077654, "p95": 40.07024794995634, "p99": 43.11716405731906, "max": 45.31723821889303}, "TTFT": {"unit": "s", "min": 0.03818091099856247, "p50": 0.29435641700001725, "p90": 0.6034960706005223, "p95": 0.7441594175998034, "p99": 0.9390491467597893, "max": 1.0872596699991846}, "TPOT": {"unit": "ms", "min": 21.795823160802005, "p50": 29.646960457280308, "p90": 36.24070348039951, "p95": 38.447803582915476, "p99": 44.93005018457546, "max": 46.965094743710836}, "Input Tokens per Minute": {"unit": "tokens/min", "min": 1210465.3895874042, "p50": 1210465.3895874042, "p90": 1210465.3895874042, "p95": 1210465.3895874042, "p99": 1210465.3895874042, "max": 1210465.3895874042}, "Output Tokens per Minute": {"unit": "tokens/min", "min": 60478.077706198186, "p50": 60478.077706198186, "p90": 60478.077706198186, "p95": 60478.077706198186, "p99": 60478.077706198186, "max": 60478.077706198186}}
{"target_qps": 5.0, "actual_qps": 4.999927658046555, "success_rate": 100.0, "input_tokens": 3960, "output_tokens": 199, "model": "QwQ-32B", "input_tokens_per_minute": 1188245.0847457629, "output_tokens_per_minute": 59764.06779661017, "slo_seconds": 5.0,