{"actual_qps": 2.343535275155227, "success_rate": 100.0, "input_tokens": 4103, "output_tokens": 198, "model": "QwQ-32B", "input_tokens_per_minute": 512433.81782655715, "output_tokens_per_minute": 24784.114661659092, "slo_seconds": 5.0, "slo_attainment": 27.559055118110237, "ttft_slo_ms": 1000, "ttft_slo_attainment": 51.181102362204726, "tpot_slo_ms": 50, "tpot_slo_attainment": 94.48818897637796, "Latency": {"unit": "s", "min": 1.8267990250001276, "p50": 6.365261710000141, "p90": 10.974366018599904, "p95": 13.755526164799948, "p99": 14.995117271380058, "max": 18.20280240000011}, "Throughput": {"unit": "tokens/s", "min": 10.987319183336231, "p50": 31.40724899473379, "p90": 47.23912531863227, "p95": 48.85156896056332, "p99": 53.74757138618759, "max": 54.61855132231297}, "TTFT": {"unit": "s", "min": 0.07129433799991602, "p50": 0.8810727200002475, "p90": 3.938328080200154, "p95": 4.4407953638002216, "p99": 5.576208155779914, "max": 12.053976389000127}, "TPOT": {"unit": "ms", "min": 16.413468668340453, "p50": 28.077170251255218, "p90": 42.58416888844349, "p95": 49.42928070954802, "p99": 56.54502476612969, "max": 61.624898341709574}, "Input Tokens per Minute": {"unit": "tokens/min", "min": 512433.81782655715, "p50": 512433.81782655715, "p90": 512433.81782655715, "p95": 512433.81782655715, "p99": 512433.81782655715, "max": 512433.81782655715}, "Output Tokens per Minute": {"unit": "tokens/min", "min": 24784.114661659092, "p50": 24784.114661659092, "p90": 24784.114661659092, "p95": 24784.114661659092, "p99": 24784.114661659092, "max": 24784.114661659092}}
{"actual_qps": 1.8604268419500665, "success_rate": 100.0, "input_tokens": 3967, "output_tokens": 199, "model": "QwQ-32B", "input_tokens_per_minute": 460398.4850044846, "output_tokens_per_minute": 23166.58367104496, "slo_seconds": 5.0, "slo_attainment": 66.10169491525424, "ttft_slo_ms": 1000, "ttft_slo_attainment": 98.30508474576271, "tpot_slo_ms": 50, "tpot_slo_attainment": 100.0, "Latency": {"unit": "s", "min": 3.5622242620002, "p50": 4.601391766999768, "p90": 5.894167164999862, "p95": 5.994151531750048, "p99": 6.263103473849956, "max": 6.460936446999767}, "Throughput": {"unit": "tokens/s", "min": 30.955265020889193, "p50": 43.40450976761157, "p90": 52.65104025702329, "p95": 54.86159164938343, "p99": 55.839841817808804, "max": 56.1446964845777}, "TTFT": {"unit": "s", "min": 0.05002590499998405, "p50": 0.27856492699993396, "p90": 0.6771217661999799, "p95": 0.7474332101000755, "p99": 1.0554364614398581, "max": 1.0903892469996208}, "TPOT": {"unit": "ms", "min": 17.174992175879844, "p50": 21.02781778894587, "p90": 27.138675519598284, "p95": 27.538750547738506, "p99": 28.722637341457705, "max": 30.961095974874127}, "Input Tokens per Minute": {"unit": "tokens/min", "min": 460398.4850044846, "p50": 460398.4850044846, "p90": 460398.4850044846, "p95": 460398.4850044846, "p99": 460398.4850044846, "max": 460398.4850044846}, "Output Tokens per Minute": {"unit": "tokens/min", "min": 23166.58367104496, "p50": 23166.58367104496, "p90": 23166.58367104496, "p95": 23166.58367104496, "p99": 23166.58367104496, "max": 23166.58367104496}}
{"actual_qps": 1.8517812654520662, "success_rate": 100.0, "input_tokens": 4157, "output_tokens": 199, "model": "QwQ-32B", "input_tokens_per_minute": 453776.21323340817, "output_tokens_per_minute": 21733.684827372992, "slo_seconds": 5.0, "slo_attainment": 64.86486486486487, "ttft_slo_ms": 1000, "ttft_slo_attainment": 98.1981981981982, "tpot_slo_ms": 50, "tpot_slo_attainment": 100.0, "Latency": {"unit": "s", "min": 3.18218798900034, "p50": 4.713119532000292, "p90": 5.941243454999949, "p95": 6.104220985999973, "p99": 7.31283738250009, "max": 7.4446612699998695}, "Throughput": {"unit": "tokens/s", "min": 26.864889179840887, "p50": 42.30827955312069, "p90": 51.48981410784397, "p95": 53.01900554864466, "p99": 53.510323549732895, "max": 55.6786301825785}, "TTFT": {"unit": "s", "min": 0.0692644589998963, "p50": 0.4533638019997852, "p90": 0.7893015310000919, "p95": 0.908957887500037, "p99": 1.2554916927999349, "max": 1.290744191000158}, "TPOT": {"unit": "ms", "min": 17.446544180904365, "p50": 21.389033572864975, "p90": 26.96139528643014, "p95": 28.051806766332938, "p99": 34.54834233859248, "max": 35.1016196080414}, "Input Tokens per Minute": {"unit": "tokens/min", "min": 453776.21323340817, "p50": 453776.21323340817, "p90": 453776.21323340817, "p95": 453776.21323340817, "p99": 453776.21323340817, "max": 453776.21323340817}, "Output Tokens per Minute": {"unit": "tokens/min", "min": 21733.684827372992, "p50": 21733.684827372992, "p90": 21733.684827372992, "p95": 21733.684827372992, "p99": 21733.684827372992, "max": 21733.684827372992}}
{"actual_qps": 1.804530393429298, "success_rate": 100.0, "input_tokens": 4228, "output_tokens": 197, "model": "QwQ-32B", "input_tokens_per_minute": 490639.11487397284, "output_tokens_per_minute": 22920.463581745014, "slo_seconds": 5.0, "slo_attainment": 70.33898305084746, "ttft_slo_ms": 1000, "ttft_slo_attainment": 93.22033898305084, "tpot_slo_ms": 50, "tpot_slo_attainment": 100.0, "Latency": {"unit": "s", "min": 1.089013125999827, "p50": 4.5337939139999435, "p90": 5.965812907000282, "p95": 6.672765901450179, "p99": 7.410982498490184, "max": 7.4545712429999185}, "Throughput": {"unit": "tokens/s", "min": 26.82917547911376, "p50": 44.02861611062702, "p90": 54.220027824656626, "p95": 55.55189128811955, "p99": 57.20678901412437, "max": 58.06846155131859}, "TTFT": {"unit": "s", "min": 0.0321133480001663, "p50": 0.19314064900004269, "p90": 0.7758248951999576, "p95": 1.0797953441999653, "p99": 1.36273544151024, "max": 1.3979661240000496}, "TPOT": {"unit": "ms", "min": 17.10889291457282, "p50": 21.264963143216598, "p90": 27.544019294973666, "p95": 30.80832068994868, "p99": 34.59494488155898, "max": 34.875704276381654}, "Input Tokens per Minute": {"unit": "tokens/min", "min": 490639.11487397284, "p50": 490639.11487397284, "p90": 490639.11487397284, "p95": 490639.11487397284, "p99": 490639.11487397284, "max": 490639.11487397284}, "Output Tokens per Minute": {"unit": "tokens/min", "min": 22920.463581745014, "p50": 22920.463581745014, "p90": 22920.463581745014, "p95": 22920.463581745014, "p99": 22920.463581745014, "max": 22920.463581745014}}
{"actual_qps": 2.149973684752103, "success_rate": 100.0, "input_tokens": 4003, "output_tokens": 199, "model": "QwQ-32B", "input_tokens_per_minute": 492065.8058206123, "output_tokens_per_minute": 24575.267760376428, "slo_seconds": 5.0, "slo_attainment": 60.0, "ttft_slo_ms": 1000, "ttft_slo_attainment": 96.8, "tpot_slo_ms": 50, "tpot_slo_attainment": 100.0, "Latency": {"unit": "s", "min": 3.4811779750002643, "p50": 4.8200315809999665, "p90": 5.962742317000175, "p95": 6.26796898600005, "p99": 6.797581489439999, "max": 6.934385160999682}, "Throughput": {"unit": "tokens/s", "min": 28.841778377820507, "p50": 41.493504065072514, "p90": 54.14915811478357, "p95": 55.355712746043295, "p99": 57.16850897647215, "max": 57.45181701029946}, "TTFT": {"unit": "s", "min": 0.035676358999808144, "p50": 0.3373090980003326, "p90": 0.6244617386000755, "p95": 0.8767455467997933, "p99": 1.1045650248800851, "max": 1.1307118800000353}, "TPOT": {"unit": "ms", "min": 17.17482472361841, "p50": 22.40948189447367, "p90": 27.515286629147052, "p95": 28.629375263315882, "p99": 30.54642114693405, "max": 32.102423246231034}, "Input Tokens per Minute": {"unit": "tokens/min", "min": 492065.8058206123, "p50": 492065.8058206123, "p90": 492065.8058206123, "p95": 492065.8058206123, "p99": 492065.8058206123, "max": 492065.8058206123}, "Output Tokens per Minute": {"unit": "tokens/min", "min": 24575.267760376428, "p50": 24575.267760376428, "p90": 24575.267760376428, "p95": 24575.267760376428, "p99": 24575.267760376428, "max": 24575.267760376428}}
{"actual_qps": 1.9016430054862183, "success_rate": 100.0, "input_tokens": 3905, "output_tokens": 200, "model": "QwQ-32B", "input_tokens_per_minute": 433940.1945170029, "output_tokens_per_minute": 22221.375185424793, "slo_seconds": 5.0,