{"actual_qps": 5.270942207162692, "success_rate": 100.0, "input_tokens": 3866, "output_tokens": 199, "model": "QwQ-32B", "input_tokens_per_minute": 1146009.576547697, "output_tokens_per_minute": 59173.67915716357, "slo_seconds": 5.0, "slo_attainment": 7.6923076923076925, "ttft_slo_ms": 1000, "ttft_slo_attainment": 14.381270903010032, "tpot_slo_ms": 50, "tpot_slo_attainment": 72.24080267558529, "Latency": {"unit": "s", "min": 4.019021006999992, "p50": 11.615815295000175, "p90": 20.266063512000073, "p95": 20.857763399399893, "p99": 21.013792374860326, "max": 33.579732412999874}, "Throughput": {"unit": "tokens/s", "min": 4.690999494468992, "p50": 17.21790463438985, "p90": 37.42781297187392, "p95": 43.40093144230983, "p99": 47.97429618428924, "max": 49.76336268251817}, "TTFT": {"unit": "s", "min": 0.13257724300001428, "p50": 4.264697367000281, "p90": 9.384488760000114, "p95": 9.972551100699727, "p99": 11.801869468659671, "max": 21.10806744499996}, "TPOT": {"unit": "ms", "min": 15.64736642713664, "p50": 34.52222357789002, "p90": 60.41499171557902, "p95": 62.673325818592666, "p99": 66.2796732512555, "max": 100.23168381395556}, "Input Tokens per Minute": {"unit": "tokens/min", "min": 1146009.576547697, "p50": 1146009.576547697, "p90": 1146009.576547697, "p95": 1146009.576547697, "p99": 1146009.576547697, "max": 1146009.576547697}, "Output Tokens per Minute": {"unit": "tokens/min", "min": 59173.67915716357, "p50": 59173.67915716357, "p90": 59173.67915716357, "p95": 59173.67915716357, "p99": 59173.67915716357, "max": 59173.67915716357}}
{"actual_qps": 5.116153851543454, "success_rate": 100.0, "input_tokens": 3990, "output_tokens": 199, "model": "QwQ-32B", "input_tokens_per_minute": 1159114.8903476626, "output_tokens_per_minute": 57856.10883867093, "slo_seconds": 5.0, "slo_attainment": 36.177474402730375, "ttft_slo_ms": 1000, "ttft_slo_attainment": 78.49829351535837, "tpot_slo_ms": 50, "tpot_slo_attainment": 100.0, "Latency": {"unit": "s", "min": 2.4379536319997896, "p50": 5.219622351999988, "p90": 6.482379015399875, "p95": 6.676437282799998, "p99": 7.295180319400351, "max": 7.514702481999848}, "Throughput": {"unit": "tokens/s", "min": 26.61449345187849, "p50": 38.29743731576073, "p90": 47.28940135771147, "p95": 49.650169559751454, "p99": 52.26924498331532, "max": 53.91801411012239}, "TTFT": {"unit": "s", "min": 0.10721797399992283, "p50": 0.6770375380001497, "p90": 1.269411308599956, "p95": 1.4315900975997458, "p99": 1.9696698739200986, "max": 2.5923753359998045}, "TPOT": {"unit": "ms", "min": 16.916590261305956, "p50": 22.979946522613247, "p90": 28.15965955175794, "p95": 29.128772996985084, "p99": 32.233152263516736, "max": 34.238506150752215}, "Input Tokens per Minute": {"unit": "tokens/min", "min": 1159114.8903476626, "p50": 1159114.8903476626, "p90": 1159114.8903476626, "p95": 1159114.8903476626, "p99": 1159114.8903476626, "max": 1159114.8903476626}, "Output Tokens per Minute": {"unit": "tokens/min", "min": 57856.10883867093, "p50": 57856.10883867093, "p90": 57856.10883867093, "p95": 57856.10883867093, "p99": 57856.10883867093, "max": 57856.10883867093}}
{"actual_qps": 4.992704966886582, "success_rate": 100.0, "input_tokens": 4031, "output_tokens": 198, "model": "QwQ-32B", "input_tokens_per_minute": 1215160.7031731147, "output_tokens_per_minute": 59799.25242350583, "slo_seconds": 5.0, "slo_attainment": 45.06578947368421, "ttft_slo_ms": 1000, "ttft_slo_attainment": 79.60526315789474, "tpot_slo_ms": 50, "tpot_slo_attainment": 100.0, "Latency": {"unit": "s", "min": 1.2796580239996729, "p50": 5.130352237999887, "p90": 6.557129548599687, "p95": 7.081634655800348, "p99": 7.912309134009982, "max": 7.994898413000101}, "Throughput": {"unit": "tokens/s", "min": 22.66230465961382, "p50": 38.779727399973034, "p90": 48.15292637761302, "p95": 49.83615545505347, "p99": 53.00080282286588, "max": 54.025782610238274}, "TTFT": {"unit": "s", "min": 0.13765748700006952, "p50": 0.6843989459998738, "p90": 1.2308118878002006, "p95": 1.447658215100068, "p99": 1.8567773411501196, "max": 2.4020777720002116}, "TPOT": {"unit": "ms", "min": 16.728784221105165, "p50": 22.58646785678559, "p90": 28.55080287688486, "p95": 30.12499478743769, "p99": 32.790201852611574, "max": 34.1795655678387}, "Input Tokens per Minute": {"unit": "tokens/min", "min": 1215160.7031731147, "p50": 1215160.7031731147, "p90": 1215160.7031731147, "p95": 1215160.7031731147, "p99": 1215160.7031731147, "max": 1215160.7031731147}, "Output Tokens per Minute": {"unit": "tokens/min", "min": 59799.25242350583, "p50": 59799.25242350583, "p90": 59799.25242350583, "p95": 59799.25242350583, "p99": 59799.25242350583, "max": 59799.25242350583}}
{"actual_qps": 5.225816593669717, "success_rate": 100.0, "input_tokens": 4078, "output_tokens": 199, "model": "QwQ-32B", "input_tokens_per_minute": 1303039.619575188, "output_tokens_per_minute": 63784.54253669698, "slo_seconds": 5.0, "slo_attainment": 49.691358024691354, "ttft_slo_ms": 1000, "ttft_slo_attainment": 82.71604938271605, "tpot_slo_ms": 50, "tpot_slo_attainment": 100.0, "Latency": {"unit": "s", "min": 3.545494229999804, "p50": 5.002581722999821, "p90": 6.702179925500013, "p95": 7.245013340949958, "p99": 7.62896926268022, "max": 9.282674025000233}, "Throughput": {"unit": "tokens/s", "min": 21.54551581380075, "p50": 39.968998324090464, "p90": 48.290518445666365, "p95": 51.50687376344805, "p99": 54.79078672998167, "max": 56.40962501298756}, "TTFT": {"unit": "s", "min": 0.041024902000117436, "p50": 0.49777183850005713, "p90": 1.1603848921000917, "p95": 1.44842649469981, "p99": 1.8626635009000208, "max": 2.49455241700025}, "TPOT": {"unit": "ms", "min": 17.456629381909742, "p50": 22.56488040954843, "p90": 29.650988327135497, "p95": 31.34137325427133, "p99": 35.68109719884382, "max": 37.743601869344694}, "Input Tokens per Minute": {"unit": "tokens/min", "min": 1303039.619575188, "p50": 1303039.619575188, "p90": 1303039.619575188, "p95": 1303039.619575188, "p99": 1303039.619575188, "max": 1303039.619575188}, "Output Tokens per Minute": {"unit": "tokens/min", "min": 63784.54253669698, "p50": 63784.54253669698, "p90": 63784.54253669698, "p95": 63784.54253669698, "p99": 63784.54253669698, "max": 63784.54253669698}}
{"actual_qps": 5.065565911141728, "success_rate": 100.0, "input_tokens": 3975, "output_tokens": 199, "model": "QwQ-32B", "input_tokens_per_minute": 1219927.9433173714, "output_tokens_per_minute": 61243.18366821914, "slo_seconds": 5.0, "slo_attainment": 60.256410256410255, "ttft_slo_ms": 1000, "ttft_slo_attainment": 97.75641025641025, "tpot_slo_ms": 50, "tpot_slo_attainment": 100.0, "Latency": {"unit": "s", "min": 2.5344763399998556, "p50": 4.839980402499805, "p90": 6.257997244200169, "p95": 6.7073144970499925, "p99": 7.571425463520291, "max": 7.681467705000159}, "Throughput": {"unit": "tokens/s", "min": 26.03669086180137, "p50": 41.309926522135164, "p90": 51.813793885026556, "p95": 54.50151844416293, "p99": 55.91414935926879, "max": 56.60431276234025}, "TTFT": {"unit": "s", "min": 0.04772896199983734, "p50": 0.24782457500009514, "p90": 0.671792624400132, "p95": 0.8940247625498612, "p99": 1.2339593583899788, "max": 1.9064293660003386}, "TPOT": {"unit": "ms", "min": 17.353552994976344, "p50": 22.704696336683384, "p90": 29.03137163165909, "p95": 31.48851088115466, "p99": 32.75063393251361, "max": 35.043997814072235}, "Input Tokens per Minute": {"unit": "tokens/min", "min": 1219927.9433173714, "p50": 1219927.9433173714, "p90": 1219927.9433173714, "p95": 1219927.9433173714, "p99": 1219927.9433173714, "max": 1219927.9433173714}, "Output Tokens per Minute": {"unit": "tokens/min", "min": 61243.18366821914, "p50": 61243.18366821914, "p90": 61243.18366821914, "p95": 61243.18366821914, "p99": 61243.18366821914, "max": 61243.18366821914}}
{"actual_qps": 5.266645232298337, "success_rate": 100.0, "input_tokens": 3996, "output_tokens": 198, "model": "QwQ-32B", "input_tokens_per_minute": 1206834.1931408434, "output_tokens_per_minute": 59997.93969860644, "slo_seconds": 5.0,