{"target_qps": 3.0, "actual_qps": 2.9978715169688464, "success_rate": 100.0, "input_tokens": 4152, "output_tokens": 200, "model": "QwQ-32B", "input_tokens_per_minute": 747360.0, "output_tokens_per_minute": 36000.0, "slo_seconds": 5.0, "slo_attainment": 1.2422360248447204, "ttft_slo_ms": 1000, "ttft_slo_attainment": 86.95652173913044, "tpot_slo_ms": 50, "tpot_slo_attainment": 100.0, "Latency": {"unit": "s", "min": 4.8528447870012315, "p50": 6.575971518999722, "p90": 7.609209939000721, "p95": 7.759228908002115, "p99": 9.270141055798742, "max": 14.76969000399913}, "Throughput": {"unit": "tokens/s", "min": 13.541245614894205, "p50": 30.41375702771021, "p90": 35.92930538015425, "p95": 36.711229552042546, "p99": 40.17816465915385, "max": 41.2129397865181}, "TTFT": {"unit": "s", "min": 0.10998397599905729, "p50": 0.49353125800189446, "p90": 1.240095304998249, "p95": 1.5089920600003097, "p99": 1.847281275799469, "max": 6.388862773001165}, "TPOT": {"unit": "ms", "min": 22.528153482409067, "p50": 30.55276177889283, "p90": 33.201605110552364, "p95": 35.09673458290706, "p99": 38.51663097285844, "max": 42.114709703507366}, "Input Tokens per Minute": {"unit": "tokens/min", "min": 747360.0, "p50": 747360.0, "p90": 747360.0, "p95": 747360.0, "p99": 747360.0, "max": 747360.0}, "Output Tokens per Minute": {"unit": "tokens/min", "min": 36000.0, "p50": 36000.0, "p90": 36000.0, "p95": 36000.0, "p99": 36000.0, "max": 36000.0}}
{"target_qps": 3.0, "actual_qps": 2.994398311156392, "success_rate": 100.0, "input_tokens": 3849, "output_tokens": 199, "model": "QwQ-32B", "input_tokens_per_minute": 692976.0, "output_tokens_per_minute": 35852.0, "slo_seconds": 5.0, "slo_attainment": 10.555555555555555, "ttft_slo_ms": 1000, "ttft_slo_attainment": 100.0, "tpot_slo_ms": 50, "tpot_slo_attainment": 100.0, "Latency": {"unit": "s", "min": 3.907427130998258, "p50": 6.007666543000596, "p90": 6.851941482601978, "p95": 7.116010363599162, "p99": 7.451161367560528, "max": 7.974736174001009}, "Throughput": {"unit": "tokens/s", "min": 25.07919956675606, "p50": 33.2415195622271, "p90": 39.75752662144226, "p95": 41.700422590625195, "p99": 43.62347686542314, "max": 44.25449504510697}, "TTFT": {"unit": "s", "min": 0.09192820899988874, "p50": 0.41912733600111096, "p90": 0.5706989125996188, "p95": 0.5920451987007254, "p99": 0.7005768040996192, "max": 0.8755198670005484}, "TPOT": {"unit": "ms", "min": 20.247031793976145, "p50": 28.26560756281409, "p90": 32.09888704321695, "p95": 33.251356174108665, "p99": 35.66541019572909, "max": 37.318681195976026}, "Input Tokens per Minute": {"unit": "tokens/min", "min": 692976.0, "p50": 692976.0, "p90": 692976.0, "p95": 692976.0, "p99": 692976.0, "max": 692976.0}, "Output Tokens per Minute": {"unit": "tokens/min", "min": 35852.0, "p50": 35852.0, "p90": 35852.0, "p95": 35852.0, "p99": 35852.0, "max": 35852.0}}
{"target_qps": 3.0, "actual_qps": 2.999913167163411, "success_rate": 100.0, "input_tokens": 4140, "output_tokens": 199, "model": "QwQ-32B", "input_tokens_per_minute": 745366.0, "output_tokens_per_minute": 35959.0, "slo_seconds": 5.0, "slo_attainment": 5.555555555555555, "ttft_slo_ms": 1000, "ttft_slo_attainment": 100.0, "tpot_slo_ms": 50, "tpot_slo_attainment": 100.0, "Latency": {"unit": "s", "min": 4.55211763799889, "p50": 6.006312439500107, "p90": 6.969894326897702, "p95": 7.456727934351693, "p99": 7.623576702189494, "max": 7.712880806000612}, "Throughput": {"unit": "tokens/s", "min": 25.93064835701859, "p50": 33.25763402427947, "p90": 39.38302671738621, "p95": 40.03436675376912, "p99": 42.476397930550874, "max": 43.93559567320847}, "TTFT": {"unit": "s", "min": 0.08645684300063294, "p50": 0.4379858590000367, "p90": 0.546836169098242, "p95": 0.6046077105995208, "p99": 0.7541094202407114, "max": 0.801585992998298}, "TPOT": {"unit": "ms", "min": 22.261979316571704, "p50": 28.437257085422413, "p90": 32.9182290602893, "p95": 34.454138778139956, "p99": 35.68892894833153, "max": 35.790587507533324}, "Input Tokens per Minute": {"unit": "tokens/min", "min": 745366.0, "p50": 745366.0, "p90": 745366.0, "p95": 745366.0, "p99": 745366.0, "max": 745366.0}, "Output Tokens per Minute": {"unit": "tokens/min", "min": 35959.0, "p50": 35959.0, "p90": 35959.0, "p95": 35959.0, "p99": 35959.0, "max": 35959.0}}
{"target_qps": 3.0, "actual_qps": 2.9999618713844276, "success_rate": 100.0, "input_tokens": 4042, "output_tokens": 199, "model": "QwQ-32B", "input_tokens_per_minute": 734357.2212884678, "output_tokens_per_minute": 36188.30172309538, "slo_seconds": 5.0, "slo_attainment": 9.340659340659341, "ttft_slo_ms": 1000, "ttft_slo_attainment": 100.0, "tpot_slo_ms": 50, "tpot_slo_attainment": 100.0, "Latency": {"unit": "s", "min": 1.7933723520000058, "p50": 5.852413551499922, "p90": 6.815493309600424, "p95": 7.01062297594799, "p99": 7.497126435341197, "max": 7.553885855999397}, "Throughput": {"unit": "tokens/s", "min": 26.476439254262406, "p50": 34.137070013679235, "p90": 39.923960262842414, "p95": 40.737759711324365, "p99": 41.73037296736892, "max": 42.14906745030576}, "TTFT": {"unit": "s", "min": 0.05961325099997339, "p50": 0.3996574389984744, "p90": 0.49304862300050445, "p95": 0.5043929258998104, "p99": 0.5437914044982608, "max": 0.5566064999984519}, "TPOT": {"unit": "ms", "min": 22.486651854573708, "p50": 27.90478652260486, "p90": 32.35773162261247, "p95": 33.291106173360895, "p99": 35.318548359956644, "max": 35.65775985928544}, "Input Tokens per Minute": {"unit": "tokens/min", "min": 734357.2212884678, "p50": 734357.2212884678, "p90": 734357.2212884678, "p95": 734357.2212884678, "p99": 734357.2212884678, "max": 734357.2212884678}, "Output Tokens per Minute": {"unit": "tokens/min", "min": 36188.30172309538, "p50": 36188.30172309538, "p90": 36188.30172309538, "p95": 36188.30172309538, "p99": 36188.30172309538, "max": 36188.30172309538}}
{"target_qps": 3.0, "actual_qps": 2.999960254576557, "success_rate": 100.0, "input_tokens": 3820, "output_tokens": 199, "model": "QwQ-32B", "input_tokens_per_minute": 697842.5301494563, "output_tokens_per_minute": 36525.67059948567, "slo_seconds": 5.0, "slo_attainment": 23.497267759562842, "ttft_slo_ms": 1000, "ttft_slo_attainment": 100.0, "tpot_slo_ms": 50, "tpot_slo_attainment": 100.0, "Latency": {"unit": "s", "min": 3.889700328996696, "p50": 5.6734590039995965, "p90": 6.585232923201693, "p95": 6.7421419324004095, "p99": 6.992428473283508, "max": 7.17576977799763}, "Throughput": {"unit": "tokens/s", "min": 27.87157422653674, "p50": 35.25186308017856, "p90": 43.73503447759124, "p95": 47.25676141993215, "p99": 50.74176108954897, "max": 51.417842785741726}, "TTFT": {"unit": "s", "min": 0.06182151599932695, "p50": 0.3230702869986999, "p90": 0.4905545918030839, "p95": 0.499985430198285, "p99": 0.5321241720803664, "max": 0.5444024919997901}, "TPOT": {"unit": "ms", "min": 18.418923879401166, "p50": 27.12268293467403, "p90": 31.147847889443447, "p95": 31.845184156785095, "p99": 32.81266641658372, "max": 33.76179520602644}, "Input Tokens per Minute": {"unit": "tokens/min", "min": 697842.5301494563, "p50": 697842.5301494563, "p90": 697842.5301494563, "p95": 697842.5301494563, "p99": 697842.5301494563, "max": 697842.5301494563}, "Output Tokens per Minute": {"unit": "tokens/min", "min": 36525.67059948567, "p50": 36525.67059948567, "p90": 36525.67059948567, "p95": 36525.67059948567, "p99": 36525.67059948567, "max": 36525.67059948567}}
