{"target_qps": 5.0, "actual_qps": 4.990106317222949, "success_rate": 100.0, "input_tokens": 4023, "output_tokens": 199, "model": "QwQ-32B", "input_tokens_per_minute": 1206955.7620817844, "output_tokens_per_minute": 59865.055762081785, "slo_seconds": 5.0, "slo_attainment": 5.5762081784386615, "ttft_slo_ms": 1000, "ttft_slo_attainment": 92.56505576208178, "tpot_slo_ms": 50, "tpot_slo_attainment": 100.0, "Latency": {"unit": "s", "min": 2.876143891000538, "p50": 6.133111219998682, "p90": 6.9776956390014675, "p95": 7.310380964599608, "p99": 7.8362896410813825, "max": 10.673458801000379}, "Throughput": {"unit": "tokens/s", "min": 18.738068299027383, "p50": 32.5669349582017, "p90": 37.267969545734125, "p95": 40.01693449682536, "p99": 42.46923505446208, "max": 44.77545900506671}, "TTFT": {"unit": "s", "min": 0.11810256299941102, "p50": 0.5238572589987598, "p90": 0.8737925042012649, "p95": 1.1687914364003518, "p99": 1.5250612570383237, "max": 5.238356409001426}, "TPOT": {"unit": "ms", "min": 20.04997505527121, "p50": 28.353706643214373, "p90": 32.26160087939554, "p95": 33.067200511554134, "p99": 36.04335051337266, "max": 41.558801105529525}, "Input Tokens per Minute": {"unit": "tokens/min", "min": 1206955.7620817844, "p50": 1206955.7620817844, "p90": 1206955.7620817844, "p95": 1206955.7620817844, "p99": 1206955.7620817844, "max": 1206955.7620817844}, "Output Tokens per Minute": {"unit": "tokens/min", "min": 59865.055762081785, "p50": 59865.055762081785, "p90": 59865.055762081785, "p95": 59865.055762081785, "p99": 59865.055762081785, "max": 59865.055762081785}}
{"target_qps": 5.0, "actual_qps": 4.997437035847391, "success_rate": 100.0, "input_tokens": 4077, "output_tokens": 199, "model": "QwQ-32B", "input_tokens_per_minute": 1223391.8918918918, "output_tokens_per_minute": 59855.06756756757, "slo_seconds": 5.0, "slo_attainment": 2.364864864864865, "ttft_slo_ms": 1000, "ttft_slo_attainment": 99.66216216216216, "tpot_slo_ms": 50, "tpot_slo_attainment": 100.0, "Latency": {"unit": "s", "min": 2.4179366389980714, "p50": 6.214002692500799, "p90": 7.0624206390002655, "p95": 7.297536685252453, "p99": 7.813445815102204, "max": 7.95696660899921}, "Throughput": {"unit": "tokens/s", "min": 23.573818718268516, "p50": 32.143688982369845, "p90": 36.57132429945564, "p95": 38.41591857341912, "p99": 41.00744834666498, "max": 43.09172039054576}, "TTFT": {"unit": "s", "min": 0.13276514300014242, "p50": 0.5321199350000825, "p90": 0.6955973829990398, "p95": 0.750144559248838, "p99": 0.8812818805503415, "max": 1.462653605001833}, "TPOT": {"unit": "ms", "min": 21.77133143216374, "p50": 28.794571095478666, "p90": 32.559045746226126, "p95": 33.736574732413935, "p99": 35.65790264622058, "max": 37.15775292462537}, "Input Tokens per Minute": {"unit": "tokens/min", "min": 1223391.8918918918, "p50": 1223391.8918918918, "p90": 1223391.8918918918, "p95": 1223391.8918918918, "p99": 1223391.8918918918, "max": 1223391.8918918918}, "Output Tokens per Minute": {"unit": "tokens/min", "min": 59855.06756756757, "p50": 59855.06756756757, "p90": 59855.06756756757, "p95": 59855.06756756757, "p99": 59855.06756756757, "max": 59855.06756756757}}
{"target_qps": 5.0, "actual_qps": 4.998310155391517, "success_rate": 100.0, "input_tokens": 3900, "output_tokens": 199, "model": "QwQ-32B", "input_tokens_per_minute": 1183293.9307904437, "output_tokens_per_minute": 60541.96588307572, "slo_seconds": 5.0, "slo_attainment": 8.223684210526317, "ttft_slo_ms": 1000, "ttft_slo_attainment": 100.0, "tpot_slo_ms": 50, "tpot_slo_attainment": 100.0, "Latency": {"unit": "s", "min": 2.42308726400006, "p50": 6.103230870499829, "p90": 6.962908414000412, "p95": 7.19210897424873, "p99": 7.636710484138348, "max": 7.711271186999511}, "Throughput": {"unit": "tokens/s", "min": 25.587192389286756, "p50": 32.735795883201334, "p90": 39.45097122614481, "p95": 40.73407052823906, "p99": 44.00719138799668, "max": 44.89673924398769}, "TTFT": {"unit": "s", "min": 0.08613492299991776, "p50": 0.4847130440011824, "p90": 0.6589565835998655, "p95": 0.7058392495013323, "p99": 0.8048944205189035, "max": 0.914688043998467}, "TPOT": {"unit": "ms", "min": 20.721836487440733, "p50": 28.21642623367648, "p90": 32.56510367939347, "p95": 33.473419854531514, "p99": 34.97262821764465, "max": 35.32888532161213}, "Input Tokens per Minute": {"unit": "tokens/min", "min": 1183293.9307904437, "p50": 1183293.9307904437, "p90": 1183293.9307904437, "p95": 1183293.9307904437, "p99": 1183293.9307904437, "max": 1183293.9307904437}, "Output Tokens per Minute": {"unit": "tokens/min", "min": 60541.96588307572, "p50": 60541.96588307572, "p90": 60541.96588307572, "p95": 60541.96588307572, "p99": 60541.96588307572, "max": 60541.96588307572}}
{"target_qps": 5.0, "actual_qps": 4.9999608669729785, "success_rate": 100.0, "input_tokens": 4156, "output_tokens": 198, "model": "QwQ-32B", "input_tokens_per_minute": 1252696.3294503805, "output_tokens_per_minute": 59780.475659067495, "slo_seconds": 5.0, "slo_attainment": 10.927152317880795, "ttft_slo_ms": 1000, "ttft_slo_attainment": 100.0, "tpot_slo_ms": 50, "tpot_slo_attainment": 100.0, "Latency": {"unit": "s", "min": 1.6117095970002993, "p50": 6.4173003244995925, "p90": 7.012779739198595, "p95": 7.2665355105002165, "p99": 7.677819342540789, "max": 7.823413788002654}, "Throughput": {"unit": "tokens/s", "min": 25.000546696712536, "p50": 31.03419656859011, "p90": 39.77904822148104, "p95": 41.57734330418676, "p99": 44.325808425647075, "max": 44.69482054835781}, "TTFT": {"unit": "s", "min": 0.07074132400157396, "p50": 0.4525963194992073, "p90": 0.5541440263979894, "p95": 0.5869671334523445, "p99": 0.7378965192316174, "max": 0.871839898001781}, "TPOT": {"unit": "ms", "min": 21.261521949763754, "p50": 30.06950876633755, "p90": 33.085973733670755, "p95": 34.15978969246977, "p99": 35.9129837803959, "max": 36.65883895979761}, "Input Tokens per Minute": {"unit": "tokens/min", "min": 1252696.3294503805, "p50": 1252696.3294503805, "p90": 1252696.3294503805, "p95": 1252696.3294503805, "p99": 1252696.3294503805, "max": 1252696.3294503805}, "Output Tokens per Minute": {"unit": "tokens/min", "min": 59780.475659067495, "p50": 59780.475659067495, "p90": 59780.475659067495, "p95": 59780.475659067495, "p99": 59780.475659067495, "max": 59780.475659067495}}
{"target_qps": 5.0, "actual_qps": 4.999947014644965, "success_rate": 100.0, "input_tokens": 4052, "output_tokens": 198, "model": "QwQ-32B", "input_tokens_per_minute": 1215815.8783783785, "output_tokens_per_minute": 59603.71621621621, "slo_seconds": 5.0, "slo_attainment": 5.0675675675675675, "ttft_slo_ms": 1000, "ttft_slo_attainment": 100.0, "tpot_slo_ms": 50, "tpot_slo_attainment": 100.0, "Latency": {"unit": "s", "min": 2.62625632500567, "p50": 5.988622398499501, "p90": 6.885358845003793, "p95": 6.964096545252687, "p99": 7.510949910755517, "max": 7.642190974998812}, "Throughput": {"unit": "tokens/s", "min": 26.170505376572468, "p50": 33.30231315382317, "p90": 36.553587210319236, "p95": 38.9436050813013, "p99": 41.30298405715441, "max": 43.22470630222673}, "TTFT": {"unit": "s", "min": 0.05820701400079997, "p50": 0.3803479199978028, "p90": 0.49731864999921527, "p95": 0.5095245190013884, "p99": 0.6065856339979292, "max": 0.6973600600031205}, "TPOT": {"unit": "ms", "min": 22.213058638195278, "p50": 28.56970308039765, "p90": 32.437593924620145, "p95": 33.19624791207325, "p99": 35.118134016363854, "max": 35.73605273870737}, "Input Tokens per Minute": {"unit": "tokens/min", "min": 1215815.8783783785, "p50": 1215815.8783783785, "p90": 1215815.8783783785, "p95": 1215815.8783783785, "p99": 1215815.8783783785, "max": 1215815.8783783785}, "Output Tokens per Minute": {"unit": "tokens/min", "min": 59603.71621621621, "p50": 59603.71621621621, "p90": 59603.71621621621, "p95": 59603.71621621621, "p99": 59603.71621621621, "max": 59603.71621621621}}
