{"actual_qps": 5.144882164843456, "success_rate": 100.0, "input_tokens": 3915, "output_tokens": 200, "model": "QwQ-32B", "input_tokens_per_minute": 762077.5219410268, "output_tokens_per_minute": 38922.152029685276, "slo_seconds": 5.0, "slo_attainment": 0.0, "ttft_slo_ms": 1000, "ttft_slo_attainment": 4.926108374384237, "tpot_slo_ms": 50, "tpot_slo_attainment": 44.33497536945813, "Latency": {"unit": "s", "min": 7.3364419100034866, "p50": 12.436535716005892, "p90": 21.570935660596298, "p95": 22.79051673240101, "p99": 24.54987539187888, "max": 26.89208180300193}, "Throughput": {"unit": "tokens/s", "min": 7.437133408454613, "p50": 16.08164882625624, "p90": 20.11024751154681, "p95": 22.58993640764466, "p99": 25.337922007382755, "max": 27.261171348919596}, "TTFT": {"unit": "s", "min": 0.22680978800053708, "p50": 2.807226292999985, "p90": 4.536018246403546, "p95": 6.231653032797475, "p99": 10.804606640625833, "max": 11.253429207004956}, "TPOT": {"unit": "ms", "min": 20.624264613053956, "p50": 52.13943677386193, "p90": 85.48488119396559, "p95": 87.37777929246892, "p99": 89.21310113195166, "max": 91.74821210050213}, "Input Tokens per Minute": {"unit": "tokens/min", "min": 762077.5219410268, "p50": 762077.5219410268, "p90": 762077.5219410268, "p95": 762077.5219410268, "p99": 762077.5219410268, "max": 762077.5219410268}, "Output Tokens per Minute": {"unit": "tokens/min", "min": 38922.152029685276, "p50": 38922.152029685276, "p90": 38922.152029685276, "p95": 38922.152029685276, "p99": 38922.152029685276, "max": 38922.152029685276}}
{"actual_qps": 5.3653889121935014, "success_rate": 100.0, "input_tokens": 3922, "output_tokens": 198, "model": "QwQ-32B", "input_tokens_per_minute": 1338837.6665359861, "output_tokens_per_minute": 67843.42006987112, "slo_seconds": 5.0, "slo_attainment": 0.0, "ttft_slo_ms": 1000, "ttft_slo_attainment": 12.07865168539326, "tpot_slo_ms": 50, "tpot_slo_attainment": 16.573033707865168, "Latency": {"unit": "s", "min": 5.76862704299856, "p50": 17.165994811999553, "p90": 25.236951038998086, "p95": 27.299515285998496, "p99": 29.208449640246908, "max": 31.849825488003262}, "Throughput": {"unit": "tokens/s", "min": 6.279469257228212, "p50": 11.597078874421335, "p90": 18.536099160950336, "p95": 21.643345531539648, "p99": 25.637493266166786, "max": 29.9164862021636}, "TTFT": {"unit": "s", "min": 0.2531508269967162, "p50": 2.7088047655015544, "p90": 7.86238545300148, "p95": 10.122477930499372, "p99": 12.349492547050248, "max": 13.930635814998823}, "TPOT": {"unit": "ms", "min": 30.401100180907136, "p50": 69.66460766584098, "p90": 96.08467451507933, "p95": 101.58458934926954, "p99": 111.1716975163308, "max": 121.32019358326336}, "Input Tokens per Minute": {"unit": "tokens/min", "min": 1338837.6665359861, "p50": 1338837.6665359861, "p90": 1338837.6665359861, "p95": 1338837.6665359861, "p99": 1338837.6665359861, "max": 1338837.6665359861}, "Output Tokens per Minute": {"unit": "tokens/min", "min": 67843.42006987112, "p50": 67843.42006987112, "p90": 67843.42006987112, "p95": 67843.42006987112, "p99": 67843.42006987112, "max": 67843.42006987112}}
{"actual_qps": 5.0893024609611786, "success_rate": 100.0, "input_tokens": 4026, "output_tokens": 198, "model": "QwQ-32B", "input_tokens_per_minute": 1219809.6991996882, "output_tokens_per_minute": 60284.277982332496, "slo_seconds": 5.0, "slo_attainment": 0.0, "ttft_slo_ms": 1000, "ttft_slo_attainment": 22.468354430379748, "tpot_slo_ms": 50, "tpot_slo_attainment": 18.037974683544302, "Latency": {"unit": "s", "min": 5.341854450998653, "p50": 14.2897074864959, "p90": 19.532363242997235, "p95": 21.07699613600198, "p99": 23.124454921100188, "max": 24.110493071995734}, "Throughput": {"unit": "tokens/s", "min": 7.950491626649198, "p50": 13.914166500380464, "p90": 19.91533255815373, "p95": 23.083662729604974, "p99": 30.747449396135195, "max": 37.44018146406259}, "TTFT": {"unit": "s", "min": 0.24630122300004587, "p50": 1.760686566001823, "p90": 4.264155740998831, "p95": 4.904478630498488, "p99": 6.570376667152961, "max": 7.217771651005023}, "TPOT": {"unit": "ms", "min": 25.135265401989834, "p50": 61.66783448240115, "p90": 80.7003042914654, "p95": 93.04870135049133, "p99": 98.9612893854035, "max": 99.55533293970034}, "Input Tokens per Minute": {"unit": "tokens/min", "min": 1219809.6991996882, "p50": 1219809.6991996882, "p90": 1219809.6991996882, "p95": 1219809.6991996882, "p99": 1219809.6991996882, "max": 1219809.6991996882}, "Output Tokens per Minute": {"unit": "tokens/min", "min": 60284.277982332496, "p50": 60284.277982332496, "p90": 60284.277982332496, "p95": 60284.277982332496, "p99": 60284.277982332496, "max": 60284.277982332496}}
{"actual_qps": 5.064666927752313, "success_rate": 100.0, "input_tokens": 4044, "output_tokens": 200, "model": "QwQ-32B", "input_tokens_per_minute": 1066275.2308743142, "output_tokens_per_minute": 52727.05324218449, "slo_seconds": 5.0, "slo_attainment": 0.0, "ttft_slo_ms": 1000, "ttft_slo_attainment": 13.818181818181818, "tpot_slo_ms": 50, "tpot_slo_attainment": 28.363636363636363, "Latency": {"unit": "s", "min": 5.282902286002354, "p50": 16.68203884799732, "p90": 23.2125463741977, "p95": 24.91115155030276, "p99": 27.24697639366059, "max": 28.910253444002592}, "Throughput": {"unit": "tokens/s", "min": 6.917960798489293, "p50": 11.98894222836617, "p90": 21.716457461325167, "p95": 24.606785918329983, "p99": 32.17578807666615, "max": 37.857978280219676}, "TTFT": {"unit": "s", "min": 0.11126174600212835, "p50": 2.5451771680018282, "p90": 6.092506060597952, "p95": 7.210434388500291, "p99": 9.080778995315923, "max": 10.883776862996456}, "TPOT": {"unit": "ms", "min": 23.521199547767583, "p50": 66.9493146683338, "p90": 95.27298710452294, "p95": 102.00995174523247, "p99": 113.76162599045715, "max": 116.69720965327903}, "Input Tokens per Minute": {"unit": "tokens/min", "min": 1066275.2308743142, "p50": 1066275.2308743142, "p90": 1066275.2308743142, "p95": 1066275.2308743142, "p99": 1066275.2308743142, "max": 1066275.2308743142}, "Output Tokens per Minute": {"unit": "tokens/min", "min": 52727.05324218449, "p50": 52727.05324218449, "p90": 52727.05324218449, "p95": 52727.05324218449, "p99": 52727.05324218449, "max": 52727.05324218449}}
{"actual_qps": 5.116729953074234, "success_rate": 100.0, "input_tokens": 4013, "output_tokens": 199, "model": "QwQ-32B", "input_tokens_per_minute": 1323488.3420003385, "output_tokens_per_minute": 65736.25528757437, "slo_seconds": 5.0, "slo_attainment": 0.0, "ttft_slo_ms": 1000, "ttft_slo_attainment": 84.88372093023256, "tpot_slo_ms": 50, "tpot_slo_attainment": 8.430232558139535, "Latency": {"unit": "s", "min": 5.9846490179988905, "p50": 14.42648153549817, "p90": 21.005804728103247, "p95": 24.816815262248557, "p99": 31.94198802250801, "max": 33.38276248900365}, "Throughput": {"unit": "tokens/s", "min": 5.991115925947722, "p50": 13.846243668425881, "p90": 18.439817146447368, "p95": 20.39280431044946, "p99": 22.991524287933796, "max": 25.111193362392786}, "TTFT": {"unit": "s", "min": 0.08674204000271857, "p50": 0.5466696305011283, "p90": 1.3230015439017726, "p95": 2.8772704357499572, "p99": 5.636766064103136, "max": 8.714200588001404}, "TPOT": {"unit": "ms", "min": 38.918101979879104, "p50": 69.61564727386195, "p90": 97.37742382562988, "p95": 118.24870543042651, "p99": 138.0789710105978, "max": 144.46226082915229}, "Input Tokens per Minute": {"unit": "tokens/min", "min": 1323488.3420003385, "p50": 1323488.3420003385, "p90": 1323488.3420003385, "p95": 1323488.3420003385, "p99": 1323488.3420003385, "max": 1323488.3420003385}, "Output Tokens per Minute": {"unit": "tokens/min", "min": 65736.25528757437, "p50": 65736.25528757437, "p90": 65736.25528757437, "p95": 65736.25528757437, "p99": 65736.25528757437, "max": 65736.25528757437}}
{"actual_qps": 5.3332832698035215, "success_rate": 100.0, "input_tokens": 3993, "output_tokens": 199, "model": "QwQ-32B", "input_tokens_per_minute": 1255689.0209204517, "output_tokens_per_minute": 62615.77240933236, "slo_seconds": 5.0,