{"target_qps": 2.0, "actual_qps": 1.9999733616881517, "success_rate": 100.0, "input_tokens": 3550, "output_tokens": 200, "model": "QwQ-32B", "input_tokens_per_minute": 426047.27272727276, "output_tokens_per_minute": 24000.0, "slo_seconds": 5.0, "slo_attainment": 0.0, "ttft_slo_ms": 1000, "ttft_slo_attainment": 68.68686868686868, "tpot_slo_ms": 50, "tpot_slo_attainment": 36.36363636363637, "Latency": {"unit": "s", "min": 5.445979133997753, "p50": 12.541136343999824, "p90": 25.365611916601484, "p95": 25.648509941496012, "p99": 27.104666115222052, "max": 29.617521512998792}, "Throughput": {"unit": "tokens/s", "min": 6.752759507989968, "p50": 15.947518192455336, "p90": 26.238990314217606, "p95": 28.803982782619, "p99": 36.500123294022764, "max": 36.724341955600764}, "TTFT": {"unit": "s", "min": 0.10029415399912978, "p50": 0.6967934799977229, "p90": 2.6438217094022547, "p95": 3.0087458687026776, "p99": 4.227759087035216, "max": 7.329149605000566}, "TPOT": {"unit": "ms", "min": 24.79933545223891, "p50": 58.681761562805534, "p90": 110.18395487034967, "p95": 119.84790259447979, "p99": 127.58936192322976, "max": 132.34734114070966}, "Input Tokens per Minute": {"unit": "tokens/min", "min": 426047.27272727276, "p50": 426047.27272727276, "p90": 426047.27272727276, "p95": 426047.27272727276, "p99": 426047.27272727276, "max": 426047.27272727276}, "Output Tokens per Minute": {"unit": "tokens/min", "min": 24000.0, "p50": 24000.0, "p90": 24000.0, "p95": 24000.0, "p99": 24000.0, "max": 24000.0}}
{"target_qps": 2.0, "actual_qps": 1.9987771551987934, "success_rate": 100.0, "input_tokens": 3804, "output_tokens": 198, "model": "QwQ-32B", "input_tokens_per_minute": 456518.275862069, "output_tokens_per_minute": 23839.655172413793, "slo_seconds": 5.0, "slo_attainment": 0.8620689655172413, "ttft_slo_ms": 1000, "ttft_slo_attainment": 79.3103448275862, "tpot_slo_ms": 50, "tpot_slo_attainment": 38.793103448275865, "Latency": {"unit": "s", "min": 1.9388373749970924, "p50": 11.977489425000385, "p90": 17.137513147499703, "p95": 18.427233075000913, "p99": 21.295632231649503, "max": 22.051189632002206}, "Throughput": {"unit": "tokens/s", "min": 9.069805454384475, "p50": 16.698008563368887, "p90": 28.917149046679647, "p95": 32.615681558789554, "p99": 36.15978203909983, "max": 36.9308869170032}, "TTFT": {"unit": "s", "min": 0.15461406100075692, "p50": 0.6132869260000007, "p90": 1.3303866930036747, "p95": 1.9185073369972088, "p99": 2.6383121885450196, "max": 2.875194296997506}, "TPOT": {"unit": "ms", "min": 24.343768733681703, "p50": 58.27914975127179, "p90": 82.37575326885195, "p95": 86.5443907462408, "p99": 100.70316025349398, "max": 101.88848433667155}, "Input Tokens per Minute": {"unit": "tokens/min", "min": 456518.275862069, "p50": 456518.275862069, "p90": 456518.275862069, "p95": 456518.275862069, "p99": 456518.275862069, "max": 456518.275862069}, "Output Tokens per Minute": {"unit": "tokens/min", "min": 23839.655172413793, "p50": 23839.655172413793, "p90": 23839.655172413793, "p95": 23839.655172413793, "p99": 23839.655172413793, "max": 23839.655172413793}}
{"target_qps": 2.0, "actual_qps": 1.995935600624046, "success_rate": 100.0, "input_tokens": 3694, "output_tokens": 198, "model": "QwQ-32B", "input_tokens_per_minute": 443320.3448275862, "output_tokens_per_minute": 23811.724137931033, "slo_seconds": 5.0, "slo_attainment": 0.8620689655172413, "ttft_slo_ms": 1000, "ttft_slo_attainment": 73.27586206896551, "tpot_slo_ms": 50, "tpot_slo_attainment": 34.48275862068966, "Latency": {"unit": "s", "min": 4.996112141001504, "p50": 12.84398252349638, "p90": 20.69681100550224, "p95": 25.789086897000743, "p99": 27.039478298801622, "max": 28.074947369001165}, "Throughput": {"unit": "tokens/s", "min": 7.123788955730302, "p50": 15.324025200318818, "p90": 28.38256960394249, "p95": 32.32340379228026, "p99": 35.16445887482587, "max": 39.29078486258448}, "TTFT": {"unit": "s", "min": 0.10931627199897775, "p50": 0.731996041500679, "p90": 1.5950545795021753, "p95": 1.8833655870039365, "p99": 2.585222060047454, "max": 3.0550211450026836}, "TPOT": {"unit": "ms", "min": 23.677547547731365, "p50": 60.21122706281963, "p90": 100.00836897740359, "p95": 122.98457125378528, "p99": 129.19353675350786, "max": 131.09406162311186}, "Input Tokens per Minute": {"unit": "tokens/min", "min": 443320.3448275862, "p50": 443320.3448275862, "p90": 443320.3448275862, "p95": 443320.3448275862, "p99": 443320.3448275862, "max": 443320.3448275862}, "Output Tokens per Minute": {"unit": "tokens/min", "min": 23811.724137931033, "p50": 23811.724137931033, "p90": 23811.724137931033, "p95": 23811.724137931033, "p99": 23811.724137931033, "max": 23811.724137931033}}
{"target_qps": 2.0, "actual_qps": 1.9999669132807363, "success_rate": 100.0, "input_tokens": 3853, "output_tokens": 199, "model": "QwQ-32B", "input_tokens_per_minute": 472983.84505448234, "output_tokens_per_minute": 24521.066821466717, "slo_seconds": 5.0, "slo_attainment": 0.0, "ttft_slo_ms": 1000, "ttft_slo_attainment": 86.99186991869918, "tpot_slo_ms": 50, "tpot_slo_attainment": 41.46341463414634, "Latency": {"unit": "s", "min": 5.27196403099515, "p50": 11.929534073002287, "p90": 20.074206178598974, "p95": 26.279824184603058, "p99": 29.01756946225796, "max": 29.210001643994474}, "Throughput": {"unit": "tokens/s", "min": 6.84696983031905, "p50": 16.765114108908893, "p90": 27.772361213276398, "p95": 32.296635817692206, "p99": 36.50698786601643, "max": 37.93652589891579}, "TTFT": {"unit": "s", "min": 0.07720790299936198, "p50": 0.4947742040021694, "p90": 1.0807613070050137, "p95": 1.2873528183008602, "p99": 1.4572192294400885, "max": 1.7712270080010057}, "TPOT": {"unit": "ms", "min": 24.212951140698213, "p50": 57.488173286419716, "p90": 98.97885121005565, "p95": 128.0515860442264, "p99": 140.48533393385125, "max": 141.5416758241534}, "Input Tokens per Minute": {"unit": "tokens/min", "min": 472983.84505448234, "p50": 472983.84505448234, "p90": 472983.84505448234, "p95": 472983.84505448234, "p99": 472983.84505448234, "max": 472983.84505448234}, "Output Tokens per Minute": {"unit": "tokens/min", "min": 24521.066821466717, "p50": 24521.066821466717, "p90": 24521.066821466717, "p95": 24521.066821466717, "p99": 24521.066821466717, "max": 24521.066821466717}}
{"target_qps": 2.0, "actual_qps": 1.9999889674608449, "success_rate": 100.0, "input_tokens": 3665, "output_tokens": 200, "model": "QwQ-32B", "input_tokens_per_minute": 439875.3982300885, "output_tokens_per_minute": 24000.0, "slo_seconds": 5.0, "slo_attainment": 1.7699115044247788, "ttft_slo_ms": 1000, "ttft_slo_attainment": 81.41592920353983, "tpot_slo_ms": 50, "tpot_slo_attainment": 40.707964601769916, "Latency": {"unit": "s", "min": 4.4893645260017365, "p50": 11.264180398997269, "p90": 21.173688275000313, "p95": 22.91131452920235, "p99": 25.239338168682586, "max": 25.792791807994945}, "Throughput": {"unit": "tokens/s", "min": 7.754104382682853, "p50": 17.75539745597504, "p90": 33.024205786487286, "p95": 36.945175327278, "p99": 41.45562905261582, "max": 44.549735010741394}, "TTFT": {"unit": "s", "min": 0.09170392200030619, "p50": 0.49663452499953564, "p90": 1.27181917779817, "p95": 1.4771974913994195, "p99": 1.7540956552844722, "max": 1.9753453969969996}, "TPOT": {"unit": "ms", "min": 20.617518010057843, "p50": 53.84408597989872, "p90": 100.04127028845156, "p95": 112.11936601106224, "p99": 121.18094906390492, "max": 124.06395649246113}, "Input Tokens per Minute": {"unit": "tokens/min", "min": 439875.3982300885, "p50": 439875.3982300885, "p90": 439875.3982300885, "p95": 439875.3982300885, "p99": 439875.3982300885, "max": 439875.3982300885}, "Output Tokens per Minute": {"unit": "tokens/min", "min": 24000.0, "p50": 24000.0, "p90": 24000.0, "p95": 24000.0, "p99": 24000.0, "max": 24000.0}}
{"target_qps": 2.0, "actual_qps": 1.9999915323023307, "success_rate": 100.0, "input_tokens": 3893, "output_tokens": 198, "model": "QwQ-32B", "input_tokens_per_minute": 493532.00206290686, "output_tokens_per_minute": 25191.701183276396,