{"target_qps": 5.0, "actual_qps": 4.998780005083767, "success_rate": 100.0, "input_tokens": 3848, "output_tokens": 199, "model": "QwQ-32B", "input_tokens_per_minute": 1154606.896551724, "output_tokens_per_minute": 59800.86206896552, "slo_seconds": 5.0, "slo_attainment": 0.43103448275862066, "ttft_slo_ms": 1000, "ttft_slo_attainment": 34.91379310344828, "tpot_slo_ms": 50, "tpot_slo_attainment": 38.793103448275865, "Latency": {"unit": "s", "min": 4.989712600996427, "p50": 12.664330606003205, "p90": 23.16112933090335, "p95": 24.608143869050764, "p99": 27.4550587253979, "max": 29.473614447000728}, "Throughput": {"unit": "tokens/s", "min": 6.7857303473803245, "p50": 15.590526937566358, "p90": 28.19333517047103, "p95": 33.06412184625553, "p99": 37.71131771616628, "max": 38.4453203031425}, "TTFT": {"unit": "s", "min": 0.16643373000260908, "p50": 1.380532821000088, "p90": 3.2741723747014477, "p95": 3.729141062048802, "p99": 4.886687810407966, "max": 6.601207187995897}, "TPOT": {"unit": "ms", "min": 22.450288497502378, "p50": 57.3893606231275, "p90": 104.92584463468508, "p95": 109.22472332410814, "p99": 130.3820207458566, "max": 136.76594184423024}, "Input Tokens per Minute": {"unit": "tokens/min", "min": 1154606.896551724, "p50": 1154606.896551724, "p90": 1154606.896551724, "p95": 1154606.896551724, "p99": 1154606.896551724, "max": 1154606.896551724}, "Output Tokens per Minute": {"unit": "tokens/min", "min": 59800.86206896552, "p50": 59800.86206896552, "p90": 59800.86206896552, "p95": 59800.86206896552, "p99": 59800.86206896552, "max": 59800.86206896552}}
{"target_qps": 5.0, "actual_qps": 4.99790791189955, "success_rate": 100.0, "input_tokens": 3838, "output_tokens": 199, "model": "QwQ-32B", "input_tokens_per_minute": 1162468.3991366283, "output_tokens_per_minute": 60351.73719935183, "slo_seconds": 5.0, "slo_attainment": 0.9900990099009901, "ttft_slo_ms": 1000, "ttft_slo_attainment": 51.48514851485149, "tpot_slo_ms": 50, "tpot_slo_attainment": 40.5940594059406, "Latency": {"unit": "s", "min": 3.349989928996365, "p50": 12.23282839100284, "p90": 17.658607451198623, "p95": 19.757728002897057, "p99": 23.146348578601906, "max": 27.206974403001368}, "Throughput": {"unit": "tokens/s", "min": 7.3510562783466575, "p50": 16.34485077092125, "p90": 29.016091746625744, "p95": 32.20793805698176, "p99": 38.807997007491615, "max": 43.239654426701904}, "TTFT": {"unit": "s", "min": 0.06253682000533445, "p50": 0.9508031320001464, "p90": 2.2877979532029724, "p95": 2.86926612870011, "p99": 4.541760301981282, "max": 5.838309896993451}, "TPOT": {"unit": "ms", "min": 19.267016427157664, "p50": 56.5608033417018, "p90": 80.50125066430664, "p95": 88.74532899294056, "p99": 105.63388088822339, "max": 116.96971512562537}, "Input Tokens per Minute": {"unit": "tokens/min", "min": 1162468.3991366283, "p50": 1162468.3991366283, "p90": 1162468.3991366283, "p95": 1162468.3991366283, "p99": 1162468.3991366283, "max": 1162468.3991366283}, "Output Tokens per Minute": {"unit": "tokens/min", "min": 60351.73719935183, "p50": 60351.73719935183, "p90": 60351.73719935183, "p95": 60351.73719935183, "p99": 60351.73719935183, "max": 60351.73719935183}}
{"target_qps": 5.0, "actual_qps": 4.99437685448956, "success_rate": 100.0, "input_tokens": 3767, "output_tokens": 199, "model": "QwQ-32B", "input_tokens_per_minute": 1147855.634716594, "output_tokens_per_minute": 60710.646167804196, "slo_seconds": 5.0, "slo_attainment": 0.6557377049180327, "ttft_slo_ms": 1000, "ttft_slo_attainment": 56.72131147540984, "tpot_slo_ms": 50, "tpot_slo_attainment": 46.557377049180324, "Latency": {"unit": "s", "min": 4.2702822080027545, "p50": 11.096621003001928, "p90": 18.43515026979876, "p95": 20.99401209800417, "p99": 25.752432399563514, "max": 29.138565462999395}, "Throughput": {"unit": "tokens/s", "min": 6.863755878921463, "p50": 17.95656134225653, "p90": 28.82134783754466, "p95": 31.450156528900767, "p99": 35.95002222586045, "max": 40.28692487286766}, "TTFT": {"unit": "s", "min": 0.14185983999777818, "p50": 0.9423661830005585, "p90": 2.1136239450002905, "p95": 2.4421290944039358, "p99": 3.5785513803162012, "max": 4.949715556002047}, "TPOT": {"unit": "ms", "min": 22.45232922112921, "p50": 50.647814879400116, "p90": 87.10362214876466, "p95": 98.91256248542892, "p99": 119.78746653107564, "max": 121.65494166833352}, "Input Tokens per Minute": {"unit": "tokens/min", "min": 1147855.634716594, "p50": 1147855.634716594, "p90": 1147855.634716594, "p95": 1147855.634716594, "p99": 1147855.634716594, "max": 1147855.634716594}, "Output Tokens per Minute": {"unit": "tokens/min", "min": 60710.646167804196, "p50": 60710.646167804196, "p90": 60710.646167804196, "p95": 60710.646167804196, "p99": 60710.646167804196, "max": 60710.646167804196}}
{"target_qps": 5.0, "actual_qps": 4.999884192765647, "success_rate": 100.0, "input_tokens": 3698, "output_tokens": 199, "model": "QwQ-32B", "input_tokens_per_minute": 1109450.6756756757, "output_tokens_per_minute": 59761.82432432432, "slo_seconds": 5.0, "slo_attainment": 1.0135135135135136, "ttft_slo_ms": 1000, "ttft_slo_attainment": 71.62162162162163, "tpot_slo_ms": 50, "tpot_slo_attainment": 42.567567567567565, "Latency": {"unit": "s", "min": 4.5465057299952605, "p50": 11.318698603001394, "p90": 21.684385195501818, "p95": 26.21783155324556, "p99": 27.903044616397896, "max": 29.34675037999841}, "Throughput": {"unit": "tokens/s", "min": 5.300872315412829, "p50": 17.65208688247226, "p90": 29.2647250011806, "p95": 31.303223713683984, "p99": 39.9195024034503, "max": 43.98982688628625}, "TTFT": {"unit": "s", "min": 0.0537637659945176, "p50": 0.656539209499897, "p90": 1.4845975435018772, "p95": 1.751394239747242, "p99": 2.8756136765056044, "max": 3.9690682709988323}, "TPOT": {"unit": "ms", "min": 21.763052572858935, "p50": 53.46389782913941, "p90": 104.43140435175215, "p95": 128.6767097462414, "p99": 137.24375930805994, "max": 178.81506099995144}, "Input Tokens per Minute": {"unit": "tokens/min", "min": 1109450.6756756757, "p50": 1109450.6756756757, "p90": 1109450.6756756757, "p95": 1109450.6756756757, "p99": 1109450.6756756757, "max": 1109450.6756756757}, "Output Tokens per Minute": {"unit": "tokens/min", "min": 59761.82432432432, "p50": 59761.82432432432, "p90": 59761.82432432432, "p95": 59761.82432432432, "p99": 59761.82432432432, "max": 59761.82432432432}}
{"target_qps": 5.0, "actual_qps": 4.999919250221169, "success_rate": 100.0, "input_tokens": 3734, "output_tokens": 199, "model": "QwQ-32B", "input_tokens_per_minute": 1120265.0, "output_tokens_per_minute": 59803.0, "slo_seconds": 5.0, "slo_attainment": 2.0, "ttft_slo_ms": 1000, "ttft_slo_attainment": 87.33333333333333, "tpot_slo_ms": 50, "tpot_slo_attainment": 49.333333333333336, "Latency": {"unit": "s", "min": 1.369069735002995, "p50": 10.465921398499631, "p90": 20.819404989496253, "p95": 24.184539170448264, "p99": 26.485420603513916, "max": 27.326071850002336}, "Throughput": {"unit": "tokens/s", "min": 7.319017570393416, "p50": 19.10998359607617, "p90": 31.131643236711852, "p95": 35.95630309487311, "p99": 41.04175899056183, "max": 44.99302555798346}, "TTFT": {"unit": "s", "min": 0.04194429499329999, "p50": 0.48546787099621724, "p90": 1.1933739292020622, "p95": 1.3965567248545994, "p99": 2.0252297624105267, "max": 2.4310774080004194}, "TPOT": {"unit": "ms", "min": 19.002021999990482, "p50": 50.491341492456584, "p90": 101.03975004168758, "p95": 116.28561177412622, "p99": 131.2326229520237, "max": 136.23926210053085}, "Input Tokens per Minute": {"unit": "tokens/min", "min": 1120265.0, "p50": 1120265.0, "p90": 1120265.0, "p95": 1120265.0, "p99": 1120265.0, "max": 1120265.0}, "Output Tokens per Minute": {"unit": "tokens/min", "min": 59803.0, "p50": 59803.0, "p90": 59803.0, "p95": 59803.0, "p99": 59803.0, "max": 59803.0}}
{"target_qps": 5.0, "actual_qps": 4.999950207995908, "success_rate": 100.0, "input_tokens": 3789, "output_tokens": 199, "model": "QwQ-32B", "input_tokens_per_minute": 1169485.2819980173, "output_tokens_per_minute": 61489.76895710457,