{"target_qps": 5.0, "actual_qps": 4.9960369870858825, "success_rate": 100.0, "input_tokens": 3949, "output_tokens": 199, "model": "QwQ-32B", "input_tokens_per_minute": 1184869.5067264575, "output_tokens_per_minute": 59788.78923766816, "slo_seconds": 5.0, "slo_attainment": 0.4484304932735426, "ttft_slo_ms": 1000, "ttft_slo_attainment": 32.73542600896861, "tpot_slo_ms": 50, "tpot_slo_attainment": 41.70403587443946, "Latency": {"unit": "s", "min": 1.857707572999061, "p50": 12.32990902599704, "p90": 24.291835881002772, "p95": 26.514598654599823, "p99": 29.129211942138646, "max": 31.232160733001365}, "Throughput": {"unit": "tokens/s", "min": 6.403655568686627, "p50": 16.220719842969586, "p90": 28.877389725156412, "p95": 32.22439586435079, "p99": 34.47488396130358, "max": 37.527013942909754}, "TTFT": {"unit": "s", "min": 0.16974693299562205, "p50": 1.3422523110057227, "p90": 2.867352632197435, "p95": 3.3954219846033067, "p99": 4.668621096080461, "max": 4.881661826002528}, "TPOT": {"unit": "ms", "min": 17.28777856280531, "p50": 54.549094090457885, "p90": 110.8208362823987, "p95": 125.6967509251255, "p99": 132.35860563204338, "max": 136.49896468341834}, "Input Tokens per Minute": {"unit": "tokens/min", "min": 1184869.5067264575, "p50": 1184869.5067264575, "p90": 1184869.5067264575, "p95": 1184869.5067264575, "p99": 1184869.5067264575, "max": 1184869.5067264575}, "Output Tokens per Minute": {"unit": "tokens/min", "min": 59788.78923766816, "p50": 59788.78923766816, "p90": 59788.78923766816, "p95": 59788.78923766816, "p99": 59788.78923766816, "max": 59788.78923766816}}
{"target_qps": 5.0, "actual_qps": 4.997886690010202, "success_rate": 100.0, "input_tokens": 4040, "output_tokens": 199, "model": "QwQ-32B", "input_tokens_per_minute": 1283904.5667114705, "output_tokens_per_minute": 63433.68241763203, "slo_seconds": 5.0, "slo_attainment": 0.628930817610063, "ttft_slo_ms": 1000, "ttft_slo_attainment": 45.59748427672956, "tpot_slo_ms": 50, "tpot_slo_attainment": 38.05031446540881, "Latency": {"unit": "s", "min": 4.4744494810001925, "p50": 12.867226377005863, "p90": 19.569761991297856, "p95": 21.584841652402606, "p99": 27.70628695883708, "max": 29.874437020000187}, "Throughput": {"unit": "tokens/s", "min": 6.694686827607999, "p50": 15.54336571006056, "p90": 27.688005687403912, "p95": 32.30447938486458, "p99": 38.78834918863853, "max": 44.69823625213736}, "TTFT": {"unit": "s", "min": 0.07171558499976527, "p50": 1.0795277725010237, "p90": 2.8408725820947445, "p95": 3.7110203774042, "p99": 5.112505224417251, "max": 7.94400210200547}, "TPOT": {"unit": "ms", "min": 20.678231457282553, "p50": 57.59479410552736, "p90": 88.25522253519652, "p95": 100.92205004723988, "p99": 127.47461333451989, "max": 130.59569271860514}, "Input Tokens per Minute": {"unit": "tokens/min", "min": 1283904.5667114705, "p50": 1283904.5667114705, "p90": 1283904.5667114705, "p95": 1283904.5667114705, "p99": 1283904.5667114705, "max": 1283904.5667114705}, "Output Tokens per Minute": {"unit": "tokens/min", "min": 63433.68241763203, "p50": 63433.68241763203, "p90": 63433.68241763203, "p95": 63433.68241763203, "p99": 63433.68241763203, "max": 63433.68241763203}}
{"target_qps": 5.0, "actual_qps": 4.985806712054143, "success_rate": 100.0, "input_tokens": 4071, "output_tokens": 198, "model": "QwQ-32B", "input_tokens_per_minute": 1221383.55704698, "output_tokens_per_minute": 59673.82550335571, "slo_seconds": 5.0, "slo_attainment": 1.006711409395973, "ttft_slo_ms": 1000, "ttft_slo_attainment": 69.46308724832215, "tpot_slo_ms": 50, "tpot_slo_attainment": 41.61073825503356, "Latency": {"unit": "s", "min": 4.188824854005361, "p50": 11.41967964449941, "p90": 19.362928779596405, "p95": 21.287505697998494, "p99": 26.975125854718424, "max": 27.714535446997616}, "Throughput": {"unit": "tokens/s", "min": 7.2164298182983435, "p50": 17.409720992783882, "p90": 29.049145556887765, "p95": 32.06601219019321, "p99": 35.156320427962186, "max": 47.74608797709928}, "TTFT": {"unit": "s", "min": 0.08745122300024377, "p50": 0.743875799998932, "p90": 1.6558019856965984, "p95": 1.951051916599316, "p99": 2.6944719742789984, "max": 3.0752362109997193}, "TPOT": {"unit": "ms", "min": 19.70425095979824, "p50": 53.84645324371358, "p90": 91.66175101707623, "p95": 101.21998926809844, "p99": 121.26125837882184, "max": 127.41637697489288}, "Input Tokens per Minute": {"unit": "tokens/min", "min": 1221383.55704698, "p50": 1221383.55704698, "p90": 1221383.55704698, "p95": 1221383.55704698, "p99": 1221383.55704698, "max": 1221383.55704698}, "Output Tokens per Minute": {"unit": "tokens/min", "min": 59673.82550335571, "p50": 59673.82550335571, "p90": 59673.82550335571, "p95": 59673.82550335571, "p99": 59673.82550335571, "max": 59673.82550335571}}
{"target_qps": 5.0, "actual_qps": 4.999945463678198, "success_rate": 100.0, "input_tokens": 4084, "output_tokens": 199, "model": "QwQ-32B", "input_tokens_per_minute": 1225321.6216216215, "output_tokens_per_minute": 59965.54054054054, "slo_seconds": 5.0, "slo_attainment": 1.3513513513513513, "ttft_slo_ms": 1000, "ttft_slo_attainment": 80.74324324324324, "tpot_slo_ms": 50, "tpot_slo_attainment": 42.9054054054054, "Latency": {"unit": "s", "min": 4.795627063998836, "p50": 11.491759458996967, "p90": 16.682948529502028, "p95": 21.203122543249265, "p99": 28.372547113993278, "max": 29.00216647200432}, "Throughput": {"unit": "tokens/s", "min": 6.89603654930604, "p50": 17.40384104307101, "p90": 27.250328955738233, "p95": 33.394012156244564, "p99": 40.879680640069076, "max": 41.70466079429244}, "TTFT": {"unit": "s", "min": 0.045613943999342155, "p50": 0.5855142055006581, "p90": 1.4972186154991505, "p95": 1.8804388462522184, "p99": 2.801863567500915, "max": 3.3435582509991946}, "TPOT": {"unit": "ms", "min": 21.16668277891615, "p50": 53.9293326281351, "p90": 79.78946470854254, "p95": 103.462986575378, "p99": 138.05127502915394, "max": 142.33787280901385}, "Input Tokens per Minute": {"unit": "tokens/min", "min": 1225321.6216216215, "p50": 1225321.6216216215, "p90": 1225321.6216216215, "p95": 1225321.6216216215, "p99": 1225321.6216216215, "max": 1225321.6216216215}, "Output Tokens per Minute": {"unit": "tokens/min", "min": 59965.54054054054, "p50": 59965.54054054054, "p90": 59965.54054054054, "p95": 59965.54054054054, "p99": 59965.54054054054, "max": 59965.54054054054}}
{"target_qps": 5.0, "actual_qps": 4.999836851823969, "success_rate": 100.0, "input_tokens": 3984, "output_tokens": 199, "model": "QwQ-32B", "input_tokens_per_minute": 1203862.618924615, "output_tokens_per_minute": 60388.22340953498, "slo_seconds": 5.0, "slo_attainment": 1.9736842105263157, "ttft_slo_ms": 1000, "ttft_slo_attainment": 81.9078947368421, "tpot_slo_ms": 50, "tpot_slo_attainment": 47.368421052631575, "Latency": {"unit": "s", "min": 4.272827383996628, "p50": 11.130217354500928, "p90": 20.770685739701726, "p95": 24.836958849951404, "p99": 26.929468497780096, "max": 27.930079097997805}, "Throughput": {"unit": "tokens/s", "min": 7.160738761185148, "p50": 17.970471849338214, "p90": 31.953404053625015, "p95": 34.89529837717232, "p99": 43.08043874009278, "max": 46.80741392668388}, "TTFT": {"unit": "s", "min": 0.04776201999629848, "p50": 0.4940888980017917, "p90": 1.244337330899725, "p95": 1.5078320233980755, "p99": 2.1712521395256688, "max": 2.5911612400013837}, "TPOT": {"unit": "ms", "min": 20.395729180924704, "p50": 52.39825411056576, "p90": 99.76464169347524, "p95": 121.6831435603044, "p99": 129.6100034485747, "max": 135.08953123114887}, "Input Tokens per Minute": {"unit": "tokens/min", "min": 1203862.618924615, "p50": 1203862.618924615, "p90": 1203862.618924615, "p95": 1203862.618924615, "p99": 1203862.618924615, "max": 1203862.618924615}, "Output Tokens per Minute": {"unit": "tokens/min", "min": 60388.22340953498, "p50": 60388.22340953498, "p90": 60388.22340953498, "p95": 60388.22340953498, "p99": 60388.22340953498, "max": 60388.22340953498}}
{"target_qps": 5.0, "actual_qps": 4.999905665445976, "success_rate": 100.0, "input_tokens": 4026,