{"target_qps": 5.0, "actual_qps": 4.999824966127579, "success_rate": 100.0, "input_tokens": 3927, "output_tokens": 199, "model": "QwQ-32B", "input_tokens_per_minute": 1178210.7692307692, "output_tokens_per_minute": 59770.76923076923, "slo_seconds": 5.0, "slo_attainment": 0.0, "ttft_slo_ms": 1000, "ttft_slo_attainment": 9.230769230769232, "tpot_slo_ms": 50, "tpot_slo_attainment": 25.64102564102564, "Latency": {"unit": "s", "min": 7.362482716001978, "p50": 19.284512978003477, "p90": 39.74111703739909, "p95": 40.03959327369812, "p99": 40.14298902811992, "max": 54.05168028499611}, "Throughput": {"unit": "tokens/s", "min": 3.700162491627792, "p50": 10.364046639449313, "p90": 17.98324479542637, "p95": 20.891409546671017, "p99": 24.35410465960837, "max": 27.164749679521865}, "TTFT": {"unit": "s", "min": 0.3895817939992412, "p50": 7.67516602500109, "p90": 18.109537990600803, "p95": 21.371897717500534, "p99": 23.536813122638996, "max": 23.54926842799614}, "TPOT": {"unit": "ms", "min": 29.55150732663214, "p50": 64.98430450250196, "p90": 142.28283144119308, "p95": 146.5358559135669, "p99": 151.60565821488296, "max": 153.34462630149326}, "Input Tokens per Minute": {"unit": "tokens/min", "min": 1178210.7692307692, "p50": 1178210.7692307692, "p90": 1178210.7692307692, "p95": 1178210.7692307692, "p99": 1178210.7692307692, "max": 1178210.7692307692}, "Output Tokens per Minute": {"unit": "tokens/min", "min": 59770.76923076923, "p50": 59770.76923076923, "p90": 59770.76923076923, "p95": 59770.76923076923, "p99": 59770.76923076923, "max": 59770.76923076923}}
{"target_qps": 5.0, "actual_qps": 4.994266613973796, "success_rate": 100.0, "input_tokens": 3923, "output_tokens": 198, "model": "QwQ-32B", "input_tokens_per_minute": 1309089.1740282292, "output_tokens_per_minute": 66340.84114005952, "slo_seconds": 5.0, "slo_attainment": 0.0, "ttft_slo_ms": 1000, "ttft_slo_attainment": 26.94610778443114, "tpot_slo_ms": 50, "tpot_slo_attainment": 45.808383233532936, "Latency": {"unit": "s", "min": 5.599065555994457, "p50": 13.084852476997185, "p90": 39.076962368102244, "p95": 50.52366249355028, "p99": 58.02739202010824, "max": 59.26986449099786}, "Throughput": {"unit": "tokens/s", "min": 1.6449102254032404, "p50": 15.223058423788554, "p90": 24.931775717628998, "p95": 26.509043236918966, "p99": 29.729929152147644, "max": 35.574910779859636}, "TTFT": {"unit": "s", "min": 0.08108108599844854, "p50": 2.306347655496211, "p90": 14.733553110002685, "p95": 24.861474624553008, "p99": 29.31978961111752, "max": 29.869004271997255}, "TPOT": {"unit": "ms", "min": 23.21183766331553, "p50": 52.0756668140632, "p90": 141.17089569347132, "p95": 147.3837559175913, "p99": 149.73398135401263, "max": 236.7949760909224}, "Input Tokens per Minute": {"unit": "tokens/min", "min": 1309089.1740282292, "p50": 1309089.1740282292, "p90": 1309089.1740282292, "p95": 1309089.1740282292, "p99": 1309089.1740282292, "max": 1309089.1740282292}, "Output Tokens per Minute": {"unit": "tokens/min", "min": 66340.84114005952, "p50": 66340.84114005952, "p90": 66340.84114005952, "p95": 66340.84114005952, "p99": 66340.84114005952, "max": 66340.84114005952}}
{"target_qps": 5.0, "actual_qps": 4.994185741408122, "success_rate": 100.0, "input_tokens": 4011, "output_tokens": 197, "model": "QwQ-32B", "input_tokens_per_minute": 1290085.0758376184, "output_tokens_per_minute": 63671.87285436043, "slo_seconds": 5.0, "slo_attainment": 1.2422360248447204, "ttft_slo_ms": 1000, "ttft_slo_attainment": 50.621118012422365, "tpot_slo_ms": 50, "tpot_slo_attainment": 65.83850931677019, "Latency": {"unit": "s", "min": 2.2425653540049098, "p50": 10.275274747000367, "p90": 15.94325719479748, "p95": 25.76952271030561, "p99": 39.19757718413111, "max": 46.17958888599969}, "Throughput": {"unit": "tokens/s", "min": 4.330917724142715, "p50": 19.385928727718728, "p90": 24.828517441123914, "p95": 25.93743191750191, "p99": 28.317867365495463, "max": 30.10766549805877}, "TTFT": {"unit": "s", "min": 0.09598680400085868, "p50": 0.9817429869981424, "p90": 2.414132458303357, "p95": 7.536822674048365, "p99": 13.066114104490843, "max": 17.059659603997716}, "TPOT": {"unit": "ms", "min": 26.559967918431965, "p50": 46.192018796469554, "p90": 71.68170111510527, "p95": 90.48118107063259, "p99": 131.82132707618499, "max": 147.9304990854103}, "Input Tokens per Minute": {"unit": "tokens/min", "min": 1290085.0758376184, "p50": 1290085.0758376184, "p90": 1290085.0758376184, "p95": 1290085.0758376184, "p99": 1290085.0758376184, "max": 1290085.0758376184}, "Output Tokens per Minute": {"unit": "tokens/min", "min": 63671.87285436043, "p50": 63671.87285436043, "p90": 63671.87285436043, "p95": 63671.87285436043, "p99": 63671.87285436043, "max": 63671.87285436043}}
{"target_qps": 5.0, "actual_qps": 4.999967671042366, "success_rate": 100.0, "input_tokens": 4004, "output_tokens": 199, "model": "QwQ-32B", "input_tokens_per_minute": 1211890.110847243, "output_tokens_per_minute": 60422.6556110003, "slo_seconds": 5.0, "slo_attainment": 0.33003300330033003, "ttft_slo_ms": 1000, "ttft_slo_attainment": 78.54785478547855, "tpot_slo_ms": 50, "tpot_slo_attainment": 73.92739273927393, "Latency": {"unit": "s", "min": 3.5773786479985574, "p50": 9.418306578998454, "p90": 12.642914031997499, "p95": 15.15144586289825, "p99": 18.10836529746347, "max": 18.632672047999222}, "Throughput": {"unit": "tokens/s", "min": 10.733833530949525, "p50": 21.235239936441744, "p90": 27.233082247860118, "p95": 28.72248988266002, "p99": 31.29044070044579, "max": 32.02896144274614}, "TTFT": {"unit": "s", "min": 0.037676267995266244, "p50": 0.5353227500017965, "p90": 1.351278389997606, "p95": 1.7554933379993598, "p99": 2.230274114735367, "max": 2.860275561994058}, "TPOT": {"unit": "ms", "min": 28.52811852263681, "p50": 43.90924710050008, "p90": 57.830793793957, "p95": 68.57041994468942, "p99": 88.15765079941939, "max": 92.55533531658006}, "Input Tokens per Minute": {"unit": "tokens/min", "min": 1211890.110847243, "p50": 1211890.110847243, "p90": 1211890.110847243, "p95": 1211890.110847243, "p99": 1211890.110847243, "max": 1211890.110847243}, "Output Tokens per Minute": {"unit": "tokens/min", "min": 60422.6556110003, "p50": 60422.6556110003, "p90": 60422.6556110003, "p95": 60422.6556110003, "p99": 60422.6556110003, "max": 60422.6556110003}}
{"target_qps": 5.0, "actual_qps": 4.999973095478567, "success_rate": 100.0, "input_tokens": 4038, "output_tokens": 199, "model": "QwQ-32B", "input_tokens_per_minute": 1211583.8383838383, "output_tokens_per_minute": 59877.77777777778, "slo_seconds": 5.0, "slo_attainment": 0.33670033670033667, "ttft_slo_ms": 1000, "ttft_slo_attainment": 84.84848484848484, "tpot_slo_ms": 50, "tpot_slo_attainment": 86.53198653198653, "Latency": {"unit": "s", "min": 3.4431773599935696, "p50": 8.602181982998445, "p90": 11.382657820402535, "p95": 13.072524378402159, "p99": 18.696185304524555, "max": 19.287783280997246}, "Throughput": {"unit": "tokens/s", "min": 10.36925794355251, "p50": 23.24902435436733, "p90": 29.01767680465475, "p95": 30.39013321181418, "p99": 34.93976329003422, "max": 37.291482324858016}, "TTFT": {"unit": "s", "min": 0.045581972000945825, "p50": 0.4739882130015758, "p90": 1.1193963199999422, "p95": 1.4987958468016584, "p99": 2.3648156695204703, "max": 2.7907602969935397}, "TPOT": {"unit": "ms", "min": 26.30534260805776, "p50": 40.36531865328548, "p90": 53.4410719276332, "p95": 62.35923564824803, "p99": 88.36191363173015, "max": 94.58802310552011}, "Input Tokens per Minute": {"unit": "tokens/min", "min": 1211583.8383838383, "p50": 1211583.8383838383, "p90": 1211583.8383838383, "p95": 1211583.8383838383, "p99": 1211583.8383838383, "max": 1211583.8383838383}, "Output Tokens per Minute": {"unit": "tokens/min", "min": 59877.77777777778, "p50": 59877.77777777778, "p90": 59877.77777777778, "p95": 59877.77777777778, "p99": 59877.77777777778, "max": 59877.77777777778}}
{"target_qps": 5.0, "actual_qps": 4.999819357693347, "success_rate": 100.0, "input_tokens": 3976, "output_tokens": 199,