{"target_qps": 5.0, "actual_qps": 4.988381333565727, "success_rate": 100.0, "input_tokens": 4199, "output_tokens": 200, "model": "QwQ-32B", "input_tokens_per_minute": 1259858.0838323354, "output_tokens_per_minute": 60000.0, "slo_seconds": 5.0, "slo_attainment": 0.0, "ttft_slo_ms": 1000, "ttft_slo_attainment": 15.568862275449103, "tpot_slo_ms": 50, "tpot_slo_attainment": 38.92215568862276, "Latency": {"unit": "s", "min": 7.6816284000015, "p50": 14.054402039000706, "p90": 33.54118606559939, "p95": 42.962988792600655, "p99": 45.92222543578071, "max": 52.370568899998034}, "Throughput": {"unit": "tokens/s", "min": 3.8189388467767342, "p50": 14.230416878996609, "p90": 20.87491702360278, "p95": 22.8274289218633, "p99": 25.341087661272525, "max": 26.036146190039723}, "TTFT": {"unit": "s", "min": 0.14880242100480245, "p50": 2.776533203003055, "p90": 12.928638236600092, "p95": 13.947844302900188, "p99": 16.12505175840168, "max": 22.995477584998298}, "TPOT": {"unit": "ms", "min": 34.882279758776846, "p50": 53.92277762812273, "p90": 105.18069922210084, "p95": 148.21787061708747, "p99": 149.79821281467025, "max": 151.18594088942783}, "Input Tokens per Minute": {"unit": "tokens/min", "min": 1259858.0838323354, "p50": 1259858.0838323354, "p90": 1259858.0838323354, "p95": 1259858.0838323354, "p99": 1259858.0838323354, "max": 1259858.0838323354}, "Output Tokens per Minute": {"unit": "tokens/min", "min": 60000.0, "p50": 60000.0, "p90": 60000.0, "p95": 60000.0, "p99": 60000.0, "max": 60000.0}}
{"target_qps": 5.0, "actual_qps": 4.9907867475484435, "success_rate": 100.0, "input_tokens": 3890, "output_tokens": 199, "model": "QwQ-32B", "input_tokens_per_minute": 1361711.3753926945, "output_tokens_per_minute": 69721.6213789304, "slo_seconds": 5.0, "slo_attainment": 0.56657223796034, "ttft_slo_ms": 1000, "ttft_slo_attainment": 25.495750708215297, "tpot_slo_ms": 50, "tpot_slo_attainment": 45.609065155807365, "Latency": {"unit": "s", "min": 2.537595904999762, "p50": 12.67389459900005, "p90": 49.64762864199729, "p95": 54.496590552403354, "p99": 59.29502196092246, "max": 61.878410006000195}, "Throughput": {"unit": "tokens/s", "min": 3.2321451049017984, "p50": 15.780468934606706, "p90": 25.239691713926273, "p95": 27.047536603312462, "p99": 33.23958858071108, "max": 35.40056860616748}, "TTFT": {"unit": "s", "min": 0.09392782500071917, "p50": 2.1573615620000055, "p90": 19.661408237203435, "p95": 25.30472622060187, "p99": 29.531549890999162, "max": 32.22578144400177}, "TPOT": {"unit": "ms", "min": 23.4796884723798, "p50": 52.62891548239227, "p90": 147.74378566531348, "p95": 152.31304128743366, "p99": 158.11202968481584, "max": 190.69631315078047}, "Input Tokens per Minute": {"unit": "tokens/min", "min": 1361711.3753926945, "p50": 1361711.3753926945, "p90": 1361711.3753926945, "p95": 1361711.3753926945, "p99": 1361711.3753926945, "max": 1361711.3753926945}, "Output Tokens per Minute": {"unit": "tokens/min", "min": 69721.6213789304, "p50": 69721.6213789304, "p90": 69721.6213789304, "p95": 69721.6213789304, "p99": 69721.6213789304, "max": 69721.6213789304}}
{"target_qps": 5.0, "actual_qps": 4.999724741320883, "success_rate": 100.0, "input_tokens": 4066, "output_tokens": 199, "model": "QwQ-32B", "input_tokens_per_minute": 1326681.010160084, "output_tokens_per_minute": 65102.003738500964, "slo_seconds": 5.0, "slo_attainment": 0.0, "ttft_slo_ms": 1000, "ttft_slo_attainment": 47.72036474164133, "tpot_slo_ms": 50, "tpot_slo_attainment": 69.6048632218845, "Latency": {"unit": "s", "min": 5.395967682001356, "p50": 10.177948691001802, "p90": 15.542149077798237, "p95": 18.769458536604358, "p99": 27.824467928757052, "max": 32.702154598999186}, "Throughput": {"unit": "tokens/s", "min": 6.115804981428373, "p50": 19.644114133590133, "p90": 24.894343604397957, "p95": 26.22501716353811, "p99": 27.697764039643882, "max": 28.475703081783326}, "TTFT": {"unit": "s", "min": 0.07163872099772561, "p50": 1.0324720610005897, "p90": 3.008688800004893, "p95": 5.434946404598277, "p99": 10.3506545483236, "max": 12.480189980000432}, "TPOT": {"unit": "ms", "min": 28.724220075362872, "p50": 45.38730312061722, "p90": 66.9598722241245, "p95": 78.65852856885434, "p99": 95.40317351216426, "max": 121.24972978389492}, "Input Tokens per Minute": {"unit": "tokens/min", "min": 1326681.010160084, "p50": 1326681.010160084, "p90": 1326681.010160084, "p95": 1326681.010160084, "p99": 1326681.010160084, "max": 1326681.010160084}, "Output Tokens per Minute": {"unit": "tokens/min", "min": 65102.003738500964, "p50": 65102.003738500964, "p90": 65102.003738500964, "p95": 65102.003738500964, "p99": 65102.003738500964, "max": 65102.003738500964}}
{"target_qps": 5.0, "actual_qps": 4.999913118093252, "success_rate": 100.0, "input_tokens": 3961, "output_tokens": 199, "model": "QwQ-32B", "input_tokens_per_minute": 1201872.010105614, "output_tokens_per_minute": 60451.64813995748, "slo_seconds": 5.0, "slo_attainment": 0.32679738562091504, "ttft_slo_ms": 1000, "ttft_slo_attainment": 81.69934640522875, "tpot_slo_ms": 50, "tpot_slo_attainment": 80.3921568627451, "Latency": {"unit": "s", "min": 4.626981807996344, "p50": 9.087019186998077, "p90": 12.341437171999132, "p95": 14.85546536925358, "p99": 18.367209464949333, "max": 18.73846856799355}, "Throughput": {"unit": "tokens/s", "min": 10.673230807218271, "p50": 21.937921356205297, "p90": 28.01867594365119, "p95": 29.32547889480787, "p99": 31.554368040786233, "max": 34.82163473695091}, "TTFT": {"unit": "s", "min": 0.04782548399816733, "p50": 0.6113880779994361, "p90": 1.311476737500925, "p95": 1.6049207757532713, "p99": 2.6638945196518713, "max": 3.698630304999824}, "TPOT": {"unit": "ms", "min": 26.412584618097824, "p50": 41.8953878442194, "p90": 57.42439338190428, "p95": 68.21849640328222, "p99": 88.63702817159071, "max": 89.91322785425211}, "Input Tokens per Minute": {"unit": "tokens/min", "min": 1201872.010105614, "p50": 1201872.010105614, "p90": 1201872.010105614, "p95": 1201872.010105614, "p99": 1201872.010105614, "max": 1201872.010105614}, "Output Tokens per Minute": {"unit": "tokens/min", "min": 60451.64813995748, "p50": 60451.64813995748, "p90": 60451.64813995748, "p95": 60451.64813995748, "p99": 60451.64813995748, "max": 60451.64813995748}}
{"target_qps": 5.0, "actual_qps": 4.999966016980841, "success_rate": 100.0, "input_tokens": 3948, "output_tokens": 199, "model": "QwQ-32B", "input_tokens_per_minute": 1184551.4950166112, "output_tokens_per_minute": 59884.385382059794, "slo_seconds": 5.0, "slo_attainment": 0.33222591362126247, "ttft_slo_ms": 1000, "ttft_slo_attainment": 86.71096345514951, "tpot_slo_ms": 50, "tpot_slo_attainment": 87.37541528239203, "Latency": {"unit": "s", "min": 3.404698708000069, "p50": 8.91472853400046, "p90": 10.972282654001901, "p95": 11.70500811599777, "p99": 18.3482465699999, "max": 19.148553628998343}, "Throughput": {"unit": "tokens/s", "min": 10.444653098870212, "p50": 22.434782981580096, "p90": 28.812182318982835, "p95": 31.061489229329684, "p99": 33.499989550337354, "max": 34.924567252293286}, "TTFT": {"unit": "s", "min": 0.04397410600358853, "p50": 0.47628999399603345, "p90": 1.0669659269988188, "p95": 1.4582960459956666, "p99": 2.538086979999207, "max": 3.7632183719979366}, "TPOT": {"unit": "ms", "min": 27.52864030656351, "p50": 41.53026453265861, "p90": 51.80061289445519, "p95": 57.10709101509364, "p99": 82.09271898993931, "max": 91.4757881959916}, "Input Tokens per Minute": {"unit": "tokens/min", "min": 1184551.4950166112, "p50": 1184551.4950166112, "p90": 1184551.4950166112, "p95": 1184551.4950166112, "p99": 1184551.4950166112, "max": 1184551.4950166112}, "Output Tokens per Minute": {"unit": "tokens/min", "min": 59884.385382059794, "p50": 59884.385382059794, "p90": 59884.385382059794, "p95": 59884.385382059794, "p99": 59884.385382059794, "max": 59884.385382059794}}
{"target_qps": 5.0, "actual_qps": 4.999830358755629, "success_rate": 100.0, "input_tokens": 3937, "output_tokens": 200, "model": "QwQ-32B", "input_tokens_per_minute": 1181152.3489932886,