{"target_qps": 5.0, "actual_qps": 4.990524948327698, "success_rate": 100.0, "input_tokens": 4079, "output_tokens": 200, "model": "QwQ-32B", "input_tokens_per_minute": 1223869.3333333333, "output_tokens_per_minute": 60000.0, "slo_seconds": 5.0, "slo_attainment": 0.0, "ttft_slo_ms": 1000, "ttft_slo_attainment": 1.7777777777777777, "tpot_slo_ms": 50, "tpot_slo_attainment": 99.55555555555556, "Latency": {"unit": "s", "min": 6.134841781000432, "p50": 10.26847657000144, "p90": 15.71472278840083, "p95": 17.51069058359899, "p99": 25.36010035343881, "max": 26.501726070000586}, "Throughput": {"unit": "tokens/s", "min": 7.546678260567938, "p50": 19.47708587895935, "p90": 26.261485429920334, "p95": 28.322312319367022, "p99": 31.29076787925436, "max": 32.60067775821029}, "TTFT": {"unit": "s", "min": 0.47214548500051023, "p50": 3.708829251998395, "p90": 7.899006036001446, "p95": 10.264714630599332, "p99": 19.196706279479017, "max": 19.92778853100026}, "TPOT": {"unit": "ms", "min": 14.16443105527883, "p50": 33.775353628145204, "p90": 42.12206906532496, "p95": 45.1421439155743, "p99": 48.80481926452654, "max": 51.64240854773467}, "Input Tokens per Minute": {"unit": "tokens/min", "min": 1223869.3333333333, "p50": 1223869.3333333333, "p90": 1223869.3333333333, "p95": 1223869.3333333333, "p99": 1223869.3333333333, "max": 1223869.3333333333}, "Output Tokens per Minute": {"unit": "tokens/min", "min": 60000.0, "p50": 60000.0, "p90": 60000.0, "p95": 60000.0, "p99": 60000.0, "max": 60000.0}}
{"target_qps": 5.0, "actual_qps": 4.984457345892362, "success_rate": 100.0, "input_tokens": 3928, "output_tokens": 199, "model": "QwQ-32B", "input_tokens_per_minute": 1221984.5784616256, "output_tokens_per_minute": 62096.36961512705, "slo_seconds": 5.0, "slo_attainment": 0.0, "ttft_slo_ms": 1000, "ttft_slo_attainment": 0.641025641025641, "tpot_slo_ms": 50, "tpot_slo_attainment": 97.75641025641025, "Latency": {"unit": "s", "min": 5.534655868999835, "p50": 14.639491602999442, "p90": 24.841386508200053, "p95": 28.77092857450034, "p99": 38.01738730396022, "max": 45.072577946999445}, "Throughput": {"unit": "tokens/s", "min": 4.437287794702551, "p50": 13.661696489890426, "p90": 22.206673885540702, "p95": 24.823089045388233, "p99": 29.232122847502897, "max": 33.52711889593302}, "TTFT": {"unit": "s", "min": 0.9435130809997645, "p50": 7.251339912499134, "p90": 16.50890989109921, "p95": 21.41845261140024, "p99": 29.535905015240857, "max": 37.36015214100007}, "TPOT": {"unit": "ms", "min": 16.589500924617905, "p50": 36.83826859798784, "p90": 44.015550790451314, "p95": 47.799200722864896, "p99": 50.92712176980286, "max": 53.41814236682932}, "Input Tokens per Minute": {"unit": "tokens/min", "min": 1221984.5784616256, "p50": 1221984.5784616256, "p90": 1221984.5784616256, "p95": 1221984.5784616256, "p99": 1221984.5784616256, "max": 1221984.5784616256}, "Output Tokens per Minute": {"unit": "tokens/min", "min": 62096.36961512705, "p50": 62096.36961512705, "p90": 62096.36961512705, "p95": 62096.36961512705, "p99": 62096.36961512705, "max": 62096.36961512705}}
{"target_qps": 5.0, "actual_qps": 4.9930866065704285, "success_rate": 100.0, "input_tokens": 4047, "output_tokens": 199, "model": "QwQ-32B", "input_tokens_per_minute": 1323319.5931950866, "output_tokens_per_minute": 65212.65234777896, "slo_seconds": 5.0, "slo_attainment": 0.6097560975609756, "ttft_slo_ms": 1000, "ttft_slo_attainment": 11.585365853658537, "tpot_slo_ms": 50, "tpot_slo_attainment": 100.0, "Latency": {"unit": "s", "min": 3.1227234849993692, "p50": 9.63560742450045, "p90": 15.357821371300638, "p95": 18.739039584300187, "p99": 23.93658920698923, "max": 30.822615665998455}, "Throughput": {"unit": "tokens/s", "min": 6.48874197333704, "p50": 20.700081765851557, "p90": 27.850753701225123, "p95": 30.489442829490013, "p99": 34.260194080588676, "max": 41.275747748760544}, "TTFT": {"unit": "s", "min": 0.27755268800137856, "p50": 2.3967389174995333, "p90": 8.080872405899937, "p95": 11.077917579799383, "p99": 15.938857035839293, "max": 21.98134398000002}, "TPOT": {"unit": "ms", "min": 22.046539180908567, "p50": 34.71793699245883, "p90": 43.14475309699113, "p95": 44.699024938193325, "p99": 46.02900911763942, "max": 47.521187979899096}, "Input Tokens per Minute": {"unit": "tokens/min", "min": 1323319.5931950866, "p50": 1323319.5931950866, "p90": 1323319.5931950866, "p95": 1323319.5931950866, "p99": 1323319.5931950866, "max": 1323319.5931950866}, "Output Tokens per Minute": {"unit": "tokens/min", "min": 65212.65234777896, "p50": 65212.65234777896, "p90": 65212.65234777896, "p95": 65212.65234777896, "p99": 65212.65234777896, "max": 65212.65234777896}}
{"target_qps": 5.0, "actual_qps": 4.999961207301046, "success_rate": 100.0, "input_tokens": 3960, "output_tokens": 199, "model": "QwQ-32B", "input_tokens_per_minute": 1188048.2876712328, "output_tokens_per_minute": 59747.2602739726, "slo_seconds": 5.0, "slo_attainment": 0.3424657534246575, "ttft_slo_ms": 1000, "ttft_slo_attainment": 7.876712328767123, "tpot_slo_ms": 50, "tpot_slo_attainment": 99.65753424657534, "Latency": {"unit": "s", "min": 2.3646631949995935, "p50": 10.117810119500973, "p90": 14.326893432300132, "p95": 16.343244383150246, "p99": 19.207076129759677, "max": 23.234374110999852}, "Throughput": {"unit": "tokens/s", "min": 8.60793576984344, "p50": 19.767123574515104, "p90": 26.022779320134788, "p95": 28.024395788579824, "p99": 32.04164608741981, "max": 39.89267530745974}, "TTFT": {"unit": "s", "min": 0.10160704699956113, "p50": 2.720473239999592, "p90": 6.549977636699806, "p95": 7.87040420650037, "p99": 10.714745466068909, "max": 15.23313643000074}, "TPOT": {"unit": "ms", "min": 19.1142575929633, "p50": 37.23321811055061, "p90": 43.64993877487581, "p95": 44.87055779371798, "p99": 48.69086478361802, "max": 53.61248100962257}, "Input Tokens per Minute": {"unit": "tokens/min", "min": 1188048.2876712328, "p50": 1188048.2876712328, "p90": 1188048.2876712328, "p95": 1188048.2876712328, "p99": 1188048.2876712328, "max": 1188048.2876712328}, "Output Tokens per Minute": {"unit": "tokens/min", "min": 59747.2602739726, "p50": 59747.2602739726, "p90": 59747.2602739726, "p95": 59747.2602739726, "p99": 59747.2602739726, "max": 59747.2602739726}}
{"target_qps": 5.0, "actual_qps": 4.999909707963815, "success_rate": 100.0, "input_tokens": 3942, "output_tokens": 199, "model": "QwQ-32B", "input_tokens_per_minute": 1198767.9730359283, "output_tokens_per_minute": 60679.78683742444, "slo_seconds": 5.0, "slo_attainment": 0.32786885245901637, "ttft_slo_ms": 1000, "ttft_slo_attainment": 66.55737704918033, "tpot_slo_ms": 50, "tpot_slo_attainment": 100.0, "Latency": {"unit": "s", "min": 3.2050996369998757, "p50": 8.013028284998654, "p90": 9.593436501000179, "p95": 9.885049979000177, "p99": 10.224127327281094, "max": 10.700751512000352}, "Throughput": {"unit": "tokens/s", "min": 18.69027607787267, "p50": 24.7707736019279, "p90": 29.827372646388632, "p95": 31.182841063343822, "p99": 34.357497746397655, "max": 36.92471207657918}, "TTFT": {"unit": "s", "min": 0.04717374200117774, "p50": 0.8206236320002063, "p90": 1.182051118999152, "p95": 1.3031955214002666, "p99": 1.6798523793602342, "max": 1.9943819219988654}, "TPOT": {"unit": "ms", "min": 25.451926542714386, "p50": 36.87542513064878, "p90": 43.11411662814652, "p95": 44.039453290450865, "p99": 47.22839742050432, "max": 48.679507206031474}, "Input Tokens per Minute": {"unit": "tokens/min", "min": 1198767.9730359283, "p50": 1198767.9730359283, "p90": 1198767.9730359283, "p95": 1198767.9730359283, "p99": 1198767.9730359283, "max": 1198767.9730359283}, "Output Tokens per Minute": {"unit": "tokens/min", "min": 60679.78683742444, "p50": 60679.78683742444, "p90": 60679.78683742444, "p95": 60679.78683742444, "p99": 60679.78683742444, "max": 60679.78683742444}}
{"target_qps": 5.0, "actual_qps": 4.9999200300291475, "success_rate": 100.0, "input_tokens": 3961, "output_tokens": 199, "model": "QwQ-32B", "input_tokens_per_minute": 1240160.900619157,