{"target_qps": 5.0, "actual_qps": 4.98403282468503, "success_rate": 100.0, "input_tokens": 3908, "output_tokens": 200, "model": "QwQ-32B", "input_tokens_per_minute": 1172452.9411764706, "output_tokens_per_minute": 60000.00000000001, "slo_seconds": 5.0, "slo_attainment": 0.0, "ttft_slo_ms": 1000, "ttft_slo_attainment": 1.06951871657754, "tpot_slo_ms": 50, "tpot_slo_attainment": 63.63636363636363, "Latency": {"unit": "s", "min": 8.634995578000598, "p50": 15.950697062000472, "p90": 23.397197307000173, "p95": 25.34989345930007, "p99": 27.924161493921396, "max": 29.47344744700058}, "Throughput": {"unit": "tokens/s", "min": 6.7857687961220625, "p50": 12.538636977594056, "p90": 15.220718296772723, "p95": 17.353015004968164, "p99": 19.910217836896276, "max": 23.16156368505162}, "TTFT": {"unit": "s", "min": 0.2587005160003173, "p50": 6.17628671500097, "p90": 15.697599153000557, "p95": 17.410598278599537, "p99": 20.72196537861998, "max": 23.884967083999072}, "TPOT": {"unit": "ms", "min": 10.630795824113763, "p50": 46.91695126130802, "p90": 59.78210604623369, "p95": 61.19720447085863, "p99": 63.918912133463394, "max": 65.91529950250946}, "Input Tokens per Minute": {"unit": "tokens/min", "min": 1172452.9411764706, "p50": 1172452.9411764706, "p90": 1172452.9411764706, "p95": 1172452.9411764706, "p99": 1172452.9411764706, "max": 1172452.9411764706}, "Output Tokens per Minute": {"unit": "tokens/min", "min": 60000.00000000001, "p50": 60000.00000000001, "p90": 60000.00000000001, "p95": 60000.00000000001, "p99": 60000.00000000001, "max": 60000.00000000001}}
{"target_qps": 5.0, "actual_qps": 4.999567619060462, "success_rate": 100.0, "input_tokens": 3946, "output_tokens": 199, "model": "QwQ-32B", "input_tokens_per_minute": 1457557.2947912079, "output_tokens_per_minute": 73628.68783015326, "slo_seconds": 5.0, "slo_attainment": 0.0, "ttft_slo_ms": 1000, "ttft_slo_attainment": 3.753351206434316, "tpot_slo_ms": 50, "tpot_slo_attainment": 94.90616621983914, "Latency": {"unit": "s", "min": 5.248385360999237, "p50": 12.873281897000197, "p90": 23.501592463200723, "p95": 26.0507056781993, "p99": 39.35176797960004, "max": 46.53510345700124}, "Throughput": {"unit": "tokens/s", "min": 4.149504752336325, "p50": 15.457398408232976, "p90": 23.469784037920714, "p95": 26.2766618481094, "p99": 31.414617329963484, "max": 38.1069579010338}, "TTFT": {"unit": "s", "min": 0.6594701499998337, "p50": 5.6750423869998485, "p90": 16.492721821600572, "p95": 19.108588353999938, "p99": 31.945392228441186, "max": 40.977716487999714}, "TPOT": {"unit": "ms", "min": 9.457815070351016, "p50": 33.90349087939326, "p90": 47.152337648243076, "p95": 50.0458834321634, "p99": 55.757997408236854, "max": 63.07006708000699}, "Input Tokens per Minute": {"unit": "tokens/min", "min": 1457557.2947912079, "p50": 1457557.2947912079, "p90": 1457557.2947912079, "p95": 1457557.2947912079, "p99": 1457557.2947912079, "max": 1457557.2947912079}, "Output Tokens per Minute": {"unit": "tokens/min", "min": 73628.68783015326, "p50": 73628.68783015326, "p90": 73628.68783015326, "p95": 73628.68783015326, "p99": 73628.68783015326, "max": 73628.68783015326}}
{"target_qps": 5.0, "actual_qps": 4.995050828131051, "success_rate": 100.0, "input_tokens": 4008, "output_tokens": 198, "model": "QwQ-32B", "input_tokens_per_minute": 1202400.0, "output_tokens_per_minute": 59686.73469387755, "slo_seconds": 5.0, "slo_attainment": 0.0, "ttft_slo_ms": 1000, "ttft_slo_attainment": 3.741496598639456, "tpot_slo_ms": 50, "tpot_slo_attainment": 100.0, "Latency": {"unit": "s", "min": 5.026208252000288, "p50": 11.04440184699979, "p90": 16.456519024499173, "p95": 18.793558710049908, "p99": 23.935213233619756, "max": 28.078853798999262}, "Throughput": {"unit": "tokens/s", "min": 7.122797868876259, "p50": 18.03556531873484, "p90": 24.457156294743392, "p95": 26.313261707290597, "p99": 30.94832669167982, "max": 33.602362754162485}, "TTFT": {"unit": "s", "min": 0.34280404499986616, "p50": 3.8014495330007776, "p90": 8.503244804600397, "p95": 10.76380826530012, "p99": 15.657397562269336, "max": 21.907585572000244}, "TPOT": {"unit": "ms", "min": 17.244705582916094, "p50": 37.48645338441861, "p90": 42.670557960303285, "p95": 44.88041681608327, "p99": 46.69177841712997, "max": 48.10846841709047}, "Input Tokens per Minute": {"unit": "tokens/min", "min": 1202400.0, "p50": 1202400.0, "p90": 1202400.0, "p95": 1202400.0, "p99": 1202400.0, "max": 1202400.0}, "Output Tokens per Minute": {"unit": "tokens/min", "min": 59686.73469387755, "p50": 59686.73469387755, "p90": 59686.73469387755, "p95": 59686.73469387755, "p99": 59686.73469387755, "max": 59686.73469387755}}
{"target_qps": 5.0, "actual_qps": 4.9999572136161134, "success_rate": 100.0, "input_tokens": 3991, "output_tokens": 199, "model": "QwQ-32B", "input_tokens_per_minute": 1205493.6304693508, "output_tokens_per_minute": 60276.76095438115, "slo_seconds": 5.0, "slo_attainment": 0.32786885245901637, "ttft_slo_ms": 1000, "ttft_slo_attainment": 38.36065573770492, "tpot_slo_ms": 50, "tpot_slo_attainment": 100.0, "Latency": {"unit": "s", "min": 4.977010448999863, "p50": 8.562669646000359, "p90": 10.955324837999799, "p95": 12.504688428998636, "p99": 15.76355260171919, "max": 18.02444177199868}, "Throughput": {"unit": "tokens/s", "min": 11.096044056726564, "p50": 23.286134225048325, "p90": 31.192590574293167, "p95": 32.74288514532238, "p99": 36.651685131034526, "max": 40.184765945225266}, "TTFT": {"unit": "s", "min": 0.05328360500061535, "p50": 1.1556084869989718, "p90": 3.967680562399983, "p95": 5.317399139400004, "p99": 7.793738553999719, "max": 10.333484004999264}, "TPOT": {"unit": "ms", "min": 21.568849246232183, "p50": 35.15742782412106, "p90": 42.117357878385924, "p95": 43.81821285326134, "p99": 47.090471093667546, "max": 47.502073683419404}, "Input Tokens per Minute": {"unit": "tokens/min", "min": 1205493.6304693508, "p50": 1205493.6304693508, "p90": 1205493.6304693508, "p95": 1205493.6304693508, "p99": 1205493.6304693508, "max": 1205493.6304693508}, "Output Tokens per Minute": {"unit": "tokens/min", "min": 60276.76095438115, "p50": 60276.76095438115, "p90": 60276.76095438115, "p95": 60276.76095438115, "p99": 60276.76095438115, "max": 60276.76095438115}}
{"target_qps": 5.0, "actual_qps": 4.999980741574193, "success_rate": 100.0, "input_tokens": 4038, "output_tokens": 199, "model": "QwQ-32B", "input_tokens_per_minute": 1215795.7253384944, "output_tokens_per_minute": 60048.02355388401, "slo_seconds": 5.0, "slo_attainment": 0.6578947368421052, "ttft_slo_ms": 1000, "ttft_slo_attainment": 65.13157894736842, "tpot_slo_ms": 50, "tpot_slo_attainment": 100.0, "Latency": {"unit": "s", "min": 3.7183420179990208, "p50": 8.003827232999356, "p90": 9.56035894240049, "p95": 9.874772805201154, "p99": 10.03600919113156, "max": 10.276496538999709}, "Throughput": {"unit": "tokens/s", "min": 19.461885598948253, "p50": 24.936773818512926, "p90": 30.89810340442794, "p95": 32.69006601798203, "p99": 37.61026276993699, "max": 43.67565921140314}, "TTFT": {"unit": "s", "min": 0.05106388900094316, "p50": 0.7671274234999146, "p90": 1.3328516124998713, "p95": 1.6306772322996033, "p99": 2.1897528573411824, "max": 2.4569510419987637}, "TPOT": {"unit": "ms", "min": 22.712829552769858, "p50": 36.500821155774005, "p90": 42.960598021102726, "p95": 43.896137530908106, "p99": 46.28956087397298, "max": 46.75779098995268}, "Input Tokens per Minute": {"unit": "tokens/min", "min": 1215795.7253384944, "p50": 1215795.7253384944, "p90": 1215795.7253384944, "p95": 1215795.7253384944, "p99": 1215795.7253384944, "max": 1215795.7253384944}, "Output Tokens per Minute": {"unit": "tokens/min", "min": 60048.02355388401, "p50": 60048.02355388401, "p90": 60048.02355388401, "p95": 60048.02355388401, "p99": 60048.02355388401, "max": 60048.02355388401}}
{"target_qps": 5.0, "actual_qps": 4.999941424436215, "success_rate": 100.0, "input_tokens": 4000, "output_tokens": 199, "model": "QwQ-32B", "input_tokens_per_minute": 1200169.4352159468,