{"actual_qps": 5.766197247542624, "success_rate": 100.0, "input_tokens": 4123, "output_tokens": 200, "model": "QwQ-32B", "input_tokens_per_minute": 674685.4906269569, "output_tokens_per_minute": 32724.401473233353, "slo_seconds": 5.0, "slo_attainment": 0.0, "ttft_slo_ms": 1000, "ttft_slo_attainment": 1.8072289156626504, "tpot_slo_ms": 50, "tpot_slo_attainment": 0.0, "Latency": {"unit": "s", "min": 14.030771560006542, "p50": 27.411344880994875, "p90": 29.646684469997126, "p95": 29.803124348498386, "p99": 31.433674316102383, "max": 42.118287546007195}, "Throughput": {"unit": "tokens/s", "min": 4.7485311405771995, "p50": 7.296254909357665, "p90": 11.091542578758505, "p95": 11.788984246307223, "p99": 13.521316077778506, "max": 14.254383598552918}, "TTFT": {"unit": "s", "min": 0.5429649160068948, "p50": 3.713703206500213, "p90": 5.064877083001193, "p95": 5.470093851505226, "p99": 6.13715755154917, "max": 14.692595401007566}, "TPOT": {"unit": "ms", "min": 50.311031532617186, "p50": 118.71313849500913, "p90": 132.5722837713667, "p95": 135.0293764548197, "p99": 137.3837041120301, "max": 148.8193555628435}, "Input Tokens per Minute": {"unit": "tokens/min", "min": 674685.4906269569, "p50": 674685.4906269569, "p90": 674685.4906269569, "p95": 674685.4906269569, "p99": 674685.4906269569, "max": 674685.4906269569}, "Output Tokens per Minute": {"unit": "tokens/min", "min": 32724.401473233353, "p50": 32724.401473233353, "p90": 32724.401473233353, "p95": 32724.401473233353, "p99": 32724.401473233353, "max": 32724.401473233353}}
{"actual_qps": 4.495449264322892, "success_rate": 100.0, "input_tokens": 3920, "output_tokens": 200, "model": "QwQ-32B", "input_tokens_per_minute": 1366253.6590631856, "output_tokens_per_minute": 69695.8703461447, "slo_seconds": 5.0, "slo_attainment": 0.0, "ttft_slo_ms": 1000, "ttft_slo_attainment": 1.1299435028248588, "tpot_slo_ms": 50, "tpot_slo_attainment": 0.2824858757062147, "Latency": {"unit": "s", "min": 11.172470630001044, "p50": 30.255101027498313, "p90": 43.58400183439517, "p95": 45.07591714734808, "p99": 50.04432518119005, "max": 51.838521006997325}, "Throughput": {"unit": "tokens/s", "min": 3.8581347637793018, "p50": 6.610455984481151, "p90": 11.212771068672234, "p95": 12.143862512915614, "p99": 14.266598427483979, "max": 17.90114350025204}, "TTFT": {"unit": "s", "min": 0.20032264999463223, "p50": 5.2361974625018775, "p90": 16.747818732897574, "p95": 18.49175339375142, "p99": 21.763294175365434, "max": 25.246209775999887}, "TPOT": {"unit": "ms", "min": 42.12678387436733, "p50": 121.56066432161327, "p90": 159.9337830733427, "p95": 166.08291373165991, "p99": 176.5384748608711, "max": 180.30291372862172}, "Input Tokens per Minute": {"unit": "tokens/min", "min": 1366253.6590631856, "p50": 1366253.6590631856, "p90": 1366253.6590631856, "p95": 1366253.6590631856, "p99": 1366253.6590631856, "max": 1366253.6590631856}, "Output Tokens per Minute": {"unit": "tokens/min", "min": 69695.8703461447, "p50": 69695.8703461447, "p90": 69695.8703461447, "p95": 69695.8703461447, "p99": 69695.8703461447, "max": 69695.8703461447}}
{"actual_qps": 4.8113272025623885, "success_rate": 100.0, "input_tokens": 4137, "output_tokens": 200, "model": "QwQ-32B", "input_tokens_per_minute": 778009.684887292, "output_tokens_per_minute": 37604.2690285696, "slo_seconds": 5.0, "slo_attainment": 0.0, "ttft_slo_ms": 1000, "ttft_slo_attainment": 0.0, "tpot_slo_ms": 50, "tpot_slo_attainment": 4.712041884816754, "Latency": {"unit": "s", "min": 13.864243086994975, "p50": 31.337830156000564, "p90": 43.66442736600584, "p95": 46.229097802999604, "p99": 48.63428584749636, "max": 51.28390236200357}, "Throughput": {"unit": "tokens/s", "min": 3.899859230450854, "p50": 6.382062797723856, "p90": 11.182378760499637, "p95": 12.699295095424578, "p99": 13.7908492983651, "max": 14.42559819133619}, "TTFT": {"unit": "s", "min": 1.1625574639911065, "p50": 6.129457649003598, "p90": 12.302463935993728, "p95": 16.015015081989986, "p99": 17.25125607839145, "max": 18.29798887799552}, "TPOT": {"unit": "ms", "min": 17.011137487484966, "p50": 134.9159915175847, "p90": 166.9121115829242, "p95": 174.78483051756905, "p99": 184.72740259402502, "max": 191.33680280904642}, "Input Tokens per Minute": {"unit": "tokens/min", "min": 778009.684887292, "p50": 778009.684887292, "p90": 778009.684887292, "p95": 778009.684887292, "p99": 778009.684887292, "max": 778009.684887292}, "Output Tokens per Minute": {"unit": "tokens/min", "min": 37604.2690285696, "p50": 37604.2690285696, "p90": 37604.2690285696, "p95": 37604.2690285696, "p99": 37604.2690285696, "max": 37604.2690285696}}
{"actual_qps": 4.7592889697068985, "success_rate": 100.0, "input_tokens": 3997, "output_tokens": 199, "model": "QwQ-32B", "input_tokens_per_minute": 1400965.74635338, "output_tokens_per_minute": 69786.43560139675, "slo_seconds": 5.0, "slo_attainment": 0.0, "ttft_slo_ms": 1000, "ttft_slo_attainment": 1.1235955056179776, "tpot_slo_ms": 50, "tpot_slo_attainment": 0.5617977528089888, "Latency": {"unit": "s", "min": 11.39128505399276, "p50": 33.21632427749864, "p90": 44.48282003400527, "p95": 46.86766409499978, "p99": 50.22292218445582, "max": 52.862809803991695}, "Throughput": {"unit": "tokens/s", "min": 1.0334418093817925, "p50": 5.968866073157196, "p90": 10.599379216067708, "p95": 11.871253352559602, "p99": 15.225052408787818, "max": 17.557281645752337}, "TTFT": {"unit": "s", "min": 0.5939912059984636, "p50": 6.870945787501114, "p90": 13.040359009501117, "p95": 14.765180766997219, "p99": 19.045932745902245, "max": 21.061368909009616}, "TPOT": {"unit": "ms", "min": 44.85189954768668, "p50": 132.7598774346439, "p90": 174.94168122112254, "p95": 177.83388633421538, "p99": 185.2394253808451, "max": 615.8856036943488}, "Input Tokens per Minute": {"unit": "tokens/min", "min": 1400965.74635338, "p50": 1400965.74635338, "p90": 1400965.74635338, "p95": 1400965.74635338, "p99": 1400965.74635338, "max": 1400965.74635338}, "Output Tokens per Minute": {"unit": "tokens/min", "min": 69786.43560139675, "p50": 69786.43560139675, "p90": 69786.43560139675, "p95": 69786.43560139675, "p99": 69786.43560139675, "max": 69786.43560139675}}
{"actual_qps": 5.516607641448231, "success_rate": 100.0, "input_tokens": 3916, "output_tokens": 200, "model": "QwQ-32B", "input_tokens_per_minute": 1302978.0777904526, "output_tokens_per_minute": 66545.7745112907, "slo_seconds": 5.0, "slo_attainment": 0.0, "ttft_slo_ms": 1000, "ttft_slo_attainment": 18.04733727810651, "tpot_slo_ms": 50, "tpot_slo_attainment": 2.366863905325444, "Latency": {"unit": "s", "min": 8.268214980998891, "p50": 27.735570341006678, "p90": 37.47849899669818, "p95": 39.995248933449325, "p99": 44.63676537219901, "max": 46.62665698899946}, "Throughput": {"unit": "tokens/s", "min": 4.289391796782378, "p50": 7.210992709068703, "p90": 11.469731908400187, "p95": 14.017018608360358, "p99": 20.72597804698681, "max": 24.189017878661616}, "TTFT": {"unit": "s", "min": 0.127777725996566, "p50": 3.65784249950957, "p90": 10.141012977898935, "p95": 11.28934084890206, "p99": 14.634162599731786, "max": 15.86031777500466}, "TPOT": {"unit": "ms", "min": 37.187105407057935, "p50": 118.66178410804167, "p90": 148.08304946427643, "p95": 152.56175596506685, "p99": 164.7996032817202, "max": 195.9086140854215}, "Input Tokens per Minute": {"unit": "tokens/min", "min": 1302978.0777904526, "p50": 1302978.0777904526, "p90": 1302978.0777904526, "p95": 1302978.0777904526, "p99": 1302978.0777904526, "max": 1302978.0777904526}, "Output Tokens per Minute": {"unit": "tokens/min", "min": 66545.7745112907, "p50": 66545.7745112907, "p90": 66545.7745112907, "p95": 66545.7745112907, "p99": 66545.7745112907, "max": 66545.7745112907}}
{"actual_qps": 4.599985130547522, "success_rate": 100.0, "input_tokens": 3957, "output_tokens": 199, "model": "QwQ-32B", "input_tokens_per_minute": 1340276.1968800724, "output_tokens_per_minute": 67679.80901183814, "slo_seconds": 5.0, "slo_attainment": 0.0, "ttft_slo_ms": 1000, "ttft_slo_attainment": 26.453488372093027,