{"actual_qps": 1.2153172535523422, "success_rate": 100.0, "input_tokens": 3494, "output_tokens": 196, "model": "QwQ-32B", "input_tokens_per_minute": 169878.9902091521, "output_tokens_per_minute": 9572.81094278109, "slo_seconds": 5.0, "slo_attainment": 0.0, "ttft_slo_ms": 1000, "ttft_slo_attainment": 2.0, "tpot_slo_ms": 50, "tpot_slo_attainment": 6.0, "Latency": {"unit": "s", "min": 10.86471427399374, "p50": 21.247011337000004, "p90": 26.76751965029398, "p95": 26.810232604696647, "p99": 39.29074543885882, "max": 51.17965247599932}, "Throughput": {"unit": "tokens/s", "min": 2.9466713889162603, "p50": 9.390056755255452, "p90": 14.085669348783867, "p95": 16.735292032133344, "p99": 18.2447528926335, "max": 18.408215343382643}, "TTFT": {"unit": "s", "min": 0.7026779290026752, "p50": 5.393950267505716, "p90": 6.660484567297681, "p95": 7.024369547700188, "p99": 21.54816879209009, "max": 35.02397310700326}, "TPOT": {"unit": "ms", "min": 39.06182259803546, "p50": 80.66597398996163, "p90": 102.06768397237005, "p95": 104.12624087638409, "p99": 161.58642325632533, "max": 213.05098673328757}, "Input Tokens per Minute": {"unit": "tokens/min", "min": 169878.9902091521, "p50": 169878.9902091521, "p90": 169878.9902091521, "p95": 169878.9902091521, "p99": 169878.9902091521, "max": 169878.9902091521}, "Output Tokens per Minute": {"unit": "tokens/min", "min": 9572.81094278109, "p50": 9572.81094278109, "p90": 9572.81094278109, "p95": 9572.81094278109, "p99": 9572.81094278109, "max": 9572.81094278109}}
{"actual_qps": 0.9862996252896405, "success_rate": 100.0, "input_tokens": 4183, "output_tokens": 193, "model": "QwQ-32B", "input_tokens_per_minute": 202908.67320696398, "output_tokens_per_minute": 9404.447771368303, "slo_seconds": 5.0, "slo_attainment": 0.0, "ttft_slo_ms": 1000, "ttft_slo_attainment": 4.0, "tpot_slo_ms": 50, "tpot_slo_attainment": 2.0, "Latency": {"unit": "s", "min": 6.217208735004533, "p50": 30.72260033949715, "p90": 42.24952640299889, "p95": 43.03416139170003, "p99": 47.22558470622534, "max": 47.498580671002856}, "Throughput": {"unit": "tokens/s", "min": 2.676814375774992, "p50": 6.238110794241827, "p90": 11.170470792087563, "p95": 12.429619167235378, "p99": 12.958179729793748, "max": 13.264372733178881}, "TTFT": {"unit": "s", "min": 0.6562545750057325, "p50": 4.117054661001021, "p90": 12.61637751960516, "p95": 16.120582406452737, "p99": 16.79952582216851, "max": 16.885818039998412}, "TPOT": {"unit": "ms", "min": 5.357004432186097, "p50": 132.1460010879322, "p90": 180.9783338979995, "p95": 190.19135212813546, "p99": 268.5337285927561, "max": 327.12466152515844}, "Input Tokens per Minute": {"unit": "tokens/min", "min": 202908.67320696398, "p50": 202908.67320696398, "p90": 202908.67320696398, "p95": 202908.67320696398, "p99": 202908.67320696398, "max": 202908.67320696398}, "Output Tokens per Minute": {"unit": "tokens/min", "min": 9404.447771368303, "p50": 9404.447771368303, "p90": 9404.447771368303, "p95": 9404.447771368303, "p99": 9404.447771368303, "max": 9404.447771368303}}
{"actual_qps": 1.1141482649620154, "success_rate": 100.0, "input_tokens": 4284, "output_tokens": 198, "model": "QwQ-32B", "input_tokens_per_minute": 266002.0985482791, "output_tokens_per_minute": 12354.615470226463, "slo_seconds": 5.0, "slo_attainment": 0.0, "ttft_slo_ms": 1000, "ttft_slo_attainment": 9.375, "tpot_slo_ms": 50, "tpot_slo_attainment": 17.1875, "Latency": {"unit": "s", "min": 7.658403576002456, "p50": 25.03379757249786, "p90": 35.658727774299045, "p95": 37.39095545375021, "p99": 42.76621291355972, "max": 42.91787030300475}, "Throughput": {"unit": "tokens/s", "min": 4.601145682336458, "p50": 7.99022109332865, "p90": 15.962980640551777, "p95": 17.720935384110906, "p99": 24.449879498495022, "max": 26.115103234660854}, "TTFT": {"unit": "s", "min": 0.15798186999745667, "p50": 3.8066167249926366, "p90": 7.906761833099882, "p95": 10.113672611259238, "p99": 12.375680528413064, "max": 13.591656061005779}, "TPOT": {"unit": "ms", "min": 17.35671805030662, "p50": 113.63054586180436, "p90": 155.7687704382425, "p95": 162.2799346761529, "p99": 183.58706119891318, "max": 200.9915313358747}, "Input Tokens per Minute": {"unit": "tokens/min", "min": 266002.0985482791, "p50": 266002.0985482791, "p90": 266002.0985482791, "p95": 266002.0985482791, "p99": 266002.0985482791, "max": 266002.0985482791}, "Output Tokens per Minute": {"unit": "tokens/min", "min": 12354.615470226463, "p50": 12354.615470226463, "p90": 12354.615470226463, "p95": 12354.615470226463, "p99": 12354.615470226463, "max": 12354.615470226463}}
{"actual_qps": 1.1774203896773638, "success_rate": 100.0, "input_tokens": 4022, "output_tokens": 199, "model": "QwQ-32B", "input_tokens_per_minute": 307527.36706100823, "output_tokens_per_minute": 15240.013394497913, "slo_seconds": 5.0, "slo_attainment": 0.0, "ttft_slo_ms": 1000, "ttft_slo_attainment": 1.2658227848101267, "tpot_slo_ms": 50, "tpot_slo_attainment": 1.2658227848101267, "Latency": {"unit": "s", "min": 12.50656526601233, "p50": 31.43510254099965, "p90": 41.44105725140544, "p95": 43.75998265799717, "p99": 48.170123293361975, "max": 48.739038475003326}, "Throughput": {"unit": "tokens/s", "min": 4.103486778931298, "p50": 6.362314223061539, "p90": 10.931565320747929, "p95": 12.879298791459965, "p99": 15.071330040677427, "max": 15.99160087090556}, "TTFT": {"unit": "s", "min": 0.407171983999433, "p50": 6.613084020995302, "p90": 12.93265555719845, "p95": 13.95259212040546, "p99": 17.39841686263913, "max": 18.957756524003344}, "TPOT": {"unit": "ms", "min": 46.730029276421824, "p50": 125.55670015582344, "p90": 159.23706511457934, "p95": 164.9892475919613, "p99": 171.67002819245388, "max": 173.54288566334}, "Input Tokens per Minute": {"unit": "tokens/min", "min": 307527.36706100823, "p50": 307527.36706100823, "p90": 307527.36706100823, "p95": 307527.36706100823, "p99": 307527.36706100823, "max": 307527.36706100823}, "Output Tokens per Minute": {"unit": "tokens/min", "min": 15240.013394497913, "p50": 15240.013394497913, "p90": 15240.013394497913, "p95": 15240.013394497913, "p99": 15240.013394497913, "max": 15240.013394497913}}
{"actual_qps": 1.2295122420985192, "success_rate": 100.0, "input_tokens": 3749, "output_tokens": 199, "model": "QwQ-32B", "input_tokens_per_minute": 293937.35511670203, "output_tokens_per_minute": 15642.594393488967, "slo_seconds": 5.0, "slo_attainment": 0.0, "ttft_slo_ms": 1000, "ttft_slo_attainment": 25.925925925925924, "tpot_slo_ms": 50, "tpot_slo_attainment": 2.4691358024691357, "Latency": {"unit": "s", "min": 8.16029025700118, "p50": 26.63099376199534, "p90": 36.890780232002726, "p95": 39.90163057799509, "p99": 44.2656542566052, "max": 46.5376872469933}, "Throughput": {"unit": "tokens/s", "min": 4.111814443444129, "p50": 7.510046443907653, "p90": 12.872996886195827, "p95": 13.75588033018881, "p99": 20.03629136252169, "max": 24.508932121428963}, "TTFT": {"unit": "s", "min": 0.3315749370085541, "p50": 2.40631423900777, "p90": 8.100363955003559, "p95": 11.043525005006813, "p99": 12.485627684599605, "max": 12.727568863003398}, "TPOT": {"unit": "ms", "min": 37.04812787938278, "p50": 122.95667428640887, "p90": 151.26735702009015, "p95": 155.62852837188325, "p99": 171.55085402709344, "max": 172.86799019600392}, "Input Tokens per Minute": {"unit": "tokens/min", "min": 293937.35511670203, "p50": 293937.35511670203, "p90": 293937.35511670203, "p95": 293937.35511670203, "p99": 293937.35511670203, "max": 293937.35511670203}, "Output Tokens per Minute": {"unit": "tokens/min", "min": 15642.594393488967, "p50": 15642.594393488967, "p90": 15642.594393488967, "p95": 15642.594393488967, "p99": 15642.594393488967, "max": 15642.594393488967}}
{"actual_qps": 1.0322503841071844, "success_rate": 100.0, "input_tokens": 3825, "output_tokens": 200, "model": "QwQ-32B", "input_tokens_per_minute": 325822.737022042, "output_tokens_per_minute": 17032.13133776854, "slo_seconds": 5.0, "slo_attainment": 14.772727272727273, "ttft_slo_ms": 1000, "ttft_slo_attainment": 48.86363636363637,