{"actual_qps": 5.318896819265311, "success_rate": 100.0, "input_tokens": 3888, "output_tokens": 199, "model": "QwQ-32B", "input_tokens_per_minute": 809381.8148477954, "output_tokens_per_minute": 41596.41605675126, "slo_seconds": 5.0, "slo_attainment": 0.0, "ttft_slo_ms": 1000, "ttft_slo_attainment": 1.4285714285714286, "tpot_slo_ms": 50, "tpot_slo_attainment": 2.857142857142857, "Latency": {"unit": "s", "min": 12.900366408008267, "p50": 30.6806273060065, "p90": 37.71599240969372, "p95": 37.79895427164956, "p99": 37.96151869364127, "max": 47.621869729002356}, "Throughput": {"unit": "tokens/s", "min": 4.199751104652603, "p50": 6.489164556088884, "p90": 10.944743287272397, "p95": 12.84278794025473, "p99": 14.278390560455861, "max": 15.503435613723681}, "TTFT": {"unit": "s", "min": 0.5879306879942305, "p50": 5.370327562501188, "p90": 7.710178229896701, "p95": 8.077174122756695, "p99": 8.774024447761477, "max": 16.835165586002404}, "TPOT": {"unit": "ms", "min": 35.91274163820582, "p50": 137.78129881912588, "p90": 154.34789669197744, "p95": 157.20139363692576, "p99": 160.5922653920644, "max": 161.61022841704872}, "Input Tokens per Minute": {"unit": "tokens/min", "min": 809381.8148477954, "p50": 809381.8148477954, "p90": 809381.8148477954, "p95": 809381.8148477954, "p99": 809381.8148477954, "max": 809381.8148477954}, "Output Tokens per Minute": {"unit": "tokens/min", "min": 41596.41605675126, "p50": 41596.41605675126, "p90": 41596.41605675126, "p95": 41596.41605675126, "p99": 41596.41605675126, "max": 41596.41605675126}}
{"actual_qps": 4.493320337589808, "success_rate": 100.0, "input_tokens": 4095, "output_tokens": 199, "model": "QwQ-32B", "input_tokens_per_minute": 581138.6195607521, "output_tokens_per_minute": 28359.9460465142, "slo_seconds": 5.0, "slo_attainment": 0.0, "ttft_slo_ms": 1000, "ttft_slo_attainment": 1.3333333333333335, "tpot_slo_ms": 50, "tpot_slo_attainment": 0.0, "Latency": {"unit": "s", "min": 13.803975710994564, "p50": 34.04985159950593, "p90": 43.372919596392606, "p95": 44.29122837764371, "p99": 48.23618338251123, "max": 49.15223402999982}, "Throughput": {"unit": "tokens/s", "min": 4.068991042765849, "p50": 5.87374081355559, "p90": 8.940997757197096, "p95": 10.636556472691899, "p99": 13.070365987525895, "max": 14.488579535872725}, "TTFT": {"unit": "s", "min": 0.5266472969960887, "p50": 5.316320716003247, "p90": 9.783730714298144, "p95": 16.601738652803025, "p99": 17.59412549705623, "max": 17.900126635009656}, "TPOT": {"unit": "ms", "min": 66.72024328642449, "p50": 141.2295293618019, "p90": 169.31657551605127, "p95": 174.1688076733587, "p99": 179.6663662070201, "max": 180.57276323117694}, "Input Tokens per Minute": {"unit": "tokens/min", "min": 581138.6195607521, "p50": 581138.6195607521, "p90": 581138.6195607521, "p95": 581138.6195607521, "p99": 581138.6195607521, "max": 581138.6195607521}, "Output Tokens per Minute": {"unit": "tokens/min", "min": 28359.9460465142, "p50": 28359.9460465142, "p90": 28359.9460465142, "p95": 28359.9460465142, "p99": 28359.9460465142, "max": 28359.9460465142}}
{"actual_qps": 5.800041458606722, "success_rate": 100.0, "input_tokens": 3946, "output_tokens": 198, "model": "QwQ-32B", "input_tokens_per_minute": 1534221.0531967198, "output_tokens_per_minute": 77102.53910651211, "slo_seconds": 5.0, "slo_attainment": 0.0, "ttft_slo_ms": 1000, "ttft_slo_attainment": 0.24330900243309003, "tpot_slo_ms": 50, "tpot_slo_attainment": 5.109489051094891, "Latency": {"unit": "s", "min": 17.31050113699166, "p50": 37.53325374200358, "p90": 52.085024222993525, "p95": 57.01720612600184, "p99": 60.02837924859923, "max": 63.915431671004626}, "Throughput": {"unit": "tokens/s", "min": 1.7677405843899423, "p50": 5.302114881047054, "p90": 8.082983900875158, "p95": 8.636238588455083, "p99": 9.744477718108136, "max": 10.805385875717933}, "TTFT": {"unit": "s", "min": 0.9990516510006273, "p50": 9.647625468991464, "p90": 25.03355311100313, "p95": 26.651863880506426, "p99": 31.356394323905977, "max": 32.63450008300424}, "TPOT": {"unit": "ms", "min": 18.030267803980642, "p50": 126.84862331157298, "p90": 158.16552124119858, "p95": 167.44414455525433, "p99": 188.53767921067603, "max": 431.4571793799405}, "Input Tokens per Minute": {"unit": "tokens/min", "min": 1534221.0531967198, "p50": 1534221.0531967198, "p90": 1534221.0531967198, "p95": 1534221.0531967198, "p99": 1534221.0531967198, "max": 1534221.0531967198}, "Output Tokens per Minute": {"unit": "tokens/min", "min": 77102.53910651211, "p50": 77102.53910651211, "p90": 77102.53910651211, "p95": 77102.53910651211, "p99": 77102.53910651211, "max": 77102.53910651211}}
{"actual_qps": 5.081914861560367, "success_rate": 100.0, "input_tokens": 4015, "output_tokens": 199, "model": "QwQ-32B", "input_tokens_per_minute": 1424327.6812097419, "output_tokens_per_minute": 70909.32473804885, "slo_seconds": 5.0, "slo_attainment": 0.0, "ttft_slo_ms": 1000, "ttft_slo_attainment": 1.866666666666667, "tpot_slo_ms": 50, "tpot_slo_attainment": 1.6, "Latency": {"unit": "s", "min": 10.410302304997458, "p50": 29.69040629400115, "p90": 44.85044964999834, "p95": 47.32840597579634, "p99": 52.78732959206274, "max": 53.3110543340008}, "Throughput": {"unit": "tokens/s", "min": 3.7515671467867353, "p50": 6.736044212968497, "p90": 10.928988389832925, "p95": 11.867364948651044, "p99": 14.938109315699847, "max": 19.21173796307434}, "TTFT": {"unit": "s", "min": 0.3189359429961769, "p50": 7.9501801089936635, "p90": 20.172643445397263, "p95": 24.09445577730367, "p99": 26.88426085980318, "max": 28.51980947899574}, "TPOT": {"unit": "ms", "min": 43.76246200998175, "p50": 108.09832516083337, "p90": 148.7290869527362, "p95": 162.96749887033687, "p99": 173.34791587039723, "max": 198.90903265829124}, "Input Tokens per Minute": {"unit": "tokens/min", "min": 1424327.6812097419, "p50": 1424327.6812097419, "p90": 1424327.6812097419, "p95": 1424327.6812097419, "p99": 1424327.6812097419, "max": 1424327.6812097419}, "Output Tokens per Minute": {"unit": "tokens/min", "min": 70909.32473804885, "p50": 70909.32473804885, "p90": 70909.32473804885, "p95": 70909.32473804885, "p99": 70909.32473804885, "max": 70909.32473804885}}
{"actual_qps": 5.163975182269604, "success_rate": 100.0, "input_tokens": 4012, "output_tokens": 199, "model": "QwQ-32B", "input_tokens_per_minute": 1336079.8157416543, "output_tokens_per_minute": 66468.03232015745, "slo_seconds": 5.0, "slo_attainment": 0.0, "ttft_slo_ms": 1000, "ttft_slo_attainment": 26.420454545454547, "tpot_slo_ms": 50, "tpot_slo_attainment": 0.5681818181818182, "Latency": {"unit": "s", "min": 8.663393365000957, "p50": 27.507811143499566, "p90": 37.62226676290448, "p95": 39.43583123335193, "p99": 44.15430764954669, "max": 46.64696941600414}, "Throughput": {"unit": "tokens/s", "min": 3.695755648592897, "p50": 7.222142207954671, "p90": 11.004230459938258, "p95": 12.30122419014411, "p99": 16.871407231491727, "max": 23.085642262069662}, "TTFT": {"unit": "s", "min": 0.11084449000190943, "p50": 3.4388619324963656, "p90": 9.760063946095764, "p95": 11.082206612049049, "p99": 14.095634840285056, "max": 16.87022341399279}, "TPOT": {"unit": "ms", "min": 39.13141265325775, "p50": 120.11629531403358, "p90": 151.31985182164883, "p95": 155.4184339304103, "p99": 171.33201547110428, "max": 193.089390738666}, "Input Tokens per Minute": {"unit": "tokens/min", "min": 1336079.8157416543, "p50": 1336079.8157416543, "p90": 1336079.8157416543, "p95": 1336079.8157416543, "p99": 1336079.8157416543, "max": 1336079.8157416543}, "Output Tokens per Minute": {"unit": "tokens/min", "min": 66468.03232015745, "p50": 66468.03232015745, "p90": 66468.03232015745, "p95": 66468.03232015745, "p99": 66468.03232015745, "max": 66468.03232015745}}
{"actual_qps": 5.283325359561944, "success_rate": 100.0, "input_tokens": 3921, "output_tokens": 198, "model": "QwQ-32B", "input_tokens_per_minute": 957130.205788504, "output_tokens_per_minute": 48549.61677602563, "slo_seconds": 5.0, "slo_attainment": 0.0, "ttft_slo_ms": 1000,