{"actual_qps": 5.308649794757728, "success_rate": 100.0, "input_tokens": 3852, "output_tokens": 199, "model": "QwQ-32B", "input_tokens_per_minute": 869330.1786690756, "output_tokens_per_minute": 45058.95409806244, "slo_seconds": 5.0, "slo_attainment": 1.3274336283185841, "ttft_slo_ms": 1000, "ttft_slo_attainment": 19.469026548672566, "tpot_slo_ms": 50, "tpot_slo_attainment": 60.61946902654868, "Latency": {"unit": "s", "min": 4.675612420003745, "p50": 10.226039661996765, "p90": 26.61762192649985, "p95": 30.58929487425121, "p99": 33.15830470174842, "max": 33.218746132995875}, "Throughput": {"unit": "tokens/s", "min": 6.020696843862564, "p50": 19.557983162452338, "p90": 30.188526406032786, "p95": 32.8215833198261, "p99": 39.779851594737764, "max": 42.77514516479957}, "TTFT": {"unit": "s", "min": 0.2600588429995696, "p50": 1.8603705580026144, "p90": 3.626839486500103, "p95": 4.368423634248757, "p99": 7.264119230498181, "max": 8.661495598003967}, "TPOT": {"unit": "ms", "min": 18.38242761304762, "p50": 41.87201056029792, "p90": 115.28970986180857, "p95": 139.69870282790228, "p99": 153.38326887563676, "max": 156.40153048243243}, "Input Tokens per Minute": {"unit": "tokens/min", "min": 869330.1786690756, "p50": 869330.1786690756, "p90": 869330.1786690756, "p95": 869330.1786690756, "p99": 869330.1786690756, "max": 869330.1786690756}, "Output Tokens per Minute": {"unit": "tokens/min", "min": 45058.95409806244, "p50": 45058.95409806244, "p90": 45058.95409806244, "p95": 45058.95409806244, "p99": 45058.95409806244, "max": 45058.95409806244}}
{"actual_qps": 5.032845341443225, "success_rate": 100.0, "input_tokens": 3962, "output_tokens": 198, "model": "QwQ-32B", "input_tokens_per_minute": 1098121.4916731897, "output_tokens_per_minute": 55058.0036024043, "slo_seconds": 5.0, "slo_attainment": 0.35842293906810035, "ttft_slo_ms": 1000, "ttft_slo_attainment": 15.053763440860216, "tpot_slo_ms": 50, "tpot_slo_attainment": 17.20430107526882, "Latency": {"unit": "s", "min": 4.862599664993468, "p50": 19.48095937800099, "p90": 32.07057913059689, "p95": 37.04182916219866, "p99": 41.38222148157974, "max": 42.206684185002814}, "Throughput": {"unit": "tokens/s", "min": 4.738585934003919, "p50": 10.231006273804963, "p90": 19.69834606797258, "p95": 23.96729014649461, "p99": 34.2782675294805, "max": 37.938529494353766}, "TTFT": {"unit": "s", "min": 0.3003983949965914, "p50": 2.738470471005712, "p90": 6.730800218404331, "p95": 8.593484061100733, "p99": 11.115630704779889, "max": 12.41672306599503}, "TPOT": {"unit": "ms", "min": 20.859739155794934, "p50": 80.99646072361024, "p90": 140.64068840404192, "p95": 150.5575146723682, "p99": 158.1423489606844, "max": 169.16310363820634}, "Input Tokens per Minute": {"unit": "tokens/min", "min": 1098121.4916731897, "p50": 1098121.4916731897, "p90": 1098121.4916731897, "p95": 1098121.4916731897, "p99": 1098121.4916731897, "max": 1098121.4916731897}, "Output Tokens per Minute": {"unit": "tokens/min", "min": 55058.0036024043, "p50": 55058.0036024043, "p90": 55058.0036024043, "p95": 55058.0036024043, "p99": 55058.0036024043, "max": 55058.0036024043}}
{"actual_qps": 5.148823556253464, "success_rate": 100.0, "input_tokens": 3978, "output_tokens": 199, "model": "QwQ-32B", "input_tokens_per_minute": 1174058.5110979436, "output_tokens_per_minute": 58822.338655067215, "slo_seconds": 5.0, "slo_attainment": 0.6711409395973155, "ttft_slo_ms": 1000, "ttft_slo_attainment": 25.838926174496645, "tpot_slo_ms": 50, "tpot_slo_attainment": 27.85234899328859, "Latency": {"unit": "s", "min": 4.685410240999772, "p50": 16.321652351998637, "p90": 34.47486362199779, "p95": 41.292748569298055, "p99": 46.38258638041972, "max": 48.398973260002094}, "Throughput": {"unit": "tokens/s", "min": 4.132319066472514, "p50": 11.981765589502587, "p90": 25.015131572081305, "p95": 30.640008207773846, "p99": 37.92312372119199, "max": 42.68569660131276}, "TTFT": {"unit": "s", "min": 0.13703895599610405, "p50": 1.8975159149995307, "p90": 10.215741239798808, "p95": 13.074566890198907, "p99": 16.75793938393368, "max": 18.46382546800305}, "TPOT": {"unit": "ms", "min": 19.900653999981508, "p50": 70.04976157538783, "p90": 137.30328282965925, "p95": 147.93318480153366, "p99": 156.2295340921048, "max": 163.97815054775702}, "Input Tokens per Minute": {"unit": "tokens/min", "min": 1174058.5110979436, "p50": 1174058.5110979436, "p90": 1174058.5110979436, "p95": 1174058.5110979436, "p99": 1174058.5110979436, "max": 1174058.5110979436}, "Output Tokens per Minute": {"unit": "tokens/min", "min": 58822.338655067215, "p50": 58822.338655067215, "p90": 58822.338655067215, "p95": 58822.338655067215, "p99": 58822.338655067215, "max": 58822.338655067215}}
{"actual_qps": 5.149989548954526, "success_rate": 100.0, "input_tokens": 4025, "output_tokens": 199, "model": "QwQ-32B", "input_tokens_per_minute": 1215682.788916748, "output_tokens_per_minute": 60385.7987310911, "slo_seconds": 5.0, "slo_attainment": 1.3114754098360655, "ttft_slo_ms": 1000, "ttft_slo_attainment": 21.639344262295083, "tpot_slo_ms": 50, "tpot_slo_attainment": 20.0, "Latency": {"unit": "s", "min": 4.442970830998092, "p50": 20.904356781000388, "p90": 37.352172684401744, "p95": 39.402308672394426, "p99": 45.24337897055578, "max": 49.90008601199952}, "Throughput": {"unit": "tokens/s", "min": 4.008009123509443, "p50": 9.384249125398153, "p90": 22.38002719551949, "p95": 27.88271247873684, "p99": 40.850514142547034, "max": 45.014925284816904}, "TTFT": {"unit": "s", "min": 0.18029116300021997, "p50": 2.283233194000786, "p90": 10.07469307659776, "p95": 13.526899781195977, "p99": 17.859351982804927, "max": 20.98240928100131}, "TPOT": {"unit": "ms", "min": 19.604773819073625, "p50": 90.7628105477437, "p90": 145.1704674542691, "p95": 151.303393247234, "p99": 158.7813798568958, "max": 166.62369912561033}, "Input Tokens per Minute": {"unit": "tokens/min", "min": 1215682.788916748, "p50": 1215682.788916748, "p90": 1215682.788916748, "p95": 1215682.788916748, "p99": 1215682.788916748, "max": 1215682.788916748}, "Output Tokens per Minute": {"unit": "tokens/min", "min": 60385.7987310911, "p50": 60385.7987310911, "p90": 60385.7987310911, "p95": 60385.7987310911, "p99": 60385.7987310911, "max": 60385.7987310911}}
{"actual_qps": 5.065620183364798, "success_rate": 100.0, "input_tokens": 3994, "output_tokens": 199, "model": "QwQ-32B", "input_tokens_per_minute": 1249338.3320933233, "output_tokens_per_minute": 62500.900522595344, "slo_seconds": 5.0, "slo_attainment": 0.9433962264150944, "ttft_slo_ms": 1000, "ttft_slo_attainment": 39.62264150943396, "tpot_slo_ms": 50, "tpot_slo_attainment": 20.754716981132077, "Latency": {"unit": "s", "min": 4.519602649997978, "p50": 19.26301127449915, "p90": 43.531137327899344, "p95": 46.52968270270321, "p99": 52.08449521760644, "max": 54.50439598700177}, "Throughput": {"unit": "tokens/s", "min": 3.669428793371017, "p50": 10.382592735797568, "p90": 24.420422897188093, "p95": 28.975198241102824, "p99": 33.022093257304796, "max": 44.25167774430115}, "TTFT": {"unit": "s", "min": 0.11186552599974675, "p50": 1.273652427498746, "p90": 16.732235339997715, "p95": 23.03686922369997, "p99": 26.465112688414155, "max": 27.252324994005903}, "TPOT": {"unit": "ms", "min": 21.1952703818986, "p50": 83.27262490704345, "p90": 142.7912219266285, "p95": 151.94293739597245, "p99": 158.4659611325296, "max": 187.51168705028104}, "Input Tokens per Minute": {"unit": "tokens/min", "min": 1249338.3320933233, "p50": 1249338.3320933233, "p90": 1249338.3320933233, "p95": 1249338.3320933233, "p99": 1249338.3320933233, "max": 1249338.3320933233}, "Output Tokens per Minute": {"unit": "tokens/min", "min": 62500.900522595344, "p50": 62500.900522595344, "p90": 62500.900522595344, "p95": 62500.900522595344, "p99": 62500.900522595344, "max": 62500.900522595344}}
{"actual_qps": 5.266592613634492, "success_rate": 100.0, "input_tokens": 3949, "output_tokens": 199, "model": "QwQ-32B", "input_tokens_per_minute": 1204427.4288016236, "output_tokens_per_minute": 60968.42746518129,