{"actual_qps": 5.2776749371805725, "success_rate": 100.0, "input_tokens": 3882, "output_tokens": 199, "model": "QwQ-32B", "input_tokens_per_minute": 932589.9780531168, "output_tokens_per_minute": 47895.1482214468, "slo_seconds": 5.0, "slo_attainment": 0.0, "ttft_slo_ms": 1000, "ttft_slo_attainment": 0.4132231404958678, "tpot_slo_ms": 50, "tpot_slo_attainment": 59.917355371900825, "Latency": {"unit": "s", "min": 5.3159664279992285, "p50": 15.30227719550021, "p90": 32.12879435540126, "p95": 32.84486431560072, "p99": 33.59329178562981, "max": 33.602395522000734}, "Throughput": {"unit": "tokens/s", "min": 5.951956605863192, "p50": 13.055961172162558, "p90": 19.586301923701157, "p95": 24.7759207366464, "p99": 30.720671036835387, "max": 37.622509981740805}, "TTFT": {"unit": "s", "min": 0.7137296260007133, "p50": 6.057157775001542, "p90": 12.356871096799296, "p95": 14.327691371299077, "p99": 16.134250079899687, "max": 17.29671781399884}, "TPOT": {"unit": "ms", "min": 18.576612015073152, "p50": 42.75415143216085, "p90": 103.94760889046383, "p95": 111.26375109925266, "p99": 125.46656497276119, "max": 129.377568788954}, "Input Tokens per Minute": {"unit": "tokens/min", "min": 932589.9780531168, "p50": 932589.9780531168, "p90": 932589.9780531168, "p95": 932589.9780531168, "p99": 932589.9780531168, "max": 932589.9780531168}, "Output Tokens per Minute": {"unit": "tokens/min", "min": 47895.1482214468, "p50": 47895.1482214468, "p90": 47895.1482214468, "p95": 47895.1482214468, "p99": 47895.1482214468, "max": 47895.1482214468}}
{"actual_qps": 5.199564306891041, "success_rate": 100.0, "input_tokens": 3977, "output_tokens": 199, "model": "QwQ-32B", "input_tokens_per_minute": 1239692.0920952156, "output_tokens_per_minute": 62072.405924170234, "slo_seconds": 5.0, "slo_attainment": 0.0, "ttft_slo_ms": 1000, "ttft_slo_attainment": 3.5031847133757963, "tpot_slo_ms": 50, "tpot_slo_attainment": 96.4968152866242, "Latency": {"unit": "s", "min": 5.233355442000175, "p50": 11.313616105999245, "p90": 17.467774735300186, "p95": 21.070686923351037, "p99": 26.639323066117836, "max": 29.085997658999986}, "Throughput": {"unit": "tokens/s", "min": 6.763734897480088, "p50": 17.594693171593, "p90": 24.242188632106938, "p95": 25.78981048217147, "p99": 30.460537197399436, "max": 38.21639906108891}, "TTFT": {"unit": "s", "min": 0.31704512699798215, "p50": 3.717179474999284, "p90": 9.705469301801713, "p95": 14.113642737648988, "p99": 18.82894094124135, "max": 21.974281662001886}, "TPOT": {"unit": "ms", "min": 18.114009326619733, "p50": 36.7113131909554, "p90": 45.7535357502514, "p95": 47.93278500854641, "p99": 54.38562100491675, "max": 70.28328697102236}, "Input Tokens per Minute": {"unit": "tokens/min", "min": 1239692.0920952156, "p50": 1239692.0920952156, "p90": 1239692.0920952156, "p95": 1239692.0920952156, "p99": 1239692.0920952156, "max": 1239692.0920952156}, "Output Tokens per Minute": {"unit": "tokens/min", "min": 62072.405924170234, "p50": 62072.405924170234, "p90": 62072.405924170234, "p95": 62072.405924170234, "p99": 62072.405924170234, "max": 62072.405924170234}}
{"actual_qps": 5.0413407113833415, "success_rate": 100.0, "input_tokens": 3969, "output_tokens": 198, "model": "QwQ-32B", "input_tokens_per_minute": 1123016.1002269401, "output_tokens_per_minute": 56260.3457190557, "slo_seconds": 5.0, "slo_attainment": 0.0, "ttft_slo_ms": 1000, "ttft_slo_attainment": 2.807017543859649, "tpot_slo_ms": 50, "tpot_slo_attainment": 95.08771929824562, "Latency": {"unit": "s", "min": 6.357670126002631, "p50": 10.82561062500099, "p90": 15.755634116000147, "p95": 17.697347687598814, "p99": 20.033958757881496, "max": 23.53395409100267}, "Throughput": {"unit": "tokens/s", "min": 3.1375115816412986, "p50": 18.37404068898064, "p90": 24.757402068598985, "p95": 26.962095098451115, "p99": 30.20132012429036, "max": 31.458064988620208}, "TTFT": {"unit": "s", "min": 0.30342823899991345, "p50": 3.7314681420029956, "p90": 7.911946914199507, "p95": 9.186398863399518, "p99": 13.800736254037622, "max": 15.75692454700038}, "TPOT": {"unit": "ms", "min": 20.77119250252188, "p50": 35.16597982914519, "p90": 43.98038311558424, "p95": 49.26165489447506, "p99": 64.52497575197198, "max": 73.1745745175961}, "Input Tokens per Minute": {"unit": "tokens/min", "min": 1123016.1002269401, "p50": 1123016.1002269401, "p90": 1123016.1002269401, "p95": 1123016.1002269401, "p99": 1123016.1002269401, "max": 1123016.1002269401}, "Output Tokens per Minute": {"unit": "tokens/min", "min": 56260.3457190557, "p50": 56260.3457190557, "p90": 56260.3457190557, "p95": 56260.3457190557, "p99": 56260.3457190557, "max": 56260.3457190557}}
{"actual_qps": 5.162506954968047, "success_rate": 100.0, "input_tokens": 4075, "output_tokens": 198, "model": "QwQ-32B", "input_tokens_per_minute": 1444010.9230181167, "output_tokens_per_minute": 70386.57645471611, "slo_seconds": 5.0, "slo_attainment": 0.27932960893854747, "ttft_slo_ms": 1000, "ttft_slo_attainment": 18.994413407821227, "tpot_slo_ms": 50, "tpot_slo_attainment": 79.60893854748603, "Latency": {"unit": "s", "min": 4.829997048000223, "p50": 12.351399743500224, "p90": 21.426007452300112, "p95": 22.90262275395034, "p99": 25.21884382413981, "max": 29.943912093996914}, "Throughput": {"unit": "tokens/s", "min": 1.2413655315300012, "p50": 16.03240483040406, "p90": 27.595898671053273, "p95": 29.069715574849333, "p99": 32.49145486889944, "max": 38.34488553276155}, "TTFT": {"unit": "s", "min": 0.08820752900282969, "p50": 4.112657017500169, "p90": 11.03877986950211, "p95": 13.755971072649102, "p99": 17.405179817450225, "max": 22.845163001999026}, "TPOT": {"unit": "ms", "min": 16.92693378572585, "p50": 37.963353645722435, "p90": 57.45690918090657, "p95": 67.08187502638852, "p99": 95.5221526413015, "max": 103.94775711559227}, "Input Tokens per Minute": {"unit": "tokens/min", "min": 1444010.9230181167, "p50": 1444010.9230181167, "p90": 1444010.9230181167, "p95": 1444010.9230181167, "p99": 1444010.9230181167, "max": 1444010.9230181167}, "Output Tokens per Minute": {"unit": "tokens/min", "min": 70386.57645471611, "p50": 70386.57645471611, "p90": 70386.57645471611, "p95": 70386.57645471611, "p99": 70386.57645471611, "max": 70386.57645471611}}
{"actual_qps": 5.08329569678163, "success_rate": 100.0, "input_tokens": 4023, "output_tokens": 199, "model": "QwQ-32B", "input_tokens_per_minute": 1210573.9040571726, "output_tokens_per_minute": 60029.2350251898, "slo_seconds": 5.0, "slo_attainment": 2.631578947368421, "ttft_slo_ms": 1000, "ttft_slo_attainment": 46.71052631578947, "tpot_slo_ms": 50, "tpot_slo_attainment": 87.5, "Latency": {"unit": "s", "min": 4.004824572999496, "p50": 7.986266453001008, "p90": 14.141116173099352, "p95": 20.662416286498953, "p99": 24.04015843076003, "max": 25.095468786999845}, "Throughput": {"unit": "tokens/s", "min": 7.969566207251151, "p50": 25.0403367953801, "p90": 31.277473388233375, "p95": 33.94589295152262, "p99": 42.30212852071333, "max": 49.9397654889552}, "TTFT": {"unit": "s", "min": 0.06325850499706576, "p50": 1.0458137830009946, "p90": 3.0182143238987917, "p95": 3.705330882649832, "p99": 4.656794298690399, "max": 5.048479844001122}, "TPOT": {"unit": "ms", "min": 19.538866432156823, "p50": 34.64330207034847, "p90": 62.4236224281432, "p95": 89.55262937814207, "p99": 100.49573976386434, "max": 109.59135410553587}, "Input Tokens per Minute": {"unit": "tokens/min", "min": 1210573.9040571726, "p50": 1210573.9040571726, "p90": 1210573.9040571726, "p95": 1210573.9040571726, "p99": 1210573.9040571726, "max": 1210573.9040571726}, "Output Tokens per Minute": {"unit": "tokens/min", "min": 60029.2350251898, "p50": 60029.2350251898, "p90": 60029.2350251898, "p95": 60029.2350251898, "p99": 60029.2350251898, "max": 60029.2350251898}}
{"actual_qps": 5.295220576122239, "success_rate": 100.0, "input_tokens": 3975, "output_tokens": 199, "model": "QwQ-32B", "input_tokens_per_minute": 1282480.4557486577, "output_tokens_per_minute": 64510.541101746305, "slo_seconds": 5.0, "slo_attainment": 0.0,