{"actual_qps": 3.1924372490945445, "success_rate": 100.0, "input_tokens": 3814, "output_tokens": 200, "model": "QwQ-32B", "input_tokens_per_minute": 654994.8315655742, "output_tokens_per_minute": 34339.376834820076, "slo_seconds": 5.0, "slo_attainment": 0.0, "ttft_slo_ms": 1000, "ttft_slo_attainment": 10.404624277456648, "tpot_slo_ms": 50, "tpot_slo_attainment": 85.54913294797689, "Latency": {"unit": "s", "min": 6.905391685999348, "p50": 11.00902305099953, "p90": 16.8154954594007, "p95": 17.128937166200195, "p99": 18.836871376482744, "max": 21.4646600269989}, "Throughput": {"unit": "tokens/s", "min": 9.317641171508606, "p50": 18.166916271634257, "p90": 24.096528937909206, "p95": 25.998176209526726, "p99": 28.18675426400784, "max": 28.962875546292203}, "TTFT": {"unit": "s", "min": 0.3627679609999177, "p50": 3.261428046000219, "p90": 7.172866111399345, "p95": 8.675057593400563, "p99": 9.902820086521533, "max": 12.791950537000957}, "TPOT": {"unit": "ms", "min": 24.096289522623838, "p50": 38.107242180905736, "p90": 56.04310417286766, "p95": 61.78940484020479, "p99": 67.02438222632239, "max": 71.94639915576946}, "Input Tokens per Minute": {"unit": "tokens/min", "min": 654994.8315655742, "p50": 654994.8315655742, "p90": 654994.8315655742, "p95": 654994.8315655742, "p99": 654994.8315655742, "max": 654994.8315655742}, "Output Tokens per Minute": {"unit": "tokens/min", "min": 34339.376834820076, "p50": 34339.376834820076, "p90": 34339.376834820076, "p95": 34339.376834820076, "p99": 34339.376834820076, "max": 34339.376834820076}}
{"actual_qps": 3.4158283768386473, "success_rate": 100.0, "input_tokens": 3717, "output_tokens": 198, "model": "QwQ-32B", "input_tokens_per_minute": 704618.2084945049, "output_tokens_per_minute": 37632.38412782392, "slo_seconds": 5.0, "slo_attainment": 0.5235602094240838, "ttft_slo_ms": 1000, "ttft_slo_attainment": 13.612565445026178, "tpot_slo_ms": 50, "tpot_slo_attainment": 93.717277486911, "Latency": {"unit": "s", "min": 4.726431404000323, "p50": 9.061534256001323, "p90": 11.588466851000703, "p95": 12.633598464000897, "p99": 14.415530234802278, "max": 15.232686375999037}, "Throughput": {"unit": "tokens/s", "min": 11.213534159226821, "p50": 21.957475077681607, "p90": 27.842301003301234, "p95": 29.451313246570415, "p99": 32.70020467691085, "max": 34.66346405192367}, "TTFT": {"unit": "s", "min": 0.27633243200034485, "p50": 1.8487902900014888, "p90": 3.513695507997909, "p95": 4.615203602499605, "p99": 5.869880691299475, "max": 6.295530859002611}, "TPOT": {"unit": "ms", "min": 20.795781221119373, "p50": 36.15598131155688, "p90": 45.17966261808205, "p95": 50.753602010052276, "p99": 60.55272707035962, "max": 71.1586197939685}, "Input Tokens per Minute": {"unit": "tokens/min", "min": 704618.2084945049, "p50": 704618.2084945049, "p90": 704618.2084945049, "p95": 704618.2084945049, "p99": 704618.2084945049, "max": 704618.2084945049}, "Output Tokens per Minute": {"unit": "tokens/min", "min": 37632.38412782392, "p50": 37632.38412782392, "p90": 37632.38412782392, "p95": 37632.38412782392, "p99": 37632.38412782392, "max": 37632.38412782392}}
{"actual_qps": 3.213964874783956, "success_rate": 100.0, "input_tokens": 3710, "output_tokens": 199, "model": "QwQ-32B", "input_tokens_per_minute": 737479.9876795209, "output_tokens_per_minute": 39585.880633754845, "slo_seconds": 5.0, "slo_attainment": 1.4851485148514851, "ttft_slo_ms": 1000, "ttft_slo_attainment": 18.316831683168317, "tpot_slo_ms": 50, "tpot_slo_attainment": 95.54455445544554, "Latency": {"unit": "s", "min": 3.789072817999113, "p50": 9.037329755999963, "p90": 11.488954662302058, "p95": 12.444634778550787, "p99": 13.792124026300083, "max": 14.349768616000802}, "Throughput": {"unit": "tokens/s", "min": 7.387772637159769, "p50": 21.981681246806584, "p90": 30.125642773154226, "p95": 32.074664957809844, "p99": 39.278001246264814, "max": 52.78336142022563}, "TTFT": {"unit": "s", "min": 0.06139605600037612, "p50": 1.704824047999864, "p90": 3.56677620769915, "p95": 4.378015318050711, "p99": 5.898293440821331, "max": 7.532014136999351}, "TPOT": {"unit": "ms", "min": 18.66380606532119, "p50": 36.74086967838771, "p90": 45.69558656432455, "p95": 48.407124738447806, "p99": 54.69491222773627, "max": 91.90605944112416}, "Input Tokens per Minute": {"unit": "tokens/min", "min": 737479.9876795209, "p50": 737479.9876795209, "p90": 737479.9876795209, "p95": 737479.9876795209, "p99": 737479.9876795209, "max": 737479.9876795209}, "Output Tokens per Minute": {"unit": "tokens/min", "min": 39585.880633754845, "p50": 39585.880633754845, "p90": 39585.880633754845, "p95": 39585.880633754845, "p99": 39585.880633754845, "max": 39585.880633754845}}
{"actual_qps": 3.2131255424044265, "success_rate": 100.0, "input_tokens": 3740, "output_tokens": 200, "model": "QwQ-32B", "input_tokens_per_minute": 684313.1173039096, "output_tokens_per_minute": 36590.28678901367, "slo_seconds": 5.0, "slo_attainment": 3.225806451612903, "ttft_slo_ms": 1000, "ttft_slo_attainment": 48.38709677419355, "tpot_slo_ms": 50, "tpot_slo_attainment": 83.87096774193549, "Latency": {"unit": "s", "min": 4.343262847000005, "p50": 7.902261156999884, "p90": 20.879372511000838, "p95": 22.11131446975014, "p99": 23.236610647800628, "max": 23.71202894599992}, "Throughput": {"unit": "tokens/s", "min": 8.434537611921177, "p50": 25.30959530184473, "p90": 31.44736755365763, "p95": 36.3710914105894, "p99": 43.228670900568865, "max": 46.04832980305227}, "TTFT": {"unit": "s", "min": 0.06363766099821078, "p50": 1.0361983700004203, "p90": 3.1571150950003357, "p95": 4.876066934500159, "p99": 6.5290211486999405, "max": 7.31630109300022}, "TPOT": {"unit": "ms", "min": 18.31692209045067, "p50": 34.665955738695004, "p90": 90.02626511558368, "p95": 95.72492236934545, "p99": 99.73449543114437, "max": 103.63136888943828}, "Input Tokens per Minute": {"unit": "tokens/min", "min": 684313.1173039096, "p50": 684313.1173039096, "p90": 684313.1173039096, "p95": 684313.1173039096, "p99": 684313.1173039096, "max": 684313.1173039096}, "Output Tokens per Minute": {"unit": "tokens/min", "min": 36590.28678901367, "p50": 36590.28678901367, "p90": 36590.28678901367, "p95": 36590.28678901367, "p99": 36590.28678901367, "max": 36590.28678901367}}
{"actual_qps": 3.366618973683338, "success_rate": 100.0, "input_tokens": 3795, "output_tokens": 200, "model": "QwQ-32B", "input_tokens_per_minute": 746674.9660326799, "output_tokens_per_minute": 39344.3943967889, "slo_seconds": 5.0, "slo_attainment": 0.0, "ttft_slo_ms": 1000, "ttft_slo_attainment": 47.0, "tpot_slo_ms": 50, "tpot_slo_attainment": 90.0, "Latency": {"unit": "s", "min": 5.057778957001574, "p50": 7.926229372000307, "p90": 11.309389767102038, "p95": 16.89532835159697, "p99": 23.636855426677684, "max": 24.13347204999809}, "Throughput": {"unit": "tokens/s", "min": 8.287245183190118, "p50": 25.232716530886897, "p90": 30.020932003694487, "p95": 31.839548368279225, "p99": 37.63579321369455, "max": 39.54304877700051}, "TTFT": {"unit": "s", "min": 0.07699590700212866, "p50": 1.038276102501186, "p90": 2.347344603999954, "p95": 2.7930112343494327, "p99": 4.037742158993493, "max": 4.686596474999533}, "TPOT": {"unit": "ms", "min": 21.96835474373001, "p50": 34.579910942213345, "p90": 49.07480678643397, "p95": 69.52274186079929, "p99": 103.56687104990314, "max": 108.22055259295804}, "Input Tokens per Minute": {"unit": "tokens/min", "min": 746674.9660326799, "p50": 746674.9660326799, "p90": 746674.9660326799, "p95": 746674.9660326799, "p99": 746674.9660326799, "max": 746674.9660326799}, "Output Tokens per Minute": {"unit": "tokens/min", "min": 39344.3943967889, "p50": 39344.3943967889, "p90": 39344.3943967889, "p95": 39344.3943967889, "p99": 39344.3943967889, "max": 39344.3943967889}}
{"actual_qps": 3.3114943222686777, "success_rate": 100.0, "input_tokens": 3818, "output_tokens": 199, "model": "QwQ-32B", "input_tokens_per_minute": 826298.1841931815, "output_tokens_per_minute": 43079.16103490408, "slo_seconds": 5.0, "slo_attainment": 10.909090909090908,