{"actual_qps": 5.642257269632409, "success_rate": 100.0, "input_tokens": 4063, "output_tokens": 199, "model": "QwQ-32B", "input_tokens_per_minute": 963862.5448745308, "output_tokens_per_minute": 47392.008720992075, "slo_seconds": 5.0, "slo_attainment": 0.0, "ttft_slo_ms": 1000, "ttft_slo_attainment": 0.4149377593360996, "tpot_slo_ms": 50, "tpot_slo_attainment": 51.037344398340245, "Latency": {"unit": "s", "min": 8.494020220001403, "p50": 16.582688457001495, "p90": 19.699870070999168, "p95": 21.937816240002576, "p99": 24.401105722601642, "max": 28.739436764000857}, "Throughput": {"unit": "tokens/s", "min": 6.959078622254729, "p50": 12.060770514901435, "p90": 18.0061442717252, "p95": 20.11276127087832, "p99": 21.279156505719897, "max": 23.545976442232554}, "TTFT": {"unit": "s", "min": 0.9821445899979153, "p50": 4.616474984999513, "p90": 11.14489176799907, "p95": 11.880593368001428, "p99": 14.48147844699997, "max": 16.22056756800157}, "TPOT": {"unit": "ms", "min": 16.975866673378526, "p50": 49.13758168341568, "p90": 73.6929426884443, "p95": 76.707577708535, "p99": 82.0396745276398, "max": 85.00835708541467}, "Input Tokens per Minute": {"unit": "tokens/min", "min": 963862.5448745308, "p50": 963862.5448745308, "p90": 963862.5448745308, "p95": 963862.5448745308, "p99": 963862.5448745308, "max": 963862.5448745308}, "Output Tokens per Minute": {"unit": "tokens/min", "min": 47392.008720992075, "p50": 47392.008720992075, "p90": 47392.008720992075, "p95": 47392.008720992075, "p99": 47392.008720992075, "max": 47392.008720992075}}
{"actual_qps": 4.62672548254521, "success_rate": 100.0, "input_tokens": 3939, "output_tokens": 200, "model": "QwQ-32B", "input_tokens_per_minute": 1260028.8934543096, "output_tokens_per_minute": 63967.45160339068, "slo_seconds": 5.0, "slo_attainment": 0.0, "ttft_slo_ms": 1000, "ttft_slo_attainment": 0.6153846153846154, "tpot_slo_ms": 50, "tpot_slo_attainment": 94.15384615384616, "Latency": {"unit": "s", "min": 7.156752751001477, "p50": 13.35768133700185, "p90": 22.760413004799194, "p95": 24.94705311940052, "p99": 28.224825200199554, "max": 29.019604711000284}, "Throughput": {"unit": "tokens/s", "min": 6.891892635745904, "p50": 14.972658424331769, "p90": 21.095509442669663, "p95": 22.522953103122344, "p99": 26.306053573867747, "max": 27.945634976982134}, "TTFT": {"unit": "s", "min": 0.6597277570035658, "p50": 6.056789041998854, "p90": 13.817175138799948, "p95": 16.87869679800133, "p99": 19.682278726118813, "max": 22.149831162998453}, "TPOT": {"unit": "ms", "min": 18.61603680904706, "p50": 36.00894893970324, "p90": 47.905943709539414, "p95": 51.29320253868881, "p99": 56.30193233466224, "max": 72.18881807537986}, "Input Tokens per Minute": {"unit": "tokens/min", "min": 1260028.8934543096, "p50": 1260028.8934543096, "p90": 1260028.8934543096, "p95": 1260028.8934543096, "p99": 1260028.8934543096, "max": 1260028.8934543096}, "Output Tokens per Minute": {"unit": "tokens/min", "min": 63967.45160339068, "p50": 63967.45160339068, "p90": 63967.45160339068, "p95": 63967.45160339068, "p99": 63967.45160339068, "max": 63967.45160339068}}
{"actual_qps": 4.7502071225852465, "success_rate": 100.0, "input_tokens": 4061, "output_tokens": 199, "model": "QwQ-32B", "input_tokens_per_minute": 1153712.6155069792, "output_tokens_per_minute": 56558.25920493843, "slo_seconds": 5.0, "slo_attainment": 0.34602076124567477, "ttft_slo_ms": 1000, "ttft_slo_attainment": 8.996539792387544, "tpot_slo_ms": 50, "tpot_slo_attainment": 91.00346020761245, "Latency": {"unit": "s", "min": 4.94255184999929, "p50": 10.040424003000226, "p90": 15.487277931999415, "p95": 17.109817623200062, "p99": 19.59935164367737, "max": 26.3412923270007}, "Throughput": {"unit": "tokens/s", "min": 7.592641906752363, "p50": 19.889979997782376, "p90": 26.507397701797224, "p95": 28.32219427817552, "p99": 31.709346709410614, "max": 36.37146290726904}, "TTFT": {"unit": "s", "min": 0.26812782599881757, "p50": 2.947095943000022, "p90": 6.146968494599423, "p95": 8.049791867798177, "p99": 10.586737150841365, "max": 14.995572825999261}, "TPOT": {"unit": "ms", "min": 19.743829125638797, "p50": 35.66336679395862, "p90": 47.26216075779581, "p95": 54.65580660602792, "p99": 64.32327838411953, "max": 74.12245475672928}, "Input Tokens per Minute": {"unit": "tokens/min", "min": 1153712.6155069792, "p50": 1153712.6155069792, "p90": 1153712.6155069792, "p95": 1153712.6155069792, "p99": 1153712.6155069792, "max": 1153712.6155069792}, "Output Tokens per Minute": {"unit": "tokens/min", "min": 56558.25920493843, "p50": 56558.25920493843, "p90": 56558.25920493843, "p95": 56558.25920493843, "p99": 56558.25920493843, "max": 56558.25920493843}}
{"actual_qps": 4.772831857300411, "success_rate": 100.0, "input_tokens": 3981, "output_tokens": 199, "model": "QwQ-32B", "input_tokens_per_minute": 1224778.9900657665, "output_tokens_per_minute": 61222.63499882593, "slo_seconds": 5.0, "slo_attainment": 1.5974440894568689, "ttft_slo_ms": 1000, "ttft_slo_attainment": 26.198083067092654, "tpot_slo_ms": 50, "tpot_slo_attainment": 87.53993610223642, "Latency": {"unit": "s", "min": 3.5709726309978578, "p50": 10.408643665999989, "p90": 20.485358341798566, "p95": 21.383355905200002, "p99": 26.315949546119363, "max": 33.54129466900122}, "Throughput": {"unit": "tokens/s", "min": 5.962799050355069, "p50": 19.195184150037754, "p90": 29.01296418098722, "p95": 32.146786044325935, "p99": 37.533199683627124, "max": 48.37449763626017}, "TTFT": {"unit": "s", "min": 0.08221070899890037, "p50": 2.4898196489994007, "p90": 9.430440140401334, "p95": 12.5938377819999, "p99": 15.564027172919449, "max": 17.448333541000466}, "TPOT": {"unit": "ms", "min": 19.125509251266088, "p50": 35.916124798992065, "p90": 52.478977044212584, "p95": 87.50427832461925, "p99": 96.99777297206877, "max": 101.14949660803276}, "Input Tokens per Minute": {"unit": "tokens/min", "min": 1224778.9900657665, "p50": 1224778.9900657665, "p90": 1224778.9900657665, "p95": 1224778.9900657665, "p99": 1224778.9900657665, "max": 1224778.9900657665}, "Output Tokens per Minute": {"unit": "tokens/min", "min": 61222.63499882593, "p50": 61222.63499882593, "p90": 61222.63499882593, "p95": 61222.63499882593, "p99": 61222.63499882593, "max": 61222.63499882593}}
{"actual_qps": 5.516637303720919, "success_rate": 100.0, "input_tokens": 3928, "output_tokens": 199, "model": "QwQ-32B", "input_tokens_per_minute": 1127377.4672193665, "output_tokens_per_minute": 57268.82467037894, "slo_seconds": 5.0, "slo_attainment": 1.0273972602739725, "ttft_slo_ms": 1000, "ttft_slo_attainment": 61.64383561643836, "tpot_slo_ms": 50, "tpot_slo_attainment": 93.83561643835617, "Latency": {"unit": "s", "min": 2.6890375570001197, "p50": 7.897634586499407, "p90": 9.749034643099732, "p95": 12.371773904800273, "p99": 23.49295182558012, "max": 25.6544241110023}, "Throughput": {"unit": "tokens/s", "min": 7.795926314098272, "p50": 25.324042641790705, "p90": 29.831496838845634, "p95": 31.066888564341994, "p99": 36.2919221391885, "max": 55.05594649984088}, "TTFT": {"unit": "s", "min": 0.07092609900064417, "p50": 0.8074939440011804, "p90": 1.680944792200536, "p95": 1.913299889249537, "p99": 3.434350100231309, "max": 5.8774427930002275}, "TPOT": {"unit": "ms", "min": 17.88851431156766, "p50": 35.45630606282457, "p90": 43.16485973417113, "p95": 58.09677004371435, "p99": 106.72693731687968, "max": 109.77686642210719}, "Input Tokens per Minute": {"unit": "tokens/min", "min": 1127377.4672193665, "p50": 1127377.4672193665, "p90": 1127377.4672193665, "p95": 1127377.4672193665, "p99": 1127377.4672193665, "max": 1127377.4672193665}, "Output Tokens per Minute": {"unit": "tokens/min", "min": 57268.82467037894, "p50": 57268.82467037894, "p90": 57268.82467037894, "p95": 57268.82467037894, "p99": 57268.82467037894, "max": 57268.82467037894}}
{"actual_qps": 4.672160222394296, "success_rate": 100.0, "input_tokens": 3937, "output_tokens": 199, "model": "QwQ-32B", "input_tokens_per_minute": 1269339.2088805283, "output_tokens_per_minute": 64440.32702351781,