{"actual_qps": 5.265357117300395, "success_rate": 100.0, "input_tokens": 3797, "output_tokens": 198, "model": "QwQ-32B", "input_tokens_per_minute": 823572.4980625906, "output_tokens_per_minute": 43104.95332862063, "slo_seconds": 5.0, "slo_attainment": 0.0, "ttft_slo_ms": 1000, "ttft_slo_attainment": 0.45662100456621, "tpot_slo_ms": 50, "tpot_slo_attainment": 82.64840182648402, "Latency": {"unit": "s", "min": 5.111814812000375, "p50": 18.615405192002072, "p90": 24.868799087999655, "p95": 27.07028333969865, "p99": 34.85703832161981, "max": 38.73315973499848}, "Throughput": {"unit": "tokens/s", "min": 1.9334355638295935, "p50": 10.730455642346485, "p90": 19.377230086747417, "p95": 22.497377181265254, "p99": 33.29892588426262, "max": 39.12504802217888}, "TTFT": {"unit": "s", "min": 0.9091107249987544, "p50": 8.184480019997864, "p90": 20.130764330800595, "p95": 21.82503592010107, "p99": 29.208743900498934, "max": 32.94546480399731}, "TPOT": {"unit": "ms", "min": 7.958472618078825, "p50": 30.080299964840066, "p90": 54.10752584722292, "p95": 54.19436935930271, "p99": 56.763382989134584, "max": 222.72721842301297}, "Input Tokens per Minute": {"unit": "tokens/min", "min": 823572.4980625906, "p50": 823572.4980625906, "p90": 823572.4980625906, "p95": 823572.4980625906, "p99": 823572.4980625906, "max": 823572.4980625906}, "Output Tokens per Minute": {"unit": "tokens/min", "min": 43104.95332862063, "p50": 43104.95332862063, "p90": 43104.95332862063, "p95": 43104.95332862063, "p99": 43104.95332862063, "max": 43104.95332862063}}
{"actual_qps": 5.202717741638873, "success_rate": 100.0, "input_tokens": 4007, "output_tokens": 199, "model": "QwQ-32B", "input_tokens_per_minute": 1488342.4857002688, "output_tokens_per_minute": 74224.69941581755, "slo_seconds": 5.0, "slo_attainment": 8.266666666666666, "ttft_slo_ms": 1000, "ttft_slo_attainment": 37.333333333333336, "tpot_slo_ms": 50, "tpot_slo_attainment": 100.0, "Latency": {"unit": "s", "min": 4.146998001000611, "p50": 7.11474403900138, "p90": 21.628624759400562, "p95": 25.069169003100615, "p99": 41.284816460461585, "max": 42.4385908080003}, "Throughput": {"unit": "tokens/s", "min": 4.712691825815693, "p50": 27.72477092458731, "p90": 39.36111459697949, "p95": 40.871095938184276, "p99": 43.38766689042413, "max": 48.22765768195279}, "TTFT": {"unit": "s", "min": 0.2228593420004472, "p50": 1.6832075050006097, "p90": 15.228644218199042, "p95": 19.264333936497135, "p99": 33.86280770615979, "max": 36.84371788499993}, "TPOT": {"unit": "ms", "min": 11.112614462309928, "p50": 25.147027060287584, "p90": 34.3373526914625, "p95": 37.45185633767812, "p99": 41.24923958211737, "max": 46.894829221106086}, "Input Tokens per Minute": {"unit": "tokens/min", "min": 1488342.4857002688, "p50": 1488342.4857002688, "p90": 1488342.4857002688, "p95": 1488342.4857002688, "p99": 1488342.4857002688, "max": 1488342.4857002688}, "Output Tokens per Minute": {"unit": "tokens/min", "min": 74224.69941581755, "p50": 74224.69941581755, "p90": 74224.69941581755, "p95": 74224.69941581755, "p99": 74224.69941581755, "max": 74224.69941581755}}
{"actual_qps": 5.133494385687183, "success_rate": 100.0, "input_tokens": 4006, "output_tokens": 199, "model": "QwQ-32B", "input_tokens_per_minute": 1249830.3928511648, "output_tokens_per_minute": 62180.55781012173, "slo_seconds": 5.0, "slo_attainment": 37.22397476340694, "ttft_slo_ms": 1000, "ttft_slo_attainment": 90.22082018927445, "tpot_slo_ms": 50, "tpot_slo_attainment": 100.0, "Latency": {"unit": "s", "min": 2.3722898510022787, "p50": 5.2353911840000364, "p90": 6.077572804001102, "p95": 6.2240355585992795, "p99": 6.727495620442058, "max": 7.051774575000309}, "Throughput": {"unit": "tokens/s", "min": 26.556619956614014, "p50": 38.159052074007136, "p90": 44.305182625234785, "p95": 46.082227586363125, "p99": 48.27320541520899, "max": 51.76154697377914}, "TTFT": {"unit": "s", "min": 0.09358097799849929, "p50": 0.6201271179998002, "p90": 0.9834164804015019, "p95": 1.07857558579999, "p99": 1.5166114015993661, "max": 1.6296296619984787}, "TPOT": {"unit": "ms", "min": 16.06110887940249, "p50": 23.080577793972505, "p90": 27.005979903523478, "p95": 27.870048974877886, "p99": 29.494420633172776, "max": 31.100853884434848}, "Input Tokens per Minute": {"unit": "tokens/min", "min": 1249830.3928511648, "p50": 1249830.3928511648, "p90": 1249830.3928511648, "p95": 1249830.3928511648, "p99": 1249830.3928511648, "max": 1249830.3928511648}, "Output Tokens per Minute": {"unit": "tokens/min", "min": 62180.55781012173, "p50": 62180.55781012173, "p90": 62180.55781012173, "p95": 62180.55781012173, "p99": 62180.55781012173, "max": 62180.55781012173}}
{"actual_qps": 5.049921480874892, "success_rate": 100.0, "input_tokens": 4119, "output_tokens": 199, "model": "QwQ-32B", "input_tokens_per_minute": 1268974.2266746457, "output_tokens_per_minute": 61508.44726722888, "slo_seconds": 5.0, "slo_attainment": 57.82747603833865, "ttft_slo_ms": 1000, "ttft_slo_attainment": 99.36102236421725, "tpot_slo_ms": 50, "tpot_slo_attainment": 100.0, "Latency": {"unit": "s", "min": 2.9355795539995597, "p50": 4.890969711999787, "p90": 5.684242882200488, "p95": 5.8730808422005785, "p99": 6.39492600451922, "max": 6.805584253001143}, "Throughput": {"unit": "tokens/s", "min": 29.38763118123231, "p50": 40.80262348578963, "p90": 46.032325563437674, "p95": 48.16215447527672, "p99": 51.81675811799261, "max": 52.9425812381226}, "TTFT": {"unit": "s", "min": 0.08091377800155897, "p50": 0.4241431279988319, "p90": 0.5405928109998059, "p95": 0.66328471560264, "p99": 0.9467358025573775, "max": 1.006619198997214}, "TPOT": {"unit": "ms", "min": 18.558092326631925, "p50": 22.80340937689668, "p90": 26.122344814069233, "p95": 27.01308408340535, "p99": 29.567607158798506, "max": 31.339443115583016}, "Input Tokens per Minute": {"unit": "tokens/min", "min": 1268974.2266746457, "p50": 1268974.2266746457, "p90": 1268974.2266746457, "p95": 1268974.2266746457, "p99": 1268974.2266746457, "max": 1268974.2266746457}, "Output Tokens per Minute": {"unit": "tokens/min", "min": 61508.44726722888, "p50": 61508.44726722888, "p90": 61508.44726722888, "p95": 61508.44726722888, "p99": 61508.44726722888, "max": 61508.44726722888}}
{"actual_qps": 5.065599287327145, "success_rate": 100.0, "input_tokens": 3944, "output_tokens": 199, "model": "QwQ-32B", "input_tokens_per_minute": 1210503.1468220332, "output_tokens_per_minute": 61363.58779401771, "slo_seconds": 5.0, "slo_attainment": 74.67948717948718, "ttft_slo_ms": 1000, "ttft_slo_attainment": 100.0, "tpot_slo_ms": 50, "tpot_slo_attainment": 100.0, "Latency": {"unit": "s", "min": 3.7119931330016698, "p50": 4.753022645001693, "p90": 5.530148034299782, "p95": 5.699518291251297, "p99": 5.921969234730023, "max": 6.185686725002597}, "Throughput": {"unit": "tokens/s", "min": 32.332707570139036, "p50": 42.07848667068623, "p90": 46.09769320968874, "p95": 47.73943286976898, "p99": 52.02980280779299, "max": 53.22163376955345}, "TTFT": {"unit": "s", "min": 0.07178560800093692, "p50": 0.40114775550136983, "p90": 0.5023489184000937, "p95": 0.5128850309496557, "p99": 0.5361862551594094, "max": 0.5516743939988373}, "TPOT": {"unit": "ms", "min": 18.379995060310087, "p50": 22.23164955026348, "p90": 25.4966317824196, "p95": 26.488089421109546, "p99": 27.83401314708229, "max": 28.55120832160839}, "Input Tokens per Minute": {"unit": "tokens/min", "min": 1210503.1468220332, "p50": 1210503.1468220332, "p90": 1210503.1468220332, "p95": 1210503.1468220332, "p99": 1210503.1468220332, "max": 1210503.1468220332}, "Output Tokens per Minute": {"unit": "tokens/min", "min": 61363.58779401771, "p50": 61363.58779401771, "p90": 61363.58779401771, "p95": 61363.58779401771, "p99": 61363.58779401771, "max": 61363.58779401771}}
