{"target_qps": 3.0, "actual_qps": 2.996438056274997, "success_rate": 100.0, "input_tokens": 4127, "output_tokens": 198, "model": "QwQ-32B", "input_tokens_per_minute": 742950.0, "output_tokens_per_minute": 35769.512195121955, "slo_seconds": 5.0, "slo_attainment": 12.804878048780488, "ttft_slo_ms": 1000, "ttft_slo_attainment": 96.34146341463415, "tpot_slo_ms": 50, "tpot_slo_attainment": 100.0, "Latency": {"unit": "s", "min": 2.019396426999947, "p50": 5.772089951499993, "p90": 6.635479329799989, "p95": 6.8841607681999735, "p99": 7.4168263899300255, "max": 11.43900629899997}, "Throughput": {"unit": "tokens/s", "min": 17.484036180440302, "p50": 34.609925711633466, "p90": 40.281121142275936, "p95": 41.50142197608917, "p99": 44.114399824910585, "max": 44.85904848804231}, "TTFT": {"unit": "s", "min": 0.07717460600008508, "p50": 0.49587533349995283, "p90": 0.6951170232999971, "p95": 0.7984371707499974, "p99": 1.302110678450005, "max": 4.309028222000052}, "TPOT": {"unit": "ms", "min": 20.046549844221374, "p50": 26.56985848492428, "p90": 29.95469808190964, "p95": 31.750022208906657, "p99": 33.24248403487445, "max": 35.82903556281366}, "Input Tokens per Minute": {"unit": "tokens/min", "min": 742950.0, "p50": 742950.0, "p90": 742950.0, "p95": 742950.0, "p99": 742950.0, "max": 742950.0}, "Output Tokens per Minute": {"unit": "tokens/min", "min": 35769.512195121955, "p50": 35769.512195121955, "p90": 35769.512195121955, "p95": 35769.512195121955, "p99": 35769.512195121955, "max": 35769.512195121955}}
{"target_qps": 3.0, "actual_qps": 2.999551263681468, "success_rate": 100.0, "input_tokens": 4242, "output_tokens": 199, "model": "QwQ-32B", "input_tokens_per_minute": 763568.0898876404, "output_tokens_per_minute": 35919.1011235955, "slo_seconds": 5.0, "slo_attainment": 25.280898876404496, "ttft_slo_ms": 1000, "ttft_slo_attainment": 100.0, "tpot_slo_ms": 50, "tpot_slo_attainment": 100.0, "Latency": {"unit": "s", "min": 3.989451469999949, "p50": 5.530807014000061, "p90": 6.584971445299948, "p95": 6.7313936204999205, "p99": 7.043234845609969, "max": 7.6160750430000235}, "Throughput": {"unit": "tokens/s", "min": 26.260245450682778, "p50": 36.01306890863573, "p90": 42.38757909854623, "p95": 43.81259167249203, "p99": 47.56188720649854, "max": 49.48823079827834}, "TTFT": {"unit": "s", "min": 0.051822595999965415, "p50": 0.45119811550000577, "p90": 0.5718047836999972, "p95": 0.6305754059000265, "p99": 0.7242794345999595, "max": 0.753325464999989}, "TPOT": {"unit": "ms", "min": 19.72401210552754, "p50": 25.622665876884714, "p90": 30.19504562864305, "p95": 31.397127464070643, "p99": 32.96386912427124, "max": 34.79820890452255}, "Input Tokens per Minute": {"unit": "tokens/min", "min": 763568.0898876404, "p50": 763568.0898876404, "p90": 763568.0898876404, "p95": 763568.0898876404, "p99": 763568.0898876404, "max": 763568.0898876404}, "Output Tokens per Minute": {"unit": "tokens/min", "min": 35919.1011235955, "p50": 35919.1011235955, "p90": 35919.1011235955, "p95": 35919.1011235955, "p99": 35919.1011235955, "max": 35919.1011235955}}
{"target_qps": 3.0, "actual_qps": 2.9997716146379516, "success_rate": 100.0, "input_tokens": 4189, "output_tokens": 199, "model": "QwQ-32B", "input_tokens_per_minute": 754143.0, "output_tokens_per_minute": 35932.0, "slo_seconds": 5.0, "slo_attainment": 23.88888888888889, "ttft_slo_ms": 1000, "ttft_slo_attainment": 100.0, "tpot_slo_ms": 50, "tpot_slo_attainment": 100.0, "Latency": {"unit": "s", "min": 4.187300290000053, "p50": 5.528228988500018, "p90": 6.291667223299987, "p95": 6.518879239799865, "p99": 6.788598850120045, "max": 6.868805424000129}, "Throughput": {"unit": "tokens/s", "min": 29.117144489372894, "p50": 36.1629099788271, "p90": 42.06925777588458, "p95": 42.94184459630396, "p99": 46.13592616614922, "max": 47.76347196250343}, "TTFT": {"unit": "s", "min": 0.05632424100008393, "p50": 0.42595299499998873, "p90": 0.5145800339000516, "p95": 0.5448742292498764, "p99": 0.5863806585301519, "max": 0.6002064369999971}, "TPOT": {"unit": "ms", "min": 20.532245944723766, "p50": 26.010937077889146, "p90": 28.91137939045203, "p95": 30.694064223617925, "p99": 31.521162041105534, "max": 31.812605683417225}, "Input Tokens per Minute": {"unit": "tokens/min", "min": 754143.0, "p50": 754143.0, "p90": 754143.0, "p95": 754143.0, "p99": 754143.0, "max": 754143.0}, "Output Tokens per Minute": {"unit": "tokens/min", "min": 35932.0, "p50": 35932.0, "p90": 35932.0, "p95": 35932.0, "p99": 35932.0, "max": 35932.0}}
{"target_qps": 3.0, "actual_qps": 2.999981548713483, "success_rate": 100.0, "input_tokens": 4097, "output_tokens": 200, "model": "QwQ-32B", "input_tokens_per_minute": 744938.4722944144, "output_tokens_per_minute": 36356.78174946996, "slo_seconds": 5.0, "slo_attainment": 30.21978021978022, "ttft_slo_ms": 1000, "ttft_slo_attainment": 100.0, "tpot_slo_ms": 50, "tpot_slo_attainment": 100.0, "Latency": {"unit": "s", "min": 4.11573720399997, "p50": 5.496497616500051, "p90": 6.171505247000027, "p95": 6.442022415400049, "p99": 6.577455720129958, "max": 6.665001061000112}, "Throughput": {"unit": "tokens/s", "min": 30.007497098580977, "p50": 36.38681782144205, "p90": 43.18168692426196, "p95": 45.08233847260698, "p99": 46.96450765452062, "max": 48.59396751707703}, "TTFT": {"unit": "s", "min": 0.04038114499985568, "p50": 0.3710130880000406, "p90": 0.491183702400167, "p95": 0.5093161799499171, "p99": 0.5726357086599045, "max": 0.7694166660000974}, "TPOT": {"unit": "ms", "min": 19.94368322110534, "p50": 25.743146706030068, "p90": 28.982039665326816, "p95": 29.986132164824205, "p99": 31.30400144944711, "max": 31.855310080402717}, "Input Tokens per Minute": {"unit": "tokens/min", "min": 744938.4722944144, "p50": 744938.4722944144, "p90": 744938.4722944144, "p95": 744938.4722944144, "p99": 744938.4722944144, "max": 744938.4722944144}, "Output Tokens per Minute": {"unit": "tokens/min", "min": 36356.78174946996, "p50": 36356.78174946996, "p90": 36356.78174946996, "p95": 36356.78174946996, "p99": 36356.78174946996, "max": 36356.78174946996}}
{"target_qps": 3.0, "actual_qps": 2.999944994508556, "success_rate": 100.0, "input_tokens": 4172, "output_tokens": 199, "model": "QwQ-32B", "input_tokens_per_minute": 751052.5139664804, "output_tokens_per_minute": 35844.13407821229, "slo_seconds": 5.0, "slo_attainment": 31.28491620111732, "ttft_slo_ms": 1000, "ttft_slo_attainment": 100.0, "tpot_slo_ms": 50, "tpot_slo_attainment": 100.0, "Latency": {"unit": "s", "min": 0.9412354629998845, "p50": 5.466497664999906, "p90": 5.9834469199999605, "p95": 6.4990210277998814, "p99": 6.938379140119996, "max": 6.981775448999997}, "Throughput": {"unit": "tokens/s", "min": 28.646008663691138, "p50": 36.58649692298066, "p90": 42.7497334173445, "p95": 44.10764189388765, "p99": 46.51616148461555, "max": 50.50260917576297}, "TTFT": {"unit": "s", "min": 0.037408963999951084, "p50": 0.36646410000003016, "p90": 0.4737085326000397, "p95": 0.49876552380003425, "p99": 0.5647959906200231, "max": 0.5691427679998924}, "TPOT": {"unit": "ms", "min": 19.608335105527228, "p50": 25.551262974874987, "p90": 28.371339966834604, "p95": 30.745182665326052, "p99": 32.38761376482397, "max": 32.663961402009754}, "Input Tokens per Minute": {"unit": "tokens/min", "min": 751052.5139664804, "p50": 751052.5139664804, "p90": 751052.5139664804, "p95": 751052.5139664804, "p99": 751052.5139664804, "max": 751052.5139664804}, "Output Tokens per Minute": {"unit": "tokens/min", "min": 35844.13407821229, "p50": 35844.13407821229, "p90": 35844.13407821229, "p95": 35844.13407821229, "p99": 35844.13407821229, "max": 35844.13407821229}}
{"target_qps": 3.0, "actual_qps": 2.9999638955845094, "success_rate": 100.0, "input_tokens": 4188, "output_tokens": 200, "model": "QwQ-32B", "input_tokens_per_minute": 769786.9342824175, "output_tokens_per_minute": 36756.30682363996, "slo_seconds": 5.0, "slo_attainment": 36.41304347826087, "ttft_slo_ms": 1000, "ttft_slo_attainment": 100.0, "tpot_slo_ms": 50, "tpot_slo_attainment": 100.0, "Latency": {"unit": "s",