{"actual_qps": 4.482181618562158, "success_rate": 100.0, "input_tokens": 4015, "output_tokens": 199, "model": "QwQ-32B", "input_tokens_per_minute": 904016.1908496, "output_tokens_per_minute": 45012.05989432055, "slo_seconds": 5.0, "slo_attainment": 13.716814159292035, "ttft_slo_ms": 1000, "ttft_slo_attainment": 53.09734513274337, "tpot_slo_ms": 50, "tpot_slo_attainment": 100.0, "Latency": {"unit": "s", "min": 3.705430494999746, "p50": 6.7700870535002196, "p90": 9.514031810999995, "p95": 9.850105395750006, "p99": 10.575449304750009, "max": 14.569820563000121}, "Throughput": {"unit": "tokens/s", "min": 13.727005019395882, "p50": 29.542074934284138, "p90": 42.08018039720747, "p95": 45.174530706349415, "p99": 51.045612315443314, "max": 53.9748351156196}, "TTFT": {"unit": "s", "min": 0.12385417099994811, "p50": 0.9183943109999291, "p90": 2.3415349450001486, "p95": 2.7545151935003105, "p99": 3.65217713574998, "max": 7.745051185999728}, "TPOT": {"unit": "ms", "min": 17.443750266331115, "p50": 28.879398640703503, "p90": 38.960236190954916, "p95": 41.36743963191, "p99": 43.7277555942206, "max": 47.979926095476046}, "Input Tokens per Minute": {"unit": "tokens/min", "min": 904016.1908496, "p50": 904016.1908496, "p90": 904016.1908496, "p95": 904016.1908496, "p99": 904016.1908496, "max": 904016.1908496}, "Output Tokens per Minute": {"unit": "tokens/min", "min": 45012.05989432055, "p50": 45012.05989432055, "p90": 45012.05989432055, "p95": 45012.05989432055, "p99": 45012.05989432055, "max": 45012.05989432055}}
{"actual_qps": 3.5852130202986148, "success_rate": 100.0, "input_tokens": 3931, "output_tokens": 199, "model": "QwQ-32B", "input_tokens_per_minute": 950565.618596186, "output_tokens_per_minute": 48133.95168720177, "slo_seconds": 5.0, "slo_attainment": 30.612244897959183, "ttft_slo_ms": 1000, "ttft_slo_attainment": 83.26530612244898, "tpot_slo_ms": 50, "tpot_slo_attainment": 100.0, "Latency": {"unit": "s", "min": 2.3104344200000924, "p50": 5.541310245999739, "p90": 7.431849712800067, "p95": 8.241375744999912, "p99": 9.16385727532017, "max": 9.22788509899965}, "Throughput": {"unit": "tokens/s", "min": 21.67343848068514, "p50": 36.08983117423374, "p90": 48.549281557234586, "p95": 51.314219456449194, "p99": 53.14993854113054, "max": 54.84075483511545}, "TTFT": {"unit": "s", "min": 0.09726350700020703, "p50": 0.5852754549996462, "p90": 1.1655621753999184, "p95": 1.497760752599968, "p99": 1.8960066342399116, "max": 1.9582772839999052}, "TPOT": {"unit": "ms", "min": 17.32817977889494, "p50": 24.862907547738168, "p90": 33.55112309849089, "p95": 35.23301054271345, "p99": 38.0993927565832, "max": 43.55400796482432}, "Input Tokens per Minute": {"unit": "tokens/min", "min": 950565.618596186, "p50": 950565.618596186, "p90": 950565.618596186, "p95": 950565.618596186, "p99": 950565.618596186, "max": 950565.618596186}, "Output Tokens per Minute": {"unit": "tokens/min", "min": 48133.95168720177, "p50": 48133.95168720177, "p90": 48133.95168720177, "p95": 48133.95168720177, "p99": 48133.95168720177, "max": 48133.95168720177}}
{"actual_qps": 3.6648223070318693, "success_rate": 100.0, "input_tokens": 4045, "output_tokens": 198, "model": "QwQ-32B", "input_tokens_per_minute": 866207.8586589397, "output_tokens_per_minute": 42588.38365763896, "slo_seconds": 5.0, "slo_attainment": 30.414746543778804, "ttft_slo_ms": 1000, "ttft_slo_attainment": 89.86175115207374, "tpot_slo_ms": 50, "tpot_slo_attainment": 100.0, "Latency": {"unit": "s", "min": 1.4524158399999578, "p50": 5.515019501000097, "p90": 7.228523409599894, "p95": 7.923972870799753, "p99": 8.865142416840099, "max": 9.276629290000074}, "Throughput": {"unit": "tokens/s", "min": 21.559555065501428, "p50": 36.07800150584921, "p90": 46.48790605597117, "p95": 48.30703145110686, "p99": 50.37736415650972, "max": 51.56113530041886}, "TTFT": {"unit": "s", "min": 0.10135614699993312, "p50": 0.5925272360000235, "p90": 0.9990657772000304, "p95": 1.1452941788001225, "p99": 1.3224322243602729, "max": 1.6674628629998551}, "TPOT": {"unit": "ms", "min": 17.008734412060285, "p50": 24.61878716080513, "p90": 33.2241496663328, "p95": 35.9514402783929, "p99": 40.41193634291485, "max": 44.98001127638134}, "Input Tokens per Minute": {"unit": "tokens/min", "min": 866207.8586589397, "p50": 866207.8586589397, "p90": 866207.8586589397, "p95": 866207.8586589397, "p99": 866207.8586589397, "max": 866207.8586589397}, "Output Tokens per Minute": {"unit": "tokens/min", "min": 42588.38365763896, "p50": 42588.38365763896, "p90": 42588.38365763896, "p95": 42588.38365763896, "p99": 42588.38365763896, "max": 42588.38365763896}}
{"actual_qps": 3.7728947162568915, "success_rate": 100.0, "input_tokens": 4037, "output_tokens": 199, "model": "QwQ-32B", "input_tokens_per_minute": 941894.6358906962, "output_tokens_per_minute": 46491.249082724484, "slo_seconds": 5.0, "slo_attainment": 36.28691983122363, "ttft_slo_ms": 1000, "ttft_slo_attainment": 91.9831223628692, "tpot_slo_ms": 50, "tpot_slo_attainment": 100.0, "Latency": {"unit": "s", "min": 2.3393344689993683, "p50": 5.439331508000578, "p90": 6.543155975800073, "p95": 7.081277749799664, "p99": 7.860411656199903, "max": 7.954185466999661}, "Throughput": {"unit": "tokens/s", "min": 25.14399504886583, "p50": 36.76922425224956, "p90": 49.2836690723345, "p95": 52.537740837671734, "p99": 54.749009742898345, "max": 56.8216557037403}, "TTFT": {"unit": "s", "min": 0.038213204000385304, "p50": 0.4415383230007137, "p90": 0.8516921869995717, "p95": 1.1498839149995546, "p99": 1.572842683680573, "max": 1.6433116630005316}, "TPOT": {"unit": "ms", "min": 17.39813176381583, "p50": 24.764016884418464, "p90": 31.144075350753543, "p95": 32.24184512361794, "p99": 36.25224682633195, "max": 37.02410083919698}, "Input Tokens per Minute": {"unit": "tokens/min", "min": 941894.6358906962, "p50": 941894.6358906962, "p90": 941894.6358906962, "p95": 941894.6358906962, "p99": 941894.6358906962, "max": 941894.6358906962}, "Output Tokens per Minute": {"unit": "tokens/min", "min": 46491.249082724484, "p50": 46491.249082724484, "p90": 46491.249082724484, "p95": 46491.249082724484, "p99": 46491.249082724484, "max": 46491.249082724484}}
{"actual_qps": 4.4166643951025115, "success_rate": 100.0, "input_tokens": 3913, "output_tokens": 200, "model": "QwQ-32B", "input_tokens_per_minute": 978331.9407490996, "output_tokens_per_minute": 49999.05693543915, "slo_seconds": 5.0, "slo_attainment": 34.25196850393701, "ttft_slo_ms": 1000, "ttft_slo_attainment": 98.03149606299213, "tpot_slo_ms": 50, "tpot_slo_attainment": 100.0, "Latency": {"unit": "s", "min": 3.6528533319997223, "p50": 5.544891358000314, "p90": 7.2707482039998474, "p95": 8.032648812249636, "p99": 8.935005170719824, "max": 9.707674985000267}, "Throughput": {"unit": "tokens/s", "min": 20.60225546374681, "p50": 36.069239474491894, "p90": 47.46449941366399, "p95": 50.23890585256867, "p99": 54.1025262309379, "max": 54.751719223972174}, "TTFT": {"unit": "s", "min": 0.04755202700016525, "p50": 0.27959087250019365, "p90": 0.688122895200104, "p95": 0.799577251999881, "p99": 1.0606473980999542, "max": 1.3584289700002046}, "TPOT": {"unit": "ms", "min": 18.029873457283486, "p50": 25.926808771356406, "p90": 34.79146594221236, "p95": 37.36100774220807, "p99": 43.08778931552759, "max": 46.424564055279056}, "Input Tokens per Minute": {"unit": "tokens/min", "min": 978331.9407490996, "p50": 978331.9407490996, "p90": 978331.9407490996, "p95": 978331.9407490996, "p99": 978331.9407490996, "max": 978331.9407490996}, "Output Tokens per Minute": {"unit": "tokens/min", "min": 49999.05693543915, "p50": 49999.05693543915, "p90": 49999.05693543915, "p95": 49999.05693543915, "p99": 49999.05693543915, "max": 49999.05693543915}}
{"actual_qps": 3.688512185637007, "success_rate": 100.0, "input_tokens": 3936, "output_tokens": 200, "model": "QwQ-32B", "input_tokens_per_minute": 906094.3298391, "output_tokens_per_minute": 46032.63207674985, "slo_seconds": 5.0, "slo_attainment": 44.871794871794876, "ttft_slo_ms": 1000,