{"actual_qps": 5.303607910065518, "success_rate": 100.0, "input_tokens": 3850, "output_tokens": 199, "model": "QwQ-32B", "input_tokens_per_minute": 1133247.672025394, "output_tokens_per_minute": 58776.278683818884, "slo_seconds": 5.0, "slo_attainment": 0.6779661016949152, "ttft_slo_ms": 1000, "ttft_slo_attainment": 4.745762711864407, "tpot_slo_ms": 50, "tpot_slo_attainment": 100.0, "Latency": {"unit": "s", "min": 4.432037333999688, "p50": 9.161800310999752, "p90": 13.252084383000332, "p95": 15.019096541799996, "p99": 18.617760330880486, "max": 25.090220152000256}, "Throughput": {"unit": "tokens/s", "min": 7.971233364568763, "p50": 21.829770701275592, "p90": 32.24765139195817, "p95": 35.16757743963912, "p99": 38.23560059242734, "max": 45.12597366130718}, "TTFT": {"unit": "s", "min": 0.22833795299993653, "p50": 3.8837441649993707, "p90": 7.725718930000227, "p95": 9.79195942489969, "p99": 13.994390217040017, "max": 21.220813384001303}, "TPOT": {"unit": "ms", "min": 11.872865231155963, "p50": 25.100863311564723, "p90": 40.3195497296476, "p95": 42.70336707637882, "p99": 47.251820716181044, "max": 49.478072371861366}, "Input Tokens per Minute": {"unit": "tokens/min", "min": 1133247.672025394, "p50": 1133247.672025394, "p90": 1133247.672025394, "p95": 1133247.672025394, "p99": 1133247.672025394, "max": 1133247.672025394}, "Output Tokens per Minute": {"unit": "tokens/min", "min": 58776.278683818884, "p50": 58776.278683818884, "p90": 58776.278683818884, "p95": 58776.278683818884, "p99": 58776.278683818884, "max": 58776.278683818884}}
{"actual_qps": 5.114121805927482, "success_rate": 100.0, "input_tokens": 4003, "output_tokens": 199, "model": "QwQ-32B", "input_tokens_per_minute": 1177998.484775259, "output_tokens_per_minute": 58694.48009160094, "slo_seconds": 5.0, "slo_attainment": 32.20338983050847, "ttft_slo_ms": 1000, "ttft_slo_attainment": 58.30508474576271, "tpot_slo_ms": 50, "tpot_slo_attainment": 100.0, "Latency": {"unit": "s", "min": 2.885762126999907, "p50": 5.309807916000864, "p90": 6.20731873379882, "p95": 6.412039383500996, "p99": 6.8582761408586155, "max": 7.3583551660012745}, "Throughput": {"unit": "tokens/s", "min": 22.177850142671186, "p50": 37.55494035451187, "p90": 45.894642259249714, "p95": 49.36096707336647, "p99": 51.99817172594876, "max": 53.56864325547855}, "TTFT": {"unit": "s", "min": 0.12806098900000507, "p50": 0.9328547379991505, "p90": 1.4408339265995898, "p95": 1.596358908399816, "p99": 1.855318601059771, "max": 2.2493806760012376}, "TPOT": {"unit": "ms", "min": 16.847731597989142, "p50": 22.235419070358745, "p90": 25.189492482410913, "p95": 26.08355172007944, "p99": 27.781937128546538, "max": 29.85916436181236}, "Input Tokens per Minute": {"unit": "tokens/min", "min": 1177998.484775259, "p50": 1177998.484775259, "p90": 1177998.484775259, "p95": 1177998.484775259, "p99": 1177998.484775259, "max": 1177998.484775259}, "Output Tokens per Minute": {"unit": "tokens/min", "min": 58694.48009160094, "p50": 58694.48009160094, "p90": 58694.48009160094, "p95": 58694.48009160094, "p99": 58694.48009160094, "max": 58694.48009160094}}
{"actual_qps": 4.9843703723378185, "success_rate": 100.0, "input_tokens": 4002, "output_tokens": 199, "model": "QwQ-32B", "input_tokens_per_minute": 1177023.175960895, "output_tokens_per_minute": 58599.248719426796, "slo_seconds": 5.0, "slo_attainment": 33.89830508474576, "ttft_slo_ms": 1000, "ttft_slo_attainment": 43.050847457627114, "tpot_slo_ms": 50, "tpot_slo_attainment": 100.0, "Latency": {"unit": "s", "min": 3.0979649189994234, "p50": 5.433685152998805, "p90": 6.761621150999782, "p95": 7.290004600400971, "p99": 7.968764793919873, "max": 9.949365700998897}, "Throughput": {"unit": "tokens/s", "min": 20.10178397401961, "p50": 36.768870565263754, "p90": 45.262151464910225, "p95": 48.46369034642487, "p99": 52.81397671040841, "max": 54.62517673820485}, "TTFT": {"unit": "s", "min": 0.1019519270012097, "p50": 1.0631919040006323, "p90": 1.9055014961995778, "p95": 2.269333475499298, "p99": 3.1309095219009766, "max": 4.3165738959996816}, "TPOT": {"unit": "ms", "min": 16.997762246227918, "p50": 21.819617492458672, "p90": 26.021153738696025, "p95": 27.034117275374843, "p99": 29.35003582803861, "max": 30.84687548743657}, "Input Tokens per Minute": {"unit": "tokens/min", "min": 1177023.175960895, "p50": 1177023.175960895, "p90": 1177023.175960895, "p95": 1177023.175960895, "p99": 1177023.175960895, "max": 1177023.175960895}, "Output Tokens per Minute": {"unit": "tokens/min", "min": 58599.248719426796, "p50": 58599.248719426796, "p90": 58599.248719426796, "p95": 58599.248719426796, "p99": 58599.248719426796, "max": 58599.248719426796}}
{"actual_qps": 5.233506304510282, "success_rate": 100.0, "input_tokens": 4103, "output_tokens": 199, "model": "QwQ-32B", "input_tokens_per_minute": 1357461.9279937784, "output_tokens_per_minute": 65970.81560340141, "slo_seconds": 5.0, "slo_attainment": 46.865671641791046, "ttft_slo_ms": 1000, "ttft_slo_attainment": 83.5820895522388, "tpot_slo_ms": 50, "tpot_slo_attainment": 100.0, "Latency": {"unit": "s", "min": 2.938391522000529, "p50": 5.05511499000022, "p90": 6.3058719923999895, "p95": 6.718735725000078, "p99": 7.705666713320177, "max": 8.083206462000817}, "Throughput": {"unit": "tokens/s", "min": 24.742656387684853, "p50": 39.304334719905945, "p90": 49.50716468012828, "p95": 52.17693770496023, "p99": 54.21437671643999, "max": 55.192409508263104}, "TTFT": {"unit": "s", "min": 0.041900875001374516, "p50": 0.6629220060003718, "p90": 1.1727044862000187, "p95": 1.4918171283004997, "p99": 1.8414233096198225, "max": 2.412541677000263}, "TPOT": {"unit": "ms", "min": 17.549632366829076, "p50": 22.396033075376327, "p90": 26.338007499497277, "p95": 27.96308596984886, "p99": 30.812267079603068, "max": 34.555301125633086}, "Input Tokens per Minute": {"unit": "tokens/min", "min": 1357461.9279937784, "p50": 1357461.9279937784, "p90": 1357461.9279937784, "p95": 1357461.9279937784, "p99": 1357461.9279937784, "max": 1357461.9279937784}, "Output Tokens per Minute": {"unit": "tokens/min", "min": 65970.81560340141, "p50": 65970.81560340141, "p90": 65970.81560340141, "p95": 65970.81560340141, "p99": 65970.81560340141, "max": 65970.81560340141}}
{"actual_qps": 5.099958877756576, "success_rate": 100.0, "input_tokens": 4003, "output_tokens": 199, "model": "QwQ-32B", "input_tokens_per_minute": 1209647.9608740136, "output_tokens_per_minute": 60328.50333472749, "slo_seconds": 5.0, "slo_attainment": 61.76470588235294, "ttft_slo_ms": 1000, "ttft_slo_attainment": 98.0392156862745, "tpot_slo_ms": 50, "tpot_slo_attainment": 100.0, "Latency": {"unit": "s", "min": 1.9559912389995588, "p50": 4.817623263000314, "p90": 5.730824136000592, "p95": 5.994211309500315, "p99": 6.415279789900524, "max": 6.877009824000197}, "Throughput": {"unit": "tokens/s", "min": 29.08240719709553, "p50": 41.51424674604738, "p90": 49.59779846935267, "p95": 52.120847220375296, "p99": 54.39374652261208, "max": 57.214070826580404}, "TTFT": {"unit": "s", "min": 0.04821851999986393, "p50": 0.5817282444995726, "p90": 0.9370732114994098, "p95": 0.971101981249376, "p99": 1.1230261636501382, "max": 1.3761429000005592}, "TPOT": {"unit": "ms", "min": 17.211404804022013, "p50": 21.49291340452262, "p90": 25.240543007540378, "p95": 26.133358672110838, "p99": 28.494567306526598, "max": 30.111897095479772}, "Input Tokens per Minute": {"unit": "tokens/min", "min": 1209647.9608740136, "p50": 1209647.9608740136, "p90": 1209647.9608740136, "p95": 1209647.9608740136, "p99": 1209647.9608740136, "max": 1209647.9608740136}, "Output Tokens per Minute": {"unit": "tokens/min", "min": 60328.50333472749, "p50": 60328.50333472749, "p90": 60328.50333472749, "p95": 60328.50333472749, "p99": 60328.50333472749, "max": 60328.50333472749}}
{"actual_qps": 5.229510211111443, "success_rate": 100.0, "input_tokens": 3946, "output_tokens": 199, "model": "QwQ-32B", "input_tokens_per_minute": 1211079.8107662546, "output_tokens_per_minute": 61300.35148154621, "slo_seconds": 5.0,