{"target_qps": 5.0, "actual_qps": 4.995630865676866, "success_rate": 100.0, "input_tokens": 4129, "output_tokens": 200, "model": "QwQ-32B", "input_tokens_per_minute": 1238934.3195266272, "output_tokens_per_minute": 60000.0, "slo_seconds": 5.0, "slo_attainment": 0.0, "ttft_slo_ms": 1000, "ttft_slo_attainment": 5.9171597633136095, "tpot_slo_ms": 50, "tpot_slo_attainment": 8.284023668639055, "Latency": {"unit": "s", "min": 8.776843555999221, "p50": 20.311255249005626, "p90": 31.598936621201574, "p95": 31.920475134599837, "p99": 31.99773607899784, "max": 41.565217223993386}, "Throughput": {"unit": "tokens/s", "min": 4.811715500539972, "p50": 9.846757255920526, "p90": 16.275354636452523, "p95": 18.007464038595305, "p99": 20.713798787496472, "max": 22.78723537954534}, "TTFT": {"unit": "s", "min": 0.5231769350066315, "p50": 4.517313027005002, "p90": 6.42089801120019, "p95": 7.2002443183999265, "p99": 12.015585958201264, "max": 14.776154492996284}, "TPOT": {"unit": "ms", "min": 23.708882482401233, "p50": 78.71721413067833, "p90": 128.84687464118258, "p95": 131.16157427035276, "p99": 135.70243334515405, "max": 135.9694302964683}, "Input Tokens per Minute": {"unit": "tokens/min", "min": 1238934.3195266272, "p50": 1238934.3195266272, "p90": 1238934.3195266272, "p95": 1238934.3195266272, "p99": 1238934.3195266272, "max": 1238934.3195266272}, "Output Tokens per Minute": {"unit": "tokens/min", "min": 60000.0, "p50": 60000.0, "p90": 60000.0, "p95": 60000.0, "p99": 60000.0, "max": 60000.0}}
{"target_qps": 5.0, "actual_qps": 4.996153610470799, "success_rate": 100.0, "input_tokens": 3927, "output_tokens": 200, "model": "QwQ-32B", "input_tokens_per_minute": 1178377.4744027304, "output_tokens_per_minute": 60000.0, "slo_seconds": 5.0, "slo_attainment": 0.0, "ttft_slo_ms": 1000, "ttft_slo_attainment": 10.238907849829351, "tpot_slo_ms": 50, "tpot_slo_attainment": 19.795221843003414, "Latency": {"unit": "s", "min": 7.518029352002486, "p50": 21.597423352999613, "p90": 35.76493198899989, "p95": 41.15277238320268, "p99": 43.31163998948204, "max": 44.703971112001454}, "Throughput": {"unit": "tokens/s", "min": 4.473875475154532, "p50": 9.260363920783286, "p90": 18.060941249543387, "p95": 19.684800752388213, "p99": 24.99985528697256, "max": 26.602716035782493}, "TTFT": {"unit": "s", "min": 0.2231263349967776, "p50": 4.40652793499612, "p90": 9.499146095798643, "p95": 10.912403832397827, "p99": 14.943647089156995, "max": 17.04929236099997}, "TPOT": {"unit": "ms", "min": 14.052942939663959, "p50": 85.13924158293077, "p90": 154.19533722010942, "p95": 162.07316287438707, "p99": 167.09798685869671, "max": 169.06192751757678}, "Input Tokens per Minute": {"unit": "tokens/min", "min": 1178377.4744027304, "p50": 1178377.4744027304, "p90": 1178377.4744027304, "p95": 1178377.4744027304, "p99": 1178377.4744027304, "max": 1178377.4744027304}, "Output Tokens per Minute": {"unit": "tokens/min", "min": 60000.0, "p50": 60000.0, "p90": 60000.0, "p95": 60000.0, "p99": 60000.0, "max": 60000.0}}
{"target_qps": 5.0, "actual_qps": 4.999739277512078, "success_rate": 100.0, "input_tokens": 3968, "output_tokens": 199, "model": "QwQ-32B", "input_tokens_per_minute": 1204718.4793175745, "output_tokens_per_minute": 60518.22514470163, "slo_seconds": 5.0, "slo_attainment": 0.31645569620253167, "ttft_slo_ms": 1000, "ttft_slo_attainment": 8.227848101265822, "tpot_slo_ms": 50, "tpot_slo_attainment": 22.468354430379748, "Latency": {"unit": "s", "min": 2.2399924190031015, "p50": 22.085501125002338, "p90": 38.01267408450076, "p95": 40.81670672249675, "p99": 47.088679544700426, "max": 52.14676032999705}, "Throughput": {"unit": "tokens/s", "min": 3.8353293423091412, "p50": 9.05571486086577, "p90": 20.51913229110684, "p95": 24.5353216053563, "p99": 30.05947434256577, "max": 35.35337358414966}, "TTFT": {"unit": "s", "min": 0.15261535099853063, "p50": 4.269784228497883, "p90": 9.124633235998772, "p95": 12.372317039003974, "p99": 18.055176136203972, "max": 19.191886038999655}, "TPOT": {"unit": "ms", "min": 17.28667501509646, "p50": 89.63559985177062, "p90": 154.78303861809354, "p95": 164.68281942964418, "p99": 171.74284874294904, "max": 173.1988632362017}, "Input Tokens per Minute": {"unit": "tokens/min", "min": 1204718.4793175745, "p50": 1204718.4793175745, "p90": 1204718.4793175745, "p95": 1204718.4793175745, "p99": 1204718.4793175745, "max": 1204718.4793175745}, "Output Tokens per Minute": {"unit": "tokens/min", "min": 60518.22514470163, "p50": 60518.22514470163, "p90": 60518.22514470163, "p95": 60518.22514470163, "p99": 60518.22514470163, "max": 60518.22514470163}}
{"target_qps": 5.0, "actual_qps": 4.999925003958353, "success_rate": 100.0, "input_tokens": 4078, "output_tokens": 199, "model": "QwQ-32B", "input_tokens_per_minute": 1226317.857923923, "output_tokens_per_minute": 60044.60091070573, "slo_seconds": 5.0, "slo_attainment": 0.6389776357827476, "ttft_slo_ms": 1000, "ttft_slo_attainment": 37.69968051118211, "tpot_slo_ms": 50, "tpot_slo_attainment": 15.654952076677317, "Latency": {"unit": "s", "min": 4.420863933002693, "p50": 20.226875357999234, "p90": 37.42855586320074, "p95": 39.883615007398475, "p99": 45.35799351051944, "max": 48.485830205005186}, "Throughput": {"unit": "tokens/s", "min": 4.124916478780929, "p50": 9.887834698150987, "p90": 21.225294369332953, "p95": 27.94694225483337, "p99": 33.633981186420904, "max": 45.240026164785874}, "TTFT": {"unit": "s", "min": 0.10127554700011387, "p50": 1.861608924002212, "p90": 11.291060616003234, "p95": 14.813564097402555, "p99": 18.521955281238185, "max": 18.990940023002622}, "TPOT": {"unit": "ms", "min": 20.13796796480658, "p50": 92.10514208540582, "p90": 145.1931272512571, "p95": 150.57068375879214, "p99": 157.87778318652985, "max": 159.73975671355524}, "Input Tokens per Minute": {"unit": "tokens/min", "min": 1226317.857923923, "p50": 1226317.857923923, "p90": 1226317.857923923, "p95": 1226317.857923923, "p99": 1226317.857923923, "max": 1226317.857923923}, "Output Tokens per Minute": {"unit": "tokens/min", "min": 60044.60091070573, "p50": 60044.60091070573, "p90": 60044.60091070573, "p95": 60044.60091070573, "p99": 60044.60091070573, "max": 60044.60091070573}}
{"target_qps": 5.0, "actual_qps": 4.999953056524284, "success_rate": 100.0, "input_tokens": 3984, "output_tokens": 200, "model": "QwQ-32B", "input_tokens_per_minute": 1228787.8131077029, "output_tokens_per_minute": 61676.82722624131, "slo_seconds": 5.0, "slo_attainment": 0.0, "ttft_slo_ms": 1000, "ttft_slo_attainment": 55.140186915887845, "tpot_slo_ms": 50, "tpot_slo_attainment": 21.49532710280374, "Latency": {"unit": "s", "min": 5.134130514001299, "p50": 15.133575248000852, "p90": 41.09321960100351, "p95": 43.86414336800226, "p99": 48.2637895110005, "max": 49.41156574500201}, "Throughput": {"unit": "tokens/s", "min": 4.047635345783999, "p50": 13.215647771429294, "p90": 24.504225180352094, "p95": 28.97261566268792, "p99": 35.99248764513496, "max": 38.95498944847225}, "TTFT": {"unit": "s", "min": 0.06603257000097074, "p50": 0.8101572439991287, "p90": 15.992675629000587, "p95": 17.02558908300125, "p99": 18.691423017198396, "max": 19.02438183200138}, "TPOT": {"unit": "ms", "min": 23.681927889459132, "p50": 72.21247414070686, "p90": 145.58935640203555, "p95": 153.84306363316387, "p99": 159.01719417085025, "max": 180.80568553771047}, "Input Tokens per Minute": {"unit": "tokens/min", "min": 1228787.8131077029, "p50": 1228787.8131077029, "p90": 1228787.8131077029, "p95": 1228787.8131077029, "p99": 1228787.8131077029, "max": 1228787.8131077029}, "Output Tokens per Minute": {"unit": "tokens/min", "min": 61676.82722624131, "p50": 61676.82722624131, "p90": 61676.82722624131, "p95": 61676.82722624131, "p99": 61676.82722624131, "max": 61676.82722624131}}
{"target_qps": 5.0, "actual_qps": 4.999862034806777, "success_rate": 100.0, "input_tokens": 3847, "output_tokens": 200, "model": "QwQ-32B", "input_tokens_per_minute": 1154398.9655172413, "output_tokens_per_minute": 60000.0, "slo_seconds": 5.0,