{"actual_qps": 5.140936563302851, "success_rate": 100.0, "input_tokens": 3895, "output_tokens": 199, "model": "QwQ-32B", "input_tokens_per_minute": 935819.5122427199, "output_tokens_per_minute": 47994.597385019275, "slo_seconds": 5.0, "slo_attainment": 1.2345679012345678, "ttft_slo_ms": 1000, "ttft_slo_attainment": 10.699588477366255, "tpot_slo_ms": 50, "tpot_slo_attainment": 93.00411522633745, "Latency": {"unit": "s", "min": 4.540975378999065, "p50": 9.33049037300043, "p90": 14.104195482599609, "p95": 15.466499870000735, "p99": 18.907147767180387, "max": 19.210861947998637}, "Throughput": {"unit": "tokens/s", "min": 10.410777014658406, "p50": 21.402213140856404, "p90": 31.736975777423762, "p95": 35.600088902176275, "p99": 39.93274220536275, "max": 44.04340109945379}, "TTFT": {"unit": "s", "min": 0.26325744499990833, "p50": 2.621766783999192, "p90": 5.619555996199052, "p95": 6.562445586699867, "p99": 8.376588195580224, "max": 10.135430467000333}, "TPOT": {"unit": "ms", "min": 15.45924719597971, "p50": 33.234940778897204, "p90": 48.22078913669032, "p95": 51.39695640050125, "p99": 68.6064765975893, "max": 80.72763593466804}, "Input Tokens per Minute": {"unit": "tokens/min", "min": 935819.5122427199, "p50": 935819.5122427199, "p90": 935819.5122427199, "p95": 935819.5122427199, "p99": 935819.5122427199, "max": 935819.5122427199}, "Output Tokens per Minute": {"unit": "tokens/min", "min": 47994.597385019275, "p50": 47994.597385019275, "p90": 47994.597385019275, "p95": 47994.597385019275, "p99": 47994.597385019275, "max": 47994.597385019275}}
{"actual_qps": 5.179430799152341, "success_rate": 100.0, "input_tokens": 3937, "output_tokens": 199, "model": "QwQ-32B", "input_tokens_per_minute": 1323559.8229051356, "output_tokens_per_minute": 67081.3130179279, "slo_seconds": 5.0, "slo_attainment": 1.7647058823529411, "ttft_slo_ms": 1000, "ttft_slo_attainment": 29.705882352941178, "tpot_slo_ms": 50, "tpot_slo_attainment": 79.11764705882352, "Latency": {"unit": "s", "min": 3.855907291999756, "p50": 9.11559582099926, "p90": 15.01435486890041, "p95": 17.060563422250105, "p99": 19.411973861728875, "max": 21.873515893999866}, "Throughput": {"unit": "tokens/s", "min": 9.143477480676168, "p50": 21.905749922101627, "p90": 32.71889618043386, "p95": 35.625793676725216, "p99": 41.28000179308588, "max": 51.86846696624693}, "TTFT": {"unit": "s", "min": 0.18953390599926934, "p50": 1.581358348998947, "p90": 4.681041123899377, "p95": 5.766342451051332, "p99": 7.5464158872589175, "max": 8.931334591999985}, "TPOT": {"unit": "ms", "min": 14.700927783912936, "p50": 36.16161568341834, "p90": 59.25191188492058, "p95": 63.76308412134895, "p99": 74.39104018929395, "max": 78.76556214573407}, "Input Tokens per Minute": {"unit": "tokens/min", "min": 1323559.8229051356, "p50": 1323559.8229051356, "p90": 1323559.8229051356, "p95": 1323559.8229051356, "p99": 1323559.8229051356, "max": 1323559.8229051356}, "Output Tokens per Minute": {"unit": "tokens/min", "min": 67081.3130179279, "p50": 67081.3130179279, "p90": 67081.3130179279, "p95": 67081.3130179279, "p99": 67081.3130179279, "max": 67081.3130179279}}
{"actual_qps": 5.066626825437432, "success_rate": 100.0, "input_tokens": 4029, "output_tokens": 199, "model": "QwQ-32B", "input_tokens_per_minute": 1165607.5074284202, "output_tokens_per_minute": 57584.427445923066, "slo_seconds": 5.0, "slo_attainment": 4.761904761904762, "ttft_slo_ms": 1000, "ttft_slo_attainment": 44.89795918367347, "tpot_slo_ms": 50, "tpot_slo_attainment": 89.79591836734694, "Latency": {"unit": "s", "min": 3.9730242130008264, "p50": 8.579570421000426, "p90": 12.231665460298974, "p95": 12.776160468149914, "p99": 14.477409013679422, "max": 17.868228909001118}, "Throughput": {"unit": "tokens/s", "min": 11.193051142256747, "p50": 23.25606176711893, "p90": 34.623178207048035, "p95": 38.21088526168711, "p99": 46.057182358899425, "max": 50.339486818516}, "TTFT": {"unit": "s", "min": 0.20486299399999552, "p50": 1.0959092389994112, "p90": 3.504780139200011, "p95": 4.696524380649953, "p99": 6.480516538310511, "max": 7.994122698000865}, "TPOT": {"unit": "ms", "min": 18.372405276384587, "p50": 35.76469330904793, "p90": 50.1508082090459, "p95": 52.30889854372106, "p99": 58.25310405698501, "max": 66.1934196857276}, "Input Tokens per Minute": {"unit": "tokens/min", "min": 1165607.5074284202, "p50": 1165607.5074284202, "p90": 1165607.5074284202, "p95": 1165607.5074284202, "p99": 1165607.5074284202, "max": 1165607.5074284202}, "Output Tokens per Minute": {"unit": "tokens/min", "min": 57584.427445923066, "p50": 57584.427445923066, "p90": 57584.427445923066, "p95": 57584.427445923066, "p99": 57584.427445923066, "max": 57584.427445923066}}
{"actual_qps": 5.131134880791406, "success_rate": 100.0, "input_tokens": 4074, "output_tokens": 199, "model": "QwQ-32B", "input_tokens_per_minute": 1286529.612594851, "output_tokens_per_minute": 62855.25475154247, "slo_seconds": 5.0, "slo_attainment": 10.59190031152648, "ttft_slo_ms": 1000, "ttft_slo_attainment": 73.83177570093457, "tpot_slo_ms": 50, "tpot_slo_attainment": 87.53894080996885, "Latency": {"unit": "s", "min": 1.8190433729996585, "p50": 7.890041431999634, "p90": 10.992490759999782, "p95": 11.708911185998659, "p99": 12.663376978999077, "max": 12.737255774000005}, "Throughput": {"unit": "tokens/s", "min": 15.7019693683353, "p50": 25.33715331205305, "p90": 39.467946490299994, "p95": 43.42970553354631, "p99": 47.75667850151678, "max": 50.41360548248889}, "TTFT": {"unit": "s", "min": 0.08058064000033482, "p50": 0.6723907089999557, "p90": 1.410268931000246, "p95": 1.502834052000253, "p99": 2.0586614742009277, "max": 2.262438984000255}, "TPOT": {"unit": "ms", "min": 18.492143718590775, "p50": 35.6389417085492, "p90": 51.541353286428325, "p95": 54.07554010552436, "p99": 58.65411617286458, "max": 60.938189783914986}, "Input Tokens per Minute": {"unit": "tokens/min", "min": 1286529.612594851, "p50": 1286529.612594851, "p90": 1286529.612594851, "p95": 1286529.612594851, "p99": 1286529.612594851, "max": 1286529.612594851}, "Output Tokens per Minute": {"unit": "tokens/min", "min": 62855.25475154247, "p50": 62855.25475154247, "p90": 62855.25475154247, "p95": 62855.25475154247, "p99": 62855.25475154247, "max": 62855.25475154247}}
{"actual_qps": 5.065590742380013, "success_rate": 100.0, "input_tokens": 4021, "output_tokens": 200, "model": "QwQ-32B", "input_tokens_per_minute": 1281536.838028417, "output_tokens_per_minute": 63737.54765660379, "slo_seconds": 5.0, "slo_attainment": 6.790123456790123, "ttft_slo_ms": 1000, "ttft_slo_attainment": 81.48148148148148, "tpot_slo_ms": 50, "tpot_slo_attainment": 86.72839506172839, "Latency": {"unit": "s", "min": 3.999801911999384, "p50": 7.8938369410007, "p90": 11.250694558800024, "p95": 11.917341996400136, "p99": 12.88049390862976, "max": 13.214926868000475}, "Throughput": {"unit": "tokens/s", "min": 15.134400817933669, "p50": 25.336221345255872, "p90": 39.232633372566596, "p95": 41.09331750845125, "p99": 45.676286843485784, "max": 50.002476222635195}, "TTFT": {"unit": "s", "min": 0.08896562900008576, "p50": 0.5860453889999917, "p90": 1.2572872913997344, "p95": 1.4170237906997498, "p99": 1.8729740245897617, "max": 2.0159512019999966}, "TPOT": {"unit": "ms", "min": 18.760789603014807, "p50": 36.19346836432267, "p90": 52.04198650453005, "p95": 55.03475224347298, "p99": 61.629374696981564, "max": 63.9249287035194}, "Input Tokens per Minute": {"unit": "tokens/min", "min": 1281536.838028417, "p50": 1281536.838028417, "p90": 1281536.838028417, "p95": 1281536.838028417, "p99": 1281536.838028417, "max": 1281536.838028417}, "Output Tokens per Minute": {"unit": "tokens/min", "min": 63737.54765660379, "p50": 63737.54765660379, "p90": 63737.54765660379, "p95": 63737.54765660379, "p99": 63737.54765660379, "max": 63737.54765660379}}
{"actual_qps": 5.3278251621963735, "success_rate": 100.0, "input_tokens": 3962, "output_tokens": 199, "model": "QwQ-32B", "input_tokens_per_minute": 1212234.9772290012,