{"target_qps": 2.0, "actual_qps": 1.9979343539858747, "success_rate": 100.0, "input_tokens": 3532, "output_tokens": 200, "model": "QwQ-32B", "input_tokens_per_minute": 423873.40206185565, "output_tokens_per_minute": 24000.0, "slo_seconds": 5.0, "slo_attainment": 0.0, "ttft_slo_ms": 1000, "ttft_slo_attainment": 58.76288659793815, "tpot_slo_ms": 50, "tpot_slo_attainment": 15.463917525773196, "Latency": {"unit": "s", "min": 6.926861052997992, "p50": 15.406299231006415, "p90": 19.95365832939715, "p95": 20.510249172002656, "p99": 22.0016809909587, "max": 22.160452822005027}, "Throughput": {"unit": "tokens/s", "min": 9.025086337649325, "p50": 12.981702938593061, "p90": 19.50240821387701, "p95": 22.69204856427227, "p99": 26.42209420363332, "max": 28.873106948411884}, "TTFT": {"unit": "s", "min": 0.14757389700389467, "p50": 0.8343440829994506, "p90": 2.10219158300024, "p95": 2.599622765401725, "p99": 3.190438466440221, "max": 6.1869006370034185}, "TPOT": {"unit": "ms", "min": 30.611357728651743, "p50": 71.11153622110633, "p90": 92.0558310572708, "p95": 97.59409412965131, "p99": 105.38441717464227, "max": 106.54756834173439}, "Input Tokens per Minute": {"unit": "tokens/min", "min": 423873.40206185565, "p50": 423873.40206185565, "p90": 423873.40206185565, "p95": 423873.40206185565, "p99": 423873.40206185565, "max": 423873.40206185565}, "Output Tokens per Minute": {"unit": "tokens/min", "min": 24000.0, "p50": 24000.0, "p90": 24000.0, "p95": 24000.0, "p99": 24000.0, "max": 24000.0}}
{"target_qps": 2.0, "actual_qps": 1.9981339615424767, "success_rate": 100.0, "input_tokens": 3932, "output_tokens": 198, "model": "QwQ-32B", "input_tokens_per_minute": 471952.0, "output_tokens_per_minute": 23847.0, "slo_seconds": 5.0, "slo_attainment": 0.0, "ttft_slo_ms": 1000, "ttft_slo_attainment": 83.33333333333334, "tpot_slo_ms": 50, "tpot_slo_attainment": 8.333333333333332, "Latency": {"unit": "s", "min": 5.145882409997284, "p50": 14.05865457949767, "p90": 16.38506380850522, "p95": 17.079401454748584, "p99": 17.898905672847977, "max": 18.40562342799967}, "Throughput": {"unit": "tokens/s", "min": 9.133516131011785, "p50": 14.207703889113269, "p90": 18.485649893206237, "p95": 20.278293978034604, "p99": 26.982264210722565, "max": 27.389007748322136}, "TTFT": {"unit": "s", "min": 0.13588652099861065, "p50": 0.5558197374994052, "p90": 1.364985711803456, "p95": 1.8093012238510708, "p99": 2.320905831379205, "max": 2.835731376995682}, "TPOT": {"unit": "ms", "min": 33.56577209046347, "p50": 67.53853829900778, "p90": 78.09178711658979, "p95": 82.69304320602171, "p99": 89.5594198722257, "max": 102.30609036949792}, "Input Tokens per Minute": {"unit": "tokens/min", "min": 471952.0, "p50": 471952.0, "p90": 471952.0, "p95": 471952.0, "p99": 471952.0, "max": 471952.0}, "Output Tokens per Minute": {"unit": "tokens/min", "min": 23847.0, "p50": 23847.0, "p90": 23847.0, "p95": 23847.0, "p99": 23847.0, "max": 23847.0}}
{"target_qps": 2.0, "actual_qps": 1.9998967324655796, "success_rate": 100.0, "input_tokens": 3516, "output_tokens": 197, "model": "QwQ-32B", "input_tokens_per_minute": 421995.6302521008, "output_tokens_per_minute": 23743.865546218487, "slo_seconds": 5.0, "slo_attainment": 0.8403361344537815, "ttft_slo_ms": 1000, "ttft_slo_attainment": 88.23529411764706, "tpot_slo_ms": 50, "tpot_slo_attainment": 21.008403361344538, "Latency": {"unit": "s", "min": 4.110282676992938, "p50": 12.591433761001099, "p90": 17.521142851603507, "p95": 19.53191375720271, "p99": 20.85410931447928, "max": 21.301261148997582}, "Throughput": {"unit": "tokens/s", "min": 9.389115442557344, "p50": 15.869338005316287, "p90": 21.183366593903266, "p95": 22.260533460444048, "p99": 23.30232676163699, "max": 27.761285854305562}, "TTFT": {"unit": "s", "min": 0.09251152499928139, "p50": 0.5091423490011948, "p90": 1.0574450317973971, "p95": 1.415697412895679, "p99": 1.7489634507411382, "max": 2.1235625589979463}, "TPOT": {"unit": "ms", "min": 33.46875506033039, "p50": 60.758017281411995, "p90": 83.07773402812931, "p95": 93.88263784370535, "p99": 101.70603704362802, "max": 102.51542238190848}, "Input Tokens per Minute": {"unit": "tokens/min", "min": 421995.6302521008, "p50": 421995.6302521008, "p90": 421995.6302521008, "p95": 421995.6302521008, "p99": 421995.6302521008, "max": 421995.6302521008}, "Output Tokens per Minute": {"unit": "tokens/min", "min": 23743.865546218487, "p50": 23743.865546218487, "p90": 23743.865546218487, "p95": 23743.865546218487, "p99": 23743.865546218487, "max": 23743.865546218487}}
{"target_qps": 2.0, "actual_qps": 1.9999626482308868, "success_rate": 100.0, "input_tokens": 3924, "output_tokens": 198, "model": "QwQ-32B", "input_tokens_per_minute": 470902.95652173914, "output_tokens_per_minute": 23849.73913043478, "slo_seconds": 5.0, "slo_attainment": 0.8695652173913043, "ttft_slo_ms": 1000, "ttft_slo_attainment": 97.3913043478261, "tpot_slo_ms": 50, "tpot_slo_attainment": 4.3478260869565215, "Latency": {"unit": "s", "min": 3.5954209869960323, "p50": 13.524014693997742, "p90": 16.449669764799182, "p95": 17.359273993602983, "p99": 20.248409333821765, "max": 20.742676127003506}, "Throughput": {"unit": "tokens/s", "min": 9.641957420317302, "p50": 14.788508037392509, "p90": 17.965759701853326, "p95": 19.303470267099758, "p99": 22.237360469114847, "max": 23.515859541649096}, "TTFT": {"unit": "s", "min": 0.09692244500183733, "p50": 0.4630656620065565, "p90": 0.6937132604012732, "p95": 0.9132075111025187, "p99": 1.1782261407599435, "max": 1.5134207640003297}, "TPOT": {"unit": "ms", "min": 41.9720915879179, "p50": 65.9513425527447, "p90": 79.73161359396869, "p95": 83.22779375678569, "p99": 99.01409138602891, "max": 99.65868931155899}, "Input Tokens per Minute": {"unit": "tokens/min", "min": 470902.95652173914, "p50": 470902.95652173914, "p90": 470902.95652173914, "p95": 470902.95652173914, "p99": 470902.95652173914, "max": 470902.95652173914}, "Output Tokens per Minute": {"unit": "tokens/min", "min": 23849.73913043478, "p50": 23849.73913043478, "p90": 23849.73913043478, "p95": 23849.73913043478, "p99": 23849.73913043478, "max": 23849.73913043478}}
{"target_qps": 2.0, "actual_qps": 1.999955713680642, "success_rate": 100.0, "input_tokens": 3684, "output_tokens": 199, "model": "QwQ-32B", "input_tokens_per_minute": 448998.7842727766, "output_tokens_per_minute": 24337.837333078933, "slo_seconds": 5.0, "slo_attainment": 0.0, "ttft_slo_ms": 1000, "ttft_slo_attainment": 100.0, "tpot_slo_ms": 50, "tpot_slo_attainment": 8.19672131147541, "Latency": {"unit": "s", "min": 8.537085481002578, "p50": 13.58168098600072, "p90": 15.86148940820567, "p95": 16.540192217248837, "p99": 16.998837552709592, "max": 17.203547299999627}, "Throughput": {"unit": "tokens/s", "min": 11.625509350621213, "p50": 14.701929673664294, "p90": 19.058368871512815, "p95": 20.459390643849066, "p99": 22.344077307031963, "max": 23.427198948055093}, "TTFT": {"unit": "s", "min": 0.06866154299495975, "p50": 0.3442247764978674, "p90": 0.5236936614986917, "p95": 0.5994147070494362, "p99": 0.6389245495919749, "max": 0.9001647729965043}, "TPOT": {"unit": "ms", "min": 42.50170814573072, "p50": 66.5151650829107, "p90": 77.45202445930681, "p95": 81.1432286401849, "p99": 83.00802115547594, "max": 83.95331296986424}, "Input Tokens per Minute": {"unit": "tokens/min", "min": 448998.7842727766, "p50": 448998.7842727766, "p90": 448998.7842727766, "p95": 448998.7842727766, "p99": 448998.7842727766, "max": 448998.7842727766}, "Output Tokens per Minute": {"unit": "tokens/min", "min": 24337.837333078933, "p50": 24337.837333078933, "p90": 24337.837333078933, "p95": 24337.837333078933, "p99": 24337.837333078933, "max": 24337.837333078933}}
{"target_qps": 2.0, "actual_qps": 1.9999841279261368, "success_rate": 100.0, "input_tokens": 3840, "output_tokens": 198, "model": "QwQ-32B", "input_tokens_per_minute": 460890.25641025644, "output_tokens_per_minute": 23834.871794871797, "slo_seconds": 5.0, "slo_attainment": 0.8547008547008548, "ttft_slo_ms": 1000,