{"target_qps": 1.0, "actual_qps": 0.998257387233645, "success_rate": 100.0, "input_tokens": 3662, "output_tokens": 200, "model": "QwQ-32B", "input_tokens_per_minute": 219764.57142857142, "output_tokens_per_minute": 12000.0, "slo_seconds": 5.0, "slo_attainment": 11.428571428571429, "ttft_slo_ms": 1000, "ttft_slo_attainment": 34.285714285714285, "tpot_slo_ms": 50, "tpot_slo_attainment": 48.57142857142857, "Latency": {"unit": "s", "min": 4.390411403001053, "p50": 12.780962466000346, "p90": 22.70442232820351, "p95": 23.538038669202788, "p99": 28.949748228800438, "max": 30.738952305000566}, "Throughput": {"unit": "tokens/s", "min": 6.506402626073378, "p50": 15.648273792528215, "p90": 41.03853578451411, "p95": 43.7230980138334, "p99": 45.09551029388365, "max": 45.55381754504614}, "TTFT": {"unit": "s", "min": 0.3022645859964541, "p50": 1.2432580919994507, "p90": 5.8472432374022905, "p95": 6.146125973201559, "p99": 9.074321724221651, "max": 10.367893278002157}, "TPOT": {"unit": "ms", "min": 18.496477231149324, "p50": 58.22655707538501, "p90": 107.83723629248385, "p95": 109.18194260050416, "p99": 112.83143071660665, "max": 114.70915112565751}, "Input Tokens per Minute": {"unit": "tokens/min", "min": 219764.57142857142, "p50": 219764.57142857142, "p90": 219764.57142857142, "p95": 219764.57142857142, "p99": 219764.57142857142, "max": 219764.57142857142}, "Output Tokens per Minute": {"unit": "tokens/min", "min": 12000.0, "p50": 12000.0, "p90": 12000.0, "p95": 12000.0, "p99": 12000.0, "max": 12000.0}}
{"target_qps": 1.0, "actual_qps": 0.9999490365974201, "success_rate": 100.0, "input_tokens": 3672, "output_tokens": 200, "model": "QwQ-32B", "input_tokens_per_minute": 234622.43023629804, "output_tokens_per_minute": 12777.694556590655, "slo_seconds": 5.0, "slo_attainment": 1.5625, "ttft_slo_ms": 1000, "ttft_slo_attainment": 15.625, "tpot_slo_ms": 50, "tpot_slo_attainment": 32.8125, "Latency": {"unit": "s", "min": 4.4452108690020395, "p50": 18.920832533000066, "p90": 32.66315211079928, "p95": 35.666893845001674, "p99": 41.507809816582295, "max": 43.13764957400417}, "Throughput": {"unit": "tokens/s", "min": 4.636321217661451, "p50": 10.571262210689344, "p90": 23.83747476609613, "p95": 26.100508627180705, "p99": 34.37539285135889, "max": 44.99224128930929}, "TTFT": {"unit": "s", "min": 0.3711721439976827, "p50": 2.4949624569999287, "p90": 7.268587475100503, "p95": 9.149865291701273, "p99": 12.529228770772747, "max": 13.58944123100082}, "TPOT": {"unit": "ms", "min": 15.273821778930655, "p50": 79.36122268341448, "p90": 150.1422440613105, "p95": 154.1366215092911, "p99": 156.93647944788637, "max": 156.9401269547753}, "Input Tokens per Minute": {"unit": "tokens/min", "min": 234622.43023629804, "p50": 234622.43023629804, "p90": 234622.43023629804, "p95": 234622.43023629804, "p99": 234622.43023629804, "max": 234622.43023629804}, "Output Tokens per Minute": {"unit": "tokens/min", "min": 12777.694556590655, "p50": 12777.694556590655, "p90": 12777.694556590655, "p95": 12777.694556590655, "p99": 12777.694556590655, "max": 12777.694556590655}}
{"target_qps": 1.0, "actual_qps": 0.999985785268687, "success_rate": 100.0, "input_tokens": 3903, "output_tokens": 198, "model": "QwQ-32B", "input_tokens_per_minute": 234238.98305084748, "output_tokens_per_minute": 11938.983050847459, "slo_seconds": 5.0, "slo_attainment": 3.389830508474576, "ttft_slo_ms": 1000, "ttft_slo_attainment": 30.508474576271187, "tpot_slo_ms": 50, "tpot_slo_attainment": 22.033898305084744, "Latency": {"unit": "s", "min": 3.216355107004347, "p50": 21.982461453000724, "p90": 34.79636074360169, "p95": 36.47790485459917, "p99": 42.84538542353855, "max": 48.45820740999625}, "Throughput": {"unit": "tokens/s", "min": 4.127267818799727, "p50": 9.098162206612168, "p90": 28.81606124790858, "p95": 33.87512514882881, "p99": 43.60465248290819, "max": 43.71115213020459}, "TTFT": {"unit": "s", "min": 0.20450675900065107, "p50": 2.490028913001879, "p90": 8.484640490802125, "p95": 11.783526824698491, "p99": 15.567879097734263, "max": 17.47331783199479}, "TPOT": {"unit": "ms", "min": 19.51561412951371, "p50": 87.32624271357767, "p90": 145.401286021116, "p95": 147.18178792211813, "p99": 160.26588828302118, "max": 166.567071226135}, "Input Tokens per Minute": {"unit": "tokens/min", "min": 234238.98305084748, "p50": 234238.98305084748, "p90": 234238.98305084748, "p95": 234238.98305084748, "p99": 234238.98305084748, "max": 234238.98305084748}, "Output Tokens per Minute": {"unit": "tokens/min", "min": 11938.983050847459, "p50": 11938.983050847459, "p90": 11938.983050847459, "p95": 11938.983050847459, "p99": 11938.983050847459, "max": 11938.983050847459}}
{"target_qps": 1.0, "actual_qps": 0.9999664435760938, "success_rate": 100.0, "input_tokens": 4118, "output_tokens": 200, "model": "QwQ-32B", "input_tokens_per_minute": 247128.2142857143, "output_tokens_per_minute": 12000.0, "slo_seconds": 5.0, "slo_attainment": 0.0, "ttft_slo_ms": 1000, "ttft_slo_attainment": 26.785714285714285, "tpot_slo_ms": 50, "tpot_slo_attainment": 5.357142857142857, "Latency": {"unit": "s", "min": 6.466077730998222, "p50": 25.910345299002074, "p90": 48.75458922600228, "p95": 49.461460784254086, "p99": 53.49325991104999, "max": 56.582888633995026}, "Throughput": {"unit": "tokens/s", "min": 3.5346374995750907, "p50": 7.71893586536399, "p90": 15.94037972973235, "p95": 18.05442690769627, "p99": 30.10734589779568, "max": 30.930651984154903}, "TTFT": {"unit": "s", "min": 0.13881077699625166, "p50": 5.147687433502142, "p90": 19.508352485001524, "p95": 20.742039656995985, "p99": 25.321785784797623, "max": 27.504697539996414}, "TPOT": {"unit": "ms", "min": 31.795311326643066, "p50": 103.36040249748106, "p90": 149.3341081884352, "p95": 156.08945389573623, "p99": 172.28870518895448, "max": 186.42290386935255}, "Input Tokens per Minute": {"unit": "tokens/min", "min": 247128.2142857143, "p50": 247128.2142857143, "p90": 247128.2142857143, "p95": 247128.2142857143, "p99": 247128.2142857143, "max": 247128.2142857143}, "Output Tokens per Minute": {"unit": "tokens/min", "min": 12000.0, "p50": 12000.0, "p90": 12000.0, "p95": 12000.0, "p99": 12000.0, "max": 12000.0}}
{"target_qps": 1.0, "actual_qps": 0.999993531775182, "success_rate": 100.0, "input_tokens": 3691, "output_tokens": 199, "model": "QwQ-32B", "input_tokens_per_minute": 221472.2448979592, "output_tokens_per_minute": 11942.448979591836, "slo_seconds": 5.0, "slo_attainment": 2.0408163265306123, "ttft_slo_ms": 1000, "ttft_slo_attainment": 40.816326530612244, "tpot_slo_ms": 50, "tpot_slo_attainment": 14.285714285714285, "Latency": {"unit": "s", "min": 4.946742143001757, "p50": 23.272920022005565, "p90": 47.52694308019709, "p95": 49.699239427594875, "p99": 54.28153423096255, "max": 56.913435046000814}, "Throughput": {"unit": "tokens/s", "min": 3.514108748458921, "p50": 8.59367882547146, "p90": 20.52254188407201, "p95": 30.836194206716367, "p99": 36.44202332374116, "max": 40.430649954726974}, "TTFT": {"unit": "s", "min": 0.1276011060035671, "p50": 1.8292971670016414, "p90": 22.82730857919524, "p95": 25.806114050003814, "p99": 27.199461980676272, "max": 28.041462360997684}, "TPOT": {"unit": "ms", "min": 15.751572713572076, "p50": 82.78163816079605, "p90": 144.0812724110543, "p95": 148.34789066231338, "p99": 156.1831340227181, "max": 159.4445364773958}, "Input Tokens per Minute": {"unit": "tokens/min", "min": 221472.2448979592, "p50": 221472.2448979592, "p90": 221472.2448979592, "p95": 221472.2448979592, "p99": 221472.2448979592, "max": 221472.2448979592}, "Output Tokens per Minute": {"unit": "tokens/min", "min": 11942.448979591836, "p50": 11942.448979591836, "p90": 11942.448979591836, "p95": 11942.448979591836, "p99": 11942.448979591836, "max": 11942.448979591836}}
{"target_qps": 1.0, "actual_qps": 0.9999796723132723, "success_rate": 100.0, "input_tokens": 3898, "output_tokens": 200, "model": "QwQ-32B", "input_tokens_per_minute": 249080.19197560294, "output_tokens_per_minute": 12777.694556590655, "slo_seconds": 5.0,