{"target_qps": 5.0, "actual_qps": 4.994341154371138, "success_rate": 100.0, "input_tokens": 3911, "output_tokens": 198, "model": "QwQ-32B", "input_tokens_per_minute": 1173353.5714285714, "output_tokens_per_minute": 59674.28571428571, "slo_seconds": 5.0, "slo_attainment": 0.0, "ttft_slo_ms": 1000, "ttft_slo_attainment": 4.285714285714286, "tpot_slo_ms": 50, "tpot_slo_attainment": 2.857142857142857, "Latency": {"unit": "s", "min": 7.024058568000328, "p50": 23.59108887599723, "p90": 27.271825187500507, "p95": 27.449770279901347, "p99": 28.849253466279606, "max": 38.90522212500218}, "Throughput": {"unit": "tokens/s", "min": 5.14069806252234, "p50": 8.317943059937528, "p90": 13.514659498657736, "p95": 14.61671346019956, "p99": 16.982449937407008, "max": 17.565883809720894}, "TTFT": {"unit": "s", "min": 0.56988524600456, "p50": 6.390917618497042, "p90": 8.633766089202256, "p95": 9.289969796895457, "p99": 12.743505292248697, "max": 19.411946783999156}, "TPOT": {"unit": "ms", "min": 44.89741129648577, "p50": 84.5046111959831, "p90": 98.23242559146115, "p95": 102.71792997688254, "p99": 114.6088323143971, "max": 143.87255705529316}, "Input Tokens per Minute": {"unit": "tokens/min", "min": 1173353.5714285714, "p50": 1173353.5714285714, "p90": 1173353.5714285714, "p95": 1173353.5714285714, "p99": 1173353.5714285714, "max": 1173353.5714285714}, "Output Tokens per Minute": {"unit": "tokens/min", "min": 59674.28571428571, "p50": 59674.28571428571, "p90": 59674.28571428571, "p95": 59674.28571428571, "p99": 59674.28571428571, "max": 59674.28571428571}}
{"target_qps": 5.0, "actual_qps": 4.999573961471725, "success_rate": 100.0, "input_tokens": 3777, "output_tokens": 199, "model": "QwQ-32B", "input_tokens_per_minute": 1133158.9830508474, "output_tokens_per_minute": 59799.661016949154, "slo_seconds": 5.0, "slo_attainment": 0.0, "ttft_slo_ms": 1000, "ttft_slo_attainment": 3.389830508474576, "tpot_slo_ms": 50, "tpot_slo_attainment": 9.491525423728813, "Latency": {"unit": "s", "min": 6.114008042000933, "p50": 24.965118553001957, "p90": 38.17428505120042, "p95": 42.14015050990129, "p99": 46.14791828813846, "max": 47.327851599002315}, "Throughput": {"unit": "tokens/s", "min": 2.058204261243276, "p50": 8.011177658755832, "p90": 13.938086616836358, "p95": 16.028898417711126, "p99": 18.349576033427823, "max": 32.71176593587632}, "TTFT": {"unit": "s", "min": 0.3672487200019532, "p50": 6.268238222997752, "p90": 15.088350406000975, "p95": 16.673280814901954, "p99": 20.881895374498416, "max": 21.167486327001825}, "TPOT": {"unit": "ms", "min": 16.561534095452583, "p50": 86.95089532666864, "p90": 141.16131720803978, "p95": 161.9051775336675, "p99": 171.33005761748007, "max": 361.28261600004345}, "Input Tokens per Minute": {"unit": "tokens/min", "min": 1133158.9830508474, "p50": 1133158.9830508474, "p90": 1133158.9830508474, "p95": 1133158.9830508474, "p99": 1133158.9830508474, "max": 1133158.9830508474}, "Output Tokens per Minute": {"unit": "tokens/min", "min": 59799.661016949154, "p50": 59799.661016949154, "p90": 59799.661016949154, "p95": 59799.661016949154, "p99": 59799.661016949154, "max": 59799.661016949154}}
{"target_qps": 5.0, "actual_qps": 4.999918238753449, "success_rate": 100.0, "input_tokens": 4011, "output_tokens": 199, "model": "QwQ-32B", "input_tokens_per_minute": 1326009.5230823185, "output_tokens_per_minute": 65850.6370078164, "slo_seconds": 5.0, "slo_attainment": 0.0, "ttft_slo_ms": 1000, "ttft_slo_attainment": 1.5060240963855422, "tpot_slo_ms": 50, "tpot_slo_attainment": 7.83132530120482, "Latency": {"unit": "s", "min": 9.546888554999896, "p50": 29.543033335001383, "p90": 44.25520810450107, "p95": 47.58615385299417, "p99": 50.85099486060157, "max": 54.10817169799702}, "Throughput": {"unit": "tokens/s", "min": 3.6962993522733205, "p50": 6.712247754234362, "p90": 12.790661914005778, "p95": 14.391506042029864, "p99": 20.291263641272128, "max": 20.949233757971964}, "TTFT": {"unit": "s", "min": 0.45955270800186554, "p50": 6.37759012549941, "p90": 15.924710573197826, "p95": 17.129871314103365, "p99": 19.360916114577993, "max": 23.102346551000664}, "TPOT": {"unit": "ms", "min": 21.921937949769728, "p50": 116.11030217587066, "p90": 161.7479157321579, "p95": 166.58937963066413, "p99": 179.76679142694442, "max": 188.59801238190516}, "Input Tokens per Minute": {"unit": "tokens/min", "min": 1326009.5230823185, "p50": 1326009.5230823185, "p90": 1326009.5230823185, "p95": 1326009.5230823185, "p99": 1326009.5230823185, "max": 1326009.5230823185}, "Output Tokens per Minute": {"unit": "tokens/min", "min": 65850.6370078164, "p50": 65850.6370078164, "p90": 65850.6370078164, "p95": 65850.6370078164, "p99": 65850.6370078164, "max": 65850.6370078164}}
{"target_qps": 5.0, "actual_qps": 4.999967515628108, "success_rate": 100.0, "input_tokens": 4025, "output_tokens": 200, "model": "QwQ-32B", "input_tokens_per_minute": 1282302.8987582251, "output_tokens_per_minute": 63715.18283317333, "slo_seconds": 5.0, "slo_attainment": 0.0, "ttft_slo_ms": 1000, "ttft_slo_attainment": 14.6875, "tpot_slo_ms": 50, "tpot_slo_attainment": 10.9375, "Latency": {"unit": "s", "min": 5.248898231999192, "p50": 32.144404582999414, "p90": 45.506727012798365, "p95": 48.43337102170081, "p99": 49.921393411520256, "max": 51.556643850999535}, "Throughput": {"unit": "tokens/s", "min": 3.879228457500198, "p50": 6.221957916623539, "p90": 17.969535210216506, "p95": 22.025335468854358, "p99": 31.50650177875259, "max": 38.10323446180139}, "TTFT": {"unit": "s", "min": 0.07244838300539413, "p50": 8.137612072998309, "p90": 17.02089078329882, "p95": 19.555683808453615, "p99": 21.772912601350473, "max": 22.745295872999122}, "TPOT": {"unit": "ms", "min": 9.298607000012604, "p50": 116.87730689196022, "p90": 159.32925903517258, "p95": 166.34250239146414, "p99": 173.46458201699437, "max": 193.81159511055498}, "Input Tokens per Minute": {"unit": "tokens/min", "min": 1282302.8987582251, "p50": 1282302.8987582251, "p90": 1282302.8987582251, "p95": 1282302.8987582251, "p99": 1282302.8987582251, "max": 1282302.8987582251}, "Output Tokens per Minute": {"unit": "tokens/min", "min": 63715.18283317333, "p50": 63715.18283317333, "p90": 63715.18283317333, "p95": 63715.18283317333, "p99": 63715.18283317333, "max": 63715.18283317333}}
{"target_qps": 5.0, "actual_qps": 4.999870405608778, "success_rate": 100.0, "input_tokens": 3916, "output_tokens": 199, "model": "QwQ-32B", "input_tokens_per_minute": 1174800.0, "output_tokens_per_minute": 59780.968858131484, "slo_seconds": 5.0, "slo_attainment": 0.34602076124567477, "ttft_slo_ms": 1000, "ttft_slo_attainment": 25.951557093425603, "tpot_slo_ms": 50, "tpot_slo_attainment": 15.570934256055363, "Latency": {"unit": "s", "min": 4.45658366799762, "p50": 25.654974472003232, "p90": 47.11454085619916, "p95": 50.10840298919356, "p99": 58.01397252592317, "max": 60.71828592899692}, "Throughput": {"unit": "tokens/s", "min": 3.2939006254866463, "p50": 7.772724804474933, "p90": 20.22623450776698, "p95": 25.026953242953102, "p99": 29.342792849844017, "max": 44.87742515330395}, "TTFT": {"unit": "s", "min": 0.114505759003805, "p50": 6.542856599997322, "p90": 22.024569713797245, "p95": 24.38961957600111, "p99": 28.540681842680794, "max": 30.804018948001612}, "TPOT": {"unit": "ms", "min": 21.74885789947128, "p50": 87.79365832665988, "p90": 145.27202792862462, "p95": 154.8232032633202, "p99": 178.33595414715293, "max": 187.5186373015173}, "Input Tokens per Minute": {"unit": "tokens/min", "min": 1174800.0, "p50": 1174800.0, "p90": 1174800.0, "p95": 1174800.0, "p99": 1174800.0, "max": 1174800.0}, "Output Tokens per Minute": {"unit": "tokens/min", "min": 59780.968858131484, "p50": 59780.968858131484, "p90": 59780.968858131484, "p95": 59780.968858131484, "p99": 59780.968858131484, "max": 59780.968858131484}}
{"target_qps": 5.0, "actual_qps": 4.9999481204551595, "success_rate": 100.0, "input_tokens": 3973, "output_tokens": 198, "model": "QwQ-32B", "input_tokens_per_minute": 1192018.75,