{"target_qps": 5.0, "actual_qps": 4.999979552567028, "success_rate": 100.0, "input_tokens": 4177, "output_tokens": 199, "model": "QwQ-32B", "input_tokens_per_minute": 1253177.1028037383, "output_tokens_per_minute": 59921.4953271028, "slo_seconds": 5.0, "slo_attainment": 0.0, "ttft_slo_ms": 1000, "ttft_slo_attainment": 8.878504672897195, "tpot_slo_ms": 50, "tpot_slo_attainment": 9.345794392523365, "Latency": {"unit": "s", "min": 7.521060252998723, "p50": 17.988279847500962, "p90": 29.458535128401856, "p95": 30.7488727762513, "p99": 32.92698552183807, "max": 35.16564944499987}, "Throughput": {"unit": "tokens/s", "min": 5.6873683027752975, "p50": 11.102332883627618, "p90": 16.846347900695267, "p95": 18.409443756130134, "p99": 20.65030032355988, "max": 26.591995446421}, "TTFT": {"unit": "s", "min": 0.30996656500065, "p50": 3.945951783000055, "p90": 6.468254377100676, "p95": 8.687425847302801, "p99": 12.17194325062483, "max": 13.466433474997757}, "TPOT": {"unit": "ms", "min": 13.403620562781159, "p50": 67.908732706027, "p90": 118.78937067990935, "p95": 123.91031579272337, "p99": 144.00212873231578, "max": 146.6140769396899}, "Input Tokens per Minute": {"unit": "tokens/min", "min": 1253177.1028037383, "p50": 1253177.1028037383, "p90": 1253177.1028037383, "p95": 1253177.1028037383, "p99": 1253177.1028037383, "max": 1253177.1028037383}, "Output Tokens per Minute": {"unit": "tokens/min", "min": 59921.4953271028, "p50": 59921.4953271028, "p90": 59921.4953271028, "p95": 59921.4953271028, "p99": 59921.4953271028, "max": 59921.4953271028}}
{"target_qps": 5.0, "actual_qps": 4.997270832952191, "success_rate": 100.0, "input_tokens": 4142, "output_tokens": 200, "model": "QwQ-32B", "input_tokens_per_minute": 1242764.9122807018, "output_tokens_per_minute": 60000.00000000001, "slo_seconds": 5.0, "slo_attainment": 0.0, "ttft_slo_ms": 1000, "ttft_slo_attainment": 2.3391812865497075, "tpot_slo_ms": 50, "tpot_slo_attainment": 8.187134502923977, "Latency": {"unit": "s", "min": 6.021716908995586, "p50": 28.409713980996457, "p90": 43.17065856800036, "p95": 46.15154012399944, "p99": 47.39544805489787, "max": 47.93618376599625}, "Throughput": {"unit": "tokens/s", "min": 4.172213645047625, "p50": 7.039845601183525, "p90": 12.906508931718397, "p95": 15.321910619719773, "p99": 25.153128901978388, "max": 33.21311895303955}, "TTFT": {"unit": "s", "min": 0.43387512100161985, "p50": 6.879598684994562, "p90": 15.515311364993977, "p95": 17.58693079400109, "p99": 22.099069713001526, "max": 24.88317343399831}, "TPOT": {"unit": "ms", "min": 17.467894040209874, "p50": 105.50654793465884, "p90": 160.34253797487733, "p95": 163.69021777888094, "p99": 170.5264451386888, "max": 172.7989423467518}, "Input Tokens per Minute": {"unit": "tokens/min", "min": 1242764.9122807018, "p50": 1242764.9122807018, "p90": 1242764.9122807018, "p95": 1242764.9122807018, "p99": 1242764.9122807018, "max": 1242764.9122807018}, "Output Tokens per Minute": {"unit": "tokens/min", "min": 60000.00000000001, "p50": 60000.00000000001, "p90": 60000.00000000001, "p95": 60000.00000000001, "p99": 60000.00000000001, "max": 60000.00000000001}}
{"target_qps": 5.0, "actual_qps": 4.999973321808748, "success_rate": 100.0, "input_tokens": 4157, "output_tokens": 200, "model": "QwQ-32B", "input_tokens_per_minute": 1350575.8695043633, "output_tokens_per_minute": 64964.52082837848, "slo_seconds": 5.0, "slo_attainment": 0.0, "ttft_slo_ms": 1000, "ttft_slo_attainment": 2.366863905325444, "tpot_slo_ms": 50, "tpot_slo_attainment": 10.650887573964498, "Latency": {"unit": "s", "min": 8.58015746500314, "p50": 30.44598776500061, "p90": 45.327090699499976, "p95": 49.68028844964829, "p99": 54.0776451956576, "max": 55.09104703200137}, "Throughput": {"unit": "tokens/s", "min": 3.6303539463285874, "p50": 6.569010330989636, "p90": 12.306899162322901, "p95": 14.452491625371252, "p99": 20.358093038678337, "max": 23.30959551916881}, "TTFT": {"unit": "s", "min": 0.10945295800047461, "p50": 6.496035183998174, "p90": 19.324093788203026, "p95": 20.962795537999042, "p99": 24.30803402525023, "max": 26.759312041998783}, "TPOT": {"unit": "ms", "min": 21.386750110554633, "p50": 104.47245235177914, "p90": 171.32693479294204, "p95": 178.67695854347494, "p99": 187.69714314476664, "max": 193.80751628644853}, "Input Tokens per Minute": {"unit": "tokens/min", "min": 1350575.8695043633, "p50": 1350575.8695043633, "p90": 1350575.8695043633, "p95": 1350575.8695043633, "p99": 1350575.8695043633, "max": 1350575.8695043633}, "Output Tokens per Minute": {"unit": "tokens/min", "min": 64964.52082837848, "p50": 64964.52082837848, "p90": 64964.52082837848, "p95": 64964.52082837848, "p99": 64964.52082837848, "max": 64964.52082837848}}
{"target_qps": 5.0, "actual_qps": 4.999906853402207, "success_rate": 100.0, "input_tokens": 4201, "output_tokens": 199, "model": "QwQ-32B", "input_tokens_per_minute": 1328457.1799868194, "output_tokens_per_minute": 63100.15440223863, "slo_seconds": 5.0, "slo_attainment": 0.0, "ttft_slo_ms": 1000, "ttft_slo_attainment": 6.68693009118541, "tpot_slo_ms": 50, "tpot_slo_attainment": 3.951367781155015, "Latency": {"unit": "s", "min": 5.773038922001433, "p50": 33.35201985199819, "p90": 45.341118797002125, "p95": 48.836212154400705, "p99": 51.038682085557944, "max": 52.76206968900078}, "Throughput": {"unit": "tokens/s", "min": 3.3795372662239975, "p50": 5.970591929636545, "p90": 11.769759693634379, "p95": 16.082236766418177, "p99": 26.61096485676606, "max": 34.64379899428476}, "TTFT": {"unit": "s", "min": 0.18231677199946716, "p50": 8.365951105995919, "p90": 18.635738459399725, "p95": 19.773445552398336, "p99": 20.849830235037953, "max": 22.071092263002356}, "TPOT": {"unit": "ms", "min": 26.35783918592997, "p50": 123.11742413564832, "p90": 156.64621419598726, "p95": 160.04831058994912, "p99": 174.11264128180534, "max": 220.55694809435252}, "Input Tokens per Minute": {"unit": "tokens/min", "min": 1328457.1799868194, "p50": 1328457.1799868194, "p90": 1328457.1799868194, "p95": 1328457.1799868194, "p99": 1328457.1799868194, "max": 1328457.1799868194}, "Output Tokens per Minute": {"unit": "tokens/min", "min": 63100.15440223863, "p50": 63100.15440223863, "p90": 63100.15440223863, "p95": 63100.15440223863, "p99": 63100.15440223863, "max": 63100.15440223863}}
{"target_qps": 5.0, "actual_qps": 4.9999528339448025, "success_rate": 100.0, "input_tokens": 4028, "output_tokens": 199, "model": "QwQ-32B", "input_tokens_per_minute": 1269921.8402877583, "output_tokens_per_minute": 63034.80547596156, "slo_seconds": 5.0, "slo_attainment": 0.0, "ttft_slo_ms": 1000, "ttft_slo_attainment": 28.04878048780488, "tpot_slo_ms": 50, "tpot_slo_attainment": 13.109756097560975, "Latency": {"unit": "s", "min": 5.157648181004333, "p50": 27.398739480504446, "p90": 49.85143476629601, "p95": 51.29214499300251, "p99": 56.28706396737071, "max": 62.26179120999586}, "Throughput": {"unit": "tokens/s", "min": 3.21224295210914, "p50": 7.299685922044908, "p90": 20.244958512006882, "p95": 24.24792164394749, "p99": 31.087858456968647, "max": 38.777363825745596}, "TTFT": {"unit": "s", "min": 0.07710744599899044, "p50": 5.521663404000719, "p90": 22.156448320801427, "p95": 25.824102468850818, "p99": 27.48205330859157, "max": 30.57037783299893}, "TPOT": {"unit": "ms", "min": 4.732141251270378, "p50": 96.23883474122334, "p90": 146.22074768289642, "p95": 156.82282393391876, "p99": 161.9670394488486, "max": 164.72590151756984}, "Input Tokens per Minute": {"unit": "tokens/min", "min": 1269921.8402877583, "p50": 1269921.8402877583, "p90": 1269921.8402877583, "p95": 1269921.8402877583, "p99": 1269921.8402877583, "max": 1269921.8402877583}, "Output Tokens per Minute": {"unit": "tokens/min", "min": 63034.80547596156, "p50": 63034.80547596156, "p90": 63034.80547596156, "p95": 63034.80547596156, "p99": 63034.80547596156, "max": 63034.80547596156}}
{"target_qps": 5.0, "actual_qps": 4.999930681044744, "success_rate": 100.0, "input_tokens": 4090, "output_tokens": 199, "model": "QwQ-32B",