{"actual_qps": 5.3398421915544185, "success_rate": 100.0, "input_tokens": 3838, "output_tokens": 199, "model": "QwQ-32B", "input_tokens_per_minute": 905264.4417358711, "output_tokens_per_minute": 47162.08323679898, "slo_seconds": 5.0, "slo_attainment": 0.0, "ttft_slo_ms": 1000, "ttft_slo_attainment": 2.109704641350211, "tpot_slo_ms": 50, "tpot_slo_attainment": 25.738396624472575, "Latency": {"unit": "s", "min": 7.824088263005251, "p50": 16.831853429001058, "p90": 31.329469462798443, "p95": 32.32894877060462, "p99": 40.16655499516258, "max": 40.36939201199857}, "Throughput": {"unit": "tokens/s", "min": 4.9542485044252365, "p50": 11.882232746597156, "p90": 17.68763580169731, "p95": 20.283457495087326, "p99": 22.737880492981965, "max": 25.562083820764506}, "TTFT": {"unit": "s", "min": 0.5163265520022833, "p50": 4.707636763996561, "p90": 10.80923924039671, "p95": 12.727175908000202, "p99": 19.956671645116284, "max": 24.75624511600472}, "TPOT": {"unit": "ms", "min": 21.846022638198324, "p50": 58.58737206535213, "p90": 101.96271370354151, "p95": 113.15524126232651, "p99": 143.93101073807358, "max": 147.26531798995936}, "Input Tokens per Minute": {"unit": "tokens/min", "min": 905264.4417358711, "p50": 905264.4417358711, "p90": 905264.4417358711, "p95": 905264.4417358711, "p99": 905264.4417358711, "max": 905264.4417358711}, "Output Tokens per Minute": {"unit": "tokens/min", "min": 47162.08323679898, "p50": 47162.08323679898, "p90": 47162.08323679898, "p95": 47162.08323679898, "p99": 47162.08323679898, "max": 47162.08323679898}}
{"actual_qps": 5.101880570758736, "success_rate": 100.0, "input_tokens": 4027, "output_tokens": 199, "model": "QwQ-32B", "input_tokens_per_minute": 783404.9528619009, "output_tokens_per_minute": 38831.89421517818, "slo_seconds": 5.0, "slo_attainment": 0.0, "ttft_slo_ms": 1000, "ttft_slo_attainment": 6.091370558375635, "tpot_slo_ms": 50, "tpot_slo_attainment": 9.644670050761421, "Latency": {"unit": "s", "min": 7.394308428003569, "p50": 25.74723599600111, "p90": 40.08447940999613, "p95": 42.691351368401946, "p99": 48.00959339027846, "max": 48.01145346499834}, "Throughput": {"unit": "tokens/s", "min": 4.16567267945357, "p50": 7.767824089197873, "p90": 16.708721718261756, "p95": 17.514828711595616, "p99": 23.25258130945166, "max": 27.047830361330913}, "TTFT": {"unit": "s", "min": 0.40225831499992637, "p50": 5.6005292249974445, "p90": 11.508972161602287, "p95": 14.541209789999991, "p99": 18.046057993241995, "max": 21.992323430000397}, "TPOT": {"unit": "ms", "min": 11.235741507526706, "p50": 100.42178169346676, "p90": 152.03145287337043, "p95": 153.72835261909282, "p99": 164.9141814577071, "max": 197.708526698477}, "Input Tokens per Minute": {"unit": "tokens/min", "min": 783404.9528619009, "p50": 783404.9528619009, "p90": 783404.9528619009, "p95": 783404.9528619009, "p99": 783404.9528619009, "max": 783404.9528619009}, "Output Tokens per Minute": {"unit": "tokens/min", "min": 38831.89421517818, "p50": 38831.89421517818, "p90": 38831.89421517818, "p95": 38831.89421517818, "p99": 38831.89421517818, "max": 38831.89421517818}}
{"actual_qps": 5.196252054914303, "success_rate": 100.0, "input_tokens": 3943, "output_tokens": 199, "model": "QwQ-32B", "input_tokens_per_minute": 1246068.8278443643, "output_tokens_per_minute": 63053.319090044184, "slo_seconds": 5.0, "slo_attainment": 0.0, "ttft_slo_ms": 1000, "ttft_slo_attainment": 6.5625, "tpot_slo_ms": 50, "tpot_slo_attainment": 10.9375, "Latency": {"unit": "s", "min": 8.12020978199871, "p50": 27.72457731149916, "p90": 45.80594036010152, "p95": 49.59410651500439, "p99": 51.62813934805286, "max": 56.5628933629996}, "Throughput": {"unit": "tokens/s", "min": 3.5358870119403973, "p50": 7.213816674392997, "p90": 17.003643861215853, "p95": 19.758731699033156, "p99": 23.7624012053011, "max": 24.629905552855305}, "TTFT": {"unit": "s", "min": 0.28526006400352344, "p50": 6.94274660299925, "p90": 19.452741009995226, "p95": 21.158966224700634, "p99": 26.169708153710527, "max": 28.76023103800253}, "TPOT": {"unit": "ms", "min": 24.37642744723175, "p50": 96.96701886430711, "p90": 142.07772263116252, "p95": 151.90315117738717, "p99": 166.44731103076106, "max": 193.8438312009845}, "Input Tokens per Minute": {"unit": "tokens/min", "min": 1246068.8278443643, "p50": 1246068.8278443643, "p90": 1246068.8278443643, "p95": 1246068.8278443643, "p99": 1246068.8278443643, "max": 1246068.8278443643}, "Output Tokens per Minute": {"unit": "tokens/min", "min": 63053.319090044184, "p50": 63053.319090044184, "p90": 63053.319090044184, "p95": 63053.319090044184, "p99": 63053.319090044184, "max": 63053.319090044184}}
{"actual_qps": 5.081684076673573, "success_rate": 100.0, "input_tokens": 4035, "output_tokens": 199, "model": "QwQ-32B", "input_tokens_per_minute": 1329500.350393215, "output_tokens_per_minute": 65615.68834976596, "slo_seconds": 5.0, "slo_attainment": 0.0, "ttft_slo_ms": 1000, "ttft_slo_attainment": 15.522388059701491, "tpot_slo_ms": 50, "tpot_slo_attainment": 11.343283582089553, "Latency": {"unit": "s", "min": 5.554272420995403, "p50": 29.616205637998064, "p90": 49.038448365998924, "p95": 53.54937408500045, "p99": 58.07600350378154, "max": 59.06930953000119}, "Throughput": {"unit": "tokens/s", "min": 1.0155240383984205, "p50": 6.715281071443263, "p90": 18.377761441202164, "p95": 23.00095136306051, "p99": 31.644694139282244, "max": 36.008316632794404}, "TTFT": {"unit": "s", "min": 0.16153971099993214, "p50": 3.4449498930043774, "p90": 23.34684016020183, "p95": 25.444370926200644, "p99": 29.07881098632075, "max": 29.13808034900285}, "TPOT": {"unit": "ms", "min": 24.660211738692446, "p50": 108.81477713065125, "p90": 152.40408984319592, "p95": 156.79615812009638, "p99": 173.08438456882135, "max": 495.80133057999774}, "Input Tokens per Minute": {"unit": "tokens/min", "min": 1329500.350393215, "p50": 1329500.350393215, "p90": 1329500.350393215, "p95": 1329500.350393215, "p99": 1329500.350393215, "max": 1329500.350393215}, "Output Tokens per Minute": {"unit": "tokens/min", "min": 65615.68834976596, "p50": 65615.68834976596, "p90": 65615.68834976596, "p95": 65615.68834976596, "p99": 65615.68834976596, "max": 65615.68834976596}}
{"actual_qps": 5.098692461758957, "success_rate": 100.0, "input_tokens": 4016, "output_tokens": 199, "model": "QwQ-32B", "input_tokens_per_minute": 1260110.7739527011, "output_tokens_per_minute": 62704.375149710395, "slo_seconds": 5.0, "slo_attainment": 0.3134796238244514, "ttft_slo_ms": 1000, "ttft_slo_attainment": 31.661442006269592, "tpot_slo_ms": 50, "tpot_slo_attainment": 15.047021943573668, "Latency": {"unit": "s", "min": 4.615818391001085, "p50": 28.022796994999226, "p90": 50.92966831419763, "p95": 58.67376800400161, "p99": 62.4310636294796, "max": 64.68001425500552}, "Throughput": {"unit": "tokens/s", "min": 3.0921452678022905, "p50": 7.137046313959694, "p90": 22.41698642715439, "p95": 26.144949553806264, "p99": 36.817320628121145, "max": 43.32926104500046}, "TTFT": {"unit": "s", "min": 0.11516457299876492, "p50": 2.278538934995595, "p90": 27.028736901802766, "p95": 29.720399031304254, "p99": 33.71657091206187, "max": 34.619374072994106}, "TPOT": {"unit": "ms", "min": 20.789808296473012, "p50": 94.08933486936154, "p90": 151.15085956279304, "p95": 156.109858735178, "p99": 162.7621061442275, "max": 199.54315019598442}, "Input Tokens per Minute": {"unit": "tokens/min", "min": 1260110.7739527011, "p50": 1260110.7739527011, "p90": 1260110.7739527011, "p95": 1260110.7739527011, "p99": 1260110.7739527011, "max": 1260110.7739527011}, "Output Tokens per Minute": {"unit": "tokens/min", "min": 62704.375149710395, "p50": 62704.375149710395, "p90": 62704.375149710395, "p95": 62704.375149710395, "p99": 62704.375149710395, "max": 62704.375149710395}}
{"actual_qps": 5.266586068588911, "success_rate": 100.0, "input_tokens": 3882, "output_tokens": 199, "model": "QwQ-32B", "input_tokens_per_minute": 1225783.8340894785, "output_tokens_per_minute": 62924.690743228115, "slo_seconds": 5.0, "slo_attainment": 0.0,