{"actual_qps": 1.2279762083701689, "success_rate": 100.0, "input_tokens": 3249, "output_tokens": 195, "model": "QwQ-32B", "input_tokens_per_minute": 103516.40305283492, "output_tokens_per_minute": 6233.804627518077, "slo_seconds": 5.0, "slo_attainment": 0.0, "ttft_slo_ms": 1000, "ttft_slo_attainment": 12.5, "tpot_slo_ms": 50, "tpot_slo_attainment": 6.25, "Latency": {"unit": "s", "min": 6.914391778002027, "p50": 18.80168522800159, "p90": 27.868197558801334, "p95": 29.609990887099773, "p99": 31.691254965730913, "max": 31.85126664800191}, "Throughput": {"unit": "tokens/s", "min": 4.13848333564943, "p50": 10.390544640791948, "p90": 16.865666407890107, "p95": 19.528364021460355, "p99": 26.342382228698085, "max": 28.92517612847673}, "TTFT": {"unit": "s", "min": 0.3760440939950058, "p50": 3.1856345449996297, "p90": 5.562099106501409, "p95": 8.210190209646317, "p99": 10.725317586368478, "max": 11.815568140998948}, "TPOT": {"unit": "ms", "min": 31.680635170858693, "p50": 75.24492418592467, "p90": 125.93181913366631, "p95": 138.58598960425442, "p99": 159.90655732537743, "max": 169.40702283330515}, "Input Tokens per Minute": {"unit": "tokens/min", "min": 103516.40305283492, "p50": 103516.40305283492, "p90": 103516.40305283492, "p95": 103516.40305283492, "p99": 103516.40305283492, "max": 103516.40305283492}, "Output Tokens per Minute": {"unit": "tokens/min", "min": 6233.804627518077, "p50": 6233.804627518077, "p90": 6233.804627518077, "p95": 6233.804627518077, "p99": 6233.804627518077, "max": 6233.804627518077}}
{"actual_qps": 1.0040461592169285, "success_rate": 100.0, "input_tokens": 4178, "output_tokens": 200, "model": "QwQ-32B", "input_tokens_per_minute": 305395.2885238895, "output_tokens_per_minute": 14616.27851450217, "slo_seconds": 5.0, "slo_attainment": 1.3513513513513513, "ttft_slo_ms": 1000, "ttft_slo_attainment": 5.405405405405405, "tpot_slo_ms": 50, "tpot_slo_attainment": 13.513513513513514, "Latency": {"unit": "s", "min": 4.934842271002708, "p50": 24.895373954997922, "p90": 39.449916998399566, "p95": 43.7480084852501, "p99": 46.410602758261376, "max": 46.4272450339995}, "Throughput": {"unit": "tokens/s", "min": 4.307815375509282, "p50": 8.033710059286145, "p90": 18.258267366959956, "p95": 21.671803428854847, "p99": 35.75269371641279, "max": 40.528144369518444}, "TTFT": {"unit": "s", "min": 0.5707554399996297, "p50": 5.162816280997504, "p90": 14.834258780400706, "p95": 16.283744513949205, "p99": 16.70519988561238, "max": 17.09134378300223}, "TPOT": {"unit": "ms", "min": 14.473952472377533, "p50": 87.53448847235074, "p90": 149.07591929496547, "p95": 153.17530869749075, "p99": 157.73576385088313, "max": 160.66553366833966}, "Input Tokens per Minute": {"unit": "tokens/min", "min": 305395.2885238895, "p50": 305395.2885238895, "p90": 305395.2885238895, "p95": 305395.2885238895, "p99": 305395.2885238895, "max": 305395.2885238895}, "Output Tokens per Minute": {"unit": "tokens/min", "min": 14616.27851450217, "p50": 14616.27851450217, "p90": 14616.27851450217, "p95": 14616.27851450217, "p99": 14616.27851450217, "max": 14616.27851450217}}
{"actual_qps": 1.0694777384490846, "success_rate": 100.0, "input_tokens": 4053, "output_tokens": 200, "model": "QwQ-32B", "input_tokens_per_minute": 220110.36509546285, "output_tokens_per_minute": 10859.312421175318, "slo_seconds": 5.0, "slo_attainment": 0.0, "ttft_slo_ms": 1000, "ttft_slo_attainment": 12.727272727272727, "tpot_slo_ms": 50, "tpot_slo_attainment": 14.545454545454545, "Latency": {"unit": "s", "min": 5.821984205002082, "p50": 28.87925837399962, "p90": 50.13613487460098, "p95": 52.996391542300984, "p99": 57.18855825886174, "max": 58.65563892100181}, "Throughput": {"unit": "tokens/s", "min": 3.4097318464020594, "p50": 6.92538559716141, "p90": 18.739039595605515, "p95": 21.996857626596437, "p99": 32.1158052499592, "max": 34.35254939856514}, "TTFT": {"unit": "s", "min": 0.44599504800135037, "p50": 9.648726462997729, "p90": 21.88098106300313, "p95": 24.289474537502247, "p99": 25.15185848834037, "max": 25.62572157199611}, "TPOT": {"unit": "ms", "min": 25.221355030134415, "p50": 85.66325765829089, "p90": 149.79200007135972, "p95": 158.69109571458603, "p99": 173.16504255901694, "max": 181.60026328142115}, "Input Tokens per Minute": {"unit": "tokens/min", "min": 220110.36509546285, "p50": 220110.36509546285, "p90": 220110.36509546285, "p95": 220110.36509546285, "p99": 220110.36509546285, "max": 220110.36509546285}, "Output Tokens per Minute": {"unit": "tokens/min", "min": 10859.312421175318, "p50": 10859.312421175318, "p90": 10859.312421175318, "p95": 10859.312421175318, "p99": 10859.312421175318, "max": 10859.312421175318}}
{"actual_qps": 1.1803079027060515, "success_rate": 100.0, "input_tokens": 4124, "output_tokens": 198, "model": "QwQ-32B", "input_tokens_per_minute": 292058.3382153421, "output_tokens_per_minute": 14085.991228877801, "slo_seconds": 5.0, "slo_attainment": 0.0, "ttft_slo_ms": 1000, "ttft_slo_attainment": 18.055555555555554, "tpot_slo_ms": 50, "tpot_slo_attainment": 15.277777777777779, "Latency": {"unit": "s", "min": 6.482875269000942, "p50": 30.108147291495698, "p90": 52.82147826490036, "p95": 55.3554061718507, "p99": 57.19192040726427, "max": 57.986131869998644}, "Throughput": {"unit": "tokens/s", "min": 2.21435365372627, "p50": 6.642819686984702, "p90": 18.055281051406087, "p95": 22.014311112015655, "p99": 26.227792269465766, "max": 30.850508717379878}, "TTFT": {"unit": "s", "min": 0.14041396099491976, "p50": 8.030135595501633, "p90": 26.1691777747983, "p95": 27.900634569300745, "p99": 28.452208330010762, "max": 28.588622596005735}, "TPOT": {"unit": "ms", "min": 29.15868704019602, "p50": 101.68397670353463, "p90": 147.10335459596863, "p95": 156.17840491607575, "p99": 179.78910605846346, "max": 218.72495728336312}, "Input Tokens per Minute": {"unit": "tokens/min", "min": 292058.3382153421, "p50": 292058.3382153421, "p90": 292058.3382153421, "p95": 292058.3382153421, "p99": 292058.3382153421, "max": 292058.3382153421}, "Output Tokens per Minute": {"unit": "tokens/min", "min": 14085.991228877801, "p50": 14085.991228877801, "p90": 14085.991228877801, "p95": 14085.991228877801, "p99": 14085.991228877801, "max": 14085.991228877801}}
{"actual_qps": 1.1967126889054422, "success_rate": 100.0, "input_tokens": 3939, "output_tokens": 198, "model": "QwQ-32B", "input_tokens_per_minute": 302266.0343939116, "output_tokens_per_minute": 15256.463232394635, "slo_seconds": 5.0, "slo_attainment": 0.0, "ttft_slo_ms": 1000, "ttft_slo_attainment": 25.64102564102564, "tpot_slo_ms": 50, "tpot_slo_attainment": 10.256410256410255, "Latency": {"unit": "s", "min": 6.50531721200241, "p50": 30.957104039000114, "p90": 55.09072271199838, "p95": 59.502851638796336, "p99": 64.4271161618041, "max": 66.73849426699599}, "Throughput": {"unit": "tokens/s", "min": 2.9967712366999786, "p50": 6.4605950307022635, "p90": 18.27158476203152, "p95": 21.657196560075704, "p99": 24.754438213915616, "max": 26.84471681370756}, "TTFT": {"unit": "s", "min": 0.3012922920024721, "p50": 3.425852650005254, "p90": 28.408820336403732, "p95": 30.457916748597526, "p99": 36.86464372255891, "max": 38.47687978799513}, "TPOT": {"unit": "ms", "min": 35.65521896483339, "p50": 96.54544436935296, "p90": 147.99763634219198, "p95": 153.26585568266145, "p99": 167.19077167151164, "max": 195.7702773266171}, "Input Tokens per Minute": {"unit": "tokens/min", "min": 302266.0343939116, "p50": 302266.0343939116, "p90": 302266.0343939116, "p95": 302266.0343939116, "p99": 302266.0343939116, "max": 302266.0343939116}, "Output Tokens per Minute": {"unit": "tokens/min", "min": 15256.463232394635, "p50": 15256.463232394635, "p90": 15256.463232394635, "p95": 15256.463232394635, "p99": 15256.463232394635, "max": 15256.463232394635}}
{"actual_qps": 1.1166598920958242, "success_rate": 100.0, "input_tokens": 3810, "output_tokens": 200, "model": "QwQ-32B", "input_tokens_per_minute": 254881.59004985826, "output_tokens_per_minute": 13376.822897335249, "slo_seconds": 5.0, "slo_attainment": 0.0,