{"actual_qps": 5.4983100646188845, "success_rate": 100.0, "input_tokens": 3816, "output_tokens": 200, "model": "QwQ-32B", "input_tokens_per_minute": 656253.2969944344, "output_tokens_per_minute": 34389.430222343566, "slo_seconds": 5.0, "slo_attainment": 0.0, "ttft_slo_ms": 1000, "ttft_slo_attainment": 1.1627906976744187, "tpot_slo_ms": 50, "tpot_slo_attainment": 5.813953488372093, "Latency": {"unit": "s", "min": 9.1198083660056, "p50": 27.24471249749695, "p90": 35.711626029296895, "p95": 35.93333415179914, "p99": 36.894664714049064, "max": 43.88465286500286}, "Throughput": {"unit": "tokens/s", "min": 4.557401892074576, "p50": 7.340873942559892, "p90": 12.830203552567319, "p95": 13.650494003296817, "p99": 19.76065386021406, "max": 21.930285371511413}, "TTFT": {"unit": "s", "min": 0.7056452980032191, "p50": 6.7896389455017925, "p90": 10.86736914290159, "p95": 12.357446686050023, "p99": 13.263140334388662, "max": 13.980836829003238}, "TPOT": {"unit": "ms", "min": 15.513161537702542, "p50": 93.8495448442232, "p90": 140.05884011357233, "p95": 147.5071993977293, "p99": 155.6794867699577, "max": 155.90547566834763}, "Input Tokens per Minute": {"unit": "tokens/min", "min": 656253.2969944344, "p50": 656253.2969944344, "p90": 656253.2969944344, "p95": 656253.2969944344, "p99": 656253.2969944344, "max": 656253.2969944344}, "Output Tokens per Minute": {"unit": "tokens/min", "min": 34389.430222343566, "p50": 34389.430222343566, "p90": 34389.430222343566, "p95": 34389.430222343566, "p99": 34389.430222343566, "max": 34389.430222343566}}
{"actual_qps": 5.549215930474319, "success_rate": 100.0, "input_tokens": 3820, "output_tokens": 199, "model": "QwQ-32B", "input_tokens_per_minute": 1287110.6527426702, "output_tokens_per_minute": 67170.02869777539, "slo_seconds": 5.0, "slo_attainment": 0.0, "ttft_slo_ms": 1000, "ttft_slo_attainment": 5.014749262536873, "tpot_slo_ms": 50, "tpot_slo_attainment": 6.489675516224189, "Latency": {"unit": "s", "min": 8.54010664299858, "p50": 27.083576530996652, "p90": 41.74825408139877, "p95": 45.55553563610155, "p99": 52.04087642848055, "max": 53.13042689699796}, "Throughput": {"unit": "tokens/s", "min": 2.942045433824008, "p50": 7.382577266741865, "p90": 15.276155229454037, "p95": 17.61429586442436, "p99": 20.090184692174628, "max": 22.245463009035156}, "TTFT": {"unit": "s", "min": 0.3746563749955385, "p50": 8.656595702996128, "p90": 19.417892169400872, "p95": 22.743204106097984, "p99": 25.59500001240042, "max": 27.569761903003382}, "TPOT": {"unit": "ms", "min": 20.37202919095236, "p50": 84.39975485930175, "p90": 122.97463720098683, "p95": 144.632499457807, "p99": 158.6345248981009, "max": 215.84624138162516}, "Input Tokens per Minute": {"unit": "tokens/min", "min": 1287110.6527426702, "p50": 1287110.6527426702, "p90": 1287110.6527426702, "p95": 1287110.6527426702, "p99": 1287110.6527426702, "max": 1287110.6527426702}, "Output Tokens per Minute": {"unit": "tokens/min", "min": 67170.02869777539, "p50": 67170.02869777539, "p90": 67170.02869777539, "p95": 67170.02869777539, "p99": 67170.02869777539, "max": 67170.02869777539}}
{"actual_qps": 5.530333997054508, "success_rate": 100.0, "input_tokens": 3709, "output_tokens": 199, "model": "QwQ-32B", "input_tokens_per_minute": 1205153.5460092318, "output_tokens_per_minute": 64846.5503497011, "slo_seconds": 5.0, "slo_attainment": 0.0, "ttft_slo_ms": 1000, "ttft_slo_attainment": 5.182926829268292, "tpot_slo_ms": 50, "tpot_slo_attainment": 6.402439024390244, "Latency": {"unit": "s", "min": 7.884461757996178, "p50": 30.721711189504276, "p90": 46.983042497696445, "p95": 50.43630275140385, "p99": 56.22177156261088, "max": 57.62544020500354}, "Throughput": {"unit": "tokens/s", "min": 3.1852449020527795, "p50": 6.472856348267499, "p90": 13.700003433899338, "p95": 17.421293898401863, "p99": 22.024615637982745, "max": 25.36634790538063}, "TTFT": {"unit": "s", "min": 0.5680661380029051, "p50": 7.542401564496686, "p90": 21.13094493719982, "p95": 23.538661126351858, "p99": 26.4154143526702, "max": 32.84578925900132}, "TPOT": {"unit": "ms", "min": 16.356869959794558, "p50": 99.00939270350383, "p90": 147.99097987788673, "p95": 157.84056966608043, "p99": 177.858815970661, "max": 187.992142010037}, "Input Tokens per Minute": {"unit": "tokens/min", "min": 1205153.5460092318, "p50": 1205153.5460092318, "p90": 1205153.5460092318, "p95": 1205153.5460092318, "p99": 1205153.5460092318, "max": 1205153.5460092318}, "Output Tokens per Minute": {"unit": "tokens/min", "min": 64846.5503497011, "p50": 64846.5503497011, "p90": 64846.5503497011, "p95": 64846.5503497011, "p99": 64846.5503497011, "max": 64846.5503497011}}
{"actual_qps": 5.679666776814318, "success_rate": 100.0, "input_tokens": 3750, "output_tokens": 199, "model": "QwQ-32B", "input_tokens_per_minute": 1322309.1583607409, "output_tokens_per_minute": 70259.77616025889, "slo_seconds": 5.0, "slo_attainment": 0.27932960893854747, "ttft_slo_ms": 1000, "ttft_slo_attainment": 7.82122905027933, "tpot_slo_ms": 50, "tpot_slo_attainment": 12.849162011173185, "Latency": {"unit": "s", "min": 4.528497801999038, "p50": 30.188852370996756, "p90": 52.22700016539821, "p95": 58.04102072730311, "p99": 65.31682371563097, "max": 70.64726566200261}, "Throughput": {"unit": "tokens/s", "min": 1.2120655152653197, "p50": 6.5664333653064055, "p90": 18.463539568291264, "p95": 22.75868953798586, "p99": 26.32644688974059, "max": 44.16475589581008}, "TTFT": {"unit": "s", "min": 0.28297582699451596, "p50": 6.331080130501505, "p90": 27.761039340498975, "p95": 30.326903752248473, "p99": 33.89942607483901, "max": 39.92601528499654}, "TPOT": {"unit": "ms", "min": 21.334281281429757, "p50": 93.3897664773811, "p90": 150.89591732563832, "p95": 155.75941870529323, "p99": 160.77910422544193, "max": 194.7349194773934}, "Input Tokens per Minute": {"unit": "tokens/min", "min": 1322309.1583607409, "p50": 1322309.1583607409, "p90": 1322309.1583607409, "p95": 1322309.1583607409, "p99": 1322309.1583607409, "max": 1322309.1583607409}, "Output Tokens per Minute": {"unit": "tokens/min", "min": 70259.77616025889, "p50": 70259.77616025889, "p90": 70259.77616025889, "p95": 70259.77616025889, "p99": 70259.77616025889, "max": 70259.77616025889}}
{"actual_qps": 5.833320397556121, "success_rate": 100.0, "input_tokens": 3737, "output_tokens": 199, "model": "QwQ-32B", "input_tokens_per_minute": 1130183.1031318866, "output_tokens_per_minute": 60458.90377365554, "slo_seconds": 5.0, "slo_attainment": 0.0, "ttft_slo_ms": 1000, "ttft_slo_attainment": 16.938110749185668, "tpot_slo_ms": 50, "tpot_slo_attainment": 14.983713355048861, "Latency": {"unit": "s", "min": 6.440022186994611, "p50": 29.191501193003205, "p90": 56.64574991579867, "p95": 62.82295936269948, "p99": 68.74102657182273, "max": 69.80748340400169}, "Throughput": {"unit": "tokens/s", "min": 2.86502234785526, "p50": 6.851309176519404, "p90": 19.442439533185482, "p95": 22.7712869898579, "p99": 29.201740086220404, "max": 31.05579362814816}, "TTFT": {"unit": "s", "min": 0.22020280300057493, "p50": 3.4474069740026607, "p90": 34.73584114040132, "p95": 35.73670328879889, "p99": 38.30232167630602, "max": 38.606055415999435}, "TPOT": {"unit": "ms", "min": 28.39335559293436, "p50": 90.58523784922764, "p90": 145.24940557990092, "p95": 150.67070221556418, "p99": 166.38406236313347, "max": 196.603939256269}, "Input Tokens per Minute": {"unit": "tokens/min", "min": 1130183.1031318866, "p50": 1130183.1031318866, "p90": 1130183.1031318866, "p95": 1130183.1031318866, "p99": 1130183.1031318866, "max": 1130183.1031318866}, "Output Tokens per Minute": {"unit": "tokens/min", "min": 60458.90377365554, "p50": 60458.90377365554, "p90": 60458.90377365554, "p95": 60458.90377365554, "p99": 60458.90377365554, "max": 60458.90377365554}}
{"actual_qps": 5.699905643001762, "success_rate": 100.0, "input_tokens": 3863, "output_tokens": 199, "model": "QwQ-32B", "input_tokens_per_minute": 1210209.2797127625, "output_tokens_per_minute": 62505.553639936494, "slo_seconds": 5.0, "slo_attainment": 0.0,