{"actual_qps": 5.305477368313507, "success_rate": 100.0, "input_tokens": 3849, "output_tokens": 199, "model": "QwQ-32B", "input_tokens_per_minute": 1050397.522278544, "output_tokens_per_minute": 54358.07573230773, "slo_seconds": 5.0, "slo_attainment": 0.0, "ttft_slo_ms": 1000, "ttft_slo_attainment": 7.608695652173914, "tpot_slo_ms": 50, "tpot_slo_attainment": 54.347826086956516, "Latency": {"unit": "s", "min": 5.652494472000399, "p50": 11.764819756499492, "p90": 17.465324297500047, "p95": 19.81447185424804, "p99": 21.59785539775112, "max": 22.371958547002578}, "Throughput": {"unit": "tokens/s", "min": 8.939762675664186, "p50": 16.81474558614773, "p90": 26.089511603938853, "p95": 28.657632280983336, "p99": 32.44263371496502, "max": 35.33241879960827}, "TTFT": {"unit": "s", "min": 0.47400984699925175, "p50": 2.0868410510011017, "p90": 4.874188416499237, "p95": 5.991769805752483, "p99": 7.692428411250148, "max": 9.002425661994494}, "TPOT": {"unit": "ms", "min": 17.27463101507334, "p50": 47.043264092966425, "p90": 67.87062430148535, "p95": 73.23187748491605, "p99": 80.33675930529175, "max": 88.1987216482559}, "Input Tokens per Minute": {"unit": "tokens/min", "min": 1050397.522278544, "p50": 1050397.522278544, "p90": 1050397.522278544, "p95": 1050397.522278544, "p99": 1050397.522278544, "max": 1050397.522278544}, "Output Tokens per Minute": {"unit": "tokens/min", "min": 54358.07573230773, "p50": 54358.07573230773, "p90": 54358.07573230773, "p95": 54358.07573230773, "p99": 54358.07573230773, "max": 54358.07573230773}}
{"actual_qps": 5.119046519710963, "success_rate": 100.0, "input_tokens": 4016, "output_tokens": 198, "model": "QwQ-32B", "input_tokens_per_minute": 1107848.9219895077, "output_tokens_per_minute": 54881.04421575577, "slo_seconds": 5.0, "slo_attainment": 0.35842293906810035, "ttft_slo_ms": 1000, "ttft_slo_attainment": 46.236559139784944, "tpot_slo_ms": 50, "tpot_slo_attainment": 63.08243727598566, "Latency": {"unit": "s", "min": 4.107559842996125, "p50": 10.581697395995434, "p90": 13.168710934798582, "p95": 14.259291923601266, "p99": 16.419844804860332, "max": 17.322604853005032}, "Throughput": {"unit": "tokens/s", "min": 6.0685579124096485, "p50": 18.856810955458315, "p90": 23.7320879457764, "p95": 25.354411952035637, "p99": 26.812859446692077, "max": 28.213582329477738}, "TTFT": {"unit": "s", "min": 0.27989072800119175, "p50": 1.0393073939994792, "p90": 2.6272641438030404, "p95": 3.2208606449974426, "p99": 4.160427667996991, "max": 5.105105270005879}, "TPOT": {"unit": "ms", "min": 27.488388537685797, "p50": 47.726049341722664, "p90": 57.40777842409297, "p95": 60.29101127338372, "p99": 65.71013758149194, "max": 82.44510324996858}, "Input Tokens per Minute": {"unit": "tokens/min", "min": 1107848.9219895077, "p50": 1107848.9219895077, "p90": 1107848.9219895077, "p95": 1107848.9219895077, "p99": 1107848.9219895077, "max": 1107848.9219895077}, "Output Tokens per Minute": {"unit": "tokens/min", "min": 54881.04421575577, "p50": 54881.04421575577, "p90": 54881.04421575577, "p95": 54881.04421575577, "p99": 54881.04421575577, "max": 54881.04421575577}}
{"actual_qps": 5.1427906806510775, "success_rate": 100.0, "input_tokens": 3991, "output_tokens": 198, "model": "QwQ-32B", "input_tokens_per_minute": 1227560.1467353299, "output_tokens_per_minute": 61081.565709097784, "slo_seconds": 5.0, "slo_attainment": 1.282051282051282, "ttft_slo_ms": 1000, "ttft_slo_attainment": 56.41025641025641, "tpot_slo_ms": 50, "tpot_slo_attainment": 67.3076923076923, "Latency": {"unit": "s", "min": 2.2547866310051177, "p50": 10.005950336999376, "p90": 13.794282084594306, "p95": 14.933820410451153, "p99": 15.933550787558994, "max": 16.449021656000696}, "Throughput": {"unit": "tokens/s", "min": 7.983016997034495, "p50": 19.960248092925895, "p90": 26.488924042823676, "p95": 28.216894618063005, "p99": 34.34236240241348, "max": 41.42418037134732}, "TTFT": {"unit": "s", "min": 0.16329161200701492, "p50": 0.9217820504964038, "p90": 1.6922147535027765, "p95": 2.0362326347025372, "p99": 3.0827601598963486, "max": 5.667156449999311}, "TPOT": {"unit": "ms", "min": 21.84720983415498, "p50": 45.15884218842564, "p90": 63.70204340601964, "p95": 68.75013710176874, "p99": 75.2793332283843, "max": 77.73635088441684}, "Input Tokens per Minute": {"unit": "tokens/min", "min": 1227560.1467353299, "p50": 1227560.1467353299, "p90": 1227560.1467353299, "p95": 1227560.1467353299, "p99": 1227560.1467353299, "max": 1227560.1467353299}, "Output Tokens per Minute": {"unit": "tokens/min", "min": 61081.565709097784, "p50": 61081.565709097784, "p90": 61081.565709097784, "p95": 61081.565709097784, "p99": 61081.565709097784, "max": 61081.565709097784}}
{"actual_qps": 5.117488651600835, "success_rate": 100.0, "input_tokens": 4050, "output_tokens": 200, "model": "QwQ-32B", "input_tokens_per_minute": 1293756.242422297, "output_tokens_per_minute": 63882.332799908596, "slo_seconds": 5.0, "slo_attainment": 0.0, "ttft_slo_ms": 1000, "ttft_slo_attainment": 48.148148148148145, "tpot_slo_ms": 50, "tpot_slo_attainment": 47.839506172839506, "Latency": {"unit": "s", "min": 7.123054859999684, "p50": 11.386138495501655, "p90": 14.659122909099823, "p95": 15.984824687550272, "p99": 17.583112641411134, "max": 17.805346405999444}, "Throughput": {"unit": "tokens/s", "min": 11.232581239341165, "p50": 17.565222399746474, "p90": 22.11230589938596, "p95": 23.362100630830692, "p99": 25.389443925644013, "max": 28.07784074823325}, "TTFT": {"unit": "s", "min": 0.08201372699841158, "p50": 1.030008984500455, "p90": 3.092626824996841, "p95": 3.587722893950558, "p99": 5.770206715853924, "max": 7.2254921040002955}, "TPOT": {"unit": "ms", "min": 33.19202901005169, "p50": 50.618393922107785, "p90": 63.228773498483854, "p95": 66.3966384695674, "p99": 72.09992262838924, "max": 80.10634008543326}, "Input Tokens per Minute": {"unit": "tokens/min", "min": 1293756.242422297, "p50": 1293756.242422297, "p90": 1293756.242422297, "p95": 1293756.242422297, "p99": 1293756.242422297, "max": 1293756.242422297}, "Output Tokens per Minute": {"unit": "tokens/min", "min": 63882.332799908596, "p50": 63882.332799908596, "p90": 63882.332799908596, "p95": 63882.332799908596, "p99": 63882.332799908596, "max": 63882.332799908596}}
{"actual_qps": 5.098319809921408, "success_rate": 100.0, "input_tokens": 4006, "output_tokens": 198, "model": "QwQ-32B", "input_tokens_per_minute": 1245255.597252097, "output_tokens_per_minute": 61842.78322745955, "slo_seconds": 5.0, "slo_attainment": 0.6329113924050633, "ttft_slo_ms": 1000, "ttft_slo_attainment": 95.88607594936708, "tpot_slo_ms": 50, "tpot_slo_attainment": 68.0379746835443, "Latency": {"unit": "s", "min": 2.8577725369977998, "p50": 9.698668190496392, "p90": 12.468526689499413, "p95": 12.901750845501738, "p99": 14.950855650350066, "max": 16.81177443600609}, "Throughput": {"unit": "tokens/s", "min": 11.896424185400459, "p50": 20.6048335958789, "p90": 26.64543228944208, "p95": 29.366100307624027, "p99": 33.57613991917091, "max": 33.99899425874444}, "TTFT": {"unit": "s", "min": 0.08702892300061649, "p50": 0.5032368635002058, "p90": 0.7256477484988864, "p95": 0.9129413767495862, "p99": 1.7536737399965305, "max": 2.0114535960019566}, "TPOT": {"unit": "ms", "min": 27.216916125618454, "p50": 45.98917933920955, "p90": 59.37170688691856, "p95": 62.25094347112887, "p99": 72.18675924449047, "max": 79.7466635477718}, "Input Tokens per Minute": {"unit": "tokens/min", "min": 1245255.597252097, "p50": 1245255.597252097, "p90": 1245255.597252097, "p95": 1245255.597252097, "p99": 1245255.597252097, "max": 1245255.597252097}, "Output Tokens per Minute": {"unit": "tokens/min", "min": 61842.78322745955, "p50": 61842.78322745955, "p90": 61842.78322745955, "p95": 61842.78322745955, "p99": 61842.78322745955, "max": 61842.78322745955}}
{"actual_qps": 5.2665360574504385, "success_rate": 100.0, "input_tokens": 4004, "output_tokens": 200, "model": "QwQ-32B", "input_tokens_per_minute": 1260372.525321296, "output_tokens_per_minute": 62950.31533793637,