{"actual_qps": 5.544185236428059, "success_rate": 100.0, "input_tokens": 4047, "output_tokens": 199, "model": "QwQ-32B", "input_tokens_per_minute": 951423.0209892633, "output_tokens_per_minute": 46963.56478536443, "slo_seconds": 5.0, "slo_attainment": 0.0, "ttft_slo_ms": 1000, "ttft_slo_attainment": 8.898305084745763, "tpot_slo_ms": 50, "tpot_slo_attainment": 40.67796610169492, "Latency": {"unit": "s", "min": 6.046019699999306, "p50": 13.48694042650095, "p90": 17.94088149250092, "p95": 20.064506440246987, "p99": 23.25536411189642, "max": 24.29653753399907}, "Throughput": {"unit": "tokens/s", "min": 8.231625585338337, "p50": 14.829415540384606, "p90": 23.170439305383844, "p95": 24.56196926092981, "p99": 31.04027589651622, "max": 33.07961434528951}, "TTFT": {"unit": "s", "min": 0.6550285880002775, "p50": 2.439216849001241, "p90": 5.17558130949692, "p95": 7.750108006999653, "p99": 12.0286669928013, "max": 12.9372926359938}, "TPOT": {"unit": "ms", "min": 23.47754002512923, "p50": 54.034220296479305, "p90": 70.33383748490799, "p95": 73.93175197486113, "p99": 78.39079115174857, "max": 81.91018876380957}, "Input Tokens per Minute": {"unit": "tokens/min", "min": 951423.0209892633, "p50": 951423.0209892633, "p90": 951423.0209892633, "p95": 951423.0209892633, "p99": 951423.0209892633, "max": 951423.0209892633}, "Output Tokens per Minute": {"unit": "tokens/min", "min": 46963.56478536443, "p50": 46963.56478536443, "p90": 46963.56478536443, "p95": 46963.56478536443, "p99": 46963.56478536443, "max": 46963.56478536443}}
{"actual_qps": 4.69347647228137, "success_rate": 100.0, "input_tokens": 3912, "output_tokens": 199, "model": "QwQ-32B", "input_tokens_per_minute": 1274275.866727765, "output_tokens_per_minute": 64999.43013503073, "slo_seconds": 5.0, "slo_attainment": 0.0, "ttft_slo_ms": 1000, "ttft_slo_attainment": 32.7217125382263, "tpot_slo_ms": 50, "tpot_slo_attainment": 61.16207951070336, "Latency": {"unit": "s", "min": 6.6269869989992, "p50": 11.237071367999306, "p90": 16.10253013579932, "p95": 17.16026456410036, "p99": 19.502662563896457, "max": 20.826496412002598}, "Throughput": {"unit": "tokens/s", "min": 4.41759228225418, "p50": 17.798231714497764, "p90": 23.536577197165805, "p95": 25.433607603073515, "p99": 27.54605654739121, "max": 30.179627639258047}, "TTFT": {"unit": "s", "min": 0.17175825300364522, "p50": 1.4177553319968865, "p90": 5.152066639598343, "p95": 6.451093901196143, "p99": 8.712880234142359, "max": 11.523773272994731}, "TPOT": {"unit": "ms", "min": 26.8911315326669, "p50": 47.96089059798294, "p90": 59.95006169046681, "p95": 64.78043401558769, "p99": 69.0430993110507, "max": 86.08758548378377}, "Input Tokens per Minute": {"unit": "tokens/min", "min": 1274275.866727765, "p50": 1274275.866727765, "p90": 1274275.866727765, "p95": 1274275.866727765, "p99": 1274275.866727765, "max": 1274275.866727765}, "Output Tokens per Minute": {"unit": "tokens/min", "min": 64999.43013503073, "p50": 64999.43013503073, "p90": 64999.43013503073, "p95": 64999.43013503073, "p99": 64999.43013503073, "max": 64999.43013503073}}
{"actual_qps": 4.6487526514326225, "success_rate": 100.0, "input_tokens": 4118, "output_tokens": 199, "model": "QwQ-32B", "input_tokens_per_minute": 1168976.323860089, "output_tokens_per_minute": 56623.77155613304, "slo_seconds": 5.0, "slo_attainment": 0.6920415224913495, "ttft_slo_ms": 1000, "ttft_slo_attainment": 56.05536332179931, "tpot_slo_ms": 50, "tpot_slo_attainment": 71.280276816609, "Latency": {"unit": "s", "min": 2.942709481998463, "p50": 9.965276241004176, "p90": 12.770814521801366, "p95": 14.315022723200673, "p99": 16.466532619844948, "max": 17.342047569996794}, "Throughput": {"unit": "tokens/s", "min": 11.532663556177582, "p50": 19.99013022302895, "p90": 26.992899359937685, "p95": 28.356098271142475, "p99": 32.522993120270115, "max": 40.57231257048511}, "TTFT": {"unit": "s", "min": 0.1650966410015826, "p50": 0.9221607469953597, "p90": 1.5892497918001027, "p95": 1.93728423279681, "p99": 2.6927923663973354, "max": 3.399343566998141}, "TPOT": {"unit": "ms", "min": 22.650688532679915, "p50": 44.93802895981686, "p90": 58.92641420501585, "p95": 66.82020230953677, "p99": 75.08501754248816, "max": 79.00134472865417}, "Input Tokens per Minute": {"unit": "tokens/min", "min": 1168976.323860089, "p50": 1168976.323860089, "p90": 1168976.323860089, "p95": 1168976.323860089, "p99": 1168976.323860089, "max": 1168976.323860089}, "Output Tokens per Minute": {"unit": "tokens/min", "min": 56623.77155613304, "p50": 56623.77155613304, "p90": 56623.77155613304, "p95": 56623.77155613304, "p99": 56623.77155613304, "max": 56623.77155613304}}
{"actual_qps": 4.842006836556021, "success_rate": 100.0, "input_tokens": 3971, "output_tokens": 199, "model": "QwQ-32B", "input_tokens_per_minute": 1240486.2525861722, "output_tokens_per_minute": 62286.73799025146, "slo_seconds": 5.0, "slo_attainment": 0.3144654088050315, "ttft_slo_ms": 1000, "ttft_slo_attainment": 64.15094339622641, "tpot_slo_ms": 50, "tpot_slo_attainment": 50.314465408805034, "Latency": {"unit": "s", "min": 4.683942835996277, "p50": 11.009425203497813, "p90": 13.562868920699112, "p95": 14.246748987950191, "p99": 15.466591758237627, "max": 16.636469044002297}, "Throughput": {"unit": "tokens/s", "min": 12.021781753749188, "p50": 18.10694019680027, "p90": 23.225861011479317, "p95": 25.243034602070413, "p99": 30.81075227933551, "max": 33.99057091092972}, "TTFT": {"unit": "s", "min": 0.08819764199870406, "p50": 0.7880236659984803, "p90": 1.9112177488990711, "p95": 2.16457950620279, "p99": 3.109932325078334, "max": 4.417431811001734}, "TPOT": {"unit": "ms", "min": 26.99063562313633, "p50": 49.69885289699677, "p90": 60.57509242160066, "p95": 65.19247750929294, "p99": 71.97047719233944, "max": 73.97097184423103}, "Input Tokens per Minute": {"unit": "tokens/min", "min": 1240486.2525861722, "p50": 1240486.2525861722, "p90": 1240486.2525861722, "p95": 1240486.2525861722, "p99": 1240486.2525861722, "max": 1240486.2525861722}, "Output Tokens per Minute": {"unit": "tokens/min", "min": 62286.73799025146, "p50": 62286.73799025146, "p90": 62286.73799025146, "p95": 62286.73799025146, "p99": 62286.73799025146, "max": 62286.73799025146}}
{"actual_qps": 5.47549325170473, "success_rate": 100.0, "input_tokens": 3895, "output_tokens": 199, "model": "QwQ-32B", "input_tokens_per_minute": 1155336.490728449, "output_tokens_per_minute": 59292.221053444824, "slo_seconds": 5.0, "slo_attainment": 0.0, "ttft_slo_ms": 1000, "ttft_slo_attainment": 94.37086092715232, "tpot_slo_ms": 50, "tpot_slo_attainment": 62.913907284768214, "Latency": {"unit": "s", "min": 5.8096614929963835, "p50": 9.932752901499043, "p90": 12.687898284402037, "p95": 13.602792376199424, "p99": 15.907553150381501, "max": 16.084714383003302}, "Throughput": {"unit": "tokens/s", "min": 12.434165459060917, "p50": 20.11673604089347, "p90": 25.55843480360349, "p95": 28.60269268997267, "p99": 31.44968513895406, "max": 34.42541363917715}, "TTFT": {"unit": "s", "min": 0.07325426999886986, "p50": 0.5522240200007218, "p90": 0.944048996602942, "p95": 1.0068563147993699, "p99": 1.2384517788165255, "max": 1.3707598120017792}, "TPOT": {"unit": "ms", "min": 27.985139316567697, "p50": 47.3120948693362, "p90": 60.63322718545164, "p95": 64.66586913771224, "p99": 76.30025624629586, "max": 77.02413601005196}, "Input Tokens per Minute": {"unit": "tokens/min", "min": 1155336.490728449, "p50": 1155336.490728449, "p90": 1155336.490728449, "p95": 1155336.490728449, "p99": 1155336.490728449, "max": 1155336.490728449}, "Output Tokens per Minute": {"unit": "tokens/min", "min": 59292.221053444824, "p50": 59292.221053444824, "p90": 59292.221053444824, "p95": 59292.221053444824, "p99": 59292.221053444824, "max": 59292.221053444824}}
{"actual_qps": 4.666655067384323, "success_rate": 100.0, "input_tokens": 3960, "output_tokens": 200, "model": "QwQ-32B", "input_tokens_per_minute": 1127918.3440164677, "output_tokens_per_minute": 56963.58882741382, "slo_seconds": 5.0, "slo_attainment": 0.0,