{"target_qps": 3.0, "actual_qps": 2.9981926497946043, "success_rate": 100.0, "input_tokens": 4140, "output_tokens": 199, "model": "QwQ-32B", "input_tokens_per_minute": 745310.1818181819, "output_tokens_per_minute": 35827.63636363637, "slo_seconds": 5.0, "slo_attainment": 30.909090909090907, "ttft_slo_ms": 1000, "ttft_slo_attainment": 74.54545454545455, "tpot_slo_ms": 50, "tpot_slo_attainment": 95.75757575757575, "Latency": {"unit": "s", "min": 1.5701968670000497, "p50": 5.578262335000545, "p90": 9.391996105399448, "p95": 12.833043051399345, "p99": 17.39806278263968, "max": 17.407218192000073}, "Throughput": {"unit": "tokens/s", "min": 11.489486590793414, "p50": 35.222256732686304, "p90": 45.167268428972704, "p95": 48.17357381426768, "p99": 52.005949844686434, "max": 53.10804161399785}, "TTFT": {"unit": "s", "min": 0.08494639300079143, "p50": 0.5895403529993928, "p90": 1.8784592899995909, "p95": 2.427417375599543, "p99": 5.522044753720411, "max": 8.493114192000576}, "TPOT": {"unit": "ms", "min": 18.00843409548188, "p50": 25.04684774371229, "p90": 36.13265652361474, "p95": 45.669891002011184, "p99": 79.57565874854353, "max": 81.68779351255772}, "Input Tokens per Minute": {"unit": "tokens/min", "min": 745310.1818181819, "p50": 745310.1818181819, "p90": 745310.1818181819, "p95": 745310.1818181819, "p99": 745310.1818181819, "max": 745310.1818181819}, "Output Tokens per Minute": {"unit": "tokens/min", "min": 35827.63636363637, "p50": 35827.63636363637, "p90": 35827.63636363637, "p95": 35827.63636363637, "p99": 35827.63636363637, "max": 35827.63636363637}}
{"target_qps": 3.0, "actual_qps": 2.9981216753712756, "success_rate": 100.0, "input_tokens": 4247, "output_tokens": 200, "model": "QwQ-32B", "input_tokens_per_minute": 764471.0614525139, "output_tokens_per_minute": 36000.0, "slo_seconds": 5.0, "slo_attainment": 53.072625698324025, "ttft_slo_ms": 1000, "ttft_slo_attainment": 98.88268156424581, "tpot_slo_ms": 50, "tpot_slo_attainment": 100.0, "Latency": {"unit": "s", "min": 3.725355311000385, "p50": 4.9684549720004725, "p90": 6.171538681799939, "p95": 6.440696856998511, "p99": 6.944916738861066, "max": 7.2962696380000125}, "Throughput": {"unit": "tokens/s", "min": 27.411267664557172, "p50": 40.253962474671084, "p90": 48.176877886014886, "p95": 49.63025057816138, "p99": 52.84297496803231, "max": 53.6861542869298}, "TTFT": {"unit": "s", "min": 0.057410108000112814, "p50": 0.42743731399968965, "p90": 0.6824253906001106, "p95": 0.822206603100494, "p99": 0.9899987781589514, "max": 1.130855363999217}, "TPOT": {"unit": "ms", "min": 17.919185291449235, "p50": 23.08827725627722, "p90": 28.315016266329145, "p95": 30.195090272865677, "p99": 32.22575865839301, "max": 33.22991008040552}, "Input Tokens per Minute": {"unit": "tokens/min", "min": 764471.0614525139, "p50": 764471.0614525139, "p90": 764471.0614525139, "p95": 764471.0614525139, "p99": 764471.0614525139, "max": 764471.0614525139}, "Output Tokens per Minute": {"unit": "tokens/min", "min": 36000.0, "p50": 36000.0, "p90": 36000.0, "p95": 36000.0, "p99": 36000.0, "max": 36000.0}}
{"target_qps": 3.0, "actual_qps": 2.9960720087311965, "success_rate": 100.0, "input_tokens": 4159, "output_tokens": 198, "model": "QwQ-32B", "input_tokens_per_minute": 751972.1291834081, "output_tokens_per_minute": 35945.87327008732, "slo_seconds": 5.0, "slo_attainment": 60.773480662983424, "ttft_slo_ms": 1000, "ttft_slo_attainment": 98.89502762430939, "tpot_slo_ms": 50, "tpot_slo_attainment": 100.0, "Latency": {"unit": "s", "min": 1.8209690450003109, "p50": 4.831136662000063, "p90": 5.6898697199994785, "p95": 6.072719854999377, "p99": 6.879661375400243, "max": 7.451176505999683}, "Throughput": {"unit": "tokens/s", "min": 26.841398782992204, "p50": 41.378051344857596, "p90": 47.96578054064566, "p95": 50.30212616439014, "p99": 53.581433718678234, "max": 54.334839897795874}, "TTFT": {"unit": "s", "min": 0.058229954998751055, "p50": 0.2901243779997458, "p90": 0.5997414659996139, "p95": 0.6876586390008015, "p99": 1.01041390600112, "max": 1.2778978550013562}, "TPOT": {"unit": "ms", "min": 17.695408502507934, "p50": 22.1053132462287, "p90": 26.975404618085793, "p95": 28.055669341703112, "p99": 32.99589253367239, "max": 34.629935653264965}, "Input Tokens per Minute": {"unit": "tokens/min", "min": 751972.1291834081, "p50": 751972.1291834081, "p90": 751972.1291834081, "p95": 751972.1291834081, "p99": 751972.1291834081, "max": 751972.1291834081}, "Output Tokens per Minute": {"unit": "tokens/min", "min": 35945.87327008732, "p50": 35945.87327008732, "p90": 35945.87327008732, "p95": 35945.87327008732, "p99": 35945.87327008732, "max": 35945.87327008732}}
{"target_qps": 3.0, "actual_qps": 2.9999278463354315, "success_rate": 100.0, "input_tokens": 4112, "output_tokens": 199, "model": "QwQ-32B", "input_tokens_per_minute": 740164.0, "output_tokens_per_minute": 35903.0, "slo_seconds": 5.0, "slo_attainment": 60.55555555555555, "ttft_slo_ms": 1000, "ttft_slo_attainment": 99.44444444444444, "tpot_slo_ms": 50, "tpot_slo_attainment": 100.0, "Latency": {"unit": "s", "min": 2.214191334000134, "p50": 4.840032119501302, "p90": 5.870642308600145, "p95": 6.45929996340119, "p99": 7.086681537809946, "max": 7.306613833001393}, "Throughput": {"unit": "tokens/s", "min": 27.372460700833905, "p50": 41.32209354368189, "p90": 48.16614123209415, "p95": 50.025613289757, "p99": 53.15385262097576, "max": 54.11190286641075}, "TTFT": {"unit": "s", "min": 0.027969393000603304, "p50": 0.329567576500267, "p90": 0.5337887512003363, "p95": 0.5925054986494614, "p99": 0.8155932032306206, "max": 1.0420402479994664}, "TPOT": {"unit": "ms", "min": 17.96899171859882, "p50": 22.51545767085099, "p90": 28.316133843216807, "p95": 30.135966853770654, "p99": 33.43394338563499, "max": 36.406107195980624}, "Input Tokens per Minute": {"unit": "tokens/min", "min": 740164.0, "p50": 740164.0, "p90": 740164.0, "p95": 740164.0, "p99": 740164.0, "max": 740164.0}, "Output Tokens per Minute": {"unit": "tokens/min", "min": 35903.0, "p50": 35903.0, "p90": 35903.0, "p95": 35903.0, "p99": 35903.0, "max": 35903.0}}
{"target_qps": 3.0, "actual_qps": 2.9999348594644433, "success_rate": 100.0, "input_tokens": 4188, "output_tokens": 199, "model": "QwQ-32B", "input_tokens_per_minute": 757170.3141185568, "output_tokens_per_minute": 36031.76066767095, "slo_seconds": 5.0, "slo_attainment": 66.29834254143645, "ttft_slo_ms": 1000, "ttft_slo_attainment": 100.0, "tpot_slo_ms": 50, "tpot_slo_attainment": 100.0, "Latency": {"unit": "s", "min": 1.7054889110004297, "p50": 4.7207028529992385, "p90": 5.854536785000164, "p95": 6.17951183599871, "p99": 6.4322329067992525, "max": 6.620379624000634}, "Throughput": {"unit": "tokens/s", "min": 30.209747984080384, "p50": 42.36657256936486, "p90": 48.58172039999574, "p95": 50.10799097584912, "p99": 51.15808973571664, "max": 55.77712612975411}, "TTFT": {"unit": "s", "min": 0.03640502099915466, "p50": 0.25008067099952314, "p90": 0.5184836209991772, "p95": 0.5773811030012439, "p99": 0.8170113908003245, "max": 0.9612631440013502}, "TPOT": {"unit": "ms", "min": 17.579198989953703, "p50": 22.565366663317704, "p90": 28.643595070348766, "p95": 29.194156422114368, "p99": 30.883315618084264, "max": 31.534427050251022}, "Input Tokens per Minute": {"unit": "tokens/min", "min": 757170.3141185568, "p50": 757170.3141185568, "p90": 757170.3141185568, "p95": 757170.3141185568, "p99": 757170.3141185568, "max": 757170.3141185568}, "Output Tokens per Minute": {"unit": "tokens/min", "min": 36031.76066767095, "p50": 36031.76066767095, "p90": 36031.76066767095, "p95": 36031.76066767095, "p99": 36031.76066767095, "max": 36031.76066767095}}
{"target_qps": 3.0, "actual_qps": 2.999953322576352, "success_rate": 100.0, "input_tokens": 4170, "output_tokens": 200, "model": "QwQ-32B", "input_tokens_per_minute": 753844.6741888651, "output_tokens_per_minute": 36152.602238689775, "slo_seconds": 5.0, "slo_attainment": 68.50828729281768, "ttft_slo_ms": 1000, "ttft_slo_attainment": 100.0, "tpot_slo_ms": 50,