{"target_qps": 3.0, "actual_qps": 2.9986890962230768, "success_rate": 100.0, "input_tokens": 3574, "output_tokens": 198, "model": "QwQ-32B", "input_tokens_per_minute": 643325.5670103093, "output_tokens_per_minute": 35764.32989690722, "slo_seconds": 5.0, "slo_attainment": 0.0, "ttft_slo_ms": 1000, "ttft_slo_attainment": 22.68041237113402, "tpot_slo_ms": 50, "tpot_slo_attainment": 12.371134020618557, "Latency": {"unit": "s", "min": 6.87251776100311, "p50": 18.748123213001236, "p90": 27.853697343599926, "p95": 28.70734277099982, "p99": 30.15578672263625, "max": 30.932422945996223}, "Throughput": {"unit": "tokens/s", "min": 6.46570753119381, "p50": 10.622628829772253, "p90": 19.600870637357175, "p95": 20.67235215962761, "p99": 25.30163526298518, "max": 29.101416242947344}, "TTFT": {"unit": "s", "min": 0.1531218869931763, "p50": 1.613750924996566, "p90": 2.795473273402604, "p95": 2.987669159194045, "p99": 5.706664508082591, "max": 8.300697549995675}, "TPOT": {"unit": "ms", "min": 28.97978411557009, "p50": 84.1184020552541, "p90": 127.0233269959885, "p95": 133.28084035476888, "p99": 143.06005262412614, "max": 146.22865276884733}, "Input Tokens per Minute": {"unit": "tokens/min", "min": 643325.5670103093, "p50": 643325.5670103093, "p90": 643325.5670103093, "p95": 643325.5670103093, "p99": 643325.5670103093, "max": 643325.5670103093}, "Output Tokens per Minute": {"unit": "tokens/min", "min": 35764.32989690722, "p50": 35764.32989690722, "p90": 35764.32989690722, "p95": 35764.32989690722, "p99": 35764.32989690722, "max": 35764.32989690722}}
{"target_qps": 3.0, "actual_qps": 2.999615616606483, "success_rate": 100.0, "input_tokens": 3645, "output_tokens": 199, "model": "QwQ-32B", "input_tokens_per_minute": 674091.3149484986, "output_tokens_per_minute": 36909.86452237778, "slo_seconds": 5.0, "slo_attainment": 0.0, "ttft_slo_ms": 1000, "ttft_slo_attainment": 8.108108108108109, "tpot_slo_ms": 50, "tpot_slo_attainment": 12.432432432432433, "Latency": {"unit": "s", "min": 6.942229446998681, "p50": 22.87344381800358, "p90": 34.014413799000614, "p95": 36.092931970195785, "p99": 37.99244277143937, "max": 42.59636191699974}, "Throughput": {"unit": "tokens/s", "min": 4.6952366587011785, "p50": 8.737726722599437, "p90": 17.900255876017013, "p95": 22.312196837444276, "p99": 25.480106168689087, "max": 28.809188968317024}, "TTFT": {"unit": "s", "min": 0.20675264399324078, "p50": 4.754998693999369, "p90": 8.390373890400223, "p95": 9.440065371400852, "p99": 12.537168864677943, "max": 15.592885694997676}, "TPOT": {"unit": "ms", "min": 3.4697899748758414, "p50": 91.40204380399602, "p90": 133.3374087969906, "p95": 141.59423649145361, "p99": 157.82784411721266, "max": 163.7075363919645}, "Input Tokens per Minute": {"unit": "tokens/min", "min": 674091.3149484986, "p50": 674091.3149484986, "p90": 674091.3149484986, "p95": 674091.3149484986, "p99": 674091.3149484986, "max": 674091.3149484986}, "Output Tokens per Minute": {"unit": "tokens/min", "min": 36909.86452237778, "p50": 36909.86452237778, "p90": 36909.86452237778, "p95": 36909.86452237778, "p99": 36909.86452237778, "max": 36909.86452237778}}
{"target_qps": 3.0, "actual_qps": 2.9998415080238883, "success_rate": 100.0, "input_tokens": 3714, "output_tokens": 198, "model": "QwQ-32B", "input_tokens_per_minute": 749961.1477720387, "output_tokens_per_minute": 40059.48763644408, "slo_seconds": 5.0, "slo_attainment": 0.0, "ttft_slo_ms": 1000, "ttft_slo_attainment": 5.9405940594059405, "tpot_slo_ms": 50, "tpot_slo_attainment": 8.415841584158416, "Latency": {"unit": "s", "min": 6.423082859000715, "p50": 26.094912037999165, "p90": 38.192230805800506, "p95": 39.294662983455055, "p99": 41.70865838116915, "max": 44.21909354499803}, "Throughput": {"unit": "tokens/s", "min": 3.918736869603397, "p50": 7.551298420554162, "p90": 15.676498186532598, "p95": 17.720553197078726, "p99": 22.872328299485364, "max": 26.974632306845173}, "TTFT": {"unit": "s", "min": 0.3757322669989662, "p50": 5.299293020496407, "p90": 9.342344755098747, "p95": 10.432513393448971, "p99": 14.626286030381308, "max": 15.484731926997483}, "TPOT": {"unit": "ms", "min": 10.368101055265566, "p50": 99.21529865578717, "p90": 150.02590284771878, "p95": 162.049392332185, "p99": 168.76662441700847, "max": 169.12521544218546}, "Input Tokens per Minute": {"unit": "tokens/min", "min": 749961.1477720387, "p50": 749961.1477720387, "p90": 749961.1477720387, "p95": 749961.1477720387, "p99": 749961.1477720387, "max": 749961.1477720387}, "Output Tokens per Minute": {"unit": "tokens/min", "min": 40059.48763644408, "p50": 40059.48763644408, "p90": 40059.48763644408, "p95": 40059.48763644408, "p99": 40059.48763644408, "max": 40059.48763644408}}
{"target_qps": 3.0, "actual_qps": 2.9999701353973123, "success_rate": 100.0, "input_tokens": 3723, "output_tokens": 199, "model": "QwQ-32B", "input_tokens_per_minute": 670160.4545454546, "output_tokens_per_minute": 35895.681818181816, "slo_seconds": 5.0, "slo_attainment": 0.0, "ttft_slo_ms": 1000, "ttft_slo_attainment": 7.954545454545454, "tpot_slo_ms": 50, "tpot_slo_attainment": 9.090909090909092, "Latency": {"unit": "s", "min": 6.228487751999637, "p50": 29.372223683498305, "p90": 38.0485185250036, "p95": 40.250025048746465, "p99": 42.11586473450188, "max": 42.81330011400132}, "Throughput": {"unit": "tokens/s", "min": 2.871930179976204, "p50": 6.809263314648991, "p90": 16.213657977937817, "p95": 18.07317738240922, "p99": 27.06159471973554, "max": 32.11052312590493}, "TTFT": {"unit": "s", "min": 0.11038632000418147, "p50": 5.365373347500281, "p90": 10.658436859503126, "p95": 11.26669890775338, "p99": 13.247443588748865, "max": 13.615362279000692}, "TPOT": {"unit": "ms", "min": 18.71278603518371, "p50": 123.25056543216594, "p90": 149.7289248919565, "p95": 151.4690699447358, "p99": 159.5392756205993, "max": 245.9723001753146}, "Input Tokens per Minute": {"unit": "tokens/min", "min": 670160.4545454546, "p50": 670160.4545454546, "p90": 670160.4545454546, "p95": 670160.4545454546, "p99": 670160.4545454546, "max": 670160.4545454546}, "Output Tokens per Minute": {"unit": "tokens/min", "min": 35895.681818181816, "p50": 35895.681818181816, "p90": 35895.681818181816, "p95": 35895.681818181816, "p99": 35895.681818181816, "max": 35895.681818181816}}
{"target_qps": 3.0, "actual_qps": 2.9999476995614973, "success_rate": 100.0, "input_tokens": 3677, "output_tokens": 198, "model": "QwQ-32B", "input_tokens_per_minute": 661959.3103448276, "output_tokens_per_minute": 35640.0, "slo_seconds": 5.0, "slo_attainment": 0.0, "ttft_slo_ms": 1000, "ttft_slo_attainment": 20.0, "tpot_slo_ms": 50, "tpot_slo_attainment": 11.03448275862069, "Latency": {"unit": "s", "min": 5.065095553996798, "p50": 25.30326213099761, "p90": 35.44304772359901, "p95": 38.435375629401825, "p99": 40.962164520158844, "max": 41.664585152000654}, "Throughput": {"unit": "tokens/s", "min": 3.8697674118516456, "p50": 7.830087659364573, "p90": 15.230074362100034, "p95": 18.82639441096552, "p99": 23.646019631148448, "max": 24.54018516099755}, "TTFT": {"unit": "s", "min": 0.10998186500364682, "p50": 3.550484318002418, "p90": 8.10656609419966, "p95": 9.99048840399918, "p99": 12.231763961277903, "max": 12.97823115799838}, "TPOT": {"unit": "ms", "min": 18.344809115569202, "p50": 113.00176898493278, "p90": 146.565923769834, "p95": 149.0590629557685, "p99": 160.50501804725133, "max": 202.0398771552397}, "Input Tokens per Minute": {"unit": "tokens/min", "min": 661959.3103448276, "p50": 661959.3103448276, "p90": 661959.3103448276, "p95": 661959.3103448276, "p99": 661959.3103448276, "max": 661959.3103448276}, "Output Tokens per Minute": {"unit": "tokens/min", "min": 35640.0, "p50": 35640.0, "p90": 35640.0, "p95": 35640.0, "p99": 35640.0, "max": 35640.0}}
{"target_qps": 3.0, "actual_qps": 2.999959325151547, "success_rate": 100.0, "input_tokens": 3677, "output_tokens": 199, "model": "QwQ-32B", "input_tokens_per_minute": 841705.0411079517, "output_tokens_per_minute": 45631.05197722656, "slo_seconds": 5.0, "slo_attainment": 0.0,