{"target_qps": 5.0, "actual_qps": 4.994734845845402, "success_rate": 100.0, "input_tokens": 3977, "output_tokens": 199, "model": "QwQ-32B", "input_tokens_per_minute": 1193136.3636363635, "output_tokens_per_minute": 59718.181818181816, "slo_seconds": 5.0, "slo_attainment": 0.0, "ttft_slo_ms": 1000, "ttft_slo_attainment": 2.4242424242424243, "tpot_slo_ms": 50, "tpot_slo_attainment": 5.454545454545454, "Latency": {"unit": "s", "min": 9.518089644996508, "p50": 19.973750840996217, "p90": 25.9202003828017, "p95": 29.332757447002223, "p99": 30.077621327478262, "max": 36.39781221099838}, "Throughput": {"unit": "tokens/s", "min": 5.445707769584144, "p50": 9.996439585107785, "p90": 15.105564719392074, "p95": 17.324138000851438, "p99": 19.85770711297876, "max": 21.01261991214135}, "TTFT": {"unit": "s", "min": 0.3608864199995878, "p50": 4.73737697800243, "p90": 6.6303220254005275, "p95": 7.191914273401197, "p99": 12.217832904002266, "max": 20.587681999997585}, "TPOT": {"unit": "ms", "min": 43.28205165831751, "p50": 73.17368012562514, "p90": 89.82007582915446, "p95": 114.27995502611945, "p99": 123.31493076501847, "max": 125.39564620603424}, "Input Tokens per Minute": {"unit": "tokens/min", "min": 1193136.3636363635, "p50": 1193136.3636363635, "p90": 1193136.3636363635, "p95": 1193136.3636363635, "p99": 1193136.3636363635, "max": 1193136.3636363635}, "Output Tokens per Minute": {"unit": "tokens/min", "min": 59718.181818181816, "p50": 59718.181818181816, "p90": 59718.181818181816, "p95": 59718.181818181816, "p99": 59718.181818181816, "max": 59718.181818181816}}
{"target_qps": 5.0, "actual_qps": 4.995713307852253, "success_rate": 100.0, "input_tokens": 3917, "output_tokens": 198, "model": "QwQ-32B", "input_tokens_per_minute": 1175262.1323529412, "output_tokens_per_minute": 59490.441176470595, "slo_seconds": 5.0, "slo_attainment": 0.7352941176470588, "ttft_slo_ms": 1000, "ttft_slo_attainment": 9.926470588235293, "tpot_slo_ms": 50, "tpot_slo_attainment": 6.25, "Latency": {"unit": "s", "min": 2.218084624997573, "p50": 20.58277586049735, "p90": 31.75634754750281, "p95": 33.8590904319004, "p99": 36.55284464013457, "max": 38.887518912000814}, "Throughput": {"unit": "tokens/s", "min": 2.9512105007295304, "p50": 9.614161469624035, "p90": 16.559141443901954, "p95": 18.31040003047986, "p99": 20.840987401304155, "max": 22.777024545758238}, "TTFT": {"unit": "s", "min": 0.28030928099906305, "p50": 3.3715438285034907, "p90": 9.379567035502262, "p95": 11.693136563403458, "p99": 13.792175866086417, "max": 15.128982759000792}, "TPOT": {"unit": "ms", "min": 25.643500663300898, "p50": 85.02788006281759, "p90": 117.32245597388156, "p95": 124.19617245501998, "p99": 133.1617149661987, "max": 245.81629109095297}, "Input Tokens per Minute": {"unit": "tokens/min", "min": 1175262.1323529412, "p50": 1175262.1323529412, "p90": 1175262.1323529412, "p95": 1175262.1323529412, "p99": 1175262.1323529412, "max": 1175262.1323529412}, "Output Tokens per Minute": {"unit": "tokens/min", "min": 59490.441176470595, "p50": 59490.441176470595, "p90": 59490.441176470595, "p95": 59490.441176470595, "p99": 59490.441176470595, "max": 59490.441176470595}}
{"target_qps": 5.0, "actual_qps": 4.9999368639642645, "success_rate": 100.0, "input_tokens": 4007, "output_tokens": 199, "model": "QwQ-32B", "input_tokens_per_minute": 1270864.2135826093, "output_tokens_per_minute": 63145.0866686024, "slo_seconds": 5.0, "slo_attainment": 0.0, "ttft_slo_ms": 1000, "ttft_slo_attainment": 4.587155963302752, "tpot_slo_ms": 50, "tpot_slo_attainment": 1.2232415902140672, "Latency": {"unit": "s", "min": 11.434702113998355, "p50": 27.855204768995463, "p90": 39.32498292179953, "p95": 41.015467326199726, "p99": 43.50923164028005, "max": 45.1909501370028}, "Throughput": {"unit": "tokens/s", "min": 1.5409320714066912, "p50": 7.179986708358797, "p90": 13.123340798171562, "p95": 14.291170268149285, "p99": 16.80165536865261, "max": 17.490617421083503}, "TTFT": {"unit": "s", "min": 0.2465740059997188, "p50": 5.327156933002698, "p90": 12.123297165399709, "p95": 12.834339395701681, "p99": 14.254802123558774, "max": 15.674183850998816}, "TPOT": {"unit": "ms", "min": 33.89461971356518, "p50": 105.81821639697863, "p90": 152.36054897285973, "p95": 156.54670455378664, "p99": 162.74305514711435, "max": 449.54275731110505}, "Input Tokens per Minute": {"unit": "tokens/min", "min": 1270864.2135826093, "p50": 1270864.2135826093, "p90": 1270864.2135826093, "p95": 1270864.2135826093, "p99": 1270864.2135826093, "max": 1270864.2135826093}, "Output Tokens per Minute": {"unit": "tokens/min", "min": 63145.0866686024, "p50": 63145.0866686024, "p90": 63145.0866686024, "p95": 63145.0866686024, "p99": 63145.0866686024, "max": 63145.0866686024}}
{"target_qps": 5.0, "actual_qps": 4.999981442401863, "success_rate": 100.0, "input_tokens": 4035, "output_tokens": 199, "model": "QwQ-32B", "input_tokens_per_minute": 1210702.1978021977, "output_tokens_per_minute": 59868.131868131866, "slo_seconds": 5.0, "slo_attainment": 0.0, "ttft_slo_ms": 1000, "ttft_slo_attainment": 4.395604395604396, "tpot_slo_ms": 50, "tpot_slo_attainment": 1.8315018315018317, "Latency": {"unit": "s", "min": 9.458520353000495, "p50": 34.45858913400298, "p90": 41.0400071082011, "p95": 42.45141247519932, "p99": 45.54724729559879, "max": 46.33253961599985}, "Throughput": {"unit": "tokens/s", "min": 4.316620708849181, "p50": 5.804068159094895, "p90": 11.260812904064666, "p95": 12.646990745279107, "p99": 18.68222777428137, "max": 21.144956350023044}, "TTFT": {"unit": "s", "min": 0.21091554099984933, "p50": 7.886539985003765, "p90": 13.206539864603839, "p95": 16.690780961397103, "p99": 17.962569481400422, "max": 18.96129911400203}, "TPOT": {"unit": "ms", "min": 38.46447485926574, "p50": 128.40245841707932, "p90": 148.78433081202957, "p95": 150.06549720804207, "p99": 154.1015805682384, "max": 166.79978057284794}, "Input Tokens per Minute": {"unit": "tokens/min", "min": 1210702.1978021977, "p50": 1210702.1978021977, "p90": 1210702.1978021977, "p95": 1210702.1978021977, "p99": 1210702.1978021977, "max": 1210702.1978021977}, "Output Tokens per Minute": {"unit": "tokens/min", "min": 59868.131868131866, "p50": 59868.131868131866, "p90": 59868.131868131866, "p95": 59868.131868131866, "p99": 59868.131868131866, "max": 59868.131868131866}}
{"target_qps": 5.0, "actual_qps": 4.9999527216970865, "success_rate": 100.0, "input_tokens": 3972, "output_tokens": 199, "model": "QwQ-32B", "input_tokens_per_minute": 1417922.7853642674, "output_tokens_per_minute": 71319.96434154044, "slo_seconds": 5.0, "slo_attainment": 0.0, "ttft_slo_ms": 1000, "ttft_slo_attainment": 12.5, "tpot_slo_ms": 50, "tpot_slo_attainment": 7.065217391304348, "Latency": {"unit": "s", "min": 7.654000378999626, "p50": 29.08502003099784, "p90": 40.66474520069751, "p95": 42.25401920899967, "p99": 43.84505794610035, "max": 48.57473682300042}, "Throughput": {"unit": "tokens/s", "min": 4.117366620611289, "p50": 6.870516700790603, "p90": 13.399333082569633, "p95": 17.044921976050954, "p99": 22.036475025387798, "max": 26.13012674375382}, "TTFT": {"unit": "s", "min": 0.1347273440042045, "p50": 4.8397826085019915, "p90": 12.413139720195613, "p95": 13.598282999700677, "p99": 15.208186290950756, "max": 16.40205989700189}, "TPOT": {"unit": "ms", "min": 14.87830303516941, "p50": 124.06315284420431, "p90": 147.85019973921897, "p95": 151.93455324021016, "p99": 164.19876010840264, "max": 171.8794750955995}, "Input Tokens per Minute": {"unit": "tokens/min", "min": 1417922.7853642674, "p50": 1417922.7853642674, "p90": 1417922.7853642674, "p95": 1417922.7853642674, "p99": 1417922.7853642674, "max": 1417922.7853642674}, "Output Tokens per Minute": {"unit": "tokens/min", "min": 71319.96434154044, "p50": 71319.96434154044, "p90": 71319.96434154044, "p95": 71319.96434154044, "p99": 71319.96434154044, "max": 71319.96434154044}}
{"target_qps": 5.0, "actual_qps": 4.999873819600842, "success_rate": 100.0, "input_tokens": 4171, "output_tokens": 198, "model": "QwQ-32B",