request_id,conversation_id,send_time,ttft_time,total_time,tokens_in,tokens_out,ttft,tpot,cached_tokens
27582d40-7104-4d59-96c1-6317a6063e17,768e7329-8d72-458d-b447-38a0758c3ca0,7946184.756075514,7946186.082596069,7946190.25361173,560,200,1.326520555652678,4.171015661209822,176
2a04ace2-2c47-479f-bdac-34d147069f7a,16ee1f98-70d1-4f25-b592-1d867d4d1193,7946184.755990536,7946186.092904323,7946190.264483071,4558,200,1.336913786828518,4.17157874815166,176
3cfe119e-c688-460b-bb82-9bbd4118d4aa,36c06fe6-5b24-4d05-aa49-6e7c64045ab9,7946184.914290769,7946186.098323645,7946190.269823555,3241,200,1.1840328760445118,4.171499909833074,176
e404f1d7-1f68-455b-b979-2de222e0d817,9d3da819-d55e-499b-8c32-f0bc4ad5ad0e,7946184.756012532,7946186.089126219,7946190.264463813,512,200,1.3331136871129274,4.175337594002485,176
fb6eeeee-42af-440e-a38a-3a1aab302644,b3f909ce-018e-4430-b0f6-b0dfbcd17eb4,7946181.162133646,7946181.950126592,7946186.708643052,5564,200,0.7879929458722472,4.758516459725797,0
203d96ea-676d-49a1-8cae-7742e1497b01,9530f0c6-0a29-4251-88c5-b383e57f7761,7946185.901356466,7946186.2297678515,7946190.299279838,1470,200,0.32841138541698456,4.069511986337602,176
27f6fc0c-a619-4db6-aa44-ada75f2c55b9,e74245db-a56d-47ca-9c2a-8e63314d403e,7946184.755994851,7946185.93007495,7946191.146686475,2682,200,1.174080098979175,5.216611525043845,160
3f6b337a-47d0-4148-8854-8c99ff09c3b2,d6ffa9d6-2f92-432f-a7e0-2110ea985d38,7946184.91429654,7946186.132372357,7946191.15383369,5780,200,1.2180758165195584,5.021461333148181,176
799ff788-3beb-4099-bd2d-307866fc7e28,b1d48415-2679-4cdf-930c-839699995501,7946184.914274674,7946185.940653864,7946191.158397871,2393,200,1.0263791903853416,5.21774400677532,0
78eec62f-db54-460c-89b0-c5cbc56dfe00,70e7939a-901f-448b-86db-5ca1cf795b25,7946185.901366902,7946186.559679438,7946191.153834037,5759,200,0.6583125367760658,4.5941545981913805,176
3b5fe5e3-5bbc-4a40-8030-cfb8cf109352,0b4cd372-bd8b-4110-ae65-321a75436596,7946181.162137246,7946181.7676787535,7946187.589552496,2305,200,0.6055415077134967,5.821873742155731,0
ffea6a67-230b-4ced-93c0-eae5a5f54e8d,9b851f62-5c3b-4f7e-9c1c-652e52982025,7946184.756061163,7946185.914072697,7946191.146737654,613,200,1.1580115342512727,5.232664956711233,160
076da265-ac24-4723-b6c8-e9f484faa4f3,109911a5-9e24-4bdc-95c0-fd2a56571c91,7946181.162128285,7946182.047044312,7946187.737070147,6017,200,0.8849160270765424,5.690025835298002,0
81163ede-64df-4709-988e-c5abf528ee9f,d3954709-3e90-4162-b807-366fedb25f30,7946184.756072287,7946186.6471513575,7946191.285569989,2391,200,1.891079070046544,4.638418631628156,16
43d9fe82-9b21-4eb2-82a7-042a2c098a71,21dbf6ef-22d2-46e3-ac48-9cb8657506d9,7946184.75592228,7946186.204909525,7946191.295071006,2847,200,1.4489872446283698,5.090161480940878,0
4dde809f-fbdc-4e8d-b58c-7a8e8693d4c9,881cd439-cd62-4d96-be83-b9b80c159776,7946185.901323763,7946186.665979198,7946191.304228006,1052,200,0.7646554354578257,4.638248807750642,176
699e19f3-858f-4e4a-a9b7-75d2f1b0484c,3576d3c5-71c8-4aa8-bb01-7f961dd7500d,7946184.756010798,7946186.653120143,7946191.291277378,6317,200,1.8971093455329537,4.638157234527171,192
96cac21e-432b-42bf-b4fb-c53231f5a8ab,58843bbc-fa60-4c1f-af2c-099aaaad1548,7946184.914285704,7946186.666436489,7946191.3019432565,1719,200,1.752150785177946,4.635506767779589,176
93477858-c64a-4543-b417-5ea05e18faaa,6ee396d8-db4c-4684-88ab-113b143832cd,7946181.162135319,7946182.018506389,7946188.092442012,5614,200,0.8563710702583194,6.073935623280704,0
ae272786-513b-4bf3-abe2-346b3efa0df7,5c06298c-86e7-48f5-99ec-f360b1699941,7946184.755919963,7946186.205206044,7946191.675156425,3797,200,1.4492860808968544,5.469950380735099,160
34abeb53-2cfb-4ff2-8a8a-9dc3fad7f67f,90459a3b-3485-49f1-9ff4-20b06e66b7dc,7946184.756014164,7946186.847070901,7946191.689098831,5927,200,2.0910567371174693,4.842027930542827,160
5e221008-0bbe-4d88-affe-1c2d3f5fac8d,bea7b331-6d61-47ee-bb30-fd850a81bff3,7946184.756076987,7946186.841138393,7946191.683187637,2380,200,2.085061405785382,4.842049243859947,0
62109c66-7d06-4eda-bf00-9f483abb2c5a,94392b0d-8f83-4e2b-80c5-1cb03c746275,7946184.914289264,7946186.858123766,7946191.700374996,3444,200,1.9438345022499561,4.842251230031252,176
dc904195-dea1-406b-8f01-f8edfabee62e,2871c9ae-c754-4c2c-804f-828a39cb9175,7946185.90136018,7946187.25055789,7946191.717681136,5810,200,1.3491977099329233,4.467123245820403,192
9026ae17-17f0-4234-a3ad-87fb2e75f11d,126d60f8-035c-4467-9714-706011decbc4,7946181.162131296,7946181.948228021,7946188.219988471,5280,200,0.7860967256128788,6.271760449744761,0
4099be16-afc0-4d03-a8cb-edbf42d4eb4a,9136ede0-846b-49de-ba9b-d51df17940f6,7946184.755917452,7946186.085220074,7946191.809921924,2209,200,1.3293026220053434,5.724701849743724,160
83305095-444a-4e39-bc02-9c5ebb3dcb58,cf4fae3f-b581-4c59-9fef-3738c46b3c2b,7946184.756005024,7946186.083633176,7946191.806015085,1952,200,1.3276281524449587,5.722381909377873,160
dd80d04c-f0ce-4126-bbc2-939b37682f99,a97b3419-50d1-4d99-ba18-6269343a8188,7946184.756073849,7946186.078083077,7946191.798786556,3336,200,1.322009228169918,5.720703478902578,160
6debe58e-6fca-4956-9569-ca9e0f46a663,1b1e4f29-258e-4294-b6b5-79b12ac8f92a,7946185.901374467,7946186.580857478,7946191.839427419,2194,200,0.6794830113649368,5.2585699409246445,0
5d360250-026e-4ba3-aa41-848dbe9aa03c,5e34dc58-8d28-4946-b67f-f69a67bb089a,7946184.914283628,7946186.5882095015,7946191.845522955,5389,200,1.673925873823464,5.25731345359236,160
0a9242a5-c40a-468d-a389-ade52685da22,1a988c14-d0aa-42e6-93b1-f46a41f68179,7946181.162119368,7946182.054429731,7946188.293843618,5906,200,0.89231036324054,6.239413886331022,0
22db0425-a6e6-461f-982a-d8d35e907100,dec5032f-5640-4adb-8120-132fbe0e8a7b,7946184.755993172,7946186.186729466,7946191.872701584,2426,200,1.430736294016242,5.685972118750215,0
a017c571-ee59-4c6d-aff8-76042b891955,1bfb8811-2bed-4519-a6c0-e896b99e94ca,7946184.756057518,7946186.181969875,7946191.868222538,3863,200,1.4259123569354415,5.686252663843334,160
2245fe67-d923-4544-88e5-00f2c56c77c5,e8a795ee-9f90-4976-894b-7318b1215e72,7946184.9142876,7946186.8578151325,7946192.310743152,5718,200,1.9435275327414274,5.452928019687533,160
9eef0642-004c-4f81-a844-cb64b57ba3c3,af106407-ea10-4304-a36e-a9f2fe57ec32,7946184.756064882,7946186.843565408,7946192.296377791,2712,200,2.0875005265697837,5.452812382951379,288
2d39c460-8869-463f-b816-593add896089,a2d50e13-b70d-4fc7-ae7b-c9da9cadaf6a,7946181.162093082,7946185.578653884,7946192.893232947,5739,200,4.416560801677406,7.314579063095152,0
dfe71f47-c83f-48a5-9b61-93871eae70fe,c3afa93c-0f3f-46f3-9ff6-4aa96ba3a472,7946184.755999834,7946186.170731312,7946192.903079308,1075,200,1.4147314773872495,6.7323479959741235,224
d866a5a9-6aaa-4346-9382-1429229ead40,57bce021-31a9-4e18-abb7-e343db79493f,7946184.755914818,7946186.167502027,7946192.907895903,5873,200,1.4115872094407678,6.740393876098096,224
94c2d1cb-78b7-4ac0-a21e-aad7543d0c32,d3326a24-2cfe-423c-b12e-a234f3b6df37,7946184.756070393,7946186.824547214,7946192.909041083,5879,200,2.068476821295917,6.084493868984282,160
a333da1c-6428-4d80-bd5e-57b91db9cc70,d0030985-3721-47a2-be3f-a716ff7779ef,7946184.914281188,7946186.845228588,7946192.92641965,3109,200,1.9309474006295204,6.0811910619959235,224
511e5c34-b2ad-4aac-8cda-5efe1d0392a9,01bf6cef-c97b-4d6f-8ae2-8102bf0f9a79,7946185.901363797,7946187.143758773,7946192.936313304,5930,200,1.2423949763178825,5.792554531246424,224
416b2e38-1089-4a68-8836-eacc4b4ec7bf,f5b97146-dcd1-49f1-afff-ca5345e46e8b,7946185.90135191,7946187.240441668,7946193.077622188,5821,200,1.3390897577628493,5.8371805204078555,160
a20b7c9a-066b-4c74-a510-1cb6688eff39,bce6251d-3800-4c24-95b5-d0897fa4e7d4,7946184.75590642,7946185.607329074,7946193.185218306,5778,200,0.8514226544648409,7.577889231964946,0
5fc0b229-3add-413f-bcc5-807242b58be6,12a20126-19e5-4ddc-b4e6-5b1c4432afdc,7946184.756007215,7946186.201052852,7946193.2011961015,5800,200,1.4450456369668245,7.000143249519169,0
00a2cebf-59d9-42d7-a85f-c4b3e4e22a03,f93cf9d2-38b2-470c-ab49-c0cef71be9fc,7946184.756059549,7946186.868002367,7946193.219935904,4903,200,2.111942818388343,6.351933537051082,176
198e2bd8-9902-4e69-b6ff-4e4fcf33bfb2,50255ca8-a7bc-49f9-aa44-a33caa66a0be,7946181.162125179,7946183.3177870065,7946189.670159697,5944,200,2.1556618278846145,6.352372690103948,176
a6ea0337-ce91-4ff1-bd3b-7538aab2a47e,aa3f314e-70fe-43e2-ba6e-eb6dfbb6f833,7946185.901347401,7946187.490633227,7946193.255371823,4708,200,1.5892858263105154,5.764738596044481,0
708e3af9-b34a-4489-a7ee-f443444afc7b,fdb31cc6-26d5-438f-b807-c434b38142f1,7946185.90137058,7946187.7025599405,7946193.269165707,5940,200,1.8011893602088094,5.566605766303837,176
f0f6c07e-4e24-45de-9c64-e6369df039a7,f4aff892-842b-4e98-af4c-cfd1deacf96e,7946187.926960106,7946188.744632688,7946193.56829292,2193,200,0.8176725823432207,4.82366023119539,16
1b139fa7-9964-4576-956d-53c40adfd5b1,b4c5b65e-b0b2-4149-a9a2-a49a11473845,7946186.904032954,7946187.658806145,7946193.961791371,5748,200,0.7547731911763549,6.30298522580415,160
f5569d61-f5a5-48ca-9f1b-a1c9fab82fee,46874def-a8d1-42c8-9ef7-379c30144d14,7946186.904036266,7946187.656415006,7946194.089616956,5796,200,0.7523787403479218,6.43320195004344,192
9c995f31-037c-4b63-b354-350f390089d8,8aa6063f-9cd1-4748-bc9a-78c44fd7370a,7946187.926982807,7946188.694784853,7946195.92989023,1563,200,0.7678020456805825,7.235105377621949,288
571550fb-b51c-4616-9e9c-0b933abba743,d1a58fee-2699-4cde-8dec-5a26bda64889,7946187.926980341,7946188.754239164,7946196.401837094,2412,200,0.8272588234394789,7.6475979294627905,192
67cd2e44-7bc3-494f-8440-e57af68b3461,861e29f7-4713-4676-b1bc-a4d3d62f4ef2,7946188.957994541,7946190.107197478,7946196.510312464,2599,200,1.1492029372602701,6.40311498567462,0
f8d892f3-788c-4c43-8028-db29585fce06,719dac01-1de7-4620-a520-52d4ffeb767c,7946190.023404271,7946190.76184871,7946197.114050711,679,200,0.7384444382041693,6.352202001027763,0
d365363a-2ab7-4d82-a8db-677009145cfa,bbbe54a6-230f-48d7-9ca5-8eaad95f2b7e,7946190.023401356,7946190.762843089,7946197.116114249,754,200,0.7394417328760028,6.353271160274744,176
441d7993-72c9-4312-9117-5072b1c236ae,d2d5bd84-b3bd-4a48-8157-0a1a9475ba55,7946190.023391384,7946190.7639237465,7946197.11738121,2186,200,0.7405323628336191,6.353457463905215,0
6c59c548-fe68-4698-b222-9e89127d8c05,ccd8f2c3-44d3-41c4-91db-1ba4dc5f9701,7946187.926978282,7946188.7534899805,7946197.613607348,2364,200,0.8265116987749934,8.860117367468774,192
e5941980-a484-488f-a9bb-0f171130d09b,cfcf8ea2-39e8-4b65-a05c-99c6f74fc7ff,7946190.023408938,7946190.911744288,7946197.720546671,453,200,0.8883353499695659,6.80880238302052,160
3c588d75-43b3-46c8-b2e2-097773059a0f,5b395a28-37db-4f2f-9699-dc343bce8a3b,7946190.023406904,7946190.911728283,7946197.721135764,1120,200,0.8883213791996241,6.809407480992377,192
1701b774-fc54-4ab0-a318-ba6180b3464c,8f859b06-32e8-473b-8002-142e58a5ff49,7946186.904018988,7946187.719474174,7946197.850189009,6346,200,0.8154551861807704,10.130714834667742,192
3bc25c77-a0d0-4b03-aef5-b9a8d81bb0ce,cb5f3703-6da0-4120-9adb-188860ebbdd5,7946188.958004048,7946190.045276427,7946198.941358785,1995,200,1.087272378616035,8.896082358434796,192
5fc5ce64-6d83-4838-b97e-ddfee6093fcf,e1189205-6824-4411-804c-f395c62b7c66,7946187.926975548,7946189.030132595,7946199.373016141,5807,200,1.1031570471823215,10.342883545905352,160
c2d3ad9d-c1be-4a2d-aa3b-a6d08507f021,6cfd20c7-df85-4041-b191-f790c3146abd,7946187.926971465,7946188.815234586,7946199.804381976,2977,200,0.888263120315969,10.98914739023894,192
964dd643-ecad-4cf0-9362-f33dc65a454b,61124a8b-68ac-4ded-b169-e18061937ffa,7946188.958006369,7946190.404546749,7946199.835981463,5829,200,1.44654037989676,9.431434714235365,0
a18b729d-8fcc-49f0-9e93-d9550f23a3ed,320cf5f0-a5c1-49b5-91a9-a20c3778432b,7946188.957979117,7946190.308710229,7946200.90838235,5446,200,1.350731112062931,10.59967212099582,160
2c228e20-0987-4813-8271-d624b4e5a0d7,ad505044-0649-4c84-9a66-a33049893e40,7946188.95801106,7946190.346873553,7946201.3032216,5592,200,1.3888624925166368,10.956348047591746,16
3608c95a-5390-4a09-87fc-6564b078289a,0f386fc6-2621-495e-924c-56970457578f,7946188.958013278,7946190.911016949,7946201.970150301,5879,200,1.9530036710202694,11.059133351780474,192
5b346b03-65e8-44cb-b25e-cb5f9ea8b416,795cc20d-671d-410c-bce2-c55dbac8dc37,7946188.957998613,7946190.420541332,7946201.973609536,5972,200,1.462542719207704,11.55306820385158,192
dabbc202-2635-4ec5-906e-2c3c98753376,e4dc0ced-f82e-4bf7-a8a7-2b3c0cd1ba02,7946190.98126915,7946191.36312384,7946201.9740479095,1349,200,0.3818546896800399,10.61092406976968,176
9fe85de8-b600-4cc5-b395-555fc8e44445,6b44b6e7-0ae8-483a-b986-2de5bf8a3a9d,7946190.9812668,7946191.956477758,7946201.9979173215,3090,200,0.9752109572291374,10.041439563967288,176
5020f2b5-b0cd-470c-a5ac-737a1641f985,f54b1d08-f79c-4df6-86d7-835552a2e20b,7946190.981264624,7946192.574307959,7946202.025232661,1563,200,1.5930433347821236,9.450924701988697,192
192dec9a-1166-43b7-a10b-ce5191d8b7c7,3d3d0540-f4de-4214-9bb1-6b9e805f2954,7946190.98127119,7946192.573005186,7946202.023869382,6026,200,1.5917339967563748,9.45086419582367,176
ae3608e3-4c78-4606-b35a-332d235a3af7,4346426a-d1cf-4421-a05c-b8084161d1b8,7946192.883250872,7946193.856942573,7946202.159243984,787,200,0.9736917009577155,8.302301411516964,176
89418164-5ae3-49e3-bcd2-ab64a238213c,6ccb2fd4-21c1-492d-9d64-56223fb86062,7946188.958008617,7946190.465392709,7946202.918608188,5982,200,1.5073840916156769,12.453215478919446,160
96ed6376-debd-4514-8f37-705000909ec0,44838094-3154-4ad0-aad1-71143ecb6bab,7946190.981244553,7946191.751294583,7946203.216399844,5988,200,0.7700500302016735,11.46510526072234,192
a36436d1-cdd6-45fe-9dc9-106e7225cdc9,c0b7d39b-a900-41e1-ab87-0dae194f0135,7946192.883247668,7946193.184970446,7946203.314112329,3378,200,0.3017227780073881,10.12914188299328,192
18478d37-07c4-4b59-9e0f-9126555e8eda,4df870a1-f984-48dc-93fb-96ee01475d6f,7946190.981262057,7946192.346223598,7946203.244443709,4345,200,1.3649615412577987,10.898220110684633,192
f8d077b2-14b1-437e-9a0c-cfa9b2f05d7f,c47b88bc-8337-4fcb-bb63-b8c147f8261e,7946190.981273395,7946192.940588521,7946203.266905732,5816,200,1.9593151258304715,10.326317211613059,192
58e98ab6-5ac8-4692-ba1d-5d424ea3de63,f67702ed-ffe8-4f1f-b79c-d71f9ba12c4f,7946190.981257773,7946192.944488286,7946203.272298239,1080,200,1.963230513036251,10.327809953130782,160
5821bbd0-857a-4097-bb96-5e34f26af9dc,ea0112a1-5acd-4249-9207-038c80625b12,7946192.883239876,7946194.586209962,7946203.4276068285,5872,200,1.7029700865969062,8.841396866366267,176
47974ee3-17bf-46cf-828f-40345b553261,b1d48415-2679-4cdf-930c-839699995501,7946194.883905488,7946195.412068142,7946203.48082783,2490,200,0.5281626535579562,8.068759688176215,2336
cb075625-9e2c-4aa0-b645-b04ad7171216,977ac36b-bb7b-4aac-bf3e-938831af0d6d,7946191.884501693,7946193.561719876,7946203.545293565,5699,200,1.6772181829437613,9.983573689125478,0
27fc8646-504a-46f8-a227-7d166eff04a6,bbea6a5c-8d47-4003-8b31-48aa9eb697ca,7946191.884504242,7946194.184872107,7946203.568283134,6542,200,2.300367864780128,9.383411027491093,192
27dbd737-fe3a-4d55-bc71-dd53486c2f85,6ec635c0-f7da-4c2c-a7f4-be19d54eedfb,7946191.884506625,7946194.180687798,7946203.564720756,4817,200,2.2961811730638146,9.384032958187163,192
7d7cf4c8-6fee-49b1-823b-c12d2f647839,e7ddf100-0645-4d83-9de1-cdfd98d12da1,7946192.883243624,7946194.782868258,7946203.592437565,3241,200,1.899624633602798,8.809569307602942,176
901e02fb-4fc3-4b59-8bc4-89aff8f357fe,12968104-ad78-488d-a9b9-865ea70aa9e0,7946192.883232542,7946194.787336489,7946203.595366311,2769,200,1.9041039468720555,8.808029822073877,176
697d57de-0e25-4433-86a1-d627292cabd4,cc69a023-c1c3-4dcc-9d6f-d347a10e1419,7946191.884487208,7946194.788905944,7946203.599206806,4015,200,2.9044187357649207,8.810300862416625,176
3c1e1cbb-3e47-43f1-bd3d-98028cf22229,87203db3-07a9-41c9-8809-fcaafbca8a36,7946192.88322856,7946195.412249976,7946203.620141349,5939,200,2.529021415859461,8.207891372963786,176
3815c339-6f6c-405e-a98a-c0d30fba25e2,1bb39ff9-0ea5-419f-a37c-928f0db0f068,7946194.883920818,7946196.021654272,7946203.644916937,1725,200,1.1377334548160434,7.6232626643031836,176
a505d1b2-bc4e-4313-8c48-b4dc6d57d923,25764557-8d50-4bc3-8d58-ccb7ee44ac5a,7946192.88321701,7946193.080365385,7946204.131461318,2027,200,0.1971483752131462,11.051095932722092,224
e004a26e-4678-43f8-8d2d-6e83589e791b,f77b3e1a-28ab-448e-9c49-1437284550c7,7946193.88295511,7946193.973018042,7946204.209229715,544,200,0.09006293211132288,10.236211673356593,224
4062953c-fcba-4784-b7ad-3be6e0b3f9ad,e214ec5e-819d-494d-96be-4f44b7317ecc,7946193.882952265,7946194.5451003965,7946204.321417868,2640,200,0.66214813105762,9.776317471638322,176
ba043168-554e-4ba5-bc03-89af4f64fc61,1ddc0d9c-5d28-46c9-b091-e70085a47921,7946193.882934651,7946195.159241104,7946204.348143269,5945,200,1.276306452229619,9.188902165740728,160
31bc2d0d-21b4-41af-b482-5d6795992bed,623901f7-e6f9-48bd-828b-b5728990d3b2,7946193.882958389,7946195.156881816,7946204.349696801,2570,200,1.2739234268665314,9.19281498529017,192
673eee63-4a91-432e-a229-61a7b9194c62,50a6fd55-dd24-4441-9105-8785b6a488a7,7946193.8829482,7946195.158372456,7946204.351787654,1588,200,1.275424255989492,9.1934151975438,160
c8d6b332-d4a6-4ecf-833c-71f70b40350f,77c5fe55-dea3-47e3-9fa4-17d19b193453,7946191.884498181,7946194.674416538,7946204.435275027,5869,200,2.7899183575063944,9.76085848826915,192
4f2ecaf9-4690-4131-a877-21e62843dc51,53775c11-23d0-4c0f-9a63-56b35a9ba870,7946191.884508851,7946195.291025029,7946204.4489060715,5747,200,3.4065161775797606,9.157881042920053,176
59351d78-374e-4b77-8d18-1b0bee16e78d,b4527815-5a94-4cdd-8d25-4cd8b6f2f33f,7946195.883973283,7946196.556872916,7946204.862237196,2398,200,0.6728996336460114,8.30536428000778,272
f6d84477-6cb6-438d-80ea-8ce9f833cce7,32087621-eee3-413a-95d8-81b2a9d41e00,7946195.883953299,7946196.5603694655,7946204.866086351,1689,200,0.6764161661267281,8.305716885253787,192
0d485c3c-dfaa-440f-b0c5-7904ff7d7b40,2a3ec4c6-ff7d-4eb7-bfc6-c8b98976fd17,7946192.883235685,7946195.34272222,7946205.118623363,2218,200,2.4594865357503295,9.775901142507792,192
d0d4ac2b-b093-4ff8-a0a3-ba7e61c7952d,a59afcff-3049-48a3-b277-5a727d2c27e6,7946194.883917178,7946195.959248267,7946205.144196428,3067,200,1.0753310890868306,9.184948161244392,192
840d764d-8685-421f-9f4b-a8e3017635e3,d0030985-3721-47a2-be3f-a716ff7779ef,7946196.883509814,7946196.987919542,7946206.199675851,3333,200,0.10440972819924355,9.211756308563054,3088
f16f70b8-6216-42f7-b762-732800f643dd,42b78ebd-17aa-4ddc-8442-4e4fb55a60c8,7946195.883965245,7946196.122442902,7946206.27023475,2500,200,0.23847765661776066,10.147791847586632,160
f4243cf3-e50d-4281-8b38-84538803684c,c0dbd0bd-4010-4779-815e-795e06cc171a,7946195.883968514,7946196.312790818,7946206.46949137,4835,200,0.42882230319082737,10.15670055244118,192
d6daf997-3d68-4f49-be80-e6e1c138612b,27e00e2e-21f7-46b8-8008-d0a46fedbeee,7946195.883970971,7946196.312866352,7946206.47168135,643,200,0.42889538034796715,10.158814998343587,288
5f2cc6df-258d-4a34-971a-6233945e1f71,e6f02cf2-63e2-47aa-88a9-85c903954750,7946196.883526035,7946197.173002636,7946206.6353626065,3356,200,0.2894766014069319,9.4623599704355,160
fcdf5f69-926b-4ceb-b0ed-e05a2a41b519,c18a3eda-6ea4-4f5f-85d5-5cf3a28d9145,7946198.883479342,7946199.0463112015,7946206.739599477,1671,200,0.16283185966312885,7.693288275040686,160
1c911e13-958f-4aaf-a55b-807456af6501,76489012-fef6-4640-b537-d17bb55de8c8,7946196.883521862,7946197.116671754,7946206.778641042,2492,200,0.23314989171922207,9.661969288252294,192
e7906cbb-0925-4117-9803-1eeac02eb03f,5ef28ed9-d9ba-4069-8337-a1edc2905941,7946197.883027485,7946198.534092894,7946206.967114729,5804,200,0.6510654091835022,8.433021835051477,160
0cae54a6-590b-4019-90ce-61ede18b11b5,af58fe18-5abf-4a30-a78b-73561c06d4f2,7946197.882999293,7946198.535412979,7946206.971117823,2413,200,0.6524136867374182,8.435704844072461,288
3ed5660f-d33a-4234-84ba-00ea9f0d4321,dff993b8-19dc-45b2-9b6f-11b92241e9b2,7946197.883034216,7946199.1408809675,7946206.989108545,1313,200,1.2578467512503266,7.8482275772839785,192
6b0c546c-157d-4080-bed0-2568cc725a8e,3899d1b8-965e-459d-a293-a76d5121cf61,7946197.883031605,7946199.141095119,7946206.99550732,2616,200,1.2580635137856007,7.854412201792002,160
87019787-97f6-42d5-9299-8ed6d3154e48,170812a6-cb38-4169-bec1-bbe2e86c6001,7946198.88348296,7946199.348313518,7946207.016010224,1492,200,0.46483055781573057,7.667696706019342,320
28217826-43ad-4867-ac97-10d778879928,26f6e7fb-05d7-47ec-9c49-43b5ac7aed02,7946198.883465126,7946199.174120785,7946207.021413023,3158,200,0.2906556585803628,7.847292237915099,160
9c9271c8-cd88-4437-b05f-1b7946f5d789,bfd839f9-7891-4b73-8ec3-0ec4e6a3b69e,7946198.883486077,7946199.073927601,7946207.398581261,2123,200,0.1904415236786008,8.324653659947217,176
e902c0a1-a810-48c9-81e2-136c1b135061,4ea8f553-17d2-4104-a58f-9cd66ff1b47f,7946199.883723734,7946200.05961879,7946207.501406423,879,200,0.17589505575597286,7.441787633113563,176
a9392bb0-f545-48ad-a622-c0d692baaa2b,fc0804dd-2f2c-4652-a7ad-2d9b311e21e9,7946199.88374788,7946200.499949129,7946207.517277487,3598,200,0.6162012489512563,7.017328357324004,176
7b01e85d-afe8-41a5-8b95-ca2db57a7df7,c13d9418-24a3-4ed3-8a2f-34e200890302,7946199.883744396,7946200.064564445,7946207.569597412,934,200,0.18082004878669977,7.5050329668447375,224
3a07a40f-809f-44a8-8f17-8a64f2fbffab,993f48a3-6585-47a7-a1f8-bce99e9c742b,7946200.88340405,7946201.286022882,7946207.935106975,2341,200,0.40261883195489645,6.649084093049169,288
b6c9b677-83c5-4900-8dc6-e2f7291729f9,5f73476c-5788-47d5-8c33-62022bc36395,7946198.883489171,7946199.258264931,7946207.984808511,3750,200,0.3747757598757744,8.726543580181897,176
56e87569-0668-45df-859d-8a2a3d9ffcbb,a4705d3f-c9cc-472f-8323-bf9e4593e138,7946199.883709684,7946200.47443971,7946208.142992201,5755,200,0.5907300263643265,7.6685524908825755,160
36b502bb-9b7c-43c6-809e-5b025fec7216,0510668b-2e39-4521-abbf-68606b666ffd,7946200.883390989,7946201.145701489,7946208.2437725365,2380,200,0.2623105002567172,7.098071047104895,192
75588cc5-0d58-45a3-b4cf-ae6bcb2805a3,07664316-d6e1-41da-94de-93685a509c09,7946199.883737985,7946200.408724886,7946208.567922727,5899,200,0.5249869013205171,8.159197840839624,192
ceb52455-b5f2-4f27-91e8-8d44fe5dbba0,e9cfb301-71d8-484a-8756-4676879b5e86,7946199.883730371,7946200.856247651,7946208.591755181,5959,200,0.9725172808393836,7.735507529228926,176
0e4d9aa2-4ca2-4e4b-ac14-de51e7866e1a,6459e9c0-ac3f-4f1e-a735-823b3c83d15f,7946200.883397991,7946201.579092521,7946208.6957143145,2642,200,0.6956945303827524,7.116621793247759,160
5d690784-3c43-48d1-8aeb-3488ad6a4f1d,3e6c5d34-1386-4cd8-9374-9aa3862b99fd,7946201.883795067,7946202.261367214,7946208.7274927255,2748,200,0.37757214717566967,6.466125511564314,192
8ae6a8e1-a2fb-458b-ab53-2895760be079,d3954709-3e90-4162-b807-366fedb25f30,7946200.883401246,7946201.01374311,7946208.796016318,2434,200,0.1303418641909957,7.78227320779115,2336
9400f737-0603-4d77-be0a-0e732cc21261,6dcfeadf-1244-46cf-a016-ab16dc8a9fb7,7946199.883741017,7946200.631817412,7946208.894545031,5894,200,0.748076394200325,8.26272761914879,176
d5f136b6-26a8-429e-a37b-44e6727eaf4d,cefc6823-5ff4-4638-94ce-6bc5efae4bb7,7946201.883784601,7946202.070420116,7946208.929428045,330,200,0.18663551472127438,6.859007928520441,176
d42cbe10-dc3f-4c8d-aea4-6e08ce5039eb,57ff1918-00a6-4f1f-abf1-71b1dec34e08,7946201.883773999,7946203.843165505,7946210.023133329,2030,200,1.9593915054574609,6.179967824369669,272
43bd95bb-cb6c-496d-990c-54000ea1de64,1b47827e-eff6-4493-98e1-f137248f2700,7946199.883727391,7946200.212837452,7946210.082151014,3201,200,0.32911006081849337,9.86931356228888,224
adc89dd9-8f1b-4fd3-bbbf-fa5c5e1e5a60,e43607a6-bee1-4fdf-a0b4-8ea2245eecf1,7946200.883377739,7946201.051915085,7946210.167089476,1129,200,0.16853734571486712,9.115174391306937,192
dcefb842-521f-4525-9e20-718f83344918,04b0e516-69f4-450c-9856-35e89097255e,7946201.88378823,7946202.495711963,7946210.2685995875,5897,200,0.6119237327948213,7.772887624800205,176
3ec383b1-46c2-4f6a-8907-3e91b6d7c3f4,351bbc11-4243-48fb-a347-cf0afb61f2b4,7946199.883733777,7946200.7483845,7946210.577633407,5809,200,0.8646507225930691,9.82924890704453,160
b3d474f0-7ff1-41fa-afa3-a8e9b91c4311,b1d48415-2679-4cdf-930c-839699995501,7946202.883034362,7946203.01842041,7946210.668618185,2618,200,0.1353860478848219,7.650197775103152,2448
9371754a-06e9-4c16-9710-176990a86b27,2ae37bed-8d28-4e69-b69c-68eced6190e3,7946202.883071778,7946204.072268725,7946211.479338171,3595,200,1.189196947030723,7.407069445587695,176
94eb9756-363d-4c99-a223-0eb68716a526,e232fd4f-1b09-4f75-9370-41eb0f33f527,7946202.883078523,7946204.071215925,7946211.4799492415,2794,200,1.1881374018266797,7.40873331669718,0
ebad7443-eb99-4731-9c96-71414c4b5cb1,fbbaa9a9-4e43-483f-830b-0626de58b4c4,7946202.883075107,7946204.665416662,7946211.504208841,2971,200,1.782341554760933,6.838792179711163,288
ba4963cd-5a79-4d23-b258-5c47ad349bf2,bef9b82d-0036-4384-9900-05007475b8fa,7946202.883053918,7946204.673113114,7946211.510283363,763,200,1.790059195831418,6.83717024885118,160
f74b59c4-302e-4307-b9db-84348b48d9dd,6bef9240-78a1-482c-96d2-a89c97ba970c,7946202.883057243,7946204.673226406,7946211.511115146,2595,200,1.7901691626757383,6.837888740003109,16
24e494b8-3659-41bd-83cb-a6905422161a,9b14e473-99ef-46f4-a075-81919dd0446c,7946202.883067397,7946205.278029494,7946211.527907731,2364,200,2.3949620965868235,6.24987823702395,224
5e53579c-760e-4f1c-a252-de994a19b7bd,b65fe60e-4835-4a42-9562-b7704e085306,7946202.883050173,7946205.282587186,7946211.534397849,4260,200,2.3995370138436556,6.251810662448406,176
3272146f-0b1c-498e-9c25-b89761786e36,231beffe-da58-4516-af27-1182589624ee,7946202.883060795,7946205.281043992,7946211.532592174,5477,200,2.3979831971228123,6.251548181287944,192
7005a103-ab14-4a74-b0b1-672f331ff734,21b9c278-5fd1-4a6c-80f1-483ff6605dad,7946202.883085366,7946205.891904576,7946211.545081056,2362,200,3.0088192094117403,5.653176479972899,224
da24a5b6-4014-4271-9889-1f7a6793efab,ceb63c9d-93ca-445d-9e1d-fe8b5b88d14c,7946202.883082155,7946205.892815445,7946211.5464094635,5858,200,3.0097332894802094,5.653594018891454,224
e1c3c5e0-dc33-435f-bab2-3987fec3ec9a,5e4b17dd-139b-49d4-a241-2a2bae8d295a,7946202.883063903,7946205.950697328,7946211.56833362,1628,200,3.067633424885571,5.617636292241514,176
3ac5cbf4-d1f5-4302-8d41-a2a7b63ac62a,d1aebabe-6add-434e-8599-d63b95b83ad3,7946201.883746492,7946202.66213227,7946211.647315791,2339,200,0.7783857779577374,8.985183521173894,224
fd1246b0-ca66-4173-81fc-363fa25f7a8b,30f216f0-4832-49c5-916a-f648b0267209,7946201.883791718,7946202.98874634,7946211.923667034,4019,200,1.1049546226859093,8.9349206937477,176
ab548cef-4c42-4b3c-9e8d-9271192468f1,940160ec-0bfb-4ebc-ac97-abf254489499,7946201.883778557,7946202.992403873,7946211.927685235,6306,200,1.1086253160610795,8.935281361453235,192
4e9f9d71-f6ab-43d9-b25d-7a8d4fe5aef1,c0e3d991-e188-4f78-8b8e-5dd01a6f8850,7946203.883131525,7946205.052569322,7946212.562129659,2497,200,1.1694377977401018,7.509560336358845,256
27741e6d-657b-47f5-bdc9-df97cc645226,b7660a54-c8d6-4417-beda-becfd4ccc9ca,7946203.883141707,7946205.052146437,7946212.563060824,5932,200,1.169004729948938,7.510914387181401,288
ac711feb-c5ba-4e34-b833-b20f98f8f7cb,7d83a754-194c-4131-be9f-21b4f40d2af1,7946200.883394826,7946201.404165596,7946212.566912085,5746,200,0.5207707695662975,11.162746489048004,192
781eb215-7f9b-4b52-8369-d5f9f82a7ed0,d38bb58d-f195-4092-892e-2e293cc0ef73,7946204.883979758,7946205.495244778,7946212.807032758,1096,200,0.6112650195136666,7.311787980608642,192
db507690-7048-4d5c-b5dd-154bb44ee443,5e42de05-0341-4884-a574-6c349b3cf11b,7946203.883148993,7946204.637158926,7946213.036992408,5884,200,0.7540099322795868,8.399833482690156,192
9dfe19e9-a467-4436-8fb5-9149a8fa0dc5,afb63b1a-ee8d-4572-842f-11c17ca1ffae,7946203.88314522,7946204.637439853,7946213.0390606215,2082,200,0.7542946329340339,8.401620768941939,192
4ce79eca-b553-4218-b622-321c4bf8ac5d,20a3f730-0a4f-46a2-b2a5-1a67647b8fbe,7946204.883964091,7946205.58134865,7946213.577727759,5875,200,0.6973845595493913,7.996379109099507,192
5b851df2-4214-4983-99ef-6d8921f70fa1,26ca3259-a648-4a22-bf02-e9cb1e01d80f,7946204.883983332,7946206.221237913,7946213.604458765,3479,200,1.337254581041634,7.383220852352679,160
a708d8a3-7bb6-4be5-81b6-55347f5235e5,dd24355c-c6d1-461a-b504-e7f6f058e87e,7946201.883781449,7946202.37840217,7946214.008818468,4058,200,0.4946207208558917,11.630416298285127,224
49ee449c-d1f3-4cf5-b599-4991be984cba,a4871c4c-a224-4639-acd0-b1eb78535047,7946206.88304313,7946207.585329548,7946214.171093872,5754,200,0.7022864185273647,6.585764323361218,224
dddbc93c-0108-4e4e-9c27-3d8f6bc88a19,574fbb7a-4068-4b77-ba6a-764bb9aa87b9,7946204.883986444,7946206.170422127,7946214.661121269,2244,200,1.2864356823265553,8.490699142217636,176
aee6b556-332e-4a99-b415-94a0eaf312b7,dec5032f-5640-4adb-8120-132fbe0e8a7b,7946205.883768781,7946206.131165393,7946215.188286621,2403,200,0.24739661160856485,9.057121228426695,560
014f6f4b-7217-43af-a08f-6a63358c8bfc,03660c29-973b-47cf-a282-e5f41700788c,7946205.883780558,7946206.583213277,7946215.211594184,5995,200,0.6994327194988728,8.628380906768143,192
0d5b8753-ebcc-4e88-aa8f-f93f6c701e24,af106407-ea10-4304-a36e-a9f2fe57ec32,7946206.883068362,7946207.08737746,7946215.619517426,2715,200,0.20430909749120474,8.532139966264367,832
616b080a-01b0-467d-a99d-88cd710af15a,11125870-5b26-45ea-8fba-47c68888a24c,7946205.883784022,7946206.1766743995,7946216.101768943,2596,200,0.29289037734270096,9.925094543024898,160
6a4390a7-ac94-4ad1-97a8-d0524c781344,50844e5e-9277-49cc-b561-36669f0ad23e,7946207.883836261,7946208.664135688,7946216.527751885,3324,200,0.7802994269877672,7.863616197369993,192
7a8a06c9-2c45-4487-9177-0c0dfb92a8ee,1bc73e7d-6b0e-4755-ade4-f801a54d64d7,7946207.883813939,7946208.666289956,7946216.5305045545,836,200,0.7824760172516108,7.864214598201215,176
e154e8da-0f18-40ab-8698-10545f566ea4,aeb913ad-d459-4fbd-906a-cf6ac2bb3fd1,7946207.883827936,7946209.206322404,7946216.553952239,5661,200,1.3224944677203894,7.347629835829139,224
fc1f4c59-bdf6-474a-8ea0-2a5a3db71f31,be47ec66-79ab-4aa4-bbaf-d9fef785d9a0,7946207.883839997,7946208.039871427,7946217.256047949,872,200,0.15603142976760864,9.216176521964371,160
7f40c9da-34a1-429e-b373-6a2199130448,8209e59b-35d3-4538-b69b-78c95831187d,7946207.883832149,7946208.5262565045,7946217.281709115,6497,200,0.6424243552610278,8.755452610552311,192
c60d1512-1aa8-4040-a5a2-11757cfa2077,a941116a-c518-4f7b-bc3c-311e10bec57b,7946208.883709953,7946209.147735477,7946217.892288273,839,200,0.2640255242586136,8.744552795775235,176
1185cbf1-3e82-4cb1-a0b9-36d59df3ee34,1a988c14-d0aa-42e6-93b1-f46a41f68179,7946208.883728645,7946209.742638301,7946217.911524119,5903,200,0.8589096562936902,8.168885817751288,160
606db7c9-ae60-4c7c-bb1f-9e033f52809d,127f378e-d0dc-464e-a79a-fa7013197aab,7946208.883684372,7946209.788919187,7946218.361783756,5386,200,0.9052348155528307,8.572864568792284,176
6851d58b-d104-4ec0-b9ae-6c060d53c315,e214ec5e-819d-494d-96be-4f44b7317ecc,7946208.88369264,7946210.364775352,7946218.384283479,2640,200,1.4810827123001218,8.019508127123117,2624
21e8ec97-d1fb-4e3b-b020-052370f07a32,a0581530-c894-4f12-a948-e8caaa8163fe,7946208.883688971,7946210.366400978,7946218.386289264,5875,200,1.4827120061963797,8.019888286478817,224
e98d1376-e793-4fd7-822c-55dd486ca3c1,c56b9229-6877-464d-915f-96351da897ef,7946208.883732445,7946210.360252147,7946218.380522924,4707,200,1.4765197020024061,8.020270776934922,224
c883d45e-bed0-4303-aa35-0f5781ecb6cf,a97b3419-50d1-4d99-ba18-6269343a8188,7946207.883843343,7946208.2585985605,7946218.542105496,3587,200,0.3747552176937461,10.283506935462356,160
87d53f27-8d38-478c-a116-1d90103d6a71,685903a0-52de-4b0b-84fa-de2407e87d00,7946209.883578761,7946210.1663938165,7946218.623289714,1308,200,0.2828150559216738,8.45689589716494,192
4303ca99-9703-475e-a5c5-92981d0edee0,8ecf5eb7-d68c-4a1a-9734-eaf9544cf0f8,7946210.883041849,7946211.379919286,7946218.790067038,5860,200,0.4968774365261197,7.410147751681507,1200
a8f02e13-7c5d-4eed-b803-87be21c90558,cda35d87-8607-4ef3-a3a2-df474f3cb394,7946207.883846722,7946208.406532044,7946218.926874916,5931,200,0.5226853219792247,10.520342872478068,160
70576341-a07b-46f1-8498-ce6fd3ee2de2,461b8a8a-fc1a-4527-a296-04cb42ef41e8,7946208.883724828,7946209.769305835,7946218.961997039,3226,200,0.885581006295979,9.1926912041381,224
2a060ade-e69f-4296-80d7-046b2d1ee0dd,b25956a5-e9c7-45bc-bd5b-3553a68b6dc1,7946208.883717282,7946209.770859088,7946218.964364616,1811,200,0.8871418060734868,9.193505528382957,160
20360d25-5082-4e93-acfc-f66d90a0be51,f4aff892-842b-4e98-af4c-cfd1deacf96e,7946208.883705705,7946209.773537871,7946218.967520318,2210,200,0.8898321660235524,9.193982446566224,288
b9803cb0-98d4-486b-9a50-4973c190cc3a,e0cfc694-73d4-4603-9a29-1bdf768266fa,7946209.883591915,7946210.788564821,7946218.974246524,1639,200,0.9049729062244296,8.18568170350045,160
11e5ca54-9abc-4d48-8f2c-830284054b28,6fb86cb0-b646-4ecd-8730-d6ed365d30a3,7946205.883753714,7946207.633734015,7946219.170395962,5843,200,1.7499803006649017,11.536661947146058,176
70633939-c731-4bad-ae41-f888f1cfe00a,aa942eaa-fb40-4ee4-a6e1-593548ba0dbd,7946205.883774418,7946208.27115538,7946219.195220246,5836,200,2.387380961328745,10.924064866267145,192
7a5939a5-01cd-468f-8ba4-ab6af4859361,ea5b5549-801e-4348-bdb2-525722742c4b,7946205.883771726,7946208.92818229,7946219.220057643,5226,200,3.044410564005375,10.291875353083014,160
032c90f2-27eb-48b2-a439-b0ff9318d639,e97e37df-ee9b-4b5d-a717-f7c02b09bc14,7946205.883764939,7946208.929624036,7946219.222524719,3798,200,3.045859096571803,10.292900683358312,224
da63dbf4-4ab1-4560-a188-b6da7412824d,724170c2-3955-4cb1-b828-7f949b9d7ed4,7946205.883777662,7946209.305193526,7946219.241963007,6434,200,3.42141586355865,9.93676948081702,160
9c329e5d-dabc-4f74-9aff-8d0101df382b,3d3d0540-f4de-4214-9bb1-6b9e805f2954,7946209.883605186,7946210.102350511,7946219.5720203975,6026,200,0.21874532476067543,9.469669886864722,6016
08b177df-a81c-433f-9132-aba29929168c,d0030985-3721-47a2-be3f-a716ff7779ef,7946210.883052626,7946211.003550512,7946219.581764347,3458,200,0.12049788609147072,8.578213835135102,3312
d9b80dde-257c-4314-a1a2-0a4f605b5878,982c25fe-e1d7-4334-a0d5-49530ec9569d,7946208.883713476,7946210.0364344455,7946219.654730166,2083,200,1.152720969170332,9.618295720778406,176
ec02f167-2ece-4346-89bd-1e5f4ad1539a,9b9edbc7-220b-4ac4-815e-b9209e973b09,7946208.883669718,7946210.041276169,7946219.66131991,4168,200,1.1576064508408308,9.620043740607798,192
3bd603cc-ad09-4134-9af7-71c29948d73c,cfba0479-b5d0-449b-bc96-f06bacbea9a8,7946208.88372094,7946210.090363893,7946219.680035484,2868,200,1.206642952747643,9.589671591296792,288
05d9546d-4b1c-4fc4-8ceb-3f3739162c6b,9539df23-6b98-4019-8768-95ac112d999f,7946209.883595429,7946210.101826366,7946219.706473848,408,200,0.2182309366762638,9.604647481814027,192
249cce71-757d-4fb4-acaf-3348e36e8dd3,89dcafbe-2a9d-4cc0-9491-fefdefeb9324,7946210.883048313,7946212.278489925,7946219.88966877,1282,200,1.3954416122287512,7.61117884516716,176
bc1d7074-0214-4802-9b3d-22e71e3ac2bd,320cf5f0-a5c1-49b5-91a9-a20c3778432b,7946210.883018272,7946211.645525616,7946220.104349038,5612,200,0.7625073436647654,8.45882342197001,160
689ddc19-7acc-4956-892a-39e9421600a9,e5488a62-a6e0-4b98-a167-55ef476697ef,7946210.883060685,7946211.048228554,7946220.514826342,1166,200,0.1651678690686822,9.46659778803587,192
aea7f2df-6af6-4a04-b35f-141e31a11fa4,5efef79a-109b-4a9d-bb65-6cd95942cd81,7946209.883598299,7946210.515822467,7946220.639617868,5922,200,0.6322241686284542,10.123795400373638,192
5e32b012-7974-4ee8-8431-a0c14efdc7b8,de528272-6a53-45f6-8d5a-5a4c5661786f,7946212.883641651,7946213.04280692,7946220.662044706,654,200,0.1591652687638998,7.619237786158919,176
1800ab91-2738-4dbc-bcfc-00274bc23a73,c1b75d15-4b27-406d-967a-f255a4effcdf,7946209.88360146,7946210.9809977785,7946220.667279439,5844,200,1.0973963188007474,9.686281660571694,176
b0ba69e8-fecf-4562-b84b-649f258e21c7,cfcf6a51-050f-473a-a1ec-66f62d2f15ad,7946210.882966522,7946211.398853874,7946220.714964717,5712,200,0.515887351706624,9.316110842861235,480
cb75d1f9-449c-462c-9b07-f590f461e98e,bbcf2ca1-a472-4c7f-9404-4430eb3e7e19,7946211.88387476,7946213.5949553475,7946221.163308479,1197,200,1.7110805874690413,7.56835313141346,160
6bce5918-b814-4831-a9f1-51ed99db42b3,53775c11-23d0-4c0f-9a63-56b35a9ba870,7946211.8838956,7946213.590099936,7946221.160869303,5764,200,1.7062043361365795,7.570769366808236,176
3fde5fec-52a5-4702-887a-6ab1a6d11f40,060f2ac7-a6fe-475c-862b-44d01526e2fe,7946211.883864118,7946213.596342827,7946221.166475063,2655,200,1.7124787094071507,7.570132235996425,160
0edf0028-1025-420d-a4d0-df9d27896ad9,8aa6063f-9cd1-4748-bc9a-78c44fd7370a,7946211.883882834,7946214.209036586,7946221.182869182,1614,200,2.325153752230108,6.973832596093416,288
a2112d16-0127-45a9-95a4-27c6f2cf7575,dc042378-78ad-458d-b1a6-44be64014146,7946211.883889858,7946214.20812438,7946221.182597621,887,200,2.324234521947801,6.974473241716623,160
f0e953ae-795e-48d4-9971-d7297be9bc45,e252c7b2-268a-46f8-9aef-034d91473c0c,7946211.883892724,7946214.207784194,7946221.183926802,5995,200,2.3238914692774415,6.976142608560622,160
4c4c6dbc-861a-4743-a197-166cb5eb0271,27e00e2e-21f7-46b8-8008-d0a46fedbeee,7946211.883885902,7946214.816559602,7946221.203144587,692,200,2.932673699222505,6.3865849850699306,608
31fb4bb5-f50f-4a05-98fa-67f5bd714e9c,9711cf50-ddc8-4966-85ef-b4c71ee210d4,7946211.883879591,7946214.817715943,7946221.205529886,5871,200,2.9338363520801067,6.387813943438232,192
219c40f1-c454-4607-8dfd-807194f79070,fbbaa9a9-4e43-483f-830b-0626de58b4c4,7946212.883633874,7946215.418705034,7946221.224615606,2969,200,2.5350711597129703,5.805910571478307,576
ec74fd39-7033-40a7-b28c-6fb68a856f92,a2d50e13-b70d-4fc7-ae7b-c9da9cadaf6a,7946212.883629301,7946215.419586966,7946221.22604071,5671,200,2.53595766518265,5.8064537439495325,224
f1233d55-0555-4dbe-8c70-a5f2d41b28c1,034fada1-6ff3-494e-9df1-8d72fa54e215,7946213.883499659,7946215.550334625,7946221.241927148,2668,200,1.6668349662795663,5.691592522896826,160
91e8694d-9e15-4f08-9542-c5c80e137fc0,8c43f4f9-7235-42cc-8288-4dc1f62734a9,7946210.883056572,7946212.410449891,7946221.365126154,5831,200,1.527393319644034,8.954676263034344,160
f35b9a78-738c-4260-9eae-71e17fc4bd7d,714217a1-bbce-48d4-9455-460f544a1b5b,7946213.883490409,7946214.0869108485,7946222.471023559,1947,200,0.20342043973505497,8.384112710133195,224
522e972c-1c96-4d08-8b2b-f9f3f4374277,57ff1918-00a6-4f1f-abf1-71b1dec34e08,7946213.883504831,7946214.084030763,7946222.469625405,2030,200,0.2005259320139885,8.385594641789794,2016
77b454e6-fbef-4d72-801a-ca291ccd95b9,8f981136-8343-4ee0-8adb-07bae5162d5b,7946212.883572812,7946214.640149046,7946222.504697999,5949,200,1.7565762335434556,7.8645489532500505,192
81253ba5-d733-4f6a-9219-a875481c40fc,4681109f-b6ac-4c2e-b51b-95fbb0ccf6fc,7946213.883496246,7946214.947817852,7946222.523376578,4821,200,1.064321605488658,7.575558726675808,224
b1dbd668-7a89-487a-bca9-b2a471316d13,e4e8f086-4b5a-4d8b-b272-2700f2ab0698,7946212.883638285,7946213.637724579,7946222.6738289455,5835,200,0.7540862942114472,9.036104366183281,224
f4143280-ab95-40f5-9398-166a94b9d452,bc829e6b-bf7d-471a-b1e0-497440ccbb5a,7946213.883486478,7946215.562469144,7946223.15726237,5808,200,1.6789826666936278,7.594793225638568,176
6f6ec5f9-b147-4a10-9101-0f9994bfaff6,993f48a3-6585-47a7-a1f8-bce99e9c742b,7946212.883613484,7946213.748570598,7946223.198277568,2337,200,0.864957113750279,9.449706970714033,320
4f34ab56-6b8b-4eda-9164-0e341a851880,a5a74f4e-963f-4aa1-b844-df4512abb1bf,7946213.883502062,7946214.2507306915,7946223.235669669,3839,200,0.36722862906754017,8.98493897728622,192
c76840bd-25fb-46bc-9930-390a49995719,5761bb36-4436-4d2d-b483-82492b5b7782,7946214.883558564,7946215.259078973,7946223.911458971,2087,200,0.3755204090848565,8.652379998005927,192
641ade55-166e-427b-b64b-c4d90f1276e6,e43607a6-bee1-4fdf-a0b4-8ea2245eecf1,7946216.883664996,7946216.964857108,7946224.546461131,1129,200,0.08119211159646511,7.581604023464024,1120
24560d92-f5df-46e0-a419-a014f2528261,c5b6340f-a7a6-40e3-9148-75cf6174e464,7946215.883784584,7946215.996873792,7946224.739749417,707,200,0.11308920849114656,8.742875624448061,176
62166960-775d-4304-a6a4-4011a1ea2881,7d9a3919-67da-44b2-b824-fb9926b6da15,7946215.883767299,7946216.250140214,7946224.844342319,4188,200,0.3663729149848223,8.594202104955912,224
25691376-5686-4992-98cf-2586a80ea4f6,28923570-dc4f-40ce-95e1-9bd4d262af79,7946213.883471123,7946214.77543175,7946224.955408711,5932,200,0.891960627399385,10.179976960644126,192
7ccf37d4-be17-4283-8002-826365f71266,6bfbba00-7f3d-4e1e-b71c-0a1bcc62392c,7946213.883493076,7946215.420214455,7946224.982108314,5805,200,1.5367213785648346,9.56189385894686,160
af2b4f8e-32ef-4bcb-9b2a-5fba8e7cbca1,48b46b38-6965-4b53-934f-2c90104b6a67,7946216.883654929,7946217.548502239,7946225.300431939,6080,200,0.6648473106324673,7.751929699443281,160
3ba992e9-5c2e-4617-9c34-aff3878106b1,55e477b8-0dcf-4b42-89d3-65961d992b09,7946216.88366172,7946217.954469779,7946225.324292862,2708,200,1.070808058604598,7.369823083281517,160
152ddf33-f3f4-44ed-9ea4-fbed9f347938,06b96d78-d574-4242-88bf-812e4fb33e49,7946216.88364535,7946217.392817144,7946225.74181164,1215,200,0.5091717941686511,8.348994495347142,192
177addf3-d5e0-4d59-88e4-0f18d7ff35c2,34a35d00-5687-4c8e-8304-472e9b1eded2,7946216.883658417,7946218.016128216,7946225.7631171625,4293,200,1.1324697993695736,7.746988946571946,432
14cac80b-50ae-4cf6-b9fb-1d269aed2ee4,c0dbd0bd-4010-4779-815e-795e06cc171a,7946217.883699942,7946218.448392185,7946225.786613256,4835,200,0.5646922430023551,7.338221070356667,192
cbea5127-1b7e-4932-bec0-3bdafaefe0c9,960d53c2-dc81-4753-bf81-c4f25c1aef1b,7946215.883778359,7946216.941724358,7946226.841356607,5946,200,1.0579459993168712,9.89963224902749,160
314c66aa-5b1c-4181-a79a-3c57506b173f,36c06fe6-5b24-4d05-aa49-6e7c64045ab9,7946215.883781777,7946217.165465367,7946226.863242637,3241,200,1.2816835902631283,9.69777727033943,176
d9e2f993-b8b3-40d6-a12e-5462565f6f14,50a6fd55-dd24-4441-9105-8785b6a488a7,7946217.88369424,7946218.621109832,7946226.984116494,1588,200,0.7374155921861529,8.363006661646068,224
3d069f98-381a-43f6-889c-b7d0cc891e71,39f0db0a-82e8-429d-aa53-89c2802d7dac,7946217.883674977,7946218.622915205,7946226.986529897,820,200,0.7392402272671461,8.363614692352712,224
6b4df505-db0f-42ba-9acf-7bf77ba6500d,b7795841-e87f-48a1-b8b8-68640b01c350,7946217.883689736,7946218.223554096,7946226.989509751,3490,200,0.33986436016857624,8.765955654904246,160
b6e61a1d-c423-41fe-8818-c9adf8302f52,170e19f4-aa66-45f7-9f4d-83d88f291e9c,7946218.88310889,7946219.285597955,7946228.15956858,4074,200,0.4024890651926398,8.873970624990761,160
cff85386-6775-4a91-87dd-1f4726fa4b97,085ced3c-c3cf-4b60-bf50-665ed52a072d,7946219.883752348,7946220.666874511,7946228.814476318,875,200,0.7831221632659435,8.147601806558669,288
0b888e8c-b41e-46ba-9aad-ee9035a450c1,88e4bd73-dff8-4ef1-a2ff-0f0f1c369eb3,7946219.883760462,7946221.282325979,7946228.838751902,3037,200,1.3985655177384615,7.556425922550261,176
09f22e73-0692-4ea0-aacc-abafd4060007,af106407-ea10-4304-a36e-a9f2fe57ec32,7946219.883763702,7946221.2819249155,7946228.83860078,2708,200,1.3981612138450146,7.556675864383578,288
95045dba-c603-4062-b6f0-7d2c9cf1112b,76c6a94a-5b1b-4124-a8c1-7b783e5beb5f,7946219.883780587,7946221.9196513565,7946228.856826443,5754,200,2.035870769061148,6.937175086699426,176
42b17a9b-a5d4-432f-bf70-a3d233e34b99,36072142-1340-4cca-b3ba-83f8c8f4afb5,7946220.883306153,7946222.395077232,7946228.888911289,5991,200,1.5117710791528225,6.493834056891501,176
9841968a-e1b9-401b-a199-da953175d7c3,5e4b17dd-139b-49d4-a241-2a2bae8d295a,7946219.883771527,7946220.093226954,7946228.928861944,1802,200,0.2094554277136922,8.835634989663959,1584
748cc284-4112-4ee5-b230-2c8045a94cd9,b0d890a5-dc11-452e-9cd3-7dba2c64d275,7946219.883774647,7946220.309677688,7946229.561979333,3744,200,0.4259030418470502,9.252301644533873,192
5e1cde99-053b-4e97-993c-b30a1cb70db0,f4aff892-842b-4e98-af4c-cfd1deacf96e,7946220.883291561,7946221.33255669,7946229.614489387,2208,200,0.4492651289328933,8.281932696700096,416
fc7c032f-c05e-42b6-909a-c6b668bc412a,6769e696-2581-4f98-b1bd-a92e8911c925,7946218.88309465,7946219.5828536,7946229.638597188,5969,200,0.6997589506208897,10.055743587203324,480
79f57635-6aab-40c9-9fd5-fbdf44352d75,1628d450-3fc3-4b73-9923-fce01e9f48ee,7946218.883104869,7946219.996700524,7946229.66019517,3489,200,1.1135956551879644,9.663494645617902,192
1645e11d-8939-4a3f-abf9-8150eea04215,5c06298c-86e7-48f5-99ec-f360b1699941,7946218.883075922,7946220.480218309,7946229.699287033,4034,200,1.5971423871815205,9.219068723730743,224
75a33d0d-3724-4de9-b981-8d7a81c9f493,b3f909ce-018e-4430-b0f6-b0dfbcd17eb4,7946218.883087568,7946221.109863819,7946229.721024813,5553,200,2.2267762506380677,8.611160994507372,176
bcb772e0-44ea-43e7-ae55-8b3e20fab1a2,41ebc82e-eb6d-418f-b73e-022fa300e998,7946218.883091492,7946221.731251515,7946229.742213868,5839,200,2.8481600238010287,8.010962352156639,160
4e14b11e-28f5-4e75-9446-7b790c15813a,e8a795ee-9f90-4976-894b-7318b1215e72,7946218.883097652,7946222.370013883,7946229.762733576,5718,200,3.4869162309914827,7.3927196925506,160
a3ae8e41-bd86-49b3-b551-f053f7baebda,04c151c1-ee98-4835-b8ba-1681eccdd922,7946218.883100941,7946222.39796314,7946229.785461838,6512,200,3.5148621993139386,7.387498698197305,192
f8a517ba-fda5-42c0-8dea-370dbe5690ba,8201882b-3c83-4a5b-b140-7a5572375d5a,7946219.883737972,7946221.41519207,7946229.9025601465,3999,200,1.5314540984109044,8.487368076108396,160
7af50ca0-9899-40c4-a4e8-f34221b36ff6,c51f405c-538f-46db-a0c4-5f1665cc8bbd,7946219.883777481,7946221.409054115,7946229.897429172,1135,200,1.5252766348421574,8.488375056535006,160
5ea9d024-2f18-4d27-a6de-72cdb424ad02,d2e35e05-d494-455b-8b64-3602cd992e55,7946219.88375686,7946222.05285627,7946229.936817971,376,200,2.1690994100645185,7.883961700834334,176
f227ca38-9805-48d7-a8fa-20dc4b1139c5,2df7a811-23ae-45a7-8f94-32c9fac9f9be,7946219.883767225,7946222.051910519,7946229.936194527,5527,200,2.1681432938203216,7.884284008294344,192
fbd973f2-443e-4d29-a540-d36b9d07c7ff,4890f004-8473-4e87-ad72-f47223ed1312,7946220.883268646,7946222.0436222255,7946231.07262662,3529,200,1.160353579558432,9.029004394076765,192
189328e3-cb33-44d5-ad1f-45ece04ea551,1d7c5bcf-74ff-44f5-a7c0-50054157f41a,7946220.883301828,7946222.58043997,7946231.096043956,5964,200,1.6971381418406963,8.515603985637426,176
25815848-7322-42fa-a7d9-485755b76cf7,05df5986-4b14-436d-8a7a-c4b26a4be8f5,7946220.883222616,7946222.583755185,7946231.099744418,3359,200,1.7005325686186552,8.515989232808352,176
6c44aecd-1bc2-4394-8fa5-fd38ceb832db,d200f713-d4e3-48fd-85a8-eb68048a1bd1,7946220.883297253,7946221.381236845,7946231.20029848,5828,200,0.49793959129601717,9.819061635062099,176
879cae86-9a27-4328-8364-9964d8c9ac40,c13d9418-24a3-4ed3-8a2f-34e200890302,7946221.883890577,7946223.280971493,7946231.239272282,934,200,1.397080915980041,7.958300789818168,224
477912d2-46e3-4a5a-ba0d-0f3978b4d39b,1b1e4f29-258e-4294-b6b5-79b12ac8f92a,7946221.883902866,7946223.880118062,7946231.261536347,2194,200,1.9962151953950524,7.381418284960091,192
6ccd5f5d-bbfe-4be8-ab05-0e2c052e649b,f9cf1ffd-3dce-465f-a144-2780cfb6b48c,7946221.883906736,7946223.879719817,7946231.2617730545,4289,200,1.9958130810409784,7.3820532374084,224
d86efa79-6bc1-48bb-830b-ce4042c1d979,e74245db-a56d-47ca-9c2a-8e63314d403e,7946221.88389968,7946225.10532278,7946231.305480317,2778,200,3.2214230997487903,6.200157537125051,160
6791cd1b-0c71-40a3-96f3-0d7b80f38fad,bd8eeb28-8ddb-4e89-a649-ed73109fdad4,7946222.883893227,7946225.722611044,7946231.322403494,5763,200,2.8387178163975477,5.599792450666428,160
1e9914c8-55be-4a7d-9be9-74b5aadb6747,11125870-5b26-45ea-8fba-47c68888a24c,7946222.883885583,7946223.002848173,7946231.994874026,2584,200,0.1189625896513462,8.992025853134692,2576
6cae2fb7-2995-4986-a69c-e511eab2e577,b1d48415-2679-4cdf-930c-839699995501,7946222.883882059,7946223.057333796,7946232.008352745,2844,200,0.17345173750072718,8.95101894903928,2576
5a41c9a2-f739-471a-b3a9-688495f5347f,20a3f959-78cc-46c6-8962-31e21ecd5c4e,7946222.883865594,7946223.756267078,7946232.515041326,1517,200,0.8724014842882752,8.758774247951806,192
5d7dcfff-339a-41ef-ac4d-99810b860940,d0030985-3721-47a2-be3f-a716ff7779ef,7946222.883896504,7946224.365665566,7946232.533944115,3631,200,1.4817690625786781,8.16827854886651,3440
a68c011d-a1c7-4384-b488-07c5f9cebb73,113c9921-afda-4fc9-98dd-836eefa608b3,7946222.883889169,7946224.368396266,7946232.537754152,3115,200,1.4845070969313383,8.169357885606587,176
2a6209c4-45d5-4271-86bc-24d150f2e939,6aa47392-d059-41e1-b0df-daff049d420c,7946223.883232054,7946224.403485319,7946233.389513946,6073,200,0.5202532643452287,8.986028627492487,176
561bc5c9-5211-4c36-bfb5-0c7b0fdc1342,f93cf9d2-38b2-470c-ab49-c0cef71be9fc,7946223.883305593,7946224.865372601,7946233.41496013,4903,200,0.9820670075714588,8.549587529152632,176
3e7d7e18-f0c8-4d02-9538-1b385806d839,21dbf6ef-22d2-46e3-ac48-9cb8657506d9,7946224.883046214,7946225.211519473,7946233.55152393,3039,200,0.3284732596948743,8.34000445716083,192
0bf60442-fdec-4ca3-87ca-01d7746a06fd,6438b31e-b086-495f-8c72-0c6603de3583,7946224.883068407,7946225.29556941,7946233.569979256,460,200,0.41250100266188383,8.274409846402705,192
a6141e7c-be5d-4823-92fc-4fa4116bab23,1944b4a9-25a6-481b-a8a6-9b9e9f4d0c67,7946222.883878199,7946223.703583774,7946233.649396679,5909,200,0.819705574773252,9.945812905207276,224
06f98ac0-d4ff-40ac-b953-6da14104b835,46db840a-ebfe-444d-ac32-5a034a324426,7946224.88302962,7946226.302062306,7946234.734864347,5772,200,1.4190326854586601,8.432802041061223,192
b366d781-06a6-442e-8e3d-1068215e652a,210df3c6-51ac-493b-bbda-636788eacdb7,7946224.883053065,7946226.2995594945,7946234.732840524,2863,200,1.4165064292028546,8.433281029574573,224
9c907c13-88d6-46e1-94ef-2a3b2944ec70,2d1467d2-a312-48c3-9684-57b9e2890fec,7946223.883279301,7946225.097928556,7946234.825028463,2097,200,1.2146492544561625,9.727099907584488,224
73f187ad-039c-447a-b967-3330fb71f575,25764557-8d50-4bc3-8d58-ccb7ee44ac5a,7946223.883310871,7946225.102921037,7946234.824574193,2192,200,1.2196101658046246,9.721653155982494,224
ef6a3dc2-a4ea-42e6-b974-95040dcff1b7,42303959-8373-4fb5-b881-e39d2351d467,7946224.883041583,7946225.712511968,7946234.849034283,3017,200,0.8294703848659992,9.136522315442562,192
46700395-bf03-4b84-9fb9-d8e362fabb2c,f5eff546-183e-4cec-8960-21f5d535335a,7946224.883056836,7946226.338160998,7946234.870470158,5992,200,1.4551041619852185,8.532309159636497,176
8f631173-6549-4775-91c4-a42488e97fab,d83a09fe-8706-41f6-9b86-8130d5bfad9b,7946224.883049899,7946225.824925093,7946235.00453618,6510,200,0.9418751941993833,9.179611086845398,224
91124897-e3eb-4bb0-b06e-3e569c436987,ec035cd5-4099-445f-80a6-d885e8148b75,7946224.8830608,7946225.980923542,7946235.027245364,2629,200,1.0978627419099212,9.046321822330356,288
ad00cfd5-c688-469f-9452-1ab6c5fc01d5,57ff1918-00a6-4f1f-abf1-71b1dec34e08,7946224.883064743,7946225.00130541,7946235.121110498,2082,200,0.11824066657572985,10.11980508826673,2016
33a3bcf3-a0f3-49a5-a6ac-6cfbe7936108,983cb979-5e2f-4649-bfa0-1fb1c92b9954,7946225.88367346,7946226.390436856,7946236.768687495,5882,200,0.5067633958533406,10.378250638954341,176
e86dc873-b982-4725-84f1-f10efc2d041a,fba72a56-cd36-4731-8af1-a04f79c5aabf,7946226.883396063,7946227.130133006,7946236.820895727,2384,200,0.24673694279044867,9.690762721002102,720
35f8a9e9-1a51-4419-a4fa-96b9a15d966d,0bf31ffa-4595-4d11-950e-5ea31165867e,7946225.883708805,7946226.852830517,7946237.42875433,5631,200,0.9691217122599483,10.575923812575638,192
46812ff4-04ad-410c-ba3c-76766346290c,afe6f909-f768-4fd6-b7ba-ab195b5c9b8e,7946227.883291272,7946228.162069313,7946237.502983314,2506,200,0.27877804078161716,9.340914000757039,192
4245af60-631b-4f39-ada8-ad344f6e0c9d,a63362d9-272f-48f7-9f11-fab613927024,7946227.883230366,7946228.2078291485,7946237.80850815,1111,200,0.32459878269582987,9.600679001770914,176
3b27c756-64e7-46e1-bee9-4dfd62e9190c,d3954709-3e90-4162-b807-366fedb25f30,7946227.883295181,7946228.203401046,7946237.805019243,2480,200,0.32010586466640234,9.601618196815252,288
dd596850-3cb9-40c3-b649-9c4fa03b97d2,77c5fe55-dea3-47e3-9fa4-17d19b193453,7946227.883262175,7946228.6396253565,7946237.833158064,5948,200,0.7563631813973188,9.193532707169652,176
5f850262-6a53-4a14-a37a-19b31984bd7e,90dca292-00d5-4d7c-b7ca-be3920741df0,7946227.883180246,7946229.291255275,7946237.879396814,5838,200,1.4080750290304422,8.588141539134085,176
9b256b5c-de49-47d2-808b-d2ee5e8926d0,34f5ddf7-c486-4989-9f91-cd88f232dd90,7946227.883267958,7946229.288331126,7946237.877444109,1525,200,1.4050631681457162,8.589112983085215,176
b1a57d05-63c1-4d73-9813-702052fc07b3,fdb31cc6-26d5-438f-b807-c434b38142f1,7946227.883272255,7946229.933294227,7946237.913767277,5941,200,2.0500219725072384,7.980473049916327,192
439d3faa-69cc-446a-a21e-15d422a24b09,94392b0d-8f83-4e2b-80c5-1cb03c746275,7946226.883411088,7946228.181414995,7946238.01779342,3476,200,1.298003907315433,9.836378424428403,192
671330d6-f98f-4688-8d17-71bce6734643,b41865ca-d2ff-4e84-9d9e-aa057435693c,7946227.883255574,7946228.64074587,7946238.042117652,456,200,0.7574902959167957,9.40137178171426,176
81b71673-63d7-4eb8-a67d-4bd13c223b6c,c5eb325e-4501-406f-86a4-ccbdef7dd488,7946226.883415297,7946228.205755796,7946238.202503742,5748,200,1.3223404996097088,9.996747945435345,176
20260cad-9c35-4d60-94a8-ef5a74308afd,461b8a8a-fc1a-4527-a296-04cb42ef41e8,7946228.883959267,7946229.015075249,7946238.207249288,3226,200,0.13111598137766123,9.192174039781094,3216
5a103531-61ef-4393-a05e-f3870c3675f8,824ede68-58b2-43a5-8b67-3d484cac77f3,7946230.88359678,7946231.771213087,7946238.275292341,3451,103,0.8876163074746728,6.504079253412783,192
cecadd1f-6647-4db8-b9fb-718e9b5a019d,ed0ec45f-0834-450d-974e-6c8a7ef11d0e,7946227.883298889,7946228.058891617,7946238.938647457,1034,200,0.17559272795915604,10.87975584063679,160
ed3fa611-39dd-467f-9636-198a7673de85,fc03dbf1-0de7-4854-9fc3-dbbc06937d77,7946227.883286096,7946228.370608803,7946238.99337705,5882,200,0.48732270672917366,10.622768247500062,224
55fa805b-368f-46d3-9c96-16ecfc77515b,f20a741c-0fb3-4811-91f0-bee136177ca3,7946228.883968197,7946229.407313525,7946239.494718789,5651,200,0.5233453279361129,10.087405264377594,224
70947b84-809a-43b1-ab61-402d156cd657,825d2cf4-8a7f-4cbc-9887-605dcdf60536,7946229.883745089,7946230.362139594,7946240.113097945,4928,200,0.4783945046365261,9.750958351418376,224
04dba0f6-2e9c-463c-ae60-174ba9b5034f,623901f7-e6f9-48bd-828b-b5728990d3b2,7946229.883741074,7946230.173161991,7946240.429966699,2570,200,0.28942091669887304,10.256804708391428,192
4c428e00-f920-4f74-badc-15b8d8cba2c1,c8b7ff65-cf0d-44ff-991e-2b8fd4458b22,7946229.88374971,7946230.781682828,7946240.45271967,4790,200,0.89793311804533,9.671036841347814,176
66de4dad-f049-4c58-a0db-db6ddacfdd2e,7d83a754-194c-4131-be9f-21b4f40d2af1,7946230.883592681,7946232.393228754,7946240.525481355,5738,200,1.5096360733732581,8.132252600975335,192
5bf98791-9e7a-436a-ae2f-997739973b57,33112398-5129-4e1e-868e-09609c2b6bee,7946230.883602838,7946232.389318275,7946240.5222961735,2472,200,1.505715437233448,8.132977898232639,176
6851bf72-eb3d-412c-8465-17b7ede20377,f58c899f-fc92-4076-9696-2dba20d0a4e7,7946230.883581702,7946231.508477634,7946240.800362008,1456,200,0.6248959321528673,9.291884373873472,176
49f8baa7-d446-4441-865a-cf10862f0ae9,41705093-4c8c-4a90-99d2-ad3181aceb70,7946230.883570508,7946231.509866771,7946240.801902044,5701,200,0.6262962631881237,9.292035272344947,192
7e0434d3-bf45-499e-8bf9-7adf61bf77c4,95c2b3e8-bedd-4bae-b816-72ab196b5d6b,7946228.883950135,7946230.81153913,7946240.824849396,5857,200,1.9275889955461025,10.013310265727341,192
eeb0d7cf-6f8f-4882-954a-db1291a20639,5efef79a-109b-4a9d-bb65-6cd95942cd81,7946228.883971201,7946231.427027365,7946240.8468754785,5922,200,2.5430561639368534,9.419848113320768,192
17492614-db5c-482e-b6a4-942af882259d,4d91675e-bed6-4756-af92-49701ac0572f,7946228.88396482,7946232.06803174,7946240.872771377,5949,200,3.184066920541227,8.80473963636905,176
1ec7fd75-ed7f-4bfd-8f65-4344755f3490,2640c64b-b58e-4eac-8e19-d9e509af1f52,7946228.883962259,7946232.0690561095,7946240.8748896485,5597,200,3.185093850828707,8.805833538994193,224
c411eb44-186e-4665-a863-309879903c8d,231beffe-da58-4516-af27-1182589624ee,7946229.883729445,7946231.461040954,7946241.534649859,5646,200,1.5773115092888474,10.07360890507698,192
8145b60c-284c-4bc5-a680-90f48c276269,ebb1ca76-edc7-4fc1-baf1-d741d0a23195,7946229.883753544,7946231.45833578,7946241.532929612,5904,200,1.5745822358876467,10.074593832716346,176
34e2cb39-2560-48c5-b5aa-76f3a3b2cad1,977ac36b-bb7b-4aac-bf3e-938831af0d6d,7946229.883760044,7946232.7337232465,7946241.580095733,5765,200,2.8499632021412253,8.84637248609215,0
93401ba3-506d-40bc-91c5-b423d3335fe7,cebd319e-5a49-45d3-8581-90eea425cdba,7946230.883585804,7946233.360062757,7946241.605936663,1474,200,2.476476952433586,8.24587390664965,160
a5da3e2a-1abc-4aa7-82e4-04f71c135383,3bdbe03e-f2c9-476d-be78-5845bc3d6cf8,7946230.88360002,7946233.986926624,7946241.623187165,4687,200,3.103326603770256,7.636260541155934,192
be65bab9-f4dd-4fab-bf40-8770bdc37e1b,b4c5b65e-b0b2-4149-a9a2-a49a11473845,7946229.88375723,7946230.38271387,7946241.693310477,5751,200,0.49895664025098085,11.310596606694162,160
f1a440bb-c536-4dd8-9444-c031e93ef6e6,50a6fd55-dd24-4441-9105-8785b6a488a7,7946231.883519248,7946231.9929327285,7946241.801822595,1588,200,0.10941348038613796,9.808889866806567,1584
d57d0062-b2f8-4f15-a612-fc027042ce67,00960d8d-92b2-47dd-a410-ce898eaf23c2,7946232.883866886,7946234.034753816,7946241.895788973,5874,200,1.1508869305253029,7.861035156995058,176
890d81b6-babc-495d-8acd-86c309487108,35c9b5dc-29e8-498f-9ad8-87fe22f17021,7946232.883886714,7946234.033211826,7946241.8945740005,2035,200,1.149325112812221,7.861362174153328,176
b43ffa04-f5c5-41e6-b47a-89c68bb3187a,109911a5-9e24-4bdc-95c0-fd2a56571c91,7946232.883890847,7946235.004736475,7946241.960830186,6056,200,2.1208456279709935,6.956093710847199,176
1b6263ee-1bc9-4bd5-a0d3-9ede8bc75f46,240c36b4-8f22-4cfd-bfbb-90147dc774e6,7946232.883882976,7946233.386840098,7946242.127058944,5979,200,0.5029571214690804,8.74021884612739,176
0511493f-b87f-45bd-8da3-56b8ac881d06,cb5f3703-6da0-4120-9adb-188860ebbdd5,7946230.883589017,7946231.174563061,7946242.354104624,2144,200,0.29097404424101114,11.17954156268388,192
cb032b7e-472f-46c0-aa7b-9d8b733817e1,26f6e7fb-05d7-47ec-9c49-43b5ac7aed02,7946231.883506538,7946232.216308561,7946243.547776947,3381,200,0.3328020228073001,11.331468385644257,176
957d0445-8f76-4399-824a-bf59399ce1fc,c6a32dee-7f0c-4888-b588-98dc18b473fa,7946231.883502241,7946232.820789059,7946243.576395638,5859,200,0.9372868174687028,10.755606579594314,192
38d0d885-5443-44bc-8d93-afba31fd01ca,ad505044-0649-4c84-9a66-a33049893e40,7946231.883491964,7946233.45262049,7946243.6049531745,5616,200,1.5691285263746977,10.152332684025168,192
d99117bb-b248-4de0-9b5f-478485b38b04,0b745e6f-d44a-48f9-a807-a21f2458356f,7946231.883496012,7946234.073741549,7946243.630132252,6011,200,2.1902455370873213,9.55639070365578,160
17e2226d-d273-4164-a2a5-0909a89a54f5,6bef9240-78a1-482c-96d2-a89c97ba970c,7946231.883476274,7946234.670814042,7946243.657819374,2660,200,2.787337767891586,8.987005332484841,288
c4d52646-cdc8-4c77-9584-5bbf7be9e72d,07c6cfe5-ddc2-4943-8c6c-6cb93009af4e,7946231.883499298,7946235.295234316,7946243.686990884,5934,200,3.41173501778394,8.391756568104029,176
99df96f5-31a8-4de8-ae81-1e2395f7c3f5,d1a58fee-2699-4cde-8dec-5a26bda64889,7946231.883510692,7946235.919621134,7946243.699332494,2672,200,4.036110442131758,7.779711360111833,192
ce63623f-7115-4288-a32c-874353c1f673,53775c11-23d0-4c0f-9a63-56b35a9ba870,7946231.883515078,7946235.918664423,7946243.699925893,5782,200,4.035149345174432,7.781261470168829,640
15bed7f6-bcce-499a-9473-040b675013dc,861e29f7-4713-4676-b1bc-a4d3d62f4ef2,7946231.883522858,7946236.500574734,7946243.7195472745,2668,200,4.617051876150072,7.218972540460527,0
e399c969-706a-48f4-9da6-6c645ddd7f84,42b78ebd-17aa-4ddc-8442-4e4fb55a60c8,7946231.883525788,7946236.500139345,7946243.719206145,2669,200,4.616613557562232,7.219066799618304,160
63a70d55-07fb-41e3-9d44-baa1a1c72517,719dac01-1de7-4620-a520-52d4ffeb767c,7946232.883897713,7946233.01727662,7946243.728441131,832,200,0.1333789061754942,10.711164511740208,192
614ce2d5-e8a4-44c2-a5f6-90539626df00,1ba8fcf4-b3c2-4320-a37d-806f78c0ae0a,7946233.883803862,7946234.244249416,7946243.913197446,3827,200,0.36044555343687534,9.668948030099273,176
8c5f0799-5736-441a-bbfa-4be80c52e5bf,af58fe18-5abf-4a30-a78b-73561c06d4f2,7946233.883820363,7946234.424798555,7946243.939678725,2419,200,0.5409781914204359,9.514880170114338,288
b7bb7298-08c2-45e0-947d-5c9f2be425bd,282e0f6f-de8f-4a61-aab6-17114cdd3384,7946232.883894141,7946233.105736051,7946244.345966776,2091,200,0.2218419099226594,11.24023072514683,192
7cdea0c4-8823-4c5c-a4fd-864d04c49db0,75585882-0160-44b1-a849-b6ed5e3759c6,7946234.883015644,7946236.043675456,7946245.051313236,3380,200,1.1606598123908043,9.007637780159712,160
9c4b06b3-1833-47c8-a81e-f05fdfeaa467,3357a07f-5bdc-45f0-8791-aeac036a93b7,7946235.883506792,7946236.638718932,7946245.073718237,1564,200,0.7552121402695775,8.434999304823577,176
b4f97d73-e5f9-4b9d-9c17-f4f8fa5d191c,53331c8b-4eec-428f-89e8-96e8338db919,7946233.883816214,7946236.419055,7946245.150491891,5988,200,2.5352387856692076,8.73143689148128,160
6e2766d9-1cdb-4fc9-bd3b-e968116d2603,b4602778-3348-473e-a759-7f39965e7fe3,7946235.883503199,7946236.510204051,7946245.453279422,5785,200,0.6267008520662785,8.943075370974839,160
52510622-b984-43ac-939e-b7e6e5cf8ef5,bbea6a5c-8d47-4003-8b31-48aa9eb697ca,7946236.883184444,7946237.5592429675,7946245.56552451,6503,200,0.6760585233569145,8.00628154259175,192
681b38cc-6527-460d-8067-f7d6e321c9a4,a97b3419-50d1-4d99-ba18-6269343a8188,7946236.883188739,7946238.182334625,7946245.58781486,3587,200,1.2991458857432008,7.405480234883726,160
e3c33b73-7b26-4eb7-84cc-37f54dd49e28,5e4b17dd-139b-49d4-a241-2a2bae8d295a,7946236.883191922,7946238.181523225,7946245.587216402,1790,200,1.2983313035219908,7.405693177133799,176
2415c24a-41ae-4d3a-8719-bb9fdac6a6f3,0510668b-2e39-4521-abbf-68606b666ffd,7946236.883169964,7946238.184444342,7946245.58994922,2585,200,1.3012743778526783,7.4055048786103725,192
5a3e7268-3c8b-4d20-9e29-6d0466a345a7,d0030985-3721-47a2-be3f-a716ff7779ef,7946235.883509823,7946236.799990733,7946245.865196311,3619,200,0.9164809100329876,9.065205577760935,3616
48b6bd0c-2ab5-45ae-a64b-1a9317ff2a09,0de88066-b060-43c4-86e8-92b4ba42d652,7946236.883195753,7946236.98126228,7946246.006518149,550,200,0.09806652646511793,9.025255869142711,192
d48f93ff-adb9-4e27-b534-2e63849d7feb,e5488a62-a6e0-4b98-a167-55ef476697ef,7946234.883021154,7946235.5519727515,7946246.262655331,1322,200,0.6689515970647335,10.710682579316199,192
5ba6ad58-1e7c-4ca4-a1ac-3e6c4af5477f,09902512-78b5-4837-b654-59b7f20d3a39,7946235.883490273,7946237.400468713,7946246.337935194,5890,200,1.516978439874947,8.93746648170054,224
d58c4634-6571-48ec-bdcf-4ed34c0120ed,af106407-ea10-4304-a36e-a9f2fe57ec32,7946237.883035765,7946238.520834017,7946246.4022906665,2676,200,0.6377982515841722,7.88145664986223,832
61f57102-e482-429f-bcd7-1ddd1a38c53e,57ff1918-00a6-4f1f-abf1-71b1dec34e08,7946237.883043181,7946238.518574335,7946246.402784746,2070,200,0.6355311535298824,7.8842104114592075,2064
21e856d8-705a-4762-bbff-021739ecdf28,196b3ba3-fa8c-4255-8678-43251bc0da68,7946239.883741951,7946240.11730187,7946247.212853525,2029,200,0.23355991952121258,7.0955516546964645,160
5f8c66f4-86c8-4fe7-b09c-712ceed54500,d3326a24-2cfe-423c-b12e-a234f3b6df37,7946237.883029869,7946239.009055807,7946247.445210862,5879,200,1.1260259384289384,8.436155054718256,224
b020ba12-0caa-403a-8e59-3740c3b81add,4ac57aef-73b0-4d1e-900c-4a6b79a7c0bd,7946237.883040536,7946239.646202311,7946247.464989444,5147,200,1.763161774724722,7.818787133321166,224
5006ea4b-107a-416b-a554-e75d457f282d,5e42de05-0341-4884-a574-6c349b3cf11b,7946237.883038094,7946238.641908887,7946247.472188645,5908,200,0.7588707925751805,8.83027975820005,192
c7675b63-0df4-4c52-abc4-e41d20bb77e8,86bb770e-e896-4df8-98ac-b45dd9f48001,7946239.883780778,7946240.166821273,7946247.503087505,885,200,0.2830404946580529,7.33626623172313,160
f908ba90-5ca6-45b8-a221-d9bbc8c6faa0,41d7460a-e0a1-4300-9f40-37670c541e0c,7946239.883761271,7946240.035538641,7946248.179639489,869,200,0.1517773699015379,8.144100848585367,288
4283d554-7d52-4393-8101-01e98dfde242,8c2d8f7d-60fa-4adc-b7e0-562e4b1056d2,7946238.883597672,7946239.100579161,7946248.673441718,1777,200,0.21698148921132088,9.572862557135522,192
b35815db-9770-45fc-bac1-c7a53d6fed42,c5ee0dcb-4f4d-49c2-8f2a-ab8151ec8f48,7946238.883613246,7946240.980853419,7946248.739243766,5991,200,2.0972401732578874,7.758390347473323,176
056b9d89-448b-4cf7-9943-3c33c1656f22,01346e59-8ea1-4714-95da-e6489ae288e8,7946239.883764325,7946241.448895848,7946248.765833122,2879,200,1.5651315236464143,7.316937273368239,176
399fe41f-4898-4b26-9958-c77063ff7506,714217a1-bbce-48d4-9455-460f544a1b5b,7946239.883777951,7946240.101352267,7946249.169055722,1947,200,0.21757431607693434,9.067703454755247,224
ba246867-90f0-4266-8a23-0a8db8c9adf2,39f0db0a-82e8-429d-aa53-89c2802d7dac,7946240.883387293,7946241.010732672,7946249.307938699,820,200,0.12734537944197655,8.297206026501954,224
54a33681-3443-4f34-a8ee-3baf06c0f184,e0f89448-f876-416b-8010-7e072a728504,7946240.883393948,7946241.524130221,7946249.328874659,6012,200,0.6407362734898925,7.804744437336922,160
76a04488-90eb-40e9-b456-5783cecb3787,288856ff-0e20-4dd0-9458-85503a7ab282,7946239.883775036,7946241.266596282,7946249.538490232,5703,200,1.3828212460502982,8.27189395017922,160
1b2e18f0-5708-45a7-a223-8f48058c88b3,aeb913ad-d459-4fbd-906a-cf6ac2bb3fd1,7946239.883757422,7946240.4139874615,7946249.634640067,5661,200,0.5302300397306681,9.22065260540694,224
eb2864b9-c81e-47a2-ab27-09c79a5531b8,4890f004-8473-4e87-ad72-f47223ed1312,7946239.883768156,7946240.41093611,7946249.635449264,3529,200,0.5271679535508156,9.224513154476881,3520
81f474ec-0d65-4d8a-8226-5ce1fa805f70,e18bfa26-41ba-44f1-81dd-523d09a147de,7946241.883166422,7946242.175013765,7946249.7857337855,2995,200,0.29184734262526035,7.6107200207188725,496
31a54975-aa03-421c-b529-6a9086e4a059,4346426a-d1cf-4421-a05c-b8084161d1b8,7946241.883173013,7946242.593453612,7946249.80818287,869,200,0.7102805990725756,7.21472925785929,176
b33e7c39-30a2-4ddf-8a33-8722a2c01e68,f271ebe9-b215-4499-a991-8ff24c4302bb,7946238.883609266,7946239.170538141,7946249.9367276775,2922,200,0.2869288753718138,10.766189536079764,176
f2c3d52c-15cf-484d-9397-34c7b220cc97,4df870a1-f984-48dc-93fb-96ee01475d6f,7946238.883616861,7946239.890753762,7946249.984795843,4510,200,1.007136900909245,10.094042081385851,192
f237150e-0a01-4581-b71a-c8a233a14d05,bbcf2ca1-a472-4c7f-9404-4430eb3e7e19,7946239.883771353,7946240.067341735,7946250.080128909,1319,200,0.18357038125395775,10.01278717443347,160
ce5426df-4792-45f1-82e5-854ff70ccbba,46db840a-ebfe-444d-ac32-5a034a324426,7946241.883156458,7946242.758318302,7946250.475935862,5772,200,0.8751618443056941,7.7176175601780415,192
1ae06107-3c14-4912-a36a-6af37382384c,488fa642-e3bf-4c27-a466-49415c3146f9,7946241.883163419,7946243.392928867,7946250.495629787,5845,200,1.5097654480487108,7.102700920775533,176
b384d5be-14b7-4320-ad57-ce6b07761b92,1ddc0d9c-5d28-46c9-b091-e70085a47921,7946241.883138483,7946242.451470883,7946251.0262071965,5945,200,0.5683323992416263,8.574736313894391,160
0ac6cf0c-0b89-4be2-9526-5d46c7edccc1,27e00e2e-21f7-46b8-8008-d0a46fedbeee,7946241.88314921,7946243.0702219745,7946251.0495261215,739,200,1.1870727641507983,7.979304146952927,288
fcb25e56-f704-485d-8fe1-ebd9d7c3cfdb,7f03b1ba-06bc-47a2-be64-1a59fab8ce22,7946241.883152982,7946243.6820557015,7946251.073375769,5773,200,1.7989027192816138,7.391320067457855,192
9a52d5a4-5c11-442f-9021-208f3b4693b8,940160ec-0bfb-4ebc-ac97-abf254489499,7946241.88315975,7946244.328975868,7946251.092291754,6560,200,2.4458161182701588,6.763315885327756,192
012b71b5-142b-43d3-a362-af1f9e6c2004,14141ec7-cddf-437f-8727-cf3bc4ae468c,7946242.88303212,7946244.968380231,7946251.113943135,721,200,2.085348111577332,6.145562903955579,176
196f4f1a-bf7e-40da-828a-b98fb160e6e5,ed4008e7-8fb2-4c86-98dd-bbd7d9a96ecf,7946241.883169684,7946244.964517858,7946251.110076733,6108,200,3.081348174251616,6.145558875054121,176
c3cb9911-bb58-4d1d-9f6b-266fb25b43b8,d0030985-3721-47a2-be3f-a716ff7779ef,7946244.883715184,7946245.083713799,7946251.15445406,3619,200,0.1999986143782735,6.070740261115134,3616
f664a8c7-19e8-48d6-9fe4-fa2bc1ade871,ec035cd5-4099-445f-80a6-d885e8148b75,7946244.883745303,7946245.079010503,7946251.151118464,2627,200,0.19526519998908043,6.072107960470021,2576
194fd5bc-ec6e-45d1-ae61-28b983c24d62,f56f3534-c298-4487-a39f-16c483a04920,7946240.883364503,7946242.634157494,7946251.63012025,4717,200,1.7507929904386401,8.995962756685913,224
b5c11d93-54e1-4bb0-ae7e-c48490dde20a,8bfd814d-28ab-4cb5-b72a-dd26380f4984,7946240.883379941,7946242.629394122,7946251.629175757,5662,200,1.7460141815245152,8.999781634658575,192
53651308-a693-495c-a4d1-af3a4cafdc8c,9d3da819-d55e-499b-8c32-f0bc4ad5ad0e,7946240.883390795,7946242.627789988,7946251.627266062,500,200,1.7443991927430034,8.999476074241102,176
193b6ddd-fd69-473c-a703-79e7abd0cd80,50255ca8-a7bc-49f9-aa44-a33caa66a0be,7946240.883383808,7946243.26565241,7946251.917727872,5910,200,2.382268602028489,8.652075462043285,176
89c82067-be3b-43c4-8bd8-8b765d8b5451,8201882b-3c83-4a5b-b140-7a5572375d5a,7946241.883176342,7946243.900829721,7946251.93435772,3999,200,2.0176533795893192,8.033527999185026,160
6367752d-e4dc-44c3-ab2f-7ae51bfdc5be,b2b28eea-494d-4c24-b6d8-00f553246d00,7946243.883350694,7946244.307661874,7946252.632475574,1258,200,0.42431118059903383,8.324813699349761,192
cca1a39e-e409-4360-867f-d10a05c23f02,70da4a8b-eece-46eb-8b9e-2f1c28b4f670,7946243.88333941,7946244.309337417,7946252.6359863235,3481,200,0.4259980069473386,8.326648906804621,192
60d088e3-1b47-43de-aee1-1ddc0bc43db9,a87c1e2c-7a49-4744-9e7f-268e78b88eee,7946243.883357313,7946244.306978004,7946252.633845498,844,200,0.4236206905916333,8.326867493800819,192
176cdb08-d31a-4a9c-910d-ad1867533279,62bd5ab4-a4ae-4c45-90a9-d469d50595d4,7946243.883354138,7946244.919638247,7946252.655502036,1742,200,1.0362841095775366,7.735863788984716,992
6d69e374-f92f-4b79-b6be-f1593ef9b35f,0bd71f2d-8ff1-4b8b-a899-9b785a451bbb,7946243.883360106,7946244.919164942,7946252.656240025,1230,200,1.0358048360794783,7.737075082957745,288
3548d94f-df58-4280-a74a-88a7bd5203db,bae42ab0-315a-422a-8e89-6a7cf4b10773,7946244.883730644,7946245.456862103,7946252.667108567,5913,200,0.5731314588338137,7.210246464237571,160
f152b42b-0a11-4b94-ba82-f67cc6801526,2871c9ae-c754-4c2c-804f-828a39cb9175,7946244.883752833,7946246.103169782,7946252.682719187,5800,200,1.219416948966682,6.579549404792488,192
8cac4a3a-d4f2-4015-88b0-00971fb0b097,bfd839f9-7891-4b73-8ec3-0ec4e6a3b69e,7946244.88373478,7946247.358788998,7946252.738404403,2123,200,2.475054217502475,5.379615405574441,160
d2fe9aab-e660-4dec-9605-5ec5ce21efc9,2d04a413-22fe-4614-bb84-9ea52c8c3a73,7946244.883674497,7946247.361046667,7946252.744167863,5481,200,2.4773721704259515,5.383121196180582,160
ab283fdf-4764-4da6-94bd-e2e7fcd2cd07,f4aff892-842b-4e98-af4c-cfd1deacf96e,7946244.883741821,7946247.3580397805,7946252.740454376,2207,200,2.4742979593575,5.382414595223963,288
dd245059-358c-4243-b01d-ac6c8a982b7b,af58fe18-5abf-4a30-a78b-73561c06d4f2,7946244.883737948,7946247.967279862,7946252.757256546,2371,200,3.0835419138893485,4.789976684376597,288
be221f0b-82f5-4a6a-b917-cf57ec8955e6,cfcf6a51-050f-473a-a1ec-66f62d2f15ad,7946242.883012098,7946243.389353452,7946253.334501818,5848,200,0.5063413539901376,9.945148365572095,176
313af8a6-679d-4d29-9374-665ed5d7eeb1,1944b4a9-25a6-481b-a8a6-9b9e9f4d0c67,7946242.88302793,7946244.507807654,7946253.382324003,5909,200,1.6247797245159745,8.874516348354518,224
4c51dcc8-3811-4ba6-a9d4-5a7565bd1190,aa942eaa-fb40-4ee4-a6e1-593548ba0dbd,7946244.883748963,7946245.441301597,7946253.422131102,5889,200,0.5575526347383857,7.980829504318535,192
15d1680e-4455-411b-b2a5-c52dcc2bdec1,7d9a3919-67da-44b2-b824-fb9926b6da15,7946245.883015604,7946247.932612386,7946254.695748647,4377,200,2.0495967818424106,6.76313626114279,224
f7d872ce-f916-4a01-a6c4-ee714d58b486,f270da46-3409-4931-ac53-a9c00d956923,7946245.883011723,7946248.400963751,7946254.717077028,1806,200,2.5179520277306437,6.316113277338445,160
a2937483-de06-4490-8e4a-d74a38624796,76489012-fef6-4640-b537-d17bb55de8c8,7946246.883299999,7946247.959829442,7946254.949210575,2492,200,1.0765294432640076,6.989381132647395,192
d17d3839-40dc-469b-ae51-080486696213,e0cfc694-73d4-4603-9a29-1bdf768266fa,7946246.883311697,7946247.959065044,7946254.94897146,1639,200,1.075753347016871,6.989906415343285,160
f62e6149-131c-4e32-921e-032a0986b324,1bb39ff9-0ea5-419f-a37c-928f0db0f068,7946246.883319661,7946248.006666551,7946254.9640964195,1895,200,1.123346890322864,6.957429868169129,176
c83a94dd-9dae-44a2-b0bb-d1469e22c6a4,6c9f1413-e467-4d64-be9e-c1beccfa7d1a,7946245.882992878,7946246.712374454,7946255.05195498,2142,200,0.8293815767392516,8.339580525644124,224
cbbb0fd0-5c3c-4ee9-bcc6-4f84d6b0c418,44838094-3154-4ad0-aad1-71143ecb6bab,7946245.883007534,7946247.143230367,7946255.074092959,6003,200,1.2602228336036205,7.930862591601908,192
799b0987-ace1-4429-8237-15a3218442d8,5e34dc58-8d28-4946-b67f-f69a67bb089a,7946246.883316496,7946247.816132288,7946255.158118384,5614,200,0.9328157920390368,7.341986095532775,176
49ca2f02-c133-418f-8937-0bf9a1c7a926,16ee1f98-70d1-4f25-b592-1d867d4d1193,7946246.883323421,7946248.424628697,7946255.17432408,4741,200,1.5413052765652537,6.749695383012295,176
2e29f3e8-f853-4e3d-b21f-62b63e1abc89,dc8da506-377a-47db-b74b-fa65c921225f,7946247.883521308,7946248.394525547,7946255.652391818,5858,200,0.5110042383894324,7.257866271771491,192
05a508fd-36dd-439c-8c0c-d3c9d07a0c94,5f73476c-5788-47d5-8c33-62022bc36395,7946247.883531997,7946249.010940492,7946255.670998222,3916,200,1.1274084951728582,6.660057730041444,176
b087186b-fd3e-4878-b245-c553116ca197,a2d50e13-b70d-4fc7-ae7b-c9da9cadaf6a,7946247.88352856,7946249.634958017,7946255.692102606,5659,200,1.7514294562861323,6.0571445897221565,224
f18c9523-184f-418d-9b1b-1efceb62d30c,e8a795ee-9f90-4976-894b-7318b1215e72,7946247.883539331,7946250.004624627,7946255.708573966,5718,200,2.1210852954536676,5.703949339687824,160
3a66574a-f031-4036-8c2d-2c52c3fa54cb,425f6293-7288-4f82-9137-97ef2c2f89e8,7946248.883440673,7946250.258227992,7946255.869916674,3122,200,1.374787318520248,5.6116886818781495,160
5b8a819c-fcc4-451a-b09b-4b68c0408635,a941116a-c518-4f7b-bc3c-311e10bec57b,7946248.883454275,7946250.256566543,7946255.870130984,839,200,1.3731122678145766,5.613564440980554,176
87a932c0-2f4c-46b1-bdc4-49b727fda8d5,6fb86cb0-b646-4ecd-8730-d6ed365d30a3,7946248.883429272,7946250.854495914,7946255.898278824,5868,200,1.9710666416212916,5.043782910332084,176
36c2ac5e-49ed-4938-926f-bdb4ae6f31ed,36c06fe6-5b24-4d05-aa49-6e7c64045ab9,7946248.883450879,7946250.850811915,7946255.895445157,3430,200,1.9673610357567668,5.044633242301643,176
40fba56f-5f95-437a-9075-97af4781ae78,32087621-eee3-413a-95d8-81b2a9d41e00,7946247.883517197,7946248.757058273,7946256.089677154,1911,200,0.8735410757362843,7.33261888101697,192
8d96ce39-7ae5-46ef-bc3a-0a51133b2a4a,8aa6063f-9cd1-4748-bc9a-78c44fd7370a,7946247.883524272,7946248.755640892,7946256.088478223,1671,200,0.8721166206523776,7.332837331108749,288
74c19451-dc52-4d54-b4fb-0a5dda017784,01bf6cef-c97b-4d6f-8ae2-8102bf0f9a79,7946247.883535259,7946249.378013379,7946256.109512937,5890,200,1.4944781195372343,6.731499558314681,224
9dfd6fcd-cb1a-4f85-985e-f1d44d477f84,9b14e473-99ef-46f4-a075-81919dd0446c,7946247.883502462,7946249.437091535,7946256.134454413,2364,200,1.553589073009789,6.697362878359854,224
410d09a5-7f77-4ab0-85a4-00f136b22604,c8f41ada-0fda-488a-8de7-cd70fca61f37,7946249.883905586,7946250.973945257,7946256.322564202,1888,200,1.0900396713986993,5.348618945106864,176
297b3849-8a96-4e32-aad3-230ce14d704e,170812a6-cb38-4169-bec1-bbe2e86c6001,7946249.883827388,7946250.9760522,7946256.325614978,1565,200,1.0922248121351004,5.349562777206302,320
92decf33-920e-4be1-bb49-e339278eb8a9,5efef79a-109b-4a9d-bb65-6cd95942cd81,7946250.88337437,7946251.278793949,7946256.360984614,5922,200,0.39541957899928093,5.0821906654164195,5920
539240eb-af74-4a3c-86b9-b8c77659b261,20a3f959-78cc-46c6-8962-31e21ecd5c4e,7946248.883447717,7946249.70101931,7946256.969372604,1517,200,0.8175715934485197,7.268353293649852,192
29be254c-5be1-4463-be2c-28c5159d8145,f9c92a82-99c7-477b-95d5-3aed03818705,7946248.883444651,7946249.702175596,7946256.971452691,3133,200,0.8187309447675943,7.269277094863355,176
cb690f13-fd1f-4503-9107-da31dcaa2055,0190a9e6-affc-4d5f-87eb-836948a65e3d,7946249.883878374,7946250.860124265,7946258.660423325,6357,200,0.976245891302824,7.800299060530961,192
a68f6568-81d3-41bf-bfd9-7b572354ee7f,db487834-a11b-4e9c-b4d3-b089f73897c6,7946250.8833833,7946251.3942591185,7946258.76468481,5830,200,0.5108758183196187,7.370425691828132,160
503fd751-fb21-4ebc-b74d-ae899a33442b,d2e35e05-d494-455b-8b64-3602cd992e55,7946250.883367209,7946251.007374539,7946258.949551949,474,200,0.12400733027607203,7.942177410237491,176
68058924-f110-4aca-8595-6c0b3b7e11af,6418d22e-6d88-463b-a16b-7587c147056d,7946250.883379981,7946251.6254339935,7946258.958573472,5735,200,0.7420540126040578,7.333139478228986,192
3cd8bd41-89c0-4eba-99ae-19cd4506863a,843f4d3a-2be0-4405-8c9c-e6a1d1eb833e,7946250.883371301,7946251.985235008,7946259.045368917,462,200,1.1018637074157596,7.060133908875287,176
b0a5c985-b21c-4051-80d2-4b538d25b6b3,44aca2c5-60dc-4929-8170-29f5e1fce844,7946250.883356035,7946251.986689664,7946259.047086139,4915,200,1.103333629667759,7.060396474786103,192
bf52fe49-37f1-429f-ba9f-df5349665c7d,99f1f6df-a16f-4986-bef1-52e47aec378f,7946250.883377185,7946253.1158967335,7946259.735941391,3431,200,2.2325195483863354,6.620044657960534,160
5997494b-12be-4fee-8b01-e66cad62e040,cfcf8ea2-39e8-4b65-a05c-99c6f74fc7ff,7946252.883765717,7946252.989534712,7946259.898022794,617,200,0.10576899535953999,6.908488081768155,160
40d37a07-f79f-47f0-b7fc-4d23079bab8a,1330884e-9e05-4fca-8ac8-b7725234d148,7946252.883773061,7946253.586331644,7946259.912363381,1866,200,0.7025585826486349,6.3260317370295525,160
303cf4fd-d357-4862-bcbc-39f3331046f5,bc829e6b-bf7d-471a-b1e0-497440ccbb5a,7946251.883028995,7946252.73295263,7946260.143262971,5918,200,0.8499236349016428,7.41031034104526,176
615f70f3-0149-4e4b-879d-6327cd33b8c9,6d968042-3126-405f-a611-079b508437c7,7946251.883041616,7946252.731992195,7946260.142699492,2077,200,0.8489505797624588,7.410707296803594,160
21b11ad9-1dba-4e4b-aa58-1fc66d3408f2,ccd8f2c3-44d3-41c4-91db-1ba4dc5f9701,7946251.883045064,7946253.1305121835,7946260.1647255225,2586,200,1.2474671192467213,7.034213338978589,192
69743b04-600a-4e05-a143-2dba24c93710,9f4a967c-69d5-46cb-a48b-7028ac8a0984,7946253.883674349,7946254.6909593,7946260.368726193,4363,200,0.807284951210022,5.677766893059015,176
a8d1507a-68ae-4246-9152-9ea1ef3359f9,e9cfb301-71d8-484a-8756-4676879b5e86,7946253.883689016,7946255.322759445,7946260.994536709,5796,200,1.4390704287216067,5.671777264215052,176
76274d72-6116-4cc8-80a9-e0d978c7765c,1b47827e-eff6-4493-98e1-f137248f2700,7946252.88374693,7946253.970499774,7946261.146185253,3414,200,1.086752844043076,7.175685478374362,224
bdbab4b3-a5a1-4071-99d6-9d5ec683515f,12a20126-19e5-4ddc-b4e6-5b1c4432afdc,7946252.883761637,7946254.539368413,7946261.169081035,5772,200,1.6556067764759064,6.629712621681392,192
3b5d343e-8f37-4e42-852c-21b8efbe2e14,dec5032f-5640-4adb-8120-132fbe0e8a7b,7946252.883769438,7946254.538431758,7946261.168881449,2404,200,1.6546623203903437,6.6304496908560395,288
507af522-785f-4d46-adae-54acae4ce378,f77b3e1a-28ab-448e-9c49-1437284550c7,7946253.883685648,7946256.3341242345,7946261.230194243,689,200,2.450438586063683,4.896070008166134,224
bbe4da32-98d1-46b3-a2e7-e74c2bb28b44,6bef9240-78a1-482c-96d2-a89c97ba970c,7946253.883698956,7946256.331880722,7946261.228397218,2713,200,2.4481817660853267,4.896516495384276,288
2d257884-2311-447d-9eaf-89d11928bf67,5e4b17dd-139b-49d4-a241-2a2bae8d295a,7946253.883692229,7946254.006941462,7946261.715518272,2017,200,0.12324923276901245,7.708576809614897,1744
89c15e3e-d762-4ec7-a5ed-8026b07a77a1,2ea40277-676a-410a-8b83-b14467b8308b,7946254.883546987,7946257.057182006,7946262.316858219,3138,172,2.173635018989444,5.259676213376224,176
a4f5ebaa-aff4-4272-8df8-c3da65f2d7f8,cca96de9-6408-4913-ba55-66f765509f5d,7946253.883695866,7946254.035681162,7946262.627887537,1015,200,0.15198529604822397,8.59220637474209,160
58f664cc-8661-4782-89a4-42cf18295785,04c151c1-ee98-4835-b8ba-1681eccdd922,7946254.883529193,7946256.4320571665,7946262.904560993,6518,200,1.54852797370404,6.472503826953471,192
05a29eeb-4e1b-415c-bd94-e3e8807da514,7e2e7623-9e79-4fcd-af36-959e2862cb05,7946254.883549675,7946257.056436064,7946262.926882485,5735,200,2.172886388376355,5.8704464212059975,160
c23af67f-1577-4550-b533-dcbf26957cbd,a0581530-c894-4f12-a948-e8caaa8163fe,7946254.883542417,7946257.48974231,7946263.2930910615,5799,200,2.606199893169105,5.8033487517386675,224
20ad219f-f354-4db2-bbfe-0e6c056b2d9e,50a6fd55-dd24-4441-9105-8785b6a488a7,7946254.883558592,7946257.484357814,7946263.288840924,1588,200,2.6007992224767804,5.80448311008513,224
14cfc98a-1817-4003-a350-d52d028826d6,6ec635c0-f7da-4c2c-a7f4-be19d54eedfb,7946254.883555504,7946255.32160298,7946263.746007586,5018,200,0.43804747611284256,8.424404606223106,192
3421dc75-7722-40e8-b709-8cded44a9ab6,b4c5b65e-b0b2-4149-a9a2-a49a11473845,7946254.883552474,7946255.955518134,7946263.770606473,5689,200,1.071965659968555,7.815088339149952,176
1ec3ee1a-021d-4e35-8798-1aa184ae9bda,ec035cd5-4099-445f-80a6-d885e8148b75,7946255.883271527,7946257.778898369,7946264.341080802,2666,200,1.8956268420442939,6.562182432971895,16
87d6929b-c193-49c4-a62b-c6cdb8591699,623901f7-e6f9-48bd-828b-b5728990d3b2,7946257.883524998,7946258.990324905,7946264.385837961,2570,200,1.1067999070510268,5.395513055846095,192
0dabb64c-3044-49a9-a900-6e551d44757d,42303959-8373-4fb5-b881-e39d2351d467,7946255.883249901,7946256.173043412,7946264.626908937,3177,200,0.28979351092129946,8.4538655243814,192
e860ea59-1f67-4de8-865d-7175cf617a52,cfba0479-b5d0-449b-bc96-f06bacbea9a8,7946255.883259742,7946256.758223591,7946264.647234836,2868,200,0.8749638497829437,7.889011244289577,16
c8a868bc-2cba-45dc-b991-c8592326eafd,fc3dbac8-9a03-4b40-a41e-097cdfb9846a,7946255.883263841,7946257.995811067,7946264.69154544,3985,200,2.112547225318849,6.695734373293817,160
2a336b5b-5fd6-4352-8309-e4c3283ae311,e1189205-6824-4411-804c-f395c62b7c66,7946255.883266365,7946257.995305525,7946264.691284759,5787,200,2.1120391599833965,6.695979233831167,176
b9f58c92-edeb-4035-8271-028459b27244,034fada1-6ff3-494e-9df1-8d72fa54e215,7946255.883269105,7946257.994634744,7946264.690879054,2784,200,2.1113656386733055,6.696244310587645,160
2c4379b2-917f-4c98-806e-fa2d6e652a5b,ad3e5418-e180-424b-8b3f-a75453da1b2f,7946256.883745808,7946258.411444781,7946266.527306886,2820,200,1.5276989731937647,8.115862105041742,192
4b883f72-c3a4-4f0d-9d2a-42bd0a73c596,5761bb36-4436-4d2d-b483-82492b5b7782,7946256.883673054,7946259.036148361,7946266.553825264,2289,200,2.152475306764245,7.517676902934909,192
8187e65f-17c0-47c4-9470-ca5920cd3faa,8c66f4b5-d213-4e99-89aa-3f646bb39a87,7946256.88372686,7946259.035379064,7946266.5529663805,5982,200,2.1516522038728,7.517587316222489,176
ab7929da-3f86-4fc7-bf68-05aed6936cb7,fdda8363-a79c-4dff-b8a5-15f6be115142,7946257.8835213,7946259.643422874,7946266.572903735,2689,200,1.759901573881507,6.929480860941112,192
34f78f0b-aa83-449a-915a-489448570151,027ea883-203a-4478-89ab-361ad0825fd8,7946258.883617773,7946260.183102404,7946266.592484711,3322,200,1.2994846310466528,6.409382306970656,192
0ef57334-7f94-41f0-8b65-78caa99b9f0e,e5488a62-a6e0-4b98-a167-55ef476697ef,7946258.883625775,7946259.627867423,7946266.959588297,1310,200,0.7442416483536363,7.331720873713493,192
c07ca09e-4fa0-452c-90c5-5217802e0d27,d1a58fee-2699-4cde-8dec-5a26bda64889,7946258.883597368,7946259.633663876,7946266.96540773,2900,200,0.7500665076076984,7.331743854098022,192
83f27596-b25f-48b5-90f7-bf890c55367b,b8da1dd5-81ed-4005-bc7f-80a71f22ed71,7946258.883607881,7946259.836421356,7946266.974148594,4864,200,0.9528134744614363,7.137727238237858,176
ddd4557a-bf0e-47ff-bf43-392db010e2a5,127f378e-d0dc-464e-a79a-fa7013197aab,7946258.883621916,7946259.338202146,7946267.23931198,5352,200,0.45458022970706224,7.901109834201634,176
f0af8083-d828-4966-b6f8-75c67730a1c2,3af3006f-2e77-4d23-9583-c5204d42ceb9,7946257.88350936,7946258.017093093,7946267.278599045,962,200,0.13358373288065195,9.261505952104926,176
4ded0bfa-df5a-43b0-9869-d3dc7d2a4067,78d7f456-01c1-4f3b-87e0-11b338250aee,7946258.883611618,7946259.649264972,7946267.6574540185,1199,200,0.7656533541157842,8.008189046755433,176
9fe28786-ea28-4fc1-a0a6-8158034571cb,b4527815-5a94-4cdd-8d25-4cd8b6f2f33f,7946259.883090148,7946260.600019798,7946267.931649994,2398,200,0.7169296499341726,7.3316301964223385,0
d5ca811f-fe99-4d70-b56c-6af8d11662ad,b836c219-a933-4d49-bac8-ee5d287b5bfa,7946258.883614262,7946259.3354416825,7946267.966603661,5868,200,0.45182742085307837,8.631161978468299,1152
33c1c60e-2e61-475d-ad81-52f04d9e993f,fc0804dd-2f2c-4652-a7ad-2d9b311e21e9,7946259.883034739,7946260.995642667,7946268.456907886,3778,200,1.11260792799294,7.461265219375491,176
09df318a-2640-4301-9d52-24b59f05d439,30971b06-21cb-430b-9b96-f4da653a673d,7946259.883119221,7946261.618988346,7946268.47767055,5866,200,1.7358691254630685,6.858682204037905,176
f661ade4-a711-4475-9092-4501f109d37f,8037e110-1d44-4477-8e06-0223eba390eb,7946260.883568683,7946262.896289512,7946268.51752409,5891,200,2.0127208288758993,5.621234578080475,160
3b1426a1-a3b6-40b2-bcf9-6d2e0b65f537,e7ddf100-0645-4d83-9de1-cdfd98d12da1,7946260.883578746,7946262.894596353,7946268.516046035,3428,200,2.011017607524991,5.621449681930244,176
d8da038f-b5c6-4ae8-8a60-1e1b7505d351,4a354b33-4f32-4d6e-a541-599473e738d8,7946260.883575499,7946263.320913252,7946268.535823717,1798,200,2.4373377533629537,5.21491046436131,176
7672bcfe-e226-4cd7-9a44-db5de9700cfb,6ee396d8-db4c-4684-88ab-113b143832cd,7946260.883572595,7946262.628540919,7946270.433543804,5647,200,1.7449683239683509,7.805002884939313,160
69929820-57cf-4c14-a479-84976b04c1dc,a4705d3f-c9cc-472f-8323-bf9e4593e138,7946260.883585314,7946263.167849494,7946270.461005796,5730,200,2.284264179877937,7.293156301602721,160
ab03388a-242c-4b73-9a82-44ebcd16b772,d0030985-3721-47a2-be3f-a716ff7779ef,7946260.883582471,7946263.169933059,7946270.463369357,3805,200,2.286350588314235,7.293436298146844,3600
2ba3ee19-d5a2-433c-87f9-19faadc19d23,a3dab01f-d1d0-4917-85cd-54cb085d56db,7946262.883198724,7946263.006738873,7946270.729502215,774,200,0.12354014907032251,7.7227633418515325,160
9f59954c-8ec9-433a-b0cc-1a7723e69431,0a95fabc-9d75-4cf4-8543-739fad988dfa,7946260.883554877,7946261.308989308,7946270.926270578,5853,200,0.42543443106114864,9.617281270213425,2256
bcbde63d-5132-46ef-b60f-b7124a2a6091,e43607a6-bee1-4fdf-a0b4-8ea2245eecf1,7946261.883233925,7946262.588778878,7946270.960019287,1315,200,0.7055449523031712,8.371240409091115,192
7d131ccd-06db-4807-bad4-b19418fbe1ab,ceb63c9d-93ca-445d-9e1d-fe8b5b88d14c,7946261.883292463,7946263.207800564,7946270.983592505,5845,200,1.3245081016793847,7.775791940279305,224
0806d9c2-9b0c-4683-989a-d62c331ce2e6,b1d48415-2679-4cdf-930c-839699995501,7946261.88333458,7946263.205567829,7946270.982000774,3056,200,1.3222332494333386,7.776432944461703,176
77f153b6-8350-4215-9f0f-b2a386f417c5,76c6a94a-5b1b-4124-a8c1-7b783e5beb5f,7946261.883319348,7946264.42904204,7946271.028613454,5941,200,2.545722692273557,6.599571413360536,176
2e6b53fb-9e42-48e5-ae60-ba8b76168318,4008439a-7054-4643-abe9-8e6901c83b3f,7946261.883329184,7946265.027861297,7946271.046746396,436,200,3.1445321133360267,6.018885099329054,288
83416194-56e6-488e-904c-4478b3e287a9,42b78ebd-17aa-4ddc-8442-4e4fb55a60c8,7946261.883325098,7946265.028113516,7946271.0473868735,2814,200,3.1447884179651737,6.019273357465863,160
a06623fd-8d51-4e76-b06f-48565e375cbe,e232fd4f-1b09-4f75-9370-41eb0f33f527,7946263.883431328,7946265.558895351,7946271.069067332,3016,200,1.6754640229046345,5.510171980597079,224
ac8aa954-ebc0-4bc4-b509-d453ad2a77e6,11125870-5b26-45ea-8fba-47c68888a24c,7946265.883828241,7946266.15643746,7946271.373305093,2814,200,0.27260921895504,5.216867632232606,224
af426db2-014f-4bc9-8856-2bfc7bb40f54,c763213b-3ea9-43c8-82d2-a13bc4766d37,7946262.883195479,7946263.709455524,7946272.126777593,984,200,0.8262600442394614,8.41732206940651,160
7a37853f-58bc-4b83-b44c-487bd6a4d5a7,1bc73e7d-6b0e-4755-ade4-f801a54d64d7,7946262.883179238,7946263.712322534,7946272.131070736,999,200,0.8291432959958911,8.418748201802373,176
ee76a8b6-ba8d-4eb1-9b55-efbdf14bbbad,0bd71f2d-8ff1-4b8b-a899-9b785a451bbb,7946263.883438396,7946264.04453653,7946272.369336965,1293,200,0.16109813377261162,8.32480043452233,288
998e9027-2085-48e1-8149-9265aeca0611,754d16d3-ea57-4edc-91a1-c28db76c5ec2,7946263.883435009,7946265.265821499,7946272.442165557,5763,200,1.3823864897713065,7.1763440584763885,160
655659ee-068d-4a49-b574-428839bd531a,19500c45-30d4-49de-bfa4-2268492645cd,7946262.883192839,7946263.249037801,7946272.832813688,4227,200,0.3658449621871114,9.583775886334479,160
48b5dc40-d15a-463a-85eb-1aa816cbdf7f,bea7b331-6d61-47ee-bb30-fd850a81bff3,7946262.883189346,7946263.450350668,7946272.859861337,2587,200,0.5671613225713372,9.409510668367147,176
94412f9f-7589-43b1-afe7-cb90ddea72ab,94392b0d-8f83-4e2b-80c5-1cb03c746275,7946264.883846798,7946266.369071513,7946273.247490545,3736,200,1.4852247154340148,6.878419031389058,192
d94a9f53-3aa6-490d-8bdf-491d94e16e67,41d7460a-e0a1-4300-9f40-37670c541e0c,7946264.883835152,7946266.371234583,7946273.250094125,917,200,1.4873994309455156,6.878859542310238,288
2af8adfe-b29a-46f8-87a3-02ab67215f8c,c1b75d15-4b27-406d-967a-f255a4effcdf,7946265.883786873,7946267.517718141,7946273.289767659,5937,200,1.6339312680065632,5.772049518302083,176
168ced3a-d57b-4f1a-b6dd-21039540421f,47b6f51c-e139-4524-b0ed-2b8a71627474,7946262.883202475,7946263.762927965,7946273.368938741,5750,200,0.8797254906967282,9.606010776013136,160
53b14368-c49d-4095-86ec-3b82acbdf87a,41ebc82e-eb6d-418f-b73e-022fa300e998,7946263.883427013,7946264.398986771,7946273.429421452,5839,200,0.5155597580596805,9.030434681102633,160
2b54be0c-cd9b-4e4a-a082-3f209a934cd5,5c47871b-d8be-425a-92e0-3bc8f1070874,7946263.883441702,7946264.642896753,7946273.6079087285,5737,200,0.759455050341785,8.965011975727975,192
c44fe5ce-cf43-4036-9d80-792591563f52,ec035cd5-4099-445f-80a6-d885e8148b75,7946263.883403456,7946264.566489931,7946273.628036917,2648,200,0.6830864753574133,9.0615469859913,448
daac631b-85a9-4ade-99de-886584706e3f,cebd319e-5a49-45d3-8581-90eea425cdba,7946265.883817931,7946266.0598633345,7946274.387453182,1620,200,0.1760454038158059,8.327589847147465,160
9a632b79-abc6-4626-9009-1a0415056842,c4d3dc38-186d-40b5-b82e-511fcca85150,7946266.883222904,7946267.550424963,7946274.50584983,2973,200,0.6672020591795444,6.955424866639078,1648
c1e8bd23-0e3a-4fcd-9441-eef4f777048c,f270da46-3409-4931-ac53-a9c00d956923,7946266.883212815,7946267.551804593,7946274.508699574,1806,200,0.6685917777940631,6.956894980743527,1792
53beb6fc-fd42-4312-9f86-ff34ccee25c8,21dbf6ef-22d2-46e3-ac48-9cb8657506d9,7946264.883839372,7946265.985871653,7946274.569960293,3260,200,1.1020322814583778,8.584088640287519,192
845df5aa-4700-4a52-84ae-045e9b87b4af,5342e1c8-a17c-4fb4-a32a-4e55385954d2,7946264.883823437,7946267.243386795,7946274.615732736,6012,200,2.359563358128071,7.372345941141248,160
0448681b-252b-4736-b825-919c565a78b9,06bd9fe0-2b10-467b-8ee7-3de10fda9474,7946264.883842458,7946267.8577309325,7946274.633703069,6090,200,2.9738884745165706,6.775972136296332,176
84e66e55-4585-465f-845c-c2c3fa63843c,20a3f730-0a4f-46a2-b2a5-1a67647b8fbe,7946265.883736348,7946268.849255609,7946274.677415505,5894,200,2.965519261546433,5.828159895725548,192
094ce416-e71f-4479-b4e5-0cd1db735663,d1aebabe-6add-434e-8599-d63b95b83ad3,7946265.883813102,7946268.847607284,7946274.675535396,2495,200,2.9637941820546985,5.827928111888468,224
be4b5e88-fa03-4a6b-a1ab-0cc5431882ce,2df7a811-23ae-45a7-8f94-32c9fac9f9be,7946265.883824546,7946266.472207988,7946274.784523087,5526,200,0.5883834417909384,8.312315098941326,192
cab72f99-5680-40a6-9242-fddf2085f3c3,57ff1918-00a6-4f1f-abf1-71b1dec34e08,7946265.883747703,7946266.475990552,7946274.788290016,2082,200,0.5922428490594029,8.312299463897943,272
8f8f96db-6f89-459f-8198-70213d432db4,14141ec7-cddf-437f-8727-cf3bc4ae468c,7946266.883232805,7946267.043607066,7946275.237334583,721,200,0.1603742614388466,8.193727516569197,720
28220b6d-74f5-4741-bf8b-fd1e5c92532c,aa942eaa-fb40-4ee4-a6e1-593548ba0dbd,7946266.883226619,7946267.993874979,7946275.334409875,5889,200,1.1106483601033688,7.340534895658493,192
9e07efa0-c077-45e3-9c7f-ea8c1abc926b,68e71f54-23d1-4536-bcb8-b9ff5adfe35b,7946266.883236208,7946268.601297185,7946275.3540011,5348,200,1.7180609768256545,6.752703915350139,224
5e6b4ea7-0393-4b61-8a0a-1b4657b7ed09,085ced3c-c3cf-4b60-bf50-665ed52a072d,7946266.883239684,7946269.824382866,7946275.396860128,930,200,2.941143182106316,5.572477262467146,288
e0463b79-ec78-4ece-be71-f5c926243bb4,bd2ab0e4-b415-4560-8ada-17cafd1ace98,7946266.883243194,7946269.824114233,7946275.39639255,778,200,2.940871039405465,5.572278317064047,176
60fc8710-8d5f-4029-a3f8-d689616e653c,7d83a754-194c-4131-be9f-21b4f40d2af1,7946266.883246302,7946270.129038169,7946275.414134624,5587,200,3.245791867375374,5.285096455365419,192
46a665c6-8493-4d31-ad47-9829d6f2a007,d2e35e05-d494-455b-8b64-3602cd992e55,7946266.883229897,7946267.033051225,7946276.005618427,474,200,0.1498213279992342,8.972567201592028,464
05f893e0-70e5-4196-90d3-fcca0fa066c3,6bef9240-78a1-482c-96d2-a89c97ba970c,7946268.883108697,7946268.998676301,7946276.43618389,2780,200,0.11556760407984257,7.4375075893476605,2672
f64e1f23-b702-4f84-9b98-1d153396da50,7db776df-3838-4154-a574-531f0fd66b8c,7946267.883267687,7946268.361627184,7946277.561707078,5884,200,0.4783594971522689,9.200079893693328,160
d9044670-ae57-4295-b9c2-5031ac1c71e8,c0dbd0bd-4010-4779-815e-795e06cc171a,7946267.88327968,7946268.990133745,7946277.584247933,4981,200,1.1068540643900633,8.594114188104868,192
9db69244-bf05-4b1d-823b-304462095e8f,8aa6063f-9cd1-4748-bc9a-78c44fd7370a,7946268.883120295,7946269.942306911,7946277.628788245,1722,200,1.0591866159811616,7.686481334269047,288
89389eff-a4ff-4a2d-93fb-0ecc9fcb24d5,31a18d24-4d97-46f5-88d7-b218f1a9d035,7946269.883645028,7946271.753612968,7946277.68779658,2366,200,1.8699679402634501,5.934183611534536,176
bcd0b268-9f40-4d71-967e-ce9ef18a3bf2,b4527815-5a94-4cdd-8d25-4cd8b6f2f33f,7946270.883082213,7946272.272453673,7946277.70800044,2387,200,1.3893714603036642,5.435546766966581,480
5195da7d-8234-450f-99ad-532b48d6140e,881cd439-cd62-4d96-be83-b9b80c159776,7946268.883083078,7946270.042690093,7946278.18245985,1240,200,1.159607014618814,8.139769757166505,176
4821d5e2-4fdc-4860-91a5-584912da5a44,32087621-eee3-413a-95d8-81b2a9d41e00,7946268.883112028,7946270.622830434,7946278.20466622,1911,200,1.7397184055298567,7.581835785880685,192
dd789247-6cdc-410a-a08f-c976f285ea8f,be87db14-1251-411b-a2d2-32b73d635bc4,7946268.883125733,7946270.6228821175,7946278.20139271,2810,200,1.7397563848644495,7.5785105926916,160
ca981b26-877b-4bc7-827d-f016819ada45,4d91675e-bed6-4756-af92-49701ac0572f,7946268.88311724,7946271.255618809,7946278.226788311,5902,200,2.3725015688687563,6.971169502474368,176
5c63e6b2-48e5-4f74-acf3-b36e6b0369d3,cc69a023-c1c3-4dcc-9d6f-d347a10e1419,7946268.883123474,7946272.514803019,7946278.265452578,4200,200,3.6316795451566577,5.750649558380246,176
e06a0f7e-7f59-48a6-81c4-c6072d2735cd,b41865ca-d2ff-4e84-9d9e-aa057435693c,7946269.883633948,7946273.137204291,7946278.288090458,456,200,3.2535703433677554,5.150886166840792,176
9af79044-0aec-408f-8015-fa6b9dd10aca,685903a0-52de-4b0b-84fa-de2407e87d00,7946268.883114663,7946273.136867935,7946278.28917832,1308,200,4.253753271885216,5.152310385368764,192
96aa51cf-81ae-4420-a3e4-df693c527eee,f4aff892-842b-4e98-af4c-cfd1deacf96e,7946269.883637874,7946270.124472294,7946278.503976645,2208,200,0.24083441961556673,8.379504350945354,288
4f456f15-97f4-4dbc-88bd-215c6830c05f,41705093-4c8c-4a90-99d2-ad3181aceb70,7946270.883089767,7946271.375779171,7946278.898190309,5701,200,0.4926894037052989,7.522411138750613,192
dd965cab-64b3-4682-82f8-8d82505da703,b3f909ce-018e-4430-b0f6-b0dfbcd17eb4,7946269.883649195,7946270.399048042,7946279.171321245,5553,200,0.5153988469392061,8.772273203358054,176
5ed2327a-83a3-413e-a2bd-36dca881684d,b0d890a5-dc11-452e-9cd3-7dba2c64d275,7946270.883079667,7946272.4108234625,7946279.784214372,1991,200,1.5277437958866358,7.373390909284353,192
f3a871b3-81b1-4053-9e23-9ed2a297520b,781fb1b7-73b5-4d50-94c8-ef9b92132ba5,7946270.883067307,7946272.412814581,7946279.7865022635,5135,200,1.529747273772955,7.373687682673335,192
2336ad06-eb0c-4bcd-a504-6f5b0d33b35e,6ccb2fd4-21c1-492d-9d64-56223fb86062,7946270.883092453,7946273.044673624,7946279.805733913,5992,200,2.1615811716765165,6.7610602881759405,160
f5bafae6-9fa0-4225-9be6-f864e1ce5873,c8b7ff65-cf0d-44ff-991e-2b8fd4458b22,7946270.883076601,7946273.050507565,7946279.812404621,4790,200,2.1674309642985463,6.761897056363523,176
bf0e90a1-b2a9-4ef5-b40d-e6c433c2c151,dd24355c-c6d1-461a-b504-e7f6f058e87e,7946270.88308476,7946273.4421933815,7946279.827587679,4203,200,2.559108621440828,6.385394297540188,224
177ac103-4b7c-4c0e-b77b-245c3af8d3c7,3576d3c5-71c8-4aa8-bb01-7f961dd7500d,7946269.883604663,7946270.468591288,7946280.038757992,6389,200,0.5849866243079305,9.570166704244912,192
f272085f-50ff-4688-80e8-a72304878208,64d360e4-7905-43d3-8873-c6d7e150a922,7946269.883653586,7946270.682555147,7946280.058728398,2849,200,0.7989015616476536,9.376173250377178,192
355dcff7-c908-4958-8e31-fa1f7ca3dd43,13c19d21-f311-4a3a-97bb-1e152f24a81d,7946269.883641286,7946270.506091436,7946280.13858371,6869,200,0.6224501505494118,9.632492274045944,192
d4086ba3-2247-4a52-986f-d6389f4dc201,cf4fae3f-b581-4c59-9fef-3738c46b3c2b,7946270.883087124,7946271.089951624,7946280.342316687,2054,200,0.2068645004183054,9.252365062944591,160
c50187b5-6af2-4fdb-b012-5741f7a08da5,5b395a28-37db-4f2f-9699-dc343bce8a3b,7946271.883835153,7946272.017230074,7946280.593021163,1284,200,0.13339492119848728,8.575791088864207,176
3ae53a7e-0330-4aa6-8d61-b437a594d934,27b28b59-8639-4edb-98d5-099555d9b2a6,7946271.883852101,7946272.586815018,7946280.613963999,1931,200,0.7029629172757268,8.027148980647326,192
6de3d5ee-b837-432b-9e79-bd2f7f3d47ed,f271ebe9-b215-4499-a991-8ff24c4302bb,7946271.883848209,7946272.587574183,7946280.614982859,3087,200,0.7037259740754962,8.027408676221967,176
8dc46bf1-6be7-4f83-8738-024ea574d2b9,cd915048-11fd-46b6-9dd8-c6d53337db9a,7946272.88314769,7946273.812240439,7946280.659526226,570,200,0.9290927480906248,6.847285787574947,288
80075f30-ced3-4f5e-a795-8e79bd391bdf,afb63b1a-ee8d-4572-842f-11c17ca1ffae,7946273.883115329,7946274.994739278,7946284.448073693,2342,200,1.1116239493712783,9.45333441440016,192
f7a5b066-3f72-4717-ba05-4259bd3755cf,977ac36b-bb7b-4aac-bf3e-938831af0d6d,7946273.883129498,7946275.602028825,7946284.473171029,5831,200,1.7188993273302913,8.87114220391959,256
ebe0cc64-dbc4-44c8-88d4-5b609247e700,4769ae9f-49de-48d9-86da-df8b89379ef9,7946273.883132773,7946276.225416737,7946284.49699052,3641,200,2.342283963225782,8.271573782898486,160
6176c6e6-8e4a-4faa-b4d4-93b3e13414d9,8201882b-3c83-4a5b-b140-7a5572375d5a,7946273.883139187,7946277.386734332,7946284.540700783,3999,200,3.50359514541924,7.153966451063752,160
6bf121c6-0ec3-4e3a-9e2f-e88d8c30ad33,16ee1f98-70d1-4f25-b592-1d867d4d1193,7946273.883143457,7946277.3862296175,7946284.541057715,4741,200,3.5030861608684063,7.15482809767127,176
0db1a3ec-2be8-48a1-a1ca-00394002bfd9,d3954709-3e90-4162-b807-366fedb25f30,7946273.883136162,7946277.387627809,7946284.542426828,2545,200,3.5044916477054358,7.154799018986523,288
0e760e26-0128-48de-9d31-3b1952f5c7d0,12660cf2-26fe-4c78-a8b3-e603c06b965a,7946276.883555562,7946278.014464572,7946284.563894866,5778,200,1.1309090098366141,6.549430293962359,160
3dfaa692-e8b9-423c-854d-5b1462e2ba48,861e29f7-4713-4676-b1bc-a4d3d62f4ef2,7946274.883888967,7946276.313180547,7946285.275224948,2735,200,1.4292915798723698,8.962044401094317,0
02d23117-7d64-47ce-8880-da65f80303f3,ec035cd5-4099-445f-80a6-d885e8148b75,7946274.883905467,7946275.629389403,7946285.295115975,2686,200,0.7454839367419481,9.66572657134384,288
bc71d0dc-06cf-4b2c-b941-ffd87b380ecd,00c5fb90-bb72-417a-8dfe-2ccb6c1cacd4,7946274.883898707,7946275.630779018,7946285.297847176,5773,200,0.746880310587585,9.667068158276379,192
d5125370-15ab-4763-968b-abb20d74f5f7,113c9921-afda-4fc9-98dd-836eefa608b3,7946274.883913585,7946277.540670041,7946285.313239124,3320,200,2.6567564560100436,7.772569082677364,176
855ec6e4-957b-442c-9f43-cf6581a5146a,320cf5f0-a5c1-49b5-91a9-a20c3778432b,7946274.88390243,7946278.159784891,7946285.339292271,5811,200,3.2758824611082673,7.179507380351424,160
467da586-5b86-4f44-b890-9e2ef9c54747,c47b88bc-8337-4fcb-bb63-b8c147f8261e,7946274.883909441,7946276.610499364,7946285.342688629,5828,200,1.7265899237245321,8.732189265079796,192
fb5c061f-cfda-4947-9bcb-732568b1faed,f20a741c-0fb3-4811-91f0-bee136177ca3,7946276.883559801,7946278.786041121,7946285.359751756,5651,200,1.9024813203141093,6.573710635304451,224
52872951-99c4-4dc3-97d9-a04efcfdec89,06bd9fe0-2b10-467b-8ee7-3de10fda9474,7946276.883574592,7946279.409698828,7946285.375889608,6033,200,2.526124236173928,5.966190779581666,960
d0449734-a2df-425b-ad35-ea9653733ca6,c7982c70-c5d4-4b9d-9f05-ceacbb6c0ad6,7946276.883563283,7946277.120301801,7946285.744019099,2039,200,0.23673851788043976,8.623717297799885,192
b47e0707-b580-403c-9444-9bdd7297aba2,27e00e2e-21f7-46b8-8008-d0a46fedbeee,7946275.883868709,7946276.726399319,7946285.8799026,739,200,0.8425306100398302,9.153503281064332,288
36e96ab2-0324-4928-a382-434aef8b4778,0936669e-5c64-4f1d-ada6-04ce9a565d14,7946275.883901893,7946277.3312531,7946285.905633219,2599,200,1.4473512070253491,8.574380118399858,16
dc5f6d59-9c45-474b-acee-39e91e0264d8,6be13090-1fa6-466d-b960-d0765f22b5e4,7946275.883883749,7946277.335804837,7946285.91015067,5940,200,1.4519210876896977,8.57434583362192,160
7ff40170-eab8-4e06-bf9a-830a15885441,89984c0f-ab73-4aa4-b3b8-e96bb2c0c5b1,7946275.883894718,7946277.953684292,7946285.943364414,3391,200,2.0697895735502243,7.9896801225841045,160
1708ec89-46a1-4f59-b0d5-699581bad1ea,ebb1bf48-399a-4ba9-b547-c624bdb481ef,7946275.883898217,7946277.953734237,7946285.943549885,5728,200,2.069836019538343,7.989815648645163,192
8c8a86ae-0dd2-4d77-a722-1c00f0147f4e,231beffe-da58-4516-af27-1182589624ee,7946275.883891357,7946278.547650662,7946285.962052188,5811,200,2.663759305141866,7.414401525631547,192
9794e0e0-e3ae-40db-b581-39b0830d7ef1,6f4a7340-4bd4-446a-8cc1-2367016ee48c,7946275.883887508,7946279.182119386,7946285.978255144,5791,200,3.2982318783178926,6.796135758049786,192
eae2f527-40ed-4cb2-b879-5212d9d52f03,bbcf2ca1-a472-4c7f-9404-4430eb3e7e19,7946276.883540948,7946279.803275492,7946286.005078497,1534,200,2.919734544120729,6.201803005300462,160
19fbac4d-cd0e-4157-858e-e1782abfa159,1d7c5bcf-74ff-44f5-a7c0-50054157f41a,7946276.883567308,7946277.531735591,7946286.109581118,5990,200,0.6481682825833559,8.577845527790487,176
b2a4c238-be35-40bd-bedc-4782986c6358,57ff1918-00a6-4f1f-abf1-71b1dec34e08,7946278.883269695,7946280.434718195,7946286.51955264,2134,200,1.5514485007151961,6.084834444336593,2080
e106f791-ac32-46ed-82f6-42b866249d3a,0510668b-2e39-4521-abbf-68606b666ffd,7946277.88357527,7946279.240215117,7946286.671193312,2812,200,1.3566398471593857,7.43097819481045,192
c198b012-eaa5-43b1-a0f3-0390d5d8db01,dc042378-78ad-458d-b1a6-44be64014146,7946277.883571043,7946279.240933317,7946286.67218172,1033,200,1.357362274080515,7.431248403154314,160
698a96b2-814c-4375-bdb6-e216e312d372,be47ec66-79ab-4aa4-bbaf-d9fef785d9a0,7946277.883582014,7946281.091670578,7946286.730421129,1147,200,3.208088564686477,5.638750550337136,160
47e7a9ba-9866-4307-ae24-6bc6970cf5e2,bd8eeb28-8ddb-4e89-a649-ed73109fdad4,7946277.88357895,7946281.093104029,7946286.7330431035,5772,200,3.2095250794664025,5.639939074404538,160
8c2252c3-222d-4aa5-8e94-e8c6627a929b,9d906d38-5a40-402b-9306-6739e6010f19,7946277.883561283,7946281.20593109,7946286.753808521,509,200,3.322369806468487,5.5478774309158325,192
c72bc41f-5630-498f-b350-d40c33368ab4,4df870a1-f984-48dc-93fb-96ee01475d6f,7946276.883571083,7946278.601953924,7946287.853032064,4656,200,1.718382840976119,9.251078139990568,192
86778a1d-02bc-4f16-96d4-4df39d638d0b,109911a5-9e24-4bdc-95c0-fd2a56571c91,7946280.883025148,7946282.228139198,7946289.550200769,5897,200,1.3451140504330397,7.322061570361257,176
61fbda91-dc38-47da-b795-e6c3d5e116c9,aeb913ad-d459-4fbd-906a-cf6ac2bb3fd1,7946280.883044296,7946282.8367798515,7946289.5666293185,5661,200,1.9537355555221438,6.729849467054009,224
d54f0ad8-b63b-4609-834e-a01c0f00b588,53775c11-23d0-4c0f-9a63-56b35a9ba870,7946280.883034257,7946282.840146198,7946289.5716712,5694,200,1.9571119407191873,6.7315250020474195,176
3907a2f3-360b-4f53-a800-e79391996892,1628d450-3fc3-4b73-9923-fce01e9f48ee,7946281.885792284,7946284.034320341,7946289.609042457,3495,200,2.1485280571505427,5.574722115881741,192
e7cc6103-2165-4163-a1e6-ad81dae0e5b0,fb6d507d-694c-4402-9d45-f0e30b2ce003,7946281.883971871,7946284.037573521,7946289.612775926,1575,200,2.15360165014863,5.575202404521406,192
e07e0c27-1d30-4e6a-9583-6e9ff5f8d502,cb5f3703-6da0-4120-9adb-188860ebbdd5,7946281.885784921,7946284.035457672,7946289.611664335,2132,200,2.1496727503836155,5.576206663623452,192
4f8a5ced-284a-4ac2-ae5a-c007451d29bb,50844e5e-9277-49cc-b561-36669f0ad23e,7946282.883251337,7946284.646902397,7946289.633008516,3495,200,1.7636510599404573,4.986106119118631,192
16f215ca-ccb9-4f2a-8219-25fdc4b7d614,04b0e516-69f4-450c-9856-35e89097255e,7946278.883277152,7946280.444920464,7946289.823083575,5844,200,1.5616433126851916,9.378163110464811,176
76b13cfd-84fb-4e36-8094-712cb403173f,1d752596-f454-4264-b645-3b61ae3e70bc,7946278.883258575,7946281.096618394,7946289.849245941,5745,200,2.213359819725156,8.75262754689902,192
4bb02aa2-0c28-4ea6-863c-ab9dc688ded3,e4dc0ced-f82e-4bf7-a8a7-2b3c0cd1ba02,7946278.883273552,7946281.698316641,7946289.870829954,1510,200,2.815043088980019,8.172513312660158,176
272487bf-7bf6-4343-9a37-bb7fd9277625,b65fe60e-4835-4a42-9562-b7704e085306,7946279.883424891,7946282.336605565,7946289.902211108,4033,200,2.453180673532188,7.565605543553829,176
fed18c89-b8b2-4963-b3fd-139fb1f364c5,240c36b4-8f22-4cfd-bfbb-90147dc774e6,7946279.883421582,7946282.9703668,7946289.934298867,5979,200,3.0869452180340886,6.963932067155838,176
4f97cfd8-36e3-408b-8771-f8b96809b82b,d2e35e05-d494-455b-8b64-3602cd992e55,7946281.885780447,7946284.243114469,7946289.966585296,474,200,2.3573340214788914,5.723470827564597,464
279ee14f-0369-48e4-b20e-b89bc38d78c8,dcc8b99b-cc01-4910-9253-2bf89c553910,7946283.883150431,7946284.735905507,7946289.985276294,1609,200,0.8527550753206015,5.249370787292719,160
250a5090-31d9-40a8-b77b-3a75cbab4b8e,d2d5bd84-b3bd-4a48-8157-0a1a9475ba55,7946279.883417732,7946282.065268757,7946290.00679759,2405,200,2.1818510247394443,7.941528833471239,176
7268326b-5c1f-402d-bc59-2328a4c35ee6,b4c5b65e-b0b2-4149-a9a2-a49a11473845,7946279.883403343,7946282.066591938,7946290.009555647,5651,200,2.18318859487772,7.942963709123433,160
3340ea62-2bf1-41ef-b85d-b641fbce6bfd,c13d9418-24a3-4ed3-8a2f-34e200890302,7946279.883428383,7946282.063837767,7946290.0107263,934,200,2.1804093839600682,7.946888533420861,224
f0db9c3b-fa9a-45e1-804e-b62ce517e8d8,7d9a3919-67da-44b2-b824-fb9926b6da15,7946282.883255083,7946283.33566722,7946290.169477129,4624,200,0.4524121368303895,6.833809909410775,224
56bf83bd-4c5b-44a6-ab50-8f520d4c4221,70e7939a-901f-448b-86db-5ca1cf795b25,7946280.883037374,7946281.561374865,7946290.488403253,5885,200,0.6783374901860952,8.92702838871628,192
23b38ae8-00ab-48e8-afeb-8589aedbd537,f2c8fa8a-6fa2-439d-8757-8199060b169a,7946280.883040055,7946282.205397184,7946290.51224749,4700,200,1.3223571293056011,8.306850305758417,176
2b1f18fe-5202-4c37-b0c5-8b0a072d0f5d,8b3b7df3-f53b-4397-b9ae-1bd08411c732,7946280.883042403,7946282.205564482,7946290.514080124,5758,200,1.3225220795720816,8.308515641838312,176
f698d971-3877-44fe-8aed-ab81f6e18f4c,e4e8f086-4b5a-4d8b-b272-2700f2ab0698,7946281.885750979,7946283.445171131,7946290.560803135,5837,200,1.5594201516360044,7.115632004104555,224
a1890b75-12e2-400d-805b-94e5e3546f7c,33ea6c12-64ad-418c-9fdf-8678e88b1bad,7946281.885788813,7946284.077973613,7946290.5799404215,5990,200,2.192184799350798,6.501966808922589,160
1f5b17b2-2ea7-47d9-a7de-6988df24c13a,210df3c6-51ac-493b-bbda-636788eacdb7,7946283.8831316,7946285.019724178,7946290.679962953,3031,200,1.1365925781428814,5.660238774493337,224
fba15a58-1380-438c-94ee-aca0eedf1cce,ec1c5ea7-b4c6-4a5d-b57d-9ddcfc5712bc,7946282.883238646,7946283.378983093,7946291.033768973,5948,200,0.49574444722384214,7.6547858798876405,176
a114d505-4e25-40b2-8540-b758a365c26c,26f6e7fb-05d7-47ec-9c49-43b5ac7aed02,7946281.885796083,7946282.235448079,7946291.262997405,3642,200,0.3496519960463047,9.027549325488508,176
812e1957-e839-4d0d-9c5a-18b3b989ba69,0bd71f2d-8ff1-4b8b-a899-9b785a451bbb,7946281.885775684,7946282.72595556,7946291.9690066455,1336,200,0.8401798754930496,9.243051085621119,1248
9c021a80-45d6-4e65-a05b-e0b502886d64,48025e73-e03f-47a3-89fc-cb934ceacb18,7946282.883258329,7946283.26708189,7946292.183411476,4028,200,0.3838235614821315,8.916329585947096,192
5b8a9a35-0b25-4cfe-8ca7-0e6a2bb61c40,25764557-8d50-4bc3-8d58-ccb7ee44ac5a,7946283.883148043,7946284.40596588,7946292.636894023,2352,200,0.5228178361430764,8.23092814348638,224
fb7af650-a7ac-4d1a-ac91-489aa5f7e308,6fb86cb0-b646-4ecd-8730-d6ed365d30a3,7946283.883143578,7946284.390481614,7946292.8220495805,5871,200,0.507338035851717,8.431567966938019,160
64b23286-91f2-4b7e-9289-ff6bd186655e,623901f7-e6f9-48bd-828b-b5728990d3b2,7946286.883517019,7946287.638114684,7946293.926649258,2570,200,0.7545976648107171,6.288534573279321,192
fd3c1493-3de7-4a4b-b3c7-34b01be26d1d,ddf859b5-dde2-43b4-ac73-c5baf651f446,7946286.883526123,7946287.637369268,7946293.926326992,1729,200,0.7538431445136666,6.288957724347711,224
17788f7f-446f-4279-9ebc-6b56bce4c59c,c0b7d39b-a900-41e1-ab87-0dae194f0135,7946284.883230935,7946285.195421246,7946294.184691205,3571,200,0.3121903110295534,8.989269958809018,192
b4c45bcd-ff60-4d60-aa5f-f1c090664ef3,f5eff546-183e-4cec-8960-21f5d535335a,7946284.883243976,7946285.804641549,7946294.206515713,5992,200,0.9213975723832846,8.401874164119363,176
5def290d-4714-459b-9c7d-c68372acdd54,c56b9229-6877-464d-915f-96351da897ef,7946287.88326528,7946288.86949756,7946294.629639574,4707,200,0.9862322797998786,5.760142014361918,224
e2fda563-0c29-4b7e-b87f-279ce342db64,35c9b5dc-29e8-498f-9ad8-87fe22f17021,7946287.883244216,7946288.872240699,7946294.634118884,2257,200,0.9889964824542403,5.761878184974194,176
654e16b0-d96a-4dd7-bddb-4de51cd327c9,825675cb-f150-435a-a754-aa57988c056f,7946287.883272407,7946289.255090552,7946294.648325626,5889,200,1.371818145737052,5.393235073424876,176
20473200-b049-4d01-b593-e972f7c9f3e4,dced35a2-1f71-49ea-a75d-eee733b63868,7946288.883748866,7946289.694785013,7946294.6684550475,5784,200,0.8110361471772194,4.97367003466934,160
c69c2106-90bd-4a9f-af9b-9198e7c5fbbf,8ecf5eb7-d68c-4a1a-9734-eaf9544cf0f8,7946285.883236842,7946286.3809554055,7946294.8031366905,5947,200,0.4977185633033514,8.422181284986436,1216
997fd81e-1830-49b3-ab01-73358e64ec1f,3357a07f-5bdc-45f0-8791-aeac036a93b7,7946285.883225971,7946287.556387156,7946295.559730998,1564,200,1.6731611853465438,8.003343841992319,176
be7ed4e0-b3af-4c47-8323-e2fa5212648a,e99f0ad9-ca51-4ebc-8462-fe9ebb8c761e,7946285.883231898,7946287.555412719,7946295.559602047,1039,200,1.6721808211877942,8.004189328290522,176
067c761c-ed54-4ef0-a0a8-85ec4b90a272,57bce021-31a9-4e18-abb7-e343db79493f,7946285.883215975,7946287.558657321,7946295.563557062,5957,200,1.6754413461312652,8.004899741150439,224
d8e0a40c-c336-45a4-a19b-d645bbcee1f6,af58fe18-5abf-4a30-a78b-73561c06d4f2,7946285.88322916,7946288.180266523,7946295.582259777,2428,200,2.297037363052368,7.401993254199624,16
5799f542-6f24-4828-86ad-5e610e6194a9,e9cfb301-71d8-484a-8756-4676879b5e86,7946285.883239946,7946288.791236986,7946295.598945688,5796,200,2.907997040078044,6.807708702050149,176
9d09ba34-331a-4b7f-9021-b0a23d5553bf,4890f004-8473-4e87-ad72-f47223ed1312,7946285.883223048,7946288.796467678,7946295.60442377,3707,200,2.913244629278779,6.807956092059612,192
056feab1-4302-4ed3-abcd-620533010b74,6ec635c0-f7da-4c2c-a7f4-be19d54eedfb,7946285.883234174,7946289.2538391575,7946295.621466347,5018,200,3.3706049835309386,6.367627189494669,192
42726903-1864-4379-ad55-a8272eefdcd9,30148b5c-2b5e-4684-bbba-6e466a5a8f02,7946288.883746218,7946289.629644652,7946295.644871687,3502,200,0.7458984339609742,6.015227034687996,224
570d7e11-c133-4762-9dd9-6becbd3366e9,0b745e6f-d44a-48f9-a807-a21f2458356f,7946287.883268937,7946290.166535522,7946296.313496298,6008,200,2.2832665853202343,6.146960776299238,160
95e6a44f-be7c-40dc-8cbe-8093b83a0a96,905b7b66-f9e8-4004-b125-fe3a30572297,7946287.883257651,7946290.169343295,7946296.316775452,2593,200,2.2860856438055634,6.147432157769799,160
6539cbfd-4986-42ee-a32f-5e55791929cc,dc8da506-377a-47db-b74b-fa65c921225f,7946288.883742103,7946290.607112895,7946296.333685172,6025,200,1.72337079141289,5.726572277024388,192
4ccc332b-5ed1-478d-8109-bf37b3a2dec7,ec035cd5-4099-445f-80a6-d885e8148b75,7946287.883261418,7946288.300000214,7946296.455733976,2686,200,0.41673879604786634,8.155733762308955,448
4a2c49b5-b04a-4806-bcf7-261d6467c97d,f4aff892-842b-4e98-af4c-cfd1deacf96e,7946288.883751917,7946289.085454694,7946297.064961292,2203,200,0.2017027772963047,7.979506597854197,416
5a9f31f1-c7f6-4e91-a9ee-3580753e7cdd,cd915048-11fd-46b6-9dd8-c6d53337db9a,7946288.883728281,7946288.962239905,7946298.037710666,631,200,0.078511624597013,9.075470760464668,544
1f5129ed-d587-4848-a755-237c5a6b696a,03660c29-973b-47cf-a282-e5f41700788c,7946289.883516867,7946290.448287567,7946299.8531117095,6184,200,0.5647707004100084,9.404824142344296,192
6372cb52-2ffe-410e-a2e5-196beddf6970,b1d48415-2679-4cdf-930c-839699995501,7946289.883520376,7946291.079375533,7946299.877000995,3288,200,1.1958551574498415,8.79762546159327,176
d35f4a3c-7140-4621-a19c-a5c323722802,07664316-d6e1-41da-94de-93685a509c09,7946289.883492484,7946291.218218979,7946300.2984948745,5893,200,1.334726495668292,9.08027589507401,192
182abcf0-9d3b-414d-a598-e3490486f723,e0cfc694-73d4-4603-9a29-1bdf768266fa,7946289.883504743,7946291.819483525,7946300.3212505225,1822,200,1.935978782363236,8.501766997389495,160
ee7e64d1-16e8-42b9-bed4-7c8be7d6443f,0a424db1-d8ea-438e-b44d-65ffe2623299,7946289.883508649,7946291.819042728,7946300.322477493,5789,200,1.9355340795591474,8.503434765152633,160
6ce30c60-d177-484c-88be-7b9ba0709ac7,f7ee062d-4842-49dc-93fa-f6db64295351,7946289.883512663,7946292.432574261,7946300.347083775,5963,200,2.5490615982562304,7.914509514346719,176
0e44a3dc-b94e-4ee8-b03b-ddb7fa17505c,77c5fe55-dea3-47e3-9fa4-17d19b193453,7946290.882993655,7946293.043212116,7946300.37016295,5863,200,2.160218460485339,7.326950834132731,192
8b64c486-0d2d-4374-be30-638da4d3564a,1df59d7e-3949-4771-9ddc-e9beefe99db9,7946291.883702516,7946293.041984881,7946300.36984245,1849,200,1.1582823656499386,7.327857568860054,192
5f7168be-6d2e-4d23-a6e7-ad757dee184c,d63cb699-0e5b-4352-80c6-4c8a1661e7d1,7946290.883030122,7946291.848925629,7946300.392809106,3030,200,0.9658955065533519,8.543883477337658,192
c472d77a-b1f1-4516-a928-0618272b0607,11125870-5b26-45ea-8fba-47c68888a24c,7946290.883012551,7946291.85171292,7946300.395883166,2952,200,0.9687003688886762,8.544170246459544,224
965fb532-79db-49ee-881e-c83519fa7e31,a59afcff-3049-48a3-b277-5a727d2c27e6,7946291.883699293,7946292.332513795,7946300.538265028,3236,200,0.44881450198590755,8.205751232802868,192
69bbf918-434f-4a77-b95e-215083116c1a,245b7a91-93c8-47b9-8809-04cba8eebd79,7946290.883006102,7946292.97857442,7946300.820333489,5829,200,2.0955683179199696,7.841759068891406,192
4987b9d3-ae35-4dcc-80a3-5395ee5d7577,471160fa-a8fe-4f94-b069-9a59621350cb,7946290.883009518,7946293.619961309,7946301.321735239,5962,200,2.7369517916813493,7.701773929409683,160
0ad10298-96bb-4ea1-ac12-c02f08363089,353806f6-670c-40e6-972c-678e8c5266b7,7946290.883023833,7946293.618627422,7946301.322098422,4107,200,2.7356035886332393,7.703471000306308,176
79115c34-15dc-40b2-96f8-2fbe4efdb92d,161005e4-9356-4adc-9089-3e438b2ab322,7946290.883026942,7946294.255822696,7946301.340416614,5783,200,3.3727957541123033,7.084593918174505,176
832cfaf5-207b-4be9-bfe4-a4d69b1371a5,9b9edbc7-220b-4ac4-815e-b9209e973b09,7946290.883020544,7946293.582959922,7946301.370455529,4430,200,2.699939377605915,7.7874956065788865,192
73d3d7be-67c6-4c73-a39f-ebca600f08aa,50a6fd55-dd24-4441-9105-8785b6a488a7,7946293.883140262,7946294.69618048,7946301.417341288,1588,200,0.813040217384696,6.721160808578134,224
117fd342-1985-4996-90dc-a2e5de59e74c,795cc20d-671d-410c-bce2-c55dbac8dc37,7946291.883688691,7946294.698198669,7946301.420209472,5941,200,2.8145099775865674,6.722010803408921,192
3ba72e27-0758-42aa-82de-a80340252b34,6a06774c-a655-4c0f-9a71-d2ddd55097d6,7946292.883736563,7946292.948166801,7946302.524623138,358,200,0.06443023774772882,9.576456337235868,160
3269b708-f001-4fb3-8243-88a39110979a,6aa47392-d059-41e1-b0df-daff049d420c,7946293.883129329,7946294.559523812,7946303.413009548,6088,200,0.6763944821432233,8.853485736064613,176
dea390c4-bae1-4f18-85a0-415a877494dd,45ac5512-7ff4-4619-88d8-49c256d2e88b,7946293.883143762,7946294.367447406,7946303.599963993,5828,200,0.4843036439269781,9.232516586780548,192
3095db17-5319-42bb-85c7-b386b8bac698,7aedc914-42e9-47b9-bc06-d5469496c73b,7946294.883928107,7946297.15947396,7946304.168219419,5828,200,2.275545853190124,7.008745458908379,176
8310281f-0c7f-4a80-a9f6-297790575c7d,f4aff892-842b-4e98-af4c-cfd1deacf96e,7946294.883931311,7946297.779430167,7946304.190175499,2213,200,2.8954988559708,6.410745332017541,288
b34811d3-faeb-4b71-a317-6d0bab808fd4,5e34dc58-8d28-4946-b67f-f69a67bb089a,7946294.883941419,7946298.407232111,7946304.208264551,5812,200,3.523290691897273,5.801032439805567,160
de511ad2-116e-48b5-bebc-c1dcb267908a,151f5f76-882e-418a-9422-f04915156328,7946295.883539804,7946298.4091081815,7946304.211779448,359,200,2.525568377226591,5.802671266719699,192
21fddb98-280f-4ffd-95dc-2ecb44912e50,d3954709-3e90-4162-b807-366fedb25f30,7946297.883141914,7946298.832516936,7946304.231046852,2592,200,0.9493750212714076,5.398529916070402,2336
3f5d6567-43a4-4ba6-8604-4cfc03f6413f,a7fe60ad-86de-4de6-a1b1-c7f1fc1cb0c0,7946298.883322011,7946299.356638971,7946304.374531511,3401,200,0.4733169600367546,5.017892540432513,176
2fc3a863-bbf1-4686-94f0-ce17bd283ed5,e74245db-a56d-47ca-9c2a-8e63314d403e,7946294.883918513,7946296.025504901,7946304.531892577,2873,200,1.1415863884612918,8.506387676112354,160
197b1613-96c0-4e61-87ff-06d8091176ee,e252c7b2-268a-46f8-9aef-034d91473c0c,7946294.883934574,7946296.610083857,7946304.550624653,5997,200,1.7261492824181914,7.940540796145797,160
550eade3-d35c-47ad-9664-b6525b21f68b,a97b3419-50d1-4d99-ba18-6269343a8188,7946294.883937945,7946297.236824347,7946304.571334789,3593,200,2.3528864020481706,7.334510441869497,160
a10956d8-5cc3-42e8-9d1c-7f21f7522f9b,b7795841-e87f-48a1-b8b8-68640b01c350,7946295.883547328,7946297.861398637,7946304.59061351,3679,200,1.9778513088822365,6.729214873164892,160
2fe47385-d3b9-487f-8846-d7ed724d6fa0,a4bf666e-08c0-432d-b95f-de037f8142af,7946297.883144614,7946298.890628801,7946304.631080729,5940,200,1.0074841864407063,5.74045192822814,192
da77e3e6-b222-434d-9f0e-53ee0a837492,fba72a56-cd36-4731-8af1-a04f79c5aabf,7946297.883119732,7946298.896825799,7946304.636022461,2553,200,1.0137060666456819,5.739196661859751,192
bc80c309-f8c8-492b-9442-cd839ba6779c,94392b0d-8f83-4e2b-80c5-1cb03c746275,7946298.883315806,7946299.664823507,7946304.7009131415,3981,200,0.7815077006816864,5.036089634522796,192
7c4b78a7-4813-4ad5-95f2-fa89c71e93cb,170812a6-cb38-4169-bec1-bbe2e86c6001,7946299.883684341,7946300.045898911,7946304.904855382,1565,200,0.16221456974744797,4.858956471085548,256
143ae1a1-e9cf-44d8-b04c-46e40c2d6d61,7d83a754-194c-4131-be9f-21b4f40d2af1,7946295.883528936,7946297.346835413,7946305.303935659,5564,200,1.4633064772933722,7.957100246101618,192
570040e5-b7dc-4d7e-b0dd-4f9ea5b0532f,e7ddf100-0645-4d83-9de1-cdfd98d12da1,7946295.883536504,7946297.34553951,7946305.303579949,3589,200,1.4620030065998435,7.958040438592434,176
9cf76cd8-2bff-4171-aa49-73c63bc39d66,461b8a8a-fc1a-4527-a296-04cb42ef41e8,7946295.883519237,7946297.961129297,7946305.32764888,3238,200,2.0776100596413016,7.366519583389163,224
31fac83f-cc0a-4727-b64a-66380228e500,c1b75d15-4b27-406d-967a-f255a4effcdf,7946295.883543541,7946298.585976719,7946305.344178224,5937,200,2.702433178201318,6.758201505057514,176
af9ab883-e842-4b2e-ac3b-2e0a3ab2114e,53331c8b-4eec-428f-89e8-96e8338db919,7946295.883533098,7946299.2079549935,7946305.366664909,5815,200,3.3244218956679106,6.158709915354848,160
895d9e9b-f528-4d97-8f26-ec12b0232f58,934886bb-967b-466f-ae2a-130630c0b4d5,7946297.883154458,7946299.792064667,7946305.382546638,588,200,1.9089102083817124,5.590481971390545,192
6111fd0e-48d7-4da8-9499-3088732a0b4c,af58fe18-5abf-4a30-a78b-73561c06d4f2,7946298.883325403,7946299.790440522,7946305.382736851,2380,200,0.9071151195093989,5.592296329326928,480
8116d832-3267-49f7-8b53-16c9b3074bf9,07c6cfe5-ddc2-4943-8c6c-6cb93009af4e,7946299.883673926,7946300.383093591,7946305.510314831,5902,200,0.49941966496407986,5.127221239730716,176
222b479b-5bd3-44f7-90b7-1d4959562e52,c0e3d991-e188-4f78-8b8e-5dd01a6f8850,7946296.883671021,7946298.169318687,7946305.994620066,2546,200,1.2856476660817862,7.825301378965378,256
a7908f19-380d-4ec7-9f50-dcf3ffb34458,ceb63c9d-93ca-445d-9e1d-fe8b5b88d14c,7946296.883680346,7946298.168795715,7946305.994422428,5869,200,1.2851153686642647,7.825626713223755,224
97c88f0b-b7a3-4fbd-86ae-249423bc4534,0f386fc6-2621-495e-924c-56970457578f,7946296.883687571,7946299.420936995,7946306.024672828,5906,200,2.537249424494803,6.6037358324974775,192
dc860458-62f2-4d87-8cac-0119fa00e641,ce509adb-84cd-4828-852b-e10802b976ce,7946296.883684041,7946300.014073062,7946306.041526434,595,200,3.1303890207782388,6.027453372254968,160
7b9aab05-909d-47b5-9d76-37668334acba,e8a795ee-9f90-4976-894b-7318b1215e72,7946297.88315079,7946300.618825046,7946306.056240483,5639,200,2.7356742564588785,5.4374154368415475,160
cb0e2297-2487-4504-8865-c38a39d3b28e,57ff1918-00a6-4f1f-abf1-71b1dec34e08,7946297.883147388,7946300.619581658,7946306.057243163,2173,200,2.7364342706277966,5.437661504372954,2112
cc48265f-ceb1-45a1-a8ee-66e624d09c99,2640c64b-b58e-4eac-8e19-d9e509af1f52,7946298.883293552,7946301.264924268,7946306.077846107,5766,200,2.3816307159140706,4.812921838834882,224
790040f9-11f6-48ab-ac11-8ee35f43bbd9,04c151c1-ee98-4835-b8ba-1681eccdd922,7946297.883136768,7946298.654586811,7946306.434006951,6495,200,0.7714500427246094,7.779420140199363,1648
bc39448c-1ac1-4f0f-a18d-73bedb25c06a,d3326a24-2cfe-423c-b12e-a234f3b6df37,7946298.883328678,7946299.748418008,7946306.47115821,5836,200,0.8650893298909068,6.722740202210844,224
dd5c52a7-46b8-416c-b793-6a1d555f24b1,3ee16a31-eef8-4342-9c4e-7c45a1871994,7946299.883681248,7946300.044532209,7946306.636343311,1296,200,0.16085096076130867,6.59181110188365,192
502f7291-1122-43a3-8ed8-94b7b741b1c5,6438b31e-b086-495f-8c72-0c6603de3583,7946297.883131622,7946297.991026443,7946306.942556813,592,200,0.10789482109248638,8.95153036992997,192
7be39d3c-9885-4d23-9c7b-22c854687d31,de302346-0e5b-4da8-ba0f-d440eba8675a,7946298.883318679,7946299.547560209,7946307.570838695,6042,200,0.6642415300011635,8.02327848598361,192
9b96b826-efc2-4f24-9463-4e87244bd2fb,dec5032f-5640-4adb-8120-132fbe0e8a7b,7946298.883312253,7946299.736810406,7946307.903202757,2412,200,0.8534981524571776,8.16639235150069,288
9a2eb9cc-599b-46ed-ac63-777722014058,33112398-5129-4e1e-868e-09609c2b6bee,7946298.883305611,7946299.738696404,7946307.9062501155,2644,200,0.8553907927125692,8.167553711682558,176
8933fe1b-e36b-4dce-bd77-a9dbe75de4f1,be87db14-1251-411b-a2d2-32b73d635bc4,7946300.883514189,7946301.153356565,7946308.5513987355,2971,200,0.2698423760011792,7.398042170330882,160
43300dac-14e8-4b35-9689-acd7944fa1e1,bae42ab0-315a-422a-8e89-6a7cf4b10773,7946298.883309219,7946299.889433542,7946308.63628352,5913,200,1.006124323233962,8.74684997741133,160
45cc3abc-7573-43d7-9e0b-c9e262d0ae31,83c43919-a2bc-41bd-8bf8-b7585910d60a,7946300.883507325,7946302.126991837,7946310.388745753,1163,200,1.2434845119714737,8.261753915809095,224
330cc783-53ed-4dd8-9551-0148e7628374,ccd8f2c3-44d3-41c4-91db-1ba4dc5f9701,7946300.88349827,7946302.12839309,7946310.390979634,2742,200,1.244894820265472,8.26258654333651,192
2f7ea6b6-0489-4a8c-a2c8-37bab7c7ecba,70da4a8b-eece-46eb-8b9e-2f1c28b4f670,7946300.883517559,7946302.125754095,7946310.388333844,3481,200,1.2422365359961987,8.262579749338329,192
8f78c4d8-73ae-4544-af15-d00c8a35582a,a2d50e13-b70d-4fc7-ae7b-c9da9cadaf6a,7946300.88351079,7946302.734925492,7946310.410221236,5659,200,1.8514147019013762,7.675295744091272,224
ae54153c-d361-4230-8482-06761f95a9ad,b4527815-5a94-4cdd-8d25-4cd8b6f2f33f,7946303.883412797,7946304.237480092,7946310.981360993,2397,200,0.35406729485839605,6.7438809014856815,256
710fa7d8-1694-4fc6-9a1d-ef4168a8bde4,1bb39ff9-0ea5-419f-a37c-928f0db0f068,7946301.883192892,7946303.552294076,7946311.473383183,2080,200,1.669101184234023,7.9210891062393785,176
48c54e7d-7d94-4ead-82fa-4c83b72b94a2,cfba0479-b5d0-449b-bc96-f06bacbea9a8,7946301.883185155,7946303.553884825,7946311.47472251,2859,200,1.6706996699795127,7.920837685465813,288
ed113b32-6813-4f5a-97e9-2ad3887adf4b,fc0804dd-2f2c-4652-a7ad-2d9b311e21e9,7946302.883923067,7946304.808561851,7946311.513132437,3979,200,1.9246387844905257,6.704570585861802,176
448faeab-d7a0-4994-bb10-f964733f2bdd,a87c1e2c-7a49-4744-9e7f-268e78b88eee,7946303.883415873,7946305.290897936,7946311.534033895,972,200,1.4074820624664426,6.243135958909988,192
1850b8c9-05ad-4ca7-a63c-aad5a5fc9eae,9b851f62-5c3b-4f7e-9c1c-652e52982025,7946301.883175553,7946302.755821383,7946311.684667964,785,200,0.8726458298042417,8.928846580907702,160
c4e2349f-ff76-4d29-a9e4-592fd20b7061,4b349825-4e43-44a5-8995-af5b8ec8780f,7946301.883188954,7946302.754625337,7946311.683741894,3790,200,0.871436383575201,8.929116556420922,176
141cc419-6b19-47db-8d61-93844bf8bcf1,6c9f1413-e467-4d64-be9e-c1beccfa7d1a,7946301.883196533,7946302.7538353,7946311.683931661,2322,200,0.8706387672573328,8.930096360854805,224
d88ae0d6-2995-4e26-8dc3-872a70950f4a,0bd71f2d-8ff1-4b8b-a899-9b785a451bbb,7946303.883398593,7946303.944858791,7946311.689677365,1392,200,0.061460197903215885,7.744818573817611,1296
28add79d-e5cf-4630-a6bf-d38e7f4a35bc,6459e9c0-ac3f-4f1e-a735-823b3c83d15f,7946302.883909387,7946303.563418189,7946311.900437404,2836,200,0.6795088024809957,8.337019215337932,160
3f18f475-3fac-4959-bb08-e4973adb3049,28923570-dc4f-40ce-95e1-9bd4d262af79,7946302.883919548,7946304.013637723,7946311.9113316145,5932,200,1.1297181751579046,7.897693891078234,192
79f5ed1e-ec0a-48f9-b5a1-3d685e835c4c,d1a58fee-2699-4cde-8dec-5a26bda64889,7946303.883409053,7946304.354848225,7946311.94467188,3110,200,0.4714391715824604,7.58982365578413,192
7366fcf5-2652-4e3c-9956-e8e4429c2e64,be47ec66-79ab-4aa4-bbaf-d9fef785d9a0,7946303.883418688,7946303.94829686,7946312.532949647,1299,200,0.06487817224115133,8.584652787074447,1136
cb4fc6f4-c0e5-45b3-9fd9-309bc0d4b3aa,8cb1914f-d8d8-4dc5-a5c1-41cb5213fa37,7946304.883025154,7946306.01351135,7946313.722030868,3314,200,1.1304861968383193,7.708519517444074,176
dedf030e-ed1b-432e-9d57-aae083618ff1,f2a16fba-8442-4899-b829-ef700bbd4eb1,7946304.883013436,7946306.014434703,7946313.723657308,5088,200,1.131421267054975,7.7092226054519415,192
0537a071-131c-4978-8ca6-73751ffd6f1c,fda1a843-8c94-4359-a21c-7bd6444db827,7946305.883848172,7946307.863209761,7946313.78436972,631,200,1.9793615890666842,5.92115995939821,176
274fa5da-dacc-4041-9b24-a897061b7dcf,ea0112a1-5acd-4249-9207-038c80625b12,7946305.88385117,7946307.863185998,7946313.78492888,5876,200,1.9793348284438252,5.9217428816482425,176
383628a0-9ed0-410c-abdf-693380226722,26f6e7fb-05d7-47ec-9c49-43b5ac7aed02,7946305.883828992,7946306.278063961,7946313.798593512,3893,200,0.39423496928066015,7.520529550500214,160
24f4aeb1-178e-4c0a-8b5c-4f9e0512ed73,ac827f15-c5cc-4d2f-908e-4b8596ec5e96,7946305.88383922,7946306.817200544,7946313.820336666,6395,200,0.9333613244816661,7.0031361216679215,192
79115911-3ba5-4b97-8a5c-9f07b343cd77,c8b7ff65-cf0d-44ff-991e-2b8fd4458b22,7946307.883421833,7946308.743312402,7946313.844621115,4790,200,0.8598905690014362,5.101308713667095,176
a1fb807c-762e-4c29-bb69-e2d0f51e3869,af58fe18-5abf-4a30-a78b-73561c06d4f2,7946305.883845389,7946307.556767977,7946314.084291965,2380,200,1.672922587953508,6.527523987926543,2368
5305f2fd-d7fe-47a2-88f1-25877044e2fd,8bfd814d-28ab-4cb5-b72a-dd26380f4984,7946305.883842219,7946307.557617476,7946314.085690985,5914,200,1.6737752575427294,6.528073509223759,192
547c345f-b8f0-4382-91ff-2cce3fb79a03,a941116a-c518-4f7b-bc3c-311e10bec57b,7946307.883437,7946308.509061658,7946314.124889522,1035,200,0.6256246576085687,5.615827864035964,176
eef5788f-8dea-4d70-b1b6-aa002849e0b0,4890f004-8473-4e87-ad72-f47223ed1312,7946306.883923934,7946308.508850664,7946314.125307869,3707,200,1.6249267300590873,5.61645720526576,3696
e08d14f6-b983-4c4f-9c52-bdda97decc47,240c36b4-8f22-4cfd-bfbb-90147dc774e6,7946306.883920193,7946307.408533776,7946316.590515674,5979,200,0.5246135834604502,9.18198189791292,176
eacd4008-c4b5-424f-9c84-f06a05e9447f,14141ec7-cddf-437f-8727-cf3bc4ae468c,7946307.883425749,7946308.288066184,7946316.598689713,721,200,0.4046404352411628,8.310623528435826,176
2b4c2990-6a6f-493b-a34a-5d275b0ffd69,1ba8fcf4-b3c2-4320-a37d-806f78c0ae0a,7946307.883429322,7946308.3334648525,7946316.83926925,3827,200,0.4500355301424861,8.505804397165775,176
b5ac88ab-6c96-4b79-a3b8-83933aaa3a7c,4681109f-b6ac-4c2e-b51b-95fbb0ccf6fc,7946306.883896587,7946308.351564312,7946317.262218703,5030,200,1.4676677249372005,8.910654390230775,224
c77f673d-7b8b-454c-9ba6-c9f66e65153c,f5b97146-dcd1-49f1-afff-ca5345e46e8b,7946306.88391042,7946308.350069865,7946317.261622005,6007,200,1.4661594443023205,8.91155214048922,160
49d86d58-7d92-4fd8-bc2b-fa2ce23958e2,58843bbc-fa60-4c1f-af2c-099aaaad1548,7946306.883927828,7946309.570537967,7946317.301812869,1923,200,2.686610138975084,7.731274901889265,176
bd9996ef-4410-41b3-bf64-9cf22b32a455,b7660a54-c8d6-4417-beda-becfd4ccc9ca,7946306.883917229,7946310.210557406,7946317.32730845,5750,200,3.3266401765868068,7.11675104405731,288
f0f09d33-f178-4ac3-a057-033d74a5b5f9,ed4008e7-8fb2-4c86-98dd-bbd7d9a96ecf,7946306.883906485,7946310.826101813,7946317.348653374,6022,200,3.9421953288838267,6.5225515607744455,176
a59e183f-361a-4e1d-b98a-55076d3becf0,cb5f3703-6da0-4120-9adb-188860ebbdd5,7946306.883913739,7946310.825447523,7946317.348642545,2132,200,3.9415337843820453,6.523195021785796,192
e4374b33-20af-435f-ba7c-e8088aa9a2ad,4008439a-7054-4643-abe9-8e6901c83b3f,7946309.883250354,7946312.0425876565,7946317.390912758,510,200,2.1593373026698828,5.348325101658702,288
39b1c041-51f8-41ad-a7cd-d5e00f91c766,88e4bd73-dff8-4ef1-a2ff-0f0f1c369eb3,7946307.88341071,7946312.043064777,7946317.3912816355,3300,200,4.159654066897929,5.348216858692467,176
c2902f4b-7cd5-41b6-855c-7e8641da57b3,57ff1918-00a6-4f1f-abf1-71b1dec34e08,7946310.883309477,7946312.26035676,7946317.405968741,2204,200,1.3770472826436162,5.145611980929971,2144
213cfef0-8b51-4cd2-873c-108b71990de7,35c9b5dc-29e8-498f-9ad8-87fe22f17021,7946308.883107505,7946309.129686912,7946318.047319456,2437,200,0.24657940678298473,8.917632544413209,176
d796147e-b955-4daf-a2dc-f404f355472e,5ef28ed9-d9ba-4069-8337-a1edc2905941,7946307.883432898,7946308.389489005,7946319.004213985,5832,200,0.5060561075806618,10.614724979735911,224
3de67c20-592a-40b2-a197-858086e9c33b,49f32e14-6b35-435d-bcf2-ffde177188b3,7946309.883270246,7946310.151502909,7946319.007928438,2390,200,0.26823266316205263,8.856425528414547,192
922088d1-33ad-4ae4-ac10-f12e09101800,aa942eaa-fb40-4ee4-a6e1-593548ba0dbd,7946308.883104425,7946309.674590582,7946319.012671442,5890,200,0.791486157104373,9.338080859743059,192
64f2704f-1dd2-4f46-82cb-ee183ce51f8e,e214ec5e-819d-494d-96be-4f44b7317ecc,7946309.883266866,7946311.01776553,7946319.013325909,2640,200,1.1344986641779542,7.99556037876755,176
fcc47138-6e4a-4c7c-bea0-99becb5e97cd,21dbf6ef-22d2-46e3-ac48-9cb8657506d9,7946308.883100973,7946310.302270976,7946319.014378076,3470,200,1.4191700024530292,8.712107100524008,192
d643118d-9660-4675-a65d-4a594dfdb25a,0bf31ffa-4595-4d11-950e-5ea31165867e,7946308.883111629,7946310.93117373,7946319.013940891,5661,200,2.048062101006508,8.082767161540687,192
094b0beb-a257-4be4-8af6-d07a59c0bcb7,231beffe-da58-4516-af27-1182589624ee,7946309.883262552,7946311.106021339,7946319.040524281,4843,200,1.22275878675282,7.934502941556275,192
30428b52-2964-440d-967f-cc4e484e9e51,3576d3c5-71c8-4aa8-bb01-7f961dd7500d,7946308.883090201,7946309.4502701955,7946319.269257336,6399,200,0.5671799946576357,9.818987140432,192
bc74e6ae-f8de-4fa3-9c25-5146b83cb882,44838094-3154-4ad0-aad1-71143ecb6bab,7946308.883115517,7946310.089664054,7946319.28952269,5993,200,1.2065485371276736,9.199858635663986,192
41177e22-f154-41dd-91c8-3c4bbb6c1436,6769e696-2581-4f98-b1bd-a92e8911c925,7946309.883273224,7946311.294550699,7946319.335131226,5970,200,1.411277474835515,8.040580526925623,176
5e154935-b66b-44e4-a87e-8327304f36e5,127f378e-d0dc-464e-a79a-fa7013197aab,7946310.883295229,7946312.088229444,7946319.929159409,5337,200,1.2049342151731253,7.840929965488613,176
cc121c7d-ab26-4625-b4cd-f76ffc0b01ca,41705093-4c8c-4a90-99d2-ad3181aceb70,7946310.883305957,7946312.685010228,7946319.940311857,5701,200,1.801704271696508,7.255301628261805,1024
e88bfb5e-95c3-4625-89d1-da42fc9e86b7,a63362d9-272f-48f7-9f11-fab613927024,7946310.883322644,7946313.284868693,7946319.968282757,1272,200,2.4015460489317775,6.683414064347744,176
a29784f5-46c6-4163-86dc-727879ed2ade,90dca292-00d5-4d7c-b7ca-be3920741df0,7946310.883312431,7946313.287647329,7946319.971254015,5821,200,2.404334898106754,6.683606686070561,176
7d954126-569a-4c79-b292-ff3852296948,0038079c-2c93-4916-8603-2b199c276420,7946310.883319077,7946313.287394085,7946319.9706998775,1176,200,2.4040750078856945,6.6833057925105095,160
ba2fc7ed-8257-4103-8f21-9e23d529bd98,fc3dbac8-9a03-4b40-a41e-097cdfb9846a,7946310.883315496,7946314.270167499,7946319.998070627,4147,200,3.3868520027026534,5.727903128601611,160
25e234d8-cb04-4648-bc4a-fe484f091d7a,4346426a-d1cf-4421-a05c-b8084161d1b8,7946313.883852487,7946314.463556125,7946321.942470728,999,200,0.5797036373987794,7.478914603590965,176
d092abb4-a90d-4b51-a6d8-daa9ef964a55,800a9214-4a8f-4730-ae51-da64761ccf7b,7946313.883855383,7946314.462784052,7946321.9472109,5827,200,0.5789286689832807,7.484426847659051,176
373659db-3155-4e64-9077-86f049b9cc97,eaba400f-f029-457a-b05a-0a6f98a6ec83,7946313.883864247,7946315.08896082,7946321.970252518,2145,200,1.205096572637558,6.881291697733104,192
a4a6bcbc-cc43-4459-acd0-f7804d884a6f,977ac36b-bb7b-4aac-bf3e-938831af0d6d,7946313.883867654,7946315.694600896,7946321.979531661,5901,200,1.8107332419604063,6.284930764697492,256
e324d5f7-46f4-48ea-8eb8-44ee530a9587,27e00e2e-21f7-46b8-8008-d0a46fedbeee,7946315.883468094,7946316.01911807,7946322.881180867,802,200,0.13564997538924217,6.86206279695034,288
88039ff5-0591-4c6a-9096-989682827dc1,20a3f959-78cc-46c6-8962-31e21ecd5c4e,7946311.883898219,7946312.539462402,7946323.096188571,1157,200,0.6555641833692789,10.556726168841124,192
83c549f2-0672-40fa-8d3a-0b4a7a823860,cf4fae3f-b581-4c59-9fef-3738c46b3c2b,7946312.883109998,7946315.025637543,7946323.19107307,2054,200,2.1425275448709726,8.165435527451336,160
9f9e7184-66f6-48a7-b73f-17eee5ec8120,c0dbd0bd-4010-4779-815e-795e06cc171a,7946312.883119446,7946315.024268216,7946323.190456827,4989,200,2.1411487702280283,8.166188610717654,192
717eb476-15fb-43ea-b622-66ad344400f8,983cb979-5e2f-4649-bfa0-1fb1c92b9954,7946313.883849171,7946314.923242851,7946323.672794641,5814,200,1.0393936801701784,8.749551789835095,176
d114e124-32fa-466a-8112-5eeb3ccbe699,f271ebe9-b215-4499-a991-8ff24c4302bb,7946313.883861321,7946315.509111671,7946323.697029325,3266,200,1.625250349752605,8.187917654402554,176
c58c2fb4-71a8-48df-9d10-c2b7ee89fbd7,ec035cd5-4099-445f-80a6-d885e8148b75,7946313.883858398,7946315.509838647,7946323.698674579,2683,200,1.625980249606073,8.188835931941867,288
98d7cb62-269b-4c4c-be39-eab79ddec0d0,8276d4d4-43b8-49da-ae7f-7e654ef83e88,7946313.883871361,7946316.781643986,7946323.729813102,5805,200,2.8977726250886917,6.948169115930796,224
fef50e5e-1ca9-4ace-bc8a-2d0244666d7f,cfcf8ea2-39e8-4b65-a05c-99c6f74fc7ff,7946313.883840614,7946316.788390607,7946323.737526737,792,200,2.9045499926432967,6.949136130511761,160
eba49967-bc41-4a2e-95a8-d5d46f91b826,06b96d78-d574-4242-88bf-812e4fb33e49,7946312.883123206,7946314.666622008,7946323.867460251,1379,200,1.7834988022223115,9.200838242657483,192
02e54e61-6868-4bb8-85a8-1343cafa7923,42303959-8373-4fb5-b881-e39d2351d467,7946312.88309414,7946314.671627848,7946323.874185514,3378,200,1.7885337080806494,9.202557665295899,192
7223b180-25e0-41ef-bf10-9494596ec2d1,34a35d00-5687-4c8e-8304-472e9b1eded2,7946312.883106597,7946313.339775496,7946323.893079294,4507,200,0.4566688993945718,10.553303797729313,160
dfe40e02-d766-4658-bd8a-5b3976763531,b5f8cc72-86b3-4d6e-97a0-b612ac47f05a,7946312.883127424,7946315.318272267,7946323.893762168,5831,200,2.4351448426023126,8.575489901006222,192
31a2bb34-6763-4ba3-b13f-eaedb3afae19,b41865ca-d2ff-4e84-9d9e-aa057435693c,7946312.883113536,7946313.794154674,7946323.925846645,681,200,0.9110411377623677,10.131691970862448,176
755ce8e9-1ead-40ee-8113-f22e343814e4,fc03dbf1-0de7-4854-9fc3-dbbc06937d77,7946312.883116283,7946313.417105212,7946323.993126569,5705,200,0.5339889284223318,10.576021357439458,224
6c2ecb68-1a12-4919-9e9b-d853162c7a5b,6cfd20c7-df85-4041-b191-f790c3146abd,7946315.883486246,7946316.1691662725,7946324.902939427,3153,200,0.2856800267472863,8.733773154206574,192
793c984d-7478-4a80-b9ff-169038006be9,87203db3-07a9-41c9-8809-fcaafbca8a36,7946314.883164472,7946315.751997662,7946325.532767382,5935,200,0.868833189830184,9.780769720673561,176
ba65dffb-c6e8-4eb2-afaa-e474eb9c1563,8aa6063f-9cd1-4748-bc9a-78c44fd7370a,7946314.883153323,7946315.753146569,7946325.5361116165,1791,200,0.8699932461604476,9.78296504728496,288
8db82962-4091-4fe5-8871-456843c512bf,53775c11-23d0-4c0f-9a63-56b35a9ba870,7946314.883171341,7946316.369135195,7946325.555416327,5627,200,1.485963854007423,9.186281131580472,176
1b40a23e-e8ad-4f14-9a56-d7cdad4f03e4,1bc73e7d-6b0e-4755-ade4-f801a54d64d7,7946314.88317452,7946316.979824674,7946325.5783246625,1160,200,2.0966501543298364,8.598499988205731,176
81712758-fc18-4234-b8f6-c364cb0a2fbe,ad3e5418-e180-424b-8b3f-a75453da1b2f,7946314.88317731,7946316.979914669,7946325.579036049,2820,200,2.0967373587191105,8.59912137966603,192
71178f9e-af07-4909-a5df-fb2bbfca0a9e,24dcaf79-471d-4093-b6e7-fcecb30f565a,7946314.883168036,7946318.218453012,7946325.623522127,5712,200,3.3352849762886763,7.405069114640355,160
cf9a8c31-2b65-4b3b-ba79-49ad4708d922,1588bc1f-6334-473b-b4b5-2936e890cf9e,7946314.883180256,7946318.82685403,7946325.643012012,1956,200,3.9436737736687064,6.816157982684672,160
ebfa8b31-db94-4ee8-8758-22abe05ce6ca,5c47871b-d8be-425a-92e0-3bc8f1070874,7946315.883482609,7946316.381267315,7946325.666097456,5730,200,0.4977847058326006,9.28483014088124,192
6842324d-87b0-4354-8c62-05af9889beb2,f77179f3-5fa4-4871-acce-6b894f13b2db,7946315.883490389,7946319.448596888,7946325.666965843,5931,200,3.5651064990088344,6.2183689549565315,176
f5aac44d-e512-48dd-b1b6-7cae4d750878,623901f7-e6f9-48bd-828b-b5728990d3b2,7946316.88376835,7946317.125328713,7946326.056434442,2570,200,0.2415603632107377,8.931105729192495,192
df0f117b-5c60-4a0d-a28f-798fdf8017c9,36c06fe6-5b24-4d05-aa49-6e7c64045ab9,7946316.883758894,7946318.2315568505,7946326.829412339,3430,200,1.3477979563176632,8.59785548876971,176
4d9d7df4-2fe6-4649-a5e1-67367c105867,6b44b6e7-0ae8-483a-b986-2de5bf8a3a9d,7946317.883735742,7946318.663045417,7946327.748617062,3314,200,0.7793096741661429,9.085571645759046,176
76c0f8ff-fa8e-4249-b6b1-8d073e6c04e8,027ea883-203a-4478-89ab-361ad0825fd8,7946317.883749727,7946319.292836955,7946327.77295863,3558,200,1.4090872276574373,8.48012167494744,192
ff5062a8-671a-4cf3-a709-9eeef7f30bb5,113c9921-afda-4fc9-98dd-836eefa608b3,7946318.883543366,7946319.269380074,7946327.810727804,3320,200,0.3858367083594203,8.541347729973495,176
d07dd55a-03c2-4614-99be-04d5f9a440a4,aeb913ad-d459-4fbd-906a-cf6ac2bb3fd1,7946317.883752542,7946320.50008354,7946327.8170752395,5661,200,2.616330998018384,7.3169916998595,224
df13ff66-2a75-4db4-878f-fcf2c781424c,cefc6823-5ff4-4638-94ce-6bc5efae4bb7,7946317.883746156,7946321.132382616,7946327.840199624,357,200,3.248636460863054,6.707817007787526,176
6fd76893-094d-4b0e-aab9-392c002837c8,6bef9240-78a1-482c-96d2-a89c97ba970c,7946318.883536911,7946319.215106614,7946327.852535622,2821,200,0.3315697032958269,8.63742900826037,288
7a57f6af-e13e-4106-9249-fcbe31c07f25,f77b3e1a-28ab-448e-9c49-1437284550c7,7946318.883509373,7946321.73072658,7946327.860381514,824,200,2.8472172068431973,6.129654933698475,224
c4fb2020-f80e-4b7c-81c2-64d73afc6c2a,c13d9418-24a3-4ed3-8a2f-34e200890302,7946318.883524495,7946321.72930058,7946327.860050975,1085,200,2.8457760848104954,6.130750395357609,224
85bbed83-b982-4afe-a0ef-4d1e8bf16f3d,12660cf2-26fe-4c78-a8b3-e603c06b965a,7946318.883540076,7946322.071513133,7946327.872413638,5754,200,3.1879730569198728,5.800900504924357,160
d9f32357-36d4-4bb7-8339-9be5618a6764,41ebc82e-eb6d-418f-b73e-022fa300e998,7946321.883327867,7946322.677407656,7946327.89826046,5839,200,0.7940797889605165,5.2208528043702245,160
6a5ce1ff-7676-4258-a221-36c94b251ac7,d2e35e05-d494-455b-8b64-3602cd992e55,7946319.883532068,7946320.0105199395,7946328.634761695,595,200,0.12698787171393633,8.624241755343974,176
e7201abe-b125-4059-8905-ccc079b007bd,4d91675e-bed6-4756-af92-49701ac0572f,7946319.883541734,7946320.548976371,7946328.656099107,5864,200,0.665434637106955,8.107122736051679,176
699fa3c4-b3e8-4114-a123-51a110365bf8,ddf859b5-dde2-43b4-ac73-c5baf651f446,7946318.883530414,7946319.379986339,7946328.906058721,1729,200,0.4964559255167842,9.526072381995618,224
4e6f2c3e-9074-4b0c-ab14-e882d56436ec,ce509adb-84cd-4828-852b-e10802b976ce,7946318.883533574,7946319.378741443,7946328.905382442,595,200,0.49520786944776773,9.526640999130905,224
75c4cc12-4add-4f8c-b252-0d106f9a06b2,0de88066-b060-43c4-86e8-92b4ba42d652,7946318.883521187,7946319.382673009,7946328.909231314,693,200,0.4991518221795559,9.52655830513686,192
f8b05ceb-3eb1-4b97-a185-bb651160b060,63dbcaa2-f60a-484e-98c0-24f6814d7556,7946318.883546286,7946320.575785113,7946329.436978114,2240,200,1.6922388263046741,8.861193001270294,320
d5f69ddf-19c2-4de3-a2a0-e72299804e96,e252d297-3d3f-4c5a-8afc-b644cb099865,7946319.883534881,7946321.682868223,7946329.487989087,5982,200,1.7993333414196968,7.805120863951743,192
4c1de33d-407f-4bc6-b3d1-bb08fbafd898,0bd71f2d-8ff1-4b8b-a899-9b785a451bbb,7946320.883980933,7946321.065487529,7946329.727655575,1449,200,0.18150659650564194,8.662168045528233,1360
fc234432-5625-4bf7-96aa-8ca56c699185,a2172bc1-ab2e-4a70-b741-9a6cc8abbdee,7946321.883344291,7946322.18175112,7946329.729591601,2491,200,0.2984068291261792,7.547840480692685,160
24a9bca8-6e37-434f-b4ab-19e4e5359d68,46874def-a8d1-42c8-9ef7-379c30144d14,7946318.883527728,7946319.467764419,7946329.847399205,5948,200,0.58423669077456,10.379634786397219,192
a68e6c85-c6c5-4da9-8495-906ae642d71e,1e4cedf5-0c16-460d-a662-72daaa3cfb4d,7946319.883516834,7946321.163358307,7946330.162210492,5875,200,1.279841473326087,8.998852184973657,192
8e141f65-50c3-48f5-b3ae-d3a0b8217230,1944b4a9-25a6-481b-a8a6-9b9e9f4d0c67,7946319.883528315,7946321.789253378,7946330.183188314,5907,200,1.9057250628247857,8.393934935331345,224
6d30ab6c-40ff-4b40-ae7c-2f6b3279caa9,c3afa93c-0f3f-46f3-9ff6-4aa96ba3a472,7946319.88353843,7946321.787515713,7946330.182588022,1244,200,1.9039772832766175,8.395072309300303,224
7d00786d-9f46-47c8-a6fa-8300c8c0f189,f4aff892-842b-4e98-af4c-cfd1deacf96e,7946320.883992609,7946322.400022803,7946330.209857487,2213,200,1.5160301942378283,7.809834684245288,288
e8f88c2d-ddf5-47e2-b0c1-dd9e3a1f223c,12a20126-19e5-4ddc-b4e6-5b1c4432afdc,7946321.883334736,7946323.3214524,7946330.2443077145,5927,200,1.4381176633760333,6.922855314798653,192
9b9875ad-4151-4198-9c73-831c63d94b9a,e0cfc694-73d4-4603-9a29-1bdf768266fa,7946320.883969131,7946322.476968863,7946330.387152047,1977,200,1.5929997321218252,7.910183183848858,160
42142ee8-7ed2-463f-ad09-f857505c8631,d0030985-3721-47a2-be3f-a716ff7779ef,7946320.883988908,7946322.4746274315,7946330.385774182,3793,200,1.5906385239213705,7.911146750673652,224
7da25cbe-ee65-4c1f-8ec4-83b2cf082458,245b7a91-93c8-47b9-8809-04cba8eebd79,7946320.883996763,7946323.694139438,7946330.427310251,5829,200,2.810142674483359,6.733170812949538,192
37de646f-7f95-40c4-82f7-9d359310e2ef,ec035cd5-4099-445f-80a6-d885e8148b75,7946321.883331152,7946322.457159733,7946330.433585546,2685,200,0.5738285817205906,7.976425812579691,448
9b87f6a6-8947-40de-9300-c483da9e1d8f,70fb8739-e8b3-4b20-881f-bf8e312c9340,7946321.8833152,7946324.23828702,7946330.4532073885,1910,200,2.3549718195572495,6.214920368976891,192
5d294141-5833-42b2-9ec3-41c3692a80b1,f5eff546-183e-4cec-8960-21f5d535335a,7946320.883985142,7946321.528711468,7946331.438767417,5978,200,0.6447263257578015,9.910055949352682,176
aca0a853-c650-42ae-94ad-b080552f66eb,b1d48415-2679-4cdf-930c-839699995501,7946321.883337774,7946322.2653350895,7946331.620175092,3505,200,0.3819973152130842,9.354840002022684,176
359528cf-d038-4288-9acc-f75e8b38098e,e2aea28f-f167-453e-bb63-de5ec1a91723,7946323.883088357,7946324.659130215,7946331.638060489,501,200,0.7760418578982353,6.978930274024606,192
523aa496-fea3-4ef8-8b79-dae49ca03cda,21b9c278-5fd1-4a6c-80f1-483ff6605dad,7946323.883099683,7946324.656959205,7946331.636142139,2529,200,0.773859522305429,6.979182934388518,224
8854d90f-b669-4610-9e0b-af47bce5fff3,ad505044-0649-4c84-9a66-a33049893e40,7946323.883110409,7946325.31507621,7946331.653329016,5677,200,1.4319658009335399,6.33825280610472,192
2e277658-f7e0-4cec-8124-0814700c7822,e5488a62-a6e0-4b98-a167-55ef476697ef,7946323.88310201,7946325.923276554,7946331.676231829,1403,200,2.0401745438575745,5.752955275587738,192
a20a8458-84c2-40cd-8bea-65f7c138380f,126d60f8-035c-4467-9714-706011decbc4,7946322.883272084,7946323.745698562,7946331.697040247,5477,200,0.862426477484405,7.951341684907675,160
1c6df8ff-a8b4-4037-a144-c5655029007f,7db776df-3838-4154-a574-531f0fd66b8c,7946322.883281207,7946324.377343381,7946331.718171687,5884,200,1.4940621741116047,7.340828306041658,160
066df68f-920b-4eb9-9d7c-2cea567ffa7f,160f36f5-505c-4cd0-b6cb-eb0b1a10aca0,7946321.883347246,7946322.813597113,7946331.883387447,5653,200,0.9302498670294881,9.069790334440768,224
94225018-0ffc-450f-916b-982ef0c156c9,07664316-d6e1-41da-94de-93685a509c09,7946321.883341081,7946322.847769291,7946332.731556878,5893,200,0.9644282096996903,9.883787587285042,192
da171eba-5608-4428-96fa-d1162358f680,b4c5b65e-b0b2-4149-a9a2-a49a11473845,7946323.883096546,7946325.586823288,7946333.339753601,5662,200,1.7037267424166203,7.752930312417448,176
f111071e-4221-4dda-9b03-fb068e88af99,288856ff-0e20-4dd0-9458-85503a7ab282,7946323.88310476,7946325.585128807,7946333.338472975,5915,200,1.7020240472629666,7.75334416795522,160
af530225-d6e1-4547-8f23-e0ebc3dfaf3c,cc69a023-c1c3-4dcc-9d6f-d347a10e1419,7946323.883107352,7946326.821506387,7946333.379256572,4397,200,2.938399034552276,6.557750185020268,176
2657f162-f132-440a-8477-5414ef19452b,6dcfeadf-1244-46cf-a016-ab16dc8a9fb7,7946324.883085308,7946327.458975644,7946333.403161571,5907,200,2.5758903361856937,5.9441859275102615,176
50452b95-afe7-4bef-94d1-003374968de2,cf4fae3f-b581-4c59-9fef-3738c46b3c2b,7946327.882989557,7946328.202302487,7946333.4404883925,2054,200,0.3193129291757941,5.238185905851424,2048
a3f5c02d-006a-4bfc-9e1c-30d24147192e,034fada1-6ff3-494e-9df1-8d72fa54e215,7946324.883072912,7946325.657343948,7946333.841646549,2895,200,0.7742710364982486,8.184302601031959,160
74bbf0ba-0fba-40d5-88f5-212e458172f5,f56f3534-c298-4487-a39f-16c483a04920,7946324.883093046,7946326.069614633,7946333.860554076,4961,200,1.1865215869620442,7.7909394428133965,224
b07f7e15-19f7-4f4f-a421-217e737590ef,c51f405c-538f-46db-a0c4-5f1665cc8bbd,7946326.883293985,7946327.521009858,7946334.670849993,1324,200,0.6377158723771572,7.149840135127306,160
b169edfd-24bf-4b5d-a5c5-67c48f2186cc,db487834-a11b-4e9c-b4d3-b089f73897c6,7946326.883270663,7946327.523839797,7946334.6762504475,6038,200,0.6405691336840391,7.152410650625825,160
13418bd7-079a-4584-a960-3114df07a327,8aa6063f-9cd1-4748-bc9a-78c44fd7370a,7946324.883089608,7946324.962005191,7946334.705469635,1843,200,0.07891558296978474,9.743464444763958,1760
3fdec52c-a8d9-4f24-9853-53ce069cdba0,0936669e-5c64-4f1d-ada6-04ce9a565d14,7946326.883286326,7946327.16543196,7946335.214944251,2593,200,0.28214563336223364,8.049512291327119,288
0722381b-d347-4756-b00a-6c7e40b7cefa,e252c7b2-268a-46f8-9aef-034d91473c0c,7946325.882940281,7946327.158869596,7946335.726038869,5989,200,1.2759293150156736,8.567169272340834,160
bbcaf6db-fa64-4368-b142-80328fe1a892,e99f0ad9-ca51-4ebc-8462-fe9ebb8c761e,7946325.882950789,7946327.770329032,7946335.746438068,1039,200,1.8873782427981496,7.976109036244452,176
7338cf56-8b02-41fc-9ae3-57fd3535b224,f56eb112-09aa-410e-941f-40b32b5b1551,7946325.882957003,7946327.769439157,7946335.746720928,3500,200,1.886482154019177,7.977281770668924,224
020bc06a-0df5-498b-be57-81006a8cf3b0,78d7f456-01c1-4f3b-87e0-11b338250aee,7946325.882954307,7946327.770144562,7946335.747806885,1201,200,1.8871902553364635,7.97766232304275,176
12254fe4-4e6c-4dba-88ef-1d583f12aad4,07c6cfe5-ddc2-4943-8c6c-6cb93009af4e,7946325.882959324,7946328.370407618,7946335.768180349,5902,200,2.4874482937157154,7.397772731259465,176
3eb1a971-9e39-46a2-9c8a-f436072d9547,6ee396d8-db4c-4684-88ab-113b143832cd,7946326.883290091,7946330.8533220505,7946335.846805237,5697,200,3.9700319599360228,4.99348318669945,160
64a4d108-9d8d-4e39-8c2c-38b6dc6776dd,50b135ba-662a-4b3d-90f5-c92d2b289617,7946326.883314428,7946330.974372342,7946335.858622318,5933,200,4.091057914309204,4.884249975904822,176
92ce376d-7a21-43a5-a6ee-f39af01ae177,1330884e-9e05-4fca-8ac8-b7725234d148,7946326.883301644,7946327.9217770435,7946336.261413293,2037,200,1.0384753998368979,8.33963624946773,176
7bd3acee-8354-4d0d-bf2f-f9d6379f471c,d83a09fe-8706-41f6-9b86-8130d5bfad9b,7946326.883305948,7946327.921367944,7946336.263950622,6540,200,1.0380619959905744,8.34258267749101,224
260360de-5fab-401d-b582-59b05ac1a2da,8c43f4f9-7235-42cc-8288-4dc1f62734a9,7946326.883282405,7946328.527681703,7946336.286663571,5795,200,1.6443992974236608,7.758981868624687,224
f2b3a10e-763a-4ca7-80c6-b7b43df36542,171cdbd7-f8eb-4c7c-a419-2dc4afcffa35,7946326.883310587,7946328.522779604,7946336.282424012,1383,200,1.6394690172746778,7.759644407778978,160
3d5a92ee-1aff-4e56-b673-0cb92283ccd7,a97b3419-50d1-4d99-ba18-6269343a8188,7946326.883297564,7946328.820130003,7946336.305037206,3864,200,1.936832438223064,7.484907203353941,160
e655552d-8240-4229-935c-f80737103d81,dc042378-78ad-458d-b1a6-44be64014146,7946326.883318289,7946328.81589228,7946336.301865398,1224,200,1.9325739908963442,7.485973117873073,160
140f7be1-0ea8-46de-b3dc-98ca330ac1cd,01bf6cef-c97b-4d6f-8ae2-8102bf0f9a79,7946328.883865003,7946329.559088566,7946337.247527791,5878,200,0.6752235637977719,7.688439224846661,224
9ea58a59-a39f-4603-991b-faaaa932fed4,fdda8363-a79c-4dff-b8a5-15f6be115142,7946329.883166604,7946330.531026478,7946337.643818399,2896,200,0.6478598741814494,7.112791921012104,192
771b6467-0d49-40c1-8e6f-c9b25d55ef6c,aa942eaa-fb40-4ee4-a6e1-593548ba0dbd,7946327.882975342,7946329.56803235,7946337.685945346,5890,200,1.685057008638978,8.117912995629013,192
5c064f92-267c-42a5-bed8-ca87192c49ac,89984c0f-ab73-4aa4-b3b8-e96bb2c0c5b1,7946327.882986018,7946329.566747338,7946337.685640238,2704,200,1.6837613191455603,8.118892900645733,160
53096f29-09b4-4917-98d3-5ac9c02b5037,7e2e7623-9e79-4fcd-af36-959e2862cb05,7946328.883853062,7946332.051154161,7946337.772207016,5888,200,3.167301098816097,5.72105285525322,160
ef6d3cab-2ac2-471a-b886-bbc088829497,940160ec-0bfb-4ebc-ac97-abf254489499,7946328.883868533,7946332.668080632,7946337.7881349325,6500,200,3.784212098456919,5.120054300874472,192
32686ad8-d0b7-43b1-8a00-71bd27a69583,6052704c-60c2-46b7-b067-f7d04009c56d,7946329.883160391,7946332.839382939,7946337.806324567,3625,200,2.956222548149526,4.966941627673805,192
bccf7370-176a-4ff8-b8c6-31017073e9d4,be47ec66-79ab-4aa4-bbaf-d9fef785d9a0,7946331.883191449,7946332.536859644,7946338.598042832,1461,200,0.6536681950092316,6.06118318811059,160
2030400d-ee93-4bc3-aaea-f22adff563a2,2ea40277-676a-410a-8b83-b14467b8308b,7946329.883156684,7946330.23384033,7946338.82228668,3308,200,0.35068364534527063,8.588446350768209,176
8d9c2fa3-6ad6-43a7-ac71-f6c77455686a,41d7460a-e0a1-4300-9f40-37670c541e0c,7946329.88316321,7946330.291733434,7946338.843337509,973,200,0.4085702244192362,8.551604074425995,288
9584a428-7dda-4451-bc4b-4568e606ea0b,0038079c-2c93-4916-8603-2b199c276420,7946330.883696658,7946331.908558408,7946339.12075147,1176,200,1.0248617501929402,7.212193062528968,1168
1342825d-6bf2-4907-9286-da6619a7b7d2,45ac5512-7ff4-4619-88d8-49c256d2e88b,7946330.883712326,7946331.907161151,7946339.119963616,5829,200,1.0234488248825073,7.212802465073764,192
6b0b6c25-01c3-43e0-9a8b-1edbc0fc0f8e,8201882b-3c83-4a5b-b140-7a5572375d5a,7946330.883708763,7946332.91981902,7946339.163088275,4216,200,2.0361102567985654,6.243269255384803,160
ef9b7ed1-7238-4e1c-b964-53f45573ba30,05df5986-4b14-436d-8a7a-c4b26a4be8f5,7946332.883145406,7946333.229584618,7946339.221432873,3563,200,0.3464392116293311,5.991848255507648,176
815a8b91-f0f7-45f9-81e6-de14c6c5f603,9f4a967c-69d5-46cb-a48b-7028ac8a0984,7946330.883715498,7946331.323788681,7946339.338194019,4615,200,0.44007318280637264,8.014405338093638,176
4df400b9-d5ad-4399-a12b-5d58ddbb2d91,76c6a94a-5b1b-4124-a8c1-7b783e5beb5f,7946330.883722538,7946331.964064949,7946339.359658379,6055,200,1.0803424110636115,7.395593429915607,176
2bc24d7a-4f31-4118-8af0-83fc377e2979,d3954709-3e90-4162-b807-366fedb25f30,7946330.883719028,7946332.579886605,7946339.38223459,2655,200,1.6961675770580769,6.802347985096276,288
1f975822-6b25-4f77-b926-61c63940393a,bc829e6b-bf7d-471a-b1e0-497440ccbb5a,7946330.883725881,7946332.993829291,7946339.401092579,5921,200,2.110103410668671,6.407263287343085,176
a4b4d041-1a13-4765-974e-68ec899f18c7,cd915048-11fd-46b6-9dd8-c6d53337db9a,7946332.883133973,7946333.638290164,7946339.425567944,662,200,0.7551561910659075,5.78727777954191,288
9bddc2df-26bf-4e90-801f-aad0b2d74d56,1bb39ff9-0ea5-419f-a37c-928f0db0f068,7946332.883152253,7946333.635214733,7946339.423249833,2236,200,0.7520624799653888,5.788035100325942,176
3f2efff6-faa3-4a65-95da-9c73693ce2b8,0510668b-2e39-4521-abbf-68606b666ffd,7946329.883145954,7946332.777555065,7946339.659344334,3030,200,2.8944091107696295,6.881789268925786,192
c4a5638e-85e8-4cfb-8334-7a348134360a,19500c45-30d4-49de-bfa4-2268492645cd,7946332.883149522,7946334.30621276,7946340.606443855,4227,200,1.423063237220049,6.300231095403433,160
982fd230-ca0e-4f1f-8f3a-e6d37e82aa3d,c4d3dc38-186d-40b5-b82e-511fcca85150,7946331.883181989,7946333.191041698,7946340.663240813,3181,200,1.3078597085550427,7.472199114970863,192
78c064e7-bdb2-4cf6-bc79-c75ab617b902,6fb86cb0-b646-4ecd-8730-d6ed365d30a3,7946331.883195061,7946333.82447193,7946340.682431698,5877,200,1.9412768688052893,6.85795976780355,160
7cd9b27d-c2bf-4910-ad78-2f38d486ede1,dec5032f-5640-4adb-8120-132fbe0e8a7b,7946334.883600976,7946335.157971255,7946341.996674072,2396,200,0.2743702782317996,6.8387028174474835,16
84af937d-f1ff-46ec-a6ec-376ed53637f2,20a3f959-78cc-46c6-8962-31e21ecd5c4e,7946334.883597994,7946335.754068049,7946342.018962769,1157,200,0.8704700544476509,6.264894720166922,192
30746034-8290-4f1b-bd14-7825a761b835,ccd8f2c3-44d3-41c4-91db-1ba4dc5f9701,7946334.883616401,7946336.334911084,7946342.033152717,2952,200,1.451294682919979,5.698241633363068,192
01b2ee5e-ca04-4e13-b400-8ce5b0709951,bbea6a5c-8d47-4003-8b31-48aa9eb697ca,7946334.88360957,7946336.336596506,7946342.036329289,6511,200,1.4529869360849261,5.699732783250511,192
d7bec997-a996-4793-9533-c5291a435be3,6f4a7340-4bd4-446a-8cc1-2367016ee48c,7946333.883482124,7946335.2010200815,7946342.719932314,5950,200,1.317537957802415,7.518912232480943,192
89c26808-2f53-4791-b834-fa1fb9f22cd2,83c43919-a2bc-41bd-8bf8-b7585910d60a,7946333.883485871,7946335.200389099,7946342.7196772825,1346,200,1.3169032279402018,7.5192881831899285,224
f6057e76-8a91-40aa-82c4-955f4dfdc256,ef9a6926-cbbd-4236-a031-a34675858e8f,7946333.883488779,7946335.808239751,7946342.74043817,1423,200,1.924750971607864,6.932198419235647,224
c4f17957-520d-412b-b3e6-253dad984d27,d1a58fee-2699-4cde-8dec-5a26bda64889,7946333.883473195,7946335.811115304,7946342.744644488,3353,200,1.9276421088725328,6.93352918419987,192
f278bbfb-4022-4d8b-8e39-8c07b21e63f2,62bd5ab4-a4ae-4c45-90a9-d469d50595d4,7946334.883594121,7946336.424051148,7946342.764389839,2002,200,1.5404570270329714,6.340338691137731,160
7fc22490-8f94-40c6-990f-09dd16f8f439,f20a741c-0fb3-4811-91f0-bee136177ca3,7946334.883582615,7946336.426055531,7946342.767532752,5799,200,1.5424729157239199,6.341477220878005,224
e30fa1bd-7b7c-4096-97ae-a77fde2e0775,13c19d21-f311-4a3a-97bb-1e152f24a81d,7946334.883613279,7946337.057446267,7946342.780464952,6817,200,2.1738329883664846,5.72301868442446,192
ee1b68d3-cc9e-40cd-8a6e-8dc05710a2d9,75362569-bf81-4066-ac37-01104ae65d91,7946334.883603834,7946337.693577068,7946342.804419192,5874,200,2.809973234310746,5.110842123627663,160
2a6cf415-9396-446e-a8ea-d82f761db0e3,36072142-1340-4cca-b3ba-83f8c8f4afb5,7946334.883606719,7946338.061465994,7946342.822054814,5968,200,3.1778592756018043,4.7605888191610575,176
e8463f59-f85f-4c13-a5b9-2e0562367344,6bef9240-78a1-482c-96d2-a89c97ba970c,7946336.883335261,7946336.981675895,7946343.35384042,2882,200,0.09834063425660133,6.372164525091648,2784
62f98519-9fd7-41c8-be41-e4a6850abf80,f3f64daf-5dba-42d9-a89e-1d5fd05daf60,7946336.883325997,7946337.579822956,7946344.467107451,5885,200,0.6964969588443637,6.887284494936466,176
7aff5937-edf3-45cb-90e2-b25bf221b4de,bd8eeb28-8ddb-4e89-a649-ed73109fdad4,7946335.883452781,7946337.341669346,7946345.421999502,5773,200,1.4582165656611323,8.080330155789852,160
8bf814fa-238d-4ffd-bf48-6902bee70e02,861e29f7-4713-4676-b1bc-a4d3d62f4ef2,7946335.883467505,7946337.953712424,7946345.441975329,2811,200,2.0702449195086956,7.488262904807925,320
bc3e180b-fb31-4fc1-9a7d-79d02a88cbf9,170812a6-cb38-4169-bec1-bbe2e86c6001,7946335.883461263,7946337.955228316,7946345.444163767,1639,200,2.0717670526355505,7.488935451023281,0
522fe3d9-b90f-4d73-ae2a-f37de3eeac04,ec035cd5-4099-445f-80a6-d885e8148b75,7946335.88346453,7946338.565773473,7946345.465896134,2716,200,2.6823089430108666,6.900122661143541,288
ae6c34d6-e3e5-4a14-bbcd-243b1cb7a418,471160fa-a8fe-4f94-b069-9a59621350cb,7946335.88347357,7946339.811190006,7946345.50401047,5976,200,3.9277164358645678,5.692820463329554,160
3600ff8a-cc38-453b-88ac-d8efd370986d,d6ffa9d6-2f92-432f-a7e0-2110ea985d38,7946335.883470693,7946340.436111486,7946345.523744142,5974,200,4.552640792913735,5.087632656097412,176
22a4522f-fc7f-4e81-9417-93b003e4caf8,07664316-d6e1-41da-94de-93685a509c09,7946337.883357178,7946340.794863867,7946345.540607121,5893,200,2.911506688222289,4.745743254199624,5888
22e07706-de73-49e8-a8c5-12a827c64186,0f386fc6-2621-495e-924c-56970457578f,7946336.883322381,7946337.5519445855,7946345.837347542,5906,200,0.6686222041025758,8.285402956418693,192
02a89c6e-6e59-4d86-b1d1-3f62314726e0,934886bb-967b-466f-ae2a-130630c0b4d5,7946336.883329315,7946338.186984305,7946345.857405331,768,200,1.3036549901589751,7.670421025715768,192
f522b567-8b8f-40a3-a84b-95b329d44299,6228ccc2-550e-4c29-97cb-5246061c5a94,7946336.88331241,7946338.189772675,7946345.862430306,5840,200,1.3064602650702,7.672657631337643,176
7e2678c4-e681-4ddc-a174-9db82d1426ce,c56b9229-6877-464d-915f-96351da897ef,7946336.883332226,7946339.194751751,7946345.91615879,4707,200,2.3114195242524147,6.721407039090991,224
7c98a00f-5839-4b17-a945-771878c017ae,881cd439-cd62-4d96-be83-b9b80c159776,7946337.883338083,7946338.751513733,7946346.271671881,1454,200,0.8681756500154734,7.520158148370683,176
a11912af-1096-4aed-ab47-f26e5747504b,905b7b66-f9e8-4004-b125-fe3a30572297,7946337.883359833,7946338.747306816,7946346.267699064,2817,200,0.8639469835907221,7.520392247475684,160
d180f5f3-38e0-468e-bcbd-c081ac00bd91,b2b28eea-494d-4c24-b6d8-00f553246d00,7946337.883347118,7946338.750850473,7946346.272473763,1472,200,0.8675033543258905,7.521623290143907,192
849c644d-bb6c-481b-84d0-fc0a56b5ea69,61184d08-6e50-4c11-bf05-8e45841425f3,7946337.883353914,7946339.368249748,7946346.291055001,5305,200,1.4848958337679505,6.9228052534163,176
9c49f990-3b25-402c-a30e-a40ccb039ab9,36c06fe6-5b24-4d05-aa49-6e7c64045ab9,7946337.883350793,7946339.3689051755,7946346.293701411,3430,200,1.4855543822050095,6.924796235747635,176
66b94ed6-5fe1-4264-87da-5ebfb6d5494e,ea6e22c9-a8de-42ca-9570-58d1e9355915,7946338.883038021,7946341.212691745,7946346.353134307,3672,200,2.3296537240967155,5.140442562289536,176
1ab0818f-daea-4106-be9c-e029edd6dbd3,060f2ac7-a6fe-475c-862b-44d01526e2fe,7946338.883042353,7946341.747861336,7946346.371171289,2894,200,2.8648189827799797,4.623309953138232,160
c6360f62-288a-410d-b782-b340ceda612a,d2e35e05-d494-455b-8b64-3602cd992e55,7946338.883025161,7946340.01197494,7946346.742385738,595,200,1.128949779085815,6.730410797521472,592
45e652b1-d37a-48bb-b129-ce022ab5c1d0,6cafcfd1-e154-4074-aed9-9d3b56fe9e3e,7946338.883044676,7946340.557388848,7946346.761542416,5984,200,1.674344171769917,6.204153568483889,160
9d5ccf2e-c8ff-4d11-add5-d9ce1ad99bc7,ceb63c9d-93ca-445d-9e1d-fe8b5b88d14c,7946339.883308667,7946340.456303706,7946347.5577339325,5820,200,0.5729950396344066,7.1014302261173725,224
e9792124-17d1-48bd-9a10-03d9547004a9,a941116a-c518-4f7b-bc3c-311e10bec57b,7946339.883318827,7946340.454232173,7946347.5561094135,1035,200,0.5709133464843035,7.101877240464091,176
86984d8e-b05d-44a2-b2c9-c587ad318037,8b3b7df3-f53b-4397-b9ae-1bd08411c732,7946339.883322165,7946340.3669186225,7946347.653652476,5915,200,0.4835964571684599,7.286733853630722,176
69146a9a-7f8e-4f59-8dd3-6fedd1661fb5,64d360e4-7905-43d3-8873-c6d7e150a922,7946339.883297708,7946340.534233366,7946347.869601658,3054,200,0.6509356582537293,7.335368291474879,192
9123f1c2-3218-4de8-a0d1-cd02a1b1e8ac,f67702ed-ffe8-4f1f-b79c-d71f9ba12c4f,7946339.883312254,7946340.532358885,7946347.868743776,1337,200,0.6490466305986047,7.3363848915323615,160
8b41ca83-2f76-4211-802a-a934122b262b,7d83a754-194c-4131-be9f-21b4f40d2af1,7946339.883315736,7946341.164852762,7946347.900747083,5717,200,1.2815370252355933,6.735894321464002,192
e6d864f8-591d-45e8-926d-0f152f138939,6a06774c-a655-4c0f-9a71-d2ddd55097d6,7946340.883774398,7946341.680874708,7946348.488091437,449,200,0.7971003102138638,6.807216729037464,160
44bb8fea-c705-450d-b6a2-471953dcdf3b,1628d450-3fc3-4b73-9923-fce01e9f48ee,7946340.883784704,7946341.680047426,7946348.48777292,3676,200,0.7962627224624157,6.80772549379617,192
4c3e427b-fe61-488c-adee-c0b92e0a07b0,eac24277-21e2-44c9-80fc-a38e74362cc8,7946341.883137788,7946343.193116939,7946348.548429618,1831,200,1.3099791510030627,5.355312678962946,160
2f242c9f-2202-4a24-afc7-5367cfcb6c94,0bd71f2d-8ff1-4b8b-a899-9b785a451bbb,7946342.883960112,7946342.980271262,7946349.876240918,1505,200,0.09631115011870861,6.895969656296074,1408
93ea2248-9fa6-480a-8bec-7e5379f37e1e,1261e235-5a20-4070-a57e-7f8c315979af,7946342.88394168,7946343.726934004,7946350.575518325,1899,200,0.8429923234507442,6.8485843213275075,160
76c1e4c7-37f4-40e7-adcf-81bfd1c8ddf0,ec035cd5-4099-445f-80a6-d885e8148b75,7946342.883949528,7946343.725747909,7946350.574326012,2690,200,0.8417983809486032,6.848578102886677,288
fbb04fda-b157-4317-bfa1-91f8a81645fc,c0dbd0bd-4010-4779-815e-795e06cc171a,7946342.883952898,7946344.340045668,7946350.59527559,4952,200,1.4560927702113986,6.255229922011495,192
a368037d-5b80-4f6b-9c7a-14b2886fd3be,977ac36b-bb7b-4aac-bf3e-938831af0d6d,7946343.883310203,7946344.9655597275,7946352.860316699,5955,200,1.0822495240718126,7.894756971858442,256
efe43860-e384-423d-98c8-5eb1bfccf105,86bb770e-e896-4df8-98ac-b45dd9f48001,7946344.883038685,7946345.047980304,7946352.880798068,1148,200,0.16494161915034056,7.832817764021456,160
a280b23b-ad53-46ba-9aa2-fb1ba18add4e,ce509adb-84cd-4828-852b-e10802b976ce,7946343.883322045,7946344.268667866,7946352.906969686,595,200,0.38534582033753395,8.638301820494235,224
20954ff7-df25-4a5c-a2d5-3de2cd841ff6,b1d48415-2679-4cdf-930c-839699995501,7946343.883297445,7946344.27267909,7946352.911046218,3648,200,0.3893816443160176,8.638367128558457,176
28948f15-0194-4acb-ba27-a55f2d7f82b4,2ae37bed-8d28-4e69-b69c-68eced6190e3,7946343.883318105,7946344.5617254395,7946352.934945638,3768,200,0.6784073347225785,8.373220198787749,176
04926fd2-9859-461a-8d2f-199500413b0a,5c06298c-86e7-48f5-99ec-f360b1699941,7946343.883314302,7946344.247788857,7946354.95303194,4250,200,0.3644745545461774,10.705243083648384,224
1e1b505d-a44c-4760-bd02-827e0b808b2f,cda35d87-8607-4ef3-a3a2-df474f3cb394,7946342.883922085,7946344.310977605,7946355.797582627,5790,200,1.4270555200055242,11.486605022102594,160
e26a0b9b-46da-4ab5-bd3f-34cfd457e4e1,5ca8a6ad-a355-4018-902b-ec2a13ffca11,7946342.883946234,7946345.552235695,7946355.851827313,5805,200,2.6682894602417946,10.299591618590057,224
baa20754-abc4-4332-a793-74b561cac006,04b0e516-69f4-450c-9856-35e89097255e,7946342.883956499,7946346.1899894355,7946355.874950924,6027,200,3.306032936088741,9.684961488470435,176
9308f171-7c05-44c8-9d09-03b70c5729a2,ec1c5ea7-b4c6-4a5d-b57d-9ddcfc5712bc,7946343.883325905,7946347.440289024,7946355.934530268,5959,200,3.5569631196558475,8.494241244159639,176
76f8b917-ba1d-48ba-87f4-a4fb933cba25,38ca9ea7-6762-4ec6-bb70-b0490b13047b,7946345.883146733,7946346.502301852,7946355.952998135,1091,200,0.6191551191732287,9.45069628302008,192
5fa9b21c-af4e-4c7b-b4c0-416af737399f,77c5fe55-dea3-47e3-9fa4-17d19b193453,7946344.883041838,7946348.006199016,7946355.964720133,5830,200,3.1231571780517697,7.958521116524935,192
057b0267-b49f-4f97-9bc0-3fe55ecb253b,27e00e2e-21f7-46b8-8008-d0a46fedbeee,7946345.883131868,7946347.137796224,7946355.974316493,799,200,1.2546643558889627,8.836520268581808,288
6b71fabf-a518-4875-be0d-6fcdd3c31dd3,236fc023-08a3-4a22-a449-4a04376484b6,7946345.88314047,7946347.753899169,7946355.995713307,6018,200,1.8707586992532015,8.24181413743645,192
36243199-c3c5-4aa9-bd39-0274a6cea01b,0b745e6f-d44a-48f9-a807-a21f2458356f,7946345.883143774,7946348.377089543,7946356.019894023,5992,200,2.493945769034326,7.642804480157793,160
a5286200-7234-4587-aabf-cb9b9a43b12b,39f0db0a-82e8-429d-aa53-89c2802d7dac,7946345.883149912,7946348.995200103,7946356.041546839,1097,200,3.112050191499293,7.046346736140549,224
d0b06500-9628-4506-ace5-0e46ffc6f96c,6769e696-2581-4f98-b1bd-a92e8911c925,7946344.883044764,7946345.576414994,7946356.103113913,5970,200,0.6933702295646071,10.526698919013143,464
a077fe98-d579-44a5-8134-7e3edca105d6,c763213b-3ea9-43c8-82d2-a13bc4766d37,7946344.88303478,7946346.3233059,7946356.171330837,1191,200,1.440271120518446,9.848024936392903,160
0d454df9-3375-44c8-ae29-018ef42453b8,1df59d7e-3949-4771-9ddc-e9beefe99db9,7946344.883023489,7946346.870575168,7946356.1974305585,2021,200,1.987551678903401,9.32685539033264,192
1b139151-c0a6-4568-b2e9-94219f4952c5,934886bb-967b-466f-ae2a-130630c0b4d5,7946346.883107356,7946347.117438745,7946356.74065985,948,200,0.23433138895779848,9.623221104964614,736
a5d5f4fc-e4a5-41fe-a89d-40e6f8046bf8,e43607a6-bee1-4fdf-a0b4-8ea2245eecf1,7946346.883123305,7946347.081939317,7946357.307686437,1496,200,0.19881601259112358,10.225747119635344,192
a001c7b8-75d0-4800-be15-ee0dd789a536,f9c92a82-99c7-477b-95d5-3aed03818705,7946346.883138027,7946347.676421243,7946357.331027925,3307,200,0.7932832157239318,9.654606682248414,176
87ff1de7-c569-454e-b54d-5fec27f27727,c0e3d991-e188-4f78-8b8e-5dd01a6f8850,7946347.883745555,7946348.190647149,7946357.381354019,2521,200,0.3069015946239233,9.190706869587302,256
2d04f262-2186-4618-b9ee-aa9a1904b7bc,5e34dc58-8d28-4946-b67f-f69a67bb089a,7946346.883119176,7946347.717072729,7946357.4492617035,6004,200,0.8339535528793931,9.732188974507153,160
e565b5e6-c36e-41f1-9b7d-bc64d7d28ea8,5c47871b-d8be-425a-92e0-3bc8f1070874,7946346.883130247,7946348.342840014,7946357.473951193,5730,200,1.4597097672522068,9.131111178547144,192
fbf26d29-9011-490a-9744-142280152908,fda1a843-8c94-4359-a21c-7bd6444db827,7946346.883126701,7946348.962947689,7946357.498277458,631,200,2.0798209877684712,8.53532976936549,176
35c61d84-72e8-449b-aa0b-8b514933238d,4295c9d1-a245-45a2-ab2e-52b55d4bb49c,7946346.883141336,7946348.960004326,7946357.496805769,355,200,2.076862989924848,8.536801443435252,160
36dd0e4b-02ad-4029-8d8c-fecb77cb9306,46874def-a8d1-42c8-9ef7-379c30144d14,7946346.883133878,7946350.204798003,7946357.543222764,5948,200,3.321664124727249,7.338424760848284,192
396438a3-50d4-4202-b0ed-fe7e4d4e3ae0,8f859b06-32e8-473b-8002-142e58a5ff49,7946347.883748314,7946350.842166127,7946357.565904488,6426,200,2.9584178123623133,6.723738361150026,192
52fedf45-d541-434c-8684-e8eefb7724bf,c8b7ff65-cf0d-44ff-991e-2b8fd4458b22,7946347.88373788,7946349.291449531,7946358.561704477,4790,200,1.4077116511762142,9.270254946313798,176
790cba44-5f66-4e11-ba55-7bcb5d2bd8e2,d0030985-3721-47a2-be3f-a716ff7779ef,7946347.883720277,7946348.241517394,7946358.569578087,4015,200,0.35779711697250605,10.328060693107545,224
499aed5b-ac67-44b0-92c2-2c57df202e20,127f378e-d0dc-464e-a79a-fa7013197aab,7946347.883730265,7946348.846247275,7946358.596678871,5290,200,0.9625170100480318,9.750431595370173,176
778a8c2b-0c63-414d-bd57-7c1e353cc2fc,fa60773d-c882-463b-8316-07d4c895e992,7946347.883741821,7946350.031044462,7946358.641515889,6010,200,2.1473026406019926,8.610471427440643,192
6f7a5dee-ca61-4226-8f97-1ed9bc823c33,e7ddf100-0645-4d83-9de1-cdfd98d12da1,7946349.88341645,7946350.625739085,7946358.662945556,3713,200,0.7423226349055767,8.037206471897662,176
b31dae48-848f-4194-8991-cf0d70b3c346,fba72a56-cd36-4731-8af1-a04f79c5aabf,7946347.883734293,7946348.720303023,7946359.039273767,2784,200,0.8365687299519777,10.318970743566751,192
7efe2ceb-654a-45b9-9df7-af2b4c88f217,c13d9418-24a3-4ed3-8a2f-34e200890302,7946348.883544732,7946349.539468571,7946359.639295159,1085,200,0.6559238387271762,10.0998265882954,224
7a585ae4-f524-4e4e-9454-fb5ac7f78c42,a4705d3f-c9cc-472f-8323-bf9e4593e138,7946348.883540615,7946349.540474554,7946359.64245456,5753,200,0.6569339381530881,10.101980006322265,160
33138386-a243-4dec-a2fd-35d5c6707f79,f271ebe9-b215-4499-a991-8ff24c4302bb,7946348.883547897,7946350.158440703,7946359.664908353,3429,200,1.2748928051441908,9.506467650644481,176
dbe572ba-cf7a-43f1-9414-e6c8c752419f,57ff1918-00a6-4f1f-abf1-71b1dec34e08,7946348.88353005,7946350.16048365,7946359.66937827,2279,200,1.276953600347042,9.508894620463252,256
2192c364-a73b-4e70-9e80-3179c2b6a9b6,1ba8fcf4-b3c2-4320-a37d-806f78c0ae0a,7946348.883550837,7946350.1572390795,7946359.667040968,3834,200,1.2736882427707314,9.50980188883841,176
43e25de6-cdb3-4fb3-8401-96b6362ecc7a,07c6cfe5-ddc2-4943-8c6c-6cb93009af4e,7946350.883960766,7946352.0388302,7946359.733954967,5839,200,1.1548694344237447,7.695124766789377,176
095a1199-d9d6-40e9-81f8-c3138ec692ea,26f6e7fb-05d7-47ec-9c49-43b5ac7aed02,7946351.882932993,7946352.280464427,7946359.782684438,4071,200,0.3975314339622855,7.50222001131624,160
99380527-6477-437a-a6dc-1723708ace1e,cd915048-11fd-46b6-9dd8-c6d53337db9a,7946349.883412603,7946349.968574576,7946359.922395241,726,200,0.0851619727909565,9.953820665366948,624
f58f0f1f-495a-4830-bb88-052da5608e63,4ea8f553-17d2-4104-a58f-9cd66ff1b47f,7946351.882945982,7946352.018305617,7946360.39977114,1100,200,0.1353596355766058,8.381465522572398,176
0d823ee5-06a5-4c6e-b3a6-0c5e646ea3e2,3576d3c5-71c8-4aa8-bb01-7f961dd7500d,7946349.88340312,7946350.433528621,7946360.651907472,6368,200,0.5501255011186004,10.21837885119021,192
0d826811-8e0c-4241-91ab-f7b9dbf5de07,dd24355c-c6d1-461a-b504-e7f6f058e87e,7946349.883409332,7946350.288940826,7946360.790081716,4372,200,0.4055314948782325,10.501140889711678,224
5b8c948a-688b-4e0c-b43c-965d46f02591,171cdbd7-f8eb-4c7c-a419-2dc4afcffa35,7946350.883957639,7946351.098552071,7946360.968840409,1383,200,0.21459443122148514,9.870288338512182,160
db3f4d0f-f1e5-4518-b99f-7ddbacec2fa4,b0e0ac14-8af5-4799-bee0-183834e865d4,7946350.883943372,7946354.670141391,7946361.407053824,5950,200,3.7861980190500617,6.736912432126701,176
949d6aaf-2cfa-44b6-bbd0-705f1c270468,f4aff892-842b-4e98-af4c-cfd1deacf96e,7946354.883504572,7946355.909537194,7946361.443504512,2205,200,1.0260326219722629,5.53396731801331,288
80c5f13a-6f42-49f7-9d80-a1b17eb3919b,e214ec5e-819d-494d-96be-4f44b7317ecc,7946352.883051691,7946353.133327459,7946361.736899662,2640,200,0.25027576833963394,8.603572202846408,176
1c8ecc70-3750-4541-bb7c-cda1ba13864d,e0552d74-4f29-42bf-8508-a13c3c642f59,7946350.883954135,7946351.433375344,7946361.937534699,5706,200,0.549421208910644,10.504159355536103,192
5787c906-fa12-4b88-b4cd-03877cf60a4c,9c028c65-c498-4659-bd21-4f568b643385,7946352.883044818,7946354.176019295,7946362.394192597,6046,200,1.2929744767025113,8.218173301778734,176
5f149703-6a67-4215-9ab5-30e7d9affefd,41d7460a-e0a1-4300-9f40-37670c541e0c,7946352.883054476,7946354.7926333565,7946362.415608526,1032,200,1.9095788802951574,7.622975169681013,288
4f5c2b86-37d4-4a1c-90f8-0b0799fbad45,89984c0f-ab73-4aa4-b3b8-e96bb2c0c5b1,7946353.883474838,7946355.278655133,7946362.435755012,2919,200,1.3951802952215075,7.157099878415465,160
72031c9c-68c5-496d-ab8c-df1ba7dd09f7,d1aebabe-6add-434e-8599-d63b95b83ad3,7946354.883490978,7946355.654833471,7946362.4602080295,2676,200,0.7713424935936928,6.805374558083713,224
053a8456-b3c7-47f4-9c4f-46d3648046aa,5c310efb-bfc5-46d7-97ea-542167b82029,7946354.884000028,7946355.646750806,7946362.45346329,2743,200,0.7627507783472538,6.806712483987212,288
007315fc-a812-4525-a262-7cc0007bf43b,eb47aef2-5af4-4ab2-9e3a-6321c91f6f64,7946351.882950234,7946352.410744817,7946362.4638224635,5804,200,0.5277945827692747,10.053077646531165,176
e82085ae-1fc7-4fba-8d85-e92f66a73bf4,07664316-d6e1-41da-94de-93685a509c09,7946353.883468505,7946354.323529762,7946362.955629617,5893,200,0.4400612572208047,8.632099854759872,5888
a5850586-e4b5-47f1-918c-2c991c22328d,5f73476c-5788-47d5-8c33-62022bc36395,7946353.883465468,7946354.325595775,7946362.958073457,4131,200,0.4421303067356348,8.632477682083845,176
c7f692f0-740d-4634-aaff-16cdab200fe5,8aa6063f-9cd1-4748-bc9a-78c44fd7370a,7946353.883452045,7946354.645700131,7946362.98589615,1896,200,0.7622480858117342,8.340196019038558,288
0765ffd3-3dad-467e-a5d7-e42f8269350e,7c3d9d5e-536a-4db4-bbf4-b05c9113f99d,7946353.88348384,7946354.464089028,7946363.069475262,1982,200,0.5806051874533296,8.605386234819889,224
61178bb9-acf6-478f-9440-e487f76ddc47,3ee16a31-eef8-4342-9c4e-7c45a1871994,7946354.883523695,7946355.370687385,7946363.547424007,1437,200,0.4871636899188161,8.17673662211746,176
d8b39074-7bff-4122-a067-a2fa1cbc2419,f2a16fba-8442-4899-b829-ef700bbd4eb1,7946353.883478081,7946354.821261135,7946363.681031778,5088,200,0.9377830540761352,8.859770643524826,176
c77c91b8-7240-4bda-8c37-a27103a508d1,eaba400f-f029-457a-b05a-0a6f98a6ec83,7946354.883518099,7946355.2239422705,7946363.726937936,2326,200,0.3404241716489196,8.502995665185153,192
b797d1b7-4514-48aa-a3b7-75e0957f406c,912546cf-205f-4ad1-9d03-c1c3d84673d6,7946354.883514892,7946355.676176894,7946363.948571536,5940,200,0.792662002146244,8.272394641302526,192
f2ebfee6-b8f1-44fa-8f0a-291ba4ba01e6,231beffe-da58-4516-af27-1182589624ee,7946353.883462195,7946354.53979801,7946364.341111281,4986,200,0.6563358148559928,9.801313270814717,192
6a588f60-fcc5-41eb-8c55-4756acdb0c59,35c9b5dc-29e8-498f-9ad8-87fe22f17021,7946353.883481048,7946354.535534551,7946364.337981637,2588,200,0.6520535033196211,9.802447085268795,176
875375ab-363c-4304-a603-495bdb5d3f38,4ac57aef-73b0-4d1e-900c-4a6b79a7c0bd,7946353.883486637,7946354.603933391,7946364.369446466,5352,200,0.7204467542469501,9.765513074584305,224
9a3aa412-eba3-48cb-bb60-99d2e54b47c1,aeb913ad-d459-4fbd-906a-cf6ac2bb3fd1,7946353.883471465,7946354.834081624,7946364.399237475,5661,200,0.9506101589649916,9.565155851654708,224
e3a143b0-c76a-4594-a161-a73d95e7267a,04c151c1-ee98-4835-b8ba-1681eccdd922,7946354.883508254,7946355.614940431,7946364.556430035,6496,200,0.7314321771264076,8.94148960430175,192
280d7995-b66b-461e-8e85-8fe82f8933dd,ad3e5418-e180-424b-8b3f-a75453da1b2f,7946354.883520901,7946355.239931391,7946364.7607955495,2831,200,0.35641048941761255,9.52086415886879,192
1d790f72-e22e-4a01-a02e-0e4ead91ff28,6438b31e-b086-495f-8c72-0c6603de3583,7946354.88351147,7946355.472021807,7946364.952100942,764,200,0.5885103372856975,9.4800791349262,192
84a20464-d7fd-4c94-a49d-0b02454d77cd,b4527815-5a94-4cdd-8d25-4cd8b6f2f33f,7946356.883033849,7946357.692246677,7946366.458340504,2394,200,0.8092128280550241,8.766093826852739,256
30c1b6ad-1362-404f-b39d-54d40d59a6e0,24dcaf79-471d-4093-b6e7-fcecb30f565a,7946356.883024271,7946358.982821038,7946366.502923624,5705,200,2.099796767346561,7.520102585665882,160
aa7d9db8-d6da-4b34-9bf9-22a5ad1ee0db,2d1467d2-a312-48c3-9684-57b9e2890fec,7946356.883040938,7946359.545370808,7946366.524232252,2291,200,2.662329870276153,6.978861443698406,224
de47b627-d423-4155-a858-54740fe8b8c6,bd2ab0e4-b415-4560-8ada-17cafd1ace98,7946356.88304389,7946359.898095282,7946366.5431157,1031,200,3.0150513919070363,6.645020417869091,176
e2974b78-7933-49e8-ad88-edd72f0b203c,d1267d78-73ba-48bf-844a-30f28f4bac7c,7946355.883135548,7946357.1864008205,7946366.588718377,5847,200,1.3032652726396918,9.402317556552589,176
b52c36aa-c7bf-4ffe-a22b-57e449238fc5,d60ad5cd-2dca-4130-b76f-5c9c8c2a027b,7946355.883145164,7946357.805305706,7946366.61153637,5629,200,1.9221605425700545,8.806230663321912,176
efe1b9ee-0692-4072-b91a-a8daeec502ee,dcc8b99b-cc01-4910-9253-2bf89c553910,7946355.883150993,7946358.844024767,7946366.6566964295,1848,200,2.960873774252832,7.812671662308276,160
da5a2ca1-ee8d-461b-8884-5818348111aa,ec035cd5-4099-445f-80a6-d885e8148b75,7946355.88314855,7946358.845317989,7946366.658403877,2693,200,2.96216943860054,7.813085888512433,288
b881fdc9-4839-4af7-b671-4e2beb866815,34604346-851a-41d2-9520-ce6b073a7cc6,7946357.883354199,7946358.701831186,7946368.638697503,2178,200,0.8184769870713353,9.93686631694436,224
36fe11ab-7205-4a37-8094-96290a23ee76,16ee1f98-70d1-4f25-b592-1d867d4d1193,7946357.88335794,7946358.700649572,7946368.639243602,4897,200,0.8172916313633323,9.938594030216336,176
f50b2932-091f-42b4-b968-7fb0c1fe3a13,4346426a-d1cf-4421-a05c-b8084161d1b8,7946357.883341565,7946358.702440388,7946368.6409448795,1110,200,0.8190988227725029,9.93850449193269,176
2a182a1d-1c22-43ff-8dd8-bd7ac50c251f,6c9f1413-e467-4d64-be9e-c1beccfa7d1a,7946357.883361555,7946359.333470319,7946368.662975503,2322,200,1.450108764693141,9.329505183734,160
30dabdad-e623-40c8-b0c6-46c240923966,b3f909ce-018e-4430-b0f6-b0dfbcd17eb4,7946356.883037563,7946357.636977525,7946368.876968285,5712,200,0.7539399620145559,11.239990759640932,176
fb234bec-160c-4905-ae2e-77009b0ec355,6bef9240-78a1-482c-96d2-a89c97ba970c,7946358.883442963,7946359.036017127,7946369.0520744305,2945,200,0.15257416479289532,10.01605730317533,2848
965e6ad0-45d0-43fa-8cc7-e2589eed405d,57ff1918-00a6-4f1f-abf1-71b1dec34e08,7946359.883508657,7946361.112245224,7946370.003419858,2279,200,1.228736567310989,8.891174633987248,2272
61320c9a-77c4-46bb-8c0f-c22df5d71c3c,51098ee2-2e33-44d0-9eb4-d67710b1b109,7946359.88351304,7946361.111963521,7946370.002884565,5414,200,1.2284504808485508,8.890921044163406,160
fdade522-e72a-47f0-aebe-5570203898b1,8201882b-3c83-4a5b-b140-7a5572375d5a,7946358.883448646,7946359.997428852,7946370.199289801,4216,200,1.1139802057296038,10.201860948465765,160
054374ea-7d68-42a4-8fee-6122bf8a588c,dc042378-78ad-458d-b1a6-44be64014146,7946358.883429809,7946360.000009824,7946370.203388605,1390,200,1.1165800150483847,10.203378781676292,160
ba8959dd-93de-4a49-a69f-0ec371d2d91a,6418d22e-6d88-463b-a16b-7587c147056d,7946358.883446111,7946360.656239495,7946370.251785944,5893,200,1.7727933833375573,9.595546449534595,192
a0d1f122-7d2a-451a-8ecf-a98c7a6926d0,33112398-5129-4e1e-868e-09609c2b6bee,7946359.883519379,7946362.355905575,7946370.455422747,2802,200,2.4723861953243613,8.099517172202468,176
eb4ef021-e24b-444d-b41d-f254a41c80ec,c13d9418-24a3-4ed3-8a2f-34e200890302,7946362.883375785,7946363.454344922,7946370.50032309,1085,200,0.5709691364318132,7.045978168025613,1072
fb888f26-f504-4648-8104-c51ad4fe39b7,b1d48415-2679-4cdf-930c-839699995501,7946362.883366068,7946363.513671333,7946370.5222540535,3859,200,0.6303052650764585,7.008582720533013,3600
adba790a-fbed-4b4a-82c0-bb9495a617a6,41ebc82e-eb6d-418f-b73e-022fa300e998,7946360.883771683,7946361.402434558,7946370.556726366,5839,200,0.5186628745868802,9.154291808605194,160
afa99a4b-53f7-4d07-af07-d615e6d41f9e,a3dab01f-d1d0-4917-85cd-54cb085d56db,7946358.883451871,7946360.05953774,7946370.65878564,774,200,1.176085869781673,10.599247899837792,160
f544b118-f623-4aab-8fb2-e4f70aa20b69,cfcf8ea2-39e8-4b65-a05c-99c6f74fc7ff,7946358.883439662,7946360.062425651,7946370.662156548,943,200,1.1789859887212515,10.599730897694826,160
ecc82b19-3c9b-4b0e-b759-ef7ef344388c,6be13090-1fa6-466d-b960-d0765f22b5e4,7946358.883454983,7946361.301749581,7946370.709382319,5928,200,2.418294597417116,9.407632738351822,160
24cf2fb6-1f7d-4a2c-b6e6-af5f575852a7,7b2e5dae-5d3e-413e-aa17-79e5e13971cb,7946363.88341055,7946364.818634263,7946370.962260084,5800,200,0.935223713517189,6.1436258209869266,192
c9f9feeb-4d42-4613-8bbe-65339845bce4,a87c1e2c-7a49-4744-9e7f-268e78b88eee,7946359.883497786,7946360.039576709,7946371.239266601,1082,200,0.15607892349362373,11.19968989212066,192
4760ac7b-2ce5-43e4-8396-5c8e3e63fc05,c5eb325e-4501-406f-86a4-ccbdef7dd488,7946359.883516305,7946360.627789395,7946371.259463866,5778,200,0.7442730898037553,10.631674471311271,160
ed09023c-2278-42ca-a30e-302bced316b9,7d83a754-194c-4131-be9f-21b4f40d2af1,7946360.883764944,7946362.1225712765,7946371.616590223,5717,200,1.238806332461536,9.494018946774304,192
0d1a775f-fb40-4e03-b2f8-ca066e486ef0,2d04a413-22fe-4614-bb84-9ea52c8c3a73,7946360.883768271,7946361.381727048,7946372.040284312,5701,200,0.4979587774723768,10.658557264134288,160
82b3c2e8-fe97-4673-993e-8fcd7614f84e,e4dc0ced-f82e-4bf7-a8a7-2b3c0cd1ba02,7946360.883753777,7946361.0745836655,7946373.200262238,1631,200,0.19082988891750574,12.125678572803736,176
ea4a096c-ef98-4ee2-95b7-125f0262e3a8,c1b75d15-4b27-406d-967a-f255a4effcdf,7946362.883352582,7946364.611638946,7946374.275305423,5901,200,1.7282863641157746,9.663666476495564,176
eeaeab83-cfdc-409f-8464-611acec171b6,28923570-dc4f-40ce-95e1-9bd4d262af79,7946362.883383264,7946365.2236018805,7946374.296187478,5933,200,2.3402186166495085,9.072585597634315,192
496be0fa-bae3-4360-8d93-72220d64666d,8c2d8f7d-60fa-4adc-b7e0-562e4b1056d2,7946362.883392143,7946365.22168852,7946374.294780397,2056,200,2.3382963771000504,9.07309187669307,192
0f26e4c3-930e-4f34-b3e7-d7cb99b599ff,940160ec-0bfb-4ebc-ac97-abf254489499,7946362.883379369,7946365.742022805,7946374.320686836,6395,200,2.858643435873091,8.578664030879736,192
01fef73b-640c-4cc4-80e1-c5def98052c8,aa942eaa-fb40-4ee4-a6e1-593548ba0dbd,7946361.883701176,7946362.906124197,7946374.373359541,5898,200,1.0224230205640197,11.467235344462097,192
08bd6189-9531-4440-ad63-51f796b86f70,06bd9fe0-2b10-467b-8ee7-3de10fda9474,7946361.883713717,7946364.168262368,7946374.427677485,6051,200,2.2845486514270306,10.25941511709243,176
7cdc1969-bb41-4ba2-8b4a-54e394cfda16,9711cf50-ddc8-4966-85ef-b4c71ee210d4,7946361.883717885,7946365.441813302,7946374.479215352,5859,200,3.558095416985452,9.037402049638331,192
151d27d6-af12-4242-85e0-729ca4e11c21,8f981136-8343-4ee0-8adb-07bae5162d5b,7946361.883721763,7946366.070468518,7946374.502148155,5955,200,4.186746754683554,8.431679637171328,192
84c41c23-cb1f-4929-a6f1-5cb5d4fee1d0,d3954709-3e90-4162-b807-366fedb25f30,7946365.883322304,7946366.143141163,7946374.519429656,2699,200,0.25981885846704245,8.376288493163884,288
81a6a537-cf56-40db-bd3a-2b18baf73109,90dca292-00d5-4d7c-b7ca-be3920741df0,7946363.883399145,7946364.403149059,7946374.651954797,5878,200,0.5197499142959714,10.248805738054216,176
de559ff6-2358-4c03-8d67-c7c05d7965c2,1944b4a9-25a6-481b-a8a6-9b9e9f4d0c67,7946363.883420183,7946364.82894268,7946374.673368643,5880,200,0.9455224964767694,9.844425963237882,224
2a0d4e9c-fb59-4dde-a668-f4671d696d41,960d53c2-dc81-4753-bf81-c4f25c1aef1b,7946362.883387991,7946363.425479813,7946375.118878121,5896,200,0.5420918213203549,11.69339830800891,224
6b85dcb2-b55a-47c6-9064-97ea992720a3,d200f713-d4e3-48fd-85a8-eb68048a1bd1,7946362.883371371,7946363.939244706,7946375.150047819,5985,200,1.055873335339129,11.21080311294645,176
065c62d3-a1f5-4a55-9c25-167d4bb5133d,00960d8d-92b2-47dd-a410-ce898eaf23c2,7946363.883414415,7946364.794946531,7946375.704499964,5874,200,0.9115321161225438,10.909553432837129,176
e4e7cabf-2a03-4045-baa6-f1f9b3a87d7d,0bd71f2d-8ff1-4b8b-a899-9b785a451bbb,7946362.883396281,7946363.066383034,7946375.701578246,1539,200,0.18298675306141376,12.635195212438703,288
2fcd894e-ff7a-4124-b5af-ccf3ec1e501a,87203db3-07a9-41c9-8809-fcaafbca8a36,7946365.883318861,7946366.629059437,7946375.740557911,5850,200,0.7457405757158995,9.111498474143445,384
1bb6eb77-22b3-4119-b880-7266e1fce1a0,ce509adb-84cd-4828-852b-e10802b976ce,7946364.883255623,7946364.999117815,7946375.897161156,595,200,0.11586219165474176,10.898043341003358,224
7dda803c-09e8-4594-bb3d-04529adf34e8,d0030985-3721-47a2-be3f-a716ff7779ef,7946363.883417368,7946364.00660353,7946376.190511911,4003,200,0.12318616174161434,12.18390838149935,4000
53fa7928-4301-427a-9976-322cdc776f4a,42b78ebd-17aa-4ddc-8442-4e4fb55a60c8,7946363.883423302,7946364.997458928,7946376.318380787,3006,200,1.1140356259420514,11.320921858772635,160
ed2a1a4c-9b1d-4ee5-b5dd-a2d7b109da0a,1e4cedf5-0c16-460d-a662-72daaa3cfb4d,7946364.883251585,7946365.614984159,7946376.349982132,5918,200,0.7317325742915273,10.734997972846031,192
f9584155-0582-42fb-afe8-ef8192f05cc8,240c36b4-8f22-4cfd-bfbb-90147dc774e6,7946364.883238252,7946366.18970938,7946376.356253404,5820,200,1.3064711280167103,10.166544023901224,176
b60c3bd5-1891-4bab-a4c8-f702548deb1a,30971b06-21cb-430b-9b96-f4da653a673d,7946365.883308482,7946366.410433558,7946376.399980447,5884,200,0.5271250754594803,9.989546889439225,176
1089cec8-d3ab-4933-8bb7-8137a2be9784,795cc20d-671d-410c-bce2-c55dbac8dc37,7946364.883259649,7946366.583799132,7946377.313770457,5957,200,1.7005394827574492,10.729971325024962,192
7019abe5-3bf9-4d82-b298-d22d9411ce99,6fb86cb0-b646-4ecd-8730-d6ed365d30a3,7946365.88332462,7946366.75435378,7946377.340174972,5869,200,0.8710291599854827,10.58582119178027,160
c5fe5bc4-a886-4322-84d9-2e91199d76ef,fb6d507d-694c-4402-9d45-f0e30b2ce003,7946366.883469668,7946367.503353937,7946377.60031209,1695,200,0.6198842683807015,10.09695815294981,192
71cf090c-bc1b-4223-80fb-5fdd0e3cf04e,471160fa-a8fe-4f94-b069-9a59621350cb,7946366.883453973,7946367.505317134,7946377.602175292,5976,200,0.621863161213696,10.096858157776296,160
67e182ce-1112-4e54-8289-837a44555d3c,ed4008e7-8fb2-4c86-98dd-bbd7d9a96ecf,7946366.883465656,7946368.165257868,7946378.342463381,5971,200,1.2817922122776508,10.177205512300134,176
4f2a76d7-7296-4ec3-b546-105f79fe00e4,c0dbd0bd-4010-4779-815e-795e06cc171a,7946366.883473071,7946368.7758777505,7946378.367650928,4952,200,1.892404679208994,9.591773177497089,192
ab3685fa-6bbc-41b6-890f-2eb8e8468d47,42303959-8373-4fb5-b881-e39d2351d467,7946367.882989373,7946370.615656413,7946378.435002423,3539,200,2.732667040079832,7.8193460097536445,192
429fa2c4-92ce-4b49-99d6-96d3f0662c95,11125870-5b26-45ea-8fba-47c68888a24c,7946367.88296432,7946370.618375031,7946378.438775979,3134,200,2.7354107117280364,7.820400947704911,224
c568049e-df5f-45f2-b917-b57e9860e397,47b6f51c-e139-4524-b0ed-2b8a71627474,7946367.883004034,7946371.234536399,7946378.456404871,5777,200,3.351532365195453,7.22186847217381,160
8d5cc4d4-e89f-4cbc-b0a6-e51e2f83c021,ccd8f2c3-44d3-41c4-91db-1ba4dc5f9701,7946369.883270011,7946371.235929196,7946378.459331791,2367,200,1.352659184485674,7.2234025951474905,192
93da223a-327a-4875-8b4f-30fd2622c3ad,bbea6a5c-8d47-4003-8b31-48aa9eb697ca,7946367.88301336,7946368.449666718,7946378.850334075,6511,200,0.5666533578187227,10.400667357258499,192
3397e442-ce2f-4eb6-8a28-a8d894336b76,90459a3b-3485-49f1-9ff4-20b06e66b7dc,7946368.883015788,7946369.729100559,7946379.333542464,5834,200,0.8460847707465291,9.604441905394197,160
cab6b18c-7755-452b-b7ca-deef59ed5c74,282e0f6f-de8f-4a61-aab6-17114cdd3384,7946368.883005438,7946370.369539456,7946379.362547297,2277,200,1.4865340180695057,8.993007840588689,192
37191d76-a43f-4d4c-9d31-d472dee4e4e6,dc8da506-377a-47db-b74b-fa65c921225f,7946367.883008518,7946368.383229521,7946379.406215988,6029,200,0.5002210028469563,11.022986466996372,192
aea5b8c9-ea04-44de-862e-6573a0746035,196b3ba3-fa8c-4255-8678-43251bc0da68,7946368.883023035,7946372.232224984,7946379.426985371,2029,200,3.349201949313283,7.194760386832058,160
7ab19cca-abfc-442a-bc8d-9d17eb635dbe,8aa6063f-9cd1-4748-bc9a-78c44fd7370a,7946369.883264134,7946372.590585149,7946379.447013948,1951,200,2.707321015186608,6.8564287992194295,1856
f6c40dd5-37d5-47cb-ab5f-30682a5d3a8b,754d16d3-ea57-4edc-91a1-c28db76c5ec2,7946368.883019593,7946369.480602645,7946379.605382696,5789,200,0.5975830527022481,10.124780050478876,160
b8c575ef-7aa7-4a30-bb36-3fa7a811f112,ebb1ca76-edc7-4fc1-baf1-d741d0a23195,7946368.88302617,7946369.945054212,7946379.630107999,5876,200,1.0620280420407653,9.685053787194192,176
f097a89e-333d-46a6-a807-722df8f17e25,9d906d38-5a40-402b-9306-6739e6010f19,7946369.883267604,7946370.007197044,7946379.659975006,693,200,0.12392944004386663,9.652777962386608,192
3f0d7820-89d7-477c-a81a-7cf17021a135,a0029e44-bbfc-40dd-aa13-4c3bc41def2e,7946367.882984508,7946370.637347314,7946379.68050429,1730,200,2.7543628057464957,9.043156976811588,160
44ab5fb9-8678-441f-b862-d2ff956eba52,53331c8b-4eec-428f-89e8-96e8338db919,7946367.882994222,7946370.63580724,7946379.680377712,5818,200,2.75281301792711,9.044570471160114,160
6ebd7cb4-e1af-4bf6-9192-dca88b3eefc9,fa60773d-c882-463b-8316-07d4c895e992,7946370.883313373,7946371.419965334,7946380.6646957025,5958,200,0.536651961505413,9.244730368256569,192
6388cedd-b776-41f3-ad2e-d707e3cc6164,bae42ab0-315a-422a-8e89-6a7cf4b10773,7946371.883792414,7946372.654890155,7946380.713406722,5912,200,0.7710977410897613,8.058516566641629,160
73db4f8e-103c-4876-8806-950e1988d351,f4aff892-842b-4e98-af4c-cfd1deacf96e,7946370.88331605,7946371.728718321,7946380.774180125,2189,188,0.8454022705554962,9.04546180460602,288
1dfca057-3af9-4bb9-848a-47219a08f10e,623901f7-e6f9-48bd-828b-b5728990d3b2,7946369.883252863,7946371.066791651,7946381.0894914,2570,200,1.183538787998259,10.022699749097228,192
f112c5f6-deff-483f-a560-3d74ccb8dc98,e0f89448-f876-416b-8010-7e072a728504,7946370.883301311,7946371.731229338,7946381.285805366,5876,200,0.8479280266910791,9.5545760281384,160
9cd56d57-6856-4143-a8da-f97ad72c01b9,af58fe18-5abf-4a30-a78b-73561c06d4f2,7946370.883318552,7946372.972233292,7946381.332085378,2371,200,2.0889147398993373,8.35985208582133,288
505cd712-64cf-46b4-a2d3-859bc61a9f76,5ca8a6ad-a355-4018-902b-ec2a13ffca11,7946371.883809271,7946374.207827371,7946381.375542139,5832,200,2.324018099345267,7.167714768089354,224
6efce2ec-62b0-4147-8e42-54f7d959ff03,dced35a2-1f71-49ea-a75d-eee733b63868,7946372.883029244,7946374.831106156,7946381.396476683,5784,200,1.948076912201941,6.565370527096093,160
c3394606-0b59-4bc5-bbd2-d341ca746cef,6769e696-2581-4f98-b1bd-a92e8911c925,7946373.883167479,7946375.45934101,7946381.410994604,5970,200,1.5761735308915377,5.951653594151139,176
003c77df-e128-4927-ab25-6c423e355225,e3db737d-83d5-49ea-8fb1-6b8a17dd5c81,7946370.883309754,7946371.398166681,7946381.585133509,5966,200,0.5148569270968437,10.186966828070581,176
7bfd918d-9f5b-435c-8447-1678fb505df8,b4c5b65e-b0b2-4149-a9a2-a49a11473845,7946371.883812432,7946373.849494176,7946381.67677425,5820,200,1.9656817438080907,7.8272800743579865,160
1baea438-662a-43ab-8dbf-f6d5f5c6d419,44838094-3154-4ad0-aad1-71143ecb6bab,7946372.883043391,7946374.4791973885,7946381.699224907,5884,200,1.5961539978161454,7.220027518458664,192
8c7ac2d0-f472-42ed-96a5-4a3300df5774,e5488a62-a6e0-4b98-a167-55ef476697ef,7946373.883153973,7946374.863268137,7946381.721939704,1577,200,0.9801141638308764,6.85867156740278,192
8f5767ff-39f7-4fc9-9ccf-a7e4ed0d965a,f77b3e1a-28ab-448e-9c49-1437284550c7,7946372.883047177,7946373.63235874,7946382.009339719,942,200,0.7493115626275539,8.376980978995562,224
f9da13e7-9941-4c65-a858-db557a9dd4aa,5c310efb-bfc5-46d7-97ea-542167b82029,7946371.883815642,7946373.6316879615,7946382.008653873,2744,200,1.747872319072485,8.376965911127627,464
4f98246f-56c6-4b59-8b01-8a6c73dff845,41d7460a-e0a1-4300-9f40-37670c541e0c,7946371.883818533,7946373.631393694,7946382.008560345,1085,200,1.7475751610472798,8.377166650258005,992
a88e43ba-8298-4985-9264-3448f31b9846,9b9edbc7-220b-4ac4-815e-b9209e973b09,7946371.883804881,7946373.632935291,7946382.011591516,4664,200,1.749130410142243,8.378656225278974,192
99617008-718c-4fa7-a03f-6b64ea91a702,d2e35e05-d494-455b-8b64-3602cd992e55,7946373.883163426,7946374.006513084,7946382.782683866,595,200,0.12334965821355581,8.776170781813562,176
1b64f3c4-c96b-4b56-a1c4-f4e669fd3c55,c7982c70-c5d4-4b9d-9f05-ceacbb6c0ad6,7946373.883170626,7946374.218711875,7946383.283191908,2246,200,0.3355412492528558,9.064480032771826,192
5bbaca63-1720-4525-b969-abab95dfa1d3,6438b31e-b086-495f-8c72-0c6603de3583,7946374.884426484,7946374.999052872,7946383.450337137,764,200,0.11462638806551695,8.45128426514566,752
556f6c3d-6e62-4feb-a4d4-d2e2154ff76b,1628d450-3fc3-4b73-9923-fce01e9f48ee,7946374.884439384,7946375.2428437555,7946384.116782917,3676,200,0.35840437188744545,8.8739391611889,192
f97d95e7-4104-4361-9e0d-21c4640d11d3,25764557-8d50-4bc3-8d58-ccb7ee44ac5a,7946375.883709108,7946376.426401638,7946384.370979584,2529,200,0.5426925299689174,7.944577945396304,224
4696e2c6-efcb-454e-b53e-1b748c3f9389,0510668b-2e39-4521-abbf-68606b666ffd,7946376.884181042,7946377.2280758545,7946384.670341817,3214,200,0.34389481227844954,7.442265962250531,192
8c03a14a-33a4-4ac5-92b1-7248d6dea773,fc03dbf1-0de7-4854-9fc3-dbbc06937d77,7946376.884198642,7946377.65264896,7946384.686868981,5870,200,0.7684503179043531,7.0342200212180614,224
fd642e23-1195-4912-8cb8-8b64dd83772c,a2d50e13-b70d-4fc7-ae7b-c9da9cadaf6a,7946374.88444567,7946375.855947528,7946384.714222886,5677,200,0.9715018579736352,8.85827535763383,224
b70cae44-b065-44f6-a121-fbdeacf55c0e,4df870a1-f984-48dc-93fb-96ee01475d6f,7946376.884172975,7946377.850512226,7946385.373268604,4793,200,0.9663392510265112,7.5227563781663775,192
cd73936a-0cbe-404f-b81b-bcc2f799f4d1,dff993b8-19dc-45b2-9b6f-11b92241e9b2,7946376.884195006,7946378.37762328,7946385.389377434,1558,200,1.493428273126483,7.011754154227674,192
df70257c-8a5c-4bdc-bfee-6dc30730b693,a97b3419-50d1-4d99-ba18-6269343a8188,7946376.884184466,7946378.381105324,7946385.394153997,4137,200,1.4969208585098386,7.0130486730486155,160
42d79c30-1d90-4a64-9b58-9026ee2f7bd3,41705093-4c8c-4a90-99d2-ad3181aceb70,7946375.88371933,7946377.128135131,7946385.665328666,5701,200,1.2444158010184765,8.537193534895778,192
9ed4ad2c-1af4-4110-89f3-3ce699816fd0,dec5032f-5640-4adb-8120-132fbe0e8a7b,7946376.884191656,7946377.744464431,7946385.887147054,2373,200,0.8602727754041553,8.142682623118162,288
35c813e2-0102-4d28-82df-fff85484079a,f20a741c-0fb3-4811-91f0-bee136177ca3,7946374.88443315,7946376.025405214,7946385.899757898,5799,200,1.1409720638766885,9.874352684244514,160
fad0e5b6-2cb0-48dd-aae1-4aeb64ffdd44,13c19d21-f311-4a3a-97bb-1e152f24a81d,7946374.88443003,7946376.662332244,7946385.943048211,6817,200,1.7779022138565779,9.2807159665972,192
37e5d334-98c7-4ab5-98d3-a3f92f3be7a5,d1a58fee-2699-4cde-8dec-5a26bda64889,7946374.884415225,7946377.291369715,7946385.955730029,3583,200,2.406954489648342,8.66436031460762,192
b694724a-4840-454a-ad88-eb2a87f62b34,f3a3a146-a735-459e-af58-d3d7626b4a21,7946376.88417717,7946378.224234877,7946385.957584418,5709,200,1.3400577073916793,7.7333495412021875,192
90ee0e9c-e66e-4e16-97fc-43e34adce3d0,50844e5e-9277-49cc-b561-36669f0ad23e,7946376.884161801,7946378.227149873,7946385.960845261,3714,200,1.342988071963191,7.733695387840271,192
5a9f79f5-65e3-42a6-868f-9918e389324f,f93cf9d2-38b2-470c-ab49-c0cef71be9fc,7946376.884187991,7946378.846004284,7946385.975156635,4903,200,1.9618162931874394,7.12915235105902,176
c9948b8a-afeb-4808-91de-fddd38c9d74b,afe6f909-f768-4fd6-b7ba-ab195b5c9b8e,7946374.884435974,7946377.9182280805,7946385.976616524,2778,200,3.033792106434703,8.058388443663716,192
b8319a60-647c-4018-b107-c4569317f3c0,33ea6c12-64ad-418c-9fdf-8678e88b1bad,7946376.884201851,7946379.46906794,7946385.983091305,5976,200,2.5848660888150334,6.514023365452886,160
cec9fa67-afa0-452e-9151-a9c28be5074f,4008439a-7054-4643-abe9-8e6901c83b3f,7946378.883733954,7946379.656145403,7946386.010283715,594,200,0.7724114488810301,6.354138311930001,288
f42df088-57b7-41c1-bc92-566db6de94c1,6205a7d7-30c6-4588-aae4-93bd8a23b6d5,7946374.884442327,7946378.541156919,7946386.092614616,2867,200,3.656714592128992,7.5514576975256205,160
9598fb64-34b7-4132-9f55-faa1a655b2d0,2cba0280-e9ce-4e04-935e-d0af6820ee0e,7946379.883081205,7946380.859399209,7946386.309150326,5714,200,0.9763180036097765,5.449751117266715,176
82238760-18a9-423a-bebb-e611cd1c2b2e,170812a6-cb38-4169-bec1-bbe2e86c6001,7946379.883077104,7946380.861134483,7946386.311795318,1707,200,0.9780573789030313,5.450660835020244,320
593d61ca-4c5b-4c27-896f-8099ec248110,b8da1dd5-81ed-4005-bc7f-80a71f22ed71,7946379.883092075,7946381.465452574,7946386.320669658,5090,200,1.5823604995384812,4.8552170833572745,176
764d927e-32f5-43a5-a057-626e953007c6,0936669e-5c64-4f1d-ada6-04ce9a565d14,7946379.883095873,7946381.515550956,7946386.337276328,2594,200,1.632455083541572,4.821725372225046,288
af74aabb-65cd-4a46-92a3-84430ac93f17,4ea323b6-3ea0-43fc-b190-c775d192ad29,7946378.883743288,7946379.865749519,7946387.088407508,649,200,0.9820062313228846,7.222657988779247,160
fb9ca12c-f789-4ba5-b372-293028b954c6,3e6c5d34-1386-4cd8-9374-9aa3862b99fd,7946378.883746781,7946379.865282762,7946387.09052568,3019,200,0.9815359804779291,7.225242918357253,192
3571feb5-7fec-4631-8fcc-5e7d1f466e52,3bdbe03e-f2c9-476d-be78-5845bc3d6cf8,7946378.883758189,7946381.085592116,7946387.126762742,4919,200,2.2018339270725846,6.041170625947416,192
376ffd0a-023d-4738-b856-6059515af6e4,a59afcff-3049-48a3-b277-5a727d2c27e6,7946378.883749799,7946381.090592408,7946387.131938825,3499,200,2.2068426087498665,6.041346417739987,192
bcd270bf-6bfa-4784-8395-b6e61ed8c9d8,1434280e-db6a-489c-bee3-dabaf81a8a75,7946378.883752808,7946381.701311198,7946387.149558696,2436,200,2.8175583900883794,5.4482474979013205,192
fdfe482b-e7dc-4661-a996-16779c9c568c,f5b97146-dcd1-49f1-afff-ca5345e46e8b,7946378.883755427,7946381.70037649,7946387.149003054,5973,200,2.8166210632771254,5.448626563884318,160
565443cb-9e86-4417-bf4c-d7fa3bc18059,e0cfc694-73d4-4603-9a29-1bdf768266fa,7946380.883193329,7946382.046729519,7946387.170059519,2182,200,1.1635361900553107,5.123329999856651,176
1988d591-6803-4834-a231-97681fd97819,c0dbd0bd-4010-4779-815e-795e06cc171a,7946381.883399552,7946382.0755362,7946387.18892192,4952,200,0.19213664811104536,5.113385720178485,4944
01719adb-62c7-47ca-b397-f9cf9da07b56,ce509adb-84cd-4828-852b-e10802b976ce,7946381.88340994,7946382.075502248,7946387.188410174,595,200,0.19209230784326792,5.112907926551998,592
b569a73a-67a8-4cf7-a739-50ec44d74084,4681109f-b6ac-4c2e-b51b-95fbb0ccf6fc,7946377.88304792,7946378.556881996,7946387.789963043,5228,200,0.6738340761512518,9.233081047423184,224
03a78e0b-3f2f-42bb-ae0c-efebc28365b7,e252c7b2-268a-46f8-9aef-034d91473c0c,7946377.883058625,7946379.161905328,7946387.813115264,5978,200,1.2788467025384307,8.651209936477244,160
77e46e49-8cb2-4096-aa5a-c01f22e1e57b,27e00e2e-21f7-46b8-8008-d0a46fedbeee,7946379.883065141,7946380.736965938,7946388.438008167,852,200,0.8539007967337966,7.701042229309678,288
5486a42d-cc7e-4d57-a4e3-b18145be2611,0bd71f2d-8ff1-4b8b-a899-9b785a451bbb,7946379.883085052,7946380.733824392,7946388.437272359,1533,200,0.8507393402978778,7.703447966836393,288
536abd13-b820-4068-9dd2-bbc2c14aae10,977ac36b-bb7b-4aac-bf3e-938831af0d6d,7946379.883088508,7946382.006588897,7946388.4795237,5961,200,2.123500389046967,6.472934802994132,0
01515a27-e933-475f-8ad4-0feadbdfbe59,0de88066-b060-43c4-86e8-92b4ba42d652,7946380.883180281,7946381.733637547,7946389.033975776,875,200,0.8504572659730911,7.300338229164481,192
48735958-d64c-4905-b951-e2efed2cb4f5,f2c8fa8a-6fa2-439d-8757-8199060b169a,7946380.883189894,7946382.346305553,7946389.053715032,4974,200,1.4631156586110592,6.707409478724003,176
adfa13ab-3f36-486f-846b-766b02b38095,034fada1-6ff3-494e-9df1-8d72fa54e215,7946380.88319647,7946382.345210338,7946389.053064408,2990,200,1.4620138676837087,6.7078540697693825,160
5ca30213-bbd5-4c09-a3dc-c4c22217500d,cefc6823-5ff4-4638-94ce-6bc5efae4bb7,7946380.883199674,7946382.344791209,7946389.053048563,357,200,1.4615915352478623,6.70825735386461,176
bc0241be-bec0-40ec-a7c2-6d32fdb923c0,7b2e5dae-5d3e-413e-aa17-79e5e13971cb,7946382.883424097,7946384.571269575,7946390.231489242,5800,200,1.687845477834344,5.660219667479396,5792
40ade7e4-7a1c-4541-a52a-55778c964baf,5b395a28-37db-4f2f-9699-dc343bce8a3b,7946381.883420102,7946384.569455512,7946390.229857259,1524,200,2.6860354095697403,5.660401747561991,192
850e79ac-bc3f-4b9b-94c3-0a185cffef35,231beffe-da58-4516-af27-1182589624ee,7946381.883413525,7946384.571551847,7946390.23296165,5138,200,2.6881383219733834,5.661409802734852,192
0ab3e4e4-b5a5-41a0-8405-fc093405fd14,881cd439-cd62-4d96-be83-b9b80c159776,7946382.883431341,7946385.1893409,7946390.24891008,1617,200,2.3059095591306686,5.059569180011749,176
42e01135-757e-4b30-93c2-e41b5a767131,4ed73052-44e1-40c2-9767-c1fdeb96c4c1,7946381.883416772,7946382.9386929525,7946390.702666926,5861,200,1.0552761806175113,7.7639739736914635,224
f381161c-111b-4f2b-a1b1-ab74d065f8ca,6cafcfd1-e154-4074-aed9-9d3b56fe9e3e,7946382.883427769,7946384.356960356,7946390.791300005,5915,200,1.4735325872898102,6.434339649043977,160
c8e61deb-c68b-418c-95fa-86099c55bc7f,aeb913ad-d459-4fbd-906a-cf6ac2bb3fd1,7946382.883441192,7946384.976127165,7946390.809131003,5661,200,2.0926859732717276,5.8330038376152515,224
569eb2e5-77b7-49d8-aebb-b053e7890d2a,cc69a023-c1c3-4dcc-9d6f-d347a10e1419,7946383.883408702,7946385.505249765,7946390.83241405,4592,200,1.6218410627916455,5.32716428488493,176
477763cd-36a9-4026-a981-a49e4bc14c4f,0a9c1717-d9cc-43d7-bcbd-2fe1a4ccd8c2,7946383.88342027,7946384.164131022,7946391.48756966,2932,200,0.28071075212210417,7.323438637889922,224
cc1dcd09-245e-470e-9f1a-fca5ecfb0050,f4aff892-842b-4e98-af4c-cfd1deacf96e,7946382.883411648,7946383.895230704,7946392.146745461,2183,200,1.0118190562352538,8.251514757052064,288
bb57239a-6ac2-4636-8de2-6785873637ae,b7660a54-c8d6-4417-beda-becfd4ccc9ca,7946382.883437844,7946384.117034715,7946392.165197192,5932,200,1.233596870675683,8.048162477090955,160
31d3a3fb-ae5e-4aa9-a0e8-27dea17989ad,ee855e58-40b7-4582-8d97-9ecf0170c5b2,7946382.883434407,7946384.117690019,7946392.1666655475,1044,200,1.234255611896515,8.048975528217852,160
7e8af526-56db-4a75-8965-b5a504faecc0,9f4a967c-69d5-46cb-a48b-7028ac8a0984,7946383.883427335,7946385.056560792,7946392.209112829,4804,200,1.1731334570795298,7.1525520365685225,176
bd620d1e-9ec4-4037-ac3d-e4bf1e032e0a,060f2ac7-a6fe-475c-862b-44d01526e2fe,7946384.883635872,7946385.666598669,7946392.232423592,2894,200,0.7829627972096205,6.565824923105538,160
02678f77-fe9a-4cb8-b491-ba1228c350bd,89feb0ae-9362-4a5b-a776-195dcb115949,7946384.883660013,7946385.8879122,7946392.249780094,5862,200,1.0042521869763732,6.361867894418538,160
ac311c8b-020e-4513-9408-97894d5c5335,24dcaf79-471d-4093-b6e7-fcecb30f565a,7946385.88343574,7946387.004421664,7946392.327529717,5874,200,1.1209859242662787,5.323108052834868,160
45822b18-bc19-489b-95f1-89639f6f451e,43457d7f-b6c5-459b-ad04-d0f5e27a0f7c,7946385.883425869,7946387.007612566,7946392.330524178,2230,200,1.1241866974160075,5.3229116117581725,288
c179aeb3-1df7-40aa-af25-17c606206e1e,103ef819-f19e-40e3-afdd-3c194e788d50,7946385.883442456,7946387.392605626,7946392.345378424,5836,200,1.5091631701216102,4.952772798016667,176
f50dff44-ccf5-4b0c-a68b-7e934f85a9ea,01bf6cef-c97b-4d6f-8ae2-8102bf0f9a79,7946383.883423541,7946384.385322435,7946392.668955314,5807,200,0.5018988940864801,8.283632879145443,224
6faaab3f-937c-4b77-8375-e96c5be41d33,20a3f959-78cc-46c6-8962-31e21ecd5c4e,7946384.8836523,7946385.831658359,7946393.196404049,1579,200,0.9480060590431094,7.364745690487325,192
848e0984-c60c-435d-94bf-f66c7ac5eeb5,6aa47392-d059-41e1-b0df-daff049d420c,7946384.883656482,7946386.451431515,7946393.216746852,6085,200,1.5677750324830413,6.7653153371065855,176
bde6f35e-e940-43b8-ad13-0419aaee8fc0,f67702ed-ffe8-4f1f-b79c-d71f9ba12c4f,7946385.883439523,7946386.094281068,7946393.233500832,1535,200,0.2108415449038148,7.139219763688743,160
a89f2b9d-1c5d-442d-92ac-9eac0ceb5ae1,1bc73e7d-6b0e-4755-ade4-f801a54d64d7,7946384.883663549,7946386.673446155,7946393.23653971,1378,200,1.7897826060652733,6.563093555159867,176
56a6e1e6-b960-4c7d-b776-45e2818a9053,f9c92a82-99c7-477b-95d5-3aed03818705,7946385.88344523,7946386.692787055,7946393.254692314,3500,200,0.8093418246135116,6.561905259266496,176
fdb5e7da-e0cc-48ac-adab-9eed96001eea,6a9253a7-800b-4ea9-8be4-0958a68fd34d,7946385.883415366,7946386.934162021,7946394.636716826,3123,200,1.0507466550916433,7.702554805204272,192
839104b9-6924-4de2-bb64-35525e65be9b,ff721aff-e43e-491c-a1bd-376484481958,7946385.883432619,7946387.458582947,7946394.6540261265,5961,200,1.575150327757001,7.19544317945838,224
4b1ab0ca-a09f-41e8-b6a4-b34c831b0b9c,ef9a6926-cbbd-4236-a031-a34675858e8f,7946385.883429575,7946387.4600078985,7946394.6552665075,1563,200,1.5765783237293363,7.19525860901922,224
80806519-368e-4384-8844-6678bda6de47,a941116a-c518-4f7b-bc3c-311e10bec57b,7946386.883021702,7946386.992108631,7946394.782179759,1179,200,0.10908692888915539,7.790071127936244,176
693495be-cda4-48c0-a6c5-24d2de070c96,5c06298c-86e7-48f5-99ec-f360b1699941,7946386.883033125,7946387.585457735,7946394.802814716,4518,200,0.7024246100336313,7.217356980778277,224
ee408f86-a2bb-44bc-9211-e72dfb92fac4,a0029e44-bbfc-40dd-aa13-4c3bc41def2e,7946387.883490197,7946389.221491079,7946394.8675863305,1733,200,1.338000881485641,5.646095251664519,1712
a044c941-49ec-4510-a7b6-4d27f03fb2a1,e0318768-b6e5-4e1f-8f7c-25bc990bff07,7946388.883502135,7946389.575366887,7946394.896941712,1671,200,0.6918647522106767,5.321574824862182,192
5dac678d-b57a-471d-bf68-0ddf6a9b3cc8,ed0ec45f-0834-450d-974e-6c8a7ef11d0e,7946388.883506134,7946389.575532723,7946394.896506217,1293,200,0.6920265890657902,5.32097349409014,160
45f0d112-0c03-46de-b699-2a1ae002d3db,6438b31e-b086-495f-8c72-0c6603de3583,7946387.883504152,7946387.982802815,7946396.876738209,764,200,0.09929866250604391,8.893935394473374,752
4d6bd8bd-f057-49be-a1e3-509be265f395,1944b4a9-25a6-481b-a8a6-9b9e9f4d0c67,7946388.883518316,7946389.418720127,7946397.500882269,5880,200,0.5352018112316728,8.082162141799927,224
a54b038b-9e73-4336-9084-2380c22f3f2f,684c786a-badc-48de-b322-c0adb845e0af,7946389.883851424,7946390.293869234,7946397.8031035075,1680,200,0.410017809830606,7.509234273806214,192
91eff834-b6d1-48d6-948f-e36bb3b0ebcd,0bd6b9e7-3058-4c9b-85ea-14af508634a2,7946387.883500146,7946388.970862458,7946398.003721137,5932,200,1.0873623127117753,9.032858678139746,192
403dac84-2c4a-4bae-9efc-daf2da7ccbcd,39f0db0a-82e8-429d-aa53-89c2802d7dac,7946387.883507288,7946388.969392721,7946398.002487786,1097,200,1.085885432548821,9.033095065504313,224
a2df27d9-2511-4338-b57c-8c6fd4506484,fda1a843-8c94-4359-a21c-7bd6444db827,7946387.883510607,7946389.5592288375,7946398.025350177,837,200,1.6757182301953435,8.46612133923918,176
bcd2a55a-89fd-4ece-bfc9-011edfc36ae8,50a6fd55-dd24-4441-9105-8785b6a488a7,7946387.883518622,7946389.557874246,7946398.024737003,1793,200,1.6743556233122945,8.46686275769025,224
59f8e014-aea1-4dce-a162-eb99c25b3cac,8201882b-3c83-4a5b-b140-7a5572375d5a,7946387.883514141,7946389.559426735,7946398.0267440025,4216,200,1.675912594422698,8.46731726732105,160
a90f311f-e25f-499e-8114-d28142b69986,fba72a56-cd36-4731-8af1-a04f79c5aabf,7946388.883487338,7946390.803737505,7946398.075785943,2951,200,1.9202501671388745,7.2720484379678965,720
c29648b0-4996-4953-84d8-28452d60b465,e232fd4f-1b09-4f75-9370-41eb0f33f527,7946388.883514176,7946390.800479999,7946398.073035989,3216,200,1.9169658226892352,7.27255599014461,224
2890f1ab-598d-4431-b64b-ae37180768dc,0bf31ffa-4595-4d11-950e-5ea31165867e,7946389.883837165,7946391.419752609,7946398.092932505,5659,200,1.53591544367373,6.673179895617068,192
f7e4810b-f079-400a-81a2-59186d5ae30f,c8b7ff65-cf0d-44ff-991e-2b8fd4458b22,7946389.883840625,7946391.966534485,7946398.112895811,4790,200,2.082693859934807,6.146361325867474,176
d695b136-3f21-44e9-8025-c33b8f1407ba,20a3f730-0a4f-46a2-b2a5-1a67647b8fbe,7946388.883510355,7946389.917800997,7946399.017752669,5867,200,1.034290642477572,9.099951671436429,192
427dc9c4-be1a-4bdb-82d2-01fc64bc6e35,f3344a2f-1e15-4802-8ccb-49fecc4a1511,7946388.883498365,7946389.920047073,7946399.020678416,1692,200,1.0365487076342106,9.100631343200803,192
44d4a8fe-ccb4-405a-b948-8864990e62af,d3954709-3e90-4162-b807-366fedb25f30,7946389.883830392,7946391.070412291,7946399.065965358,2760,200,1.1865818994119763,7.995553066954017,288
145e5d51-13b3-4d92-a846-9ba508329058,57ff1918-00a6-4f1f-abf1-71b1dec34e08,7946389.883860615,7946391.063786545,7946399.059859546,2352,200,1.1799259297549725,7.99607300106436,272
4b0e1dcb-dba0-4ef5-9ec7-272515c9a9ad,04c151c1-ee98-4835-b8ba-1681eccdd922,7946389.883843809,7946391.238479812,7946399.979513292,6380,200,1.3546360023319721,8.741033480502665,1648
2e34edff-6f8f-4b59-b60b-7749da31c61c,d2d5bd84-b3bd-4a48-8157-0a1a9475ba55,7946389.883834078,7946391.2428004015,7946399.984225787,2621,200,1.3589663235470653,8.741425385698676,160
d2be4cd7-72be-4707-a9e2-10d86698c66a,50b135ba-662a-4b3d-90f5-c92d2b289617,7946389.883818682,7946390.442129134,7946400.156171484,5891,200,0.5583104519173503,9.714042349718511,176
64d7e524-4339-46af-a648-0fa77e8a3ca7,170812a6-cb38-4169-bec1-bbe2e86c6001,7946389.88385764,7946390.434825594,7946400.149879288,1707,200,0.5509679531678557,9.715053694322705,1696
bf3b2eb7-d66a-4390-a0cd-421d960cdde2,b1d48415-2679-4cdf-930c-839699995501,7946389.883847666,7946390.299958148,7946400.85086053,4032,200,0.41611048206686974,10.550902381539345,176
2859cdf3-49b3-4701-b069-c643486bf97d,de528272-6a53-45f6-8d5a-5a4c5661786f,7946389.883854502,7946390.048259657,7946401.685649541,746,200,0.16440515499562025,11.637389884330332,176
fead06cd-78b5-4765-9204-4df5c1166ae0,2040b71f-50f7-495d-b101-08f2fb392415,7946390.883227143,7946391.466390836,7946401.93004809,1062,200,0.5831636926159263,10.463657254353166,192
dc273b8c-a223-40b7-b58b-6152b197a821,160f36f5-505c-4cd0-b6cb-eb0b1a10aca0,7946390.883242503,7946391.464769321,7946401.928794388,5653,200,0.581526817753911,10.464025067165494,224
46b8cf98-2ed6-4b2e-8f4f-eb6b747c3863,7acfafc2-e8ac-45d6-9ad0-664cb87e4a6f,7946390.883248376,7946391.46349032,7946401.927817893,700,200,0.5802419446408749,10.464327572844923,224
a8d95c3a-fc7d-48b9-8841-f7cf5881a8b7,6052704c-60c2-46b7-b067-f7d04009c56d,7946391.883301619,7946393.301243194,7946402.419069751,3864,200,1.4179415749385953,9.117826556786895,192
67f609cc-2982-4fd0-8d93-27cf98437c23,12660cf2-26fe-4c78-a8b3-e603c06b965a,7946390.883238783,7946391.785048228,7946402.561313452,5723,200,0.9018094446510077,10.776265224441886,160
8689eb26-d944-48c0-8384-716526c1f933,a03b3c71-45a1-48b1-9bbb-48e8669a9d11,7946390.88324569,7946392.416004661,7946402.584761207,5940,200,1.5327589707449079,10.168756546452641,224
b4491b9e-3a0b-4c99-82d2-a440ee669fa6,06bd9fe0-2b10-467b-8ee7-3de10fda9474,7946391.88329033,7946394.283132569,7946402.665167943,6068,200,2.399842238985002,8.382035373710096,176
a4aca418-6102-47de-9e11-16d9d88dc6f3,16ee1f98-70d1-4f25-b592-1d867d4d1193,7946391.88330571,7946394.281212517,7946402.662996915,4897,200,2.3979068072512746,8.38178439810872,176
93636540-a324-441e-b70f-5579a99dc5fc,825675cb-f150-435a-a754-aa57988c056f,7946391.883308652,7946393.983172122,7946403.013994165,5904,200,2.099863470532,9.030822042375803,176
05b1eb7f-60f7-4cf4-ba65-85ddc52d1a43,471160fa-a8fe-4f94-b069-9a59621350cb,7946392.883216964,7946394.526531802,7946403.146826621,5976,200,1.6433148374781013,8.620294819585979,160
0e953b27-3dd2-41b8-a693-419e203b27b0,cda35d87-8607-4ef3-a3a2-df474f3cb394,7946392.883210977,7946395.135639988,7946403.169688776,5793,200,2.2524290112778544,8.034048788249493,160
92308f32-a296-464e-80ea-c26964d856b3,e5488a62-a6e0-4b98-a167-55ef476697ef,7946394.883494434,7946395.352943125,7946403.194485036,1565,200,0.4694486912339926,7.841541910544038,1536
e41ca88e-6641-42cd-b5d4-3350f82d0edb,f271ebe9-b215-4499-a991-8ff24c4302bb,7946393.883235958,7946395.313621659,7946405.5823149355,3600,200,1.4303857004269958,10.268693276681006,176
6dc23629-24ad-4a23-ae06-19b6a645bf9a,1d752596-f454-4264-b645-3b61ae3e70bc,7946393.883253424,7946395.940070603,7946405.6056060335,5776,200,2.0568171786144376,9.665535430423915,192
c1c8609e-ed4a-47e7-bff6-6e3d176e6bd7,2df7a811-23ae-45a7-8f94-32c9fac9f9be,7946393.883249763,7946396.49917211,7946405.632586907,5747,200,2.6159223467111588,9.133414796553552,192
6e0a8c84-e31f-4ec1-a41c-ca6c20d2afd6,ee9e1858-e571-4719-b3f0-483ca80cbcdc,7946393.883239374,7946396.5005163355,7946405.63449336,366,200,2.617276961915195,9.133977024815977,160
9a85133b-6c45-4994-b4e8-58b8739d0467,6ee396d8-db4c-4684-88ab-113b143832cd,7946393.883242444,7946396.500751406,7946405.634233447,5688,200,2.6175089618191123,9.133482040837407,160
15dee98b-8c90-48dd-a6bb-8cd87852f23e,993f48a3-6585-47a7-a1f8-bce99e9c742b,7946393.883223908,7946395.098510562,7946406.3061063355,2297,200,1.215286654420197,11.207595773041248,288
89c26072-a32c-407f-a85c-b09882e9c099,8037e110-1d44-4477-8e06-0223eba390eb,7946393.883245926,7946396.353331606,7946406.355301445,5857,200,2.470085679553449,10.001969839446247,160
d1b6f229-c5b6-4b1f-a0d9-90ba236fdd8a,35c9b5dc-29e8-498f-9ad8-87fe22f17021,7946393.883256668,7946396.350662079,7946406.35234201,2794,200,2.4674054104834795,10.001679930835962,176
ab9581fb-95e9-4f3c-8a2b-6b8865a5bf17,960d53c2-dc81-4753-bf81-c4f25c1aef1b,7946396.882961155,7946397.4014115585,7946406.525682216,5888,200,0.51845040358603,9.124270657077432,224
63876fce-4860-49fe-8932-4f093901453b,288856ff-0e20-4dd0-9458-85503a7ab282,7946392.883204737,7946394.6312420545,7946406.6755443355,5948,200,1.7480373177677393,12.04430228099227,160
10194205-80a4-4885-a5a4-a0471f3c9391,07c6cfe5-ddc2-4943-8c6c-6cb93009af4e,7946392.8831873,7946395.248522995,7946406.705838082,5798,200,2.3653356954455376,11.45731508731842,176
8cacb75c-c91a-4bc0-9ccc-c6c3ef11e14c,dfb6999a-5970-43d8-adde-422602a87d73,7946392.88321407,7946395.242667575,7946406.702924989,2793,200,2.3594535049051046,11.46025741379708,192
cffbabba-5ecd-4fb7-8032-947c9ba57095,2cf6c4f8-2bdc-4486-969c-3bbcd7e36b59,7946392.883223203,7946395.861855682,7946406.726736125,1902,200,2.9786324789747596,10.864880442619324,192
d53d76d2-df12-44c1-94f0-285beee3f0f2,3d3d0540-f4de-4214-9bb1-6b9e805f2954,7946392.883201304,7946396.483815142,7946406.75665348,6048,200,3.6006138380616903,10.272838338278234,176
893216fa-36c4-44db-bb6c-131b8d59be95,41d7460a-e0a1-4300-9f40-37670c541e0c,7946392.883226452,7946396.478268931,7946406.7525346605,1140,200,3.5950424782931805,10.274265729822218,288
145922c8-423b-4ba7-ab2e-04691d298cf0,e214ec5e-819d-494d-96be-4f44b7317ecc,7946392.883207665,7946397.748090105,7946406.806396024,2640,200,4.864882440306246,9.05830591917038,176
88727217-3447-4358-b06f-b31822ebd120,d83a09fe-8706-41f6-9b86-8130d5bfad9b,7946392.883197627,7946398.3769743005,7946406.829945894,6498,200,5.493776673451066,8.452971593476832,224
29524b23-4e71-49ae-85ee-e5e378071194,8b3b7df3-f53b-4397-b9ae-1bd08411c732,7946392.883220362,7946398.371272696,7946406.825011162,5843,200,5.48805233463645,8.45373846590519,176
d472b142-4df7-4878-aa77-5a95fc9c4129,aa942eaa-fb40-4ee4-a6e1-593548ba0dbd,7946396.882957989,7946399.238884966,7946406.871258841,5925,200,2.3559269765391946,7.632373875007033,192
58b8b9b5-9e08-4ba8-bb17-a182ba142bad,e252c7b2-268a-46f8-9aef-034d91473c0c,7946394.883487642,7946396.962397191,7946407.01778166,6006,200,2.078909548930824,10.055384469218552,160
6fabb92e-8c1f-42a4-9e61-477add5a685d,55e477b8-0dcf-4b42-89d3-65961d992b09,7946394.883472816,7946397.5590882115,7946407.045558832,2708,200,2.6756153954192996,9.486470620147884,160
a53bed3a-57de-46d1-91e6-934762ecf4a9,5c310efb-bfc5-46d7-97ea-542167b82029,7946395.88317488,7946398.79017748,7946407.09275843,2756,200,2.9070025999099016,8.30258094985038,288
7ae86469-eaa1-412e-9ef9-23c8d152695d,6ec635c0-f7da-4c2c-a7f4-be19d54eedfb,7946395.883159269,7946398.792922423,7946407.095684664,5237,200,2.9097631545737386,8.302762241102755,192
00122ee2-9404-48fe-b840-46318971266a,8aa6063f-9cd1-4748-bc9a-78c44fd7370a,7946396.882950801,7946399.40763363,7946407.116073546,1993,200,2.5246828282251954,7.708439916372299,288
bba8dec0-9990-4ebd-b782-bf819275c5b3,a5a74f4e-963f-4aa1-b844-df4512abb1bf,7946397.883691576,7946399.195930486,7946407.232214201,4068,200,1.312238909304142,8.036283715628088,192
26c9d97c-770e-4d50-b59b-d15ca4b496f0,1d7c5bcf-74ff-44f5-a7c0-50054157f41a,7946397.883680535,7946399.197831653,7946407.233583621,6001,200,1.3141511185094714,8.035751967690885,176
c88f3455-ba16-4bac-b2fc-7e1af48ddc15,ccd8f2c3-44d3-41c4-91db-1ba4dc5f9701,7946397.883695891,7946399.824097312,7946407.256395759,2530,200,1.9404014209285378,7.432298447005451,192
5ea56ea3-13a4-4ca1-875f-e28bd5115533,993f48a3-6585-47a7-a1f8-bce99e9c742b,7946399.88335844,7946400.632319634,7946407.285309672,2329,200,0.7489611934870481,6.652990038506687,320
3ef3b76e-f82f-47dd-9f20-2eb3fa0a675f,f1ecd1ef-d78f-4c9f-9a85-929421dfd70e,7946399.883342976,7946400.635383706,7946407.290322403,1206,200,0.7520407298579812,6.654938697814941,176
d86012f1-5d4c-4662-be54-5c1d54514d2f,b25956a5-e9c7-45bc-bd5b-3553a68b6dc1,7946399.883332977,7946400.154337918,7946407.316657841,1813,200,0.27100494131445885,7.162319922819734,160
9bb7ddde-5236-4e96-b1db-91d1a8da9b73,ddf859b5-dde2-43b4-ac73-c5baf651f446,7946396.882954643,7946397.03785748,7946408.309273899,1466,200,0.15490283723920584,11.271416418254375,224
307841f3-9bad-4616-8db3-9d32ebe592b0,5ef28ed9-d9ba-4069-8337-a1edc2905941,7946396.882939422,7946397.807028223,7946408.427946607,5853,200,0.9240888012573123,10.620918383821845,224
c232ccc1-7505-4da0-a072-6a016666c233,76c6a94a-5b1b-4124-a8c1-7b783e5beb5f,7946394.883490979,7946395.49026668,7946409.167220533,5987,200,0.60677570104599,13.676953853107989,176
7afaab9f-81c9-40b6-b107-2f798132ed65,14141ec7-cddf-437f-8727-cf3bc4ae468c,7946394.883483638,7946395.49203711,7946409.170778392,969,200,0.6085534719750285,13.678741281852126,176
d18b2240-57fb-4447-a508-949fed13513f,a4bf666e-08c0-432d-b95f-de037f8142af,7946396.882964252,7946397.41364784,7946409.362090677,5871,200,0.5306835882365704,11.94844283722341,192
8d6dd6e1-9d21-46ab-a540-23246b622b8f,ce509adb-84cd-4828-852b-e10802b976ce,7946400.883724831,7946401.344116027,7946409.462542069,595,200,0.4603911954909563,8.118426042608917,224
1b4b5165-0161-4957-90cd-7b80b15b5b8a,ea0112a1-5acd-4249-9207-038c80625b12,7946395.883171458,7946396.584948721,7946409.7323181825,5937,200,0.7017772635444999,13.147369461134076,176
9949ec59-45ed-47f8-8aa7-277025abecd8,21dbf6ef-22d2-46e3-ac48-9cb8657506d9,7946395.883178717,7946396.697856482,7946409.756283473,3669,200,0.8146777646616101,13.05842699110508,192
2f6b7240-80b1-4c32-b91f-0489fea91137,2871c9ae-c754-4c2c-804f-828a39cb9175,7946400.883733553,7946401.780785277,7946410.104348995,5874,200,0.8970517236739397,8.323563718236983,192
2c3a9bce-aa8d-42f0-a7a6-dffa599ee228,27aea9bb-42b0-4624-b82e-d63b45d8bfc5,7946399.883336281,7946400.067459673,7946410.915862526,674,200,0.18412339128553867,10.848402853123844,192
f786a629-1ce1-49b8-8919-153c805c38c1,f4aff892-842b-4e98-af4c-cfd1deacf96e,7946404.88375,7946405.850927969,7946411.816807974,2184,187,0.9671779694035649,5.965880004689097,288
fcacd9a8-231c-41ec-9fa0-50927e4ba012,a8a2d01f-9110-456c-8e18-340da89f329e,7946399.883339854,7946400.114175945,7946411.8533011,1538,200,0.230836090631783,11.739125155843794,192
8ce7fb38-5565-48a5-b0e6-f1241dcccd1c,de302346-0e5b-4da8-ba0f-d440eba8675a,7946399.883354076,7946400.546418152,7946411.883531491,6032,200,0.6630640756338835,11.337113339453936,192
20ece174-2aef-4766-b296-1e13039a95da,6b44b6e7-0ae8-483a-b986-2de5bf8a3a9d,7946398.883608951,7946400.172045788,7946411.925028959,3489,200,1.2884368365630507,11.752983171492815,176
ed8bd85a-7127-43c1-9b62-5d856b4c1bcf,30f216f0-4832-49c5-916a-f648b0267209,7946396.882967554,7946398.042380709,7946411.935985641,4219,200,1.159413155168295,13.893604931421578,192
68ff8648-dd62-40fe-bd82-c73d3455d026,8edd6727-c62e-4b6d-af6e-8918b8420add,7946398.883624669,7946400.782973488,7946412.1453499375,3013,200,1.8993488186970353,11.362376449629664,176
ea9cd8c1-9df6-4f70-a1e4-9341690f0541,70da4a8b-eece-46eb-8b9e-2f1c28b4f670,7946400.883728215,7946401.483805648,7946412.224153487,3656,200,0.6000774335116148,10.740347838960588,192
8bc138b7-6dc2-4b28-a448-cd3fe7bb49f4,5761bb36-4436-4d2d-b483-82492b5b7782,7946399.883330291,7946402.456211504,7946412.227290649,2518,200,2.5728812124580145,9.771079145371914,192
aec325e1-2e40-4b99-837c-d80d57457672,d0030985-3721-47a2-be3f-a716ff7779ef,7946399.883350295,7946400.564946028,7946412.241535272,4205,200,0.6815957333892584,11.676589244045317,224
d4e0ce11-cb9e-43bf-9ba9-ba6abd7ccca6,1330884e-9e05-4fca-8ac8-b7725234d148,7946401.88294604,7946402.698763996,7946412.252765048,2205,200,0.8158179568126798,9.554001051932573,176
b6fce3c6-0190-4b96-a967-2621bf4a124e,e252d297-3d3f-4c5a-8afc-b644cb099865,7946399.883310474,7946402.698895721,7946412.253627795,5827,200,2.815585246309638,9.554732074029744,176
6e5e2e36-f237-47cf-9c4a-5e1242e6b6d6,d1267d78-73ba-48bf-844a-30f28f4bac7c,7946398.883628478,7946402.034303434,7946412.889837815,5889,200,3.150674955919385,10.855534381233156,176
8ace4f9c-be54-436f-88dc-612d51081887,dec5032f-5640-4adb-8120-132fbe0e8a7b,7946398.883620758,7946403.262499535,7946412.956707578,2359,200,4.378878777846694,9.694208042696118,16
5d993540-686c-4b6d-a17c-a868ea9ace07,68e71f54-23d1-4536-bcb8-b9ff5adfe35b,7946398.883631776,7946403.26147008,7946412.956333512,5615,200,4.377838304266334,9.694863432087004,224
72b5d16f-eb79-4fd7-a1c1-9c988cced97a,d6ffa9d6-2f92-432f-a7e0-2110ea985d38,7946399.883322016,7946403.880295223,7946412.974125951,5822,200,3.9969732062891126,9.09383072797209,176
47a2221e-75af-4423-b2c7-e50b70b4132a,b4527815-5a94-4cdd-8d25-4cd8b6f2f33f,7946400.883731108,7946404.974201757,7946412.985119318,2394,200,4.090470649302006,8.010917560197413,256
463123fc-89d2-47e3-9dc6-c4cdb8c5b12b,b0e0ac14-8af5-4799-bee0-183834e865d4,7946399.883326317,7946404.9718900975,7946412.98706342,5950,200,5.088563780300319,8.01517332252115,512
d5a52b36-d3f7-4d06-8506-8bad6593e9cb,240c36b4-8f22-4cfd-bfbb-90147dc774e6,7946401.882963474,7946405.595567304,7946413.010671867,5924,200,3.7126038298010826,7.415104563347995,176
158b0b1d-422c-4da9-95c9-e1c94687162b,00960d8d-92b2-47dd-a410-ce898eaf23c2,7946401.882955593,7946402.695941112,7946413.423446136,5874,200,0.8129855189472437,10.72750502359122,176
573c4d4f-819d-4869-ab4e-4f3b6d3707cb,0510668b-2e39-4521-abbf-68606b666ffd,7946401.882961018,7946403.055279729,7946413.627963001,3390,200,1.1723187109455466,10.572683271951973,192
9d9cef08-517f-408c-91e6-8d87793c98f7,11125870-5b26-45ea-8fba-47c68888a24c,7946399.883346599,7946401.117044458,7946414.005265621,3134,200,1.233697859570384,12.888221162371337,224
60093193-cfcb-4ee6-8dff-2520c6786b3b,461b8a8a-fc1a-4527-a296-04cb42ef41e8,7946402.883547335,7946403.922820298,7946414.095198552,3442,200,1.0392729630693793,10.172378254123032,224
e03be72c-5909-4fc7-9ca9-eec38b234c1b,9b9edbc7-220b-4ac4-815e-b9209e973b09,7946400.883715824,7946403.59611513,7946414.107234048,4880,200,2.7123993057757616,10.51111891772598,192
c1fd07df-2891-4f6a-88f8-308adf34121a,127f378e-d0dc-464e-a79a-fa7013197aab,7946402.883557845,7946404.527327401,7946414.1199672865,5249,200,1.6437695557251573,9.5926398858428,176
5af958a4-d064-480b-be07-63765b165dea,b3f909ce-018e-4430-b0f6-b0dfbcd17eb4,7946401.882965673,7946403.994154341,7946414.1250648955,5712,200,2.1111886678263545,10.130910554900765,176
3f3a13b1-6536-4391-af02-80de560f3207,45ac5512-7ff4-4619-88d8-49c256d2e88b,7946402.883564599,7946405.785586024,7946414.167681828,5856,200,2.902021424844861,8.382095804437995,192
b885b48c-cf9a-42a1-a9fe-bb7fb2774fb2,cd915048-11fd-46b6-9dd8-c6d53337db9a,7946403.883737967,7946407.016271325,7946414.214328168,764,200,3.1325333574786782,7.198056843131781,288
ef04e2d6-4525-4151-938a-d0c00eff4665,dcc8b99b-cc01-4910-9253-2bf89c553910,7946402.883561246,7946407.014918486,7946414.213068775,2027,200,4.131357239559293,7.19815028924495,160
4708ca46-910c-4e22-ab7d-4a1dc84681bf,905b7b66-f9e8-4004-b125-fe3a30572297,7946405.883378577,7946407.450272932,7946414.2292000335,2833,200,1.5668943542987108,6.778927101753652,160
37dd5cfc-87bd-470f-a81f-1bc20e3d9241,59106e92-06ba-4669-86c3-2bb626cec043,7946404.88375794,7946407.450410279,7946414.234075282,917,200,2.5666523398831487,6.783665002323687,160
03ee0760-6132-4a05-b1ec-4c8b79c1ca35,e214ec5e-819d-494d-96be-4f44b7317ecc,7946403.883760464,7946404.039877456,7946414.660191535,2640,200,0.15611699130386114,10.620314079336822,2624
763922bf-0e6b-463c-92b4-be3822bfc7a9,0936669e-5c64-4f1d-ada6-04ce9a565d14,7946401.882958649,7946402.405089852,7946414.728718952,2583,200,0.52213120367378,12.323629099875689,624
b45e35b0-5651-4e46-90c5-c1e7bb5b6bea,2640c64b-b58e-4eac-8e19-d9e509af1f52,7946404.883733644,7946407.247917411,7946415.104065171,5808,200,2.3641837667673826,7.856147760525346,224
35311603-7a63-4e4c-a05e-61f9650aeb57,8f859b06-32e8-473b-8002-142e58a5ff49,7946405.88336969,7946407.643515653,7946415.102274741,6545,200,1.7601459631696343,7.4587590880692005,192
aa33c8af-368b-46df-8918-452adcd12322,e5488a62-a6e0-4b98-a167-55ef476697ef,7946403.883749379,7946403.987581958,7946415.174411121,1565,200,0.10383257921785116,11.186829162761569,1552
a4a41d70-4169-414d-a223-d332e12452b4,f56f3534-c298-4487-a39f-16c483a04920,7946403.883763961,7946404.588062037,7946415.192738547,5205,200,0.7042980762198567,10.604676510207355,224
2770dead-57a1-4dda-a6ff-1dde0a065e84,6bef9240-78a1-482c-96d2-a89c97ba970c,7946403.883753711,7946404.589681494,7946415.195788118,3007,200,0.7059277826920152,10.606106624007225,16
64283dbe-18a7-4587-bc31-cc18015b7c78,90dca292-00d5-4d7c-b7ca-be3920741df0,7946403.88377077,7946406.63227961,7946415.234944015,5851,200,2.748508839868009,8.602664404548705,176
7e91bcb6-c5fd-4f39-a954-e2d9d37cacb2,0f386fc6-2621-495e-924c-56970457578f,7946403.883756848,7946406.636077083,7946415.239396902,5904,200,2.7523202346637845,8.6033198190853,192
d687c487-3c88-4c8d-a1db-0a3fe2c48738,623901f7-e6f9-48bd-828b-b5728990d3b2,7946403.883767227,7946407.212620806,7946415.263006897,2570,200,3.328853579238057,8.050386090762913,192
1d5b9fde-2f92-4131-89f5-3739bcdfd65c,4295c9d1-a245-45a2-ab2e-52b55d4bb49c,7946405.8833729,7946407.692093767,7946415.290424131,385,200,1.8087208671495318,7.5983303636312485,160
019668c3-024c-45a0-b8c1-cef96329f0b0,f9c92a82-99c7-477b-95d5-3aed03818705,7946404.883753634,7946405.12685627,7946415.306141746,3500,200,0.24310263618826866,10.179285475984216,3488
2fe23cf0-306e-4d83-86bb-f30809a33220,993f48a3-6585-47a7-a1f8-bce99e9c742b,7946404.883745735,7946405.129297253,7946415.308897354,2343,200,0.2455515181645751,10.179600100964308,336
cc661df4-eb46-4f9f-936e-9ff86cc27475,3af3006f-2e77-4d23-9583-c5204d42ceb9,7946405.883366847,7946406.555469368,7946416.52741649,1178,200,0.6721025202423334,9.971947122365236,176
61fa282d-ff49-4bac-8fdd-4a478e9fbb58,c47b88bc-8337-4fcb-bb63-b8c147f8261e,7946406.883894317,7946408.473961964,7946416.966449956,5847,200,1.5900676473975182,8.492487992160022,192
8993bc4e-4e99-4e51-9b67-10121edb30ed,d1aebabe-6add-434e-8599-d63b95b83ad3,7946406.883908614,7946409.086188148,7946416.978891723,2794,200,2.202279534190893,7.892703575082123,224
12f0cf2e-2aa6-4f48-a40a-d2b60d2ae25a,77c5fe55-dea3-47e3-9fa4-17d19b193453,7946406.883914354,7946409.085488682,7946416.97907717,5861,200,2.2015743274241686,7.8935884879902005,192
80bc0a7e-471e-48a8-8a26-c245df6776aa,bd8eeb28-8ddb-4e89-a649-ed73109fdad4,7946406.883905115,7946409.73146075,7946416.990691565,5785,200,2.847555635496974,7.259230814874172,160
fcc0243e-f012-402c-8020-755d5c82fd3e,dd24355c-c6d1-461a-b504-e7f6f058e87e,7946406.883911567,7946409.730415324,7946416.989877413,4538,200,2.846503756940365,7.259462089277804,160
3f31ff8a-74e2-4259-b6c1-8364418f95b0,3d3d0540-f4de-4214-9bb1-6b9e805f2954,7946408.8832951,7946410.341072202,7946417.01687547,6048,200,1.457777101546526,6.675803268328309,6032
69bb0393-3e26-4264-bbc4-143d430d9465,07664316-d6e1-41da-94de-93685a509c09,7946409.883269842,7946410.954339435,7946417.592638255,5861,200,1.0710695935413241,6.638298819772899,192
90118b95-d9cd-4498-aee7-93a2b4d01504,a97b3419-50d1-4d99-ba18-6269343a8188,7946405.883357188,7946407.346125838,7946417.709022762,4407,200,1.4627686506137252,10.362896923907101,160
67d56a6f-5548-4cb1-ab73-5d9b785bc40e,c0b7d39b-a900-41e1-ab87-0dae194f0135,7946405.88337535,7946406.308832135,7946417.835268986,3749,200,0.42545678466558456,11.526436851359904,192
245ccef4-d939-4bdc-84dd-be8eb757e5d1,170812a6-cb38-4169-bec1-bbe2e86c6001,7946405.883382309,7946406.307292516,7946417.835220028,1707,200,0.42391020711511374,11.527927511371672,1696
e1343b18-b83b-477e-9201-05a627f81f0f,fa60773d-c882-463b-8316-07d4c895e992,7946410.883651757,7946411.68882034,7946418.853943327,6033,200,0.8051685830578208,7.165122987702489,192
24d53296-e5b4-489f-ada4-bd43688fb1a3,6d968042-3126-405f-a611-079b508437c7,7946407.883220352,7946409.476157584,7946418.862495921,2288,200,1.5929372319951653,9.386338336393237,160
03564953-a8de-42a4-841d-ed6613bf3e42,c0dbd0bd-4010-4779-815e-795e06cc171a,7946407.883236012,7946410.112901807,7946418.90170723,4964,200,2.2296657944098115,8.788805423304439,192
6dd0e2bb-4e6b-45c6-b747-8d97ebe28d80,0038079c-2c93-4916-8603-2b199c276420,7946408.883277729,7946411.351613663,7946418.954273172,1176,200,2.468335933983326,7.60265950858593,160
7592fe53-5739-4133-bcdf-3374c4e8c5d4,3576d3c5-71c8-4aa8-bb01-7f961dd7500d,7946408.883291423,7946412.007759644,7946419.387664214,6361,200,3.12446822039783,7.379904570057988,192
56bb8c7e-c278-4749-87ba-57f582ba5f24,12968104-ad78-488d-a9b9-865ea70aa9e0,7946407.883232382,7946408.851497547,7946419.758284084,2777,200,0.9682651646435261,10.906786536797881,176
4f8681c6-cb03-4adb-a136-e331e8e96fa2,396067f9-cf14-4d86-bd9f-220abe7ead62,7946407.883239449,7946409.458467837,7946419.783183491,5955,200,1.5752283884212375,10.324715653434396,192
70043fe7-9786-4af8-970f-654e02363441,e43607a6-bee1-4fdf-a0b4-8ea2245eecf1,7946408.883297961,7946411.820314252,7946419.8552038,1698,200,2.937016290612519,8.03488954808563,192
68a2b570-a5e6-4a3c-9aa9-6563acd5c6a2,24dcaf79-471d-4093-b6e7-fcecb30f565a,7946409.883286911,7946413.055353527,7946419.895895878,5795,200,3.172066615894437,6.840542350895703,160
62b52262-85e2-46e8-bb34-5f3abeb770bb,ec035cd5-4099-445f-80a6-d885e8148b75,7946409.883273389,7946413.0590472175,7946419.900167732,2693,200,3.175773828290403,6.841120514087379,288
bed8fd10-4f5d-4754-a6a3-3ebcf6ad7f36,19e245be-212e-4849-8f21-2c5fb9e6f9e4,7946409.883279793,7946412.615634605,7946420.021081352,1027,200,2.732354812324047,7.405446746386588,176
3ee52615-447e-4727-997d-eb68c4a01a60,c4d3dc38-186d-40b5-b82e-511fcca85150,7946408.883301228,7946409.108050256,7946420.072398836,3403,200,0.22474902775138617,10.964348579756916,1648
a7f5edb0-8982-4385-91af-de76759bc0af,62bd5ab4-a4ae-4c45-90a9-d469d50595d4,7946408.883304415,7946409.076522553,7946420.5780334,2269,200,0.1932181380689144,11.501510846428573,992
1be6b444-835f-4707-ac71-9f7069885021,d3954709-3e90-4162-b807-366fedb25f30,7946409.883276275,7946410.011474805,7946420.837858709,2808,200,0.12819852959364653,10.826383903622627,2704
93c9c533-e750-40da-b760-90c6fd44739d,e74245db-a56d-47ca-9c2a-8e63314d403e,7946409.883259035,7946410.224938977,7946420.930943408,3010,200,0.3416799418628216,10.706004431471229,160
883d0d4c-b836-40f3-bb43-8321260afce4,aeb913ad-d459-4fbd-906a-cf6ac2bb3fd1,7946409.883283183,7946410.83829586,7946420.951288991,5657,200,0.9550126772373915,10.112993130460382,224
79853e8c-5673-42ab-b149-d6d2d791a2be,f7ee062d-4842-49dc-93fa-f6db64295351,7946410.883644562,7946411.396246998,7946421.77307393,5953,200,0.5126024354249239,10.376826932653785,176
2fe4029c-ea0c-495c-8c2c-7a8a5971f532,6f4a7340-4bd4-446a-8cc1-2367016ee48c,7946410.883648915,7946411.405817858,7946421.934981009,5921,200,0.5221689427271485,10.529163151048124,192
978ee965-e459-45cb-97e5-9aca373f1cb1,2f456b25-d553-4a83-9c3a-57509508ef11,7946411.883283782,7946412.743010641,7946422.444514944,1490,200,0.8597268592566252,9.701504303142428,160
46311d6c-cb5e-4ad0-abef-be1418add294,e7ddf100-0645-4d83-9de1-cdfd98d12da1,7946410.883631281,7946411.238875215,7946422.54945906,3884,200,0.35524393431842327,11.310583844780922,176
ed9eaa05-5f60-474b-9035-1dd471a0f312,a72e8095-de78-490c-ab9e-c21369095279,7946413.883352247,7946414.760497367,7946422.718043223,532,200,0.8771451199427247,7.957545856013894,176
a64a8857-d92b-4de3-9aee-24c95f572e8e,0bd71f2d-8ff1-4b8b-a899-9b785a451bbb,7946413.883335318,7946415.384825494,7946422.740073576,1592,200,1.5014901757240295,7.355248081497848,288
23775be9-9abe-4833-8d56-56939ff57cc5,f3a3a146-a735-459e-af58-d3d7626b4a21,7946413.883358568,7946415.381275387,7946422.736788442,5919,200,1.4979168185964227,7.355513055808842,192
01162a0c-25c7-4fad-b534-33edbf1b1df2,39f87421-fc9d-4f3c-946c-d4d02eb0b3f8,7946411.883296235,7946412.036741582,7946422.75819892,2078,200,0.15344534628093243,10.7214573379606,896
23d30353-be05-4998-86fa-7298adb901eb,1628d450-3fc3-4b73-9923-fce01e9f48ee,7946413.883355694,7946416.008006332,7946422.760297384,3676,200,2.12465063855052,6.752291051670909,192
c5af54e0-6b86-4906-b3da-9a1f2c4f4ae5,db487834-a11b-4e9c-b4d3-b089f73897c6,7946413.883348882,7946416.618773655,7946422.778282901,5945,200,2.735424772836268,6.159509246237576,160
3303859b-4838-44a9-8c8d-0caea513b518,7b2e5dae-5d3e-413e-aa17-79e5e13971cb,7946413.883375261,7946417.249020106,7946422.790336712,5710,200,3.3656448451802135,5.541316606104374,192
15372b0e-6347-487c-9710-864874809206,cc69a023-c1c3-4dcc-9d6f-d347a10e1419,7946413.883368063,7946417.251171653,7946422.793391583,4768,200,3.367803590372205,5.542219929397106,176
06007f18-0365-425d-9aab-96a57fe4fe80,29c4b994-3de9-45d9-90a7-a713dda14155,7946413.883361676,7946417.638285528,7946422.8106408445,5704,200,3.754923852160573,5.172355316579342,176
202f8e66-d6d8-44f1-a65f-749ef0bd4abd,993f48a3-6585-47a7-a1f8-bce99e9c742b,7946412.883800405,7946413.914286887,7946423.396540687,2333,200,1.0304864821955562,9.482253800146282,288
dcdae318-aa65-4f1b-96be-570e9ba123b9,861e29f7-4713-4676-b1bc-a4d3d62f4ef2,7946412.883803517,7946414.5016979845,7946423.422855691,2889,200,1.6178944678977132,8.921157706528902,0
d36ce187-2bc1-4950-8eba-f075f16a8282,34a35d00-5687-4c8e-8304-472e9b1eded2,7946412.883776873,7946415.149259642,7946423.446381966,4717,200,2.2654827684164047,8.29712232388556,160
069f77e3-5223-4f7e-a16f-63064a7cb2b6,8201882b-3c83-4a5b-b140-7a5572375d5a,7946413.883371686,7946415.142264617,7946423.440801551,4216,200,1.2588929310441017,8.29853693395853,160
18835b3c-d76f-4232-af70-cad734ac1eea,5c310efb-bfc5-46d7-97ea-542167b82029,7946413.883364732,7946415.726908817,7946423.463293154,2758,200,1.8435440845787525,7.736384336836636,288
42ec0d6e-21a4-4434-912a-7f89ebb59e95,d0030985-3721-47a2-be3f-a716ff7779ef,7946412.883796772,7946412.999497684,7946423.474439022,4193,200,0.11570091173052788,10.474941338412464,4176
6fb64fdc-531f-4e15-808c-2734c30613d6,d2e35e05-d494-455b-8b64-3602cd992e55,7946414.883471733,7946416.582275028,7946423.679325506,730,200,1.6988032953813672,7.097050477750599,176
c2883fe3-4b12-4382-a767-7397eb008ebe,59106e92-06ba-4669-86c3-2bb626cec043,7946414.883485198,7946417.679425811,7946423.694141888,1021,200,2.795940613374114,6.014716076664627,912
78d29138-723a-4138-85a7-8785049a75f8,de528272-6a53-45f6-8d5a-5a4c5661786f,7946414.883451992,7946417.685715279,7946423.7051907,734,200,2.80226328689605,6.019475420936942,176
f3e05064-5fd9-4c1e-90b0-e5bb4373922e,76c6a94a-5b1b-4124-a8c1-7b783e5beb5f,7946414.883482234,7946418.283552794,7946423.716697808,5987,200,3.4000705601647496,5.433145014569163,176
e9113b9a-76ed-4125-972c-b44a0796f3d6,c04293c9-674a-4121-83b3-78d969e4af61,7946414.883463861,7946418.286615576,7946423.721997438,5114,200,3.403151714242995,5.435381862334907,192
c05b2969-2bdc-4fe6-9d4a-04687b161b26,034fada1-6ff3-494e-9df1-8d72fa54e215,7946413.883378808,7946414.239674897,7946423.920909694,3074,200,0.3562960885465145,9.681234797462821,160
eb0ac336-ec96-455e-aacc-dbfeae2d500d,aa942eaa-fb40-4ee4-a6e1-593548ba0dbd,7946413.883345644,7946414.0507240845,7946424.501661566,5925,200,0.16737844049930573,10.450937481597066,5920
e37632e6-9510-4508-9e75-dd5b70baa18b,a87c1e2c-7a49-4744-9e7f-268e78b88eee,7946414.883468004,7946415.112091774,7946424.621913153,1188,200,0.22862377017736435,9.50982137862593,192
6ee94a8d-82a9-4148-9316-1393e3f897a2,8f981136-8343-4ee0-8adb-07bae5162d5b,7946414.88347872,7946415.5521053355,7946424.715085268,5952,200,0.6686266157776117,9.162979932501912,192
64e7a1e2-5c42-4fb5-903b-c61e743502ec,fda1a843-8c94-4359-a21c-7bd6444db827,7946414.883475329,7946416.165365579,7946424.743696093,825,200,1.2818902498111129,8.578330514021218,176
a7ab431b-8c33-45a7-947b-97203719019d,cb5f3703-6da0-4120-9adb-188860ebbdd5,7946414.883488375,7946416.756338423,7946424.758551762,2154,200,1.8728500483557582,8.002213339321315,192
87446598-12fb-470e-8dab-82fdaefb2ed3,b1d48415-2679-4cdf-930c-839699995501,7946415.883653145,7946417.390785936,7946424.788124171,4244,200,1.5071327909827232,7.397338234819472,176
58dd7f3d-9ac3-45e5-9a88-eb9cbc5d1685,eb47aef2-5af4-4ab2-9e3a-6321c91f6f64,7946415.883672545,7946417.388768537,7946424.7893317975,5804,200,1.5050959922373295,7.400563260540366,176
d42eac38-7d59-4047-9056-7130fbe937ba,940160ec-0bfb-4ebc-ac97-abf254489499,7946415.883675972,7946418.65026689,7946424.828693287,6430,200,2.7665909184142947,6.178426397033036,192
9fefa40b-2019-47a8-861d-db42489ae07a,d38bb58d-f195-4092-892e-2e293cc0ef73,7946416.883652216,7946419.08853704,7946424.847983447,1306,200,2.2048848243430257,5.75944640673697,192
048a4721-e304-4196-a14b-5010b5392be0,b4527815-5a94-4cdd-8d25-4cd8b6f2f33f,7946415.883669483,7946417.600176098,7946425.327194309,2381,200,1.716506615281105,7.7270182110369205,0
4d547b8b-2c85-43e6-8b17-4003b0f83aac,50255ca8-a7bc-49f9-aa44-a33caa66a0be,7946415.883666111,7946418.854052473,7946425.373266989,5944,200,2.9703863617032766,6.519214516505599,176
7564e961-f70e-436a-8ebb-675c8216cc7a,89984c0f-ab73-4aa4-b3b8-e96bb2c0c5b1,7946415.883678702,7946419.459268387,7946425.385816967,2713,200,3.575589685700834,5.926548579707742,160
17a930b7-fef2-4427-8948-68d9a8a6bc4f,4295c9d1-a245-45a2-ab2e-52b55d4bb49c,7946418.883757729,7946420.356404076,7946425.4289226895,385,200,1.4726463472470641,5.072518613189459,384
ebc77361-7f0e-4de6-ae02-b36a19364dbc,41ebc82e-eb6d-418f-b73e-022fa300e998,7946416.883655803,7946420.357266156,7946425.428406081,5839,200,3.4736103527247906,5.071139925159514,160
5f2e4ec4-79cd-47f4-86f3-7c86bfad44cd,a2172bc1-ab2e-4a70-b741-9a6cc8abbdee,7946417.883035658,7946418.306426708,7946426.202197587,2657,200,0.4233910497277975,7.895770879462361,160
538d2b3c-06b9-471e-9710-5d4fe65d02d0,ad505044-0649-4c84-9a66-a33049893e40,7946416.883648377,7946417.848914902,7946426.725407287,5765,200,0.9652665248140693,8.876492384821177,192
1028d335-2a71-4bbc-bfd4-53b1593d07eb,50a6fd55-dd24-4441-9105-8785b6a488a7,7946416.883659631,7946417.588247388,7946427.1439798735,1793,200,0.7045877566561103,9.555732485838234,224
3f6047b5-9e9e-43b8-879e-438ac0b5e795,afc8c001-a5de-441c-928c-72f0289bc099,7946416.88364441,7946417.592180111,7946427.14910532,742,200,0.7085357010364532,9.556925208307803,160
49945bb6-243c-4be5-85b2-e7420b96b196,fc03dbf1-0de7-4854-9fc3-dbbc06937d77,7946416.883632929,7946417.593428399,7946427.150779232,5839,200,0.7097954703494906,9.55735083296895,224
3ca4ac31-0f3c-4085-9134-aedb94c27f3b,95c2b3e8-bedd-4bae-b816-72ab196b5d6b,7946417.883025642,7946419.471248758,7946427.221880744,5888,200,1.5882231164723635,7.750631986185908,192
ea78b3a4-1237-46d8-acf8-34a561592128,ec035cd5-4099-445f-80a6-d885e8148b75,7946417.883038958,7946420.709107,7946427.258194889,2712,200,2.8260680427774787,6.549087888561189,16
bde7bbd9-d40f-4874-81eb-0e0cde59945b,6a06774c-a655-4c0f-9a71-d2ddd55097d6,7946418.883754735,7946422.330118972,7946427.315533526,564,200,3.446364236995578,4.985414554364979,160
432413f2-4f6a-458e-bccb-873e0d3097c9,cd915048-11fd-46b6-9dd8-c6d53337db9a,7946419.883049627,7946420.030437696,7946427.377119145,764,200,0.14738806895911694,7.346681449562311,752
fb8b36b6-5e90-4254-a59b-b3dc60e596ec,06b96d78-d574-4242-88bf-812e4fb33e49,7946419.883027822,7946420.673130269,7946428.035434599,1583,200,0.7901024473831058,7.362304329872131,192
0a5dfa77-b3bf-474c-8d18-5f7a53582796,993f48a3-6585-47a7-a1f8-bce99e9c742b,7946419.883056842,7946420.670053669,7946428.0310037285,2325,200,0.7869968274608254,7.360950059257448,288
69641b00-4321-4235-b2fb-661efda07537,cf4fae3f-b581-4c59-9fef-3738c46b3c2b,7946419.883060353,7946421.284640235,7946428.052029023,2156,200,1.401579882018268,6.767388788051903,160
0f830a93-c843-48b9-9bd2-d45021a16edd,cefc6823-5ff4-4638-94ce-6bc5efae4bb7,7946419.883039401,7946422.515881781,7946428.100247647,505,200,2.6328423796221614,5.584365866146982,176
24869bd6-a463-4f1b-bdec-f4ddf823d3ce,d63cb699-0e5b-4352-80c6-4c8a1661e7d1,7946419.883046793,7946422.515610624,7946428.101271781,3211,200,2.632563831284642,5.5856611570343375,192
86f052b1-aa4a-4c8b-8f48-000c3c62f16b,a63362d9-272f-48f7-9f11-fab613927024,7946421.883920042,7946423.111142507,7946428.12125853,1465,200,1.227222464978695,5.010116023011506,176
580f439f-85c7-4fcc-ab87-8de05c9920d4,1df59d7e-3949-4771-9ddc-e9beefe99db9,7946419.88305314,7946423.108619478,7946428.11978995,2188,200,3.225566337816417,5.011170472018421,192
408da8be-dc6f-49de-8dbe-0e0e158249ff,f270da46-3409-4931-ac53-a9c00d956923,7946419.883043366,7946423.110463689,7946428.121873196,2000,200,3.2274203235283494,5.011409507133067,160
5673e549-74c9-419c-bcaf-f3f6d85ac623,21dbf6ef-22d2-46e3-ac48-9cb8657506d9,7946421.883940307,7946423.48266104,7946428.139295484,3846,200,1.5987207321450114,4.656634444370866,192
343da4d9-5144-4aaf-a350-3190d36faa81,e3db737d-83d5-49ea-8fb1-6b8a17dd5c81,7946418.883740575,7946420.024741185,7946428.2018944835,5966,200,1.141000609844923,8.17715329863131,176
d7d6cf34-89d8-40c4-8500-0468130fa686,47b6f51c-e139-4524-b0ed-2b8a71627474,7946418.883750081,7946420.633628899,7946428.221809117,5807,200,1.7498788181692362,7.5881802178919315,160
549328ab-3f10-489b-8c5d-b4fe83659e78,7d9a3919-67da-44b2-b824-fb9926b6da15,7946420.883252318,7946421.985974613,7946428.47615606,4813,200,1.1027222946286201,6.490181447006762,224
d9356e61-ddb1-44b9-a923-c3c18f7cb74f,6dcfeadf-1244-46cf-a016-ab16dc8a9fb7,7946420.88326128,7946422.625805892,7946428.492181955,5838,200,1.742544611915946,5.8663760628551245,176
b0f66fb0-8675-4c80-a993-c9af090cf379,0fbeb8c1-5eda-4151-888d-51b66858f368,7946421.883933505,7946423.278616853,7946428.512209385,6070,200,1.3946833480149508,5.233592531643808,1920
aa0e0581-1647-4ff9-b541-89c230fe5aa4,d1a58fee-2699-4cde-8dec-5a26bda64889,7946421.883930407,7946423.280085275,7946428.512905919,3861,200,1.3961548674851656,5.232820644043386,192
fdbe9936-415b-4c12-8a46-8c84178c6bab,d60ad5cd-2dca-4130-b76f-5c9c8c2a027b,7946421.8839369,7946422.403891208,7946430.425350177,5698,200,0.519954307936132,8.021458969451487,192
1c037219-da93-4668-ad90-422bf2326df6,861e29f7-4713-4676-b1bc-a4d3d62f4ef2,7946422.883808228,7946423.021776738,7946430.526507074,2925,200,0.13796850945800543,7.504730336368084,2880
d2a11cc8-e72b-4c0b-8da9-4a94a06dd51c,a97b3419-50d1-4d99-ba18-6269343a8188,7946422.883805246,7946423.022601449,7946430.527867155,4591,200,0.13879620283842087,7.505265706218779,4384
62ac08d9-d758-42eb-9a5d-5f079a490aaf,3ee16a31-eef8-4342-9c4e-7c45a1871994,7946423.883070819,7946424.9796805335,7946430.959386989,1573,200,1.0966097144410014,5.979706455022097,192
b40459f8-dd14-4887-868b-3ebf52246492,81505de9-db89-4e1a-8deb-0cfff5c3be97,7946423.883082402,7946424.978387566,7946430.958819809,1476,200,1.0953051643446088,5.980432243086398,176
0068c370-421f-46d8-b04d-f6a2e6406fd9,dc042378-78ad-458d-b1a6-44be64014146,7946423.883092612,7946424.976962966,7946430.95712553,1552,200,1.093870353884995,5.9801625637337565,160
3223872f-a398-4d97-a44a-704c834e504d,b2b28eea-494d-4c24-b6d8-00f553246d00,7946423.883079338,7946424.979435143,7946430.960182194,1700,200,1.0963558051735163,5.980747050605714,192
6602a765-2b18-4940-a658-a09daea9b117,eb17ff89-cb10-4f74-a662-d58be5aee85d,7946423.883095599,7946425.557390554,7946430.976931212,1826,200,1.6742949550971389,5.419540657661855,192
8d379b03-7751-4d89-9b1a-e7284cf21f02,7acfafc2-e8ac-45d6-9ad0-664cb87e4a6f,7946423.883088972,7946426.193884371,7946431.208133644,879,200,2.310795398429036,5.014249273575842,224
4bb84c37-0db6-4b9c-9335-c19a90dc051d,6fb86cb0-b646-4ecd-8730-d6ed365d30a3,7946423.88308541,7946426.195390977,7946431.209468597,5862,200,2.312305566854775,5.01407761964947,160
e3731c06-a360-46cd-bcae-e01eb156d6e2,44aca2c5-60dc-4929-8170-29f5e1fce844,7946426.882962749,7946427.245795711,7946431.603665604,5122,200,0.36283296160399914,4.357869893312454,1552
f8f7a19e-5e60-47da-92c5-13cc2350157a,4ed73052-44e1-40c2-9767-c1fdeb96c4c1,7946422.883816299,7946423.555854415,7946432.854916066,5861,200,0.6720381155610085,9.299061651341617,224
8e92e654-31ae-47d8-bded-b904c2e14cae,5c06298c-86e7-48f5-99ec-f360b1699941,7946422.883811153,7946424.173457277,7946432.883243143,4679,200,1.2896461244672537,8.709785865619779,224
4b2a468c-6db8-47b2-a93f-f389dce1c532,f77b3e1a-28ab-448e-9c49-1437284550c7,7946422.883796272,7946424.175803247,7946432.8867204115,1076,200,1.2920069750398397,8.710917164571583,224
1860d0b7-d955-47d8-94b6-bda5f8e977c4,57ff1918-00a6-4f1f-abf1-71b1dec34e08,7946422.883813533,7946424.173131,7946432.883927351,2425,200,1.28931746724993,8.710796350613236,272
7831c161-f783-47ec-84f3-c1d648e62c16,8bfd814d-28ab-4cb5-b72a-dd26380f4984,7946424.883920905,7946426.347846053,7946433.448510134,5926,200,1.4639251474291086,7.100664081051946,192
06be59c3-7a4d-4f16-bb3f-6bc154507745,f4aff892-842b-4e98-af4c-cfd1deacf96e,7946424.883937158,7946426.982271559,7946433.468927942,2178,200,2.0983344009146094,6.486656383611262,288
a15bc0d8-bc79-4682-bb86-843dcd6f3225,f93cf9d2-38b2-470c-ab49-c0cef71be9fc,7946424.883933963,7946426.9831121275,7946433.46973861,4910,200,2.09917816426605,6.486626482568681,176
d8f96a2b-ec2f-42e7-b0b8-49c82602e1d4,912b0536-5057-493f-9682-008d1775213c,7946424.883930316,7946427.399275671,7946433.489756473,1057,200,2.515345354564488,6.090480802580714,176
b0ae44c0-e3a7-4cc0-87d7-ba32a4864170,320cf5f0-a5c1-49b5-91a9-a20c3778432b,7946426.882935946,7946428.381421497,7946434.820266448,6005,200,1.4984855512157083,6.4388449508696795,160
7b64f642-f2c9-42ca-aa3f-07aa542451c5,b4c5b65e-b0b2-4149-a9a2-a49a11473845,7946426.882955757,7946428.994752344,7946434.837204243,5672,200,2.1117965867742896,5.842451899312437,176
38b5ae67-f20f-4389-ba4e-08796cf8a750,14141ec7-cddf-437f-8727-cf3bc4ae468c,7946426.882946787,7946428.995930545,7946434.8394473465,969,200,2.1129837576299906,5.843516801483929,176
d1779c28-698d-4d1b-8a68-7c3c7c30e33b,dec5032f-5640-4adb-8120-132fbe0e8a7b,7946426.882959629,7946429.363335419,7946434.854534792,2336,200,2.4803757900372148,5.491199372336268,288
e1bb1e0e-f958-48cf-9825-28a42b56ca4e,e214ec5e-819d-494d-96be-4f44b7317ecc,7946426.882950199,7946429.365967315,7946434.857607807,2640,200,2.483017115853727,5.4916404923424125,176
921a5339-3f97-4bbb-ac23-0ae8aa8c9937,41d7460a-e0a1-4300-9f40-37670c541e0c,7946426.882953026,7946429.36517707,7946434.857173523,1194,200,2.4822240434587,5.491996453143656,288
0a9f7e6b-188f-4ffd-9b65-e4c8b9514007,c51f405c-538f-46db-a0c4-5f1665cc8bbd,7946426.882966047,7946427.102100232,7946435.575826407,1509,200,0.2191341845318675,8.47372617572546,160
63058f41-665f-4fb9-ab33-683e6dbfb135,3bdbe03e-f2c9-476d-be78-5845bc3d6cf8,7946425.883175228,7946427.263145135,7946435.588744585,5128,200,1.3799699069932103,8.325599450618029,192
5b8a52a9-b12d-42cb-b08d-03f499587a64,b25956a5-e9c7-45bc-bd5b-3553a68b6dc1,7946425.883194143,7946427.86738837,7946435.609183193,1813,200,1.9841942274942994,7.741794822737575,160
6dc0ffd0-a3ad-48bf-abc9-2587345a8dda,bd3ab7eb-0595-4c3a-b717-f9c55e72b6cc,7946425.883197325,7946428.466883159,7946435.633027359,3200,200,2.5836858339607716,7.166144199669361,224
09c097b8-bdb0-4ea7-b40c-4582673a73d5,8aa6063f-9cd1-4748-bc9a-78c44fd7370a,7946425.883190879,7946429.6861693235,7946435.674928586,2044,200,3.8029784448444843,5.988759262487292,16
679b0916-70c1-488e-8bd2-ab43382a7a2c,35c9b5dc-29e8-498f-9ad8-87fe22f17021,7946425.883200232,7946430.297701407,7946435.692548446,3050,200,4.414501175284386,5.39484703913331,176
562e321f-725f-463a-8377-8cd1b22a8f81,45ac5512-7ff4-4619-88d8-49c256d2e88b,7946425.883186647,7946430.300937894,7946435.695828059,5770,200,4.417751247063279,5.3948901649564505,192
b366c726-5cc1-4281-ad17-0f4066fdb145,4d91675e-bed6-4756-af92-49701ac0572f,7946427.88385248,7946428.850337676,7946436.019857438,6055,200,0.9664851957932115,7.169519762508571,176
2812a384-fffe-41ee-9024-f3e153d474d4,afe6f909-f768-4fd6-b7ba-ab195b5c9b8e,7946427.883859275,7946429.45022623,7946436.041814067,2778,200,1.5663669547066092,6.591587837785482,192
a2d5c344-a528-426a-8675-0e9b9fbab9f9,42b78ebd-17aa-4ddc-8442-4e4fb55a60c8,7946427.883865374,7946429.4493122175,7946436.041747986,3213,200,1.565446843393147,6.592435768805444,160
0ac731c9-7dbf-4705-be2e-c69c2efdd7e9,e2aea28f-f167-453e-bb63-de5ec1a91723,7946427.883869336,7946429.448908091,7946436.041190564,715,200,1.5650387546047568,6.5922824731096625,192
32046831-7e2b-4431-8b98-1bd74d9aae1e,ce509adb-84cd-4828-852b-e10802b976ce,7946427.883862223,7946430.077431815,7946436.063980671,595,200,2.1935695922002196,5.9865488559007645,224
d1db8d29-183d-4a0b-9989-fa790df02f4e,b78cf2d7-715a-4c9e-8b3b-c3a98499a310,7946427.883842974,7946430.672368858,7946436.086643955,2241,200,2.7885258840397,5.414275096729398,192
38cf94d8-ef0f-4971-8b62-9859fa52f30e,a3dab01f-d1d0-4917-85cd-54cb085d56db,7946429.883930805,7946431.288221543,7946436.103365054,965,200,1.4042907375842333,4.815143511630595,160
0e72e423-a341-490f-bd96-269e65a094a1,396067f9-cf14-4d86-bd9f-220abe7ead62,7946427.883856275,7946428.031921238,7946436.459482868,5955,200,0.14806496258825064,8.427561630494893,5952
42c594af-b8c9-43f3-aca8-3511b7a439bf,fc0804dd-2f2c-4652-a7ad-2d9b311e21e9,7946428.883440699,7946429.269176373,7946437.278560769,4156,200,0.38573567382991314,8.009384395554662,176
ea3d429f-b5c1-4706-8170-4f7e64d973a4,c0dbd0bd-4010-4779-815e-795e06cc171a,7946428.883463478,7946429.9083299665,7946437.29835215,4952,200,1.0248664887621999,7.390022183768451,4912
f40ee832-d02e-426f-bd8f-93fb964fb7f6,dc8da506-377a-47db-b74b-fa65c921225f,7946428.88345289,7946429.911616972,7946437.301112937,6011,200,1.028164081275463,7.389495965093374,192
ccc0716b-42fb-4a19-9ddc-9010fdd9d652,6205a7d7-30c6-4588-aae4-93bd8a23b6d5,7946429.88392325,7946430.964186761,7946437.344952894,3099,200,1.0802635103464127,6.380766133777797,160
bf14cf6c-376a-45d4-9ff0-4ab34ad17bfb,34f5ddf7-c486-4989-9f91-cd88f232dd90,7946429.883933799,7946430.961896989,7946437.345015089,1840,200,1.0779631892219186,6.383118100464344,176
7b0256b4-7b50-43d7-85df-2d872a37465e,3d3d0540-f4de-4214-9bb1-6b9e805f2954,7946430.883400385,7946432.226744707,7946437.384959102,6048,200,1.343344321474433,5.158214394934475,176
188fec8f-7e84-4194-b6a9-dfb8a1cda11a,d200f713-d4e3-48fd-85a8-eb68048a1bd1,7946428.88345676,7946429.973198255,7946437.624701253,5968,200,1.0897414945065975,7.651502998545766,176
11f8e573-d453-40fb-bc06-c311e5a504ed,109911a5-9e24-4bdc-95c0-fd2a56571c91,7946428.883460216,7946430.586107941,7946437.646156717,5942,200,1.7026477251201868,7.060048775747418,176
ff15f01d-4fb2-4e2d-be67-050929a2190d,dced35a2-1f71-49ea-a75d-eee733b63868,7946429.88392753,7946432.427872164,7946437.710060569,5854,200,2.5439446344971657,5.282188405282795,160
d61444ea-1188-4a97-84ea-034f1236f6df,0936669e-5c64-4f1d-ada6-04ce9a565d14,7946429.883940793,7946432.425201084,7946437.708822575,2592,200,2.5412602918222547,5.283621490933001,288
73b0a565-e4dd-47d3-a7c7-f21865f23405,57ff1918-00a6-4f1f-abf1-71b1dec34e08,7946429.883911316,7946430.014147188,7946438.218380493,2488,200,0.13023587130010128,8.20423330552876,2416
8227ae1d-9c16-4490-b7e2-ac5b90ff0695,76c6a94a-5b1b-4124-a8c1-7b783e5beb5f,7946429.883937459,7946429.996957466,7946438.526597635,5987,200,0.11302000656723976,8.529640168882906,5984
5ff30039-e5ab-4705-9c26-f5355987d0b2,642c0dfd-41e6-40b7-821d-1a9704681a8a,7946430.883380772,7946431.626731225,7946439.070332427,5793,200,0.7433504536747932,7.443601201288402,176
0e38655f-1e3c-4f0c-b193-2c2a127a3631,9e580bae-2f35-4dfe-997c-4787138befb0,7946430.883393526,7946431.626030023,7946439.070525707,1730,200,0.7426364971324801,7.4444956835359335,192
345a4f00-03ee-4d6b-bad5-0b2c8cc93c1a,d4b57d15-884a-4f2d-89bf-cbd7ff0bfb90,7946430.883404004,7946431.217821834,7946439.286343472,2844,200,0.3344178292900324,8.068521638400853,224
dd5e51f9-3857-4b81-878a-5e5bf7348ac6,cca96de9-6408-4913-ba55-66f765509f5d,7946430.883397179,7946431.219439648,7946439.288988532,1286,200,0.3360424693673849,8.069548883475363,160
f18fcdf4-b122-4252-87b1-fc97e14a847f,7b2e5dae-5d3e-413e-aa17-79e5e13971cb,7946432.883190009,7946433.7068072,7946440.717130662,5698,200,0.823617191053927,7.010323462076485,5664
b85127b4-3394-49ba-8e49-ba83193ca597,bd2ab0e4-b415-4560-8ada-17cafd1ace98,7946431.883938478,7946433.1052508,7946440.722020421,1245,200,1.2213123217225075,7.6167696211487055,176
fe101740-cbc3-4d73-973c-0044b4386f0a,e8a795ee-9f90-4976-894b-7318b1215e72,7946431.883928693,7946433.735703809,7946440.746987636,5641,200,1.8517751162871718,7.0112838270142674,160
2a4e0836-2f41-428f-bfc1-4f8c6767c5f1,a2d50e13-b70d-4fc7-ae7b-c9da9cadaf6a,7946433.883830639,7946434.891517614,7946440.760613845,5677,200,1.0076869754120708,5.869096230715513,224
bbbd96b0-8255-4986-bb22-9b6f8331bff5,a941116a-c518-4f7b-bc3c-311e10bec57b,7946431.883942289,7946434.969053404,7946440.786898093,1362,200,3.085111115127802,5.8178446888923645,176
2936cae7-bacf-46ed-b1bc-eed75e7acb31,c3afa93c-0f3f-46f3-9ff6-4aa96ba3a472,7946431.883945593,7946434.969241926,7946440.78682401,1420,200,3.0852963337674737,5.817582083866,224
89beff32-6b0a-4c29-af20-4fcc65465e7b,0510668b-2e39-4521-abbf-68606b666ffd,7946431.883948582,7946434.968884346,7946440.78938863,3552,200,3.084935763850808,5.8205042835325,192
a24efb1f-605d-430f-a291-00c0d8fb4f2b,b7660a54-c8d6-4417-beda-becfd4ccc9ca,7946434.883182533,7946435.768627853,7946440.794562996,5888,200,0.8854453200474381,5.025935143232346,160
66b787e6-6472-45d4-b6d8-075860632de4,0b9ab531-6440-439d-bda2-4bcf6f92f3a6,7946434.883170175,7946435.770778628,7946440.796311783,457,200,0.8876084527000785,5.025533154606819,176
a3ff7c5b-2cec-4f3a-a527-fe9d5ba40979,d2e35e05-d494-455b-8b64-3602cd992e55,7946434.883139935,7946435.978499877,7946440.82747291,730,200,1.09535994194448,4.84897303301841,720
901e1cad-c78a-4f83-9add-da0b48dab1bc,d38bb58d-f195-4092-892e-2e293cc0ef73,7946432.883182581,7946432.956079969,7946441.265254181,1306,200,0.07289738859981298,8.30917421169579,1296
ce2b848e-cc99-45c3-9ee3-1830eb14870d,19cac09e-5bb2-48a4-997f-7045948aada3,7946432.883193513,7946433.005425478,7946441.525900096,996,200,0.12223196495324373,8.520474617369473,192
be58f1a0-0b9e-4f30-b31f-04217e09c7e9,aa942eaa-fb40-4ee4-a6e1-593548ba0dbd,7946433.883817857,7946434.00462069,7946442.058734181,5925,200,0.12080283276736736,8.05411349143833,5920
6aa010a6-7685-42cd-bf14-ea4909902b81,43457d7f-b6c5-459b-ad04-d0f5e27a0f7c,7946433.883827924,7946435.360219184,7946442.378381037,2239,200,1.4763912605121732,7.0181618528440595,288
8b9e36eb-c0a1-4bcb-9864-6c58bf5d1016,4295c9d1-a245-45a2-ab2e-52b55d4bb49c,7946434.883152147,7946434.995649374,7946443.335046891,385,200,0.11249722726643085,8.339397517032921,384
d86bf568-b718-4ba4-b1b7-36ea9ffa4168,231beffe-da58-4516-af27-1182589624ee,7946434.883159527,7946436.578919954,7946443.564937121,5311,200,1.695760427042842,6.986017167568207,192
dac4f237-92d2-4b75-b2ad-2f98b8d6ab62,42303959-8373-4fb5-b881-e39d2351d467,7946434.883162641,7946436.5778889125,7946443.565607135,3764,200,1.6947262715548277,6.9877182226628065,192
2317c67d-4f79-4695-9fc1-e9e41ebd6803,b0776ec9-ec2e-4a2f-9605-8fc3ea878659,7946434.883166622,7946437.21225187,7946443.585693765,5820,200,2.329085247591138,6.373441895470023,224
bee0490e-8ff1-4902-b132-ea3a6c166a27,af106407-ea10-4304-a36e-a9f2fe57ec32,7946434.883156144,7946437.214500754,7946443.588358582,2670,200,2.331344610080123,6.373857827857137,288
2f45d26f-f1e1-4ca0-9c95-ec05e00a7aed,ea6e22c9-a8de-42ca-9570-58d1e9355915,7946434.883177419,7946437.629831615,7946443.602741604,3844,200,2.7466541957110167,5.972909988835454,176
b1a81f0d-bb3b-44d8-a97a-786102d248f1,af58fe18-5abf-4a30-a78b-73561c06d4f2,7946434.883173635,7946437.630911388,7946443.603780478,2429,200,2.7477377532050014,5.97286908980459,288
14564bd8-dce8-4218-b5c3-115d773fc105,034fada1-6ff3-494e-9df1-8d72fa54e215,7946435.883076727,7946436.562763554,7946444.500808478,3171,200,0.6796868266537786,7.938044924288988,3072
78ced637-6708-49ed-a6a8-207dd78bcb73,70e7939a-901f-448b-86db-5ca1cf795b25,7946435.883086176,7946437.191091078,7946444.5224577915,5721,200,1.3080049026757479,7.331366713158786,192
5bcbae33-4aaf-4b13-bef8-c5ca1f8f1c1a,4346426a-d1cf-4421-a05c-b8084161d1b8,7946436.883209974,7946438.39514913,7946444.561514325,1234,200,1.5119391568005085,6.166365195065737,176
547b8146-869e-4cba-ab62-2777149dba9e,f5770a69-6314-4b67-99f3-00584ca9b14e,7946436.883185454,7946438.448190549,7946445.3193810135,5973,200,1.5650050956755877,6.8711904641240835,192
32741c1a-9afc-43e4-9f5b-6730f9786314,55e477b8-0dcf-4b42-89d3-65961d992b09,7946436.883220274,7946439.063457724,7946445.335503467,2708,200,2.1802374497056007,6.272045743651688,160
206c8662-a02b-4330-a3f0-0569f34278fd,161005e4-9356-4adc-9089-3e438b2ab322,7946436.883213272,7946439.064927561,7946445.337380319,5952,200,2.181714288890362,6.272452757693827,176
ec921071-2d8e-40e9-92a8-f47bd60ac75c,25764557-8d50-4bc3-8d58-ccb7ee44ac5a,7946436.883199259,7946439.67683122,7946445.360630508,2716,200,2.79363196156919,5.683799287304282,224
d49928b1-97e5-421a-82c4-2b2295328779,b38f7d51-ee06-41a2-897f-9594e9dfb054,7946436.883205775,7946439.67635904,7946445.360266718,5813,200,2.7931532645598054,5.683907678350806,176
3b401907-5978-4dfa-9088-ebedc2d5b511,4a98d6c0-84d8-4a01-a386-3b29d15d5fce,7946436.883195688,7946440.2852024315,7946445.382702618,5910,200,3.402006743475795,5.0975001864135265,192
05a6a0cb-ceaf-4005-ae8c-89f87b6e5d54,c0e3d991-e188-4f78-8b8e-5dd01a6f8850,7946436.883216717,7946440.281693708,7946445.380156439,2548,200,3.3984769908711314,5.098462730646133,0
0e2c5fe8-8bac-45fa-b3f5-14a58ddca163,27e00e2e-21f7-46b8-8008-d0a46fedbeee,7946436.883202501,7946440.284788657,7946445.383438554,915,200,3.4015861563384533,5.098649896681309,288
c1db9e84-4e7a-4b7f-85be-e4753a0f4317,1628d450-3fc3-4b73-9923-fce01e9f48ee,7946438.88362682,7946439.017712265,7946446.424326179,3676,200,0.13408544566482306,7.406613913364708,3664
1e337154-2145-4810-8fd4-dc71d8d4743d,c8b7ff65-cf0d-44ff-991e-2b8fd4458b22,7946437.883123271,7946438.957385741,7946446.796056357,4805,200,1.0742624700069427,7.838670616038144,176
89a075bf-d3ea-4514-b1fa-666e45396a17,07664316-d6e1-41da-94de-93685a509c09,7946437.883132784,7946439.549434115,7946446.818207963,5861,200,1.6663013314828277,7.268773848190904,192
e2c00365-6a57-432a-a4cd-cdc02b2ded41,e5488a62-a6e0-4b98-a167-55ef476697ef,7946438.88363952,7946441.358357594,7946446.88794368,1677,200,2.4747180743142962,5.529586086049676,192
de192ed4-b451-472a-93d9-b52b9500ed7c,99f1f6df-a16f-4986-bef1-52e47aec378f,7946438.883642446,7946441.358122404,7946446.887451034,3693,200,2.474479957483709,5.529328630305827,160
39230415-c2f3-47a1-92bf-661ce519310d,6ee396d8-db4c-4684-88ab-113b143832cd,7946437.883136845,7946439.537297168,7946447.696726521,5688,200,1.6541603226214647,8.159429352730513,160
ee09b35b-88b3-488b-a33c-c5f1407a2341,6459e9c0-ac3f-4f1e-a735-823b3c83d15f,7946437.883139793,7946439.536462557,7946447.696260666,3014,200,1.6533227637410164,8.159798108972609,160
9b55a64c-0144-4b8c-8170-8c4eaf9103fc,4ac57aef-73b0-4d1e-900c-4a6b79a7c0bd,7946438.883636214,7946440.178808576,7946447.7195274,5590,200,1.295172362588346,7.540718823671341,160
486ec523-7a4c-4f80-ad57-df557ef6b3bf,07c6cfe5-ddc2-4943-8c6c-6cb93009af4e,7946438.883645025,7946441.441009309,7946447.761621053,5822,200,2.5573642840608954,6.320611744187772,176
0b87e8c9-97a2-4974-9588-dd8c7d070f16,2df7a811-23ae-45a7-8f94-32c9fac9f9be,7946438.883647399,7946442.0869718585,7946447.779928458,5747,200,3.2033244594931602,5.692956599406898,192
5ce6a33b-79f3-4633-ab32-bfef6e62724f,63dbcaa2-f60a-484e-98c0-24f6814d7556,7946439.883382288,7946440.382040632,7946448.231517618,2485,200,0.49865834414958954,7.849476985633373,192
2b29125e-9776-4e8b-afdc-e23db07f6207,be47ec66-79ab-4aa4-bbaf-d9fef785d9a0,7946440.883919804,7946441.581789429,7946448.482386639,1658,200,0.6978696249425411,6.900597210042179,160
d87f98c6-ed6a-4308-9801-486e9ecd3489,89984c0f-ab73-4aa4-b3b8-e96bb2c0c5b1,7946440.883909824,7946441.584038264,7946448.485093514,2924,200,0.7001284398138523,6.901055250316858,160
07f3ddbc-8450-4608-b042-76daff089a6a,aeb913ad-d459-4fbd-906a-cf6ac2bb3fd1,7946441.883223014,7946442.970699474,7946448.889556369,5645,200,1.087476460263133,5.918856894597411,224
7354f542-9ba1-4c61-bd2a-49559c8b6851,905b7b66-f9e8-4004-b125-fe3a30572297,7946441.883231007,7946443.558684276,7946448.914991277,3039,200,1.675453269854188,5.356307000853121,160
72038043-62e6-4413-8e23-61d060473dec,a8a2d01f-9110-456c-8e18-340da89f329e,7946443.883865128,7946444.189483427,7946449.2299858425,1747,200,0.30561829917132854,5.040502415038645,192
87b9d81d-f253-424c-9fac-a6aaa49c3025,03660c29-973b-47cf-a282-e5f41700788c,7946439.883371941,7946441.1586960545,7946449.688088777,6184,200,1.2753241136670113,8.529392722062767,192
eb2b5bc1-ba89-40f7-abc8-4b8a28f10592,8ecf5eb7-d68c-4a1a-9734-eaf9544cf0f8,7946439.883385607,7946441.157626554,7946449.68772796,5952,200,1.274240947328508,8.530101405456662,176
0da76937-a46a-4f00-a35d-dbcd6003da0f,8aa6063f-9cd1-4748-bc9a-78c44fd7370a,7946440.883899892,7946440.967605926,7946449.724531316,2087,200,0.08370603434741497,8.75692539010197,2016
a0740c9a-c8a4-4abe-b21d-692925fe5986,c66012d9-b67a-4ded-8486-e8ccc9786533,7946440.883913568,7946442.209690077,7946449.779728592,1097,200,1.3257765090093017,7.5700385151430964,192
6f6ff8b9-3967-410b-9012-d6fa58b24308,41705093-4c8c-4a90-99d2-ad3181aceb70,7946440.883916648,7946442.8287213845,7946449.801810657,5701,200,1.9448047364130616,6.973089272156358,192
044c4bbc-b3e5-4b76-802b-69935ec05773,13c19d21-f311-4a3a-97bb-1e152f24a81d,7946441.883211183,7946443.471663308,7946449.825747284,6842,200,1.5884521249681711,6.35408397577703,192
828d96fb-245b-4a84-b594-8c91e8d50047,cfcf8ea2-39e8-4b65-a05c-99c6f74fc7ff,7946441.883234199,7946444.0805959385,7946449.841571466,1153,200,2.1973617393523455,5.760975527577102,160
5bccb9ec-1a69-4a28-ab54-4f392b53c149,8201882b-3c83-4a5b-b140-7a5572375d5a,7946441.883227059,7946444.082479187,7946449.844409661,4216,200,2.199252128601074,5.761930474080145,160
9a64916e-11fd-403e-bd86-8cb18f2fc42e,0038079c-2c93-4916-8603-2b199c276420,7946443.883871607,7946445.249986903,7946449.887815047,1176,200,1.3661152962595224,4.63782814424485,160
3b4c0d56-1847-4162-a473-178b16a923f4,1b1e4f29-258e-4294-b6b5-79b12ac8f92a,7946442.883099284,7946443.056832123,7946451.54362174,2194,200,0.17373283859342337,8.486789617687464,192
e263f0a0-7608-4e21-ad31-623d64776dd9,eaba400f-f029-457a-b05a-0a6f98a6ec83,7946442.883087334,7946443.636008195,7946451.567017758,2479,200,0.7529208604246378,7.931009563617408,192
fb8982ed-4587-4e0f-bb6c-a6485428437d,984417aa-cbc4-4961-a69c-cf10fd2a2932,7946443.883860941,7946445.070557146,7946452.909173314,628,200,1.1866962052881718,7.838616168126464,176
2fd105fd-8a60-4dfc-96df-bdc8dc3cced0,06bd9fe0-2b10-467b-8ee7-3de10fda9474,7946443.883868527,7946446.321319086,7946453.346586413,6029,200,2.4374505588784814,7.025267327204347,176
901ccc95-c99f-482e-8cb6-35158a63f66d,57ff1918-00a6-4f1f-abf1-71b1dec34e08,7946444.883701394,7946445.040845744,7946453.775487916,2514,200,0.15714434999972582,8.734642171300948,2464
6693ecc7-da93-46e9-bd32-1d54001415e7,c0dbd0bd-4010-4779-815e-795e06cc171a,7946443.88385008,7946444.0210046945,7946454.551800043,4952,200,0.1371546145528555,10.53079534880817,4944
e29bdf42-c308-41be-a3fb-3818379e8aab,396067f9-cf14-4d86-bd9f-220abe7ead62,7946443.883874695,7946444.017388927,7946454.642281649,5955,200,0.1335142320021987,10.624892721883953,5952
be05c8bc-17d2-4e17-a333-ca4ef7c28fff,0024ac15-1c91-4907-95fd-1da29a12b0f1,7946444.883710989,7946446.246663523,7946454.976277452,5804,200,1.362952534109354,8.729613929055631,160
392a32a7-50a1-4920-8df6-0c77b8aa2688,b4527815-5a94-4cdd-8d25-4cd8b6f2f33f,7946444.883723594,7946446.243697287,7946454.974492667,2382,200,1.3599736923351884,8.730795380659401,256
3fc1ba77-1c9f-49af-a675-3597872809c5,cd6b3eb9-5348-4696-990b-752ae3e2e1a3,7946445.883179862,7946447.188514759,7946455.601674721,6259,200,1.3053348967805505,8.413159961812198,192
1c62e060-2aec-4952-92c6-8baf6bc80a5c,87203db3-07a9-41c9-8809-fcaafbca8a36,7946445.88317014,7946447.813022993,7946455.62471102,5813,200,1.9298528525978327,7.811688027344644,176
ec3905b8-3cd9-463b-8000-61ac174cdab0,127f378e-d0dc-464e-a79a-fa7013197aab,7946444.883717674,7946448.679726447,7946456.557479229,5233,200,3.79600877314806,7.877752781845629,176
8d8f993c-f828-4eb4-b213-0e7937a9c05a,46874def-a8d1-42c8-9ef7-379c30144d14,7946444.883714648,7946448.680760876,7946456.559232747,5952,200,3.797046228311956,7.878471870906651,192
de9c6d8c-2018-45ed-92b8-ab927c0021ec,f3a3a146-a735-459e-af58-d3d7626b4a21,7946444.883720514,7946449.2185467845,7946456.5801552655,6177,200,4.334826270118356,7.3616084810346365,192
c9521112-bb27-4e24-8cc3-c2d15fe2b790,14141ec7-cddf-437f-8727-cf3bc4ae468c,7946447.883123385,7946448.040677353,7946457.796086452,969,200,0.1575539680197835,9.755409099161625,960
61db0c31-44a8-4ba6-aec2-52cbc2d2fce2,af106407-ea10-4304-a36e-a9f2fe57ec32,7946448.883502693,7946449.109042545,7946458.89643417,2660,200,0.22553985193371773,9.787391625344753,832
543d9222-fab8-402b-93c1-2c774a8c252f,f271ebe9-b215-4499-a991-8ff24c4302bb,7946448.883496228,7946449.833345996,7946459.444333666,3761,200,0.9498497685417533,9.610987669788301,176
73ae036f-cdfe-4eb7-96b7-43eb46673208,a4705d3f-c9cc-472f-8323-bf9e4593e138,7946449.883088974,7946451.696751417,7946459.5176449735,5759,200,1.8136624423786998,7.8208935568109155,160
8ea97229-06a2-4b6e-94cf-276a388f7596,f5eeda52-a3dd-4697-9576-2fc81988d390,7946449.883095836,7946451.695784236,7946459.51787727,684,200,1.8126884000375867,7.822093033231795,160
dd9e145b-6367-44bf-b18e-205a0397d8ca,a0581530-c894-4f12-a948-e8caaa8163fe,7946446.883049629,7946448.160204463,7946459.658165901,5230,200,1.277154834009707,11.497961438260972,160
d79c1218-33e9-4dba-b4fe-59d0d4afbf6a,0a424db1-d8ea-438e-b44d-65ffe2623299,7946446.883025956,7946448.786562927,7946459.687925507,5791,200,1.9035369707271457,10.901362580247223,160
6d373823-be0a-4abd-9d38-b0b6b766b710,ec035cd5-4099-445f-80a6-d885e8148b75,7946448.883485634,7946449.305276595,7946459.715047781,2622,200,0.421790961176157,10.409771186299622,288
cd956e9a-bb36-43a4-9b9b-dc474c118f8a,c47b88bc-8337-4fcb-bb63-b8c147f8261e,7946446.883052623,7946449.384053286,7946459.713406855,5810,200,2.501000663265586,10.329353569075465,192
9681ac25-bc3b-4ed4-bab7-e65dc39e1b67,4ea323b6-3ea0-43fc-b190-c775d192ad29,7946446.883037095,7946449.385146618,7946459.715968643,649,200,2.5021095229312778,10.330822025425732,160
ed48e259-6228-4791-a429-966b5db4230b,0bd71f2d-8ff1-4b8b-a899-9b785a451bbb,7946446.883040703,7946449.385654425,7946459.719260737,1654,200,2.502613722346723,10.333606312051415,16
66670132-3320-4acc-8fc4-6e98e491edc0,6ccb2fd4-21c1-492d-9d64-56223fb86062,7946446.883055732,7946450.006147107,7946459.73437155,5972,200,3.1230913754552603,9.728224443271756,160
cb9b0dc8-bbf4-4e31-bb1d-74eaebbc7780,1944b4a9-25a6-481b-a8a6-9b9e9f4d0c67,7946448.883499903,7946449.737970381,7946459.739679313,5937,200,0.8544704783707857,10.001708932220936,224
039c5f03-351e-4062-b688-7d3907bba826,e5488a62-a6e0-4b98-a167-55ef476697ef,7946449.883072976,7946451.887217061,7946459.809164277,1773,200,2.0041440846398473,7.921947216615081,1648
e055a6c4-ba3d-4daf-90f0-40d538759dfa,5c310efb-bfc5-46d7-97ea-542167b82029,7946452.88363714,7946453.137636734,7946459.843761757,2766,200,0.25399959459900856,6.70612502284348,288
48cc3f9a-5574-4334-9658-9f5797739ca1,e0cfc694-73d4-4603-9a29-1bdf768266fa,7946447.88313642,7946448.155181735,7946460.142459545,2389,200,0.2720453152433038,11.98727781046182,160
edc17a3c-6b00-44af-a674-077ac98ec6dc,170812a6-cb38-4169-bec1-bbe2e86c6001,7946447.883139987,7946448.774508352,7946460.1708707595,1775,200,0.8913683658465743,11.396362407132983,256
88343041-0425-4bfc-a7cb-7e828faf3bc1,19500c45-30d4-49de-bfa4-2268492645cd,7946447.883143395,7946449.399581309,7946460.196311221,4480,200,1.5164379142224789,10.796729912050068,160
87340af0-1a26-48ec-8a9f-ee36914fe5d0,11125870-5b26-45ea-8fba-47c68888a24c,7946447.883146501,7946452.48121273,7946460.315549278,3134,200,4.598066228441894,7.834336548112333,224
fe1a6d4a-2670-4a4d-a0a4-937ecd6a8767,f20a741c-0fb3-4811-91f0-bee136177ca3,7946449.88308509,7946450.673694608,7946460.532401287,5991,200,0.7906095180660486,9.858706679195166,224
8a4dfb8c-0a32-4112-be85-267a42de24da,21b9c278-5fd1-4a6c-80f1-483ff6605dad,7946449.883092552,7946453.792786001,7946460.652482584,2712,200,3.909693448804319,6.859696582891047,224
541dca7c-28b8-4e49-baf4-18394d9910f8,2d1467d2-a312-48c3-9684-57b9e2890fec,7946450.883637907,7946454.408750582,7946460.672850014,2528,200,3.5251126745715737,6.26409943215549,224
5b432a28-e16b-4591-985c-1f0748ecb0e5,0510668b-2e39-4521-abbf-68606b666ffd,7946453.883673081,7946454.996921411,7946460.695777484,3735,200,1.1132483296096325,5.698856073431671,2720
03a66eec-cf94-4383-a027-8190bfeef5ec,d2e35e05-d494-455b-8b64-3602cd992e55,7946454.883232898,7946455.032396859,7946460.708335879,857,200,0.1491639604791999,5.675939020700753,688
47354a49-4b47-4776-a676-929400e5b116,2ecf4198-da61-4895-86d2-4df5804f97cf,7946452.883651002,7946453.396220308,7946460.726996726,5879,200,0.5125693054869771,7.330776418559253,160
4d20b4e1-fd32-44d9-a698-f0cf80da9c59,aa942eaa-fb40-4ee4-a6e1-593548ba0dbd,7946450.8836423,7946450.99450579,7946460.988623274,5925,200,0.11086349003016949,9.994117483496666,5920
e99e2fee-a3e4-4a61-a30c-1aeb1af1b718,fc0804dd-2f2c-4652-a7ad-2d9b311e21e9,7946450.883646726,7946451.453846781,7946461.111842295,4155,200,0.5702000549063087,9.657995514571667,176
83900013-63a6-4d55-a169-6a59fab635c8,43457d7f-b6c5-459b-ad04-d0f5e27a0f7c,7946450.883650125,7946451.442736178,7946461.224938291,2239,200,0.5590860527008772,9.782202113419771,368
502d0039-b5fe-42fe-b9ef-9aea548345c0,a97b3419-50d1-4d99-ba18-6269343a8188,7946450.883624709,7946451.445842006,7946461.229040958,4852,200,0.5622172970324755,9.783198951743543,160
0a780348-9dce-4235-9e64-0628cc1e7ceb,e6f02cf2-63e2-47aa-88a9-85c903954750,7946453.883669139,7946454.251267384,7946461.286838322,3578,200,0.36759824492037296,7.035570938140154,160
6e27f29c-08c9-4fae-9698-9e679d3f0bf2,e99f0ad9-ca51-4ebc-8462-fe9ebb8c761e,7946454.883229991,7946455.093221445,7946461.870066227,1223,200,0.20999145321547985,6.776844782754779,176
343df637-56fd-46e4-9c8f-f0a2c07f656a,c04293c9-674a-4121-83b3-78d969e4af61,7946451.887696541,7946453.65039771,7946461.9671487715,5251,200,1.7627011686563492,8.316751061938703,192
5601a9ab-ea4d-41d2-9fa1-1707c5d7eb30,29a9b4dd-db41-4d0d-aaea-4398b379e9cd,7946451.887689665,7946453.651906989,7946461.96885106,4967,200,1.7642173236235976,8.316944071091712,224
d0a3cf03-640d-4da3-9ab0-cde4a349ccbb,6418d22e-6d88-463b-a16b-7587c147056d,7946451.887693418,7946454.275746276,7946462.004015849,5833,200,2.388052857480943,7.728269573301077,192
5f322146-8055-4a6b-b3d0-cd8dd2636fb0,d38bb58d-f195-4092-892e-2e293cc0ef73,7946451.887677159,7946455.49361688,7946462.039971021,1306,200,3.6059397207573056,6.54635414108634,192
d003f4e7-56b8-46ee-9a2f-4acc5956bfef,5c06298c-86e7-48f5-99ec-f360b1699941,7946451.887700056,7946455.490810431,7946462.036567482,4835,200,3.6031103748828173,6.5457570515573025,224
d42d9595-031c-4825-81be-83cfdb98652c,4df870a1-f984-48dc-93fb-96ee01475d6f,7946453.883689444,7946456.128862384,7946462.051821865,4922,200,2.245172940194607,5.922959481365979,1024
1b9d300c-e920-4d62-ac05-d1803083e13c,240c36b4-8f22-4cfd-bfbb-90147dc774e6,7946452.883654531,7946456.129644913,7946462.056621726,5920,200,3.245990381576121,5.926976813003421,176
13f78f94-bd8b-4de8-9c3d-7b2ad4c82c87,f4aff892-842b-4e98-af4c-cfd1deacf96e,7946452.883660614,7946453.096834028,7946462.113134029,2172,200,0.21317341458052397,9.016300001181662,288
0b985a96-a0b1-494e-b80f-a286fd4bc22d,0936669e-5c64-4f1d-ada6-04ce9a565d14,7946452.883657574,7946453.984065039,7946462.682434063,2543,200,1.1004074653610587,8.698369024321437,288
7e123a19-6c7c-42e8-96df-eed84ac236c9,53331c8b-4eec-428f-89e8-96e8338db919,7946453.88367621,7946455.806726348,7946462.754210417,5817,200,1.9230501372367144,6.947484069503844,160
ed64354c-2b47-4546-a850-ab32c1bdbd11,7d9a3919-67da-44b2-b824-fb9926b6da15,7946453.883679479,7946455.806297315,7946462.753900911,4957,200,1.9226178359240294,6.94760359544307,224
dd806b72-938e-4db9-badc-edd74a89b48d,86bb770e-e896-4df8-98ac-b45dd9f48001,7946453.883686279,7946455.804564943,7946462.752609213,1457,200,1.9208786636590958,6.948044270277023,160
9f23a044-63a3-471f-8cb9-9ba8f5aeb969,cf4fae3f-b581-4c59-9fef-3738c46b3c2b,7946453.883692525,7946454.166270052,7946462.912960795,2277,200,0.28257752675563097,8.74669074267149,160
22217871-9076-4339-a095-f6fb0c150116,89feb0ae-9362-4a5b-a776-195dcb115949,7946454.883227051,7946455.935063893,7946463.4190893425,5862,200,1.0518368417397141,7.484025449492037,160
f9aa16af-5540-4b71-8128-248382fc1012,a03b3c71-45a1-48b1-9bbb-48e8669a9d11,7946454.88322337,7946455.868441233,7946464.000278693,5896,200,0.9852178636938334,8.131837459281087,224
57ff0cd7-8302-43dc-af3d-fe9b7009ab0b,c13d9418-24a3-4ed3-8a2f-34e200890302,7946454.883212372,7946455.184641746,7946464.034059133,1281,200,0.30142937414348125,8.849417387507856,224
3e6b7544-8dad-485e-b5c4-3efd89839d7a,ef9a6926-cbbd-4236-a031-a34675858e8f,7946455.884276838,7946456.7580095325,7946464.84618717,1702,200,0.8737326944246888,8.088177637197077,224
25b6b906-7d0e-435f-bac8-63fdc91089f7,977ac36b-bb7b-4aac-bf3e-938831af0d6d,7946455.884263377,7946457.386431982,7946464.86784017,5535,200,1.5021686051040888,7.481408188119531,256
ed33648d-c906-4352-a127-23e0309c8fbd,824ede68-58b2-43a5-8b67-3d484cac77f3,7946456.883683944,7946458.611107641,7946464.994421966,3728,200,1.7274236967787147,6.383314325474203,192
1ea05211-3473-4650-8ae2-855099fa7dc5,1bc73e7d-6b0e-4755-ade4-f801a54d64d7,7946456.8836905,7946459.236108047,7946464.992601496,1594,200,2.3524175472557545,5.756493449211121,176
86839a0a-91e9-4cdb-8beb-90cc4e23252c,b4c5b65e-b0b2-4149-a9a2-a49a11473845,7946453.883682903,7946454.398941665,7946464.994229322,5812,200,0.5152587620541453,10.595287657342851,176
106ca1e4-6aa7-4e61-b45c-dc85fec3677d,fdb31cc6-26d5-438f-b807-c434b38142f1,7946453.883657236,7946454.842133496,7946465.001515817,5839,200,0.958476260304451,10.159382320940495,192
c73615e3-dfaa-4dbe-b1ec-22a1bca72e3e,983cb979-5e2f-4649-bfa0-1fb1c92b9954,7946457.883472241,7946458.367276145,7946465.495713581,5844,200,0.48380390368402004,7.128437436185777,176
a8e87107-5830-4a8f-8ff0-b74b6bfbcb5e,01bf6cef-c97b-4d6f-8ae2-8102bf0f9a79,7946457.883468656,7946459.001030748,7946465.51952904,5960,200,1.117562091909349,6.518498292192817,224
eb430d6f-5ccb-4854-b515-4390d3be6204,50a6fd55-dd24-4441-9105-8785b6a488a7,7946456.883659829,7946458.120659126,7946465.646706937,1793,200,1.2369992965832353,7.526047810912132,224
5aeee130-8ed3-4459-b8e1-a392f1c82fc4,d3954709-3e90-4162-b807-366fedb25f30,7946456.883673535,7946458.119753966,7946465.647966868,2846,200,1.2360804313793778,7.528212902136147,288
f5570b15-5ed3-40c7-a40a-3b9b9d4bd252,dcc8b99b-cc01-4910-9253-2bf89c553910,7946456.883677893,7946458.732000516,7946465.667296287,2237,200,1.8483226224780083,6.93529577087611,160
352c12db-941d-44c8-932d-f0570e174af2,724170c2-3955-4cb1-b828-7f949b9d7ed4,7946456.883687207,7946458.732137447,7946465.664837929,6434,200,1.8484502406790853,6.932700482197106,160
a5363742-3b51-4cc2-8e96-b3cdf8d8ad84,f56f3534-c298-4487-a39f-16c483a04920,7946456.883681325,7946459.331717701,7946465.686754356,5209,200,2.4480363754555583,6.3550366554409266,224
6a663ca0-dabf-41dd-b209-25d659a11119,ce509adb-84cd-4828-852b-e10802b976ce,7946457.883459069,7946459.9670082545,7946465.708332348,595,200,2.083549185656011,5.741324093192816,224
5c23c51b-91ff-4c35-b3d3-f9581c19b797,e4e8f086-4b5a-4d8b-b272-2700f2ab0698,7946456.883694301,7946459.965563193,7946465.703795627,5861,200,3.0818688916042447,5.738232433795929,224
9775468d-17f2-48ef-a0b5-fc99f55880ac,6228ccc2-550e-4c29-97cb-5246061c5a94,7946458.883840746,7946460.474768488,7946465.724530513,5961,200,1.5909277414903045,5.2497620256617665,176
2dc4b01e-44c8-44a5-8bce-ce10b2b8b1e0,62388b59-9638-4c41-a856-dca0a32d4e75,7946458.883849373,7946460.147960553,7946465.828915804,1303,200,1.2641111798584461,5.680955250747502,224
8c6addee-074a-43db-be9e-df9d0ef736a4,a72e8095-de78-490c-ab9e-c21369095279,7946459.883885124,7946460.867526963,7946466.201397668,685,200,0.9836418395861983,5.3338707042858005,176
9d3af787-bec6-46f2-91e3-7a6549626bc7,7acfafc2-e8ac-45d6-9ad0-664cb87e4a6f,7946459.8838916,7946460.865936939,7946466.200212166,1094,200,0.9820453384891152,5.334275227040052,160
1b7b4b6d-943f-4367-8d64-19c4bc21320a,a59afcff-3049-48a3-b277-5a727d2c27e6,7946457.883474602,7946458.208909466,7946466.301744442,3512,200,0.3254348635673523,8.092834976501763,192
a46d6fb0-d573-4ae0-89bb-af8abaa758c7,ccd8f2c3-44d3-41c4-91db-1ba4dc5f9701,7946458.883831821,7946459.302731102,7946466.912240857,2683,200,0.41889928095042706,7.609509754925966,192
5c1b6df5-dd2b-4066-9b2e-959055378fcc,2cf6c4f8-2bdc-4486-969c-3bbcd7e36b59,7946458.883846369,7946459.103626724,7946467.538957521,2094,200,0.2197803556919098,8.435330796986818,192
29d70aa7-6755-439c-9404-094187556951,170812a6-cb38-4169-bec1-bbe2e86c6001,7946458.88383504,7946459.418213737,7946467.641460983,1775,200,0.5343786971643567,8.223247245885432,1760
ce3ce466-9ae1-41fc-84a7-abfc1e3d2f0d,861e29f7-4713-4676-b1bc-a4d3d62f4ef2,7946458.883837346,7946459.214803521,7946467.656126261,2984,200,0.33096617460250854,8.44132274016738,320
399df0ec-ea77-4a60-b326-af35ee873dc7,3e6c5d34-1386-4cd8-9374-9aa3862b99fd,7946458.883821309,7946459.195393342,7946467.853807492,3280,200,0.31157203298062086,8.658414150588214,192
234bae16-ff64-4084-8e5e-109d9fb26601,6bbc936c-c1b4-4a46-95c3-8ca43a9ad526,7946458.883843344,7946459.255934943,7946467.8724860605,878,200,0.372091599740088,8.616551117040217,176
d0c7e8bf-22b4-4101-9903-9065a0ef1817,4d91675e-bed6-4756-af92-49701ac0572f,7946459.883888207,7946460.68842949,7946468.275886155,6055,200,0.8045412823557854,7.58745666500181,176
b8c3575c-9870-4334-b4a9-c421b73bca40,cda35d87-8607-4ef3-a3a2-df474f3cb394,7946459.883875328,7946461.777790347,7946468.3256436335,5856,200,1.8939150189980865,6.547853286378086,160
b27a2c17-e1fd-4bf8-9811-7e6919bd7648,2bcd60c1-5dcf-4f0a-b326-bf9af0b4c68c,7946460.883386864,7946461.1200624965,7946468.907153899,788,200,0.236675632186234,7.787091402336955,224
71731512-abf6-4c24-bd11-9e597bd5ab39,07c6cfe5-ddc2-4943-8c6c-6cb93009af4e,7946460.883396132,7946460.964019196,7946469.684408582,5810,200,0.08062306419014931,8.720389385707676,5776
e3cb69b9-d975-498c-b85e-ac609220a1be,af58fe18-5abf-4a30-a78b-73561c06d4f2,7946461.883896562,7946462.149377126,7946469.761288027,2438,200,0.2654805639758706,7.611910901032388,288
c2680e07-be68-4ee8-bc1b-77a60ae01ceb,47b6f51c-e139-4524-b0ed-2b8a71627474,7946461.883888273,7946462.6491182055,7946469.903026436,5919,200,0.7652299329638481,7.253908230923116,160
6a0199d4-4449-444b-a343-8ab59f9a18b4,3bdbe03e-f2c9-476d-be78-5845bc3d6cf8,7946461.883894318,7946463.286671581,7946469.928737174,5337,200,1.4027772629633546,6.64206559304148,192
b4eeb857-5259-4b56-95a6-cda9d395f991,ad3e5418-e180-424b-8b3f-a75453da1b2f,7946461.883880298,7946463.29116269,7946469.933662338,3045,200,1.4072823924943805,6.642499648034573,192
437e5dad-392c-4e13-bd71-665341d535e8,3babfc96-9c64-49b2-a24f-ac3cd1c177fc,7946461.883872828,7946463.686516781,7946470.373966995,1700,200,1.8026439528912306,6.687450213357806,192
8cc3fb91-e087-4edf-8878-570e42edb305,fda1a843-8c94-4359-a21c-7bd6444db827,7946461.883885649,7946462.055214842,7946470.930247436,825,200,0.17132919281721115,8.875032594427466,176
899d3cb1-95bd-443c-8c68-a0ff05221c2b,6aa47392-d059-41e1-b0df-daff049d420c,7946461.88388345,7946462.482803489,7946470.954853085,5966,200,0.5989200389012694,8.472049595788121,176
f1b3ffe8-fb6e-4278-a6e0-0c1b752aac3d,29c4b994-3de9-45d9-90a7-a713dda14155,7946461.883891507,7946463.12684286,7946471.219372372,5704,200,1.2429513530805707,8.092529512010515,176
60d21917-d615-40eb-8a52-35a2e0cc1b3a,e4dc0ced-f82e-4bf7-a8a7-2b3c0cd1ba02,7946461.883899297,7946463.904337273,7946471.869785865,1814,200,2.02043797634542,7.965448591858149,176
98cd8d6b-191e-4674-a021-a411aea3f80f,b4527815-5a94-4cdd-8d25-4cd8b6f2f33f,7946462.88359948,7946464.005046118,7946472.1598136,2421,200,1.1214466383680701,8.154767481610179,272
414785eb-07ab-44f6-8c72-39786384b43a,21dbf6ef-22d2-46e3-ac48-9cb8657506d9,7946462.883590626,7946464.588117762,7946472.18517109,4044,200,1.704527135938406,7.597053328529,192
1137f57a-025b-4340-ac4e-b522eafb9745,fb6d507d-694c-4402-9d45-f0e30b2ce003,7946462.883611064,7946464.584918007,7946472.182361886,1856,200,1.7013069428503513,7.597443878650665,192
008e59e9-3d57-47a0-b7e6-dcc6ab084d78,825675cb-f150-435a-a754-aa57988c056f,7946462.883619861,7946465.2056149645,7946472.207048705,5847,200,2.3219951037317514,7.001433740369976,176
ddded44e-27d6-4f3b-9e21-a3dcf092ff5d,6bef9240-78a1-482c-96d2-a89c97ba970c,7946462.88361377,7946465.806579358,7946472.227089157,3072,200,2.9229655880481005,6.420509799383581,16
daaf924a-6b8c-4215-8017-ce081da1b80b,8aa6063f-9cd1-4748-bc9a-78c44fd7370a,7946462.88362276,7946465.804192637,7946472.225269635,2020,200,2.920569877140224,6.421076998114586,288
01ac1c4a-77eb-4a1b-aa79-978ef463e920,b3f909ce-018e-4430-b0f6-b0dfbcd17eb4,7946463.883014092,7946466.421934461,7946472.249111499,5542,200,2.538920368999243,5.827177037484944,176
c88652c0-e98c-4282-a07e-28dfe99065b9,ec035cd5-4099-445f-80a6-d885e8148b75,7946463.883017668,7946466.421807703,7946472.24948804,2663,200,2.538790035061538,5.827680337242782,448
ba8906a7-c6b9-452e-ab53-f3cc7b7377a7,76fd2099-e109-465e-8f16-7a2d91ab32c8,7946464.883126246,7946466.859879253,7946472.173397585,5666,200,1.976753007620573,5.313518331386149,160
de532df7-ed3f-4284-9fc9-642524346f5c,bfd839f9-7891-4b73-8ec3-0ec4e6a3b69e,7946462.883605421,7946464.617040446,7946472.4378567105,2123,200,1.7334350254386663,7.820816264487803,176
534800b0-cbf3-4a01-bf8b-96e4d4ff13cd,48025e73-e03f-47a3-89fc-cb934ceacb18,7946462.88360265,7946464.6180159915,7946472.439911255,4273,200,1.7344133416190743,7.821895263157785,192
cb90daf7-2285-4a0a-af6f-1f0336830436,35c9b5dc-29e8-498f-9ad8-87fe22f17021,7946462.88361701,7946465.220300102,7946472.458805933,3231,200,2.3366830917075276,7.238505830988288,176
d5c6d7b8-334c-46c7-9e47-2da90dbb1183,231beffe-da58-4516-af27-1182589624ee,7946462.883608541,7946465.847869114,7946472.483803986,5466,200,2.964260572567582,6.63593487162143,192
db7d951f-8495-4bb2-8994-d60520ed47ad,fba72a56-cd36-4731-8af1-a04f79c5aabf,7946463.883005813,7946466.461797863,7946472.5073456215,3189,200,2.5787920504808426,6.045547758229077,720
274332cc-e750-4523-a3ba-1184e5d4f9a5,034fada1-6ff3-494e-9df1-8d72fa54e215,7946463.883024552,7946466.45792301,7946472.50383777,3252,200,2.574898458085954,6.045914759859443,160
f799ac18-0204-4590-b9a4-93e4bd7abcbf,51098ee2-2e33-44d0-9eb4-d67710b1b109,7946464.883116278,7946466.84625045,7946472.523843655,5589,200,1.96313417237252,5.67759320512414,224
cf324769-5b44-456e-8b39-21058e209f7b,0936669e-5c64-4f1d-ada6-04ce9a565d14,7946466.883102964,7946467.016927331,7946472.654776802,2543,200,0.13382436707615852,5.637849471531808,2528
d32033d3-40e5-452e-878f-f3297e2fadd6,55e477b8-0dcf-4b42-89d3-65961d992b09,7946463.883027606,7946464.195320344,7946474.200524779,2891,200,0.3122927378863096,10.005204435437918,160
6939daad-3995-472e-9dbf-2bf86e48a4f1,e5488a62-a6e0-4b98-a167-55ef476697ef,7946463.883021509,7946465.318001911,7946474.382983711,1867,200,1.4349804017692804,9.064981799572706,1728
d8b2a493-47cc-4f04-aac0-cc700c5456fa,fdda8363-a79c-4dff-b8a5-15f6be115142,7946463.883010707,7946465.320663702,7946474.386898865,3097,200,1.43765299487859,9.066235163249075,192
970ffaab-81c1-40fc-b896-06f83afd7370,a941116a-c518-4f7b-bc3c-311e10bec57b,7946463.882989655,7946465.322514943,7946474.388774167,1362,200,1.4395252875983715,9.06625922396779,176
2d65f08a-fe6e-4fcb-8d2f-e7ab21f8f222,5342e1c8-a17c-4fb4-a32a-4e55385954d2,7946464.88310313,7946465.790327818,7946474.410791817,6073,200,0.9072246877476573,8.62046399898827,160
faf72494-0879-439e-9d29-7a0df3fbad71,0bd71f2d-8ff1-4b8b-a899-9b785a451bbb,7946464.883123001,7946465.695050055,7946474.315707769,1704,200,0.8119270540773869,8.62065771408379,1600
d8d5c0b4-59bc-4e8e-ba85-f9d2f6cc5f0b,af71c602-f33a-4d04-89ea-432032173fac,7946464.883112671,7946465.284567571,7946474.453839177,1709,200,0.40145490039139986,9.16927160602063,160
4aed2c16-e2c2-4ad4-9a66-60f6fc6674cc,a4871c4c-a224-4639-acd0-b1eb78535047,7946464.883091665,7946467.700015024,7946474.989252772,5931,200,2.8169233594089746,7.289237747900188,224
379c0ef5-eeb9-4305-8ce0-dc46ecc4ae1e,bbea6a5c-8d47-4003-8b31-48aa9eb697ca,7946464.883109682,7946468.329299327,7946475.089674623,6534,200,3.4461896447464824,6.760375295765698,192
0f604ac9-3e42-4600-8689-3e9bf6fccdbc,2cba0280-e9ce-4e04-935e-d0af6820ee0e,7946464.883106528,7946468.330328064,7946475.091946929,5788,200,3.4472215361893177,6.76161886472255,176
7be885d8-9e65-48f1-902e-9adf199a8593,f67702ed-ffe8-4f1f-b79c-d71f9ba12c4f,7946464.883135932,7946468.852442131,7946475.454485509,1333,200,3.969306199811399,6.602043377235532,160
c676f1fd-91db-42c8-8426-d5e93c3348de,bd8eeb28-8ddb-4e89-a649-ed73109fdad4,7946464.883119127,7946468.855948059,7946475.458648266,5773,200,3.972828932106495,6.602700207382441,160
c36b9aa7-c2cf-4246-b94a-2ff72ff700ee,0de88066-b060-43c4-86e8-92b4ba42d652,7946466.883093557,7946468.950884661,7946475.553763742,1032,200,2.067791103385389,6.6028790809214115,192
7e8942c4-b6e6-4df7-8abc-2820dd72d49d,26f6e7fb-05d7-47ec-9c49-43b5ac7aed02,7946466.883106172,7946469.208683088,7946475.566507618,4252,200,2.3255769163370132,6.357824529521167,160
b0e92f86-4f4b-424b-9ef8-8c1d43377c37,3af3006f-2e77-4d23-9583-c5204d42ceb9,7946464.883132989,7946465.897722096,7946475.7083515795,1328,200,1.0145891075953841,9.810629483312368,176
a545b755-1e72-456c-ba80-114a41a866c9,7d83a754-194c-4131-be9f-21b4f40d2af1,7946464.883129848,7946465.899031866,7946475.709678322,5730,200,1.015902018174529,9.810646455734968,192
52a92d5a-b649-4ce0-9665-2fe4e315f6b8,76c6a94a-5b1b-4124-a8c1-7b783e5beb5f,7946465.883902514,7946466.649113989,7946476.852931367,6015,200,0.7652114750817418,10.20381737779826,176
94073ed6-d467-4065-a439-750257c49f3e,f5770a69-6314-4b67-99f3-00584ca9b14e,7946465.883906618,7946467.284554726,7946476.879100429,5875,200,1.4006481086835265,9.594545702449977,192
24c215e6-3a8e-4aa2-96e4-bd0a41088bc8,04c151c1-ee98-4835-b8ba-1681eccdd922,7946465.883913273,7946467.893722308,7946476.912860606,6382,200,2.0098090348765254,9.019138297997415,192
d07c74d7-33a1-45a5-b65d-1d54226a4eac,a63362d9-272f-48f7-9f11-fab613927024,7946465.883909772,7946467.894704804,7946476.914131005,1463,200,2.0107950316742063,9.019426201470196,176
10068894-fe46-4608-b4bc-32fe444b3494,8edd6727-c62e-4b6d-af6e-8918b8420add,7946465.883890985,7946468.474070327,7946476.934459106,3203,200,2.590179342776537,8.460388778708875,176
9ce1d0a0-d3e4-4876-906e-ff67e3d80bf7,937cee9f-d224-46a0-9ef8-5fe4ab699fbd,7946466.883079685,7946469.101082253,7946477.165466585,5776,200,2.218002567999065,8.064384331926703,160
020a8bff-c7ba-4f68-99e5-4038269ec044,f4aff892-842b-4e98-af4c-cfd1deacf96e,7946466.883090103,7946467.957013033,7946477.238812177,2176,200,1.0739229302853346,9.281799144111574,288
56352121-8702-4087-b941-d87dd1ebdd92,58843bbc-fa60-4c1f-af2c-099aaaad1548,7946466.883096578,7946468.544177001,7946477.263661294,2134,200,1.6610804237425327,8.719484292902052,176
a91fab29-52a4-4c10-a054-f56042481f0e,22b227dd-da9d-4799-b7e8-7aeb1547af5e,7946467.886229301,7946469.539555479,7946477.309662158,2779,200,1.653326177969575,7.770106678828597,176
d5684d56-890b-493b-8b7b-16ea3d0acbae,a2d50e13-b70d-4fc7-ae7b-c9da9cadaf6a,7946469.883349045,7946470.872632393,7946477.741088836,5745,200,0.9892833475023508,6.86845644377172,224
733c0b1b-9589-4f63-bc13-3aa1824b0420,bd2ab0e4-b415-4560-8ada-17cafd1ace98,7946466.883099366,7946469.690382064,7946477.76038368,1485,200,2.807282698340714,8.07000161614269,176
f69f8a58-fc33-4df3-b519-e7e3d1621826,1ba8fcf4-b3c2-4320-a37d-806f78c0ae0a,7946469.883355388,7946470.986579233,7946477.76385887,4066,200,1.1032238444313407,6.777279636822641,176
f3891711-28a1-47ee-a988-9dbd94cd84b5,78d7f456-01c1-4f3b-87e0-11b338250aee,7946470.8836135,7946471.571679211,7946477.780576854,1413,200,0.6880657114088535,6.208897642791271,176
3ee3fab9-9696-4e3c-8e09-6f213443ae54,af106407-ea10-4304-a36e-a9f2fe57ec32,7946467.886216301,7946468.101195365,7946477.90925077,2650,200,0.2149790646508336,9.808055404573679,832
f0e87c26-67a8-4ea8-82e9-a179660d616c,940160ec-0bfb-4ebc-ac97-abf254489499,7946467.886223786,7946468.454381444,7946478.208792862,6396,200,0.5681576579809189,9.754411417990923,192
f0920dad-71c7-401b-ba18-f4f6bfe109b6,fa60773d-c882-463b-8316-07d4c895e992,7946467.886226796,7946468.399008522,7946479.147927801,6052,200,0.5127817261964083,10.748919279314578,192
be52266c-ebd4-4f85-a0c2-0215d731e66c,8201882b-3c83-4a5b-b140-7a5572375d5a,7946467.88623156,7946468.249316222,7946479.156299075,4216,200,0.3630846617743373,10.906982853077352,160
f66c5d36-9102-464f-8aa4-2f64ad167f27,6c9f1413-e467-4d64-be9e-c1beccfa7d1a,7946469.883358375,7946470.105567409,7946479.591597522,2164,200,0.22220903355628252,9.486030112951994,224
61e97b6e-7680-4a59-b9fb-609e4e427859,8f859b06-32e8-473b-8002-142e58a5ff49,7946468.883165905,7946470.226037646,7946480.223872792,6524,200,1.3428717404603958,9.997835146263242,192
d9955d19-3b47-4f04-b914-04b2955361ae,89984c0f-ab73-4aa4-b3b8-e96bb2c0c5b1,7946470.883601491,7946471.944028974,7946480.295793432,2912,200,1.060427482239902,8.351764458231628,160
51982ced-53e2-442b-b3cb-c3f8e38aa92b,ad505044-0649-4c84-9a66-a33049893e40,7946470.883621724,7946472.005234871,7946480.314086926,5867,200,1.121613146737218,8.308852055110037,192
a2c669bb-74fa-459b-87e5-03c77d000d04,c0dbd0bd-4010-4779-815e-795e06cc171a,7946471.883154996,7946472.60298279,7946480.347144814,4952,200,0.719827794469893,7.744162023998797,192
a67c5cf4-00f9-443d-a9ef-ee2b9d20ce50,d1a58fee-2699-4cde-8dec-5a26bda64889,7946469.883338263,7946470.273130916,7946480.828459989,4125,200,0.3897926528006792,10.555329073220491,192
b0b812e2-cb2c-4e39-baf8-6f31bfe2e0ea,c0e3d991-e188-4f78-8b8e-5dd01a6f8850,7946469.883345055,7946470.929721294,7946480.855950276,2549,200,1.0463762385770679,9.926228982396424,320
c7ca3085-9fd3-4d16-988c-b0908967ebec,a97b3419-50d1-4d99-ba18-6269343a8188,7946470.883610277,7946471.846258858,7946480.935785469,5074,200,0.9626485807821155,9.089526610448956,160
86e8b5ba-9c31-4f3e-a519-630a3fdb809a,912b0536-5057-493f-9682-008d1775213c,7946470.883597896,7946471.062647188,7946481.400840494,1057,200,0.17904929164797068,10.338193305768073,176
894a9806-92ad-45f6-92c6-b67f289a701f,861e29f7-4713-4676-b1bc-a4d3d62f4ef2,7946470.883607356,7946471.149962549,7946481.565359836,2984,200,0.26635519322007895,10.415397287346423,2976
b361b9ff-4246-488b-ad31-5f567d3951dd,f1ecd1ef-d78f-4c9f-9a85-929421dfd70e,7946470.883619232,7946471.038124109,7946481.751021113,1055,200,0.15450487658381462,10.712897004559636,176
e34232ac-7c2a-4e4b-9f4a-f3d5202c2a1d,afc8c001-a5de-441c-928c-72f0289bc099,7946469.883341883,7946471.6504443595,7946481.908868473,986,200,1.767102476209402,10.258424113504589,160
ee2c0fbd-9a7c-4ba5-8130-070f5119347a,d6ffa9d6-2f92-432f-a7e0-2110ea985d38,7946469.883328924,7946471.652646547,7946481.911140207,5847,200,1.7693176232278347,10.258493660017848,176
750dcec6-3413-4749-b934-866b6d9721bd,25764557-8d50-4bc3-8d58-ccb7ee44ac5a,7946471.883169283,7946472.190616091,7946481.914531184,2892,200,0.30744680762290955,9.723915093578398,224
1592091e-41b9-4c75-9024-7d76b081eb59,c5ee0dcb-4f4d-49c2-8f2a-ab8151ec8f48,7946469.883352076,7946472.960408879,7946481.95154923,5838,200,3.077056803740561,8.991140350699425,176
880140d2-af20-42f9-a7b4-fd7fea03042b,6438b31e-b086-495f-8c72-0c6603de3583,7946470.883604336,7946473.56433256,7946481.976292335,954,200,2.680728224106133,8.411959775723517,192
4e7c6ab3-e42f-4623-9033-48a783c3cf58,f80ec396-9940-4eaa-b11a-e3113ee20829,7946471.883172477,7946473.988222015,7946481.997413971,5917,200,2.105049538426101,8.009191956371069,192
577a06f1-21ff-4a04-9213-b1291f5ed815,8276d4d4-43b8-49da-ae7f-7e654ef83e88,7946470.88358696,7946471.595022145,7946482.270401953,5786,200,0.7114351848140359,10.675379808060825,224
1f9be279-a2c7-4de2-b3fe-370e5e45cb3c,aeb913ad-d459-4fbd-906a-cf6ac2bb3fd1,7946470.883616334,7946471.848663962,7946482.292998134,5645,200,0.9650476286187768,10.444334171712399,224
5324482f-f880-4052-aa79-f572397cc68d,dc8da506-377a-47db-b74b-fa65c921225f,7946471.883166342,7946472.4142300235,7946482.454232314,6007,200,0.5310636814683676,10.040002290159464,176
11576763-f5c6-4c4e-840c-b0abc8ef8934,d38bb58d-f195-4092-892e-2e293cc0ef73,7946471.883163117,7946472.015139067,7946482.467515225,1306,200,0.13197594974189997,10.452376157976687,1296
77a3943e-c845-49f1-9930-f32e43c73c49,4681109f-b6ac-4c2e-b51b-95fbb0ccf6fc,7946474.883095202,7946475.375433921,7946482.800629786,5486,200,0.4923387188464403,7.42519586533308,224
29c256d2-ebf3-419f-9b7d-bacde515bc24,41ebc82e-eb6d-418f-b73e-022fa300e998,7946472.883864896,7946474.330056765,7946483.633771485,5839,200,1.4461918687447906,9.303714719600976,160
32db0635-0fe1-4fb5-bf85-ad72ef61bcab,881cd439-cd62-4d96-be83-b9b80c159776,7946472.883874135,7946474.954167699,7946483.655223232,1828,200,2.070293564349413,8.701055532321334,176
93fe80fb-5856-487d-8c45-7145264d4fc6,cc69a023-c1c3-4dcc-9d6f-d347a10e1419,7946472.88389665,7946474.948572499,7946483.65256569,4977,200,2.064675848931074,8.70399319101125,176
9109ffbb-0347-4928-b96a-7b98a331f600,127f378e-d0dc-464e-a79a-fa7013197aab,7946472.883885908,7946475.541042498,7946483.676197522,5214,200,2.657156590372324,8.135155024006963,176
0ababf4b-1091-4639-a7db-5201f6d4ce4d,31a18d24-4d97-46f5-88d7-b218f1a9d035,7946472.883902074,7946475.5360838855,7946483.67289351,2670,200,2.652181811630726,8.13680962473154,176
ee7dc95e-7efc-44ef-a965-eca169830169,fc03dbf1-0de7-4854-9fc3-dbbc06937d77,7946472.883891141,7946476.161363784,7946483.697682698,5797,200,3.2774726431816816,7.5363189140334725,224
dfb3c483-f0b1-4b8c-8dcc-42baae54693a,ddf859b5-dde2-43b4-ac73-c5baf651f446,7946473.88337132,7946476.797952091,7946483.721925648,1661,200,2.9145807716995478,6.923973556607962,224
c1300ef1-2191-49d8-8a35-3c45374de690,c1b75d15-4b27-406d-967a-f255a4effcdf,7946472.883877494,7946473.943555003,7946483.726337024,5944,200,1.0596775086596608,9.78278202097863,176
0adac61e-e850-406a-a6e0-50d7655bb676,5c47871b-d8be-425a-92e0-3bc8f1070874,7946473.883390208,7946477.414149556,7946483.739356364,5811,200,3.5307593485340476,6.3252068078145385,192
ed220494-fd0e-426b-bae1-4ce47035d04b,a5a74f4e-963f-4aa1-b844-df4512abb1bf,7946472.883879784,7946474.528695718,7946483.750170997,4242,200,1.6448159348219633,9.221475278958678,192
4b52ede9-04af-4830-b721-2ed5c4658c43,1d752596-f454-4264-b645-3b61ae3e70bc,7946473.883396943,7946477.491210059,7946483.757221132,5731,200,3.6078131161630154,6.266011072322726,192
440dab3c-7fa7-49ff-8483-696b24f71b6f,5ef28ed9-d9ba-4069-8337-a1edc2905941,7946472.883899366,7946475.147115819,7946483.766437969,5865,200,2.2632164536044,8.61932215001434,224
19ffb159-1a50-4a0d-b187-df2e6382972d,dced35a2-1f71-49ea-a75d-eee733b63868,7946472.883883006,7946475.153563041,7946483.772030543,5786,200,2.269680035300553,8.618467501364648,160
1739de63-2252-4f79-83ee-7ea7853e06cc,cd915048-11fd-46b6-9dd8-c6d53337db9a,7946472.883893827,7946475.772941183,7946483.789988497,829,200,2.8890473563224077,8.017047313973308,288
815f15d6-1e80-4266-9262-750be0838eae,aa942eaa-fb40-4ee4-a6e1-593548ba0dbd,7946472.883888654,7946475.775183485,7946483.792127241,5928,200,2.891294830478728,8.016943756490946,192
475b61fc-5336-4965-9e65-c4bb1f9a4c76,113c9921-afda-4fc9-98dd-836eefa608b3,7946473.883404855,7946477.64108913,7946483.851745901,3320,200,3.757684275507927,6.210656770505011,176
4447644a-01b0-4d24-b5a6-78c25b7cac22,bc829e6b-bf7d-471a-b1e0-497440ccbb5a,7946473.883386494,7946477.647917519,7946483.858360793,5873,200,3.7645310256630182,6.210443274118006,176
31a9d0da-d11f-4d4d-9fd6-fb7bfb443aa6,b4527815-5a94-4cdd-8d25-4cd8b6f2f33f,7946474.88308862,7946477.789101015,7946483.876622159,2424,200,2.906012394465506,6.0875211441889405,480
7db156da-cfc7-4163-aad3-47562f36152f,0bf31ffa-4595-4d11-950e-5ea31165867e,7946473.883393395,7946474.592346866,7946484.267554448,5660,200,0.7089534709230065,9.675207582302392,192
ea1b0e5f-832d-4bb8-baba-518a98c6d2a6,8cb1914f-d8d8-4dc5-a5c1-41cb5213fa37,7946473.88338273,7946474.728426101,7946484.296863883,3519,200,0.845043370500207,9.568437782116234,176
b236f296-9544-486e-b900-48fb056c01dd,39f0db0a-82e8-429d-aa53-89c2802d7dac,7946473.88340054,7946474.7241322305,7946484.292848096,1336,200,0.8407316906377673,9.568715865723789,224
4fafaf7a-d274-4b0f-9e3b-0f5580c493bd,06bd9fe0-2b10-467b-8ee7-3de10fda9474,7946474.883077654,7946476.179566025,7946484.842674063,6082,200,1.2964883707463741,8.663108037784696,176
35785431-464a-4435-8269-f3aa5254464e,1848fdf1-36ea-4090-912e-01ff672d7b6e,7946474.88309198,7946476.178386248,7946484.844784622,429,200,1.2952942680567503,8.66639837436378,176
a7145d87-6b16-47a7-b746-6ca2224f66a6,0bd71f2d-8ff1-4b8b-a899-9b785a451bbb,7946476.883710638,7946477.419566023,7946484.920157732,1698,200,0.5358553854748607,7.500591709278524,1664
bb860196-dff4-4cdf-a8ba-0f8911e17589,c8b7ff65-cf0d-44ff-991e-2b8fd4458b22,7946475.883177309,7946477.62435812,7946485.215543665,4805,200,1.7411808110773563,7.591185544617474,176
dd108283-6db4-4d3b-a5b1-8c4ac7d8b496,4295c9d1-a245-45a2-ab2e-52b55d4bb49c,7946475.883183986,7946477.623213984,7946485.215947519,556,200,1.7400299981236458,7.592733534984291,160
94ad8aa6-c3f5-49ae-b306-b8250f56e8be,ebb1ca76-edc7-4fc1-baf1-d741d0a23195,7946475.883162324,7946477.626968274,7946485.219921639,5857,200,1.743805949576199,7.592953365296125,176
1f7f2b99-54ca-4a4c-82ab-0ded7e15478e,b2b28eea-494d-4c24-b6d8-00f553246d00,7946475.883173637,7946477.625884072,7946485.219377807,1858,200,1.7427104348316789,7.593493735417724,192
cb713374-ff15-4e24-907c-3d4df7ecd411,33ea6c12-64ad-418c-9fdf-8678e88b1bad,7946475.883180824,7946479.49505396,7946485.275697204,5991,200,3.6118731359019876,5.780643244273961,160
39fc68d4-0379-4f72-877e-cf9767c0a73d,a3dab01f-d1d0-4917-85cd-54cb085d56db,7946476.883716397,7946477.031228291,7946485.395708487,1172,200,0.1475118938833475,8.364480196498334,160
8f48c55a-e90a-4112-9659-0a6b33e1933b,57ff1918-00a6-4f1f-abf1-71b1dec34e08,7946476.883722393,7946477.224202624,7946485.416410411,2575,200,0.3404802307486534,8.192207787185907,256
38954a0b-b7a0-4f4e-a547-3967ecf69815,20a3f959-78cc-46c6-8962-31e21ecd5c4e,7946476.883719316,7946477.163371208,7946485.944914461,1606,200,0.2796518923714757,8.78154325298965,192
36a3249b-6192-4193-a950-2c964f5fdcba,e252d297-3d3f-4c5a-8afc-b644cb099865,7946478.883270878,7946480.540844003,7946486.4055111585,5887,200,1.6575731243938208,5.864667155779898,176
885f2b70-cb1c-4ab4-9725-97ba55fe532f,d3954709-3e90-4162-b807-366fedb25f30,7946478.883289017,7946481.141920554,7946486.424534163,2886,200,2.258631537668407,5.282613608986139,288
f3359594-478b-46d2-9738-f38f0aad6af6,11125870-5b26-45ea-8fba-47c68888a24c,7946479.883310601,7946481.145783609,7946486.429466629,3134,200,1.2624730076640844,5.283683020621538,224
7586eb66-2cff-46e1-aac7-beacaaef1399,dc042378-78ad-458d-b1a6-44be64014146,7946477.883374448,7946478.956601959,7946486.778012788,1774,200,1.0732275107875466,7.821410829201341,160
cdcbc143-86c1-449e-84d7-1808c615d715,c7982c70-c5d4-4b9d-9f05-ceacbb6c0ad6,7946477.883363575,7946478.957739216,7946486.779030104,2429,200,1.0743756415322423,7.821290887892246,192
5252cdec-dcbd-4de5-904d-fb0c152ac2c9,cb5f3703-6da0-4120-9adb-188860ebbdd5,7946477.883378352,7946478.956347711,7946486.781290301,2368,200,1.0729693593457341,7.824942589737475,192
b2daef6c-17b3-4ffc-bc2c-e2716a22869e,d77e7ed2-7184-47bd-9b19-385348298a61,7946478.883281853,7946481.413567533,7946486.861937139,2664,200,2.5302856797352433,5.448369606398046,160
708b4069-4a4f-4d96-9fa8-1c3cae8b57c3,a7fe60ad-86de-4de6-a1b1-c7f1fc1cb0c0,7946478.883285664,7946480.042316588,7946486.984839492,3689,200,1.1590309236198664,6.942522903904319,176
b54bc7f9-b73e-4b96-91a9-b8615a32090b,d6f8e477-f975-4444-a444-268c9c3561ab,7946479.883327185,7946480.658429804,7946486.996067487,5675,200,0.7751026190817356,6.337637682445347,176
79f5438a-2f2a-42ac-ad9c-7ca550c1e9e7,af58fe18-5abf-4a30-a78b-73561c06d4f2,7946481.883951144,7946483.217352664,7946487.923024554,2406,200,1.333401519805193,4.705671889707446,288
c134f518-a272-4c0d-b429-27cab57b3ec2,06057990-dadb-46c8-b104-17a913a4bdf0,7946481.88394327,7946482.584766044,7946487.925111416,671,200,0.7008227743208408,5.340345371514559,176
e595aea8-de2b-403c-8202-2fd3477aa869,977ac36b-bb7b-4aac-bf3e-938831af0d6d,7946481.883947727,7946482.584376169,7946487.924992286,5589,200,0.7004284420982003,5.340616116300225,272
cab4a031-238d-4843-95e2-34548d5c9df1,b1d48415-2679-4cdf-930c-839699995501,7946481.88393251,7946483.220719123,7946487.926760414,4405,200,1.336786612868309,4.706041290424764,176
9ef508d3-2e50-4380-b75c-105e132fd87c,e7ddf100-0645-4d83-9de1-cdfd98d12da1,7946478.883292422,7946479.304911857,7946488.006639302,4077,200,0.4216194348409772,8.701727445237339,176
df0593d2-aa4f-4215-83fd-d5d677b5c1cc,3797ba5d-fcc7-4791-8c86-0439e19be4b7,7946479.883324654,7946480.476340915,7946488.249825605,6100,200,0.5930162612348795,7.773484690114856,176
3a7cd4b3-b5fd-4c13-aee5-385bc17a70a2,e5488a62-a6e0-4b98-a167-55ef476697ef,7946479.883321417,7946479.97654293,7946489.290686278,1855,200,0.09322151355445385,9.314143347553909,1824
ccc96156-92a3-40f4-a408-29dbcc130ab9,8aa6063f-9cd1-4748-bc9a-78c44fd7370a,7946482.883679141,7946483.550067742,7946491.660731762,2028,200,0.666388601064682,8.110664019361138,16
93b4c049-6e11-4356-9966-2e690483c879,396067f9-cf14-4d86-bd9f-220abe7ead62,7946482.883694126,7946483.548401051,7946491.659485649,5950,200,0.6647069249302149,8.111084598116577,192
bc58bcc9-1c8f-405a-b2f4-ad4a929b8cc7,060f2ac7-a6fe-475c-862b-44d01526e2fe,7946482.883690285,7946484.177426456,7946491.680773683,3123,200,1.293736170977354,7.503347227349877,160
3b882d7b-2c7d-4bf8-9a3f-5ceccd3c50cd,f4aff892-842b-4e98-af4c-cfd1deacf96e,7946482.88369752,7946484.1753111,7946491.679557501,2179,200,1.2916135797277093,7.50424640160054,288
7a986a65-8de2-4c54-9a14-f73386fa7e4e,30971b06-21cb-430b-9b96-f4da653a673d,7946483.883373376,7946484.772191766,7946492.463929277,5915,200,0.8888183897361159,7.691737511195242,176
5936429a-ef0e-4238-a8a6-89ac378efa4e,42303959-8373-4fb5-b881-e39d2351d467,7946483.883380547,7946485.394135463,7946492.493310084,3988,200,1.5107549158856273,7.0991746205836535,192
ce12ab2a-0228-41c0-b74f-f0ed3294550a,83c43919-a2bc-41bd-8bf8-b7585910d60a,7946484.883358016,7946486.887872736,7946492.54866894,1421,200,2.0045147202908993,5.660796203650534,224
b5e15de9-ea25-4d91-bb03-a601978235fd,170812a6-cb38-4169-bec1-bbe2e86c6001,7946483.883365105,7946484.94896176,7946492.616843671,1831,200,1.065596655011177,7.667881910689175,320
dead3dae-f824-4897-85cc-282181b33d2a,cca96de9-6408-4913-ba55-66f765509f5d,7946483.883377122,7946484.947185992,7946492.618017402,1440,200,1.0638088705018163,7.670831409282982,160
74578bae-577b-474a-8060-d0fd645dc721,7dca581a-2e82-4ca0-bf23-35337ca94cc0,7946483.883384006,7946485.54929805,7946492.636445057,5884,200,1.6659140437841415,7.087147006765008,176
9a835831-a020-4c06-951b-9deb3575b9a6,cd915048-11fd-46b6-9dd8-c6d53337db9a,7946485.883092265,7946487.389025634,7946492.702005609,817,200,1.5059333695098758,5.312979974783957,784
1a13a6f8-e087-4e20-b245-01e231e6527c,b4c5b65e-b0b2-4149-a9a2-a49a11473845,7946484.883350623,7946486.033184687,7946494.574406579,5774,200,1.149834063835442,8.54122189246118,176
79c3bd88-8b7f-4d6b-8b7b-2d1d4fe0e87e,41705093-4c8c-4a90-99d2-ad3181aceb70,7946484.883339806,7946486.6362232305,7946494.59789429,5701,200,1.752883424051106,7.961671059951186,192
90563056-a3da-4c9e-8154-991d1c202c52,6ee396d8-db4c-4684-88ab-113b143832cd,7946484.883354576,7946487.267749347,7946494.619371074,5689,200,2.384394770488143,7.351621727459133,160
0cdda314-8f75-4afc-9aed-53f660119ae3,e252c7b2-268a-46f8-9aef-034d91473c0c,7946484.883361036,7946487.30643224,7946494.640436586,5936,200,2.423071203753352,7.33400434628129,160
d3f52306-b612-4ee6-8049-6e5f43de2de1,684c786a-badc-48de-b322-c0adb845e0af,7946487.884494901,7946488.719039064,7946495.792358091,1949,200,0.834544163197279,7.073319027200341,192
2a1d6a7b-debd-4963-91a6-023784724378,b5f8cc72-86b3-4d6e-97a0-b612ac47f05a,7946487.884508886,7946489.364625453,7946495.815971362,5950,200,1.4801165666431189,6.451345909386873,192
4cf61010-5476-4ff2-aa9e-e2a1b697ab77,a3dab01f-d1d0-4917-85cd-54cb085d56db,7946487.88452456,7946489.950561293,7946495.833767472,1333,200,2.0660367337986827,5.883206178434193,1152
af01269f-f607-4219-8807-0a1dbd5a3f09,19e245be-212e-4849-8f21-2c5fb9e6f9e4,7946487.884505923,7946489.955243364,7946495.839180186,1252,200,2.070737441070378,5.883936822414398,176
ff5a2499-3cdc-4129-a490-0ed028eed5e5,d566688b-c12f-4f43-a23a-91a9e9641df7,7946487.884511921,7946489.954081354,7946495.83828644,1989,200,2.069569433107972,5.884205086156726,224
861a0742-3b97-4351-b3e8-7846c943ea84,0b745e6f-d44a-48f9-a807-a21f2458356f,7946487.884514959,7946489.95370514,7946495.838428825,5887,200,2.0691901817917824,5.884723684750497,160
a9d51237-8ad2-4f5d-acbc-b0a0985d24d0,cefc6823-5ff4-4638-94ce-6bc5efae4bb7,7946487.884521446,7946489.952018122,7946495.836647568,665,200,2.0674966759979725,5.884629446081817,176
bbee92e7-552b-47ee-8fc9-f216750c3d13,25e05b43-67ce-4b7b-8e1a-a1867aa8c036,7946489.884601611,7946490.492107681,7946495.871780232,6029,200,0.6075060702860355,5.379672550596297,192
5680ddc3-0e8c-4bee-988b-e925a1dc7e52,d2d5bd84-b3bd-4a48-8157-0a1a9475ba55,7946486.883140596,7946487.800083519,7946495.941097641,2836,200,0.9169429233297706,8.141014122404158,160
a659d6a0-fb41-4896-a725-cc797a4840d2,d75fc6aa-3530-4026-a801-ef7d33d2f263,7946486.883168786,7946488.386393857,7946495.959073296,468,200,1.5032250713557005,7.572679438628256,192
c2873e4b-9b9a-4bac-a5d0-b1e74cf0034d,e32a076c-30ff-426f-bce8-121b072666e8,7946486.883162925,7946488.38845478,7946495.961626414,3411,200,1.5052918549627066,7.573171634227037,288
f58bde3a-68d1-44de-a3c1-315615e333c7,d4b57d15-884a-4f2d-89bf-cbd7ff0bfb90,7946486.883159897,7946488.389214446,7946495.962808738,3124,200,1.5060545485466719,7.573594292625785,224
9c80ea5f-0e47-40e5-8303-71fb6cb7e8ed,50255ca8-a7bc-49f9-aa44-a33caa66a0be,7946487.884541503,7946490.0011831485,7946496.027861872,5940,200,2.11664164531976,6.026678723283112,176
a0d155d4-e39e-4d91-af28-f77ef1913a06,12660cf2-26fe-4c78-a8b3-e603c06b965a,7946489.88453608,7946490.60637361,7946496.055121701,5889,200,0.721837529912591,5.448748091235757,160
badc5ad7-3485-4a3b-abe2-c905c9ed623b,e0f89448-f876-416b-8010-7e072a728504,7946485.883102582,7946487.658882225,7946496.119083914,5839,200,1.7757796430960298,8.460201689042151,160
84cda28a-70c8-4388-822a-d5eb2c5ba0bb,b25956a5-e9c7-45bc-bd5b-3553a68b6dc1,7946487.884544096,7946490.152421887,7946496.197932806,1813,200,2.2678777910768986,6.045510918833315,160
43eb21af-f848-4a4f-b875-e82604275572,53331c8b-4eec-428f-89e8-96e8338db919,7946487.884531374,7946490.155422616,7946496.201964329,5980,200,2.2708912417292595,6.046541713178158,160
e3470fe4-5b8d-4871-9f4f-44de659864f7,d1267d78-73ba-48bf-844a-30f28f4bac7c,7946489.884576527,7946490.796025534,7946496.222822482,5861,200,0.9114490067586303,5.426796947605908,176
58ace8ab-fc56-4143-a96a-545708dcd2b5,912b0536-5057-493f-9682-008d1775213c,7946489.884589841,7946490.794707954,7946496.222284347,1057,200,0.9101181132718921,5.427576392889023,1056
049912b9-411d-4d46-b0fa-cd3b4733a26e,eb47aef2-5af4-4ab2-9e3a-6321c91f6f64,7946488.883733546,7946490.802141282,7946496.229990051,5804,200,1.918407735414803,5.42784876935184,176
43926841-3cf3-412d-980b-06dd0f0f7582,af106407-ea10-4304-a36e-a9f2fe57ec32,7946486.883155628,7946488.0097183855,7946496.356609675,2648,200,1.1265627574175596,8.346891289576888,288
4592f93e-dd2e-428a-b89d-060f22d86224,2d04a413-22fe-4614-bb84-9ea52c8c3a73,7946486.883165951,7946488.584609093,7946496.380040821,5946,200,1.7014431422576308,7.795431727543473,160
70ff4424-3c86-40cf-9335-1eee1e5ba059,50844e5e-9277-49cc-b561-36669f0ad23e,7946486.883151555,7946489.194156232,7946496.403716969,3939,200,2.3110046768561006,7.209560737013817,192
f3e3cee2-d8da-4670-bf21-3e421ef88c34,f3a3a146-a735-459e-af58-d3d7626b4a21,7946486.88317196,7946489.190163592,7946496.402210155,6147,200,2.3069916320964694,7.212046562694013,192
f7306318-ffab-4d6f-a662-81d42a6ef344,7f03b1ba-06bc-47a2-be64-1a59fab8ce22,7946487.884534406,7946490.414930645,7946496.440342068,5782,200,2.5303962398320436,6.025411422364414,192
d38f4bed-361f-479f-b77e-c67e050ab751,c4d3dc38-186d-40b5-b82e-511fcca85150,7946489.884586499,7946490.980604009,7946496.462679997,3639,200,1.0960175096988678,5.482075988315046,192
451a6c23-7bff-48d3-8a37-568e7c786683,99f1f6df-a16f-4986-bef1-52e47aec378f,7946490.883833686,7946491.2671425985,7946496.485645009,3900,200,0.38330891262739897,5.218502410687506,160
2679fbd0-1646-4d61-89a4-87d38058a9ea,81505de9-db89-4e1a-8deb-0cfff5c3be97,7946487.884528235,7946488.93021607,7946497.521274008,1662,200,1.045687835663557,8.591057937592268,176
5cedc19f-7b6f-476a-a62b-68a9378ada19,f2c8fa8a-6fa2-439d-8757-8199060b169a,7946487.884537874,7946489.276585817,7946497.540480441,5234,200,1.392047943547368,8.263894624076784,176
7b307990-2385-47de-ad7b-ab1966dba2f6,0936669e-5c64-4f1d-ada6-04ce9a565d14,7946487.884518154,7946488.07104854,7946497.690577217,2543,200,0.1865303860977292,9.61952867731452,2528
da58c45e-3186-4ba7-b581-c34f26bb80c0,b8da1dd5-81ed-4005-bc7f-80a71f22ed71,7946489.884560165,7946490.35738229,7946498.094607859,5267,200,0.47282212506979704,7.737225568853319,176
9d5801a7-eed6-4bb1-aacf-096f95f4da77,e6f02cf2-63e2-47aa-88a9-85c903954750,7946491.883511874,7946492.409204283,7946498.824369082,3578,200,0.5256924089044333,6.415164799429476,160
78b77e7f-9bee-4fbe-bfc7-f451b5671ad2,9e580bae-2f35-4dfe-997c-4787138befb0,7946491.883518633,7946492.407031626,7946498.823126901,1943,200,0.5235129930078983,6.416095274500549,192
ed98e2db-edf7-4b9a-9e92-20a2de78acec,a2d50e13-b70d-4fc7-ae7b-c9da9cadaf6a,7946491.883508534,7946493.040040591,7946498.845916339,5733,200,1.1565320566296577,5.80587574839592,224
87a27559-e177-4179-9b7f-6bfe9387c187,f56eb112-09aa-410e-941f-40b32b5b1551,7946489.884607308,7946490.688730627,7946498.921222758,4361,200,0.8041233196854591,8.232492130249739,224
c2b84907-b213-40df-93bf-dc5b9ccb26cd,d38bb58d-f195-4092-892e-2e293cc0ef73,7946489.884595137,7946490.791667036,7946499.059269457,1306,200,0.9070718986913562,8.267602421343327,1296
693bbfcd-054d-40d0-ab87-c3b4f325ae75,6f4a7340-4bd4-446a-8cc1-2367016ee48c,7946489.884555659,7946490.797019507,7946499.064837047,5969,200,0.9124638475477695,8.267817540094256,192
22150941-4276-4f69-8c6b-56630d14aca9,c0dbd0bd-4010-4779-815e-795e06cc171a,7946490.883853023,7946491.145877626,7946499.180444058,4952,200,0.26202460285276175,8.034566432237625,4944
d6dba9b5-1a1c-4b26-b4cc-51d889ffcd2b,55e477b8-0dcf-4b42-89d3-65961d992b09,7946490.883855989,7946491.14503761,7946499.179848731,2879,200,0.2611816208809614,8.034811120480299,160
95ee21bd-3c5f-42c3-a1e4-831266d34cbd,8f981136-8343-4ee0-8adb-07bae5162d5b,7946489.884568662,7946490.482079766,7946499.33922189,5919,200,0.5975111033767462,8.857142124325037,192
39c7e9e6-4f6b-452d-8d12-e89f6a014fa6,f77b3e1a-28ab-448e-9c49-1437284550c7,7946490.88384929,7946491.439580674,7946500.170352915,1246,200,0.5557313840836287,8.730772241018713,224
28a71293-567c-4c60-b844-a9c9792f8122,43457d7f-b6c5-459b-ad04-d0f5e27a0f7c,7946491.883505405,7946492.517713823,7946500.241123385,2241,200,0.6342084184288979,7.723409561440349,288
e7208616-be56-4f22-bea6-c59f54021d83,c56b9229-6877-464d-915f-96351da897ef,7946491.883501529,7946492.518667741,7946500.242481372,4873,200,0.6351662119850516,7.723813631571829,224
8d95e7e9-a189-458d-94db-0b5d2e568cd0,be47ec66-79ab-4aa4-bbaf-d9fef785d9a0,7946491.883515427,7946493.1278526215,7946500.2612124765,1850,200,1.2443371945992112,7.133359855040908,160
c7f9213d-6a7d-474e-bdc7-613d80940ef8,08fd4f28-cfe4-49c1-85a7-0a1ca9c62bf4,7946491.883491006,7946493.132088612,7946500.265197975,813,200,1.2485976060852408,7.133109362795949,192
4f033cec-7f85-4a1c-94a5-1cdb349e9ddb,b38f7d51-ee06-41a2-897f-9594e9dfb054,7946493.883595118,7946494.388442995,7946500.714335467,5788,200,0.504847876727581,6.325892471708357,176
ed623079-55ee-461e-be42-9275ce256a40,e74245db-a56d-47ca-9c2a-8e63314d403e,7946493.88360148,7946494.246800885,7946501.394044682,3182,200,0.3631994044408202,7.147243797779083,160
4876593d-4ab7-46e3-ab58-7deb81df929d,27b28b59-8639-4edb-98d5-099555d9b2a6,7946493.883608111,7946494.1395414565,7946501.471355208,2089,200,0.25593334529548883,7.331813751719892,192
8c4f6cd6-8668-45c4-a1dd-47b9eec8eabe,b9b91956-d519-4e8c-ab83-8b3d59ff4c1e,7946492.883837794,7946494.220880921,7946501.527977734,5813,200,1.3370431270450354,7.307096812874079,176
2240fec7-5039-467d-9969-64e63e5abc3e,9f4a967c-69d5-46cb-a48b-7028ac8a0984,7946492.88385887,7946494.833083686,7946501.544006244,5008,200,1.949224816635251,6.710922557860613,176
71c4a53a-bd43-4095-9cfb-4079c041aef2,ea0112a1-5acd-4249-9207-038c80625b12,7946492.883851744,7946495.453151237,7946501.566701674,5939,200,2.56929949298501,6.113550436682999,176
92a89bd7-ad08-4493-9d11-74d8a1917f4e,e43607a6-bee1-4fdf-a0b4-8ea2245eecf1,7946492.8838418,7946495.455832372,7946501.571093538,1860,200,2.571990572847426,6.115261165425181,192
caa4b88c-9c30-484a-8236-d7205e2c4fbf,ccd8f2c3-44d3-41c4-91db-1ba4dc5f9701,7946493.883584272,7946496.66441174,7946501.610888629,2887,200,2.7808274682611227,4.946476888842881,192
a9516cad-d46c-4014-88ae-10c7935c9b2d,b4527815-5a94-4cdd-8d25-4cd8b6f2f33f,7946493.883598241,7946496.663261948,7946501.610432709,2413,200,2.7796637071296573,4.94717076048255,496
099f9d06-0bee-45c1-ab64-991a7d561855,a97b3419-50d1-4d99-ba18-6269343a8188,7946492.883848159,7946493.036025759,7946502.598931284,5237,200,0.15217760019004345,9.562905524857342,5056
d6ab1013-e909-4ab9-8ace-91fdae118f17,c47b88bc-8337-4fcb-bb63-b8c147f8261e,7946492.883825257,7946493.3889621105,7946502.796160227,5789,200,0.5051368530839682,9.407198116183281,192
fa3de781-3ea7-4c39-84ba-ac6003b4819e,8b3b7df3-f53b-4397-b9ae-1bd08411c732,7946492.883845102,7946494.010671549,7946502.816987576,5844,200,1.1268264465034008,8.806316027417779,176
c15f0792-41e9-4c00-a7b6-fcbec93cf4f1,8201882b-3c83-4a5b-b140-7a5572375d5a,7946492.883862012,7946495.241690244,7946502.857861972,4216,200,2.3578282315284014,7.616171728819609,160
d057bb7b-7e86-4e6c-8938-c7f8b5077328,90459a3b-3485-49f1-9ff4-20b06e66b7dc,7946492.883855405,7946495.243563685,7946502.860239115,5886,200,2.3597082793712616,7.616675429977477,160
3ef92c0e-3697-4468-a1dd-5fbc0ded4d92,4d91675e-bed6-4756-af92-49701ac0572f,7946493.883604501,7946496.467924837,7946502.9055288965,6044,200,2.584320335648954,6.4376040594652295,176
6723d9c6-c41f-4610-9a5a-c26c528909f7,7c3d9d5e-536a-4db4-bbf4-b05c9113f99d,7946494.883041138,7946495.725281687,7946502.964516064,2214,200,0.8422405496239662,7.239234376698732,224
ca0fcc3a-8762-4eaa-8f76-c8dd3ba022f1,f271ebe9-b215-4499-a991-8ff24c4302bb,7946494.883037626,7946495.728363049,7946502.967014961,3930,200,0.8453254234045744,7.238651911728084,176
bb8608da-472f-48ba-b49b-92b940fa4e46,0bd71f2d-8ff1-4b8b-a899-9b785a451bbb,7946494.883027011,7946496.34703413,7946502.988698683,1755,200,1.4640071196481586,6.641664552502334,1664
eb98aa26-1f36-4545-8e06-a7f1c746e167,06b96d78-d574-4242-88bf-812e4fb33e49,7946496.883789168,7946497.128075048,7946504.546288723,1779,200,0.24428588058799505,7.418213674798608,192
46cdd15c-dfad-4dea-a1e3-af3644467e70,41d7460a-e0a1-4300-9f40-37670c541e0c,7946496.883765824,7946497.135208283,7946504.551452568,1253,200,0.25144245848059654,7.416244285181165,288
12aadc3e-1e49-4ba6-bcd2-0183c2fdcec3,af106407-ea10-4304-a36e-a9f2fe57ec32,7946496.883783716,7946497.528170116,7946504.572153828,2638,200,0.6443864004686475,7.043983711861074,832
e5afac75-a091-4133-aabf-750af1523735,7b2e5dae-5d3e-413e-aa17-79e5e13971cb,7946495.883707903,7946497.782074959,7946505.90970816,5748,200,1.8983670556917787,8.127633200958371,192
b346209d-7d29-4580-8934-bf1485e669b7,47b6f51c-e139-4524-b0ed-2b8a71627474,7946495.883710081,7946497.781568534,7946505.909560505,5842,200,1.8978584529832006,8.127991971559823,160
f37a08ff-ff7f-4f19-b299-5612788dc2f7,27e00e2e-21f7-46b8-8008-d0a46fedbeee,7946495.883698863,7946497.78385127,7946505.911827701,954,200,1.900152406655252,8.127976431511343,288
bb018f2c-97d3-4e4b-86f8-f52325b0b9f1,8ccb7a9c-c0f2-430f-aa35-4054852335ef,7946495.883704738,7946498.413449814,7946505.942660286,3793,200,2.529745075851679,7.529210472479463,176
8afc1f00-7e67-440e-aa09-e5884436a33c,f7ee062d-4842-49dc-93fa-f6db64295351,7946495.883715628,7946498.411239553,7946505.94001315,5973,200,2.5275239255279303,7.528773596510291,176
5a523706-6b80-4af7-8a0c-e00b03716cf2,8c66f4b5-d213-4e99-89aa-3f646bb39a87,7946496.883776962,7946497.5483690025,7946506.291720096,6000,200,0.6645920407027006,8.743351093493402,176
e48b78dc-8dd7-4e77-9129-3ae80da71229,57ff1918-00a6-4f1f-abf1-71b1dec34e08,7946496.883786381,7946497.569608273,7946506.314622117,2636,200,0.6858218917623162,8.74501384422183,256
d73a267e-c4d0-468a-b1e7-4beca93851d4,00960d8d-92b2-47dd-a410-ce898eaf23c2,7946495.883712891,7946499.039385808,7946506.399767134,5865,200,3.1556729171425104,7.360381326638162,176
77094dda-f4b2-47af-bb7f-c79752b63c80,7e2e7623-9e79-4fcd-af36-959e2862cb05,7946496.883780555,7946497.972436122,7946506.4140150715,5696,200,1.0886555667966604,8.441578949801624,160
2dc232c2-9f65-49d6-a638-106ea3211af3,ce509adb-84cd-4828-852b-e10802b976ce,7946496.883792428,7946497.970040925,7946506.413158807,595,200,1.0862484965473413,8.44311788212508,224
e0cd942c-66f5-4d19-a4a2-6bce8442c104,05df5986-4b14-436d-8a7a-c4b26a4be8f5,7946497.884174806,7946499.201863801,7946506.455098582,3775,200,1.3176889950409532,7.253234781324863,176
15a031fc-9aab-4fe9-b355-dbb35f220a47,1e4cedf5-0c16-460d-a662-72daaa3cfb4d,7946497.884154819,7946499.205555623,7946506.459128602,5931,200,1.3214008044451475,7.253572979010642,192
edc77de0-3d23-42d4-9361-404b0ed50701,63dbcaa2-f60a-484e-98c0-24f6814d7556,7946497.884177739,7946499.807184567,7946506.477391332,2691,200,1.923006827943027,6.670206765644252,192
2f01d681-1aed-4983-b6d8-71f58b2713c3,e8a795ee-9f90-4976-894b-7318b1215e72,7946498.883323293,7946500.229433903,7946506.498441258,5567,200,1.3461106093600392,6.269007355906069,160
4824dfb8-e832-464b-88e1-a75c1f528f04,bd8eeb28-8ddb-4e89-a649-ed73109fdad4,7946499.883812525,7946500.835174794,7946506.519502938,5771,200,0.9513622689992189,5.6843281434848905,160
da847a40-4e8a-406e-be81-3ec900e348a8,7db323ee-7338-40ca-b957-d7f35acd4336,7946499.883825614,7946501.109598444,7946506.534531616,5901,200,1.2257728297263384,5.424933171831071,176
83608bcf-6c15-42f1-af62-5469fde1d77a,1944b4a9-25a6-481b-a8a6-9b9e9f4d0c67,7946497.884169047,7946498.64155223,7946506.653044337,5895,200,0.7573831835761666,8.011492107063532,224
6eed5f95-4165-4355-b2fb-9d2c309206a3,9b9edbc7-220b-4ac4-815e-b9209e973b09,7946497.884180913,7946499.007006788,7946506.675009292,5188,200,1.1228258749470115,7.668002503924072,608
80088afa-d1c3-404c-a007-438990827390,36072142-1340-4cca-b3ba-83f8c8f4afb5,7946497.884165812,7946498.979981266,7946506.783655754,6028,200,1.0958154536783695,7.803674488328397,176
53c47c0e-6edb-4289-b6e0-e2eea2a1cc15,20a3f730-0a4f-46a2-b2a5-1a67647b8fbe,7946497.884172237,7946499.584123748,7946506.806114196,5822,200,1.6999515118077397,7.221990447491407,192
47cde9ee-64f6-4140-96b3-0c0ed275a931,b0e0ac14-8af5-4799-bee0-183834e865d4,7946499.883819129,7946500.666053352,7946506.84807307,5809,200,0.7822342226281762,6.182019717991352,176
0627021b-0cf2-4a4d-849e-dc8a9140bb6d,bbea6a5c-8d47-4003-8b31-48aa9eb697ca,7946498.883317077,7946500.667021897,7946506.849526112,6696,200,1.7837048200890422,6.182504215277731,192
9676c0a5-e4c8-4a59-add9-039ba2676015,97baf3da-711b-4810-94f8-bd636b16cb9a,7946498.883303323,7946499.875583347,7946507.056515603,908,200,0.9922800241038203,7.180932256393135,160
c8a3882a-7e4b-425c-8e07-d55baf8539a3,cf4fae3f-b581-4c59-9fef-3738c46b3c2b,7946498.883313597,7946500.496372581,7946507.078364546,2277,200,1.6130589842796326,6.581991964951158,160
279ef534-5e35-4328-a2d0-eb8a42cdf77f,8aa6063f-9cd1-4748-bc9a-78c44fd7370a,7946499.883808838,7946501.095525744,7946507.099873136,2007,200,1.2117169061675668,6.004347391426563,400
e661c48d-ffd6-4bdf-856d-c2f9525ab6c8,afc8c001-a5de-441c-928c-72f0289bc099,7946498.883320208,7946501.094436265,7946507.099539583,1247,200,2.2111160568892956,6.005103318020701,160
4fd581d8-e676-4dba-8670-073f56a467c6,f4aff892-842b-4e98-af4c-cfd1deacf96e,7946499.883798119,7946501.133067799,7946507.119245942,2171,200,1.249269680120051,5.986178142949939,416
d22a91e0-d496-4d2d-99da-8ac734d88ce2,29c4b994-3de9-45d9-90a7-a713dda14155,7946499.883815527,7946500.383141956,7946507.634299887,5704,200,0.4993264293298125,7.251157931052148,176
c9ffd871-3700-47d6-92dd-9139d08e0979,af58fe18-5abf-4a30-a78b-73561c06d4f2,7946499.883828851,7946500.124173068,7946508.586983698,2405,200,0.2403442170470953,8.462810629978776,288
f11c7d3c-5a98-4146-822f-8f3324ddb70f,170812a6-cb38-4169-bec1-bbe2e86c6001,7946500.88302631,7946500.967423687,7946508.935769653,1831,200,0.08439737651497126,7.9683459661901,1824
86da6c37-44a6-414c-8000-a3a5147c38a2,2cf6c4f8-2bdc-4486-969c-3bbcd7e36b59,7946500.883043952,7946501.126870611,7946509.09508365,2283,200,0.2438266584649682,7.968213039450347,192
1685276d-d577-4b51-9b98-30cc1cfa2db4,eaba400f-f029-457a-b05a-0a6f98a6ec83,7946499.883822513,7946500.984582193,7946509.172108715,2618,200,1.1007596803829074,8.18752652220428,192
595c7e5b-2354-43a1-96e9-3a16e0e674b1,169b543e-8c75-4952-9e23-705f71128139,7946500.883036209,7946501.686304232,7946509.6348777665,1378,200,0.8032680228352547,7.948573534376919,192
5281649a-f633-4891-bd11-e79b70a39624,ed0ec45f-0834-450d-974e-6c8a7ef11d0e,7946500.883040265,7946501.685412012,7946509.634608504,1486,200,0.8023717468604445,7.949196492321789,160
28352df4-91b6-4c86-b441-d14ea7579e9e,21dbf6ef-22d2-46e3-ac48-9cb8657506d9,7946501.883340578,7946503.246086401,7946510.091321174,4233,200,1.3627458233386278,6.845234773121774,192
24831742-dafc-47d3-85f3-e66431b760c3,01bf6cef-c97b-4d6f-8ae2-8102bf0f9a79,7946501.883337384,7946503.875320736,7946510.113053382,5913,200,1.9919833522289991,6.23773264605552,224
06bbafac-f1d2-411c-844b-2035a5d9ab2a,4ea323b6-3ea0-43fc-b190-c775d192ad29,7946501.88334758,7946505.080315509,7946510.150368978,915,200,3.1969679286703467,5.070053469389677,160
69118a10-a26f-4e6c-8fdd-8b39d60aafc2,bd3ab7eb-0595-4c3a-b717-f9c55e72b6cc,7946501.883344208,7946505.081272786,7946510.1525467,3411,200,3.1979285776615143,5.071273914538324,224
a83d7441-f936-4b4e-9e67-1bc568459462,5c310efb-bfc5-46d7-97ea-542167b82029,7946501.88332684,7946505.559668505,7946510.172585339,2758,200,3.6763416649773717,4.612916834652424,288
87b1a48c-1e38-49e5-adce-d747b1478b6c,4295c9d1-a245-45a2-ab2e-52b55d4bb49c,7946502.883184646,7946503.396062144,7946511.80024666,544,200,0.5128774978220463,8.404184515587986,160
f2551ca5-9f94-4946-b001-7d8a646efd33,6205a7d7-30c6-4588-aae4-93bd8a23b6d5,7946503.883705753,7946505.2154266555,7946511.864594636,3305,200,1.3317209025844932,6.649167980067432,160
b38cdc55-dae7-4a9b-a8d5-96768f9ea346,795cc20d-671d-410c-bce2-c55dbac8dc37,7946503.88370871,7946505.826497063,7946511.88761973,5898,200,1.942788353189826,6.061122667044401,192
b4630de1-969f-4997-8c35-797fb97418d4,c5eb325e-4501-406f-86a4-ccbdef7dd488,7946504.883254554,7946506.057146467,7946511.914415927,5745,200,1.1738919131457806,5.857269459404051,176
630230ea-198a-4b2c-b9a6-c6fd188be334,fa60773d-c882-463b-8316-07d4c895e992,7946505.883500473,7946506.491994284,7946511.941617096,6050,200,0.6084938114508986,5.4496228117495775,192
4919d8e3-c515-46d8-ab0d-1910210318c8,320cf5f0-a5c1-49b5-91a9-a20c3778432b,7946503.883699447,7946505.148147266,7946511.976549209,6075,200,1.264447819441557,6.8284019427374005,160
9bf0e949-d102-4e72-bc52-05940805ff54,4346426a-d1cf-4421-a05c-b8084161d1b8,7946503.88368729,7946505.750180588,7946511.997507733,1396,200,1.866493297740817,6.247327145189047,176
150699ed-22a4-4325-8837-e02e852e3b29,5c06298c-86e7-48f5-99ec-f360b1699941,7946503.883711765,7946505.745575517,7946511.993605518,5089,200,1.8618637528270483,6.2480300003662705,224
11febce9-8c3f-46db-a6b9-518037ba455a,5761bb36-4436-4d2d-b483-82492b5b7782,7946503.883702719,7946505.748492832,7946511.9970665155,2670,200,1.8647901136428118,6.248573683202267,192
c7b04d09-c433-4fad-a0b0-a87b10521560,0bd71f2d-8ff1-4b8b-a899-9b785a451bbb,7946506.883308019,7946506.975397195,7946512.591833212,1802,200,0.09208917617797852,5.616436017677188,1728
4d3ada72-10ae-4463-88f3-470963caec1a,ec035cd5-4099-445f-80a6-d885e8148b75,7946504.883262135,7946505.174705444,7946512.617377061,2580,200,0.29144330881536007,7.442671617493033,288
43c4d8af-e8a5-4e97-a751-9cf256b42184,6be13090-1fa6-466d-b960-d0765f22b5e4,7946504.883235672,7946506.182304403,7946512.940699181,5892,200,1.2990687312558293,6.758394777774811,160
3f404422-42f2-4bf4-af37-698692dc0f52,f3a3a146-a735-459e-af58-d3d7626b4a21,7946505.883511571,7946506.575363332,7946512.967126714,6147,200,0.6918517611920834,6.391763381659985,6144
6e14119d-2f55-4998-afb5-bf0c6cd60a6b,dced35a2-1f71-49ea-a75d-eee733b63868,7946504.883258409,7946505.375423943,7946513.212112155,5774,200,0.4921655338257551,7.836688212119043,160
d344dd99-f16b-4813-bfcc-69f1da518da1,43457d7f-b6c5-459b-ad04-d0f5e27a0f7c,7946504.883246629,7946505.107595367,7946513.389780581,2226,200,0.2243487387895584,8.282185213640332,288
4df04161-928d-4409-8c11-91db1ed90cd8,be87db14-1251-411b-a2d2-32b73d635bc4,7946505.883507783,7946506.164506838,7946513.741459009,3198,200,0.28099905513226986,7.576952171511948,160
31ca2416-3e2f-4c9f-9845-b36e4cb9416b,d75fc6aa-3530-4026-a801-ef7d33d2f263,7946505.883504057,7946505.983385173,7946513.766300906,556,200,0.09988111536949873,7.782915733754635,432
a6e7c216-8ed1-44e0-a39c-4311778cf4b9,26f6e7fb-05d7-47ec-9c49-43b5ac7aed02,7946504.883250882,7946505.316044571,7946514.254638051,4411,200,0.4327936889603734,8.938593479804695,160
9bf5d2c6-1c0a-4e07-a6c1-11e4a6443c63,c04293c9-674a-4121-83b3-78d969e4af61,7946505.883489308,7946507.040735451,7946514.487049891,5388,200,1.1572461426258087,7.446314440108836,192
f8f8edc3-913f-4a60-a1ca-64d3f874ffcf,d38bb58d-f195-4092-892e-2e293cc0ef73,7946506.883300149,7946507.013296685,7946514.6685052635,1306,200,0.1299965362995863,7.655208578333259,1296
c22317e3-7673-4e8d-81a8-c71a9b4c8cd8,127f378e-d0dc-464e-a79a-fa7013197aab,7946507.883211189,7946508.604203747,7946515.512811506,5162,200,0.7209925577044487,6.908607759512961,176
6e44471c-fef2-4116-925f-0d2ad18fd666,160f36f5-505c-4cd0-b6cb-eb0b1a10aca0,7946507.883223365,7946509.254880688,7946515.533251967,5717,200,1.3716573230922222,6.278371279127896,224
5ec64a1b-d883-43cc-8aad-2d64c3c33673,461b8a8a-fc1a-4527-a296-04cb42ef41e8,7946508.883317761,7946510.401354319,7946515.574090432,3695,200,1.5180365582928061,5.172736112959683,224
f1a3540f-81bd-45c7-8a3f-31b6b7d31a19,f5770a69-6314-4b67-99f3-00584ca9b14e,7946506.883304254,7946508.606632864,7946515.694273962,5946,200,1.7233286099508405,7.087641097605228,192
ad0ab314-d526-4848-ac42-4a349ae94d0f,dc8da506-377a-47db-b74b-fa65c921225f,7946506.88331157,7946509.219444884,7946515.716466656,6032,200,2.336133314296603,6.497021771967411,192
f12f5df0-04a0-417d-a2f1-05450a8d8edb,dec5032f-5640-4adb-8120-132fbe0e8a7b,7946508.883303504,7946509.783989933,7946515.73893057,2332,200,0.9006864288821816,5.954940636642277,288
b1c93f77-82d6-40a4-8aaf-33f413e6a504,af71c602-f33a-4d04-89ea-432032173fac,7946507.883226709,7946509.783839313,7946515.740587691,1946,200,1.9006126038730145,5.956748377531767,176
c181711a-b5c0-4732-a188-e9318d89d6d6,a8a2d01f-9110-456c-8e18-340da89f329e,7946507.883230904,7946508.407247996,7946516.008580315,1919,200,0.5240170918405056,7.601332318969071,192
88e4e274-c6f7-4a6b-be03-38ac9082108f,19500c45-30d4-49de-bfa4-2268492645cd,7946506.883290018,7946507.410345184,7946516.242122722,4693,200,0.5270551657304168,8.8317775381729,160
5a9544d6-b619-476c-80ef-be6cf1f5b6c5,e5488a62-a6e0-4b98-a167-55ef476697ef,7946506.883314836,7946507.40697026,7946516.23900921,1992,200,0.5236554238945246,8.832038950175047,192
ae086297-1d45-4046-baad-1e94cf22ac09,41705093-4c8c-4a90-99d2-ad3181aceb70,7946507.883234313,7946508.046462854,7946516.381249386,5701,200,0.16322854161262512,8.33478653151542,5696
c1f89a04-8737-45d8-961b-42c5e7dc84f3,d3326a24-2cfe-423c-b12e-a234f3b6df37,7946508.883310642,7946509.983483443,7946516.526703387,5851,200,1.1001728009432554,6.543219943530858,160
51f1b552-1ca5-40b2-b5b2-e4de238c4163,16ee1f98-70d1-4f25-b592-1d867d4d1193,7946508.883307393,7946509.992941296,7946516.709359796,4897,200,1.1096339030191302,6.716418500058353,176
c3509d6c-d8d7-4eca-ad45-6d61902061ac,c0dbd0bd-4010-4779-815e-795e06cc171a,7946508.883291799,7946508.990530514,7946517.248351354,4952,200,0.10723871551454067,8.257820839993656,4944
23a6af30-8431-4f42-96af-6901a8fe73de,7d83a754-194c-4131-be9f-21b4f40d2af1,7946508.883314446,7946509.70144016,7946518.428407512,5730,200,0.8181257145479321,8.72696735151112,192
b923b6a0-5aa5-4e7d-9780-0b932428828e,fba72a56-cd36-4731-8af1-a04f79c5aabf,7946509.886523854,7946510.573363772,7946518.47860837,3397,200,0.6868399176746607,7.9052445981651545,192
b855145b-0b98-48ef-9eb5-f43972a62a54,d200f713-d4e3-48fd-85a8-eb68048a1bd1,7946509.886534179,7946510.427105507,7946518.949817942,5916,200,0.5405713282525539,8.52271243557334,176
6d40ab6b-8b4b-4cf1-b231-1d1e15b815e5,04c151c1-ee98-4835-b8ba-1681eccdd922,7946510.883191639,7946511.977810261,7946519.642973994,6407,200,1.094618622213602,7.665163733065128,192
3b9d2ab2-7e1f-485c-803e-2e53bfdd2821,2ecf4198-da61-4895-86d2-4df5804f97cf,7946510.883201948,7946512.573929535,7946519.664574169,5906,200,1.6907275868579745,7.09064463339746,160
541a54e0-8a9c-42ce-860c-40571133e740,034fada1-6ff3-494e-9df1-8d72fa54e215,7946510.883205109,7946512.573390683,7946519.664826153,3319,200,1.6901855738833547,7.091435469686985,160
ca111316-f0dc-40bd-a14a-572593242d84,3ee16a31-eef8-4342-9c4e-7c45a1871994,7946510.883207868,7946513.199300473,7946519.684656599,1790,200,2.3160926047712564,6.485356125980616,192
9a1e604c-86bb-4a07-99ab-7a081c542c6f,a0029e44-bbfc-40dd-aa13-4c3bc41def2e,7946512.883247932,7946514.419916716,7946519.725172198,1946,200,1.5366687839850783,5.30525548197329,160
78736dff-d56c-408d-bf9a-85872ec2ccf7,d1aebabe-6add-434e-8599-d63b95b83ad3,7946512.883259793,7946514.444277371,7946519.7402652865,2977,200,1.5610175784677267,5.295987915247679,224
a14598fe-1c5c-47f8-bebe-71f516778669,20a3f959-78cc-46c6-8962-31e21ecd5c4e,7946511.883105074,7946513.204954293,7946520.2270874875,1606,200,1.321849218569696,7.0221331948414445,192
d0341009-d38e-42ad-9aad-a8a074abd630,0936669e-5c64-4f1d-ada6-04ce9a565d14,7946511.883107625,7946513.813225258,7946520.2490602285,2544,200,1.9301176331937313,6.4358349703252316,288
750fad08-6665-4341-a377-ef14a18f2beb,6769e696-2581-4f98-b1bd-a92e8911c925,7946511.883101793,7946513.814142169,7946520.25094063,5927,200,1.9310403764247894,6.436798460781574,464
396fb6d2-34bc-478b-8be2-1035cd441897,06bd9fe0-2b10-467b-8ee7-3de10fda9474,7946511.883093932,7946514.433652683,7946520.271514434,6070,200,2.550558751448989,5.837861751206219,176
52393a88-be6e-4286-8734-707516f51399,a4bf666e-08c0-432d-b95f-de037f8142af,7946511.883109796,7946515.040142846,7946520.2876086105,5886,200,3.1570330504328012,5.247465764172375,192
118e9900-99a6-44f7-8c4e-fc3e5c85b38b,a2172bc1-ab2e-4a70-b741-9a6cc8abbdee,7946512.883254953,7946515.038950443,7946520.287358444,2832,200,2.155695490539074,5.248408000916243,160
dc1a50a0-77b9-4261-bd78-4cef41f48baa,dcc8b99b-cc01-4910-9253-2bf89c553910,7946513.883658736,7946514.122462016,7946521.531304822,2450,200,0.23880327958613634,7.408842806704342,176
529f6175-dc68-4b40-985a-be8b0102a381,68e71f54-23d1-4536-bcb8-b9ff5adfe35b,7946512.883226512,7946514.349416019,7946521.619447675,5845,200,1.466189507395029,7.270031655207276,224
2d132472-e027-47a6-b7e2-42c046c02213,5efef79a-109b-4a9d-bb65-6cd95942cd81,7946512.883240181,7946514.348571403,7946521.619551274,5837,200,1.4653312219306827,7.270979871042073,192
99cd6a7d-ba36-43ad-96de-01beb9611f3f,109911a5-9e24-4bdc-95c0-fd2a56571c91,7946512.883244564,7946515.573691382,7946521.659964496,5954,200,2.6904468182474375,6.086273114196956,176
252d6c3e-4791-40f9-9de8-eb0cceb3a7e1,70da4a8b-eece-46eb-8b9e-2f1c28b4f670,7946512.883251806,7946515.572557012,7946521.659126065,3890,200,2.6893052058294415,6.086569053120911,1024
8d1d11f4-8898-4f43-9a22-4f406f3598b2,af106407-ea10-4304-a36e-a9f2fe57ec32,7946514.883324865,7946515.089554883,7946521.855226726,2626,200,0.20623001735657454,6.765671843662858,832
a02173b4-5ed2-4e40-b9de-f39bbd5cbc0b,4ac57aef-73b0-4d1e-900c-4a6b79a7c0bd,7946514.883327376,7946515.375710524,7946522.466772254,5753,200,0.49238314758986235,7.091061729937792,224
38cafccd-4a1f-426a-8eb6-68108a831902,afc8c001-a5de-441c-928c-72f0289bc099,7946514.883330804,7946514.980370387,7946523.675138755,1413,200,0.09703958313912153,8.6947683673352,1216
d13dab2d-5b8e-41b3-bf18-936bb4aad2fc,07c6cfe5-ddc2-4943-8c6c-6cb93009af4e,7946514.883309658,7946516.186295044,7946524.648542514,5884,200,1.302985385991633,8.462247470393777,176
60d1eb27-250b-468d-b0f9-47fd79db6a7a,6bef9240-78a1-482c-96d2-a89c97ba970c,7946514.883322388,7946516.812110479,7946524.670124911,3037,200,1.9287880910560489,7.858014431782067,16
c917e8dd-c51d-4e43-bba0-aed337d95edb,240c36b4-8f22-4cfd-bfbb-90147dc774e6,7946514.883319158,7946516.812637081,7946524.670870886,6001,200,1.9293179232627153,7.8582338048145175,176
bf6bd11f-0cb3-4b18-a362-274e7b01f711,d3954709-3e90-4162-b807-366fedb25f30,7946515.883155274,7946517.619901946,7946525.526766928,2942,200,1.7367466716095805,7.906864982098341,288
02fdd568-f7a0-4b2e-b49b-9fa898b9e069,d21977be-6028-413b-90c1-07456af34fe1,7946515.883160482,7946518.2493747845,7946525.548000887,5909,200,2.366214302368462,7.298626102507114,192
7e302de4-598a-436e-990e-5fcdd29f46d5,cc69a023-c1c3-4dcc-9d6f-d347a10e1419,7946515.883166855,7946518.891626432,7946525.567827187,5157,200,3.008459576405585,6.67620075494051,176
9d37df15-6806-4479-87ed-f02340b5997b,e8a795ee-9f90-4976-894b-7318b1215e72,7946515.883142475,7946517.038101567,7946525.711092791,5567,200,1.1549590919166803,8.67299122363329,5552
860b8bc0-017b-41e1-a4a6-59cf67e32b43,940160ec-0bfb-4ebc-ac97-abf254489499,7946515.883158114,7946517.638047929,7946525.733126363,6450,200,1.7548898151144385,8.095078433863819,192
71d03d9c-478e-42ac-9bf5-7394c731700d,78d7f456-01c1-4f3b-87e0-11b338250aee,7946515.883163736,7946517.636520839,7946525.732240597,1575,200,1.7533571030944586,8.09571975748986,176
85312cea-6059-4864-b7d1-6f943855f449,d6f8e477-f975-4444-a444-268c9c3561ab,7946515.883151851,7946518.894269041,7946525.777741591,5901,200,3.0111171901226044,6.883472550660372,176
5bed7b99-b085-468c-9804-48ce2f8b2530,f4aff892-842b-4e98-af4c-cfd1deacf96e,7946516.883727651,7946518.064761583,7946526.516984305,2160,200,1.181033931672573,8.452222722582519,288
251cb165-6684-48d4-bd1a-428c1a0b4644,8ccb7a9c-c0f2-430f-aa35-4054852335ef,7946516.883724614,7946518.665308514,7946526.541541217,3793,200,1.7815838996320963,7.876232703216374,176
f56e3199-22f3-4c92-af16-c4184d69dc0a,ce509adb-84cd-4828-852b-e10802b976ce,7946518.883606594,7946518.98365053,7946526.598537745,595,200,0.10004393570125103,7.614887215197086,224
27ad6bab-5fd5-4f9c-8dc9-fa78a4be07d3,f93cf9d2-38b2-470c-ab49-c0cef71be9fc,7946517.883015506,7946520.368483742,7946526.610279305,4910,200,2.48546823579818,6.241795563139021,176
dea970af-08b4-4a2e-86f2-f4893ab93623,89984c0f-ab73-4aa4-b3b8-e96bb2c0c5b1,7946518.883612796,7946519.174836082,7946526.617833232,2713,200,0.2912232866510749,7.442997149191797,160
b83e892a-f998-47d5-a983-1af83af4c81f,a97b3419-50d1-4d99-ba18-6269343a8188,7946516.883716464,7946517.355245971,7946526.919279554,5447,200,0.4715295070782304,9.564033582806587,160
1f0692b7-d46f-4f96-88c0-18c779daa1ec,77c5fe55-dea3-47e3-9fa4-17d19b193453,7946518.883615574,7946519.382313264,7946527.519415607,5914,200,0.4986976897343993,8.137102343142033,192
c53177d4-795f-4e59-b96d-3cb889c073f8,f56f3534-c298-4487-a39f-16c483a04920,7946517.883029087,7946518.873093373,7946527.590492239,5385,200,0.9900642856955528,8.717398866079748,224
db347d4d-686b-4f4f-98a7-cd6b5218d394,e99f0ad9-ca51-4ebc-8462-fe9ebb8c761e,7946518.883588629,7946520.177890193,7946527.91289952,1223,200,1.294301563873887,7.735009327530861,176
5d001525-82c5-4209-9849-a0a727fb47bf,196b3ba3-fa8c-4255-8678-43251bc0da68,7946518.883599789,7946520.177758429,7946527.912698684,2041,200,1.2941586403176188,7.734940255060792,160
a66b88d9-1bc7-45c7-a45a-6d164468fb5d,a4705d3f-c9cc-472f-8323-bf9e4593e138,7946518.883603421,7946520.789873839,7946527.93569379,5676,200,1.9062704183161259,7.145819950848818,160
51fabba3-4079-41e3-b000-f0fec1d2e85a,8f859b06-32e8-473b-8002-142e58a5ff49,7946518.883618576,7946520.7837735405,7946527.929450881,6510,200,1.9001549640670419,7.145677340216935,192
95928a92-d176-47c3-8b0c-288d424f7cbb,fda1a843-8c94-4359-a21c-7bd6444db827,7946518.88360994,7946520.789476378,7946527.9346429175,825,200,1.9058664375916123,7.1451665395870805,176
d18d2825-b577-47e1-81bf-fa934ca12186,25764557-8d50-4bc3-8d58-ccb7ee44ac5a,7946519.883740284,7946520.963998203,7946528.1632503765,3058,200,1.0802579196169972,7.199252173304558,224
055963cd-065e-4b9a-9ea9-fde36312ddcd,b836c219-a933-4d49-bac8-ee5d287b5bfa,7946519.88375254,7946521.569043929,7946528.182115945,5880,200,1.685291389003396,6.613072016276419,192
be8724dc-52c4-488d-a0e4-bacdcdef47bc,1d752596-f454-4264-b645-3b61ae3e70bc,7946519.883748991,7946521.5697086705,7946528.182992658,5905,200,1.6859596790745854,6.613283987157047,192
0260fae3-0e43-4fb4-9fe5-6f00aeb1bafa,c0e3d991-e188-4f78-8b8e-5dd01a6f8850,7946519.883758511,7946522.171657952,7946528.201402058,2548,200,2.2878994401544333,6.029744106344879,256
69da8968-369e-4cd6-a456-2a65e214c915,170812a6-cb38-4169-bec1-bbe2e86c6001,7946520.883101312,7946522.1711517945,7946528.202084425,1831,200,1.2880504820495844,6.030932630412281,1824
d669e14a-b628-4d5d-a2cf-cd5528e050af,f5eeda52-a3dd-4697-9576-2fc81988d390,7946519.883755887,7946522.172948079,7946528.203832744,913,200,2.2891921922564507,6.03088466450572,160
46a2b349-96e3-470b-9c61-990bf26cbf45,8201882b-3c83-4a5b-b140-7a5572375d5a,7946520.883085745,7946522.945360157,7946528.523058482,4216,200,2.0622744113206863,5.577698325738311,160
997a8f43-2212-4239-976e-83076a32907d,7acfafc2-e8ac-45d6-9ad0-664cb87e4a6f,7946520.883089657,7946523.453345371,7946528.538569437,1353,200,2.570255714468658,5.085224065929651,224
b3f4c080-6491-4dfc-bbf5-c0511c11c92c,41ebc82e-eb6d-418f-b73e-022fa300e998,7946523.883326265,7946524.420849313,7946528.888655625,5839,200,0.5375230479985476,4.467806312255561,160
0908bfb7-fbd7-45d7-9b20-78de052c80a4,e5488a62-a6e0-4b98-a167-55ef476697ef,7946520.883073553,7946521.075486607,7946529.06835225,2112,200,0.19241305347532034,7.992865643464029,1952
0388cd7d-c78f-4e50-b087-fb7c66946939,19500c45-30d4-49de-bfa4-2268492645cd,7946520.883093599,7946521.073503726,7946529.067212107,4833,200,0.19041012693196535,7.993708380497992,4672
d0100e55-82d1-4c48-bad2-465058faf7ed,11125870-5b26-45ea-8fba-47c68888a24c,7946520.883097257,7946521.210982728,7946529.864993847,3394,200,0.3278854703530669,8.654011119157076,224
f3f14d2e-2fbf-4e00-a160-b364fba1dd98,5fc8ee29-b22f-416e-abed-d6f40dfce92a,7946521.883508672,7946523.263059008,7946530.476422782,1562,200,1.3795503359287977,7.213363774120808,176
0b9e1910-a5cc-4a5e-a18a-afc19895f62d,aa942eaa-fb40-4ee4-a6e1-593548ba0dbd,7946521.883498466,7946523.265942986,7946530.481530863,5938,200,1.3824445204809308,7.215587876737118,192
0c6580e7-f44b-411c-8af4-14bb9aa40da0,27e00e2e-21f7-46b8-8008-d0a46fedbeee,7946522.883475842,7946525.126707499,7946530.54498939,1006,200,2.243231656961143,5.418281891383231,288
7e6cb4ba-6d44-42cf-a29a-a275ce66aff5,6052704c-60c2-46b7-b067-f7d04009c56d,7946521.883511584,7946525.123216815,7946530.541792908,4116,200,3.239705231040716,5.418576092459261,192
3be8d051-d54c-4958-89e7-4873177f94e1,4681109f-b6ac-4c2e-b51b-95fbb0ccf6fc,7946523.883329643,7946524.664349778,7946530.547563258,5711,200,0.7810201346874237,5.883213480003178,224
87110925-05b2-4bf1-85c5-eeba285c277c,41705093-4c8c-4a90-99d2-ad3181aceb70,7946523.883309771,7946525.654766249,7946530.564672974,5701,200,1.7714564772322774,4.909906725399196,5696
238debcf-a826-410d-8700-c9fe0b367afe,34a35d00-5687-4c8e-8304-472e9b1eded2,7946521.883488631,7946522.961594077,7946530.756867109,4943,200,1.0781054459512234,7.795273032039404,160
f667221f-4fdc-42e7-ae58-60de1e8c9b9a,0fbeb8c1-5eda-4151-888d-51b66858f368,7946521.883502523,7946523.565514613,7946530.779204048,6241,200,1.6820120895281434,7.213689435273409,192
39058d62-7d1f-4ac1-9109-b987339a015e,d1a58fee-2699-4cde-8dec-5a26bda64889,7946522.883489777,7946524.172696221,7946530.799901304,4343,200,1.2892064433544874,6.627205083146691,192
97b52f07-d997-4598-bd3f-c38075757b56,af58fe18-5abf-4a30-a78b-73561c06d4f2,7946521.88350556,7946524.171531929,7946530.799813626,2405,200,2.2880263682454824,6.628281697630882,288
78cd7c8f-92ac-4724-8c0c-7500752abfc1,cd6b3eb9-5348-4696-990b-752ae3e2e1a3,7946523.883321433,7946524.964036003,7946530.835701684,6228,200,1.080714569427073,5.871665680781007,192
c8f5ed8e-a3a2-4c0e-99b6-45cb15aa9e22,861e29f7-4713-4676-b1bc-a4d3d62f4ef2,7946523.883289494,7946524.201672362,7946531.845194939,2984,200,0.31838286854326725,7.64352257642895,320
73073fa0-4cb4-4dd3-a857-cc084e5d4bbd,9f4a967c-69d5-46cb-a48b-7028ac8a0984,7946523.883315799,7946524.987380555,7946531.866869792,5193,200,1.1040647560730577,6.879489237442613,176
21bb3680-8079-4089-98f8-f184be710305,a0581530-c894-4f12-a948-e8caaa8163fe,7946524.883653711,7946525.514652265,7946532.730285614,5439,200,0.6309985546395183,7.215633348561823,160
d7b696e1-fbac-4dff-a7f6-ee116c460c52,2bcd60c1-5dcf-4f0a-b326-bf9af0b4c68c,7946524.883663562,7946526.149907616,7946532.748991961,979,200,1.2662440538406372,6.599084344692528,224
28be9ff2-1932-4ebf-83d2-3d3a6e8c3ea8,fdda8363-a79c-4dff-b8a5-15f6be115142,7946525.883766007,7946526.606459065,7946533.616204795,3265,200,0.7226930586621165,7.009745730087161,192
db2ce5c5-03fe-41d4-ac41-af7a7ec8dd71,3babfc96-9c64-49b2-a24f-ac3cd1c177fc,7946525.883770221,7946526.605482203,7946533.6157956645,1925,200,0.7217119820415974,7.010313461534679,192
53103313-2ba8-4ae3-973e-723771a65e00,2ae37bed-8d28-4e69-b69c-68eced6190e3,7946527.883147399,7946528.921552718,7946533.697933844,3999,200,1.0384053187444806,4.776381126604974,176
5e73ee14-3d3d-4d1b-a3a5-2060257815db,f67702ed-ffe8-4f1f-b79c-d71f9ba12c4f,7946525.883755294,7946526.762261503,7946533.725189892,1512,200,0.8785062097012997,6.9629283882677555,160
c11ecdc1-27b0-402c-a3b6-49e9acf9ec01,684c786a-badc-48de-b322-c0adb845e0af,7946525.883773773,7946526.760301984,7946533.724812586,2132,200,0.8765282109379768,6.964510601945221,192
2d384b61-af01-4b4e-aa5c-c5c065f3731b,0f8c6232-9728-4a2a-ab1b-6f99c58519e3,7946525.883776655,7946527.281019053,7946533.745366797,332,200,1.3972423980012536,6.464347743429244,192
b3263cdd-f69c-44e1-bb33-8f6dacd56b73,d60ad5cd-2dca-4130-b76f-5c9c8c2a027b,7946526.883841311,7946527.818253431,7946534.559533292,5703,200,0.934412119910121,6.74127986188978,176
b5e7dbb6-216e-4a72-b060-eaaf9fefd784,0038079c-2c93-4916-8603-2b199c276420,7946526.883837513,7946527.8202653965,7946534.56108777,1176,200,0.9364278838038445,6.740822373889387,160
7abb8540-be0c-4b95-a081-6e41cc544599,8aa6063f-9cd1-4748-bc9a-78c44fd7370a,7946527.883137413,7946528.894716588,7946534.604126221,1999,200,1.0115791745483875,5.709409632720053,288
f3a535dc-3fba-4a65-9360-fe2fcd76e71e,0bd71f2d-8ff1-4b8b-a899-9b785a451bbb,7946526.883844354,7946527.005556146,7946534.856192182,1866,200,0.1217117914929986,7.850636036135256,1776
822f2340-948b-48d6-9bf1-f93ff77eb2a5,5c06298c-86e7-48f5-99ec-f360b1699941,7946526.883826383,7946527.008736425,7946534.859243523,5089,200,0.12491004168987274,7.850507098250091,5056
bbf6fbfd-390a-4584-aff0-08dd7380bc5f,12968104-ad78-488d-a9b9-865ea70aa9e0,7946528.884487529,7946529.7130925795,7946535.957338679,3007,200,0.8286050502210855,6.24424609914422,176
19cbaec8-8d03-4f44-9573-e70c3111e41e,a72e8095-de78-490c-ab9e-c21369095279,7946528.884507651,7946529.710591216,7946535.955102909,525,200,0.8260835641995072,6.244511693716049,176
321c3814-45e0-4d2f-a04b-1ea9497bf765,8c43f4f9-7235-42cc-8288-4dc1f62734a9,7946527.883150345,7946528.794978485,7946536.176973681,5771,200,0.9118281407281756,7.381995195522904,224
5a3d12b7-bb4d-4652-aee4-43873a37b6fd,82acdce9-c99d-4257-a84a-5e179b892b53,7946529.883360859,7946531.457143997,7946536.738021349,5898,200,1.5737831378355622,5.280877351760864,224
e56b325d-c0f0-43c1-98ae-3c82a749d195,cda35d87-8607-4ef3-a3a2-df474f3cb394,7946529.883379383,7946531.453112875,7946536.734241074,5856,200,1.5697334920987487,5.281128198839724,160
1a61e0fa-f0cb-467f-9673-b0bec412cb99,ed4008e7-8fb2-4c86-98dd-bbd7d9a96ecf,7946528.884499753,7946529.988432682,7946537.677346523,6182,200,1.103932929225266,7.688913840800524,176
0a537321-d228-4052-b1ad-dd747744e16e,b25956a5-e9c7-45bc-bd5b-3553a68b6dc1,7946528.88450441,7946529.988000647,7946537.678386725,1813,200,1.1034962367266417,7.690386077389121,160
7e007f2d-2b6b-49f7-91f9-0e9e06650ccc,6ee396d8-db4c-4684-88ab-113b143832cd,7946529.883356399,7946531.7916811,7946537.7436852,5675,200,1.9083247007802129,5.9520041001960635,160
2ff81e01-5ecc-414f-b7f7-0f68d99e7990,6b44b6e7-0ae8-483a-b986-2de5bf8a3a9d,7946529.883372117,7946531.789180109,7946537.741776457,3685,200,1.9058079924434423,5.952596347779036,176
685a92dc-5c60-42ac-83a8-1ff5e03fe810,50255ca8-a7bc-49f9-aa44-a33caa66a0be,7946529.883375768,7946530.4121158505,7946537.7420002185,5933,200,0.5287400828674436,7.329884367994964,176
22947e51-cf9c-40c6-af8f-e12432428082,ce509adb-84cd-4828-852b-e10802b976ce,7946530.883697162,7946532.7213408295,7946537.780118886,595,200,1.8376436671242118,5.058778056874871,592
cf1a8fa6-0e17-4cc2-a28b-e05b62044bbb,1848fdf1-36ea-4090-912e-01ff672d7b6e,7946529.883368463,7946530.02020071,7946538.169722484,619,200,0.1368322465568781,8.149521774612367,176
da01ca65-1751-4405-bd3b-c06531347049,6438b31e-b086-495f-8c72-0c6603de3583,7946530.883694535,7946531.00494043,7946538.73712089,954,200,0.12124589458107948,7.732180460356176,192
faae2cb4-73c4-491d-adad-24dca44c4c74,21b9c278-5fd1-4a6c-80f1-483ff6605dad,7946530.883704055,7946531.57661162,7946538.756053191,2861,200,0.6929075652733445,7.179441570304334,224
9340a7a2-3ec1-435a-ad4e-735bbf18f5b8,410b157b-a47b-4817-885f-9f93e3439c49,7946530.883681243,7946531.581588573,7946538.761219572,3189,200,0.6979073295369744,7.179630999453366,192
27be61be-1bdb-4a5f-9ed2-1de20c462924,4346426a-d1cf-4421-a05c-b8084161d1b8,7946529.883345928,7946530.10563722,7946539.052184342,1560,200,0.22229129169136286,8.9465471226722,176
597f5e9e-cb9b-48ea-ab5f-5368116dfe7c,53331c8b-4eec-428f-89e8-96e8338db919,7946529.883364446,7946530.706868093,7946539.073457429,5852,200,0.8235036469995975,8.366589335724711,160
d9059067-ad9e-4572-99be-cff6910c7403,170812a6-cb38-4169-bec1-bbe2e86c6001,7946531.884690907,7946531.978605382,7946539.819158217,1890,200,0.09391447529196739,7.840552834793925,1824
dfb6647d-156e-4d80-a798-1da3e3ea61e2,51098ee2-2e33-44d0-9eb4-d67710b1b109,7946531.884687319,7946532.983133504,7946539.90022556,5589,200,1.0984461847692728,6.917092056013644,224
cdd54cc1-cac0-4690-8d21-de4352ee3939,90dca292-00d5-4d7c-b7ca-be3920741df0,7946530.883699506,7946531.97091976,7946540.424531036,5837,200,1.087220254354179,8.453611276112497,176
f01cac30-db61-4313-a3fd-2bb3012d0de8,c0dbd0bd-4010-4779-815e-795e06cc171a,7946530.883691286,7946531.972997822,7946540.427485881,4952,200,1.0893065361306071,8.45448805950582,4944
17d928ac-a169-4fa7-9ac5-8c105f9ef0c3,07664316-d6e1-41da-94de-93685a509c09,7946530.883701823,7946532.599565935,7946540.44690529,5803,200,1.7158641126006842,7.847339354455471,192
f1111b34-6c49-4936-b6b2-90e0dbda33af,034fada1-6ff3-494e-9df1-8d72fa54e215,7946531.884683367,7946533.81307627,7946540.491502905,3313,200,1.9283929029479623,6.678426635451615,160
6a8ff302-7523-4263-b4eb-c9e0a6d601c6,b0e0ac14-8af5-4799-bee0-183834e865d4,7946531.884673021,7946532.364612825,7946541.316783387,5809,200,0.47993980441242456,8.952170561999083,512
be63008c-8659-4c6a-8f7e-7ff0972209ac,dd24355c-c6d1-461a-b504-e7f6f058e87e,7946531.884693528,7946532.887778074,7946541.337151317,4730,200,1.003084545955062,8.449373243376613,224
