{"actual_qps": 5.309874727228034, "success_rate": 100.0, "input_tokens": 3862, "output_tokens": 198, "model": "QwQ-32B", "input_tokens_per_minute": 837133.2105068553, "output_tokens_per_minute": 43068.90991918152, "slo_seconds": 5.0, "slo_attainment": 0.0, "ttft_slo_ms": 1000, "ttft_slo_attainment": 2.3041474654377883, "tpot_slo_ms": 50, "tpot_slo_attainment": 11.981566820276496, "Latency": {"unit": "s", "min": 7.604212521997397, "p50": 19.0401981219984, "p90": 30.230660071202145, "p95": 30.54217399120098, "p99": 31.017724555157475, "max": 32.431394100000034}, "Throughput": {"unit": "tokens/s", "min": 4.342839660105448, "p50": 10.41797996047552, "p90": 16.061876942296266, "p95": 18.34882961093516, "p99": 20.070954866874317, "max": 26.30121125908065}, "TTFT": {"unit": "s", "min": 0.5438144400031888, "p50": 4.117827025002043, "p90": 7.863313797801675, "p95": 10.884274251799798, "p99": 12.886882899602645, "max": 14.940221324999584}, "TPOT": {"unit": "ms", "min": 32.688376422089306, "p50": 73.40251347735985, "p90": 108.23827447135987, "p95": 118.77761454973427, "p99": 128.90913155235248, "max": 132.860233638213}, "Input Tokens per Minute": {"unit": "tokens/min", "min": 837133.2105068553, "p50": 837133.2105068553, "p90": 837133.2105068553, "p95": 837133.2105068553, "p99": 837133.2105068553, "max": 837133.2105068553}, "Output Tokens per Minute": {"unit": "tokens/min", "min": 43068.90991918152, "p50": 43068.90991918152, "p90": 43068.90991918152, "p95": 43068.90991918152, "p99": 43068.90991918152, "max": 43068.90991918152}}
{"actual_qps": 5.178487715939694, "success_rate": 100.0, "input_tokens": 3988, "output_tokens": 199, "model": "QwQ-32B", "input_tokens_per_minute": 1179949.6955394251, "output_tokens_per_minute": 58905.711386043724, "slo_seconds": 5.0, "slo_attainment": 0.33557046979865773, "ttft_slo_ms": 1000, "ttft_slo_attainment": 14.76510067114094, "tpot_slo_ms": 50, "tpot_slo_attainment": 20.13422818791946, "Latency": {"unit": "s", "min": 2.443294295000669, "p50": 16.86266888100363, "p90": 30.431935992104265, "p95": 32.74445044709499, "p99": 37.66516885558979, "max": 38.499612990999594}, "Throughput": {"unit": "tokens/s", "min": 4.0491293744205175, "p50": 11.860518748921606, "p90": 19.178649366616508, "p95": 21.799419727183384, "p99": 25.66746023124326, "max": 25.73044197828372}, "TTFT": {"unit": "s", "min": 0.23889946199778933, "p50": 2.599706236498605, "p90": 7.267635298801179, "p95": 8.322802441497696, "p99": 13.500990601075095, "max": 15.016711280004529}, "TPOT": {"unit": "ms", "min": 27.684074301499614, "p50": 68.74676157286243, "p90": 127.41289516675938, "p95": 149.02929497437975, "p99": 152.1854268937801, "max": 160.2727982060412}, "Input Tokens per Minute": {"unit": "tokens/min", "min": 1179949.6955394251, "p50": 1179949.6955394251, "p90": 1179949.6955394251, "p95": 1179949.6955394251, "p99": 1179949.6955394251, "max": 1179949.6955394251}, "Output Tokens per Minute": {"unit": "tokens/min", "min": 58905.711386043724, "p50": 58905.711386043724, "p90": 58905.711386043724, "p95": 58905.711386043724, "p99": 58905.711386043724, "max": 58905.711386043724}}
{"actual_qps": 5.040548536158872, "success_rate": 100.0, "input_tokens": 3968, "output_tokens": 198, "model": "QwQ-32B", "input_tokens_per_minute": 1122731.5424505887, "output_tokens_per_minute": 56018.99401646814, "slo_seconds": 5.0, "slo_attainment": 0.3508771929824561, "ttft_slo_ms": 1000, "ttft_slo_attainment": 8.771929824561402, "tpot_slo_ms": 50, "tpot_slo_attainment": 20.701754385964914, "Latency": {"unit": "s", "min": 4.758249147998868, "p50": 16.18206939099764, "p90": 35.35503055960143, "p95": 38.193134722604015, "p99": 41.205585554277654, "max": 42.544698038000206}, "Throughput": {"unit": "tokens/s", "min": 2.399291376532509, "p50": 12.358178987704843, "p90": 18.56851365432653, "p95": 20.715734638166673, "p99": 22.489132461928644, "max": 25.248708610531537}, "TTFT": {"unit": "s", "min": 0.256079110004066, "p50": 3.0414144710011897, "p90": 8.284315785800572, "p95": 10.28549061100057, "p99": 12.383357836922247, "max": 14.361448290997942}, "TPOT": {"unit": "ms", "min": 28.82043434170674, "p50": 63.57828702008493, "p90": 150.13097173566655, "p95": 150.8816063024929, "p99": 156.99287534913586, "max": 298.70750409372704}, "Input Tokens per Minute": {"unit": "tokens/min", "min": 1122731.5424505887, "p50": 1122731.5424505887, "p90": 1122731.5424505887, "p95": 1122731.5424505887, "p99": 1122731.5424505887, "max": 1122731.5424505887}, "Output Tokens per Minute": {"unit": "tokens/min", "min": 56018.99401646814, "p50": 56018.99401646814, "p90": 56018.99401646814, "p95": 56018.99401646814, "p99": 56018.99401646814, "max": 56018.99401646814}}
{"actual_qps": 5.142948692019832, "success_rate": 100.0, "input_tokens": 4096, "output_tokens": 199, "model": "QwQ-32B", "input_tokens_per_minute": 1259949.146633784, "output_tokens_per_minute": 61436.383445482395, "slo_seconds": 5.0, "slo_attainment": 0.0, "ttft_slo_ms": 1000, "ttft_slo_attainment": 11.217948717948719, "tpot_slo_ms": 50, "tpot_slo_attainment": 9.615384615384617, "Latency": {"unit": "s", "min": 6.019546210001863, "p50": 21.0364208639985, "p90": 40.728260285897704, "p95": 43.42138565494933, "p99": 45.52187200396693, "max": 46.20935289799672}, "Throughput": {"unit": "tokens/s", "min": 4.32812812682063, "p50": 9.503871787109283, "p90": 15.681748555122665, "p95": 16.56417264080664, "p99": 24.123135424434995, "max": 33.225095883089516}, "TTFT": {"unit": "s", "min": 0.17061441500118235, "p50": 3.619063557496702, "p90": 12.238723467203823, "p95": 14.028569207247347, "p99": 16.96485601084729, "max": 17.546839793998515}, "TPOT": {"unit": "ms", "min": 28.508534422107733, "p50": 87.75226973114115, "p90": 146.32936520702705, "p95": 150.68710346155726, "p99": 152.65003524735917, "max": 158.57986354773797}, "Input Tokens per Minute": {"unit": "tokens/min", "min": 1259949.146633784, "p50": 1259949.146633784, "p90": 1259949.146633784, "p95": 1259949.146633784, "p99": 1259949.146633784, "max": 1259949.146633784}, "Output Tokens per Minute": {"unit": "tokens/min", "min": 61436.383445482395, "p50": 61436.383445482395, "p90": 61436.383445482395, "p95": 61436.383445482395, "p99": 61436.383445482395, "max": 61436.383445482395}}
{"actual_qps": 5.083237272094711, "success_rate": 100.0, "input_tokens": 4071, "output_tokens": 199, "model": "QwQ-32B", "input_tokens_per_minute": 1244460.1625634343, "output_tokens_per_minute": 60920.774084601944, "slo_seconds": 5.0, "slo_attainment": 0.3225806451612903, "ttft_slo_ms": 1000, "ttft_slo_attainment": 27.741935483870968, "tpot_slo_ms": 50, "tpot_slo_attainment": 20.0, "Latency": {"unit": "s", "min": 3.643288727995241, "p50": 20.789908456503326, "p90": 38.411530009203126, "p95": 43.40281895024382, "p99": 47.54482609646169, "max": 48.83485510299943}, "Throughput": {"unit": "tokens/s", "min": 4.095435515845649, "p50": 9.620253221342049, "p90": 20.98641273935539, "p95": 23.7862283009804, "p99": 28.64895204364577, "max": 30.400630250543962}, "TTFT": {"unit": "s", "min": 0.09977993400389096, "p50": 2.3008613784986665, "p90": 10.062028346499577, "p95": 13.846894379948209, "p99": 19.20245584690354, "max": 20.101739220001036}, "TPOT": {"unit": "ms", "min": 28.081862396989415, "p50": 87.81890936683084, "p90": 147.63691057589276, "p95": 149.6826780897003, "p99": 154.54864608272385, "max": 158.669636020109}, "Input Tokens per Minute": {"unit": "tokens/min", "min": 1244460.1625634343, "p50": 1244460.1625634343, "p90": 1244460.1625634343, "p95": 1244460.1625634343, "p99": 1244460.1625634343, "max": 1244460.1625634343}, "Output Tokens per Minute": {"unit": "tokens/min", "min": 60920.774084601944, "p50": 60920.774084601944, "p90": 60920.774084601944, "p95": 60920.774084601944, "p99": 60920.774084601944, "max": 60920.774084601944}}
{"actual_qps": 5.295149409013618, "success_rate": 100.0, "input_tokens": 3955, "output_tokens": 199, "model": "QwQ-32B", "input_tokens_per_minute": 1303432.9946489732, "output_tokens_per_minute": 65652.63946514358,