{"actual_qps": 3.5142133749214293, "success_rate": 100.0, "input_tokens": 3515, "output_tokens": 198, "model": "QwQ-32B", "input_tokens_per_minute": 505747.1967739261, "output_tokens_per_minute": 28590.2606075033, "slo_seconds": 5.0, "slo_attainment": 0.0, "ttft_slo_ms": 1000, "ttft_slo_attainment": 13.698630136986301, "tpot_slo_ms": 50, "tpot_slo_attainment": 16.43835616438356, "Latency": {"unit": "s", "min": 5.144776549997914, "p50": 16.492667325001094, "p90": 22.94423237850424, "p95": 25.588337845749265, "p99": 27.739571306547443, "max": 29.44336422399647}, "Throughput": {"unit": "tokens/s", "min": 5.926353912678316, "p50": 12.112740954403254, "p90": 17.611263274658036, "p95": 18.51976685442075, "p99": 22.422126397455166, "max": 24.6691440787146}, "TTFT": {"unit": "s", "min": 0.2417136349977227, "p50": 2.390748433499539, "p90": 5.323542240501411, "p95": 5.523920580248159, "p99": 6.381078867249745, "max": 8.265017391000583}, "TPOT": {"unit": "ms", "min": 28.682819495778315, "p50": 68.98689987438092, "p90": 102.15124551004051, "p95": 106.39062105023662, "p99": 135.08631061583893, "max": 140.56195445831085}, "Input Tokens per Minute": {"unit": "tokens/min", "min": 505747.1967739261, "p50": 505747.1967739261, "p90": 505747.1967739261, "p95": 505747.1967739261, "p99": 505747.1967739261, "max": 505747.1967739261}, "Output Tokens per Minute": {"unit": "tokens/min", "min": 28590.2606075033, "p50": 28590.2606075033, "p90": 28590.2606075033, "p95": 28590.2606075033, "p99": 28590.2606075033, "max": 28590.2606075033}}
{"actual_qps": 3.2290299849982325, "success_rate": 100.0, "input_tokens": 3759, "output_tokens": 198, "model": "QwQ-32B", "input_tokens_per_minute": 711240.0027945653, "output_tokens_per_minute": 37562.34294171859, "slo_seconds": 5.0, "slo_attainment": 0.5208333333333333, "ttft_slo_ms": 1000, "ttft_slo_attainment": 19.791666666666664, "tpot_slo_ms": 50, "tpot_slo_attainment": 14.0625, "Latency": {"unit": "s", "min": 4.0212334120005835, "p50": 15.966663133000111, "p90": 31.780027520902514, "p95": 32.676810271845895, "p99": 34.30215115278786, "max": 38.43532973699621}, "Throughput": {"unit": "tokens/s", "min": 3.513088809633701, "p50": 12.368091473709548, "p90": 18.130675437570993, "p95": 19.57802609107304, "p99": 27.588638479662137, "max": 27.978847943388935}, "TTFT": {"unit": "s", "min": 0.12648864099901402, "p50": 2.22316986900114, "p90": 6.643236189496383, "p95": 7.251054991051568, "p99": 12.30314511441975, "max": 12.844293283997104}, "TPOT": {"unit": "ms", "min": 28.76936165323708, "p50": 66.04568673365111, "p90": 140.75977483568096, "p95": 146.35221942110516, "p99": 152.67621287336635, "max": 157.86200938460894}, "Input Tokens per Minute": {"unit": "tokens/min", "min": 711240.0027945653, "p50": 711240.0027945653, "p90": 711240.0027945653, "p95": 711240.0027945653, "p99": 711240.0027945653, "max": 711240.0027945653}, "Output Tokens per Minute": {"unit": "tokens/min", "min": 37562.34294171859, "p50": 37562.34294171859, "p90": 37562.34294171859, "p95": 37562.34294171859, "p99": 37562.34294171859, "max": 37562.34294171859}}
{"actual_qps": 3.295476653626199, "success_rate": 100.0, "input_tokens": 3657, "output_tokens": 198, "model": "QwQ-32B", "input_tokens_per_minute": 652342.1150620386, "output_tokens_per_minute": 35349.37380898769, "slo_seconds": 5.0, "slo_attainment": 0.5524861878453038, "ttft_slo_ms": 1000, "ttft_slo_attainment": 20.441988950276244, "tpot_slo_ms": 50, "tpot_slo_attainment": 14.917127071823206, "Latency": {"unit": "s", "min": 1.6041927539990866, "p50": 16.378475585006527, "p90": 40.42137034299958, "p95": 40.94794373300101, "p99": 42.13978893779713, "max": 43.18666306500381}, "Throughput": {"unit": "tokens/s", "min": 4.108578367049015, "p50": 12.18174400378253, "p90": 18.976585217901544, "p95": 20.097152555575242, "p99": 24.200837445091388, "max": 31.791690788318473}, "TTFT": {"unit": "s", "min": 0.16527053200115915, "p50": 2.507587346000946, "p90": 10.633581752997998, "p95": 11.274297247000504, "p99": 12.59355244939943, "max": 13.069335223000962}, "TPOT": {"unit": "ms", "min": 26.6498722799588, "p50": 75.36495898992271, "p90": 151.26956349749022, "p95": 151.82660503016643, "p99": 154.520303060322, "max": 160.4795530212404}, "Input Tokens per Minute": {"unit": "tokens/min", "min": 652342.1150620386, "p50": 652342.1150620386, "p90": 652342.1150620386, "p95": 652342.1150620386, "p99": 652342.1150620386, "max": 652342.1150620386}, "Output Tokens per Minute": {"unit": "tokens/min", "min": 35349.37380898769, "p50": 35349.37380898769, "p90": 35349.37380898769, "p95": 35349.37380898769, "p99": 35349.37380898769, "max": 35349.37380898769}}
{"actual_qps": 3.2874129531260605, "success_rate": 100.0, "input_tokens": 3832, "output_tokens": 199, "model": "QwQ-32B", "input_tokens_per_minute": 808038.1891288847, "output_tokens_per_minute": 42143.95757537783, "slo_seconds": 5.0, "slo_attainment": 0.0, "ttft_slo_ms": 1000, "ttft_slo_attainment": 12.149532710280374, "tpot_slo_ms": 50, "tpot_slo_attainment": 11.682242990654206, "Latency": {"unit": "s", "min": 6.533675853999739, "p50": 21.5022209130002, "p90": 41.043557837895804, "p95": 42.27708317559918, "p99": 44.07726081946879, "max": 45.924470527002995}, "Throughput": {"unit": "tokens/s", "min": 4.354976719489941, "p50": 9.300289517077537, "p90": 17.23735280661863, "p95": 19.535812268354768, "p99": 29.487436248346306, "max": 30.610640085177387}, "TTFT": {"unit": "s", "min": 0.06368343599751825, "p50": 3.2802495534997433, "p90": 14.399030090899036, "p95": 16.485263371753536, "p99": 19.803276316920606, "max": 20.789272208996408}, "TPOT": {"unit": "ms", "min": 26.698308648268373, "p50": 89.83317011056235, "p90": 144.4404104653339, "p95": 146.70964027588968, "p99": 148.70516191094006, "max": 151.30968092966782}, "Input Tokens per Minute": {"unit": "tokens/min", "min": 808038.1891288847, "p50": 808038.1891288847, "p90": 808038.1891288847, "p95": 808038.1891288847, "p99": 808038.1891288847, "max": 808038.1891288847}, "Output Tokens per Minute": {"unit": "tokens/min", "min": 42143.95757537783, "p50": 42143.95757537783, "p90": 42143.95757537783, "p95": 42143.95757537783, "p99": 42143.95757537783, "max": 42143.95757537783}}
{"actual_qps": 3.7706178083630446, "success_rate": 100.0, "input_tokens": 3719, "output_tokens": 199, "model": "QwQ-32B", "input_tokens_per_minute": 757365.9651079917, "output_tokens_per_minute": 40581.0282526502, "slo_seconds": 5.0, "slo_attainment": 0.0, "ttft_slo_ms": 1000, "ttft_slo_attainment": 28.019323671497588, "tpot_slo_ms": 50, "tpot_slo_attainment": 28.985507246376812, "Latency": {"unit": "s", "min": 6.972966255998472, "p50": 15.727770375000546, "p90": 45.296925849201216, "p95": 50.879809315401495, "p99": 54.51331929243737, "max": 55.16379033099656}, "Throughput": {"unit": "tokens/s", "min": 2.7056130434260752, "p50": 12.716360630360047, "p90": 22.18798887322062, "p95": 22.850052911249655, "p99": 25.90704006271229, "max": 28.682198171825462}, "TTFT": {"unit": "s", "min": 0.11794121899583843, "p50": 1.7724344939997536, "p90": 17.449851620401024, "p95": 21.519850643102092, "p99": 25.246079287719475, "max": 25.74109058799513}, "TPOT": {"unit": "ms", "min": 31.43968459799501, "p50": 67.73819992964152, "p90": 147.18476913164602, "p95": 147.65356774622884, "p99": 150.4774303380669, "max": 160.1616786583005}, "Input Tokens per Minute": {"unit": "tokens/min", "min": 757365.9651079917, "p50": 757365.9651079917, "p90": 757365.9651079917, "p95": 757365.9651079917, "p99": 757365.9651079917, "max": 757365.9651079917}, "Output Tokens per Minute": {"unit": "tokens/min", "min": 40581.0282526502, "p50": 40581.0282526502, "p90": 40581.0282526502, "p95": 40581.0282526502, "p99": 40581.0282526502, "max": 40581.0282526502}}
{"actual_qps": 3.3934784258168627, "success_rate": 100.0, "input_tokens": 3679, "output_tokens": 198, "model": "QwQ-32B", "input_tokens_per_minute": 633294.8782936829, "output_tokens_per_minute": 34250.525294309846, "slo_seconds": 5.0, "slo_attainment": 0.0,