{"actual_qps": 3.4450671224961362, "success_rate": 100.0, "input_tokens": 3466, "output_tokens": 196, "model": "QwQ-32B", "input_tokens_per_minute": 396123.42418177426, "output_tokens_per_minute": 22486.019359823098, "slo_seconds": 5.0, "slo_attainment": 1.7391304347826086, "ttft_slo_ms": 1000, "ttft_slo_attainment": 25.217391304347824, "tpot_slo_ms": 50, "tpot_slo_attainment": 33.04347826086956, "Latency": {"unit": "s", "min": 3.099282825998671, "p50": 14.238527440000325, "p90": 35.06154043119896, "p95": 37.12331833660064, "p99": 44.155396130339795, "max": 45.721916310998495}, "Throughput": {"unit": "tokens/s", "min": 4.374269849925114, "p50": 14.026033711775465, "p90": 25.67665933621487, "p95": 29.5754464520415, "p99": 39.11455765184094, "max": 41.14241932262896}, "TTFT": {"unit": "s", "min": 0.1849252259999048, "p50": 2.2387532140055555, "p90": 7.571180824397019, "p95": 8.759866651899937, "p99": 15.381233994458741, "max": 16.92050456099969}, "TPOT": {"unit": "ms", "min": 20.761973331635584, "p50": 64.47162636684871, "p90": 144.32942168240876, "p95": 145.47639204321246, "p99": 159.2933607630238, "max": 170.48624809549847}, "Input Tokens per Minute": {"unit": "tokens/min", "min": 396123.42418177426, "p50": 396123.42418177426, "p90": 396123.42418177426, "p95": 396123.42418177426, "p99": 396123.42418177426, "max": 396123.42418177426}, "Output Tokens per Minute": {"unit": "tokens/min", "min": 22486.019359823098, "p50": 22486.019359823098, "p90": 22486.019359823098, "p95": 22486.019359823098, "p99": 22486.019359823098, "max": 22486.019359823098}}
{"actual_qps": 3.2712463581485816, "success_rate": 100.0, "input_tokens": 3744, "output_tokens": 199, "model": "QwQ-32B", "input_tokens_per_minute": 804680.4795309012, "output_tokens_per_minute": 42825.19457306634, "slo_seconds": 5.0, "slo_attainment": 0.45662100456621, "ttft_slo_ms": 1000, "ttft_slo_attainment": 12.32876712328767, "tpot_slo_ms": 50, "tpot_slo_attainment": 21.461187214611872, "Latency": {"unit": "s", "min": 4.463687750998361, "p50": 21.72226538399991, "p90": 38.29819151240081, "p95": 42.65803695339419, "p99": 47.778037770198715, "max": 48.63855956099724}, "Throughput": {"unit": "tokens/s", "min": 4.111963878148603, "p50": 9.202328677559986, "p90": 22.38826464301647, "p95": 26.759303338303674, "p99": 34.071000980851714, "max": 44.80600148504282}, "TTFT": {"unit": "s", "min": 0.2805214940017322, "p50": 2.8378657799985376, "p90": 9.995680525001081, "p95": 13.608495355295593, "p99": 19.150424836541784, "max": 20.283918451998034}, "TPOT": {"unit": "ms", "min": 20.20874855780726, "p50": 88.85490497489093, "p90": 142.17534850854761, "p95": 143.36943157738173, "p99": 146.33912569980342, "max": 157.74449479396762}, "Input Tokens per Minute": {"unit": "tokens/min", "min": 804680.4795309012, "p50": 804680.4795309012, "p90": 804680.4795309012, "p95": 804680.4795309012, "p99": 804680.4795309012, "max": 804680.4795309012}, "Output Tokens per Minute": {"unit": "tokens/min", "min": 42825.19457306634, "p50": 42825.19457306634, "p90": 42825.19457306634, "p95": 42825.19457306634, "p99": 42825.19457306634, "max": 42825.19457306634}}
{"actual_qps": 3.346681827757199, "success_rate": 100.0, "input_tokens": 3760, "output_tokens": 196, "model": "QwQ-32B", "input_tokens_per_minute": 726924.2620962526, "output_tokens_per_minute": 37939.91526180725, "slo_seconds": 5.0, "slo_attainment": 1.015228426395939, "ttft_slo_ms": 1000, "ttft_slo_attainment": 22.84263959390863, "tpot_slo_ms": 50, "tpot_slo_attainment": 18.274111675126903, "Latency": {"unit": "s", "min": 2.144542491005268, "p50": 19.644621799998276, "p90": 41.57468654919649, "p95": 43.88631027660449, "p99": 46.31328049348201, "max": 46.7581378429968}, "Throughput": {"unit": "tokens/s", "min": 1.3496783780812984, "p50": 10.143576501445654, "p90": 21.051782377785734, "p95": 25.111191250945716, "p99": 28.879770888369308, "max": 37.61185559224419}, "TTFT": {"unit": "s", "min": 0.16344581100565847, "p50": 1.8770480759994825, "p90": 13.794032839601279, "p95": 15.706757321195619, "p99": 18.137289060761102, "max": 18.47784928799956}, "TPOT": {"unit": "ms", "min": 23.445824623103814, "p50": 89.74440159297626, "p90": 143.0542123447384, "p95": 145.3403649246349, "p99": 148.68598046492178, "max": 409.56433728002594}, "Input Tokens per Minute": {"unit": "tokens/min", "min": 726924.2620962526, "p50": 726924.2620962526, "p90": 726924.2620962526, "p95": 726924.2620962526, "p99": 726924.2620962526, "max": 726924.2620962526}, "Output Tokens per Minute": {"unit": "tokens/min", "min": 37939.91526180725, "p50": 37939.91526180725, "p90": 37939.91526180725, "p95": 37939.91526180725, "p99": 37939.91526180725, "max": 37939.91526180725}}
{"actual_qps": 3.31785537365567, "success_rate": 100.0, "input_tokens": 3859, "output_tokens": 199, "model": "QwQ-32B", "input_tokens_per_minute": 757451.8602351311, "output_tokens_per_minute": 39127.377689815185, "slo_seconds": 5.0, "slo_attainment": 0.0, "ttft_slo_ms": 1000, "ttft_slo_attainment": 37.0, "tpot_slo_ms": 50, "tpot_slo_attainment": 22.0, "Latency": {"unit": "s", "min": 5.440837907000969, "p50": 18.74176087449814, "p90": 44.5967867717045, "p95": 48.93563690869994, "p99": 51.52558967332399, "max": 52.13662337400456}, "Throughput": {"unit": "tokens/s", "min": 2.7212299355226177, "p50": 10.671452288384117, "p90": 25.820272780928395, "p95": 30.827016613870644, "p99": 34.06831896900846, "max": 36.75904399626592}, "TTFT": {"unit": "s", "min": 0.13577318000170635, "p50": 1.515371106499515, "p90": 16.59184126760301, "p95": 21.59711309849662, "p99": 23.586991831749252, "max": 24.011839968996355}, "TPOT": {"unit": "ms", "min": 25.639547291475033, "p50": 84.2575371558022, "p90": 141.7826765477359, "p95": 145.84449396332724, "p99": 149.97627868241162, "max": 161.47696625627196}, "Input Tokens per Minute": {"unit": "tokens/min", "min": 757451.8602351311, "p50": 757451.8602351311, "p90": 757451.8602351311, "p95": 757451.8602351311, "p99": 757451.8602351311, "max": 757451.8602351311}, "Output Tokens per Minute": {"unit": "tokens/min", "min": 39127.377689815185, "p50": 39127.377689815185, "p90": 39127.377689815185, "p95": 39127.377689815185, "p99": 39127.377689815185, "max": 39127.377689815185}}
{"actual_qps": 3.6885838677019733, "success_rate": 100.0, "input_tokens": 3783, "output_tokens": 199, "model": "QwQ-32B", "input_tokens_per_minute": 787139.4023092369, "output_tokens_per_minute": 41412.016146346155, "slo_seconds": 5.0, "slo_attainment": 0.0, "ttft_slo_ms": 1000, "ttft_slo_attainment": 40.09433962264151, "tpot_slo_ms": 50, "tpot_slo_attainment": 19.339622641509436, "Latency": {"unit": "s", "min": 5.219770655996399, "p50": 27.80667975149845, "p90": 47.35251010629727, "p95": 51.484668495798886, "p99": 55.44608360070801, "max": 55.71018259500124}, "Throughput": {"unit": "tokens/s", "min": 3.590007978504554, "p50": 7.192583047297587, "p90": 22.145908035547105, "p95": 24.895237726300646, "p99": 32.647798809523174, "max": 32.705898556731164}, "TTFT": {"unit": "s", "min": 0.1149431169978925, "p50": 1.297566827997798, "p90": 19.049657436103736, "p95": 23.269091134550013, "p99": 26.859486734407472, "max": 28.08927465400484}, "TPOT": {"unit": "ms", "min": 27.521511954802378, "p50": 127.40328460049156, "p90": 144.1685636844322, "p95": 145.59559532638343, "p99": 149.5393788217415, "max": 150.66080519095314}, "Input Tokens per Minute": {"unit": "tokens/min", "min": 787139.4023092369, "p50": 787139.4023092369, "p90": 787139.4023092369, "p95": 787139.4023092369, "p99": 787139.4023092369, "max": 787139.4023092369}, "Output Tokens per Minute": {"unit": "tokens/min", "min": 41412.016146346155, "p50": 41412.016146346155, "p90": 41412.016146346155, "p95": 41412.016146346155, "p99": 41412.016146346155, "max": 41412.016146346155}}
{"actual_qps": 3.40984882718465, "success_rate": 100.0, "input_tokens": 3672, "output_tokens": 197, "model": "QwQ-32B", "input_tokens_per_minute": 774929.1481528115, "output_tokens_per_minute": 41724.09304891353, "slo_seconds": 5.0,