{"actual_qps": 5.4161573748918626, "success_rate": 100.0, "input_tokens": 3848, "output_tokens": 200, "model": "QwQ-32B", "input_tokens_per_minute": 768646.147789493, "output_tokens_per_minute": 39950.37182947759, "slo_seconds": 5.0, "slo_attainment": 0.0, "ttft_slo_ms": 1000, "ttft_slo_attainment": 6.467661691542288, "tpot_slo_ms": 50, "tpot_slo_attainment": 16.91542288557214, "Latency": {"unit": "s", "min": 6.774781851003354, "p50": 22.13000810900121, "p90": 36.68701895999402, "p95": 38.338210106994666, "p99": 39.364405925996834, "max": 40.905450463003945}, "Throughput": {"unit": "tokens/s", "min": 4.889323983386657, "p50": 9.03750233686772, "p90": 20.081975185005845, "p95": 24.215367097798996, "p99": 29.36137866296415, "max": 29.52124576090664}, "TTFT": {"unit": "s", "min": 0.509717594999529, "p50": 4.378635724002379, "p90": 8.866221010997833, "p95": 10.024925647994678, "p99": 11.816289125003095, "max": 12.817460547994415}, "TPOT": {"unit": "ms", "min": 25.490609919605543, "p50": 81.92027893970982, "p90": 143.9964869346639, "p95": 146.2867184773634, "p99": 150.1817180552513, "max": 164.42444600503754}, "Input Tokens per Minute": {"unit": "tokens/min", "min": 768646.147789493, "p50": 768646.147789493, "p90": 768646.147789493, "p95": 768646.147789493, "p99": 768646.147789493, "max": 768646.147789493}, "Output Tokens per Minute": {"unit": "tokens/min", "min": 39950.37182947759, "p50": 39950.37182947759, "p90": 39950.37182947759, "p95": 39950.37182947759, "p99": 39950.37182947759, "max": 39950.37182947759}}
{"actual_qps": 5.552285232996888, "success_rate": 100.0, "input_tokens": 3750, "output_tokens": 199, "model": "QwQ-32B", "input_tokens_per_minute": 1316120.2623813374, "output_tokens_per_minute": 70145.07474801577, "slo_seconds": 5.0, "slo_attainment": 0.0, "ttft_slo_ms": 1000, "ttft_slo_attainment": 4.775280898876404, "tpot_slo_ms": 50, "tpot_slo_attainment": 23.595505617977526, "Latency": {"unit": "s", "min": 6.750759520000429, "p50": 19.78155592499752, "p90": 41.448357594999834, "p95": 43.51925741550258, "p99": 46.56646309154748, "max": 47.72579640999902}, "Throughput": {"unit": "tokens/s", "min": 4.1906058158119714, "p50": 10.110641292632952, "p90": 20.44678684905746, "p95": 22.655367343564933, "p99": 27.28759650666219, "max": 29.62629603490709}, "TTFT": {"unit": "s", "min": 0.38225184500333853, "p50": 4.342033995999373, "p90": 13.021831077501702, "p95": 14.870276055498834, "p99": 17.73394867309762, "max": 19.308324244004325}, "TPOT": {"unit": "ms", "min": 29.227284045228043, "p50": 80.25276669345041, "p90": 142.7615153643182, "p95": 144.28928421105195, "p99": 148.97085764122625, "max": 169.85758111055912}, "Input Tokens per Minute": {"unit": "tokens/min", "min": 1316120.2623813374, "p50": 1316120.2623813374, "p90": 1316120.2623813374, "p95": 1316120.2623813374, "p99": 1316120.2623813374, "max": 1316120.2623813374}, "Output Tokens per Minute": {"unit": "tokens/min", "min": 70145.07474801577, "p50": 70145.07474801577, "p90": 70145.07474801577, "p95": 70145.07474801577, "p99": 70145.07474801577, "max": 70145.07474801577}}
{"actual_qps": 5.473869599047663, "success_rate": 100.0, "input_tokens": 3747, "output_tokens": 199, "model": "QwQ-32B", "input_tokens_per_minute": 1130087.8245426929, "output_tokens_per_minute": 60229.810349681684, "slo_seconds": 5.0, "slo_attainment": 0.0, "ttft_slo_ms": 1000, "ttft_slo_attainment": 7.18954248366013, "tpot_slo_ms": 50, "tpot_slo_attainment": 21.895424836601308, "Latency": {"unit": "s", "min": 5.33018799200363, "p50": 19.673509917502088, "p90": 44.20269949199792, "p95": 45.78974098274921, "p99": 48.289456392700224, "max": 49.17272773500008}, "Throughput": {"unit": "tokens/s", "min": 4.067295210423, "p50": 10.165986418242897, "p90": 20.878066347665893, "p95": 25.282258102863295, "p99": 37.29540964787026, "max": 37.522128731677164}, "TTFT": {"unit": "s", "min": 0.4361640499992063, "p50": 2.928563049496006, "p90": 15.459524767997209, "p95": 17.034390264747344, "p99": 19.756347394503244, "max": 20.552632409999205}, "TPOT": {"unit": "ms", "min": 22.606811552765095, "p50": 86.16345271106705, "p90": 144.67664823115143, "p95": 147.1117195401828, "p99": 150.88883965981765, "max": 166.8335306382125}, "Input Tokens per Minute": {"unit": "tokens/min", "min": 1130087.8245426929, "p50": 1130087.8245426929, "p90": 1130087.8245426929, "p95": 1130087.8245426929, "p99": 1130087.8245426929, "max": 1130087.8245426929}, "Output Tokens per Minute": {"unit": "tokens/min", "min": 60229.810349681684, "p50": 60229.810349681684, "p90": 60229.810349681684, "p95": 60229.810349681684, "p99": 60229.810349681684, "max": 60229.810349681684}}
{"actual_qps": 5.684955529294222, "success_rate": 100.0, "input_tokens": 3796, "output_tokens": 199, "model": "QwQ-32B", "input_tokens_per_minute": 1201253.9941134397, "output_tokens_per_minute": 63077.245622722156, "slo_seconds": 5.0, "slo_attainment": 0.3115264797507788, "ttft_slo_ms": 1000, "ttft_slo_attainment": 20.5607476635514, "tpot_slo_ms": 50, "tpot_slo_attainment": 25.233644859813083, "Latency": {"unit": "s", "min": 4.874124093999853, "p50": 17.946627504999924, "p90": 47.67822248300217, "p95": 50.93695652500173, "p99": 52.316624944598885, "max": 52.778772803998436}, "Throughput": {"unit": "tokens/s", "min": 3.7894022421235287, "p50": 11.111848960105796, "p90": 24.740540744427456, "p95": 27.988598439711282, "p99": 34.25999449924243, "max": 41.0330135513382}, "TTFT": {"unit": "s", "min": 0.1279411030045594, "p50": 3.0057133470036206, "p90": 19.99361607099854, "p95": 23.152131497001392, "p99": 24.44530336639873, "max": 25.475112177002302}, "TPOT": {"unit": "ms", "min": 22.480198336679173, "p50": 80.19383138191334, "p90": 141.77020009046646, "p95": 144.22737968846894, "p99": 147.48549973063467, "max": 157.54571012562042}, "Input Tokens per Minute": {"unit": "tokens/min", "min": 1201253.9941134397, "p50": 1201253.9941134397, "p90": 1201253.9941134397, "p95": 1201253.9941134397, "p99": 1201253.9941134397, "max": 1201253.9941134397}, "Output Tokens per Minute": {"unit": "tokens/min", "min": 63077.245622722156, "p50": 63077.245622722156, "p90": 63077.245622722156, "p95": 63077.245622722156, "p99": 63077.245622722156, "max": 63077.245622722156}}
{"actual_qps": 5.816587256872791, "success_rate": 100.0, "input_tokens": 3684, "output_tokens": 199, "model": "QwQ-32B", "input_tokens_per_minute": 1191120.9092944267, "output_tokens_per_minute": 64522.15393365236, "slo_seconds": 5.0, "slo_attainment": 0.3048780487804878, "ttft_slo_ms": 1000, "ttft_slo_attainment": 37.19512195121951, "tpot_slo_ms": 50, "tpot_slo_attainment": 24.695121951219512, "Latency": {"unit": "s", "min": 4.741261321003549, "p50": 20.095673220996105, "p90": 51.70304027739767, "p95": 52.84276617895048, "p99": 55.319947157614884, "max": 55.864679171994794}, "Throughput": {"unit": "tokens/s", "min": 3.5800796310714493, "p50": 9.888057631327918, "p90": 24.691202940210385, "p95": 29.943902752005272, "p99": 35.67095595011887, "max": 42.182867903528134}, "TTFT": {"unit": "s", "min": 0.12383044599846471, "p50": 1.4614741909972508, "p90": 23.517833008900926, "p95": 24.652850191047765, "p99": 26.958498624752185, "max": 27.776734987994132}, "TPOT": {"unit": "ms", "min": 20.881845608052924, "p50": 96.67254109044552, "p90": 141.82211344319953, "p95": 142.00537718441856, "p99": 149.06699154552612, "max": 166.21066650752903}, "Input Tokens per Minute": {"unit": "tokens/min", "min": 1191120.9092944267, "p50": 1191120.9092944267, "p90": 1191120.9092944267, "p95": 1191120.9092944267, "p99": 1191120.9092944267, "max": 1191120.9092944267}, "Output Tokens per Minute": {"unit": "tokens/min", "min": 64522.15393365236, "p50": 64522.15393365236, "p90": 64522.15393365236, "p95": 64522.15393365236, "p99": 64522.15393365236, "max": 64522.15393365236}}
{"actual_qps": 5.737494280979116, "success_rate": 100.0, "input_tokens": 3799, "output_tokens": 198, "model": "QwQ-32B", "input_tokens_per_minute": 1334028.401695431, "output_tokens_per_minute": 69843.33752439893,