{"actual_qps": 5.8026270162933065, "success_rate": 100.0, "input_tokens": 4113, "output_tokens": 199, "model": "QwQ-32B", "input_tokens_per_minute": 852756.0501185725, "output_tokens_per_minute": 41300.81772725141, "slo_seconds": 5.0, "slo_attainment": 0.4784688995215311, "ttft_slo_ms": 1000, "ttft_slo_attainment": 3.349282296650718, "tpot_slo_ms": 50, "tpot_slo_attainment": 9.090909090909092, "Latency": {"unit": "s", "min": 2.4782987400030834, "p50": 26.52347044600174, "p90": 37.12442558360199, "p95": 37.962848663202024, "p99": 39.200643812320195, "max": 43.62826748099906}, "Throughput": {"unit": "tokens/s", "min": 4.584183868568785, "p50": 7.540491369980162, "p90": 15.645192259288018, "p95": 19.390548862693294, "p99": 21.839200931430884, "max": 24.22880868863676}, "TTFT": {"unit": "s", "min": 0.5474178810036392, "p50": 5.98225274500146, "p90": 9.371346347003419, "p95": 9.914684315404154, "p99": 10.916493212239583, "max": 16.565163917999598}, "TPOT": {"unit": "ms", "min": 32.70305551257424, "p50": 98.689868437188, "p90": 142.9237744180897, "p95": 144.05304412059158, "p99": 146.1477295744488, "max": 147.657834236174}, "Input Tokens per Minute": {"unit": "tokens/min", "min": 852756.0501185725, "p50": 852756.0501185725, "p90": 852756.0501185725, "p95": 852756.0501185725, "p99": 852756.0501185725, "max": 852756.0501185725}, "Output Tokens per Minute": {"unit": "tokens/min", "min": 41300.81772725141, "p50": 41300.81772725141, "p90": 41300.81772725141, "p95": 41300.81772725141, "p99": 41300.81772725141, "max": 41300.81772725141}}
{"actual_qps": 4.548584533863234, "success_rate": 100.0, "input_tokens": 3931, "output_tokens": 199, "model": "QwQ-32B", "input_tokens_per_minute": 1228422.0907616175, "output_tokens_per_minute": 62417.42055628871, "slo_seconds": 5.0, "slo_attainment": 0.0, "ttft_slo_ms": 1000, "ttft_slo_attainment": 5.714285714285714, "tpot_slo_ms": 50, "tpot_slo_attainment": 16.825396825396826, "Latency": {"unit": "s", "min": 5.203654236000148, "p50": 22.52484998, "p90": 40.63674599640072, "p95": 43.7078820445975, "p99": 46.94279877797935, "max": 48.69933066399972}, "Throughput": {"unit": "tokens/s", "min": 4.106832625275631, "p50": 8.879082443504913, "p90": 18.767710535189735, "p95": 22.693786933507862, "p99": 27.099726935764043, "max": 38.4345290692743}, "TTFT": {"unit": "s", "min": 0.14644456800306216, "p50": 3.7549123839999083, "p90": 12.354722522199156, "p95": 15.047342851201392, "p99": 18.612078888880077, "max": 19.579783615998167}, "TPOT": {"unit": "ms", "min": 20.40374226130758, "p50": 96.07589680902736, "p90": 142.9803595236291, "p95": 144.47125401054643, "p99": 147.3206432931647, "max": 174.3993747135684}, "Input Tokens per Minute": {"unit": "tokens/min", "min": 1228422.0907616175, "p50": 1228422.0907616175, "p90": 1228422.0907616175, "p95": 1228422.0907616175, "p99": 1228422.0907616175, "max": 1228422.0907616175}, "Output Tokens per Minute": {"unit": "tokens/min", "min": 62417.42055628871, "p50": 62417.42055628871, "p90": 62417.42055628871, "p95": 62417.42055628871, "p99": 62417.42055628871, "max": 62417.42055628871}}
{"actual_qps": 4.673385176415516, "success_rate": 100.0, "input_tokens": 4014, "output_tokens": 199, "model": "QwQ-32B", "input_tokens_per_minute": 1067302.4806092067, "output_tokens_per_minute": 53045.9299494615, "slo_seconds": 5.0, "slo_attainment": 0.3731343283582089, "ttft_slo_ms": 1000, "ttft_slo_attainment": 17.16417910447761, "tpot_slo_ms": 50, "tpot_slo_attainment": 21.26865671641791, "Latency": {"unit": "s", "min": 4.714029597998888, "p50": 19.13797683050143, "p90": 43.264718912697575, "p95": 45.551544752699186, "p99": 48.09436152663001, "max": 50.33646199500072}, "Throughput": {"unit": "tokens/s", "min": 3.973262960353937, "p50": 10.377999890544512, "p90": 23.068269298686594, "p95": 27.696852021906672, "p99": 34.719592868318855, "max": 42.42654736086092}, "TTFT": {"unit": "s", "min": 0.0876202799991006, "p50": 2.4371458089990483, "p90": 14.721146172096635, "p95": 17.06358125999832, "p99": 19.6429111789345, "max": 22.253293433997896}, "TPOT": {"unit": "ms", "min": 23.20632868341548, "p50": 82.11719749496338, "p90": 143.61199554975187, "p95": 144.40414532941006, "p99": 146.93090744783007, "max": 149.19092557284787}, "Input Tokens per Minute": {"unit": "tokens/min", "min": 1067302.4806092067, "p50": 1067302.4806092067, "p90": 1067302.4806092067, "p95": 1067302.4806092067, "p99": 1067302.4806092067, "max": 1067302.4806092067}, "Output Tokens per Minute": {"unit": "tokens/min", "min": 53045.9299494615, "p50": 53045.9299494615, "p90": 53045.9299494615, "p95": 53045.9299494615, "p99": 53045.9299494615, "max": 53045.9299494615}}
{"actual_qps": 4.831720371121089, "success_rate": 100.0, "input_tokens": 4060, "output_tokens": 199, "model": "QwQ-32B", "input_tokens_per_minute": 1257526.9603167356, "output_tokens_per_minute": 61933.420470373625, "slo_seconds": 5.0, "slo_attainment": 0.0, "ttft_slo_ms": 1000, "ttft_slo_attainment": 21.72523961661342, "tpot_slo_ms": 50, "tpot_slo_attainment": 17.57188498402556, "Latency": {"unit": "s", "min": 5.186226869001985, "p50": 19.407362090001698, "p90": 46.618239625199934, "p95": 48.13683110079872, "p99": 51.658688600403835, "max": 53.149118096000166}, "Throughput": {"unit": "tokens/s", "min": 3.7629975278000214, "p50": 10.30536757507277, "p90": 22.22958851630692, "p95": 25.34090757839573, "p99": 33.48659557582765, "max": 38.56368127576477}, "TTFT": {"unit": "s", "min": 0.0893082830007188, "p50": 2.7761511839999002, "p90": 18.52809219920018, "p95": 20.56670977460161, "p99": 24.229203875322415, "max": 25.624232375994325}, "TPOT": {"unit": "ms", "min": 17.09258632163895, "p50": 86.95412992963968, "p90": 141.79722651958156, "p95": 145.82052915175703, "p99": 150.6373072888447, "max": 153.5376754623236}, "Input Tokens per Minute": {"unit": "tokens/min", "min": 1257526.9603167356, "p50": 1257526.9603167356, "p90": 1257526.9603167356, "p95": 1257526.9603167356, "p99": 1257526.9603167356, "max": 1257526.9603167356}, "Output Tokens per Minute": {"unit": "tokens/min", "min": 61933.420470373625, "p50": 61933.420470373625, "p90": 61933.420470373625, "p95": 61933.420470373625, "p99": 61933.420470373625, "max": 61933.420470373625}}
{"actual_qps": 5.508427063142378, "success_rate": 100.0, "input_tokens": 3843, "output_tokens": 199, "model": "QwQ-32B", "input_tokens_per_minute": 1039658.5566021126, "output_tokens_per_minute": 53957.01037885928, "slo_seconds": 5.0, "slo_attainment": 0.36363636363636365, "ttft_slo_ms": 1000, "ttft_slo_attainment": 55.63636363636364, "tpot_slo_ms": 50, "tpot_slo_attainment": 20.727272727272727, "Latency": {"unit": "s", "min": 3.76305899900035, "p50": 19.787093184997502, "p90": 50.01231613220152, "p95": 51.10113504359979, "p99": 53.404490456777275, "max": 54.101971367999795}, "Throughput": {"unit": "tokens/s", "min": 3.6967229648547684, "p50": 10.107598833750842, "p90": 24.423319358393726, "p95": 28.184419479858605, "p99": 33.98944797630363, "max": 38.2793115435877}, "TTFT": {"unit": "s", "min": 0.09433654900203692, "p50": 0.7997203730046749, "p90": 21.784564715600574, "p95": 22.800932016898876, "p99": 25.179509342280216, "max": 25.90456197099411}, "TPOT": {"unit": "ms", "min": 25.319758371871792, "p50": 95.77894144721216, "p90": 141.65105879599002, "p95": 141.80793113518482, "p99": 144.99773305517863, "max": 170.6061685527587}, "Input Tokens per Minute": {"unit": "tokens/min", "min": 1039658.5566021126, "p50": 1039658.5566021126, "p90": 1039658.5566021126, "p95": 1039658.5566021126, "p99": 1039658.5566021126, "max": 1039658.5566021126}, "Output Tokens per Minute": {"unit": "tokens/min", "min": 53957.01037885928, "p50": 53957.01037885928, "p90": 53957.01037885928, "p95": 53957.01037885928, "p99": 53957.01037885928, "max": 53957.01037885928}}
{"actual_qps": 4.599956333534434, "success_rate": 100.0, "input_tokens": 3969, "output_tokens": 200, "model": "QwQ-32B", "input_tokens_per_minute": 1191010.4593434683, "output_tokens_per_minute": 60002.50908065804,