{"actual_qps": 5.333785912246126, "success_rate": 100.0, "input_tokens": 3822, "output_tokens": 199, "model": "QwQ-32B", "input_tokens_per_minute": 733212.027691893, "output_tokens_per_minute": 38259.14696122633, "slo_seconds": 5.0, "slo_attainment": 0.0, "ttft_slo_ms": 1000, "ttft_slo_attainment": 0.5181347150259068, "tpot_slo_ms": 50, "tpot_slo_attainment": 6.217616580310881, "Latency": {"unit": "s", "min": 10.182609735995356, "p50": 30.868685591005487, "p90": 38.43203056919884, "p95": 39.133228805998804, "p99": 41.02480085067771, "max": 50.42925753600139}, "Throughput": {"unit": "tokens/s", "min": 3.9659517068483554, "p50": 6.477357707412803, "p90": 13.8265018505302, "p95": 16.704314363037287, "p99": 18.249052846231844, "max": 19.64133018797758}, "TTFT": {"unit": "s", "min": 0.6867670559950056, "p50": 7.522291421999398, "p90": 10.332163309995668, "p95": 10.952028038603022, "p99": 12.785837723001306, "max": 21.69030110300082}, "TPOT": {"unit": "ms", "min": 22.834174482423307, "p50": 111.53062812564397, "p90": 145.90780549950608, "p95": 147.47001453266674, "p99": 151.38805073931792, "max": 152.84179218088414}, "Input Tokens per Minute": {"unit": "tokens/min", "min": 733212.027691893, "p50": 733212.027691893, "p90": 733212.027691893, "p95": 733212.027691893, "p99": 733212.027691893, "max": 733212.027691893}, "Output Tokens per Minute": {"unit": "tokens/min", "min": 38259.14696122633, "p50": 38259.14696122633, "p90": 38259.14696122633, "p95": 38259.14696122633, "p99": 38259.14696122633, "max": 38259.14696122633}}
{"actual_qps": 5.172642115231131, "success_rate": 100.0, "input_tokens": 4014, "output_tokens": 197, "model": "QwQ-32B", "input_tokens_per_minute": 1187093.9520740823, "output_tokens_per_minute": 58505.0299457161, "slo_seconds": 5.0, "slo_attainment": 0.0, "ttft_slo_ms": 1000, "ttft_slo_attainment": 7.6158940397351, "tpot_slo_ms": 50, "tpot_slo_attainment": 18.211920529801322, "Latency": {"unit": "s", "min": 5.947291372998734, "p50": 19.711025262997282, "p90": 40.196283412497, "p95": 44.15241835115048, "p99": 46.64706022396226, "max": 51.939071936998516}, "Throughput": {"unit": "tokens/s", "min": 3.1732574439106127, "p50": 9.986873969145808, "p90": 20.039980625504313, "p95": 22.211031611828336, "p99": 26.532937311843554, "max": 33.62875424399399}, "TTFT": {"unit": "s", "min": 0.2461862479976844, "p50": 4.691084049998608, "p90": 13.470945720998138, "p95": 16.301943662602934, "p99": 18.122727987724573, "max": 24.413151139997353}, "TPOT": {"unit": "ms", "min": 21.32730848744866, "p50": 75.6443433115534, "p90": 141.46730307489707, "p95": 143.34180526208212, "p99": 148.03872088184121, "max": 181.99248620003345}, "Input Tokens per Minute": {"unit": "tokens/min", "min": 1187093.9520740823, "p50": 1187093.9520740823, "p90": 1187093.9520740823, "p95": 1187093.9520740823, "p99": 1187093.9520740823, "max": 1187093.9520740823}, "Output Tokens per Minute": {"unit": "tokens/min", "min": 58505.0299457161, "p50": 58505.0299457161, "p90": 58505.0299457161, "p95": 58505.0299457161, "p99": 58505.0299457161, "max": 58505.0299457161}}
{"actual_qps": 5.059033433840691, "success_rate": 100.0, "input_tokens": 3972, "output_tokens": 198, "model": "QwQ-32B", "input_tokens_per_minute": 1240737.0247811414, "output_tokens_per_minute": 61883.727978459814, "slo_seconds": 5.0, "slo_attainment": 0.0, "ttft_slo_ms": 1000, "ttft_slo_attainment": 10.658307210031348, "tpot_slo_ms": 50, "tpot_slo_attainment": 25.705329153605017, "Latency": {"unit": "s", "min": 5.006713287999446, "p50": 16.67299711600208, "p90": 41.516324082399656, "p95": 44.25801204830132, "p99": 49.01148749329921, "max": 50.22069551500317}, "Throughput": {"unit": "tokens/s", "min": 3.9824219467500415, "p50": 11.46753043537006, "p90": 22.96077383952917, "p95": 26.632122472887907, "p99": 36.25464639759469, "max": 39.94636570849354}, "TTFT": {"unit": "s", "min": 0.18144941000355175, "p50": 3.353715696997824, "p90": 12.508702694802196, "p95": 16.0503844453051, "p99": 20.86830866615899, "max": 22.246487636002712}, "TPOT": {"unit": "ms", "min": 17.39846789951573, "p50": 70.79172632663573, "p90": 144.00026397890005, "p95": 146.2569582286247, "p99": 149.19523328524062, "max": 167.69655160801884}, "Input Tokens per Minute": {"unit": "tokens/min", "min": 1240737.0247811414, "p50": 1240737.0247811414, "p90": 1240737.0247811414, "p95": 1240737.0247811414, "p99": 1240737.0247811414, "max": 1240737.0247811414}, "Output Tokens per Minute": {"unit": "tokens/min", "min": 61883.727978459814, "p50": 61883.727978459814, "p90": 61883.727978459814, "p95": 61883.727978459814, "p99": 61883.727978459814, "max": 61883.727978459814}}
{"actual_qps": 5.11510861815363, "success_rate": 100.0, "input_tokens": 3999, "output_tokens": 199, "model": "QwQ-32B", "input_tokens_per_minute": 1350844.7893579276, "output_tokens_per_minute": 67370.31846686776, "slo_seconds": 5.0, "slo_attainment": 0.0, "ttft_slo_ms": 1000, "ttft_slo_attainment": 29.565217391304348, "tpot_slo_ms": 50, "tpot_slo_attainment": 23.768115942028984, "Latency": {"unit": "s", "min": 5.1747640829999, "p50": 17.355420986001263, "p90": 43.29880222000065, "p95": 46.870334134402235, "p99": 52.2331836367998, "max": 53.25824294399354}, "Throughput": {"unit": "tokens/s", "min": 3.7552872371384907, "p50": 11.410646080806945, "p90": 23.030662950832454, "p95": 26.86216601593176, "p99": 34.72076061248626, "max": 38.64910492384352}, "TTFT": {"unit": "s", "min": 0.07510890599951381, "p50": 1.8252128759995685, "p90": 15.293093472201157, "p95": 18.65891256580072, "p99": 24.688042509398073, "max": 25.70179866899707}, "TPOT": {"unit": "ms", "min": 24.83971572363218, "p50": 79.12273731659782, "p90": 139.887212223099, "p95": 145.8311820924563, "p99": 150.60698341186585, "max": 165.68421715578438}, "Input Tokens per Minute": {"unit": "tokens/min", "min": 1350844.7893579276, "p50": 1350844.7893579276, "p90": 1350844.7893579276, "p95": 1350844.7893579276, "p99": 1350844.7893579276, "max": 1350844.7893579276}, "Output Tokens per Minute": {"unit": "tokens/min", "min": 67370.31846686776, "p50": 67370.31846686776, "p90": 67370.31846686776, "p95": 67370.31846686776, "p99": 67370.31846686776, "max": 67370.31846686776}}
{"actual_qps": 5.13332017740329, "success_rate": 100.0, "input_tokens": 4001, "output_tokens": 199, "model": "QwQ-32B", "input_tokens_per_minute": 1147965.2805073957, "output_tokens_per_minute": 57152.96330323013, "slo_seconds": 5.0, "slo_attainment": 1.023890784982935, "ttft_slo_ms": 1000, "ttft_slo_attainment": 53.92491467576792, "tpot_slo_ms": 50, "tpot_slo_attainment": 34.8122866894198, "Latency": {"unit": "s", "min": 4.534651451998798, "p50": 15.46918378600094, "p90": 37.53112522060401, "p95": 49.87293560059769, "p99": 52.088994175598756, "max": 54.29192512600275}, "Throughput": {"unit": "tokens/s", "min": 3.6837890632139576, "p50": 12.675299202598167, "p90": 29.348333845220843, "p95": 32.59857309292756, "p99": 39.51608169355388, "max": 44.10482307561772}, "TTFT": {"unit": "s", "min": 0.12397287399653578, "p50": 0.9175712090000161, "p90": 9.667504555200871, "p95": 21.69688932520075, "p99": 23.882658889162098, "max": 26.068581787003495}, "TPOT": {"unit": "ms", "min": 20.82523437688243, "p50": 75.13563076883025, "p90": 139.5470866864362, "p95": 141.67816858491793, "p99": 142.08733446371033, "max": 148.72902141707445}, "Input Tokens per Minute": {"unit": "tokens/min", "min": 1147965.2805073957, "p50": 1147965.2805073957, "p90": 1147965.2805073957, "p95": 1147965.2805073957, "p99": 1147965.2805073957, "max": 1147965.2805073957}, "Output Tokens per Minute": {"unit": "tokens/min", "min": 57152.96330323013, "p50": 57152.96330323013, "p90": 57152.96330323013, "p95": 57152.96330323013, "p99": 57152.96330323013, "max": 57152.96330323013}}
{"actual_qps": 5.29507392989861, "success_rate": 100.0, "input_tokens": 3956, "output_tokens": 199, "model": "QwQ-32B", "input_tokens_per_minute": 1227843.928752975, "output_tokens_per_minute": 61918.97374176865, "slo_seconds": 5.0, "slo_attainment": 0.0,