{"actual_qps": 5.779133318541615, "success_rate": 100.0, "input_tokens": 4044, "output_tokens": 198, "model": "QwQ-32B", "input_tokens_per_minute": 1158654.9814332777, "output_tokens_per_minute": 56920.0177004668, "slo_seconds": 5.0, "slo_attainment": 0.3448275862068966, "ttft_slo_ms": 1000, "ttft_slo_attainment": 24.137931034482758, "tpot_slo_ms": 50, "tpot_slo_attainment": 90.0, "Latency": {"unit": "s", "min": 2.0921594640003605, "p50": 9.720667691000017, "p90": 13.75938575850014, "p95": 14.734955475799872, "p99": 17.18155928361073, "max": 17.742663453000205}, "Throughput": {"unit": "tokens/s", "min": 4.127462040233249, "p50": 20.506288462347932, "p90": 28.66434665396281, "p95": 29.883808274450388, "p99": 33.91638852655594, "max": 38.18371700427212}, "TTFT": {"unit": "s", "min": 0.19962121099888464, "p50": 1.7454195935006283, "p90": 4.499539859399738, "p95": 5.481481484749565, "p99": 7.192725950699114, "max": 8.12763349800116}, "TPOT": {"unit": "ms", "min": 23.69292366833791, "p50": 39.25318166080277, "p90": 49.92493587788936, "p95": 53.032797647991906, "p99": 61.327178050105545, "max": 131.72105160713596}, "Input Tokens per Minute": {"unit": "tokens/min", "min": 1158654.9814332777, "p50": 1158654.9814332777, "p90": 1158654.9814332777, "p95": 1158654.9814332777, "p99": 1158654.9814332777, "max": 1158654.9814332777}, "Output Tokens per Minute": {"unit": "tokens/min", "min": 56920.0177004668, "p50": 56920.0177004668, "p90": 56920.0177004668, "p95": 56920.0177004668, "p99": 56920.0177004668, "max": 56920.0177004668}}
{"actual_qps": 4.489138160154422, "success_rate": 100.0, "input_tokens": 3968, "output_tokens": 199, "model": "QwQ-32B", "input_tokens_per_minute": 1182184.388439387, "output_tokens_per_minute": 59441.43202953669, "slo_seconds": 5.0, "slo_attainment": 0.33003300330033003, "ttft_slo_ms": 1000, "ttft_slo_attainment": 74.25742574257426, "tpot_slo_ms": 50, "tpot_slo_attainment": 100.0, "Latency": {"unit": "s", "min": 3.249688611000238, "p50": 7.455042281000715, "p90": 9.123253312399902, "p95": 9.422060412398787, "p99": 10.376592133019805, "max": 11.25116485899889}, "Throughput": {"unit": "tokens/s", "min": 17.775937203518644, "p50": 26.82697661652727, "p90": 32.319130231833505, "p95": 34.06961974347082, "p99": 37.79052932219138, "max": 38.48490888871346}, "TTFT": {"unit": "s", "min": 0.16011907599931874, "p50": 0.7618398479989992, "p90": 1.2001911266004754, "p95": 1.406962576800106, "p99": 1.8829925263787686, "max": 2.130318299999999}, "TPOT": {"unit": "ms", "min": 22.287809276381427, "p50": 33.57902237688328, "p90": 40.90377769145799, "p95": 42.99115858391623, "p99": 47.12178605628258, "max": 48.886153703516634}, "Input Tokens per Minute": {"unit": "tokens/min", "min": 1182184.388439387, "p50": 1182184.388439387, "p90": 1182184.388439387, "p95": 1182184.388439387, "p99": 1182184.388439387, "max": 1182184.388439387}, "Output Tokens per Minute": {"unit": "tokens/min", "min": 59441.43202953669, "p50": 59441.43202953669, "p90": 59441.43202953669, "p95": 59441.43202953669, "p99": 59441.43202953669, "max": 59441.43202953669}}
{"actual_qps": 4.808535647080091, "success_rate": 100.0, "input_tokens": 4023, "output_tokens": 199, "model": "QwQ-32B", "input_tokens_per_minute": 1143120.0392394506, "output_tokens_per_minute": 56735.16983503192, "slo_seconds": 5.0, "slo_attainment": 0.34602076124567477, "ttft_slo_ms": 1000, "ttft_slo_attainment": 73.70242214532871, "tpot_slo_ms": 50, "tpot_slo_attainment": 95.8477508650519, "Latency": {"unit": "s", "min": 4.981671239998832, "p50": 7.57315638, "p90": 10.065929145000336, "p95": 10.809392768800164, "p99": 11.960897370279927, "max": 13.449449658999583}, "Throughput": {"unit": "tokens/s", "min": 14.870496940086445, "p50": 26.37985169742757, "p90": 33.62119481851805, "p95": 35.654078647124294, "p99": 38.710656288628435, "max": 40.14716956714448}, "TTFT": {"unit": "s", "min": 0.13855021199924522, "p50": 0.7102179379999143, "p90": 1.3018242066005767, "p95": 1.661473960399234, "p99": 2.361365138119874, "max": 3.048234964000585}, "TPOT": {"unit": "ms", "min": 22.914147592960195, "p50": 34.64014695980118, "p90": 45.987418960807254, "p95": 48.8735613879383, "p99": 54.44387812823595, "max": 56.75613189949711}, "Input Tokens per Minute": {"unit": "tokens/min", "min": 1143120.0392394506, "p50": 1143120.0392394506, "p90": 1143120.0392394506, "p95": 1143120.0392394506, "p99": 1143120.0392394506, "max": 1143120.0392394506}, "Output Tokens per Minute": {"unit": "tokens/min", "min": 56735.16983503192, "p50": 56735.16983503192, "p90": 56735.16983503192, "p95": 56735.16983503192, "p99": 56735.16983503192, "max": 56735.16983503192}}
{"actual_qps": 4.773832319443676, "success_rate": 100.0, "input_tokens": 4033, "output_tokens": 198, "model": "QwQ-32B", "input_tokens_per_minute": 1221331.311567525, "output_tokens_per_minute": 60222.93527858547, "slo_seconds": 5.0, "slo_attainment": 3.896103896103896, "ttft_slo_ms": 1000, "ttft_slo_attainment": 84.4155844155844, "tpot_slo_ms": 50, "tpot_slo_attainment": 100.0, "Latency": {"unit": "s", "min": 1.7547555210003338, "p50": 7.462654978499813, "p90": 9.106635822200042, "p95": 9.596905939300267, "p99": 10.004661737538664, "max": 10.738303698999516}, "Throughput": {"unit": "tokens/s", "min": 18.624915592453764, "p50": 26.75390646311066, "p90": 34.29174539375152, "p95": 37.15537233208575, "p99": 42.14395062124761, "max": 45.69713887347745}, "TTFT": {"unit": "s", "min": 0.05659831299999496, "p50": 0.5898543629991764, "p90": 1.1236705270997847, "p95": 1.3063195976498712, "p99": 1.8365548660097193, "max": 2.1105198220011516}, "TPOT": {"unit": "ms", "min": 18.78833582354584, "p50": 33.664102288945905, "p90": 42.54558787739077, "p95": 44.24771293291969, "p99": 47.09284122558264, "max": 49.23698410050349}, "Input Tokens per Minute": {"unit": "tokens/min", "min": 1221331.311567525, "p50": 1221331.311567525, "p90": 1221331.311567525, "p95": 1221331.311567525, "p99": 1221331.311567525, "max": 1221331.311567525}, "Output Tokens per Minute": {"unit": "tokens/min", "min": 60222.93527858547, "p50": 60222.93527858547, "p90": 60222.93527858547, "p95": 60222.93527858547, "p99": 60222.93527858547, "max": 60222.93527858547}}
{"actual_qps": 5.524643060671002, "success_rate": 100.0, "input_tokens": 3855, "output_tokens": 198, "model": "QwQ-32B", "input_tokens_per_minute": 1182601.1901722131, "output_tokens_per_minute": 61029.01410150371, "slo_seconds": 5.0, "slo_attainment": 1.6025641025641024, "ttft_slo_ms": 1000, "ttft_slo_attainment": 98.3974358974359, "tpot_slo_ms": 50, "tpot_slo_attainment": 99.35897435897436, "Latency": {"unit": "s", "min": 1.1224242980006238, "p50": 7.60574619199997, "p90": 8.84235656490091, "p95": 9.182068738699396, "p99": 10.50824547238977, "max": 10.781984679000743}, "Throughput": {"unit": "tokens/s", "min": 18.549460600655916, "p50": 26.29593002533734, "p90": 33.80798832161819, "p95": 34.81410520740196, "p99": 37.42455681780879, "max": 42.084675804062506}, "TTFT": {"unit": "s", "min": 0.059450744000059785, "p50": 0.49893912699917564, "p90": 0.8702574398996149, "p95": 0.9204204749506061, "p99": 1.0968866385589708, "max": 1.5682813250004983}, "TPOT": {"unit": "ms", "min": 20.046336068183088, "p50": 35.28310008040256, "p90": 41.54994570200788, "p95": 44.183022808793616, "p99": 49.528185943419075, "max": 51.18793102512391}, "Input Tokens per Minute": {"unit": "tokens/min", "min": 1182601.1901722131, "p50": 1182601.1901722131, "p90": 1182601.1901722131, "p95": 1182601.1901722131, "p99": 1182601.1901722131, "max": 1182601.1901722131}, "Output Tokens per Minute": {"unit": "tokens/min", "min": 61029.01410150371, "p50": 61029.01410150371, "p90": 61029.01410150371, "p95": 61029.01410150371, "p99": 61029.01410150371, "max": 61029.01410150371}}
{"actual_qps": 4.666617359343238, "success_rate": 100.0, "input_tokens": 3907, "output_tokens": 200, "model": "QwQ-32B", "input_tokens_per_minute": 1152394.8608177842, "output_tokens_per_minute": 58981.37728670043, "slo_seconds": 5.0,