{"actual_qps": 1.2494294632994742, "success_rate": 100.0, "input_tokens": 3887, "output_tokens": 199, "model": "QwQ-32B", "input_tokens_per_minute": 264213.3502014426, "output_tokens_per_minute": 13587.795299274443, "slo_seconds": 5.0, "slo_attainment": 1.4705882352941175, "ttft_slo_ms": 1000, "ttft_slo_attainment": 79.41176470588235, "tpot_slo_ms": 50, "tpot_slo_attainment": 73.52941176470588, "Latency": {"unit": "s", "min": 4.916799250000622, "p50": 8.563911162499608, "p90": 12.678554921999059, "p95": 12.949852688900592, "p99": 14.350006495409845, "max": 17.00390475399945}, "Throughput": {"unit": "tokens/s", "min": 11.76200425099173, "p50": 23.357360946628432, "p90": 30.778573532187636, "p95": 32.09818181354625, "p99": 36.78092750914025, "max": 40.67686920509815}, "TTFT": {"unit": "s", "min": 0.1292264570001862, "p50": 0.6561867764994531, "p90": 1.2080928053008397, "p95": 2.1588190193495387, "p99": 3.9426079676702397, "max": 6.617112292000456}, "TPOT": {"unit": "ms", "min": 24.05815473869566, "p50": 39.99720714824005, "p90": 56.32452086180579, "p95": 60.6671462517652, "p99": 62.55247292391663, "max": 63.01768908040447}, "Input Tokens per Minute": {"unit": "tokens/min", "min": 264213.3502014426, "p50": 264213.3502014426, "p90": 264213.3502014426, "p95": 264213.3502014426, "p99": 264213.3502014426, "max": 264213.3502014426}, "Output Tokens per Minute": {"unit": "tokens/min", "min": 13587.795299274443, "p50": 13587.795299274443, "p90": 13587.795299274443, "p95": 13587.795299274443, "p99": 13587.795299274443, "max": 13587.795299274443}}
{"actual_qps": 1.49893037672357, "success_rate": 100.0, "input_tokens": 3794, "output_tokens": 200, "model": "QwQ-32B", "input_tokens_per_minute": 326136.27208059654, "output_tokens_per_minute": 17187.73498643027, "slo_seconds": 5.0, "slo_attainment": 1.1627906976744187, "ttft_slo_ms": 1000, "ttft_slo_attainment": 100.0, "tpot_slo_ms": 50, "tpot_slo_attainment": 100.0, "Latency": {"unit": "s", "min": 4.983669597000699, "p50": 6.963916449500175, "p90": 8.870095302499976, "p95": 8.972586905750632, "p99": 9.639341503651215, "max": 9.91008130299997}, "Throughput": {"unit": "tokens/s", "min": 20.18146914086933, "p50": 28.71954642022135, "p90": 35.9950844407528, "p95": 36.69929548483482, "p99": 39.423107104603055, "max": 40.13107131346853}, "TTFT": {"unit": "s", "min": 0.06598249799935729, "p50": 0.4254459969997697, "p90": 0.6017241374993318, "p95": 0.6426646347504175, "p99": 0.7511107532000101, "max": 0.8154522749991884}, "TPOT": {"unit": "ms", "min": 22.90294483919299, "p50": 32.96738381909769, "p90": 42.100214791453574, "p95": 42.91816293844296, "p99": 45.876327213072415, "max": 47.46891419096239}, "Input Tokens per Minute": {"unit": "tokens/min", "min": 326136.27208059654, "p50": 326136.27208059654, "p90": 326136.27208059654, "p95": 326136.27208059654, "p99": 326136.27208059654, "max": 326136.27208059654}, "Output Tokens per Minute": {"unit": "tokens/min", "min": 17187.73498643027, "p50": 17187.73498643027, "p90": 17187.73498643027, "p95": 17187.73498643027, "p99": 17187.73498643027, "max": 17187.73498643027}}
{"actual_qps": 1.2593407438807511, "success_rate": 100.0, "input_tokens": 3991, "output_tokens": 200, "model": "QwQ-32B", "input_tokens_per_minute": 301630.51390877354, "output_tokens_per_minute": 15112.088926569013, "slo_seconds": 5.0, "slo_attainment": 1.282051282051282, "ttft_slo_ms": 1000, "ttft_slo_attainment": 92.3076923076923, "tpot_slo_ms": 50, "tpot_slo_attainment": 92.3076923076923, "Latency": {"unit": "s", "min": 4.918588597000053, "p50": 7.731730563500605, "p90": 9.978324169799999, "p95": 10.833252488199374, "p99": 12.217563839921041, "max": 12.37234739500127}, "Throughput": {"unit": "tokens/s", "min": 16.165081177788853, "p50": 25.86747057019362, "p90": 33.88458932018731, "p95": 34.67404365095024, "p99": 37.809670300875226, "max": 40.662071253933306}, "TTFT": {"unit": "s", "min": 0.08077933599997777, "p50": 0.47814598950026266, "p90": 0.8628138146998026, "p95": 1.0629552886508462, "p99": 1.114694066349839, "max": 1.1193919480010663}, "TPOT": {"unit": "ms", "min": 21.764912793971703, "p50": 36.19008003768879, "p90": 48.109719387935336, "p95": 51.45390063843977, "p99": 57.347105304876315, "max": 59.01057781909857}, "Input Tokens per Minute": {"unit": "tokens/min", "min": 301630.51390877354, "p50": 301630.51390877354, "p90": 301630.51390877354, "p95": 301630.51390877354, "p99": 301630.51390877354, "max": 301630.51390877354}, "Output Tokens per Minute": {"unit": "tokens/min", "min": 15112.088926569013, "p50": 15112.088926569013, "p90": 15112.088926569013, "p95": 15112.088926569013, "p99": 15112.088926569013, "max": 15112.088926569013}}
{"actual_qps": 1.2999983238688184, "success_rate": 100.0, "input_tokens": 4066, "output_tokens": 200, "model": "QwQ-32B", "input_tokens_per_minute": 295454.90064551216, "output_tokens_per_minute": 14530.854737085589, "slo_seconds": 5.0, "slo_attainment": 2.666666666666667, "ttft_slo_ms": 1000, "ttft_slo_attainment": 96.0, "tpot_slo_ms": 50, "tpot_slo_attainment": 100.0, "Latency": {"unit": "s", "min": 4.674437978001151, "p50": 7.2239177739993465, "p90": 8.744746985199892, "p95": 9.176938447800604, "p99": 9.514759933480272, "max": 9.5978158300004}, "Throughput": {"unit": "tokens/s", "min": 20.838074364257903, "p50": 27.685807930960827, "p90": 36.368143159552055, "p95": 38.86534968698645, "p99": 42.29713138169452, "max": 42.7858923235778}, "TTFT": {"unit": "s", "min": 0.04461057300068205, "p50": 0.4772175669986609, "p90": 0.7281221003995597, "p95": 0.7782035269996411, "p99": 1.2019087263788981, "max": 1.3522160559987242}, "TPOT": {"unit": "ms", "min": 22.409169140705693, "p50": 34.177487351759865, "p90": 41.49293394974798, "p95": 44.1300980728675, "p99": 44.92627970653198, "max": 45.24977669346632}, "Input Tokens per Minute": {"unit": "tokens/min", "min": 295454.90064551216, "p50": 295454.90064551216, "p90": 295454.90064551216, "p95": 295454.90064551216, "p99": 295454.90064551216, "max": 295454.90064551216}, "Output Tokens per Minute": {"unit": "tokens/min", "min": 14530.854737085589, "p50": 14530.854737085589, "p90": 14530.854737085589, "p95": 14530.854737085589, "p99": 14530.854737085589, "max": 14530.854737085589}}
{"actual_qps": 1.3174683539545395, "success_rate": 100.0, "input_tokens": 4131, "output_tokens": 199, "model": "QwQ-32B", "input_tokens_per_minute": 338383.01650123944, "output_tokens_per_minute": 16349.623541448853, "slo_seconds": 5.0, "slo_attainment": 1.1627906976744187, "ttft_slo_ms": 1000, "ttft_slo_attainment": 98.83720930232558, "tpot_slo_ms": 50, "tpot_slo_attainment": 100.0, "Latency": {"unit": "s", "min": 4.733266453999022, "p50": 7.554967477500213, "p90": 9.08390519599925, "p95": 9.431946546500512, "p99": 10.271127494650136, "max": 10.313321350999104}, "Throughput": {"unit": "tokens/s", "min": 19.392394864203954, "p50": 26.436996588275548, "p90": 35.042566335456385, "p95": 36.185673575892935, "p99": 37.99040769246082, "max": 42.25411815365367}, "TTFT": {"unit": "s", "min": 0.09011382899916498, "p50": 0.4563735204992554, "p90": 0.7175048669996613, "p95": 0.7407237767492916, "p99": 0.9325006490992602, "max": 1.511861119999594}, "TPOT": {"unit": "ms", "min": 22.911967879393266, "p50": 35.757113055278666, "p90": 43.476920804023024, "p95": 44.7918002977389, "p99": 47.99156975678858, "max": 48.1679659597972}, "Input Tokens per Minute": {"unit": "tokens/min", "min": 338383.01650123944, "p50": 338383.01650123944, "p90": 338383.01650123944, "p95": 338383.01650123944, "p99": 338383.01650123944, "max": 338383.01650123944}, "Output Tokens per Minute": {"unit": "tokens/min", "min": 16349.623541448853, "p50": 16349.623541448853, "p90": 16349.623541448853, "p95": 16349.623541448853, "p99": 16349.623541448853, "max": 16349.623541448853}}
{"actual_qps": 1.1967255268135686, "success_rate": 100.0, "input_tokens": 3916, "output_tokens": 200, "model": "QwQ-32B", "input_tokens_per_minute": 276047.39816169784, "output_tokens_per_minute": 14095.32407604375,