{"actual_qps": 5.409233533444609, "success_rate": 100.0, "input_tokens": 3853, "output_tokens": 200, "model": "QwQ-32B", "input_tokens_per_minute": 913266.4683736113, "output_tokens_per_minute": 47404.55569309639, "slo_seconds": 5.0, "slo_attainment": 0.0, "ttft_slo_ms": 1000, "ttft_slo_attainment": 0.0, "tpot_slo_ms": 50, "tpot_slo_attainment": 34.85477178423236, "Latency": {"unit": "s", "min": 8.000877250000485, "p50": 16.722249965998344, "p90": 20.20357846999832, "p95": 21.70231558100204, "p99": 24.818866385998255, "max": 28.840092332000495}, "Throughput": {"unit": "tokens/s", "min": 6.934790558145449, "p50": 11.960113047386784, "p90": 18.357651421976822, "p95": 21.499143002779984, "p99": 23.107853367770826, "max": 24.997258894327853}, "TTFT": {"unit": "s", "min": 1.4075431460005348, "p50": 4.811342818997218, "p90": 7.18150707300083, "p95": 7.806410247001622, "p99": 10.991404642000264, "max": 12.978512276000401}, "TPOT": {"unit": "ms", "min": 17.678450904507248, "p50": 61.06824835176064, "p90": 75.62818052261791, "p95": 77.76447065326973, "p99": 81.24192078089185, "max": 88.81444551760563}, "Input Tokens per Minute": {"unit": "tokens/min", "min": 913266.4683736113, "p50": 913266.4683736113, "p90": 913266.4683736113, "p95": 913266.4683736113, "p99": 913266.4683736113, "max": 913266.4683736113}, "Output Tokens per Minute": {"unit": "tokens/min", "min": 47404.55569309639, "p50": 47404.55569309639, "p90": 47404.55569309639, "p95": 47404.55569309639, "p99": 47404.55569309639, "max": 47404.55569309639}}
{"actual_qps": 5.594728621215095, "success_rate": 100.0, "input_tokens": 3777, "output_tokens": 198, "model": "QwQ-32B", "input_tokens_per_minute": 1244474.8211234307, "output_tokens_per_minute": 65524.504533129744, "slo_seconds": 5.0, "slo_attainment": 0.0, "ttft_slo_ms": 1000, "ttft_slo_attainment": 0.0, "tpot_slo_ms": 50, "tpot_slo_attainment": 35.52238805970149, "Latency": {"unit": "s", "min": 6.974481662000471, "p50": 20.661537831001624, "p90": 30.86025925160066, "p95": 33.63610682909566, "p99": 36.959744036661725, "max": 40.85033248199761}, "Throughput": {"unit": "tokens/s", "min": 2.089144294122564, "p50": 9.671752971320766, "p90": 13.561811967053535, "p95": 15.25535607768688, "p99": 19.5226450149332, "max": 28.675966142354806}, "TTFT": {"unit": "s", "min": 1.146884036999836, "p50": 8.104254847996344, "p90": 15.99167699820391, "p95": 19.87418738710185, "p99": 23.169687684640245, "max": 24.01322493099724}, "TPOT": {"unit": "ms", "min": 23.14108047739956, "p50": 64.0409262110488, "p90": 86.3195965788956, "p95": 90.74635621708416, "p99": 98.94020046093806, "max": 159.09688997726334}, "Input Tokens per Minute": {"unit": "tokens/min", "min": 1244474.8211234307, "p50": 1244474.8211234307, "p90": 1244474.8211234307, "p95": 1244474.8211234307, "p99": 1244474.8211234307, "max": 1244474.8211234307}, "Output Tokens per Minute": {"unit": "tokens/min", "min": 65524.504533129744, "p50": 65524.504533129744, "p90": 65524.504533129744, "p95": 65524.504533129744, "p99": 65524.504533129744, "max": 65524.504533129744}}
{"actual_qps": 5.531111687536141, "success_rate": 94.66666666666667, "input_tokens": 3648, "output_tokens": 198, "model": "QwQ-32B", "input_tokens_per_minute": 764238.1505391881, "output_tokens_per_minute": 41660.933177584295, "slo_seconds": 5.0, "slo_attainment": 0.0, "ttft_slo_ms": 1000, "ttft_slo_attainment": 0.0, "tpot_slo_ms": 50, "tpot_slo_attainment": 42.22222222222222, "Latency": {"unit": "s", "min": 10.530267775000539, "p50": 22.806456174999767, "p90": 35.21642022179731, "p95": 36.86750743279699, "p99": 42.97061734008137, "max": 51.01368845200341}, "Throughput": {"unit": "tokens/s", "min": 2.0113014149189166, "p50": 8.765740420218682, "p90": 11.90059658308132, "p95": 12.523945831074423, "p99": 13.835464362703865, "max": 18.992869343247996}, "TTFT": {"unit": "s", "min": 2.5557031960051972, "p50": 11.023985841995454, "p90": 24.693685944000027, "p95": 28.00569069880002, "p99": 33.078239517722686, "max": 37.037754513003165}, "TPOT": {"unit": "ms", "min": 26.915473477381408, "p50": 51.420389412047896, "p90": 73.6416154492447, "p95": 78.45928548139354, "p99": 89.18661100743394, "max": 140.23407100005608}, "Input Tokens per Minute": {"unit": "tokens/min", "min": 764238.1505391881, "p50": 764238.1505391881, "p90": 764238.1505391881, "p95": 764238.1505391881, "p99": 764238.1505391881, "max": 764238.1505391881}, "Output Tokens per Minute": {"unit": "tokens/min", "min": 41660.933177584295, "p50": 41660.933177584295, "p90": 41660.933177584295, "p95": 41660.933177584295, "p99": 41660.933177584295, "max": 41660.933177584295}, "exceptions": {"Request timed out.": 12}}
{"actual_qps": 5.721689604804791, "success_rate": 100.0, "input_tokens": 3728, "output_tokens": 199, "model": "QwQ-32B", "input_tokens_per_minute": 1822305.8666150873, "output_tokens_per_minute": 97498.97569782387, "slo_seconds": 5.0, "slo_attainment": 0.2012072434607646, "ttft_slo_ms": 1000, "ttft_slo_attainment": 13.480885311871226, "tpot_slo_ms": 50, "tpot_slo_attainment": 28.169014084507044, "Latency": {"unit": "s", "min": 3.417994115006877, "p50": 19.541442804002145, "p90": 38.46422372800153, "p95": 46.095192322396905, "p99": 51.56655969780084, "max": 60.1896860199995}, "Throughput": {"unit": "tokens/s", "min": 3.322828431660951, "p50": 10.204284223616913, "p90": 24.630929524063507, "p95": 26.725025441138445, "p99": 29.93400042154546, "max": 33.06758096267764}, "TTFT": {"unit": "s", "min": 0.14725302700389875, "p50": 3.0137498710028012, "p90": 22.38463599920506, "p95": 28.26079253260395, "p99": 32.37639092628059, "max": 38.807886326998414}, "TPOT": {"unit": "ms", "min": 29.112601026319776, "p50": 75.15298309045653, "p90": 101.18806908039048, "p95": 110.7292575527602, "p99": 114.69052525846483, "max": 116.57556814572133}, "Input Tokens per Minute": {"unit": "tokens/min", "min": 1822305.8666150873, "p50": 1822305.8666150873, "p90": 1822305.8666150873, "p95": 1822305.8666150873, "p99": 1822305.8666150873, "max": 1822305.8666150873}, "Output Tokens per Minute": {"unit": "tokens/min", "min": 97498.97569782387, "p50": 97498.97569782387, "p90": 97498.97569782387, "p95": 97498.97569782387, "p99": 97498.97569782387, "max": 97498.97569782387}}
{"actual_qps": 5.866538486906996, "success_rate": 100.0, "input_tokens": 3846, "output_tokens": 200, "model": "QwQ-32B", "input_tokens_per_minute": 1286383.5955465476, "output_tokens_per_minute": 66877.79641349698, "slo_seconds": 5.0, "slo_attainment": 0.0, "ttft_slo_ms": 1000, "ttft_slo_attainment": 57.35294117647059, "tpot_slo_ms": 50, "tpot_slo_attainment": 93.82352941176471, "Latency": {"unit": "s", "min": 5.738766677000967, "p50": 8.399721118501475, "p90": 10.793342141898759, "p95": 11.278404890404273, "p99": 12.884893109902114, "max": 13.357070078003744}, "Throughput": {"unit": "tokens/s", "min": 14.973343617426812, "p50": 23.810316148491378, "p90": 28.87106833143844, "p95": 29.96737245678359, "p99": 31.27172105001059, "max": 34.85069375647075}, "TTFT": {"unit": "s", "min": 0.09756494800240034, "p50": 0.8808640954994189, "p90": 1.7170343802994465, "p95": 1.9302646856038337, "p99": 2.572005724867486, "max": 3.284608166999533}, "TPOT": {"unit": "ms", "min": 26.79702476887167, "p50": 37.63187076381554, "p90": 47.88340325024149, "p95": 50.62696394750711, "p99": 56.461170583964275, "max": 59.32669776882163}, "Input Tokens per Minute": {"unit": "tokens/min", "min": 1286383.5955465476, "p50": 1286383.5955465476, "p90": 1286383.5955465476, "p95": 1286383.5955465476, "p99": 1286383.5955465476, "max": 1286383.5955465476}, "Output Tokens per Minute": {"unit": "tokens/min", "min": 66877.79641349698, "p50": 66877.79641349698, "p90": 66877.79641349698, "p95": 66877.79641349698, "p99": 66877.79641349698, "max": 66877.79641349698}}
{"actual_qps": 5.721318621149518, "success_rate": 100.0, "input_tokens": 3723, "output_tokens": 199, "model": "QwQ-32B", "input_tokens_per_minute": 1259605.9225619845, "output_tokens_per_minute": 67561.32683272316, "slo_seconds": 5.0,