{"actual_qps": 5.2242831229143025, "success_rate": 100.0, "input_tokens": 3887, "output_tokens": 199, "model": "QwQ-32B", "input_tokens_per_minute": 799510.9788553325, "output_tokens_per_minute": 41043.89820355826, "slo_seconds": 5.0, "slo_attainment": 0.0, "ttft_slo_ms": 1000, "ttft_slo_attainment": 0.0, "tpot_slo_ms": 50, "tpot_slo_attainment": 17.96116504854369, "Latency": {"unit": "s", "min": 10.720880180997483, "p50": 19.33942058899993, "p90": 21.659542318499007, "p95": 22.602756855249027, "p99": 23.37994608920126, "max": 32.68307800400362}, "Throughput": {"unit": "tokens/s", "min": 6.119374679933768, "p50": 10.340912176517357, "p90": 14.783543998690428, "p95": 15.54538974289522, "p99": 17.63012902969898, "max": 18.65518470717502}, "TTFT": {"unit": "s", "min": 1.790303400994162, "p50": 6.453415708998364, "p90": 9.41452050099906, "p95": 10.205874733248493, "p99": 11.701949863347181, "max": 19.448906996003643}, "TPOT": {"unit": "ms", "min": 30.277201552761557, "p50": 60.42741985174642, "p90": 73.66177531907829, "p95": 74.39575695728185, "p99": 80.76038266759431, "max": 88.63492152631169}, "Input Tokens per Minute": {"unit": "tokens/min", "min": 799510.9788553325, "p50": 799510.9788553325, "p90": 799510.9788553325, "p95": 799510.9788553325, "p99": 799510.9788553325, "max": 799510.9788553325}, "Output Tokens per Minute": {"unit": "tokens/min", "min": 41043.89820355826, "p50": 41043.89820355826, "p90": 41043.89820355826, "p95": 41043.89820355826, "p99": 41043.89820355826, "max": 41043.89820355826}}
{"actual_qps": 5.255495310465145, "success_rate": 100.0, "input_tokens": 3954, "output_tokens": 198, "model": "QwQ-32B", "input_tokens_per_minute": 1348956.737820863, "output_tokens_per_minute": 67699.70402478997, "slo_seconds": 5.0, "slo_attainment": 0.0, "ttft_slo_ms": 1000, "ttft_slo_attainment": 1.4534883720930232, "tpot_slo_ms": 50, "tpot_slo_attainment": 41.27906976744186, "Latency": {"unit": "s", "min": 6.380054419998487, "p50": 15.461409517498396, "p90": 23.909484789303676, "p95": 26.49593865235038, "p99": 29.58474500088857, "max": 32.019925895001506}, "Throughput": {"unit": "tokens/s", "min": 5.140858560330532, "p50": 12.798140066332783, "p90": 19.78874314155645, "p95": 23.336274937119057, "p99": 27.012726359693946, "max": 31.347694993493086}, "TTFT": {"unit": "s", "min": 0.42959408200113103, "p50": 5.250337793000654, "p90": 11.537557442000251, "p95": 13.082961039296057, "p99": 16.645726933161203, "max": 18.51725527000235}, "TPOT": {"unit": "ms", "min": 15.083437613077022, "p50": 54.15891340954434, "p90": 77.52520865528571, "p95": 82.13120669449685, "p99": 90.59461484581874, "max": 95.06188903517123}, "Input Tokens per Minute": {"unit": "tokens/min", "min": 1348956.737820863, "p50": 1348956.737820863, "p90": 1348956.737820863, "p95": 1348956.737820863, "p99": 1348956.737820863, "max": 1348956.737820863}, "Output Tokens per Minute": {"unit": "tokens/min", "min": 67699.70402478997, "p50": 67699.70402478997, "p90": 67699.70402478997, "p95": 67699.70402478997, "p99": 67699.70402478997, "max": 67699.70402478997}}
{"actual_qps": 5.133235970352325, "success_rate": 100.0, "input_tokens": 3956, "output_tokens": 198, "model": "QwQ-32B", "input_tokens_per_minute": 1311925.225111878, "output_tokens_per_minute": 65988.48640405059, "slo_seconds": 5.0, "slo_attainment": 0.0, "ttft_slo_ms": 1000, "ttft_slo_attainment": 3.2640949554896146, "tpot_slo_ms": 50, "tpot_slo_attainment": 52.818991097922854, "Latency": {"unit": "s", "min": 5.822742169999401, "p50": 13.487956988996302, "p90": 21.977010594801687, "p95": 23.21708048539585, "p99": 26.228450385237803, "max": 27.449512455998047}, "Throughput": {"unit": "tokens/s", "min": 2.946469607606381, "p50": 14.814760740941562, "p90": 21.911758154678594, "p95": 24.205146686017954, "p99": 27.264925031795077, "max": 34.34807761718575}, "TTFT": {"unit": "s", "min": 0.21737173099973006, "p50": 4.060496471996885, "p90": 8.490842335003256, "p95": 9.95552906779776, "p99": 12.80374513004208, "max": 15.172109952000028}, "TPOT": {"unit": "ms", "min": 24.083612899511852, "p50": 48.348774391964454, "p90": 75.55443196884772, "p95": 83.015782850256, "p99": 91.52376591740118, "max": 95.84370227134261}, "Input Tokens per Minute": {"unit": "tokens/min", "min": 1311925.225111878, "p50": 1311925.225111878, "p90": 1311925.225111878, "p95": 1311925.225111878, "p99": 1311925.225111878, "max": 1311925.225111878}, "Output Tokens per Minute": {"unit": "tokens/min", "min": 65988.48640405059, "p50": 65988.48640405059, "p90": 65988.48640405059, "p95": 65988.48640405059, "p99": 65988.48640405059, "max": 65988.48640405059}}
{"actual_qps": 5.0819257702602, "success_rate": 100.0, "input_tokens": 4085, "output_tokens": 198, "model": "QwQ-32B", "input_tokens_per_minute": 1165446.2335482396, "output_tokens_per_minute": 56730.02917268269, "slo_seconds": 5.0, "slo_attainment": 0.0, "ttft_slo_ms": 1000, "ttft_slo_attainment": 23.448275862068964, "tpot_slo_ms": 50, "tpot_slo_attainment": 23.103448275862068, "Latency": {"unit": "s", "min": 6.572581829997944, "p50": 15.012495040497015, "p90": 22.973517486400674, "p95": 24.427344257852386, "p99": 27.03056871342284, "max": 28.16649594699993}, "Throughput": {"unit": "tokens/s", "min": 4.440762541068718, "p50": 13.01449098131463, "p90": 23.10846615579004, "p95": 25.49677127960395, "p99": 29.119153393124304, "max": 30.42944236725655}, "TTFT": {"unit": "s", "min": 0.09376100500230677, "p50": 1.748667474497779, "p90": 4.190013507701952, "p95": 4.801028753451465, "p99": 5.44067727373069, "max": 5.482485490996623}, "TPOT": {"unit": "ms", "min": 27.95423248242505, "p50": 67.30052802513043, "p90": 97.41622853116176, "p95": 105.44867360904529, "p99": 115.1275420499463, "max": 116.78420752762226}, "Input Tokens per Minute": {"unit": "tokens/min", "min": 1165446.2335482396, "p50": 1165446.2335482396, "p90": 1165446.2335482396, "p95": 1165446.2335482396, "p99": 1165446.2335482396, "max": 1165446.2335482396}, "Output Tokens per Minute": {"unit": "tokens/min", "min": 56730.02917268269, "p50": 56730.02917268269, "p90": 56730.02917268269, "p95": 56730.02917268269, "p99": 56730.02917268269, "max": 56730.02917268269}}
{"actual_qps": 5.098414468164906, "success_rate": 100.0, "input_tokens": 4032, "output_tokens": 199, "model": "QwQ-32B", "input_tokens_per_minute": 1320704.3116885484, "output_tokens_per_minute": 65390.61428374225, "slo_seconds": 5.0, "slo_attainment": 0.3003003003003003, "ttft_slo_ms": 1000, "ttft_slo_attainment": 55.25525525525525, "tpot_slo_ms": 50, "tpot_slo_attainment": 88.58858858858859, "Latency": {"unit": "s", "min": 4.8162036150024505, "p50": 8.466895704994386, "p90": 11.3920063965983, "p95": 14.717632861596934, "p99": 17.33948209084425, "max": 18.625384063001547}, "Throughput": {"unit": "tokens/s", "min": 10.738033606366841, "p50": 23.620739536706555, "p90": 28.5165688612649, "p95": 29.671707974670586, "p99": 32.21387875062202, "max": 37.21843759278528}, "TTFT": {"unit": "s", "min": 0.08341679599834606, "p50": 0.8994616659983876, "p90": 1.9007377307978461, "p95": 2.360217931400984, "p99": 3.1816424981169984, "max": 3.445167694000702}, "TPOT": {"unit": "ms", "min": 26.32037451254273, "p50": 37.765522849248505, "p90": 51.17732071859299, "p95": 62.80553091859125, "p99": 76.15093894513883, "max": 81.00031028642383}, "Input Tokens per Minute": {"unit": "tokens/min", "min": 1320704.3116885484, "p50": 1320704.3116885484, "p90": 1320704.3116885484, "p95": 1320704.3116885484, "p99": 1320704.3116885484, "max": 1320704.3116885484}, "Output Tokens per Minute": {"unit": "tokens/min", "min": 65390.61428374225, "p50": 65390.61428374225, "p90": 65390.61428374225, "p95": 65390.61428374225, "p99": 65390.61428374225, "max": 65390.61428374225}}
{"actual_qps": 5.294974468554699, "success_rate": 100.0, "input_tokens": 3979, "output_tokens": 199, "model": "QwQ-32B", "input_tokens_per_minute": 1287625.9897436001, "output_tokens_per_minute": 64672.78537270747, "slo_seconds": 5.0, "slo_attainment": 0.0, "ttft_slo_ms": 1000,