{"actual_qps": 3.445722752019371, "success_rate": 100.0, "input_tokens": 3424, "output_tokens": 198, "model": "QwQ-32B", "input_tokens_per_minute": 238230.18641101706, "output_tokens_per_minute": 13799.636576591973, "slo_seconds": 5.0, "slo_attainment": 0.0, "ttft_slo_ms": 1000, "ttft_slo_attainment": 0.0, "tpot_slo_ms": 50, "tpot_slo_attainment": 13.88888888888889, "Latency": {"unit": "s", "min": 10.731044680003833, "p50": 24.150287542499427, "p90": 26.410846659494563, "p95": 26.80086190624861, "p99": 30.43171328835274, "max": 35.376040551003825}, "Throughput": {"unit": "tokens/s", "min": 5.653543949093105, "p50": 8.188900391349716, "p90": 11.79772938603171, "p95": 12.626100819849334, "p99": 14.722408825175071, "max": 18.637514423239598}, "TTFT": {"unit": "s", "min": 1.2842217329962295, "p50": 4.118999630998587, "p90": 9.11783503350307, "p95": 9.79709255329799, "p99": 10.650260209163392, "max": 10.988795240999025}, "TPOT": {"unit": "ms", "min": 28.496433864311076, "p50": 105.77711136933038, "p90": 117.56814149847919, "p95": 120.49525780906029, "p99": 126.37452699433229, "max": 135.74054239765553}, "Input Tokens per Minute": {"unit": "tokens/min", "min": 238230.18641101706, "p50": 238230.18641101706, "p90": 238230.18641101706, "p95": 238230.18641101706, "p99": 238230.18641101706, "max": 238230.18641101706}, "Output Tokens per Minute": {"unit": "tokens/min", "min": 13799.636576591973, "p50": 13799.636576591973, "p90": 13799.636576591973, "p95": 13799.636576591973, "p99": 13799.636576591973, "max": 13799.636576591973}}
{"actual_qps": 3.317885518371416, "success_rate": 100.0, "input_tokens": 3720, "output_tokens": 198, "model": "QwQ-32B", "input_tokens_per_minute": 866291.4112963363, "output_tokens_per_minute": 46302.785063210584, "slo_seconds": 5.0, "slo_attainment": 0.0, "ttft_slo_ms": 1000, "ttft_slo_attainment": 0.0, "tpot_slo_ms": 50, "tpot_slo_attainment": 2.0746887966804977, "Latency": {"unit": "s", "min": 20.882361206997302, "p50": 35.57246954600123, "p90": 57.009226005997334, "p95": 59.43486451899662, "p99": 62.50737721519835, "max": 64.5720429139983}, "Throughput": {"unit": "tokens/s", "min": 1.9185428402056899, "p50": 5.620286363040329, "p90": 7.823155722691804, "p95": 8.606586530397669, "p99": 9.310344177796212, "max": 9.577460997704781}, "TTFT": {"unit": "s", "min": 2.052410776996112, "p50": 16.951830139005324, "p90": 33.470933340002375, "p95": 37.23927829100285, "p99": 42.75713328799902, "max": 47.41425335199892}, "TPOT": {"unit": "ms", "min": 35.54418880903266, "p50": 108.16043037187745, "p90": 140.6236837236193, "p95": 147.4841605728883, "p99": 167.16459671457486, "max": 195.39313517542035}, "Input Tokens per Minute": {"unit": "tokens/min", "min": 866291.4112963363, "p50": 866291.4112963363, "p90": 866291.4112963363, "p95": 866291.4112963363, "p99": 866291.4112963363, "max": 866291.4112963363}, "Output Tokens per Minute": {"unit": "tokens/min", "min": 46302.785063210584, "p50": 46302.785063210584, "p90": 46302.785063210584, "p95": 46302.785063210584, "p99": 46302.785063210584, "max": 46302.785063210584}}
{"actual_qps": 3.414859065430297, "success_rate": 100.0, "input_tokens": 3685, "output_tokens": 197, "model": "QwQ-32B", "input_tokens_per_minute": 505658.5257381878, "output_tokens_per_minute": 27101.736550205445, "slo_seconds": 5.0, "slo_attainment": 0.0, "ttft_slo_ms": 1000, "ttft_slo_attainment": 0.0, "tpot_slo_ms": 50, "tpot_slo_attainment": 5.633802816901409, "Latency": {"unit": "s", "min": 14.103217584000959, "p50": 34.741006438500335, "p90": 52.3199079421007, "p95": 57.64095156285474, "p99": 60.40499255128081, "max": 60.934751212000265}, "Throughput": {"unit": "tokens/s", "min": 3.1527682091359743, "p50": 5.711370167390372, "p90": 8.773090909474954, "p95": 9.649704933695867, "p99": 11.292955085693478, "max": 14.181161058373302}, "TTFT": {"unit": "s", "min": 2.5976558010006556, "p50": 13.556151282999053, "p90": 31.59061406170222, "p95": 34.825024058747296, "p99": 37.060425856710644, "max": 38.41040939199593}, "TPOT": {"unit": "ms", "min": 21.091179924636222, "p50": 100.08799208542165, "p90": 121.58994662060476, "p95": 124.82312591053078, "p99": 151.10009021981878, "max": 174.5289029403018}, "Input Tokens per Minute": {"unit": "tokens/min", "min": 505658.5257381878, "p50": 505658.5257381878, "p90": 505658.5257381878, "p95": 505658.5257381878, "p99": 505658.5257381878, "max": 505658.5257381878}, "Output Tokens per Minute": {"unit": "tokens/min", "min": 27101.736550205445, "p50": 27101.736550205445, "p90": 27101.736550205445, "p95": 27101.736550205445, "p99": 27101.736550205445, "max": 27101.736550205445}}
{"actual_qps": 3.341816278628651, "success_rate": 100.0, "input_tokens": 3767, "output_tokens": 198, "model": "QwQ-32B", "input_tokens_per_minute": 840886.1296487139, "output_tokens_per_minute": 44374.4684427347, "slo_seconds": 5.0, "slo_attainment": 0.0, "ttft_slo_ms": 1000, "ttft_slo_attainment": 0.0, "tpot_slo_ms": 50, "tpot_slo_attainment": 0.4329004329004329, "Latency": {"unit": "s", "min": 18.737293432001024, "p50": 39.58368959699874, "p90": 52.77539497199905, "p95": 54.78061494600115, "p99": 56.500677208701376, "max": 60.28624023299926}, "Throughput": {"unit": "tokens/s", "min": 1.4439063258221023, "p50": 5.027720514661856, "p90": 6.802913328352896, "p95": 7.818227327291715, "p99": 9.650356843449947, "max": 10.673900194060272}, "TTFT": {"unit": "s", "min": 1.0889946479946957, "p50": 14.890490663005039, "p90": 24.88328904800437, "p95": 27.02632147699842, "p99": 29.041901329599927, "max": 30.610238802000822}, "TPOT": {"unit": "ms", "min": 47.96804623619388, "p50": 131.22614489952525, "p90": 144.77467928138788, "p95": 147.85861680401874, "p99": 151.89284042212262, "max": 156.39908964322012}, "Input Tokens per Minute": {"unit": "tokens/min", "min": 840886.1296487139, "p50": 840886.1296487139, "p90": 840886.1296487139, "p95": 840886.1296487139, "p99": 840886.1296487139, "max": 840886.1296487139}, "Output Tokens per Minute": {"unit": "tokens/min", "min": 44374.4684427347, "p50": 44374.4684427347, "p90": 44374.4684427347, "p95": 44374.4684427347, "p99": 44374.4684427347, "max": 44374.4684427347}}
{"actual_qps": 3.6166542675706057, "success_rate": 100.0, "input_tokens": 3763, "output_tokens": 200, "model": "QwQ-32B", "input_tokens_per_minute": 872524.6271456903, "output_tokens_per_minute": 46372.34357857845, "slo_seconds": 5.0, "slo_attainment": 0.0, "ttft_slo_ms": 1000, "ttft_slo_attainment": 0.0, "tpot_slo_ms": 50, "tpot_slo_attainment": 0.0, "Latency": {"unit": "s", "min": 26.148490813000535, "p50": 34.2572088645029, "p90": 44.719847873894466, "p95": 50.3642426345501, "p99": 56.38042570653167, "max": 60.26449639900238}, "Throughput": {"unit": "tokens/s", "min": 3.318703580891631, "p50": 5.8381873037896925, "p90": 6.752001983322866, "p95": 7.009235153545124, "p99": 7.2851036845591395, "max": 7.648624979173321}, "TTFT": {"unit": "s", "min": 1.7099546589961392, "p50": 9.930531924001116, "p90": 19.48880438400083, "p95": 24.809514484997997, "p99": 30.697548877168444, "max": 35.87395521000144}, "TPOT": {"unit": "ms", "min": 111.77120681908555, "p50": 122.15765742211028, "p90": 129.88445529649218, "p95": 132.51810533666918, "p99": 139.5622149356236, "max": 141.26489192463694}, "Input Tokens per Minute": {"unit": "tokens/min", "min": 872524.6271456903, "p50": 872524.6271456903, "p90": 872524.6271456903, "p95": 872524.6271456903, "p99": 872524.6271456903, "max": 872524.6271456903}, "Output Tokens per Minute": {"unit": "tokens/min", "min": 46372.34357857845, "p50": 46372.34357857845, "p90": 46372.34357857845, "p95": 46372.34357857845, "p99": 46372.34357857845, "max": 46372.34357857845}}
{"actual_qps": 3.399911278918324, "success_rate": 100.0, "input_tokens": 3671, "output_tokens": 197, "model": "QwQ-32B", "input_tokens_per_minute": 847839.082914027, "output_tokens_per_minute": 45680.62278686466, "slo_seconds": 5.0, "slo_attainment": 0.41841004184100417, "ttft_slo_ms": 1000, "ttft_slo_attainment": 3.3472803347280333, "tpot_slo_ms": 50,