{"actual_qps": 5.275826332586972, "success_rate": 100.0, "input_tokens": 3964, "output_tokens": 197, "model": "QwQ-32B", "input_tokens_per_minute": 475476.14748410176, "output_tokens_per_minute": 23745.150789560073, "slo_seconds": 5.0, "slo_attainment": 0.0, "ttft_slo_ms": 1000, "ttft_slo_attainment": 0.0, "tpot_slo_ms": 50, "tpot_slo_attainment": 9.01639344262295, "Latency": {"unit": "s", "min": 14.095410893998633, "p50": 21.775722608497745, "p90": 27.43968074879522, "p95": 38.391367193400946, "p99": 40.66057204106916, "max": 41.26571658899775}, "Throughput": {"unit": "tokens/s", "min": 3.9019791912144406, "p50": 9.172109391298925, "p90": 11.336700083327583, "p95": 11.973934111763555, "p99": 12.193011580077002, "max": 12.538858470975338}, "TTFT": {"unit": "s", "min": 2.599841158997151, "p50": 6.746094787500624, "p90": 10.256030080906203, "p95": 18.166505940150454, "p99": 18.832204565996285, "max": 19.465300035000837}, "TPOT": {"unit": "ms", "min": 32.51439074877604, "p50": 75.47578673871045, "p90": 99.3864818613177, "p95": 107.51429922562947, "p99": 118.58892564363985, "max": 136.0241568518514}, "Input Tokens per Minute": {"unit": "tokens/min", "min": 475476.14748410176, "p50": 475476.14748410176, "p90": 475476.14748410176, "p95": 475476.14748410176, "p99": 475476.14748410176, "max": 475476.14748410176}, "Output Tokens per Minute": {"unit": "tokens/min", "min": 23745.150789560073, "p50": 23745.150789560073, "p90": 23745.150789560073, "p95": 23745.150789560073, "p99": 23745.150789560073, "max": 23745.150789560073}}
{"actual_qps": 5.126077437462032, "success_rate": 100.0, "input_tokens": 3981, "output_tokens": 198, "model": "QwQ-32B", "input_tokens_per_minute": 1212963.1673757085, "output_tokens_per_minute": 60493.21176308901, "slo_seconds": 5.0, "slo_attainment": 0.0, "ttft_slo_ms": 1000, "ttft_slo_attainment": 0.0, "tpot_slo_ms": 50, "tpot_slo_attainment": 15.605095541401273, "Latency": {"unit": "s", "min": 10.853192408001632, "p50": 24.60796478100019, "p90": 39.846152819004054, "p95": 41.55678726895056, "p99": 44.36828383387838, "max": 45.60356689499895}, "Throughput": {"unit": "tokens/s", "min": 3.852337697647879, "p50": 8.023698133411898, "p90": 13.309585044367921, "p95": 14.341775612919816, "p99": 16.264111167949135, "max": 18.427757703120406}, "TTFT": {"unit": "s", "min": 1.010043554000731, "p50": 8.013796836996335, "p90": 20.571263864199864, "p95": 21.94149800329978, "p99": 25.123986517805243, "max": 26.50472779499978}, "TPOT": {"unit": "ms", "min": 19.39655560806327, "p50": 89.15919393968497, "p90": 112.36301536132007, "p95": 115.40349755049093, "p99": 121.53040488017906, "max": 142.22236858011456}, "Input Tokens per Minute": {"unit": "tokens/min", "min": 1212963.1673757085, "p50": 1212963.1673757085, "p90": 1212963.1673757085, "p95": 1212963.1673757085, "p99": 1212963.1673757085, "max": 1212963.1673757085}, "Output Tokens per Minute": {"unit": "tokens/min", "min": 60493.21176308901, "p50": 60493.21176308901, "p90": 60493.21176308901, "p95": 60493.21176308901, "p99": 60493.21176308901, "max": 60493.21176308901}}
{"actual_qps": 5.185258468343045, "success_rate": 99.72972972972973, "input_tokens": 3918, "output_tokens": 198, "model": "QwQ-32B", "input_tokens_per_minute": 1402980.8748636504, "output_tokens_per_minute": 71224.98637553712, "slo_seconds": 5.0, "slo_attainment": 0.0, "ttft_slo_ms": 1000, "ttft_slo_attainment": 0.0, "tpot_slo_ms": 50, "tpot_slo_attainment": 6.486486486486487, "Latency": {"unit": "s", "min": 11.94067001700023, "p50": 33.20297633999871, "p90": 47.36130553240364, "p95": 52.04278454019949, "p99": 54.38681728467869, "max": 55.03976484099985}, "Throughput": {"unit": "tokens/s", "min": 3.2641957169025093, "p50": 5.999401992567389, "p90": 7.775676608883784, "p95": 9.594366737045123, "p99": 13.923785731791632, "max": 16.749478857991637}, "TTFT": {"unit": "s", "min": 1.8105511710018618, "p50": 10.167669600006775, "p90": 19.58117199460103, "p95": 25.132633861996872, "p99": 27.511299011637163, "max": 28.013205470000685}, "TPOT": {"unit": "ms", "min": 25.593949060314674, "p50": 132.7627162713702, "p90": 144.7607947015186, "p95": 147.4817141829393, "p99": 153.0986954074487, "max": 161.29068466664359}, "Input Tokens per Minute": {"unit": "tokens/min", "min": 1402980.8748636504, "p50": 1402980.8748636504, "p90": 1402980.8748636504, "p95": 1402980.8748636504, "p99": 1402980.8748636504, "max": 1402980.8748636504}, "Output Tokens per Minute": {"unit": "tokens/min", "min": 71224.98637553712, "p50": 71224.98637553712, "p90": 71224.98637553712, "p95": 71224.98637553712, "p99": 71224.98637553712, "max": 71224.98637553712}, "exceptions": {"Internal Server Error": 1}}
{"actual_qps": 5.099993964667422, "success_rate": 100.0, "input_tokens": 4061, "output_tokens": 198, "model": "QwQ-32B", "input_tokens_per_minute": 1067925.5766071493, "output_tokens_per_minute": 52272.406565433026, "slo_seconds": 5.0, "slo_attainment": 0.0, "ttft_slo_ms": 1000, "ttft_slo_attainment": 0.0, "tpot_slo_ms": 50, "tpot_slo_attainment": 12.546125461254611, "Latency": {"unit": "s", "min": 11.205678083002567, "p50": 35.51780694999616, "p90": 40.07232209700305, "p95": 41.284938159999, "p99": 44.352833357104835, "max": 45.90812428799836}, "Throughput": {"unit": "tokens/s", "min": 3.5687678206400135, "p50": 5.620778398911801, "p90": 9.98915274457134, "p95": 11.522782069563553, "p99": 14.473456624309565, "max": 17.848094378453705}, "TTFT": {"unit": "s", "min": 3.807202668998798, "p50": 11.388428250000288, "p90": 16.107500146004895, "p95": 16.89697983700171, "p99": 18.831285919601942, "max": 19.813343681002152}, "TPOT": {"unit": "ms", "min": 11.72274770851343, "p50": 122.56818024623536, "p90": 133.1100167537909, "p95": 135.53824032413416, "p99": 140.58960776834357, "max": 141.1522896934784}, "Input Tokens per Minute": {"unit": "tokens/min", "min": 1067925.5766071493, "p50": 1067925.5766071493, "p90": 1067925.5766071493, "p95": 1067925.5766071493, "p99": 1067925.5766071493, "max": 1067925.5766071493}, "Output Tokens per Minute": {"unit": "tokens/min", "min": 52272.406565433026, "p50": 52272.406565433026, "p90": 52272.406565433026, "p95": 52272.406565433026, "p99": 52272.406565433026, "max": 52272.406565433026}}
{"actual_qps": 5.133326560080091, "success_rate": 100.0, "input_tokens": 3996, "output_tokens": 199, "model": "QwQ-32B", "input_tokens_per_minute": 1213613.2251453802, "output_tokens_per_minute": 60638.747084657334, "slo_seconds": 5.0, "slo_attainment": 0.0, "ttft_slo_ms": 1000, "ttft_slo_attainment": 0.9584664536741214, "tpot_slo_ms": 50, "tpot_slo_attainment": 8.626198083067091, "Latency": {"unit": "s", "min": 7.174027811997803, "p50": 30.918619803000183, "p90": 37.930623586, "p95": 40.00773090839793, "p99": 41.55346253780183, "max": 41.93633894999948}, "Throughput": {"unit": "tokens/s", "min": 4.7691335249474, "p50": 6.466595875076531, "p90": 14.21980630070918, "p95": 17.574109712951376, "p99": 23.83115405232325, "max": 27.87834188006926}, "TTFT": {"unit": "s", "min": 0.5491535760011175, "p50": 9.516115769998578, "p90": 14.674226235800601, "p95": 16.40348446359712, "p99": 17.590675017681495, "max": 17.72867337000207}, "TPOT": {"unit": "ms", "min": 32.235661728644565, "p50": 110.03660965326533, "p90": 125.5469263115624, "p95": 128.40454763416656, "p99": 133.69419996663385, "max": 141.69769155277797}, "Input Tokens per Minute": {"unit": "tokens/min", "min": 1213613.2251453802, "p50": 1213613.2251453802, "p90": 1213613.2251453802, "p95": 1213613.2251453802, "p99": 1213613.2251453802, "max": 1213613.2251453802}, "Output Tokens per Minute": {"unit": "tokens/min", "min": 60638.747084657334, "p50": 60638.747084657334, "p90": 60638.747084657334, "p95": 60638.747084657334, "p99": 60638.747084657334, "max": 60638.747084657334}}
{"actual_qps": 5.266623504229108, "success_rate": 100.0, "input_tokens": 3944, "output_tokens": 199, "model": "QwQ-32B", "input_tokens_per_minute": 1396783.980871271, "output_tokens_per_minute": 70728.22581125058, "slo_seconds": 5.0,