{"actual_qps": 5.531046338309425, "success_rate": 100.0, "input_tokens": 3948, "output_tokens": 199, "model": "QwQ-32B", "input_tokens_per_minute": 486519.7783279446, "output_tokens_per_minute": 24599.576989915822, "slo_seconds": 5.0, "slo_attainment": 0.0, "ttft_slo_ms": 1000, "ttft_slo_attainment": 0.0, "tpot_slo_ms": 50, "tpot_slo_attainment": 16.93548387096774, "Latency": {"unit": "s", "min": 11.27739471699897, "p50": 15.430343891006487, "p90": 35.887617970301655, "p95": 36.41829970834588, "p99": 43.26711369316908, "max": 43.61372795000352}, "Throughput": {"unit": "tokens/s", "min": 4.585712100310927, "p50": 12.94313388511597, "p90": 15.845441960732632, "p95": 16.1303626126354, "p99": 16.471665127080197, "max": 17.734592520604977}, "TTFT": {"unit": "s", "min": 1.5427179649996106, "p50": 4.696456952999142, "p90": 10.356620941001893, "p95": 14.146613541401523, "p99": 19.74040069050985, "max": 23.556735516001936}, "TPOT": {"unit": "ms", "min": 35.81329418090201, "p50": 59.062041651705016, "p90": 121.52389943317877, "p95": 135.7739557655631, "p99": 141.64682590452423, "max": 146.86343268339667}, "Input Tokens per Minute": {"unit": "tokens/min", "min": 486519.7783279446, "p50": 486519.7783279446, "p90": 486519.7783279446, "p95": 486519.7783279446, "p99": 486519.7783279446, "max": 486519.7783279446}, "Output Tokens per Minute": {"unit": "tokens/min", "min": 24599.576989915822, "p50": 24599.576989915822, "p90": 24599.576989915822, "p95": 24599.576989915822, "p99": 24599.576989915822, "max": 24599.576989915822}}
{"actual_qps": 4.714704525470425, "success_rate": 98.94736842105263, "input_tokens": 4045, "output_tokens": 199, "model": "QwQ-32B", "input_tokens_per_minute": 1133642.2638987612, "output_tokens_per_minute": 55810.575956198874, "slo_seconds": 5.0, "slo_attainment": 0.0, "ttft_slo_ms": 1000, "ttft_slo_attainment": 0.0, "tpot_slo_ms": 50, "tpot_slo_attainment": 10.526315789473683, "Latency": {"unit": "s", "min": 17.74808557900542, "p50": 30.89415447600186, "p90": 43.505268651004734, "p95": 45.06638021664585, "p99": 48.709390745636675, "max": 70.01193994599453}, "Throughput": {"unit": "tokens/s", "min": 2.53937652015596, "p50": 6.378590851186528, "p90": 8.958015616952927, "p95": 9.530982492701199, "p99": 10.546789336579002, "max": 11.268821029158445}, "TTFT": {"unit": "s", "min": 2.4410773729978246, "p50": 12.304879794497538, "p90": 26.5722480458011, "p95": 28.982687673697, "p99": 34.2950048103193, "max": 44.55796060499415}, "TPOT": {"unit": "ms", "min": 18.549756758769416, "p50": 83.08953858289183, "p90": 127.46761217639502, "p95": 132.00637596558195, "p99": 138.31523230967716, "max": 208.36032342301152}, "Input Tokens per Minute": {"unit": "tokens/min", "min": 1133642.2638987612, "p50": 1133642.2638987612, "p90": 1133642.2638987612, "p95": 1133642.2638987612, "p99": 1133642.2638987612, "max": 1133642.2638987612}, "Output Tokens per Minute": {"unit": "tokens/min", "min": 55810.575956198874, "p50": 55810.575956198874, "p90": 55810.575956198874, "p95": 55810.575956198874, "p99": 55810.575956198874, "max": 55810.575956198874}, "exceptions": {"Request timed out.": 3}}
{"actual_qps": 4.750228804671218, "success_rate": 100.0, "input_tokens": 4004, "output_tokens": 199, "model": "QwQ-32B", "input_tokens_per_minute": 1414631.0032341017, "output_tokens_per_minute": 70409.27682623817, "slo_seconds": 5.0, "slo_attainment": 0.0, "ttft_slo_ms": 1000, "ttft_slo_attainment": 0.0, "tpot_slo_ms": 50, "tpot_slo_attainment": 4.761904761904762, "Latency": {"unit": "s", "min": 7.531684939000115, "p50": 31.667890641998383, "p90": 40.008652482804614, "p95": 45.58173681159823, "p99": 57.29814987807709, "max": 64.71889441099484}, "Throughput": {"unit": "tokens/s", "min": 3.090287648146579, "p50": 6.310137086755438, "p90": 9.260391073500045, "p95": 10.794507987913992, "p99": 14.655251009399139, "max": 19.179833012584456}, "TTFT": {"unit": "s", "min": 3.150901396998961, "p50": 10.317830394000339, "p90": 16.606175008600992, "p95": 19.14620707560097, "p99": 30.537606788160335, "max": 38.80588893099775}, "TPOT": {"unit": "ms", "min": 28.892734040216315, "p50": 111.4515592009923, "p90": 141.1138708693421, "p95": 144.15562566937663, "p99": 148.22837483615794, "max": 153.00638531155542}, "Input Tokens per Minute": {"unit": "tokens/min", "min": 1414631.0032341017, "p50": 1414631.0032341017, "p90": 1414631.0032341017, "p95": 1414631.0032341017, "p99": 1414631.0032341017, "max": 1414631.0032341017}, "Output Tokens per Minute": {"unit": "tokens/min", "min": 70409.27682623817, "p50": 70409.27682623817, "p90": 70409.27682623817, "p95": 70409.27682623817, "p99": 70409.27682623817, "max": 70409.27682623817}}
{"actual_qps": 4.5687473238126595, "success_rate": 100.0, "input_tokens": 3958, "output_tokens": 199, "model": "QwQ-32B", "input_tokens_per_minute": 934511.5658821831, "output_tokens_per_minute": 47012.409962032274, "slo_seconds": 5.0, "slo_attainment": 0.0, "ttft_slo_ms": 1000, "ttft_slo_attainment": 0.0, "tpot_slo_ms": 50, "tpot_slo_attainment": 0.0, "Latency": {"unit": "s", "min": 26.469986962001713, "p50": 47.202061462998245, "p90": 53.05554012089851, "p95": 57.701721232451014, "p99": 59.85380315482849, "max": 61.7559237920068}, "Throughput": {"unit": "tokens/s", "min": 3.135626780592996, "p50": 4.225808944173471, "p90": 5.088160968509476, "p95": 5.345596115185887, "p99": 5.873185140763197, "max": 7.153793570951217}, "TTFT": {"unit": "s", "min": 7.5790369320020545, "p50": 16.196589525501622, "p90": 24.65756496529939, "p95": 27.056365679547884, "p99": 28.69554645860946, "max": 29.516083066002466}, "TPOT": {"unit": "ms", "min": 64.43477767336401, "p50": 153.01947090200377, "p90": 165.7882435402035, "p95": 168.8058730901809, "p99": 175.26738136054195, "max": 180.8410748743511}, "Input Tokens per Minute": {"unit": "tokens/min", "min": 934511.5658821831, "p50": 934511.5658821831, "p90": 934511.5658821831, "p95": 934511.5658821831, "p99": 934511.5658821831, "max": 934511.5658821831}, "Output Tokens per Minute": {"unit": "tokens/min", "min": 47012.409962032274, "p50": 47012.409962032274, "p90": 47012.409962032274, "p95": 47012.409962032274, "p99": 47012.409962032274, "max": 47012.409962032274}}
{"actual_qps": 5.77508779689095, "success_rate": 100.0, "input_tokens": 3982, "output_tokens": 199, "model": "QwQ-32B", "input_tokens_per_minute": 1288669.436555831, "output_tokens_per_minute": 64615.4126717388, "slo_seconds": 5.0, "slo_attainment": 0.0, "ttft_slo_ms": 1000, "ttft_slo_attainment": 0.0, "tpot_slo_ms": 50, "tpot_slo_attainment": 0.0, "Latency": {"unit": "s", "min": 21.636852252995595, "p50": 38.05700865250037, "p90": 54.06652871700135, "p95": 64.30069296974726, "p99": 68.63370230825423, "max": 70.79700119599875}, "Throughput": {"unit": "tokens/s", "min": 2.824978411815887, "p50": 5.23970204457739, "p90": 6.183624784943049, "p95": 6.36477919279448, "p99": 6.592998016377867, "max": 7.155356682884212}, "TTFT": {"unit": "s", "min": 4.555427947998396, "p50": 15.272392502996809, "p90": 28.02076568020202, "p95": 39.4921305876469, "p99": 42.76227252864097, "max": 44.36329833399941}, "TPOT": {"unit": "ms", "min": 77.06288252260282, "p50": 124.27475445980033, "p90": 131.58191424218927, "p95": 134.13628121282147, "p99": 141.5434566037679, "max": 142.54301310553163}, "Input Tokens per Minute": {"unit": "tokens/min", "min": 1288669.436555831, "p50": 1288669.436555831, "p90": 1288669.436555831, "p95": 1288669.436555831, "p99": 1288669.436555831, "max": 1288669.436555831}, "Output Tokens per Minute": {"unit": "tokens/min", "min": 64615.4126717388, "p50": 64615.4126717388, "p90": 64615.4126717388, "p95": 64615.4126717388, "p99": 64615.4126717388, "max": 64615.4126717388}}
{"actual_qps": 4.688501773224275, "success_rate": 100.0, "input_tokens": 3881, "output_tokens": 199, "model": "QwQ-32B", "input_tokens_per_minute": 1296893.1817386937, "output_tokens_per_minute": 66686.57812520054, "slo_seconds": 5.0, "slo_attainment": 0.0, "ttft_slo_ms": 1000, "ttft_slo_attainment": 1.9943019943019942,