{"actual_qps": 5.319573190937302, "success_rate": 100.0, "input_tokens": 3844, "output_tokens": 200, "model": "QwQ-32B", "input_tokens_per_minute": 1120444.8503852147, "output_tokens_per_minute": 58284.0193094, "slo_seconds": 5.0, "slo_attainment": 0.6802721088435374, "ttft_slo_ms": 1000, "ttft_slo_attainment": 6.802721088435375, "tpot_slo_ms": 50, "tpot_slo_attainment": 74.48979591836735, "Latency": {"unit": "s", "min": 4.929282183000396, "p50": 12.281552205499793, "p90": 17.21056687680011, "p95": 17.53608230400041, "p99": 18.87427400075133, "max": 25.71403072800058}, "Throughput": {"unit": "tokens/s", "min": 7.777854904023878, "p50": 16.28458960704264, "p90": 28.491682178449224, "p95": 30.629038465663804, "p99": 35.71749504992273, "max": 40.57385894638768}, "TTFT": {"unit": "s", "min": 0.3380473039997014, "p50": 4.009847113999058, "p90": 6.65821139489999, "p95": 10.012069141100154, "p99": 13.575322031300347, "max": 14.400998863000495}, "TPOT": {"unit": "ms", "min": 19.295355296483436, "p50": 36.59110967085934, "p90": 58.503535591463425, "p95": 62.74305586532968, "p99": 66.99559222975364, "max": 68.66520645728737}, "Input Tokens per Minute": {"unit": "tokens/min", "min": 1120444.8503852147, "p50": 1120444.8503852147, "p90": 1120444.8503852147, "p95": 1120444.8503852147, "p99": 1120444.8503852147, "max": 1120444.8503852147}, "Output Tokens per Minute": {"unit": "tokens/min", "min": 58284.0193094, "p50": 58284.0193094, "p90": 58284.0193094, "p95": 58284.0193094, "p99": 58284.0193094, "max": 58284.0193094}}
{"actual_qps": 5.16057746564847, "success_rate": 100.0, "input_tokens": 4000, "output_tokens": 199, "model": "QwQ-32B", "input_tokens_per_minute": 1165901.4293224555, "output_tokens_per_minute": 58170.028455308486, "slo_seconds": 5.0, "slo_attainment": 6.802721088435375, "ttft_slo_ms": 1000, "ttft_slo_attainment": 77.89115646258503, "tpot_slo_ms": 50, "tpot_slo_attainment": 100.0, "Latency": {"unit": "s", "min": 4.069028413001433, "p50": 6.249306962999981, "p90": 7.557814872700146, "p95": 7.828782344049796, "p99": 8.655516589539436, "max": 9.640834618001463}, "Throughput": {"unit": "tokens/s", "min": 20.745091885152558, "p50": 31.993731370386016, "p90": 38.89075396917749, "p95": 40.85775812899407, "p99": 43.708724702958605, "max": 49.151782612516634}, "TTFT": {"unit": "s", "min": 0.17520307400081947, "p50": 0.7224950970003192, "p90": 1.2191727465999063, "p95": 1.5232473996001314, "p99": 2.1135787329905544, "max": 2.196301846001006}, "TPOT": {"unit": "ms", "min": 19.255354261309805, "p50": 27.401886258797013, "p90": 33.40191158643132, "p95": 35.06150286180882, "p99": 38.52671404180567, "max": 39.89439016582929}, "Input Tokens per Minute": {"unit": "tokens/min", "min": 1165901.4293224555, "p50": 1165901.4293224555, "p90": 1165901.4293224555, "p95": 1165901.4293224555, "p99": 1165901.4293224555, "max": 1165901.4293224555}, "Output Tokens per Minute": {"unit": "tokens/min", "min": 58170.028455308486, "p50": 58170.028455308486, "p90": 58170.028455308486, "p95": 58170.028455308486, "p99": 58170.028455308486, "max": 58170.028455308486}}
{"actual_qps": 5.122915609269868, "success_rate": 100.0, "input_tokens": 4014, "output_tokens": 198, "model": "QwQ-32B", "input_tokens_per_minute": 1225972.2996685067, "output_tokens_per_minute": 60729.62764080343, "slo_seconds": 5.0, "slo_attainment": 5.144694533762058, "ttft_slo_ms": 1000, "ttft_slo_attainment": 81.35048231511254, "tpot_slo_ms": 50, "tpot_slo_attainment": 100.0, "Latency": {"unit": "s", "min": 2.2507851559985284, "p50": 6.26156070900106, "p90": 7.820378031001383, "p95": 8.208929088999867, "p99": 8.951125654401038, "max": 9.981621439999799}, "Throughput": {"unit": "tokens/s", "min": 19.54873386415241, "p50": 31.60324138885427, "p90": 37.950444096064224, "p95": 39.72809187594194, "p99": 42.89010778701461, "max": 48.231567476368014}, "TTFT": {"unit": "s", "min": 0.17613508199974603, "p50": 0.7132063250010106, "p90": 1.0923414030003187, "p95": 1.177312300500489, "p99": 1.3767232264994151, "max": 1.4339986040013173}, "TPOT": {"unit": "ms", "min": 19.85528759296952, "p50": 27.914106522614897, "p90": 35.062045231148915, "p95": 36.49887576884611, "p99": 40.10105165025058, "max": 44.06989922613344}, "Input Tokens per Minute": {"unit": "tokens/min", "min": 1225972.2996685067, "p50": 1225972.2996685067, "p90": 1225972.2996685067, "p95": 1225972.2996685067, "p99": 1225972.2996685067, "max": 1225972.2996685067}, "Output Tokens per Minute": {"unit": "tokens/min", "min": 60729.62764080343, "p50": 60729.62764080343, "p90": 60729.62764080343, "p95": 60729.62764080343, "p99": 60729.62764080343, "max": 60729.62764080343}}
{"actual_qps": 5.096890059035024, "success_rate": 100.0, "input_tokens": 4120, "output_tokens": 199, "model": "QwQ-32B", "input_tokens_per_minute": 1306921.8951805306, "output_tokens_per_minute": 63369.32038669175, "slo_seconds": 5.0, "slo_attainment": 5.572755417956656, "ttft_slo_ms": 1000, "ttft_slo_attainment": 84.82972136222911, "tpot_slo_ms": 50, "tpot_slo_attainment": 100.0, "Latency": {"unit": "s", "min": 4.019450309999229, "p50": 6.344387937000647, "p90": 7.48429092960032, "p95": 7.837293354699067, "p99": 8.8225749978601, "max": 9.676984694000566}, "Throughput": {"unit": "tokens/s", "min": 20.66759495072818, "p50": 31.49550198035831, "p90": 36.98825879931966, "p95": 40.20264464605692, "p99": 45.829648833308475, "max": 49.75804763712538}, "TTFT": {"unit": "s", "min": 0.06697620900013135, "p50": 0.6356895899989468, "p90": 1.121943142399323, "p95": 1.3092449819994725, "p99": 1.6718990705801116, "max": 2.089041446999545}, "TPOT": {"unit": "ms", "min": 19.475326884422252, "p50": 28.299566457284545, "p90": 33.68487726734042, "p95": 35.8861733758775, "p99": 39.39538532281085, "max": 41.631349175881425}, "Input Tokens per Minute": {"unit": "tokens/min", "min": 1306921.8951805306, "p50": 1306921.8951805306, "p90": 1306921.8951805306, "p95": 1306921.8951805306, "p99": 1306921.8951805306, "max": 1306921.8951805306}, "Output Tokens per Minute": {"unit": "tokens/min", "min": 63369.32038669175, "p50": 63369.32038669175, "p90": 63369.32038669175, "p95": 63369.32038669175, "p99": 63369.32038669175, "max": 63369.32038669175}}
{"actual_qps": 5.033284839815046, "success_rate": 100.0, "input_tokens": 3972, "output_tokens": 199, "model": "QwQ-32B", "input_tokens_per_minute": 1197583.8183075918, "output_tokens_per_minute": 60010.78274125348, "slo_seconds": 5.0, "slo_attainment": 11.074918566775244, "ttft_slo_ms": 1000, "ttft_slo_attainment": 99.6742671009772, "tpot_slo_ms": 50, "tpot_slo_attainment": 100.0, "Latency": {"unit": "s", "min": 2.2204339780000737, "p50": 5.928465553999558, "p90": 7.35754592799931, "p95": 7.647210301399718, "p99": 8.171693792219848, "max": 8.52636831899872}, "Throughput": {"unit": "tokens/s", "min": 23.456645610107383, "p50": 33.681508143327974, "p90": 40.25749569135408, "p95": 42.508405289016615, "p99": 45.71496070950139, "max": 50.458502905622616}, "TTFT": {"unit": "s", "min": 0.06052811900008237, "p50": 0.47661871499985864, "p90": 0.6620461940001406, "p95": 0.8306140127993783, "p99": 0.9547607893584427, "max": 1.404054067999823}, "TPOT": {"unit": "ms", "min": 19.52509687437134, "p50": 27.822235552762255, "p90": 34.30016378994728, "p95": 35.64608331156038, "p99": 37.03448511748306, "max": 40.4103164271316}, "Input Tokens per Minute": {"unit": "tokens/min", "min": 1197583.8183075918, "p50": 1197583.8183075918, "p90": 1197583.8183075918, "p95": 1197583.8183075918, "p99": 1197583.8183075918, "max": 1197583.8183075918}, "Output Tokens per Minute": {"unit": "tokens/min", "min": 60010.78274125348, "p50": 60010.78274125348, "p90": 60010.78274125348, "p95": 60010.78274125348, "p99": 60010.78274125348, "max": 60010.78274125348}}
{"actual_qps": 5.3279031698326955, "success_rate": 100.0, "input_tokens": 3997, "output_tokens": 199, "model": "QwQ-32B", "input_tokens_per_minute": 1228695.4648412555, "output_tokens_per_minute": 61240.28248747825, "slo_seconds": 5.0, "slo_attainment": 10.543130990415335,