{"actual_qps": 4.412298080708233, "success_rate": 100.0, "input_tokens": 4006, "output_tokens": 199, "model": "QwQ-32B", "input_tokens_per_minute": 896653.2298091203, "output_tokens_per_minute": 44667.77474368902, "slo_seconds": 5.0, "slo_attainment": 2.6785714285714284, "ttft_slo_ms": 1000, "ttft_slo_attainment": 58.48214285714286, "tpot_slo_ms": 50, "tpot_slo_attainment": 100.0, "Latency": {"unit": "s", "min": 4.205512697000813, "p50": 6.9707394864999515, "p90": 9.728325595199932, "p95": 10.243034822100707, "p99": 10.748813862949191, "max": 13.71658822900099}, "Throughput": {"unit": "tokens/s", "min": 14.58088532373815, "p50": 28.639066200405992, "p90": 36.817729100488066, "p95": 38.39873746570404, "p99": 42.01649403515906, "max": 47.55662731505512}, "TTFT": {"unit": "s", "min": 0.18039065300035872, "p50": 0.8790751365004326, "p90": 2.6280774512999416, "p95": 2.825834357950316, "p99": 3.363110788110428, "max": 7.4571308400009}, "TPOT": {"unit": "ms", "min": 19.232140929649066, "p50": 29.64463740201024, "p90": 40.036371437181245, "p95": 42.20244618492102, "p99": 46.040822716399596, "max": 47.60534308541848}, "Input Tokens per Minute": {"unit": "tokens/min", "min": 896653.2298091203, "p50": 896653.2298091203, "p90": 896653.2298091203, "p95": 896653.2298091203, "p99": 896653.2298091203, "max": 896653.2298091203}, "Output Tokens per Minute": {"unit": "tokens/min", "min": 44667.77474368902, "p50": 44667.77474368902, "p90": 44667.77474368902, "p95": 44667.77474368902, "p99": 44667.77474368902, "max": 44667.77474368902}}
{"actual_qps": 3.6415198704325897, "success_rate": 100.0, "input_tokens": 3949, "output_tokens": 198, "model": "QwQ-32B", "input_tokens_per_minute": 944590.5704990223, "output_tokens_per_minute": 47581.87017727946, "slo_seconds": 5.0, "slo_attainment": 7.818930041152264, "ttft_slo_ms": 1000, "ttft_slo_attainment": 87.65432098765432, "tpot_slo_ms": 50, "tpot_slo_attainment": 100.0, "Latency": {"unit": "s", "min": 2.646598620000077, "p50": 6.16589133799971, "p90": 7.387448303799829, "p95": 7.829858316101488, "p99": 8.34678616503963, "max": 9.273497465999753}, "Throughput": {"unit": "tokens/s", "min": 21.49479220910679, "p50": 32.399886674460944, "p90": 39.419892750708584, "p95": 40.657143612131044, "p99": 45.30568747099662, "max": 47.48805523331014}, "TTFT": {"unit": "s", "min": 0.20678140699965297, "p50": 0.6431212159986899, "p90": 1.0203442135996739, "p95": 1.1144939519992476, "p99": 1.3903131229205243, "max": 1.5089600619994599}, "TPOT": {"unit": "ms", "min": 18.99392771356452, "p50": 27.5682574271316, "p90": 33.29141492965149, "p95": 34.71539291608153, "p99": 39.688837741506056, "max": 41.16321713065108}, "Input Tokens per Minute": {"unit": "tokens/min", "min": 944590.5704990223, "p50": 944590.5704990223, "p90": 944590.5704990223, "p95": 944590.5704990223, "p99": 944590.5704990223, "max": 944590.5704990223}, "Output Tokens per Minute": {"unit": "tokens/min", "min": 47581.87017727946, "p50": 47581.87017727946, "p90": 47581.87017727946, "p95": 47581.87017727946, "p99": 47581.87017727946, "max": 47581.87017727946}}
{"actual_qps": 3.625327717412763, "success_rate": 100.0, "input_tokens": 4015, "output_tokens": 199, "model": "QwQ-32B", "input_tokens_per_minute": 873469.7190403547, "output_tokens_per_minute": 43417.742995711815, "slo_seconds": 5.0, "slo_attainment": 3.619909502262444, "ttft_slo_ms": 1000, "ttft_slo_attainment": 90.9502262443439, "tpot_slo_ms": 50, "tpot_slo_attainment": 100.0, "Latency": {"unit": "s", "min": 3.9089638170007674, "p50": 6.178095889999895, "p90": 7.577322494998953, "p95": 7.78102199299974, "p99": 8.64944930699931, "max": 9.342991169000015}, "Throughput": {"unit": "tokens/s", "min": 21.40642074709422, "p50": 32.15887863474555, "p90": 37.993893538227596, "p95": 39.0638165879639, "p99": 43.43202839061814, "max": 47.35147178020731}, "TTFT": {"unit": "s", "min": 0.1705127140012337, "p50": 0.6442949650008813, "p90": 0.9717138159994647, "p95": 1.1531187990003673, "p99": 1.2997734520005912, "max": 1.3666700310004671}, "TPOT": {"unit": "ms", "min": 19.9354888392013, "p50": 27.910731748740897, "p90": 34.27996957286803, "p95": 35.229184366837224, "p99": 38.21265949145664, "max": 42.92379056784543}, "Input Tokens per Minute": {"unit": "tokens/min", "min": 873469.7190403547, "p50": 873469.7190403547, "p90": 873469.7190403547, "p95": 873469.7190403547, "p99": 873469.7190403547, "max": 873469.7190403547}, "Output Tokens per Minute": {"unit": "tokens/min", "min": 43417.742995711815, "p50": 43417.742995711815, "p90": 43417.742995711815, "p95": 43417.742995711815, "p99": 43417.742995711815, "max": 43417.742995711815}}
{"actual_qps": 3.770539704091361, "success_rate": 100.0, "input_tokens": 4056, "output_tokens": 198, "model": "QwQ-32B", "input_tokens_per_minute": 945574.6354999606, "output_tokens_per_minute": 46355.0151220992, "slo_seconds": 5.0, "slo_attainment": 11.39240506329114, "ttft_slo_ms": 1000, "ttft_slo_attainment": 94.9367088607595, "tpot_slo_ms": 50, "tpot_slo_attainment": 100.0, "Latency": {"unit": "s", "min": 1.6448716600007174, "p50": 5.958126020001146, "p90": 7.5098706452004995, "p95": 7.711186834598993, "p99": 8.628683179199651, "max": 9.058637658999942}, "Throughput": {"unit": "tokens/s", "min": 22.07837508560638, "p50": 33.537573804042786, "p90": 40.12135848310213, "p95": 41.001445734236746, "p99": 45.822411739008935, "max": 48.19139347240406}, "TTFT": {"unit": "s", "min": 0.055570645999978296, "p50": 0.4871084330006852, "p90": 0.9299089816002379, "p95": 0.9948268347998233, "p99": 1.1430073356394856, "max": 1.2128792570001679}, "TPOT": {"unit": "ms", "min": 19.5119314522623, "p50": 27.609883623113802, "p90": 34.01482544522421, "p95": 35.93552298190853, "p99": 41.39177711416987, "max": 41.92186459295958}, "Input Tokens per Minute": {"unit": "tokens/min", "min": 945574.6354999606, "p50": 945574.6354999606, "p90": 945574.6354999606, "p95": 945574.6354999606, "p99": 945574.6354999606, "max": 945574.6354999606}, "Output Tokens per Minute": {"unit": "tokens/min", "min": 46355.0151220992, "p50": 46355.0151220992, "p90": 46355.0151220992, "p95": 46355.0151220992, "p99": 46355.0151220992, "max": 46355.0151220992}}
{"actual_qps": 4.416612284772477, "success_rate": 100.0, "input_tokens": 3887, "output_tokens": 200, "model": "QwQ-32B", "input_tokens_per_minute": 974998.6158586186, "output_tokens_per_minute": 50164.57171530246, "slo_seconds": 5.0, "slo_attainment": 6.666666666666667, "ttft_slo_ms": 1000, "ttft_slo_attainment": 100.0, "tpot_slo_ms": 50, "tpot_slo_attainment": 100.0, "Latency": {"unit": "s", "min": 4.518336187999012, "p50": 6.166020351998668, "p90": 7.372792232399297, "p95": 7.65569321760031, "p99": 8.07988092691976, "max": 8.28582350600118}, "Throughput": {"unit": "tokens/s", "min": 24.137612858292947, "p50": 32.43583196010236, "p90": 38.91715034286466, "p95": 40.642116684975235, "p99": 43.560502482635634, "max": 44.26408121892584}, "TTFT": {"unit": "s", "min": 0.04614332700111845, "p50": 0.42132334300004004, "p90": 0.5917700350004452, "p95": 0.6818960710008468, "p99": 0.9682874676404755, "max": 0.9937937949998741}, "TPOT": {"unit": "ms", "min": 20.64783490452978, "p50": 29.228775814068406, "p90": 34.65033611256563, "p95": 36.49550679849071, "p99": 38.287693461506066, "max": 39.24022554773861}, "Input Tokens per Minute": {"unit": "tokens/min", "min": 974998.6158586186, "p50": 974998.6158586186, "p90": 974998.6158586186, "p95": 974998.6158586186, "p99": 974998.6158586186, "max": 974998.6158586186}, "Output Tokens per Minute": {"unit": "tokens/min", "min": 50164.57171530246, "p50": 50164.57171530246, "p90": 50164.57171530246, "p95": 50164.57171530246, "p99": 50164.57171530246, "max": 50164.57171530246}}
{"actual_qps": 3.688546368611444, "success_rate": 100.0, "input_tokens": 3974, "output_tokens": 199, "model": "QwQ-32B", "input_tokens_per_minute": 903049.594210753, "output_tokens_per_minute": 45432.0715252784, "slo_seconds": 5.0, "slo_attainment": 22.51082251082251, "ttft_slo_ms": 1000,