request_id,conversation_id,send_time,ttft_time,total_time,tokens_in,tokens_out,ttft,tpot,cached_tokens
fa03b015-6592-4d50-a081-bd8701cb723a,ba46ec63-d117-43af-a082-fdb05a1381df,7949400.582217326,7949401.83036814,7949407.960492973,1875,200,1.2481508133932948,6.13012483343482,160
b308df65-c4a0-4593-af39-06644e19a74e,9728b43f-13e5-4f1c-b6d4-40db13828d76,7949400.582229991,7949401.878934319,7949409.246717707,6001,200,1.2967043276876211,7.367783388122916,176
9013ac21-f2b4-4471-991c-64f4cc467216,3d244e10-3c51-4e44-bce4-3022987dcfec,7949400.582233599,7949403.427618949,7949409.441009251,6020,200,2.845385349355638,6.013390302658081,192
e4cd67e4-22f4-4262-a47e-83d4561055d3,80c2eab9-93f4-47c0-9f83-f790c22d62f2,7949400.582236136,7949402.139344348,7949409.875323928,1564,200,1.5571082113310695,7.735979580320418,160
5f18ffcb-49dc-41af-bd5b-55d307855ad9,5f1dfde8-0414-448f-b867-af9a8603ce0b,7949402.580472013,7949404.971486556,7949412.1925166,4242,200,2.391014543361962,7.221030043438077,176
5e839339-d564-4a8a-bf4b-619941e097fd,51d7aec4-2dba-42c1-8f75-3193d8c9b3b1,7949395.856984591,7949397.008070562,7949409.555993306,389,200,1.1510859709233046,12.5479227444157,176
d4319e37-74b5-4a93-91e7-fb2e80b2c467,1a067fb7-ccd3-4e3a-8edd-1bc9cd091948,7949399.657854845,7949401.380766981,7949413.671519757,3247,200,1.722912136465311,12.290752775967121,192
f09cea51-6503-4771-9c66-0c01f6433324,584dad95-d36b-497a-92bb-3cefd7fd8072,7949400.582241861,7949406.260897103,7949413.834463953,5992,200,5.67865524161607,7.573566850274801,192
0d9a15f1-4960-4687-a12f-aa29535b469b,4181337f-4f55-4fd6-8fbd-e067aaaaebe3,7949395.855303048,7949398.317876052,7949410.176458109,5775,200,2.4625730039551854,11.858582057058811,176
1c467a0b-ba23-4ded-9009-0bf897eff8cf,c51e1c93-377f-4846-81a1-14e5879a721c,7949399.657862715,7949402.272854749,7949414.005832598,4453,200,2.614992033690214,11.732977848500013,160
0919e7fe-e9f2-4b49-9838-208955c642b1,8205a582-0870-4530-86d0-ed900328ac62,7949399.657865163,7949402.77820651,7949414.204996901,5779,200,3.1203413465991616,11.426790391094983,160
6fc4a34c-05cb-4b6a-ad04-788cbfdc1997,6dea13ca-acc2-443b-bdac-b586c0f4fe58,7949399.657915959,7949403.11755607,7949414.369145188,5971,200,3.4596401108428836,11.251589117571712,176
5b09f656-7122-4bdd-a117-06b1925c616d,1cf5c436-bb75-402c-9dfd-fae7395bc0a0,7949399.657955277,7949403.212217086,7949414.4298681505,542,200,3.5542618092149496,11.217651064507663,160
5f182fb3-dc89-4690-bf9d-9046aeb9ebbf,52901222-0bb4-47e4-8bba-8825319cf100,7949399.657922095,7949403.390061569,7949414.494243074,2985,200,3.732139474712312,11.104181504808366,192
89828d17-aa83-47ef-bf6a-3a25b404a863,162bb746-0925-436c-8c6b-25f181810fb2,7949399.657961289,7949403.703876477,7949415.325199272,2380,200,4.0459151873365045,11.621322794817388,176
dc8c37d0-1b1b-4d64-a662-799e03c47a20,c8ae7276-50d3-44bc-9777-36df0eb5b9e7,7949395.855271521,7949400.134614103,7949415.591477248,1135,200,4.279342581517994,15.45686314534396,176
452075b3-17f1-4789-b66f-f482cc37bf76,a3c929d0-baa7-4945-b63f-33a6fc39fd65,7949402.580484464,7949406.730014114,7949415.6461749105,2857,200,4.149529649876058,8.916160796768963,192
d023b8ed-1695-4b52-b640-7048114afd9c,5d0207cb-bd1b-4c3d-988b-bd7dee52f1f6,7949403.585246219,7949404.246559361,7949415.674439999,896,200,0.6613131416961551,11.42788063827902,176
87cf79c9-1438-4527-802f-d96e739c7b6d,14a415ae-d933-42c2-ba6d-1348294d8e80,7949399.657775987,7949400.308896982,7949415.7119150935,1805,200,0.6511209951713681,15.403018111363053,176
9b07070b-5bf4-4e50-acb5-d314faa3acac,fc991f32-f1b6-4afe-ba3b-a472773d0110,7949403.585257188,7949404.345252794,7949415.781852011,897,200,0.7599956057965755,11.436599216423929,192
a465f02b-fa0b-4610-aff9-487f1dd23ad7,db8b9137-24be-4133-bc23-03b4c48bff99,7949399.657765996,7949402.123379468,7949416.504193147,6704,200,2.465613472275436,14.380813678726554,320
c846ae45-a5b7-49b6-9c6a-9755cd3f03df,0fd4279a-26c5-4067-ab88-75febf63597d,7949399.657959293,7949404.968380554,7949416.62968497,5869,200,5.310421261005104,11.661304416134953,176
0656eaf0-659f-45a1-8985-0be5d0ab5f2f,64d8ea28-e569-4d18-8e95-335226687779,7949400.582238681,7949402.176026005,7949417.344834118,5455,200,1.5937873246148229,15.168808112852275,224
6e961c58-7eb0-47bf-a8b6-786544997923,f48f3c83-7b8a-45e5-a0fa-74a6e92599d8,7949403.585261205,7949405.592307956,7949417.644722309,5950,200,2.0070467507466674,12.052414353005588,160
3c084d4c-46da-43c7-abfb-68c84ef3c3cc,f21c3799-f3ff-498f-be2e-8982bdfe2ecd,7949406.579118101,7949406.828292212,7949417.734933917,862,200,0.24917411152273417,10.906641704961658,192
ba8d594d-ea0e-4f6e-81d5-2fa432b9c7e3,992bd0d7-1cad-4413-9565-9824a102be13,7949403.585266871,7949405.799949684,7949418.083006199,1596,200,2.2146828128024936,12.283056515268981,192
69c4add2-b151-4e99-a63c-b3ab54d9ca1f,169bfd1c-b54b-4a03-b40f-5a304abd2cb8,7949395.855309517,7949397.04584383,7949415.210491789,3725,200,1.1905343132093549,18.164647958241403,224
6ed3b78a-66ef-44e2-886b-79dc749eb4bc,7e0dc3cf-f526-472a-bc5c-d24141fee908,7949406.579111242,7949407.788542949,7949419.145485766,3662,200,1.2094317069277167,11.356942817568779,192
d2c4922d-e8e4-4101-8402-00e8aced4cec,b397fd3b-5c1a-4e01-ae2f-44399f92080b,7949401.579746242,7949403.540793211,7949419.183648825,2611,200,1.9610469695180655,15.64285561349243,160
459ab20a-e72a-42f4-9465-c435818e85c0,f0cbebc5-adb6-461b-9b21-22667b2f1d8c,7949399.657913381,7949401.29711711,7949419.1850193655,2293,200,1.639203729107976,17.887902255170047,224
4b0f9f16-ecf9-462a-946b-5988ec2e8124,601ebb0f-02ad-42e7-a626-7ebef638a847,7949403.585263935,7949406.454877783,7949419.294981548,5897,200,2.869613847695291,12.840103765018284,192
5cfab1e5-7a1b-4654-83bf-eb03447ab1d3,386b7318-3947-4df1-8dd5-2e93abdf10c2,7949399.657779988,7949401.619735355,7949419.3539800765,6006,200,1.9619553666561842,17.73424472194165,160
b8149711-3bdd-485c-82d7-3e9985422af6,0759bb94-aa77-4047-8f94-34cc9c62436b,7949399.657918277,7949402.065508579,7949419.604797088,5904,200,2.407590301707387,17.539288508705795,192
92f9437a-301f-4759-b013-78ad1f438836,3c65feda-6cb4-427f-8794-100421de1d7c,7949399.657924171,7949402.312351228,7949419.695162714,4415,200,2.654427057132125,17.38281148672104,160
6fe3e97c-20f8-4634-89b7-5646f9c3716f,0fc32f2f-3791-4f05-a896-da6268fe53f9,7949399.657926173,7949402.69682648,7949419.935633761,4081,200,3.038900307379663,17.238807280547917,192
4e916702-2512-4726-ba60-8eb00f8e2607,715e64e0-0181-41a0-b6a9-c164d566d676,7949406.579134058,7949409.489352182,7949420.129101235,5811,200,2.910218123346567,10.639749053865671,176
8cf67c24-a927-4923-9211-1e02a68fbe65,1942541f-2600-4c91-9e3f-a08bbb0dffa8,7949399.657858022,7949403.71114435,7949420.700988806,5872,200,4.053286327980459,16.98984445631504,192
78f5cb68-ffba-42c0-afab-9aa08c9de6ea,6f4051d6-8003-4af8-be6a-137219b04ba5,7949406.579115249,7949410.460572947,7949420.735776646,5553,200,3.8814576976001263,10.275203699246049,192
16803497-2f56-499c-b730-9fd91389588b,bcb9a03c-7a7d-4221-8d1f-5f52836f8b7c,7949401.579763794,7949404.810234331,7949420.968772111,2278,200,3.230470536276698,16.158537780866027,224
2a26cfcc-d939-40cd-820f-b4b9604b60ce,2c20976e-2290-479a-8bda-5a3f66c59c93,7949409.579406741,7949410.88292457,7949421.442866426,5582,200,1.303517828695476,10.559941856190562,224
f97e32a2-0431-43d5-bb0b-b9397a009e1e,32379e4f-c52b-4533-87e4-7ccbc01e4871,7949399.657860083,7949405.354000968,7949421.541125405,2428,200,5.696140885353088,16.187124436721206,176
d54ab93f-b63f-4cc4-bd65-634341eb519f,4a4b9580-1d15-458e-9b7f-fe574dea6d90,7949399.657957267,7949407.810092288,7949421.627806495,1803,200,8.152135021053255,13.81771420687437,176
77300d51-329d-465c-bfe1-822f4ca53392,161e547e-4532-4d71-a764-180d08c2eb2c,7949406.579097962,7949407.439292235,7949421.659531418,3126,200,0.8601942732930183,14.220239182934165,272
689400e5-f688-45f2-89bb-1128d1ecd9b2,7d6a4817-7b4e-4a19-bbca-ecd2b233f7dc,7949403.58527255,7949407.821112029,7949421.976902658,5487,200,4.235839479602873,14.155790628865361,176
9f627ab7-358b-47cc-8361-5f7528198be2,657ec69d-2850-466b-9d84-480d9f1b5621,7949404.620026332,7949405.796849804,7949422.4677318605,2566,200,1.176823471672833,16.670882056467235,160
c355b687-c50f-4b87-a2b2-fcb66b978e2e,e75457ed-6df5-4031-9265-1be7e8cbd160,7949407.579497297,7949408.730550483,7949423.054145306,3951,200,1.1510531855747104,14.323594823479652,176
9d9522b8-9566-4b4d-89ab-6e80489edcc3,32bb63f5-0400-4e7c-8e6c-cb23dafc8d9e,7949406.579123934,7949407.79539285,7949423.194864488,1229,200,1.2162689166143537,15.399471637792885,192
5ec3964d-d098-4203-841c-ed47a30ceefc,929b8a4f-ae3d-429e-830a-f69897f7f505,7949404.620015342,7949409.144390813,7949423.287232887,5421,200,4.524375471286476,14.14284207392484,160
0b1519dc-1a4b-4367-bc8e-352ab7dd5731,51d7aec4-2dba-42c1-8f75-3193d8c9b3b1,7949409.579404116,7949410.74211945,7949423.539686625,389,200,1.1627153344452381,12.797567174769938,384
eb279888-3d84-4fbd-bf87-0fc22ca17207,8861bb38-fa7f-46fe-a61e-d670524b80a8,7949403.585270038,7949411.077033346,7949423.642438763,5794,200,7.491763307712972,12.565405417233706,160
95af1392-2d2e-4f60-b60b-fe5ec5e2b4aa,632c53ab-a30f-443e-8a55-e9907563136d,7949405.579207294,7949408.271597419,7949423.661215883,742,200,2.692390125244856,15.389618463814259,224
02a35826-7314-4e5a-a96a-179ae995e2d7,a23d66c3-addc-4e61-81ec-83fa165b946a,7949410.580654489,7949411.185678778,7949423.67681108,2168,200,0.6050242893397808,12.491132302209735,160
f9ec40b3-3d29-4090-932e-3510215e5a34,3ee811a5-f205-4725-8db6-b99eb8dd1ecb,7949410.580671068,7949411.653657402,7949423.825325928,3850,200,1.072986333630979,12.171668525785208,160
84bf375a-a524-45f6-9e01-3c5c369495f1,339e6a45-2ac7-4236-ac28-4af01254bcc9,7949407.579493544,7949408.799217202,7949423.992567291,5891,200,1.2197236577048898,15.193350088782609,160
e787fd13-0055-4fc9-8a0b-362b628aa3aa,0a0896da-1e20-4a06-9b7c-c33d45fcd843,7949410.580680568,7949412.201340731,7949424.020192065,5764,200,1.620660163462162,11.818851334042847,176
d3ea8918-a42a-4ac1-9aa6-b563073994a8,e793cd05-3809-4e36-8e78-d44bc000c93e,7949407.579481417,7949408.993771289,7949424.175783798,5907,200,1.4142898712307215,15.182012509554625,160
67951da8-5fb3-4aa3-989b-6bca424a894e,1326464b-c372-47f9-8850-927fd5f180aa,7949405.579222544,7949409.019096404,7949424.384852769,3680,200,3.439873860217631,15.365756364539266,224
9248bb9c-0ef3-48e8-bd9d-61bc81f28641,0d6cfb7c-9564-4e6b-96ab-aec695811479,7949407.579500238,7949409.445653205,7949424.677649902,5465,200,1.8661529663950205,15.231996697373688,176
ee9b9139-7919-435c-b212-23be93f4e157,ada614db-0cbb-4a1b-a79a-3e2f67153f46,7949405.579225246,7949409.60679352,7949425.295935198,4280,200,4.027568274177611,15.689141677692533,160
ab2730a4-5bb1-4d3b-b5a1-06f2f167a091,f17a4867-8187-4bc8-b761-c5e2f43461f5,7949406.579120709,7949408.538561496,7949425.338158979,5820,200,1.9594407873228192,16.79959748312831,160
a549a7bd-b146-41e5-9718-64863d7dd72e,22d7558f-2436-464f-b111-4724e2f322d1,7949412.580069276,7949412.925289167,7949425.718522588,1957,200,0.3452198915183544,12.793233420699835,160
673e6690-e0aa-46b4-800b-5b1f05887772,15e18881-cbb9-4802-a422-20808dd1ab23,7949410.580666703,7949412.40703142,7949425.989523839,1418,200,1.826364716514945,13.58249241951853,176
7aa8555a-af4e-4873-851f-7aa3adfd220b,239fe02a-0a19-4d3b-9cb8-bae3872a285f,7949405.579228245,7949410.524414021,7949426.248188599,3216,200,4.945185775868595,15.723774578422308,224
a58f3051-fb8d-4eb2-8310-fe034736177f,c4f07ea1-4aee-4470-b000-7059f3c69f17,7949412.580072764,7949414.097712193,7949426.317813143,5811,200,1.5176394283771515,12.220100950449705,176
be966987-8f37-46b2-bb0f-1d157b708896,db3af283-c78b-4d14-bc1d-784377afabaf,7949410.580674465,7949412.992411107,7949426.3720569955,3440,200,2.41173664201051,13.37964588869363,224
5329dcff-97b0-4fae-9df8-3b69b826aa53,1fa5ccae-f241-4f75-a21b-4d320e2b4228,7949405.579219104,7949410.864994592,7949426.541706423,6471,200,5.285775488242507,15.676711831241846,192
59db033d-df63-4320-a032-5ce2ce205032,643c4d15-0574-4bb2-a238-eb5212ad6aff,7949412.580065746,7949413.626071608,7949426.624736565,6648,200,1.0460058618336916,12.998664957471192,160
ca4b20bf-7a5a-498c-a80d-c2b23fc44c70,9da86098-3be3-453f-9622-4e25faf21824,7949410.580677371,7949413.888981436,7949426.668091289,5822,200,3.308304065838456,12.779109852388501,192
c977e8b0-c7f8-4726-93ff-33b02076d483,b3b1f241-4f97-466c-b9af-0701c1476d26,7949406.579136698,7949413.723815994,7949426.781715867,5795,200,7.144679296761751,13.057899872772396,224
aedd3947-9ef7-4c02-8657-889fb5c6846f,3327e22a-e47a-4e28-ab49-61feb0f8ccd2,7949404.620035373,7949405.512988888,7949426.802469324,3509,200,0.8929535150527954,21.289480436593294,176
2ecbe62f-01d9-4e94-9ddf-2e8207b1922f,e9333846-4b52-4552-b7b0-49ce8f3d396a,7949412.580083055,7949413.740011137,7949426.871689177,1054,200,1.1599280815571547,13.131678040139377,160
52cf6643-7d97-4b5e-b7d2-9c4fb28ededb,6a0ac87a-e917-4b52-bf8d-10689801e4bb,7949412.580051722,7949414.071586128,7949427.074256125,1847,200,1.4915344063192606,13.002669996581972,192
ad926be6-0303-4249-85bf-28b07cb22c30,828db195-ca5a-4484-848e-1fc6ac242624,7949405.579231004,7949411.638766239,7949427.196166502,5718,200,6.05953523516655,15.557400262914598,176
2948a743-cfa5-4734-aac6-7da4d6386237,bfc78a92-84e5-4fdf-8b1d-913c94a11821,7949409.579401378,7949413.292512821,7949427.291772501,3560,186,3.7131114434450865,13.999259679578245,192
a79683eb-fa8e-45cb-9229-02c08c562300,d320f06b-a0b4-4a9d-b201-e2bc260657f4,7949404.620029692,7949405.874328421,7949427.301914274,3975,200,1.2542987298220396,21.427585852332413,224
638057dc-2a5a-4dc9-86fd-c535a1ea797f,8f095d32-b382-490a-af2a-f42225c16ffb,7949408.579271472,7949411.067367085,7949427.488491189,846,200,2.488095613196492,16.421124103479087,160
66c72a6c-92d6-4d5b-8100-7dd873c0d1be,1e9d7c97-8003-4914-919a-c70046db848d,7949408.579261863,7949411.621151479,7949427.668654982,2780,200,3.0418896162882447,16.04750350303948,192
602d9fa2-ba99-4487-becc-6d6583aaf6de,9f8fc93a-62fd-4685-beff-f86268053404,7949408.579249297,7949411.9523311425,7949427.727993158,5747,200,3.3730818452313542,15.77566201519221,160
80129b1a-d02c-4c5f-ae4f-a6b1f5689a7d,e6dca7b5-0f24-49b0-b2a3-fe8bda0289ff,7949412.580079718,7949414.893105825,7949427.848335212,4755,200,2.3130261078476906,12.955229386687279,224
dc7f2376-896c-4cf3-809c-9debe021eece,a88abdf6-3fbe-4259-bf5a-0c2a8e73f81a,7949401.579759573,7949406.30772234,7949427.876591435,5884,200,4.727962767705321,21.568869094364345,160
a4d57b9b-377e-48d5-a1d8-18a45f4c6ac9,a9ee696e-7782-458b-b0e3-a5f993f4a8eb,7949408.579268343,7949413.042370462,7949428.0214197645,5875,200,4.463102119043469,14.979049302637577,176
639a485b-4680-4343-bd19-ca1c0254aa54,773031a0-4df5-41b1-9031-e9c5d037efa1,7949404.620037838,7949406.472560635,7949428.078006907,1819,200,1.8525227969512343,21.60544627252966,192
e1280fe9-eca1-4d00-a277-88a83bfcf10b,fbfe9e9f-aa2f-4a16-90bf-74ab86e7032b,7949408.579278788,7949413.913211962,7949428.2874390595,3432,200,5.333933174610138,14.374227097257972,224
f8eb75b3-b472-4d3c-bba4-5849271dff0a,855dd6b3-1f0e-4fa3-a820-cbf26b5c076f,7949408.579274468,7949413.91469156,7949428.288769759,5480,200,5.335417091846466,14.374078199267387,192
3ecaa070-cf55-4806-bf20-dfcc518200a0,eecbcd88-7743-4e34-95b6-1c67dec9ac89,7949412.580089451,7949415.609920189,7949428.304617896,5220,200,3.0298307379707694,12.694697706960142,224
cbebb80a-228f-405f-a738-ffd8e6b89e57,21f467fb-de7c-4e1b-9293-058f066ebf57,7949410.580684124,7949414.770098776,7949428.42668853,5863,200,4.189414652064443,13.6565897539258,176
1d3a2575-0548-46be-8ff5-1ba7d8505b16,6e066633-fcb0-417d-94ee-a9864bbdaa41,7949404.620032599,7949408.779382562,7949428.475840598,6485,200,4.159349963068962,19.696458036080003,192
1744885f-4b15-4888-accd-b55064f68cc5,97e6ae57-69da-4647-a7d0-d90457e6abcc,7949409.579398644,7949413.618624178,7949428.895066922,772,200,4.039225533604622,15.276442743837833,192
e7d5088b-2506-4bca-821a-24876e010cb9,c2cf61e6-40f9-49e5-a7f1-e24130e70596,7949414.579030693,7949416.1185565945,7949429.097526279,5872,200,1.5395259018987417,12.978969684801996,176
fdd67914-a4b7-4924-8e6d-95cc3ed8d901,7ed7ebb9-c4ac-496b-a503-cbbd0dad0d9e,7949412.580076594,7949413.195659355,7949429.134461776,1520,200,0.6155827613547444,15.938802421092987,160
cea2f5a1-2972-49b5-bfde-03ea20c72064,54891ef3-08b6-433a-a8dd-209619c8b4f6,7949414.579033702,7949416.44317942,7949429.189356163,5692,200,1.8641457185149193,12.746176742948592,160
985f1cb2-1cb4-4eb7-ab03-713562ecc130,f08a5a98-ba52-4eb6-9dfc-c3e02b3c3c96,7949414.579021428,7949417.096208299,7949429.306007268,5889,200,2.5171868707984686,12.209798969328403,176
24321e55-3e1f-461a-82ec-1cb3e234a870,558d1a32-11e7-4870-b268-20a3c0b14d67,7949414.579036662,7949417.533176731,7949429.459651748,5853,200,2.95414006896317,11.926475016400218,160
657d5365-71bf-4438-887b-ecd0e96272ec,b01f6c83-5554-4371-9f04-7b0e790263ed,7949409.579386226,7949414.354678338,7949429.712599648,5631,200,4.775292112492025,15.357921309769154,176
1910fb45-dbf5-423a-a33d-e374918a39dd,5f03cc52-082c-4278-836e-b69155dec9ba,7949414.57903875,7949418.189748658,7949429.770336394,6335,200,3.610709907487035,11.580587736330926,176
ad43e30e-552d-4951-b374-485273c6bc3a,eaa14318-4f95-461e-9213-5b24ea716730,7949409.579395408,7949414.44100637,7949429.774351356,4899,200,4.861610962077975,15.333344985730946,160
f7ab2509-5358-484a-9658-e2dc5e5d1713,fc0ee260-72a8-4d48-ad4f-51c0fbdc2377,7949412.580086222,7949414.2146331845,7949430.655989035,5163,200,1.6345469625666738,16.441355850547552,160
554f9776-30a3-4ba0-b8b9-1237f132900a,db50af28-fa33-4f95-803d-71036af6bdbe,7949408.579265391,7949416.291942632,7949430.662239861,6020,200,7.712677240371704,14.37029722891748,176
74190e2f-e04c-41cb-88c8-348cb43e9d0b,f259acc7-014b-45ee-b116-6c5a67d0b3dc,7949416.579508799,7949418.225740064,7949431.49257781,5889,200,1.6462312648072839,13.266837745904922,192
27c92237-7ec9-4bbb-bfca-2610a2c2cd3f,b77d50a0-f922-437c-a00d-6b3572ecfa03,7949416.579518671,7949419.002157677,7949431.755586453,5912,200,2.422639005817473,12.753428775817156,160
ca61692d-8da1-4529-b734-0cbaeb35686f,0f610880-6ddd-4017-bf17-27f18caf55cb,7949416.579530886,7949419.219893527,7949431.864382648,5296,200,2.6403626408427954,12.644489120692015,160
5168416c-c1b0-4867-9348-c2c380985f1a,02040ade-ed2d-491c-ad7f-c7feac81e298,7949416.579527874,7949419.4364076145,7949431.979707593,536,200,2.8568797409534454,12.543299978598952,160
4598b2db-896f-42b3-a371-07418ac8b38d,b895349f-c004-4a48-815c-1924c7a2fa77,7949416.579521914,7949420.094063117,7949432.332322087,2647,200,3.5145412031561136,12.238258969970047,224
10e9c686-01d1-4355-9d8a-cc9327cb6949,b23331f5-cf25-4f3d-bb0a-0b712f6627c0,7949416.579524633,7949421.5640678685,7949433.286967816,3770,200,4.984543235972524,11.722899947315454,176
85bc0a7b-9bd1-4787-9aba-146b2bbc51ed,4131e3cc-5480-4d8c-9fef-c2f6acff68e7,7949415.57904067,7949418.373731424,7949433.544964436,5869,200,2.794690754264593,15.171233012340963,176
f67c4ecd-0fe9-4da4-889a-80694456f7e8,80c2eab9-93f4-47c0-9f83-f790c22d62f2,7949417.579143495,7949417.838144379,7949433.697814043,1564,200,0.2590008834376931,15.85966966394335,1552
69389ebc-3be3-4e49-b46c-9a3f81e5e364,137ad8cf-63fb-4db5-bb47-7e4c09778b00,7949415.579044071,7949418.770738339,7949433.730040488,6006,200,3.191694268025458,14.959302148781717,176
b20cbf43-8846-46fc-aa13-f4830c96c249,ce4d3f5a-faf3-4b06-b766-a614f1096c6f,7949415.579037475,7949416.925931647,7949433.89457444,5950,200,1.3468941720202565,16.96864279266447,192
b0372687-65a3-4cd5-bf04-cbef266fc512,73d8e0e8-1341-40a5-b0d5-094ca0aac9e0,7949417.579129515,7949418.46865804,7949433.943900213,4556,200,0.8895285250619054,15.47524217236787,176
82d4711a-a960-471a-9dfb-7101b6039832,a74d52a0-b723-423c-8ddc-8a8becc87965,7949411.579867574,7949417.91745136,7949434.203923104,5846,200,6.337583785876632,16.286471744067967,176
b321367b-8589-43f1-b165-1dccf6facf25,d28d1e2a-443d-459d-9383-6bdc450581a6,7949415.579049374,7949419.941099597,7949434.311257161,5859,200,4.36205022316426,14.3701575640589,176
562ef9cc-c89f-4fe1-8398-14beb8f2219d,57653307-c6ff-4c87-8138-1533b53900a3,7949415.579046918,7949417.298017435,7949434.397195043,5949,200,1.7189705166965723,17.099177608266473,160
ba26cd15-aefe-4428-86a9-6cfa1ccce110,57a91587-71d3-4b42-b57c-e9022c37163c,7949416.579533506,7949422.30822968,7949434.71149437,5875,200,5.728696173988283,12.403264690190554,176
07dfee61-8a87-48c3-9542-6c9804bf53bf,ae3515b7-b2c3-4055-9fee-cc35030fc4b2,7949418.57951699,7949421.028688913,7949434.889153308,1965,200,2.4491719231009483,13.860464395023882,176
18423020-aa9b-4a37-84cb-492366fa936f,4bf9a1b8-5289-460f-817e-659616fb5993,7949418.579520652,7949422.145035737,7949435.465313015,5906,200,3.5655150851234794,13.320277277380228,192
3946ef04-bab9-4812-85d8-b11d269518f3,4101a5fe-666e-4384-a477-c0dd5e15c3ca,7949418.579504849,7949422.262011286,7949435.500709974,5373,200,3.682506436482072,13.238698688335717,160
2ac9b6e9-9ba6-4816-b28b-87331565ffed,b2da5930-e925-4f11-acd5-b71f0c28de6b,7949418.579527941,7949423.14690765,7949435.743616565,5744,200,4.567379709333181,12.59670891519636,192
d4208583-ccba-412d-8b33-f2722ad0f6ea,8b04069d-53db-4f71-b312-8d4dedc41864,7949411.579883685,7949419.385040535,7949435.81960935,5965,200,7.805156849324703,16.4345688149333,176
2e9c6ab7-ebb0-4337-9a1d-a61a237997a6,43515880-6b47-44ce-ad5a-c143292b1649,7949418.579524189,7949423.595100769,7949435.846825369,5927,200,5.015576579608023,12.251724599860609,160
b40973f9-598b-4fc8-b719-9f5f8d5775fb,d4a8ccbe-7316-4e32-881c-ec76afaa5012,7949418.579531886,7949424.3701325925,7949435.983370865,5991,200,5.79060070682317,11.61323827225715,160
66f29994-e4fc-41da-b13e-0fafa4abd394,32379e4f-c52b-4533-87e4-7ccbc01e4871,7949411.579879731,7949419.537099954,7949436.031649462,2616,200,7.95722022280097,16.494549508206546,176
87ef37d1-02a2-4081-a456-6b6b6fb4f1ef,afc0305b-37f3-49fd-a394-1f1a7281db52,7949415.579026731,7949418.64078632,7949436.038448355,5878,200,3.061759589239955,17.39766203518957,160
54792729-28f2-4a30-b514-335f7bfe9d12,cf53ec7b-8773-48c4-bfea-fbe3da37a269,7949418.579535328,7949424.6697418485,7949436.173013255,5941,200,6.090206520631909,11.503271406516433,176
58a41eba-3ac2-4dda-947b-6fd284369aea,984ff781-ca15-479c-8e06-7bd9cd701519,7949418.579547306,7949425.126510372,7949436.446060671,2944,200,6.546963066793978,11.319550298154354,192
26e8e0bb-014e-4cb4-b81f-12d21d35bf35,04fdc20b-8327-42f7-a183-15c098d0ccce,7949418.579550811,7949425.583509919,7949436.976792053,5776,200,7.003959108144045,11.393282134085894,160
8a98fab9-4d7b-4963-b2b0-7f8068ad71cd,773fcc75-711c-4081-bfea-8e9f5d5f8c42,7949421.579920878,7949424.5127481315,7949437.039298137,781,200,2.9328272538259625,12.526550005190074,160
47e6fc4e-6611-424f-b362-4bc3b4073868,d53c43e4-30f8-4bde-bd5b-7dec2dc7004c,7949411.579889329,7949420.094580787,7949437.059944302,2139,200,8.51469145808369,16.965363514609635,192
ecfb3d51-9898-4f9d-93bc-642480988985,dee31f57-0db9-4efb-ad6f-509637e9dad7,7949421.579925072,7949425.51458224,7949437.375936437,955,200,3.9346571676433086,11.861354197375476,176
e0f87b4b-f38f-4ab6-b2e8-6543004a34c8,31d93950-a967-42cb-aec0-6513d12008a1,7949421.579932105,7949425.613238461,7949437.45888401,2610,200,4.033306356519461,11.845645548775792,224
a45e11b9-af7a-4d13-98af-dadffcfb6651,161e547e-4532-4d71-a764-180d08c2eb2c,7949421.579939256,7949425.551243047,7949437.481159758,3193,200,3.971303790807724,11.929916710592806,3120
a3bf36d1-0118-42e6-a123-76fc8ba570e7,b942c7a6-4699-4ba1-947a-a95a3cf3eff2,7949421.579935606,7949426.1022911,7949437.784708635,4338,200,4.522355494089425,11.682417535223067,224
3ac5c8f2-6454-428e-b75b-49245c6b2ad8,4630c2ba-1217-4b3a-970e-383907fa6d0c,7949421.579946618,7949426.294414988,7949437.99857312,1553,200,4.714468370191753,11.704158131964505,176
62d1ad60-63b2-4b80-8174-d77342ff3c02,1f137368-a8ec-4424-9209-cece0037f45c,7949423.579273507,7949431.488342542,7949438.138266729,3372,79,7.909069035202265,6.649924186989665,176
af462cd2-b56e-4d5a-ab09-f492c7f9ac9e,6f90c4ab-65aa-49a6-ba03-ccb6cd74af3e,7949418.579553841,7949426.741026356,7949438.284427962,5787,200,8.161472515203059,11.54340160638094,176
831213ee-8af8-4efc-8b57-691d7b6aad9b,6bc07a15-054a-4565-ad27-d0f02e46447f,7949421.579942444,7949426.839500368,7949438.291194643,5921,200,5.259557923302054,11.451694275252521,192
05a1301d-ac28-4c00-974b-ae30710613bc,e75457ed-6df5-4031-9265-1be7e8cbd160,7949422.579708223,7949428.703714882,7949438.538533506,4108,200,6.124006658792496,9.834818623960018,3920
ccf31af2-d23d-4d78-a74e-8deec136c596,3047d0dd-5a9d-4d90-be11-b1eb806c0a55,7949415.579052311,7949422.795911675,7949438.897248897,5869,200,7.216859363950789,16.101337221451104,160
54ff4cfd-a185-4cd9-a86d-ec3195f934d2,22d7558f-2436-464f-b111-4724e2f322d1,7949421.579908667,7949422.800868176,7949438.90391615,1957,200,1.220959508791566,16.103047974407673,1952
1aafa917-0ad6-4fd2-825b-0201661622d9,1cc89369-2782-418c-93f1-6fd3c276dc1b,7949411.579886414,7949422.083132108,7949439.105766873,6645,200,10.50324569363147,17.02263476513326,160
c757fcc8-f449-4f35-97d9-ee43ae2b4024,2a455136-68a7-4f2e-ae04-e584f979ee34,7949421.579928707,7949427.468046321,7949439.250284215,4746,200,5.888117613270879,11.782237894833088,176
4e1be0cb-bdd9-4836-be96-9990c3022cd5,9c8a1517-7296-4d9c-8dde-a5bbdf0ffc55,7949422.579711633,7949423.997037534,7949439.288668907,4221,200,1.4173259008675814,15.29163137357682,160
ed09daf7-744b-423e-9f83-263acb79af79,c1aa437d-4a45-48f5-a4ba-fefa5588951c,7949411.579891882,7949422.263849122,7949439.289924586,3572,200,10.68395724054426,17.026075463742018,176
e4a8b614-e31f-4a00-928a-d382482aa0a1,b579de52-ab17-4588-b70a-4285fc661c21,7949418.579556922,7949427.923833205,7949439.335294057,5809,200,9.344276282936335,11.411460851319134,160
4b5d27cf-368e-4081-a706-fb91632e84eb,743da0c7-ad95-4639-a69e-c87954fbf45a,7949422.579697649,7949424.3082797015,7949439.42373947,5962,200,1.728582052513957,15.115459768101573,160
57fdb66c-f579-4c79-978b-e69610816bd1,d361340e-7ada-4795-9f86-b45068834ca9,7949426.579305558,7949427.75961065,7949439.528279742,4074,200,1.180305091664195,11.768669092096388,192
2b8b537d-b413-4d6f-8b2b-4941a1c25ea9,6cbbb375-c940-47eb-bdbe-1c9292cd44d7,7949421.579949529,7949427.898648014,7949439.808111041,2720,200,6.318698485381901,11.909463026560843,288
ce8f7137-c2e5-44d3-876e-71c18e5870a2,cfbe6bee-cd08-4654-810f-1a3b3025c764,7949426.57931492,7949429.121467556,7949440.037710819,6739,200,2.5421526357531548,10.9162432635203,160
a667fdcb-8970-4c44-a9ae-af6bc6ca4bfe,47290926-f76b-42a0-b6b0-95ae3ac5a196,7949413.579034781,7949423.184801218,7949440.256125739,3484,200,9.605766437016428,17.071324520744383,288
0fcc1532-b7fe-441b-a09f-f90a57934b44,5247d9b3-daf0-4d8c-85c8-6200408316cf,7949413.579038064,7949423.375470829,7949440.450004991,1148,200,9.796432765200734,17.074534161947668,176
225af262-e1d5-4829-8ed6-504283986c70,1cb4cd2c-3d59-46ce-8a93-0db347afede8,7949428.579213328,7949429.145562344,7949440.502481421,1796,200,0.5663490165024996,11.35691907722503,192
20301a05-51d6-43ed-b90e-1649770038e4,05e2aea2-3e77-4091-acf4-2b43e9372008,7949424.57921043,7949427.770621666,7949441.56881844,3931,200,3.191411235369742,13.798196773976088,224
183c0ae0-4ebe-403e-9186-f1c620a9b4c3,48f00f11-d6a7-4d60-b710-9751910c2b29,7949413.579022876,7949424.564728592,7949441.698474475,5741,200,10.985705715604126,17.133745883591473,176
5a4d90b3-cf04-4d57-bea2-da50c078dc7e,4c23bd5a-bf9f-4ee2-a8bc-c19f72ea4b9d,7949420.57902612,7949423.43840772,7949441.787909618,962,200,2.8593816002830863,18.34950189758092,160
4642d3ec-c540-4aa0-bc00-883014f8664a,2f76cc92-4a76-43a3-ba85-d8a763932abc,7949430.579455687,7949431.106396366,7949442.145769717,1522,200,0.5269406791776419,11.03937335126102,192
3995acfb-9e54-4b40-9680-c70b778f8f24,f0cbebc5-adb6-461b-9b21-22667b2f1d8c,7949419.58053963,7949425.011762297,7949442.172636134,2293,200,5.431222666986287,17.16087383683771,224
d709b6e0-2e16-4478-b35a-22bea372bd92,ffa65629-fc9d-4ec9-b6e2-f76db11b35df,7949424.579227735,7949428.509299666,7949442.331906603,5886,200,3.930071930401027,13.822606937028468,192
34ca2ffc-c1f7-41e2-a875-c29992daad61,bc5c74d8-eb34-4a1c-8ed5-ee4fc1418410,7949420.579041008,7949423.931492002,7949442.367437138,5937,200,3.3524509938433766,18.435945136472583,224
ad627691-acff-4727-a2f7-69847bc7cf05,1f10b2d7-9302-4f7e-adfd-f3c4f7c6944c,7949431.579321131,7949433.104657424,7949442.452266883,3048,200,1.5253362925723195,9.347609459422529,192
6b101235-1adb-439f-a097-6933f2954f35,4dbf8715-3d77-42be-80ab-15b38059e55b,7949424.579231301,7949429.217168214,7949443.049599852,1586,200,4.6379369124770164,13.832431638613343,192
65ff2e5e-486c-419e-bb36-5411ef6571c4,17f52023-20f0-4ba4-8129-16c153a0bb0e,7949420.579037671,7949424.678629902,7949443.083076619,3896,200,4.0995922312140465,18.404446716420352,160
d261f665-025b-4e2f-bf7d-6a872bf89228,b902c569-6d37-4ef4-a557-c9d749da88cb,7949429.579777225,7949431.848457918,7949443.146978164,513,200,2.2686806926503778,11.298520246520638,192
65289039-1a36-46e5-889c-74170d2b7e6e,9ae48b4d-09e7-477a-96c8-ee9b319e707d,7949429.579783735,7949431.847836188,7949443.146860131,3423,200,2.268052453175187,11.299023943021894,160
1ed0719f-3338-45ad-b42d-9b1da0736eaa,af44908a-558d-48e0-806d-4f2657f94fe4,7949419.580536746,7949426.051880177,7949443.242070979,5338,200,6.471343430690467,17.19019080232829,160
a7c83da7-b8f6-4440-b3b6-12ef93bf40d5,25236658-a6aa-4462-813e-c90ddddf0d4d,7949430.579458892,7949432.54957246,7949443.282974832,5419,200,1.970113568007946,10.733402371406555,224
12c79a11-172b-4a6f-a211-93e02adad2aa,e6330420-13fa-40f0-aaaa-ee9b7b873195,7949429.579773916,7949432.403819346,7949443.313286845,5617,200,2.8240454299375415,10.909467498771846,192
d264fa75-a864-4c2a-be6b-9c944df6646c,52901222-0bb4-47e4-8bba-8825319cf100,7949430.579439483,7949431.244653763,7949443.333047605,3161,200,0.6652142805978656,12.088393841870129,192
3767f6d5-84c0-4db2-9582-c59d46b9e8f5,35bb8264-f8c1-4361-b48d-7ad5da447700,7949432.579232239,7949433.724874528,7949443.411610083,396,200,1.1456422889605165,9.686735554598272,160
a5e21a0d-1a6f-4236-a056-459b5204e2be,307fce6d-c2b2-4dae-aea7-ddfb228a713a,7949429.579756553,7949433.0673580915,7949443.497633375,5763,200,3.4876015381887555,10.430275283753872,176
ec35c6b5-c7f4-446f-abbd-47e51d63bc03,8f571481-bb6f-4a50-ba89-2ea91233c37d,7949424.579223041,7949431.813462986,7949443.701000604,5806,200,7.234239944256842,11.887537618167698,224
c8592265-dba3-4a15-8d73-154ca0e77da3,57965c9f-d1a7-428f-b691-aa12d95ea40d,7949432.579235521,7949435.385312102,7949443.8951905435,6083,200,2.806076580658555,8.509878441691399,192
3c73f7eb-4e64-4c89-92e5-86a9c071aaf8,c6e18b90-e57b-498d-a257-de89d96b372c,7949419.580509356,7949427.014009225,7949444.2160173785,2057,200,7.4334998689591885,17.20200815331191,192
3fd8b388-d73e-4868-99d6-077cad9a1805,43547b38-0907-4fd9-ac93-a7380b13691c,7949432.579241323,7949436.473876997,7949444.331051265,810,200,3.894635673612356,7.857174267992377,192
265f5994-adae-4ce0-a944-6b406c4bbea6,6e066633-fcb0-417d-94ee-a9864bbdaa41,7949432.579238417,7949436.735536656,7949444.640928126,6473,200,4.156298239715397,7.9053914695978165,192
7dee8b20-8d4b-41f9-8845-4a484202c120,d8819f26-10a3-4788-995a-51de60950150,7949428.579230371,7949430.308821998,7949444.682269253,3343,200,1.7295916266739368,14.37344725523144,192
fd68e3b7-39c7-4dd9-a1b8-709bc8a7a180,029edadb-b234-4d39-a619-c56cc85e964f,7949430.579451617,7949433.410891337,7949444.842510088,324,200,2.831439720466733,11.43161875102669,192
15ac06be-e389-47ff-9aee-0562a2d9ea95,ec13b1d0-76b0-4b76-b16c-1f1ba5a32e9c,7949419.580519534,7949427.87041925,7949445.116606512,4392,200,8.28989971615374,17.246187262237072,160
8ba46b4d-d50f-4bf0-8ade-efd8bdf6500f,9094afdf-fdf4-40ec-b8cb-b04664e6ec6d,7949429.579769733,7949435.464871382,7949445.339306143,3821,200,5.885101648978889,9.874434760771692,192
6feff290-494f-4654-94bd-04e55b5d7ed1,3a454c10-139f-47e9-9e76-0ee4c60750df,7949419.580522998,7949428.244657473,7949445.5221111635,5882,200,8.664134474471211,17.277453690767288,192
3af3499d-5b79-494e-a63d-aa6432ae9501,66a3a1ab-8428-410f-8284-bbbcc40e3d86,7949432.579244226,7949437.4041254865,7949445.550462123,3919,200,4.824881260283291,8.146336636506021,160
9f37e911-9cb9-4df0-a10f-e5f3fc523b03,81acfaa0-e241-4b9c-b637-2033ffdefae4,7949428.579227575,7949430.30921035,7949445.576051234,1333,200,1.7299827747046947,15.266840884461999,192
faf52e70-4062-44a4-9928-0fc5ec1318bb,72007798-6523-420d-9817-37e87fcf6ec6,7949419.580526103,7949428.434559966,7949445.729354477,2555,200,8.854033863171935,17.294794510118663,160
8eac7510-7b6c-4b7d-93db-1e2ce0969add,948c8bc2-de8c-4e1a-8977-9533047131e5,7949429.579780214,7949435.829256765,7949445.822874761,1614,200,6.24947655107826,9.993617996573448,160
7e7b59bc-6827-4e3b-a61f-7ff333eb4a8d,ade8cb90-6dbe-409a-8c98-4ae1df590b7e,7949419.580529474,7949428.620815798,7949445.918666615,2270,200,9.040286323986948,17.29785081744194,192
648d4923-3a6c-4d1c-8077-ed49582300f7,5974b26c-9c91-4e54-8f64-6f0a30771880,7949419.580532024,7949429.467056241,7949446.784959512,5745,200,9.88652421720326,17.317903270944953,192
cbebbfe0-93d7-45c4-a2c9-9a0aaa404b42,d3446ebe-acf3-4d07-a3ea-c3744b922b9f,7949419.580534224,7949429.703854519,7949446.97276021,4829,200,10.1233202945441,17.26890569087118,160
61785b92-60a4-4b8a-9cfe-57651d1db1fa,51d7aec4-2dba-42c1-8f75-3193d8c9b3b1,7949434.579828043,7949435.838045711,7949447.2149172155,389,200,1.2582176681607962,11.376871504820883,176
a4001f7c-aa25-4091-abaf-1ae8e732a528,b325fd77-fdfe-41e9-a0ff-794363903698,7949423.579276949,7949430.131587517,7949447.465975647,1549,200,6.552310568280518,17.334388129413128,160
84a167db-f47b-4a10-aeb0-224dd185471a,2b0b6d27-8a7f-458e-8a26-26ecad67cecb,7949423.57926368,7949430.230859487,7949447.567748366,2631,200,6.651595807634294,17.33688887860626,288
c5d91d0a-6c3d-442d-a5ef-3eab869a2416,0a8f817b-a718-410e-a942-023e11cee743,7949430.579462533,7949431.912667787,7949447.802872091,5409,200,1.333205253817141,15.890204303897917,192
fba9548b-c267-4965-ad0a-d60e3c553224,c4f07ea1-4aee-4470-b000-7059f3c69f17,7949437.579355102,7949437.972054326,7949447.810503188,5799,200,0.3926992239430547,9.83844886161387,5760
25203169-36dc-44ad-9bab-c41d64ab8283,d00c697d-7ae3-4f63-8c46-74cb115fcffb,7949434.579832227,7949436.636215609,7949447.857201222,5879,200,2.0563833815976977,11.220985613763332,160
2de81677-c043-4020-b163-3f2c95afc857,27d34d22-9260-40a3-99e2-e20e86c4cfe7,7949430.579466569,7949432.812725253,7949448.1931336215,2916,200,2.2332586841657758,15.380408368073404,160
5be1a5f0-04fd-46f4-8bd6-af61e3f5866e,3c65feda-6cb4-427f-8794-100421de1d7c,7949431.579329944,7949437.26137361,7949448.516728012,4403,200,5.682043666020036,11.255354401655495,160
2c1d3d11-49f4-42b7-a38b-5f4bfdbdb19b,80c2eab9-93f4-47c0-9f83-f790c22d62f2,7949434.579817716,7949434.968023386,7949449.441285262,1564,200,0.3882056698203087,14.473261876031756,1552
4bd92709-80c8-4565-8236-59c285ac2ada,632c53ab-a30f-443e-8a55-e9907563136d,7949436.57904775,7949437.054920562,7949449.581918888,1005,200,0.47587281186133623,12.526998326182365,224
23c50505-3c1d-4f23-bd26-786d8db1eee9,6ba87a37-5514-486c-a5f6-0a7c5f9057f4,7949436.579039737,7949437.055892928,7949449.584690896,2284,200,0.476853190921247,12.528797968290746,192
69e36f76-6317-4d80-a5cd-31b3083eba5a,b5892cf2-f7ae-4e85-bad8-596946a75f51,7949432.579247395,7949440.143932184,7949449.648482594,5910,200,7.5646847896277905,9.504550409503281,176
d0655877-8674-4bd2-a55b-a5231ea223a6,ff333590-8f59-4975-a74f-db7bccf0ba84,7949436.579044009,7949437.604248026,7949449.724168723,3638,200,1.0252040177583694,12.119920697063208,176
33dc14df-6d8f-4701-a6fb-82397b146fe1,dc50ab8c-4aef-4581-800f-8d55cff5e8ac,7949431.579333266,7949437.930548052,7949450.06524077,2159,200,6.351214786060154,12.134692717343569,192
2028f1a2-9239-45e2-829f-67c9ed762d0b,67a0b975-184d-4abe-91c9-e84646d0b743,7949425.578961396,7949432.861202993,7949450.179319863,1948,200,7.282241597771645,17.31811686977744,192
2499782b-5075-4d11-aacf-90f37f6f319e,378a8dc1-f4bf-4176-8004-137448e51ca8,7949437.57934852,7949438.893109408,7949450.3710502125,1646,200,1.3137608878314495,11.477940804325044,176
48376ab9-bf5e-4083-b0ed-715c7173aa81,a43aee69-af6f-4b63-82d9-73f1bb806cb0,7949437.579338767,7949439.577978796,7949450.646766947,6084,200,1.9986400296911597,11.068788150325418,192
57324483-7ffb-4954-b69d-43781fc531d0,45e7f1a3-6b50-4b00-bff3-e4a8f31e6793,7949425.578974123,7949433.427192642,7949450.756976729,2929,200,7.848218519240618,17.32978408690542,192
6622b189-d4b5-4db8-9d35-ac897bce470e,47290926-f76b-42a0-b6b0-95ae3ac5a196,7949439.578955977,7949441.491142305,7949451.1837901715,3459,200,1.9121863273903728,9.692647866904736,16
bcfd8daf-db5a-43a7-8043-9bdf4dfb96a8,fd66c258-5859-4553-99da-0f386f57432c,7949439.578946502,7949441.62854866,7949451.22052502,3598,200,2.049602158367634,9.59197635948658,160
ec070bab-185e-4670-9821-c10702250a5d,5562c1a1-e6b0-40ec-96dd-5ea84936cbf8,7949439.578936466,7949442.09570718,7949451.515811634,5981,200,2.5167707139626145,9.420104454271495,176
0ea2817c-dbdc-4a05-807e-19922f6d3055,6e324056-7897-4c8b-93de-3f0d2871a1a9,7949436.579026673,7949440.972606868,7949451.716446716,6012,200,4.393580194562674,10.743839848786592,192
516aac36-8664-47c8-99e1-4e8f5a623d66,9b048b14-06a6-4574-a80f-dbc23b48d9f7,7949428.579232954,7949432.976111055,7949451.893477696,5862,200,4.396878100931644,18.917366640642285,160
8f030ecc-1f52-4ec3-bbae-8cb503500dcc,6a19083f-2cb9-4a28-b5a5-fe5affc36867,7949438.578997919,7949439.059504089,7949452.27360928,442,200,0.4805061696097255,13.214105190709233,192
03fc313b-7b87-4d2e-b65e-fda8e6a9a026,ab7c945e-e515-4175-81a9-07d757d848ff,7949439.578953034,7949443.101035624,7949452.823393319,2131,200,3.5220825895667076,9.722357694990933,192
c680956a-d608-4164-9b36-eeb0bbdbbb25,386b7318-3947-4df1-8dd5-2e93abdf10c2,7949428.579224017,7949434.307576107,7949453.7342974255,5997,200,5.72835208941251,19.426721318624914,160
7053a5bf-83b0-4055-a5e8-28fd180a8385,5f1dfde8-0414-448f-b867-af9a8603ce0b,7949439.578950384,7949443.067593594,7949453.733610324,4425,200,3.4886432103812695,10.666016729548573,176
7a1d9e19-63ca-4530-8a16-76656079d2d2,5e3e9e61-386a-474a-a3be-51c8bf29b1e6,7949440.579765067,7949443.0388574395,7949453.759006806,5350,200,2.459092372097075,10.720149366185069,176
1213093d-00f8-4855-8ad8-de1ae84764c9,4c23bd5a-bf9f-4ee2-a8bc-c19f72ea4b9d,7949441.579609325,7949443.0670031775,7949453.8664501235,962,200,1.4873938523232937,10.799446946009994,960
264f22f1-a38f-4ccc-bcbe-f695346c315e,e4cf393e-07d6-47fd-bb9b-936919a6f7a2,7949441.579612469,7949441.895056012,7949454.186247231,992,200,0.31544354278594255,12.291191219352186,160
0befcc57-c264-44fc-a683-8f427ce6272e,d98c265f-698d-4cb1-87ed-52317461cdc6,7949444.579717772,7949445.398297813,7949454.388811611,4534,200,0.8185800407081842,8.990513797849417,288
0d1eb153-0008-4531-b0eb-8d351af43d9e,0899530f-4ed7-49f5-91aa-9eef27c4e875,7949428.579235801,7949435.352346447,7949455.056183497,5924,200,6.773110646754503,19.703837050125003,176
183e8bb5-d19b-48e7-8e6f-d3271d79c74e,4a4b9580-1d15-458e-9b7f-fe574dea6d90,7949432.579220934,7949438.899098514,7949456.144866821,1803,200,6.319877579808235,17.245768307708204,176
8b5deea0-6dcf-41b7-bcf5-a6f97d1e4dea,d769c8e7-545f-4504-930e-6fb89f07eeaa,7949445.579246567,7949446.206518263,7949456.242324024,2947,200,0.6272716959938407,10.035805761814117,288
e0955545-ddc2-4dfb-8b74-9b3d469d39da,899c2615-9ae4-4ce5-91c4-b802b05ed50e,7949444.579721771,7949448.500072456,7949456.459373815,1601,200,3.920350684784353,7.9593013590201735,288
9525a637-b4d2-46e3-9b03-b323288a30c6,e1a9d263-ac30-4000-851a-1dbe52fb62c1,7949442.579752801,7949446.083799005,7949456.494543958,5871,200,3.5040462035685778,10.410744953900576,176
a82820a2-7578-4bba-8781-09dedfc69ec0,11930aa0-eecb-4b90-8321-5576b64783b6,7949445.579249826,7949447.198705897,7949457.08565337,5789,200,1.6194560704752803,9.8869474735111,224
c78c1792-8a06-4403-bab9-761361e1cedc,64d8ea28-e569-4d18-8e95-335226687779,7949427.579676258,7949440.354566361,7949457.586684922,5670,200,12.77489010244608,17.232118560932577,224
bcd3d9f0-7269-40ca-b610-ab7af333cde9,fb070aed-59ed-4076-890d-d41bb370b24e,7949438.579014545,7949440.049038146,7949457.624630328,2759,200,1.470023600384593,17.575592182576656,160
ae6e9f7d-d1af-479b-8740-cf382e19c5bc,2dd1593e-b38b-4dc5-b628-5b24a57f7800,7949440.57978697,7949443.954879239,7949458.141017285,5458,200,3.375092268921435,14.186138045974076,176
3a0608ae-81d9-418c-957e-30b30a88c004,c8309beb-8c28-45e3-97c6-0ce22870ae69,7949444.579703822,7949450.360022185,7949458.7052417565,5889,200,5.780318363569677,8.345219571143389,192
7a373224-c1f1-4583-bc2a-b88ef9b6af32,bd4d247d-3324-43ef-b1b8-ee86801436f5,7949440.579783642,7949444.994589044,7949458.733382294,2022,200,4.414805402047932,13.73879325017333,176
62038840-e06d-44c0-8b9c-19820983d760,f48f3c83-7b8a-45e5-a0fa-74a6e92599d8,7949427.5796947,7949441.893897161,7949459.13536441,5950,200,14.314202460460365,17.241467248648405,160
3f91a79f-9e2a-4c63-b789-224234f1e2af,2c2590bf-7735-4068-8406-2d47707168ea,7949442.579760753,7949447.750855531,7949459.477981858,3542,200,5.171094777993858,11.727126327343285,160
c70ad334-6546-452a-bc32-c19e294ffa03,5c6dac57-aba8-4008-9b1b-2dc74818894a,7949427.579691217,7949442.771998749,7949460.026983018,4523,200,15.192307531833649,17.254984268918633,224
42c3021e-bf33-468a-9e6b-10e5662e9d1b,af4b1375-aefd-45d5-8a5c-3dd4d84c4dc4,7949446.579755749,7949448.233316188,7949460.7128888015,5943,200,1.6535604391247034,12.479572613723576,160
3a32c85a-ccf2-4071-bf3b-4e97c3868959,cef881df-c2a5-4400-b32f-b3f0ea1210d5,7949446.579737971,7949448.8654316515,7949461.3530587815,5371,200,2.2856936808675528,12.487627130001783,160
ef600a46-2c77-48a6-898e-a53bcc3412a8,93f972a6-65ef-4743-aae5-aab226f65263,7949440.579776768,7949447.498012753,7949461.429407496,5883,200,6.918235985562205,13.931394742801785,224
5d0489a9-bb5f-4190-9de7-5b126ec4b0a9,2d56a9c3-5f90-4bf8-8d15-611eb4ee9fbf,7949440.579780822,7949442.761879868,7949462.1053819945,6705,200,2.1820990461856127,19.34350212663412,160
dd261b7d-99ba-4cf5-9f6f-569dda3725a7,6cbbb375-c940-47eb-bdbe-1c9292cd44d7,7949448.57964036,7949449.946929812,7949462.628043236,2782,200,1.3672894528135657,12.681113423779607,2688
5aa14665-a563-4442-865f-fdd8dc941d78,75ce5d63-f5dd-4ba1-b1f1-9c1cc84309a9,7949427.579687444,7949445.728575265,7949462.886631964,1363,200,18.14888782147318,17.15805669873953,176
78a4a8e7-07f3-460e-806f-efcaee3ddd57,02107f20-0300-4036-b19a-172388159a40,7949448.579636994,7949450.767288193,7949463.025107399,3857,200,2.1876511992886662,12.257819205522537,176
81393be0-be51-4895-9438-357d5465f4e1,debcae99-6b94-4209-9a6c-8a0c04c50046,7949450.579026629,7949451.86305148,7949463.10729757,2868,200,1.2840248504653573,11.244246090762317,192
91e44ac0-5d0c-4403-b33a-e38e4f29fec7,a0f4972e-a008-44c4-ba13-b684554c436b,7949440.57979404,7949443.441518284,7949463.131405508,2867,200,2.861724244430661,19.689887223765254,176
fa1ddc7c-89d6-42b9-a696-c5c26a86b1e3,e10a6047-966d-41f5-9abd-eada18afadd3,7949427.579697887,7949446.015299711,7949463.168393365,1510,200,18.435601823963225,17.153093653731048,176
a268fc73-4da9-4eae-bebc-90f9b3633843,160f0c9e-f577-4da2-b81a-1b98824a8dfa,7949440.579791106,7949445.43259404,7949463.677981757,6041,200,4.852802934125066,18.24538771621883,160
2ba6d29a-1455-4c60-91d7-b5cdb8a7e5a7,a2a378e3-be1f-4c30-b726-cf946c531dee,7949450.578986745,7949453.11107293,7949464.351013682,5903,200,2.532086184248328,11.239940752275288,192
9942f51c-c10f-439b-a2e1-835263334b72,2e76d9eb-980a-47df-9ceb-2b36e3fdbeb7,7949446.579758764,7949449.935632564,7949464.755336282,5885,200,3.355873799882829,14.819703717716038,176
e210c072-597c-4cd5-a2fd-1b7f96db9fef,991fa4e9-1892-43fb-931e-c1ec446cf34b,7949448.579622354,7949451.982861784,7949464.785383014,5890,200,3.4032394299283624,12.802521229721606,192
3f565ac8-8d74-4c43-ac9d-49be7278c18a,4da709ff-bf01-49a3-8bc5-9118019904f4,7949450.579030028,7949453.43791059,7949465.054494731,1998,200,2.858880562707782,11.61658414080739,224
682b99a5-8805-4d76-b4f6-a8b1d57b6136,0759bb94-aa77-4047-8f94-34cc9c62436b,7949450.578999902,7949453.377886855,7949465.3466480905,6015,200,2.798886952921748,11.96876123547554,192
be975106-b44b-4a35-b8b1-ae93c13d5636,844a87c7-258d-4606-b701-dd25f9c331ff,7949450.579016141,7949453.51370977,7949465.436681757,5824,200,2.934693628922105,11.92297198716551,160
89bfd3f1-70c4-4f92-820b-f1c572af614f,d53c43e4-30f8-4bde-bd5b-7dec2dc7004c,7949453.579504684,7949454.849611805,7949465.541393085,2408,200,1.27010712120682,10.691781280562282,192
5e738601-ffa6-4171-98cc-0dde7a9b733c,b902c569-6d37-4ef4-a557-c9d749da88cb,7949450.579009161,7949451.7335316185,7949465.756763074,513,200,1.1545224571600556,14.023231455124915,512
88d8d6bc-690b-4950-b195-5cd7bd7feca4,22d7558f-2436-464f-b111-4724e2f322d1,7949446.579751302,7949451.945314596,7949465.888245193,1852,200,5.36556329485029,13.942930596880615,224
0f44c932-9a1c-4387-ac65-aaf0e3b0e0d1,02040ade-ed2d-491c-ad7f-c7feac81e298,7949451.579239615,7949452.668919883,7949465.913671031,536,200,1.0896802674978971,13.244751147925854,160
06e8f18c-2704-40ad-832d-087d40808771,818f34b1-81e6-4dc9-8896-079af3a673ea,7949453.579492772,7949455.56681763,7949465.938856351,5116,200,1.987324858084321,10.372038721106946,192
7b3e6586-f319-49e7-9cb5-69d2162ce41b,239fe02a-0a19-4d3b-9cb8-bae3872a285f,7949432.579251026,7949449.020371513,7949466.002777076,3216,200,16.441120487637818,16.982405562885106,224
24bcc1b2-88ed-4186-9f12-2b26ea98eb05,8f095d32-b382-490a-af2a-f42225c16ffb,7949452.579790761,7949453.859637548,7949466.039613668,1093,200,1.2798467874526978,12.179976119659841,160
81734e5c-0f3c-4bf5-a55d-29f62fafb8bb,f930fe97-9b9d-4eda-a442-77a83ed574c8,7949453.579519569,7949455.743657456,7949466.043221684,2554,200,2.164137886837125,10.299564228393137,160
860571d6-c02b-4efc-99a5-307fb9c42970,b1150a5d-89df-4036-90e6-c349a59a71a3,7949453.579488528,7949456.173363788,7949466.262950103,5817,200,2.593875260092318,10.089586314745247,224
079d5159-464d-4904-8598-290f7c60a358,f75aa301-f7dd-4da5-abac-17906f66550b,7949450.579019857,7949454.265834929,7949466.371511883,2952,200,3.6868150727823377,12.105676953680813,176
e55033ac-86a8-4d3d-952e-c2c7aab0b5be,a9ee696e-7782-458b-b0e3-a5f993f4a8eb,7949451.579215643,7949452.2842915375,7949466.403207319,5869,200,0.7050758944824338,14.118915781378746,176
5973b28e-23f6-46b3-b196-c4cfdd7ae2eb,af45b936-e0fc-4b4b-a8e6-2c2ce81710a0,7949451.579202924,7949452.188492157,7949466.450332193,1477,200,0.6092892326414585,14.261840036138892,176
1fcaf19d-9654-488f-8498-2a2580237b13,6f45b8a4-e423-40e0-b44c-2370d1158913,7949453.579473988,7949456.598478548,7949466.459277811,5882,200,3.0190045600757003,9.860799263231456,192
ef09540b-385c-4ad3-abb3-808213233375,da124fb2-ca2e-4440-92f2-d93236ae14d2,7949451.579224119,7949452.395031817,7949466.562368475,1379,200,0.8158076982945204,14.167336657643318,176
22672174-d2b1-4360-85ee-ade02e34e24a,74a8d097-f062-41b6-8205-d784bb153261,7949450.579023352,7949453.897330405,7949466.622600721,1685,200,3.318307053297758,12.725270316004753,160
204b60b7-2b13-4299-943e-8c72a82c5b94,ae3515b7-b2c3-4055-9fee-cc35030fc4b2,7949451.579236125,7949452.854327646,7949466.747362891,1965,200,1.2750915214419365,13.893035245127976,176
a48253c3-4dc6-4c55-abca-0ca2d33ada6a,5cfe068c-bdac-4693-905b-190923e1087c,7949453.579496678,7949457.13137381,7949466.894260509,5918,200,3.5518771316856146,9.762886699289083,224
b0288527-73b9-4802-8414-6aae3ef98a1c,cf53ec7b-8773-48c4-bfea-fbe3da37a269,7949452.579778894,7949455.071905558,7949467.020939326,5902,200,2.492126664146781,11.949033767916262,1472
6023da04-ba4a-4544-bbd2-39e942041b4f,136c09df-f87e-45ff-b30d-813886566a5b,7949452.579762993,7949455.807639496,7949467.090461214,5817,200,3.227876503020525,11.28282171767205,192
b17ceb6f-4935-4b30-9496-5b2ae383920a,a652313c-8964-4423-b134-65f44458edb1,7949433.579151344,7949450.272745126,7949467.261572749,2620,200,16.693593782372773,16.988827623426914,192
3527e9dd-f1fb-4062-b2e9-a62b9778d9b9,20137c1a-ca8a-4457-a308-ac224059e1dd,7949452.579781769,7949456.18190384,7949467.267185534,5170,200,3.602122071199119,11.085281694307923,176
43107e5f-2ab5-420d-8504-199defe9c74d,db1fb291-ef7d-478a-9b73-48146f6a8cd5,7949448.579633409,7949452.912829863,7949467.383193769,5866,200,4.3331964537501335,14.470363905653358,176
39691279-9768-4e41-b2f4-c1f50792764b,3047d0dd-5a9d-4d90-be11-b1eb806c0a55,7949451.579211695,7949453.185844014,7949467.481264694,5869,200,1.606632319279015,14.29542067926377,160
5bb2287f-27e6-4651-ab54-a3ea80dfe3d3,6a75316e-7972-4cf5-9574-a4ab90aeb5f1,7949453.579512885,7949457.710488632,7949467.492745208,5187,200,4.1309757474809885,9.78225657530129,176
e8ffcdab-f3c2-4ad5-93a9-e1d94b517b27,d98c265f-698d-4cb1-87ed-52317461cdc6,7949452.579774968,7949456.710159494,7949467.558510045,4483,200,4.130384525284171,10.848350550979376,288
4616309d-72a7-461d-9556-da3282abe705,675afd83-9b5b-45b7-9f5f-7e5d89f0c9f2,7949451.579218322,7949453.522748368,7949467.6329614995,2488,200,1.9435300454497337,14.110213131643832,176
1d4cc61c-d89d-4599-bd70-a5f011f83cde,a9ee696e-7782-458b-b0e3-a5f993f4a8eb,7949433.579142092,7949450.674801554,7949467.6581494855,5881,200,17.095659461803734,16.98334793187678,176
6add5686-b4a0-4545-8d28-da416ce11318,5ddff232-d368-427e-9376-43248f95b38d,7949456.579758576,7949457.500350337,7949467.6797809545,6029,200,0.9205917604267597,10.179430617950857,160
2341fa67-8bab-4536-a733-363aeea3bc22,137ad8cf-63fb-4db5-bb47-7e4c09778b00,7949450.579012502,7949455.704265727,7949467.897548456,6042,200,5.125253224745393,12.193282729014754,176
1d039c51-61f1-447a-bf89-8191aa3e14cd,2a455136-68a7-4f2e-ae04-e584f979ee34,7949454.579370361,7949455.705249669,7949467.901642391,4746,200,1.1258793082088232,12.196392722427845,4736
aa4a71fc-3445-49d0-a367-c476bcaaaeb7,715e64e0-0181-41a0-b6a9-c164d566d676,7949451.579226697,7949453.935909789,7949468.180857072,5763,200,2.3566830921918154,14.244947282597423,176
fc9983b8-d392-49b6-a9e4-8a1e3bd8caaf,8861bb38-fa7f-46fe-a61e-d670524b80a8,7949433.579160621,7949451.427964058,7949468.403048303,5794,200,17.848803436383605,16.975084245204926,160
6c44fb85-cc73-4de5-954f-ad9afc78c05e,632c53ab-a30f-443e-8a55-e9907563136d,7949453.579508526,7949454.687412269,7949468.437957628,1130,200,1.1079037431627512,13.750545358285308,976
886d5b34-389c-47c7-adba-4bd00ca5a053,2fbb6b5f-bf1d-45f9-9224-c8b21ba8135b,7949453.579500808,7949458.981586394,7949468.558162851,6012,200,5.402085585519671,9.576576457358897,160
1a37d9d1-04e5-4606-941e-7d85c6db2eb7,4b6ac81e-dcab-4d4b-86b0-55cc757e83a1,7949456.579773634,7949458.124446862,7949468.626174326,6145,200,1.544673228636384,10.501727463677526,160
52a8a880-bde5-4fe1-942a-9e50ef28225e,00237d17-5a7a-4844-95a2-634553f9bde7,7949452.579784469,7949458.899826768,7949468.778335755,4199,200,6.320042299106717,9.878508986905217,160
bf3f6563-22a3-459f-8689-ad472da09e89,a4f0c701-3c40-428e-a46d-38a2479e43d2,7949433.579154588,7949451.906156947,7949468.868247835,5949,200,18.32700235862285,16.96209088806063,176
c3fdd19e-612f-4506-a014-edec19c101fb,50a0f783-38f6-47fa-851b-c29341137a2e,7949454.579351719,7949454.787224686,7949468.899454288,1507,200,0.207872967235744,14.11222960241139,224
a7d57987-39a6-4930-9156-9b29b649019f,41128b96-fd4a-4c4f-ab0e-4f0be9d70919,7949451.579233195,7949454.725683715,7949468.911525049,5943,200,3.14645052049309,14.185841334052384,192
66c827e1-bf67-4c34-841d-181eb94eb5c7,43515880-6b47-44ce-ad5a-c143292b1649,7949453.579516156,7949459.884839008,7949469.096596737,5812,200,6.305322851985693,9.211757729761302,160
4e9111d9-00e3-4bf7-8d00-21d65fbee174,44ca5816-8d16-4e6a-83e3-4700fae7ed03,7949433.579157677,7949452.570483451,7949469.5505713485,5810,200,18.991325774230063,16.980087897740304,160
ef3840bc-bd5f-43f0-b336-35e7740b051e,d07b83df-645d-4c89-b424-6beeea5eeb8f,7949458.579200897,7949460.5138021195,7949469.648933902,3879,200,1.934601222164929,9.135131782852113,0
9c102282-db6f-45dd-ab49-c6d56156ca6c,26b09503-47de-4a7a-a705-35fe368c5074,7949452.579787461,7949459.507877872,7949469.664516171,4209,200,6.928090411238372,10.156638299115002,160
3dd0ef71-5fd0-40f6-afcd-3ba830aa7276,5d14739b-be72-4e70-bb9a-d4af5e7ae4cb,7949458.579194082,7949460.756719357,7949469.740022505,484,200,2.17752527538687,8.983303147368133,16
f4c0ff34-2310-4ef2-b281-78cccccddcf3,c3d496a4-2080-4ec5-b544-6c3443dffdf3,7949454.579373943,7949455.5293245455,7949470.240569206,4418,200,0.9499506028369069,14.711244660429657,160
f524d270-d76f-46ba-990e-bc60e0e748dd,072cf49e-ac0d-4d29-b3db-cf9253ebe3e7,7949458.579174961,7949461.60612818,7949470.343791504,5294,200,3.026953219436109,8.737663323991,176
f54aa6b3-5588-436b-890c-7e99e20f155e,8ae210f3-b09b-4bc9-9dfb-bcc885974677,7949451.579230125,7949455.899217244,7949470.390478453,5040,200,4.319987119175494,14.491261208429933,224
ed649928-2f57-4168-a0dc-be5d7369afee,173d8474-31a7-49c9-a766-796c9ce56475,7949460.579629333,7949462.106085135,7949470.534344217,1533,200,1.526455801911652,8.428259082138538,256
2de8a459-9f38-48b4-b9f3-7cf04b20c3f3,a35eff54-0468-4997-8e6d-961bb789708b,7949458.579191078,7949462.23268489,7949470.547812376,4321,200,3.653493811376393,8.315127486363053,176
12990ffc-b8f0-430e-b33b-b522a82d1583,98e40854-fda9-45ca-9e6c-4ac9446438f6,7949454.579365789,7949455.491757313,7949470.55920143,3366,200,0.9123915238305926,15.067444116808474,160
8555249c-71c4-4195-b48e-ec4ec8e8c3af,eac5587b-55b3-49b5-8265-c3df2ced853e,7949460.579649984,7949462.491337346,7949470.706594735,2116,200,1.9116873620077968,8.215257389470935,176
f44f6816-f1a4-4313-82e5-d0c540de02db,c8ae7276-50d3-44bc-9777-36df0eb5b9e7,7949458.579187258,7949459.799736987,7949470.719882481,1346,200,1.2205497287213802,10.920145493932068,176
f55d3fcb-de9c-48a6-a3f8-b7ea071be7fb,fa482bdd-c4dc-4bd0-ab79-4e8054d78a61,7949433.57916298,7949453.826283047,7949470.754360947,6291,200,20.247120066545904,16.928077899850905,192
c1a64c4b-7723-40a1-8d98-84f75bffc50a,fc991f32-f1b6-4afe-ba3b-a472773d0110,7949454.579381742,7949456.735753985,7949470.942557741,1101,200,2.156372243538499,14.206803755834699,192
2f76fd27-3da2-4223-8bdc-a480ab64a90b,7a77a142-6294-4d46-b6bf-f820bc0585c9,7949454.579378065,7949457.327273811,7949471.097735821,4456,200,2.7478957464918494,13.77046201005578,160
f03289c2-c018-45d4-956e-3a369c33c094,3e53059f-27ed-453d-a3cb-045b4aa7f847,7949451.579220964,7949458.287601347,7949471.298070552,4258,200,6.708380383439362,13.010469204746187,224
5a4c4b02-7c31-4e74-9188-16fd258a72d1,ff8466f7-de60-44e6-b2a7-a144e2002d89,7949460.579646066,7949463.276726862,7949471.408963981,1672,200,2.697080796584487,8.132237118668854,192
1de67da8-9e0e-4b7b-ad54-847dcb245a47,e793cd05-3809-4e36-8e78-d44bc000c93e,7949456.579769044,7949459.459353188,7949472.128328907,5907,200,2.879584143869579,12.668975719250739,160
02ab1a0b-66e7-4971-ae6c-2d9ac8c064f7,e9333846-4b52-4552-b7b0-49ce8f3d396a,7949459.579181492,7949460.2580863135,7949472.451170381,1238,200,0.678904821164906,12.19308406766504,176
de7463bb-b71a-4f35-8cfd-4ebf67f89bb6,6f4051d6-8003-4af8-be6a-137219b04ba5,7949460.579641892,7949461.580646053,7949472.635710763,5722,200,1.0010041613131762,11.055064709857106,192
ff2bbff8-5600-46bf-b17c-fe442e17dbb1,9f8fc93a-62fd-4685-beff-f86268053404,7949456.579776851,7949458.351340261,7949472.684380218,5763,200,1.7715634098276496,14.333039957098663,160
36f3abda-cbd2-4a46-953d-2c881f669184,929b8a4f-ae3d-429e-830a-f69897f7f505,7949458.579197242,7949462.624961884,7949473.808078902,5409,200,4.045764641836286,11.183117018081248,160
de603e8d-d517-4ca4-9dea-a98efec14f93,51d7aec4-2dba-42c1-8f75-3193d8c9b3b1,7949465.579649433,7949466.717864563,7949475.518429614,389,200,1.1382151301950216,8.800565050914884,176
a4faf307-3d26-43fc-b6f3-ebf969bb4120,0a8f817b-a718-410e-a942-023e11cee743,7949465.579652723,7949466.556802192,7949475.758727303,5409,200,0.9771494688466191,9.20192511100322,192
d843cac6-60de-4b73-9de4-7223b8b62471,91e22163-b1ce-41e5-803d-070d44488e41,7949464.579780382,7949466.159243577,7949475.987674539,5810,200,1.5794631950557232,9.828430961817503,192
66bdb8db-ebca-4860-8768-1ea8097d0a57,32bb63f5-0400-4e7c-8e6c-cb23dafc8d9e,7949465.579657302,7949466.831926599,7949476.021229956,1378,200,1.2522692969068885,9.189303357154131,192
f654c7d3-dea7-4fc8-9dd5-dc9da1da403d,b2e5c2f2-ace4-4fcd-a84f-e1ad661d87cb,7949462.578941608,7949464.614606639,7949476.121338675,4034,200,2.0356650315225124,11.506732035428286,192
91a05551-b13a-4a09-8dd0-1a1967aa3a5e,4caafacd-2ab0-4466-94b7-7cb54f0a4414,7949462.578954242,7949464.683608882,7949476.153614871,719,200,2.1046546399593353,11.470005989074707,176
71cf4ce9-1213-4f84-80c8-45fb2cc61b6b,b156fb7d-49c2-42ff-b314-9556d3052ed5,7949462.578961889,7949465.640571556,7949476.488190688,5881,200,3.0616096667945385,10.847619132138789,176
899d352d-7508-49ec-ad12-04a1fa4df83f,4bf9a1b8-5289-460f-817e-659616fb5993,7949465.579660073,7949468.844337552,7949476.942672052,5862,200,3.2646774789318442,8.098334500566125,192
f1c910fa-a586-4656-a6e4-ae5c809e645f,40f892a5-678a-4f13-86dd-ca6b794f94a2,7949466.579630068,7949468.666857305,7949477.02339935,5982,200,2.0872272374108434,8.356542045250535,224
f97e5b5c-a05f-4d58-8107-ae5e1a7714fd,773031a0-4df5-41b1-9031-e9c5d037efa1,7949467.579825333,7949468.961077588,7949477.500494359,1819,200,1.3812522543594241,8.539416771382093,192
e443f9c5-fe52-415a-a6d6-202cf4b81da3,c494ad38-eca5-4234-ab94-6b47ba0ceac5,7949462.578958515,7949466.886011417,7949477.678671611,6094,200,4.307052901946008,10.792660193517804,192
a66d7554-c4f6-4683-afd0-fe0955a25bbe,b23331f5-cf25-4f3d-bb0a-0b712f6627c0,7949461.578915479,7949462.073441787,7949478.823416189,3943,200,0.49452630802989006,16.749974402599037,176
a5e9bb53-bb66-416c-b7e2-6f67bf628163,43515880-6b47-44ce-ad5a-c143292b1649,7949435.579300202,7949462.411898203,7949478.977560411,5857,200,26.832598000764847,16.565662208013237,160
75ed80ac-db99-498a-a64e-970b3d953dff,509e694a-3fe7-4d92-89a0-f7d32c4d3964,7949435.57930322,7949462.983056611,7949479.52286168,5268,200,27.403753391467035,16.53980506863445,176
a54ee7f0-33c1-47f2-82f0-5de769395075,b914fbd6-a087-4d90-a0ed-605abdc8a06a,7949466.579621284,7949468.079631048,7949479.728812897,5885,200,1.5000097639858723,11.64918184839189,176
1de96730-f016-4c62-b3a9-887224a26f62,f08a5a98-ba52-4eb6-9dfc-c3e02b3c3c96,7949466.579637235,7949469.554876633,7949479.806381787,5937,200,2.975239397957921,10.251505154184997,176
9312e415-7b14-46f8-a92e-f57f0934e58f,3d9f64af-c9b9-49e3-aada-0810637fc61a,7949435.579316402,7949463.3569564475,7949479.886293862,4011,200,27.7776400456205,16.52933741454035,160
c7d40e87-10e1-497e-8d54-175d8bee19db,31895786-fe4a-4634-bd10-354266c7cf14,7949435.579308407,7949463.450710859,7949479.9819870405,2368,200,27.871402451768517,16.531276181340218,224
c45a5f62-d964-4ddf-bfc7-9f91f8d4ac45,f17a4867-8187-4bc8-b761-c5e2f43461f5,7949465.579638298,7949468.165005688,7949480.3317789985,5887,200,2.5853673899546266,12.166773310862482,160
47120ad8-1229-487b-9aa6-e06d3e7e86f4,2b0b6d27-8a7f-458e-8a26-26ecad67cecb,7949468.579037843,7949469.861146349,7949480.350904427,2635,200,1.2821085061877966,10.489758077077568,288
70332283-79b7-4145-89e0-cf7a75ee1858,cae64ee8-4011-44ef-9331-c924f5e429be,7949435.579305816,7949463.9264003495,7949480.429956174,3090,200,28.34709453303367,16.50355582498014,176
282bdcf4-f6e1-482d-a9e6-68ef4a0931dc,28b85227-ac6e-4816-91bf-18a4f64c1445,7949435.579290187,7949464.616725979,7949480.93331898,5707,200,29.037435792386532,16.316593000665307,160
6a1a66e9-ac46-42a4-b705-c3a3a71734a1,bef48969-2881-4b72-aae0-5d83261314a3,7949466.579640472,7949471.187646839,7949481.203890498,5714,200,4.608006366528571,10.016243658959866,192
ade5f51a-a189-47c8-b4c7-8a44e815e77c,81cbfa98-5491-4e8d-8566-7ecb5f746ab3,7949468.579034947,7949471.342004395,7949481.437825449,4942,200,2.7629694482311606,10.09582105372101,160
9d4ee411-6231-4cf1-8dc4-c1d61d5fa9ee,1cda0d46-618b-4b7a-b957-319fe6d96516,7949435.579318716,7949465.188273493,7949481.45405769,6301,200,29.608954777009785,16.265784196555614,192
a5292629-24c0-40d6-bc0b-2fc23964af13,749cff23-59a3-425b-bc36-69a36ebb5518,7949435.579311209,7949466.29348727,7949482.647519701,2649,200,30.714176061563194,16.354032430797815,160
5a8b29de-a5a8-45c6-abe8-6884e92c393d,b1cb652a-67d4-44c4-a3d6-11f8ce62329e,7949435.579313721,7949466.868660106,7949483.179169857,4786,200,31.289346385747194,16.31050975061953,192
7010ce24-e37c-45d5-b9b0-abbbc165fb8e,169bfd1c-b54b-4a03-b40f-5a304abd2cb8,7949468.579026899,7949470.068534818,7949483.369587445,3919,200,1.4895079182460904,13.301052627153695,224
9dff2f8a-4ce9-4344-aa31-5ec40e723392,efedac55-57dd-4acf-9f7e-f6bbd7243fbe,7949467.579814234,7949469.931576345,7949483.931758127,1412,200,2.35176211129874,14.000181782059371,224
74e907f4-c76c-495c-824b-7a7dc90963e7,4dc898de-9d0d-4eef-9608-2e7f5c017b44,7949471.579629487,7949473.00531043,7949484.065345979,3238,200,1.4256809428334236,11.060035549104214,192
94e25cf5-0f72-4801-8719-fcf4d4010d95,828db195-ca5a-4484-848e-1fc6ac242624,7949437.579352303,7949468.038155274,7949484.240800034,5718,200,30.45880297012627,16.202644760720432,176
82eceb53-a213-48f6-8d0b-d1a0cf124b89,2375aed9-bf2b-4d31-b02f-4651375f6697,7949471.579647457,7949472.753883481,7949484.2846650835,594,200,1.174236023798585,11.530781602486968,176
cf03aa6c-d35a-4aca-a998-ae19ef14f88f,4101a5fe-666e-4384-a477-c0dd5e15c3ca,7949470.579290202,7949472.278697643,7949484.647541288,5632,200,1.6994074415415525,12.368843644857407,160
c8b6728e-8ff6-4647-8efe-0fcc7ea38f8d,ec13b1d0-76b0-4b76-b16c-1f1ba5a32e9c,7949472.578964612,7949473.380945381,7949484.666118695,4392,200,0.8019807683303952,11.285173314623535,160
22729c71-4275-4302-95aa-9b7e3fca0735,f8121c93-55c9-4862-98f6-419e36d71ff7,7949472.578954927,7949474.139455157,7949485.145178196,3237,200,1.560500230640173,11.005723038688302,224
eab0e204-9c87-4544-804a-9433a602a97e,4da21daa-8a49-4a80-bd67-891784e7c623,7949471.579640501,7949472.186174366,7949485.703314854,442,200,0.6065338645130396,13.517140488140285,160
6329e971-5d0d-4565-b16d-fff8898328a5,1cb4cd2c-3d59-46ce-8a93-0db347afede8,7949473.579626824,7949473.89169785,7949485.8624109775,1796,200,0.3120710263028741,11.970713127404451,192
e18c9c7c-4a33-497b-94a0-bf1ae4d8a419,3c65feda-6cb4-427f-8794-100421de1d7c,7949466.579633717,7949470.184769348,7949485.987139986,4591,200,3.6051356308162212,15.802370637655258,160
a5ef1264-fc65-41e2-9c34-da3c488ab328,b397fd3b-5c1a-4e01-ae2f-44399f92080b,7949438.579011245,7949470.030559896,7949486.069626871,2832,200,31.451548650860786,16.03906697500497,160
54eecec6-292c-46dd-a020-35517fd95009,541e44f6-83d2-4cfb-ad3d-1b894b8a8520,7949469.579040237,7949472.691181025,7949486.651975562,5940,200,3.1121407877653837,13.960794537328184,160
9ad74520-0ba5-4d49-b83f-2e239bd6513f,81acfaa0-e241-4b9c-b637-2033ffdefae4,7949473.579654981,7949474.510041467,7949486.906828461,1488,200,0.9303864855319262,12.396786994300783,192
2791fd9d-b0b9-455d-a002-2fbe64310723,6cbbb375-c940-47eb-bdbe-1c9292cd44d7,7949470.579275013,7949472.068439132,7949487.1292003235,2848,200,1.489164118655026,15.060761191882193,2752
21419c2a-0eaa-4ba1-9a39-cc2893eb91c5,b6bb5bde-4df9-4ac5-915a-1165c2f7fe8f,7949473.579651134,7949474.541737664,7949487.22457311,2376,200,0.9620865294709802,12.682835446670651,192
ff58d9fc-780a-4845-8127-2a2c82c68977,8205a582-0870-4530-86d0-ed900328ac62,7949474.580337392,7949476.685490706,7949487.290277294,5938,200,2.1051533138379455,10.604786587879062,160
2e8d374c-21a3-4ee8-8579-2c170718878a,faaf4675-e336-4c29-ba22-f21742dac9e8,7949470.579266299,7949472.613111268,7949487.423519987,5827,200,2.0338449692353606,14.810408718883991,224
956f33cb-a930-4009-ba40-f89889e097c5,4131e3cc-5480-4d8c-9fef-c2f6acff68e7,7949441.579597165,7949471.4260212565,7949487.430759179,5818,200,29.846424091607332,16.004737922921777,176
87cb5148-22d1-4613-aab0-9ebc32825fbc,97e6ae57-69da-4647-a7d0-d90457e6abcc,7949470.57928112,7949472.714974105,7949487.479271779,1065,200,2.135692985728383,14.764297673478723,192
9f342570-7fba-4d92-b039-cc04b692e6cb,4c23bd5a-bf9f-4ee2-a8bc-c19f72ea4b9d,7949470.579286854,7949472.8158108955,7949487.529697287,962,200,2.2365240417420864,14.713886391371489,160
ab6d1867-4420-4273-b214-0ce0cdccb269,e75457ed-6df5-4031-9265-1be7e8cbd160,7949470.579278376,7949473.093287592,7949487.706867479,4563,200,2.5140092158690095,14.613579886965454,176
b57dfcd5-bbbe-43f4-bb9c-f59d4aa7d835,0883483d-ba52-4103-b119-afeaa09302ef,7949475.579697653,7949477.785888647,7949488.035807082,5744,200,2.2061909940093756,10.249918435700238,192
efab7fac-c455-4ced-8e14-fc5cb580d526,899c2615-9ae4-4ce5-91c4-b802b05ed50e,7949474.580361723,7949475.754695627,7949488.113585289,1666,200,1.1743339039385319,12.358889661729336,1568
b612d1a2-fa16-4d69-969e-331200b469cc,04fea7e7-35a4-4698-bf7e-840da3fb5ef2,7949441.579606037,7949472.192122336,7949488.125207037,5997,200,30.612516298890114,15.933084701187909,192
332c387b-3538-44be-8c7e-9c5f53e1c691,9cc9f7c7-21b6-4049-9427-8e83dd93cba6,7949471.579644296,7949473.835307061,7949488.885131228,5708,200,2.2556627644225955,15.04982416704297,176
8dc87838-6af1-45fb-9879-f6ccf7efd5af,64d8ea28-e569-4d18-8e95-335226687779,7949442.579738933,7949473.296181302,7949489.316096057,5670,200,30.716442368924618,16.01991475559771,224
4e97a556-7c72-4d39-a1f0-b439a785395e,f0cbebc5-adb6-461b-9b21-22667b2f1d8c,7949442.579763568,7949473.886283794,7949490.176889623,2293,200,31.30652022641152,16.290605828166008,224
79373af4-5ef0-4213-8dac-e6e1288d0e1f,0fc32f2f-3791-4f05-a896-da6268fe53f9,7949474.580353161,7949476.688635669,7949490.47713493,4273,200,2.1082825073972344,13.788499261252582,192
8461a66e-ee1e-4a3a-8fcb-9bfe67aa198f,584dad95-d36b-497a-92bb-3cefd7fd8072,7949477.579751983,7949478.340582001,7949490.525924017,5841,200,0.7608300177380443,12.185342015698552,1152
2d70304f-37b5-4058-8ce4-bb15ba157c9c,187f15cf-abd4-40d5-b327-1bd0cec63671,7949470.579284153,7949478.219180813,7949490.721644047,3313,200,7.6398966601118445,12.502463233657181,176
7cadd803-439d-4bc0-aee6-364bc8cb2e13,17f52023-20f0-4ba4-8129-16c153a0bb0e,7949475.57968448,7949477.338974175,7949490.734140607,4132,200,1.7592896949499846,13.395166431553662,160
edc4328f-9a8f-4400-81b7-4c01fa0449ef,d98c265f-698d-4cb1-87ed-52317461cdc6,7949474.580355933,7949476.244572178,7949490.777490875,4473,200,1.6642162455245852,14.532918696291745,2224
61750abe-e782-4122-bfd1-a1227d03a354,0c5040f1-c2d1-426a-938c-7f9a128ef1a7,7949475.579700002,7949479.326838466,7949490.877849455,6468,200,3.7471384638920426,11.551010988652706,192
f7d21a7c-3fa2-43da-a9f0-bff2825bf318,ce4d3f5a-faf3-4b06-b766-a614f1096c6f,7949475.579694126,7949478.789715948,7949490.954670088,5927,200,3.210021821781993,12.164954140782356,192
b238f24d-291b-4da6-9a0c-95fd626c5e30,1326464b-c372-47f9-8850-927fd5f180aa,7949442.57975764,7949474.999490587,7949491.141290189,3853,200,32.41973294690251,16.141799601726234,224
6b423077-c43c-40ba-9e6e-958e48ac73cc,6e7cc52a-11de-432c-9428-ed0bba4d276d,7949474.580350054,7949477.540989098,7949491.200560242,4016,200,2.960639043711126,13.65957114379853,160
6d6929a3-3a80-4e99-9b26-868e89b92976,9bc4feee-617f-4059-8c66-f3a6b1d07f17,7949476.579772368,7949477.751672361,7949491.355597498,988,200,1.1718999929726124,13.603925136849284,176
639a227d-581a-42ed-abeb-85421d651615,173d8474-31a7-49c9-a766-796c9ce56475,7949479.579370238,7949479.907196341,7949492.3443264505,1591,200,0.32782610319554806,12.437130109407008,1520
c2edb335-7a06-4be9-9522-63358fe331c9,70040244-0ba8-4018-b9e4-d79962cfab6a,7949478.57904281,7949480.945524434,7949492.4746625405,5847,200,2.3664816236123443,11.52913810685277,224
d6fff093-2785-46a5-ac9e-c74468b677af,ba46ec63-d117-43af-a082-fdb05a1381df,7949478.579032306,7949481.05692856,7949492.507096266,2152,200,2.4778962545096874,11.450167706236243,160
5158c4ea-b96d-412a-9e58-a4ec6bbad6b4,a3c929d0-baa7-4945-b63f-33a6fc39fd65,7949478.579035775,7949481.641067213,7949492.696835821,3034,200,3.062031438574195,11.05576860718429,192
b3296d16-0222-442c-85fd-c2dc4813c90a,1d5e49ab-cdc3-4315-8a5f-0539366d6bea,7949478.579048811,7949481.813170247,7949492.736520182,3028,200,3.2341214353218675,10.923349935561419,160
5c6fcbe8-9a41-4ca8-91df-8421c6e7a7a3,075d8cb5-28cf-4bc6-9249-fa0da1efad9e,7949479.579353588,7949480.443698008,7949492.847034379,2593,200,0.8643444199115038,12.403336371295154,192
45763aca-17e3-4418-99dc-ec0ef2eb7004,bd4d247d-3324-43ef-b1b8-ee86801436f5,7949476.579758309,7949477.2459694445,7949492.850104837,2206,200,0.6662111356854439,15.60413539223373,176
229e2174-21b2-4846-a846-3fa38e8464f9,44ca5816-8d16-4e6a-83e3-4700fae7ed03,7949478.579052768,7949482.193182033,7949492.8550325995,5810,200,3.6141292648389935,10.661850566975772,160
607c51ae-860b-40d8-9ea6-78bd37e5a557,9c1eaa62-32d0-47df-aea2-fa3f14175763,7949478.579045599,7949482.554923371,7949492.966192559,2575,200,3.9758777720853686,10.411269187927246,192
5c38041e-b34d-4b88-acaf-b6063368e4f7,31d93950-a967-42cb-aec0-6513d12008a1,7949479.579373101,7949481.066065164,7949493.179875336,2784,200,1.486692063510418,12.113810171373188,224
a7e6391a-b4e5-4062-a666-c44373c8d77e,2a455136-68a7-4f2e-ae04-e584f979ee34,7949480.579381727,7949481.141079228,7949493.23896471,4746,200,0.5616975016891956,12.097885482013226,4736
aa74d5c1-252e-488f-8e07-209e71e5046e,d361340e-7ada-4795-9f86-b45068834ca9,7949476.57976857,7949478.260272613,7949493.52507385,4333,200,1.6805040426552296,15.26480123680085,192
e36787ec-2fce-4066-9465-b8bd8caa6cc4,af44908a-558d-48e0-806d-4f2657f94fe4,7949479.579367079,7949482.324799197,7949493.747618472,5547,200,2.7454321179538965,11.422819275408983,160
2872a3eb-06ce-4598-9475-6acb10ae863f,601ebb0f-02ad-42e7-a626-7ebef638a847,7949443.579234019,7949477.5090542855,7949493.784139814,5834,200,33.92982026655227,16.27508552838117,192
208d2879-3a67-4b56-a946-1c909f3ebcd9,b942c7a6-4699-4ba1-947a-a95a3cf3eff2,7949480.579369122,7949482.133396028,7949494.232915304,4501,200,1.5540269054472446,12.099519276060164,224
06659002-c4ec-46f4-8f1c-fab4e6f0bb69,32379e4f-c52b-4533-87e4-7ccbc01e4871,7949443.579230638,7949478.460656872,7949494.749293771,2807,200,34.881426233798265,16.288636898621917,176
860bea82-3fb2-4418-9364-c729bd79215b,bfd5456b-00d8-4af0-b7ca-9b61915339b8,7949481.579110414,7949483.403202344,7949494.789062832,2246,200,1.8240919299423695,11.385860487818718,192
503d38fd-727d-4abc-9220-159822d00b75,db3af283-c78b-4d14-bc1d-784377afabaf,7949481.579094054,7949485.031512513,7949494.904484934,3662,200,3.452418458648026,9.872972421348095,224
c387fbc4-7b9e-4d2c-bd8b-3654eb6aa4c6,eecbcd88-7743-4e34-95b6-1c67dec9ac89,7949443.579221072,7949478.6551904725,7949494.933534957,5208,200,35.075969400815666,16.2783444840461,224
a417635b-efe9-406f-84dd-8974709e18ce,51d7aec4-2dba-42c1-8f75-3193d8c9b3b1,7949482.579381897,7949484.122889238,7949494.94832558,389,200,1.5435073412954807,10.825436341576278,384
c2e8c2fb-b2b7-40e9-8c81-9acd52b04d22,a9ee696e-7782-458b-b0e3-a5f993f4a8eb,7949481.579107425,7949483.931369948,7949494.952460417,5869,200,2.3522625230252743,11.021090468391776,176
2826e2ef-3ae9-4d51-80ae-f4e92af87d64,66a3a1ab-8428-410f-8284-bbbcc40e3d86,7949477.579741355,7949479.259659099,7949494.968502682,4079,200,1.6799177443608642,15.708843582309783,160
ce1b6b93-c47a-43ce-8e32-c669b57b794e,bb3439ba-bbc2-476c-b3db-f87808d184ff,7949481.579104052,7949484.797672416,7949495.363738876,3455,200,3.2185683641582727,10.56606645975262,176
6216a5b6-94f6-4de1-a188-286cd9b62a85,dee31f57-0db9-4efb-ad6f-509637e9dad7,7949482.579384803,7949485.029137818,7949495.553897259,1093,200,2.4497530153021216,10.524759440682828,176
0f2f4c4c-e3cf-4d68-99a3-af263e9c5812,6ba87a37-5514-486c-a5f6-0a7c5f9057f4,7949482.579387427,7949485.369638532,7949496.073790996,2474,200,2.790251105092466,10.704152463935316,192
54274d00-748d-4510-8e85-843b70335fcf,dc50ab8c-4aef-4581-800f-8d55cff5e8ac,7949483.57904136,7949485.4604810355,7949496.33625521,2339,200,1.8814396755769849,10.875774174928665,192
7e56fc63-f9f0-40f1-9afc-9f331d7815a2,992bd0d7-1cad-4413-9565-9824a102be13,7949443.579239407,7949480.3401860995,7949496.673201345,1596,200,36.76094669289887,16.333015245385468,192
e829b4be-54a6-4071-b3c6-7fef515fd1d5,bc3ac3c3-4d2f-4962-bb52-152a9ce073ae,7949481.579084303,7949485.193719436,7949496.679614211,5913,200,3.6146351331844926,11.485894775018096,192
d173cc4f-be85-4300-957b-09dc6b41481c,1cf5c436-bb75-402c-9dfd-fae7395bc0a0,7949483.579028531,7949484.140564346,7949497.24208792,718,200,0.5615358147770166,13.101523574441671,160
f4396e58-a23e-4438-8347-b157fadc7480,32fb687a-464c-4e34-81ac-888a775f869d,7949484.579263376,7949485.889982294,7949497.578329859,1888,200,1.3107189182192087,11.68834756501019,192
ee7f4480-e97f-4a8c-845c-527f1a8ea22a,e75457ed-6df5-4031-9265-1be7e8cbd160,7949443.579236641,7949481.20261326,7949497.654551797,4258,200,37.62337661907077,16.451938536949456,176
d0dc542d-f175-4230-aa90-9dea0b7d0b4b,2e76d9eb-980a-47df-9ceb-2b36e3fdbeb7,7949478.579019482,7949480.531232574,7949497.706710195,5885,200,1.952213091775775,17.175477621145546,176
ec489ad6-f4ee-418d-9c7c-b69ef69665d6,3ee811a5-f205-4725-8db6-b99eb8dd1ecb,7949483.579044909,7949485.416310055,7949497.979543309,4039,200,1.8372651459649205,12.56323325354606,160
333ef00a-aacf-41c8-9394-dfd980345707,d00c697d-7ae3-4f63-8c46-74cb115fcffb,7949482.579378316,7949485.164155496,7949498.103884166,5824,200,2.5847771801054478,12.939728669822216,160
ff311e65-28c3-4f02-8468-608a4cd0f5d5,6bb1f497-7e96-48e2-a040-13b9fb4aa7b0,7949485.57959019,7949487.316116851,7949498.316333431,2160,200,1.7365266606211662,11.00021657999605,192
2a21760c-5796-450c-9e8d-ea280ab56ff0,b95dfb64-0406-4605-9307-eb2ed587ac22,7949484.579273617,7949487.695815655,7949498.638352724,5895,200,3.1165420385077596,10.942537068389356,224
d77b652c-9c00-47a6-89df-34292faf0f35,0f610880-6ddd-4017-bf17-27f18caf55cb,7949479.579362923,7949481.482853512,7949498.740360987,5540,200,1.9034905890002847,17.257507475093007,160
982a8eec-2339-4ebf-967e-b0584a2fbf76,f8e43d47-46b2-48cc-9573-4488e6fb8e5c,7949485.579605172,7949488.449397085,7949498.931761237,4284,200,2.8697919128462672,10.482364151626825,160
e88a749d-625d-475e-be0a-8fade6804f82,103c615f-5360-4f83-9b59-d23a7129b44f,7949445.579234599,7949482.649974908,7949499.057166346,3278,200,37.070740308612585,16.40719143860042,224
bfa623a5-7441-4d54-a51e-36977a9a7554,e15ff2fc-8b83-41ee-b315-8b52f8c96af4,7949485.579613442,7949488.927405416,7949499.100818657,5951,200,3.3477919744327664,10.173413241282105,176
31a80753-02a2-44a7-acfc-5a4150bdb313,97572e5f-d135-46bc-9183-21b2af1303c1,7949480.579385837,7949481.908557859,7949499.204206729,619,200,1.329172022640705,17.295648870058358,160
311972f7-e242-46a9-b3ee-88ef31597f1c,162bb746-0925-436c-8c6b-25f181810fb2,7949445.579239904,7949483.103825304,7949499.535703901,2380,200,37.5245853997767,16.43187859747559,176
b6525d25-48fc-4156-a1ae-9afba4f09eaf,3047d0dd-5a9d-4d90-be11-b1eb806c0a55,7949483.579047742,7949487.282541361,7949499.616857881,5871,200,3.7034936184063554,12.334316520020366,160
dbe6e8f9-2ff9-489f-b547-ef48be6c8d5d,ae3515b7-b2c3-4055-9fee-cc35030fc4b2,7949487.579413951,7949490.262102574,7949499.640273728,1965,200,2.6826886227354407,9.378171154297888,176
85c6c35e-4a27-40db-9ede-b3a9ea969a90,7ed7ebb9-c4ac-496b-a503-cbbd0dad0d9e,7949445.579243209,7949483.361520651,7949499.821827508,1710,200,37.782277441583574,16.460306856781244,160
73afaef4-eb0a-499c-88cb-3a6468df417b,41a8ee23-c625-4401-b4cb-e78c442b71c4,7949480.579389197,7949482.654324059,7949499.862348372,3497,200,2.0749348625540733,17.208024312742054,0
34ea7d07-2fe2-406d-b52c-6061ec1a9ece,d769c8e7-545f-4504-930e-6fb89f07eeaa,7949486.57969462,7949488.019308012,7949499.877277687,2951,200,1.4396133916452527,11.857969675213099,288
63d6b8fa-0554-41ff-91a6-bfb3aa84d865,e10a6047-966d-41f5-9abd-eada18afadd3,7949480.579392305,7949482.933586398,7949500.039943748,1692,200,2.3541940934956074,17.10635735001415,176
9af0217c-e16a-4ec4-a278-fd224d48c52c,35bb8264-f8c1-4361-b48d-7ad5da447700,7949481.579100741,7949483.062054597,7949500.146780787,526,200,1.482953855767846,17.084726190194488,160
f7351c02-6205-470b-8af7-816a4488978b,84fa6356-b99b-42cc-943e-4313c53f37a8,7949445.579224142,7949483.709811919,7949500.201460529,6877,200,38.130587777122855,16.491648609749973,224
d3c0999b-ce3f-49fa-81be-f78bb68a7fac,c2cf61e6-40f9-49e5-a7f1-e24130e70596,7949484.579276919,7949487.218646132,7949500.292602676,5836,200,2.6393692130222917,13.073956543579698,176
9e9a4260-9cee-4841-a666-1491e1f0608b,7a77a142-6294-4d46-b6bf-f820bc0585c9,7949484.579279326,7949487.583480593,7949500.6536850175,4457,200,3.004201266914606,13.070204424671829,160
de4de8af-4d64-422f-8c44-72918767e6f1,d28d1e2a-443d-459d-9383-6bdc450581a6,7949484.579281998,7949489.644844022,7949500.754997646,5872,200,5.06556202378124,11.110153624787927,176
6b59b080-b3de-46bb-8f0d-6cd77bf7c3ba,c494ad38-eca5-4234-ab94-6b47ba0ceac5,7949481.57909785,7949483.771370526,7949500.81397333,6195,200,2.192272676154971,17.04260280355811,6048
669cdb12-8fe4-48af-ba6c-b06a3342c02e,a2a378e3-be1f-4c30-b726-cf946c531dee,7949485.579602117,7949488.557557846,7949500.90473495,5903,200,2.977955729700625,12.347177103161812,192
ed2f895c-2608-477c-8405-0ac04a77713c,faaf4675-e336-4c29-ba22-f21742dac9e8,7949445.579237312,7949484.514064043,7949500.974230311,5827,200,38.9348267307505,16.46016626805067,224
9fd7f300-9abc-411d-bb33-a9998efbb1b0,52901222-0bb4-47e4-8bba-8825319cf100,7949485.579607894,7949488.485637901,7949501.237064182,3375,200,2.906030007638037,12.751426280476153,192
ea3c6d03-2a1b-475d-9ad5-9abc3e6bab7c,984ff781-ca15-479c-8e06-7bd9cd701519,7949489.579248421,7949491.458845655,7949501.356754452,3132,200,1.8795972345396876,9.897908796556294,192
3e0565b3-aad8-4e94-a5be-f891b61a3371,c36617c0-5ee9-428f-8eb3-fabed3fcffc7,7949486.5797104,7949490.021658439,7949501.419299666,2152,200,3.441948039457202,11.397641226649284,160
78f0d487-a3bf-4ac5-b71a-e03f1e9f585e,20137c1a-ca8a-4457-a308-ac224059e1dd,7949482.57936405,7949488.288956213,7949501.55394401,5304,200,5.709592162631452,13.264987797476351,176
cca38670-4762-434d-8761-8156e1a7e736,43515880-6b47-44ce-ad5a-c143292b1649,7949487.579428641,7949489.527922845,7949501.720935302,5986,200,1.9484942043200135,12.193012456409633,160
c1a4459f-5a93-4182-9d72-16386171794f,87bc14e3-59a4-4128-82c3-fc9b5691ebd4,7949486.5796838,7949491.047696144,7949502.007887488,6021,200,4.468012344092131,10.960191343910992,160
f60e52e2-8158-45be-a2a8-a7291759b4dc,cf53ec7b-8773-48c4-bfea-fbe3da37a269,7949487.579433825,7949492.509793177,7949502.094187935,5883,200,4.930359352380037,9.584394757635891,160
b9ffae5c-99e8-4bbb-808e-f77b1afd869e,743da0c7-ad95-4639-a69e-c87954fbf45a,7949486.579698451,7949491.120949755,7949502.280866522,5773,200,4.54125130455941,11.159916766919196,160
bff0e4c0-9f5a-4dd6-a397-bc0cfc01be7f,4181337f-4f55-4fd6-8fbd-e067aaaaebe3,7949488.579455855,7949490.967395937,7949502.295234174,5927,200,2.387940081767738,11.32783823646605,176
b68239ba-5025-49fd-9a47-9d7691676d9b,e1e07760-a68d-412f-bda9-93b7968d3d10,7949489.579251539,7949491.327174241,7949502.411414094,3154,200,1.7479227017611265,11.084239853546023,224
5df7812d-4607-4c3e-8568-ef55bcefd129,c1aa437d-4a45-48f5-a4ba-fefa5588951c,7949447.578994122,7949486.24938194,7949502.760586046,3769,200,38.670387817546725,16.51120410580188,176
11fb5223-7e64-4198-9086-82fcacb03661,faaf4675-e336-4c29-ba22-f21742dac9e8,7949491.579378295,7949493.238047675,7949502.986032763,5827,200,1.6586693804711103,9.74798508733511,5824
7c95c6ed-eb33-41fc-9c32-933a230f9a3d,fb070aed-59ed-4076-890d-d41bb370b24e,7949487.579424861,7949491.112564509,7949503.000923429,2948,200,3.5331396479159594,11.888358919881284,160
6ed21acb-cd6c-481f-ac20-260b56a10e50,855dd6b3-1f0e-4fa3-a820-cbf26b5c076f,7949487.579436517,7949491.427577084,7949503.220324954,5608,200,3.8481405666098,11.792747870087624,192
e5484917-338c-450d-84ad-5535dd066190,af45b936-e0fc-4b4b-a8e6-2c2ce81710a0,7949490.579277971,7949492.494340129,7949503.391305006,1741,200,1.915062158368528,10.896964876912534,176
42b0d651-c8a6-485d-bdef-6dd530003546,fc991f32-f1b6-4afe-ba3b-a472773d0110,7949488.579443796,7949491.739545255,7949503.501425736,1284,200,3.160101459361613,11.76188048068434,192
74f0af7a-3178-49a6-be8e-ca18a8716328,d53c43e4-30f8-4bde-bd5b-7dec2dc7004c,7949491.579361868,7949493.520636371,7949503.726560436,2664,200,1.9412745032459497,10.205924064852297,192
adf747b4-3595-4717-9dd0-c70eb8542281,00d31eb0-b908-4fd8-b7c3-40330a3b5089,7949447.579005242,7949487.246212228,7949503.785832082,4895,200,39.667206985875964,16.53961985372007,224
e61afaae-5f63-4fa9-aca1-5265c4f8d28c,c1b43029-4936-4724-8836-95afb9ebd00b,7949486.579707334,7949491.861264041,7949503.911539028,1715,200,5.281556706875563,12.050274987705052,192
4a8b4c1a-6995-432f-95ec-6b01b9f2d5ae,675afd83-9b5b-45b7-9f5f-7e5d89f0c9f2,7949491.579375618,7949493.513943058,7949504.077707193,2669,200,1.9345674403011799,10.563764134421945,176
bf796cf8-9588-4efd-bfc7-6948662aff2f,232da153-6f07-41c5-b184-6a34c8861a3c,7949447.57899746,7949487.6178422775,7949504.176032793,5678,200,40.03884481731802,16.55819051526487,224
17d080d5-05b2-494c-b70b-fc1b8315b4ef,029edadb-b234-4d39-a619-c56cc85e964f,7949491.579372222,7949494.046939804,7949504.216478844,470,200,2.46756758261472,10.169539039954543,192
15f6db1d-0c8b-4529-b8e0-1c26f8be9e4b,850a9e15-1175-420d-83de-67148187b5e5,7949492.579843163,7949493.571091508,7949504.551924388,685,200,0.991248345002532,10.980832880362868,176
c2305297-d1e2-4d4b-90de-8ff611603d2e,4f0267ba-650b-4797-b011-e2567cfa5e17,7949488.579458997,7949491.627091088,7949504.562908315,552,200,3.047632091678679,12.93581722676754,192
6070e4c8-5ef4-4c75-ba4a-8e9ae6b6b145,51d7aec4-2dba-42c1-8f75-3193d8c9b3b1,7949493.57901408,7949494.836677341,7949505.189878426,389,200,1.2576632611453533,10.353201084770262,384
c049abff-a170-471e-bb13-99c28f9930ea,b445a6a6-6bdc-421a-87f2-2617512f76b6,7949447.578999919,7949488.67777141,7949505.283484896,453,200,41.09877149108797,16.605713485740125,192
bad48d30-e977-49ac-82d3-f2d00a39c3be,b01f6c83-5554-4371-9f04-7b0e790263ed,7949492.579835731,7949494.456919764,7949505.404381455,5639,200,1.877084033563733,10.947461690753698,192
e06eedd3-edfc-49d9-9f0d-15b47d6b1dc1,b3b1f241-4f97-466c-b9af-0701c1476d26,7949492.579838282,7949495.228236092,7949505.569921442,5779,200,2.6483978098258376,10.341685350053012,224
fa229d30-9295-4227-a857-ed173db6eb1b,3d244e10-3c51-4e44-bce4-3022987dcfec,7949492.579840585,7949494.945208745,7949506.139178869,5910,200,2.365368160419166,11.19397012423724,192
5f7f0fcb-d848-497d-8198-97762a08ad34,2b0b6d27-8a7f-458e-8a26-26ecad67cecb,7949494.579803711,7949496.35746125,7949506.187291367,2627,200,1.7776575395837426,9.829830116592348,288
9f3bcb89-1e72-4dcf-83e1-26220e3223c7,e75457ed-6df5-4031-9265-1be7e8cbd160,7949492.57981983,7949495.307298256,7949506.305780801,4726,200,2.727478425949812,10.998482544906437,176
ab541585-880a-4bad-865a-173c61e3f606,af4b1375-aefd-45d5-8a5c-3dd4d84c4dc4,7949494.57979102,7949495.927860907,7949506.731131703,5943,200,1.3480698876082897,10.80327079538256,160
07546476-b83a-4e62-ae2b-5263c94bd651,c4f07ea1-4aee-4470-b000-7059f3c69f17,7949492.579829394,7949496.534963027,7949507.968002179,5726,200,3.9551336327567697,11.43303915206343,176
bb86890b-3ccf-419f-83fb-bb6e2217957b,5562c1a1-e6b0-40ec-96dd-5ea84936cbf8,7949495.57928936,7949498.783997955,7949508.452008498,5986,200,3.204708594828844,9.668010543100536,176
8139a8dc-9738-447f-9340-c29d035f691c,75ce5d63-f5dd-4ba1-b1f1-9c1cc84309a9,7949448.579643453,7949491.408172771,7949508.46235891,1363,200,42.82852931879461,17.05418613832444,176
cf57de29-718d-44da-8b12-aa68eb74ede9,3c65feda-6cb4-427f-8794-100421de1d7c,7949497.578897902,7949499.935005396,7949508.658755551,4801,200,2.3561074938625097,8.723750155419111,160
7795450b-e686-459f-af4a-6bff5ee26d01,2264bba4-daf4-4a00-be9a-8bc82e601070,7949496.579027525,7949498.416815691,7949508.753173172,5758,200,1.8377881655469537,10.336357480846345,176
36ba6510-ffe6-4237-b739-aedd086898ac,948c8bc2-de8c-4e1a-8977-9533047131e5,7949496.579039514,7949497.995139849,7949508.796032814,1734,200,1.4161003353074193,10.800892964936793,160
ed3e071b-f66d-4b1b-a1d3-ca312ae16737,6d14bf3f-56d2-4882-8aba-c916497faa7a,7949496.579049532,7949498.874116833,7949508.894091608,3921,200,2.295067301020026,10.019974774681032,160
e6fd673f-8364-4f9f-b554-528209c83192,dfe44e20-e90e-41c0-877e-c3fbc36bc1f8,7949449.579911746,7949492.203702883,7949508.903683524,662,200,42.62379113677889,16.699980640783906,224
768ef6e8-3c82-4af8-a923-e87b214dfd92,518b2120-1899-4a0f-af6e-5a114887002b,7949496.579046002,7949499.894013295,7949509.324694363,291,200,3.314967293292284,9.430681068450212,176
9b148c2f-8cff-4ecc-a33e-06a183dec0cc,b5b79d80-d814-4a6c-9f3d-7d392ce15643,7949493.578978678,7949494.153927794,7949509.525195865,1495,200,0.5749491155147552,15.371268071234226,160
eaf92121-800c-40b4-922f-08dbc3b7a942,93f972a6-65ef-4743-aae5-aab226f65263,7949492.579833099,7949497.8907929165,7949509.646924257,5871,200,5.310959817841649,11.756131340749562,224
559cb0c4-2251-4af2-91fb-071e98112ad2,67a0b975-184d-4abe-91c9-e84646d0b743,7949493.578995327,7949494.596683233,7949509.89561899,2164,200,1.0176879055798054,15.298935757018626,192
7424bb31-edf3-4e11-bfe2-e9b49f9d61f4,a9ee696e-7782-458b-b0e3-a5f993f4a8eb,7949497.578888329,7949498.789003812,7949509.945371928,5869,200,1.2101154830306768,11.156368115916848,5856
e6e9e0ae-d954-43c1-8f1b-cbb7379d3bcb,c7cca2ad-dffe-41d6-b385-7183a58fe0c3,7949447.578986376,7949493.783561932,7949510.170752808,5782,200,46.20457555633038,16.38719087652862,176
ae15269d-e526-4a8f-82f9-ca3bb91f95c3,828db195-ca5a-4484-848e-1fc6ac242624,7949493.578991769,7949495.756860853,7949510.540156256,5718,200,2.17786908429116,14.78329540323466,176
df4686b4-d011-484d-8f6d-8e6f9fb81827,773031a0-4df5-41b1-9031-e9c5d037efa1,7949499.57945998,7949499.96255506,7949510.660674496,1819,200,0.3830950800329447,10.698119435459375,192
c8870927-31b3-4b4b-999f-82e16e22c487,22d7558f-2436-464f-b111-4724e2f322d1,7949493.579010761,7949496.102949679,7949510.71352979,1963,200,2.523938917554915,14.610580110922456,224
69b31349-1915-43b4-b042-6e43eee2c5f7,9b048b14-06a6-4574-a80f-dbc23b48d9f7,7949493.579006474,7949496.611372924,7949511.281581043,5928,200,3.032366449944675,14.670208118855953,160
6f04f4a1-2501-4218-9575-aad90d9f069d,160f0c9e-f577-4da2-b81a-1b98824a8dfa,7949498.579165507,7949500.512112277,7949511.367950042,5996,200,1.9329467695206404,10.855837765149772,160
2459e4f2-bdd7-4125-bb39-8dadb9c1076a,d8a397bc-57f7-446c-afd5-6ed41a735419,7949493.578999877,7949497.031777561,7949511.6302708965,1318,200,3.452777683734894,14.59849333576858,192
6fab6f74-0a49-4ce2-9111-53ce12dab653,e793cd05-3809-4e36-8e78-d44bc000c93e,7949497.57889478,7949502.83112766,7949512.686848928,5878,200,5.252232880331576,9.855721267871559,160
5ee4e271-435b-4e7d-9b47-da0dfea6c731,715e64e0-0181-41a0-b6a9-c164d566d676,7949496.579043472,7949500.940679403,7949512.726271369,5925,200,4.361635930836201,11.785591965541244,176
644237b3-ddb8-4354-9749-63f0bf7cbcb8,2264bba4-daf4-4a00-be9a-8bc82e601070,7949449.579924844,7949496.526039561,7949512.7850505,5759,200,46.94611471705139,16.25901093892753,176
10cf2d37-aaba-40ba-9caf-ccf00262d544,aaeef1c3-4f10-4ff5-a2cd-f5a30a353fa0,7949502.579318381,7949504.351390932,7949513.421593878,5885,200,1.7720725508406758,9.070202946662903,176
3adb8266-44b1-49e6-9eb4-5a3fee420224,0a0896da-1e20-4a06-9b7c-c33d45fcd843,7949499.579471535,7949502.631779864,7949514.370120749,5934,200,3.0523083293810487,11.738340884447098,176
2a887c0b-9ba6-409f-8314-f1217d733db2,e4739dd6-a5ff-40d1-b9c1-1c5ea193b984,7949449.579921841,7949498.573931703,7949514.796354031,825,200,48.99400986265391,16.22242232784629,160
227f8e24-4a60-4498-847e-a5f0b601c210,bd4d247d-3324-43ef-b1b8-ee86801436f5,7949498.579152967,7949500.818775153,7949514.884771995,2351,200,2.2396221859380603,14.065996842458844,176
e73f966b-2ef6-451b-9add-d1d96ac70a0c,339e6a45-2ac7-4236-ac28-4af01254bcc9,7949502.579327991,7949505.1957110725,7949515.164285572,5839,200,2.6163830813020468,9.968574499711394,160
06248c75-f6ab-4dae-81fe-05f76bf59d39,c6a375bc-b50a-4597-9716-5f2339a823ae,7949500.580109466,7949502.985248175,7949515.3042652905,2271,200,2.4051387095823884,12.319017115049064,224
eca656b4-ea58-434c-8877-fa17b54e3a93,fbfe9e9f-aa2f-4a16-90bf-74ab86e7032b,7949500.580105535,7949504.526734414,7949515.471260073,3661,200,3.946628878824413,10.94452565908432,224
007f9f32-ebc3-4ab9-a8ff-dc943ca079ed,57965c9f-d1a7-428f-b691-aa12d95ea40d,7949498.579168927,7949501.498103514,7949515.639851737,6090,200,2.9189345873892307,14.141748222522438,192
67aad68b-0796-497b-94c8-69e18e87bfbc,0efc611c-a104-4cc5-ac35-e883e7cebda7,7949504.579784706,7949504.882310773,7949515.721778113,570,200,0.30252606701105833,10.839467340148985,160
e09e1c42-14b4-421e-9fa3-129757a1d06a,e9333846-4b52-4552-b7b0-49ce8f3d396a,7949502.579321547,7949505.382708245,7949516.144237389,1238,200,2.8033866975456476,10.76152914389968,160
7e964ffd-09cd-4c10-9fda-35082f93919e,601ebb0f-02ad-42e7-a626-7ebef638a847,7949502.579314671,7949503.933920621,7949516.2050344935,5843,200,1.3546059494838119,12.271113872528076,192
62d34ff2-ae8b-4cc0-a162-cbc56ea46bc4,899c2615-9ae4-4ce5-91c4-b802b05ed50e,7949505.579030377,7949506.040554478,7949516.321606675,1718,200,0.46152410097420216,10.2810521973297,288
31b7fd77-0998-4e95-bfb4-2e32915af7ac,1cda0d46-618b-4b7a-b957-319fe6d96516,7949502.579324717,7949504.663646756,7949516.530472136,6431,200,2.084322039037943,11.86682538036257,192
bfc54494-b983-451d-93db-8737f39c1976,c8309beb-8c28-45e3-97c6-0ce22870ae69,7949504.57979398,7949507.076625491,7949516.834087132,5891,200,2.4968315102159977,9.75746164098382,192
34c16bf9-6a47-4483-aa0a-0a50fc861457,ab7c945e-e515-4175-81a9-07d757d848ff,7949500.580093885,7949503.796619746,7949517.01494936,2335,200,3.2165258610621095,13.218329614028335,192
99623e80-282d-4384-ad90-1e264b2f350a,02040ade-ed2d-491c-ad7f-c7feac81e298,7949500.580112948,7949502.981863405,7949517.059804961,694,200,2.4017504565417767,14.077941556461155,160
2ec0327f-17d5-4186-9dfc-b6bb2429dad1,173d8474-31a7-49c9-a766-796c9ce56475,7949503.579436983,7949505.074825046,7949517.114186733,1631,200,1.495388062670827,12.039361687377095,0
93347919-a12a-4f2d-9f26-b35f1f8e3b09,d7d8b6a7-fa09-48cf-8e94-8659d578b8ed,7949505.57904257,7949507.660210606,7949517.256148717,4315,200,2.0811680359765887,9.595938111655414,288
563e35f3-5af5-47f6-9317-afdc19c72c41,6cbbb375-c940-47eb-bdbe-1c9292cd44d7,7949503.579429852,7949505.496846175,7949517.284027199,2921,200,1.9174163229763508,11.787181024439633,288
3f03d6c2-52a4-4fb8-9cfa-ce4c9feb7d8d,c1b43029-4936-4724-8836-95afb9ebd00b,7949506.579110762,7949507.733787849,7949517.299321495,1715,200,1.1546770865097642,9.565533646382391,1712
316b0de4-77fc-4844-a665-46047239b50d,6f90c4ab-65aa-49a6-ba03-ccb6cd74af3e,7949503.579418967,7949505.588501856,7949517.352400735,5718,200,2.0090828891843557,11.763898879289627,176
85f25911-e734-4a57-9bd9-3bba65b06e82,2c2590bf-7735-4068-8406-2d47707168ea,7949504.579797275,7949506.129915078,7949517.543171446,3788,200,1.5501178028061986,11.41325636766851,160
e1b0f541-982b-45f4-85fa-0b85eafffbbc,2e76d9eb-980a-47df-9ceb-2b36e3fdbeb7,7949500.580116811,7949504.917620189,7949517.625049494,5853,200,4.337503377348185,12.707429305650294,176
0a04c73f-f1ef-4929-94b3-d683b5eb1429,d07b83df-645d-4c89-b424-6beeea5eeb8f,7949502.579303243,7949504.665859756,7949517.727375101,3855,200,2.086556512862444,13.06151534523815,0
f3149f91-c70b-405b-a563-b5d46b12f54c,5d0207cb-bd1b-4c3d-988b-bd7dee52f1f6,7949502.579330959,7949504.715507322,7949518.636480802,915,200,2.136176362633705,13.920973479747772,176
5fd7783c-287a-4ad7-8e5e-74cce9857bb1,b579de52-ab17-4588-b70a-4285fc661c21,7949506.579106796,7949508.367778193,7949518.899795016,5998,200,1.7886713976040483,10.532016823068261,160
2aa83d84-0ee4-426c-a87d-ab1ff187c4f1,329a4354-972d-40a4-8b5f-66b965aaf514,7949507.57893964,7949508.700717146,7949519.066615541,709,200,1.1217775056138635,10.365898395888507,192
321aa207-c8a8-4c48-86eb-94f4ab5423eb,773fcc75-711c-4081-bfea-8e9f5d5f8c42,7949504.579803334,7949504.949387656,7949519.478793038,999,200,0.369584321975708,14.529405382461846,176
16ba9a4b-b4cb-4c7c-9c51-2b1dfd0cdc74,70040244-0ba8-4018-b9e4-d79962cfab6a,7949506.579125124,7949510.097931953,7949519.725031168,5847,200,3.5188068291172385,9.627099215053022,224
8f86514f-eea4-40d5-b8fb-243d544b4e03,bef48969-2881-4b72-aae0-5d83261314a3,7949504.579800192,7949508.088544961,7949519.82783613,5674,200,3.5087447687983513,11.739291168749332,192
a8672076-157d-4754-bf92-a7ea66678d2b,6584e089-0fa2-4d90-acc5-9e1bf6b9f730,7949507.578926543,7949510.590379206,7949520.074818994,1006,200,3.0114526636898518,9.484439787454903,176
c37baa7a-69fe-4459-90a3-8498126408ac,3e53059f-27ed-453d-a3cb-045b4aa7f847,7949503.579433834,7949505.357523788,7949520.099087998,4258,200,1.7780899535864592,14.741564210504293,224
b68bcc35-4b75-400a-b643-72fa80df1b86,6e066633-fcb0-417d-94ee-a9864bbdaa41,7949506.579121488,7949510.30102112,7949520.682488319,6408,200,3.721899631433189,10.381467199884355,192
81182ca5-7e9e-46e2-8102-9594b2bdf842,8e505307-8830-46b2-ac68-84a7d5dbd9a0,7949506.579117333,7949509.688924186,7949520.9984626025,1979,200,3.1098068533465266,11.309538416564465,160
01126164-ab7b-4e1a-9ff7-2f30cecd1df9,7e0dc3cf-f526-472a-bc5c-d24141fee908,7949510.5794287,7949512.221924467,7949522.325752439,3856,200,1.6424957672134042,10.103827971965075,192
49dbf397-15c6-42bc-afd6-e52eab553b59,09dd643a-82c5-4330-85e9-67ad0d950227,7949510.579439246,7949512.585107854,7949522.583162287,2757,200,2.0056686075404286,9.998054433614016,192
171b2c43-cfb2-438e-b5df-e8942a370a4e,169bfd1c-b54b-4a03-b40f-5a304abd2cb8,7949509.579601962,7949510.858988791,7949522.881202083,4108,200,1.2793868286535144,12.022213292308152,224
396a3313-7792-4c3d-8c67-c835e32cf0c5,0f461546-1087-4ea8-86ba-ebc6af9b16f9,7949505.57903971,7949507.130430559,7949523.09771064,5835,200,1.5513908490538597,15.967280081473291,176
981e0a4c-4e72-457d-9251-3d43e166f2ad,2d5dcc3c-a047-4b49-9a38-cd2e4eb26eb8,7949505.579045278,7949507.773928036,7949523.644897976,435,200,2.19488275796175,15.87096993997693,176
76513e8b-0a82-4f50-8316-04b2297f2db4,407ddf5a-139c-4828-921e-c70aad421b68,7949510.579446013,7949514.001014762,7949523.699792808,4405,200,3.4215687485411763,9.698778046295047,176
9dcaecdb-3c5a-4b55-8337-94635510bac4,91e2dcb0-9727-45f1-bd96-95ee2a9fe135,7949505.579047662,7949508.26831797,7949523.870518218,5572,200,2.689270308241248,15.602200247347355,192
ed7d2189-0ef1-43ca-bd9e-5ad54c040060,22d7558f-2436-464f-b111-4724e2f322d1,7949510.579442998,7949512.797401744,7949523.903971914,1963,200,2.217958745546639,11.106570170260966,1952
b88ed867-daeb-44f6-b928-6ab88c4e3812,c51e1c93-377f-4846-81a1-14e5879a721c,7949455.579148771,7949507.930299071,7949523.943811736,4458,200,52.35115029942244,16.01351266540587,160
e9f5f128-1245-470b-9559-6cd3506b6a7f,db1fb291-ef7d-478a-9b73-48146f6a8cd5,7949506.579113632,7949508.838745549,7949524.380329491,5794,200,2.2596319168806076,15.541583941318095,176
306e2ae1-4832-4961-b7e2-7209204e1256,89189bcd-1513-4bf6-8b6b-dc60259a21f6,7949510.579459216,7949514.881151897,7949524.674418353,5951,200,4.301692680455744,9.793266455642879,160
fb108220-67fc-4baa-95b0-d6cf2714429b,fc39ffc1-cc7b-44be-930b-eabd806b6aa4,7949509.579611077,7949511.72016555,7949524.715300426,5887,200,2.1405544728040695,12.99513487610966,192
a99a19c9-777b-47dd-9981-c7b962379d78,ebe40d16-cac5-48ed-964b-2109cbc3f901,7949512.580304296,7949514.54377258,7949524.974978575,6071,200,1.9634682843461633,10.431205994449556,192
6c3b69fa-cea5-48e1-b618-c83b17c18a66,57653307-c6ff-4c87-8138-1533b53900a3,7949507.578946124,7949509.959815161,7949525.141495487,5954,200,2.3808690374717116,15.18168032541871,160
50853e7d-c656-472f-99f0-936b61c0f550,871e2ad2-c962-4d3f-879b-acd7d5c130e7,7949510.579455765,7949516.295333491,7949525.379906022,5804,200,5.715877725742757,9.084572531282902,192
08c1844d-c3f5-45f7-923c-510190576af4,137ad8cf-63fb-4db5-bb47-7e4c09778b00,7949510.579448852,7949512.707056742,7949525.399275911,6031,200,2.127607890404761,12.692219168879092,176
f40da522-09e1-4d6f-b3da-eb075e16c7b5,7c8adab7-544c-4106-916a-d86d02536d30,7949508.57902579,7949510.959110275,7949525.683963605,5824,200,2.3800844848155975,14.724853330291808,176
d2dc266b-6a26-4901-8e61-23ef63f836d0,cef881df-c2a5-4400-b32f-b3f0ea1210d5,7949508.57903571,7949511.064360995,7949525.744653631,5376,200,2.4853252852335572,14.680292636156082,224
01fcced8-17c7-42d8-824b-df9eaf93f910,1e9d7c97-8003-4914-919a-c70046db848d,7949512.580307979,7949515.267346889,7949525.845750868,3006,200,2.6870389096438885,10.578403979539871,192
66b0309c-96ae-4a9d-a392-e469257453ae,ba04113c-f39c-42e2-9942-9e943a5f3a91,7949512.580314395,7949516.742118418,7949525.9371710755,642,200,4.161804023198783,9.195052657276392,192
cf97918b-6214-48e5-8f98-b8c452db26d2,9728b43f-13e5-4f1c-b6d4-40db13828d76,7949455.579135516,7949509.903476555,7949526.017495498,5992,200,54.324341039173305,16.114018943160772,176
e9eb59d4-7e46-4e44-bdae-cf213ae9eab4,9bc4feee-617f-4059-8c66-f3a6b1d07f17,7949516.579775156,7949517.032989951,7949526.101400709,1140,200,0.4532147943973541,9.068410757929087,176
74a05ff7-a66f-49e7-b58b-c84304125fd3,ae04581e-61a3-4e13-a5d3-988c330d8c3d,7949455.579158541,7949510.255997555,7949526.3730346,2001,200,54.67683901451528,16.11703704483807,224
4607f892-c04d-4d5c-87ba-1b00cb4399fa,6b12e983-df72-4200-80d7-0a4adbe5d91e,7949508.579041894,7949512.314865013,7949526.470825283,5955,200,3.735823119059205,14.15596027020365,224
aa0beb97-3b75-442d-8bfd-34f4f6f07b56,a88040f4-3d46-4ddd-9db3-d9cefb577c4d,7949516.579768172,7949518.265639356,7949526.8528199075,5862,200,1.685871183872223,8.5871805511415,192
01a695f6-ec7c-404a-a766-f214723c1a11,70040244-0ba8-4018-b9e4-d79962cfab6a,7949455.579152651,7949510.73216169,7949526.867385138,5847,200,55.15300903841853,16.13522344827652,224
ed7c153d-2a5b-4fb5-b76a-00deda6a4a4a,51d7aec4-2dba-42c1-8f75-3193d8c9b3b1,7949511.580910281,7949513.67391642,7949527.128543475,389,200,2.093006138689816,13.454627054743469,176
beca9dd4-cb28-45d3-87ca-d00321c312ab,6765a657-895e-4f86-948f-60d5c92ec33b,7949455.579155996,7949511.290075635,7949527.403359261,5628,200,55.71091963816434,16.11328362673521,176
b27ec2a5-882d-4a74-9070-735a9f87a0a7,6bc07a15-054a-4565-ad27-d0f02e46447f,7949511.580898917,7949514.080258091,7949527.544436401,5893,200,2.4993591737002134,13.464178309775889,192
76b435db-1ef7-4c8d-b7a6-e52340790710,b5892cf2-f7ae-4e85-bad8-596946a75f51,7949510.579462992,7949515.19264202,7949527.6776568,5713,200,4.61317902803421,12.485014779493213,256
0e1bf987-754a-4ec7-97a3-74fc2626b1c4,6f4051d6-8003-4af8-be6a-137219b04ba5,7949512.580292215,7949516.902178941,7949528.478426327,5963,200,4.321886726655066,11.576247385703027,192
f28264e0-d734-4884-be1d-7293ae4f346f,0a8f817b-a718-410e-a942-023e11cee743,7949513.579602914,7949515.114019944,7949528.519733748,5409,200,1.5344170304015279,13.405713804066181,192
13b4acde-97d7-4234-a0f1-faf844773f71,de528792-7b2e-4008-9f06-3c9229e60e2f,7949515.579192179,7949517.235862147,7949528.5660677925,1326,200,1.6566699678078294,11.330205645412207,224
068fabbd-d963-47f0-8813-c9d4cc63f316,f100c4de-e895-4c45-a630-52e0d04a19f5,7949516.579761797,7949519.234012977,7949529.0304472735,5535,200,2.654251180589199,9.796434296295047,192
d40f4ef8-d0a2-4bc3-9dd4-681a72ebf5bf,35bb8264-f8c1-4361-b48d-7ad5da447700,7949514.579103533,7949516.936855424,7949529.227510263,526,200,2.35775189101696,12.290654839016497,160
c0b789e7-be01-430c-85f9-8bdbf71a2172,83e780d2-3cdf-4e88-9a17-26905df5b928,7949514.579118132,7949518.112753637,7949529.324837732,5887,200,3.533635505475104,11.21208409499377,160
4cd34a3f-d88c-49d3-b843-7a77537fea48,bd4d247d-3324-43ef-b1b8-ee86801436f5,7949516.579751002,7949517.32357481,7949529.603998953,2448,200,0.7438238086178899,12.28042414225638,2304
9ba9041a-d8ad-4960-8f37-6c4a3379bf86,caa2e6bd-03cc-4259-9a46-3330ef527f05,7949518.579305669,7949521.180945352,7949530.204202052,5835,200,2.6016396824270487,9.023256700485945,192
f3ccfead-efdd-4f11-b85a-0dc1f29e1bc1,0a6e1c4d-4f69-4db3-b893-0aa1755f54ee,7949518.579297054,7949521.894069652,7949530.473851498,5582,200,3.3147725984454155,8.579781846143305,176
d4dd4e86-356a-4d7f-bcff-c7151ed0424a,a30e4ed2-239e-4a1d-86d1-60a097e7cf74,7949457.578967516,7949515.162828715,7949531.087870372,5051,200,57.58386119827628,15.925041657872498,160
604884fd-6af9-43a7-9dc3-c63b93a3dd72,f21c3799-f3ff-498f-be2e-8982bdfe2ecd,7949457.57898277,7949515.247094451,7949531.173289043,1059,200,57.66811168100685,15.926194591447711,192
a68faaa0-43b1-4a87-a133-b061bef68f3c,6cb10242-0337-4e8a-86db-9b44b95dfbe1,7949513.579613637,7949515.896968399,7949531.38187497,5967,200,2.317354761995375,15.484906570985913,192
31a40533-0ffa-4fda-a3d6-490b60d1060d,072cf49e-ac0d-4d29-b3db-cf9253ebe3e7,7949514.579125168,7949519.176704559,7949531.413731138,5083,200,4.597579390741885,12.237026579678059,176
b52765ba-7dab-4745-a2da-e4f1c30d3612,d361340e-7ada-4795-9f86-b45068834ca9,7949516.579771577,7949519.190519437,7949531.566551967,4595,200,2.610747859813273,12.376032529398799,192
b8916e9a-c893-4ab9-aeb3-61b9105a673f,9ae48b4d-09e7-477a-96c8-ee9b319e707d,7949457.578988641,7949515.838654188,7949531.797057755,3623,200,58.2596655478701,15.958403566852212,160
b5b1eda3-2062-41eb-90de-c1100e136640,8f571481-bb6f-4a50-ba89-2ea91233c37d,7949457.578978962,7949516.390170156,7949532.351536117,5818,200,58.81119119375944,15.961365960538387,224
db53957a-3e1b-48f9-a3f4-78a631f7b635,2a455136-68a7-4f2e-ae04-e584f979ee34,7949513.579616983,7949516.445128744,7949532.898943498,4746,200,2.8655117601156235,16.453814754262567,176
06820c2e-822a-4710-8b64-8f61bdf297de,80c2eab9-93f4-47c0-9f83-f790c22d62f2,7949457.57898545,7949516.825512603,7949532.90342552,1564,200,59.24652715306729,16.077912917360663,160
0dad1c0c-01b0-47e9-abd6-5bec38494f96,f259acc7-014b-45ee-b116-6c5a67d0b3dc,7949457.578991376,7949516.912190538,7949532.984364376,5872,200,59.33319916203618,16.07217383850366,192
424afefc-8589-45ac-8358-7130c59491ee,5ddff232-d368-427e-9376-43248f95b38d,7949520.579823359,7949521.826834101,7949533.067312936,6126,200,1.2470107423141599,11.240478835068643,160
2cab31c6-1bf7-4d7c-8f22-cd5fc04c5b7b,66a3a1ab-8428-410f-8284-bbbcc40e3d86,7949518.579309361,7949522.1607723,7949533.067168742,4135,200,3.5814629392698407,10.906396442092955,160
4c516482-0bb2-4e67-a229-07f0ba295118,ae3515b7-b2c3-4055-9fee-cc35030fc4b2,7949520.579836262,7949522.065978204,7949533.28820602,2179,200,1.486141941510141,11.222227816469967,176
4da7c70a-9126-4ac4-969e-42e6b2c56669,fbfe9e9f-aa2f-4a16-90bf-74ab86e7032b,7949523.578968248,7949524.762799922,7949533.486887496,3661,200,1.1838316740468144,8.724087573587894,3648
eae41548-6a29-44eb-93a0-d6fdd0df5bf5,c9893413-7418-4865-94fb-0696dc49f758,7949522.579028354,7949525.261362524,7949533.679882757,2656,200,2.6823341697454453,8.418520233593881,176
bc31dd38-3b3a-40dc-bebc-9a368e786087,41a8ee23-c625-4401-b4cb-e78c442b71c4,7949521.578965859,7949523.318767456,7949533.707643986,3508,200,1.7398015977814794,10.388876529410481,0
fdc3dbc9-0d2a-4bd5-947e-b5de64b83c85,502899ee-4518-4d94-a120-80fc9b07318d,7949513.579620138,7949516.728995466,7949533.72523397,4111,200,3.149375327862799,16.99623850453645,192
5e3e3785-f89e-4e97-8ac0-658638af0e3f,e75457ed-6df5-4031-9265-1be7e8cbd160,7949458.579203884,7949517.911387671,7949533.8658409435,4424,200,59.33218378666788,15.954453272745013,176
69cd84f5-f3cb-4bfa-8e21-b1e162af6bca,17f52023-20f0-4ba4-8129-16c153a0bb0e,7949514.579121493,7949517.298987523,7949534.114365706,4132,200,2.719866029918194,16.81537818349898,160
123f5dd3-1b50-48b5-97f2-727893fc3678,773fcc75-711c-4081-bfea-8e9f5d5f8c42,7949459.579165942,7949518.185744028,7949534.147936154,999,200,58.60657808557153,15.96219212654978,160
717a99eb-2917-477f-8276-4e36f6c51ffa,cf53ec7b-8773-48c4-bfea-fbe3da37a269,7949520.579852312,7949523.418890535,7949534.173491697,6042,200,2.839038223028183,10.754601161926985,160
c64d65d3-2bb2-4b85-9fbe-3dfa87f93587,97e6ae57-69da-4647-a7d0-d90457e6abcc,7949516.579765184,7949517.796241909,7949534.388226947,1269,200,1.2164767254143953,16.59198503755033,192
87e74a4d-b240-4122-b291-89e38b47240d,6a0ac87a-e917-4b52-bf8d-10689801e4bb,7949459.579175577,7949518.550318546,7949534.510537341,1953,200,58.97114296909422,15.960218795575202,192
b1ceb8f1-fea5-46e5-93a7-e21f604d066b,4131e3cc-5480-4d8c-9fef-c2f6acff68e7,7949523.578956282,7949524.755196628,7949534.548043223,4195,200,1.1762403463944793,9.792846594937146,176
cb6c6de8-88f1-4d00-8b30-ec306a020f40,b895349f-c004-4a48-815c-1924c7a2fa77,7949459.579186945,7949519.123922313,7949535.05880143,2846,200,59.544735367409885,15.934879117645323,224
8dbccb7a-3f92-40f6-b4a9-36398c21b7cd,5f1dfde8-0414-448f-b867-af9a8603ce0b,7949518.579312767,7949520.169584523,7949535.404590011,4413,200,1.5902717560529709,15.235005487687886,176
77426fbc-ba87-4a75-8ba9-d529c550c9f9,173d8474-31a7-49c9-a766-796c9ce56475,7949524.57935722,7949526.707730419,7949535.660703611,1674,200,2.1283731991425157,8.95297319162637,1600
b4f99967-fb8d-4506-bd72-9fd33d3e73c8,32fb687a-464c-4e34-81ac-888a775f869d,7949524.579333856,7949525.20950069,7949535.665336863,1903,200,0.6301668342202902,10.455836173146963,192
9cfc45c1-f880-437b-adbb-5effff496c23,3d8863b7-df29-4780-bd2e-c251d2407494,7949522.579012443,7949526.296204501,7949535.869779806,5927,200,3.717192057520151,9.573575304821134,176
2f9f55f1-7e43-4efe-ac7c-44fb24461414,0c5040f1-c2d1-426a-938c-7f9a128ef1a7,7949517.579125404,7949519.33155146,7949535.90773142,6468,200,1.7524260552600026,16.576179960742593,688
86f14dc5-8450-45ad-8ffd-a61a8e61b94c,22c8b384-fed3-4c7f-8565-f8172214ee15,7949519.578982695,7949520.756684595,7949535.940666182,5823,200,1.1777018997818232,15.183981587179005,176
50c9eb0f-d530-4b36-9a89-430d492a7e27,79338fbe-7a95-4ad0-8c9b-b64cc73ec957,7949459.579178971,7949520.030647764,7949535.944443785,5764,200,60.45146879274398,15.913796020671725,160
1c477f0c-b429-475b-8313-86ef5b148d69,307c55d5-8ee9-4aec-850b-cee5f644152a,7949459.579184424,7949520.979235346,7949536.673238081,6671,200,61.40005092229694,15.69400273449719,192
40caf20d-cf3e-4c3d-bbf8-d48504ccb68c,43515880-6b47-44ce-ad5a-c143292b1649,7949520.579846217,7949522.104772434,7949536.685145017,5975,200,1.5249262163415551,14.580372583121061,160
15ea982d-c73a-488a-a99b-a8be1a961db7,4dc898de-9d0d-4eef-9608-2e7f5c017b44,7949526.579365769,7949528.798932321,7949536.717465922,3472,200,2.2195665519684553,7.918533600866795,192
906d4ebb-0d21-4893-a82f-007cd3dba64e,f08a5a98-ba52-4eb6-9dfc-c3e02b3c3c96,7949517.579113151,7949520.055384303,7949536.726912736,6007,200,2.476271152496338,16.671528432518244,176
0bb49e21-038e-4061-9f8f-020f239004ad,0fd4279a-26c5-4067-ab88-75febf63597d,7949463.579452633,7949521.126906519,7949536.844411571,5863,200,57.547453885897994,15.717505051754415,176
012269d6-f4cf-40f5-b25c-2223819dd653,d44c23b8-69bc-4fe6-96fe-f7f6ff821c72,7949520.579839792,7949522.886650411,7949537.237878495,5961,200,2.3068106193095446,14.351228083483875,176
2cddb792-32d8-4812-9d2c-ea9542e00f95,815feb3a-ad0f-4a1c-9270-1b7572814464,7949520.579849161,7949523.714938126,7949537.624452181,5885,200,3.1350889643654227,13.909514055587351,192
fe4990e2-874d-4553-ad4e-e8d5db01d107,732bab4a-94d1-4943-bfac-f7dea0eb73d0,7949526.57937559,7949529.963611684,7949537.789617063,5312,200,3.384236093610525,7.826005378738046,224
4ee078ee-df11-4899-a35b-4c0ae01cf485,844a87c7-258d-4606-b701-dd25f9c331ff,7949463.579438633,7949522.159567241,7949537.870537756,5824,200,58.58012860734016,15.71097051538527,160
83a4fa1b-a610-4591-a380-26bc17e0c350,dfe44e20-e90e-41c0-877e-c3fbc36bc1f8,7949520.579842643,7949523.802903069,7949538.037047624,877,200,3.223060426302254,14.23414455447346,224
9a80b90f-6993-4706-916e-4a86cb472377,e10a6047-966d-41f5-9abd-eada18afadd3,7949526.579384343,7949530.105588532,7949538.241727479,1856,200,3.526204189285636,8.13613894674927,176
d7bf88ed-d066-4c1f-afe3-0392314b72f5,faaf4675-e336-4c29-ba22-f21742dac9e8,7949523.578972877,7949528.440372139,7949538.396507539,5802,200,4.861399262212217,9.956135399639606,224
704f2cfc-bef4-41e8-b18a-de8158a37f64,d28d1e2a-443d-459d-9383-6bdc450581a6,7949522.57903178,7949528.545811561,7949538.664657621,5872,200,5.966779780574143,10.118846059776843,176
b863458e-9d69-4a37-a82b-b865500cdc1a,bc5c74d8-eb34-4a1c-8ed5-ee4fc1418410,7949463.579449022,7949523.808767446,7949539.4698032485,5937,200,60.229318424127996,15.661035802215338,224
b0c2177b-3a3a-4a4d-9d7b-3d47201c2937,e75457ed-6df5-4031-9265-1be7e8cbd160,7949526.579378803,7949527.651136202,7949539.829704314,4915,200,1.071757398545742,12.178568111732602,176
f8944a49-a9a0-43ec-bb16-2e2e2f28381f,f17a4867-8187-4bc8-b761-c5e2f43461f5,7949524.579346109,7949526.938244181,7949540.097939682,5922,200,2.3588980715721846,13.159695501439273,160
5ee0e79d-9bb5-4adb-b729-72fc9602d440,a0ee44f1-f36b-4a6a-bf7e-a9a8c8f79820,7949463.579455469,7949524.699684702,7949540.3327161735,5926,200,61.12022923305631,15.633031471632421,192
0536deef-af6b-4d7c-bee6-85537efb944d,0759bb94-aa77-4047-8f94-34cc9c62436b,7949526.579389667,7949528.108676735,7949540.769467057,5956,200,1.5292870681732893,12.660790321417153,192
01062c64-b759-4f3c-bf3f-d97b91784f41,c494ad38-eca5-4234-ab94-6b47ba0ceac5,7949526.579398513,7949530.210217104,7949541.171691027,6348,200,3.630818591453135,10.961473922245204,192
56a9084d-594b-4b41-864a-c4c01210f0be,3a3d8f95-20e5-48e9-a332-7a0c444f6704,7949528.579824782,7949530.202561468,7949541.215701989,5908,200,1.6227366859093308,11.013140521012247,192
f03c258b-1c94-418f-82a6-18e0972cc953,899c2615-9ae4-4ce5-91c4-b802b05ed50e,7949528.579812032,7949529.671425148,7949541.362463087,1773,200,1.0916131157428026,11.691037938930094,1680
d613f195-efe8-4261-ad32-857918ab303f,584dad95-d36b-497a-92bb-3cefd7fd8072,7949524.579350558,7949528.515262296,7949541.364223211,6011,200,3.9359117383137345,12.84896091464907,192
1fb946c7-6d26-4901-a035-17b0b7092e04,94d515a9-ef0d-42ed-ace0-0af11d850115,7949524.579354292,7949528.957823395,7949541.662878879,2351,200,4.378469103015959,12.705055484548211,224
d61523dd-8704-4e11-9c70-7c5d37fae7d6,0899530f-4ed7-49f5-91aa-9eef27c4e875,7949526.57939293,7949528.812463222,7949541.9338637935,5958,200,2.2330702925100923,13.12140057142824,176
e81a753d-1eb5-4677-94cf-381d85722392,52901222-0bb4-47e4-8bba-8825319cf100,7949529.579242158,7949530.445375057,7949542.343649817,3545,200,0.8661328991875052,11.89827475976199,192
00cee06e-b49d-4d94-a7a0-58e511ecc0a1,e1a9d263-ac30-4000-851a-1dbe52fb62c1,7949528.579819665,7949531.0812238185,7949542.555848941,5786,200,2.5014041531831026,11.474625122733414,176
4e3009c9-e377-4283-8f11-174ff9beb77c,c83dc93a-17bd-4b97-ae1e-ea8cd1dbecfe,7949530.579531931,7949532.231106701,7949543.08324245,5908,200,1.651574769988656,10.85213574860245,160
ed3dc9c3-e61e-4d7c-9312-06df77086ed8,850a9e15-1175-420d-83de-67148187b5e5,7949526.579386775,7949528.814975661,7949543.653453765,685,200,2.235588885843754,14.83847810421139,176
93fa6853-2be8-4d96-ad4f-2ffab10b552d,48f00f11-d6a7-4d60-b710-9751910c2b29,7949464.579767445,7949528.10379454,7949543.70684645,5918,200,63.52402709517628,15.603051910176873,176
0ff9adf7-7eac-473d-8d0b-ff344654e5cd,9b048b14-06a6-4574-a80f-dbc23b48d9f7,7949529.57922961,7949530.77453235,7949543.735676852,5813,200,1.195302739739418,12.961144502274692,160
d6f30604-53c5-4f30-86f5-35ef3fc46f63,378a8dc1-f4bf-4176-8004-137448e51ca8,7949521.578985224,7949526.011467101,7949543.880939916,1809,200,4.432481877505779,17.86947281472385,176
05672d3d-0234-4e6a-aa79-516a7b952b3f,bfd5456b-00d8-4af0-b7ca-9b61915339b8,7949521.578988785,7949526.229527408,7949544.080126816,2246,200,4.650538623332977,17.85059940814972,192
4456cdf5-44af-435a-99de-166e719c88c1,828db195-ca5a-4484-848e-1fc6ac242624,7949530.579545127,7949533.517659774,7949544.328308923,5718,200,2.938114646822214,10.810649149119854,176
e07d55f9-fa46-4a4c-bc03-b0e48c4f2ed2,eaa14318-4f95-461e-9213-5b24ea716730,7949464.57977736,7949528.820859316,7949544.513805995,5148,200,64.24108195584267,15.692946678958833,160
4e6b29af-67b5-4c1d-bf47-39901188148f,6a19083f-2cb9-4a28-b5a5-fe5affc36867,7949525.579724416,7949526.996958932,7949544.783384513,635,200,1.4172345157712698,17.78642558120191,192
a215d54b-f9ec-4ac1-87e1-c5f37a6ebfd2,d320f06b-a0b4-4a9d-b201-e2bc260657f4,7949530.579542008,7949533.735155611,7949544.920272393,3975,200,3.1556136030703783,11.18511678185314,224
420d5889-c800-40b8-a6d3-04746c7bfdc7,e6df0d94-0262-4692-aada-441e4bd594e3,7949525.579720866,7949527.218543596,7949544.982202218,450,200,1.6388227296993136,17.763658622279763,192
d50f637f-ad13-4ede-bc7a-d264d8f3e921,376fc79f-2991-4706-a6b7-8d5e7ec64423,7949526.579395643,7949529.839315386,7949545.071132827,5520,200,3.2599197421222925,15.231817441061139,176
8da719b6-39cf-4546-b4f9-a1f0a92c4b35,ec13b1d0-76b0-4b76-b16c-1f1ba5a32e9c,7949525.579702356,7949527.333232304,7949545.084828871,4587,200,1.753529948182404,17.751596567220986,160
363af94d-6b53-43a7-b5c8-7d9cadb92a23,91817d88-3093-4655-a55c-1e6106fc4d42,7949532.57988584,7949534.021486384,7949545.323660161,5955,200,1.4416005434468389,11.302173777483404,176
620a8d6e-3339-4ede-ab1b-09819dff506f,70040244-0ba8-4018-b9e4-d79962cfab6a,7949525.579717915,7949528.093430845,7949545.760094636,5795,200,2.5137129304930568,17.666663791052997,224
de6b64d5-6560-44fb-91ef-dc3e33988529,a3c929d0-baa7-4945-b63f-33a6fc39fd65,7949525.579714472,7949528.2894556355,7949545.949325209,3230,200,2.7097411630675197,17.65986957307905,192
8b94bf0e-bcb6-4e09-a324-8cfb68459aab,c4f07ea1-4aee-4470-b000-7059f3c69f17,7949465.579662955,7949530.994730459,7949546.835110716,5738,200,65.41506750322878,15.840380256995559,176
09f47f56-048e-4904-ab51-f563bb1e747f,ce4d3f5a-faf3-4b06-b766-a614f1096c6f,7949533.579043657,7949534.968502213,7949547.353936774,5959,200,1.3894585566595197,12.385434560477734,192
edca39a5-ad31-4607-84c3-c053ef5b175c,1958dd0f-5de2-4626-bca0-02cbc78c8aeb,7949467.579827774,7949531.980410908,7949547.891102898,2390,200,64.40058313403279,15.910691989585757,192
a9d69642-4622-46df-927b-4cbf53ffb112,5974b26c-9c91-4e54-8f64-6f0a30771880,7949467.579821729,7949532.44144484,7949548.363443447,5792,200,64.86162311118096,15.921998606994748,192
e49f6f45-f941-4a76-a671-e725ea6c6a74,cae64ee8-4011-44ef-9331-c924f5e429be,7949467.579832964,7949532.529700244,7949548.459013903,3090,200,64.94986728020012,15.929313658736646,176
79751eb3-82bf-443d-8cf6-f559106d0023,1cc89369-2782-418c-93f1-6fd3c276dc1b,7949533.579046923,7949535.602938579,7949548.598323445,6668,200,2.0238916566595435,12.995384865440428,160
d7fc73ed-945a-47ec-84a8-6f4c7ddb7215,51d7aec4-2dba-42c1-8f75-3193d8c9b3b1,7949527.578980421,7949530.860253986,7949548.642392599,389,200,3.2812735652551055,17.782138613052666,176
6120803a-96ea-48a7-bbdf-522afd75653c,94d515a9-ef0d-42ed-ace0-0af11d850115,7949467.579830423,7949532.802423629,7949548.741731354,2351,200,65.22259320598096,15.939307725057006,224
133630eb-eaac-4844-8861-51f0d58e8210,47290926-f76b-42a0-b6b0-95ae3ac5a196,7949469.579051838,7949533.170440668,7949549.118657028,3457,200,63.59138882998377,15.94821636006236,288
c526c8d0-f0a7-4021-980f-375bcde9b0bb,a652313c-8964-4423-b134-65f44458edb1,7949527.578991166,7949531.319233144,7949549.122386828,2765,200,3.7402419773861766,17.80315368436277,192
68561188-2b79-4449-a018-99f977ecab91,7262c41e-02eb-45c0-b19c-64f63c95cfa5,7949469.579055465,7949533.732368105,7949549.696012041,4934,200,64.15331264026463,15.963643935509026,176
3f636014-7774-4ef5-af19-cc4c4ab1936a,0a2cf870-c626-40f4-b60b-226c661f4b33,7949469.579059172,7949533.800323097,7949549.785478062,931,200,64.2212639246136,15.985154964961112,176
de3eafeb-7aea-4da7-9bed-13ea12bfe8e5,46bd3676-773d-451b-b059-76d7d11d48fb,7949527.578994736,7949532.496252923,7949550.213882477,5826,200,4.917258187197149,17.717629553750157,192
fef9bc64-6510-4b2d-abee-0833e2b83ca4,28b85227-ac6e-4816-91bf-18a4f64c1445,7949533.579049588,7949536.986225495,7949550.770204607,5734,200,3.407175906933844,13.783979112282395,160
a774228d-bb61-4ffb-b3d0-58ef7c78f150,f9b63fbd-926e-4b5a-a306-1e20c2f21778,7949538.579660677,7949541.178546146,7949552.193389984,4763,200,2.5988854682072997,11.01484383828938,160
b67171e3-269d-4d52-b54a-74d405a0bc02,02040ade-ed2d-491c-ad7f-c7feac81e298,7949538.579650869,7949541.240712939,7949552.229446019,858,200,2.661062070168555,10.988733080215752,160
d4436e7d-a4fc-4d64-b20b-b6c2a4e5ee04,0d6cfb7c-9564-4e6b-96ab-aec695811479,7949471.579650795,7949536.626532309,7949552.978000104,5685,200,65.04688151367009,16.351467795670033,176
b05d35ca-58fc-4d61-bef9-66e8b18817a0,0883483d-ba52-4103-b119-afeaa09302ef,7949533.579034135,7949537.621544087,7949553.252071015,5864,200,4.042509952560067,15.630526927299798,192
2d3b0493-9041-41e2-9c71-72fc22b7ed26,3e29e7d8-6d1a-47d0-9144-aee9df51a47e,7949527.578997611,7949536.002342549,7949553.629711784,4066,200,8.423344938084483,17.627369235269725,176
d69c9098-50ec-4916-8424-161b9e172129,558d1a32-11e7-4870-b268-20a3c0b14d67,7949471.579654043,7949537.754284225,7949554.183102062,5803,200,66.17463018279523,16.42881783656776,160
265bd0f1-dccf-42c2-af6f-437e1ac9787e,0fdf3a79-0b56-4d09-930d-738eaa2f1f84,7949529.579239333,7949535.257032483,7949554.279945404,5753,200,5.677793149836361,19.022912921383977,192
6c84ef44-aad6-4867-b763-f0810d76078c,eecbcd88-7743-4e34-95b6-1c67dec9ac89,7949474.580358938,7949538.218564847,7949554.77206152,5208,200,63.63820590823889,16.553496673703194,224
0f1c74e3-a14b-4a3d-9e45-27c52e6bf650,c4a9bd9e-033a-4322-9b9d-58977f2fd183,7949538.57966371,7949543.179823378,7949555.5341552235,3800,200,4.600159668363631,12.354331845417619,192
49deade4-4677-454d-b506-ba3b5769fbdd,509e694a-3fe7-4d92-89a0-f7d32c4d3964,7949476.579774895,7949539.200652717,7949555.86708827,5228,200,62.62087782192975,16.66643555369228,176
827fc713-1a7d-4f5f-bcfc-c94771ef55b9,187f15cf-abd4-40d5-b327-1bd0cec63671,7949534.579181085,7949535.272341486,7949556.434759306,3487,200,0.6931604007259011,21.162417819723487,176
34e2e650-fc11-4bce-a823-af52e88a5c9c,c2cf61e6-40f9-49e5-a7f1-e24130e70596,7949538.579667069,7949541.869992576,7949556.5134171005,5837,200,3.2903255065903068,14.64342452492565,176
e29b53d4-66b1-48b2-b389-ac7104b941d7,11930aa0-eecb-4b90-8321-5576b64783b6,7949534.579190757,7949535.875319327,7949556.637005171,5835,200,1.2961285701021552,20.76168584357947,224
56c7b240-49d0-4f48-90c4-f63f3b7f03cf,de97fead-7ef2-4b4d-af77-6f2fa230612d,7949542.580828635,7949544.232989663,7949556.921227373,5895,200,1.6521610282361507,12.688237709924579,176
62992dd9-ceb6-4b99-9c6c-8e8c4e4fb621,8ae210f3-b09b-4bc9-9dfb-bcc885974677,7949531.579703409,7949539.790864322,7949557.075924477,4707,200,8.21116091310978,17.285060154274106,224
73db77e9-7507-43b7-978c-6367c47f4326,173d8474-31a7-49c9-a766-796c9ce56475,7949542.580833311,7949544.231911186,7949557.10584229,1662,200,1.6510778749361634,12.873931104317307,1648
a38554c5-02e0-4d5e-b35f-40f61ec927ae,95e47ed3-e422-4bf8-a2f8-ba075c7ef290,7949542.580849754,7949544.765077712,7949557.357391063,1735,200,2.1842279583215714,12.592313351109624,224
ae21a535-416f-4bc4-aa5e-46e14392bcc9,15e18881-cbb9-4802-a422-20808dd1ab23,7949542.58084103,7949543.997406769,7949557.393181533,1648,200,1.4165657386183739,13.39577476400882,176
a66ad3cf-b0f2-48c8-a644-2b243f41ac5c,7f67bd0b-ddb0-444e-86e9-2afc934f05db,7949531.579713319,7949540.486054488,7949557.739082658,5882,200,8.906341169029474,17.25302816927433,224
24acbddd-1491-44c1-98fd-2252c3b896c4,773fcc75-711c-4081-bfea-8e9f5d5f8c42,7949542.580858481,7949544.78849507,7949557.950790203,1179,200,2.2076365891844034,13.162295132875443,160
337dbb27-13ad-461b-b563-037062eaf317,b445a6a6-6bdc-421a-87f2-2617512f76b6,7949544.579229662,7949544.861062927,7949557.985612076,658,200,0.2818332649767399,13.124549148604274,192
52b70111-a10f-4aa0-b549-a16ad4b8c14a,2375aed9-bf2b-4d31-b02f-4651375f6697,7949540.579388759,7949540.813732424,7949558.087070255,741,200,0.2343436647206545,17.273337830789387,176
95a297b0-a3b2-474c-8691-6a8f31431991,b9059ca1-41f6-4bb2-a78c-89f60ec16a23,7949542.580854225,7949543.932526366,7949558.086876219,2313,200,1.3516721408814192,14.154349853284657,160
051f28e4-1e27-4d78-9240-4e876eaff0c8,6c222109-f6f2-46ba-8c2a-fa24376d9683,7949546.579737704,7949546.869464315,7949558.361863557,752,200,0.28972661029547453,11.492399242706597,224
2ea71f12-03e9-4320-9a3d-3810849c5926,2a455136-68a7-4f2e-ae04-e584f979ee34,7949544.579238543,7949545.768933118,7949558.3972315695,4746,200,1.189694575034082,12.628298451192677,176
19d3a613-faa6-4d49-8e7b-01e0e1d79990,7c8adab7-544c-4106-916a-d86d02536d30,7949531.579711006,7949541.279760442,7949558.537885939,5819,200,9.700049435719848,17.25812549702823,176
daf3cbcf-6d52-45e1-9232-c0fb4ef402bc,31d93950-a967-42cb-aec0-6513d12008a1,7949544.579241458,7949546.34853665,7949558.974811441,2985,200,1.7692951913923025,12.626274791546166,224
e4d75e4f-be12-4084-813a-2830f71a9f6c,6ba87a37-5514-486c-a5f6-0a7c5f9057f4,7949536.579254244,7949541.001280299,7949559.661264413,2757,200,4.422026054933667,18.659984113648534,192
ebbf1541-0538-43d6-987c-f2c06a1d4e81,fc991f32-f1b6-4afe-ba3b-a472773d0110,7949542.580836972,7949544.904132831,7949559.691134011,1478,200,2.3232958586886525,14.78700118046254,192
26c34622-6aca-43c5-82d0-36c1140ba8e3,f0cbebc5-adb6-461b-9b21-22667b2f1d8c,7949485.57961615,7949542.998034703,7949559.764314822,2481,200,57.41841855272651,16.76628011930734,224
1b62ac84-ff41-4592-967e-20f5cfd53a7f,558d1a32-11e7-4870-b268-20a3c0b14d67,7949535.579077684,7949543.327821261,7949560.548447099,5786,200,7.748743576928973,17.2206258373335,160
994e60a3-04a1-4515-8b88-e162ab457307,1cc89369-2782-418c-93f1-6fd3c276dc1b,7949485.579610444,7949544.177302077,7949560.691653077,6658,200,58.59769163373858,16.5143509991467,160
2364c2e3-ceab-44f2-9711-05789514eceb,27d34d22-9260-40a3-99e2-e20e86c4cfe7,7949540.579399728,7949541.421049569,7949561.175993855,3099,200,0.8416498405858874,19.754944286309183,160
89dba0dc-6056-47bd-be5b-1460b3f120a2,a4f0c701-3c40-428e-a46d-38a2479e43d2,7949546.579751242,7949548.915163675,7949561.552918099,5918,200,2.335412433370948,12.63775442354381,176
97ef46df-612d-4c48-bb51-c694b20a6cd0,dfe44e20-e90e-41c0-877e-c3fbc36bc1f8,7949486.579701679,7949544.979754654,7949561.614074881,662,200,58.400052974931896,16.63432022742927,224
b2949591-0d5f-4b32-807d-1380c141eb49,a88040f4-3d46-4ddd-9db3-d9cefb577c4d,7949535.579087908,7949544.287536997,7949561.727055742,5862,200,8.708449088968337,17.439518745057285,192
864f4993-55eb-4c95-a30f-00c875bdff60,cdf5f7dc-c349-4b90-abc8-6f86fa5415cd,7949548.57944231,7949550.024171727,7949561.938223108,2758,200,1.4447294166311622,11.914051380939782,192
06291a78-8483-466b-95fa-e13566c327d1,9cc9f7c7-21b6-4049-9427-8e83dd93cba6,7949548.579429408,7949551.396873949,7949561.956472244,5752,200,2.817444541491568,10.559598295018077,176
37b1e37e-9ec3-49e3-a893-535ea3c0432f,45e7f1a3-6b50-4b00-bff3-e4a8f31e6793,7949486.579704525,7949545.524107985,7949562.169930558,3143,200,58.944403460249305,16.645822572521865,192
04e30ded-eac2-42bd-9bb4-57805e06a553,93f972a6-65ef-4743-aae5-aab226f65263,7949550.579970208,7949552.324504252,7949562.232098195,5871,200,1.7445340435951948,9.907593943178654,224
17f45e46-beda-4404-8c29-a47c96991af3,929b8a4f-ae3d-429e-830a-f69897f7f505,7949546.579755302,7949549.654362713,7949562.249889812,5483,200,3.0746074113994837,12.595527099445462,160
8716f6d7-83a5-446e-88ae-a5080d7e5b8d,0efc611c-a104-4cc5-ac35-e883e7cebda7,7949550.579984579,7949552.41395306,7949562.391797148,727,200,1.8339684810489416,9.977844087406993,160
a5d44132-50d6-4f46-9faa-3822e2ddd1c6,cfbe6bee-cd08-4654-810f-1a3b3025c764,7949535.579091202,7949545.179425332,7949562.654713486,6751,200,9.600334130227566,17.475288154557347,160
c872f4f5-6f20-4dfe-8367-002705e32b0b,32379e4f-c52b-4533-87e4-7ccbc01e4871,7949487.57943119,7949546.054468019,7949562.728211969,3047,200,58.475036828778684,16.67374395020306,176
3596dafe-9ac6-4984-a681-82c160b83bb1,dfe44e20-e90e-41c0-877e-c3fbc36bc1f8,7949552.579349932,7949553.852169454,7949562.848184178,1067,200,1.2728195218369365,8.996014723554254,224
654cbfeb-6cef-4045-af0e-85ca39f577ca,a82d788d-1656-4227-a60d-4a157f7d4fa6,7949535.579096735,7949545.466671005,7949562.927537932,3231,200,9.8875742694363,17.460866927169263,192
d34abbf0-7ce0-4133-a817-da2353b68f42,6e324056-7897-4c8b-93de-3f0d2871a1a9,7949542.580815154,7949551.354123059,7949563.246005692,5956,200,8.773307904601097,11.891882632859051,192
80978b48-c47d-4abb-a5bb-3f0f3578237c,81f9eb5c-a80a-4900-a905-f6adea401077,7949554.579803089,7949555.009995898,7949563.486368154,655,200,0.43019280955195427,8.476372255943716,224
2c4f6377-f013-42ba-9390-8c90c6267f19,0fc32f2f-3791-4f05-a896-da6268fe53f9,7949552.579340471,7949554.135837558,7949563.544049228,4262,200,1.5564970867708325,9.408211669884622,192
6d2f49b3-ba8f-4ece-861d-521b8ed7c424,e33a9d69-0943-4460-8168-0f009275bb34,7949535.579093851,7949546.4357735235,7949563.914446116,1145,200,10.856679672375321,17.478672592900693,176
658ccf41-f19d-4bb7-bbef-bb1819b75bcb,4d52c4c5-c1ac-4e07-8b19-d18cc6a0af7c,7949553.579801639,7949555.100603921,7949564.024739772,5877,200,1.5208022827282548,8.92413585074246,160
802423b4-265f-4f6d-9331-218450d621ad,00d31eb0-b908-4fd8-b7c3-40330a3b5089,7949535.57909928,7949546.625101827,7949564.113182193,5110,200,11.046002547256649,17.4880803655833,224
7928e9f2-7d9e-440b-b313-deccf6fd6e4e,5511cc70-31b4-41f6-8fc3-305d10d1e7d9,7949548.579439395,7949551.073542454,7949564.135388769,6329,200,2.4941030591726303,13.061846314929426,192
201827c4-6c8d-466c-a570-13de9e84462e,f48f3c83-7b8a-45e5-a0fa-74a6e92599d8,7949489.579236387,7949548.177301833,7949564.546155737,5950,200,58.59806544613093,16.368853903375566,160
9d9fd02c-a932-42bb-9a8e-fdd4e35ee445,67a0b975-184d-4abe-91c9-e84646d0b743,7949550.57998128,7949551.839409353,7949564.619421493,2356,200,1.2594280736520886,12.78001214005053,192
42069087-7a4b-45f4-9b50-36228ce75813,855dd6b3-1f0e-4fa3-a820-cbf26b5c076f,7949552.579358799,7949556.207954193,7949565.050431976,5674,200,3.6285953940823674,8.84247778262943,192
785ef51b-6729-4886-9fb3-ba636980ed53,97e6ae57-69da-4647-a7d0-d90457e6abcc,7949536.579241483,7949548.150162788,7949565.720595088,1269,200,11.570921305567026,17.570432299748063,192
9b328d55-dfc2-494b-a61b-14d5b79f9aa5,faaf4675-e336-4c29-ba22-f21742dac9e8,7949552.579355829,7949554.305386591,7949566.233615384,5790,200,1.7260307613760233,11.928228793665767,3472
21c03a3c-6393-4c5b-91e5-811f726a0eb7,d3c281cc-c614-44fe-8f21-6cc69e3b4127,7949552.579344364,7949554.6738125505,7949566.4155086,1797,200,2.094468186609447,11.741696049459279,160
d4b287c6-4ecb-4501-b4fc-381e372f4c3e,fa482bdd-c4dc-4bd0-ab79-4e8054d78a61,7949553.579820808,7949555.942963957,7949566.676360919,6291,200,2.363143148832023,10.733396962285042,192
c358fe3f-a1e7-400a-b86b-a53e25f94899,00237d17-5a7a-4844-95a2-634553f9bde7,7949552.579370088,7949555.755861115,7949566.983347824,4412,200,3.1764910267665982,11.22748670913279,160
023aff49-d1d1-4f49-9681-29a58a681a38,2b0b6d27-8a7f-458e-8a26-26ecad67cecb,7949537.579321199,7949549.514704097,7949567.096193417,2617,200,11.93538289796561,17.58148931991309,288
f8dc74c9-a8cc-48c1-a207-b9a0056e3fe2,bef48969-2881-4b72-aae0-5d83261314a3,7949552.579347166,7949556.664705408,7949567.566118273,5715,200,4.085358241572976,10.901412865146995,192
b31571f9-74f0-434d-a7ee-5087d1f26dd5,232da153-6f07-41c5-b184-6a34c8861a3c,7949490.579268322,7949551.222518017,7949567.635221414,5840,200,60.643249694257975,16.4127033976838,224
fb13b61b-dedb-454d-a493-ecf4bce3a365,ae3515b7-b2c3-4055-9fee-cc35030fc4b2,7949552.579328923,7949554.201520419,7949567.768267882,2404,200,1.622191496193409,13.566747463308275,176
42cc792e-66bf-4955-bcee-80a466ff9d47,6765a657-895e-4f86-948f-60d5c92ec33b,7949554.579794519,7949557.162934043,7949567.791187581,5997,200,2.583139524795115,10.628253537230194,176
295cea94-7c0c-48e2-b2b2-e368e66e4533,57965c9f-d1a7-428f-b691-aa12d95ea40d,7949554.579797749,7949557.2118518725,7949567.896836126,6036,200,2.632054123096168,10.684984253719449,192
f48463d1-ce61-48cb-ab3c-37148ea8b32d,95e47ed3-e422-4bf8-a2f8-ba075c7ef290,7949554.579783316,7949554.87319228,7949568.08201003,1735,200,0.29340896382927895,13.20881775021553,1728
5a78a678-f4e0-42ca-bce6-e0d022f623c4,57653307-c6ff-4c87-8138-1533b53900a3,7949550.579986819,7949554.003436386,7949569.504045535,5930,200,3.4234495665878057,15.500609149225056,160
68ddbddf-e01b-4391-83d3-0c0ec78da6b3,b2e5c2f2-ace4-4fcd-a84f-e1ad661d87cb,7949556.579126219,7949560.51537334,7949569.538848943,4264,200,3.9362471206113696,9.023475603200495,192
afeab8c5-2e0f-4b21-99b7-ce3bbc19fc00,735daccb-a891-4087-abba-4836d694702e,7949552.579352964,7949554.717519724,7949569.789547798,630,200,2.138166760094464,15.072028074413538,176
ec72bf0f-0c64-4ab1-896d-60ebc360ad23,8b04069d-53db-4f71-b312-8d4dedc41864,7949537.579317933,7949552.039485971,7949569.799060364,5958,200,14.460168038494885,17.759574392810464,176
348fc215-bdc2-4040-8776-5c9ae8fcc804,c1aa437d-4a45-48f5-a4ba-fefa5588951c,7949495.579278908,7949553.563753696,7949569.901439123,3985,200,57.9844747884199,16.337685426697135,176
92412e25-77c9-45b7-9eea-f331d682ba93,bc3ac3c3-4d2f-4962-bb52-152a9ce073ae,7949553.579814463,7949555.777341921,7949569.978466293,5906,200,2.19752745795995,14.20112437196076,192
f90b9c2d-bbed-4dca-90ab-f382f50c4abe,ca4d463c-ac3e-4da3-a600-03457d970c49,7949556.579117633,7949558.413418366,7949570.239069975,4147,200,1.8343007322400808,11.82565160933882,224
d023ab35-ed15-4d54-84d3-bbcc66f61d1a,8e505307-8830-46b2-ac68-84a7d5dbd9a0,7949537.579324067,7949552.384193369,7949570.2437045425,2188,200,14.804869302548468,17.859511173330247,160
29949520-247d-4bf4-8f16-eba8ad0a379a,c22fb9b8-9ddc-4b2a-99a0-55d2562e0072,7949552.579365104,7949555.45373954,7949570.249453798,2771,200,2.8743744352832437,14.795714258216321,192
e5a87566-a9db-49df-bd0f-8a147572f507,119381d5-69e5-4c08-b438-534c58547839,7949537.579329888,7949552.477071822,7949570.337002238,880,200,14.897741933353245,17.859930416569114,192
d85b0aa8-cc60-4d4d-9beb-e272ede289ea,899c2615-9ae4-4ce5-91c4-b802b05ed50e,7949537.579326943,7949552.477945641,7949570.340278997,1832,200,14.898618698120117,17.862333356402814,288
31123844-9fee-4f17-822f-aca3c116ede5,1326464b-c372-47f9-8850-927fd5f180aa,7949495.579293051,7949554.087621484,7949570.5561156245,4044,200,58.50832843314856,16.468494140543044,224
717eb378-06f4-4e30-88b0-bab656f83bd2,773031a0-4df5-41b1-9031-e9c5d037efa1,7949537.57930595,7949552.742616608,7949570.638249466,1819,200,15.163310658186674,17.895632858388126,192
4d510a89-d0ee-4ff4-b7bc-b099a5c23f06,e75457ed-6df5-4031-9265-1be7e8cbd160,7949557.579856461,7949559.526337575,7949571.162409407,5051,200,1.9464811142534018,11.636071831919253,320
ded4a2e1-6e1e-4eb2-813a-d1fe4c51ab79,1cda0d46-618b-4b7a-b957-319fe6d96516,7949557.579845615,7949560.152490936,7949571.575318327,6361,200,2.5726453214883804,11.422827390953898,192
016edb66-c49a-47fa-a52b-a4e04c12df83,743da0c7-ad95-4639-a69e-c87954fbf45a,7949552.579361773,7949557.182143819,7949571.746060285,5802,200,4.60278204549104,14.563916466198862,160
0966ba46-0416-4d1a-8522-60112529f8c5,3e53059f-27ed-453d-a3cb-045b4aa7f847,7949553.579817975,7949557.784736909,7949571.955931856,4417,200,4.204918934032321,14.171194947324693,224
bb23dbf9-ad5e-4a62-b660-0a891ee0515e,54891ef3-08b6-433a-a8dd-209619c8b4f6,7949556.579123777,7949559.187225715,7949571.992996456,5867,200,2.608101937919855,12.80577074084431,160
0298f897-46c1-4143-b9a3-75d62f0796b4,ae04581e-61a3-4e13-a5d3-988c330d8c3d,7949496.579052969,7949555.862519453,7949572.104770261,2001,200,59.28346648439765,16.242250807583332,224
d14d0f8f-efff-46e1-8995-581eb8b4a30a,3ee811a5-f205-4725-8db6-b99eb8dd1ecb,7949558.578997772,7949560.8408107385,7949572.110692996,4256,200,2.2618129663169384,11.26988225709647,160
f8fd730f-ca58-4d83-8615-4a378d20f4b8,9bc4feee-617f-4059-8c66-f3a6b1d07f17,7949558.579011124,7949560.945262885,7949572.239894594,1140,200,2.3662517610937357,11.294631709344685,176
0db20d99-db66-43a6-8646-3e40dbff5ce0,c1982038-303e-4301-b5a7-685f949923d9,7949558.578985518,7949560.546719638,7949572.387751703,6302,200,1.9677341198548675,11.841032065451145,192
7c368301-d04e-4b17-bcdd-6cc447c48ba7,da124fb2-ca2e-4440-92f2-d93236ae14d2,7949554.579800383,7949557.942029198,7949572.622360606,1558,200,3.3622288145124912,14.680331408046186,176
3a67d084-57f6-4383-b850-ce84bd184b1b,22d7558f-2436-464f-b111-4724e2f322d1,7949562.579237657,7949563.17552875,7949572.660020501,1969,200,0.5962910931557417,9.484491751529276,224
04824ad4-8dff-4932-b9b5-aae2e952fc41,dee31f57-0db9-4efb-ad6f-509637e9dad7,7949560.579834299,7949560.946813456,7949572.674650509,1225,200,0.3669791566208005,11.727837053127587,176
91efc978-0684-498b-9fc1-60ea5635376e,2c2590bf-7735-4068-8406-2d47707168ea,7949560.579843708,7949561.492957345,7949572.69635573,3774,200,0.9131136368960142,11.203398385085166,160
265bbb80-c2f1-4b12-a85e-a9638ad34693,0fdd3815-1923-4d11-a5f1-1c32cbce836b,7949501.579978398,7949557.325652932,7949573.478440691,3308,200,55.74567453376949,16.15278775896877,176
8b6d9246-d4c6-4cef-84d9-cce55d3c6083,94d515a9-ef0d-42ed-ace0-0af11d850115,7949557.579848806,7949560.246468826,7949573.507194391,2351,200,2.6666200198233128,13.260725565254688,224
122fbc1c-42b0-4ba0-8b60-acf4bf89fd8e,e724a820-5b7a-4218-83e7-e044ebcbf913,7949558.578999854,7949561.919978794,7949573.687930755,5768,200,3.3409789400175214,11.767951961606741,176
fb3bbc1d-bc8b-4c57-b243-c55772d026f5,1cb4cd2c-3d59-46ce-8a93-0db347afede8,7949501.57998993,7949557.97907944,7949574.105193504,1796,200,56.399089510552585,16.12611406389624,192
92f104cb-2fec-4335-b08e-3c364d6ddafb,a88040f4-3d46-4ddd-9db3-d9cefb577c4d,7949501.579994201,7949558.27340355,7949574.339925426,5862,200,56.69340934883803,16.066521876491606,192
eb882089-f9ae-4ef6-809b-4efc617873f4,a6d693f0-8426-4cd2-a4b0-43616e67e856,7949560.579846691,7949562.6755439425,7949575.103626328,5964,200,2.095697251148522,12.428082385100424,176
e8bdde2a-f337-4c1f-969b-c5ee6af2e2e2,a9ee696e-7782-458b-b0e3-a5f993f4a8eb,7949562.579248244,7949564.003171548,7949575.164185086,5835,200,1.4239233043044806,11.161013538017869,176
445ba7d6-2ddf-4e7e-824c-ea789130db2b,5081ad02-1e94-429c-b756-848bd4f73416,7949539.579653189,7949556.7651675455,7949575.670438703,350,200,17.185514356940985,18.905271157622337,224
d757dca4-d8cc-4562-9a76-9352b852ddf4,7c8adab7-544c-4106-916a-d86d02536d30,7949562.579251994,7949564.002902334,7949575.780960155,5743,200,1.4236503392457962,11.77805782109499,176
41c2d782-e934-4150-b416-9a022830f760,6cbbb375-c940-47eb-bdbe-1c9292cd44d7,7949560.579849288,7949563.859215826,7949575.891984025,3002,200,3.2793665379285812,12.0327681992203,16
83b92614-26b2-49ce-ba0f-5c837af8855d,558d1a32-11e7-4870-b268-20a3c0b14d67,7949501.580004808,7949560.486081098,7949576.38533604,5801,200,58.906076290644705,15.899254941381514,160
11ff1e30-6082-468d-ad1f-13bfde93e721,ffa65629-fc9d-4ec9-b6e2-f76db11b35df,7949564.579278608,7949566.517870084,7949577.133499165,5887,200,1.9385914765298367,10.615629080682993,192
e9eeb9af-bfe8-4cb6-963f-08c0a27c2295,518b2120-1899-4a0f-af6e-5a114887002b,7949539.579658879,7949558.739271393,7949577.299513135,385,200,19.159612514078617,18.56024174205959,176
4d36c007-ea0c-4e94-a9f5-6561814d0a48,137ad8cf-63fb-4db5-bb47-7e4c09778b00,7949539.579656088,7949559.0378429685,7949577.614522389,5971,200,19.45818688068539,18.576679420657456,176
a337e646-1eab-48bd-ae5e-7119e675bc0a,d8a397bc-57f7-446c-afd5-6ed41a735419,7949539.57964397,7949559.138252823,7949577.697717121,1530,200,19.55860885232687,18.559464298188686,192
b9c6eb5b-893e-49e3-92e7-36433b9ad6ad,e9333846-4b52-4552-b7b0-49ce8f3d396a,7949539.579661748,7949559.231339582,7949577.79791107,1447,200,19.651677833870053,18.566571488045156,160
b8aa2751-1d7a-43a3-885f-22ae1977e73f,4da8fb42-3983-40f2-bef1-a8d32802c74f,7949568.578904245,7949568.957057823,7949578.447215642,925,200,0.37815357837826014,9.490157818421721,176
7f57fa22-2d01-4a57-a030-418cab3b77f2,307c55d5-8ee9-4aec-850b-cee5f644152a,7949501.579997613,7949562.812728734,7949578.671369049,6627,200,61.2327311206609,15.858640315011144,192
14586757-5cd3-48e5-985c-b6929eaf89ee,11930aa0-eecb-4b90-8321-5576b64783b6,7949568.578923378,7949569.967448313,7949578.825916444,5847,200,1.3885249346494675,8.858468131162226,320
b8f9c74b-3320-4273-a105-54c07fee1ed8,a0f4972e-a008-44c4-ba13-b684554c436b,7949558.579013771,7949561.868852238,7949578.9952579895,2878,200,3.2898384667932987,17.12640575133264,176
2c466e37-6e1a-4016-87a1-25d26b71b553,2d5dcc3c-a047-4b49-9a38-cd2e4eb26eb8,7949568.578916813,7949569.140947895,7949579.657902159,640,200,0.5620310818776488,10.516954263672233,176
54e37575-8b6c-4642-951f-4f1d7e9ef8ca,6e7cc52a-11de-432c-9428-ed0bba4d276d,7949568.578926283,7949570.756477151,7949580.165186194,4036,200,2.1775508681312203,9.408709042705595,160
f34e1589-f985-43a6-b368-6b55b0c3ca03,339e6a45-2ac7-4236-ac28-4af01254bcc9,7949566.579454298,7949568.122687249,7949580.412829841,5839,200,1.5432329513132572,12.290142591111362,160
6b9904d7-2760-4005-8ba9-8ee7a81e418e,02107f20-0300-4036-b19a-172388159a40,7949566.579448431,7949569.505462046,7949580.683001088,4066,200,2.9260136149823666,11.177539042197168,176
b60c0f95-f995-47fd-927e-cf2704964b95,c5e22b01-38e1-4860-9ec4-994c6de81085,7949568.578920279,7949569.803728433,7949580.783116424,391,200,1.2248081546276808,10.979387991130352,160
4dc77911-49ee-4cdb-bfe8-1248c394fd05,52901222-0bb4-47e4-8bba-8825319cf100,7949566.579451639,7949568.482811382,7949580.795767181,3724,200,1.903359742835164,12.312955798581243,1424
781d2d3c-0d4e-4fcc-b47e-26da8c5a159a,c3d496a4-2080-4ec5-b544-6c3443dffdf3,7949566.579457311,7949569.385539217,7949581.134657524,4672,200,2.8060819059610367,11.749118306674063,160
1c2586fb-70aa-4db4-9c79-278b3b5e3d80,bfc78a92-84e5-4fdf-8b1d-913c94a11821,7949506.579094912,7949565.310287607,7949581.297710078,3756,200,58.731192694976926,15.987422470934689,192
d664336f-8a56-485c-b366-281199b5b76d,a16f5240-7964-4ea6-8660-0762c30468df,7949541.578948545,7949564.115838037,7949582.179632375,2367,200,22.53688949160278,18.063794338144362,176
1dde99a1-f57e-4f46-81bd-708d0c898fad,fc991f32-f1b6-4afe-ba3b-a472773d0110,7949570.579020156,7949572.734187519,7949582.404605969,1635,200,2.1551673635840416,9.670418449677527,1440
8929f68f-d5d3-418d-a827-c842792d91ad,51d7aec4-2dba-42c1-8f75-3193d8c9b3b1,7949541.578963284,7949564.415079653,7949582.476325804,389,200,22.836116368882358,18.06124615110457,176
a0e56e21-ffca-45f2-9182-e51f31f7f787,3c65feda-6cb4-427f-8794-100421de1d7c,7949570.578998885,7949571.665156941,7949582.5075302385,4789,200,1.0861580558121204,10.842373297549784,160
7053bf7e-0423-48ad-9ef5-21a47b57ad6a,eecbcd88-7743-4e34-95b6-1c67dec9ac89,7949506.579128623,7949566.654392417,7949582.646705629,5208,200,60.075263793580234,15.99231321271509,224
43bf4f34-4bf4-4d90-b45f-8c28a092c6d9,4dc898de-9d0d-4eef-9608-2e7f5c017b44,7949564.579264801,7949566.300179087,7949582.658944442,3678,200,1.7209142856299877,16.358765355311334,192
c8eb9771-8816-4bda-b7cd-1ddc2f054f3b,f259acc7-014b-45ee-b116-6c5a67d0b3dc,7949570.57901754,7949572.61219505,7949583.084352219,5842,200,2.0331775099039078,10.472157168202102,192
fdc7a282-ede3-4a29-82a2-904d21a06e07,b95dfb64-0406-4605-9307-eb2ed587ac22,7949541.578960189,7949565.318050088,7949583.136918282,5895,200,23.73908989969641,17.818868193775415,224
70b6ac2d-0fc1-4640-90c5-70e3ed70790a,04fdc20b-8327-42f7-a183-15c098d0ccce,7949564.579283192,7949566.970264155,7949583.142590132,5784,200,2.3909809635952115,16.17232597619295,160
e6377af1-584f-4bb3-b7ae-c6ee9baf4fe4,db181ab9-192b-4119-8e82-13c9748a3f0a,7949572.579667801,7949574.110323002,7949583.21051735,5862,200,1.5306552005931735,9.100194348022342,160
bff0d97d-65e4-41e8-9a21-8d9366dd0b43,0fd4279a-26c5-4067-ab88-75febf63597d,7949507.578943324,7949567.317908288,7949583.284896763,5856,200,59.73896496370435,15.966988475061953,176
7fb3b874-bed3-44a9-88ab-b18e528a1c5d,b23331f5-cf25-4f3d-bb0a-0b712f6627c0,7949570.579011472,7949573.341147158,7949583.744254837,4189,200,2.762135686352849,10.4031076785177,176
762586a0-1f60-4f12-99ca-55c4da253f24,aa2dc0a5-8f81-47dc-8767-40e6ea12f767,7949566.579459985,7949569.296341935,7949584.387581003,5616,200,2.7168819503858685,15.091239067725837,192
dd14270a-265d-4665-9c0d-6de5479cbaa6,8f571481-bb6f-4a50-ba89-2ea91233c37d,7949508.579039099,7949568.712060039,7949584.525062713,5778,200,60.13302094023675,15.813002673909068,224
381c1fe1-3e3b-46dd-ae2b-ae0da0741322,c51e1c93-377f-4846-81a1-14e5879a721c,7949565.579044426,7949569.787205667,7949585.357058327,4470,200,4.20816124137491,15.569852659478784,160
0dcc76b2-5621-4a61-95a5-cdf35bfbaf2b,f48f3c83-7b8a-45e5-a0fa-74a6e92599d8,7949508.579044456,7949569.828772923,7949585.673566938,5892,200,61.249728467315435,15.844794015400112,160
b08a6d29-16cb-47a7-a81d-793502d370a4,558d1a32-11e7-4870-b268-20a3c0b14d67,7949565.579031683,7949570.208913398,7949585.834604482,5772,200,4.629881715402007,15.625691084191203,160
b4edeeae-3858-4cdb-ab8e-a1d182b22f43,136c09df-f87e-45ff-b30d-813886566a5b,7949570.579015049,7949571.680886407,7949585.930798896,5788,200,1.10187135823071,14.249912488274276,192
a532fb7a-9545-4c73-9a13-ec3a28cfc270,44ca5816-8d16-4e6a-83e3-4700fae7ed03,7949565.579047894,7949570.764204409,7949586.287895008,5824,200,5.18515651486814,15.523690599016845,160
07d471a1-0db5-4761-9a5c-f086dbe9fecf,6765a657-895e-4f86-948f-60d5c92ec33b,7949510.579451834,7949570.925873337,7949586.415888348,5834,200,60.3464215034619,15.490015010349452,176
b908b366-3bfd-49b8-8166-54acce7f3cf8,cf53ec7b-8773-48c4-bfea-fbe3da37a269,7949565.579050827,7949571.414312632,7949586.830845884,6013,200,5.83526180498302,15.416533252224326,160
052aefc4-656a-44be-8766-bb30d0bc713a,9ae48b4d-09e7-477a-96c8-ee9b319e707d,7949512.580311161,7949572.11057115,7949587.64951664,3761,200,59.53025998920202,15.53894549049437,160
9a81fea8-e9b7-45b5-92e8-4a17c564a177,3084bad3-0d0c-475a-b223-7ebae9afaa52,7949565.579053614,7949572.398773715,7949587.674681279,5911,200,6.819720100611448,15.275907563976943,288
3828390b-a6e6-4586-8004-743f2c3f74d8,4b6ac81e-dcab-4d4b-86b0-55cc757e83a1,7949574.579425878,7949575.569423916,7949587.7145759575,6060,200,0.9899980379268527,12.145152041688561,160
85c4f533-2872-402c-b925-755c4085f420,41128b96-fd4a-4c4f-ab0e-4f0be9d70919,7949576.579227885,7949577.614416783,7949588.006129433,5960,200,1.0351888975128531,10.3917126506567,192
1312dfeb-caac-4d6a-9de3-4bd4dd74d4a3,e6dca7b5-0f24-49b0-b2a3-fe8bda0289ff,7949567.579279585,7949573.054268555,7949588.22367178,3646,200,5.47498896997422,15.169403225183487,224
f25534bf-cbf7-4ad0-ac2c-4b742725e9ef,b397fd3b-5c1a-4e01-ae2f-44399f92080b,7949576.579209965,7949577.480383882,7949588.32631094,3055,200,0.9011739175766706,10.845927057787776,160
64e3e879-7844-4fb4-b7ae-e8728c305dfb,e15ff2fc-8b83-41ee-b315-8b52f8c96af4,7949576.579230623,7949577.940927471,7949588.499477166,5851,200,1.3616968477144837,10.55854969471693,176
4fc02e74-0810-482f-b51b-7d27173adb9a,c1aa437d-4a45-48f5-a4ba-fefa5588951c,7949574.57944227,7949576.661399632,7949588.576577604,4387,200,2.0819573616608977,11.915177972055972,176
c2efd090-3dd4-4b86-a58e-73a947d21c65,584dad95-d36b-497a-92bb-3cefd7fd8072,7949567.579271494,7949573.502943657,7949588.598444023,5870,200,5.923672162927687,15.095500365830958,192
0df9ea21-997f-4790-a9bb-3afa6113e90c,db1fb291-ef7d-478a-9b73-48146f6a8cd5,7949576.579224834,7949578.453883707,7949588.843945445,5866,200,1.8746588723734021,10.390061737969518,176
6a41d735-7062-4dde-aab5-af8a69802911,b4ccd658-c53e-48f2-80b3-bdc3daefd3b0,7949567.579289669,7949573.93354566,7949588.961892216,3724,200,6.3542559910565615,15.028346555307508,224
945363f8-39b1-4bf4-b16a-a6ba6a9d5205,899c2615-9ae4-4ce5-91c4-b802b05ed50e,7949567.579292857,7949574.03994954,7949589.054649756,1951,200,6.460656682960689,15.014700216241181,288
08b4eb25-ffb9-4808-8266-dd0aeb4ae29c,378a8dc1-f4bf-4176-8004-137448e51ca8,7949574.579438356,7949577.049360581,7949589.188220542,1968,200,2.4699222249910235,12.138859961181879,176
08da03bb-adf8-4d7a-993a-d1919cf5dce6,239fe02a-0a19-4d3b-9cb8-bae3872a285f,7949514.579114407,7949573.687708689,7949589.221673986,3216,200,59.108594281598926,15.533965297043324,224
02a08146-c4d4-4a53-9da9-d93dc2bd38f9,08617b02-e213-4095-a1cd-ed95f33fb542,7949567.579303019,7949574.356371243,7949589.329523216,1200,200,6.7770682238042355,14.973151973448694,192
172e44db-02af-4f74-a3c9-12f16ece7683,502899ee-4518-4d94-a120-80fc9b07318d,7949577.579192524,7949578.684159353,7949589.395361274,4322,200,1.1049668295308948,10.711201920174062,192
867139b9-c1a1-4206-82e3-0a2543539a15,c6e18b90-e57b-498d-a257-de89d96b372c,7949567.579296529,7949574.444191072,7949589.420780848,2222,200,6.864894542843103,14.976589775644243,192
5a9e2a04-ac3b-4198-94c5-e6f776a2b8ab,22d7558f-2436-464f-b111-4724e2f322d1,7949578.579872419,7949578.941211721,7949589.466011011,1969,200,0.36133930180221796,10.524799290113151,1968
73758f44-a3dc-4b9f-a3ff-ddc7d72c7a85,47290926-f76b-42a0-b6b0-95ae3ac5a196,7949543.579174921,7949571.808875555,7949589.478139589,3386,200,28.229700634256005,17.669264033436775,288
f40dfd6a-949c-407c-bcfc-9b9fe0413a66,51d7aec4-2dba-42c1-8f75-3193d8c9b3b1,7949567.579286752,7949574.656210941,7949589.62581154,389,200,7.076924188993871,14.969600598327816,176
34cc09e6-7d1e-4ac3-802e-83532d33a04d,5c6dac57-aba8-4008-9b1b-2dc74818894a,7949567.579283523,7949574.729549901,7949589.706267254,4705,200,7.1502663772553205,14.976717353798449,224
7c52ff6a-c199-4f36-996e-5f7b01f4477e,eaa14318-4f95-461e-9213-5b24ea716730,7949543.579159683,7949572.117352095,7949589.759651871,5318,200,28.538192412815988,17.642299775965512,160
8189d043-35ac-4dcc-968f-b380962e7011,7ed7ebb9-c4ac-496b-a503-cbbd0dad0d9e,7949569.579613273,7949574.992712863,7949589.978296589,1935,200,5.413099589757621,14.98558372631669,160
9f4aa0cc-db24-4886-bd59-f0266083f93d,749cff23-59a3-425b-bc36-69a36ebb5518,7949518.579282308,7949574.786573697,7949590.167278287,2879,200,56.20729138888419,15.380704590119421,160
85864c19-27d9-4208-b3a6-f7afce63b87e,844a87c7-258d-4606-b701-dd25f9c331ff,7949518.579301609,7949575.157931881,7949590.399493493,5822,200,56.57863027229905,15.24156161211431,160
36d832f9-1cba-4544-ba0b-b47ace95acf2,3daffac5-0016-4e98-88da-87898f7abac9,7949577.579180482,7949579.8190641925,7949590.411665435,5738,200,2.239883710630238,10.592601242475212,176
35610e8d-6cab-46f6-ab55-aeb0e1bf3b31,1cf5c436-bb75-402c-9dfd-fae7395bc0a0,7949578.579886702,7949580.862986499,7949590.472701765,907,200,2.283099797554314,9.609715265221894,160
68fc04a5-7773-498b-b116-e6d870a6f83e,3d244e10-3c51-4e44-bce4-3022987dcfec,7949567.57929986,7949575.519367821,7949590.53694615,5856,200,7.940067960880697,15.017578328959644,192
b93bf2fe-f7ee-4da3-b9cd-ea695e533bbd,96fd4659-a409-45b4-ac31-ac3be6cd91f8,7949543.579186835,7949573.2369605405,7949590.73390507,4383,200,29.65777370519936,17.496944529935718,224
2075a868-fbb8-4d40-b6f3-99a4288498ba,0d6cfb7c-9564-4e6b-96ab-aec695811479,7949543.57919056,7949573.43376305,7949590.92084551,5944,200,29.854572489857674,17.48708246089518,176
eb2221fb-4300-4c5b-9461-509e52f7abf4,029edadb-b234-4d39-a619-c56cc85e964f,7949576.579220779,7949579.294264895,7949591.225645251,645,200,2.7150441156700253,11.931380355730653,192
22b35218-327c-417a-8ca2-0e8cd408894a,169bfd1c-b54b-4a03-b40f-5a304abd2cb8,7949578.579892647,7949580.099837507,7949591.484548585,4329,200,1.5199448596686125,11.384711077436805,224
9f54355a-eb20-4f80-b9ee-456670be65c2,6e066633-fcb0-417d-94ee-a9864bbdaa41,7949580.579445064,7949583.117004418,7949591.540450338,6408,200,2.537559353746474,8.423445920459926,192
993cf14a-19de-40d6-9c8d-8451c75f8242,47290926-f76b-42a0-b6b0-95ae3ac5a196,7949521.578992522,7949576.742090689,7949591.7521683285,3440,200,55.16309816669673,15.010077639482915,288
d82108d5-2983-447f-a88b-650c79c04012,af4b1375-aefd-45d5-8a5c-3dd4d84c4dc4,7949543.579193439,7949574.349398634,7949591.887100475,5895,200,30.770205195061862,17.537701840512455,160
e133ab3c-9025-4f58-b399-4862780db235,32379e4f-c52b-4533-87e4-7ccbc01e4871,7949521.578980811,7949576.915058678,7949592.016208781,3047,200,55.3360778670758,15.10115010291338,176
87559e59-7500-4344-82e5-3bfc18b57602,b95dfb64-0406-4605-9307-eb2ed587ac22,7949580.579448976,7949582.521861679,7949592.316207397,5895,200,1.9424127032980323,9.79434571787715,224
a2acdee6-3b5e-4dda-a8ea-a4cfda030b05,bcb9a03c-7a7d-4221-8d1f-5f52836f8b7c,7949522.579024737,7949577.527280112,7949592.482123398,2541,200,54.94825537502766,14.954843286424875,224
114f3111-4dae-47bc-8d61-740e7117f0d0,a88040f4-3d46-4ddd-9db3-d9cefb577c4d,7949578.579889851,7949582.049777264,7949592.58741797,5862,200,3.469887413084507,10.537640706636012,192
d12df567-c0c0-4f80-a7fa-9b2fad515538,0f461546-1087-4ea8-86ba-ebc6af9b16f9,7949543.579183728,7949575.430730479,7949593.05469934,5755,200,31.85154675040394,17.623968861065805,176
ac43a0da-3be4-4a53-ad31-a682cd973fdc,d8201697-336b-477e-a838-abf68acb1f97,7949580.579428231,7949582.306001459,7949593.244444392,4733,200,1.726573227904737,10.93844293244183,176
1fae94b9-d11b-4716-a91b-e1fd5e5543e9,1326464b-c372-47f9-8850-927fd5f180aa,7949543.579180373,7949576.228137858,7949593.881349725,4246,200,32.648957485333085,17.653211866505444,224
e78a72a4-d142-46c7-bcc4-e1cbf57b97d0,91e22163-b1ce-41e5-803d-070d44488e41,7949580.579440082,7949582.986155198,7949593.9058435075,5865,200,2.406715115532279,10.919688309542835,192
8983b44f-7462-49e5-9015-3741ed0b65b0,5c6dac57-aba8-4008-9b1b-2dc74818894a,7949526.579381723,7949579.387595687,7949594.754538937,4548,200,52.80821396410465,15.366943249478936,224
a8b75b85-f905-48b5-be6c-959efa9c6951,c83dc93a-17bd-4b97-ae1e-ea8cd1dbecfe,7949584.580100747,7949585.818691335,7949595.395620168,5908,200,1.238590587861836,9.57692883349955,160
ae2e7714-ee3b-4cc4-bcba-2d2605f36f53,f48f3c83-7b8a-45e5-a0fa-74a6e92599d8,7949528.579822512,7949579.3887999235,7949596.493798318,5880,200,50.80897741112858,17.104998394846916,5872
ff0319e2-4279-4b08-99db-c75f1b98d5b3,119381d5-69e5-4c08-b438-534c58547839,7949584.580097358,7949584.98447042,7949596.517029306,1030,200,0.4043730618432164,11.5325588863343,192
3fa02f30-905f-471a-8fb1-7c12b66a04f3,10be3b43-0ffb-46e1-a876-5e00af159cb2,7949584.580087934,7949585.193261801,7949596.63690438,1584,200,0.6131738675758243,11.44364257901907,192
a61dafc0-1bc0-4398-a76e-d57600555ddb,376fc79f-2991-4706-a6b7-8d5e7ec64423,7949582.579066583,7949585.379289142,7949596.910114977,5686,200,2.800222558900714,11.530825834721327,176
354b55ee-d378-4837-bfbd-d0ce5a65d77f,70040244-0ba8-4018-b9e4-d79962cfab6a,7949582.579079347,7949585.8354817135,7949596.915234516,5847,200,3.256402366794646,11.079752802848816,224
fee8562f-1ee8-48a7-ac3c-b51ce22a2d4a,5562c1a1-e6b0-40ec-96dd-5ea84936cbf8,7949545.579044484,7949579.791263765,7949597.11671005,5924,200,34.21221928112209,17.325446285307407,176
df158b0d-0e3c-4ba1-94a3-1b44a52ce3e1,eecbcd88-7743-4e34-95b6-1c67dec9ac89,7949545.579031683,7949580.06301819,7949597.40446595,5208,200,34.4839865071699,17.341447760351002,224
f3e41ca8-f942-4d57-bbdf-2e2b2bfe57a0,e4739dd6-a5ff-40d1-b9c1-1c5ea193b984,7949536.579257672,7949579.758693633,7949597.933237758,1001,200,43.17943596094847,18.174544125795364,160
318d79d1-69d5-41b7-a85f-92d3fb3c56f1,ff27b323-224b-4236-b530-8b34fcfc9531,7949586.579887315,7949588.070566335,7949597.970941673,420,200,1.490679020062089,9.90037533827126,176
52880b75-7c47-4839-b36f-e9b816313455,f4e153b0-1500-4fe0-8c77-db6d02b743e0,7949585.579461824,7949586.693522908,7949598.187516018,2971,200,1.1140610836446285,11.493993110023439,224
4b33373e-92fb-400c-8acd-7b93e122fd82,efedac55-57dd-4acf-9f7e-f6bbd7243fbe,7949545.579048399,7949580.570750884,7949598.3393494515,1613,200,34.99170248489827,17.768598567694426,224
b61e3ce6-600e-454e-8852-d1b65c1c387a,3e53059f-27ed-453d-a3cb-045b4aa7f847,7949585.579450277,7949587.132197835,7949598.392319497,4417,200,1.5527475578710437,11.260121662169695,224
bd084e07-62c5-496b-bb8a-a85c7e077e08,c1aa437d-4a45-48f5-a4ba-fefa5588951c,7949545.579052013,7949581.307430031,7949598.824481206,4230,200,35.72837801743299,17.517051175236702,176
ff5a46b4-e801-4d9f-b25c-fec7076bcc6e,f0cbebc5-adb6-461b-9b21-22667b2f1d8c,7949540.579406118,7949581.6783031095,7949599.002158245,2741,200,41.098896991461515,17.323855135589838,224
55eb21e0-78e9-44f4-8815-04c4780f43fe,1958dd0f-5de2-4626-bca0-02cbc78c8aeb,7949540.579403164,7949582.139527883,7949599.157837788,2602,200,41.56012471951544,17.018309904262424,192
5ce1e466-dd29-4d41-b904-8d2019508743,ab7c945e-e515-4175-81a9-07d757d848ff,7949571.579027942,7949583.600704564,7949599.396668537,2504,200,12.02167662139982,15.79596397280693,192
3d807640-39dc-4314-a86a-a7bd4d20ea12,af45b936-e0fc-4b4b-a8e6-2c2ce81710a0,7949586.579893642,7949589.722757479,7949599.663235112,1976,200,3.142863837070763,9.940477632917464,176
c99b70c4-cf26-48e3-8873-9d3a4b707566,818f34b1-81e6-4dc9-8896-079af3a673ea,7949585.579465494,7949591.143467869,7949599.727205219,5300,200,5.564002375118434,8.583737350068986,192
46ad1aac-e699-46ba-b6fc-e0824266d4e9,469d8baa-4a15-40fd-a740-aae6477a78b9,7949586.57991722,7949588.976599837,7949600.046909997,5231,200,2.3966826163232327,11.070310160517693,176
f37dc5ea-321e-46b6-b9d5-211314d4d376,70040244-0ba8-4018-b9e4-d79962cfab6a,7949547.57980715,7949582.880838289,7949600.063271511,5847,200,35.30103113874793,17.182433222420514,224
cf377793-3647-4cc2-b167-95096590710c,5974b26c-9c91-4e54-8f64-6f0a30771880,7949556.579120972,7949586.3836132055,7949600.685517263,5835,200,29.80449223332107,14.30190405715257,192
b5d664dc-bd5b-493c-a675-9b49b662d2bb,45e7f1a3-6b50-4b00-bff3-e4a8f31e6793,7949557.579835939,7949586.507369017,7949600.795801689,3408,200,28.9275330780074,14.288432671688497,192
59a20c42-35da-4d47-8ea6-6fe89e2a22a7,d9b5ce8f-1f03-4b93-af09-4e750c6473c8,7949547.579825685,7949584.111306095,7949601.40749285,4103,200,36.53148040920496,17.296186755411327,224
e7d2ba7d-a797-449a-8c12-4a6553fd8579,0883483d-ba52-4103-b119-afeaa09302ef,7949586.579907244,7949591.403236905,7949601.56828483,5878,200,4.823329661041498,10.16504792496562,192
2157f7e8-2caa-44a0-8245-4dba6b21f026,8861bb38-fa7f-46fe-a61e-d670524b80a8,7949558.578994622,7949588.301650101,7949601.685145098,5879,200,29.722655478864908,13.383494996465743,160
e0d6aa7a-7f5f-4c8a-a3a0-cf059192ca5c,16c13356-28d3-47de-b107-a5a7029a64ab,7949547.579822991,7949584.4134400785,7949601.705803779,5672,200,36.833617087453604,17.292363700456917,160
8bae1be5-b5f0-4bb8-b0ce-9951bf8a1b1b,5247d9b3-daf0-4d8c-85c8-6200408316cf,7949573.57930549,7949586.01169435,7949601.867523448,1362,200,12.432388860732317,15.85582909733057,176
85fce8d4-c29d-4604-8e34-12e21a38c85d,bcb9a03c-7a7d-4221-8d1f-5f52836f8b7c,7949558.579015862,7949588.299762947,7949602.133877968,2541,200,29.720747084356844,13.83411502186209,2528
513ee960-a4ab-4992-8fed-12835ee1df4f,a4910820-870d-4238-922d-93ffdf3d500c,7949547.579828342,7949584.995487403,7949602.265801545,935,200,37.41565906070173,17.270314142107964,160
a5183582-d54c-4e17-82c7-6209111ae1b8,43515880-6b47-44ce-ad5a-c143292b1649,7949547.579830985,7949585.385665792,7949602.6451372765,5957,200,37.80583480745554,17.259471484459937,160
ba552f17-1606-4aaa-9021-ab9171b47ce9,176cc487-2fc9-4a46-aad1-bc8cf2b12ebd,7949573.579291118,7949587.117902147,7949603.04486549,5938,200,13.538611028343439,15.926963343285024,224
43abf07e-f679-4d17-83e8-c345868be5a2,fd66c258-5859-4553-99da-0f386f57432c,7949547.579837395,7949585.913052333,7949603.309788108,3841,200,38.33321493770927,17.39673577528447,160
076b462b-b962-4edf-bc42-b8179c4ecfa7,8e505307-8830-46b2-ac68-84a7d5dbd9a0,7949588.578872967,7949590.953043275,7949603.433701432,2420,200,2.3741703080013394,12.480658157728612,160
41e7891c-b77d-47b8-bbef-4b2e31ba6c61,10be3b43-0ffb-46e1-a876-5e00af159cb2,7949547.579819113,7949586.111507481,7949603.498153156,1584,200,38.531688367947936,17.386645674705505,192
7c620f6e-71a7-492d-961a-b3232e118317,0a6e1c4d-4f69-4db3-b893-0aa1755f54ee,7949573.579308786,7949587.766945859,7949603.723957129,5742,200,14.187637072987854,15.957011269405484,176
ab02dbe6-4e1d-4620-8d33-04c156674022,1f137368-a8ec-4424-9209-cece0037f45c,7949566.579438867,7949589.697082129,7949604.016727871,3644,200,23.117643262259662,14.319645741954446,176
367daaa3-2a36-412d-8441-dabc5f5203f6,40f892a5-678a-4f13-86dd-ca6b794f94a2,7949582.579088351,7949585.48387634,7949604.075885723,5918,200,2.904787989333272,18.592009383253753,224
4cb20309-8e22-4dc4-b3d0-72fea7bbe3a0,3bbe7a32-b751-4c03-9865-9f62ef479d14,7949582.579082279,7949585.685221858,7949604.335163985,1222,200,3.1061395797878504,18.64994212705642,176
51a8e088-4fa2-4a36-8973-4369511c40b6,2375aed9-bf2b-4d31-b02f-4651375f6697,7949586.5798732,7949586.962397027,7949604.450712563,896,200,0.3825238272547722,17.488315535709262,176
8229260e-702c-4ef0-b70d-a7499411b4fc,773fcc75-711c-4081-bfea-8e9f5d5f8c42,7949592.57982128,7949594.158513858,7949605.248665526,1179,200,1.578692577779293,11.09015166759491,160
5bc1177c-fca4-40e7-ac7d-bbbabfec81cf,62668b5f-d3c2-4774-bf3f-6674f4688863,7949547.57983396,7949588.089257678,7949605.300846701,857,200,40.50942371785641,17.211589022539556,160
9f158160-6f1d-4101-9664-fbf7309bc04e,9b048b14-06a6-4574-a80f-dbc23b48d9f7,7949586.579896407,7949588.096032798,7949605.430660595,5981,200,1.5161363910883665,17.334627796895802,160
7ecfb3b4-a6e1-4d58-83a5-dbeb9c1ab37b,a9ee696e-7782-458b-b0e3-a5f993f4a8eb,7949547.579840187,7949588.583584645,7949605.767050635,5835,200,41.00374445784837,17.18346599023789,176
834ebbd1-cb58-474d-bf79-ae84d294bfce,899c2615-9ae4-4ce5-91c4-b802b05ed50e,7949578.579895282,7949589.703938034,7949605.772875562,2011,200,11.124042752198875,16.068937527947128,1920
226ec3cf-178f-40d8-a6ba-fadf1befaf79,9c1eaa62-32d0-47df-aea2-fa3f14175763,7949586.579890792,7949588.736097176,7949606.1114514405,2775,200,2.156206383369863,17.375354264862835,192
f1b5f84c-9852-4fc0-baad-3dc6c76ba861,9728b43f-13e5-4f1c-b6d4-40db13828d76,7949566.579463099,7949590.447920093,7949606.197393438,5981,200,23.86845699418336,15.749473344534636,176
b4c78577-2ba4-4811-91f5-ff9be9e59b85,0fdf3a79-0b56-4d09-930d-738eaa2f1f84,7949586.579910289,7949589.365942052,7949606.429621412,5753,200,2.7860317630693316,17.06367936078459,192
e9f2d98b-ef43-4a09-b6f5-e113cf9a6f11,9bc4feee-617f-4059-8c66-f3a6b1d07f17,7949593.579602374,7949593.884572892,7949606.480329829,1280,200,0.3049705186858773,12.595756936818361,176
b2bb3b6e-f8e0-441d-8273-af9fae96169f,e33a9d69-0943-4460-8168-0f009275bb34,7949588.578867063,7949589.568838052,7949606.651395734,1145,200,0.9899709895253181,17.082557681947947,176
2b115587-5d6e-4568-a46c-59419e25c6a7,e6330420-13fa-40f0-aaaa-ee9b7b873195,7949578.579882721,7949590.63956432,7949606.724307476,5858,200,12.059681599028409,16.084743155166507,192
c0d19081-9e83-4d72-8ce6-3010019e06f8,ae04581e-61a3-4e13-a5d3-988c330d8c3d,7949582.579091192,7949591.460500035,7949607.153118855,2153,200,8.88140884321183,15.692618819884956,224
4a268350-9feb-46e7-a13d-399efbe034cc,dd4ea50a-bbcb-4a3f-a62c-27fbf36607ed,7949592.579830785,7949595.004937389,7949607.608773232,2922,200,2.425106603652239,12.603835843503475,176
43d3699f-bc4c-4ae9-8d8c-2476ed5be84b,6cbbb375-c940-47eb-bdbe-1c9292cd44d7,7949592.579834252,7949594.145369935,7949607.729077468,3068,200,1.5655356831848621,13.583707532845438,16
02c11ebf-d7ac-44fb-bf2e-4f514eeda5cd,ceb8b264-daa4-4142-9261-329766ad7443,7949549.580091918,7949591.022642761,7949608.311042787,1278,200,41.442550842650235,17.28840002603829,160
ff0db13a-278e-4d52-a5b8-af97a36e9c65,e9333846-4b52-4552-b7b0-49ce8f3d396a,7949593.579605923,7949595.11240067,7949608.7161073545,1689,200,1.5327947465702891,13.60370668489486,176
e65952fd-7cc7-4aee-8ae9-21a6e4345082,6b12e983-df72-4200-80d7-0a4adbe5d91e,7949549.580082425,7949591.694177818,7949608.83879346,5955,200,42.114095392636955,17.14461564272642,224
1ac36d93-3a08-4b82-9e20-617b063e2e24,fc991f32-f1b6-4afe-ba3b-a472773d0110,7949593.579582581,7949594.765148478,7949608.986694571,1810,200,1.185565896332264,14.221546093001962,1584
94f992fd-6fa3-4242-a1eb-4c304b5361bb,e793cd05-3809-4e36-8e78-d44bc000c93e,7949549.580085792,7949592.499112827,7949609.574885504,5740,200,42.9190270351246,17.07577267754823,160
910e9f06-a7b4-4156-b59c-e50c4735d3b8,a88040f4-3d46-4ddd-9db3-d9cefb577c4d,7949549.580094293,7949593.5518545,7949610.342225575,5862,200,43.97176020685583,16.79037107527256,192
30f2df85-848e-46c7-93cd-82c3f9d81ea6,1326464b-c372-47f9-8850-927fd5f180aa,7949594.578884091,7949595.280154437,7949610.431145799,4460,200,0.7012703455984592,15.150991362519562,224
3e6580a3-0e97-42ff-accf-7bb37e5e1d8c,79338fbe-7a95-4ad0-8c9b-b64cc73ec957,7949586.579914096,7949597.928442171,7949610.4696225505,5834,200,11.348528075031936,12.54118037968874,160
3c369c95-dfd5-44b5-a8a7-4d30f10fc4c8,5f03cc52-082c-4278-836e-b69155dec9ba,7949549.580069605,7949594.365691689,7949611.045461178,6341,200,44.785622083581984,16.679769488982856,160
87e88469-c266-473e-a663-9c62f9f862c8,9c12cb33-cb8b-46f3-b54d-8d364af5f3c9,7949549.580088674,7949594.76458292,7949611.327995632,1479,200,45.184494245797396,16.563412711955607,192
09842692-61af-43b4-890c-0ab8d7f09a5b,c8309beb-8c28-45e3-97c6-0ce22870ae69,7949596.579113184,7949598.489905639,7949611.650703821,5906,200,1.9107924550771713,13.160798182711005,192
5779ab5b-31b0-4916-94cf-b66e0d742fbf,307fce6d-c2b2-4dae-aea7-ddfb228a713a,7949549.580097051,7949595.076460157,7949611.797645305,5775,200,45.496363105252385,16.72118514869362,176
5f253d3a-2dea-4649-a9f8-c00068262633,997695bc-33ef-41c6-903e-cc1112298142,7949598.57930932,7949599.991751438,7949613.110851071,2399,200,1.4124421179294586,13.119099632836878,176
9f827251-70ec-4f3d-89eb-504a6a3910ca,6a19083f-2cb9-4a28-b5a5-fe5affc36867,7949597.579027022,7949598.787161472,7949613.778519901,819,200,1.208134450018406,14.991358429193497,192
7dc2c1a1-8359-49cc-b8a1-fb58de72cc3a,675afd83-9b5b-45b7-9f5f-7e5d89f0c9f2,7949551.579111602,7949597.013311579,7949613.785067349,2868,200,45.43419997673482,16.771755769848824,176
b5fc3420-5cb9-49c8-888c-cabfe85a5bb2,2d56a9c3-5f90-4bf8-8d15-611eb4ee9fbf,7949586.579899542,7949597.192017219,7949613.8434604695,6563,200,10.612117676995695,16.651443250477314,160
a35da4f3-9e15-4da9-91c6-b260c081530b,984ff781-ca15-479c-8e06-7bd9cd701519,7949551.579093473,7949597.783120503,7949614.6615191465,3301,200,46.204027029685676,16.878398643806577,192
3e001b21-d8a7-4b2f-9cca-9599aa20adbd,a0ee44f1-f36b-4a6a-bf7e-a9a8c8f79820,7949597.579023257,7949600.484684993,7949614.888284378,5950,200,2.9056617356836796,14.403599385172129,192
2194eebe-31ba-4dc2-acc4-da13494eb907,96fd4659-a409-45b4-ac31-ac3be6cd91f8,7949587.579230565,7949598.213528911,7949614.924659538,4577,200,10.63429834600538,16.711130627430975,224
8173c8b3-f97a-441e-aa09-1a7864de98a4,21f467fb-de7c-4e1b-9293-058f066ebf57,7949593.57959462,7949595.36435329,7949615.008412324,5881,200,1.7847586702555418,19.644059034064412,176
914599b2-004e-4c36-853d-a1795902a5d5,db50af28-fa33-4f95-803d-71036af6bdbe,7949551.579118511,7949598.431552309,7949615.126084528,5904,200,46.85243379790336,16.694532219320536,176
2d14c884-669a-4742-a889-cfef33b14f92,de528792-7b2e-4008-9f06-3c9229e60e2f,7949551.57911461,7949598.657271124,7949615.311964432,1454,200,47.07815651409328,16.654693307355046,224
404ee84a-6cd5-4653-865a-1a14bd173fbb,1f137368-a8ec-4424-9209-cece0037f45c,7949587.579213694,7949598.61034835,7949615.322298779,3831,200,11.031134656630456,16.711950428783894,176
2729038d-c290-4bc5-ae45-a5d8761d5cee,0fc32f2f-3791-4f05-a896-da6268fe53f9,7949598.579361113,7949599.401061608,7949615.4722331995,4442,200,0.8217004956677556,16.071171591058373,192
7bae2042-44cc-4b3d-8880-2426af53bb5c,c3d496a4-2080-4ec5-b544-6c3443dffdf3,7949598.579335935,7949601.451493165,7949615.500562641,4672,200,2.872157230041921,14.049069475382566,160
f9a13ea2-66dd-4204-ad2c-64d1e0e82072,7a77a142-6294-4d46-b6bf-f820bc0585c9,7949551.579121868,7949598.915232956,7949615.922761361,4476,200,47.33611108828336,17.007528404705226,160
a0e7c64b-1f61-47b1-958d-932815be5fdb,850a9e15-1175-420d-83de-67148187b5e5,7949598.57935342,7949601.730310869,7949616.38649817,867,200,3.15095744933933,14.65618730057031,176
86ca08c5-05ef-4a34-a644-bb469a7637bd,08617b02-e213-4095-a1cd-ed95f33fb542,7949598.579345862,7949602.848142125,7949616.7398779765,1372,200,4.268796262331307,13.891735851764679,192
0139baec-5e36-491f-b8bf-8a82a2cf8048,386b7318-3947-4df1-8dd5-2e93abdf10c2,7949596.579120314,7949598.424750653,7949616.777583986,6011,200,1.845630339346826,18.3528333324939,160
59ba8f1d-dbf3-4c38-9193-62d0d0c42c6c,02040ade-ed2d-491c-ad7f-c7feac81e298,7949593.579598856,7949595.45976866,7949616.844162339,998,200,1.8801698042079806,21.384393678978086,160
3eefd61e-5672-4e53-a32d-185b394e4abe,d00c697d-7ae3-4f63-8c46-74cb115fcffb,7949551.579104627,7949600.691201607,7949617.519594501,5875,200,49.11209698021412,16.828392894007266,160
3630cadb-178c-437e-9b0e-141bef3e9e55,643c4d15-0574-4bb2-a238-eb5212ad6aff,7949551.579108131,7949601.408638983,7949618.314854789,6654,200,49.82953085191548,16.90621580556035,160
1039c64c-a726-4670-a278-ef309d8c9073,db793246-9873-488a-8c36-68b6c758735d,7949587.57922711,7949602.2564726705,7949619.335707343,1990,200,14.677245560102165,17.0792346727103,224
454e6719-2a31-461e-a871-7c271102c8a1,d8a397bc-57f7-446c-afd5-6ed41a735419,7949598.579368273,7949599.785301207,7949619.625831231,1723,200,1.2059329338371754,19.840530023910105,192
c878ad82-4d36-4ec9-ba79-93df65a3bab9,00049226-a856-4e37-9f5a-1aec0d5a0b20,7949602.579272652,7949605.059925146,7949620.796751715,5930,200,2.480652494356036,15.736826568841934,192
4a3fe979-5911-42ec-873a-226839d84155,74a8d097-f062-41b6-8205-d784bb153261,7949597.579008016,7949599.68406838,7949621.093146788,1925,200,2.1050603641197085,21.409078408032656,160
2afd20be-2a72-4c8d-b53e-53de3d0a3c8e,ae04581e-61a3-4e13-a5d3-988c330d8c3d,7949604.579739666,7949605.986413342,7949621.349003578,2153,200,1.4066736763343215,15.36259023565799,2144
cd9ec02c-e7c2-4c86-9d65-1087a18609bc,13dd03df-0d85-4dae-9b18-42a81e6fbe95,7949600.579587336,7949601.982526365,7949621.903489891,5787,200,1.4029390290379524,19.920963526703417,224
eeb72e24-7a50-45a4-9fa9-5ee6f9139cff,0a0896da-1e20-4a06-9b7c-c33d45fcd843,7949599.579316181,7949601.449911036,7949622.118928208,5845,200,1.870594854466617,20.669017172418535,176
b62e3830-544e-48c9-9b37-437d77481547,31895786-fe4a-4634-bd10-354266c7cf14,7949604.579747915,7949606.287591259,7949623.061965777,2589,200,1.7078433437272906,16.77437451761216,224
89ab674a-c804-48e7-882d-c6baeb6b5690,02266e03-2387-4a93-80ac-e63ccdb91f20,7949604.579726814,7949606.636764294,7949623.126596373,3756,200,2.0570374792441726,16.489832079038024,176
7c6272bf-edf1-4a47-9c4a-caec20993fc7,1cc89369-2782-418c-93f1-6fd3c276dc1b,7949600.579584163,7949603.401851796,7949623.356677238,6734,200,2.822267632931471,19.954825442284346,160
e6d020a9-1de7-4061-a862-89516bcc8626,8deb1987-ae66-48b8-ad82-ef28a801bdb8,7949600.579566833,7949601.000694812,7949623.743906506,1380,200,0.4211279796436429,22.743211694061756,192
98b1c36b-1075-449d-966d-cdf00e828bb4,e38ecf53-d2a3-434b-affd-1afb07135ae3,7949604.579735975,7949607.9883338995,7949623.887933852,6231,200,3.408597924746573,15.899599952623248,176
f5492fc9-7256-47dc-b02d-a4fd15762705,c2cf61e6-40f9-49e5-a7f1-e24130e70596,7949600.579594197,7949605.333732676,7949623.91529087,5912,200,4.754138479009271,18.58155819401145,176
78bbeb9b-8464-4ae5-9b89-45d1c293b494,4e2cc355-6767-4d58-af18-665591a2617c,7949606.57957109,7949608.529853276,7949624.355559486,2864,200,1.9502821862697601,15.825706209987402,192
5176ab71-a68a-4683-b7b1-6e60cd5afe9e,db1fb291-ef7d-478a-9b73-48146f6a8cd5,7949555.57972746,7949607.843416306,7949624.496101101,5866,200,52.26368884649128,16.65268479473889,176
9ebd09be-f8d9-4dcd-b51e-dd0d62f94742,e6be09c1-fa3b-4068-bb5c-67fc12b79ea8,7949555.579717863,7949607.845899681,7949624.501433098,5846,200,52.266181817278266,16.655533417128026,160
40c1eaad-e168-42dd-9990-d154ef3c193e,b445a6a6-6bdc-421a-87f2-2617512f76b6,7949606.579600165,7949608.579240939,7949624.762408779,840,200,1.9996407739818096,16.183167840354145,192
fc9990c3-b65c-421b-8db8-dca807b608aa,f48f3c83-7b8a-45e5-a0fa-74a6e92599d8,7949602.579261168,7949606.658533866,7949625.009384764,5894,200,4.0792726976796985,18.350850898772478,800
6b899f41-13fb-4afb-967b-d6857f827265,8e505307-8830-46b2-ac68-84a7d5dbd9a0,7949606.579583233,7949609.2869199375,7949625.0197339635,2570,200,2.7073367042467,15.73281402606517,160
074b4cc3-582f-4ded-90c8-2174b35f0bcd,9cc9f7c7-21b6-4049-9427-8e83dd93cba6,7949606.579596787,7949616.338095997,7949625.656818191,5753,200,9.758499210700393,9.31872219312936,176
625b8f55-74a7-4d21-8745-fb3dc02024b3,7c8adab7-544c-4106-916a-d86d02536d30,7949606.579586897,7949610.829455514,7949626.3480569,5844,200,4.249868617393076,15.518601385876536,176
b58d563b-c494-4676-b648-ef248bf1834a,09007909-7dab-491c-8fb3-4217da4439a6,7949610.579237075,7949613.024170145,7949626.359099822,1881,200,2.4449330708011985,13.33492967672646,224
2c125a2a-8150-491e-ba41-739b64d0e24b,b1a5a57a-6ed3-4161-976b-550b8607a896,7949606.579593788,7949611.152245071,7949626.666476085,5506,200,4.5726512828841805,15.514231014065444,176
029b9fbc-ce39-4294-a95c-62db05118aae,072cf49e-ac0d-4d29-b3db-cf9253ebe3e7,7949555.579733885,7949610.149603128,7949627.0400689505,4844,200,54.56986924353987,16.890465822070837,176
ea4c612a-f6c8-43b1-b7b2-cdb90dbfbb44,a88040f4-3d46-4ddd-9db3-d9cefb577c4d,7949606.579590284,7949612.191862429,7949627.568304086,5862,200,5.612272144295275,15.376441657543182,192
378e342e-3e6b-41e9-8520-39d1fd846021,a30e4ed2-239e-4a1d-86d1-60a097e7cf74,7949555.579731176,7949610.914543201,7949627.914446287,5313,200,55.33481202553958,16.999903085641563,160
195e40c7-a671-4643-b8d8-e0b6fa0f0979,6e066633-fcb0-417d-94ee-a9864bbdaa41,7949600.579578023,7949601.201371319,7949628.30485505,6408,200,0.6217932952567935,27.10348373092711,6400
c3f980bc-a00d-4d34-8cb4-c549b822338c,51d7aec4-2dba-42c1-8f75-3193d8c9b3b1,7949556.579108186,7949611.422588536,7949628.671458735,389,200,54.84348034951836,17.248870199546218,176
d0f48b9e-d657-4411-aa3b-730bc3a02feb,2375aed9-bf2b-4d31-b02f-4651375f6697,7949610.579215932,7949611.126189313,7949628.686422516,1016,200,0.5469733811914921,17.560233202762902,176
4105afb1-88ae-4c45-8e1e-f070c074f50d,0fd4279a-26c5-4067-ab88-75febf63597d,7949605.579247999,7949611.579777744,7949629.602897414,5774,200,6.0005297446623445,18.02311967033893,176
c684c61c-a075-4270-8776-ac2bdac99709,899c2615-9ae4-4ce5-91c4-b802b05ed50e,7949557.5798538,7949612.482692744,7949629.713371412,1897,200,54.90283894352615,17.230678668245673,16
438d4686-ce5e-4ec8-a44e-2820715744fa,601ebb0f-02ad-42e7-a626-7ebef638a847,7949557.579851351,7949612.801826896,7949630.251327142,5853,200,55.22197554539889,17.449500245973468,192
763f7741-1684-4bf2-8ba7-db53bfa88017,7ed7ebb9-c4ac-496b-a503-cbbd0dad0d9e,7949608.58025825,7949615.415961899,7949630.33745016,2171,200,6.835703648626804,14.92148826085031,160
ddca7a6e-868a-4f21-8f03-67466f1d9e3e,0f610880-6ddd-4017-bf17-27f18caf55cb,7949608.580274144,7949616.131232293,7949630.801255614,5315,200,7.550958149135113,14.670023320242763,160
d539fdb0-d3c5-4474-aee5-939ef152aaa7,7262c41e-02eb-45c0-b19c-64f63c95cfa5,7949610.579220043,7949614.119801203,7949630.930988615,5131,200,3.540581160224974,16.81118741258979,176
705236ac-ab5d-423c-9141-20f22dd07b62,e75457ed-6df5-4031-9265-1be7e8cbd160,7949608.580278465,7949616.655150289,7949631.140870392,5143,200,8.074871824122965,14.485720103606582,176
65ccc8c1-a23f-4007-b2e0-41e3b8d7ec21,bfd5456b-00d8-4af0-b7ca-9b61915339b8,7949559.578994906,7949613.789624499,7949631.351683903,2246,200,54.21062959358096,17.562059403397143,192
433c3f7e-0a0b-4c7b-8cdd-373861fe0977,06d076b9-40b8-4297-8b75-54eca6130a42,7949612.578920248,7949617.710231772,7949631.65993177,2570,200,5.131311523728073,13.949699997901917,160
841aa08b-970d-44b2-9609-4e06400c511d,5974b26c-9c91-4e54-8f64-6f0a30771880,7949615.579291765,7949616.426133734,7949631.784917016,5662,200,0.8468419695273042,15.35878328140825,1264
241222b7-9377-4cfb-9211-711f7edef27f,57653307-c6ff-4c87-8138-1533b53900a3,7949612.57893933,7949618.451458484,7949632.282225583,5955,200,5.87251915410161,13.830767098814249,160
ad8f50af-73aa-464e-9d7c-90fdd0f00fd0,6f90c4ab-65aa-49a6-ba03-ccb6cd74af3e,7949559.578998316,7949614.851657427,7949632.350058008,5729,200,55.272659110836685,17.49840058106929,176
e70ccf4d-758d-4b4b-b1d9-60fbbcaacfac,dfe44e20-e90e-41c0-877e-c3fbc36bc1f8,7949625.579024457,7949626.967796875,7949632.530653819,1250,200,1.3887724177911878,5.562856944277883,224
b63222e0-0330-40fe-b95c-0527348d1314,81cbfa98-5491-4e8d-8566-7ecb5f746ab3,7949559.579007955,7949615.314540251,7949633.00895767,5171,200,55.73553229589015,17.694417418912053,160
9517a130-8b36-4ea5-b525-907dd9deb0d1,9ae48b4d-09e7-477a-96c8-ee9b319e707d,7949559.578983483,7949615.929379454,7949633.695293814,3963,200,56.35039597097784,17.765914360061288,160
7b9f9abf-30b5-4ca1-8757-01c5e2e0362e,67a0b975-184d-4abe-91c9-e84646d0b743,7949602.579277337,7949605.950048493,7949633.907984543,2560,200,3.3707711566239595,27.957936049439013,192
48174fd9-913f-405a-848b-0ac3043fc32b,f21c3799-f3ff-498f-be2e-8982bdfe2ecd,7949626.579204268,7949627.004273576,7949633.919003817,1204,200,0.4250693079084158,6.914730241522193,192
6481f1fc-0731-4852-844a-5152bdeaff98,48f00f11-d6a7-4d60-b710-9751910c2b29,7949559.579004962,7949616.663886382,7949634.797374295,5084,200,57.08488142024726,18.13348791282624,176
36166802-a70b-477c-b5f1-69489ed782eb,1cda0d46-618b-4b7a-b957-319fe6d96516,7949614.579602311,7949615.741395314,7949635.114130071,6315,200,1.161793002858758,19.37273475714028,192
9ca29e65-1853-4619-a04e-c9c50941d2b8,0883483d-ba52-4103-b119-afeaa09302ef,7949612.578942659,7949623.320421326,7949636.555965186,5919,200,10.74147866666317,13.235543860122561,192
b6f958a7-1fbe-4b3a-a6e6-b86785fe3009,16c13356-28d3-47de-b107-a5a7029a64ab,7949619.579467868,7949621.480672502,7949636.570029609,5827,200,1.901204633526504,15.089357106946409,160
9d357dcb-10de-4c75-a437-d0d75085d64c,844a87c7-258d-4606-b701-dd25f9c331ff,7949627.579400062,7949631.1456435,7949636.705149891,5824,200,3.566243438050151,5.559506391175091,160
5d9c5741-8d14-4896-b51e-c0eda996b859,7a77a142-6294-4d46-b6bf-f820bc0585c9,7949612.578931981,7949624.262198822,7949637.089884399,4682,200,11.683266840875149,12.82768557779491,160
5b1f9056-33df-4f57-ab5b-9039c9de9816,a9ee696e-7782-458b-b0e3-a5f993f4a8eb,7949612.578935995,7949625.108363601,7949637.331121603,5835,200,12.529427606612444,12.22275800164789,176
f64ef575-999b-462f-9b71-c87306d5e010,a4910820-870d-4238-922d-93ffdf3d500c,7949614.579595565,7949617.77782116,7949637.386512656,1083,200,3.1982255950570107,19.60869149584323,160
84d7c412-c5e3-48fd-8721-3e05b8626e6d,d8a397bc-57f7-446c-afd5-6ed41a735419,7949632.579508162,7949633.053800092,7949637.595622373,1889,200,0.474291929975152,4.5418222807347775,192
be7d2eda-1471-4e02-936d-bf913d42ecc3,f48f3c83-7b8a-45e5-a0fa-74a6e92599d8,7949632.579511395,7949633.310185881,7949637.708949692,5894,200,0.7306744866073132,4.398763810284436,5888
18b5441a-b135-44b7-98b4-75cc8f2fa0d0,ba46ec63-d117-43af-a082-fdb05a1381df,7949614.579592326,7949626.821223016,7949638.269840277,2404,200,12.241630690172315,11.44861726090312,160
9bd1b1c3-b173-42f4-afa5-7d35b618a153,173d8474-31a7-49c9-a766-796c9ce56475,7949617.579786474,7949617.977686835,7949638.312660755,1749,200,0.39790036156773567,20.334973919205368,256
09e867b0-9bbc-4927-99cf-b2c89069a2d3,850a9e15-1175-420d-83de-67148187b5e5,7949633.579481421,7949634.157051462,7949638.436470734,867,200,0.5775700407102704,4.279419272206724,176
811323ed-eaf3-4ef6-9faa-49c3b6799429,6cb10242-0337-4e8a-86db-9b44b95dfbe1,7949617.579775736,7949618.63024013,7949638.560527951,5994,200,1.0504643945023417,19.93028782121837,192
a4cd4cf5-b1ec-4327-afdc-31f98975522b,e1a9d263-ac30-4000-851a-1dbe52fb62c1,7949619.579480683,7949622.231875967,7949638.645618464,5945,200,2.6523952838033438,16.41374249663204,176
e48074d2-ac99-4d94-9a9b-e93554c10b36,844a87c7-258d-4606-b701-dd25f9c331ff,7949614.5795693,7949626.926690633,7949638.6715087695,5824,200,12.347121333703399,11.744818136096,160
f3259d6c-15a4-4631-8c9b-d71049e7b944,e3dd554f-367d-4384-ab25-a1c69ce5e46b,7949614.579585566,7949627.098668682,7949639.089784047,938,200,12.519083116203547,11.99111536424607,176
e4e46b49-ff00-4a95-a593-96453f7b0917,743da0c7-ad95-4639-a69e-c87954fbf45a,7949619.579483915,7949623.080450616,7949639.291483621,5775,200,3.5009667007252574,16.21103300526738,160
0106c0f2-622c-41a2-8ef3-b769b6b76b5d,43515880-6b47-44ce-ad5a-c143292b1649,7949617.579789984,7949619.324896441,7949639.413333201,5970,200,1.7451064568012953,20.088436760008335,160
522d8fb4-d2a8-4780-8ffe-5ddff8e166b9,d7d8b6a7-fa09-48cf-8e94-8659d578b8ed,7949617.579792772,7949619.778050649,7949639.594824244,4326,200,2.198257876560092,19.816773595288396,16
23374a7f-3d01-4a62-92d7-55589c35385b,20137c1a-ca8a-4457-a308-ac224059e1dd,7949610.579204944,7949619.15715367,7949639.600563103,5395,200,8.577948725782335,20.443409433588386,176
6259fc98-0338-4714-ad06-9fef4523fe80,6e7cc52a-11de-432c-9428-ed0bba4d276d,7949614.579581983,7949627.570210355,7949639.651258537,3961,200,12.990628371946514,12.081048181280494,160
9b2fa001-158d-4f13-8f06-97620cda1d18,3a3d8f95-20e5-48e9-a332-7a0c444f6704,7949633.579466649,7949635.405351657,7949639.894442168,6050,200,1.8258850080892444,4.489090510644019,192
ae18f9d6-ae8d-4e08-90f5-29fd04d3c75b,f8e43d47-46b2-48cc-9573-4488e6fb8e5c,7949614.579588681,7949627.93800142,7949640.185351045,4617,200,13.358412738889456,12.24734962452203,160
9092cc65-1676-49fa-b7ac-2c2bd20f9cd4,45e7f1a3-6b50-4b00-bff3-e4a8f31e6793,7949634.579237323,7949636.129795147,7949640.542808875,3681,200,1.5505578238517046,4.4130137283355,1616
b89e8021-79f4-4903-bd41-965242f9f0d3,4131e3cc-5480-4d8c-9fef-c2f6acff68e7,7949561.579453659,7949622.36911582,7949640.88392062,4362,200,60.789662160910666,18.51480480004102,176
8af95b5f-2d18-4b77-9954-0d31dd58951b,c1aa437d-4a45-48f5-a4ba-fefa5588951c,7949618.579975644,7949620.672957813,7949640.920361996,4586,200,2.092982169240713,20.247404182329774,4352
82a0156d-3b78-4f35-9ff4-79709466f44e,9940ade6-df8e-4926-b7e8-edcbc08851ea,7949561.579461454,7949622.45839976,7949640.976805186,779,200,60.878938305191696,18.51840542629361,192
8a7c7445-3832-4217-ae76-10af07f89482,b9059ca1-41f6-4bb2-a78c-89f60ec16a23,7949614.579599274,7949628.029545663,7949641.083797407,2513,200,13.449946388602257,13.054251744411886,160
71ea6b35-bdb3-4b9c-8891-5de60819e0e2,bf3a7d1e-40e8-4b20-a579-3cab0072fec9,7949561.579457748,7949623.034426126,7949641.569218325,4685,200,61.45496837794781,18.534792199730873,176
d9624317-c08b-48c0-b2e1-e39f1b5c05d2,173d8474-31a7-49c9-a766-796c9ce56475,7949561.579441007,7949624.463106496,7949643.145318957,1704,200,62.883665489032865,18.682212460786104,0
32f77395-f962-4df1-96bb-7d287920d79b,739e8356-c265-49a3-95cc-6cf7925072f8,7949630.579854205,7949631.564446236,7949643.166790403,4430,200,0.9845920307561755,11.602344167418778,176
a47b4204-4138-47f5-8823-a146d1c21fdc,e10a6047-966d-41f5-9abd-eada18afadd3,7949616.579563009,7949629.523725673,7949643.648175996,2028,200,12.94416266400367,14.124450323171914,176
d8d6f5d9-ea15-4f3f-926e-caa82dc532d9,538295df-2f0a-4085-8670-42fd0748d463,7949638.579602163,7949638.947373379,7949643.678045959,424,200,0.367771215736866,4.730672580190003,176
74e50536-99fe-4cbd-afe8-7baf03ce6675,a4f0c701-3c40-428e-a46d-38a2479e43d2,7949616.579552403,7949629.722951738,7949643.850862563,5936,200,13.143399335443974,14.127910824492574,176
e0315d2e-54ac-4732-92e6-4325083e8dc5,173d8474-31a7-49c9-a766-796c9ce56475,7949638.579615867,7949639.250358949,7949645.459203211,1737,200,0.6707430826500058,6.208844261243939,1728
831bca70-59ef-4d7a-acf9-d32d2f86f534,d9b5ce8f-1f03-4b93-af09-4e750c6473c8,7949638.579612009,7949639.813153676,7949645.634192589,4103,200,1.2335416665300727,5.821038912981749,224
0083d6ec-3ebe-4d56-8674-ce6e9685fd6c,b325fd77-fdfe-41e9-a0ff-794363903698,7949640.579178186,7949640.933383642,7949645.966954133,1830,200,0.3542054556310177,5.0335704907774925,160
9c483d17-3e63-44b7-816b-848561335719,05e2aea2-3e77-4091-acf4-2b43e9372008,7949631.579888098,7949633.477494941,7949646.422639529,4224,200,1.8976068431511521,12.945144588127732,224
085424af-5ed3-4ec5-8335-875b17b7c422,08617b02-e213-4095-a1cd-ed95f33fb542,7949618.579987123,7949632.913818206,7949646.54378648,1491,200,14.333831083029509,13.629968274384737,192
c5947a56-1a04-4703-a83f-90f5b3e75ac8,27d34d22-9260-40a3-99e2-e20e86c4cfe7,7949639.579595902,7949641.145724493,7949646.682236599,3319,200,1.5661285910755396,5.536512105725706,160
a726d41d-bcbf-46a9-a58b-0365077447ae,4181337f-4f55-4fd6-8fbd-e067aaaaebe3,7949639.579572874,7949641.91220117,7949647.3165157745,5744,200,2.3326282957568765,5.404314604587853,176
c03cff7f-d505-4851-810d-88691ff52358,17f52023-20f0-4ba4-8129-16c153a0bb0e,7949563.57980706,7949629.081304781,7949647.512563913,4139,200,65.50149772129953,18.431259131990373,160
c9427d5a-274e-4f88-ad06-605d1d90c445,4caafacd-2ab0-4466-94b7-7cb54f0a4414,7949630.579858376,7949636.058587079,7949648.491200312,929,200,5.478728703223169,12.432613233104348,176
2e090618-b97b-4506-91a3-cebc7b2178b1,8205a582-0870-4530-86d0-ed900328ac62,7949638.579618511,7949641.859405378,7949648.661137475,5847,200,3.2797868670895696,6.80173209682107,160
92bcbbbe-d33e-4772-bde1-357525d5d7ab,f17a4867-8187-4bc8-b761-c5e2f43461f5,7949563.579803854,7949630.665359258,7949648.821800887,5912,200,67.08555540349334,18.156441628932953,160
0c024b43-d23e-409d-89a2-fa75fd0f1e9b,bfc78a92-84e5-4fdf-8b1d-913c94a11821,7949641.579227407,7949643.916579973,7949649.081993118,3998,200,2.3373525654897094,5.165413144975901,192
c61a9747-ab07-478f-838a-c76ec5cf034e,ae04581e-61a3-4e13-a5d3-988c330d8c3d,7949643.579797867,7949643.916615161,7949649.084050843,2001,200,0.33681729435920715,5.167435681447387,1984
252a8ccf-4dd2-4e6a-b573-0801da0d6e74,732bab4a-94d1-4943-bfac-f7dea0eb73d0,7949563.579813317,7949630.939655447,7949649.112335528,5312,200,67.35984212998301,18.172680080868304,224
4435796b-a44e-4782-8409-25eb34eecaad,715e64e0-0181-41a0-b6a9-c164d566d676,7949563.579800287,7949632.01322408,7949650.23178293,5781,200,68.43342379294336,18.21855884976685,176
a6a70d8a-a0eb-4142-8061-f69b75bf9625,2a455136-68a7-4f2e-ae04-e584f979ee34,7949631.579899588,7949636.457846364,7949650.516582578,4746,200,4.877946776337922,14.058736214414239,176
a3065e4c-2010-4c59-b986-54b87c39c211,2c2590bf-7735-4068-8406-2d47707168ea,7949635.579220407,7949637.0415520035,7949650.943112405,4473,200,1.462331596761942,13.901560401543975,160
68dbaf83-baa4-488d-a3b5-c21f02da5b04,e658362d-729a-4a31-b36a-536cd076959f,7949563.579810139,7949632.732925899,7949651.0312418,754,200,69.153115760535,18.29831590037793,224
5c92f821-4606-464a-8717-cd1f0c0d8bb8,6a0ac87a-e917-4b52-bf8d-10689801e4bb,7949563.579789612,7949632.7369130775,7949651.038167364,2189,200,69.15712346509099,18.301254286430776,192
26c4da00-d47c-44f5-9f70-37052b613c67,119381d5-69e5-4c08-b438-534c58547839,7949643.579801427,7949644.724121992,7949651.082279335,1230,200,1.1443205643445253,6.358157343231142,192
724ea197-f8ca-455a-9c9d-0a7eac1c9226,111c6cc9-e819-42ff-9832-16defc59e0da,7949635.579239089,7949637.953276668,7949651.456612073,6167,200,2.374037578701973,13.503335405141115,192
00ae7d18-7475-4d7c-9e75-6feff75d5482,47b3760c-0084-40cf-8343-7f22faad50d5,7949640.579162858,7949641.015919257,7949651.564182298,367,200,0.4367563985288143,10.548263041302562,192
52e97782-f97d-4630-88a0-a15485be938f,dfe44e20-e90e-41c0-877e-c3fbc36bc1f8,7949645.578921604,7949645.884148133,7949651.69624994,1514,200,0.3052265290170908,5.812101807445288,1248
686c5b12-aa0c-46a6-ab09-f9756615f019,43515880-6b47-44ce-ad5a-c143292b1649,7949645.578929049,7949647.253128804,7949652.255157852,5908,200,1.6741997553035617,5.002029047347605,720
95de30f5-9b5f-42a7-92f0-baff4352baf0,601ebb0f-02ad-42e7-a626-7ebef638a847,7949635.579232664,7949639.124079846,7949652.680377555,5906,200,3.5448471819981933,13.556297709234059,192
e2dd4e1b-12d4-4551-9962-814c57d72d9b,93f972a6-65ef-4743-aae5-aab226f65263,7949646.579695823,7949648.7634560885,7949653.869268014,5905,200,2.1837602658197284,5.1058119256049395,224
1bd2cd6a-74ca-48af-9106-862cbcdbac43,91e22163-b1ce-41e5-803d-070d44488e41,7949645.578935939,7949648.509839081,7949654.099826817,5866,200,2.9309031423181295,5.589987736195326,192
4e7186a8-a185-4c01-ad79-fcd5f0a58627,a6d693f0-8426-4cd2-a4b0-43616e67e856,7949648.579920641,7949649.542266725,7949654.181052816,5948,200,0.96234608348459,4.638786091469228,176
2913ab6c-7748-4380-8fe5-9be63b29e58a,6e066633-fcb0-417d-94ee-a9864bbdaa41,7949635.579235953,7949640.657531256,7949654.96289829,6441,200,5.078295302577317,14.305367033928633,192
24630820-2649-428d-9a14-0dec316e81ae,6765a657-895e-4f86-948f-60d5c92ec33b,7949647.579149508,7949650.523093593,7949655.652066881,5992,200,2.9439440853893757,5.128973287530243,176
95f6beef-dd73-44b1-8ef5-41eaf2e089cf,0883483d-ba52-4103-b119-afeaa09302ef,7949640.579181164,7949641.997314932,7949655.652111024,5755,200,1.4181337682530284,13.654796091839671,464
2b6efec1-205e-46ac-971f-1a53fb446373,029edadb-b234-4d39-a619-c56cc85e964f,7949650.578970463,7949651.021397299,7949656.06994038,782,200,0.4424268361181021,5.048543080687523,192
1becd0f5-631a-4ea2-af27-4db5cc4defb3,57965c9f-d1a7-428f-b691-aa12d95ea40d,7949640.579175089,7949647.458948621,7949656.147747962,6037,200,6.879773532040417,8.688799341209233,192
521a9db3-2326-42ef-818f-5b4794503b2e,ba04113c-f39c-42e2-9942-9e943a5f3a91,7949642.579201746,7949644.276577729,7949656.912793323,999,200,1.6973759829998016,12.63621559459716,192
d931b91d-8153-4286-95b4-11a2d6647458,6c222109-f6f2-46ba-8c2a-fa24376d9683,7949642.579211221,7949645.2898578355,7949657.35583697,752,200,2.710646614432335,12.06597913429141,224
78ff1b96-0897-4778-aa9c-23b688a70035,7c8adab7-544c-4106-916a-d86d02536d30,7949642.579214513,7949645.9426632095,7949657.526835296,5823,200,3.3634486962109804,11.584172086790204,176
ce6ef25f-4503-4f65-b778-2ca59883be39,169bfd1c-b54b-4a03-b40f-5a304abd2cb8,7949642.579205548,7949646.165287291,7949657.620719514,4486,200,3.586081742309034,11.455432223156095,224
2fe0a452-1e77-4a0d-a266-55d123e7a96c,e724a820-5b7a-4218-83e7-e044ebcbf913,7949642.579208489,7949646.9126622565,7949657.881032225,5768,200,4.3334537679329515,10.968369968235493,176
ef22a094-5b18-413d-b1d6-a3b5d6bf2a57,fd66c258-5859-4553-99da-0f386f57432c,7949644.578974167,7949647.188785137,7949657.980300609,4292,200,2.6098109697923064,10.791515472345054,160
6644f064-6d25-41ce-91f7-17c3aa6ee09a,c5e22b01-38e1-4860-9ec4-994c6de81085,7949646.579680837,7949647.461052934,7949658.223739637,658,200,0.8813720969483256,10.76268670335412,160
0cdc3ea2-191f-4809-94be-b77d9c856399,02040ade-ed2d-491c-ad7f-c7feac81e298,7949651.579384917,7949651.847677532,7949658.559055436,1193,200,0.2682926142588258,6.711377904750407,160
99426c1b-3d22-4d01-b32a-da19cb73db28,844a87c7-258d-4606-b701-dd25f9c331ff,7949644.578984951,7949648.249823042,7949658.65488766,5824,200,3.670838091522455,10.405064618214965,5808
a7825e76-3ebb-4a6b-af05-6f8646057933,160f0c9e-f577-4da2-b81a-1b98824a8dfa,7949571.579034477,7949642.171576007,7949659.279321672,6025,200,70.59254153072834,17.10774566512555,160
3b4ee1ab-dede-4519-861d-86ac69954b06,e658362d-729a-4a31-b36a-536cd076959f,7949652.579467531,7949653.377306624,7949659.385085409,1143,200,0.7978390930220485,6.007778784260154,224
e4e66669-1a86-4716-baa7-ad09b2bc5951,f9b63fbd-926e-4b5a-a306-1e20c2f21778,7949571.57904522,7949643.043455721,7949660.1191768525,4763,200,71.46441050060093,17.075721131637692,160
d64950cf-f818-4ed5-bc65-ec60d45ee669,5081ad02-1e94-429c-b756-848bd4f73416,7949571.579039709,7949643.142120165,7949660.207793883,503,200,71.56308045610785,17.065673718228936,224
c869a298-240c-4cc6-8b02-e700e68b2011,3047d0dd-5a9d-4d90-be11-b1eb806c0a55,7949643.579783698,7949646.225463674,7949660.230855422,5920,200,2.6456799767911434,14.005391747690737,160
4c2bed5d-f1d4-4135-ba23-f3abe15fb16f,0c5040f1-c2d1-426a-938c-7f9a128ef1a7,7949571.579037467,7949643.234776888,7949660.305493496,6468,200,71.65573942102492,17.070716608315706,192
d955edeb-7273-4935-add8-13ba37e01898,1326464b-c372-47f9-8850-927fd5f180aa,7949652.579479036,7949653.968159408,7949660.3981452985,4720,200,1.3886803723871708,6.429985890164971,3376
509ec889-72aa-4e7b-9444-3ce5b64323c6,20dfea16-8046-4ede-8ea9-42a56d65cfbd,7949571.579042232,7949643.511779134,7949660.609988291,1805,200,71.93273690249771,17.098209156654775,176
1cdd7f82-779f-4e33-8434-6f7cf0c07a03,32379e4f-c52b-4533-87e4-7ccbc01e4871,7949571.57904774,7949643.697417644,7949660.781350368,3224,200,72.11836990341544,17.083932723850012,176
2c78612f-2189-450f-8991-da7cdc5238ae,95e47ed3-e422-4bf8-a2f8-ba075c7ef290,7949573.579301515,7949643.79472678,7949660.882012502,1735,200,70.21542526502162,17.087285722605884,224
ddf1d3a5-4ef1-4651-8662-48c6dd653ab8,7ed7ebb9-c4ac-496b-a503-cbbd0dad0d9e,7949651.579394129,7949654.174973928,7949661.061648667,2394,200,2.5955797992646694,6.886674738489091,160
9664699c-6118-4678-9009-3eb94815f256,0883483d-ba52-4103-b119-afeaa09302ef,7949650.578960738,7949652.837865146,7949661.407845082,5861,200,2.2589044077321887,8.569979935884476,464
e86447cb-f5a5-43c3-86ff-10c41b5010be,3e53059f-27ed-453d-a3cb-045b4aa7f847,7949650.578973744,7949653.447830394,7949661.850369425,4574,200,2.8688566498458385,8.402539030648768,224
7d7c3017-d607-4828-9cf7-eaecf44189e8,c1b43029-4936-4724-8836-95afb9ebd00b,7949654.579802854,7949655.642763798,7949661.882577782,1972,200,1.0629609441384673,6.239813983440399,192
6ebf835b-4e39-409d-8253-67e835bb9a31,27d34d22-9260-40a3-99e2-e20e86c4cfe7,7949654.579816954,7949656.162706849,7949662.111813673,3307,200,1.5828898949548602,5.949106823652983,3296
2dc05e3f-8a76-4975-aa68-b10570f2e8b9,4a4b9580-1d15-458e-9b7f-fe574dea6d90,7949573.579312421,7949645.136002401,7949662.3952686,1968,200,71.55668997950852,17.259266199544072,176
01917fde-ccc8-4ab5-9c63-421c9d7d9a13,61cae5ad-d7b0-41c4-92bc-de60edf75dee,7949650.578976368,7949654.4282465605,7949662.697730288,5815,200,3.8492701929062605,8.269483727402985,224
1bada467-94af-4dd3-b1d9-516159c4ce94,c224457b-5ee5-41ff-ab1d-fe153a463ef1,7949656.579527973,7949657.3459785925,7949662.868767601,3533,200,0.7664506193250418,5.522789008915424,160
5b98aa12-6da6-48b2-afd3-5439b990ed3e,808d4138-729b-4276-b0a1-bb598e185260,7949654.579820294,7949656.238946119,7949663.02662925,316,200,1.6591258253902197,6.7876831302419305,192
1eab6cf2-7c5c-44fb-a43b-4657f68ea5ed,0f5c7ba8-c71a-4b78-90ce-c0b89f309981,7949646.579689299,7949648.134718345,7949664.20353121,401,200,1.5550290457904339,16.068812865763903,288
7122e0d2-a355-4f17-8f8f-ce122a8ee307,818f34b1-81e6-4dc9-8896-079af3a673ea,7949655.578909114,7949658.50350213,7949664.2972262325,5503,200,2.924593015573919,5.793724102899432,192
e36972f5-cf8b-47a5-a442-5b56d01c095b,657ec69d-2850-466b-9d84-480d9f1b5621,7949647.579154308,7949650.518356822,7949664.723638328,2798,200,2.939202514477074,14.2052815053612,160
8dd57091-4117-4f4a-a5a0-505fab0016ac,7843ac22-2747-424d-a1ac-f880330f244a,7949647.579136021,7949651.222272934,7949665.43217655,4786,200,3.643136912956834,14.209903615526855,192
4f279467-8969-47fb-8466-c5116b2b74c3,f930fe97-9b9d-4eda-a442-77a83ed574c8,7949656.579512248,7949659.743469717,7949665.673972115,2856,200,3.163957469165325,5.930502397939563,160
c75cfdf2-b7cb-41e8-9d69-2d7bc11f7c52,0fd4279a-26c5-4067-ab88-75febf63597d,7949659.57951676,7949659.842907938,7949665.704374805,5929,200,0.2633911781013012,5.861466866917908,5744
3fc53158-ae26-4adb-a0b6-f593d1473f14,2f05deee-6ad5-4e5e-aa8d-17b94344b163,7949646.579702224,7949649.177035586,7949665.946426842,5696,200,2.597333362326026,16.76939125638455,224
c95feb2b-0d57-4be2-8e6e-680ef9c1b3e6,a0ee44f1-f36b-4a6a-bf7e-a9a8c8f79820,7949656.579538701,7949660.507587024,7949666.288506755,5950,200,3.9280483229085803,5.7809197306633,192
b1d7725b-4c18-4267-b49b-cee39b17c7b9,1cb4cd2c-3d59-46ce-8a93-0db347afede8,7949575.579785286,7949649.21351846,7949666.424120632,1796,200,73.6337331738323,17.210602171719074,192
e5bb3bd4-7886-4984-8cc9-0b4ae0f84b1f,2b0b6d27-8a7f-458e-8a26-26ecad67cecb,7949575.579798408,7949649.909873119,7949667.05054426,2618,200,74.33007471077144,17.140671141445637,16
aee84825-8bca-4f88-a9ce-afd34f84b824,f08a5a98-ba52-4eb6-9dfc-c3e02b3c3c96,7949575.579805498,7949651.036252916,7949667.961834648,5867,200,75.45644741784781,16.925581731833518,176
0eb5e54b-76b5-4410-95ba-cca2709f2a5c,6e324056-7897-4c8b-93de-3f0d2871a1a9,7949660.579038246,7949662.319025374,7949668.17694541,5934,200,1.7399871284142137,5.8579200357198715,192
8f7605ee-e599-440c-aa44-997111501b9b,cef881df-c2a5-4400-b32f-b3f0ea1210d5,7949650.578978913,7949655.888145063,7949668.314091143,5764,200,5.309166150167584,12.425946080125868,224
ec6ee10d-83a4-4c83-8355-0a91cf43bb3f,1fa5ccae-f241-4f75-a21b-4d320e2b4228,7949661.579017434,7949662.926156646,7949668.387332256,6566,200,1.347139211371541,5.461175610311329,192
84cd8234-c59f-45b3-92b3-1690912996e6,d28d1e2a-443d-459d-9383-6bdc450581a6,7949575.579802329,7949651.646260753,7949668.518846332,5872,200,76.06645842455328,16.8725855788216,176
a5a7e777-30c7-4f4a-8d05-ad2471acd588,06e322b2-e2e0-4c72-a22b-f12dc16e4101,7949646.579705189,7949651.191108136,7949669.354299139,5929,200,4.611402947455645,18.16319100279361,176
73191934-4a72-4475-82f4-662fb98e834f,a4910820-870d-4238-922d-93ffdf3d500c,7949665.579233918,7949666.440292312,7949670.905785645,1083,200,0.8610583934932947,4.465493333525956,1072
2932c618-48d6-4939-813a-31c1b85fd9a1,f0cbebc5-adb6-461b-9b21-22667b2f1d8c,7949663.579315242,7949665.898397765,7949671.290139048,2741,200,2.319082522764802,5.391741283237934,224
08db690a-b9e9-4a8a-b432-0aa5e6bb08fe,808d4138-729b-4276-b0a1-bb598e185260,7949665.579230474,7949666.860509683,7949671.671966602,316,200,1.2812792090699077,4.811456918716431,304
006c8b71-789b-41e2-b6ea-c5e56f587dfd,e38ecf53-d2a3-434b-affd-1afb07135ae3,7949655.57892418,7949658.999929002,7949671.716138966,6147,200,3.4210048215463758,12.716209964826703,176
1809c961-b558-42f4-95e6-b8d35d71bf78,47290926-f76b-42a0-b6b0-95ae3ac5a196,7949655.578940193,7949659.109384119,7949671.815381258,3384,200,3.530443925410509,12.70599713921547,288
c57f6d67-c4a7-46ca-a007-ebeb63fd4046,d769c8e7-545f-4504-930e-6fb89f07eeaa,7949579.579154134,7949654.982493201,7949672.374699553,2979,200,75.40333906747401,17.392206351272762,288
2b3c832c-1155-4a62-bd37-ce9f1d5d22b2,929b8a4f-ae3d-429e-830a-f69897f7f505,7949655.578935208,7949659.889093878,7949672.463165426,5450,200,4.310158669948578,12.574071547947824,160
efe733c3-ec20-4d60-83bc-71eb6aa49a82,72007798-6523-420d-9817-37e87fcf6ec6,7949579.579167099,7949655.358988894,7949672.826701435,2798,200,75.77982179541141,17.467712541110814,224
94c25d57-9afd-47de-8cd6-8736df691d88,4caafacd-2ab0-4466-94b7-7cb54f0a4414,7949579.579150964,7949655.549994632,7949673.018473993,925,200,75.97084366809577,17.468479361385107,176
302706b9-d236-4c70-a3ee-d46255e991ab,94d515a9-ef0d-42ed-ace0-0af11d850115,7949579.579146923,7949656.021995767,7949673.370396961,2351,200,76.44284884445369,17.34840119443834,224
bad73854-216f-4597-8d45-4d4730d8965b,0899530f-4ed7-49f5-91aa-9eef27c4e875,7949579.579134152,7949656.495000477,7949673.731407443,5959,200,76.91586632467806,17.236406966112554,176
718042b3-5072-478b-a6d1-d1b7c1f79dc2,828db195-ca5a-4484-848e-1fc6ac242624,7949657.579032569,7949663.47072471,7949674.371267278,5786,200,5.891692141070962,10.90054256748408,176
bc8de72e-e14e-4977-b693-4beb3b8d90e6,91817d88-3093-4655-a55c-1e6106fc4d42,7949579.579164339,7949657.275530345,7949674.374388682,5942,200,77.69636600557715,17.098858336918056,176
6f1a24c4-c6e8-4846-b3fb-591f802ef866,0fdd3815-1923-4d11-a5f1-1c32cbce836b,7949657.579041151,7949664.098406075,7949674.554124966,3671,200,6.519364923238754,10.455718891695142,176
9efee398-c545-4255-a79c-4cec40661329,f75aa301-f7dd-4da5-abac-17906f66550b,7949657.579053093,7949664.939823362,7949674.813737211,3156,200,7.360770269297063,9.873913848772645,176
be975304-45af-4d54-8feb-3f48fff38ca0,a16f5240-7964-4ea6-8660-0762c30468df,7949579.579160822,7949657.757674648,7949674.843936471,2368,200,78.17851382680237,17.08626182284206,176
d8bdaba9-9013-4eb6-8103-0d69fd83f17c,a9ee696e-7782-458b-b0e3-a5f993f4a8eb,7949579.5791577,7949657.85679192,7949674.933978755,5835,200,78.2776342201978,17.07718683499843,176
a5119b00-d16b-473d-ba5e-0dd72a4a23c9,b95dfb64-0406-4605-9307-eb2ed587ac22,7949657.579046889,7949665.547136078,7949675.074898832,5895,200,7.968089188449085,9.527762753888965,224
3b6d2ba8-18f9-400c-8b9e-9d5c1c52fe95,01b9d883-f860-4a5d-8217-51a1ccf33c2a,7949663.579338818,7949666.05007019,7949675.233792773,631,200,2.470731372013688,9.183722583577037,176
204665f4-e9bc-4812-b833-4c0e15e6ad64,c4a9bd9e-033a-4322-9b9d-58977f2fd183,7949663.579334816,7949666.618701816,7949675.398854697,3985,200,3.039366999641061,8.780152881518006,192
ed470b7d-e548-4f52-8e02-761c40b49389,0f610880-6ddd-4017-bf17-27f18caf55cb,7949657.579049784,7949666.938950502,7949675.489092583,5460,200,9.359900718554854,8.550142080523074,160
2953d52b-7289-4895-802c-63ec2b00f012,1cb4cd2c-3d59-46ce-8a93-0db347afede8,7949665.579213065,7949667.288835954,7949675.609481631,1796,200,1.7096228888258338,8.320645676925778,192
64d68d9c-6473-402c-ae0c-b1d96d178a8f,39a941db-b6b9-4681-8620-da98a408c9dc,7949667.579807285,7949669.89602004,7949675.8827620745,5987,200,2.3162127546966076,5.9867420345544815,160
134db81c-7912-43bc-b5dd-b26c17482903,538295df-2f0a-4085-8670-42fd0748d463,7949668.579285304,7949669.89592964,7949675.924872181,570,200,1.3166443360969424,6.028942541219294,384
63630a61-d782-4c41-88e4-c066e4d3d317,b23331f5-cf25-4f3d-bb0a-0b712f6627c0,7949670.579689076,7949672.215390921,7949676.235663688,4374,200,1.6357018444687128,4.020272767171264,176
386aeda3-4991-4179-8d6c-cdaba33a6e88,0ff8ff91-ea55-4fbf-831d-05097d6a3ed6,7949581.579311407,7949659.678612262,7949676.709518759,2207,200,78.09930085483938,17.030906496569514,160
f34f034d-c0d8-4b58-914d-7a37be8ca722,8ae210f3-b09b-4bc9-9dfb-bcc885974677,7949581.579272283,7949659.946591833,7949676.989311187,4748,200,78.36731954943389,17.04271935392171,160
ddf6768f-a323-466e-b05d-bd83f06da482,ba46ec63-d117-43af-a082-fdb05a1381df,7949665.579237084,7949668.643992457,7949677.149140986,2625,200,3.0647553727030754,8.505148529075086,160
8e9baa66-a82e-426e-b06a-6fb655bfa753,187f15cf-abd4-40d5-b327-1bd0cec63671,7949581.579291875,7949660.495691483,7949677.564081821,3314,200,78.91639960836619,17.068390337750316,176
7f395bf6-9278-4074-afef-33fc82aeeeb8,50a0f783-38f6-47fa-851b-c29341137a2e,7949581.579298198,7949660.781930207,7949677.850910875,1684,200,79.20263200905174,17.068980667740107,224
7cc8c6d6-3a70-4269-9912-a88875f1d0df,e9913fd8-1e79-4e0e-b993-24d62c86391b,7949670.579686057,7949671.764845316,7949678.003502307,2232,200,1.1851592594757676,6.238656991161406,160
22250af2-42dc-4513-adf1-4a393fea5416,9f8fc93a-62fd-4685-beff-f86268053404,7949581.579284976,7949661.070113248,7949678.134151974,5778,200,79.49082827195525,17.064038725569844,160
497ea53c-3d8e-4238-b82f-c5ab12b8b0a9,a09a039f-9515-4b52-bf42-ea10d8add1bb,7949662.578891508,7949663.249367273,7949678.259609203,795,200,0.6704757651314139,15.01024192944169,192
7dcc4b0c-c7a9-4c8d-b23c-99cf5921b1cb,187f15cf-abd4-40d5-b327-1bd0cec63671,7949670.579674413,7949672.179310956,7949678.418657748,3492,200,1.599636542610824,6.239346791990101,176
158ba500-86a5-4574-b586-f7eb49323965,b1a5a57a-6ed3-4161-976b-550b8607a896,7949671.579369673,7949673.1957679605,7949678.6885060165,5735,200,1.616398287937045,5.492738055996597,176
5d8cb622-a2c6-4103-ab79-a729012bbc5c,899c2615-9ae4-4ce5-91c4-b802b05ed50e,7949662.57890679,7949664.235526818,7949678.708704825,2202,200,1.6566200274974108,14.473178006708622,16
04f3ca89-0beb-4964-adf3-3c728ccef1d7,45e7f1a3-6b50-4b00-bff3-e4a8f31e6793,7949671.579366911,7949673.195077508,7949678.923741249,3986,200,1.6157105965539813,5.728663741610944,3648
807a6b3a-52a2-4bc0-860c-275492a251e6,4181337f-4f55-4fd6-8fbd-e067aaaaebe3,7949581.57928872,7949661.93025127,7949678.951569282,5877,200,80.35096254944801,17.021318012848496,176
811e9f48-1073-47e8-9726-b00444b385fe,1ebbb437-f79e-4fd7-9fad-45fbb7cdb20b,7949662.578912934,7949664.741106823,7949679.030708574,5819,200,2.162193888798356,14.289601750671864,160
19fe6298-b7c9-47ca-92de-cf48e1f9e63f,de528792-7b2e-4008-9f06-3c9229e60e2f,7949662.578902947,7949665.129475142,7949679.178028201,1692,200,2.5505721950903535,14.048553058877587,224
003391c7-95d1-48aa-a2d3-d87ac0f76788,e75457ed-6df5-4031-9265-1be7e8cbd160,7949581.579301234,7949662.204334625,7949679.240296995,5136,200,80.62503339070827,17.035962370224297,176
130b08fa-31d4-40cd-a33c-03d341d4f9f3,ba04113c-f39c-42e2-9942-9e943a5f3a91,7949581.57930486,7949662.297828172,7949679.340220843,821,200,80.71852331236005,17.042392671108246,192
caf6e9a9-ffb0-4866-a859-2dd523c319bc,46570599-4af5-4cfa-9d66-89bb5f37211f,7949662.578909841,7949665.8964263145,7949679.386840566,5788,200,3.317516473121941,13.490414251573384,192
2d3ead27-3ae1-4a62-a954-0d57f459ce34,c2c3631f-2662-40db-8c0f-628ff0659c25,7949673.579458539,7949673.74859827,7949679.692781337,683,200,0.16913973074406385,5.944183066487312,192
02ddc36c-7270-4263-8698-a0918adbf2d1,578ff680-a8ea-4b5d-8584-dc1cc1653e23,7949581.579308008,7949662.76528139,7949679.802033958,2928,200,81.18597338255495,17.036752567626536,176
4c9e809a-a837-4f48-83d8-8e1dcb5bb85f,4bf9a1b8-5289-460f-817e-659616fb5993,7949581.579295079,7949663.052260108,7949680.085972423,5893,200,81.47296502906829,17.0337123144418,192
ad34377d-14ca-40df-9716-589d70b5381d,518b2120-1899-4a0f-af6e-5a114887002b,7949582.579085834,7949663.145420862,7949680.179996905,511,200,80.56633502803743,17.034576042555273,176
82230392-ebe8-42ca-8de1-5a21b21eb91b,faaf4675-e336-4c29-ba22-f21742dac9e8,7949664.579999401,7949667.504471282,7949680.251806175,5815,200,2.9244718803092837,12.747334893792868,224
d81d34c0-2126-4de4-aee1-bc710d3aaaba,47290926-f76b-42a0-b6b0-95ae3ac5a196,7949582.579075736,7949663.435029421,7949680.465613434,3400,200,80.85595368500799,17.030584013089538,288
298a7ea0-86df-4e58-a601-c86e4a4803fc,9728b43f-13e5-4f1c-b6d4-40db13828d76,7949658.579682229,7949660.14054307,7949680.474206433,5929,200,1.5608608406037092,20.33366336300969,176
c9040958-e26f-4edd-897c-d66eee7144bb,c494ad38-eca5-4234-ab94-6b47ba0ceac5,7949664.580012769,7949668.254183819,7949680.7247921545,6586,200,3.6741710491478443,12.470608335919678,192
5accb8af-228d-4cd9-9481-98d976149bdc,2c2590bf-7735-4068-8406-2d47707168ea,7949583.57936752,7949664.197230299,7949681.19821525,4036,200,80.61786277871579,17.00098495092243,160
c32334de-0556-4fa9-bbb3-b2d8f5ba1a69,b7554870-29f4-4f87-8863-6a1c0092c222,7949583.579341705,7949664.391919274,7949681.396591165,5894,200,80.81257756892592,17.004671891219914,224
7a735270-0f73-43ea-a010-b96bbcade491,6f90c4ab-65aa-49a6-ba03-ccb6cd74af3e,7949664.580015445,7949669.090291084,7949681.805863874,5795,200,4.510275638662279,12.715572790242732,176
be6f6cab-f89b-459b-b253-fcb6b271a5db,d44c23b8-69bc-4fe6-96fe-f7f6ff821c72,7949583.579352985,7949665.1863053115,7949682.238134008,5870,200,81.60695232637227,17.051828696392477,176
a2d2502c-7b4d-47a8-b234-84e818a9903c,00d31eb0-b908-4fd8-b7c3-40330a3b5089,7949583.579377864,7949665.975418937,7949683.011274757,5292,200,82.39604107383639,17.03585581947118,224
d8eba0af-0205-46f4-a49b-ee48e95a26b7,b3b1f241-4f97-466c-b9af-0701c1476d26,7949583.579357016,7949667.245886699,7949683.981623595,5767,200,83.66652968339622,16.735736895352602,224
eca7ae81-9434-42bd-896e-b668618820ce,bef48969-2881-4b72-aae0-5d83261314a3,7949583.579374263,7949667.334175683,7949684.069778304,5706,200,83.75480141956359,16.735602620989084,192
7258a355-1d7a-4b66-912b-fb3d951745dc,808d4138-729b-4276-b0a1-bb598e185260,7949677.579348727,7949678.555522991,7949684.297432098,316,200,0.9761742642149329,5.741909106262028,304
a6dddb55-9151-4a78-b1b8-08e423fa1fc4,b3b1f241-4f97-466c-b9af-0701c1476d26,7949666.579501722,7949671.11135642,7949684.720812736,5896,200,4.531854698434472,13.609456315636635,224
6dda5352-8b05-469c-b363-ac974993fc77,cef881df-c2a5-4400-b32f-b3f0ea1210d5,7949583.579359837,7949668.239550807,7949685.155394798,5550,200,84.66019096970558,16.915843991562724,224
b77ba655-6b52-4e76-ad24-be550d69c625,6c222109-f6f2-46ba-8c2a-fa24376d9683,7949583.579362971,7949668.423918208,7949685.346295067,752,200,84.8445552373305,16.922376859001815,224
d5dde716-a46b-440f-b641-7e047d446350,e3dd554f-367d-4384-ab25-a1c69ce5e46b,7949671.57935724,7949672.466152915,7949685.467786883,1125,200,0.8867956744506955,13.00163396820426,176
2191df2a-7372-4e40-addc-77e93aa080dc,2375aed9-bf2b-4d31-b02f-4651375f6697,7949672.579070371,7949674.300140473,7949685.545638792,1187,200,1.721070102415979,11.245498319156468,176
99c5a0f0-4661-4f21-a2e3-caac1552ba74,a985a02b-05ef-4ef4-872e-e27efa1ad38a,7949672.579076053,7949674.571004328,7949685.765220261,2096,200,1.9919282756745815,11.19421593286097,192
d9f1f7e6-e84c-4e7f-b862-7ed27df27cfe,2a455136-68a7-4f2e-ae04-e584f979ee34,7949583.57937129,7949668.8902909225,7949685.812396244,4746,200,85.31091963220388,16.922105321660638,176
9adadbcf-2bb1-4862-b341-1f716a39eba4,2c2590bf-7735-4068-8406-2d47707168ea,7949679.578959853,7949680.300877776,7949686.534268703,4715,200,0.7219179226085544,6.233390927314758,160
a6e5df01-b93a-4228-a0e2-c28226af38e8,09007909-7dab-491c-8fb3-4217da4439a6,7949677.579337506,7949678.582509718,7949686.626595117,1881,200,1.003172212280333,8.044085399247706,224
77e3d8e2-88d2-43f6-93ae-7ebe8e37336d,c83dc93a-17bd-4b97-ae1e-ea8cd1dbecfe,7949668.579276755,7949673.863514651,7949686.669167816,5908,200,5.2842378951609135,12.805653165094554,160
17ae9999-c238-40bd-9cde-359c3bd70824,16c13356-28d3-47de-b107-a5a7029a64ab,7949679.578953659,7949681.163623887,7949687.135608144,5963,200,1.5846702279523015,5.971984256990254,160
9e533df1-4609-424f-903c-16012dc7f13c,c224457b-5ee5-41ff-ab1d-fe153a463ef1,7949677.579345888,7949680.125627145,7949687.194155652,3700,200,2.546281256712973,7.0685285069048405,3520
dd3dfc7c-fa49-44c2-9051-200e030e587d,f17a4867-8187-4bc8-b761-c5e2f43461f5,7949672.579073642,7949676.302838343,7949687.62362931,5859,200,3.7237647008150816,11.320790966972709,160
eff1402a-e014-4d4e-8347-c280667440c7,ec13b1d0-76b0-4b76-b16c-1f1ba5a32e9c,7949586.579903707,7949670.7159566935,7949687.7116652075,4575,200,84.13605298660696,16.995708514004946,160
f79c60bb-4876-4aa3-8e67-ca526d9e4bf7,773fcc75-711c-4081-bfea-8e9f5d5f8c42,7949671.579361148,7949673.9815181615,7949688.006656743,1405,200,2.4021570133045316,14.025138581171632,160
99aa1c12-0c07-49f4-8468-ade5a7c9b076,0899530f-4ed7-49f5-91aa-9eef27c4e875,7949679.578962799,7949682.112549301,7949688.091286472,5931,200,2.5335865020751953,5.978737170808017,176
f4f96c67-bd1a-43b5-a050-8d70af9c899c,72007798-6523-420d-9817-37e87fcf6ec6,7949672.579079291,7949677.244874815,7949688.23014687,2983,200,4.6657955246046185,10.985272054560483,224
16eecfaa-78e2-4bdf-9da5-35e61f91be63,4a4b9580-1d15-458e-9b7f-fe574dea6d90,7949671.579344914,7949674.1590228025,7949688.263987874,1465,200,2.5796778881922364,14.104965071193874,176
50c91f11-6b68-4593-9b9c-5cccfde646f3,25236658-a6aa-4462-813e-c90ddddf0d4d,7949676.579389243,7949677.901346435,7949688.479200869,5702,200,1.321957191452384,10.577854434028268,224
47dc603a-cc9b-4100-a5ac-58eca659b64e,caa2e6bd-03cc-4259-9a46-3330ef527f05,7949680.579184159,7949682.607884683,7949688.738689747,5839,200,2.028700524009764,6.130805063992739,192
82665654-e9dd-45df-b118-084e78dc4e06,601ebb0f-02ad-42e7-a626-7ebef638a847,7949676.579385971,7949678.400517487,7949688.807485793,5880,200,1.8211315162479877,10.406968305818737,192
f9885a26-1a31-4615-a8c7-0669414b93d4,fb070aed-59ed-4076-890d-d41bb370b24e,7949681.579139679,7949683.187403388,7949689.336019373,3226,200,1.6082637095823884,6.148615984246135,160
a429bdf0-cd74-477c-94ba-c21b0b6d807e,af4b1375-aefd-45d5-8a5c-3dd4d84c4dc4,7949590.579028913,7949673.339150905,7949689.897503603,5883,200,82.76012199185789,16.55835269857198,160
e8d628ed-992d-4bcc-b06d-9c9430780e8b,b325fd77-fdfe-41e9-a0ff-794363903698,7949683.579874178,7949684.421788215,7949690.256050027,1830,200,0.8419140363112092,5.834261812269688,160
49ca74d7-692a-471c-bed1-d960a56716f7,3e53059f-27ed-453d-a3cb-045b4aa7f847,7949678.579974048,7949681.040870021,7949690.3585301265,4574,200,2.4608959732577205,9.317660105414689,224
dc48f367-fcf1-4347-8714-a9f51f7a19ff,502899ee-4518-4d94-a120-80fc9b07318d,7949678.579984081,7949681.842662667,7949690.683663813,4535,200,3.26267858594656,8.84100114647299,192
d8aed133-86a6-47f6-9f73-7d701fc46d7a,4bf9a1b8-5289-460f-817e-659616fb5993,7949678.579990892,7949682.951285063,7949691.751599985,5936,200,4.37129417154938,8.800314921885729,192
a840f31f-c634-4ce7-b688-804e2532aefe,32379e4f-c52b-4533-87e4-7ccbc01e4871,7949678.57998815,7949683.964774366,7949692.606645415,3681,200,5.384786215610802,8.641871049068868,176
f4337cc8-ed9b-41fe-b137-d4d76d05a87c,10d802c2-a294-4971-99fd-28d0464b03a3,7949591.579657427,7949676.229352424,7949692.931373772,1191,200,84.64969499688596,16.702021348290145,176
187ad8cf-a8d7-41ea-84c7-1cc94ec93732,cfbe6bee-cd08-4654-810f-1a3b3025c764,7949591.579646899,7949676.233325063,7949692.9384958055,6774,200,84.65367816388607,16.705170742236078,160
526a8173-c0a4-48a1-8418-24a270aaeaad,8779e5f9-11f8-416c-9770-f2554d1e582d,7949680.579168548,7949680.9287142875,7949692.966912848,1275,200,0.3495457395911217,12.038198560476303,176
9560901b-f57f-481c-a566-f1bd3c2b6f8e,8861bb38-fa7f-46fe-a61e-d670524b80a8,7949686.579845254,7949688.178401224,7949693.133961273,5848,200,1.598555970005691,4.955560049042106,160
7488debb-87a3-41fe-a9ed-813ab2e2713e,808d4138-729b-4276-b0a1-bb598e185260,7949686.579860998,7949688.175605241,7949693.1346232565,316,200,1.5957442428916693,4.959018015302718,304
a780d6e1-9f4a-49ea-8f2a-c6f57b99dcde,1cf5c436-bb75-402c-9dfd-fae7395bc0a0,7949684.57927485,7949686.700418733,7949693.524397809,1107,200,2.1211438830941916,6.823979075998068,160
cf251902-1e35-4e1c-b6e8-689e6a83e994,db3af283-c78b-4d14-bc1d-784377afabaf,7949591.579663891,7949676.988186156,7949693.714051307,3841,200,85.40852226503193,16.725865150801837,224
dd7a7ead-215b-436d-8d58-aa321e4a0703,91e2dcb0-9727-45f1-bd96-95ee2a9fe135,7949591.579670543,7949677.27754983,7949694.014903858,5559,200,85.69787928741425,16.73735402803868,192
c6a35d81-7afe-4ffc-806a-c55511e20131,ebe40d16-cac5-48ed-964b-2109cbc3f901,7949675.579008835,7949677.360628314,7949694.079406543,5806,200,1.7816194789484143,16.718778228387237,192
7f8fde52-b5f3-4860-8763-8e8feadcebe7,b445a6a6-6bdc-421a-87f2-2617512f76b6,7949675.579030069,7949677.447075092,7949694.359767101,1042,200,1.8680450236424804,16.912692008540034,192
df1c4bb5-66dc-4165-8de0-e3e2dfdbb604,fd66c258-5859-4553-99da-0f386f57432c,7949591.579673847,7949677.75453761,7949694.488392424,4100,200,86.17486376315355,16.73385481350124,160
e25890e0-17f1-455a-8034-04040896624b,27d34d22-9260-40a3-99e2-e20e86c4cfe7,7949591.579660714,7949677.946052084,7949694.712551078,3099,200,86.36639137007296,16.766498994082212,160
01e1fcb3-df33-4de6-9ecc-5e763ccf8fdd,57653307-c6ff-4c87-8138-1533b53900a3,7949675.579033333,7949678.86249275,7949695.185399606,5982,200,3.2834594175219536,16.322906855493784,160
0abf490d-8ce5-42f7-9eb6-660a30fd375f,22d7558f-2436-464f-b111-4724e2f322d1,7949680.579186683,7949681.437722583,7949695.204332469,1969,200,0.8585359007120132,13.76660988572985,224
f9c393e0-1e0f-44ef-804f-973dd1aeecad,0fdd3815-1923-4d11-a5f1-1c32cbce836b,7949591.579676879,7949678.634597315,7949695.363478179,3524,200,87.05492043681443,16.728880863636732,176
99189920-39aa-479c-b38a-c3c7e26df30d,6d14bf3f-56d2-4882-8aba-c916497faa7a,7949682.579363801,7949685.41295331,7949695.643380751,4120,200,2.8335895091295242,10.230427441187203,160
a9fd99f0-d176-4898-b9fb-e9562b5acfd4,d98c265f-698d-4cb1-87ed-52317461cdc6,7949591.579680596,7949679.429202183,7949696.081067215,4481,200,87.8495215876028,16.651865031570196,288
f73c504e-7afc-4762-88eb-a9f62e6f7ecc,5cfe068c-bdac-4693-905b-190923e1087c,7949591.579667009,7949679.434757822,7949696.0862396285,5890,200,87.85509081277996,16.65148180630058,224
ad766aea-1a48-4dd1-8be2-7ab4921d0f90,66a3a1ab-8428-410f-8284-bbbcc40e3d86,7949684.579267961,7949686.493426892,7949696.67297141,4326,200,1.9141589310020208,10.17954451777041,160
29379f7a-3dd1-436a-9946-90893932c1df,029edadb-b234-4d39-a619-c56cc85e964f,7949689.579174189,7949690.240404327,7949697.058812155,940,200,0.661230138503015,6.818407827988267,192
1b86c185-a2a5-4a10-8262-172051cd2976,eecbcd88-7743-4e34-95b6-1c67dec9ac89,7949591.579683905,7949680.364457416,7949697.064612475,5389,200,88.78477351181209,16.70015505887568,224
ab61836d-c9b1-410a-a4e0-c9d762eb79db,a30e4ed2-239e-4a1d-86d1-60a097e7cf74,7949677.579328259,7949680.247251051,7949697.229831293,5560,200,2.667922791093588,16.982580242678523,160
018031ec-0910-49b5-8391-bf01eddc79bb,5562c1a1-e6b0-40ec-96dd-5ea84936cbf8,7949592.579836833,7949680.689909375,7949697.363481405,5855,200,88.11007254198194,16.673572029918432,176
e4f5331f-d697-4006-a7b9-2c58a56c8f3b,984ff781-ca15-479c-8e06-7bd9cd701519,7949684.579271505,7949687.138295656,7949697.558457566,3555,200,2.559024151414633,10.420161910355091,192
ca3075f5-21cb-4f94-b30c-dd751a54bd15,339e6a45-2ac7-4236-ac28-4af01254bcc9,7949682.579375392,7949683.8010797165,7949697.879578138,5825,200,1.2217043247073889,14.078498421236873,160
f25fce91-acdc-453b-893c-9ae8bb9dce9d,0fdf3a79-0b56-4d09-930d-738eaa2f1f84,7949682.57937919,7949684.422109398,7949698.103770015,5815,200,1.842730208300054,13.681660616770387,192
909e188a-33ff-470e-89ec-bedb176464d8,b8b3aa08-15cd-45c8-b069-5a34a697815c,7949677.579340037,7949681.109575584,7949698.159681431,5985,200,3.5302355466410518,17.05010584741831,192
971ed11e-bd5a-4121-b582-bcfb825188bf,e658362d-729a-4a31-b36a-536cd076959f,7949689.579183943,7949693.52002207,7949698.320982629,1330,200,3.940838127397001,4.800960559397936,224
2f5e029c-a1cc-45bd-ae62-08740ec24a2e,3d9f64af-c9b9-49e3-aada-0810637fc61a,7949691.579333597,7949692.9216994755,7949698.50920294,4219,200,1.3423658786341548,5.587503464892507,160
c04dfabc-c25c-4440-bb07-9ed13aed60a3,749cff23-59a3-425b-bc36-69a36ebb5518,7949691.579346152,7949694.552246977,7949699.75622379,3085,200,2.9729008246213198,5.203976813703775,160
c1cb8adc-aa07-406d-8f7e-39f34a09fb8d,9ae48b4d-09e7-477a-96c8-ee9b319e707d,7949596.579117082,7949686.303995808,7949700.218316387,4191,200,89.72487872559577,13.914320579729974,160
889b39df-d85b-4224-a51c-fb8256ba7c1e,43515880-6b47-44ce-ad5a-c143292b1649,7949596.579098394,7949686.490653998,7949700.293485287,5970,200,89.91155560407788,13.802831288427114,160
12e1e2c8-32e3-4b3e-b1e0-8cbf2b37d928,d9b5ce8f-1f03-4b93-af09-4e750c6473c8,7949596.579124439,7949687.129345314,7949700.483594037,4103,200,90.5502208750695,13.35424872301519,224
44633e18-a7b0-4d2c-8bca-b552cbbfc2d9,efedac55-57dd-4acf-9f7e-f6bbd7243fbe,7949600.579555011,7949687.410796588,7949700.64332783,1783,200,86.83124157693237,13.232531242072582,224
c4b3393c-d804-4a9b-9ed9-851c33ce3ecb,7c8adab7-544c-4106-916a-d86d02536d30,7949684.579258019,7949686.085992742,7949700.724620854,5782,200,1.506734723225236,14.638628111220896,176
3352e032-5e63-42ee-8598-b3664e26f113,e658362d-729a-4a31-b36a-536cd076959f,7949600.57957449,7949687.507945149,7949700.774276515,934,200,86.92837065923959,13.266331365332007,224
4c98336c-a3a9-48c4-bf3e-074a6fed9f16,95e47ed3-e422-4bf8-a2f8-ba075c7ef290,7949684.579238676,7949686.373946787,7949700.981886847,1757,200,1.7947081113234162,14.607940060086548,224
c9fab17d-ed42-4b72-9ce4-d8e3d533c16e,02266e03-2387-4a93-80ac-e63ccdb91f20,7949693.580542179,7949696.569953101,7949701.167200857,3756,200,2.989410921931267,4.59724775608629,160
6cdc463f-cb68-4d09-ac73-3c5d2ce70e67,5081ad02-1e94-429c-b756-848bd4f73416,7949600.579570953,7949687.758615212,7949701.205205914,618,200,87.17904425878078,13.446590702049434,224
fe411fbf-cdcc-441d-942b-b14194bbe6c3,7ed7ebb9-c4ac-496b-a503-cbbd0dad0d9e,7949694.579437985,7949695.638782343,7949701.247572335,2571,200,1.0593443578109145,5.608789992518723,160
23be601f-45b2-410b-a261-dfcbcf58038a,f0cbebc5-adb6-461b-9b21-22667b2f1d8c,7949694.579440697,7949695.638357668,7949701.250982356,2741,200,1.0589169710874557,5.612624688073993,2736
dce61230-2e91-4e05-a4da-75daa0530382,c2cf61e6-40f9-49e5-a7f1-e24130e70596,7949681.579133778,7949685.810691662,7949701.540352182,5954,200,4.2315578842535615,15.729660520330071,176
9a7b6174-6a86-4a04-8c81-4996fafe35b6,efedac55-57dd-4acf-9f7e-f6bbd7243fbe,7949686.57985828,7949689.038885522,7949701.850804801,1971,200,2.4590272419154644,12.811919279396534,224
1702cac5-1379-42c7-bd1a-ccbedf6b5c2d,3e29e7d8-6d1a-47d0-9144-aee9df51a47e,7949600.579596855,7949688.614334614,7949701.882217998,4238,200,88.03473775926977,13.26788338366896,176
471ba938-629f-4480-87f4-905ed025849f,ae04581e-61a3-4e13-a5d3-988c330d8c3d,7949688.579428635,7949689.235368848,7949702.020646038,2001,200,0.6559402132406831,12.785277190618217,224
8974a149-0d71-49d5-9856-f15753442d6b,afb2a8a8-e290-4f7e-8bce-7e3e5c24fa5e,7949681.579136787,7949686.362699574,7949702.02845697,5815,200,4.783562786877155,15.665757396258414,160
61eaeef8-7771-4da7-9327-06741c2a455d,743da0c7-ad95-4639-a69e-c87954fbf45a,7949681.579146333,7949687.011865494,7949702.667736246,5806,200,5.432719160802662,15.6558707524091,160
7e38760f-f8f0-4214-a729-a88a6881590e,e793cd05-3809-4e36-8e78-d44bc000c93e,7949604.579745059,7949691.141137847,7949702.87565827,5814,200,86.56139278784394,11.734520423226058,160
3c05f886-c28b-4837-8ef5-1277cacdbdd7,8e505307-8830-46b2-ac68-84a7d5dbd9a0,7949683.579847477,7949687.2949503055,7949702.919966932,2707,200,3.7151028281077743,15.625016626901925,160
0eb5566b-f463-4ebb-a382-32f9083feb6b,120c94cb-bfa6-4a5b-90d2-781529b863ae,7949688.579432209,7949690.442815591,7949703.107375975,3879,200,1.8633833816275,12.664560384117067,160
5f0dc692-a355-4714-8d70-4f8dbf66ae5b,2c2590bf-7735-4068-8406-2d47707168ea,7949610.579226335,7949692.829030886,7949703.383482082,4267,200,82.24980455171317,10.554451195523143,160
a7615ca3-4dcf-48dd-9ad9-d4e7c94a878b,32379e4f-c52b-4533-87e4-7ccbc01e4871,7949610.579229672,7949693.649212054,7949703.614466266,3446,200,83.06998238153756,9.96525421179831,176
ed02eecf-ad22-4663-b1e4-ed7053dbbf07,f17a4867-8187-4bc8-b761-c5e2f43461f5,7949610.579223089,7949693.915569804,7949703.795409786,5859,200,83.33634671475738,9.879839981906116,160
08fcfe01-bb10-4125-8312-c55aec6c1b6f,8452144b-0a71-4b63-9bd6-e7978af4ed65,7949688.579435029,7949690.878270157,7949703.8538210485,966,200,2.2988351276144385,12.975550891831517,224
c02b25de-3135-4148-a59d-fa31e26348a1,7262c41e-02eb-45c0-b19c-64f63c95cfa5,7949696.579810414,7949698.408312375,7949703.8950949935,5341,200,1.8285019602626562,5.4867826187983155,176
4fd475f2-26aa-4697-a475-84c4a8492de1,c6e18b90-e57b-498d-a257-de89d96b372c,7949615.579279725,7949694.111009128,7949703.9811891895,2393,200,78.5317294029519,9.870180061087012,192
3f6a9917-0535-4ebd-91b2-caf48180c4fa,c36ccdb6-4285-4a84-9e69-854bea59680e,7949683.579870382,7949688.260693472,7949703.985038655,1240,200,4.680823089554906,15.724345182999969,176
973f0441-2828-45a5-8bb8-42eb37f339b8,3ee811a5-f205-4725-8db6-b99eb8dd1ecb,7949683.579877692,7949688.975325042,7949704.797510612,4438,200,5.395447350107133,15.822185569442809,160
5d58e32f-ef77-4817-9896-9e5223fad338,db50af28-fa33-4f95-803d-71036af6bdbe,7949683.579859746,7949689.158133589,7949704.963796915,5937,200,5.5782738430425525,15.805663325823843,176
32251d83-6075-4234-b0d4-09d0df7375b2,997695bc-33ef-41c6-903e-cc1112298142,7949698.579878025,7949700.385111785,7949705.135700088,2583,200,1.8052337598055601,4.7505883034318686,176
c6fb7e1b-1339-4e9c-a50d-e0557f615a1d,899c2615-9ae4-4ce5-91c4-b802b05ed50e,7949683.579881788,7949689.324408012,7949705.149913697,2258,200,5.744526224210858,15.825505684129894,288
5d5f81c4-6009-45f9-901f-189e42cea7a5,1cda0d46-618b-4b7a-b957-319fe6d96516,7949688.579417946,7949691.613289365,7949705.445216392,6252,200,3.0338714187964797,13.83192702755332,192
e39c5661-5fe4-4c51-98be-2d51ff5e10e5,17f52023-20f0-4ba4-8129-16c153a0bb0e,7949615.57929951,7949695.661427051,7949706.120223782,4389,200,80.08212754037231,10.458796731196344,160
fa522b7b-e6f1-443b-a79e-faf0d811d210,48f00f11-d6a7-4d60-b710-9751910c2b29,7949685.579484542,7949690.323366282,7949706.190251158,5336,200,4.743881739675999,15.866884876042604,176
95d5bf29-9641-49b7-a60c-05895dfe8d41,119381d5-69e5-4c08-b438-534c58547839,7949694.579431643,7949695.06913533,7949706.403620057,1417,200,0.48970368690788746,11.33448472712189,192
78870b6e-593d-40fe-9879-7990d3979b01,d9b5ce8f-1f03-4b93-af09-4e750c6473c8,7949685.579482026,7949690.7095682025,7949706.56625377,3959,200,5.130086176097393,15.856685567647219,224
904584f5-f3b4-4b0e-84db-f4f1c20d8aba,899c2615-9ae4-4ce5-91c4-b802b05ed50e,7949615.579296295,7949695.759019637,7949706.627191098,2137,200,80.17972334194928,10.868171461857855,288
0a3e7680-b9b7-4169-983c-43db81a4c7c5,ff333590-8f59-4975-a74f-db7bccf0ba84,7949699.579043437,7949700.349076227,7949706.947729118,3968,200,0.7700327904894948,6.598652890883386,176
f7621946-e3cd-41c5-a7fd-392336738f1e,386b7318-3947-4df1-8dd5-2e93abdf10c2,7949699.579030608,7949701.048008025,7949707.6187165305,5982,200,1.4689774168655276,6.570708505809307,160
7e3cee2e-e2d9-46d8-9b32-7cf80dbf5807,dc50ab8c-4aef-4581-800f-8d55cff5e8ac,7949618.579995006,7949697.360479302,7949707.674386479,1680,200,78.78048429545015,10.313907177187502,192
b61544c0-7d8f-49d0-bd2f-59aa002a61a9,4181337f-4f55-4fd6-8fbd-e067aaaaebe3,7949688.579448964,7949692.178268436,7949707.751038312,5696,200,3.5988194718956947,15.572769875638187,176
a3acd52c-9083-4cd7-b69e-06daaac24f90,e793cd05-3809-4e36-8e78-d44bc000c93e,7949640.57917161,7949697.774578035,7949707.906841726,5802,200,57.19540642481297,10.132263691164553,5792
fcf2262e-5d77-44ae-82c6-779aa062a081,f48f3c83-7b8a-45e5-a0fa-74a6e92599d8,7949699.579047664,7949701.913667584,7949707.986114321,5874,200,2.334619919769466,6.07244673743844,160
19339956-df14-4640-b1af-23ff0843c134,40f892a5-678a-4f13-86dd-ca6b794f94a2,7949694.579443396,7949696.480241706,7949708.051231261,5999,200,1.9007983095943928,11.570989555679262,224
1dd3efbe-61aa-40fc-9963-fea28912c053,05e2aea2-3e77-4091-acf4-2b43e9372008,7949685.5794791,7949692.340603699,7949709.364397153,4224,200,6.761124598793685,17.023793454281986,224
8145645e-173d-460e-a71f-92af5ae56e6a,1cb4cd2c-3d59-46ce-8a93-0db347afede8,7949689.579158642,7949692.541323546,7949709.563549968,1958,200,2.9621649039909244,17.02222642209381,192
c474ad60-eed4-4407-8826-4646caa9b628,91817d88-3093-4655-a55c-1e6106fc4d42,7949618.579991592,7949700.366282606,7949709.723170116,5867,200,81.78629101347178,9.356887510046363,176
20df5952-9bca-48eb-864e-f38d04753216,aa51b55b-bb87-48f0-8caf-7b55883df5b1,7949699.579051556,7949703.868982765,7949709.76572097,5886,200,4.2899312088266015,5.896738205105066,176
8f4d8023-810a-4027-99b3-644a64d1ae32,e6be09c1-fa3b-4068-bb5c-67fc12b79ea8,7949689.579180697,7949693.662642236,7949710.393658433,5791,200,4.083461538888514,16.731016197241843,160
ad73b0b9-cbcd-443f-8520-662410186480,e793cd05-3809-4e36-8e78-d44bc000c93e,7949689.579177129,7949693.978513681,7949710.783925311,5892,200,4.399336552247405,16.805411629378796,160
f3c48bd6-3510-4870-abbd-ecbb260c4b43,ba04113c-f39c-42e2-9942-9e943a5f3a91,7949690.579217499,7949692.323756013,7949711.036897148,1169,200,1.744538513943553,18.713141134940088,192
de229cab-b4d5-4cdb-9767-30cf8c924abe,6159d60e-d3fe-4a1c-bf06-80ac52b1d79c,7949698.579882139,7949699.28903823,7949711.252971653,2565,200,0.7091560903936625,11.963933423161507,160
195a0b64-b11f-4336-9dc3-b1d7e9a30589,538295df-2f0a-4085-8670-42fd0748d463,7949704.579405573,7949708.023431213,7949712.281012191,799,200,3.4440256394445896,4.257580978795886,176
77352c76-3776-43d5-abb2-c25ae221fb3e,cc1399df-ddbd-4863-9dc3-cad34947be2c,7949705.579213197,7949706.510780618,7949712.403673668,5786,200,0.9315674202516675,5.892893050797284,176
e344d44e-e44a-4877-9b44-981f9fdd3726,94d515a9-ef0d-42ed-ace0-0af11d850115,7949690.579198753,7949692.838471145,7949712.4171769,2351,200,2.2592723919078708,19.5787057550624,224
24d7cfe1-caac-449d-9cc2-52ee314c0e4f,93f972a6-65ef-4743-aae5-aab226f65263,7949691.579326266,7949696.9366444405,7949713.925418901,5896,200,5.357318174093962,16.988774460740387,224
577b7f6d-f94c-4ff9-9b35-cfdbe290f544,fd66c258-5859-4553-99da-0f386f57432c,7949691.579330359,7949697.421144418,7949714.251831106,4444,200,5.841814059764147,16.830686687491834,160
3c8e1962-b4b0-4ea0-9fd6-2e0825188867,773fcc75-711c-4081-bfea-8e9f5d5f8c42,7949709.579511552,7949709.969353163,7949714.314655998,1605,200,0.3898416105657816,4.34530283510685,448
6cb81826-e7b9-49ca-9241-0da966e2846a,27d34d22-9260-40a3-99e2-e20e86c4cfe7,7949691.579340015,7949697.89796463,7949714.619568228,3307,200,6.3186246156692505,16.72160359751433,160
7c807aab-1c6c-4c30-ac1b-50e3d6b1c52a,c5e22b01-38e1-4860-9ec4-994c6de81085,7949698.579899667,7949699.614241977,7949714.679353823,901,200,1.0343423103913665,15.065111845731735,160
206f564d-77f0-471a-b451-ece985779a12,4c23bd5a-bf9f-4ee2-a8bc-c19f72ea4b9d,7949691.579349175,7949698.444186052,7949715.061996951,1249,200,6.864836877211928,16.617810898460448,160
d3fe2ee3-81be-4305-a91b-7b6c2f8287a1,af4b1375-aefd-45d5-8a5c-3dd4d84c4dc4,7949707.579529985,7949709.998747527,7949715.120600455,5856,200,2.4192175418138504,5.121852928772569,160
04e93e92-a022-464b-bd63-c1cdf762b2ec,5cfe068c-bdac-4693-905b-190923e1087c,7949691.579336732,7949698.926051532,7949715.263074428,5847,200,7.346714800223708,16.337022895924747,224
4fc495cf-8770-40bf-a11a-2fe346468521,09007909-7dab-491c-8fb3-4217da4439a6,7949693.58052429,7949699.442462563,7949715.73895893,1881,200,5.861938272602856,16.296496367082,224
fd799756-66b4-4790-a556-e47570cc3f41,c3d496a4-2080-4ec5-b544-6c3443dffdf3,7949698.579889487,7949700.101089113,7949716.761334052,4672,200,1.5211996268481016,16.660244938917458,160
8b9a6019-552c-473f-ae0b-26fef220d9cc,d8a397bc-57f7-446c-afd5-6ed41a735419,7949712.579453954,7949713.0498427665,7949717.339712896,2118,200,0.470388812944293,4.2898701298981905,192
d2f6844c-0f96-45e1-a767-d601ea68a3ed,120c94cb-bfa6-4a5b-90d2-781529b863ae,7949709.579524751,7949710.623828939,7949718.351673314,3879,200,1.0443041883409023,7.7278443751856685,160
36f543b3-c686-491e-87a1-aad0b0571f86,31895786-fe4a-4634-bd10-354266c7cf14,7949712.579456705,7949713.772850033,7949718.3705729665,2589,200,1.1933933282271028,4.597722933627665,224
9712d702-440a-4468-8be1-b1198ff5c635,808d4138-729b-4276-b0a1-bb598e185260,7949713.579043941,7949713.891705562,7949718.486099062,468,200,0.31266162171959877,4.594393499195576,288
60abc210-50ac-4a45-8063-476b5597bf07,c224457b-5ee5-41ff-ab1d-fe153a463ef1,7949698.579885477,7949700.874908666,7949718.890112091,3700,200,2.2950231889262795,18.015203424729407,160
b19313bc-e40c-4240-aac0-1d45f8fade15,c6a375bc-b50a-4597-9716-5f2339a823ae,7949711.579381502,7949713.175465933,7949719.381620441,2517,200,1.5960844308137894,6.20615450758487,224
65f861d9-0364-4a53-8711-043ef2728a53,91817d88-3093-4655-a55c-1e6106fc4d42,7949711.579365058,7949713.799021487,7949719.660954982,5826,200,2.2196564292535186,5.861933494918048,192
e84d3704-30af-45d9-baa3-17c2f59ee3b8,1f10b2d7-9302-4f7e-adfd-f3c4f7c6944c,7949698.579902998,7949701.611346922,7949719.669672609,3288,200,3.0314439237117767,18.05832568742335,192
ac68c6ee-1a30-46f2-abb5-22db575908a5,32bb63f5-0400-4e7c-8e6c-cb23dafc8d9e,7949701.579437918,7949705.001320366,7949721.546049108,1648,200,3.421882447786629,16.54472874198109,192
d9819eca-a532-459d-9cf8-deb1f5fbba17,232da153-6f07-41c5-b184-6a34c8861a3c,7949701.579435098,7949707.899277991,7949721.968204489,5857,200,6.319842892698944,14.068926498293877,224
9558a0fa-5142-407c-82ab-b821ec58c7cc,983c6b10-a629-42aa-9aba-1fecdf2e8c5b,7949704.579409497,7949705.049236677,7949722.1459292015,479,200,0.46982717979699373,17.09669252485037,192
6c1a8ead-c9a2-466d-b4f1-99f8b1f56b81,16c03b80-16ca-4741-9908-eb2c51e1d2a1,7949704.579401526,7949705.101094679,7949722.167363893,1522,200,0.5216931533068419,17.06626921426505,224
8411ce88-7d97-4517-b744-f384acaa028d,b8b3aa08-15cd-45c8-b069-5a34a697815c,7949704.579413595,7949706.094032506,7949722.986164699,5985,200,1.514618911780417,16.892132192850113,192
a0fb60e0-2eba-47cb-a889-95cc38860b57,81cbfa98-5491-4e8d-8566-7ecb5f746ab3,7949714.579390314,7949716.081940684,7949723.04670708,5414,200,1.5025503691285849,6.964766396209598,160
06ff5232-984f-4f27-b029-ac175b012ddf,c1aa437d-4a45-48f5-a4ba-fefa5588951c,7949701.579419153,7949708.1968072085,7949723.127137373,4749,200,6.617388055659831,14.930330164730549,176
04d1ae82-f7cc-443b-8f1d-2a50075c4194,e1a9d263-ac30-4000-851a-1dbe52fb62c1,7949696.579835143,7949701.80076168,7949723.244948771,5887,200,5.220926537178457,21.444187090732157,176
fa268e76-f84b-4c4d-b365-8093e526ae66,d4db7279-05ad-4a23-b2ad-7360318ece79,7949700.579249825,7949701.83862249,7949723.419397936,472,200,1.259372664615512,21.580775446258485,192
e3116a74-6c01-4c93-9546-f398e5d955f2,5974b26c-9c91-4e54-8f64-6f0a30771880,7949716.579311847,7949718.31462976,7949723.456103764,5669,200,1.7353179128840566,5.141474003903568,192
f39a35cb-b92d-4a9b-8c7b-37e1354bbd56,134b7ff3-7475-498b-8ba8-13bfa96c8a9c,7949708.579517354,7949709.997419052,7949724.030512942,4449,200,1.4179016975685954,14.033093890175223,192
b9f65a61-1fdb-44a4-9f92-13853138fdf7,0c5040f1-c2d1-426a-938c-7f9a128ef1a7,7949700.579263471,7949703.934298757,7949724.314742436,6350,200,3.355035286396742,20.380443678237498,192
3d5d3d9f-80fd-4a73-b27e-0a7caa2a5f91,8deb1987-ae66-48b8-ad82-ef28a801bdb8,7949704.579398277,7949715.7119536195,7949724.753749365,1566,200,11.132555342279375,9.041795745491982,192
de4b6468-b49a-4a80-9372-16d2838c7323,6e066633-fcb0-417d-94ee-a9864bbdaa41,7949702.579740439,7949705.432168349,7949725.6732624825,6625,200,2.852427910082042,20.24109413381666,192
8899b55a-5bd4-41b5-b325-bd50ed624996,16c13356-28d3-47de-b107-a5a7029a64ab,7949718.579165805,7949720.512349634,7949726.734317415,5958,200,1.9331838293001056,6.221967780962586,752
03c99499-47ce-428c-9c1c-b475864bcf77,1138add8-5bdc-44bb-abdd-164697efb312,7949702.579744035,7949706.9002495045,7949727.326716911,1314,200,4.320505469106138,20.42646740656346,224
a24f8f05-dfcc-40ae-81a5-1bb2435c918e,578ff680-a8ea-4b5d-8584-dc1cc1653e23,7949719.578986837,7949722.959286233,7949727.567379875,3098,200,3.380299396812916,4.60809364169836,176
b7840510-436f-4a09-aad7-0a153ec96523,9c1eaa62-32d0-47df-aea2-fa3f14175763,7949723.579818953,7949724.443862128,7949728.756687029,2775,200,0.8640431752428412,4.31282490119338,192
c90276f0-3809-44c8-9245-5d3d915f6ae8,32379e4f-c52b-4533-87e4-7ccbc01e4871,7949714.579397293,7949715.423745054,7949728.799695625,3885,200,0.8443477610126138,13.375950571149588,176
b66a0dbb-3eff-469c-a79e-7ebd1615c23c,b3b1f241-4f97-466c-b9af-0701c1476d26,7949722.579720549,7949724.254062846,7949728.8406786565,5885,200,1.6743422970175743,4.58661581017077,224
b1866f7e-e037-4d05-90b8-755593bca221,ab319b63-2c03-4b0a-8207-96b3768da2a6,7949712.579438537,7949713.17664361,7949729.461732582,469,200,0.5972050726413727,16.285088972188532,192
c1e2412f-3b46-400d-8fde-b4ffe8328497,3a3d8f95-20e5-48e9-a332-7a0c444f6704,7949723.579838606,7949724.847248392,7949730.197665354,6049,200,1.267409786581993,5.350416962057352,192
5770c3b0-8410-4001-835c-8dd67098d7aa,87bc14e3-59a4-4128-82c3-fc9b5691ebd4,7949722.579734288,7949726.39023012,7949730.7631624285,5842,200,3.810495832003653,4.372932308353484,160
301acc43-36ef-4452-8e4b-2d3b3b92937e,899c2615-9ae4-4ce5-91c4-b802b05ed50e,7949709.57953224,7949713.924119748,7949730.928180993,2323,200,4.344587508589029,17.004061244428158,288
cb450aef-42ac-404f-8de7-3eaa1bd95a38,47b3760c-0084-40cf-8343-7f22faad50d5,7949709.579539886,7949714.060617258,7949730.967612419,582,200,4.481077372096479,16.906995161436498,192
2b5e3bcc-3ee3-43a6-a8cf-e0ba5ed04fae,169bfd1c-b54b-4a03-b40f-5a304abd2cb8,7949709.579536525,7949715.733294107,7949731.869683363,4637,200,6.153757582418621,16.13638925552368,224
b62ea8a7-4a4f-4c84-afb5-db296189d54f,8779e5f9-11f8-416c-9770-f2554d1e582d,7949711.579353964,7949720.0366695,7949733.3730972335,1429,200,8.457315536215901,13.336427733302116,176
0c35ff16-f6af-4810-8eb2-3940ea90ef67,45e7f1a3-6b50-4b00-bff3-e4a8f31e6793,7949727.578898132,7949728.654530982,7949733.712271295,4234,200,1.0756328497081995,5.057740313000977,192
595e0520-a586-41bc-9fe2-f7a3c57c3f8b,818f34b1-81e6-4dc9-8896-079af3a673ea,7949711.57936892,7949724.736434721,7949734.022771087,5725,200,13.15706580132246,9.286336365155876,192
6755576d-e0a5-4514-9bda-5fee3c496601,899c2615-9ae4-4ce5-91c4-b802b05ed50e,7949725.579594266,7949727.94649803,7949734.188569685,2308,200,2.3669037641957402,6.242071655578911,432
5d490c3f-d225-4142-bddf-4254eed9b5de,f48f3c83-7b8a-45e5-a0fa-74a6e92599d8,7949729.579403594,7949729.810735184,7949734.773232534,5874,200,0.23133158963173628,4.962497349828482,5872
b2cb99f5-dd2a-44d8-90c0-b2689659d0d8,e9913fd8-1e79-4e0e-b993-24d62c86391b,7949730.579448665,7949731.242834199,7949735.809715422,2446,200,0.663385534659028,4.566881222650409,160
900f5528-26f8-4ce5-a743-541e44bd9c66,0fdf3a79-0b56-4d09-930d-738eaa2f1f84,7949729.579412933,7949731.096887662,7949736.125271057,5958,200,1.5174747286364436,5.028383394703269,768
dcdbe903-0721-47eb-a66c-768608dedea0,187f15cf-abd4-40d5-b327-1bd0cec63671,7949724.579565471,7949725.297087433,7949737.752564447,3682,200,0.7175219617784023,12.455477014183998,176
74b1c8ea-260c-48ae-b762-d02e03963b50,c8309beb-8c28-45e3-97c6-0ce22870ae69,7949730.57943661,7949732.358043654,7949737.787694886,5835,200,1.7786070434376597,5.429651232436299,192
c4139445-8ab2-408c-8ac4-cc9d6d9c5ac4,09007909-7dab-491c-8fb3-4217da4439a6,7949718.579175504,7949719.46882431,7949738.098596886,1881,200,0.8896488063037395,18.629772575572133,224
0a511e51-db2c-4986-8655-63e9db0196c9,a985a02b-05ef-4ef4-872e-e27efa1ad38a,7949718.579181799,7949719.991199949,7949738.416984285,2258,200,1.4120181500911713,18.425784336403012,192
99b59191-eca4-4f15-9c4a-1be9b0840c73,6963d70e-8a78-474a-aecb-3a11623672b1,7949724.579572837,7949725.878511537,7949738.995934284,1359,200,1.2989386999979615,13.117422747425735,176
0c337793-9b7e-4eb5-818e-b5f21a30fc52,a09a039f-9515-4b52-bf42-ea10d8add1bb,7949733.579432851,7949733.940216847,7949739.215861595,952,200,0.3607839960604906,5.275644748471677,192
d91a50db-58b2-460c-b965-0a4de3354c9e,a4f0c701-3c40-428e-a46d-38a2479e43d2,7949733.5794278,7949734.852422697,7949739.574309282,5963,200,1.2729948963969946,4.721886585466564,176
cf4a4389-20ff-4323-aece-3e3f900e443d,c1701860-d790-4ea2-b1b2-b8d82150bdaf,7949724.579552725,7949725.190170054,7949739.927122989,641,200,0.6106173293665051,14.736952934414148,224
94436631-ca23-4cd8-ab31-bda022f1605f,ae04581e-61a3-4e13-a5d3-988c330d8c3d,7949735.580139603,7949735.809058409,7949740.445106723,2001,200,0.2289188066497445,4.636048314161599,2000
4667ff79-0c96-42b7-802c-c55b4cbfeee2,b23331f5-cf25-4f3d-bb0a-0b712f6627c0,7949735.580153273,7949736.710426944,7949740.481065336,4546,200,1.1302736708894372,3.7706383913755417,176
cc702adf-e2da-4613-9a32-20383dd92507,8861bb38-fa7f-46fe-a61e-d670524b80a8,7949726.57969512,7949727.96128746,7949740.686192213,5814,200,1.381592339836061,12.724904752336442,160
9070e2ef-8f07-4640-be06-779fa550aba8,808d4138-729b-4276-b0a1-bb598e185260,7949736.579754908,7949736.8221232025,7949741.256193559,585,200,0.24236829485744238,4.434070356190205,432
a29907ed-6a15-423a-beec-7fd52af80718,7c8adab7-544c-4106-916a-d86d02536d30,7949735.580164287,7949737.353138436,7949742.032038664,5829,200,1.7729741483926773,4.678900228813291,1888
64133b4c-644f-4ded-baf8-3d1fc0b60caa,c224457b-5ee5-41ff-ab1d-fe153a463ef1,7949736.579745701,7949737.355253367,7949742.037708164,3700,200,0.7755076661705971,4.682454797439277,3696
59ee09e3-5728-46ee-b2aa-8571748c7491,2c2590bf-7735-4068-8406-2d47707168ea,7949736.579748835,7949737.822457207,7949742.136150069,4936,200,1.242708371952176,4.313692861236632,160
ee1752ca-ad88-4913-b2eb-bfa9b75a32f4,8452144b-0a71-4b63-9bd6-e7978af4ed65,7949737.579396078,7949737.749001586,7949742.364024913,966,200,0.16960550751537085,4.615023327060044,960
10b31534-f177-4929-b5ed-509f73f24ed4,91817d88-3093-4655-a55c-1e6106fc4d42,7949738.579921753,7949738.692317285,7949742.54589847,5826,200,0.11239553149789572,3.85358118545264,5824
4eac7601-6540-4a45-a4c1-8f579d158d70,8e21ca4f-d859-4abc-9993-2dfc2937e89d,7949724.579569516,7949729.573941457,7949743.375065488,5828,200,4.9943719413131475,13.801124030724168,192
e1bafe07-a39b-44a0-87fc-61b332d62e21,d361340e-7ada-4795-9f86-b45068834ca9,7949735.580160809,7949738.413414254,7949743.553973411,4594,200,2.8332534451037645,5.14055915735662,192
de3f629a-0ba4-4983-898c-0426077d1834,749cff23-59a3-425b-bc36-69a36ebb5518,7949738.579915405,7949739.950991037,7949743.815221958,3085,200,1.3710756320506334,3.864230920560658,448
28d3a013-c392-4ae5-87f6-a754090e4285,57a91587-71d3-4b42-b57c-e9022c37163c,7949728.579290852,7949730.524554436,7949744.288275778,5840,200,1.9452635841444135,13.76372134219855,176
52140eef-4a9b-444a-9bc8-5e82ef788ef1,47290926-f76b-42a0-b6b0-95ae3ac5a196,7949736.57972965,7949738.071285818,7949744.389002373,3384,200,1.491556167602539,6.317716555669904,288
916b9606-bad1-4055-8307-3fb413526d6d,c1aa437d-4a45-48f5-a4ba-fefa5588951c,7949728.579271269,7949733.468461548,7949745.774162591,4908,200,4.889190278947353,12.305701043456793,176
55edd13f-0079-4ff5-9914-fbfb07547920,984ff781-ca15-479c-8e06-7bd9cd701519,7949739.579454677,7949740.979361855,7949746.085604561,3753,200,1.3999071782454848,5.1062427051365376,192
d6c6efca-dc5d-47b0-88a4-7e72d5d2bd6d,fb070aed-59ed-4076-890d-d41bb370b24e,7949741.580479534,7949742.386589722,7949746.113826595,3408,200,0.80611018743366,3.727236873470247,160
91e162f4-9285-4d09-80d8-fb75aaddf862,e793cd05-3809-4e36-8e78-d44bc000c93e,7949730.579454937,7949731.968506084,7949746.245142225,5867,200,1.3890511468052864,14.276636141352355,160
d10fa5bb-584b-4091-acca-d99794db3894,4181337f-4f55-4fd6-8fbd-e067aaaaebe3,7949732.579508326,7949735.252554219,7949748.5671438575,5666,200,2.673045893199742,13.314589638262987,176
65458eb8-77e1-4827-9a9e-1d4d04b88266,b1cb652a-67d4-44c4-a3d6-11f8ce62329e,7949741.580487288,7949742.64651003,7949749.8295727465,4994,200,1.0660227425396442,7.183062716387212,192
9a241603-83bd-4345-a2a6-92e37c1a0bd9,e8ca3356-a8ba-4e8e-9a0a-388abfb645ec,7949734.57937044,7949736.232732587,7949750.368724132,484,200,1.6533621465787292,14.135991545394063,192
d3d147f0-a761-43fd-b58c-87db29f59f3a,21f467fb-de7c-4e1b-9293-058f066ebf57,7949734.57938156,7949736.797647402,7949750.680326548,5875,200,2.218265841715038,13.882679146714509,176
67e4b391-a8d6-4729-af4b-1a00a7522d2a,339e6a45-2ac7-4236-ac28-4af01254bcc9,7949743.57958357,7949746.995801819,7949751.609910921,5825,200,3.416218248195946,4.614109102636576,160
fa2d6a08-c8eb-457c-9774-3662f24980f8,f0cbebc5-adb6-461b-9b21-22667b2f1d8c,7949745.579829615,7949746.460494037,7949751.927141349,3014,200,0.8806644221767783,5.466647312045097,160
07e19828-abf4-4fda-8197-e8b541b423a8,00049226-a856-4e37-9f5a-1aec0d5a0b20,7949746.579147792,7949747.870094559,7949752.3123733485,5730,200,1.2909467667341232,4.442278789356351,192
45664ab5-ea74-4386-ba75-1fb331e37e7f,aa51b55b-bb87-48f0-8caf-7b55883df5b1,7949746.579158635,7949747.938161097,7949753.651462875,5851,200,1.359002461656928,5.713301778770983,176
571b3fc6-a5c6-417a-a3d5-5159d0b25ef4,0fd4279a-26c5-4067-ab88-75febf63597d,7949747.57961862,7949748.673662652,7949754.011777101,5831,200,1.0940440325066447,5.338114448823035,176
db6b758c-0d01-48dc-90e1-515aced5da9f,4c23bd5a-bf9f-4ee2-a8bc-c19f72ea4b9d,7949736.579751549,7949737.6814757725,7949754.093077303,1249,200,1.1017242232337594,16.411601530387998,160
6dd02fd1-cc41-4336-a63c-1642550e3c3f,386b7318-3947-4df1-8dd5-2e93abdf10c2,7949747.579938897,7949749.441563965,7949754.3311382895,5970,200,1.8616250678896904,4.889574324712157,160
976e05c7-dda0-4f3c-a514-4c5081dff3dd,af45b936-e0fc-4b4b-a8e6-2c2ce81710a0,7949745.579844225,7949747.430221798,7949754.449463213,2220,200,1.8503775727003813,7.019241414964199,176
73f997ee-0ee4-4a93-b265-b78cfdba4211,2375aed9-bf2b-4d31-b02f-4651375f6697,7949747.579961253,7949749.0908913165,7949754.550937606,1380,200,1.5109300632029772,5.460046289488673,176
3a08a770-18f0-489c-87d3-febcac9f4029,3d9f64af-c9b9-49e3-aada-0810637fc61a,7949747.579954086,7949750.1604335625,7949754.917651973,4399,200,2.5804794766008854,4.757218410260975,160
6a6171f7-4202-410e-8100-9952aad1d77d,735daccb-a891-4087-abba-4836d694702e,7949742.579271695,7949744.731742747,7949755.364990398,801,200,2.152471052482724,10.633247651159763,176
76efa74d-eb63-4db5-b937-ca321ea04662,31d285ac-fc75-4253-9dbd-ca2580bb03c1,7949749.579407316,7949751.963005394,7949756.575332708,4738,200,2.3835980780422688,4.61232731398195,224
06671b1f-4ade-406e-bada-da450aa852cc,899c2615-9ae4-4ce5-91c4-b802b05ed50e,7949747.579947577,7949751.696789537,7949756.987340508,2310,200,4.116841959767044,5.290550971403718,432
aeba68af-131b-435d-b075-261df5596dbe,de528792-7b2e-4008-9f06-3c9229e60e2f,7949738.579918885,7949739.754259411,7949757.013036983,1956,200,1.17434052657336,17.258777571842074,224
9ead6fa0-43cc-4bbd-97c3-4fd52833caae,9094afdf-fdf4-40ec-b8cb-b04664e6ec6d,7949751.579148062,7949752.501724782,7949757.324765539,4050,200,0.9225767208263278,4.823040756396949,192
7bc498ae-557e-4339-81be-a2820a93ffec,45e7f1a3-6b50-4b00-bff3-e4a8f31e6793,7949752.579678572,7949752.663241994,7949757.531966399,4234,200,0.08356342185288668,4.8687244057655334,4224
80a5eaa5-4212-4df6-baf9-9161c07425e2,6e324056-7897-4c8b-93de-3f0d2871a1a9,7949738.579912588,7949743.439126509,7949758.03489726,6010,200,4.859213921241462,14.59577075112611,192
0d36de04-d5fb-42de-9260-13baa1cefce7,4a4b9580-1d15-458e-9b7f-fe574dea6d90,7949753.57894241,7949754.038945826,7949758.3371297335,1468,200,0.4600034160539508,4.298183907754719,176
c5ae3f7a-6e2a-4016-bfbd-93d2902a9750,828db195-ca5a-4484-848e-1fc6ac242624,7949751.579167775,7949754.920911495,7949758.623562017,5834,200,3.341743719764054,3.702650522813201,176
1a10ae54-1635-458f-815c-8557e938470d,71249e78-f974-49c5-984a-5525529f0b96,7949753.5789614,7949754.130568582,7949758.797166367,584,200,0.5516071813181043,4.666597785428166,192
36e02833-0812-4b72-840b-e4b68f4280f0,0f610880-6ddd-4017-bf17-27f18caf55cb,7949746.579151831,7949748.116346416,7949759.537223624,5690,200,1.5371945854276419,11.420877208001912,160
ed6ecc38-5f8d-4d49-8839-f5bd0e1279bb,c07084f9-822d-4596-b07a-bb757e68395b,7949753.57896421,7949755.481785748,7949759.580944483,911,200,1.9028215380385518,4.099158735014498,192
4dca793e-3562-4292-9ad8-61dff1c630f3,8e505307-8830-46b2-ac68-84a7d5dbd9a0,7949753.578954597,7949755.902851224,7949759.606418284,2900,200,2.3238966269418597,3.703567059710622,160
c9557f68-73f3-4957-b9c0-0ea8d71b3c56,773fcc75-711c-4081-bfea-8e9f5d5f8c42,7949754.579202337,7949755.311192392,7949760.022471366,1773,200,0.7319900551810861,4.711278974078596,448
a00be041-ade0-4bc7-b318-44336f5cc5d7,b01f6c83-5554-4371-9f04-7b0e790263ed,7949753.578967607,7949755.63709732,7949760.133710996,5627,200,2.0581297129392624,4.496613676659763,192
cf0eac8a-eac2-46fb-a29f-6f567d75f218,16c03b80-16ca-4741-9908-eb2c51e1d2a1,7949754.579192353,7949755.419983107,7949760.199728019,1682,200,0.8407907532528043,4.779744911938906,224
5b3a0f87-a69c-4b8f-bfba-6f21aa5c9208,a0ee44f1-f36b-4a6a-bf7e-a9a8c8f79820,7949754.579205072,7949757.147576793,7949761.374338434,5982,200,2.5683717215433717,4.22676164098084,192
1603e925-b7c7-4ebe-84a5-52df5c9d81cc,be7c7963-f013-4d24-b0a7-6748d0b4636c,7949757.579540823,7949757.739049127,7949761.575720875,461,200,0.15950830467045307,3.8366717472672462,224
eb00c144-b486-4dc4-943e-05c946f8421d,ba04113c-f39c-42e2-9942-9e943a5f3a91,7949748.578970237,7949748.9797434965,7949761.853830834,1333,200,0.40077325981110334,12.87408733740449,192
c4b08b66-585b-4479-8802-c75ca2917927,173d8474-31a7-49c9-a766-796c9ce56475,7949748.57898413,7949749.284117944,7949762.185715925,1545,200,0.7051338134333491,12.901597981341183,256
4b6cff1d-ee86-41e4-8595-0aac1e5274cb,657ec69d-2850-466b-9d84-480d9f1b5621,7949748.578987196,7949749.759644877,7949762.522325018,3048,200,1.1806576810777187,12.76268014125526,160
f951eff8-2c2c-4c14-8e3e-30011deef4ee,1cda0d46-618b-4b7a-b957-319fe6d96516,7949755.579849666,7949758.143007612,7949762.835325449,6444,200,2.563157945871353,4.692317836917937,192
74af8108-7d7a-46ff-9ca6-396ad39d2a43,963d93fe-f6a8-428e-baeb-6dabe98fe811,7949759.57910529,7949759.831204743,7949764.03215415,1098,200,0.252099453471601,4.200949407182634,224
9825f080-806a-41ea-83d3-0605841788bc,b77d50a0-f922-437c-a00d-6b3572ecfa03,7949748.578981352,7949751.247386024,7949764.313739332,5905,200,2.668404672294855,13.066353308036923,160
085e760d-594a-4f1e-888b-d799e79d6e7f,502899ee-4518-4d94-a120-80fc9b07318d,7949757.579528952,7949759.671541543,7949764.814796916,4744,200,2.0920125907287,5.143255373463035,192
7ea4d59b-3d5b-4171-8a8e-883b930f6a6d,a6d693f0-8426-4cd2-a4b0-43616e67e856,7949748.57899447,7949752.102173711,7949765.037824355,5970,200,3.5231792414560914,12.935650643892586,176
59f5fccb-98ea-469f-a3b6-88fbd98aa8ca,02040ade-ed2d-491c-ad7f-c7feac81e298,7949760.579657224,7949760.930833672,7949765.513257899,1365,200,0.3511764481663704,4.5824242271482944,160
435ad98b-322e-4512-a543-c901f9533599,899c2615-9ae4-4ce5-91c4-b802b05ed50e,7949760.579653926,7949761.164607628,7949766.358294678,2306,200,0.5849537020549178,5.193687049672008,432
8fa551e8-13b5-4223-be00-567cf87a83dd,84fa6356-b99b-42cc-943e-4313c53f37a8,7949760.579643224,7949762.306836666,7949766.617077043,6828,200,1.7271934412419796,4.310240377672017,224
a0f4e535-939e-4e2a-8115-8a81ce17f345,808d4138-729b-4276-b0a1-bb598e185260,7949761.579733659,7949762.338391001,7949766.684113025,744,200,0.7586573427543044,4.345722023397684,544
b56f31be-5d9f-4472-8734-e6b2ac751841,ba46ec63-d117-43af-a082-fdb05a1381df,7949761.579727014,7949762.161658749,7949767.414524868,2935,200,0.5819317353889346,5.252866119146347,160
c5e29c21-4f41-420e-9f2a-a2e05735011e,e793cd05-3809-4e36-8e78-d44bc000c93e,7949761.57973722,7949762.831214191,7949767.61053264,5855,200,1.2514769714325666,4.779318448156118,160
6defc80b-537d-45b0-8d2f-fa2d561c480f,db50af28-fa33-4f95-803d-71036af6bdbe,7949761.579717078,7949763.701465049,7949768.007110781,5863,200,2.1217479705810547,4.305645732209086,176
baeb4499-df20-4f09-8e0c-9b693263b6f3,02266e03-2387-4a93-80ac-e63ccdb91f20,7949750.579253676,7949751.128249009,7949768.114316558,3896,200,0.5489953327924013,16.986067549325526,160
4e103d67-1be5-4655-badd-1f470713b3a9,578ff680-a8ea-4b5d-8584-dc1cc1653e23,7949763.579876869,7949763.823738355,7949768.689130747,3098,200,0.24386148620396852,4.865392391569912,3088
b073c9da-ccdd-430c-a625-0359759a76ca,dc50ab8c-4aef-4581-800f-8d55cff5e8ac,7949763.579891221,7949764.294947527,7949769.07629346,1683,200,0.7150563066825271,4.781345932744443,192
a8245d1a-e472-427d-af79-4f5ed214795d,977544a9-56cc-4224-963e-af3a1e5f58c6,7949748.578978131,7949751.727102156,7949769.660216188,6425,200,3.1481240252032876,17.933114032261074,192
041f3e92-6547-4ac0-844f-1fa8c17d8a8b,8deb1987-ae66-48b8-ad82-ef28a801bdb8,7949763.579863882,7949766.114745852,7949770.26099126,1726,200,2.5348819699138403,4.146245408803225,192
5876ce55-3285-4689-8b98-7af63f6e1dcb,fc39ffc1-cc7b-44be-930b-eabd806b6aa4,7949764.579358157,7949766.503250994,7949771.178229744,5722,200,1.9238928370177746,4.6749787498265505,176
320be0a5-0968-47f1-9279-b2d59845c50e,f48f3c83-7b8a-45e5-a0fa-74a6e92599d8,7949766.579010792,7949766.8169826325,7949771.324979344,5874,200,0.2379718404263258,4.507996711879969,5872
d4376267-54a6-49e6-b05a-e99856430429,0fdd3815-1923-4d11-a5f1-1c32cbce836b,7949763.579888114,7949766.692123817,7949772.293850695,3851,200,3.1122357035055757,5.601726877503097,176
72960668-9359-4f4e-a5bd-1ea14feb8f78,47290926-f76b-42a0-b6b0-95ae3ac5a196,7949766.579026799,7949767.16710345,7949772.963548283,3374,200,0.588076651096344,5.796444833278656,1376
db9f86d6-9352-42a5-a0b2-d8356b051f5b,4c23bd5a-bf9f-4ee2-a8bc-c19f72ea4b9d,7949758.57981514,7949759.145158928,7949773.914564227,1411,200,0.5653437878936529,14.769405298866332,1248
d3fa1fd6-8fd8-4196-8685-ef51bdb533ec,e8ca3356-a8ba-4e8e-9a0a-388abfb645ec,7949758.57983093,7949760.8393602045,7949775.847341226,605,200,2.2595292748883367,15.007981021888554,192
919c593d-bdbe-44af-899f-9ef51f1e4c98,c3d496a4-2080-4ec5-b544-6c3443dffdf3,7949769.579755321,7949770.685256998,7949776.543431926,4672,200,1.1055016769096255,5.858174927532673,160
a72b9836-4425-428f-8203-6a5e31f6cfe0,43547b38-0907-4fd9-ac93-a7380b13691c,7949771.579580141,7949772.321122853,7949777.527095795,960,200,0.741542711853981,5.205972941592336,192
41453d4b-4b75-4b4b-9ad9-0c1728b20b56,4a4b9580-1d15-458e-9b7f-fe574dea6d90,7949771.579596632,7949772.70025892,7949778.068708731,1468,200,1.1206622878089547,5.3684498108923435,1456
9fb6f572-516b-4465-a2b9-6b425ff506f5,93f972a6-65ef-4743-aae5-aab226f65263,7949770.579033352,7949772.700896631,7949778.071033898,5882,200,2.1218632785603404,5.370137266814709,224
d23c9c37-ea34-4976-b410-c37286041af2,b1150a5d-89df-4036-90e6-c349a59a71a3,7949771.57956958,7949773.464816903,7949778.163074753,5707,200,1.88524732273072,4.69825785048306,224
a0e91ded-1c5c-4c90-afdd-aa5357e30470,c2c3631f-2662-40db-8c0f-628ff0659c25,7949756.57962272,7949757.091357184,7949778.939602217,827,200,0.5117344632744789,21.848245033062994,192
3a7faba8-66de-4a58-afa8-55309e3aef52,a09a039f-9515-4b52-bf42-ea10d8add1bb,7949772.579658032,7949773.177645699,7949779.206257428,1095,200,0.5979876667261124,6.028611728921533,192
f39dd4c9-5249-4a42-ae78-7cbf5c71fa53,9728b43f-13e5-4f1c-b6d4-40db13828d76,7949774.578896421,7949775.815596055,7949779.779589049,5847,200,1.236699634231627,3.963992993347347,176
9b4122e2-0590-45b7-8771-96a05024ca54,a9ee696e-7782-458b-b0e3-a5f993f4a8eb,7949773.579451867,7949774.677514942,7949780.094703491,5878,200,1.0980630749836564,5.4171885484829545,176
8e5cb262-f148-4f3c-9530-8549573eea23,91e22163-b1ce-41e5-803d-070d44488e41,7949773.579483254,7949775.622309881,7949780.444016695,5933,200,2.042826627381146,4.821706813760102,192
3cb89f5c-bfe7-43b7-a323-1570ccd04c91,fd66c258-5859-4553-99da-0f386f57432c,7949773.579468494,7949774.380953633,7949780.629080849,4652,200,0.8014851389452815,6.248127215541899,160
d0911768-8d9f-4b1f-b2ea-adf402cd10b4,c2cf61e6-40f9-49e5-a7f1-e24130e70596,7949773.579464007,7949775.005458367,7949781.307736465,5804,200,1.4259943598881364,6.302278097718954,176
22014d7f-9f3c-4320-be07-bdb0ae5dd743,aa2dc0a5-8f81-47dc-8767-40e6ea12f767,7949774.578910711,7949777.682169369,7949781.547131881,5860,200,3.1032586582005024,3.8649625116959214,192
82a5a5b2-236f-4ae9-8170-f77b9a441d65,538295df-2f0a-4085-8670-42fd0748d463,7949774.578876749,7949775.633130238,7949782.119990918,974,200,1.0542534897103906,6.486860679462552,176
eda6f425-c820-44d6-9eae-80eafac93f9d,dc6a24a9-28a9-4c0c-84ed-02457cc09129,7949773.579471648,7949776.035155817,7949782.751271338,547,200,2.4556841691955924,6.7161155212670565,288
d021eaad-76ac-4eac-b9e2-7c32a74d4437,1395c13e-e24a-45ea-b379-cf296f4c4d9c,7949756.579625353,7949757.684321326,7949783.208312253,1173,200,1.1046959729865193,25.523990926332772,176
161154e0-0d2b-4a0d-b783-0f888e7312cb,4b6ac81e-dcab-4d4b-86b0-55cc757e83a1,7949762.580702716,7949763.34563923,7949783.286522073,5991,200,0.7649365141987801,19.940882842987776,176
e87d0413-177b-4fea-8b47-c6b3c4cee9ad,173d8474-31a7-49c9-a766-796c9ce56475,7949777.579504473,7949777.923845841,7949783.855931148,1584,200,0.34434136748313904,5.932085307314992,0
ed58a888-877c-415b-b149-a1bef6bc7bc2,6963d70e-8a78-474a-aecb-3a11623672b1,7949756.579628129,7949760.954432496,7949783.880539775,1367,200,4.374804367311299,22.926107279025018,176
1a2ebb56-f26f-4b7e-8e14-fd52325c6f29,dc6a24a9-28a9-4c0c-84ed-02457cc09129,7949778.579023104,7949778.720256848,7949784.392385852,578,200,0.1412337440997362,5.672129003331065,288
2e7f335e-c5f5-49ad-9afd-df15e9c293c7,d8a397bc-57f7-446c-afd5-6ed41a735419,7949778.579035864,7949779.428366473,7949785.098032603,2383,200,0.8493306087329984,5.66966613009572,192
06c9ed7d-f390-494b-ab63-610dac9b9c06,86b84ce4-aa76-4cfe-b1b8-66b87df44432,7949762.580706789,7949763.883942872,7949785.259939729,4822,200,1.3032360831275582,21.375996856950223,192
eb860277-20e1-4da5-b980-6601ede78d55,963d93fe-f6a8-428e-baeb-6dabe98fe811,7949779.579491929,7949779.714602067,7949785.425613272,1098,200,0.1351101379841566,5.711011204868555,1088
4d69d261-0de6-4739-90e9-9fc2928907cf,57653307-c6ff-4c87-8138-1533b53900a3,7949777.579492201,7949779.137854556,7949786.563940448,5965,200,1.5583623545244336,7.426085892133415,160
a91a132b-aca3-41d2-8bb4-d53998881fc5,a3bb449e-1467-48eb-9777-ecb69c324826,7949780.579435982,7949781.882263815,7949786.878301336,2084,200,1.3028278332203627,4.996037521399558,192
c71298b7-00b5-40a3-928b-9e76f858474c,173d8474-31a7-49c9-a766-796c9ce56475,7949762.580688737,7949763.887028192,7949787.199369454,1596,200,1.3063394548371434,23.312341261655092,1536
faaf81f1-89b0-4983-bee1-534331186346,e6336030-a659-4464-954a-a056f93a2109,7949779.579506681,7949779.95008876,7949787.56143832,1785,200,0.37058207858353853,7.611349560320377,192
4ef45379-4417-4cf4-8d64-7ac44ec99bc0,5f03cc52-082c-4278-836e-b69155dec9ba,7949781.579548536,7949786.054310188,7949790.333222539,6316,200,4.474761651828885,4.278912351466715,160
5aa0745d-c1f4-4773-b28d-4190f60f4b3f,cc1399df-ddbd-4863-9dc3-cad34947be2c,7949784.579006972,7949785.900635778,7949790.616414343,5845,200,1.321628806181252,4.71577856503427,176
a956db71-80bb-4719-8765-94663ade56e7,22d7558f-2436-464f-b111-4724e2f322d1,7949764.579346645,7949766.962423647,7949791.276714391,2109,200,2.383077002130449,24.314290744252503,160
7c28dd79-cc0a-4841-a130-a306ebc5336a,899c2615-9ae4-4ce5-91c4-b802b05ed50e,7949784.578998847,7949786.973858966,7949791.856302279,2292,200,2.394860118627548,4.882443313486874,288
2785b70a-8f7e-4f17-89dd-4d89c192ef44,de528792-7b2e-4008-9f06-3c9229e60e2f,7949787.579068769,7949788.168052917,7949793.024580766,2116,200,0.5889841485768557,4.85652784910053,224
881bce0a-2d4d-452a-883c-7b46d99dac61,b9059ca1-41f6-4bb2-a78c-89f60ec16a23,7949787.579063092,7949788.0883501815,7949793.187377186,2726,200,0.5092870891094208,5.099027004092932,160
78fe4d4c-7b94-4385-a793-20a4e29202f7,899c2615-9ae4-4ce5-91c4-b802b05ed50e,7949770.57902396,7949772.968294145,7949793.195672187,2297,200,2.38927018456161,20.227378042414784,16
52ad8615-428f-4a80-b73e-0ca1aed2fbc4,749cff23-59a3-425b-bc36-69a36ebb5518,7949786.579667885,7949787.721307309,7949793.290134504,3328,200,1.1416394244879484,5.568827195093036,448
5d16c553-b564-4dea-a28f-17d6ebab3d8f,a4910820-870d-4238-922d-93ffdf3d500c,7949766.579022932,7949768.817514326,7949793.32269748,1083,200,2.238491394557059,24.505183153785765,160
75bf900b-b904-4698-9296-f3d980258c92,c1aa437d-4a45-48f5-a4ba-fefa5588951c,7949787.579052781,7949788.851270545,7949793.550124252,5128,200,1.272217764519155,4.698853706941009,176
bcc91934-169d-4d23-8b11-b0bd735274a5,1f10b2d7-9302-4f7e-adfd-f3c4f7c6944c,7949787.579071475,7949788.833147117,7949794.829443699,3505,200,1.2540756417438388,5.996296581812203,192
747bf3d1-30ac-4510-b586-2adcc14ef85a,173d8474-31a7-49c9-a766-796c9ce56475,7949788.57968107,7949788.838441456,7949794.898604641,1636,200,0.258760386146605,6.06016318500042,1568
a640c097-5c75-4f11-b190-cc984e198088,d361340e-7ada-4795-9f86-b45068834ca9,7949787.579060052,7949790.554586435,7949795.099299948,4860,200,2.9755263831466436,4.544713512994349,192
b94cff95-049a-4f20-b8d9-744373a214f2,008dd8be-2869-4ff2-8840-18c17714b28a,7949768.579701618,7949768.844509698,7949795.3818820035,694,200,0.2648080801591277,26.537372305057943,224
7dcb5e0d-71fa-4bcc-9372-cfa39ebf301d,a30e4ed2-239e-4a1d-86d1-60a097e7cf74,7949788.579703844,7949789.786312191,7949795.386435903,5830,200,1.2066083466634154,5.60012371186167,160
63c9bf16-c058-4217-821a-1de9e2a20c61,8e505307-8830-46b2-ac68-84a7d5dbd9a0,7949789.579746251,7949790.231740637,7949795.737942697,2900,200,0.6519943857565522,5.506202059797943,2896
fff3d46f-6cdb-427e-a4e5-d657cc4ae628,b291c0ac-e9de-4ead-baf2-abc51810229c,7949789.579749922,7949790.020174953,7949796.0088401,916,200,0.4404250308871269,5.988665146753192,192
54398a7b-c70c-4e4e-991f-ae4200c42708,0f461546-1087-4ea8-86ba-ebc6af9b16f9,7949788.579708096,7949791.18917143,7949796.3938411,5779,200,2.609463334083557,5.204669670201838,176
626412d6-56e5-429c-a590-06bcf90e528d,169bfd1c-b54b-4a03-b40f-5a304abd2cb8,7949772.579655122,7949773.622164297,7949796.477533914,4848,200,1.0425091749057174,22.85536961723119,224
548bb9d1-8b42-43a4-9e5c-3ee2866337e3,3d9f64af-c9b9-49e3-aada-0810637fc61a,7949789.579756375,7949791.205364035,7949796.855571011,4562,200,1.6256076600402594,5.650206975638866,160
7eed4b48-e3bb-46dc-8bae-d97fa37a11e5,ff27b323-224b-4236-b530-8b34fcfc9531,7949790.578959737,7949790.870519784,7949796.864498455,420,200,0.2915600473061204,5.993978670798242,176
f45ecb49-5988-4e02-80d5-18ede11d4e5b,e793cd05-3809-4e36-8e78-d44bc000c93e,7949790.57897298,7949790.998793808,7949797.056589626,5855,200,0.4198208274319768,6.057795817963779,5840
74d8550d-591b-419d-a2ab-8a9d429eb6a6,d051c958-8834-4bbd-81fd-9bd715084c55,7949768.579707637,7949770.729349721,7949797.466155315,410,200,2.1496420837938786,26.73680559359491,176
6e074962-be9f-4591-bd2d-92c283ca0c7c,fb070aed-59ed-4076-890d-d41bb370b24e,7949790.578966659,7949792.01084299,7949797.599401405,3575,200,1.4318763315677643,5.588558414950967,160
f10a14bf-9c5f-4d86-b976-ed2b09772304,87bc14e3-59a4-4128-82c3-fc9b5691ebd4,7949790.578969699,7949793.183368806,7949799.090740309,5851,200,2.60439910646528,5.907371503300965,160
f5147f79-39ad-4a7c-9d67-5d36e90d98b7,22d7558f-2436-464f-b111-4724e2f322d1,7949791.579495737,7949792.3652451,7949799.675232947,2109,200,0.7857493627816439,7.309987846761942,224
3dcec57c-d71c-42b4-96b1-5829a657d5df,0883483d-ba52-4103-b119-afeaa09302ef,7949791.579507318,7949794.779784742,7949799.728188276,5877,200,3.2002774234861135,4.948403534479439,192
a3974140-f039-4cb3-8206-459560a0784a,f48f3c83-7b8a-45e5-a0fa-74a6e92599d8,7949792.579580819,7949792.747896392,7949799.820577579,5874,200,0.16831557266414165,7.072681186720729,5872
defcc1cf-86d0-4063-b147-437b45dd3203,5cfe068c-bdac-4693-905b-190923e1087c,7949792.579578069,7949794.499720982,7949800.111815423,5857,200,1.920142913237214,5.612094440497458,224
db2a3c39-5b37-4647-9e80-1f8cebf8e846,c22fb9b8-9ddc-4b2a-99a0-55d2562e0072,7949774.578907565,7949781.161375758,7949800.151480496,3045,200,6.582468193024397,18.99010473769158,192
12eb47ee-20ef-4a99-8818-ab76285d0b2e,5f9e6284-915c-40e2-8a2a-bcc88656c017,7949792.579583636,7949793.484274409,7949800.292019853,431,200,0.9046907732263207,6.807745444588363,176
8b13bd64-bee7-4719-8f0b-3056c52da820,773fcc75-711c-4081-bfea-8e9f5d5f8c42,7949793.580024869,7949794.041726446,7949800.724350325,1958,200,0.4617015765979886,6.682623879052699,1760
144c6338-36c2-44dd-9650-fdfcce68e901,bfc78a92-84e5-4fdf-8b1d-913c94a11821,7949792.579563162,7949794.045345719,7949800.731810574,4223,200,1.465782556682825,6.6864648554474115,192
5cd3cc0d-2fc4-461e-85ea-b238627d0582,87ff4f06-6b13-499d-bcc9-1557df9503ed,7949770.579029981,7949770.7560093505,7949800.941113526,610,200,0.17697936948388815,30.18510417547077,176
8679b24e-a7c5-4eff-a573-9ae12a8193bf,74a8d097-f062-41b6-8205-d784bb153261,7949770.579019859,7949772.935562456,7949801.461528493,2186,200,2.356542596593499,28.52596603706479,160
3243ef02-456f-4b4a-9bc5-0919dcea0718,5528d602-0065-4aee-a2d6-8421c7efbbb5,7949794.579201879,7949795.182843054,7949801.503282134,788,200,0.6036411747336388,6.320439080707729,224
8644cbd1-a3f9-46f1-b948-d4e9f0ae6fbd,f0cbebc5-adb6-461b-9b21-22667b2f1d8c,7949794.579189377,7949797.155704775,7949802.5315684285,3268,200,2.57651539798826,5.3758636536076665,224
55331c7b-55a5-45f5-a756-9c7a7789ea0f,4c23bd5a-bf9f-4ee2-a8bc-c19f72ea4b9d,7949774.578893189,7949774.783243346,7949803.036074865,1399,200,0.2043501567095518,28.252831518650055,1392
47c3c322-8e97-4da6-9d30-f298776dbd07,b3b1f241-4f97-466c-b9af-0701c1476d26,7949792.579574699,7949797.437782297,7949803.049113419,5852,200,4.85820759832859,5.611331121996045,224
e984023c-9a45-41fa-848f-9cd9c6418e7a,48f00f11-d6a7-4d60-b710-9751910c2b29,7949793.580031254,7949797.1993173305,7949803.33138951,5614,200,3.6192860761657357,6.132072179578245,176
6ae0e85e-0dab-44be-95ce-5e1539019b6d,11930aa0-eecb-4b90-8321-5576b64783b6,7949774.57890356,7949779.445634739,7949803.518778232,5919,200,4.866731178946793,24.073143493384123,224
d6811696-c8d3-46c4-ad43-be0f57752833,977544a9-56cc-4224-963e-af3a1e5f58c6,7949793.580021408,7949798.398424754,7949803.527970486,6357,200,4.818403345532715,5.129545732401311,1248
c43d84ed-3cf9-46c4-a0f0-4c9fb9d9b0c7,b325fd77-fdfe-41e9-a0ff-794363903698,7949797.579219859,7949798.083597771,7949803.594874674,1830,200,0.504377911798656,5.511276903562248,160
203ce8f9-ffb7-431c-9496-34ea99bccdce,739e8356-c265-49a3-95cc-6cf7925072f8,7949793.580011729,7949797.062703603,7949803.610359216,4643,200,3.482691873796284,6.5476556131616235,176
87c25d1e-b506-41a3-8d3d-4fdb3a77fc59,9795a11d-feda-455e-aaec-ca2ce9457f8e,7949795.579494919,7949798.457535953,7949803.999083412,2824,200,2.878041034564376,5.541547458618879,176
c44046cc-f6d8-4bbf-a17e-a0257a0fb934,8e21ca4f-d859-4abc-9993-2dfc2937e89d,7949778.579043387,7949781.659875694,7949804.149685259,5970,200,3.0808323062956333,22.489809565246105,192
73f77f76-2317-4fa6-b461-56bcc94abbfb,1cf5c436-bb75-402c-9dfd-fae7395bc0a0,7949780.579450511,7949788.865089494,7949804.23938003,1326,200,8.2856389824301,15.374290536157787,160
49e73bb5-1dbc-4179-81a0-032fd76a888d,0fd4279a-26c5-4067-ab88-75febf63597d,7949796.579705852,7949799.514611259,7949804.29336758,5782,200,2.9349054070189595,4.778756320476532,176
14c56c2d-6b8a-4fb2-9d4d-4ad1cc46146f,808d4138-729b-4276-b0a1-bb598e185260,7949797.579224591,7949797.93037304,7949804.355221491,888,200,0.35114844888448715,6.424848451279104,192
b142c67e-45ad-4523-8f6a-798f5592e549,232da153-6f07-41c5-b184-6a34c8861a3c,7949797.579207724,7949798.736041327,7949804.735767241,5729,200,1.1568336030468345,5.999725913628936,224
7d114da8-f7b7-4724-922a-d9709c8f1e71,6b847b13-93a7-47a1-a5fa-4305b17cecb8,7949800.579534995,7949801.1897656415,7949805.139133772,1434,200,0.61023064609617,3.949368130415678,160
306707c2-99e9-4f5d-a09b-7084fafc4997,502899ee-4518-4d94-a120-80fc9b07318d,7949797.579227967,7949800.21124138,7949805.421090226,4900,200,2.6320134131237864,5.209848845377564,192
1d09cbda-cc00-42b0-9891-9ab838d60896,61eb241e-000b-450e-bed6-796e03a53e92,7949798.57966448,7949801.269980865,7949805.488230951,881,200,2.6903163846582174,4.218250086531043,176
0819f93c-fa03-4fa8-b831-ce4e0d7cd139,af45b936-e0fc-4b4b-a8e6-2c2ce81710a0,7949799.579425966,7949800.173930839,7949805.933509074,2425,200,0.5945048723369837,5.759578235447407,176
bfd8430b-0731-48bc-a245-91bb5e4f17a4,008dd8be-2869-4ff2-8840-18c17714b28a,7949798.579656509,7949800.506876046,7949806.22265507,682,200,1.9272195370867848,5.7157790241763,672
e7fbd51c-066e-4531-b12b-fc5b13e89a2b,e1a9d263-ac30-4000-851a-1dbe52fb62c1,7949799.579422277,7949801.707044524,7949806.468615204,5882,200,2.1276222467422485,4.7615706799551845,176
3f6c2294-d5f2-4eee-80f3-66be92d4d158,a4f0c701-3c40-428e-a46d-38a2479e43d2,7949800.579548189,7949801.9790710425,7949806.559675363,5903,200,1.3995228530839086,4.580604320392013,176
b33021f5-c41c-41ba-ac75-4bfdc9f8d3d3,67175028-e3cc-49e9-98a5-1253f05846f8,7949803.579009469,7949804.067327701,7949807.78183752,863,200,0.4883182318881154,3.7145098196342587,224
8651429e-7e3f-40e5-94df-55b5b778928e,dc6a24a9-28a9-4c0c-84ed-02457cc09129,7949804.579493004,7949804.831946732,7949808.444052322,635,200,0.25245372764766216,3.6121055902913213,288
7efa993c-462c-4fa4-a25a-268fa9f9bbb9,a9ee696e-7782-458b-b0e3-a5f993f4a8eb,7949803.57898189,7949804.158764126,7949809.086985903,5878,200,0.5797822354361415,4.92822177708149,5872
72329fac-a6fd-4f32-864f-2bad450ab2ed,21f467fb-de7c-4e1b-9293-058f066ebf57,7949801.579851632,7949804.729895426,7949809.137683191,5860,200,3.150043793953955,4.40778776537627,176
c82e74cd-b707-4189-8cf8-f611d08b49e2,773fcc75-711c-4081-bfea-8e9f5d5f8c42,7949804.579489825,7949805.933560474,7949809.532705888,1958,200,1.3540706485509872,3.5991454143077135,160
7a9ae7c7-c53e-4523-8206-02af61b8fece,509e694a-3fe7-4d92-89a0-f7d32c4d3964,7949802.579363482,7949805.277223923,7949809.911413403,5323,200,2.697860441170633,4.634189479984343,176
baf3a870-12fc-42e6-9e8e-1c6ca78642a3,5fdc8d1b-9130-4255-8d8f-69525a57c9d9,7949801.579831016,7949802.332693378,7949810.278673997,3272,200,0.752862362191081,7.945980618707836,176
bff0eb3c-b743-4340-9e22-2ce8cb1cec5c,d051c958-8834-4bbd-81fd-9bd715084c55,7949806.579079669,7949806.766684852,7949810.443763012,579,200,0.1876051826402545,3.677078160457313,384
b0604f9f-d955-4514-86ce-b2af2c388feb,be7c7963-f013-4d24-b0a7-6748d0b4636c,7949805.579170604,7949805.976036036,7949810.583112993,573,200,0.39686543215066195,4.607076956890523,224
a45a20e0-771d-41fc-8c37-2d498d378bad,efedac55-57dd-4acf-9f7e-f6bbd7243fbe,7949801.579847865,7949803.036388545,7949810.954917944,2177,200,1.4565406804904342,7.918529398739338,224
5d06dd52-e82a-45e9-a95b-ebeedd2ecbe5,b77d50a0-f922-437c-a00d-6b3572ecfa03,7949807.579742199,7949807.820888092,7949811.663879706,5905,200,0.24114589300006628,3.8429916137829423,5904
348db94c-10e9-47dc-adcd-93c87408d1c4,983c6b10-a629-42aa-9aba-1fecdf2e8c5b,7949808.578976769,7949808.792098085,7949812.680307661,632,200,0.21312131639569998,3.8882095757871866,192
734f9f73-3059-4c6e-9c26-6e8f49d07c40,6963d70e-8a78-474a-aecb-3a11623672b1,7949807.579746421,7949807.817614101,7949812.681075264,1382,200,0.23786767944693565,4.863461162894964,1328
6e8e8d0d-a83f-4055-97b3-a7a4522eb2cb,991fa4e9-1892-43fb-931e-c1ec446cf34b,7949806.579085681,7949808.147422518,7949813.02132122,5844,200,1.5683368369936943,4.873898702673614,192
6029a9b8-8acd-4699-8ef0-01e8a38c60b6,5974b26c-9c91-4e54-8f64-6f0a30771880,7949807.579753761,7949809.36099527,7949814.085415401,5851,200,1.7812415091320872,4.724420130252838,192
2235821e-a553-4276-9391-646a3cc524d7,b3efda6a-d076-45f0-9d86-ab69b8c656b1,7949809.579043053,7949809.745216373,7949814.127955055,371,200,0.1661733202636242,4.382738681510091,176
5f3102ed-4425-4535-b878-3bf6cb94a2b6,2375aed9-bf2b-4d31-b02f-4651375f6697,7949807.579757607,7949809.753889869,7949814.472579935,1550,200,2.1741322623565793,4.718690065667033,176
3b909606-aabe-41a4-a6ee-3f3d26c041f8,4e2cc355-6767-4d58-af18-665591a2617c,7949808.578966875,7949809.632452915,7949814.502291303,3076,200,1.0534860407933593,4.869838387705386,192
2940b184-47cf-4e66-be10-a02e4cd93072,7ed7ebb9-c4ac-496b-a503-cbbd0dad0d9e,7949803.578992567,7949804.172929959,7949814.562989495,2159,200,0.593937392346561,10.390059535391629,160
ddca4453-f386-49b1-8057-c1acea016006,169bfd1c-b54b-4a03-b40f-5a304abd2cb8,7949809.579039469,7949810.134421902,7949814.82528576,5020,200,0.5553824324160814,4.690863857977092,4848
1b0996f8-9dde-4f8b-bc59-71318cfcccde,ff27b323-224b-4236-b530-8b34fcfc9531,7949811.579579451,7949811.8245515665,7949815.5354273245,419,200,0.24497211538255215,3.710875757969916,176
be594df1-8b98-49d0-9bba-47a3261507fe,aa51b55b-bb87-48f0-8caf-7b55883df5b1,7949810.579569501,7949811.829411582,7949816.038138928,6035,200,1.249842081218958,4.20872734580189,176
65a23f76-a8fe-4a44-baba-3a831c085853,0f461546-1087-4ea8-86ba-ebc6af9b16f9,7949809.579029752,7949811.076747596,7949816.328422983,5878,200,1.4977178443223238,5.251675386913121,176
0b219124-2c9c-47df-a42b-f9a6db049a0a,899c2615-9ae4-4ce5-91c4-b802b05ed50e,7949810.579562266,7949812.682516045,7949816.821572482,2290,200,2.102953778579831,4.13905643671751,432
554ac80f-c81f-492b-8c9b-f3e2775c2a15,c7cca2ad-dffe-41d6-b385-7183a58fe0c3,7949810.579566258,7949812.451723215,7949817.257977172,5896,200,1.8721569571644068,4.806253956630826,176
4dd9ae3b-56d5-4922-8987-b4c76174559d,16c13356-28d3-47de-b107-a5a7029a64ab,7949803.578999458,7949806.102202962,7949817.613532581,5946,200,2.5232035042718053,11.511329619213939,160
7bdd913c-5ed5-4af0-9560-f259122eed34,c4a9bd9e-033a-4322-9b9d-58977f2fd183,7949811.579590484,7949813.756851511,7949818.405658564,4180,200,2.177261027507484,4.648807052522898,192
ed6c4203-896f-4825-9446-68d808c36b8b,5f9e6284-915c-40e2-8a2a-bcc88656c017,7949814.579481116,7949815.038925432,7949818.85794149,431,200,0.45944431610405445,3.819016057997942,416
19530804-a4c6-4664-981e-dd4f73da7dce,386b7318-3947-4df1-8dd5-2e93abdf10c2,7949806.579088266,7949809.507870144,7949819.048862841,5971,200,2.9287818782031536,9.540992696769536,160
ee01c2a1-d7b2-49b2-a7db-5ca20cdf27e1,91e2dcb0-9727-45f1-bd96-95ee2a9fe135,7949812.579140509,7949814.522819084,7949819.068504203,5527,200,1.9436785755679011,4.545685118995607,192
16ff3f51-6cd4-4a96-945e-789acc8a69ff,b1b62e80-fa7e-4971-91ba-8520394e2045,7949815.579382339,7949816.458289809,7949820.162329927,2633,200,0.8789074700325727,3.7040401184931397,192
a348c99d-8e20-46cf-a1f1-83413bfe062c,40d78c7c-f309-472d-9723-03a3659022b7,7949815.579374818,7949815.852026167,7949820.216783575,837,200,0.27265134919434786,4.364757407456636,192
82a84681-7f90-42ac-990a-57ad93f93842,cc3c0d60-a9d9-4fea-9ac0-d1f3f23f0acd,7949816.579514657,7949816.8536122665,7949820.503320599,738,200,0.274097609333694,3.6497083324939013,224
a2a29fec-dc9c-4db1-9822-1c3679ca3843,173d8474-31a7-49c9-a766-796c9ce56475,7949815.57939161,7949817.1128951665,7949820.941680206,1624,200,1.533503556624055,3.828785039484501,256
6c8e83c7-3a00-4939-8859-4235d1ed63ee,6f90c4ab-65aa-49a6-ba03-ccb6cd74af3e,7949815.579388815,7949817.232166372,7949821.287297865,5828,200,1.6527775572612882,4.055131493136287,176
ef95980b-3e2c-4124-8f12-eb774dd05ee7,8e505307-8830-46b2-ac68-84a7d5dbd9a0,7949817.579381708,7949817.761821941,7949821.55444728,2900,200,0.18244023248553276,3.7926253397017717,2896
73c8e568-61f2-4456-98e9-9ed7bae3e30a,81cbfa98-5491-4e8d-8566-7ecb5f746ab3,7949814.579484232,7949816.466753571,7949821.992081623,5642,200,1.8872693395242095,5.525328051298857,160
dac6024c-574f-4988-9786-6762b54862d4,31d285ac-fc75-4253-9dbd-ca2580bb03c1,7949817.579369645,7949819.0983030405,7949823.017865796,4916,200,1.5189333958551288,3.919562755152583,224
1f2dee97-608f-474f-97be-47a1a4613201,86299f69-c775-484b-b143-609a8de38115,7949819.579803844,7949819.750835782,7949823.329419599,529,200,0.17103193793445826,3.578583816997707,160
7db87c2d-3575-4d50-b630-db1571dc568b,120c94cb-bfa6-4a5b-90d2-781529b863ae,7949818.578943342,7949819.503086151,7949823.373666319,3884,200,0.9241428086534142,3.870580168440938,160
8ae4faf4-ebf1-4885-8035-abe2b1e4ab2b,a11dd54d-1ecf-4edb-8876-8bcbbf55cb77,7949819.579807161,7949819.991101614,7949824.481420108,1286,200,0.41129445284605026,4.490318493917584,160
7acc48bc-ab65-4d96-aa9e-c8ad997bcc2a,43547b38-0907-4fd9-ac93-a7380b13691c,7949820.579122047,7949820.8693546625,7949824.924238529,1080,200,0.29023261554539204,4.05488386657089,192
ce39d9ec-d5e4-4b4c-bedd-f0b10217d5f4,899c2615-9ae4-4ce5-91c4-b802b05ed50e,7949820.579134327,7949821.09441657,7949825.012360325,2276,200,0.5152822425588965,3.9179437551647425,432
359ee921-666b-4e97-95bd-93deebc4c600,b8b3aa08-15cd-45c8-b069-5a34a697815c,7949819.579800038,7949821.723779004,7949825.836193812,5939,200,2.1439789664000273,4.112414808012545,192
58d4e9d9-39a7-488e-994c-44db7a8010f3,4bf9a1b8-5289-460f-817e-659616fb5993,7949820.579137134,7949822.310909981,7949826.383764072,5969,200,1.7317728465422988,4.072854091413319,192
43001f08-5225-41ae-847d-3c7c77f7af26,339e6a45-2ac7-4236-ac28-4af01254bcc9,7949821.579761857,7949822.9864241285,7949827.181337723,5777,200,1.4066622713580728,4.1949135940521955,176
3300990b-d2a6-4cd5-967d-f9355877a2cf,a6faa808-0571-441b-a567-0baffa4b9e37,7949820.579130452,7949822.183884622,7949828.34810184,5903,200,1.604754169471562,6.164217218756676,160
f59319e6-bed4-4d02-8277-51863095e7ca,ceb9fa8f-f70d-473e-ab20-b3de05821488,7949824.57916141,7949824.698431037,7949828.539329568,385,200,0.11926962714642286,3.8408985305577517,160
25e429bf-511b-4d04-b7a3-4b1d92a0093f,773fcc75-711c-4081-bfea-8e9f5d5f8c42,7949824.57918063,7949825.013846998,7949828.90775454,1958,200,0.43466636817902327,3.8939075423404574,1952
a4b985f6-5a28-4c34-a4a9-6dc4b7f76856,37eb1b64-a7eb-46c5-9e62-2902b2302b84,7949824.579177107,7949825.01487422,7949828.912797422,2725,200,0.43569711316376925,3.897923202253878,224
ea91ef40-a6e0-4fd9-b519-d40b1e8d7173,815feb3a-ad0f-4a1c-9270-1b7572814464,7949823.578954668,7949824.933079205,7949828.927297193,5938,200,1.3541245376691222,3.9942179871723056,192
17c0cce2-334c-42e6-a8ba-333164076da5,91817d88-3093-4655-a55c-1e6106fc4d42,7949823.578946026,7949824.889549533,7949829.431317763,5832,200,1.3106035068631172,4.541768230497837,176
59db305a-c020-4890-b1c4-fa478969fa19,abcf79af-7bcb-4a44-bac7-cf7c8ee297aa,7949823.578930337,7949825.488983735,7949829.728305464,5856,200,1.9100533984601498,4.239321728236973,176
f0a0dd27-cf96-44f8-a637-3b59e9ebc075,984ff781-ca15-479c-8e06-7bd9cd701519,7949825.579397688,7949826.201393611,7949830.1653138185,3961,200,0.6219959231093526,3.963920207694173,192
afbbe66b-61c4-4eec-8505-cb8535c6996e,22d7558f-2436-464f-b111-4724e2f322d1,7949825.579410244,7949826.218948696,7949830.182837884,2207,200,0.6395384520292282,3.96388918813318,2096
909f5d15-8dd4-4126-9f3d-a487f08dfbff,3daffac5-0016-4e98-88da-87898f7abac9,7949823.578948827,7949826.380671073,7949830.203572273,5743,200,2.8017222452908754,3.822901200503111,176
79dc0b86-94f8-451c-aa17-0e0eb1c4d093,afe0ed98-73c4-4e2c-bd3d-c7f2b02b52f5,7949825.579418608,7949826.02060258,7949830.54206855,1957,200,0.4411839721724391,4.5214659702032804,224
5e25d2f0-bb1a-439e-b64c-52211f9cd878,e793cd05-3809-4e36-8e78-d44bc000c93e,7949826.579009028,7949826.709310804,7949830.74986887,5855,200,0.13030177541077137,4.040558066219091,5840
0677f43a-7714-4ef5-9eba-e668b9628f56,dc6a24a9-28a9-4c0c-84ed-02457cc09129,7949827.579332759,7949827.6695607705,7949830.917762055,687,171,0.0902280118316412,3.248201284557581,608
973c5f5e-832f-4a92-8c81-e54ce83b8b6b,2c2590bf-7735-4068-8406-2d47707168ea,7949825.579414266,7949827.328172611,7949831.1140687,5174,200,1.7487583449110389,3.7858960889279842,160
12400522-a8c0-4099-9815-94f4b264d19b,008dd8be-2869-4ff2-8840-18c17714b28a,7949822.57928412,7949822.95522029,7949832.438372531,682,200,0.37593617010861635,9.483152240514755,224
3c2da1e9-07cd-4f69-acb6-4afcb49a9123,c1aa437d-4a45-48f5-a4ba-fefa5588951c,7949828.579121598,7949828.7529570125,7949832.897569721,5305,200,0.17383541446179152,4.144612708128989,5088
2391d6d9-423e-4f27-a9d2-e6ab1bb4c37d,808d4138-729b-4276-b0a1-bb598e185260,7949828.579131139,7949828.696497117,7949833.084829095,888,200,0.11736597772687674,4.388331977650523,880
e18b3599-de31-4518-8081-402fcdf88893,4b6ac81e-dcab-4d4b-86b0-55cc757e83a1,7949829.579480798,7949830.953997641,7949834.989884862,5978,200,1.3745168428868055,4.035887220874429,208
fdddb98c-8a5e-4348-928d-251498112bb9,7f67bd0b-ddb0-444e-86e9-2afc934f05db,7949829.57949079,7949831.662374743,7949836.030872803,5909,200,2.082883953116834,4.368498059920967,224
04d190c5-b2cc-4ee0-93cd-b3775a488251,1ebbb437-f79e-4fd7-9fad-45fbb7cdb20b,7949830.579346323,7949831.488317143,7949836.129107491,5836,200,0.908970819786191,4.64079034794122,160
ba92b16e-9679-42d2-81ab-2c92d01f3b42,aa2dc0a5-8f81-47dc-8767-40e6ea12f767,7949829.579471381,7949831.333254947,7949836.321257251,5869,200,1.7537835659459233,4.9880023039877415,192
f5bda490-6aa1-46f9-90a4-edae74661de7,173d8474-31a7-49c9-a766-796c9ce56475,7949831.579711789,7949832.008481155,7949837.017572905,1624,200,0.42876936588436365,5.009091749787331,0
11e03d25-cedd-4534-96b2-aef9743d30a5,dc50ab8c-4aef-4581-800f-8d55cff5e8ac,7949832.579729313,7949833.787955826,7949838.418893372,1867,200,1.2082265131175518,4.6309375455603,192
f196ff16-f89c-45b1-8c44-da14c93d71d1,91e2dcb0-9727-45f1-bd96-95ee2a9fe135,7949833.579670656,7949833.791647926,7949838.424256127,5527,200,0.21197727043181658,4.632608201354742,5520
d666847b-8a1f-4659-ba33-b3fa37276264,b3efda6a-d076-45f0-9d86-ab69b8c656b1,7949833.579688626,7949833.767508396,7949838.773123613,371,200,0.18781976960599422,5.005615216679871,368
afcacac0-fd46-43ab-940d-c2874acdcc4b,d361340e-7ada-4795-9f86-b45068834ca9,7949833.579681973,7949833.809044308,7949839.0269612465,5043,200,0.2293623350560665,5.2179169384762645,4832
ef147723-33e9-4267-a750-cb592df30756,2a2ae2a8-7cce-4581-8c57-146abd9d9090,7949826.579006246,7949826.852289736,7949839.47021032,814,200,0.27328348997980356,12.61792058404535,224
bca8d871-b149-4cca-9f1b-2e9797ccdb5d,11930aa0-eecb-4b90-8321-5576b64783b6,7949833.579698245,7949835.115892504,7949839.782269848,5928,200,1.536194259300828,4.6663773432374,320
40adc9ba-32d5-47cc-86f0-5bbb993e9cde,7a77a142-6294-4d46-b6bf-f820bc0585c9,7949833.579695079,7949835.17873362,7949840.536571597,4950,200,1.599038541316986,5.357837976887822,160
69e5a621-53e8-49db-8a88-5ee52246f209,ce5a2d48-1bb4-44b4-acae-d45b53fda20e,7949834.578888194,7949835.070160469,7949840.671437632,456,200,0.49127227533608675,5.6012771632522345,160
5f62787e-ede5-41c3-a8b2-1a1435b4e314,1395c13e-e24a-45ea-b379-cf296f4c4d9c,7949834.578872133,7949835.562250456,7949840.8957399195,1173,200,0.9833783227950335,5.333489463664591,176
4571ecd9-fcc6-4042-abfa-a8fbdd3c8ce2,45e7f1a3-6b50-4b00-bff3-e4a8f31e6793,7949825.579425184,7949827.200529653,7949840.925878831,4495,200,1.6211044685915112,13.725349178537726,192
520b2959-8eed-4631-84fd-453ff94c0034,74a8d097-f062-41b6-8205-d784bb153261,7949836.579475203,7949836.946039074,7949841.481427794,2186,200,0.3665638715028763,4.5353887202218175,2176
207068d2-cdb2-4bd6-aed2-2cd7d6b7725e,16c03b80-16ca-4741-9908-eb2c51e1d2a1,7949836.57948707,7949837.196253202,7949841.723554305,1852,200,0.6167661314830184,4.527301102876663,224
448c0221-b184-49e5-a9bf-60112bda40b5,d7d8b6a7-fa09-48cf-8e94-8659d578b8ed,7949835.579469078,7949836.638597691,7949842.222943392,4318,200,1.0591286132112145,5.584345700219274,16
5dab4dc4-d423-458f-b37a-e751c95f4861,2a2ae2a8-7cce-4581-8c57-146abd9d9090,7949838.579860095,7949838.8078343915,7949843.191360802,814,200,0.22797429654747248,4.383526410907507,224
6dfbe158-7148-4b42-85ef-98c2fc096161,6e066633-fcb0-417d-94ee-a9864bbdaa41,7949837.57903062,7949840.556761423,7949844.84946384,6604,200,2.977730803191662,4.2927024168893695,192
c2a1ddf5-414e-486c-a80f-abd2ba4aad3d,7c8adab7-544c-4106-916a-d86d02536d30,7949839.578919506,7949840.5214933455,7949845.256392642,5773,200,0.9425738397985697,4.734899296425283,176
ad4dcbf0-f62c-41c4-8789-e272a9743c84,b23331f5-cf25-4f3d-bb0a-0b712f6627c0,7949837.579053347,7949841.488537293,7949846.6310899705,4782,200,3.909483945928514,5.142552677541971,176
81aba248-a92b-4532-bdf2-d698f21a3151,3a3d8f95-20e5-48e9-a332-7a0c444f6704,7949839.578940734,7949841.851884837,7949846.882282592,6052,200,2.2729441029950976,5.0303977550938725,192
deab8891-6d1d-42a0-9f3d-e5bc25a31639,b3efda6a-d076-45f0-9d86-ab69b8c656b1,7949841.579745761,7949841.856168897,7949846.886976878,371,200,0.27642313577234745,5.0308079812675714,368
4f65840c-9a08-4187-bf98-4806c192ad1a,de6ab6cd-502c-4f93-87be-5d526b706d0d,7949839.578933736,7949843.357351873,7949847.355484999,5768,200,3.7784181367605925,3.9981331257149577,192
092a4325-7092-4f2d-8f21-0881ba0ad902,339e6a45-2ac7-4236-ac28-4af01254bcc9,7949843.579367042,7949843.783213456,7949847.757962891,5777,200,0.20384641457349062,3.9747494347393513,5776
9d59005b-87d6-4262-af7d-e8af5434dc8a,3c60d5cc-d24d-425a-91b7-4a50e6553b26,7949843.579338009,7949843.966750322,7949848.402070783,775,200,0.38741231337189674,4.435320461168885,192
bb259414-efbf-4298-a7b6-550d20c21f1f,997695bc-33ef-41c6-903e-cc1112298142,7949843.579357374,7949844.68785297,7949848.690362779,2754,200,1.1084955958649516,4.002509809099138,176
1f132534-2fc7-4f20-8ab5-613e0ea21e41,1cda0d46-618b-4b7a-b957-319fe6d96516,7949842.579440786,7949844.27940434,7949848.955701976,6465,200,1.699963554739952,4.676297635771334,192
6ed4a04e-9861-413c-978a-49a26f26dd24,dc6a24a9-28a9-4c0c-84ed-02457cc09129,7949845.578912122,7949845.736369877,7949849.366000283,736,200,0.15745775494724512,3.6296304054558277,656
4d546a4a-5eb9-45e9-930a-5c21fb44dbf0,5528d602-0065-4aee-a2d6-8421c7efbbb5,7949843.579354034,7949845.122668176,7949849.509287548,1029,200,1.543314142152667,4.386619372293353,224
51142a83-143b-403b-82f0-e2160b1fef33,32bb63f5-0400-4e7c-8e6c-cb23dafc8d9e,7949845.578918455,7949846.089797062,7949851.085785295,1840,200,0.5108786066994071,4.995988233014941,192
0fe9cb85-2af3-4fce-9e7f-dc98f52c197a,a9ee696e-7782-458b-b0e3-a5f993f4a8eb,7949843.579363411,7949846.47138898,7949851.228997937,5878,200,2.892025568522513,4.757608957588673,176
96ddad77-3b2a-497c-ba0f-ff2e1673de9d,f48f3c83-7b8a-45e5-a0fa-74a6e92599d8,7949846.579187843,7949847.919785913,7949851.667106063,5874,200,1.340598070062697,3.747320150025189,160
7e612e26-69b1-4d5b-b5e5-e99b1c9082a5,22d7558f-2436-464f-b111-4724e2f322d1,7949847.578895364,7949848.347816182,7949852.692087698,2207,200,0.7689208183437586,4.344271515496075,2192
6a20aeed-2662-4fcb-bba2-ce4d5744dfb2,ab319b63-2c03-4b0a-8207-96b3768da2a6,7949848.579420634,7949848.78607038,7949853.175976597,626,200,0.2066497467458248,4.389906216412783,192
46e32d28-8243-46bf-9a39-ff78d94d4145,b991161b-bed3-4e41-942a-2cb9ebc99c53,7949832.579713207,7949837.06320216,7949853.194261808,4099,200,4.4834889536723495,16.131059647537768,192
3ebfe5b8-e855-409d-a70f-bf4b69321d13,40d78c7c-f309-472d-9723-03a3659022b7,7949849.578944911,7949849.748102442,7949854.624389911,1017,200,0.16915753111243248,4.876287468709052,800
b38abd13-f2d7-4159-af09-100f4c388fd7,e6336030-a659-4464-954a-a056f93a2109,7949849.578964738,7949850.100758053,7949854.738097528,1953,200,0.5217933151870966,4.637339474633336,192
efe58e51-b7bf-45bc-90c0-a4d45e24c726,8e505307-8830-46b2-ac68-84a7d5dbd9a0,7949849.578961115,7949850.586148402,7949854.930212899,2900,200,1.0071872863918543,4.344064497388899,2896
a23ccc9d-c5ce-4996-96db-cb681814bd9f,538295df-2f0a-4085-8670-42fd0748d463,7949842.579426382,7949842.949927111,7949856.050217706,1172,200,0.370500729419291,13.100290594622493,176
fe434fe5-ef2b-4873-a3ae-2201289f8731,b291c0ac-e9de-4ead-baf2-abc51810229c,7949850.579718298,7949851.237835923,7949856.188409037,1132,200,0.6581176249310374,4.950573113746941,192
d250a924-3d20-4cd2-84a4-47a649ce84ea,657ec69d-2850-466b-9d84-480d9f1b5621,7949850.579721901,7949851.316640514,7949856.315386397,3281,200,0.7369186133146286,4.998745882883668,160
bb1caeea-6457-43df-bcd2-fe1094908a74,808d4138-729b-4276-b0a1-bb598e185260,7949851.579357996,7949851.717805763,7949856.702640924,888,200,0.13844776712357998,4.984835160896182,880
3f3fe0d5-337e-4fda-b310-408cc9ff0b56,6e324056-7897-4c8b-93de-3f0d2871a1a9,7949850.579724776,7949852.232378934,7949856.967434576,6001,200,1.6526541579514742,4.7350556422024965,192
0b7867ea-809a-4251-88ed-25b7e0395672,43515880-6b47-44ce-ad5a-c143292b1649,7949851.579373213,7949852.993995688,7949857.311134007,5944,200,1.414622474461794,4.317138318903744,160
2142a8c1-5008-438d-8963-d9fc03bea157,818f34b1-81e6-4dc9-8896-079af3a673ea,7949850.579727893,7949852.085691278,7949858.015227069,5920,200,1.505963385105133,5.929535791277885,192
5d4061a4-e54b-4f37-8e3c-aa6ec8b3606a,0fdf3a79-0b56-4d09-930d-738eaa2f1f84,7949852.579630836,7949854.190771813,7949858.298974362,5766,200,1.6111409766599536,4.108202549628913,192
315920ba-9575-4eb6-87ee-2d4bc83a7f3c,dc6a24a9-28a9-4c0c-84ed-02457cc09129,7949857.579834326,7949857.653199264,7949861.125506961,793,200,0.07336493767797947,3.4723076969385147,704
ccccbcc3-4ab0-48cb-a6cd-aa3047798b82,91817d88-3093-4655-a55c-1e6106fc4d42,7949856.579606049,7949856.809939393,7949861.506646506,5832,200,0.23033334407955408,4.696707112714648,5824
3becb92a-9b7d-466a-9306-c8427dc96b4e,2375aed9-bf2b-4d31-b02f-4651375f6697,7949856.579628596,7949857.060501661,7949861.71374915,1728,200,0.4808730650693178,4.6532474886626005,848
12a7edcd-fee6-4230-ade3-163051934f85,407004fb-7cce-4fb0-8afc-9731047cc8ed,7949855.579553046,7949857.765107367,7949861.849427081,6076,200,2.185554320923984,4.084319713525474,160
42084432-33b8-45a5-8ab7-7f9b2562f225,21f467fb-de7c-4e1b-9293-058f066ebf57,7949854.579452632,7949856.363521327,7949862.17862926,5978,200,1.784068695269525,5.815107932314277,176
97a1a787-28d1-4a11-8978-ecc835b267ec,00049226-a856-4e37-9f5a-1aec0d5a0b20,7949855.579576578,7949858.970009914,7949862.983024815,5730,200,3.3904333356767893,4.013014901429415,192
3638874a-2017-41cd-a39b-570bb253ad55,2c8123bf-d432-4b47-bc4d-4dd26514d2d5,7949856.579622136,7949857.714851566,7949863.203078713,3163,200,1.135229429230094,5.488227147608995,224
97464f71-b8f4-470c-a2b4-24e926e559da,f930fe97-9b9d-4eda-a442-77a83ed574c8,7949855.579583204,7949858.7314153155,7949864.495151328,3139,200,3.1518321111798286,5.763736012391746,160
b8ffa8a0-2336-46bd-b462-c8f6d9a64a14,749cff23-59a3-425b-bc36-69a36ebb5518,7949848.579440002,7949849.821863716,7949864.543506901,3338,200,1.2424237132072449,14.72164318524301,160
4c2b1b97-fac5-473a-85fd-2ab0b76168f7,f0cbebc5-adb6-461b-9b21-22667b2f1d8c,7949858.579559891,7949859.147872685,7949864.802555933,3470,200,0.5683127949014306,5.654683247208595,224
3b748a40-53f8-467e-9cfe-60375b787a34,828db195-ca5a-4484-848e-1fc6ac242624,7949857.57981705,7949858.623937444,7949864.996017616,5834,200,1.0441203936934471,6.3720801724120975,176
5d4bcdfe-3311-4de5-a475-8102b8b7a88c,78c52aa7-54ff-4215-918f-225351f4fb8d,7949848.579437023,7949850.7749670055,7949865.516704623,5788,200,2.195529982447624,14.741737617179751,224
96dc4d61-21bb-49d2-9825-d2b37d3422e3,a2a378e3-be1f-4c30-b726-cf946c531dee,7949858.579563412,7949860.425156323,7949865.654098971,5940,200,1.8455929113551974,5.228942647576332,192
b69a8891-76b0-4020-ad77-0044a3906a5a,bfc78a92-84e5-4fdf-8b1d-913c94a11821,7949858.5795665,7949859.645697604,7949865.752678303,4430,200,1.066131103783846,6.1069806991145015,192
17c641a5-45b5-4f03-af3a-1bedfff45fd3,899c2615-9ae4-4ce5-91c4-b802b05ed50e,7949859.578862406,7949861.020184674,7949866.265479126,2267,200,1.441322267986834,5.245294451713562,432
fc9a42ba-e038-40d2-a1b7-0a6c957a62fd,b2185b3f-d1c5-4fe5-8a4c-3e61578f32fc,7949861.579533699,7949862.394333606,7949867.291024999,2392,200,0.8147999066859484,4.896691393107176,192
e4e34a4f-9d4e-4d38-813b-39ba9058da46,aa2dc0a5-8f81-47dc-8767-40e6ea12f767,7949861.579865929,7949863.823548499,7949868.074091984,5869,200,2.243682569824159,4.25054348539561,5856
1abe515e-3637-4ec9-856e-b27b1ed6febe,a6faa808-0571-441b-a567-0baffa4b9e37,7949861.579553761,7949863.825801462,7949868.080792213,5914,200,2.2462477013468742,4.254990750923753,160
45565f16-3eff-478e-b8d0-4a2724203280,be7c7963-f013-4d24-b0a7-6748d0b4636c,7949861.579537137,7949862.631196228,7949868.458076831,718,200,1.0516590904444456,5.826880603097379,224
3cd3bf38-77fe-407b-a1a8-ec3737bf54d5,1746f222-2ffd-4f94-84ff-98bd0a70124e,7949864.579684671,7949865.109785476,7949869.280408401,913,200,0.5301008047536016,4.170622925274074,224
3f5c14a9-b95b-46f5-98cc-d27980ddf384,0fdd3815-1923-4d11-a5f1-1c32cbce836b,7949861.579542476,7949864.070490106,7949869.4817260355,4011,200,2.4909476302564144,5.411235929466784,176
c136762c-1f64-4e95-bc86-7ffd7f373069,48f00f11-d6a7-4d60-b710-9751910c2b29,7949861.579539572,7949864.8549067145,7949870.163625634,5614,200,3.2753671426326036,5.308718919754028,176
71a49215-988d-4353-907c-2439cf744ae9,8deb1987-ae66-48b8-ad82-ef28a801bdb8,7949863.579525031,7949864.227644405,7949870.179832858,1901,200,0.64811937417835,5.952188452705741,192
15e22277-48c1-47a0-8723-79fe255a7171,21cb5448-40d6-4a59-bf7c-80ffd1fc6875,7949856.579618113,7949857.173268622,7949870.948407568,869,200,0.593650508671999,13.775138946250081,192
c1f3bb24-e718-4397-9166-eeadffd95c48,808d4138-729b-4276-b0a1-bb598e185260,7949866.578983462,7949866.780869508,7949871.912337157,888,200,0.20188604574650526,5.131467648781836,880
9fc05173-bdb1-4978-9abc-450fb44e1d41,af4b1375-aefd-45d5-8a5c-3dd4d84c4dc4,7949869.579300214,7949872.071741234,7949873.365921242,5921,65,2.492441019974649,1.2941800085827708,160
d71b9974-7d97-46ad-a393-cf7851856016,faaf4675-e336-4c29-ba22-f21742dac9e8,7949866.578969651,7949868.717744499,7949873.938140236,5841,200,2.1387748485431075,5.220395736396313,224
33bc27ae-04b2-4f6f-8186-d6f4b6ba5074,2f05deee-6ad5-4e5e-aa8d-17b94344b163,7949867.579013283,7949869.166650043,7949874.378166531,5861,200,1.5876367595046759,5.211516488343477,224
48dd2dac-8c98-4542-9efc-9c7d0c1ae416,a9ee696e-7782-458b-b0e3-a5f993f4a8eb,7949869.579284619,7949870.2296368545,7949875.460147248,5878,200,0.6503522358834743,5.230510393157601,5872
855cd0bf-b480-437e-98b9-760a3ed74bd5,efedac55-57dd-4acf-9f7e-f6bbd7243fbe,7949870.580549811,7949871.477061619,7949876.163672503,2377,200,0.8965118080377579,4.6866108840331435,224
5fdc18af-6c19-4c54-b05d-ade9d067ca8d,25236658-a6aa-4462-813e-c90ddddf0d4d,7949869.57929724,7949872.582098015,7949876.710909583,5894,200,3.0028007747605443,4.128811568021774,224
9b6fdde3-423e-4216-83c0-3d48bf30963e,67175028-e3cc-49e9-98a5-1253f05846f8,7949869.579287382,7949872.446051306,7949876.997201589,1060,200,2.8667639242485166,4.551150282844901,224
40b12c62-a8a4-4b5f-9a7c-5092fb55643a,fb070aed-59ed-4076-890d-d41bb370b24e,7949870.580536214,7949872.5105896965,7949877.218374811,3832,200,1.9300534827634692,4.707785114645958,160
cf78422d-26e0-45fa-aaef-179463049aea,773fcc75-711c-4081-bfea-8e9f5d5f8c42,7949872.579310178,7949873.0188592095,7949877.603758119,1958,200,0.4395490316674113,4.5848989095538855,160
4ed146d6-9ee4-4468-9b80-d680b7d135e5,73d8e0e8-1341-40a5-b0d5-094ca0aac9e0,7949872.579317742,7949873.8030029945,7949877.906770254,4716,200,1.2236852524802089,4.103767259046435,176
ec5e914e-bb27-4ae8-8ab3-decb325ca639,de528792-7b2e-4008-9f06-3c9229e60e2f,7949871.579581637,7949873.913920376,7949878.073102753,2333,200,2.334338739514351,4.159182376228273,160
21a83e06-bc20-4d54-9121-29b081108655,5fdc8d1b-9130-4255-8d8f-69525a57c9d9,7949872.579321255,7949874.817113782,7949878.844914674,3272,200,2.2377925273030996,4.027800891548395,176
e1abfe0c-ad71-4dd6-83ff-11410090b777,307c55d5-8ee9-4aec-850b-cee5f644152a,7949873.57916774,7949874.771714096,7949878.880597868,6618,200,1.1925463555380702,4.108883772045374,192
2a20f023-f8e4-4c7a-b547-4e12ba92e5b2,47290926-f76b-42a0-b6b0-95ae3ac5a196,7949874.579599742,7949875.40458054,7949879.428340349,3351,200,0.8249807981774211,4.023759809322655,288
35cdf0ef-c4e9-44c9-b966-a913f10cce73,91e22163-b1ce-41e5-803d-070d44488e41,7949873.579151915,7949875.849859552,7949879.874808093,5746,200,2.2707076370716095,4.024948540143669,192
0c869f6c-3ee5-4457-a5c6-acd461b0cf00,4ea0b07c-fe43-42ee-a874-dd65caa61064,7949875.579283716,7949876.184954892,7949880.021985276,923,200,0.6056711757555604,3.837030383758247,160
8b962ad6-510d-42a9-a26c-e4f1f4be8756,173d8474-31a7-49c9-a766-796c9ce56475,7949862.579533628,7949864.428739074,7949881.938908486,1624,200,1.849205445498228,17.510169412009418,256
ef6a23dc-9be0-4538-b516-f25789440d74,41fd5310-0f46-4007-8b30-1bef61ff04ee,7949877.579935454,7949877.892063549,7949882.026478401,907,200,0.3121280949562788,4.134414852596819,16
675cebd9-14de-4293-b625-73016b64ef4c,b2e5c2f2-ace4-4fcd-a84f-e1ad661d87cb,7949877.579923374,7949878.881709627,7949883.023440898,4422,200,1.3017862532287836,4.141731271520257,192
8088bcb5-97c9-4167-949b-6d789bf118d6,16c03b80-16ca-4741-9908-eb2c51e1d2a1,7949862.579551746,7949864.940443455,7949883.070394719,1848,200,2.3608917091041803,18.12995126377791,224
45711ca3-cc36-4af5-91da-c03a9f21a33e,a927ad72-e15c-4517-96ee-5a0ed021604d,7949878.579741758,7949879.977858205,7949883.737312727,5976,200,1.398116447031498,3.7594545213505626,480
076ffcc9-ef1f-4763-a020-2c51c64b24d2,8cf69dd1-e5ec-4dcc-92df-c7d7e0e9221d,7949879.579879814,7949879.955211286,7949884.448696593,1219,200,0.37533147260546684,4.49348530638963,176
dd7a0dad-c77f-4b16-b8f8-d2f08d9c6287,e9333846-4b52-4552-b7b0-49ce8f3d396a,7949878.579754944,7949879.668949548,7949885.027603491,1920,200,1.0891946041956544,5.358653943054378,160
f9923c2b-7fb6-4492-83e0-4db3349d964a,6bc07a15-054a-4565-ad27-d0f02e46447f,7949864.579688053,7949869.461011733,7949886.023299405,5694,200,4.881323680281639,16.562287672422826,192
d996d19b-4039-489f-8838-6d8ba933d346,9728b43f-13e5-4f1c-b6d4-40db13828d76,7949881.579589411,7949883.204643102,7949888.313468563,5809,200,1.6250536916777492,5.108825461007655,176
1e7266af-2088-4a9c-a362-0efc7ecce1e0,1f10b2d7-9302-4f7e-adfd-f3c4f7c6944c,7949882.579097584,7949883.957781039,7949888.634115181,3695,200,1.3786834552884102,4.676334141753614,192
5d36f377-c591-436c-89fa-e70c3596789c,45e7f1a3-6b50-4b00-bff3-e4a8f31e6793,7949884.57915206,7949885.65951657,7949890.2646141555,4768,200,1.0803645104169846,4.605097585357726,192
4f1bc3e2-7ce2-4ac3-ad93-561cd161c413,cbfc928e-2503-4065-b5ce-fed6fc8afe16,7949868.579686621,7949870.174162866,7949890.5505392095,1108,200,1.5944762444123626,20.376376343891025,224
f9e02e7b-7406-485e-9d73-3c94e68a6f12,db50af28-fa33-4f95-803d-71036af6bdbe,7949883.579758814,7949885.509435673,7949890.924983726,5923,200,1.929676859639585,5.415548052638769,176
f18355b0-8cb9-4f44-bef9-5cb791238b11,b9b7e5f2-0bd9-4d16-914a-3c4fc4e7dc4d,7949885.579773698,7949885.7848529965,7949891.14578415,487,200,0.20507929846644402,5.360931153409183,160
3ef282c1-6d8c-499a-8281-3ebd156bbe92,86299f69-c775-484b-b143-609a8de38115,7949887.579386226,7949888.133802062,7949891.520841555,726,200,0.5544158359989524,3.3870394928380847,160
ff2444b9-f651-4d1b-ac6c-59a1f753196e,6963d70e-8a78-474a-aecb-3a11623672b1,7949885.579780604,7949886.32467415,7949891.542674333,1366,200,0.7448935462161899,5.218000182881951,176
d56caa01-007a-492e-a6d7-77d1b10b4476,7ed7ebb9-c4ac-496b-a503-cbbd0dad0d9e,7949886.579783042,7949887.092313526,7949892.012758645,2424,200,0.5125304842367768,4.920445119030774,160
a8532f4c-6b94-4a24-b40a-c8f6333f035e,06e322b2-e2e0-4c72-a22b-f12dc16e4101,7949868.579676643,7949873.776200057,7949892.767850939,5948,200,5.196523413993418,18.991650882177055,176
a8fa84b0-5dc0-4256-8e25-e964c2fdbc75,5fdc8d1b-9130-4255-8d8f-69525a57c9d9,7949887.579389384,7949888.790311178,7949892.8436166905,3272,200,1.2109217941761017,4.053305512294173,3264
e6a6756c-93ae-4719-bbb9-00559039179d,0883483d-ba52-4103-b119-afeaa09302ef,7949886.579786282,7949888.362774057,7949892.870946934,5809,200,1.7829877752810717,4.508172877132893,192
5945abd6-bdb0-4034-9d41-485f1dc06fd8,2a2ae2a8-7cce-4581-8c57-146abd9d9090,7949888.579642941,7949888.708883735,7949893.515053351,531,200,0.12924079410731792,4.806169616058469,224
5e457808-c952-41a5-b9a4-66a38af9b497,4c23bd5a-bf9f-4ee2-a8bc-c19f72ea4b9d,7949887.579382867,7949888.7701814845,7949893.521204115,1557,200,1.1907986178994179,4.751022630371153,160
c80a33ac-8643-4d52-abf9-c3cb5a7bcfe1,e793cd05-3809-4e36-8e78-d44bc000c93e,7949886.579765861,7949889.368795459,7949893.649865315,5894,200,2.789029598236084,4.281069856137037,160
36fe0b76-767c-4b9c-b86d-608bcbe3c910,173d8474-31a7-49c9-a766-796c9ce56475,7949888.579647272,7949889.585011935,7949894.322974114,1725,200,1.0053646629676223,4.737962178885937,256
03cca7d1-59be-4b9c-b020-3aa0e9ef9b34,187f15cf-abd4-40d5-b327-1bd0cec63671,7949888.579658247,7949890.46782763,7949895.162602979,3881,200,1.8881693836301565,4.69477534852922,176
ab31b875-f157-41f7-8f9a-6644d1e52e6b,008dd8be-2869-4ff2-8840-18c17714b28a,7949890.579281982,7949891.346313163,7949895.729493812,682,200,0.7670311806723475,4.383180649019778,224
5e8eb510-c40f-441c-aad6-ec43fa41e80a,0fd4279a-26c5-4067-ab88-75febf63597d,7949889.579469314,7949891.828180443,7949895.985431446,5791,200,2.248711128719151,4.157251003198326,176
cd3ea7a6-6818-4389-991d-774e017d9187,4bf9a1b8-5289-460f-817e-659616fb5993,7949888.579654773,7949891.003802178,7949896.351206247,5954,200,2.4241474056616426,5.347404068335891,192
4cfed8dc-eb7a-4a50-9e45-ae0cac461ba5,173d8474-31a7-49c9-a766-796c9ce56475,7949874.579607682,7949875.759641651,7949896.393608912,1678,200,1.1800339687615633,20.633967260830104,1616
d1ca03f4-c494-4a87-9882-9604de1175e7,de6ab6cd-502c-4f93-87be-5d526b706d0d,7949890.579295029,7949892.178612092,7949896.716748859,5952,200,1.5993170626461506,4.538136767223477,192
ec552ac4-e0e5-4ba8-b8cf-146e9d336b1b,15e18881-cbb9-4802-a422-20808dd1ab23,7949892.579856184,7949893.118228006,7949896.778429218,2559,200,0.5383718218654394,3.6602012114599347,176
115a09b0-26b7-4b47-94cf-707e06b36ff7,a11dd54d-1ecf-4edb-8876-8bcbbf55cb77,7949891.57916759,7949893.075057699,7949896.91836023,1536,200,1.4958901097998023,3.8433025302365422,160
73bcab16-f25b-475b-a13d-42e5449f6682,40d78c7c-f309-472d-9723-03a3659022b7,7949892.579868059,7949893.335366166,7949896.988429981,1204,200,0.7554981075227261,3.65306381508708,192
02410add-b3e1-4bf5-bd40-d58406c9612f,7478b6c6-9274-4639-a17e-c22dceb7abc8,7949882.579116645,7949884.952310239,7949897.151125786,2399,200,2.3731935936957598,12.198815546929836,192
e8dcce3b-706d-4567-b71b-79afbfc4f20b,850a9e15-1175-420d-83de-67148187b5e5,7949891.579185975,7949891.975961005,7949897.831237544,701,200,0.39677503053098917,5.855276538990438,176
f998fd6d-7ead-47fd-bb30-8093e38f5e8a,57a91587-71d3-4b42-b57c-e9022c37163c,7949892.579875139,7949894.004091979,7949898.17005332,5999,200,1.424216840416193,4.165961341001093,176
cdefc000-70b5-44b7-914c-4fd8e091fc77,b1cb652a-67d4-44c4-a3d6-11f8ce62329e,7949891.579181957,7949893.513727916,7949899.324920295,5174,200,1.9345459593459964,5.811192378401756,192
c109af6f-53f9-4366-9a86-20c099599e4e,6f90c4ab-65aa-49a6-ba03-ccb6cd74af3e,7949893.579533615,7949895.30274705,7949899.437988729,5891,200,1.723213435150683,4.135241678915918,176
26a43b2c-3851-4b9b-9f15-c6fad701e383,509e694a-3fe7-4d92-89a0-f7d32c4d3964,7949894.579905078,7949896.402714568,7949900.114481183,5348,200,1.8228094903752208,3.7117666145786643,176
88b7beb1-10e1-4fe5-bae5-3f97ac4b6d58,84fa6356-b99b-42cc-943e-4313c53f37a8,7949893.579528208,7949895.884010045,7949900.354616068,6798,200,2.3044818369671702,4.470606023445725,224
8d948ec5-d01c-4811-9bb7-082c029ddb5f,b1b62e80-fa7e-4971-91ba-8520394e2045,7949893.579522171,7949896.817544591,7949901.100356543,2924,200,3.2380224196240306,4.282811952754855,192
407bba18-251b-440e-b081-babd23b03cb4,ae2e8592-a20d-44b2-9ac8-d0abc430102f,7949895.579065593,7949896.476595695,7949901.79818797,2715,200,0.8975301021710038,5.321592275053263,256
618f16c3-df35-46c8-aa8a-2e270d7946ad,abcf79af-7bcb-4a44-bac7-cf7c8ee297aa,7949895.579070634,7949897.477269912,7949902.297732503,5844,200,1.8981992779299617,4.8204625910148025,176
a6694d45-5383-482a-8566-f7d1f60775e8,43515880-6b47-44ce-ad5a-c143292b1649,7949897.580599619,7949898.634986475,7949902.349345401,5961,200,1.054386856034398,3.714358925819397,720
ef9b4ad2-0cdb-4b73-bc98-6e45383866e3,dc6a24a9-28a9-4c0c-84ed-02457cc09129,7949897.580613504,7949898.685956445,7949902.360534819,853,200,1.105342940427363,3.6745783742517233,752
3c391af8-24ad-4604-83f5-90e86f24f263,f930fe97-9b9d-4eda-a442-77a83ed574c8,7949897.580603209,7949898.207614315,7949902.881886222,3312,200,0.6270111054182053,4.674271907657385,3136
0cac19d3-3f42-4985-b59d-8b2535f45030,828db195-ca5a-4484-848e-1fc6ac242624,7949896.579877204,7949898.81227893,7949903.15628245,5834,200,2.232401725836098,4.344003519974649,3712
2dab4731-d642-4094-a6dd-8c1f2473d975,31d285ac-fc75-4253-9dbd-ca2580bb03c1,7949896.579870298,7949899.323815989,7949903.227658924,5107,200,2.7439456917345524,3.903842934407294,224
5e11cc8c-28b0-45a6-9096-c596070083dd,47290926-f76b-42a0-b6b0-95ae3ac5a196,7949898.579152642,7949899.431249747,7949903.710613214,3370,200,0.8520971052348614,4.279363467358053,1392
3be6dda4-56e3-400f-9348-af678a79494b,b8b3aa08-15cd-45c8-b069-5a34a697815c,7949897.580580431,7949899.176782935,7949904.459430505,5889,200,1.5962025038897991,5.282647569663823,192
2ac17c0e-f953-4206-8669-21e581b1d943,4c0997d5-2aec-4027-a2f1-cdad7df5163a,7949900.579053908,7949900.812018738,7949904.648753105,592,200,0.23296483047306538,3.8367343666031957,288
0e5d18cf-f0a2-48cf-bed5-e010c64639fd,af4b1375-aefd-45d5-8a5c-3dd4d84c4dc4,7949900.579072054,7949900.803529713,7949904.757059474,5921,200,0.22445765975862741,3.9535297602415085,5920
2ff89333-9921-4024-8fc5-5a774b07d302,983c6b10-a629-42aa-9aba-1fecdf2e8c5b,7949902.579428102,7949902.797741323,7949906.218380073,869,200,0.21831322088837624,3.420638750307262,192
a2cfa9ad-5344-4001-8cab-0bb4a9b5db00,c6a375bc-b50a-4597-9716-5f2339a823ae,7949901.579320877,7949902.12914291,7949906.316842201,2758,200,0.5498220333829522,4.187699290923774,224
474c3e6d-4f06-492b-874e-e1d1fa80adc4,1cda0d46-618b-4b7a-b957-319fe6d96516,7949901.579341109,7949903.287874269,7949906.8808036735,6341,200,1.7085331603884697,3.5929294042289257,192
23c17a66-c4ef-4abb-81c7-7adfbe3de70e,78c52aa7-54ff-4215-918f-225351f4fb8d,7949898.579149626,7949900.138495663,7949907.047897038,5717,200,1.5593460369855165,6.909401374869049,2320
ef897d7f-8745-4149-a85b-638764991435,5528d602-0065-4aee-a2d6-8421c7efbbb5,7949900.579059765,7949901.546286473,7949907.5692017265,1229,200,0.9672267083078623,6.022915253415704,224
aedbb210-0aac-4286-9e53-266c56053a0f,fb070aed-59ed-4076-890d-d41bb370b24e,7949903.579873046,7949903.70591199,7949907.585186961,3994,200,0.1260389443486929,3.8792749708518386,3824
78d0339f-aebb-485e-beef-71f9038fa369,6e7cc52a-11de-432c-9428-ed0bba4d276d,7949900.579050038,7949902.000663016,7949907.7574726585,3987,200,1.4216129779815674,5.756809642538428,160
ab258df7-2b11-4643-a0b8-b38672edfc46,c3d496a4-2080-4ec5-b544-6c3443dffdf3,7949901.579337463,7949902.963301225,7949908.395723336,4936,200,1.3839637618511915,5.4324221117421985,160
8643db8c-50d2-4d4b-9d31-1bf0077b5de8,91817d88-3093-4655-a55c-1e6106fc4d42,7949901.579352331,7949903.286820518,7949908.505462119,5790,200,1.7074681865051389,5.218641601502895,176
f6798e13-5877-4ea9-a2e3-194903842126,7c8adab7-544c-4106-916a-d86d02536d30,7949900.579074831,7949903.541846504,7949908.8231487,5773,200,2.9627716736868024,5.281302195973694,176
af21669f-064e-4bbd-8076-66c955e4c7f1,b3b1f241-4f97-466c-b9af-0701c1476d26,7949901.579348483,7949904.742143185,7949909.500776908,5885,200,3.162794701755047,4.75863372348249,224
9ac63372-b69e-4112-9f69-02b0b081b411,a4910820-870d-4238-922d-93ffdf3d500c,7949905.57891514,7949906.0035612,7949909.8465925325,1299,200,0.4246460599824786,3.8430313328281045,160
76b3e200-b48e-4fbc-99fc-8369891ca6d6,386b7318-3947-4df1-8dd5-2e93abdf10c2,7949904.579052432,7949906.130930208,7949910.876502395,5948,200,1.5518777752295136,4.7455721870064735,160
04bdced7-53e6-4ef4-8c7a-277383c6b40c,b9059ca1-41f6-4bb2-a78c-89f60ec16a23,7949907.579030927,7949908.196505153,7949912.348750591,2937,200,0.6174742253497243,4.152245438657701,512
654fcd87-ef1b-4b0f-9ac3-2e37badf8391,e38ecf53-d2a3-434b-affd-1afb07135ae3,7949907.579043023,7949909.116185068,7949914.115966737,6220,200,1.537142044864595,4.99978166911751,176
83346504-aee1-4087-a6a0-baf2c214ec45,3daffac5-0016-4e98-88da-87898f7abac9,7949908.579167352,7949909.892209064,7949914.893113095,5743,200,1.3130417121574283,5.000904031097889,176
9f35a1db-5b2c-4191-973e-d93b24633d8c,0fdf3a79-0b56-4d09-930d-738eaa2f1f84,7949909.579324891,7949911.1062764,7949914.999826134,5766,200,1.526951509527862,3.8935497337952256,192
467fa05b-aa79-481d-9e19-bf1518f797d7,173d8474-31a7-49c9-a766-796c9ce56475,7949909.579356293,7949910.24115306,7949915.50243088,1713,200,0.6617967672646046,5.261277819983661,1696
7e222d97-fa73-46f5-b0c6-dfdbe3bd63ad,57653307-c6ff-4c87-8138-1533b53900a3,7949908.579156549,7949910.24860676,7949915.510855179,5957,200,1.6694502113386989,5.262248419225216,160
6a91b5c9-8780-4940-ba71-a5cfb1c6ce97,169bfd1c-b54b-4a03-b40f-5a304abd2cb8,7949909.579348945,7949911.810560027,7949915.683994901,5200,200,2.2312110820785165,3.873434874229133,224
c00954a3-2b8b-4fe3-beab-8dd8fee78b5b,d361340e-7ada-4795-9f86-b45068834ca9,7949908.579160346,7949911.477719276,7949916.141332772,5242,200,2.8985589304938912,4.663613495416939,192
48859534-8d71-4851-ab88-437751a1b122,79a894eb-9287-484e-a864-40b6ad2996ba,7949911.579749197,7949912.169837943,7949916.552916983,2647,200,0.5900887465104461,4.383079039864242,160
a58a46d1-dd76-4bbd-b066-ac7e68bd4e2b,e793cd05-3809-4e36-8e78-d44bc000c93e,7949911.579761289,7949912.495910845,7949916.6947962865,5882,200,0.9161495557054877,4.198885441757739,5872
d994e4f4-0d93-43de-a511-1f454b832e4c,a0ee44f1-f36b-4a6a-bf7e-a9a8c8f79820,7949909.579352633,7949911.975554191,7949917.7196574425,5984,200,2.396201557479799,5.744103251956403,192
a762a6c1-d389-4610-a9bb-445a745883cd,4101a5fe-666e-4384-a477-c0dd5e15c3ca,7949912.579071139,7949914.30213988,7949918.74951415,5833,200,1.7230687411502004,4.447374270297587,160
76abd6ed-09a7-48b6-a437-2e8499fe716d,7478b6c6-9274-4639-a17e-c22dceb7abc8,7949913.57995228,7949914.180181517,7949920.101919639,2399,200,0.600229237228632,5.921738121658564,2384
bd38609a-4a48-4316-bb32-62825be813ac,ba46ec63-d117-43af-a082-fdb05a1381df,7949912.579056507,7949914.123012967,7949920.113853456,3165,200,1.5439564604312181,5.9908404890447855,160
5bd82638-2c51-410e-a8c0-5a4e200a1613,be7c7963-f013-4d24-b0a7-6748d0b4636c,7949912.579077928,7949914.740733807,7949920.399584238,916,200,2.161655878648162,5.658850431442261,224
1c2f72f7-3e13-4ccf-8fbf-efffbc6e7baf,ae2e8592-a20d-44b2-9ac8-d0abc430102f,7949913.579926107,7949915.833369038,7949920.474516053,2709,200,2.2534429309889674,4.641147014684975,2688
68d4a68f-d755-468d-be04-bb9f6ea2ef36,7a77a142-6294-4d46-b6bf-f820bc0585c9,7949913.579948194,7949915.584716472,7949920.477893098,5120,200,2.004768277518451,4.893176626414061,160
4df73c96-8106-4b56-a564-05457b065c81,92deaa90-0511-413c-a6f7-0c972eadcb6a,7949916.579040296,7949917.132372397,7949921.213083327,516,200,0.5533321006223559,4.080710929818451,160
1f9b99ad-13d3-4054-b83c-a380d7876f0f,0f610880-6ddd-4017-bf17-27f18caf55cb,7949914.579581321,7949916.58559746,7949921.673328953,5699,200,2.0060161389410496,5.087731492705643,160
452beb20-a36b-4479-8906-576231f4cead,02040ade-ed2d-491c-ad7f-c7feac81e298,7949917.579287363,7949918.431691159,7949923.238885689,1591,200,0.8524037953466177,4.807194530032575,160
1e9f5210-5390-4f00-8e86-ad97d962bc6b,32bb63f5-0400-4e7c-8e6c-cb23dafc8d9e,7949917.579283856,7949919.146900571,7949923.783278013,2002,200,1.5676167150959373,4.636377441696823,192
ffc3a4a3-d710-4a66-bd19-cabe00749cbb,efedac55-57dd-4acf-9f7e-f6bbd7243fbe,7949918.579507991,7949919.312831833,7949923.81528289,2548,200,0.7333238422870636,4.502451056614518,224
e6099786-671b-48d0-b63b-a30e325b8a0d,b23331f5-cf25-4f3d-bb0a-0b712f6627c0,7949915.579142639,7949918.414389235,7949924.101528029,5006,200,2.835246595554054,5.687138793990016,176
715c7fe9-0f61-488b-8fff-76d3511f3154,bfc78a92-84e5-4fdf-8b1d-913c94a11821,7949917.579290225,7949919.467493339,7949924.754202922,4636,200,1.888203114271164,5.2867095824331045,192
f602a869-351d-4f33-a038-3921f74bdc3c,16c13356-28d3-47de-b107-a5a7029a64ab,7949917.579293341,7949920.159558276,7949924.9235402,5944,200,2.5802649343386292,4.763981924392283,160
5ada6223-5a88-449e-8db7-b23adc310d4c,0fdd3815-1923-4d11-a5f1-1c32cbce836b,7949918.579512532,7949921.195120209,7949925.175137704,4153,200,2.615607677027583,3.980017495341599,176
0713ffdc-13a7-466b-8294-292b1893095f,b7554870-29f4-4f87-8863-6a1c0092c222,7949920.579118497,7949921.603170092,7949925.816704219,5944,200,1.02405159547925,4.213534126989543,224
0b7106c2-992e-47b8-9c68-284c1a6407a5,407004fb-7cce-4fb0-8afc-9731047cc8ed,7949920.579122253,7949922.396646025,7949926.182735823,6076,200,1.8175237718969584,3.786089798435569,160
fbb48c88-89f7-48a3-b50f-03d5b6500b46,dc6a24a9-28a9-4c0c-84ed-02457cc09129,7949921.579041533,7949921.876240471,7949926.740019766,964,200,0.2971989382058382,4.86377929430455,816
efabbdef-763b-40af-927a-1bc69987c3e9,4c0997d5-2aec-4027-a2f1-cdad7df5163a,7949923.579087415,7949923.854638114,7949927.611751923,654,200,0.27555069886147976,3.75711380969733,560
f1b29a5c-63bb-434c-afd3-9f815c4b1cfb,9c1eaa62-32d0-47df-aea2-fa3f14175763,7949920.579107568,7949921.812744734,7949927.9684254555,3071,200,1.233637166209519,6.155680721625686,192
5c3adc91-4ee2-4161-a155-402c40d4abf8,799f49c2-16e7-41ad-b2ec-4b6cea8a3a37,7949923.579105849,7949924.216008599,7949928.32787857,1616,200,0.6369027495384216,4.111869971267879,192
33c0e26f-9011-4bb0-b501-dac99f542bb4,173d8474-31a7-49c9-a766-796c9ce56475,7949924.579378085,7949924.728879682,7949928.769268862,1713,200,0.14950159657746553,4.040389180183411,1712
23c3effe-55d6-4eae-ada3-0d1a0b50839c,2c2590bf-7735-4068-8406-2d47707168ea,7949923.57905891,7949925.43785924,7949929.279559634,5412,200,1.8588003301993012,3.84170039370656,160
e5359c41-aff8-4897-ba3c-5598d028a509,008dd8be-2869-4ff2-8840-18c17714b28a,7949923.579083589,7949925.430619861,7949929.280076246,682,200,1.8515362720936537,3.8494563847780228,672
90416052-4c46-4364-93aa-6ddb8962952e,7c8adab7-544c-4106-916a-d86d02536d30,7949923.579100404,7949925.154632012,7949929.442947817,5746,200,1.5755316084250808,4.288315804675221,176
c91c1d53-232d-4172-9b17-2e73c39cfd97,a11dd54d-1ecf-4edb-8876-8bcbbf55cb77,7949925.57964172,7949925.806878471,7949929.693433652,1286,200,0.22723675053566694,3.8865551808848977,1280
e060ab0b-be37-4d3e-8908-7d7d0477a282,ae2e8592-a20d-44b2-9ac8-d0abc430102f,7949925.579625762,7949926.154108636,7949930.034662167,2718,200,0.5744828740134835,3.8805535305291414,544
3b92b53e-a3ff-49b4-9cc5-1afc2292c4b7,d8a397bc-57f7-446c-afd5-6ed41a735419,7949925.579637328,7949926.131664142,7949930.156117153,2629,200,0.5520268138498068,4.024453011341393,192
c059c09a-1041-4055-a369-9fc81ffa85b4,6e066633-fcb0-417d-94ee-a9864bbdaa41,7949925.579656522,7949927.331149176,7949931.179503819,6397,200,1.7514926539734006,3.8483546432107687,192
d79a9eb1-3e45-4e62-a097-e57e3a8b2aec,91817d88-3093-4655-a55c-1e6106fc4d42,7949925.579645726,7949927.84410203,7949931.860181269,5960,200,2.2644563037902117,4.016079239547253,176
265fbfcb-71a3-45ae-bc31-77093bd00d83,984ff781-ca15-479c-8e06-7bd9cd701519,7949927.579652501,7949928.840780926,7949932.706620249,4192,200,1.261128424666822,3.865839323028922,192
4b205341-9822-4bca-b9dd-a94e96faac1b,76555300-fcff-4171-b015-185f2da1ade5,7949926.579163166,7949926.905887684,7949932.899338888,777,200,0.3267245180904865,5.993451204150915,192
63bac289-01d2-4315-b506-82b27142e97b,509e694a-3fe7-4d92-89a0-f7d32c4d3964,7949924.579375057,7949927.175758763,7949933.083573322,5323,200,2.596383706666529,5.907814558595419,464
b9810cd0-405b-4454-a14b-5672c7fe7b6a,b1b62e80-fa7e-4971-91ba-8520394e2045,7949929.579761991,7949929.90616955,7949933.78839972,3148,200,0.3264075582846999,3.882230170071125,2896
cde772b6-adda-41db-bcd1-162790c3cb88,0883483d-ba52-4103-b119-afeaa09302ef,7949928.579671189,7949929.708762181,7949934.191797437,5726,200,1.1290909918025136,4.483035256154835,464
a7eeab07-6120-4584-a2b2-eaeb6f670490,657ec69d-2850-466b-9d84-480d9f1b5621,7949929.579758311,7949930.505503433,7949934.934032959,3461,200,0.9257451221346855,4.428529526107013,160
0e524176-fbac-4e26-821f-9e069ec4953a,c6e46137-96c8-4e42-a23e-7c081d40d5d1,7949930.579601549,7949930.890804597,7949935.309044462,478,200,0.31120304856449366,4.418239864520729,176
bb943620-8f69-4f1f-ba23-b8768ea995bb,8b7011a5-dbfb-452d-bb3d-380cfd694481,7949929.57976968,7949930.462692026,7949935.344942235,2835,200,0.8829223457723856,4.882250209338963,176
ad83a4d2-fff0-417b-ae66-77dcee8c20ef,7ed7ebb9-c4ac-496b-a503-cbbd0dad0d9e,7949930.57958575,7949931.455124399,7949935.88313406,2424,200,0.8755386490374804,4.42800966091454,160
6f4a82d0-9b58-435f-9776-866eb5aa2470,86de5cef-70bf-4017-a0cc-18e138df67ce,7949932.580487279,7949933.251280408,7949937.654382215,2630,200,0.6707931291311979,4.403101806528866,192
1a0338c9-0f78-4c95-954d-5ecbc390dfb8,a0ee44f1-f36b-4a6a-bf7e-a9a8c8f79820,7949932.580470599,7949932.775693351,7949937.846671061,5984,200,0.1952227521687746,5.070977709256113,5968
5638f20a-1dbb-460e-b50f-7e89ddb1b6e0,c2c3631f-2662-40db-8c0f-628ff0659c25,7949932.58047693,7949933.502041395,7949938.713496906,690,200,0.9215644644573331,5.211455510929227,192
d3342493-a725-49eb-8893-b82a9805e807,91e22163-b1ce-41e5-803d-070d44488e41,7949932.580466817,7949934.535901241,7949939.383483956,5821,200,1.9554344238713384,4.8475827146321535,192
c4ac95f5-c5b9-4244-8bed-ccbcfb7aaa5f,aa51b55b-bb87-48f0-8caf-7b55883df5b1,7949934.579312186,7949935.996185947,7949940.138553516,5910,200,1.4168737614527345,4.142367568798363,176
1328c46a-8766-4e86-9389-933a87a10d29,78c52aa7-54ff-4215-918f-225351f4fb8d,7949935.57956265,7949935.883470295,7949940.329355362,5877,200,0.30390764493495226,4.445885066874325,5712
7d785006-6a74-4ea3-a126-194d11724d68,232da153-6f07-41c5-b184-6a34c8861a3c,7949932.580454684,7949934.986933689,7949940.42540785,5688,200,2.4064790047705173,5.438474161550403,224
31590f7e-b870-46fe-9f65-565553df46c1,5528d602-0065-4aee-a2d6-8421c7efbbb5,7949935.579558823,7949936.726699481,7949940.714897852,1424,200,1.1471406575292349,3.988198371604085,1200
a1cbe298-acdf-45c2-b523-0f4a710dead1,739e8356-c265-49a3-95cc-6cf7925072f8,7949935.579549192,7949936.935367504,7949940.876715675,4867,200,1.3558183116838336,3.941348170861602,176
ddf49147-891b-41b0-992b-cccb4ae25aec,899c2615-9ae4-4ce5-91c4-b802b05ed50e,7949937.578956013,7949938.291106556,7949942.873170145,2283,200,0.7121505429968238,4.582063589245081,288
d08b1508-e334-4633-bbb7-762878ad36f3,5f03cc52-082c-4278-836e-b69155dec9ba,7949933.579577848,7949934.947366977,7949943.393360308,6344,200,1.3677891287952662,8.44599333126098,160
672cdc2a-34c9-4db2-84dc-27939b00ad9c,3d8863b7-df29-4780-bd2e-c251d2407494,7949934.579323977,7949935.737223985,7949943.745672875,5863,200,1.15790000744164,8.008448890410364,176
5ac58199-13eb-4d97-80bd-e65b54ced953,dc6a24a9-28a9-4c0c-84ed-02457cc09129,7949939.579416468,7949940.05912647,7949944.141207642,1006,200,0.47971000242978334,4.082081171683967,928
ae282465-9003-4736-b236-e55db9cf7a31,74a8d097-f062-41b6-8205-d784bb153261,7949939.579424358,7949940.179224324,7949944.198905578,2455,200,0.5997999664396048,4.01968125347048,160
ab3059aa-d6b5-4223-81a0-8f0f1bea0727,a4910820-870d-4238-922d-93ffdf3d500c,7949939.579438743,7949940.174238611,7949944.203047019,1299,200,0.5947998678311706,4.028808408416808,1296
32478ab2-7dc7-414c-944e-29c849d5b2b7,75db6428-dff0-463f-b671-c2e496eaec25,7949940.579757833,7949940.781274727,7949944.449906083,441,200,0.20151689369231462,3.6686313562095165,160
3e9f360f-59a7-49b4-a29d-0c2c094ea036,173d8474-31a7-49c9-a766-796c9ce56475,7949939.579431472,7949940.294777509,7949945.007065315,1762,200,0.7153460364788771,4.7122878059744835,1696
d2bd59f3-d817-4d84-abc5-cd3b76778ab8,7f67bd0b-ddb0-444e-86e9-2afc934f05db,7949940.579773708,7949941.982198465,7949945.472881071,5909,200,1.40242475643754,3.490682606585324,224
d79f78ae-db1d-4b51-ba82-7a971525f0ba,6f90c4ab-65aa-49a6-ba03-ccb6cd74af3e,7949938.579582123,7949940.491895748,7949945.646509722,5889,200,1.912313625216484,5.15461397357285,176
8d28ecd5-8d50-4ff3-b001-10195a131cf3,41885f0f-e482-417f-a075-43076124bbb5,7949939.579420752,7949941.480528033,7949945.762866825,5095,200,1.901107281446457,4.282338791526854,192
1318b534-3ad9-44b8-9fee-5490495d18cb,1746f222-2ffd-4f94-84ff-98bd0a70124e,7949942.579169789,7949943.022056453,7949946.770180474,1098,200,0.4428866636008024,3.7481240211054683,224
76828cf9-8f56-495d-b431-1ea6467ec305,35bdd8b2-7f0e-44c7-a49b-13f5b8d5483e,7949939.579435071,7949942.700478416,7949946.813762622,4111,200,3.1210433449596167,4.113284206017852,160
b13998bf-5492-4f94-9d0d-fd77e7fc8e00,828db195-ca5a-4484-848e-1fc6ac242624,7949940.579762096,7949942.459605767,7949947.2629384985,5834,200,1.8798436718061566,4.803332731127739,3840
2c7d5b4c-e429-4e54-8137-03675968ea27,de528792-7b2e-4008-9f06-3c9229e60e2f,7949942.579180075,7949943.436129148,7949947.480318472,2521,200,0.8569490732625127,4.044189323671162,160
9c1fad90-f647-4078-b01f-5d0e373049ea,43515880-6b47-44ce-ad5a-c143292b1649,7949940.57977025,7949943.785173802,7949947.540533476,5891,200,3.2054035514593124,3.75535967387259,720
1989d1fb-96f0-4280-a70a-4b68439773bd,2375aed9-bf2b-4d31-b02f-4651375f6697,7949941.579722869,7949943.786351469,7949947.861810274,1916,200,2.2066286001354456,4.075458805076778,176
315c40d0-3c8d-46b1-9aff-97a6ea30638c,8deb1987-ae66-48b8-ad82-ef28a801bdb8,7949944.579824321,7949945.571766754,7949949.255488216,2085,200,0.9919424327090383,3.683721462264657,192
ef6eced2-eefb-42c7-b2df-b89a8b022340,808d4138-729b-4276-b0a1-bb598e185260,7949943.579553405,7949944.497732339,7949949.915565766,1023,200,0.9181789346039295,5.417833426967263,192
976bcdb0-2c1e-46a8-8caa-ec32ae0513cc,0063cc32-341a-4d61-a6b2-bfe3e579b5b9,7949944.579813593,7949946.094967964,7949950.419180807,5758,200,1.5151543710380793,4.324212842620909,192
bd84f0d2-b450-4d97-82a7-bd42e7d301b5,ab319b63-2c03-4b0a-8207-96b3768da2a6,7949946.578944474,7949946.894163254,7949950.430542903,789,200,0.31521877925843,3.5363796493038535,192
4cf65f3e-a46c-4dfc-ae94-70a596e3ca1c,cc1399df-ddbd-4863-9dc3-cad34947be2c,7949943.579557221,7949946.302094984,7949951.168496179,5895,200,2.7225377624854445,4.866401195526123,176
fcf0debc-e638-49e1-bf7f-f4509565e2f4,4c0997d5-2aec-4027-a2f1-cdad7df5163a,7949946.57894865,7949946.878299488,7949951.778512128,706,200,0.2993508381769061,4.900212639942765,624
07a9dcc7-5d29-42ff-9f28-46b07cf5e0ec,4be06dde-f2d3-4131-bc26-c027c0ab9b86,7949946.578940576,7949948.227673753,7949951.932030207,5967,200,1.6487331772223115,3.704356453381479,160
4d290929-4436-4035-a32e-077584f935c2,c2cf61e6-40f9-49e5-a7f1-e24130e70596,7949945.579904881,7949948.063228504,7949952.618810042,5862,200,2.483323622494936,4.555581538006663,176
bc9449b8-530b-4af4-b5a7-bbf76b7a99da,2a2ae2a8-7cce-4581-8c57-146abd9d9090,7949947.579697206,7949948.163951017,7949952.7196600055,624,200,0.5842538112774491,4.555708988569677,224
c20ebdfe-df8f-4585-9c4b-22d0cc02bc97,7478b6c6-9274-4639-a17e-c22dceb7abc8,7949948.579497021,7949949.279640414,7949952.82877756,2399,200,0.7001433931291103,3.5491371462121606,192
a55acd08-ce0b-47df-a2d7-b3b1bd77cb1a,1395c13e-e24a-45ea-b379-cf296f4c4d9c,7949948.579515697,7949949.086263908,7949952.829460807,1173,200,0.5067482106387615,3.743196899071336,176
7697095a-9491-4ae8-8412-ff68ccd019c1,91817d88-3093-4655-a55c-1e6106fc4d42,7949949.579347051,7949949.735414598,7949953.53575652,5948,200,0.1560675473883748,3.8003419218584895,5920
1ef74522-c302-482a-83f4-0a8c3036c36d,c6edf900-83dc-49ab-a291-352d4609219e,7949947.57968575,7949948.349650144,7949953.603642948,1772,200,0.7699643932282925,5.253992804326117,224
59dac128-379e-4f8f-8337-1db9253bd58f,a11dd54d-1ecf-4edb-8876-8bcbbf55cb77,7949950.579192513,7949950.812571762,7949954.518650832,1455,200,0.2333792494609952,3.7060790695250034,1296
8f46aa15-5398-411c-8672-06e33d091119,134b7ff3-7475-498b-8ba8-13bfa96c8a9c,7949950.579210039,7949951.791454986,7949955.519410442,4935,200,1.2122449465095997,3.727955455891788,192
0513d120-c14b-4b63-8b6e-da7f5fbe78a0,dd8a6dac-ac34-4ab3-802b-27a9bdca9fc9,7949948.579504223,7949951.45680428,7949955.959549059,5044,200,2.8773000575602055,4.5027447789907455,192
73f67855-59a4-4f4f-ae8d-d7086b517aeb,db50af28-fa33-4f95-803d-71036af6bdbe,7949947.579713299,7949950.846953798,7949956.414568057,6007,200,3.2672404991462827,5.567614259198308,176
a8924ac3-6f76-4cfc-806f-1689855f92ea,dc6a24a9-28a9-4c0c-84ed-02457cc09129,7949952.579324025,7949952.770787112,7949956.556303047,1061,200,0.1914630876854062,3.785515934228897,976
7b64df2f-c2ba-4a5e-859b-dec9dd431f4b,4101a5fe-666e-4384-a477-c0dd5e15c3ca,7949950.579213389,7949952.412287244,7949957.0316445,5836,200,1.8330738544464111,4.619357256218791,5808
484dad52-c1ab-4265-861d-3a461055c638,3a3d8f95-20e5-48e9-a332-7a0c444f6704,7949950.579203199,7949952.416674085,7949957.03716987,5877,200,1.837470886297524,4.620495785027742,192
7bd1adac-4da3-4eb4-90df-4466f9bde7f2,173d8474-31a7-49c9-a766-796c9ce56475,7949952.579300571,7949952.881301301,7949957.360960432,1808,200,0.30200072936713696,4.479659131728113,1744
7273a6b6-4f41-4b36-9070-c35542920dc1,8c98f610-d05a-452b-bd58-8654bc224515,7949953.578996847,7949954.508396763,7949958.242991232,3856,200,0.9293999159708619,3.734594468958676,176
d9c90f0c-8b78-4fd4-ae0d-12dd40aa0306,d7da3b0d-04e9-4b9d-b404-5377e6967479,7949952.579320543,7949954.537311056,7949958.605689446,5744,200,1.957990512251854,4.0683783907443285,160
94aabcf7-0f8d-4fe6-a6bf-af9cea2564e3,386b7318-3947-4df1-8dd5-2e93abdf10c2,7949950.579216419,7949952.718434034,7949958.714102335,5940,200,2.1392176151275635,5.995668301358819,160
2878cef3-c151-4078-8467-d4ab3776c84b,6963d70e-8a78-474a-aecb-3a11623672b1,7949953.578963381,7949953.906667326,7949958.913397664,1355,200,0.32770394440740347,5.006730338558555,176
11a832c4-54ff-4111-9dc6-0d9ff4fb6cbe,cbfc928e-2503-4065-b5ce-fed6fc8afe16,7949953.578985178,7949955.193503096,7949959.256540054,1369,200,1.614517917856574,4.063036958687007,224
cf1e8a3e-3b93-4b42-a949-9d1c6d163f97,b7554870-29f4-4f87-8863-6a1c0092c222,7949953.578978568,7949954.690679986,7949959.639687214,5944,200,1.1117014177143574,4.949007228016853,224
21461640-5f22-409f-9aaa-bf1cb946b524,d361340e-7ada-4795-9f86-b45068834ca9,7949952.579316319,7949953.799020699,7949959.728332221,5409,200,1.2197043802589178,5.929311521351337,3440
d52362fe-71f5-4fb1-9206-f1457230fe67,4bf9a1b8-5289-460f-817e-659616fb5993,7949954.580279451,7949955.941196099,7949959.7852222845,5908,200,1.3609166480600834,3.8440261855721474,192
e102d4ef-ab0a-470c-b21b-c1c69bd82cf9,899c2615-9ae4-4ce5-91c4-b802b05ed50e,7949953.578992651,7949955.417147694,7949960.695530877,2278,200,1.838155043311417,5.278383183293045,16
5490de21-dfaf-43ca-a55d-cb722e9e7f31,86299f69-c775-484b-b143-609a8de38115,7949956.579321458,7949957.046659601,7949961.170053599,935,200,0.4673381429165602,4.123393998481333,160
ee1f0add-43e3-421d-940d-b5781ff6a303,47290926-f76b-42a0-b6b0-95ae3ac5a196,7949956.579327868,7949957.828669039,7949962.023679572,3372,200,1.2493411703035235,4.195010533556342,288
1409a9aa-fc58-4619-b523-ee83bb11f56d,a4f0c701-3c40-428e-a46d-38a2479e43d2,7949953.578974686,7949956.826953183,7949962.105195819,5875,200,3.2479784972965717,5.278242636471987,176
6d5583e3-6c59-4e45-ad6e-28c9b413846e,49d21dd3-cbfe-430e-b63f-91912665739f,7949955.579253749,7949956.904795152,7949962.572510504,4438,200,1.325541403144598,5.667715352028608,192
93e97ae4-bbd9-4c1e-bf98-dcd00d267414,2c2590bf-7735-4068-8406-2d47707168ea,7949958.579129611,7949959.083462557,7949963.202991215,5649,200,0.5043329456821084,4.119528657756746,5408
12d80bbe-d593-43a6-b24d-ceef7058a2e6,e6336030-a659-4464-954a-a056f93a2109,7949957.579125669,7949958.3293881565,7949963.237213847,2115,200,0.7502624876797199,4.907825690694153,192
2797eb42-1af9-416c-9b2b-9539ac73060f,74c55eab-1a18-4213-99b5-af35716fb45c,7949958.579122904,7949959.071814343,7949963.366037376,1111,200,0.492691439576447,4.29422303289175,160
d978986e-de81-4908-8d04-ff90a2b69dde,4c0997d5-2aec-4027-a2f1-cdad7df5163a,7949956.579324821,7949957.127626368,7949963.4966444215,769,200,0.5483015468344092,6.369018053635955,672
0afefb3b-8191-4785-a4f7-aa08a1e671e5,b291c0ac-e9de-4ead-baf2-abc51810229c,7949958.579143177,7949960.782476259,7949965.508876241,1417,200,2.2033330826088786,4.726399981416762,192
433ff2da-702e-494e-bd6e-ecdb8470b844,3e29e7d8-6d1a-47d0-9144-aee9df51a47e,7949958.579132674,7949960.45326933,7949965.897824756,4483,200,1.8741366555914283,5.44455542601645,176
e51e0049-47db-4318-9b6e-4e6cf39ee06f,a11dd54d-1ecf-4edb-8876-8bcbbf55cb77,7949963.579403957,7949963.73245557,7949967.12907571,1455,200,0.1530516128987074,3.396620139479637,1440
233ef1c8-9605-48a8-aeb9-99cfa1c4819e,2a2ae2a8-7cce-4581-8c57-146abd9d9090,7949961.579570798,7949962.432727744,7949967.464606071,624,200,0.8531569456681609,5.031878327019513,608
6251f8a6-644b-4dfd-91c3-a1089e4e7040,f0cbebc5-adb6-461b-9b21-22667b2f1d8c,7949958.579126558,7949961.3318771515,7949967.501223898,3660,200,2.752750593237579,6.169346746057272,224
a9eb4cad-ed7a-4a8c-a4e8-8313381495a7,86de5cef-70bf-4017-a0cc-18e138df67ce,7949954.580282453,7949955.7116725575,7949968.038651961,2834,200,1.1313901040703058,12.32697940338403,192
601fbf4e-a42a-4239-beb2-cd69e22c768c,b95dfb64-0406-4605-9307-eb2ed587ac22,7949961.579543297,7949963.376483868,7949969.202868069,5866,200,1.7969405706971884,5.826384200714529,224
56dad586-41ad-44e4-adda-3fddd07f6fee,008dd8be-2869-4ff2-8840-18c17714b28a,7949965.579911892,7949965.712531368,7949969.400240246,682,200,0.13261947594583035,3.6877088779583573,672
053b0ba0-9cca-490f-8268-299557785c03,7a77a142-6294-4d46-b6bf-f820bc0585c9,7949962.579874776,7949964.473294657,7949969.433863912,5303,200,1.8934198804199696,4.960569255053997,160
485ece7d-6f98-4589-961d-18045894168b,67175028-e3cc-49e9-98a5-1253f05846f8,7949961.57956072,7949963.780425014,7949969.598649989,1269,200,2.2008642936125398,5.818224974907935,224
8a338705-daa4-4917-899d-7e6abeaea40d,0fd4279a-26c5-4067-ab88-75febf63597d,7949954.580274675,7949956.282867686,7949969.909770121,5981,200,1.7025930108502507,13.626902434974909,176
e9e302bf-def2-408d-bed1-635e97a1baf6,31d285ac-fc75-4253-9dbd-ca2580bb03c1,7949954.580285021,7949956.765167701,7949970.504230204,5367,200,2.184882679954171,13.739062502980232,224
2ef989c4-6912-4a2b-a01b-2a658bf87db8,b9059ca1-41f6-4bb2-a78c-89f60ec16a23,7949964.579521756,7949965.36328118,7949970.597015313,3140,200,0.7837594244629145,5.23373413272202,160
54dbbeab-cb2e-49d7-a0c3-f25b0353797a,cd8610c6-4e75-4a34-b188-241f3519a738,7949964.579511463,7949965.654046015,7949970.789123761,5723,200,1.0745345521718264,5.135077745653689,192
80daa9de-5c25-41e3-b1c1-196ea7ce7db3,76555300-fcff-4171-b015-185f2da1ade5,7949954.58028823,7949956.764074403,7949971.086351756,907,200,2.1837861724197865,14.322277353145182,736
96de1ad8-74f4-4c58-a54e-bf514807e39e,3084bad3-0d0c-475a-b223-7ebae9afaa52,7949964.579515058,7949966.69353165,7949971.15466354,5911,200,2.114016592502594,4.461131890304387,288
539a0f46-779c-4fec-b40a-a8ba64b7ecec,808d4138-729b-4276-b0a1-bb598e185260,7949966.579609398,7949966.794046034,7949971.374534696,1023,200,0.21443663630634546,4.580488662235439,1008
b954ea2f-88f9-4750-8bb5-3bdcfb748614,173d8474-31a7-49c9-a766-796c9ce56475,7949966.579601136,7949966.818763114,7949971.407400512,1840,200,0.23916197754442692,4.588637398555875,1776
0fc55ee9-2db2-4847-8e29-4ea9e5380d6b,efedac55-57dd-4acf-9f7e-f6bbd7243fbe,7949966.579611856,7949967.185583227,7949971.536879387,2718,200,0.6059713717550039,4.351296159438789,224
6104e165-dc38-4fed-9979-1ef2e159ef0d,73d8e0e8-1341-40a5-b0d5-094ca0aac9e0,7949954.58026485,7949957.355150767,7949972.033527792,4860,200,2.774885917082429,14.67837702576071,176
31ca4c3a-2e01-4628-9d8e-0e107cee67a8,62668b5f-d3c2-4774-bf3f-6674f4688863,7949966.579606344,7949967.770382359,7949972.133993148,1026,200,1.190776014700532,4.363610789179802,160
705e1738-2a1a-4e1d-89a2-387d92adce8b,5a3fbe60-735b-4fe4-a6f8-1bc371c5ad89,7949967.579556397,7949969.152823019,7949972.779730053,6627,200,1.5732666216790676,3.6269070338457823,192
260beace-bb23-4af4-80bb-d3219030bc63,818f34b1-81e6-4dc9-8896-079af3a673ea,7949967.579542917,7949970.300159545,7949975.084432275,6005,200,2.72061662748456,4.784272730350494,192
2974f6e1-ba55-45fe-b9e6-f3cd447bc18a,57653307-c6ff-4c87-8138-1533b53900a3,7949967.579562608,7949970.981358242,7949975.828995158,5989,200,3.4017956340685487,4.847636915743351,160
c0e642c5-b799-4e53-9fa0-30a385a67a87,899c2615-9ae4-4ce5-91c4-b802b05ed50e,7949969.579775927,7949971.07457182,7949975.989845593,2278,200,1.4947958933189511,4.915273773483932,432
57c3235f-2321-49f9-addc-240ba254a475,6e324056-7897-4c8b-93de-3f0d2871a1a9,7949971.579317556,7949973.294666941,7949977.546315938,5948,200,1.7153493855148554,4.251648996956646,192
2fe5da42-c7a9-41c0-a7ea-a5ffb745e47b,be7c7963-f013-4d24-b0a7-6748d0b4636c,7949972.57999539,7949973.016851572,7949977.619147263,1110,200,0.43685618229210377,4.602295690216124,224
a8699660-c063-42e0-ae2f-d8ae7faf3fbc,997695bc-33ef-41c6-903e-cc1112298142,7949972.5799985,7949973.386122322,7949978.089404981,2993,200,0.8061238219961524,4.703282658942044,176
b2bdc56c-9613-43b1-ba64-3da1819626b8,7ed7ebb9-c4ac-496b-a503-cbbd0dad0d9e,7949974.579857292,7949974.806057961,7949979.9022746105,2642,200,0.22620066907256842,5.096216649748385,2416
a73178b4-6a0d-469f-85ca-f895b9b1180e,b1cb652a-67d4-44c4-a3d6-11f8ce62329e,7949973.579459147,7949975.17481537,7949980.234592099,5357,200,1.5953562231734395,5.059776728972793,192
254d7546-ad04-44c8-bb2a-9d585e90f786,828db195-ca5a-4484-848e-1fc6ac242624,7949975.579865132,7949975.725082689,7949981.471436023,5834,200,0.14521755650639534,5.746353333815932,5824
883abf88-e02d-41f1-a355-6788e5ee8b85,92deaa90-0511-413c-a6f7-0c972eadcb6a,7949975.579876329,7949975.804720785,7949982.036936297,737,200,0.22484445571899414,6.232215512543917,160
acfb3689-51bb-485a-ab31-4e4433c05dab,aa2dc0a5-8f81-47dc-8767-40e6ea12f767,7949962.579868185,7949965.322132343,7949983.778352085,5839,200,2.742264158092439,18.456219741143286,192
f62c081c-eae2-4667-95a1-996b465e577c,c39188e7-a06e-4fc5-9568-0d491f899573,7949976.579787723,7949976.914008587,7949984.014863304,609,200,0.33422086387872696,7.100854717195034,176
cdadd612-0965-4ba8-8aa8-7f4f528a8a0a,ae2e8592-a20d-44b2-9ac8-d0abc430102f,7949977.579603212,7949978.161377851,7949984.289801456,2728,200,0.5817746389657259,6.128423605114222,320
7c635a94-c531-43e4-a0a5-1d27f093524f,134b7ff3-7475-498b-8ba8-13bfa96c8a9c,7949977.579621775,7949978.898245991,7949984.27927362,5041,200,1.318624216131866,5.381027628667653,4896
f488ef16-a9af-4bea-915d-54e5f68023c2,6dea13ca-acc2-443b-bdac-b586c0f4fe58,7949977.579593016,7949979.280250416,7949984.64872808,5999,200,1.700657400302589,5.3684776639565825,176
7d0eaf02-8c33-476b-a0c2-1daea4c50fb3,5b302f37-e3ca-40e5-bfef-75e965ee6100,7949977.579607959,7949979.893434642,7949985.006002822,5781,200,2.3138266829773784,5.112568180076778,160
849d8f5c-1b56-4bef-8ff7-ca68014d82ce,dc6a24a9-28a9-4c0c-84ed-02457cc09129,7949979.579148949,7949979.763605531,7949985.097833421,1124,200,0.18445658218115568,5.33422788977623,1024
38bb87fd-5504-48eb-aece-f67dca59bdd6,a982f705-32d0-4428-be25-bacea39e1167,7949962.579860867,7949965.764053199,7949985.256882811,2849,200,3.1841923324391246,19.49282961152494,224
edb2ed82-e808-4a59-bb0f-26014304b8e8,502899ee-4518-4d94-a120-80fc9b07318d,7949979.579152211,7949980.745471335,7949985.445667166,5270,200,1.1663191244006157,4.700195831246674,192
4bad70b0-a7b7-4855-b461-1c0b99c4bf5d,169bfd1c-b54b-4a03-b40f-5a304abd2cb8,7949979.579144907,7949980.77622862,7949986.436775201,5373,200,1.197083712555468,5.66054658126086,224
31683e6a-35b1-4c8f-b92c-37bad2ef1da6,ba46ec63-d117-43af-a082-fdb05a1381df,7949977.579618464,7949981.167511345,7949986.449966456,3445,200,3.5878928806632757,5.282455110922456,160
4653ddb1-8d28-4d1a-b832-e6342543eb50,40d78c7c-f309-472d-9723-03a3659022b7,7949962.57986507,7949966.954149611,7949986.545422908,1457,200,4.374284541234374,19.591273296624422,192
4ba71d17-ff62-4ff7-8089-6ad863795df2,0656b29d-0483-4131-b056-dc30d1e2958b,7949976.579791224,7949977.152737044,7949987.504557276,541,200,0.5729458201676607,10.351820232346654,192
bd8255df-05f4-4dda-ae3d-7a84f8e70ba0,008dd8be-2869-4ff2-8840-18c17714b28a,7949985.579903554,7949986.080852566,7949990.221810989,682,200,0.5009490121155977,4.140958422794938,672
eb7bd80c-7b92-4e51-b5b9-91605016ebf7,b2e5c2f2-ace4-4fcd-a84f-e1ad661d87cb,7949981.579392837,7949985.137475045,7949990.225677017,4703,200,3.5580822080373764,5.088201971724629,192
49727f47-d800-4ad8-813c-5a6ba6575a25,e38ecf53-d2a3-434b-affd-1afb07135ae3,7949981.579395494,7949984.387321173,7949990.228917793,6241,200,2.8079256787896156,5.841596620157361,176
45ff9411-cb2b-4053-84c3-d5af6c658248,899c2615-9ae4-4ce5-91c4-b802b05ed50e,7949980.579158234,7949981.392835165,7949990.245970504,2275,200,0.8136769309639931,8.85313533898443,432
57f55b24-869c-43a5-9429-3b186ad347c2,7c8adab7-544c-4106-916a-d86d02536d30,7949978.579819712,7949984.130512073,7949990.255122874,5767,200,5.550692360848188,6.124610801227391,176
3cb20881-ade2-4dfc-bc34-86d9f914c531,f160fdea-ff99-47be-a3a0-a67bae8c864d,7949985.579907067,7949985.8743169345,7949990.260730205,538,200,0.2944098673760891,4.386413270607591,224
f7543862-b9e1-47af-8542-95eeba19d35a,c22fb9b8-9ddc-4b2a-99a0-55d2562e0072,7949981.579379278,7949984.1082439395,7949990.269006345,3310,200,2.528864661231637,6.160762405954301,192
9b9c5195-a530-49a0-acc0-3b1f43f07fcb,16c13356-28d3-47de-b107-a5a7029a64ab,7949980.57911895,7949981.835794893,7949990.290184371,5878,200,1.256675942800939,8.454389478079975,160
c2ce0f75-5cb4-45f0-9604-35abfd6d7fb2,f0cbebc5-adb6-461b-9b21-22667b2f1d8c,7949977.579610952,7949979.643776869,7949990.282337218,3660,200,2.064165917225182,10.638560348190367,3648
f786dd78-cc83-40c0-9fae-5ccfb3e167db,d8a397bc-57f7-446c-afd5-6ed41a735419,7949982.579724602,7949985.914753581,7949990.323851873,2861,200,3.335028978995979,4.409098291769624,192
e5bf7f56-82cd-49e5-9849-a6db80114ffe,22d7558f-2436-464f-b111-4724e2f322d1,7949980.579136655,7949986.073085739,7949990.527708786,2329,200,5.493949084542692,4.454623046331108,224
1029304c-04b7-49bd-be7e-ca5117b0f8ab,307c55d5-8ee9-4aec-850b-cee5f644152a,7949978.579795322,7949979.481282477,7949990.540850125,6649,200,0.9014871548861265,11.059567647986114,192
a76cf9b6-946e-4212-931a-96a0c73b64d9,173d8474-31a7-49c9-a766-796c9ce56475,7949978.579816099,7949979.716348547,7949990.555185586,1860,200,1.1365324473008513,10.838837039656937,0
886ff2fd-ae11-4d55-b08a-ef72a23f0bb9,abcf79af-7bcb-4a44-bac7-cf7c8ee297aa,7949982.579720946,7949985.793121396,7949990.575224245,5818,200,3.213400449603796,4.782102849334478,176
a17b4a7c-019b-4af0-9d1b-0ec5c4f4202e,bfffcdeb-f570-472b-9850-8d2a51b3e4a9,7949980.579143072,7949980.91073861,7949990.631359551,1281,200,0.33159553818404675,9.720620941370726,176
287611e2-f38e-4467-bf63-3b77d900c336,749cff23-59a3-425b-bc36-69a36ebb5518,7949978.579827208,7949981.203168811,7949990.733258465,3493,200,2.623341603204608,9.530089654028416,160
7154ea9d-c5a1-490c-9733-3838e3134df4,3d8863b7-df29-4780-bd2e-c251d2407494,7949980.579139715,7949982.006026437,7949991.268952729,5774,200,1.4268867215141654,9.262926292605698,176
6edf3eeb-d23a-4292-8329-e2130db2f5a7,b325fd77-fdfe-41e9-a0ff-794363903698,7949980.579146281,7949984.986179984,7949991.364043608,2097,200,4.407033703289926,6.37786362413317,160
02595a0d-27ff-4d31-8678-8a2d6f5c9354,d8fa74bb-c0dd-4dbd-b367-a3010dde6911,7949988.584037191,7949991.88295303,7949995.379260203,493,200,3.2989158388227224,3.4963071728125215,176
5a041ac6-518d-463f-9c99-f30b01764669,f48f3c83-7b8a-45e5-a0fa-74a6e92599d8,7949988.584033798,7949992.241307243,7949995.667465893,5864,200,3.6572734443470836,3.4261586498469114,160
f50b4a7a-aa96-4258-adde-9b13520ef688,6e7cc52a-11de-432c-9428-ed0bba4d276d,7949986.579849448,7949991.493504594,7949995.81953174,4142,200,4.913655146025121,4.32602714560926,160
97b2b3e7-0f0a-469c-a04b-2782a2b81ef1,f5dfcd4e-8527-4840-bbd6-49f1e98a3680,7949988.584013446,7949991.800497496,7949996.0944775455,1701,200,3.216484049335122,4.293980049900711,192
8ccd214f-190b-4f57-a0a1-fe01beef09ac,fc0ee260-72a8-4d48-ad4f-51c0fbdc2377,7949985.579921675,7949992.275279785,7949996.280386766,5576,200,6.695358109660447,4.00510698184371,160
