{"target_qps": 5.0, "actual_qps": 4.999338220575119, "success_rate": 100.0, "input_tokens": 3842, "output_tokens": 199, "model": "QwQ-32B", "input_tokens_per_minute": 1152666.9527896997, "output_tokens_per_minute": 59842.91845493563, "slo_seconds": 5.0, "slo_attainment": 0.0, "ttft_slo_ms": 1000, "ttft_slo_attainment": 27.467811158798284, "tpot_slo_ms": 50, "tpot_slo_attainment": 17.59656652360515, "Latency": {"unit": "s", "min": 5.666793366995989, "p50": 13.692827339997166, "p90": 22.77833990380314, "p95": 23.74787491299794, "p99": 23.797446462438966, "max": 30.296602893002273}, "Throughput": {"unit": "tokens/s", "min": 6.601400186890088, "p50": 14.55634979118836, "p90": 18.70800952253737, "p95": 19.900828266449917, "p99": 22.51041157889259, "max": 25.28073810297636}, "TTFT": {"unit": "s", "min": 0.07751305999408942, "p50": 1.4846056789974682, "p90": 4.398794779602031, "p95": 6.7650267403980235, "p99": 8.16326986204309, "max": 8.978692002005118}, "TPOT": {"unit": "ms", "min": 36.43748864826065, "p50": 60.466858276385985, "p90": 88.21270847938786, "p95": 96.83902475778301, "p99": 108.3042586649079, "max": 112.1479404924438}, "Input Tokens per Minute": {"unit": "tokens/min", "min": 1152666.9527896997, "p50": 1152666.9527896997, "p90": 1152666.9527896997, "p95": 1152666.9527896997, "p99": 1152666.9527896997, "max": 1152666.9527896997}, "Output Tokens per Minute": {"unit": "tokens/min", "min": 59842.91845493563, "p50": 59842.91845493563, "p90": 59842.91845493563, "p95": 59842.91845493563, "p99": 59842.91845493563, "max": 59842.91845493563}}
{"target_qps": 5.0, "actual_qps": 4.999681520787419, "success_rate": 100.0, "input_tokens": 3824, "output_tokens": 199, "model": "QwQ-32B", "input_tokens_per_minute": 1147250.830564784, "output_tokens_per_minute": 59868.43853820598, "slo_seconds": 5.0, "slo_attainment": 0.0, "ttft_slo_ms": 1000, "ttft_slo_attainment": 49.501661129568106, "tpot_slo_ms": 50, "tpot_slo_attainment": 25.91362126245847, "Latency": {"unit": "s", "min": 7.038444528996479, "p50": 12.20400875100313, "p90": 15.814780847998918, "p95": 16.812076370995783, "p99": 18.734169830997416, "max": 19.08701736600051}, "Throughput": {"unit": "tokens/s", "min": 10.478326506699668, "p50": 16.368615798648147, "p90": 19.95444577225636, "p95": 21.34572380309698, "p99": 23.63506889784968, "max": 27.579135153615816}, "TTFT": {"unit": "s", "min": 0.10239688999718055, "p50": 1.0034004080007435, "p90": 2.089261165005155, "p95": 2.495897786997375, "p99": 3.417972262002877, "max": 4.136450527999841}, "TPOT": {"unit": "ms", "min": 34.37870805024962, "p50": 56.35873695475549, "p90": 72.2989089849236, "p95": 77.67920239701142, "p99": 84.53781059298176, "max": 89.9515294221048}, "Input Tokens per Minute": {"unit": "tokens/min", "min": 1147250.830564784, "p50": 1147250.830564784, "p90": 1147250.830564784, "p95": 1147250.830564784, "p99": 1147250.830564784, "max": 1147250.830564784}, "Output Tokens per Minute": {"unit": "tokens/min", "min": 59868.43853820598, "p50": 59868.43853820598, "p90": 59868.43853820598, "p95": 59868.43853820598, "p99": 59868.43853820598, "max": 59868.43853820598}}
{"target_qps": 5.0, "actual_qps": 4.987150148658014, "success_rate": 100.0, "input_tokens": 3792, "output_tokens": 199, "model": "QwQ-32B", "input_tokens_per_minute": 1152706.5485213983, "output_tokens_per_minute": 60642.80307043011, "slo_seconds": 5.0, "slo_attainment": 0.0, "ttft_slo_ms": 1000, "ttft_slo_attainment": 65.90163934426229, "tpot_slo_ms": 50, "tpot_slo_attainment": 31.475409836065577, "Latency": {"unit": "s", "min": 6.87349827199796, "p50": 11.535582853997767, "p90": 15.365285121597124, "p95": 20.286578931397525, "p99": 23.023979988520722, "max": 25.9684536700006}, "Throughput": {"unit": "tokens/s", "min": 7.701652263994639, "p50": 17.336143224430707, "p90": 21.396554673789556, "p95": 22.864873816412956, "p99": 23.968885523564726, "max": 24.150030864074175}, "TTFT": {"unit": "s", "min": 0.09555646400258411, "p50": 0.7955104709981242, "p90": 1.760260553601256, "p95": 2.144962406800187, "p99": 3.1675308696826643, "max": 4.131767876002414}, "TPOT": {"unit": "ms", "min": 36.402861668323766, "p50": 53.63053644220631, "p90": 73.31375546029321, "p95": 94.46813224825218, "p99": 111.31367706772537, "max": 127.20870360301808}, "Input Tokens per Minute": {"unit": "tokens/min", "min": 1152706.5485213983, "p50": 1152706.5485213983, "p90": 1152706.5485213983, "p95": 1152706.5485213983, "p99": 1152706.5485213983, "max": 1152706.5485213983}, "Output Tokens per Minute": {"unit": "tokens/min", "min": 60642.80307043011, "p50": 60642.80307043011, "p90": 60642.80307043011, "p95": 60642.80307043011, "p99": 60642.80307043011, "max": 60642.80307043011}}
{"target_qps": 5.0, "actual_qps": 4.999975293455371, "success_rate": 100.0, "input_tokens": 3681, "output_tokens": 198, "model": "QwQ-32B", "input_tokens_per_minute": 1122774.2981307283, "output_tokens_per_minute": 60597.95850831864, "slo_seconds": 5.0, "slo_attainment": 0.32679738562091504, "ttft_slo_ms": 1000, "ttft_slo_attainment": 75.49019607843137, "tpot_slo_ms": 50, "tpot_slo_attainment": 31.372549019607842, "Latency": {"unit": "s", "min": 2.1735078080018866, "p50": 11.43209524699705, "p90": 15.099341393000941, "p95": 16.62108251200152, "p99": 18.429650215595753, "max": 18.82089118300064}, "Throughput": {"unit": "tokens/s", "min": 10.626489365213668, "p50": 17.449497265855335, "p90": 22.384969442763897, "p95": 24.16348949427214, "p99": 26.235867543148842, "max": 27.610641762282814}, "TTFT": {"unit": "s", "min": 0.05565099699742859, "p50": 0.6380177129976801, "p90": 1.3537614250017214, "p95": 1.74990019075085, "p99": 2.5217204331489476, "max": 2.871344291001151}, "TPOT": {"unit": "ms", "min": 33.533755482620045, "p50": 53.881030324127686, "p90": 71.06920311557748, "p95": 77.37462751132415, "p99": 87.38422952284513, "max": 92.51987344222512}, "Input Tokens per Minute": {"unit": "tokens/min", "min": 1122774.2981307283, "p50": 1122774.2981307283, "p90": 1122774.2981307283, "p95": 1122774.2981307283, "p99": 1122774.2981307283, "max": 1122774.2981307283}, "Output Tokens per Minute": {"unit": "tokens/min", "min": 60597.95850831864, "p50": 60597.95850831864, "p90": 60597.95850831864, "p95": 60597.95850831864, "p99": 60597.95850831864, "max": 60597.95850831864}}
{"target_qps": 5.0, "actual_qps": 4.999904076673759, "success_rate": 100.0, "input_tokens": 3727, "output_tokens": 199, "model": "QwQ-32B", "input_tokens_per_minute": 1118323.2323232323, "output_tokens_per_minute": 59815.15151515151, "slo_seconds": 5.0, "slo_attainment": 0.33670033670033667, "ttft_slo_ms": 1000, "ttft_slo_attainment": 80.8080808080808, "tpot_slo_ms": 50, "tpot_slo_attainment": 28.95622895622896, "Latency": {"unit": "s", "min": 4.9286998769966885, "p50": 11.524444030001177, "p90": 14.645465222200437, "p95": 15.320278767403215, "p99": 16.67177021011769, "max": 18.061091808005585}, "Throughput": {"unit": "tokens/s", "min": 8.318623779742786, "p50": 17.320165969632853, "p90": 21.325496051883942, "p95": 22.504461008318007, "p99": 23.616269708073556, "max": 25.389090354952703}, "TTFT": {"unit": "s", "min": 0.04784919299709145, "p50": 0.49967504999949597, "p90": 1.4330449522036368, "p95": 1.6066676436021226, "p99": 1.94353728315968, "max": 2.5959984159999294}, "TPOT": {"unit": "ms", "min": 37.397274959809906, "p50": 55.08307253769464, "p90": 70.36407772761984, "p95": 74.55339757887202, "p99": 82.20924407134774, "max": 110.96237639994797}, "Input Tokens per Minute": {"unit": "tokens/min", "min": 1118323.2323232323, "p50": 1118323.2323232323, "p90": 1118323.2323232323, "p95": 1118323.2323232323, "p99": 1118323.2323232323, "max": 1118323.2323232323}, "Output Tokens per Minute": {"unit": "tokens/min", "min": 59815.15151515151, "p50": 59815.15151515151, "p90": 59815.15151515151, "p95": 59815.15151515151, "p99": 59815.15151515151, "max": 59815.15151515151}}
{"target_qps": 5.0, "actual_qps": 4.999901510023078, "success_rate": 100.0, "input_tokens": 3811, "output_tokens": 200,