{"target_qps": 5.0, "actual_qps": 4.9950984866745864, "success_rate": 100.0, "input_tokens": 3870, "output_tokens": 198, "model": "QwQ-32B", "input_tokens_per_minute": 1161102.6666666667, "output_tokens_per_minute": 59653.333333333336, "slo_seconds": 5.0, "slo_attainment": 1.3333333333333335, "ttft_slo_ms": 1000, "ttft_slo_attainment": 28.000000000000004, "tpot_slo_ms": 50, "tpot_slo_attainment": 61.77777777777778, "Latency": {"unit": "s", "min": 3.803205579002679, "p50": 10.716200902003038, "p90": 15.417194431995448, "p95": 19.000604934396684, "p99": 22.45781050264281, "max": 23.013716023997404}, "Throughput": {"unit": "tokens/s", "min": 8.690469622178847, "p50": 18.65326542634369, "p90": 31.101101399544618, "p95": 36.723094050459444, "p99": 39.97632015765228, "max": 43.454843517283074}, "TTFT": {"unit": "s", "min": 0.05488924100063741, "p50": 1.5512826819976908, "p90": 3.6103068558033553, "p95": 4.9839292462042035, "p99": 7.842955606877508, "max": 8.977609064000717}, "TPOT": {"unit": "ms", "min": 16.53417607036802, "p50": 45.30315575378259, "p90": 68.3466002231156, "p95": 75.72963569547575, "p99": 93.05728569749658, "max": 99.86415789445807}, "Input Tokens per Minute": {"unit": "tokens/min", "min": 1161102.6666666667, "p50": 1161102.6666666667, "p90": 1161102.6666666667, "p95": 1161102.6666666667, "p99": 1161102.6666666667, "max": 1161102.6666666667}, "Output Tokens per Minute": {"unit": "tokens/min", "min": 59653.333333333336, "p50": 59653.333333333336, "p90": 59653.333333333336, "p95": 59653.333333333336, "p99": 59653.333333333336, "max": 59653.333333333336}}
{"target_qps": 5.0, "actual_qps": 4.999891555269185, "success_rate": 100.0, "input_tokens": 4041, "output_tokens": 198, "model": "QwQ-32B", "input_tokens_per_minute": 1291686.6664220772, "output_tokens_per_minute": 63482.88921227474, "slo_seconds": 5.0, "slo_attainment": 0.3115264797507788, "ttft_slo_ms": 1000, "ttft_slo_attainment": 49.532710280373834, "tpot_slo_ms": 50, "tpot_slo_attainment": 20.24922118380062, "Latency": {"unit": "s", "min": 4.033674075995805, "p50": 12.823920609000197, "p90": 16.53490341300494, "p95": 17.699332124997454, "p99": 20.017174493998755, "max": 20.91321341299772}, "Throughput": {"unit": "tokens/s", "min": 9.563331853903355, "p50": 15.541384918371904, "p90": 20.068241537594304, "p95": 21.27310171014348, "p99": 24.581175497578844, "max": 27.071010347475976}, "TTFT": {"unit": "s", "min": 0.07081477999599883, "p50": 1.0410458960031974, "p90": 2.2566173969971715, "p95": 2.5471249439942767, "p99": 4.3452979926034505, "max": 5.255380422997405}, "TPOT": {"unit": "ms", "min": 33.50548265325187, "p50": 58.83349859797461, "p90": 77.53395852762253, "p95": 84.99183723617178, "p99": 93.44802840701166, "max": 98.4590028844225}, "Input Tokens per Minute": {"unit": "tokens/min", "min": 1291686.6664220772, "p50": 1291686.6664220772, "p90": 1291686.6664220772, "p95": 1291686.6664220772, "p99": 1291686.6664220772, "max": 1291686.6664220772}, "Output Tokens per Minute": {"unit": "tokens/min", "min": 63482.88921227474, "p50": 63482.88921227474, "p90": 63482.88921227474, "p95": 63482.88921227474, "p99": 63482.88921227474, "max": 63482.88921227474}}
{"target_qps": 5.0, "actual_qps": 4.996343702741492, "success_rate": 100.0, "input_tokens": 3985, "output_tokens": 198, "model": "QwQ-32B", "input_tokens_per_minute": 1195629.6167247386, "output_tokens_per_minute": 59556.79442508711, "slo_seconds": 5.0, "slo_attainment": 0.6968641114982579, "ttft_slo_ms": 1000, "ttft_slo_attainment": 54.35540069686411, "tpot_slo_ms": 50, "tpot_slo_attainment": 34.494773519163765, "Latency": {"unit": "s", "min": 3.711492228001589, "p50": 11.69171028299752, "p90": 15.612263634802371, "p95": 20.015165560497543, "p99": 24.647083723501417, "max": 26.080257973997504}, "Throughput": {"unit": "tokens/s", "min": 6.198915916001394, "p50": 17.040384994611294, "p90": 21.236183729561553, "p95": 22.453631921581756, "p99": 27.050473677137873, "max": 28.736276025118375}, "TTFT": {"unit": "s", "min": 0.126123213005485, "p50": 0.9314180360015598, "p90": 1.8990963725984331, "p95": 2.310559480696245, "p99": 3.6008335087796097, "max": 4.7138814339996316}, "TPOT": {"unit": "ms", "min": 32.424313095466985, "p50": 54.26262110553187, "p90": 73.58569839498936, "p95": 96.24785081307265, "p99": 115.58930308231534, "max": 152.33037225001075}, "Input Tokens per Minute": {"unit": "tokens/min", "min": 1195629.6167247386, "p50": 1195629.6167247386, "p90": 1195629.6167247386, "p95": 1195629.6167247386, "p99": 1195629.6167247386, "max": 1195629.6167247386}, "Output Tokens per Minute": {"unit": "tokens/min", "min": 59556.79442508711, "p50": 59556.79442508711, "p90": 59556.79442508711, "p95": 59556.79442508711, "p99": 59556.79442508711, "max": 59556.79442508711}}
{"target_qps": 5.0, "actual_qps": 4.999913653324467, "success_rate": 100.0, "input_tokens": 3964, "output_tokens": 200, "model": "QwQ-32B", "input_tokens_per_minute": 1215791.3723457057, "output_tokens_per_minute": 61335.16281312051, "slo_seconds": 5.0, "slo_attainment": 0.0, "ttft_slo_ms": 1000, "ttft_slo_attainment": 71.1038961038961, "tpot_slo_ms": 50, "tpot_slo_attainment": 33.76623376623377, "Latency": {"unit": "s", "min": 7.327377734996844, "p50": 11.500628855501418, "p90": 15.762752330199145, "p95": 17.149792579704442, "p99": 22.479491864498996, "max": 23.36830086899863}, "Throughput": {"unit": "tokens/s", "min": 8.558602575394277, "p50": 17.390377196598816, "p90": 21.83625954854906, "p95": 23.06539964711556, "p99": 24.552850637070076, "max": 27.294894194517205}, "TTFT": {"unit": "s", "min": 0.05379788400023244, "p50": 0.6745298020032351, "p90": 1.5796250134037109, "p95": 2.018142073949274, "p99": 2.689943180159171, "max": 3.5335430990016903}, "TPOT": {"unit": "ms", "min": 36.00569242714195, "p50": 53.80857640955757, "p90": 74.6819288487401, "p95": 82.32898406309114, "p99": 103.88389826820364, "max": 110.14158108545001}, "Input Tokens per Minute": {"unit": "tokens/min", "min": 1215791.3723457057, "p50": 1215791.3723457057, "p90": 1215791.3723457057, "p95": 1215791.3723457057, "p99": 1215791.3723457057, "max": 1215791.3723457057}, "Output Tokens per Minute": {"unit": "tokens/min", "min": 61335.16281312051, "p50": 61335.16281312051, "p90": 61335.16281312051, "p95": 61335.16281312051, "p99": 61335.16281312051, "max": 61335.16281312051}}
{"target_qps": 5.0, "actual_qps": 4.999646990758125, "success_rate": 100.0, "input_tokens": 3929, "output_tokens": 199, "model": "QwQ-32B", "input_tokens_per_minute": 1178738.0, "output_tokens_per_minute": 59841.0, "slo_seconds": 5.0, "slo_attainment": 0.33333333333333337, "ttft_slo_ms": 1000, "ttft_slo_attainment": 75.33333333333333, "tpot_slo_ms": 50, "tpot_slo_attainment": 30.666666666666664, "Latency": {"unit": "s", "min": 2.759025241000927, "p50": 11.495355810002366, "p90": 15.01831328260305, "p95": 15.757059102650603, "p99": 17.518421552924696, "max": 18.288216293003643}, "Throughput": {"unit": "tokens/s", "min": 10.936003642767075, "p50": 17.398340890849113, "p90": 21.89355583015357, "p95": 23.70606362789937, "p99": 27.416633127482697, "max": 29.4156538057214}, "TTFT": {"unit": "s", "min": 0.04789884800266009, "p50": 0.5632688849982515, "p90": 1.506158169702394, "p95": 1.714454793498226, "p99": 2.2846421710502898, "max": 2.678970446002495}, "TPOT": {"unit": "ms", "min": 32.5728961608145, "p50": 54.26977781656265, "p90": 71.00891650655984, "p95": 75.29655621609476, "p99": 83.3420905012927, "max": 90.64059382915583}, "Input Tokens per Minute": {"unit": "tokens/min", "min": 1178738.0, "p50": 1178738.0, "p90": 1178738.0, "p95": 1178738.0, "p99": 1178738.0, "max": 1178738.0}, "Output Tokens per Minute": {"unit": "tokens/min", "min": 59841.0, "p50": 59841.0, "p90": 59841.0, "p95": 59841.0, "p99": 59841.0, "max": 59841.0}}
{"target_qps": 5.0, "actual_qps": 4.999901778846403, "success_rate": 100.0, "input_tokens": 3984, "output_tokens": 199, "model": "QwQ-32B", "input_tokens_per_minute": 1226000.2915717273,