{"target_qps": 2.0, "actual_qps": 1.998685843438208, "success_rate": 100.0, "input_tokens": 3463, "output_tokens": 199, "model": "QwQ-32B", "input_tokens_per_minute": 415677.47368421056, "output_tokens_per_minute": 23935.578947368424, "slo_seconds": 5.0, "slo_attainment": 0.0, "ttft_slo_ms": 1000, "ttft_slo_attainment": 61.05263157894737, "tpot_slo_ms": 50, "tpot_slo_attainment": 33.68421052631579, "Latency": {"unit": "s", "min": 7.944521363002423, "p50": 12.100037450996751, "p90": 15.532750596400003, "p95": 16.282555457003035, "p99": 19.355870673755565, "max": 20.065230107997195}, "Throughput": {"unit": "tokens/s", "min": 9.967490974364058, "p50": 16.528874460923657, "p90": 21.313353758322013, "p95": 22.1325223423766, "p99": 23.387960658118246, "max": 23.97610144781782}, "TTFT": {"unit": "s", "min": 0.14906556999630993, "p50": 0.8421161369988113, "p90": 2.1488125035990384, "p95": 2.2711474600022483, "p99": 2.9441354210996424, "max": 5.525276237000071}, "TPOT": {"unit": "ms", "min": 36.9629456934618, "p50": 55.889799683400135, "p90": 72.86197351760217, "p95": 78.93457838595053, "p99": 89.62466515476224, "max": 96.7860798592853}, "Input Tokens per Minute": {"unit": "tokens/min", "min": 415677.47368421056, "p50": 415677.47368421056, "p90": 415677.47368421056, "p95": 415677.47368421056, "p99": 415677.47368421056, "max": 415677.47368421056}, "Output Tokens per Minute": {"unit": "tokens/min", "min": 23935.578947368424, "p50": 23935.578947368424, "p90": 23935.578947368424, "p95": 23935.578947368424, "p99": 23935.578947368424, "max": 23935.578947368424}}
{"target_qps": 2.0, "actual_qps": 1.9958594001342627, "success_rate": 100.0, "input_tokens": 3926, "output_tokens": 198, "model": "QwQ-32B", "input_tokens_per_minute": 471231.0, "output_tokens_per_minute": 23769.0, "slo_seconds": 5.0, "slo_attainment": 0.0, "ttft_slo_ms": 1000, "ttft_slo_attainment": 66.66666666666666, "tpot_slo_ms": 50, "tpot_slo_attainment": 21.666666666666668, "Latency": {"unit": "s", "min": 5.891420302999904, "p50": 12.00126569349959, "p90": 15.381801620498301, "p95": 17.22567354870116, "p99": 18.69042353947749, "max": 19.203834546002327}, "Throughput": {"unit": "tokens/s", "min": 10.414586707717397, "p50": 16.477062221726197, "p90": 19.96572343305918, "p95": 21.425850835095453, "p99": 23.356202305501913, "max": 23.957272914795976}, "TTFT": {"unit": "s", "min": 0.06786805000592722, "p50": 0.8131954659947951, "p90": 1.4803238815991797, "p95": 1.6675150018487328, "p99": 2.629034773383174, "max": 3.415842647002137}, "TPOT": {"unit": "ms", "min": 37.731593527615274, "p50": 56.85245261808252, "p90": 73.42447919999447, "p95": 81.01202350908603, "p99": 89.47255465622503, "max": 93.88503284422019}, "Input Tokens per Minute": {"unit": "tokens/min", "min": 471231.0, "p50": 471231.0, "p90": 471231.0, "p95": 471231.0, "p99": 471231.0, "max": 471231.0}, "Output Tokens per Minute": {"unit": "tokens/min", "min": 23769.0, "p50": 23769.0, "p90": 23769.0, "p95": 23769.0, "p99": 23769.0, "max": 23769.0}}
{"target_qps": 2.0, "actual_qps": 1.998786321022141, "success_rate": 100.0, "input_tokens": 3591, "output_tokens": 197, "model": "QwQ-32B", "input_tokens_per_minute": 430944.20168067224, "output_tokens_per_minute": 23710.588235294115, "slo_seconds": 5.0, "slo_attainment": 0.0, "ttft_slo_ms": 1000, "ttft_slo_attainment": 63.86554621848739, "tpot_slo_ms": 50, "tpot_slo_attainment": 24.369747899159663, "Latency": {"unit": "s", "min": 5.373132987995632, "p50": 11.598815972000011, "p90": 16.28440263060038, "p95": 19.715645209100327, "p99": 21.362948721977588, "max": 22.78072912600328}, "Throughput": {"unit": "tokens/s", "min": 6.769933531589096, "p50": 17.161771056203385, "p90": 20.141251282636684, "p95": 21.492778888336524, "p99": 23.899434264042196, "max": 24.6780710374386}, "TTFT": {"unit": "s", "min": 0.0953882079993491, "p50": 0.7244912710011704, "p90": 1.8161792007973425, "p95": 2.288325701399297, "p99": 3.7743707177204455, "max": 3.955710205998912}, "TPOT": {"unit": "ms", "min": 36.59422820103156, "p50": 55.632243738682284, "p90": 78.58741746634924, "p95": 91.74049364846482, "p99": 101.711869403318, "max": 109.94020281407815}, "Input Tokens per Minute": {"unit": "tokens/min", "min": 430944.20168067224, "p50": 430944.20168067224, "p90": 430944.20168067224, "p95": 430944.20168067224, "p99": 430944.20168067224, "max": 430944.20168067224}, "Output Tokens per Minute": {"unit": "tokens/min", "min": 23710.588235294115, "p50": 23710.588235294115, "p90": 23710.588235294115, "p95": 23710.588235294115, "p99": 23710.588235294115, "max": 23710.588235294115}}
{"target_qps": 2.0, "actual_qps": 1.9999706906295633, "success_rate": 100.0, "input_tokens": 3861, "output_tokens": 198, "model": "QwQ-32B", "input_tokens_per_minute": 470083.76658392284, "output_tokens_per_minute": 24189.815929627264, "slo_seconds": 5.0, "slo_attainment": 0.819672131147541, "ttft_slo_ms": 1000, "ttft_slo_attainment": 75.40983606557377, "tpot_slo_ms": 50, "tpot_slo_attainment": 29.508196721311474, "Latency": {"unit": "s", "min": 1.4501729129988234, "p50": 11.529460620498867, "p90": 16.042810124202518, "p95": 17.105888962052994, "p99": 17.984385287216497, "max": 18.475626518003992}, "Throughput": {"unit": "tokens/s", "min": 10.825072687256666, "p50": 17.3468668693109, "p90": 22.15019013077607, "p95": 23.018017863998644, "p99": 27.02600552025744, "max": 28.784124939806006}, "TTFT": {"unit": "s", "min": 0.07456333400477888, "p50": 0.6675190140013001, "p90": 1.4859395862018574, "p95": 1.9861336915513652, "p99": 2.511899919377827, "max": 2.9696660789995803}, "TPOT": {"unit": "ms", "min": 32.02531943586506, "p50": 55.0725407688447, "p90": 73.99540084925914, "p95": 80.18701906758315, "p99": 85.5672514172775, "max": 86.85092349746147}, "Input Tokens per Minute": {"unit": "tokens/min", "min": 470083.76658392284, "p50": 470083.76658392284, "p90": 470083.76658392284, "p95": 470083.76658392284, "p99": 470083.76658392284, "max": 470083.76658392284}, "Output Tokens per Minute": {"unit": "tokens/min", "min": 24189.815929627264, "p50": 24189.815929627264, "p90": 24189.815929627264, "p95": 24189.815929627264, "p99": 24189.815929627264, "max": 24189.815929627264}}
{"target_qps": 2.0, "actual_qps": 1.999970779893492, "success_rate": 100.0, "input_tokens": 3698, "output_tokens": 199, "model": "QwQ-32B", "input_tokens_per_minute": 443865.0, "output_tokens_per_minute": 23954.0, "slo_seconds": 5.0, "slo_attainment": 0.0, "ttft_slo_ms": 1000, "ttft_slo_attainment": 74.16666666666667, "tpot_slo_ms": 50, "tpot_slo_attainment": 35.0, "Latency": {"unit": "s", "min": 7.6876304850011365, "p50": 11.43465846700201, "p90": 14.315062322300946, "p95": 15.247600718899411, "p99": 16.256864258688584, "max": 16.48211312499916}, "Throughput": {"unit": "tokens/s", "min": 12.13436641789887, "p50": 17.490718550436554, "p90": 21.721527938623986, "p95": 23.01149469666662, "p99": 24.28405515795586, "max": 26.01581857897667}, "TTFT": {"unit": "s", "min": 0.06821114400372608, "p50": 0.5838390559983964, "p90": 1.4110917518031785, "p95": 1.6024045433488936, "p99": 1.7248875823495473, "max": 1.8244056219991762}, "TPOT": {"unit": "ms", "min": 34.39287810552609, "p50": 54.66613455780989, "p90": 65.76186870352743, "p95": 72.76470747811393, "p99": 79.5548902478661, "max": 81.97213951757134}, "Input Tokens per Minute": {"unit": "tokens/min", "min": 443865.0, "p50": 443865.0, "p90": 443865.0, "p95": 443865.0, "p99": 443865.0, "max": 443865.0}, "Output Tokens per Minute": {"unit": "tokens/min", "min": 23954.0, "p50": 23954.0, "p90": 23954.0, "p95": 23954.0, "p99": 23954.0, "max": 23954.0}}
{"target_qps": 2.0, "actual_qps": 1.9999702001108823, "success_rate": 100.0, "input_tokens": 3901, "output_tokens": 199, "model": "QwQ-32B", "input_tokens_per_minute": 471047.7666741877, "output_tokens_per_minute": 24114.97120212223, "slo_seconds": 5.0, "slo_attainment": 0.0, "ttft_slo_ms": 1000, "ttft_slo_attainment": 76.85950413223141, "tpot_slo_ms": 50, "tpot_slo_attainment": 31.40495867768595,