{"actual_qps": 2.339706276308773, "success_rate": 100.0, "input_tokens": 4019, "output_tokens": 198, "model": "QwQ-32B", "input_tokens_per_minute": 476197.9293678945, "output_tokens_per_minute": 23545.410097202628, "slo_seconds": 5.0, "slo_attainment": 22.689075630252102, "ttft_slo_ms": 1000, "ttft_slo_attainment": 32.773109243697476, "tpot_slo_ms": 50, "tpot_slo_attainment": 99.15966386554622, "Latency": {"unit": "s", "min": 3.6846940579998773, "p50": 6.866839987998901, "p90": 9.486013606000052, "p95": 9.813127655600507, "p99": 11.294874223660262, "max": 21.955953655000485}, "Throughput": {"unit": "tokens/s", "min": 7.837180386888827, "p50": 29.091949799875024, "p90": 45.9748812061644, "p95": 48.81840445348911, "p99": 54.11423345686946, "max": 54.278590529321676}, "TTFT": {"unit": "s", "min": 0.0780575239987229, "p50": 1.921974893000879, "p90": 3.649737278599423, "p95": 4.009635589399839, "p99": 5.042957076760867, "max": 16.791955071999837}, "TPOT": {"unit": "ms", "min": 16.716878050248678, "p50": 23.98763250753679, "p90": 34.03916952964612, "p95": 35.72789084623101, "p99": 40.11934662461837, "max": 65.5171790000016}, "Input Tokens per Minute": {"unit": "tokens/min", "min": 476197.9293678945, "p50": 476197.9293678945, "p90": 476197.9293678945, "p95": 476197.9293678945, "p99": 476197.9293678945, "max": 476197.9293678945}, "Output Tokens per Minute": {"unit": "tokens/min", "min": 23545.410097202628, "p50": 23545.410097202628, "p90": 23545.410097202628, "p95": 23545.410097202628, "p99": 23545.410097202628, "max": 23545.410097202628}}
{"actual_qps": 1.8391384070350165, "success_rate": 100.0, "input_tokens": 4084, "output_tokens": 200, "model": "QwQ-32B", "input_tokens_per_minute": 499048.2362435156, "output_tokens_per_minute": 24434.267407750933, "slo_seconds": 5.0, "slo_attainment": 8.870967741935484, "ttft_slo_ms": 1000, "ttft_slo_attainment": 45.96774193548387, "tpot_slo_ms": 50, "tpot_slo_attainment": 100.0, "Latency": {"unit": "s", "min": 3.7510889759996644, "p50": 6.82271046149981, "p90": 9.424515239300671, "p95": 9.707370014600928, "p99": 10.592452688880476, "max": 10.690156538999872}, "Throughput": {"unit": "tokens/s", "min": 18.708799938556485, "p50": 29.313918609326507, "p90": 39.40992405575776, "p95": 43.49453909812683, "p99": 48.71313714588905, "max": 53.31785017088272}, "TTFT": {"unit": "s", "min": 0.07168358999842894, "p50": 1.0433713234997413, "p90": 2.2878802150002233, "p95": 2.5513638171491944, "p99": 2.9921130506897486, "max": 3.153706549999697}, "TPOT": {"unit": "ms", "min": 16.74035331155726, "p50": 27.89592720602567, "p90": 39.041474030148784, "p95": 40.765981195475085, "p99": 42.104733004369734, "max": 42.328052045226435}, "Input Tokens per Minute": {"unit": "tokens/min", "min": 499048.2362435156, "p50": 499048.2362435156, "p90": 499048.2362435156, "p95": 499048.2362435156, "p99": 499048.2362435156, "max": 499048.2362435156}, "Output Tokens per Minute": {"unit": "tokens/min", "min": 24434.267407750933, "p50": 24434.267407750933, "p90": 24434.267407750933, "p95": 24434.267407750933, "p99": 24434.267407750933, "max": 24434.267407750933}}
{"actual_qps": 1.8360877308343937, "success_rate": 100.0, "input_tokens": 4097, "output_tokens": 200, "model": "QwQ-32B", "input_tokens_per_minute": 435327.87628779875, "output_tokens_per_minute": 21246.158028226557, "slo_seconds": 5.0, "slo_attainment": 12.962962962962962, "ttft_slo_ms": 1000, "ttft_slo_attainment": 59.25925925925925, "tpot_slo_ms": 50, "tpot_slo_attainment": 100.0, "Latency": {"unit": "s", "min": 4.018871575999583, "p50": 6.14009647200055, "p90": 8.504359809699418, "p95": 8.870618592749906, "p99": 10.121084436740583, "max": 10.958533664999777}, "Throughput": {"unit": "tokens/s", "min": 18.25061692685908, "p50": 32.573102781147526, "p90": 41.191937046956994, "p95": 42.43262962310066, "p99": 48.487489379970704, "max": 49.765213000182904}, "TTFT": {"unit": "s", "min": 0.05101701999956276, "p50": 0.846430564000002, "p90": 1.7322226043004776, "p95": 2.112594605650336, "p99": 2.476130517750006, "max": 2.6564085699992575}, "TPOT": {"unit": "ms", "min": 19.115610472355876, "p50": 26.364978638192763, "p90": 35.6543715939716, "p95": 37.54252452613514, "p99": 41.23717138758466, "max": 41.719221582917186}, "Input Tokens per Minute": {"unit": "tokens/min", "min": 435327.87628779875, "p50": 435327.87628779875, "p90": 435327.87628779875, "p95": 435327.87628779875, "p99": 435327.87628779875, "max": 435327.87628779875}, "Output Tokens per Minute": {"unit": "tokens/min", "min": 21246.158028226557, "p50": 21246.158028226557, "p90": 21246.158028226557, "p95": 21246.158028226557, "p99": 21246.158028226557, "max": 21246.158028226557}}
{"actual_qps": 1.8360685962102936, "success_rate": 100.0, "input_tokens": 4247, "output_tokens": 198, "model": "QwQ-32B", "input_tokens_per_minute": 513906.74760567234, "output_tokens_per_minute": 24020.695279313346, "slo_seconds": 5.0, "slo_attainment": 21.951219512195124, "ttft_slo_ms": 1000, "ttft_slo_attainment": 92.6829268292683, "tpot_slo_ms": 50, "tpot_slo_attainment": 100.0, "Latency": {"unit": "s", "min": 0.8961973410005157, "p50": 5.841270829998393, "p90": 7.118556740399435, "p95": 7.33169680949959, "p99": 8.713594003179315, "max": 9.413950631000262}, "Throughput": {"unit": "tokens/s", "min": 21.245065736949737, "p50": 34.13814563568873, "p90": 42.87920085824979, "p95": 44.86388122699651, "p99": 49.78328068179411, "max": 50.87598814400375}, "TTFT": {"unit": "s", "min": 0.043784208999568364, "p50": 0.7297043170001416, "p90": 0.9606613428008132, "p95": 1.0166290463999756, "p99": 1.2697495217393227, "max": 1.3639311450006062}, "TPOT": {"unit": "ms", "min": 19.074311517594726, "p50": 25.941585567837976, "p90": 31.503569490450904, "p95": 32.76730460954638, "p99": 37.93215243728065, "max": 42.49384074873933}, "Input Tokens per Minute": {"unit": "tokens/min", "min": 513906.74760567234, "p50": 513906.74760567234, "p90": 513906.74760567234, "p95": 513906.74760567234, "p99": 513906.74760567234, "max": 513906.74760567234}, "Output Tokens per Minute": {"unit": "tokens/min", "min": 24020.695279313346, "p50": 24020.695279313346, "p90": 24020.695279313346, "p95": 24020.695279313346, "p99": 24020.695279313346, "max": 24020.695279313346}}
{"actual_qps": 2.147551183841011, "success_rate": 100.0, "input_tokens": 3988, "output_tokens": 200, "model": "QwQ-32B", "input_tokens_per_minute": 486488.6696845856, "output_tokens_per_minute": 24393.482778222475, "slo_seconds": 5.0, "slo_attainment": 16.93548387096774, "ttft_slo_ms": 1000, "ttft_slo_attainment": 88.70967741935483, "tpot_slo_ms": 50, "tpot_slo_attainment": 100.0, "Latency": {"unit": "s", "min": 4.15430628499962, "p50": 5.744602860499981, "p90": 7.389280602299732, "p95": 7.823190285600049, "p99": 8.68789119487117, "max": 9.131222767999134}, "Throughput": {"unit": "tokens/s", "min": 21.902871617688582, "p50": 34.815289407506, "p90": 40.93193286857749, "p95": 42.712856405279915, "p99": 45.969816386285686, "max": 48.14281525706482}, "TTFT": {"unit": "s", "min": 0.044019221999406, "p50": 0.6092420639997727, "p90": 1.0087482569990243, "p95": 1.1733390296010837, "p99": 1.482330051579647, "max": 1.5042592099998728}, "TPOT": {"unit": "ms", "min": 20.3141552110583, "p50": 25.63016746482582, "p90": 32.48704786231122, "p95": 36.49713890402167, "p99": 39.00501531351954, "max": 41.26266381407087}, "Input Tokens per Minute": {"unit": "tokens/min", "min": 486488.6696845856, "p50": 486488.6696845856, "p90": 486488.6696845856, "p95": 486488.6696845856, "p99": 486488.6696845856, "max": 486488.6696845856}, "Output Tokens per Minute": {"unit": "tokens/min", "min": 24393.482778222475, "p50": 24393.482778222475, "p90": 24393.482778222475, "p95": 24393.482778222475, "p99": 24393.482778222475, "max": 24393.482778222475}}
{"actual_qps": 1.901648421017255, "success_rate": 100.0, "input_tokens": 3933, "output_tokens": 200, "model": "QwQ-32B", "input_tokens_per_minute": 437185.3098354565, "output_tokens_per_minute": 22229.54478983177, "slo_seconds": 5.0,