{"target_qps": 5.0, "actual_qps": 4.999079725329254, "success_rate": 100.0, "input_tokens": 4171, "output_tokens": 199, "model": "QwQ-32B", "input_tokens_per_minute": 1251440.707964602, "output_tokens_per_minute": 59792.92035398231, "slo_seconds": 5.0, "slo_attainment": 0.0, "ttft_slo_ms": 1000, "ttft_slo_attainment": 10.619469026548673, "tpot_slo_ms": 50, "tpot_slo_attainment": 25.221238938053098, "Latency": {"unit": "s", "min": 7.877930685994215, "p50": 16.788888390001375, "p90": 22.178463862499484, "p95": 24.25379666824847, "p99": 28.066344020751785, "max": 29.73250048999762}, "Throughput": {"unit": "tokens/s", "min": 5.484068461673057, "p50": 11.801503882790925, "p90": 20.171979781014315, "p95": 21.685324920001175, "p99": 25.081689208407767, "max": 25.387377469005934}, "TTFT": {"unit": "s", "min": 0.2698677809967194, "p50": 3.0989592890000495, "p90": 7.237275702496845, "p95": 9.414174169245598, "p99": 11.850943259001724, "max": 15.605592959000205}, "TPOT": {"unit": "ms", "min": 22.40344268341061, "p50": 66.35950541458809, "p90": 81.78771946735486, "p95": 85.34766694598449, "p99": 90.78820595350774, "max": 94.69644523116915}, "Input Tokens per Minute": {"unit": "tokens/min", "min": 1251440.707964602, "p50": 1251440.707964602, "p90": 1251440.707964602, "p95": 1251440.707964602, "p99": 1251440.707964602, "max": 1251440.707964602}, "Output Tokens per Minute": {"unit": "tokens/min", "min": 59792.92035398231, "p50": 59792.92035398231, "p90": 59792.92035398231, "p95": 59792.92035398231, "p99": 59792.92035398231, "max": 59792.92035398231}}
{"target_qps": 5.0, "actual_qps": 4.995456057322327, "success_rate": 100.0, "input_tokens": 4229, "output_tokens": 199, "model": "QwQ-32B", "input_tokens_per_minute": 1369047.6934312768, "output_tokens_per_minute": 64555.27953756497, "slo_seconds": 5.0, "slo_attainment": 0.30864197530864196, "ttft_slo_ms": 1000, "ttft_slo_attainment": 19.444444444444446, "tpot_slo_ms": 50, "tpot_slo_attainment": 40.74074074074074, "Latency": {"unit": "s", "min": 4.782628369997838, "p50": 12.900801218500419, "p90": 19.323743480898703, "p95": 21.404948234551192, "p99": 27.558164583138932, "max": 31.515205758994853}, "Throughput": {"unit": "tokens/s", "min": 6.3461429231797855, "p50": 15.495286609504099, "p90": 21.82127362014995, "p95": 23.98882499234932, "p99": 26.807582456419276, "max": 31.100245534004657}, "TTFT": {"unit": "s", "min": 0.13617487799638184, "p50": 1.9575229289985145, "p90": 5.534048749603244, "p95": 6.372934984199671, "p99": 9.42501596838089, "max": 9.903967162994377}, "TPOT": {"unit": "ms", "min": 29.760409713560136, "p50": 53.15124794222027, "p90": 77.10681495478072, "p95": 90.47754773065802, "p99": 114.57354797512434, "max": 122.52182336179709}, "Input Tokens per Minute": {"unit": "tokens/min", "min": 1369047.6934312768, "p50": 1369047.6934312768, "p90": 1369047.6934312768, "p95": 1369047.6934312768, "p99": 1369047.6934312768, "max": 1369047.6934312768}, "Output Tokens per Minute": {"unit": "tokens/min", "min": 64555.27953756497, "p50": 64555.27953756497, "p90": 64555.27953756497, "p95": 64555.27953756497, "p99": 64555.27953756497, "max": 64555.27953756497}}
{"target_qps": 5.0, "actual_qps": 4.998309638824144, "success_rate": 100.0, "input_tokens": 4061, "output_tokens": 198, "model": "QwQ-32B", "input_tokens_per_minute": 1218483.103448276, "output_tokens_per_minute": 59653.448275862065, "slo_seconds": 5.0, "slo_attainment": 0.0, "ttft_slo_ms": 1000, "ttft_slo_attainment": 52.41379310344828, "tpot_slo_ms": 50, "tpot_slo_attainment": 60.0, "Latency": {"unit": "s", "min": 5.146858902000531, "p50": 10.747426769998128, "p90": 14.182311153394405, "p95": 16.146113001451887, "p99": 17.644622742809386, "max": 18.610442102995876}, "Throughput": {"unit": "tokens/s", "min": 10.746654963548897, "p50": 18.538581848827278, "p90": 23.45735385402233, "p95": 25.02552986044076, "p99": 28.70409050154193, "max": 31.02954882494171}, "TTFT": {"unit": "s", "min": 0.08410361199639738, "p50": 0.9814311244990677, "p90": 2.3229362746002153, "p95": 3.1079285905005234, "p99": 4.8181261227490175, "max": 6.345622668006399}, "TPOT": {"unit": "ms", "min": 28.936240939698685, "p50": 47.94654437436883, "p90": 64.9673842366793, "p95": 70.29900001231438, "p99": 78.51666020555051, "max": 82.76241791957285}, "Input Tokens per Minute": {"unit": "tokens/min", "min": 1218483.103448276, "p50": 1218483.103448276, "p90": 1218483.103448276, "p95": 1218483.103448276, "p99": 1218483.103448276, "max": 1218483.103448276}, "Output Tokens per Minute": {"unit": "tokens/min", "min": 59653.448275862065, "p50": 59653.448275862065, "p90": 59653.448275862065, "p95": 59653.448275862065, "p99": 59653.448275862065, "max": 59653.448275862065}}
{"target_qps": 5.0, "actual_qps": 4.9999290779227925, "success_rate": 100.0, "input_tokens": 4209, "output_tokens": 200, "model": "QwQ-32B", "input_tokens_per_minute": 1303884.9664371414, "output_tokens_per_minute": 61943.655110796855, "slo_seconds": 5.0, "slo_attainment": 0.0, "ttft_slo_ms": 1000, "ttft_slo_attainment": 65.16129032258064, "tpot_slo_ms": 50, "tpot_slo_attainment": 53.2258064516129, "Latency": {"unit": "s", "min": 7.319453723997867, "p50": 10.610081891500158, "p90": 13.408913155102347, "p95": 14.761806095044815, "p99": 15.814859569153635, "max": 16.694216955998854}, "Throughput": {"unit": "tokens/s", "min": 11.980196527165209, "p50": 18.84999588880584, "p90": 22.90416203309882, "p95": 23.813129095109378, "p99": 25.971465342750463, "max": 27.324443536581374}, "TTFT": {"unit": "s", "min": 0.042958857004123274, "p50": 0.7386119354996481, "p90": 1.6837038011020926, "p95": 2.0653903174985317, "p99": 3.323971367831912, "max": 4.582997367993812}, "TPOT": {"unit": "ms", "min": 35.088292150733345, "p50": 49.18405850252722, "p90": 61.52149583516135, "p95": 65.31284743869769, "p99": 73.54000943916621, "max": 80.14026801004606}, "Input Tokens per Minute": {"unit": "tokens/min", "min": 1303884.9664371414, "p50": 1303884.9664371414, "p90": 1303884.9664371414, "p95": 1303884.9664371414, "p99": 1303884.9664371414, "max": 1303884.9664371414}, "Output Tokens per Minute": {"unit": "tokens/min", "min": 61943.655110796855, "p50": 61943.655110796855, "p90": 61943.655110796855, "p95": 61943.655110796855, "p99": 61943.655110796855, "max": 61943.655110796855}}
{"target_qps": 5.0, "actual_qps": 4.99993548908227, "success_rate": 100.0, "input_tokens": 4044, "output_tokens": 199, "model": "QwQ-32B", "input_tokens_per_minute": 1213403.0612244897, "output_tokens_per_minute": 59921.42857142857, "slo_seconds": 5.0, "slo_attainment": 0.3401360544217687, "ttft_slo_ms": 1000, "ttft_slo_attainment": 89.1156462585034, "tpot_slo_ms": 50, "tpot_slo_attainment": 68.36734693877551, "Latency": {"unit": "s", "min": 4.9776211619973765, "p50": 9.847018278000178, "p90": 11.773714108697458, "p95": 12.36942265359721, "p99": 13.373668392610343, "max": 13.947640708996914}, "Throughput": {"unit": "tokens/s", "min": 14.33934270123478, "p50": 20.310717387979917, "p90": 24.478771751273833, "p95": 25.535402068075985, "p99": 28.137448973396484, "max": 30.84509479715829}, "TTFT": {"unit": "s", "min": 0.05741393900098046, "p50": 0.4802663214977656, "p90": 1.003731950699148, "p95": 1.399201908299073, "p99": 1.656435831394192, "max": 2.52006616100698}, "TPOT": {"unit": "ms", "min": 30.29631036682547, "p50": 46.958756331644246, "p90": 55.80381112812752, "p95": 59.86174195753682, "p99": 63.09257658256683, "max": 67.57164790452869}, "Input Tokens per Minute": {"unit": "tokens/min", "min": 1213403.0612244897, "p50": 1213403.0612244897, "p90": 1213403.0612244897, "p95": 1213403.0612244897, "p99": 1213403.0612244897, "max": 1213403.0612244897}, "Output Tokens per Minute": {"unit": "tokens/min", "min": 59921.42857142857, "p50": 59921.42857142857, "p90": 59921.42857142857, "p95": 59921.42857142857, "p99": 59921.42857142857, "max": 59921.42857142857}}
{"target_qps": 5.0, "actual_qps": 4.999901675850176, "success_rate": 100.0, "input_tokens": 4067, "output_tokens": 199, "model": "QwQ-32B",