{"target_qps": 1.0, "actual_qps": 0.9991374597513221, "success_rate": 100.0, "input_tokens": 3819, "output_tokens": 200, "model": "QwQ-32B", "input_tokens_per_minute": 229165.90909090912, "output_tokens_per_minute": 12000.0, "slo_seconds": 5.0, "slo_attainment": 2.272727272727273, "ttft_slo_ms": 1000, "ttft_slo_attainment": 50.0, "tpot_slo_ms": 50, "tpot_slo_attainment": 47.72727272727273, "Latency": {"unit": "s", "min": 4.732431536001968, "p50": 11.35009596299642, "p90": 18.241864452801384, "p95": 18.897994989451036, "p99": 20.185338132665784, "max": 20.590576767994207}, "Throughput": {"unit": "tokens/s", "min": 9.71318104652989, "p50": 17.623174392749597, "p90": 26.949875589329906, "p95": 35.50813182790249, "p99": 40.006495574147856, "max": 42.26157282540702}, "TTFT": {"unit": "s", "min": 0.14283388599869795, "p50": 0.9890107930041268, "p90": 4.611870436601021, "p95": 5.0616046029972495, "p99": 6.575336908280006, "max": 7.489602522997302}, "TPOT": {"unit": "ms", "min": 20.861977045222456, "p50": 50.349626866856354, "p90": 72.22484692663684, "p95": 79.46320991983002, "p99": 91.6536845407775, "max": 91.85042309550066}, "Input Tokens per Minute": {"unit": "tokens/min", "min": 229165.90909090912, "p50": 229165.90909090912, "p90": 229165.90909090912, "p95": 229165.90909090912, "p99": 229165.90909090912, "max": 229165.90909090912}, "Output Tokens per Minute": {"unit": "tokens/min", "min": 12000.0, "p50": 12000.0, "p90": 12000.0, "p95": 12000.0, "p99": 12000.0, "max": 12000.0}}
{"target_qps": 1.0, "actual_qps": 0.9999359906140632, "success_rate": 100.0, "input_tokens": 3652, "output_tokens": 200, "model": "QwQ-32B", "input_tokens_per_minute": 233528.3984676765, "output_tokens_per_minute": 12788.959484816922, "slo_seconds": 5.0, "slo_attainment": 0.0, "ttft_slo_ms": 1000, "ttft_slo_attainment": 67.1875, "tpot_slo_ms": 50, "tpot_slo_attainment": 54.6875, "Latency": {"unit": "s", "min": 5.93628957799956, "p50": 10.590170635496179, "p90": 17.66800769050024, "p95": 19.759664580050227, "p99": 26.580124099597956, "max": 27.831142554998223}, "Throughput": {"unit": "tokens/s", "min": 7.186194372177574, "p50": 18.885924997304407, "p90": 24.75713687436283, "p95": 27.303237621930684, "p99": 32.83630253237041, "max": 33.691078808085535}, "TTFT": {"unit": "s", "min": 0.12474387499969453, "p50": 0.6603079800006526, "p90": 2.473932599800174, "p95": 3.3668851595946756, "p99": 8.439235942386947, "max": 8.900697993994982}, "TPOT": {"unit": "ms", "min": 29.203747251255606, "p50": 49.33826378392361, "p90": 81.49604577033757, "p95": 88.65364595125968, "p99": 97.58936142794764, "max": 101.78056295979276}, "Input Tokens per Minute": {"unit": "tokens/min", "min": 233528.3984676765, "p50": 233528.3984676765, "p90": 233528.3984676765, "p95": 233528.3984676765, "p99": 233528.3984676765, "max": 233528.3984676765}, "Output Tokens per Minute": {"unit": "tokens/min", "min": 12788.959484816922, "p50": 12788.959484816922, "p90": 12788.959484816922, "p95": 12788.959484816922, "p99": 12788.959484816922, "max": 12788.959484816922}}
{"target_qps": 1.0, "actual_qps": 0.9999874808234336, "success_rate": 100.0, "input_tokens": 3793, "output_tokens": 198, "model": "QwQ-32B", "input_tokens_per_minute": 238811.8373548415, "output_tokens_per_minute": 12498.210484029289, "slo_seconds": 5.0, "slo_attainment": 0.0, "ttft_slo_ms": 1000, "ttft_slo_attainment": 68.25396825396825, "tpot_slo_ms": 50, "tpot_slo_attainment": 53.96825396825397, "Latency": {"unit": "s", "min": 7.379455796995899, "p50": 10.237651117997302, "p90": 12.797591624200868, "p95": 14.340403231600067, "p99": 16.137525076259482, "max": 16.81194404300186}, "Throughput": {"unit": "tokens/s", "min": 11.896304168538558, "p50": 19.378231877404442, "p90": 23.321205267677822, "p95": 25.308429150569587, "p99": 26.09886834066334, "max": 26.86347096582155}, "TTFT": {"unit": "s", "min": 0.09038792199862655, "p50": 0.7073836660056259, "p90": 1.6328356388054095, "p95": 2.091675476502132, "p99": 2.7397693706395514, "max": 2.8367348769970704}, "TPOT": {"unit": "ms", "min": 33.098453311565514, "p50": 49.27532359294157, "p90": 62.726019904524655, "p95": 67.4954806220991, "p99": 71.14485677928826, "max": 71.35984276379102}, "Input Tokens per Minute": {"unit": "tokens/min", "min": 238811.8373548415, "p50": 238811.8373548415, "p90": 238811.8373548415, "p95": 238811.8373548415, "p99": 238811.8373548415, "max": 238811.8373548415}, "Output Tokens per Minute": {"unit": "tokens/min", "min": 12498.210484029289, "p50": 12498.210484029289, "p90": 12498.210484029289, "p95": 12498.210484029289, "p99": 12498.210484029289, "max": 12498.210484029289}}
{"target_qps": 1.0, "actual_qps": 0.9999909937644752, "success_rate": 100.0, "input_tokens": 4079, "output_tokens": 200, "model": "QwQ-32B", "input_tokens_per_minute": 244798.98305084748, "output_tokens_per_minute": 12000.0, "slo_seconds": 5.0, "slo_attainment": 0.0, "ttft_slo_ms": 1000, "ttft_slo_attainment": 79.66101694915254, "tpot_slo_ms": 50, "tpot_slo_attainment": 64.40677966101694, "Latency": {"unit": "s", "min": 7.839565761998529, "p50": 9.995926370000234, "p90": 12.349742313000025, "p95": 13.643673358098022, "p99": 15.050344993397303, "max": 15.100780789995042}, "Throughput": {"unit": "tokens/s", "min": 13.244348274528239, "p50": 20.00815058024435, "p90": 23.7131731535367, "p95": 24.458423932000716, "p99": 25.20090873462506, "max": 25.51161710632992}, "TTFT": {"unit": "s", "min": 0.08094797599915182, "p50": 0.6463838249983382, "p90": 1.511644231200626, "p95": 2.0178044434003817, "p99": 3.3668200647167397, "max": 3.3836689579984522}, "TPOT": {"unit": "ms", "min": 35.86911604522251, "p50": 46.25788272864357, "p90": 58.12663887437298, "p95": 60.34126196232982, "p99": 67.7574609317621, "max": 71.93496645729955}, "Input Tokens per Minute": {"unit": "tokens/min", "min": 244798.98305084748, "p50": 244798.98305084748, "p90": 244798.98305084748, "p95": 244798.98305084748, "p99": 244798.98305084748, "max": 244798.98305084748}, "Output Tokens per Minute": {"unit": "tokens/min", "min": 12000.0, "p50": 12000.0, "p90": 12000.0, "p95": 12000.0, "p99": 12000.0, "max": 12000.0}}
{"target_qps": 1.0, "actual_qps": 0.999988793892233, "success_rate": 100.0, "input_tokens": 3833, "output_tokens": 200, "model": "QwQ-32B", "input_tokens_per_minute": 233662.2828872832, "output_tokens_per_minute": 12189.477008966129, "slo_seconds": 5.0, "slo_attainment": 0.0, "ttft_slo_ms": 1000, "ttft_slo_attainment": 81.9672131147541, "tpot_slo_ms": 50, "tpot_slo_attainment": 75.40983606557377, "Latency": {"unit": "s", "min": 6.392703821999021, "p50": 9.530639149001217, "p90": 11.43733690299996, "p95": 11.7689054950024, "p99": 12.5273623593981, "max": 13.212197079999896}, "Throughput": {"unit": "tokens/s", "min": 15.137527754770788, "p50": 20.98495146791487, "p90": 26.118801343351954, "p95": 27.363022951222305, "p99": 30.240097880113186, "max": 31.285666529981565}, "TTFT": {"unit": "s", "min": 0.0786234789993614, "p50": 0.4962193899991689, "p90": 1.1901514540004428, "p95": 1.300274189998163, "p99": 1.4914105898002161, "max": 1.5580755769988173}, "TPOT": {"unit": "ms", "min": 30.962655653263884, "p50": 44.28952708038918, "p90": 53.65442975879654, "p95": 57.08640244723316, "p99": 60.83467729144259, "max": 63.89938537688808}, "Input Tokens per Minute": {"unit": "tokens/min", "min": 233662.2828872832, "p50": 233662.2828872832, "p90": 233662.2828872832, "p95": 233662.2828872832, "p99": 233662.2828872832, "max": 233662.2828872832}, "Output Tokens per Minute": {"unit": "tokens/min", "min": 12189.477008966129, "p50": 12189.477008966129, "p90": 12189.477008966129, "p95": 12189.477008966129, "p99": 12189.477008966129, "max": 12189.477008966129}}
{"target_qps": 1.0, "actual_qps": 0.9999828693433915, "success_rate": 100.0, "input_tokens": 3979, "output_tokens": 199, "model": "QwQ-32B", "input_tokens_per_minute": 238794.0, "output_tokens_per_minute": 11963.0, "slo_seconds": 5.0, "slo_attainment": 0.0, "ttft_slo_ms": 1000, "ttft_slo_attainment": 80.0,