{"target_qps": 5.0, "actual_qps": 4.992512530505762, "success_rate": 100.0, "input_tokens": 3804, "output_tokens": 199, "model": "QwQ-32B", "input_tokens_per_minute": 1141338.349514563, "output_tokens_per_minute": 59915.53398058253, "slo_seconds": 5.0, "slo_attainment": 0.0, "ttft_slo_ms": 1000, "ttft_slo_attainment": 14.563106796116504, "tpot_slo_ms": 50, "tpot_slo_attainment": 39.80582524271845, "Latency": {"unit": "s", "min": 5.792408991997945, "p50": 13.45345084300061, "p90": 20.887418625501596, "p95": 28.624843351248273, "p99": 29.266816060404018, "max": 29.480631134996656}, "Throughput": {"unit": "tokens/s", "min": 6.784115275014538, "p50": 14.838077344176032, "p90": 23.605158485298645, "p95": 25.28950209786587, "p99": 28.885312689297468, "max": 34.52794860934277}, "TTFT": {"unit": "s", "min": 0.2667625460017007, "p50": 2.656436481498531, "p90": 6.111228022997238, "p95": 7.4340784877513215, "p99": 10.410652303799361, "max": 11.757898110998212}, "TPOT": {"unit": "ms", "min": 21.256603623126708, "p50": 55.455890017578874, "p90": 86.3308956507367, "p95": 96.0525631809064, "p99": 104.48074430151884, "max": 109.65607328643588}, "Input Tokens per Minute": {"unit": "tokens/min", "min": 1141338.349514563, "p50": 1141338.349514563, "p90": 1141338.349514563, "p95": 1141338.349514563, "p99": 1141338.349514563, "max": 1141338.349514563}, "Output Tokens per Minute": {"unit": "tokens/min", "min": 59915.53398058253, "p50": 59915.53398058253, "p90": 59915.53398058253, "p95": 59915.53398058253, "p99": 59915.53398058253, "max": 59915.53398058253}}
{"target_qps": 5.0, "actual_qps": 4.999356136255813, "success_rate": 100.0, "input_tokens": 3765, "output_tokens": 199, "model": "QwQ-32B", "input_tokens_per_minute": 1267098.681739856, "output_tokens_per_minute": 67053.43729471677, "slo_seconds": 5.0, "slo_attainment": 0.0, "ttft_slo_ms": 1000, "ttft_slo_attainment": 27.299703264094955, "tpot_slo_ms": 50, "tpot_slo_attainment": 44.21364985163205, "Latency": {"unit": "s", "min": 5.327236876000825, "p50": 12.458944627003802, "p90": 19.58143981399481, "p95": 21.988402495195622, "p99": 26.026330571922294, "max": 28.720172982000804}, "Throughput": {"unit": "tokens/s", "min": 6.963746357841989, "p50": 16.04064018227172, "p90": 23.413499022746926, "p95": 24.934997754124502, "p99": 27.48883467499235, "max": 28.72721588975068}, "TTFT": {"unit": "s", "min": 0.08645853999769315, "p50": 1.709266852994915, "p90": 4.759129623998888, "p95": 6.0326967272034375, "p99": 9.271323800238886, "max": 11.697186972000054}, "TPOT": {"unit": "ms", "min": 26.99725000501754, "p50": 51.97238203517779, "p90": 81.20180536683091, "p95": 87.85089617487581, "p99": 115.82492504120293, "max": 123.48808242213133}, "Input Tokens per Minute": {"unit": "tokens/min", "min": 1267098.681739856, "p50": 1267098.681739856, "p90": 1267098.681739856, "p95": 1267098.681739856, "p99": 1267098.681739856, "max": 1267098.681739856}, "Output Tokens per Minute": {"unit": "tokens/min", "min": 67053.43729471677, "p50": 67053.43729471677, "p90": 67053.43729471677, "p95": 67053.43729471677, "p99": 67053.43729471677, "max": 67053.43729471677}}
{"target_qps": 5.0, "actual_qps": 4.997508285930549, "success_rate": 100.0, "input_tokens": 3843, "output_tokens": 198, "model": "QwQ-32B", "input_tokens_per_minute": 1153044.8979591837, "output_tokens_per_minute": 59648.97959183674, "slo_seconds": 5.0, "slo_attainment": 0.3401360544217687, "ttft_slo_ms": 1000, "ttft_slo_attainment": 65.64625850340136, "tpot_slo_ms": 50, "tpot_slo_attainment": 51.02040816326531, "Latency": {"unit": "s", "min": 3.3530759290006245, "p50": 10.944579405000695, "p90": 13.379089578800631, "p95": 14.609124721497206, "p99": 16.898062707444694, "max": 18.760186052997597}, "Throughput": {"unit": "tokens/s", "min": 10.660875080609502, "p50": 18.254211846083955, "p90": 22.852562278065964, "p95": 24.092528391839917, "p99": 26.252023779744306, "max": 29.841716423597852}, "TTFT": {"unit": "s", "min": 0.10351311099657323, "p50": 0.8012706309964415, "p90": 1.739273445997969, "p95": 2.0792300164997854, "p99": 2.955987056681185, "max": 4.130092381994473}, "TPOT": {"unit": "ms", "min": 30.9795869246196, "p50": 49.58727194219196, "p90": 63.13957137688374, "p95": 67.23090016809998, "p99": 77.83476895747883, "max": 83.45901506027761}, "Input Tokens per Minute": {"unit": "tokens/min", "min": 1153044.8979591837, "p50": 1153044.8979591837, "p90": 1153044.8979591837, "p95": 1153044.8979591837, "p99": 1153044.8979591837, "max": 1153044.8979591837}, "Output Tokens per Minute": {"unit": "tokens/min", "min": 59648.97959183674, "p50": 59648.97959183674, "p90": 59648.97959183674, "p95": 59648.97959183674, "p99": 59648.97959183674, "max": 59648.97959183674}}
{"target_qps": 5.0, "actual_qps": 4.999987270532347, "success_rate": 100.0, "input_tokens": 3753, "output_tokens": 199, "model": "QwQ-32B", "input_tokens_per_minute": 1165595.9094821436, "output_tokens_per_minute": 61992.028091290034, "slo_seconds": 5.0, "slo_attainment": 0.0, "ttft_slo_ms": 1000, "ttft_slo_attainment": 72.9903536977492, "tpot_slo_ms": 50, "tpot_slo_attainment": 62.37942122186495, "Latency": {"unit": "s", "min": 7.350613504997455, "p50": 10.097475229005795, "p90": 12.733205274002103, "p95": 13.662265669998305, "p99": 16.16087005219669, "max": 16.68785312899854}, "Throughput": {"unit": "tokens/s", "min": 10.598038247584258, "p50": 19.791453878138075, "p90": 23.361262170779945, "p95": 24.326477207280284, "p99": 25.789404929892758, "max": 27.208613248952105}, "TTFT": {"unit": "s", "min": 0.04672322899568826, "p50": 0.6152300460016704, "p90": 1.4640418460039655, "p95": 1.9963709764997475, "p99": 3.0896537755972497, "max": 4.064598577002471}, "TPOT": {"unit": "ms", "min": 34.55787995978915, "p50": 47.50737603014509, "p90": 59.64347932161734, "p95": 62.75720762060523, "p99": 77.11782943568588, "max": 82.43402308041034}, "Input Tokens per Minute": {"unit": "tokens/min", "min": 1165595.9094821436, "p50": 1165595.9094821436, "p90": 1165595.9094821436, "p95": 1165595.9094821436, "p99": 1165595.9094821436, "max": 1165595.9094821436}, "Output Tokens per Minute": {"unit": "tokens/min", "min": 61992.028091290034, "p50": 61992.028091290034, "p90": 61992.028091290034, "p95": 61992.028091290034, "p99": 61992.028091290034, "max": 61992.028091290034}}
{"target_qps": 5.0, "actual_qps": 4.999913780987044, "success_rate": 100.0, "input_tokens": 3690, "output_tokens": 199, "model": "QwQ-32B", "input_tokens_per_minute": 1112762.1463768133, "output_tokens_per_minute": 60143.7999524968, "slo_seconds": 5.0, "slo_attainment": 0.33112582781456956, "ttft_slo_ms": 1000, "ttft_slo_attainment": 89.73509933774835, "tpot_slo_ms": 50, "tpot_slo_attainment": 69.86754966887418, "Latency": {"unit": "s", "min": 4.060499667997647, "p50": 9.850884174502426, "p90": 11.8277401300009, "p95": 12.791351330698308, "p99": 16.200719927620234, "max": 16.752092509996146}, "Throughput": {"unit": "tokens/s", "min": 11.938807040413485, "p50": 20.289630402897902, "p90": 25.200697240715808, "p95": 26.15731108878917, "p99": 28.343192947979183, "max": 30.042603662599333}, "TTFT": {"unit": "s", "min": 0.04591070199967362, "p50": 0.4369140739981958, "p90": 1.0004842337031734, "p95": 1.2568617281478502, "p99": 1.5750216684633052, "max": 2.0300162689964054}, "TPOT": {"unit": "ms", "min": 31.28455942713108, "p50": 47.048914092954135, "p90": 55.59888129246429, "p95": 61.8241063123171, "p99": 80.23946888365498, "max": 81.93815175376466}, "Input Tokens per Minute": {"unit": "tokens/min", "min": 1112762.1463768133, "p50": 1112762.1463768133, "p90": 1112762.1463768133, "p95": 1112762.1463768133, "p99": 1112762.1463768133, "max": 1112762.1463768133}, "Output Tokens per Minute": {"unit": "tokens/min", "min": 60143.7999524968, "p50": 60143.7999524968, "p90": 60143.7999524968, "p95": 60143.7999524968, "p99": 60143.7999524968, "max": 60143.7999524968}}
{"target_qps": 5.0, "actual_qps": 4.999983618053206, "success_rate": 100.0, "input_tokens": 3799, "output_tokens": 199,