{"target_qps": 1.0, "actual_qps": 0.9999479160128852, "success_rate": 100.0, "input_tokens": 4116, "output_tokens": 197, "model": "QwQ-32B", "input_tokens_per_minute": 247015.63636363638, "output_tokens_per_minute": 11853.818181818182, "slo_seconds": 5.0, "slo_attainment": 50.90909090909091, "ttft_slo_ms": 1000, "ttft_slo_attainment": 76.36363636363637, "tpot_slo_ms": 50, "tpot_slo_attainment": 100.0, "Latency": {"unit": "s", "min": 1.4663280550012132, "p50": 4.98421991899977, "p90": 10.081217503200241, "p95": 18.155692328300482, "p99": 19.00770911899996, "max": 19.957842331999927}, "Throughput": {"unit": "tokens/s", "min": 10.021123359579045, "p50": 40.1266403269252, "p90": 47.01031521438696, "p95": 47.96317786475389, "p99": 52.36465577312291, "max": 52.88402691761874}, "TTFT": {"unit": "s", "min": 0.06439497900100832, "p50": 0.5187298450000526, "p90": 2.9739066262000056, "p95": 10.13022479950032, "p99": 11.639160384120169, "max": 12.00553781400049}, "TPOT": {"unit": "ms", "min": 18.425231437184486, "p50": 22.717791105523744, "p90": 37.28603997688655, "p95": 38.26927073014805, "p99": 40.284155798190795, "max": 40.38501600502717}, "Input Tokens per Minute": {"unit": "tokens/min", "min": 247015.63636363638, "p50": 247015.63636363638, "p90": 247015.63636363638, "p95": 247015.63636363638, "p99": 247015.63636363638, "max": 247015.63636363638}, "Output Tokens per Minute": {"unit": "tokens/min", "min": 11853.818181818182, "p50": 11853.818181818182, "p90": 11853.818181818182, "p95": 11853.818181818182, "p99": 11853.818181818182, "max": 11853.818181818182}}
{"target_qps": 1.0, "actual_qps": 0.9995934227722592, "success_rate": 100.0, "input_tokens": 4138, "output_tokens": 200, "model": "QwQ-32B", "input_tokens_per_minute": 252333.365270938, "output_tokens_per_minute": 12195.039757821562, "slo_seconds": 5.0, "slo_attainment": 75.40983606557377, "ttft_slo_ms": 1000, "ttft_slo_attainment": 100.0, "tpot_slo_ms": 50, "tpot_slo_attainment": 100.0, "Latency": {"unit": "s", "min": 3.5499691599998187, "p50": 4.652824101000078, "p90": 5.464951739999378, "p95": 5.636911940999198, "p99": 6.2278457084004915, "max": 6.31885286600118}, "Throughput": {"unit": "tokens/s", "min": 31.65131460428638, "p50": 42.984646670182954, "p90": 52.16243696264208, "p95": 54.7727021046805, "p99": 56.12253843422549, "max": 56.33851759996986}, "TTFT": {"unit": "s", "min": 0.04922198199892591, "p50": 0.4511447799995949, "p90": 0.5201883409990842, "p95": 0.5692402940003376, "p99": 0.607710043199404, "max": 0.6141515039998922}, "TPOT": {"unit": "ms", "min": 17.02319749245764, "p50": 21.31140735678425, "p90": 25.213843708545358, "p95": 26.730614321605575, "p99": 28.867349571856405, "max": 29.481076522615556}, "Input Tokens per Minute": {"unit": "tokens/min", "min": 252333.365270938, "p50": 252333.365270938, "p90": 252333.365270938, "p95": 252333.365270938, "p99": 252333.365270938, "max": 252333.365270938}, "Output Tokens per Minute": {"unit": "tokens/min", "min": 12195.039757821562, "p50": 12195.039757821562, "p90": 12195.039757821562, "p95": 12195.039757821562, "p99": 12195.039757821562, "max": 12195.039757821562}}
{"target_qps": 1.0, "actual_qps": 0.9989116248345122, "success_rate": 100.0, "input_tokens": 3805, "output_tokens": 199, "model": "QwQ-32B", "input_tokens_per_minute": 228330.5084745763, "output_tokens_per_minute": 11966.440677966102, "slo_seconds": 5.0, "slo_attainment": 86.4406779661017, "ttft_slo_ms": 1000, "ttft_slo_attainment": 98.30508474576271, "tpot_slo_ms": 50, "tpot_slo_attainment": 100.0, "Latency": {"unit": "s", "min": 3.1347810799998115, "p50": 4.4170199320014945, "p90": 5.041579478400308, "p95": 5.36151564219999, "p99": 6.407216075180186, "max": 6.524548438999773}, "Throughput": {"unit": "tokens/s", "min": 30.653462361398365, "p50": 45.279397213264, "p90": 53.99363814728713, "p95": 54.81141754483252, "p99": 56.47320781922288, "max": 56.573518003413525}, "TTFT": {"unit": "s", "min": 0.052383143000042764, "p50": 0.32688100900122663, "p90": 0.5354373166002916, "p95": 0.5502732364991969, "p99": 1.0225911938809444, "max": 1.119381370001065}, "TPOT": {"unit": "ms", "min": 17.34125281910021, "p50": 20.24011786432942, "p90": 23.780447719594182, "p95": 25.75004238040207, "p99": 30.698426926835452, "max": 31.404610974871744}, "Input Tokens per Minute": {"unit": "tokens/min", "min": 228330.5084745763, "p50": 228330.5084745763, "p90": 228330.5084745763, "p95": 228330.5084745763, "p99": 228330.5084745763, "max": 228330.5084745763}, "Output Tokens per Minute": {"unit": "tokens/min", "min": 11966.440677966102, "p50": 11966.440677966102, "p90": 11966.440677966102, "p95": 11966.440677966102, "p99": 11966.440677966102, "max": 11966.440677966102}}
{"target_qps": 1.0, "actual_qps": 0.9999829830729117, "success_rate": 100.0, "input_tokens": 4339, "output_tokens": 197, "model": "QwQ-32B", "input_tokens_per_minute": 260351.0, "output_tokens_per_minute": 11855.0, "slo_seconds": 5.0, "slo_attainment": 73.33333333333333, "ttft_slo_ms": 1000, "ttft_slo_attainment": 100.0, "tpot_slo_ms": 50, "tpot_slo_attainment": 100.0, "Latency": {"unit": "s", "min": 1.4872028569989197, "p50": 4.6287253549990055, "p90": 5.585246147400176, "p95": 5.708489969699167, "p99": 6.090302489170298, "max": 6.194400104999659}, "Throughput": {"unit": "tokens/s", "min": 32.287226625638034, "p50": 42.95061287253876, "p90": 50.32271943964668, "p95": 53.895101873110626, "p99": 55.44811038190422, "max": 55.934692148025}, "TTFT": {"unit": "s", "min": 0.043803939001008985, "p50": 0.4162039110005935, "p90": 0.4843102510998506, "p95": 0.6182916101498449, "p99": 0.8544175148893914, "max": 0.9254446819995792}, "TPOT": {"unit": "ms", "min": 17.290617507537558, "p50": 21.112517057789127, "p90": 26.214007970849533, "p95": 26.608862146481645, "p99": 28.201628234172986, "max": 28.88196867839249}, "Input Tokens per Minute": {"unit": "tokens/min", "min": 260351.0, "p50": 260351.0, "p90": 260351.0, "p95": 260351.0, "p99": 260351.0, "max": 260351.0}, "Output Tokens per Minute": {"unit": "tokens/min", "min": 11855.0, "p50": 11855.0, "p90": 11855.0, "p95": 11855.0, "p99": 11855.0, "max": 11855.0}}
{"target_qps": 1.0, "actual_qps": 0.9999954360374759, "success_rate": 100.0, "input_tokens": 3851, "output_tokens": 200, "model": "QwQ-32B", "input_tokens_per_minute": 231106.0, "output_tokens_per_minute": 12000.0, "slo_seconds": 5.0, "slo_attainment": 90.0, "ttft_slo_ms": 1000, "ttft_slo_attainment": 100.0, "tpot_slo_ms": 50, "tpot_slo_attainment": 100.0, "Latency": {"unit": "s", "min": 3.5408640219993686, "p50": 4.278167947500151, "p90": 4.991548724000313, "p95": 5.180658419850533, "p99": 5.336024899720924, "max": 5.349060649999956}, "Throughput": {"unit": "tokens/s", "min": 37.38974244010519, "p50": 46.749534886834866, "p90": 54.509915131769716, "p95": 55.40020421962928, "p99": 56.352434152329444, "max": 56.4833890139246}, "TTFT": {"unit": "s", "min": 0.03946515099960379, "p50": 0.26464783800020086, "p90": 0.47542608220064725, "p95": 0.49263170520007393, "p99": 0.6042194626396301, "max": 0.6510136630004126}, "TPOT": {"unit": "ms", "min": 17.51733081909695, "p50": 20.15195774874517, "p90": 23.216009716585845, "p95": 24.4708848381991, "p99": 25.57709950406892, "max": 25.621872472360128}, "Input Tokens per Minute": {"unit": "tokens/min", "min": 231106.0, "p50": 231106.0, "p90": 231106.0, "p95": 231106.0, "p99": 231106.0, "max": 231106.0}, "Output Tokens per Minute": {"unit": "tokens/min", "min": 12000.0, "p50": 12000.0, "p90": 12000.0, "p95": 12000.0, "p99": 12000.0, "max": 12000.0}}
{"target_qps": 1.0, "actual_qps": 0.9999866948603803, "success_rate": 100.0, "input_tokens": 4157, "output_tokens": 197, "model": "QwQ-32B", "input_tokens_per_minute": 253348.9608486532, "output_tokens_per_minute": 12021.901404883356, "slo_seconds": 5.0, "slo_attainment": 91.80327868852459, "ttft_slo_ms": 1000, "ttft_slo_attainment": 100.0, "tpot_slo_ms": 50, "tpot_slo_attainment": 100.0, "Latency": {"unit": "s", "min": 0.8921335989998624, "p50": 4.158781454998461,