{"target_qps": 5.0, "actual_qps": 4.996328976059127, "success_rate": 100.0, "input_tokens": 3965, "output_tokens": 199, "model": "QwQ-32B", "input_tokens_per_minute": 1189773.7642585551, "output_tokens_per_minute": 59869.96197718631, "slo_seconds": 5.0, "slo_attainment": 1.1406844106463878, "ttft_slo_ms": 1000, "ttft_slo_attainment": 5.7034220532319395, "tpot_slo_ms": 50, "tpot_slo_attainment": 87.07224334600761, "Latency": {"unit": "s", "min": 4.6752463539996825, "p50": 12.128860752000037, "p90": 24.592114907400358, "p95": 24.71486923639977, "p99": 24.854337187799903, "max": 37.58925199100031}, "Throughput": {"unit": "tokens/s", "min": 5.320669856582525, "p50": 16.473972276817257, "p90": 30.72045251898129, "p95": 35.68850045601085, "p99": 40.55852055732369, "max": 42.77849440573321}, "TTFT": {"unit": "s", "min": 0.11243983300118998, "p50": 6.576875525000105, "p90": 11.476881792600034, "p95": 15.085611359799975, "p99": 17.822618827880234, "max": 19.805087544000344}, "TPOT": {"unit": "ms", "min": 15.677181964825127, "p50": 29.728571793969618, "p90": 54.3272915969831, "p95": 72.86563662110574, "p99": 86.50461268894712, "max": 89.36766053768827}, "Input Tokens per Minute": {"unit": "tokens/min", "min": 1189773.7642585551, "p50": 1189773.7642585551, "p90": 1189773.7642585551, "p95": 1189773.7642585551, "p99": 1189773.7642585551, "max": 1189773.7642585551}, "Output Tokens per Minute": {"unit": "tokens/min", "min": 59869.96197718631, "p50": 59869.96197718631, "p90": 59869.96197718631, "p95": 59869.96197718631, "p99": 59869.96197718631, "max": 59869.96197718631}}
{"target_qps": 5.0, "actual_qps": 4.986420210164777, "success_rate": 100.0, "input_tokens": 3912, "output_tokens": 199, "model": "QwQ-32B", "input_tokens_per_minute": 1226974.7250108132, "output_tokens_per_minute": 62572.83684967515, "slo_seconds": 5.0, "slo_attainment": 64.98422712933754, "ttft_slo_ms": 1000, "ttft_slo_attainment": 82.96529968454259, "tpot_slo_ms": 50, "tpot_slo_attainment": 100.0, "Latency": {"unit": "s", "min": 3.580834008000238, "p50": 4.724472224001147, "p90": 6.158822904601039, "p95": 7.055246365600394, "p99": 10.898893234639896, "max": 12.236826922000546}, "Throughput": {"unit": "tokens/s", "min": 16.344106300990557, "p50": 42.25089729544158, "p90": 49.199863170389364, "p95": 51.32993729343641, "p99": 53.66801718957715, "max": 55.85291011902909}, "TTFT": {"unit": "s", "min": 0.09005615000023681, "p50": 0.5009168780015898, "p90": 1.6502318267997926, "p95": 2.8242412320010772, "p99": 6.19760795755952, "max": 7.358295898000506}, "TPOT": {"unit": "ms", "min": 16.37918925628048, "p50": 21.046521301510648, "p90": 25.04072385326523, "p95": 25.86368769145667, "p99": 27.631565196583388, "max": 28.5826744321598}, "Input Tokens per Minute": {"unit": "tokens/min", "min": 1226974.7250108132, "p50": 1226974.7250108132, "p90": 1226974.7250108132, "p95": 1226974.7250108132, "p99": 1226974.7250108132, "max": 1226974.7250108132}, "Output Tokens per Minute": {"unit": "tokens/min", "min": 62572.83684967515, "p50": 62572.83684967515, "p90": 62572.83684967515, "p95": 62572.83684967515, "p99": 62572.83684967515, "max": 62572.83684967515}}
{"target_qps": 5.0, "actual_qps": 4.985689052467588, "success_rate": 100.0, "input_tokens": 4022, "output_tokens": 198, "model": "QwQ-32B", "input_tokens_per_minute": 1206670.2341137123, "output_tokens_per_minute": 59660.86956521739, "slo_seconds": 5.0, "slo_attainment": 73.24414715719062, "ttft_slo_ms": 1000, "ttft_slo_attainment": 98.32775919732441, "tpot_slo_ms": 50, "tpot_slo_attainment": 100.0, "Latency": {"unit": "s", "min": 1.5122010170016438, "p50": 4.556005185999311, "p90": 5.590573833200688, "p95": 5.779445939899778, "p99": 6.203573830840723, "max": 6.414781475999916}, "Throughput": {"unit": "tokens/s", "min": 29.75794850953409, "p50": 43.726843669687305, "p90": 52.14469832718811, "p95": 53.126821380161175, "p99": 54.55174159509374, "max": 55.743184855075704}, "TTFT": {"unit": "s", "min": 0.08494298600089678, "p50": 0.2911985579994507, "p90": 0.6665376091994402, "p95": 0.7983278439996861, "p99": 1.0178618810797686, "max": 1.418767528000899}, "TPOT": {"unit": "ms", "min": 15.92725052764603, "p50": 20.77788149246552, "p90": 25.637260924627093, "p95": 26.827638320103333, "p99": 29.238084797684643, "max": 30.223681899500225}, "Input Tokens per Minute": {"unit": "tokens/min", "min": 1206670.2341137123, "p50": 1206670.2341137123, "p90": 1206670.2341137123, "p95": 1206670.2341137123, "p99": 1206670.2341137123, "max": 1206670.2341137123}, "Output Tokens per Minute": {"unit": "tokens/min", "min": 59660.86956521739, "p50": 59660.86956521739, "p90": 59660.86956521739, "p95": 59660.86956521739, "p99": 59660.86956521739, "max": 59660.86956521739}}
{"target_qps": 5.0, "actual_qps": 4.999912091045582, "success_rate": 100.0, "input_tokens": 3938, "output_tokens": 199, "model": "QwQ-32B", "input_tokens_per_minute": 1181479.207920792, "output_tokens_per_minute": 59730.69306930693, "slo_seconds": 5.0, "slo_attainment": 82.17821782178217, "ttft_slo_ms": 1000, "ttft_slo_attainment": 100.0, "tpot_slo_ms": 50, "tpot_slo_attainment": 100.0, "Latency": {"unit": "s", "min": 1.730892297000537, "p50": 4.334483988001011, "p90": 5.366674875000172, "p95": 5.654140804799861, "p99": 6.08863683006057, "max": 6.9788487709993205}, "Throughput": {"unit": "tokens/s", "min": 28.65802176873385, "p50": 46.09046947860262, "p90": 53.7801703710264, "p95": 54.51219862015563, "p99": 55.85606862291538, "max": 56.775398394140026}, "TTFT": {"unit": "s", "min": 0.03718220300106623, "p50": 0.208001619001152, "p90": 0.6008544740005164, "p95": 0.6926425727999229, "p99": 0.793231523920731, "max": 0.9815322190006555}, "TPOT": {"unit": "ms", "min": 16.20664979899305, "p50": 20.36672018090286, "p90": 24.969563926636663, "p95": 26.35866612160393, "p99": 28.5636614930636, "max": 30.47002044722968}, "Input Tokens per Minute": {"unit": "tokens/min", "min": 1181479.207920792, "p50": 1181479.207920792, "p90": 1181479.207920792, "p95": 1181479.207920792, "p99": 1181479.207920792, "max": 1181479.207920792}, "Output Tokens per Minute": {"unit": "tokens/min", "min": 59730.69306930693, "p50": 59730.69306930693, "p90": 59730.69306930693, "p95": 59730.69306930693, "p99": 59730.69306930693, "max": 59730.69306930693}}
{"target_qps": 5.0, "actual_qps": 4.9999571137845615, "success_rate": 100.0, "input_tokens": 3816, "output_tokens": 199, "model": "QwQ-32B", "input_tokens_per_minute": 1144849.6621621621, "output_tokens_per_minute": 59790.2027027027, "slo_seconds": 5.0, "slo_attainment": 95.6081081081081, "ttft_slo_ms": 1000, "ttft_slo_attainment": 100.0, "tpot_slo_ms": 50, "tpot_slo_attainment": 100.0, "Latency": {"unit": "s", "min": 0.7929753469998104, "p50": 4.156485408499066, "p90": 4.737814835500103, "p95": 4.982457111000258, "p99": 5.311176134749348, "max": 5.482521193000139}, "Throughput": {"unit": "tokens/s", "min": 20.177172040133833, "p50": 48.07271870171501, "p90": 54.56766638162755, "p95": 55.379511057565466, "p99": 56.53787567431326, "max": 56.9766219715063}, "TTFT": {"unit": "s", "min": 0.03379765299905557, "p50": 0.07256858550044853, "p90": 0.4590486229999442, "p95": 0.4735977202503818, "p99": 0.5447017028990558, "max": 0.6328598380005133}, "TPOT": {"unit": "ms", "min": 17.423278914577907, "p50": 19.977402728640776, "p90": 22.63320545980102, "p95": 23.620057345477054, "p99": 25.08062733115056, "max": 25.50104792461565}, "Input Tokens per Minute": {"unit": "tokens/min", "min": 1144849.6621621621, "p50": 1144849.6621621621, "p90": 1144849.6621621621, "p95": 1144849.6621621621, "p99": 1144849.6621621621, "max": 1144849.6621621621}, "Output Tokens per Minute": {"unit": "tokens/min", "min": 59790.2027027027, "p50": 59790.2027027027, "p90": 59790.2027027027, "p95": 59790.2027027027, "p99": 59790.2027027027, "max": 59790.2027027027}}
{"target_qps": 5.0, "actual_qps": 4.99997990108083, "success_rate": 100.0, "input_tokens": 3596, "output_tokens": 199, "model": "QwQ-32B", "input_tokens_per_minute": 1078806.9306930692,